2026-08-24 17:18:26,637 - telecom_app.src.data.loader - INFO - Loading data from: ../data/processed/train_data.parquet
2026-08-24 17:18:26,718 - telecom_app.src.data.loader - INFO - Loaded 8004 rows from ../data/processed/train_data.parquet
2026-08-24 17:18:26,753 - telecom_app.src.models.manager - INFO - Found existing model at: ../models/gradient_boosting_final.pkl
2026-08-24 17:18:26,783 - telecom_app.src.models.manager - INFO - Loaded existing model from: ../models/gradient_boosting_final.pkl
2026-08-24 17:21:41,569 - telecom_app.src.data.loader - INFO - Loading data from: ../data/processed/train_data.parquet
2026-08-24 17:21:41,627 - telecom_app.src.data.loader - INFO - Loaded 8004 rows from ../data/processed/train_data.parquet
2026-08-24 17:21:41,654 - telecom_app.src.models.manager - INFO - Found existing model at: ../models/gradient_boosting_final.pkl
2026-08-24 17:21:41,661 - telecom_app.src.models.manager - INFO - Loaded existing model from: ../models/gradient_boosting_final.pkl
2026-08-24 17:23:34,323 - telecom_app.src.data.loader - INFO - Loading data from: ../data/processed/train_data.parquet
2026-08-24 17:23:34,386 - telecom_app.src.data.loader - INFO - Loaded 8004 rows from ../data/processed/train_data.parquet
2026-08-24 17:23:34,412 - telecom_app.src.models.manager - INFO - Found existing model at: ../models/gradient_boosting_final.pkl
2026-08-24 17:23:34,420 - telecom_app.src.models.manager - INFO - Loaded existing model from: ../models/gradient_boosting_final.pkl
2026-08-24 17:26:36,176 - telecom_app.src.data.loader - INFO - Loading data from: ../data/processed/train_data.parquet
2026-08-24 17:26:36,237 - telecom_app.src.data.loader - INFO - Loaded 8004 rows from ../data/processed/train_data.parquet
2026-08-24 17:26:36,262 - telecom_app.src.models.manager - INFO - Found existing model at: ../models/gradient_boosting_final.pkl
2026-08-24 17:26:36,270 - telecom_app.src.models.manager - INFO - Loaded existing model from: ../models/gradient_boosting_final.pkl
2026-08-24 17:27:00,038 - telecom_app.src.models.manager - INFO - Found existing model at: ../models/gradient_boosting_final.pkl
2026-08-24 17:27:00,050 - telecom_app.src.models.manager - INFO - Loaded existing model from: ../models/gradient_boosting_final.pkl
2026-08-24 17:27:00,149 - telecom_app.src.data.processor - INFO - Prepared features: 1 rows, 13 features
2026-08-24 17:27:20,284 - telecom_app.src.models.manager - INFO - Found existing model at: ../models/gradient_boosting_final.pkl
2026-08-24 17:27:20,296 - telecom_app.src.models.manager - INFO - Loaded existing model from: ../models/gradient_boosting_final.pkl
2026-08-24 17:27:21,053 - telecom_app.src.models.manager - INFO - Found existing model at: ../models/gradient_boosting_final.pkl
2026-08-24 17:27:21,068 - telecom_app.src.models.manager - INFO - Loaded existing model from: ../models/gradient_boosting_final.pkl
2026-08-24 17:27:22,298 - telecom_app.src.models.manager - INFO - Found existing model at: ../models/gradient_boosting_final.pkl
2026-08-24 17:27:22,313 - telecom_app.src.models.manager - INFO - Loaded existing model from: ../models/gradient_boosting_final.pkl
2026-08-24 17:27:25,082 - telecom_app.src.models.manager - INFO - Found existing model at: ../models/gradient_boosting_final.pkl
2026-08-24 17:27:25,096 - telecom_app.src.models.manager - INFO - Loaded existing model from: ../models/gradient_boosting_final.pkl
2026-08-24 17:27:25,186 - telecom_app.src.data.processor - INFO - Prepared features: 1 rows, 13 features
2026-08-24 17:30:03,082 - telecom_app.src.models.manager - INFO - Found existing model at: ../models/gradient_boosting_final.pkl
2026-08-24 17:30:03,117 - telecom_app.src.models.manager - INFO - Loaded existing model from: ../models/gradient_boosting_final.pkl
2026-08-24 17:30:03,197 - telecom_app.src.data.processor - INFO - Prepared features: 1 rows, 13 features
2026-08-24 17:30:05,710 - telecom_app.src.models.manager - INFO - Found existing model at: ../models/gradient_boosting_final.pkl
2026-08-24 17:30:05,728 - telecom_app.src.models.manager - INFO - Loaded existing model from: ../models/gradient_boosting_final.pkl
2026-08-24 17:30:05,811 - telecom_app.src.data.processor - INFO - Prepared features: 1 rows, 13 features
2026-08-24 17:30:07,582 - telecom_app.src.models.manager - INFO - Found existing model at: ../models/gradient_boosting_final.pkl
2026-08-24 17:30:07,593 - telecom_app.src.models.manager - INFO - Loaded existing model from: ../models/gradient_boosting_final.pkl
2026-08-24 17:30:08,396 - telecom_app.src.models.manager - INFO - Found existing model at: ../models/gradient_boosting_final.pkl
2026-08-24 17:30:08,417 - telecom_app.src.models.manager - INFO - Loaded existing model from: ../models/gradient_boosting_final.pkl
2026-08-24 17:30:09,305 - telecom_app.src.models.manager - INFO - Found existing model at: ../models/gradient_boosting_final.pkl
2026-08-24 17:30:09,327 - telecom_app.src.models.manager - INFO - Loaded existing model from: ../models/gradient_boosting_final.pkl
2026-08-24 17:30:10,179 - telecom_app.src.models.manager - INFO - Found existing model at: ../models/gradient_boosting_final.pkl
2026-08-24 17:30:10,190 - telecom_app.src.models.manager - INFO - Loaded existing model from: ../models/gradient_boosting_final.pkl
2026-08-24 17:30:10,324 - telecom_app.src.data.processor - INFO - Prepared features: 1 rows, 13 features
2026-08-24 17:31:27,353 - telecom_app.src.data.loader - INFO - Loading data from: ../data/processed/train_data.parquet
2026-08-24 17:31:27,414 - telecom_app.src.data.loader - INFO - Loaded 8004 rows from ../data/processed/train_data.parquet
2026-08-24 17:31:27,439 - telecom_app.src.models.manager - INFO - Found existing model at: ../models/gradient_boosting_final.pkl
2026-08-24 17:31:27,446 - telecom_app.src.models.manager - INFO - Loaded existing model from: ../models/gradient_boosting_final.pkl
2026-08-24 17:35:51,946 - telecom_app.src.models.manager - INFO - Found existing model at: ../models/gradient_boosting_final.pkl
2026-08-24 17:35:51,959 - telecom_app.src.models.manager - INFO - Loaded existing model from: ../models/gradient_boosting_final.pkl
2026-08-24 18:00:01,439 - telecom_app.src.data.loader - INFO - Loading data from: ../data/processed/train_data.parquet
2026-08-24 18:00:01,523 - telecom_app.src.data.loader - INFO - Loaded 8004 rows from ../data/processed/train_data.parquet
2026-08-24 18:00:01,569 - telecom_app.src.models.manager - INFO - Found existing model at: ../models/gradient_boosting_final.pkl
2026-08-24 18:00:01,581 - telecom_app.src.models.manager - INFO - Loaded existing model from: ../models/gradient_boosting_final.pkl
2026-08-24 18:04:09,777 - telecom_app.src.models.manager - INFO - Found existing model at: ../models/gradient_boosting_final.pkl
2026-08-24 18:04:09,786 - telecom_app.src.models.manager - INFO - Loaded existing model from: ../models/gradient_boosting_final.pkl
2026-08-24 18:04:20,729 - telecom_app.src.models.manager - INFO - Found existing model at: ../models/gradient_boosting_final.pkl
2026-08-24 18:04:20,740 - telecom_app.src.models.manager - INFO - Loaded existing model from: ../models/gradient_boosting_final.pkl
2026-08-24 18:12:45,360 - telecom_app.src.models.manager - INFO - Found existing model at: ../models/gradient_boosting_final.pkl
2026-08-24 18:12:45,369 - telecom_app.src.models.manager - INFO - Loaded existing model from: ../models/gradient_boosting_final.pkl
2026-08-24 18:13:03,224 - telecom_app.src.models.manager - INFO - Found existing model at: ../models/gradient_boosting_final.pkl
2026-08-24 18:13:03,231 - telecom_app.src.models.manager - INFO - Loaded existing model from: ../models/gradient_boosting_final.pkl
2026-08-24 18:13:47,653 - telecom_app.src.models.manager - INFO - Found existing model at: ../models/gradient_boosting_final.pkl
2026-08-24 18:13:47,662 - telecom_app.src.models.manager - INFO - Loaded existing model from: ../models/gradient_boosting_final.pkl
2026-08-24 18:14:06,357 - telecom_app.src.models.manager - INFO - Found existing model at: ../models/gradient_boosting_final.pkl
2026-08-24 18:14:06,377 - telecom_app.src.models.manager - INFO - Loaded existing model from: ../models/gradient_boosting_final.pkl
2026-08-24 18:14:12,843 - telecom_app.src.models.manager - INFO - Found existing model at: ../models/gradient_boosting_final.pkl
2026-08-24 18:14:12,851 - telecom_app.src.models.manager - INFO - Loaded existing model from: ../models/gradient_boosting_final.pkl
2026-08-24 18:14:12,866 - telecom_app.src.models.manager - INFO - Starting model training...
2026-08-24 18:14:12,887 - telecom_app.src.data.processor - INFO - Prepared features: 8004 rows, 13 features
2026-08-24 18:14:12,893 - telecom_app.src.models.manager - INFO - Training on 6403 samples, testing on 1601 samples
2026-08-24 18:14:14,753 - telecom_app.src.models.manager - INFO - Model saved to ../models/ and models/
2026-08-24 18:14:14,753 - telecom_app.src.models.manager - INFO - Model trained with R²: 0.9513
2026-08-24 18:14:14,865 - telecom_app.src.models.manager - INFO - Found existing model at: ../models/gradient_boosting_final.pkl
2026-08-24 18:14:14,899 - telecom_app.src.models.manager - INFO - Loaded existing model from: ../models/gradient_boosting_final.pkl
2026-08-24 18:16:51,025 - telecom_app.src.models.manager - INFO - Found existing model at: ../models/gradient_boosting_final.pkl
2026-08-24 18:16:51,040 - telecom_app.src.models.manager - INFO - Loaded existing model from: ../models/gradient_boosting_final.pkl
2026-08-24 18:16:58,102 - telecom_app.src.models.manager - INFO - Found existing model at: ../models/gradient_boosting_final.pkl
2026-08-24 18:16:58,111 - telecom_app.src.models.manager - INFO - Loaded existing model from: ../models/gradient_boosting_final.pkl
2026-08-24 18:16:59,984 - telecom_app.src.models.manager - INFO - Found existing model at: ../models/gradient_boosting_final.pkl
2026-08-24 18:16:59,998 - telecom_app.src.models.manager - INFO - Loaded existing model from: ../models/gradient_boosting_final.pkl
2026-08-24 18:17:06,367 - telecom_app.src.models.manager - INFO - Found existing model at: ../models/gradient_boosting_final.pkl
2026-08-24 18:17:06,378 - telecom_app.src.models.manager - INFO - Loaded existing model from: ../models/gradient_boosting_final.pkl
2026-08-24 18:17:08,429 - telecom_app.src.models.manager - INFO - Found existing model at: ../models/gradient_boosting_final.pkl
2026-08-24 18:17:08,436 - telecom_app.src.models.manager - INFO - Loaded existing model from: ../models/gradient_boosting_final.pkl
2026-08-24 18:17:08,447 - telecom_app.src.models.manager - INFO - Starting model training...
2026-08-24 18:17:08,466 - telecom_app.src.data.processor - INFO - Prepared features: 8004 rows, 13 features
2026-08-24 18:17:08,470 - telecom_app.src.models.manager - INFO - Training on 6403 samples, testing on 1601 samples
2026-08-24 18:17:10,300 - telecom_app.src.models.manager - INFO - Model saved to ../models/ and models/
2026-08-24 18:17:10,301 - telecom_app.src.models.manager - INFO - Model trained with R²: 0.9513
2026-08-24 18:17:10,413 - telecom_app.src.models.manager - INFO - Found existing model at: ../models/gradient_boosting_final.pkl
2026-08-24 18:17:10,442 - telecom_app.src.models.manager - INFO - Loaded existing model from: ../models/gradient_boosting_final.pkl
2026-08-24 18:17:27,666 - telecom_app.src.models.manager - INFO - Found existing model at: ../models/gradient_boosting_final.pkl
2026-08-24 18:17:27,685 - telecom_app.src.models.manager - INFO - Loaded existing model from: ../models/gradient_boosting_final.pkl
2026-08-24 18:17:29,322 - telecom_app.src.models.manager - INFO - Found existing model at: ../models/gradient_boosting_final.pkl
2026-08-24 18:17:29,335 - telecom_app.src.models.manager - INFO - Loaded existing model from: ../models/gradient_boosting_final.pkl
2026-08-24 18:17:44,103 - telecom_app.src.models.manager - INFO - Found existing model at: ../models/gradient_boosting_final.pkl
2026-08-24 18:17:44,112 - telecom_app.src.models.manager - INFO - Loaded existing model from: ../models/gradient_boosting_final.pkl
2026-08-24 18:17:51,390 - telecom_app.src.models.manager - INFO - Found existing model at: ../models/gradient_boosting_final.pkl
2026-08-24 18:17:51,407 - telecom_app.src.models.manager - INFO - Loaded existing model from: ../models/gradient_boosting_final.pkl
2026-08-24 18:17:51,518 - telecom_app.src.data.processor - INFO - Prepared features: 1 rows, 13 features
2026-08-24 18:17:56,942 - telecom_app.src.models.manager - INFO - Found existing model at: ../models/gradient_boosting_final.pkl
2026-08-24 18:17:56,951 - telecom_app.src.models.manager - INFO - Loaded existing model from: ../models/gradient_boosting_final.pkl
2026-08-24 18:17:58,144 - telecom_app.src.models.manager - INFO - Found existing model at: ../models/gradient_boosting_final.pkl
2026-08-24 18:17:58,151 - telecom_app.src.models.manager - INFO - Loaded existing model from: ../models/gradient_boosting_final.pkl
2026-08-24 18:17:58,253 - telecom_app.src.data.processor - INFO - Prepared features: 1 rows, 13 features
2026-08-24 18:18:00,444 - telecom_app.src.models.manager - INFO - Found existing model at: ../models/gradient_boosting_final.pkl
2026-08-24 18:18:00,453 - telecom_app.src.models.manager - INFO - Loaded existing model from: ../models/gradient_boosting_final.pkl
2026-08-24 18:18:01,133 - telecom_app.src.models.manager - INFO - Found existing model at: ../models/gradient_boosting_final.pkl
2026-08-24 18:18:01,143 - telecom_app.src.models.manager - INFO - Loaded existing model from: ../models/gradient_boosting_final.pkl
2026-08-24 18:18:01,238 - telecom_app.src.data.processor - INFO - Prepared features: 1 rows, 13 features
2026-08-24 18:18:04,467 - telecom_app.src.models.manager - INFO - Found existing model at: ../models/gradient_boosting_final.pkl
2026-08-24 18:18:04,474 - telecom_app.src.models.manager - INFO - Loaded existing model from: ../models/gradient_boosting_final.pkl
2026-08-24 18:18:05,117 - telecom_app.src.models.manager - INFO - Found existing model at: ../models/gradient_boosting_final.pkl
2026-08-24 18:18:05,127 - telecom_app.src.models.manager - INFO - Loaded existing model from: ../models/gradient_boosting_final.pkl
2026-08-24 18:18:06,564 - telecom_app.src.models.manager - INFO - Found existing model at: ../models/gradient_boosting_final.pkl
2026-08-24 18:18:06,573 - telecom_app.src.models.manager - INFO - Loaded existing model from: ../models/gradient_boosting_final.pkl
2026-08-24 18:18:07,177 - telecom_app.src.models.manager - INFO - Found existing model at: ../models/gradient_boosting_final.pkl
2026-08-24 18:18:07,186 - telecom_app.src.models.manager - INFO - Loaded existing model from: ../models/gradient_boosting_final.pkl
2026-08-24 18:18:09,235 - telecom_app.src.models.manager - INFO - Found existing model at: ../models/gradient_boosting_final.pkl
2026-08-24 18:18:09,259 - telecom_app.src.models.manager - INFO - Loaded existing model from: ../models/gradient_boosting_final.pkl
2026-08-24 18:18:09,841 - telecom_app.src.models.manager - INFO - Found existing model at: ../models/gradient_boosting_final.pkl
2026-08-24 18:18:09,849 - telecom_app.src.models.manager - INFO - Loaded existing model from: ../models/gradient_boosting_final.pkl
2026-08-24 18:18:09,949 - telecom_app.src.data.processor - INFO - Prepared features: 1 rows, 13 features
2026-08-24 18:18:12,144 - telecom_app.src.models.manager - INFO - Found existing model at: ../models/gradient_boosting_final.pkl
2026-08-24 18:18:12,153 - telecom_app.src.models.manager - INFO - Loaded existing model from: ../models/gradient_boosting_final.pkl
2026-08-24 18:18:13,401 - telecom_app.src.models.manager - INFO - Found existing model at: ../models/gradient_boosting_final.pkl
2026-08-24 18:18:13,412 - telecom_app.src.models.manager - INFO - Loaded existing model from: ../models/gradient_boosting_final.pkl
2026-08-24 18:18:13,502 - telecom_app.src.data.processor - INFO - Prepared features: 1 rows, 13 features
2026-08-24 18:18:32,507 - telecom_app.src.models.manager - INFO - Found existing model at: ../models/gradient_boosting_final.pkl
2026-08-24 18:18:32,516 - telecom_app.src.models.manager - INFO - Loaded existing model from: ../models/gradient_boosting_final.pkl
2026-08-24 18:18:44,896 - telecom_app.src.models.manager - INFO - Found existing model at: ../models/gradient_boosting_final.pkl
2026-08-24 18:18:44,905 - telecom_app.src.models.manager - INFO - Loaded existing model from: ../models/gradient_boosting_final.pkl
2026-08-24 18:18:45,678 - telecom_app.src.models.manager - INFO - Found existing model at: ../models/gradient_boosting_final.pkl
2026-08-24 18:18:45,688 - telecom_app.src.models.manager - INFO - Loaded existing model from: ../models/gradient_boosting_final.pkl
2026-08-24 18:18:52,794 - telecom_app.src.models.manager - INFO - Found existing model at: ../models/gradient_boosting_final.pkl
2026-08-24 18:18:52,803 - telecom_app.src.models.manager - INFO - Loaded existing model from: ../models/gradient_boosting_final.pkl
2026-08-24 18:18:54,611 - telecom_app.src.models.manager - INFO - Found existing model at: ../models/gradient_boosting_final.pkl
2026-08-24 18:18:54,624 - telecom_app.src.models.manager - INFO - Loaded existing model from: ../models/gradient_boosting_final.pkl
2026-08-24 18:19:18,748 - telecom_app.src.models.manager - INFO - Found existing model at: ../models/gradient_boosting_final.pkl
2026-08-24 18:19:18,760 - telecom_app.src.models.manager - INFO - Loaded existing model from: ../models/gradient_boosting_final.pkl
2026-08-25 11:34:11,868 - telecom_app.src.data.loader - INFO - Loading data from: ../data/processed/train_data.parquet
2026-08-25 11:34:12,676 - telecom_app.src.data.loader - INFO - Loaded 8004 rows from ../data/processed/train_data.parquet
2026-08-25 11:34:12,717 - telecom_app.src.models.manager - INFO - Found existing model at: ../models/gradient_boosting_final.pkl
2026-08-25 11:34:12,795 - telecom_app.src.models.manager - INFO - Loaded existing model from: ../models/gradient_boosting_final.pkl
2026-08-25 11:34:42,632 - telecom_app.src.models.manager - INFO - Found existing model at: ../models/gradient_boosting_final.pkl
2026-08-25 11:34:42,646 - telecom_app.src.models.manager - INFO - Loaded existing model from: ../models/gradient_boosting_final.pkl
2026-08-25 11:34:49,203 - telecom_app.src.models.manager - INFO - Found existing model at: ../models/gradient_boosting_final.pkl
2026-08-25 11:34:49,211 - telecom_app.src.models.manager - INFO - Loaded existing model from: ../models/gradient_boosting_final.pkl
2026-08-25 11:34:51,036 - telecom_app.src.models.manager - INFO - Found existing model at: ../models/gradient_boosting_final.pkl
2026-08-25 11:34:51,043 - telecom_app.src.models.manager - INFO - Loaded existing model from: ../models/gradient_boosting_final.pkl
2026-08-25 11:34:51,140 - telecom_app.src.data.processor - INFO - Prepared features: 1 rows, 13 features
2026-08-25 11:34:54,707 - telecom_app.src.models.manager - INFO - Found existing model at: ../models/gradient_boosting_final.pkl
2026-08-25 11:34:54,716 - telecom_app.src.models.manager - INFO - Loaded existing model from: ../models/gradient_boosting_final.pkl
2026-08-25 11:34:55,616 - telecom_app.src.models.manager - INFO - Found existing model at: ../models/gradient_boosting_final.pkl
2026-08-25 11:34:55,627 - telecom_app.src.models.manager - INFO - Loaded existing model from: ../models/gradient_boosting_final.pkl
2026-08-25 11:34:56,595 - telecom_app.src.models.manager - INFO - Found existing model at: ../models/gradient_boosting_final.pkl
2026-08-25 11:34:56,603 - telecom_app.src.models.manager - INFO - Loaded existing model from: ../models/gradient_boosting_final.pkl
2026-08-25 11:34:56,700 - telecom_app.src.data.processor - INFO - Prepared features: 1 rows, 13 features
2026-08-25 11:34:59,639 - telecom_app.src.models.manager - INFO - Found existing model at: ../models/gradient_boosting_final.pkl
2026-08-25 11:34:59,648 - telecom_app.src.models.manager - INFO - Loaded existing model from: ../models/gradient_boosting_final.pkl
2026-08-25 11:35:00,718 - telecom_app.src.models.manager - INFO - Found existing model at: ../models/gradient_boosting_final.pkl
2026-08-25 11:35:00,730 - telecom_app.src.models.manager - INFO - Loaded existing model from: ../models/gradient_boosting_final.pkl
2026-08-25 11:35:01,593 - telecom_app.src.models.manager - INFO - Found existing model at: ../models/gradient_boosting_final.pkl
2026-08-25 11:35:01,601 - telecom_app.src.models.manager - INFO - Loaded existing model from: ../models/gradient_boosting_final.pkl
2026-08-25 11:35:01,703 - telecom_app.src.data.processor - INFO - Prepared features: 1 rows, 13 features
2026-08-25 11:35:05,290 - telecom_app.src.models.manager - INFO - Found existing model at: ../models/gradient_boosting_final.pkl
2026-08-25 11:35:05,298 - telecom_app.src.models.manager - INFO - Loaded existing model from: ../models/gradient_boosting_final.pkl
2026-08-25 11:35:06,340 - telecom_app.src.models.manager - INFO - Found existing model at: ../models/gradient_boosting_final.pkl
2026-08-25 11:35:06,348 - telecom_app.src.models.manager - INFO - Loaded existing model from: ../models/gradient_boosting_final.pkl
2026-08-25 11:35:07,214 - telecom_app.src.models.manager - INFO - Found existing model at: ../models/gradient_boosting_final.pkl
2026-08-25 11:35:07,222 - telecom_app.src.models.manager - INFO - Loaded existing model from: ../models/gradient_boosting_final.pkl
2026-08-25 11:35:07,309 - telecom_app.src.data.processor - INFO - Prepared features: 1 rows, 13 features
2026-08-25 11:35:09,492 - telecom_app.src.models.manager - INFO - Found existing model at: ../models/gradient_boosting_final.pkl
2026-08-25 11:35:09,502 - telecom_app.src.models.manager - INFO - Loaded existing model from: ../models/gradient_boosting_final.pkl
2026-08-25 11:35:10,634 - telecom_app.src.models.manager - INFO - Found existing model at: ../models/gradient_boosting_final.pkl
2026-08-25 11:35:10,641 - telecom_app.src.models.manager - INFO - Loaded existing model from: ../models/gradient_boosting_final.pkl
2026-08-25 11:35:10,731 - telecom_app.src.data.processor - INFO - Prepared features: 1 rows, 13 features
2026-08-25 11:35:30,694 - telecom_app.src.models.manager - INFO - Found existing model at: ../models/gradient_boosting_final.pkl
2026-08-25 11:35:30,706 - telecom_app.src.models.manager - INFO - Loaded existing model from: ../models/gradient_boosting_final.pkl
2026-08-31 17:59:27,743 - telecom_app.src.utils.report_generator - WARNING - WeasyPrint is installed but missing dependencies: cannot load library 'libgobject-2.0-0': error 0x7e.  Additionally, ctypes.util.find_library() did not manage to locate a library called 'libgobject-2.0-0'
2026-08-31 17:59:27,756 - telecom_app.src.utils.report_generator - WARNING - Install GTK from: https://github.com/tschoonj/GTK-for-Windows-Runtime-Environment-Installer/releases
2026-08-31 17:59:27,768 - telecom_app.src.utils.report_generator - INFO - pdfkit is available
2026-08-31 17:59:27,772 - telecom_app.src.utils.report_generator - INFO - ReportLab is available
2026-08-31 17:59:27,807 - telecom_app.src.models.manager - INFO - Project directory: G:\Study\DATA SCINCE\PROJECTS\POTFOLIO\telecom-consumption-intelligence
2026-08-31 17:59:27,807 - telecom_app.src.models.manager - INFO - Models directory: G:\Study\DATA SCINCE\PROJECTS\POTFOLIO\telecom-consumption-intelligence\models
2026-08-31 17:59:28,470 - telecom_app.src.data.loader - INFO - Loading data from: G:\Study\DATA SCINCE\PROJECTS\POTFOLIO\telecom-consumption-intelligence\data\processed\train_data.parquet
2026-08-31 17:59:28,529 - telecom_app.src.data.loader - INFO - Loaded 8004 rows from G:\Study\DATA SCINCE\PROJECTS\POTFOLIO\telecom-consumption-intelligence\data\processed\train_data.parquet
2026-08-31 17:59:28,563 - telecom_app.src.models.manager - INFO - Checking models directory: G:\Study\DATA SCINCE\PROJECTS\POTFOLIO\telecom-consumption-intelligence\models
2026-08-31 17:59:28,563 - telecom_app.src.models.manager - INFO - Found model in project models directory: G:\Study\DATA SCINCE\PROJECTS\POTFOLIO\telecom-consumption-intelligence\models\gradient_boosting_final.pkl
2026-08-31 17:59:28,563 - telecom_app.src.models.manager - INFO - Loading model from: G:\Study\DATA SCINCE\PROJECTS\POTFOLIO\telecom-consumption-intelligence\models\gradient_boosting_final.pkl
2026-08-31 17:59:28,570 - telecom_app.src.models.manager - INFO - Loaded existing model successfully
2026-08-31 17:59:28,571 - telecom_app.src.models.manager - INFO - Model R²: 0.9512689659632382
2026-08-31 17:59:32,039 - telecom_app.src.data.processor - INFO - Prepared features: 8004 rows, 13 features
2026-08-31 17:59:32,047 - telecom_app.src.models.explainer - INFO - SHAP explainer created successfully
2026-08-31 17:59:32,048 - telecom_app.__main__ - INFO - SHAP explainer created: True
2026-08-31 18:02:40,114 - telecom_app.src.models.manager - INFO - Project directory: G:\Study\DATA SCINCE\PROJECTS\POTFOLIO\telecom-consumption-intelligence
2026-08-31 18:02:40,115 - telecom_app.src.models.manager - INFO - Models directory: G:\Study\DATA SCINCE\PROJECTS\POTFOLIO\telecom-consumption-intelligence\models
2026-08-31 18:02:40,169 - telecom_app.src.models.manager - INFO - Checking models directory: G:\Study\DATA SCINCE\PROJECTS\POTFOLIO\telecom-consumption-intelligence\models
2026-08-31 18:02:40,171 - telecom_app.src.models.manager - INFO - Found model in project models directory: G:\Study\DATA SCINCE\PROJECTS\POTFOLIO\telecom-consumption-intelligence\models\gradient_boosting_final.pkl
2026-08-31 18:02:40,171 - telecom_app.src.models.manager - INFO - Loading model from: G:\Study\DATA SCINCE\PROJECTS\POTFOLIO\telecom-consumption-intelligence\models\gradient_boosting_final.pkl
2026-08-31 18:02:40,192 - telecom_app.src.models.manager - INFO - Loaded existing model successfully
2026-08-31 18:02:40,192 - telecom_app.src.models.manager - INFO - Model R²: 0.9512689659632382
2026-08-31 18:02:40,218 - telecom_app.src.data.processor - INFO - Prepared features: 8004 rows, 13 features
2026-08-31 18:02:40,229 - telecom_app.src.models.explainer - INFO - SHAP explainer created successfully
2026-08-31 18:02:40,229 - telecom_app.__main__ - INFO - SHAP explainer created: True
2026-08-31 18:02:40,379 - telecom_app.src.models.manager - INFO - Project directory: G:\Study\DATA SCINCE\PROJECTS\POTFOLIO\telecom-consumption-intelligence
2026-08-31 18:02:40,380 - telecom_app.src.models.manager - INFO - Models directory: G:\Study\DATA SCINCE\PROJECTS\POTFOLIO\telecom-consumption-intelligence\models
2026-08-31 18:02:40,404 - telecom_app.src.models.manager - INFO - Checking models directory: G:\Study\DATA SCINCE\PROJECTS\POTFOLIO\telecom-consumption-intelligence\models
2026-08-31 18:02:40,404 - telecom_app.src.models.manager - INFO - Found model in project models directory: G:\Study\DATA SCINCE\PROJECTS\POTFOLIO\telecom-consumption-intelligence\models\gradient_boosting_final.pkl
2026-08-31 18:02:40,405 - telecom_app.src.models.manager - INFO - Loading model from: G:\Study\DATA SCINCE\PROJECTS\POTFOLIO\telecom-consumption-intelligence\models\gradient_boosting_final.pkl
2026-08-31 18:02:40,414 - telecom_app.src.models.manager - INFO - Loaded existing model successfully
2026-08-31 18:02:40,414 - telecom_app.src.models.manager - INFO - Model R²: 0.9512689659632382
2026-08-31 18:02:40,432 - telecom_app.src.data.processor - INFO - Prepared features: 8004 rows, 13 features
2026-08-31 18:02:40,439 - telecom_app.src.models.explainer - INFO - SHAP explainer created successfully
2026-08-31 18:02:40,440 - telecom_app.__main__ - INFO - SHAP explainer created: True
2026-08-31 18:02:41,188 - telecom_app.src.models.manager - INFO - Project directory: G:\Study\DATA SCINCE\PROJECTS\POTFOLIO\telecom-consumption-intelligence
2026-08-31 18:02:41,189 - telecom_app.src.models.manager - INFO - Models directory: G:\Study\DATA SCINCE\PROJECTS\POTFOLIO\telecom-consumption-intelligence\models
2026-08-31 18:02:41,213 - telecom_app.src.models.manager - INFO - Checking models directory: G:\Study\DATA SCINCE\PROJECTS\POTFOLIO\telecom-consumption-intelligence\models
2026-08-31 18:02:41,213 - telecom_app.src.models.manager - INFO - Found model in project models directory: G:\Study\DATA SCINCE\PROJECTS\POTFOLIO\telecom-consumption-intelligence\models\gradient_boosting_final.pkl
2026-08-31 18:02:41,214 - telecom_app.src.models.manager - INFO - Loading model from: G:\Study\DATA SCINCE\PROJECTS\POTFOLIO\telecom-consumption-intelligence\models\gradient_boosting_final.pkl
2026-08-31 18:02:41,223 - telecom_app.src.models.manager - INFO - Loaded existing model successfully
2026-08-31 18:02:41,223 - telecom_app.src.models.manager - INFO - Model R²: 0.9512689659632382
2026-08-31 18:02:41,243 - telecom_app.src.data.processor - INFO - Prepared features: 8004 rows, 13 features
2026-08-31 18:02:41,254 - telecom_app.src.models.explainer - INFO - SHAP explainer created successfully
2026-08-31 18:02:41,255 - telecom_app.__main__ - INFO - SHAP explainer created: True
2026-08-31 18:02:41,374 - telecom_app.src.models.manager - INFO - Project directory: G:\Study\DATA SCINCE\PROJECTS\POTFOLIO\telecom-consumption-intelligence
2026-08-31 18:02:41,375 - telecom_app.src.models.manager - INFO - Models directory: G:\Study\DATA SCINCE\PROJECTS\POTFOLIO\telecom-consumption-intelligence\models
2026-08-31 18:02:41,400 - telecom_app.src.models.manager - INFO - Checking models directory: G:\Study\DATA SCINCE\PROJECTS\POTFOLIO\telecom-consumption-intelligence\models
2026-08-31 18:02:41,401 - telecom_app.src.models.manager - INFO - Found model in project models directory: G:\Study\DATA SCINCE\PROJECTS\POTFOLIO\telecom-consumption-intelligence\models\gradient_boosting_final.pkl
2026-08-31 18:02:41,401 - telecom_app.src.models.manager - INFO - Loading model from: G:\Study\DATA SCINCE\PROJECTS\POTFOLIO\telecom-consumption-intelligence\models\gradient_boosting_final.pkl
2026-08-31 18:02:41,440 - telecom_app.src.models.manager - INFO - Loaded existing model successfully
2026-08-31 18:02:41,446 - telecom_app.src.models.manager - INFO - Model R²: 0.9512689659632382
2026-08-31 18:02:41,473 - telecom_app.src.data.processor - INFO - Prepared features: 8004 rows, 13 features
2026-08-31 18:02:41,489 - telecom_app.src.models.explainer - INFO - SHAP explainer created successfully
2026-08-31 18:02:41,489 - telecom_app.__main__ - INFO - SHAP explainer created: True
2026-08-31 18:02:42,906 - telecom_app.src.models.manager - INFO - Project directory: G:\Study\DATA SCINCE\PROJECTS\POTFOLIO\telecom-consumption-intelligence
2026-08-31 18:02:42,906 - telecom_app.src.models.manager - INFO - Models directory: G:\Study\DATA SCINCE\PROJECTS\POTFOLIO\telecom-consumption-intelligence\models
2026-08-31 18:02:42,942 - telecom_app.src.models.manager - INFO - Checking models directory: G:\Study\DATA SCINCE\PROJECTS\POTFOLIO\telecom-consumption-intelligence\models
2026-08-31 18:02:42,943 - telecom_app.src.models.manager - INFO - Found model in project models directory: G:\Study\DATA SCINCE\PROJECTS\POTFOLIO\telecom-consumption-intelligence\models\gradient_boosting_final.pkl
2026-08-31 18:02:42,943 - telecom_app.src.models.manager - INFO - Loading model from: G:\Study\DATA SCINCE\PROJECTS\POTFOLIO\telecom-consumption-intelligence\models\gradient_boosting_final.pkl
2026-08-31 18:02:42,951 - telecom_app.src.models.manager - INFO - Loaded existing model successfully
2026-08-31 18:02:42,951 - telecom_app.src.models.manager - INFO - Model R²: 0.9512689659632382
2026-08-31 18:02:42,969 - telecom_app.src.data.processor - INFO - Prepared features: 8004 rows, 13 features
2026-08-31 18:02:42,979 - telecom_app.src.models.explainer - INFO - SHAP explainer created successfully
2026-08-31 18:02:42,980 - telecom_app.__main__ - INFO - SHAP explainer created: True
2026-08-31 18:02:43,112 - telecom_app.src.models.manager - INFO - Project directory: G:\Study\DATA SCINCE\PROJECTS\POTFOLIO\telecom-consumption-intelligence
2026-08-31 18:02:43,114 - telecom_app.src.models.manager - INFO - Models directory: G:\Study\DATA SCINCE\PROJECTS\POTFOLIO\telecom-consumption-intelligence\models
2026-08-31 18:02:43,150 - telecom_app.src.models.manager - INFO - Checking models directory: G:\Study\DATA SCINCE\PROJECTS\POTFOLIO\telecom-consumption-intelligence\models
2026-08-31 18:02:43,150 - telecom_app.src.models.manager - INFO - Found model in project models directory: G:\Study\DATA SCINCE\PROJECTS\POTFOLIO\telecom-consumption-intelligence\models\gradient_boosting_final.pkl
2026-08-31 18:02:43,151 - telecom_app.src.models.manager - INFO - Loading model from: G:\Study\DATA SCINCE\PROJECTS\POTFOLIO\telecom-consumption-intelligence\models\gradient_boosting_final.pkl
2026-08-31 18:02:43,162 - telecom_app.src.models.manager - INFO - Loaded existing model successfully
2026-08-31 18:02:43,162 - telecom_app.src.models.manager - INFO - Model R²: 0.9512689659632382
2026-08-31 18:02:43,186 - telecom_app.src.data.processor - INFO - Prepared features: 8004 rows, 13 features
2026-08-31 18:02:43,201 - telecom_app.src.models.explainer - INFO - SHAP explainer created successfully
2026-08-31 18:02:43,202 - telecom_app.__main__ - INFO - SHAP explainer created: True
2026-08-31 18:02:44,017 - telecom_app.src.models.manager - INFO - Project directory: G:\Study\DATA SCINCE\PROJECTS\POTFOLIO\telecom-consumption-intelligence
2026-08-31 18:02:44,018 - telecom_app.src.models.manager - INFO - Models directory: G:\Study\DATA SCINCE\PROJECTS\POTFOLIO\telecom-consumption-intelligence\models
2026-08-31 18:02:44,054 - telecom_app.src.models.manager - INFO - Checking models directory: G:\Study\DATA SCINCE\PROJECTS\POTFOLIO\telecom-consumption-intelligence\models
2026-08-31 18:02:44,054 - telecom_app.src.models.manager - INFO - Found model in project models directory: G:\Study\DATA SCINCE\PROJECTS\POTFOLIO\telecom-consumption-intelligence\models\gradient_boosting_final.pkl
2026-08-31 18:02:44,054 - telecom_app.src.models.manager - INFO - Loading model from: G:\Study\DATA SCINCE\PROJECTS\POTFOLIO\telecom-consumption-intelligence\models\gradient_boosting_final.pkl
2026-08-31 18:02:44,061 - telecom_app.src.models.manager - INFO - Loaded existing model successfully
2026-08-31 18:02:44,061 - telecom_app.src.models.manager - INFO - Model R²: 0.9512689659632382
2026-08-31 18:02:44,080 - telecom_app.src.data.processor - INFO - Prepared features: 8004 rows, 13 features
2026-08-31 18:02:44,090 - telecom_app.src.models.explainer - INFO - SHAP explainer created successfully
2026-08-31 18:02:44,091 - telecom_app.__main__ - INFO - SHAP explainer created: True
2026-08-31 18:02:44,229 - telecom_app.src.models.manager - INFO - Project directory: G:\Study\DATA SCINCE\PROJECTS\POTFOLIO\telecom-consumption-intelligence
2026-08-31 18:02:44,230 - telecom_app.src.models.manager - INFO - Models directory: G:\Study\DATA SCINCE\PROJECTS\POTFOLIO\telecom-consumption-intelligence\models
2026-08-31 18:02:44,264 - telecom_app.src.models.manager - INFO - Checking models directory: G:\Study\DATA SCINCE\PROJECTS\POTFOLIO\telecom-consumption-intelligence\models
2026-08-31 18:02:44,264 - telecom_app.src.models.manager - INFO - Found model in project models directory: G:\Study\DATA SCINCE\PROJECTS\POTFOLIO\telecom-consumption-intelligence\models\gradient_boosting_final.pkl
2026-08-31 18:02:44,264 - telecom_app.src.models.manager - INFO - Loading model from: G:\Study\DATA SCINCE\PROJECTS\POTFOLIO\telecom-consumption-intelligence\models\gradient_boosting_final.pkl
2026-08-31 18:02:44,276 - telecom_app.src.models.manager - INFO - Loaded existing model successfully
2026-08-31 18:02:44,277 - telecom_app.src.models.manager - INFO - Model R²: 0.9512689659632382
2026-08-31 18:02:44,300 - telecom_app.src.data.processor - INFO - Prepared features: 8004 rows, 13 features
2026-08-31 18:02:44,312 - telecom_app.src.models.explainer - INFO - SHAP explainer created successfully
2026-08-31 18:02:44,313 - telecom_app.__main__ - INFO - SHAP explainer created: True
2026-08-31 18:17:22,282 - telecom_app.src.utils.report_generator - WARNING - WeasyPrint is installed but missing dependencies: cannot load library 'libgobject-2.0-0': error 0x7e.  Additionally, ctypes.util.find_library() did not manage to locate a library called 'libgobject-2.0-0'
2026-08-31 18:17:22,282 - telecom_app.src.utils.report_generator - WARNING - Install GTK from: https://github.com/tschoonj/GTK-for-Windows-Runtime-Environment-Installer/releases
2026-08-31 18:17:22,289 - telecom_app.src.utils.report_generator - INFO - pdfkit is available
2026-08-31 18:17:22,293 - telecom_app.src.utils.report_generator - INFO - ReportLab is available
2026-08-31 18:17:22,297 - telecom_app.src.models.manager - INFO - Project directory: G:\Study\DATA SCINCE\PROJECTS\POTFOLIO\telecom-consumption-intelligence
2026-08-31 18:17:22,298 - telecom_app.src.models.manager - INFO - Models directory: G:\Study\DATA SCINCE\PROJECTS\POTFOLIO\telecom-consumption-intelligence\models
2026-08-31 18:17:22,900 - telecom_app.src.data.loader - INFO - Loading data from: G:\Study\DATA SCINCE\PROJECTS\POTFOLIO\telecom-consumption-intelligence\data\processed\train_data.parquet
2026-08-31 18:17:22,986 - telecom_app.src.data.loader - INFO - Loaded 8004 rows from G:\Study\DATA SCINCE\PROJECTS\POTFOLIO\telecom-consumption-intelligence\data\processed\train_data.parquet
2026-08-31 18:17:23,029 - telecom_app.src.models.manager - INFO - Checking models directory: G:\Study\DATA SCINCE\PROJECTS\POTFOLIO\telecom-consumption-intelligence\models
2026-08-31 18:17:23,029 - telecom_app.src.models.manager - INFO - Found model in project models directory: G:\Study\DATA SCINCE\PROJECTS\POTFOLIO\telecom-consumption-intelligence\models\gradient_boosting_final.pkl
2026-08-31 18:17:23,029 - telecom_app.src.models.manager - INFO - Loading model from: G:\Study\DATA SCINCE\PROJECTS\POTFOLIO\telecom-consumption-intelligence\models\gradient_boosting_final.pkl
2026-08-31 18:17:23,037 - telecom_app.src.models.manager - INFO - Loaded existing model successfully
2026-08-31 18:17:23,037 - telecom_app.src.models.manager - INFO - Model R²: 0.9512689659632382
2026-08-31 18:17:24,080 - telecom_app.src.models.manager - INFO - Project directory: G:\Study\DATA SCINCE\PROJECTS\POTFOLIO\telecom-consumption-intelligence
2026-08-31 18:17:24,082 - telecom_app.src.models.manager - INFO - Models directory: G:\Study\DATA SCINCE\PROJECTS\POTFOLIO\telecom-consumption-intelligence\models
2026-08-31 18:17:24,160 - telecom_app.src.models.manager - INFO - Checking models directory: G:\Study\DATA SCINCE\PROJECTS\POTFOLIO\telecom-consumption-intelligence\models
2026-08-31 18:17:24,164 - telecom_app.src.models.manager - INFO - Found model in project models directory: G:\Study\DATA SCINCE\PROJECTS\POTFOLIO\telecom-consumption-intelligence\models\gradient_boosting_final.pkl
2026-08-31 18:17:24,164 - telecom_app.src.models.manager - INFO - Loading model from: G:\Study\DATA SCINCE\PROJECTS\POTFOLIO\telecom-consumption-intelligence\models\gradient_boosting_final.pkl
2026-08-31 18:17:24,177 - telecom_app.src.models.manager - INFO - Loaded existing model successfully
2026-08-31 18:17:24,178 - telecom_app.src.models.manager - INFO - Model R²: 0.9512689659632382
2026-08-31 18:17:25,309 - telecom_app.src.data.processor - INFO - Prepared features: 8004 rows, 13 features
2026-08-31 18:17:25,309 - telecom_app.src.data.processor - INFO - Prepared features: 8004 rows, 13 features
2026-08-31 18:17:25,324 - telecom_app.src.models.explainer - INFO - SHAP explainer created successfully
2026-08-31 18:17:25,326 - telecom_app.src.models.explainer - INFO - SHAP explainer created successfully
2026-08-31 18:17:25,327 - telecom_app.__main__ - INFO - SHAP explainer created: True
2026-08-31 18:17:25,327 - telecom_app.__main__ - INFO - SHAP explainer created: True
2026-08-31 18:17:46,006 - telecom_app.src.models.manager - INFO - Project directory: G:\Study\DATA SCINCE\PROJECTS\POTFOLIO\telecom-consumption-intelligence
2026-08-31 18:17:46,007 - telecom_app.src.models.manager - INFO - Models directory: G:\Study\DATA SCINCE\PROJECTS\POTFOLIO\telecom-consumption-intelligence\models
2026-08-31 18:17:46,043 - telecom_app.src.models.manager - INFO - Checking models directory: G:\Study\DATA SCINCE\PROJECTS\POTFOLIO\telecom-consumption-intelligence\models
2026-08-31 18:17:46,044 - telecom_app.src.models.manager - INFO - Found model in project models directory: G:\Study\DATA SCINCE\PROJECTS\POTFOLIO\telecom-consumption-intelligence\models\gradient_boosting_final.pkl
2026-08-31 18:17:46,044 - telecom_app.src.models.manager - INFO - Loading model from: G:\Study\DATA SCINCE\PROJECTS\POTFOLIO\telecom-consumption-intelligence\models\gradient_boosting_final.pkl
2026-08-31 18:17:46,052 - telecom_app.src.models.manager - INFO - Loaded existing model successfully
2026-08-31 18:17:46,052 - telecom_app.src.models.manager - INFO - Model R²: 0.9512689659632382
2026-08-31 18:17:46,070 - telecom_app.src.data.processor - INFO - Prepared features: 8004 rows, 13 features
2026-08-31 18:17:46,077 - telecom_app.src.models.explainer - INFO - SHAP explainer created successfully
2026-08-31 18:17:46,078 - telecom_app.__main__ - INFO - SHAP explainer created: True
2026-08-31 18:18:23,912 - telecom_app.src.models.manager - INFO - Project directory: G:\Study\DATA SCINCE\PROJECTS\POTFOLIO\telecom-consumption-intelligence
2026-08-31 18:18:23,912 - telecom_app.src.models.manager - INFO - Models directory: G:\Study\DATA SCINCE\PROJECTS\POTFOLIO\telecom-consumption-intelligence\models
2026-08-31 18:18:23,951 - telecom_app.src.models.manager - INFO - Checking models directory: G:\Study\DATA SCINCE\PROJECTS\POTFOLIO\telecom-consumption-intelligence\models
2026-08-31 18:18:23,951 - telecom_app.src.models.manager - INFO - Found model in project models directory: G:\Study\DATA SCINCE\PROJECTS\POTFOLIO\telecom-consumption-intelligence\models\gradient_boosting_final.pkl
2026-08-31 18:18:23,952 - telecom_app.src.models.manager - INFO - Loading model from: G:\Study\DATA SCINCE\PROJECTS\POTFOLIO\telecom-consumption-intelligence\models\gradient_boosting_final.pkl
2026-08-31 18:18:23,960 - telecom_app.src.models.manager - INFO - Loaded existing model successfully
2026-08-31 18:18:23,961 - telecom_app.src.models.manager - INFO - Model R²: 0.9512689659632382
2026-08-31 18:18:23,980 - telecom_app.src.data.processor - INFO - Prepared features: 8004 rows, 13 features
2026-08-31 18:18:23,993 - telecom_app.src.models.explainer - INFO - SHAP explainer created successfully
2026-08-31 18:18:23,994 - telecom_app.__main__ - INFO - SHAP explainer created: True
2026-08-31 18:18:25,361 - telecom_app.src.models.manager - INFO - Project directory: G:\Study\DATA SCINCE\PROJECTS\POTFOLIO\telecom-consumption-intelligence
2026-08-31 18:18:25,362 - telecom_app.src.models.manager - INFO - Models directory: G:\Study\DATA SCINCE\PROJECTS\POTFOLIO\telecom-consumption-intelligence\models
2026-08-31 18:18:25,395 - telecom_app.src.models.manager - INFO - Checking models directory: G:\Study\DATA SCINCE\PROJECTS\POTFOLIO\telecom-consumption-intelligence\models
2026-08-31 18:18:25,396 - telecom_app.src.models.manager - INFO - Found model in project models directory: G:\Study\DATA SCINCE\PROJECTS\POTFOLIO\telecom-consumption-intelligence\models\gradient_boosting_final.pkl
2026-08-31 18:18:25,396 - telecom_app.src.models.manager - INFO - Loading model from: G:\Study\DATA SCINCE\PROJECTS\POTFOLIO\telecom-consumption-intelligence\models\gradient_boosting_final.pkl
2026-08-31 18:18:25,405 - telecom_app.src.models.manager - INFO - Loaded existing model successfully
2026-08-31 18:18:25,406 - telecom_app.src.models.manager - INFO - Model R²: 0.9512689659632382
2026-08-31 18:18:25,424 - telecom_app.src.data.processor - INFO - Prepared features: 8004 rows, 13 features
2026-08-31 18:18:25,434 - telecom_app.src.models.explainer - INFO - SHAP explainer created successfully
2026-08-31 18:18:25,434 - telecom_app.__main__ - INFO - SHAP explainer created: True
2026-08-31 18:18:55,167 - telecom_app.src.models.manager - INFO - Project directory: G:\Study\DATA SCINCE\PROJECTS\POTFOLIO\telecom-consumption-intelligence
2026-08-31 18:18:55,168 - telecom_app.src.models.manager - INFO - Models directory: G:\Study\DATA SCINCE\PROJECTS\POTFOLIO\telecom-consumption-intelligence\models
2026-08-31 18:18:55,204 - telecom_app.src.models.manager - INFO - Checking models directory: G:\Study\DATA SCINCE\PROJECTS\POTFOLIO\telecom-consumption-intelligence\models
2026-08-31 18:18:55,205 - telecom_app.src.models.manager - INFO - Found model in project models directory: G:\Study\DATA SCINCE\PROJECTS\POTFOLIO\telecom-consumption-intelligence\models\gradient_boosting_final.pkl
2026-08-31 18:18:55,205 - telecom_app.src.models.manager - INFO - Loading model from: G:\Study\DATA SCINCE\PROJECTS\POTFOLIO\telecom-consumption-intelligence\models\gradient_boosting_final.pkl
2026-08-31 18:18:55,213 - telecom_app.src.models.manager - INFO - Loaded existing model successfully
2026-08-31 18:18:55,213 - telecom_app.src.models.manager - INFO - Model R²: 0.9512689659632382
2026-08-31 18:18:55,227 - telecom_app.src.data.processor - INFO - Prepared features: 8004 rows, 13 features
2026-08-31 18:18:55,236 - telecom_app.src.models.explainer - INFO - SHAP explainer created successfully
2026-08-31 18:18:55,237 - telecom_app.__main__ - INFO - SHAP explainer created: True
2026-08-31 18:18:56,720 - telecom_app.src.models.manager - INFO - Project directory: G:\Study\DATA SCINCE\PROJECTS\POTFOLIO\telecom-consumption-intelligence
2026-08-31 18:18:56,721 - telecom_app.src.models.manager - INFO - Models directory: G:\Study\DATA SCINCE\PROJECTS\POTFOLIO\telecom-consumption-intelligence\models
2026-08-31 18:18:56,752 - telecom_app.src.models.manager - INFO - Checking models directory: G:\Study\DATA SCINCE\PROJECTS\POTFOLIO\telecom-consumption-intelligence\models
2026-08-31 18:18:56,752 - telecom_app.src.models.manager - INFO - Found model in project models directory: G:\Study\DATA SCINCE\PROJECTS\POTFOLIO\telecom-consumption-intelligence\models\gradient_boosting_final.pkl
2026-08-31 18:18:56,753 - telecom_app.src.models.manager - INFO - Loading model from: G:\Study\DATA SCINCE\PROJECTS\POTFOLIO\telecom-consumption-intelligence\models\gradient_boosting_final.pkl
2026-08-31 18:18:56,765 - telecom_app.src.models.manager - INFO - Loaded existing model successfully
2026-08-31 18:18:56,765 - telecom_app.src.models.manager - INFO - Model R²: 0.9512689659632382
2026-08-31 18:18:56,784 - telecom_app.src.data.processor - INFO - Prepared features: 8004 rows, 13 features
2026-08-31 18:18:56,794 - telecom_app.src.models.explainer - INFO - SHAP explainer created successfully
2026-08-31 18:18:56,795 - telecom_app.__main__ - INFO - SHAP explainer created: True
2026-08-31 18:19:12,986 - telecom_app.src.models.manager - INFO - Project directory: G:\Study\DATA SCINCE\PROJECTS\POTFOLIO\telecom-consumption-intelligence
2026-08-31 18:19:12,986 - telecom_app.src.models.manager - INFO - Models directory: G:\Study\DATA SCINCE\PROJECTS\POTFOLIO\telecom-consumption-intelligence\models
2026-08-31 18:19:13,020 - telecom_app.src.models.manager - INFO - Checking models directory: G:\Study\DATA SCINCE\PROJECTS\POTFOLIO\telecom-consumption-intelligence\models
2026-08-31 18:19:13,021 - telecom_app.src.models.manager - INFO - Found model in project models directory: G:\Study\DATA SCINCE\PROJECTS\POTFOLIO\telecom-consumption-intelligence\models\gradient_boosting_final.pkl
2026-08-31 18:19:13,021 - telecom_app.src.models.manager - INFO - Loading model from: G:\Study\DATA SCINCE\PROJECTS\POTFOLIO\telecom-consumption-intelligence\models\gradient_boosting_final.pkl
2026-08-31 18:19:13,030 - telecom_app.src.models.manager - INFO - Loaded existing model successfully
2026-08-31 18:19:13,030 - telecom_app.src.models.manager - INFO - Model R²: 0.9512689659632382
2026-08-31 18:19:13,051 - telecom_app.src.data.processor - INFO - Prepared features: 8004 rows, 13 features
2026-08-31 18:19:13,062 - telecom_app.src.models.explainer - INFO - SHAP explainer created successfully
2026-08-31 18:19:13,063 - telecom_app.__main__ - INFO - SHAP explainer created: True
2026-08-31 18:19:21,173 - telecom_app.src.models.manager - INFO - Project directory: G:\Study\DATA SCINCE\PROJECTS\POTFOLIO\telecom-consumption-intelligence
2026-08-31 18:19:21,173 - telecom_app.src.models.manager - INFO - Models directory: G:\Study\DATA SCINCE\PROJECTS\POTFOLIO\telecom-consumption-intelligence\models
2026-08-31 18:19:21,212 - telecom_app.src.models.manager - INFO - Checking models directory: G:\Study\DATA SCINCE\PROJECTS\POTFOLIO\telecom-consumption-intelligence\models
2026-08-31 18:19:21,213 - telecom_app.src.models.manager - INFO - Found model in project models directory: G:\Study\DATA SCINCE\PROJECTS\POTFOLIO\telecom-consumption-intelligence\models\gradient_boosting_final.pkl
2026-08-31 18:19:21,213 - telecom_app.src.models.manager - INFO - Loading model from: G:\Study\DATA SCINCE\PROJECTS\POTFOLIO\telecom-consumption-intelligence\models\gradient_boosting_final.pkl
2026-08-31 18:19:21,222 - telecom_app.src.models.manager - INFO - Loaded existing model successfully
2026-08-31 18:19:21,223 - telecom_app.src.models.manager - INFO - Model R²: 0.9512689659632382
2026-08-31 18:19:21,243 - telecom_app.src.data.processor - INFO - Prepared features: 8004 rows, 13 features
2026-08-31 18:19:21,252 - telecom_app.src.models.explainer - INFO - SHAP explainer created successfully
2026-08-31 18:19:21,252 - telecom_app.__main__ - INFO - SHAP explainer created: True
2026-08-31 18:19:27,180 - telecom_app.src.models.manager - INFO - Project directory: G:\Study\DATA SCINCE\PROJECTS\POTFOLIO\telecom-consumption-intelligence
2026-08-31 18:19:27,180 - telecom_app.src.models.manager - INFO - Models directory: G:\Study\DATA SCINCE\PROJECTS\POTFOLIO\telecom-consumption-intelligence\models
2026-08-31 18:19:27,216 - telecom_app.src.models.manager - INFO - Checking models directory: G:\Study\DATA SCINCE\PROJECTS\POTFOLIO\telecom-consumption-intelligence\models
2026-08-31 18:19:27,216 - telecom_app.src.models.manager - INFO - Found model in project models directory: G:\Study\DATA SCINCE\PROJECTS\POTFOLIO\telecom-consumption-intelligence\models\gradient_boosting_final.pkl
2026-08-31 18:19:27,217 - telecom_app.src.models.manager - INFO - Loading model from: G:\Study\DATA SCINCE\PROJECTS\POTFOLIO\telecom-consumption-intelligence\models\gradient_boosting_final.pkl
2026-08-31 18:19:27,227 - telecom_app.src.models.manager - INFO - Loaded existing model successfully
2026-08-31 18:19:27,228 - telecom_app.src.models.manager - INFO - Model R²: 0.9512689659632382
2026-08-31 18:19:27,245 - telecom_app.src.data.processor - INFO - Prepared features: 8004 rows, 13 features
2026-08-31 18:19:27,255 - telecom_app.src.models.explainer - INFO - SHAP explainer created successfully
2026-08-31 18:19:27,256 - telecom_app.__main__ - INFO - SHAP explainer created: True
2026-08-31 18:19:28,008 - telecom_app.src.models.manager - INFO - Project directory: G:\Study\DATA SCINCE\PROJECTS\POTFOLIO\telecom-consumption-intelligence
2026-08-31 18:19:28,010 - telecom_app.src.models.manager - INFO - Models directory: G:\Study\DATA SCINCE\PROJECTS\POTFOLIO\telecom-consumption-intelligence\models
2026-08-31 18:19:28,033 - telecom_app.src.models.manager - INFO - Checking models directory: G:\Study\DATA SCINCE\PROJECTS\POTFOLIO\telecom-consumption-intelligence\models
2026-08-31 18:19:28,033 - telecom_app.src.models.manager - INFO - Found model in project models directory: G:\Study\DATA SCINCE\PROJECTS\POTFOLIO\telecom-consumption-intelligence\models\gradient_boosting_final.pkl
2026-08-31 18:19:28,034 - telecom_app.src.models.manager - INFO - Loading model from: G:\Study\DATA SCINCE\PROJECTS\POTFOLIO\telecom-consumption-intelligence\models\gradient_boosting_final.pkl
2026-08-31 18:19:28,044 - telecom_app.src.models.manager - INFO - Loaded existing model successfully
2026-08-31 18:19:28,044 - telecom_app.src.models.manager - INFO - Model R²: 0.9512689659632382
2026-08-31 18:19:28,065 - telecom_app.src.data.processor - INFO - Prepared features: 8004 rows, 13 features
2026-08-31 18:19:28,079 - telecom_app.src.models.explainer - INFO - SHAP explainer created successfully
2026-08-31 18:19:28,079 - telecom_app.__main__ - INFO - SHAP explainer created: True
2026-08-31 18:20:07,776 - telecom_app.src.models.manager - INFO - Project directory: G:\Study\DATA SCINCE\PROJECTS\POTFOLIO\telecom-consumption-intelligence
2026-08-31 18:20:07,777 - telecom_app.src.models.manager - INFO - Models directory: G:\Study\DATA SCINCE\PROJECTS\POTFOLIO\telecom-consumption-intelligence\models
2026-08-31 18:20:07,825 - telecom_app.src.models.manager - INFO - Checking models directory: G:\Study\DATA SCINCE\PROJECTS\POTFOLIO\telecom-consumption-intelligence\models
2026-08-31 18:20:07,826 - telecom_app.src.models.manager - INFO - Found model in project models directory: G:\Study\DATA SCINCE\PROJECTS\POTFOLIO\telecom-consumption-intelligence\models\gradient_boosting_final.pkl
2026-08-31 18:20:07,826 - telecom_app.src.models.manager - INFO - Loading model from: G:\Study\DATA SCINCE\PROJECTS\POTFOLIO\telecom-consumption-intelligence\models\gradient_boosting_final.pkl
2026-08-31 18:20:07,872 - telecom_app.src.models.manager - INFO - Loaded existing model successfully
2026-08-31 18:20:07,946 - telecom_app.src.models.manager - INFO - Model R²: 0.9512689659632382
2026-08-31 18:20:08,017 - telecom_app.src.data.processor - INFO - Prepared features: 8004 rows, 13 features
2026-08-31 18:20:08,042 - telecom_app.src.models.explainer - INFO - SHAP explainer created successfully
2026-08-31 18:20:08,043 - telecom_app.__main__ - INFO - SHAP explainer created: True
2026-08-31 18:20:09,786 - telecom_app.src.models.manager - INFO - Project directory: G:\Study\DATA SCINCE\PROJECTS\POTFOLIO\telecom-consumption-intelligence
2026-08-31 18:20:09,788 - telecom_app.src.models.manager - INFO - Models directory: G:\Study\DATA SCINCE\PROJECTS\POTFOLIO\telecom-consumption-intelligence\models
2026-08-31 18:20:09,823 - telecom_app.src.models.manager - INFO - Checking models directory: G:\Study\DATA SCINCE\PROJECTS\POTFOLIO\telecom-consumption-intelligence\models
2026-08-31 18:20:09,824 - telecom_app.src.models.manager - INFO - Found model in project models directory: G:\Study\DATA SCINCE\PROJECTS\POTFOLIO\telecom-consumption-intelligence\models\gradient_boosting_final.pkl
2026-08-31 18:20:09,824 - telecom_app.src.models.manager - INFO - Loading model from: G:\Study\DATA SCINCE\PROJECTS\POTFOLIO\telecom-consumption-intelligence\models\gradient_boosting_final.pkl
2026-08-31 18:20:09,832 - telecom_app.src.models.manager - INFO - Loaded existing model successfully
2026-08-31 18:20:09,833 - telecom_app.src.models.manager - INFO - Model R²: 0.9512689659632382
2026-08-31 18:20:09,851 - telecom_app.src.data.processor - INFO - Prepared features: 8004 rows, 13 features
2026-08-31 18:20:09,858 - telecom_app.src.models.explainer - INFO - SHAP explainer created successfully
2026-08-31 18:20:09,859 - telecom_app.__main__ - INFO - SHAP explainer created: True
2026-08-31 18:20:11,210 - telecom_app.src.models.manager - INFO - Project directory: G:\Study\DATA SCINCE\PROJECTS\POTFOLIO\telecom-consumption-intelligence
2026-08-31 18:20:11,211 - telecom_app.src.models.manager - INFO - Models directory: G:\Study\DATA SCINCE\PROJECTS\POTFOLIO\telecom-consumption-intelligence\models
2026-08-31 18:20:11,245 - telecom_app.src.models.manager - INFO - Checking models directory: G:\Study\DATA SCINCE\PROJECTS\POTFOLIO\telecom-consumption-intelligence\models
2026-08-31 18:20:11,245 - telecom_app.src.models.manager - INFO - Found model in project models directory: G:\Study\DATA SCINCE\PROJECTS\POTFOLIO\telecom-consumption-intelligence\models\gradient_boosting_final.pkl
2026-08-31 18:20:11,246 - telecom_app.src.models.manager - INFO - Loading model from: G:\Study\DATA SCINCE\PROJECTS\POTFOLIO\telecom-consumption-intelligence\models\gradient_boosting_final.pkl
2026-08-31 18:20:11,254 - telecom_app.src.models.manager - INFO - Loaded existing model successfully
2026-08-31 18:20:11,255 - telecom_app.src.models.manager - INFO - Model R²: 0.9512689659632382
2026-08-31 18:20:11,272 - telecom_app.src.data.processor - INFO - Prepared features: 8004 rows, 13 features
2026-08-31 18:20:11,281 - telecom_app.src.models.explainer - INFO - SHAP explainer created successfully
2026-08-31 18:20:11,282 - telecom_app.__main__ - INFO - SHAP explainer created: True
2026-08-31 18:21:14,181 - telecom_app.src.models.manager - INFO - Project directory: G:\Study\DATA SCINCE\PROJECTS\POTFOLIO\telecom-consumption-intelligence
2026-08-31 18:21:14,181 - telecom_app.src.models.manager - INFO - Models directory: G:\Study\DATA SCINCE\PROJECTS\POTFOLIO\telecom-consumption-intelligence\models
2026-08-31 18:21:14,226 - telecom_app.src.models.manager - INFO - Checking models directory: G:\Study\DATA SCINCE\PROJECTS\POTFOLIO\telecom-consumption-intelligence\models
2026-08-31 18:21:14,226 - telecom_app.src.models.manager - INFO - Found model in project models directory: G:\Study\DATA SCINCE\PROJECTS\POTFOLIO\telecom-consumption-intelligence\models\gradient_boosting_final.pkl
2026-08-31 18:21:14,226 - telecom_app.src.models.manager - INFO - Loading model from: G:\Study\DATA SCINCE\PROJECTS\POTFOLIO\telecom-consumption-intelligence\models\gradient_boosting_final.pkl
2026-08-31 18:21:14,241 - telecom_app.src.models.manager - INFO - Loaded existing model successfully
2026-08-31 18:21:14,241 - telecom_app.src.models.manager - INFO - Model R²: 0.9512689659632382
2026-08-31 18:21:14,266 - telecom_app.src.data.processor - INFO - Prepared features: 8004 rows, 13 features
2026-08-31 18:21:14,277 - telecom_app.src.models.explainer - INFO - SHAP explainer created successfully
2026-08-31 18:21:14,278 - telecom_app.__main__ - INFO - SHAP explainer created: True
2026-08-31 18:21:14,741 - telecom_app.src.utils.report_generator - WARNING - WeasyPrint is installed but missing dependencies: cannot load library 'libgobject-2.0-0': error 0x7e.  Additionally, ctypes.util.find_library() did not manage to locate a library called 'libgobject-2.0-0'
2026-08-31 18:21:14,741 - telecom_app.src.utils.report_generator - WARNING - Install GTK from: https://github.com/tschoonj/GTK-for-Windows-Runtime-Environment-Installer/releases
2026-08-31 18:21:14,741 - telecom_app.src.utils.report_generator - INFO - pdfkit is available
2026-08-31 18:21:14,742 - telecom_app.src.utils.report_generator - INFO - ReportLab is available
2026-08-31 18:21:15,132 - telecom_app.src.utils.report_generator - INFO - PDF generated successfully with ReportLab
2026-08-31 18:21:43,233 - telecom_app.src.models.manager - INFO - Project directory: G:\Study\DATA SCINCE\PROJECTS\POTFOLIO\telecom-consumption-intelligence
2026-08-31 18:21:43,234 - telecom_app.src.models.manager - INFO - Models directory: G:\Study\DATA SCINCE\PROJECTS\POTFOLIO\telecom-consumption-intelligence\models
2026-08-31 18:21:43,291 - telecom_app.src.models.manager - INFO - Checking models directory: G:\Study\DATA SCINCE\PROJECTS\POTFOLIO\telecom-consumption-intelligence\models
2026-08-31 18:21:43,294 - telecom_app.src.models.manager - INFO - Found model in project models directory: G:\Study\DATA SCINCE\PROJECTS\POTFOLIO\telecom-consumption-intelligence\models\gradient_boosting_final.pkl
2026-08-31 18:21:43,295 - telecom_app.src.models.manager - INFO - Loading model from: G:\Study\DATA SCINCE\PROJECTS\POTFOLIO\telecom-consumption-intelligence\models\gradient_boosting_final.pkl
2026-08-31 18:21:43,315 - telecom_app.src.models.manager - INFO - Loaded existing model successfully
2026-08-31 18:21:43,325 - telecom_app.src.models.manager - INFO - Model R²: 0.9512689659632382
2026-08-31 18:21:43,384 - telecom_app.src.data.processor - INFO - Prepared features: 8004 rows, 13 features
2026-08-31 18:21:43,422 - telecom_app.src.models.explainer - INFO - SHAP explainer created successfully
2026-08-31 18:21:43,423 - telecom_app.__main__ - INFO - SHAP explainer created: True
2026-08-31 18:22:34,581 - telecom_app.src.models.manager - INFO - Project directory: G:\Study\DATA SCINCE\PROJECTS\POTFOLIO\telecom-consumption-intelligence
2026-08-31 18:22:34,582 - telecom_app.src.models.manager - INFO - Models directory: G:\Study\DATA SCINCE\PROJECTS\POTFOLIO\telecom-consumption-intelligence\models
2026-08-31 18:22:34,620 - telecom_app.src.models.manager - INFO - Checking models directory: G:\Study\DATA SCINCE\PROJECTS\POTFOLIO\telecom-consumption-intelligence\models
2026-08-31 18:22:34,620 - telecom_app.src.models.manager - INFO - Found model in project models directory: G:\Study\DATA SCINCE\PROJECTS\POTFOLIO\telecom-consumption-intelligence\models\gradient_boosting_final.pkl
2026-08-31 18:22:34,620 - telecom_app.src.models.manager - INFO - Loading model from: G:\Study\DATA SCINCE\PROJECTS\POTFOLIO\telecom-consumption-intelligence\models\gradient_boosting_final.pkl
2026-08-31 18:22:34,632 - telecom_app.src.models.manager - INFO - Loaded existing model successfully
2026-08-31 18:22:34,632 - telecom_app.src.models.manager - INFO - Model R²: 0.9512689659632382
2026-08-31 18:22:34,648 - telecom_app.src.data.processor - INFO - Prepared features: 8004 rows, 13 features
2026-08-31 18:22:34,660 - telecom_app.src.models.explainer - INFO - SHAP explainer created successfully
2026-08-31 18:22:34,661 - telecom_app.__main__ - INFO - SHAP explainer created: True
2026-08-31 18:22:34,831 - telecom_app.src.models.manager - INFO - Project directory: G:\Study\DATA SCINCE\PROJECTS\POTFOLIO\telecom-consumption-intelligence
2026-08-31 18:22:34,831 - telecom_app.src.models.manager - INFO - Models directory: G:\Study\DATA SCINCE\PROJECTS\POTFOLIO\telecom-consumption-intelligence\models
2026-08-31 18:22:34,858 - telecom_app.src.models.manager - INFO - Checking models directory: G:\Study\DATA SCINCE\PROJECTS\POTFOLIO\telecom-consumption-intelligence\models
2026-08-31 18:22:34,858 - telecom_app.src.models.manager - INFO - Found model in project models directory: G:\Study\DATA SCINCE\PROJECTS\POTFOLIO\telecom-consumption-intelligence\models\gradient_boosting_final.pkl
2026-08-31 18:22:34,858 - telecom_app.src.models.manager - INFO - Loading model from: G:\Study\DATA SCINCE\PROJECTS\POTFOLIO\telecom-consumption-intelligence\models\gradient_boosting_final.pkl
2026-08-31 18:22:34,869 - telecom_app.src.models.manager - INFO - Loaded existing model successfully
2026-08-31 18:22:34,869 - telecom_app.src.models.manager - INFO - Model R²: 0.9512689659632382
2026-08-31 18:22:34,884 - telecom_app.src.data.processor - INFO - Prepared features: 8004 rows, 13 features
2026-08-31 18:22:34,892 - telecom_app.src.models.explainer - INFO - SHAP explainer created successfully
2026-08-31 18:22:34,892 - telecom_app.__main__ - INFO - SHAP explainer created: True
2026-08-31 18:22:53,428 - telecom_app.src.models.manager - INFO - Project directory: G:\Study\DATA SCINCE\PROJECTS\POTFOLIO\telecom-consumption-intelligence
2026-08-31 18:22:53,429 - telecom_app.src.models.manager - INFO - Models directory: G:\Study\DATA SCINCE\PROJECTS\POTFOLIO\telecom-consumption-intelligence\models
2026-08-31 18:22:53,474 - telecom_app.src.models.manager - INFO - Checking models directory: G:\Study\DATA SCINCE\PROJECTS\POTFOLIO\telecom-consumption-intelligence\models
2026-08-31 18:22:53,474 - telecom_app.src.models.manager - INFO - Found model in project models directory: G:\Study\DATA SCINCE\PROJECTS\POTFOLIO\telecom-consumption-intelligence\models\gradient_boosting_final.pkl
2026-08-31 18:22:53,475 - telecom_app.src.models.manager - INFO - Loading model from: G:\Study\DATA SCINCE\PROJECTS\POTFOLIO\telecom-consumption-intelligence\models\gradient_boosting_final.pkl
2026-08-31 18:22:53,487 - telecom_app.src.models.manager - INFO - Loaded existing model successfully
2026-08-31 18:22:53,487 - telecom_app.src.models.manager - INFO - Model R²: 0.9512689659632382
2026-08-31 18:22:53,504 - telecom_app.src.data.processor - INFO - Prepared features: 8004 rows, 13 features
2026-08-31 18:22:53,513 - telecom_app.src.models.explainer - INFO - SHAP explainer created successfully
2026-08-31 18:22:53,513 - telecom_app.__main__ - INFO - SHAP explainer created: True
2026-08-31 18:22:53,706 - telecom_app.src.models.manager - INFO - Project directory: G:\Study\DATA SCINCE\PROJECTS\POTFOLIO\telecom-consumption-intelligence
2026-08-31 18:22:53,707 - telecom_app.src.models.manager - INFO - Models directory: G:\Study\DATA SCINCE\PROJECTS\POTFOLIO\telecom-consumption-intelligence\models
2026-08-31 18:22:53,727 - telecom_app.src.models.manager - INFO - Checking models directory: G:\Study\DATA SCINCE\PROJECTS\POTFOLIO\telecom-consumption-intelligence\models
2026-08-31 18:22:53,728 - telecom_app.src.models.manager - INFO - Found model in project models directory: G:\Study\DATA SCINCE\PROJECTS\POTFOLIO\telecom-consumption-intelligence\models\gradient_boosting_final.pkl
2026-08-31 18:22:53,728 - telecom_app.src.models.manager - INFO - Loading model from: G:\Study\DATA SCINCE\PROJECTS\POTFOLIO\telecom-consumption-intelligence\models\gradient_boosting_final.pkl
2026-08-31 18:22:53,736 - telecom_app.src.models.manager - INFO - Loaded existing model successfully
2026-08-31 18:22:53,736 - telecom_app.src.models.manager - INFO - Model R²: 0.9512689659632382
2026-08-31 18:22:53,750 - telecom_app.src.data.processor - INFO - Prepared features: 8004 rows, 13 features
2026-08-31 18:22:53,756 - telecom_app.src.models.explainer - INFO - SHAP explainer created successfully
2026-08-31 18:22:53,757 - telecom_app.__main__ - INFO - SHAP explainer created: True
2026-08-31 18:22:54,267 - telecom_app.src.models.manager - INFO - Project directory: G:\Study\DATA SCINCE\PROJECTS\POTFOLIO\telecom-consumption-intelligence
2026-08-31 18:22:54,407 - telecom_app.src.models.manager - INFO - Models directory: G:\Study\DATA SCINCE\PROJECTS\POTFOLIO\telecom-consumption-intelligence\models
2026-08-31 18:22:54,445 - telecom_app.src.models.manager - INFO - Checking models directory: G:\Study\DATA SCINCE\PROJECTS\POTFOLIO\telecom-consumption-intelligence\models
2026-08-31 18:22:54,446 - telecom_app.src.models.manager - INFO - Found model in project models directory: G:\Study\DATA SCINCE\PROJECTS\POTFOLIO\telecom-consumption-intelligence\models\gradient_boosting_final.pkl
2026-08-31 18:22:54,446 - telecom_app.src.models.manager - INFO - Loading model from: G:\Study\DATA SCINCE\PROJECTS\POTFOLIO\telecom-consumption-intelligence\models\gradient_boosting_final.pkl
2026-08-31 18:22:54,456 - telecom_app.src.models.manager - INFO - Loaded existing model successfully
2026-08-31 18:22:54,456 - telecom_app.src.models.manager - INFO - Model R²: 0.9512689659632382
2026-08-31 18:22:54,471 - telecom_app.src.data.processor - INFO - Prepared features: 8004 rows, 13 features
2026-08-31 18:22:54,481 - telecom_app.src.models.explainer - INFO - SHAP explainer created successfully
2026-08-31 18:22:54,481 - telecom_app.__main__ - INFO - SHAP explainer created: True
2026-08-31 18:22:54,654 - telecom_app.src.models.manager - INFO - Project directory: G:\Study\DATA SCINCE\PROJECTS\POTFOLIO\telecom-consumption-intelligence
2026-08-31 18:22:54,655 - telecom_app.src.models.manager - INFO - Models directory: G:\Study\DATA SCINCE\PROJECTS\POTFOLIO\telecom-consumption-intelligence\models
2026-08-31 18:22:54,677 - telecom_app.src.models.manager - INFO - Checking models directory: G:\Study\DATA SCINCE\PROJECTS\POTFOLIO\telecom-consumption-intelligence\models
2026-08-31 18:22:54,678 - telecom_app.src.models.manager - INFO - Found model in project models directory: G:\Study\DATA SCINCE\PROJECTS\POTFOLIO\telecom-consumption-intelligence\models\gradient_boosting_final.pkl
2026-08-31 18:22:54,678 - telecom_app.src.models.manager - INFO - Loading model from: G:\Study\DATA SCINCE\PROJECTS\POTFOLIO\telecom-consumption-intelligence\models\gradient_boosting_final.pkl
2026-08-31 18:22:54,686 - telecom_app.src.models.manager - INFO - Loaded existing model successfully
2026-08-31 18:22:54,687 - telecom_app.src.models.manager - INFO - Model R²: 0.9512689659632382
2026-08-31 18:22:54,702 - telecom_app.src.data.processor - INFO - Prepared features: 8004 rows, 13 features
2026-08-31 18:22:54,710 - telecom_app.src.models.explainer - INFO - SHAP explainer created successfully
2026-08-31 18:22:54,711 - telecom_app.__main__ - INFO - SHAP explainer created: True
2026-08-31 18:22:58,954 - telecom_app.src.models.manager - INFO - Project directory: G:\Study\DATA SCINCE\PROJECTS\POTFOLIO\telecom-consumption-intelligence
2026-08-31 18:22:58,955 - telecom_app.src.models.manager - INFO - Models directory: G:\Study\DATA SCINCE\PROJECTS\POTFOLIO\telecom-consumption-intelligence\models
2026-08-31 18:22:58,987 - telecom_app.src.models.manager - INFO - Checking models directory: G:\Study\DATA SCINCE\PROJECTS\POTFOLIO\telecom-consumption-intelligence\models
2026-08-31 18:22:58,988 - telecom_app.src.models.manager - INFO - Found model in project models directory: G:\Study\DATA SCINCE\PROJECTS\POTFOLIO\telecom-consumption-intelligence\models\gradient_boosting_final.pkl
2026-08-31 18:22:58,988 - telecom_app.src.models.manager - INFO - Loading model from: G:\Study\DATA SCINCE\PROJECTS\POTFOLIO\telecom-consumption-intelligence\models\gradient_boosting_final.pkl
2026-08-31 18:22:58,996 - telecom_app.src.models.manager - INFO - Loaded existing model successfully
2026-08-31 18:22:58,997 - telecom_app.src.models.manager - INFO - Model R²: 0.9512689659632382
2026-08-31 18:22:59,018 - telecom_app.src.data.processor - INFO - Prepared features: 8004 rows, 13 features
2026-08-31 18:22:59,028 - telecom_app.src.models.explainer - INFO - SHAP explainer created successfully
2026-08-31 18:22:59,029 - telecom_app.__main__ - INFO - SHAP explainer created: True
2026-08-31 18:22:59,880 - telecom_app.src.models.manager - INFO - Project directory: G:\Study\DATA SCINCE\PROJECTS\POTFOLIO\telecom-consumption-intelligence
2026-08-31 18:22:59,881 - telecom_app.src.models.manager - INFO - Models directory: G:\Study\DATA SCINCE\PROJECTS\POTFOLIO\telecom-consumption-intelligence\models
2026-08-31 18:22:59,911 - telecom_app.src.models.manager - INFO - Checking models directory: G:\Study\DATA SCINCE\PROJECTS\POTFOLIO\telecom-consumption-intelligence\models
2026-08-31 18:22:59,912 - telecom_app.src.models.manager - INFO - Found model in project models directory: G:\Study\DATA SCINCE\PROJECTS\POTFOLIO\telecom-consumption-intelligence\models\gradient_boosting_final.pkl
2026-08-31 18:22:59,912 - telecom_app.src.models.manager - INFO - Loading model from: G:\Study\DATA SCINCE\PROJECTS\POTFOLIO\telecom-consumption-intelligence\models\gradient_boosting_final.pkl
2026-08-31 18:22:59,920 - telecom_app.src.models.manager - INFO - Loaded existing model successfully
2026-08-31 18:22:59,921 - telecom_app.src.models.manager - INFO - Model R²: 0.9512689659632382
2026-08-31 18:22:59,937 - telecom_app.src.data.processor - INFO - Prepared features: 8004 rows, 13 features
2026-08-31 18:22:59,943 - telecom_app.src.models.explainer - INFO - SHAP explainer created successfully
2026-08-31 18:22:59,944 - telecom_app.__main__ - INFO - SHAP explainer created: True
2026-08-31 18:23:00,077 - telecom_app.src.models.manager - INFO - Project directory: G:\Study\DATA SCINCE\PROJECTS\POTFOLIO\telecom-consumption-intelligence
2026-08-31 18:23:00,078 - telecom_app.src.models.manager - INFO - Models directory: G:\Study\DATA SCINCE\PROJECTS\POTFOLIO\telecom-consumption-intelligence\models
2026-08-31 18:23:00,101 - telecom_app.src.models.manager - INFO - Checking models directory: G:\Study\DATA SCINCE\PROJECTS\POTFOLIO\telecom-consumption-intelligence\models
2026-08-31 18:23:00,102 - telecom_app.src.models.manager - INFO - Found model in project models directory: G:\Study\DATA SCINCE\PROJECTS\POTFOLIO\telecom-consumption-intelligence\models\gradient_boosting_final.pkl
2026-08-31 18:23:00,102 - telecom_app.src.models.manager - INFO - Loading model from: G:\Study\DATA SCINCE\PROJECTS\POTFOLIO\telecom-consumption-intelligence\models\gradient_boosting_final.pkl
2026-08-31 18:23:00,110 - telecom_app.src.models.manager - INFO - Loaded existing model successfully
2026-08-31 18:23:00,111 - telecom_app.src.models.manager - INFO - Model R²: 0.9512689659632382
2026-08-31 18:23:00,129 - telecom_app.src.data.processor - INFO - Prepared features: 8004 rows, 13 features
2026-08-31 18:23:00,141 - telecom_app.src.models.explainer - INFO - SHAP explainer created successfully
2026-08-31 18:23:00,142 - telecom_app.__main__ - INFO - SHAP explainer created: True
2026-08-31 18:23:21,177 - telecom_app.src.models.manager - INFO - Project directory: G:\Study\DATA SCINCE\PROJECTS\POTFOLIO\telecom-consumption-intelligence
2026-08-31 18:23:21,178 - telecom_app.src.models.manager - INFO - Models directory: G:\Study\DATA SCINCE\PROJECTS\POTFOLIO\telecom-consumption-intelligence\models
2026-08-31 18:23:21,210 - telecom_app.src.models.manager - INFO - Checking models directory: G:\Study\DATA SCINCE\PROJECTS\POTFOLIO\telecom-consumption-intelligence\models
2026-08-31 18:23:21,210 - telecom_app.src.models.manager - INFO - Found model in project models directory: G:\Study\DATA SCINCE\PROJECTS\POTFOLIO\telecom-consumption-intelligence\models\gradient_boosting_final.pkl
2026-08-31 18:23:21,210 - telecom_app.src.models.manager - INFO - Loading model from: G:\Study\DATA SCINCE\PROJECTS\POTFOLIO\telecom-consumption-intelligence\models\gradient_boosting_final.pkl
2026-08-31 18:23:21,219 - telecom_app.src.models.manager - INFO - Loaded existing model successfully
2026-08-31 18:23:21,220 - telecom_app.src.models.manager - INFO - Model R²: 0.9512689659632382
2026-08-31 18:23:21,239 - telecom_app.src.data.processor - INFO - Prepared features: 8004 rows, 13 features
2026-08-31 18:23:21,247 - telecom_app.src.models.explainer - INFO - SHAP explainer created successfully
2026-08-31 18:23:21,247 - telecom_app.__main__ - INFO - SHAP explainer created: True
2026-08-31 18:23:34,685 - telecom_app.src.models.manager - INFO - Project directory: G:\Study\DATA SCINCE\PROJECTS\POTFOLIO\telecom-consumption-intelligence
2026-08-31 18:23:34,685 - telecom_app.src.models.manager - INFO - Models directory: G:\Study\DATA SCINCE\PROJECTS\POTFOLIO\telecom-consumption-intelligence\models
2026-08-31 18:23:34,720 - telecom_app.src.models.manager - INFO - Checking models directory: G:\Study\DATA SCINCE\PROJECTS\POTFOLIO\telecom-consumption-intelligence\models
2026-08-31 18:23:34,720 - telecom_app.src.models.manager - INFO - Found model in project models directory: G:\Study\DATA SCINCE\PROJECTS\POTFOLIO\telecom-consumption-intelligence\models\gradient_boosting_final.pkl
2026-08-31 18:23:34,720 - telecom_app.src.models.manager - INFO - Loading model from: G:\Study\DATA SCINCE\PROJECTS\POTFOLIO\telecom-consumption-intelligence\models\gradient_boosting_final.pkl
2026-08-31 18:23:34,728 - telecom_app.src.models.manager - INFO - Loaded existing model successfully
2026-08-31 18:23:34,728 - telecom_app.src.models.manager - INFO - Model R²: 0.9512689659632382
2026-08-31 18:23:34,742 - telecom_app.src.data.processor - INFO - Prepared features: 8004 rows, 13 features
2026-08-31 18:23:34,751 - telecom_app.src.models.explainer - INFO - SHAP explainer created successfully
2026-08-31 18:23:34,752 - telecom_app.__main__ - INFO - SHAP explainer created: True
2026-08-31 18:23:38,522 - telecom_app.src.models.manager - INFO - Project directory: G:\Study\DATA SCINCE\PROJECTS\POTFOLIO\telecom-consumption-intelligence
2026-08-31 18:23:38,522 - telecom_app.src.models.manager - INFO - Models directory: G:\Study\DATA SCINCE\PROJECTS\POTFOLIO\telecom-consumption-intelligence\models
2026-08-31 18:23:38,555 - telecom_app.src.models.manager - INFO - Checking models directory: G:\Study\DATA SCINCE\PROJECTS\POTFOLIO\telecom-consumption-intelligence\models
2026-08-31 18:23:38,556 - telecom_app.src.models.manager - INFO - Found model in project models directory: G:\Study\DATA SCINCE\PROJECTS\POTFOLIO\telecom-consumption-intelligence\models\gradient_boosting_final.pkl
2026-08-31 18:23:38,556 - telecom_app.src.models.manager - INFO - Loading model from: G:\Study\DATA SCINCE\PROJECTS\POTFOLIO\telecom-consumption-intelligence\models\gradient_boosting_final.pkl
2026-08-31 18:23:38,565 - telecom_app.src.models.manager - INFO - Loaded existing model successfully
2026-08-31 18:23:38,565 - telecom_app.src.models.manager - INFO - Model R²: 0.9512689659632382
2026-08-31 18:23:38,585 - telecom_app.src.data.processor - INFO - Prepared features: 8004 rows, 13 features
2026-08-31 18:23:38,595 - telecom_app.src.models.explainer - INFO - SHAP explainer created successfully
2026-08-31 18:23:38,596 - telecom_app.__main__ - INFO - SHAP explainer created: True
2026-08-31 18:24:21,400 - telecom_app.src.models.manager - INFO - Project directory: G:\Study\DATA SCINCE\PROJECTS\POTFOLIO\telecom-consumption-intelligence
2026-08-31 18:24:21,401 - telecom_app.src.models.manager - INFO - Models directory: G:\Study\DATA SCINCE\PROJECTS\POTFOLIO\telecom-consumption-intelligence\models
2026-08-31 18:24:21,441 - telecom_app.src.models.manager - INFO - Checking models directory: G:\Study\DATA SCINCE\PROJECTS\POTFOLIO\telecom-consumption-intelligence\models
2026-08-31 18:24:21,441 - telecom_app.src.models.manager - INFO - Found model in project models directory: G:\Study\DATA SCINCE\PROJECTS\POTFOLIO\telecom-consumption-intelligence\models\gradient_boosting_final.pkl
2026-08-31 18:24:21,441 - telecom_app.src.models.manager - INFO - Loading model from: G:\Study\DATA SCINCE\PROJECTS\POTFOLIO\telecom-consumption-intelligence\models\gradient_boosting_final.pkl
2026-08-31 18:24:21,451 - telecom_app.src.models.manager - INFO - Loaded existing model successfully
2026-08-31 18:24:21,452 - telecom_app.src.models.manager - INFO - Model R²: 0.9512689659632382
2026-08-31 18:24:21,469 - telecom_app.src.data.processor - INFO - Prepared features: 8004 rows, 13 features
2026-08-31 18:24:21,485 - telecom_app.src.models.explainer - INFO - SHAP explainer created successfully
2026-08-31 18:24:21,486 - telecom_app.__main__ - INFO - SHAP explainer created: True
2026-08-31 18:24:25,281 - telecom_app.src.models.manager - INFO - Project directory: G:\Study\DATA SCINCE\PROJECTS\POTFOLIO\telecom-consumption-intelligence
2026-08-31 18:24:25,281 - telecom_app.src.models.manager - INFO - Models directory: G:\Study\DATA SCINCE\PROJECTS\POTFOLIO\telecom-consumption-intelligence\models
2026-08-31 18:24:25,312 - telecom_app.src.models.manager - INFO - Checking models directory: G:\Study\DATA SCINCE\PROJECTS\POTFOLIO\telecom-consumption-intelligence\models
2026-08-31 18:24:25,313 - telecom_app.src.models.manager - INFO - Found model in project models directory: G:\Study\DATA SCINCE\PROJECTS\POTFOLIO\telecom-consumption-intelligence\models\gradient_boosting_final.pkl
2026-08-31 18:24:25,313 - telecom_app.src.models.manager - INFO - Loading model from: G:\Study\DATA SCINCE\PROJECTS\POTFOLIO\telecom-consumption-intelligence\models\gradient_boosting_final.pkl
2026-08-31 18:24:25,322 - telecom_app.src.models.manager - INFO - Loaded existing model successfully
2026-08-31 18:24:25,322 - telecom_app.src.models.manager - INFO - Model R²: 0.9512689659632382
2026-08-31 18:24:25,337 - telecom_app.src.data.processor - INFO - Prepared features: 8004 rows, 13 features
2026-08-31 18:24:25,354 - telecom_app.src.models.explainer - INFO - SHAP explainer created successfully
2026-08-31 18:24:25,355 - telecom_app.__main__ - INFO - SHAP explainer created: True
2026-08-31 18:24:52,660 - telecom_app.src.models.manager - INFO - Project directory: G:\Study\DATA SCINCE\PROJECTS\POTFOLIO\telecom-consumption-intelligence
2026-08-31 18:24:52,661 - telecom_app.src.models.manager - INFO - Models directory: G:\Study\DATA SCINCE\PROJECTS\POTFOLIO\telecom-consumption-intelligence\models
2026-08-31 18:24:52,695 - telecom_app.src.models.manager - INFO - Checking models directory: G:\Study\DATA SCINCE\PROJECTS\POTFOLIO\telecom-consumption-intelligence\models
2026-08-31 18:24:52,695 - telecom_app.src.models.manager - INFO - Found model in project models directory: G:\Study\DATA SCINCE\PROJECTS\POTFOLIO\telecom-consumption-intelligence\models\gradient_boosting_final.pkl
2026-08-31 18:24:52,695 - telecom_app.src.models.manager - INFO - Loading model from: G:\Study\DATA SCINCE\PROJECTS\POTFOLIO\telecom-consumption-intelligence\models\gradient_boosting_final.pkl
2026-08-31 18:24:52,704 - telecom_app.src.models.manager - INFO - Loaded existing model successfully
2026-08-31 18:24:52,705 - telecom_app.src.models.manager - INFO - Model R²: 0.9512689659632382
2026-08-31 18:24:52,721 - telecom_app.src.data.processor - INFO - Prepared features: 8004 rows, 13 features
2026-08-31 18:24:52,731 - telecom_app.src.models.explainer - INFO - SHAP explainer created successfully
2026-08-31 18:24:52,732 - telecom_app.__main__ - INFO - SHAP explainer created: True
2026-08-31 18:24:58,252 - telecom_app.src.models.manager - INFO - Project directory: G:\Study\DATA SCINCE\PROJECTS\POTFOLIO\telecom-consumption-intelligence
2026-08-31 18:24:58,252 - telecom_app.src.models.manager - INFO - Models directory: G:\Study\DATA SCINCE\PROJECTS\POTFOLIO\telecom-consumption-intelligence\models
2026-08-31 18:24:58,284 - telecom_app.src.models.manager - INFO - Checking models directory: G:\Study\DATA SCINCE\PROJECTS\POTFOLIO\telecom-consumption-intelligence\models
2026-08-31 18:24:58,284 - telecom_app.src.models.manager - INFO - Found model in project models directory: G:\Study\DATA SCINCE\PROJECTS\POTFOLIO\telecom-consumption-intelligence\models\gradient_boosting_final.pkl
2026-08-31 18:24:58,284 - telecom_app.src.models.manager - INFO - Loading model from: G:\Study\DATA SCINCE\PROJECTS\POTFOLIO\telecom-consumption-intelligence\models\gradient_boosting_final.pkl
2026-08-31 18:24:58,296 - telecom_app.src.models.manager - INFO - Loaded existing model successfully
2026-08-31 18:24:58,296 - telecom_app.src.models.manager - INFO - Model R²: 0.9512689659632382
2026-08-31 18:24:58,311 - telecom_app.src.data.processor - INFO - Prepared features: 8004 rows, 13 features
2026-08-31 18:24:58,320 - telecom_app.src.models.explainer - INFO - SHAP explainer created successfully
2026-08-31 18:24:58,320 - telecom_app.__main__ - INFO - SHAP explainer created: True
2026-08-31 18:25:08,945 - telecom_app.src.models.manager - INFO - Project directory: G:\Study\DATA SCINCE\PROJECTS\POTFOLIO\telecom-consumption-intelligence
2026-08-31 18:25:08,947 - telecom_app.src.models.manager - INFO - Models directory: G:\Study\DATA SCINCE\PROJECTS\POTFOLIO\telecom-consumption-intelligence\models
2026-08-31 18:25:08,983 - telecom_app.src.models.manager - INFO - Checking models directory: G:\Study\DATA SCINCE\PROJECTS\POTFOLIO\telecom-consumption-intelligence\models
2026-08-31 18:25:08,983 - telecom_app.src.models.manager - INFO - Found model in project models directory: G:\Study\DATA SCINCE\PROJECTS\POTFOLIO\telecom-consumption-intelligence\models\gradient_boosting_final.pkl
2026-08-31 18:25:08,984 - telecom_app.src.models.manager - INFO - Loading model from: G:\Study\DATA SCINCE\PROJECTS\POTFOLIO\telecom-consumption-intelligence\models\gradient_boosting_final.pkl
2026-08-31 18:25:08,991 - telecom_app.src.models.manager - INFO - Loaded existing model successfully
2026-08-31 18:25:08,991 - telecom_app.src.models.manager - INFO - Model R²: 0.9512689659632382
2026-08-31 18:25:09,007 - telecom_app.src.data.processor - INFO - Prepared features: 8004 rows, 13 features
2026-08-31 18:25:09,025 - telecom_app.src.models.explainer - INFO - SHAP explainer created successfully
2026-08-31 18:25:09,026 - telecom_app.__main__ - INFO - SHAP explainer created: True
2026-08-31 18:25:30,369 - telecom_app.src.models.manager - INFO - Project directory: G:\Study\DATA SCINCE\PROJECTS\POTFOLIO\telecom-consumption-intelligence
2026-08-31 18:25:30,370 - telecom_app.src.models.manager - INFO - Models directory: G:\Study\DATA SCINCE\PROJECTS\POTFOLIO\telecom-consumption-intelligence\models
2026-08-31 18:25:30,403 - telecom_app.src.models.manager - INFO - Checking models directory: G:\Study\DATA SCINCE\PROJECTS\POTFOLIO\telecom-consumption-intelligence\models
2026-08-31 18:25:30,404 - telecom_app.src.models.manager - INFO - Found model in project models directory: G:\Study\DATA SCINCE\PROJECTS\POTFOLIO\telecom-consumption-intelligence\models\gradient_boosting_final.pkl
2026-08-31 18:25:30,404 - telecom_app.src.models.manager - INFO - Loading model from: G:\Study\DATA SCINCE\PROJECTS\POTFOLIO\telecom-consumption-intelligence\models\gradient_boosting_final.pkl
2026-08-31 18:25:30,415 - telecom_app.src.models.manager - INFO - Loaded existing model successfully
2026-08-31 18:25:30,415 - telecom_app.src.models.manager - INFO - Model R²: 0.9512689659632382
2026-08-31 18:25:30,434 - telecom_app.src.data.processor - INFO - Prepared features: 8004 rows, 13 features
2026-08-31 18:25:30,443 - telecom_app.src.models.explainer - INFO - SHAP explainer created successfully
2026-08-31 18:25:30,444 - telecom_app.__main__ - INFO - SHAP explainer created: True
2026-08-31 18:25:36,225 - telecom_app.src.models.manager - INFO - Project directory: G:\Study\DATA SCINCE\PROJECTS\POTFOLIO\telecom-consumption-intelligence
2026-08-31 18:25:36,225 - telecom_app.src.models.manager - INFO - Models directory: G:\Study\DATA SCINCE\PROJECTS\POTFOLIO\telecom-consumption-intelligence\models
2026-08-31 18:25:36,260 - telecom_app.src.models.manager - INFO - Checking models directory: G:\Study\DATA SCINCE\PROJECTS\POTFOLIO\telecom-consumption-intelligence\models
2026-08-31 18:25:36,261 - telecom_app.src.models.manager - INFO - Found model in project models directory: G:\Study\DATA SCINCE\PROJECTS\POTFOLIO\telecom-consumption-intelligence\models\gradient_boosting_final.pkl
2026-08-31 18:25:36,261 - telecom_app.src.models.manager - INFO - Loading model from: G:\Study\DATA SCINCE\PROJECTS\POTFOLIO\telecom-consumption-intelligence\models\gradient_boosting_final.pkl
2026-08-31 18:25:36,272 - telecom_app.src.models.manager - INFO - Loaded existing model successfully
2026-08-31 18:25:36,273 - telecom_app.src.models.manager - INFO - Model R²: 0.9512689659632382
2026-08-31 18:25:36,289 - telecom_app.src.data.processor - INFO - Prepared features: 8004 rows, 13 features
2026-08-31 18:25:36,298 - telecom_app.src.models.explainer - INFO - SHAP explainer created successfully
2026-08-31 18:25:36,299 - telecom_app.__main__ - INFO - SHAP explainer created: True
2026-08-31 18:26:42,966 - telecom_app.src.utils.report_generator - WARNING - WeasyPrint is installed but missing dependencies: cannot load library 'libgobject-2.0-0': error 0x7e.  Additionally, ctypes.util.find_library() did not manage to locate a library called 'libgobject-2.0-0'
2026-08-31 18:26:42,966 - telecom_app.src.utils.report_generator - WARNING - Install GTK from: https://github.com/tschoonj/GTK-for-Windows-Runtime-Environment-Installer/releases
2026-08-31 18:26:42,972 - telecom_app.src.utils.report_generator - INFO - pdfkit is available
2026-08-31 18:26:42,976 - telecom_app.src.utils.report_generator - INFO - ReportLab is available
2026-08-31 18:26:42,982 - telecom_app.src.models.manager - INFO - Project directory: G:\Study\DATA SCINCE\PROJECTS\POTFOLIO\telecom-consumption-intelligence
2026-08-31 18:26:42,983 - telecom_app.src.models.manager - INFO - Models directory: G:\Study\DATA SCINCE\PROJECTS\POTFOLIO\telecom-consumption-intelligence\models
2026-08-31 18:26:43,532 - telecom_app.src.data.loader - INFO - Loading data from: G:\Study\DATA SCINCE\PROJECTS\POTFOLIO\telecom-consumption-intelligence\data\processed\train_data.parquet
2026-08-31 18:26:43,605 - telecom_app.src.data.loader - INFO - Loaded 8004 rows from G:\Study\DATA SCINCE\PROJECTS\POTFOLIO\telecom-consumption-intelligence\data\processed\train_data.parquet
2026-08-31 18:26:43,640 - telecom_app.src.models.manager - INFO - Checking models directory: G:\Study\DATA SCINCE\PROJECTS\POTFOLIO\telecom-consumption-intelligence\models
2026-08-31 18:26:43,640 - telecom_app.src.models.manager - INFO - Found model in project models directory: G:\Study\DATA SCINCE\PROJECTS\POTFOLIO\telecom-consumption-intelligence\models\gradient_boosting_final.pkl
2026-08-31 18:26:43,640 - telecom_app.src.models.manager - INFO - Loading model from: G:\Study\DATA SCINCE\PROJECTS\POTFOLIO\telecom-consumption-intelligence\models\gradient_boosting_final.pkl
2026-08-31 18:26:43,652 - telecom_app.src.models.manager - INFO - Loaded existing model successfully
2026-08-31 18:26:43,652 - telecom_app.src.models.manager - INFO - Model R²: 0.9512689659632382
2026-08-31 18:26:45,711 - telecom_app.src.data.processor - INFO - Prepared features: 8004 rows, 13 features
2026-08-31 18:26:45,718 - telecom_app.src.models.explainer - INFO - SHAP explainer created successfully
2026-08-31 18:26:45,719 - telecom_app.__main__ - INFO - SHAP explainer created: True
2026-08-31 18:27:07,906 - telecom_app.src.models.manager - INFO - Project directory: G:\Study\DATA SCINCE\PROJECTS\POTFOLIO\telecom-consumption-intelligence
2026-08-31 18:27:07,907 - telecom_app.src.models.manager - INFO - Models directory: G:\Study\DATA SCINCE\PROJECTS\POTFOLIO\telecom-consumption-intelligence\models
2026-08-31 18:27:07,948 - telecom_app.src.models.manager - INFO - Checking models directory: G:\Study\DATA SCINCE\PROJECTS\POTFOLIO\telecom-consumption-intelligence\models
2026-08-31 18:27:07,948 - telecom_app.src.models.manager - INFO - Found model in project models directory: G:\Study\DATA SCINCE\PROJECTS\POTFOLIO\telecom-consumption-intelligence\models\gradient_boosting_final.pkl
2026-08-31 18:27:07,948 - telecom_app.src.models.manager - INFO - Loading model from: G:\Study\DATA SCINCE\PROJECTS\POTFOLIO\telecom-consumption-intelligence\models\gradient_boosting_final.pkl
2026-08-31 18:27:07,958 - telecom_app.src.models.manager - INFO - Loaded existing model successfully
2026-08-31 18:27:07,958 - telecom_app.src.models.manager - INFO - Model R²: 0.9512689659632382
2026-08-31 18:27:07,977 - telecom_app.src.data.processor - INFO - Prepared features: 8004 rows, 13 features
2026-08-31 18:27:07,989 - telecom_app.src.models.explainer - INFO - SHAP explainer created successfully
2026-08-31 18:27:07,990 - telecom_app.__main__ - INFO - SHAP explainer created: True
2026-08-31 18:27:14,273 - telecom_app.src.models.manager - INFO - Project directory: G:\Study\DATA SCINCE\PROJECTS\POTFOLIO\telecom-consumption-intelligence
2026-08-31 18:27:14,274 - telecom_app.src.models.manager - INFO - Models directory: G:\Study\DATA SCINCE\PROJECTS\POTFOLIO\telecom-consumption-intelligence\models
2026-08-31 18:27:14,310 - telecom_app.src.models.manager - INFO - Checking models directory: G:\Study\DATA SCINCE\PROJECTS\POTFOLIO\telecom-consumption-intelligence\models
2026-08-31 18:27:14,310 - telecom_app.src.models.manager - INFO - Found model in project models directory: G:\Study\DATA SCINCE\PROJECTS\POTFOLIO\telecom-consumption-intelligence\models\gradient_boosting_final.pkl
2026-08-31 18:27:14,311 - telecom_app.src.models.manager - INFO - Loading model from: G:\Study\DATA SCINCE\PROJECTS\POTFOLIO\telecom-consumption-intelligence\models\gradient_boosting_final.pkl
2026-08-31 18:27:14,319 - telecom_app.src.models.manager - INFO - Loaded existing model successfully
2026-08-31 18:27:14,320 - telecom_app.src.models.manager - INFO - Model R²: 0.9512689659632382
2026-08-31 18:27:14,351 - telecom_app.src.data.processor - INFO - Prepared features: 8004 rows, 13 features
2026-08-31 18:27:14,364 - telecom_app.src.models.explainer - INFO - SHAP explainer created successfully
2026-08-31 18:27:14,365 - telecom_app.__main__ - INFO - SHAP explainer created: True
2026-08-31 18:28:22,373 - telecom_app.src.models.manager - INFO - Project directory: G:\Study\DATA SCINCE\PROJECTS\POTFOLIO\telecom-consumption-intelligence
2026-08-31 18:28:22,374 - telecom_app.src.models.manager - INFO - Models directory: G:\Study\DATA SCINCE\PROJECTS\POTFOLIO\telecom-consumption-intelligence\models
2026-08-31 18:28:22,431 - telecom_app.src.models.manager - INFO - Checking models directory: G:\Study\DATA SCINCE\PROJECTS\POTFOLIO\telecom-consumption-intelligence\models
2026-08-31 18:28:22,432 - telecom_app.src.models.manager - INFO - Found model in project models directory: G:\Study\DATA SCINCE\PROJECTS\POTFOLIO\telecom-consumption-intelligence\models\gradient_boosting_final.pkl
2026-08-31 18:28:22,432 - telecom_app.src.models.manager - INFO - Loading model from: G:\Study\DATA SCINCE\PROJECTS\POTFOLIO\telecom-consumption-intelligence\models\gradient_boosting_final.pkl
2026-08-31 18:28:22,459 - telecom_app.src.models.manager - INFO - Loaded existing model successfully
2026-08-31 18:28:22,459 - telecom_app.src.models.manager - INFO - Model R²: 0.9512689659632382
2026-08-31 18:28:22,511 - telecom_app.src.data.processor - INFO - Prepared features: 8004 rows, 13 features
2026-08-31 18:28:22,528 - telecom_app.src.models.explainer - INFO - SHAP explainer created successfully
2026-08-31 18:28:22,530 - telecom_app.__main__ - INFO - SHAP explainer created: True
2026-08-31 18:28:24,924 - telecom_app.src.models.manager - INFO - Project directory: G:\Study\DATA SCINCE\PROJECTS\POTFOLIO\telecom-consumption-intelligence
2026-08-31 18:28:24,924 - telecom_app.src.models.manager - INFO - Models directory: G:\Study\DATA SCINCE\PROJECTS\POTFOLIO\telecom-consumption-intelligence\models
2026-08-31 18:28:24,959 - telecom_app.src.models.manager - INFO - Checking models directory: G:\Study\DATA SCINCE\PROJECTS\POTFOLIO\telecom-consumption-intelligence\models
2026-08-31 18:28:24,959 - telecom_app.src.models.manager - INFO - Found model in project models directory: G:\Study\DATA SCINCE\PROJECTS\POTFOLIO\telecom-consumption-intelligence\models\gradient_boosting_final.pkl
2026-08-31 18:28:24,960 - telecom_app.src.models.manager - INFO - Loading model from: G:\Study\DATA SCINCE\PROJECTS\POTFOLIO\telecom-consumption-intelligence\models\gradient_boosting_final.pkl
2026-08-31 18:28:24,969 - telecom_app.src.models.manager - INFO - Loaded existing model successfully
2026-08-31 18:28:24,969 - telecom_app.src.models.manager - INFO - Model R²: 0.9512689659632382
2026-08-31 18:28:24,988 - telecom_app.src.data.processor - INFO - Prepared features: 8004 rows, 13 features
2026-08-31 18:28:25,002 - telecom_app.src.models.explainer - INFO - SHAP explainer created successfully
2026-08-31 18:28:25,002 - telecom_app.__main__ - INFO - SHAP explainer created: True
2026-08-31 18:28:29,044 - telecom_app.src.models.manager - INFO - Project directory: G:\Study\DATA SCINCE\PROJECTS\POTFOLIO\telecom-consumption-intelligence
2026-08-31 18:28:29,045 - telecom_app.src.models.manager - INFO - Models directory: G:\Study\DATA SCINCE\PROJECTS\POTFOLIO\telecom-consumption-intelligence\models
2026-08-31 18:28:29,081 - telecom_app.src.models.manager - INFO - Checking models directory: G:\Study\DATA SCINCE\PROJECTS\POTFOLIO\telecom-consumption-intelligence\models
2026-08-31 18:28:29,082 - telecom_app.src.models.manager - INFO - Found model in project models directory: G:\Study\DATA SCINCE\PROJECTS\POTFOLIO\telecom-consumption-intelligence\models\gradient_boosting_final.pkl
2026-08-31 18:28:29,083 - telecom_app.src.models.manager - INFO - Loading model from: G:\Study\DATA SCINCE\PROJECTS\POTFOLIO\telecom-consumption-intelligence\models\gradient_boosting_final.pkl
2026-08-31 18:28:29,090 - telecom_app.src.models.manager - INFO - Loaded existing model successfully
2026-08-31 18:28:29,091 - telecom_app.src.models.manager - INFO - Model R²: 0.9512689659632382
2026-08-31 18:28:29,113 - telecom_app.src.data.processor - INFO - Prepared features: 8004 rows, 13 features
2026-08-31 18:28:29,124 - telecom_app.src.models.explainer - INFO - SHAP explainer created successfully
2026-08-31 18:28:29,124 - telecom_app.__main__ - INFO - SHAP explainer created: True
2026-08-31 18:28:31,377 - telecom_app.src.models.manager - INFO - Project directory: G:\Study\DATA SCINCE\PROJECTS\POTFOLIO\telecom-consumption-intelligence
2026-08-31 18:28:31,377 - telecom_app.src.models.manager - INFO - Models directory: G:\Study\DATA SCINCE\PROJECTS\POTFOLIO\telecom-consumption-intelligence\models
2026-08-31 18:28:31,417 - telecom_app.src.models.manager - INFO - Checking models directory: G:\Study\DATA SCINCE\PROJECTS\POTFOLIO\telecom-consumption-intelligence\models
2026-08-31 18:28:31,418 - telecom_app.src.models.manager - INFO - Found model in project models directory: G:\Study\DATA SCINCE\PROJECTS\POTFOLIO\telecom-consumption-intelligence\models\gradient_boosting_final.pkl
2026-08-31 18:28:31,418 - telecom_app.src.models.manager - INFO - Loading model from: G:\Study\DATA SCINCE\PROJECTS\POTFOLIO\telecom-consumption-intelligence\models\gradient_boosting_final.pkl
2026-08-31 18:28:31,429 - telecom_app.src.models.manager - INFO - Loaded existing model successfully
2026-08-31 18:28:31,429 - telecom_app.src.models.manager - INFO - Model R²: 0.9512689659632382
2026-08-31 18:28:31,452 - telecom_app.src.data.processor - INFO - Prepared features: 8004 rows, 13 features
2026-08-31 18:28:31,468 - telecom_app.src.models.explainer - INFO - SHAP explainer created successfully
2026-08-31 18:28:31,469 - telecom_app.__main__ - INFO - SHAP explainer created: True
2026-08-31 18:28:49,268 - telecom_app.src.models.manager - INFO - Project directory: G:\Study\DATA SCINCE\PROJECTS\POTFOLIO\telecom-consumption-intelligence
2026-08-31 18:28:49,269 - telecom_app.src.models.manager - INFO - Models directory: G:\Study\DATA SCINCE\PROJECTS\POTFOLIO\telecom-consumption-intelligence\models
2026-08-31 18:28:49,304 - telecom_app.src.models.manager - INFO - Checking models directory: G:\Study\DATA SCINCE\PROJECTS\POTFOLIO\telecom-consumption-intelligence\models
2026-08-31 18:28:49,304 - telecom_app.src.models.manager - INFO - Found model in project models directory: G:\Study\DATA SCINCE\PROJECTS\POTFOLIO\telecom-consumption-intelligence\models\gradient_boosting_final.pkl
2026-08-31 18:28:49,304 - telecom_app.src.models.manager - INFO - Loading model from: G:\Study\DATA SCINCE\PROJECTS\POTFOLIO\telecom-consumption-intelligence\models\gradient_boosting_final.pkl
2026-08-31 18:28:49,317 - telecom_app.src.models.manager - INFO - Loaded existing model successfully
2026-08-31 18:28:49,317 - telecom_app.src.models.manager - INFO - Model R²: 0.9512689659632382
2026-08-31 18:28:49,331 - telecom_app.src.data.processor - INFO - Prepared features: 8004 rows, 13 features
2026-08-31 18:28:49,340 - telecom_app.src.models.explainer - INFO - SHAP explainer created successfully
2026-08-31 18:28:49,341 - telecom_app.__main__ - INFO - SHAP explainer created: True
2026-08-31 18:28:50,242 - telecom_app.src.models.manager - INFO - Project directory: G:\Study\DATA SCINCE\PROJECTS\POTFOLIO\telecom-consumption-intelligence
2026-08-31 18:28:50,243 - telecom_app.src.models.manager - INFO - Models directory: G:\Study\DATA SCINCE\PROJECTS\POTFOLIO\telecom-consumption-intelligence\models
2026-08-31 18:28:50,274 - telecom_app.src.models.manager - INFO - Checking models directory: G:\Study\DATA SCINCE\PROJECTS\POTFOLIO\telecom-consumption-intelligence\models
2026-08-31 18:28:50,275 - telecom_app.src.models.manager - INFO - Found model in project models directory: G:\Study\DATA SCINCE\PROJECTS\POTFOLIO\telecom-consumption-intelligence\models\gradient_boosting_final.pkl
2026-08-31 18:28:50,275 - telecom_app.src.models.manager - INFO - Loading model from: G:\Study\DATA SCINCE\PROJECTS\POTFOLIO\telecom-consumption-intelligence\models\gradient_boosting_final.pkl
2026-08-31 18:28:50,285 - telecom_app.src.models.manager - INFO - Loaded existing model successfully
2026-08-31 18:28:50,286 - telecom_app.src.models.manager - INFO - Model R²: 0.9512689659632382
2026-08-31 18:28:50,303 - telecom_app.src.data.processor - INFO - Prepared features: 8004 rows, 13 features
2026-08-31 18:28:50,312 - telecom_app.src.models.explainer - INFO - SHAP explainer created successfully
2026-08-31 18:28:50,312 - telecom_app.__main__ - INFO - SHAP explainer created: True
2026-08-31 18:28:58,028 - telecom_app.src.models.manager - INFO - Project directory: G:\Study\DATA SCINCE\PROJECTS\POTFOLIO\telecom-consumption-intelligence
2026-08-31 18:28:58,029 - telecom_app.src.models.manager - INFO - Models directory: G:\Study\DATA SCINCE\PROJECTS\POTFOLIO\telecom-consumption-intelligence\models
2026-08-31 18:28:58,060 - telecom_app.src.models.manager - INFO - Checking models directory: G:\Study\DATA SCINCE\PROJECTS\POTFOLIO\telecom-consumption-intelligence\models
2026-08-31 18:28:58,061 - telecom_app.src.models.manager - INFO - Found model in project models directory: G:\Study\DATA SCINCE\PROJECTS\POTFOLIO\telecom-consumption-intelligence\models\gradient_boosting_final.pkl
2026-08-31 18:28:58,061 - telecom_app.src.models.manager - INFO - Loading model from: G:\Study\DATA SCINCE\PROJECTS\POTFOLIO\telecom-consumption-intelligence\models\gradient_boosting_final.pkl
2026-08-31 18:28:58,071 - telecom_app.src.models.manager - INFO - Loaded existing model successfully
2026-08-31 18:28:58,071 - telecom_app.src.models.manager - INFO - Model R²: 0.9512689659632382
2026-08-31 18:28:58,089 - telecom_app.src.data.processor - INFO - Prepared features: 8004 rows, 13 features
2026-08-31 18:28:58,096 - telecom_app.src.models.explainer - INFO - SHAP explainer created successfully
2026-08-31 18:28:58,097 - telecom_app.__main__ - INFO - SHAP explainer created: True
2026-08-31 18:29:00,122 - telecom_app.src.models.manager - INFO - Project directory: G:\Study\DATA SCINCE\PROJECTS\POTFOLIO\telecom-consumption-intelligence
2026-08-31 18:29:00,122 - telecom_app.src.models.manager - INFO - Models directory: G:\Study\DATA SCINCE\PROJECTS\POTFOLIO\telecom-consumption-intelligence\models
2026-08-31 18:29:00,156 - telecom_app.src.models.manager - INFO - Checking models directory: G:\Study\DATA SCINCE\PROJECTS\POTFOLIO\telecom-consumption-intelligence\models
2026-08-31 18:29:00,156 - telecom_app.src.models.manager - INFO - Found model in project models directory: G:\Study\DATA SCINCE\PROJECTS\POTFOLIO\telecom-consumption-intelligence\models\gradient_boosting_final.pkl
2026-08-31 18:29:00,156 - telecom_app.src.models.manager - INFO - Loading model from: G:\Study\DATA SCINCE\PROJECTS\POTFOLIO\telecom-consumption-intelligence\models\gradient_boosting_final.pkl
2026-08-31 18:29:00,164 - telecom_app.src.models.manager - INFO - Loaded existing model successfully
2026-08-31 18:29:00,165 - telecom_app.src.models.manager - INFO - Model R²: 0.9512689659632382
2026-08-31 18:29:00,181 - telecom_app.src.data.processor - INFO - Prepared features: 8004 rows, 13 features
2026-08-31 18:29:00,189 - telecom_app.src.models.explainer - INFO - SHAP explainer created successfully
2026-08-31 18:29:00,190 - telecom_app.__main__ - INFO - SHAP explainer created: True
2026-08-31 18:29:19,836 - telecom_app.src.models.manager - INFO - Project directory: G:\Study\DATA SCINCE\PROJECTS\POTFOLIO\telecom-consumption-intelligence
2026-08-31 18:29:19,837 - telecom_app.src.models.manager - INFO - Models directory: G:\Study\DATA SCINCE\PROJECTS\POTFOLIO\telecom-consumption-intelligence\models
2026-08-31 18:29:19,874 - telecom_app.src.models.manager - INFO - Checking models directory: G:\Study\DATA SCINCE\PROJECTS\POTFOLIO\telecom-consumption-intelligence\models
2026-08-31 18:29:19,874 - telecom_app.src.models.manager - INFO - Found model in project models directory: G:\Study\DATA SCINCE\PROJECTS\POTFOLIO\telecom-consumption-intelligence\models\gradient_boosting_final.pkl
2026-08-31 18:29:19,874 - telecom_app.src.models.manager - INFO - Loading model from: G:\Study\DATA SCINCE\PROJECTS\POTFOLIO\telecom-consumption-intelligence\models\gradient_boosting_final.pkl
2026-08-31 18:29:19,882 - telecom_app.src.models.manager - INFO - Loaded existing model successfully
2026-08-31 18:29:19,882 - telecom_app.src.models.manager - INFO - Model R²: 0.9512689659632382
2026-08-31 18:29:19,898 - telecom_app.src.data.processor - INFO - Prepared features: 8004 rows, 13 features
2026-08-31 18:29:19,907 - telecom_app.src.models.explainer - INFO - SHAP explainer created successfully
2026-08-31 18:29:19,907 - telecom_app.__main__ - INFO - SHAP explainer created: True
2026-08-31 18:29:20,880 - telecom_app.src.models.manager - INFO - Project directory: G:\Study\DATA SCINCE\PROJECTS\POTFOLIO\telecom-consumption-intelligence
2026-08-31 18:29:20,881 - telecom_app.src.models.manager - INFO - Models directory: G:\Study\DATA SCINCE\PROJECTS\POTFOLIO\telecom-consumption-intelligence\models
2026-08-31 18:29:20,913 - telecom_app.src.models.manager - INFO - Checking models directory: G:\Study\DATA SCINCE\PROJECTS\POTFOLIO\telecom-consumption-intelligence\models
2026-08-31 18:29:20,913 - telecom_app.src.models.manager - INFO - Found model in project models directory: G:\Study\DATA SCINCE\PROJECTS\POTFOLIO\telecom-consumption-intelligence\models\gradient_boosting_final.pkl
2026-08-31 18:29:20,913 - telecom_app.src.models.manager - INFO - Loading model from: G:\Study\DATA SCINCE\PROJECTS\POTFOLIO\telecom-consumption-intelligence\models\gradient_boosting_final.pkl
2026-08-31 18:29:20,923 - telecom_app.src.models.manager - INFO - Loaded existing model successfully
2026-08-31 18:29:20,923 - telecom_app.src.models.manager - INFO - Model R²: 0.9512689659632382
2026-08-31 18:29:20,946 - telecom_app.src.data.processor - INFO - Prepared features: 8004 rows, 13 features
2026-08-31 18:29:20,956 - telecom_app.src.models.explainer - INFO - SHAP explainer created successfully
2026-08-31 18:29:20,957 - telecom_app.__main__ - INFO - SHAP explainer created: True
2026-08-31 18:29:28,507 - telecom_app.src.models.manager - INFO - Project directory: G:\Study\DATA SCINCE\PROJECTS\POTFOLIO\telecom-consumption-intelligence
2026-08-31 18:29:28,508 - telecom_app.src.models.manager - INFO - Models directory: G:\Study\DATA SCINCE\PROJECTS\POTFOLIO\telecom-consumption-intelligence\models
2026-08-31 18:29:28,540 - telecom_app.src.models.manager - INFO - Checking models directory: G:\Study\DATA SCINCE\PROJECTS\POTFOLIO\telecom-consumption-intelligence\models
2026-08-31 18:29:28,541 - telecom_app.src.models.manager - INFO - Found model in project models directory: G:\Study\DATA SCINCE\PROJECTS\POTFOLIO\telecom-consumption-intelligence\models\gradient_boosting_final.pkl
2026-08-31 18:29:28,541 - telecom_app.src.models.manager - INFO - Loading model from: G:\Study\DATA SCINCE\PROJECTS\POTFOLIO\telecom-consumption-intelligence\models\gradient_boosting_final.pkl
2026-08-31 18:29:28,548 - telecom_app.src.models.manager - INFO - Loaded existing model successfully
2026-08-31 18:29:28,548 - telecom_app.src.models.manager - INFO - Model R²: 0.9512689659632382
2026-08-31 18:29:28,567 - telecom_app.src.data.processor - INFO - Prepared features: 8004 rows, 13 features
2026-08-31 18:29:28,576 - telecom_app.src.models.explainer - INFO - SHAP explainer created successfully
2026-08-31 18:29:28,576 - telecom_app.__main__ - INFO - SHAP explainer created: True
2026-08-31 18:29:30,334 - telecom_app.src.models.manager - INFO - Project directory: G:\Study\DATA SCINCE\PROJECTS\POTFOLIO\telecom-consumption-intelligence
2026-08-31 18:29:30,335 - telecom_app.src.models.manager - INFO - Models directory: G:\Study\DATA SCINCE\PROJECTS\POTFOLIO\telecom-consumption-intelligence\models
2026-08-31 18:29:30,367 - telecom_app.src.models.manager - INFO - Checking models directory: G:\Study\DATA SCINCE\PROJECTS\POTFOLIO\telecom-consumption-intelligence\models
2026-08-31 18:29:30,367 - telecom_app.src.models.manager - INFO - Found model in project models directory: G:\Study\DATA SCINCE\PROJECTS\POTFOLIO\telecom-consumption-intelligence\models\gradient_boosting_final.pkl
2026-08-31 18:29:30,368 - telecom_app.src.models.manager - INFO - Loading model from: G:\Study\DATA SCINCE\PROJECTS\POTFOLIO\telecom-consumption-intelligence\models\gradient_boosting_final.pkl
2026-08-31 18:29:30,375 - telecom_app.src.models.manager - INFO - Loaded existing model successfully
2026-08-31 18:29:30,376 - telecom_app.src.models.manager - INFO - Model R²: 0.9512689659632382
2026-08-31 18:29:30,394 - telecom_app.src.data.processor - INFO - Prepared features: 8004 rows, 13 features
2026-08-31 18:29:30,405 - telecom_app.src.models.explainer - INFO - SHAP explainer created successfully
2026-08-31 18:29:30,406 - telecom_app.__main__ - INFO - SHAP explainer created: True
2026-08-31 18:30:15,852 - telecom_app.src.models.manager - INFO - Project directory: G:\Study\DATA SCINCE\PROJECTS\POTFOLIO\telecom-consumption-intelligence
2026-08-31 18:30:15,852 - telecom_app.src.models.manager - INFO - Models directory: G:\Study\DATA SCINCE\PROJECTS\POTFOLIO\telecom-consumption-intelligence\models
2026-08-31 18:30:15,917 - telecom_app.src.models.manager - INFO - Checking models directory: G:\Study\DATA SCINCE\PROJECTS\POTFOLIO\telecom-consumption-intelligence\models
2026-08-31 18:30:15,918 - telecom_app.src.models.manager - INFO - Found model in project models directory: G:\Study\DATA SCINCE\PROJECTS\POTFOLIO\telecom-consumption-intelligence\models\gradient_boosting_final.pkl
2026-08-31 18:30:15,918 - telecom_app.src.models.manager - INFO - Loading model from: G:\Study\DATA SCINCE\PROJECTS\POTFOLIO\telecom-consumption-intelligence\models\gradient_boosting_final.pkl
2026-08-31 18:30:16,006 - telecom_app.src.models.manager - INFO - Loaded existing model successfully
2026-08-31 18:30:16,007 - telecom_app.src.models.manager - INFO - Model R²: 0.9512689659632382
2026-08-31 18:30:16,068 - telecom_app.src.data.processor - INFO - Prepared features: 8004 rows, 13 features
2026-08-31 18:30:16,088 - telecom_app.src.models.explainer - INFO - SHAP explainer created successfully
2026-08-31 18:30:16,091 - telecom_app.__main__ - INFO - SHAP explainer created: True
2026-08-31 18:30:16,974 - telecom_app.src.models.manager - INFO - Project directory: G:\Study\DATA SCINCE\PROJECTS\POTFOLIO\telecom-consumption-intelligence
2026-08-31 18:30:16,975 - telecom_app.src.models.manager - INFO - Models directory: G:\Study\DATA SCINCE\PROJECTS\POTFOLIO\telecom-consumption-intelligence\models
2026-08-31 18:30:17,007 - telecom_app.src.models.manager - INFO - Checking models directory: G:\Study\DATA SCINCE\PROJECTS\POTFOLIO\telecom-consumption-intelligence\models
2026-08-31 18:30:17,007 - telecom_app.src.models.manager - INFO - Found model in project models directory: G:\Study\DATA SCINCE\PROJECTS\POTFOLIO\telecom-consumption-intelligence\models\gradient_boosting_final.pkl
2026-08-31 18:30:17,007 - telecom_app.src.models.manager - INFO - Loading model from: G:\Study\DATA SCINCE\PROJECTS\POTFOLIO\telecom-consumption-intelligence\models\gradient_boosting_final.pkl
2026-08-31 18:30:17,014 - telecom_app.src.models.manager - INFO - Loaded existing model successfully
2026-08-31 18:30:17,014 - telecom_app.src.models.manager - INFO - Model R²: 0.9512689659632382
2026-08-31 18:30:17,031 - telecom_app.src.data.processor - INFO - Prepared features: 8004 rows, 13 features
2026-08-31 18:30:17,041 - telecom_app.src.models.explainer - INFO - SHAP explainer created successfully
2026-08-31 18:30:17,041 - telecom_app.__main__ - INFO - SHAP explainer created: True
2026-08-31 18:30:17,611 - telecom_app.src.analytics.anomalies - INFO - Detected 1357 anomalies
2026-08-31 18:31:53,142 - telecom_app.src.models.manager - INFO - Project directory: G:\Study\DATA SCINCE\PROJECTS\POTFOLIO\telecom-consumption-intelligence
2026-08-31 18:31:53,142 - telecom_app.src.models.manager - INFO - Models directory: G:\Study\DATA SCINCE\PROJECTS\POTFOLIO\telecom-consumption-intelligence\models
2026-08-31 18:31:53,185 - telecom_app.src.models.manager - INFO - Checking models directory: G:\Study\DATA SCINCE\PROJECTS\POTFOLIO\telecom-consumption-intelligence\models
2026-08-31 18:31:53,185 - telecom_app.src.models.manager - INFO - Found model in project models directory: G:\Study\DATA SCINCE\PROJECTS\POTFOLIO\telecom-consumption-intelligence\models\gradient_boosting_final.pkl
2026-08-31 18:31:53,185 - telecom_app.src.models.manager - INFO - Loading model from: G:\Study\DATA SCINCE\PROJECTS\POTFOLIO\telecom-consumption-intelligence\models\gradient_boosting_final.pkl
2026-08-31 18:31:53,199 - telecom_app.src.models.manager - INFO - Loaded existing model successfully
2026-08-31 18:31:53,199 - telecom_app.src.models.manager - INFO - Model R²: 0.9512689659632382
2026-08-31 18:31:53,222 - telecom_app.src.data.processor - INFO - Prepared features: 8004 rows, 13 features
2026-08-31 18:31:53,234 - telecom_app.src.models.explainer - INFO - SHAP explainer created successfully
2026-08-31 18:31:53,235 - telecom_app.__main__ - INFO - SHAP explainer created: True
2026-08-31 18:32:01,461 - telecom_app.src.models.manager - INFO - Project directory: G:\Study\DATA SCINCE\PROJECTS\POTFOLIO\telecom-consumption-intelligence
2026-08-31 18:32:01,462 - telecom_app.src.models.manager - INFO - Models directory: G:\Study\DATA SCINCE\PROJECTS\POTFOLIO\telecom-consumption-intelligence\models
2026-08-31 18:32:01,498 - telecom_app.src.models.manager - INFO - Checking models directory: G:\Study\DATA SCINCE\PROJECTS\POTFOLIO\telecom-consumption-intelligence\models
2026-08-31 18:32:01,498 - telecom_app.src.models.manager - INFO - Found model in project models directory: G:\Study\DATA SCINCE\PROJECTS\POTFOLIO\telecom-consumption-intelligence\models\gradient_boosting_final.pkl
2026-08-31 18:32:01,498 - telecom_app.src.models.manager - INFO - Loading model from: G:\Study\DATA SCINCE\PROJECTS\POTFOLIO\telecom-consumption-intelligence\models\gradient_boosting_final.pkl
2026-08-31 18:32:01,508 - telecom_app.src.models.manager - INFO - Loaded existing model successfully
2026-08-31 18:32:01,508 - telecom_app.src.models.manager - INFO - Model R²: 0.9512689659632382
2026-08-31 18:32:01,527 - telecom_app.src.data.processor - INFO - Prepared features: 8004 rows, 13 features
2026-08-31 18:32:01,541 - telecom_app.src.models.explainer - INFO - SHAP explainer created successfully
2026-08-31 18:32:01,542 - telecom_app.__main__ - INFO - SHAP explainer created: True
2026-08-31 18:32:04,076 - telecom_app.src.models.manager - INFO - Project directory: G:\Study\DATA SCINCE\PROJECTS\POTFOLIO\telecom-consumption-intelligence
2026-08-31 18:32:04,076 - telecom_app.src.models.manager - INFO - Models directory: G:\Study\DATA SCINCE\PROJECTS\POTFOLIO\telecom-consumption-intelligence\models
2026-08-31 18:32:04,160 - telecom_app.src.models.manager - INFO - Checking models directory: G:\Study\DATA SCINCE\PROJECTS\POTFOLIO\telecom-consumption-intelligence\models
2026-08-31 18:32:04,161 - telecom_app.src.models.manager - INFO - Found model in project models directory: G:\Study\DATA SCINCE\PROJECTS\POTFOLIO\telecom-consumption-intelligence\models\gradient_boosting_final.pkl
2026-08-31 18:32:04,161 - telecom_app.src.models.manager - INFO - Loading model from: G:\Study\DATA SCINCE\PROJECTS\POTFOLIO\telecom-consumption-intelligence\models\gradient_boosting_final.pkl
2026-08-31 18:32:04,184 - telecom_app.src.models.manager - INFO - Loaded existing model successfully
2026-08-31 18:32:04,186 - telecom_app.src.models.manager - INFO - Model R²: 0.9512689659632382
2026-08-31 18:32:04,231 - telecom_app.src.data.processor - INFO - Prepared features: 8004 rows, 13 features
2026-08-31 18:32:04,266 - telecom_app.src.models.explainer - INFO - SHAP explainer created successfully
2026-08-31 18:32:04,269 - telecom_app.__main__ - INFO - SHAP explainer created: True
2026-08-31 18:32:53,806 - telecom_app.src.models.manager - INFO - Project directory: G:\Study\DATA SCINCE\PROJECTS\POTFOLIO\telecom-consumption-intelligence
2026-08-31 18:32:53,807 - telecom_app.src.models.manager - INFO - Models directory: G:\Study\DATA SCINCE\PROJECTS\POTFOLIO\telecom-consumption-intelligence\models
2026-08-31 18:32:53,856 - telecom_app.src.models.manager - INFO - Checking models directory: G:\Study\DATA SCINCE\PROJECTS\POTFOLIO\telecom-consumption-intelligence\models
2026-08-31 18:32:53,856 - telecom_app.src.models.manager - INFO - Found model in project models directory: G:\Study\DATA SCINCE\PROJECTS\POTFOLIO\telecom-consumption-intelligence\models\gradient_boosting_final.pkl
2026-08-31 18:32:53,857 - telecom_app.src.models.manager - INFO - Loading model from: G:\Study\DATA SCINCE\PROJECTS\POTFOLIO\telecom-consumption-intelligence\models\gradient_boosting_final.pkl
2026-08-31 18:32:53,875 - telecom_app.src.models.manager - INFO - Loaded existing model successfully
2026-08-31 18:32:53,876 - telecom_app.src.models.manager - INFO - Model R²: 0.9512689659632382
2026-08-31 18:32:53,905 - telecom_app.src.data.processor - INFO - Prepared features: 8004 rows, 13 features
2026-08-31 18:32:53,932 - telecom_app.src.models.explainer - INFO - SHAP explainer created successfully
2026-08-31 18:32:53,934 - telecom_app.__main__ - INFO - SHAP explainer created: True
2026-08-31 18:33:05,646 - telecom_app.src.models.manager - INFO - Project directory: G:\Study\DATA SCINCE\PROJECTS\POTFOLIO\telecom-consumption-intelligence
2026-08-31 18:33:05,646 - telecom_app.src.models.manager - INFO - Models directory: G:\Study\DATA SCINCE\PROJECTS\POTFOLIO\telecom-consumption-intelligence\models
2026-08-31 18:33:05,682 - telecom_app.src.models.manager - INFO - Checking models directory: G:\Study\DATA SCINCE\PROJECTS\POTFOLIO\telecom-consumption-intelligence\models
2026-08-31 18:33:05,683 - telecom_app.src.models.manager - INFO - Found model in project models directory: G:\Study\DATA SCINCE\PROJECTS\POTFOLIO\telecom-consumption-intelligence\models\gradient_boosting_final.pkl
2026-08-31 18:33:05,683 - telecom_app.src.models.manager - INFO - Loading model from: G:\Study\DATA SCINCE\PROJECTS\POTFOLIO\telecom-consumption-intelligence\models\gradient_boosting_final.pkl
2026-08-31 18:33:05,691 - telecom_app.src.models.manager - INFO - Loaded existing model successfully
2026-08-31 18:33:05,691 - telecom_app.src.models.manager - INFO - Model R²: 0.9512689659632382
2026-08-31 18:33:05,707 - telecom_app.src.data.processor - INFO - Prepared features: 8004 rows, 13 features
2026-08-31 18:33:05,714 - telecom_app.src.models.explainer - INFO - SHAP explainer created successfully
2026-08-31 18:33:05,714 - telecom_app.__main__ - INFO - SHAP explainer created: True
2026-08-31 18:33:06,270 - telecom_app.src.utils.report_generator - WARNING - WeasyPrint is installed but missing dependencies: cannot load library 'libgobject-2.0-0': error 0x7e.  Additionally, ctypes.util.find_library() did not manage to locate a library called 'libgobject-2.0-0'
2026-08-31 18:33:06,270 - telecom_app.src.utils.report_generator - WARNING - Install GTK from: https://github.com/tschoonj/GTK-for-Windows-Runtime-Environment-Installer/releases
2026-08-31 18:33:06,271 - telecom_app.src.utils.report_generator - INFO - pdfkit is available
2026-08-31 18:33:06,271 - telecom_app.src.utils.report_generator - INFO - ReportLab is available
2026-08-31 18:33:06,612 - telecom_app.src.utils.report_generator - INFO - PDF generated successfully with ReportLab
2026-09-01 16:12:52,223 - telecom_app.src.utils.report_generator - WARNING - WeasyPrint is installed but missing dependencies: cannot load library 'libgobject-2.0-0': error 0x7e.  Additionally, ctypes.util.find_library() did not manage to locate a library called 'libgobject-2.0-0'
2026-09-01 16:12:52,223 - telecom_app.src.utils.report_generator - WARNING - Install GTK from: https://github.com/tschoonj/GTK-for-Windows-Runtime-Environment-Installer/releases
2026-09-01 16:12:52,238 - telecom_app.src.utils.report_generator - INFO - pdfkit is available
2026-09-01 16:12:52,243 - telecom_app.src.utils.report_generator - INFO - ReportLab is available
2026-09-01 16:12:52,269 - telecom_app.src.models.manager - INFO - Project directory: G:\Study\DATA SCINCE\PROJECTS\POTFOLIO\telecom-consumption-intelligence
2026-09-01 16:12:52,269 - telecom_app.src.models.manager - INFO - Models directory: G:\Study\DATA SCINCE\PROJECTS\POTFOLIO\telecom-consumption-intelligence\models
2026-09-01 16:12:52,988 - telecom_app.src.data.loader - INFO - Loading data from: G:\Study\DATA SCINCE\PROJECTS\POTFOLIO\telecom-consumption-intelligence\data\processed\train_data.parquet
2026-09-01 16:12:53,745 - telecom_app.src.data.loader - INFO - Loaded 8004 rows from G:\Study\DATA SCINCE\PROJECTS\POTFOLIO\telecom-consumption-intelligence\data\processed\train_data.parquet
2026-09-01 16:12:53,775 - telecom_app.src.models.manager - INFO - Checking models directory: G:\Study\DATA SCINCE\PROJECTS\POTFOLIO\telecom-consumption-intelligence\models
2026-09-01 16:12:53,776 - telecom_app.src.models.manager - INFO - Found model in project models directory: G:\Study\DATA SCINCE\PROJECTS\POTFOLIO\telecom-consumption-intelligence\models\gradient_boosting_final.pkl
2026-09-01 16:12:53,776 - telecom_app.src.models.manager - INFO - Loading model from: G:\Study\DATA SCINCE\PROJECTS\POTFOLIO\telecom-consumption-intelligence\models\gradient_boosting_final.pkl
2026-09-01 16:12:53,807 - telecom_app.src.models.manager - INFO - Loaded existing model successfully
2026-09-01 16:12:53,807 - telecom_app.src.models.manager - INFO - Model R²: 0.9512689659632382
2026-09-01 16:12:58,359 - telecom_app.src.data.processor - INFO - Prepared features: 8004 rows, 13 features
2026-09-01 16:12:58,369 - telecom_app.src.models.explainer - INFO - SHAP explainer created successfully
2026-09-01 16:12:58,370 - telecom_app.__main__ - INFO - SHAP explainer created: True
2026-09-01 16:14:03,128 - telecom_app.src.models.manager - INFO - Project directory: G:\Study\DATA SCINCE\PROJECTS\POTFOLIO\telecom-consumption-intelligence
2026-09-01 16:14:03,129 - telecom_app.src.models.manager - INFO - Models directory: G:\Study\DATA SCINCE\PROJECTS\POTFOLIO\telecom-consumption-intelligence\models
2026-09-01 16:14:03,173 - telecom_app.src.models.manager - INFO - Checking models directory: G:\Study\DATA SCINCE\PROJECTS\POTFOLIO\telecom-consumption-intelligence\models
2026-09-01 16:14:03,173 - telecom_app.src.models.manager - INFO - Found model in project models directory: G:\Study\DATA SCINCE\PROJECTS\POTFOLIO\telecom-consumption-intelligence\models\gradient_boosting_final.pkl
2026-09-01 16:14:03,174 - telecom_app.src.models.manager - INFO - Loading model from: G:\Study\DATA SCINCE\PROJECTS\POTFOLIO\telecom-consumption-intelligence\models\gradient_boosting_final.pkl
2026-09-01 16:14:03,185 - telecom_app.src.models.manager - INFO - Loaded existing model successfully
2026-09-01 16:14:03,185 - telecom_app.src.models.manager - INFO - Model R²: 0.9512689659632382
2026-09-01 16:14:03,210 - telecom_app.src.data.processor - INFO - Prepared features: 8004 rows, 13 features
2026-09-01 16:14:03,225 - telecom_app.src.models.explainer - INFO - SHAP explainer created successfully
2026-09-01 16:14:03,225 - telecom_app.__main__ - INFO - SHAP explainer created: True
2026-09-01 16:14:03,397 - telecom_app.src.models.manager - INFO - Project directory: G:\Study\DATA SCINCE\PROJECTS\POTFOLIO\telecom-consumption-intelligence
2026-09-01 16:14:03,399 - telecom_app.src.models.manager - INFO - Models directory: G:\Study\DATA SCINCE\PROJECTS\POTFOLIO\telecom-consumption-intelligence\models
2026-09-01 16:14:03,426 - telecom_app.src.models.manager - INFO - Checking models directory: G:\Study\DATA SCINCE\PROJECTS\POTFOLIO\telecom-consumption-intelligence\models
2026-09-01 16:14:03,427 - telecom_app.src.models.manager - INFO - Found model in project models directory: G:\Study\DATA SCINCE\PROJECTS\POTFOLIO\telecom-consumption-intelligence\models\gradient_boosting_final.pkl
2026-09-01 16:14:03,427 - telecom_app.src.models.manager - INFO - Loading model from: G:\Study\DATA SCINCE\PROJECTS\POTFOLIO\telecom-consumption-intelligence\models\gradient_boosting_final.pkl
2026-09-01 16:14:03,438 - telecom_app.src.models.manager - INFO - Loaded existing model successfully
2026-09-01 16:14:03,438 - telecom_app.src.models.manager - INFO - Model R²: 0.9512689659632382
2026-09-01 16:14:03,461 - telecom_app.src.data.processor - INFO - Prepared features: 8004 rows, 13 features
2026-09-01 16:14:03,468 - telecom_app.src.models.explainer - INFO - SHAP explainer created successfully
2026-09-01 16:14:03,468 - telecom_app.__main__ - INFO - SHAP explainer created: True
2026-09-01 16:14:26,438 - telecom_app.src.models.manager - INFO - Project directory: G:\Study\DATA SCINCE\PROJECTS\POTFOLIO\telecom-consumption-intelligence
2026-09-01 16:14:26,439 - telecom_app.src.models.manager - INFO - Models directory: G:\Study\DATA SCINCE\PROJECTS\POTFOLIO\telecom-consumption-intelligence\models
2026-09-01 16:14:26,487 - telecom_app.src.models.manager - INFO - Checking models directory: G:\Study\DATA SCINCE\PROJECTS\POTFOLIO\telecom-consumption-intelligence\models
2026-09-01 16:14:26,488 - telecom_app.src.models.manager - INFO - Found model in project models directory: G:\Study\DATA SCINCE\PROJECTS\POTFOLIO\telecom-consumption-intelligence\models\gradient_boosting_final.pkl
2026-09-01 16:14:26,488 - telecom_app.src.models.manager - INFO - Loading model from: G:\Study\DATA SCINCE\PROJECTS\POTFOLIO\telecom-consumption-intelligence\models\gradient_boosting_final.pkl
2026-09-01 16:14:26,495 - telecom_app.src.models.manager - INFO - Loaded existing model successfully
2026-09-01 16:14:26,496 - telecom_app.src.models.manager - INFO - Model R²: 0.9512689659632382
2026-09-01 16:14:26,516 - telecom_app.src.data.processor - INFO - Prepared features: 8004 rows, 13 features
2026-09-01 16:14:26,534 - telecom_app.src.models.explainer - INFO - SHAP explainer created successfully
2026-09-01 16:14:26,534 - telecom_app.__main__ - INFO - SHAP explainer created: True
2026-09-01 16:14:26,685 - telecom_app.src.models.manager - INFO - Project directory: G:\Study\DATA SCINCE\PROJECTS\POTFOLIO\telecom-consumption-intelligence
2026-09-01 16:14:26,686 - telecom_app.src.models.manager - INFO - Models directory: G:\Study\DATA SCINCE\PROJECTS\POTFOLIO\telecom-consumption-intelligence\models
2026-09-01 16:14:26,730 - telecom_app.src.models.manager - INFO - Checking models directory: G:\Study\DATA SCINCE\PROJECTS\POTFOLIO\telecom-consumption-intelligence\models
2026-09-01 16:14:26,747 - telecom_app.src.models.manager - INFO - Found model in project models directory: G:\Study\DATA SCINCE\PROJECTS\POTFOLIO\telecom-consumption-intelligence\models\gradient_boosting_final.pkl
2026-09-01 16:14:26,762 - telecom_app.src.models.manager - INFO - Loading model from: G:\Study\DATA SCINCE\PROJECTS\POTFOLIO\telecom-consumption-intelligence\models\gradient_boosting_final.pkl
2026-09-01 16:14:26,788 - telecom_app.src.models.manager - INFO - Loaded existing model successfully
2026-09-01 16:14:26,788 - telecom_app.src.models.manager - INFO - Model R²: 0.9512689659632382
2026-09-01 16:14:26,824 - telecom_app.src.data.processor - INFO - Prepared features: 8004 rows, 13 features
2026-09-01 16:14:26,842 - telecom_app.src.models.explainer - INFO - SHAP explainer created successfully
2026-09-01 16:14:26,845 - telecom_app.__main__ - INFO - SHAP explainer created: True
2026-09-01 16:14:28,037 - telecom_app.src.models.manager - INFO - Project directory: G:\Study\DATA SCINCE\PROJECTS\POTFOLIO\telecom-consumption-intelligence
2026-09-01 16:14:28,038 - telecom_app.src.models.manager - INFO - Models directory: G:\Study\DATA SCINCE\PROJECTS\POTFOLIO\telecom-consumption-intelligence\models
2026-09-01 16:14:28,077 - telecom_app.src.models.manager - INFO - Checking models directory: G:\Study\DATA SCINCE\PROJECTS\POTFOLIO\telecom-consumption-intelligence\models
2026-09-01 16:14:28,078 - telecom_app.src.models.manager - INFO - Found model in project models directory: G:\Study\DATA SCINCE\PROJECTS\POTFOLIO\telecom-consumption-intelligence\models\gradient_boosting_final.pkl
2026-09-01 16:14:28,078 - telecom_app.src.models.manager - INFO - Loading model from: G:\Study\DATA SCINCE\PROJECTS\POTFOLIO\telecom-consumption-intelligence\models\gradient_boosting_final.pkl
2026-09-01 16:14:28,088 - telecom_app.src.models.manager - INFO - Loaded existing model successfully
2026-09-01 16:14:28,088 - telecom_app.src.models.manager - INFO - Model R²: 0.9512689659632382
2026-09-01 16:14:28,112 - telecom_app.src.data.processor - INFO - Prepared features: 8004 rows, 13 features
2026-09-01 16:14:28,122 - telecom_app.src.models.explainer - INFO - SHAP explainer created successfully
2026-09-01 16:14:28,123 - telecom_app.__main__ - INFO - SHAP explainer created: True
2026-09-01 16:14:28,259 - telecom_app.src.models.manager - INFO - Project directory: G:\Study\DATA SCINCE\PROJECTS\POTFOLIO\telecom-consumption-intelligence
2026-09-01 16:14:28,261 - telecom_app.src.models.manager - INFO - Models directory: G:\Study\DATA SCINCE\PROJECTS\POTFOLIO\telecom-consumption-intelligence\models
2026-09-01 16:14:28,289 - telecom_app.src.models.manager - INFO - Checking models directory: G:\Study\DATA SCINCE\PROJECTS\POTFOLIO\telecom-consumption-intelligence\models
2026-09-01 16:14:28,289 - telecom_app.src.models.manager - INFO - Found model in project models directory: G:\Study\DATA SCINCE\PROJECTS\POTFOLIO\telecom-consumption-intelligence\models\gradient_boosting_final.pkl
2026-09-01 16:14:28,289 - telecom_app.src.models.manager - INFO - Loading model from: G:\Study\DATA SCINCE\PROJECTS\POTFOLIO\telecom-consumption-intelligence\models\gradient_boosting_final.pkl
2026-09-01 16:14:28,297 - telecom_app.src.models.manager - INFO - Loaded existing model successfully
2026-09-01 16:14:28,297 - telecom_app.src.models.manager - INFO - Model R²: 0.9512689659632382
2026-09-01 16:14:28,316 - telecom_app.src.data.processor - INFO - Prepared features: 8004 rows, 13 features
2026-09-01 16:14:28,326 - telecom_app.src.models.explainer - INFO - SHAP explainer created successfully
2026-09-01 16:14:28,327 - telecom_app.__main__ - INFO - SHAP explainer created: True
2026-09-01 16:14:29,629 - telecom_app.src.models.manager - INFO - Project directory: G:\Study\DATA SCINCE\PROJECTS\POTFOLIO\telecom-consumption-intelligence
2026-09-01 16:14:29,630 - telecom_app.src.models.manager - INFO - Models directory: G:\Study\DATA SCINCE\PROJECTS\POTFOLIO\telecom-consumption-intelligence\models
2026-09-01 16:14:29,673 - telecom_app.src.models.manager - INFO - Checking models directory: G:\Study\DATA SCINCE\PROJECTS\POTFOLIO\telecom-consumption-intelligence\models
2026-09-01 16:14:29,673 - telecom_app.src.models.manager - INFO - Found model in project models directory: G:\Study\DATA SCINCE\PROJECTS\POTFOLIO\telecom-consumption-intelligence\models\gradient_boosting_final.pkl
2026-09-01 16:14:29,674 - telecom_app.src.models.manager - INFO - Loading model from: G:\Study\DATA SCINCE\PROJECTS\POTFOLIO\telecom-consumption-intelligence\models\gradient_boosting_final.pkl
2026-09-01 16:14:29,680 - telecom_app.src.models.manager - INFO - Loaded existing model successfully
2026-09-01 16:14:29,680 - telecom_app.src.models.manager - INFO - Model R²: 0.9512689659632382
2026-09-01 16:14:29,704 - telecom_app.src.data.processor - INFO - Prepared features: 8004 rows, 13 features
2026-09-01 16:14:29,720 - telecom_app.src.models.explainer - INFO - SHAP explainer created successfully
2026-09-01 16:14:29,721 - telecom_app.__main__ - INFO - SHAP explainer created: True
2026-09-01 16:14:29,877 - telecom_app.src.models.manager - INFO - Project directory: G:\Study\DATA SCINCE\PROJECTS\POTFOLIO\telecom-consumption-intelligence
2026-09-01 16:14:29,877 - telecom_app.src.models.manager - INFO - Models directory: G:\Study\DATA SCINCE\PROJECTS\POTFOLIO\telecom-consumption-intelligence\models
2026-09-01 16:14:29,904 - telecom_app.src.models.manager - INFO - Checking models directory: G:\Study\DATA SCINCE\PROJECTS\POTFOLIO\telecom-consumption-intelligence\models
2026-09-01 16:14:29,904 - telecom_app.src.models.manager - INFO - Found model in project models directory: G:\Study\DATA SCINCE\PROJECTS\POTFOLIO\telecom-consumption-intelligence\models\gradient_boosting_final.pkl
2026-09-01 16:14:29,905 - telecom_app.src.models.manager - INFO - Loading model from: G:\Study\DATA SCINCE\PROJECTS\POTFOLIO\telecom-consumption-intelligence\models\gradient_boosting_final.pkl
2026-09-01 16:14:29,914 - telecom_app.src.models.manager - INFO - Loaded existing model successfully
2026-09-01 16:14:29,915 - telecom_app.src.models.manager - INFO - Model R²: 0.9512689659632382
2026-09-01 16:14:29,939 - telecom_app.src.data.processor - INFO - Prepared features: 8004 rows, 13 features
2026-09-01 16:14:29,948 - telecom_app.src.models.explainer - INFO - SHAP explainer created successfully
2026-09-01 16:14:29,948 - telecom_app.__main__ - INFO - SHAP explainer created: True
2026-09-01 16:14:30,566 - telecom_app.src.models.manager - INFO - Project directory: G:\Study\DATA SCINCE\PROJECTS\POTFOLIO\telecom-consumption-intelligence
2026-09-01 16:14:30,567 - telecom_app.src.models.manager - INFO - Models directory: G:\Study\DATA SCINCE\PROJECTS\POTFOLIO\telecom-consumption-intelligence\models
2026-09-01 16:14:30,745 - telecom_app.src.models.manager - INFO - Checking models directory: G:\Study\DATA SCINCE\PROJECTS\POTFOLIO\telecom-consumption-intelligence\models
2026-09-01 16:14:30,745 - telecom_app.src.models.manager - INFO - Found model in project models directory: G:\Study\DATA SCINCE\PROJECTS\POTFOLIO\telecom-consumption-intelligence\models\gradient_boosting_final.pkl
2026-09-01 16:14:30,745 - telecom_app.src.models.manager - INFO - Loading model from: G:\Study\DATA SCINCE\PROJECTS\POTFOLIO\telecom-consumption-intelligence\models\gradient_boosting_final.pkl
2026-09-01 16:14:30,754 - telecom_app.src.models.manager - INFO - Loaded existing model successfully
2026-09-01 16:14:30,755 - telecom_app.src.models.manager - INFO - Model R²: 0.9512689659632382
2026-09-01 16:14:30,772 - telecom_app.src.data.processor - INFO - Prepared features: 8004 rows, 13 features
2026-09-01 16:14:30,782 - telecom_app.src.models.explainer - INFO - SHAP explainer created successfully
2026-09-01 16:14:30,782 - telecom_app.__main__ - INFO - SHAP explainer created: True
2026-09-01 16:14:30,916 - telecom_app.src.models.manager - INFO - Project directory: G:\Study\DATA SCINCE\PROJECTS\POTFOLIO\telecom-consumption-intelligence
2026-09-01 16:14:30,916 - telecom_app.src.models.manager - INFO - Models directory: G:\Study\DATA SCINCE\PROJECTS\POTFOLIO\telecom-consumption-intelligence\models
2026-09-01 16:14:30,951 - telecom_app.src.models.manager - INFO - Checking models directory: G:\Study\DATA SCINCE\PROJECTS\POTFOLIO\telecom-consumption-intelligence\models
2026-09-01 16:14:30,951 - telecom_app.src.models.manager - INFO - Found model in project models directory: G:\Study\DATA SCINCE\PROJECTS\POTFOLIO\telecom-consumption-intelligence\models\gradient_boosting_final.pkl
2026-09-01 16:14:30,952 - telecom_app.src.models.manager - INFO - Loading model from: G:\Study\DATA SCINCE\PROJECTS\POTFOLIO\telecom-consumption-intelligence\models\gradient_boosting_final.pkl
2026-09-01 16:14:30,961 - telecom_app.src.models.manager - INFO - Loaded existing model successfully
2026-09-01 16:14:30,962 - telecom_app.src.models.manager - INFO - Model R²: 0.9512689659632382
2026-09-01 16:14:30,992 - telecom_app.src.data.processor - INFO - Prepared features: 8004 rows, 13 features
2026-09-01 16:14:31,001 - telecom_app.src.models.explainer - INFO - SHAP explainer created successfully
2026-09-01 16:14:31,002 - telecom_app.__main__ - INFO - SHAP explainer created: True
2026-09-01 16:14:35,299 - telecom_app.src.models.manager - INFO - Project directory: G:\Study\DATA SCINCE\PROJECTS\POTFOLIO\telecom-consumption-intelligence
2026-09-01 16:14:35,299 - telecom_app.src.models.manager - INFO - Models directory: G:\Study\DATA SCINCE\PROJECTS\POTFOLIO\telecom-consumption-intelligence\models
2026-09-01 16:14:35,346 - telecom_app.src.models.manager - INFO - Checking models directory: G:\Study\DATA SCINCE\PROJECTS\POTFOLIO\telecom-consumption-intelligence\models
2026-09-01 16:14:35,346 - telecom_app.src.models.manager - INFO - Found model in project models directory: G:\Study\DATA SCINCE\PROJECTS\POTFOLIO\telecom-consumption-intelligence\models\gradient_boosting_final.pkl
2026-09-01 16:14:35,347 - telecom_app.src.models.manager - INFO - Loading model from: G:\Study\DATA SCINCE\PROJECTS\POTFOLIO\telecom-consumption-intelligence\models\gradient_boosting_final.pkl
2026-09-01 16:14:35,357 - telecom_app.src.models.manager - INFO - Loaded existing model successfully
2026-09-01 16:14:35,357 - telecom_app.src.models.manager - INFO - Model R²: 0.9512689659632382
2026-09-01 16:14:35,374 - telecom_app.src.data.processor - INFO - Prepared features: 8004 rows, 13 features
2026-09-01 16:14:35,387 - telecom_app.src.models.explainer - INFO - SHAP explainer created successfully
2026-09-01 16:14:35,387 - telecom_app.__main__ - INFO - SHAP explainer created: True
2026-09-01 16:14:36,595 - telecom_app.src.models.manager - INFO - Project directory: G:\Study\DATA SCINCE\PROJECTS\POTFOLIO\telecom-consumption-intelligence
2026-09-01 16:14:36,595 - telecom_app.src.models.manager - INFO - Models directory: G:\Study\DATA SCINCE\PROJECTS\POTFOLIO\telecom-consumption-intelligence\models
2026-09-01 16:14:36,639 - telecom_app.src.models.manager - INFO - Checking models directory: G:\Study\DATA SCINCE\PROJECTS\POTFOLIO\telecom-consumption-intelligence\models
2026-09-01 16:14:36,639 - telecom_app.src.models.manager - INFO - Found model in project models directory: G:\Study\DATA SCINCE\PROJECTS\POTFOLIO\telecom-consumption-intelligence\models\gradient_boosting_final.pkl
2026-09-01 16:14:36,640 - telecom_app.src.models.manager - INFO - Loading model from: G:\Study\DATA SCINCE\PROJECTS\POTFOLIO\telecom-consumption-intelligence\models\gradient_boosting_final.pkl
2026-09-01 16:14:36,652 - telecom_app.src.models.manager - INFO - Loaded existing model successfully
2026-09-01 16:14:36,652 - telecom_app.src.models.manager - INFO - Model R²: 0.9512689659632382
2026-09-01 16:14:36,749 - telecom_app.src.data.processor - INFO - Prepared features: 8004 rows, 13 features
2026-09-01 16:14:36,773 - telecom_app.src.models.explainer - INFO - SHAP explainer created successfully
2026-09-01 16:14:36,774 - telecom_app.__main__ - INFO - SHAP explainer created: True
2026-09-01 16:14:36,901 - telecom_app.src.models.manager - INFO - Project directory: G:\Study\DATA SCINCE\PROJECTS\POTFOLIO\telecom-consumption-intelligence
2026-09-01 16:14:36,902 - telecom_app.src.models.manager - INFO - Models directory: G:\Study\DATA SCINCE\PROJECTS\POTFOLIO\telecom-consumption-intelligence\models
2026-09-01 16:14:36,932 - telecom_app.src.models.manager - INFO - Checking models directory: G:\Study\DATA SCINCE\PROJECTS\POTFOLIO\telecom-consumption-intelligence\models
2026-09-01 16:14:36,932 - telecom_app.src.models.manager - INFO - Found model in project models directory: G:\Study\DATA SCINCE\PROJECTS\POTFOLIO\telecom-consumption-intelligence\models\gradient_boosting_final.pkl
2026-09-01 16:14:36,933 - telecom_app.src.models.manager - INFO - Loading model from: G:\Study\DATA SCINCE\PROJECTS\POTFOLIO\telecom-consumption-intelligence\models\gradient_boosting_final.pkl
2026-09-01 16:14:36,944 - telecom_app.src.models.manager - INFO - Loaded existing model successfully
2026-09-01 16:14:36,945 - telecom_app.src.models.manager - INFO - Model R²: 0.9512689659632382
2026-09-01 16:14:36,968 - telecom_app.src.data.processor - INFO - Prepared features: 8004 rows, 13 features
2026-09-01 16:14:36,975 - telecom_app.src.models.explainer - INFO - SHAP explainer created successfully
2026-09-01 16:14:36,976 - telecom_app.__main__ - INFO - SHAP explainer created: True
2026-09-01 16:14:38,598 - telecom_app.src.models.manager - INFO - Project directory: G:\Study\DATA SCINCE\PROJECTS\POTFOLIO\telecom-consumption-intelligence
2026-09-01 16:14:38,599 - telecom_app.src.models.manager - INFO - Models directory: G:\Study\DATA SCINCE\PROJECTS\POTFOLIO\telecom-consumption-intelligence\models
2026-09-01 16:14:38,642 - telecom_app.src.models.manager - INFO - Checking models directory: G:\Study\DATA SCINCE\PROJECTS\POTFOLIO\telecom-consumption-intelligence\models
2026-09-01 16:14:38,643 - telecom_app.src.models.manager - INFO - Found model in project models directory: G:\Study\DATA SCINCE\PROJECTS\POTFOLIO\telecom-consumption-intelligence\models\gradient_boosting_final.pkl
2026-09-01 16:14:38,643 - telecom_app.src.models.manager - INFO - Loading model from: G:\Study\DATA SCINCE\PROJECTS\POTFOLIO\telecom-consumption-intelligence\models\gradient_boosting_final.pkl
2026-09-01 16:14:38,657 - telecom_app.src.models.manager - INFO - Loaded existing model successfully
2026-09-01 16:14:38,658 - telecom_app.src.models.manager - INFO - Model R²: 0.9512689659632382
2026-09-01 16:14:38,680 - telecom_app.src.data.processor - INFO - Prepared features: 8004 rows, 13 features
2026-09-01 16:14:38,689 - telecom_app.src.models.explainer - INFO - SHAP explainer created successfully
2026-09-01 16:14:38,689 - telecom_app.__main__ - INFO - SHAP explainer created: True
2026-09-01 16:14:38,835 - telecom_app.src.models.manager - INFO - Project directory: G:\Study\DATA SCINCE\PROJECTS\POTFOLIO\telecom-consumption-intelligence
2026-09-01 16:14:38,836 - telecom_app.src.models.manager - INFO - Models directory: G:\Study\DATA SCINCE\PROJECTS\POTFOLIO\telecom-consumption-intelligence\models
2026-09-01 16:14:38,880 - telecom_app.src.models.manager - INFO - Checking models directory: G:\Study\DATA SCINCE\PROJECTS\POTFOLIO\telecom-consumption-intelligence\models
2026-09-01 16:14:38,881 - telecom_app.src.models.manager - INFO - Found model in project models directory: G:\Study\DATA SCINCE\PROJECTS\POTFOLIO\telecom-consumption-intelligence\models\gradient_boosting_final.pkl
2026-09-01 16:14:38,881 - telecom_app.src.models.manager - INFO - Loading model from: G:\Study\DATA SCINCE\PROJECTS\POTFOLIO\telecom-consumption-intelligence\models\gradient_boosting_final.pkl
2026-09-01 16:14:38,914 - telecom_app.src.models.manager - INFO - Loaded existing model successfully
2026-09-01 16:14:38,914 - telecom_app.src.models.manager - INFO - Model R²: 0.9512689659632382
2026-09-01 16:14:38,949 - telecom_app.src.data.processor - INFO - Prepared features: 8004 rows, 13 features
2026-09-01 16:14:38,977 - telecom_app.src.models.explainer - INFO - SHAP explainer created successfully
2026-09-01 16:14:38,978 - telecom_app.__main__ - INFO - SHAP explainer created: True
2026-09-01 16:14:39,918 - telecom_app.src.models.manager - INFO - Project directory: G:\Study\DATA SCINCE\PROJECTS\POTFOLIO\telecom-consumption-intelligence
2026-09-01 16:14:39,919 - telecom_app.src.models.manager - INFO - Models directory: G:\Study\DATA SCINCE\PROJECTS\POTFOLIO\telecom-consumption-intelligence\models
2026-09-01 16:14:39,957 - telecom_app.src.models.manager - INFO - Checking models directory: G:\Study\DATA SCINCE\PROJECTS\POTFOLIO\telecom-consumption-intelligence\models
2026-09-01 16:14:39,957 - telecom_app.src.models.manager - INFO - Found model in project models directory: G:\Study\DATA SCINCE\PROJECTS\POTFOLIO\telecom-consumption-intelligence\models\gradient_boosting_final.pkl
2026-09-01 16:14:39,957 - telecom_app.src.models.manager - INFO - Loading model from: G:\Study\DATA SCINCE\PROJECTS\POTFOLIO\telecom-consumption-intelligence\models\gradient_boosting_final.pkl
2026-09-01 16:14:39,967 - telecom_app.src.models.manager - INFO - Loaded existing model successfully
2026-09-01 16:14:39,967 - telecom_app.src.models.manager - INFO - Model R²: 0.9512689659632382
2026-09-01 16:14:39,986 - telecom_app.src.data.processor - INFO - Prepared features: 8004 rows, 13 features
2026-09-01 16:14:39,995 - telecom_app.src.models.explainer - INFO - SHAP explainer created successfully
2026-09-01 16:14:39,995 - telecom_app.__main__ - INFO - SHAP explainer created: True
2026-09-01 16:14:40,129 - telecom_app.src.models.manager - INFO - Project directory: G:\Study\DATA SCINCE\PROJECTS\POTFOLIO\telecom-consumption-intelligence
2026-09-01 16:14:40,130 - telecom_app.src.models.manager - INFO - Models directory: G:\Study\DATA SCINCE\PROJECTS\POTFOLIO\telecom-consumption-intelligence\models
2026-09-01 16:14:40,160 - telecom_app.src.models.manager - INFO - Checking models directory: G:\Study\DATA SCINCE\PROJECTS\POTFOLIO\telecom-consumption-intelligence\models
2026-09-01 16:14:40,160 - telecom_app.src.models.manager - INFO - Found model in project models directory: G:\Study\DATA SCINCE\PROJECTS\POTFOLIO\telecom-consumption-intelligence\models\gradient_boosting_final.pkl
2026-09-01 16:14:40,160 - telecom_app.src.models.manager - INFO - Loading model from: G:\Study\DATA SCINCE\PROJECTS\POTFOLIO\telecom-consumption-intelligence\models\gradient_boosting_final.pkl
2026-09-01 16:14:40,172 - telecom_app.src.models.manager - INFO - Loaded existing model successfully
2026-09-01 16:14:40,172 - telecom_app.src.models.manager - INFO - Model R²: 0.9512689659632382
2026-09-01 16:14:40,194 - telecom_app.src.data.processor - INFO - Prepared features: 8004 rows, 13 features
2026-09-01 16:14:40,201 - telecom_app.src.models.explainer - INFO - SHAP explainer created successfully
2026-09-01 16:14:40,202 - telecom_app.__main__ - INFO - SHAP explainer created: True
2026-09-01 16:15:05,715 - telecom_app.src.models.manager - INFO - Project directory: G:\Study\DATA SCINCE\PROJECTS\POTFOLIO\telecom-consumption-intelligence
2026-09-01 16:15:05,715 - telecom_app.src.models.manager - INFO - Models directory: G:\Study\DATA SCINCE\PROJECTS\POTFOLIO\telecom-consumption-intelligence\models
2026-09-01 16:15:05,758 - telecom_app.src.models.manager - INFO - Checking models directory: G:\Study\DATA SCINCE\PROJECTS\POTFOLIO\telecom-consumption-intelligence\models
2026-09-01 16:15:05,758 - telecom_app.src.models.manager - INFO - Found model in project models directory: G:\Study\DATA SCINCE\PROJECTS\POTFOLIO\telecom-consumption-intelligence\models\gradient_boosting_final.pkl
2026-09-01 16:15:05,759 - telecom_app.src.models.manager - INFO - Loading model from: G:\Study\DATA SCINCE\PROJECTS\POTFOLIO\telecom-consumption-intelligence\models\gradient_boosting_final.pkl
2026-09-01 16:15:05,771 - telecom_app.src.models.manager - INFO - Loaded existing model successfully
2026-09-01 16:15:05,771 - telecom_app.src.models.manager - INFO - Model R²: 0.9512689659632382
2026-09-01 16:15:05,809 - telecom_app.src.data.processor - INFO - Prepared features: 8004 rows, 13 features
2026-09-01 16:15:05,820 - telecom_app.src.models.explainer - INFO - SHAP explainer created successfully
2026-09-01 16:15:05,820 - telecom_app.__main__ - INFO - SHAP explainer created: True
2026-09-01 16:15:06,664 - telecom_app.src.models.manager - INFO - Project directory: G:\Study\DATA SCINCE\PROJECTS\POTFOLIO\telecom-consumption-intelligence
2026-09-01 16:15:06,665 - telecom_app.src.models.manager - INFO - Models directory: G:\Study\DATA SCINCE\PROJECTS\POTFOLIO\telecom-consumption-intelligence\models
2026-09-01 16:15:06,699 - telecom_app.src.models.manager - INFO - Checking models directory: G:\Study\DATA SCINCE\PROJECTS\POTFOLIO\telecom-consumption-intelligence\models
2026-09-01 16:15:06,699 - telecom_app.src.models.manager - INFO - Found model in project models directory: G:\Study\DATA SCINCE\PROJECTS\POTFOLIO\telecom-consumption-intelligence\models\gradient_boosting_final.pkl
2026-09-01 16:15:06,700 - telecom_app.src.models.manager - INFO - Loading model from: G:\Study\DATA SCINCE\PROJECTS\POTFOLIO\telecom-consumption-intelligence\models\gradient_boosting_final.pkl
2026-09-01 16:15:06,707 - telecom_app.src.models.manager - INFO - Loaded existing model successfully
2026-09-01 16:15:06,708 - telecom_app.src.models.manager - INFO - Model R²: 0.9512689659632382
2026-09-01 16:15:06,728 - telecom_app.src.data.processor - INFO - Prepared features: 8004 rows, 13 features
2026-09-01 16:15:06,742 - telecom_app.src.models.explainer - INFO - SHAP explainer created successfully
2026-09-01 16:15:06,742 - telecom_app.__main__ - INFO - SHAP explainer created: True
2026-09-01 16:15:07,547 - telecom_app.src.models.manager - INFO - Project directory: G:\Study\DATA SCINCE\PROJECTS\POTFOLIO\telecom-consumption-intelligence
2026-09-01 16:15:07,548 - telecom_app.src.models.manager - INFO - Models directory: G:\Study\DATA SCINCE\PROJECTS\POTFOLIO\telecom-consumption-intelligence\models
2026-09-01 16:15:07,585 - telecom_app.src.models.manager - INFO - Checking models directory: G:\Study\DATA SCINCE\PROJECTS\POTFOLIO\telecom-consumption-intelligence\models
2026-09-01 16:15:07,585 - telecom_app.src.models.manager - INFO - Found model in project models directory: G:\Study\DATA SCINCE\PROJECTS\POTFOLIO\telecom-consumption-intelligence\models\gradient_boosting_final.pkl
2026-09-01 16:15:07,585 - telecom_app.src.models.manager - INFO - Loading model from: G:\Study\DATA SCINCE\PROJECTS\POTFOLIO\telecom-consumption-intelligence\models\gradient_boosting_final.pkl
2026-09-01 16:15:07,596 - telecom_app.src.models.manager - INFO - Loaded existing model successfully
2026-09-01 16:15:07,596 - telecom_app.src.models.manager - INFO - Model R²: 0.9512689659632382
2026-09-01 16:15:07,614 - telecom_app.src.data.processor - INFO - Prepared features: 8004 rows, 13 features
2026-09-01 16:15:07,636 - telecom_app.src.models.explainer - INFO - SHAP explainer created successfully
2026-09-01 16:15:07,637 - telecom_app.__main__ - INFO - SHAP explainer created: True
2026-09-01 16:15:08,495 - telecom_app.src.models.manager - INFO - Project directory: G:\Study\DATA SCINCE\PROJECTS\POTFOLIO\telecom-consumption-intelligence
2026-09-01 16:15:08,497 - telecom_app.src.models.manager - INFO - Models directory: G:\Study\DATA SCINCE\PROJECTS\POTFOLIO\telecom-consumption-intelligence\models
2026-09-01 16:15:08,535 - telecom_app.src.models.manager - INFO - Checking models directory: G:\Study\DATA SCINCE\PROJECTS\POTFOLIO\telecom-consumption-intelligence\models
2026-09-01 16:15:08,536 - telecom_app.src.models.manager - INFO - Found model in project models directory: G:\Study\DATA SCINCE\PROJECTS\POTFOLIO\telecom-consumption-intelligence\models\gradient_boosting_final.pkl
2026-09-01 16:15:08,537 - telecom_app.src.models.manager - INFO - Loading model from: G:\Study\DATA SCINCE\PROJECTS\POTFOLIO\telecom-consumption-intelligence\models\gradient_boosting_final.pkl
2026-09-01 16:15:08,545 - telecom_app.src.models.manager - INFO - Loaded existing model successfully
2026-09-01 16:15:08,546 - telecom_app.src.models.manager - INFO - Model R²: 0.9512689659632382
2026-09-01 16:15:08,573 - telecom_app.src.data.processor - INFO - Prepared features: 8004 rows, 13 features
2026-09-01 16:15:08,584 - telecom_app.src.models.explainer - INFO - SHAP explainer created successfully
2026-09-01 16:15:08,584 - telecom_app.__main__ - INFO - SHAP explainer created: True
2026-09-01 16:15:09,420 - telecom_app.src.models.manager - INFO - Project directory: G:\Study\DATA SCINCE\PROJECTS\POTFOLIO\telecom-consumption-intelligence
2026-09-01 16:15:09,420 - telecom_app.src.models.manager - INFO - Models directory: G:\Study\DATA SCINCE\PROJECTS\POTFOLIO\telecom-consumption-intelligence\models
2026-09-01 16:15:09,452 - telecom_app.src.models.manager - INFO - Checking models directory: G:\Study\DATA SCINCE\PROJECTS\POTFOLIO\telecom-consumption-intelligence\models
2026-09-01 16:15:09,453 - telecom_app.src.models.manager - INFO - Found model in project models directory: G:\Study\DATA SCINCE\PROJECTS\POTFOLIO\telecom-consumption-intelligence\models\gradient_boosting_final.pkl
2026-09-01 16:15:09,453 - telecom_app.src.models.manager - INFO - Loading model from: G:\Study\DATA SCINCE\PROJECTS\POTFOLIO\telecom-consumption-intelligence\models\gradient_boosting_final.pkl
2026-09-01 16:15:09,465 - telecom_app.src.models.manager - INFO - Loaded existing model successfully
2026-09-01 16:15:09,465 - telecom_app.src.models.manager - INFO - Model R²: 0.9512689659632382
2026-09-01 16:15:09,487 - telecom_app.src.data.processor - INFO - Prepared features: 8004 rows, 13 features
2026-09-01 16:15:09,504 - telecom_app.src.models.explainer - INFO - SHAP explainer created successfully
2026-09-01 16:15:09,505 - telecom_app.__main__ - INFO - SHAP explainer created: True
2026-09-01 16:15:09,599 - telecom_app.src.models.manager - INFO - Project directory: G:\Study\DATA SCINCE\PROJECTS\POTFOLIO\telecom-consumption-intelligence
2026-09-01 16:15:09,599 - telecom_app.src.models.manager - INFO - Models directory: G:\Study\DATA SCINCE\PROJECTS\POTFOLIO\telecom-consumption-intelligence\models
2026-09-01 16:15:09,604 - telecom_app.src.data.processor - INFO - Prepared features: 1 rows, 13 features
2026-09-01 16:15:09,611 - telecom_app.src.data.processor - INFO - Prepared features: 1 rows, 13 features
2026-09-01 16:23:09,493 - telecom_app.src.models.manager - INFO - Project directory: G:\Study\DATA SCINCE\PROJECTS\POTFOLIO\telecom-consumption-intelligence
2026-09-01 16:23:09,493 - telecom_app.src.models.manager - INFO - Models directory: G:\Study\DATA SCINCE\PROJECTS\POTFOLIO\telecom-consumption-intelligence\models
2026-09-01 16:23:09,549 - telecom_app.src.models.manager - INFO - Checking models directory: G:\Study\DATA SCINCE\PROJECTS\POTFOLIO\telecom-consumption-intelligence\models
2026-09-01 16:23:09,549 - telecom_app.src.models.manager - INFO - Found model in project models directory: G:\Study\DATA SCINCE\PROJECTS\POTFOLIO\telecom-consumption-intelligence\models\gradient_boosting_final.pkl
2026-09-01 16:23:09,549 - telecom_app.src.models.manager - INFO - Loading model from: G:\Study\DATA SCINCE\PROJECTS\POTFOLIO\telecom-consumption-intelligence\models\gradient_boosting_final.pkl
2026-09-01 16:23:09,568 - telecom_app.src.models.manager - INFO - Loaded existing model successfully
2026-09-01 16:23:09,571 - telecom_app.src.models.manager - INFO - Model R²: 0.9512689659632382
2026-09-01 16:23:09,600 - telecom_app.src.data.processor - INFO - Prepared features: 8004 rows, 13 features
2026-09-01 16:23:09,607 - telecom_app.src.models.explainer - INFO - SHAP explainer created successfully
2026-09-01 16:23:09,609 - telecom_app.__main__ - INFO - SHAP explainer created: True
2026-09-01 16:23:48,502 - telecom_app.src.models.manager - INFO - Project directory: G:\Study\DATA SCINCE\PROJECTS\POTFOLIO\telecom-consumption-intelligence
2026-09-01 16:23:48,503 - telecom_app.src.models.manager - INFO - Models directory: G:\Study\DATA SCINCE\PROJECTS\POTFOLIO\telecom-consumption-intelligence\models
2026-09-01 16:23:48,544 - telecom_app.src.models.manager - INFO - Checking models directory: G:\Study\DATA SCINCE\PROJECTS\POTFOLIO\telecom-consumption-intelligence\models
2026-09-01 16:23:48,544 - telecom_app.src.models.manager - INFO - Found model in project models directory: G:\Study\DATA SCINCE\PROJECTS\POTFOLIO\telecom-consumption-intelligence\models\gradient_boosting_final.pkl
2026-09-01 16:23:48,544 - telecom_app.src.models.manager - INFO - Loading model from: G:\Study\DATA SCINCE\PROJECTS\POTFOLIO\telecom-consumption-intelligence\models\gradient_boosting_final.pkl
2026-09-01 16:23:48,551 - telecom_app.src.models.manager - INFO - Loaded existing model successfully
2026-09-01 16:23:48,552 - telecom_app.src.models.manager - INFO - Model R²: 0.9512689659632382
2026-09-01 16:23:48,577 - telecom_app.src.data.processor - INFO - Prepared features: 8004 rows, 13 features
2026-09-01 16:23:48,588 - telecom_app.src.models.explainer - INFO - SHAP explainer created successfully
2026-09-01 16:23:48,589 - telecom_app.__main__ - INFO - SHAP explainer created: True
2026-09-01 16:23:50,612 - telecom_app.src.models.manager - INFO - Project directory: G:\Study\DATA SCINCE\PROJECTS\POTFOLIO\telecom-consumption-intelligence
2026-09-01 16:23:50,612 - telecom_app.src.models.manager - INFO - Models directory: G:\Study\DATA SCINCE\PROJECTS\POTFOLIO\telecom-consumption-intelligence\models
2026-09-01 16:23:50,654 - telecom_app.src.models.manager - INFO - Checking models directory: G:\Study\DATA SCINCE\PROJECTS\POTFOLIO\telecom-consumption-intelligence\models
2026-09-01 16:23:50,655 - telecom_app.src.models.manager - INFO - Found model in project models directory: G:\Study\DATA SCINCE\PROJECTS\POTFOLIO\telecom-consumption-intelligence\models\gradient_boosting_final.pkl
2026-09-01 16:23:50,655 - telecom_app.src.models.manager - INFO - Loading model from: G:\Study\DATA SCINCE\PROJECTS\POTFOLIO\telecom-consumption-intelligence\models\gradient_boosting_final.pkl
2026-09-01 16:23:50,665 - telecom_app.src.models.manager - INFO - Loaded existing model successfully
2026-09-01 16:23:50,665 - telecom_app.src.models.manager - INFO - Model R²: 0.9512689659632382
2026-09-01 16:23:50,697 - telecom_app.src.data.processor - INFO - Prepared features: 8004 rows, 13 features
2026-09-01 16:23:50,706 - telecom_app.src.models.explainer - INFO - SHAP explainer created successfully
2026-09-01 16:23:50,706 - telecom_app.__main__ - INFO - SHAP explainer created: True
2026-09-01 16:24:27,777 - telecom_app.src.models.manager - INFO - Project directory: G:\Study\DATA SCINCE\PROJECTS\POTFOLIO\telecom-consumption-intelligence
2026-09-01 16:24:27,780 - telecom_app.src.models.manager - INFO - Models directory: G:\Study\DATA SCINCE\PROJECTS\POTFOLIO\telecom-consumption-intelligence\models
2026-09-01 16:24:27,828 - telecom_app.src.models.manager - INFO - Checking models directory: G:\Study\DATA SCINCE\PROJECTS\POTFOLIO\telecom-consumption-intelligence\models
2026-09-01 16:24:27,829 - telecom_app.src.models.manager - INFO - Found model in project models directory: G:\Study\DATA SCINCE\PROJECTS\POTFOLIO\telecom-consumption-intelligence\models\gradient_boosting_final.pkl
2026-09-01 16:24:27,829 - telecom_app.src.models.manager - INFO - Loading model from: G:\Study\DATA SCINCE\PROJECTS\POTFOLIO\telecom-consumption-intelligence\models\gradient_boosting_final.pkl
2026-09-01 16:24:27,841 - telecom_app.src.models.manager - INFO - Loaded existing model successfully
2026-09-01 16:24:27,841 - telecom_app.src.models.manager - INFO - Model R²: 0.9512689659632382
2026-09-01 16:24:27,871 - telecom_app.src.data.processor - INFO - Prepared features: 8004 rows, 13 features
2026-09-01 16:24:27,889 - telecom_app.src.models.explainer - INFO - SHAP explainer created successfully
2026-09-01 16:24:27,890 - telecom_app.__main__ - INFO - SHAP explainer created: True
2026-09-01 16:24:29,004 - telecom_app.src.models.manager - INFO - Project directory: G:\Study\DATA SCINCE\PROJECTS\POTFOLIO\telecom-consumption-intelligence
2026-09-01 16:24:29,007 - telecom_app.src.models.manager - INFO - Models directory: G:\Study\DATA SCINCE\PROJECTS\POTFOLIO\telecom-consumption-intelligence\models
2026-09-01 16:24:29,045 - telecom_app.src.models.manager - INFO - Checking models directory: G:\Study\DATA SCINCE\PROJECTS\POTFOLIO\telecom-consumption-intelligence\models
2026-09-01 16:24:29,046 - telecom_app.src.models.manager - INFO - Found model in project models directory: G:\Study\DATA SCINCE\PROJECTS\POTFOLIO\telecom-consumption-intelligence\models\gradient_boosting_final.pkl
2026-09-01 16:24:29,047 - telecom_app.src.models.manager - INFO - Loading model from: G:\Study\DATA SCINCE\PROJECTS\POTFOLIO\telecom-consumption-intelligence\models\gradient_boosting_final.pkl
2026-09-01 16:24:29,056 - telecom_app.src.models.manager - INFO - Loaded existing model successfully
2026-09-01 16:24:29,056 - telecom_app.src.models.manager - INFO - Model R²: 0.9512689659632382
2026-09-01 16:24:29,092 - telecom_app.src.data.processor - INFO - Prepared features: 8004 rows, 13 features
2026-09-01 16:24:29,102 - telecom_app.src.models.explainer - INFO - SHAP explainer created successfully
2026-09-01 16:24:29,103 - telecom_app.__main__ - INFO - SHAP explainer created: True
2026-09-01 16:24:35,609 - telecom_app.src.models.manager - INFO - Project directory: G:\Study\DATA SCINCE\PROJECTS\POTFOLIO\telecom-consumption-intelligence
2026-09-01 16:24:35,610 - telecom_app.src.models.manager - INFO - Models directory: G:\Study\DATA SCINCE\PROJECTS\POTFOLIO\telecom-consumption-intelligence\models
2026-09-01 16:24:35,654 - telecom_app.src.models.manager - INFO - Checking models directory: G:\Study\DATA SCINCE\PROJECTS\POTFOLIO\telecom-consumption-intelligence\models
2026-09-01 16:24:35,655 - telecom_app.src.models.manager - INFO - Found model in project models directory: G:\Study\DATA SCINCE\PROJECTS\POTFOLIO\telecom-consumption-intelligence\models\gradient_boosting_final.pkl
2026-09-01 16:24:35,655 - telecom_app.src.models.manager - INFO - Loading model from: G:\Study\DATA SCINCE\PROJECTS\POTFOLIO\telecom-consumption-intelligence\models\gradient_boosting_final.pkl
2026-09-01 16:24:35,669 - telecom_app.src.models.manager - INFO - Loaded existing model successfully
2026-09-01 16:24:35,669 - telecom_app.src.models.manager - INFO - Model R²: 0.9512689659632382
2026-09-01 16:24:35,694 - telecom_app.src.data.processor - INFO - Prepared features: 8004 rows, 13 features
2026-09-01 16:24:35,704 - telecom_app.src.models.explainer - INFO - SHAP explainer created successfully
2026-09-01 16:24:35,704 - telecom_app.__main__ - INFO - SHAP explainer created: True
2026-09-01 16:24:37,169 - telecom_app.src.models.manager - INFO - Project directory: G:\Study\DATA SCINCE\PROJECTS\POTFOLIO\telecom-consumption-intelligence
2026-09-01 16:24:38,079 - telecom_app.src.models.manager - INFO - Models directory: G:\Study\DATA SCINCE\PROJECTS\POTFOLIO\telecom-consumption-intelligence\models
2026-09-01 16:24:38,121 - telecom_app.src.models.manager - INFO - Checking models directory: G:\Study\DATA SCINCE\PROJECTS\POTFOLIO\telecom-consumption-intelligence\models
2026-09-01 16:24:38,122 - telecom_app.src.models.manager - INFO - Found model in project models directory: G:\Study\DATA SCINCE\PROJECTS\POTFOLIO\telecom-consumption-intelligence\models\gradient_boosting_final.pkl
2026-09-01 16:24:38,122 - telecom_app.src.models.manager - INFO - Loading model from: G:\Study\DATA SCINCE\PROJECTS\POTFOLIO\telecom-consumption-intelligence\models\gradient_boosting_final.pkl
2026-09-01 16:24:38,133 - telecom_app.src.models.manager - INFO - Loaded existing model successfully
2026-09-01 16:24:38,133 - telecom_app.src.models.manager - INFO - Model R²: 0.9512689659632382
2026-09-01 16:24:38,151 - telecom_app.src.data.processor - INFO - Prepared features: 8004 rows, 13 features
2026-09-01 16:24:38,161 - telecom_app.src.models.explainer - INFO - SHAP explainer created successfully
2026-09-01 16:24:38,162 - telecom_app.__main__ - INFO - SHAP explainer created: True
2026-09-01 16:25:45,702 - telecom_app.src.models.manager - INFO - Project directory: G:\Study\DATA SCINCE\PROJECTS\POTFOLIO\telecom-consumption-intelligence
2026-09-01 16:25:45,702 - telecom_app.src.models.manager - INFO - Models directory: G:\Study\DATA SCINCE\PROJECTS\POTFOLIO\telecom-consumption-intelligence\models
2026-09-01 16:25:45,746 - telecom_app.src.models.manager - INFO - Checking models directory: G:\Study\DATA SCINCE\PROJECTS\POTFOLIO\telecom-consumption-intelligence\models
2026-09-01 16:25:45,746 - telecom_app.src.models.manager - INFO - Found model in project models directory: G:\Study\DATA SCINCE\PROJECTS\POTFOLIO\telecom-consumption-intelligence\models\gradient_boosting_final.pkl
2026-09-01 16:25:45,746 - telecom_app.src.models.manager - INFO - Loading model from: G:\Study\DATA SCINCE\PROJECTS\POTFOLIO\telecom-consumption-intelligence\models\gradient_boosting_final.pkl
2026-09-01 16:25:45,757 - telecom_app.src.models.manager - INFO - Loaded existing model successfully
2026-09-01 16:25:45,757 - telecom_app.src.models.manager - INFO - Model R²: 0.9512689659632382
2026-09-01 16:25:45,774 - telecom_app.src.data.processor - INFO - Prepared features: 8004 rows, 13 features
2026-09-01 16:25:45,785 - telecom_app.src.models.explainer - INFO - SHAP explainer created successfully
2026-09-01 16:25:45,786 - telecom_app.__main__ - INFO - SHAP explainer created: True
2026-09-01 16:25:47,819 - telecom_app.src.models.manager - INFO - Project directory: G:\Study\DATA SCINCE\PROJECTS\POTFOLIO\telecom-consumption-intelligence
2026-09-01 16:25:47,820 - telecom_app.src.models.manager - INFO - Models directory: G:\Study\DATA SCINCE\PROJECTS\POTFOLIO\telecom-consumption-intelligence\models
2026-09-01 16:25:47,854 - telecom_app.src.models.manager - INFO - Checking models directory: G:\Study\DATA SCINCE\PROJECTS\POTFOLIO\telecom-consumption-intelligence\models
2026-09-01 16:25:47,855 - telecom_app.src.models.manager - INFO - Found model in project models directory: G:\Study\DATA SCINCE\PROJECTS\POTFOLIO\telecom-consumption-intelligence\models\gradient_boosting_final.pkl
2026-09-01 16:25:47,855 - telecom_app.src.models.manager - INFO - Loading model from: G:\Study\DATA SCINCE\PROJECTS\POTFOLIO\telecom-consumption-intelligence\models\gradient_boosting_final.pkl
2026-09-01 16:25:47,868 - telecom_app.src.models.manager - INFO - Loaded existing model successfully
2026-09-01 16:25:47,869 - telecom_app.src.models.manager - INFO - Model R²: 0.9512689659632382
2026-09-01 16:25:47,885 - telecom_app.src.data.processor - INFO - Prepared features: 8004 rows, 13 features
2026-09-01 16:25:47,893 - telecom_app.src.models.explainer - INFO - SHAP explainer created successfully
2026-09-01 16:25:47,893 - telecom_app.__main__ - INFO - SHAP explainer created: True
2026-09-01 16:26:05,603 - telecom_app.src.models.manager - INFO - Project directory: G:\Study\DATA SCINCE\PROJECTS\POTFOLIO\telecom-consumption-intelligence
2026-09-01 16:26:05,604 - telecom_app.src.models.manager - INFO - Models directory: G:\Study\DATA SCINCE\PROJECTS\POTFOLIO\telecom-consumption-intelligence\models
2026-09-01 16:26:05,642 - telecom_app.src.models.manager - INFO - Checking models directory: G:\Study\DATA SCINCE\PROJECTS\POTFOLIO\telecom-consumption-intelligence\models
2026-09-01 16:26:05,642 - telecom_app.src.models.manager - INFO - Found model in project models directory: G:\Study\DATA SCINCE\PROJECTS\POTFOLIO\telecom-consumption-intelligence\models\gradient_boosting_final.pkl
2026-09-01 16:26:05,642 - telecom_app.src.models.manager - INFO - Loading model from: G:\Study\DATA SCINCE\PROJECTS\POTFOLIO\telecom-consumption-intelligence\models\gradient_boosting_final.pkl
2026-09-01 16:26:05,650 - telecom_app.src.models.manager - INFO - Loaded existing model successfully
2026-09-01 16:26:05,650 - telecom_app.src.models.manager - INFO - Model R²: 0.9512689659632382
2026-09-01 16:26:05,710 - telecom_app.src.data.processor - INFO - Prepared features: 8004 rows, 13 features
2026-09-01 16:26:05,766 - telecom_app.src.models.explainer - INFO - SHAP explainer created successfully
2026-09-01 16:26:05,769 - telecom_app.__main__ - INFO - SHAP explainer created: True
2026-09-01 16:26:08,312 - telecom_app.src.models.manager - INFO - Project directory: G:\Study\DATA SCINCE\PROJECTS\POTFOLIO\telecom-consumption-intelligence
2026-09-01 16:26:08,313 - telecom_app.src.models.manager - INFO - Models directory: G:\Study\DATA SCINCE\PROJECTS\POTFOLIO\telecom-consumption-intelligence\models
2026-09-01 16:26:08,349 - telecom_app.src.models.manager - INFO - Checking models directory: G:\Study\DATA SCINCE\PROJECTS\POTFOLIO\telecom-consumption-intelligence\models
2026-09-01 16:26:08,349 - telecom_app.src.models.manager - INFO - Found model in project models directory: G:\Study\DATA SCINCE\PROJECTS\POTFOLIO\telecom-consumption-intelligence\models\gradient_boosting_final.pkl
2026-09-01 16:26:08,349 - telecom_app.src.models.manager - INFO - Loading model from: G:\Study\DATA SCINCE\PROJECTS\POTFOLIO\telecom-consumption-intelligence\models\gradient_boosting_final.pkl
2026-09-01 16:26:08,357 - telecom_app.src.models.manager - INFO - Loaded existing model successfully
2026-09-01 16:26:08,357 - telecom_app.src.models.manager - INFO - Model R²: 0.9512689659632382
2026-09-01 16:26:08,374 - telecom_app.src.data.processor - INFO - Prepared features: 8004 rows, 13 features
2026-09-01 16:26:08,383 - telecom_app.src.models.explainer - INFO - SHAP explainer created successfully
2026-09-01 16:26:08,384 - telecom_app.__main__ - INFO - SHAP explainer created: True
2026-09-01 16:26:10,303 - telecom_app.src.models.manager - INFO - Project directory: G:\Study\DATA SCINCE\PROJECTS\POTFOLIO\telecom-consumption-intelligence
2026-09-01 16:26:10,304 - telecom_app.src.models.manager - INFO - Models directory: G:\Study\DATA SCINCE\PROJECTS\POTFOLIO\telecom-consumption-intelligence\models
2026-09-01 16:26:10,341 - telecom_app.src.models.manager - INFO - Checking models directory: G:\Study\DATA SCINCE\PROJECTS\POTFOLIO\telecom-consumption-intelligence\models
2026-09-01 16:26:10,341 - telecom_app.src.models.manager - INFO - Found model in project models directory: G:\Study\DATA SCINCE\PROJECTS\POTFOLIO\telecom-consumption-intelligence\models\gradient_boosting_final.pkl
2026-09-01 16:26:10,341 - telecom_app.src.models.manager - INFO - Loading model from: G:\Study\DATA SCINCE\PROJECTS\POTFOLIO\telecom-consumption-intelligence\models\gradient_boosting_final.pkl
2026-09-01 16:26:10,350 - telecom_app.src.models.manager - INFO - Loaded existing model successfully
2026-09-01 16:26:10,351 - telecom_app.src.models.manager - INFO - Model R²: 0.9512689659632382
2026-09-01 16:26:10,368 - telecom_app.src.data.processor - INFO - Prepared features: 8004 rows, 13 features
2026-09-01 16:26:10,379 - telecom_app.src.models.explainer - INFO - SHAP explainer created successfully
2026-09-01 16:26:10,379 - telecom_app.__main__ - INFO - SHAP explainer created: True
2026-09-01 16:26:11,711 - telecom_app.src.models.manager - INFO - Project directory: G:\Study\DATA SCINCE\PROJECTS\POTFOLIO\telecom-consumption-intelligence
2026-09-01 16:26:11,712 - telecom_app.src.models.manager - INFO - Models directory: G:\Study\DATA SCINCE\PROJECTS\POTFOLIO\telecom-consumption-intelligence\models
2026-09-01 16:26:11,746 - telecom_app.src.models.manager - INFO - Checking models directory: G:\Study\DATA SCINCE\PROJECTS\POTFOLIO\telecom-consumption-intelligence\models
2026-09-01 16:26:11,747 - telecom_app.src.models.manager - INFO - Found model in project models directory: G:\Study\DATA SCINCE\PROJECTS\POTFOLIO\telecom-consumption-intelligence\models\gradient_boosting_final.pkl
2026-09-01 16:26:11,747 - telecom_app.src.models.manager - INFO - Loading model from: G:\Study\DATA SCINCE\PROJECTS\POTFOLIO\telecom-consumption-intelligence\models\gradient_boosting_final.pkl
2026-09-01 16:26:11,755 - telecom_app.src.models.manager - INFO - Loaded existing model successfully
2026-09-01 16:26:11,755 - telecom_app.src.models.manager - INFO - Model R²: 0.9512689659632382
2026-09-01 16:26:11,773 - telecom_app.src.data.processor - INFO - Prepared features: 8004 rows, 13 features
2026-09-01 16:26:11,783 - telecom_app.src.models.explainer - INFO - SHAP explainer created successfully
2026-09-01 16:26:11,784 - telecom_app.__main__ - INFO - SHAP explainer created: True
2026-09-01 16:28:18,363 - telecom_app.src.models.manager - INFO - Project directory: G:\Study\DATA SCINCE\PROJECTS\POTFOLIO\telecom-consumption-intelligence
2026-09-01 16:28:18,364 - telecom_app.src.models.manager - INFO - Models directory: G:\Study\DATA SCINCE\PROJECTS\POTFOLIO\telecom-consumption-intelligence\models
2026-09-01 16:28:18,409 - telecom_app.src.models.manager - INFO - Checking models directory: G:\Study\DATA SCINCE\PROJECTS\POTFOLIO\telecom-consumption-intelligence\models
2026-09-01 16:28:18,411 - telecom_app.src.models.manager - INFO - Found model in project models directory: G:\Study\DATA SCINCE\PROJECTS\POTFOLIO\telecom-consumption-intelligence\models\gradient_boosting_final.pkl
2026-09-01 16:28:18,412 - telecom_app.src.models.manager - INFO - Loading model from: G:\Study\DATA SCINCE\PROJECTS\POTFOLIO\telecom-consumption-intelligence\models\gradient_boosting_final.pkl
2026-09-01 16:28:18,419 - telecom_app.src.models.manager - INFO - Loaded existing model successfully
2026-09-01 16:28:18,419 - telecom_app.src.models.manager - INFO - Model R²: 0.9512689659632382
2026-09-01 16:28:18,442 - telecom_app.src.data.processor - INFO - Prepared features: 8004 rows, 13 features
2026-09-01 16:28:18,456 - telecom_app.src.models.explainer - INFO - SHAP explainer created successfully
2026-09-01 16:28:18,457 - telecom_app.__main__ - INFO - SHAP explainer created: True
2026-09-01 16:28:19,561 - telecom_app.src.models.manager - INFO - Project directory: G:\Study\DATA SCINCE\PROJECTS\POTFOLIO\telecom-consumption-intelligence
2026-09-01 16:28:19,561 - telecom_app.src.models.manager - INFO - Models directory: G:\Study\DATA SCINCE\PROJECTS\POTFOLIO\telecom-consumption-intelligence\models
2026-09-01 16:28:19,604 - telecom_app.src.models.manager - INFO - Checking models directory: G:\Study\DATA SCINCE\PROJECTS\POTFOLIO\telecom-consumption-intelligence\models
2026-09-01 16:28:19,604 - telecom_app.src.models.manager - INFO - Found model in project models directory: G:\Study\DATA SCINCE\PROJECTS\POTFOLIO\telecom-consumption-intelligence\models\gradient_boosting_final.pkl
2026-09-01 16:28:19,604 - telecom_app.src.models.manager - INFO - Loading model from: G:\Study\DATA SCINCE\PROJECTS\POTFOLIO\telecom-consumption-intelligence\models\gradient_boosting_final.pkl
2026-09-01 16:28:19,614 - telecom_app.src.models.manager - INFO - Loaded existing model successfully
2026-09-01 16:28:19,615 - telecom_app.src.models.manager - INFO - Model R²: 0.9512689659632382
2026-09-01 16:28:19,631 - telecom_app.src.data.processor - INFO - Prepared features: 8004 rows, 13 features
2026-09-01 16:28:19,643 - telecom_app.src.models.explainer - INFO - SHAP explainer created successfully
2026-09-01 16:28:19,644 - telecom_app.__main__ - INFO - SHAP explainer created: True
2026-09-01 16:28:24,021 - telecom_app.src.models.manager - INFO - Project directory: G:\Study\DATA SCINCE\PROJECTS\POTFOLIO\telecom-consumption-intelligence
2026-09-01 16:28:24,022 - telecom_app.src.models.manager - INFO - Models directory: G:\Study\DATA SCINCE\PROJECTS\POTFOLIO\telecom-consumption-intelligence\models
2026-09-01 16:28:24,064 - telecom_app.src.models.manager - INFO - Checking models directory: G:\Study\DATA SCINCE\PROJECTS\POTFOLIO\telecom-consumption-intelligence\models
2026-09-01 16:28:24,064 - telecom_app.src.models.manager - INFO - Found model in project models directory: G:\Study\DATA SCINCE\PROJECTS\POTFOLIO\telecom-consumption-intelligence\models\gradient_boosting_final.pkl
2026-09-01 16:28:24,065 - telecom_app.src.models.manager - INFO - Loading model from: G:\Study\DATA SCINCE\PROJECTS\POTFOLIO\telecom-consumption-intelligence\models\gradient_boosting_final.pkl
2026-09-01 16:28:24,073 - telecom_app.src.models.manager - INFO - Loaded existing model successfully
2026-09-01 16:28:24,073 - telecom_app.src.models.manager - INFO - Model R²: 0.9512689659632382
2026-09-01 16:28:24,094 - telecom_app.src.data.processor - INFO - Prepared features: 8004 rows, 13 features
2026-09-01 16:28:24,105 - telecom_app.src.models.explainer - INFO - SHAP explainer created successfully
2026-09-01 16:28:24,105 - telecom_app.__main__ - INFO - SHAP explainer created: True
2026-09-01 16:28:24,954 - telecom_app.src.models.manager - INFO - Project directory: G:\Study\DATA SCINCE\PROJECTS\POTFOLIO\telecom-consumption-intelligence
2026-09-01 16:28:24,955 - telecom_app.src.models.manager - INFO - Models directory: G:\Study\DATA SCINCE\PROJECTS\POTFOLIO\telecom-consumption-intelligence\models
2026-09-01 16:28:24,988 - telecom_app.src.models.manager - INFO - Checking models directory: G:\Study\DATA SCINCE\PROJECTS\POTFOLIO\telecom-consumption-intelligence\models
2026-09-01 16:28:24,989 - telecom_app.src.models.manager - INFO - Found model in project models directory: G:\Study\DATA SCINCE\PROJECTS\POTFOLIO\telecom-consumption-intelligence\models\gradient_boosting_final.pkl
2026-09-01 16:28:24,989 - telecom_app.src.models.manager - INFO - Loading model from: G:\Study\DATA SCINCE\PROJECTS\POTFOLIO\telecom-consumption-intelligence\models\gradient_boosting_final.pkl
2026-09-01 16:28:25,000 - telecom_app.src.models.manager - INFO - Loaded existing model successfully
2026-09-01 16:28:25,000 - telecom_app.src.models.manager - INFO - Model R²: 0.9512689659632382
2026-09-01 16:28:25,019 - telecom_app.src.data.processor - INFO - Prepared features: 8004 rows, 13 features
2026-09-01 16:28:25,029 - telecom_app.src.models.explainer - INFO - SHAP explainer created successfully
2026-09-01 16:28:25,030 - telecom_app.__main__ - INFO - SHAP explainer created: True
2026-09-01 16:28:46,078 - telecom_app.src.models.manager - INFO - Project directory: G:\Study\DATA SCINCE\PROJECTS\POTFOLIO\telecom-consumption-intelligence
2026-09-01 16:28:46,078 - telecom_app.src.models.manager - INFO - Models directory: G:\Study\DATA SCINCE\PROJECTS\POTFOLIO\telecom-consumption-intelligence\models
2026-09-01 16:28:46,120 - telecom_app.src.models.manager - INFO - Checking models directory: G:\Study\DATA SCINCE\PROJECTS\POTFOLIO\telecom-consumption-intelligence\models
2026-09-01 16:28:46,120 - telecom_app.src.models.manager - INFO - Found model in project models directory: G:\Study\DATA SCINCE\PROJECTS\POTFOLIO\telecom-consumption-intelligence\models\gradient_boosting_final.pkl
2026-09-01 16:28:46,120 - telecom_app.src.models.manager - INFO - Loading model from: G:\Study\DATA SCINCE\PROJECTS\POTFOLIO\telecom-consumption-intelligence\models\gradient_boosting_final.pkl
2026-09-01 16:28:46,128 - telecom_app.src.models.manager - INFO - Loaded existing model successfully
2026-09-01 16:28:46,129 - telecom_app.src.models.manager - INFO - Model R²: 0.9512689659632382
2026-09-01 16:28:46,149 - telecom_app.src.data.processor - INFO - Prepared features: 8004 rows, 13 features
2026-09-01 16:28:46,159 - telecom_app.src.models.explainer - INFO - SHAP explainer created successfully
2026-09-01 16:28:46,160 - telecom_app.__main__ - INFO - SHAP explainer created: True
2026-09-01 16:28:47,257 - telecom_app.src.models.manager - INFO - Project directory: G:\Study\DATA SCINCE\PROJECTS\POTFOLIO\telecom-consumption-intelligence
2026-09-01 16:28:47,258 - telecom_app.src.models.manager - INFO - Models directory: G:\Study\DATA SCINCE\PROJECTS\POTFOLIO\telecom-consumption-intelligence\models
2026-09-01 16:28:47,286 - telecom_app.src.models.manager - INFO - Checking models directory: G:\Study\DATA SCINCE\PROJECTS\POTFOLIO\telecom-consumption-intelligence\models
2026-09-01 16:28:47,287 - telecom_app.src.models.manager - INFO - Found model in project models directory: G:\Study\DATA SCINCE\PROJECTS\POTFOLIO\telecom-consumption-intelligence\models\gradient_boosting_final.pkl
2026-09-01 16:28:47,287 - telecom_app.src.models.manager - INFO - Loading model from: G:\Study\DATA SCINCE\PROJECTS\POTFOLIO\telecom-consumption-intelligence\models\gradient_boosting_final.pkl
2026-09-01 16:28:47,297 - telecom_app.src.models.manager - INFO - Loaded existing model successfully
2026-09-01 16:28:47,297 - telecom_app.src.models.manager - INFO - Model R²: 0.9512689659632382
2026-09-01 16:28:47,333 - telecom_app.src.data.processor - INFO - Prepared features: 8004 rows, 13 features
2026-09-01 16:28:47,343 - telecom_app.src.models.explainer - INFO - SHAP explainer created successfully
2026-09-01 16:28:47,344 - telecom_app.__main__ - INFO - SHAP explainer created: True
2026-09-01 16:29:34,334 - telecom_app.src.models.manager - INFO - Project directory: G:\Study\DATA SCINCE\PROJECTS\POTFOLIO\telecom-consumption-intelligence
2026-09-01 16:29:34,334 - telecom_app.src.models.manager - INFO - Models directory: G:\Study\DATA SCINCE\PROJECTS\POTFOLIO\telecom-consumption-intelligence\models
2026-09-01 16:29:34,386 - telecom_app.src.models.manager - INFO - Checking models directory: G:\Study\DATA SCINCE\PROJECTS\POTFOLIO\telecom-consumption-intelligence\models
2026-09-01 16:29:34,387 - telecom_app.src.models.manager - INFO - Found model in project models directory: G:\Study\DATA SCINCE\PROJECTS\POTFOLIO\telecom-consumption-intelligence\models\gradient_boosting_final.pkl
2026-09-01 16:29:34,387 - telecom_app.src.models.manager - INFO - Loading model from: G:\Study\DATA SCINCE\PROJECTS\POTFOLIO\telecom-consumption-intelligence\models\gradient_boosting_final.pkl
2026-09-01 16:29:34,399 - telecom_app.src.models.manager - INFO - Loaded existing model successfully
2026-09-01 16:29:34,399 - telecom_app.src.models.manager - INFO - Model R²: 0.9512689659632382
2026-09-01 16:29:34,416 - telecom_app.src.data.processor - INFO - Prepared features: 8004 rows, 13 features
2026-09-01 16:29:34,426 - telecom_app.src.models.explainer - INFO - SHAP explainer created successfully
2026-09-01 16:29:34,427 - telecom_app.__main__ - INFO - SHAP explainer created: True
2026-09-01 16:29:35,518 - telecom_app.src.models.manager - INFO - Project directory: G:\Study\DATA SCINCE\PROJECTS\POTFOLIO\telecom-consumption-intelligence
2026-09-01 16:29:35,519 - telecom_app.src.models.manager - INFO - Models directory: G:\Study\DATA SCINCE\PROJECTS\POTFOLIO\telecom-consumption-intelligence\models
2026-09-01 16:29:35,551 - telecom_app.src.models.manager - INFO - Checking models directory: G:\Study\DATA SCINCE\PROJECTS\POTFOLIO\telecom-consumption-intelligence\models
2026-09-01 16:29:35,551 - telecom_app.src.models.manager - INFO - Found model in project models directory: G:\Study\DATA SCINCE\PROJECTS\POTFOLIO\telecom-consumption-intelligence\models\gradient_boosting_final.pkl
2026-09-01 16:29:35,552 - telecom_app.src.models.manager - INFO - Loading model from: G:\Study\DATA SCINCE\PROJECTS\POTFOLIO\telecom-consumption-intelligence\models\gradient_boosting_final.pkl
2026-09-01 16:29:35,562 - telecom_app.src.models.manager - INFO - Loaded existing model successfully
2026-09-01 16:29:35,562 - telecom_app.src.models.manager - INFO - Model R²: 0.9512689659632382
2026-09-01 16:29:35,590 - telecom_app.src.data.processor - INFO - Prepared features: 8004 rows, 13 features
2026-09-01 16:29:35,605 - telecom_app.src.models.explainer - INFO - SHAP explainer created successfully
2026-09-01 16:29:35,605 - telecom_app.__main__ - INFO - SHAP explainer created: True
2026-09-01 16:29:44,656 - telecom_app.src.models.manager - INFO - Project directory: G:\Study\DATA SCINCE\PROJECTS\POTFOLIO\telecom-consumption-intelligence
2026-09-01 16:29:44,657 - telecom_app.src.models.manager - INFO - Models directory: G:\Study\DATA SCINCE\PROJECTS\POTFOLIO\telecom-consumption-intelligence\models
2026-09-01 16:29:44,706 - telecom_app.src.models.manager - INFO - Checking models directory: G:\Study\DATA SCINCE\PROJECTS\POTFOLIO\telecom-consumption-intelligence\models
2026-09-01 16:29:44,706 - telecom_app.src.models.manager - INFO - Found model in project models directory: G:\Study\DATA SCINCE\PROJECTS\POTFOLIO\telecom-consumption-intelligence\models\gradient_boosting_final.pkl
2026-09-01 16:29:44,706 - telecom_app.src.models.manager - INFO - Loading model from: G:\Study\DATA SCINCE\PROJECTS\POTFOLIO\telecom-consumption-intelligence\models\gradient_boosting_final.pkl
2026-09-01 16:29:44,716 - telecom_app.src.models.manager - INFO - Loaded existing model successfully
2026-09-01 16:29:44,717 - telecom_app.src.models.manager - INFO - Model R²: 0.9512689659632382
2026-09-01 16:29:44,735 - telecom_app.src.data.processor - INFO - Prepared features: 8004 rows, 13 features
2026-09-01 16:29:44,747 - telecom_app.src.models.explainer - INFO - SHAP explainer created successfully
2026-09-01 16:29:44,747 - telecom_app.__main__ - INFO - SHAP explainer created: True
2026-09-01 16:29:46,850 - telecom_app.src.models.manager - INFO - Project directory: G:\Study\DATA SCINCE\PROJECTS\POTFOLIO\telecom-consumption-intelligence
2026-09-01 16:29:46,851 - telecom_app.src.models.manager - INFO - Models directory: G:\Study\DATA SCINCE\PROJECTS\POTFOLIO\telecom-consumption-intelligence\models
2026-09-01 16:29:46,889 - telecom_app.src.models.manager - INFO - Checking models directory: G:\Study\DATA SCINCE\PROJECTS\POTFOLIO\telecom-consumption-intelligence\models
2026-09-01 16:29:46,890 - telecom_app.src.models.manager - INFO - Found model in project models directory: G:\Study\DATA SCINCE\PROJECTS\POTFOLIO\telecom-consumption-intelligence\models\gradient_boosting_final.pkl
2026-09-01 16:29:46,890 - telecom_app.src.models.manager - INFO - Loading model from: G:\Study\DATA SCINCE\PROJECTS\POTFOLIO\telecom-consumption-intelligence\models\gradient_boosting_final.pkl
2026-09-01 16:29:46,900 - telecom_app.src.models.manager - INFO - Loaded existing model successfully
2026-09-01 16:29:46,902 - telecom_app.src.models.manager - INFO - Model R²: 0.9512689659632382
2026-09-01 16:29:46,921 - telecom_app.src.data.processor - INFO - Prepared features: 8004 rows, 13 features
2026-09-01 16:29:46,934 - telecom_app.src.models.explainer - INFO - SHAP explainer created successfully
2026-09-01 16:29:46,935 - telecom_app.__main__ - INFO - SHAP explainer created: True
2026-09-01 16:30:01,275 - telecom_app.src.models.manager - INFO - Project directory: G:\Study\DATA SCINCE\PROJECTS\POTFOLIO\telecom-consumption-intelligence
2026-09-01 16:30:01,275 - telecom_app.src.models.manager - INFO - Models directory: G:\Study\DATA SCINCE\PROJECTS\POTFOLIO\telecom-consumption-intelligence\models
2026-09-01 16:30:01,322 - telecom_app.src.models.manager - INFO - Checking models directory: G:\Study\DATA SCINCE\PROJECTS\POTFOLIO\telecom-consumption-intelligence\models
2026-09-01 16:30:01,323 - telecom_app.src.models.manager - INFO - Found model in project models directory: G:\Study\DATA SCINCE\PROJECTS\POTFOLIO\telecom-consumption-intelligence\models\gradient_boosting_final.pkl
2026-09-01 16:30:01,323 - telecom_app.src.models.manager - INFO - Loading model from: G:\Study\DATA SCINCE\PROJECTS\POTFOLIO\telecom-consumption-intelligence\models\gradient_boosting_final.pkl
2026-09-01 16:30:01,333 - telecom_app.src.models.manager - INFO - Loaded existing model successfully
2026-09-01 16:30:01,333 - telecom_app.src.models.manager - INFO - Model R²: 0.9512689659632382
2026-09-01 16:30:01,354 - telecom_app.src.data.processor - INFO - Prepared features: 8004 rows, 13 features
2026-09-01 16:30:01,362 - telecom_app.src.models.explainer - INFO - SHAP explainer created successfully
2026-09-01 16:30:01,362 - telecom_app.__main__ - INFO - SHAP explainer created: True
2026-09-01 16:30:01,513 - telecom_app.src.models.manager - INFO - Project directory: G:\Study\DATA SCINCE\PROJECTS\POTFOLIO\telecom-consumption-intelligence
2026-09-01 16:30:01,514 - telecom_app.src.models.manager - INFO - Models directory: G:\Study\DATA SCINCE\PROJECTS\POTFOLIO\telecom-consumption-intelligence\models
2026-09-01 16:30:01,548 - telecom_app.src.models.manager - INFO - Checking models directory: G:\Study\DATA SCINCE\PROJECTS\POTFOLIO\telecom-consumption-intelligence\models
2026-09-01 16:30:01,549 - telecom_app.src.models.manager - INFO - Found model in project models directory: G:\Study\DATA SCINCE\PROJECTS\POTFOLIO\telecom-consumption-intelligence\models\gradient_boosting_final.pkl
2026-09-01 16:30:01,549 - telecom_app.src.models.manager - INFO - Loading model from: G:\Study\DATA SCINCE\PROJECTS\POTFOLIO\telecom-consumption-intelligence\models\gradient_boosting_final.pkl
2026-09-01 16:30:01,570 - telecom_app.src.models.manager - INFO - Loaded existing model successfully
2026-09-01 16:30:01,570 - telecom_app.src.models.manager - INFO - Model R²: 0.9512689659632382
2026-09-01 16:30:01,590 - telecom_app.src.data.processor - INFO - Prepared features: 8004 rows, 13 features
2026-09-01 16:30:01,602 - telecom_app.src.models.explainer - INFO - SHAP explainer created successfully
2026-09-01 16:30:01,603 - telecom_app.__main__ - INFO - SHAP explainer created: True
2026-09-01 16:30:37,628 - telecom_app.src.models.manager - INFO - Project directory: G:\Study\DATA SCINCE\PROJECTS\POTFOLIO\telecom-consumption-intelligence
2026-09-01 16:30:37,629 - telecom_app.src.models.manager - INFO - Models directory: G:\Study\DATA SCINCE\PROJECTS\POTFOLIO\telecom-consumption-intelligence\models
2026-09-01 16:30:37,677 - telecom_app.src.models.manager - INFO - Checking models directory: G:\Study\DATA SCINCE\PROJECTS\POTFOLIO\telecom-consumption-intelligence\models
2026-09-01 16:30:37,677 - telecom_app.src.models.manager - INFO - Found model in project models directory: G:\Study\DATA SCINCE\PROJECTS\POTFOLIO\telecom-consumption-intelligence\models\gradient_boosting_final.pkl
2026-09-01 16:30:37,678 - telecom_app.src.models.manager - INFO - Loading model from: G:\Study\DATA SCINCE\PROJECTS\POTFOLIO\telecom-consumption-intelligence\models\gradient_boosting_final.pkl
2026-09-01 16:30:37,690 - telecom_app.src.models.manager - INFO - Loaded existing model successfully
2026-09-01 16:30:37,690 - telecom_app.src.models.manager - INFO - Model R²: 0.9512689659632382
2026-09-01 16:30:37,720 - telecom_app.src.data.processor - INFO - Prepared features: 8004 rows, 13 features
2026-09-01 16:30:37,730 - telecom_app.src.models.explainer - INFO - SHAP explainer created successfully
2026-09-01 16:30:37,731 - telecom_app.__main__ - INFO - SHAP explainer created: True
2026-09-01 16:30:37,866 - telecom_app.src.models.manager - INFO - Project directory: G:\Study\DATA SCINCE\PROJECTS\POTFOLIO\telecom-consumption-intelligence
2026-09-01 16:30:37,868 - telecom_app.src.models.manager - INFO - Models directory: G:\Study\DATA SCINCE\PROJECTS\POTFOLIO\telecom-consumption-intelligence\models
2026-09-01 16:30:37,900 - telecom_app.src.models.manager - INFO - Checking models directory: G:\Study\DATA SCINCE\PROJECTS\POTFOLIO\telecom-consumption-intelligence\models
2026-09-01 16:30:37,901 - telecom_app.src.models.manager - INFO - Found model in project models directory: G:\Study\DATA SCINCE\PROJECTS\POTFOLIO\telecom-consumption-intelligence\models\gradient_boosting_final.pkl
2026-09-01 16:30:37,901 - telecom_app.src.models.manager - INFO - Loading model from: G:\Study\DATA SCINCE\PROJECTS\POTFOLIO\telecom-consumption-intelligence\models\gradient_boosting_final.pkl
2026-09-01 16:30:37,908 - telecom_app.src.models.manager - INFO - Loaded existing model successfully
2026-09-01 16:30:37,908 - telecom_app.src.models.manager - INFO - Model R²: 0.9512689659632382
2026-09-01 16:30:37,941 - telecom_app.src.data.processor - INFO - Prepared features: 8004 rows, 13 features
2026-09-01 16:30:37,955 - telecom_app.src.models.explainer - INFO - SHAP explainer created successfully
2026-09-01 16:30:37,955 - telecom_app.__main__ - INFO - SHAP explainer created: True
2026-09-01 16:30:59,353 - telecom_app.src.models.manager - INFO - Project directory: G:\Study\DATA SCINCE\PROJECTS\POTFOLIO\telecom-consumption-intelligence
2026-09-01 16:30:59,354 - telecom_app.src.models.manager - INFO - Models directory: G:\Study\DATA SCINCE\PROJECTS\POTFOLIO\telecom-consumption-intelligence\models
2026-09-01 16:30:59,395 - telecom_app.src.models.manager - INFO - Checking models directory: G:\Study\DATA SCINCE\PROJECTS\POTFOLIO\telecom-consumption-intelligence\models
2026-09-01 16:30:59,396 - telecom_app.src.models.manager - INFO - Found model in project models directory: G:\Study\DATA SCINCE\PROJECTS\POTFOLIO\telecom-consumption-intelligence\models\gradient_boosting_final.pkl
2026-09-01 16:30:59,396 - telecom_app.src.models.manager - INFO - Loading model from: G:\Study\DATA SCINCE\PROJECTS\POTFOLIO\telecom-consumption-intelligence\models\gradient_boosting_final.pkl
2026-09-01 16:30:59,407 - telecom_app.src.models.manager - INFO - Loaded existing model successfully
2026-09-01 16:30:59,407 - telecom_app.src.models.manager - INFO - Model R²: 0.9512689659632382
2026-09-01 16:30:59,423 - telecom_app.src.data.processor - INFO - Prepared features: 8004 rows, 13 features
2026-09-01 16:30:59,433 - telecom_app.src.models.explainer - INFO - SHAP explainer created successfully
2026-09-01 16:30:59,433 - telecom_app.__main__ - INFO - SHAP explainer created: True
2026-09-01 16:30:59,579 - telecom_app.src.models.manager - INFO - Project directory: G:\Study\DATA SCINCE\PROJECTS\POTFOLIO\telecom-consumption-intelligence
2026-09-01 16:30:59,579 - telecom_app.src.models.manager - INFO - Models directory: G:\Study\DATA SCINCE\PROJECTS\POTFOLIO\telecom-consumption-intelligence\models
2026-09-01 16:30:59,606 - telecom_app.src.models.manager - INFO - Checking models directory: G:\Study\DATA SCINCE\PROJECTS\POTFOLIO\telecom-consumption-intelligence\models
2026-09-01 16:30:59,607 - telecom_app.src.models.manager - INFO - Found model in project models directory: G:\Study\DATA SCINCE\PROJECTS\POTFOLIO\telecom-consumption-intelligence\models\gradient_boosting_final.pkl
2026-09-01 16:30:59,607 - telecom_app.src.models.manager - INFO - Loading model from: G:\Study\DATA SCINCE\PROJECTS\POTFOLIO\telecom-consumption-intelligence\models\gradient_boosting_final.pkl
2026-09-01 16:30:59,614 - telecom_app.src.models.manager - INFO - Loaded existing model successfully
2026-09-01 16:30:59,614 - telecom_app.src.models.manager - INFO - Model R²: 0.9512689659632382
2026-09-01 16:30:59,631 - telecom_app.src.data.processor - INFO - Prepared features: 8004 rows, 13 features
2026-09-01 16:30:59,639 - telecom_app.src.models.explainer - INFO - SHAP explainer created successfully
2026-09-01 16:30:59,639 - telecom_app.__main__ - INFO - SHAP explainer created: True
2026-09-01 16:31:03,532 - telecom_app.src.models.manager - INFO - Project directory: G:\Study\DATA SCINCE\PROJECTS\POTFOLIO\telecom-consumption-intelligence
2026-09-01 16:31:03,532 - telecom_app.src.models.manager - INFO - Models directory: G:\Study\DATA SCINCE\PROJECTS\POTFOLIO\telecom-consumption-intelligence\models
2026-09-01 16:31:03,568 - telecom_app.src.models.manager - INFO - Checking models directory: G:\Study\DATA SCINCE\PROJECTS\POTFOLIO\telecom-consumption-intelligence\models
2026-09-01 16:31:03,569 - telecom_app.src.models.manager - INFO - Found model in project models directory: G:\Study\DATA SCINCE\PROJECTS\POTFOLIO\telecom-consumption-intelligence\models\gradient_boosting_final.pkl
2026-09-01 16:31:03,569 - telecom_app.src.models.manager - INFO - Loading model from: G:\Study\DATA SCINCE\PROJECTS\POTFOLIO\telecom-consumption-intelligence\models\gradient_boosting_final.pkl
2026-09-01 16:31:03,576 - telecom_app.src.models.manager - INFO - Loaded existing model successfully
2026-09-01 16:31:03,577 - telecom_app.src.models.manager - INFO - Model R²: 0.9512689659632382
2026-09-01 16:31:03,597 - telecom_app.src.data.processor - INFO - Prepared features: 8004 rows, 13 features
2026-09-01 16:31:03,605 - telecom_app.src.models.explainer - INFO - SHAP explainer created successfully
2026-09-01 16:31:03,606 - telecom_app.__main__ - INFO - SHAP explainer created: True
2026-09-01 16:31:03,742 - telecom_app.src.models.manager - INFO - Project directory: G:\Study\DATA SCINCE\PROJECTS\POTFOLIO\telecom-consumption-intelligence
2026-09-01 16:31:03,743 - telecom_app.src.models.manager - INFO - Models directory: G:\Study\DATA SCINCE\PROJECTS\POTFOLIO\telecom-consumption-intelligence\models
2026-09-01 16:31:03,770 - telecom_app.src.models.manager - INFO - Checking models directory: G:\Study\DATA SCINCE\PROJECTS\POTFOLIO\telecom-consumption-intelligence\models
2026-09-01 16:31:03,770 - telecom_app.src.models.manager - INFO - Found model in project models directory: G:\Study\DATA SCINCE\PROJECTS\POTFOLIO\telecom-consumption-intelligence\models\gradient_boosting_final.pkl
2026-09-01 16:31:03,770 - telecom_app.src.models.manager - INFO - Loading model from: G:\Study\DATA SCINCE\PROJECTS\POTFOLIO\telecom-consumption-intelligence\models\gradient_boosting_final.pkl
2026-09-01 16:31:03,780 - telecom_app.src.models.manager - INFO - Loaded existing model successfully
2026-09-01 16:31:03,780 - telecom_app.src.models.manager - INFO - Model R²: 0.9512689659632382
2026-09-01 16:31:03,796 - telecom_app.src.data.processor - INFO - Prepared features: 8004 rows, 13 features
2026-09-01 16:31:03,805 - telecom_app.src.models.explainer - INFO - SHAP explainer created successfully
2026-09-01 16:31:03,806 - telecom_app.__main__ - INFO - SHAP explainer created: True
2026-09-01 16:31:04,597 - telecom_app.src.models.manager - INFO - Project directory: G:\Study\DATA SCINCE\PROJECTS\POTFOLIO\telecom-consumption-intelligence
2026-09-01 16:31:04,597 - telecom_app.src.models.manager - INFO - Models directory: G:\Study\DATA SCINCE\PROJECTS\POTFOLIO\telecom-consumption-intelligence\models
2026-09-01 16:31:04,623 - telecom_app.src.models.manager - INFO - Checking models directory: G:\Study\DATA SCINCE\PROJECTS\POTFOLIO\telecom-consumption-intelligence\models
2026-09-01 16:31:04,623 - telecom_app.src.models.manager - INFO - Found model in project models directory: G:\Study\DATA SCINCE\PROJECTS\POTFOLIO\telecom-consumption-intelligence\models\gradient_boosting_final.pkl
2026-09-01 16:31:04,624 - telecom_app.src.models.manager - INFO - Loading model from: G:\Study\DATA SCINCE\PROJECTS\POTFOLIO\telecom-consumption-intelligence\models\gradient_boosting_final.pkl
2026-09-01 16:31:04,633 - telecom_app.src.models.manager - INFO - Loaded existing model successfully
2026-09-01 16:31:04,633 - telecom_app.src.models.manager - INFO - Model R²: 0.9512689659632382
2026-09-01 16:31:04,649 - telecom_app.src.data.processor - INFO - Prepared features: 8004 rows, 13 features
2026-09-01 16:31:04,656 - telecom_app.src.models.explainer - INFO - SHAP explainer created successfully
2026-09-01 16:31:04,656 - telecom_app.__main__ - INFO - SHAP explainer created: True
2026-09-01 16:31:04,781 - telecom_app.src.models.manager - INFO - Project directory: G:\Study\DATA SCINCE\PROJECTS\POTFOLIO\telecom-consumption-intelligence
2026-09-01 16:31:04,782 - telecom_app.src.models.manager - INFO - Models directory: G:\Study\DATA SCINCE\PROJECTS\POTFOLIO\telecom-consumption-intelligence\models
2026-09-01 16:31:04,809 - telecom_app.src.models.manager - INFO - Checking models directory: G:\Study\DATA SCINCE\PROJECTS\POTFOLIO\telecom-consumption-intelligence\models
2026-09-01 16:31:04,809 - telecom_app.src.models.manager - INFO - Found model in project models directory: G:\Study\DATA SCINCE\PROJECTS\POTFOLIO\telecom-consumption-intelligence\models\gradient_boosting_final.pkl
2026-09-01 16:31:04,809 - telecom_app.src.models.manager - INFO - Loading model from: G:\Study\DATA SCINCE\PROJECTS\POTFOLIO\telecom-consumption-intelligence\models\gradient_boosting_final.pkl
2026-09-01 16:31:04,819 - telecom_app.src.models.manager - INFO - Loaded existing model successfully
2026-09-01 16:31:04,819 - telecom_app.src.models.manager - INFO - Model R²: 0.9512689659632382
2026-09-01 16:31:04,837 - telecom_app.src.data.processor - INFO - Prepared features: 8004 rows, 13 features
2026-09-01 16:31:04,846 - telecom_app.src.models.explainer - INFO - SHAP explainer created successfully
2026-09-01 16:31:04,847 - telecom_app.__main__ - INFO - SHAP explainer created: True
2026-09-01 16:31:05,699 - telecom_app.src.models.manager - INFO - Project directory: G:\Study\DATA SCINCE\PROJECTS\POTFOLIO\telecom-consumption-intelligence
2026-09-01 16:31:05,700 - telecom_app.src.models.manager - INFO - Models directory: G:\Study\DATA SCINCE\PROJECTS\POTFOLIO\telecom-consumption-intelligence\models
2026-09-01 16:31:05,736 - telecom_app.src.models.manager - INFO - Checking models directory: G:\Study\DATA SCINCE\PROJECTS\POTFOLIO\telecom-consumption-intelligence\models
2026-09-01 16:31:05,737 - telecom_app.src.models.manager - INFO - Found model in project models directory: G:\Study\DATA SCINCE\PROJECTS\POTFOLIO\telecom-consumption-intelligence\models\gradient_boosting_final.pkl
2026-09-01 16:31:05,737 - telecom_app.src.models.manager - INFO - Loading model from: G:\Study\DATA SCINCE\PROJECTS\POTFOLIO\telecom-consumption-intelligence\models\gradient_boosting_final.pkl
2026-09-01 16:31:05,745 - telecom_app.src.models.manager - INFO - Loaded existing model successfully
2026-09-01 16:31:05,745 - telecom_app.src.models.manager - INFO - Model R²: 0.9512689659632382
2026-09-01 16:31:05,770 - telecom_app.src.data.processor - INFO - Prepared features: 8004 rows, 13 features
2026-09-01 16:31:05,782 - telecom_app.src.models.explainer - INFO - SHAP explainer created successfully
2026-09-01 16:31:05,782 - telecom_app.__main__ - INFO - SHAP explainer created: True
2026-09-01 16:31:05,903 - telecom_app.src.models.manager - INFO - Project directory: G:\Study\DATA SCINCE\PROJECTS\POTFOLIO\telecom-consumption-intelligence
2026-09-01 16:31:05,904 - telecom_app.src.models.manager - INFO - Models directory: G:\Study\DATA SCINCE\PROJECTS\POTFOLIO\telecom-consumption-intelligence\models
2026-09-01 16:31:05,930 - telecom_app.src.models.manager - INFO - Checking models directory: G:\Study\DATA SCINCE\PROJECTS\POTFOLIO\telecom-consumption-intelligence\models
2026-09-01 16:31:05,931 - telecom_app.src.models.manager - INFO - Found model in project models directory: G:\Study\DATA SCINCE\PROJECTS\POTFOLIO\telecom-consumption-intelligence\models\gradient_boosting_final.pkl
2026-09-01 16:31:05,931 - telecom_app.src.models.manager - INFO - Loading model from: G:\Study\DATA SCINCE\PROJECTS\POTFOLIO\telecom-consumption-intelligence\models\gradient_boosting_final.pkl
2026-09-01 16:31:05,941 - telecom_app.src.models.manager - INFO - Loaded existing model successfully
2026-09-01 16:31:05,942 - telecom_app.src.models.manager - INFO - Model R²: 0.9512689659632382
2026-09-01 16:31:05,959 - telecom_app.src.data.processor - INFO - Prepared features: 8004 rows, 13 features
2026-09-01 16:31:05,970 - telecom_app.src.models.explainer - INFO - SHAP explainer created successfully
2026-09-01 16:31:05,971 - telecom_app.__main__ - INFO - SHAP explainer created: True
2026-09-01 16:31:10,504 - telecom_app.src.models.manager - INFO - Project directory: G:\Study\DATA SCINCE\PROJECTS\POTFOLIO\telecom-consumption-intelligence
2026-09-01 16:31:10,504 - telecom_app.src.models.manager - INFO - Models directory: G:\Study\DATA SCINCE\PROJECTS\POTFOLIO\telecom-consumption-intelligence\models
2026-09-01 16:31:10,544 - telecom_app.src.models.manager - INFO - Checking models directory: G:\Study\DATA SCINCE\PROJECTS\POTFOLIO\telecom-consumption-intelligence\models
2026-09-01 16:31:10,544 - telecom_app.src.models.manager - INFO - Found model in project models directory: G:\Study\DATA SCINCE\PROJECTS\POTFOLIO\telecom-consumption-intelligence\models\gradient_boosting_final.pkl
2026-09-01 16:31:10,544 - telecom_app.src.models.manager - INFO - Loading model from: G:\Study\DATA SCINCE\PROJECTS\POTFOLIO\telecom-consumption-intelligence\models\gradient_boosting_final.pkl
2026-09-01 16:31:10,553 - telecom_app.src.models.manager - INFO - Loaded existing model successfully
2026-09-01 16:31:10,553 - telecom_app.src.models.manager - INFO - Model R²: 0.9512689659632382
2026-09-01 16:31:10,580 - telecom_app.src.data.processor - INFO - Prepared features: 8004 rows, 13 features
2026-09-01 16:31:10,594 - telecom_app.src.models.explainer - INFO - SHAP explainer created successfully
2026-09-01 16:31:10,595 - telecom_app.__main__ - INFO - SHAP explainer created: True
2026-09-01 16:31:10,717 - telecom_app.src.models.manager - INFO - Project directory: G:\Study\DATA SCINCE\PROJECTS\POTFOLIO\telecom-consumption-intelligence
2026-09-01 16:31:10,718 - telecom_app.src.models.manager - INFO - Models directory: G:\Study\DATA SCINCE\PROJECTS\POTFOLIO\telecom-consumption-intelligence\models
2026-09-01 16:31:10,745 - telecom_app.src.models.manager - INFO - Checking models directory: G:\Study\DATA SCINCE\PROJECTS\POTFOLIO\telecom-consumption-intelligence\models
2026-09-01 16:31:10,745 - telecom_app.src.models.manager - INFO - Found model in project models directory: G:\Study\DATA SCINCE\PROJECTS\POTFOLIO\telecom-consumption-intelligence\models\gradient_boosting_final.pkl
2026-09-01 16:31:10,746 - telecom_app.src.models.manager - INFO - Loading model from: G:\Study\DATA SCINCE\PROJECTS\POTFOLIO\telecom-consumption-intelligence\models\gradient_boosting_final.pkl
2026-09-01 16:31:10,756 - telecom_app.src.models.manager - INFO - Loaded existing model successfully
2026-09-01 16:31:10,756 - telecom_app.src.models.manager - INFO - Model R²: 0.9512689659632382
2026-09-01 16:31:10,771 - telecom_app.src.data.processor - INFO - Prepared features: 8004 rows, 13 features
2026-09-01 16:31:10,820 - telecom_app.src.models.explainer - INFO - SHAP explainer created successfully
2026-09-01 16:31:10,839 - telecom_app.__main__ - INFO - SHAP explainer created: True
2026-09-01 16:31:16,568 - telecom_app.src.models.manager - INFO - Project directory: G:\Study\DATA SCINCE\PROJECTS\POTFOLIO\telecom-consumption-intelligence
2026-09-01 16:31:16,569 - telecom_app.src.models.manager - INFO - Models directory: G:\Study\DATA SCINCE\PROJECTS\POTFOLIO\telecom-consumption-intelligence\models
2026-09-01 16:31:16,605 - telecom_app.src.models.manager - INFO - Checking models directory: G:\Study\DATA SCINCE\PROJECTS\POTFOLIO\telecom-consumption-intelligence\models
2026-09-01 16:31:16,606 - telecom_app.src.models.manager - INFO - Found model in project models directory: G:\Study\DATA SCINCE\PROJECTS\POTFOLIO\telecom-consumption-intelligence\models\gradient_boosting_final.pkl
2026-09-01 16:31:16,606 - telecom_app.src.models.manager - INFO - Loading model from: G:\Study\DATA SCINCE\PROJECTS\POTFOLIO\telecom-consumption-intelligence\models\gradient_boosting_final.pkl
2026-09-01 16:31:16,620 - telecom_app.src.models.manager - INFO - Loaded existing model successfully
2026-09-01 16:31:16,620 - telecom_app.src.models.manager - INFO - Model R²: 0.9512689659632382
2026-09-01 16:31:16,641 - telecom_app.src.data.processor - INFO - Prepared features: 8004 rows, 13 features
2026-09-01 16:31:16,650 - telecom_app.src.models.explainer - INFO - SHAP explainer created successfully
2026-09-01 16:31:16,651 - telecom_app.__main__ - INFO - SHAP explainer created: True
2026-09-01 16:31:16,785 - telecom_app.src.models.manager - INFO - Project directory: G:\Study\DATA SCINCE\PROJECTS\POTFOLIO\telecom-consumption-intelligence
2026-09-01 16:31:16,786 - telecom_app.src.models.manager - INFO - Models directory: G:\Study\DATA SCINCE\PROJECTS\POTFOLIO\telecom-consumption-intelligence\models
2026-09-01 16:31:16,816 - telecom_app.src.models.manager - INFO - Checking models directory: G:\Study\DATA SCINCE\PROJECTS\POTFOLIO\telecom-consumption-intelligence\models
2026-09-01 16:31:16,817 - telecom_app.src.models.manager - INFO - Found model in project models directory: G:\Study\DATA SCINCE\PROJECTS\POTFOLIO\telecom-consumption-intelligence\models\gradient_boosting_final.pkl
2026-09-01 16:31:16,817 - telecom_app.src.models.manager - INFO - Loading model from: G:\Study\DATA SCINCE\PROJECTS\POTFOLIO\telecom-consumption-intelligence\models\gradient_boosting_final.pkl
2026-09-01 16:31:16,831 - telecom_app.src.models.manager - INFO - Loaded existing model successfully
2026-09-01 16:31:16,831 - telecom_app.src.models.manager - INFO - Model R²: 0.9512689659632382
2026-09-01 16:31:16,848 - telecom_app.src.data.processor - INFO - Prepared features: 8004 rows, 13 features
2026-09-01 16:31:16,856 - telecom_app.src.models.explainer - INFO - SHAP explainer created successfully
2026-09-01 16:31:16,857 - telecom_app.__main__ - INFO - SHAP explainer created: True
2026-09-01 16:35:12,691 - telecom_app.src.utils.report_generator - WARNING - WeasyPrint is installed but missing dependencies: cannot load library 'libgobject-2.0-0': error 0x7e.  Additionally, ctypes.util.find_library() did not manage to locate a library called 'libgobject-2.0-0'
2026-09-01 16:35:12,691 - telecom_app.src.utils.report_generator - WARNING - Install GTK from: https://github.com/tschoonj/GTK-for-Windows-Runtime-Environment-Installer/releases
2026-09-01 16:35:12,699 - telecom_app.src.utils.report_generator - INFO - pdfkit is available
2026-09-01 16:35:12,702 - telecom_app.src.utils.report_generator - INFO - ReportLab is available
2026-09-01 16:35:12,713 - telecom_app.src.models.manager - INFO - Project directory: G:\Study\DATA SCINCE\PROJECTS\POTFOLIO\telecom-consumption-intelligence
2026-09-01 16:35:12,713 - telecom_app.src.models.manager - INFO - Models directory: G:\Study\DATA SCINCE\PROJECTS\POTFOLIO\telecom-consumption-intelligence\models
2026-09-01 16:35:13,269 - telecom_app.src.data.loader - INFO - Loading data from: G:\Study\DATA SCINCE\PROJECTS\POTFOLIO\telecom-consumption-intelligence\data\processed\train_data.parquet
2026-09-01 16:35:13,336 - telecom_app.src.data.loader - INFO - Loaded 8004 rows from G:\Study\DATA SCINCE\PROJECTS\POTFOLIO\telecom-consumption-intelligence\data\processed\train_data.parquet
2026-09-01 16:35:13,382 - telecom_app.src.models.manager - INFO - Checking models directory: G:\Study\DATA SCINCE\PROJECTS\POTFOLIO\telecom-consumption-intelligence\models
2026-09-01 16:35:13,401 - telecom_app.src.models.manager - INFO - Found model in project models directory: G:\Study\DATA SCINCE\PROJECTS\POTFOLIO\telecom-consumption-intelligence\models\gradient_boosting_final.pkl
2026-09-01 16:35:13,421 - telecom_app.src.models.manager - INFO - Loading model from: G:\Study\DATA SCINCE\PROJECTS\POTFOLIO\telecom-consumption-intelligence\models\gradient_boosting_final.pkl
2026-09-01 16:35:13,433 - telecom_app.src.models.manager - INFO - Loaded existing model successfully
2026-09-01 16:35:13,433 - telecom_app.src.models.manager - INFO - Model R²: 0.9512689659632382
2026-09-01 16:35:15,389 - telecom_app.src.data.processor - INFO - Prepared features: 8004 rows, 13 features
2026-09-01 16:35:15,396 - telecom_app.src.models.explainer - INFO - SHAP explainer created successfully
2026-09-01 16:35:15,397 - telecom_app.__main__ - INFO - SHAP explainer created: True
2026-09-01 16:35:17,826 - telecom_app.src.models.manager - INFO - Project directory: G:\Study\DATA SCINCE\PROJECTS\POTFOLIO\telecom-consumption-intelligence
2026-09-01 16:35:17,827 - telecom_app.src.models.manager - INFO - Models directory: G:\Study\DATA SCINCE\PROJECTS\POTFOLIO\telecom-consumption-intelligence\models
2026-09-01 16:35:17,891 - telecom_app.src.models.manager - INFO - Checking models directory: G:\Study\DATA SCINCE\PROJECTS\POTFOLIO\telecom-consumption-intelligence\models
2026-09-01 16:35:17,892 - telecom_app.src.models.manager - INFO - Found model in project models directory: G:\Study\DATA SCINCE\PROJECTS\POTFOLIO\telecom-consumption-intelligence\models\gradient_boosting_final.pkl
2026-09-01 16:35:17,892 - telecom_app.src.models.manager - INFO - Loading model from: G:\Study\DATA SCINCE\PROJECTS\POTFOLIO\telecom-consumption-intelligence\models\gradient_boosting_final.pkl
2026-09-01 16:35:17,903 - telecom_app.src.models.manager - INFO - Loaded existing model successfully
2026-09-01 16:35:17,903 - telecom_app.src.models.manager - INFO - Model R²: 0.9512689659632382
2026-09-01 16:35:17,933 - telecom_app.src.data.processor - INFO - Prepared features: 8004 rows, 13 features
2026-09-01 16:35:17,967 - telecom_app.src.models.explainer - INFO - SHAP explainer created successfully
2026-09-01 16:35:17,969 - telecom_app.__main__ - INFO - SHAP explainer created: True
2026-09-01 16:35:33,945 - telecom_app.src.models.manager - INFO - Project directory: G:\Study\DATA SCINCE\PROJECTS\POTFOLIO\telecom-consumption-intelligence
2026-09-01 16:35:33,945 - telecom_app.src.models.manager - INFO - Models directory: G:\Study\DATA SCINCE\PROJECTS\POTFOLIO\telecom-consumption-intelligence\models
2026-09-01 16:35:33,987 - telecom_app.src.models.manager - INFO - Checking models directory: G:\Study\DATA SCINCE\PROJECTS\POTFOLIO\telecom-consumption-intelligence\models
2026-09-01 16:35:33,987 - telecom_app.src.models.manager - INFO - Found model in project models directory: G:\Study\DATA SCINCE\PROJECTS\POTFOLIO\telecom-consumption-intelligence\models\gradient_boosting_final.pkl
2026-09-01 16:35:33,987 - telecom_app.src.models.manager - INFO - Loading model from: G:\Study\DATA SCINCE\PROJECTS\POTFOLIO\telecom-consumption-intelligence\models\gradient_boosting_final.pkl
2026-09-01 16:35:33,998 - telecom_app.src.models.manager - INFO - Loaded existing model successfully
2026-09-01 16:35:33,998 - telecom_app.src.models.manager - INFO - Model R²: 0.9512689659632382
2026-09-01 16:35:34,017 - telecom_app.src.data.processor - INFO - Prepared features: 8004 rows, 13 features
2026-09-01 16:35:34,028 - telecom_app.src.models.explainer - INFO - SHAP explainer created successfully
2026-09-01 16:35:34,028 - telecom_app.__main__ - INFO - SHAP explainer created: True
2026-09-01 16:35:34,186 - telecom_app.src.models.manager - INFO - Project directory: G:\Study\DATA SCINCE\PROJECTS\POTFOLIO\telecom-consumption-intelligence
2026-09-01 16:35:34,186 - telecom_app.src.models.manager - INFO - Models directory: G:\Study\DATA SCINCE\PROJECTS\POTFOLIO\telecom-consumption-intelligence\models
2026-09-01 16:35:34,213 - telecom_app.src.models.manager - INFO - Checking models directory: G:\Study\DATA SCINCE\PROJECTS\POTFOLIO\telecom-consumption-intelligence\models
2026-09-01 16:35:34,213 - telecom_app.src.models.manager - INFO - Found model in project models directory: G:\Study\DATA SCINCE\PROJECTS\POTFOLIO\telecom-consumption-intelligence\models\gradient_boosting_final.pkl
2026-09-01 16:35:34,214 - telecom_app.src.models.manager - INFO - Loading model from: G:\Study\DATA SCINCE\PROJECTS\POTFOLIO\telecom-consumption-intelligence\models\gradient_boosting_final.pkl
2026-09-01 16:35:34,223 - telecom_app.src.models.manager - INFO - Loaded existing model successfully
2026-09-01 16:35:34,223 - telecom_app.src.models.manager - INFO - Model R²: 0.9512689659632382
2026-09-01 16:35:34,246 - telecom_app.src.data.processor - INFO - Prepared features: 8004 rows, 13 features
2026-09-01 16:35:34,255 - telecom_app.src.models.explainer - INFO - SHAP explainer created successfully
2026-09-01 16:35:34,255 - telecom_app.__main__ - INFO - SHAP explainer created: True
2026-09-01 16:35:35,641 - telecom_app.src.models.manager - INFO - Project directory: G:\Study\DATA SCINCE\PROJECTS\POTFOLIO\telecom-consumption-intelligence
2026-09-01 16:35:35,642 - telecom_app.src.models.manager - INFO - Models directory: G:\Study\DATA SCINCE\PROJECTS\POTFOLIO\telecom-consumption-intelligence\models
2026-09-01 16:35:35,683 - telecom_app.src.models.manager - INFO - Checking models directory: G:\Study\DATA SCINCE\PROJECTS\POTFOLIO\telecom-consumption-intelligence\models
2026-09-01 16:35:35,684 - telecom_app.src.models.manager - INFO - Found model in project models directory: G:\Study\DATA SCINCE\PROJECTS\POTFOLIO\telecom-consumption-intelligence\models\gradient_boosting_final.pkl
2026-09-01 16:35:35,684 - telecom_app.src.models.manager - INFO - Loading model from: G:\Study\DATA SCINCE\PROJECTS\POTFOLIO\telecom-consumption-intelligence\models\gradient_boosting_final.pkl
2026-09-01 16:35:35,693 - telecom_app.src.models.manager - INFO - Loaded existing model successfully
2026-09-01 16:35:35,693 - telecom_app.src.models.manager - INFO - Model R²: 0.9512689659632382
2026-09-01 16:35:35,721 - telecom_app.src.data.processor - INFO - Prepared features: 8004 rows, 13 features
2026-09-01 16:35:35,743 - telecom_app.src.models.explainer - INFO - SHAP explainer created successfully
2026-09-01 16:35:35,744 - telecom_app.__main__ - INFO - SHAP explainer created: True
2026-09-01 16:35:35,870 - telecom_app.src.models.manager - INFO - Project directory: G:\Study\DATA SCINCE\PROJECTS\POTFOLIO\telecom-consumption-intelligence
2026-09-01 16:35:35,872 - telecom_app.src.models.manager - INFO - Models directory: G:\Study\DATA SCINCE\PROJECTS\POTFOLIO\telecom-consumption-intelligence\models
2026-09-01 16:35:35,900 - telecom_app.src.models.manager - INFO - Checking models directory: G:\Study\DATA SCINCE\PROJECTS\POTFOLIO\telecom-consumption-intelligence\models
2026-09-01 16:35:35,901 - telecom_app.src.models.manager - INFO - Found model in project models directory: G:\Study\DATA SCINCE\PROJECTS\POTFOLIO\telecom-consumption-intelligence\models\gradient_boosting_final.pkl
2026-09-01 16:35:35,901 - telecom_app.src.models.manager - INFO - Loading model from: G:\Study\DATA SCINCE\PROJECTS\POTFOLIO\telecom-consumption-intelligence\models\gradient_boosting_final.pkl
2026-09-01 16:35:35,909 - telecom_app.src.models.manager - INFO - Loaded existing model successfully
2026-09-01 16:35:35,909 - telecom_app.src.models.manager - INFO - Model R²: 0.9512689659632382
2026-09-01 16:35:35,930 - telecom_app.src.data.processor - INFO - Prepared features: 8004 rows, 13 features
2026-09-01 16:35:35,944 - telecom_app.src.models.explainer - INFO - SHAP explainer created successfully
2026-09-01 16:35:35,945 - telecom_app.__main__ - INFO - SHAP explainer created: True
2026-09-01 16:43:26,278 - telecom_app.src.utils.report_generator - WARNING - WeasyPrint is installed but missing dependencies: cannot load library 'libgobject-2.0-0': error 0x7e.  Additionally, ctypes.util.find_library() did not manage to locate a library called 'libgobject-2.0-0'
2026-09-01 16:43:26,278 - telecom_app.src.utils.report_generator - WARNING - Install GTK from: https://github.com/tschoonj/GTK-for-Windows-Runtime-Environment-Installer/releases
2026-09-01 16:43:26,285 - telecom_app.src.utils.report_generator - INFO - pdfkit is available
2026-09-01 16:43:26,289 - telecom_app.src.utils.report_generator - INFO - ReportLab is available
2026-09-01 16:43:26,303 - telecom_app.src.models.manager - INFO - Project directory: G:\Study\DATA SCINCE\PROJECTS\POTFOLIO\telecom-consumption-intelligence
2026-09-01 16:43:26,304 - telecom_app.src.models.manager - INFO - Models directory: G:\Study\DATA SCINCE\PROJECTS\POTFOLIO\telecom-consumption-intelligence\models
2026-09-01 16:43:26,850 - telecom_app.src.data.loader - INFO - Loading data from: G:\Study\DATA SCINCE\PROJECTS\POTFOLIO\telecom-consumption-intelligence\data\processed\train_data.parquet
2026-09-01 16:43:26,915 - telecom_app.src.data.loader - INFO - Loaded 8004 rows from G:\Study\DATA SCINCE\PROJECTS\POTFOLIO\telecom-consumption-intelligence\data\processed\train_data.parquet
2026-09-01 16:43:26,958 - telecom_app.src.models.manager - INFO - Checking models directory: G:\Study\DATA SCINCE\PROJECTS\POTFOLIO\telecom-consumption-intelligence\models
2026-09-01 16:43:26,959 - telecom_app.src.models.manager - INFO - Found model in project models directory: G:\Study\DATA SCINCE\PROJECTS\POTFOLIO\telecom-consumption-intelligence\models\gradient_boosting_final.pkl
2026-09-01 16:43:26,959 - telecom_app.src.models.manager - INFO - Loading model from: G:\Study\DATA SCINCE\PROJECTS\POTFOLIO\telecom-consumption-intelligence\models\gradient_boosting_final.pkl
2026-09-01 16:43:26,967 - telecom_app.src.models.manager - INFO - Loaded existing model successfully
2026-09-01 16:43:26,968 - telecom_app.src.models.manager - INFO - Model R²: 0.9512689659632382
2026-09-01 16:43:28,780 - telecom_app.src.data.processor - INFO - Prepared features: 8004 rows, 13 features
2026-09-01 16:43:28,787 - telecom_app.src.models.explainer - INFO - SHAP explainer created successfully
2026-09-01 16:43:28,789 - telecom_app.__main__ - INFO - SHAP explainer created: True
2026-09-01 16:43:41,057 - telecom_app.src.models.manager - INFO - Project directory: G:\Study\DATA SCINCE\PROJECTS\POTFOLIO\telecom-consumption-intelligence
2026-09-01 16:43:41,058 - telecom_app.src.models.manager - INFO - Models directory: G:\Study\DATA SCINCE\PROJECTS\POTFOLIO\telecom-consumption-intelligence\models
2026-09-01 16:43:41,100 - telecom_app.src.models.manager - INFO - Checking models directory: G:\Study\DATA SCINCE\PROJECTS\POTFOLIO\telecom-consumption-intelligence\models
2026-09-01 16:43:41,100 - telecom_app.src.models.manager - INFO - Found model in project models directory: G:\Study\DATA SCINCE\PROJECTS\POTFOLIO\telecom-consumption-intelligence\models\gradient_boosting_final.pkl
2026-09-01 16:43:41,100 - telecom_app.src.models.manager - INFO - Loading model from: G:\Study\DATA SCINCE\PROJECTS\POTFOLIO\telecom-consumption-intelligence\models\gradient_boosting_final.pkl
2026-09-01 16:43:41,109 - telecom_app.src.models.manager - INFO - Loaded existing model successfully
2026-09-01 16:43:41,109 - telecom_app.src.models.manager - INFO - Model R²: 0.9512689659632382
2026-09-01 16:43:41,136 - telecom_app.src.data.processor - INFO - Prepared features: 8004 rows, 13 features
2026-09-01 16:43:41,147 - telecom_app.src.models.explainer - INFO - SHAP explainer created successfully
2026-09-01 16:43:41,148 - telecom_app.__main__ - INFO - SHAP explainer created: True
2026-09-01 16:43:41,286 - telecom_app.src.models.manager - INFO - Project directory: G:\Study\DATA SCINCE\PROJECTS\POTFOLIO\telecom-consumption-intelligence
2026-09-01 16:43:41,287 - telecom_app.src.models.manager - INFO - Models directory: G:\Study\DATA SCINCE\PROJECTS\POTFOLIO\telecom-consumption-intelligence\models
2026-09-01 16:43:41,314 - telecom_app.src.models.manager - INFO - Checking models directory: G:\Study\DATA SCINCE\PROJECTS\POTFOLIO\telecom-consumption-intelligence\models
2026-09-01 16:43:41,314 - telecom_app.src.models.manager - INFO - Found model in project models directory: G:\Study\DATA SCINCE\PROJECTS\POTFOLIO\telecom-consumption-intelligence\models\gradient_boosting_final.pkl
2026-09-01 16:43:41,315 - telecom_app.src.models.manager - INFO - Loading model from: G:\Study\DATA SCINCE\PROJECTS\POTFOLIO\telecom-consumption-intelligence\models\gradient_boosting_final.pkl
2026-09-01 16:43:41,326 - telecom_app.src.models.manager - INFO - Loaded existing model successfully
2026-09-01 16:43:41,327 - telecom_app.src.models.manager - INFO - Model R²: 0.9512689659632382
2026-09-01 16:43:41,351 - telecom_app.src.data.processor - INFO - Prepared features: 8004 rows, 13 features
2026-09-01 16:43:41,362 - telecom_app.src.models.explainer - INFO - SHAP explainer created successfully
2026-09-01 16:43:41,362 - telecom_app.__main__ - INFO - SHAP explainer created: True
2026-09-01 16:43:42,311 - telecom_app.src.models.manager - INFO - Project directory: G:\Study\DATA SCINCE\PROJECTS\POTFOLIO\telecom-consumption-intelligence
2026-09-01 16:43:42,312 - telecom_app.src.models.manager - INFO - Models directory: G:\Study\DATA SCINCE\PROJECTS\POTFOLIO\telecom-consumption-intelligence\models
2026-09-01 16:43:42,348 - telecom_app.src.models.manager - INFO - Checking models directory: G:\Study\DATA SCINCE\PROJECTS\POTFOLIO\telecom-consumption-intelligence\models
2026-09-01 16:43:42,349 - telecom_app.src.models.manager - INFO - Found model in project models directory: G:\Study\DATA SCINCE\PROJECTS\POTFOLIO\telecom-consumption-intelligence\models\gradient_boosting_final.pkl
2026-09-01 16:43:42,349 - telecom_app.src.models.manager - INFO - Loading model from: G:\Study\DATA SCINCE\PROJECTS\POTFOLIO\telecom-consumption-intelligence\models\gradient_boosting_final.pkl
2026-09-01 16:43:42,357 - telecom_app.src.models.manager - INFO - Loaded existing model successfully
2026-09-01 16:43:42,358 - telecom_app.src.models.manager - INFO - Model R²: 0.9512689659632382
2026-09-01 16:43:42,382 - telecom_app.src.data.processor - INFO - Prepared features: 8004 rows, 13 features
2026-09-01 16:43:42,394 - telecom_app.src.models.explainer - INFO - SHAP explainer created successfully
2026-09-01 16:43:42,394 - telecom_app.__main__ - INFO - SHAP explainer created: True
2026-09-01 16:43:42,509 - telecom_app.src.models.manager - INFO - Project directory: G:\Study\DATA SCINCE\PROJECTS\POTFOLIO\telecom-consumption-intelligence
2026-09-01 16:43:42,510 - telecom_app.src.models.manager - INFO - Models directory: G:\Study\DATA SCINCE\PROJECTS\POTFOLIO\telecom-consumption-intelligence\models
2026-09-01 16:43:42,536 - telecom_app.src.models.manager - INFO - Checking models directory: G:\Study\DATA SCINCE\PROJECTS\POTFOLIO\telecom-consumption-intelligence\models
2026-09-01 16:43:42,536 - telecom_app.src.models.manager - INFO - Found model in project models directory: G:\Study\DATA SCINCE\PROJECTS\POTFOLIO\telecom-consumption-intelligence\models\gradient_boosting_final.pkl
2026-09-01 16:43:42,537 - telecom_app.src.models.manager - INFO - Loading model from: G:\Study\DATA SCINCE\PROJECTS\POTFOLIO\telecom-consumption-intelligence\models\gradient_boosting_final.pkl
2026-09-01 16:43:42,546 - telecom_app.src.models.manager - INFO - Loaded existing model successfully
2026-09-01 16:43:42,547 - telecom_app.src.models.manager - INFO - Model R²: 0.9512689659632382
2026-09-01 16:43:42,570 - telecom_app.src.data.processor - INFO - Prepared features: 8004 rows, 13 features
2026-09-01 16:43:42,580 - telecom_app.src.models.explainer - INFO - SHAP explainer created successfully
2026-09-01 16:43:42,581 - telecom_app.__main__ - INFO - SHAP explainer created: True
2026-09-01 16:46:07,094 - telecom_app.src.utils.report_generator - WARNING - WeasyPrint is installed but missing dependencies: cannot load library 'libgobject-2.0-0': error 0x7e.  Additionally, ctypes.util.find_library() did not manage to locate a library called 'libgobject-2.0-0'
2026-09-01 16:46:07,094 - telecom_app.src.utils.report_generator - WARNING - Install GTK from: https://github.com/tschoonj/GTK-for-Windows-Runtime-Environment-Installer/releases
2026-09-01 16:46:07,100 - telecom_app.src.utils.report_generator - INFO - pdfkit is available
2026-09-01 16:46:07,104 - telecom_app.src.utils.report_generator - INFO - ReportLab is available
2026-09-01 16:46:07,112 - telecom_app.src.models.manager - INFO - Project directory: G:\Study\DATA SCINCE\PROJECTS\POTFOLIO\telecom-consumption-intelligence
2026-09-01 16:46:07,113 - telecom_app.src.models.manager - INFO - Models directory: G:\Study\DATA SCINCE\PROJECTS\POTFOLIO\telecom-consumption-intelligence\models
2026-09-01 16:46:07,677 - telecom_app.src.data.loader - INFO - Loading data from: G:\Study\DATA SCINCE\PROJECTS\POTFOLIO\telecom-consumption-intelligence\data\processed\train_data.parquet
2026-09-01 16:46:07,739 - telecom_app.src.data.loader - INFO - Loaded 8004 rows from G:\Study\DATA SCINCE\PROJECTS\POTFOLIO\telecom-consumption-intelligence\data\processed\train_data.parquet
2026-09-01 16:46:07,771 - telecom_app.src.models.manager - INFO - Checking models directory: G:\Study\DATA SCINCE\PROJECTS\POTFOLIO\telecom-consumption-intelligence\models
2026-09-01 16:46:07,771 - telecom_app.src.models.manager - INFO - Found model in project models directory: G:\Study\DATA SCINCE\PROJECTS\POTFOLIO\telecom-consumption-intelligence\models\gradient_boosting_final.pkl
2026-09-01 16:46:07,771 - telecom_app.src.models.manager - INFO - Loading model from: G:\Study\DATA SCINCE\PROJECTS\POTFOLIO\telecom-consumption-intelligence\models\gradient_boosting_final.pkl
2026-09-01 16:46:07,778 - telecom_app.src.models.manager - INFO - Loaded existing model successfully
2026-09-01 16:46:07,779 - telecom_app.src.models.manager - INFO - Model R²: 0.9512689659632382
2026-09-01 16:46:09,544 - telecom_app.src.data.processor - INFO - Prepared features: 8004 rows, 13 features
2026-09-01 16:46:09,551 - telecom_app.src.models.explainer - INFO - SHAP explainer created successfully
2026-09-01 16:46:09,552 - telecom_app.__main__ - INFO - SHAP explainer created: True
2026-09-01 16:46:11,870 - telecom_app.src.models.manager - INFO - Project directory: G:\Study\DATA SCINCE\PROJECTS\POTFOLIO\telecom-consumption-intelligence
2026-09-01 16:46:11,870 - telecom_app.src.models.manager - INFO - Models directory: G:\Study\DATA SCINCE\PROJECTS\POTFOLIO\telecom-consumption-intelligence\models
2026-09-01 16:46:11,904 - telecom_app.src.models.manager - INFO - Checking models directory: G:\Study\DATA SCINCE\PROJECTS\POTFOLIO\telecom-consumption-intelligence\models
2026-09-01 16:46:11,905 - telecom_app.src.models.manager - INFO - Found model in project models directory: G:\Study\DATA SCINCE\PROJECTS\POTFOLIO\telecom-consumption-intelligence\models\gradient_boosting_final.pkl
2026-09-01 16:46:11,905 - telecom_app.src.models.manager - INFO - Loading model from: G:\Study\DATA SCINCE\PROJECTS\POTFOLIO\telecom-consumption-intelligence\models\gradient_boosting_final.pkl
2026-09-01 16:46:11,915 - telecom_app.src.models.manager - INFO - Loaded existing model successfully
2026-09-01 16:46:11,915 - telecom_app.src.models.manager - INFO - Model R²: 0.9512689659632382
2026-09-01 16:46:11,939 - telecom_app.src.data.processor - INFO - Prepared features: 8004 rows, 13 features
2026-09-01 16:46:11,947 - telecom_app.src.models.explainer - INFO - SHAP explainer created successfully
2026-09-01 16:46:11,948 - telecom_app.__main__ - INFO - SHAP explainer created: True
2026-09-01 16:46:12,075 - telecom_app.src.models.manager - INFO - Project directory: G:\Study\DATA SCINCE\PROJECTS\POTFOLIO\telecom-consumption-intelligence
2026-09-01 16:46:12,078 - telecom_app.src.models.manager - INFO - Models directory: G:\Study\DATA SCINCE\PROJECTS\POTFOLIO\telecom-consumption-intelligence\models
2026-09-01 16:46:12,104 - telecom_app.src.models.manager - INFO - Checking models directory: G:\Study\DATA SCINCE\PROJECTS\POTFOLIO\telecom-consumption-intelligence\models
2026-09-01 16:46:12,104 - telecom_app.src.models.manager - INFO - Found model in project models directory: G:\Study\DATA SCINCE\PROJECTS\POTFOLIO\telecom-consumption-intelligence\models\gradient_boosting_final.pkl
2026-09-01 16:46:12,105 - telecom_app.src.models.manager - INFO - Loading model from: G:\Study\DATA SCINCE\PROJECTS\POTFOLIO\telecom-consumption-intelligence\models\gradient_boosting_final.pkl
2026-09-01 16:46:12,116 - telecom_app.src.models.manager - INFO - Loaded existing model successfully
2026-09-01 16:46:12,116 - telecom_app.src.models.manager - INFO - Model R²: 0.9512689659632382
2026-09-01 16:46:12,136 - telecom_app.src.data.processor - INFO - Prepared features: 8004 rows, 13 features
2026-09-01 16:46:12,147 - telecom_app.src.models.explainer - INFO - SHAP explainer created successfully
2026-09-01 16:46:12,148 - telecom_app.__main__ - INFO - SHAP explainer created: True
2026-09-01 16:46:16,386 - telecom_app.src.models.manager - INFO - Project directory: G:\Study\DATA SCINCE\PROJECTS\POTFOLIO\telecom-consumption-intelligence
2026-09-01 16:46:16,386 - telecom_app.src.models.manager - INFO - Models directory: G:\Study\DATA SCINCE\PROJECTS\POTFOLIO\telecom-consumption-intelligence\models
2026-09-01 16:46:16,422 - telecom_app.src.models.manager - INFO - Checking models directory: G:\Study\DATA SCINCE\PROJECTS\POTFOLIO\telecom-consumption-intelligence\models
2026-09-01 16:46:16,422 - telecom_app.src.models.manager - INFO - Found model in project models directory: G:\Study\DATA SCINCE\PROJECTS\POTFOLIO\telecom-consumption-intelligence\models\gradient_boosting_final.pkl
2026-09-01 16:46:16,422 - telecom_app.src.models.manager - INFO - Loading model from: G:\Study\DATA SCINCE\PROJECTS\POTFOLIO\telecom-consumption-intelligence\models\gradient_boosting_final.pkl
2026-09-01 16:46:16,430 - telecom_app.src.models.manager - INFO - Loaded existing model successfully
2026-09-01 16:46:16,430 - telecom_app.src.models.manager - INFO - Model R²: 0.9512689659632382
2026-09-01 16:46:16,448 - telecom_app.src.data.processor - INFO - Prepared features: 8004 rows, 13 features
2026-09-01 16:46:16,461 - telecom_app.src.models.explainer - INFO - SHAP explainer created successfully
2026-09-01 16:46:16,462 - telecom_app.__main__ - INFO - SHAP explainer created: True
2026-09-01 16:46:16,603 - telecom_app.src.models.manager - INFO - Project directory: G:\Study\DATA SCINCE\PROJECTS\POTFOLIO\telecom-consumption-intelligence
2026-09-01 16:46:16,604 - telecom_app.src.models.manager - INFO - Models directory: G:\Study\DATA SCINCE\PROJECTS\POTFOLIO\telecom-consumption-intelligence\models
2026-09-01 16:46:16,631 - telecom_app.src.models.manager - INFO - Checking models directory: G:\Study\DATA SCINCE\PROJECTS\POTFOLIO\telecom-consumption-intelligence\models
2026-09-01 16:46:16,631 - telecom_app.src.models.manager - INFO - Found model in project models directory: G:\Study\DATA SCINCE\PROJECTS\POTFOLIO\telecom-consumption-intelligence\models\gradient_boosting_final.pkl
2026-09-01 16:46:16,631 - telecom_app.src.models.manager - INFO - Loading model from: G:\Study\DATA SCINCE\PROJECTS\POTFOLIO\telecom-consumption-intelligence\models\gradient_boosting_final.pkl
2026-09-01 16:46:16,640 - telecom_app.src.models.manager - INFO - Loaded existing model successfully
2026-09-01 16:46:16,641 - telecom_app.src.models.manager - INFO - Model R²: 0.9512689659632382
2026-09-01 16:46:16,656 - telecom_app.src.data.processor - INFO - Prepared features: 8004 rows, 13 features
2026-09-01 16:46:16,665 - telecom_app.src.models.explainer - INFO - SHAP explainer created successfully
2026-09-01 16:46:16,665 - telecom_app.__main__ - INFO - SHAP explainer created: True
2026-09-01 16:46:17,385 - telecom_app.src.models.manager - INFO - Project directory: G:\Study\DATA SCINCE\PROJECTS\POTFOLIO\telecom-consumption-intelligence
2026-09-01 16:46:17,386 - telecom_app.src.models.manager - INFO - Models directory: G:\Study\DATA SCINCE\PROJECTS\POTFOLIO\telecom-consumption-intelligence\models
2026-09-01 16:46:17,416 - telecom_app.src.models.manager - INFO - Checking models directory: G:\Study\DATA SCINCE\PROJECTS\POTFOLIO\telecom-consumption-intelligence\models
2026-09-01 16:46:17,416 - telecom_app.src.models.manager - INFO - Found model in project models directory: G:\Study\DATA SCINCE\PROJECTS\POTFOLIO\telecom-consumption-intelligence\models\gradient_boosting_final.pkl
2026-09-01 16:46:17,416 - telecom_app.src.models.manager - INFO - Loading model from: G:\Study\DATA SCINCE\PROJECTS\POTFOLIO\telecom-consumption-intelligence\models\gradient_boosting_final.pkl
2026-09-01 16:46:17,426 - telecom_app.src.models.manager - INFO - Loaded existing model successfully
2026-09-01 16:46:17,426 - telecom_app.src.models.manager - INFO - Model R²: 0.9512689659632382
2026-09-01 16:46:17,445 - telecom_app.src.data.processor - INFO - Prepared features: 8004 rows, 13 features
2026-09-01 16:46:17,455 - telecom_app.src.models.explainer - INFO - SHAP explainer created successfully
2026-09-01 16:46:17,455 - telecom_app.__main__ - INFO - SHAP explainer created: True
2026-09-01 16:46:17,604 - telecom_app.src.models.manager - INFO - Project directory: G:\Study\DATA SCINCE\PROJECTS\POTFOLIO\telecom-consumption-intelligence
2026-09-01 16:46:17,605 - telecom_app.src.models.manager - INFO - Models directory: G:\Study\DATA SCINCE\PROJECTS\POTFOLIO\telecom-consumption-intelligence\models
2026-09-01 16:46:17,637 - telecom_app.src.models.manager - INFO - Checking models directory: G:\Study\DATA SCINCE\PROJECTS\POTFOLIO\telecom-consumption-intelligence\models
2026-09-01 16:46:17,638 - telecom_app.src.models.manager - INFO - Found model in project models directory: G:\Study\DATA SCINCE\PROJECTS\POTFOLIO\telecom-consumption-intelligence\models\gradient_boosting_final.pkl
2026-09-01 16:46:17,638 - telecom_app.src.models.manager - INFO - Loading model from: G:\Study\DATA SCINCE\PROJECTS\POTFOLIO\telecom-consumption-intelligence\models\gradient_boosting_final.pkl
2026-09-01 16:46:17,652 - telecom_app.src.models.manager - INFO - Loaded existing model successfully
2026-09-01 16:46:17,652 - telecom_app.src.models.manager - INFO - Model R²: 0.9512689659632382
2026-09-01 16:46:17,677 - telecom_app.src.data.processor - INFO - Prepared features: 8004 rows, 13 features
2026-09-01 16:46:17,687 - telecom_app.src.models.explainer - INFO - SHAP explainer created successfully
2026-09-01 16:46:17,688 - telecom_app.__main__ - INFO - SHAP explainer created: True
2026-09-01 16:46:21,427 - telecom_app.src.models.manager - INFO - Project directory: G:\Study\DATA SCINCE\PROJECTS\POTFOLIO\telecom-consumption-intelligence
2026-09-01 16:46:21,427 - telecom_app.src.models.manager - INFO - Models directory: G:\Study\DATA SCINCE\PROJECTS\POTFOLIO\telecom-consumption-intelligence\models
2026-09-01 16:46:21,464 - telecom_app.src.models.manager - INFO - Checking models directory: G:\Study\DATA SCINCE\PROJECTS\POTFOLIO\telecom-consumption-intelligence\models
2026-09-01 16:46:21,465 - telecom_app.src.models.manager - INFO - Found model in project models directory: G:\Study\DATA SCINCE\PROJECTS\POTFOLIO\telecom-consumption-intelligence\models\gradient_boosting_final.pkl
2026-09-01 16:46:21,465 - telecom_app.src.models.manager - INFO - Loading model from: G:\Study\DATA SCINCE\PROJECTS\POTFOLIO\telecom-consumption-intelligence\models\gradient_boosting_final.pkl
2026-09-01 16:46:21,474 - telecom_app.src.models.manager - INFO - Loaded existing model successfully
2026-09-01 16:46:21,474 - telecom_app.src.models.manager - INFO - Model R²: 0.9512689659632382
2026-09-01 16:46:21,491 - telecom_app.src.data.processor - INFO - Prepared features: 8004 rows, 13 features
2026-09-01 16:46:21,500 - telecom_app.src.models.explainer - INFO - SHAP explainer created successfully
2026-09-01 16:46:21,500 - telecom_app.__main__ - INFO - SHAP explainer created: True
2026-09-01 16:46:21,647 - telecom_app.src.models.manager - INFO - Project directory: G:\Study\DATA SCINCE\PROJECTS\POTFOLIO\telecom-consumption-intelligence
2026-09-01 16:46:21,648 - telecom_app.src.models.manager - INFO - Models directory: G:\Study\DATA SCINCE\PROJECTS\POTFOLIO\telecom-consumption-intelligence\models
2026-09-01 16:46:21,676 - telecom_app.src.models.manager - INFO - Checking models directory: G:\Study\DATA SCINCE\PROJECTS\POTFOLIO\telecom-consumption-intelligence\models
2026-09-01 16:46:21,689 - telecom_app.src.models.manager - INFO - Found model in project models directory: G:\Study\DATA SCINCE\PROJECTS\POTFOLIO\telecom-consumption-intelligence\models\gradient_boosting_final.pkl
2026-09-01 16:46:21,690 - telecom_app.src.models.manager - INFO - Loading model from: G:\Study\DATA SCINCE\PROJECTS\POTFOLIO\telecom-consumption-intelligence\models\gradient_boosting_final.pkl
2026-09-01 16:46:21,698 - telecom_app.src.models.manager - INFO - Loaded existing model successfully
2026-09-01 16:46:21,698 - telecom_app.src.models.manager - INFO - Model R²: 0.9512689659632382
2026-09-01 16:46:21,721 - telecom_app.src.data.processor - INFO - Prepared features: 8004 rows, 13 features
2026-09-01 16:46:21,746 - telecom_app.src.models.explainer - INFO - SHAP explainer created successfully
2026-09-01 16:46:21,746 - telecom_app.__main__ - INFO - SHAP explainer created: True
2026-09-01 16:46:27,685 - telecom_app.src.models.manager - INFO - Project directory: G:\Study\DATA SCINCE\PROJECTS\POTFOLIO\telecom-consumption-intelligence
2026-09-01 16:46:27,685 - telecom_app.src.models.manager - INFO - Models directory: G:\Study\DATA SCINCE\PROJECTS\POTFOLIO\telecom-consumption-intelligence\models
2026-09-01 16:46:27,724 - telecom_app.src.models.manager - INFO - Checking models directory: G:\Study\DATA SCINCE\PROJECTS\POTFOLIO\telecom-consumption-intelligence\models
2026-09-01 16:46:27,725 - telecom_app.src.models.manager - INFO - Found model in project models directory: G:\Study\DATA SCINCE\PROJECTS\POTFOLIO\telecom-consumption-intelligence\models\gradient_boosting_final.pkl
2026-09-01 16:46:27,725 - telecom_app.src.models.manager - INFO - Loading model from: G:\Study\DATA SCINCE\PROJECTS\POTFOLIO\telecom-consumption-intelligence\models\gradient_boosting_final.pkl
2026-09-01 16:46:27,734 - telecom_app.src.models.manager - INFO - Loaded existing model successfully
2026-09-01 16:46:27,734 - telecom_app.src.models.manager - INFO - Model R²: 0.9512689659632382
2026-09-01 16:46:27,751 - telecom_app.src.data.processor - INFO - Prepared features: 8004 rows, 13 features
2026-09-01 16:46:27,765 - telecom_app.src.models.explainer - INFO - SHAP explainer created successfully
2026-09-01 16:46:27,766 - telecom_app.__main__ - INFO - SHAP explainer created: True
2026-09-01 16:46:27,952 - telecom_app.src.models.manager - INFO - Project directory: G:\Study\DATA SCINCE\PROJECTS\POTFOLIO\telecom-consumption-intelligence
2026-09-01 16:46:27,953 - telecom_app.src.models.manager - INFO - Models directory: G:\Study\DATA SCINCE\PROJECTS\POTFOLIO\telecom-consumption-intelligence\models
2026-09-01 16:46:27,981 - telecom_app.src.models.manager - INFO - Checking models directory: G:\Study\DATA SCINCE\PROJECTS\POTFOLIO\telecom-consumption-intelligence\models
2026-09-01 16:46:27,981 - telecom_app.src.models.manager - INFO - Found model in project models directory: G:\Study\DATA SCINCE\PROJECTS\POTFOLIO\telecom-consumption-intelligence\models\gradient_boosting_final.pkl
2026-09-01 16:46:27,982 - telecom_app.src.models.manager - INFO - Loading model from: G:\Study\DATA SCINCE\PROJECTS\POTFOLIO\telecom-consumption-intelligence\models\gradient_boosting_final.pkl
2026-09-01 16:46:27,988 - telecom_app.src.models.manager - INFO - Loaded existing model successfully
2026-09-01 16:46:27,989 - telecom_app.src.models.manager - INFO - Model R²: 0.9512689659632382
2026-09-01 16:46:28,013 - telecom_app.src.data.processor - INFO - Prepared features: 8004 rows, 13 features
2026-09-01 16:46:28,026 - telecom_app.src.models.explainer - INFO - SHAP explainer created successfully
2026-09-01 16:46:28,027 - telecom_app.__main__ - INFO - SHAP explainer created: True
2026-09-01 16:46:30,840 - telecom_app.src.models.manager - INFO - Project directory: G:\Study\DATA SCINCE\PROJECTS\POTFOLIO\telecom-consumption-intelligence
2026-09-01 16:46:30,841 - telecom_app.src.models.manager - INFO - Models directory: G:\Study\DATA SCINCE\PROJECTS\POTFOLIO\telecom-consumption-intelligence\models
2026-09-01 16:46:30,878 - telecom_app.src.models.manager - INFO - Checking models directory: G:\Study\DATA SCINCE\PROJECTS\POTFOLIO\telecom-consumption-intelligence\models
2026-09-01 16:46:30,879 - telecom_app.src.models.manager - INFO - Found model in project models directory: G:\Study\DATA SCINCE\PROJECTS\POTFOLIO\telecom-consumption-intelligence\models\gradient_boosting_final.pkl
2026-09-01 16:46:30,879 - telecom_app.src.models.manager - INFO - Loading model from: G:\Study\DATA SCINCE\PROJECTS\POTFOLIO\telecom-consumption-intelligence\models\gradient_boosting_final.pkl
2026-09-01 16:46:30,888 - telecom_app.src.models.manager - INFO - Loaded existing model successfully
2026-09-01 16:46:30,889 - telecom_app.src.models.manager - INFO - Model R²: 0.9512689659632382
2026-09-01 16:46:30,909 - telecom_app.src.data.processor - INFO - Prepared features: 8004 rows, 13 features
2026-09-01 16:46:30,919 - telecom_app.src.models.explainer - INFO - SHAP explainer created successfully
2026-09-01 16:46:30,919 - telecom_app.__main__ - INFO - SHAP explainer created: True
2026-09-01 16:46:31,055 - telecom_app.src.models.manager - INFO - Project directory: G:\Study\DATA SCINCE\PROJECTS\POTFOLIO\telecom-consumption-intelligence
2026-09-01 16:46:31,056 - telecom_app.src.models.manager - INFO - Models directory: G:\Study\DATA SCINCE\PROJECTS\POTFOLIO\telecom-consumption-intelligence\models
2026-09-01 16:46:31,082 - telecom_app.src.models.manager - INFO - Checking models directory: G:\Study\DATA SCINCE\PROJECTS\POTFOLIO\telecom-consumption-intelligence\models
2026-09-01 16:46:31,083 - telecom_app.src.models.manager - INFO - Found model in project models directory: G:\Study\DATA SCINCE\PROJECTS\POTFOLIO\telecom-consumption-intelligence\models\gradient_boosting_final.pkl
2026-09-01 16:46:31,083 - telecom_app.src.models.manager - INFO - Loading model from: G:\Study\DATA SCINCE\PROJECTS\POTFOLIO\telecom-consumption-intelligence\models\gradient_boosting_final.pkl
2026-09-01 16:46:31,093 - telecom_app.src.models.manager - INFO - Loaded existing model successfully
2026-09-01 16:46:31,093 - telecom_app.src.models.manager - INFO - Model R²: 0.9512689659632382
2026-09-01 16:46:31,110 - telecom_app.src.data.processor - INFO - Prepared features: 8004 rows, 13 features
2026-09-01 16:46:31,121 - telecom_app.src.models.explainer - INFO - SHAP explainer created successfully
2026-09-01 16:46:31,121 - telecom_app.__main__ - INFO - SHAP explainer created: True
2026-09-01 16:49:31,180 - telecom_app.src.utils.report_generator - WARNING - WeasyPrint is installed but missing dependencies: cannot load library 'libgobject-2.0-0': error 0x7e.  Additionally, ctypes.util.find_library() did not manage to locate a library called 'libgobject-2.0-0'
2026-09-01 16:49:31,181 - telecom_app.src.utils.report_generator - WARNING - Install GTK from: https://github.com/tschoonj/GTK-for-Windows-Runtime-Environment-Installer/releases
2026-09-01 16:49:31,188 - telecom_app.src.utils.report_generator - INFO - pdfkit is available
2026-09-01 16:49:31,191 - telecom_app.src.utils.report_generator - INFO - ReportLab is available
2026-09-01 16:49:31,198 - telecom_app.src.models.manager - INFO - Project directory: G:\Study\DATA SCINCE\PROJECTS\POTFOLIO\telecom-consumption-intelligence
2026-09-01 16:49:31,198 - telecom_app.src.models.manager - INFO - Models directory: G:\Study\DATA SCINCE\PROJECTS\POTFOLIO\telecom-consumption-intelligence\models
2026-09-01 16:49:31,679 - telecom_app.src.data.loader - INFO - Loading data from: G:\Study\DATA SCINCE\PROJECTS\POTFOLIO\telecom-consumption-intelligence\data\processed\train_data.parquet
2026-09-01 16:49:31,739 - telecom_app.src.data.loader - INFO - Loaded 8004 rows from G:\Study\DATA SCINCE\PROJECTS\POTFOLIO\telecom-consumption-intelligence\data\processed\train_data.parquet
2026-09-01 16:49:31,768 - telecom_app.src.models.manager - INFO - Checking models directory: G:\Study\DATA SCINCE\PROJECTS\POTFOLIO\telecom-consumption-intelligence\models
2026-09-01 16:49:31,768 - telecom_app.src.models.manager - INFO - Found model in project models directory: G:\Study\DATA SCINCE\PROJECTS\POTFOLIO\telecom-consumption-intelligence\models\gradient_boosting_final.pkl
2026-09-01 16:49:31,768 - telecom_app.src.models.manager - INFO - Loading model from: G:\Study\DATA SCINCE\PROJECTS\POTFOLIO\telecom-consumption-intelligence\models\gradient_boosting_final.pkl
2026-09-01 16:49:31,776 - telecom_app.src.models.manager - INFO - Loaded existing model successfully
2026-09-01 16:49:31,776 - telecom_app.src.models.manager - INFO - Model R²: 0.9512689659632382
2026-09-01 16:49:33,568 - telecom_app.src.data.processor - INFO - Prepared features: 8004 rows, 13 features
2026-09-01 16:49:33,576 - telecom_app.src.models.explainer - INFO - SHAP explainer created successfully
2026-09-01 16:49:33,577 - telecom_app.__main__ - INFO - SHAP explainer created: True
2026-09-01 16:49:36,492 - telecom_app.src.models.manager - INFO - Project directory: G:\Study\DATA SCINCE\PROJECTS\POTFOLIO\telecom-consumption-intelligence
2026-09-01 16:49:36,493 - telecom_app.src.models.manager - INFO - Models directory: G:\Study\DATA SCINCE\PROJECTS\POTFOLIO\telecom-consumption-intelligence\models
2026-09-01 16:49:36,537 - telecom_app.src.models.manager - INFO - Checking models directory: G:\Study\DATA SCINCE\PROJECTS\POTFOLIO\telecom-consumption-intelligence\models
2026-09-01 16:49:36,537 - telecom_app.src.models.manager - INFO - Found model in project models directory: G:\Study\DATA SCINCE\PROJECTS\POTFOLIO\telecom-consumption-intelligence\models\gradient_boosting_final.pkl
2026-09-01 16:49:36,537 - telecom_app.src.models.manager - INFO - Loading model from: G:\Study\DATA SCINCE\PROJECTS\POTFOLIO\telecom-consumption-intelligence\models\gradient_boosting_final.pkl
2026-09-01 16:49:36,545 - telecom_app.src.models.manager - INFO - Loaded existing model successfully
2026-09-01 16:49:36,545 - telecom_app.src.models.manager - INFO - Model R²: 0.9512689659632382
2026-09-01 16:49:36,567 - telecom_app.src.data.processor - INFO - Prepared features: 8004 rows, 13 features
2026-09-01 16:49:36,576 - telecom_app.src.models.explainer - INFO - SHAP explainer created successfully
2026-09-01 16:49:36,577 - telecom_app.__main__ - INFO - SHAP explainer created: True
2026-09-01 16:49:36,746 - telecom_app.src.models.manager - INFO - Project directory: G:\Study\DATA SCINCE\PROJECTS\POTFOLIO\telecom-consumption-intelligence
2026-09-01 16:49:36,747 - telecom_app.src.models.manager - INFO - Models directory: G:\Study\DATA SCINCE\PROJECTS\POTFOLIO\telecom-consumption-intelligence\models
2026-09-01 16:49:36,774 - telecom_app.src.models.manager - INFO - Checking models directory: G:\Study\DATA SCINCE\PROJECTS\POTFOLIO\telecom-consumption-intelligence\models
2026-09-01 16:49:36,775 - telecom_app.src.models.manager - INFO - Found model in project models directory: G:\Study\DATA SCINCE\PROJECTS\POTFOLIO\telecom-consumption-intelligence\models\gradient_boosting_final.pkl
2026-09-01 16:49:36,775 - telecom_app.src.models.manager - INFO - Loading model from: G:\Study\DATA SCINCE\PROJECTS\POTFOLIO\telecom-consumption-intelligence\models\gradient_boosting_final.pkl
2026-09-01 16:49:36,782 - telecom_app.src.models.manager - INFO - Loaded existing model successfully
2026-09-01 16:49:36,782 - telecom_app.src.models.manager - INFO - Model R²: 0.9512689659632382
2026-09-01 16:49:36,800 - telecom_app.src.data.processor - INFO - Prepared features: 8004 rows, 13 features
2026-09-01 16:49:36,808 - telecom_app.src.models.explainer - INFO - SHAP explainer created successfully
2026-09-01 16:49:36,809 - telecom_app.__main__ - INFO - SHAP explainer created: True
2026-09-01 16:49:51,711 - telecom_app.src.models.manager - INFO - Project directory: G:\Study\DATA SCINCE\PROJECTS\POTFOLIO\telecom-consumption-intelligence
2026-09-01 16:49:51,712 - telecom_app.src.models.manager - INFO - Models directory: G:\Study\DATA SCINCE\PROJECTS\POTFOLIO\telecom-consumption-intelligence\models
2026-09-01 16:49:51,749 - telecom_app.src.models.manager - INFO - Checking models directory: G:\Study\DATA SCINCE\PROJECTS\POTFOLIO\telecom-consumption-intelligence\models
2026-09-01 16:49:51,749 - telecom_app.src.models.manager - INFO - Found model in project models directory: G:\Study\DATA SCINCE\PROJECTS\POTFOLIO\telecom-consumption-intelligence\models\gradient_boosting_final.pkl
2026-09-01 16:49:51,750 - telecom_app.src.models.manager - INFO - Loading model from: G:\Study\DATA SCINCE\PROJECTS\POTFOLIO\telecom-consumption-intelligence\models\gradient_boosting_final.pkl
2026-09-01 16:49:51,757 - telecom_app.src.models.manager - INFO - Loaded existing model successfully
2026-09-01 16:49:51,757 - telecom_app.src.models.manager - INFO - Model R²: 0.9512689659632382
2026-09-01 16:49:51,778 - telecom_app.src.data.processor - INFO - Prepared features: 8004 rows, 13 features
2026-09-01 16:49:51,787 - telecom_app.src.models.explainer - INFO - SHAP explainer created successfully
2026-09-01 16:49:51,788 - telecom_app.__main__ - INFO - SHAP explainer created: True
2026-09-01 16:49:51,965 - telecom_app.src.models.manager - INFO - Project directory: G:\Study\DATA SCINCE\PROJECTS\POTFOLIO\telecom-consumption-intelligence
2026-09-01 16:49:51,966 - telecom_app.src.models.manager - INFO - Models directory: G:\Study\DATA SCINCE\PROJECTS\POTFOLIO\telecom-consumption-intelligence\models
2026-09-01 16:49:51,991 - telecom_app.src.models.manager - INFO - Checking models directory: G:\Study\DATA SCINCE\PROJECTS\POTFOLIO\telecom-consumption-intelligence\models
2026-09-01 16:49:51,991 - telecom_app.src.models.manager - INFO - Found model in project models directory: G:\Study\DATA SCINCE\PROJECTS\POTFOLIO\telecom-consumption-intelligence\models\gradient_boosting_final.pkl
2026-09-01 16:49:51,992 - telecom_app.src.models.manager - INFO - Loading model from: G:\Study\DATA SCINCE\PROJECTS\POTFOLIO\telecom-consumption-intelligence\models\gradient_boosting_final.pkl
2026-09-01 16:49:51,999 - telecom_app.src.models.manager - INFO - Loaded existing model successfully
2026-09-01 16:49:51,999 - telecom_app.src.models.manager - INFO - Model R²: 0.9512689659632382
2026-09-01 16:49:52,020 - telecom_app.src.data.processor - INFO - Prepared features: 8004 rows, 13 features
2026-09-01 16:49:52,029 - telecom_app.src.models.explainer - INFO - SHAP explainer created successfully
2026-09-01 16:49:52,030 - telecom_app.__main__ - INFO - SHAP explainer created: True
2026-09-01 16:49:54,118 - telecom_app.src.models.manager - INFO - Project directory: G:\Study\DATA SCINCE\PROJECTS\POTFOLIO\telecom-consumption-intelligence
2026-09-01 16:49:54,119 - telecom_app.src.models.manager - INFO - Models directory: G:\Study\DATA SCINCE\PROJECTS\POTFOLIO\telecom-consumption-intelligence\models
2026-09-01 16:49:54,154 - telecom_app.src.models.manager - INFO - Checking models directory: G:\Study\DATA SCINCE\PROJECTS\POTFOLIO\telecom-consumption-intelligence\models
2026-09-01 16:49:54,155 - telecom_app.src.models.manager - INFO - Found model in project models directory: G:\Study\DATA SCINCE\PROJECTS\POTFOLIO\telecom-consumption-intelligence\models\gradient_boosting_final.pkl
2026-09-01 16:49:54,155 - telecom_app.src.models.manager - INFO - Loading model from: G:\Study\DATA SCINCE\PROJECTS\POTFOLIO\telecom-consumption-intelligence\models\gradient_boosting_final.pkl
2026-09-01 16:49:54,164 - telecom_app.src.models.manager - INFO - Loaded existing model successfully
2026-09-01 16:49:54,164 - telecom_app.src.models.manager - INFO - Model R²: 0.9512689659632382
2026-09-01 16:49:54,182 - telecom_app.src.data.processor - INFO - Prepared features: 8004 rows, 13 features
2026-09-01 16:49:54,201 - telecom_app.src.models.explainer - INFO - SHAP explainer created successfully
2026-09-01 16:49:54,202 - telecom_app.__main__ - INFO - SHAP explainer created: True
2026-09-01 16:49:54,325 - telecom_app.src.models.manager - INFO - Project directory: G:\Study\DATA SCINCE\PROJECTS\POTFOLIO\telecom-consumption-intelligence
2026-09-01 16:49:54,325 - telecom_app.src.models.manager - INFO - Models directory: G:\Study\DATA SCINCE\PROJECTS\POTFOLIO\telecom-consumption-intelligence\models
2026-09-01 16:49:54,352 - telecom_app.src.models.manager - INFO - Checking models directory: G:\Study\DATA SCINCE\PROJECTS\POTFOLIO\telecom-consumption-intelligence\models
2026-09-01 16:49:54,352 - telecom_app.src.models.manager - INFO - Found model in project models directory: G:\Study\DATA SCINCE\PROJECTS\POTFOLIO\telecom-consumption-intelligence\models\gradient_boosting_final.pkl
2026-09-01 16:49:54,352 - telecom_app.src.models.manager - INFO - Loading model from: G:\Study\DATA SCINCE\PROJECTS\POTFOLIO\telecom-consumption-intelligence\models\gradient_boosting_final.pkl
2026-09-01 16:49:54,363 - telecom_app.src.models.manager - INFO - Loaded existing model successfully
2026-09-01 16:49:54,364 - telecom_app.src.models.manager - INFO - Model R²: 0.9512689659632382
2026-09-01 16:49:54,389 - telecom_app.src.data.processor - INFO - Prepared features: 8004 rows, 13 features
2026-09-01 16:49:54,397 - telecom_app.src.models.explainer - INFO - SHAP explainer created successfully
2026-09-01 16:49:54,398 - telecom_app.__main__ - INFO - SHAP explainer created: True
2026-09-01 16:50:00,428 - telecom_app.src.models.manager - INFO - Project directory: G:\Study\DATA SCINCE\PROJECTS\POTFOLIO\telecom-consumption-intelligence
2026-09-01 16:50:00,429 - telecom_app.src.models.manager - INFO - Models directory: G:\Study\DATA SCINCE\PROJECTS\POTFOLIO\telecom-consumption-intelligence\models
2026-09-01 16:50:00,467 - telecom_app.src.models.manager - INFO - Checking models directory: G:\Study\DATA SCINCE\PROJECTS\POTFOLIO\telecom-consumption-intelligence\models
2026-09-01 16:50:00,467 - telecom_app.src.models.manager - INFO - Found model in project models directory: G:\Study\DATA SCINCE\PROJECTS\POTFOLIO\telecom-consumption-intelligence\models\gradient_boosting_final.pkl
2026-09-01 16:50:00,467 - telecom_app.src.models.manager - INFO - Loading model from: G:\Study\DATA SCINCE\PROJECTS\POTFOLIO\telecom-consumption-intelligence\models\gradient_boosting_final.pkl
2026-09-01 16:50:00,482 - telecom_app.src.models.manager - INFO - Loaded existing model successfully
2026-09-01 16:50:00,482 - telecom_app.src.models.manager - INFO - Model R²: 0.9512689659632382
2026-09-01 16:50:00,502 - telecom_app.src.data.processor - INFO - Prepared features: 8004 rows, 13 features
2026-09-01 16:50:00,515 - telecom_app.src.models.explainer - INFO - SHAP explainer created successfully
2026-09-01 16:50:00,515 - telecom_app.__main__ - INFO - SHAP explainer created: True
2026-09-01 16:50:00,657 - telecom_app.src.models.manager - INFO - Project directory: G:\Study\DATA SCINCE\PROJECTS\POTFOLIO\telecom-consumption-intelligence
2026-09-01 16:50:00,658 - telecom_app.src.models.manager - INFO - Models directory: G:\Study\DATA SCINCE\PROJECTS\POTFOLIO\telecom-consumption-intelligence\models
2026-09-01 16:50:00,693 - telecom_app.src.models.manager - INFO - Checking models directory: G:\Study\DATA SCINCE\PROJECTS\POTFOLIO\telecom-consumption-intelligence\models
2026-09-01 16:50:00,693 - telecom_app.src.models.manager - INFO - Found model in project models directory: G:\Study\DATA SCINCE\PROJECTS\POTFOLIO\telecom-consumption-intelligence\models\gradient_boosting_final.pkl
2026-09-01 16:50:00,694 - telecom_app.src.models.manager - INFO - Loading model from: G:\Study\DATA SCINCE\PROJECTS\POTFOLIO\telecom-consumption-intelligence\models\gradient_boosting_final.pkl
2026-09-01 16:50:00,704 - telecom_app.src.models.manager - INFO - Loaded existing model successfully
2026-09-01 16:50:00,704 - telecom_app.src.models.manager - INFO - Model R²: 0.9512689659632382
2026-09-01 16:50:00,727 - telecom_app.src.data.processor - INFO - Prepared features: 8004 rows, 13 features
2026-09-01 16:50:00,735 - telecom_app.src.models.explainer - INFO - SHAP explainer created successfully
2026-09-01 16:50:00,736 - telecom_app.__main__ - INFO - SHAP explainer created: True
2026-09-01 16:54:06,388 - telecom_app.src.utils.report_generator - WARNING - WeasyPrint is installed but missing dependencies: cannot load library 'libgobject-2.0-0': error 0x7e.  Additionally, ctypes.util.find_library() did not manage to locate a library called 'libgobject-2.0-0'
2026-09-01 16:54:06,388 - telecom_app.src.utils.report_generator - WARNING - Install GTK from: https://github.com/tschoonj/GTK-for-Windows-Runtime-Environment-Installer/releases
2026-09-01 16:54:06,394 - telecom_app.src.utils.report_generator - INFO - pdfkit is available
2026-09-01 16:54:06,398 - telecom_app.src.utils.report_generator - INFO - ReportLab is available
2026-09-01 16:54:06,405 - telecom_app.src.models.manager - INFO - Project directory: G:\Study\DATA SCINCE\PROJECTS\POTFOLIO\telecom-consumption-intelligence
2026-09-01 16:54:06,405 - telecom_app.src.models.manager - INFO - Models directory: G:\Study\DATA SCINCE\PROJECTS\POTFOLIO\telecom-consumption-intelligence\models
2026-09-01 16:54:06,952 - telecom_app.src.data.loader - INFO - Loading data from: G:\Study\DATA SCINCE\PROJECTS\POTFOLIO\telecom-consumption-intelligence\data\processed\train_data.parquet
2026-09-01 16:54:07,011 - telecom_app.src.data.loader - INFO - Loaded 8004 rows from G:\Study\DATA SCINCE\PROJECTS\POTFOLIO\telecom-consumption-intelligence\data\processed\train_data.parquet
2026-09-01 16:54:07,046 - telecom_app.src.models.manager - INFO - Checking models directory: G:\Study\DATA SCINCE\PROJECTS\POTFOLIO\telecom-consumption-intelligence\models
2026-09-01 16:54:07,047 - telecom_app.src.models.manager - INFO - Found model in project models directory: G:\Study\DATA SCINCE\PROJECTS\POTFOLIO\telecom-consumption-intelligence\models\gradient_boosting_final.pkl
2026-09-01 16:54:07,047 - telecom_app.src.models.manager - INFO - Loading model from: G:\Study\DATA SCINCE\PROJECTS\POTFOLIO\telecom-consumption-intelligence\models\gradient_boosting_final.pkl
2026-09-01 16:54:07,054 - telecom_app.src.models.manager - INFO - Loaded existing model successfully
2026-09-01 16:54:07,055 - telecom_app.src.models.manager - INFO - Model R²: 0.9512689659632382
2026-09-01 16:54:08,862 - telecom_app.src.data.processor - INFO - Prepared features: 8004 rows, 13 features
2026-09-01 16:54:08,869 - telecom_app.src.models.explainer - INFO - SHAP explainer created successfully
2026-09-01 16:54:08,870 - telecom_app.__main__ - INFO - SHAP explainer created: True
2026-09-01 16:54:15,562 - telecom_app.src.models.manager - INFO - Project directory: G:\Study\DATA SCINCE\PROJECTS\POTFOLIO\telecom-consumption-intelligence
2026-09-01 16:54:15,563 - telecom_app.src.models.manager - INFO - Models directory: G:\Study\DATA SCINCE\PROJECTS\POTFOLIO\telecom-consumption-intelligence\models
2026-09-01 16:54:15,603 - telecom_app.src.models.manager - INFO - Checking models directory: G:\Study\DATA SCINCE\PROJECTS\POTFOLIO\telecom-consumption-intelligence\models
2026-09-01 16:54:15,603 - telecom_app.src.models.manager - INFO - Found model in project models directory: G:\Study\DATA SCINCE\PROJECTS\POTFOLIO\telecom-consumption-intelligence\models\gradient_boosting_final.pkl
2026-09-01 16:54:15,603 - telecom_app.src.models.manager - INFO - Loading model from: G:\Study\DATA SCINCE\PROJECTS\POTFOLIO\telecom-consumption-intelligence\models\gradient_boosting_final.pkl
2026-09-01 16:54:15,611 - telecom_app.src.models.manager - INFO - Loaded existing model successfully
2026-09-01 16:54:15,611 - telecom_app.src.models.manager - INFO - Model R²: 0.9512689659632382
2026-09-01 16:54:15,633 - telecom_app.src.data.processor - INFO - Prepared features: 8004 rows, 13 features
2026-09-01 16:54:15,647 - telecom_app.src.models.explainer - INFO - SHAP explainer created successfully
2026-09-01 16:54:15,648 - telecom_app.__main__ - INFO - SHAP explainer created: True
2026-09-01 16:54:15,798 - telecom_app.src.models.manager - INFO - Project directory: G:\Study\DATA SCINCE\PROJECTS\POTFOLIO\telecom-consumption-intelligence
2026-09-01 16:54:15,798 - telecom_app.src.models.manager - INFO - Models directory: G:\Study\DATA SCINCE\PROJECTS\POTFOLIO\telecom-consumption-intelligence\models
2026-09-01 16:54:15,831 - telecom_app.src.models.manager - INFO - Checking models directory: G:\Study\DATA SCINCE\PROJECTS\POTFOLIO\telecom-consumption-intelligence\models
2026-09-01 16:54:15,832 - telecom_app.src.models.manager - INFO - Found model in project models directory: G:\Study\DATA SCINCE\PROJECTS\POTFOLIO\telecom-consumption-intelligence\models\gradient_boosting_final.pkl
2026-09-01 16:54:15,832 - telecom_app.src.models.manager - INFO - Loading model from: G:\Study\DATA SCINCE\PROJECTS\POTFOLIO\telecom-consumption-intelligence\models\gradient_boosting_final.pkl
2026-09-01 16:54:15,846 - telecom_app.src.models.manager - INFO - Loaded existing model successfully
2026-09-01 16:54:15,851 - telecom_app.src.models.manager - INFO - Model R²: 0.9512689659632382
2026-09-01 16:54:15,884 - telecom_app.src.data.processor - INFO - Prepared features: 8004 rows, 13 features
2026-09-01 16:54:15,898 - telecom_app.src.models.explainer - INFO - SHAP explainer created successfully
2026-09-01 16:54:15,899 - telecom_app.__main__ - INFO - SHAP explainer created: True
2026-09-01 16:54:22,756 - telecom_app.src.models.manager - INFO - Project directory: G:\Study\DATA SCINCE\PROJECTS\POTFOLIO\telecom-consumption-intelligence
2026-09-01 16:54:22,757 - telecom_app.src.models.manager - INFO - Models directory: G:\Study\DATA SCINCE\PROJECTS\POTFOLIO\telecom-consumption-intelligence\models
2026-09-01 16:54:22,797 - telecom_app.src.models.manager - INFO - Checking models directory: G:\Study\DATA SCINCE\PROJECTS\POTFOLIO\telecom-consumption-intelligence\models
2026-09-01 16:54:22,798 - telecom_app.src.models.manager - INFO - Found model in project models directory: G:\Study\DATA SCINCE\PROJECTS\POTFOLIO\telecom-consumption-intelligence\models\gradient_boosting_final.pkl
2026-09-01 16:54:22,798 - telecom_app.src.models.manager - INFO - Loading model from: G:\Study\DATA SCINCE\PROJECTS\POTFOLIO\telecom-consumption-intelligence\models\gradient_boosting_final.pkl
2026-09-01 16:54:22,809 - telecom_app.src.models.manager - INFO - Loaded existing model successfully
2026-09-01 16:54:22,809 - telecom_app.src.models.manager - INFO - Model R²: 0.9512689659632382
2026-09-01 16:54:22,834 - telecom_app.src.data.processor - INFO - Prepared features: 8004 rows, 13 features
2026-09-01 16:54:22,853 - telecom_app.src.models.explainer - INFO - SHAP explainer created successfully
2026-09-01 16:54:22,854 - telecom_app.__main__ - INFO - SHAP explainer created: True
2026-09-01 16:54:22,984 - telecom_app.src.models.manager - INFO - Project directory: G:\Study\DATA SCINCE\PROJECTS\POTFOLIO\telecom-consumption-intelligence
2026-09-01 16:54:22,985 - telecom_app.src.models.manager - INFO - Models directory: G:\Study\DATA SCINCE\PROJECTS\POTFOLIO\telecom-consumption-intelligence\models
2026-09-01 16:54:23,013 - telecom_app.src.models.manager - INFO - Checking models directory: G:\Study\DATA SCINCE\PROJECTS\POTFOLIO\telecom-consumption-intelligence\models
2026-09-01 16:54:23,013 - telecom_app.src.models.manager - INFO - Found model in project models directory: G:\Study\DATA SCINCE\PROJECTS\POTFOLIO\telecom-consumption-intelligence\models\gradient_boosting_final.pkl
2026-09-01 16:54:23,013 - telecom_app.src.models.manager - INFO - Loading model from: G:\Study\DATA SCINCE\PROJECTS\POTFOLIO\telecom-consumption-intelligence\models\gradient_boosting_final.pkl
2026-09-01 16:54:23,021 - telecom_app.src.models.manager - INFO - Loaded existing model successfully
2026-09-01 16:54:23,022 - telecom_app.src.models.manager - INFO - Model R²: 0.9512689659632382
2026-09-01 16:54:23,039 - telecom_app.src.data.processor - INFO - Prepared features: 8004 rows, 13 features
2026-09-01 16:54:23,050 - telecom_app.src.models.explainer - INFO - SHAP explainer created successfully
2026-09-01 16:54:23,050 - telecom_app.__main__ - INFO - SHAP explainer created: True
2026-09-01 16:54:24,104 - telecom_app.src.models.manager - INFO - Project directory: G:\Study\DATA SCINCE\PROJECTS\POTFOLIO\telecom-consumption-intelligence
2026-09-01 16:54:24,105 - telecom_app.src.models.manager - INFO - Models directory: G:\Study\DATA SCINCE\PROJECTS\POTFOLIO\telecom-consumption-intelligence\models
2026-09-01 16:54:24,140 - telecom_app.src.models.manager - INFO - Checking models directory: G:\Study\DATA SCINCE\PROJECTS\POTFOLIO\telecom-consumption-intelligence\models
2026-09-01 16:54:24,140 - telecom_app.src.models.manager - INFO - Found model in project models directory: G:\Study\DATA SCINCE\PROJECTS\POTFOLIO\telecom-consumption-intelligence\models\gradient_boosting_final.pkl
2026-09-01 16:54:24,141 - telecom_app.src.models.manager - INFO - Loading model from: G:\Study\DATA SCINCE\PROJECTS\POTFOLIO\telecom-consumption-intelligence\models\gradient_boosting_final.pkl
2026-09-01 16:54:24,149 - telecom_app.src.models.manager - INFO - Loaded existing model successfully
2026-09-01 16:54:24,149 - telecom_app.src.models.manager - INFO - Model R²: 0.9512689659632382
2026-09-01 16:54:24,166 - telecom_app.src.data.processor - INFO - Prepared features: 8004 rows, 13 features
2026-09-01 16:54:24,174 - telecom_app.src.models.explainer - INFO - SHAP explainer created successfully
2026-09-01 16:54:24,175 - telecom_app.__main__ - INFO - SHAP explainer created: True
2026-09-01 16:54:24,305 - telecom_app.src.models.manager - INFO - Project directory: G:\Study\DATA SCINCE\PROJECTS\POTFOLIO\telecom-consumption-intelligence
2026-09-01 16:54:24,306 - telecom_app.src.models.manager - INFO - Models directory: G:\Study\DATA SCINCE\PROJECTS\POTFOLIO\telecom-consumption-intelligence\models
2026-09-01 16:54:24,334 - telecom_app.src.models.manager - INFO - Checking models directory: G:\Study\DATA SCINCE\PROJECTS\POTFOLIO\telecom-consumption-intelligence\models
2026-09-01 16:54:24,334 - telecom_app.src.models.manager - INFO - Found model in project models directory: G:\Study\DATA SCINCE\PROJECTS\POTFOLIO\telecom-consumption-intelligence\models\gradient_boosting_final.pkl
2026-09-01 16:54:24,335 - telecom_app.src.models.manager - INFO - Loading model from: G:\Study\DATA SCINCE\PROJECTS\POTFOLIO\telecom-consumption-intelligence\models\gradient_boosting_final.pkl
2026-09-01 16:54:24,345 - telecom_app.src.models.manager - INFO - Loaded existing model successfully
2026-09-01 16:54:24,345 - telecom_app.src.models.manager - INFO - Model R²: 0.9512689659632382
2026-09-01 16:54:24,407 - telecom_app.src.data.processor - INFO - Prepared features: 8004 rows, 13 features
2026-09-01 16:54:24,443 - telecom_app.src.models.explainer - INFO - SHAP explainer created successfully
2026-09-01 16:54:24,444 - telecom_app.__main__ - INFO - SHAP explainer created: True
2026-09-01 16:54:47,151 - telecom_app.src.models.manager - INFO - Project directory: G:\Study\DATA SCINCE\PROJECTS\POTFOLIO\telecom-consumption-intelligence
2026-09-01 16:54:47,152 - telecom_app.src.models.manager - INFO - Models directory: G:\Study\DATA SCINCE\PROJECTS\POTFOLIO\telecom-consumption-intelligence\models
2026-09-01 16:54:47,193 - telecom_app.src.models.manager - INFO - Checking models directory: G:\Study\DATA SCINCE\PROJECTS\POTFOLIO\telecom-consumption-intelligence\models
2026-09-01 16:54:47,193 - telecom_app.src.models.manager - INFO - Found model in project models directory: G:\Study\DATA SCINCE\PROJECTS\POTFOLIO\telecom-consumption-intelligence\models\gradient_boosting_final.pkl
2026-09-01 16:54:47,193 - telecom_app.src.models.manager - INFO - Loading model from: G:\Study\DATA SCINCE\PROJECTS\POTFOLIO\telecom-consumption-intelligence\models\gradient_boosting_final.pkl
2026-09-01 16:54:47,201 - telecom_app.src.models.manager - INFO - Loaded existing model successfully
2026-09-01 16:54:47,201 - telecom_app.src.models.manager - INFO - Model R²: 0.9512689659632382
2026-09-01 16:54:47,216 - telecom_app.src.data.processor - INFO - Prepared features: 8004 rows, 13 features
2026-09-01 16:54:47,226 - telecom_app.src.models.explainer - INFO - SHAP explainer created successfully
2026-09-01 16:54:47,226 - telecom_app.__main__ - INFO - SHAP explainer created: True
2026-09-01 16:54:47,243 - telecom_app.src.data.loader - INFO - Loaded 5000 rows from uploaded file: scenario6_unlimited_plan_pattern_shift.parquet
2026-09-01 16:54:49,095 - telecom_app.src.models.manager - INFO - Project directory: G:\Study\DATA SCINCE\PROJECTS\POTFOLIO\telecom-consumption-intelligence
2026-09-01 16:54:49,095 - telecom_app.src.models.manager - INFO - Models directory: G:\Study\DATA SCINCE\PROJECTS\POTFOLIO\telecom-consumption-intelligence\models
2026-09-01 16:54:49,130 - telecom_app.src.models.manager - INFO - Checking models directory: G:\Study\DATA SCINCE\PROJECTS\POTFOLIO\telecom-consumption-intelligence\models
2026-09-01 16:54:49,130 - telecom_app.src.models.manager - INFO - Found model in project models directory: G:\Study\DATA SCINCE\PROJECTS\POTFOLIO\telecom-consumption-intelligence\models\gradient_boosting_final.pkl
2026-09-01 16:54:49,130 - telecom_app.src.models.manager - INFO - Loading model from: G:\Study\DATA SCINCE\PROJECTS\POTFOLIO\telecom-consumption-intelligence\models\gradient_boosting_final.pkl
2026-09-01 16:54:49,138 - telecom_app.src.models.manager - INFO - Loaded existing model successfully
2026-09-01 16:54:49,139 - telecom_app.src.models.manager - INFO - Model R²: 0.9512689659632382
2026-09-01 16:54:49,153 - telecom_app.src.data.processor - INFO - Prepared features: 8004 rows, 13 features
2026-09-01 16:54:49,164 - telecom_app.src.models.explainer - INFO - SHAP explainer created successfully
2026-09-01 16:54:49,165 - telecom_app.__main__ - INFO - SHAP explainer created: True
2026-09-01 16:54:49,196 - telecom_app.src.data.processor - INFO - Prepared features: 5000 rows, 13 features
2026-09-01 16:54:49,345 - telecom_app.src.models.manager - INFO - Project directory: G:\Study\DATA SCINCE\PROJECTS\POTFOLIO\telecom-consumption-intelligence
2026-09-01 16:54:49,348 - telecom_app.src.models.manager - INFO - Models directory: G:\Study\DATA SCINCE\PROJECTS\POTFOLIO\telecom-consumption-intelligence\models
2026-09-01 16:54:49,369 - telecom_app.src.models.manager - INFO - Checking models directory: G:\Study\DATA SCINCE\PROJECTS\POTFOLIO\telecom-consumption-intelligence\models
2026-09-01 16:54:49,370 - telecom_app.src.models.manager - INFO - Found model in project models directory: G:\Study\DATA SCINCE\PROJECTS\POTFOLIO\telecom-consumption-intelligence\models\gradient_boosting_final.pkl
2026-09-01 16:54:49,370 - telecom_app.src.models.manager - INFO - Loading model from: G:\Study\DATA SCINCE\PROJECTS\POTFOLIO\telecom-consumption-intelligence\models\gradient_boosting_final.pkl
2026-09-01 16:54:49,379 - telecom_app.src.models.manager - INFO - Loaded existing model successfully
2026-09-01 16:54:49,380 - telecom_app.src.models.manager - INFO - Model R²: 0.9512689659632382
2026-09-01 16:54:49,385 - telecom_app.src.data.processor - INFO - Prepared features: 5000 rows, 13 features
2026-09-01 16:54:49,395 - telecom_app.src.models.explainer - INFO - SHAP explainer created successfully
2026-09-01 16:54:49,396 - telecom_app.__main__ - INFO - SHAP explainer created: True
2026-09-01 16:55:11,946 - telecom_app.src.models.manager - INFO - Project directory: G:\Study\DATA SCINCE\PROJECTS\POTFOLIO\telecom-consumption-intelligence
2026-09-01 16:55:11,946 - telecom_app.src.models.manager - INFO - Models directory: G:\Study\DATA SCINCE\PROJECTS\POTFOLIO\telecom-consumption-intelligence\models
2026-09-01 16:55:11,979 - telecom_app.src.models.manager - INFO - Checking models directory: G:\Study\DATA SCINCE\PROJECTS\POTFOLIO\telecom-consumption-intelligence\models
2026-09-01 16:55:11,980 - telecom_app.src.models.manager - INFO - Found model in project models directory: G:\Study\DATA SCINCE\PROJECTS\POTFOLIO\telecom-consumption-intelligence\models\gradient_boosting_final.pkl
2026-09-01 16:55:11,980 - telecom_app.src.models.manager - INFO - Loading model from: G:\Study\DATA SCINCE\PROJECTS\POTFOLIO\telecom-consumption-intelligence\models\gradient_boosting_final.pkl
2026-09-01 16:55:11,992 - telecom_app.src.models.manager - INFO - Loaded existing model successfully
2026-09-01 16:55:11,992 - telecom_app.src.models.manager - INFO - Model R²: 0.9512689659632382
2026-09-01 16:55:11,997 - telecom_app.src.data.processor - INFO - Prepared features: 5000 rows, 13 features
2026-09-01 16:55:12,005 - telecom_app.src.models.explainer - INFO - SHAP explainer created successfully
2026-09-01 16:55:12,005 - telecom_app.__main__ - INFO - SHAP explainer created: True
2026-09-01 16:55:18,694 - telecom_app.src.models.manager - INFO - Project directory: G:\Study\DATA SCINCE\PROJECTS\POTFOLIO\telecom-consumption-intelligence
2026-09-01 16:55:18,695 - telecom_app.src.models.manager - INFO - Models directory: G:\Study\DATA SCINCE\PROJECTS\POTFOLIO\telecom-consumption-intelligence\models
2026-09-01 16:55:18,722 - telecom_app.src.models.manager - INFO - Checking models directory: G:\Study\DATA SCINCE\PROJECTS\POTFOLIO\telecom-consumption-intelligence\models
2026-09-01 16:55:18,722 - telecom_app.src.models.manager - INFO - Found model in project models directory: G:\Study\DATA SCINCE\PROJECTS\POTFOLIO\telecom-consumption-intelligence\models\gradient_boosting_final.pkl
2026-09-01 16:55:18,722 - telecom_app.src.models.manager - INFO - Loading model from: G:\Study\DATA SCINCE\PROJECTS\POTFOLIO\telecom-consumption-intelligence\models\gradient_boosting_final.pkl
2026-09-01 16:55:18,733 - telecom_app.src.models.manager - INFO - Loaded existing model successfully
2026-09-01 16:55:18,733 - telecom_app.src.models.manager - INFO - Model R²: 0.9512689659632382
2026-09-01 16:55:18,739 - telecom_app.src.data.processor - INFO - Prepared features: 5000 rows, 13 features
2026-09-01 16:55:18,751 - telecom_app.src.models.explainer - INFO - SHAP explainer created successfully
2026-09-01 16:55:18,752 - telecom_app.__main__ - INFO - SHAP explainer created: True
2026-09-01 16:55:18,914 - telecom_app.src.models.manager - INFO - Project directory: G:\Study\DATA SCINCE\PROJECTS\POTFOLIO\telecom-consumption-intelligence
2026-09-01 16:55:18,914 - telecom_app.src.models.manager - INFO - Models directory: G:\Study\DATA SCINCE\PROJECTS\POTFOLIO\telecom-consumption-intelligence\models
2026-09-01 16:55:18,927 - telecom_app.src.models.manager - INFO - Checking models directory: G:\Study\DATA SCINCE\PROJECTS\POTFOLIO\telecom-consumption-intelligence\models
2026-09-01 16:55:18,928 - telecom_app.src.models.manager - INFO - Found model in project models directory: G:\Study\DATA SCINCE\PROJECTS\POTFOLIO\telecom-consumption-intelligence\models\gradient_boosting_final.pkl
2026-09-01 16:55:18,928 - telecom_app.src.models.manager - INFO - Loading model from: G:\Study\DATA SCINCE\PROJECTS\POTFOLIO\telecom-consumption-intelligence\models\gradient_boosting_final.pkl
2026-09-01 16:55:18,937 - telecom_app.src.models.manager - INFO - Loaded existing model successfully
2026-09-01 16:55:18,937 - telecom_app.src.models.manager - INFO - Model R²: 0.9512689659632382
2026-09-01 16:55:18,941 - telecom_app.src.data.processor - INFO - Prepared features: 5000 rows, 13 features
2026-09-01 16:55:18,950 - telecom_app.src.models.explainer - INFO - SHAP explainer created successfully
2026-09-01 16:55:18,951 - telecom_app.__main__ - INFO - SHAP explainer created: True
2026-09-01 16:55:42,169 - telecom_app.src.models.manager - INFO - Project directory: G:\Study\DATA SCINCE\PROJECTS\POTFOLIO\telecom-consumption-intelligence
2026-09-01 16:55:42,170 - telecom_app.src.models.manager - INFO - Models directory: G:\Study\DATA SCINCE\PROJECTS\POTFOLIO\telecom-consumption-intelligence\models
2026-09-01 16:55:42,229 - telecom_app.src.models.manager - INFO - Checking models directory: G:\Study\DATA SCINCE\PROJECTS\POTFOLIO\telecom-consumption-intelligence\models
2026-09-01 16:55:42,230 - telecom_app.src.models.manager - INFO - Found model in project models directory: G:\Study\DATA SCINCE\PROJECTS\POTFOLIO\telecom-consumption-intelligence\models\gradient_boosting_final.pkl
2026-09-01 16:55:42,230 - telecom_app.src.models.manager - INFO - Loading model from: G:\Study\DATA SCINCE\PROJECTS\POTFOLIO\telecom-consumption-intelligence\models\gradient_boosting_final.pkl
2026-09-01 16:55:42,241 - telecom_app.src.models.manager - INFO - Loaded existing model successfully
2026-09-01 16:55:42,241 - telecom_app.src.models.manager - INFO - Model R²: 0.9512689659632382
2026-09-01 16:55:42,273 - telecom_app.src.data.processor - INFO - Prepared features: 8004 rows, 13 features
2026-09-01 16:55:42,282 - telecom_app.src.models.explainer - INFO - SHAP explainer created successfully
2026-09-01 16:55:42,283 - telecom_app.__main__ - INFO - SHAP explainer created: True
2026-09-01 16:55:47,885 - telecom_app.src.models.manager - INFO - Project directory: G:\Study\DATA SCINCE\PROJECTS\POTFOLIO\telecom-consumption-intelligence
2026-09-01 16:55:47,886 - telecom_app.src.models.manager - INFO - Models directory: G:\Study\DATA SCINCE\PROJECTS\POTFOLIO\telecom-consumption-intelligence\models
2026-09-01 16:55:47,923 - telecom_app.src.models.manager - INFO - Checking models directory: G:\Study\DATA SCINCE\PROJECTS\POTFOLIO\telecom-consumption-intelligence\models
2026-09-01 16:55:47,923 - telecom_app.src.models.manager - INFO - Found model in project models directory: G:\Study\DATA SCINCE\PROJECTS\POTFOLIO\telecom-consumption-intelligence\models\gradient_boosting_final.pkl
2026-09-01 16:55:47,924 - telecom_app.src.models.manager - INFO - Loading model from: G:\Study\DATA SCINCE\PROJECTS\POTFOLIO\telecom-consumption-intelligence\models\gradient_boosting_final.pkl
2026-09-01 16:55:47,932 - telecom_app.src.models.manager - INFO - Loaded existing model successfully
2026-09-01 16:55:47,933 - telecom_app.src.models.manager - INFO - Model R²: 0.9512689659632382
2026-09-01 16:55:47,951 - telecom_app.src.data.processor - INFO - Prepared features: 8004 rows, 13 features
2026-09-01 16:55:47,959 - telecom_app.src.models.explainer - INFO - SHAP explainer created successfully
2026-09-01 16:55:47,960 - telecom_app.__main__ - INFO - SHAP explainer created: True
2026-09-01 16:55:48,102 - telecom_app.src.models.manager - INFO - Project directory: G:\Study\DATA SCINCE\PROJECTS\POTFOLIO\telecom-consumption-intelligence
2026-09-01 16:55:48,105 - telecom_app.src.models.manager - INFO - Models directory: G:\Study\DATA SCINCE\PROJECTS\POTFOLIO\telecom-consumption-intelligence\models
2026-09-01 16:55:48,132 - telecom_app.src.models.manager - INFO - Checking models directory: G:\Study\DATA SCINCE\PROJECTS\POTFOLIO\telecom-consumption-intelligence\models
2026-09-01 16:55:48,132 - telecom_app.src.models.manager - INFO - Found model in project models directory: G:\Study\DATA SCINCE\PROJECTS\POTFOLIO\telecom-consumption-intelligence\models\gradient_boosting_final.pkl
2026-09-01 16:55:48,132 - telecom_app.src.models.manager - INFO - Loading model from: G:\Study\DATA SCINCE\PROJECTS\POTFOLIO\telecom-consumption-intelligence\models\gradient_boosting_final.pkl
2026-09-01 16:55:48,138 - telecom_app.src.models.manager - INFO - Loaded existing model successfully
2026-09-01 16:55:48,139 - telecom_app.src.models.manager - INFO - Model R²: 0.9512689659632382
2026-09-01 16:55:48,155 - telecom_app.src.data.processor - INFO - Prepared features: 8004 rows, 13 features
2026-09-01 16:55:48,163 - telecom_app.src.models.explainer - INFO - SHAP explainer created successfully
2026-09-01 16:55:48,164 - telecom_app.__main__ - INFO - SHAP explainer created: True
2026-09-01 16:56:05,220 - telecom_app.src.models.manager - INFO - Project directory: G:\Study\DATA SCINCE\PROJECTS\POTFOLIO\telecom-consumption-intelligence
2026-09-01 16:56:05,220 - telecom_app.src.models.manager - INFO - Models directory: G:\Study\DATA SCINCE\PROJECTS\POTFOLIO\telecom-consumption-intelligence\models
2026-09-01 16:56:05,260 - telecom_app.src.models.manager - INFO - Checking models directory: G:\Study\DATA SCINCE\PROJECTS\POTFOLIO\telecom-consumption-intelligence\models
2026-09-01 16:56:05,261 - telecom_app.src.models.manager - INFO - Found model in project models directory: G:\Study\DATA SCINCE\PROJECTS\POTFOLIO\telecom-consumption-intelligence\models\gradient_boosting_final.pkl
2026-09-01 16:56:05,261 - telecom_app.src.models.manager - INFO - Loading model from: G:\Study\DATA SCINCE\PROJECTS\POTFOLIO\telecom-consumption-intelligence\models\gradient_boosting_final.pkl
2026-09-01 16:56:05,272 - telecom_app.src.models.manager - INFO - Loaded existing model successfully
2026-09-01 16:56:05,272 - telecom_app.src.models.manager - INFO - Model R²: 0.9512689659632382
2026-09-01 16:56:05,296 - telecom_app.src.data.processor - INFO - Prepared features: 8004 rows, 13 features
2026-09-01 16:56:05,311 - telecom_app.src.models.explainer - INFO - SHAP explainer created successfully
2026-09-01 16:56:05,312 - telecom_app.__main__ - INFO - SHAP explainer created: True
2026-09-01 16:56:05,509 - telecom_app.src.models.manager - INFO - Project directory: G:\Study\DATA SCINCE\PROJECTS\POTFOLIO\telecom-consumption-intelligence
2026-09-01 16:56:05,509 - telecom_app.src.models.manager - INFO - Models directory: G:\Study\DATA SCINCE\PROJECTS\POTFOLIO\telecom-consumption-intelligence\models
2026-09-01 16:56:05,534 - telecom_app.src.models.manager - INFO - Checking models directory: G:\Study\DATA SCINCE\PROJECTS\POTFOLIO\telecom-consumption-intelligence\models
2026-09-01 16:56:05,534 - telecom_app.src.models.manager - INFO - Found model in project models directory: G:\Study\DATA SCINCE\PROJECTS\POTFOLIO\telecom-consumption-intelligence\models\gradient_boosting_final.pkl
2026-09-01 16:56:05,535 - telecom_app.src.models.manager - INFO - Loading model from: G:\Study\DATA SCINCE\PROJECTS\POTFOLIO\telecom-consumption-intelligence\models\gradient_boosting_final.pkl
2026-09-01 16:56:05,546 - telecom_app.src.models.manager - INFO - Loaded existing model successfully
2026-09-01 16:56:05,546 - telecom_app.src.models.manager - INFO - Model R²: 0.9512689659632382
2026-09-01 16:56:05,578 - telecom_app.src.data.processor - INFO - Prepared features: 8004 rows, 13 features
2026-09-01 16:56:05,588 - telecom_app.src.models.explainer - INFO - SHAP explainer created successfully
2026-09-01 16:56:05,589 - telecom_app.__main__ - INFO - SHAP explainer created: True
2026-10-06 10:25:02,550 - telecom_app.src.models.manager - INFO - Project directory: /workspaces/telecom-consumption-intelligence
2026-10-06 10:25:02,550 - telecom_app.src.models.manager - INFO - Models directory:  /workspaces/telecom-consumption-intelligence/models
2026-10-06 10:25:02,798 - telecom_app.src.data.loader - INFO - Loading data from: /workspaces/telecom-consumption-intelligence/data/processed/train_data.parquet
2026-10-06 10:25:02,840 - telecom_app.src.data.loader - INFO - Loaded 8004 rows from /workspaces/telecom-consumption-intelligence/data/processed/train_data.parquet
2026-10-06 10:25:02,875 - telecom_app.src.models.manager - INFO - Found model: /workspaces/telecom-consumption-intelligence/models/mobile_data_consumption_pipeline.pkl
2026-10-06 10:25:02,876 - telecom_app.src.models.manager - INFO - Loading model from: /workspaces/telecom-consumption-intelligence/models/mobile_data_consumption_pipeline.pkl
2026-10-06 10:25:02,880 - telecom_app.src.models.manager - ERROR - joblib.load failed: ModuleNotFoundError: No module named 'src.core'
2026-10-06 10:25:02,880 - telecom_app.src.models.manager - ERROR - Traceback (most recent call last):
  File "/workspaces/telecom-consumption-intelligence/modular/src/models/manager.py", line 129, in load
    model = joblib.load(model_path)
            ^^^^^^^^^^^^^^^^^^^^^^^
  File "/home/vscode/.local/lib/python3.11/site-packages/joblib/numpy_pickle.py", line 755, in load
    obj = _unpickle(
          ^^^^^^^^^^
  File "/home/vscode/.local/lib/python3.11/site-packages/joblib/numpy_pickle.py", line 632, in _unpickle
    obj = unpickler.load()
          ^^^^^^^^^^^^^^^^
  File "/usr/local/lib/python3.11/pickle.py", line 1213, in load
    dispatch[key[0]](self)
  File "/usr/local/lib/python3.11/pickle.py", line 1538, in load_stack_global
    self.append(self.find_class(module, name))
                ^^^^^^^^^^^^^^^^^^^^^^^^^^^^^
  File "/usr/local/lib/python3.11/pickle.py", line 1580, in find_class
    __import__(module, level=0)
ModuleNotFoundError: No module named 'src.core'

2026-10-06 11:01:06,743 - telecom_app.src.models.manager - INFO - Project directory: /workspaces/telecom-consumption-intelligence
2026-10-06 11:01:06,744 - telecom_app.src.models.manager - INFO - Models directory:  /workspaces/telecom-consumption-intelligence/models
2026-10-06 11:01:06,969 - telecom_app.src.data.loader - INFO - Loading data from: /workspaces/telecom-consumption-intelligence/data/processed/train_data.parquet
2026-10-06 11:01:06,995 - telecom_app.src.data.loader - INFO - Loaded 8004 rows from /workspaces/telecom-consumption-intelligence/data/processed/train_data.parquet
2026-10-06 11:01:07,031 - telecom_app.src.models.manager - INFO - Found model: /workspaces/telecom-consumption-intelligence/models/mobile_data_consumption_pipeline.pkl
2026-10-06 11:01:07,032 - telecom_app.src.models.manager - INFO - Loading model from: /workspaces/telecom-consumption-intelligence/models/mobile_data_consumption_pipeline.pkl
2026-10-06 11:01:07,034 - telecom_app.src.models.manager - ERROR - joblib.load failed: ModuleNotFoundError: No module named 'src.core'
2026-10-06 11:01:07,035 - telecom_app.src.models.manager - ERROR - Traceback (most recent call last):
  File "/workspaces/telecom-consumption-intelligence/modular/src/models/manager.py", line 143, in load
    model = joblib.load(model_path)
            ^^^^^^^^^^^^^^^^^^^^^^^
  File "/home/vscode/.local/lib/python3.11/site-packages/joblib/numpy_pickle.py", line 755, in load
    obj = _unpickle(
          ^^^^^^^^^^
  File "/home/vscode/.local/lib/python3.11/site-packages/joblib/numpy_pickle.py", line 632, in _unpickle
    obj = unpickler.load()
          ^^^^^^^^^^^^^^^^
  File "/usr/local/lib/python3.11/pickle.py", line 1213, in load
    dispatch[key[0]](self)
  File "/usr/local/lib/python3.11/pickle.py", line 1538, in load_stack_global
    self.append(self.find_class(module, name))
                ^^^^^^^^^^^^^^^^^^^^^^^^^^^^^
  File "/usr/local/lib/python3.11/pickle.py", line 1580, in find_class
    __import__(module, level=0)
ModuleNotFoundError: No module named 'src.core'

2026-10-06 11:01:16,942 - telecom_app.src.models.manager - INFO - Project directory: /workspaces/telecom-consumption-intelligence
2026-10-06 11:01:16,944 - telecom_app.src.models.manager - INFO - Models directory:  /workspaces/telecom-consumption-intelligence/models
2026-10-06 11:01:16,971 - telecom_app.src.models.manager - INFO - Found model: /workspaces/telecom-consumption-intelligence/models/mobile_data_consumption_pipeline.pkl
2026-10-06 11:01:16,972 - telecom_app.src.models.manager - INFO - Loading model from: /workspaces/telecom-consumption-intelligence/models/mobile_data_consumption_pipeline.pkl
2026-10-06 11:01:16,973 - telecom_app.src.models.manager - ERROR - joblib.load failed: ModuleNotFoundError: No module named 'src.core'
2026-10-06 11:01:16,973 - telecom_app.src.models.manager - ERROR - Traceback (most recent call last):
  File "/workspaces/telecom-consumption-intelligence/modular/src/models/manager.py", line 143, in load
    model = joblib.load(model_path)
            ^^^^^^^^^^^^^^^^^^^^^^^
  File "/home/vscode/.local/lib/python3.11/site-packages/joblib/numpy_pickle.py", line 755, in load
    obj = _unpickle(
          ^^^^^^^^^^
  File "/home/vscode/.local/lib/python3.11/site-packages/joblib/numpy_pickle.py", line 632, in _unpickle
    obj = unpickler.load()
          ^^^^^^^^^^^^^^^^
  File "/usr/local/lib/python3.11/pickle.py", line 1213, in load
    dispatch[key[0]](self)
  File "/usr/local/lib/python3.11/pickle.py", line 1538, in load_stack_global
    self.append(self.find_class(module, name))
                ^^^^^^^^^^^^^^^^^^^^^^^^^^^^^
  File "/usr/local/lib/python3.11/pickle.py", line 1580, in find_class
    __import__(module, level=0)
ModuleNotFoundError: No module named 'src.core'

2026-10-06 11:02:38,588 - telecom_app.src.models.manager - INFO - Project directory: /workspaces/telecom-consumption-intelligence
2026-10-06 11:02:38,588 - telecom_app.src.models.manager - INFO - Models directory:  /workspaces/telecom-consumption-intelligence/models
2026-10-06 11:02:38,619 - telecom_app.src.models.manager - INFO - Found model: /workspaces/telecom-consumption-intelligence/models/mobile_data_consumption_pipeline.pkl
2026-10-06 11:02:38,619 - telecom_app.src.models.manager - INFO - Loading model from: /workspaces/telecom-consumption-intelligence/models/mobile_data_consumption_pipeline.pkl
2026-10-06 11:02:38,621 - telecom_app.src.models.manager - ERROR - joblib.load failed: ModuleNotFoundError: No module named 'src.core'
2026-10-06 11:02:38,622 - telecom_app.src.models.manager - ERROR - Traceback (most recent call last):
  File "/workspaces/telecom-consumption-intelligence/modular/src/models/manager.py", line 143, in load
    if model_path is None:
                ^^^^^^^^^^^
  File "/home/vscode/.local/lib/python3.11/site-packages/joblib/numpy_pickle.py", line 755, in load
    obj = _unpickle(
          ^^^^^^^^^^
  File "/home/vscode/.local/lib/python3.11/site-packages/joblib/numpy_pickle.py", line 632, in _unpickle
    obj = unpickler.load()
          ^^^^^^^^^^^^^^^^
  File "/usr/local/lib/python3.11/pickle.py", line 1213, in load
    dispatch[key[0]](self)
  File "/usr/local/lib/python3.11/pickle.py", line 1538, in load_stack_global
    self.append(self.find_class(module, name))
                ^^^^^^^^^^^^^^^^^^^^^^^^^^^^^
  File "/usr/local/lib/python3.11/pickle.py", line 1580, in find_class
    __import__(module, level=0)
ModuleNotFoundError: No module named 'src.core'

2026-10-06 11:03:11,760 - telecom_app.src.models.manager - INFO - Project directory: /workspaces/telecom-consumption-intelligence
2026-10-06 11:03:11,760 - telecom_app.src.models.manager - INFO - Models directory:  /workspaces/telecom-consumption-intelligence/models
2026-10-06 11:03:11,985 - telecom_app.src.data.loader - INFO - Loading data from: /workspaces/telecom-consumption-intelligence/data/processed/train_data.parquet
2026-10-06 11:03:12,013 - telecom_app.src.data.loader - INFO - Loaded 8004 rows from /workspaces/telecom-consumption-intelligence/data/processed/train_data.parquet
2026-10-06 11:03:12,051 - telecom_app.src.models.manager - INFO - Found model: /workspaces/telecom-consumption-intelligence/models/mobile_data_consumption_pipeline.pkl
2026-10-06 11:03:12,051 - telecom_app.src.models.manager - INFO - Loading model from: /workspaces/telecom-consumption-intelligence/models/mobile_data_consumption_pipeline.pkl
2026-10-06 11:03:12,053 - telecom_app.src.models.manager - ERROR - joblib.load failed: ModuleNotFoundError: No module named 'src.core'
2026-10-06 11:03:12,053 - telecom_app.src.models.manager - ERROR - Traceback (most recent call last):
  File "/workspaces/telecom-consumption-intelligence/modular/src/models/manager.py", line 152, in load
    model = joblib.load(model_path)
            ^^^^^^^^^^^^^^^^^^^^^^^
  File "/home/vscode/.local/lib/python3.11/site-packages/joblib/numpy_pickle.py", line 755, in load
    obj = _unpickle(
          ^^^^^^^^^^
  File "/home/vscode/.local/lib/python3.11/site-packages/joblib/numpy_pickle.py", line 632, in _unpickle
    obj = unpickler.load()
          ^^^^^^^^^^^^^^^^
  File "/usr/local/lib/python3.11/pickle.py", line 1213, in load
    dispatch[key[0]](self)
  File "/usr/local/lib/python3.11/pickle.py", line 1538, in load_stack_global
    self.append(self.find_class(module, name))
                ^^^^^^^^^^^^^^^^^^^^^^^^^^^^^
  File "/usr/local/lib/python3.11/pickle.py", line 1580, in find_class
    __import__(module, level=0)
ModuleNotFoundError: No module named 'src.core'

2026-10-06 11:07:13,269 - telecom_app.src.models.manager - INFO - Project directory: /workspaces/telecom-consumption-intelligence
2026-10-06 11:07:13,270 - telecom_app.src.models.manager - INFO - Models directory:  /workspaces/telecom-consumption-intelligence/models
2026-10-06 11:07:13,555 - telecom_app.src.data.loader - INFO - Loading data from: /workspaces/telecom-consumption-intelligence/data/processed/train_data.parquet
2026-10-06 11:07:13,583 - telecom_app.src.data.loader - INFO - Loaded 8004 rows from /workspaces/telecom-consumption-intelligence/data/processed/train_data.parquet
2026-10-06 11:07:13,614 - telecom_app.src.models.manager - INFO - Found model: /workspaces/telecom-consumption-intelligence/models/mobile_data_consumption_pipeline.pkl
2026-10-06 11:07:13,615 - telecom_app.src.models.manager - INFO - Loading model from: /workspaces/telecom-consumption-intelligence/models/mobile_data_consumption_pipeline.pkl
2026-10-06 11:07:13,615 - telecom_app.src.models.manager - WARNING - Pre-import of src.core failed: No module named 'src.core'
2026-10-06 11:07:13,617 - telecom_app.src.models.manager - ERROR - joblib.load failed: ModuleNotFoundError: No module named 'src.core'
2026-10-06 11:07:13,618 - telecom_app.src.models.manager - ERROR - Traceback (most recent call last):
  File "/workspaces/telecom-consumption-intelligence/modular/src/models/manager.py", line 168, in load
    model = joblib.load(model_path)
            ^^^^^^^^^^^^^^^^^^^^^^^
  File "/home/vscode/.local/lib/python3.11/site-packages/joblib/numpy_pickle.py", line 755, in load
    obj = _unpickle(
          ^^^^^^^^^^
  File "/home/vscode/.local/lib/python3.11/site-packages/joblib/numpy_pickle.py", line 632, in _unpickle
    obj = unpickler.load()
          ^^^^^^^^^^^^^^^^
  File "/usr/local/lib/python3.11/pickle.py", line 1213, in load
    dispatch[key[0]](self)
  File "/usr/local/lib/python3.11/pickle.py", line 1538, in load_stack_global
    self.append(self.find_class(module, name))
                ^^^^^^^^^^^^^^^^^^^^^^^^^^^^^
  File "/usr/local/lib/python3.11/pickle.py", line 1580, in find_class
    __import__(module, level=0)
ModuleNotFoundError: No module named 'src.core'

2026-10-06 11:09:27,435 - telecom_app.src.models.manager - INFO - Project directory: /workspaces/telecom-consumption-intelligence
2026-10-06 11:09:27,435 - telecom_app.src.models.manager - INFO - Models directory:  /workspaces/telecom-consumption-intelligence/models
2026-10-06 11:09:27,661 - telecom_app.src.data.loader - INFO - Loading data from: /workspaces/telecom-consumption-intelligence/data/processed/train_data.parquet
2026-10-06 11:09:27,688 - telecom_app.src.data.loader - INFO - Loaded 8004 rows from /workspaces/telecom-consumption-intelligence/data/processed/train_data.parquet
2026-10-06 11:09:27,733 - telecom_app.src.models.manager - INFO - Found model: /workspaces/telecom-consumption-intelligence/models/mobile_data_consumption_pipeline.pkl
2026-10-06 11:09:27,734 - telecom_app.src.models.manager - INFO - Loading model from: /workspaces/telecom-consumption-intelligence/models/mobile_data_consumption_pipeline.pkl
2026-10-06 11:09:27,734 - telecom_app.src.models.manager - INFO - _repo_root resolved to: /workspaces/telecom-consumption-intelligence
2026-10-06 11:09:27,734 - telecom_app.src.models.manager - INFO - <repo_root>/src/core exists: True
2026-10-06 11:09:27,734 - telecom_app.src.models.manager - WARNING - Pre-import of src.core failed: No module named 'src.core'
2026-10-06 11:09:27,737 - telecom_app.src.models.manager - ERROR - joblib.load failed: ModuleNotFoundError: No module named 'src.core'
2026-10-06 11:09:27,737 - telecom_app.src.models.manager - ERROR - Traceback (most recent call last):
  File "/workspaces/telecom-consumption-intelligence/modular/src/models/manager.py", line 179, in load
    model = joblib.load(model_path)
            ^^^^^^^^^^^^^^^^^^^^^^^
  File "/home/vscode/.local/lib/python3.11/site-packages/joblib/numpy_pickle.py", line 755, in load
    obj = _unpickle(
          ^^^^^^^^^^
  File "/home/vscode/.local/lib/python3.11/site-packages/joblib/numpy_pickle.py", line 632, in _unpickle
    obj = unpickler.load()
          ^^^^^^^^^^^^^^^^
  File "/usr/local/lib/python3.11/pickle.py", line 1213, in load
    dispatch[key[0]](self)
  File "/usr/local/lib/python3.11/pickle.py", line 1538, in load_stack_global
    self.append(self.find_class(module, name))
                ^^^^^^^^^^^^^^^^^^^^^^^^^^^^^
  File "/usr/local/lib/python3.11/pickle.py", line 1580, in find_class
    __import__(module, level=0)
ModuleNotFoundError: No module named 'src.core'

2026-10-06 11:20:21,137 - telecom_app.src.models.manager - INFO - Project directory: /workspaces/telecom-consumption-intelligence
2026-10-06 11:20:21,138 - telecom_app.src.models.manager - INFO - Models directory:  /workspaces/telecom-consumption-intelligence/models
2026-10-06 11:20:21,389 - telecom_app.src.data.loader - INFO - Loading data from: /workspaces/telecom-consumption-intelligence/data/processed/train_data.parquet
2026-10-06 11:20:21,434 - telecom_app.src.data.loader - INFO - Loaded 8004 rows from /workspaces/telecom-consumption-intelligence/data/processed/train_data.parquet
2026-10-06 11:20:21,489 - telecom_app.src.models.manager - INFO - Found model: /workspaces/telecom-consumption-intelligence/models/mobile_data_consumption_pipeline.pkl
2026-10-06 11:20:21,490 - telecom_app.src.models.manager - INFO - Loading model from: /workspaces/telecom-consumption-intelligence/models/mobile_data_consumption_pipeline.pkl
2026-10-06 11:20:21,490 - telecom_app.src.models.manager - INFO - _repo_root resolved to: /workspaces/telecom-consumption-intelligence
2026-10-06 11:20:21,491 - telecom_app.src.models.manager - INFO - Purged cached modules: ['src', 'src.constants', 'src.ui.components', 'src.config', 'src.utils.logger']...
2026-10-06 11:20:21,492 - telecom_app.src.models.manager - INFO - src.__file__: /workspaces/telecom-consumption-intelligence/src/__init__.py
2026-10-06 11:20:21,493 - telecom_app.src.models.manager - INFO - src.__path__: ['/workspaces/telecom-consumption-intelligence/src']
2026-10-06 11:20:21,495 - telecom_app.src.models.manager - INFO - Pre-imported src.core.custom_transformers
2026-10-06 11:20:21,529 - telecom_app.src.models.manager - INFO - Model loaded. Test RÂ² = 0.9480292742745271
2026-10-06 11:20:21,531 - telecom_app.src.models.explainer - WARNING - SHAP not installed. Install with: pip install shap
2026-10-06 11:20:21,532 - telecom_app.__main__ - INFO - SHAP explainer created: False
2026-10-06 12:15:16,482 - telecom_app.src.models.manager - INFO - Project directory: /workspaces/telecom-consumption-intelligence
2026-10-06 12:15:16,482 - telecom_app.src.models.manager - INFO - Models directory:  /workspaces/telecom-consumption-intelligence/models
2026-10-06 12:15:16,716 - telecom_app.src.data.loader - INFO - Loading data from: /workspaces/telecom-consumption-intelligence/data/processed/train_data.parquet
2026-10-06 12:15:16,741 - telecom_app.src.data.loader - INFO - Loaded 8004 rows from /workspaces/telecom-consumption-intelligence/data/processed/train_data.parquet
2026-10-06 12:15:16,815 - telecom_app.src.models.manager - INFO - Found model: /workspaces/telecom-consumption-intelligence/models/mobile_data_consumption_pipeline.pkl
2026-10-06 12:15:16,815 - telecom_app.src.models.manager - INFO - Loading model from: /workspaces/telecom-consumption-intelligence/models/mobile_data_consumption_pipeline.pkl
2026-10-06 12:15:16,815 - telecom_app.src.models.manager - INFO - _repo_root resolved to: /workspaces/telecom-consumption-intelligence
2026-10-06 12:15:16,816 - telecom_app.src.models.manager - INFO - Purged cached modules: ['src', 'src.constants', 'src.ui.components', 'src.config', 'src.utils.logger']...
2026-10-06 12:15:16,818 - telecom_app.src.models.manager - INFO - src.__file__: /workspaces/telecom-consumption-intelligence/modular/src/__init__.py
2026-10-06 12:15:16,818 - telecom_app.src.models.manager - INFO - src.__path__: ['/workspaces/telecom-consumption-intelligence/modular/src']
2026-10-06 12:15:16,818 - telecom_app.src.models.manager - WARNING - Pre-import of src.core failed: No module named 'src.core'
2026-10-06 12:15:16,846 - telecom_app.src.models.manager - INFO - Model loaded. Test RÂ² = 0.9480292742745271
2026-10-06 12:15:16,847 - telecom_app.src.models.explainer - WARNING - SHAP not installed. Install with: pip install shap
2026-10-06 12:15:16,847 - telecom_app.__main__ - INFO - SHAP explainer created: False
2026-10-06 12:21:21,544 - telecom_app.src.models.manager - INFO - Project directory: /workspaces/telecom-consumption-intelligence
2026-10-06 12:21:21,545 - telecom_app.src.models.manager - INFO - Models directory:  /workspaces/telecom-consumption-intelligence/models
2026-10-06 12:21:21,800 - telecom_app.src.data.loader - INFO - Loading data from: /workspaces/telecom-consumption-intelligence/data/processed/train_data.parquet
2026-10-06 12:21:21,825 - telecom_app.src.data.loader - INFO - Loaded 8004 rows from /workspaces/telecom-consumption-intelligence/data/processed/train_data.parquet
2026-10-06 12:21:21,857 - telecom_app.src.models.manager - INFO - Found model: /workspaces/telecom-consumption-intelligence/models/mobile_data_consumption_pipeline.pkl
2026-10-06 12:21:21,857 - telecom_app.src.models.manager - INFO - Loading model from: /workspaces/telecom-consumption-intelligence/models/mobile_data_consumption_pipeline.pkl
2026-10-06 12:21:21,857 - telecom_app.src.models.manager - INFO - _repo_root resolved to: /workspaces/telecom-consumption-intelligence
2026-10-06 12:21:21,860 - telecom_app.src.models.manager - INFO - Pre-imported training.core.custom_transformers
2026-10-06 12:21:21,883 - telecom_app.src.models.manager - INFO - Model loaded. Test RÂ² = 0.9480292742745271
2026-10-06 12:21:21,884 - telecom_app.src.models.explainer - WARNING - SHAP not installed. Install with: pip install shap
2026-10-06 12:21:21,885 - telecom_app.__main__ - INFO - SHAP explainer created: False
2026-10-06 12:21:32,708 - telecom_app.src.models.manager - INFO - Project directory: /workspaces/telecom-consumption-intelligence
2026-10-06 12:21:32,709 - telecom_app.src.models.manager - INFO - Models directory:  /workspaces/telecom-consumption-intelligence/models
2026-10-06 12:21:32,736 - telecom_app.src.models.manager - INFO - Found model: /workspaces/telecom-consumption-intelligence/models/mobile_data_consumption_pipeline.pkl
2026-10-06 12:21:32,736 - telecom_app.src.models.manager - INFO - Loading model from: /workspaces/telecom-consumption-intelligence/models/mobile_data_consumption_pipeline.pkl
2026-10-06 12:21:32,736 - telecom_app.src.models.manager - INFO - _repo_root resolved to: /workspaces/telecom-consumption-intelligence
2026-10-06 12:21:32,737 - telecom_app.src.models.manager - INFO - Pre-imported training.core.custom_transformers
2026-10-06 12:21:32,757 - telecom_app.src.models.manager - INFO - Model loaded. Test RÂ² = 0.9480292742745271
2026-10-06 12:21:32,757 - telecom_app.src.models.explainer - WARNING - SHAP not installed. Install with: pip install shap
2026-10-06 12:21:32,758 - telecom_app.__main__ - INFO - SHAP explainer created: False
2026-10-06 12:21:45,047 - telecom_app.src.models.manager - INFO - Project directory: /workspaces/telecom-consumption-intelligence
2026-10-06 12:21:45,048 - telecom_app.src.models.manager - INFO - Models directory:  /workspaces/telecom-consumption-intelligence/models
2026-10-06 12:21:45,077 - telecom_app.src.models.manager - INFO - Found model: /workspaces/telecom-consumption-intelligence/models/mobile_data_consumption_pipeline.pkl
2026-10-06 12:21:45,077 - telecom_app.src.models.manager - INFO - Loading model from: /workspaces/telecom-consumption-intelligence/models/mobile_data_consumption_pipeline.pkl
2026-10-06 12:21:45,078 - telecom_app.src.models.manager - INFO - _repo_root resolved to: /workspaces/telecom-consumption-intelligence
2026-10-06 12:21:45,078 - telecom_app.src.models.manager - INFO - Pre-imported training.core.custom_transformers
2026-10-06 12:21:45,098 - telecom_app.src.models.manager - INFO - Model loaded. Test RÂ² = 0.9480292742745271
2026-10-06 12:21:45,098 - telecom_app.src.models.explainer - WARNING - SHAP not installed. Install with: pip install shap
2026-10-06 12:21:45,099 - telecom_app.__main__ - INFO - SHAP explainer created: False
2026-10-06 12:22:05,332 - telecom_app.src.models.manager - INFO - Project directory: /workspaces/telecom-consumption-intelligence
2026-10-06 12:22:05,333 - telecom_app.src.models.manager - INFO - Models directory:  /workspaces/telecom-consumption-intelligence/models
2026-10-06 12:22:05,358 - telecom_app.src.models.manager - INFO - Found model: /workspaces/telecom-consumption-intelligence/models/mobile_data_consumption_pipeline.pkl
2026-10-06 12:22:05,358 - telecom_app.src.models.manager - INFO - Loading model from: /workspaces/telecom-consumption-intelligence/models/mobile_data_consumption_pipeline.pkl
2026-10-06 12:22:05,359 - telecom_app.src.models.manager - INFO - _repo_root resolved to: /workspaces/telecom-consumption-intelligence
2026-10-06 12:22:05,359 - telecom_app.src.models.manager - INFO - Pre-imported training.core.custom_transformers
2026-10-06 12:22:05,380 - telecom_app.src.models.manager - INFO - Model loaded. Test RÂ² = 0.9480292742745271
2026-10-06 12:22:05,380 - telecom_app.src.models.explainer - WARNING - SHAP not installed. Install with: pip install shap
2026-10-06 12:22:05,381 - telecom_app.__main__ - INFO - SHAP explainer created: False
2026-10-06 12:22:06,463 - telecom_app.src.models.manager - INFO - Project directory: /workspaces/telecom-consumption-intelligence
2026-10-06 12:22:06,465 - telecom_app.src.models.manager - INFO - Models directory:  /workspaces/telecom-consumption-intelligence/models
2026-10-06 12:22:06,493 - telecom_app.src.models.manager - INFO - Found model: /workspaces/telecom-consumption-intelligence/models/mobile_data_consumption_pipeline.pkl
2026-10-06 12:22:06,493 - telecom_app.src.models.manager - INFO - Loading model from: /workspaces/telecom-consumption-intelligence/models/mobile_data_consumption_pipeline.pkl
2026-10-06 12:22:06,494 - telecom_app.src.models.manager - INFO - _repo_root resolved to: /workspaces/telecom-consumption-intelligence
2026-10-06 12:22:06,494 - telecom_app.src.models.manager - INFO - Pre-imported training.core.custom_transformers
2026-10-06 12:22:06,515 - telecom_app.src.models.manager - INFO - Model loaded. Test RÂ² = 0.9480292742745271
2026-10-06 12:22:06,515 - telecom_app.src.models.explainer - WARNING - SHAP not installed. Install with: pip install shap
2026-10-06 12:22:06,516 - telecom_app.__main__ - INFO - SHAP explainer created: False
2026-10-06 12:22:07,067 - telecom_app.src.analytics.anomalies - INFO - Detected 1172 anomalies
2026-10-06 12:34:56,038 - telecom_app.src.models.manager - INFO - Project directory: /workspaces/telecom-consumption-intelligence
2026-10-06 12:34:56,040 - telecom_app.src.models.manager - INFO - Models directory:  /workspaces/telecom-consumption-intelligence/models
2026-10-06 12:34:56,261 - telecom_app.src.data.loader - INFO - Loading data from: /workspaces/telecom-consumption-intelligence/data/processed/train_data.parquet
2026-10-06 12:34:56,287 - telecom_app.src.data.loader - INFO - Loaded 8004 rows from /workspaces/telecom-consumption-intelligence/data/processed/train_data.parquet
2026-10-06 12:34:56,320 - telecom_app.src.models.manager - INFO - Found model: /workspaces/telecom-consumption-intelligence/models/mobile_data_consumption_pipeline.pkl
2026-10-06 12:34:56,321 - telecom_app.src.models.manager - INFO - Loading model from: /workspaces/telecom-consumption-intelligence/models/mobile_data_consumption_pipeline.pkl
2026-10-06 12:34:56,321 - telecom_app.src.models.manager - INFO - _repo_root resolved to: /workspaces/telecom-consumption-intelligence
2026-10-06 12:34:56,323 - telecom_app.src.models.manager - INFO - Pre-imported training.core.custom_transformers
2026-10-06 12:34:56,362 - telecom_app.src.models.manager - INFO - Model loaded. Test RÂ² = 0.9480292742745271
2026-10-06 12:34:56,366 - telecom_app.src.models.explainer - WARNING - SHAP not installed. Install with: pip install shap
2026-10-06 12:34:56,367 - telecom_app.__main__ - INFO - SHAP explainer created: False
2026-10-06 12:35:06,470 - telecom_app.src.models.manager - INFO - Project directory: /workspaces/telecom-consumption-intelligence
2026-10-06 12:35:06,471 - telecom_app.src.models.manager - INFO - Models directory:  /workspaces/telecom-consumption-intelligence/models
2026-10-06 12:35:06,499 - telecom_app.src.models.manager - INFO - Found model: /workspaces/telecom-consumption-intelligence/models/mobile_data_consumption_pipeline.pkl
2026-10-06 12:35:06,499 - telecom_app.src.models.manager - INFO - Loading model from: /workspaces/telecom-consumption-intelligence/models/mobile_data_consumption_pipeline.pkl
2026-10-06 12:35:06,500 - telecom_app.src.models.manager - INFO - _repo_root resolved to: /workspaces/telecom-consumption-intelligence
2026-10-06 12:35:06,500 - telecom_app.src.models.manager - INFO - Pre-imported training.core.custom_transformers
2026-10-06 12:35:06,520 - telecom_app.src.models.manager - INFO - Model loaded. Test RÂ² = 0.9480292742745271
2026-10-06 12:35:06,521 - telecom_app.src.models.explainer - WARNING - SHAP not installed. Install with: pip install shap
2026-10-06 12:35:06,521 - telecom_app.__main__ - INFO - SHAP explainer created: False
2026-10-06 12:35:42,857 - telecom_app.src.models.manager - INFO - Project directory: /workspaces/telecom-consumption-intelligence
2026-10-06 12:35:42,858 - telecom_app.src.models.manager - INFO - Models directory:  /workspaces/telecom-consumption-intelligence/models
2026-10-06 12:35:42,887 - telecom_app.src.models.manager - INFO - Found model: /workspaces/telecom-consumption-intelligence/models/mobile_data_consumption_pipeline.pkl
2026-10-06 12:35:42,887 - telecom_app.src.models.manager - INFO - Loading model from: /workspaces/telecom-consumption-intelligence/models/mobile_data_consumption_pipeline.pkl
2026-10-06 12:35:42,888 - telecom_app.src.models.manager - INFO - _repo_root resolved to: /workspaces/telecom-consumption-intelligence
2026-10-06 12:35:42,888 - telecom_app.src.models.manager - INFO - Pre-imported training.core.custom_transformers
2026-10-06 12:35:42,908 - telecom_app.src.models.manager - INFO - Model loaded. Test RÂ² = 0.9480292742745271
2026-10-06 12:35:42,909 - telecom_app.src.models.explainer - WARNING - SHAP not installed. Install with: pip install shap
2026-10-06 12:35:42,909 - telecom_app.__main__ - INFO - SHAP explainer created: False
2026-10-06 12:35:51,306 - telecom_app.src.models.manager - INFO - Project directory: /workspaces/telecom-consumption-intelligence
2026-10-06 12:35:51,306 - telecom_app.src.models.manager - INFO - Models directory:  /workspaces/telecom-consumption-intelligence/models
2026-10-06 12:35:51,332 - telecom_app.src.models.manager - INFO - Found model: /workspaces/telecom-consumption-intelligence/models/mobile_data_consumption_pipeline.pkl
2026-10-06 12:35:51,332 - telecom_app.src.models.manager - INFO - Loading model from: /workspaces/telecom-consumption-intelligence/models/mobile_data_consumption_pipeline.pkl
2026-10-06 12:35:51,333 - telecom_app.src.models.manager - INFO - _repo_root resolved to: /workspaces/telecom-consumption-intelligence
2026-10-06 12:35:51,333 - telecom_app.src.models.manager - INFO - Pre-imported training.core.custom_transformers
2026-10-06 12:35:51,353 - telecom_app.src.models.manager - INFO - Model loaded. Test RÂ² = 0.9480292742745271
2026-10-06 12:35:51,354 - telecom_app.src.models.explainer - WARNING - SHAP not installed. Install with: pip install shap
2026-10-06 12:35:51,354 - telecom_app.__main__ - INFO - SHAP explainer created: False
2026-10-06 12:36:01,521 - telecom_app.src.models.manager - INFO - Project directory: /workspaces/telecom-consumption-intelligence
2026-10-06 12:36:01,522 - telecom_app.src.models.manager - INFO - Models directory:  /workspaces/telecom-consumption-intelligence/models
2026-10-06 12:36:01,550 - telecom_app.src.models.manager - INFO - Found model: /workspaces/telecom-consumption-intelligence/models/mobile_data_consumption_pipeline.pkl
2026-10-06 12:36:01,551 - telecom_app.src.models.manager - INFO - Loading model from: /workspaces/telecom-consumption-intelligence/models/mobile_data_consumption_pipeline.pkl
2026-10-06 12:36:01,551 - telecom_app.src.models.manager - INFO - _repo_root resolved to: /workspaces/telecom-consumption-intelligence
2026-10-06 12:36:01,551 - telecom_app.src.models.manager - INFO - Pre-imported training.core.custom_transformers
2026-10-06 12:36:01,579 - telecom_app.src.models.manager - INFO - Model loaded. Test RÂ² = 0.9480292742745271
2026-10-06 12:36:01,580 - telecom_app.src.models.explainer - WARNING - SHAP not installed. Install with: pip install shap
2026-10-06 12:36:01,580 - telecom_app.__main__ - INFO - SHAP explainer created: False
2026-10-06 12:36:02,312 - telecom_app.src.models.manager - INFO - Project directory: /workspaces/telecom-consumption-intelligence
2026-10-06 12:36:02,312 - telecom_app.src.models.manager - INFO - Models directory:  /workspaces/telecom-consumption-intelligence/models
2026-10-06 12:36:02,341 - telecom_app.src.models.manager - INFO - Found model: /workspaces/telecom-consumption-intelligence/models/mobile_data_consumption_pipeline.pkl
2026-10-06 12:36:02,341 - telecom_app.src.models.manager - INFO - Loading model from: /workspaces/telecom-consumption-intelligence/models/mobile_data_consumption_pipeline.pkl
2026-10-06 12:36:02,342 - telecom_app.src.models.manager - INFO - _repo_root resolved to: /workspaces/telecom-consumption-intelligence
2026-10-06 12:36:02,342 - telecom_app.src.models.manager - INFO - Pre-imported training.core.custom_transformers
2026-10-06 12:36:02,363 - telecom_app.src.models.manager - INFO - Model loaded. Test RÂ² = 0.9480292742745271
2026-10-06 12:36:02,364 - telecom_app.src.models.explainer - WARNING - SHAP not installed. Install with: pip install shap
2026-10-06 12:36:02,364 - telecom_app.__main__ - INFO - SHAP explainer created: False
2026-10-06 12:36:13,378 - telecom_app.src.models.manager - INFO - Project directory: /workspaces/telecom-consumption-intelligence
2026-10-06 12:36:13,379 - telecom_app.src.models.manager - INFO - Models directory:  /workspaces/telecom-consumption-intelligence/models
2026-10-06 12:36:13,420 - telecom_app.src.models.manager - INFO - Found model: /workspaces/telecom-consumption-intelligence/models/mobile_data_consumption_pipeline.pkl
2026-10-06 12:36:13,422 - telecom_app.src.models.manager - INFO - Loading model from: /workspaces/telecom-consumption-intelligence/models/mobile_data_consumption_pipeline.pkl
2026-10-06 12:36:13,423 - telecom_app.src.models.manager - INFO - _repo_root resolved to: /workspaces/telecom-consumption-intelligence
2026-10-06 12:36:13,423 - telecom_app.src.models.manager - INFO - Pre-imported training.core.custom_transformers
2026-10-06 12:36:13,457 - telecom_app.src.models.manager - INFO - Model loaded. Test RÂ² = 0.9480292742745271
2026-10-06 12:36:13,458 - telecom_app.src.models.explainer - WARNING - SHAP not installed. Install with: pip install shap
2026-10-06 12:36:13,459 - telecom_app.__main__ - INFO - SHAP explainer created: False
2026-10-06 12:36:46,902 - telecom_app.src.models.manager - INFO - Project directory: /workspaces/telecom-consumption-intelligence
2026-10-06 12:36:46,903 - telecom_app.src.models.manager - INFO - Models directory:  /workspaces/telecom-consumption-intelligence/models
2026-10-06 12:36:46,928 - telecom_app.src.models.manager - INFO - Found model: /workspaces/telecom-consumption-intelligence/models/mobile_data_consumption_pipeline.pkl
2026-10-06 12:36:46,928 - telecom_app.src.models.manager - INFO - Loading model from: /workspaces/telecom-consumption-intelligence/models/mobile_data_consumption_pipeline.pkl
2026-10-06 12:36:46,929 - telecom_app.src.models.manager - INFO - _repo_root resolved to: /workspaces/telecom-consumption-intelligence
2026-10-06 12:36:46,929 - telecom_app.src.models.manager - INFO - Pre-imported training.core.custom_transformers
2026-10-06 12:36:46,949 - telecom_app.src.models.manager - INFO - Model loaded. Test RÂ² = 0.9480292742745271
2026-10-06 12:36:46,950 - telecom_app.src.models.explainer - WARNING - SHAP not installed. Install with: pip install shap
2026-10-06 12:36:46,950 - telecom_app.__main__ - INFO - SHAP explainer created: False
2026-10-06 12:36:46,962 - telecom_app.src.models.manager - INFO - Project directory: /workspaces/telecom-consumption-intelligence
2026-10-06 12:36:46,962 - telecom_app.src.models.manager - INFO - Models directory:  /workspaces/telecom-consumption-intelligence/models
2026-10-06 12:36:46,967 - telecom_app.src.data.processor - INFO - Prepared features: 1 rows, 13 features
2026-10-06 12:36:56,264 - telecom_app.src.models.manager - INFO - Project directory: /workspaces/telecom-consumption-intelligence
2026-10-06 12:36:56,266 - telecom_app.src.models.manager - INFO - Models directory:  /workspaces/telecom-consumption-intelligence/models
2026-10-06 12:36:56,297 - telecom_app.src.models.manager - INFO - Found model: /workspaces/telecom-consumption-intelligence/models/mobile_data_consumption_pipeline.pkl
2026-10-06 12:36:56,297 - telecom_app.src.models.manager - INFO - Loading model from: /workspaces/telecom-consumption-intelligence/models/mobile_data_consumption_pipeline.pkl
2026-10-06 12:36:56,297 - telecom_app.src.models.manager - INFO - _repo_root resolved to: /workspaces/telecom-consumption-intelligence
2026-10-06 12:36:56,298 - telecom_app.src.models.manager - INFO - Pre-imported training.core.custom_transformers
2026-10-06 12:36:56,330 - telecom_app.src.models.manager - INFO - Model loaded. Test RÂ² = 0.9480292742745271
2026-10-06 12:36:56,330 - telecom_app.src.models.explainer - WARNING - SHAP not installed. Install with: pip install shap
2026-10-06 12:36:56,331 - telecom_app.__main__ - INFO - SHAP explainer created: False
2026-10-06 12:36:56,351 - telecom_app.src.models.manager - INFO - Project directory: /workspaces/telecom-consumption-intelligence
2026-10-06 12:36:56,355 - telecom_app.src.models.manager - INFO - Models directory:  /workspaces/telecom-consumption-intelligence/models
2026-10-06 12:36:56,368 - telecom_app.src.data.processor - INFO - Prepared features: 1 rows, 13 features
2026-10-06 12:37:12,898 - telecom_app.src.models.manager - INFO - Project directory: /workspaces/telecom-consumption-intelligence
2026-10-06 12:37:12,898 - telecom_app.src.models.manager - INFO - Models directory:  /workspaces/telecom-consumption-intelligence/models
2026-10-06 12:37:12,926 - telecom_app.src.models.manager - INFO - Found model: /workspaces/telecom-consumption-intelligence/models/mobile_data_consumption_pipeline.pkl
2026-10-06 12:37:12,927 - telecom_app.src.models.manager - INFO - Loading model from: /workspaces/telecom-consumption-intelligence/models/mobile_data_consumption_pipeline.pkl
2026-10-06 12:37:12,927 - telecom_app.src.models.manager - INFO - _repo_root resolved to: /workspaces/telecom-consumption-intelligence
2026-10-06 12:37:12,927 - telecom_app.src.models.manager - INFO - Pre-imported training.core.custom_transformers
2026-10-06 12:37:12,947 - telecom_app.src.models.manager - INFO - Model loaded. Test RÂ² = 0.9480292742745271
2026-10-06 12:37:12,947 - telecom_app.src.models.explainer - WARNING - SHAP not installed. Install with: pip install shap
2026-10-06 12:37:12,948 - telecom_app.__main__ - INFO - SHAP explainer created: False
2026-10-06 12:37:19,529 - telecom_app.src.models.manager - INFO - Project directory: /workspaces/telecom-consumption-intelligence
2026-10-06 12:37:19,530 - telecom_app.src.models.manager - INFO - Models directory:  /workspaces/telecom-consumption-intelligence/models
2026-10-06 12:37:19,556 - telecom_app.src.models.manager - INFO - Found model: /workspaces/telecom-consumption-intelligence/models/mobile_data_consumption_pipeline.pkl
2026-10-06 12:37:19,556 - telecom_app.src.models.manager - INFO - Loading model from: /workspaces/telecom-consumption-intelligence/models/mobile_data_consumption_pipeline.pkl
2026-10-06 12:37:19,557 - telecom_app.src.models.manager - INFO - _repo_root resolved to: /workspaces/telecom-consumption-intelligence
2026-10-06 12:37:19,557 - telecom_app.src.models.manager - INFO - Pre-imported training.core.custom_transformers
2026-10-06 12:37:19,578 - telecom_app.src.models.manager - INFO - Model loaded. Test RÂ² = 0.9480292742745271
2026-10-06 12:37:19,578 - telecom_app.src.models.explainer - WARNING - SHAP not installed. Install with: pip install shap
2026-10-06 12:37:19,578 - telecom_app.__main__ - INFO - SHAP explainer created: False
2026-10-06 12:37:19,647 - telecom_app.src.models.manager - INFO - Project directory: /workspaces/telecom-consumption-intelligence
2026-10-06 12:37:19,648 - telecom_app.src.models.manager - INFO - Models directory:  /workspaces/telecom-consumption-intelligence/models
2026-10-06 12:37:19,678 - telecom_app.src.models.manager - INFO - Found model: /workspaces/telecom-consumption-intelligence/models/mobile_data_consumption_pipeline.pkl
2026-10-06 12:37:19,678 - telecom_app.src.models.manager - INFO - Loading model from: /workspaces/telecom-consumption-intelligence/models/mobile_data_consumption_pipeline.pkl
2026-10-06 12:37:19,678 - telecom_app.src.models.manager - INFO - _repo_root resolved to: /workspaces/telecom-consumption-intelligence
2026-10-06 12:37:19,679 - telecom_app.src.models.manager - INFO - Pre-imported training.core.custom_transformers
2026-10-06 12:37:19,698 - telecom_app.src.models.manager - INFO - Model loaded. Test RÂ² = 0.9480292742745271
2026-10-06 12:37:19,698 - telecom_app.src.models.explainer - WARNING - SHAP not installed. Install with: pip install shap
2026-10-06 12:37:19,699 - telecom_app.__main__ - INFO - SHAP explainer created: False
2026-10-06 12:37:28,788 - telecom_app.src.models.manager - INFO - Project directory: /workspaces/telecom-consumption-intelligence
2026-10-06 12:37:28,790 - telecom_app.src.models.manager - INFO - Models directory:  /workspaces/telecom-consumption-intelligence/models
2026-10-06 12:37:28,817 - telecom_app.src.models.manager - INFO - Found model: /workspaces/telecom-consumption-intelligence/models/mobile_data_consumption_pipeline.pkl
2026-10-06 12:37:28,817 - telecom_app.src.models.manager - INFO - Loading model from: /workspaces/telecom-consumption-intelligence/models/mobile_data_consumption_pipeline.pkl
2026-10-06 12:37:28,817 - telecom_app.src.models.manager - INFO - _repo_root resolved to: /workspaces/telecom-consumption-intelligence
2026-10-06 12:37:28,818 - telecom_app.src.models.manager - INFO - Pre-imported training.core.custom_transformers
2026-10-06 12:37:28,839 - telecom_app.src.models.manager - INFO - Model loaded. Test RÂ² = 0.9480292742745271
2026-10-06 12:37:28,840 - telecom_app.src.models.explainer - WARNING - SHAP not installed. Install with: pip install shap
2026-10-06 12:37:28,841 - telecom_app.__main__ - INFO - SHAP explainer created: False
2026-10-06 12:37:28,908 - telecom_app.src.models.manager - INFO - Project directory: /workspaces/telecom-consumption-intelligence
2026-10-06 12:37:28,909 - telecom_app.src.models.manager - INFO - Models directory:  /workspaces/telecom-consumption-intelligence/models
2026-10-06 12:37:28,943 - telecom_app.src.models.manager - INFO - Found model: /workspaces/telecom-consumption-intelligence/models/mobile_data_consumption_pipeline.pkl
2026-10-06 12:37:28,943 - telecom_app.src.models.manager - INFO - Loading model from: /workspaces/telecom-consumption-intelligence/models/mobile_data_consumption_pipeline.pkl
2026-10-06 12:37:28,944 - telecom_app.src.models.manager - INFO - _repo_root resolved to: /workspaces/telecom-consumption-intelligence
2026-10-06 12:37:28,944 - telecom_app.src.models.manager - INFO - Pre-imported training.core.custom_transformers
2026-10-06 12:37:28,963 - telecom_app.src.models.manager - INFO - Model loaded. Test RÂ² = 0.9480292742745271
2026-10-06 12:37:28,963 - telecom_app.src.models.explainer - WARNING - SHAP not installed. Install with: pip install shap
2026-10-06 12:37:28,964 - telecom_app.__main__ - INFO - SHAP explainer created: False
2026-10-06 12:37:32,232 - telecom_app.src.models.manager - INFO - Project directory: /workspaces/telecom-consumption-intelligence
2026-10-06 12:37:32,232 - telecom_app.src.models.manager - INFO - Models directory:  /workspaces/telecom-consumption-intelligence/models
2026-10-06 12:37:32,257 - telecom_app.src.models.manager - INFO - Found model: /workspaces/telecom-consumption-intelligence/models/mobile_data_consumption_pipeline.pkl
2026-10-06 12:37:32,258 - telecom_app.src.models.manager - INFO - Loading model from: /workspaces/telecom-consumption-intelligence/models/mobile_data_consumption_pipeline.pkl
2026-10-06 12:37:32,258 - telecom_app.src.models.manager - INFO - _repo_root resolved to: /workspaces/telecom-consumption-intelligence
2026-10-06 12:37:32,258 - telecom_app.src.models.manager - INFO - Pre-imported training.core.custom_transformers
2026-10-06 12:37:32,278 - telecom_app.src.models.manager - INFO - Model loaded. Test RÂ² = 0.9480292742745271
2026-10-06 12:37:32,279 - telecom_app.src.models.explainer - WARNING - SHAP not installed. Install with: pip install shap
2026-10-06 12:37:32,279 - telecom_app.__main__ - INFO - SHAP explainer created: False
2026-10-06 12:37:40,252 - telecom_app.src.models.manager - INFO - Project directory: /workspaces/telecom-consumption-intelligence
2026-10-06 12:37:40,253 - telecom_app.src.models.manager - INFO - Models directory:  /workspaces/telecom-consumption-intelligence/models
2026-10-06 12:37:40,278 - telecom_app.src.models.manager - INFO - Found model: /workspaces/telecom-consumption-intelligence/models/mobile_data_consumption_pipeline.pkl
2026-10-06 12:37:40,279 - telecom_app.src.models.manager - INFO - Loading model from: /workspaces/telecom-consumption-intelligence/models/mobile_data_consumption_pipeline.pkl
2026-10-06 12:37:40,279 - telecom_app.src.models.manager - INFO - _repo_root resolved to: /workspaces/telecom-consumption-intelligence
2026-10-06 12:37:40,279 - telecom_app.src.models.manager - INFO - Pre-imported training.core.custom_transformers
2026-10-06 12:37:40,299 - telecom_app.src.models.manager - INFO - Model loaded. Test RÂ² = 0.9480292742745271
2026-10-06 12:37:40,300 - telecom_app.src.models.explainer - WARNING - SHAP not installed. Install with: pip install shap
2026-10-06 12:37:40,300 - telecom_app.__main__ - INFO - SHAP explainer created: False
2026-10-06 12:37:56,945 - telecom_app.src.models.manager - INFO - Project directory: /workspaces/telecom-consumption-intelligence
2026-10-06 12:37:56,947 - telecom_app.src.models.manager - INFO - Models directory:  /workspaces/telecom-consumption-intelligence/models
2026-10-06 12:37:56,972 - telecom_app.src.models.manager - INFO - Found model: /workspaces/telecom-consumption-intelligence/models/mobile_data_consumption_pipeline.pkl
2026-10-06 12:37:56,973 - telecom_app.src.models.manager - INFO - Loading model from: /workspaces/telecom-consumption-intelligence/models/mobile_data_consumption_pipeline.pkl
2026-10-06 12:37:56,973 - telecom_app.src.models.manager - INFO - _repo_root resolved to: /workspaces/telecom-consumption-intelligence
2026-10-06 12:37:56,974 - telecom_app.src.models.manager - INFO - Pre-imported training.core.custom_transformers
2026-10-06 12:37:56,994 - telecom_app.src.models.manager - INFO - Model loaded. Test RÂ² = 0.9480292742745271
2026-10-06 12:37:56,994 - telecom_app.src.models.explainer - WARNING - SHAP not installed. Install with: pip install shap
2026-10-06 12:37:56,995 - telecom_app.__main__ - INFO - SHAP explainer created: False
2026-10-06 12:37:57,069 - telecom_app.src.models.manager - INFO - Project directory: /workspaces/telecom-consumption-intelligence
2026-10-06 12:37:57,070 - telecom_app.src.models.manager - INFO - Models directory:  /workspaces/telecom-consumption-intelligence/models
2026-10-06 12:37:57,100 - telecom_app.src.models.manager - INFO - Found model: /workspaces/telecom-consumption-intelligence/models/mobile_data_consumption_pipeline.pkl
2026-10-06 12:37:57,100 - telecom_app.src.models.manager - INFO - Loading model from: /workspaces/telecom-consumption-intelligence/models/mobile_data_consumption_pipeline.pkl
2026-10-06 12:37:57,100 - telecom_app.src.models.manager - INFO - _repo_root resolved to: /workspaces/telecom-consumption-intelligence
2026-10-06 12:37:57,101 - telecom_app.src.models.manager - INFO - Pre-imported training.core.custom_transformers
2026-10-06 12:37:57,121 - telecom_app.src.models.manager - INFO - Model loaded. Test RÂ² = 0.9480292742745271
2026-10-06 12:37:57,121 - telecom_app.src.models.explainer - WARNING - SHAP not installed. Install with: pip install shap
2026-10-06 12:37:57,122 - telecom_app.__main__ - INFO - SHAP explainer created: False
2026-10-06 12:38:04,513 - telecom_app.src.models.manager - INFO - Project directory: /workspaces/telecom-consumption-intelligence
2026-10-06 12:38:04,514 - telecom_app.src.models.manager - INFO - Models directory:  /workspaces/telecom-consumption-intelligence/models
2026-10-06 12:38:04,545 - telecom_app.src.models.manager - INFO - Found model: /workspaces/telecom-consumption-intelligence/models/mobile_data_consumption_pipeline.pkl
2026-10-06 12:38:04,546 - telecom_app.src.models.manager - INFO - Loading model from: /workspaces/telecom-consumption-intelligence/models/mobile_data_consumption_pipeline.pkl
2026-10-06 12:38:04,546 - telecom_app.src.models.manager - INFO - _repo_root resolved to: /workspaces/telecom-consumption-intelligence
2026-10-06 12:38:04,546 - telecom_app.src.models.manager - INFO - Pre-imported training.core.custom_transformers
2026-10-06 12:38:04,566 - telecom_app.src.models.manager - INFO - Model loaded. Test RÂ² = 0.9480292742745271
2026-10-06 12:38:04,566 - telecom_app.src.models.explainer - WARNING - SHAP not installed. Install with: pip install shap
2026-10-06 12:38:04,566 - telecom_app.__main__ - INFO - SHAP explainer created: False
2026-10-06 12:38:08,159 - telecom_app.src.models.manager - INFO - Project directory: /workspaces/telecom-consumption-intelligence
2026-10-06 12:38:08,160 - telecom_app.src.models.manager - INFO - Models directory:  /workspaces/telecom-consumption-intelligence/models
2026-10-06 12:38:08,189 - telecom_app.src.models.manager - INFO - Found model: /workspaces/telecom-consumption-intelligence/models/mobile_data_consumption_pipeline.pkl
2026-10-06 12:38:08,189 - telecom_app.src.models.manager - INFO - Loading model from: /workspaces/telecom-consumption-intelligence/models/mobile_data_consumption_pipeline.pkl
2026-10-06 12:38:08,189 - telecom_app.src.models.manager - INFO - _repo_root resolved to: /workspaces/telecom-consumption-intelligence
2026-10-06 12:38:08,190 - telecom_app.src.models.manager - INFO - Pre-imported training.core.custom_transformers
2026-10-06 12:38:08,210 - telecom_app.src.models.manager - INFO - Model loaded. Test RÂ² = 0.9480292742745271
2026-10-06 12:38:08,210 - telecom_app.src.models.explainer - WARNING - SHAP not installed. Install with: pip install shap
2026-10-06 12:38:08,211 - telecom_app.__main__ - INFO - SHAP explainer created: False
2026-10-06 12:38:09,355 - telecom_app.src.models.manager - INFO - Project directory: /workspaces/telecom-consumption-intelligence
2026-10-06 12:38:09,355 - telecom_app.src.models.manager - INFO - Models directory:  /workspaces/telecom-consumption-intelligence/models
2026-10-06 12:38:09,383 - telecom_app.src.models.manager - INFO - Found model: /workspaces/telecom-consumption-intelligence/models/mobile_data_consumption_pipeline.pkl
2026-10-06 12:38:09,383 - telecom_app.src.models.manager - INFO - Loading model from: /workspaces/telecom-consumption-intelligence/models/mobile_data_consumption_pipeline.pkl
2026-10-06 12:38:09,383 - telecom_app.src.models.manager - INFO - _repo_root resolved to: /workspaces/telecom-consumption-intelligence
2026-10-06 12:38:09,384 - telecom_app.src.models.manager - INFO - Pre-imported training.core.custom_transformers
2026-10-06 12:38:09,404 - telecom_app.src.models.manager - INFO - Model loaded. Test RÂ² = 0.9480292742745271
2026-10-06 12:38:09,405 - telecom_app.src.models.explainer - WARNING - SHAP not installed. Install with: pip install shap
2026-10-06 12:38:09,405 - telecom_app.__main__ - INFO - SHAP explainer created: False
2026-10-06 12:38:12,554 - telecom_app.src.models.manager - INFO - Project directory: /workspaces/telecom-consumption-intelligence
2026-10-06 12:38:12,554 - telecom_app.src.models.manager - INFO - Models directory:  /workspaces/telecom-consumption-intelligence/models
2026-10-06 12:38:12,582 - telecom_app.src.models.manager - INFO - Found model: /workspaces/telecom-consumption-intelligence/models/mobile_data_consumption_pipeline.pkl
2026-10-06 12:38:12,582 - telecom_app.src.models.manager - INFO - Loading model from: /workspaces/telecom-consumption-intelligence/models/mobile_data_consumption_pipeline.pkl
2026-10-06 12:38:12,583 - telecom_app.src.models.manager - INFO - _repo_root resolved to: /workspaces/telecom-consumption-intelligence
2026-10-06 12:38:12,583 - telecom_app.src.models.manager - INFO - Pre-imported training.core.custom_transformers
2026-10-06 12:38:12,603 - telecom_app.src.models.manager - INFO - Model loaded. Test RÂ² = 0.9480292742745271
2026-10-06 12:38:12,604 - telecom_app.src.models.explainer - WARNING - SHAP not installed. Install with: pip install shap
2026-10-06 12:38:12,604 - telecom_app.__main__ - INFO - SHAP explainer created: False
2026-10-06 12:38:19,190 - telecom_app.src.models.manager - INFO - Project directory: /workspaces/telecom-consumption-intelligence
2026-10-06 12:38:19,190 - telecom_app.src.models.manager - INFO - Models directory:  /workspaces/telecom-consumption-intelligence/models
2026-10-06 12:38:19,220 - telecom_app.src.models.manager - INFO - Found model: /workspaces/telecom-consumption-intelligence/models/mobile_data_consumption_pipeline.pkl
2026-10-06 12:38:19,220 - telecom_app.src.models.manager - INFO - Loading model from: /workspaces/telecom-consumption-intelligence/models/mobile_data_consumption_pipeline.pkl
2026-10-06 12:38:19,220 - telecom_app.src.models.manager - INFO - _repo_root resolved to: /workspaces/telecom-consumption-intelligence
2026-10-06 12:38:19,221 - telecom_app.src.models.manager - INFO - Pre-imported training.core.custom_transformers
2026-10-06 12:38:19,240 - telecom_app.src.models.manager - INFO - Model loaded. Test RÂ² = 0.9480292742745271
2026-10-06 12:38:19,241 - telecom_app.src.models.explainer - WARNING - SHAP not installed. Install with: pip install shap
2026-10-06 12:38:19,242 - telecom_app.__main__ - INFO - SHAP explainer created: False
2026-10-06 12:38:23,409 - telecom_app.src.models.manager - INFO - Project directory: /workspaces/telecom-consumption-intelligence
2026-10-06 12:38:23,411 - telecom_app.src.models.manager - INFO - Models directory:  /workspaces/telecom-consumption-intelligence/models
2026-10-06 12:38:23,445 - telecom_app.src.models.manager - INFO - Found model: /workspaces/telecom-consumption-intelligence/models/mobile_data_consumption_pipeline.pkl
2026-10-06 12:38:23,445 - telecom_app.src.models.manager - INFO - Loading model from: /workspaces/telecom-consumption-intelligence/models/mobile_data_consumption_pipeline.pkl
2026-10-06 12:38:23,445 - telecom_app.src.models.manager - INFO - _repo_root resolved to: /workspaces/telecom-consumption-intelligence
2026-10-06 12:38:23,446 - telecom_app.src.models.manager - INFO - Pre-imported training.core.custom_transformers
2026-10-06 12:38:23,481 - telecom_app.src.models.manager - INFO - Model loaded. Test RÂ² = 0.9480292742745271
2026-10-06 12:38:23,482 - telecom_app.src.models.explainer - WARNING - SHAP not installed. Install with: pip install shap
2026-10-06 12:38:23,483 - telecom_app.__main__ - INFO - SHAP explainer created: False
2026-10-06 12:38:31,230 - telecom_app.src.models.manager - INFO - Project directory: /workspaces/telecom-consumption-intelligence
2026-10-06 12:38:31,231 - telecom_app.src.models.manager - INFO - Models directory:  /workspaces/telecom-consumption-intelligence/models
2026-10-06 12:38:31,259 - telecom_app.src.models.manager - INFO - Found model: /workspaces/telecom-consumption-intelligence/models/mobile_data_consumption_pipeline.pkl
2026-10-06 12:38:31,259 - telecom_app.src.models.manager - INFO - Loading model from: /workspaces/telecom-consumption-intelligence/models/mobile_data_consumption_pipeline.pkl
2026-10-06 12:38:31,260 - telecom_app.src.models.manager - INFO - _repo_root resolved to: /workspaces/telecom-consumption-intelligence
2026-10-06 12:38:31,260 - telecom_app.src.models.manager - INFO - Pre-imported training.core.custom_transformers
2026-10-06 12:38:31,286 - telecom_app.src.models.manager - INFO - Model loaded. Test RÂ² = 0.9480292742745271
2026-10-06 12:38:31,287 - telecom_app.src.models.explainer - WARNING - SHAP not installed. Install with: pip install shap
2026-10-06 12:38:31,287 - telecom_app.__main__ - INFO - SHAP explainer created: False
2026-10-06 12:38:34,935 - telecom_app.src.models.manager - INFO - Project directory: /workspaces/telecom-consumption-intelligence
2026-10-06 12:38:34,937 - telecom_app.src.models.manager - INFO - Models directory:  /workspaces/telecom-consumption-intelligence/models
2026-10-06 12:38:34,965 - telecom_app.src.models.manager - INFO - Found model: /workspaces/telecom-consumption-intelligence/models/mobile_data_consumption_pipeline.pkl
2026-10-06 12:38:34,966 - telecom_app.src.models.manager - INFO - Loading model from: /workspaces/telecom-consumption-intelligence/models/mobile_data_consumption_pipeline.pkl
2026-10-06 12:38:34,966 - telecom_app.src.models.manager - INFO - _repo_root resolved to: /workspaces/telecom-consumption-intelligence
2026-10-06 12:38:34,967 - telecom_app.src.models.manager - INFO - Pre-imported training.core.custom_transformers
2026-10-06 12:38:34,988 - telecom_app.src.models.manager - INFO - Model loaded. Test RÂ² = 0.9480292742745271
2026-10-06 12:38:34,988 - telecom_app.src.models.explainer - WARNING - SHAP not installed. Install with: pip install shap
2026-10-06 12:38:34,989 - telecom_app.__main__ - INFO - SHAP explainer created: False
2026-10-06 12:38:35,940 - telecom_app.src.models.manager - INFO - Project directory: /workspaces/telecom-consumption-intelligence
2026-10-06 12:38:35,941 - telecom_app.src.models.manager - INFO - Models directory:  /workspaces/telecom-consumption-intelligence/models
2026-10-06 12:38:35,970 - telecom_app.src.models.manager - INFO - Found model: /workspaces/telecom-consumption-intelligence/models/mobile_data_consumption_pipeline.pkl
2026-10-06 12:38:35,970 - telecom_app.src.models.manager - INFO - Loading model from: /workspaces/telecom-consumption-intelligence/models/mobile_data_consumption_pipeline.pkl
2026-10-06 12:38:35,970 - telecom_app.src.models.manager - INFO - _repo_root resolved to: /workspaces/telecom-consumption-intelligence
2026-10-06 12:38:35,971 - telecom_app.src.models.manager - INFO - Pre-imported training.core.custom_transformers
2026-10-06 12:38:35,990 - telecom_app.src.models.manager - INFO - Model loaded. Test RÂ² = 0.9480292742745271
2026-10-06 12:38:35,991 - telecom_app.src.models.explainer - WARNING - SHAP not installed. Install with: pip install shap
2026-10-06 12:38:35,991 - telecom_app.__main__ - INFO - SHAP explainer created: False
2026-10-06 12:38:36,695 - telecom_app.src.models.manager - INFO - Project directory: /workspaces/telecom-consumption-intelligence
2026-10-06 12:38:36,696 - telecom_app.src.models.manager - INFO - Models directory:  /workspaces/telecom-consumption-intelligence/models
2026-10-06 12:38:36,721 - telecom_app.src.models.manager - INFO - Found model: /workspaces/telecom-consumption-intelligence/models/mobile_data_consumption_pipeline.pkl
2026-10-06 12:38:36,722 - telecom_app.src.models.manager - INFO - Loading model from: /workspaces/telecom-consumption-intelligence/models/mobile_data_consumption_pipeline.pkl
2026-10-06 12:38:36,722 - telecom_app.src.models.manager - INFO - _repo_root resolved to: /workspaces/telecom-consumption-intelligence
2026-10-06 12:38:36,722 - telecom_app.src.models.manager - INFO - Pre-imported training.core.custom_transformers
2026-10-06 12:38:36,741 - telecom_app.src.models.manager - INFO - Model loaded. Test RÂ² = 0.9480292742745271
2026-10-06 12:38:36,742 - telecom_app.src.models.explainer - WARNING - SHAP not installed. Install with: pip install shap
2026-10-06 12:38:36,742 - telecom_app.__main__ - INFO - SHAP explainer created: False
2026-10-06 12:38:37,545 - telecom_app.src.models.manager - INFO - Project directory: /workspaces/telecom-consumption-intelligence
2026-10-06 12:38:37,545 - telecom_app.src.models.manager - INFO - Models directory:  /workspaces/telecom-consumption-intelligence/models
2026-10-06 12:38:37,571 - telecom_app.src.models.manager - INFO - Found model: /workspaces/telecom-consumption-intelligence/models/mobile_data_consumption_pipeline.pkl
2026-10-06 12:38:37,572 - telecom_app.src.models.manager - INFO - Loading model from: /workspaces/telecom-consumption-intelligence/models/mobile_data_consumption_pipeline.pkl
2026-10-06 12:38:37,572 - telecom_app.src.models.manager - INFO - _repo_root resolved to: /workspaces/telecom-consumption-intelligence
2026-10-06 12:38:37,572 - telecom_app.src.models.manager - INFO - Pre-imported training.core.custom_transformers
2026-10-06 12:38:37,604 - telecom_app.src.models.manager - INFO - Model loaded. Test RÂ² = 0.9480292742745271
2026-10-06 12:38:37,604 - telecom_app.src.models.explainer - WARNING - SHAP not installed. Install with: pip install shap
2026-10-06 12:38:37,605 - telecom_app.__main__ - INFO - SHAP explainer created: False
2026-10-06 12:38:40,645 - telecom_app.src.models.manager - INFO - Project directory: /workspaces/telecom-consumption-intelligence
2026-10-06 12:38:40,647 - telecom_app.src.models.manager - INFO - Models directory:  /workspaces/telecom-consumption-intelligence/models
2026-10-06 12:38:40,675 - telecom_app.src.models.manager - INFO - Found model: /workspaces/telecom-consumption-intelligence/models/mobile_data_consumption_pipeline.pkl
2026-10-06 12:38:40,675 - telecom_app.src.models.manager - INFO - Loading model from: /workspaces/telecom-consumption-intelligence/models/mobile_data_consumption_pipeline.pkl
2026-10-06 12:38:40,676 - telecom_app.src.models.manager - INFO - _repo_root resolved to: /workspaces/telecom-consumption-intelligence
2026-10-06 12:38:40,676 - telecom_app.src.models.manager - INFO - Pre-imported training.core.custom_transformers
2026-10-06 12:38:40,696 - telecom_app.src.models.manager - INFO - Model loaded. Test RÂ² = 0.9480292742745271
2026-10-06 12:38:40,696 - telecom_app.src.models.explainer - WARNING - SHAP not installed. Install with: pip install shap
2026-10-06 12:38:40,697 - telecom_app.__main__ - INFO - SHAP explainer created: False
2026-10-06 12:38:40,712 - telecom_app.src.models.manager - INFO - Project directory: /workspaces/telecom-consumption-intelligence
2026-10-06 12:38:40,714 - telecom_app.src.models.manager - INFO - Models directory:  /workspaces/telecom-consumption-intelligence/models
2026-10-06 12:38:40,720 - telecom_app.src.data.processor - INFO - Prepared features: 1 rows, 13 features
2026-10-06 12:39:19,177 - telecom_app.src.models.manager - INFO - Project directory: /workspaces/telecom-consumption-intelligence
2026-10-06 12:39:19,179 - telecom_app.src.models.manager - INFO - Models directory:  /workspaces/telecom-consumption-intelligence/models
2026-10-06 12:39:19,205 - telecom_app.src.models.manager - INFO - Found model: /workspaces/telecom-consumption-intelligence/models/mobile_data_consumption_pipeline.pkl
2026-10-06 12:39:19,205 - telecom_app.src.models.manager - INFO - Loading model from: /workspaces/telecom-consumption-intelligence/models/mobile_data_consumption_pipeline.pkl
2026-10-06 12:39:19,206 - telecom_app.src.models.manager - INFO - _repo_root resolved to: /workspaces/telecom-consumption-intelligence
2026-10-06 12:39:19,206 - telecom_app.src.models.manager - INFO - Pre-imported training.core.custom_transformers
2026-10-06 12:39:19,226 - telecom_app.src.models.manager - INFO - Model loaded. Test RÂ² = 0.9480292742745271
2026-10-06 12:39:19,227 - telecom_app.src.models.explainer - WARNING - SHAP not installed. Install with: pip install shap
2026-10-06 12:39:19,227 - telecom_app.__main__ - INFO - SHAP explainer created: False
2026-10-06 12:39:19,308 - telecom_app.src.models.manager - INFO - Project directory: /workspaces/telecom-consumption-intelligence
2026-10-06 12:39:19,308 - telecom_app.src.models.manager - INFO - Models directory:  /workspaces/telecom-consumption-intelligence/models
2026-10-06 12:39:19,332 - telecom_app.src.models.manager - INFO - Found model: /workspaces/telecom-consumption-intelligence/models/mobile_data_consumption_pipeline.pkl
2026-10-06 12:39:19,332 - telecom_app.src.models.manager - INFO - Loading model from: /workspaces/telecom-consumption-intelligence/models/mobile_data_consumption_pipeline.pkl
2026-10-06 12:39:19,332 - telecom_app.src.models.manager - INFO - _repo_root resolved to: /workspaces/telecom-consumption-intelligence
2026-10-06 12:39:19,333 - telecom_app.src.models.manager - INFO - Pre-imported training.core.custom_transformers
2026-10-06 12:39:19,354 - telecom_app.src.models.manager - INFO - Model loaded. Test RÂ² = 0.9480292742745271
2026-10-06 12:39:19,356 - telecom_app.src.models.explainer - WARNING - SHAP not installed. Install with: pip install shap
2026-10-06 12:39:19,357 - telecom_app.__main__ - INFO - SHAP explainer created: False
2026-10-06 12:39:31,433 - telecom_app.src.models.manager - INFO - Project directory: /workspaces/telecom-consumption-intelligence
2026-10-06 12:39:31,435 - telecom_app.src.models.manager - INFO - Models directory:  /workspaces/telecom-consumption-intelligence/models
2026-10-06 12:39:31,459 - telecom_app.src.models.manager - INFO - Found model: /workspaces/telecom-consumption-intelligence/models/mobile_data_consumption_pipeline.pkl
2026-10-06 12:39:31,459 - telecom_app.src.models.manager - INFO - Loading model from: /workspaces/telecom-consumption-intelligence/models/mobile_data_consumption_pipeline.pkl
2026-10-06 12:39:31,459 - telecom_app.src.models.manager - INFO - _repo_root resolved to: /workspaces/telecom-consumption-intelligence
2026-10-06 12:39:31,460 - telecom_app.src.models.manager - INFO - Pre-imported training.core.custom_transformers
2026-10-06 12:39:31,481 - telecom_app.src.models.manager - INFO - Model loaded. Test RÂ² = 0.9480292742745271
2026-10-06 12:39:31,481 - telecom_app.src.models.explainer - WARNING - SHAP not installed. Install with: pip install shap
2026-10-06 12:39:31,482 - telecom_app.__main__ - INFO - SHAP explainer created: False
2026-10-06 12:39:31,494 - telecom_app.src.models.manager - INFO - Project directory: /workspaces/telecom-consumption-intelligence
2026-10-06 12:39:31,496 - telecom_app.src.models.manager - INFO - Models directory:  /workspaces/telecom-consumption-intelligence/models
2026-10-06 12:39:31,503 - telecom_app.src.data.processor - INFO - Prepared features: 1 rows, 13 features
2026-10-06 12:40:30,397 - telecom_app.src.models.manager - INFO - Project directory: /workspaces/telecom-consumption-intelligence
2026-10-06 12:40:30,397 - telecom_app.src.models.manager - INFO - Models directory:  /workspaces/telecom-consumption-intelligence/models
2026-10-06 12:40:30,598 - telecom_app.src.data.loader - INFO - Loading data from: /workspaces/telecom-consumption-intelligence/data/processed/train_data.parquet
2026-10-06 12:40:30,624 - telecom_app.src.data.loader - INFO - Loaded 8004 rows from /workspaces/telecom-consumption-intelligence/data/processed/train_data.parquet
2026-10-06 12:40:30,652 - telecom_app.src.models.manager - INFO - Found model: /workspaces/telecom-consumption-intelligence/models/mobile_data_consumption_pipeline.pkl
2026-10-06 12:40:30,653 - telecom_app.src.models.manager - INFO - Loading model from: /workspaces/telecom-consumption-intelligence/models/mobile_data_consumption_pipeline.pkl
2026-10-06 12:40:30,653 - telecom_app.src.models.manager - INFO - _repo_root resolved to: /workspaces/telecom-consumption-intelligence
2026-10-06 12:40:30,655 - telecom_app.src.models.manager - INFO - Pre-imported training.core.custom_transformers
2026-10-06 12:40:30,686 - telecom_app.src.models.manager - INFO - Model loaded. Test RÂ² = 0.9480292742745271
2026-10-06 12:40:30,687 - telecom_app.src.models.explainer - WARNING - SHAP not installed. Install with: pip install shap
2026-10-06 12:40:30,688 - telecom_app.__main__ - INFO - SHAP explainer created: False
2026-10-06 12:40:32,920 - telecom_app.src.models.manager - INFO - Project directory: /workspaces/telecom-consumption-intelligence
2026-10-06 12:40:32,923 - telecom_app.src.models.manager - INFO - Models directory:  /workspaces/telecom-consumption-intelligence/models
2026-10-06 12:40:32,954 - telecom_app.src.models.manager - INFO - Found model: /workspaces/telecom-consumption-intelligence/models/mobile_data_consumption_pipeline.pkl
2026-10-06 12:40:32,955 - telecom_app.src.models.manager - INFO - Loading model from: /workspaces/telecom-consumption-intelligence/models/mobile_data_consumption_pipeline.pkl
2026-10-06 12:40:32,955 - telecom_app.src.models.manager - INFO - _repo_root resolved to: /workspaces/telecom-consumption-intelligence
2026-10-06 12:40:32,955 - telecom_app.src.models.manager - INFO - Pre-imported training.core.custom_transformers
2026-10-06 12:40:32,975 - telecom_app.src.models.manager - INFO - Model loaded. Test RÂ² = 0.9480292742745271
2026-10-06 12:40:32,975 - telecom_app.src.models.explainer - WARNING - SHAP not installed. Install with: pip install shap
2026-10-06 12:40:32,975 - telecom_app.__main__ - INFO - SHAP explainer created: False
2026-10-06 12:40:40,099 - telecom_app.src.models.manager - INFO - Project directory: /workspaces/telecom-consumption-intelligence
2026-10-06 12:40:40,100 - telecom_app.src.models.manager - INFO - Models directory:  /workspaces/telecom-consumption-intelligence/models
2026-10-06 12:40:40,128 - telecom_app.src.models.manager - INFO - Found model: /workspaces/telecom-consumption-intelligence/models/mobile_data_consumption_pipeline.pkl
2026-10-06 12:40:40,128 - telecom_app.src.models.manager - INFO - Loading model from: /workspaces/telecom-consumption-intelligence/models/mobile_data_consumption_pipeline.pkl
2026-10-06 12:40:40,129 - telecom_app.src.models.manager - INFO - _repo_root resolved to: /workspaces/telecom-consumption-intelligence
2026-10-06 12:40:40,129 - telecom_app.src.models.manager - INFO - Pre-imported training.core.custom_transformers
2026-10-06 12:40:40,150 - telecom_app.src.models.manager - INFO - Model loaded. Test RÂ² = 0.9480292742745271
2026-10-06 12:40:40,151 - telecom_app.src.models.explainer - WARNING - SHAP not installed. Install with: pip install shap
2026-10-06 12:40:40,151 - telecom_app.__main__ - INFO - SHAP explainer created: False
2026-10-06 12:40:46,787 - telecom_app.src.models.manager - INFO - Project directory: /workspaces/telecom-consumption-intelligence
2026-10-06 12:40:46,788 - telecom_app.src.models.manager - INFO - Models directory:  /workspaces/telecom-consumption-intelligence/models
2026-10-06 12:40:46,813 - telecom_app.src.models.manager - INFO - Found model: /workspaces/telecom-consumption-intelligence/models/mobile_data_consumption_pipeline.pkl
2026-10-06 12:40:46,813 - telecom_app.src.models.manager - INFO - Loading model from: /workspaces/telecom-consumption-intelligence/models/mobile_data_consumption_pipeline.pkl
2026-10-06 12:40:46,813 - telecom_app.src.models.manager - INFO - _repo_root resolved to: /workspaces/telecom-consumption-intelligence
2026-10-06 12:40:46,814 - telecom_app.src.models.manager - INFO - Pre-imported training.core.custom_transformers
2026-10-06 12:40:46,834 - telecom_app.src.models.manager - INFO - Model loaded. Test RÂ² = 0.9480292742745271
2026-10-06 12:40:46,834 - telecom_app.src.models.explainer - WARNING - SHAP not installed. Install with: pip install shap
2026-10-06 12:40:46,835 - telecom_app.__main__ - INFO - SHAP explainer created: False
2026-10-06 12:40:52,248 - telecom_app.src.models.manager - INFO - Project directory: /workspaces/telecom-consumption-intelligence
2026-10-06 12:40:52,250 - telecom_app.src.models.manager - INFO - Models directory:  /workspaces/telecom-consumption-intelligence/models
2026-10-06 12:40:52,284 - telecom_app.src.models.manager - INFO - Found model: /workspaces/telecom-consumption-intelligence/models/mobile_data_consumption_pipeline.pkl
2026-10-06 12:40:52,284 - telecom_app.src.models.manager - INFO - Loading model from: /workspaces/telecom-consumption-intelligence/models/mobile_data_consumption_pipeline.pkl
2026-10-06 12:40:52,285 - telecom_app.src.models.manager - INFO - _repo_root resolved to: /workspaces/telecom-consumption-intelligence
2026-10-06 12:40:52,285 - telecom_app.src.models.manager - INFO - Pre-imported training.core.custom_transformers
2026-10-06 12:40:52,313 - telecom_app.src.models.manager - INFO - Model loaded. Test RÂ² = 0.9480292742745271
2026-10-06 12:40:52,314 - telecom_app.src.models.explainer - WARNING - SHAP not installed. Install with: pip install shap
2026-10-06 12:40:52,314 - telecom_app.__main__ - INFO - SHAP explainer created: False
2026-10-06 12:40:52,330 - telecom_app.src.models.manager - INFO - Project directory: /workspaces/telecom-consumption-intelligence
2026-10-06 12:40:52,331 - telecom_app.src.models.manager - INFO - Models directory:  /workspaces/telecom-consumption-intelligence/models
2026-10-06 12:40:52,336 - telecom_app.src.data.processor - INFO - Prepared features: 1 rows, 13 features
2026-10-06 12:41:48,991 - telecom_app.src.models.manager - INFO - Project directory: /workspaces/telecom-consumption-intelligence
2026-10-06 12:41:48,992 - telecom_app.src.models.manager - INFO - Models directory:  /workspaces/telecom-consumption-intelligence/models
2026-10-06 12:41:49,018 - telecom_app.src.models.manager - INFO - Found model: /workspaces/telecom-consumption-intelligence/models/mobile_data_consumption_pipeline.pkl
2026-10-06 12:41:49,019 - telecom_app.src.models.manager - INFO - Loading model from: /workspaces/telecom-consumption-intelligence/models/mobile_data_consumption_pipeline.pkl
2026-10-06 12:41:49,019 - telecom_app.src.models.manager - INFO - _repo_root resolved to: /workspaces/telecom-consumption-intelligence
2026-10-06 12:41:49,019 - telecom_app.src.models.manager - INFO - Pre-imported training.core.custom_transformers
2026-10-06 12:41:49,040 - telecom_app.src.models.manager - INFO - Model loaded. Test RÂ² = 0.9480292742745271
2026-10-06 12:41:49,041 - telecom_app.src.models.explainer - WARNING - SHAP not installed. Install with: pip install shap
2026-10-06 12:41:49,041 - telecom_app.__main__ - INFO - SHAP explainer created: False
2026-10-06 12:41:49,055 - telecom_app.src.models.manager - INFO - Project directory: /workspaces/telecom-consumption-intelligence
2026-10-06 12:41:49,056 - telecom_app.src.models.manager - INFO - Models directory:  /workspaces/telecom-consumption-intelligence/models
2026-10-06 12:41:49,060 - telecom_app.src.data.processor - INFO - Prepared features: 1 rows, 13 features
2026-10-06 12:41:52,682 - telecom_app.src.models.manager - INFO - Project directory: /workspaces/telecom-consumption-intelligence
2026-10-06 12:41:52,683 - telecom_app.src.models.manager - INFO - Models directory:  /workspaces/telecom-consumption-intelligence/models
2026-10-06 12:41:52,710 - telecom_app.src.models.manager - INFO - Found model: /workspaces/telecom-consumption-intelligence/models/mobile_data_consumption_pipeline.pkl
2026-10-06 12:41:52,710 - telecom_app.src.models.manager - INFO - Loading model from: /workspaces/telecom-consumption-intelligence/models/mobile_data_consumption_pipeline.pkl
2026-10-06 12:41:52,710 - telecom_app.src.models.manager - INFO - _repo_root resolved to: /workspaces/telecom-consumption-intelligence
2026-10-06 12:41:52,710 - telecom_app.src.models.manager - INFO - Pre-imported training.core.custom_transformers
2026-10-06 12:41:52,731 - telecom_app.src.models.manager - INFO - Model loaded. Test RÂ² = 0.9480292742745271
2026-10-06 12:41:52,732 - telecom_app.src.models.explainer - WARNING - SHAP not installed. Install with: pip install shap
2026-10-06 12:41:52,732 - telecom_app.__main__ - INFO - SHAP explainer created: False
2026-10-06 12:41:54,298 - telecom_app.src.models.manager - INFO - Project directory: /workspaces/telecom-consumption-intelligence
2026-10-06 12:41:54,298 - telecom_app.src.models.manager - INFO - Models directory:  /workspaces/telecom-consumption-intelligence/models
2026-10-06 12:41:54,345 - telecom_app.src.models.manager - INFO - Found model: /workspaces/telecom-consumption-intelligence/models/mobile_data_consumption_pipeline.pkl
2026-10-06 12:41:54,345 - telecom_app.src.models.manager - INFO - Loading model from: /workspaces/telecom-consumption-intelligence/models/mobile_data_consumption_pipeline.pkl
2026-10-06 12:41:54,345 - telecom_app.src.models.manager - INFO - _repo_root resolved to: /workspaces/telecom-consumption-intelligence
2026-10-06 12:41:54,345 - telecom_app.src.models.manager - INFO - Pre-imported training.core.custom_transformers
2026-10-06 12:41:54,379 - telecom_app.src.models.manager - INFO - Model loaded. Test RÂ² = 0.9480292742745271
2026-10-06 12:41:54,380 - telecom_app.src.models.explainer - WARNING - SHAP not installed. Install with: pip install shap
2026-10-06 12:41:54,380 - telecom_app.__main__ - INFO - SHAP explainer created: False
2026-10-06 12:41:55,791 - telecom_app.src.models.manager - INFO - Project directory: /workspaces/telecom-consumption-intelligence
2026-10-06 12:41:55,793 - telecom_app.src.models.manager - INFO - Models directory:  /workspaces/telecom-consumption-intelligence/models
2026-10-06 12:41:55,818 - telecom_app.src.models.manager - INFO - Found model: /workspaces/telecom-consumption-intelligence/models/mobile_data_consumption_pipeline.pkl
2026-10-06 12:41:55,818 - telecom_app.src.models.manager - INFO - Loading model from: /workspaces/telecom-consumption-intelligence/models/mobile_data_consumption_pipeline.pkl
2026-10-06 12:41:55,818 - telecom_app.src.models.manager - INFO - _repo_root resolved to: /workspaces/telecom-consumption-intelligence
2026-10-06 12:41:55,819 - telecom_app.src.models.manager - INFO - Pre-imported training.core.custom_transformers
2026-10-06 12:41:55,845 - telecom_app.src.models.manager - INFO - Model loaded. Test RÂ² = 0.9480292742745271
2026-10-06 12:41:55,845 - telecom_app.src.models.explainer - WARNING - SHAP not installed. Install with: pip install shap
2026-10-06 12:41:55,846 - telecom_app.__main__ - INFO - SHAP explainer created: False
2026-10-06 12:41:55,859 - telecom_app.src.models.manager - INFO - Project directory: /workspaces/telecom-consumption-intelligence
2026-10-06 12:41:55,859 - telecom_app.src.models.manager - INFO - Models directory:  /workspaces/telecom-consumption-intelligence/models
2026-10-06 12:41:55,873 - telecom_app.src.data.processor - INFO - Prepared features: 1 rows, 13 features
2026-10-06 12:49:32,341 - telecom_app.src.models.manager - INFO - Project directory: /workspaces/telecom-consumption-intelligence
2026-10-06 12:49:32,341 - telecom_app.src.models.manager - INFO - Models directory:  /workspaces/telecom-consumption-intelligence/models
2026-10-06 12:49:32,609 - telecom_app.src.data.loader - INFO - Loading data from: /workspaces/telecom-consumption-intelligence/data/processed/train_data.parquet
2026-10-06 12:49:32,655 - telecom_app.src.data.loader - INFO - Loaded 8004 rows from /workspaces/telecom-consumption-intelligence/data/processed/train_data.parquet
2026-10-06 12:49:32,703 - telecom_app.src.models.manager - INFO - Found model: /workspaces/telecom-consumption-intelligence/models/mobile_data_consumption_pipeline.pkl
2026-10-06 12:49:32,704 - telecom_app.src.models.manager - INFO - Loading model from: /workspaces/telecom-consumption-intelligence/models/mobile_data_consumption_pipeline.pkl
2026-10-06 12:49:32,704 - telecom_app.src.models.manager - INFO - _repo_root resolved to: /workspaces/telecom-consumption-intelligence
2026-10-06 12:49:32,706 - telecom_app.src.models.manager - INFO - Pre-imported training.core.custom_transformers
2026-10-06 12:49:32,752 - telecom_app.src.models.manager - INFO - Model loaded. Test RÂ² = 0.9480292742745271
2026-10-06 12:49:32,753 - telecom_app.src.models.explainer - WARNING - SHAP not installed. Install with: pip install shap
2026-10-06 12:49:32,754 - telecom_app.__main__ - INFO - SHAP explainer created: False
2026-10-06 12:49:41,322 - telecom_app.src.models.manager - INFO - Project directory: /workspaces/telecom-consumption-intelligence
2026-10-06 12:49:41,323 - telecom_app.src.models.manager - INFO - Models directory:  /workspaces/telecom-consumption-intelligence/models
2026-10-06 12:49:41,349 - telecom_app.src.models.manager - INFO - Found model: /workspaces/telecom-consumption-intelligence/models/mobile_data_consumption_pipeline.pkl
2026-10-06 12:49:41,349 - telecom_app.src.models.manager - INFO - Loading model from: /workspaces/telecom-consumption-intelligence/models/mobile_data_consumption_pipeline.pkl
2026-10-06 12:49:41,349 - telecom_app.src.models.manager - INFO - _repo_root resolved to: /workspaces/telecom-consumption-intelligence
2026-10-06 12:49:41,349 - telecom_app.src.models.manager - INFO - Pre-imported training.core.custom_transformers
2026-10-06 12:49:41,370 - telecom_app.src.models.manager - INFO - Model loaded. Test RÂ² = 0.9480292742745271
2026-10-06 12:49:41,371 - telecom_app.src.models.explainer - WARNING - SHAP not installed. Install with: pip install shap
2026-10-06 12:49:41,371 - telecom_app.__main__ - INFO - SHAP explainer created: False
2026-10-06 12:49:42,889 - telecom_app.src.models.manager - INFO - Project directory: /workspaces/telecom-consumption-intelligence
2026-10-06 12:49:42,889 - telecom_app.src.models.manager - INFO - Models directory:  /workspaces/telecom-consumption-intelligence/models
2026-10-06 12:49:42,919 - telecom_app.src.models.manager - INFO - Found model: /workspaces/telecom-consumption-intelligence/models/mobile_data_consumption_pipeline.pkl
2026-10-06 12:49:42,920 - telecom_app.src.models.manager - INFO - Loading model from: /workspaces/telecom-consumption-intelligence/models/mobile_data_consumption_pipeline.pkl
2026-10-06 12:49:42,920 - telecom_app.src.models.manager - INFO - _repo_root resolved to: /workspaces/telecom-consumption-intelligence
2026-10-06 12:49:42,920 - telecom_app.src.models.manager - INFO - Pre-imported training.core.custom_transformers
2026-10-06 12:49:42,943 - telecom_app.src.models.manager - INFO - Model loaded. Test RÂ² = 0.9480292742745271
2026-10-06 12:49:42,944 - telecom_app.src.models.explainer - WARNING - SHAP not installed. Install with: pip install shap
2026-10-06 12:49:42,944 - telecom_app.__main__ - INFO - SHAP explainer created: False
2026-10-06 12:49:45,100 - telecom_app.src.models.manager - INFO - Project directory: /workspaces/telecom-consumption-intelligence
2026-10-06 12:49:45,100 - telecom_app.src.models.manager - INFO - Models directory:  /workspaces/telecom-consumption-intelligence/models
2026-10-06 12:49:45,131 - telecom_app.src.models.manager - INFO - Found model: /workspaces/telecom-consumption-intelligence/models/mobile_data_consumption_pipeline.pkl
2026-10-06 12:49:45,132 - telecom_app.src.models.manager - INFO - Loading model from: /workspaces/telecom-consumption-intelligence/models/mobile_data_consumption_pipeline.pkl
2026-10-06 12:49:45,132 - telecom_app.src.models.manager - INFO - _repo_root resolved to: /workspaces/telecom-consumption-intelligence
2026-10-06 12:49:45,132 - telecom_app.src.models.manager - INFO - Pre-imported training.core.custom_transformers
2026-10-06 12:49:45,169 - telecom_app.src.models.manager - INFO - Model loaded. Test RÂ² = 0.9480292742745271
2026-10-06 12:49:45,170 - telecom_app.src.models.explainer - WARNING - SHAP not installed. Install with: pip install shap
2026-10-06 12:49:45,170 - telecom_app.__main__ - INFO - SHAP explainer created: False
2026-10-06 12:49:45,184 - telecom_app.src.models.manager - INFO - Project directory: /workspaces/telecom-consumption-intelligence
2026-10-06 12:49:45,186 - telecom_app.src.models.manager - INFO - Models directory:  /workspaces/telecom-consumption-intelligence/models
2026-10-06 12:49:50,511 - telecom_app.src.models.manager - INFO - Project directory: /workspaces/telecom-consumption-intelligence
2026-10-06 12:49:50,512 - telecom_app.src.models.manager - INFO - Models directory:  /workspaces/telecom-consumption-intelligence/models
2026-10-06 12:49:50,539 - telecom_app.src.models.manager - INFO - Found model: /workspaces/telecom-consumption-intelligence/models/mobile_data_consumption_pipeline.pkl
2026-10-06 12:49:50,539 - telecom_app.src.models.manager - INFO - Loading model from: /workspaces/telecom-consumption-intelligence/models/mobile_data_consumption_pipeline.pkl
2026-10-06 12:49:50,540 - telecom_app.src.models.manager - INFO - _repo_root resolved to: /workspaces/telecom-consumption-intelligence
2026-10-06 12:49:50,540 - telecom_app.src.models.manager - INFO - Pre-imported training.core.custom_transformers
2026-10-06 12:49:50,561 - telecom_app.src.models.manager - INFO - Model loaded. Test RÂ² = 0.9480292742745271
2026-10-06 12:49:50,562 - telecom_app.src.models.explainer - WARNING - SHAP not installed. Install with: pip install shap
2026-10-06 12:49:50,563 - telecom_app.__main__ - INFO - SHAP explainer created: False
2026-10-06 12:49:53,630 - telecom_app.src.models.manager - INFO - Project directory: /workspaces/telecom-consumption-intelligence
2026-10-06 12:49:53,631 - telecom_app.src.models.manager - INFO - Models directory:  /workspaces/telecom-consumption-intelligence/models
2026-10-06 12:49:53,662 - telecom_app.src.models.manager - INFO - Found model: /workspaces/telecom-consumption-intelligence/models/mobile_data_consumption_pipeline.pkl
2026-10-06 12:49:53,662 - telecom_app.src.models.manager - INFO - Loading model from: /workspaces/telecom-consumption-intelligence/models/mobile_data_consumption_pipeline.pkl
2026-10-06 12:49:53,662 - telecom_app.src.models.manager - INFO - _repo_root resolved to: /workspaces/telecom-consumption-intelligence
2026-10-06 12:49:53,663 - telecom_app.src.models.manager - INFO - Pre-imported training.core.custom_transformers
2026-10-06 12:49:53,684 - telecom_app.src.models.manager - INFO - Model loaded. Test RÂ² = 0.9480292742745271
2026-10-06 12:49:53,684 - telecom_app.src.models.explainer - WARNING - SHAP not installed. Install with: pip install shap
2026-10-06 12:49:53,685 - telecom_app.__main__ - INFO - SHAP explainer created: False
2026-10-06 12:49:53,697 - telecom_app.src.models.manager - INFO - Project directory: /workspaces/telecom-consumption-intelligence
2026-10-06 12:49:53,697 - telecom_app.src.models.manager - INFO - Models directory:  /workspaces/telecom-consumption-intelligence/models
2026-10-06 12:50:31,124 - telecom_app.src.models.manager - INFO - Project directory: /workspaces/telecom-consumption-intelligence
2026-10-06 12:50:31,124 - telecom_app.src.models.manager - INFO - Models directory:  /workspaces/telecom-consumption-intelligence/models
2026-10-06 12:50:31,366 - telecom_app.src.data.loader - INFO - Loading data from: /workspaces/telecom-consumption-intelligence/data/processed/train_data.parquet
2026-10-06 12:50:31,407 - telecom_app.src.data.loader - INFO - Loaded 8004 rows from /workspaces/telecom-consumption-intelligence/data/processed/train_data.parquet
2026-10-06 12:50:31,440 - telecom_app.src.models.manager - INFO - Found model: /workspaces/telecom-consumption-intelligence/models/mobile_data_consumption_pipeline.pkl
2026-10-06 12:50:31,440 - telecom_app.src.models.manager - INFO - Loading model from: /workspaces/telecom-consumption-intelligence/models/mobile_data_consumption_pipeline.pkl
2026-10-06 12:50:31,440 - telecom_app.src.models.manager - INFO - _repo_root resolved to: /workspaces/telecom-consumption-intelligence
2026-10-06 12:50:31,442 - telecom_app.src.models.manager - INFO - Pre-imported training.core.custom_transformers
2026-10-06 12:50:31,460 - telecom_app.src.models.manager - INFO - Model loaded. Test RÂ² = 0.9480292742745271
2026-10-06 12:50:31,461 - telecom_app.src.models.explainer - WARNING - SHAP not installed. Install with: pip install shap
2026-10-06 12:50:31,461 - telecom_app.__main__ - INFO - SHAP explainer created: False
2026-10-06 12:50:41,152 - telecom_app.src.models.manager - INFO - Project directory: /workspaces/telecom-consumption-intelligence
2026-10-06 12:50:41,152 - telecom_app.src.models.manager - INFO - Models directory:  /workspaces/telecom-consumption-intelligence/models
2026-10-06 12:50:41,182 - telecom_app.src.models.manager - INFO - Found model: /workspaces/telecom-consumption-intelligence/models/mobile_data_consumption_pipeline.pkl
2026-10-06 12:50:41,182 - telecom_app.src.models.manager - INFO - Loading model from: /workspaces/telecom-consumption-intelligence/models/mobile_data_consumption_pipeline.pkl
2026-10-06 12:50:41,182 - telecom_app.src.models.manager - INFO - _repo_root resolved to: /workspaces/telecom-consumption-intelligence
2026-10-06 12:50:41,183 - telecom_app.src.models.manager - INFO - Pre-imported training.core.custom_transformers
2026-10-06 12:50:41,203 - telecom_app.src.models.manager - INFO - Model loaded. Test RÂ² = 0.9480292742745271
2026-10-06 12:50:41,204 - telecom_app.src.models.explainer - WARNING - SHAP not installed. Install with: pip install shap
2026-10-06 12:50:41,204 - telecom_app.__main__ - INFO - SHAP explainer created: False
2026-10-06 12:50:42,636 - telecom_app.src.models.manager - INFO - Project directory: /workspaces/telecom-consumption-intelligence
2026-10-06 12:50:42,637 - telecom_app.src.models.manager - INFO - Models directory:  /workspaces/telecom-consumption-intelligence/models
2026-10-06 12:50:42,664 - telecom_app.src.models.manager - INFO - Found model: /workspaces/telecom-consumption-intelligence/models/mobile_data_consumption_pipeline.pkl
2026-10-06 12:50:42,665 - telecom_app.src.models.manager - INFO - Loading model from: /workspaces/telecom-consumption-intelligence/models/mobile_data_consumption_pipeline.pkl
2026-10-06 12:50:42,665 - telecom_app.src.models.manager - INFO - _repo_root resolved to: /workspaces/telecom-consumption-intelligence
2026-10-06 12:50:42,665 - telecom_app.src.models.manager - INFO - Pre-imported training.core.custom_transformers
2026-10-06 12:50:42,685 - telecom_app.src.models.manager - INFO - Model loaded. Test RÂ² = 0.9480292742745271
2026-10-06 12:50:42,686 - telecom_app.src.models.explainer - WARNING - SHAP not installed. Install with: pip install shap
2026-10-06 12:50:42,686 - telecom_app.__main__ - INFO - SHAP explainer created: False
2026-10-06 12:50:46,119 - telecom_app.src.models.manager - INFO - Project directory: /workspaces/telecom-consumption-intelligence
2026-10-06 12:50:46,124 - telecom_app.src.models.manager - INFO - Models directory:  /workspaces/telecom-consumption-intelligence/models
2026-10-06 12:50:46,157 - telecom_app.src.models.manager - INFO - Found model: /workspaces/telecom-consumption-intelligence/models/mobile_data_consumption_pipeline.pkl
2026-10-06 12:50:46,157 - telecom_app.src.models.manager - INFO - Loading model from: /workspaces/telecom-consumption-intelligence/models/mobile_data_consumption_pipeline.pkl
2026-10-06 12:50:46,158 - telecom_app.src.models.manager - INFO - _repo_root resolved to: /workspaces/telecom-consumption-intelligence
2026-10-06 12:50:46,158 - telecom_app.src.models.manager - INFO - Pre-imported training.core.custom_transformers
2026-10-06 12:50:46,197 - telecom_app.src.models.manager - INFO - Model loaded. Test RÂ² = 0.9480292742745271
2026-10-06 12:50:46,197 - telecom_app.src.models.explainer - WARNING - SHAP not installed. Install with: pip install shap
2026-10-06 12:50:46,198 - telecom_app.__main__ - INFO - SHAP explainer created: False
2026-10-06 12:50:46,217 - telecom_app.src.models.manager - INFO - Project directory: /workspaces/telecom-consumption-intelligence
2026-10-06 12:50:46,218 - telecom_app.src.models.manager - INFO - Models directory:  /workspaces/telecom-consumption-intelligence/models
2026-10-06 12:53:00,222 - telecom_app.src.models.manager - INFO - Project directory: /workspaces/telecom-consumption-intelligence
2026-10-06 12:53:00,222 - telecom_app.src.models.manager - INFO - Models directory:  /workspaces/telecom-consumption-intelligence/models
2026-10-06 12:53:00,260 - telecom_app.src.models.manager - INFO - Found model: /workspaces/telecom-consumption-intelligence/models/mobile_data_consumption_pipeline.pkl
2026-10-06 12:53:00,260 - telecom_app.src.models.manager - INFO - Loading model from: /workspaces/telecom-consumption-intelligence/models/mobile_data_consumption_pipeline.pkl
2026-10-06 12:53:00,261 - telecom_app.src.models.manager - INFO - _repo_root resolved to: /workspaces/telecom-consumption-intelligence
2026-10-06 12:53:00,261 - telecom_app.src.models.manager - INFO - Pre-imported training.core.custom_transformers
2026-10-06 12:53:00,294 - telecom_app.src.models.manager - INFO - Model loaded. Test RÂ² = 0.9480292742745271
2026-10-06 12:53:00,295 - telecom_app.src.models.explainer - WARNING - SHAP not installed. Install with: pip install shap
2026-10-06 12:53:00,298 - telecom_app.__main__ - INFO - SHAP explainer created: False
2026-10-06 12:53:03,155 - telecom_app.src.models.manager - INFO - Project directory: /workspaces/telecom-consumption-intelligence
2026-10-06 12:53:03,159 - telecom_app.src.models.manager - INFO - Models directory:  /workspaces/telecom-consumption-intelligence/models
2026-10-06 12:53:03,198 - telecom_app.src.models.manager - INFO - Found model: /workspaces/telecom-consumption-intelligence/models/mobile_data_consumption_pipeline.pkl
2026-10-06 12:53:03,201 - telecom_app.src.models.manager - INFO - Loading model from: /workspaces/telecom-consumption-intelligence/models/mobile_data_consumption_pipeline.pkl
2026-10-06 12:53:03,201 - telecom_app.src.models.manager - INFO - _repo_root resolved to: /workspaces/telecom-consumption-intelligence
2026-10-06 12:53:03,201 - telecom_app.src.models.manager - INFO - Pre-imported training.core.custom_transformers
2026-10-06 12:53:03,238 - telecom_app.src.models.manager - INFO - Model loaded. Test RÂ² = 0.9480292742745271
2026-10-06 12:53:03,239 - telecom_app.src.models.explainer - WARNING - SHAP not installed. Install with: pip install shap
2026-10-06 12:53:03,239 - telecom_app.__main__ - INFO - SHAP explainer created: False
2026-10-06 12:53:03,251 - telecom_app.src.models.manager - INFO - Project directory: /workspaces/telecom-consumption-intelligence
2026-10-06 12:53:03,253 - telecom_app.src.models.manager - INFO - Models directory:  /workspaces/telecom-consumption-intelligence/models
2026-10-06 12:53:48,626 - telecom_app.src.models.manager - INFO - Project directory: /workspaces/telecom-consumption-intelligence
2026-10-06 12:53:48,627 - telecom_app.src.models.manager - INFO - Models directory:  /workspaces/telecom-consumption-intelligence/models
2026-10-06 12:53:48,660 - telecom_app.src.models.manager - INFO - Found model: /workspaces/telecom-consumption-intelligence/models/mobile_data_consumption_pipeline.pkl
2026-10-06 12:53:48,660 - telecom_app.src.models.manager - INFO - Loading model from: /workspaces/telecom-consumption-intelligence/models/mobile_data_consumption_pipeline.pkl
2026-10-06 12:53:48,660 - telecom_app.src.models.manager - INFO - _repo_root resolved to: /workspaces/telecom-consumption-intelligence
2026-10-06 12:53:48,661 - telecom_app.src.models.manager - INFO - Pre-imported training.core.custom_transformers
2026-10-06 12:53:48,682 - telecom_app.src.models.manager - INFO - Model loaded. Test RÂ² = 0.9480292742745271
2026-10-06 12:53:48,682 - telecom_app.src.models.explainer - WARNING - SHAP not installed. Install with: pip install shap
2026-10-06 12:53:48,683 - telecom_app.__main__ - INFO - SHAP explainer created: False
2026-10-06 12:53:48,698 - telecom_app.src.models.manager - INFO - Project directory: /workspaces/telecom-consumption-intelligence
2026-10-06 12:53:48,700 - telecom_app.src.models.manager - INFO - Models directory:  /workspaces/telecom-consumption-intelligence/models
2026-10-06 12:54:05,196 - telecom_app.src.models.manager - INFO - Project directory: /workspaces/telecom-consumption-intelligence
2026-10-06 12:54:05,197 - telecom_app.src.models.manager - INFO - Models directory:  /workspaces/telecom-consumption-intelligence/models
2026-10-06 12:54:05,232 - telecom_app.src.models.manager - INFO - Found model: /workspaces/telecom-consumption-intelligence/models/mobile_data_consumption_pipeline.pkl
2026-10-06 12:54:05,232 - telecom_app.src.models.manager - INFO - Loading model from: /workspaces/telecom-consumption-intelligence/models/mobile_data_consumption_pipeline.pkl
2026-10-06 12:54:05,233 - telecom_app.src.models.manager - INFO - _repo_root resolved to: /workspaces/telecom-consumption-intelligence
2026-10-06 12:54:05,233 - telecom_app.src.models.manager - INFO - Pre-imported training.core.custom_transformers
2026-10-06 12:54:05,270 - telecom_app.src.models.manager - INFO - Model loaded. Test RÂ² = 0.9480292742745271
2026-10-06 12:54:05,271 - telecom_app.src.models.explainer - WARNING - SHAP not installed. Install with: pip install shap
2026-10-06 12:54:05,272 - telecom_app.__main__ - INFO - SHAP explainer created: False
2026-10-06 12:54:05,315 - telecom_app.src.models.manager - INFO - Project directory: /workspaces/telecom-consumption-intelligence
2026-10-06 12:54:05,316 - telecom_app.src.models.manager - INFO - Models directory:  /workspaces/telecom-consumption-intelligence/models
2026-10-06 12:54:39,342 - telecom_app.src.models.manager - INFO - Project directory: /workspaces/telecom-consumption-intelligence
2026-10-06 12:54:39,342 - telecom_app.src.models.manager - INFO - Models directory:  /workspaces/telecom-consumption-intelligence/models
2026-10-06 12:54:39,625 - telecom_app.src.data.loader - INFO - Loading data from: /workspaces/telecom-consumption-intelligence/data/processed/train_data.parquet
2026-10-06 12:54:39,651 - telecom_app.src.data.loader - INFO - Loaded 8004 rows from /workspaces/telecom-consumption-intelligence/data/processed/train_data.parquet
2026-10-06 12:54:39,688 - telecom_app.src.models.manager - INFO - Found model: /workspaces/telecom-consumption-intelligence/models/mobile_data_consumption_pipeline.pkl
2026-10-06 12:54:39,688 - telecom_app.src.models.manager - INFO - Loading model from: /workspaces/telecom-consumption-intelligence/models/mobile_data_consumption_pipeline.pkl
2026-10-06 12:54:39,689 - telecom_app.src.models.manager - INFO - _repo_root resolved to: /workspaces/telecom-consumption-intelligence
2026-10-06 12:54:39,691 - telecom_app.src.models.manager - INFO - Pre-imported training.core.custom_transformers
2026-10-06 12:54:39,741 - telecom_app.src.models.manager - INFO - Model loaded. Test RÂ² = 0.9480292742745271
2026-10-06 12:54:39,743 - telecom_app.src.models.explainer - WARNING - SHAP not installed. Install with: pip install shap
2026-10-06 12:54:39,744 - telecom_app.__main__ - INFO - SHAP explainer created: False
2026-10-06 12:54:42,132 - telecom_app.src.models.manager - INFO - Project directory: /workspaces/telecom-consumption-intelligence
2026-10-06 12:54:42,133 - telecom_app.src.models.manager - INFO - Models directory:  /workspaces/telecom-consumption-intelligence/models
2026-10-06 12:54:42,159 - telecom_app.src.models.manager - INFO - Found model: /workspaces/telecom-consumption-intelligence/models/mobile_data_consumption_pipeline.pkl
2026-10-06 12:54:42,159 - telecom_app.src.models.manager - INFO - Loading model from: /workspaces/telecom-consumption-intelligence/models/mobile_data_consumption_pipeline.pkl
2026-10-06 12:54:42,159 - telecom_app.src.models.manager - INFO - _repo_root resolved to: /workspaces/telecom-consumption-intelligence
2026-10-06 12:54:42,159 - telecom_app.src.models.manager - INFO - Pre-imported training.core.custom_transformers
2026-10-06 12:54:42,180 - telecom_app.src.models.manager - INFO - Model loaded. Test RÂ² = 0.9480292742745271
2026-10-06 12:54:42,181 - telecom_app.src.models.explainer - WARNING - SHAP not installed. Install with: pip install shap
2026-10-06 12:54:42,181 - telecom_app.__main__ - INFO - SHAP explainer created: False
2026-10-06 12:54:44,755 - telecom_app.src.models.manager - INFO - Project directory: /workspaces/telecom-consumption-intelligence
2026-10-06 12:54:44,757 - telecom_app.src.models.manager - INFO - Models directory:  /workspaces/telecom-consumption-intelligence/models
2026-10-06 12:54:44,784 - telecom_app.src.models.manager - INFO - Found model: /workspaces/telecom-consumption-intelligence/models/mobile_data_consumption_pipeline.pkl
2026-10-06 12:54:44,785 - telecom_app.src.models.manager - INFO - Loading model from: /workspaces/telecom-consumption-intelligence/models/mobile_data_consumption_pipeline.pkl
2026-10-06 12:54:44,785 - telecom_app.src.models.manager - INFO - _repo_root resolved to: /workspaces/telecom-consumption-intelligence
2026-10-06 12:54:44,785 - telecom_app.src.models.manager - INFO - Pre-imported training.core.custom_transformers
2026-10-06 12:54:44,806 - telecom_app.src.models.manager - INFO - Model loaded. Test RÂ² = 0.9480292742745271
2026-10-06 12:54:44,806 - telecom_app.src.models.explainer - WARNING - SHAP not installed. Install with: pip install shap
2026-10-06 12:54:44,807 - telecom_app.__main__ - INFO - SHAP explainer created: False
2026-10-06 12:54:44,819 - telecom_app.src.models.manager - INFO - Project directory: /workspaces/telecom-consumption-intelligence
2026-10-06 12:54:44,821 - telecom_app.src.models.manager - INFO - Models directory:  /workspaces/telecom-consumption-intelligence/models
2026-10-06 13:01:37,312 - telecom_app.src.models.manager - INFO - Project directory: /workspaces/telecom-consumption-intelligence
2026-10-06 13:01:37,313 - telecom_app.src.models.manager - INFO - Models directory:  /workspaces/telecom-consumption-intelligence/models
2026-10-06 13:01:37,321 - telecom_app.src.models.manager - INFO - Project directory: /workspaces/telecom-consumption-intelligence
2026-10-06 13:01:37,321 - telecom_app.src.models.manager - INFO - Models directory:  /workspaces/telecom-consumption-intelligence/models
2026-10-06 13:01:37,452 - telecom_app.src.data.loader - INFO - Loading data from: /workspaces/telecom-consumption-intelligence/data/processed/train_data.parquet
2026-10-06 13:01:37,515 - telecom_app.src.data.loader - INFO - Loaded 8004 rows from /workspaces/telecom-consumption-intelligence/data/processed/train_data.parquet
2026-10-06 13:01:37,679 - telecom_app.src.models.manager - INFO - Found model: /workspaces/telecom-consumption-intelligence/models/mobile_data_consumption_pipeline.pkl
2026-10-06 13:01:37,686 - telecom_app.src.models.manager - INFO - Loading model from: /workspaces/telecom-consumption-intelligence/models/mobile_data_consumption_pipeline.pkl
2026-10-06 13:01:37,686 - telecom_app.src.models.manager - INFO - _repo_root resolved to: /workspaces/telecom-consumption-intelligence
2026-10-06 13:01:37,690 - telecom_app.src.models.manager - INFO - Pre-imported training.core.custom_transformers
2026-10-06 13:01:37,797 - telecom_app.src.models.manager - INFO - Model loaded. Test RÂ² = 0.9480292742745271
2026-10-06 13:01:37,800 - telecom_app.src.models.explainer - WARNING - SHAP not installed. Install with: pip install shap
2026-10-06 13:01:37,804 - telecom_app.__main__ - INFO - SHAP explainer created: False
2026-10-06 13:01:38,640 - telecom_app.src.models.manager - INFO - Found model: /workspaces/telecom-consumption-intelligence/models/mobile_data_consumption_pipeline.pkl
2026-10-06 13:01:38,640 - telecom_app.src.models.manager - INFO - Loading model from: /workspaces/telecom-consumption-intelligence/models/mobile_data_consumption_pipeline.pkl
2026-10-06 13:01:38,640 - telecom_app.src.models.manager - INFO - _repo_root resolved to: /workspaces/telecom-consumption-intelligence
2026-10-06 13:01:38,641 - telecom_app.src.models.manager - INFO - Pre-imported training.core.custom_transformers
2026-10-06 13:01:38,689 - telecom_app.src.models.manager - INFO - Model loaded. Test RÂ² = 0.9480292742745271
2026-10-06 13:01:38,692 - telecom_app.src.models.explainer - WARNING - SHAP not installed. Install with: pip install shap
2026-10-06 13:01:38,694 - telecom_app.__main__ - INFO - SHAP explainer created: False
2026-10-06 13:01:40,265 - telecom_app.src.models.manager - INFO - Project directory: /workspaces/telecom-consumption-intelligence
2026-10-06 13:01:40,266 - telecom_app.src.models.manager - INFO - Models directory:  /workspaces/telecom-consumption-intelligence/models
2026-10-06 13:01:40,298 - telecom_app.src.models.manager - INFO - Found model: /workspaces/telecom-consumption-intelligence/models/mobile_data_consumption_pipeline.pkl
2026-10-06 13:01:40,298 - telecom_app.src.models.manager - INFO - Loading model from: /workspaces/telecom-consumption-intelligence/models/mobile_data_consumption_pipeline.pkl
2026-10-06 13:01:40,299 - telecom_app.src.models.manager - INFO - _repo_root resolved to: /workspaces/telecom-consumption-intelligence
2026-10-06 13:01:40,299 - telecom_app.src.models.manager - INFO - Pre-imported training.core.custom_transformers
2026-10-06 13:01:40,327 - telecom_app.src.models.manager - INFO - Model loaded. Test RÂ² = 0.9480292742745271
2026-10-06 13:01:40,328 - telecom_app.src.models.explainer - WARNING - SHAP not installed. Install with: pip install shap
2026-10-06 13:01:40,329 - telecom_app.__main__ - INFO - SHAP explainer created: False
2026-10-06 13:01:42,085 - telecom_app.src.models.manager - INFO - Project directory: /workspaces/telecom-consumption-intelligence
2026-10-06 13:01:42,085 - telecom_app.src.models.manager - INFO - Models directory:  /workspaces/telecom-consumption-intelligence/models
2026-10-06 13:01:42,113 - telecom_app.src.models.manager - INFO - Found model: /workspaces/telecom-consumption-intelligence/models/mobile_data_consumption_pipeline.pkl
2026-10-06 13:01:42,113 - telecom_app.src.models.manager - INFO - Loading model from: /workspaces/telecom-consumption-intelligence/models/mobile_data_consumption_pipeline.pkl
2026-10-06 13:01:42,114 - telecom_app.src.models.manager - INFO - _repo_root resolved to: /workspaces/telecom-consumption-intelligence
2026-10-06 13:01:42,114 - telecom_app.src.models.manager - INFO - Pre-imported training.core.custom_transformers
2026-10-06 13:01:42,138 - telecom_app.src.models.manager - INFO - Model loaded. Test RÂ² = 0.9480292742745271
2026-10-06 13:01:42,138 - telecom_app.src.models.explainer - WARNING - SHAP not installed. Install with: pip install shap
2026-10-06 13:01:42,138 - telecom_app.__main__ - INFO - SHAP explainer created: False
2026-10-06 13:01:42,154 - telecom_app.src.models.manager - INFO - Project directory: /workspaces/telecom-consumption-intelligence
2026-10-06 13:01:42,156 - telecom_app.src.models.manager - INFO - Models directory:  /workspaces/telecom-consumption-intelligence/models
2026-10-06 13:10:04,780 - telecom_app.src.models.manager - INFO - Project directory: /workspaces/telecom-consumption-intelligence
2026-10-06 13:10:04,814 - telecom_app.src.models.manager - INFO - Models directory:  /workspaces/telecom-consumption-intelligence/models
2026-10-06 13:10:05,056 - telecom_app.src.data.loader - INFO - Loading data from: /workspaces/telecom-consumption-intelligence/data/processed/train_data.parquet
2026-10-06 13:10:05,130 - telecom_app.src.data.loader - INFO - Loaded 8004 rows from /workspaces/telecom-consumption-intelligence/data/processed/train_data.parquet
2026-10-06 13:10:05,174 - telecom_app.src.models.manager - INFO - Found model: /workspaces/telecom-consumption-intelligence/models/mobile_data_consumption_pipeline.pkl
2026-10-06 13:10:05,175 - telecom_app.src.models.manager - INFO - Loading model from: /workspaces/telecom-consumption-intelligence/models/mobile_data_consumption_pipeline.pkl
2026-10-06 13:10:05,175 - telecom_app.src.models.manager - INFO - _repo_root resolved to: /workspaces/telecom-consumption-intelligence
2026-10-06 13:10:05,176 - telecom_app.src.models.manager - INFO - Pre-imported training.core.custom_transformers
2026-10-06 13:10:05,199 - telecom_app.src.models.manager - INFO - Model loaded. Test RÂ² = 0.9480292742745271
2026-10-06 13:10:05,199 - telecom_app.src.models.explainer - WARNING - SHAP not installed. Install with: pip install shap
2026-10-06 13:10:05,200 - telecom_app.__main__ - INFO - SHAP explainer created: False
2026-10-06 13:10:08,229 - telecom_app.src.models.manager - INFO - Project directory: /workspaces/telecom-consumption-intelligence
2026-10-06 13:10:08,230 - telecom_app.src.models.manager - INFO - Models directory:  /workspaces/telecom-consumption-intelligence/models
2026-10-06 13:10:08,258 - telecom_app.src.models.manager - INFO - Found model: /workspaces/telecom-consumption-intelligence/models/mobile_data_consumption_pipeline.pkl
2026-10-06 13:10:08,259 - telecom_app.src.models.manager - INFO - Loading model from: /workspaces/telecom-consumption-intelligence/models/mobile_data_consumption_pipeline.pkl
2026-10-06 13:10:08,259 - telecom_app.src.models.manager - INFO - _repo_root resolved to: /workspaces/telecom-consumption-intelligence
2026-10-06 13:10:08,259 - telecom_app.src.models.manager - INFO - Pre-imported training.core.custom_transformers
2026-10-06 13:10:08,280 - telecom_app.src.models.manager - INFO - Model loaded. Test RÂ² = 0.9480292742745271
2026-10-06 13:10:08,281 - telecom_app.src.models.explainer - WARNING - SHAP not installed. Install with: pip install shap
2026-10-06 13:10:08,281 - telecom_app.__main__ - INFO - SHAP explainer created: False
2026-10-06 13:10:10,418 - telecom_app.src.models.manager - INFO - Project directory: /workspaces/telecom-consumption-intelligence
2026-10-06 13:10:10,421 - telecom_app.src.models.manager - INFO - Models directory:  /workspaces/telecom-consumption-intelligence/models
2026-10-06 13:10:10,448 - telecom_app.src.models.manager - INFO - Found model: /workspaces/telecom-consumption-intelligence/models/mobile_data_consumption_pipeline.pkl
2026-10-06 13:10:10,448 - telecom_app.src.models.manager - INFO - Loading model from: /workspaces/telecom-consumption-intelligence/models/mobile_data_consumption_pipeline.pkl
2026-10-06 13:10:10,448 - telecom_app.src.models.manager - INFO - _repo_root resolved to: /workspaces/telecom-consumption-intelligence
2026-10-06 13:10:10,449 - telecom_app.src.models.manager - INFO - Pre-imported training.core.custom_transformers
2026-10-06 13:10:10,469 - telecom_app.src.models.manager - INFO - Model loaded. Test RÂ² = 0.9480292742745271
2026-10-06 13:10:10,470 - telecom_app.src.models.explainer - WARNING - SHAP not installed. Install with: pip install shap
2026-10-06 13:10:10,470 - telecom_app.__main__ - INFO - SHAP explainer created: False
2026-10-06 13:10:10,484 - telecom_app.src.models.manager - INFO - Project directory: /workspaces/telecom-consumption-intelligence
2026-10-06 13:10:10,487 - telecom_app.src.models.manager - INFO - Models directory:  /workspaces/telecom-consumption-intelligence/models
2026-10-06 13:10:20,508 - telecom_app.src.models.manager - INFO - Project directory: /workspaces/telecom-consumption-intelligence
2026-10-06 13:10:20,511 - telecom_app.src.models.manager - INFO - Models directory:  /workspaces/telecom-consumption-intelligence/models
2026-10-06 13:10:20,542 - telecom_app.src.models.manager - INFO - Found model: /workspaces/telecom-consumption-intelligence/models/mobile_data_consumption_pipeline.pkl
2026-10-06 13:10:20,543 - telecom_app.src.models.manager - INFO - Loading model from: /workspaces/telecom-consumption-intelligence/models/mobile_data_consumption_pipeline.pkl
2026-10-06 13:10:20,543 - telecom_app.src.models.manager - INFO - _repo_root resolved to: /workspaces/telecom-consumption-intelligence
2026-10-06 13:10:20,544 - telecom_app.src.models.manager - INFO - Pre-imported training.core.custom_transformers
2026-10-06 13:10:20,565 - telecom_app.src.models.manager - INFO - Model loaded. Test RÂ² = 0.9480292742745271
2026-10-06 13:10:20,565 - telecom_app.src.models.explainer - WARNING - SHAP not installed. Install with: pip install shap
2026-10-06 13:10:20,566 - telecom_app.__main__ - INFO - SHAP explainer created: False
2026-10-06 13:10:20,579 - telecom_app.src.models.manager - INFO - Project directory: /workspaces/telecom-consumption-intelligence
2026-10-06 13:10:20,580 - telecom_app.src.models.manager - INFO - Models directory:  /workspaces/telecom-consumption-intelligence/models
2026-10-06 13:12:42,778 - telecom_app.src.models.manager - INFO - Project directory: /workspaces/telecom-consumption-intelligence
2026-10-06 13:12:42,790 - telecom_app.src.models.manager - INFO - Models directory:  /workspaces/telecom-consumption-intelligence/models
2026-10-06 13:12:43,021 - telecom_app.src.data.loader - INFO - Loading data from: /workspaces/telecom-consumption-intelligence/data/processed/train_data.parquet
2026-10-06 13:12:43,087 - telecom_app.src.data.loader - INFO - Loaded 8004 rows from /workspaces/telecom-consumption-intelligence/data/processed/train_data.parquet
2026-10-06 13:12:43,128 - telecom_app.src.models.manager - INFO - Found model: /workspaces/telecom-consumption-intelligence/models/mobile_data_consumption_pipeline.pkl
2026-10-06 13:12:43,129 - telecom_app.src.models.manager - INFO - Loading model from: /workspaces/telecom-consumption-intelligence/models/mobile_data_consumption_pipeline.pkl
2026-10-06 13:12:43,129 - telecom_app.src.models.manager - INFO - _repo_root resolved to: /workspaces/telecom-consumption-intelligence
2026-10-06 13:12:43,135 - telecom_app.src.models.manager - INFO - Pre-imported training.core.custom_transformers
2026-10-06 13:12:43,161 - telecom_app.src.models.manager - INFO - Model loaded. Test RÂ² = 0.9480292742745271
2026-10-06 13:12:47,989 - telecom_app.src.data.processor - INFO - Prepared features: 8004 rows, 10 features
2026-10-06 13:12:47,993 - telecom_app.src.models.explainer - ERROR - Error creating SHAP explainer: Model type not yet supported by TreeExplainer: <class 'sklearn.pipeline.Pipeline'>
2026-10-06 13:12:47,995 - telecom_app.__main__ - INFO - SHAP explainer created: False
2026-10-06 13:12:53,737 - telecom_app.src.models.manager - INFO - Project directory: /workspaces/telecom-consumption-intelligence
2026-10-06 13:12:53,737 - telecom_app.src.models.manager - INFO - Models directory:  /workspaces/telecom-consumption-intelligence/models
2026-10-06 13:12:53,766 - telecom_app.src.models.manager - INFO - Found model: /workspaces/telecom-consumption-intelligence/models/mobile_data_consumption_pipeline.pkl
2026-10-06 13:12:53,766 - telecom_app.src.models.manager - INFO - Loading model from: /workspaces/telecom-consumption-intelligence/models/mobile_data_consumption_pipeline.pkl
2026-10-06 13:12:53,766 - telecom_app.src.models.manager - INFO - _repo_root resolved to: /workspaces/telecom-consumption-intelligence
2026-10-06 13:12:53,766 - telecom_app.src.models.manager - INFO - Pre-imported training.core.custom_transformers
2026-10-06 13:12:53,795 - telecom_app.src.models.manager - INFO - Model loaded. Test RÂ² = 0.9480292742745271
2026-10-06 13:12:53,839 - telecom_app.src.data.processor - INFO - Prepared features: 8004 rows, 10 features
2026-10-06 13:12:53,842 - telecom_app.src.models.explainer - ERROR - Error creating SHAP explainer: Model type not yet supported by TreeExplainer: <class 'sklearn.pipeline.Pipeline'>
2026-10-06 13:12:53,842 - telecom_app.__main__ - INFO - SHAP explainer created: False
2026-10-06 13:12:56,161 - telecom_app.src.models.manager - INFO - Project directory: /workspaces/telecom-consumption-intelligence
2026-10-06 13:12:56,162 - telecom_app.src.models.manager - INFO - Models directory:  /workspaces/telecom-consumption-intelligence/models
2026-10-06 13:12:56,192 - telecom_app.src.models.manager - INFO - Found model: /workspaces/telecom-consumption-intelligence/models/mobile_data_consumption_pipeline.pkl
2026-10-06 13:12:56,193 - telecom_app.src.models.manager - INFO - Loading model from: /workspaces/telecom-consumption-intelligence/models/mobile_data_consumption_pipeline.pkl
2026-10-06 13:12:56,194 - telecom_app.src.models.manager - INFO - _repo_root resolved to: /workspaces/telecom-consumption-intelligence
2026-10-06 13:12:56,194 - telecom_app.src.models.manager - INFO - Pre-imported training.core.custom_transformers
2026-10-06 13:12:56,222 - telecom_app.src.models.manager - INFO - Model loaded. Test RÂ² = 0.9480292742745271
2026-10-06 13:12:56,250 - telecom_app.src.data.processor - INFO - Prepared features: 8004 rows, 10 features
2026-10-06 13:12:56,252 - telecom_app.src.models.explainer - ERROR - Error creating SHAP explainer: Model type not yet supported by TreeExplainer: <class 'sklearn.pipeline.Pipeline'>
2026-10-06 13:12:56,253 - telecom_app.__main__ - INFO - SHAP explainer created: False
2026-10-06 13:12:56,269 - telecom_app.src.models.manager - INFO - Project directory: /workspaces/telecom-consumption-intelligence
2026-10-06 13:12:56,271 - telecom_app.src.models.manager - INFO - Models directory:  /workspaces/telecom-consumption-intelligence/models
2026-10-06 13:13:12,952 - telecom_app.src.models.manager - INFO - Project directory: /workspaces/telecom-consumption-intelligence
2026-10-06 13:13:12,952 - telecom_app.src.models.manager - INFO - Models directory:  /workspaces/telecom-consumption-intelligence/models
2026-10-06 13:13:12,979 - telecom_app.src.models.manager - INFO - Found model: /workspaces/telecom-consumption-intelligence/models/mobile_data_consumption_pipeline.pkl
2026-10-06 13:13:12,979 - telecom_app.src.models.manager - INFO - Loading model from: /workspaces/telecom-consumption-intelligence/models/mobile_data_consumption_pipeline.pkl
2026-10-06 13:13:12,980 - telecom_app.src.models.manager - INFO - _repo_root resolved to: /workspaces/telecom-consumption-intelligence
2026-10-06 13:13:12,980 - telecom_app.src.models.manager - INFO - Pre-imported training.core.custom_transformers
2026-10-06 13:13:13,008 - telecom_app.src.models.manager - INFO - Model loaded. Test RÂ² = 0.9480292742745271
2026-10-06 13:13:13,056 - telecom_app.src.data.processor - INFO - Prepared features: 8004 rows, 10 features
2026-10-06 13:13:13,060 - telecom_app.src.models.explainer - ERROR - Error creating SHAP explainer: Model type not yet supported by TreeExplainer: <class 'sklearn.pipeline.Pipeline'>
2026-10-06 13:13:13,061 - telecom_app.__main__ - INFO - SHAP explainer created: False
2026-10-06 13:13:14,418 - telecom_app.src.models.manager - INFO - Project directory: /workspaces/telecom-consumption-intelligence
2026-10-06 13:13:14,418 - telecom_app.src.models.manager - INFO - Models directory:  /workspaces/telecom-consumption-intelligence/models
2026-10-06 13:13:14,444 - telecom_app.src.models.manager - INFO - Found model: /workspaces/telecom-consumption-intelligence/models/mobile_data_consumption_pipeline.pkl
2026-10-06 13:13:14,445 - telecom_app.src.models.manager - INFO - Loading model from: /workspaces/telecom-consumption-intelligence/models/mobile_data_consumption_pipeline.pkl
2026-10-06 13:13:14,445 - telecom_app.src.models.manager - INFO - _repo_root resolved to: /workspaces/telecom-consumption-intelligence
2026-10-06 13:13:14,446 - telecom_app.src.models.manager - INFO - Pre-imported training.core.custom_transformers
2026-10-06 13:13:14,466 - telecom_app.src.models.manager - INFO - Model loaded. Test RÂ² = 0.9480292742745271
2026-10-06 13:13:14,490 - telecom_app.src.data.processor - INFO - Prepared features: 8004 rows, 10 features
2026-10-06 13:13:14,493 - telecom_app.src.models.explainer - ERROR - Error creating SHAP explainer: Model type not yet supported by TreeExplainer: <class 'sklearn.pipeline.Pipeline'>
2026-10-06 13:13:14,493 - telecom_app.__main__ - INFO - SHAP explainer created: False
2026-10-06 13:13:14,514 - telecom_app.src.models.manager - INFO - Project directory: /workspaces/telecom-consumption-intelligence
2026-10-06 13:13:14,514 - telecom_app.src.models.manager - INFO - Models directory:  /workspaces/telecom-consumption-intelligence/models
2026-10-06 13:13:25,744 - telecom_app.src.models.manager - INFO - Project directory: /workspaces/telecom-consumption-intelligence
2026-10-06 13:13:25,745 - telecom_app.src.models.manager - INFO - Models directory:  /workspaces/telecom-consumption-intelligence/models
2026-10-06 13:13:25,772 - telecom_app.src.models.manager - INFO - Found model: /workspaces/telecom-consumption-intelligence/models/mobile_data_consumption_pipeline.pkl
2026-10-06 13:13:25,772 - telecom_app.src.models.manager - INFO - Loading model from: /workspaces/telecom-consumption-intelligence/models/mobile_data_consumption_pipeline.pkl
2026-10-06 13:13:25,772 - telecom_app.src.models.manager - INFO - _repo_root resolved to: /workspaces/telecom-consumption-intelligence
2026-10-06 13:13:25,773 - telecom_app.src.models.manager - INFO - Pre-imported training.core.custom_transformers
2026-10-06 13:13:25,793 - telecom_app.src.models.manager - INFO - Model loaded. Test RÂ² = 0.9480292742745271
2026-10-06 13:13:25,832 - telecom_app.src.data.processor - INFO - Prepared features: 8004 rows, 10 features
2026-10-06 13:13:25,835 - telecom_app.src.models.explainer - ERROR - Error creating SHAP explainer: Model type not yet supported by TreeExplainer: <class 'sklearn.pipeline.Pipeline'>
2026-10-06 13:13:25,835 - telecom_app.__main__ - INFO - SHAP explainer created: False
2026-10-06 13:13:25,848 - telecom_app.src.models.manager - INFO - Project directory: /workspaces/telecom-consumption-intelligence
2026-10-06 13:13:25,849 - telecom_app.src.models.manager - INFO - Models directory:  /workspaces/telecom-consumption-intelligence/models
2026-10-06 13:13:25,855 - telecom_app.src.models.manager - INFO - Starting ad-hoc training...
2026-10-06 13:13:25,882 - telecom_app.src.data.processor - INFO - Prepared features: 8004 rows, 10 features
2026-10-06 13:13:27,340 - telecom_app.src.models.manager - INFO - Model saved to: /workspaces/telecom-consumption-intelligence/models/mobile_data_consumption_pipeline.pkl
2026-10-06 13:13:27,341 - telecom_app.src.models.manager - INFO - Model trained with RÂ²: 0.7084
2026-10-06 13:13:27,448 - telecom_app.src.models.manager - INFO - Project directory: /workspaces/telecom-consumption-intelligence
2026-10-06 13:13:27,449 - telecom_app.src.models.manager - INFO - Models directory:  /workspaces/telecom-consumption-intelligence/models
2026-10-06 13:13:27,474 - telecom_app.src.models.manager - INFO - Found model: /workspaces/telecom-consumption-intelligence/models/mobile_data_consumption_pipeline.pkl
2026-10-06 13:13:27,475 - telecom_app.src.models.manager - INFO - Loading model from: /workspaces/telecom-consumption-intelligence/models/mobile_data_consumption_pipeline.pkl
2026-10-06 13:13:27,475 - telecom_app.src.models.manager - INFO - _repo_root resolved to: /workspaces/telecom-consumption-intelligence
2026-10-06 13:13:27,475 - telecom_app.src.models.manager - INFO - Pre-imported training.core.custom_transformers
2026-10-06 13:13:27,491 - telecom_app.src.models.manager - INFO - Model loaded. Test RÂ² = 0.7083600637268973
2026-10-06 13:13:27,521 - telecom_app.src.data.processor - INFO - Prepared features: 8004 rows, 10 features
2026-10-06 13:13:27,530 - telecom_app.src.models.explainer - INFO - SHAP explainer created successfully
2026-10-06 13:13:27,532 - telecom_app.__main__ - INFO - SHAP explainer created: True
2026-10-06 13:14:22,149 - telecom_app.src.models.manager - INFO - Project directory: /workspaces/telecom-consumption-intelligence
2026-10-06 13:14:22,151 - telecom_app.src.models.manager - INFO - Models directory:  /workspaces/telecom-consumption-intelligence/models
2026-10-06 13:14:22,181 - telecom_app.src.models.manager - INFO - Found model: /workspaces/telecom-consumption-intelligence/models/mobile_data_consumption_pipeline.pkl
2026-10-06 13:14:22,181 - telecom_app.src.models.manager - INFO - Loading model from: /workspaces/telecom-consumption-intelligence/models/mobile_data_consumption_pipeline.pkl
2026-10-06 13:14:22,181 - telecom_app.src.models.manager - INFO - _repo_root resolved to: /workspaces/telecom-consumption-intelligence
2026-10-06 13:14:22,182 - telecom_app.src.models.manager - INFO - Pre-imported training.core.custom_transformers
2026-10-06 13:14:22,197 - telecom_app.src.models.manager - INFO - Model loaded. Test RÂ² = 0.7083600637268973
2026-10-06 13:14:22,234 - telecom_app.src.data.processor - INFO - Prepared features: 8004 rows, 10 features
2026-10-06 13:14:22,241 - telecom_app.src.models.explainer - INFO - SHAP explainer created successfully
2026-10-06 13:14:22,242 - telecom_app.__main__ - INFO - SHAP explainer created: True
2026-10-06 13:14:27,397 - telecom_app.src.models.manager - INFO - Project directory: /workspaces/telecom-consumption-intelligence
2026-10-06 13:14:27,397 - telecom_app.src.models.manager - INFO - Models directory:  /workspaces/telecom-consumption-intelligence/models
2026-10-06 13:14:27,432 - telecom_app.src.models.manager - INFO - Found model: /workspaces/telecom-consumption-intelligence/models/mobile_data_consumption_pipeline.pkl
2026-10-06 13:14:27,432 - telecom_app.src.models.manager - INFO - Loading model from: /workspaces/telecom-consumption-intelligence/models/mobile_data_consumption_pipeline.pkl
2026-10-06 13:14:27,433 - telecom_app.src.models.manager - INFO - _repo_root resolved to: /workspaces/telecom-consumption-intelligence
2026-10-06 13:14:27,433 - telecom_app.src.models.manager - INFO - Pre-imported training.core.custom_transformers
2026-10-06 13:14:27,449 - telecom_app.src.models.manager - INFO - Model loaded. Test RÂ² = 0.7083600637268973
2026-10-06 13:14:27,474 - telecom_app.src.data.processor - INFO - Prepared features: 8004 rows, 10 features
2026-10-06 13:14:27,483 - telecom_app.src.models.explainer - INFO - SHAP explainer created successfully
2026-10-06 13:14:27,483 - telecom_app.__main__ - INFO - SHAP explainer created: True
2026-10-06 13:14:27,500 - telecom_app.src.data.loader - INFO - Loaded 5000 rows from uploaded file: scenario6_unlimited_plan_pattern_shift.parquet
2026-10-06 13:14:36,329 - telecom_app.src.models.manager - INFO - Project directory: /workspaces/telecom-consumption-intelligence
2026-10-06 13:14:36,329 - telecom_app.src.models.manager - INFO - Models directory:  /workspaces/telecom-consumption-intelligence/models
2026-10-06 13:14:36,357 - telecom_app.src.models.manager - INFO - Found model: /workspaces/telecom-consumption-intelligence/models/mobile_data_consumption_pipeline.pkl
2026-10-06 13:14:36,357 - telecom_app.src.models.manager - INFO - Loading model from: /workspaces/telecom-consumption-intelligence/models/mobile_data_consumption_pipeline.pkl
2026-10-06 13:14:36,357 - telecom_app.src.models.manager - INFO - _repo_root resolved to: /workspaces/telecom-consumption-intelligence
2026-10-06 13:14:36,357 - telecom_app.src.models.manager - INFO - Pre-imported training.core.custom_transformers
2026-10-06 13:14:36,375 - telecom_app.src.models.manager - INFO - Model loaded. Test RÂ² = 0.7083600637268973
2026-10-06 13:14:36,399 - telecom_app.src.data.processor - INFO - Prepared features: 8004 rows, 10 features
2026-10-06 13:14:36,410 - telecom_app.src.models.explainer - INFO - SHAP explainer created successfully
2026-10-06 13:14:36,410 - telecom_app.__main__ - INFO - SHAP explainer created: True
2026-10-06 13:14:36,455 - telecom_app.src.data.processor - INFO - Prepared features: 5000 rows, 10 features
2026-10-06 13:14:36,575 - telecom_app.src.models.manager - INFO - Project directory: /workspaces/telecom-consumption-intelligence
2026-10-06 13:14:36,576 - telecom_app.src.models.manager - INFO - Models directory:  /workspaces/telecom-consumption-intelligence/models
2026-10-06 13:14:36,599 - telecom_app.src.models.manager - INFO - Found model: /workspaces/telecom-consumption-intelligence/models/mobile_data_consumption_pipeline.pkl
2026-10-06 13:14:36,599 - telecom_app.src.models.manager - INFO - Loading model from: /workspaces/telecom-consumption-intelligence/models/mobile_data_consumption_pipeline.pkl
2026-10-06 13:14:36,599 - telecom_app.src.models.manager - INFO - _repo_root resolved to: /workspaces/telecom-consumption-intelligence
2026-10-06 13:14:36,601 - telecom_app.src.models.manager - INFO - Pre-imported training.core.custom_transformers
2026-10-06 13:14:36,624 - telecom_app.src.models.manager - INFO - Model loaded. Test RÂ² = 0.7083600637268973
2026-10-06 13:14:36,627 - telecom_app.src.data.processor - INFO - Prepared features: 5000 rows, 10 features
2026-10-06 13:14:36,633 - telecom_app.src.models.explainer - INFO - SHAP explainer created successfully
2026-10-06 13:14:36,633 - telecom_app.__main__ - INFO - SHAP explainer created: True
2026-10-06 13:14:46,833 - telecom_app.src.models.manager - INFO - Project directory: /workspaces/telecom-consumption-intelligence
2026-10-06 13:14:46,834 - telecom_app.src.models.manager - INFO - Models directory:  /workspaces/telecom-consumption-intelligence/models
2026-10-06 13:14:46,851 - telecom_app.src.models.manager - INFO - Found model: /workspaces/telecom-consumption-intelligence/models/mobile_data_consumption_pipeline.pkl
2026-10-06 13:14:46,851 - telecom_app.src.models.manager - INFO - Loading model from: /workspaces/telecom-consumption-intelligence/models/mobile_data_consumption_pipeline.pkl
2026-10-06 13:14:46,852 - telecom_app.src.models.manager - INFO - _repo_root resolved to: /workspaces/telecom-consumption-intelligence
2026-10-06 13:14:46,852 - telecom_app.src.models.manager - INFO - Pre-imported training.core.custom_transformers
2026-10-06 13:14:46,868 - telecom_app.src.models.manager - INFO - Model loaded. Test RÂ² = 0.7083600637268973
2026-10-06 13:14:46,871 - telecom_app.src.data.processor - INFO - Prepared features: 5000 rows, 10 features
2026-10-06 13:14:46,879 - telecom_app.src.models.explainer - INFO - SHAP explainer created successfully
2026-10-06 13:14:46,879 - telecom_app.__main__ - INFO - SHAP explainer created: True
2026-10-06 13:14:50,634 - telecom_app.src.models.manager - INFO - Project directory: /workspaces/telecom-consumption-intelligence
2026-10-06 13:14:50,636 - telecom_app.src.models.manager - INFO - Models directory:  /workspaces/telecom-consumption-intelligence/models
2026-10-06 13:14:50,651 - telecom_app.src.models.manager - INFO - Found model: /workspaces/telecom-consumption-intelligence/models/mobile_data_consumption_pipeline.pkl
2026-10-06 13:14:50,651 - telecom_app.src.models.manager - INFO - Loading model from: /workspaces/telecom-consumption-intelligence/models/mobile_data_consumption_pipeline.pkl
2026-10-06 13:14:50,651 - telecom_app.src.models.manager - INFO - _repo_root resolved to: /workspaces/telecom-consumption-intelligence
2026-10-06 13:14:50,651 - telecom_app.src.models.manager - INFO - Pre-imported training.core.custom_transformers
2026-10-06 13:14:50,671 - telecom_app.src.models.manager - INFO - Model loaded. Test RÂ² = 0.7083600637268973
2026-10-06 13:14:50,676 - telecom_app.src.data.processor - INFO - Prepared features: 5000 rows, 10 features
2026-10-06 13:14:50,686 - telecom_app.src.models.explainer - INFO - SHAP explainer created successfully
2026-10-06 13:14:50,687 - telecom_app.__main__ - INFO - SHAP explainer created: True
2026-10-06 13:14:51,394 - telecom_app.src.models.manager - INFO - Project directory: /workspaces/telecom-consumption-intelligence
2026-10-06 13:14:51,395 - telecom_app.src.models.manager - INFO - Models directory:  /workspaces/telecom-consumption-intelligence/models
2026-10-06 13:14:51,412 - telecom_app.src.models.manager - INFO - Found model: /workspaces/telecom-consumption-intelligence/models/mobile_data_consumption_pipeline.pkl
2026-10-06 13:14:51,412 - telecom_app.src.models.manager - INFO - Loading model from: /workspaces/telecom-consumption-intelligence/models/mobile_data_consumption_pipeline.pkl
2026-10-06 13:14:51,413 - telecom_app.src.models.manager - INFO - _repo_root resolved to: /workspaces/telecom-consumption-intelligence
2026-10-06 13:14:51,413 - telecom_app.src.models.manager - INFO - Pre-imported training.core.custom_transformers
2026-10-06 13:14:51,432 - telecom_app.src.models.manager - INFO - Model loaded. Test RÂ² = 0.7083600637268973
2026-10-06 13:14:51,437 - telecom_app.src.data.processor - INFO - Prepared features: 5000 rows, 10 features
2026-10-06 13:14:51,449 - telecom_app.src.models.explainer - INFO - SHAP explainer created successfully
2026-10-06 13:14:51,450 - telecom_app.__main__ - INFO - SHAP explainer created: True
2026-10-06 13:14:51,494 - telecom_app.src.models.manager - INFO - Project directory: /workspaces/telecom-consumption-intelligence
2026-10-06 13:14:51,495 - telecom_app.src.models.manager - INFO - Models directory:  /workspaces/telecom-consumption-intelligence/models
2026-10-06 13:21:32,939 - telecom_app.src.models.manager - INFO - Project directory: /workspaces/telecom-consumption-intelligence
2026-10-06 13:21:32,940 - telecom_app.src.models.manager - INFO - Models directory:  /workspaces/telecom-consumption-intelligence/models
2026-10-06 13:21:33,180 - telecom_app.src.data.loader - INFO - Loading data from: /workspaces/telecom-consumption-intelligence/data/processed/train_data.parquet
2026-10-06 13:21:33,255 - telecom_app.src.data.loader - INFO - Loaded 8004 rows from /workspaces/telecom-consumption-intelligence/data/processed/train_data.parquet
2026-10-06 13:21:33,285 - telecom_app.src.models.manager - INFO - Found model: /workspaces/telecom-consumption-intelligence/models/mobile_data_consumption_pipeline.pkl
2026-10-06 13:21:33,286 - telecom_app.src.models.manager - INFO - Loading model from: /workspaces/telecom-consumption-intelligence/models/mobile_data_consumption_pipeline.pkl
2026-10-06 13:21:33,286 - telecom_app.src.models.manager - INFO - _repo_root resolved to: /workspaces/telecom-consumption-intelligence
2026-10-06 13:21:33,289 - telecom_app.src.models.manager - INFO - Pre-imported training.core.custom_transformers
2026-10-06 13:21:33,306 - telecom_app.src.models.manager - INFO - Model loaded. Test RÂ² = 0.7083600637268973
2026-10-06 13:21:34,480 - telecom_app.src.data.processor - INFO - Prepared features: 8004 rows, 10 features
2026-10-06 13:21:34,489 - telecom_app.src.models.explainer - INFO - SHAP explainer created successfully
2026-10-06 13:21:34,490 - telecom_app.__main__ - INFO - SHAP explainer created: True
2026-10-06 13:21:34,712 - telecom_app.src.models.manager - INFO - Project directory: /workspaces/telecom-consumption-intelligence
2026-10-06 13:21:34,717 - telecom_app.src.models.manager - INFO - Models directory:  /workspaces/telecom-consumption-intelligence/models
2026-10-06 13:21:34,917 - telecom_app.src.models.manager - INFO - Found model: /workspaces/telecom-consumption-intelligence/models/mobile_data_consumption_pipeline.pkl
2026-10-06 13:21:34,917 - telecom_app.src.models.manager - INFO - Loading model from: /workspaces/telecom-consumption-intelligence/models/mobile_data_consumption_pipeline.pkl
2026-10-06 13:21:34,918 - telecom_app.src.models.manager - INFO - _repo_root resolved to: /workspaces/telecom-consumption-intelligence
2026-10-06 13:21:34,918 - telecom_app.src.models.manager - INFO - Pre-imported training.core.custom_transformers
2026-10-06 13:21:34,941 - telecom_app.src.models.manager - INFO - Model loaded. Test RÂ² = 0.7083600637268973
2026-10-06 13:21:34,978 - telecom_app.src.data.processor - INFO - Prepared features: 8004 rows, 10 features
2026-10-06 13:21:34,995 - telecom_app.src.models.explainer - INFO - SHAP explainer created successfully
2026-10-06 13:21:34,995 - telecom_app.__main__ - INFO - SHAP explainer created: True
2026-10-06 13:22:11,154 - telecom_app.src.models.manager - INFO - Project directory: /workspaces/telecom-consumption-intelligence
2026-10-06 13:22:11,155 - telecom_app.src.models.manager - INFO - Models directory:  /workspaces/telecom-consumption-intelligence/models
2026-10-06 13:22:11,184 - telecom_app.src.models.manager - INFO - Found model: /workspaces/telecom-consumption-intelligence/models/mobile_data_consumption_pipeline.pkl
2026-10-06 13:22:11,184 - telecom_app.src.models.manager - INFO - Loading model from: /workspaces/telecom-consumption-intelligence/models/mobile_data_consumption_pipeline.pkl
2026-10-06 13:22:11,184 - telecom_app.src.models.manager - INFO - _repo_root resolved to: /workspaces/telecom-consumption-intelligence
2026-10-06 13:22:11,185 - telecom_app.src.models.manager - INFO - Pre-imported training.core.custom_transformers
2026-10-06 13:22:11,200 - telecom_app.src.models.manager - INFO - Model loaded. Test RÂ² = 0.7083600637268973
2026-10-06 13:22:11,231 - telecom_app.src.data.processor - INFO - Prepared features: 8004 rows, 10 features
2026-10-06 13:22:11,240 - telecom_app.src.models.explainer - INFO - SHAP explainer created successfully
2026-10-06 13:22:11,241 - telecom_app.__main__ - INFO - SHAP explainer created: True
2026-10-06 13:23:08,255 - telecom_app.src.models.manager - INFO - Project directory: /workspaces/telecom-consumption-intelligence
2026-10-06 13:23:08,255 - telecom_app.src.models.manager - INFO - Models directory:  /workspaces/telecom-consumption-intelligence/models
2026-10-06 13:23:08,514 - telecom_app.src.data.loader - INFO - Loading data from: /workspaces/telecom-consumption-intelligence/data/processed/train_data.parquet
2026-10-06 13:23:08,560 - telecom_app.src.data.loader - INFO - Loaded 8004 rows from /workspaces/telecom-consumption-intelligence/data/processed/train_data.parquet
2026-10-06 13:23:08,598 - telecom_app.src.models.manager - INFO - Found model: /workspaces/telecom-consumption-intelligence/models/mobile_data_consumption_pipeline.pkl
2026-10-06 13:23:08,598 - telecom_app.src.models.manager - INFO - Loading model from: /workspaces/telecom-consumption-intelligence/models/mobile_data_consumption_pipeline.pkl
2026-10-06 13:23:08,599 - telecom_app.src.models.manager - INFO - _repo_root resolved to: /workspaces/telecom-consumption-intelligence
2026-10-06 13:23:08,614 - telecom_app.src.models.manager - INFO - Pre-imported training.core.custom_transformers
2026-10-06 13:23:08,639 - telecom_app.src.models.manager - INFO - Model loaded. Test RÂ² = 0.7083600637268973
2026-10-06 13:23:09,904 - telecom_app.src.data.processor - INFO - Prepared features: 8004 rows, 10 features
2026-10-06 13:23:09,913 - telecom_app.src.models.explainer - INFO - SHAP explainer created successfully
2026-10-06 13:23:09,916 - telecom_app.__main__ - INFO - SHAP explainer created: True
2026-10-06 13:23:12,873 - telecom_app.src.models.manager - INFO - Project directory: /workspaces/telecom-consumption-intelligence
2026-10-06 13:23:12,873 - telecom_app.src.models.manager - INFO - Models directory:  /workspaces/telecom-consumption-intelligence/models
2026-10-06 13:23:12,907 - telecom_app.src.models.manager - INFO - Found model: /workspaces/telecom-consumption-intelligence/models/mobile_data_consumption_pipeline.pkl
2026-10-06 13:23:12,908 - telecom_app.src.models.manager - INFO - Loading model from: /workspaces/telecom-consumption-intelligence/models/mobile_data_consumption_pipeline.pkl
2026-10-06 13:23:12,908 - telecom_app.src.models.manager - INFO - _repo_root resolved to: /workspaces/telecom-consumption-intelligence
2026-10-06 13:23:12,909 - telecom_app.src.models.manager - INFO - Pre-imported training.core.custom_transformers
2026-10-06 13:23:12,927 - telecom_app.src.models.manager - INFO - Model loaded. Test RÂ² = 0.7083600637268973
2026-10-06 13:23:12,954 - telecom_app.src.data.processor - INFO - Prepared features: 8004 rows, 10 features
2026-10-06 13:23:12,959 - telecom_app.src.models.explainer - INFO - SHAP explainer created successfully
2026-10-06 13:23:12,960 - telecom_app.__main__ - INFO - SHAP explainer created: True
2026-10-06 13:23:33,170 - telecom_app.src.models.manager - INFO - Project directory: /workspaces/telecom-consumption-intelligence
2026-10-06 13:23:33,172 - telecom_app.src.models.manager - INFO - Models directory:  /workspaces/telecom-consumption-intelligence/models
2026-10-06 13:23:33,199 - telecom_app.src.models.manager - INFO - Found model: /workspaces/telecom-consumption-intelligence/models/mobile_data_consumption_pipeline.pkl
2026-10-06 13:23:33,199 - telecom_app.src.models.manager - INFO - Loading model from: /workspaces/telecom-consumption-intelligence/models/mobile_data_consumption_pipeline.pkl
2026-10-06 13:23:33,199 - telecom_app.src.models.manager - INFO - _repo_root resolved to: /workspaces/telecom-consumption-intelligence
2026-10-06 13:23:33,200 - telecom_app.src.models.manager - INFO - Pre-imported training.core.custom_transformers
2026-10-06 13:23:33,219 - telecom_app.src.models.manager - INFO - Model loaded. Test RÂ² = 0.7083600637268973
2026-10-06 13:23:33,247 - telecom_app.src.data.processor - INFO - Prepared features: 8004 rows, 10 features
2026-10-06 13:23:33,254 - telecom_app.src.models.explainer - INFO - SHAP explainer created successfully
2026-10-06 13:23:33,255 - telecom_app.__main__ - INFO - SHAP explainer created: True
2026-10-06 13:23:33,373 - telecom_app.src.models.manager - INFO - Project directory: /workspaces/telecom-consumption-intelligence
2026-10-06 13:23:33,376 - telecom_app.src.models.manager - INFO - Models directory:  /workspaces/telecom-consumption-intelligence/models
2026-10-06 13:23:33,406 - telecom_app.src.models.manager - INFO - Found model: /workspaces/telecom-consumption-intelligence/models/mobile_data_consumption_pipeline.pkl
2026-10-06 13:23:33,406 - telecom_app.src.models.manager - INFO - Loading model from: /workspaces/telecom-consumption-intelligence/models/mobile_data_consumption_pipeline.pkl
2026-10-06 13:23:33,407 - telecom_app.src.models.manager - INFO - _repo_root resolved to: /workspaces/telecom-consumption-intelligence
2026-10-06 13:23:33,407 - telecom_app.src.models.manager - INFO - Pre-imported training.core.custom_transformers
2026-10-06 13:23:33,427 - telecom_app.src.models.manager - INFO - Model loaded. Test RÂ² = 0.7083600637268973
2026-10-06 13:23:33,456 - telecom_app.src.data.processor - INFO - Prepared features: 8004 rows, 10 features
2026-10-06 13:23:33,463 - telecom_app.src.models.explainer - INFO - SHAP explainer created successfully
2026-10-06 13:23:33,463 - telecom_app.__main__ - INFO - SHAP explainer created: True
2026-10-06 13:23:40,151 - telecom_app.src.models.manager - INFO - Project directory: /workspaces/telecom-consumption-intelligence
2026-10-06 13:23:40,152 - telecom_app.src.models.manager - INFO - Models directory:  /workspaces/telecom-consumption-intelligence/models
2026-10-06 13:23:40,179 - telecom_app.src.models.manager - INFO - Found model: /workspaces/telecom-consumption-intelligence/models/mobile_data_consumption_pipeline.pkl
2026-10-06 13:23:40,179 - telecom_app.src.models.manager - INFO - Loading model from: /workspaces/telecom-consumption-intelligence/models/mobile_data_consumption_pipeline.pkl
2026-10-06 13:23:40,179 - telecom_app.src.models.manager - INFO - _repo_root resolved to: /workspaces/telecom-consumption-intelligence
2026-10-06 13:23:40,179 - telecom_app.src.models.manager - INFO - Pre-imported training.core.custom_transformers
2026-10-06 13:23:40,194 - telecom_app.src.models.manager - INFO - Model loaded. Test RÂ² = 0.7083600637268973
2026-10-06 13:23:40,236 - telecom_app.src.data.processor - INFO - Prepared features: 8004 rows, 10 features
2026-10-06 13:23:40,242 - telecom_app.src.models.explainer - INFO - SHAP explainer created successfully
2026-10-06 13:23:40,243 - telecom_app.__main__ - INFO - SHAP explainer created: True
2026-10-06 13:23:40,356 - telecom_app.src.models.manager - INFO - Project directory: /workspaces/telecom-consumption-intelligence
2026-10-06 13:23:40,360 - telecom_app.src.models.manager - INFO - Models directory:  /workspaces/telecom-consumption-intelligence/models
2026-10-06 13:23:40,386 - telecom_app.src.models.manager - INFO - Found model: /workspaces/telecom-consumption-intelligence/models/mobile_data_consumption_pipeline.pkl
2026-10-06 13:23:40,386 - telecom_app.src.models.manager - INFO - Loading model from: /workspaces/telecom-consumption-intelligence/models/mobile_data_consumption_pipeline.pkl
2026-10-06 13:23:40,387 - telecom_app.src.models.manager - INFO - _repo_root resolved to: /workspaces/telecom-consumption-intelligence
2026-10-06 13:23:40,387 - telecom_app.src.models.manager - INFO - Pre-imported training.core.custom_transformers
2026-10-06 13:23:40,402 - telecom_app.src.models.manager - INFO - Model loaded. Test RÂ² = 0.7083600637268973
2026-10-06 13:23:40,435 - telecom_app.src.data.processor - INFO - Prepared features: 8004 rows, 10 features
2026-10-06 13:23:40,440 - telecom_app.src.models.explainer - INFO - SHAP explainer created successfully
2026-10-06 13:23:40,441 - telecom_app.__main__ - INFO - SHAP explainer created: True
2026-10-06 13:26:06,755 - telecom_app.src.models.manager - INFO - Project directory: /workspaces/telecom-consumption-intelligence
2026-10-06 13:26:06,755 - telecom_app.src.models.manager - INFO - Models directory:  /workspaces/telecom-consumption-intelligence/models
2026-10-06 13:26:06,792 - telecom_app.src.models.manager - INFO - Found model: /workspaces/telecom-consumption-intelligence/models/mobile_data_consumption_pipeline.pkl
2026-10-06 13:26:06,792 - telecom_app.src.models.manager - INFO - Loading model from: /workspaces/telecom-consumption-intelligence/models/mobile_data_consumption_pipeline.pkl
2026-10-06 13:26:06,793 - telecom_app.src.models.manager - INFO - _repo_root resolved to: /workspaces/telecom-consumption-intelligence
2026-10-06 13:26:06,794 - telecom_app.src.models.manager - INFO - Pre-imported training.core.custom_transformers
2026-10-06 13:26:06,818 - telecom_app.src.models.manager - INFO - Model loaded. Test RÂ² = 0.7083600637268973
2026-10-06 13:26:06,866 - telecom_app.src.data.processor - INFO - Prepared features: 8004 rows, 10 features
2026-10-06 13:26:06,879 - telecom_app.src.models.explainer - INFO - SHAP explainer created successfully
2026-10-06 13:26:06,880 - telecom_app.__main__ - INFO - SHAP explainer created: True
2026-10-06 13:26:56,408 - telecom_app.src.models.manager - INFO - Project directory: /workspaces/telecom-consumption-intelligence
2026-10-06 13:26:56,408 - telecom_app.src.models.manager - INFO - Project directory: /workspaces/telecom-consumption-intelligence
2026-10-06 13:26:56,408 - telecom_app.src.models.manager - INFO - Models directory:  /workspaces/telecom-consumption-intelligence/models
2026-10-06 13:26:56,408 - telecom_app.src.models.manager - INFO - Models directory:  /workspaces/telecom-consumption-intelligence/models
2026-10-06 13:26:56,733 - telecom_app.src.data.loader - INFO - Loading data from: /workspaces/telecom-consumption-intelligence/data/processed/train_data.parquet
2026-10-06 13:26:56,793 - telecom_app.src.data.loader - INFO - Loaded 8004 rows from /workspaces/telecom-consumption-intelligence/data/processed/train_data.parquet
2026-10-06 13:26:56,835 - telecom_app.src.models.manager - INFO - Found model: /workspaces/telecom-consumption-intelligence/models/mobile_data_consumption_pipeline.pkl
2026-10-06 13:26:56,835 - telecom_app.src.models.manager - INFO - Loading model from: /workspaces/telecom-consumption-intelligence/models/mobile_data_consumption_pipeline.pkl
2026-10-06 13:26:56,835 - telecom_app.src.models.manager - INFO - _repo_root resolved to: /workspaces/telecom-consumption-intelligence
2026-10-06 13:26:56,838 - telecom_app.src.models.manager - INFO - Pre-imported training.core.custom_transformers
2026-10-06 13:26:56,853 - telecom_app.src.models.manager - INFO - Model loaded. Test RÂ² = 0.7083600637268973
2026-10-06 13:26:58,012 - telecom_app.src.data.processor - INFO - Prepared features: 8004 rows, 10 features
2026-10-06 13:26:58,020 - telecom_app.src.models.explainer - INFO - SHAP explainer created successfully
2026-10-06 13:26:58,021 - telecom_app.__main__ - INFO - SHAP explainer created: True
2026-10-06 13:27:04,431 - telecom_app.src.models.manager - INFO - Project directory: /workspaces/telecom-consumption-intelligence
2026-10-06 13:27:04,432 - telecom_app.src.models.manager - INFO - Models directory:  /workspaces/telecom-consumption-intelligence/models
2026-10-06 13:27:04,458 - telecom_app.src.models.manager - INFO - Found model: /workspaces/telecom-consumption-intelligence/models/mobile_data_consumption_pipeline.pkl
2026-10-06 13:27:04,458 - telecom_app.src.models.manager - INFO - Loading model from: /workspaces/telecom-consumption-intelligence/models/mobile_data_consumption_pipeline.pkl
2026-10-06 13:27:04,458 - telecom_app.src.models.manager - INFO - _repo_root resolved to: /workspaces/telecom-consumption-intelligence
2026-10-06 13:27:04,459 - telecom_app.src.models.manager - INFO - Pre-imported training.core.custom_transformers
2026-10-06 13:27:04,474 - telecom_app.src.models.manager - INFO - Model loaded. Test RÂ² = 0.7083600637268973
2026-10-06 13:27:04,497 - telecom_app.src.data.processor - INFO - Prepared features: 8004 rows, 10 features
2026-10-06 13:27:04,505 - telecom_app.src.models.explainer - INFO - SHAP explainer created successfully
2026-10-06 13:27:04,505 - telecom_app.__main__ - INFO - SHAP explainer created: True
2026-10-06 13:27:05,408 - telecom_app.src.models.manager - INFO - Project directory: /workspaces/telecom-consumption-intelligence
2026-10-06 13:27:05,411 - telecom_app.src.models.manager - INFO - Models directory:  /workspaces/telecom-consumption-intelligence/models
2026-10-06 13:27:05,440 - telecom_app.src.models.manager - INFO - Found model: /workspaces/telecom-consumption-intelligence/models/mobile_data_consumption_pipeline.pkl
2026-10-06 13:27:05,440 - telecom_app.src.models.manager - INFO - Loading model from: /workspaces/telecom-consumption-intelligence/models/mobile_data_consumption_pipeline.pkl
2026-10-06 13:27:05,440 - telecom_app.src.models.manager - INFO - _repo_root resolved to: /workspaces/telecom-consumption-intelligence
2026-10-06 13:27:05,441 - telecom_app.src.models.manager - INFO - Pre-imported training.core.custom_transformers
2026-10-06 13:27:05,455 - telecom_app.src.models.manager - INFO - Model loaded. Test RÂ² = 0.7083600637268973
2026-10-06 13:27:05,479 - telecom_app.src.data.processor - INFO - Prepared features: 8004 rows, 10 features
2026-10-06 13:27:05,485 - telecom_app.src.models.explainer - INFO - SHAP explainer created successfully
2026-10-06 13:27:05,488 - telecom_app.__main__ - INFO - SHAP explainer created: True
2026-10-06 13:27:05,980 - telecom_app.src.models.manager - INFO - Project directory: /workspaces/telecom-consumption-intelligence
2026-10-06 13:27:05,981 - telecom_app.src.models.manager - INFO - Models directory:  /workspaces/telecom-consumption-intelligence/models
2026-10-06 13:27:06,009 - telecom_app.src.models.manager - INFO - Found model: /workspaces/telecom-consumption-intelligence/models/mobile_data_consumption_pipeline.pkl
2026-10-06 13:27:06,009 - telecom_app.src.models.manager - INFO - Loading model from: /workspaces/telecom-consumption-intelligence/models/mobile_data_consumption_pipeline.pkl
2026-10-06 13:27:06,010 - telecom_app.src.models.manager - INFO - _repo_root resolved to: /workspaces/telecom-consumption-intelligence
2026-10-06 13:27:06,010 - telecom_app.src.models.manager - INFO - Pre-imported training.core.custom_transformers
2026-10-06 13:27:06,035 - telecom_app.src.models.manager - INFO - Model loaded. Test RÂ² = 0.7083600637268973
2026-10-06 13:27:06,065 - telecom_app.src.data.processor - INFO - Prepared features: 8004 rows, 10 features
2026-10-06 13:27:06,070 - telecom_app.src.models.explainer - INFO - SHAP explainer created successfully
2026-10-06 13:27:06,071 - telecom_app.__main__ - INFO - SHAP explainer created: True
2026-10-06 13:28:37,892 - telecom_app.src.models.manager - INFO - Project directory: /workspaces/telecom-consumption-intelligence
2026-10-06 13:28:37,892 - telecom_app.src.models.manager - INFO - Project directory: /workspaces/telecom-consumption-intelligence
2026-10-06 13:28:37,893 - telecom_app.src.models.manager - INFO - Models directory:  /workspaces/telecom-consumption-intelligence/models
2026-10-06 13:28:37,892 - telecom_app.src.models.manager - INFO - Models directory:  /workspaces/telecom-consumption-intelligence/models
2026-10-06 13:28:37,948 - telecom_app.src.data.loader - INFO - Loading data from: /workspaces/telecom-consumption-intelligence/data/processed/train_data.parquet
2026-10-06 13:28:38,032 - telecom_app.src.data.loader - INFO - Loaded 8004 rows from /workspaces/telecom-consumption-intelligence/data/processed/train_data.parquet
2026-10-06 13:28:38,085 - telecom_app.src.models.manager - INFO - Found model: /workspaces/telecom-consumption-intelligence/models/mobile_data_consumption_pipeline.pkl
2026-10-06 13:28:38,085 - telecom_app.src.models.manager - INFO - Loading model from: /workspaces/telecom-consumption-intelligence/models/mobile_data_consumption_pipeline.pkl
2026-10-06 13:28:38,088 - telecom_app.src.models.manager - INFO - _repo_root resolved to: /workspaces/telecom-consumption-intelligence
2026-10-06 13:28:38,101 - telecom_app.src.models.manager - INFO - Pre-imported training.core.custom_transformers
2026-10-06 13:28:38,125 - telecom_app.src.models.manager - INFO - Model loaded. Test RÂ² = 0.7083600637268973
2026-10-06 13:28:38,571 - telecom_app.src.models.manager - INFO - Found model: /workspaces/telecom-consumption-intelligence/models/mobile_data_consumption_pipeline.pkl
2026-10-06 13:28:38,574 - telecom_app.src.models.manager - INFO - Loading model from: /workspaces/telecom-consumption-intelligence/models/mobile_data_consumption_pipeline.pkl
2026-10-06 13:28:38,574 - telecom_app.src.models.manager - INFO - _repo_root resolved to: /workspaces/telecom-consumption-intelligence
2026-10-06 13:28:38,575 - telecom_app.src.models.manager - INFO - Pre-imported training.core.custom_transformers
2026-10-06 13:28:38,594 - telecom_app.src.models.manager - INFO - Model loaded. Test RÂ² = 0.7083600637268973
2026-10-06 13:28:39,383 - telecom_app.src.data.processor - INFO - Prepared features: 8004 rows, 10 features
2026-10-06 13:28:39,396 - telecom_app.src.data.processor - INFO - Prepared features: 8004 rows, 10 features
2026-10-06 13:28:39,398 - telecom_app.src.models.explainer - INFO - SHAP explainer created successfully
2026-10-06 13:28:39,406 - telecom_app.__main__ - INFO - SHAP explainer created: True
2026-10-06 13:28:39,408 - telecom_app.src.models.explainer - INFO - SHAP explainer created successfully
2026-10-06 13:28:39,409 - telecom_app.__main__ - INFO - SHAP explainer created: True
2026-10-06 13:29:43,878 - telecom_app.src.models.manager - INFO - Project directory: /workspaces/telecom-consumption-intelligence
2026-10-06 13:29:43,878 - telecom_app.src.models.manager - INFO - Models directory:  /workspaces/telecom-consumption-intelligence/models
2026-10-06 13:29:43,907 - telecom_app.src.models.manager - INFO - Found model: /workspaces/telecom-consumption-intelligence/models/mobile_data_consumption_pipeline.pkl
2026-10-06 13:29:43,907 - telecom_app.src.models.manager - INFO - Loading model from: /workspaces/telecom-consumption-intelligence/models/mobile_data_consumption_pipeline.pkl
2026-10-06 13:29:43,907 - telecom_app.src.models.manager - INFO - _repo_root resolved to: /workspaces/telecom-consumption-intelligence
2026-10-06 13:29:43,907 - telecom_app.src.models.manager - INFO - Pre-imported training.core.custom_transformers
2026-10-06 13:29:43,925 - telecom_app.src.models.manager - INFO - Model loaded. Test RÂ² = 0.7083600637268973
2026-10-06 13:29:43,950 - telecom_app.src.data.processor - INFO - Prepared features: 8004 rows, 10 features
2026-10-06 13:29:43,959 - telecom_app.src.models.explainer - INFO - SHAP explainer created successfully
2026-10-06 13:29:43,960 - telecom_app.__main__ - INFO - SHAP explainer created: True
2026-10-06 13:30:36,518 - telecom_app.src.models.manager - INFO - Project directory: /workspaces/telecom-consumption-intelligence
2026-10-06 13:30:36,519 - telecom_app.src.models.manager - INFO - Models directory:  /workspaces/telecom-consumption-intelligence/models
2026-10-06 13:30:40,662 - telecom_app.src.models.manager - INFO - Project directory: /workspaces/telecom-consumption-intelligence
2026-10-06 13:30:40,663 - telecom_app.src.models.manager - INFO - Models directory:  /workspaces/telecom-consumption-intelligence/models
2026-10-06 13:30:40,894 - telecom_app.src.data.loader - INFO - Loading data from: /workspaces/telecom-consumption-intelligence/data/processed/train_data.parquet
2026-10-06 13:30:40,939 - telecom_app.src.data.loader - INFO - Loaded 8004 rows from /workspaces/telecom-consumption-intelligence/data/processed/train_data.parquet
2026-10-06 13:30:40,968 - telecom_app.src.models.manager - INFO - Found model: /workspaces/telecom-consumption-intelligence/models/mobile_data_consumption_pipeline.pkl
2026-10-06 13:30:40,968 - telecom_app.src.models.manager - INFO - Loading model from: /workspaces/telecom-consumption-intelligence/models/mobile_data_consumption_pipeline.pkl
2026-10-06 13:30:40,968 - telecom_app.src.models.manager - INFO - _repo_root resolved to: /workspaces/telecom-consumption-intelligence
2026-10-06 13:30:40,971 - telecom_app.src.models.manager - INFO - Pre-imported training.core.custom_transformers
2026-10-06 13:30:40,987 - telecom_app.src.models.manager - INFO - Model loaded. Test RÂ² = 0.7083600637268973
2026-10-06 13:30:42,055 - telecom_app.src.data.processor - INFO - Prepared features: 8004 rows, 10 features
2026-10-06 13:30:42,061 - telecom_app.src.models.explainer - INFO - SHAP explainer created successfully
2026-10-06 13:30:42,062 - telecom_app.__main__ - INFO - SHAP explainer created: True
2026-10-06 13:31:32,547 - telecom_app.src.models.manager - INFO - Project directory: /workspaces/telecom-consumption-intelligence
2026-10-06 13:31:32,547 - telecom_app.src.models.manager - INFO - Models directory:  /workspaces/telecom-consumption-intelligence/models
2026-10-06 13:31:32,573 - telecom_app.src.models.manager - INFO - Found model: /workspaces/telecom-consumption-intelligence/models/mobile_data_consumption_pipeline.pkl
2026-10-06 13:31:32,573 - telecom_app.src.models.manager - INFO - Loading model from: /workspaces/telecom-consumption-intelligence/models/mobile_data_consumption_pipeline.pkl
2026-10-06 13:31:32,573 - telecom_app.src.models.manager - INFO - _repo_root resolved to: /workspaces/telecom-consumption-intelligence
2026-10-06 13:31:32,573 - telecom_app.src.models.manager - INFO - Pre-imported training.core.custom_transformers
2026-10-06 13:31:32,588 - telecom_app.src.models.manager - INFO - Model loaded. Test RÂ² = 0.7083600637268973
2026-10-06 13:31:32,619 - telecom_app.src.data.processor - INFO - Prepared features: 8004 rows, 10 features
2026-10-06 13:31:32,630 - telecom_app.src.models.explainer - INFO - SHAP explainer created successfully
2026-10-06 13:31:32,631 - telecom_app.__main__ - INFO - SHAP explainer created: True
2026-10-06 13:32:05,815 - telecom_app.src.models.manager - INFO - Project directory: /workspaces/telecom-consumption-intelligence
2026-10-06 13:32:05,816 - telecom_app.src.models.manager - INFO - Models directory:  /workspaces/telecom-consumption-intelligence/models
2026-10-06 13:32:06,034 - telecom_app.src.data.loader - INFO - Loading data from: /workspaces/telecom-consumption-intelligence/data/processed/train_data.parquet
2026-10-06 13:32:06,085 - telecom_app.src.data.loader - INFO - Loaded 8004 rows from /workspaces/telecom-consumption-intelligence/data/processed/train_data.parquet
2026-10-06 13:32:06,132 - telecom_app.src.models.manager - INFO - Found model: /workspaces/telecom-consumption-intelligence/models/mobile_data_consumption_pipeline.pkl
2026-10-06 13:32:06,132 - telecom_app.src.models.manager - INFO - Loading model from: /workspaces/telecom-consumption-intelligence/models/mobile_data_consumption_pipeline.pkl
2026-10-06 13:32:06,132 - telecom_app.src.models.manager - INFO - _repo_root resolved to: /workspaces/telecom-consumption-intelligence
2026-10-06 13:32:06,139 - telecom_app.src.models.manager - INFO - Pre-imported training.core.custom_transformers
2026-10-06 13:32:06,154 - telecom_app.src.models.manager - INFO - Model loaded. Test RÂ² = 0.7083600637268973
2026-10-06 13:32:07,272 - telecom_app.src.data.processor - INFO - Prepared features: 8004 rows, 10 features
2026-10-06 13:32:07,278 - telecom_app.src.models.explainer - INFO - SHAP explainer created successfully
2026-10-06 13:32:07,280 - telecom_app.__main__ - INFO - SHAP explainer created: True
2026-10-06 13:34:11,350 - telecom_app.src.models.manager - INFO - Project directory: /workspaces/telecom-consumption-intelligence
2026-10-06 13:34:11,351 - telecom_app.src.models.manager - INFO - Models directory:  /workspaces/telecom-consumption-intelligence/models
2026-10-06 13:34:11,593 - telecom_app.src.data.loader - INFO - Loading data from: /workspaces/telecom-consumption-intelligence/data/processed/train_data.parquet
2026-10-06 13:34:11,666 - telecom_app.src.data.loader - INFO - Loaded 8004 rows from /workspaces/telecom-consumption-intelligence/data/processed/train_data.parquet
2026-10-06 13:34:11,731 - telecom_app.src.models.manager - INFO - Found model: /workspaces/telecom-consumption-intelligence/models/mobile_data_consumption_pipeline.pkl
2026-10-06 13:34:11,731 - telecom_app.src.models.manager - INFO - Loading model from: /workspaces/telecom-consumption-intelligence/models/mobile_data_consumption_pipeline.pkl
2026-10-06 13:34:11,732 - telecom_app.src.models.manager - INFO - _repo_root resolved to: /workspaces/telecom-consumption-intelligence
2026-10-06 13:34:11,736 - telecom_app.src.models.manager - INFO - Pre-imported training.core.custom_transformers
2026-10-06 13:34:11,757 - telecom_app.src.models.manager - INFO - Model loaded. Test RÂ² = 0.7083600637268973
2026-10-06 13:34:12,728 - telecom_app.src.data.processor - INFO - Prepared features: 8004 rows, 10 features
2026-10-06 13:34:12,735 - telecom_app.src.models.explainer - INFO - SHAP explainer created successfully
2026-10-06 13:34:12,736 - telecom_app.__main__ - INFO - SHAP explainer created: True
2026-10-06 13:34:22,111 - telecom_app.src.models.manager - INFO - Project directory: /workspaces/telecom-consumption-intelligence
2026-10-06 13:34:22,111 - telecom_app.src.models.manager - INFO - Models directory:  /workspaces/telecom-consumption-intelligence/models
2026-10-06 13:34:22,145 - telecom_app.src.models.manager - INFO - Found model: /workspaces/telecom-consumption-intelligence/models/mobile_data_consumption_pipeline.pkl
2026-10-06 13:34:22,145 - telecom_app.src.models.manager - INFO - Loading model from: /workspaces/telecom-consumption-intelligence/models/mobile_data_consumption_pipeline.pkl
2026-10-06 13:34:22,146 - telecom_app.src.models.manager - INFO - _repo_root resolved to: /workspaces/telecom-consumption-intelligence
2026-10-06 13:34:22,146 - telecom_app.src.models.manager - INFO - Pre-imported training.core.custom_transformers
2026-10-06 13:34:22,160 - telecom_app.src.models.manager - INFO - Model loaded. Test RÂ² = 0.7083600637268973
2026-10-06 13:34:22,184 - telecom_app.src.data.processor - INFO - Prepared features: 8004 rows, 10 features
2026-10-06 13:34:22,191 - telecom_app.src.models.explainer - INFO - SHAP explainer created successfully
2026-10-06 13:34:22,192 - telecom_app.__main__ - INFO - SHAP explainer created: True
2026-10-06 13:34:36,341 - telecom_app.src.models.manager - INFO - Project directory: /workspaces/telecom-consumption-intelligence
2026-10-06 13:34:36,342 - telecom_app.src.models.manager - INFO - Models directory:  /workspaces/telecom-consumption-intelligence/models
2026-10-06 13:34:36,370 - telecom_app.src.models.manager - INFO - Found model: /workspaces/telecom-consumption-intelligence/models/mobile_data_consumption_pipeline.pkl
2026-10-06 13:34:36,370 - telecom_app.src.models.manager - INFO - Loading model from: /workspaces/telecom-consumption-intelligence/models/mobile_data_consumption_pipeline.pkl
2026-10-06 13:34:36,371 - telecom_app.src.models.manager - INFO - _repo_root resolved to: /workspaces/telecom-consumption-intelligence
2026-10-06 13:34:36,371 - telecom_app.src.models.manager - INFO - Pre-imported training.core.custom_transformers
2026-10-06 13:34:36,390 - telecom_app.src.models.manager - INFO - Model loaded. Test RÂ² = 0.7083600637268973
2026-10-06 13:34:36,425 - telecom_app.src.data.processor - INFO - Prepared features: 8004 rows, 10 features
2026-10-06 13:34:36,431 - telecom_app.src.models.explainer - INFO - SHAP explainer created successfully
2026-10-06 13:34:36,432 - telecom_app.__main__ - INFO - SHAP explainer created: True
2026-10-06 13:34:36,547 - telecom_app.src.models.manager - INFO - Project directory: /workspaces/telecom-consumption-intelligence
2026-10-06 13:34:36,548 - telecom_app.src.models.manager - INFO - Models directory:  /workspaces/telecom-consumption-intelligence/models
2026-10-06 13:34:36,585 - telecom_app.src.models.manager - INFO - Found model: /workspaces/telecom-consumption-intelligence/models/mobile_data_consumption_pipeline.pkl
2026-10-06 13:34:36,586 - telecom_app.src.models.manager - INFO - Loading model from: /workspaces/telecom-consumption-intelligence/models/mobile_data_consumption_pipeline.pkl
2026-10-06 13:34:36,587 - telecom_app.src.models.manager - INFO - _repo_root resolved to: /workspaces/telecom-consumption-intelligence
2026-10-06 13:34:36,587 - telecom_app.src.models.manager - INFO - Pre-imported training.core.custom_transformers
2026-10-06 13:34:36,611 - telecom_app.src.models.manager - INFO - Model loaded. Test RÂ² = 0.7083600637268973
2026-10-06 13:34:36,648 - telecom_app.src.data.processor - INFO - Prepared features: 8004 rows, 10 features
2026-10-06 13:34:36,653 - telecom_app.src.models.explainer - INFO - SHAP explainer created successfully
2026-10-06 13:34:36,654 - telecom_app.__main__ - INFO - SHAP explainer created: True
2026-10-06 13:34:37,902 - telecom_app.src.models.manager - INFO - Project directory: /workspaces/telecom-consumption-intelligence
2026-10-06 13:34:37,903 - telecom_app.src.models.manager - INFO - Models directory:  /workspaces/telecom-consumption-intelligence/models
2026-10-06 13:34:37,935 - telecom_app.src.models.manager - INFO - Found model: /workspaces/telecom-consumption-intelligence/models/mobile_data_consumption_pipeline.pkl
2026-10-06 13:34:37,935 - telecom_app.src.models.manager - INFO - Loading model from: /workspaces/telecom-consumption-intelligence/models/mobile_data_consumption_pipeline.pkl
2026-10-06 13:34:37,936 - telecom_app.src.models.manager - INFO - _repo_root resolved to: /workspaces/telecom-consumption-intelligence
2026-10-06 13:34:37,936 - telecom_app.src.models.manager - INFO - Pre-imported training.core.custom_transformers
2026-10-06 13:34:37,951 - telecom_app.src.models.manager - INFO - Model loaded. Test RÂ² = 0.7083600637268973
2026-10-06 13:34:37,976 - telecom_app.src.data.processor - INFO - Prepared features: 8004 rows, 10 features
2026-10-06 13:34:37,983 - telecom_app.src.models.explainer - INFO - SHAP explainer created successfully
2026-10-06 13:34:37,983 - telecom_app.__main__ - INFO - SHAP explainer created: True
2026-10-06 13:34:38,099 - telecom_app.src.models.manager - INFO - Project directory: /workspaces/telecom-consumption-intelligence
2026-10-06 13:34:38,104 - telecom_app.src.models.manager - INFO - Models directory:  /workspaces/telecom-consumption-intelligence/models
2026-10-06 13:34:38,136 - telecom_app.src.models.manager - INFO - Found model: /workspaces/telecom-consumption-intelligence/models/mobile_data_consumption_pipeline.pkl
2026-10-06 13:34:38,136 - telecom_app.src.models.manager - INFO - Loading model from: /workspaces/telecom-consumption-intelligence/models/mobile_data_consumption_pipeline.pkl
2026-10-06 13:34:38,137 - telecom_app.src.models.manager - INFO - _repo_root resolved to: /workspaces/telecom-consumption-intelligence
2026-10-06 13:34:38,137 - telecom_app.src.models.manager - INFO - Pre-imported training.core.custom_transformers
2026-10-06 13:34:38,153 - telecom_app.src.models.manager - INFO - Model loaded. Test RÂ² = 0.7083600637268973
2026-10-06 13:34:38,177 - telecom_app.src.data.processor - INFO - Prepared features: 8004 rows, 10 features
2026-10-06 13:34:38,183 - telecom_app.src.models.explainer - INFO - SHAP explainer created successfully
2026-10-06 13:34:38,183 - telecom_app.__main__ - INFO - SHAP explainer created: True
2026-10-06 13:34:47,583 - telecom_app.src.models.manager - INFO - Project directory: /workspaces/telecom-consumption-intelligence
2026-10-06 13:34:47,584 - telecom_app.src.models.manager - INFO - Models directory:  /workspaces/telecom-consumption-intelligence/models
2026-10-06 13:34:47,615 - telecom_app.src.models.manager - INFO - Found model: /workspaces/telecom-consumption-intelligence/models/mobile_data_consumption_pipeline.pkl
2026-10-06 13:34:47,616 - telecom_app.src.models.manager - INFO - Loading model from: /workspaces/telecom-consumption-intelligence/models/mobile_data_consumption_pipeline.pkl
2026-10-06 13:34:47,616 - telecom_app.src.models.manager - INFO - _repo_root resolved to: /workspaces/telecom-consumption-intelligence
2026-10-06 13:34:47,616 - telecom_app.src.models.manager - INFO - Pre-imported training.core.custom_transformers
2026-10-06 13:34:47,632 - telecom_app.src.models.manager - INFO - Model loaded. Test RÂ² = 0.7083600637268973
2026-10-06 13:34:47,656 - telecom_app.src.data.processor - INFO - Prepared features: 8004 rows, 10 features
2026-10-06 13:34:47,663 - telecom_app.src.models.explainer - INFO - SHAP explainer created successfully
2026-10-06 13:34:47,663 - telecom_app.__main__ - INFO - SHAP explainer created: True
2026-10-06 13:34:47,775 - telecom_app.src.models.manager - INFO - Project directory: /workspaces/telecom-consumption-intelligence
2026-10-06 13:34:47,777 - telecom_app.src.models.manager - INFO - Models directory:  /workspaces/telecom-consumption-intelligence/models
2026-10-06 13:34:47,805 - telecom_app.src.models.manager - INFO - Found model: /workspaces/telecom-consumption-intelligence/models/mobile_data_consumption_pipeline.pkl
2026-10-06 13:34:47,806 - telecom_app.src.models.manager - INFO - Loading model from: /workspaces/telecom-consumption-intelligence/models/mobile_data_consumption_pipeline.pkl
2026-10-06 13:34:47,806 - telecom_app.src.models.manager - INFO - _repo_root resolved to: /workspaces/telecom-consumption-intelligence
2026-10-06 13:34:47,807 - telecom_app.src.models.manager - INFO - Pre-imported training.core.custom_transformers
2026-10-06 13:34:47,825 - telecom_app.src.models.manager - INFO - Model loaded. Test RÂ² = 0.7083600637268973
2026-10-06 13:34:47,849 - telecom_app.src.data.processor - INFO - Prepared features: 8004 rows, 10 features
2026-10-06 13:34:47,855 - telecom_app.src.models.explainer - INFO - SHAP explainer created successfully
2026-10-06 13:34:47,856 - telecom_app.__main__ - INFO - SHAP explainer created: True
2026-10-06 13:34:54,022 - telecom_app.src.models.manager - INFO - Project directory: /workspaces/telecom-consumption-intelligence
2026-10-06 13:34:54,023 - telecom_app.src.models.manager - INFO - Models directory:  /workspaces/telecom-consumption-intelligence/models
2026-10-06 13:34:54,049 - telecom_app.src.models.manager - INFO - Found model: /workspaces/telecom-consumption-intelligence/models/mobile_data_consumption_pipeline.pkl
2026-10-06 13:34:54,049 - telecom_app.src.models.manager - INFO - Loading model from: /workspaces/telecom-consumption-intelligence/models/mobile_data_consumption_pipeline.pkl
2026-10-06 13:34:54,050 - telecom_app.src.models.manager - INFO - _repo_root resolved to: /workspaces/telecom-consumption-intelligence
2026-10-06 13:34:54,050 - telecom_app.src.models.manager - INFO - Pre-imported training.core.custom_transformers
2026-10-06 13:34:54,065 - telecom_app.src.models.manager - INFO - Model loaded. Test RÂ² = 0.7083600637268973
2026-10-06 13:34:54,089 - telecom_app.src.data.processor - INFO - Prepared features: 8004 rows, 10 features
2026-10-06 13:34:54,095 - telecom_app.src.models.explainer - INFO - SHAP explainer created successfully
2026-10-06 13:34:54,096 - telecom_app.__main__ - INFO - SHAP explainer created: True
2026-10-06 13:34:54,206 - telecom_app.src.models.manager - INFO - Project directory: /workspaces/telecom-consumption-intelligence
2026-10-06 13:34:54,207 - telecom_app.src.models.manager - INFO - Models directory:  /workspaces/telecom-consumption-intelligence/models
2026-10-06 13:34:54,240 - telecom_app.src.models.manager - INFO - Found model: /workspaces/telecom-consumption-intelligence/models/mobile_data_consumption_pipeline.pkl
2026-10-06 13:34:54,241 - telecom_app.src.models.manager - INFO - Loading model from: /workspaces/telecom-consumption-intelligence/models/mobile_data_consumption_pipeline.pkl
2026-10-06 13:34:54,241 - telecom_app.src.models.manager - INFO - _repo_root resolved to: /workspaces/telecom-consumption-intelligence
2026-10-06 13:34:54,242 - telecom_app.src.models.manager - INFO - Pre-imported training.core.custom_transformers
2026-10-06 13:34:54,257 - telecom_app.src.models.manager - INFO - Model loaded. Test RÂ² = 0.7083600637268973
2026-10-06 13:34:54,281 - telecom_app.src.data.processor - INFO - Prepared features: 8004 rows, 10 features
2026-10-06 13:34:54,287 - telecom_app.src.models.explainer - INFO - SHAP explainer created successfully
2026-10-06 13:34:54,287 - telecom_app.__main__ - INFO - SHAP explainer created: True
2026-10-06 13:34:55,577 - telecom_app.src.models.manager - INFO - Project directory: /workspaces/telecom-consumption-intelligence
2026-10-06 13:34:55,578 - telecom_app.src.models.manager - INFO - Models directory:  /workspaces/telecom-consumption-intelligence/models
2026-10-06 13:34:55,605 - telecom_app.src.models.manager - INFO - Found model: /workspaces/telecom-consumption-intelligence/models/mobile_data_consumption_pipeline.pkl
2026-10-06 13:34:55,606 - telecom_app.src.models.manager - INFO - Loading model from: /workspaces/telecom-consumption-intelligence/models/mobile_data_consumption_pipeline.pkl
2026-10-06 13:34:55,607 - telecom_app.src.models.manager - INFO - _repo_root resolved to: /workspaces/telecom-consumption-intelligence
2026-10-06 13:34:55,608 - telecom_app.src.models.manager - INFO - Pre-imported training.core.custom_transformers
2026-10-06 13:34:55,631 - telecom_app.src.models.manager - INFO - Model loaded. Test RÂ² = 0.7083600637268973
2026-10-06 13:34:55,683 - telecom_app.src.data.processor - INFO - Prepared features: 8004 rows, 10 features
2026-10-06 13:34:55,693 - telecom_app.src.models.explainer - INFO - SHAP explainer created successfully
2026-10-06 13:34:55,694 - telecom_app.__main__ - INFO - SHAP explainer created: True
2026-10-06 13:34:55,841 - telecom_app.src.models.manager - INFO - Project directory: /workspaces/telecom-consumption-intelligence
2026-10-06 13:34:55,842 - telecom_app.src.models.manager - INFO - Models directory:  /workspaces/telecom-consumption-intelligence/models
2026-10-06 13:34:55,869 - telecom_app.src.models.manager - INFO - Found model: /workspaces/telecom-consumption-intelligence/models/mobile_data_consumption_pipeline.pkl
2026-10-06 13:34:55,869 - telecom_app.src.models.manager - INFO - Loading model from: /workspaces/telecom-consumption-intelligence/models/mobile_data_consumption_pipeline.pkl
2026-10-06 13:34:55,870 - telecom_app.src.models.manager - INFO - _repo_root resolved to: /workspaces/telecom-consumption-intelligence
2026-10-06 13:34:55,870 - telecom_app.src.models.manager - INFO - Pre-imported training.core.custom_transformers
2026-10-06 13:34:55,893 - telecom_app.src.models.manager - INFO - Model loaded. Test RÂ² = 0.7083600637268973
2026-10-06 13:34:55,931 - telecom_app.src.data.processor - INFO - Prepared features: 8004 rows, 10 features
2026-10-06 13:34:55,940 - telecom_app.src.models.explainer - INFO - SHAP explainer created successfully
2026-10-06 13:34:55,942 - telecom_app.__main__ - INFO - SHAP explainer created: True
2026-10-06 13:34:58,477 - telecom_app.src.models.manager - INFO - Project directory: /workspaces/telecom-consumption-intelligence
2026-10-06 13:34:58,477 - telecom_app.src.models.manager - INFO - Models directory:  /workspaces/telecom-consumption-intelligence/models
2026-10-06 13:34:58,504 - telecom_app.src.models.manager - INFO - Found model: /workspaces/telecom-consumption-intelligence/models/mobile_data_consumption_pipeline.pkl
2026-10-06 13:34:58,504 - telecom_app.src.models.manager - INFO - Loading model from: /workspaces/telecom-consumption-intelligence/models/mobile_data_consumption_pipeline.pkl
2026-10-06 13:34:58,505 - telecom_app.src.models.manager - INFO - _repo_root resolved to: /workspaces/telecom-consumption-intelligence
2026-10-06 13:34:58,505 - telecom_app.src.models.manager - INFO - Pre-imported training.core.custom_transformers
2026-10-06 13:34:58,525 - telecom_app.src.models.manager - INFO - Model loaded. Test RÂ² = 0.7083600637268973
2026-10-06 13:34:58,551 - telecom_app.src.data.processor - INFO - Prepared features: 8004 rows, 10 features
2026-10-06 13:34:58,557 - telecom_app.src.models.explainer - INFO - SHAP explainer created successfully
2026-10-06 13:34:58,557 - telecom_app.__main__ - INFO - SHAP explainer created: True
2026-10-06 13:34:58,681 - telecom_app.src.models.manager - INFO - Project directory: /workspaces/telecom-consumption-intelligence
2026-10-06 13:34:58,683 - telecom_app.src.models.manager - INFO - Models directory:  /workspaces/telecom-consumption-intelligence/models
2026-10-06 13:34:58,718 - telecom_app.src.models.manager - INFO - Found model: /workspaces/telecom-consumption-intelligence/models/mobile_data_consumption_pipeline.pkl
2026-10-06 13:34:58,718 - telecom_app.src.models.manager - INFO - Loading model from: /workspaces/telecom-consumption-intelligence/models/mobile_data_consumption_pipeline.pkl
2026-10-06 13:34:58,719 - telecom_app.src.models.manager - INFO - _repo_root resolved to: /workspaces/telecom-consumption-intelligence
2026-10-06 13:34:58,719 - telecom_app.src.models.manager - INFO - Pre-imported training.core.custom_transformers
2026-10-06 13:34:58,734 - telecom_app.src.models.manager - INFO - Model loaded. Test RÂ² = 0.7083600637268973
2026-10-06 13:34:58,758 - telecom_app.src.data.processor - INFO - Prepared features: 8004 rows, 10 features
2026-10-06 13:34:58,764 - telecom_app.src.models.explainer - INFO - SHAP explainer created successfully
2026-10-06 13:34:58,764 - telecom_app.__main__ - INFO - SHAP explainer created: True
2026-10-06 13:35:04,498 - telecom_app.src.models.manager - INFO - Project directory: /workspaces/telecom-consumption-intelligence
2026-10-06 13:35:04,498 - telecom_app.src.models.manager - INFO - Models directory:  /workspaces/telecom-consumption-intelligence/models
2026-10-06 13:35:04,532 - telecom_app.src.models.manager - INFO - Found model: /workspaces/telecom-consumption-intelligence/models/mobile_data_consumption_pipeline.pkl
2026-10-06 13:35:04,533 - telecom_app.src.models.manager - INFO - Loading model from: /workspaces/telecom-consumption-intelligence/models/mobile_data_consumption_pipeline.pkl
2026-10-06 13:35:04,533 - telecom_app.src.models.manager - INFO - _repo_root resolved to: /workspaces/telecom-consumption-intelligence
2026-10-06 13:35:04,533 - telecom_app.src.models.manager - INFO - Pre-imported training.core.custom_transformers
2026-10-06 13:35:04,548 - telecom_app.src.models.manager - INFO - Model loaded. Test RÂ² = 0.7083600637268973
2026-10-06 13:35:04,573 - telecom_app.src.data.processor - INFO - Prepared features: 8004 rows, 10 features
2026-10-06 13:35:04,580 - telecom_app.src.models.explainer - INFO - SHAP explainer created successfully
2026-10-06 13:35:04,581 - telecom_app.__main__ - INFO - SHAP explainer created: True
2026-10-06 13:35:04,687 - telecom_app.src.models.manager - INFO - Project directory: /workspaces/telecom-consumption-intelligence
2026-10-06 13:35:04,687 - telecom_app.src.models.manager - INFO - Models directory:  /workspaces/telecom-consumption-intelligence/models
2026-10-06 13:35:04,724 - telecom_app.src.models.manager - INFO - Found model: /workspaces/telecom-consumption-intelligence/models/mobile_data_consumption_pipeline.pkl
2026-10-06 13:35:04,724 - telecom_app.src.models.manager - INFO - Loading model from: /workspaces/telecom-consumption-intelligence/models/mobile_data_consumption_pipeline.pkl
2026-10-06 13:35:04,725 - telecom_app.src.models.manager - INFO - _repo_root resolved to: /workspaces/telecom-consumption-intelligence
2026-10-06 13:35:04,725 - telecom_app.src.models.manager - INFO - Pre-imported training.core.custom_transformers
2026-10-06 13:35:04,748 - telecom_app.src.models.manager - INFO - Model loaded. Test RÂ² = 0.7083600637268973
2026-10-06 13:35:04,787 - telecom_app.src.data.processor - INFO - Prepared features: 8004 rows, 10 features
2026-10-06 13:35:04,795 - telecom_app.src.models.explainer - INFO - SHAP explainer created successfully
2026-10-06 13:35:04,796 - telecom_app.__main__ - INFO - SHAP explainer created: True
2026-10-06 13:37:27,001 - telecom_app.src.models.manager - INFO - Project directory: /workspaces/telecom-consumption-intelligence
2026-10-06 13:37:27,003 - telecom_app.src.models.manager - INFO - Models directory:  /workspaces/telecom-consumption-intelligence/models
2026-10-06 13:37:27,001 - telecom_app.src.models.manager - INFO - Project directory: /workspaces/telecom-consumption-intelligence
2026-10-06 13:37:27,004 - telecom_app.src.models.manager - INFO - Models directory:  /workspaces/telecom-consumption-intelligence/models
2026-10-06 13:37:27,086 - telecom_app.src.data.loader - INFO - Loading data from: /workspaces/telecom-consumption-intelligence/data/processed/train_data.parquet
2026-10-06 13:37:27,190 - telecom_app.src.data.loader - INFO - Loaded 8004 rows from /workspaces/telecom-consumption-intelligence/data/processed/train_data.parquet
2026-10-06 13:37:27,241 - telecom_app.src.models.manager - INFO - Found model: /workspaces/telecom-consumption-intelligence/models/mobile_data_consumption_pipeline.pkl
2026-10-06 13:37:27,241 - telecom_app.src.models.manager - INFO - Loading model from: /workspaces/telecom-consumption-intelligence/models/mobile_data_consumption_pipeline.pkl
2026-10-06 13:37:27,242 - telecom_app.src.models.manager - INFO - _repo_root resolved to: /workspaces/telecom-consumption-intelligence
2026-10-06 13:37:27,250 - telecom_app.src.models.manager - INFO - Pre-imported training.core.custom_transformers
2026-10-06 13:37:27,265 - telecom_app.src.models.manager - INFO - Model loaded. Test RÂ² = 0.7083600637268973
2026-10-06 13:37:27,630 - telecom_app.src.models.manager - INFO - Found model: /workspaces/telecom-consumption-intelligence/models/mobile_data_consumption_pipeline.pkl
2026-10-06 13:37:27,630 - telecom_app.src.models.manager - INFO - Loading model from: /workspaces/telecom-consumption-intelligence/models/mobile_data_consumption_pipeline.pkl
2026-10-06 13:37:27,630 - telecom_app.src.models.manager - INFO - _repo_root resolved to: /workspaces/telecom-consumption-intelligence
2026-10-06 13:37:27,631 - telecom_app.src.models.manager - INFO - Pre-imported training.core.custom_transformers
2026-10-06 13:37:27,648 - telecom_app.src.models.manager - INFO - Model loaded. Test RÂ² = 0.7083600637268973
2026-10-06 13:37:28,623 - telecom_app.src.data.processor - INFO - Prepared features: 8004 rows, 10 features
2026-10-06 13:37:28,647 - telecom_app.src.data.processor - INFO - Prepared features: 8004 rows, 10 features
2026-10-06 13:37:28,649 - telecom_app.src.models.explainer - INFO - SHAP explainer created successfully
2026-10-06 13:37:28,650 - telecom_app.__main__ - INFO - SHAP explainer created: True
2026-10-06 13:37:28,673 - telecom_app.src.models.explainer - INFO - SHAP explainer created successfully
2026-10-06 13:37:28,674 - telecom_app.__main__ - INFO - SHAP explainer created: True
2026-10-06 13:37:41,734 - telecom_app.src.models.manager - INFO - Project directory: /workspaces/telecom-consumption-intelligence
2026-10-06 13:37:41,735 - telecom_app.src.models.manager - INFO - Models directory:  /workspaces/telecom-consumption-intelligence/models
2026-10-06 13:37:41,767 - telecom_app.src.models.manager - INFO - Found model: /workspaces/telecom-consumption-intelligence/models/mobile_data_consumption_pipeline.pkl
2026-10-06 13:37:41,767 - telecom_app.src.models.manager - INFO - Loading model from: /workspaces/telecom-consumption-intelligence/models/mobile_data_consumption_pipeline.pkl
2026-10-06 13:37:41,768 - telecom_app.src.models.manager - INFO - _repo_root resolved to: /workspaces/telecom-consumption-intelligence
2026-10-06 13:37:41,768 - telecom_app.src.models.manager - INFO - Pre-imported training.core.custom_transformers
2026-10-06 13:37:41,784 - telecom_app.src.models.manager - INFO - Model loaded. Test RÂ² = 0.7083600637268973
2026-10-06 13:37:41,816 - telecom_app.src.data.processor - INFO - Prepared features: 8004 rows, 10 features
2026-10-06 13:37:41,823 - telecom_app.src.models.explainer - INFO - SHAP explainer created successfully
2026-10-06 13:37:41,825 - telecom_app.__main__ - INFO - SHAP explainer created: True
2026-10-06 13:37:41,920 - telecom_app.src.models.manager - INFO - Project directory: /workspaces/telecom-consumption-intelligence
2026-10-06 13:37:41,920 - telecom_app.src.models.manager - INFO - Models directory:  /workspaces/telecom-consumption-intelligence/models
2026-10-06 13:37:41,964 - telecom_app.src.models.manager - INFO - Found model: /workspaces/telecom-consumption-intelligence/models/mobile_data_consumption_pipeline.pkl
2026-10-06 13:37:41,965 - telecom_app.src.models.manager - INFO - Loading model from: /workspaces/telecom-consumption-intelligence/models/mobile_data_consumption_pipeline.pkl
2026-10-06 13:37:41,965 - telecom_app.src.models.manager - INFO - _repo_root resolved to: /workspaces/telecom-consumption-intelligence
2026-10-06 13:37:41,965 - telecom_app.src.models.manager - INFO - Pre-imported training.core.custom_transformers
2026-10-06 13:37:41,980 - telecom_app.src.models.manager - INFO - Model loaded. Test RÂ² = 0.7083600637268973
2026-10-06 13:37:42,005 - telecom_app.src.data.processor - INFO - Prepared features: 8004 rows, 10 features
2026-10-06 13:37:42,013 - telecom_app.src.models.explainer - INFO - SHAP explainer created successfully
2026-10-06 13:37:42,014 - telecom_app.__main__ - INFO - SHAP explainer created: True
