user_id,strategic_segment,arpu_zar,total_data_gb,absolute_error_gb,prediction_accuracy_pct
SUB8984705,Low Margin Heavy (Optimize),357.09,4.13474,0.2190309408814981,94.70266713550312
SUB6140709,Other,109.11,1.00957,0.17698910635330356,82.46886235196138
SUB3654810,Other,133.86,1.04403,0.09241737925154458,91.14801497547536
SUB6876924,Other,336.88,3.8800700000000004,0.7660478254117309,80.25685553580912
SUB3498002,Other,134.93,1.3349600000000001,0.21392431855385374,83.97522633233552
SUB9736347,Other,337.81,3.89173,0.614082354512723,84.22083868837964
SUB4731622,Other,196.73,1.59625,0.1521142063065315,90.47052740444595
SUB4855933,High Margin (Upsell Target),96.18,0.2532,0.013154226845718209,94.8048077228601
SUB8842680,Other,258.62,2.13985,0.6936807673898602,67.58273863168633
SUB5228456,High Margin (Upsell Target),76.69,0.54184,0.1676485102370967,69.05940679220863
SUB1769598,Other,384.23,3.24315,0.23543435824911363,92.74056524523647
SUB7445860,Other,156.37,1.60514,0.14068862444604502,91.2351181550491
SUB6088890,Other,167.32,1.3016500000000002,0.3689718798717998,71.65352591927171
SUB6196467,High Margin (Upsell Target),51.2,0.31798000000000004,0.04825706546291275,84.82386770774491
SUB6628573,High Margin (Upsell Target),72.9,0.55328,0.05058686949584623,90.85691340806711
SUB3332127,High Value High Error (Model Fix),386.63,5.2140699999999995,0.6274025013462232,87.96712546348202
SUB9837590,Other,256.95,2.6227,0.6915886676861134,73.63066047637498
SUB1611213,Other,91.66,0.78962,0.2079668819442868,73.66240952049253
SUB3654965,Other,168.62,1.3208900000000001,0.09059548410259644,93.14133015598601
SUB1956011,High Value High Error (Model Fix),377.8,5.05509,1.574649928004416,68.85020982802648
SUB4144480,Low Margin Heavy (Optimize),530.47,7.26766,0.1431002994827999,98.03099898065128
SUB7334625,Other,221.35,2.4240500000000003,0.5201727612841265,78.54117030242254
SUB5620650,High Value High Error (Model Fix),1350.14,23.34998,3.2186692176151723,86.21553758240833
SUB6882545,Other,156.94,1.61229,0.3335345474053888,79.31299286075155
SUB5510579,Other,113.87,1.0696199999999998,0.10395451304296599,90.28117340336138
SUB7281328,Other,138.9,1.38502,0.004598531078848778,99.66798088988976
SUB4434955,Other,139.7,1.39506,0.11286718346366365,91.90951045376804
SUB4073961,High Margin (Upsell Target),79.0,0.5133,0.03846459900477256,92.50640970099892
SUB8710611,Other,154.36,1.5798599999999998,0.09084004644837074,94.25012048862743
SUB4612610,Other,224.74,2.46675,1.0017461531655383,59.39004142432196
SUB9228736,High Margin (Upsell Target),63.72,0.42792,0.014847760249734221,96.53024858624644
SUB9913613,Other,305.62,3.48606,0.2162760182031791,93.79597545070426
SUB3959470,Other,311.42,3.42553,0.35955052747550553,89.50379860998136
SUB6963132,High Margin (Upsell Target),62.1,0.41708999999999996,0.04425006026480882,89.39076451969387
SUB1727468,High Margin (Upsell Target),82.37,0.59177,0.01714096015388389,97.1034421897217
SUB7881289,High Margin (Upsell Target),38.95,0.21033000000000002,0.0606044090526513,71.18603667919399
SUB2916796,Other,219.95,2.4064,0.060104644675097685,97.50230033763724
SUB3192271,High Margin (Upsell Target),77.87,0.5522,0.12744887292246299,76.91979845663474
SUB6044080,Other,222.63,2.44021,0.06936130952015374,97.15756801586119
SUB7374825,Other,100.25,0.89786,0.03538897699163901,96.05851948058283
SUB9271330,Other,182.15,1.93007,0.20518902996860766,89.36882962956744
SUB7424788,High Value High Error (Model Fix),980.71,15.32549,1.7637581221519891,88.49134270974703
SUB5275542,Other,164.56,1.70838,0.2909625458953511,82.96851134435248
SUB8752950,Other,258.73,2.8951100000000003,0.09305478429930147,96.78579451905794
SUB8541714,High Margin (Upsell Target),91.15,0.66886,0.0807945596639228,87.92055741651126
SUB3971783,Other,316.36,3.62147,0.4537494081217486,87.47057387961937
SUB6547094,High Margin (Upsell Target),45.47,0.26767,0.02195910047790961,91.79620410284693
SUB3801818,Other,186.22,1.5038900000000002,0.4420395448878891,70.60692305368816
SUB9704434,High Margin (Upsell Target),89.81,0.15937,0.03514229199621123,77.94924264528379
SUB8256300,Other,141.25,1.10888,0.0445820455363517,95.97954282371838
SUB3745683,High Value High Error (Model Fix),561.16,8.17216,1.3142898582204499,83.91747275848185
SUB8169158,High Margin (Upsell Target),29.0,0.07672,0.03232698214162986,57.863683339898515
SUB9634939,Other,265.01,2.97426,0.89816144827812,69.80218782896856
SUB8596713,High Margin (Upsell Target),87.2,0.63414,0.1365336648369741,78.46947600892956
SUB7397986,High Value High Error (Model Fix),921.48,14.37172,3.775470165710722,73.72986555742304
SUB9421374,Other,79.36,0.63462,0.022099359896144866,96.51770194822967
SUB7150208,Other,79.62,0.6379900000000001,0.021398946241258487,96.64588061862122
SUB4031863,Other,87.19,0.73339,0.007710910662735326,98.94859342740762
SUB5873594,Other,291.95,3.1385,0.15835672600198203,94.95438183839471
SUB9571632,High Margin (Upsell Target),79.0,0.35535,0.08756012413516784,75.35946978045087
SUB2447947,High Margin (Upsell Target),106.56,0.40612,0.046196068912449095,88.62501996640178
SUB8615487,Other,299.08,3.40367,0.0746077030005936,97.80802184111288
SUB2822744,High Value High Error (Model Fix),440.59,6.128640000000001,0.5203176785290982,91.51006294171141
SUB4338669,High Margin (Upsell Target),32.6,0.04535,0.0009569821416298627,97.88978579574452
SUB2268300,High Value High Error (Model Fix),702.75,10.84936,1.432379121616183,86.79757034870092
SUB3911190,Low Margin Heavy (Optimize),709.06,9.85592,0.3136996066121487,96.81714536428716
SUB5228021,Low Margin Heavy (Optimize),348.76,4.0297600000000005,0.33182885448259647,91.76554299802974
SUB1785786,Other,196.31,2.10854,0.0716158095150945,96.60353564480188
SUB9400944,Low Margin Heavy (Optimize),599.84,8.27311,0.035550281426653285,99.57029120334852
SUB8997488,Other,94.51,0.82559,0.040992612220920766,95.03474942514798
SUB3903561,Other,204.72,1.66642,0.3665999808358924,78.00074526014495
SUB8948838,High Margin (Upsell Target),45.49,0.26779000000000003,0.02121818866824643,92.07655675408103
SUB9122734,Low Margin Heavy (Optimize),343.21,3.95982,0.5997222886968703,84.85480934242288
SUB5466951,High Margin (Upsell Target),55.86,0.33855,0.012278138313074949,96.3733161089721
SUB6254230,Other,102.74,0.92934,0.12187988264152017,86.88532908929777
SUB7269324,High Margin (Upsell Target),60.94,0.40354,0.1487075732239721,63.14923595579816
SUB4294900,Low Margin Heavy (Optimize),1532.53,26.57357,0.308817367413468,98.83787775818804
SUB1627475,Other,268.77,3.0217199999999997,0.3534069966334581,88.30444261435679
SUB4781876,Other,102.43,0.92545,0.03008716884812923,96.74891470656121
SUB7113100,Low Margin Heavy (Optimize),402.86,4.7114899999999995,0.300854039703113,93.61446082442893
SUB3211738,Other,79.44,0.63564,0.16878395851689088,73.44661152273443
SUB1850122,Other,143.87,1.44759,0.3103646816954897,78.55990427569341
SUB3327654,High Margin (Upsell Target),79.0,0.24112,0.07522695533156318,68.80103046965695
SUB2572138,High Margin (Upsell Target),51.12,0.27876,0.06985701481609005,74.9400865202719
SUB3120539,Other,111.64,1.0414,0.10903594402092964,89.52986902046
SUB8204425,High Margin (Upsell Target),72.63,0.5062,0.1750811735413108,65.41264845094611
SUB2918517,Other,209.73,1.92676,0.22763454233621228,88.18563067864123
SUB3560390,High Value High Error (Model Fix),399.98,5.37658,1.6559858400172875,69.20001487902556
SUB1578110,Other,86.23,0.7212000000000001,0.06497407255526766,90.99083852533727
SUB9281447,Low Margin Heavy (Optimize),355.01,4.1085,1.248601094761855,69.60931983054996
SUB3252641,Low Margin Heavy (Optimize),797.61,12.37698,0.027843524771434147,99.77503781397859
SUB9433864,Other,120.19,1.1492200000000001,0.003873253538257959,99.66296674803276
SUB9731032,High Margin (Upsell Target),144.37,0.96339,0.05428888542711796,94.36480704313746
SUB2398558,High Margin (Upsell Target),88.26,0.64352,0.0664924387121546,89.66738582916543
SUB6353374,Other,273.93,3.0867600000000004,0.029690003280948396,99.03814992804921
SUB2521701,High Margin (Upsell Target),104.73,0.37918,0.06365541062080526,83.21235017121018
SUB9302258,Other,211.74,2.30292,0.29615240049630387,87.14013511123687
SUB1782877,Other,146.53,1.4811800000000002,0.2382031857586211,83.9180122767914
SUB9595960,Low Margin Heavy (Optimize),1164.23,20.06419,0.22237582175440807,98.8916780505248
SUB2250844,Low Margin Heavy (Optimize),409.38,5.51271,0.14574500970591675,97.35620031335012
SUB5756497,Other,169.13,1.76599,0.006406707729367245,99.63721721361009
SUB4440863,Other,75.33,0.5839099999999999,0.06828849924781843,88.30496150985282
SUB7354054,Other,128.32,1.25163,0.15116730393334166,87.92236492147507
SUB3234268,High Margin (Upsell Target),104.18,0.37118,0.13512464157836873,63.59592607943081
SUB7437845,High Value High Error (Model Fix),391.89,4.57324,0.4966503042007435,89.14007783976473
SUB2980290,High Margin (Upsell Target),52.41,0.3286,0.1694475420015193,48.433493000146285
SUB6024592,High Margin (Upsell Target),79.0,0.59234,0.09584317855308111,83.81956670947747
SUB3112368,Low Margin Heavy (Optimize),443.57,6.008310000000001,0.017498606670842243,99.70875992299261
SUB4341861,High Value High Error (Model Fix),444.18,6.01713,1.4570934772416226,75.78424469403814
SUB5345760,High Margin (Upsell Target),40.42,0.14387,0.03383126783314343,76.48483503639159
SUB9002619,Other,177.78,1.87494,0.34492390113391735,81.60346991722842
SUB5149570,High Value High Error (Model Fix),1043.42,18.162380000000002,0.6912926179095464,96.19382141597332
SUB4793092,Other,236.55,1.94602,0.3599397646169782,81.50379931259812
SUB3470562,Other,334.78,3.76975,0.6806279429542483,81.94501112927254
SUB7223754,Other,180.94,1.5025,0.10287400451775319,93.15314445805303
SUB1990121,Other,192.35,2.0586599999999997,0.11613466623315505,94.35872527599724
SUB9501424,High Margin (Upsell Target),40.12,0.2206,0.05623415784818614,74.50854131995189
SUB4509934,Other,211.41,2.29881,0.12751234349316798,94.45311515552969
SUB2200532,Other,99.81,0.89239,0.0026846573923990924,99.69916097307241
SUB1607317,Other,296.68,3.3734499999999996,0.043695641717418354,98.70471944989792
SUB8315664,Other,129.07,1.00193,0.035116481376407105,96.4951162879236
SUB6410812,Other,126.81,1.23269,0.08967899001540536,92.7249357084583
SUB7730886,Other,252.7,2.81915,0.1700927548250739,93.96652342638477
SUB1479809,Other,261.43,2.16453,0.32983821674328584,84.76167035137948
SUB2775767,Low Margin Heavy (Optimize),345.6,3.9899400000000003,0.12810643756782092,96.78926405991517
SUB1823837,Other,83.63,0.68853,0.05528764650274487,91.97019062310359
SUB3021835,Other,245.86,2.7329499999999998,0.1030929402346068,96.22777803345811
SUB4452814,Other,118.3,1.12541,0.005557035778366526,99.50622121907868
SUB4041341,Other,117.74,1.11834,0.22785285146073297,79.62579792721954
SUB7679155,Other,165.06,1.71466,0.42157029079057673,75.41376769793564
SUB7770153,Other,177.85,1.8758800000000002,0.005350830824912833,99.71475623041384
SUB7156225,High Margin (Upsell Target),90.26,0.6610199999999999,0.28476039139757536,56.92106269135951
SUB1327359,High Value High Error (Model Fix),490.21,6.6842299999999994,0.9149012419408731,86.3125409816707
SUB6720673,Other,124.07,1.1981,0.02253613647314978,98.1190103936942
SUB7203690,High Margin (Upsell Target),94.98,0.23551,0.14224905283131334,39.599569941270715
SUB4734341,High Margin (Upsell Target),128.94,0.73603,0.027114918516617736,96.31605797092269
SUB4246849,High Margin (Upsell Target),79.0,0.44526,0.14693810974000354,66.9994812603864
SUB3241678,High Margin (Upsell Target),157.13,1.1515199999999999,0.041306838444672866,96.41284229152139
SUB9615797,Other,198.18,2.13207,0.8463582384861339,60.303449770123216
SUB3854119,Other,156.35,1.6049200000000001,0.16730364904233075,89.57557703547026
SUB3090651,High Margin (Upsell Target),50.7,0.27346,0.031642631341877364,88.42878982597917
SUB2845733,Other,92.51,0.80038,0.18878640229632437,76.41290358375717
SUB2012384,High Margin (Upsell Target),49.63,0.30413,0.06936748789197816,77.19150103837893
SUB3121690,Low Margin Heavy (Optimize),521.43,7.1366000000000005,0.035232843726712204,99.50630771338295
SUB9043756,Other,278.37,2.93839,0.5151247640391379,82.46914929471112
SUB8561743,High Margin (Upsell Target),162.53,1.2310999999999999,0.006621760092893503,99.46212654594318
SUB7643433,Other,314.74,2.63275,0.17999834787333135,93.16310519899986
SUB3959034,Other,107.77,0.99266,0.3132978911127655,68.43854984458268
SUB6864049,Other,157.27,1.61653,0.004948769244631501,99.69386468270731
SUB1858811,Other,282.89,3.00508,0.19401863040233414,93.54364508091851
SUB1068148,High Margin (Upsell Target),106.8,0.80631,0.17948516368757672,77.73993083459504
SUB3980672,Other,173.57,1.39388,0.07193147498568497,94.83947865055205
SUB4033349,High Value High Error (Model Fix),410.97,5.53583,1.170101941006303,78.86311644312951
SUB6968633,Other,285.16,3.22827,0.5647248337533117,82.50688964202772
SUB3162766,High Margin (Upsell Target),66.2,0.46887,0.0027719612967365137,99.4087996039976
SUB2873421,Other,192.13,2.05588,0.7768600595446706,62.21277216838188
SUB1639872,Other,86.68,0.7269500000000001,0.210133512426798,71.09381492168677
SUB4666569,High Value High Error (Model Fix),1816.68,34.54462,7.615211241483113,77.95543490858168
SUB4802986,High Value High Error (Model Fix),385.1,4.48774,0.53822031283707,88.0068739981133
SUB3744804,Low Margin Heavy (Optimize),451.11,6.3069,0.39387477978943686,93.75485928444344
SUB3466993,High Value High Error (Model Fix),441.45,5.97752,0.6004795190749386,89.95437038981152
SUB5517562,Other,102.47,0.92596,0.007692107074843579,99.16928300630227
SUB2422771,Other,337.46,3.88731,0.17796942563391527,95.42178458538385
SUB4045315,High Margin (Upsell Target),63.42,0.43377,0.034862290930679274,91.96295480769088
SUB4385357,Other,123.07,1.18549,0.026910693555357357,97.7299940484224
SUB2045533,High Margin (Upsell Target),164.67,1.2626600000000001,0.20097713708158715,84.0830360444152
SUB6186686,Other,122.25,1.1751800000000001,0.19304671412444452,83.57300889017473
SUB4416664,Other,269.61,3.0322,0.08246153140523305,97.28047188822528
SUB4691316,High Margin (Upsell Target),105.6,0.79576,0.12348860158711716,84.4816776933853
SUB9392939,High Margin (Upsell Target),128.06,0.72304,0.04489958860964072,93.79016532838561
SUB3755063,Other,108.84,1.00617,0.10420946425717015,89.6429565324776
SUB2355531,Other,241.86,2.68256,0.4493587350946968,83.24888408480344
SUB8887739,Other,124.79,0.9643400000000001,0.3191967763881266,66.89997548705576
SUB6696390,High Margin (Upsell Target),66.13,0.46788,0.16034249066202938,65.72999686628422
SUB3883791,Other,124.57,1.20438,0.02583739211172764,97.85471428355439
SUB2064367,Other,311.23,3.5567399999999996,0.8462717667648016,76.20653275851477
SUB5833177,High Value High Error (Model Fix),568.97,7.82566,2.066177310796494,73.59740506492112
SUB2965629,Other,128.83,1.25807,0.035000430870150145,97.2179265962824
SUB9091363,High Margin (Upsell Target),114.29,0.5201399999999999,0.058565601940476775,88.74041566876672
SUB8496110,Other,269.87,2.81305,0.3625964505694297,87.11020242905637
SUB1979907,High Value High Error (Model Fix),647.62,6.390140000000001,1.0433599843605883,83.67234545157714
SUB5327819,Low Margin Heavy (Optimize),344.0,3.96981,0.5952162706091202,85.0064292596089
SUB9236843,Other,173.39,1.81971,0.25208403115655287,86.14702171463844
SUB1454529,Other,173.27,1.38942,0.05943525611973244,95.72229735287152
SUB2035340,Low Margin Heavy (Optimize),392.21,4.61623,0.2746939457106281,94.04938779673829
SUB4764610,Other,212.35,2.31067,0.6302305263131838,72.72520410473223
SUB9158781,Other,79.37,0.63481,0.07771412115451648,87.75789273097203
SUB1297542,Other,159.61,1.64604,0.15790126363114676,90.40720373556252
SUB3315138,High Value High Error (Model Fix),962.68,15.03508,2.0689520999911757,86.23916799916478
SUB3518929,Other,127.26,1.23834,0.13017594433023771,89.48786727956477
SUB5036405,Other,118.78,1.1314600000000001,0.2454016778271746,78.31106023834916
SUB3268693,High Value High Error (Model Fix),905.79,14.11894,0.8419834220580746,94.03649691791257
SUB5809479,High Margin (Upsell Target),94.52,0.22875,0.13390439874760307,41.46255792454511
SUB2076837,High Margin (Upsell Target),66.78,0.45485000000000003,0.07153915330693478,84.27192408333852
SUB1295863,High Value High Error (Model Fix),410.07,5.522819999999999,0.7646722393879797,86.15431537895532
SUB2054212,High Margin (Upsell Target),63.49,0.43461,0.07854079472921688,81.92844280407334
SUB4258084,High Margin (Upsell Target),65.1,0.45499,0.017423724232393356,96.17052589454859
SUB6412049,Other,148.88,1.5107300000000001,0.19353397477105494,87.18937369542837
SUB8339838,High Value High Error (Model Fix),962.14,15.02645,2.000080205189544,86.6896026327606
SUB9001482,Low Margin Heavy (Optimize),430.07,5.81262,0.16479294022256674,97.1649111721983
SUB3095637,Other,381.05,3.21517,0.34643818453623165,89.22488750093365
SUB8586544,Other,118.7,1.1304,0.10138265737238283,91.03125819423364
SUB5949499,High Value High Error (Model Fix),699.96,9.72401,1.557385216121899,83.98412572465578
SUB3442547,High Margin (Upsell Target),40.55,0.14551,0.03783329586213616,73.99952177710387
SUB2765524,High Margin (Upsell Target),114.76,0.52706,0.058388913436247525,88.92177106283013
SUB5986439,Other,96.54,0.8511799999999999,0.165705929105589,80.53221068333502
SUB1769153,High Value High Error (Model Fix),585.68,8.58787,1.7744171819406134,79.33809918011552
SUB9070297,High Value High Error (Model Fix),925.61,15.943719999999999,1.2399265552720635,92.2231037971561
SUB9003029,Other,90.95,0.7806900000000001,0.08519667533358621,89.0870031211382
SUB2961977,Other,281.51,2.98468,0.5361332245813837,82.0371622893783
SUB9117654,Other,127.69,1.24374,0.15381912647571205,87.63253361026324
SUB2863236,Other,139.69,1.39493,0.10011434523761653,92.82298429042199
SUB8378343,Other,211.09,2.2947100000000002,0.2790257933611757,87.84047686369189
SUB9506377,High Value High Error (Model Fix),445.53,6.21241,1.0410649440959352,83.24217261745547
SUB8998883,Other,256.35,2.1199,0.5363339593277985,74.70003493901606
SUB8931827,Other,228.57,2.2044,0.39273838888300006,82.18388727622029
SUB6959322,Other,349.21,2.93555,1.0045394925202054,65.7801947669021
SUB1840268,High Value High Error (Model Fix),1311.43,22.66575,7.091181291257541,68.71411141807555
SUB1233462,Other,121.63,1.1673499999999999,0.1303035186235928,88.83766491424228
SUB6169619,Other,214.78,2.00117,0.4786267304590446,76.08265512380035
SUB8341127,High Margin (Upsell Target),96.21,0.25362,0.3119616022926757,-23.0035495200204
SUB6988099,High Value High Error (Model Fix),500.45,6.8326199999999995,1.168860531468451,82.89293811936781
SUB9379341,High Margin (Upsell Target),165.09,1.2688,0.07981387973428555,93.70949875990814
SUB5254284,High Margin (Upsell Target),66.61,0.45330000000000004,0.05441673608666642,87.99542552687703
SUB9537333,Other,237.14,1.95119,0.411529303530652,78.90880418971746
SUB3594545,Other,208.43,1.90753,0.19353100105625165,89.85436658630525
SUB2742166,Other,241.73,2.39832,0.03774216202987857,98.42630833125361
SUB6555910,Other,335.75,3.8658200000000003,0.8274119221133613,78.59672922915807
SUB2792363,High Value High Error (Model Fix),393.8,5.2868900000000005,0.8828177292046533,83.30175719175824
SUB1770569,Other,222.54,2.11548,0.0030085716903895943,99.85778302369252
SUB8021855,Other,179.64,1.89848,0.4840504427941721,74.50326351638299
SUB2327877,High Value High Error (Model Fix),1813.53,34.48369,5.994644470512551,82.61600057733801
SUB2910705,High Margin (Upsell Target),80.99,0.57959,0.15809876171415183,72.72231030311914
SUB2845964,Other,99.76,0.89174,0.04842767529604519,94.56930548186185
SUB7166994,Other,79.36,0.6346900000000001,0.19623928571661597,69.08108120237975
SUB2455465,High Margin (Upsell Target),29.0,0.08265,0.03825698214162986,53.71206032470676
SUB4411647,High Value High Error (Model Fix),679.04,10.46763,2.114244899989888,79.80206694361677
SUB5989847,High Value High Error (Model Fix),699.29,11.68156,1.7545374247268875,84.9802815315173
SUB3013148,High Value High Error (Model Fix),409.11,3.46168,0.757846558343096,78.10755013914931
SUB8504361,High Margin (Upsell Target),125.22,0.6812,0.16156424531446356,76.28240673598597
SUB3430630,High Margin (Upsell Target),31.9,0.14844,0.1272055672497394,14.305061135988012
SUB2248749,Low Margin Heavy (Optimize),410.68,4.81007,0.3463472443124145,92.79953837860126
SUB5077716,High Margin (Upsell Target),95.78,0.70951,0.09947094328189998,85.98033244324957
SUB7810183,Other,324.97,3.62525,0.43167287112846475,88.0926040651413
SUB2650870,Other,142.8,1.4341400000000002,0.3070950397124088,78.58681581209584
SUB8398129,Other,250.76,2.7946999999999997,0.20095444515043415,92.80944483663956
SUB1384083,Other,228.69,1.8769200000000001,0.31205140834935463,83.3742829556212
SUB8585291,High Value High Error (Model Fix),1327.37,22.94746,4.056792790600177,82.32138637304443
SUB1825782,High Margin (Upsell Target),64.33,0.43329,0.09479592720294633,78.1218289822183
SUB4023871,Other,328.7,2.75542,0.17477467795074597,93.65705852644076
SUB8643603,High Value High Error (Model Fix),965.58,10.668700000000001,0.7288541525845105,93.16829461335955
SUB6898931,High Margin (Upsell Target),115.4,0.53654,0.0247145155986479,95.39372356233498
SUB2048173,High Margin (Upsell Target),136.07,0.84113,0.017868623431719688,97.87564069386187
SUB7940119,High Value High Error (Model Fix),688.49,6.80297,1.4781131926531792,78.2725310760862
SUB1926109,High Value High Error (Model Fix),1490.24,25.8261,1.2253083540025038,95.25554243961534
SUB3364825,Other,88.67,0.7520399999999999,0.2515458708977222,66.551530384325
SUB7509887,High Margin (Upsell Target),119.59,0.5982000000000001,0.08640468900004206,85.5558861584684
SUB7847101,Other,187.61,1.99892,0.18866840849427646,90.56148277598521
SUB3155748,High Value High Error (Model Fix),1243.89,19.56337,1.4182331376077109,92.75056834478052
SUB8988004,Other,177.81,1.43007,0.055590398985350786,96.11274979648893
SUB1678841,High Margin (Upsell Target),108.96,0.82533,0.13063597927667536,84.17166717838012
SUB5688482,High Value High Error (Model Fix),591.81,8.15664,2.4839466028196613,69.54693841067325
SUB2702424,High Margin (Upsell Target),73.69,0.5632,0.007266125457681127,98.70984988322424
SUB8446153,Other,232.95,2.5703,0.7533936004912674,70.68849548724789
SUB5229228,Other,218.15,1.78433,0.21475494535833262,87.9643930574315
SUB3120677,Other,346.28,3.93935,0.8528758234802112,78.34983376749435
SUB8759080,Low Margin Heavy (Optimize),556.24,7.6411999999999995,0.44568026923248816,94.16740473705062
SUB8782937,Other,159.62,1.27025,0.3600137216395425,71.65804198862095
SUB4399618,Other,100.41,0.89991,0.05197777603380105,94.2241139631962
SUB2443717,Other,177.82,1.45641,0.48826860160383057,66.47450912834775
SUB4631097,High Value High Error (Model Fix),614.2,6.0525,0.9276789283895388,84.67279754829346
SUB9657768,High Value High Error (Model Fix),684.76,10.55978,2.2925168295960905,78.29010803637868
SUB8586725,High Value High Error (Model Fix),756.83,11.72029,1.3861543716354081,88.17303691601992
SUB4174108,High Margin (Upsell Target),123.36,0.65374,0.0768909184408394,88.23830292764106
SUB5862944,Other,113.43,1.06406,0.3161103150634683,70.2920591824269
SUB6735630,High Margin (Upsell Target),132.18,0.78383,0.02882786847103691,96.32217847351633
SUB5274692,Other,77.63,0.6129,0.14408810580736187,76.49076426703184
SUB4239576,High Value High Error (Model Fix),389.95,5.270359999999999,0.925407157469814,82.44129134499704
SUB2323483,Other,115.71,1.09275,0.10076729184141864,90.7785594288338
SUB1876336,High Value High Error (Model Fix),630.65,8.71956,2.0034084720801584,77.02397286009662
SUB7600500,Low Margin Heavy (Optimize),703.35,9.77316,0.08004546649106281,99.18096637637098
SUB3850774,Other,240.09,2.66025,1.2657565526506982,52.41963903201962
SUB8031119,Other,215.33,2.00933,0.06634978794657065,96.69791482998957
SUB7208714,High Margin (Upsell Target),141.24,0.9173600000000001,0.11727695159688911,87.21582022358844
SUB6747372,Other,285.65,3.23442,0.07419968031751845,97.70593552112841
SUB1803328,High Value High Error (Model Fix),742.3,11.48631,1.429700123759643,87.55300767818696
SUB8130144,High Value High Error (Model Fix),703.67,9.77782,1.9336932881863316,80.22367676858102
SUB6901179,Other,110.27,1.0241900000000002,0.2407573852655891,76.49289826442467
SUB2998173,High Margin (Upsell Target),130.48,0.7587,0.13750621615068492,81.87607537225716
SUB2841648,Other,173.26,1.81808,0.24311207886184483,86.62808683546132
SUB3378907,High Margin (Upsell Target),57.96,0.36499000000000004,0.03221662762618971,91.17328484994391
SUB4352921,Other,246.38,2.73954,0.14474724078263534,94.71636695274991
SUB7211411,Low Margin Heavy (Optimize),476.32,6.7343,0.3114775040750093,95.37476049366661
SUB9876659,Other,141.44,1.4170099999999999,0.07556207502918322,94.66749881587404
SUB9108262,Other,461.02,3.91764,0.19538740807775978,95.01262474148314
SUB7849486,Other,152.94,1.56196,0.09513393396087899,93.9093232886323
SUB2030120,Low Margin Heavy (Optimize),381.99,4.44849,0.1004370836873063,97.74222076058828
SUB3210846,Other,230.67,2.23535,0.07220761789007302,96.76973995615572
SUB7741286,Low Margin Heavy (Optimize),679.5,9.42753,0.2241590966145992,97.6222924072944
SUB3135896,High Margin (Upsell Target),39.67,0.13445,0.09719753484152754,27.707300229432832
SUB8536381,High Margin (Upsell Target),39.92,0.13756000000000002,0.08101282357558834,41.1072814949198
SUB1272667,Other,252.9,2.82172,0.058484406511120746,97.92734904557784
SUB5008146,High Margin (Upsell Target),74.37,0.52144,0.014920923257232488,97.13851579141752
SUB2285801,High Margin (Upsell Target),52.67,0.29835,0.035779230867714285,88.00763168502957
SUB9417233,Other,107.57,0.99015,0.19851773962399533,79.95074083482348
SUB2258624,Low Margin Heavy (Optimize),408.63,5.50186,0.43401650734182695,92.11145853689794
SUB2748982,Other,229.05,2.21153,0.20325669297381888,90.80922741388004
SUB3873798,Other,333.95,2.80152,0.3717248557652977,86.73131529436529
SUB4305610,High Value High Error (Model Fix),516.71,7.41876,0.8095910854168684,89.08724523482539
SUB6292895,High Value High Error (Model Fix),435.81,3.69618,0.5979624458775685,83.82215027737912
SUB8585159,High Margin (Upsell Target),79.0,0.38569,0.08238651302459021,78.63918872032197
SUB6408753,Other,181.9,1.92693,0.1525987044695052,92.08073440812561
SUB8334291,Other,85.23,0.70866,0.13815065225403755,80.50536897044597
SUB4395049,High Value High Error (Model Fix),433.59,5.8635600000000005,1.0289254692501704,82.45220532833005
SUB7903836,Other,116.58,1.10366,0.44844646017272094,59.367335939263825
SUB9206294,Low Margin Heavy (Optimize),383.21,4.48353,0.19840344298715262,95.57483850922928
SUB6265481,Other,77.97,0.6171599999999999,0.01970711868035324,96.80680558034331
SUB7117682,Other,107.43,0.9883500000000001,0.17942251567658696,81.84625733023859
SUB8020480,Other,124.04,1.19779,0.22015933246831976,81.61953827730072
SUB7365898,Other,242.48,1.99803,1.5839155859672318,20.72613594554477
SUB8517750,High Margin (Upsell Target),129.94,0.75076,0.1007422446973244,86.58129832472103
SUB3842894,High Margin (Upsell Target),114.74,0.52679,0.0476400600075938,90.95653675893737
SUB3426062,Other,291.07,3.30276,0.5773526973061629,82.51908412036713
SUB5080790,Other,232.82,2.267,0.017583396025413034,99.2243760024079
SUB7015877,High Margin (Upsell Target),79.0,0.39158,0.11400393324327429,70.88617057988807
SUB8681556,Other,93.37,0.8111900000000001,0.39105792101244696,51.79206831784823
SUB5171774,High Margin (Upsell Target),79.0,0.23163,0.11551229764631221,50.13068357021447
SUB6862044,High Margin (Upsell Target),105.53,0.7951699999999999,0.04614203377369319,94.19721144237167
SUB8135580,High Margin (Upsell Target),96.78,0.7183099999999999,0.10561195193140605,85.29716251598808
SUB6919626,Other,526.08,5.16246,0.3805503986851857,92.62850659016853
SUB4239536,High Margin (Upsell Target),66.57,0.47351,0.09435858217793336,80.0725259914398
SUB5092097,Other,197.42,2.12247,0.375247704645415,82.32023516726196
SUB4976808,High Margin (Upsell Target),79.0,0.5002,0.13935908556886234,72.13932715536538
SUB6929191,High Value High Error (Model Fix),543.61,7.458069999999999,0.5486492355051915,92.64354939675826
SUB7371332,Other,153.5,1.56897,0.16697524229748995,89.35765232620828
SUB2141766,High Margin (Upsell Target),51.82,0.28755000000000003,0.06928889120103265,75.90370676368192
SUB5304388,High Value High Error (Model Fix),717.42,12.02298,2.0798238185408895,82.70126192889875
SUB8299243,Low Margin Heavy (Optimize),416.25,4.970470000000001,0.23001584694813548,95.37235217297086
SUB9737452,High Margin (Upsell Target),88.02,0.6413300000000001,0.10104306526784856,84.24476240502572
SUB6439296,High Margin (Upsell Target),104.5,0.37577999999999995,0.025556415777577945,93.19910166119061
SUB1855695,High Value High Error (Model Fix),641.27,8.87354,0.5257742564632242,94.07480829000349
SUB2358454,Low Margin Heavy (Optimize),346.43,4.00043,0.12423452893521691,96.89447062102782
SUB6923361,High Margin (Upsell Target),92.52,0.19933,0.0015245440527028309,99.23516577900826
SUB8748670,High Value High Error (Model Fix),890.56,13.87377,3.3146235077634323,76.1087036345317
SUB4704697,Other,326.3,3.74671,0.740354720627705,80.23987123028724
SUB7637935,High Margin (Upsell Target),47.89,0.28893,0.03085918980348268,89.3194926786825
SUB3746153,Other,248.16,2.762,0.5384758794447855,80.50413180866092
SUB2564458,Other,209.43,2.27391,0.12463873888823196,94.51874793249372
SUB9523215,Other,152.59,1.55758,0.3169256044167448,79.65269171299421
SUB7939705,Low Margin Heavy (Optimize),413.97,5.67741,0.45246430547047023,92.03044512426493
SUB1424226,High Margin (Upsell Target),69.75,0.51352,0.037968258753905526,92.60627458445522
SUB2877779,Low Margin Heavy (Optimize),641.29,8.873790000000001,0.25211021159801916,97.1589342141518
SUB1278495,High Margin (Upsell Target),120.83,0.61652,0.4059547697213879,34.15383609268346
SUB8563493,Other,258.58,2.13949,0.017283271807304157,99.19217795795707
SUB1481193,Other,205.57,1.86551,0.11897836801721429,93.62220690228332
SUB5761515,Other,289.56,2.41162,0.27312710361666914,88.67453812720623
SUB5323492,High Margin (Upsell Target),116.27,0.54931,0.011129610022140968,97.97389269772242
SUB1082409,Other,254.97,2.8478000000000003,0.006975138530798564,99.75506922779695
SUB8609387,High Margin (Upsell Target),92.52,0.6809299999999999,0.14495467713731358,78.71224984399078
SUB8357804,High Margin (Upsell Target),67.64,0.46234,0.17396990280541147,62.3718685803929
SUB3874299,Other,126.13,1.22401,0.09835899001540538,91.96420045462003
SUB4594058,Other,106.89,0.9815499999999999,0.3159723593118151,67.80883711356373
SUB2107677,Low Margin Heavy (Optimize),340.78,3.9291199999999997,0.5852547309978235,85.10468677470213
SUB6887774,Other,326.38,3.64593,0.6693063670135775,81.64236924423734
SUB2650522,Other,163.28,1.6922000000000001,0.1281301994979367,92.42818818709746
SUB3977590,Other,199.47,2.1483600000000003,0.16837067039400022,92.16282790621682
SUB7779697,Other,140.64,1.4069800000000001,0.18929724410318882,86.54584684194596
SUB7985945,High Value High Error (Model Fix),838.85,14.30982,1.8130700870491498,87.32988893606523
SUB8422212,High Margin (Upsell Target),112.21,0.48949000000000004,0.19735895717423785,59.680696812143694
SUB7923985,High Margin (Upsell Target),87.83,0.13012,0.1403018320218375,-7.8249554425433985
SUB1118581,Low Margin Heavy (Optimize),389.03,4.53718,0.274571786766713,93.94840436644098
SUB4023846,Other,297.76,3.38708,0.4949260712128667,85.38782458008471
SUB8339096,High Value High Error (Model Fix),414.42,5.58584,0.5431994775480291,90.27542003444371
SUB2806423,Other,348.09,2.92568,0.16584005844954675,94.33157220032447
SUB1966649,High Margin (Upsell Target),124.53,0.67104,0.0041912633826483026,99.37540781732113
SUB9288515,Other,102.64,0.92802,0.19411630003674352,79.08274605754795
SUB9945326,Other,259.16,2.9005900000000002,0.8400059767572063,71.0401684913343
SUB3619893,Other,125.42,1.21514,0.21292548158503455,82.47728808326329
SUB9466685,Other,155.42,1.5931600000000001,0.10166755046809706,93.61849717115061
SUB1383609,Other,78.54,0.6243099999999999,0.02201743071838036,96.47331762772015
SUB5495511,High Margin (Upsell Target),30.24,0.13387000000000002,0.06313384773865617,52.83943546824818
SUB8261511,Other,141.6,1.41905,0.4338984299063199,69.42331630976217
SUB2042377,Other,114.85,1.0818699999999999,0.010161067505327415,99.06078664670179
SUB3459622,Other,175.43,1.84538,0.06414342476709245,96.52410751351525
SUB8184872,High Margin (Upsell Target),121.88,0.93878,0.012619680485409956,98.65573611651186
SUB7478623,Other,178.06,1.87855,0.0015325083514878823,99.91842067810343
SUB9196906,Other,457.76,3.8889899999999997,0.33161293029429384,91.47303206502733
SUB4925282,High Margin (Upsell Target),105.6,0.79577,0.1795337112229457,77.43899478204183
SUB4734942,Other,277.67,3.13389,0.22601072025900448,92.78817315671563
SUB3029341,Low Margin Heavy (Optimize),869.84,13.54008,0.05658788253532521,99.58207128366062
SUB6377168,High Margin (Upsell Target),59.89,0.38926,0.014890383767326043,96.17469460840414
SUB2339462,High Margin (Upsell Target),58.62,0.37327,0.08504471062513969,77.21630170516256
SUB9313264,High Value High Error (Model Fix),1689.36,32.08419,8.131813075638245,74.65476586556106
SUB3054048,High Value High Error (Model Fix),416.75,4.88656,0.8626150698129393,82.34719168877616
SUB4710388,Other,96.12,0.84585,0.15196336933866983,82.0342413739233
SUB5748584,Other,163.76,1.6982899999999999,0.3060106703118399,81.98124758952594
SUB9318849,Other,197.34,1.6016199999999998,0.07101982531375439,95.5657505954125
SUB8289165,Other,336.95,3.88086,0.2674541696122077,93.10837882293596
SUB9131631,Other,228.88,2.51895,0.2900805981157841,88.48406684865583
SUB9593223,High Margin (Upsell Target),63.78,0.43826,0.020061000409097696,95.42258011018626
SUB3865893,High Margin (Upsell Target),114.48,0.5229400000000001,0.0229156736071372,95.61791532352905
SUB8105924,High Margin (Upsell Target),41.96,0.2368,0.04684084744808756,80.21923671955761
SUB6648734,High Margin (Upsell Target),163.09,1.2394,0.029618952822105804,97.61021842648816
SUB8912798,Low Margin Heavy (Optimize),364.85,4.21298,0.39597060953649876,90.60117518866696
SUB3307236,Other,248.81,2.05365,0.6898575440208701,66.40822223743726
SUB2262752,High Margin (Upsell Target),100.17,0.7480800000000001,0.1330277666207338,82.21744109978428
SUB6489612,Other,212.08,1.9613900000000002,0.2586979887117049,86.81047681941354
SUB6386159,High Value High Error (Model Fix),570.98,4.883430000000001,1.044231284010217,78.6168475024682
SUB2839433,High Value High Error (Model Fix),696.56,6.88447,0.7692514503479186,88.82627928732468
SUB9420149,High Margin (Upsell Target),152.52,1.08351,0.15170872535950441,85.99840099680627
SUB5055032,High Margin (Upsell Target),141.73,0.92457,0.0899642727450145,90.26960935948446
SUB1549656,Other,242.65,2.69249,0.2529141567719617,90.60668166745423
SUB9324878,Other,179.01,1.89049,0.10182994145133017,94.6135688921216
SUB1069519,Other,89.58,0.76342,0.07652322245715382,89.97626176191955
SUB3189063,High Value High Error (Model Fix),726.26,11.22801,1.6086934971281401,85.6724967547398
SUB2752683,High Value High Error (Model Fix),494.76,6.75017,1.8062837751699599,73.24091430038118
SUB9841830,Other,193.57,1.6886400000000001,0.18673116761948427,88.94191967385089
SUB6537803,Other,205.69,2.22678,0.03542733280084809,98.40903309707973
SUB7688304,Other,125.73,1.21906,0.05898214714435879,95.16166988135458
SUB9683585,Low Margin Heavy (Optimize),1475.33,25.56248,0.4151936187704379,98.37576941372497
SUB9811785,High Margin (Upsell Target),75.98,0.53559,0.16373352424341525,69.42931640930277
SUB1187486,Other,107.16,0.98505,0.27926193991333825,71.64997310660999
SUB3457184,High Value High Error (Model Fix),426.07,5.75458,0.9478611511086363,83.52857808721686
SUB8706113,Other,81.81,0.6654800000000001,0.04083114435208568,93.86440699163225
SUB7695233,High Margin (Upsell Target),79.0,0.28247000000000005,0.23698393888285724,16.10297062241753
SUB1542955,Other,171.51,1.79594,0.25601690806117827,85.74468478561765
SUB1872834,Other,286.96,3.065,1.143675139040433,62.68596609982274
SUB5902444,High Value High Error (Model Fix),357.05,4.13425,1.0209021548718415,75.30623075837596
SUB9379482,High Value High Error (Model Fix),426.12,5.75537,0.6125287347307111,89.35726574085226
SUB4459544,Other,98.54,0.87637,0.08838200365147053,89.91498982718822
SUB6077198,High Margin (Upsell Target),60.4,0.39881,0.04680485352031477,88.26387163804449
SUB2636617,High Margin (Upsell Target),44.48,0.25894,0.0218351896523562,91.56747136311262
SUB8008642,Other,261.83,2.1680300000000003,0.4667346216157451,78.47194819187257
SUB3141912,Low Margin Heavy (Optimize),366.48,4.25304,0.09711481281384238,97.71657889853276
SUB1388742,High Margin (Upsell Target),46.58,0.27738,0.06916246231263473,75.06580780422715
SUB6271810,Other,148.59,1.5071700000000001,0.051197986980068055,96.60303834470776
SUB1865256,Other,99.14,0.8839600000000001,0.0928290937601699,89.49849611292707
SUB6585709,Other,203.08,1.652,0.3043369516400267,81.57766636561581
SUB7665088,Other,131.79,1.29537,0.28077939045609446,78.32438681951146
SUB2357453,Other,130.6,1.01536,0.3453570666974308,65.9867370491815
SUB9061792,High Margin (Upsell Target),163.4,1.24398,0.2691186403864321,78.3663209708812
SUB3712188,Low Margin Heavy (Optimize),558.4,7.67243,0.26089491846334933,96.59957903215344
SUB6194914,Other,90.95,0.7807000000000001,0.08281681819428321,89.3919792245058
SUB8724578,High Margin (Upsell Target),58.63,0.37335,0.06507822911074834,82.56910965294004
SUB7932973,Other,103.79,0.94257,0.12135774811634392,87.12480260178619
SUB5312717,High Value High Error (Model Fix),674.97,10.40216,0.7148917731426927,93.1274680148864
SUB1354182,Other,581.26,4.97372,0.23925327208946534,95.18965136578929
SUB4689638,Low Margin Heavy (Optimize),511.79,6.99692,0.07989568477885278,98.85813065207473
SUB8336302,High Value High Error (Model Fix),575.57,7.92132,1.4760444274555287,81.36618104740714
SUB5246049,High Margin (Upsell Target),148.85,1.0294100000000002,0.20002800797291642,80.56867448607295
SUB3819127,Other,122.29,1.1756300000000002,0.055856554777570455,95.24879811015622
SUB2459700,Other,304.4,3.47075,0.04962869187666685,98.57008739100579
SUB5385010,Other,219.25,2.06707,0.2776998047065651,86.56553456309825
SUB8276281,High Value High Error (Model Fix),408.22,4.85216,0.6991834787987887,85.59026333017071
SUB6875293,Other,307.36,2.56794,0.4679349165163371,81.7778095860364
SUB8045472,Other,263.97,2.96114,0.8009691752626682,72.95064822120304
SUB1513313,Other,123.71,1.1936300000000002,0.17407530651617975,85.41630936586884
SUB6538917,High Value High Error (Model Fix),939.79,14.666469999999999,1.3699923052802845,90.65901811901375
SUB1549239,Other,370.71,3.1243499999999997,0.19975509027012306,93.60650726486716
SUB1842840,High Value High Error (Model Fix),385.06,4.51087,1.5515851206026756,65.60341750920165
SUB9884263,Other,277.0,3.12542,1.215086841721166,61.12244620815231
SUB7906726,High Margin (Upsell Target),102.69,0.77026,0.058775676669708066,92.36937181345155
SUB9527835,Other,234.53,2.59014,0.010660588318542885,99.58841652117094
SUB9143179,Other,129.26,1.26347,0.2765182299313116,78.11438103545699
SUB4295990,Other,342.84,3.88852,0.2801830577252109,92.79460931857851
SUB1048984,High Value High Error (Model Fix),824.37,14.037030000000001,2.783865043719846,80.16770610506748
SUB1208150,High Margin (Upsell Target),91.08,0.17809,0.20706876872372407,-16.271979742671718
SUB9349065,Low Margin Heavy (Optimize),384.49,4.47999,0.07545441769874461,98.31574584544286
SUB7200646,Other,198.89,1.61517,0.19303881966536252,88.04838997347879
SUB6766140,Other,204.63,2.2134,0.1214128935031149,94.51464292477117
SUB4403096,Other,160.45,1.65661,0.4822454419291,70.88962146014451
SUB9120459,High Value High Error (Model Fix),616.04,10.113790000000002,2.2263035947261205,77.98744491702794
SUB5755997,High Value High Error (Model Fix),520.64,7.48543,0.7464740819086613,90.02763926843667
SUB5464344,Other,227.1,2.4965900000000003,0.466514522282131,81.313931311023
SUB2046251,High Value High Error (Model Fix),681.78,10.5118,1.4685754938006461,86.02926716831897
SUB9750364,High Margin (Upsell Target),94.89,0.70172,0.15615948887296016,77.74618239854071
SUB4018439,High Value High Error (Model Fix),416.89,4.88833,1.183769770758921,75.78375905966003
SUB2646711,Other,121.64,1.16749,0.21835460062320977,81.29709028572324
SUB4927352,High Value High Error (Model Fix),535.88,7.7438,0.9982047556622797,87.1096263376859
SUB8319764,Low Margin Heavy (Optimize),646.07,8.943040000000002,0.031641317178360495,99.64619058867723
SUB2281258,Low Margin Heavy (Optimize),636.15,8.79924,0.23947089247498532,97.27850482001871
SUB9740245,Other,197.94,2.129,0.4186545164977771,80.33562628004805
SUB2217309,High Margin (Upsell Target),106.31,0.40256000000000003,0.15453587884548348,61.61171531064103
SUB6108728,High Value High Error (Model Fix),617.07,8.522770000000001,1.277576121354599,85.00984866006476
SUB1270001,Other,275.9,3.11153,1.2002460216262554,61.425857323366465
SUB2579889,Other,204.6,2.2129899999999996,0.1256531469841069,94.322019214542
SUB7041084,High Margin (Upsell Target),88.05,0.13343,0.07688282357558832,42.37965706693523
SUB3234489,High Value High Error (Model Fix),814.54,12.64953,0.8530588711981864,93.25620105096247
SUB6168638,Other,156.72,1.24482,0.012948268266256502,98.95982806620583
SUB5325001,High Value High Error (Model Fix),660.24,9.85156,1.8222654235038398,81.50277292627929
SUB8213741,High Margin (Upsell Target),37.45,0.19722,0.09932550852993496,49.63720285471304
SUB8412620,Other,115.48,1.0897999999999999,0.5696762910015527,47.72652862896377
SUB9165571,Other,123.03,1.18502,0.24542110855608512,79.28970746855875
SUB7630064,Low Margin Heavy (Optimize),464.82,6.31618,0.11297582372847881,98.21132672392999
SUB4080761,High Margin (Upsell Target),45.54,0.2085,0.038910422620284296,81.33792680082288
SUB6107385,High Margin (Upsell Target),143.32,0.9479299999999999,0.07022420596878454,92.59183632032064
SUB9607009,High Value High Error (Model Fix),468.52,6.60204,2.10685280172068,68.0878516076746
SUB4695611,High Margin (Upsell Target),129.86,0.74962,0.10268884718866744,86.30121298942565
SUB4844328,High Margin (Upsell Target),52.59,0.33013,0.04433862733362204,86.56934318794958
SUB6516829,Low Margin Heavy (Optimize),419.28,5.65629,0.053864017087184024,99.0477147195921
SUB5474220,High Value High Error (Model Fix),859.21,8.52742,0.6348944545501993,92.55467123056916
SUB9752084,Other,159.49,1.64451,0.12473845441180131,92.41485582867837
SUB2897465,High Value High Error (Model Fix),523.06,7.160220000000001,0.6646336497325338,90.71769233721123
SUB8731445,Other,292.98,3.32672,0.3509326947147353,89.45109012135872
SUB4734049,High Value High Error (Model Fix),1335.37,23.08887,3.7524640876564597,83.74773608385141
SUB9341219,Other,167.75,1.7485899999999999,0.49296784489057965,71.80769391963926
SUB1689556,Other,266.99,2.99926,0.47609640333395786,84.12620435260838
SUB4527110,Other,222.39,1.8215899999999998,0.1105108377594557,93.93327599737286
SUB7739202,Low Margin Heavy (Optimize),362.99,4.18552,0.4328733591976883,89.65783560471128
SUB1552226,High Margin (Upsell Target),115.95,0.5445599999999999,0.04397335510615463,91.92497518984968
SUB5550056,Other,172.07,1.80301,0.01785415237581356,99.00975854954694
SUB7486460,Other,183.08,1.53391,0.08755796782304537,94.29184451349522
SUB2360764,Low Margin Heavy (Optimize),623.16,8.610959999999999,0.3280479259285727,96.19034432945254
SUB3133643,High Margin (Upsell Target),99.49,0.74214,0.017210275084327598,97.68099346695669
SUB3907360,Other,130.4,1.27783,0.1200257161569076,90.60706696846157
SUB2406150,Low Margin Heavy (Optimize),381.83,4.463220000000001,0.11517834513987246,97.419389025415
SUB9706483,High Margin (Upsell Target),46.59,0.27748,0.15205889741293666,45.20005138642905
SUB4651387,Other,75.4,0.5847,0.06795976078041954,88.37698635532418
SUB8136029,High Margin (Upsell Target),129.66,0.7467,0.2514446759852319,66.32587706103764
SUB5822139,Other,317.11,3.6309,0.11957579056290024,96.70671760271833
SUB6241684,High Margin (Upsell Target),79.0,0.20065,0.04757508698332813,76.28951558269219
SUB7086368,High Margin (Upsell Target),134.82,0.82269,0.09129667427567623,88.90266391038226
SUB3263567,Other,168.44,1.75732,0.39382484141384744,77.58946342078578
SUB5000740,High Margin (Upsell Target),102.69,0.7702100000000001,0.056896193954257046,92.61289856607198
SUB9169815,Other,145.04,1.46242,0.6054146222827648,58.601863877493145
SUB7347572,High Value High Error (Model Fix),568.51,7.81902,1.2175588963273505,84.42824169362208
SUB9047252,Other,161.45,1.66924,0.1483590500837355,91.11217978938106
SUB3432593,Other,249.58,2.77982,0.17865827017101443,93.57302738411069
SUB7892180,High Margin (Upsell Target),55.06,0.32841000000000004,0.0368440410502161,88.78108430004686
SUB1641593,Other,93.52,0.81311,0.0010766605618388603,99.86758734219984
SUB5408285,Low Margin Heavy (Optimize),905.58,14.11563,0.05037378963515593,99.6431346696169
SUB2143647,High Margin (Upsell Target),110.34,0.46188999999999997,0.05200695136601424,88.74040326354451
SUB2985588,Other,128.98,1.26005,0.16331885815751424,87.03870019780848
SUB2052425,Low Margin Heavy (Optimize),682.47,9.47052,0.46554302688054783,95.0842928700795
SUB7337479,Other,77.2,0.60749,0.27298116521754745,55.064089084997704
SUB2743227,Other,125.82,1.22015,0.13688018758861475,88.7816917929259
SUB5109803,Other,242.28,2.40653,0.06579765962977646,97.26586996090734
SUB2286188,High Margin (Upsell Target),79.0,0.24574000000000001,0.08151302779165126,66.8295646652351
SUB5817167,High Margin (Upsell Target),146.4,0.9933,0.027979302733947553,97.18319714749344
SUB4070771,High Margin (Upsell Target),32.79,0.15622,0.10477855900459536,32.92884457521741
SUB8546691,Other,322.05,3.69309,0.4972154180161312,86.53660165292123
SUB2134106,Low Margin Heavy (Optimize),414.73,5.5903599999999996,0.16139844737089337,97.11291495769694
SUB6923808,Other,267.8,3.0095,0.14333451226674,95.23726491886559
SUB8321105,High Margin (Upsell Target),110.56,0.83936,0.09149968637112393,89.09887457454204
SUB6222798,Other,228.8,2.20778,0.00011765989778300678,99.99467066927942
SUB9429948,Other,105.79,0.96776,0.24307330627569246,74.8828938708262
SUB7145660,High Value High Error (Model Fix),675.44,10.40961,1.2447091611209302,88.04269169430046
SUB8724922,Other,91.87,0.79228,0.04488962365552163,94.33412131373737
SUB1406547,High Margin (Upsell Target),107.51,0.42019,0.013323928886160241,96.8290704476165
SUB8790574,Other,274.12,2.27598,0.003081509972274521,99.86460733520178
SUB4110997,Other,327.52,3.76203,0.1490088749417029,96.03913645181716
SUB5924191,Other,122.13,0.94096,0.015743119471342437,98.32690874518126
SUB4843139,Other,121.59,1.16686,0.22253374786488966,80.92883911824129
SUB4416403,Other,301.05,3.2726100000000002,0.372966928059256,88.60337993041469
SUB5112924,High Value High Error (Model Fix),404.38,5.440300000000001,0.4809882138142445,91.1587924597128
SUB9121849,Low Margin Heavy (Optimize),407.65,5.48772,0.3236207854952333,94.10281892124173
SUB3078937,High Value High Error (Model Fix),418.06,5.6384799999999995,1.6453496649359973,70.81926929002147
SUB7601457,Other,99.22,0.88497,0.12031079193785343,86.4050993889224
SUB2245749,Other,148.8,1.50974,0.2957406276282344,80.41115505794147
SUB6942654,Other,292.51,3.32089,0.4377319016180774,86.81883767248908
SUB7470181,High Margin (Upsell Target),132.37,0.78662,0.0953358631853688,87.88031537650087
SUB8069337,High Margin (Upsell Target),79.0,0.5422899999999999,0.024429160188280896,95.49518519827382
SUB6942712,Other,277.37,3.13,0.2987858503315435,90.45412618749063
SUB2548496,High Value High Error (Model Fix),998.61,15.61369,4.987505318605637,68.05684422704924
SUB2841646,Low Margin Heavy (Optimize),444.94,6.02818,0.047124107994990005,99.2182697266009
SUB2968921,Other,250.62,2.0696,0.31019547874564535,85.01181490405656
SUB8784197,Other,95.56,0.83882,0.1790206907989652,78.6580326173714
SUB8503416,Other,179.31,1.89422,0.2604142182936384,86.25216615315864
SUB1770692,High Margin (Upsell Target),110.08,0.83515,0.015974870612546876,98.08718546218681
SUB8334901,High Margin (Upsell Target),34.72,0.17317,0.027580470864430495,84.07318192271728
SUB4486444,Other,195.73,1.72037,0.28925257168528207,83.1866068528699
SUB3931531,High Value High Error (Model Fix),384.95,4.48588,0.5151189398607499,88.51688097183273
SUB9325032,High Value High Error (Model Fix),387.94,5.23633,0.7051738139884858,86.53305246253606
SUB2954109,Other,198.22,1.75707,0.37020594030084486,78.93049563757592
SUB2962889,Other,135.77,1.0608199999999999,0.22853296371031184,78.45695181931791
SUB8919584,Other,258.61,2.89363,0.2173569344060713,92.48843375255056
SUB1947272,Other,281.64,2.98656,0.23889914059082873,92.00085916268789
SUB8660771,Other,280.29,3.16688,0.024656994176495584,99.22141053098015
SUB7721308,High Margin (Upsell Target),103.59,0.36246,0.04128982827701855,88.60844554515849
SUB8392367,Other,146.49,1.4806199999999998,0.11266671360599556,92.39057194918375
SUB2515719,High Value High Error (Model Fix),381.16,4.43812,1.3442589321607556,69.71107288309564
SUB5289991,Other,126.05,1.2230699999999999,0.10564669148563022,91.36217129962878
SUB7824125,Other,191.32,2.04557,0.017103420498150168,99.16387996997658
SUB3901717,Other,188.19,1.60923,0.11766053930209819,92.68839511430323
SUB5866940,Other,121.21,1.16207,0.07360801332803235,93.66578490727474
SUB5062118,High Margin (Upsell Target),79.0,0.24103,0.06037824423360466,74.94990489416062
SUB7674106,High Margin (Upsell Target),86.7,0.62976,0.27689956114555936,56.03093858842109
SUB2550184,High Margin (Upsell Target),69.56,0.5111100000000001,0.09550001324454949,81.3151741807929
SUB9010643,High Value High Error (Model Fix),498.9,7.1170100000000005,0.6764647850082133,90.49509857358339
SUB5098535,High Value High Error (Model Fix),634.32,8.77275,0.8967216014925299,89.7783294691798
SUB5081534,Other,90.75,0.7782,0.059654134890031796,92.33434401310308
SUB5785613,High Value High Error (Model Fix),1231.99,19.371869999999998,4.878414588655952,74.8170177238648
SUB9497552,High Value High Error (Model Fix),366.21,4.249680000000001,0.4894760761335739,88.48204862169449
SUB4207393,Other,165.03,1.71426,0.12119514878870263,92.93017693997977
SUB8366604,Other,84.17,0.69525,0.012610667372340845,98.18616794356838
SUB1317537,Other,195.76,2.10161,0.2989826383729075,85.7736383832915
SUB6124795,Other,194.7,2.08827,0.025671254682092304,98.77069274173874
SUB1533634,High Margin (Upsell Target),99.5,0.74222,0.02972288524276223,95.99540766312384
SUB5131279,High Value High Error (Model Fix),1313.84,22.708389999999998,6.037798913225611,73.41159407062494
SUB8586288,High Margin (Upsell Target),152.34,1.0808900000000001,0.16146059926908407,85.06225432106098
SUB1661440,Other,149.31,1.51614,0.2916803659953713,80.76164694583804
SUB7423388,Other,89.02,0.7564099999999999,0.012546223276205581,98.34134619105967
SUB5317293,High Value High Error (Model Fix),1192.54,20.56445,1.5733690682879669,92.34908267282633
SUB3667867,Low Margin Heavy (Optimize),555.63,7.632350000000001,0.2595113832649609,96.59984954483271
SUB8967801,High Margin (Upsell Target),157.96,1.16368,0.13347807881056006,88.52965774005224
SUB6410897,High Margin (Upsell Target),35.42,0.17939,0.023783955848454497,86.74176049475751
SUB5695781,High Margin (Upsell Target),79.0,0.30246,0.12647071922083974,58.18596865012242
SUB8277186,Other,163.04,1.3003399999999998,0.010739879717582168,99.1740714184304
SUB6171748,Other,146.76,1.15732,0.2604761939107778,77.4931571293352
SUB6382287,Other,80.15,0.6446000000000001,0.2297286075701538,64.36105994878162
SUB8395873,Other,182.14,1.4681,0.15945104394115917,89.13895211898651
SUB8389434,Other,140.26,1.40213,0.43212374888875704,69.18090698517562
SUB5636440,Other,111.23,1.03627,0.1608653095835445,84.47650616310956
SUB2828022,Other,133.82,1.32092,0.27744258805859556,78.99626108631897
SUB1368893,Other,201.05,1.7988,0.7280089751796166,59.52807565156679
SUB9774533,Other,199.44,2.148,0.2495574792275126,88.3818678199482
SUB7700379,Other,271.43,3.05521,0.36515538177474216,88.04810858256087
SUB4737973,High Value High Error (Model Fix),423.63,4.97322,0.7351965301935914,85.21689106467055
SUB1000917,Other,185.14,1.56426,0.21130909739885717,86.49143381542345
SUB1486799,Other,192.14,2.0559600000000002,0.48796898687690016,76.26563810205937
SUB5268173,Other,127.73,1.24422,0.18178576529974988,85.38958019484096
SUB3619909,High Margin (Upsell Target),35.54,0.0824,0.02585282357558833,68.62521410729572
SUB6176367,Other,126.24,1.22547,0.09689899001540536,92.09291210593443
SUB1443035,High Margin (Upsell Target),120.17,0.60682,0.07390796172102965,87.82044729556875
SUB2222869,Other,552.88,4.7244399999999995,0.3151534357700516,93.32929541342357
SUB5025942,Other,216.29,2.36032,0.4114148869521963,82.56952926076988
SUB9033951,High Value High Error (Model Fix),402.4,5.41158,1.2047084991542194,77.73832228010637
SUB5314896,High Margin (Upsell Target),124.25,0.66695,0.09312185233253445,86.03765614625767
SUB3332517,High Margin (Upsell Target),44.28,0.25717,0.09418397781988211,63.37676330058634
SUB8955229,Other,560.95,4.79536,0.36596617761716566,92.36832734941348
SUB3363162,Other,179.61,1.89808,0.3754636170263279,80.21876754265743
SUB9997354,Other,176.42,1.8578800000000002,0.5541766434080566,70.17155879776647
SUB5513552,Low Margin Heavy (Optimize),389.1,4.57032,0.22381049791535546,95.10295782537425
SUB5256146,High Value High Error (Model Fix),424.67,5.734310000000001,2.229220951605469,61.124861550814856
SUB6371159,High Margin (Upsell Target),118.3,0.57924,0.08990381456891283,84.47900445947917
SUB8745269,Other,140.99,1.4113099999999998,0.1844015971894548,86.93401186206752
SUB9621837,High Value High Error (Model Fix),549.29,7.5405,1.9712611663456254,73.85768627616702
SUB6250295,Other,216.56,2.36375,0.4129950557642159,82.5279722574631
SUB6321129,Other,215.23,2.34694,0.3399673823987861,85.51444082938694
SUB7905043,High Value High Error (Model Fix),585.66,8.587399999999999,2.502430914992612,70.8592715490997
SUB3589644,Other,160.36,1.6554,3.081333043386536e-06,99.99981386172264
SUB5614466,High Value High Error (Model Fix),1480.27,16.445220000000003,1.3561190836934358,91.75371880890961
SUB7254887,High Margin (Upsell Target),117.13,0.56201,0.3727187274703839,33.681121782462256
SUB8110953,High Margin (Upsell Target),60.52,0.3998,0.17843654780217438,55.36854732311796
SUB2418175,Low Margin Heavy (Optimize),395.44,5.310779999999999,0.22400819770483782,95.78200946556179
SUB1592632,Other,171.72,1.3665999999999998,0.10434877459751468,92.36435133927156
SUB3897706,High Value High Error (Model Fix),468.55,6.37025,0.5071562106611527,92.0386764936831
SUB4714379,Other,77.52,0.6115,0.0512972230246429,91.6112472568041
SUB5272513,Other,266.38,2.99154,0.2938953891564746,90.17578273543143
SUB3891912,Other,268.64,3.02009,0.16605373100369913,94.50169594271365
SUB2093956,High Margin (Upsell Target),113.72,0.51168,0.03841128595392884,92.49310390206206
SUB9594859,High Margin (Upsell Target),146.7,0.99783,0.03609376105470219,96.38277451522782
SUB6668889,Other,180.66,1.9113399999999998,0.7161370361539443,62.53220064698356
SUB7129877,Other,334.34,3.84796,0.35294683802120685,90.82768952844606
SUB5183839,Other,188.81,1.61848,0.19581949516263464,87.90102471685566
SUB4149783,High Value High Error (Model Fix),1048.51,16.417180000000002,3.196112496666787,80.53190318515855
SUB2935772,High Value High Error (Model Fix),524.84,7.18615,0.9401501380604582,86.91719296061927
SUB1268449,High Value High Error (Model Fix),1198.76,20.6745,4.709737006464856,77.21958448105224
SUB9975979,High Value High Error (Model Fix),857.43,13.340209999999999,2.0968292431343833,84.28188729312069
SUB5079430,Other,193.68,2.07539,0.06780394479518081,96.73295405706008
SUB4665842,Other,258.95,2.89791,0.31353348313812957,89.18070322618269
SUB5037746,Other,92.03,0.7943,0.01108608018988233,98.60429558228851
SUB3368403,Low Margin Heavy (Optimize),348.83,4.03061,0.13689706430414983,96.6035646141862
SUB8433976,High Margin (Upsell Target),96.26,0.71377,0.1336943118385997,81.26927275752698
SUB8558158,Other,271.82,2.8418200000000002,0.07494245356893536,97.36287120335084
SUB1726448,High Margin (Upsell Target),113.9,0.51437,0.0025746890000419853,99.49944806267045
SUB3293474,High Margin (Upsell Target),92.57,0.20002,0.025579454044647343,87.21155182249407
SUB4498408,High Value High Error (Model Fix),641.91,8.88281,0.9488557602836174,89.31806759028261
SUB8178560,High Value High Error (Model Fix),356.72,4.1301000000000005,0.8265114570573502,79.98810060150238
SUB5982042,High Value High Error (Model Fix),717.39,11.08519,1.6759607618977839,84.88108221963012
SUB4943439,Other,251.68,2.80634,0.007912037644095982,99.71806560701498
SUB5213085,High Margin (Upsell Target),145.93,0.9864700000000001,0.14911108252478156,84.88437737338373
SUB8136940,High Value High Error (Model Fix),388.7,4.56449,0.6172371674834998,86.47741220851618
SUB4727661,Other,174.0,1.4000899999999998,0.2545277461797262,81.82061537617395
SUB6270637,Other,203.8,2.20287,0.3392118545116447,84.60136755634038
SUB2620706,High Margin (Upsell Target),76.97,0.5443,0.010411665289531635,98.08714582224295
SUB1828791,High Value High Error (Model Fix),906.22,14.12593,4.9760129158874875,64.77390928676917
SUB7961383,Other,207.66,1.69221,0.3756871557260524,77.79902283250587
SUB9259282,Other,162.8,1.6861400000000002,0.05649948088059431,96.64918210346742
SUB3710241,Other,250.33,2.78933,0.10593386634715474,96.2021752052588
SUB5458434,Other,317.39,2.6560799999999998,0.11231579595700225,95.7713699904746
SUB2041566,High Value High Error (Model Fix),1222.35,19.21656,1.4812174216395988,92.29197410129805
SUB4188729,Other,164.0,1.70127,0.33174998083589236,80.49986299435761
SUB7610734,High Margin (Upsell Target),29.0,0.11964,0.0449539899049293,62.425618601697344
SUB6494339,Other,309.46,3.39663,0.39751062698981254,88.29691114458117
SUB5981505,High Value High Error (Model Fix),469.06,6.37766,0.5880946248541594,90.77883385357389
SUB8150406,Low Margin Heavy (Optimize),833.7,12.95808,0.3754569598131816,97.10252630163433
SUB3129885,High Value High Error (Model Fix),531.53,5.217479999999999,0.9066413741955959,82.62300240354355
SUB2385049,High Margin (Upsell Target),125.84,0.69038,0.04763553621563699,93.10009904463672
SUB6338938,High Value High Error (Model Fix),540.87,7.41836,1.414953648458713,80.92632807711256
SUB5127436,High Value High Error (Model Fix),541.99,7.434699999999999,1.0127272262099503,86.3783713369746
SUB4080201,High Value High Error (Model Fix),1602.08,30.3977,3.4432286336209614,88.67273302381113
SUB1605743,High Margin (Upsell Target),89.77,0.15875,0.04892488422081083,69.18117529397743
SUB4482837,Other,176.05,1.41454,0.2128175516992623,84.95499938501122
SUB2048278,High Margin (Upsell Target),89.84,0.65737,0.04813604940970462,92.67748004781103
SUB5828761,Other,106.84,0.98098,0.3969813227646415,59.53216958912093
SUB7709914,Other,249.16,2.77456,0.25799852598917505,90.70128142879682
SUB6843493,High Margin (Upsell Target),47.09,0.28187,0.006534604839596114,97.68169551935428
SUB8466027,Low Margin Heavy (Optimize),379.71,5.09673,0.06881499753686171,98.64982061955682
SUB4775944,Other,142.0,1.42405,0.12563445798957584,91.17766525124989
SUB3695145,Other,90.87,0.77971,0.009718309717533735,98.75359945139427
SUB1058031,High Value High Error (Model Fix),428.83,5.794689999999999,0.6208182145140437,89.28642922202837
SUB5740039,Other,295.35,3.1886300000000003,1.2144005486696359,61.914660883525656
SUB8800757,High Margin (Upsell Target),29.0,0.09844,0.04685206977257131,52.40545533058583
SUB8730302,Other,301.5,3.4341399999999997,0.17693139169692396,94.84786899494709
SUB5102553,High Value High Error (Model Fix),1259.99,21.75654,4.704989303983279,78.37436787290957
SUB4678621,High Margin (Upsell Target),58.69,0.37422000000000005,0.024663263913333566,93.40942121924708
SUB9584036,Other,253.6,2.5732600000000003,0.6303159370148039,75.5051593303901
SUB7380858,Other,227.22,2.498,0.04427469657843153,98.22759421223253
SUB5773147,High Value High Error (Model Fix),378.43,5.06416,1.0597015575128328,79.07448505748569
SUB2404355,Other,335.9,2.8186,0.09551332064727847,96.61132049076568
SUB5546925,Other,158.27,1.25845,0.14762301391143873,88.26945735536265
SUB1033734,Other,259.88,2.90965,0.6120688532699967,78.96417599127054
SUB7305236,Other,151.35,1.1976600000000002,0.27011798356949845,77.44618810267535
SUB1192458,Other,284.56,3.2207,0.08874410809555755,97.24457080462143
SUB5558708,High Value High Error (Model Fix),895.32,8.89217,0.535575261390548,93.97700154865969
SUB5109070,High Value High Error (Model Fix),600.05,8.276110000000001,1.7821176073742722,78.46672401195403
SUB2897951,Low Margin Heavy (Optimize),594.96,8.20225,0.22395189605152854,97.26962850374558
SUB5056518,High Margin (Upsell Target),86.63,0.62919,0.14652496742784504,76.71212711139003
SUB6282433,High Value High Error (Model Fix),981.45,15.337299999999999,3.2682409989813586,78.69089736145632
SUB9261195,Other,186.52,1.58471,0.017172436010879366,98.91636728417949
SUB1865630,Other,175.47,1.42186,0.23881619240636098,83.20395872966671
SUB2045716,High Margin (Upsell Target),161.69,1.21879,0.04738654999220282,96.11200042729241
SUB9400728,Other,317.95,3.52175,0.21385732831048898,93.92752670375555
SUB5835451,High Margin (Upsell Target),54.16,0.344,0.052058571533895315,84.86669432154206
SUB8778748,Other,135.63,1.34382,0.2404613032020515,82.10613748849909
SUB8185300,Other,351.63,2.95675,0.08021952688666589,97.28690194008064
SUB7877037,High Margin (Upsell Target),72.45,0.50461,0.018965109629017485,96.24163024335279
SUB8468810,High Margin (Upsell Target),91.36,0.6707000000000001,0.13234539368477727,80.26757213586146
SUB1960652,Other,151.64,1.5455699999999999,0.30799002975848766,80.07272205345033
SUB7078159,Other,290.28,3.29278,0.8811740974188558,73.23920524848742
SUB2490036,High Value High Error (Model Fix),694.86,10.72238,0.9392713689967014,91.2400850464477
SUB9629348,Other,238.19,2.34618,0.1496401384293118,93.62196683846457
SUB6000546,High Margin (Upsell Target),151.29,1.06545,0.06930724618395112,93.49502593421079
SUB8205273,Other,84.09,0.69426,0.019983623473820322,97.1215937150606
SUB2327654,High Margin (Upsell Target),134.34,0.81556,0.02710217938856052,96.67686259888168
SUB9423309,High Value High Error (Model Fix),1511.26,26.197599999999998,2.3840620519160503,90.89969290348715
SUB9283161,High Margin (Upsell Target),78.72,0.5596599999999999,0.013804326392862665,97.53344416380254
SUB2043423,Other,75.15,0.5815499999999999,0.10599454915807877,81.77378571780952
SUB5421740,Other,249.7,2.78137,0.68809821289793,75.26045751201997
SUB4956778,Other,123.96,1.19676,0.097010539115709,91.89390194226837
SUB9918562,Other,156.83,1.61099,0.30322667157363936,81.17761925439392
SUB7039523,High Margin (Upsell Target),48.54,0.24631,0.07943660376970565,67.7493387317991
SUB2267633,Other,203.05,2.19342,0.16265722368165703,92.58431017854961
SUB1651824,Other,160.3,1.27626,0.07593843627720887,94.04992428837315
SUB4837478,High Margin (Upsell Target),52.02,0.3252,0.1552398434943405,52.263270758197876
SUB7393404,Other,238.24,2.6369000000000002,0.31088704362973374,88.21013145626554
SUB2296516,High Value High Error (Model Fix),903.83,14.08748,4.103883512872301,70.86857611955935
SUB1271836,Other,266.44,2.9922600000000004,0.17959689167676185,93.99795165938916
SUB4765056,High Margin (Upsell Target),147.76,1.01346,0.2399956817767197,76.31917571717486
SUB9126710,Other,255.86,2.11562,0.24723360968368402,88.31389334173036
SUB7636393,High Margin (Upsell Target),59.25,0.38126,0.033495436449455795,91.21454218920007
SUB5877708,High Value High Error (Model Fix),405.48,4.81177,0.8071014382006005,83.22651668303763
SUB5354489,Other,272.52,2.8521300000000003,0.1092372776032895,96.16997550590999
SUB5145466,High Margin (Upsell Target),51.61,0.28497,0.07675246231263472,73.06647636149955
SUB2935090,Other,115.83,1.09432,0.03008213739225929,97.25106574016199
SUB4344250,Other,237.07,1.95051,0.030497870354178724,98.43641558596579
SUB8983372,Other,135.38,1.3406099999999999,0.009275769375564069,99.30809337722648
SUB7494374,High Value High Error (Model Fix),362.01,4.17104,0.8024620566996425,80.76110378467618
SUB5622942,High Margin (Upsell Target),138.53,0.8773099999999999,0.29478192489378363,66.39934288976717
SUB6234748,High Margin (Upsell Target),61.5,0.40962,0.01427576145735332,96.51487684747978
SUB9304932,Other,127.83,1.24549,0.09022792180784878,92.75562856322823
SUB1950922,Other,216.82,2.36697,0.39618411052459646,83.26197161245827
SUB1587426,Low Margin Heavy (Optimize),399.83,5.37438,0.46850989473493154,91.28253129226196
SUB9533879,Other,129.82,1.27053,0.17337757978286872,86.35391688642781
SUB4205228,Other,259.49,2.90476,0.07716895543454472,97.34336208724491
SUB1812461,Other,296.11,3.36618,0.9354353593926357,72.2107742487735
SUB1404470,High Margin (Upsell Target),50.0,0.30742,0.07781620404832035,74.68733197309207
SUB5360866,High Value High Error (Model Fix),687.74,9.54701,1.5801102028940868,83.44916153964344
SUB7353385,High Value High Error (Model Fix),705.87,9.80976,3.299371732631215,66.3664377861312
SUB2825260,High Margin (Upsell Target),34.02,0.16707,0.03569274453968699,78.63605402544623
SUB8313184,High Margin (Upsell Target),66.67,0.47476999999999997,0.139682147764926,70.57898608485667
SUB3357821,Other,184.69,1.9620199999999999,0.17041883267385183,91.31411337938187
SUB7906571,High Margin (Upsell Target),116.14,0.5474199999999999,0.09164930332205079,83.25795489349113
SUB2908911,Other,209.63,1.7095,0.09596417027027071,94.38641882010701
SUB4710879,Other,124.61,1.20489,0.07702651505726044,93.6071745091037
SUB5959691,Other,139.73,1.09555,0.19784159925596034,81.94134459805939
SUB6534448,High Margin (Upsell Target),36.22,0.1864,0.05229196776563341,71.94636922444559
SUB3952718,Other,127.9,1.2464000000000002,0.4755067260792958,61.849588729196434
SUB8017191,Other,159.87,1.64928,0.23165909587112576,85.95392559958735
SUB5736605,High Margin (Upsell Target),46.03,0.21468,0.10518553356232707,51.00357110008987
SUB1519165,Other,157.46,1.61888,0.3143485501505634,80.58234395689838
SUB6423666,Other,143.38,1.44141,0.5472465273609732,62.03394402973663
SUB8662208,High Value High Error (Model Fix),619.32,8.55534,0.9816556886458514,88.52581325060311
SUB5777421,Other,155.16,1.58989,0.11430131992714765,92.81074037026791
SUB8840130,Other,308.29,3.5197399999999996,0.6017096080465238,82.90471432416815
SUB1663431,Other,142.54,1.4308299999999998,0.19975554813039365,86.03918368147204
SUB5900318,High Margin (Upsell Target),163.77,1.2493699999999999,0.18240675713829324,85.4001010798808
SUB5371047,High Value High Error (Model Fix),563.11,7.74069,0.7255701404794239,90.62654439747072
SUB5216794,High Value High Error (Model Fix),480.81,6.8103299999999996,3.978736837876931,41.57791417043034
SUB8064400,High Margin (Upsell Target),44.4,0.19409,0.1426485590045954,26.50391106981536
SUB9882600,Other,89.91,0.76755,0.027862888803720787,96.36989267100243
SUB2390598,High Value High Error (Model Fix),673.66,9.34284,3.4522861286240474,63.048857428533005
SUB4554382,Other,198.74,1.7648,0.15505319595153755,91.21412080963636
SUB6363240,High Margin (Upsell Target),152.51,1.0833599999999999,0.19375843087074007,82.11504662616858
SUB4703713,Other,283.13,3.0085100000000002,0.08608462209768941,97.13862935148332
SUB1636431,Other,167.96,1.75129,0.32447734790996297,81.47209497513472
SUB1130878,High Margin (Upsell Target),88.48,0.64543,0.08613150719272789,86.65517450494586
SUB7088960,Other,97.5,0.8632799999999999,0.16470170043205512,80.92140436103523
SUB5017763,Low Margin Heavy (Optimize),491.14,6.69763,0.22369151682115263,96.66013923102422
SUB9389012,Other,180.56,1.91008,0.6493868412573207,66.00211293467704
SUB5318420,High Margin (Upsell Target),61.63,0.4112,0.16925293132476615,58.839267673938195
SUB1053010,Other,110.7,1.02966,0.53961229452208,47.59315749644737
SUB8551989,High Margin (Upsell Target),114.75,0.52686,0.06678304704799709,87.32432770603252
SUB2169070,High Margin (Upsell Target),64.39,0.43385,0.3080182164869752,29.003522764325183
SUB2004646,Other,294.32,3.3436500000000002,0.3843541725790742,88.50495199619954
SUB4858884,Other,106.0,0.9704400000000001,0.04944573053112211,94.90481322584372
SUB3650432,Other,299.8,3.41274,0.3692034753447597,89.18161139305192
SUB4861774,Low Margin Heavy (Optimize),435.08,5.88516,0.16117896367684814,97.2612645420541
SUB7194224,High Value High Error (Model Fix),634.15,8.77027,0.7058695232074772,91.95156451047143
SUB8017955,High Margin (Upsell Target),138.82,0.88163,0.16246824685135108,81.57183321219206
SUB9173192,Other,316.49,3.6230700000000002,0.312278452679283,91.38083303167527
SUB9102873,Other,93.4,0.81165,0.2715127176241958,66.54805425686
SUB3444026,Other,236.01,2.6088400000000003,0.2743180983819222,89.48505472233168
SUB3118736,Other,223.3,2.1267600000000004,0.30298198222125583,85.75382355219885
SUB9242680,Other,121.08,1.1604400000000001,0.45857594024572523,60.482580724059396
SUB6800629,High Margin (Upsell Target),40.53,0.14528,0.016909861487305,88.36050283087486
SUB5125339,Other,84.03,0.69349,0.11734160547529682,83.07955334968106
SUB9910005,Other,351.28,2.95368,0.43038482595080296,85.42886074487409
SUB6697478,Low Margin Heavy (Optimize),443.84,6.012239999999999,0.08354109797083087,98.61048298186981
SUB4198156,Other,322.73,2.70295,0.19516251073639435,92.77964776498291
SUB3288627,High Value High Error (Model Fix),446.7,3.7918499999999997,0.485397192780856,87.19893474739624
SUB7227740,Other,295.41,3.35738,0.804296114844159,76.0439356032335
SUB1424528,High Margin (Upsell Target),58.03,0.36584,0.10655528831260075,70.87380048310716
SUB7508676,Other,218.61,1.78838,0.1208975214460466,93.23983038022979
SUB1747419,Other,123.61,1.19227,0.07521494388487437,93.69145043615336
SUB3869760,High Margin (Upsell Target),122.85,0.64623,0.06055333344733205,90.62975512629683
SUB1285711,Other,132.55,1.30503,0.0948663126512439,92.7307178646281
SUB8360983,High Margin (Upsell Target),118.2,0.5777599999999999,0.05231155886300498,90.9457977597956
SUB3189568,Other,292.04,3.31498,0.37101913853867385,88.80780159944634
SUB9670178,High Margin (Upsell Target),68.92,0.47361000000000003,0.01966440633087463,95.84797484620793
SUB6122969,Other,98.59,0.87695,0.12562722265000847,85.67452846228309
SUB6448608,Other,112.88,1.0570599999999999,0.11625267185158972,89.00226365091956
SUB7625169,High Margin (Upsell Target),52.54,0.29669999999999996,0.04407172279672744,85.14603208738542
SUB4581877,Other,169.82,1.35985,0.11162756078299041,91.79118573497148
SUB9336484,Other,289.9,3.10834,0.38166158380271,87.72136948330267
SUB3078808,Other,111.31,1.03725,0.18847608320335596,81.82925204113224
SUB8347689,High Value High Error (Model Fix),792.73,7.8558699999999995,0.5685969329939526,92.76213922845015
SUB2355097,Low Margin Heavy (Optimize),402.15,4.70259,0.021734507662524827,99.5378183583403
SUB9312934,Other,145.98,1.47425,0.19618790566568478,86.69235844221232
SUB2553416,High Margin (Upsell Target),79.0,0.5544600000000001,0.10848392874514734,80.43430928378109
SUB5317048,High Value High Error (Model Fix),871.37,13.56472,0.6899041203175873,94.91398185648073
SUB7507552,Other,154.28,1.5788900000000001,0.21300273335201458,86.50933672694015
SUB1042137,Other,188.94,2.01566,0.0023188138093628297,99.88496007216679
SUB7307365,High Margin (Upsell Target),70.52,0.52327,0.2022958359262551,61.34006613674487
SUB6215622,Other,302.89,3.45164,0.006810668194952463,99.80268312468993
SUB8975343,Other,336.1,2.82038,0.055665918819899574,98.02629720747206
SUB3164563,High Margin (Upsell Target),29.0,0.07119,0.07919230892364365,-11.240776687236462
SUB9043846,Other,221.35,2.42401,0.3608211346120429,85.11470106921824
SUB3500120,Other,164.33,1.31165,0.036702019769045746,97.2018434971947
SUB3522620,High Value High Error (Model Fix),417.61,5.739199999999999,0.752966437699297,86.88028927900584
SUB6262696,High Value High Error (Model Fix),359.66,4.16709,1.1118608639856715,73.3180501504486
SUB9486014,Other,224.09,2.4585700000000004,0.8201688400390581,66.64041129440862
SUB6351826,High Margin (Upsell Target),70.1,0.5179199999999999,0.06253293132476623,87.92614084708715
SUB6134544,High Margin (Upsell Target),79.0,0.46518,0.13127777062995533,71.7791455716163
SUB9547900,Other,581.52,5.722390000000001,0.12390302027422351,97.83476798550565
SUB1689925,Other,105.1,0.9590700000000001,0.11613340676279593,87.89103957346222
SUB7911957,Other,286.35,2.38336,0.09744957807454657,95.91125226258112
SUB6408520,Other,82.88,0.679,0.11464800322403823,83.11516889189423
SUB5301400,Other,123.04,1.18513,0.11245289068839459,90.51134553269307
SUB2207739,High Margin (Upsell Target),79.0,0.29254,0.03909117778877008,86.63732214781908
SUB5754895,Other,558.19,4.77109,0.4596168616600176,90.36662771693643
SUB1786667,Other,377.96,3.18808,0.22095891455140615,93.06921675267226
SUB7790593,High Margin (Upsell Target),87.54,0.12583,0.03103614364724644,75.33486160117107
SUB3214669,Other,285.62,3.04528,0.377598919839528,87.60051884097594
SUB4010129,High Margin (Upsell Target),135.66,0.83514,0.33689465310440014,59.660098533850594
SUB4871018,Other,170.63,1.7849000000000002,0.2540914294306733,85.76438851304424
SUB3179441,Low Margin Heavy (Optimize),388.92,4.53587,0.4050699001288214,91.06963162240493
SUB3593050,Other,291.29,2.42681,0.15040572440940858,93.80232797749274
SUB3587551,Other,220.22,2.0813,0.34468760365970885,83.43883132370591
SUB3635122,Other,122.57,1.17921,0.3049896437884294,74.1361043589836
SUB1986275,High Value High Error (Model Fix),1264.82,21.84204,4.214770108074461,80.70340449850627
SUB2149707,Other,324.27,3.7211399999999997,0.5252055107972411,85.88589757984808
SUB5871482,Low Margin Heavy (Optimize),397.67,4.64612,0.2897674243530499,93.76323847956897
SUB3152304,High Margin (Upsell Target),29.0,0.06720000000000001,0.0143234943788191,78.6852762219954
SUB4755490,Other,225.95,2.4820300000000004,0.3501691228039929,85.89182552974812
SUB3085469,Other,213.72,2.32788,0.13130918884618747,94.35928016709678
SUB1464071,High Value High Error (Model Fix),675.36,9.36752,1.689879792717199,81.96022220697475
SUB7545535,Low Margin Heavy (Optimize),929.13,14.49485,0.4343651850676604,97.00331369370736
SUB9118612,High Value High Error (Model Fix),498.9,6.8101400000000005,1.775449348037835,73.92932673868916
SUB1468298,Other,325.13,3.7319,0.08569415203892161,97.70373932744924
SUB4948401,High Value High Error (Model Fix),358.06,4.146979999999999,0.7150215741537203,82.75801730045188
SUB4146243,Other,124.32,0.96023,0.09033404944210788,90.59245707360654
SUB7654754,Other,271.66,3.0581,0.7546577634629905,75.32265905421698
SUB6032403,Other,208.53,2.2625,0.5305357908541506,76.55090427163975
SUB5021080,High Margin (Upsell Target),64.59,0.4485,0.02475661779716043,94.4801298111125
SUB7569632,Other,266.41,2.99194,0.27735144089036634,90.7300466957771
SUB9654406,High Margin (Upsell Target),92.91,0.20505,0.0022872554603130257,98.8845376930929
SUB3363999,Other,127.87,0.9914,0.12093029830957869,87.80206795344174
SUB3496081,High Value High Error (Model Fix),966.12,10.674790000000002,1.4535567578630424,86.38327538187598
SUB2414466,Other,90.19,0.77119,0.09732743841167313,87.37957722329476
SUB6362695,High Margin (Upsell Target),31.07,0.14118,0.009202308923643654,93.48186079923244
SUB5491260,High Margin (Upsell Target),126.6,0.70151,0.03700353022678571,94.72515997964595
SUB7087494,Other,105.44,0.96329,0.2022410269929351,79.00517736165276
SUB6595108,High Margin (Upsell Target),53.63,0.31043,0.053496717232732804,82.76689842066398
SUB8265795,High Value High Error (Model Fix),549.68,7.5461,1.574111002519099,79.14007232187356
SUB2838346,High Value High Error (Model Fix),1597.54,30.31004,5.769389390768474,80.96541808995147
SUB4079676,Other,314.16,3.5936399999999997,0.3664484364359759,89.80286182155207
SUB6860616,Other,107.41,0.9881,0.06574681026095497,93.34613801629845
SUB1945424,Other,333.33,3.83528,0.1797435062893351,95.31341893448888
SUB1996161,Other,174.86,1.4041199999999998,0.04102825054909531,97.07800967516343
SUB4472696,Other,126.94,1.23428,0.2867682418553261,76.76635432354684
SUB8849453,Low Margin Heavy (Optimize),483.42,6.5857600000000005,0.08799222801816686,98.66390169064516
SUB4293331,Other,272.13,2.84642,0.11793175762236485,95.8568392007376
SUB6333152,Other,225.92,2.48163,0.3569898738979136,85.61470187344956
SUB6853584,High Value High Error (Model Fix),681.08,10.50052,2.4255210926033097,76.90094307135922
SUB9111184,Low Margin Heavy (Optimize),663.53,10.21784,0.40119793433328077,96.07355434873436
SUB1723809,High Margin (Upsell Target),39.45,0.13172999999999999,0.018652308923643668,85.84050032365926
SUB9339150,Other,592.12,5.829470000000001,0.3272581683818476,94.3861419926366
SUB3299435,High Margin (Upsell Target),53.41,0.30767,0.012624307604183982,95.89680254682484
SUB7901013,High Margin (Upsell Target),79.0,0.26319,0.04688984574452815,82.18403216515516
SUB7241602,Other,342.54,3.88422,0.3588798105814712,90.76056941724539
SUB8855506,High Margin (Upsell Target),112.13,0.85317,0.27123213739225926,68.20889888389661
SUB5854487,High Margin (Upsell Target),83.45,0.60127,0.0130661860965261,97.82690204125832
SUB6521452,High Margin (Upsell Target),34.51,0.06941,0.0787963282591348,-13.523020111129227
SUB9887324,High Value High Error (Model Fix),528.93,4.514069999999999,0.5706551542392617,87.3583007299563
SUB6925803,High Value High Error (Model Fix),663.97,9.20242,2.5843432499837675,71.91669962918702
SUB8249127,Other,205.21,1.67067,0.1950971028113626,88.32222384963143
SUB2255959,High Value High Error (Model Fix),744.74,11.52561,1.174822343110451,89.80685323284017
SUB9694353,High Margin (Upsell Target),164.02,1.25311,0.29343118311597505,76.58376494354246
SUB1047367,High Value High Error (Model Fix),536.18,7.748819999999999,0.7918154292271087,89.78147086618209
SUB3567587,Other,203.63,1.65686,0.07973740087603387,95.18743883755816
SUB4772217,High Margin (Upsell Target),79.0,0.45217,0.12160917497836315,73.10543048447195
SUB2707923,Low Margin Heavy (Optimize),676.19,9.37953,0.34748454149143093,96.29528834076514
SUB1211830,Other,130.69,1.28158,0.028130678111264018,97.80500022540427
SUB6462610,Other,83.14,0.68235,0.056072842665931044,91.78239280927221
SUB4961676,Low Margin Heavy (Optimize),1083.4,16.97914,0.11273971117913817,99.33601047415159
SUB4457521,Other,101.36,0.9119700000000001,0.04207404944210791,95.3864656247346
SUB8506161,High Value High Error (Model Fix),686.84,10.5933,1.5347286648233673,85.51227035179437
SUB9593059,High Value High Error (Model Fix),968.69,15.1319,3.5778988946171157,76.35525681099455
SUB4788963,Other,110.98,1.03319,0.02538993733960382,97.54256842017404
SUB4879928,High Value High Error (Model Fix),371.4,4.315,0.6093655893343972,85.8779701197127
SUB4301106,High Margin (Upsell Target),60.46,0.39642,0.16380285305371,58.67946797494829
SUB8527872,Other,184.77,1.96306,0.07921451917865308,95.96474284134703
SUB4405914,High Value High Error (Model Fix),604.87,8.34588,0.9972669442952036,88.05078740294368
SUB9158470,High Margin (Upsell Target),122.28,0.6379199999999999,0.03262763120173784,94.88530988184445
SUB5437677,Other,224.84,2.4680999999999997,0.45863886068907567,81.41733071232625
SUB2528362,High Margin (Upsell Target),115.13,0.5324500000000001,0.12626669226785137,76.2857184209125
SUB7210715,Low Margin Heavy (Optimize),434.5,5.87686,0.1498289824362109,97.4505266003238
SUB9167399,Other,183.93,1.95244,0.3630656269943362,81.40451809047468
SUB3007635,High Value High Error (Model Fix),389.67,4.545310000000001,0.5084756548034859,88.81317985344265
SUB2779892,High Value High Error (Model Fix),676.75,10.43069,1.1995040441723805,88.50024260933475
SUB8669510,Other,208.05,2.25646,0.3410664546732849,84.88488806921971
SUB8343728,Other,328.32,3.77214,0.19200264794639121,94.90998086109235
SUB7257838,Other,270.67,3.04561,0.8460071042296242,72.22208016687546
SUB4211369,Other,79.96,0.64219,0.013795531729160482,97.85179904247022
SUB8690115,Other,193.61,1.56886,0.1167398893661582,92.55893519076538
SUB4600957,High Value High Error (Model Fix),1239.44,13.74234,0.7118877560850212,94.81974863025495
SUB4122951,High Margin (Upsell Target),136.17,0.8426,0.13583352244012648,83.87924015664295
SUB3657885,Other,202.71,1.64878,0.2827606131129452,82.85031276986953
SUB8413718,Other,214.47,2.33732,0.08775648134585046,96.24542290547078
SUB5025282,High Value High Error (Model Fix),469.92,6.62572,2.4353014520874003,63.24472733397427
SUB3302690,Other,152.4,1.55511,0.4514554787971279,70.96954692612562
SUB3317336,Other,276.6,2.29775,0.5836065259876995,74.6009563273768
SUB4119734,Other,119.31,1.1380599999999998,0.08088753104196855,92.89250733335953
SUB9361735,High Value High Error (Model Fix),408.81,3.45904,0.5917353403418506,82.89307610372096
SUB9652233,High Margin (Upsell Target),75.12,0.52804,0.046589039846116176,91.17698662106731
SUB3526297,High Value High Error (Model Fix),501.11,6.8421199999999995,1.1541487731572362,83.13170810863832
SUB1649150,High Margin (Upsell Target),67.66,0.48724,0.06517981449635041,86.62264705353616
SUB7280757,Other,90.8,0.77889,0.09373820929259769,87.96515434880436
SUB5266399,Other,326.98,2.74029,0.3326613379983212,87.86036010793306
SUB9054515,High Margin (Upsell Target),45.67,0.26937,0.02599332708071922,90.35032591575929
SUB7789177,Other,407.26,3.4454000000000002,0.1877107432284264,94.55184468484279
SUB1937841,Other,147.22,1.48991,0.08984478693143028,93.96978428687436
SUB4346145,Other,146.62,1.48234,0.40668614880778,72.56458377917482
SUB1144356,High Margin (Upsell Target),66.1,0.44887,0.03664666073361933,91.83579639235874
SUB3055723,Low Margin Heavy (Optimize),511.59,6.99399,0.3412490018730283,95.12082513882594
SUB2114100,Other,329.93,3.79238,0.2834710028178993,92.5252479229956
SUB1230596,Other,205.29,1.86124,0.09307061849355347,94.99953694883231
SUB1021650,Low Margin Heavy (Optimize),824.09,12.803420000000001,0.2934911290775908,97.70771302450758
SUB2634461,High Margin (Upsell Target),137.14,0.8569199999999999,0.05965626415846481,93.03829247088821
SUB2412210,High Margin (Upsell Target),85.07,0.61548,0.0408509601538839,93.36274774909276
SUB3792537,Other,257.97,2.88559,0.38307528749865627,86.72454203477777
SUB9358827,Other,323.26,2.70759,0.40216939326179224,85.14659186724016
SUB7111053,Other,122.75,1.18149,0.028725327529435463,97.56872021519983
SUB3867695,Other,176.36,1.8571199999999999,0.6998894989618949,62.313178525787514
SUB5822455,Other,239.1,2.64775,0.25313551204745766,90.43959920508138
SUB7916950,Low Margin Heavy (Optimize),562.88,7.737430000000001,0.33180957394932786,95.71163068422813
SUB1226884,High Margin (Upsell Target),162.54,1.23126,0.03380882962747678,97.25412750942313
SUB7620090,High Value High Error (Model Fix),1294.55,22.36748,5.989031206350617,73.22438108204135
SUB8583491,High Margin (Upsell Target),100.26,0.31337,0.022177987568825552,92.9227470501881
SUB9276869,Other,330.32,3.79737,1.2515407183826968,67.04190746799242
SUB4444084,High Margin (Upsell Target),73.73,0.51585,0.15436076196542836,70.07642493642952
SUB6277420,High Value High Error (Model Fix),581.44,5.721640000000001,1.039750439489655,81.82775498826115
SUB1524658,Other,140.84,1.1052899999999999,0.05405454278666055,95.10946966075323
SUB8364534,Other,146.31,1.15336,0.23301888288737427,79.79651774923924
SUB7367712,High Value High Error (Model Fix),483.71,6.58995,1.334845950248563,79.7442173271639
SUB2504900,Other,152.67,1.55848,0.05285527257859113,96.6085369989611
SUB2160152,Other,83.06,0.68126,0.12801708839892834,81.20877661995004
SUB6518358,Other,81.59,0.66274,0.01063658357870867,98.39505936284083
SUB6133783,Other,195.4,1.7154800000000001,0.348138093564222,79.70608263784935
SUB7725275,Other,236.56,2.61578,0.4947177254700903,81.08718143459731
SUB2818352,Other,210.51,1.9382300000000001,0.23687715400113496,87.77868704946601
SUB2658332,Other,113.41,1.06372,0.5802766766743646,45.44836266363662
SUB3862750,Other,141.74,1.11325,0.01812583758376074,98.37180888535723
SUB6311154,Other,184.58,1.5560399999999999,0.42594017614144386,72.62665637506466
SUB3090212,Other,125.08,1.21089,0.012670030846603453,98.9536596349294
SUB3613275,Other,215.21,2.3466799999999997,0.1365506170584152,94.18111472129071
SUB3672762,High Value High Error (Model Fix),413.06,5.56613,0.4971687258116484,91.0679641723846
SUB5963401,Other,270.2,2.24153,0.02845762385620576,98.73043752007754
SUB9256327,High Margin (Upsell Target),79.0,0.55204,0.2909598046807129,47.29370975278731
SUB4374775,Other,122.84,0.94724,0.2667593723717657,71.83824876781325
SUB4128411,Other,147.5,1.1638499999999998,0.19094331588865665,83.59382086276955
SUB6182101,Other,183.72,1.4819200000000001,0.006586979751181943,99.55551043570625
SUB9686283,Other,193.2,2.06927,0.10319640305558453,95.0129077860509
SUB8371191,High Value High Error (Model Fix),848.36,13.19424,3.866257717365226,70.69738221098581
SUB5861282,High Margin (Upsell Target),37.98,0.11320999999999999,0.034996328259134804,69.08724648075717
SUB5797927,Other,156.96,1.61255,0.34990623901933704,78.30106111318489
SUB6710754,Other,150.53,1.53153,0.05897662208189569,96.14916964852823
SUB9449975,High Margin (Upsell Target),119.19,0.59235,0.08055468900004203,86.40082907064371
SUB7303816,High Margin (Upsell Target),92.79,0.68331,0.06063340863918443,91.12651525088401
SUB4626307,High Margin (Upsell Target),32.5,0.15367,0.22408905283131333,-45.8248537979523
SUB7571520,Other,106.43,0.97581,0.06379299543157868,93.46255977786878
SUB9530057,Other,254.85,2.8463000000000003,0.10621489594539701,96.26831690456393
SUB4018967,High Margin (Upsell Target),101.53,0.33212,0.06676326391333359,79.89784899634662
SUB2809858,Other,124.05,1.19786,0.12474805548843837,89.585756641975
SUB7357718,High Value High Error (Model Fix),525.88,7.20111,0.5205704348893656,92.77096954650928
SUB7062903,High Value High Error (Model Fix),653.91,9.056709999999999,0.8243216810374498,90.89822152815482
SUB3673705,Other,211.85,2.30436,0.17702662187614093,92.31775322101838
SUB5747924,High Value High Error (Model Fix),407.38,4.76849,1.3212939881265848,72.291144825163
SUB6904214,Other,117.66,1.11733,0.4223826534583093,62.197143775043244
SUB5473014,High Margin (Upsell Target),51.11,0.27864,0.04102750314579187,85.27580277569916
SUB8045927,High Value High Error (Model Fix),1190.36,18.70138,0.9544430296166944,94.89640320865789
SUB3878604,Other,284.05,3.21423,0.26839176865362946,91.6498891288542
SUB3607622,High Margin (Upsell Target),71.52,0.53586,0.10087448095192136,81.17521722988815
SUB9837718,High Value High Error (Model Fix),629.1,8.69713,3.7509597791501488,56.871292263653075
SUB6032661,High Margin (Upsell Target),154.34,1.1103900000000002,0.06801616637719388,93.87456962173707
SUB6236441,Other,127.73,1.2441900000000001,0.009301819520369126,99.25237949827847
SUB3276360,High Value High Error (Model Fix),715.42,9.94809,1.9846736618639103,80.04970138123088
SUB5694505,Other,173.29,1.8184500000000001,0.11435688581146075,93.71129886378725
SUB6318331,Other,229.57,2.5276300000000003,0.09625786345379961,96.19177397586674
SUB2236968,High Margin (Upsell Target),135.82,0.83749,0.05021130946572039,94.00454817780268
SUB1234898,Other,306.93,3.35929,0.5237042605570159,84.41026941535218
SUB7034722,Other,202.02,2.18048,0.05471283826676521,97.49078926352155
SUB9051964,Other,100.12,0.89626,0.14745221753075655,83.54805329583418
SUB6031833,Other,202.33,2.18438,0.5056108830209816,76.85334589123772
SUB2544613,Other,257.72,2.6341,0.22677136293051836,91.39093569224713
SUB8465106,Other,88.42,0.74879,0.09028962875326141,87.94192914525281
SUB7102545,Other,198.34,2.13414,0.25961262016184516,87.83525822289798
SUB2703728,High Value High Error (Model Fix),871.77,13.571219999999999,2.6856382328187447,80.21078257652042
SUB1880096,High Value High Error (Model Fix),355.03,4.0682,0.7830032089491121,80.75307976625751
SUB1309963,High Margin (Upsell Target),40.11,0.14001,0.0081963282591348,94.14589796504907
SUB6634222,Other,236.6,2.61624,0.004397126396877837,99.83192954786725
SUB2087241,Other,321.12,2.68877,0.3079195629794387,88.54793965346836
SUB4001179,High Value High Error (Model Fix),369.32,4.288810000000001,0.49985430042559154,88.34515167550926
SUB3979674,Other,327.81,3.76573,0.029783333395287492,99.20909535746621
SUB8594902,Other,90.37,0.77335,0.09952870441476602,87.13018627855874
SUB7269191,Other,124.56,1.20433,0.15476848513450636,87.1489969414939
SUB6021983,Other,123.56,1.1917200000000001,0.12698754244684385,89.34417963558187
SUB5639848,Other,198.2,2.13234,0.504846327206129,76.32430441645661
SUB9372602,Other,174.18,1.39813,0.0223510595211589,98.40136042276764
SUB4292239,Low Margin Heavy (Optimize),362.24,4.19956,0.3285296202407073,92.17704663724992
SUB8622520,Other,147.54,1.49385,0.03467711533768414,97.67867487782011
SUB6934261,High Value High Error (Model Fix),974.98,15.23324,2.311022137570875,84.82908338888592
SUB2661793,High Value High Error (Model Fix),561.31,4.79848,1.2928641833075192,73.05679750030178
SUB5027187,Low Margin Heavy (Optimize),350.56,4.05248,0.3118840232427935,92.30387261028325
SUB6834564,Other,91.36,0.7858999999999999,0.32272504917000255,58.93560896169963
SUB4603110,High Margin (Upsell Target),79.0,0.53236,0.20406371340789553,61.66809801489678
SUB9009292,High Margin (Upsell Target),96.94,0.71973,0.05142639835393781,92.85476521001794
SUB4138145,Other,154.52,1.22546,0.4500352371467904,63.276219774877156
SUB2655016,Other,96.15,0.84627,0.11474567034604988,86.44100932964068
SUB8981512,Other,188.51,2.01023,0.06310004038308548,96.86105369121516
SUB4812197,Other,202.41,2.18537,0.38601580725344986,82.3363637620426
SUB9551795,Other,184.83,1.96378,0.6458831121299278,67.11021030207417
SUB8208387,Other,168.96,1.7638900000000002,0.12279336015487874,93.03849105358731
SUB2045482,Other,138.14,1.37547,0.14133344540530524,89.72471624933257
SUB7835735,Low Margin Heavy (Optimize),412.95,4.83874,0.31898617265953266,93.40766041036441
SUB2574255,High Margin (Upsell Target),71.24,0.53234,0.06088408546594981,88.56293243679795
SUB7767315,Other,145.14,1.46359,0.3609219191095472,75.33995728929911
SUB9551881,High Margin (Upsell Target),50.92,0.27626999999999996,0.06073507247542301,78.01604500111375
SUB3073290,High Value High Error (Model Fix),431.98,5.8403599999999996,1.1904553917478227,79.61674636926794
SUB1675510,High Value High Error (Model Fix),430.8,3.65216,1.0941852469819842,70.04005172330938
SUB6429219,High Margin (Upsell Target),145.26,0.97661,0.06274860575060204,93.57485529017704
SUB4723234,Other,108.69,1.00428,0.14097286196486003,85.96279304926315
SUB8098917,Other,128.57,1.25482,0.14493701835294392,88.44957696299518
SUB5521373,High Margin (Upsell Target),140.86,0.91173,0.01641063686613431,98.20005518452456
SUB8605503,Low Margin Heavy (Optimize),570.21,7.84367,0.28263013806045745,96.39671049316892
SUB8681122,Other,158.34,1.63002,0.4407392833214967,72.96111192982315
SUB9729430,High Margin (Upsell Target),51.52,0.32074,0.06408716961449412,80.01896563743402
SUB9074444,High Value High Error (Model Fix),547.61,7.9425799999999995,0.7214737641458759,90.91638026754687
SUB7245035,High Value High Error (Model Fix),616.28,10.11828,3.528336049192598,65.12909260079186
SUB2006152,Other,297.46,3.38319,0.1139859841411659,96.63081339974504
SUB9777198,Other,205.97,1.8713199999999999,0.16166802796643154,91.36074920556445
SUB7335787,High Value High Error (Model Fix),724.18,11.194510000000001,1.451091823387216,87.03746905056839
SUB5405113,Other,154.86,1.5861800000000001,0.386809009122389,75.61380113717303
SUB6369919,Other,115.01,1.08395,0.11586039653483349,89.31127851516827
SUB5791164,Other,258.24,2.64169,0.5204454852958267,80.29876763375617
SUB1445101,High Value High Error (Model Fix),591.07,8.6791,0.5555015282671505,93.5995491667667
SUB2294416,High Margin (Upsell Target),56.71,0.36636,0.09738677401438367,73.41773828628025
SUB2384410,High Value High Error (Model Fix),688.38,10.61804,1.2565813912405197,88.16559938330879
SUB5063068,Other,166.63,1.7345,0.5470221541818197,68.46225689352437
SUB8517475,High Margin (Upsell Target),41.7,0.23451,0.09859058101966559,57.958901104573116
SUB5494445,Other,189.47,2.0223299999999997,0.7975384688966636,60.563386346606954
SUB4546434,Low Margin Heavy (Optimize),386.0,4.499029999999999,0.3606294389153657,91.98428463656909
SUB8545189,High Value High Error (Model Fix),456.54,6.19625,1.4076588065291409,77.28208502676392
SUB3145943,High Margin (Upsell Target),35.69,0.18172,0.049008098227281804,73.03098270565606
SUB5926622,Other,306.24,3.4938800000000003,0.14770516585223614,95.77246024900008
SUB7310208,High Margin (Upsell Target),143.46,0.95008,0.05249668114999595,94.47449886851676
SUB2085110,High Margin (Upsell Target),135.07,0.82637,0.09311452189936475,88.73210282326745
SUB8661434,Other,99.28,0.88575,0.003843666253387612,99.56605517884418
SUB2928356,Other,120.66,1.1551900000000002,0.040869528378573605,96.46209468757749
SUB2279372,Other,312.04,3.56702,0.34550477763876186,90.31390971626843
SUB7356381,High Margin (Upsell Target),125.33,0.6829,0.22375746345063985,67.2342270536477
SUB8903402,High Margin (Upsell Target),120.94,0.61811,0.16596160391769132,73.15015063375591
SUB6228298,Other,283.53,3.01448,0.2303573250971609,92.3583064045155
SUB3597979,Low Margin Heavy (Optimize),430.31,5.81609,0.048706260378161836,99.16256006392332
SUB2690792,Other,153.66,1.21793,0.18294937163710712,84.97866284292964
SUB7605949,High Value High Error (Model Fix),1528.38,26.50015,0.8207182175980634,96.90296765264324
SUB3999610,Other,185.33,1.97018,0.08453189036403108,95.70943312976321
SUB8456688,Other,278.76,3.14753,0.7528630350848609,76.08083052155624
SUB6087268,High Value High Error (Model Fix),360.16,4.17336,0.6987795192116746,83.25618879723592
SUB7433636,Low Margin Heavy (Optimize),392.25,4.57778,0.039517096185115896,99.13676288102278
SUB3928339,High Value High Error (Model Fix),1004.01,15.70064,0.5572222774925901,96.45095819347115
SUB7061266,High Margin (Upsell Target),50.66,0.31321,0.01580463610155136,94.9539810026655
SUB2968093,High Margin (Upsell Target),113.37,0.50651,0.09343776024973421,81.55263267265519
SUB1321243,Other,106.63,0.97827,0.2598308300351164,73.43976304751077
SUB1112035,High Margin (Upsell Target),97.88,0.2782,0.08237620492406644,70.38957407474247
SUB1726331,High Margin (Upsell Target),152.06,1.07678,0.17455854502246804,83.78883847931165
SUB7689921,High Value High Error (Model Fix),832.98,12.946549999999998,0.5791272322009409,95.52678333454904
SUB3203087,Low Margin Heavy (Optimize),700.84,9.73683,0.3356301776141102,96.55298307956377
SUB6905447,Other,115.94,1.0956199999999998,0.09361783821628356,91.4552638491189
SUB9750519,Other,100.2,0.89727,0.004047707587497951,99.54888633438118
SUB1126202,High Margin (Upsell Target),94.12,0.69499,0.06458228140932976,90.70745170299864
SUB6858204,Other,178.91,1.8891900000000001,0.10247440298366617,94.57574923730985
SUB6280156,High Value High Error (Model Fix),383.89,5.14333,0.9087952015881253,82.33060679388402
SUB3471321,Other,329.3,2.7606599999999997,0.09478960130191671,96.56641523034648
SUB8554159,High Margin (Upsell Target),47.59,0.23429,0.0609898140679975,73.96823847880938
SUB3217181,High Value High Error (Model Fix),401.73,4.6972700000000005,1.3874044069558247,70.46360105006048
SUB6629905,Other,336.35,3.87332,0.11076830936390225,97.140223132509
SUB5044064,Other,266.24,2.98979,0.1988164027928372,93.35015493419814
SUB3429700,Other,296.81,2.47524,0.29921664025540284,87.91161098497912
SUB4596436,Low Margin Heavy (Optimize),526.66,7.21242,0.3604176508189285,95.00281943066365
SUB4720464,Other,185.45,1.56892,0.1330157681772408,91.5218259581597
SUB2418351,Other,266.63,2.76532,0.13455642372770926,95.13414636542211
SUB5372472,Other,212.2,1.96313,0.08236926713257953,95.80418682753667
SUB4345647,Other,212.38,2.3110399999999998,0.15155865583628403,93.4419717600611
SUB8998799,High Value High Error (Model Fix),741.03,11.46594,1.663431802453223,85.49240792771266
SUB5391649,High Value High Error (Model Fix),652.25,10.03623,2.0194251661467764,79.87864799683969
SUB7575046,Other,256.56,2.8678600000000003,0.12109717914756812,95.77743756154177
SUB8846540,High Margin (Upsell Target),93.23,0.68711,0.24227674821915357,64.73974353172656
SUB4883424,High Value High Error (Model Fix),376.4,4.37805,1.019825590975516,76.7059400651999
SUB1785890,High Margin (Upsell Target),57.53,0.37355,0.053907253054234494,85.56893239078182
SUB5969411,Other,206.51,2.237,0.17419654559638964,92.21293940114485
SUB7646854,Other,113.26,1.0618599999999998,0.05259600535813269,95.04680415891617
SUB1713806,High Margin (Upsell Target),160.31,1.19839,0.16916442731315895,85.88402545805965
SUB8863353,High Value High Error (Model Fix),626.3,8.65651,2.0846498984031063,75.91812522132932
SUB3064618,High Margin (Upsell Target),50.62,0.27252,0.022854861711521096,91.6135103069422
SUB7930358,High Margin (Upsell Target),38.68,0.20801,0.060235851357328646,71.04184829703925
SUB8961813,Other,280.08,3.16419,0.2941061707450161,90.70516717564318
SUB1024363,High Value High Error (Model Fix),640.44,8.86148,3.0557396452930714,65.51659942477926
SUB6650352,Low Margin Heavy (Optimize),575.44,7.91941,0.08773554427147179,98.89214544680132
SUB9399625,Other,220.79,2.41703,0.369442382963304,84.71502699745953
SUB9059777,Other,129.24,1.26326,0.06506640398162844,94.84932603093358
SUB3081530,Other,116.78,1.10627,0.2507748388051342,77.33149784364268
SUB2840220,High Margin (Upsell Target),67.91,0.49031,0.16024236910631695,67.31815196379496
SUB4430460,High Value High Error (Model Fix),910.6,15.66094,1.3845692323784355,91.15909241476926
SUB6506336,High Margin (Upsell Target),68.56,0.47047000000000005,0.13945168750028436,70.35906912230655
SUB1843523,High Margin (Upsell Target),76.21,0.53764,0.4525201618524016,15.832125241350795
SUB7805360,Other,118.76,1.1312200000000001,0.05514739077486719,95.12496324544587
SUB4764993,High Value High Error (Model Fix),480.71,6.54659,2.0188001640525037,69.16256915352109
SUB5466271,Other,196.36,2.10919,0.6860904755779536,67.47137642517015
SUB8779008,High Margin (Upsell Target),88.52,0.6457999999999999,0.23255613592431423,63.98944937684821
SUB3350876,Other,199.71,1.6224100000000001,0.014663418538029216,99.09619525656096
SUB3997493,High Margin (Upsell Target),59.03,0.38677,0.1847176907157358,52.24094663088249
SUB5678714,Other,539.12,5.29416,0.18034186003339148,96.59356989525456
SUB6515989,Other,280.3,2.96677,0.3938959650675633,86.72307037392305
SUB4298273,High Margin (Upsell Target),70.6,0.52428,0.005697967155753103,98.91318243004633
SUB3892371,High Value High Error (Model Fix),503.35,7.1923699999999995,1.4611572097353855,79.6846212064259
SUB7626532,Other,121.0,1.15948,0.0683326032042324,94.10661648288608
SUB3993220,Other,136.88,1.35949,0.06201268449405495,95.43853323716579
SUB7702692,High Margin (Upsell Target),67.66,0.46253,0.12388034529098901,73.21679776641753
SUB7822567,Other,309.8,3.5387399999999998,0.0063333000147318685,99.82102951856503
SUB3014751,High Margin (Upsell Target),100.04,0.74697,0.1083648614188868,85.49274249047662
SUB5501572,Other,189.25,2.01952,0.05581518338649638,97.2362153686769
SUB2844053,High Margin (Upsell Target),79.0,0.27536,0.10230385566219877,62.847234288858665
SUB2189138,Other,154.41,1.58047,0.07499852940510388,95.25466921832721
SUB9987114,Low Margin Heavy (Optimize),414.49,5.5868400000000005,0.1816616394661592,96.74840089449206
SUB9437482,High Value High Error (Model Fix),788.17,12.22498,1.2382406181356558,89.87122581684669
SUB8393979,Other,144.95,1.46123,0.013592996583786876,99.06975653498854
SUB4372455,High Value High Error (Model Fix),561.15,7.71225,0.6249616647792324,91.89650666434267
SUB3986068,High Margin (Upsell Target),60.3,0.39444999999999997,0.23304814990356648,40.91820258497491
SUB2477482,High Margin (Upsell Target),73.69,0.5155,0.0581636713802447,88.71703755960336
SUB6875836,High Value High Error (Model Fix),376.0,4.373060000000001,0.5176747920674458,88.16218409837857
SUB2553744,Other,331.07,3.71509,0.05431784540018114,98.53791306805
SUB1388076,High Value High Error (Model Fix),500.38,7.141979999999999,0.8220509199271859,88.48987367750699
SUB9821437,Other,275.41,2.28728,0.04021801239232525,98.24166641634058
SUB7986658,Other,174.7,1.83623,0.21507338308787194,88.28723073428318
SUB1174588,Other,170.69,1.36754,0.5166258095259955,62.22225240022263
SUB2285844,High Value High Error (Model Fix),983.31,15.367299999999998,1.4743353094655678,90.40602246676015
SUB9168326,Other,144.83,1.1403299999999998,0.0483135734952036,95.76319368119724
SUB3979718,High Margin (Upsell Target),91.79,0.18847,0.0328639558484545,82.56276550726668
SUB4275709,High Value High Error (Model Fix),699.09,6.91004,0.5645249208280054,91.83036681657407
SUB5394643,Other,88.15,0.7454400000000001,0.0672995886096408,90.97183024661398
SUB6224237,Other,106.94,0.9822000000000001,0.5051639300773535,48.568119519715594
SUB9836621,High Margin (Upsell Target),29.0,0.05898,0.014586982141629859,75.26791769815216
SUB7162492,High Margin (Upsell Target),109.15,0.82697,0.03926278913745618,95.25221118813788
SUB1842329,High Value High Error (Model Fix),586.26,8.07625,1.8524739259203997,77.06269709431481
SUB5062316,High Value High Error (Model Fix),395.45,5.31084,1.3366353813560448,74.8319403078224
SUB4086176,Other,123.76,1.19426,0.15349215913651482,87.14750898995908
SUB2885190,High Margin (Upsell Target),60.71,0.4015,0.20047637554793135,50.06815054846044
SUB3640955,Other,175.49,1.84613,0.22083648665874045,88.03786912846114
SUB3622280,High Value High Error (Model Fix),651.46,10.02347,0.7475613309286153,92.5418908728353
SUB2679161,High Margin (Upsell Target),44.08,0.25538,0.12361378738542847,51.59613619491406
SUB1801849,Other,185.48,1.56928,0.20059697061801995,87.21726074263229
SUB4404629,Other,105.19,0.96017,0.20424221055309122,78.7285365557046
SUB5948600,Other,83.47,0.68649,0.046972515800709935,93.15758193117017
SUB8969693,Other,114.35,1.0755599999999998,0.17352321948834626,83.86670948265589
SUB7110793,Low Margin Heavy (Optimize),404.52,5.51726,0.19981485279219502,96.37836801614941
SUB4726713,High Value High Error (Model Fix),726.1,12.18651,0.9776924813444143,91.97725615172503
SUB3538568,Other,89.75,0.7655599999999999,0.23660761424055632,69.09352444739062
SUB7328404,Other,328.76,3.77766,0.1723631300388968,95.4373043090459
SUB9622903,Other,182.89,1.53118,0.2534292878820199,83.44875926527124
SUB4101373,High Margin (Upsell Target),79.0,0.42966000000000004,0.12635651302459028,70.5915111891751
SUB9439469,High Margin (Upsell Target),137.42,0.86105,0.035845414860441016,95.83701122345497
SUB4763122,High Value High Error (Model Fix),514.15,7.031149999999999,1.1681505043500033,83.38606765109543
SUB8686906,Other,310.72,3.41515,0.06277047130200808,98.16199958121874
SUB5944614,Other,318.41,3.64726,0.850688117265336,76.6759672393705
SUB5567994,Other,149.55,1.51922,0.037570512630712205,97.52698670168164
SUB2534026,Other,217.56,2.37633,0.30343552344033053,87.23091811994418
SUB1238366,High Margin (Upsell Target),39.93,0.21899000000000002,0.012169579732684566,94.4428605266521
SUB9033651,Other,331.87,3.72693,0.9932831486198821,73.34848927616343
SUB9622587,High Value High Error (Model Fix),362.23,4.19951,0.7599892547382234,81.9029064167433
SUB2911128,High Value High Error (Model Fix),598.37,8.25177,2.276247107521476,72.41504419631818
SUB1415008,Low Margin Heavy (Optimize),504.45,6.89055,0.007125047677025265,99.89659682206754
SUB9783376,Other,437.13,3.70779,0.35935572011362726,90.30808864273254
SUB7787702,High Value High Error (Model Fix),890.64,13.87496,0.8182555643993155,94.1026455975418
SUB7004327,High Margin (Upsell Target),71.99,0.54173,0.14884226789590094,72.52463996900653
SUB9913742,Other,227.47,2.50114,0.17964060906057,92.8176507888175
SUB7671458,Other,314.42,3.46969,0.5857492925008199,83.11810875032583
SUB9659522,Other,80.94,0.6545700000000001,0.3069330842650322,53.10920386436406
SUB7953757,High Value High Error (Model Fix),938.18,14.640600000000001,3.7456245642084554,74.4161812752998
SUB6790233,Other,175.66,1.41114,0.003756065544140874,99.7338275759924
SUB6384935,High Value High Error (Model Fix),394.13,5.34113,1.5664301619182774,70.67230788394446
SUB1684659,Other,178.13,1.46095,0.2477853765495719,83.0394348506402
SUB5084591,Other,118.03,1.12195,0.16248112014453675,85.51797137621669
SUB3613456,High Value High Error (Model Fix),687.42,10.602649999999999,1.5218542158331356,85.64647313800667
SUB6094502,High Margin (Upsell Target),162.48,1.23034,0.2777858108681899,77.4220287995034
SUB8688659,Other,124.88,1.2083499999999998,0.029345924471309903,97.57140526575
SUB8979633,Other,243.95,2.70892,0.8620503507725372,68.17734186419173
SUB4330922,High Value High Error (Model Fix),545.14,7.48025,1.2254127193421764,83.6180245400598
SUB4177945,Other,121.43,1.1648,0.3419235627608319,70.6452985267143
SUB8587973,Other,184.72,1.55816,0.2851600399705192,81.69892437422862
SUB5187442,High Margin (Upsell Target),68.6,0.47076999999999997,0.0006859145340502582,99.85429943835625
SUB9601462,Other,274.74,3.09694,0.7252475981381394,76.58180015957237
SUB6363998,Other,112.89,1.05725,0.021126698858523918,98.00173101361798
SUB3904941,High Value High Error (Model Fix),529.9,5.20105,0.9015131430501953,82.6667087789928
SUB6036117,High Margin (Upsell Target),62.43,0.41656,0.04068079485167925,90.23410916754388
SUB3798945,High Margin (Upsell Target),110.56,0.8393200000000001,0.12430042746463232,85.19034129239952
SUB6893868,High Margin (Upsell Target),55.65,0.33581,0.021273264562476746,93.66508901983957
SUB1708175,Other,171.6,1.37547,0.06912669922737913,94.97432156082073
SUB8499066,Other,296.23,2.47018,0.8931537698992016,63.84256329906316
SUB8641646,High Margin (Upsell Target),69.13,0.5057200000000001,0.06478934774596234,87.1886918164276
SUB4296903,High Margin (Upsell Target),135.82,0.8375,0.23908827366702667,71.45214642781771
SUB9360777,High Margin (Upsell Target),115.21,0.53365,0.00860058312955092,98.38834758183249
SUB3816112,High Margin (Upsell Target),80.65,0.02436,0.02003301785837014,17.762652469744907
SUB4751198,Low Margin Heavy (Optimize),772.35,11.970270000000001,0.38337849654777756,96.7972443683578
SUB4314344,High Margin (Upsell Target),92.89,0.6841799999999999,0.07537936895146424,88.98252375815366
SUB3845157,High Margin (Upsell Target),79.0,0.26125,0.12792197531825844,51.03465059588193
SUB8536765,High Margin (Upsell Target),75.76,0.53366,0.024791001033556692,95.35453265495696
SUB8355554,High Margin (Upsell Target),81.84,0.58705,0.013738522500960637,97.65973554195372
SUB2524102,Other,283.9,3.21229,0.47671301883584727,85.1597141342828
SUB8948745,Other,81.29,0.65899,0.22594708375620054,65.71312406012223
SUB6932572,Other,84.21,0.6958,0.055977192999648984,91.9549880713353
SUB3833552,High Margin (Upsell Target),112.43,0.85581,0.0010814219504960976,99.87363761226253
SUB9352110,Other,219.01,1.7918900000000002,0.5190076301576607,71.03574269862209
SUB7143192,Other,77.71,0.61388,0.034499064998995355,94.38016143236538
SUB3086213,Other,291.97,3.31404,0.39755312041205704,88.00397338559411
SUB2657153,Low Margin Heavy (Optimize),364.94,4.233689999999999,0.12260011038912566,97.10417837892888
SUB4421103,Other,326.76,3.6515500000000003,0.2278280747563537,93.76078446806551
SUB5414084,Other,99.91,0.89362,0.14258195730920098,84.04445320055494
SUB3338377,High Margin (Upsell Target),79.0,0.48210000000000003,0.4318896785037262,10.41491837715698
SUB7296450,Other,130.58,1.01517,0.2843377868004977,71.99111608888188
SUB4761054,Other,264.72,2.9706900000000003,0.18585886538795737,93.74357925640315
SUB6508833,Other,140.58,1.40623,0.15573041461916204,88.92567968119283
SUB6388811,High Margin (Upsell Target),56.98,0.35264,0.03858757740964097,89.0575154804784
SUB3887296,Other,97.29,0.8605700000000001,0.029344156460986315,96.59014880126122
SUB3472189,High Margin (Upsell Target),60.47,0.39659,0.0007501174809857458,99.81085819587338
SUB5614965,Other,109.52,1.0147,0.21244819021011774,79.06295553265815
SUB3779060,Low Margin Heavy (Optimize),392.02,5.2611300000000005,0.010360873841949392,99.803067518918
SUB9623353,High Value High Error (Model Fix),472.42,6.66818,1.3092458211406859,80.36576965317845
SUB3118324,High Value High Error (Model Fix),618.72,9.14773,1.2033766890579827,86.84507862542966
SUB7356605,Other,291.57,2.42927,0.32924289661997674,86.44683807810672
SUB9242184,High Value High Error (Model Fix),745.14,12.54504,4.662743902837395,62.83197261357959
SUB4802177,Other,206.48,2.23663,0.039116032522259925,98.25111741672696
SUB6701048,Other,113.97,1.07084,0.1544954830483456,85.5724960733307
SUB5948008,Other,178.55,1.43658,0.2723619529896526,81.04094773770673
SUB5108997,High Margin (Upsell Target),108.1,0.8177000000000001,0.07992146137328504,90.22606562635625
SUB3802743,Other,149.39,1.51724,0.12324318458013939,91.87714635916932
SUB9450361,Low Margin Heavy (Optimize),716.07,9.957469999999999,0.26056569396389584,97.38321386894566
SUB5673584,Other,163.3,1.30259,0.20298384211879572,84.416904619351
SUB2676850,High Margin (Upsell Target),120.14,0.92353,0.15280811318184573,83.45390911157779
SUB4903869,High Value High Error (Model Fix),446.51,3.79015,0.7733986338398671,79.59451119771336
SUB7979740,High Margin (Upsell Target),79.0,0.41827,0.11642276206339591,72.16564370779737
SUB6199648,High Margin (Upsell Target),107.57,0.42113,0.07844201954547997,81.3734429877995
SUB1287249,Other,144.15,1.4511800000000001,0.08848069646934786,93.90284482494606
SUB5446460,Other,97.44,0.86256,0.6834283090548461,20.76744701181991
SUB9978989,Low Margin Heavy (Optimize),851.44,13.24384,0.038139408912341466,99.7120215216105
SUB6910184,High Margin (Upsell Target),66.29,0.47,0.17029925847356497,63.76611521839043
SUB5083372,Other,290.01,3.28937,0.4415766427962313,86.57564692338559
SUB8395350,Other,316.45,3.62252,0.11284428298669225,96.88492312018451
SUB6857109,Other,187.42,1.5144900000000001,0.2729513892823945,81.97733961383736
SUB1819973,Other,163.51,1.69513,0.027959711145645327,98.35058602315779
SUB3707133,High Value High Error (Model Fix),563.83,5.543729999999999,0.7460020505466334,86.54331919940846
SUB7757450,High Margin (Upsell Target),63.19,0.43083,0.07900162217541429,81.66292454670884
SUB4535797,Other,303.59,3.4604899999999996,0.5162762196085762,85.08083480638359
SUB7297042,High Margin (Upsell Target),53.22,0.30529,0.013989030936845392,95.41778933576423
SUB7814285,Other,185.96,1.57636,0.2354375917287792,85.0644781820917
SUB4634183,Low Margin Heavy (Optimize),368.48,4.27821,0.07757665538418568,98.18670295791497
SUB3064798,High Value High Error (Model Fix),381.64,4.46045,2.119584285988914,52.48048322503527
SUB4390742,Other,184.92,1.5610899999999999,0.32913253366847717,78.91649208767738
SUB1064323,High Value High Error (Model Fix),761.93,11.80249,1.2036734054295835,89.80152997012
SUB2546557,Other,251.39,2.8025900000000004,0.09191614326771269,96.72031430684785
SUB6587774,High Margin (Upsell Target),36.76,0.0978,0.0504063282591348,48.45978705609939
SUB6267382,High Margin (Upsell Target),61.39,0.40748,0.032277693928056905,92.07870473935975
SUB9312048,High Value High Error (Model Fix),408.13,4.77799,0.5610499453357276,88.2576157477155
SUB2888806,Other,326.23,3.74576,1.2880257849548165,65.61376636637648
SUB8381740,Other,124.16,0.9588,0.08640415176421157,90.98830290319029
SUB4772763,High Margin (Upsell Target),69.08,0.47497,0.03770478346899625,92.06164947912579
SUB3488144,Other,259.25,2.9017600000000003,0.2653473964805073,90.85563945741525
SUB3903633,Other,126.1,0.97588,0.06712389534263019,93.12170601481431
SUB5548003,High Value High Error (Model Fix),1141.04,17.90718,4.431367407755253,75.25368367461961
SUB3517626,High Value High Error (Model Fix),472.2,4.0158499999999995,0.8070620947023759,79.903081671318
SUB5641094,High Value High Error (Model Fix),355.8,4.07954,0.7437631920198418,81.76845448212686
SUB8711634,Other,144.91,1.46079,0.21563453854170578,85.2384984466141
SUB8354292,Other,156.98,1.6128099999999999,0.7773509027953007,51.80145815097248
SUB2035108,Other,122.71,0.9460700000000001,0.16261406714998972,82.81162417685904
SUB2601207,High Margin (Upsell Target),60.37,0.39532,0.10829636385925795,72.6053921230249
SUB5909047,Other,199.78,1.7801500000000001,0.021590682712621767,98.78714250413607
SUB8727160,Other,106.49,0.9765199999999999,0.18131599880192473,81.43243366219589
SUB2717479,High Margin (Upsell Target),90.89,0.1753,0.08455597909908266,51.76498625266249
SUB9197295,Other,338.68,3.9027600000000002,0.06467998043933543,98.3427118131954
SUB5712037,Other,84.13,0.6948099999999999,0.08158785602902707,88.25752996804492
SUB9507150,Other,90.91,0.7802100000000001,0.058005828093305234,92.56535700730505
SUB2433284,High Margin (Upsell Target),55.17,0.35283,0.019467930934759015,94.48234817482668
SUB5842256,Other,178.71,1.46962,0.2834867842862616,80.71019826307062
SUB6232190,High Margin (Upsell Target),47.95,0.23883000000000001,0.07647395330921683,67.97975408901024
SUB8139580,Other,183.57,1.5411700000000002,0.057441021333398457,96.27289518136232
SUB3238057,Low Margin Heavy (Optimize),406.97,4.76336,0.22419960127164718,95.29324675708645
SUB4880993,High Margin (Upsell Target),37.01,0.19333,0.08905926879022892,53.93406673034246
SUB8668216,Other,95.31,0.83561,0.05151873175056587,93.83459607345941
SUB1567827,Other,149.49,1.51842,0.22444371579563294,85.21860119099901
SUB4017721,Other,177.41,1.87031,0.11347285878269764,93.93293845497817
SUB1878835,High Margin (Upsell Target),104.39,0.37419,0.1132426871781968,69.73658110099234
SUB2160714,Low Margin Heavy (Optimize),391.41,5.29512,0.42556735319190864,91.9630272176663
SUB2566772,High Margin (Upsell Target),40.48,0.22377,0.015240832269089954,93.18906365058321
SUB3087001,Other,116.87,1.10738,0.11949919558088395,89.20883566789323
SUB3497838,High Value High Error (Model Fix),1208.15,20.840490000000003,6.840783911139962,67.17551309427004
SUB4940063,High Value High Error (Model Fix),471.19,6.647270000000001,0.7103961858163874,89.31296327941565
SUB3998778,High Value High Error (Model Fix),1362.39,23.5664,6.222581491507736,73.5955364777491
SUB6780554,Other,226.47,2.4886399999999997,0.677513681226845,72.77574573956679
SUB6053127,Other,119.79,1.14418,0.07305183664776127,93.61535452046346
SUB5644068,Other,192.15,2.05613,0.0340516498827661,98.3438960628576
SUB9411883,Other,226.75,2.49213,0.9498933383403334,61.88427817407866
SUB4456800,Other,257.62,2.88114,0.7281010399540149,74.72871710663088
SUB8342451,High Margin (Upsell Target),46.16,0.27369,0.06473878357431362,76.34594483747539
SUB1260102,High Value High Error (Model Fix),1173.17,20.22216,7.862298530267637,61.120382143808385
SUB8753638,Other,199.9,1.6240599999999998,0.346994883014794,78.6341093915992
SUB7482532,High Value High Error (Model Fix),537.02,7.36256,1.8627615722743247,74.69953966725807
SUB6304120,Other,166.13,1.7281900000000001,0.6296692020150378,63.564816251972424
SUB6719720,Low Margin Heavy (Optimize),398.99,5.3621300000000005,0.4273965170142562,92.02935182447543
SUB4257181,High Value High Error (Model Fix),886.59,8.803889999999999,0.6541384789555647,92.56989263887253
SUB5926730,Other,221.84,2.43026,0.5235754973078306,78.45598835894799
SUB9229840,Low Margin Heavy (Optimize),449.85,6.2856499999999995,0.3419899045273249,94.55919587429582
SUB9961343,Other,82.75,0.6773899999999999,0.03945861312572474,94.17490468921525
SUB6102367,High Margin (Upsell Target),82.49,0.5928300000000001,0.0025438453438124675,99.57089800721751
SUB4182132,High Margin (Upsell Target),54.58,0.34767000000000003,0.09010435124378707,74.08336892921821
SUB4614962,Low Margin Heavy (Optimize),347.32,4.01159,0.4094903765735385,89.79231734615107
SUB4700568,High Margin (Upsell Target),163.61,1.24708,0.10486912964321005,91.5908257976064
SUB5308307,High Value High Error (Model Fix),460.33,6.46328,1.2796430010219986,80.20133738563085
SUB1175211,High Margin (Upsell Target),66.94,0.47819,0.04028288457332285,91.57596675519713
SUB4504473,High Margin (Upsell Target),94.83,0.23328,0.15187876872372408,34.894217796757516
SUB8110928,Low Margin Heavy (Optimize),385.85,4.52242,0.06555233643013914,98.55050312818935
SUB9507528,High Value High Error (Model Fix),639.68,9.503020000000001,0.9370039862913746,90.13993460719462
SUB4303457,Other,87.92,0.74251,0.09107661966448632,87.73395379665105
SUB6948540,High Value High Error (Model Fix),743.61,11.50739,1.0151173031164333,91.1785617493069
SUB5447395,High Margin (Upsell Target),52.45,0.32892,0.10711182389582952,67.4352961523077
SUB5677202,Low Margin Heavy (Optimize),421.65,5.69053,0.3067894551738899,94.60877185123547
SUB5758669,High Margin (Upsell Target),79.0,0.588,0.14775187894055541,74.87212943187834
SUB8716868,Other,141.53,1.4181700000000002,0.005514311945785222,99.61116707124074
SUB6557805,Other,263.21,2.9516,0.25329125427066934,91.4185101548086
SUB4834242,Other,180.83,1.4565599999999999,0.12281655033746786,91.56804042830588
SUB1113936,Other,162.51,1.2956800000000002,0.3104272750752197,76.04136244479966
SUB6756157,Other,160.79,1.66082,0.038042135370690344,97.70943658128573
SUB5124499,Other,261.84,2.1681399999999997,0.40020607371446304,81.5415022224366
SUB5617631,High Value High Error (Model Fix),362.06,4.17189,0.7257074386486915,82.60482805997542
SUB6417755,Other,237.51,2.62775,1.1525559363781697,56.139056745193805
SUB1122026,Other,331.52,2.78015,0.5277049828528453,81.0188305360198
SUB2805518,High Margin (Upsell Target),112.35,0.49154000000000003,0.1467284305836392,70.14923900727526
SUB5616167,Other,123.52,1.19112,0.20898671412444436,82.45460456339879
SUB1665979,High Value High Error (Model Fix),661.88,9.172229999999999,0.491645170861716,94.63985125905351
SUB1676337,Low Margin Heavy (Optimize),370.67,4.30584,0.3458752355937347,91.96729939817237
SUB6312470,High Margin (Upsell Target),129.7,0.74717,0.10290495802044475,86.22737020752376
SUB7014126,Low Margin Heavy (Optimize),652.08,9.03013,0.2649657355833046,97.06575945658253
SUB3705421,High Margin (Upsell Target),96.9,0.71941,0.041833858953776004,94.18497672345728
SUB9910762,Other,293.94,3.33894,0.48052604130510446,85.60842538934199
SUB3801742,High Margin (Upsell Target),63.48,0.43452999999999997,0.09898201243117444,77.22090248517377
SUB9511807,Other,219.66,2.4027800000000004,0.34024867948018045,85.83937441296413
SUB8796324,High Value High Error (Model Fix),411.73,4.82332,0.6003077275440365,87.5540555562551
SUB4446010,Other,167.71,1.74802,0.27646308319732693,84.18421510066665
SUB6352825,High Margin (Upsell Target),94.88,0.234,0.06861334452788556,70.678057894066
SUB6712044,High Margin (Upsell Target),47.53,0.23357,0.08340548775490308,64.29101008053128
SUB6672605,High Margin (Upsell Target),126.3,0.69716,0.29908906525658974,57.098934927908985
SUB8581002,High Value High Error (Model Fix),1579.94,27.41148,0.8275835347489213,96.98088707815513
SUB1447244,Other,213.59,1.74431,0.21815962451032123,87.4930703538751
SUB7955038,High Margin (Upsell Target),107.22,0.41599,0.09403200512239379,77.3956092400313
SUB6244899,Low Margin Heavy (Optimize),372.27,4.32236,0.07231685382769548,98.32691275535366
SUB2726676,Other,199.85,1.6236,0.20331814336892284,87.47732548848714
SUB2725690,High Margin (Upsell Target),103.26,0.77527,0.1841332933516543,76.24913986718765
SUB7900725,High Value High Error (Model Fix),414.38,5.58516,2.53693224287038,54.577268281116744
SUB2451469,Other,263.03,2.17856,0.10240976775016186,95.29919911546334
SUB1491072,Low Margin Heavy (Optimize),375.04,4.36322,0.26631941612218313,93.89626431575343
SUB4715799,High Value High Error (Model Fix),510.2,7.308520000000001,1.1763108564480165,83.90493757357144
SUB3180122,Other,349.72,2.9400500000000003,0.23608618090833122,91.96999435695545
SUB5143403,Other,244.11,2.0124,0.5389460225171014,73.21874266959345
SUB5698713,Other,183.79,1.95077,0.321129480880594,83.53832174574173
SUB6408792,High Margin (Upsell Target),44.66,0.26048000000000004,0.060494024183344014,76.7759428043059
SUB2456498,Other,94.17,0.82126,0.012769717265477376,98.44510663304223
SUB8422244,Other,86.76,0.72788,0.08673061086631828,88.08449045635018
SUB2592173,Other,131.63,1.2933599999999998,0.26303494425819585,79.66266590445073
SUB6521980,Other,129.21,1.2628499999999998,0.007763049712169234,99.38527539199673
SUB9425021,High Value High Error (Model Fix),562.3,7.72899,1.0567764039187377,86.32710866596105
SUB9685116,Other,204.62,1.6655,0.07144819209825926,95.71010554798804
SUB9649769,High Margin (Upsell Target),89.08,0.65065,0.09908788063791474,84.77093973135868
SUB6309068,Low Margin Heavy (Optimize),463.99,6.30423,0.193059459224159,96.93762030852048
SUB4388284,High Value High Error (Model Fix),470.83,6.40339,1.4566704131878856,77.25157435065043
SUB2960220,Other,210.02,1.93106,0.07725018432048714,95.99959688873017
SUB7575273,Other,139.37,1.3909200000000002,0.5262469951015196,62.165545459011334
SUB3153883,Other,229.24,1.88175,0.44533446264662024,76.33402616465416
SUB3173367,High Value High Error (Model Fix),525.48,7.19537,1.0480943527169329,85.43376709304826
SUB2936983,High Margin (Upsell Target),140.06,0.89995,0.11727136244185243,86.96912468005418
SUB7622266,Other,88.43,0.74894,0.05435253510842386,92.74273838913346
SUB1628373,Low Margin Heavy (Optimize),653.88,10.8264,0.46103832905943776,95.74153616105596
SUB3042823,High Margin (Upsell Target),29.0,0.11715,0.05530825376978876,52.788515774828205
SUB9880121,High Value High Error (Model Fix),639.27,9.49607,2.9610368073634383,68.8182921212308
SUB5028604,High Value High Error (Model Fix),504.04,6.88469,2.885386348135868,58.08981452852826
SUB8970043,High Margin (Upsell Target),108.83,0.4397,0.35407881218764936,19.472637664851177
SUB8860791,Other,160.78,1.66076,0.34509770336353074,79.22049523329495
SUB9274125,High Value High Error (Model Fix),506.5,6.92036,1.9959438038155222,71.15838187875309
SUB1110957,High Value High Error (Model Fix),386.91,5.187060000000001,1.5132953072696518,70.82556771524426
SUB7699144,High Margin (Upsell Target),79.0,0.58331,0.27104127241555986,53.53392322854745
SUB3196274,Other,239.52,2.6531100000000003,0.17598531528003747,93.36682929542923
SUB6379105,High Value High Error (Model Fix),403.46,4.71911,0.516092750146985,89.06376943646185
SUB2135627,High Margin (Upsell Target),139.94,0.89823,0.06594296371031194,92.65856587841512
SUB2526534,Other,127.3,1.23885,0.05023387528795831,95.94512045138973
SUB2349590,High Value High Error (Model Fix),382.87,5.12851,0.9982689064046619,80.53491352450007
SUB5394203,Other,198.94,2.1416399999999998,0.10597236273954103,95.05181250165569
SUB2065560,High Margin (Upsell Target),79.0,0.59957,0.11494851869214218,80.82817374249176
SUB1244761,Other,91.02,0.78164,0.02546472331181593,96.74214173893148
SUB9469872,Other,218.59,2.3893400000000002,0.22268136779054837,90.68021429388249
SUB2748014,Other,258.98,2.65267,0.0565946672874964,97.86650177792578
SUB3891005,Other,129.76,1.2698800000000001,0.2109417219708083,83.38884603499478
SUB4197418,Other,290.99,3.12442,0.4397895025631544,85.92412343528865
SUB5773283,Other,199.92,2.15395,0.1997123145295503,90.72808957823764
SUB2093060,High Margin (Upsell Target),77.46,0.54859,0.2684040539832585,51.07383401387949
SUB5605677,Other,203.26,1.6536099999999998,0.08454172923036518,94.88744448628364
SUB6327701,Other,163.81,1.3071,0.14708856233761525,88.74695414753154
SUB8269122,Other,190.69,2.03774,0.01165031735781863,99.42827262762577
SUB3114253,Other,128.75,1.2571199999999998,0.0123090364632652,99.02085429686385
SUB5533910,Other,290.82,3.29957,0.032785259102960485,99.0063778279303
SUB8123753,Other,302.57,3.44765,0.2827494616042552,91.79877709151872
SUB1846462,Other,124.98,0.9659800000000001,0.10846235471923316,88.77178050071086
SUB5107560,High Value High Error (Model Fix),379.18,5.07512,1.3953019916373712,72.50701477723933
SUB3538143,High Value High Error (Model Fix),535.01,7.728899999999999,1.8710457853727611,75.79156431869009
SUB4177326,High Margin (Upsell Target),61.65,0.41149,0.03464662541546476,91.58020233408716
SUB7342211,High Value High Error (Model Fix),619.16,9.15531,2.2823931818606136,75.07027963159507
SUB8566169,Other,210.83,2.29146,0.06642953413675468,97.10099525469549
SUB3418853,Other,260.35,2.9155300000000004,0.1400133833912207,95.19766960411243
SUB8724826,Other,162.86,1.68695,0.19715972810191196,88.31265134699238
SUB3409409,Other,165.88,1.72504,0.1941094969478554,88.7475364659454
SUB7555035,High Value High Error (Model Fix),540.37,7.41109,0.8655463583895626,88.32093041118698
SUB5715697,Other,210.33,2.28519,0.4149532734181727,81.84162921165537
SUB8157303,Other,98.48,0.87561,0.04430958262552209,94.93957553870763
SUB3474968,Other,222.26,2.4355,0.08913380642584245,96.34022556247824
SUB5352892,Other,178.17,1.87995,0.17789565522285677,90.53721347786608
SUB8729395,High Value High Error (Model Fix),914.63,9.08717,0.8287565921761804,90.87992639979025
SUB1381856,High Value High Error (Model Fix),448.24,6.0759300000000005,2.2127407412579503,63.581859217305826
SUB4898606,Other,117.86,1.11979,0.19327053322159415,82.74046622834692
SUB3989475,High Margin (Upsell Target),112.62,0.85748,0.05612621000219642,93.45451672316597
SUB6606594,High Value High Error (Model Fix),495.16,6.75592,0.8253636935162962,87.78310439560717
SUB1387405,Other,125.98,1.22214,0.27999009651522044,77.09017816983157
SUB1282140,High Value High Error (Model Fix),386.65,5.21436,0.9062818170723448,82.61950043586663
SUB6088268,Other,78.88,0.62863,0.07375844050283153,88.26679596856155
SUB7625655,Other,115.19,1.08616,0.09663745500842902,91.10283429619679
SUB2420654,High Value High Error (Model Fix),625.64,8.64696,1.6892290005773658,80.46447536964013
SUB7126463,High Margin (Upsell Target),59.33,0.38933,0.23564924645818092,39.47313424134259
SUB7477006,Other,122.3,1.17577,0.13812978747052296,88.25197211439968
SUB1015141,High Value High Error (Model Fix),728.01,11.256129999999999,0.5561390511896942,95.05923393573373
SUB2524631,Other,151.5,1.1989100000000001,0.3182982435427384,73.4510310579828
SUB3658571,High Margin (Upsell Target),74.85,0.52565,0.15232991402605223,71.0206574667455
SUB2424241,High Value High Error (Model Fix),363.87,4.22021,1.1318540653363045,73.18014825479527
SUB9803208,High Margin (Upsell Target),64.04,0.43076,0.04117714840781195,90.44081427992109
SUB7605188,Other,188.39,2.00873,0.4089841758946884,79.63966407159307
SUB5076773,Other,202.69,1.8229600000000001,0.17159848183472315,90.58682133262808
SUB9737925,Other,115.55,1.0907,0.5248147865222046,51.88275543025538
SUB6973721,High Margin (Upsell Target),40.13,0.1403,0.06749678378090314,51.89110208061074
SUB5010912,Other,237.84,2.34111,0.43782940616585675,81.29821297735447
SUB7538655,Other,290.44,3.2947100000000002,0.20165352498199374,93.87947573589197
SUB3387312,Other,321.45,2.69169,0.4484964241499587,83.33773858988373
SUB7062825,Other,80.83,0.65323,0.15440878402547575,76.36226382354212
SUB7151990,Other,169.68,1.77287,0.2023045451608445,88.58886747698114
SUB8750575,Low Margin Heavy (Optimize),397.25,5.336939999999999,0.4224378808416578,92.08464249473185
SUB9410184,High Margin (Upsell Target),120.9,0.9301900000000001,0.05945711137344589,93.60806809646998
SUB3307306,Other,143.83,1.1315899999999999,0.15026637280563793,86.72077582820297
SUB7716487,Other,249.26,2.77586,0.20777348400198292,92.51498692290019
SUB4303131,Other,204.09,1.6608800000000001,0.3758916615490169,77.3679217313101
SUB7499998,High Margin (Upsell Target),163.17,1.2405599999999999,0.10332603388835593,91.67101680786452
SUB4830121,High Margin (Upsell Target),52.39,0.29473,0.04257875264613725,85.55330212528848
SUB6134639,Other,114.21,1.0738299999999998,0.2416104349996021,77.50012245889926
SUB5475156,High Value High Error (Model Fix),992.34,15.51276,0.5004934278343391,96.77366614429451
SUB5470756,Other,176.17,1.85464,0.5040731745778928,72.82096932138352
SUB3494903,Low Margin Heavy (Optimize),516.41,7.06395,0.1435190395360637,97.96828913658699
SUB6274413,Other,334.07,3.7592800000000004,0.3797079957795404,89.8994489428949
SUB7433564,Other,142.29,1.4276900000000001,0.10964403600463579,92.32017903013708
SUB8567476,Other,171.43,1.7949300000000001,0.254251444280442,85.83502174009895
SUB1051707,Other,112.96,1.05812,0.4107310144387186,61.18294574918547
SUB1838003,High Value High Error (Model Fix),439.42,5.94805,1.3185531325247295,77.83217806634562
SUB4803074,Low Margin Heavy (Optimize),612.47,8.45611,0.039070807723470935,99.53795766938379
SUB4078882,Other,233.05,2.2704,0.0813148257838372,96.41848018922494
SUB5902666,High Margin (Upsell Target),69.36,0.47743,0.03343044103351689,92.99783402100478
SUB8918348,High Value High Error (Model Fix),718.01,11.095120000000001,0.5021708196323296,95.47394873032171
SUB6088539,Other,207.02,1.88675,0.13604379822514634,92.78951645818755
SUB7024587,Other,135.58,1.3431600000000001,0.09770566845132933,92.72568655623088
SUB8676431,Other,159.37,1.64294,0.21526380388121402,86.89764666505083
SUB5187694,High Margin (Upsell Target),79.0,0.52689,0.08789276667460943,83.31857376784349
SUB7562344,Low Margin Heavy (Optimize),581.03,8.50904,0.24689265094771962,97.09846644336235
SUB4779044,High Value High Error (Model Fix),691.92,9.607569999999999,1.4169139080771256,85.25210945039042
SUB4943645,Low Margin Heavy (Optimize),467.24,6.35135,0.35615732933016453,94.3924153238262
SUB3889190,High Value High Error (Model Fix),815.27,12.6614,0.7201719966628133,94.31206662246818
SUB1902473,Other,148.73,1.50883,0.32749049875895664,78.29506977201164
SUB5385536,High Margin (Upsell Target),46.01,0.21433000000000002,0.09630958294622566,55.06481456341826
SUB4406433,Low Margin Heavy (Optimize),449.4,6.09274,0.4124605418570635,93.23029471375665
SUB8323777,Other,153.9,1.57401,0.09516022809154334,93.95428058960596
SUB2539998,Other,211.75,2.30313,0.24339600509276993,89.43194673801436
SUB2311414,High Margin (Upsell Target),84.82,0.0858,0.01107322813754115,87.0941396998355
SUB6320218,Low Margin Heavy (Optimize),655.85,9.77707,0.35208835687985385,96.39883567490206
SUB7542224,Other,330.98,3.8056300000000003,0.11972772284812505,96.85393160007344
SUB1597897,High Margin (Upsell Target),131.84,0.7788099999999999,0.08050754191579557,89.66274933349655
SUB3761642,Other,220.78,2.4169099999999997,0.15785090644392819,93.46889596865716
SUB6954878,High Margin (Upsell Target),55.41,0.35496,0.008829822616629068,97.51244573568034
SUB1541529,Other,87.45,0.73664,0.14106579403121544,80.8501039814271
SUB5862894,Other,256.44,2.61513,0.7902177971227133,69.78284838142986
SUB5015470,Other,232.77,2.26627,0.0692892926366051,96.9425843947718
SUB7934063,High Margin (Upsell Target),29.0,0.08070999999999999,0.03843164914359577,52.38303909850604
SUB6081502,High Margin (Upsell Target),50.0,0.26459,0.1853135581471435,29.961994728771487
SUB7390459,Other,154.23,1.57826,0.31593296403543714,79.98219786122456
SUB3879190,High Value High Error (Model Fix),841.25,13.07975,0.8433549667061104,93.5522088212228
SUB5299489,High Value High Error (Model Fix),581.58,8.00838,0.9042125363953302,88.7091704390235
SUB9094566,High Margin (Upsell Target),96.5,0.71587,0.04894759471458243,93.16250230983525
SUB4557689,High Margin (Upsell Target),105.69,0.39339999999999997,0.10517471062513967,73.26519811257253
SUB3602352,Other,82.1,0.6691699999999999,0.16190453260703297,75.8051716892519
SUB4000102,Other,188.44,2.00935,0.909654687160824,54.72890799707248
SUB5630232,Other,175.2,1.4070799999999999,0.22821453102202827,83.78098395101712
SUB3158344,High Value High Error (Model Fix),415.72,4.96272,1.546969746796611,68.82818803404965
SUB4413654,Other,171.87,1.37784,0.08413734785990234,93.89353278610707
SUB4371484,Other,138.34,1.378,0.03679735629734804,97.32965484054078
SUB6913318,Other,191.21,1.54773,0.031327567974149595,97.9759022585238
SUB5032654,Other,290.38,2.41879,0.0398220999533514,98.35363549736226
SUB7501632,Other,176.2,1.43256,0.032984661939908344,97.69750223795803
SUB1071524,Other,230.22,2.2288099999999997,0.3215244697497037,85.57416425134024
SUB9325857,Other,199.16,1.7709300000000001,0.6066587021884635,65.74349623144543
SUB2278343,High Margin (Upsell Target),93.61,0.21531,0.040944300282132085,80.9835584589048
SUB2158175,High Margin (Upsell Target),98.78,0.7359199999999999,0.2141977780487888,70.8938773169925
SUB2337768,High Margin (Upsell Target),29.0,0.10726999999999999,0.011871649143595772,88.93292705920035
SUB1808301,High Margin (Upsell Target),74.24,0.57016,0.10005076196542839,82.45216045225403
SUB5563653,Other,184.71,1.96238,0.007310091382089379,99.62748848938078
SUB6192859,High Margin (Upsell Target),157.91,1.16299,0.06164640307354796,94.69931787259151
SUB3309231,Other,340.29,3.92299,0.5505273247624882,85.96663961002989
SUB2391449,Low Margin Heavy (Optimize),655.51,10.08865,0.20381919021819606,97.97971789864654
SUB8449116,Other,189.27,1.53068,0.1502585310788489,90.18354384464102
SUB6871348,High Value High Error (Model Fix),1514.71,26.258560000000003,0.950972277522947,96.37842944349215
SUB3681719,High Margin (Upsell Target),79.0,0.50312,0.017612137759119295,96.49941609176354
SUB6717467,Other,328.75,3.6809600000000002,0.12929878729361466,96.48736233771585
SUB4289363,High Margin (Upsell Target),49.12,0.29967,0.06576723332357814,78.05344768459366
SUB1003196,Other,242.8,2.6943699999999997,0.03643708996959649,98.64765826632583
SUB2534227,High Margin (Upsell Target),137.46,0.8615700000000001,0.23238749248229273,73.02743915383628
SUB8990001,Other,99.81,0.89243,0.05782427274501445,93.5205816988431
SUB9269841,Other,186.87,1.98951,0.46495976506928716,76.62943312326718
SUB2965730,Other,233.52,1.9193399999999998,0.3882324763461986,79.77260535672686
SUB3585917,Other,332.59,2.7895100000000004,0.7198180014397173,74.19553966683334
SUB6193951,Low Margin Heavy (Optimize),345.9,3.9937199999999997,0.2365902514144378,94.0759429450628
SUB8416510,High Margin (Upsell Target),79.0,0.22924,0.0004812827859834168,99.79005287646858
SUB2731530,Other,136.77,1.3582100000000001,0.0590692451156114,95.65094903471397
SUB8551506,Other,95.57,0.83889,0.10616577687328788,87.34449369127205
SUB1294358,High Margin (Upsell Target),54.06,0.31576,0.030665150701064292,90.28846253449953
SUB7989875,Other,229.65,2.52863,0.09083451699915912,96.40775767909267
SUB4961352,Other,155.69,1.59662,0.20375158180198083,87.2385676114554
SUB8499412,Other,345.62,3.92958,0.8354465654501797,78.73954556338897
SUB3657303,Other,80.11,0.6441399999999999,0.0728551453175843,88.68954803030641
SUB3752690,High Value High Error (Model Fix),382.83,4.45913,0.5477811132713843,87.71551595779033
SUB1136645,Other,147.19,1.48951,0.3766546178268606,74.71285068063588
SUB2279898,Other,192.7,1.56084,0.16170420327255486,89.63992444628823
SUB9051090,High Value High Error (Model Fix),400.95,4.745,0.7593138001008048,83.99760168386081
SUB4822069,Other,300.01,3.41535,0.4256032231004703,87.53851806987657
SUB4672277,High Value High Error (Model Fix),420.36,4.93212,0.8869795192166343,82.01626239392726
SUB3548600,High Margin (Upsell Target),138.32,0.87422,0.7072035210219099,19.10462800874953
SUB3580309,Other,113.28,1.0620699999999998,0.18225238040303804,82.8398899881328
SUB7180142,Other,238.68,2.64248,0.07644320656639003,97.10714152741402
SUB9291860,Other,236.46,2.6144499999999997,0.35527607510049775,86.41105872743798
SUB4763302,Other,226.39,2.4876300000000002,0.6448116538536393,74.07927811396232
SUB7999366,High Margin (Upsell Target),117.33,0.5649299999999999,0.11862240064186513,79.0022833551298
SUB8031401,High Margin (Upsell Target),95.38,0.2414,0.1406271601741073,41.74516977046093
SUB4757974,Other,98.6,0.87713,0.037553590036057294,95.71858333017258
SUB9199423,Low Margin Heavy (Optimize),479.23,6.52505,0.00856892957188471,99.868676415171
SUB6584581,Other,166.14,1.28426,0.05139017631029774,95.99846010073523
SUB8905435,High Value High Error (Model Fix),696.08,10.742059999999999,0.6707263068003702,93.75607372514797
SUB8744064,High Value High Error (Model Fix),772.11,11.96641,3.7219403975560184,68.89676688701107
SUB8313861,High Margin (Upsell Target),79.0,0.28744,0.013504694055408217,95.30173460360137
SUB3895107,Other,90.9,0.78015,0.1693702332533421,78.29004252344522
SUB3763642,Other,291.67,3.13447,0.105989994594335,96.61856726673616
SUB7760403,Other,318.58,3.53105,0.4396412470479407,87.549277210803
SUB5855920,Other,218.18,2.38408,0.41826660355285106,82.45584864799625
SUB9353170,Low Margin Heavy (Optimize),374.2,5.003310000000001,0.2535962575222719,94.93143024273387
SUB6156758,High Value High Error (Model Fix),400.45,4.6811300000000005,1.5699273391499,66.46264173073808
SUB2410124,High Value High Error (Model Fix),455.61,6.18276,1.7235204905071386,72.1237685029479
SUB9662149,High Value High Error (Model Fix),674.92,10.401290000000001,0.8429558375201687,91.89566065824366
SUB4329782,Other,354.55,2.9824699999999997,0.25457104733970937,91.4644221957066
SUB9714892,Other,302.94,3.3004499999999997,0.23705143628451175,92.81760256072621
SUB3690927,Other,88.14,0.74533,0.018198987021938562,97.55826452417874
SUB7911855,High Value High Error (Model Fix),381.43,5.107609999999999,0.8418369914873658,83.51798607396873
SUB1463723,High Margin (Upsell Target),87.76,0.63912,0.04005600257445874,93.73263196669502
SUB4177993,Other,315.37,3.60896,0.27210327240502963,92.4603411396904
SUB5952505,Other,313.31,2.62016,0.3305890875678106,87.38286640633356
SUB5973198,High Value High Error (Model Fix),374.6,4.35538,0.5838816811167069,86.59401289630969
SUB7514524,Other,221.74,2.1037600000000003,0.31767270356938804,84.89976501267311
SUB6512460,Other,245.43,2.45292,0.12911562934808352,94.73624784550317
SUB2602970,Other,215.05,2.34465,0.044398763959807575,98.10637988783795
SUB7800541,Low Margin Heavy (Optimize),555.62,7.63217,0.24802493796758984,96.75026974022343
SUB1017297,High Value High Error (Model Fix),382.1,3.22445,0.834247843702228,74.12743743267137
SUB6532388,Other,279.83,3.16107,0.05074166788084966,98.39479455118521
SUB3436831,High Value High Error (Model Fix),719.98,11.12695,1.912587549411752,82.81121466878389
SUB1084654,High Margin (Upsell Target),147.73,1.01304,0.4291391708629113,57.638477171393895
SUB1443945,Other,308.28,3.51961,0.46631506377735077,86.75094502580255
SUB9988400,Other,106.76,0.97999,0.1630918332210013,83.35780638363644
SUB2258542,High Margin (Upsell Target),29.0,0.11,3.873216685656988e-05,99.9647889392213
SUB1366042,High Margin (Upsell Target),41.88,0.2361,0.14079450939925928,40.36657797574787
SUB7756350,Low Margin Heavy (Optimize),395.57,5.312600000000001,0.15652084509581954,97.05378072702972
SUB5055957,High Value High Error (Model Fix),496.42,6.77416,2.396882880839538,64.61726795883862
SUB8689262,High Margin (Upsell Target),79.0,0.20706,0.47017813158704613,-127.07337563365508
SUB2722320,High Margin (Upsell Target),81.46,0.58375,0.08315728174291925,85.754641243183
SUB5873062,Other,222.56,2.11585,0.4217894620154641,80.06524744119554
SUB7561000,Other,184.52,1.55519,0.38069938241746915,75.52071564133841
SUB2348055,Low Margin Heavy (Optimize),410.0,4.878439999999999,0.452116774239097,90.73234939367714
SUB9072590,High Margin (Upsell Target),72.22,0.5026,0.07482907552950935,85.11160455043587
SUB4317657,Other,232.14,2.56,0.23820424357599368,90.69514673531275
SUB2255564,Other,256.12,2.6104000000000003,0.2725314277783335,89.55978287701757
SUB5960124,Other,209.14,2.2701599999999997,0.13652678288182551,93.98602817062121
SUB9977182,High Margin (Upsell Target),53.96,0.31457999999999997,0.017174636101551344,94.54045517783987
SUB3554293,Other,343.49,3.89811,1.5745745622450054,59.60671806991066
SUB2358097,Other,240.6,2.38177,0.10332752867256056,95.66173355644918
SUB1985257,Other,210.59,2.28841,0.3831050562694722,83.25889782558754
SUB6732452,High Margin (Upsell Target),79.0,0.56112,0.08650206418063089,84.58403475537659
SUB1970278,Other,219.78,2.07484,0.02627813179383276,98.733486351052
SUB6204369,Other,211.53,2.3003,0.005096495681689461,99.77844213008349
SUB9104789,Other,106.97,0.98263,0.06972603921384724,92.9041410079229
SUB3870574,High Value High Error (Model Fix),524.78,7.55562,1.3652271253487518,81.93097157680307
SUB2033255,High Margin (Upsell Target),79.0,0.50295,0.11124312973721923,77.88187101357606
SUB5371272,High Margin (Upsell Target),157.02,1.14992,0.0630272461028143,94.51898861635468
SUB7971631,High Margin (Upsell Target),93.85,0.21886000000000003,0.015640315739521876,92.85373492665545
SUB9223269,Other,84.34,0.6974600000000001,0.1660568181942832,76.19120548930645
SUB9677177,High Value High Error (Model Fix),797.45,12.37434,1.9113900200948013,84.55360027205651
SUB8793404,Other,188.8,2.01383,0.5062521142984315,74.8612288873226
SUB3353847,High Value High Error (Model Fix),447.27,6.24187,0.7664144163557909,87.72139733195675
SUB4345026,High Value High Error (Model Fix),1686.62,29.29684,2.78084236470281,90.50804672209422
SUB4838187,High Margin (Upsell Target),68.39,0.46896,0.009882706076950465,97.8926334704558
SUB1197775,High Value High Error (Model Fix),912.04,14.21962,1.7976722443471722,87.35780390511721
SUB4502646,High Margin (Upsell Target),60.91,0.40212,0.005728504522363953,98.57542412156472
SUB3625263,High Margin (Upsell Target),35.81,0.08579,0.06241632825913479,27.245217089247248
SUB1968410,Other,175.92,1.85155,0.513708917907449,72.25519602995064
SUB5259622,High Value High Error (Model Fix),659.19,9.133239999999999,0.6683199192836167,92.68255384416027
SUB3592536,High Value High Error (Model Fix),406.26,4.75444,0.7036086776399317,85.20101888676834
SUB4535443,High Margin (Upsell Target),79.0,0.31053,0.026397550677450254,91.49919470664662
SUB4663175,Low Margin Heavy (Optimize),375.4,5.02031,0.2596979806391779,94.82705289834337
SUB1110078,High Margin (Upsell Target),79.0,0.46764,0.08535065592107238,81.74864085170807
SUB1886040,High Value High Error (Model Fix),638.2,8.82895,1.5915128207452565,81.97392871468004
SUB5964948,High Value High Error (Model Fix),675.52,9.36981,1.548832966567959,83.46996399534292
SUB6393333,Other,189.65,1.534,0.62855113341504,59.025349842565845
SUB1721747,High Margin (Upsell Target),71.65,0.53746,0.28382523561685624,47.19137505733334
SUB8133456,High Margin (Upsell Target),59.69,0.3925,0.03760423374718491,90.41930350390193
SUB8604323,Other,199.5,2.14867,0.238737706611174,88.88904733573914
SUB5896799,Other,122.17,1.1741199999999998,0.016285750268580923,98.61293988105297
SUB4049307,Other,143.78,1.44652,0.009963272948461555,99.31122466689285
SUB7689558,High Margin (Upsell Target),105.48,0.39027999999999996,0.009327544164808743,97.61003787926393
SUB8574587,Other,211.78,2.3034499999999998,0.10059064283670249,95.63304422337353
SUB4254992,High Margin (Upsell Target),85.49,0.61915,0.10832598629957124,82.50408038446722
SUB6444003,Other,221.48,2.09996,0.863211355518978,58.89391438317978
SUB2946793,Other,261.2,2.92623,0.16692427870365645,94.29558583215754
SUB9463331,High Value High Error (Model Fix),355.15,4.07003,0.7114678349077135,82.51934666555988
SUB6741638,High Value High Error (Model Fix),444.51,6.02194,1.5011816241913367,75.07146161882488
SUB6596411,High Margin (Upsell Target),84.21,0.60789,0.17950888415488253,70.47016990658136
SUB6159253,Other,141.99,1.11544,0.14009634043826424,87.44026209941688
SUB1066150,Other,278.56,2.9411799999999997,1.4303924223326683,51.36671600063008
SUB4881143,Other,236.83,2.6191199999999997,0.3840818819471221,85.33546069110533
SUB3866457,High Value High Error (Model Fix),928.6,14.4863,2.0000584875048073,86.1934483787799
SUB4486669,High Margin (Upsell Target),124.88,0.6762400000000001,0.16511953339618757,75.58270238433285
SUB1297883,High Margin (Upsell Target),159.63,1.18832,0.1268903895637401,89.32186704223272
SUB6091995,Other,194.16,2.08135,0.8093589377501456,61.113751279210824
SUB5819075,High Value High Error (Model Fix),574.79,7.91004,1.7113522346879098,78.36480934751393
SUB1131562,Other,290.25,3.29235,0.22884423647415852,93.04921297935643
SUB1179001,High Margin (Upsell Target),74.56,0.57412,0.06085899162372532,89.39960432945632
SUB7849221,High Value High Error (Model Fix),472.76,4.02072,0.9967905311391276,75.20865588404247
SUB8073575,High Value High Error (Model Fix),360.83,4.15374,1.4626521878859444,64.7871029990817
SUB1414399,Other,290.36,2.41864,0.8162057244470531,66.25352576460105
SUB1689746,Other,189.36,2.02095,0.26054567223602154,87.10776257522346
SUB5273445,Other,86.53,0.72505,0.0633778584873439,91.2588292549005
SUB3653093,Other,245.51,2.02468,0.41736632870914825,79.38605958921171
SUB5396208,High Margin (Upsell Target),79.0,0.4437,0.4801161720754056,-8.207386088664776
SUB8625417,High Margin (Upsell Target),52.77,0.29956,0.02967711182637467,90.09309927013798
SUB9642873,High Value High Error (Model Fix),661.38,9.1649,0.5490707987729682,94.00898210811937
SUB1801125,Other,86.01,0.71847,0.15693469041645547,78.15709905542953
SUB7746037,Other,156.42,1.60576,0.0425851566856148,97.3479749971593
SUB8032205,High Value High Error (Model Fix),460.0,6.45768,1.099550817875036,82.97297453768171
SUB6129584,High Value High Error (Model Fix),403.47,5.42706,0.6912105196394274,87.26362856427923
SUB9971541,High Margin (Upsell Target),68.68,0.4715,0.05619994399576217,88.08060572730389
SUB6681868,High Margin (Upsell Target),32.05,0.14974,0.09829855900459537,34.35384065407014
SUB8718221,Other,173.31,1.8186,0.014083150639652375,99.22560482570921
SUB5988023,Other,254.67,2.84399,0.11679169376852538,95.89338592018518
SUB7783564,Other,106.14,0.97221,0.07399376995319196,92.38911655370836
SUB3002324,Other,192.4,2.05929,0.00420816166154081,99.7956498763389
SUB5461595,Other,152.22,1.55283,0.06384055238903108,95.88876101124842
SUB1737090,Other,314.5,3.5980100000000004,0.2471803480412169,93.13008168289646
SUB5983926,High Margin (Upsell Target),156.88,1.14787,0.039300768584025425,96.57620038993741
SUB3185454,High Value High Error (Model Fix),1064.96,16.68207,2.314620884644196,86.1250978766772
SUB9415224,Other,146.92,1.4860499999999999,0.7451563408128534,49.85657677649786
SUB8330395,Other,343.85,3.9035100000000003,1.2288576675884646,68.51916179058169
SUB6522567,Other,216.99,2.36917,0.343867751582724,85.48572911261226
SUB9383190,Other,294.79,2.45751,0.7421531086292279,69.80060676745047
SUB4578226,High Margin (Upsell Target),73.61,0.51483,0.04229313365037701,91.78502930086105
SUB8603876,Other,329.54,3.78757,0.5140264801405672,86.42859458331947
SUB9658123,Other,205.89,1.67667,0.1941282696984732,88.42179619731533
SUB7401391,High Margin (Upsell Target),46.0,0.21425999999999998,0.06546295365681426,69.44695526145138
SUB9536326,Other,218.46,2.0553600000000003,0.7458283543036459,63.71300627123006
SUB3203092,Other,290.82,2.42267,0.449932966416718,81.42821901386826
SUB7304721,High Margin (Upsell Target),91.39,0.18263,0.08136709543303633,55.44702653833634
SUB6954075,Low Margin Heavy (Optimize),360.2,4.14441,0.20088256553035233,95.1529273037573
SUB8935145,High Value High Error (Model Fix),953.91,14.89395,3.1140029793036295,79.09216172134572
SUB3020148,Other,224.42,2.46279,0.3447413036179303,86.00200164780877
SUB7814276,Other,105.25,0.9609500000000001,0.05075135060272917,94.71862733724656
SUB7152941,Other,222.82,2.44264,0.05911732932844194,97.5797772357596
SUB1787494,High Value High Error (Model Fix),378.31,4.40212,0.5925361892540013,86.53975381738796
SUB3239665,Other,259.25,2.65661,0.04357745005474767,98.35965948879408
SUB7199951,Other,103.64,0.94064,0.08887023048557707,90.55215273796807
SUB6983943,High Value High Error (Model Fix),812.96,12.62419,0.4973954482347249,96.05998128802938
SUB3249119,High Value High Error (Model Fix),437.05,6.06871,1.1383136638415872,81.24290559539693
SUB2215502,High Margin (Upsell Target),79.0,0.49865,0.1660094543881923,66.70822131992534
SUB7147401,High Value High Error (Model Fix),942.38,16.25944,1.299995463265148,92.00467258856918
SUB4380795,High Value High Error (Model Fix),767.59,12.96783,0.4865785325194416,96.24780296688465
SUB5584258,Other,140.38,1.4037,0.6153501893036026,56.16227190257159
SUB3866792,High Margin (Upsell Target),79.0,0.49694,0.06492039633799668,86.9359688618351
SUB2554510,High Margin (Upsell Target),136.17,0.8426,0.08178762523420302,90.2934221179441
SUB4232567,Other,312.94,3.57836,0.68530367369359,80.84866604551834
SUB9355425,High Margin (Upsell Target),89.62,0.15652000000000002,0.05525709543303636,64.6964634340427
SUB9182320,High Margin (Upsell Target),97.63,0.27458,0.030713028433585365,88.8145427803972
SUB8373372,Other,177.31,1.86907,0.2995165523912904,83.9751024631881
SUB1967344,High Margin (Upsell Target),123.47,0.65535,0.027822552003490375,95.75455069756765
SUB4344769,High Margin (Upsell Target),79.0,0.21925999999999998,0.06997811179582669,68.0844149430691
SUB2599908,High Value High Error (Model Fix),1169.95,18.37275,0.508586084318793,97.23184561745633
SUB6881344,High Value High Error (Model Fix),648.51,8.97847,3.056945535504081,65.95248928264971
SUB9782882,Other,245.41,2.72723,0.5305064961838708,80.54779038864083
SUB4094235,High Margin (Upsell Target),51.78,0.28708,0.08168433507501299,71.54649049915948
SUB9167707,Other,165.58,1.72127,0.23899346734497362,86.1152830558266
SUB4476452,High Value High Error (Model Fix),1561.25,27.08112,3.8522609067755518,85.7751049189415
SUB5246238,Low Margin Heavy (Optimize),383.94,5.144010000000001,0.14077165587342932,97.26338681547219
SUB1772838,Other,337.57,3.88873,0.337522631196407,91.32049200648008
SUB7511634,Other,221.59,2.42714,0.10811355813190193,95.54563980108679
SUB2330363,Other,235.68,2.60469,0.3721779336914022,85.71123881569775
SUB9946694,High Margin (Upsell Target),155.56,1.12843,0.056630600467289405,94.9814697883529
SUB6202413,High Value High Error (Model Fix),735.67,11.37957,1.5903406616653708,86.02459792711525
SUB5849617,Other,84.82,0.7034400000000001,0.08063160391769131,88.53752929635914
SUB3669995,Other,122.68,1.1805999999999999,0.012251463083853276,98.96226807692247
SUB9461516,High Margin (Upsell Target),111.16,0.47402,0.13067795227238266,72.43197496468869
SUB6216813,Other,285.27,3.04006,0.46825326860481775,84.59723595571081
SUB5058961,High Value High Error (Model Fix),1032.47,16.15891,0.6846808927751162,95.76282748789914
SUB8073575,High Margin (Upsell Target),126.48,0.69971,4.916682187885945,-602.6742776130031
SUB3569395,Other,220.22,2.0813800000000002,0.22019166666933954,89.4208810179141
SUB9370262,Other,144.44,1.13694,0.16055883244253022,85.87798543084682
SUB7147878,Other,318.27,3.5263899999999997,0.6456536567401501,81.69080400238913
SUB1312051,Other,204.63,2.2134,0.5081738212912028,77.04103093470665
SUB6236840,Other,187.93,2.00286,0.7682243549621313,61.643631858336015
SUB6083801,Low Margin Heavy (Optimize),410.39,5.527340000000001,0.27997805462730074,94.9346692147163
SUB5204099,Low Margin Heavy (Optimize),368.9,4.2835600000000005,0.08047064552891126,98.12140729839406
SUB3768654,High Value High Error (Model Fix),442.19,5.98831,2.175449428287738,63.671729949055106
SUB7501553,High Margin (Upsell Target),79.0,0.44395,0.12073006937979563,72.80548048658731
SUB3859653,Other,210.75,1.7193900000000002,0.09664414815596034,94.37916073979956
SUB8177545,High Value High Error (Model Fix),406.39,4.756,0.8502891435518518,82.12175896652961
SUB8517618,Other,211.78,1.95693,0.07056216031105866,96.39424198560711
SUB6008341,High Margin (Upsell Target),41.82,0.16151,0.1152922942324972,28.61600258033731
SUB3049949,High Margin (Upsell Target),73.94,0.5177,0.01215389341988804,97.6523288738868
SUB5642681,High Margin (Upsell Target),94.81,0.701,0.05824971600366091,91.69048273842212
SUB9862264,Other,195.41,2.0972,0.0634666171419771,96.97374512960246
SUB5241244,High Margin (Upsell Target),41.34,0.15555000000000002,0.009043989904929273,94.18579883964688
SUB9473958,High Margin (Upsell Target),117.38,0.56559,0.11117015313181944,80.3443920274723
SUB3082963,Other,163.11,1.3009600000000001,0.3386375542578208,73.97017938615939
SUB2200346,High Margin (Upsell Target),88.12,0.13441,0.05673434130837751,57.79008904964101
SUB7365062,High Value High Error (Model Fix),404.06,4.72671,0.8114066837519189,82.83358438000387
SUB2185622,Other,90.22,0.77149,0.038869379146573735,94.96177796905032
SUB2820844,High Margin (Upsell Target),33.9,0.16598,0.009113856352753552,94.50906353009185
SUB2847199,Other,325.08,3.6268200000000004,0.27796412422419836,92.33587208010879
SUB5266988,Other,209.79,1.92759,0.28474129286261873,85.22811942048783
SUB9152885,Other,194.62,1.70404,0.10301686108385688,93.95455147274379
SUB7087595,High Margin (Upsell Target),80.06,0.5714400000000001,0.18697433469020786,67.28014582629712
SUB9739287,Low Margin Heavy (Optimize),693.43,9.62945,0.328824536996672,96.58521995548372
SUB1384533,High Margin (Upsell Target),125.18,0.68069,0.09716844283457904,85.72500803088352
SUB5242154,High Margin (Upsell Target),72.41,0.54713,0.020916871372792523,96.17698328134219
SUB4275072,High Margin (Upsell Target),79.0,0.5473600000000001,0.1344516616226059,75.4363377626049
SUB8272003,Other,206.13,1.87371,0.1989825183783851,89.38029266117034
SUB8150265,Other,100.46,0.90062,0.12277095261403481,86.36817385645058
SUB4433372,Other,201.45,2.17327,0.12049838331293339,94.45543428506659
SUB9513199,Other,180.99,1.45798,0.04478816806159491,96.92806704744956
SUB1974303,Other,95.47,0.83768,0.0174856884598501,97.91260523590749
SUB9605094,Other,94.41,0.82436,0.013152770709584871,98.4044870312018
SUB3379093,Other,150.26,1.52818,0.1389902888543546,90.90484832582847
SUB8103260,Other,181.63,1.5126300000000001,0.17240794830435435,88.602107038446
SUB2417158,High Value High Error (Model Fix),582.8,8.02612,0.7907497963448016,90.1477949950312
SUB6037285,Other,75.09,0.58087,0.03668035186296137,93.68527349269864
SUB2531064,High Margin (Upsell Target),149.05,1.03243,0.09336321341568643,90.95694493421477
SUB7107182,High Margin (Upsell Target),47.04,0.2273,0.09132446359183527,59.822057372707754
SUB8764461,Other,137.71,1.37004,0.8400733740031803,38.68256591025223
SUB1908380,High Margin (Upsell Target),96.36,0.25584,0.03822008990796599,85.06094046749297
SUB8457918,High Margin (Upsell Target),79.0,0.32218,0.07473041995312513,76.80476132810071
SUB6055769,Other,179.37,1.4793,0.05205981745160515,96.48078027096565
SUB6198363,High Margin (Upsell Target),54.51,0.32143,0.016136971566414637,94.97963115875474
SUB6768212,Other,199.13,1.77048,0.23689676169326823,86.61963073893699
SUB1435477,Other,78.62,0.62528,0.0867914827115388,86.11958119377897
SUB7893728,Other,116.74,1.1057000000000001,0.11866130416071252,89.26821885134191
SUB7734714,Other,198.75,2.13926,0.32666981316933885,84.72977510123413
SUB8648392,Other,335.38,3.86117,0.567721699632882,85.29664066506054
SUB6473024,Low Margin Heavy (Optimize),1020.66,17.73366,0.20170886198918936,98.86256496408981
SUB6207188,Other,318.58,3.53106,0.03444034832618037,99.0246456212531
SUB8885766,High Margin (Upsell Target),79.0,0.3095,0.03710775927820703,88.010417034505
SUB4614705,High Margin (Upsell Target),79.0,0.55441,0.1100055112477425,80.15809396516252
SUB8451062,High Margin (Upsell Target),159.96,1.1931500000000002,0.1581074040163526,86.7487403917066
SUB7848829,High Margin (Upsell Target),29.0,0.07442,0.07596230892364365,-2.0724387579194428
SUB1909245,Other,140.14,1.09917,0.18127689410254066,83.50783826864446
SUB9306931,High Margin (Upsell Target),112.26,0.49013999999999996,0.10452461230605176,78.6745394568793
SUB5263528,High Margin (Upsell Target),67.66,0.46258,0.04488338216780685,90.2971632652067
SUB5449720,High Value High Error (Model Fix),787.1,12.207690000000001,0.6258443618769753,94.87335964562521
SUB4291070,Other,158.35,1.63008,0.18870148800299225,88.42378975246662
SUB7405883,High Margin (Upsell Target),70.62,0.5245700000000001,0.08505224455816457,83.78629266672426
SUB5022261,Other,274.15,2.8761900000000002,0.23320762818553975,91.89178641934157
SUB8983439,Other,147.72,1.4962,0.09816584025171005,93.43898942309116
SUB1220326,High Margin (Upsell Target),146.59,0.99612,0.30390428521844204,69.49119732377203
SUB8012022,High Margin (Upsell Target),79.0,0.54237,0.1456743098395179,73.14115643573246
SUB3377935,High Margin (Upsell Target),62.08,0.41689,0.059199205390424,85.79980201241958
SUB7615379,High Margin (Upsell Target),128.89,0.73527,0.11623893213166292,84.19098669445742
SUB3801329,Low Margin Heavy (Optimize),486.41,6.62918,0.17181279043923947,97.40823464683054
SUB1708669,Other,143.83,1.44711,0.44950990116220546,68.93740619840887
SUB9951442,High Margin (Upsell Target),79.0,0.55067,0.3202911456284937,41.836100454265946
SUB4324664,Other,201.88,2.17874,0.08773263165415379,95.97323996189753
SUB5305665,Low Margin Heavy (Optimize),417.79,5.6346300000000005,0.059458601727039984,98.94476475425999
SUB4402155,Other,188.27,2.00719,0.3187929408303325,84.11745072313371
SUB7132469,High Value High Error (Model Fix),676.2,11.24673,1.2697793375664475,88.7097908675104
SUB2960155,High Value High Error (Model Fix),787.44,12.213280000000001,2.628376765970346,78.47935390025984
SUB6511934,Low Margin Heavy (Optimize),798.55,12.39209,0.29907735444004757,97.58654630139026
SUB7025261,High Value High Error (Model Fix),394.65,5.34997,0.742034574266361,86.13011709848165
SUB5498907,High Margin (Upsell Target),107.34,0.41764999999999997,0.044387455766599526,89.37209247776858
SUB3130118,Other,310.15,2.5924899999999997,0.12463990797501223,95.19227044366565
SUB5057893,Other,303.01,3.45315,0.7249286104608936,79.00674426361746
SUB7620661,Other,195.68,1.7197,0.1643569541935781,90.44269615667976
SUB2829484,Low Margin Heavy (Optimize),346.49,4.0010900000000005,0.2622784953484891,93.44482390177454
SUB3898845,High Value High Error (Model Fix),1170.25,18.37761,2.029348134453258,88.95749700612181
SUB2760511,Other,120.16,1.1488800000000001,0.09092505418551244,92.0857657731432
SUB5230013,Other,84.61,0.70085,0.2344988031100509,66.5408000128343
SUB3074242,High Margin (Upsell Target),80.73,0.57736,0.14874307351761112,74.23737814922906
SUB7959972,Other,137.44,1.3666500000000001,0.10126581097033838,92.59021615114781
SUB3585181,Other,537.35,5.27629,0.2419949172753082,95.41354024749761
SUB1600198,Other,102.68,0.9286,0.21465994174547476,76.88348678166328
SUB5428622,High Margin (Upsell Target),57.36,0.37207999999999997,0.007416500456862207,98.00674573831913
SUB3957817,High Value High Error (Model Fix),611.6,8.44353,1.5416895345842292,81.74117300957977
SUB7439519,Other,121.55,1.1664100000000002,0.06522889141312382,94.40772186339933
SUB4230545,Other,277.06,3.1262,0.720324401659652,76.95846709552646
SUB3946862,Other,298.09,3.229,0.2997867908360754,90.71580084124882
SUB9521722,Other,117.33,1.11321,0.07503181455490515,93.2598687978993
SUB7720841,High Margin (Upsell Target),29.0,0.0115,0.032893017858370135,-186.02624224669682
SUB4759834,High Value High Error (Model Fix),712.4,7.04443,1.443508262328277,79.50851577305365
SUB8809006,Other,241.95,1.9933699999999999,0.030338839715769117,98.47801262606696
SUB1091006,Other,137.26,1.3643299999999998,0.2047563869732878,84.99216560705344
SUB5451441,High Margin (Upsell Target),74.21,0.52009,0.15148786822058868,70.87275890315355
SUB3235883,High Margin (Upsell Target),50.67,0.27305,0.14015707446019354,48.66981341871689
SUB1461122,High Margin (Upsell Target),97.56,0.27349,0.017541607720858776,93.58601494721607
SUB8265406,High Margin (Upsell Target),51.84,0.32361,0.0007641233118571567,99.7638752474098
SUB6767204,High Value High Error (Model Fix),387.95,5.20213,1.388236894123608,73.31406761992476
SUB9582447,High Value High Error (Model Fix),919.0,14.33171,1.7578694929588945,87.73440508523481
SUB1298783,Other,122.35,1.17648,0.18764769682215454,84.05007336952991
SUB5323242,Other,193.7,2.0756300000000003,0.7662758449673341,63.082252377960714
SUB4956558,Other,123.34,1.18894,0.167124669701896,85.94338909432805
SUB3032656,Other,270.39,2.24322,0.01458427030291043,99.34985109338761
SUB1397710,Other,91.38,0.78613,0.12013994162863673,84.71754778107479
SUB3437587,Other,301.06,3.42855,0.3728326635326509,89.12564601558527
SUB7922496,High Margin (Upsell Target),49.14,0.25384,0.016581832021837495,93.4676047818163
SUB2693481,Other,107.85,0.99375,0.13630128234197392,86.28414768885797
SUB6287267,Other,99.99,0.8946000000000001,0.13734047190298404,84.64783457377777
SUB3781652,High Value High Error (Model Fix),1488.29,25.791700000000002,1.4668840789405841,94.31257311871423
SUB7142453,Other,283.03,3.20138,0.10881540625143593,96.6009843801287
SUB9879391,Other,97.35,0.8613200000000001,0.07002235176190452,91.87034415061713
SUB7912880,High Value High Error (Model Fix),512.55,7.0079899999999995,2.895846064346985,58.67793669301775
SUB8059916,High Value High Error (Model Fix),462.81,6.287109999999999,1.6522233772340966,73.72046334112022
SUB4524756,High Margin (Upsell Target),79.0,0.35306,0.035376802341214375,89.97994608813958
SUB5863099,High Value High Error (Model Fix),929.99,14.50875,4.404814936568471,69.64028647148464
SUB5040479,Other,182.92,1.93972,0.23039127628870837,88.122446730007
SUB1093246,High Margin (Upsell Target),88.83,0.6484500000000001,0.016783359505846085,97.41177276492465
SUB1900542,High Value High Error (Model Fix),402.89,4.71195,0.9653365139851608,79.51301448476404
SUB5811071,High Value High Error (Model Fix),462.43,6.49889,0.4856036101954464,92.52789922286043
SUB8896403,High Margin (Upsell Target),147.64,1.01162,0.22493542796988453,77.76482987980818
SUB5214279,Low Margin Heavy (Optimize),541.22,7.42348,0.24948820762891,96.63920145768682
SUB1360306,Other,227.12,2.49678,0.47946879114242336,80.79651426467598
SUB6638132,Other,176.17,1.43211,0.24767241654586236,82.70576865283655
SUB3767257,Other,606.67,5.97651,0.21872790880098236,96.3402067627933
SUB9072879,Other,304.64,3.47373,0.2092573614415798,93.97600385057044
SUB1513953,High Value High Error (Model Fix),534.24,4.56074,0.5158268402837081,88.68984330868
SUB4081091,Other,243.34,2.4220900000000003,0.22078801163463124,90.8844010076161
SUB8827494,High Margin (Upsell Target),113.15,0.8621,0.1821422085261789,78.87226440944451
SUB7060319,Other,276.08,3.11383,0.15988116569910948,94.86544976125512
SUB3431129,Low Margin Heavy (Optimize),752.94,11.65763,0.4534701033883106,96.11010039443428
SUB6752810,Other,183.94,1.95263,0.06166861372382737,96.84176655465565
SUB4427975,Other,233.27,2.57435,0.04641976563263084,98.1968354873024
SUB6587239,Other,95.75,0.84116,0.3446333077216187,59.028804541155225
SUB5610764,Other,269.4,2.80618,0.3344226699485109,88.08263653976185
SUB5184056,High Margin (Upsell Target),67.64,0.48699000000000003,0.054597095563538145,88.78886721215258
SUB2511602,Other,202.11,2.18158,0.5452771421622677,75.00540240732553
SUB5473214,Other,158.08,1.62672,0.04861153874720259,97.01168371033721
SUB9332715,High Margin (Upsell Target),112.59,0.49510000000000004,0.05924059034513102,88.0346212189192
SUB5851188,Other,158.44,1.63126,0.48074675974091785,70.52911493318553
SUB5055447,Other,280.03,3.1635999999999997,0.3174661792303106,89.96503416265297
SUB5534945,High Margin (Upsell Target),70.9,0.5280199999999999,0.018073294769271775,96.57715715895766
SUB3780877,Other,147.33,1.49124,0.05992230827394063,95.98171265028161
SUB7095561,Other,211.5,1.95281,0.08301144794784232,95.7491282844802
SUB6959776,High Margin (Upsell Target),136.54,0.84811,0.08067339224498549,90.48786215880187
SUB6672745,Other,163.01,1.6888699999999999,0.08431711153589916,95.00748361117793
SUB8010131,Other,234.72,1.92991,0.4233574230524382,78.06335927310403
SUB6868590,Other,157.59,1.62059,0.10385911785354285,93.59127738332688
SUB2896220,Other,195.36,2.0964899999999997,0.3955735551776378,81.1316269012665
SUB7871574,Other,246.16,2.0304100000000003,0.26983886724567463,86.71012912438007
SUB6629481,Other,183.16,1.47706,0.05596168829027648,96.2112786013922
SUB9198344,Low Margin Heavy (Optimize),794.9,13.482149999999999,0.3668020563282699,97.27935042757817
SUB3430992,High Margin (Upsell Target),118.62,0.91013,0.12732691196858004,86.01003021891597
SUB9970922,Low Margin Heavy (Optimize),343.67,3.96565,1.435171421185264,63.809932263682775
SUB9375741,Other,216.33,2.36078,0.07060505343956347,97.00924891605472
SUB4127640,Other,173.81,1.39491,0.2018646757896645,85.528480275454
SUB7874399,High Value High Error (Model Fix),469.48,6.38384,1.8155616735592073,71.56003794645218
SUB1835358,Other,534.0,5.24239,0.26532838452336094,94.93878966419207
SUB8152747,Other,232.01,2.55838,0.45234429879035387,82.31911214165395
SUB8313367,High Value High Error (Model Fix),903.57,8.97544,2.3376509688102978,73.95502650777792
SUB2693152,Other,267.27,3.00271,0.28585731498947053,90.4800225466505
SUB3050241,High Value High Error (Model Fix),451.39,6.1216099999999996,1.993165157257443,67.44050736232064
SUB6573945,Other,149.21,1.51498,0.3210824986338858,78.80615594701673
SUB6895038,Other,112.05,1.0465799999999998,0.07973241749365356,92.38162228461718
SUB5327219,Other,115.77,1.09348,0.05673290180184187,94.81171106907837
SUB8232212,High Value High Error (Model Fix),396.93,4.63677,1.1425690252784788,75.35851411050194
SUB4870033,High Value High Error (Model Fix),559.11,7.682720000000001,0.8549057299685705,88.87235601494561
SUB9512270,Other,97.49,0.86318,0.1640778749355425,80.99146470776171
SUB4931895,Other,137.37,1.07487,0.1213609409105616,88.7092447541971
SUB2650824,High Margin (Upsell Target),61.4,0.40836,0.0005114954776360703,99.87474398138013
SUB2384250,High Margin (Upsell Target),45.3,0.20541,0.022066704137863852,89.25723959989102
SUB3165456,High Margin (Upsell Target),149.15,1.03383,0.14728311483405376,85.75364278130314
SUB1545726,Low Margin Heavy (Optimize),737.41,11.407540000000001,0.4227168395501426,96.29440843906625
SUB9626510,Other,95.9,0.84314,0.12853462144814554,84.75524569488513
SUB1341207,Other,299.79,3.41256,0.2535447016934653,92.5702492646733
SUB3343136,Other,162.78,1.68594,0.1326226282673828,92.13360924662902
SUB3084504,Other,178.58,1.88502,0.11154141964239095,94.08274609063082
SUB3080154,High Value High Error (Model Fix),380.21,4.4393199999999995,0.5546749924582932,87.50540640327137
SUB2138452,High Value High Error (Model Fix),995.37,15.5615,1.8470365329168725,88.130729473914
SUB8838941,High Value High Error (Model Fix),615.97,8.50679,0.7659407470003146,90.99612489552094
SUB1578688,High Value High Error (Model Fix),1403.52,24.29333,2.6112457109642975,89.25118248109956
SUB5084457,Other,190.01,1.53716,0.0383495298179648,97.5051699355978
SUB2675255,High Value High Error (Model Fix),541.14,7.42225,2.329214778645075,68.61848120657382
SUB9676514,Other,114.72,1.08022,0.0004196064586730053,99.96115546289894
SUB2595123,High Margin (Upsell Target),105.7,0.39352,0.015457881448348643,96.07189432599394
SUB9302146,High Margin (Upsell Target),115.68,0.5406299999999999,0.009076003767806928,98.3212171415188
SUB1158998,High Value High Error (Model Fix),513.44,4.37804,0.9298449201178163,78.76115978570739
SUB7233550,Low Margin Heavy (Optimize),545.96,7.492109999999999,0.060875679813799266,99.18746948704973
SUB4808282,Other,142.66,1.12131,0.12711505977291626,88.66370051342481
SUB3542637,High Margin (Upsell Target),121.47,0.62588,0.36501048929997326,41.68043565859697
SUB1817052,High Value High Error (Model Fix),496.71,7.07984,0.8315584715500899,88.25455841445442
SUB9647088,High Margin (Upsell Target),79.0,0.5202,0.18766066737234088,63.92528501108403
SUB4983063,Other,89.84,0.7667,0.08230026219763953,89.26564990248605
SUB5837502,Low Margin Heavy (Optimize),397.61,5.3421899999999996,0.11838745309917353,97.78391533997905
SUB2445819,Other,150.47,1.53087,0.10897604453166343,92.88143052436435
SUB6170988,High Value High Error (Model Fix),657.08,9.10268,1.0639207764079295,88.31200507534122
SUB8884479,High Margin (Upsell Target),70.68,0.48904000000000003,0.05485678187340026,88.78276176316861
SUB2908802,Other,191.24,2.04458,0.7054016500639122,65.4989459906723
SUB5709751,High Value High Error (Model Fix),383.09,5.15405,0.49603536139688487,90.37581394443428
SUB3733460,Other,84.85,0.70387,0.18273927231474008,74.0379228671857
SUB7854795,Other,170.59,1.78436,0.637991300986616,64.24537083399
SUB9499970,High Value High Error (Model Fix),1426.83,24.70543,1.8105676352971898,92.67137776878529
SUB3830095,High Margin (Upsell Target),61.97,0.41555000000000003,0.11999987761423542,71.1226380425375
SUB7113790,Other,139.08,1.08985,0.07930701723131084,92.72312545475883
SUB1310375,High Margin (Upsell Target),79.0,0.43054000000000003,0.04211942033071853,90.21707150770695
SUB2546236,High Value High Error (Model Fix),769.24,11.920200000000001,2.7810391143579842,76.66952639756057
SUB8089975,High Margin (Upsell Target),112.72,0.49699,0.025534085465949763,94.86225367392709
SUB6017650,Other,165.6,1.2763,0.10085477963848155,92.09787827011819
SUB9077813,Other,202.34,2.18446,0.14740009131236542,93.25233278190649
SUB2001622,High Margin (Upsell Target),42.16,0.16588,0.0689096300424383,58.4581444161814
SUB2610921,High Margin (Upsell Target),130.51,0.75918,0.02439702240986452,96.78639816514338
SUB7234408,Other,193.59,2.0742800000000003,0.18604444993078628,91.03089023994899
SUB7550670,Other,133.78,1.3204200000000001,0.7098954506977109,46.237147975817486
SUB4560920,Other,220.3,2.4108400000000003,0.2978275107926702,87.64631784802516
SUB5168773,Other,144.88,1.46033,0.353197645391764,75.81384718578924
SUB7378384,Other,82.92,0.6794600000000001,0.11347845375406196,83.29872932121657
SUB8985620,High Margin (Upsell Target),96.55,0.71633,0.03941520262420706,94.49761944575725
SUB3787352,Other,291.98,3.31414,0.2722710217730402,91.78456487133796
SUB7637448,High Value High Error (Model Fix),1601.26,30.38177,3.7444953531647407,87.67519024347581
SUB5935500,Other,158.69,1.63443,0.32747504792347315,79.96396003967908
