user_id,user_segment,arpu_tier,plan_type,total_data_gb,arpu_zar,absolute_error_gb,pct_streaming,pct_social,pct_messaging,pct_gaming
SUB8984705,"Revenue Driver (High ARPU, High Data)",High (R200-500),Postpaid_Premium,4.13474,357.09,0.2190309408814981,20.257611241217795,55.386416861826696,14.402810304449648,9.953161592505854
SUB6140709,Regular User,Mid (R100-200),Prepaid_Monthly,1.00957,109.11,0.17698910635330356,15.09433962264151,9.81132075471698,6.415094339622642,68.67924528301886
SUB3654810,Regular User,Mid (R100-200),Prepaid_Daily,1.04403,133.86,0.09241737925154458,73.98373983739837,22.764227642276424,0.8130081300813009,2.4390243902439024
SUB6876924,"Revenue Driver (High ARPU, High Data)",High (R200-500),Postpaid_Premium,3.8800700000000004,336.88,0.7660478254117309,52.20125786163522,37.106918238993714,2.8301886792452833,7.8616352201257875
SUB3498002,Regular User,Mid (R100-200),Postpaid_Unlimited,1.3349600000000001,134.93,0.21392431855385374,15.0,62.33333333333334,1.6666666666666667,21.0
SUB9736347,"Revenue Driver (High ARPU, High Data)",High (R200-500),Postpaid_Unlimited,3.89173,337.81,0.614082354512723,36.84931506849315,39.45205479452055,10.41095890410959,13.287671232876713
SUB4731622,Regular User,Mid (R100-200),Prepaid_Daily,1.59625,196.73,0.1521142063065315,43.046357615894046,13.90728476821192,28.47682119205298,14.56953642384106
SUB4855933,"Upsell Opportunity (Low ARPU, Low Data)",Mid-Low (R50-100),Postpaid_Basic,0.2532,96.18,0.013154226845718209,4.285714285714286,30.714285714285715,28.571428571428577,36.42857142857143
SUB8842680,Regular User,High (R200-500),Prepaid_Daily,2.13985,258.62,0.6936807673898602,43.73333333333333,12.000000000000002,30.666666666666664,13.600000000000001
SUB5228456,"Upsell Opportunity (Low ARPU, Low Data)",Mid-Low (R50-100),Prepaid_Daily,0.54184,76.69,0.1676485102370967,13.600000000000001,32.8,6.4,47.199999999999996
SUB1769598,Regular User,High (R200-500),Prepaid_Daily,3.24315,384.23,0.23543435824911363,26.63115845539281,45.67243675099867,9.320905459387482,18.375499334221036
SUB7445860,Regular User,Mid (R100-200),Prepaid_Monthly,1.60514,156.37,0.14068862444604502,12.444444444444445,35.77777777777778,6.444444444444445,45.333333333333336
SUB6088890,Regular User,Mid (R100-200),Postpaid_Basic,1.3016500000000002,167.32,0.3689718798717998,21.656050955414013,67.51592356687898,10.828025477707007,0.0
SUB6196467,"Upsell Opportunity (Low ARPU, Low Data)",Mid-Low (R50-100),Prepaid_Daily,0.31798000000000004,51.2,0.04825706546291275,33.56164383561644,43.150684931506845,19.17808219178082,4.109589041095889
SUB6628573,"Upsell Opportunity (Low ARPU, Low Data)",Mid-Low (R50-100),Prepaid_Monthly,0.55328,72.9,0.05058686949584623,14.285714285714288,59.006211180124225,1.8633540372670807,24.84472049689441
SUB3332127,"Revenue Driver (High ARPU, High Data)",High (R200-500),Postpaid_Basic,5.2140699999999995,386.63,0.6274025013462232,35.091743119266056,54.70183486238531,9.40366972477064,0.8027522935779817
SUB9837590,Regular User,High (R200-500),Postpaid_Basic,2.6227,256.95,0.6915886676861134,28.60520094562648,54.37352245862884,12.056737588652485,4.964539007092199
SUB1611213,"Upsell Opportunity (Low ARPU, Low Data)",Mid-Low (R50-100),Prepaid_Monthly,0.78962,91.66,0.2079668819442868,53.37837837837838,29.72972972972973,12.162162162162161,4.72972972972973
SUB3654965,Regular User,Mid (R100-200),Postpaid_Basic,1.3208900000000001,168.62,0.09059548410259644,27.514792899408285,35.50295857988166,21.597633136094675,15.384615384615385
SUB1956011,"Revenue Driver (High ARPU, High Data)",High (R200-500),Postpaid_Premium,5.05509,377.8,1.574649928004416,41.015625,29.6875,6.640625,22.656249999999996
SUB4144480,"Revenue Driver (High ARPU, High Data)",Premium (>R500),Prepaid_Monthly,7.26766,530.47,0.1431002994827999,32.32323232323232,14.14141414141414,16.38608305274972,37.14927048260381
SUB7334625,Regular User,High (R200-500),Postpaid_Unlimited,2.4240500000000003,221.35,0.5201727612841265,61.17216117216117,17.216117216117215,13.553113553113553,8.058608058608058
SUB5620650,"Revenue Driver (High ARPU, High Data)",Premium (>R500),Postpaid_Premium,23.34998,1350.14,3.2186692176151723,54.27408412483039,8.412483039348711,27.137042062415194,10.176390773405698
SUB6882545,Regular User,Mid (R100-200),Postpaid_Unlimited,1.61229,156.94,0.3335345474053888,25.25,49.5,7.75,17.5
SUB5510579,Regular User,Mid (R100-200),Prepaid_Monthly,1.0696199999999998,113.87,0.10395451304296599,35.96491228070175,7.894736842105264,38.59649122807018,17.54385964912281
SUB7281328,Regular User,Mid (R100-200),Prepaid_Monthly,1.38502,138.9,0.004598531078848778,35.294117647058826,57.78546712802769,5.190311418685122,1.7301038062283738
SUB4434955,Regular User,Mid (R100-200),Prepaid_Monthly,1.39506,139.7,0.11286718346366365,20.794392523364486,45.79439252336448,16.588785046728972,16.822429906542055
SUB4073961,"Upsell Opportunity (Low ARPU, Low Data)",Mid-Low (R50-100),Postpaid_Premium,0.5133,79.0,0.03846459900477256,14.529914529914528,68.37606837606836,10.256410256410255,6.837606837606837
SUB8710611,Regular User,Mid (R100-200),Postpaid_Premium,1.5798599999999998,154.36,0.09084004644837074,26.101694915254242,41.694915254237294,29.152542372881356,3.050847457627119
SUB4612610,Regular User,High (R200-500),Prepaid_Monthly,2.46675,224.74,1.0017461531655383,41.50664697193501,16.691285081240768,10.044313146233383,31.757754800590842
SUB9228736,"Upsell Opportunity (Low ARPU, Low Data)",Mid-Low (R50-100),Prepaid_Daily,0.42792,63.72,0.014847760249734221,23.64864864864865,6.756756756756757,41.21621621621622,28.37837837837838
SUB9913613,Regular User,High (R200-500),Prepaid_Monthly,3.48606,305.62,0.2162760182031791,31.506849315068497,9.246575342465754,1.3698630136986303,57.87671232876712
SUB3959470,"Revenue Driver (High ARPU, High Data)",High (R200-500),Postpaid_Basic,3.42553,311.42,0.35955052747550553,32.15859030837005,46.47577092511014,11.894273127753308,9.471365638766521
SUB6963132,"Upsell Opportunity (Low ARPU, Low Data)",Mid-Low (R50-100),Prepaid_Monthly,0.41708999999999996,62.1,0.04425006026480882,35.35353535353536,44.44444444444445,8.080808080808081,12.121212121212121
SUB1727468,"Upsell Opportunity (Low ARPU, Low Data)",Mid-Low (R50-100),Prepaid_Daily,0.59177,82.37,0.01714096015388389,54.0,15.0,30.0,1.0
SUB7881289,"Upsell Opportunity (Low ARPU, Low Data)",Low (<R50),Prepaid_Daily,0.21033000000000002,38.95,0.0606044090526513,18.095238095238095,76.19047619047619,4.761904761904762,0.9523809523809523
SUB2916796,Regular User,High (R200-500),Prepaid_Monthly,2.4064,219.95,0.060104644675097685,2.4918743228602382,65.00541711809316,29.469122426868903,3.0335861321776814
SUB3192271,"Upsell Opportunity (Low ARPU, Low Data)",Mid-Low (R50-100),Prepaid_Daily,0.5522,77.87,0.12744887292246299,29.924242424242426,52.27272727272727,9.469696969696969,8.333333333333332
SUB6044080,Regular User,High (R200-500),Prepaid_Monthly,2.44021,222.63,0.06936130952015374,48.120300751879704,41.60401002506266,0.7518796992481204,9.523809523809526
SUB7374825,"Upsell Opportunity (Low ARPU, Low Data)",Mid (R100-200),Postpaid_Unlimited,0.89786,100.25,0.03538897699163901,17.58241758241758,70.32967032967032,3.296703296703297,8.79120879120879
SUB9271330,Regular User,Mid (R100-200),Postpaid_Premium,1.93007,182.15,0.20518902996860766,19.56521739130435,51.08695652173913,14.130434782608697,15.217391304347828
SUB7424788,"Revenue Driver (High ARPU, High Data)",Premium (>R500),Postpaid_Unlimited,15.32549,980.71,1.7637581221519891,45.017182130584196,51.546391752577314,1.632302405498282,1.804123711340206
SUB5275542,Regular User,Mid (R100-200),Postpaid_Premium,1.70838,164.56,0.2909625458953511,34.27672955974843,60.691823899371066,4.402515723270441,0.6289308176100629
SUB8752950,Regular User,High (R200-500),Prepaid_Monthly,2.8951100000000003,258.73,0.09305478429930147,65.20618556701031,18.298969072164947,1.0309278350515463,15.463917525773196
SUB8541714,"Upsell Opportunity (Low ARPU, Low Data)",Mid-Low (R50-100),Prepaid_Daily,0.66886,91.15,0.0807945596639228,29.896907216494846,18.556701030927837,36.08247422680412,15.463917525773196
SUB3971783,"Revenue Driver (High ARPU, High Data)",High (R200-500),Postpaid_Unlimited,3.62147,316.36,0.4537494081217486,9.88822012037833,48.92519346517627,26.311263972484948,14.875322441960446
SUB6547094,"Upsell Opportunity (Low ARPU, Low Data)",Low (<R50),Prepaid_Daily,0.26767,45.47,0.02195910047790961,17.543859649122805,21.052631578947363,19.298245614035086,42.105263157894726
SUB3801818,Regular User,Mid (R100-200),Prepaid_Daily,1.5038900000000002,186.22,0.4420395448878891,79.20792079207921,18.81188118811881,0.9900990099009901,0.9900990099009901
SUB9704434,"Upsell Opportunity (Low ARPU, Low Data)",Mid-Low (R50-100),Postpaid_Basic,0.15937,89.81,0.03514229199621123,13.978494623655916,45.16129032258064,8.60215053763441,32.25806451612903
SUB8256300,Regular User,Mid (R100-200),Prepaid_Daily,1.10888,141.25,0.0445820455363517,36.492890995260666,55.92417061611374,7.109004739336493,0.47393364928909953
SUB3745683,"Revenue Driver (High ARPU, High Data)",Premium (>R500),Postpaid_Basic,8.17216,561.16,1.3142898582204499,54.36408977556111,35.16209476309227,9.850374064837906,0.6234413965087282
SUB8169158,"Upsell Opportunity (Low ARPU, Low Data)",Low (<R50),Prepaid_Daily,0.07672,29.0,0.03232698214162986,50.0,40.90909090909091,0.0,9.090909090909092
SUB9634939,Regular User,High (R200-500),Prepaid_Monthly,2.97426,265.01,0.89816144827812,67.05882352941177,18.039215686274513,1.9607843137254906,12.941176470588237
SUB8596713,"Upsell Opportunity (Low ARPU, Low Data)",Mid-Low (R50-100),Prepaid_Daily,0.63414,87.2,0.1365336648369741,29.508196721311474,53.278688524590166,13.114754098360656,4.0983606557377055
SUB7397986,"Revenue Driver (High ARPU, High Data)",Premium (>R500),Postpaid_Unlimited,14.37172,921.48,3.775470165710722,33.849557522123895,17.58849557522124,1.991150442477876,46.57079646017699
SUB9421374,"Upsell Opportunity (Low ARPU, Low Data)",Mid-Low (R50-100),Postpaid_Unlimited,0.63462,79.36,0.022099359896144866,27.18446601941748,53.398058252427184,7.766990291262135,11.650485436893202
SUB7150208,"Upsell Opportunity (Low ARPU, Low Data)",Mid-Low (R50-100),Prepaid_Monthly,0.6379900000000001,79.62,0.021398946241258487,26.73992673992674,67.76556776556777,1.0989010989010988,4.395604395604395
SUB4031863,"Upsell Opportunity (Low ARPU, Low Data)",Mid-Low (R50-100),Postpaid_Premium,0.73339,87.19,0.007710910662735326,38.655462184873954,42.43697478991597,13.445378151260506,5.462184873949581
SUB5873594,Regular User,High (R200-500),Postpaid_Basic,3.1385,291.95,0.15835672600198203,12.85714285714286,45.55555555555556,1.4285714285714286,40.15873015873016
SUB9571632,"Upsell Opportunity (Low ARPU, Low Data)",Mid-Low (R50-100),Postpaid_Premium,0.35535,79.0,0.08756012413516784,11.76470588235294,50.0,0.9803921568627451,37.254901960784316
SUB2447947,"Upsell Opportunity (Low ARPU, Low Data)",Mid (R100-200),Postpaid_Basic,0.40612,106.56,0.046196068912449095,12.452830188679243,58.490566037735846,7.169811320754717,21.886792452830186
SUB8615487,Regular User,High (R200-500),Postpaid_Premium,3.40367,299.08,0.0746077030005936,20.151133501259448,35.012594458438286,22.16624685138539,22.670025188916878
SUB2822744,"Revenue Driver (High ARPU, High Data)",High (R200-500),Postpaid_Basic,6.128640000000001,440.59,0.5203176785290982,58.30188679245282,20.188679245283016,17.169811320754715,4.339622641509433
SUB4338669,"Upsell Opportunity (Low ARPU, Low Data)",Low (<R50),Prepaid_Monthly,0.04535,32.6,0.0009569821416298627,30.0,65.0,5.0,0.0
SUB2268300,"Revenue Driver (High ARPU, High Data)",Premium (>R500),Postpaid_Unlimited,10.84936,702.75,1.432379121616183,57.64331210191082,31.422505307855626,5.414012738853503,5.520169851380043
SUB3911190,"Revenue Driver (High ARPU, High Data)",Premium (>R500),Postpaid_Unlimited,9.85592,709.06,0.3136996066121487,55.97014925373135,32.33830845771145,7.213930348258707,4.477611940298508
SUB5228021,"Revenue Driver (High ARPU, High Data)",High (R200-500),Postpaid_Unlimited,4.0297600000000005,348.76,0.33182885448259647,57.180851063829785,35.904255319148945,2.393617021276596,4.521276595744681
SUB1785786,Regular User,Mid (R100-200),Postpaid_Premium,2.10854,196.31,0.0716158095150945,65.85365853658536,21.95121951219512,10.243902439024389,1.9512195121951217
SUB9400944,"Revenue Driver (High ARPU, High Data)",Premium (>R500),Postpaid_Premium,8.27311,599.84,0.035550281426653285,23.085106382978726,44.46808510638298,26.17021276595745,6.276595744680852
SUB8997488,"Upsell Opportunity (Low ARPU, Low Data)",Mid-Low (R50-100),Prepaid_Monthly,0.82559,94.51,0.040992612220920766,48.888888888888886,8.518518518518519,10.37037037037037,32.22222222222222
SUB3903561,Regular User,High (R200-500),Prepaid_Daily,1.66642,204.72,0.3665999808358924,57.44680851063829,37.94326241134752,2.8368794326241136,1.7730496453900706
SUB8948838,"Upsell Opportunity (Low ARPU, Low Data)",Low (<R50),Prepaid_Daily,0.26779000000000003,45.49,0.02121818866824643,10.191082802547772,78.98089171974523,9.554140127388536,1.2738853503184715
SUB9122734,"Revenue Driver (High ARPU, High Data)",High (R200-500),Prepaid_Monthly,3.95982,343.21,0.5997222886968703,64.11856474258971,26.98907956318253,0.4680187207488299,8.424336973478939
SUB5466951,"Upsell Opportunity (Low ARPU, Low Data)",Mid-Low (R50-100),Prepaid_Monthly,0.33855,55.86,0.012278138313074949,12.962962962962962,31.48148148148148,2.7777777777777777,52.77777777777777
SUB6254230,"Upsell Opportunity (Low ARPU, Low Data)",Mid (R100-200),Postpaid_Premium,0.92934,102.74,0.12187988264152017,17.39130434782609,58.38509316770186,11.801242236024846,12.422360248447205
SUB7269324,"Upsell Opportunity (Low ARPU, Low Data)",Mid-Low (R50-100),Prepaid_Daily,0.40354,60.94,0.1487075732239721,15.625,6.25,3.125,75.0
SUB4294900,"Revenue Driver (High ARPU, High Data)",Premium (>R500),Postpaid_Unlimited,26.57357,1532.53,0.308817367413468,81.13590263691684,11.866125760649087,2.7383367139959436,4.259634888438134
SUB1627475,Regular User,High (R200-500),Prepaid_Monthly,3.0217199999999997,268.77,0.3534069966334581,39.1644908616188,55.09138381201044,0.5221932114882507,5.221932114882507
SUB4781876,"Upsell Opportunity (Low ARPU, Low Data)",Mid (R100-200),Prepaid_Monthly,0.92545,102.43,0.03008716884812923,41.86046511627907,36.04651162790698,12.790697674418608,9.30232558139535
SUB7113100,"Revenue Driver (High ARPU, High Data)",High (R200-500),Postpaid_Premium,4.7114899999999995,402.86,0.300854039703113,14.38848920863309,71.94244604316545,13.069544364508392,0.5995203836930455
SUB3211738,"Upsell Opportunity (Low ARPU, Low Data)",Mid-Low (R50-100),Prepaid_Monthly,0.63564,79.44,0.16878395851689088,33.07692307692307,31.538461538461537,11.538461538461538,23.846153846153843
SUB1850122,Regular User,Mid (R100-200),Postpaid_Unlimited,1.44759,143.87,0.3103646816954897,27.860696517412936,49.58540630182422,0.1658374792703151,22.38805970149254
SUB3327654,"Upsell Opportunity (Low ARPU, Low Data)",Mid-Low (R50-100),Postpaid_Premium,0.24112,79.0,0.07522695533156318,23.46938775510204,30.612244897959183,3.061224489795918,42.857142857142854
SUB2572138,"Upsell Opportunity (Low ARPU, Low Data)",Mid-Low (R50-100),Prepaid_Monthly,0.27876,51.12,0.06985701481609005,20.863309352517987,30.935251798561154,6.474820143884892,41.726618705035975
SUB3120539,Regular User,Mid (R100-200),Postpaid_Unlimited,1.0414,111.64,0.10903594402092964,26.201923076923077,54.8076923076923,3.8461538461538463,15.144230769230768
SUB8204425,"Upsell Opportunity (Low ARPU, Low Data)",Mid-Low (R50-100),Prepaid_Daily,0.5062,72.63,0.1750811735413108,12.883435582822086,72.08588957055215,0.6134969325153374,14.417177914110429
SUB2918517,Regular User,High (R200-500),Postpaid_Basic,1.92676,209.73,0.22763454233621228,34.43983402489627,58.50622406639005,4.979253112033195,2.074688796680498
SUB3560390,"Revenue Driver (High ARPU, High Data)",High (R200-500),Postpaid_Unlimited,5.37658,399.98,1.6559858400172875,75.41899441340783,11.731843575418994,5.027932960893854,7.82122905027933
SUB1578110,"Upsell Opportunity (Low ARPU, Low Data)",Mid-Low (R50-100),Postpaid_Premium,0.7212000000000001,86.23,0.06497407255526766,16.814159292035395,34.51327433628318,42.25663716814159,6.415929203539822
SUB9281447,"Revenue Driver (High ARPU, High Data)",High (R200-500),Postpaid_Premium,4.1085,355.01,1.248601094761855,20.0,49.263157894736835,8.210526315789474,22.526315789473685
SUB3252641,"Revenue Driver (High ARPU, High Data)",Premium (>R500),Postpaid_Premium,12.37698,797.61,0.027843524771434147,77.68762677484786,18.458417849898577,0.6085192697768762,3.2454361054766734
SUB9433864,Regular User,Mid (R100-200),Prepaid_Monthly,1.1492200000000001,120.19,0.003873253538257959,32.558139534883715,26.356589147286826,23.25581395348837,17.829457364341085
SUB9731032,Regular User,Mid (R100-200),Postpaid_Basic,0.96339,144.37,0.05428888542711796,15.282392026578076,43.189368770764126,32.89036544850499,8.637873754152825
SUB2398558,"Upsell Opportunity (Low ARPU, Low Data)",Mid-Low (R50-100),Prepaid_Daily,0.64352,88.26,0.0664924387121546,22.799999999999997,13.200000000000001,31.2,32.8
SUB6353374,Regular User,High (R200-500),Prepaid_Monthly,3.0867600000000004,273.93,0.029690003280948396,12.239902080783354,46.266829865361075,1.9583843329253368,39.53488372093023
SUB2521701,"Upsell Opportunity (Low ARPU, Low Data)",Mid (R100-200),Postpaid_Basic,0.37918,104.73,0.06365541062080526,29.166666666666668,53.70370370370371,14.814814814814817,2.3148148148148153
SUB9302258,Regular User,High (R200-500),Prepaid_Monthly,2.30292,211.74,0.29615240049630387,27.665706051873194,42.93948126801153,1.7291066282420746,27.665706051873194
SUB1782877,Regular User,Mid (R100-200),Prepaid_Monthly,1.4811800000000002,146.53,0.2382031857586211,45.95744680851064,24.680851063829785,9.787234042553191,19.574468085106382
SUB9595960,"Revenue Driver (High ARPU, High Data)",Premium (>R500),Postpaid_Unlimited,20.06419,1164.23,0.22237582175440807,76.67087011349307,12.862547288776799,9.457755359394703,1.008827238335435
SUB2250844,"Revenue Driver (High ARPU, High Data)",High (R200-500),Postpaid_Premium,5.51271,409.38,0.14574500970591675,55.68369028006589,14.168039538714991,22.57001647446458,7.57825370675453
SUB5756497,Regular User,Mid (R100-200),Prepaid_Monthly,1.76599,169.13,0.006406707729367245,16.198347107438018,34.049586776859506,6.9421487603305785,42.8099173553719
SUB4440863,"Upsell Opportunity (Low ARPU, Low Data)",Mid-Low (R50-100),Prepaid_Monthly,0.5839099999999999,75.33,0.06828849924781843,19.607843137254903,69.93464052287582,0.6535947712418301,9.803921568627452
SUB7354054,Regular User,Mid (R100-200),Prepaid_Monthly,1.25163,128.32,0.15116730393334166,38.91625615763547,29.064039408867,6.403940886699508,25.615763546798032
SUB3234268,"Upsell Opportunity (Low ARPU, Low Data)",Mid (R100-200),Postpaid_Basic,0.37118,104.18,0.13512464157836873,13.749999999999998,56.25,2.5,27.499999999999996
SUB7437845,"Revenue Driver (High ARPU, High Data)",High (R200-500),Postpaid_Unlimited,4.57324,391.89,0.4966503042007435,13.130128956623683,70.33997655334116,16.295427901524032,0.2344665885111372
SUB2980290,"Upsell Opportunity (Low ARPU, Low Data)",Mid-Low (R50-100),Prepaid_Daily,0.3286,52.41,0.1694475420015193,14.379084967320264,41.1764705882353,18.954248366013076,25.490196078431378
SUB6024592,"Upsell Opportunity (Low ARPU, Low Data)",Mid-Low (R50-100),Postpaid_Premium,0.59234,79.0,0.09584317855308111,1.5105740181268883,39.57703927492447,15.709969788519636,43.202416918429
SUB3112368,"Revenue Driver (High ARPU, High Data)",High (R200-500),Postpaid_Premium,6.008310000000001,443.57,0.017498606670842243,16.281755196304847,55.311778290993075,16.97459584295612,11.431870669745958
SUB4341861,"Revenue Driver (High ARPU, High Data)",High (R200-500),Postpaid_Premium,6.01713,444.18,1.4570934772416226,43.32998996990974,51.955867602808425,1.8054162487462388,2.908726178535607
SUB5345760,"Upsell Opportunity (Low ARPU, Low Data)",Low (<R50),Prepaid_Monthly,0.14387,40.42,0.03383126783314343,22.413793103448274,68.9655172413793,3.4482758620689653,5.1724137931034475
SUB9002619,Regular User,Mid (R100-200),Prepaid_Monthly,1.87494,177.78,0.34492390113391735,75.12953367875649,8.290155440414509,8.290155440414509,8.290155440414509
SUB5149570,"Revenue Driver (High ARPU, High Data)",Premium (>R500),Postpaid_Basic,18.162380000000002,1043.42,0.6912926179095464,41.97271773347324,16.68415529905561,17.36621196222455,23.97691500524659
SUB4793092,Regular User,High (R200-500),Prepaid_Daily,1.94602,236.55,0.3599397646169782,53.63128491620112,23.463687150837988,1.675977653631285,21.22905027932961
SUB3470562,"Revenue Driver (High ARPU, High Data)",High (R200-500),Postpaid_Basic,3.76975,334.78,0.6806279429542483,8.531317494600433,24.838012958963283,1.8358531317494602,64.79481641468684
SUB7223754,Regular User,Mid (R100-200),Postpaid_Basic,1.5025,180.94,0.10287400451775319,69.45812807881774,16.748768472906406,12.807881773399016,0.9852216748768474
SUB1990121,Regular User,Mid (R100-200),Postpaid_Unlimited,2.0586599999999997,192.35,0.11613466623315505,20.43222003929273,16.30648330058939,44.40078585461689,18.860510805500983
SUB9501424,"Upsell Opportunity (Low ARPU, Low Data)",Low (<R50),Prepaid_Daily,0.2206,40.12,0.05623415784818614,14.285714285714285,36.50793650793651,33.33333333333333,15.873015873015875
SUB4509934,Regular User,High (R200-500),Prepaid_Monthly,2.29881,211.41,0.12751234349316798,78.125,11.328124999999998,8.984375,1.5625
SUB2200532,"Upsell Opportunity (Low ARPU, Low Data)",Mid-Low (R50-100),Prepaid_Monthly,0.89239,99.81,0.0026846573923990924,37.79527559055118,37.00787401574803,18.89763779527559,6.299212598425196
SUB1607317,Regular User,High (R200-500),Postpaid_Premium,3.3734499999999996,296.68,0.043695641717418354,44.803695150115466,40.184757505773675,3.4642032332563506,11.547344110854503
SUB8315664,Regular User,Mid (R100-200),Prepaid_Daily,1.00193,129.07,0.035116481376407105,33.04347826086956,58.26086956521739,6.08695652173913,2.6086956521739126
SUB6410812,Regular User,Mid (R100-200),Prepaid_Monthly,1.23269,126.81,0.08967899001540536,43.43891402714932,49.773755656108605,6.787330316742081,0.0
SUB7730886,Regular User,High (R200-500),Prepaid_Monthly,2.81915,252.7,0.1700927548250739,88.51963746223565,2.416918429003021,7.552870090634441,1.5105740181268883
SUB1479809,Regular User,High (R200-500),Prepaid_Daily,2.16453,261.43,0.32983821674328584,38.53904282115869,42.82115869017632,5.541561712846348,13.09823677581864
SUB2775767,"Revenue Driver (High ARPU, High Data)",High (R200-500),Prepaid_Monthly,3.9899400000000003,345.6,0.12810643756782092,82.32445520581115,17.191283292978213,0.48426150121065387,0.0
SUB1823837,"Upsell Opportunity (Low ARPU, Low Data)",Mid-Low (R50-100),Postpaid_Premium,0.68853,83.63,0.05528764650274487,69.38775510204081,16.3265306122449,10.204081632653061,4.081632653061225
SUB3021835,Regular User,High (R200-500),Prepaid_Monthly,2.7329499999999998,245.86,0.1030929402346068,44.04040404040405,31.717171717171723,12.121212121212123,12.121212121212123
SUB4452814,Regular User,Mid (R100-200),Prepaid_Monthly,1.12541,118.3,0.005557035778366526,50.0,30.952380952380953,0.0,19.04761904761905
SUB4041341,Regular User,Mid (R100-200),Postpaid_Premium,1.11834,117.74,0.22785285146073297,38.672768878718536,10.068649885583527,38.443935926773456,12.814645308924488
SUB7679155,Regular User,Mid (R100-200),Postpaid_Unlimited,1.71466,165.06,0.42157029079057673,14.00329489291598,27.347611202635914,5.601317957166392,53.047775947281714
SUB7770153,Regular User,Mid (R100-200),Postpaid_Unlimited,1.8758800000000002,177.85,0.005350830824912833,23.611111111111107,61.11111111111111,9.166666666666666,6.11111111111111
SUB7156225,"Upsell Opportunity (Low ARPU, Low Data)",Mid-Low (R50-100),Prepaid_Daily,0.6610199999999999,90.26,0.28476039139757536,18.473895582329316,68.27309236947791,10.04016064257028,3.2128514056224895
SUB1327359,"Revenue Driver (High ARPU, High Data)",High (R200-500),Prepaid_Monthly,6.6842299999999994,490.21,0.9149012419408731,45.51845342706502,6.502636203866431,40.94903339191564,7.029876977152899
SUB6720673,Regular User,Mid (R100-200),Prepaid_Monthly,1.1981,124.07,0.02253613647314978,48.07692307692307,30.76923076923077,10.576923076923077,10.576923076923077
SUB7203690,"Upsell Opportunity (Low ARPU, Low Data)",Mid-Low (R50-100),Postpaid_Basic,0.23551,94.98,0.14224905283131334,10.526315789473683,13.157894736842104,73.6842105263158,2.631578947368421
SUB4734341,Regular User,Mid (R100-200),Postpaid_Basic,0.73603,128.94,0.027114918516617736,44.98269896193772,15.91695501730104,22.837370242214536,16.262975778546714
SUB4246849,"Upsell Opportunity (Low ARPU, Low Data)",Mid-Low (R50-100),Postpaid_Premium,0.44526,79.0,0.14693810974000354,64.8854961832061,31.29770992366412,3.0534351145038165,0.7633587786259541
SUB3241678,Regular User,Mid (R100-200),Postpaid_Basic,1.1515199999999999,157.13,0.041306838444672866,60.509554140127385,15.286624203821656,21.019108280254777,3.1847133757961785
SUB9615797,Regular User,Mid (R100-200),Postpaid_Unlimited,2.13207,198.18,0.8463582384861339,59.797297297297305,20.27027027027027,2.7027027027027026,17.22972972972973
SUB3854119,Regular User,Mid (R100-200),Postpaid_Premium,1.6049200000000001,156.35,0.16730364904233075,1.5695067264573992,76.00896860986548,19.05829596412556,3.3632286995515694
SUB3090651,"Upsell Opportunity (Low ARPU, Low Data)",Mid-Low (R50-100),Prepaid_Monthly,0.27346,50.7,0.031642631341877364,4.1450777202072535,61.6580310880829,19.170984455958546,15.025906735751294
SUB2845733,"Upsell Opportunity (Low ARPU, Low Data)",Mid-Low (R50-100),Prepaid_Monthly,0.80038,92.51,0.18878640229632437,3.508771929824562,27.318295739348375,4.260651629072682,64.91228070175438
SUB2012384,"Upsell Opportunity (Low ARPU, Low Data)",Low (<R50),Prepaid_Daily,0.30413,49.63,0.06936748789197816,12.195121951219514,57.3170731707317,28.04878048780488,2.4390243902439024
SUB3121690,"Revenue Driver (High ARPU, High Data)",Premium (>R500),Prepaid_Monthly,7.1366000000000005,521.43,0.035232843726712204,32.059079061685495,52.12858384013901,9.209383145091225,6.602953953084274
SUB9043756,Regular User,High (R200-500),Postpaid_Basic,2.93839,278.37,0.5151247640391379,14.465408805031444,66.0377358490566,13.962264150943396,5.534591194968553
SUB8561743,Regular User,Mid (R100-200),Postpaid_Basic,1.2310999999999999,162.53,0.006621760092893503,35.146443514644346,54.39330543933054,2.092050209205021,8.368200836820083
SUB7643433,Regular User,High (R200-500),Prepaid_Daily,2.63275,314.74,0.17999834787333135,36.79727427597956,17.717206132879046,4.429301533219761,41.05621805792164
SUB3959034,Regular User,Mid (R100-200),Postpaid_Premium,0.99266,107.77,0.3132978911127655,9.895833333333334,80.72916666666667,1.5625,7.8125
SUB6864049,Regular User,Mid (R100-200),Postpaid_Premium,1.61653,157.27,0.004948769244631501,28.57142857142857,38.775510204081634,32.6530612244898,0.0
SUB1858811,Regular User,High (R200-500),Postpaid_Basic,3.00508,282.89,0.19401863040233414,47.877758913412556,40.91680814940577,5.432937181663837,5.772495755517826
SUB1068148,"Upsell Opportunity (Low ARPU, Low Data)",Mid (R100-200),Prepaid_Daily,0.80631,106.8,0.17948516368757672,30.76923076923077,18.803418803418808,43.5897435897436,6.837606837606838
SUB3980672,Regular User,Mid (R100-200),Postpaid_Basic,1.39388,173.57,0.07193147498568497,31.858407079646017,53.09734513274337,12.094395280235986,2.949852507374631
SUB4033349,"Revenue Driver (High ARPU, High Data)",High (R200-500),Prepaid_Monthly,5.53583,410.97,1.170101941006303,29.418886198547217,54.72154963680387,5.205811138014528,10.653753026634384
SUB6968633,Regular User,High (R200-500),Prepaid_Monthly,3.22827,285.16,0.5647248337533117,42.57028112449799,44.97991967871486,10.04016064257028,2.4096385542168672
SUB3162766,"Upsell Opportunity (Low ARPU, Low Data)",Mid-Low (R50-100),Prepaid_Monthly,0.46887,66.2,0.0027719612967365137,20.5607476635514,20.5607476635514,19.626168224299064,39.25233644859813
SUB2873421,Regular User,Mid (R100-200),Prepaid_Monthly,2.05588,192.13,0.7768600595446706,55.4054054054054,18.91891891891892,2.7027027027027026,22.972972972972975
SUB1639872,"Upsell Opportunity (Low ARPU, Low Data)",Mid-Low (R50-100),Postpaid_Premium,0.7269500000000001,86.68,0.210133512426798,27.55102040816326,54.08163265306122,16.3265306122449,2.0408163265306123
SUB4666569,"Revenue Driver (High ARPU, High Data)",Premium (>R500),Postpaid_Premium,34.54462,1816.68,7.615211241483113,74.34944237918216,14.405204460966544,8.55018587360595,2.6951672862453533
SUB4802986,"Revenue Driver (High ARPU, High Data)",High (R200-500),Postpaid_Premium,4.48774,385.1,0.53822031283707,33.45132743362832,35.04424778761062,18.761061946902657,12.743362831858407
SUB3744804,"Revenue Driver (High ARPU, High Data)",High (R200-500),Postpaid_Basic,6.3069,451.11,0.39387477978943686,85.60975609756098,2.682926829268293,1.7073170731707321,10.0
SUB3466993,"Revenue Driver (High ARPU, High Data)",High (R200-500),Postpaid_Unlimited,5.97752,441.45,0.6004795190749386,48.926014319809056,36.63484486873508,2.267303102625298,12.171837708830548
SUB5517562,"Upsell Opportunity (Low ARPU, Low Data)",Mid (R100-200),Postpaid_Premium,0.92596,102.47,0.007692107074843579,22.897196261682247,37.383177570093466,37.383177570093466,2.3364485981308416
SUB2422771,"Revenue Driver (High ARPU, High Data)",High (R200-500),Postpaid_Unlimited,3.88731,337.46,0.17796942563391527,7.592407592407592,36.463536463536464,8.49150849150849,47.452547452547456
SUB4045315,"Upsell Opportunity (Low ARPU, Low Data)",Mid-Low (R50-100),Prepaid_Monthly,0.43377,63.42,0.034862290930679274,3.0120481927710845,68.0722891566265,23.49397590361446,5.421686746987952
SUB4385357,Regular User,Mid (R100-200),Postpaid_Premium,1.18549,123.07,0.026910693555357357,42.567567567567565,56.75675675675676,0.6756756756756757,0.0
SUB2045533,Regular User,Mid (R100-200),Postpaid_Basic,1.2626600000000001,164.67,0.20097713708158715,42.56410256410257,18.461538461538463,31.282051282051288,7.6923076923076925
SUB6186686,Regular User,Mid (R100-200),Prepaid_Monthly,1.1751800000000001,122.25,0.19304671412444452,21.323529411764707,65.80882352941177,12.500000000000004,0.36764705882352944
SUB4416664,Regular User,High (R200-500),Prepaid_Monthly,3.0322,269.61,0.08246153140523305,42.832167832167826,48.42657342657342,8.566433566433565,0.1748251748251748
SUB4691316,"Upsell Opportunity (Low ARPU, Low Data)",Mid (R100-200),Prepaid_Daily,0.79576,105.6,0.12348860158711716,10.75581395348837,5.5232558139534875,79.65116279069767,4.069767441860464
SUB9392939,Regular User,Mid (R100-200),Postpaid_Basic,0.72304,128.06,0.04489958860964072,41.46341463414634,46.34146341463414,7.317073170731707,4.878048780487805
SUB3755063,Regular User,Mid (R100-200),Postpaid_Premium,1.00617,108.84,0.10420946425717015,15.767634854771783,60.16597510373444,16.182572614107883,7.883817427385892
SUB2355531,Regular User,High (R200-500),Postpaid_Premium,2.68256,241.86,0.4493587350946968,53.07017543859649,30.263157894736842,1.754385964912281,14.912280701754387
SUB8887739,Regular User,Mid (R100-200),Prepaid_Daily,0.9643400000000001,124.79,0.3191967763881266,40.27777777777778,29.86111111111111,27.083333333333336,2.777777777777778
SUB6696390,"Upsell Opportunity (Low ARPU, Low Data)",Mid-Low (R50-100),Prepaid_Monthly,0.46788,66.13,0.16034249066202938,89.52380952380952,4.761904761904762,5.714285714285714,0.0
SUB3883791,Regular User,Mid (R100-200),Postpaid_Premium,1.20438,124.57,0.02583739211172764,12.195121951219514,47.31707317073171,27.80487804878049,12.682926829268293
SUB2064367,"Revenue Driver (High ARPU, High Data)",High (R200-500),Postpaid_Unlimited,3.5567399999999996,311.23,0.8462717667648016,26.097560975609763,31.70731707317074,13.170731707317076,29.02439024390244
SUB5833177,"Revenue Driver (High ARPU, High Data)",Premium (>R500),Postpaid_Premium,7.82566,568.97,2.066177310796494,20.44117647058824,71.1764705882353,7.500000000000001,0.8823529411764708
SUB2965629,Regular User,Mid (R100-200),Prepaid_Monthly,1.25807,128.83,0.035000430870150145,14.222222222222221,28.666666666666668,9.11111111111111,48.00000000000001
SUB9091363,"Upsell Opportunity (Low ARPU, Low Data)",Mid (R100-200),Postpaid_Basic,0.5201399999999999,114.29,0.058565601940476775,14.15525114155251,24.657534246575345,35.15981735159818,26.027397260273972
SUB8496110,Regular User,High (R200-500),Postpaid_Basic,2.81305,269.87,0.3625964505694297,32.916666666666664,22.083333333333332,0.5555555555555556,44.44444444444445
SUB1979907,"Revenue Driver (High ARPU, High Data)",Premium (>R500),Prepaid_Daily,6.390140000000001,647.62,1.0433599843605883,78.49462365591397,13.978494623655912,5.161290322580644,2.3655913978494625
SUB5327819,"Revenue Driver (High ARPU, High Data)",High (R200-500),Postpaid_Unlimited,3.96981,344.0,0.5952162706091202,30.511463844797177,62.257495590828924,5.114638447971781,2.1164021164021163
SUB9236843,Regular User,Mid (R100-200),Prepaid_Monthly,1.81971,173.39,0.25208403115655287,39.482200647249186,58.57605177993527,1.2944983818770226,0.6472491909385113
SUB1454529,Regular User,Mid (R100-200),Postpaid_Basic,1.38942,173.27,0.05943525611973244,24.946236559139788,10.10752688172043,42.365591397849464,22.580645161290327
SUB2035340,"Revenue Driver (High ARPU, High Data)",High (R200-500),Postpaid_Basic,4.61623,392.21,0.2746939457106281,75.63291139240506,12.341772151898734,11.39240506329114,0.6329113924050633
SUB4764610,Regular User,High (R200-500),Prepaid_Monthly,2.31067,212.35,0.6302305263131838,19.63470319634703,16.894977168949772,60.57838660578385,2.89193302891933
SUB9158781,"Upsell Opportunity (Low ARPU, Low Data)",Mid-Low (R50-100),Prepaid_Monthly,0.63481,79.37,0.07771412115451648,12.883435582822086,85.88957055214725,1.2269938650306749,0.0
SUB1297542,Regular User,Mid (R100-200),Prepaid_Monthly,1.64604,159.61,0.15790126363114676,22.67206477732794,30.16194331983806,33.198380566801625,13.96761133603239
SUB3315138,"Revenue Driver (High ARPU, High Data)",Premium (>R500),Postpaid_Premium,15.03508,962.68,2.0689520999911757,49.825052484254726,37.78866340097971,3.4989503149055285,8.887333799860041
SUB3518929,Regular User,Mid (R100-200),Prepaid_Monthly,1.23834,127.26,0.13017594433023771,34.1317365269461,62.874251497005986,2.9940119760479043,0.0
SUB5036405,Regular User,Mid (R100-200),Postpaid_Premium,1.1314600000000001,118.78,0.2454016778271746,55.0561797752809,17.97752808988764,11.235955056179776,15.730337078651688
SUB3268693,"Revenue Driver (High ARPU, High Data)",Premium (>R500),Postpaid_Unlimited,14.11894,905.79,0.8419834220580746,45.68106312292358,49.83388704318937,3.4053156146179395,1.0797342192691028
SUB5809479,"Upsell Opportunity (Low ARPU, Low Data)",Mid-Low (R50-100),Postpaid_Basic,0.22875,94.52,0.13390439874760307,24.999999999999996,66.44736842105262,5.921052631578946,2.6315789473684204
SUB2076837,"Upsell Opportunity (Low ARPU, Low Data)",Mid-Low (R50-100),Prepaid_Daily,0.45485000000000003,66.78,0.07153915330693478,9.933774834437084,58.27814569536422,22.516556291390728,9.271523178807946
SUB1295863,"Revenue Driver (High ARPU, High Data)",High (R200-500),Postpaid_Premium,5.522819999999999,410.07,0.7646722393879797,27.476882430647294,57.46367239101716,1.0568031704095113,14.002642007926024
SUB2054212,"Upsell Opportunity (Low ARPU, Low Data)",Mid-Low (R50-100),Prepaid_Monthly,0.43461,63.49,0.07854079472921688,47.5609756097561,40.243902439024396,10.975609756097562,1.2195121951219512
SUB4258084,"Upsell Opportunity (Low ARPU, Low Data)",Mid-Low (R50-100),Prepaid_Monthly,0.45499,65.1,0.017423724232393356,0.6535947712418301,79.08496732026144,18.300653594771244,1.9607843137254901
SUB6412049,Regular User,Mid (R100-200),Postpaid_Premium,1.5107300000000001,148.88,0.19353397477105494,53.09278350515464,4.896907216494846,25.51546391752577,16.49484536082474
SUB8339838,"Revenue Driver (High ARPU, High Data)",Premium (>R500),Prepaid_Monthly,15.02645,962.14,2.000080205189544,60.74411541381929,18.678815489749432,2.050113895216401,18.526955201214882
SUB9001482,"Revenue Driver (High ARPU, High Data)",High (R200-500),Postpaid_Premium,5.81262,430.07,0.16479294022256674,45.07772020725388,44.81865284974093,5.310880829015544,4.7927461139896375
SUB3095637,Regular User,High (R200-500),Prepaid_Daily,3.21517,381.05,0.34643818453623165,76.17647058823529,7.941176470588236,15.882352941176473,0.0
SUB8586544,Regular User,Mid (R100-200),Prepaid_Monthly,1.1304,118.7,0.10138265737238283,3.6764705882352935,47.49999999999999,47.79411764705882,1.0294117647058822
SUB5949499,"Revenue Driver (High ARPU, High Data)",Premium (>R500),Postpaid_Premium,9.72401,699.96,1.557385216121899,55.73212258796823,40.9761634506243,3.2917139614074915,0.0
SUB3442547,"Upsell Opportunity (Low ARPU, Low Data)",Low (<R50),Prepaid_Monthly,0.14551,40.55,0.03783329586213616,73.2142857142857,12.5,12.5,1.7857142857142856
SUB2765524,"Upsell Opportunity (Low ARPU, Low Data)",Mid (R100-200),Postpaid_Basic,0.52706,114.76,0.058388913436247525,28.26086956521739,40.57971014492754,2.8985507246376807,28.26086956521739
SUB5986439,"Upsell Opportunity (Low ARPU, Low Data)",Mid-Low (R50-100),Prepaid_Monthly,0.8511799999999999,96.54,0.165705929105589,5.128205128205128,36.38583638583638,48.84004884004883,9.645909645909645
SUB1769153,"Revenue Driver (High ARPU, High Data)",Premium (>R500),Postpaid_Basic,8.58787,585.68,1.7744171819406134,48.049921996879874,29.485179407176286,5.928237129485179,16.536661466458657
SUB9070297,"Revenue Driver (High ARPU, High Data)",Premium (>R500),Postpaid_Basic,15.943719999999999,925.61,1.2399265552720635,51.083333333333336,45.333333333333336,2.8333333333333335,0.75
SUB9003029,"Upsell Opportunity (Low ARPU, Low Data)",Mid-Low (R50-100),Prepaid_Monthly,0.7806900000000001,90.95,0.08519667533358621,56.488549618320604,30.53435114503817,1.9083969465648856,11.068702290076335
SUB2961977,Regular User,High (R200-500),Postpaid_Basic,2.98468,281.51,0.5361332245813837,57.16783216783217,15.384615384615385,25.174825174825177,2.272727272727273
SUB9117654,Regular User,Mid (R100-200),Prepaid_Monthly,1.24374,127.69,0.15381912647571205,49.79423868312758,27.572016460905353,1.646090534979424,20.987654320987655
SUB2863236,Regular User,Mid (R100-200),Postpaid_Unlimited,1.39493,139.69,0.10011434523761653,23.954372623574148,73.76425855513308,0.7604562737642586,1.5209125475285172
SUB8378343,Regular User,High (R200-500),Prepaid_Monthly,2.2947100000000002,211.09,0.2790257933611757,44.306418219461705,36.85300207039337,10.559006211180124,8.281573498964804
SUB9506377,"Revenue Driver (High ARPU, High Data)",High (R200-500),Postpaid_Basic,6.21241,445.53,1.0410649440959352,31.66666666666667,42.192982456140356,0.9649122807017544,25.175438596491233
SUB8998883,Regular User,High (R200-500),Prepaid_Daily,2.1199,256.35,0.5363339593277985,74.01315789473685,13.815789473684212,1.6447368421052635,10.526315789473687
SUB8931827,Regular User,High (R200-500),Postpaid_Basic,2.2044,228.57,0.39273838888300006,29.06574394463668,70.58823529411765,0.34602076124567477,0.0
SUB6959322,Regular User,High (R200-500),Prepaid_Daily,2.93555,349.21,1.0045394925202054,19.716312056737586,22.127659574468083,25.81560283687943,32.34042553191489
SUB1840268,"Revenue Driver (High ARPU, High Data)",Premium (>R500),Postpaid_Unlimited,22.66575,1311.43,7.091181291257541,48.54368932038835,14.259708737864077,0.7888349514563107,36.407766990291265
SUB1233462,Regular User,Mid (R100-200),Prepaid_Monthly,1.1673499999999999,121.63,0.1303035186235928,31.489361702127667,51.914893617021285,16.17021276595745,0.42553191489361714
SUB6169619,Regular User,High (R200-500),Postpaid_Basic,2.00117,214.78,0.4786267304590446,12.847682119205297,79.47019867549669,3.708609271523179,3.9735099337748347
SUB8341127,"Upsell Opportunity (Low ARPU, Low Data)",Mid-Low (R50-100),Postpaid_Basic,0.25362,96.21,0.3119616022926757,26.22950819672131,43.44262295081967,28.688524590163926,1.6393442622950818
SUB6988099,"Revenue Driver (High ARPU, High Data)",Premium (>R500),Postpaid_Unlimited,6.8326199999999995,500.45,1.168860531468451,27.863046044864227,22.90436835891381,43.44746162927981,5.785123966942148
SUB9379341,Regular User,Mid (R100-200),Postpaid_Basic,1.2688,165.09,0.07981387973428555,17.105263157894736,53.1578947368421,18.684210526315788,11.052631578947368
SUB5254284,"Upsell Opportunity (Low ARPU, Low Data)",Mid-Low (R50-100),Prepaid_Daily,0.45330000000000004,66.61,0.05441673608666642,52.17391304347826,18.84057971014493,20.289855072463773,8.695652173913043
SUB9537333,Regular User,High (R200-500),Prepaid_Daily,1.95119,237.14,0.411529303530652,39.64497041420118,26.62721893491124,15.976331360946745,17.751479289940825
SUB3594545,Regular User,High (R200-500),Postpaid_Basic,1.90753,208.43,0.19353100105625165,17.87564766839378,40.932642487046635,33.93782383419689,7.253886010362693
SUB2742166,Regular User,High (R200-500),Postpaid_Basic,2.39832,241.73,0.03774216202987857,23.62204724409449,43.044619422572175,24.934383202099735,8.398950131233596
SUB6555910,"Revenue Driver (High ARPU, High Data)",High (R200-500),Prepaid_Monthly,3.8658200000000003,335.75,0.8274119221133613,49.14893617021278,8.085106382978726,42.55319148936171,0.21276595744680857
SUB2792363,"Revenue Driver (High ARPU, High Data)",High (R200-500),Prepaid_Monthly,5.2868900000000005,393.8,0.8828177292046533,40.836012861736336,14.790996784565918,5.787781350482315,38.58520900321543
SUB1770569,Regular User,High (R200-500),Postpaid_Basic,2.11548,222.54,0.0030085716903895943,30.839002267573694,27.43764172335601,40.589569160997726,1.1337868480725624
SUB8021855,Regular User,Mid (R100-200),Postpaid_Unlimited,1.89848,179.64,0.4840504427941721,22.32142857142857,39.285714285714285,23.511904761904763,14.880952380952381
SUB2327877,"Revenue Driver (High ARPU, High Data)",Premium (>R500),Postpaid_Unlimited,34.48369,1813.53,5.994644470512551,55.59416261292564,41.695621959694236,0.8339124391938848,1.8763029881862407
SUB2910705,"Upsell Opportunity (Low ARPU, Low Data)",Mid-Low (R50-100),Prepaid_Daily,0.57959,80.99,0.15809876171415183,77.04918032786885,7.103825136612022,14.207650273224044,1.6393442622950818
SUB2845964,"Upsell Opportunity (Low ARPU, Low Data)",Mid-Low (R50-100),Prepaid_Monthly,0.89174,99.76,0.04842767529604519,44.82758620689655,19.827586206896548,0.8620689655172413,34.48275862068965
SUB7166994,"Upsell Opportunity (Low ARPU, Low Data)",Mid-Low (R50-100),Prepaid_Monthly,0.6346900000000001,79.36,0.19623928571661597,53.57142857142857,33.48214285714286,12.05357142857143,0.892857142857143
SUB2455465,"Upsell Opportunity (Low ARPU, Low Data)",Low (<R50),Prepaid_Daily,0.08265,29.0,0.03825698214162986,21.42857142857143,64.28571428571429,0.0,14.285714285714288
SUB4411647,"Revenue Driver (High ARPU, High Data)",Premium (>R500),Postpaid_Unlimited,10.46763,679.04,2.114244899989888,22.84527518172378,56.801661474558664,6.853582554517133,13.499480789200415
SUB5989847,"Revenue Driver (High ARPU, High Data)",Premium (>R500),Postpaid_Basic,11.68156,699.29,1.7545374247268875,63.29284750337383,18.083670715249664,5.937921727395412,12.685560053981106
SUB3013148,"Revenue Driver (High ARPU, High Data)",High (R200-500),Prepaid_Daily,3.46168,409.11,0.757846558343096,45.154639175257735,53.195876288659804,1.4432989690721651,0.2061855670103093
SUB8504361,Regular User,Mid (R100-200),Postpaid_Basic,0.6812,125.22,0.16156424531446356,49.46996466431095,46.996466431095406,2.8268551236749118,0.7067137809187279
SUB3430630,"Upsell Opportunity (Low ARPU, Low Data)",Low (<R50),Prepaid_Daily,0.14844,31.9,0.1272055672497394,14.285714285714288,11.428571428571429,22.857142857142858,51.42857142857144
SUB2248749,"Revenue Driver (High ARPU, High Data)",High (R200-500),Prepaid_Monthly,4.81007,410.68,0.3463472443124145,40.316901408450704,56.690140845070424,1.7605633802816902,1.2323943661971832
SUB5077716,"Upsell Opportunity (Low ARPU, Low Data)",Mid-Low (R50-100),Prepaid_Daily,0.70951,95.78,0.09947094328189998,8.189655172413794,64.22413793103448,4.310344827586206,23.275862068965516
SUB7810183,"Revenue Driver (High ARPU, High Data)",High (R200-500),Postpaid_Basic,3.62525,324.97,0.43167287112846475,34.439834024896264,39.695712309820195,17.289073305670815,8.575380359612724
SUB2650870,Regular User,Mid (R100-200),Prepaid_Monthly,1.4341400000000002,142.8,0.3070950397124088,24.576271186440675,8.757062146892656,33.89830508474576,32.7683615819209
SUB8398129,Regular User,High (R200-500),Postpaid_Unlimited,2.7946999999999997,250.76,0.20095444515043415,23.29842931937173,51.57068062827225,2.356020942408377,22.774869109947645
SUB1384083,Regular User,High (R200-500),Prepaid_Daily,1.8769200000000001,228.69,0.31205140834935463,18.51851851851852,54.545454545454554,9.090909090909092,17.845117845117848
SUB8585291,"Revenue Driver (High ARPU, High Data)",Premium (>R500),Postpaid_Premium,22.94746,1327.37,4.056792790600177,64.77732793522269,19.27125506072875,13.198380566801621,2.7530364372469642
SUB1825782,"Upsell Opportunity (Low ARPU, Low Data)",Mid-Low (R50-100),Prepaid_Daily,0.43329,64.33,0.09479592720294633,14.444444444444446,36.66666666666667,32.22222222222222,16.666666666666664
SUB4023871,Regular User,High (R200-500),Prepaid_Daily,2.75542,328.7,0.17477467795074597,56.372549019607845,31.862745098039213,3.9215686274509802,7.8431372549019605
SUB8643603,"Revenue Driver (High ARPU, High Data)",Premium (>R500),Prepaid_Daily,10.668700000000001,965.58,0.7288541525845105,60.48502139800285,35.66333808844507,0.5706134094151212,3.2810271041369474
SUB6898931,"Upsell Opportunity (Low ARPU, Low Data)",Mid (R100-200),Postpaid_Basic,0.53654,115.4,0.0247145155986479,19.35483870967742,39.24731182795699,30.107526881720435,11.29032258064516
SUB2048173,Regular User,Mid (R100-200),Postpaid_Basic,0.84113,136.07,0.017868623431719688,21.301775147928996,56.80473372781065,0.591715976331361,21.301775147928996
SUB7940119,"Revenue Driver (High ARPU, High Data)",Premium (>R500),Prepaid_Daily,6.80297,688.49,1.4781131926531792,76.55913978494623,17.204301075268816,1.290322580645161,4.946236559139785
SUB1926109,"Revenue Driver (High ARPU, High Data)",Premium (>R500),Postpaid_Premium,25.8261,1490.24,1.2253083540025038,68.61063464837049,23.07032590051458,7.804459691252144,0.5145797598627787
SUB3364825,"Upsell Opportunity (Low ARPU, Low Data)",Mid-Low (R50-100),Postpaid_Unlimited,0.7520399999999999,88.67,0.2515458708977222,42.622950819672134,27.868852459016395,21.721311475409838,7.786885245901639
SUB7509887,"Upsell Opportunity (Low ARPU, Low Data)",Mid (R100-200),Postpaid_Basic,0.5982000000000001,119.59,0.08640468900004206,22.627737226277368,48.17518248175182,9.48905109489051,19.708029197080293
SUB7847101,Regular User,Mid (R100-200),Postpaid_Unlimited,1.99892,187.61,0.18866840849427646,30.976430976430976,51.178451178451176,6.7340067340067336,11.11111111111111
SUB3155748,"Revenue Driver (High ARPU, High Data)",Premium (>R500),Postpaid_Unlimited,19.56337,1243.89,1.4182331376077109,71.17437722419929,4.448398576512456,8.007117437722421,16.370106761565836
SUB8988004,Regular User,Mid (R100-200),Prepaid_Daily,1.43007,177.81,0.055590398985350786,34.146341463414636,50.60975609756097,13.414634146341461,1.8292682926829267
SUB1678841,"Upsell Opportunity (Low ARPU, Low Data)",Mid (R100-200),Prepaid_Daily,0.82533,108.96,0.13063597927667536,1.3605442176870746,66.32653061224488,7.82312925170068,24.489795918367342
SUB5688482,"Revenue Driver (High ARPU, High Data)",Premium (>R500),Postpaid_Unlimited,8.15664,591.81,2.4839466028196613,51.67394468704513,45.269286754002906,0.8733624454148471,2.1834061135371177
SUB2702424,"Upsell Opportunity (Low ARPU, Low Data)",Mid-Low (R50-100),Prepaid_Monthly,0.5632,73.69,0.007266125457681127,24.59016393442623,68.85245901639344,6.557377049180328,0.0
SUB8446153,Regular User,High (R200-500),Postpaid_Premium,2.5703,232.95,0.7533936004912674,14.254859611231103,49.24406047516198,5.615550755939525,30.885529157667385
SUB5229228,Regular User,High (R200-500),Prepaid_Daily,1.78433,218.15,0.21475494535833262,38.46153846153847,38.88888888888889,1.282051282051282,21.36752136752137
SUB3120677,"Revenue Driver (High ARPU, High Data)",High (R200-500),Postpaid_Basic,3.93935,346.28,0.8528758234802112,51.0091743119266,36.146788990825684,9.724770642201836,3.1192660550458715
SUB8759080,"Revenue Driver (High ARPU, High Data)",Premium (>R500),Postpaid_Unlimited,7.6411999999999995,556.24,0.44568026923248816,22.93785310734463,67.79661016949153,5.875706214689266,3.389830508474576
SUB8782937,Regular User,Mid (R100-200),Prepaid_Daily,1.27025,159.62,0.3600137216395425,50.259067357512954,22.27979274611399,26.42487046632124,1.0362694300518136
SUB4399618,"Upsell Opportunity (Low ARPU, Low Data)",Mid (R100-200),Prepaid_Monthly,0.89991,100.41,0.05197777603380105,15.845070422535212,14.084507042253522,69.71830985915494,0.35211267605633806
SUB2443717,Regular User,Mid (R100-200),Postpaid_Basic,1.45641,177.82,0.48826860160383057,33.532934131736525,53.293413173652695,8.582834331337326,4.590818363273454
SUB4631097,"Revenue Driver (High ARPU, High Data)",Premium (>R500),Prepaid_Daily,6.0525,614.2,0.9276789283895388,62.26190476190476,14.285714285714285,9.285714285714286,14.166666666666666
SUB9657768,"Revenue Driver (High ARPU, High Data)",Premium (>R500),Postpaid_Premium,10.55978,684.76,2.2925168295960905,47.47774480712166,20.771513353115726,4.629080118694362,27.121661721068246
SUB8586725,"Revenue Driver (High ARPU, High Data)",Premium (>R500),Prepaid_Monthly,11.72029,756.83,1.3861543716354081,62.64682850430696,10.884886452623334,6.264682850430697,20.203602192638996
SUB4174108,Regular User,Mid (R100-200),Postpaid_Basic,0.65374,123.36,0.0768909184408394,16.230366492146594,46.596858638743456,34.031413612565444,3.1413612565445024
SUB5862944,Regular User,Mid (R100-200),Postpaid_Premium,1.06406,113.43,0.3161103150634683,7.784431137724551,47.1057884231537,14.970059880239523,30.13972055888224
SUB6735630,Regular User,Mid (R100-200),Postpaid_Basic,0.78383,132.18,0.02882786847103691,26.41509433962264,27.358490566037734,4.245283018867925,41.98113207547169
SUB5274692,"Upsell Opportunity (Low ARPU, Low Data)",Mid-Low (R50-100),Prepaid_Monthly,0.6129,77.63,0.14408810580736187,14.409722222222221,13.88888888888889,69.44444444444444,2.2569444444444446
SUB4239576,"Revenue Driver (High ARPU, High Data)",High (R200-500),Postpaid_Basic,5.270359999999999,389.95,0.925407157469814,47.005444646098006,16.515426497277677,8.892921960072595,27.586206896551722
SUB2323483,Regular User,Mid (R100-200),Postpaid_Unlimited,1.09275,115.71,0.10076729184141864,29.577464788732392,36.61971830985916,33.098591549295776,0.7042253521126761
SUB1876336,"Revenue Driver (High ARPU, High Data)",Premium (>R500),Prepaid_Monthly,8.71956,630.65,2.0034084720801584,65.26576019777504,30.28430160692213,2.966625463535229,1.4833127317676145
SUB7600500,"Revenue Driver (High ARPU, High Data)",Premium (>R500),Postpaid_Unlimited,9.77316,703.35,0.08004546649106281,61.82741116751269,23.147208121827408,7.614213197969544,7.411167512690356
SUB3850774,Regular User,High (R200-500),Postpaid_Unlimited,2.66025,240.09,1.2657565526506982,42.57425742574257,44.95049504950495,2.5742574257425743,9.900990099009901
SUB8031119,Regular User,High (R200-500),Postpaid_Basic,2.00933,215.33,0.06634978794657065,55.63139931740615,16.382252559726965,11.945392491467576,16.040955631399317
SUB7208714,Regular User,Mid (R100-200),Postpaid_Basic,0.9173600000000001,141.24,0.11727695159688911,10.059171597633137,66.27218934911244,10.059171597633137,13.609467455621301
SUB6747372,Regular User,High (R200-500),Postpaid_Unlimited,3.23442,285.65,0.07419968031751845,14.719626168224298,70.09345794392523,1.8691588785046727,13.317757009345794
SUB1803328,"Revenue Driver (High ARPU, High Data)",Premium (>R500),Postpaid_Unlimited,11.48631,742.3,1.429700123759643,46.32237871674491,20.89201877934272,25.82159624413145,6.9640062597809065
SUB8130144,"Revenue Driver (High ARPU, High Data)",Premium (>R500),Postpaid_Premium,9.77782,703.67,1.9336932881863316,46.46910466582598,12.48423707440101,3.2156368221941998,37.83102143757881
SUB6901179,Regular User,Mid (R100-200),Postpaid_Unlimited,1.0241900000000002,110.27,0.2407573852655891,34.677419354838705,35.483870967741936,10.483870967741936,19.35483870967742
SUB2998173,Regular User,Mid (R100-200),Postpaid_Basic,0.7587,130.48,0.13750621615068492,11.673151750972762,69.64980544747083,10.505836575875488,8.171206225680933
SUB2841648,Regular User,Mid (R100-200),Prepaid_Monthly,1.81808,173.26,0.24311207886184483,51.20481927710843,19.57831325301205,6.927710843373494,22.28915662650602
SUB3378907,"Upsell Opportunity (Low ARPU, Low Data)",Mid-Low (R50-100),Prepaid_Monthly,0.36499000000000004,57.96,0.03221662762618971,28.74251497005988,49.101796407185624,7.18562874251497,14.970059880239523
SUB4352921,Regular User,High (R200-500),Postpaid_Unlimited,2.73954,246.38,0.14474724078263534,38.578680203045685,11.16751269035533,48.73096446700507,1.5228426395939085
SUB7211411,"Revenue Driver (High ARPU, High Data)",High (R200-500),Postpaid_Basic,6.7343,476.32,0.3114775040750093,83.17757009345794,10.981308411214952,2.570093457943925,3.2710280373831777
SUB9876659,Regular User,Mid (R100-200),Postpaid_Unlimited,1.4170099999999999,141.44,0.07556207502918322,28.205128205128204,35.53113553113553,21.61172161172161,14.652014652014653
SUB9108262,"Revenue Driver (High ARPU, High Data)",High (R200-500),Prepaid_Daily,3.91764,461.02,0.19538740807775978,56.07734806629834,9.668508287292816,3.8674033149171274,30.386740331491712
SUB7849486,Regular User,Mid (R100-200),Postpaid_Unlimited,1.56196,152.94,0.09513393396087899,20.958083832335326,62.2754491017964,13.173652694610777,3.592814371257485
SUB2030120,"Revenue Driver (High ARPU, High Data)",High (R200-500),Prepaid_Monthly,4.44849,381.99,0.1004370836873063,50.3209242618742,19.768934531450576,24.5186136071887,5.391527599486521
SUB3210846,Regular User,High (R200-500),Postpaid_Basic,2.23535,230.67,0.07220761789007302,19.47626841243863,50.08183306055647,29.459901800327337,0.9819967266775778
SUB7741286,"Revenue Driver (High ARPU, High Data)",Premium (>R500),Postpaid_Premium,9.42753,679.5,0.2241590966145992,37.77173913043478,40.7608695652174,20.991847826086957,0.4755434782608697
SUB3135896,"Upsell Opportunity (Low ARPU, Low Data)",Low (<R50),Prepaid_Monthly,0.13445,39.67,0.09719753484152754,44.0,22.0,20.0,14.000000000000002
SUB8536381,"Upsell Opportunity (Low ARPU, Low Data)",Low (<R50),Prepaid_Monthly,0.13756000000000002,39.92,0.08101282357558834,36.8421052631579,36.8421052631579,23.684210526315788,2.631578947368421
SUB1272667,Regular User,High (R200-500),Postpaid_Premium,2.82172,252.9,0.058484406511120746,13.318777292576419,77.72925764192141,4.366812227074236,4.585152838427947
SUB5008146,"Upsell Opportunity (Low ARPU, Low Data)",Mid-Low (R50-100),Prepaid_Daily,0.52144,74.37,0.014920923257232488,7.177033492822966,59.80861244019139,27.27272727272727,5.741626794258373
SUB2285801,"Upsell Opportunity (Low ARPU, Low Data)",Mid-Low (R50-100),Prepaid_Monthly,0.29835,52.67,0.035779230867714285,36.6412213740458,38.167938931297705,23.66412213740458,1.5267175572519083
SUB9417233,Regular User,Mid (R100-200),Prepaid_Monthly,0.99015,107.57,0.19851773962399533,52.32558139534883,40.69767441860465,6.395348837209301,0.5813953488372092
SUB2258624,"Revenue Driver (High ARPU, High Data)",High (R200-500),Postpaid_Premium,5.50186,408.63,0.43401650734182695,29.909090909090914,54.545454545454554,0.09090909090909093,15.454545454545457
SUB2748982,Regular User,High (R200-500),Postpaid_Basic,2.21153,229.05,0.20325669297381888,18.37837837837838,49.549549549549546,1.2612612612612615,30.810810810810814
SUB3873798,Regular User,High (R200-500),Prepaid_Daily,2.80152,333.95,0.3717248557652977,49.748743718592955,44.22110552763819,3.015075376884422,3.015075376884422
SUB4305610,"Revenue Driver (High ARPU, High Data)",Premium (>R500),Postpaid_Basic,7.41876,516.71,0.8095910854168684,81.61209068010076,8.564231738035264,6.171284634760705,3.6523929471032743
SUB6292895,"Revenue Driver (High ARPU, High Data)",High (R200-500),Prepaid_Daily,3.69618,435.81,0.5979624458775685,36.73780487804878,40.70121951219512,7.4695121951219505,15.091463414634147
SUB8585159,"Upsell Opportunity (Low ARPU, Low Data)",Mid-Low (R50-100),Postpaid_Unlimited,0.38569,79.0,0.08238651302459021,73.97260273972603,17.808219178082194,8.21917808219178,0.0
SUB6408753,Regular User,Mid (R100-200),Postpaid_Unlimited,1.92693,181.9,0.1525987044695052,20.09512485136742,42.33055885850178,0.23781212841854937,37.33650416171225
SUB8334291,"Upsell Opportunity (Low ARPU, Low Data)",Mid-Low (R50-100),Prepaid_Monthly,0.70866,85.23,0.13815065225403755,9.345794392523366,77.10280373831776,6.542056074766357,7.009345794392524
SUB4395049,"Revenue Driver (High ARPU, High Data)",High (R200-500),Prepaid_Monthly,5.8635600000000005,433.59,1.0289254692501704,43.486590038314176,32.37547892720307,23.946360153256705,0.19157088122605365
SUB7903836,Regular User,Mid (R100-200),Postpaid_Unlimited,1.10366,116.58,0.44844646017272094,35.03184713375797,25.47770700636943,31.210191082802552,8.280254777070065
SUB9206294,"Revenue Driver (High ARPU, High Data)",High (R200-500),Postpaid_Basic,4.48353,383.21,0.19840344298715262,68.93542757417103,5.235602094240837,0.5235602094240838,25.305410122164044
SUB6265481,"Upsell Opportunity (Low ARPU, Low Data)",Mid-Low (R50-100),Prepaid_Monthly,0.6171599999999999,77.97,0.01970711868035324,44.827586206896555,36.206896551724135,15.517241379310345,3.448275862068966
SUB7117682,Regular User,Mid (R100-200),Prepaid_Monthly,0.9883500000000001,107.43,0.17942251567658696,11.926605504587156,86.54434250764527,1.2232415902140672,0.3058103975535168
SUB8020480,Regular User,Mid (R100-200),Prepaid_Monthly,1.19779,124.04,0.22015933246831976,7.54257907542579,38.19951338199513,53.52798053527981,0.72992700729927
SUB7365898,Regular User,High (R200-500),Prepaid_Daily,1.99803,242.48,1.5839155859672318,89.48126801152738,7.636887608069164,1.8731988472622478,1.0086455331412103
SUB8517750,Regular User,Mid (R100-200),Postpaid_Basic,0.75076,129.94,0.1007422446973244,39.34426229508197,40.98360655737705,19.672131147540984,0.0
SUB3842894,"Upsell Opportunity (Low ARPU, Low Data)",Mid (R100-200),Postpaid_Basic,0.52679,114.74,0.0476400600075938,5.116279069767442,49.30232558139535,5.5813953488372094,40.0
SUB3426062,Regular User,High (R200-500),Postpaid_Unlimited,3.30276,291.07,0.5773526973061629,54.83870967741935,41.013824884792626,2.3041474654377883,1.8433179723502304
SUB5080790,Regular User,High (R200-500),Postpaid_Basic,2.267,232.82,0.017583396025413034,62.422360248447205,17.080745341614907,8.385093167701864,12.111801242236027
SUB7015877,"Upsell Opportunity (Low ARPU, Low Data)",Mid-Low (R50-100),Postpaid_Unlimited,0.39158,79.0,0.11400393324327429,31.060606060606062,18.93939393939394,28.030303030303035,21.96969696969697
SUB8681556,"Upsell Opportunity (Low ARPU, Low Data)",Mid-Low (R50-100),Postpaid_Unlimited,0.8111900000000001,93.37,0.39105792101244696,4.1806020066889635,70.73578595317726,6.354515050167224,18.729096989966557
SUB5171774,"Upsell Opportunity (Low ARPU, Low Data)",Mid-Low (R50-100),Postpaid_Premium,0.23163,79.0,0.11551229764631221,5.319148936170213,72.3404255319149,9.574468085106382,12.76595744680851
SUB6862044,"Upsell Opportunity (Low ARPU, Low Data)",Mid (R100-200),Prepaid_Daily,0.7951699999999999,105.53,0.04614203377369319,33.088235294117645,64.70588235294117,0.7352941176470588,1.4705882352941175
SUB8135580,"Upsell Opportunity (Low ARPU, Low Data)",Mid-Low (R50-100),Prepaid_Daily,0.7183099999999999,96.78,0.10561195193140605,52.80898876404495,23.59550561797753,8.98876404494382,14.60674157303371
SUB6919626,"Revenue Driver (High ARPU, High Data)",Premium (>R500),Prepaid_Daily,5.16246,526.08,0.3805503986851857,69.05311778290994,10.392609699769054,10.623556581986143,9.930715935334874
SUB4239536,"Upsell Opportunity (Low ARPU, Low Data)",Mid-Low (R50-100),Prepaid_Monthly,0.47351,66.57,0.09435858217793336,21.929824561403507,17.543859649122805,12.280701754385964,48.24561403508772
SUB5092097,Regular User,Mid (R100-200),Postpaid_Unlimited,2.12247,197.42,0.375247704645415,49.48979591836735,33.163265306122454,9.693877551020408,7.653061224489796
SUB4976808,"Upsell Opportunity (Low ARPU, Low Data)",Mid-Low (R50-100),Postpaid_Unlimited,0.5002,79.0,0.13935908556886234,39.906103286384976,36.61971830985916,15.023474178403756,8.450704225352112
SUB6929191,"Revenue Driver (High ARPU, High Data)",Premium (>R500),Prepaid_Monthly,7.458069999999999,543.61,0.5486492355051915,35.46012269938651,4.9079754601227,14.110429447852763,45.521472392638046
SUB7371332,Regular User,Mid (R100-200),Prepaid_Monthly,1.56897,153.5,0.16697524229748995,13.203883495145632,74.95145631067962,11.45631067961165,0.38834951456310685
SUB2141766,"Upsell Opportunity (Low ARPU, Low Data)",Mid-Low (R50-100),Prepaid_Monthly,0.28755000000000003,51.82,0.06928889120103265,17.76649746192893,43.65482233502538,38.578680203045685,0.0
SUB5304388,"Revenue Driver (High ARPU, High Data)",Premium (>R500),Postpaid_Basic,12.02298,717.42,2.0798238185408895,58.002560819462225,8.962868117797694,10.627400768245836,22.407170294494236
SUB8299243,"Revenue Driver (High ARPU, High Data)",High (R200-500),Postpaid_Basic,4.970470000000001,416.25,0.23001584694813548,24.233128834355828,46.0122699386503,11.886503067484663,17.868098159509202
SUB9737452,"Upsell Opportunity (Low ARPU, Low Data)",Mid-Low (R50-100),Prepaid_Daily,0.6413300000000001,88.02,0.10104306526784856,11.646586345381523,35.34136546184739,44.97991967871486,8.032128514056225
SUB6439296,"Upsell Opportunity (Low ARPU, Low Data)",Mid (R100-200),Postpaid_Basic,0.37577999999999995,104.5,0.025556415777577945,10.0,60.909090909090914,29.09090909090909,0.0
SUB1855695,"Revenue Driver (High ARPU, High Data)",Premium (>R500),Postpaid_Unlimited,8.87354,641.27,0.5257742564632242,40.67796610169491,24.576271186440675,25.06053268765133,9.685230024213077
SUB2358454,"Revenue Driver (High ARPU, High Data)",High (R200-500),Postpaid_Unlimited,4.00043,346.43,0.12423452893521691,12.847790507364977,40.99836333878887,27.986906710310965,18.16693944353519
SUB6923361,"Upsell Opportunity (Low ARPU, Low Data)",Mid-Low (R50-100),Postpaid_Basic,0.19933,92.52,0.0015245440527028309,7.239819004524888,28.95927601809955,47.51131221719457,16.289592760180994
SUB8748670,"Revenue Driver (High ARPU, High Data)",Premium (>R500),Postpaid_Unlimited,13.87377,890.56,3.3146235077634323,47.80701754385965,21.842105263157897,26.666666666666668,3.684210526315789
SUB4704697,"Revenue Driver (High ARPU, High Data)",High (R200-500),Postpaid_Premium,3.74671,326.3,0.740354720627705,38.49431818181819,36.50568181818182,16.193181818181817,8.806818181818182
SUB7637935,"Upsell Opportunity (Low ARPU, Low Data)",Low (<R50),Prepaid_Daily,0.28893,47.89,0.03085918980348268,4.444444444444445,91.1111111111111,4.444444444444445,0.0
SUB3746153,Regular User,High (R200-500),Postpaid_Premium,2.762,248.16,0.5384758794447855,35.733333333333334,29.333333333333332,0.0,34.93333333333333
SUB2564458,Regular User,High (R200-500),Prepaid_Monthly,2.27391,209.43,0.12463873888823196,55.61797752808989,41.01123595505618,1.6853932584269662,1.6853932584269662
SUB9523215,Regular User,Mid (R100-200),Prepaid_Monthly,1.55758,152.59,0.3169256044167448,28.932584269662918,10.674157303370785,45.50561797752808,14.8876404494382
SUB7939705,"Revenue Driver (High ARPU, High Data)",High (R200-500),Postpaid_Basic,5.67741,413.97,0.45246430547047023,39.09171861086375,46.215494211932324,3.383793410507569,11.308993766696348
SUB1424226,"Upsell Opportunity (Low ARPU, Low Data)",Mid-Low (R50-100),Prepaid_Monthly,0.51352,69.75,0.037968258753905526,23.56687898089172,28.02547770700637,32.48407643312102,15.92356687898089
SUB2877779,"Revenue Driver (High ARPU, High Data)",Premium (>R500),Postpaid_Premium,8.873790000000001,641.29,0.25211021159801916,58.69809203142536,28.170594837261504,4.377104377104377,8.754208754208754
SUB1278495,Regular User,Mid (R100-200),Postpaid_Basic,0.61652,120.83,0.4059547697213879,2.857142857142858,82.04081632653063,14.693877551020412,0.40816326530612257
SUB8563493,Regular User,High (R200-500),Prepaid_Daily,2.13949,258.58,0.017283271807304157,45.685279187817265,31.472081218274113,0.0,22.842639593908633
SUB1481193,Regular User,High (R200-500),Postpaid_Basic,1.86551,205.57,0.11897836801721429,59.70149253731344,24.37810945273632,10.945273631840797,4.975124378109454
SUB5761515,Regular User,High (R200-500),Prepaid_Daily,2.41162,289.56,0.27312710361666914,92.27272727272727,0.9090909090909092,1.3636363636363638,5.454545454545455
SUB5323492,"Upsell Opportunity (Low ARPU, Low Data)",Mid (R100-200),Postpaid_Basic,0.54931,116.27,0.011129610022140968,19.708029197080293,24.08759124087591,48.9051094890511,7.2992700729927
SUB1082409,Regular User,High (R200-500),Postpaid_Premium,2.8478000000000003,254.97,0.006975138530798564,3.4134007585335016,75.85335018963337,9.355246523388116,11.378002528445007
SUB8609387,"Upsell Opportunity (Low ARPU, Low Data)",Mid-Low (R50-100),Prepaid_Daily,0.6809299999999999,92.52,0.14495467713731358,19.523809523809522,75.23809523809524,4.285714285714285,0.9523809523809523
SUB8357804,"Upsell Opportunity (Low ARPU, Low Data)",Mid-Low (R50-100),Prepaid_Daily,0.46234,67.64,0.17396990280541147,16.793893129770993,71.7557251908397,4.580152671755725,6.870229007633586
SUB3874299,Regular User,Mid (R100-200),Prepaid_Monthly,1.22401,126.13,0.09835899001540538,39.92094861660079,55.33596837944663,2.371541501976284,2.371541501976284
SUB4594058,Regular User,Mid (R100-200),Prepaid_Monthly,0.9815499999999999,106.89,0.3159723593118151,7.573149741824441,6.540447504302925,3.614457831325301,82.27194492254732
SUB2107677,"Revenue Driver (High ARPU, High Data)",High (R200-500),Postpaid_Unlimited,3.9291199999999997,340.78,0.5852547309978235,5.068637803590285,63.357972544878564,3.2734952481520594,28.29989440337909
SUB6887774,"Revenue Driver (High ARPU, High Data)",High (R200-500),Postpaid_Basic,3.64593,326.38,0.6693063670135775,9.961685823754788,39.770114942528735,4.291187739463602,45.97701149425287
SUB2650522,Regular User,Mid (R100-200),Postpaid_Unlimited,1.6922000000000001,163.28,0.1281301994979367,25.0,25.85227272727273,19.03409090909091,30.113636363636363
SUB3977590,Regular User,Mid (R100-200),Postpaid_Unlimited,2.1483600000000003,199.47,0.16837067039400022,23.214285714285715,36.224489795918366,9.948979591836734,30.612244897959183
SUB7779697,Regular User,Mid (R100-200),Prepaid_Monthly,1.4069800000000001,140.64,0.18929724410318882,59.14634146341463,39.02439024390244,0.6097560975609756,1.2195121951219512
SUB7985945,"Revenue Driver (High ARPU, High Data)",Premium (>R500),Postpaid_Basic,14.30982,838.85,1.8130700870491498,53.701875616979265,25.56762092793682,0.9871668311944718,19.743336623889434
SUB8422212,"Upsell Opportunity (Low ARPU, Low Data)",Mid (R100-200),Postpaid_Basic,0.48949000000000004,112.21,0.19735895717423785,35.9375,23.4375,12.5,28.125
SUB7923985,"Upsell Opportunity (Low ARPU, Low Data)",Mid-Low (R50-100),Postpaid_Basic,0.13012,87.83,0.1403018320218375,4.4444444444444455,48.88888888888889,20.0,26.666666666666668
SUB1118581,"Revenue Driver (High ARPU, High Data)",High (R200-500),Postpaid_Unlimited,4.53718,389.03,0.274571786766713,25.584112149532707,6.658878504672897,10.514018691588785,57.242990654205606
SUB4023846,Regular User,High (R200-500),Postpaid_Premium,3.38708,297.76,0.4949260712128667,14.51048951048951,62.587412587412594,22.552447552447553,0.3496503496503497
SUB8339096,"Revenue Driver (High ARPU, High Data)",High (R200-500),Postpaid_Unlimited,5.58584,414.42,0.5431994775480291,13.88888888888889,45.72649572649573,30.23504273504274,10.149572649572649
SUB2806423,Regular User,High (R200-500),Prepaid_Daily,2.92568,348.09,0.16584005844954675,56.722689075630264,18.067226890756302,19.747899159663866,5.462184873949581
SUB1966649,Regular User,Mid (R100-200),Postpaid_Basic,0.67104,124.53,0.0041912633826483026,19.56521739130435,51.44927536231884,9.420289855072465,19.56521739130435
SUB9288515,"Upsell Opportunity (Low ARPU, Low Data)",Mid (R100-200),Prepaid_Monthly,0.92802,102.64,0.19411630003674352,53.25443786982249,17.159763313609467,28.994082840236686,0.591715976331361
SUB9945326,Regular User,High (R200-500),Postpaid_Unlimited,2.9005900000000002,259.16,0.8400059767572063,54.58823529411765,30.58823529411765,8.235294117647058,6.588235294117648
SUB3619893,Regular User,Mid (R100-200),Postpaid_Premium,1.21514,125.42,0.21292548158503455,10.232558139534884,73.0232558139535,16.511627906976745,0.23255813953488372
SUB9466685,Regular User,Mid (R100-200),Prepaid_Monthly,1.5931600000000001,155.42,0.10166755046809706,16.519174041297934,12.979351032448378,6.194690265486725,64.30678466076697
SUB1383609,"Upsell Opportunity (Low ARPU, Low Data)",Mid-Low (R50-100),Prepaid_Monthly,0.6243099999999999,78.54,0.02201743071838036,22.900763358778626,71.7557251908397,4.580152671755725,0.7633587786259541
SUB5495511,"Upsell Opportunity (Low ARPU, Low Data)",Low (<R50),Prepaid_Daily,0.13387000000000002,30.24,0.06313384773865617,15.053763440860218,13.978494623655916,51.61290322580645,19.35483870967742
SUB8261511,Regular User,Mid (R100-200),Prepaid_Monthly,1.41905,141.6,0.4338984299063199,33.70165745856354,42.5414364640884,7.182320441988951,16.574585635359117
SUB2042377,Regular User,Mid (R100-200),Prepaid_Monthly,1.0818699999999999,114.85,0.010161067505327415,23.49206349206349,27.3015873015873,19.68253968253968,29.523809523809526
SUB3459622,Regular User,Mid (R100-200),Postpaid_Unlimited,1.84538,175.43,0.06414342476709245,29.126213592233015,49.83818770226537,5.177993527508091,15.857605177993527
SUB8184872,Regular User,Mid (R100-200),Prepaid_Daily,0.93878,121.88,0.012619680485409956,35.92233009708738,45.631067961165044,16.50485436893204,1.9417475728155338
SUB7478623,Regular User,Mid (R100-200),Postpaid_Premium,1.87855,178.06,0.0015325083514878823,47.358121330724074,32.87671232876713,18.98238747553816,0.782778864970646
SUB9196906,"Revenue Driver (High ARPU, High Data)",High (R200-500),Prepaid_Daily,3.8889899999999997,457.76,0.33161293029429384,37.09327548806941,43.817787418655094,11.930585683297181,7.158351409978309
SUB4925282,"Upsell Opportunity (Low ARPU, Low Data)",Mid (R100-200),Prepaid_Daily,0.79577,105.6,0.1795337112229457,36.64921465968586,23.560209424083773,1.5706806282722512,38.21989528795812
SUB4734942,Regular User,High (R200-500),Prepaid_Monthly,3.13389,277.67,0.22601072025900448,32.587064676616926,18.40796019900498,43.53233830845772,5.472636815920398
SUB3029341,"Revenue Driver (High ARPU, High Data)",Premium (>R500),Prepaid_Monthly,13.54008,869.84,0.05658788253532521,64.2094017094017,22.008547008547005,10.470085470085468,3.3119658119658113
SUB6377168,"Upsell Opportunity (Low ARPU, Low Data)",Mid-Low (R50-100),Prepaid_Monthly,0.38926,59.89,0.014890383767326043,10.795454545454545,39.20454545454545,43.75,6.25
SUB2339462,"Upsell Opportunity (Low ARPU, Low Data)",Mid-Low (R50-100),Prepaid_Monthly,0.37327,58.62,0.08504471062513969,15.897435897435896,75.38461538461539,7.179487179487181,1.5384615384615383
SUB9313264,"Revenue Driver (High ARPU, High Data)",Premium (>R500),Postpaid_Premium,32.08419,1689.36,8.131813075638245,38.1342062193126,32.733224222585925,21.60392798690671,7.528641571194762
SUB3054048,"Revenue Driver (High ARPU, High Data)",High (R200-500),Postpaid_Unlimited,4.88656,416.75,0.8626150698129393,45.727956254272044,29.254955570745047,24.470266575529735,0.5468215994531783
SUB4710388,"Upsell Opportunity (Low ARPU, Low Data)",Mid-Low (R50-100),Prepaid_Monthly,0.84585,96.12,0.15196336933866983,3.155818540433925,45.364891518737664,51.28205128205128,0.19723865877712032
SUB5748584,Regular User,Mid (R100-200),Prepaid_Monthly,1.6982899999999999,163.76,0.3060106703118399,31.04395604395604,34.065934065934066,7.967032967032966,26.923076923076923
SUB9318849,Regular User,Mid (R100-200),Prepaid_Daily,1.6016199999999998,197.34,0.07101982531375439,64.19213973799125,5.676855895196507,30.131004366812224,0.0
SUB8289165,"Revenue Driver (High ARPU, High Data)",High (R200-500),Prepaid_Monthly,3.88086,336.95,0.2674541696122077,70.3125,3.4722222222222223,1.0416666666666665,25.17361111111111
SUB9131631,Regular User,High (R200-500),Postpaid_Premium,2.51895,228.88,0.2900805981157841,32.098765432098766,15.226337448559674,48.97119341563786,3.703703703703704
SUB9593223,"Upsell Opportunity (Low ARPU, Low Data)",Mid-Low (R50-100),Prepaid_Monthly,0.43826,63.78,0.020061000409097696,14.893617021276595,57.446808510638306,25.53191489361702,2.127659574468085
SUB3865893,"Upsell Opportunity (Low ARPU, Low Data)",Mid (R100-200),Postpaid_Basic,0.5229400000000001,114.48,0.0229156736071372,18.604651162790695,58.13953488372092,17.441860465116278,5.813953488372093
SUB8105924,"Upsell Opportunity (Low ARPU, Low Data)",Low (<R50),Prepaid_Daily,0.2368,41.96,0.04684084744808756,17.36111111111111,34.02777777777778,9.722222222222223,38.88888888888889
SUB6648734,Regular User,Mid (R100-200),Postpaid_Basic,1.2394,163.09,0.029618952822105804,1.5779092702169626,63.708086785009854,29.980276134122285,4.733727810650888
SUB8912798,"Revenue Driver (High ARPU, High Data)",High (R200-500),Postpaid_Basic,4.21298,364.85,0.39597060953649876,46.3884430176565,21.669341894060995,7.062600321027287,24.879614767255216
SUB3307236,Regular User,High (R200-500),Prepaid_Daily,2.05365,248.81,0.6898575440208701,52.32067510548523,10.337552742616033,21.51898734177215,15.822784810126581
SUB2262752,"Upsell Opportunity (Low ARPU, Low Data)",Mid (R100-200),Prepaid_Daily,0.7480800000000001,100.17,0.1330277666207338,32.53012048192771,15.66265060240964,31.32530120481928,20.481927710843372
SUB6489612,Regular User,High (R200-500),Postpaid_Basic,1.9613900000000002,212.08,0.2586979887117049,42.30769230769231,15.680473372781067,30.76923076923077,11.242603550295858
SUB6386159,"Revenue Driver (High ARPU, High Data)",Premium (>R500),Prepaid_Daily,4.883430000000001,570.98,1.044231284010217,34.45652173913044,39.23913043478261,24.67391304347826,1.6304347826086956
SUB2839433,"Revenue Driver (High ARPU, High Data)",Premium (>R500),Prepaid_Daily,6.88447,696.56,0.7692514503479186,56.84210526315789,26.31578947368421,15.368421052631579,1.473684210526316
SUB9420149,Regular User,Mid (R100-200),Postpaid_Basic,1.08351,152.52,0.15170872535950441,8.206686930091186,46.20060790273556,5.167173252279635,40.42553191489362
SUB5055032,Regular User,Mid (R100-200),Postpaid_Basic,0.92457,141.73,0.0899642727450145,47.15447154471544,10.569105691056912,4.878048780487805,37.398373983739845
SUB1549656,Regular User,High (R200-500),Postpaid_Unlimited,2.69249,242.65,0.2529141567719617,53.86904761904761,8.482142857142856,19.047619047619047,18.601190476190474
SUB9324878,Regular User,Mid (R100-200),Postpaid_Premium,1.89049,179.01,0.10182994145133017,18.072289156626503,66.26506024096386,7.53012048192771,8.132530120481928
SUB1069519,"Upsell Opportunity (Low ARPU, Low Data)",Mid-Low (R50-100),Prepaid_Monthly,0.76342,89.58,0.07652322245715382,28.26086956521739,44.927536231884055,6.521739130434782,20.28985507246377
SUB3189063,"Revenue Driver (High ARPU, High Data)",Premium (>R500),Postpaid_Premium,11.22801,726.26,1.6086934971281401,47.7326968973747,35.79952267303103,15.871121718377088,0.5966587112171837
SUB2752683,"Revenue Driver (High ARPU, High Data)",High (R200-500),Postpaid_Unlimited,6.75017,494.76,1.8062837751699599,29.326424870466322,62.17616580310881,4.870466321243523,3.6269430051813467
SUB9841830,Regular User,Mid (R100-200),Postpaid_Basic,1.6886400000000001,193.57,0.18673116761948427,45.71428571428572,50.000000000000014,1.0714285714285716,3.214285714285715
SUB6537803,Regular User,High (R200-500),Postpaid_Unlimited,2.22678,205.69,0.03542733280084809,5.467372134038801,49.91181657848325,16.93121693121693,27.689594356261026
SUB7688304,Regular User,Mid (R100-200),Prepaid_Monthly,1.21906,125.73,0.05898214714435879,14.153132250580045,21.113689095127608,11.1368909512761,53.59628770301623
SUB9683585,"Revenue Driver (High ARPU, High Data)",Premium (>R500),Postpaid_Unlimited,25.56248,1475.33,0.4151936187704379,67.56756756756755,8.108108108108107,1.1824324324324322,23.14189189189189
SUB9811785,"Upsell Opportunity (Low ARPU, Low Data)",Mid-Low (R50-100),Prepaid_Daily,0.53559,75.98,0.16373352424341525,25.233644859813086,46.728971962616825,14.018691588785046,14.018691588785046
SUB1187486,Regular User,Mid (R100-200),Postpaid_Premium,0.98505,107.16,0.27926193991333825,0.3215434083601287,87.459807073955,10.932475884244376,1.2861736334405147
SUB3457184,"Revenue Driver (High ARPU, High Data)",High (R200-500),Postpaid_Premium,5.75458,426.07,0.9478611511086363,46.56716417910447,29.25373134328358,1.0447761194029852,23.134328358208954
SUB8706113,"Upsell Opportunity (Low ARPU, Low Data)",Mid-Low (R50-100),Prepaid_Monthly,0.6654800000000001,81.81,0.04083114435208568,73.91304347826086,4.347826086956521,17.391304347826082,4.347826086956521
SUB7695233,"Upsell Opportunity (Low ARPU, Low Data)",Mid-Low (R50-100),Postpaid_Premium,0.28247000000000005,79.0,0.23698393888285724,46.15384615384615,9.615384615384617,40.38461538461538,3.8461538461538463
SUB1542955,Regular User,Mid (R100-200),Postpaid_Unlimited,1.79594,171.51,0.25601690806117827,25.423728813559322,42.37288135593221,29.66101694915254,2.5423728813559325
SUB1872834,Regular User,High (R200-500),Postpaid_Basic,3.065,286.96,1.143675139040433,49.1304347826087,39.56521739130435,10.579710144927537,0.7246376811594204
SUB5902444,"Revenue Driver (High ARPU, High Data)",High (R200-500),Postpaid_Premium,4.13425,357.05,1.0209021548718415,25.0,45.2247191011236,12.640449438202248,17.134831460674157
SUB9379482,"Revenue Driver (High ARPU, High Data)",High (R200-500),Postpaid_Unlimited,5.75537,426.12,0.6125287347307111,50.0,32.76699029126214,9.223300970873787,8.009708737864079
SUB4459544,"Upsell Opportunity (Low ARPU, Low Data)",Mid-Low (R50-100),Postpaid_Premium,0.87637,98.54,0.08838200365147053,36.496350364963504,33.57664233576642,3.64963503649635,26.277372262773717
SUB6077198,"Upsell Opportunity (Low ARPU, Low Data)",Mid-Low (R50-100),Prepaid_Daily,0.39881,60.4,0.04680485352031477,16.296296296296294,62.222222222222214,11.851851851851851,9.62962962962963
SUB2636617,"Upsell Opportunity (Low ARPU, Low Data)",Low (<R50),Prepaid_Daily,0.25894,44.48,0.0218351896523562,27.642276422764223,61.788617886178855,8.943089430894307,1.6260162601626014
SUB8008642,Regular User,High (R200-500),Prepaid_Daily,2.1680300000000003,261.83,0.4667346216157451,69.42675159235668,19.108280254777064,7.643312101910826,3.821656050955413
SUB3141912,"Revenue Driver (High ARPU, High Data)",High (R200-500),Prepaid_Monthly,4.25304,366.48,0.09711481281384238,56.77966101694915,29.37853107344633,11.440677966101696,2.401129943502825
SUB1388742,"Upsell Opportunity (Low ARPU, Low Data)",Low (<R50),Prepaid_Daily,0.27738,46.58,0.06916246231263473,29.20353982300885,48.67256637168141,4.424778761061947,17.699115044247787
SUB6271810,Regular User,Mid (R100-200),Postpaid_Premium,1.5071700000000001,148.59,0.051197986980068055,11.055276381909549,2.1356783919597992,11.432160804020102,75.37688442211056
SUB1865256,"Upsell Opportunity (Low ARPU, Low Data)",Mid-Low (R50-100),Prepaid_Monthly,0.8839600000000001,99.14,0.0928290937601699,15.37037037037037,27.96296296296297,13.333333333333334,43.333333333333336
SUB6585709,Regular User,High (R200-500),Prepaid_Daily,1.652,203.08,0.3043369516400267,36.23693379790941,44.947735191637626,8.710801393728222,10.104529616724738
SUB7665088,Regular User,Mid (R100-200),Postpaid_Premium,1.29537,131.79,0.28077939045609446,41.05960264900663,38.41059602649007,10.596026490066226,9.933774834437086
SUB2357453,Regular User,Mid (R100-200),Prepaid_Daily,1.01536,130.6,0.3453570666974308,22.258064516129032,48.5483870967742,8.225806451612904,20.967741935483875
SUB9061792,Regular User,Mid (R100-200),Postpaid_Basic,1.24398,163.4,0.2691186403864321,22.014388489208635,57.84172661870504,7.913669064748202,12.23021582733813
SUB3712188,"Revenue Driver (High ARPU, High Data)",Premium (>R500),Prepaid_Monthly,7.67243,558.4,0.26089491846334933,68.1877444589309,20.86049543676662,10.560625814863103,0.3911342894393741
SUB6194914,"Upsell Opportunity (Low ARPU, Low Data)",Mid-Low (R50-100),Prepaid_Monthly,0.7807000000000001,90.95,0.08281681819428321,23.41463414634146,54.14634146341463,20.487804878048777,1.9512195121951217
SUB8724578,"Upsell Opportunity (Low ARPU, Low Data)",Mid-Low (R50-100),Prepaid_Monthly,0.37335,58.63,0.06507822911074834,31.25,10.0,32.5,26.249999999999996
SUB7932973,"Upsell Opportunity (Low ARPU, Low Data)",Mid (R100-200),Prepaid_Monthly,0.94257,103.79,0.12135774811634392,57.306590257879655,7.163323782234957,34.38395415472779,1.146131805157593
SUB5312717,"Revenue Driver (High ARPU, High Data)",Premium (>R500),Postpaid_Unlimited,10.40216,674.97,0.7148917731426927,41.86550976138829,37.67172812725958,19.450469992769342,1.0122921185827911
SUB1354182,"Revenue Driver (High ARPU, High Data)",Premium (>R500),Prepaid_Daily,4.97372,581.26,0.23925327208946534,30.390492359932093,64.51612903225806,4.244482173174873,0.8488964346349746
SUB4689638,"Revenue Driver (High ARPU, High Data)",Premium (>R500),Prepaid_Monthly,6.99692,511.79,0.07989568477885278,66.46216768916156,27.096114519427406,3.5787321063394684,2.862985685071575
SUB8336302,"Revenue Driver (High ARPU, High Data)",Premium (>R500),Postpaid_Premium,7.92132,575.57,1.4760444274555287,26.143790849673206,35.45751633986928,14.787581699346406,23.61111111111111
SUB5246049,Regular User,Mid (R100-200),Postpaid_Basic,1.0294100000000002,148.85,0.20002800797291642,68.9655172413793,5.74712643678161,14.942528735632186,10.344827586206897
SUB3819127,Regular User,Mid (R100-200),Prepaid_Monthly,1.1756300000000002,122.29,0.055856554777570455,19.21921921921922,12.912912912912914,5.7057057057057055,62.16216216216216
SUB2459700,Regular User,High (R200-500),Postpaid_Unlimited,3.47075,304.4,0.04962869187666685,20.773930753564155,15.274949083503053,11.201629327902241,52.74949083503054
SUB5385010,Regular User,High (R200-500),Postpaid_Basic,2.06707,219.25,0.2776998047065651,13.34792122538293,17.505470459518598,2.1881838074398248,66.95842450765865
SUB8276281,"Revenue Driver (High ARPU, High Data)",High (R200-500),Postpaid_Basic,4.85216,408.22,0.6991834787987887,60.383386581469644,12.140575079872205,0.6389776357827477,26.837060702875398
SUB6875293,Regular User,High (R200-500),Prepaid_Daily,2.56794,307.36,0.4679349165163371,19.120135363790183,65.48223350253807,2.5380710659898478,12.859560067681894
SUB8045472,Regular User,High (R200-500),Prepaid_Monthly,2.96114,263.97,0.8009691752626682,44.02173913043478,16.304347826086953,5.434782608695651,34.2391304347826
SUB1513313,Regular User,Mid (R100-200),Prepaid_Monthly,1.1936300000000002,123.71,0.17407530651617975,40.20618556701031,47.42268041237113,9.278350515463917,3.092783505154639
SUB6538917,"Revenue Driver (High ARPU, High Data)",Premium (>R500),Postpaid_Premium,14.666469999999999,939.79,1.3699923052802845,44.198312236286924,38.0801687763713,9.599156118143458,8.122362869198312
SUB1549239,Regular User,High (R200-500),Prepaid_Daily,3.1243499999999997,370.71,0.19975509027012306,23.451327433628318,63.421828908554566,3.982300884955752,9.144542772861357
SUB1842840,"Revenue Driver (High ARPU, High Data)",High (R200-500),Postpaid_Basic,4.51087,385.06,1.5515851206026756,41.98347107438016,24.628099173553718,18.181818181818183,15.206611570247933
SUB9884263,Regular User,High (R200-500),Postpaid_Unlimited,3.12542,277.0,1.215086841721166,52.97619047619049,9.325396825396828,7.142857142857144,30.555555555555564
SUB7906726,"Upsell Opportunity (Low ARPU, Low Data)",Mid (R100-200),Prepaid_Daily,0.77026,102.69,0.058775676669708066,12.408759124087592,49.27007299270073,24.45255474452555,13.86861313868613
SUB9527835,Regular User,High (R200-500),Prepaid_Monthly,2.59014,234.53,0.010660588318542885,46.61016949152542,19.06779661016949,14.40677966101695,19.91525423728813
SUB9143179,Regular User,Mid (R100-200),Postpaid_Premium,1.26347,129.26,0.2765182299313116,37.19806763285023,3.6231884057971007,0.966183574879227,58.21256038647342
SUB4295990,"Revenue Driver (High ARPU, High Data)",High (R200-500),Postpaid_Basic,3.88852,342.84,0.2801830577252109,51.38086062941554,10.918432883750802,20.745022479126522,16.95568400770713
SUB1048984,"Revenue Driver (High ARPU, High Data)",Premium (>R500),Postpaid_Basic,14.037030000000001,824.37,2.783865043719846,51.80180180180181,45.04504504504504,1.5015015015015014,1.6516516516516515
SUB1208150,"Upsell Opportunity (Low ARPU, Low Data)",Mid-Low (R50-100),Postpaid_Basic,0.17809,91.08,0.20706876872372407,13.333333333333334,13.333333333333334,3.3333333333333335,70.0
SUB9349065,"Revenue Driver (High ARPU, High Data)",High (R200-500),Prepaid_Monthly,4.47999,384.49,0.07545441769874461,19.156214367160775,44.241733181299885,0.11402508551881414,36.488027366020525
SUB7200646,Regular User,Mid (R100-200),Prepaid_Daily,1.61517,198.89,0.19303881966536252,37.110481586402265,15.014164305949008,15.014164305949008,32.861189801699716
SUB6766140,Regular User,High (R200-500),Postpaid_Unlimited,2.2134,204.63,0.1214128935031149,40.56603773584905,18.238993710691823,11.949685534591195,29.245283018867923
SUB4403096,Regular User,Mid (R100-200),Prepaid_Monthly,1.65661,160.45,0.4822454419291,38.67924528301885,37.73584905660377,19.103773584905657,4.481132075471697
SUB9120459,"Revenue Driver (High ARPU, High Data)",Premium (>R500),Postpaid_Basic,10.113790000000002,616.04,2.2263035947261205,75.71701720841301,10.707456978967498,3.8240917782026775,9.751434034416826
SUB5755997,"Revenue Driver (High ARPU, High Data)",Premium (>R500),Postpaid_Basic,7.48543,520.64,0.7464740819086613,64.31870669745958,24.711316397228632,6.5819861431870645,4.38799076212471
SUB5464344,Regular User,High (R200-500),Postpaid_Unlimited,2.4965900000000003,227.1,0.466514522282131,47.852760736196316,7.975460122699387,25.153374233128833,19.01840490797546
SUB2046251,"Revenue Driver (High ARPU, High Data)",Premium (>R500),Postpaid_Premium,10.5118,681.78,1.4685754938006461,70.25257249766136,15.622076707202993,1.9644527595884,12.16089803554724
SUB9750364,"Upsell Opportunity (Low ARPU, Low Data)",Mid-Low (R50-100),Prepaid_Daily,0.70172,94.89,0.15615948887296016,3.2928942807625647,26.8630849220104,69.32409012131716,0.5199306759098786
SUB4018439,"Revenue Driver (High ARPU, High Data)",High (R200-500),Postpaid_Premium,4.88833,416.89,1.183769770758921,30.03095975232198,55.57275541795666,4.334365325077401,10.061919504643964
SUB2646711,Regular User,Mid (R100-200),Prepaid_Monthly,1.16749,121.64,0.21835460062320977,20.626631853785902,67.1018276762402,9.921671018276763,2.349869451697128
SUB4927352,"Revenue Driver (High ARPU, High Data)",Premium (>R500),Postpaid_Basic,7.7438,535.88,0.9982047556622797,41.38929088277858,47.32272069464544,1.1577424023154848,10.130246020260492
SUB8319764,"Revenue Driver (High ARPU, High Data)",Premium (>R500),Postpaid_Unlimited,8.943040000000002,646.07,0.031641317178360495,66.55211912943871,5.841924398625429,24.054982817869416,3.5509736540664374
SUB2281258,"Revenue Driver (High ARPU, High Data)",Premium (>R500),Postpaid_Unlimited,8.79924,636.15,0.23947089247498532,54.12115193644489,17.27904667328699,9.433962264150942,19.165839126117177
SUB9740245,Regular User,Mid (R100-200),Prepaid_Monthly,2.129,197.94,0.4186545164977771,49.67948717948718,26.923076923076923,14.423076923076922,8.974358974358974
SUB2217309,"Upsell Opportunity (Low ARPU, Low Data)",Mid (R100-200),Postpaid_Basic,0.40256000000000003,106.31,0.15453587884548348,14.184397163120565,72.34042553191489,9.219858156028367,4.255319148936169
SUB6108728,"Revenue Driver (High ARPU, High Data)",Premium (>R500),Postpaid_Premium,8.522770000000001,617.07,1.277576121354599,32.670906200317965,31.558028616852145,31.79650238473768,3.97456279809221
SUB1270001,Regular User,High (R200-500),Prepaid_Monthly,3.11153,275.9,1.2002460216262554,55.765199161425585,18.867924528301888,18.867924528301888,6.498951781970651
SUB2579889,Regular User,High (R200-500),Postpaid_Premium,2.2129899999999996,204.6,0.1256531469841069,8.157894736842104,77.63157894736842,3.157894736842105,11.052631578947366
SUB7041084,"Upsell Opportunity (Low ARPU, Low Data)",Mid-Low (R50-100),Postpaid_Basic,0.13343,88.05,0.07688282357558832,22.807017543859647,42.105263157894726,29.82456140350877,5.263157894736841
SUB3234489,"Revenue Driver (High ARPU, High Data)",Premium (>R500),Postpaid_Unlimited,12.64953,814.54,0.8530588711981864,52.160493827160494,29.629629629629626,0.0,18.209876543209877
SUB6168638,Regular User,Mid (R100-200),Prepaid_Daily,1.24482,156.72,0.012948268266256502,45.11627906976744,27.44186046511628,10.697674418604652,16.74418604651163
SUB5325001,"Revenue Driver (High ARPU, High Data)",Premium (>R500),Postpaid_Basic,9.85156,660.24,1.8222654235038398,63.897763578274756,16.45367412140575,13.099041533546323,6.549520766773162
SUB8213741,"Upsell Opportunity (Low ARPU, Low Data)",Low (<R50),Prepaid_Daily,0.19722,37.45,0.09932550852993496,34.24657534246575,41.095890410958894,23.28767123287671,1.36986301369863
SUB8412620,Regular User,Mid (R100-200),Postpaid_Unlimited,1.0897999999999999,115.48,0.5696762910015527,18.491921005385997,58.707360861759426,3.4111310592459603,19.38958707360862
SUB9165571,Regular User,Mid (R100-200),Prepaid_Monthly,1.18502,123.03,0.24542110855608512,18.210862619808303,39.936102236421725,25.87859424920128,15.974440894568689
SUB7630064,"Revenue Driver (High ARPU, High Data)",High (R200-500),Postpaid_Unlimited,6.31618,464.82,0.11297582372847881,48.929663608562684,36.69724770642201,3.9755351681957185,10.39755351681957
SUB4080761,"Upsell Opportunity (Low ARPU, Low Data)",Low (<R50),Prepaid_Monthly,0.2085,45.54,0.038910422620284296,15.789473684210522,17.543859649122805,1.7543859649122806,64.91228070175438
SUB6107385,Regular User,Mid (R100-200),Postpaid_Basic,0.9479299999999999,143.32,0.07022420596878454,23.3502538071066,64.46700507614213,2.0304568527918785,10.152284263959393
SUB9607009,"Revenue Driver (High ARPU, High Data)",High (R200-500),Postpaid_Basic,6.60204,468.52,2.10685280172068,42.038946162657496,19.243986254295532,1.7182130584192439,36.99885452462772
SUB4695611,Regular User,Mid (R100-200),Postpaid_Basic,0.74962,129.86,0.10268884718866744,35.51912568306011,41.530054644808736,13.661202185792348,9.289617486338798
SUB4844328,"Upsell Opportunity (Low ARPU, Low Data)",Mid-Low (R50-100),Prepaid_Daily,0.33013,52.59,0.04433862733362204,28.65853658536585,40.853658536585364,16.463414634146343,14.024390243902438
SUB6516829,"Revenue Driver (High ARPU, High Data)",High (R200-500),Postpaid_Premium,5.65629,419.28,0.053864017087184024,78.29787234042553,9.361702127659575,5.957446808510639,6.382978723404255
SUB5474220,"Revenue Driver (High ARPU, High Data)",Premium (>R500),Prepaid_Daily,8.52742,859.21,0.6348944545501993,58.953574060427414,33.750921149594696,1.915991156963891,5.379513633014001
SUB9752084,Regular User,Mid (R100-200),Postpaid_Unlimited,1.64451,159.49,0.12473845441180131,12.691466083150981,54.70459518599562,19.256017505470457,13.34792122538293
SUB2897465,"Revenue Driver (High ARPU, High Data)",Premium (>R500),Postpaid_Unlimited,7.160220000000001,523.06,0.6646336497325338,24.940334128878284,71.59904534606206,2.0286396181384254,1.431980906921241
SUB8731445,Regular User,High (R200-500),Postpaid_Unlimited,3.32672,292.98,0.3509326947147353,51.04477611940298,31.044776119402982,13.134328358208954,4.776119402985075
SUB4734049,"Revenue Driver (High ARPU, High Data)",Premium (>R500),Postpaid_Unlimited,23.08887,1335.37,3.7524640876564597,36.18677042801556,38.91050583657588,20.557717250324252,4.345006485084307
SUB9341219,Regular User,Mid (R100-200),Prepaid_Monthly,1.7485899999999999,167.75,0.49296784489057965,64.76190476190476,0.9523809523809523,16.19047619047619,18.095238095238095
SUB1689556,Regular User,High (R200-500),Postpaid_Unlimited,2.99926,266.99,0.47609640333395786,13.964386129334583,37.488284910965326,37.488284910965326,11.059044048734771
SUB4527110,Regular User,High (R200-500),Prepaid_Daily,1.8215899999999998,222.39,0.1105108377594557,51.178451178451176,29.292929292929294,15.488215488215488,4.04040404040404
SUB7739202,"Revenue Driver (High ARPU, High Data)",High (R200-500),Postpaid_Basic,4.18552,362.99,0.4328733591976883,78.02690582959642,2.6905829596412554,2.6905829596412554,16.591928251121075
SUB1552226,"Upsell Opportunity (Low ARPU, Low Data)",Mid (R100-200),Postpaid_Basic,0.5445599999999999,115.95,0.04397335510615463,4.979253112033195,51.037344398340245,9.12863070539419,34.85477178423236
SUB5550056,Regular User,Mid (R100-200),Prepaid_Monthly,1.80301,172.07,0.01785415237581356,65.57377049180329,7.377049180327869,27.049180327868854,0.0
SUB7486460,Regular User,Mid (R100-200),Postpaid_Basic,1.53391,183.08,0.08755796782304537,18.461538461538463,55.00000000000001,26.15384615384616,0.3846153846153847
SUB2360764,"Revenue Driver (High ARPU, High Data)",Premium (>R500),Postpaid_Unlimited,8.610959999999999,623.16,0.3280479259285727,23.370577281191803,35.84729981378026,37.243947858473,3.5381750465549344
SUB3133643,"Upsell Opportunity (Low ARPU, Low Data)",Mid-Low (R50-100),Prepaid_Daily,0.74214,99.49,0.017210275084327598,11.666666666666664,73.88888888888889,6.666666666666665,7.777777777777778
SUB3907360,Regular User,Mid (R100-200),Prepaid_Monthly,1.27783,130.4,0.1200257161569076,28.82483370288248,8.869179600886918,52.32815964523281,9.977827050997782
SUB2406150,"Revenue Driver (High ARPU, High Data)",High (R200-500),Postpaid_Basic,4.463220000000001,381.83,0.11517834513987246,65.35626535626535,21.375921375921376,0.0,13.267813267813267
SUB9706483,"Upsell Opportunity (Low ARPU, Low Data)",Low (<R50),Prepaid_Daily,0.27748,46.59,0.15205889741293666,13.888888888888888,9.25925925925926,3.7037037037037033,73.14814814814815
SUB4651387,"Upsell Opportunity (Low ARPU, Low Data)",Mid-Low (R50-100),Prepaid_Monthly,0.5847,75.4,0.06795976078041954,21.36752136752137,63.24786324786326,13.675213675213676,1.7094017094017095
SUB8136029,Regular User,Mid (R100-200),Postpaid_Basic,0.7467,129.66,0.2514446759852319,17.687074829931973,60.204081632653065,18.70748299319728,3.4013605442176873
SUB5822139,"Revenue Driver (High ARPU, High Data)",High (R200-500),Prepaid_Monthly,3.6309,317.11,0.11957579056290024,38.1615598885794,47.910863509749305,1.1142061281337048,12.813370473537605
SUB6241684,"Upsell Opportunity (Low ARPU, Low Data)",Mid-Low (R50-100),Postpaid_Premium,0.20065,79.0,0.04757508698332813,2.8901734104046244,80.34682080924856,9.826589595375722,6.9364161849710975
SUB7086368,Regular User,Mid (R100-200),Postpaid_Basic,0.82269,134.82,0.09129667427567623,25.78397212543554,6.968641114982578,34.14634146341463,33.10104529616724
SUB3263567,Regular User,Mid (R100-200),Prepaid_Monthly,1.75732,168.44,0.39382484141384744,2.10016155088853,74.95961227786752,1.938610662358643,21.0016155088853
SUB5000740,"Upsell Opportunity (Low ARPU, Low Data)",Mid (R100-200),Prepaid_Daily,0.7702100000000001,102.69,0.056896193954257046,14.285714285714288,68.16326530612245,9.795918367346939,7.755102040816328
SUB9169815,Regular User,Mid (R100-200),Prepaid_Monthly,1.46242,145.04,0.6054146222827648,39.23444976076555,31.578947368421055,17.22488038277512,11.961722488038278
SUB7347572,"Revenue Driver (High ARPU, High Data)",Premium (>R500),Postpaid_Unlimited,7.81902,568.51,1.2175588963273505,50.896057347670244,17.921146953405017,21.68458781362007,9.49820788530466
SUB9047252,Regular User,Mid (R100-200),Prepaid_Monthly,1.66924,161.45,0.1483590500837355,25.278810408921938,67.65799256505576,7.063197026022305,0.0
SUB3432593,Regular User,High (R200-500),Postpaid_Premium,2.77982,249.58,0.17865827017101443,51.87580853816299,25.61448900388098,9.83182406209573,12.677878395860285
SUB7892180,"Upsell Opportunity (Low ARPU, Low Data)",Mid-Low (R50-100),Prepaid_Monthly,0.32841000000000004,55.06,0.0368440410502161,8.121827411167514,17.258883248730967,49.746192893401016,24.873096446700508
SUB1641593,"Upsell Opportunity (Low ARPU, Low Data)",Mid-Low (R50-100),Prepaid_Monthly,0.81311,93.52,0.0010766605618388603,43.30985915492958,30.63380281690141,14.084507042253522,11.971830985915496
SUB5408285,"Revenue Driver (High ARPU, High Data)",Premium (>R500),Postpaid_Premium,14.11563,905.58,0.05037378963515593,60.324616771866545,20.108205590622184,5.680793507664563,13.88638412984671
SUB2143647,"Upsell Opportunity (Low ARPU, Low Data)",Mid (R100-200),Postpaid_Basic,0.46188999999999997,110.34,0.05200695136601424,16.25,46.25,33.75,3.75
SUB2985588,Regular User,Mid (R100-200),Prepaid_Monthly,1.26005,128.98,0.16331885815751424,14.240506329113925,78.48101265822784,1.2658227848101267,6.012658227848101
SUB2052425,"Revenue Driver (High ARPU, High Data)",Premium (>R500),Postpaid_Unlimited,9.47052,682.47,0.46554302688054783,63.25167037861915,18.04008908685969,6.013363028953229,12.694877505567929
SUB7337479,"Upsell Opportunity (Low ARPU, Low Data)",Mid-Low (R50-100),Prepaid_Monthly,0.60749,77.2,0.27298116521754745,21.54963680387409,38.49878934624697,15.49636803874092,24.455205811138015
SUB2743227,Regular User,Mid (R100-200),Prepaid_Monthly,1.22015,125.82,0.13688018758861475,1.550387596899225,73.25581395348837,11.046511627906975,14.147286821705427
SUB5109803,Regular User,High (R200-500),Postpaid_Basic,2.40653,242.28,0.06579765962977646,19.80392156862745,47.254901960784316,7.450980392156864,25.490196078431378
SUB2286188,"Upsell Opportunity (Low ARPU, Low Data)",Mid-Low (R50-100),Postpaid_Premium,0.24574000000000001,79.0,0.08151302779165126,18.367346938775512,71.42857142857143,2.0408163265306123,8.16326530612245
SUB5817167,Regular User,Mid (R100-200),Postpaid_Basic,0.9933,146.4,0.027979302733947553,13.33333333333334,84.3137254901961,0.39215686274509814,1.9607843137254908
SUB4070771,"Upsell Opportunity (Low ARPU, Low Data)",Low (<R50),Prepaid_Daily,0.15622,32.79,0.10477855900459536,34.37500000000001,20.312500000000004,6.250000000000002,39.06250000000001
SUB8546691,"Revenue Driver (High ARPU, High Data)",High (R200-500),Postpaid_Unlimited,3.69309,322.05,0.4972154180161312,9.656084656084655,68.5185185185185,8.068783068783068,13.756613756613756
SUB2134106,"Revenue Driver (High ARPU, High Data)",High (R200-500),Postpaid_Premium,5.5903599999999996,414.73,0.16139844737089337,52.30312035661219,28.6775631500743,1.485884101040119,17.533432392273404
SUB6923808,Regular User,High (R200-500),Postpaid_Unlimited,3.0095,267.8,0.14333451226674,26.923076923076923,20.833333333333336,21.794871794871796,30.448717948717945
SUB8321105,"Upsell Opportunity (Low ARPU, Low Data)",Mid (R100-200),Prepaid_Daily,0.83936,110.56,0.09149968637112393,9.075342465753424,15.41095890410959,68.4931506849315,7.02054794520548
SUB6222798,Regular User,High (R200-500),Postpaid_Basic,2.20778,228.8,0.00011765989778300678,21.368948247078468,61.60267111853089,14.858096828046746,2.1702838063439067
SUB9429948,"Upsell Opportunity (Low ARPU, Low Data)",Mid (R100-200),Postpaid_Premium,0.96776,105.79,0.24307330627569246,33.80952380952381,8.571428571428573,55.23809523809524,2.3809523809523814
SUB7145660,"Revenue Driver (High ARPU, High Data)",Premium (>R500),Postpaid_Unlimited,10.40961,675.44,1.2447091611209302,61.711711711711715,16.126126126126128,22.072072072072075,0.09009009009009009
SUB8724922,"Upsell Opportunity (Low ARPU, Low Data)",Mid-Low (R50-100),Postpaid_Unlimited,0.79228,91.87,0.04488962365552163,16.09756097560976,29.268292682926834,13.658536585365857,40.97560975609756
SUB1406547,"Upsell Opportunity (Low ARPU, Low Data)",Mid (R100-200),Postpaid_Basic,0.42019,107.51,0.013323928886160241,15.573770491803279,62.295081967213115,18.852459016393443,3.278688524590164
SUB8790574,Regular User,High (R200-500),Prepaid_Daily,2.27598,274.12,0.003081509972274521,51.272727272727266,19.272727272727273,27.27272727272727,2.1818181818181817
SUB4110997,"Revenue Driver (High ARPU, High Data)",High (R200-500),Postpaid_Premium,3.76203,327.52,0.1490088749417029,52.888888888888886,14.666666666666666,6.666666666666667,25.77777777777778
SUB5924191,Regular User,Mid (R100-200),Prepaid_Daily,0.94096,122.13,0.015743119471342437,11.386138613861387,41.089108910891085,19.801980198019802,27.722772277227726
SUB4843139,Regular User,Mid (R100-200),Prepaid_Monthly,1.16686,121.59,0.22253374786488966,26.54867256637168,30.530973451327426,42.03539823008849,0.8849557522123894
SUB4416403,Regular User,High (R200-500),Postpaid_Basic,3.2726100000000002,301.05,0.372966928059256,16.89189189189189,67.56756756756756,2.1396396396396398,13.4009009009009
SUB5112924,"Revenue Driver (High ARPU, High Data)",High (R200-500),Prepaid_Monthly,5.440300000000001,404.38,0.4809882138142445,31.305449936628648,40.68441064638784,15.842839036755388,12.167300380228136
SUB9121849,"Revenue Driver (High ARPU, High Data)",High (R200-500),Prepaid_Monthly,5.48772,407.65,0.3236207854952333,39.58333333333334,48.87820512820513,5.92948717948718,5.6089743589743595
SUB3078937,"Revenue Driver (High ARPU, High Data)",High (R200-500),Postpaid_Unlimited,5.6384799999999995,418.06,1.6453496649359973,51.135005973715664,26.642771804062125,21.983273596176826,0.23894862604540026
SUB7601457,"Upsell Opportunity (Low ARPU, Low Data)",Mid-Low (R50-100),Postpaid_Premium,0.88497,99.22,0.12031079193785343,8.108108108108109,79.53667953667954,8.880308880308881,3.474903474903475
SUB2245749,Regular User,Mid (R100-200),Prepaid_Monthly,1.50974,148.8,0.2957406276282344,33.07984790874524,47.52851711026616,8.365019011406844,11.026615969581748
SUB6942654,Regular User,High (R200-500),Postpaid_Premium,3.32089,292.51,0.4377319016180774,45.027624309392266,31.491712707182323,6.077348066298343,17.403314917127073
SUB7470181,Regular User,Mid (R100-200),Postpaid_Basic,0.78662,132.37,0.0953358631853688,47.82608695652175,4.3478260869565215,35.507246376811594,12.318840579710146
SUB8069337,"Upsell Opportunity (Low ARPU, Low Data)",Mid-Low (R50-100),Postpaid_Premium,0.5422899999999999,79.0,0.024429160188280896,27.916666666666668,21.666666666666668,27.916666666666668,22.500000000000004
SUB6942712,Regular User,High (R200-500),Postpaid_Premium,3.13,277.37,0.2987858503315435,19.37007874015748,46.61417322834646,16.535433070866144,17.480314960629922
SUB2548496,"Revenue Driver (High ARPU, High Data)",Premium (>R500),Postpaid_Premium,15.61369,998.61,4.987505318605637,88.39779005524862,2.430939226519337,7.18232044198895,1.9889502762430937
SUB2841646,"Revenue Driver (High ARPU, High Data)",High (R200-500),Postpaid_Unlimited,6.02818,444.94,0.047124107994990005,45.57907845579079,26.40099626400997,10.087173100871732,17.932752179327522
SUB2968921,Regular User,High (R200-500),Prepaid_Daily,2.0696,250.62,0.31019547874564535,51.47058823529412,26.47058823529412,20.098039215686274,1.9607843137254901
SUB8784197,"Upsell Opportunity (Low ARPU, Low Data)",Mid-Low (R50-100),Prepaid_Monthly,0.83882,95.56,0.1790206907989652,2.3622047244094486,60.23622047244095,25.590551181102363,11.811023622047244
SUB8503416,Regular User,Mid (R100-200),Postpaid_Premium,1.89422,179.31,0.2604142182936384,2.533039647577093,38.986784140969164,36.013215859030836,22.46696035242291
SUB1770692,"Upsell Opportunity (Low ARPU, Low Data)",Mid (R100-200),Prepaid_Daily,0.83515,110.08,0.015974870612546876,44.72049689440994,15.527950310559008,38.50931677018634,1.2422360248447206
SUB8334901,"Upsell Opportunity (Low ARPU, Low Data)",Low (<R50),Prepaid_Daily,0.17317,34.72,0.027580470864430495,6.0,28.666666666666668,6.0,59.333333333333336
SUB4486444,Regular User,Mid (R100-200),Postpaid_Basic,1.72037,195.73,0.28925257168528207,23.230088495575217,67.03539823008849,7.079646017699115,2.654867256637168
SUB3931531,"Revenue Driver (High ARPU, High Data)",High (R200-500),Prepaid_Monthly,4.48588,384.95,0.5151189398607499,57.024793388429764,36.85950413223141,3.9669421487603307,2.1487603305785123
SUB9325032,"Revenue Driver (High ARPU, High Data)",High (R200-500),Postpaid_Basic,5.23633,387.94,0.7051738139884858,70.06802721088435,28.91156462585034,1.0204081632653061,0.0
SUB2954109,Regular User,Mid (R100-200),Postpaid_Basic,1.75707,198.22,0.37020594030084486,79.25311203319502,10.373443983402488,9.12863070539419,1.2448132780082988
SUB2962889,Regular User,Mid (R100-200),Prepaid_Daily,1.0608199999999999,135.77,0.22853296371031184,47.32142857142857,6.25,6.25,40.17857142857142
SUB8919584,Regular User,High (R200-500),Postpaid_Unlimited,2.89363,258.61,0.2173569344060713,35.396039603960396,46.28712871287129,1.4851485148514851,16.831683168316832
SUB1947272,Regular User,High (R200-500),Postpaid_Basic,2.98656,281.64,0.23889914059082873,39.40520446096654,52.788104089219324,2.7881040892193303,5.018587360594795
SUB8660771,Regular User,High (R200-500),Postpaid_Unlimited,3.16688,280.29,0.024656994176495584,22.169059011164276,49.601275917065394,4.784688995215311,23.444976076555022
SUB7721308,"Upsell Opportunity (Low ARPU, Low Data)",Mid (R100-200),Postpaid_Basic,0.36246,103.59,0.04128982827701855,7.142857142857142,22.61904761904762,11.904761904761905,58.333333333333336
SUB8392367,Regular User,Mid (R100-200),Prepaid_Monthly,1.4806199999999998,146.49,0.11266671360599556,27.565982404692086,40.469208211143695,22.873900293255133,9.090909090909092
SUB2515719,"Revenue Driver (High ARPU, High Data)",High (R200-500),Postpaid_Unlimited,4.43812,381.16,1.3442589321607556,69.78319783197831,14.227642276422763,1.4905149051490514,14.498644986449863
SUB5289991,Regular User,Mid (R100-200),Postpaid_Premium,1.2230699999999999,126.05,0.10564669148563022,77.5,12.5,9.5,0.5
SUB7824125,Regular User,Mid (R100-200),Prepaid_Monthly,2.04557,191.32,0.017103420498150168,51.42857142857144,38.0,8.0,2.571428571428571
SUB3901717,Regular User,Mid (R100-200),Postpaid_Basic,1.60923,188.19,0.11766053930209819,10.333863275039747,47.21780604133546,18.60095389507154,23.84737678855326
SUB5866940,Regular User,Mid (R100-200),Postpaid_Premium,1.16207,121.21,0.07360801332803235,7.75623268698061,71.19113573407202,15.51246537396122,5.54016620498615
SUB5062118,"Upsell Opportunity (Low ARPU, Low Data)",Mid-Low (R50-100),Postpaid_Premium,0.24103,79.0,0.06037824423360466,17.77777777777778,76.66666666666666,4.444444444444445,1.1111111111111112
SUB7674106,"Upsell Opportunity (Low ARPU, Low Data)",Mid-Low (R50-100),Prepaid_Daily,0.62976,86.7,0.27689956114555936,8.55018587360595,85.87360594795538,2.9739776951672865,2.602230483271376
SUB2550184,"Upsell Opportunity (Low ARPU, Low Data)",Mid-Low (R50-100),Prepaid_Monthly,0.5111100000000001,69.56,0.09550001324454949,21.238938053097346,42.47787610619469,12.389380530973455,23.893805309734518
SUB9010643,"Revenue Driver (High ARPU, High Data)",High (R200-500),Postpaid_Basic,7.1170100000000005,498.9,0.6764647850082133,40.97222222222222,19.58333333333333,20.138888888888886,19.305555555555554
SUB5098535,"Revenue Driver (High ARPU, High Data)",Premium (>R500),Postpaid_Premium,8.77275,634.32,0.8967216014925299,14.823529411764705,47.05882352941176,31.372549019607842,6.745098039215685
SUB5081534,"Upsell Opportunity (Low ARPU, Low Data)",Mid-Low (R50-100),Prepaid_Monthly,0.7782,90.75,0.059654134890031796,58.02469135802468,27.572016460905353,6.172839506172839,8.23045267489712
SUB5785613,"Revenue Driver (High ARPU, High Data)",Premium (>R500),Postpaid_Unlimited,19.371869999999998,1231.99,4.878414588655952,50.263752825923135,12.132629992464206,9.947249434815374,27.65636774679729
SUB9497552,"Revenue Driver (High ARPU, High Data)",High (R200-500),Prepaid_Monthly,4.249680000000001,366.21,0.4894760761335739,47.123893805309734,31.858407079646017,18.805309734513276,2.212389380530974
SUB4207393,Regular User,Mid (R100-200),Prepaid_Monthly,1.71426,165.03,0.12119514878870263,29.366602687140116,33.97312859884837,36.660268714011515,0.0
SUB8366604,"Upsell Opportunity (Low ARPU, Low Data)",Mid-Low (R50-100),Postpaid_Premium,0.69525,84.17,0.012610667372340845,27.41935483870968,54.83870967741936,2.4193548387096775,15.32258064516129
SUB1317537,Regular User,Mid (R100-200),Postpaid_Premium,2.10161,195.76,0.2989826383729075,6.654676258992804,63.66906474820143,22.12230215827338,7.553956834532373
SUB6124795,Regular User,Mid (R100-200),Postpaid_Premium,2.08827,194.7,0.025671254682092304,17.358490566037737,49.24528301886792,21.886792452830186,11.50943396226415
SUB1533634,"Upsell Opportunity (Low ARPU, Low Data)",Mid-Low (R50-100),Prepaid_Daily,0.74222,99.5,0.02972288524276223,42.708333333333336,28.125000000000007,18.750000000000004,10.416666666666668
SUB5131279,"Revenue Driver (High ARPU, High Data)",Premium (>R500),Postpaid_Premium,22.708389999999998,1313.84,6.037798913225611,47.647409172126274,35.7355568790947,0.7742703990470519,15.842763549731986
SUB8586288,Regular User,Mid (R100-200),Postpaid_Basic,1.0808900000000001,152.34,0.16146059926908407,45.67307692307692,26.442307692307693,10.096153846153845,17.788461538461537
SUB1661440,Regular User,Mid (R100-200),Postpaid_Premium,1.51614,149.31,0.2916803659953713,27.53036437246964,21.457489878542514,25.506072874493928,25.506072874493928
SUB7423388,"Upsell Opportunity (Low ARPU, Low Data)",Mid-Low (R50-100),Prepaid_Monthly,0.7564099999999999,89.02,0.012546223276205581,14.798206278026907,29.596412556053814,39.01345291479821,16.591928251121075
SUB5317293,"Revenue Driver (High ARPU, High Data)",Premium (>R500),Postpaid_Premium,20.56445,1192.54,1.5733690682879669,77.74538386783284,12.147716229348882,6.997084548104955,3.1098153547133136
SUB3667867,"Revenue Driver (High ARPU, High Data)",Premium (>R500),Postpaid_Unlimited,7.632350000000001,555.63,0.2595113832649609,15.858208955223882,55.97014925373135,25.466417910447763,2.705223880597015
SUB8967801,Regular User,Mid (R100-200),Postpaid_Basic,1.16368,157.96,0.13347807881056006,52.117863720073665,31.30755064456722,15.837937384898709,0.736648250460405
SUB6410897,"Upsell Opportunity (Low ARPU, Low Data)",Low (<R50),Prepaid_Daily,0.17939,35.42,0.023783955848454497,6.25,12.5,4.166666666666667,77.08333333333334
SUB5695781,"Upsell Opportunity (Low ARPU, Low Data)",Mid-Low (R50-100),Postpaid_Premium,0.30246,79.0,0.12647071922083974,11.029411764705884,25.000000000000007,33.08823529411765,30.88235294117647
SUB8277186,Regular User,Mid (R100-200),Prepaid_Daily,1.3003399999999998,163.04,0.010739879717582168,7.547169811320755,64.95956873315365,14.016172506738545,13.477088948787062
SUB6171748,Regular User,Mid (R100-200),Prepaid_Daily,1.15732,146.76,0.2604761939107778,40.259740259740255,26.623376623376622,15.584415584415584,17.532467532467532
SUB6382287,"Upsell Opportunity (Low ARPU, Low Data)",Mid-Low (R50-100),Postpaid_Premium,0.6446000000000001,80.15,0.2297286075701538,4.016064257028113,27.710843373493972,20.08032128514056,48.192771084337345
SUB8395873,Regular User,Mid (R100-200),Prepaid_Daily,1.4681,182.14,0.15945104394115917,29.01234567901234,19.1358024691358,3.0864197530864197,48.76543209876543
SUB8389434,Regular User,Mid (R100-200),Postpaid_Unlimited,1.40213,140.26,0.43212374888875704,5.194805194805195,50.38961038961038,3.116883116883116,41.298701298701296
SUB5636440,Regular User,Mid (R100-200),Prepaid_Monthly,1.03627,111.23,0.1608653095835445,29.213483146067414,63.48314606741572,3.3707865168539324,3.932584269662922
SUB2828022,Regular User,Mid (R100-200),Postpaid_Premium,1.32092,133.82,0.27744258805859556,27.73109243697479,50.210084033613455,10.084033613445378,11.974789915966385
SUB1368893,Regular User,High (R200-500),Postpaid_Basic,1.7988,201.05,0.7280089751796166,26.956521739130434,48.04347826086956,2.8260869565217392,22.17391304347826
SUB9774533,Regular User,Mid (R100-200),Prepaid_Monthly,2.148,199.44,0.2495574792275126,19.242902208201894,78.54889589905363,0.1577287066246057,2.050473186119874
SUB7700379,Regular User,High (R200-500),Prepaid_Monthly,3.05521,271.43,0.36515538177474216,37.95379537953795,29.042904290429046,31.683168316831683,1.3201320132013203
SUB4737973,"Revenue Driver (High ARPU, High Data)",High (R200-500),Prepaid_Monthly,4.97322,423.63,0.7351965301935914,62.5,31.562500000000004,2.8125,3.125000000000001
SUB1000917,Regular User,Mid (R100-200),Postpaid_Basic,1.56426,185.14,0.21130909739885717,44.193548387096776,33.87096774193549,7.419354838709677,14.516129032258066
SUB1486799,Regular User,Mid (R100-200),Prepaid_Monthly,2.0559600000000002,192.14,0.48796898687690016,30.491803278688522,35.40983606557377,5.245901639344262,28.85245901639344
SUB5268173,Regular User,Mid (R100-200),Prepaid_Monthly,1.24422,127.73,0.18178576529974988,25.581395348837212,37.98449612403101,31.782945736434108,4.651162790697675
SUB3619909,"Upsell Opportunity (Low ARPU, Low Data)",Low (<R50),Prepaid_Monthly,0.0824,35.54,0.02585282357558833,56.52173913043478,17.391304347826086,17.391304347826086,8.695652173913043
SUB6176367,Regular User,Mid (R100-200),Prepaid_Monthly,1.22547,126.24,0.09689899001540536,37.98449612403101,43.02325581395349,16.666666666666664,2.3255813953488373
SUB1443035,"Upsell Opportunity (Low ARPU, Low Data)",Mid (R100-200),Postpaid_Basic,0.60682,120.17,0.07390796172102965,14.814814814814817,50.79365079365079,31.746031746031743,2.6455026455026456
SUB2222869,"Revenue Driver (High ARPU, High Data)",Premium (>R500),Prepaid_Daily,4.7244399999999995,552.88,0.3151534357700516,36.75777568331762,47.785108388312906,12.441093308199811,3.0160226201696507
SUB5025942,Regular User,High (R200-500),Prepaid_Monthly,2.36032,216.29,0.4114148869521963,22.857142857142858,61.298701298701296,8.051948051948052,7.792207792207792
SUB9033951,"Revenue Driver (High ARPU, High Data)",High (R200-500),Postpaid_Unlimited,5.41158,402.4,1.2047084991542194,44.84590860786397,21.14771519659936,29.11795961742827,4.888416578108395
SUB5314896,Regular User,Mid (R100-200),Postpaid_Basic,0.66695,124.25,0.09312185233253445,7.079646017699115,25.663716814159294,33.33333333333333,33.92330383480826
SUB3332517,"Upsell Opportunity (Low ARPU, Low Data)",Low (<R50),Prepaid_Daily,0.25717,44.28,0.09418397781988211,26.41509433962264,40.56603773584905,2.830188679245283,30.18867924528302
SUB8955229,"Revenue Driver (High ARPU, High Data)",Premium (>R500),Prepaid_Daily,4.79536,560.95,0.36596617761716566,61.43497757847535,15.097159940209268,10.1644245142003,13.303437967115098
SUB3363162,Regular User,Mid (R100-200),Prepaid_Monthly,1.89808,179.61,0.3754636170263279,87.5,9.090909090909092,1.1363636363636365,2.272727272727273
SUB9997354,Regular User,Mid (R100-200),Postpaid_Unlimited,1.8578800000000002,176.42,0.5541766434080566,30.747922437673136,62.880886426592795,0.6925207756232687,5.678670360110803
SUB5513552,"Revenue Driver (High ARPU, High Data)",High (R200-500),Postpaid_Basic,4.57032,389.1,0.22381049791535546,26.343381389252947,31.585845347313242,31.847968545216254,10.222804718217562
SUB5256146,"Revenue Driver (High ARPU, High Data)",High (R200-500),Postpaid_Premium,5.734310000000001,424.67,2.229220951605469,51.16279069767441,30.121816168327793,2.104097452934662,16.61129568106312
SUB6371159,"Upsell Opportunity (Low ARPU, Low Data)",Mid (R100-200),Postpaid_Basic,0.57924,118.3,0.08990381456891283,8.396946564885496,86.2595419847328,0.0,5.34351145038168
SUB8745269,Regular User,Mid (R100-200),Postpaid_Unlimited,1.4113099999999998,140.99,0.1844015971894548,9.589041095890412,24.266144814090023,38.35616438356165,27.788649706457928
SUB9621837,"Revenue Driver (High ARPU, High Data)",Premium (>R500),Postpaid_Premium,7.5405,549.29,1.9712611663456254,20.71881606765328,42.28329809725159,26.356589147286826,10.641296687808316
SUB6250295,Regular User,High (R200-500),Prepaid_Monthly,2.36375,216.56,0.4129950557642159,59.134615384615394,21.634615384615387,18.750000000000004,0.4807692307692309
SUB6321129,Regular User,High (R200-500),Prepaid_Monthly,2.34694,215.23,0.3399673823987861,50.44776119402985,13.134328358208954,10.44776119402985,25.970149253731346
SUB7905043,"Revenue Driver (High ARPU, High Data)",Premium (>R500),Postpaid_Basic,8.587399999999999,585.66,2.502430914992612,77.74227902023428,10.86261980830671,8.626198083067091,2.768903088391906
SUB3589644,Regular User,Mid (R100-200),Prepaid_Monthly,1.6554,160.36,3.081333043386536e-06,23.161764705882355,39.88970588235294,26.65441176470588,10.294117647058826
SUB5614466,"Revenue Driver (High ARPU, High Data)",Premium (>R500),Prepaid_Daily,16.445220000000003,1480.27,1.3561190836934358,52.70092226613966,39.52569169960474,6.785243741765481,0.9881422924901186
SUB7254887,"Upsell Opportunity (Low ARPU, Low Data)",Mid (R100-200),Postpaid_Basic,0.56201,117.13,0.3727187274703839,34.91525423728813,57.627118644067785,6.779661016949152,0.6779661016949152
SUB8110953,"Upsell Opportunity (Low ARPU, Low Data)",Mid-Low (R50-100),Prepaid_Daily,0.3998,60.52,0.17843654780217438,49.142857142857146,28.57142857142857,18.285714285714285,4.0
SUB2418175,"Revenue Driver (High ARPU, High Data)",High (R200-500),Postpaid_Unlimited,5.310779999999999,395.44,0.22400819770483782,37.86574870912221,18.932874354561104,19.277108433734945,23.924268502581754
SUB1592632,Regular User,Mid (R100-200),Postpaid_Basic,1.3665999999999998,171.72,0.10434877459751468,46.486486486486484,36.75675675675676,12.97297297297297,3.783783783783784
SUB3897706,"Revenue Driver (High ARPU, High Data)",High (R200-500),Postpaid_Premium,6.37025,468.55,0.5071562106611527,33.53057199211046,42.50493096646943,23.37278106508876,0.591715976331361
SUB4714379,"Upsell Opportunity (Low ARPU, Low Data)",Mid-Low (R50-100),Prepaid_Monthly,0.6115,77.52,0.0512972230246429,29.24901185770751,47.82608695652174,10.276679841897234,12.64822134387352
SUB5272513,Regular User,High (R200-500),Postpaid_Premium,2.99154,266.38,0.2938953891564746,35.16483516483516,61.318681318681314,2.4175824175824174,1.0989010989010988
SUB3891912,Regular User,High (R200-500),Prepaid_Monthly,3.02009,268.64,0.16605373100369913,9.778357235984354,78.22685788787483,6.388526727509778,5.60625814863103
SUB2093956,"Upsell Opportunity (Low ARPU, Low Data)",Mid (R100-200),Postpaid_Basic,0.51168,113.72,0.03841128595392884,1.2048192771084338,50.30120481927711,17.16867469879518,31.32530120481928
SUB9594859,Regular User,Mid (R100-200),Postpaid_Basic,0.99783,146.7,0.03609376105470219,13.003095975232199,26.31578947368421,53.56037151702786,7.120743034055728
SUB6668889,Regular User,Mid (R100-200),Postpaid_Unlimited,1.9113399999999998,180.66,0.7161370361539443,63.005780346820806,29.865125240847785,6.9364161849710975,0.1926782273603083
SUB7129877,"Revenue Driver (High ARPU, High Data)",High (R200-500),Postpaid_Unlimited,3.84796,334.34,0.35294683802120685,31.976744186046513,27.61627906976744,34.01162790697674,6.395348837209303
SUB5183839,Regular User,Mid (R100-200),Postpaid_Basic,1.61848,188.81,0.19581949516263464,43.40277777777777,20.138888888888886,32.98611111111111,3.472222222222222
SUB4149783,"Revenue Driver (High ARPU, High Data)",Premium (>R500),Postpaid_Unlimited,16.417180000000002,1048.51,3.196112496666787,56.613756613756614,10.158730158730158,18.306878306878307,14.920634920634921
SUB2935772,"Revenue Driver (High ARPU, High Data)",Premium (>R500),Postpaid_Unlimited,7.18615,524.84,0.9401501380604582,59.61290322580645,22.064516129032256,10.451612903225806,7.870967741935483
SUB1268449,"Revenue Driver (High ARPU, High Data)",Premium (>R500),Postpaid_Premium,20.6745,1198.76,4.709737006464856,52.32896652110626,43.66812227074235,1.0189228529839884,2.9839883551673942
SUB9975979,"Revenue Driver (High ARPU, High Data)",Premium (>R500),Postpaid_Premium,13.340209999999999,857.43,2.0968292431343833,61.78571428571428,34.88095238095237,2.4999999999999996,0.8333333333333331
SUB5079430,Regular User,Mid (R100-200),Prepaid_Monthly,2.07539,193.68,0.06780394479518081,6.563039723661486,89.29188255613127,3.7996545768566503,0.34542314335060453
SUB4665842,Regular User,High (R200-500),Prepaid_Monthly,2.89791,258.95,0.31353348313812957,16.603053435114504,14.885496183206106,5.152671755725191,63.358778625954194
SUB5037746,"Upsell Opportunity (Low ARPU, Low Data)",Mid-Low (R50-100),Prepaid_Monthly,0.7943,92.03,0.01108608018988233,13.793103448275861,54.482758620689665,2.7586206896551726,28.965517241379313
SUB3368403,"Revenue Driver (High ARPU, High Data)",High (R200-500),Postpaid_Unlimited,4.03061,348.83,0.13689706430414983,8.74089490114464,50.884495317377734,5.723204994797086,34.651404786680544
SUB8433976,"Upsell Opportunity (Low ARPU, Low Data)",Mid-Low (R50-100),Prepaid_Daily,0.71377,96.26,0.1336943118385997,28.666666666666668,35.333333333333336,16.0,20.0
SUB8558158,Regular User,High (R200-500),Postpaid_Basic,2.8418200000000002,271.82,0.07494245356893536,25.63451776649746,51.522842639593904,18.274111675126903,4.568527918781726
SUB1726448,"Upsell Opportunity (Low ARPU, Low Data)",Mid (R100-200),Postpaid_Basic,0.51437,113.9,0.0025746890000419853,26.666666666666668,41.48148148148148,15.555555555555554,16.296296296296294
SUB3293474,"Upsell Opportunity (Low ARPU, Low Data)",Mid-Low (R50-100),Postpaid_Basic,0.20002,92.57,0.025579454044647343,17.073170731707318,63.41463414634146,12.195121951219512,7.317073170731707
SUB4498408,"Revenue Driver (High ARPU, High Data)",Premium (>R500),Postpaid_Premium,8.88281,641.91,0.9488557602836174,33.84785005512679,11.025358324145534,44.10143329658214,11.025358324145534
SUB8178560,"Revenue Driver (High ARPU, High Data)",High (R200-500),Postpaid_Premium,4.1301000000000005,356.72,0.8265114570573502,36.402569593147746,40.899357601713064,14.775160599571732,7.922912205567452
SUB5982042,"Revenue Driver (High ARPU, High Data)",Premium (>R500),Prepaid_Monthly,11.08519,717.39,1.6759607618977839,71.84684684684683,22.072072072072068,1.689189189189189,4.391891891891891
SUB4943439,Regular User,High (R200-500),Prepaid_Monthly,2.80634,251.68,0.007912037644095982,36.01895734597156,35.07109004739337,10.584518167456556,18.325434439178515
SUB5213085,Regular User,Mid (R100-200),Postpaid_Basic,0.9864700000000001,145.93,0.14911108252478156,23.502304147465434,49.76958525345621,18.433179723502302,8.294930875576036
SUB8136940,"Revenue Driver (High ARPU, High Data)",High (R200-500),Postpaid_Basic,4.56449,388.7,0.6172371674834998,65.54307116104869,28.08988764044944,2.9962546816479403,3.3707865168539324
SUB4727661,Regular User,Mid (R100-200),Postpaid_Basic,1.4000899999999998,174.0,0.2545277461797262,45.796064400715565,16.100178890876567,1.7889087656529519,36.314847942754916
SUB6270637,Regular User,High (R200-500),Prepaid_Monthly,2.20287,203.8,0.3392118545116447,41.721854304635755,48.12362030905077,4.415011037527594,5.739514348785872
SUB2620706,"Upsell Opportunity (Low ARPU, Low Data)",Mid-Low (R50-100),Prepaid_Daily,0.5443,76.97,0.010411665289531635,42.857142857142854,32.6530612244898,22.448979591836736,2.0408163265306123
SUB1828791,"Revenue Driver (High ARPU, High Data)",Premium (>R500),Postpaid_Premium,14.12593,906.22,4.9760129158874875,64.89130434782608,18.043478260869566,1.0869565217391306,15.978260869565219
SUB7961383,Regular User,High (R200-500),Prepaid_Daily,1.69221,207.66,0.3756871557260524,56.76567656765676,33.993399339933994,2.31023102310231,6.9306930693069315
SUB9259282,Regular User,Mid (R100-200),Postpaid_Unlimited,1.6861400000000002,162.8,0.05649948088059431,31.620553359683797,56.91699604743082,1.5810276679841897,9.881422924901184
SUB3710241,Regular User,High (R200-500),Prepaid_Monthly,2.78933,250.33,0.10593386634715474,62.311557788944725,6.030150753768845,24.623115577889447,7.035175879396986
SUB5458434,Regular User,High (R200-500),Prepaid_Daily,2.6560799999999998,317.39,0.11231579595700225,53.68171021377671,37.05463182897862,6.650831353919242,2.6128266033254155
SUB2041566,"Revenue Driver (High ARPU, High Data)",Premium (>R500),Postpaid_Premium,19.21656,1222.35,1.4812174216395988,81.9277108433735,9.036144578313253,8.734939759036145,0.30120481927710846
SUB4188729,Regular User,Mid (R100-200),Prepaid_Monthly,1.70127,164.0,0.33174998083589236,49.244712990936556,43.202416918429,7.250755287009064,0.3021148036253777
SUB7610734,"Upsell Opportunity (Low ARPU, Low Data)",Low (<R50),Prepaid_Daily,0.11964,29.0,0.0449539899049293,16.216216216216218,24.324324324324323,0.0,59.45945945945946
SUB6494339,"Revenue Driver (High ARPU, High Data)",High (R200-500),Postpaid_Basic,3.39663,309.46,0.39751062698981254,44.141689373297005,31.88010899182561,4.35967302452316,19.618528610354225
SUB5981505,"Revenue Driver (High ARPU, High Data)",High (R200-500),Postpaid_Unlimited,6.37766,469.06,0.5880946248541594,37.10554951033732,27.09466811751904,21.327529923830248,14.472252448313384
SUB8150406,"Revenue Driver (High ARPU, High Data)",Premium (>R500),Postpaid_Unlimited,12.95808,833.7,0.3754569598131816,32.20973782771536,56.17977528089888,9.456928838951312,2.153558052434457
SUB3129885,"Revenue Driver (High ARPU, High Data)",Premium (>R500),Prepaid_Daily,5.217479999999999,531.53,0.9066413741955959,43.8423645320197,53.44827586206896,1.9704433497536942,0.7389162561576353
SUB2385049,Regular User,Mid (R100-200),Postpaid_Basic,0.69038,125.84,0.04763553621563699,45.31249999999999,28.125,22.656249999999996,3.90625
SUB6338938,"Revenue Driver (High ARPU, High Data)",Premium (>R500),Postpaid_Premium,7.41836,540.87,1.414953648458713,46.78787878787878,47.27272727272727,0.6060606060606061,5.333333333333334
SUB5127436,"Revenue Driver (High ARPU, High Data)",Premium (>R500),Postpaid_Premium,7.434699999999999,541.99,1.0127272262099503,59.9078341013825,33.29493087557604,2.3041474654377883,4.493087557603687
SUB4080201,"Revenue Driver (High ARPU, High Data)",Premium (>R500),Postpaid_Premium,30.3977,1602.08,3.4432286336209614,66.006600660066,17.986798679867988,15.51155115511551,0.49504950495049505
SUB1605743,"Upsell Opportunity (Low ARPU, Low Data)",Mid-Low (R50-100),Postpaid_Basic,0.15875,89.77,0.04892488422081083,19.0,52.0,28.999999999999996,0.0
SUB4482837,Regular User,Mid (R100-200),Prepaid_Daily,1.41454,176.05,0.2128175516992623,36.702127659574465,40.95744680851064,13.829787234042554,8.510638297872342
SUB2048278,"Upsell Opportunity (Low ARPU, Low Data)",Mid-Low (R50-100),Prepaid_Daily,0.65737,89.84,0.04813604940970462,17.25663716814159,43.36283185840708,23.451327433628315,15.929203539823005
SUB5828761,Regular User,Mid (R100-200),Postpaid_Unlimited,0.98098,106.84,0.3969813227646415,15.156249999999998,46.40625,28.749999999999996,9.687499999999998
SUB7709914,Regular User,High (R200-500),Postpaid_Premium,2.77456,249.16,0.25799852598917505,4.0540540540540535,81.08108108108108,2.5675675675675675,12.297297297297296
SUB6843493,"Upsell Opportunity (Low ARPU, Low Data)",Low (<R50),Prepaid_Daily,0.28187,47.09,0.006534604839596114,19.444444444444443,62.499999999999986,8.33333333333333,9.722222222222221
SUB8466027,"Revenue Driver (High ARPU, High Data)",High (R200-500),Postpaid_Basic,5.09673,379.71,0.06881499753686171,10.734463276836157,42.3728813559322,4.519774011299435,42.3728813559322
SUB4775944,Regular User,Mid (R100-200),Prepaid_Monthly,1.42405,142.0,0.12563445798957584,24.012158054711247,5.167173252279635,6.079027355623101,64.74164133738601
SUB3695145,"Upsell Opportunity (Low ARPU, Low Data)",Mid-Low (R50-100),Postpaid_Unlimited,0.77971,90.87,0.009718309717533735,50.54347826086957,21.195652173913043,1.0869565217391304,27.173913043478258
SUB1058031,"Revenue Driver (High ARPU, High Data)",High (R200-500),Postpaid_Unlimited,5.794689999999999,428.83,0.6208182145140437,66.00397614314116,7.952286282306163,22.266401590457257,3.7773359840954273
SUB5740039,Regular User,High (R200-500),Postpaid_Basic,3.1886300000000003,295.35,1.2144005486696359,85.49280177187153,5.094130675526024,1.550387596899225,7.86267995570321
SUB8800757,"Upsell Opportunity (Low ARPU, Low Data)",Low (<R50),Prepaid_Daily,0.09844,29.0,0.04685206977257131,5.88235294117647,82.3529411764706,0.0,11.76470588235294
SUB8730302,Regular User,High (R200-500),Postpaid_Premium,3.4341399999999997,301.5,0.17693139169692396,33.572710951526034,15.619389587073606,34.470377019748646,16.337522441651707
SUB5102553,"Revenue Driver (High ARPU, High Data)",Premium (>R500),Postpaid_Premium,21.75654,1259.99,4.704989303983279,74.55731593662628,20.223671947809876,3.6346691519105314,1.5843429636533086
SUB4678621,"Upsell Opportunity (Low ARPU, Low Data)",Mid-Low (R50-100),Prepaid_Monthly,0.37422000000000005,58.69,0.024663263913333566,84.09090909090908,6.8181818181818175,4.545454545454545,4.545454545454545
SUB9584036,Regular User,High (R200-500),Postpaid_Basic,2.5732600000000003,253.6,0.6303159370148039,38.580246913580254,56.790123456790134,0.617283950617284,4.012345679012346
SUB7380858,Regular User,High (R200-500),Postpaid_Premium,2.498,227.22,0.04427469657843153,18.041958041958043,33.84615384615384,30.909090909090907,17.2027972027972
SUB5773147,"Revenue Driver (High ARPU, High Data)",High (R200-500),Postpaid_Premium,5.06416,378.43,1.0597015575128328,53.5181236673774,39.658848614072504,6.396588486140725,0.42643923240938175
SUB2404355,Regular User,High (R200-500),Prepaid_Daily,2.8186,335.9,0.09551332064727847,49.2,34.4,8.799999999999999,7.6
SUB5546925,Regular User,Mid (R100-200),Prepaid_Daily,1.25845,158.27,0.14762301391143873,23.64532019704433,29.310344827586203,30.04926108374384,16.995073891625612
SUB1033734,Regular User,High (R200-500),Postpaid_Premium,2.90965,259.88,0.6120688532699967,19.389312977099237,9.923664122137406,3.969465648854962,66.7175572519084
SUB7305236,Regular User,Mid (R100-200),Prepaid_Daily,1.1976600000000002,151.35,0.27011798356949845,49.21259842519685,39.370078740157474,5.511811023622048,5.905511811023622
SUB1192458,Regular User,High (R200-500),Postpaid_Premium,3.2207,284.56,0.08874410809555755,39.250493096646935,41.814595660749504,12.031558185404338,6.90335305719921
SUB5558708,"Revenue Driver (High ARPU, High Data)",Premium (>R500),Prepaid_Daily,8.89217,895.32,0.535575261390548,46.37146371463714,50.79950799507994,0.7380073800738006,2.0910209102091017
SUB5109070,"Revenue Driver (High ARPU, High Data)",Premium (>R500),Prepaid_Monthly,8.276110000000001,600.05,1.7821176073742722,44.160942100098126,25.4170755642787,14.425907752698722,15.996074582924432
SUB2897951,"Revenue Driver (High ARPU, High Data)",Premium (>R500),Postpaid_Unlimited,8.20225,594.96,0.22395189605152854,49.60629921259843,6.299212598425196,42.069741282339706,2.02474690663667
SUB5056518,"Upsell Opportunity (Low ARPU, Low Data)",Mid-Low (R50-100),Prepaid_Daily,0.62919,86.63,0.14652496742784504,12.352941176470585,54.11764705882353,22.352941176470587,11.176470588235293
SUB6282433,"Revenue Driver (High ARPU, High Data)",Premium (>R500),Postpaid_Premium,15.337299999999999,981.45,3.2682409989813586,78.58546168958743,4.911591355599215,16.30648330058939,0.1964636542239686
SUB9261195,Regular User,Mid (R100-200),Postpaid_Basic,1.58471,186.52,0.017172436010879366,26.537216828478964,38.18770226537217,15.533980582524274,19.741100323624597
SUB1865630,Regular User,Mid (R100-200),Postpaid_Basic,1.42186,175.47,0.23881619240636098,28.34467120181406,24.943310657596374,3.8548752834467117,42.857142857142854
SUB2045716,Regular User,Mid (R100-200),Postpaid_Basic,1.21879,161.69,0.04738654999220282,13.800904977375566,61.085972850678736,23.076923076923077,2.0361990950226243
SUB9400728,"Revenue Driver (High ARPU, High Data)",High (R200-500),Postpaid_Basic,3.52175,317.95,0.21385732831048898,45.48335974643423,14.104595879556259,31.378763866877968,9.033280507131536
SUB5835451,"Upsell Opportunity (Low ARPU, Low Data)",Mid-Low (R50-100),Prepaid_Daily,0.344,54.16,0.052058571533895315,12.627986348122866,18.77133105802048,44.36860068259386,24.232081911262796
SUB8778748,Regular User,Mid (R100-200),Prepaid_Monthly,1.34382,135.63,0.2404613032020515,35.51912568306011,36.6120218579235,19.672131147540984,8.19672131147541
SUB8185300,Regular User,High (R200-500),Prepaid_Daily,2.95675,351.63,0.08021952688666589,38.277511961722496,38.277511961722496,13.636363636363635,9.808612440191387
SUB7877037,"Upsell Opportunity (Low ARPU, Low Data)",Mid-Low (R50-100),Prepaid_Daily,0.50461,72.45,0.018965109629017485,25.40983606557377,39.34426229508197,7.377049180327869,27.868852459016395
SUB8468810,"Upsell Opportunity (Low ARPU, Low Data)",Mid-Low (R50-100),Prepaid_Daily,0.6707000000000001,91.36,0.13234539368477727,51.153846153846146,32.69230769230769,4.615384615384615,11.538461538461538
SUB1960652,Regular User,Mid (R100-200),Prepaid_Monthly,1.5455699999999999,151.64,0.30799002975848766,30.42813455657492,57.03363914373089,3.0581039755351687,9.480122324159021
SUB7078159,Regular User,High (R200-500),Prepaid_Monthly,3.29278,290.28,0.8811740974188558,23.783783783783786,37.567567567567565,0.8108108108108109,37.83783783783784
SUB2490036,"Revenue Driver (High ARPU, High Data)",Premium (>R500),Postpaid_Premium,10.72238,694.86,0.9392713689967014,87.61609907120743,9.13312693498452,0.15479876160990713,3.0959752321981426
SUB9629348,Regular User,High (R200-500),Postpaid_Basic,2.34618,238.19,0.1496401384293118,17.789291882556135,49.395509499136445,26.079447322970644,6.735751295336789
SUB6000546,Regular User,Mid (R100-200),Postpaid_Basic,1.06545,151.29,0.06930724618395112,17.64705882352941,24.296675191815854,30.179028132992325,27.877237851662407
SUB8205273,"Upsell Opportunity (Low ARPU, Low Data)",Mid-Low (R50-100),Postpaid_Premium,0.69426,84.09,0.019983623473820322,15.789473684210527,33.014354066985646,28.708133971291865,22.48803827751196
SUB2327654,Regular User,Mid (R100-200),Postpaid_Basic,0.81556,134.34,0.02710217938856052,16.216216216216218,20.60810810810811,4.054054054054054,59.12162162162162
SUB9423309,"Revenue Driver (High ARPU, High Data)",Premium (>R500),Postpaid_Unlimited,26.197599999999998,1511.26,2.3840620519160503,45.897877223178426,34.42340791738382,6.597819850831899,13.08089500860585
SUB9283161,"Upsell Opportunity (Low ARPU, Low Data)",Mid-Low (R50-100),Prepaid_Daily,0.5596599999999999,78.72,0.013804326392862665,18.987341772151897,63.291139240506325,17.72151898734177,0.0
SUB2043423,"Upsell Opportunity (Low ARPU, Low Data)",Mid-Low (R50-100),Prepaid_Monthly,0.5815499999999999,75.15,0.10599454915807877,19.892473118279568,26.344086021505376,53.2258064516129,0.5376344086021505
SUB5421740,Regular User,High (R200-500),Postpaid_Premium,2.78137,249.7,0.68809821289793,38.368580060422964,43.202416918429,13.293051359516618,5.13595166163142
SUB4956778,Regular User,Mid (R100-200),Postpaid_Premium,1.19676,123.96,0.097010539115709,18.53035143769968,55.59105431309904,24.28115015974441,1.5974440894568693
SUB9918562,Regular User,Mid (R100-200),Prepaid_Monthly,1.61099,156.83,0.30322667157363936,10.776942355889723,64.91228070175438,13.032581453634084,11.278195488721805
SUB7039523,"Upsell Opportunity (Low ARPU, Low Data)",Low (<R50),Prepaid_Monthly,0.24631,48.54,0.07943660376970565,4.8,64.0,31.2,0.0
SUB2267633,Regular User,High (R200-500),Postpaid_Premium,2.19342,203.05,0.16265722368165703,13.957307060755337,42.5287356321839,17.24137931034483,26.272577996715928
SUB1651824,Regular User,Mid (R100-200),Prepaid_Daily,1.27626,160.3,0.07593843627720887,36.52694610778443,42.51497005988024,14.970059880239523,5.988023952095809
SUB4837478,"Upsell Opportunity (Low ARPU, Low Data)",Mid-Low (R50-100),Prepaid_Daily,0.3252,52.02,0.1552398434943405,5.263157894736841,78.3625730994152,15.204678362573098,1.1695906432748537
SUB7393404,Regular User,High (R200-500),Prepaid_Monthly,2.6369000000000002,238.24,0.31088704362973374,32.3943661971831,13.615023474178404,14.319248826291082,39.671361502347416
SUB2296516,"Revenue Driver (High ARPU, High Data)",Premium (>R500),Postpaid_Unlimited,14.08748,903.83,4.103883512872301,45.146726862302486,33.86004514672686,2.483069977426637,18.510158013544018
SUB1271836,Regular User,High (R200-500),Postpaid_Premium,2.9922600000000004,266.44,0.17959689167676185,34.368932038834956,43.883495145631066,21.165048543689323,0.5825242718446602
SUB4765056,Regular User,Mid (R100-200),Postpaid_Basic,1.01346,147.76,0.2399956817767197,52.450980392156865,31.372549019607842,5.392156862745098,10.784313725490197
SUB9126710,Regular User,High (R200-500),Prepaid_Daily,2.11562,255.86,0.24723360968368402,45.751633986928105,40.84967320261438,12.418300653594773,0.9803921568627453
SUB7636393,"Upsell Opportunity (Low ARPU, Low Data)",Mid-Low (R50-100),Prepaid_Monthly,0.38126,59.25,0.033495436449455795,12.318840579710145,63.043478260869556,8.695652173913041,15.942028985507244
SUB5877708,"Revenue Driver (High ARPU, High Data)",High (R200-500),Postpaid_Basic,4.81177,405.48,0.8071014382006005,43.24324324324324,14.004914004914001,8.353808353808354,34.3980343980344
SUB5354489,Regular User,High (R200-500),Postpaid_Basic,2.8521300000000003,272.52,0.1092372776032895,72.93233082706767,5.012531328320802,10.275689223057643,11.779448621553884
SUB5145466,"Upsell Opportunity (Low ARPU, Low Data)",Mid-Low (R50-100),Prepaid_Monthly,0.28497,51.61,0.07675246231263472,21.153846153846153,41.02564102564102,8.333333333333332,29.48717948717949
SUB2935090,Regular User,Mid (R100-200),Prepaid_Monthly,1.09432,115.83,0.03008213739225929,73.07692307692308,13.846153846153847,0.0,13.07692307692308
SUB4344250,Regular User,High (R200-500),Prepaid_Daily,1.95051,237.07,0.030497870354178724,62.55924170616113,25.118483412322274,5.6872037914691935,6.635071090047393
SUB8983372,Regular User,Mid (R100-200),Prepaid_Monthly,1.3406099999999999,135.38,0.009275769375564069,43.0379746835443,51.47679324894514,0.42194092827004215,5.063291139240507
SUB7494374,"Revenue Driver (High ARPU, High Data)",High (R200-500),Postpaid_Basic,4.17104,362.01,0.8024620566996425,38.97435897435898,11.282051282051283,40.34188034188034,9.401709401709404
SUB5622942,Regular User,Mid (R100-200),Postpaid_Basic,0.8773099999999999,138.53,0.29478192489378363,29.692832764505116,22.18430034129693,19.79522184300341,28.327645051194537
SUB6234748,"Upsell Opportunity (Low ARPU, Low Data)",Mid-Low (R50-100),Prepaid_Monthly,0.40962,61.5,0.01427576145735332,9.844559585492227,32.12435233160622,19.170984455958546,38.860103626943
SUB9304932,Regular User,Mid (R100-200),Prepaid_Monthly,1.24549,127.83,0.09022792180784878,24.495677233429397,9.510086455331415,15.850144092219024,50.14409221902017
SUB1950922,Regular User,High (R200-500),Postpaid_Unlimited,2.36697,216.82,0.39618411052459646,2.9411764705882355,51.74291938997821,35.729847494553375,9.586056644880173
SUB1587426,"Revenue Driver (High ARPU, High Data)",High (R200-500),Prepaid_Monthly,5.37438,399.83,0.46850989473493154,26.62162162162162,34.59459459459459,7.027027027027027,31.756756756756754
SUB9533879,Regular User,Mid (R100-200),Prepaid_Monthly,1.27053,129.82,0.17337757978286872,26.501766784452297,35.3356890459364,9.893992932862192,28.26855123674912
SUB4205228,Regular User,High (R200-500),Prepaid_Monthly,2.90476,259.49,0.07716895543454472,54.61956521739131,28.53260869565218,9.510869565217392,7.336956521739131
SUB1812461,Regular User,High (R200-500),Prepaid_Monthly,3.36618,296.11,0.9354353593926357,17.512690355329948,36.04060913705583,15.228426395939085,31.218274111675125
SUB1404470,"Upsell Opportunity (Low ARPU, Low Data)",Low (<R50),Prepaid_Daily,0.30742,50.0,0.07781620404832035,3.9735099337748347,65.56291390728477,15.2317880794702,15.2317880794702
SUB5360866,"Revenue Driver (High ARPU, High Data)",Premium (>R500),Postpaid_Premium,9.54701,687.74,1.5801102028940868,15.75061525840853,29.69647251845775,5.332239540607055,49.220672682526654
SUB7353385,"Revenue Driver (High ARPU, High Data)",Premium (>R500),Postpaid_Premium,9.80976,705.87,3.299371732631215,56.21925509486999,32.677442023893185,9.908643710470836,1.1946591707659875
SUB2825260,"Upsell Opportunity (Low ARPU, Low Data)",Low (<R50),Prepaid_Daily,0.16707,34.02,0.03569274453968699,47.05882352941176,32.35294117647059,14.705882352941178,5.88235294117647
SUB8313184,"Upsell Opportunity (Low ARPU, Low Data)",Mid-Low (R50-100),Prepaid_Monthly,0.47476999999999997,66.67,0.139682147764926,46.728971962616825,25.233644859813086,11.214953271028035,16.822429906542055
SUB3357821,Regular User,Mid (R100-200),Prepaid_Monthly,1.9620199999999999,184.69,0.17041883267385183,72.45762711864407,18.43220338983051,0.211864406779661,8.898305084745763
SUB7906571,"Upsell Opportunity (Low ARPU, Low Data)",Mid (R100-200),Postpaid_Basic,0.5474199999999999,116.14,0.09164930332205079,42.735042735042725,26.49572649572649,5.982905982905982,24.78632478632478
SUB2908911,Regular User,High (R200-500),Prepaid_Daily,1.7095,209.63,0.09596417027027071,23.70820668693009,48.93617021276596,11.854103343465045,15.501519756838904
SUB4710879,Regular User,Mid (R100-200),Prepaid_Monthly,1.20489,124.61,0.07702651505726044,36.774193548387096,36.774193548387096,14.193548387096778,12.258064516129034
SUB5959691,Regular User,Mid (R100-200),Prepaid_Daily,1.09555,139.73,0.19784159925596034,18.81188118811881,66.93069306930694,5.742574257425742,8.514851485148515
SUB6534448,"Upsell Opportunity (Low ARPU, Low Data)",Low (<R50),Prepaid_Daily,0.1864,36.22,0.05229196776563341,2.8846153846153846,21.153846153846153,8.653846153846153,67.3076923076923
SUB3952718,Regular User,Mid (R100-200),Postpaid_Unlimited,1.2464000000000002,127.9,0.4755067260792958,4.532577903682719,60.19830028328611,22.521246458923514,12.747875354107649
SUB8017191,Regular User,Mid (R100-200),Postpaid_Unlimited,1.64928,159.87,0.23165909587112576,3.10077519379845,48.062015503875976,39.53488372093024,9.30232558139535
SUB5736605,"Upsell Opportunity (Low ARPU, Low Data)",Low (<R50),Prepaid_Monthly,0.21468,46.03,0.10518553356232707,43.52941176470588,20.0,12.941176470588234,23.52941176470588
SUB1519165,Regular User,Mid (R100-200),Prepaid_Monthly,1.61888,157.46,0.3143485501505634,55.92417061611374,38.388625592417064,5.213270142180095,0.47393364928909953
SUB6423666,Regular User,Mid (R100-200),Postpaid_Unlimited,1.44141,143.38,0.5472465273609732,45.222929936305725,47.77070063694268,1.2738853503184713,5.732484076433121
SUB8662208,"Revenue Driver (High ARPU, High Data)",Premium (>R500),Postpaid_Premium,8.55534,619.32,0.9816556886458514,37.52093802345058,56.44891122278056,2.5125628140703515,3.5175879396984917
SUB5777421,Regular User,Mid (R100-200),Postpaid_Unlimited,1.58989,155.16,0.11430131992714765,48.50299401197605,10.778443113772456,37.125748502994014,3.592814371257485
SUB8840130,"Revenue Driver (High ARPU, High Data)",High (R200-500),Postpaid_Unlimited,3.5197399999999996,308.29,0.6017096080465238,21.696035242290748,66.07929515418502,7.929515418502202,4.295154185022026
SUB1663431,Regular User,Mid (R100-200),Postpaid_Unlimited,1.4308299999999998,142.54,0.19975554813039365,7.984790874524715,72.24334600760456,13.307984790874524,6.463878326996199
SUB5900318,Regular User,Mid (R100-200),Postpaid_Basic,1.2493699999999999,163.77,0.18240675713829324,20.422535211267608,31.690140845070424,44.71830985915493,3.169014084507042
SUB5371047,"Revenue Driver (High ARPU, High Data)",Premium (>R500),Postpaid_Premium,7.74069,563.11,0.7255701404794239,60.122699386503065,19.754601226993866,0.98159509202454,19.141104294478527
SUB5216794,"Revenue Driver (High ARPU, High Data)",High (R200-500),Postpaid_Basic,6.8103299999999996,480.81,3.978736837876931,52.42634315424609,37.088388214904676,0.43327556325823224,10.051993067590987
SUB8064400,"Upsell Opportunity (Low ARPU, Low Data)",Low (<R50),Prepaid_Monthly,0.19409,44.4,0.1426485590045954,28.205128205128204,21.794871794871796,8.974358974358974,41.02564102564102
SUB9882600,"Upsell Opportunity (Low ARPU, Low Data)",Mid-Low (R50-100),Postpaid_Unlimited,0.76755,89.91,0.027862888803720787,19.12568306010929,52.45901639344262,9.836065573770492,18.579234972677597
SUB2390598,"Revenue Driver (High ARPU, High Data)",Premium (>R500),Postpaid_Premium,9.34284,673.66,3.4522861286240474,29.286926994906626,50.93378607809848,17.062818336162987,2.716468590831919
SUB4554382,Regular User,Mid (R100-200),Postpaid_Basic,1.7648,198.74,0.15505319595153755,8.214285714285715,75.89285714285715,6.25,9.642857142857144
SUB6363240,Regular User,Mid (R100-200),Postpaid_Basic,1.0833599999999999,152.51,0.19375843087074007,66.7785234899329,21.4765100671141,11.409395973154366,0.3355704697986578
SUB4703713,Regular User,High (R200-500),Postpaid_Basic,3.0085100000000002,283.13,0.08608462209768941,42.8099173553719,23.471074380165287,16.528925619834713,17.1900826446281
SUB1636431,Regular User,Mid (R100-200),Prepaid_Monthly,1.75129,167.96,0.32447734790996297,22.888283378746593,3.2697547683923704,28.882833787465945,44.95912806539509
SUB1130878,"Upsell Opportunity (Low ARPU, Low Data)",Mid-Low (R50-100),Prepaid_Daily,0.64543,88.48,0.08613150719272789,36.44859813084112,43.92523364485981,0.9345794392523363,18.69158878504673
SUB7088960,"Upsell Opportunity (Low ARPU, Low Data)",Mid-Low (R50-100),Postpaid_Premium,0.8632799999999999,97.5,0.16470170043205512,18.42105263157895,43.42105263157895,5.921052631578947,32.23684210526316
SUB5017763,"Revenue Driver (High ARPU, High Data)",High (R200-500),Prepaid_Monthly,6.69763,491.14,0.22369151682115263,37.40359897172237,14.781491002570693,42.80205655526992,5.012853470437018
SUB9389012,Regular User,Mid (R100-200),Postpaid_Premium,1.91008,180.56,0.6493868412573207,43.567251461988306,22.80701754385965,17.83625730994152,15.789473684210527
SUB5318420,"Upsell Opportunity (Low ARPU, Low Data)",Mid-Low (R50-100),Prepaid_Monthly,0.4112,61.63,0.16925293132476615,64.47368421052632,18.42105263157895,0.0,17.105263157894736
SUB1053010,Regular User,Mid (R100-200),Postpaid_Unlimited,1.02966,110.7,0.53961229452208,48.8235294117647,34.11764705882353,15.882352941176473,1.1764705882352942
SUB8551989,"Upsell Opportunity (Low ARPU, Low Data)",Mid (R100-200),Postpaid_Basic,0.52686,114.75,0.06678304704799709,17.613636363636363,48.29545454545454,7.386363636363637,26.704545454545453
SUB2169070,"Upsell Opportunity (Low ARPU, Low Data)",Mid-Low (R50-100),Prepaid_Daily,0.43385,64.39,0.3080182164869752,53.260869565217384,30.434782608695656,11.41304347826087,4.891304347826086
SUB2004646,Regular User,High (R200-500),Prepaid_Monthly,3.3436500000000002,294.32,0.3843541725790742,76.07526881720432,21.7741935483871,0.8064516129032258,1.3440860215053765
SUB4858884,"Upsell Opportunity (Low ARPU, Low Data)",Mid (R100-200),Postpaid_Premium,0.9704400000000001,106.0,0.04944573053112211,8.496732026143793,59.80392156862746,17.97385620915033,13.725490196078432
SUB3650432,Regular User,High (R200-500),Prepaid_Monthly,3.41274,299.8,0.3692034753447597,44.50704225352113,18.87323943661972,15.774647887323944,20.845070422535212
SUB4861774,"Revenue Driver (High ARPU, High Data)",High (R200-500),Postpaid_Unlimited,5.88516,435.08,0.16117896367684814,39.77011494252874,55.172413793103445,1.9540229885057474,3.1034482758620694
SUB7194224,"Revenue Driver (High ARPU, High Data)",Premium (>R500),Postpaid_Unlimited,8.77027,634.15,0.7058695232074772,60.0,22.45614035087719,2.456140350877193,15.087719298245613
SUB8017955,Regular User,Mid (R100-200),Postpaid_Basic,0.88163,138.82,0.16246824685135108,22.17898832684825,23.346303501945524,53.69649805447471,0.7782101167315176
SUB9173192,"Revenue Driver (High ARPU, High Data)",High (R200-500),Postpaid_Unlimited,3.6230700000000002,316.49,0.312278452679283,31.147540983606554,60.35767511177347,7.89865871833085,0.5961251862891207
SUB9102873,"Upsell Opportunity (Low ARPU, Low Data)",Mid-Low (R50-100),Prepaid_Monthly,0.81165,93.4,0.2715127176241958,38.604651162790695,23.25581395348837,21.395348837209305,16.74418604651163
SUB3444026,Regular User,High (R200-500),Postpaid_Premium,2.6088400000000003,236.01,0.2743180983819222,41.55844155844156,37.4025974025974,5.194805194805195,15.844155844155845
SUB3118736,Regular User,High (R200-500),Postpaid_Basic,2.1267600000000004,223.3,0.30298198222125583,35.26570048309179,27.294685990338163,32.60869565217392,4.830917874396136
SUB9242680,Regular User,Mid (R100-200),Prepaid_Monthly,1.1604400000000001,121.08,0.45857594024572523,15.789473684210527,46.00389863547758,3.3138401559454196,34.892787524366476
SUB6800629,"Upsell Opportunity (Low ARPU, Low Data)",Low (<R50),Prepaid_Monthly,0.14528,40.53,0.016909861487305,36.0,56.00000000000001,8.0,0.0
SUB5125339,"Upsell Opportunity (Low ARPU, Low Data)",Mid-Low (R50-100),Prepaid_Monthly,0.69349,84.03,0.11734160547529682,46.59498207885305,9.31899641577061,15.770609318996415,28.31541218637993
SUB9910005,Regular User,High (R200-500),Prepaid_Daily,2.95368,351.28,0.43038482595080296,42.63803680981595,13.496932515337424,30.368098159509206,13.496932515337424
SUB6697478,"Revenue Driver (High ARPU, High Data)",High (R200-500),Prepaid_Monthly,6.012239999999999,443.84,0.08354109797083087,72.93447293447292,17.663817663817664,6.267806267806267,3.1339031339031336
SUB4198156,Regular User,High (R200-500),Prepaid_Daily,2.70295,322.73,0.19516251073639435,57.32647814910025,14.138817480719792,26.478149100257063,2.056555269922879
SUB3288627,"Revenue Driver (High ARPU, High Data)",High (R200-500),Prepaid_Daily,3.7918499999999997,446.7,0.485397192780856,16.365824308062578,31.046931407942235,48.13477737665463,4.452466907340553
SUB7227740,Regular User,High (R200-500),Postpaid_Premium,3.35738,295.41,0.804296114844159,47.46835443037974,23.417721518987335,7.594936708860758,21.51898734177215
SUB1424528,"Upsell Opportunity (Low ARPU, Low Data)",Mid-Low (R50-100),Prepaid_Monthly,0.36584,58.03,0.10655528831260075,25.563909774436087,48.87218045112782,19.172932330827066,6.390977443609022
SUB7508676,Regular User,High (R200-500),Prepaid_Daily,1.78838,218.61,0.1208975214460466,27.004219409282697,63.291139240506325,2.5316455696202533,7.172995780590717
SUB1747419,Regular User,Mid (R100-200),Prepaid_Monthly,1.19227,123.61,0.07521494388487437,49.17127071823204,43.646408839779,5.524861878453039,1.6574585635359111
SUB3869760,Regular User,Mid (R100-200),Postpaid_Basic,0.64623,122.85,0.06055333344733205,54.022988505747115,18.390804597701145,4.597701149425286,22.988505747126435
SUB1285711,Regular User,Mid (R100-200),Prepaid_Monthly,1.30503,132.55,0.0948663126512439,5.305039787798408,66.04774535809018,7.427055702917771,21.22015915119363
SUB8360983,"Upsell Opportunity (Low ARPU, Low Data)",Mid (R100-200),Postpaid_Basic,0.5777599999999999,118.2,0.05231155886300498,19.444444444444446,72.91666666666666,0.6944444444444444,6.944444444444444
SUB3189568,Regular User,High (R200-500),Postpaid_Premium,3.31498,292.04,0.37101913853867385,61.9047619047619,23.809523809523807,7.48299319727891,6.802721088435374
SUB9670178,"Upsell Opportunity (Low ARPU, Low Data)",Mid-Low (R50-100),Prepaid_Daily,0.47361000000000003,68.92,0.01966440633087463,57.14285714285715,31.428571428571434,10.000000000000002,1.4285714285714286
SUB6122969,"Upsell Opportunity (Low ARPU, Low Data)",Mid-Low (R50-100),Prepaid_Monthly,0.87695,98.59,0.12562722265000847,65.85365853658537,18.699186991869922,5.691056910569106,9.75609756097561
SUB6448608,Regular User,Mid (R100-200),Postpaid_Premium,1.0570599999999999,112.88,0.11625267185158972,25.35885167464115,56.9377990430622,17.22488038277512,0.47846889952153115
SUB7625169,"Upsell Opportunity (Low ARPU, Low Data)",Mid-Low (R50-100),Prepaid_Monthly,0.29669999999999996,52.54,0.04407172279672744,10.909090909090907,64.54545454545453,3.6363636363636362,20.909090909090907
SUB4581877,Regular User,Mid (R100-200),Prepaid_Daily,1.35985,169.82,0.11162756078299041,83.43558282208589,11.65644171779141,1.840490797546012,3.067484662576687
SUB9336484,Regular User,High (R200-500),Postpaid_Basic,3.10834,289.9,0.38166158380271,60.14492753623188,25.36231884057971,12.318840579710146,2.1739130434782608
SUB3078808,Regular User,Mid (R100-200),Prepaid_Monthly,1.03725,111.31,0.18847608320335596,76.39484978540773,12.875536480686694,9.871244635193133,0.8583690987124464
SUB8347689,"Revenue Driver (High ARPU, High Data)",Premium (>R500),Prepaid_Daily,7.8558699999999995,792.73,0.5685969329939526,54.855195911413965,31.51618398637138,2.2146507666098807,11.41396933560477
SUB2355097,"Revenue Driver (High ARPU, High Data)",High (R200-500),Prepaid_Monthly,4.70259,402.15,0.021734507662524827,48.30508474576271,50.72639225181599,0.6053268765133173,0.36319612590799033
SUB9312934,Regular User,Mid (R100-200),Prepaid_Monthly,1.47425,145.98,0.19618790566568478,34.69387755102041,8.503401360544217,6.462585034013606,50.34013605442177
SUB2553416,"Upsell Opportunity (Low ARPU, Low Data)",Mid-Low (R50-100),Postpaid_Unlimited,0.5544600000000001,79.0,0.10848392874514734,28.855721393034827,11.442786069651744,2.487562189054727,57.213930348258714
SUB5317048,"Revenue Driver (High ARPU, High Data)",Premium (>R500),Postpaid_Premium,13.56472,871.37,0.6899041203175873,74.76635514018693,23.457943925233646,0.6542056074766356,1.1214953271028039
SUB7507552,Regular User,Mid (R100-200),Postpaid_Premium,1.5788900000000001,154.28,0.21300273335201458,49.79919678714859,48.594377510040154,0.2008032128514056,1.4056224899598393
SUB1042137,Regular User,Mid (R100-200),Prepaid_Monthly,2.01566,188.94,0.0023188138093628297,51.298701298701296,27.92207792207792,20.77922077922078,0.0
SUB7307365,"Upsell Opportunity (Low ARPU, Low Data)",Mid-Low (R50-100),Prepaid_Monthly,0.52327,70.52,0.2022958359262551,24.600638977635782,31.309904153354633,12.460063897763579,31.629392971246006
SUB6215622,Regular User,High (R200-500),Postpaid_Premium,3.45164,302.89,0.006810668194952463,19.81351981351981,62.004662004662,4.895104895104895,13.286713286713287
SUB8975343,Regular User,High (R200-500),Prepaid_Daily,2.82038,336.1,0.055665918819899574,17.38122827346466,69.52491309385864,5.909617612977985,7.184241019698725
SUB3164563,"Upsell Opportunity (Low ARPU, Low Data)",Low (<R50),Prepaid_Daily,0.07119,29.0,0.07919230892364365,21.73913043478261,21.73913043478261,17.391304347826086,39.13043478260869
SUB9043846,Regular User,High (R200-500),Prepaid_Monthly,2.42401,221.35,0.3608211346120429,59.04761904761905,22.142857142857142,4.523809523809524,14.285714285714285
SUB3500120,Regular User,Mid (R100-200),Prepaid_Daily,1.31165,164.33,0.036702019769045746,39.83739837398374,31.70731707317073,8.94308943089431,19.51219512195122
SUB3522620,"Revenue Driver (High ARPU, High Data)",High (R200-500),Postpaid_Basic,5.739199999999999,417.61,0.752966437699297,61.134903640256944,26.766595289079227,6.102783725910062,5.995717344753746
SUB6262696,"Revenue Driver (High ARPU, High Data)",High (R200-500),Postpaid_Premium,4.16709,359.66,1.1118608639856715,46.91176470588235,30.0,10.88235294117647,12.205882352941174
SUB9486014,Regular User,High (R200-500),Postpaid_Premium,2.4585700000000004,224.09,0.8201688400390581,52.63157894736842,38.684210526315795,1.0526315789473686,7.631578947368421
SUB6351826,"Upsell Opportunity (Low ARPU, Low Data)",Mid-Low (R50-100),Prepaid_Monthly,0.5179199999999999,70.1,0.06253293132476623,58.22784810126582,12.658227848101266,11.39240506329114,17.72151898734177
SUB6134544,"Upsell Opportunity (Low ARPU, Low Data)",Mid-Low (R50-100),Postpaid_Unlimited,0.46518,79.0,0.13127777062995533,1.9444444444444449,62.77777777777778,4.4444444444444455,30.83333333333334
SUB9547900,"Revenue Driver (High ARPU, High Data)",Premium (>R500),Prepaid_Daily,5.722390000000001,581.52,0.12390302027422351,46.358543417366946,50.42016806722689,2.1008403361344534,1.1204481792717087
SUB1689925,"Upsell Opportunity (Low ARPU, Low Data)",Mid (R100-200),Postpaid_Unlimited,0.9590700000000001,105.1,0.11613340676279593,26.446280991735538,49.586776859504134,19.00826446280992,4.958677685950414
SUB7911957,Regular User,High (R200-500),Prepaid_Daily,2.38336,286.35,0.09744957807454657,59.00621118012421,24.84472049689441,15.527950310559005,0.6211180124223602
SUB6408520,"Upsell Opportunity (Low ARPU, Low Data)",Mid-Low (R50-100),Prepaid_Monthly,0.679,82.88,0.11464800322403823,28.57142857142857,41.75824175824175,21.978021978021975,7.692307692307692
SUB5301400,Regular User,Mid (R100-200),Prepaid_Monthly,1.18513,123.04,0.11245289068839459,70.68965517241378,21.26436781609195,5.1724137931034475,2.8735632183908044
SUB2207739,"Upsell Opportunity (Low ARPU, Low Data)",Mid-Low (R50-100),Postpaid_Unlimited,0.29254,79.0,0.03909117778877008,5.7591623036649215,70.15706806282722,6.806282722513089,17.277486910994764
SUB5754895,"Revenue Driver (High ARPU, High Data)",Premium (>R500),Prepaid_Daily,4.77109,558.19,0.4596168616600176,78.73070325900514,5.317324185248713,13.379073756432247,2.572898799313893
SUB1786667,Regular User,High (R200-500),Prepaid_Daily,3.18808,377.96,0.22095891455140615,58.63636363636363,22.499999999999996,14.09090909090909,4.7727272727272725
SUB7790593,"Upsell Opportunity (Low ARPU, Low Data)",Mid-Low (R50-100),Postpaid_Basic,0.12583,87.54,0.03103614364724644,6.862745098039218,80.39215686274511,9.803921568627453,2.941176470588236
SUB3214669,Regular User,High (R200-500),Postpaid_Basic,3.04528,285.62,0.377598919839528,27.459016393442624,53.68852459016394,3.278688524590164,15.573770491803279
SUB4010129,Regular User,Mid (R100-200),Postpaid_Basic,0.83514,135.66,0.33689465310440014,27.564102564102562,18.91025641025641,15.384615384615383,38.141025641025635
SUB4871018,Regular User,Mid (R100-200),Postpaid_Premium,1.7849000000000002,170.63,0.2540914294306733,8.530805687203792,86.25592417061613,4.028436018957347,1.1848341232227488
SUB3179441,"Revenue Driver (High ARPU, High Data)",High (R200-500),Postpaid_Premium,4.53587,388.92,0.4050699001288214,11.5702479338843,61.98347107438017,16.01239669421488,10.433884297520661
SUB3593050,Regular User,High (R200-500),Prepaid_Daily,2.42681,291.29,0.15040572440940858,54.21245421245422,19.413919413919416,16.11721611721612,10.256410256410259
SUB3587551,Regular User,High (R200-500),Postpaid_Basic,2.0813,220.22,0.34468760365970885,43.86792452830189,34.90566037735849,15.09433962264151,6.132075471698113
SUB3635122,Regular User,Mid (R100-200),Postpaid_Premium,1.17921,122.57,0.3049896437884294,0.35252643948296125,16.45123384253819,31.609870740305524,51.586368977673324
SUB1986275,"Revenue Driver (High ARPU, High Data)",Premium (>R500),Postpaid_Unlimited,21.84204,1264.82,4.214770108074461,59.62264150943396,24.37735849056604,4.377358490566038,11.622641509433961
SUB2149707,"Revenue Driver (High ARPU, High Data)",High (R200-500),Prepaid_Monthly,3.7211399999999997,324.27,0.5252055107972411,37.48308525033829,32.47631935047361,26.38700947225981,3.6535859269282813
SUB5871482,"Revenue Driver (High ARPU, High Data)",High (R200-500),Postpaid_Premium,4.64612,397.67,0.2897674243530499,32.19094247246022,17.01346389228886,41.98286413708691,8.812729498164014
SUB3152304,"Upsell Opportunity (Low ARPU, Low Data)",Low (<R50),Prepaid_Daily,0.06720000000000001,29.0,0.0143234943788191,62.96296296296296,7.4074074074074066,11.11111111111111,18.51851851851852
SUB4755490,Regular User,High (R200-500),Postpaid_Premium,2.4820300000000004,225.95,0.3501691228039929,17.032967032967033,57.417582417582416,23.35164835164835,2.1978021978021975
SUB3085469,Regular User,High (R200-500),Postpaid_Premium,2.32788,213.72,0.13130918884618747,20.02967359050445,22.551928783382788,38.724035608308604,18.694362017804153
SUB1464071,"Revenue Driver (High ARPU, High Data)",Premium (>R500),Postpaid_Unlimited,9.36752,675.36,1.689879792717199,29.284750337381915,43.7246963562753,8.232118758434549,18.75843454790823
SUB7545535,"Revenue Driver (High ARPU, High Data)",Premium (>R500),Prepaid_Monthly,14.49485,929.13,0.4343651850676604,62.78625954198475,30.343511450381683,5.820610687022901,1.0496183206106873
SUB9118612,"Revenue Driver (High ARPU, High Data)",High (R200-500),Postpaid_Premium,6.8101400000000005,498.9,1.775449348037835,30.134529147982065,16.41255605381166,3.856502242152467,49.59641255605382
SUB1468298,"Revenue Driver (High ARPU, High Data)",High (R200-500),Prepaid_Monthly,3.7319,325.13,0.08569415203892161,25.071225071225072,46.72364672364672,25.783475783475783,2.421652421652422
SUB4948401,"Revenue Driver (High ARPU, High Data)",High (R200-500),Postpaid_Unlimited,4.146979999999999,358.06,0.7150215741537203,35.024154589371975,32.125603864734295,14.975845410628017,17.874396135265698
SUB4146243,Regular User,Mid (R100-200),Prepaid_Daily,0.96023,124.32,0.09033404944210788,12.258064516129032,83.22580645161291,2.5806451612903225,1.9354838709677418
SUB7654754,Regular User,High (R200-500),Postpaid_Unlimited,3.0581,271.66,0.7546577634629905,29.515418502202646,50.22026431718061,17.841409691629956,2.4229074889867843
SUB6032403,Regular User,High (R200-500),Prepaid_Monthly,2.2625,208.53,0.5305357908541506,40.307692307692314,18.76923076923077,40.61538461538462,0.3076923076923077
SUB5021080,"Upsell Opportunity (Low ARPU, Low Data)",Mid-Low (R50-100),Prepaid_Monthly,0.4485,64.59,0.02475661779716043,13.600000000000001,64.0,0.8,21.6
SUB7569632,Regular User,High (R200-500),Postpaid_Unlimited,2.99194,266.41,0.27735144089036634,55.23809523809524,8.095238095238097,17.619047619047624,19.04761904761905
SUB9654406,"Upsell Opportunity (Low ARPU, Low Data)",Mid-Low (R50-100),Postpaid_Basic,0.20505,92.91,0.0022872554603130257,37.20930232558139,39.53488372093023,23.25581395348837,0.0
SUB3363999,Regular User,Mid (R100-200),Prepaid_Daily,0.9914,127.87,0.12093029830957869,89.91596638655462,2.5210084033613445,3.361344537815126,4.201680672268907
SUB3496081,"Revenue Driver (High ARPU, High Data)",Premium (>R500),Prepaid_Daily,10.674790000000002,966.12,1.4535567578630424,69.62576153176676,20.10443864229765,5.918189730200175,4.351610095735422
SUB2414466,"Upsell Opportunity (Low ARPU, Low Data)",Mid-Low (R50-100),Postpaid_Premium,0.77119,90.19,0.09732743841167313,2.5641025641025643,58.97435897435898,33.048433048433054,5.413105413105415
SUB6362695,"Upsell Opportunity (Low ARPU, Low Data)",Low (<R50),Prepaid_Daily,0.14118,31.07,0.009202308923643654,8.823529411764705,47.05882352941176,2.941176470588235,41.1764705882353
SUB5491260,Regular User,Mid (R100-200),Postpaid_Basic,0.70151,126.6,0.03700353022678571,5.46448087431694,40.98360655737705,13.661202185792348,39.89071038251366
SUB7087494,"Upsell Opportunity (Low ARPU, Low Data)",Mid (R100-200),Prepaid_Monthly,0.96329,105.44,0.2022410269929351,65.46762589928056,23.741007194244602,7.194244604316546,3.597122302158273
SUB6595108,"Upsell Opportunity (Low ARPU, Low Data)",Mid-Low (R50-100),Prepaid_Monthly,0.31043,53.63,0.053496717232732804,13.26530612244898,67.85714285714286,17.857142857142858,1.0204081632653061
SUB8265795,"Revenue Driver (High ARPU, High Data)",Premium (>R500),Postpaid_Premium,7.5461,549.68,1.574111002519099,27.26304579339723,17.4653887113951,42.2790202342918,12.992545260915866
SUB2838346,"Revenue Driver (High ARPU, High Data)",Premium (>R500),Postpaid_Premium,30.31004,1597.54,5.769389390768474,55.19044062733383,12.39731142643764,3.4353995519044065,28.976848394324122
SUB4079676,"Revenue Driver (High ARPU, High Data)",High (R200-500),Prepaid_Monthly,3.5936399999999997,314.16,0.3664484364359759,39.48863636363636,34.090909090909086,4.119318181818182,22.301136363636363
SUB6860616,Regular User,Mid (R100-200),Postpaid_Unlimited,0.9881,107.41,0.06574681026095497,41.15755627009647,36.33440514469453,9.646302250803858,12.861736334405146
SUB1945424,"Revenue Driver (High ARPU, High Data)",High (R200-500),Postpaid_Unlimited,3.83528,333.33,0.1797435062893351,23.456790123456788,43.209876543209866,18.2716049382716,15.061728395061724
SUB1996161,Regular User,Mid (R100-200),Prepaid_Daily,1.4041199999999998,174.86,0.04102825054909531,63.589743589743584,27.692307692307693,0.0,8.717948717948719
SUB4472696,Regular User,Mid (R100-200),Prepaid_Monthly,1.23428,126.94,0.2867682418553261,21.498371335504885,27.687296416938107,29.967426710097715,20.846905537459282
SUB8849453,"Revenue Driver (High ARPU, High Data)",High (R200-500),Postpaid_Premium,6.5857600000000005,483.42,0.08799222801816686,31.46747352496218,26.021180030257185,34.341906202723145,8.169440242057489
SUB4293331,Regular User,High (R200-500),Postpaid_Basic,2.84642,272.13,0.11793175762236485,73.6413043478261,14.673913043478262,7.608695652173914,4.076086956521738
SUB6333152,Regular User,High (R200-500),Postpaid_Premium,2.48163,225.92,0.3569898738979136,6.064356435643564,74.25742574257426,16.955445544554458,2.722772277227723
SUB6853584,"Revenue Driver (High ARPU, High Data)",Premium (>R500),Postpaid_Premium,10.50052,681.08,2.4255210926033097,82.64462809917356,13.842975206611571,0.9297520661157025,2.5826446280991737
SUB9111184,"Revenue Driver (High ARPU, High Data)",Premium (>R500),Postpaid_Unlimited,10.21784,663.53,0.40119793433328077,42.50168123739073,39.81170141223941,0.2689979825151312,17.41761936785474
SUB1723809,"Upsell Opportunity (Low ARPU, Low Data)",Low (<R50),Prepaid_Monthly,0.13172999999999999,39.45,0.018652308923643668,6.779661016949152,20.33898305084746,50.847457627118644,22.033898305084747
SUB9339150,"Revenue Driver (High ARPU, High Data)",Premium (>R500),Prepaid_Daily,5.829470000000001,592.12,0.3272581683818476,67.31301939058172,23.545706371191137,8.310249307479225,0.8310249307479225
SUB3299435,"Upsell Opportunity (Low ARPU, Low Data)",Mid-Low (R50-100),Prepaid_Monthly,0.30767,53.41,0.012624307604183982,32.3943661971831,36.61971830985916,16.901408450704224,14.084507042253522
SUB7901013,"Upsell Opportunity (Low ARPU, Low Data)",Mid-Low (R50-100),Postpaid_Premium,0.26319,79.0,0.04688984574452815,28.431372549019606,44.11764705882353,13.725490196078432,13.725490196078432
SUB7241602,"Revenue Driver (High ARPU, High Data)",High (R200-500),Postpaid_Basic,3.88422,342.54,0.3588798105814712,80.88531187122736,17.303822937625753,1.8108651911468814,0.0
SUB8855506,"Upsell Opportunity (Low ARPU, Low Data)",Mid (R100-200),Prepaid_Daily,0.85317,112.13,0.27123213739225926,59.87261146496815,3.184713375796179,22.29299363057325,14.649681528662423
SUB5854487,"Upsell Opportunity (Low ARPU, Low Data)",Mid-Low (R50-100),Prepaid_Daily,0.60127,83.45,0.0130661860965261,31.4516129032258,60.48387096774193,6.451612903225805,1.6129032258064513
SUB6521452,"Upsell Opportunity (Low ARPU, Low Data)",Low (<R50),Prepaid_Monthly,0.06941,34.51,0.0787963282591348,12.5,68.75,12.5,6.25
SUB9887324,"Revenue Driver (High ARPU, High Data)",Premium (>R500),Prepaid_Daily,4.514069999999999,528.93,0.5706551542392617,25.04378283712785,35.026269702276714,7.005253940455343,32.92469352014011
SUB6925803,"Revenue Driver (High ARPU, High Data)",Premium (>R500),Postpaid_Premium,9.20242,663.97,2.5843432499837675,76.5108323831243,2.280501710376283,17.55986316989738,3.6488027366020526
SUB8249127,Regular User,High (R200-500),Prepaid_Daily,1.67067,205.21,0.1950971028113626,23.60515021459228,40.7725321888412,11.587982832618026,24.0343347639485
SUB2255959,"Revenue Driver (High ARPU, High Data)",Premium (>R500),Postpaid_Unlimited,11.52561,744.74,1.174822343110451,37.29257641921397,52.40174672489083,8.820960698689957,1.4847161572052403
SUB9694353,Regular User,Mid (R100-200),Postpaid_Basic,1.25311,164.02,0.29343118311597505,23.83292383292383,11.793611793611793,0.9828009828009828,63.39066339066339
SUB1047367,"Revenue Driver (High ARPU, High Data)",Premium (>R500),Postpaid_Basic,7.748819999999999,536.18,0.7918154292271087,62.314939434724096,22.072678331090177,11.305518169582772,4.306864064602961
SUB3567587,Regular User,High (R200-500),Prepaid_Daily,1.65686,203.63,0.07973740087603387,27.272727272727277,51.81818181818182,5.227272727272728,15.681818181818183
SUB4772217,"Upsell Opportunity (Low ARPU, Low Data)",Mid-Low (R50-100),Postpaid_Premium,0.45217,79.0,0.12160917497836315,41.60583941605839,30.65693430656934,26.277372262773717,1.4598540145985401
SUB2707923,"Revenue Driver (High ARPU, High Data)",Premium (>R500),Postpaid_Unlimited,9.37953,676.19,0.34748454149143093,61.46572104018912,9.929078014184396,0.0,28.605200945626475
SUB1211830,Regular User,Mid (R100-200),Postpaid_Premium,1.28158,130.69,0.028130678111264018,22.10884353741497,31.292517006802722,12.585034013605442,34.01360544217687
SUB6462610,"Upsell Opportunity (Low ARPU, Low Data)",Mid-Low (R50-100),Postpaid_Unlimited,0.68235,83.14,0.056072842665931044,19.851116625310176,39.2059553349876,34.24317617866005,6.699751861042186
SUB4961676,"Revenue Driver (High ARPU, High Data)",Premium (>R500),Postpaid_Unlimited,16.97914,1083.4,0.11273971117913817,34.13838120104438,39.164490861618795,7.310704960835508,19.386422976501304
SUB4457521,"Upsell Opportunity (Low ARPU, Low Data)",Mid (R100-200),Prepaid_Monthly,0.9119700000000001,101.36,0.04207404944210791,9.595959595959595,55.55555555555556,32.32323232323232,2.525252525252525
SUB8506161,"Revenue Driver (High ARPU, High Data)",Premium (>R500),Postpaid_Unlimited,10.5933,686.84,1.5347286648233673,78.82483370288249,12.86031042128603,1.8847006651884701,6.430155210643015
SUB9593059,"Revenue Driver (High ARPU, High Data)",Premium (>R500),Postpaid_Premium,15.1319,968.69,3.5778988946171157,82.21993833504625,5.241521068859198,10.688591983556012,1.8499486125385407
SUB4788963,Regular User,Mid (R100-200),Prepaid_Monthly,1.03319,110.98,0.02538993733960382,17.48633879781421,33.60655737704918,3.2786885245901636,45.62841530054644
SUB4879928,"Revenue Driver (High ARPU, High Data)",High (R200-500),Postpaid_Unlimited,4.315,371.4,0.6093655893343972,58.311345646437985,19.525065963060683,4.749340369393138,17.41424802110818
SUB4301106,"Upsell Opportunity (Low ARPU, Low Data)",Mid-Low (R50-100),Prepaid_Monthly,0.39642,60.46,0.16380285305371,14.893617021276597,60.63829787234042,15.957446808510639,8.510638297872342
SUB8527872,Regular User,Mid (R100-200),Prepaid_Monthly,1.96306,184.77,0.07921451917865308,32.683982683982684,42.64069264069264,21.428571428571427,3.2467532467532463
SUB4405914,"Revenue Driver (High ARPU, High Data)",Premium (>R500),Postpaid_Premium,8.34588,604.87,0.9972669442952036,37.27984344422701,44.618395303326814,6.75146771037182,11.350293542074365
SUB9158470,Regular User,Mid (R100-200),Postpaid_Basic,0.6379199999999999,122.28,0.03262763120173784,12.26993865030675,45.398773006134974,33.128834355828225,9.202453987730062
SUB5437677,Regular User,High (R200-500),Postpaid_Unlimited,2.4680999999999997,224.84,0.45863886068907567,45.64102564102564,41.53846153846153,6.153846153846152,6.666666666666667
SUB2528362,"Upsell Opportunity (Low ARPU, Low Data)",Mid (R100-200),Postpaid_Basic,0.5324500000000001,115.13,0.12626669226785137,8.421052631578949,66.05263157894737,11.31578947368421,14.210526315789476
SUB7210715,"Revenue Driver (High ARPU, High Data)",High (R200-500),Postpaid_Unlimited,5.87686,434.5,0.1498289824362109,47.73060029282576,14.494875549048317,3.953147877013177,33.821376281112734
SUB9167399,Regular User,Mid (R100-200),Prepaid_Monthly,1.95244,183.93,0.3630656269943362,32.73381294964028,42.80575539568345,16.546762589928058,7.913669064748201
SUB3007635,"Revenue Driver (High ARPU, High Data)",High (R200-500),Prepaid_Monthly,4.545310000000001,389.67,0.5084756548034859,48.717948717948715,30.229419703103915,13.900134952766532,7.152496626180838
SUB2779892,"Revenue Driver (High ARPU, High Data)",Premium (>R500),Postpaid_Premium,10.43069,676.75,1.1995040441723805,59.93520518358532,21.382289416846653,5.50755939524838,13.174946004319654
SUB8669510,Regular User,High (R200-500),Prepaid_Monthly,2.25646,208.05,0.3410664546732849,29.582806573957015,4.9304677623261695,50.063211125158034,15.423514538558788
SUB8343728,"Revenue Driver (High ARPU, High Data)",High (R200-500),Postpaid_Premium,3.77214,328.32,0.19200264794639121,60.317460317460316,17.46031746031746,22.222222222222225,0.0
SUB7257838,Regular User,High (R200-500),Prepaid_Monthly,3.04561,270.67,0.8460071042296242,73.8045738045738,23.28482328482329,2.7027027027027026,0.2079002079002079
SUB4211369,"Upsell Opportunity (Low ARPU, Low Data)",Mid-Low (R50-100),Prepaid_Monthly,0.64219,79.96,0.013795531729160482,21.491228070175435,21.491228070175435,57.01754385964912,0.0
SUB8690115,Regular User,Mid (R100-200),Prepaid_Daily,1.56886,193.61,0.1167398893661582,27.499999999999996,41.94444444444444,12.222222222222221,18.333333333333336
SUB4600957,"Revenue Driver (High ARPU, High Data)",Premium (>R500),Prepaid_Daily,13.74234,1239.44,0.7118877560850212,78.68632707774799,18.900804289544233,1.8766756032171583,0.5361930294906166
SUB4122951,Regular User,Mid (R100-200),Postpaid_Basic,0.8426,136.17,0.13583352244012648,32.69230769230769,42.94871794871795,14.102564102564102,10.256410256410255
SUB3657885,Regular User,High (R200-500),Prepaid_Daily,1.64878,202.71,0.2827606131129452,32.68608414239482,25.5663430420712,18.446601941747574,23.300970873786408
SUB8413718,Regular User,High (R200-500),Prepaid_Monthly,2.33732,214.47,0.08775648134585046,19.064748201438846,29.316546762589923,3.597122302158273,48.02158273381295
SUB5025282,"Revenue Driver (High ARPU, High Data)",High (R200-500),Postpaid_Basic,6.62572,469.92,2.4353014520874003,62.23929747530187,5.9275521405049405,4.390779363336993,27.442371020856204
SUB3302690,Regular User,Mid (R100-200),Postpaid_Unlimited,1.55511,152.4,0.4514554787971279,15.789473684210526,61.684210526315795,15.789473684210526,6.7368421052631575
SUB3317336,Regular User,High (R200-500),Prepaid_Daily,2.29775,276.6,0.5836065259876995,68.0722891566265,22.89156626506024,7.228915662650602,1.8072289156626504
SUB4119734,Regular User,Mid (R100-200),Postpaid_Unlimited,1.1380599999999998,119.31,0.08088753104196855,31.48148148148148,46.75925925925925,12.962962962962962,8.796296296296296
SUB9361735,"Revenue Driver (High ARPU, High Data)",High (R200-500),Prepaid_Daily,3.45904,408.81,0.5917353403418506,54.32835820895523,42.985074626865675,1.791044776119403,0.8955223880597015
SUB9652233,"Upsell Opportunity (Low ARPU, Low Data)",Mid-Low (R50-100),Prepaid_Daily,0.52804,75.12,0.046589039846116176,72.97297297297297,21.62162162162162,2.7027027027027026,2.7027027027027026
SUB3526297,"Revenue Driver (High ARPU, High Data)",Premium (>R500),Postpaid_Premium,6.8421199999999995,501.11,1.1541487731572362,73.43750000000001,13.125,2.1875000000000004,11.25
SUB1649150,"Upsell Opportunity (Low ARPU, Low Data)",Mid-Low (R50-100),Prepaid_Monthly,0.48724,67.66,0.06517981449635041,34.883720930232556,23.25581395348837,18.604651162790695,23.25581395348837
SUB7280757,"Upsell Opportunity (Low ARPU, Low Data)",Mid-Low (R50-100),Postpaid_Premium,0.77889,90.8,0.09373820929259769,28.30188679245283,32.075471698113205,1.8867924528301887,37.735849056603776
SUB5266399,Regular User,High (R200-500),Prepaid_Daily,2.74029,326.98,0.3326613379983212,16.594516594516595,76.47907647907648,3.0303030303030303,3.8961038961038965
SUB9054515,"Upsell Opportunity (Low ARPU, Low Data)",Low (<R50),Prepaid_Daily,0.26937,45.67,0.02599332708071922,30.0,64.0,6.0,0.0
SUB7789177,"Revenue Driver (High ARPU, High Data)",High (R200-500),Prepaid_Daily,3.4454000000000002,407.26,0.1877107432284264,26.391752577319583,38.55670103092783,24.12371134020618,10.927835051546392
SUB1937841,Regular User,Mid (R100-200),Postpaid_Premium,1.48991,147.22,0.08984478693143028,36.86440677966101,28.389830508474574,33.050847457627114,1.6949152542372878
SUB4346145,Regular User,Mid (R100-200),Prepaid_Monthly,1.48234,146.62,0.40668614880778,35.76923076923077,59.23076923076923,2.3076923076923075,2.6923076923076925
SUB1144356,"Upsell Opportunity (Low ARPU, Low Data)",Mid-Low (R50-100),Prepaid_Daily,0.44887,66.1,0.03664666073361933,39.08045977011494,42.5287356321839,16.09195402298851,2.2988505747126435
SUB3055723,"Revenue Driver (High ARPU, High Data)",Premium (>R500),Postpaid_Premium,6.99399,511.59,0.3412490018730283,53.32512315270935,32.51231527093596,11.94581280788177,2.216748768472906
SUB2114100,"Revenue Driver (High ARPU, High Data)",High (R200-500),Postpaid_Premium,3.79238,329.93,0.2834710028178993,17.184265010351965,75.36231884057972,7.453416149068323,0.0
SUB1230596,Regular User,High (R200-500),Postpaid_Basic,1.86124,205.29,0.09307061849355347,53.962264150943405,40.75471698113209,4.905660377358491,0.3773584905660378
SUB1021650,"Revenue Driver (High ARPU, High Data)",Premium (>R500),Postpaid_Premium,12.803420000000001,824.09,0.2934911290775908,67.17044500419816,27.62384550797649,2.5188916876574305,2.686817800167926
SUB2634461,Regular User,Mid (R100-200),Postpaid_Basic,0.8569199999999999,137.14,0.05965626415846481,35.570469798657726,61.07382550335571,0.0,3.3557046979865772
SUB2412210,"Upsell Opportunity (Low ARPU, Low Data)",Mid-Low (R50-100),Prepaid_Daily,0.61548,85.07,0.0408509601538839,65.38461538461537,8.974358974358973,19.230769230769226,6.41025641025641
SUB3792537,Regular User,High (R200-500),Prepaid_Monthly,2.88559,257.97,0.38307528749865627,7.008760951188988,33.79224030037547,6.25782227784731,52.94117647058824
SUB9358827,Regular User,High (R200-500),Prepaid_Daily,2.70759,323.26,0.40216939326179224,50.364963503649626,36.73965936739659,3.8929440389294405,9.00243309002433
SUB7111053,Regular User,Mid (R100-200),Prepaid_Monthly,1.18149,122.75,0.028725327529435463,30.35019455252918,42.80155642023346,1.9455252918287937,24.902723735408557
SUB3867695,Regular User,Mid (R100-200),Postpaid_Unlimited,1.8571199999999999,176.36,0.6998894989618949,52.74725274725276,27.10622710622711,1.098901098901099,19.04761904761905
SUB5822455,Regular User,High (R200-500),Prepaid_Monthly,2.64775,239.1,0.25313551204745766,17.77251184834123,48.1042654028436,32.93838862559242,1.1848341232227488
SUB7916950,"Revenue Driver (High ARPU, High Data)",Premium (>R500),Prepaid_Monthly,7.737430000000001,562.88,0.33180957394932786,90.85290482076638,7.663782447466007,0.12360939431396788,1.3597033374536465
SUB1226884,Regular User,Mid (R100-200),Postpaid_Basic,1.23126,162.54,0.03380882962747678,61.74863387978142,35.51912568306012,0.546448087431694,2.185792349726776
SUB7620090,"Revenue Driver (High ARPU, High Data)",Premium (>R500),Postpaid_Unlimited,22.36748,1294.55,5.989031206350617,52.28758169934641,39.21568627450981,8.23529411764706,0.26143790849673204
SUB8583491,"Upsell Opportunity (Low ARPU, Low Data)",Mid (R100-200),Postpaid_Basic,0.31337,100.26,0.022177987568825552,12.244897959183673,74.48979591836735,3.061224489795918,10.204081632653061
SUB9276869,"Revenue Driver (High ARPU, High Data)",High (R200-500),Postpaid_Unlimited,3.79737,330.32,1.2515407183826968,27.760252365930597,21.60883280757098,4.416403785488959,46.214511041009466
SUB4444084,"Upsell Opportunity (Low ARPU, Low Data)",Mid-Low (R50-100),Prepaid_Daily,0.51585,73.73,0.15436076196542836,34.883720930232556,41.86046511627907,22.480620155038757,0.7751937984496124
SUB6277420,"Revenue Driver (High ARPU, High Data)",Premium (>R500),Prepaid_Daily,5.721640000000001,581.44,1.039750439489655,27.968923418423973,66.59267480577137,2.6637069922308543,2.774694783573807
SUB1524658,Regular User,Mid (R100-200),Prepaid_Daily,1.1052899999999999,140.84,0.05405454278666055,25.830258302583026,45.018450184501845,15.498154981549813,13.653136531365314
SUB8364534,Regular User,Mid (R100-200),Prepaid_Daily,1.15336,146.31,0.23301888288737427,31.058020477815703,54.26621160409556,13.993174061433445,0.6825938566552902
SUB7367712,"Revenue Driver (High ARPU, High Data)",High (R200-500),Postpaid_Premium,6.58995,483.71,1.334845950248563,62.055335968379445,18.84057971014493,6.455862977602108,12.648221343873518
SUB2504900,Regular User,Mid (R100-200),Prepaid_Monthly,1.55848,152.67,0.05285527257859113,53.90334572490706,18.21561338289963,21.561338289962826,6.3197026022304845
SUB2160152,"Upsell Opportunity (Low ARPU, Low Data)",Mid-Low (R50-100),Prepaid_Monthly,0.68126,83.06,0.12801708839892834,30.4,39.2,24.0,6.4
SUB6518358,"Upsell Opportunity (Low ARPU, Low Data)",Mid-Low (R50-100),Prepaid_Monthly,0.66274,81.59,0.01063658357870867,22.346368715083802,39.10614525139665,6.145251396648044,32.402234636871505
SUB6133783,Regular User,Mid (R100-200),Postpaid_Basic,1.7154800000000001,195.4,0.348138093564222,3.2577903682719547,20.113314447592064,35.26912181303116,41.359773371104815
SUB7725275,Regular User,High (R200-500),Postpaid_Unlimited,2.61578,236.56,0.4947177254700903,14.69135802469136,74.07407407407408,7.037037037037036,4.197530864197532
SUB2818352,Regular User,High (R200-500),Postpaid_Basic,1.9382300000000001,210.51,0.23687715400113496,35.9375,48.214285714285715,5.133928571428571,10.714285714285712
SUB2658332,Regular User,Mid (R100-200),Postpaid_Premium,1.06372,113.41,0.5802766766743646,63.30935251798561,29.496402877697836,5.0359712230215825,2.158273381294964
SUB3862750,Regular User,Mid (R100-200),Prepaid_Daily,1.11325,141.74,0.01812583758376074,51.948051948051955,44.8051948051948,1.948051948051948,1.2987012987012987
SUB6311154,Regular User,Mid (R100-200),Postpaid_Basic,1.5560399999999999,184.58,0.42594017614144386,54.21686746987952,2.108433734939759,6.927710843373494,36.74698795180723
SUB3090212,Regular User,Mid (R100-200),Prepaid_Monthly,1.21089,125.08,0.012670030846603453,41.7391304347826,27.826086956521735,6.08695652173913,24.34782608695652
SUB3613275,Regular User,High (R200-500),Postpaid_Premium,2.3466799999999997,215.21,0.1365506170584152,8.00405268490375,56.12968591691997,29.685916919959475,6.180344478216819
SUB3672762,"Revenue Driver (High ARPU, High Data)",High (R200-500),Postpaid_Unlimited,5.56613,413.06,0.4971687258116484,47.25,27.625,5.875,19.25
SUB5963401,Regular User,High (R200-500),Prepaid_Daily,2.24153,270.2,0.02845762385620576,32.90155440414508,40.41450777202073,1.0362694300518134,25.64766839378238
SUB9256327,"Upsell Opportunity (Low ARPU, Low Data)",Mid-Low (R50-100),Postpaid_Premium,0.55204,79.0,0.2909598046807129,10.61320754716981,64.62264150943396,5.660377358490566,19.10377358490566
SUB4374775,Regular User,Mid (R100-200),Prepaid_Daily,0.94724,122.84,0.2667593723717657,36.44444444444444,45.333333333333336,11.11111111111111,7.111111111111111
SUB4128411,Regular User,Mid (R100-200),Prepaid_Daily,1.1638499999999998,147.5,0.19094331588865665,11.34020618556701,40.20618556701031,29.553264604810998,18.900343642611684
SUB6182101,Regular User,Mid (R100-200),Prepaid_Daily,1.4819200000000001,183.72,0.006586979751181943,20.444444444444446,54.666666666666664,6.222222222222222,18.666666666666664
SUB9686283,Regular User,Mid (R100-200),Prepaid_Monthly,2.06927,193.2,0.10319640305558453,17.16171617161716,70.62706270627062,12.046204620462046,0.165016501650165
SUB8371191,"Revenue Driver (High ARPU, High Data)",Premium (>R500),Postpaid_Unlimited,13.19424,848.36,3.866257717365226,40.04954582989265,8.092485549132949,13.459950454170109,38.3980181668043
SUB5861282,"Upsell Opportunity (Low ARPU, Low Data)",Low (<R50),Prepaid_Monthly,0.11320999999999999,37.98,0.034996328259134804,15.0,40.0,40.0,5.0
SUB5797927,Regular User,Mid (R100-200),Prepaid_Monthly,1.61255,156.96,0.34990623901933704,32.18390804597701,2.298850574712643,30.459770114942526,35.05747126436781
SUB6710754,Regular User,Mid (R100-200),Prepaid_Monthly,1.53153,150.53,0.05897662208189569,40.30612244897959,24.489795918367346,4.591836734693878,30.612244897959183
SUB9449975,"Upsell Opportunity (Low ARPU, Low Data)",Mid (R100-200),Postpaid_Basic,0.59235,119.19,0.08055468900004203,29.032258064516125,45.96774193548387,5.645161290322581,19.35483870967742
SUB7303816,"Upsell Opportunity (Low ARPU, Low Data)",Mid-Low (R50-100),Prepaid_Daily,0.68331,92.79,0.06063340863918443,4.049844236760125,58.255451713395644,27.102803738317753,10.59190031152648
SUB4626307,"Upsell Opportunity (Low ARPU, Low Data)",Low (<R50),Prepaid_Daily,0.15367,32.5,0.22408905283131333,8.333333333333334,91.66666666666667,0.0,0.0
SUB7571520,"Upsell Opportunity (Low ARPU, Low Data)",Mid (R100-200),Postpaid_Unlimited,0.97581,106.43,0.06379299543157868,6.976744186046512,48.50498338870432,4.983388704318937,39.53488372093024
SUB9530057,Regular User,High (R200-500),Prepaid_Monthly,2.8463000000000003,254.85,0.10621489594539701,70.83333333333334,15.476190476190476,3.571428571428571,10.11904761904762
SUB4018967,"Upsell Opportunity (Low ARPU, Low Data)",Mid (R100-200),Postpaid_Basic,0.33212,101.53,0.06676326391333359,43.24324324324324,22.972972972972975,33.78378378378378,0.0
SUB2809858,Regular User,Mid (R100-200),Prepaid_Monthly,1.19786,124.05,0.12474805548843837,6.225680933852139,82.49027237354085,1.9455252918287937,9.338521400778209
SUB7357718,"Revenue Driver (High ARPU, High Data)",Premium (>R500),Postpaid_Premium,7.20111,525.88,0.5205704348893656,35.74007220216606,45.66787003610108,7.2202166064981945,11.371841155234657
SUB7062903,"Revenue Driver (High ARPU, High Data)",Premium (>R500),Prepaid_Monthly,9.056709999999999,653.91,0.8243216810374498,70.04608294930875,19.35483870967742,5.0691244239631335,5.529953917050691
SUB3673705,Regular User,High (R200-500),Postpaid_Unlimited,2.30436,211.85,0.17702662187614093,28.398058252427184,41.019417475728154,17.475728155339805,13.106796116504855
SUB5747924,"Revenue Driver (High ARPU, High Data)",High (R200-500),Postpaid_Premium,4.76849,407.38,1.3212939881265848,41.87725631768953,34.65703971119133,20.577617328519853,2.888086642599278
SUB6904214,Regular User,Mid (R100-200),Prepaid_Monthly,1.11733,117.66,0.4223826534583093,35.064935064935064,35.93073593073593,26.406926406926406,2.5974025974025974
SUB5473014,"Upsell Opportunity (Low ARPU, Low Data)",Mid-Low (R50-100),Prepaid_Monthly,0.27864,51.11,0.04102750314579187,50.96153846153846,5.769230769230769,36.53846153846153,6.730769230769232
SUB8045927,"Revenue Driver (High ARPU, High Data)",Premium (>R500),Prepaid_Monthly,18.70138,1190.36,0.9544430296166944,58.09731299927379,22.94843863471315,8.932461873638346,10.021786492374728
SUB3878604,Regular User,High (R200-500),Postpaid_Premium,3.21423,284.05,0.26839176865362946,12.885906040268457,37.58389261744966,0.13422818791946312,49.39597315436242
SUB3607622,"Upsell Opportunity (Low ARPU, Low Data)",Mid-Low (R50-100),Prepaid_Monthly,0.53586,71.52,0.10087448095192136,5.853658536585365,46.82926829268292,25.85365853658536,21.46341463414634
SUB9837718,"Revenue Driver (High ARPU, High Data)",Premium (>R500),Postpaid_Unlimited,8.69713,629.1,3.7509597791501488,80.48289738430584,12.072434607645874,3.5211267605633805,3.9235412474849096
SUB6032661,Regular User,Mid (R100-200),Postpaid_Basic,1.1103900000000002,154.34,0.06801616637719388,18.18181818181818,27.27272727272727,52.785923753665685,1.759530791788856
SUB6236441,Regular User,Mid (R100-200),Postpaid_Premium,1.2441900000000001,127.73,0.009301819520369126,35.16746411483253,60.526315789473685,0.47846889952153115,3.8277511961722492
SUB3276360,"Revenue Driver (High ARPU, High Data)",Premium (>R500),Postpaid_Unlimited,9.94809,715.42,1.9846736618639103,76.70182166826464,3.5474592521572395,1.1505273250239696,18.600191754554174
SUB5694505,Regular User,Mid (R100-200),Prepaid_Monthly,1.8184500000000001,173.29,0.11435688581146075,16.636851520572453,59.0339892665474,4.47227191413238,19.856887298747765
SUB6318331,Regular User,High (R200-500),Postpaid_Premium,2.5276300000000003,229.57,0.09625786345379961,40.97744360902256,41.35338345864662,15.789473684210526,1.8796992481203008
SUB2236968,Regular User,Mid (R100-200),Postpaid_Basic,0.83749,135.82,0.05021130946572039,22.97872340425532,5.957446808510639,8.51063829787234,62.5531914893617
SUB1234898,"Revenue Driver (High ARPU, High Data)",High (R200-500),Postpaid_Basic,3.35929,306.93,0.5237042605570159,40.050377833753146,40.30226700251889,15.617128463476067,4.030226700251888
SUB7034722,Regular User,High (R200-500),Postpaid_Premium,2.18048,202.02,0.05471283826676521,16.965742251223492,30.99510603588907,43.06688417618271,8.97226753670473
SUB9051964,"Upsell Opportunity (Low ARPU, Low Data)",Mid (R100-200),Postpaid_Premium,0.89626,100.12,0.14745221753075655,28.999999999999996,19.5,50.5,1.0
SUB6031833,Regular User,High (R200-500),Postpaid_Premium,2.18438,202.33,0.5056108830209816,24.576271186440675,44.91525423728814,25.0,5.508474576271187
SUB2544613,Regular User,High (R200-500),Postpaid_Basic,2.6341,257.72,0.22677136293051836,42.64392324093817,35.394456289978685,21.748400852878465,0.21321961620469088
SUB8465106,"Upsell Opportunity (Low ARPU, Low Data)",Mid-Low (R50-100),Prepaid_Monthly,0.74879,88.42,0.09028962875326141,53.03030303030303,5.303030303030303,23.484848484848484,18.18181818181818
SUB7102545,Regular User,Mid (R100-200),Prepaid_Monthly,2.13414,198.34,0.25961262016184516,37.01298701298701,34.740259740259745,10.714285714285715,17.532467532467532
SUB2703728,"Revenue Driver (High ARPU, High Data)",Premium (>R500),Postpaid_Premium,13.571219999999999,871.77,2.6856382328187447,28.401826484018265,54.79452054794521,2.5570776255707766,14.246575342465755
SUB1880096,"Revenue Driver (High ARPU, High Data)",High (R200-500),Postpaid_Basic,4.0682,355.03,0.7830032089491121,53.5885167464115,42.344497607655505,3.4688995215311005,0.598086124401914
SUB1309963,"Upsell Opportunity (Low ARPU, Low Data)",Low (<R50),Prepaid_Monthly,0.14001,40.11,0.0081963282591348,29.629629629629626,37.03703703703704,29.629629629629626,3.7037037037037033
SUB6634222,Regular User,High (R200-500),Prepaid_Monthly,2.61624,236.6,0.004397126396877837,15.904572564612327,35.785288270377734,45.72564612326043,2.584493041749503
SUB2087241,Regular User,High (R200-500),Prepaid_Daily,2.68877,321.12,0.3079195629794387,56.46817248459959,17.04312114989733,2.464065708418891,24.024640657084188
SUB4001179,"Revenue Driver (High ARPU, High Data)",High (R200-500),Postpaid_Premium,4.288810000000001,369.32,0.49985430042559154,17.324561403508774,63.26754385964912,7.346491228070176,12.061403508771932
SUB3979674,"Revenue Driver (High ARPU, High Data)",High (R200-500),Postpaid_Premium,3.76573,327.81,0.029783333395287492,45.85987261146497,35.45647558386412,0.42462845010615713,18.259023354564754
SUB8594902,"Upsell Opportunity (Low ARPU, Low Data)",Mid-Low (R50-100),Postpaid_Unlimited,0.77335,90.37,0.09952870441476602,33.898305084745765,20.33898305084746,35.16949152542373,10.593220338983052
SUB7269191,Regular User,Mid (R100-200),Prepaid_Monthly,1.20433,124.56,0.15476848513450636,2.183406113537118,70.74235807860262,9.606986899563319,17.467248908296945
SUB6021983,Regular User,Mid (R100-200),Postpaid_Premium,1.1917200000000001,123.56,0.12698754244684385,15.384615384615385,64.42307692307693,4.166666666666667,16.025641025641026
SUB5639848,Regular User,Mid (R100-200),Postpaid_Unlimited,2.13234,198.2,0.504846327206129,21.09375,64.453125,1.3671875000000002,13.0859375
SUB9372602,Regular User,Mid (R100-200),Prepaid_Daily,1.39813,174.18,0.0223510595211589,24.533333333333335,28.800000000000004,38.666666666666664,8.0
SUB4292239,"Revenue Driver (High ARPU, High Data)",High (R200-500),Postpaid_Premium,4.19956,362.24,0.3285296202407073,42.229729729729726,45.608108108108105,5.405405405405405,6.756756756756756
SUB8622520,Regular User,Mid (R100-200),Prepaid_Monthly,1.49385,147.54,0.03467711533768414,29.141104294478527,53.987730061349694,13.190184049079754,3.680981595092024
SUB6934261,"Revenue Driver (High ARPU, High Data)",Premium (>R500),Postpaid_Premium,15.23324,974.98,2.311022137570875,82.7300930713547,2.378490175801448,6.825232678386764,8.066184074457084
SUB2661793,"Revenue Driver (High ARPU, High Data)",Premium (>R500),Prepaid_Daily,4.79848,561.31,1.2928641833075192,52.24489795918367,25.918367346938776,21.836734693877553,0.0
SUB5027187,"Revenue Driver (High ARPU, High Data)",High (R200-500),Postpaid_Premium,4.05248,350.56,0.3118840232427935,62.06896551724138,24.933687002652523,3.448275862068966,9.549071618037136
SUB6834564,"Upsell Opportunity (Low ARPU, Low Data)",Mid-Low (R50-100),Postpaid_Unlimited,0.7858999999999999,91.36,0.32272504917000255,14.17910447761194,55.970149253731336,24.62686567164179,5.223880597014926
SUB4603110,"Upsell Opportunity (Low ARPU, Low Data)",Mid-Low (R50-100),Postpaid_Unlimited,0.53236,79.0,0.20406371340789553,13.70967741935484,16.12903225806452,8.870967741935484,61.29032258064516
SUB9009292,"Upsell Opportunity (Low ARPU, Low Data)",Mid-Low (R50-100),Prepaid_Daily,0.71973,96.94,0.05142639835393781,15.209125475285173,34.60076045627377,26.61596958174905,23.574144486692017
SUB4138145,Regular User,Mid (R100-200),Prepaid_Daily,1.22546,154.52,0.4500352371467904,51.05263157894737,34.73684210526316,11.578947368421053,2.6315789473684212
SUB2655016,"Upsell Opportunity (Low ARPU, Low Data)",Mid-Low (R50-100),Prepaid_Monthly,0.84627,96.15,0.11474567034604988,14.675767918088736,36.177474402730375,3.4129692832764507,45.73378839590443
SUB8981512,Regular User,Mid (R100-200),Postpaid_Premium,2.01023,188.51,0.06310004038308548,11.627906976744185,75.7751937984496,10.271317829457365,2.3255813953488373
SUB4812197,Regular User,High (R200-500),Prepaid_Monthly,2.18537,202.41,0.38601580725344986,26.52777777777778,2.2222222222222228,39.72222222222223,31.527777777777782
SUB9551795,Regular User,Mid (R100-200),Postpaid_Premium,1.96378,184.83,0.6458831121299278,49.1442542787286,33.007334963325185,3.9119804400977993,13.93643031784841
SUB8208387,Regular User,Mid (R100-200),Prepaid_Monthly,1.7638900000000002,168.96,0.12279336015487874,7.142857142857142,66.26984126984127,15.873015873015875,10.714285714285715
SUB2045482,Regular User,Mid (R100-200),Prepaid_Monthly,1.37547,138.14,0.14133344540530524,49.532710280373834,35.51401869158878,14.018691588785046,0.9345794392523363
SUB7835735,"Revenue Driver (High ARPU, High Data)",High (R200-500),Prepaid_Monthly,4.83874,412.95,0.31898617265953266,28.892455858747994,64.52648475120385,5.457463884430178,1.1235955056179776
SUB2574255,"Upsell Opportunity (Low ARPU, Low Data)",Mid-Low (R50-100),Prepaid_Monthly,0.53234,71.24,0.06088408546594981,25.0,35.714285714285715,36.42857142857143,2.857142857142857
SUB7767315,Regular User,Mid (R100-200),Postpaid_Unlimited,1.46359,145.14,0.3609219191095472,45.45454545454546,10.743801652892563,16.115702479338843,27.685950413223143
SUB9551881,"Upsell Opportunity (Low ARPU, Low Data)",Mid-Low (R50-100),Prepaid_Monthly,0.27626999999999996,50.92,0.06073507247542301,58.57142857142858,35.714285714285715,2.857142857142857,2.857142857142857
SUB3073290,"Revenue Driver (High ARPU, High Data)",High (R200-500),Postpaid_Premium,5.8403599999999996,431.98,1.1904553917478227,27.99442896935933,51.25348189415042,17.827298050139277,2.9247910863509747
SUB1675510,"Revenue Driver (High ARPU, High Data)",High (R200-500),Prepaid_Daily,3.65216,430.8,1.0941852469819842,77.85234899328859,11.073825503355705,7.38255033557047,3.691275167785235
SUB6429219,Regular User,Mid (R100-200),Postpaid_Basic,0.97661,145.26,0.06274860575060204,24.409448818897637,18.11023622047244,12.598425196850393,44.881889763779526
SUB4723234,Regular User,Mid (R100-200),Prepaid_Monthly,1.00428,108.69,0.14097286196486003,10.638297872340427,66.75531914893617,4.521276595744681,18.085106382978726
SUB8098917,Regular User,Mid (R100-200),Postpaid_Premium,1.25482,128.57,0.14493701835294392,26.495726495726498,34.87179487179487,15.384615384615383,23.247863247863247
SUB5521373,Regular User,Mid (R100-200),Postpaid_Basic,0.91173,140.86,0.01641063686613431,13.513513513513512,44.86486486486486,29.18918918918919,12.432432432432432
SUB8605503,"Revenue Driver (High ARPU, High Data)",Premium (>R500),Postpaid_Unlimited,7.84367,570.21,0.28263013806045745,49.84391259105098,23.725286160249734,7.5962539021852225,18.834547346514046
SUB8681122,Regular User,Mid (R100-200),Prepaid_Monthly,1.63002,158.34,0.4407392833214967,34.59715639810426,37.44075829383886,15.639810426540283,12.322274881516586
SUB9729430,"Upsell Opportunity (Low ARPU, Low Data)",Mid-Low (R50-100),Prepaid_Daily,0.32074,51.52,0.06408716961449412,3.2846715328467146,15.693430656934304,76.64233576642336,4.3795620437956195
SUB9074444,"Revenue Driver (High ARPU, High Data)",Premium (>R500),Postpaid_Basic,7.9425799999999995,547.61,0.7214737641458759,44.689655172413794,14.896551724137932,20.275862068965516,20.137931034482758
SUB7245035,"Revenue Driver (High ARPU, High Data)",Premium (>R500),Postpaid_Basic,10.11828,616.28,3.528336049192598,68.73638344226579,15.250544662309368,9.694989106753813,6.318082788671024
SUB2006152,Regular User,High (R200-500),Postpaid_Premium,3.38319,297.46,0.1139859841411659,44.69525959367945,31.37697516930022,4.0632054176072225,19.864559819413092
SUB9777198,Regular User,High (R200-500),Postpaid_Basic,1.8713199999999999,205.97,0.16166802796643154,14.374999999999998,48.28125,9.687499999999998,27.65625
SUB7335787,"Revenue Driver (High ARPU, High Data)",Premium (>R500),Postpaid_Premium,11.194510000000001,724.18,1.451091823387216,41.44645340751043,40.61196105702364,16.82892906815021,1.1126564673157162
SUB5405113,Regular User,Mid (R100-200),Postpaid_Premium,1.5861800000000001,154.86,0.386809009122389,32.323232323232325,58.080808080808076,3.0303030303030303,6.565656565656567
SUB6369919,Regular User,Mid (R100-200),Prepaid_Monthly,1.08395,115.01,0.11586039653483349,34.03361344537815,59.66386554621849,5.882352941176471,0.4201680672268908
SUB5791164,Regular User,High (R200-500),Postpaid_Basic,2.64169,258.24,0.5204454852958267,18.232662192393736,67.11409395973155,14.541387024608502,0.11185682326621926
SUB1445101,"Revenue Driver (High ARPU, High Data)",Premium (>R500),Postpaid_Basic,8.6791,591.07,0.5555015282671505,44.329896907216494,33.562428407789234,2.520045819014891,19.587628865979383
SUB2294416,"Upsell Opportunity (Low ARPU, Low Data)",Mid-Low (R50-100),Prepaid_Daily,0.36636,56.71,0.09738677401438367,6.521739130434782,68.26086956521739,18.695652173913043,6.521739130434782
SUB2384410,"Revenue Driver (High ARPU, High Data)",Premium (>R500),Postpaid_Unlimited,10.61804,688.38,1.2565813912405197,44.56606724003127,37.294761532447225,15.011727912431589,3.1274433150899146
SUB5063068,Regular User,Mid (R100-200),Postpaid_Premium,1.7345,166.63,0.5470221541818197,22.695035460992905,66.43026004728132,2.3640661938534278,8.510638297872338
SUB8517475,"Upsell Opportunity (Low ARPU, Low Data)",Low (<R50),Prepaid_Daily,0.23451,41.7,0.09859058101966559,41.333333333333336,44.0,10.666666666666668,4.0
SUB5494445,Regular User,Mid (R100-200),Postpaid_Premium,2.0223299999999997,189.47,0.7975384688966636,45.97701149425288,8.045977011494255,31.03448275862069,14.942528735632186
SUB4546434,"Revenue Driver (High ARPU, High Data)",High (R200-500),Postpaid_Unlimited,4.499029999999999,386.0,0.3606294389153657,27.93103448275862,21.89655172413793,21.551724137931032,28.62068965517241
SUB8545189,"Revenue Driver (High ARPU, High Data)",High (R200-500),Postpaid_Unlimited,6.19625,456.54,1.4076588065291409,36.23737373737374,37.878787878787875,9.785353535353536,16.098484848484848
SUB3145943,"Upsell Opportunity (Low ARPU, Low Data)",Low (<R50),Prepaid_Daily,0.18172,35.69,0.049008098227281804,7.633587786259542,21.37404580152672,3.0534351145038165,67.93893129770993
SUB5926622,"Revenue Driver (High ARPU, High Data)",High (R200-500),Prepaid_Monthly,3.4938800000000003,306.24,0.14770516585223614,50.883392226148416,12.720848056537104,23.67491166077739,12.720848056537104
SUB7310208,Regular User,Mid (R100-200),Postpaid_Basic,0.95008,143.46,0.05249668114999595,12.944983818770226,51.45631067961165,13.592233009708737,22.006472491909385
SUB2085110,Regular User,Mid (R100-200),Postpaid_Basic,0.82637,135.07,0.09311452189936475,19.58041958041958,34.26573426573426,7.692307692307692,38.46153846153846
SUB8661434,"Upsell Opportunity (Low ARPU, Low Data)",Mid-Low (R50-100),Prepaid_Monthly,0.88575,99.28,0.003843666253387612,30.45977011494253,58.04597701149425,2.873563218390805,8.620689655172413
SUB2928356,Regular User,Mid (R100-200),Postpaid_Premium,1.1551900000000002,120.66,0.040869528378573605,15.267175572519085,75.57251908396945,7.633587786259542,1.5267175572519083
SUB2279372,"Revenue Driver (High ARPU, High Data)",High (R200-500),Postpaid_Unlimited,3.56702,312.04,0.34550477763876186,39.40397350993377,26.490066225165563,28.807947019867548,5.298013245033113
SUB7356381,Regular User,Mid (R100-200),Postpaid_Basic,0.6829,125.33,0.22375746345063985,16.483516483516482,74.17582417582416,1.648351648351648,7.692307692307692
SUB8903402,Regular User,Mid (R100-200),Postpaid_Basic,0.61811,120.94,0.16596160391769132,56.502242152466366,26.00896860986547,13.004484304932735,4.4843049327354265
SUB6228298,Regular User,High (R200-500),Postpaid_Basic,3.01448,283.53,0.2303573250971609,27.97356828193832,46.25550660792951,20.70484581497797,5.066079295154184
SUB3597979,"Revenue Driver (High ARPU, High Data)",High (R200-500),Postpaid_Unlimited,5.81609,430.31,0.048706260378161836,48.11594202898551,37.68115942028986,5.507246376811595,8.695652173913043
SUB2690792,Regular User,Mid (R100-200),Prepaid_Daily,1.21793,153.66,0.18294937163710712,9.826589595375724,63.29479768786128,6.936416184971099,19.942196531791907
SUB7605949,"Revenue Driver (High ARPU, High Data)",Premium (>R500),Postpaid_Unlimited,26.50015,1528.38,0.8207182175980634,64.4122383252818,22.383252818035427,12.399355877616749,0.8051529790660227
SUB3999610,Regular User,Mid (R100-200),Postpaid_Unlimited,1.97018,185.33,0.08453189036403108,36.96969696969697,34.848484848484844,13.939393939393941,14.242424242424242
SUB8456688,Regular User,High (R200-500),Postpaid_Premium,3.14753,278.76,0.7528630350848609,12.820512820512823,73.26007326007327,7.814407814407814,6.1050061050061055
SUB6087268,"Revenue Driver (High ARPU, High Data)",High (R200-500),Prepaid_Monthly,4.17336,360.16,0.6987795192116746,28.033980582524272,71.72330097087378,0.12135922330097086,0.12135922330097086
SUB7433636,"Revenue Driver (High ARPU, High Data)",High (R200-500),Postpaid_Premium,4.57778,392.25,0.039517096185115896,11.042183622828784,74.44168734491315,0.9925558312655087,13.523573200992555
SUB3928339,"Revenue Driver (High ARPU, High Data)",Premium (>R500),Postpaid_Unlimited,15.70064,1004.01,0.5572222774925901,33.0392943063352,18.84522854851644,0.0,48.115477145148354
SUB7061266,"Upsell Opportunity (Low ARPU, Low Data)",Mid-Low (R50-100),Prepaid_Daily,0.31321,50.66,0.01580463610155136,5.555555555555556,61.111111111111114,19.841269841269842,13.492063492063494
SUB2968093,"Upsell Opportunity (Low ARPU, Low Data)",Mid (R100-200),Postpaid_Basic,0.50651,113.37,0.09343776024973421,41.86046511627906,8.139534883720929,10.465116279069765,39.53488372093023
SUB1321243,Regular User,Mid (R100-200),Prepaid_Monthly,0.97827,106.63,0.2598308300351164,12.550607287449395,77.7327935222672,9.311740890688261,0.4048582995951418
SUB1112035,"Upsell Opportunity (Low ARPU, Low Data)",Mid-Low (R50-100),Postpaid_Basic,0.2782,97.88,0.08237620492406644,18.51851851851852,51.85185185185185,1.8518518518518516,27.777777777777775
SUB1726331,Regular User,Mid (R100-200),Postpaid_Basic,1.07678,152.06,0.17455854502246804,47.668393782383426,30.05181347150259,8.808290155440416,13.471502590673575
SUB7689921,"Revenue Driver (High ARPU, High Data)",Premium (>R500),Postpaid_Unlimited,12.946549999999998,832.98,0.5791272322009409,78.35455435847209,10.969637610186092,10.186092066601372,0.4897159647404505
SUB3203087,"Revenue Driver (High ARPU, High Data)",Premium (>R500),Postpaid_Premium,9.73683,700.84,0.3356301776141102,20.938628158844764,54.151624548736464,22.743682310469314,2.166064981949458
SUB6905447,Regular User,Mid (R100-200),Postpaid_Premium,1.0956199999999998,115.94,0.09361783821628356,10.0,60.78947368421053,23.421052631578945,5.7894736842105265
SUB9750519,"Upsell Opportunity (Low ARPU, Low Data)",Mid (R100-200),Prepaid_Monthly,0.89727,100.2,0.004047707587497951,46.34146341463415,25.609756097560975,1.2195121951219512,26.82926829268293
SUB1126202,"Upsell Opportunity (Low ARPU, Low Data)",Mid-Low (R50-100),Prepaid_Daily,0.69499,94.12,0.06458228140932976,30.726256983240223,20.111731843575416,45.81005586592178,3.35195530726257
SUB6858204,Regular User,Mid (R100-200),Postpaid_Unlimited,1.8891900000000001,178.91,0.10247440298366617,54.0948275862069,38.362068965517246,6.681034482758622,0.8620689655172415
SUB6280156,"Revenue Driver (High ARPU, High Data)",High (R200-500),Postpaid_Unlimited,5.14333,383.89,0.9087952015881253,24.06847935548842,30.31218529707956,40.28197381671702,5.337361530715006
SUB3471321,Regular User,High (R200-500),Prepaid_Daily,2.7606599999999997,329.3,0.09478960130191671,82.62295081967214,9.836065573770492,5.901639344262295,1.639344262295082
SUB8554159,"Upsell Opportunity (Low ARPU, Low Data)",Low (<R50),Prepaid_Monthly,0.23429,47.59,0.0609898140679975,7.83132530120482,55.42168674698795,30.12048192771084,6.6265060240963845
SUB3217181,"Revenue Driver (High ARPU, High Data)",High (R200-500),Postpaid_Premium,4.6972700000000005,401.73,1.3874044069558247,46.395563770794816,17.190388170055453,17.375231053604434,19.038817005545287
SUB6629905,"Revenue Driver (High ARPU, High Data)",High (R200-500),Prepaid_Monthly,3.87332,336.35,0.11076830936390225,24.0,67.42857142857143,4.571428571428571,4.0
SUB5044064,Regular User,High (R200-500),Prepaid_Monthly,2.98979,266.24,0.1988164027928372,63.4020618556701,33.50515463917526,0.0,3.0927835051546393
SUB3429700,Regular User,High (R200-500),Prepaid_Daily,2.47524,296.81,0.29921664025540284,42.05607476635514,20.093457943925234,3.7383177570093453,34.112149532710276
SUB4596436,"Revenue Driver (High ARPU, High Data)",Premium (>R500),Postpaid_Unlimited,7.21242,526.66,0.3604176508189285,42.23968565815324,50.884086444007856,5.1080550098231825,1.768172888015717
SUB4720464,Regular User,Mid (R100-200),Postpaid_Basic,1.56892,185.45,0.1330157681772408,64.28571428571429,24.489795918367346,11.224489795918368,0.0
SUB2418351,Regular User,High (R200-500),Postpaid_Basic,2.76532,266.63,0.13455642372770926,60.0,38.5,0.5,1.0
SUB5372472,Regular User,High (R200-500),Postpaid_Basic,1.96313,212.2,0.08236926713257953,39.77900552486188,54.696132596685075,1.6574585635359116,3.8674033149171274
SUB4345647,Regular User,High (R200-500),Postpaid_Unlimited,2.3110399999999998,212.38,0.15155865583628403,20.71428571428571,37.50000000000001,27.321428571428573,14.464285714285715
SUB8998799,"Revenue Driver (High ARPU, High Data)",Premium (>R500),Postpaid_Premium,11.46594,741.03,1.663431802453223,53.404539385847805,40.05340453938585,4.138851802403205,2.403204272363151
SUB5391649,"Revenue Driver (High ARPU, High Data)",Premium (>R500),Prepaid_Monthly,10.03623,652.25,2.0194251661467764,42.96028880866425,53.18892900120337,3.6101083032490973,0.24067388688327318
SUB7575046,Regular User,High (R200-500),Postpaid_Premium,2.8678600000000003,256.56,0.12109717914756812,34.82142857142858,51.33928571428572,2.901785714285715,10.937500000000002
SUB8846540,"Upsell Opportunity (Low ARPU, Low Data)",Mid-Low (R50-100),Prepaid_Daily,0.68711,93.23,0.24227674821915357,48.648648648648646,33.108108108108105,7.4324324324324325,10.81081081081081
SUB4883424,"Revenue Driver (High ARPU, High Data)",High (R200-500),Postpaid_Premium,4.37805,376.4,1.019825590975516,25.507246376811594,53.62318840579711,12.463768115942027,8.405797101449275
SUB1785890,"Upsell Opportunity (Low ARPU, Low Data)",Mid-Low (R50-100),Prepaid_Daily,0.37355,57.53,0.053907253054234494,8.379888268156424,40.22346368715083,20.670391061452513,30.726256983240223
SUB5969411,Regular User,High (R200-500),Prepaid_Monthly,2.237,206.51,0.17419654559638964,46.48437500000001,50.000000000000014,2.3437500000000004,1.1718750000000002
SUB7646854,Regular User,Mid (R100-200),Prepaid_Monthly,1.0618599999999998,113.26,0.05259600535813269,15.196078431372548,18.137254901960784,6.372549019607843,60.29411764705882
SUB1713806,Regular User,Mid (R100-200),Postpaid_Basic,1.19839,160.31,0.16916442731315895,2.881844380403458,74.35158501440921,2.881844380403458,19.884726224783858
SUB8863353,"Revenue Driver (High ARPU, High Data)",Premium (>R500),Postpaid_Premium,8.65651,626.3,2.0846498984031063,19.496855345911953,9.224318658280923,28.825995807127885,42.45283018867924
SUB3064618,"Upsell Opportunity (Low ARPU, Low Data)",Mid-Low (R50-100),Prepaid_Monthly,0.27252,50.62,0.022854861711521096,32.20338983050847,43.220338983050844,17.796610169491522,6.779661016949151
SUB7930358,"Upsell Opportunity (Low ARPU, Low Data)",Low (<R50),Prepaid_Daily,0.20801,38.68,0.060235851357328646,21.62162162162162,51.35135135135135,24.324324324324323,2.7027027027027026
SUB8961813,Regular User,High (R200-500),Postpaid_Unlimited,3.16419,280.08,0.2941061707450161,29.08653846153846,43.75,13.461538461538463,13.701923076923075
SUB1024363,"Revenue Driver (High ARPU, High Data)",Premium (>R500),Postpaid_Unlimited,8.86148,640.44,3.0557396452930714,67.8466076696165,25.860373647984265,3.83480825958702,2.4582104228121926
SUB6650352,"Revenue Driver (High ARPU, High Data)",Premium (>R500),Postpaid_Unlimited,7.91941,575.44,0.08773554427147179,44.70820969337289,29.67359050445104,10.286844708209694,15.33135509396637
SUB9399625,Regular User,High (R200-500),Prepaid_Monthly,2.41703,220.79,0.369442382963304,51.94805194805194,25.97402597402597,4.545454545454545,17.53246753246753
SUB9059777,Regular User,Mid (R100-200),Prepaid_Monthly,1.26326,129.24,0.06506640398162844,38.49372384937239,41.42259414225941,17.15481171548117,2.928870292887029
SUB3081530,Regular User,Mid (R100-200),Prepaid_Monthly,1.10627,116.78,0.2507748388051342,16.78321678321678,58.741258741258726,18.88111888111888,5.594405594405593
SUB2840220,"Upsell Opportunity (Low ARPU, Low Data)",Mid-Low (R50-100),Prepaid_Monthly,0.49031,67.91,0.16024236910631695,32.78688524590164,55.73770491803278,1.6393442622950818,9.83606557377049
SUB4430460,"Revenue Driver (High ARPU, High Data)",Premium (>R500),Postpaid_Basic,15.66094,910.6,1.3845692323784355,63.948840927258196,7.194244604316546,18.225419664268582,10.631494804156675
SUB6506336,"Upsell Opportunity (Low ARPU, Low Data)",Mid-Low (R50-100),Prepaid_Daily,0.47047000000000005,68.56,0.13945168750028436,26.582278481012654,11.39240506329114,41.77215189873418,20.253164556962027
SUB1843523,"Upsell Opportunity (Low ARPU, Low Data)",Mid-Low (R50-100),Prepaid_Daily,0.53764,76.21,0.4525201618524016,8.213552361396303,83.5728952772074,7.186858316221765,1.0266940451745379
SUB7805360,Regular User,Mid (R100-200),Postpaid_Unlimited,1.1312200000000001,118.76,0.05514739077486719,6.0046189376443415,48.26789838337182,20.554272517321014,25.17321016166282
SUB4764993,"Revenue Driver (High ARPU, High Data)",High (R200-500),Postpaid_Unlimited,6.54659,480.71,2.0188001640525037,38.87931034482758,51.724137931034484,7.5,1.896551724137931
SUB5466271,Regular User,Mid (R100-200),Postpaid_Premium,2.10919,196.36,0.6860904755779536,30.165289256198346,49.586776859504134,2.892561983471075,17.355371900826448
SUB8779008,"Upsell Opportunity (Low ARPU, Low Data)",Mid-Low (R50-100),Prepaid_Daily,0.6457999999999999,88.52,0.23255613592431423,26.89075630252101,58.26330532212884,8.123249299719888,6.722689075630252
SUB3350876,Regular User,Mid (R100-200),Prepaid_Daily,1.6224100000000001,199.71,0.014663418538029216,24.71655328798186,50.34013605442177,7.482993197278912,17.46031746031746
SUB3997493,"Upsell Opportunity (Low ARPU, Low Data)",Mid-Low (R50-100),Prepaid_Daily,0.38677,59.03,0.1847176907157358,63.76811594202898,18.84057971014493,13.043478260869565,4.347826086956521
SUB5678714,"Revenue Driver (High ARPU, High Data)",Premium (>R500),Prepaid_Daily,5.29416,539.12,0.18034186003339148,26.533742331288344,64.7239263803681,6.441717791411043,2.3006134969325154
SUB6515989,Regular User,High (R200-500),Postpaid_Basic,2.96677,280.3,0.3938959650675633,36.170212765957444,46.45390070921985,11.702127659574467,5.673758865248227
SUB4298273,"Upsell Opportunity (Low ARPU, Low Data)",Mid-Low (R50-100),Prepaid_Monthly,0.52428,70.6,0.005697967155753103,9.701492537313433,79.1044776119403,4.477611940298507,6.7164179104477615
SUB3892371,"Revenue Driver (High ARPU, High Data)",Premium (>R500),Postpaid_Basic,7.1923699999999995,503.35,1.4611572097353855,23.855092276144905,26.110731373889262,10.526315789473681,39.507860560492134
SUB7626532,Regular User,Mid (R100-200),Postpaid_Premium,1.15948,121.0,0.0683326032042324,53.40136054421769,22.44897959183674,3.741496598639456,20.408163265306122
SUB3993220,Regular User,Mid (R100-200),Postpaid_Premium,1.35949,136.88,0.06201268449405495,33.97129186602871,27.990430622009573,13.875598086124402,24.16267942583732
SUB7702692,"Upsell Opportunity (Low ARPU, Low Data)",Mid-Low (R50-100),Prepaid_Daily,0.46253,67.66,0.12388034529098901,58.44155844155845,6.493506493506494,23.376623376623378,11.688311688311689
SUB7822567,"Revenue Driver (High ARPU, High Data)",High (R200-500),Postpaid_Unlimited,3.5387399999999998,309.8,0.0063333000147318685,29.219143576826195,40.80604534005038,29.72292191435768,0.25188916876574313
SUB3014751,"Upsell Opportunity (Low ARPU, Low Data)",Mid (R100-200),Prepaid_Daily,0.74697,100.04,0.1083648614188868,56.25,29.166666666666668,2.083333333333333,12.499999999999998
SUB5501572,Regular User,Mid (R100-200),Prepaid_Monthly,2.01952,189.25,0.05581518338649638,22.016460905349795,68.5185185185185,8.23045267489712,1.2345679012345678
SUB2844053,"Upsell Opportunity (Low ARPU, Low Data)",Mid-Low (R50-100),Postpaid_Unlimited,0.27536,79.0,0.10230385566219877,6.790123456790123,20.37037037037037,41.358024691358025,31.48148148148148
SUB2189138,Regular User,Mid (R100-200),Postpaid_Unlimited,1.58047,154.41,0.07499852940510388,24.066390041493776,64.52282157676349,1.6597510373443987,9.751037344398341
SUB9987114,"Revenue Driver (High ARPU, High Data)",High (R200-500),Prepaid_Monthly,5.5868400000000005,414.49,0.1816616394661592,52.67406659939454,19.374369323915236,0.30272452068617556,27.64883955600404
SUB9437482,"Revenue Driver (High ARPU, High Data)",Premium (>R500),Postpaid_Unlimited,12.22498,788.17,1.2382406181356558,57.17948717948719,32.39316239316239,3.760683760683761,6.666666666666668
SUB8393979,Regular User,Mid (R100-200),Prepaid_Monthly,1.46123,144.95,0.013592996583786876,24.69135802469136,13.580246913580249,3.7037037037037033,58.0246913580247
SUB4372455,"Revenue Driver (High ARPU, High Data)",Premium (>R500),Postpaid_Unlimited,7.71225,561.15,0.6249616647792324,57.65247410817032,30.95512082853855,9.551208285385501,1.8411967779056386
SUB3986068,"Upsell Opportunity (Low ARPU, Low Data)",Mid-Low (R50-100),Prepaid_Monthly,0.39444999999999997,60.3,0.23304814990356648,8.130081300813007,71.00271002710028,18.69918699186992,2.168021680216802
SUB2477482,"Upsell Opportunity (Low ARPU, Low Data)",Mid-Low (R50-100),Prepaid_Daily,0.5155,73.69,0.0581636713802447,44.554455445544555,11.881188118811881,35.64356435643564,7.920792079207921
SUB6875836,"Revenue Driver (High ARPU, High Data)",High (R200-500),Postpaid_Premium,4.373060000000001,376.0,0.5176747920674458,37.777777777777786,34.32098765432099,10.864197530864198,17.037037037037038
SUB2553744,"Revenue Driver (High ARPU, High Data)",High (R200-500),Postpaid_Basic,3.71509,331.07,0.05431784540018114,48.382352941176464,39.11764705882353,7.647058823529411,4.852941176470588
SUB1388076,"Revenue Driver (High ARPU, High Data)",Premium (>R500),Postpaid_Basic,7.141979999999999,500.38,0.8220509199271859,53.89876880984953,15.047879616963067,13.81668946648427,17.236662106703147
SUB9821437,Regular User,High (R200-500),Prepaid_Daily,2.28728,275.41,0.04021801239232525,10.652173913043477,88.69565217391303,0.6521739130434782,0.0
SUB7986658,Regular User,Mid (R100-200),Postpaid_Unlimited,1.83623,174.7,0.21507338308787194,15.454545454545453,60.45454545454545,7.954545454545453,16.136363636363633
SUB1174588,Regular User,Mid (R100-200),Prepaid_Daily,1.36754,170.69,0.5166258095259955,61.00386100386102,12.355212355212355,26.25482625482626,0.3861003861003861
SUB2285844,"Revenue Driver (High ARPU, High Data)",Premium (>R500),Postpaid_Premium,15.367299999999998,983.31,1.4743353094655678,47.81829049611476,18.7089061566049,1.7931858936043037,31.67961745367603
SUB9168326,Regular User,Mid (R100-200),Prepaid_Daily,1.1403299999999998,144.83,0.0483135734952036,87.98701298701297,6.1688311688311686,5.194805194805195,0.6493506493506493
SUB3979718,"Upsell Opportunity (Low ARPU, Low Data)",Mid-Low (R50-100),Postpaid_Basic,0.18847,91.79,0.0328639558484545,11.594202898550726,17.391304347826086,27.536231884057973,43.47826086956522
SUB4275709,"Revenue Driver (High ARPU, High Data)",Premium (>R500),Prepaid_Daily,6.91004,699.09,0.5645249208280054,75.33460803059275,5.544933078393882,9.177820267686426,9.942638623326964
SUB5394643,"Upsell Opportunity (Low ARPU, Low Data)",Mid-Low (R50-100),Prepaid_Monthly,0.7454400000000001,88.15,0.0672995886096408,31.775700934579437,37.38317757009346,30.8411214953271,0.0
SUB6224237,Regular User,Mid (R100-200),Postpaid_Premium,0.9822000000000001,106.94,0.5051639300773535,3.3660589060308554,84.15147265077138,12.342215988779802,0.1402524544179523
SUB9836621,"Upsell Opportunity (Low ARPU, Low Data)",Low (<R50),Prepaid_Daily,0.05898,29.0,0.014586982141629859,16.666666666666668,50.0,25.0,8.333333333333334
SUB7162492,"Upsell Opportunity (Low ARPU, Low Data)",Mid (R100-200),Prepaid_Daily,0.82697,109.15,0.03926278913745618,58.75370919881306,26.112759643916917,13.056379821958458,2.077151335311573
SUB1842329,"Revenue Driver (High ARPU, High Data)",Premium (>R500),Postpaid_Premium,8.07625,586.26,1.8524739259203997,13.284132841328415,55.35055350553506,31.36531365313653,0.0
SUB5062316,"Revenue Driver (High ARPU, High Data)",High (R200-500),Postpaid_Unlimited,5.31084,395.45,1.3366353813560448,38.095238095238095,45.48440065681445,7.55336617405583,8.866995073891626
SUB4086176,Regular User,Mid (R100-200),Postpaid_Unlimited,1.19426,123.76,0.15349215913651482,14.814814814814813,42.592592592592595,12.962962962962962,29.629629629629626
SUB2885190,"Upsell Opportunity (Low ARPU, Low Data)",Mid-Low (R50-100),Prepaid_Daily,0.4015,60.71,0.20047637554793135,12.037037037037036,17.59259259259259,1.8518518518518516,68.5185185185185
SUB3640955,Regular User,Mid (R100-200),Prepaid_Monthly,1.84613,175.49,0.22083648665874045,54.25531914893617,10.283687943262409,7.446808510638298,28.014184397163117
SUB3622280,"Revenue Driver (High ARPU, High Data)",Premium (>R500),Postpaid_Premium,10.02347,651.46,0.7475613309286153,56.5843621399177,15.637860082304528,3.703703703703704,24.074074074074076
SUB2679161,"Upsell Opportunity (Low ARPU, Low Data)",Low (<R50),Prepaid_Daily,0.25538,44.08,0.12361378738542847,27.272727272727277,11.111111111111112,1.0101010101010102,60.60606060606061
SUB1801849,Regular User,Mid (R100-200),Postpaid_Basic,1.56928,185.48,0.20059697061801995,40.714285714285715,28.92857142857143,24.642857142857142,5.714285714285714
SUB4404629,"Upsell Opportunity (Low ARPU, Low Data)",Mid (R100-200),Postpaid_Unlimited,0.96017,105.19,0.20424221055309122,41.13924050632911,22.151898734177212,24.68354430379747,12.025316455696203
SUB5948600,"Upsell Opportunity (Low ARPU, Low Data)",Mid-Low (R50-100),Postpaid_Premium,0.68649,83.47,0.046972515800709935,12.204724409448819,28.346456692913385,54.33070866141732,5.118110236220472
SUB8969693,Regular User,Mid (R100-200),Prepaid_Monthly,1.0755599999999998,114.35,0.17352321948834626,23.9067055393586,23.032069970845484,28.86297376093295,24.198250728862973
SUB7110793,"Revenue Driver (High ARPU, High Data)",High (R200-500),Postpaid_Basic,5.51726,404.52,0.19981485279219502,73.47826086956523,12.82608695652174,6.304347826086956,7.391304347826089
SUB4726713,"Revenue Driver (High ARPU, High Data)",Premium (>R500),Postpaid_Basic,12.18651,726.1,0.9776924813444143,55.14285714285714,36.19047619047619,6.476190476190477,2.1904761904761907
SUB3538568,"Upsell Opportunity (Low ARPU, Low Data)",Mid-Low (R50-100),Prepaid_Monthly,0.7655599999999999,89.75,0.23660761424055632,0.3322259136212625,89.70099667774087,8.305647840531561,1.6611295681063125
SUB7328404,"Revenue Driver (High ARPU, High Data)",High (R200-500),Postpaid_Unlimited,3.77766,328.76,0.1723631300388968,10.195227765726681,40.130151843817785,43.38394793926247,6.290672451193058
SUB9622903,Regular User,Mid (R100-200),Postpaid_Basic,1.53118,182.89,0.2534292878820199,36.12565445026178,34.554973821989535,28.53403141361257,0.7853403141361256
SUB4101373,"Upsell Opportunity (Low ARPU, Low Data)",Mid-Low (R50-100),Postpaid_Premium,0.42966000000000004,79.0,0.12635651302459028,50.45045045045045,18.01801801801802,25.225225225225223,6.306306306306306
SUB9439469,Regular User,Mid (R100-200),Postpaid_Basic,0.86105,137.42,0.035845414860441016,9.156193895870736,68.04308797127469,5.026929982046679,17.7737881508079
SUB4763122,"Revenue Driver (High ARPU, High Data)",Premium (>R500),Postpaid_Premium,7.031149999999999,514.15,1.1681505043500033,39.67013888888889,52.083333333333336,5.381944444444445,2.8645833333333335
SUB8686906,"Revenue Driver (High ARPU, High Data)",High (R200-500),Postpaid_Basic,3.41515,310.72,0.06277047130200808,59.51035781544256,7.344632768361581,19.209039548022595,13.935969868173256
SUB5944614,"Revenue Driver (High ARPU, High Data)",High (R200-500),Prepaid_Monthly,3.64726,318.41,0.850688117265336,45.87155963302753,48.39449541284404,5.045871559633029,0.6880733944954129
SUB5567994,Regular User,Mid (R100-200),Postpaid_Premium,1.51922,149.55,0.037570512630712205,39.90384615384615,15.384615384615385,36.05769230769231,8.653846153846153
SUB2534026,Regular User,High (R200-500),Prepaid_Monthly,2.37633,217.56,0.30343552344033053,26.82926829268293,46.34146341463415,15.6794425087108,11.149825783972126
SUB1238366,"Upsell Opportunity (Low ARPU, Low Data)",Low (<R50),Prepaid_Daily,0.21899000000000002,39.93,0.012169579732684566,39.53488372093024,13.953488372093023,27.906976744186046,18.6046511627907
SUB9033651,"Revenue Driver (High ARPU, High Data)",High (R200-500),Postpaid_Basic,3.72693,331.87,0.9932831486198821,59.64912280701755,15.384615384615385,21.05263157894737,3.913630229419703
SUB9622587,"Revenue Driver (High ARPU, High Data)",High (R200-500),Postpaid_Premium,4.19951,362.23,0.7599892547382234,33.40380549682875,50.52854122621564,10.782241014799153,5.285412262156448
SUB2911128,"Revenue Driver (High ARPU, High Data)",Premium (>R500),Prepaid_Monthly,8.25177,598.37,2.276247107521476,55.2479815455594,19.492502883506344,0.6920415224913495,24.567474048442904
SUB1415008,"Revenue Driver (High ARPU, High Data)",Premium (>R500),Postpaid_Premium,6.89055,504.45,0.007125047677025265,36.60245183887916,35.814360770577935,6.830122591943959,20.753064798598952
SUB9783376,"Revenue Driver (High ARPU, High Data)",High (R200-500),Prepaid_Daily,3.70779,437.13,0.35935572011362726,75.46468401486989,15.613382899628252,2.2304832713754648,6.691449814126393
SUB7787702,"Revenue Driver (High ARPU, High Data)",Premium (>R500),Prepaid_Monthly,13.87496,890.64,0.8182555643993155,51.779935275080916,27.57281553398058,8.737864077669903,11.909385113268609
SUB7004327,"Upsell Opportunity (Low ARPU, Low Data)",Mid-Low (R50-100),Prepaid_Monthly,0.54173,71.99,0.14884226789590094,58.21596244131456,7.042253521126761,16.431924882629108,18.30985915492958
SUB9913742,Regular User,High (R200-500),Postpaid_Unlimited,2.50114,227.47,0.17964060906057,89.0274314214464,5.236907730673317,0.4987531172069826,5.236907730673317
SUB7671458,"Revenue Driver (High ARPU, High Data)",High (R200-500),Postpaid_Basic,3.46969,314.42,0.5857492925008199,55.31250000000001,42.50000000000001,0.9375,1.25
SUB9659522,"Upsell Opportunity (Low ARPU, Low Data)",Mid-Low (R50-100),Postpaid_Unlimited,0.6545700000000001,80.94,0.3069330842650322,3.9301310043668116,51.96506550218341,14.41048034934498,29.694323144104807
SUB7953757,"Revenue Driver (High ARPU, High Data)",Premium (>R500),Postpaid_Unlimited,14.640600000000001,938.18,3.7456245642084554,30.917874396135264,24.34782608695652,17.584541062801932,27.149758454106276
SUB6790233,Regular User,Mid (R100-200),Prepaid_Daily,1.41114,175.66,0.003756065544140874,1.9230769230769231,93.18181818181819,1.048951048951049,3.8461538461538463
SUB6384935,"Revenue Driver (High ARPU, High Data)",High (R200-500),Postpaid_Basic,5.34113,394.13,1.5664301619182774,26.17801047120419,44.87658937920718,6.507105459985041,22.43829468960359
SUB1684659,Regular User,Mid (R100-200),Postpaid_Basic,1.46095,178.13,0.2477853765495719,54.90196078431373,30.588235294117656,10.196078431372552,4.31372549019608
SUB5084591,Regular User,Mid (R100-200),Postpaid_Premium,1.12195,118.03,0.16248112014453675,29.714285714285715,46.857142857142854,21.142857142857142,2.2857142857142856
SUB3613456,"Revenue Driver (High ARPU, High Data)",Premium (>R500),Postpaid_Unlimited,10.602649999999999,687.42,1.5218542158331356,70.52441229656418,22.603978300180827,1.989150090415913,4.8824593128390585
SUB6094502,Regular User,Mid (R100-200),Postpaid_Basic,1.23034,162.48,0.2777858108681899,36.96969696969697,34.54545454545455,11.515151515151516,16.969696969696972
SUB8688659,Regular User,Mid (R100-200),Prepaid_Monthly,1.2083499999999998,124.88,0.029345924471309903,25.97402597402597,60.38961038961038,7.1428571428571415,6.493506493506493
SUB8979633,Regular User,High (R200-500),Prepaid_Monthly,2.70892,243.95,0.8620503507725372,23.30708661417323,63.93700787401575,10.393700787401576,2.3622047244094486
SUB4330922,"Revenue Driver (High ARPU, High Data)",Premium (>R500),Postpaid_Premium,7.48025,545.14,1.2254127193421764,47.804878048780495,51.463414634146346,0.4878048780487806,0.2439024390243903
SUB4177945,Regular User,Mid (R100-200),Postpaid_Premium,1.1648,121.43,0.3419235627608319,18.09045226130653,27.63819095477387,1.0050251256281406,53.266331658291456
SUB8587973,Regular User,Mid (R100-200),Postpaid_Basic,1.55816,184.72,0.2851600399705192,31.386861313868607,43.06569343065693,5.109489051094891,20.437956204379564
SUB5187442,"Upsell Opportunity (Low ARPU, Low Data)",Mid-Low (R50-100),Prepaid_Daily,0.47076999999999997,68.6,0.0006859145340502582,34.95145631067961,46.60194174757281,18.446601941747574,0.0
SUB9601462,Regular User,High (R200-500),Postpaid_Unlimited,3.09694,274.74,0.7252475981381394,28.99628252788104,14.126394052044608,49.56629491945477,7.311028500619578
SUB6363998,Regular User,Mid (R100-200),Postpaid_Unlimited,1.05725,112.89,0.021126698858523918,32.11678832116788,45.25547445255474,17.27493917274939,5.35279805352798
SUB3904941,"Revenue Driver (High ARPU, High Data)",Premium (>R500),Prepaid_Daily,5.20105,529.9,0.9015131430501953,56.61538461538462,31.07692307692308,11.23076923076923,1.076923076923077
SUB6036117,"Upsell Opportunity (Low ARPU, Low Data)",Mid-Low (R50-100),Prepaid_Daily,0.41656,62.43,0.04068079485167925,7.6923076923076925,45.05494505494505,16.483516483516482,30.76923076923077
SUB3798945,"Upsell Opportunity (Low ARPU, Low Data)",Mid (R100-200),Prepaid_Daily,0.8393200000000001,110.56,0.12430042746463232,11.470588235294118,37.94117647058823,3.2352941176470584,47.35294117647059
SUB6893868,"Upsell Opportunity (Low ARPU, Low Data)",Mid-Low (R50-100),Prepaid_Monthly,0.33581,55.65,0.021273264562476746,8.433734939759036,31.32530120481928,47.59036144578313,12.650602409638553
SUB1708175,Regular User,Mid (R100-200),Prepaid_Daily,1.37547,171.6,0.06912669922737913,32.78145695364238,23.509933774834437,28.807947019867548,14.90066225165563
SUB8499066,Regular User,High (R200-500),Prepaid_Daily,2.47018,296.23,0.8931537698992016,14.834205933682371,77.66143106457243,6.282722513089005,1.2216404886561953
SUB8641646,"Upsell Opportunity (Low ARPU, Low Data)",Mid-Low (R50-100),Prepaid_Monthly,0.5057200000000001,69.13,0.06478934774596234,8.92857142857143,74.10714285714286,10.267857142857144,6.696428571428571
SUB4296903,Regular User,Mid (R100-200),Postpaid_Basic,0.8375,135.82,0.23908827366702667,3.1707317073170733,74.63414634146342,16.82926829268293,5.365853658536586
SUB9360777,"Upsell Opportunity (Low ARPU, Low Data)",Mid (R100-200),Postpaid_Basic,0.53365,115.21,0.00860058312955092,25.24271844660194,12.62135922330097,27.18446601941748,34.95145631067961
SUB3816112,"Upsell Opportunity (Low ARPU, Low Data)",Mid-Low (R50-100),Postpaid_Basic,0.02436,80.65,0.02003301785837014,16.666666666666668,25.0,50.0,8.333333333333334
SUB4751198,"Revenue Driver (High ARPU, High Data)",Premium (>R500),Postpaid_Premium,11.970270000000001,772.35,0.38337849654777756,66.39004149377593,6.639004149377594,15.518672199170124,11.452282157676347
SUB4314344,"Upsell Opportunity (Low ARPU, Low Data)",Mid-Low (R50-100),Prepaid_Daily,0.6841799999999999,92.89,0.07537936895146424,27.472527472527474,47.252747252747255,11.538461538461538,13.736263736263737
SUB3845157,"Upsell Opportunity (Low ARPU, Low Data)",Mid-Low (R50-100),Postpaid_Premium,0.26125,79.0,0.12792197531825844,23.076923076923077,26.923076923076927,44.230769230769226,5.769230769230769
SUB8536765,"Upsell Opportunity (Low ARPU, Low Data)",Mid-Low (R50-100),Prepaid_Daily,0.53366,75.76,0.024791001033556692,4.310344827586207,71.55172413793103,9.482758620689657,14.655172413793105
SUB8355554,"Upsell Opportunity (Low ARPU, Low Data)",Mid-Low (R50-100),Prepaid_Daily,0.58705,81.84,0.013738522500960637,15.70680628272251,40.31413612565445,14.136125654450263,29.842931937172768
SUB2524102,Regular User,High (R200-500),Prepaid_Monthly,3.21229,283.9,0.47671301883584727,14.624505928853756,34.51910408432148,1.0540184453227932,49.80237154150197
SUB8948745,"Upsell Opportunity (Low ARPU, Low Data)",Mid-Low (R50-100),Prepaid_Monthly,0.65899,81.29,0.22594708375620054,44.24778761061947,38.93805309734514,3.539823008849558,13.274336283185843
SUB6932572,"Upsell Opportunity (Low ARPU, Low Data)",Mid-Low (R50-100),Postpaid_Premium,0.6958,84.21,0.055977192999648984,13.060428849902534,31.384015594541907,32.35867446393762,23.19688109161793
SUB3833552,"Upsell Opportunity (Low ARPU, Low Data)",Mid (R100-200),Prepaid_Daily,0.85581,112.43,0.0010814219504960976,19.93243243243243,25.675675675675674,3.7162162162162162,50.67567567567568
SUB9352110,Regular User,High (R200-500),Prepaid_Daily,1.7918900000000002,219.01,0.5190076301576607,31.468531468531463,52.09790209790209,14.335664335664333,2.0979020979020975
SUB7143192,"Upsell Opportunity (Low ARPU, Low Data)",Mid-Low (R50-100),Prepaid_Monthly,0.61388,77.71,0.034499064998995355,24.63054187192118,15.763546798029553,53.69458128078818,5.911330049261083
SUB3086213,Regular User,High (R200-500),Postpaid_Premium,3.31404,291.97,0.39755312041205704,21.721311475409834,57.92349726775956,19.262295081967213,1.092896174863388
SUB2657153,"Revenue Driver (High ARPU, High Data)",High (R200-500),Postpaid_Premium,4.233689999999999,364.94,0.12260011038912566,25.646123260437374,56.85884691848906,7.5546719681908545,9.940357852882704
SUB4421103,"Revenue Driver (High ARPU, High Data)",High (R200-500),Postpaid_Basic,3.6515500000000003,326.76,0.2278280747563537,59.25925925925927,24.279835390946502,1.234567901234568,15.226337448559674
SUB5414084,"Upsell Opportunity (Low ARPU, Low Data)",Mid-Low (R50-100),Prepaid_Monthly,0.89362,99.91,0.14258195730920098,12.927756653992398,80.60836501901142,3.0418250950570345,3.4220532319391634
SUB3338377,"Upsell Opportunity (Low ARPU, Low Data)",Mid-Low (R50-100),Postpaid_Unlimited,0.48210000000000003,79.0,0.4318896785037262,12.871287128712872,39.603960396039604,0.0,47.524752475247524
SUB7296450,Regular User,Mid (R100-200),Prepaid_Daily,1.01517,130.58,0.2843377868004977,48.0392156862745,42.15686274509804,2.941176470588235,6.862745098039216
SUB4761054,Regular User,High (R200-500),Prepaid_Monthly,2.9706900000000003,264.72,0.18585886538795737,61.822660098522164,21.42857142857143,2.4630541871921188,14.285714285714285
SUB6508833,Regular User,Mid (R100-200),Postpaid_Unlimited,1.40623,140.58,0.15573041461916204,44.00000000000001,43.2,11.200000000000001,1.6
SUB6388811,"Upsell Opportunity (Low ARPU, Low Data)",Mid-Low (R50-100),Prepaid_Monthly,0.35264,56.98,0.03858757740964097,20.098039215686274,68.62745098039214,3.431372549019608,7.8431372549019605
SUB3887296,"Upsell Opportunity (Low ARPU, Low Data)",Mid-Low (R50-100),Prepaid_Monthly,0.8605700000000001,97.29,0.029344156460986315,3.9473684210526314,70.39473684210526,16.447368421052634,9.210526315789474
SUB3472189,"Upsell Opportunity (Low ARPU, Low Data)",Mid-Low (R50-100),Prepaid_Monthly,0.39659,60.47,0.0007501174809857458,7.894736842105264,51.75438596491229,7.894736842105264,32.45614035087719
SUB5614965,Regular User,Mid (R100-200),Postpaid_Premium,1.0147,109.52,0.21244819021011774,26.41509433962264,50.31446540880504,11.320754716981133,11.949685534591197
SUB3779060,"Revenue Driver (High ARPU, High Data)",High (R200-500),Postpaid_Premium,5.2611300000000005,392.02,0.010360873841949392,30.258899676375407,55.98705501618123,2.26537216828479,11.488673139158575
SUB9623353,"Revenue Driver (High ARPU, High Data)",High (R200-500),Postpaid_Basic,6.66818,472.42,1.3092458211406859,72.20216606498195,16.69675090252708,4.6028880866426,6.4981949458483745
SUB3118324,"Revenue Driver (High ARPU, High Data)",Premium (>R500),Postpaid_Basic,9.14773,618.72,1.2033766890579827,65.09357200976405,11.065907241659888,14.32058584214809,9.51993490642799
SUB7356605,Regular User,High (R200-500),Prepaid_Daily,2.42927,291.57,0.32924289661997674,43.589743589743584,13.846153846153847,3.5897435897435894,38.97435897435897
SUB9242184,"Revenue Driver (High ARPU, High Data)",Premium (>R500),Postpaid_Basic,12.54504,745.14,4.662743902837395,53.79959650302622,17.552118359112306,20.309347679892404,8.338937457969067
SUB4802177,Regular User,High (R200-500),Prepaid_Monthly,2.23663,206.48,0.039116032522259925,62.62295081967213,28.524590163934427,4.918032786885246,3.934426229508197
SUB6701048,Regular User,Mid (R100-200),Postpaid_Premium,1.07084,113.97,0.1544954830483456,91.11111111111111,0.44444444444444453,1.7777777777777781,6.666666666666668
SUB5948008,Regular User,Mid (R100-200),Prepaid_Daily,1.43658,178.55,0.2723619529896526,34.29752066115702,26.859504132231404,15.702479338842975,23.1404958677686
SUB5108997,"Upsell Opportunity (Low ARPU, Low Data)",Mid (R100-200),Prepaid_Daily,0.8177000000000001,108.1,0.07992146137328504,19.0,76.0,3.0,2.0
SUB3802743,Regular User,Mid (R100-200),Postpaid_Premium,1.51724,149.39,0.12324318458013939,14.381270903010032,78.5953177257525,4.682274247491639,2.3411371237458196
SUB9450361,"Revenue Driver (High ARPU, High Data)",Premium (>R500),Prepaid_Monthly,9.957469999999999,716.07,0.26056569396389584,87.84722222222221,3.4722222222222223,1.388888888888889,7.291666666666667
SUB5673584,Regular User,Mid (R100-200),Prepaid_Daily,1.30259,163.3,0.20298384211879572,15.50802139037433,82.88770053475936,1.60427807486631,0.0
SUB2676850,"Upsell Opportunity (Low ARPU, Low Data)",Mid (R100-200),Prepaid_Daily,0.92353,120.14,0.15280811318184573,59.72222222222221,15.277777777777777,20.833333333333332,4.166666666666666
SUB4903869,"Revenue Driver (High ARPU, High Data)",High (R200-500),Prepaid_Daily,3.79015,446.51,0.7733986338398671,47.31707317073171,25.85365853658537,13.170731707317076,13.658536585365857
SUB7979740,"Upsell Opportunity (Low ARPU, Low Data)",Mid-Low (R50-100),Postpaid_Unlimited,0.41827,79.0,0.11642276206339591,4.040404040404041,31.986531986531986,60.942760942760955,3.0303030303030303
SUB6199648,"Upsell Opportunity (Low ARPU, Low Data)",Mid (R100-200),Postpaid_Basic,0.42113,107.57,0.07844201954547997,35.42857142857142,52.0,10.857142857142858,1.7142857142857144
SUB1287249,Regular User,Mid (R100-200),Prepaid_Monthly,1.4511800000000001,144.15,0.08848069646934786,42.13836477987421,32.0754716981132,2.515723270440251,23.27044025157232
SUB5446460,"Upsell Opportunity (Low ARPU, Low Data)",Mid-Low (R50-100),Prepaid_Monthly,0.86256,97.44,0.6834283090548461,0.5434782608695651,36.05072463768116,4.710144927536232,58.69565217391304
SUB9978989,"Revenue Driver (High ARPU, High Data)",Premium (>R500),Postpaid_Unlimited,13.24384,851.44,0.038139408912341466,63.52140077821012,21.98443579766537,5.933852140077821,8.560311284046692
SUB6910184,"Upsell Opportunity (Low ARPU, Low Data)",Mid-Low (R50-100),Prepaid_Monthly,0.47,66.29,0.17029925847356497,30.181818181818183,33.81818181818182,22.545454545454547,13.454545454545455
SUB5083372,Regular User,High (R200-500),Prepaid_Monthly,3.28937,290.01,0.4415766427962313,32.89473684210526,48.24561403508772,4.385964912280701,14.473684210526313
SUB8395350,"Revenue Driver (High ARPU, High Data)",High (R200-500),Prepaid_Monthly,3.62252,316.45,0.11284428298669225,20.938023450586265,56.44891122278057,2.1775544388609718,20.435510887772196
SUB6857109,Regular User,Mid (R100-200),Prepaid_Daily,1.5144900000000001,187.42,0.2729513892823945,46.20991253644314,34.110787172011655,5.830903790087463,13.848396501457724
SUB1819973,Regular User,Mid (R100-200),Postpaid_Premium,1.69513,163.51,0.027959711145645327,3.9451114922813035,83.19039451114922,3.602058319039451,9.262435677530018
SUB3707133,"Revenue Driver (High ARPU, High Data)",Premium (>R500),Prepaid_Daily,5.543729999999999,563.83,0.7460020505466334,46.254071661237795,31.43322475570033,11.074918566775247,11.237785016286646
SUB7757450,"Upsell Opportunity (Low ARPU, Low Data)",Mid-Low (R50-100),Prepaid_Monthly,0.43083,63.19,0.07900162217541429,19.266055045871557,47.70642201834862,12.844036697247708,20.183486238532108
SUB4535797,Regular User,High (R200-500),Postpaid_Premium,3.4604899999999996,303.59,0.5162762196085762,27.522935779816514,43.425076452599384,20.18348623853211,8.868501529051988
SUB7297042,"Upsell Opportunity (Low ARPU, Low Data)",Mid-Low (R50-100),Prepaid_Monthly,0.30529,53.22,0.013989030936845392,38.59649122807017,50.87719298245613,7.017543859649122,3.508771929824561
SUB7814285,Regular User,Mid (R100-200),Postpaid_Basic,1.57636,185.96,0.2354375917287792,35.01683501683502,47.13804713804714,16.161616161616163,1.6835016835016838
SUB4634183,"Revenue Driver (High ARPU, High Data)",High (R200-500),Postpaid_Unlimited,4.27821,368.48,0.07757665538418568,21.6338880484115,53.10136157337367,12.556732223903177,12.708018154311649
SUB3064798,"Revenue Driver (High ARPU, High Data)",High (R200-500),Postpaid_Basic,4.46045,381.64,2.119584285988914,90.26845637583892,3.523489932885906,1.174496644295302,5.033557046979865
SUB4390742,Regular User,Mid (R100-200),Postpaid_Basic,1.5610899999999999,184.92,0.32913253366847717,30.036630036630036,65.2014652014652,0.7326007326007326,4.029304029304029
SUB1064323,"Revenue Driver (High ARPU, High Data)",Premium (>R500),Postpaid_Premium,11.80249,761.93,1.2036734054295835,80.48289738430584,10.160965794768611,8.953722334004025,0.4024144869215292
SUB2546557,Regular User,High (R200-500),Prepaid_Monthly,2.8025900000000004,251.39,0.09191614326771269,39.57597173144876,46.64310954063603,5.653710247349823,8.12720848056537
SUB6587774,"Upsell Opportunity (Low ARPU, Low Data)",Low (<R50),Prepaid_Monthly,0.0978,36.76,0.0504063282591348,35.294117647058826,17.647058823529413,5.882352941176471,41.176470588235304
SUB6267382,"Upsell Opportunity (Low ARPU, Low Data)",Mid-Low (R50-100),Prepaid_Daily,0.40748,61.39,0.032277693928056905,30.674846625766865,41.71779141104294,20.245398773006134,7.3619631901840465
SUB9312048,"Revenue Driver (High ARPU, High Data)",High (R200-500),Prepaid_Monthly,4.77799,408.13,0.5610499453357276,66.30824372759857,18.279569892473116,11.64874551971326,3.763440860215053
SUB2888806,"Revenue Driver (High ARPU, High Data)",High (R200-500),Postpaid_Unlimited,3.74576,326.23,1.2880257849548165,25.966303270564918,35.777998017839444,15.460852329038651,22.794846382556987
SUB8381740,Regular User,Mid (R100-200),Prepaid_Daily,0.9588,124.16,0.08640415176421157,14.982578397212542,34.14634146341463,6.968641114982578,43.90243902439025
SUB4772763,"Upsell Opportunity (Low ARPU, Low Data)",Mid-Low (R50-100),Prepaid_Daily,0.47497,69.08,0.03770478346899625,32.18390804597701,62.06896551724138,3.448275862068965,2.298850574712643
SUB3488144,Regular User,High (R200-500),Postpaid_Unlimited,2.9017600000000003,259.25,0.2653473964805073,70.64846416382252,21.50170648464164,6.4846416382252565,1.3651877133105803
SUB3903633,Regular User,Mid (R100-200),Prepaid_Daily,0.97588,126.1,0.06712389534263019,33.18181818181818,54.090909090909086,10.909090909090907,1.8181818181818181
SUB5548003,"Revenue Driver (High ARPU, High Data)",Premium (>R500),Postpaid_Premium,17.90718,1141.04,4.431367407755253,52.17054263565891,40.0,4.263565891472868,3.5658914728682163
SUB3517626,"Revenue Driver (High ARPU, High Data)",High (R200-500),Prepaid_Daily,4.0158499999999995,472.2,0.8070620947023759,72.87581699346404,10.457516339869281,5.88235294117647,10.784313725490197
SUB5641094,"Revenue Driver (High ARPU, High Data)",High (R200-500),Postpaid_Basic,4.07954,355.8,0.7437631920198418,60.6425702811245,7.630522088353413,0.4016064257028112,31.32530120481928
SUB8711634,Regular User,Mid (R100-200),Postpaid_Unlimited,1.46079,144.91,0.21563453854170578,43.25842696629213,29.213483146067414,6.179775280898876,21.34831460674157
SUB8354292,Regular User,Mid (R100-200),Postpaid_Unlimited,1.6128099999999999,156.98,0.7773509027953007,1.1959521619135234,55.19779208831647,14.167433302667892,29.438822447102115
SUB2035108,Regular User,Mid (R100-200),Prepaid_Daily,0.9460700000000001,122.71,0.16261406714998972,20.952380952380953,44.76190476190476,30.476190476190474,3.8095238095238093
SUB2601207,"Upsell Opportunity (Low ARPU, Low Data)",Mid-Low (R50-100),Prepaid_Monthly,0.39532,60.37,0.10829636385925795,34.523809523809526,17.261904761904763,32.142857142857146,16.071428571428573
SUB5909047,Regular User,Mid (R100-200),Postpaid_Basic,1.7801500000000001,199.78,0.021590682712621767,45.697329376854604,29.970326409495552,21.068249258160236,3.2640949554896146
SUB8727160,Regular User,Mid (R100-200),Prepaid_Monthly,0.9765199999999999,106.49,0.18131599880192473,63.2183908045977,15.517241379310345,5.747126436781609,15.517241379310345
SUB2717479,"Upsell Opportunity (Low ARPU, Low Data)",Mid-Low (R50-100),Postpaid_Basic,0.1753,90.89,0.08455597909908266,28.947368421052634,56.57894736842105,11.842105263157894,2.631578947368421
SUB9197295,"Revenue Driver (High ARPU, High Data)",High (R200-500),Postpaid_Unlimited,3.9027600000000002,338.68,0.06467998043933543,36.61971830985916,40.845070422535215,0.8450704225352114,21.690140845070424
SUB5712037,"Upsell Opportunity (Low ARPU, Low Data)",Mid-Low (R50-100),Prepaid_Monthly,0.6948099999999999,84.13,0.08158785602902707,16.577540106951872,33.155080213903744,6.951871657754011,43.31550802139038
SUB9507150,"Upsell Opportunity (Low ARPU, Low Data)",Mid-Low (R50-100),Postpaid_Premium,0.7802100000000001,90.91,0.058005828093305234,52.0,40.0,6.0,2.0
SUB2433284,"Upsell Opportunity (Low ARPU, Low Data)",Mid-Low (R50-100),Prepaid_Daily,0.35283,55.17,0.019467930934759015,28.640776699029125,25.24271844660194,26.21359223300971,19.902912621359224
SUB5842256,Regular User,Mid (R100-200),Postpaid_Basic,1.46962,178.71,0.2834867842862616,37.467018469656985,14.511873350923485,18.733509234828492,29.287598944591032
SUB6232190,"Upsell Opportunity (Low ARPU, Low Data)",Low (<R50),Prepaid_Monthly,0.23883000000000001,47.95,0.07647395330921683,19.37984496124031,73.64341085271317,6.2015503875969,0.7751937984496124
SUB8139580,Regular User,Mid (R100-200),Postpaid_Basic,1.5411700000000002,183.57,0.057441021333398457,30.31914893617021,44.41489361702128,5.851063829787234,19.414893617021278
SUB3238057,"Revenue Driver (High ARPU, High Data)",High (R200-500),Postpaid_Unlimited,4.76336,406.97,0.22419960127164718,35.945945945945944,24.054054054054053,13.243243243243242,26.756756756756754
SUB4880993,"Upsell Opportunity (Low ARPU, Low Data)",Low (<R50),Prepaid_Daily,0.19333,37.01,0.08905926879022892,58.06451612903225,20.967741935483872,4.838709677419355,16.12903225806452
SUB8668216,"Upsell Opportunity (Low ARPU, Low Data)",Mid-Low (R50-100),Prepaid_Monthly,0.83561,95.31,0.05151873175056587,58.536585365853654,34.14634146341463,6.504065040650407,0.8130081300813009
SUB1567827,Regular User,Mid (R100-200),Prepaid_Monthly,1.51842,149.49,0.22444371579563294,40.89219330855019,24.907063197026027,2.2304832713754648,31.970260223048324
SUB4017721,Regular User,Mid (R100-200),Postpaid_Premium,1.87031,177.41,0.11347285878269764,57.54189944134078,13.966480446927374,2.2346368715083798,26.256983240223462
SUB1878835,"Upsell Opportunity (Low ARPU, Low Data)",Mid (R100-200),Postpaid_Basic,0.37419,104.39,0.1132426871781968,17.64705882352941,47.05882352941176,30.882352941176467,4.411764705882352
SUB2160714,"Revenue Driver (High ARPU, High Data)",High (R200-500),Postpaid_Basic,5.29512,391.41,0.42556735319190864,52.348993288590606,27.069351230425053,17.002237136465325,3.5794183445190164
SUB2566772,"Upsell Opportunity (Low ARPU, Low Data)",Low (<R50),Prepaid_Daily,0.22377,40.48,0.015240832269089954,44.79166666666667,44.79166666666667,2.0833333333333335,8.333333333333334
SUB3087001,Regular User,Mid (R100-200),Prepaid_Monthly,1.10738,116.87,0.11949919558088395,49.33920704845816,15.859030837004404,9.251101321585903,25.55066079295154
SUB3497838,"Revenue Driver (High ARPU, High Data)",Premium (>R500),Postpaid_Unlimited,20.840490000000003,1208.15,6.840783911139962,53.191489361702125,25.265957446808507,6.715425531914894,14.827127659574469
SUB4940063,"Revenue Driver (High ARPU, High Data)",High (R200-500),Postpaid_Basic,6.647270000000001,471.19,0.7103961858163874,90.35714285714285,2.1428571428571423,0.8333333333333334,6.666666666666667
SUB3998778,"Revenue Driver (High ARPU, High Data)",Premium (>R500),Postpaid_Premium,23.5664,1362.39,6.222581491507736,69.80802792321118,8.81326352530541,4.450261780104713,16.92844677137871
SUB6780554,Regular User,High (R200-500),Postpaid_Unlimited,2.4886399999999997,226.47,0.677513681226845,28.68327402135231,42.70462633451957,28.469750889679712,0.14234875444839856
SUB6053127,Regular User,Mid (R100-200),Prepaid_Monthly,1.14418,119.79,0.07305183664776127,45.4054054054054,7.567567567567568,12.97297297297297,34.05405405405405
SUB5644068,Regular User,Mid (R100-200),Prepaid_Monthly,2.05613,192.15,0.0340516498827661,32.90598290598291,18.803418803418808,46.15384615384616,2.136752136752137
SUB9411883,Regular User,High (R200-500),Postpaid_Unlimited,2.49213,226.75,0.9498933383403334,68.10897435897436,16.826923076923077,7.852564102564102,7.211538461538461
SUB4456800,Regular User,High (R200-500),Postpaid_Unlimited,2.88114,257.62,0.7281010399540149,23.674911660777386,20.49469964664311,51.41342756183745,4.41696113074205
SUB8342451,"Upsell Opportunity (Low ARPU, Low Data)",Low (<R50),Prepaid_Daily,0.27369,46.16,0.06473878357431362,29.807692307692307,56.730769230769226,1.9230769230769231,11.538461538461538
SUB1260102,"Revenue Driver (High ARPU, High Data)",Premium (>R500),Postpaid_Premium,20.22216,1173.17,7.862298530267637,38.31417624521073,25.0,19.157088122605366,17.52873563218391
SUB8753638,Regular User,Mid (R100-200),Prepaid_Daily,1.6240599999999998,199.9,0.346994883014794,45.81497797356828,33.92070484581498,2.6431718061674006,17.62114537444934
SUB7482532,"Revenue Driver (High ARPU, High Data)",Premium (>R500),Prepaid_Monthly,7.36256,537.02,1.8627615722743247,44.473007712082264,26.34961439588689,24.935732647814913,4.241645244215938
SUB6304120,Regular User,Mid (R100-200),Prepaid_Monthly,1.7281900000000001,166.13,0.6296692020150378,82.90909090909089,11.272727272727273,4.363636363636363,1.4545454545454546
SUB6719720,"Revenue Driver (High ARPU, High Data)",High (R200-500),Postpaid_Premium,5.3621300000000005,398.99,0.4273965170142562,24.603174603174597,59.52380952380951,8.829365079365079,7.043650793650793
SUB4257181,"Revenue Driver (High ARPU, High Data)",Premium (>R500),Prepaid_Daily,8.803889999999999,886.59,0.6541384789555647,84.47729672650475,1.9007391763463568,4.329461457233368,9.292502639915522
SUB5926730,Regular User,High (R200-500),Postpaid_Premium,2.43026,221.84,0.5235754973078306,54.06698564593301,42.58373205741627,0.0,3.3492822966507187
SUB9229840,"Revenue Driver (High ARPU, High Data)",High (R200-500),Postpaid_Basic,6.2856499999999995,449.85,0.3419899045273249,32.17054263565892,42.50645994832041,16.279069767441857,9.04392764857881
SUB9961343,"Upsell Opportunity (Low ARPU, Low Data)",Mid-Low (R50-100),Postpaid_Unlimited,0.6773899999999999,82.75,0.03945861312572474,27.611940298507463,53.73134328358209,3.73134328358209,14.92537313432836
SUB6102367,"Upsell Opportunity (Low ARPU, Low Data)",Mid-Low (R50-100),Prepaid_Daily,0.5928300000000001,82.49,0.0025438453438124675,2.380952380952381,33.6734693877551,8.843537414965985,55.10204081632652
SUB4182132,"Upsell Opportunity (Low ARPU, Low Data)",Mid-Low (R50-100),Prepaid_Daily,0.34767000000000003,54.58,0.09010435124378707,14.893617021276595,36.17021276595745,11.702127659574467,37.23404255319148
SUB4614962,"Revenue Driver (High ARPU, High Data)",High (R200-500),Postpaid_Premium,4.01159,347.32,0.4094903765735385,51.04364326375712,43.833017077798864,4.174573055028463,0.9487666034155599
SUB4700568,Regular User,Mid (R100-200),Postpaid_Basic,1.24708,163.61,0.10486912964321005,25.615763546798025,23.152709359605907,15.763546798029553,35.4679802955665
SUB5308307,"Revenue Driver (High ARPU, High Data)",High (R200-500),Postpaid_Basic,6.46328,460.33,1.2796430010219986,66.25119846596357,24.065196548418026,6.807286673058485,2.876318312559923
SUB1175211,"Upsell Opportunity (Low ARPU, Low Data)",Mid-Low (R50-100),Prepaid_Monthly,0.47819,66.94,0.04028288457332285,16.666666666666668,7.8431372549019605,58.82352941176471,16.666666666666668
SUB4504473,"Upsell Opportunity (Low ARPU, Low Data)",Mid-Low (R50-100),Postpaid_Basic,0.23328,94.83,0.15187876872372408,5.263157894736842,15.789473684210526,15.789473684210526,63.1578947368421
SUB8110928,"Revenue Driver (High ARPU, High Data)",High (R200-500),Postpaid_Basic,4.52242,385.85,0.06555233643013914,14.508723599632688,21.57943067033976,8.815426997245178,55.09641873278237
SUB9507528,"Revenue Driver (High ARPU, High Data)",Premium (>R500),Postpaid_Basic,9.503020000000001,639.68,0.9370039862913746,53.890253890253895,41.85094185094185,1.2285012285012284,3.03030303030303
SUB4303457,"Upsell Opportunity (Low ARPU, Low Data)",Mid-Low (R50-100),Prepaid_Monthly,0.74251,87.92,0.09107661966448632,37.179487179487175,9.615384615384615,8.974358974358974,44.230769230769226
SUB6948540,"Revenue Driver (High ARPU, High Data)",Premium (>R500),Postpaid_Unlimited,11.50739,743.61,1.0151173031164333,64.96062992125984,15.157480314960631,9.05511811023622,10.826771653543307
SUB5447395,"Upsell Opportunity (Low ARPU, Low Data)",Mid-Low (R50-100),Prepaid_Daily,0.32892,52.45,0.10711182389582952,28.155339805825243,53.398058252427184,3.8834951456310676,14.563106796116504
SUB5677202,"Revenue Driver (High ARPU, High Data)",High (R200-500),Postpaid_Unlimited,5.69053,421.65,0.3067894551738899,32.40165631469979,11.490683229813666,12.008281573498964,44.09937888198757
SUB5758669,"Upsell Opportunity (Low ARPU, Low Data)",Mid-Low (R50-100),Postpaid_Premium,0.588,79.0,0.14775187894055541,41.70403587443946,35.87443946188341,18.83408071748879,3.587443946188341
SUB8716868,Regular User,Mid (R100-200),Postpaid_Unlimited,1.4181700000000002,141.53,0.005514311945785222,22.801302931596087,29.315960912052113,18.241042345276874,29.641693811074916
SUB6557805,Regular User,High (R200-500),Postpaid_Premium,2.9516,263.21,0.25329125427066934,60.952380952380956,37.46031746031747,0.0,1.5873015873015877
SUB4834242,Regular User,Mid (R100-200),Prepaid_Daily,1.4565599999999999,180.83,0.12281655033746786,62.5514403292181,13.580246913580247,13.580246913580247,10.288065843621398
SUB1113936,Regular User,Mid (R100-200),Prepaid_Daily,1.2956800000000002,162.51,0.3104272750752197,22.073578595317727,22.408026755852845,51.839464882943155,3.678929765886288
SUB6756157,Regular User,Mid (R100-200),Postpaid_Unlimited,1.66082,160.79,0.038042135370690344,19.133574007220215,58.48375451263538,20.577617328519853,1.8050541516245486
SUB5124499,Regular User,High (R200-500),Prepaid_Daily,2.1681399999999997,261.84,0.40020607371446304,46.2809917355372,26.033057851239672,22.314049586776864,5.371900826446281
SUB5617631,"Revenue Driver (High ARPU, High Data)",High (R200-500),Postpaid_Basic,4.17189,362.06,0.7257074386486915,16.454229432213207,46.465816917728844,18.076477404403242,19.003476245654692
SUB6417755,Regular User,High (R200-500),Postpaid_Premium,2.62775,237.51,1.1525559363781697,47.09677419354839,38.06451612903226,7.526881720430108,7.311827956989249
SUB1122026,Regular User,High (R200-500),Prepaid_Daily,2.78015,331.52,0.5277049828528453,53.79061371841155,18.4115523465704,10.469314079422382,17.328519855595665
SUB2805518,"Upsell Opportunity (Low ARPU, Low Data)",Mid (R100-200),Postpaid_Basic,0.49154000000000003,112.35,0.1467284305836392,4.9107142857142865,6.696428571428571,2.678571428571429,85.71428571428572
SUB5616167,Regular User,Mid (R100-200),Prepaid_Monthly,1.19112,123.52,0.20898671412444436,22.08835341365462,70.68273092369478,5.220883534136546,2.0080321285140568
SUB1665979,"Revenue Driver (High ARPU, High Data)",Premium (>R500),Postpaid_Premium,9.172229999999999,661.88,0.491645170861716,45.9780621572212,39.853747714808044,11.151736745886653,3.016453382084095
SUB1676337,"Revenue Driver (High ARPU, High Data)",High (R200-500),Postpaid_Premium,4.30584,370.67,0.3458752355937347,29.6875,67.1875,1.40625,1.7187500000000002
SUB6312470,Regular User,Mid (R100-200),Postpaid_Basic,0.74717,129.7,0.10290495802044475,8.94308943089431,42.6829268292683,1.6260162601626018,46.7479674796748
SUB7014126,"Revenue Driver (High ARPU, High Data)",Premium (>R500),Postpaid_Unlimited,9.03013,652.08,0.2649657355833046,56.31868131868132,14.835164835164838,16.75824175824176,12.08791208791209
SUB3705421,"Upsell Opportunity (Low ARPU, Low Data)",Mid-Low (R50-100),Prepaid_Daily,0.71941,96.9,0.041833858953776004,16.666666666666668,77.45098039215686,2.941176470588235,2.941176470588235
SUB9910762,Regular User,High (R200-500),Prepaid_Monthly,3.33894,293.94,0.48052604130510446,39.25925925925926,35.80246913580247,18.51851851851852,6.419753086419753
SUB3801742,"Upsell Opportunity (Low ARPU, Low Data)",Mid-Low (R50-100),Prepaid_Monthly,0.43452999999999997,63.48,0.09898201243117444,11.320754716981131,73.58490566037736,5.660377358490566,9.433962264150944
SUB9511807,Regular User,High (R200-500),Postpaid_Premium,2.4027800000000004,219.66,0.34024867948018045,51.13636363636363,38.25757575757576,7.954545454545454,2.6515151515151514
SUB8796324,"Revenue Driver (High ARPU, High Data)",High (R200-500),Postpaid_Premium,4.82332,411.73,0.6003077275440365,16.180371352785144,69.36339522546419,3.7135278514588856,10.742705570291776
SUB4446010,Regular User,Mid (R100-200),Postpaid_Premium,1.74802,167.71,0.27646308319732693,18.8911704312115,51.74537987679672,24.435318275154003,4.928131416837782
SUB6352825,"Upsell Opportunity (Low ARPU, Low Data)",Mid-Low (R50-100),Postpaid_Basic,0.234,94.88,0.06861334452788556,17.741935483870968,25.806451612903224,56.4516129032258,0.0
SUB6712044,"Upsell Opportunity (Low ARPU, Low Data)",Low (<R50),Prepaid_Monthly,0.23357,47.53,0.08340548775490308,14.5985401459854,48.17518248175182,15.32846715328467,21.8978102189781
SUB6672605,Regular User,Mid (R100-200),Postpaid_Basic,0.69716,126.3,0.29908906525658974,18.205128205128204,14.102564102564106,63.07692307692307,4.615384615384616
SUB8581002,"Revenue Driver (High ARPU, High Data)",Premium (>R500),Postpaid_Unlimited,27.41148,1579.94,0.8275835347489213,46.45760743321719,14.80836236933798,23.228803716608596,15.505226480836237
SUB1447244,Regular User,High (R200-500),Prepaid_Daily,1.74431,213.59,0.21815962451032123,34.08071748878925,51.12107623318386,6.950672645739912,7.847533632286996
SUB7955038,"Upsell Opportunity (Low ARPU, Low Data)",Mid (R100-200),Postpaid_Basic,0.41599,107.22,0.09403200512239379,18.725099601593623,58.16733067729083,5.97609561752988,17.131474103585656
SUB6244899,"Revenue Driver (High ARPU, High Data)",High (R200-500),Postpaid_Basic,4.32236,372.27,0.07231685382769548,25.872340425531913,44.59574468085107,27.23404255319149,2.297872340425532
SUB2726676,Regular User,Mid (R100-200),Prepaid_Daily,1.6236,199.85,0.20331814336892284,22.493887530562347,25.916870415647924,38.141809290953546,13.447432762836186
SUB2725690,"Upsell Opportunity (Low ARPU, Low Data)",Mid (R100-200),Prepaid_Daily,0.77527,103.26,0.1841332933516543,54.86725663716815,14.159292035398233,7.079646017699116,23.893805309734518
SUB7900725,"Revenue Driver (High ARPU, High Data)",High (R200-500),Postpaid_Premium,5.58516,414.38,2.53693224287038,54.15676959619952,23.27790973871734,4.275534441805226,18.28978622327791
SUB2451469,Regular User,High (R200-500),Prepaid_Daily,2.17856,263.03,0.10240976775016186,57.44680851063829,25.53191489361702,9.118541033434651,7.90273556231003
SUB1491072,"Revenue Driver (High ARPU, High Data)",High (R200-500),Postpaid_Basic,4.36322,375.04,0.26631941612218313,40.38680318543799,18.54379977246871,36.746302616609775,4.323094425483504
SUB4715799,"Revenue Driver (High ARPU, High Data)",Premium (>R500),Postpaid_Basic,7.308520000000001,510.2,1.1763108564480165,47.22921914357683,10.453400503778337,4.785894206549119,37.53148614609572
SUB3180122,Regular User,High (R200-500),Prepaid_Daily,2.9400500000000003,349.72,0.23608618090833122,34.400000000000006,52.53333333333333,10.4,2.666666666666667
SUB5143403,Regular User,High (R200-500),Prepaid_Daily,2.0124,244.11,0.5389460225171014,3.614457831325301,69.07630522088353,19.076305220883533,8.232931726907628
SUB5698713,Regular User,Mid (R100-200),Postpaid_Unlimited,1.95077,183.79,0.321129480880594,30.797101449275367,52.53623188405797,1.4492753623188408,15.217391304347828
SUB6408792,"Upsell Opportunity (Low ARPU, Low Data)",Low (<R50),Prepaid_Daily,0.26048000000000004,44.66,0.060494024183344014,33.027522935779814,60.550458715596335,2.7522935779816513,3.669724770642201
SUB2456498,"Upsell Opportunity (Low ARPU, Low Data)",Mid-Low (R50-100),Prepaid_Monthly,0.82126,94.17,0.012769717265477376,11.682242990654206,64.48598130841121,14.018691588785046,9.813084112149532
SUB8422244,"Upsell Opportunity (Low ARPU, Low Data)",Mid-Low (R50-100),Postpaid_Premium,0.72788,86.76,0.08673061086631828,34.97942386831276,46.50205761316872,7.818930041152264,10.699588477366257
SUB2592173,Regular User,Mid (R100-200),Postpaid_Premium,1.2933599999999998,131.63,0.26303494425819585,38.12949640287769,39.568345323741006,18.705035971223023,3.597122302158273
SUB6521980,Regular User,Mid (R100-200),Prepaid_Monthly,1.2628499999999998,129.21,0.007763049712169234,37.05882352941177,44.11764705882353,1.7647058823529411,17.058823529411764
SUB9425021,"Revenue Driver (High ARPU, High Data)",Premium (>R500),Postpaid_Unlimited,7.72899,562.3,1.0567764039187377,71.50259067357514,14.766839378238341,10.880829015544043,2.8497409326424874
SUB9685116,Regular User,High (R200-500),Prepaid_Daily,1.6655,204.62,0.07144819209825926,55.3030303030303,40.15151515151515,1.5151515151515151,3.0303030303030303
SUB9649769,"Upsell Opportunity (Low ARPU, Low Data)",Mid-Low (R50-100),Prepaid_Daily,0.65065,89.08,0.09908788063791474,29.44606413994169,34.6938775510204,35.27696793002915,0.5830903790087464
SUB6309068,"Revenue Driver (High ARPU, High Data)",High (R200-500),Postpaid_Unlimited,6.30423,463.99,0.193059459224159,26.42405063291139,37.81645569620253,18.354430379746834,17.405063291139243
SUB4388284,"Revenue Driver (High ARPU, High Data)",High (R200-500),Postpaid_Unlimited,6.40339,470.83,1.4566704131878856,42.99858557284299,32.1074964639321,10.325318246110324,14.568599717114566
SUB2960220,Regular User,High (R200-500),Postpaid_Basic,1.93106,210.02,0.07725018432048714,71.6,19.2,6.0,3.2
SUB7575273,Regular User,Mid (R100-200),Postpaid_Premium,1.3909200000000002,139.37,0.5262469951015196,40.484429065743946,25.25951557093426,33.21799307958478,1.0380622837370244
SUB3153883,Regular User,High (R200-500),Prepaid_Daily,1.88175,229.24,0.44533446264662024,49.35064935064935,14.025974025974028,22.33766233766234,14.285714285714288
SUB3173367,"Revenue Driver (High ARPU, High Data)",Premium (>R500),Postpaid_Premium,7.19537,525.48,1.0480943527169329,52.160953800298074,28.166915052160956,1.3412816691505216,18.330849478390466
SUB2936983,Regular User,Mid (R100-200),Postpaid_Basic,0.89995,140.06,0.11727136244185243,33.33333333333333,52.12121212121211,9.09090909090909,5.454545454545453
SUB7622266,"Upsell Opportunity (Low ARPU, Low Data)",Mid-Low (R50-100),Prepaid_Monthly,0.74894,88.43,0.05435253510842386,30.208333333333332,49.99999999999999,2.6041666666666665,17.1875
SUB1628373,"Revenue Driver (High ARPU, High Data)",Premium (>R500),Postpaid_Basic,10.8264,653.88,0.46103832905943776,55.316742081447956,14.14027149321267,8.257918552036198,22.28506787330317
SUB3042823,"Upsell Opportunity (Low ARPU, Low Data)",Low (<R50),Prepaid_Daily,0.11715,29.0,0.05530825376978876,28.333333333333332,18.333333333333332,29.999999999999993,23.333333333333332
SUB9880121,"Revenue Driver (High ARPU, High Data)",Premium (>R500),Postpaid_Basic,9.49607,639.27,2.9610368073634383,45.4390451832907,31.28729752770673,7.5021312872975265,15.77152600170503
SUB5028604,"Revenue Driver (High ARPU, High Data)",Premium (>R500),Postpaid_Unlimited,6.88469,504.04,2.885386348135868,55.958055290753094,42.5166825548141,0.47664442326024786,1.0486177311725453
SUB8970043,"Upsell Opportunity (Low ARPU, Low Data)",Mid (R100-200),Postpaid_Basic,0.4397,108.83,0.35407881218764936,0.6382978723404256,62.1276595744681,22.978723404255323,14.255319148936174
SUB8860791,Regular User,Mid (R100-200),Postpaid_Premium,1.66076,160.78,0.34509770336353074,12.028725314183127,56.91202872531419,27.289048473967686,3.7701974865350087
SUB9274125,"Revenue Driver (High ARPU, High Data)",Premium (>R500),Postpaid_Premium,6.92036,506.5,1.9959438038155222,25.77075098814229,31.146245059288535,12.964426877470355,30.118577075098813
SUB1110957,"Revenue Driver (High ARPU, High Data)",High (R200-500),Prepaid_Monthly,5.187060000000001,386.91,1.5132953072696518,27.578718783930505,61.12920738327904,6.948968512486426,4.3431053203040175
SUB7699144,"Upsell Opportunity (Low ARPU, Low Data)",Mid-Low (R50-100),Postpaid_Premium,0.58331,79.0,0.27104127241555986,48.818897637795274,21.25984251968504,22.834645669291337,7.086614173228346
SUB3196274,Regular User,High (R200-500),Postpaid_Premium,2.6531100000000003,239.52,0.17598531528003747,17.21698113207547,31.132075471698112,29.009433962264147,22.641509433962263
SUB6379105,"Revenue Driver (High ARPU, High Data)",High (R200-500),Prepaid_Monthly,4.71911,403.46,0.516092750146985,35.907335907335906,14.671814671814671,44.98069498069498,4.44015444015444
SUB2135627,Regular User,Mid (R100-200),Postpaid_Basic,0.89823,139.94,0.06594296371031194,50.46728971962617,22.42990654205607,3.7383177570093453,23.364485981308412
SUB2526534,Regular User,Mid (R100-200),Prepaid_Monthly,1.23885,127.3,0.05023387528795831,66.28571428571428,24.0,2.2857142857142856,7.428571428571429
SUB2349590,"Revenue Driver (High ARPU, High Data)",High (R200-500),Postpaid_Unlimited,5.12851,382.87,0.9982689064046619,37.245696400625974,42.56651017214398,19.405320813771517,0.7824726134585289
SUB5394203,Regular User,Mid (R100-200),Postpaid_Premium,2.1416399999999998,198.94,0.10597236273954103,18.388429752066116,67.35537190082644,4.338842975206612,9.917355371900827
SUB2065560,"Upsell Opportunity (Low ARPU, Low Data)",Mid-Low (R50-100),Postpaid_Unlimited,0.59957,79.0,0.11494851869214218,13.855421686746988,69.87951807228916,0.0,16.26506024096386
SUB1244761,"Upsell Opportunity (Low ARPU, Low Data)",Mid-Low (R50-100),Postpaid_Premium,0.78164,91.02,0.02546472331181593,40.40404040404041,9.090909090909092,26.262626262626267,24.242424242424242
SUB9469872,Regular User,High (R200-500),Postpaid_Premium,2.3893400000000002,218.59,0.22268136779054837,33.422459893048135,50.534759358288774,2.941176470588236,13.101604278074868
SUB2748014,Regular User,High (R200-500),Postpaid_Basic,2.65267,258.98,0.0565946672874964,31.756756756756754,57.0945945945946,9.797297297297296,1.3513513513513513
SUB3891005,Regular User,Mid (R100-200),Postpaid_Premium,1.2698800000000001,129.76,0.2109417219708083,67.36842105263158,25.26315789473684,3.157894736842105,4.2105263157894735
SUB4197418,Regular User,High (R200-500),Postpaid_Basic,3.12442,290.99,0.4397895025631544,53.205128205128204,32.371794871794876,10.416666666666668,4.006410256410256
SUB5773283,Regular User,Mid (R100-200),Postpaid_Unlimited,2.15395,199.92,0.1997123145295503,26.037735849056602,36.9811320754717,25.66037735849057,11.320754716981133
SUB2093060,"Upsell Opportunity (Low ARPU, Low Data)",Mid-Low (R50-100),Prepaid_Daily,0.54859,77.46,0.2684040539832585,52.38095238095237,26.190476190476186,16.666666666666664,4.761904761904762
SUB5605677,Regular User,High (R200-500),Prepaid_Daily,1.6536099999999998,203.26,0.08454172923036518,34.5108695652174,52.71739130434783,8.695652173913045,4.076086956521739
SUB6327701,Regular User,Mid (R100-200),Prepaid_Daily,1.3071,163.81,0.14708856233761525,74.02597402597402,10.389610389610391,11.688311688311689,3.8961038961038965
SUB8269122,Regular User,Mid (R100-200),Postpaid_Premium,2.03774,190.69,0.01165031735781863,4.447439353099731,80.86253369272237,12.803234501347708,1.886792452830189
SUB3114253,Regular User,Mid (R100-200),Prepaid_Monthly,1.2571199999999998,128.75,0.0123090364632652,17.811704834605596,69.21119592875317,9.414758269720101,3.5623409669211195
SUB5533910,Regular User,High (R200-500),Postpaid_Unlimited,3.29957,290.82,0.032785259102960485,31.700288184438037,57.636887608069166,8.261287223823247,2.4015369836695486
SUB8123753,Regular User,High (R200-500),Prepaid_Monthly,3.44765,302.57,0.2827494616042552,49.40298507462686,44.62686567164179,3.4328358208955216,2.5373134328358207
SUB1846462,Regular User,Mid (R100-200),Prepaid_Daily,0.9659800000000001,124.98,0.10846235471923316,13.253012048192772,68.67469879518072,18.072289156626507,0.0
SUB5107560,"Revenue Driver (High ARPU, High Data)",High (R200-500),Prepaid_Monthly,5.07512,379.18,1.3953019916373712,75.6997455470738,10.814249363867685,3.689567430025445,9.79643765903308
SUB3538143,"Revenue Driver (High ARPU, High Data)",Premium (>R500),Postpaid_Basic,7.728899999999999,535.01,1.8710457853727611,55.714285714285715,18.99159663865546,12.6890756302521,12.605042016806722
SUB4177326,"Upsell Opportunity (Low ARPU, Low Data)",Mid-Low (R50-100),Prepaid_Monthly,0.41149,61.65,0.03464662541546476,17.351598173515985,53.88127853881278,16.43835616438356,12.328767123287673
SUB7342211,"Revenue Driver (High ARPU, High Data)",Premium (>R500),Postpaid_Basic,9.15531,619.16,2.2823931818606136,42.53200568990043,49.92887624466572,7.396870554765292,0.1422475106685633
SUB8566169,Regular User,High (R200-500),Postpaid_Premium,2.29146,210.83,0.06642953413675468,7.614942528735631,86.20689655172413,5.747126436781609,0.4310344827586206
SUB3418853,Regular User,High (R200-500),Postpaid_Premium,2.9155300000000004,260.35,0.1400133833912207,7.734056987788329,51.424694708276796,7.055630936227951,33.78561736770692
SUB8724826,Regular User,Mid (R100-200),Postpaid_Premium,1.68695,162.86,0.19715972810191196,13.679245283018867,58.490566037735846,7.547169811320755,20.283018867924525
SUB3409409,Regular User,Mid (R100-200),Postpaid_Unlimited,1.72504,165.88,0.1941094969478554,9.426229508196721,59.63114754098361,7.377049180327869,23.565573770491802
SUB7555035,"Revenue Driver (High ARPU, High Data)",Premium (>R500),Postpaid_Premium,7.41109,540.37,0.8655463583895626,64.07914764079148,20.091324200913242,2.43531202435312,13.39421613394216
SUB5715697,Regular User,High (R200-500),Prepaid_Monthly,2.28519,210.33,0.4149532734181727,23.52941176470588,73.94957983193278,1.400560224089636,1.1204481792717087
SUB8157303,"Upsell Opportunity (Low ARPU, Low Data)",Mid-Low (R50-100),Postpaid_Premium,0.87561,98.48,0.04430958262552209,56.25,17.499999999999996,18.749999999999996,7.499999999999998
SUB3474968,Regular User,High (R200-500),Postpaid_Premium,2.4355,222.26,0.08913380642584245,25.97137014314928,9.611451942740285,22.903885480572598,41.51329243353782
SUB5352892,Regular User,Mid (R100-200),Postpaid_Unlimited,1.87995,178.17,0.17789565522285677,32.84457478005866,44.57478005865102,0.5865102639296188,21.994134897360702
SUB8729395,"Revenue Driver (High ARPU, High Data)",Premium (>R500),Prepaid_Daily,9.08717,914.63,0.8287565921761804,61.63175303197354,33.0760749724366,1.1025358324145536,4.189636163175303
SUB1381856,"Revenue Driver (High ARPU, High Data)",High (R200-500),Postpaid_Unlimited,6.0759300000000005,448.24,2.2127407412579503,60.556844547563806,2.552204176334107,34.91879350348028,1.97215777262181
SUB4898606,Regular User,Mid (R100-200),Prepaid_Monthly,1.11979,117.86,0.19327053322159415,38.274932614555254,8.894878706199462,17.789757412398924,35.04043126684636
SUB3989475,"Upsell Opportunity (Low ARPU, Low Data)",Mid (R100-200),Prepaid_Daily,0.85748,112.62,0.05612621000219642,34.640522875817,30.718954248366014,23.529411764705884,11.111111111111112
SUB6606594,"Revenue Driver (High ARPU, High Data)",High (R200-500),Postpaid_Premium,6.75592,495.16,0.8253636935162962,48.24120603015075,44.472361809045225,3.6432160804020097,3.6432160804020097
SUB1387405,Regular User,Mid (R100-200),Prepaid_Monthly,1.22214,125.98,0.27999009651522044,11.864406779661017,50.50847457627119,15.93220338983051,21.69491525423729
SUB1282140,"Revenue Driver (High ARPU, High Data)",High (R200-500),Postpaid_Basic,5.21436,386.65,0.9062818170723448,58.681318681318686,27.252747252747255,13.186813186813188,0.8791208791208791
SUB6088268,"Upsell Opportunity (Low ARPU, Low Data)",Mid-Low (R50-100),Prepaid_Monthly,0.62863,78.88,0.07375844050283153,21.874999999999996,44.375,13.749999999999998,20.0
SUB7625655,Regular User,Mid (R100-200),Postpaid_Premium,1.08616,115.19,0.09663745500842902,9.29203539823009,66.3716814159292,7.52212389380531,16.8141592920354
SUB2420654,"Revenue Driver (High ARPU, High Data)",Premium (>R500),Postpaid_Premium,8.64696,625.64,1.6892290005773658,46.36871508379889,19.217877094972067,3.35195530726257,31.06145251396648
SUB7126463,"Upsell Opportunity (Low ARPU, Low Data)",Mid-Low (R50-100),Prepaid_Daily,0.38933,59.33,0.23564924645818092,47.82608695652173,41.30434782608695,6.521739130434781,4.347826086956521
SUB7477006,Regular User,Mid (R100-200),Prepaid_Monthly,1.17577,122.3,0.13812978747052296,7.9734219269103,18.93687707641196,0.3322259136212625,72.75747508305648
SUB1015141,"Revenue Driver (High ARPU, High Data)",Premium (>R500),Postpaid_Unlimited,11.256129999999999,728.01,0.5561390511896942,68.08510638297872,14.97872340425532,3.6595744680851063,13.276595744680852
SUB2524631,Regular User,Mid (R100-200),Prepaid_Daily,1.1989100000000001,151.5,0.3182982435427384,49.206349206349216,23.015873015873016,9.523809523809526,18.25396825396826
SUB3658571,"Upsell Opportunity (Low ARPU, Low Data)",Mid-Low (R50-100),Prepaid_Daily,0.52565,74.85,0.15232991402605223,21.296296296296298,68.5185185185185,0.9259259259259258,9.25925925925926
SUB2424241,"Revenue Driver (High ARPU, High Data)",High (R200-500),Postpaid_Unlimited,4.22021,363.87,1.1318540653363045,16.60470879801735,69.7645600991326,11.648079306071871,1.982651796778191
SUB9803208,"Upsell Opportunity (Low ARPU, Low Data)",Mid-Low (R50-100),Prepaid_Daily,0.43076,64.04,0.04117714840781195,6.779661016949152,44.067796610169495,32.20338983050848,16.949152542372882
SUB7605188,Regular User,Mid (R100-200),Postpaid_Unlimited,2.00873,188.39,0.4089841758946884,2.544910179640719,84.5808383233533,0.7485029940119762,12.125748502994012
SUB5076773,Regular User,High (R200-500),Postpaid_Basic,1.8229600000000001,202.69,0.17159848183472315,6.041666666666665,56.874999999999986,21.041666666666664,16.041666666666664
SUB9737925,Regular User,Mid (R100-200),Postpaid_Unlimited,1.0907,115.55,0.5248147865222046,39.40677966101696,12.28813559322034,47.8813559322034,0.4237288135593221
SUB6973721,"Upsell Opportunity (Low ARPU, Low Data)",Low (<R50),Prepaid_Monthly,0.1403,40.13,0.06749678378090314,17.307692307692307,50.0,13.461538461538463,19.230769230769234
SUB5010912,Regular User,High (R200-500),Postpaid_Basic,2.34111,237.84,0.43782940616585675,34.30232558139535,34.30232558139535,18.313953488372093,13.08139534883721
SUB7538655,Regular User,High (R200-500),Postpaid_Premium,3.2947100000000002,290.44,0.20165352498199374,10.31390134529148,73.09417040358744,15.695067264573993,0.8968609865470852
SUB3387312,Regular User,High (R200-500),Prepaid_Daily,2.69169,321.45,0.4484964241499587,28.8135593220339,32.88135593220339,12.203389830508476,26.101694915254242
SUB7062825,"Upsell Opportunity (Low ARPU, Low Data)",Mid-Low (R50-100),Prepaid_Monthly,0.65323,80.83,0.15440878402547575,64.52991452991454,17.094017094017097,14.529914529914532,3.8461538461538463
SUB7151990,Regular User,Mid (R100-200),Prepaid_Monthly,1.77287,169.68,0.2023045451608445,9.80091883614089,35.52833078101072,9.647779479326188,45.02297090352221
SUB8750575,"Revenue Driver (High ARPU, High Data)",High (R200-500),Postpaid_Premium,5.336939999999999,397.25,0.4224378808416578,52.28571428571429,15.714285714285717,4.571428571428571,27.42857142857143
SUB9410184,Regular User,Mid (R100-200),Prepaid_Daily,0.9301900000000001,120.9,0.05945711137344589,16.9811320754717,52.83018867924528,26.41509433962264,3.7735849056603774
SUB3307306,Regular User,Mid (R100-200),Prepaid_Daily,1.1315899999999999,143.83,0.15026637280563793,61.79245283018868,12.735849056603774,10.849056603773585,14.622641509433961
SUB7716487,Regular User,High (R200-500),Prepaid_Monthly,2.77586,249.26,0.20777348400198292,51.48063781321185,40.7744874715262,4.555808656036446,3.189066059225513
SUB4303131,Regular User,High (R200-500),Prepaid_Daily,1.6608800000000001,204.09,0.3758916615490169,40.659340659340664,22.71062271062271,1.8315018315018317,34.798534798534796
SUB7499998,Regular User,Mid (R100-200),Postpaid_Basic,1.2405599999999999,163.17,0.10332603388835593,54.36893203883497,41.74757281553399,1.4563106796116507,2.427184466019418
SUB4830121,"Upsell Opportunity (Low ARPU, Low Data)",Mid-Low (R50-100),Prepaid_Monthly,0.29473,52.39,0.04257875264613725,37.662337662337656,24.675324675324674,1.2987012987012987,36.36363636363637
SUB6134639,Regular User,Mid (R100-200),Prepaid_Monthly,1.0738299999999998,114.21,0.2416104349996021,2.564102564102564,35.8974358974359,19.34731934731935,42.19114219114219
SUB5475156,"Revenue Driver (High ARPU, High Data)",Premium (>R500),Postpaid_Premium,15.51276,992.34,0.5004934278343391,45.55555555555556,16.161616161616166,15.050505050505054,23.232323232323235
SUB5470756,Regular User,Mid (R100-200),Prepaid_Monthly,1.85464,176.17,0.5040731745778928,54.65116279069767,26.74418604651163,0.0,18.6046511627907
SUB3494903,"Revenue Driver (High ARPU, High Data)",Premium (>R500),Postpaid_Premium,7.06395,516.41,0.1435190395360637,77.98165137614679,21.284403669724767,0.0,0.7339449541284403
SUB6274413,"Revenue Driver (High ARPU, High Data)",High (R200-500),Postpaid_Basic,3.7592800000000004,334.07,0.3797079957795404,57.421875000000014,14.453125000000004,9.765625000000002,18.359375000000004
SUB7433564,Regular User,Mid (R100-200),Prepaid_Monthly,1.4276900000000001,142.29,0.10964403600463579,19.35483870967742,24.838709677419356,55.32258064516129,0.48387096774193544
SUB8567476,Regular User,Mid (R100-200),Postpaid_Premium,1.7949300000000001,171.43,0.254251444280442,24.416135881104033,16.348195329087048,21.019108280254777,38.21656050955414
SUB1051707,Regular User,Mid (R100-200),Prepaid_Monthly,1.05812,112.96,0.4107310144387186,16.451612903225808,74.19354838709677,2.903225806451613,6.451612903225808
SUB1838003,"Revenue Driver (High ARPU, High Data)",High (R200-500),Prepaid_Monthly,5.94805,439.42,1.3185531325247295,12.224264705882355,55.14705882352941,30.79044117647059,1.8382352941176474
SUB4803074,"Revenue Driver (High ARPU, High Data)",Premium (>R500),Postpaid_Unlimited,8.45611,612.47,0.039070807723470935,40.0,23.333333333333332,2.113821138211382,34.552845528455286
SUB4078882,Regular User,High (R200-500),Postpaid_Basic,2.2704,233.05,0.0813148257838372,36.36363636363636,44.15584415584416,19.480519480519483,0.0
SUB5902666,"Upsell Opportunity (Low ARPU, Low Data)",Mid-Low (R50-100),Prepaid_Daily,0.47743,69.36,0.03343044103351689,36.92307692307692,30.76923076923077,26.153846153846157,6.153846153846153
SUB8918348,"Revenue Driver (High ARPU, High Data)",Premium (>R500),Postpaid_Unlimited,11.095120000000001,718.01,0.5021708196323296,20.47945205479452,41.09589041095891,27.397260273972602,11.027397260273974
SUB6088539,Regular User,High (R200-500),Postpaid_Basic,1.88675,207.02,0.13604379822514634,20.0,37.111111111111114,26.444444444444443,16.444444444444446
SUB7024587,Regular User,Mid (R100-200),Prepaid_Monthly,1.3431600000000001,135.58,0.09770566845132933,41.19850187265917,21.72284644194756,23.22097378277153,13.85767790262172
SUB8676431,Regular User,Mid (R100-200),Postpaid_Premium,1.64294,159.37,0.21526380388121402,19.218241042345277,79.15309446254074,0.977198697068404,0.6514657980456027
SUB5187694,"Upsell Opportunity (Low ARPU, Low Data)",Mid-Low (R50-100),Postpaid_Unlimited,0.52689,79.0,0.08789276667460943,13.541666666666668,22.916666666666668,23.958333333333336,39.583333333333336
SUB7562344,"Revenue Driver (High ARPU, High Data)",Premium (>R500),Postpaid_Basic,8.50904,581.03,0.24689265094771962,45.04504504504505,19.650900900900904,17.454954954954957,17.8490990990991
SUB4779044,"Revenue Driver (High ARPU, High Data)",Premium (>R500),Postpaid_Premium,9.607569999999999,691.92,1.4169139080771256,68.34733893557423,9.803921568627452,2.3809523809523814,19.46778711484594
SUB4943645,"Revenue Driver (High ARPU, High Data)",High (R200-500),Postpaid_Unlimited,6.35135,467.24,0.35615732933016453,19.073275862068968,64.65517241379311,15.840517241379311,0.4310344827586208
SUB3889190,"Revenue Driver (High ARPU, High Data)",Premium (>R500),Postpaid_Unlimited,12.6614,815.27,0.7201719966628133,68.55184233076265,17.480719794344477,1.4567266495287063,12.510711225364183
SUB1902473,Regular User,Mid (R100-200),Postpaid_Unlimited,1.50883,148.73,0.32749049875895664,1.5837104072398194,41.289592760180994,0.904977375565611,56.22171945701358
SUB5385536,"Upsell Opportunity (Low ARPU, Low Data)",Low (<R50),Prepaid_Monthly,0.21433000000000002,46.01,0.09630958294622566,8.41121495327103,25.233644859813086,54.20560747663552,12.149532710280377
SUB4406433,"Revenue Driver (High ARPU, High Data)",High (R200-500),Postpaid_Premium,6.09274,449.4,0.4124605418570635,47.18498659517426,19.16890080428954,20.375335120643427,13.27077747989276
SUB8323777,Regular User,Mid (R100-200),Postpaid_Premium,1.57401,153.9,0.09516022809154334,28.91156462585034,46.25850340136054,2.3809523809523814,22.44897959183674
SUB2539998,Regular User,High (R200-500),Prepaid_Monthly,2.30313,211.75,0.24339600509276993,27.443609022556387,31.203007518796987,24.06015037593985,17.293233082706767
SUB2311414,"Upsell Opportunity (Low ARPU, Low Data)",Mid-Low (R50-100),Postpaid_Basic,0.0858,84.82,0.01107322813754115,4.065040650406504,23.57723577235772,69.91869918699187,2.4390243902439024
SUB6320218,"Revenue Driver (High ARPU, High Data)",Premium (>R500),Postpaid_Basic,9.77707,655.85,0.35208835687985385,51.412944393801276,42.2971741112124,2.4612579762989975,3.82862351868733
SUB7542224,"Revenue Driver (High ARPU, High Data)",High (R200-500),Postpaid_Unlimited,3.8056300000000003,330.98,0.11972772284812505,29.709035222052073,65.23736600306279,4.900459418070445,0.1531393568147014
SUB1597897,Regular User,Mid (R100-200),Postpaid_Basic,0.7788099999999999,131.84,0.08050754191579557,64.40677966101694,32.20338983050847,1.6949152542372878,1.6949152542372878
SUB3761642,Regular User,High (R200-500),Prepaid_Monthly,2.4169099999999997,220.78,0.15785090644392819,25.586353944562894,32.83582089552239,21.321961620469082,20.255863539445627
SUB6954878,"Upsell Opportunity (Low ARPU, Low Data)",Mid-Low (R50-100),Prepaid_Daily,0.35496,55.41,0.008829822616629068,25.287356321839077,64.36781609195403,6.89655172413793,3.448275862068965
SUB1541529,"Upsell Opportunity (Low ARPU, Low Data)",Mid-Low (R50-100),Prepaid_Monthly,0.73664,87.45,0.14106579403121544,19.491525423728813,52.54237288135594,17.372881355932204,10.593220338983052
SUB5862894,Regular User,High (R200-500),Postpaid_Basic,2.61513,256.44,0.7902177971227133,42.07317073170731,8.536585365853659,12.95731707317073,36.43292682926829
SUB5015470,Regular User,High (R200-500),Postpaid_Basic,2.26627,232.77,0.0692892926366051,43.03797468354431,27.426160337552748,28.27004219409283,1.2658227848101267
SUB7934063,"Upsell Opportunity (Low ARPU, Low Data)",Low (<R50),Prepaid_Daily,0.08070999999999999,29.0,0.03843164914359577,1.388888888888889,69.44444444444444,16.666666666666664,12.5
SUB6081502,"Upsell Opportunity (Low ARPU, Low Data)",Low (<R50),Prepaid_Monthly,0.26459,50.0,0.1853135581471435,59.34959349593496,15.447154471544716,17.88617886178862,7.317073170731707
SUB7390459,Regular User,Mid (R100-200),Postpaid_Premium,1.57826,154.23,0.31593296403543714,26.592797783933513,51.800554016620495,20.49861495844875,1.10803324099723
SUB3879190,"Revenue Driver (High ARPU, High Data)",Premium (>R500),Postpaid_Unlimited,13.07975,841.25,0.8433549667061104,71.55635062611807,10.107334525939176,4.203935599284437,14.132379248658319
SUB5299489,"Revenue Driver (High ARPU, High Data)",Premium (>R500),Prepaid_Monthly,8.00838,581.58,0.9042125363953302,56.05381165919283,38.475336322869964,3.766816143497758,1.7040358744394621
SUB9094566,"Upsell Opportunity (Low ARPU, Low Data)",Mid-Low (R50-100),Prepaid_Daily,0.71587,96.5,0.04894759471458243,21.818181818181813,60.0,10.909090909090907,7.2727272727272725
SUB4557689,"Upsell Opportunity (Low ARPU, Low Data)",Mid (R100-200),Postpaid_Basic,0.39339999999999997,105.69,0.10517471062513967,17.560975609756095,74.6341463414634,4.390243902439024,3.414634146341463
SUB3602352,"Upsell Opportunity (Low ARPU, Low Data)",Mid-Low (R50-100),Prepaid_Monthly,0.6691699999999999,82.1,0.16190453260703297,33.33333333333333,37.25490196078431,26.797385620915033,2.6143790849673203
SUB4000102,Regular User,Mid (R100-200),Prepaid_Monthly,2.00935,188.44,0.909654687160824,49.29577464788733,15.774647887323944,23.661971830985916,11.267605633802818
SUB5630232,Regular User,Mid (R100-200),Prepaid_Daily,1.4070799999999999,175.2,0.22821453102202827,62.89592760180995,23.981900452488688,4.524886877828055,8.597285067873303
SUB3158344,"Revenue Driver (High ARPU, High Data)",High (R200-500),Postpaid_Basic,4.96272,415.72,1.546969746796611,32.5,41.0,15.125,11.375
SUB4413654,Regular User,Mid (R100-200),Prepaid_Daily,1.37784,171.87,0.08413734785990234,25.92592592592593,7.160493827160494,0.49382716049382713,66.41975308641975
SUB4371484,Regular User,Mid (R100-200),Postpaid_Unlimited,1.378,138.34,0.03679735629734804,4.736842105263158,18.421052631578945,11.052631578947368,65.78947368421052
SUB6913318,Regular User,Mid (R100-200),Prepaid_Daily,1.54773,191.21,0.031327567974149595,37.7906976744186,38.95348837209302,17.441860465116278,5.813953488372093
SUB5032654,Regular User,High (R200-500),Prepaid_Daily,2.41879,290.38,0.0398220999533514,24.726134585289515,39.123630672926446,24.726134585289515,11.424100156494521
SUB7501632,Regular User,Mid (R100-200),Postpaid_Basic,1.43256,176.2,0.032984661939908344,21.1734693877551,61.224489795918366,17.346938775510207,0.25510204081632654
SUB1071524,Regular User,High (R200-500),Postpaid_Basic,2.2288099999999997,230.22,0.3215244697497037,32.0,59.599999999999994,2.8000000000000003,5.6000000000000005
SUB9325857,Regular User,Mid (R100-200),Postpaid_Basic,1.7709300000000001,199.16,0.6066587021884635,47.95918367346938,24.744897959183675,22.70408163265306,4.591836734693878
SUB2278343,"Upsell Opportunity (Low ARPU, Low Data)",Mid-Low (R50-100),Postpaid_Basic,0.21531,93.61,0.040944300282132085,24.615384615384613,58.46153846153847,12.307692307692307,4.615384615384615
SUB2158175,"Upsell Opportunity (Low ARPU, Low Data)",Mid-Low (R50-100),Prepaid_Daily,0.7359199999999999,98.78,0.2141977780487888,46.08150470219436,23.824451410658305,10.971786833855798,19.122257053291534
SUB2337768,"Upsell Opportunity (Low ARPU, Low Data)",Low (<R50),Prepaid_Daily,0.10726999999999999,29.0,0.011871649143595772,7.142857142857142,68.57142857142856,5.714285714285714,18.57142857142857
SUB1808301,"Upsell Opportunity (Low ARPU, Low Data)",Mid-Low (R50-100),Prepaid_Monthly,0.57016,74.24,0.10005076196542839,39.83050847457626,55.08474576271186,0.8474576271186439,4.23728813559322
SUB5563653,Regular User,Mid (R100-200),Prepaid_Monthly,1.96238,184.71,0.007310091382089379,36.08490566037736,58.018867924528294,4.716981132075472,1.179245283018868
SUB6192859,Regular User,Mid (R100-200),Postpaid_Basic,1.16299,157.91,0.06164640307354796,6.83371298405467,79.498861047836,9.567198177676538,4.100227790432802
SUB3309231,"Revenue Driver (High ARPU, High Data)",High (R200-500),Postpaid_Unlimited,3.92299,340.29,0.5505273247624882,38.18722139673106,61.51560178306092,0.0,0.29717682020802383
SUB2391449,"Revenue Driver (High ARPU, High Data)",Premium (>R500),Postpaid_Premium,10.08865,655.51,0.20381919021819606,60.32196969696969,35.890151515151516,3.125,0.6628787878787878
SUB8449116,Regular User,Mid (R100-200),Prepaid_Daily,1.53068,189.27,0.1502585310788489,37.00787401574804,59.05511811023623,3.543307086614174,0.3937007874015749
SUB6871348,"Revenue Driver (High ARPU, High Data)",Premium (>R500),Postpaid_Premium,26.258560000000003,1514.71,0.950972277522947,59.79073243647234,7.399103139013452,29.89536621823617,2.914798206278027
SUB3681719,"Upsell Opportunity (Low ARPU, Low Data)",Mid-Low (R50-100),Postpaid_Premium,0.50312,79.0,0.017612137759119295,8.49056603773585,57.86163522012578,2.515723270440251,31.132075471698105
SUB6717467,"Revenue Driver (High ARPU, High Data)",High (R200-500),Postpaid_Basic,3.6809600000000002,328.75,0.12929878729361466,42.769230769230774,21.846153846153847,5.846153846153847,29.53846153846154
SUB4289363,"Upsell Opportunity (Low ARPU, Low Data)",Low (<R50),Prepaid_Daily,0.29967,49.12,0.06576723332357814,20.869565217391305,11.739130434782611,44.78260869565218,22.608695652173914
SUB1003196,Regular User,High (R200-500),Postpaid_Premium,2.6943699999999997,242.8,0.03643708996959649,15.95959595959596,60.60606060606061,22.828282828282827,0.606060606060606
SUB2534227,Regular User,Mid (R100-200),Postpaid_Basic,0.8615700000000001,137.46,0.23238749248229273,26.256983240223462,66.48044692737429,5.027932960893854,2.2346368715083798
SUB8990001,"Upsell Opportunity (Low ARPU, Low Data)",Mid-Low (R50-100),Prepaid_Monthly,0.89243,99.81,0.05782427274501445,41.791044776119406,12.686567164179104,24.62686567164179,20.895522388059703
SUB9269841,Regular User,Mid (R100-200),Prepaid_Monthly,1.98951,186.87,0.46495976506928716,37.109375,41.40625,16.015625,5.468750000000001
SUB2965730,Regular User,High (R200-500),Prepaid_Daily,1.9193399999999998,233.52,0.3882324763461986,57.566765578635014,27.893175074183972,12.166172106824925,2.3738872403560833
SUB3585917,Regular User,High (R200-500),Prepaid_Daily,2.7895100000000004,332.59,0.7198180014397173,38.48238482384824,37.66937669376694,11.382113821138212,12.466124661246615
SUB6193951,"Revenue Driver (High ARPU, High Data)",High (R200-500),Postpaid_Premium,3.9937199999999997,345.9,0.2365902514144378,54.38144329896907,11.597938144329897,6.701030927835052,27.31958762886598
SUB8416510,"Upsell Opportunity (Low ARPU, Low Data)",Mid-Low (R50-100),Postpaid_Premium,0.22924,79.0,0.0004812827859834168,9.15492957746479,43.66197183098592,5.633802816901409,41.54929577464789
SUB2731530,Regular User,Mid (R100-200),Prepaid_Monthly,1.3582100000000001,136.77,0.0590692451156114,23.91304347826087,41.30434782608696,3.8043478260869574,30.978260869565215
SUB8551506,"Upsell Opportunity (Low ARPU, Low Data)",Mid-Low (R50-100),Postpaid_Premium,0.83889,95.57,0.10616577687328788,24.878048780487802,54.14634146341463,19.024390243902438,1.9512195121951217
SUB1294358,"Upsell Opportunity (Low ARPU, Low Data)",Mid-Low (R50-100),Prepaid_Monthly,0.31576,54.06,0.030665150701064292,61.36363636363637,15.909090909090912,13.636363636363635,9.090909090909092
SUB7989875,Regular User,High (R200-500),Postpaid_Premium,2.52863,229.65,0.09083451699915912,25.107296137339052,62.01716738197425,10.085836909871244,2.7896995708154506
SUB4961352,Regular User,Mid (R100-200),Postpaid_Premium,1.59662,155.69,0.20375158180198083,14.222222222222221,38.22222222222222,26.0,21.555555555555557
SUB8499412,"Revenue Driver (High ARPU, High Data)",High (R200-500),Postpaid_Basic,3.92958,345.62,0.8354465654501797,9.507042253521128,50.176056338028175,17.253521126760564,23.063380281690144
SUB3657303,"Upsell Opportunity (Low ARPU, Low Data)",Mid-Low (R50-100),Prepaid_Monthly,0.6441399999999999,80.11,0.0728551453175843,11.578947368421053,56.84210526315789,15.263157894736839,16.31578947368421
SUB3752690,"Revenue Driver (High ARPU, High Data)",High (R200-500),Postpaid_Unlimited,4.45913,382.83,0.5477811132713843,23.453608247422682,55.412371134020624,16.108247422680414,5.025773195876289
SUB1136645,Regular User,Mid (R100-200),Prepaid_Monthly,1.48951,147.19,0.3766546178268606,23.157894736842106,58.526315789473685,12.0,6.315789473684211
SUB2279898,Regular User,Mid (R100-200),Prepaid_Daily,1.56084,192.7,0.16170420327255486,12.609970674486803,0.1466275659824047,6.89149560117302,80.35190615835778
SUB9051090,"Revenue Driver (High ARPU, High Data)",High (R200-500),Postpaid_Basic,4.745,400.95,0.7593138001008048,52.994011976047894,16.16766467065868,15.26946107784431,15.5688622754491
SUB4822069,Regular User,High (R200-500),Prepaid_Monthly,3.41535,300.01,0.4256032231004703,30.42394014962594,19.700748129675812,5.236907730673317,44.63840399002494
SUB4672277,"Revenue Driver (High ARPU, High Data)",High (R200-500),Postpaid_Premium,4.93212,420.36,0.8869795192166343,32.33151183970856,22.404371584699454,31.876138433515482,13.3879781420765
SUB3548600,Regular User,Mid (R100-200),Postpaid_Basic,0.87422,138.32,0.7072035210219099,9.483960948396096,63.737796373779645,4.184100418410042,22.594142259414227
SUB3580309,Regular User,Mid (R100-200),Postpaid_Premium,1.0620699999999998,113.28,0.18225238040303804,14.285714285714288,73.29192546583852,7.453416149068323,4.9689440993788825
SUB7180142,Regular User,High (R200-500),Prepaid_Monthly,2.64248,238.68,0.07644320656639003,38.74788494077834,12.182741116751268,9.137055837563453,39.93231810490693
SUB9291860,Regular User,High (R200-500),Prepaid_Monthly,2.6144499999999997,236.46,0.35527607510049775,63.08068459657702,25.67237163814181,0.9779951100244498,10.268948655256724
SUB4763302,Regular User,High (R200-500),Postpaid_Premium,2.4876300000000002,226.39,0.6448116538536393,42.50000000000001,55.00000000000001,0.8333333333333334,1.6666666666666667
SUB7999366,"Upsell Opportunity (Low ARPU, Low Data)",Mid (R100-200),Postpaid_Basic,0.5649299999999999,117.33,0.11862240064186513,4.878048780487805,26.558265582655828,66.93766937669378,1.6260162601626014
SUB8031401,"Upsell Opportunity (Low ARPU, Low Data)",Mid-Low (R50-100),Postpaid_Basic,0.2414,95.38,0.1406271601741073,14.70588235294118,25.73529411764706,50.73529411764706,8.823529411764707
SUB4757974,"Upsell Opportunity (Low ARPU, Low Data)",Mid-Low (R50-100),Postpaid_Premium,0.87713,98.6,0.037553590036057294,2.1164021164021163,76.71957671957671,2.6455026455026456,18.51851851851852
SUB9199423,"Revenue Driver (High ARPU, High Data)",High (R200-500),Postpaid_Premium,6.52505,479.23,0.00856892957188471,31.313131313131308,27.27272727272727,30.471380471380467,10.94276094276094
SUB6584581,Regular User,Mid (R100-200),Postpaid_Basic,1.28426,166.14,0.05139017631029774,8.46394984326019,76.48902821316614,12.852664576802509,2.1943573667711602
SUB8905435,"Revenue Driver (High ARPU, High Data)",Premium (>R500),Postpaid_Premium,10.742059999999999,696.08,0.6707263068003702,35.26466380543634,32.97567954220315,28.612303290414882,3.1473533619456364
SUB8744064,"Revenue Driver (High ARPU, High Data)",Premium (>R500),Postpaid_Premium,11.96641,772.11,3.7219403975560184,33.33333333333333,34.39153439153439,11.337868480725623,20.93726379440665
SUB8313861,"Upsell Opportunity (Low ARPU, Low Data)",Mid-Low (R50-100),Postpaid_Premium,0.28744,79.0,0.013504694055408217,5.825242718446603,59.223300970873794,20.38834951456311,14.563106796116507
SUB3895107,"Upsell Opportunity (Low ARPU, Low Data)",Mid-Low (R50-100),Postpaid_Premium,0.78015,90.9,0.1693702332533421,36.92307692307692,40.76923076923077,0.7692307692307692,21.53846153846154
SUB3763642,Regular User,High (R200-500),Postpaid_Basic,3.13447,291.67,0.105989994594335,63.30472103004292,23.175965665236053,8.369098712446352,5.150214592274678
SUB7760403,"Revenue Driver (High ARPU, High Data)",High (R200-500),Postpaid_Basic,3.53105,318.58,0.4396412470479407,40.828402366863905,25.295857988165682,30.76923076923077,3.106508875739645
SUB5855920,Regular User,High (R200-500),Postpaid_Premium,2.38408,218.18,0.41826660355285106,21.58590308370044,8.590308370044053,9.911894273127754,59.91189427312775
SUB9353170,"Revenue Driver (High ARPU, High Data)",High (R200-500),Postpaid_Basic,5.003310000000001,374.2,0.2535962575222719,32.03124999999999,30.156249999999996,12.03125,25.781249999999993
SUB6156758,"Revenue Driver (High ARPU, High Data)",High (R200-500),Postpaid_Premium,4.6811300000000005,400.45,1.5699273391499,72.01646090534979,21.39917695473251,5.349794238683128,1.2345679012345678
SUB2410124,"Revenue Driver (High ARPU, High Data)",High (R200-500),Postpaid_Unlimited,6.18276,455.61,1.7235204905071386,41.88562596599691,46.05873261205564,10.973724884080372,1.081916537867079
SUB9662149,"Revenue Driver (High ARPU, High Data)",Premium (>R500),Prepaid_Monthly,10.401290000000001,674.92,0.8429558375201687,47.759562841530055,25.46448087431694,11.80327868852459,14.972677595628417
SUB4329782,Regular User,High (R200-500),Prepaid_Daily,2.9824699999999997,354.55,0.25457104733970937,91.57608695652173,3.260869565217391,0.2717391304347826,4.891304347826086
SUB9714892,Regular User,High (R200-500),Postpaid_Basic,3.3004499999999997,302.94,0.23705143628451175,42.6183844011142,37.88300835654596,17.270194986072422,2.2284122562674096
SUB3690927,"Upsell Opportunity (Low ARPU, Low Data)",Mid-Low (R50-100),Prepaid_Monthly,0.74533,88.14,0.018198987021938562,1.6064257028112452,85.94377510040162,9.63855421686747,2.8112449799196795
SUB7911855,"Revenue Driver (High ARPU, High Data)",High (R200-500),Postpaid_Unlimited,5.107609999999999,381.43,0.8418369914873658,67.07317073170732,24.87804878048781,0.4878048780487806,7.560975609756099
SUB1463723,"Upsell Opportunity (Low ARPU, Low Data)",Mid-Low (R50-100),Prepaid_Daily,0.63912,87.76,0.04005600257445874,37.6,46.4,7.199999999999999,8.799999999999999
SUB4177993,"Revenue Driver (High ARPU, High Data)",High (R200-500),Prepaid_Monthly,3.60896,315.37,0.27210327240502963,59.60591133004925,9.261083743842363,0.7881773399014778,30.344827586206897
SUB5952505,Regular User,High (R200-500),Prepaid_Daily,2.62016,313.31,0.3305890875678106,70.52896725440806,10.831234256926953,1.2594458438287155,17.38035264483627
SUB5973198,"Revenue Driver (High ARPU, High Data)",High (R200-500),Prepaid_Monthly,4.35538,374.6,0.5838816811167069,62.04819277108433,31.52610441767068,2.610441767068273,3.8152610441767063
SUB7514524,Regular User,High (R200-500),Postpaid_Basic,2.1037600000000003,221.74,0.31767270356938804,13.708260105448156,34.97363796133568,50.96660808435852,0.351493848857645
SUB6512460,Regular User,High (R200-500),Postpaid_Basic,2.45292,245.43,0.12911562934808352,48.192771084337345,15.42168674698795,31.566265060240962,4.8192771084337345
SUB2602970,Regular User,High (R200-500),Prepaid_Monthly,2.34465,215.05,0.044398763959807575,24.74849094567404,37.02213279678068,37.625754527162975,0.6036217303822936
SUB7800541,"Revenue Driver (High ARPU, High Data)",Premium (>R500),Postpaid_Premium,7.63217,555.62,0.24802493796758984,54.166666666666664,20.833333333333332,10.53921568627451,14.460784313725489
SUB1017297,Regular User,High (R200-500),Prepaid_Daily,3.22445,382.1,0.834247843702228,7.503607503607504,86.58008658008657,4.184704184704184,1.7316017316017316
SUB6532388,Regular User,High (R200-500),Prepaid_Monthly,3.16107,279.83,0.05074166788084966,36.120996441281136,22.95373665480427,7.6512455516014235,33.27402135231317
SUB3436831,"Revenue Driver (High ARPU, High Data)",Premium (>R500),Prepaid_Monthly,11.12695,719.98,1.912587549411752,36.77606177606177,57.91505791505791,4.633204633204632,0.6756756756756757
SUB1084654,Regular User,Mid (R100-200),Postpaid_Basic,1.01304,147.73,0.4291391708629113,21.70940170940171,58.119658119658126,4.615384615384616,15.555555555555555
SUB1443945,"Revenue Driver (High ARPU, High Data)",High (R200-500),Prepaid_Monthly,3.51961,308.28,0.46631506377735077,90.2200488997555,0.24449877750611246,7.579462102689487,1.9559902200488997
SUB9988400,Regular User,Mid (R100-200),Postpaid_Premium,0.97999,106.76,0.1630918332210013,25.862068965517242,49.26108374384237,18.7192118226601,6.157635467980296
SUB2258542,"Upsell Opportunity (Low ARPU, Low Data)",Low (<R50),Prepaid_Daily,0.11,29.0,3.873216685656988e-05,25.0,70.0,3.3333333333333335,1.6666666666666667
SUB1366042,"Upsell Opportunity (Low ARPU, Low Data)",Low (<R50),Prepaid_Daily,0.2361,41.88,0.14079450939925928,66.07142857142857,12.5,16.07142857142857,5.357142857142856
SUB7756350,"Revenue Driver (High ARPU, High Data)",High (R200-500),Postpaid_Premium,5.312600000000001,395.57,0.15652084509581954,12.008978675645343,67.34006734006735,0.7856341189674524,19.865319865319865
SUB5055957,"Revenue Driver (High ARPU, High Data)",High (R200-500),Postpaid_Unlimited,6.77416,496.42,2.396882880839538,53.24165029469549,30.25540275049116,9.62671905697446,6.876227897838899
SUB8689262,"Upsell Opportunity (Low ARPU, Low Data)",Mid-Low (R50-100),Postpaid_Unlimited,0.20706,79.0,0.47017813158704613,7.6923076923076925,76.92307692307693,2.5641025641025643,12.820512820512823
SUB2722320,"Upsell Opportunity (Low ARPU, Low Data)",Mid-Low (R50-100),Prepaid_Daily,0.58375,81.46,0.08315728174291925,27.142857142857142,47.14285714285714,22.857142857142858,2.857142857142857
SUB5873062,Regular User,High (R200-500),Postpaid_Basic,2.11585,222.56,0.4217894620154641,62.87262872628726,17.88617886178862,15.176151761517618,4.0650406504065035
SUB7561000,Regular User,Mid (R100-200),Postpaid_Basic,1.55519,184.52,0.38069938241746915,14.326647564469916,61.60458452722063,22.34957020057307,1.7191977077363898
SUB2348055,"Revenue Driver (High ARPU, High Data)",High (R200-500),Postpaid_Basic,4.878439999999999,410.0,0.452116774239097,89.62655601659752,5.809128630705394,0.4149377593360996,4.149377593360995
SUB9072590,"Upsell Opportunity (Low ARPU, Low Data)",Mid-Low (R50-100),Prepaid_Daily,0.5026,72.22,0.07482907552950935,8.253968253968255,29.523809523809526,42.22222222222223,20.0
SUB4317657,Regular User,High (R200-500),Postpaid_Premium,2.56,232.14,0.23820424357599368,35.535307517084284,27.10706150341686,7.744874715261959,29.612756264236907
SUB2255564,Regular User,High (R200-500),Postpaid_Basic,2.6104000000000003,256.12,0.2725314277783335,13.592233009708737,56.89320388349515,17.669902912621357,11.844660194174757
SUB5960124,Regular User,High (R200-500),Prepaid_Monthly,2.2701599999999997,209.14,0.13652678288182551,49.24242424242424,47.72727272727273,3.0303030303030303,0.0
SUB9977182,"Upsell Opportunity (Low ARPU, Low Data)",Mid-Low (R50-100),Prepaid_Monthly,0.31457999999999997,53.96,0.017174636101551344,4.761904761904762,69.52380952380952,4.761904761904762,20.952380952380953
SUB3554293,"Revenue Driver (High ARPU, High Data)",High (R200-500),Postpaid_Basic,3.89811,343.49,1.5745745622450054,57.97101449275364,17.57246376811594,19.746376811594203,4.710144927536232
SUB2358097,Regular User,High (R200-500),Postpaid_Basic,2.38177,240.6,0.10332752867256056,68.84422110552764,23.115577889447234,6.030150753768844,2.0100502512562812
SUB1985257,Regular User,High (R200-500),Postpaid_Premium,2.28841,210.59,0.3831050562694722,58.139534883720934,29.457364341085274,10.077519379844963,2.3255813953488373
SUB6732452,"Upsell Opportunity (Low ARPU, Low Data)",Mid-Low (R50-100),Postpaid_Unlimited,0.56112,79.0,0.08650206418063089,40.21739130434783,33.69565217391305,21.73913043478261,4.347826086956522
SUB1970278,Regular User,High (R200-500),Postpaid_Basic,2.07484,219.78,0.02627813179383276,41.089108910891085,6.9306930693069315,14.85148514851485,37.12871287128713
SUB6204369,Regular User,High (R200-500),Prepaid_Monthly,2.3003,211.53,0.005096495681689461,59.88023952095809,29.34131736526946,10.778443113772456,0.0
SUB9104789,Regular User,Mid (R100-200),Prepaid_Monthly,0.98263,106.97,0.06972603921384724,16.346153846153847,20.19230769230769,57.692307692307686,5.769230769230769
SUB3870574,"Revenue Driver (High ARPU, High Data)",Premium (>R500),Postpaid_Basic,7.55562,524.78,1.3652271253487518,60.97560975609756,26.753048780487802,3.125,9.146341463414634
SUB2033255,"Upsell Opportunity (Low ARPU, Low Data)",Mid-Low (R50-100),Postpaid_Premium,0.50295,79.0,0.11124312973721923,17.889908256880734,10.091743119266054,9.633027522935778,62.38532110091744
SUB5371272,Regular User,Mid (R100-200),Postpaid_Basic,1.14992,157.02,0.0630272461028143,84.90566037735849,13.836477987421384,0.6289308176100629,0.6289308176100629
SUB7971631,"Upsell Opportunity (Low ARPU, Low Data)",Mid-Low (R50-100),Postpaid_Basic,0.21886000000000003,93.85,0.015640315739521876,40.20618556701031,32.98969072164948,24.742268041237114,2.0618556701030926
SUB9223269,"Upsell Opportunity (Low ARPU, Low Data)",Mid-Low (R50-100),Prepaid_Monthly,0.6974600000000001,84.34,0.1660568181942832,28.74251497005988,60.47904191616767,7.78443113772455,2.9940119760479043
SUB9677177,"Revenue Driver (High ARPU, High Data)",Premium (>R500),Postpaid_Premium,12.37434,797.45,1.9113900200948013,60.99815157116451,20.70240295748614,6.469500924214418,11.829944547134936
SUB8793404,Regular User,Mid (R100-200),Postpaid_Premium,2.01383,188.8,0.5062521142984315,10.086455331412104,67.72334293948127,2.593659942363112,19.596541786743515
SUB3353847,"Revenue Driver (High ARPU, High Data)",High (R200-500),Postpaid_Basic,6.24187,447.27,0.7664144163557909,60.4014598540146,24.08759124087591,13.503649635036496,2.0072992700729926
SUB4345026,"Revenue Driver (High ARPU, High Data)",Premium (>R500),Postpaid_Premium,29.29684,1686.62,2.78084236470281,50.664977834072204,37.998733375554146,5.573147561747942,5.763141228625712
SUB4838187,"Upsell Opportunity (Low ARPU, Low Data)",Mid-Low (R50-100),Prepaid_Daily,0.46896,68.39,0.009882706076950465,45.16129032258065,12.903225806451612,25.806451612903224,16.12903225806452
SUB1197775,"Revenue Driver (High ARPU, High Data)",Premium (>R500),Postpaid_Unlimited,14.21962,912.04,1.7976722443471722,28.6871961102107,48.622366288492714,15.80226904376013,6.888168557536467
SUB4502646,"Upsell Opportunity (Low ARPU, Low Data)",Mid-Low (R50-100),Prepaid_Monthly,0.40212,60.91,0.005728504522363953,66.66666666666666,7.4074074074074066,0.0,25.925925925925924
SUB3625263,"Upsell Opportunity (Low ARPU, Low Data)",Low (<R50),Prepaid_Monthly,0.08579,35.81,0.06241632825913479,16.666666666666664,77.77777777777779,5.555555555555555,0.0
SUB1968410,Regular User,Mid (R100-200),Prepaid_Monthly,1.85155,175.92,0.513708917907449,81.25000000000001,11.029411764705884,1.1029411764705883,6.61764705882353
SUB5259622,"Revenue Driver (High ARPU, High Data)",Premium (>R500),Postpaid_Premium,9.133239999999999,659.19,0.6683199192836167,45.167286245353175,40.33457249070633,9.479553903345726,5.018587360594797
SUB3592536,"Revenue Driver (High ARPU, High Data)",High (R200-500),Postpaid_Unlimited,4.75444,406.26,0.7036086776399317,17.34475374732334,64.23982869379014,2.355460385438972,16.059957173447536
SUB4535443,"Upsell Opportunity (Low ARPU, Low Data)",Mid-Low (R50-100),Postpaid_Unlimited,0.31053,79.0,0.026397550677450254,19.78021978021978,41.20879120879121,2.197802197802198,36.813186813186825
SUB4663175,"Revenue Driver (High ARPU, High Data)",High (R200-500),Postpaid_Unlimited,5.02031,375.4,0.2596979806391779,27.896341463414632,49.84756097560975,11.128048780487804,11.128048780487804
SUB1110078,"Upsell Opportunity (Low ARPU, Low Data)",Mid-Low (R50-100),Postpaid_Premium,0.46764,79.0,0.08535065592107238,29.411764705882348,41.17647058823529,22.352941176470587,7.058823529411764
SUB1886040,"Revenue Driver (High ARPU, High Data)",Premium (>R500),Postpaid_Unlimited,8.82895,638.2,1.5915128207452565,77.58620689655173,2.1943573667711602,16.4576802507837,3.761755485893417
SUB5964948,"Revenue Driver (High ARPU, High Data)",Premium (>R500),Postpaid_Premium,9.36981,675.52,1.548832966567959,53.28892589508744,14.40466278101582,11.99000832639467,20.31640299750208
SUB6393333,Regular User,Mid (R100-200),Prepaid_Daily,1.534,189.65,0.62855113341504,79.58333333333331,10.416666666666666,9.166666666666666,0.8333333333333331
SUB1721747,"Upsell Opportunity (Low ARPU, Low Data)",Mid-Low (R50-100),Prepaid_Monthly,0.53746,71.65,0.28382523561685624,54.02843601895735,32.70142180094787,7.5829383886255926,5.687203791469194
SUB8133456,"Upsell Opportunity (Low ARPU, Low Data)",Mid-Low (R50-100),Prepaid_Daily,0.3925,59.69,0.03760423374718491,4.62046204620462,20.46204620462046,66.99669966996699,7.92079207920792
SUB8604323,Regular User,Mid (R100-200),Postpaid_Premium,2.14867,199.5,0.238737706611174,21.61016949152543,77.75423728813561,0.4237288135593221,0.21186440677966106
SUB5896799,Regular User,Mid (R100-200),Postpaid_Premium,1.1741199999999998,122.17,0.016285750268580923,34.5945945945946,54.594594594594604,9.189189189189191,1.6216216216216217
SUB4049307,Regular User,Mid (R100-200),Prepaid_Monthly,1.44652,143.78,0.009963272948461555,23.72881355932203,15.53672316384181,1.4124293785310735,59.32203389830508
SUB7689558,"Upsell Opportunity (Low ARPU, Low Data)",Mid (R100-200),Postpaid_Basic,0.39027999999999996,105.48,0.009327544164808743,11.842105263157894,85.52631578947368,2.631578947368421,0.0
SUB8574587,Regular User,High (R200-500),Postpaid_Premium,2.3034499999999998,211.78,0.10059064283670249,26.86230248306998,37.69751693002257,22.799097065462757,12.641083521444695
SUB4254992,"Upsell Opportunity (Low ARPU, Low Data)",Mid-Low (R50-100),Prepaid_Daily,0.61915,85.49,0.10832598629957124,30.263157894736842,50.6578947368421,7.894736842105263,11.18421052631579
SUB6444003,Regular User,High (R200-500),Postpaid_Basic,2.09996,221.48,0.863211355518978,77.01149425287356,13.79310344827586,8.045977011494253,1.1494252873563215
SUB2946793,Regular User,High (R200-500),Prepaid_Monthly,2.92623,261.2,0.16692427870365645,83.59621451104101,3.154574132492114,0.3154574132492114,12.933753943217665
SUB9463331,"Revenue Driver (High ARPU, High Data)",High (R200-500),Postpaid_Basic,4.07003,355.15,0.7114678349077135,53.095238095238095,31.666666666666664,9.523809523809524,5.714285714285714
SUB6741638,"Revenue Driver (High ARPU, High Data)",High (R200-500),Postpaid_Premium,6.02194,444.51,1.5011816241913367,13.319386331938631,41.84100418410041,2.9986052998605297,41.84100418410041
SUB6596411,"Upsell Opportunity (Low ARPU, Low Data)",Mid-Low (R50-100),Prepaid_Daily,0.60789,84.21,0.17950888415488253,57.74058577405857,18.410041841004183,18.828451882845187,5.020920502092049
SUB6159253,Regular User,Mid (R100-200),Prepaid_Daily,1.11544,141.99,0.14009634043826424,37.414965986394556,32.65306122448979,27.210884353741495,2.721088435374149
SUB1066150,Regular User,High (R200-500),Postpaid_Basic,2.9411799999999997,278.56,1.4303924223326683,34.97409326424871,4.663212435233159,51.813471502590666,8.549222797927461
SUB4881143,Regular User,High (R200-500),Postpaid_Unlimited,2.6191199999999997,236.83,0.3840818819471221,34.14634146341463,30.48780487804878,30.48780487804878,4.878048780487805
SUB3866457,"Revenue Driver (High ARPU, High Data)",Premium (>R500),Postpaid_Unlimited,14.4863,928.6,2.0000584875048073,81.88331627430911,16.06960081883316,1.4329580348004094,0.6141248720573182
SUB4486669,Regular User,Mid (R100-200),Postpaid_Basic,0.6762400000000001,124.88,0.16511953339618757,48.65900383141763,29.88505747126437,13.026819923371649,8.42911877394636
SUB1297883,Regular User,Mid (R100-200),Postpaid_Basic,1.18832,159.63,0.1268903895637401,40.0,33.72549019607843,16.862745098039216,9.411764705882353
SUB6091995,Regular User,Mid (R100-200),Postpaid_Unlimited,2.08135,194.16,0.8093589377501456,52.1505376344086,31.048387096774192,15.456989247311828,1.3440860215053765
SUB5819075,"Revenue Driver (High ARPU, High Data)",Premium (>R500),Postpaid_Unlimited,7.91004,574.79,1.7113522346879098,78.01047120418848,19.50261780104712,1.9633507853403138,0.5235602094240838
SUB1131562,Regular User,High (R200-500),Postpaid_Unlimited,3.29235,290.25,0.22884423647415852,23.9870340356564,46.02917341977309,13.938411669367905,16.045380875202593
SUB1179001,"Upsell Opportunity (Low ARPU, Low Data)",Mid-Low (R50-100),Prepaid_Monthly,0.57412,74.56,0.06085899162372532,19.117647058823533,79.41176470588238,1.1029411764705883,0.36764705882352944
SUB7849221,"Revenue Driver (High ARPU, High Data)",High (R200-500),Prepaid_Daily,4.02072,472.76,0.9967905311391276,36.885245901639344,37.97814207650273,4.371584699453552,20.765027322404368
SUB8073575,"Revenue Driver (High ARPU, High Data)",High (R200-500),Postpaid_Basic,4.15374,360.83,1.4626521878859444,38.862559241706165,13.112164296998419,36.17693522906793,11.848341232227488
SUB1414399,Regular User,High (R200-500),Prepaid_Daily,2.41864,290.36,0.8162057244470531,41.57043879907622,49.19168591224019,8.083140877598154,1.1547344110854505
SUB1689746,Regular User,Mid (R100-200),Postpaid_Premium,2.02095,189.36,0.26054567223602154,6.496062992125983,34.44881889763779,39.370078740157474,19.685039370078737
SUB5273445,"Upsell Opportunity (Low ARPU, Low Data)",Mid-Low (R50-100),Postpaid_Unlimited,0.72505,86.53,0.0633778584873439,33.992094861660085,57.70750988142292,8.300395256916996,0.0
SUB3653093,Regular User,High (R200-500),Prepaid_Daily,2.02468,245.51,0.41736632870914825,44.44444444444445,46.296296296296305,6.01851851851852,3.2407407407407414
SUB5396208,"Upsell Opportunity (Low ARPU, Low Data)",Mid-Low (R50-100),Postpaid_Premium,0.4437,79.0,0.4801161720754056,2.313624678663239,29.048843187660665,14.395886889460158,54.24164524421594
SUB8625417,"Upsell Opportunity (Low ARPU, Low Data)",Mid-Low (R50-100),Prepaid_Monthly,0.29956,52.77,0.02967711182637467,35.38461538461539,33.84615384615384,13.846153846153845,16.92307692307692
SUB9642873,"Revenue Driver (High ARPU, High Data)",Premium (>R500),Postpaid_Unlimited,9.1649,661.38,0.5490707987729682,29.55223880597015,32.93532338308457,34.32835820895522,3.1840796019900495
SUB1801125,"Upsell Opportunity (Low ARPU, Low Data)",Mid-Low (R50-100),Prepaid_Monthly,0.71847,86.01,0.15693469041645547,25.365853658536587,49.268292682926834,22.439024390243905,2.9268292682926833
SUB7746037,Regular User,Mid (R100-200),Postpaid_Premium,1.60576,156.42,0.0425851566856148,83.80952380952381,8.57142857142857,1.9047619047619047,5.714285714285714
SUB8032205,"Revenue Driver (High ARPU, High Data)",High (R200-500),Postpaid_Basic,6.45768,460.0,1.099550817875036,41.90564292321925,50.786308973172986,4.440333024976873,2.867715078630897
SUB6129584,"Revenue Driver (High ARPU, High Data)",High (R200-500),Prepaid_Monthly,5.42706,403.47,0.6912105196394274,61.62790697674419,23.255813953488374,6.395348837209303,8.720930232558139
SUB9971541,"Upsell Opportunity (Low ARPU, Low Data)",Mid-Low (R50-100),Prepaid_Daily,0.4715,68.68,0.05619994399576217,42.857142857142854,28.57142857142857,13.142857142857142,15.42857142857143
SUB6681868,"Upsell Opportunity (Low ARPU, Low Data)",Low (<R50),Prepaid_Daily,0.14974,32.05,0.09829855900459537,24.050632911392405,16.455696202531644,26.582278481012654,32.91139240506329
SUB8718221,Regular User,Mid (R100-200),Prepaid_Monthly,1.8186,173.31,0.014083150639652375,71.97106690777576,22.423146473779386,3.9783001808318272,1.62748643761302
SUB5988023,Regular User,High (R200-500),Postpaid_Premium,2.84399,254.67,0.11679169376852538,58.95765472312704,11.726384364820847,2.2801302931596092,27.035830618892508
SUB7783564,"Upsell Opportunity (Low ARPU, Low Data)",Mid (R100-200),Prepaid_Monthly,0.97221,106.14,0.07399376995319196,32.38095238095238,52.85714285714286,8.095238095238095,6.666666666666667
SUB3002324,Regular User,Mid (R100-200),Prepaid_Monthly,2.05929,192.4,0.00420816166154081,46.78362573099415,23.976608187134502,1.4619883040935673,27.77777777777778
SUB5461595,Regular User,Mid (R100-200),Postpaid_Unlimited,1.55283,152.22,0.06384055238903108,10.303030303030305,57.37373737373738,28.080808080808083,4.242424242424243
SUB1737090,"Revenue Driver (High ARPU, High Data)",High (R200-500),Prepaid_Monthly,3.5980100000000004,314.5,0.2471803480412169,84.18491484184915,9.975669099756692,3.406326034063261,2.433090024330901
SUB5983926,Regular User,Mid (R100-200),Postpaid_Basic,1.14787,156.88,0.039300768584025425,16.145833333333336,67.1875,8.854166666666668,7.8125
SUB3185454,"Revenue Driver (High ARPU, High Data)",Premium (>R500),Postpaid_Premium,16.68207,1064.96,2.314620884644196,77.44433688286544,7.163601161665054,9.970958373668925,5.4211035818005815
SUB9415224,Regular User,Mid (R100-200),Postpaid_Premium,1.4860499999999999,146.92,0.7451563408128534,42.61363636363637,14.583333333333334,4.545454545454546,38.257575757575765
SUB8330395,"Revenue Driver (High ARPU, High Data)",High (R200-500),Postpaid_Basic,3.9035100000000003,343.85,1.2288576675884646,12.551440329218108,61.728395061728406,12.757201646090536,12.962962962962965
SUB6522567,Regular User,High (R200-500),Postpaid_Premium,2.36917,216.99,0.343867751582724,24.137931034482754,57.38916256157635,10.591133004926107,7.881773399014777
SUB9383190,Regular User,High (R200-500),Prepaid_Daily,2.45751,294.79,0.7421531086292279,73.01980198019803,22.524752475247524,4.207920792079208,0.24752475247524752
SUB4578226,"Upsell Opportunity (Low ARPU, Low Data)",Mid-Low (R50-100),Prepaid_Daily,0.51483,73.61,0.04229313365037701,53.42465753424656,26.027397260273972,16.438356164383556,4.109589041095889
SUB8603876,"Revenue Driver (High ARPU, High Data)",High (R200-500),Postpaid_Unlimited,3.78757,329.54,0.5140264801405672,26.29757785467128,49.134948096885815,0.8650519031141869,23.702422145328725
SUB9658123,Regular User,High (R200-500),Prepaid_Daily,1.67667,205.89,0.1941282696984732,4.118616144975289,76.93574958813839,18.616144975288304,0.3294892915980231
SUB7401391,"Upsell Opportunity (Low ARPU, Low Data)",Low (<R50),Prepaid_Monthly,0.21425999999999998,46.0,0.06546295365681426,36.8421052631579,55.263157894736835,3.9473684210526314,3.9473684210526314
SUB9536326,Regular User,High (R200-500),Postpaid_Basic,2.0553600000000003,218.46,0.7458283543036459,28.79019908116386,50.84226646248086,20.367534456355287,0.0
SUB3203092,Regular User,High (R200-500),Prepaid_Daily,2.42267,290.82,0.449932966416718,80.08849557522123,19.91150442477876,0.0,0.0
SUB7304721,"Upsell Opportunity (Low ARPU, Low Data)",Mid-Low (R50-100),Postpaid_Basic,0.18263,91.39,0.08136709543303633,54.99999999999999,38.33333333333333,0.0,6.666666666666665
SUB6954075,"Revenue Driver (High ARPU, High Data)",High (R200-500),Postpaid_Basic,4.14441,360.2,0.20088256553035233,12.670807453416147,73.2919254658385,12.919254658385093,1.1180124223602483
SUB8935145,"Revenue Driver (High ARPU, High Data)",Premium (>R500),Postpaid_Unlimited,14.89395,953.91,3.1140029793036295,73.67864693446089,4.968287526427061,4.334038054968288,17.019027484143766
SUB3020148,Regular User,High (R200-500),Postpaid_Unlimited,2.46279,224.42,0.3447413036179303,21.299638989169672,52.34657039711191,20.938628158844764,5.415162454873646
SUB7814276,"Upsell Opportunity (Low ARPU, Low Data)",Mid (R100-200),Prepaid_Monthly,0.9609500000000001,105.25,0.05075135060272917,26.956521739130434,51.30434782608696,16.521739130434785,5.217391304347826
SUB7152941,Regular User,High (R200-500),Postpaid_Premium,2.44264,222.82,0.05911732932844194,32.1608040201005,34.67336683417085,4.522613065326633,28.643216080402006
SUB1787494,"Revenue Driver (High ARPU, High Data)",High (R200-500),Prepaid_Monthly,4.40212,378.31,0.5925361892540013,29.8372513562387,12.296564195298373,54.06871609403255,3.797468354430379
SUB3239665,Regular User,High (R200-500),Postpaid_Basic,2.65661,259.25,0.04357745005474767,34.905660377358494,55.9748427672956,7.3899371069182385,1.729559748427673
SUB7199951,"Upsell Opportunity (Low ARPU, Low Data)",Mid (R100-200),Prepaid_Monthly,0.94064,103.64,0.08887023048557707,74.81481481481482,14.814814814814817,2.592592592592593,7.777777777777778
SUB6983943,"Revenue Driver (High ARPU, High Data)",Premium (>R500),Postpaid_Premium,12.62419,812.96,0.4973954482347249,69.00175131348512,20.84063047285464,1.926444833625219,8.231173380035026
SUB3249119,"Revenue Driver (High ARPU, High Data)",High (R200-500),Postpaid_Basic,6.06871,437.05,1.1383136638415872,60.42183622828784,6.203473945409429,23.44913151364764,9.925558312655086
SUB2215502,"Upsell Opportunity (Low ARPU, Low Data)",Mid-Low (R50-100),Postpaid_Premium,0.49865,79.0,0.1660094543881923,23.369565217391305,40.7608695652174,16.847826086956523,19.021739130434785
SUB7147401,"Revenue Driver (High ARPU, High Data)",Premium (>R500),Postpaid_Basic,16.25944,942.38,1.299995463265148,44.41976679622432,33.314825097168246,12.54858411993337,9.71682398667407
SUB4380795,"Revenue Driver (High ARPU, High Data)",Premium (>R500),Postpaid_Basic,12.96783,767.59,0.4865785325194416,76.55889145496536,14.780600461893764,5.080831408775981,3.5796766743648964
SUB5584258,Regular User,Mid (R100-200),Postpaid_Premium,1.4037,140.38,0.6153501893036026,60.30534351145038,18.3206106870229,4.580152671755725,16.793893129770993
SUB3866792,"Upsell Opportunity (Low ARPU, Low Data)",Mid-Low (R50-100),Postpaid_Unlimited,0.49694,79.0,0.06492039633799668,43.046357615894046,24.503311258278146,22.516556291390728,9.933774834437086
SUB2554510,Regular User,Mid (R100-200),Postpaid_Basic,0.8426,136.17,0.08178762523420302,29.508196721311474,54.09836065573771,0.0,16.393442622950822
SUB4232567,"Revenue Driver (High ARPU, High Data)",High (R200-500),Prepaid_Monthly,3.57836,312.94,0.68530367369359,30.851063829787233,49.392097264437695,3.191489361702128,16.56534954407295
SUB9355425,"Upsell Opportunity (Low ARPU, Low Data)",Mid-Low (R50-100),Postpaid_Basic,0.15652000000000002,89.62,0.05525709543303636,40.0,31.428571428571427,24.285714285714285,4.285714285714285
SUB9182320,"Upsell Opportunity (Low ARPU, Low Data)",Mid-Low (R50-100),Postpaid_Basic,0.27458,97.63,0.030713028433585365,46.92307692307692,33.07692307692307,3.8461538461538463,16.153846153846153
SUB8373372,Regular User,Mid (R100-200),Prepaid_Monthly,1.86907,177.31,0.2995165523912904,14.09090909090909,73.03030303030302,7.424242424242424,5.454545454545453
SUB1967344,Regular User,Mid (R100-200),Postpaid_Basic,0.65535,123.47,0.027822552003490375,68.36734693877553,11.73469387755102,17.857142857142858,2.0408163265306123
SUB4344769,"Upsell Opportunity (Low ARPU, Low Data)",Mid-Low (R50-100),Postpaid_Premium,0.21925999999999998,79.0,0.06997811179582669,26.582278481012654,62.0253164556962,6.329113924050633,5.063291139240507
SUB2599908,"Revenue Driver (High ARPU, High Data)",Premium (>R500),Postpaid_Premium,18.37275,1169.95,0.508586084318793,78.58546168958743,8.93909626719057,4.12573673870334,8.349705304518663
SUB6881344,"Revenue Driver (High ARPU, High Data)",Premium (>R500),Postpaid_Premium,8.97847,648.51,3.056945535504081,69.87740805604203,22.76707530647986,6.654991243432574,0.7005253940455342
SUB9782882,Regular User,High (R200-500),Prepaid_Monthly,2.72723,245.41,0.5305064961838708,67.3076923076923,15.384615384615383,0.641025641025641,16.666666666666664
SUB4094235,"Upsell Opportunity (Low ARPU, Low Data)",Mid-Low (R50-100),Prepaid_Monthly,0.28708,51.78,0.08168433507501299,43.82022471910113,40.44943820224719,6.741573033707865,8.98876404494382
SUB9167707,Regular User,Mid (R100-200),Postpaid_Premium,1.72127,165.58,0.23899346734497362,41.60583941605839,38.32116788321168,12.773722627737225,7.2992700729927
SUB4476452,"Revenue Driver (High ARPU, High Data)",Premium (>R500),Postpaid_Unlimited,27.08112,1561.25,3.8522609067755518,67.99645390070921,14.539007092198581,8.953900709219857,8.510638297872338
SUB5246238,"Revenue Driver (High ARPU, High Data)",High (R200-500),Prepaid_Monthly,5.144010000000001,383.94,0.14077165587342932,81.75519630484989,12.471131639722865,3.4642032332563506,2.3094688221709005
SUB1772838,"Revenue Driver (High ARPU, High Data)",High (R200-500),Prepaid_Monthly,3.88873,337.57,0.337522631196407,41.90751445086705,39.739884393063576,0.4335260115606936,17.919075144508668
SUB7511634,Regular User,High (R200-500),Postpaid_Premium,2.42714,221.59,0.10811355813190193,12.121212121212121,61.07226107226107,25.407925407925408,1.3986013986013985
SUB2330363,Regular User,High (R200-500),Postpaid_Unlimited,2.60469,235.68,0.3721779336914022,31.042654028436022,22.511848341232227,6.6350710900473935,39.81042654028436
SUB9946694,Regular User,Mid (R100-200),Postpaid_Basic,1.12843,155.56,0.056630600467289405,44.58259325044405,45.825932504440495,6.571936056838366,3.0195381882770875
SUB6202413,"Revenue Driver (High ARPU, High Data)",Premium (>R500),Postpaid_Unlimited,11.37957,735.67,1.5903406616653708,52.775073028237586,10.126582278481013,12.07400194741967,25.024342745861734
SUB5849617,"Upsell Opportunity (Low ARPU, Low Data)",Mid-Low (R50-100),Prepaid_Monthly,0.7034400000000001,84.82,0.08063160391769131,61.21495327102804,25.700934579439256,8.878504672897195,4.205607476635514
SUB3669995,Regular User,Mid (R100-200),Prepaid_Monthly,1.1805999999999999,122.68,0.012251463083853276,45.6896551724138,12.931034482758621,29.74137931034483,11.63793103448276
SUB9461516,"Upsell Opportunity (Low ARPU, Low Data)",Mid (R100-200),Postpaid_Basic,0.47402,111.16,0.13067795227238266,30.158730158730158,11.111111111111112,38.095238095238095,20.634920634920636
SUB6216813,Regular User,High (R200-500),Postpaid_Basic,3.04006,285.27,0.46825326860481775,21.6699801192843,59.64214711729623,15.20874751491054,3.4791252485089466
SUB5058961,"Revenue Driver (High ARPU, High Data)",Premium (>R500),Postpaid_Unlimited,16.15891,1032.47,0.6846808927751162,41.848299912816046,48.99738448125546,5.9285091543156065,3.225806451612904
SUB8073575,Regular User,Mid (R100-200),Postpaid_Basic,0.69971,126.48,4.916682187885945,38.862559241706165,13.112164296998419,36.17693522906793,11.848341232227488
SUB3569395,Regular User,High (R200-500),Postpaid_Basic,2.0813800000000002,220.22,0.22019166666933954,11.558669001751314,40.63047285464098,33.45008756567425,14.36077057793345
SUB9370262,Regular User,Mid (R100-200),Prepaid_Daily,1.13694,144.44,0.16055883244253022,20.418848167539267,49.214659685863865,20.680628272251308,9.685863874345548
SUB7147878,"Revenue Driver (High ARPU, High Data)",High (R200-500),Postpaid_Basic,3.5263899999999997,318.27,0.6456536567401501,89.1826923076923,7.6923076923076925,3.125,0.0
SUB1312051,Regular User,High (R200-500),Postpaid_Unlimited,2.2134,204.63,0.5081738212912028,56.043956043956044,21.978021978021978,18.13186813186813,3.8461538461538463
SUB6236840,Regular User,Mid (R100-200),Prepaid_Monthly,2.00286,187.93,0.7682243549621313,15.732758620689655,67.67241379310346,16.163793103448278,0.4310344827586208
SUB6083801,"Revenue Driver (High ARPU, High Data)",High (R200-500),Prepaid_Monthly,5.527340000000001,410.39,0.27997805462730074,20.95130237825595,67.9501698754247,3.17100792751982,7.927519818799548
SUB5204099,"Revenue Driver (High ARPU, High Data)",High (R200-500),Prepaid_Monthly,4.2835600000000005,368.9,0.08047064552891126,28.978388998035363,58.93909626719057,2.9469548133595285,9.13555992141454
SUB3768654,"Revenue Driver (High ARPU, High Data)",High (R200-500),Postpaid_Premium,5.98831,442.19,2.175449428287738,52.153110047846894,4.545454545454546,8.61244019138756,34.68899521531101
SUB7501553,"Upsell Opportunity (Low ARPU, Low Data)",Mid-Low (R50-100),Postpaid_Unlimited,0.44395,79.0,0.12073006937979563,10.769230769230772,45.38461538461539,25.000000000000007,18.84615384615385
SUB3859653,Regular User,High (R200-500),Prepaid_Daily,1.7193900000000002,210.75,0.09664414815596034,19.35483870967742,78.27956989247313,0.4301075268817205,1.935483870967742
SUB8177545,"Revenue Driver (High ARPU, High Data)",High (R200-500),Postpaid_Premium,4.756,406.39,0.8502891435518518,37.65822784810126,41.13924050632911,5.379746835443038,15.822784810126581
SUB8517618,Regular User,High (R200-500),Postpaid_Basic,1.95693,211.78,0.07056216031105866,62.45353159851301,13.011152416356877,0.0,24.53531598513011
SUB6008341,"Upsell Opportunity (Low ARPU, Low Data)",Low (<R50),Prepaid_Monthly,0.16151,41.82,0.1152922942324972,37.254901960784316,33.333333333333336,3.9215686274509802,25.49019607843137
SUB3049949,"Upsell Opportunity (Low ARPU, Low Data)",Mid-Low (R50-100),Prepaid_Daily,0.5177,73.94,0.01215389341988804,21.283783783783782,38.85135135135135,9.121621621621623,30.743243243243246
SUB5642681,"Upsell Opportunity (Low ARPU, Low Data)",Mid-Low (R50-100),Prepaid_Daily,0.701,94.81,0.05824971600366091,5.825242718446601,78.15533980582524,9.223300970873787,6.79611650485437
SUB9862264,Regular User,Mid (R100-200),Postpaid_Premium,2.0972,195.41,0.0634666171419771,12.992125984251967,78.74015748031495,0.39370078740157477,7.874015748031496
SUB5241244,"Upsell Opportunity (Low ARPU, Low Data)",Low (<R50),Prepaid_Monthly,0.15555000000000002,41.34,0.009043989904929273,7.017543859649122,3.508771929824561,57.89473684210525,31.578947368421044
SUB9473958,"Upsell Opportunity (Low ARPU, Low Data)",Mid (R100-200),Postpaid_Basic,0.56559,117.38,0.11117015313181944,43.58974358974359,41.02564102564102,0.0,15.384615384615383
SUB3082963,Regular User,Mid (R100-200),Prepaid_Daily,1.3009600000000001,163.11,0.3386375542578208,19.106317411402156,17.41140215716487,61.63328197226502,1.8489984591679505
SUB2200346,"Upsell Opportunity (Low ARPU, Low Data)",Mid-Low (R50-100),Postpaid_Basic,0.13441,88.12,0.05673434130837751,24.418604651162788,33.72093023255814,12.790697674418606,29.069767441860467
SUB7365062,"Revenue Driver (High ARPU, High Data)",High (R200-500),Postpaid_Premium,4.72671,404.06,0.8114066837519189,31.854199683042783,61.806656101426306,0.47543581616481767,5.863708399366085
SUB2185622,"Upsell Opportunity (Low ARPU, Low Data)",Mid-Low (R50-100),Prepaid_Monthly,0.77149,90.22,0.038869379146573735,26.07361963190184,65.03067484662577,7.975460122699387,0.920245398773006
SUB2820844,"Upsell Opportunity (Low ARPU, Low Data)",Low (<R50),Prepaid_Daily,0.16598,33.9,0.009113856352753552,8.264462809917356,71.07438016528926,15.702479338842975,4.958677685950414
SUB2847199,"Revenue Driver (High ARPU, High Data)",High (R200-500),Postpaid_Basic,3.6268200000000004,325.08,0.27796412422419836,20.156385751520418,46.91572545612511,3.909643788010426,29.018245004344045
SUB5266988,Regular User,High (R200-500),Postpaid_Basic,1.92759,209.79,0.28474129286261873,28.13186813186814,44.3956043956044,21.538461538461544,5.934065934065936
SUB9152885,Regular User,Mid (R100-200),Postpaid_Basic,1.70404,194.62,0.10301686108385688,35.56851311953352,62.390670553935855,0.0,2.0408163265306123
SUB7087595,"Upsell Opportunity (Low ARPU, Low Data)",Mid-Low (R50-100),Prepaid_Daily,0.5714400000000001,80.06,0.18697433469020786,51.162790697674424,34.883720930232556,10.852713178294575,3.10077519379845
SUB9739287,"Revenue Driver (High ARPU, High Data)",Premium (>R500),Postpaid_Unlimited,9.62945,693.43,0.328824536996672,38.50063532401524,7.115628970775095,44.980940279542565,9.40279542566709
SUB1384533,Regular User,Mid (R100-200),Postpaid_Basic,0.68069,125.18,0.09716844283457904,42.76315789473684,32.89473684210527,17.105263157894736,7.236842105263158
SUB5242154,"Upsell Opportunity (Low ARPU, Low Data)",Mid-Low (R50-100),Prepaid_Monthly,0.54713,72.41,0.020916871372792523,4.182509505703423,53.2319391634981,14.448669201520914,28.13688212927757
SUB4275072,"Upsell Opportunity (Low ARPU, Low Data)",Mid-Low (R50-100),Postpaid_Premium,0.5473600000000001,79.0,0.1344516616226059,10.759493670886075,56.75105485232067,32.0675105485232,0.42194092827004215
SUB8272003,Regular User,High (R200-500),Postpaid_Basic,1.87371,206.13,0.1989825183783851,4.0358744394618835,69.05829596412556,10.313901345291479,16.591928251121075
SUB8150265,"Upsell Opportunity (Low ARPU, Low Data)",Mid (R100-200),Prepaid_Monthly,0.90062,100.46,0.12277095261403481,24.999999999999993,36.206896551724135,28.44827586206896,10.344827586206895
SUB4433372,Regular User,High (R200-500),Postpaid_Premium,2.17327,201.45,0.12049838331293339,37.85310734463277,55.367231638418076,5.084745762711864,1.694915254237288
SUB9513199,Regular User,Mid (R100-200),Prepaid_Daily,1.45798,180.99,0.04478816806159491,20.833333333333332,31.249999999999993,26.66666666666666,21.249999999999996
SUB1974303,"Upsell Opportunity (Low ARPU, Low Data)",Mid-Low (R50-100),Prepaid_Monthly,0.83768,95.47,0.0174856884598501,46.47887323943662,22.535211267605636,15.492957746478876,15.492957746478876
SUB9605094,"Upsell Opportunity (Low ARPU, Low Data)",Mid-Low (R50-100),Prepaid_Monthly,0.82436,94.41,0.013152770709584871,46.527777777777786,30.555555555555557,5.208333333333334,17.708333333333336
SUB3379093,Regular User,Mid (R100-200),Postpaid_Unlimited,1.52818,150.26,0.1389902888543546,4.991087344028521,79.32263814616756,0.17825311942959002,15.50802139037433
SUB8103260,Regular User,Mid (R100-200),Postpaid_Basic,1.5126300000000001,181.63,0.17240794830435435,53.551912568306015,27.322404371584703,8.743169398907105,10.382513661202186
SUB2417158,"Revenue Driver (High ARPU, High Data)",Premium (>R500),Postpaid_Premium,8.02612,582.8,0.7907497963448016,29.487179487179482,31.227106227106223,4.578754578754578,34.7069597069597
SUB6037285,"Upsell Opportunity (Low ARPU, Low Data)",Mid-Low (R50-100),Prepaid_Monthly,0.58087,75.09,0.03668035186296137,7.065217391304348,65.21739130434781,4.3478260869565215,23.3695652173913
SUB2531064,Regular User,Mid (R100-200),Postpaid_Basic,1.03243,149.05,0.09336321341568643,35.40229885057472,51.95402298850574,11.724137931034484,0.9195402298850577
SUB7107182,"Upsell Opportunity (Low ARPU, Low Data)",Low (<R50),Prepaid_Monthly,0.2273,47.04,0.09132446359183527,19.607843137254903,64.70588235294117,12.745098039215685,2.941176470588235
SUB8764461,Regular User,Mid (R100-200),Postpaid_Unlimited,1.37004,137.71,0.8400733740031803,8.874656907593778,52.4245196706313,10.795974382433668,27.90484903934126
SUB1908380,"Upsell Opportunity (Low ARPU, Low Data)",Mid-Low (R50-100),Postpaid_Basic,0.25584,96.36,0.03822008990796599,47.916666666666664,8.333333333333332,14.583333333333334,29.166666666666668
SUB8457918,"Upsell Opportunity (Low ARPU, Low Data)",Mid-Low (R50-100),Postpaid_Unlimited,0.32218,79.0,0.07473041995312513,4.812834224598929,86.09625668449196,4.27807486631016,4.812834224598929
SUB6055769,Regular User,Mid (R100-200),Postpaid_Basic,1.4793,179.37,0.05205981745160515,28.163265306122447,70.61224489795919,0.8163265306122449,0.40816326530612246
SUB6198363,"Upsell Opportunity (Low ARPU, Low Data)",Mid-Low (R50-100),Prepaid_Monthly,0.32143,54.51,0.016136971566414637,46.721311475409834,31.147540983606557,0.0,22.13114754098361
SUB6768212,Regular User,Mid (R100-200),Postpaid_Basic,1.77048,199.13,0.23689676169326823,47.41379310344828,50.43103448275862,0.5747126436781609,1.5804597701149428
SUB1435477,"Upsell Opportunity (Low ARPU, Low Data)",Mid-Low (R50-100),Prepaid_Monthly,0.62528,78.62,0.0867914827115388,22.085889570552144,41.717791411042946,5.521472392638036,30.67484662576687
SUB7893728,Regular User,Mid (R100-200),Prepaid_Monthly,1.1057000000000001,116.74,0.11866130416071252,31.273408239700373,56.17977528089888,5.992509363295881,6.5543071161048685
SUB7734714,Regular User,Mid (R100-200),Postpaid_Premium,2.13926,198.75,0.32666981316933885,49.47368421052632,10.105263157894736,21.052631578947366,19.36842105263158
SUB8648392,"Revenue Driver (High ARPU, High Data)",High (R200-500),Postpaid_Premium,3.86117,335.38,0.567721699632882,9.549071618037136,51.45888594164456,8.576480990274094,30.41556145004421
SUB6473024,"Revenue Driver (High ARPU, High Data)",Premium (>R500),Postpaid_Basic,17.73366,1020.66,0.20170886198918936,55.286800276434,20.594333102971664,22.94402211472011,1.1748445058742225
SUB6207188,"Revenue Driver (High ARPU, High Data)",High (R200-500),Postpaid_Basic,3.53106,318.58,0.03444034832618037,52.98507462686567,19.029850746268657,1.119402985074627,26.865671641791046
SUB8885766,"Upsell Opportunity (Low ARPU, Low Data)",Mid-Low (R50-100),Postpaid_Premium,0.3095,79.0,0.03710775927820703,9.090909090909092,59.5959595959596,22.222222222222225,9.090909090909092
SUB4614705,"Upsell Opportunity (Low ARPU, Low Data)",Mid-Low (R50-100),Postpaid_Unlimited,0.55441,79.0,0.1100055112477425,13.666666666666666,38.666666666666664,14.666666666666666,33.0
SUB8451062,Regular User,Mid (R100-200),Postpaid_Basic,1.1931500000000002,159.96,0.1581074040163526,48.44961240310079,16.666666666666668,19.379844961240313,15.50387596899225
SUB7848829,"Upsell Opportunity (Low ARPU, Low Data)",Low (<R50),Prepaid_Daily,0.07442,29.0,0.07596230892364365,10.526315789473683,47.368421052631575,0.0,42.10526315789473
SUB1909245,Regular User,Mid (R100-200),Prepaid_Daily,1.09917,140.14,0.18127689410254066,33.33333333333333,43.47826086956521,17.391304347826082,5.797101449275361
SUB9306931,"Upsell Opportunity (Low ARPU, Low Data)",Mid (R100-200),Postpaid_Basic,0.49013999999999996,112.26,0.10452461230605176,52.68817204301075,19.35483870967742,10.752688172043012,17.20430107526882
SUB5263528,"Upsell Opportunity (Low ARPU, Low Data)",Mid-Low (R50-100),Prepaid_Daily,0.46258,67.66,0.04488338216780685,39.603960396039604,22.772277227722775,14.85148514851485,22.772277227722775
SUB5449720,"Revenue Driver (High ARPU, High Data)",Premium (>R500),Postpaid_Unlimited,12.207690000000001,787.1,0.6258443618769753,59.925093632958806,29.662921348314608,9.51310861423221,0.8988764044943819
SUB4291070,Regular User,Mid (R100-200),Prepaid_Monthly,1.63008,158.35,0.18870148800299225,15.789473684210527,79.60526315789474,0.986842105263158,3.6184210526315796
SUB7405883,"Upsell Opportunity (Low ARPU, Low Data)",Mid-Low (R50-100),Prepaid_Monthly,0.5245700000000001,70.62,0.08505224455816457,24.096385542168676,29.718875502008036,17.269076305220885,28.915662650602414
SUB5022261,Regular User,High (R200-500),Postpaid_Basic,2.8761900000000002,274.15,0.23320762818553975,12.678062678062679,33.19088319088319,24.074074074074076,30.05698005698006
SUB8983439,Regular User,Mid (R100-200),Postpaid_Unlimited,1.4962,147.72,0.09816584025171005,57.76397515527949,13.043478260869563,24.223602484472046,4.968944099378881
SUB1220326,Regular User,Mid (R100-200),Postpaid_Basic,0.99612,146.59,0.30390428521844204,58.139534883720934,25.581395348837212,15.503875968992247,0.7751937984496124
SUB8012022,"Upsell Opportunity (Low ARPU, Low Data)",Mid-Low (R50-100),Postpaid_Premium,0.54237,79.0,0.1456743098395179,7.162534435261708,39.94490358126722,14.325068870523417,38.56749311294766
SUB3377935,"Upsell Opportunity (Low ARPU, Low Data)",Mid-Low (R50-100),Prepaid_Monthly,0.41689,62.08,0.059199205390424,17.02127659574468,81.91489361702128,1.0638297872340425,0.0
SUB7615379,Regular User,Mid (R100-200),Postpaid_Basic,0.73527,128.89,0.11623893213166292,8.032128514056227,60.24096385542169,5.622489959839359,26.104417670682732
SUB3801329,"Revenue Driver (High ARPU, High Data)",High (R200-500),Prepaid_Monthly,6.62918,486.41,0.17181279043923947,21.146953405017925,53.76344086021506,16.66666666666667,8.422939068100359
SUB1708669,Regular User,Mid (R100-200),Postpaid_Premium,1.44711,143.83,0.44950990116220546,34.86842105263158,12.171052631578947,29.276315789473685,23.684210526315788
SUB9951442,"Upsell Opportunity (Low ARPU, Low Data)",Mid-Low (R50-100),Postpaid_Unlimited,0.55067,79.0,0.3202911456284937,8.108108108108109,46.621621621621614,27.027027027027028,18.243243243243246
SUB4324664,Regular User,High (R200-500),Postpaid_Premium,2.17874,201.88,0.08773263165415379,48.148148148148145,26.666666666666668,18.51851851851852,6.666666666666667
SUB5305665,"Revenue Driver (High ARPU, High Data)",High (R200-500),Prepaid_Monthly,5.6346300000000005,417.79,0.059458601727039984,42.70650263620387,34.97363796133568,11.24780316344464,11.072056239015819
SUB4402155,Regular User,Mid (R100-200),Postpaid_Premium,2.00719,188.27,0.3187929408303325,5.857142857142857,39.285714285714285,6.2857142857142865,48.57142857142857
SUB7132469,"Revenue Driver (High ARPU, High Data)",Premium (>R500),Postpaid_Basic,11.24673,676.2,1.2697793375664475,67.91907514450867,25.144508670520228,4.624277456647398,2.312138728323699
SUB2960155,"Revenue Driver (High ARPU, High Data)",Premium (>R500),Postpaid_Unlimited,12.213280000000001,787.44,2.628376765970346,52.93088363954506,5.686789151356081,34.99562554680665,6.386701662292213
SUB6511934,"Revenue Driver (High ARPU, High Data)",Premium (>R500),Postpaid_Premium,12.39209,798.55,0.29907735444004757,58.179012345679006,26.697530864197528,10.95679012345679,4.166666666666666
SUB7025261,"Revenue Driver (High ARPU, High Data)",High (R200-500),Postpaid_Basic,5.34997,394.65,0.742034574266361,59.12806539509536,15.803814713896458,12.534059945504088,12.534059945504088
SUB5498907,"Upsell Opportunity (Low ARPU, Low Data)",Mid (R100-200),Postpaid_Basic,0.41764999999999997,107.34,0.044387455766599526,27.659574468085108,45.744680851063826,13.829787234042554,12.76595744680851
SUB3130118,Regular User,High (R200-500),Prepaid_Daily,2.5924899999999997,310.15,0.12463990797501223,38.21138211382114,39.02439024390244,9.349593495934961,13.414634146341465
SUB5057893,Regular User,High (R200-500),Postpaid_Unlimited,3.45315,303.01,0.7249286104608936,32.10227272727273,37.21590909090909,24.71590909090909,5.965909090909091
SUB7620661,Regular User,Mid (R100-200),Postpaid_Basic,1.7197,195.68,0.1643569541935781,46.03174603174603,33.333333333333336,1.1904761904761907,19.444444444444446
SUB2829484,"Revenue Driver (High ARPU, High Data)",High (R200-500),Postpaid_Premium,4.0010900000000005,346.49,0.2622784953484891,31.07890499194847,44.927536231884055,13.365539452495973,10.628019323671497
SUB3898845,"Revenue Driver (High ARPU, High Data)",Premium (>R500),Prepaid_Monthly,18.37761,1170.25,2.029348134453258,76.84918347742556,3.7463976945244957,2.4975984630163306,16.90682036503362
SUB2760511,Regular User,Mid (R100-200),Prepaid_Monthly,1.1488800000000001,120.16,0.09092505418551244,55.92417061611374,32.227488151658775,6.161137440758294,5.687203791469194
SUB5230013,"Upsell Opportunity (Low ARPU, Low Data)",Mid-Low (R50-100),Prepaid_Monthly,0.70085,84.61,0.2344988031100509,60.769230769230774,13.076923076923078,23.846153846153843,2.3076923076923075
SUB3074242,"Upsell Opportunity (Low ARPU, Low Data)",Mid-Low (R50-100),Prepaid_Daily,0.57736,80.73,0.14874307351761112,27.102803738317753,49.532710280373834,13.08411214953271,10.2803738317757
SUB7959972,Regular User,Mid (R100-200),Prepaid_Monthly,1.3666500000000001,137.44,0.10126581097033838,41.79687499999999,22.265624999999993,28.124999999999993,7.812499999999998
SUB3585181,"Revenue Driver (High ARPU, High Data)",Premium (>R500),Prepaid_Daily,5.27629,537.35,0.2419949172753082,38.91891891891891,30.810810810810807,3.423423423423423,26.846846846846844
SUB1600198,"Upsell Opportunity (Low ARPU, Low Data)",Mid (R100-200),Postpaid_Premium,0.9286,102.68,0.21465994174547476,55.33596837944664,28.85375494071146,15.415019762845853,0.3952569169960475
SUB5428622,"Upsell Opportunity (Low ARPU, Low Data)",Mid-Low (R50-100),Prepaid_Daily,0.37207999999999997,57.36,0.007416500456862207,38.63636363636364,36.36363636363637,13.636363636363635,11.363636363636365
SUB3957817,"Revenue Driver (High ARPU, High Data)",Premium (>R500),Postpaid_Premium,8.44353,611.6,1.5416895345842292,43.10344827586208,29.454022988505745,8.620689655172415,18.821839080459775
SUB7439519,Regular User,Mid (R100-200),Prepaid_Monthly,1.1664100000000002,121.55,0.06522889141312382,14.24731182795699,75.53763440860214,7.526881720430108,2.6881720430107525
SUB4230545,Regular User,High (R200-500),Prepaid_Monthly,3.1262,277.06,0.720324401659652,78.47222222222221,8.101851851851851,5.787037037037036,7.638888888888888
SUB3946862,Regular User,High (R200-500),Postpaid_Basic,3.229,298.09,0.2997867908360754,28.937728937728934,63.55311355311355,6.227106227106226,1.282051282051282
SUB9521722,Regular User,Mid (R100-200),Prepaid_Monthly,1.11321,117.33,0.07503181455490515,0.4889975550122249,89.73105134474328,9.290953545232274,0.4889975550122249
SUB7720841,"Upsell Opportunity (Low ARPU, Low Data)",Low (<R50),Prepaid_Daily,0.0115,29.0,0.032893017858370135,33.333333333333336,33.333333333333336,33.333333333333336,0.0
SUB4759834,"Revenue Driver (High ARPU, High Data)",Premium (>R500),Prepaid_Daily,7.04443,712.4,1.443508262328277,70.91932457786115,10.131332082551596,0.18761726078799248,18.76172607879925
SUB8809006,Regular User,High (R200-500),Prepaid_Daily,1.9933699999999999,241.95,0.030338839715769117,19.34826883910387,71.89409368635438,1.0183299389002038,7.739307535641549
SUB1091006,Regular User,Mid (R100-200),Prepaid_Monthly,1.3643299999999998,137.26,0.2047563869732878,70.54263565891473,26.356589147286826,0.0,3.10077519379845
SUB5451441,"Upsell Opportunity (Low ARPU, Low Data)",Mid-Low (R50-100),Prepaid_Daily,0.52009,74.21,0.15148786822058868,21.782178217821784,15.841584158415841,4.9504950495049505,57.42574257425742
SUB3235883,"Upsell Opportunity (Low ARPU, Low Data)",Mid-Low (R50-100),Prepaid_Monthly,0.27305,50.67,0.14015707446019354,0.8583690987124464,77.6824034334764,15.450643776824032,6.008583690987125
SUB1461122,"Upsell Opportunity (Low ARPU, Low Data)",Mid-Low (R50-100),Postpaid_Basic,0.27349,97.56,0.017541607720858776,29.166666666666668,37.50000000000001,24.305555555555554,9.027777777777779
SUB8265406,"Upsell Opportunity (Low ARPU, Low Data)",Mid-Low (R50-100),Prepaid_Daily,0.32361,51.84,0.0007641233118571567,33.89830508474576,29.378531073446325,17.514124293785308,19.209039548022595
SUB6767204,"Revenue Driver (High ARPU, High Data)",High (R200-500),Postpaid_Unlimited,5.20213,387.95,1.388236894123608,13.42525399129173,43.541364296081284,14.876632801161104,28.156748911465897
SUB9582447,"Revenue Driver (High ARPU, High Data)",Premium (>R500),Postpaid_Premium,14.33171,919.0,1.7578694929588945,71.42857142857142,19.107142857142854,8.57142857142857,0.8928571428571428
SUB1298783,Regular User,Mid (R100-200),Prepaid_Monthly,1.17648,122.35,0.18764769682215454,11.842105263157894,47.63157894736842,11.052631578947366,29.47368421052632
SUB5323242,Regular User,Mid (R100-200),Postpaid_Unlimited,2.0756300000000003,193.7,0.7662758449673341,21.608040201005025,66.33165829145727,9.380234505862646,2.6800670016750416
SUB4956558,Regular User,Mid (R100-200),Prepaid_Monthly,1.18894,123.34,0.167124669701896,28.253968253968253,41.58730158730158,3.8095238095238093,26.349206349206344
SUB3032656,Regular User,High (R200-500),Prepaid_Daily,2.24322,270.39,0.01458427030291043,77.27272727272727,18.939393939393938,3.0303030303030303,0.7575757575757576
SUB1397710,"Upsell Opportunity (Low ARPU, Low Data)",Mid-Low (R50-100),Prepaid_Monthly,0.78613,91.38,0.12013994162863673,40.9972299168975,22.437673130193904,22.99168975069252,13.573407202216064
SUB3437587,Regular User,High (R200-500),Postpaid_Premium,3.42855,301.06,0.3728326635326509,38.702460850111855,13.422818791946305,24.83221476510067,23.042505592841163
SUB7922496,"Upsell Opportunity (Low ARPU, Low Data)",Low (<R50),Prepaid_Monthly,0.25384,49.14,0.016581832021837495,11.666666666666666,34.99999999999999,29.999999999999993,23.333333333333332
SUB2693481,Regular User,Mid (R100-200),Prepaid_Monthly,0.99375,107.85,0.13630128234197392,18.69158878504673,35.51401869158878,44.85981308411214,0.9345794392523363
SUB6287267,"Upsell Opportunity (Low ARPU, Low Data)",Mid-Low (R50-100),Prepaid_Monthly,0.8946000000000001,99.99,0.13734047190298404,28.04878048780488,49.39024390243903,7.926829268292683,14.634146341463413
SUB3781652,"Revenue Driver (High ARPU, High Data)",Premium (>R500),Postpaid_Premium,25.791700000000002,1488.29,1.4668840789405841,72.52946509519492,13.599274705349048,13.599274705349048,0.271985494106981
SUB7142453,Regular User,High (R200-500),Postpaid_Unlimited,3.20138,283.03,0.10881540625143593,70.98976109215019,9.215017064846418,1.7064846416382258,18.08873720136519
SUB9879391,"Upsell Opportunity (Low ARPU, Low Data)",Mid-Low (R50-100),Postpaid_Premium,0.8613200000000001,97.35,0.07002235176190452,10.820895522388058,61.94029850746268,4.104477611940299,23.134328358208954
SUB7912880,"Revenue Driver (High ARPU, High Data)",Premium (>R500),Postpaid_Unlimited,7.0079899999999995,512.55,2.895846064346985,56.73952641165756,18.488160291438977,9.198542805100182,15.573770491803277
SUB8059916,"Revenue Driver (High ARPU, High Data)",High (R200-500),Postpaid_Unlimited,6.287109999999999,462.81,1.6522233772340966,59.873417721519,7.341772151898733,11.772151898734178,21.0126582278481
SUB4524756,"Upsell Opportunity (Low ARPU, Low Data)",Mid-Low (R50-100),Postpaid_Unlimited,0.35306,79.0,0.035376802341214375,50.943396226415096,29.245283018867923,13.20754716981132,6.60377358490566
SUB5863099,"Revenue Driver (High ARPU, High Data)",Premium (>R500),Postpaid_Premium,14.50875,929.99,4.404814936568471,81.38351983723297,11.597151576805697,6.3072227873855535,0.7121057985757884
SUB5040479,Regular User,Mid (R100-200),Prepaid_Monthly,1.93972,182.92,0.23039127628870837,47.07903780068728,29.896907216494846,20.962199312714773,2.0618556701030926
SUB1093246,"Upsell Opportunity (Low ARPU, Low Data)",Mid-Low (R50-100),Prepaid_Daily,0.6484500000000001,88.83,0.016783359505846085,2.4999999999999996,76.66666666666666,0.4166666666666666,20.416666666666664
SUB1900542,"Revenue Driver (High ARPU, High Data)",High (R200-500),Postpaid_Unlimited,4.71195,402.89,0.9653365139851608,58.46153846153847,27.350427350427353,6.3247863247863245,7.863247863247865
SUB5811071,"Revenue Driver (High ARPU, High Data)",High (R200-500),Postpaid_Basic,6.49889,462.43,0.4856036101954464,36.890243902439025,57.62195121951219,5.487804878048781,0.0
SUB8896403,Regular User,Mid (R100-200),Postpaid_Basic,1.01162,147.64,0.22493542796988453,5.020080321285141,68.07228915662652,14.257028112449799,12.650602409638555
SUB5214279,"Revenue Driver (High ARPU, High Data)",Premium (>R500),Postpaid_Premium,7.42348,541.22,0.24948820762891,41.692789968652036,11.755485893416926,1.5673981191222568,44.98432601880877
SUB1360306,Regular User,High (R200-500),Postpaid_Premium,2.49678,227.12,0.47946879114242336,3.4988713318284423,61.28668171557562,7.336343115124154,27.878103837471784
SUB6638132,Regular User,Mid (R100-200),Postpaid_Basic,1.43211,176.17,0.24767241654586236,51.42276422764227,44.3089430894309,1.8292682926829267,2.4390243902439024
SUB3767257,"Revenue Driver (High ARPU, High Data)",Premium (>R500),Prepaid_Daily,5.97651,606.67,0.21872790880098236,71.22302158273381,16.306954436450837,8.872901678657072,3.5971223021582723
SUB9072879,Regular User,High (R200-500),Prepaid_Monthly,3.47373,304.64,0.2092573614415798,18.723849372384937,10.460251046025103,41.84100418410041,28.974895397489536
SUB1513953,"Revenue Driver (High ARPU, High Data)",Premium (>R500),Prepaid_Daily,4.56074,534.24,0.5158268402837081,17.008443908323283,72.37635705669481,10.494571773220748,0.12062726176115804
SUB4081091,Regular User,High (R200-500),Postpaid_Basic,2.4220900000000003,243.34,0.22078801163463124,6.06826801517067,75.85335018963337,5.815423514538559,12.262958280657395
SUB8827494,"Upsell Opportunity (Low ARPU, Low Data)",Mid (R100-200),Prepaid_Daily,0.8621,113.15,0.1821422085261789,3.1168831168831166,86.49350649350649,2.5974025974025974,7.792207792207792
SUB7060319,Regular User,High (R200-500),Postpaid_Premium,3.11383,276.08,0.15988116569910948,21.880341880341884,20.0,37.0940170940171,21.025641025641026
SUB3431129,"Revenue Driver (High ARPU, High Data)",Premium (>R500),Postpaid_Unlimited,11.65763,752.94,0.4534701033883106,39.05579399141631,23.175965665236053,0.6437768240343348,37.1244635193133
SUB6752810,Regular User,Mid (R100-200),Prepaid_Monthly,1.95263,183.94,0.06166861372382737,44.11764705882353,42.94117647058823,11.764705882352942,1.1764705882352942
SUB4427975,Regular User,High (R200-500),Postpaid_Premium,2.57435,233.27,0.04641976563263084,58.75706214689265,22.033898305084744,2.259887005649717,16.94915254237288
SUB6587239,"Upsell Opportunity (Low ARPU, Low Data)",Mid-Low (R50-100),Postpaid_Premium,0.84116,95.75,0.3446333077216187,17.465753424657535,67.46575342465754,11.986301369863012,3.0821917808219177
SUB5610764,Regular User,High (R200-500),Postpaid_Basic,2.80618,269.4,0.3344226699485109,39.86820428336079,45.799011532125206,2.14168039538715,12.191103789126855
SUB5184056,"Upsell Opportunity (Low ARPU, Low Data)",Mid-Low (R50-100),Prepaid_Monthly,0.48699000000000003,67.64,0.054597095563538145,11.594202898550726,71.73913043478262,12.318840579710146,4.3478260869565215
SUB2511602,Regular User,High (R200-500),Postpaid_Premium,2.18158,202.11,0.5452771421622677,67.8642714570858,20.958083832335326,7.385229540918163,3.792415169660678
SUB5473214,Regular User,Mid (R100-200),Prepaid_Monthly,1.62672,158.08,0.04861153874720259,32.518337408312966,45.23227383863081,21.271393643031786,0.9779951100244498
SUB9332715,"Upsell Opportunity (Low ARPU, Low Data)",Mid (R100-200),Postpaid_Basic,0.49510000000000004,112.59,0.05924059034513102,21.428571428571427,59.52380952380951,9.523809523809522,9.523809523809522
SUB5851188,Regular User,Mid (R100-200),Postpaid_Unlimited,1.63126,158.44,0.48074675974091785,37.19806763285023,16.90821256038647,36.23188405797101,9.66183574879227
SUB5055447,Regular User,High (R200-500),Postpaid_Premium,3.1635999999999997,280.03,0.3174661792303106,30.66666666666667,13.238095238095237,10.095238095238097,46.0
SUB5534945,"Upsell Opportunity (Low ARPU, Low Data)",Mid-Low (R50-100),Prepaid_Monthly,0.5280199999999999,70.9,0.018073294769271775,21.52777777777778,40.27777777777778,36.80555555555556,1.388888888888889
SUB3780877,Regular User,Mid (R100-200),Prepaid_Monthly,1.49124,147.33,0.05992230827394063,33.17535545023696,63.03317535545023,3.791469194312796,0.0
SUB7095561,Regular User,High (R200-500),Postpaid_Basic,1.95281,211.5,0.08301144794784232,24.620573355817875,41.8212478920742,31.365935919055655,2.1922428330522767
SUB6959776,Regular User,Mid (R100-200),Postpaid_Basic,0.84811,136.54,0.08067339224498549,26.69683257918552,69.68325791855204,3.619909502262444,0.0
SUB6672745,Regular User,Mid (R100-200),Postpaid_Unlimited,1.6888699999999999,163.01,0.08431711153589916,7.836456558773423,28.790459965928445,41.056218057921626,22.316865417376487
SUB8010131,Regular User,High (R200-500),Prepaid_Daily,1.92991,234.72,0.4233574230524382,38.080495356037154,53.56037151702786,2.786377708978328,5.572755417956656
SUB6868590,Regular User,Mid (R100-200),Postpaid_Premium,1.62059,157.59,0.10385911785354285,28.26086956521739,46.7391304347826,1.4492753623188404,23.55072463768116
SUB2896220,Regular User,Mid (R100-200),Postpaid_Premium,2.0964899999999997,195.36,0.3955735551776378,72.22222222222223,21.296296296296298,5.0925925925925934,1.388888888888889
SUB7871574,Regular User,High (R200-500),Prepaid_Daily,2.0304100000000003,246.16,0.26983886724567463,17.578125000000004,74.60937500000001,1.1718750000000002,6.640625000000002
SUB6629481,Regular User,Mid (R100-200),Prepaid_Daily,1.47706,183.16,0.05596168829027648,23.590814196242167,23.590814196242167,37.78705636743215,15.031315240083506
SUB9198344,"Revenue Driver (High ARPU, High Data)",Premium (>R500),Postpaid_Basic,13.482149999999999,794.9,0.3668020563282699,60.277777777777786,26.203703703703706,6.481481481481481,7.037037037037037
SUB3430992,"Upsell Opportunity (Low ARPU, Low Data)",Mid (R100-200),Prepaid_Daily,0.91013,118.62,0.12732691196858004,29.565217391304348,64.34782608695652,3.478260869565217,2.6086956521739126
SUB9970922,"Revenue Driver (High ARPU, High Data)",High (R200-500),Postpaid_Unlimited,3.96565,343.67,1.435171421185264,64.30678466076697,20.64896755162242,4.424778761061947,10.619469026548673
SUB9375741,Regular User,High (R200-500),Prepaid_Monthly,2.36078,216.33,0.07060505343956347,18.39557399723375,39.2807745504841,6.500691562932228,35.82295988934993
SUB4127640,Regular User,Mid (R100-200),Prepaid_Daily,1.39491,173.81,0.2018646757896645,36.693548387096776,34.274193548387096,8.870967741935484,20.161290322580648
SUB7874399,"Revenue Driver (High ARPU, High Data)",High (R200-500),Prepaid_Monthly,6.38384,469.48,1.8155616735592073,60.6951871657754,10.427807486631016,20.855614973262032,8.021390374331549
SUB1835358,"Revenue Driver (High ARPU, High Data)",Premium (>R500),Prepaid_Daily,5.24239,534.0,0.26532838452336094,65.17150395778366,26.121372031662272,5.804749340369393,2.9023746701846966
SUB8152747,Regular User,High (R200-500),Postpaid_Premium,2.55838,232.01,0.45234429879035387,28.947368421052634,62.10526315789473,4.7368421052631575,4.2105263157894735
SUB8313367,"Revenue Driver (High ARPU, High Data)",Premium (>R500),Prepaid_Daily,8.97544,903.57,2.3376509688102978,85.47854785478548,4.9504950495049505,7.81078107810781,1.76017601760176
SUB2693152,Regular User,High (R200-500),Postpaid_Premium,3.00271,267.27,0.28585731498947053,23.800383877159305,55.85412667946257,11.132437619961609,9.213051823416505
SUB3050241,"Revenue Driver (High ARPU, High Data)",High (R200-500),Postpaid_Unlimited,6.1216099999999996,451.39,1.993165157257443,20.40609137055837,60.71065989847715,15.025380710659897,3.857868020304568
SUB6573945,Regular User,Mid (R100-200),Prepaid_Monthly,1.51498,149.21,0.3210824986338858,40.05847953216375,56.43274853801169,2.339181286549708,1.169590643274854
SUB6895038,Regular User,Mid (R100-200),Prepaid_Monthly,1.0465799999999998,112.05,0.07973241749365356,42.637362637362635,36.043956043956044,9.45054945054945,11.868131868131869
SUB5327219,Regular User,Mid (R100-200),Postpaid_Unlimited,1.09348,115.77,0.05673290180184187,22.90502793296089,32.960893854748605,20.11173184357542,24.022346368715084
SUB8232212,"Revenue Driver (High ARPU, High Data)",High (R200-500),Postpaid_Unlimited,4.63677,396.93,1.1425690252784788,48.18941504178273,11.699164345403899,6.685236768802229,33.42618384401114
SUB4870033,"Revenue Driver (High ARPU, High Data)",Premium (>R500),Postpaid_Unlimited,7.682720000000001,559.11,0.8549057299685705,49.84924623115578,44.120603015075375,2.613065326633166,3.417085427135679
SUB9512270,"Upsell Opportunity (Low ARPU, Low Data)",Mid-Low (R50-100),Prepaid_Monthly,0.86318,97.49,0.1640778749355425,13.061224489795917,66.12244897959184,15.102040816326529,5.714285714285714
SUB4931895,Regular User,Mid (R100-200),Prepaid_Daily,1.07487,137.37,0.1213609409105616,15.963855421686745,27.10843373493976,10.542168674698793,46.3855421686747
SUB2650824,"Upsell Opportunity (Low ARPU, Low Data)",Mid-Low (R50-100),Prepaid_Monthly,0.40836,61.4,0.0005114954776360703,49.25373134328359,23.880597014925375,13.432835820895523,13.432835820895523
SUB2384250,"Upsell Opportunity (Low ARPU, Low Data)",Low (<R50),Prepaid_Monthly,0.20541,45.3,0.022066704137863852,66.12903225806451,33.87096774193548,0.0,0.0
SUB3165456,Regular User,Mid (R100-200),Postpaid_Basic,1.03383,149.15,0.14728311483405376,48.93617021276596,31.382978723404253,7.180851063829788,12.5
SUB1545726,"Revenue Driver (High ARPU, High Data)",Premium (>R500),Postpaid_Unlimited,11.407540000000001,737.41,0.4227168395501426,58.37245696400626,7.824726134585289,21.12676056338028,12.676056338028168
SUB9626510,"Upsell Opportunity (Low ARPU, Low Data)",Mid-Low (R50-100),Prepaid_Monthly,0.84314,95.9,0.12853462144814554,26.976744186046503,20.465116279069765,4.186046511627906,48.37209302325581
SUB1341207,Regular User,High (R200-500),Postpaid_Premium,3.41256,299.79,0.2535447016934653,67.65578635014838,16.913946587537094,9.495548961424333,5.934718100890208
SUB3343136,Regular User,Mid (R100-200),Postpaid_Premium,1.68594,162.78,0.1326226282673828,10.21377672209026,87.41092636579573,1.9002375296912115,0.4750593824228029
SUB3084504,Regular User,Mid (R100-200),Prepaid_Monthly,1.88502,178.58,0.11154141964239095,21.64948453608248,65.36082474226804,12.783505154639178,0.2061855670103093
SUB3080154,"Revenue Driver (High ARPU, High Data)",High (R200-500),Postpaid_Basic,4.4393199999999995,380.21,0.5546749924582932,25.079872204472846,14.536741214057509,14.217252396166135,46.16613418530352
SUB2138452,"Revenue Driver (High ARPU, High Data)",Premium (>R500),Postpaid_Unlimited,15.5615,995.37,1.8470365329168725,48.087431693989075,35.27625986642381,4.493017607771707,12.143290831815424
SUB8838941,"Revenue Driver (High ARPU, High Data)",Premium (>R500),Postpaid_Premium,8.50679,615.97,0.7659407470003146,25.50872093023256,43.604651162790695,24.273255813953487,6.613372093023257
SUB1578688,"Revenue Driver (High ARPU, High Data)",Premium (>R500),Postpaid_Unlimited,24.29333,1403.52,2.6112457109642975,69.26406926406928,15.151515151515152,15.4978354978355,0.08658008658008659
SUB5084457,Regular User,Mid (R100-200),Prepaid_Daily,1.53716,190.01,0.0383495298179648,0.6535947712418301,95.26143790849673,3.594771241830065,0.49019607843137253
SUB2675255,"Revenue Driver (High ARPU, High Data)",Premium (>R500),Postpaid_Premium,7.42225,541.14,2.329214778645075,30.452674897119348,46.91358024691358,17.48971193415638,5.144032921810701
SUB9676514,Regular User,Mid (R100-200),Prepaid_Monthly,1.08022,114.72,0.0004196064586730053,23.051948051948052,26.2987012987013,14.285714285714285,36.36363636363637
SUB2595123,"Upsell Opportunity (Low ARPU, Low Data)",Mid (R100-200),Postpaid_Basic,0.39352,105.7,0.015457881448348643,3.2786885245901636,74.99999999999999,7.377049180327868,14.344262295081963
SUB9302146,"Upsell Opportunity (Low ARPU, Low Data)",Mid (R100-200),Postpaid_Basic,0.5406299999999999,115.68,0.009076003767806928,19.31034482758621,68.27586206896552,2.0689655172413794,10.344827586206897
SUB1158998,"Revenue Driver (High ARPU, High Data)",Premium (>R500),Prepaid_Daily,4.37804,513.44,0.9298449201178163,65.70841889117042,25.667351129363446,5.749486652977414,2.874743326488707
SUB7233550,"Revenue Driver (High ARPU, High Data)",Premium (>R500),Prepaid_Monthly,7.492109999999999,545.96,0.060875679813799266,76.84449489216799,16.79909194097616,1.8161180476730987,4.540295119182747
SUB4808282,Regular User,Mid (R100-200),Prepaid_Daily,1.12131,142.66,0.12711505977291626,33.047210300429185,14.449213161659513,47.21030042918454,5.293276108726753
SUB3542637,Regular User,Mid (R100-200),Postpaid_Basic,0.62588,121.47,0.36501048929997326,26.010101010101007,32.32323232323232,31.818181818181817,9.848484848484848
SUB1817052,"Revenue Driver (High ARPU, High Data)",High (R200-500),Postpaid_Basic,7.07984,496.71,0.8315584715500899,26.123833757421544,50.89058524173028,12.977099236641223,10.008481764206955
SUB9647088,"Upsell Opportunity (Low ARPU, Low Data)",Mid-Low (R50-100),Postpaid_Premium,0.5202,79.0,0.18766066737234088,21.42857142857143,46.42857142857144,0.7142857142857143,31.428571428571434
SUB4983063,"Upsell Opportunity (Low ARPU, Low Data)",Mid-Low (R50-100),Prepaid_Monthly,0.7667,89.84,0.08230026219763953,30.246913580246915,33.95061728395062,25.308641975308642,10.49382716049383
SUB5837502,"Revenue Driver (High ARPU, High Data)",High (R200-500),Prepaid_Monthly,5.3421899999999996,397.61,0.11838745309917353,58.69565217391305,32.10702341137124,4.1806020066889635,5.016722408026756
SUB2445819,Regular User,Mid (R100-200),Postpaid_Unlimited,1.53087,150.47,0.10897604453166343,31.1336717428088,51.945854483925544,9.813874788494077,7.106598984771573
SUB6170988,"Revenue Driver (High ARPU, High Data)",Premium (>R500),Postpaid_Premium,9.10268,657.08,1.0639207764079295,40.5740378343118,24.266144814090023,26.09262883235486,9.067188519243313
SUB8884479,"Upsell Opportunity (Low ARPU, Low Data)",Mid-Low (R50-100),Prepaid_Daily,0.48904000000000003,70.68,0.05485678187340026,18.354430379746837,38.607594936708864,38.607594936708864,4.4303797468354436
SUB2908802,Regular User,Mid (R100-200),Prepaid_Monthly,2.04458,191.24,0.7054016500639122,60.431654676258994,30.215827338129497,6.954436450839328,2.3980815347721824
SUB5709751,"Revenue Driver (High ARPU, High Data)",High (R200-500),Postpaid_Basic,5.15405,383.09,0.49603536139688487,22.12608158220025,21.137206427688504,0.24721878862793575,56.48949320148332
SUB3733460,"Upsell Opportunity (Low ARPU, Low Data)",Mid-Low (R50-100),Postpaid_Premium,0.70387,84.85,0.18273927231474008,28.405797101449277,17.391304347826086,9.565217391304348,44.63768115942029
SUB7854795,Regular User,Mid (R100-200),Prepaid_Monthly,1.78436,170.59,0.637991300986616,59.83146067415731,21.348314606741575,18.539325842696634,0.2808988764044944
SUB9499970,"Revenue Driver (High ARPU, High Data)",Premium (>R500),Postpaid_Premium,24.70543,1426.83,1.8105676352971898,50.473186119873816,37.85488958990537,5.678233438485805,5.993690851735015
SUB3830095,"Upsell Opportunity (Low ARPU, Low Data)",Mid-Low (R50-100),Prepaid_Monthly,0.41555000000000003,61.97,0.11999987761423542,9.322033898305085,13.220338983050848,67.79661016949152,9.661016949152541
SUB7113790,Regular User,Mid (R100-200),Prepaid_Daily,1.08985,139.08,0.07930701723131084,6.542056074766357,90.18691588785049,2.8037383177570097,0.4672897196261683
SUB1310375,"Upsell Opportunity (Low ARPU, Low Data)",Mid-Low (R50-100),Postpaid_Premium,0.43054000000000003,79.0,0.04211942033071853,20.481927710843372,73.49397590361446,4.8192771084337345,1.2048192771084336
SUB2546236,"Revenue Driver (High ARPU, High Data)",Premium (>R500),Postpaid_Premium,11.920200000000001,769.24,2.7810391143579842,76.34782608695652,15.65217391304348,0.6956521739130435,7.304347826086956
SUB8089975,"Upsell Opportunity (Low ARPU, Low Data)",Mid (R100-200),Postpaid_Basic,0.49699,112.72,0.025534085465949763,22.435897435897434,33.33333333333333,40.38461538461539,3.846153846153846
SUB6017650,Regular User,Mid (R100-200),Postpaid_Basic,1.2763,165.6,0.10085477963848155,44.15094339622642,38.49056603773585,11.69811320754717,5.660377358490567
SUB9077813,Regular User,High (R200-500),Prepaid_Monthly,2.18446,202.34,0.14740009131236542,58.51851851851851,37.77777777777778,2.962962962962963,0.7407407407407407
SUB2001622,"Upsell Opportunity (Low ARPU, Low Data)",Low (<R50),Prepaid_Monthly,0.16588,42.16,0.0689096300424383,20.54794520547945,36.986301369863014,9.589041095890412,32.87671232876712
SUB2610921,Regular User,Mid (R100-200),Postpaid_Basic,0.75918,130.51,0.02439702240986452,9.056603773584905,67.16981132075472,18.867924528301888,4.905660377358491
SUB7234408,Regular User,Mid (R100-200),Postpaid_Unlimited,2.0742800000000003,193.59,0.18604444993078628,25.260416666666668,53.90625,19.791666666666668,1.0416666666666667
SUB7550670,Regular User,Mid (R100-200),Prepaid_Monthly,1.3204200000000001,133.78,0.7098954506977109,40.526315789473685,17.36842105263158,27.368421052631575,14.73684210526316
SUB4560920,Regular User,High (R200-500),Postpaid_Unlimited,2.4108400000000003,220.3,0.2978275107926702,7.6069730586370845,52.931854199683045,8.874801901743266,30.58637083993661
SUB5168773,Regular User,Mid (R100-200),Prepaid_Monthly,1.46033,144.88,0.353197645391764,75.88495575221238,15.044247787610617,7.5221238938053085,1.5486725663716814
SUB7378384,"Upsell Opportunity (Low ARPU, Low Data)",Mid-Low (R50-100),Postpaid_Premium,0.6794600000000001,82.92,0.11347845375406196,10.778443113772456,31.137724550898206,25.149700598802394,32.93413173652695
SUB8985620,"Upsell Opportunity (Low ARPU, Low Data)",Mid-Low (R50-100),Prepaid_Daily,0.71633,96.55,0.03941520262420706,64.76683937823834,24.87046632124352,7.253886010362693,3.10880829015544
SUB3787352,Regular User,High (R200-500),Postpaid_Unlimited,3.31414,291.98,0.2722710217730402,5.729877216916781,72.71487039563438,0.1364256480218281,21.418826739427015
SUB7637448,"Revenue Driver (High ARPU, High Data)",Premium (>R500),Postpaid_Premium,30.38177,1601.26,3.7444953531647407,82.30452674897121,10.596707818930042,5.3497942386831285,1.7489711934156382
SUB5935500,Regular User,Mid (R100-200),Prepaid_Monthly,1.63443,158.69,0.32747504792347315,53.92156862745098,18.300653594771244,24.509803921568626,3.2679738562091507
