user_id,date,day_index,day_of_week,is_weekend,streaming_gb,social_gb,messaging_gb,gaming_gb,background_gb,total_gb,arpu,congested,plan_type,device_type,network_type,age_group,region,contract_duration_months,customer_tenure_months,monthly_bill_zar,support_calls_6months,churn_probability,churn_status,lag_1d_total_gb,lag_7d_total_gb,rolling_7d_avg_gb,rolling_30d_avg_gb,delta_1d_gb,lag_1d_streaming_gb,lag_1d_social_gb,lag_1d_gaming_gb,lag_1d_messaging_gb,day_of_month,is_month_start,is_month_end,target_next_day_gb
SUB1001896,2026-03-13,71,4,0,3.3277,1.4508,0.049,1.0688,0.1341,6.0303,453.25,0,Prepaid_Monthly,Mid_Range,4G,35-44,KZN,1,12,297.54,3,0.405,1,5.1929,3.8779,5.941142857142857,5.904283333333334,-0.7482428571428574,2.8656,1.2494,0.9204,0.0422,13,0,0,7.3484
SUB1003344,2026-01-09,8,4,0,0.3228,0.3661,0.0103,0.1555,0.0492,0.9039,62.13,0,Prepaid_Daily,Basic_Phone,5G,25-34,Western Cape,24,24,165.13,5,0.78,1,0.7369,0.9715,0.8809857142857143,0.8322499999999999,-0.14408571428571426,0.2632,0.2984,0.1268,0.0084,9,0,0,1.3978
SUB1002526,2026-02-28,58,5,1,2.6253,1.2255,0.0556,0.4254,0.3243,4.656,340.76,0,Postpaid_Premium,Premium_Smartphone,3G,55+,Gauteng,3,36,691.24,1,0.037,0,3.4991,5.03,3.829285714285714,2.9249733333333334,-0.3301857142857143,1.973,0.921,0.3197,0.0418,28,0,1,4.0186
SUB1009826,2026-02-08,38,6,1,2.754,1.2203,0.0091,0.6698,0.1058,4.7589,352.74,1,Postpaid_Unlimited,Mid_Range,5G,55+,Gauteng,24,1,1613.94,2,0.075,0,3.4521,4.5714,4.774871428571428,4.7699066666666665,-1.322771428571428,1.9977,0.8852,0.4859,0.0066,8,0,0,2.5419
SUB1000169,2026-01-02,1,4,0,0.7397,0.7733,0.0052,0.6738,0.115,2.307,146.12,0,Prepaid_Daily,Mid_Range,5G,55+,Western Cape,1,3,96.24,2,0.3,1,1.537,1.537,1.537,1.537,0.0,0.4928,0.5152,0.4489,0.0035,2,1,0,3.1347
SUB1002137,2026-01-08,7,3,0,3.0653,0.4871,0.043,0.2302,0.0788,3.9044,298.85,0,Postpaid_Premium,Mid_Range,4G,45-54,KZN,1,3,999.41,3,0.22,0,5.3026,3.9805,5.590457142857143,5.590457142857143,-0.2878571428571428,4.163,0.6616,0.3126,0.0584,8,0,0,4.6755
SUB1004108,2026-01-04,3,6,1,2.8396,0.6643,0.0195,0.0523,0.2303,3.8061,266.86,0,Prepaid_Monthly,Premium_Smartphone,4G,55+,Western Cape,1,12,213.89,2,0.135,0,3.621,2.5225,3.0852,3.0852,0.5358,2.7016,0.632,0.0498,0.0185,4,0,0,1.9067
SUB1000814,2026-01-11,10,6,1,0.2667,0.2548,0.0198,0.3388,0.1308,1.0109,68.2,0,Prepaid_Daily,Premium_Smartphone,4G+,18-24,Gauteng,6,18,207.29,1,0.45,0,1.597,2.3072,1.5650714285714284,1.46153,0.03192857142857153,0.4213,0.4025,0.5352,0.0313,11,0,0,2.0638
SUB1009152,2026-01-04,3,6,1,4.2485,0.6168,0.0264,0.2959,0.0826,5.2702,384.28,1,Prepaid_Daily,Mid_Range,4G,25-34,Gauteng,12,12,231.45,1,0.468,0,5.3483,5.7205,5.777333333333334,5.777333333333334,-0.4290333333333338,4.3115,0.626,0.3002,0.0268,4,0,0,8.0782
SUB1003316,2026-03-15,73,6,1,2.7285,0.9502,0.008,1.4274,0.1151,5.2292,385.76,1,Prepaid_Monthly,Mid_Range,4G+,35-44,Western Cape,6,3,230.15,1,0.45,0,5.6658,5.1665,6.0879,6.034186666666667,-0.42210000000000036,2.9563,1.0295,1.5466,0.0087,15,0,0,7.2002
SUB1004342,2026-01-04,3,6,1,0.6059,0.7019,0.0006,1.3684,0.3042,2.9811,207.93,0,Prepaid_Monthly,5G_Device,4G,35-44,Gauteng,3,6,372.37,0,0.27,0,3.2447,2.8181,2.6703999999999994,2.6703999999999994,0.5743000000000005,0.6595,0.764,1.4894,0.0007,4,0,0,1.3024
SUB1009026,2026-01-02,1,4,0,1.2589,0.9649,0.0293,0.2193,0.4122,2.8846,170.37,0,Prepaid_Daily,5G_Device,4G,45-54,Eastern Cape,12,12,232.15,1,0.252,0,2.0159,2.0159,2.0159,2.0159,0.0,0.8798,0.6743,0.1533,0.0205,2,1,0,3.2079
SUB1007026,2026-01-11,10,6,1,4.2809,0.9975,0.2675,4.9912,0.1801,10.7173,860.21,1,Postpaid_Unlimited,Premium_Smartphone,5G,35-44,Eastern Cape,1,3,1688.3,3,0.225,0,6.2789,21.0508,13.619,12.86242,-7.3401,2.5081,0.5844,2.9242,0.1567,11,0,0,10.8212
SUB1001756,2026-02-24,54,1,0,15.4057,2.9724,0.3467,4.9122,0.381,24.018,1760.21,0,Postpaid_Unlimited,5G_Device,4G,18-24,Western Cape,12,1,1786.62,1,0.225,0,15.303,11.0788,19.766457142857142,18.40134,-4.463457142857141,9.8157,1.8939,3.1298,0.2209,24,0,0,15.8405
SUB1009495,2026-02-20,50,4,0,6.9667,0.3822,0.6112,0.0194,0.1424,8.1219,574.64,0,Postpaid_Basic,Mid_Range,3G,18-24,Western Cape,6,12,537.78,2,0.27,0,2.596,4.7082,6.206371428571429,5.82352,-3.610371428571429,2.2267,0.1222,0.0062,0.1953,20,0,0,5.6623
SUB1000087,2026-01-22,21,3,0,1.7299,0.1909,0.0192,0.7393,0.0485,2.7279,191.28,1,Postpaid_Premium,Mid_Range,5G,25-34,Western Cape,12,12,934.43,3,0.246,1,1.9492,5.2013,4.129928571428572,5.493376190476191,-2.1807285714285713,1.2361,0.1364,0.5283,0.0137,22,0,0,5.6132
SUB1004978,2026-01-13,12,1,0,2.9506,0.3375,0.0147,0.0472,0.1311,3.4811,231.88,0,Postpaid_Unlimited,Premium_Smartphone,4G,45-54,Eastern Cape,12,6,1491.95,1,0.079,0,6.7158,2.2462,4.738928571428572,4.802591666666667,1.9768714285714282,5.6923,0.6512,0.0911,0.0283,13,0,0,3.9821
SUB1003326,2026-03-08,66,6,1,5.1785,2.954,0.3398,0.0352,0.1247,8.6323,596.49,1,Postpaid_Unlimited,Tablet,4G,25-34,Western Cape,24,60,1526.33,2,0.049,0,14.932,7.5523,10.370585714285713,9.229213333333332,4.561414285714287,8.9578,5.1098,0.0609,0.5878,8,0,0,8.5219
SUB1008537,2026-02-01,31,6,1,2.7953,0.5418,0.0096,0.9547,0.1811,4.4824,311.23,0,Postpaid_Premium,Tablet,5G,55+,KZN,12,6,1025.1,4,0.118,0,3.3919,3.4821,3.565871428571429,3.82809,-0.1739714285714289,2.1152,0.41,0.7224,0.0072,1,1,0,2.4676
SUB1000456,2026-02-19,49,3,0,2.5982,0.1297,0.0139,0.9021,0.2534,3.8974,278.42,0,Postpaid_Basic,5G_Device,4G+,55+,Western Cape,12,6,518.87,0,0.09,0,2.8162,4.4202,4.324228571428571,4.748293333333334,-1.508028571428571,1.8775,0.0938,0.6518,0.01,19,0,0,4.0291
SUB1002970,2026-03-20,78,4,0,0.9465,0.6336,0.0135,0.0956,0.0735,1.7626,121.99,0,Prepaid_Daily,Basic_Phone,5G,25-34,KZN,1,12,245.32,2,0.468,1,0.6237,2.2936,1.347414285714286,1.47627,-0.7237142857142859,0.3349,0.2242,0.0338,0.0048,20,0,0,3.434
SUB1001981,2026-01-28,27,2,0,6.877,0.8586,0.0102,0.4472,0.0776,8.2706,584.44,0,Prepaid_Monthly,Mid_Range,5G,25-34,KZN,24,60,163.8,3,0.219,0,15.0119,6.3278,13.019314285714286,10.583144444444445,1.992585714285715,12.4824,1.5584,0.8116,0.0186,28,0,1,9.4438
SUB1002178,2026-01-10,9,5,1,6.1351,8.6503,0.3289,0.2798,0.1472,15.5413,1052.19,1,Prepaid_Monthly,Mid_Range,4G,25-34,Eastern Cape,24,24,321.41,4,0.439,0,18.5501,13.4619,11.098600000000001,10.466711111111112,7.451499999999999,7.3229,10.325,0.334,0.3925,10,0,0,12.754
SUB1001799,2026-02-04,34,2,0,1.2126,0.8062,0.0107,1.6055,0.1019,3.7368,253.51,0,Prepaid_Monthly,Mid_Range,4G,35-44,Gauteng,12,24,324.46,1,0.225,0,5.3482,2.537,4.4404,3.862176666666667,0.9077999999999999,1.7355,1.1538,2.2979,0.0152,4,0,0,2.6646
SUB1007488,2026-03-05,63,3,0,6.3784,1.3711,0.0018,0.1004,0.058,7.9097,612.44,0,Postpaid_Basic,Mid_Range,4G+,18-24,Western Cape,24,60,415.52,2,0.112,0,9.6258,12.4284,11.64147142857143,12.759083333333335,-2.01567142857143,7.7623,1.6685,0.1222,0.0021,5,0,0,20.4507
SUB1009507,2026-02-04,34,2,0,1.1331,0.356,0.0152,0.0196,0.0357,1.5596,114.08,1,Postpaid_Basic,Mid_Range,3G,18-24,Gauteng,6,18,545.92,3,0.337,1,3.2669,3.8407,4.538728571428572,4.82007,-1.2718285714285718,2.3735,0.7458,0.041,0.0318,4,0,0,5.0084
SUB1008095,2026-02-09,39,0,0,2.1022,0.095,0.009,0.0117,0.0642,2.282,156.68,1,Prepaid_Daily,Mid_Range,3G,45-54,Eastern Cape,24,12,52.9,0,0.202,0,5.6522,3.1806,3.8331714285714287,3.625623333333333,1.819028571428571,5.2066,0.2354,0.029,0.0223,9,0,0,2.4806
SUB1004983,2026-02-03,33,1,0,0.7173,0.9825,0.0985,2.3133,0.1047,4.2164,308.82,1,Postpaid_Basic,Premium_Smartphone,4G,18-24,Gauteng,24,12,464.96,3,0.405,0,6.3511,7.8519,7.648285714285714,7.6918033333333335,-1.297185714285714,1.0805,1.48,3.4845,0.1484,3,1,0,11.5592
SUB1007371,2026-02-01,31,6,1,1.5293,0.4994,0.0047,0.0492,0.0497,2.1323,159.74,1,Prepaid_Monthly,Basic_Phone,4G,45-54,Gauteng,24,3,337.09,2,0.315,1,3.0859,1.4976,2.1998142857142855,2.3211033333333337,0.8860857142857146,2.2132,0.7228,0.0712,0.0069,1,1,0,0.7227
SUB1006645,2026-03-18,76,2,0,2.8589,0.7923,0.009,0.156,0.0858,3.902,254.4,1,Prepaid_Monthly,Premium_Smartphone,4G,18-24,Western Cape,12,24,299.04,3,0.506,0,9.7688,14.174,10.187957142857142,10.231143333333332,-0.41915714285714145,7.1572,1.9835,0.3906,0.0225,18,0,0,16.361
SUB1008638,2026-03-13,71,4,0,1.7461,0.4332,0.1565,2.7657,0.0865,5.188,389.43,0,Postpaid_Basic,Mid_Range,5G,25-34,Gauteng,3,18,346.45,0,0.156,0,4.5379,7.0266,6.7078,5.841473333333334,-2.1699,1.5273,0.3789,2.4192,0.1369,13,0,0,7.9356
SUB1003574,2026-03-28,86,5,1,0.7843,0.3249,0.0187,0.001,0.0375,1.1665,80.04,1,Postpaid_Basic,Basic_Phone,4G,25-34,Gauteng,12,18,306.25,2,0.195,0,0.7768,1.1032,1.2788857142857142,1.5298833333333335,-0.5020857142857141,0.5223,0.2164,0.0007,0.0125,28,0,1,2.9417
SUB1004621,2026-02-06,36,4,0,0.4021,0.7803,0.0219,0.2746,0.1068,1.5858,115.03,0,Postpaid_Basic,Mid_Range,4G,55+,Gauteng,1,24,351.52,2,0.075,0,1.1856,1.8087,1.3708714285714285,1.4386333333333332,-0.18527142857142853,0.3006,0.5834,0.2053,0.0164,6,0,0,1.7303
SUB1000517,2026-01-26,25,0,0,2.763,0.906,0.0618,0.2591,0.1141,4.104,270.3,1,Postpaid_Premium,Tablet,4G,35-44,Western Cape,12,6,711.89,0,0.126,0,3.3236,4.6624,5.132728571428571,5.212632,-1.8091285714285714,2.2376,0.7337,0.2099,0.0501,26,0,0,5.9645
SUB1000417,2026-01-30,29,4,0,0.103,0.1983,0.0056,0.251,0.3166,0.8745,41.49,0,Prepaid_Daily,5G_Device,3G,45-54,Gauteng,6,1,182.12,0,0.336,1,0.6257,1.0023,0.9052571428571429,0.8602,-0.27955714285714284,0.0737,0.1419,0.1796,0.004,30,0,1,0.6915
SUB1003858,2026-03-07,65,5,1,1.5065,4.4493,0.4261,0.8881,0.2554,7.5255,568.11,0,Postpaid_Basic,Premium_Smartphone,4G,35-44,Western Cape,3,24,389.66,1,0.15,0,6.4202,5.8361,5.976785714285714,5.84531,0.44341428571428665,1.2852,3.7959,0.7577,0.3635,7,0,0,7.5109
SUB1007397,2026-03-12,70,3,0,1.5821,1.2044,0.0504,0.3101,0.1025,3.2494,242.69,0,Postpaid_Premium,Mid_Range,5G,25-34,Gauteng,6,1,1059.2,1,0.273,0,3.0086,2.5432,3.6917857142857144,3.455436666666667,-0.6831857142857145,1.4649,1.1151,0.2871,0.0466,12,0,0,2.7335
SUB1007257,2026-02-28,58,5,1,1.4849,1.0025,0.011,0.1219,0.22,2.8402,202.5,0,Prepaid_Monthly,Mid_Range,4G,55+,Gauteng,24,1,366.56,2,0.225,0,1.5029,2.8836,1.734185714285714,1.4847166666666667,-0.2312857142857141,0.7857,0.5305,0.0645,0.0058,28,0,1,1.4321
SUB1009302,2026-02-19,49,3,0,22.1732,16.0752,0.9,2.2614,0.2154,41.6252,3003.26,0,Postpaid_Unlimited,Premium_Smartphone,5G,18-24,Gauteng,24,24,1327.27,3,0.169,0,13.3345,30.3595,33.376042857142856,42.454299999999996,-20.041542857142858,7.1031,5.1496,0.7244,0.2883,19,0,0,39.3525
SUB1002787,2026-01-10,9,5,1,3.4657,0.6127,0.107,0.3218,0.0579,4.5651,346.46,1,Postpaid_Premium,Mid_Range,4G,25-34,Western Cape,6,18,1029.31,1,0.136,0,8.3402,7.6342,7.764600000000001,9.097722222222224,0.5755999999999988,6.3317,1.1195,0.5879,0.1954,10,0,0,5.7451
SUB1004300,2026-02-24,54,1,0,1.6973,1.4286,0.0746,6.6529,0.1705,10.0239,708.49,0,Postpaid_Unlimited,Premium_Smartphone,3G,25-34,Eastern Cape,6,24,1568.77,2,0.098,0,7.2518,15.372,10.834128571428574,11.859266666666667,-3.5823285714285733,1.2279,1.0336,4.813,0.054,24,0,0,9.6438
SUB1007148,2026-03-19,77,3,0,1.2718,2.0341,0.2587,1.8947,0.3069,5.7662,425.46,0,Prepaid_Monthly,Tablet,4G+,35-44,Gauteng,1,6,204.62,2,0.337,0,2.2905,4.1572,2.708671428571429,2.9929766666666664,-0.41817142857142864,0.5052,0.808,0.7526,0.1028,19,0,0,4.426
SUB1008228,2026-02-26,56,3,0,1.0403,0.2253,0.0254,0.0623,0.1301,1.4833,93.83,0,Prepaid_Daily,Mid_Range,5G,55+,Western Cape,12,6,167.52,1,0.225,0,0.5611,1.8023,1.6730857142857143,1.26801,-1.1119857142857144,0.3935,0.0852,0.0236,0.0096,26,0,0,1.7913
SUB1001184,2026-02-21,51,5,1,3.4509,3.3223,0.0593,0.8976,0.2393,7.9694,577.49,0,Prepaid_Daily,Premium_Smartphone,5G,18-24,Eastern Cape,6,24,109.8,2,0.45,0,8.5003,4.761,7.196199999999999,7.159463333333334,1.3041,3.6807,3.5436,0.9574,0.0632,21,0,0,10.7402
SUB1003385,2026-02-11,41,2,0,0.457,0.2911,0.0528,0.0599,0.0295,0.8903,66.14,0,Prepaid_Monthly,Basic_Phone,4G,25-34,Gauteng,24,3,249.4,0,0.36,1,1.7648,1.3716,1.2987714285714287,1.4954833333333333,0.46602857142857124,0.9059,0.5771,0.1187,0.1047,11,0,0,1.1938
SUB1000197,2026-01-29,28,3,0,1.95,0.4764,0.027,0.0422,0.0332,2.5289,208.88,0,Postpaid_Premium,Basic_Phone,5G,45-54,Gauteng,6,6,792.7,6,0.22,0,3.2064,3.8821,3.7112857142857147,3.796582142857143,-0.5048857142857148,2.4724,0.6041,0.0536,0.0342,29,0,1,4.9083
SUB1005793,2026-01-20,19,1,0,0.1199,0.3603,0.0235,0.412,0.0429,0.9586,69.77,0,Prepaid_Daily,Basic_Phone,4G,18-24,Western Cape,24,36,108.77,4,0.472,0,1.439,1.2058,1.2210999999999999,1.137,0.2179000000000002,0.1799,0.5409,0.6185,0.0353,20,0,0,0.8717
SUB1001410,2026-02-07,37,5,1,2.6294,0.6503,0.0333,0.0341,0.196,3.543,251.57,0,Prepaid_Daily,Tablet,4G,45-54,Western Cape,12,36,243.04,3,0.22,0,3.8503,2.0376,2.6163142857142856,2.55863,1.2339857142857142,2.8575,0.7067,0.037,0.0362,7,0,0,3.5734
SUB1003071,2026-01-03,2,5,1,0.9308,0.4079,0.0705,0.3255,0.6524,2.3872,120.53,0,Prepaid_Daily,5G_Device,4G,55+,Gauteng,6,60,140.81,4,0.112,0,1.6103,0.743,1.17665,1.17665,0.4336500000000001,0.6279,0.2752,0.2196,0.0475,3,1,0,1.2885
SUB1002507,2026-02-18,48,2,0,1.6949,1.0438,0.0179,0.0534,0.1911,3.001,219.53,0,Postpaid_Basic,5G_Device,5G,55+,Gauteng,12,36,510.35,1,0.052,0,4.9218,5.6952,5.8467714285714285,5.128379999999999,-0.9249714285714283,2.7798,1.7119,0.0875,0.0293,18,0,0,3.236
SUB1005995,2026-02-21,51,5,1,2.0027,0.7571,0.0566,0.0942,0.0982,3.0088,222.44,0,Postpaid_Basic,Basic_Phone,4G,25-34,Gauteng,3,6,352.04,1,0.292,0,2.4058,1.229,1.4344571428571429,1.6188,0.9713428571428573,1.6013,0.6054,0.0753,0.0453,21,0,0,1.3608
SUB1001248,2026-03-16,74,0,0,3.6871,0.3209,0.0009,1.0089,0.1873,5.2051,364.79,1,Prepaid_Monthly,Mid_Range,5G,45-54,Eastern Cape,24,24,247.27,1,0.158,0,1.6304,4.6447,3.369785714285715,3.38708,-1.7393857142857148,1.1549,0.1005,0.316,0.0003,16,0,0,1.7645
SUB1004294,2026-02-15,45,6,1,2.5676,1.4142,0.1147,0.3545,0.2425,4.6936,319.33,0,Prepaid_Monthly,Premium_Smartphone,4G+,45-54,Gauteng,12,12,155.66,1,0.189,0,6.9889,3.8687,4.158499999999999,4.19271,2.830400000000001,3.8233,2.1058,0.5279,0.1709,15,0,0,4.4658
SUB1002582,2026-03-04,62,2,0,13.0551,1.9196,0.0397,1.5634,0.3525,16.9303,1272.31,0,Postpaid_Basic,5G_Device,4G+,18-24,Western Cape,1,3,466.91,1,0.45,1,9.6995,9.7583,14.694542857142855,15.080493333333333,-4.995042857142854,7.4794,1.0998,0.8957,0.0228,4,0,0,17.7739
SUB1002553,2026-01-09,8,4,0,3.0295,0.184,0.0029,0.0152,0.1736,3.4052,231.3,1,Postpaid_Basic,5G_Device,4G,55+,KZN,12,24,410.16,4,0.112,0,5.01,6.7175,7.4316571428571425,6.8828375,-2.4216571428571427,4.4573,0.2707,0.0223,0.0043,9,0,0,4.1839
SUB1001808,2026-01-03,2,5,1,4.0701,0.7557,0.0441,0.0069,0.1744,5.0512,355.26,1,Prepaid_Daily,Premium_Smartphone,4G,25-34,Gauteng,6,36,144.27,1,0.273,0,5.9569,7.881,6.918950000000001,6.918950000000001,-0.9620500000000005,4.7998,0.8912,0.0081,0.052,3,1,0,4.2778
SUB1007665,2026-02-05,35,3,0,3.0827,1.015,0.0151,0.6019,0.1742,4.8889,370.62,0,Prepaid_Monthly,Tablet,3G,25-34,Gauteng,1,12,297.64,2,0.351,0,3.1768,3.245,4.161257142857143,4.256783333333333,-0.9844571428571429,2.0032,0.6595,0.3911,0.0098,5,0,0,9.9697
SUB1007496,2026-03-23,81,0,0,0.4313,1.0199,0.0564,1.6592,0.0609,3.2277,226.86,0,Postpaid_Unlimited,Mid_Range,4G,25-34,Gauteng,6,1,1480.93,2,0.195,0,4.2178,5.6395,6.528842857142856,5.877316666666667,-2.311042857142856,0.5636,1.3328,2.1682,0.0737,23,0,0,4.8637
SUB1000940,2026-03-02,60,0,0,2.7731,2.8152,0.588,3.3121,0.3607,9.8491,800.02,0,Postpaid_Premium,5G_Device,4G,25-34,Eastern Cape,12,18,619.78,2,0.136,0,4.3072,11.2123,7.225857142857143,7.433926666666666,-2.9186571428571435,1.2128,1.2312,1.4484,0.2571,2,1,0,10.8312
SUB1001736,2026-01-13,12,1,0,0.6038,0.8529,0.0186,0.9832,0.0431,2.5017,176.45,0,Postpaid_Premium,Basic_Phone,4G,45-54,Gauteng,24,24,642.9,0,0.059,1,1.5341,3.2172,2.4007857142857145,2.5550083333333333,-0.8666857142857145,0.3703,0.523,0.6029,0.0114,13,0,0,2.9461
SUB1007090,2026-03-05,63,3,0,9.0445,2.6461,0.1704,0.8105,0.3859,13.0574,893.51,0,Prepaid_Daily,Premium_Smartphone,3G,25-34,Gauteng,6,24,98.89,3,0.585,1,5.8737,8.702,8.194342857142859,6.906599999999999,-2.3206428571428583,4.0686,1.1903,0.3646,0.0766,5,0,0,9.0455
SUB1005746,2026-02-06,36,4,0,10.5933,3.3947,0.016,2.4562,0.4225,16.8827,1306.33,0,Postpaid_Basic,5G_Device,4G,18-24,Gauteng,12,18,489.82,0,0.18,0,15.653,7.7344,10.642,11.488976666666668,5.011000000000001,9.8217,3.1474,2.2773,0.0149,6,0,0,17.1412
SUB1003754,2026-03-26,84,3,0,1.1938,1.3,0.25,3.9854,0.295,7.0242,490.1,0,Prepaid_Monthly,Premium_Smartphone,5G,25-34,KZN,6,18,265.32,6,0.585,0,5.0849,4.9103,4.9032285714285715,5.77304,0.1816714285714287,0.8642,0.9411,2.885,0.181,26,0,0,9.1791
SUB1004559,2026-01-02,1,4,0,3.0558,0.6141,0.3169,0.0015,0.1569,4.1453,251.68,0,Prepaid_Monthly,Mid_Range,4G+,35-44,KZN,1,24,159.39,4,0.337,0,3.1635,3.1635,3.1635,3.1635,0.0,2.3321,0.4687,0.0012,0.2419,2,1,0,4.9662
SUB1001554,2026-03-20,78,4,0,1.5322,2.8459,0.1123,1.1049,0.0891,5.6844,425.8,0,Postpaid_Premium,Mid_Range,4G,18-24,KZN,6,12,679.62,0,0.151,0,2.6559,11.3746,7.137714285714286,6.346386666666666,-4.481814285714286,0.7159,1.3297,0.5162,0.0525,20,0,0,2.8197
SUB1009475,2026-01-20,19,1,0,1.1981,0.2208,0.0244,0.4005,0.0766,1.9203,126.9,1,Postpaid_Unlimited,Premium_Smartphone,4G,55+,Gauteng,24,3,1747.95,2,0.075,0,6.0224,4.4537,4.870171428571429,5.389726315789473,1.1522285714285712,3.7573,0.6924,1.2562,0.0764,20,0,0,5.3167
SUB1005014,2026-01-10,9,5,1,2.301,0.6075,0.0032,0.0023,0.06,2.9739,207.55,1,Prepaid_Monthly,Basic_Phone,5G,18-24,Eastern Cape,12,24,326.6,1,0.337,0,4.2388,3.2626,2.6692428571428573,2.5983,1.569557142857143,3.2796,0.8658,0.0032,0.0046,10,0,0,1.1956
SUB1003893,2026-02-12,42,3,0,0.9,1.1799,0.0221,0.6077,0.1336,2.8433,194.46,0,Postpaid_Basic,Mid_Range,4G+,25-34,Gauteng,1,24,462.94,1,0.195,1,1.1974,2.2785,1.8091142857142857,1.99599,-0.6117142857142857,0.379,0.4969,0.2559,0.0093,12,0,0,1.6214
SUB1005049,2026-02-28,58,5,1,0.7177,0.5035,0.0842,0.0703,0.0871,1.4629,99.86,1,Postpaid_Unlimited,Premium_Smartphone,4G,55+,Eastern Cape,12,48,1223.05,1,0.019,0,2.4543,3.7908,2.559242857142857,3.35627,-0.104942857142857,1.2041,0.8448,0.118,0.1413,28,0,1,4.6425
SUB1008032,2026-01-25,24,6,1,1.4729,0.8959,0.0842,0.026,0.1665,2.6456,197.86,1,Prepaid_Monthly,Premium_Smartphone,5G,35-44,KZN,1,12,175.87,2,0.27,0,4.313,1.5776,3.369085714285714,3.184458333333333,0.9439142857142859,2.4013,1.4606,0.0424,0.1372,25,0,0,2.8681
SUB1006087,2026-03-12,70,3,0,9.3078,0.7102,0.2139,2.0796,0.1365,12.4479,885.0,0,Prepaid_Daily,Mid_Range,4G,18-24,Western Cape,3,24,59.12,2,0.45,0,10.688,19.4284,11.370642857142858,10.288243333333334,-0.6826428571428576,7.9918,0.6098,1.7856,0.1836,12,0,0,16.5357
SUB1000511,2026-01-17,16,5,1,0.4879,1.0996,0.0249,0.337,0.0814,2.0308,139.77,0,Postpaid_Premium,Basic_Phone,4G,45-54,KZN,3,48,659.13,1,0.037,1,1.2579,1.5211,1.4102285714285716,1.23903125,-0.1523285714285716,0.3022,0.6811,0.2087,0.0154,17,0,0,1.0969
SUB1009009,2026-03-08,66,6,1,7.6128,2.4834,0.0546,0.163,0.1784,10.4921,802.94,1,Postpaid_Premium,Premium_Smartphone,4G,18-24,Western Cape,24,24,928.7,1,0.157,0,13.6854,12.4211,9.678571428571429,11.04182,4.006828571428571,9.9297,3.2392,0.2126,0.0712,8,0,0,17.6735
SUB1006518,2026-03-07,65,5,1,1.6508,1.8282,0.105,0.2921,0.1738,4.0499,319.45,0,Postpaid_Basic,Tablet,3G,18-24,Eastern Cape,6,1,411.22,0,0.36,1,4.9657,3.313,3.7575285714285718,3.2476866666666666,1.2081714285714282,2.0241,2.2416,0.3582,0.1288,7,0,0,2.9045
SUB1002789,2026-02-17,47,1,0,3.1472,0.5809,0.0172,0.2312,0.2313,4.2078,291.81,0,Prepaid_Monthly,Premium_Smartphone,4G+,25-34,Western Cape,12,24,386.0,5,0.585,1,3.8355,3.1175,3.930671428571429,3.770566666666667,-0.09517142857142868,2.8687,0.5295,0.2107,0.0157,17,0,0,4.9133
SUB1007629,2026-03-07,65,5,1,3.3153,0.7457,0.0237,0.2317,0.1498,4.4662,282.74,0,Postpaid_Premium,Mid_Range,3G,45-54,Gauteng,12,1,1060.03,0,0.118,0,3.1497,2.7069,2.7719142857142858,2.7458966666666664,0.3777857142857144,2.3381,0.5259,0.1634,0.0167,7,0,0,2.757
SUB1009708,2026-01-03,2,5,1,1.3339,0.7596,0.0892,1.1727,0.0965,3.4519,253.34,1,Prepaid_Monthly,Mid_Range,4G,45-54,KZN,12,3,386.11,1,0.315,1,4.278,3.7012,3.9896,3.9896,0.28839999999999977,1.6531,0.9414,1.4534,0.1105,3,1,0,7.3182
SUB1008592,2026-01-09,8,4,0,3.0602,1.04,0.0428,2.6444,0.2206,7.0079,504.24,0,Prepaid_Monthly,Premium_Smartphone,4G,45-54,KZN,6,12,231.17,1,0.189,1,4.9779,4.787,6.174114285714286,6.307862500000001,-1.1962142857142863,2.1737,0.7387,1.8784,0.0304,9,0,0,8.2987
SUB1009901,2026-03-03,61,1,0,10.6231,3.6295,0.0207,1.6197,0.2264,16.1193,1219.22,0,Prepaid_Monthly,Premium_Smartphone,4G+,18-24,KZN,12,12,182.54,4,0.607,1,17.9914,16.354,17.824585714285714,16.830326666666668,0.1668142857142847,11.8569,4.051,1.8078,0.0231,3,1,0,15.3358
SUB1008909,2026-02-13,43,4,0,1.5319,0.5117,0.0281,0.0104,0.035,2.117,163.35,0,Postpaid_Basic,Basic_Phone,4G,18-24,KZN,1,18,427.9,1,0.225,0,3.7549,3.3908,2.9795857142857143,3.1875,0.7753142857142858,2.717,0.9075,0.0185,0.0498,13,0,0,2.6237
SUB1009496,2026-03-25,83,2,0,1.9134,2.5317,0.048,0.0164,0.1029,4.6125,334.27,0,Prepaid_Daily,Mid_Range,4G,18-24,Eastern Cape,12,18,165.68,2,0.45,0,2.262,7.192,5.325714285714286,4.989203333333333,-3.0637142857142856,0.9384,1.2416,0.008,0.0235,25,0,0,8.205
SUB1008034,2026-02-15,45,6,1,5.2657,0.8582,0.0557,0.2951,0.0991,6.5739,491.95,1,Prepaid_Monthly,Mid_Range,5G,18-24,Gauteng,1,60,224.21,2,0.169,1,8.557,8.4717,7.3034285714285705,7.08085,1.25357142857143,6.8542,1.1171,0.3842,0.0725,15,0,0,12.4532
SUB1001402,2026-03-13,71,4,0,3.572,0.1442,0.0072,0.2659,0.2256,4.215,299.0,1,Prepaid_Daily,Premium_Smartphone,4G,55+,Gauteng,24,24,247.09,1,0.15,1,2.6387,8.921,4.783285714285715,4.396543333333333,-2.144585714285715,2.2362,0.0903,0.1664,0.0045,13,0,0,2.6403
SUB1009975,2026-01-25,24,6,1,0.2936,0.4897,0.0279,0.1249,0.0327,0.9688,73.2,1,Prepaid_Monthly,Basic_Phone,3G,18-24,KZN,24,6,273.99,1,0.506,1,1.687,0.9454,1.1301142857142856,1.4108,0.5568857142857144,0.5112,0.8528,0.2175,0.0485,25,0,0,1.0052
SUB1001270,2026-01-16,15,4,0,1.5607,0.2017,0.0042,0.13,0.1287,2.0253,122.45,0,Prepaid_Monthly,Mid_Range,5G,55+,Western Cape,12,6,323.15,5,0.337,1,1.4046,2.8607,1.8560857142857141,1.7495533333333335,-0.45148571428571405,1.0824,0.1399,0.0902,0.0029,16,0,0,1.738
SUB1006767,2026-01-03,2,5,1,3.2975,1.6577,0.0619,0.627,0.2744,5.9186,405.65,0,Postpaid_Premium,Premium_Smartphone,5G,25-34,Western Cape,12,18,1064.69,2,0.136,0,3.2614,4.6798,3.9706,3.9706,-0.7092,1.817,0.9135,0.3455,0.0341,3,1,0,5.0083
SUB1005564,2026-01-23,22,4,0,2.838,0.2196,0.012,0.2892,0.0939,3.4526,254.99,0,Postpaid_Basic,Mid_Range,4G,55+,Eastern Cape,3,6,385.64,2,0.112,0,3.9745,3.7903,3.7030571428571433,3.8304090909090913,0.27144285714285665,3.267,0.2528,0.3329,0.0138,23,0,0,3.2464
SUB1004928,2026-01-22,21,3,0,0.438,0.3963,0.0084,0.0544,0.0529,0.95,65.86,0,Postpaid_Basic,Basic_Phone,4G,35-44,Eastern Cape,6,36,406.62,2,0.105,0,1.035,0.7113,0.9386428571428571,1.0573095238095238,0.09635714285714281,0.4772,0.4317,0.0592,0.0091,22,0,0,0.9639
SUB1002673,2026-01-11,10,6,1,9.4879,1.5852,0.0049,0.7597,0.297,12.1347,884.14,0,Postpaid_Basic,Premium_Smartphone,4G,25-34,Western Cape,3,12,560.92,0,0.187,0,6.1383,11.0979,8.314671428571428,8.24843,-2.1763714285714277,4.7994,0.8019,0.3843,0.0025,11,0,0,10.66
SUB1005828,2026-01-03,2,5,1,5.5394,2.746,0.0821,1.8634,0.309,10.5399,752.67,1,Postpaid_Premium,5G_Device,4G,25-34,KZN,24,12,755.05,2,0.164,0,15.0091,9.2519,12.1305,12.1305,2.8786000000000005,7.8882,3.9104,2.6535,0.1169,3,1,0,12.1745
SUB1008352,2026-02-01,31,6,1,1.8031,1.4029,0.1686,2.3179,0.3026,5.9951,431.86,0,Postpaid_Basic,Premium_Smartphone,4G+,45-54,KZN,12,12,546.11,4,0.189,1,4.8405,3.6522,4.451985714285714,4.62506,0.3885142857142858,1.4558,1.1328,1.8715,0.1361,1,1,0,3.8513
SUB1009802,2026-02-15,45,6,1,2.2716,0.6173,0.0509,0.0518,0.1788,3.1703,214.98,1,Postpaid_Basic,Premium_Smartphone,3G,35-44,Eastern Cape,12,18,377.0,2,0.15,0,3.9074,3.1702,3.3046714285714285,3.447686666666667,0.6027285714285715,2.7997,0.7608,0.0638,0.0627,15,0,0,4.8649
SUB1006902,2026-01-09,8,4,0,0.2245,0.7987,0.0232,0.0975,0.0446,1.1884,90.27,0,Postpaid_Basic,Basic_Phone,4G+,35-44,KZN,3,24,489.35,0,0.12,0,1.5892,0.6453,1.4135571428571427,1.3212375,0.1756428571428572,0.3002,1.068,0.1303,0.0311,9,0,0,1.3584
SUB1001210,2026-03-10,68,1,0,1.4452,0.7412,0.039,0.1616,0.1367,2.5237,186.89,0,Postpaid_Basic,Premium_Smartphone,4G+,45-54,Western Cape,6,12,578.48,2,0.126,0,2.627,3.4603,3.588157142857143,3.707843333333334,-0.961157142857143,1.5043,0.7716,0.1683,0.0406,10,0,0,1.3695
SUB1006328,2026-02-20,50,4,0,0.7341,2.884,0.0042,0.0576,0.378,4.0578,262.59,0,Prepaid_Daily,Premium_Smartphone,5G,25-34,Western Cape,12,60,61.96,0,0.156,0,1.9562,2.4281,2.3721,2.0505033333333333,-0.41590000000000016,0.3539,1.3903,0.0278,0.002,20,0,0,3.4802
SUB1006938,2026-03-17,75,1,0,15.08,7.286,0.1514,6.0997,0.2421,28.8592,1970.3,0,Postpaid_Unlimited,Premium_Smartphone,4G,18-24,Gauteng,1,36,1021.29,2,0.079,0,19.9765,19.6134,23.084142857142858,24.783843333333333,-3.1076428571428565,10.4385,5.0434,4.2223,0.1048,17,0,0,11.8977
SUB1008471,2026-01-19,18,0,0,1.444,1.469,0.2642,0.2325,0.244,3.6537,256.76,0,Postpaid_Premium,Premium_Smartphone,4G,45-54,Eastern Cape,24,48,994.45,2,0.037,0,1.6339,2.2127,2.4353285714285713,3.081738888888889,-0.8014285714285714,0.6458,0.6569,0.104,0.1181,19,0,0,2.6789
SUB1009508,2026-01-23,22,4,0,9.4487,1.7198,0.0827,4.0896,0.2658,15.6066,1111.46,0,Prepaid_Monthly,Premium_Smartphone,5G,35-44,Gauteng,24,24,251.84,0,0.18,0,8.2208,14.8163,11.585342857142857,10.220600000000001,-3.3645428571428564,4.9771,0.9059,2.1542,0.0436,23,0,0,6.1005
SUB1009605,2026-01-28,27,2,0,2.0622,0.5116,0.0698,0.829,0.2236,3.6963,262.74,0,Postpaid_Basic,Premium_Smartphone,4G+,55+,Eastern Cape,6,18,596.24,2,0.075,0,2.3345,3.9378,3.9970428571428576,3.2949148148148146,-1.6625428571428578,1.3024,0.3231,0.5236,0.0441,28,0,1,2.5529
SUB1004422,2026-02-10,40,1,0,1.7632,0.6481,0.0068,0.3029,0.0751,2.7962,198.2,0,Prepaid_Monthly,Mid_Range,4G,35-44,Eastern Cape,6,36,373.64,1,0.157,0,2.6589,4.293,4.169742857142857,4.079353333333334,-1.5108428571428574,1.6766,0.6163,0.2881,0.0065,10,0,0,4.9156
SUB1008776,2026-02-15,45,6,1,4.1322,3.0045,0.1342,1.0511,0.3141,8.6361,591.47,0,Prepaid_Daily,Premium_Smartphone,4G,25-34,Gauteng,12,3,132.55,2,0.78,0,4.4149,8.6975,6.234214285714286,6.018483333333333,-1.8193142857142854,2.1124,1.5359,0.5373,0.0686,15,0,0,10.0923
SUB1002787,2026-03-13,71,4,0,4.0968,0.7243,0.1264,0.3804,0.0684,5.3963,389.98,0,Postpaid_Premium,Mid_Range,4G,25-34,Western Cape,6,18,1029.31,1,0.136,0,9.7378,5.5313,7.395585714285715,7.171636666666667,2.3422142857142854,7.3928,1.3071,0.6864,0.2281,13,0,0,10.3662
SUB1002516,2026-02-18,48,2,0,20.7604,2.1895,0.1202,4.7773,0.2868,28.1342,1898.39,0,Postpaid_Basic,Premium_Smartphone,4G+,25-34,KZN,3,18,536.44,0,0.18,0,19.2704,22.0808,20.35807142857143,19.101490000000002,-1.0876714285714328,14.2197,1.4997,3.2722,0.0823,18,0,0,6.5571
SUB1007387,2026-03-25,83,2,0,0.6888,1.1311,0.01,0.1309,0.0972,2.058,132.37,0,Postpaid_Premium,Premium_Smartphone,4G,18-24,Gauteng,24,24,1038.34,1,0.157,0,3.1416,4.0106,3.9251285714285715,3.928703333333333,-0.7835285714285716,1.0515,1.7266,0.1998,0.0152,25,0,0,4.6663
SUB1003657,2026-02-27,57,4,0,1.472,1.6046,0.0052,0.0738,0.0796,3.2352,230.22,0,Postpaid_Basic,Mid_Range,4G,25-34,Western Cape,24,18,399.79,2,0.195,0,6.3554,5.3548,5.577114285714286,4.0480100000000006,0.7782857142857145,2.8916,3.1523,0.1449,0.0101,27,0,0,4.6699
SUB1005993,2026-01-17,16,5,1,0.5416,0.6082,0.0035,0.0255,0.2224,1.4013,87.89,1,Postpaid_Basic,5G_Device,4G,55+,Western Cape,6,12,455.53,3,0.135,0,1.0979,1.8294,1.7956714285714288,2.006075,-0.6977714285714287,0.4244,0.4766,0.02,0.0028,17,0,0,2.1708
SUB1006364,2026-03-28,86,5,1,9.0357,0.4468,0.0069,0.3505,0.2467,10.0867,688.16,1,Prepaid_Monthly,Premium_Smartphone,4G+,45-54,Gauteng,1,12,152.36,4,0.284,0,5.4951,9.2554,7.446028571428571,9.159486666666668,-1.9509285714285713,4.9226,0.2434,0.191,0.0038,28,0,1,5.4646
SUB1002112,2026-02-05,35,3,0,0.3067,0.706,0.0422,0.505,0.0357,1.5957,120.4,0,Postpaid_Premium,Basic_Phone,3G,18-24,KZN,12,12,1066.94,2,0.189,1,2.2056,1.8158,2.361042857142857,2.5000733333333334,-0.155442857142857,0.424,0.9759,0.6981,0.0583,5,0,0,1.6296
SUB1003746,2026-03-14,72,5,1,5.9983,3.123,0.0697,0.7128,0.0938,9.9976,718.16,1,Postpaid_Unlimited,Mid_Range,4G+,25-34,Western Cape,6,24,973.25,2,0.098,0,13.1645,4.4425,9.841128571428571,10.886126666666666,3.323371428571429,7.8984,4.1122,0.9386,0.0918,14,0,0,23.8056
SUB1008374,2026-02-03,33,1,0,2.4405,0.5201,0.0087,0.0722,0.1498,3.1913,221.62,0,Prepaid_Daily,Premium_Smartphone,4G,35-44,KZN,24,60,244.7,1,0.15,0,5.5859,3.7639,4.116142857142857,4.384066666666667,1.4697571428571425,4.2717,0.9103,0.1263,0.0153,3,1,0,2.9121
SUB1004528,2026-01-23,22,4,0,0.7662,0.8171,0.014,0.261,0.0827,1.9411,146.6,0,Prepaid_Monthly,Mid_Range,4G+,18-24,Eastern Cape,24,36,348.48,2,0.236,1,2.7565,2.7206,2.5879285714285714,2.414681818181818,0.1685714285714286,1.0881,1.1604,0.3707,0.0199,23,0,0,3.0912
SUB1006187,2026-03-17,75,1,0,6.8215,2.6431,0.0232,1.5507,0.0847,11.1231,817.79,0,Postpaid_Premium,Mid_Range,4G,25-34,Gauteng,1,12,829.01,2,0.164,0,7.6826,11.9995,15.3884,14.66184,-7.705800000000001,4.7115,1.8255,1.071,0.016,17,0,0,10.2366
SUB1000751,2026-02-26,56,3,0,5.6248,0.125,0.0094,0.0089,0.0817,5.8498,419.64,1,Prepaid_Monthly,Tablet,4G,25-34,KZN,12,6,386.95,2,0.439,0,10.2651,11.56,14.115442857142856,10.789313333333332,-3.8503428571428557,9.8702,0.2194,0.0156,0.0165,26,0,0,15.2115
SUB1002627,2026-02-14,44,5,1,2.578,1.2162,0.0602,1.826,0.2082,5.8886,415.95,1,Prepaid_Monthly,Premium_Smartphone,5G,25-34,Gauteng,1,18,371.89,1,0.292,0,5.7201,8.767,6.150257142857143,5.8087800000000005,-0.43015714285714246,2.5042,1.1814,1.7737,0.0585,14,0,0,6.9636
SUB1004264,2026-02-24,54,1,0,5.4862,0.836,0.0418,1.4184,0.1256,7.9081,599.45,0,Postpaid_Premium,Tablet,4G,35-44,Gauteng,24,60,680.5,0,0.042,0,6.8356,8.124,8.600271428571428,9.381116666666667,-1.764671428571428,4.7421,0.7226,1.2261,0.0362,24,0,0,10.5711
SUB1002518,2026-01-25,24,6,1,0.7607,0.1263,0.0272,0.5732,0.0757,1.5631,105.88,1,Prepaid_Daily,Mid_Range,4G,25-34,Eastern Cape,1,3,200.95,2,0.78,1,2.5707,1.773,1.9579285714285712,2.1527249999999998,0.6127714285714287,1.2511,0.2077,0.9427,0.0447,25,0,0,1.1833
SUB1002299,2026-03-04,62,2,0,1.709,0.8972,0.0441,0.5063,0.1515,3.3081,243.55,0,Prepaid_Daily,Mid_Range,3G,35-44,KZN,12,6,199.34,2,0.45,0,1.8145,1.8263,2.2036857142857142,2.251116666666667,-0.38918571428571425,0.9374,0.4921,0.2777,0.0242,4,0,0,2.3236
SUB1002628,2026-02-04,34,2,0,0.8121,0.8898,0.0756,0.746,0.0877,2.6111,179.04,0,Prepaid_Monthly,Mid_Range,5G,25-34,Gauteng,12,6,227.68,0,0.351,0,2.3322,2.2072,2.794485714285714,3.1719099999999996,-0.4622857142857142,0.7253,0.7947,0.6663,0.0675,4,0,0,2.8598
SUB1007066,2026-03-06,64,4,0,3.7798,1.7652,0.1313,1.0832,0.4139,7.1733,499.14,0,Prepaid_Monthly,5G_Device,5G,35-44,Western Cape,1,12,365.42,1,0.27,0,6.148,4.4301,4.848142857142856,5.404963333333333,1.2998571428571433,3.2395,1.5129,0.9284,0.1125,6,0,0,5.632
SUB1007823,2026-03-05,63,3,0,22.9398,1.3308,0.0128,0.3847,0.1764,24.8445,1763.92,0,Postpaid_Premium,Tablet,4G+,25-34,Gauteng,6,3,677.36,1,0.273,0,24.8322,19.962,28.21174285714286,22.248313333333336,-3.3795428571428587,22.9284,1.3302,0.3845,0.0128,5,0,0,32.5579
SUB1009018,2026-02-05,35,3,0,0.5016,0.1959,0.0287,0.0698,0.0562,0.8523,59.19,0,Prepaid_Daily,Mid_Range,4G,35-44,Gauteng,12,24,60.24,1,0.3,0,1.0952,2.4717,1.722342857142857,1.5347000000000002,-0.627142857142857,0.6446,0.2517,0.0897,0.0369,5,0,0,1.6516
SUB1000407,2026-03-19,77,3,0,3.8834,1.5308,0.0231,0.4726,0.1401,6.0501,436.94,1,Postpaid_Premium,Premium_Smartphone,5G,45-54,Gauteng,24,18,811.37,2,0.074,0,6.2417,5.3082,7.1829857142857145,8.16743,-0.9412857142857147,4.0063,1.5793,0.4876,0.0238,19,0,0,9.7642
SUB1003977,2026-02-09,39,0,0,0.3017,1.4698,0.1199,2.4357,0.0493,4.3765,343.01,1,Postpaid_Unlimited,Mid_Range,5G,18-24,Western Cape,24,24,1440.55,4,0.169,1,11.1043,8.6396,8.573400000000001,8.586026666666667,2.530899999999999,0.7656,3.7292,6.1801,0.3043,9,0,0,9.976
SUB1007835,2026-03-05,63,3,0,5.5986,2.9403,0.1375,1.1004,0.0917,9.8684,760.38,0,Postpaid_Premium,Mid_Range,4G+,25-34,Western Cape,3,60,692.95,0,0.055,0,12.9117,9.5213,10.926142857142858,10.21277,1.9855571428571412,7.3252,3.847,1.4397,0.1798,5,0,0,13.1613
SUB1006607,2026-03-28,86,5,1,3.537,0.0913,0.0117,0.0561,0.0707,3.7668,276.01,1,Prepaid_Monthly,Premium_Smartphone,4G,18-24,Eastern Cape,6,18,317.67,1,0.337,0,12.3334,25.1253,13.44577142857143,12.876563333333333,-1.1123714285714303,11.581,0.2989,0.1836,0.0385,28,0,1,13.518
SUB1000669,2026-03-03,61,1,0,5.0727,0.9908,0.0075,0.4739,0.092,6.637,459.84,1,Prepaid_Daily,Mid_Range,4G,25-34,Gauteng,24,24,184.66,1,0.39,0,12.3269,5.1722,6.899457142857143,7.456880000000001,5.427442857142857,9.4215,1.8403,0.8802,0.014,3,1,0,13.4199
SUB1005735,2026-03-17,75,1,0,9.8849,0.4109,0.0104,0.0361,0.3426,10.6849,768.61,0,Postpaid_Premium,5G_Device,5G,55+,Eastern Cape,12,18,912.19,1,0.052,0,6.6979,7.1653,9.979457142857143,8.469373333333333,-3.2815571428571433,6.1964,0.2576,0.0226,0.0065,17,0,0,12.955
SUB1007341,2026-03-03,61,1,0,11.6695,5.1849,0.3112,1.2833,0.2123,18.6612,1309.65,0,Prepaid_Monthly,Premium_Smartphone,4G+,25-34,Gauteng,12,60,289.23,2,0.146,0,18.2765,9.5394,19.856557142857145,18.485483333333335,-1.5800571428571466,11.4289,5.078,1.2569,0.3048,3,1,0,23.4205
SUB1001335,2026-03-01,59,6,1,4.1999,0.6326,0.0664,0.1072,0.382,5.3881,339.53,1,Prepaid_Daily,5G_Device,4G,45-54,Gauteng,12,12,102.94,3,0.378,0,4.8799,5.8264,4.344371428571429,4.657889999999999,0.5355285714285714,3.8038,0.5729,0.0971,0.0601,1,1,0,4.5087
SUB1004222,2026-03-14,72,5,1,6.877,7.1282,0.0071,4.831,0.34,19.1834,1410.3,0,Postpaid_Unlimited,5G_Device,4G,25-34,Gauteng,1,6,1186.06,1,0.146,0,18.8556,15.6388,14.8833,15.92802,3.972299999999999,6.7595,7.0064,4.7485,0.007,14,0,0,29.9831
SUB1001063,2026-01-26,25,0,0,2.5534,3.9151,0.022,0.1129,0.2668,6.8701,483.91,0,Prepaid_Monthly,Premium_Smartphone,3G,35-44,Western Cape,1,6,354.2,1,0.337,1,5.4017,5.9956,6.5582714285714285,5.731115999999999,-1.1565714285714286,2.0076,3.0783,0.0888,0.0173,26,0,0,5.0928
SUB1002445,2026-03-22,80,6,1,0.8955,0.46,0.0041,0.1136,0.1289,1.6021,101.22,0,Prepaid_Daily,Mid_Range,3G,35-44,Gauteng,24,12,202.79,2,0.36,0,1.6148,0.9277,1.4212714285714285,1.60471,0.1935285714285715,0.9026,0.4637,0.1145,0.0041,22,0,0,1.2596
SUB1003152,2026-01-13,12,1,0,0.9366,0.0721,0.0029,0.2083,0.0496,1.2696,87.86,0,Prepaid_Monthly,Mid_Range,4G,25-34,Western Cape,12,18,245.9,5,0.585,1,2.4678,2.3218,3.034814285714286,2.754125,-0.5670142857142859,1.8205,0.1402,0.4049,0.0057,13,0,0,3.7648
SUB1004013,2026-03-22,80,6,1,4.3173,0.9961,0.0817,0.267,0.0523,5.7143,391.47,1,Postpaid_Unlimited,Mid_Range,4G,18-24,Gauteng,12,60,1313.15,2,0.056,0,12.2046,10.2982,10.713,10.595913333333334,1.4916,9.2209,2.1274,0.5702,0.1745,22,0,0,5.3268
SUB1006267,2026-01-13,12,1,0,0.159,0.1264,0.0188,0.1624,0.11,0.5766,37.46,1,Prepaid_Daily,Premium_Smartphone,4G,45-54,Gauteng,1,6,173.27,1,0.315,0,0.9525,1.1518,1.0349,1.089225,-0.08239999999999992,0.2627,0.2087,0.2683,0.031,13,0,0,0.7302
SUB1008052,2026-02-28,58,5,1,2.8843,0.552,0.005,0.1091,0.0977,3.6482,256.88,1,Postpaid_Unlimited,Mid_Range,5G,55+,KZN,12,18,1756.45,1,0.038,0,3.9055,3.1471,3.8409,3.4497500000000003,0.06459999999999999,3.0878,0.591,0.1168,0.0053,28,0,1,4.177
SUB1000088,2026-02-06,36,4,0,1.9303,0.0062,0.0068,0.0045,0.0606,2.0085,138.69,1,Prepaid_Daily,Mid_Range,3G,18-24,Western Cape,1,36,226.37,1,0.315,0,1.4093,2.5506,2.9989285714285714,3.158776666666667,-1.5896285714285714,1.3543,0.0044,0.0032,0.0048,6,0,0,2.7784
SUB1005676,2026-03-06,64,4,0,7.6762,5.4387,0.3254,5.4953,0.1967,19.1322,1318.12,0,Postpaid_Premium,Tablet,4G,18-24,Western Cape,6,12,1000.0,1,0.189,0,11.3895,9.5497,13.827428571428571,15.142266666666668,-2.4379285714285714,4.5696,3.2377,3.2713,0.1937,6,0,0,14.3082
SUB1008478,2026-02-24,54,1,0,6.7566,1.0473,0.3951,0.1651,0.1414,8.5055,610.6,0,Postpaid_Premium,5G_Device,4G+,25-34,Western Cape,12,24,928.85,1,0.136,0,12.9717,23.3172,17.002642857142856,18.476490000000002,-4.030942857142856,10.3044,1.5972,0.2518,0.6026,24,0,0,12.2826
SUB1007765,2026-02-06,36,4,0,8.2374,0.929,0.152,1.4333,0.3075,11.0593,766.46,0,Prepaid_Monthly,Premium_Smartphone,5G,18-24,Western Cape,12,12,264.97,1,0.405,0,5.1395,12.1613,7.552957142857144,7.985903333333334,-2.413457142857144,3.8281,0.4317,0.6661,0.0707,6,0,0,7.9496
SUB1006109,2026-02-24,54,1,0,1.6279,0.6064,0.0289,0.0919,0.0556,2.4106,174.62,1,Postpaid_Unlimited,Mid_Range,5G,35-44,Gauteng,12,24,1183.28,6,0.15,0,3.5431,2.8983,4.655657142857144,4.321700000000001,-1.1125571428571437,2.3926,0.8912,0.135,0.0425,24,0,0,5.8909
SUB1002985,2026-02-28,58,5,1,0.1462,6.0553,0.143,0.9092,0.3299,7.5836,524.07,0,Postpaid_Premium,5G_Device,4G,18-24,KZN,6,6,880.43,0,0.189,0,5.4755,14.984,8.179071428571428,7.654393333333333,-2.7035714285714274,0.1055,4.372,0.6565,0.1033,28,0,1,7.8036
SUB1007032,2026-02-19,49,3,0,26.1343,3.8608,0.1878,0.6486,0.2105,31.0421,2376.74,0,Postpaid_Basic,Premium_Smartphone,4G,18-24,Gauteng,6,18,438.79,3,0.337,1,20.4078,23.0709,28.297814285714285,33.357413333333334,-7.890014285714283,17.1813,2.5382,0.4264,0.1235,19,0,0,47.714
SUB1004901,2026-02-06,36,4,0,0.4935,0.1306,0.013,0.0026,0.0401,0.6799,47.39,1,Prepaid_Monthly,Basic_Phone,4G,25-34,Gauteng,6,6,283.47,1,0.439,1,0.5467,0.5858,0.6226285714285714,0.7721066666666666,-0.07592857142857146,0.3969,0.105,0.0021,0.0105,6,0,0,1.1506
SUB1003937,2026-03-06,64,4,0,0.5986,3.5458,0.212,0.0356,0.1627,4.5548,334.39,0,Prepaid_Monthly,Mid_Range,4G,35-44,KZN,12,3,250.91,1,0.45,0,5.3999,8.9516,4.970714285714286,3.4487466666666666,0.4291857142857136,0.7096,4.2037,0.0422,0.2514,6,0,0,3.6812
SUB1001051,2026-03-22,80,6,1,1.3695,2.512,0.1827,0.0539,0.1261,4.2441,318.56,0,Prepaid_Monthly,Mid_Range,5G,18-24,Gauteng,12,36,230.77,0,0.189,0,6.248,3.2248,3.5959857142857143,4.26769,2.652014285714286,2.0161,3.698,0.0793,0.269,22,0,0,2.8133
SUB1007005,2026-03-03,61,1,0,2.4558,0.4974,0.0018,0.0407,0.0735,3.0693,213.85,0,Prepaid_Daily,Basic_Phone,3G,25-34,Gauteng,3,3,201.98,3,0.95,1,1.445,2.3992,2.7933857142857144,2.4262133333333336,-1.3483857142857143,1.1561,0.2342,0.0192,0.0009,3,1,0,2.7508
SUB1007654,2026-01-30,29,4,0,0.4873,1.959,0.1257,0.47,0.1858,3.2277,229.29,1,Prepaid_Monthly,Premium_Smartphone,4G,18-24,Western Cape,3,18,397.7,5,0.675,0,3.3896,3.2604,3.128114285714286,3.3327344827586205,0.2614857142857141,0.5117,2.0572,0.4935,0.132,30,0,1,4.0782
SUB1003186,2026-01-25,24,6,1,0.4963,0.1075,0.0197,0.0075,0.0636,0.6945,42.35,0,Prepaid_Daily,Mid_Range,3G,35-44,Western Cape,1,18,83.87,2,0.3,1,0.9007,0.8743,1.2714285714285711,1.10695,-0.3707285714285712,0.6437,0.1394,0.0097,0.0255,25,0,0,1.5299
SUB1001222,2026-01-15,14,3,0,1.1122,1.149,0.1093,0.0552,0.1586,2.5843,164.23,0,Prepaid_Daily,Mid_Range,4G,45-54,Gauteng,12,18,244.53,1,0.21,0,1.1813,1.4424,2.212242857142857,1.8810357142857141,-1.030942857142857,0.5084,0.5252,0.0252,0.05,15,0,0,1.8872
SUB1003819,2026-02-18,48,2,0,4.9446,6.2024,0.027,0.116,0.2772,11.5671,854.25,0,Postpaid_Premium,5G_Device,5G,45-54,Western Cape,1,3,768.3,2,0.147,0,11.9188,13.5273,13.357042857142858,12.019643333333333,-1.4382428571428587,5.0949,6.391,0.1195,0.0278,18,0,0,10.5041
SUB1002596,2026-01-28,27,2,0,4.8008,0.6501,0.041,0.4503,0.0423,5.9846,413.33,1,Postpaid_Unlimited,Basic_Phone,4G,18-24,Western Cape,3,48,1512.99,4,0.084,0,6.1404,5.4557,7.006671428571429,7.364562962962963,-0.8662714285714292,4.9258,0.6671,0.4621,0.042,28,0,1,8.5897
SUB1000257,2026-01-24,23,5,1,5.3827,0.4292,0.01,1.3862,0.1262,7.3343,560.43,0,Prepaid_Monthly,Mid_Range,3G,18-24,Western Cape,24,18,156.55,1,0.337,0,4.7895,9.9406,5.658957142857143,6.223452173913043,-0.8694571428571427,3.5151,0.2803,0.9052,0.0065,24,0,0,10.4926
SUB1000793,2026-03-29,87,6,1,4.0134,2.3499,0.0913,1.4546,0.287,8.1961,561.22,0,Postpaid_Unlimited,5G_Device,3G,18-24,KZN,24,24,1651.69,0,0.09,0,3.4045,7.8303,7.854885714285714,8.189996666666666,-4.450385714285714,1.6671,0.9761,0.6042,0.0379,29,0,1,5.9821
SUB1004710,2026-01-12,11,0,0,4.2298,0.598,0.0615,1.0373,0.2673,6.1939,441.11,0,Prepaid_Daily,5G_Device,5G,45-54,Gauteng,24,12,146.12,1,0.252,0,7.6026,7.9858,7.045185714285714,6.785336363636364,0.5574142857142856,5.1918,0.7339,1.2732,0.0755,12,0,0,5.1417
SUB1003174,2026-02-06,36,4,0,1.8479,1.1713,0.0924,0.2229,0.2023,3.5367,257.18,0,Prepaid_Daily,Premium_Smartphone,4G,35-44,Gauteng,3,18,172.74,0,0.24,1,1.8753,3.708,3.3122142857142856,3.3436566666666665,-1.4369142857142856,0.9798,0.6211,0.1182,0.049,6,0,0,3.4969
SUB1003019,2026-02-06,36,4,0,3.5373,1.1078,0.1331,1.7716,0.0896,6.6394,466.6,1,Prepaid_Monthly,Mid_Range,5G,18-24,Western Cape,6,36,234.31,1,0.236,0,7.127,5.0354,7.269914285714285,7.503853333333334,-0.14291428571428533,3.797,1.1891,1.9017,0.1429,6,0,0,11.4915
SUB1008162,2026-01-29,28,3,0,11.353,2.576,0.4264,0.0382,0.2584,14.652,1100.98,1,Postpaid_Unlimited,5G_Device,4G,18-24,KZN,12,18,983.34,0,0.09,0,14.9816,10.7558,15.966714285714286,15.677035714285713,-0.9851142857142854,11.6083,2.6339,0.0391,0.436,29,0,1,12.7442
SUB1004570,2026-02-10,40,1,0,3.5351,2.4784,0.3967,0.3526,0.1542,6.9172,510.34,0,Postpaid_Unlimited,Premium_Smartphone,4G,25-34,KZN,12,12,982.68,3,0.176,0,9.1586,6.7429,7.566428571428572,7.642276666666667,1.5921714285714277,4.6807,3.2815,0.4669,0.5253,10,0,0,5.8355
SUB1006949,2026-02-01,31,6,1,2.3417,0.3102,0.0577,0.1204,0.2163,3.0462,209.32,0,Prepaid_Daily,Premium_Smartphone,4G,45-54,Eastern Cape,24,18,165.95,1,0.21,1,2.0694,3.1934,2.601142857142857,2.7188999999999997,-0.5317428571428571,1.5908,0.2107,0.0818,0.0392,1,1,0,1.9772
SUB1006337,2026-01-14,13,2,0,5.1774,5.1525,0.229,0.5712,0.0997,11.2297,892.34,0,Postpaid_Unlimited,Premium_Smartphone,4G+,25-34,Gauteng,3,12,1145.34,3,0.176,0,19.3575,25.1594,21.139914285714287,22.432153846153845,-1.7824142857142853,8.9246,8.8817,0.9847,0.3947,14,0,0,19.0105
SUB1003048,2026-01-24,23,5,1,2.7681,3.4611,0.2175,0.1645,0.5615,7.1727,481.25,0,Postpaid_Unlimited,5G_Device,4G,55+,Gauteng,6,12,1158.54,3,0.068,0,3.528,3.7364,4.192214285714286,3.8593652173913044,-0.6642142857142859,1.3615,1.7024,0.0809,0.107,24,0,0,3.1686
SUB1003197,2026-03-05,63,3,0,3.7922,0.6517,0.078,1.2597,0.0527,5.8344,433.88,1,Postpaid_Premium,Mid_Range,4G+,18-24,Western Cape,12,6,658.48,1,0.236,0,9.478,7.5287,9.034914285714285,9.95517,0.44308571428571497,6.1605,1.0587,2.0464,0.1267,5,0,0,10.3639
SUB1006073,2026-02-02,32,0,0,7.8119,2.3579,0.6711,0.8564,0.3889,12.0862,943.73,0,Prepaid_Monthly,Premium_Smartphone,5G,25-34,Gauteng,24,3,398.22,2,0.675,1,4.9487,4.1646,5.935671428571427,5.860860000000001,-0.9869714285714277,3.1986,0.9654,0.3506,0.2748,2,1,0,6.955
SUB1009124,2026-02-23,53,0,0,2.4643,0.3384,0.0135,0.5102,0.0833,3.4098,218.93,0,Prepaid_Daily,Mid_Range,4G+,45-54,Eastern Cape,1,24,123.16,0,0.168,0,5.0021,3.0702,3.8446714285714285,3.6365966666666667,1.157428571428572,3.6152,0.4965,0.7485,0.0198,23,0,0,2.6862
SUB1009620,2026-03-23,81,0,0,0.9183,1.7577,0.0161,2.8754,0.118,5.6856,456.97,0,Postpaid_Basic,Mid_Range,5G,18-24,KZN,1,18,522.05,3,0.337,0,7.0985,4.0971,4.329742857142857,4.353276666666667,2.768757142857143,1.1466,2.1945,3.5899,0.0201,23,0,0,5.0624
SUB1004122,2026-01-24,23,5,1,0.8173,0.6059,0.0216,0.0748,0.0998,1.6193,119.3,1,Prepaid_Monthly,Mid_Range,4G,45-54,Western Cape,6,1,251.51,1,0.315,0,1.5303,2.23,1.4746857142857142,1.885017391304348,0.05561428571428584,0.7723,0.5726,0.0707,0.0204,24,0,0,1.7601
SUB1005216,2026-01-20,19,1,0,1.9131,2.1706,0.1536,0.4508,0.1535,4.8416,370.54,0,Prepaid_Monthly,Premium_Smartphone,4G+,25-34,Western Cape,24,6,267.26,2,0.439,0,5.8453,5.4023,6.7513000000000005,6.5886157894736845,-0.9060000000000006,2.3098,2.6206,0.5443,0.1854,20,0,0,3.7265
SUB1006813,2026-02-17,47,1,0,0.2424,0.1972,0.0798,0.6213,0.047,1.1878,92.03,0,Postpaid_Basic,Basic_Phone,4G,18-24,Gauteng,6,6,553.75,3,0.506,0,1.1974,0.7647,0.9738999999999999,1.2802233333333333,0.22350000000000014,0.2443,0.1988,0.6263,0.0805,17,0,0,1.6295
SUB1009588,2026-01-19,18,0,0,1.7482,0.061,0.0197,0.0374,0.0671,1.9333,143.72,1,Prepaid_Monthly,Premium_Smartphone,5G,45-54,Eastern Cape,1,18,278.74,3,0.236,0,4.735,7.417,5.854328571428572,5.798527777777778,-1.1193285714285715,4.2815,0.1494,0.0915,0.0483,19,0,0,3.7648
SUB1001171,2026-03-02,60,0,0,1.3392,0.6559,0.0544,0.7971,0.3048,3.1513,228.68,0,Postpaid_Premium,5G_Device,3G,25-34,Gauteng,12,18,991.91,2,0.105,0,1.8524,3.6755,3.1755,3.0723666666666665,-1.3231,0.7872,0.3856,0.4685,0.032,2,1,0,1.9652
SUB1007805,2026-01-07,6,2,0,1.5259,1.8803,0.0451,1.4819,0.1319,5.0651,360.05,0,Postpaid_Unlimited,Premium_Smartphone,5G,35-44,Gauteng,3,6,1668.77,3,0.169,0,6.2814,6.5561,8.524966666666666,8.524966666666666,-2.2435666666666663,1.8923,2.3318,1.8378,0.0559,7,0,0,10.1991
SUB1000485,2026-01-20,19,1,0,5.0679,1.4464,0.0579,0.2155,0.2568,7.0444,502.71,0,Postpaid_Basic,5G_Device,4G,25-34,Gauteng,6,3,489.51,1,0.39,1,4.7652,9.621,8.1709,8.95618947368421,-3.4056999999999995,3.4282,0.9784,0.1458,0.0391,20,0,0,8.6029
SUB1005279,2026-02-15,45,6,1,3.6826,1.2257,0.0601,0.3243,0.0915,5.3843,372.53,1,Postpaid_Unlimited,Premium_Smartphone,4G,35-44,Gauteng,6,36,1252.87,5,0.105,0,19.1075,8.5814,14.697485714285714,12.134953333333332,4.410014285714288,13.0686,4.3497,1.151,0.2132,15,0,0,6.5245
SUB1003823,2026-02-27,57,4,0,0.6087,0.4676,0.0013,0.0849,0.0439,1.2064,88.56,0,Postpaid_Premium,Basic_Phone,4G,18-24,KZN,6,24,1054.28,4,0.236,0,1.5354,0.83,1.347357142857143,1.27495,0.18804285714285718,0.7747,0.5951,0.108,0.0017,27,0,0,2.1032
SUB1000992,2026-01-27,26,1,0,0.6167,1.1263,0.0037,0.0165,0.0753,1.8384,127.05,0,Postpaid_Basic,Mid_Range,4G,45-54,Western Cape,12,6,427.27,1,0.158,0,1.5646,1.86,1.8061428571428573,2.3551115384615384,-0.24154285714285728,0.5248,0.9585,0.0141,0.0031,27,0,0,2.8698
SUB1009785,2026-01-13,12,1,0,0.6942,1.0414,0.1109,0.3086,0.2667,2.4218,162.67,0,Prepaid_Monthly,5G_Device,4G,35-44,Gauteng,1,6,328.72,4,0.506,0,3.0833,1.2856,2.3966285714285713,2.579425,0.6866714285714286,0.8838,1.3259,0.3929,0.1412,13,0,0,3.2793
SUB1006254,2026-01-28,27,2,0,2.86,0.3133,0.0222,0.772,0.3047,4.2722,257.65,0,Prepaid_Daily,5G_Device,4G,55+,Eastern Cape,24,3,214.67,2,0.3,1,3.007,3.493,4.117871428571428,4.169525925925926,-1.110871428571428,2.013,0.2205,0.5434,0.0156,28,0,1,3.9026
SUB1003377,2026-02-17,47,1,0,1.835,0.9374,0.0007,0.3605,0.1079,3.2416,231.61,0,Postpaid_Premium,Mid_Range,4G,55+,Western Cape,12,6,724.58,2,0.079,0,1.7834,1.4857,2.9871285714285714,2.9951133333333337,-1.2037285714285713,1.0096,0.5157,0.1983,0.0004,17,0,0,4.7367
SUB1002677,2026-03-02,60,0,0,1.9302,0.7071,0.01,0.2536,0.0747,2.9756,220.52,0,Postpaid_Premium,Mid_Range,3G,45-54,Gauteng,1,6,812.2,3,0.165,0,2.7688,2.0034,2.892942857142857,3.605903333333333,-0.12414285714285667,1.7961,0.6579,0.236,0.0093,2,1,0,2.4848
SUB1007515,2026-01-18,17,6,1,9.053,4.9221,0.1002,3.8994,0.1495,18.1241,1294.48,0,Prepaid_Monthly,Mid_Range,5G,25-34,Gauteng,12,36,153.13,0,0.164,0,6.6447,9.3022,10.2169,12.876058823529412,-3.5722000000000005,3.319,1.8046,1.4296,0.0367,18,0,0,5.0902
SUB1009837,2026-03-01,59,6,1,2.1627,0.8246,0.1634,0.2685,0.1184,3.5376,241.27,1,Postpaid_Basic,Premium_Smartphone,4G,25-34,Eastern Cape,1,12,571.86,2,0.234,0,5.5691,8.6288,5.968985714285714,5.74407,-0.3998857142857144,3.4046,1.2982,0.4227,0.2572,1,1,0,5.088
SUB1002151,2026-02-18,48,2,0,2.2109,2.3895,0.0934,8.3576,0.2948,13.3461,1021.78,0,Postpaid_Unlimited,5G_Device,4G,18-24,Gauteng,3,6,1124.85,0,0.135,0,10.5171,12.0394,15.045399999999999,14.079453333333332,-4.5283,1.7422,1.883,6.586,0.0736,18,0,0,11.4199
SUB1005807,2026-03-20,78,4,0,2.5202,1.0523,0.1065,1.0816,0.1777,4.9383,334.96,0,Prepaid_Daily,Premium_Smartphone,4G,45-54,Western Cape,3,1,241.69,0,0.336,0,4.8111,9.4372,6.458342857142857,6.8506100000000005,-1.6472428571428575,2.4553,1.0252,1.0538,0.1037,20,0,0,10.8955
SUB1002834,2026-02-19,49,3,0,2.2333,0.5137,0.0006,0.0955,0.1733,3.0165,201.01,0,Prepaid_Monthly,Tablet,4G,35-44,KZN,12,12,311.12,0,0.216,0,4.4922,1.2949,3.2202285714285717,2.65016,1.2719714285714288,3.3259,0.765,0.1422,0.001,19,0,0,3.929
SUB1009073,2026-03-20,78,4,0,0.7477,0.2586,0.0274,0.0352,0.0327,1.1017,73.7,0,Postpaid_Unlimited,Basic_Phone,4G,35-44,Gauteng,6,24,1612.02,2,0.075,0,1.141,2.0021,1.4781285714285715,1.5010666666666665,-0.33712857142857144,0.7744,0.2679,0.0365,0.0284,20,0,0,3.326
SUB1006775,2026-02-16,46,0,0,0.2319,0.6438,0.032,1.4556,0.0627,2.426,167.91,0,Postpaid_Unlimited,Mid_Range,3G,25-34,Western Cape,12,12,1230.05,6,0.234,0,3.4577,1.5836,3.4205571428571426,4.058533333333333,0.037142857142857366,0.3305,0.9176,2.0746,0.0456,16,0,0,2.5448
SUB1000752,2026-03-14,72,5,1,2.5261,0.8157,0.0869,0.4501,0.063,3.9417,267.02,0,Postpaid_Premium,Basic_Phone,4G,18-24,Eastern Cape,12,1,872.19,6,0.63,0,4.0924,3.071,3.0800142857142854,2.8246700000000002,1.0123857142857142,2.6227,0.8468,0.4673,0.0902,14,0,0,2.3338
SUB1003002,2026-03-11,69,2,0,0.7446,0.0847,0.0252,0.1674,0.0433,1.0653,85.5,1,Postpaid_Premium,Mid_Range,5G,18-24,KZN,24,12,673.49,1,0.189,0,3.2717,1.3825,2.3633714285714285,2.451156666666667,0.9083285714285716,2.2869,0.26,0.5143,0.0775,11,0,0,2.7016
SUB1009093,2026-01-06,5,1,0,4.0717,2.7547,0.1061,0.5457,0.0911,7.5692,524.67,0,Postpaid_Premium,Mid_Range,4G+,18-24,KZN,12,12,878.92,0,0.151,1,7.4308,5.6831,7.19978,7.19978,0.23102,3.9972,2.7043,0.5357,0.1041,6,0,0,8.7023
SUB1001861,2026-02-13,43,4,0,1.3807,0.9943,0.119,0.2948,0.3637,3.1526,206.09,0,Postpaid_Unlimited,5G_Device,4G,55+,Gauteng,3,48,1580.46,3,0.028,0,2.1794,2.2672,2.543057142857143,2.6059333333333337,-0.36365714285714335,0.9545,0.6874,0.2038,0.0823,13,0,0,1.8158
SUB1001318,2026-03-20,78,4,0,0.3917,1.3475,0.0209,0.9045,0.1485,2.8131,187.86,0,Postpaid_Premium,Premium_Smartphone,4G,35-44,Eastern Cape,24,3,1069.09,2,0.21,0,2.9905,3.9999,3.813514285714286,3.947503333333333,-0.8230142857142861,0.4164,1.4325,0.9616,0.0223,20,0,0,2.6389
SUB1005346,2026-03-18,76,2,0,2.3423,0.5299,0.1968,0.2082,0.0686,3.3459,241.37,0,Prepaid_Monthly,Mid_Range,4G+,35-44,Western Cape,12,24,157.23,2,0.225,0,3.9303,7.3316,6.283114285714285,6.344963333333334,-2.3528142857142855,2.7515,0.6224,0.2446,0.2312,18,0,0,4.7507
SUB1005942,2026-01-13,12,1,0,4.385,1.2398,0.1883,0.0476,0.075,5.9358,416.47,0,Prepaid_Monthly,Mid_Range,4G+,18-24,Gauteng,24,36,171.13,3,0.354,0,6.2071,3.7147,8.108085714285716,8.388675000000001,-1.9009857142857163,4.5855,1.2965,0.0497,0.1969,13,0,0,6.8288
SUB1009160,2026-02-25,55,2,0,4.1959,0.7795,0.1294,1.6454,0.0617,6.8118,471.91,0,Postpaid_Basic,Mid_Range,5G,25-34,KZN,3,24,407.72,0,0.156,0,7.0936,5.2801,10.355957142857141,11.827673333333333,-3.262357142857141,4.3695,0.8117,1.7135,0.1347,25,0,0,15.1644
SUB1006173,2026-02-03,33,1,0,7.4166,0.7875,0.144,0.4968,0.3177,9.1626,577.66,0,Prepaid_Daily,5G_Device,3G,25-34,Eastern Cape,3,36,174.86,1,0.273,0,7.5193,4.512,7.704457142857144,8.800866666666666,-0.18515714285714324,6.0865,0.6462,0.4077,0.1182,3,1,0,7.9501
SUB1008517,2026-03-11,69,2,0,4.6878,3.3336,0.4483,0.5274,0.26,9.2571,642.85,0,Postpaid_Unlimited,5G_Device,3G,18-24,Gauteng,24,3,1099.23,0,0.18,0,9.2889,6.6909,9.248171428571428,9.401063333333333,0.04072857142857167,4.7039,3.3451,0.5292,0.4498,11,0,0,12.1117
SUB1001161,2026-01-22,21,3,0,5.462,2.0632,0.0082,1.113,0.0845,8.7309,686.04,0,Postpaid_Premium,Mid_Range,4G,35-44,Gauteng,12,12,1057.19,1,0.126,0,5.4149,7.4283,8.680142857142858,9.981838095238095,-3.265242857142858,3.3875,1.2796,0.6903,0.0051,22,0,0,6.1946
SUB1000467,2026-02-28,58,5,1,4.3058,0.1595,0.0293,0.4933,0.1698,5.1577,355.29,0,Prepaid_Daily,Mid_Range,5G,55+,KZN,6,6,145.78,2,0.225,0,2.9244,3.2279,3.6672857142857143,3.327513333333333,-0.7428857142857144,2.4414,0.0904,0.2797,0.0166,28,0,1,3.7803
SUB1007696,2026-01-21,20,2,0,0.0964,0.2071,0.0452,0.9494,0.1656,1.4637,98.16,0,Prepaid_Monthly,Mid_Range,4G,25-34,Eastern Cape,1,1,393.63,5,0.95,1,0.9536,0.8948,1.0149428571428571,1.059605,-0.06134285714285714,0.0628,0.1349,0.6185,0.0294,21,0,0,0.9723
SUB1007065,2026-02-10,40,1,0,2.7296,0.2198,0.0109,1.7503,0.0706,4.7812,348.97,1,Prepaid_Monthly,Mid_Range,4G+,45-54,Gauteng,3,12,377.99,3,0.284,0,6.5792,5.6801,6.889085714285714,7.82378,-0.30988571428571365,3.7561,0.3024,2.4085,0.0149,10,0,0,5.9773
SUB1006021,2026-03-18,76,2,0,2.0672,0.64,0.1295,0.8165,0.0761,3.7293,248.58,0,Postpaid_Premium,Mid_Range,5G,45-54,Gauteng,1,6,809.21,1,0.11,0,4.5174,3.5326,4.7699428571428575,4.648366666666666,-0.2525428571428572,2.5041,0.7752,0.989,0.1569,18,0,0,2.313
SUB1000879,2026-03-16,74,0,0,0.1742,0.255,0.0045,0.2124,0.0488,0.6949,49.07,0,Postpaid_Premium,Mid_Range,4G,35-44,Gauteng,1,6,802.66,5,0.315,0,1.0116,1.5915,1.3858142857142859,1.3660633333333334,-0.37421428571428583,0.2536,0.3712,0.3092,0.0066,16,0,0,1.4736
SUB1003617,2026-03-18,76,2,0,20.0001,9.1445,0.3019,2.4297,0.3367,32.2129,2324.07,0,Postpaid_Unlimited,5G_Device,4G,18-24,Western Cape,6,18,1773.5,4,0.169,0,21.6554,20.4142,31.223999999999997,29.099733333333333,-9.568599999999996,13.4452,6.1475,1.6334,0.203,18,0,0,21.4323
SUB1004565,2026-02-11,41,2,0,0.6751,0.4518,0.0214,0.177,0.0323,1.3576,92.46,1,Postpaid_Basic,Basic_Phone,5G,35-44,Gauteng,24,60,441.44,2,0.075,0,1.622,3.2359,2.363771428571429,2.1647666666666665,-0.7417714285714287,0.8066,0.5398,0.2114,0.0256,11,0,0,1.8005
SUB1001861,2026-02-25,55,2,0,1.8188,1.3098,0.1568,0.3884,0.4791,4.1529,286.71,0,Postpaid_Unlimited,5G_Device,4G,55+,Gauteng,3,48,1580.46,3,0.028,0,2.6404,2.9044,2.6228142857142855,2.546883333333333,0.017585714285714538,1.1564,0.8328,0.2469,0.0997,25,0,0,3.0038
SUB1002667,2026-03-30,88,0,0,27.7144,2.9136,0.2716,0.4335,0.3945,31.7276,2277.46,0,Postpaid_Premium,5G_Device,4G,18-24,Gauteng,6,12,966.67,0,0.151,0,10.425,24.1695,28.38337142857143,23.846349999999997,-17.95837142857143,9.1063,0.9573,0.1424,0.0893,30,0,1,14.3937
SUB1008253,2026-02-15,45,6,1,1.1799,0.0707,0.0288,0.0072,0.0667,1.3532,90.86,1,Prepaid_Monthly,Mid_Range,3G,45-54,Western Cape,3,24,367.52,0,0.126,0,2.6403,2.9917,1.9947428571428572,2.1565966666666667,0.6455571428571427,2.3022,0.1379,0.014,0.0561,15,0,0,3.1219
SUB1001661,2026-02-09,39,0,0,1.7961,0.1123,0.0624,0.0025,0.1224,2.0957,146.29,0,Prepaid_Monthly,Tablet,4G+,35-44,Gauteng,3,3,322.68,0,0.36,0,2.8227,3.0061,2.7964285714285717,2.82501,0.0262714285714285,2.4192,0.1512,0.0034,0.0841,9,0,0,2.8374
SUB1004829,2026-01-21,20,2,0,0.9536,1.0569,0.019,0.3684,0.2253,2.6231,180.61,0,Postpaid_Unlimited,5G_Device,3G,55+,Gauteng,6,3,1351.84,3,0.112,0,4.388,3.567,4.057728571428571,3.8253250000000003,0.33027142857142877,1.5952,1.768,0.6162,0.0318,21,0,0,3.4846
SUB1008838,2026-03-02,60,0,0,2.7236,0.4735,0.0011,0.3004,0.0727,3.5711,246.51,0,Prepaid_Daily,Mid_Range,4G,18-24,KZN,3,1,53.34,2,0.9,1,8.9483,7.0706,6.906385714285714,5.6887,2.0419142857142853,6.8245,1.1863,0.7527,0.0026,2,1,0,5.7244
SUB1004491,2026-02-18,48,2,0,0.1371,0.2221,0.0265,0.1411,0.0443,0.571,40.34,0,Postpaid_Premium,Basic_Phone,4G,45-54,Gauteng,24,24,845.46,3,0.11,0,0.7092,0.8689,0.6442142857142857,0.6996733333333333,0.06498571428571431,0.1703,0.2758,0.1752,0.0329,18,0,0,0.6528
SUB1005274,2026-01-28,27,2,0,1.2011,0.3302,0.1087,2.2406,0.0751,3.9557,304.43,0,Postpaid_Basic,Mid_Range,4G,25-34,Eastern Cape,3,36,474.81,2,0.136,0,4.988,8.3581,5.0722000000000005,5.231807407407408,-0.08420000000000005,1.5145,0.4164,2.8253,0.1371,28,0,1,3.7803
SUB1002048,2026-01-28,27,2,0,5.6381,0.8291,0.3869,0.6674,0.2396,7.761,598.71,0,Postpaid_Basic,Premium_Smartphone,4G,18-24,KZN,6,12,312.94,1,0.27,0,7.2835,4.8065,6.487057142857144,6.546048148148149,0.7964428571428561,5.2913,0.7781,0.6263,0.3631,28,0,1,4.4731
SUB1002561,2026-03-08,66,6,1,6.787,0.7131,0.0143,2.7233,0.3676,10.6053,733.96,0,Prepaid_Monthly,Premium_Smartphone,3G,35-44,Gauteng,6,1,196.07,2,0.45,0,8.1312,7.4061,5.891914285714286,6.7690866666666665,2.239285714285714,5.2037,0.5468,2.088,0.011,8,0,0,3.6731
SUB1005838,2026-01-20,19,1,0,3.3179,1.0764,0.0375,1.466,0.1226,6.0204,422.26,0,Postpaid_Unlimited,Mid_Range,4G+,25-34,Western Cape,3,24,1040.03,1,0.098,0,4.3774,4.5755,5.062014285714286,5.104331578947368,-0.6846142857142858,2.4124,0.7827,1.0659,0.0273,20,0,0,4.0001
SUB1004958,2026-02-15,45,6,1,7.4728,3.2813,0.1196,0.1502,0.1818,11.2057,854.74,0,Postpaid_Unlimited,Premium_Smartphone,3G,25-34,Gauteng,3,48,1755.85,2,0.049,0,16.4793,9.7819,13.373199999999999,13.250869999999999,3.1060999999999996,10.9896,4.8256,0.2209,0.1759,15,0,0,12.0374
SUB1005634,2026-01-10,9,5,1,4.0084,1.9968,0.0067,1.4515,0.2866,7.75,569.97,0,Postpaid_Premium,Premium_Smartphone,4G+,18-24,Eastern Cape,24,3,1024.44,1,0.315,0,7.4147,7.595,5.413728571428571,4.994311111111111,2.000971428571429,3.835,1.9104,1.3887,0.0064,10,0,0,8.9413
SUB1008491,2026-03-22,80,6,1,1.3016,3.056,0.1097,3.9832,0.2022,8.6526,622.56,0,Postpaid_Unlimited,Mid_Range,5G,55+,KZN,12,12,940.12,4,0.068,0,2.467,3.2649,4.175457142857143,4.02933,-1.7084571428571427,0.3711,0.8713,1.1357,0.0313,22,0,0,2.7091
SUB1001375,2026-02-27,57,4,0,17.523,0.6917,0.0811,0.0393,0.3025,18.6376,1349.32,0,Prepaid_Daily,Premium_Smartphone,4G+,18-24,KZN,1,6,81.67,1,0.675,0,9.8958,18.9754,16.344785714285713,14.18409,-6.448985714285714,9.3039,0.3672,0.0209,0.0431,27,0,0,14.6956
SUB1006129,2026-01-12,11,0,0,0.2834,1.0987,0.0348,0.2231,0.1011,1.741,125.43,0,Postpaid_Basic,Mid_Range,4G,18-24,Western Cape,3,12,529.07,3,0.405,0,1.0535,2.4196,2.2883999999999998,2.0478,-1.2348999999999997,0.1715,0.6648,0.135,0.021,12,0,0,1.6764
SUB1003966,2026-01-19,18,0,0,0.1214,0.5321,0.0468,0.686,0.13,1.5163,102.93,0,Prepaid_Monthly,Premium_Smartphone,3G,25-34,KZN,6,24,188.58,0,0.234,0,1.9712,2.4286,2.6806428571428573,2.5027833333333334,-0.7094428571428573,0.1579,0.6917,0.8918,0.0609,19,0,0,2.5295
SUB1001116,2026-02-12,42,3,0,0.0494,0.9447,0.0879,4.8043,0.2352,6.1215,451.17,0,Prepaid_Daily,Premium_Smartphone,4G,18-24,KZN,6,6,120.22,5,0.95,1,5.339,4.5706,5.045557142857143,5.510566666666667,0.2934428571428578,0.0431,0.8239,4.1902,0.0766,12,0,0,3.8475
SUB1002787,2026-03-15,73,6,1,8.351,1.4765,0.2577,0.7754,0.1394,11.0001,870.92,0,Postpaid_Premium,Mid_Range,4G,25-34,Western Cape,6,18,1029.31,1,0.136,0,10.3662,10.8263,7.736514285714285,7.299553333333333,2.6296857142857144,7.8698,1.3914,0.7307,0.2429,15,0,0,5.0226
SUB1009237,2026-02-04,34,2,0,1.2808,1.4893,0.1983,0.4512,0.3672,3.7867,239.98,0,Prepaid_Monthly,5G_Device,4G,35-44,Gauteng,12,48,297.25,1,0.112,0,3.3043,2.4887,3.6439714285714286,3.3140799999999997,-0.3396714285714286,1.1176,1.2996,0.3937,0.1731,4,0,0,2.4123
SUB1005345,2026-03-21,79,5,1,11.0493,0.8038,0.1185,3.6037,0.0555,15.6309,1197.84,0,Postpaid_Unlimited,Basic_Phone,4G,18-24,Gauteng,6,3,1646.11,5,0.45,0,14.4678,10.3031,11.708042857142857,13.466616666666669,2.7597571428571435,10.2272,0.744,3.3356,0.1097,21,0,0,20.4573
SUB1009412,2026-02-18,48,2,0,2.2714,0.7375,0.0124,0.2284,0.1273,3.3771,234.63,0,Prepaid_Monthly,Premium_Smartphone,3G,18-24,Gauteng,6,1,167.26,1,0.675,0,2.3051,3.8349,5.3346,5.178743333333333,-3.0295,1.5504,0.5034,0.1559,0.0085,18,0,0,10.2146
SUB1003674,2026-01-12,11,0,0,0.9144,0.7414,0.0019,0.4198,0.0957,2.1732,153.44,1,Postpaid_Basic,Premium_Smartphone,3G,45-54,Gauteng,3,12,578.46,1,0.126,1,8.5854,2.4891,5.122142857142856,5.571490909090909,3.4632571428571435,3.6125,2.9287,1.6584,0.0075,12,0,0,5.0519
SUB1007933,2026-02-03,33,1,0,5.6914,1.876,0.1996,1.5957,0.1044,9.4671,704.01,0,Postpaid_Unlimited,Mid_Range,3G,18-24,Western Cape,24,1,1660.22,0,0.18,0,11.0337,9.3884,7.869028571428572,9.56591,3.1646714285714275,6.6332,2.1864,1.8597,0.2327,3,1,0,12.0283
SUB1000022,2026-02-25,55,2,0,0.963,0.1113,0.0308,0.1129,0.087,1.305,91.33,0,Prepaid_Monthly,Mid_Range,4G,55+,KZN,6,24,294.45,5,0.225,0,1.3146,1.6983,1.6736142857142855,1.54216,-0.3590142857142855,0.9701,0.1121,0.1138,0.0311,25,0,0,2.1085
SUB1008854,2026-01-30,29,4,0,8.6129,5.6723,0.6975,7.4146,0.1918,22.5892,1683.43,0,Postpaid_Premium,Mid_Range,5G,25-34,Western Cape,12,18,763.35,4,0.205,1,17.8192,4.4991,10.504085714285713,10.002686206896552,7.3151142857142855,6.7942,4.4746,5.8489,0.5502,30,0,1,12.9383
SUB1000019,2026-03-09,67,0,0,2.8418,1.4403,0.0473,0.1048,0.1324,4.5665,336.7,0,Postpaid_Premium,Premium_Smartphone,4G,35-44,Gauteng,6,6,1092.27,1,0.158,0,9.9323,5.459,7.3274285714285705,7.527866666666667,2.604871428571429,6.1809,3.1327,0.2279,0.1029,9,0,0,4.175
SUB1004084,2026-01-25,24,6,1,3.2556,1.9007,0.1804,0.2379,0.0918,5.6664,387.46,0,Postpaid_Premium,Mid_Range,3G,25-34,Eastern Cape,1,12,951.96,3,0.246,0,4.2549,8.7189,7.461042857142857,6.697116666666666,-3.206142857142857,2.4446,1.4272,0.1786,0.1355,25,0,0,7.5643
SUB1005642,2026-01-29,28,3,0,0.2379,1.4752,0.0825,0.2248,0.1248,2.1453,168.36,0,Prepaid_Monthly,Mid_Range,4G+,45-54,Gauteng,12,24,169.42,1,0.158,0,1.4896,2.7305,1.7851428571428571,1.8012035714285715,-0.2955428571428571,0.1652,1.0243,0.1561,0.0573,29,0,1,1.1369
SUB1009615,2026-03-17,75,1,0,0.9613,0.7899,0.0438,0.7896,0.1501,2.7348,180.18,1,Prepaid_Monthly,Premium_Smartphone,4G,25-34,KZN,12,6,342.42,2,0.439,0,7.61,2.7232,4.481299999999999,4.3153966666666665,3.128700000000001,2.6751,2.1981,2.1972,0.122,17,0,0,2.7104
SUB1004347,2026-01-15,14,3,0,3.5207,1.4255,0.5618,4.7202,0.3508,10.579,771.1,0,Postpaid_Unlimited,5G_Device,5G,45-54,KZN,24,18,1728.47,2,0.052,1,5.9965,8.4033,7.076385714285714,8.626542857142857,-1.0798857142857141,1.9956,0.808,2.6756,0.3184,15,0,0,11.7892
SUB1006897,2026-01-12,11,0,0,2.2166,2.7813,0.0224,1.109,0.0449,6.1741,464.29,0,Postpaid_Unlimited,Basic_Phone,5G,18-24,Western Cape,6,6,1220.26,0,0.135,0,9.4249,5.8895,6.246599999999999,6.883645454545455,3.1783,3.3837,4.2457,1.6929,0.0341,12,0,0,8.897
SUB1008328,2026-01-15,14,3,0,1.627,0.5162,0.0057,0.3935,0.18,2.7223,176.93,0,Prepaid_Monthly,Tablet,3G,45-54,KZN,12,1,159.31,1,0.315,1,0.9921,2.1719,1.6244428571428569,1.914742857142857,-0.6323428571428569,0.5929,0.1881,0.1434,0.0021,15,0,0,2.1842
SUB1002919,2026-01-05,4,0,0,0.1956,1.0413,0.0042,0.9939,0.0796,2.3145,189.19,0,Postpaid_Basic,Mid_Range,5G,35-44,KZN,3,1,534.96,2,0.3,0,3.8371,3.1685,3.2169499999999998,3.2169499999999998,0.6201500000000002,0.3243,1.7263,1.6477,0.0069,5,0,0,2.4947
SUB1000319,2026-01-16,15,4,0,0.9959,0.0871,0.0033,0.1225,0.1184,1.3272,96.22,1,Prepaid_Monthly,Mid_Range,5G,25-34,Western Cape,1,6,340.7,2,0.169,0,0.6177,1.7788,0.9481714285714286,0.9987333333333334,-0.3304714285714285,0.4635,0.0405,0.057,0.0016,16,0,0,2.3993
SUB1003931,2026-03-14,72,5,1,9.1625,1.2432,0.1368,0.0043,0.3384,10.8853,823.15,0,Postpaid_Basic,Premium_Smartphone,4G,35-44,Western Cape,12,6,522.83,3,0.337,0,8.1803,4.9862,5.734528571428571,6.248363333333334,2.4457714285714296,6.8856,0.9343,0.0032,0.1028,14,0,0,4.6194
SUB1002900,2026-01-21,20,2,0,4.0239,0.1219,0.1886,1.0698,0.0869,5.4911,403.08,0,Prepaid_Monthly,Mid_Range,4G,25-34,Eastern Cape,12,6,334.83,0,0.351,1,5.4271,5.9245,7.364442857142857,6.33844,-1.9373428571428564,3.9771,0.1205,1.0573,0.1864,21,0,0,6.5962
SUB1001280,2026-03-15,73,6,1,2.3239,2.672,0.0844,0.7749,0.173,6.0282,450.14,1,Prepaid_Daily,Premium_Smartphone,5G,25-34,KZN,24,12,110.69,1,0.468,0,7.2102,4.3195,7.186428571428572,7.902996666666667,0.02377142857142811,2.7795,3.1959,0.9269,0.1009,15,0,0,6.7147
SUB1006399,2026-02-04,34,2,0,0.5014,0.5877,0.0082,0.5768,0.0857,1.7598,122.62,0,Postpaid_Basic,Mid_Range,3G,45-54,Gauteng,6,1,480.92,1,0.21,1,1.6215,2.2684,1.7784142857142857,1.8929466666666666,-0.15691428571428578,0.462,0.5416,0.5315,0.0076,4,0,0,0.7579
SUB1009934,2026-02-13,43,4,0,1.2966,0.7767,0.0235,0.1837,0.0893,2.3699,162.07,0,Postpaid_Premium,Basic_Phone,4G,45-54,Gauteng,6,3,809.08,2,0.147,0,1.3597,2.4855,1.4392999999999998,1.3549900000000001,-0.0795999999999999,0.7439,0.4456,0.1054,0.0135,13,0,0,1.4047
SUB1004206,2026-01-13,12,1,0,11.1135,2.3529,0.1208,1.2954,0.1715,15.0541,1031.51,0,Postpaid_Premium,Premium_Smartphone,4G,25-34,KZN,3,6,993.25,3,0.354,0,9.2356,13.1802,15.89022857142857,18.321733333333334,-6.654628571428571,6.8181,1.4435,0.7947,0.0741,13,0,0,12.3573
SUB1009491,2026-02-03,33,1,0,2.113,0.3483,0.0083,0.1793,0.057,2.706,192.06,0,Postpaid_Premium,Mid_Range,5G,55+,Eastern Cape,3,18,1022.4,1,0.052,0,4.6637,4.513,4.9520285714285714,4.712966666666666,-0.28832857142857105,3.6418,0.6004,0.3089,0.0144,3,1,0,2.5763
SUB1001134,2026-02-07,37,5,1,5.9576,2.33,0.0016,0.8741,0.5904,9.7536,620.19,0,Postpaid_Premium,5G_Device,4G,55+,Eastern Cape,24,3,952.01,5,0.21,1,6.5938,10.0383,5.4669,4.6147133333333334,1.1269,4.0275,1.5751,0.5909,0.0011,7,0,0,6.2568
SUB1006705,2026-03-18,76,2,0,6.3976,0.956,0.0986,0.3028,0.2447,7.9997,631.61,0,Prepaid_Monthly,Tablet,4G,25-34,Gauteng,6,36,267.33,1,0.205,0,5.1256,3.4071,5.612114285714285,6.598269999999999,-0.4865142857142848,4.0991,0.6125,0.194,0.0631,18,0,0,5.9961
SUB1006841,2026-03-12,70,3,0,0.2441,0.2165,0.0116,0.163,0.0916,0.7268,49.63,0,Prepaid_Monthly,Mid_Range,5G,55+,KZN,6,12,180.17,4,0.202,0,0.5126,0.4921,0.8564999999999999,0.8441633333333333,-0.3439,0.1721,0.1527,0.115,0.0082,12,0,0,0.9844
SUB1001899,2026-02-01,31,6,1,29.4161,8.1443,0.0521,1.2565,0.3437,39.2127,3038.53,0,Postpaid_Unlimited,5G_Device,4G,18-24,Western Cape,12,12,936.28,2,0.135,0,63.1923,34.6464,40.72578571428571,37.66435,22.46651428571429,47.4048,13.1247,2.0249,0.084,1,1,0,50.7434
SUB1007402,2026-02-21,51,5,1,5.9613,0.2289,0.5704,1.0171,0.3137,8.0914,512.67,0,Postpaid_Basic,Premium_Smartphone,4G,25-34,Eastern Cape,6,18,387.27,1,0.195,1,5.1528,8.4701,4.498542857142858,5.305203333333334,0.6542571428571424,3.7963,0.1458,0.6477,0.3632,21,0,0,2.6543
SUB1005851,2026-01-27,26,1,0,1.2136,0.1152,0.0348,0.005,0.0485,1.4171,102.13,1,Prepaid_Monthly,Mid_Range,5G,45-54,Western Cape,3,60,160.84,1,0.079,1,5.4461,3.2113,3.2473428571428573,2.9113884615384618,2.198757142857143,4.6641,0.4426,0.0192,0.1336,27,0,0,2.6197
SUB1002768,2026-01-31,30,5,1,4.2646,0.3892,0.0101,1.9028,0.2207,6.7874,474.98,1,Postpaid_Basic,Premium_Smartphone,4G+,45-54,Western Cape,12,24,346.98,0,0.084,0,11.4564,5.0619,7.549942857142858,6.300563333333333,3.9064571428571426,7.1982,0.657,3.2118,0.017,31,0,1,5.1129
SUB1009628,2026-01-03,2,5,1,2.6004,0.8733,0.0025,0.6543,0.3565,4.487,308.82,0,Prepaid_Monthly,Premium_Smartphone,5G,55+,Eastern Cape,24,6,329.73,1,0.169,0,5.4248,2.7235,4.07415,4.07415,1.35065,3.1438,1.0559,0.791,0.0031,3,1,0,4.5266
SUB1003831,2026-01-16,15,4,0,0.7194,0.0705,0.0014,0.1867,0.0586,1.0367,69.42,1,Prepaid_Daily,Mid_Range,4G,35-44,Gauteng,6,6,209.95,3,0.675,1,2.0027,1.5546,2.0987999999999998,2.07216,-0.09609999999999985,1.3898,0.1363,0.3607,0.0027,16,0,0,1.9558
SUB1002568,2026-03-11,69,2,0,2.7971,3.6831,0.1732,2.1654,0.1388,8.9576,625.58,0,Postpaid_Unlimited,Tablet,4G,35-44,KZN,3,18,1047.35,3,0.112,0,5.9686,9.1949,9.682342857142856,9.243693333333335,-3.713742857142856,1.8637,2.4541,1.4428,0.1154,11,0,0,10.5808
SUB1002190,2026-02-25,55,2,0,6.7565,0.6013,0.0042,1.4476,0.136,8.9455,681.21,0,Postpaid_Premium,Premium_Smartphone,4G+,18-24,KZN,6,24,898.53,2,0.157,0,10.0398,13.2594,10.509557142857144,13.575106666666667,-0.4697571428571443,7.583,0.6748,1.6246,0.0047,25,0,0,13.4633
SUB1004851,2026-02-16,46,0,0,3.3807,2.7118,0.0242,0.294,0.255,6.6656,467.18,0,Postpaid_Premium,Premium_Smartphone,4G,35-44,Western Cape,24,18,1008.07,2,0.105,0,6.0437,2.7997,4.7334000000000005,4.940063333333333,1.3102999999999998,3.0653,2.4588,0.2665,0.0219,16,0,0,3.5175
SUB1006123,2026-01-25,24,6,1,11.3891,0.96,0.0442,1.1429,0.1103,13.6465,916.16,1,Prepaid_Daily,Mid_Range,4G,25-34,KZN,24,36,181.77,3,0.41,0,9.4431,15.5166,11.809328571428571,12.361120833333333,-2.3662285714285716,7.8811,0.6643,0.7909,0.0306,25,0,0,9.1945
SUB1001854,2026-03-01,59,6,1,0.2735,0.27,0.1013,0.0275,0.1056,0.7779,53.62,0,Prepaid_Monthly,Mid_Range,3G,45-54,Gauteng,12,3,246.9,0,0.252,0,1.4388,0.7056,0.9643857142857143,0.8088933333333335,0.4744142857142858,0.5058,0.4994,0.0508,0.1874,1,1,0,0.5827
SUB1002551,2026-01-31,30,5,1,6.2516,1.8293,0.0244,1.449,0.2475,9.8019,666.38,1,Prepaid_Monthly,Premium_Smartphone,4G,25-34,Gauteng,12,60,323.59,2,0.146,0,9.3139,6.2643,7.46052857142857,7.414313333333333,1.85337142857143,5.9403,1.7383,1.3769,0.0232,31,0,1,19.404
SUB1002173,2026-02-16,46,0,0,1.8487,0.07,0.1041,0.1,0.049,2.1718,162.67,0,Postpaid_Basic,Basic_Phone,4G,18-24,Gauteng,3,1,558.71,3,0.675,0,1.3254,2.0456,2.0166285714285714,2.298696666666667,-0.6912285714285715,1.1282,0.0427,0.061,0.0636,16,0,0,0.8539
SUB1004925,2026-02-15,45,6,1,2.3064,1.2401,0.0421,1.9948,0.2091,5.7925,413.07,0,Postpaid_Premium,5G_Device,3G,25-34,Western Cape,24,24,914.23,1,0.136,0,7.16,10.6554,7.864985714285715,7.986043333333333,-0.7049857142857148,2.8509,1.5329,2.4657,0.0521,15,0,0,9.6038
SUB1005775,2026-03-05,63,3,0,0.3571,2.1613,0.2001,8.8784,0.2589,11.8558,889.45,0,Postpaid_Premium,Premium_Smartphone,5G,18-24,Gauteng,12,6,921.61,3,0.354,0,9.2682,7.2172,8.952085714285714,9.60214,0.3161142857142867,0.2792,1.6896,6.9406,0.1564,5,0,0,9.5521
SUB1001752,2026-02-13,43,4,0,3.8285,2.5735,0.1216,0.0829,0.533,7.1395,476.27,0,Postpaid_Basic,5G_Device,4G,45-54,KZN,24,12,463.78,3,0.189,0,4.5674,4.2932,4.3336,4.376106666666667,0.23380000000000045,2.4492,1.6464,0.053,0.0778,13,0,0,5.5991
SUB1007767,2026-03-01,59,6,1,3.7652,4.4413,0.5617,0.5617,0.2171,9.547,699.84,0,Postpaid_Basic,Premium_Smartphone,5G,25-34,KZN,3,18,308.5,2,0.195,0,26.2263,17.8083,10.744685714285712,9.647179999999999,15.481614285714286,10.3433,12.2007,1.543,1.543,1,1,0,5.0766
SUB1000726,2026-02-03,33,1,0,8.9064,3.8618,0.0277,0.6329,0.0868,13.5157,962.26,0,Postpaid_Premium,Mid_Range,4G,18-24,Western Cape,12,1,962.07,1,0.315,0,15.1378,10.4331,13.432514285714287,15.64446,1.7052857142857132,9.9753,4.3253,0.7089,0.031,3,1,0,20.0468
SUB1002597,2026-01-21,20,2,0,10.6268,1.5289,0.018,0.657,0.3429,13.1736,904.29,0,Prepaid_Monthly,5G_Device,4G,25-34,Western Cape,1,48,160.01,4,0.219,0,9.1987,13.4386,11.575414285714286,12.299215,-2.376714285714286,7.4204,1.0676,0.4587,0.0126,21,0,0,12.4065
SUB1000072,2026-01-17,16,5,1,0.2656,0.4346,0.0591,0.9979,0.0985,1.8558,144.84,1,Prepaid_Monthly,Mid_Range,3G,45-54,Gauteng,24,18,221.87,3,0.236,0,2.0757,2.346,1.7101857142857142,1.65234375,0.3655142857142857,0.297,0.4861,1.1161,0.0661,17,0,0,3.5978
SUB1002230,2026-02-01,31,6,1,8.7525,0.7407,0.0195,1.1342,0.4253,11.0722,792.12,0,Postpaid_Basic,5G_Device,3G,25-34,Western Cape,3,6,501.65,7,0.878,1,8.0083,12.3028,7.9901857142857144,8.751536666666668,0.01811428571428575,6.3305,0.5357,0.8203,0.0141,1,1,0,8.5863
SUB1005949,2026-02-13,43,4,0,2.9393,1.2058,0.4671,6.3932,0.1514,11.1567,906.11,0,Postpaid_Premium,Mid_Range,4G,35-44,Gauteng,6,12,793.87,1,0.126,0,4.1534,3.7721,7.4622714285714284,7.033119999999999,-3.308871428571428,1.0942,0.4489,2.38,0.1739,13,0,0,9.0628
SUB1009983,2026-03-04,62,2,0,5.016,1.0634,0.0328,1.1347,0.247,7.4938,513.86,1,Postpaid_Basic,Premium_Smartphone,4G,35-44,Western Cape,24,48,351.9,1,0.075,0,4.6921,6.2336,5.0116000000000005,5.884383333333334,-0.31950000000000056,3.1406,0.6658,0.7105,0.0206,4,0,0,3.1512
SUB1001847,2026-02-27,57,4,0,1.5909,1.3369,0.1661,0.3888,0.1535,3.6363,247.95,0,Postpaid_Basic,Mid_Range,5G,35-44,Western Cape,24,3,575.23,2,0.3,1,1.7599,2.4083,2.1598,2.0959266666666667,-0.39990000000000014,0.77,0.6471,0.1882,0.0804,27,0,0,3.9449
SUB1000238,2026-02-02,32,0,0,1.5003,2.621,0.0481,0.5727,0.2195,4.9616,371.08,0,Prepaid_Monthly,5G_Device,4G,18-24,Eastern Cape,12,6,304.13,0,0.405,0,11.3396,3.3159,7.678228571428572,7.183756666666667,3.661371428571429,3.4288,5.9902,1.309,0.11,2,1,0,4.1616
SUB1003352,2026-01-19,18,0,0,8.2737,1.7752,0.0669,3.0297,0.1126,13.258,993.33,0,Postpaid_Premium,Mid_Range,3G,18-24,Gauteng,24,3,801.54,4,0.472,0,13.1088,23.565,14.024957142857144,13.693927777777779,-0.9161571428571431,8.1806,1.7552,2.9956,0.0662,19,0,0,8.2793
SUB1008479,2026-01-29,28,3,0,2.9079,0.3224,0.0149,0.0964,0.1578,3.4994,238.95,0,Prepaid_Daily,Premium_Smartphone,4G+,45-54,Eastern Cape,6,1,59.63,1,0.42,0,4.9143,3.8483,5.071928571428572,4.561839285714286,-0.1576285714285719,4.0837,0.4527,0.1354,0.0209,29,0,1,4.9947
SUB1007212,2026-01-17,16,5,1,2.304,1.0315,0.0383,1.1022,0.086,4.562,340.02,0,Postpaid_Basic,Mid_Range,5G,35-44,Gauteng,6,18,573.64,1,0.15,1,6.2693,3.6217,4.3064857142857145,5.32505625,1.9628142857142858,3.1663,1.4176,1.5147,0.0527,17,0,0,2.6208
SUB1000058,2026-01-18,17,6,1,50.5412,0.9177,0.247,1.7635,0.262,53.7314,3735.6,0,Postpaid_Premium,Premium_Smartphone,4G,18-24,Western Cape,12,36,604.09,3,0.165,0,70.9239,28.7216,36.105042857142855,38.35952352941177,34.81885714285715,66.7129,1.2113,2.3277,0.3261,18,0,0,16.9288
SUB1005860,2026-02-03,33,1,0,1.307,0.51,0.0109,0.3899,0.0751,2.2929,151.33,0,Prepaid_Monthly,Mid_Range,4G,35-44,KZN,24,24,278.63,7,0.675,1,1.8841,3.3518,3.163557142857143,3.0536733333333337,-1.2794571428571428,1.074,0.419,0.3204,0.009,3,1,0,4.2215
SUB1000274,2026-02-12,42,3,0,2.0378,0.3866,0.03,0.0793,0.1124,2.6462,185.26,1,Prepaid_Daily,5G_Device,4G,35-44,Gauteng,1,18,157.07,3,0.45,0,6.4938,2.826,6.718657142857142,7.3151,-0.2248571428571422,5.0008,0.9488,0.1946,0.0736,12,0,0,4.0849
SUB1002115,2026-02-20,50,4,0,0.7557,0.317,0.0598,0.0985,0.0779,1.309,87.85,0,Prepaid_Monthly,Mid_Range,4G+,55+,Gauteng,1,6,207.15,1,0.169,0,2.3335,1.722,2.1853142857142855,1.8355133333333333,0.14818571428571436,1.3472,0.5652,0.1756,0.1066,20,0,0,2.1739
SUB1001349,2026-01-18,17,6,1,4.6122,0.7884,0.0856,0.5747,0.0581,6.1191,449.47,1,Postpaid_Unlimited,Mid_Range,3G,18-24,Gauteng,24,60,1768.58,1,0.056,0,18.2324,7.1104,10.982442857142857,11.933164705882353,7.249957142857141,13.7426,2.3491,1.7124,0.2552,18,0,0,12.7326
SUB1003762,2026-01-23,22,4,0,6.1797,0.1734,0.0281,0.3301,0.1076,6.8189,503.0,0,Prepaid_Monthly,Premium_Smartphone,4G,18-24,Gauteng,24,3,273.15,1,0.675,0,14.1865,9.7502,14.537614285714286,13.068036363636365,-0.35111428571428505,12.8567,0.3607,0.6867,0.0584,23,0,0,11.3046
SUB1005228,2026-01-31,30,5,1,2.5576,2.9281,0.1012,1.1008,0.4796,7.1673,509.06,0,Prepaid_Daily,5G_Device,4G+,18-24,Western Cape,1,3,57.83,2,0.9,1,7.1332,4.4447,5.722757142857142,5.003916666666667,1.4104428571428587,2.5455,2.9141,1.0956,0.1007,31,0,1,6.5128
SUB1009663,2026-03-29,87,6,1,3.4634,0.1529,0.001,0.038,0.0883,3.7436,253.09,0,Postpaid_Basic,Mid_Range,3G,45-54,Gauteng,24,24,352.87,1,0.105,0,5.4647,5.3685,3.734257142857143,3.7972400000000004,1.7304428571428567,5.0558,0.2232,0.0555,0.0014,29,0,1,5.5555
SUB1005208,2026-01-09,8,4,0,13.2072,0.7385,0.0863,0.3744,0.4486,14.855,982.2,0,Prepaid_Monthly,5G_Device,5G,18-24,Gauteng,6,18,362.6,2,0.337,1,8.2875,11.7867,12.143028571428571,11.8786125,-3.8555285714285716,7.3682,0.412,0.2089,0.0481,9,0,0,14.0241
SUB1002100,2026-03-16,74,0,0,5.7027,0.3635,0.1166,1.2235,0.3983,7.8047,547.35,0,Prepaid_Daily,5G_Device,4G,35-44,Eastern Cape,12,24,134.32,3,0.45,0,9.2313,3.7406,7.966871428571429,7.859653333333332,1.26442857142857,6.7451,0.43,1.4472,0.1379,16,0,0,6.8886
SUB1008770,2026-01-26,25,0,0,0.4224,0.5256,0.0401,0.7739,0.0869,1.8489,138.82,0,Postpaid_Basic,Mid_Range,4G,18-24,Gauteng,12,12,541.49,4,0.405,0,1.8401,1.7508,2.0037857142857143,2.068136,-0.1636857142857142,0.4204,0.5231,0.7702,0.0399,26,0,0,2.0599
SUB1005000,2026-01-18,17,6,1,4.0311,4.5866,0.0024,0.0132,0.3274,8.9607,659.68,0,Prepaid_Monthly,Tablet,3G,18-24,KZN,12,3,234.93,2,0.675,1,6.5595,5.9588,5.091142857142857,4.615376470588235,1.4683571428571431,2.9509,3.3575,0.0097,0.0017,18,0,0,5.869
SUB1007967,2026-01-09,8,4,0,0.9056,0.6155,0.0148,0.3349,0.0684,1.9391,146.55,0,Postpaid_Basic,Mid_Range,3G,25-34,Gauteng,3,6,332.78,1,0.158,0,6.2846,2.7418,3.2670142857142856,3.2267125,3.0175857142857145,2.9349,1.9947,1.0854,0.048,9,0,0,2.2754
SUB1005121,2026-02-08,38,6,1,4.6841,0.655,0.0724,1.2094,0.2082,6.8291,495.34,1,Postpaid_Basic,5G_Device,4G+,25-34,Eastern Cape,24,12,384.16,1,0.234,0,21.0248,11.82,11.083814285714286,10.484129999999999,9.940985714285713,14.4211,2.0166,3.7234,0.2229,8,0,0,9.6864
SUB1007485,2026-03-03,61,1,0,0.1216,0.4478,0.1006,0.3988,0.2584,1.3271,75.15,0,Prepaid_Daily,5G_Device,4G,45-54,Gauteng,1,3,119.24,4,0.63,0,1.7522,1.0926,1.251742857142857,1.6487566666666666,0.5004571428571429,0.1605,0.5913,0.5265,0.1328,3,1,0,1.9263
SUB1005410,2026-02-26,56,3,0,2.0755,2.3172,0.0096,2.0956,0.0863,6.5842,457.13,0,Postpaid_Unlimited,Mid_Range,5G,25-34,Gauteng,1,24,1204.16,5,0.195,0,8.6721,9.5321,8.6715,8.25295,0.000600000000000378,2.7336,3.052,2.7602,0.0127,26,0,0,7.4186
SUB1008460,2026-01-26,25,0,0,1.1816,0.039,0.0413,0.0384,0.1557,1.456,89.93,0,Prepaid_Monthly,Premium_Smartphone,4G,55+,KZN,12,12,305.23,3,0.202,0,1.0708,1.7151,1.4639285714285712,1.634324,-0.39312857142857127,0.869,0.0287,0.0283,0.0303,26,0,0,1.8449
SUB1001635,2026-01-13,12,1,0,1.8781,1.1367,0.0347,0.3748,0.1085,3.5327,266.69,0,Postpaid_Basic,Mid_Range,4G,25-34,Gauteng,12,6,534.74,3,0.439,0,2.3867,3.0268,3.370414285714286,3.889658333333333,-0.983714285714286,1.2688,0.7679,0.2532,0.0234,13,0,0,3.5433
SUB1009044,2026-02-17,47,1,0,0.4766,1.1893,0.1252,0.0348,0.0734,1.8992,140.16,0,Prepaid_Monthly,Mid_Range,5G,25-34,Gauteng,6,12,168.75,3,0.526,0,2.1386,5.6852,3.300842857142857,2.6563866666666667,-1.1622428571428571,0.5366,1.3393,0.0391,0.141,17,0,0,3.1455
SUB1007970,2026-02-01,31,6,1,1.415,0.6875,0.0228,0.007,0.0501,2.1823,144.79,1,Postpaid_Premium,Mid_Range,4G+,35-44,KZN,12,6,729.99,0,0.126,0,6.9266,3.3274,4.2459428571428575,4.234866666666666,2.680657142857142,4.4911,2.1821,0.0222,0.0722,1,1,0,3.7822
SUB1005149,2026-03-06,64,4,0,4.885,0.3593,0.0591,1.6086,0.084,6.9959,538.62,0,Postpaid_Unlimited,Mid_Range,5G,25-34,Gauteng,3,12,1350.24,2,0.117,0,7.0351,15.5275,8.020999999999999,8.116660000000001,-0.9858999999999991,4.9123,0.3613,1.6176,0.0594,6,0,0,7.6555
SUB1003251,2026-02-09,39,0,0,0.9634,0.2474,0.185,0.0423,0.1593,1.5975,100.65,0,Prepaid_Daily,Tablet,4G,35-44,Western Cape,24,24,98.55,3,0.45,0,1.2675,1.3318,2.0008142857142857,1.597613333333333,-0.7333142857142856,0.7644,0.1963,0.0336,0.1468,9,0,0,0.8349
SUB1007884,2026-01-17,16,5,1,13.5385,1.4735,0.1067,0.4319,0.2553,15.806,1164.03,0,Prepaid_Monthly,Premium_Smartphone,5G,18-24,KZN,6,36,284.53,1,0.236,0,11.5175,7.8656,10.731528571428571,11.8398,0.785971428571429,9.8652,1.0737,0.3147,0.0778,17,0,0,17.1196
SUB1007297,2026-01-02,1,4,0,0.4846,0.1697,0.0119,0.2515,0.0467,0.9645,67.88,0,Prepaid_Monthly,Basic_Phone,4G,18-24,Eastern Cape,12,12,325.44,3,0.607,0,0.9569,0.9569,0.9569,0.9569,0.0,0.4808,0.1684,0.2495,0.0119,2,1,0,1.8013
SUB1004256,2026-02-12,42,3,0,0.9897,0.6599,0.0527,0.207,0.0738,1.9832,133.96,0,Prepaid_Daily,Mid_Range,4G,18-24,Western Cape,24,18,205.62,2,0.45,0,2.7532,2.3101,2.586528571428571,2.7836,0.16667142857142903,1.374,0.9161,0.2874,0.0732,12,0,0,1.3966
SUB1005488,2026-01-26,25,0,0,2.7005,0.7622,0.1022,0.6378,0.1158,4.3185,303.11,0,Prepaid_Monthly,Mid_Range,3G,25-34,KZN,12,6,225.52,1,0.439,0,3.656,2.4922,3.361614285714286,3.608304,0.29438571428571425,2.2862,0.6453,0.54,0.0865,26,0,0,2.2829
SUB1006153,2026-03-08,66,6,1,0.4917,2.2155,0.0609,2.3127,0.5291,5.6099,404.4,0,Postpaid_Basic,5G_Device,4G,25-34,KZN,12,24,466.59,1,0.195,0,2.3873,5.536,3.3677714285714293,3.4563133333333336,-0.9804714285714291,0.2092,0.9428,0.9842,0.0259,8,0,0,2.8383
SUB1007103,2026-01-17,16,5,1,0.7053,1.2738,0.2019,0.2631,0.1598,2.6039,175.49,1,Postpaid_Unlimited,5G_Device,4G,18-24,Gauteng,6,48,1470.42,2,0.056,0,4.395,6.3554,4.807957142857142,5.0702875,-0.4129571428571426,1.1905,2.1499,0.4441,0.3407,17,0,0,5.5235
SUB1005048,2026-03-22,80,6,1,5.7531,0.6867,0.1991,2.2229,0.196,9.0578,668.44,1,Postpaid_Premium,5G_Device,4G+,18-24,Gauteng,12,24,772.61,3,0.236,0,29.7906,15.2478,14.553371428571428,12.985636666666666,15.237228571428574,18.9216,2.2585,7.311,0.6549,22,0,0,13.963
SUB1007179,2026-02-28,58,5,1,3.321,0.2605,0.0485,0.7729,0.0864,4.4893,291.23,1,Prepaid_Daily,Mid_Range,4G,25-34,KZN,24,12,67.59,4,0.702,0,4.3688,8.9022,6.751971428571429,5.9475766666666665,-2.383171428571429,3.2319,0.2535,0.7521,0.0472,28,0,1,5.6858
SUB1009514,2026-03-07,65,5,1,0.7073,0.229,0.0206,0.1278,0.0964,1.181,80.63,0,Prepaid_Monthly,Basic_Phone,3G,18-24,Gauteng,12,48,229.23,3,0.253,0,0.8045,0.8083,0.8534285714285714,0.8040033333333334,-0.04892857142857143,0.4818,0.156,0.087,0.014,7,0,0,0.9188
SUB1004396,2026-01-12,11,0,0,5.4787,3.013,0.0838,0.9214,0.0896,9.5866,735.6,0,Postpaid_Premium,Mid_Range,5G,18-24,Eastern Cape,24,18,1050.15,5,0.315,0,13.0582,13.1339,10.000942857142856,10.721972727272727,3.057257142857143,7.4627,4.1042,1.2551,0.1141,12,0,0,9.7347
SUB1009229,2026-01-13,12,1,0,1.0127,1.056,0.0904,0.7443,0.2147,3.1181,222.19,0,Prepaid_Daily,Premium_Smartphone,4G,25-34,Eastern Cape,24,18,120.88,0,0.312,1,2.0878,2.7279,2.272642857142857,2.94535,-0.18484285714285686,0.6781,0.707,0.4984,0.0605,13,0,0,2.486
SUB1003109,2026-02-10,40,1,0,0.3681,0.0064,0.0021,0.0356,0.0529,0.4651,29.89,0,Prepaid_Daily,Basic_Phone,3G,55+,Gauteng,12,6,86.96,1,0.225,0,0.2302,0.4439,0.4966428571428571,0.4603433333333333,-0.2664428571428571,0.1822,0.0032,0.0176,0.001,10,0,0,0.4987
SUB1005483,2026-01-02,1,4,0,0.4758,0.557,0.0003,0.412,0.0458,1.4908,103.83,0,Prepaid_Daily,Basic_Phone,5G,25-34,KZN,3,6,56.35,1,0.585,1,1.5439,1.5439,1.5439,1.5439,0.0,0.4927,0.5768,0.4267,0.0003,2,1,0,1.58
SUB1003166,2026-03-12,70,3,0,2.2464,0.8397,0.0045,0.4283,0.098,3.6169,234.85,0,Prepaid_Daily,Mid_Range,4G,18-24,Gauteng,3,24,89.66,2,0.45,0,3.6971,2.4905,4.466,4.420556666666666,-0.7689000000000004,2.2962,0.8583,0.4378,0.0046,12,0,0,5.5585
SUB1004888,2026-03-14,72,5,1,5.0801,0.536,0.1282,4.7675,0.2015,10.7133,824.6,0,Postpaid_Unlimited,Mid_Range,4G+,25-34,Western Cape,12,18,1039.11,1,0.098,1,4.6846,2.4661,4.596171428571428,5.24677,0.08842857142857152,2.2214,0.2344,2.0847,0.0561,14,0,0,3.0643
SUB1005489,2026-02-24,54,1,0,6.9185,1.2035,0.2279,1.9124,0.2922,10.5545,747.51,0,Postpaid_Unlimited,Premium_Smartphone,4G,35-44,KZN,24,3,1045.5,3,0.225,0,5.4187,8.8528,6.676171428571428,7.476776666666667,-1.257471428571428,3.552,0.6179,0.9818,0.117,24,0,0,2.2392
SUB1007528,2026-02-05,35,3,0,1.089,0.2182,0.0377,0.0816,0.0249,1.4514,97.75,1,Prepaid_Monthly,Basic_Phone,5G,25-34,KZN,12,24,241.71,3,0.439,1,3.885,2.4014,3.3945857142857143,3.024376666666667,0.49041428571428547,2.9149,0.5841,0.2184,0.1009,5,0,0,2.9897
SUB1009330,2026-01-19,18,0,0,1.2003,3.3577,0.0009,0.9933,0.1219,5.674,398.53,0,Postpaid_Premium,Mid_Range,4G,35-44,Western Cape,6,1,1037.46,1,0.21,0,6.5637,5.5312,6.183757142857142,4.995716666666667,0.3799428571428578,1.3885,3.8842,1.149,0.001,19,0,0,5.4232
SUB1003075,2026-03-18,76,2,0,1.5886,0.6229,0.0693,0.2686,0.1128,2.6622,178.5,1,Postpaid_Unlimited,Tablet,5G,55+,Gauteng,24,3,1219.45,2,0.075,0,3.8518,1.9814,3.5698,3.264703333333333,0.28200000000000003,2.2984,0.9013,0.3886,0.1003,18,0,0,2.5074
SUB1002856,2026-02-27,57,4,0,5.1204,0.8925,0.0017,0.1931,0.1712,6.3789,415.83,0,Prepaid_Daily,Mid_Range,5G,35-44,KZN,1,1,241.93,2,0.6,0,1.7375,3.4051,5.0516,4.89001,-3.3141,1.3947,0.2431,0.0526,0.0005,27,0,0,6.5186
SUB1004207,2026-03-02,60,0,0,12.7887,0.4865,0.0664,3.262,0.4109,17.0145,1111.48,0,Postpaid_Unlimited,5G_Device,4G,18-24,Western Cape,3,12,1454.02,1,0.135,0,8.4585,20.3531,9.803114285714285,11.76238,-1.3446142857142842,6.3577,0.2419,1.6216,0.033,2,1,0,10.5738
SUB1008113,2026-02-10,40,1,0,1.069,0.4932,0.0323,0.1398,0.0816,1.816,123.13,1,Prepaid_Monthly,Premium_Smartphone,4G+,35-44,Eastern Cape,12,48,210.89,2,0.112,0,2.9791,3.1581,4.483742857142857,4.531350000000001,-1.5046428571428567,1.7538,0.8092,0.2294,0.0529,10,0,0,4.2219
SUB1009205,2026-03-29,87,6,1,7.5735,2.3216,0.0182,0.0127,0.1583,10.0843,676.82,0,Postpaid_Premium,Mid_Range,4G,45-54,Western Cape,24,12,863.23,2,0.088,0,6.7803,9.8431,8.396757142857142,6.9370666666666665,-1.6164571428571417,5.0922,1.561,0.0085,0.0122,29,0,1,3.6692
SUB1004860,2026-02-17,47,1,0,0.7141,0.6317,0.4426,1.3333,0.1997,3.3214,256.96,0,Prepaid_Monthly,Premium_Smartphone,3G,25-34,Western Cape,12,24,186.18,1,0.292,0,4.8003,3.2043,4.330285714285714,3.620523333333333,0.47001428571428594,1.0321,0.913,1.9269,0.6396,17,0,0,3.6773
SUB1007382,2026-01-09,8,4,0,0.4827,0.0457,0.0648,0.9107,0.1504,1.6542,119.1,1,Postpaid_Unlimited,Premium_Smartphone,4G,55+,Western Cape,6,24,1204.87,4,0.056,0,3.6953,2.4356,2.757614285714286,2.641425,0.9376857142857142,1.0783,0.1021,2.0344,0.1447,9,0,0,1.8203
SUB1002622,2026-01-23,22,4,0,1.8059,4.6037,0.2859,0.6363,0.1324,7.4642,571.01,0,Postpaid_Premium,Mid_Range,4G,18-24,KZN,12,18,972.59,1,0.157,0,2.3172,6.1421,5.144985714285714,5.278172727272727,-2.827785714285714,0.5606,1.4292,0.1975,0.0887,23,0,0,3.1511
SUB1000879,2026-03-14,72,5,1,0.3451,0.5051,0.0089,0.4208,0.0966,1.3765,90.15,1,Postpaid_Premium,Mid_Range,4G,35-44,Gauteng,1,6,802.66,5,0.315,0,1.0784,2.5927,1.6080714285714284,1.37107,-0.5296714285714283,0.2704,0.3957,0.3296,0.007,14,0,0,1.0116
SUB1009239,2026-02-01,31,6,1,4.9254,0.4424,0.0353,0.0465,0.1939,5.6435,394.89,0,Postpaid_Basic,Premium_Smartphone,4G+,55+,KZN,1,12,543.31,6,0.18,0,10.458,4.0249,6.444071428571427,5.988313333333334,4.013928571428573,9.1272,0.8199,0.0861,0.0654,1,1,0,4.7575
SUB1004721,2026-01-26,25,0,0,4.7662,0.5443,0.0728,1.1957,0.0745,6.6535,451.18,0,Prepaid_Monthly,Mid_Range,5G,25-34,Eastern Cape,6,3,303.86,2,0.585,0,12.8379,4.4334,10.43942857142857,9.366464,2.3984714285714297,9.1963,1.0502,2.3072,0.1405,26,0,0,9.2468
SUB1003563,2026-03-12,70,3,0,2.8742,0.7038,0.0437,0.0676,0.0698,3.7591,280.03,0,Prepaid_Monthly,Basic_Phone,4G,18-24,Eastern Cape,24,18,257.12,1,0.337,0,1.3886,3.6048,2.9136999999999995,3.3686866666666666,-1.5250999999999995,1.0617,0.26,0.025,0.0161,12,0,0,3.4057
SUB1001501,2026-03-04,62,2,0,0.8716,0.667,0.0232,0.0885,0.1078,1.7582,115.6,0,Postpaid_Basic,Mid_Range,5G,55+,Gauteng,12,18,555.8,3,0.112,0,0.7333,2.7707,1.6493,1.6905433333333333,-0.916,0.3635,0.2782,0.0369,0.0097,4,0,0,2.1126
SUB1009136,2026-02-03,33,1,0,10.6386,0.796,0.2076,0.767,0.0939,12.503,871.15,0,Postpaid_Unlimited,Mid_Range,4G,25-34,KZN,6,24,1116.79,0,0.078,0,11.0005,12.4138,12.759271428571429,13.677140000000001,-1.7587714285714284,9.3601,0.7003,0.6748,0.1827,3,1,0,10.2255
SUB1002551,2026-02-05,35,3,0,5.281,1.5453,0.0206,1.2241,0.2091,8.2802,594.81,0,Prepaid_Monthly,Premium_Smartphone,4G,25-34,Gauteng,12,60,323.59,2,0.146,0,3.4638,5.0053,8.78352857142857,7.9216766666666665,-5.319728571428571,2.2092,0.6465,0.5121,0.0086,5,0,0,5.547
SUB1009700,2026-01-11,10,6,1,10.9223,2.1525,0.2442,0.2187,0.3684,13.9061,993.69,0,Prepaid_Daily,5G_Device,5G,18-24,Western Cape,1,12,92.31,2,0.54,1,8.1389,12.7689,11.0043,12.22359,-2.865400000000001,6.3925,1.2598,0.128,0.1429,11,0,0,16.6566
SUB1000919,2026-01-24,23,5,1,2.9334,1.1287,0.06,0.0688,0.2061,4.397,321.48,0,Prepaid_Daily,Mid_Range,4G+,35-44,Western Cape,6,6,75.36,3,0.675,1,1.2876,2.2703,1.7395999999999998,2.073265217391304,-0.45199999999999974,0.859,0.3305,0.0202,0.0176,24,0,0,3.2697
SUB1003313,2026-03-19,77,3,0,4.2749,0.1668,0.007,0.4683,0.0938,5.0108,351.73,0,Postpaid_Premium,Premium_Smartphone,4G,35-44,Eastern Cape,12,1,894.85,2,0.21,0,6.2572,8.8682,11.439285714285715,10.194183333333335,-5.182085714285715,5.3382,0.2083,0.5848,0.0087,19,0,0,5.5826
SUB1002019,2026-02-15,45,6,1,0.1101,0.3434,0.0341,0.0455,0.1156,0.6486,36.77,1,Prepaid_Monthly,Premium_Smartphone,4G+,25-34,Gauteng,6,18,188.09,3,0.439,1,1.3952,2.2273,1.230357142857143,1.0743133333333332,0.16484285714285707,0.2367,0.7386,0.098,0.0733,15,0,0,2.2248
SUB1002650,2026-02-18,48,2,0,1.9941,0.849,0.0307,0.1292,0.4031,3.4061,217.67,0,Prepaid_Daily,5G_Device,4G,55+,Gauteng,1,24,111.4,3,0.225,0,1.7564,1.4205,2.619185714285714,2.5467400000000002,-0.862785714285714,1.0283,0.4378,0.0666,0.0158,18,0,0,3.2707
SUB1003194,2026-01-03,2,5,1,4.7106,1.367,0.034,0.2576,0.1272,6.4964,469.13,1,Prepaid_Monthly,Mid_Range,4G+,35-44,Eastern Cape,12,18,274.69,1,0.225,1,4.5197,7.1564,5.83805,5.83805,-1.3183499999999997,3.2773,0.9511,0.1792,0.0236,3,1,0,8.3352
SUB1005686,2026-02-03,33,1,0,9.6019,1.1285,0.1801,3.9177,0.2622,15.0902,1123.85,0,Postpaid_Unlimited,5G_Device,4G,18-24,KZN,12,48,1225.58,0,0.045,0,10.1746,18.3025,19.26754285714286,17.32751,-9.09294285714286,6.4741,0.7609,2.6415,0.1214,3,1,0,15.3652
SUB1005027,2026-03-23,81,0,0,6.0462,0.6168,0.0859,0.5718,0.3325,7.6532,527.55,0,Postpaid_Basic,5G_Device,4G+,25-34,Western Cape,3,60,569.53,4,0.146,0,3.2891,3.2597,6.2699428571428575,6.670453333333333,-2.9808428571428576,2.5985,0.2651,0.2457,0.0369,23,0,0,5.9854
SUB1002450,2026-03-07,65,5,1,4.2144,0.2948,0.0853,0.8516,0.1306,5.5767,413.7,0,Prepaid_Monthly,Mid_Range,4G,35-44,Western Cape,12,24,375.98,1,0.225,0,3.275,5.679,4.983614285714286,4.780646666666667,-1.7086142857142863,2.475,0.1731,0.5001,0.0501,7,0,0,6.0049
SUB1008884,2026-03-21,79,5,1,1.8765,2.5379,0.186,0.3592,0.1817,5.1414,347.16,0,Prepaid_Monthly,Mid_Range,4G+,25-34,Gauteng,3,18,340.82,2,0.292,0,2.8851,6.1197,3.262285714285714,3.5654966666666668,-0.377185714285714,1.053,1.4242,0.2016,0.1044,21,0,0,3.0789
SUB1001060,2026-01-17,16,5,1,2.4957,1.1035,0.0408,0.3672,0.2472,4.2544,295.49,0,Prepaid_Monthly,5G_Device,5G,55+,Gauteng,12,6,334.83,4,0.253,0,10.3177,5.9237,5.392428571428572,5.45170625,4.9252714285714285,6.0524,2.6762,0.8906,0.099,17,0,0,6.0576
SUB1001120,2026-03-30,88,0,0,0.1987,0.4703,0.009,0.0086,0.035,0.7217,53.05,0,Postpaid_Unlimited,Basic_Phone,3G,35-44,Western Cape,3,48,1759.05,1,0.038,0,1.3042,0.7742,1.2090714285714286,0.9999233333333333,0.09512857142857145,0.3591,0.8499,0.0156,0.0163,30,0,1,0.7991
SUB1000997,2026-01-21,20,2,0,11.6691,2.2169,0.023,3.0623,0.1528,17.1241,1268.31,0,Postpaid_Premium,5G_Device,4G,18-24,Gauteng,1,12,1003.19,1,0.189,0,39.0132,18.2967,35.81292857142857,31.146245,3.200271428571426,26.5852,5.0506,6.9767,0.0525,21,0,0,36.0472
SUB1001656,2026-02-12,42,3,0,1.4514,0.6869,0.0013,0.0218,0.0704,2.2318,151.35,0,Prepaid_Monthly,Mid_Range,3G,18-24,Eastern Cape,12,60,372.32,2,0.169,0,2.8598,2.9057,3.6633285714285715,3.3904966666666665,-0.8035285714285716,1.8598,0.8801,0.028,0.0017,12,0,0,2.9486
SUB1007357,2026-01-22,21,3,0,0.2857,3.5314,0.223,3.0024,0.2329,7.2755,534.82,1,Postpaid_Basic,5G_Device,4G,18-24,KZN,6,6,416.37,3,0.506,0,13.5887,5.7356,8.622071428571427,9.920895238095238,4.966628571428572,0.5336,6.5958,5.6077,0.4166,22,0,0,11.3445
SUB1001143,2026-03-18,76,2,0,0.2228,0.0513,0.0252,0.3397,0.0634,0.7024,46.16,0,Prepaid_Daily,Mid_Range,3G,45-54,Gauteng,24,3,148.61,3,0.63,1,0.5851,0.7903,1.1135857142857144,1.18849,-0.5284857142857144,0.1856,0.0427,0.283,0.021,18,0,0,1.4293
SUB1007357,2026-03-25,83,2,0,0.287,3.5474,0.2241,3.016,0.2339,7.3083,510.4,0,Postpaid_Basic,5G_Device,4G,18-24,KZN,6,6,416.37,3,0.506,0,7.6482,7.6634,8.399871428571428,9.310343333333332,-0.7516714285714281,0.3003,3.7123,3.1562,0.2345,25,0,0,7.7311
SUB1003427,2026-02-20,50,4,0,0.265,0.3326,0.0456,0.0079,0.0653,0.7165,47.82,0,Postpaid_Basic,Basic_Phone,5G,45-54,Western Cape,12,24,553.71,1,0.105,0,0.4191,0.6234,0.5172857142857142,0.58861,-0.09818571428571427,0.155,0.1946,0.0046,0.0267,20,0,0,0.5977
SUB1008915,2026-01-18,17,6,1,6.1708,1.2707,0.029,2.1851,0.1837,9.8392,733.66,0,Prepaid_Daily,Mid_Range,4G,25-34,Gauteng,24,18,207.82,1,0.39,1,4.9407,3.5702,5.9457,5.743911764705882,-1.0050000000000008,3.0986,0.6381,1.0972,0.0145,18,0,0,6.4702
SUB1007321,2026-03-29,87,6,1,0.802,1.1688,0.1555,0.7413,0.1115,2.9791,216.73,1,Postpaid_Premium,Premium_Smartphone,3G,25-34,Gauteng,3,1,944.84,4,0.472,0,4.3825,9.6627,6.864214285714286,5.717849999999999,-2.4817142857142853,1.1798,1.7194,1.0905,0.2288,29,0,1,4.2914
SUB1005900,2026-02-13,43,4,0,2.0271,0.8903,0.0124,0.7149,0.1949,3.8396,294.93,0,Prepaid_Daily,Premium_Smartphone,4G,45-54,Gauteng,6,24,62.58,1,0.21,1,4.9157,6.872,4.3376,4.34054,0.5781000000000001,2.5953,1.1398,0.9152,0.0159,13,0,0,6.312
SUB1005907,2026-03-09,67,0,0,0.5024,0.4813,0.0286,0.0572,0.0822,1.1517,74.64,0,Prepaid_Daily,Mid_Range,5G,35-44,KZN,6,18,116.1,3,0.45,0,1.3012,1.4837,1.8049142857142857,1.6171033333333333,-0.5037142857142858,0.5676,0.5438,0.0646,0.0323,9,0,0,1.3483
SUB1004941,2026-03-14,72,5,1,2.0942,1.4913,0.0296,0.3784,0.2638,4.2572,288.04,0,Postpaid_Unlimited,Premium_Smartphone,4G,18-24,Gauteng,6,24,1652.36,0,0.09,0,2.3487,4.1001,2.7668285714285714,2.9745166666666667,-0.4181285714285714,1.1553,0.8227,0.2087,0.0163,14,0,0,5.3426
SUB1008740,2026-01-19,18,0,0,2.9372,1.1012,0.0213,2.9306,0.0996,7.0899,474.52,0,Postpaid_Premium,Premium_Smartphone,3G,18-24,Western Cape,24,6,845.29,2,0.236,1,14.0213,14.9656,13.47707142857143,14.09381111111111,0.5442285714285706,5.8086,2.1778,5.7957,0.0422,19,0,0,12.8335
SUB1007521,2026-03-12,70,3,0,4.9362,0.4192,0.065,0.0876,0.0654,5.5735,418.65,0,Postpaid_Basic,Mid_Range,5G,25-34,Western Cape,12,3,466.07,2,0.39,0,5.4149,4.6517,8.324528571428571,9.00955,-2.909628571428571,4.7958,0.4073,0.0851,0.0631,12,0,0,6.689
SUB1008178,2026-01-28,27,2,0,5.2563,0.7824,0.0455,0.5605,0.0393,6.684,491.33,1,Postpaid_Premium,Mid_Range,5G,25-34,KZN,3,3,663.75,2,0.273,0,13.3232,11.7755,17.627542857142856,17.313814814814815,-4.304342857142856,10.4774,1.5596,1.1172,0.0906,28,0,1,17.4209
SUB1001227,2026-01-02,1,4,0,0.7453,0.4138,0.0297,0.9057,0.0498,2.1442,152.22,1,Postpaid_Premium,Mid_Range,3G,25-34,Gauteng,24,48,962.15,3,0.102,0,5.632,5.632,5.632,5.632,0.0,1.9575,1.0868,2.379,0.078,2,1,0,4.2888
SUB1005556,2026-03-16,74,0,0,19.1169,2.6602,0.0461,0.2747,0.1899,22.2878,1539.68,0,Postpaid_Unlimited,Premium_Smartphone,4G+,25-34,Western Cape,1,60,1580.87,0,0.039,0,36.8513,20.6932,23.169485714285713,24.497076666666665,13.681814285714289,31.6083,4.3985,0.4542,0.0762,16,0,0,13.6398
SUB1007222,2026-02-01,31,6,1,4.6292,6.2291,0.157,2.0366,0.2968,13.3488,989.01,0,Prepaid_Monthly,Premium_Smartphone,5G,25-34,KZN,3,6,210.41,2,0.439,0,16.9873,15.7761,10.19017142857143,9.546079999999998,6.797128571428571,5.891,7.9271,2.5918,0.1997,1,1,0,12.4172
SUB1001450,2026-02-28,58,5,1,1.8422,1.9898,0.029,0.3902,0.1739,4.4251,329.72,0,Postpaid_Premium,Mid_Range,5G,45-54,Western Cape,3,60,670.91,3,0.055,0,1.1093,4.9029,2.5777714285714284,2.7389266666666665,-1.4684714285714284,0.4618,0.4988,0.0978,0.0073,28,0,1,1.6487
SUB1004875,2026-01-14,13,2,0,1.0557,1.4765,0.0189,8.1346,0.2536,10.9393,819.89,1,Postpaid_Premium,5G_Device,4G,35-44,Gauteng,6,6,945.73,4,0.236,0,11.2917,14.8865,12.819500000000001,11.930692307692308,-1.527800000000001,1.0897,1.5241,8.3966,0.0195,14,0,0,14.1168
SUB1001100,2026-02-16,46,0,0,7.7933,1.5831,0.6622,1.5446,0.1341,11.7173,854.22,0,Postpaid_Unlimited,Mid_Range,4G+,18-24,Western Cape,1,12,1609.0,4,0.202,0,10.4833,9.9984,9.3095,9.00655,1.1738,6.9725,1.4164,1.3819,0.5925,16,0,0,10.5803
SUB1008819,2026-02-22,52,6,1,5.6176,0.3754,0.0106,1.0158,0.1033,7.1227,507.42,1,Postpaid_Premium,Tablet,4G,45-54,Gauteng,24,12,847.83,1,0.088,0,15.1546,18.1966,11.85527142857143,11.15455,3.299328571428571,11.9522,0.7987,2.1613,0.0226,22,0,0,9.0426
SUB1007554,2026-03-29,87,6,1,0.7187,2.2511,0.1019,1.043,0.169,4.2836,338.6,0,Prepaid_Daily,Mid_Range,5G,35-44,Western Cape,6,18,144.51,0,0.24,0,4.7568,2.9108,3.0625142857142857,3.18058,1.6942857142857144,0.7981,2.4997,1.1582,0.1131,29,0,1,3.2146
SUB1009953,2026-02-28,58,5,1,2.1678,1.4314,0.3255,0.6605,0.4928,5.078,325.95,0,Postpaid_Unlimited,5G_Device,5G,25-34,Gauteng,24,3,1626.84,2,0.195,0,2.6039,5.7315,3.0583428571428573,2.9587266666666667,-0.45444285714285737,1.1116,0.734,0.3387,0.1669,28,0,1,1.5975
SUB1007874,2026-02-15,45,6,1,2.789,0.9363,0.0508,0.6737,0.1134,4.5633,332.68,0,Prepaid_Daily,Mid_Range,4G+,25-34,KZN,3,6,152.79,0,0.468,0,4.2822,7.6672,3.9175428571428568,3.9506266666666665,0.3646571428571428,2.6172,0.8786,0.6322,0.0477,15,0,0,9.6287
SUB1002641,2026-02-09,39,0,0,1.8361,0.1593,0.0832,0.312,0.0813,2.472,185.48,0,Postpaid_Basic,Mid_Range,4G+,45-54,KZN,1,48,476.73,4,0.079,0,2.0227,2.2537,2.8939857142857144,3.34098,-0.8712857142857144,1.5024,0.1303,0.2553,0.0681,9,0,0,1.7869
SUB1007419,2026-03-14,72,5,1,6.6781,0.9992,0.164,0.8747,0.1795,8.8954,625.37,0,Postpaid_Basic,Mid_Range,5G,18-24,Eastern Cape,6,48,583.2,5,0.225,0,4.2054,9.5638,5.628614285714286,5.48532,-1.4232142857142858,3.1571,0.4724,0.4135,0.0775,14,0,0,6.5453
SUB1004065,2026-03-10,68,1,0,1.2672,0.0407,0.0029,0.2374,0.1793,1.7276,111.78,0,Postpaid_Basic,Premium_Smartphone,3G,45-54,KZN,6,1,384.45,1,0.21,0,1.2423,1.2845,1.6079714285714284,1.8568,-0.3656714285714284,0.9112,0.0293,0.1707,0.0021,10,0,0,2.1036
SUB1001331,2026-02-10,40,1,0,2.6719,0.8128,0.0505,0.5785,0.0434,4.1571,308.21,0,Postpaid_Unlimited,Basic_Phone,5G,25-34,Eastern Cape,1,6,963.7,2,0.146,0,5.3266,4.1303,4.558357142857143,4.57035,0.768242857142857,3.4236,1.0415,0.7413,0.0647,10,0,0,4.1049
SUB1009672,2026-01-09,8,4,0,1.7576,2.0298,0.0818,2.6416,0.4892,7.0,475.6,0,Postpaid_Unlimited,5G_Device,4G,55+,KZN,3,12,1347.77,4,0.068,0,3.7885,3.0336,3.870614285714286,4.074225,-0.0821142857142858,0.9512,1.0986,1.4296,0.0442,9,0,0,2.9859
SUB1005923,2026-01-31,30,5,1,5.0971,0.6565,0.1091,2.0926,0.1154,8.0707,622.69,0,Postpaid_Basic,Tablet,4G+,25-34,Western Cape,24,24,428.98,0,0.156,1,9.363,15.7597,9.904871428571427,11.445696666666667,-0.5418714285714277,5.9132,0.7616,2.4277,0.1266,31,0,1,10.7046
SUB1005158,2026-02-21,51,5,1,1.259,0.2059,0.0005,0.184,0.046,1.6954,116.78,1,Postpaid_Basic,Basic_Phone,5G,25-34,Eastern Cape,6,12,424.22,5,0.468,0,2.2896,1.3785,1.9564857142857142,1.7519333333333333,0.3331142857142859,1.7002,0.278,0.2485,0.0007,21,0,0,1.0365
SUB1006084,2026-01-14,13,2,0,7.2629,3.29,0.0775,0.6943,0.122,11.4468,877.86,1,Postpaid_Premium,5G_Device,5G,18-24,KZN,6,12,777.08,0,0.151,1,44.7569,9.4397,23.70017142857143,31.074276923076923,21.05672857142857,28.3981,12.8639,2.7147,0.3031,14,0,0,20.9572
SUB1003822,2026-02-11,41,2,0,3.2759,1.2434,0.0671,0.2705,0.1139,4.9708,353.42,0,Prepaid_Monthly,Mid_Range,4G+,25-34,Gauteng,12,12,159.42,3,0.526,0,3.4333,4.3419,4.046442857142857,4.535456666666667,-0.613142857142857,2.2626,0.8588,0.1868,0.0463,11,0,0,4.6175
SUB1005910,2026-02-06,36,4,0,0.6269,0.697,0.0308,0.6481,0.2039,2.2068,147.5,0,Postpaid_Unlimited,5G_Device,4G,55+,Gauteng,1,3,1341.17,4,0.112,0,3.448,4.2511,3.4924571428571434,3.2169233333333334,-0.04445714285714342,0.9795,1.0891,1.0126,0.0482,6,0,0,4.488
SUB1005354,2026-01-10,9,5,1,0.3478,0.067,0.0266,0.5599,0.229,1.2301,70.47,0,Prepaid_Daily,Premium_Smartphone,4G,55+,Western Cape,24,6,229.59,1,0.225,1,0.968,1.1825,1.0315571428571428,0.9426,-0.06355714285714287,0.2737,0.0527,0.4406,0.0209,10,0,0,1.0659
SUB1000680,2026-02-23,53,0,0,0.8971,0.2084,0.009,2.9149,0.1662,4.1955,309.84,0,Postpaid_Basic,Premium_Smartphone,3G,18-24,Eastern Cape,6,18,347.42,4,0.337,0,5.8806,3.8604,6.345742857142857,5.910956666666667,-0.4651428571428564,1.2574,0.2921,4.0856,0.0127,23,0,0,4.0675
SUB1004235,2026-03-09,67,0,0,3.4726,2.226,0.0854,0.1258,0.1126,6.0223,462.15,0,Prepaid_Monthly,Mid_Range,4G,18-24,Western Cape,12,1,213.28,0,0.54,1,5.649,5.3346,6.142071428571429,6.447286666666667,-0.4930714285714286,3.2573,2.088,0.118,0.0801,9,0,0,8.1184
SUB1005993,2026-03-03,61,1,0,0.707,0.794,0.0046,0.0333,0.2903,1.8292,111.19,0,Postpaid_Basic,5G_Device,4G,55+,Western Cape,6,12,455.53,3,0.135,0,1.1234,1.8536,1.8585999999999998,1.8973166666666665,-0.7351999999999999,0.4342,0.4876,0.0205,0.0028,3,1,0,2.7107
SUB1001966,2026-03-11,69,2,0,0.8572,4.8024,0.4474,4.7825,0.1766,11.066,767.1,0,Postpaid_Premium,Premium_Smartphone,5G,35-44,Western Cape,24,18,614.54,2,0.105,0,13.0422,10.3383,12.073857142857142,12.639540000000002,0.9683428571428578,1.0103,5.66,5.6366,0.5273,11,0,0,12.4463
SUB1008956,2026-02-04,34,2,0,3.223,1.1661,0.0665,0.2134,0.2968,4.9658,337.85,0,Prepaid_Monthly,5G_Device,4G,35-44,Western Cape,6,6,228.76,3,0.506,1,3.1593,3.2247,4.532514285714286,5.072063333333333,-1.373214285714286,2.0505,0.7419,0.1358,0.0423,4,0,0,2.7985
SUB1000217,2026-02-06,36,4,0,1.6181,0.2369,0.266,0.2885,0.2584,2.6679,179.29,0,Prepaid_Daily,Premium_Smartphone,3G,18-24,Gauteng,3,18,246.63,0,0.36,0,2.7413,1.86,2.4354285714285715,2.2374066666666668,0.30587142857142835,1.6627,0.2434,0.2964,0.2734,6,0,0,3.0851
SUB1005818,2026-01-18,17,6,1,4.951,0.0503,0.013,0.9187,0.0486,5.9815,459.96,1,Prepaid_Daily,Mid_Range,5G,25-34,Gauteng,6,24,229.09,1,0.39,0,6.0692,11.0046,11.166014285714285,12.558823529411764,-5.096814285714284,5.0236,0.051,0.9322,0.0131,18,0,0,10.2637
SUB1007979,2026-02-21,51,5,1,13.5159,3.1179,0.0688,0.9142,0.4526,18.0693,1230.36,1,Prepaid_Daily,5G_Device,3G,25-34,Eastern Cape,6,36,237.72,4,0.41,1,24.2699,16.3155,17.042642857142855,12.87793,7.227257142857145,18.1539,4.1878,1.2279,0.0924,21,0,0,10.2042
SUB1000955,2026-03-09,67,0,0,5.0352,0.9382,0.0191,0.0288,0.2838,6.3051,455.2,0,Postpaid_Unlimited,5G_Device,4G,45-54,Gauteng,1,12,1648.66,0,0.05,0,8.4017,7.2882,7.552357142857143,7.112136666666667,0.8493428571428572,6.7095,1.2502,0.0383,0.0254,9,0,0,7.7136
SUB1006046,2026-01-19,18,0,0,1.6583,0.7436,0.0188,1.3989,0.0626,3.8822,284.01,0,Postpaid_Basic,Basic_Phone,4G,25-34,Gauteng,1,6,571.75,1,0.292,0,2.0711,6.268,3.470357142857143,3.056855555555556,-1.399257142857143,0.8847,0.3967,0.7463,0.01,19,0,0,3.4123
SUB1006612,2026-02-17,47,1,0,0.5044,0.3822,0.0569,1.7101,0.1011,2.7548,185.2,0,Prepaid_Daily,Mid_Range,4G,25-34,Gauteng,24,1,136.96,1,0.78,0,3.2872,1.1911,3.1734714285714283,3.0074099999999997,0.11372857142857162,0.6019,0.4561,2.0406,0.0679,17,0,0,5.0232
SUB1000115,2026-01-20,19,1,0,1.8951,0.2917,0.0058,0.1411,0.0726,2.4063,193.03,0,Prepaid_Monthly,Mid_Range,3G,45-54,Gauteng,24,48,220.12,3,0.118,0,3.9343,3.6194,3.474457142857143,3.4155210526315787,0.4598428571428568,3.0985,0.477,0.2306,0.0095,20,0,0,3.0219
SUB1007037,2026-01-20,19,1,0,0.2028,0.4112,0.0286,0.1049,0.0841,0.8317,58.83,0,Prepaid_Daily,Mid_Range,4G,35-44,Gauteng,12,1,164.45,3,0.9,1,0.7083,0.8357,1.034257142857143,0.9833368421052631,-0.32595714285714295,0.1727,0.3502,0.0893,0.0244,20,0,0,0.5667
SUB1009214,2026-03-11,69,2,0,1.6687,0.3325,0.0202,0.0564,0.0275,2.1053,136.23,0,Postpaid_Basic,Basic_Phone,4G,18-24,Eastern Cape,3,18,426.32,1,0.225,0,2.313,4.2986,3.6751142857142858,4.356176666666666,-1.3621142857142856,1.8334,0.3653,0.062,0.0222,11,0,0,4.0219
SUB1002724,2026-02-11,41,2,0,1.4843,1.0785,0.0378,0.7574,0.1606,3.5186,240.95,0,Prepaid_Daily,Tablet,4G,18-24,Gauteng,6,6,243.67,2,0.675,0,2.1498,3.1578,4.072042857142857,3.7253666666666665,-1.922242857142857,0.9069,0.659,0.4628,0.0231,11,0,0,3.1484
SUB1008659,2026-01-06,5,1,0,4.8473,2.7387,0.2663,3.7369,0.1823,11.7715,895.59,0,Postpaid_Basic,5G_Device,5G,25-34,Western Cape,12,36,544.21,5,0.273,1,9.2098,23.6073,20.437379999999997,20.437379999999997,-11.227579999999998,3.7925,2.1427,2.9237,0.2083,6,0,0,9.7302
SUB1006709,2026-02-15,45,6,1,2.9087,1.066,0.0913,0.3059,0.128,4.4997,326.39,1,Postpaid_Basic,Premium_Smartphone,4G+,18-24,Eastern Cape,1,18,525.13,6,0.45,0,7.6899,4.3033,6.295671428571429,6.46818,1.3942285714285712,4.9708,1.8217,0.5227,0.156,15,0,0,5.4257
SUB1009096,2026-03-16,74,0,0,0.7949,0.7091,0.0357,0.5342,0.0653,2.1393,153.63,0,Postpaid_Basic,Basic_Phone,4G,25-34,KZN,1,12,497.7,0,0.187,0,1.5454,1.0436,1.3311428571428572,1.5733866666666667,0.21425714285714292,0.5743,0.5122,0.3859,0.0258,16,0,0,0.8185
SUB1006542,2026-01-07,6,2,0,0.6258,0.5968,0.062,0.5376,0.254,2.0762,121.61,0,Prepaid_Monthly,Premium_Smartphone,4G+,55+,KZN,12,12,274.55,1,0.135,0,1.3909,1.1391,1.5706499999999999,1.5706499999999999,-0.17974999999999985,0.4192,0.3998,0.3601,0.0415,7,0,0,1.3599
SUB1004948,2026-01-17,16,5,1,0.8414,1.0346,0.0097,0.7434,0.2701,2.8991,208.41,0,Postpaid_Premium,5G_Device,3G,35-44,KZN,6,12,638.01,3,0.189,0,3.3878,7.8656,4.337771428571428,3.8790875,-0.9499714285714282,0.9832,1.209,0.8687,0.0114,17,0,0,1.7777
SUB1006121,2026-03-22,80,6,1,6.0293,0.9083,0.1101,0.019,0.0721,7.1388,536.22,0,Postpaid_Unlimited,Mid_Range,5G,25-34,Gauteng,24,36,1595.5,1,0.068,0,10.085,8.4039,11.58002857142857,10.84258,-1.4950285714285698,8.5177,1.2832,0.0269,0.1555,22,0,0,10.6236
SUB1007475,2026-03-12,70,3,0,7.2722,0.518,0.0793,0.1417,0.1228,8.134,589.81,0,Postpaid_Premium,Premium_Smartphone,4G,25-34,KZN,12,60,774.72,3,0.102,1,17.8691,11.6797,13.9715,12.600420000000002,3.897599999999999,15.9757,1.138,0.3113,0.1741,12,0,0,13.1211
SUB1005383,2026-02-26,56,3,0,2.2444,0.2007,0.1018,0.3544,0.0421,2.9433,210.47,1,Postpaid_Premium,Basic_Phone,4G+,18-24,Gauteng,6,3,1081.81,1,0.315,0,2.8166,3.0639,3.438828571428572,3.3376333333333332,-0.6222285714285718,2.1477,0.192,0.3391,0.0974,26,0,0,2.3521
SUB1004523,2026-01-04,3,6,1,0.5617,3.2799,0.2373,2.0042,0.3479,6.431,421.23,0,Postpaid_Premium,5G_Device,4G+,45-54,Gauteng,24,18,883.56,3,0.11,0,7.9306,6.3496,6.967633333333333,6.967633333333333,0.9629666666666674,0.6927,4.0447,2.4715,0.2926,4,0,0,5.3379
SUB1008477,2026-03-11,69,2,0,6.4398,0.3556,0.1479,0.2334,0.1058,7.2824,490.66,0,Postpaid_Basic,Mid_Range,4G,25-34,Gauteng,3,12,422.57,2,0.234,0,2.9719,6.6206,7.236657142857143,6.24619,-4.2647571428571425,2.628,0.1451,0.0953,0.0603,11,0,0,4.2974
SUB1002053,2026-02-21,51,5,1,2.0167,0.2849,0.0838,0.0985,0.1606,2.6444,165.65,0,Prepaid_Monthly,Mid_Range,4G+,45-54,KZN,12,6,311.87,3,0.354,0,2.3452,2.3264,1.9774428571428573,1.7352066666666668,0.3677571428571429,1.7884,0.2526,0.0874,0.0743,21,0,0,1.2365
SUB1001156,2026-02-13,43,4,0,4.3844,0.4415,0.0584,2.682,0.0679,7.6342,532.12,1,Postpaid_Unlimited,Mid_Range,4G,18-24,Gauteng,24,6,986.02,2,0.169,0,11.425,20.0455,11.80952857142857,11.712610000000002,-0.3845285714285698,6.5615,0.6607,4.0137,0.0874,13,0,0,11.495
SUB1003848,2026-02-21,51,5,1,8.6118,4.2311,0.1716,0.1269,0.1259,13.2672,982.15,0,Postpaid_Unlimited,Mid_Range,3G,18-24,Western Cape,6,36,1134.03,2,0.079,0,6.4022,13.5918,9.123757142857142,9.519766666666667,-2.721557142857143,4.1557,2.0418,0.0612,0.0828,21,0,0,8.903
SUB1008019,2026-02-13,43,4,0,0.0374,3.474,0.2098,1.3309,0.2978,5.35,401.8,0,Postpaid_Basic,Premium_Smartphone,5G,35-44,Gauteng,6,1,512.78,1,0.3,0,2.4814,1.7971,4.087285714285715,3.588176666666667,-1.6058857142857148,0.0173,1.6113,0.6173,0.0973,13,0,0,4.163
SUB1001191,2026-02-14,44,5,1,7.5332,2.5666,0.1049,0.6775,0.2531,11.1354,806.68,0,Prepaid_Daily,Premium_Smartphone,4G,25-34,Western Cape,6,36,149.99,2,0.273,0,7.1902,12.2589,8.4802,9.117446666666666,-1.29,4.8642,1.6573,0.4375,0.0677,14,0,0,16.6555
SUB1003329,2026-01-18,17,6,1,19.4524,2.5816,0.0735,1.3071,0.2538,23.6683,1631.86,0,Postpaid_Basic,5G_Device,5G,18-24,Gauteng,3,24,539.15,4,0.337,0,39.7249,17.7312,28.39532857142857,31.143288235294122,11.329571428571427,32.649,4.3329,2.1938,0.1233,18,0,0,27.2989
SUB1001975,2026-02-17,47,1,0,2.1939,2.3389,0.0253,0.2873,0.1578,5.0031,386.88,0,Prepaid_Monthly,Premium_Smartphone,5G,18-24,Western Cape,12,12,308.84,2,0.405,0,7.6448,8.0084,7.631157142857143,6.343466666666667,0.013642857142857068,3.3522,3.5738,0.4389,0.0387,17,0,0,5.223
SUB1008094,2026-03-14,72,5,1,0.6186,2.921,0.0778,5.2124,0.2218,9.0515,669.24,0,Prepaid_Monthly,Mid_Range,4G+,18-24,Western Cape,12,3,350.63,0,0.54,0,3.2939,6.7758,5.200214285714287,5.116479999999999,-1.906314285714287,0.2251,1.063,1.8968,0.0283,14,0,0,7.3354
SUB1006921,2026-03-18,76,2,0,7.5885,2.1009,0.2224,3.17,0.21,13.2918,904.77,0,Postpaid_Premium,Premium_Smartphone,4G+,45-54,Eastern Cape,3,24,932.1,1,0.074,0,10.4657,12.073,10.999671428571428,12.143646666666665,-0.5339714285714283,5.9751,1.6542,2.496,0.1752,18,0,0,11.5191
SUB1008382,2026-02-17,47,1,0,4.3343,4.3622,0.0095,1.0969,0.188,9.991,702.5,0,Prepaid_Monthly,Premium_Smartphone,5G,18-24,Gauteng,24,3,283.07,2,0.675,1,11.2361,7.1741,11.345628571428572,10.187479999999999,-0.1095285714285712,4.8744,4.9059,1.2336,0.0107,17,0,0,5.259
SUB1008651,2026-01-14,13,2,0,3.3602,0.8701,0.0584,2.4104,0.1867,6.8858,534.24,0,Postpaid_Premium,Premium_Smartphone,5G,55+,Gauteng,12,1,945.89,0,0.084,0,8.9851,12.4866,8.174485714285714,7.919723076923077,0.8106142857142853,4.3847,1.1353,3.1452,0.0763,14,0,0,5.7715
SUB1009309,2026-01-06,5,1,0,2.7908,3.0092,0.0331,0.9955,0.0896,6.9182,542.56,0,Postpaid_Premium,Mid_Range,4G,35-44,Gauteng,1,18,917.58,2,0.105,0,7.1825,11.9189,8.50022,8.50022,-1.3177200000000004,2.8974,3.1241,1.0335,0.0343,6,0,0,4.8373
SUB1004830,2026-03-12,70,3,0,0.3709,1.7853,0.0355,0.9402,0.0886,3.2205,239.19,0,Prepaid_Monthly,Mid_Range,4G,35-44,KZN,12,12,306.33,5,0.54,0,2.2228,4.8531,4.784185714285714,4.405626666666667,-2.561385714285714,0.256,1.2322,0.6489,0.0245,12,0,0,5.9679
SUB1004679,2026-03-06,64,4,0,1.9166,0.2381,0.0154,0.0314,0.2152,2.4167,156.9,0,Postpaid_Basic,5G_Device,5G,45-54,Eastern Cape,1,60,554.3,2,0.052,0,3.2542,4.1469,3.7876285714285713,3.45281,-0.5334285714285714,2.5807,0.3206,0.0423,0.0208,6,0,0,3.7329
SUB1004395,2026-03-16,74,0,0,1.2093,1.3434,0.1838,0.1463,0.1506,3.0334,205.59,0,Prepaid_Monthly,Premium_Smartphone,4G+,25-34,KZN,3,48,248.32,1,0.146,0,10.2523,4.7657,5.226985714285713,4.905069999999999,5.025314285714287,4.0874,4.5405,0.4944,0.6211,16,0,0,1.9048
SUB1005934,2026-02-27,57,4,0,13.7996,3.0686,0.2956,1.1143,0.4381,18.7162,1344.62,0,Prepaid_Monthly,5G_Device,5G,25-34,Gauteng,6,3,230.74,1,0.585,0,11.8969,11.1136,15.421414285714283,13.881933333333334,-3.5245142857142824,8.7717,1.9506,0.7083,0.1879,27,0,0,14.1508
SUB1004784,2026-01-03,2,5,1,3.1578,0.4933,0.0182,0.0963,0.2761,4.0418,285.22,0,Prepaid_Daily,Premium_Smartphone,4G,55+,Gauteng,24,18,129.27,2,0.15,0,2.0172,3.0355,2.52635,2.52635,-0.50915,1.5761,0.2462,0.0481,0.0091,3,1,0,3.275
SUB1006159,2026-01-14,13,2,0,2.5034,0.4776,0.0345,0.4353,0.0999,3.5506,241.79,0,Postpaid_Unlimited,Mid_Range,4G,55+,Eastern Cape,24,36,1318.2,1,0.026,0,3.635,2.4299,4.077457142857143,3.5694307692307694,-0.4424571428571431,2.5629,0.4889,0.4457,0.0353,14,0,0,4.5965
SUB1007216,2026-01-13,12,1,0,10.9608,0.0226,0.0376,0.1284,0.1592,11.3085,784.61,0,Prepaid_Monthly,Premium_Smartphone,5G,35-44,Gauteng,3,12,154.83,1,0.27,0,8.9408,16.8085,16.401514285714285,14.883616666666667,-7.460714285714285,8.6659,0.0178,0.1015,0.0297,13,0,0,8.088
SUB1004447,2026-03-15,73,6,1,10.4652,1.2007,0.291,3.8313,0.3655,16.1536,1211.11,0,Postpaid_Premium,5G_Device,4G,25-34,KZN,1,60,645.56,1,0.068,0,15.1674,13.7501,12.248371428571428,11.616076666666666,2.919028571428573,9.8263,1.1274,3.5974,0.2732,15,0,0,8.6346
SUB1006012,2026-03-12,70,3,0,8.57,0.419,0.209,0.3202,0.183,9.7012,717.07,0,Postpaid_Premium,5G_Device,4G,18-24,Gauteng,12,6,1070.65,2,0.236,0,12.2507,21.1514,16.479614285714288,15.923396666666667,-4.228914285714287,10.8222,0.5291,0.4044,0.2639,12,0,0,25.9189
SUB1005978,2026-03-02,60,0,0,2.1456,0.9521,0.0188,1.1039,0.2022,4.4227,310.24,0,Prepaid_Daily,Tablet,4G,18-24,Gauteng,24,18,225.81,4,0.675,0,3.6825,4.9039,4.2115285714285715,3.3375033333333333,-0.5290285714285714,1.7865,0.7927,0.9192,0.0156,2,1,0,3.2264
SUB1005519,2026-01-21,20,2,0,2.1786,0.3399,0.0119,0.0865,0.0692,2.6862,186.23,1,Postpaid_Premium,Mid_Range,3G,35-44,Gauteng,3,60,666.21,1,0.052,0,2.1783,2.5191,3.8889428571428573,4.126435,-1.7106428571428571,1.7667,0.2756,0.0702,0.0097,21,0,0,3.6123
SUB1000031,2026-03-24,82,1,0,1.3539,0.5504,0.1554,0.0922,0.2783,2.4302,158.95,0,Postpaid_Premium,Premium_Smartphone,5G,55+,KZN,6,12,1004.01,1,0.063,0,1.3376,1.6241,1.5041142857142857,1.5356566666666667,-0.16651428571428584,0.7452,0.3029,0.0507,0.0855,24,0,0,1.5066
SUB1006916,2026-01-10,9,5,1,4.7991,0.0867,0.0184,1.5267,0.0987,6.5297,462.37,0,Prepaid_Monthly,Mid_Range,4G,25-34,Gauteng,3,18,245.84,2,0.292,1,3.8133,8.6179,6.5421,6.6677333333333335,-2.7287999999999997,2.8027,0.0506,0.8916,0.0108,10,0,0,7.8014
SUB1001264,2026-02-11,41,2,0,3.0658,1.6794,0.0117,0.5426,0.3672,5.6666,396.46,0,Prepaid_Daily,Premium_Smartphone,4G,35-44,Western Cape,24,18,129.29,3,0.45,0,2.6095,1.7351,2.9020428571428574,3.0425033333333333,-0.2925428571428572,1.4118,0.7733,0.2498,0.0054,11,0,0,3.0723
SUB1006851,2026-03-23,81,0,0,2.3344,0.8964,0.065,0.023,0.0816,3.4004,237.34,0,Postpaid_Basic,Basic_Phone,5G,25-34,Gauteng,24,18,363.63,1,0.195,0,1.6307,1.9647,1.8933,1.96796,-0.26259999999999994,1.1195,0.4299,0.011,0.0312,23,0,0,1.3366
SUB1002315,2026-01-30,29,4,0,1.1013,0.5833,0.0847,0.0029,0.0861,1.8583,134.39,1,Prepaid_Monthly,Mid_Range,5G,25-34,Gauteng,1,6,303.54,1,0.439,0,3.3938,2.1257,2.2677714285714283,2.0975448275862068,1.1260285714285718,2.0113,1.0653,0.0053,0.1547,30,0,1,2.2311
SUB1005318,2026-02-02,32,0,0,4.8943,1.7784,0.0059,2.2504,0.1659,9.0949,664.41,0,Postpaid_Basic,5G_Device,4G+,25-34,Western Cape,6,12,525.84,0,0.187,0,10.65,16.9712,16.214342857142857,15.499273333333333,-5.564342857142856,5.7312,2.0825,2.6352,0.0069,2,1,0,17.7506
SUB1006065,2026-03-15,73,6,1,6.852,1.9659,0.0827,2.1565,0.145,11.2021,804.97,0,Postpaid_Unlimited,Mid_Range,4G,25-34,KZN,3,1,1339.61,3,0.158,0,9.9351,9.096,7.615642857142857,8.594103333333333,2.319457142857143,6.0771,1.7435,1.9126,0.0733,15,0,0,6.9347
SUB1004982,2026-03-23,81,0,0,2.6448,1.6674,0.4433,12.6077,0.2446,17.6078,1246.64,0,Postpaid_Unlimited,Premium_Smartphone,4G+,25-34,Western Cape,6,6,1709.04,1,0.146,0,12.5686,18.4037,14.382828571428572,13.024223333333332,-1.814228571428572,1.8879,1.1902,8.9995,0.3164,23,0,0,6.2677
SUB1001530,2026-01-02,1,4,0,5.4121,0.3606,0.0306,1.8189,0.1207,7.7429,565.36,0,Postpaid_Basic,Tablet,4G,25-34,KZN,12,12,455.1,3,0.351,0,7.9411,7.9411,7.9411,7.9411,0.0,5.5506,0.3698,1.8655,0.0314,2,1,0,8.4297
SUB1003540,2026-01-28,27,2,0,4.4267,0.0669,0.0173,0.0098,0.1358,4.6565,316.6,0,Prepaid_Daily,Tablet,4G+,45-54,Gauteng,12,12,66.99,2,0.252,1,1.9807,5.7182,4.4132,5.263188888888889,-2.4325,1.8829,0.0285,0.0042,0.0073,28,0,1,3.8279
SUB1005881,2026-01-03,2,5,1,2.5192,0.2329,0.0741,1.0107,0.1261,3.963,293.74,0,Prepaid_Monthly,Mid_Range,4G,18-24,Gauteng,24,6,238.66,0,0.405,1,3.5761,3.6361,3.6060999999999996,3.6060999999999996,-0.029999999999999805,2.2733,0.2101,0.9121,0.0669,3,1,0,5.1531
SUB1006355,2026-02-13,43,4,0,1.4306,1.6861,0.0239,1.7188,0.0951,4.9545,348.05,1,Prepaid_Monthly,Mid_Range,4G,25-34,Western Cape,1,1,374.91,6,0.95,1,7.5806,7.0078,5.964828571428571,5.636433333333333,1.6157714285714286,2.1889,2.5798,2.6299,0.0366,13,0,0,4.5493
SUB1002210,2026-02-18,48,2,0,0.3312,1.4645,0.0241,0.6406,0.0912,2.5516,177.0,1,Postpaid_Premium,Mid_Range,4G+,55+,Western Cape,12,48,1094.65,1,0.026,0,1.2618,3.6117,3.1095,3.08464,-1.8477000000000001,0.1638,0.7242,0.3168,0.0119,18,0,0,2.5517
SUB1008783,2026-02-01,31,6,1,0.2147,0.8563,0.0455,0.6588,0.0933,1.8686,142.12,1,Prepaid_Daily,Mid_Range,4G,25-34,Gauteng,12,6,90.78,2,0.585,0,2.3144,2.2038,2.0184285714285717,1.99907,0.29597142857142833,0.2659,1.0605,0.816,0.0564,1,1,0,2.2636
SUB1006718,2026-02-19,49,3,0,5.5299,0.2198,0.0603,0.3742,0.3293,6.5135,419.01,0,Postpaid_Basic,5G_Device,4G,35-44,Eastern Cape,24,3,573.17,2,0.3,0,2.4045,3.5601,5.228714285714285,5.446573333333333,-2.824214285714285,2.0414,0.0811,0.1381,0.0223,19,0,0,4.7318
SUB1002732,2026-02-24,54,1,0,2.256,0.4932,0.0021,0.0152,0.1239,2.8903,204.84,0,Prepaid_Monthly,Mid_Range,4G,25-34,Western Cape,6,12,311.28,1,0.27,1,2.2755,2.059,3.0205285714285717,2.6064433333333334,-0.7450285714285716,1.7761,0.3883,0.012,0.0016,24,0,0,1.5697
SUB1003022,2026-01-18,17,6,1,3.1429,4.6948,0.2144,0.0924,0.1511,8.2956,644.77,1,Postpaid_Basic,Premium_Smartphone,4G,25-34,Eastern Cape,12,24,398.96,0,0.156,0,6.7065,10.8209,9.499128571428571,10.913776470588235,-2.792628571428571,2.5408,3.7954,0.0747,0.1734,18,0,0,6.388
SUB1009506,2026-03-23,81,0,0,4.4253,0.3228,0.1362,1.4239,0.0982,6.4064,446.74,0,Postpaid_Premium,Mid_Range,5G,35-44,Western Cape,3,24,813.35,4,0.158,0,6.6205,6.4322,6.2482,5.9686433333333335,0.3723000000000001,4.5731,0.3336,1.4715,0.1407,23,0,0,6.6005
SUB1004018,2026-02-26,56,3,0,6.2869,0.8389,0.0047,0.0263,0.0685,7.2252,500.16,1,Prepaid_Monthly,Mid_Range,5G,18-24,Western Cape,1,18,328.26,0,0.27,0,7.3633,22.4557,14.670814285714286,11.567683333333333,-7.307514285714286,6.4071,0.8549,0.0268,0.0048,26,0,0,9.1819
SUB1005561,2026-03-10,68,1,0,13.6074,1.2806,0.0421,1.1851,0.0825,16.1977,1144.1,0,Postpaid_Unlimited,Mid_Range,4G,25-34,KZN,12,18,1683.71,2,0.098,0,15.1556,16.5647,18.006428571428568,20.919763333333332,-2.8508285714285684,12.7319,1.1982,1.1089,0.0394,10,0,0,18.4012
SUB1007556,2026-03-25,83,2,0,5.676,0.1138,0.076,0.4496,0.1135,6.429,444.87,0,Postpaid_Unlimited,Mid_Range,4G,25-34,Gauteng,6,3,1731.39,1,0.195,0,4.5593,2.8695,5.0723142857142856,5.569706666666666,-0.5130142857142852,4.0252,0.0807,0.3189,0.0539,25,0,0,7.5851
SUB1004588,2026-02-02,32,0,0,0.6676,0.1283,0.038,0.102,0.0481,0.9839,65.03,0,Postpaid_Basic,Basic_Phone,4G,35-44,Western Cape,24,36,413.02,4,0.158,0,1.0749,1.3761,1.3111571428571427,1.12509,-0.23625714285714272,0.7293,0.1401,0.1114,0.0415,2,1,0,0.5576
SUB1001024,2026-01-11,10,6,1,6.3208,3.0104,0.06,1.2316,0.3647,10.9874,770.87,0,Prepaid_Monthly,Premium_Smartphone,4G,35-44,KZN,12,12,244.97,3,0.405,1,4.4735,6.3399,6.458942857142857,6.3301099999999995,-1.985442857142857,2.5735,1.2257,0.5014,0.0244,11,0,0,5.3424
SUB1005328,2026-03-15,73,6,1,1.797,0.6008,0.23,0.458,0.0797,3.1655,225.57,0,Postpaid_Basic,Mid_Range,4G,25-34,Eastern Cape,12,36,587.02,0,0.109,0,5.5934,1.8776,3.204271428571429,3.3471233333333337,2.389128571428571,3.1753,1.0617,0.8092,0.4064,15,0,0,2.7735
SUB1007519,2026-01-07,6,2,0,10.6724,3.5753,0.165,0.396,0.3446,15.1533,1145.06,0,Postpaid_Premium,5G_Device,3G,18-24,KZN,24,24,1007.41,2,0.157,0,14.1347,6.1879,12.882316666666666,12.882316666666666,1.2523833333333343,9.955,3.335,0.3694,0.1539,7,0,0,9.5672
SUB1000559,2026-03-21,79,5,1,12.7286,3.0372,0.0396,0.0478,0.1105,15.9636,1176.78,0,Postpaid_Premium,Mid_Range,4G,25-34,KZN,12,12,731.5,1,0.164,0,13.9207,27.908,14.799728571428572,12.903316666666665,-0.8790285714285719,11.0997,2.6485,0.0417,0.0345,21,0,0,13.9091
SUB1004191,2026-01-06,5,1,0,1.3075,1.5673,0.1568,0.183,0.0757,3.2903,245.64,0,Postpaid_Premium,Mid_Range,5G,35-44,KZN,3,18,709.16,3,0.158,0,1.7312,4.5197,3.86432,3.86432,-2.13312,0.6879,0.8246,0.0963,0.0825,6,0,0,3.1681
SUB1001247,2026-01-14,13,2,0,17.8768,0.3353,0.1187,0.0498,0.2445,18.6251,1377.91,0,Postpaid_Basic,Premium_Smartphone,4G,18-24,Western Cape,12,18,499.7,3,0.337,0,15.1036,19.321,20.740428571428573,17.59423076923077,-5.636828571428573,14.4968,0.2719,0.0404,0.0963,14,0,0,9.4973
SUB1006214,2026-02-09,39,0,0,4.9108,3.777,0.8308,0.8292,0.1824,10.5303,760.98,0,Postpaid_Premium,Premium_Smartphone,5G,18-24,Western Cape,12,24,660.24,4,0.236,0,13.4226,10.8253,11.8092,11.32016,1.6133999999999986,6.2596,4.8144,1.057,1.059,9,0,0,13.1987
SUB1005855,2026-01-06,5,1,0,2.7319,0.5316,0.0035,0.2266,0.0511,3.5448,235.32,0,Postpaid_Unlimited,Basic_Phone,4G,45-54,Western Cape,12,24,1099.3,4,0.079,0,1.9047,2.7542,4.23798,4.23798,-2.3332800000000002,1.4679,0.2856,0.1218,0.0019,6,0,0,4.7162
SUB1006910,2026-01-10,9,5,1,9.8606,7.2815,0.9675,3.2275,0.3578,21.6948,1596.31,0,Postpaid_Basic,Premium_Smartphone,5G,35-44,KZN,6,6,378.21,2,0.225,0,25.484,15.8898,14.478914285714286,14.883655555555556,11.005085714285716,11.5828,8.5533,3.7912,1.1364,10,0,0,15.047
SUB1008655,2026-01-31,30,5,1,0.5505,0.2927,0.0178,0.3361,0.0773,1.2744,89.21,0,Postpaid_Basic,Basic_Phone,4G,18-24,Gauteng,1,24,512.76,1,0.225,0,0.5662,1.1637,0.9412285714285715,0.8089733333333334,-0.3750285714285715,0.2446,0.13,0.1493,0.0079,31,0,1,1.578
SUB1007756,2026-02-28,58,5,1,5.776,0.1637,0.1701,1.3188,0.112,7.5406,533.89,0,Prepaid_Monthly,Mid_Range,3G,18-24,Gauteng,24,24,325.7,2,0.337,0,11.4609,10.837,8.293242857142857,8.030553333333334,3.167657142857143,8.779,0.2488,2.0044,0.2585,28,0,1,8.9103
SUB1004369,2026-01-22,21,3,0,2.4167,1.2102,0.3151,2.282,0.1886,6.4125,464.24,0,Postpaid_Unlimited,Premium_Smartphone,5G,25-34,Gauteng,24,24,1608.71,4,0.146,1,3.933,6.1069,6.8580571428571435,6.5384,-2.9250571428571437,1.4822,0.7422,1.3996,0.1932,22,0,0,10.1343
SUB1002085,2026-02-24,54,1,0,1.0035,0.8662,0.0244,3.8199,0.2074,5.9214,421.86,0,Postpaid_Premium,Premium_Smartphone,4G,25-34,Gauteng,24,12,981.35,0,0.131,0,4.4825,6.0058,5.663742857142857,5.827393333333333,-1.1812428571428573,0.7597,0.6557,2.8916,0.0185,24,0,0,3.4501
SUB1003791,2026-01-10,9,5,1,2.1904,0.5918,0.0153,0.2607,0.0471,3.1053,231.43,1,Postpaid_Unlimited,Basic_Phone,4G,25-34,Gauteng,3,1,1266.27,2,0.195,0,4.6762,3.8607,3.613642857142857,3.560344444444444,1.0625571428571425,3.2985,0.8912,0.3926,0.023,10,0,0,2.3235
SUB1001177,2026-02-04,34,2,0,6.6443,5.3552,0.2209,6.8102,0.5522,19.5827,1393.87,0,Postpaid_Premium,5G_Device,4G+,25-34,Gauteng,1,6,754.58,4,0.307,1,9.7006,7.8594,10.384685714285713,10.259996666666666,-0.6840857142857129,3.2913,2.6528,3.3735,0.1094,4,0,0,7.9577
SUB1003888,2026-01-13,12,1,0,5.8584,0.3908,0.002,2.2175,0.1654,8.6341,605.19,0,Postpaid_Premium,Premium_Smartphone,5G,55+,Western Cape,12,1,813.44,3,0.158,0,4.7227,9.8055,8.756971428571429,9.534925,-4.034271428571429,3.2044,0.2137,1.213,0.0011,13,0,0,8.4952
SUB1004602,2026-02-20,50,4,0,1.0305,2.6411,0.0771,1.0221,0.2347,5.0055,324.49,0,Postpaid_Basic,Premium_Smartphone,4G,55+,Western Cape,12,24,595.58,4,0.112,0,3.6785,6.0012,3.892042857142857,4.20541,-0.21354285714285703,0.7573,1.9409,0.7511,0.0566,20,0,0,2.6619
SUB1006392,2026-02-26,56,3,0,1.4132,3.245,0.0562,0.1166,0.1837,5.0148,352.09,0,Postpaid_Basic,5G_Device,5G,25-34,Eastern Cape,6,18,445.45,2,0.195,0,5.631,2.8289,6.995728571428572,8.099303333333333,-1.3647285714285715,1.5869,3.6438,0.1309,0.0631,26,0,0,8.6593
SUB1002089,2026-01-03,2,5,1,2.247,0.9515,0.0278,1.2629,0.401,4.8901,328.68,0,Postpaid_Basic,5G_Device,3G,25-34,Eastern Cape,24,6,326.03,2,0.292,1,4.467,4.1172,4.2921,4.2921,0.17490000000000006,2.0526,0.8692,1.1536,0.0254,3,1,0,5.0616
SUB1005984,2026-01-15,14,3,0,0.4427,0.1785,0.1211,0.0899,0.0884,0.9206,65.4,0,Prepaid_Monthly,Mid_Range,4G+,35-44,Gauteng,12,3,273.33,5,0.9,1,0.4779,0.6543,0.9971571428571429,1.0227857142857142,-0.5192571428571429,0.2298,0.0926,0.0467,0.0629,15,0,0,0.7644
SUB1006961,2026-03-29,87,6,1,10.533,1.4427,0.1947,3.1811,0.1624,15.5139,1171.78,0,Postpaid_Premium,Mid_Range,4G,18-24,KZN,12,6,1058.93,1,0.236,0,15.1774,15.3299,10.1741,9.658579999999999,5.003300000000001,10.3045,1.4115,3.1121,0.1905,29,0,1,7.5906
SUB1009972,2026-02-08,38,6,1,1.1595,0.1255,0.0054,0.0576,0.1147,1.4626,97.87,0,Postpaid_Unlimited,Mid_Range,4G,55+,Eastern Cape,12,6,1235.22,3,0.084,0,1.754,1.5729,1.5271571428571427,1.3775666666666666,0.22684285714285735,1.3905,0.1505,0.069,0.0064,8,0,0,0.8383
SUB1000519,2026-01-20,19,1,0,13.0787,0.9255,0.2611,0.2137,0.2802,14.7591,995.58,0,Postpaid_Unlimited,Premium_Smartphone,4G,45-54,KZN,6,1,1072.61,3,0.158,0,11.879,7.5044,11.301657142857144,10.599031578947368,0.577342857142856,10.5265,0.7449,0.172,0.2101,20,0,0,12.1563
SUB1007576,2026-01-25,24,6,1,1.7441,0.3151,0.0003,0.569,0.125,2.7534,186.55,0,Postpaid_Premium,Mid_Range,5G,55+,Gauteng,12,12,996.98,2,0.063,0,1.8249,1.8936,1.9416571428571427,2.170145833333333,-0.11675714285714278,1.1559,0.2089,0.3771,0.0002,25,0,0,2.7902
SUB1009750,2026-02-26,56,3,0,1.9135,0.0953,0.028,0.0073,0.0834,2.1274,149.97,1,Prepaid_Daily,Tablet,4G+,55+,Gauteng,12,36,73.01,3,0.158,0,4.2469,5.5115,4.9098428571428565,4.370016666666667,-0.6629428571428564,3.8198,0.1903,0.0145,0.0559,26,0,0,2.7463
SUB1006700,2026-01-17,16,5,1,1.8632,0.117,0.0139,0.6419,0.0742,2.7103,214.46,0,Prepaid_Monthly,Basic_Phone,4G+,18-24,Gauteng,6,18,288.42,2,0.337,0,2.3805,1.8463,1.791,1.59783125,0.5895000000000001,1.6365,0.1028,0.5638,0.0122,17,0,0,1.7789
SUB1008164,2026-01-09,8,4,0,3.5573,2.1023,0.2873,3.8259,0.3497,10.1223,817.08,0,Prepaid_Monthly,Premium_Smartphone,5G,25-34,Western Cape,24,6,222.07,0,0.351,0,3.7745,4.532,5.088914285714286,4.998125,-1.3144142857142858,1.3264,0.7839,1.4266,0.1071,9,0,0,4.4184
SUB1003827,2026-01-15,14,3,0,7.4569,0.808,0.0233,1.7418,0.1134,10.1433,735.16,0,Postpaid_Premium,Mid_Range,5G,25-34,Gauteng,24,6,869.86,2,0.205,0,7.3786,14.2412,9.1473,10.62585,-1.7687,5.4245,0.5877,1.267,0.0169,15,0,0,8.5147
SUB1002738,2026-02-11,41,2,0,1.8261,0.3326,0.0379,0.1915,0.0609,2.4491,161.59,0,Prepaid_Monthly,Basic_Phone,4G+,25-34,Western Cape,12,48,334.84,1,0.112,0,0.7731,1.2481,1.3554714285714284,1.68928,-0.5823714285714284,0.5765,0.105,0.0605,0.012,11,0,0,1.0694
SUB1008370,2026-02-17,47,1,0,1.5994,0.2555,0.1174,0.7864,0.2424,3.0011,196.37,0,Postpaid_Premium,Premium_Smartphone,3G,25-34,Gauteng,12,18,998.27,0,0.109,0,1.2004,2.0412,2.2992,2.386023333333333,-1.0988,0.6397,0.1022,0.3145,0.047,17,0,0,1.0579
SUB1008552,2026-01-12,11,0,0,1.5663,0.4277,0.0213,0.4827,0.2947,2.7926,179.19,0,Prepaid_Daily,5G_Device,4G,45-54,Eastern Cape,6,3,192.79,2,0.42,1,2.5186,3.7858,2.5678714285714284,3.113981818181818,-0.04927142857142819,1.4126,0.3857,0.4354,0.0192,12,0,0,1.8674
SUB1007364,2026-01-11,10,6,1,8.1879,23.8998,0.2903,0.1958,0.3703,32.9441,2451.6,0,Postpaid_Premium,Premium_Smartphone,5G,18-24,Gauteng,12,36,1004.86,1,0.11,1,37.6554,12.469,20.224999999999998,19.39753,17.430400000000002,9.3589,27.3176,0.2238,0.3319,11,0,0,21.8346
SUB1002860,2026-01-10,9,5,1,0.3815,2.1803,0.1442,2.9568,0.2789,5.9416,443.65,1,Postpaid_Basic,5G_Device,4G+,25-34,Western Cape,1,24,323.33,0,0.156,1,4.6441,10.4201,6.234842857142857,6.633722222222222,-1.5907428571428568,0.2982,1.7041,2.3111,0.1127,10,0,0,6.7035
SUB1002679,2026-03-10,68,1,0,0.6477,0.9881,0.1761,1.0773,0.1064,2.9956,212.29,0,Postpaid_Basic,Premium_Smartphone,4G,25-34,Western Cape,12,18,368.05,0,0.156,0,3.6556,3.2086,4.843714285714286,5.053176666666666,-1.1881142857142861,0.7905,1.2058,1.3146,0.2148,10,0,0,6.2536
SUB1009557,2026-02-07,37,5,1,4.0157,1.8668,0.0208,2.9844,0.1293,9.017,597.78,0,Postpaid_Unlimited,Mid_Range,4G,35-44,KZN,3,3,1691.28,0,0.12,0,9.3164,8.095,7.415042857142857,6.761826666666667,1.901357142857143,4.149,1.9288,3.0835,0.0214,7,0,0,7.999
SUB1002982,2026-03-06,64,4,0,8.0335,1.8824,0.032,1.0503,0.1807,11.1788,744.49,1,Postpaid_Premium,5G_Device,4G,18-24,Gauteng,12,12,953.22,2,0.189,0,26.2365,14.5484,17.960342857142855,19.475596666666668,8.276157142857144,18.8543,4.4181,2.465,0.0751,6,0,0,22.8958
SUB1005791,2026-01-08,7,3,0,4.2104,1.9852,0.0756,0.2854,0.2207,6.7772,449.57,0,Postpaid_Unlimited,5G_Device,5G,35-44,Gauteng,3,1,1014.35,5,0.3,0,7.6101,4.6988,9.833914285714286,9.833914285714286,-2.223814285714286,4.7279,2.2291,0.3205,0.0848,8,0,0,12.2134
SUB1003060,2026-01-05,4,0,0,0.1531,0.2055,0.0374,0.0067,0.0575,0.4601,30.51,1,Prepaid_Monthly,Mid_Range,3G,35-44,Gauteng,6,1,330.65,2,0.45,1,0.5626,0.9795,1.01565,1.01565,-0.45304999999999995,0.1873,0.2512,0.0082,0.0457,5,0,0,0.4069
SUB1005373,2026-03-05,63,3,0,0.9854,1.2004,0.0205,0.4834,0.1733,2.863,203.27,0,Prepaid_Monthly,Mid_Range,4G,35-44,KZN,3,6,242.86,0,0.27,0,1.1582,2.0911,1.773142857142857,1.9427233333333334,-0.614942857142857,0.3986,0.4856,0.1955,0.0083,5,0,0,1.9305
SUB1001337,2026-02-14,44,5,1,4.1101,1.0958,0.0779,0.0618,0.2305,5.576,382.37,1,Postpaid_Basic,Premium_Smartphone,3G,35-44,Gauteng,3,1,508.43,1,0.3,0,2.9681,4.8925,4.281657142857143,4.869213333333334,-1.3135571428571429,2.1878,0.5833,0.0329,0.0414,14,0,0,6.1991
SUB1001906,2026-02-20,50,4,0,5.9586,0.8453,0.0806,0.0944,0.1936,7.1726,534.6,0,Postpaid_Basic,Mid_Range,3G,25-34,Western Cape,24,6,321.44,1,0.292,0,3.3462,3.6345,4.293271428571429,4.039616666666666,-0.9470714285714288,2.7798,0.3944,0.044,0.0376,20,0,0,3.5988
SUB1006549,2026-03-09,67,0,0,34.3681,4.0213,0.3461,4.3134,0.3674,43.4163,3193.55,0,Postpaid_Basic,5G_Device,5G,25-34,Gauteng,12,48,460.14,4,0.146,0,27.6417,29.4746,32.384457142857144,31.624170000000003,-4.742757142857144,21.881,2.5603,2.7462,0.2203,9,0,0,22.8475
SUB1004444,2026-01-17,16,5,1,55.2956,8.6996,0.0937,5.6271,0.4336,70.1495,5125.32,0,Postpaid_Basic,Premium_Smartphone,5G,18-24,Gauteng,1,1,566.15,4,0.675,0,39.5034,39.9425,34.89337142857143,41.0407875,4.610028571428572,31.1387,4.899,3.1688,0.0528,17,0,0,27.4504
SUB1004362,2026-01-06,5,1,0,3.2239,0.3457,0.0434,2.9132,0.2436,6.7697,474.97,1,Postpaid_Unlimited,5G_Device,5G,25-34,KZN,3,1,1236.16,1,0.15,0,7.5888,11.7973,7.74508,7.74508,-0.15627999999999975,3.6139,0.3875,3.2657,0.0486,6,0,0,12.0901
SUB1004733,2026-03-06,64,4,0,4.749,3.2899,0.0098,8.2677,0.2372,16.5536,1241.69,0,Postpaid_Premium,Premium_Smartphone,4G,18-24,Gauteng,12,1,830.13,2,0.315,0,14.3858,9.8831,14.742,14.854206666666668,-0.3562000000000012,4.1271,2.859,7.185,0.0085,6,0,0,19.905
SUB1004800,2026-01-16,15,4,0,8.4205,0.6914,0.1469,1.8121,0.0955,11.1665,740.74,0,Prepaid_Daily,Mid_Range,4G+,25-34,Western Cape,3,18,151.58,1,0.39,0,11.5414,14.8491,12.201314285714286,11.359073333333333,-0.6599142857142866,8.7032,0.7146,1.873,0.1519,16,0,0,14.1725
SUB1006911,2026-03-14,72,5,1,10.8066,6.204,0.23,1.493,0.4147,19.1484,1404.56,0,Prepaid_Monthly,Tablet,5G,35-44,Eastern Cape,12,48,343.07,2,0.112,0,10.5017,6.9996,7.687457142857143,8.12085,2.8142428571428564,5.9268,3.4025,0.8188,0.1261,14,0,0,8.2125
SUB1009762,2026-01-31,30,5,1,6.3963,1.6387,0.0618,2.5294,0.2913,10.9175,767.1,0,Postpaid_Basic,Premium_Smartphone,4G,35-44,Eastern Cape,6,3,323.19,3,0.45,0,6.7619,8.6339,8.097485714285714,7.8536866666666665,-1.3355857142857142,3.9617,1.015,1.5666,0.0383,31,0,1,10.3858
SUB1004465,2026-01-29,28,3,0,7.1222,5.1575,0.521,5.4312,0.2023,18.4343,1354.68,0,Postpaid_Premium,Premium_Smartphone,4G,18-24,Western Cape,6,12,601.21,2,0.189,0,23.04,20.1317,19.345328571428574,18.53042857142857,3.694671428571425,8.9017,6.4461,6.7882,0.6512,29,0,1,20.9823
SUB1008569,2026-01-16,15,4,0,1.0136,0.6662,0.0859,0.8363,0.238,2.8399,188.22,0,Postpaid_Basic,5G_Device,4G,45-54,KZN,1,6,487.42,3,0.236,0,3.8152,5.1249,4.071171428571428,3.5487466666666667,-0.25597142857142785,1.3616,0.895,1.1234,0.1154,16,0,0,2.4462
SUB1007990,2026-02-01,31,6,1,6.6996,0.5781,0.235,4.4216,0.2701,12.2043,926.13,0,Prepaid_Daily,Premium_Smartphone,4G+,35-44,KZN,12,24,76.67,3,0.45,1,9.2911,8.4149,8.119814285714286,9.177893333333335,1.1712857142857143,5.1004,0.4401,3.3661,0.1789,1,1,0,10.9956
SUB1008030,2026-02-01,31,6,1,1.5013,0.1126,0.0886,0.6232,0.0699,2.3957,169.16,1,Prepaid_Monthly,Mid_Range,4G+,35-44,Gauteng,1,3,259.92,2,0.45,1,3.4515,3.1926,3.074742857142857,3.1451800000000003,0.37675714285714257,2.1629,0.1622,0.8979,0.1277,1,1,0,2.5247
SUB1009766,2026-02-16,46,0,0,3.7304,2.6747,0.0014,0.333,0.0879,6.8274,497.67,1,Prepaid_Monthly,Mid_Range,5G,25-34,KZN,1,12,222.72,3,0.526,0,7.8405,6.0579,7.664471428571429,8.18417,0.17602857142857076,4.284,3.0716,0.3824,0.0016,16,0,0,7.1463
SUB1009418,2026-02-18,48,2,0,2.9891,1.4275,0.0647,0.3039,0.0758,4.861,342.82,0,Prepaid_Monthly,Mid_Range,5G,25-34,Eastern Cape,12,12,157.43,1,0.351,0,9.0943,6.2855,6.276085714285714,6.297923333333333,2.8182142857142862,5.5922,2.6706,0.5685,0.121,18,0,0,5.6467
SUB1003882,2026-01-02,1,4,0,6.3202,0.9823,0.1733,0.0571,0.0887,7.6215,555.35,0,Postpaid_Basic,Mid_Range,4G,35-44,Gauteng,12,6,372.87,4,0.337,0,9.0542,9.0542,9.0542,9.0542,0.0,7.5082,1.1669,0.0678,0.2059,2,1,0,7.5067
SUB1005869,2026-01-29,28,3,0,0.6917,1.122,0.1107,0.0555,0.1079,2.0877,143.42,1,Postpaid_Unlimited,Premium_Smartphone,4G,18-24,Western Cape,12,18,1730.34,0,0.09,0,3.4216,3.2054,4.136114285714286,3.834117857142857,-0.7145142857142859,1.1336,1.8389,0.091,0.1814,29,0,1,5.0202
SUB1000461,2026-02-05,35,3,0,22.8728,1.5984,0.1554,2.897,0.2186,27.7421,1899.4,0,Postpaid_Premium,Premium_Smartphone,5G,18-24,KZN,12,6,663.61,2,0.236,0,18.49,15.6105,20.55767142857143,26.894353333333335,-2.0676714285714333,15.2446,1.0653,1.9308,0.1036,5,0,0,23.6994
SUB1000261,2026-01-03,2,5,1,0.1785,0.0642,0.0506,0.0565,0.0602,0.41,25.97,1,Postpaid_Unlimited,Mid_Range,4G,45-54,Gauteng,6,60,1170.56,2,0.026,0,0.8502,0.731,0.7906,0.7906,0.059599999999999986,0.3702,0.133,0.1171,0.1049,3,1,0,0.5272
SUB1001588,2026-01-08,7,3,0,1.6038,0.6335,0.1153,0.0066,0.2107,2.57,156.82,1,Prepaid_Daily,5G_Device,4G,25-34,Eastern Cape,12,1,69.25,3,0.95,1,2.0278,2.637,3.2658,3.2658,-1.238,1.2655,0.4999,0.0052,0.091,8,0,0,4.2933
SUB1001080,2026-03-20,78,4,0,6.9936,4.319,0.1456,0.1793,0.1008,11.7383,813.25,0,Postpaid_Premium,Mid_Range,5G,18-24,KZN,12,6,922.13,1,0.236,0,8.6965,20.3719,13.028914285714285,11.278403333333333,-4.332414285714284,5.1813,3.1998,0.1328,0.1079,20,0,0,9.7676
SUB1006177,2026-02-05,35,3,0,0.9939,2.4294,0.0128,0.3331,0.0669,3.8361,299.04,0,Postpaid_Premium,Mid_Range,5G,25-34,Western Cape,12,12,1060.69,1,0.164,0,6.6314,6.2101,6.742742857142857,6.3722666666666665,-0.11134285714285674,1.7182,4.1996,0.5758,0.0222,5,0,0,6.1032
SUB1002276,2026-03-09,67,0,0,8.1712,1.8735,0.0961,0.5021,0.1112,10.754,780.61,0,Postpaid_Unlimited,Mid_Range,4G,35-44,Western Cape,12,6,989.86,1,0.112,0,13.4601,10.7583,8.881814285714286,8.800763333333332,4.578285714285714,10.2273,2.3449,0.6284,0.1203,9,0,0,7.2868
SUB1007468,2026-03-06,64,4,0,1.5735,1.3049,0.0685,0.3596,0.1525,3.459,235.39,0,Postpaid_Premium,Premium_Smartphone,3G,45-54,Gauteng,3,48,887.35,1,0.037,0,6.3327,6.5577,4.617842857142857,4.327156666666667,1.7148571428571433,2.8807,2.3891,0.6583,0.1254,6,0,0,4.5478
SUB1005765,2026-01-16,15,4,0,1.2044,2.3264,0.1008,0.617,0.1307,4.3792,331.21,0,Prepaid_Monthly,Mid_Range,3G,25-34,Gauteng,12,3,354.75,2,0.585,0,3.6292,2.3062,3.6654000000000004,3.55728,-0.036200000000000454,0.9981,1.928,0.5113,0.0835,16,0,0,3.3591
SUB1008770,2026-01-09,8,4,0,0.4034,0.502,0.0383,0.7391,0.083,1.7658,125.07,0,Postpaid_Basic,Mid_Range,4G,18-24,Gauteng,12,12,541.49,4,0.405,0,2.5417,2.5678,2.2684142857142855,2.24225,0.2732857142857146,0.5807,0.7225,1.0639,0.0551,9,0,0,2.7274
SUB1005886,2026-01-12,11,0,0,2.8849,0.7033,0.1603,0.5103,0.0573,4.316,322.51,0,Postpaid_Unlimited,Mid_Range,5G,25-34,Gauteng,3,12,1399.65,0,0.094,0,7.648,6.6501,6.782485714285714,8.181754545454545,0.8655142857142861,5.112,1.2462,0.9043,0.2841,12,0,0,5.2352
SUB1001578,2026-02-24,54,1,0,1.67,0.4785,0.0481,0.1215,0.2519,2.5699,157.07,0,Postpaid_Premium,Premium_Smartphone,4G+,55+,Gauteng,1,18,1049.64,2,0.052,0,2.2718,2.627,2.234385714285714,2.0522966666666664,0.03741428571428562,1.4763,0.423,0.1074,0.0425,24,0,0,2.4324
SUB1009195,2026-02-27,57,4,0,2.0365,0.3003,0.0216,3.1989,0.1957,5.7531,418.29,0,Postpaid_Basic,5G_Device,4G,18-24,Gauteng,6,36,331.58,2,0.157,0,4.7717,12.244,7.593042857142857,8.256409999999999,-2.8213428571428567,1.6891,0.2491,2.6532,0.0179,27,0,0,10.6153
SUB1003473,2026-03-26,84,3,0,10.0212,4.3195,0.0363,0.8294,0.5269,15.7332,1069.33,0,Prepaid_Daily,5G_Device,5G,25-34,KZN,12,60,172.84,3,0.292,0,6.889,8.9686,9.142714285714286,10.76534,-2.2537142857142856,4.3879,1.8913,0.3632,0.0159,26,0,0,13.9981
SUB1009777,2026-01-29,28,3,0,1.127,0.2303,0.0192,0.0529,0.0637,1.4932,93.88,1,Prepaid_Monthly,Mid_Range,4G+,35-44,Gauteng,12,18,156.06,4,0.337,0,1.3965,1.5908,2.860257142857143,2.6723535714285718,-1.4637571428571428,1.0541,0.2154,0.0495,0.018,29,0,1,4.1295
SUB1000104,2026-03-03,61,1,0,0.687,1.828,0.0173,0.0074,0.161,2.7007,184.0,0,Postpaid_Premium,Premium_Smartphone,4G+,45-54,Eastern Cape,1,3,753.97,1,0.147,0,3.1591,2.5834,3.349814285714286,3.368336666666666,-0.19071428571428584,0.8035,2.1383,0.0086,0.0203,3,1,0,2.414
SUB1009817,2026-02-23,53,0,0,0.3666,2.4472,0.03,1.6358,0.256,4.7356,337.05,0,Prepaid_Monthly,Premium_Smartphone,3G,18-24,Western Cape,12,6,395.32,2,0.506,0,7.8515,4.4014,5.2788571428571425,4.623706666666666,2.5726428571428572,0.6078,4.0573,2.7122,0.0498,23,0,0,3.4022
SUB1001327,2026-03-28,86,5,1,1.8739,2.7542,0.0647,1.5005,0.5249,6.7181,443.74,0,Prepaid_Daily,5G_Device,4G+,35-44,Western Cape,3,18,109.34,0,0.24,0,5.8003,3.7658,4.230857142857142,4.64824,1.5694428571428576,1.6179,2.3779,1.2955,0.0559,28,0,1,3.0181
SUB1003489,2026-01-04,3,6,1,18.5489,2.1233,0.2119,1.8058,0.0902,22.7801,1828.73,1,Postpaid_Unlimited,Mid_Range,5G,25-34,Gauteng,6,60,1167.25,1,0.049,0,52.5291,11.3495,29.347400000000004,29.347400000000004,23.181699999999996,42.7723,4.8961,4.164,0.4887,4,0,0,16.3621
SUB1007957,2026-01-30,29,4,0,11.0665,17.7795,0.2319,3.5793,0.1522,32.8094,2599.02,0,Postpaid_Unlimited,Mid_Range,4G+,25-34,Eastern Cape,6,48,1202.77,3,0.073,0,30.6607,22.8345,21.858485714285713,22.784068965517243,8.802214285714285,10.3417,16.6151,3.3449,0.2167,30,0,1,20.6114
SUB1009651,2026-02-04,34,2,0,2.1447,0.1323,0.0106,0.3852,0.3542,3.027,189.35,0,Prepaid_Monthly,5G_Device,4G,45-54,Gauteng,12,24,378.37,3,0.236,0,4.0711,2.0767,2.984457142857143,2.469486666666667,1.0866428571428575,2.8845,0.1779,0.5181,0.0142,4,0,0,2.6675
SUB1007999,2026-03-10,68,1,0,2.2974,1.6299,0.0929,0.2017,0.1461,4.368,287.19,0,Prepaid_Monthly,Mid_Range,4G+,55+,Western Cape,24,12,169.29,2,0.135,0,2.9454,3.8198,3.255842857142857,3.561696666666667,-0.31044285714285724,1.5492,1.0991,0.136,0.0626,10,0,0,3.399
SUB1007094,2026-01-16,15,4,0,8.3161,3.7382,0.021,0.3982,0.1527,12.6264,909.99,1,Postpaid_Unlimited,Premium_Smartphone,4G,35-44,Western Cape,24,18,1740.56,2,0.075,0,23.3417,9.4452,17.346657142857143,16.472179999999998,5.995042857142856,15.3736,6.9107,0.7362,0.0388,16,0,0,19.3154
SUB1001545,2026-03-12,70,3,0,0.2004,0.1769,0.0037,0.0055,0.0536,0.4402,31.07,0,Postpaid_Premium,Basic_Phone,4G,25-34,Gauteng,24,6,776.79,2,0.205,0,0.3071,0.4109,0.3982857142857143,0.38444,-0.09118571428571431,0.1399,0.1234,0.0038,0.0026,12,0,0,0.4781
SUB1007253,2026-02-04,34,2,0,4.0568,0.7941,0.1028,0.1382,0.1243,5.2161,347.02,0,Prepaid_Monthly,Tablet,5G,35-44,KZN,24,24,300.89,1,0.225,0,4.9389,5.9483,6.818085714285714,6.244740000000001,-1.8791857142857138,3.8413,0.7519,0.1308,0.0973,4,0,0,3.0233
SUB1004573,2026-03-21,79,5,1,2.544,1.0993,0.2276,1.3027,0.1683,5.3418,359.08,1,Prepaid_Monthly,Mid_Range,4G,25-34,Gauteng,12,6,264.01,1,0.439,1,4.816,2.4873,3.1206857142857145,3.2920166666666666,1.6953142857142853,2.2936,0.9911,1.1745,0.2052,21,0,0,3.887
SUB1001372,2026-02-22,52,6,1,6.7194,3.0899,0.1218,2.0325,0.1965,12.1601,856.31,1,Prepaid_Daily,5G_Device,5G,25-34,Western Cape,6,18,197.23,6,0.78,1,28.8097,13.9791,22.484085714285715,18.271753333333333,6.325614285714284,15.9196,7.3206,4.8155,0.2885,22,0,0,36.5957
SUB1008046,2026-01-31,30,5,1,6.4685,0.9873,0.2211,0.0726,0.4864,8.2359,565.96,0,Prepaid_Daily,5G_Device,4G,35-44,Gauteng,3,18,146.74,2,0.3,0,9.2951,5.647,5.750271428571429,5.373446666666667,3.544828571428571,7.3004,1.1143,0.082,0.2495,31,0,1,8.2109
SUB1009561,2026-02-28,58,5,1,3.1689,0.8751,0.0316,0.656,0.1503,4.8819,344.96,1,Postpaid_Premium,Premium_Smartphone,4G,18-24,KZN,24,18,818.18,3,0.236,0,5.8124,3.3988,4.7058857142857144,6.267436666666667,1.1065142857142858,3.7729,1.0419,0.781,0.0376,28,0,1,8.2367
SUB1004138,2026-03-19,77,3,0,4.2591,0.3753,0.054,1.613,0.1011,6.4024,460.98,0,Prepaid_Monthly,Mid_Range,4G,35-44,Eastern Cape,24,12,248.07,0,0.216,0,4.3807,5.3016,6.732285714285715,7.540839999999999,-2.351585714285715,2.9142,0.2568,1.1036,0.0369,19,0,0,6.2876
SUB1004930,2026-03-06,64,4,0,3.4754,0.9502,0.0424,0.0302,0.2044,4.7027,317.32,0,Prepaid_Monthly,Tablet,4G,45-54,Gauteng,3,12,158.03,4,0.284,0,4.0464,4.7557,4.8859,4.073663333333333,-0.8395000000000001,2.9904,0.8176,0.026,0.0365,6,0,0,3.8685
SUB1001257,2026-02-08,38,6,1,0.3337,0.381,0.0228,0.7584,0.1193,1.6151,114.29,1,Prepaid_Monthly,Tablet,5G,45-54,KZN,12,60,214.1,4,0.118,0,3.4496,3.1617,2.436271428571429,2.2326433333333333,1.0133285714285711,0.7128,0.8137,1.6198,0.0486,8,0,0,1.3399
SUB1003634,2026-02-04,34,2,0,0.242,0.5851,0.0331,0.1061,0.0647,1.0309,72.42,0,Postpaid_Premium,Mid_Range,4G+,35-44,KZN,6,12,952.48,2,0.126,0,1.298,1.5128,1.6278714285714284,1.4141433333333333,-0.32987142857142837,0.3047,0.7367,0.1335,0.0416,4,0,0,1.446
SUB1005234,2026-03-26,84,3,0,1.4483,1.0511,0.0699,0.1895,0.096,2.8549,207.51,0,Prepaid_Daily,Mid_Range,4G,35-44,KZN,24,12,83.64,2,0.36,0,3.7609,4.1476,3.6122000000000005,3.4207000000000005,0.1486999999999994,1.908,1.3847,0.2497,0.092,26,0,0,6.8299
SUB1001386,2026-02-05,35,3,0,3.2933,2.6815,0.0974,3.5572,0.3512,9.9806,742.69,0,Prepaid_Daily,5G_Device,5G,35-44,Gauteng,24,1,157.0,0,0.48,1,6.7849,5.6958,9.316428571428572,8.000973333333333,-2.531528571428572,2.2388,1.8229,2.4182,0.0662,5,0,0,8.0781
SUB1002008,2026-03-24,82,1,0,9.0683,1.9215,0.003,0.1083,0.1621,11.2631,858.94,0,Postpaid_Premium,Premium_Smartphone,3G,18-24,Gauteng,1,48,1015.21,3,0.118,0,13.0626,6.2671,12.468814285714286,13.86727,0.5937857142857137,10.5172,2.2285,0.1256,0.0034,24,0,0,9.7331
SUB1005206,2026-01-20,19,1,0,1.0674,0.3792,0.0112,0.0936,0.0687,1.6201,106.16,0,Postpaid_Basic,Mid_Range,3G,18-24,Gauteng,12,24,342.6,0,0.18,0,2.6931,3.0987,2.4036428571428567,2.4036157894736845,0.2894571428571431,1.7743,0.6303,0.1557,0.0186,20,0,0,3.7084
SUB1004512,2026-03-08,66,6,1,0.627,0.6963,0.131,0.0605,0.1383,1.6531,117.27,1,Postpaid_Basic,5G_Device,4G,45-54,KZN,12,48,471.56,3,0.079,0,5.2329,7.1581,4.037471428571428,3.952,1.1954285714285717,1.9847,2.2042,0.1914,0.4148,8,0,0,1.6981
SUB1002157,2026-01-08,7,3,0,7.0586,4.9009,0.0435,1.1294,0.1165,13.249,1047.9,0,Postpaid_Premium,Mid_Range,3G,25-34,Gauteng,12,12,843.04,1,0.164,0,17.5607,4.3435,12.381614285714287,12.381614285714287,5.179085714285714,9.3557,6.4959,1.4969,0.0577,8,0,0,8.6021
SUB1008202,2026-01-31,30,5,1,1.6788,0.183,0.0388,0.018,0.1101,2.0287,127.28,1,Prepaid_Monthly,Premium_Smartphone,3G,25-34,Gauteng,12,48,371.85,2,0.146,1,4.0357,4.8498,3.9691428571428573,3.6040666666666668,0.06655714285714298,3.3397,0.364,0.0358,0.0773,31,0,1,1.5999
SUB1009607,2026-02-24,54,1,0,1.3176,1.7505,0.0072,0.9229,0.0538,4.052,280.0,0,Postpaid_Unlimited,Basic_Phone,4G+,25-34,Gauteng,3,24,1620.45,1,0.098,0,2.3699,2.1896,3.3473285714285717,3.67333,-0.9774285714285718,0.7706,1.0238,0.5398,0.0042,24,0,0,2.3459
SUB1006186,2026-03-30,88,0,0,16.4482,4.8481,0.0279,0.2734,0.2207,21.8182,1622.93,0,Postpaid_Basic,Premium_Smartphone,4G+,35-44,Gauteng,6,12,461.27,3,0.27,0,17.2504,7.4841,15.064557142857144,18.587863333333335,2.1858428571428554,13.0046,3.8331,0.2162,0.022,30,0,1,14.0815
SUB1002492,2026-01-15,14,3,0,10.9588,1.3425,0.0331,0.0195,0.2373,12.5912,822.19,0,Postpaid_Basic,5G_Device,5G,18-24,KZN,6,6,322.97,2,0.337,1,15.5173,14.645,14.245657142857143,16.86097142857143,1.271642857142858,13.5055,1.6545,0.0241,0.0408,15,0,0,12.7562
SUB1003577,2026-03-14,72,5,1,1.4236,0.5789,0.2114,0.0206,0.0685,2.3031,148.0,0,Postpaid_Unlimited,Basic_Phone,4G,25-34,KZN,12,12,1139.23,1,0.117,0,2.7152,2.0795,1.6742285714285714,1.6654866666666668,1.0409714285714284,1.6784,0.6825,0.0243,0.2492,14,0,0,0.8584
SUB1001992,2026-03-21,79,5,1,101.7495,10.1948,0.6128,0.4927,0.445,113.4947,7633.16,0,Postpaid_Unlimited,Premium_Smartphone,5G,25-34,Eastern Cape,12,18,1364.19,0,0.078,0,45.4024,43.6796,43.40390000000001,49.72145666666666,1.9984999999999928,40.7039,4.0783,0.1971,0.2451,21,0,0,17.7579
SUB1007009,2026-02-16,46,0,0,2.8245,0.4019,0.197,0.2402,0.1917,3.8552,251.95,0,Prepaid_Monthly,Premium_Smartphone,4G,25-34,Western Cape,12,1,260.93,1,0.585,0,4.9744,5.9312,4.444171428571429,4.29122,0.5302285714285713,3.6444,0.5185,0.31,0.2541,16,0,0,4.6447
SUB1008815,2026-03-07,65,5,1,14.7554,1.4604,0.9458,6.048,0.2171,23.4267,1836.56,0,Postpaid_Unlimited,Premium_Smartphone,5G,25-34,Gauteng,12,6,1398.32,4,0.219,0,24.9032,19.3337,19.897699999999997,19.74076666666667,5.005500000000001,15.6853,1.5525,6.4292,1.0054,7,0,0,12.9837
SUB1001919,2026-01-24,23,5,1,1.211,1.0034,0.0014,0.5439,0.1053,2.865,208.31,1,Prepaid_Monthly,Tablet,5G,55+,Western Cape,12,24,178.9,4,0.169,0,3.0523,6.5756,4.248514285714285,4.34954347826087,-1.1962142857142855,1.2902,1.0689,0.5795,0.0015,24,0,0,4.49
SUB1005999,2026-02-13,43,4,0,0.6256,0.6135,0.0118,1.4164,0.1959,2.8631,197.92,0,Prepaid_Monthly,Mid_Range,4G,45-54,Gauteng,1,18,352.12,0,0.126,0,0.8235,1.681,1.2704000000000002,1.39521,-0.4469000000000002,0.1799,0.1765,0.4074,0.0034,13,0,0,2.4804
SUB1004797,2026-01-12,11,0,0,2.7752,0.3192,0.07,0.9219,0.0998,4.1862,304.74,0,Prepaid_Daily,Premium_Smartphone,5G,25-34,Western Cape,12,3,71.94,2,0.78,0,6.3971,12.1948,8.781714285714285,8.375490909090908,-2.384614285714285,4.2409,0.4878,1.4088,0.107,12,0,0,6.695
SUB1000125,2026-01-22,21,3,0,3.1861,2.2118,0.0274,0.6516,0.2827,6.3595,447.64,0,Prepaid_Monthly,5G_Device,4G,25-34,Gauteng,24,24,201.72,3,0.439,0,5.8818,8.0354,6.474314285714286,6.574376190476191,-0.5925142857142855,2.9467,2.0456,0.6027,0.0253,22,0,0,9.7384
SUB1004940,2026-01-21,20,2,0,6.1004,1.7031,0.0213,1.259,0.2376,9.3214,711.01,0,Postpaid_Basic,5G_Device,4G,45-54,Western Cape,12,24,358.8,1,0.105,0,8.1247,5.7526,9.425385714285714,11.71821,-1.300685714285713,5.3173,1.4844,1.0974,0.0185,21,0,0,11.1178
SUB1000507,2026-01-27,26,1,0,1.8383,1.1922,0.04,0.1247,0.1716,3.3668,219.9,0,Prepaid_Daily,Premium_Smartphone,4G,45-54,Gauteng,3,18,219.85,1,0.21,1,4.9093,2.7877,4.092757142857144,3.884169230769231,0.8165428571428563,2.6805,1.7383,0.1818,0.0584,27,0,0,3.3532
SUB1007452,2026-01-13,12,1,0,4.48,6.0853,0.2081,8.5511,0.2029,19.5274,1379.78,0,Postpaid_Unlimited,Mid_Range,4G,25-34,Western Cape,12,18,1476.28,1,0.098,0,9.8502,9.2193,11.244142857142858,10.45555,-1.393942857142859,2.2598,3.0696,4.3135,0.105,13,0,0,10.2716
SUB1004974,2026-02-07,37,5,1,2.8836,0.5166,0.0019,1.351,0.1157,4.8688,354.91,0,Prepaid_Daily,Mid_Range,4G,35-44,Gauteng,6,18,167.44,5,0.6,1,2.9169,5.7731,4.212857142857143,4.3494866666666665,-1.2959571428571426,1.7275,0.3095,0.8094,0.0011,7,0,0,7.7075
SUB1000416,2026-02-10,40,1,0,8.8614,1.399,0.0193,0.0369,0.2569,10.5736,738.68,1,Postpaid_Basic,5G_Device,4G,18-24,Gauteng,3,12,568.63,3,0.405,0,7.0154,13.0439,12.505957142857143,11.387573333333334,-5.490557142857144,5.8794,0.9282,0.0245,0.0128,10,0,0,12.0119
SUB1005065,2026-02-20,50,4,0,2.6077,1.5709,0.0097,11.0493,0.1653,15.4029,1118.5,0,Postpaid_Basic,Premium_Smartphone,5G,25-34,Eastern Cape,24,12,599.76,2,0.234,0,14.8332,18.008,18.538214285714286,19.321416666666668,-3.7050142857142863,2.5113,1.5128,10.6406,0.0093,20,0,0,19.1968
SUB1009526,2026-01-13,12,1,0,2.3831,0.5316,0.1007,0.7307,0.2662,4.0124,300.13,0,Prepaid_Daily,5G_Device,4G,25-34,Gauteng,6,3,87.52,5,0.95,1,5.9921,2.9373,5.473757142857143,4.988925,0.5183428571428568,3.5589,0.794,1.0913,0.1504,13,0,0,4.9269
SUB1006842,2026-02-15,45,6,1,6.3359,1.1136,0.0179,2.0275,0.3248,9.8196,688.65,1,Prepaid_Monthly,5G_Device,3G,35-44,Eastern Cape,3,60,397.2,2,0.112,0,10.8622,11.2039,9.095085714285714,8.680816666666667,1.7671142857142854,7.0086,1.2319,2.2427,0.0198,15,0,0,16.1135
SUB1000092,2026-01-22,21,3,0,0.4656,0.1785,0.0575,0.0164,0.2394,0.9574,54.74,0,Prepaid_Daily,Premium_Smartphone,4G,25-34,Gauteng,24,48,161.11,2,0.195,0,0.6101,0.5798,0.6361714285714285,0.7552666666666666,-0.026071428571428523,0.2967,0.1137,0.0105,0.0367,22,0,0,1.3154
SUB1005740,2026-01-26,25,0,0,0.1689,0.5646,0.0088,0.6134,0.0809,1.4366,98.58,0,Postpaid_Basic,Mid_Range,4G,35-44,Gauteng,6,18,545.58,5,0.3,0,1.1302,1.2894,1.3269285714285715,1.72582,-0.19672857142857136,0.1329,0.4442,0.4826,0.0069,26,0,0,0.8164
SUB1005065,2026-03-25,83,2,0,2.4685,1.487,0.0092,10.4594,0.1565,14.5805,1028.07,0,Postpaid_Basic,Premium_Smartphone,5G,25-34,Eastern Cape,24,12,599.76,2,0.234,0,21.8707,14.947,24.375085714285714,19.472836666666662,-2.504385714285714,3.7027,2.2305,15.689,0.0138,25,0,0,30.8123
SUB1008492,2026-03-11,69,2,0,1.3494,0.363,0.0344,0.0037,0.0476,1.7981,130.99,0,Prepaid_Daily,Basic_Phone,5G,25-34,Gauteng,1,12,114.03,0,0.374,0,2.3231,1.8358,2.540057142857143,2.0026133333333336,-0.21695714285714285,1.7433,0.469,0.0048,0.0445,11,0,0,1.5568
SUB1000187,2026-01-24,23,5,1,3.9325,0.1928,0.0863,1.3271,0.175,5.7137,451.3,1,Prepaid_Monthly,Premium_Smartphone,4G,18-24,Gauteng,1,12,395.78,0,0.324,0,2.7942,12.1662,7.825757142857142,6.290860869565217,-5.031557142857142,1.9231,0.0943,0.649,0.0422,24,0,0,7.9453
SUB1007562,2026-01-20,19,1,0,3.82,1.2371,0.2175,0.2924,0.1731,5.74,434.34,1,Postpaid_Unlimited,Premium_Smartphone,4G,18-24,Gauteng,24,18,951.03,2,0.112,0,5.4523,2.6509,6.161700000000001,5.864842105263158,-0.7094000000000005,3.6285,1.1751,0.2777,0.2066,20,0,0,5.2897
SUB1002123,2026-02-02,32,0,0,1.0902,0.5051,0.0004,1.0057,0.0412,2.6426,199.13,0,Postpaid_Unlimited,Basic_Phone,4G+,18-24,Gauteng,24,60,1777.26,0,0.045,0,2.222,4.9775,3.2882857142857143,3.3676866666666667,-1.0662857142857143,0.9166,0.4247,0.8456,0.0004,2,1,0,3.2085
SUB1006153,2026-01-02,1,4,0,0.3523,1.5873,0.0436,1.657,0.379,4.0192,283.7,0,Postpaid_Basic,5G_Device,4G,25-34,KZN,12,24,466.59,1,0.195,0,1.9026,1.9026,1.9026,1.9026,0.0,0.1668,0.7514,0.7844,0.0207,2,1,0,5.543
SUB1004010,2026-02-22,52,6,1,16.7425,0.8681,0.1385,3.9005,0.1925,21.8421,1677.81,0,Postpaid_Unlimited,Tablet,3G,25-34,Gauteng,12,1,1168.51,4,0.292,0,27.4007,18.6491,16.99885714285714,18.81739,10.40184285714286,21.0033,1.089,4.8932,0.1737,22,0,0,12.8477
SUB1005719,2026-01-03,2,5,1,3.8148,1.8782,0.0311,1.8413,0.3115,7.8769,544.63,0,Postpaid_Premium,5G_Device,4G,18-24,Gauteng,3,24,1002.33,0,0.126,0,21.4051,5.0646,13.234850000000002,13.234850000000002,8.17025,10.3666,5.1038,5.0038,0.0846,3,1,0,8.4763
SUB1008039,2026-03-14,72,5,1,4.2595,1.8828,0.1069,2.2866,0.2211,8.757,567.22,0,Postpaid_Basic,Premium_Smartphone,5G,45-54,Gauteng,24,24,336.83,0,0.084,0,13.6833,7.144,7.467328571428571,7.301133333333334,6.215971428571428,6.6558,2.942,3.573,0.167,14,0,0,5.9577
SUB1002568,2026-03-01,59,6,1,4.7912,6.3089,0.2966,3.7091,0.2378,15.3436,1132.02,0,Postpaid_Unlimited,Tablet,4G,35-44,KZN,3,18,1047.35,3,0.112,0,15.9651,14.3481,9.324042857142858,9.34781,6.641057142857141,4.9852,6.5644,3.8593,0.3087,1,1,0,15.562
SUB1006023,2026-03-20,78,4,0,0.5801,0.6008,0.0345,0.6377,0.1096,1.9627,138.08,0,Postpaid_Basic,Mid_Range,3G,45-54,Gauteng,6,3,476.94,3,0.315,0,1.9731,1.7933,2.2452285714285716,1.8193100000000002,-0.2721285714285715,0.5832,0.6039,0.6411,0.0347,20,0,0,2.595
SUB1002238,2026-02-14,44,5,1,3.958,3.5402,0.3071,0.4403,0.2198,8.4653,634.71,0,Postpaid_Unlimited,Premium_Smartphone,4G,25-34,Western Cape,12,24,978.99,2,0.098,0,12.3037,18.8745,10.046228571428571,8.00016,2.257471428571428,5.7526,5.1453,0.64,0.4464,14,0,0,11.1885
SUB1002294,2026-03-25,83,2,0,1.8006,0.1506,0.002,0.5576,0.0877,2.5985,177.34,0,Postpaid_Premium,Mid_Range,3G,25-34,Eastern Cape,1,3,612.7,1,0.273,0,2.4412,2.0447,2.694585714285714,2.8162766666666665,-0.2533857142857143,1.6917,0.1415,0.5239,0.0018,25,0,0,1.5606
SUB1001172,2026-02-16,46,0,0,1.1744,0.8892,0.0124,0.5176,0.064,2.6577,177.71,0,Postpaid_Premium,Mid_Range,4G,25-34,KZN,12,6,968.88,3,0.307,0,4.1964,3.8672,3.4508714285714284,3.7631799999999997,0.7455285714285713,1.8544,1.404,0.8173,0.0196,16,0,0,3.2627
SUB1009723,2026-03-05,63,3,0,9.4133,1.6696,0.0947,1.6475,0.0885,12.9136,1088.24,1,Prepaid_Monthly,Premium_Smartphone,5G,25-34,Gauteng,12,6,212.9,2,0.439,0,32.2511,20.6336,32.327400000000004,32.62348,-0.07630000000000337,23.5092,4.1698,4.1146,0.2366,5,0,0,41.646
SUB1001494,2026-02-10,40,1,0,3.3466,2.3577,0.2177,6.8768,0.1218,12.9206,939.95,0,Postpaid_Premium,Mid_Range,4G,25-34,KZN,6,6,683.65,1,0.205,0,6.4207,6.5324,9.588314285714286,9.874293333333334,-3.1676142857142864,1.663,1.1716,3.4173,0.1082,10,0,0,5.867
SUB1004901,2026-01-19,18,0,0,0.4295,0.1136,0.0113,0.0023,0.0349,0.5916,44.53,1,Prepaid_Monthly,Basic_Phone,4G,25-34,Gauteng,6,6,283.47,1,0.439,1,0.7085,0.5146,0.7526857142857144,0.8363777777777778,-0.044185714285714384,0.5143,0.1361,0.0027,0.0136,19,0,0,0.6171
SUB1000813,2026-02-02,32,0,0,6.8974,0.5353,0.0903,1.8446,0.1031,9.4708,713.74,0,Postpaid_Premium,Mid_Range,4G,35-44,Gauteng,12,60,1008.65,1,0.052,0,10.9415,8.9225,8.18522857142857,9.88046,2.756271428571429,7.9685,0.6184,2.1311,0.1044,2,1,0,9.3513
SUB1008279,2026-01-25,24,6,1,11.7112,0.6193,0.0164,1.5046,0.1967,14.0483,1030.24,0,Prepaid_Monthly,Tablet,4G,25-34,Gauteng,6,24,269.15,3,0.439,0,10.1566,16.1657,12.865271428571429,12.382937499999999,-2.7086714285714297,8.467,0.4478,1.0878,0.0119,25,0,0,7.3334
SUB1006764,2026-01-09,8,4,0,7.9386,2.2968,0.1448,3.9904,0.1013,14.4719,983.46,0,Postpaid_Unlimited,Mid_Range,4G,25-34,Western Cape,6,3,1060.17,0,0.156,0,14.7369,20.6974,14.714014285714287,14.5484875,0.022885714285713732,8.0839,2.3389,4.0634,0.1475,9,0,0,19.2037
SUB1009728,2026-03-05,63,3,0,0.7466,4.396,0.1058,2.4426,0.5576,8.2487,602.99,0,Prepaid_Daily,Premium_Smartphone,4G+,35-44,KZN,24,1,203.15,2,0.6,0,4.1379,2.9883,3.6877,3.27031,0.45020000000000016,0.3745,2.2053,1.2253,0.0531,5,0,0,5.6029
SUB1004675,2026-01-13,12,1,0,0.1945,0.0379,0.0091,0.5836,0.0661,0.8912,62.41,0,Prepaid_Daily,Mid_Range,5G,18-24,Gauteng,12,24,69.24,1,0.45,1,1.2822,1.1408,1.6587571428571428,1.5354416666666666,-0.3765571428571428,0.2798,0.0546,0.8396,0.0131,13,0,0,0.8279
SUB1007276,2026-03-05,63,3,0,7.0491,0.2023,0.0025,2.5997,0.0788,9.9324,778.2,0,Postpaid_Unlimited,Mid_Range,5G,25-34,Western Cape,1,12,1053.83,3,0.176,0,13.7253,8.3161,9.6774,10.179426666666666,4.0479,9.741,0.2795,3.5925,0.0034,5,0,0,13.5137
SUB1005879,2026-03-10,68,1,0,8.5893,3.8106,0.2113,1.4337,0.2513,14.2961,992.83,0,Postpaid_Premium,5G_Device,5G,25-34,Western Cape,6,12,676.26,6,0.328,0,11.9549,11.2093,13.8801,16.993986666666665,-1.9252000000000002,7.1826,3.1865,1.1989,0.1767,10,0,0,10.8217
SUB1001814,2026-02-27,57,4,0,1.2457,1.3007,0.0185,0.9516,0.1372,3.6538,267.8,0,Postpaid_Basic,Premium_Smartphone,5G,45-54,Eastern Cape,3,48,529.14,2,0.052,0,3.5538,3.5888,4.967114285714286,5.226003333333334,-1.4133142857142857,1.2116,1.2651,0.9256,0.018,27,0,0,7.6715
SUB1003300,2026-03-13,71,4,0,1.3451,0.6421,0.0021,0.0839,0.07,2.1432,156.94,0,Postpaid_Premium,Mid_Range,4G+,55+,Gauteng,1,12,900.02,2,0.063,0,1.5103,4.9935,2.9159714285714284,2.6873566666666666,-1.4056714285714285,0.9479,0.4525,0.0591,0.0015,13,0,0,6.5695
SUB1009941,2026-02-23,53,0,0,2.0305,2.7557,0.0227,2.3152,0.0564,7.1805,540.55,0,Postpaid_Premium,Mid_Range,5G,18-24,Western Cape,24,24,787.74,0,0.126,1,8.6348,9.8318,12.030114285714285,12.20915,-3.395314285714285,2.4417,3.3139,2.7841,0.0273,23,0,0,15.6212
SUB1005085,2026-01-13,12,1,0,7.0436,2.9234,0.1719,2.9192,0.2681,13.3262,997.24,0,Postpaid_Premium,5G_Device,5G,25-34,Eastern Cape,12,3,621.62,2,0.273,1,14.9501,18.5048,14.414785714285713,14.048891666666668,0.5353142857142874,7.9019,3.2797,3.275,0.1928,13,0,0,9.733
SUB1003099,2026-01-03,2,5,1,1.3264,0.4191,0.0335,0.2989,0.0638,2.1417,157.58,1,Prepaid_Monthly,Mid_Range,3G,18-24,Gauteng,3,48,203.83,3,0.253,0,4.2803,1.9279,3.1041000000000003,3.1041000000000003,1.1762000000000001,2.6508,0.8376,0.5974,0.0669,3,1,0,5.1937
SUB1003306,2026-01-27,26,1,0,5.7537,2.9814,0.1128,0.9909,0.1633,10.0021,737.63,0,Postpaid_Unlimited,Premium_Smartphone,3G,18-24,KZN,3,6,1428.63,0,0.135,0,9.3116,7.5885,11.74652857142857,12.773411538461538,-2.4349285714285696,5.3565,2.7755,0.9225,0.105,27,0,0,11.9944
SUB1002851,2026-01-06,5,1,0,34.8604,2.6854,0.2816,1.5991,0.2421,39.6687,2760.44,0,Postpaid_Unlimited,Premium_Smartphone,5G,25-34,Western Cape,6,6,1309.25,3,0.219,0,51.719,35.853,35.25326,35.25326,16.465740000000004,45.4501,3.5012,2.0849,0.3672,6,0,0,43.9723
SUB1008483,2026-02-15,45,6,1,1.2459,0.1672,0.0742,0.9093,0.1034,2.5,174.92,0,Postpaid_Premium,Mid_Range,3G,25-34,KZN,24,18,639.14,2,0.105,0,2.4208,2.1677,2.2308999999999997,2.2043133333333333,0.18990000000000018,1.2064,0.1619,0.8805,0.0719,15,0,0,2.8355
SUB1007453,2026-01-17,16,5,1,3.4103,0.3618,0.0262,0.5515,0.08,4.4299,338.28,1,Prepaid_Daily,Mid_Range,4G,35-44,Eastern Cape,6,24,91.46,1,0.3,1,5.4527,5.6042,4.740814285714285,5.27236875,0.7118857142857147,4.1977,0.4454,0.6788,0.0323,17,0,0,4.8423
SUB1003996,2026-02-23,53,0,0,5.7148,1.873,0.1913,0.0969,0.2069,8.0828,620.39,0,Prepaid_Monthly,Mid_Range,5G,18-24,Western Cape,1,36,368.88,2,0.236,0,6.345,7.8796,5.628071428571428,4.452926666666667,0.7169285714285714,4.4861,1.4703,0.076,0.1501,23,0,0,3.3201
SUB1000149,2026-03-15,73,6,1,2.2944,0.7857,0.1288,0.0708,0.1977,3.4774,239.84,0,Postpaid_Premium,5G_Device,4G,18-24,Gauteng,3,18,930.89,0,0.126,0,5.3905,5.6666,6.606428571428571,5.1502566666666665,-1.215928571428571,3.5567,1.2179,0.1097,0.1997,15,0,0,4.2746
SUB1008705,2026-02-25,55,2,0,1.6409,0.7913,0.0439,0.0414,0.1557,2.6731,205.48,1,Prepaid_Monthly,5G_Device,3G,25-34,Eastern Cape,12,18,213.32,1,0.292,0,6.0059,8.0826,5.6935714285714285,4.83761,0.31232857142857107,3.6867,1.7778,0.093,0.0986,25,0,0,3.6998
SUB1006721,2026-02-27,57,4,0,2.0025,0.9096,0.1244,0.2591,0.0609,3.3564,245.32,1,Postpaid_Premium,Basic_Phone,4G+,25-34,KZN,6,1,857.88,0,0.218,0,1.3279,2.4517,1.8759,2.6260666666666665,-0.5479999999999998,0.7923,0.3599,0.1025,0.0492,27,0,0,2.489
SUB1003988,2026-01-29,28,3,0,0.8814,2.9959,0.0536,0.6779,0.2908,4.8997,356.52,0,Postpaid_Premium,Premium_Smartphone,4G,55+,Eastern Cape,24,12,1045.46,0,0.05,0,1.5495,2.4135,2.9045285714285716,3.1102678571428575,-1.3550285714285715,0.2788,0.9475,0.2144,0.017,29,0,1,4.3986
SUB1009001,2026-02-13,43,4,0,18.6491,3.7278,0.0253,1.9284,0.4809,24.8116,1849.3,0,Postpaid_Unlimited,5G_Device,5G,18-24,Western Cape,3,24,1787.53,1,0.112,0,11.8274,17.4305,16.5453,15.3221,-4.7179,8.8898,1.777,0.9193,0.0121,13,0,0,17.8585
SUB1002386,2026-01-07,6,2,0,1.6991,0.3955,0.0206,0.1619,0.1952,2.4724,161.48,0,Prepaid_Daily,Premium_Smartphone,4G,55+,Eastern Cape,6,12,157.4,1,0.18,0,2.1066,1.996,2.2551166666666664,2.2551166666666664,-0.14851666666666663,1.4477,0.337,0.1379,0.0176,7,0,0,1.7859
SUB1004493,2026-03-17,75,1,0,5.7707,0.9269,0.0766,0.2399,0.0661,7.0803,507.82,0,Postpaid_Unlimited,Mid_Range,3G,18-24,Eastern Cape,12,6,1134.97,2,0.169,0,5.969,13.7654,11.05502857142857,11.15216,-5.08602857142857,4.865,0.7814,0.2023,0.0646,17,0,0,9.0166
SUB1000926,2026-02-23,53,0,0,7.266,0.7278,0.023,0.8983,0.1116,9.0267,671.2,0,Postpaid_Basic,Mid_Range,5G,25-34,Gauteng,1,6,314.84,1,0.337,0,5.1998,6.0886,7.356528571428571,8.490913333333333,-2.1567285714285713,4.1856,0.4192,0.5175,0.0132,23,0,0,7.2778
SUB1009246,2026-01-28,27,2,0,2.8599,0.4447,0.028,0.3969,0.145,3.8744,248.43,0,Prepaid_Daily,5G_Device,3G,25-34,Gauteng,12,60,77.97,3,0.292,0,8.1073,4.2078,7.257842857142857,7.654674074074074,0.8494571428571431,5.9844,0.9304,0.8305,0.0586,28,0,1,6.9696
SUB1007095,2026-02-16,46,0,0,2.024,0.2955,0.0588,1.1031,0.1617,3.6431,276.92,0,Postpaid_Premium,5G_Device,3G,25-34,Gauteng,3,18,965.91,2,0.136,0,6.2658,8.0864,6.442514285714286,7.015313333333333,-0.1767142857142865,3.481,0.5082,1.8973,0.1012,16,0,0,6.1971
SUB1009399,2026-02-13,43,4,0,0.3,0.2157,0.0166,0.1175,0.0994,0.7492,48.62,0,Prepaid_Monthly,Mid_Range,3G,35-44,KZN,12,3,332.28,1,0.45,0,1.0668,1.0749,0.6989857142857143,0.70829,0.36781428571428565,0.4272,0.3071,0.1674,0.0236,13,0,0,0.8495
SUB1004128,2026-02-03,33,1,0,1.8146,0.2561,0.1572,0.017,0.0733,2.3181,160.14,1,Postpaid_Unlimited,Mid_Range,4G,45-54,Eastern Cape,24,3,1763.85,0,0.084,0,2.8142,2.4011,4.061157142857143,3.2773499999999998,-1.2469571428571427,2.203,0.3109,0.0206,0.1908,3,1,0,3.6863
SUB1009802,2026-01-22,21,3,0,3.7808,1.0274,0.0847,0.0862,0.2975,5.2765,368.0,0,Postpaid_Basic,Premium_Smartphone,3G,35-44,Eastern Cape,12,18,377.0,2,0.15,0,4.2307,2.8065,3.6803142857142856,3.8613714285714287,0.550385714285714,3.0314,0.8238,0.0691,0.0679,22,0,0,2.7448
SUB1001552,2026-01-04,3,6,1,7.2724,2.2788,0.0265,2.3795,0.157,12.1142,865.99,0,Postpaid_Basic,Tablet,4G+,25-34,KZN,12,12,324.8,5,0.468,0,5.0422,14.5254,14.060433333333334,14.060433333333334,-9.018233333333335,3.0269,0.9485,0.9904,0.011,4,0,0,9.4627
SUB1004802,2026-03-02,60,0,0,4.4535,1.31,0.1373,0.7811,0.2416,6.9234,479.04,0,Prepaid_Monthly,Premium_Smartphone,5G,18-24,Gauteng,3,18,167.97,1,0.337,0,6.1516,4.7892,5.874128571428571,6.505523333333333,0.27747142857142926,3.957,1.1639,0.694,0.122,2,1,0,7.139
SUB1005549,2026-02-22,52,6,1,1.5012,0.5355,0.1787,0.4327,0.2624,2.9105,204.55,0,Postpaid_Premium,Premium_Smartphone,3G,25-34,Gauteng,12,24,675.86,2,0.136,0,3.2598,2.9175,2.7121714285714282,2.106716666666667,0.5476285714285716,1.6814,0.5998,0.4846,0.2002,22,0,0,1.2551
SUB1008865,2026-02-11,41,2,0,3.5711,1.5694,0.0205,0.1006,0.1356,5.3972,354.49,1,Prepaid_Daily,Premium_Smartphone,4G,25-34,KZN,6,18,193.28,2,0.39,0,7.2268,7.1195,10.137757142857144,8.436426666666668,-2.9109571428571437,4.7816,2.1014,0.1347,0.0274,11,0,0,5.6253
SUB1004129,2026-01-09,8,4,0,2.3401,0.5036,0.0122,0.3572,0.1238,3.3368,256.62,0,Prepaid_Monthly,Mid_Range,5G,55+,Western Cape,24,1,307.11,2,0.225,0,2.6776,3.3229,2.3440000000000003,2.5272125,0.3335999999999997,1.8778,0.4041,0.2866,0.0098,9,0,0,2.5428
SUB1000514,2026-02-15,45,6,1,3.2913,1.5314,0.0053,2.1608,0.349,7.3377,559.62,0,Postpaid_Unlimited,5G_Device,5G,25-34,KZN,12,12,926.13,1,0.117,0,13.8716,5.2109,8.069928571428573,6.308013333333333,5.801671428571428,6.2221,2.895,4.0849,0.01,15,0,0,2.8642
SUB1008224,2026-01-21,20,2,0,2.1729,0.5023,0.0026,1.8253,0.0672,4.5702,306.13,0,Postpaid_Basic,Mid_Range,4G,25-34,Eastern Cape,12,48,348.59,1,0.098,0,11.4695,5.7394,8.230657142857142,8.143265,3.238842857142858,5.4531,1.2605,4.5807,0.0065,21,0,0,6.2723
SUB1001196,2026-02-04,34,2,0,3.9974,0.1547,0.0276,2.3731,0.0849,6.6378,467.69,0,Prepaid_Daily,Mid_Range,5G,18-24,KZN,1,1,51.04,4,0.95,1,6.9406,6.5535,6.947228571428572,6.711976666666667,-0.006628571428572094,4.1798,0.1618,2.4813,0.0289,4,0,0,8.146
SUB1000175,2026-01-21,20,2,0,1.2176,0.7915,0.0987,0.1429,0.1671,2.4177,161.32,1,Postpaid_Premium,5G_Device,4G,18-24,Eastern Cape,6,12,987.34,2,0.189,0,2.545,4.2494,4.2947,4.38227,-1.7496999999999998,1.2817,0.8332,0.1505,0.1039,21,0,0,3.8669
SUB1009503,2026-03-14,72,5,1,14.2773,10.1911,0.0374,0.1243,0.1163,24.7463,1807.11,0,Postpaid_Unlimited,Mid_Range,4G,18-24,KZN,3,6,1389.52,3,0.253,0,29.5009,21.9737,20.211457142857142,18.914473333333333,9.289442857142859,17.0204,12.1491,0.1482,0.0445,14,0,0,19.7865
SUB1002141,2026-02-19,49,3,0,3.0048,5.4001,0.1236,3.4648,0.4591,12.4523,900.22,0,Postpaid_Basic,5G_Device,4G,25-34,KZN,24,18,488.06,2,0.195,0,4.2181,5.9954,7.880885714285713,8.063213333333334,-3.6627857142857136,1.0178,1.8292,1.1737,0.0419,19,0,0,10.6977
SUB1003914,2026-03-26,84,3,0,4.8065,1.2962,0.1399,0.0705,0.0782,6.3913,458.25,0,Postpaid_Unlimited,Mid_Range,4G,25-34,Gauteng,12,1,1236.61,2,0.195,0,5.0261,6.9199,6.331471428571429,7.00049,-1.305371428571429,3.7798,1.0194,0.0555,0.11,26,0,0,10.8755
SUB1003354,2026-03-26,84,3,0,2.6542,6.4052,0.125,2.9478,0.2386,12.3708,873.09,0,Postpaid_Premium,5G_Device,5G,25-34,Gauteng,3,24,944.39,4,0.205,0,17.6756,19.1182,17.865385714285715,15.933976666666666,-0.18978571428571556,3.7924,9.1518,4.2119,0.1786,26,0,0,10.4409
SUB1002558,2026-01-15,14,3,0,0.3728,0.8482,0.075,0.1681,0.1093,1.5735,108.99,0,Postpaid_Basic,Mid_Range,4G,25-34,KZN,12,36,413.76,0,0.109,0,0.5569,0.8865,1.066042857142857,1.2885214285714286,-0.5091428571428571,0.132,0.3002,0.0595,0.0266,15,0,0,1.9739
SUB1002250,2026-02-17,47,1,0,1.7748,0.2894,0.0143,0.1238,0.2574,2.4597,170.91,0,Prepaid_Daily,Premium_Smartphone,3G,25-34,Western Cape,3,36,126.53,2,0.273,1,0.7537,1.0328,1.4997857142857143,1.7425566666666665,-0.7460857142857142,0.5438,0.0887,0.0379,0.0044,17,0,0,2.1577
SUB1004330,2026-02-23,53,0,0,0.4071,1.1377,0.151,0.9908,0.0976,2.7843,203.68,0,Prepaid_Monthly,Basic_Phone,4G+,18-24,KZN,3,24,174.11,1,0.337,1,2.0191,1.184,2.0573428571428574,1.5076633333333334,-0.03824285714285747,0.2952,0.825,0.7185,0.1095,23,0,0,1.2279
SUB1001197,2026-02-01,31,6,1,0.286,0.4285,0.0326,2.2667,0.3078,3.3215,216.35,1,Prepaid_Daily,5G_Device,4G,35-44,Gauteng,12,36,59.51,1,0.21,0,2.3541,4.0098,3.081928571428572,3.119526666666667,-0.7278285714285722,0.2027,0.3037,1.6065,0.0231,1,1,0,5.9232
SUB1004863,2026-03-06,64,4,0,2.9393,0.3791,0.013,0.0463,0.1516,3.5293,238.43,0,Prepaid_Daily,Premium_Smartphone,4G,45-54,Gauteng,12,12,242.4,1,0.252,0,4.2005,5.7606,5.199228571428571,5.14872,-0.998728571428571,3.4982,0.4512,0.0551,0.0155,6,0,0,3.6333
SUB1007606,2026-02-19,49,3,0,2.2278,0.325,0.0201,0.4644,0.0819,3.1192,235.99,1,Postpaid_Premium,Mid_Range,4G,45-54,Gauteng,12,1,1033.18,3,0.22,0,3.0341,3.9339,3.321314285714286,3.70646,-0.2872142857142861,2.167,0.3162,0.4518,0.0195,19,0,0,3.9475
SUB1000416,2026-02-06,36,4,0,15.186,2.3976,0.0331,0.0632,0.4403,18.1202,1452.94,0,Postpaid_Basic,5G_Device,4G,18-24,Gauteng,3,12,568.63,3,0.405,0,10.8538,13.6181,9.986757142857144,11.06123,0.8670428571428559,9.0962,1.4361,0.0379,0.0199,6,0,0,22.8791
SUB1001837,2026-01-03,2,5,1,14.0838,3.6645,0.2888,0.6718,0.2905,18.9994,1278.25,0,Postpaid_Unlimited,5G_Device,4G+,25-34,Gauteng,24,6,1583.35,6,0.292,0,22.2613,25.219,23.74015,23.74015,-1.4788500000000013,16.5017,4.2936,0.7871,0.3384,3,1,0,12.8396
SUB1003841,2026-02-21,51,5,1,5.8607,0.5808,0.1252,1.3085,0.248,8.1232,557.02,0,Postpaid_Basic,Premium_Smartphone,4G,35-44,Gauteng,6,24,315.36,5,0.3,0,9.2564,7.6874,7.525414285714285,7.123473333333333,1.7309857142857146,6.6783,0.6618,1.491,0.1427,21,0,0,8.7178
SUB1002844,2026-01-02,1,4,0,1.4698,0.9537,0.0662,1.1459,0.2014,3.837,257.25,0,Prepaid_Daily,Premium_Smartphone,4G,18-24,Eastern Cape,12,12,155.79,1,0.54,0,5.5148,5.5148,5.5148,5.5148,0.0,2.1124,1.3708,1.6469,0.0951,2,1,0,4.4127
SUB1006782,2026-03-11,69,2,0,1.5937,0.1827,0.097,0.4031,0.081,2.3574,176.23,0,Prepaid_Daily,Mid_Range,4G,35-44,Eastern Cape,1,18,194.69,2,0.3,0,3.4904,3.529,3.4724857142857144,3.218506666666667,0.01791428571428577,2.3597,0.2704,0.5968,0.1436,11,0,0,2.9873
SUB1005404,2026-01-04,3,6,1,3.7898,0.7474,0.0369,1.0259,0.0962,5.6963,400.61,1,Postpaid_Basic,Premium_Smartphone,4G+,35-44,KZN,6,36,365.41,1,0.105,0,18.3431,8.8331,13.255533333333332,13.255533333333332,5.0875666666666675,12.2039,2.4067,3.3037,0.119,4,0,0,11.4152
SUB1003401,2026-03-05,63,3,0,3.8022,0.1964,0.0186,0.0833,0.1725,4.2729,276.98,1,Postpaid_Basic,5G_Device,5G,45-54,KZN,12,24,350.84,4,0.158,0,3.0745,3.1188,6.726857142857142,7.4372766666666665,-3.652357142857142,2.7358,0.1413,0.0599,0.0134,5,0,0,7.9634
SUB1000185,2026-01-17,16,5,1,0.8693,2.3347,0.0488,0.0773,0.3161,3.6462,250.86,1,Prepaid_Daily,5G_Device,4G,35-44,Gauteng,1,3,247.84,4,0.9,1,2.4995,3.645,2.9216857142857147,3.3346875,-0.42218571428571483,0.5959,1.6005,0.053,0.0334,17,0,0,3.6609
SUB1004435,2026-03-03,61,1,0,3.7268,1.4535,0.1255,1.4418,0.1595,6.907,482.38,0,Postpaid_Premium,5G_Device,4G,35-44,Gauteng,24,36,733.03,1,0.074,0,12.9874,11.2009,11.393414285714284,11.647246666666666,1.593985714285715,7.0076,2.733,2.711,0.2359,3,1,0,16.4071
SUB1002368,2026-01-19,18,0,0,2.7461,2.6536,0.1504,0.5742,0.2213,6.3458,488.94,0,Postpaid_Basic,Premium_Smartphone,5G,25-34,Western Cape,12,6,346.58,0,0.234,1,7.8474,6.6321,6.209785714285715,5.881377777777778,1.6376142857142852,3.396,3.2816,0.7101,0.186,19,0,0,2.5558
SUB1003357,2026-03-29,87,6,1,2.3265,0.4425,0.0223,0.5947,0.2298,3.6157,250.52,0,Prepaid_Daily,Premium_Smartphone,4G+,25-34,Gauteng,12,6,80.1,2,0.585,0,3.8406,4.4543,3.8088142857142855,3.590996666666667,0.031785714285714306,2.4712,0.47,0.6317,0.0237,29,0,1,5.5912
SUB1006960,2026-03-03,61,1,0,3.7231,0.6575,0.0165,1.4366,0.1187,5.9524,418.26,1,Postpaid_Unlimited,Premium_Smartphone,4G,25-34,Gauteng,24,24,1700.26,3,0.146,0,6.4003,8.0786,9.233257142857143,10.367296666666666,-2.8329571428571434,4.0032,0.707,1.5447,0.0177,3,1,0,6.0022
SUB1004091,2026-01-19,18,0,0,1.1504,1.63,0.2236,0.2124,0.2222,3.4385,245.52,0,Postpaid_Basic,5G_Device,5G,45-54,Gauteng,12,18,507.77,3,0.158,0,7.2897,3.8525,3.8524428571428575,4.504944444444444,3.4372571428571423,2.4388,3.4556,0.4503,0.4739,19,0,0,4.7095
SUB1007199,2026-01-20,19,1,0,3.8434,2.0856,0.0259,0.2558,0.0591,6.2699,448.14,0,Postpaid_Unlimited,Mid_Range,4G+,35-44,Gauteng,1,6,1715.11,1,0.112,0,16.4634,11.4946,11.886157142857144,11.558610526315789,4.577242857142856,10.092,5.4765,0.6716,0.068,20,0,0,10.3368
SUB1004581,2026-01-24,23,5,1,1.3692,0.7186,0.0414,0.2912,0.1759,2.5963,186.15,0,Prepaid_Monthly,Mid_Range,4G+,45-54,Western Cape,12,12,201.5,3,0.284,0,2.027,2.2268,1.3798857142857144,1.4753478260869566,0.6471142857142858,1.0689,0.561,0.2274,0.0323,24,0,0,1.3002
SUB1009356,2026-01-13,12,1,0,2.1241,0.3832,0.0059,0.1886,0.3675,3.0693,204.97,0,Prepaid_Monthly,5G_Device,4G,55+,KZN,3,36,227.85,2,0.079,0,2.3007,3.1788,2.4158428571428567,2.5441249999999997,-0.11514285714285677,1.5922,0.2873,0.1414,0.0044,13,0,0,4.5122
SUB1007314,2026-03-18,76,2,0,10.0102,3.7502,0.0365,0.5784,0.1708,14.5461,1074.86,0,Postpaid_Basic,Tablet,3G,25-34,Western Cape,6,24,416.73,3,0.292,0,11.5111,25.5576,12.422514285714287,12.11362,-0.9114142857142866,7.9216,2.9678,0.4577,0.0289,18,0,0,9.6092
SUB1008761,2026-02-07,37,5,1,2.2496,0.3323,0.028,0.3926,0.1459,3.1484,200.33,1,Prepaid_Daily,Premium_Smartphone,4G,18-24,Western Cape,24,36,179.7,1,0.315,0,5.428,3.5081,5.021385714285715,4.228466666666667,0.4066142857142854,3.8784,0.573,0.6769,0.0482,7,0,0,4.3432
SUB1007236,2026-01-13,12,1,0,1.6732,1.3947,0.0645,1.1163,0.1365,4.3853,335.92,0,Postpaid_Premium,Premium_Smartphone,4G,25-34,Eastern Cape,3,3,663.62,3,0.41,0,5.3194,8.8139,7.552685714285714,7.531241666666666,-2.2332857142857137,2.0296,1.6918,1.3541,0.0782,13,0,0,3.6918
SUB1001583,2026-02-12,42,3,0,9.7894,0.3357,0.0853,0.0203,0.1726,10.4033,705.31,0,Prepaid_Monthly,Premium_Smartphone,4G,25-34,Eastern Cape,24,1,339.33,2,0.585,1,9.8026,7.3046,11.240714285714287,13.145213333333334,-1.4381142857142866,9.2242,0.3163,0.0191,0.0804,12,0,0,31.8669
SUB1006614,2026-02-02,32,0,0,0.8745,0.3653,0.0612,0.1714,0.1311,1.6034,94.2,0,Prepaid_Monthly,Mid_Range,4G+,55+,Gauteng,24,24,318.17,3,0.169,0,0.7677,1.1075,0.9341999999999999,1.2176566666666666,-0.16649999999999987,0.4187,0.1749,0.0821,0.0293,2,1,0,0.7365
SUB1003958,2026-01-22,21,3,0,2.6007,1.0472,0.1575,2.1974,0.1269,6.1296,472.03,0,Postpaid_Premium,Premium_Smartphone,4G,18-24,KZN,6,18,968.69,2,0.157,0,7.3605,6.9172,10.075985714285713,10.57294761904762,-2.7154857142857125,3.1229,1.2575,2.6387,0.1891,22,0,0,10.934
SUB1009551,2026-01-09,8,4,0,1.4491,0.7418,0.0023,0.2008,0.0445,2.4385,177.39,0,Prepaid_Daily,Basic_Phone,5G,25-34,KZN,1,1,127.85,3,0.95,0,2.1973,2.9981,2.523557142857143,2.508425,-0.326257142857143,1.3058,0.6684,0.1809,0.0021,9,0,0,2.1563
SUB1005464,2026-01-12,11,0,0,1.3758,1.2022,0.0236,0.0688,0.0377,2.7081,201.71,0,Postpaid_Premium,Basic_Phone,4G,18-24,KZN,1,1,1063.36,3,0.472,0,1.8865,2.7533,3.0098857142857143,3.5433272727272724,-1.1233857142857142,0.9584,0.8375,0.0479,0.0164,12,0,0,3.6995
SUB1009570,2026-01-15,14,3,0,24.3992,4.519,0.2887,16.868,0.2219,46.2967,3406.14,0,Postpaid_Unlimited,Premium_Smartphone,5G,18-24,KZN,1,12,1592.86,1,0.135,0,23.3747,38.4865,43.06921428571428,39.81952142857143,-19.69451428571428,12.3189,2.2816,8.5165,0.1457,15,0,0,49.5881
SUB1001044,2026-01-15,14,3,0,0.6502,2.8001,0.0265,3.2585,0.2828,7.018,522.15,1,Postpaid_Basic,5G_Device,4G+,18-24,Gauteng,1,24,596.59,3,0.337,0,9.6649,9.8799,8.995171428571428,8.717707142857142,0.6697285714285712,0.8954,3.8561,4.4875,0.0365,15,0,0,5.0791
SUB1007734,2026-01-11,10,6,1,1.6851,0.6947,0.0316,0.8125,0.2885,3.5125,218.45,0,Postpaid_Unlimited,5G_Device,4G,45-54,Western Cape,3,3,1411.73,0,0.084,0,4.3065,2.9203,4.242685714285715,4.32525,0.06381428571428494,2.066,0.8517,0.9962,0.0388,11,0,0,2.7514
SUB1002862,2026-01-30,29,4,0,4.0055,2.5902,0.0101,6.1761,0.2946,13.0765,833.14,0,Prepaid_Monthly,5G_Device,4G,25-34,Western Cape,6,1,220.43,1,0.585,1,12.8641,12.187,13.273842857142856,12.954372413793104,-0.40974285714285585,3.9405,2.5481,6.0758,0.0099,30,0,1,12.8571
SUB1005988,2026-02-27,57,4,0,0.6645,0.5111,0.0381,0.3476,0.1852,1.7465,114.53,0,Prepaid_Daily,Mid_Range,4G,55+,KZN,12,12,155.77,0,0.144,0,0.7575,1.2354,1.2284285714285714,1.0904966666666667,-0.4709285714285715,0.2882,0.2217,0.1507,0.0165,27,0,0,1.3407
SUB1007924,2026-01-13,12,1,0,1.8218,0.4769,0.1207,0.4661,0.1406,3.0261,212.58,0,Postpaid_Unlimited,Premium_Smartphone,3G,45-54,Western Cape,6,1,977.62,3,0.158,0,3.6138,4.1207,4.103914285714286,3.7315833333333335,-0.4901142857142857,2.1756,0.5695,0.5566,0.1442,13,0,0,4.6665
SUB1006208,2026-02-05,35,3,0,5.335,2.6415,0.1237,1.3748,0.1914,9.6666,681.06,0,Postpaid_Basic,Premium_Smartphone,4G,18-24,Gauteng,6,36,358.8,1,0.157,0,7.4067,9.3185,8.823142857142857,9.894873333333333,-1.4164428571428571,4.0878,2.024,1.0534,0.0948,5,0,0,6.6492
SUB1006911,2026-03-28,86,5,1,3.6206,2.0786,0.0771,0.5002,0.139,6.4154,445.78,0,Prepaid_Monthly,Tablet,5G,35-44,Eastern Cape,12,48,343.07,2,0.112,0,7.7369,12.4767,8.248499999999998,8.453836666666668,-0.5115999999999978,4.3664,2.5067,0.6033,0.0929,28,0,1,10.91
SUB1005060,2026-03-09,67,0,0,1.6009,1.9114,0.3709,0.5696,0.3759,4.8287,339.74,0,Prepaid_Monthly,5G_Device,5G,18-24,Gauteng,6,3,163.89,2,0.675,0,3.417,4.1553,4.069042857142857,4.093656666666667,-0.6520428571428569,1.1329,1.3526,0.4031,0.2625,9,0,0,4.1007
SUB1004786,2026-01-07,6,2,0,6.7961,2.7287,0.1299,2.7766,0.0969,12.5282,927.77,0,Postpaid_Unlimited,Mid_Range,5G,25-34,KZN,24,12,1767.53,0,0.094,1,6.219,7.3314,10.355783333333333,10.355783333333333,-4.136783333333333,3.3736,1.3545,1.3783,0.0645,7,0,0,8.2782
SUB1009192,2026-03-23,81,0,0,4.103,0.7018,0.0254,0.0635,0.2068,5.1005,313.07,0,Prepaid_Monthly,Premium_Smartphone,5G,25-34,Gauteng,6,1,255.56,1,0.585,0,7.7708,5.5008,5.865328571428572,5.40933,1.9054714285714285,6.251,1.0693,0.0968,0.0387,23,0,0,5.7694
SUB1006493,2026-02-18,48,2,0,8.5993,0.3095,0.3163,0.0284,0.2125,9.466,649.99,1,Postpaid_Premium,5G_Device,5G,18-24,KZN,3,12,786.18,0,0.151,0,9.7088,13.1105,12.610757142857143,12.946133333333334,-2.9019571428571425,8.8199,0.3175,0.0292,0.3244,18,0,0,8.7825
SUB1005492,2026-03-15,73,6,1,1.2197,0.4318,0.0207,0.7394,0.1544,2.566,188.93,1,Postpaid_Unlimited,Tablet,4G,18-24,Gauteng,12,3,1328.71,0,0.18,0,3.8968,1.6802,2.4839857142857142,2.4299066666666667,1.4128142857142856,1.8523,0.6557,1.1229,0.0314,15,0,0,2.52
SUB1008700,2026-01-09,8,4,0,0.8664,1.2283,0.0561,3.7314,0.2253,6.1076,446.42,0,Postpaid_Basic,Mid_Range,4G,25-34,Gauteng,12,36,448.34,2,0.136,0,1.6966,2.9239,2.3584714285714283,2.333675,-0.6618714285714282,0.2407,0.3412,1.0365,0.0156,9,0,0,4.8218
SUB1001744,2026-01-24,23,5,1,1.6832,0.8419,0.2179,0.0995,0.1528,2.9952,206.5,0,Prepaid_Monthly,Premium_Smartphone,5G,35-44,Gauteng,12,18,227.9,2,0.225,0,4.6053,5.7844,4.315557142857143,4.076826086956522,0.28974285714285664,2.588,1.2944,0.1531,0.335,24,0,0,3.502
SUB1005972,2026-02-14,44,5,1,6.8047,1.7516,0.3538,0.1033,0.0689,9.0822,619.11,0,Postpaid_Premium,Mid_Range,5G,25-34,Eastern Cape,6,48,1028.11,0,0.055,0,16.9931,26.142,12.92632857142857,14.396653333333335,4.066771428571428,12.7317,3.2772,0.1932,0.662,14,0,0,8.9685
SUB1002919,2026-01-15,14,3,0,0.1811,0.9639,0.0039,0.92,0.0736,2.1424,152.66,0,Postpaid_Basic,Mid_Range,5G,35-44,KZN,3,1,534.96,2,0.3,0,2.081,2.0761,3.7576285714285715,3.228328571428571,-1.6766285714285716,0.1759,0.9362,0.8936,0.0038,15,0,0,3.8666
SUB1009794,2026-03-14,72,5,1,5.3901,1.6012,0.0973,0.6847,0.1478,7.9211,596.42,0,Postpaid_Premium,Premium_Smartphone,4G+,18-24,KZN,24,6,976.67,1,0.236,0,10.4351,11.4689,9.526971428571429,9.685186666666665,0.9081285714285716,7.1007,2.1094,0.902,0.1282,14,0,0,13.8322
SUB1003934,2026-01-24,23,5,1,12.9716,0.9884,0.0583,0.1713,0.1109,14.3005,1036.11,0,Postpaid_Premium,Mid_Range,4G,25-34,KZN,3,18,727.82,1,0.136,0,14.3813,12.6131,11.381528571428573,12.543039130434781,2.9997714285714263,13.0449,0.994,0.1723,0.0587,24,0,0,10.3106
SUB1008981,2026-03-20,78,4,0,0.909,0.2669,0.006,1.2631,0.2529,2.6979,186.99,1,Postpaid_Basic,5G_Device,3G,35-44,Western Cape,12,24,580.41,4,0.225,0,3.9594,3.7718,4.038142857142857,3.5389699999999995,-0.07874285714285678,1.3341,0.3916,1.8537,0.0089,20,0,0,2.2727
SUB1004430,2026-01-13,12,1,0,9.7978,5.4859,0.258,1.4937,0.3011,17.3365,1262.37,0,Prepaid_Monthly,Premium_Smartphone,5G,25-34,Western Cape,3,3,280.01,0,0.468,0,14.5191,9.584,11.948742857142857,11.622991666666666,2.5703571428571426,8.2055,4.5943,1.2509,0.2161,13,0,0,6.3221
SUB1003979,2026-01-18,17,6,1,9.2973,5.3358,0.3561,14.231,0.3998,29.62,2296.81,0,Postpaid_Unlimited,5G_Device,5G,25-34,Eastern Cape,12,6,1799.6,1,0.112,1,24.1585,36.9556,26.365257142857143,23.550841176470588,-2.2067571428571426,7.583,4.352,11.607,0.2905,18,0,0,21.9432
SUB1003823,2026-01-28,27,2,0,0.8071,0.62,0.0018,0.1125,0.0583,1.5996,116.0,0,Postpaid_Premium,Basic_Phone,4G,18-24,KZN,6,24,1054.28,4,0.236,0,1.3715,0.7831,1.3573714285714285,1.4776,0.01412857142857149,0.692,0.5316,0.0965,0.0015,28,0,1,1.2046
SUB1002739,2026-03-03,61,1,0,3.5549,1.117,0.1439,0.2979,0.0632,5.1769,378.3,0,Postpaid_Premium,Mid_Range,5G,35-44,Eastern Cape,1,3,990.52,2,0.21,1,4.976,5.9895,8.383942857142857,8.594143333333333,-3.4079428571428574,3.417,1.0737,0.2863,0.1383,3,1,0,7.8571
SUB1007162,2026-02-02,32,0,0,0.4845,0.259,0.0785,0.013,0.023,0.8579,65.16,0,Prepaid_Monthly,Basic_Phone,5G,35-44,Gauteng,1,3,285.22,1,0.45,0,1.8026,0.7514,1.6950285714285713,1.8115133333333333,0.10757142857142865,1.018,0.5441,0.0273,0.1649,2,1,0,1.2729
SUB1003870,2026-02-12,42,3,0,3.235,1.4116,0.0062,0.1911,0.2372,5.0812,362.44,0,Prepaid_Monthly,Premium_Smartphone,3G,25-34,Western Cape,6,60,332.35,0,0.117,0,4.5992,5.1162,4.3463142857142865,4.32662,0.25288571428571327,2.9281,1.2777,0.173,0.0056,12,0,0,2.3715
SUB1001674,2026-01-26,25,0,0,0.49,0.1142,0.0028,0.0122,0.0672,0.6864,48.19,1,Prepaid_Daily,Mid_Range,4G,45-54,KZN,12,18,141.98,5,0.42,1,1.1216,0.9637,1.1374142857142855,1.1258240000000002,-0.01581428571428556,0.8007,0.1866,0.02,0.0045,26,0,0,0.8471
SUB1003365,2026-01-16,15,4,0,15.7945,4.3516,0.1702,0.0556,0.4564,20.8283,1437.51,0,Prepaid_Monthly,5G_Device,4G,25-34,Gauteng,3,48,187.83,1,0.146,0,10.0709,15.0007,14.31355714285714,13.21004,-4.242657142857141,7.637,2.1041,0.0269,0.0823,16,0,0,11.7747
SUB1007597,2026-01-30,29,4,0,3.2062,3.2216,0.0714,0.6664,0.1591,7.3247,523.13,1,Postpaid_Unlimited,5G_Device,4G,35-44,Western Cape,12,12,924.96,2,0.09,1,11.2046,17.706,13.529371428571428,13.63163448275862,-2.324771428571429,4.9045,4.9282,1.0194,0.1093,30,0,1,11.5227
SUB1008045,2026-02-17,47,1,0,3.8834,2.8747,0.1175,0.4944,0.2052,7.5752,531.2,0,Prepaid_Daily,Premium_Smartphone,5G,25-34,Gauteng,1,3,101.63,4,0.95,0,6.1681,4.6231,5.940685714285714,6.8506100000000005,0.22741428571428557,3.1621,2.3407,0.4026,0.0957,17,0,0,4.107
SUB1009283,2026-01-26,25,0,0,1.0938,1.3521,0.1052,0.337,0.1005,2.9885,224.88,0,Prepaid_Monthly,Premium_Smartphone,5G,18-24,Western Cape,6,12,340.68,3,0.607,1,7.2693,6.0367,6.379871428571429,5.7931680000000005,0.8894285714285717,2.6605,3.2889,0.8198,0.2558,26,0,0,4.7006
SUB1008561,2026-03-14,72,5,1,9.7985,5.7046,0.4644,0.4959,0.3154,16.7787,1261.46,0,Postpaid_Premium,Premium_Smartphone,5G,18-24,Gauteng,12,12,909.77,5,0.378,0,8.9872,14.8152,10.576985714285714,10.937706666666665,-1.5897857142857141,5.2484,3.0555,0.2656,0.2487,14,0,0,8.8277
SUB1008353,2026-01-25,24,6,1,18.3505,2.3655,0.0193,0.0942,0.2935,21.123,1529.64,1,Prepaid_Monthly,5G_Device,4G+,25-34,Western Cape,1,1,376.19,1,0.675,1,19.396,32.6057,21.1321,18.444425,-1.7361000000000004,16.8501,2.1721,0.0865,0.0177,25,0,0,19.831
SUB1007486,2026-02-06,36,4,0,3.5839,0.2237,0.0387,0.1686,0.2924,4.3072,281.92,0,Postpaid_Basic,Premium_Smartphone,5G,25-34,KZN,6,36,502.69,1,0.136,0,2.0209,3.9328,2.8932571428571427,3.283223333333333,-0.8723571428571426,1.6815,0.1049,0.0791,0.0181,6,0,0,2.0431
SUB1008615,2026-02-11,41,2,0,2.6378,1.2238,0.1091,0.3668,0.2033,4.5409,327.07,0,Prepaid_Monthly,5G_Device,5G,35-44,Gauteng,12,24,362.0,1,0.225,0,7.9389,4.6317,6.530499999999999,6.654856666666666,1.4084000000000012,4.6117,2.1396,0.6413,0.1908,11,0,0,7.7957
SUB1004733,2026-01-05,4,0,0,3.8386,2.6592,0.0079,6.6827,0.1917,13.3801,911.08,0,Postpaid_Premium,Premium_Smartphone,4G,18-24,Gauteng,12,1,830.13,2,0.315,0,17.296,14.3549,17.929625,17.929625,-0.6336250000000021,4.962,3.4374,8.6385,0.0102,5,0,0,14.2177
SUB1008004,2026-03-23,81,0,0,0.3863,0.0565,0.2381,0.0355,0.1417,0.8581,48.75,0,Postpaid_Unlimited,Tablet,4G,45-54,Gauteng,24,48,1545.13,2,0.026,0,1.0721,1.2724,1.0070714285714284,0.9402733333333333,0.06502857142857166,0.4826,0.0705,0.0443,0.2975,23,0,0,0.3192
SUB1004963,2026-01-03,2,5,1,39.0741,2.0046,0.6964,1.8923,0.1513,43.8187,3012.69,0,Postpaid_Unlimited,Premium_Smartphone,4G,18-24,KZN,24,18,1546.44,1,0.112,0,74.1815,49.9963,62.088899999999995,62.088899999999995,12.092600000000004,66.1493,3.3936,3.2035,1.179,3,1,0,72.5845
SUB1000186,2026-02-20,50,4,0,1.1945,0.2813,0.1566,0.0398,0.0713,1.7435,121.24,0,Postpaid_Basic,Mid_Range,3G,25-34,Gauteng,24,3,482.42,1,0.39,0,3.1719,1.8922,2.7079714285714287,2.641723333333333,0.46392857142857125,2.1731,0.5118,0.0724,0.2849,20,0,0,2.1543
SUB1003008,2026-03-18,76,2,0,2.6248,2.5139,0.0284,0.0413,0.162,5.3703,394.44,1,Postpaid_Premium,Premium_Smartphone,4G,18-24,Western Cape,6,3,624.46,0,0.252,0,11.3606,4.5491,8.919528571428572,7.03439,2.441071428571428,5.5527,5.318,0.0873,0.0601,18,0,0,3.6348
SUB1006927,2026-03-13,71,4,0,0.1602,0.2069,0.0284,0.0201,0.0798,0.4954,31.74,0,Prepaid_Monthly,Basic_Phone,4G,55+,KZN,6,18,195.34,1,0.112,0,0.2137,0.3051,0.2677714285714286,0.36541,-0.054071428571428604,0.0691,0.0892,0.0087,0.0122,13,0,0,0.4103
SUB1006398,2026-03-28,86,5,1,17.0019,2.6621,0.2435,0.0104,0.4809,20.3988,1496.79,0,Postpaid_Basic,5G_Device,4G,35-44,Western Cape,12,36,430.21,1,0.105,0,8.9746,15.5412,10.106714285714286,11.795933333333332,-1.1321142857142856,7.4801,1.1712,0.0046,0.1071,28,0,1,12.0942
SUB1004557,2026-01-20,19,1,0,4.3307,0.1716,0.0411,0.3794,0.0782,5.001,324.37,0,Postpaid_Premium,Mid_Range,3G,35-44,Western Cape,6,18,955.08,2,0.105,0,11.434,4.9646,8.065028571428572,7.294136842105263,3.3689714285714274,9.9015,0.3924,0.8674,0.0939,20,0,0,4.5408
SUB1008037,2026-03-03,61,1,0,2.524,1.7346,0.1715,0.6899,0.0749,5.1949,374.63,0,Postpaid_Basic,Mid_Range,4G,25-34,Gauteng,6,24,390.15,2,0.195,0,6.5881,5.2104,7.397985714285714,7.959460000000001,-0.8098857142857145,3.201,2.1998,0.8749,0.2174,3,1,0,9.291
SUB1008480,2026-03-03,61,1,0,2.6926,0.528,0.0051,1.1629,0.0658,4.4544,335.53,0,Postpaid_Basic,Mid_Range,5G,18-24,Eastern Cape,3,6,339.62,1,0.337,0,6.2444,3.531,6.1223285714285725,6.814386666666667,0.12207142857142728,3.7747,0.7401,1.6302,0.0071,3,1,0,2.7198
SUB1000018,2026-02-03,33,1,0,1.7183,0.3933,0.0279,0.1793,0.1337,2.4525,157.55,0,Prepaid_Monthly,Premium_Smartphone,4G,45-54,Western Cape,12,60,186.35,1,0.079,1,2.0388,4.7084,3.131371428571429,4.10355,-1.092571428571429,1.4284,0.327,0.1491,0.0232,3,1,0,5.363
SUB1004512,2026-02-25,55,2,0,0.5986,0.6648,0.1251,0.0577,0.132,1.5782,105.38,0,Postpaid_Basic,5G_Device,4G,45-54,Gauteng,12,48,471.56,3,0.079,0,2.4115,3.6151,4.113728571428572,3.8920266666666667,-1.7022285714285719,0.9146,1.0158,0.0882,0.1912,25,0,0,3.8227
SUB1005461,2026-01-17,16,5,1,1.6719,0.905,0.0105,0.5626,0.192,3.342,238.42,0,Postpaid_Basic,Premium_Smartphone,3G,18-24,Gauteng,12,24,564.96,4,0.337,0,2.923,3.3204,3.2235857142857145,3.77775625,-0.30058571428571446,1.4623,0.7916,0.4921,0.0091,17,0,0,3.9222
SUB1006504,2026-01-02,1,4,0,1.1585,1.5493,0.0158,1.1825,0.3638,4.2699,277.92,0,Prepaid_Monthly,Premium_Smartphone,4G,45-54,Western Cape,6,1,206.84,3,0.473,0,1.5274,1.5274,1.5274,1.5274,0.0,0.4144,0.5542,0.423,0.0056,2,1,0,1.6282
SUB1008062,2026-02-26,56,3,0,1.3519,0.0985,0.0383,0.2095,0.0358,1.734,119.88,1,Postpaid_Unlimited,Basic_Phone,4G,25-34,KZN,12,18,1649.88,1,0.098,0,1.2116,1.4362,2.278585714285714,2.2252233333333336,-1.0669857142857142,0.9446,0.0688,0.1464,0.0268,26,0,0,1.7064
SUB1005554,2026-02-19,49,3,0,2.1494,2.9107,0.0893,1.0676,0.0867,6.3036,422.19,0,Postpaid_Premium,Mid_Range,4G+,35-44,Gauteng,12,1,952.24,2,0.21,0,7.6941,6.2547,7.553814285714284,7.198143333333333,0.14028571428571546,2.6235,3.5528,1.303,0.109,19,0,0,5.9431
SUB1005453,2026-02-27,57,4,0,8.5208,2.794,0.1834,0.1643,0.2455,11.908,864.51,0,Prepaid_Daily,Mid_Range,4G+,18-24,KZN,3,24,163.49,2,0.45,0,5.1805,5.9471,6.628585714285714,5.335493333333334,-1.448085714285714,3.7069,1.2155,0.0715,0.0798,27,0,0,7.2964
SUB1004648,2026-03-09,67,0,0,0.3944,3.7413,0.1182,1.4307,0.1541,5.8387,426.03,1,Postpaid_Unlimited,Premium_Smartphone,4G+,25-34,Western Cape,12,1,1556.82,4,0.292,1,8.3576,11.8767,8.271557142857143,7.92041,0.08604285714285709,0.5645,5.3554,2.0478,0.1692,9,0,0,6.0591
SUB1003763,2026-03-28,86,5,1,4.0076,3.4792,0.0104,3.0972,0.1137,10.7081,786.6,1,Prepaid_Monthly,Mid_Range,5G,18-24,Gauteng,24,12,155.2,4,0.607,0,23.0286,17.4985,14.84047142857143,13.436536666666667,8.188128571428571,8.6187,7.4824,6.6607,0.0223,28,0,1,7.7856
SUB1000479,2026-02-13,43,4,0,30.869,6.9232,0.0063,0.1143,0.2809,38.1936,2708.41,0,Postpaid_Unlimited,Premium_Smartphone,5G,25-34,Gauteng,6,24,1508.88,3,0.146,0,14.8696,24.8109,30.734957142857144,27.169826666666665,-15.865357142857144,12.018,2.6954,0.0445,0.0024,13,0,0,32.2007
SUB1001098,2026-01-19,18,0,0,3.2257,0.7922,0.0802,1.7363,0.2823,6.1167,442.47,0,Prepaid_Daily,5G_Device,4G,45-54,Gauteng,1,24,117.18,1,0.21,0,5.9026,4.5024,6.134428571428572,5.772161111111111,-0.23182857142857216,3.1128,0.7644,1.6755,0.0774,19,0,0,4.4107
SUB1001433,2026-02-20,50,4,0,0.986,1.027,0.2496,0.4835,0.079,2.8251,198.82,1,Postpaid_Premium,Mid_Range,3G,18-24,Western Cape,6,6,620.89,5,0.472,0,3.3977,3.3281,2.841957142857143,3.4428566666666667,0.5557428571428571,1.1859,1.2352,0.5814,0.3002,20,0,0,2.9872
SUB1006314,2026-03-03,61,1,0,0.3923,0.0825,0.0014,0.9325,0.1695,1.5781,115.42,0,Prepaid_Daily,Premium_Smartphone,3G,35-44,Western Cape,6,18,133.23,4,0.45,1,1.2552,1.1108,1.9165714285714286,2.173193333333333,-0.6613714285714285,0.312,0.0656,0.7417,0.0011,3,1,0,3.1333
SUB1002089,2026-02-14,44,5,1,1.0123,0.4286,0.0125,0.5689,0.1806,2.203,162.33,1,Postpaid_Basic,5G_Device,3G,25-34,Eastern Cape,24,6,326.03,2,0.292,1,3.1042,2.0502,3.5826000000000002,3.76795,-0.47840000000000016,1.4264,0.604,0.8017,0.0176,14,0,0,6.1894
SUB1002699,2026-02-16,46,0,0,2.0941,0.4088,0.017,0.0509,0.2054,2.7762,181.8,0,Postpaid_Basic,5G_Device,4G,45-54,Gauteng,24,1,502.22,2,0.21,0,2.1417,3.4604,3.7505857142857146,4.293536666666666,-1.6088857142857145,1.6154,0.3154,0.0393,0.0131,16,0,0,2.9846
SUB1000942,2026-01-21,20,2,0,2.6895,1.504,0.0593,0.1743,0.256,4.6832,314.0,0,Postpaid_Basic,5G_Device,4G,18-24,Eastern Cape,3,3,343.64,2,0.45,0,6.2999,3.4591,5.885857142857143,5.94215,0.4140428571428574,3.618,2.0231,0.2345,0.0798,21,0,0,4.5856
SUB1008045,2026-03-25,83,2,0,4.505,3.3348,0.1363,0.5736,0.238,8.7877,654.11,0,Prepaid_Daily,Premium_Smartphone,5G,18-24,Gauteng,1,3,101.63,4,0.95,0,5.7858,3.7904,8.051414285714285,8.850106666666667,-2.2656142857142854,2.9661,2.1956,0.3776,0.0897,25,0,0,6.4591
SUB1006319,2026-02-03,33,1,0,3.0851,0.6292,0.0364,1.6022,0.0732,5.4262,421.7,0,Prepaid_Monthly,Mid_Range,4G,35-44,Western Cape,12,6,249.09,0,0.27,0,5.6966,6.4022,6.716257142857144,7.435770000000001,-1.0196571428571435,3.2389,0.6606,1.682,0.0383,3,1,0,8.9097
SUB1007365,2026-03-08,66,6,1,27.2623,3.8194,0.0,2.2575,0.3754,33.7145,2393.53,0,Prepaid_Daily,Premium_Smartphone,5G,18-24,KZN,6,48,94.46,2,0.225,0,13.09,23.663,19.765214285714286,20.314666666666664,-6.675214285714286,10.5849,1.4829,0.8765,0.0,8,0,0,18.7539
SUB1003568,2026-03-23,81,0,0,0.1235,0.1512,0.0029,0.0165,0.0309,0.3251,20.37,1,Prepaid_Monthly,Basic_Phone,4G,45-54,Eastern Cape,24,3,319.44,1,0.315,0,0.8282,0.4323,0.7139857142857142,0.6591433333333333,0.11421428571428582,0.3147,0.3852,0.0421,0.0075,23,0,0,0.6437
SUB1000373,2026-02-13,43,4,0,13.1899,1.1368,0.0154,1.0244,0.3018,15.6683,1084.82,0,Prepaid_Monthly,Premium_Smartphone,4G+,25-34,KZN,24,48,169.97,6,0.292,0,7.7835,13.022,11.0808,9.549903333333333,-3.2973,6.5523,0.5647,0.5089,0.0077,13,0,0,6.1758
SUB1003835,2026-01-09,8,4,0,12.4483,4.6503,0.3567,3.6176,0.2506,21.3234,1554.3,0,Postpaid_Premium,Premium_Smartphone,4G,25-34,Western Cape,12,6,693.92,3,0.307,0,24.7915,24.5048,21.415914285714287,21.1543125,3.3755857142857124,14.4729,5.4066,4.206,0.4147,9,0,0,11.0899
SUB1006147,2026-02-19,49,3,0,4.4755,0.7723,0.0706,1.0491,0.1031,6.4706,482.88,0,Prepaid_Daily,Mid_Range,4G+,25-34,KZN,24,3,111.7,2,0.78,1,5.0473,6.5169,7.038585714285715,6.631163333333333,-1.9912857142857154,3.4911,0.6025,0.8184,0.0551,19,0,0,8.8944
SUB1009187,2026-02-16,46,0,0,0.2941,0.2037,0.0248,0.0123,0.0546,0.5894,37.21,0,Postpaid_Premium,Basic_Phone,4G,35-44,Gauteng,12,36,996.53,3,0.11,0,0.4523,0.4192,0.43028571428571427,0.55805,0.02201428571428571,0.2257,0.1563,0.0094,0.0191,16,0,0,0.6392
SUB1006530,2026-03-27,85,4,0,1.4462,2.1441,0.1613,1.4813,0.4382,5.6711,416.02,0,Postpaid_Basic,5G_Device,4G,25-34,KZN,12,12,441.22,1,0.234,0,4.2415,2.2858,3.113571428571429,3.7035500000000003,1.1279285714285714,1.0816,1.6036,1.1079,0.1206,27,0,0,8.0533
SUB1006711,2026-01-03,2,5,1,2.4577,1.1343,0.0016,0.5332,0.3078,4.4345,300.39,0,Postpaid_Basic,5G_Device,3G,45-54,Gauteng,6,24,543.63,2,0.105,1,4.4848,6.5741,5.52945,5.52945,-1.0446499999999999,2.4855,1.1472,0.5392,0.0016,3,1,0,4.11
SUB1004948,2026-01-02,1,4,0,1.2634,1.5535,0.0146,1.1162,0.4056,4.3534,302.14,0,Postpaid_Premium,5G_Device,3G,35-44,KZN,6,12,638.01,3,0.189,0,2.9495,2.9495,2.9495,2.9495,0.0,0.856,1.0526,0.7563,0.0099,2,1,0,4.1759
SUB1008166,2026-01-21,20,2,0,5.9572,1.7608,0.0351,3.9583,0.1711,11.8825,875.35,0,Postpaid_Unlimited,Premium_Smartphone,4G,35-44,Gauteng,12,24,970.88,3,0.112,0,9.3568,15.2959,12.020014285714284,13.36842,-2.663214285714284,4.691,1.3866,3.117,0.0276,21,0,0,7.214
SUB1009191,2026-01-13,12,1,0,5.8786,0.1566,0.0081,0.1264,0.0469,6.2166,480.72,0,Postpaid_Basic,Basic_Phone,4G+,25-34,Gauteng,6,3,430.27,0,0.312,1,4.6247,6.8359,6.325028571428571,6.750891666666667,-1.700328571428571,4.3732,0.1165,0.0941,0.006,13,0,0,5.114
SUB1008836,2026-01-05,4,0,0,1.1737,0.2165,0.1011,0.5945,0.1825,2.2684,165.31,0,Prepaid_Daily,Premium_Smartphone,4G,35-44,KZN,1,60,177.98,0,0.12,0,3.3229,2.1299,2.672475,2.672475,0.6504250000000003,1.7194,0.3171,0.8709,0.1481,5,0,0,1.5779
SUB1000229,2026-02-10,40,1,0,0.1578,0.6816,0.0666,0.317,0.0639,1.287,100.53,0,Prepaid_Monthly,Mid_Range,4G,18-24,Western Cape,12,3,318.87,2,0.675,0,1.8101,1.3224,2.4966,2.1775333333333333,-0.6864999999999999,0.2219,0.9586,0.4459,0.0937,10,0,0,1.5773
SUB1008835,2026-02-19,49,3,0,6.5916,4.2865,0.0557,1.769,0.0931,12.7959,912.16,0,Postpaid_Premium,Mid_Range,4G,18-24,Western Cape,12,60,613.34,0,0.063,0,12.2104,5.7382,12.167557142857143,14.007589999999999,0.042842857142856516,6.29,4.0904,1.6881,0.0531,19,0,0,11.0191
SUB1008933,2026-02-21,51,5,1,0.8057,0.4286,0.0531,0.3632,0.1581,1.8086,123.18,0,Postpaid_Premium,Premium_Smartphone,4G,55+,KZN,3,36,883.2,3,0.055,0,2.6767,3.0536,2.4552571428571426,2.4236899999999997,0.22144285714285727,1.1925,0.6343,0.5375,0.0785,21,0,0,2.9074
SUB1002757,2026-01-16,15,4,0,0.998,1.0393,0.0216,1.907,0.425,4.3909,298.38,0,Prepaid_Monthly,5G_Device,4G,35-44,Gauteng,6,12,362.27,3,0.405,0,2.3451,3.2014,2.806114285714286,2.811646666666667,-0.46101428571428604,0.533,0.5551,1.0185,0.0115,16,0,0,6.1465
SUB1002774,2026-03-04,62,2,0,2.4457,1.0459,0.0118,0.032,0.2123,3.7477,253.7,0,Postpaid_Basic,Premium_Smartphone,4G,45-54,Gauteng,3,12,408.11,1,0.126,0,3.7508,4.4513,3.398685714285714,3.3279566666666667,0.3521142857142858,2.4477,1.0468,0.032,0.0118,4,0,0,2.5306
SUB1003899,2026-03-15,73,6,1,2.8731,3.934,0.3184,0.5981,0.1192,7.8429,565.63,0,Postpaid_Basic,Mid_Range,4G+,18-24,Gauteng,24,3,436.06,3,0.675,0,8.7132,6.1242,5.787542857142857,6.658966666666667,2.925657142857143,3.192,4.3706,0.6645,0.3537,15,0,0,4.6452
SUB1008365,2026-03-25,83,2,0,0.5921,0.2672,0.0164,0.0027,0.1628,1.0412,60.75,0,Prepaid_Monthly,Premium_Smartphone,5G,55+,Western Cape,1,3,312.88,2,0.225,0,1.4298,1.3125,1.8806571428571428,1.6063466666666668,-0.45085714285714285,0.8132,0.3669,0.0036,0.0226,25,0,0,1.2106
SUB1000870,2026-03-26,84,3,0,3.3051,0.1269,0.1352,3.1223,0.1377,6.8273,475.6,0,Postpaid_Basic,Mid_Range,4G,35-44,Gauteng,6,36,306.15,1,0.105,0,6.1186,3.9051,5.494285714285714,5.194496666666667,0.624314285714286,2.962,0.1137,2.7982,0.1212,26,0,0,4.1813
SUB1000040,2026-01-09,8,4,0,1.4626,1.8098,0.2002,0.8111,0.2314,4.5152,302.77,0,Prepaid_Daily,5G_Device,5G,25-34,Eastern Cape,1,12,58.93,4,0.702,1,3.4539,5.4124,6.085185714285714,6.0178375,-2.6312857142857142,1.1189,1.3844,0.6205,0.1531,9,0,0,4.1547
SUB1004318,2026-01-14,13,2,0,5.28,1.8649,0.2105,0.892,0.4344,8.6818,633.45,0,Postpaid_Basic,Premium_Smartphone,4G,45-54,Eastern Cape,12,12,510.09,0,0.101,0,3.7197,1.9409,4.447328571428572,3.9632153846153844,-0.7276285714285717,2.2622,0.799,0.3822,0.0902,14,0,0,3.6109
SUB1004694,2026-01-08,7,3,0,12.4036,1.6527,0.2355,0.1879,0.2914,14.7712,1090.28,0,Postpaid_Premium,Premium_Smartphone,4G,25-34,KZN,12,48,1066.21,1,0.068,0,5.7013,8.5421,7.420957142857143,7.420957142857143,-1.7196571428571428,4.7874,0.6379,0.0725,0.0909,8,0,0,8.1023
SUB1005806,2026-03-14,72,5,1,2.7768,1.8174,0.0642,8.6572,0.3907,13.7063,1048.6,0,Postpaid_Premium,5G_Device,4G,35-44,Gauteng,1,48,893.61,3,0.079,0,6.8375,12.5144,11.735357142857142,10.568549999999998,-4.897857142857141,1.3853,0.9066,4.3187,0.032,14,0,0,11.5564
SUB1003523,2026-02-08,38,6,1,6.0319,1.0017,0.0847,0.7981,0.2091,8.1255,579.89,1,Prepaid_Monthly,Premium_Smartphone,5G,25-34,Western Cape,24,18,187.99,1,0.292,0,7.7817,4.942,8.087685714285715,8.607343333333334,-0.30598571428571564,5.7767,0.9594,0.7643,0.0811,8,0,0,4.7815
SUB1002266,2026-03-11,69,2,0,1.6278,0.8517,0.0348,1.3332,0.162,4.0094,272.54,0,Postpaid_Basic,Premium_Smartphone,4G,45-54,Gauteng,12,24,538.29,0,0.084,0,5.826,1.8557,4.835185714285714,5.085986666666667,0.9908142857142854,2.3653,1.2375,1.9372,0.0505,11,0,0,4.42
SUB1004846,2026-02-11,41,2,0,3.3405,1.7048,0.2403,3.1662,0.3667,8.8184,640.37,0,Prepaid_Monthly,5G_Device,4G+,18-24,Gauteng,3,24,179.73,1,0.337,0,7.0061,5.3388,7.0742,7.353256666666666,-0.06810000000000027,2.6539,1.3544,2.5155,0.1909,11,0,0,8.9876
SUB1006718,2026-03-07,65,5,1,7.0011,0.2782,0.0763,0.4738,0.4169,8.2463,569.86,0,Postpaid_Basic,5G_Device,4G,35-44,Eastern Cape,24,3,573.17,2,0.3,0,2.6707,10.0545,5.002242857142858,5.372353333333334,-2.331542857142858,2.2674,0.0901,0.1534,0.0247,7,0,0,4.0972
SUB1008775,2026-02-11,41,2,0,3.239,0.8352,0.2554,0.7882,0.1542,5.272,395.14,0,Prepaid_Monthly,Mid_Range,4G+,18-24,Western Cape,1,18,364.29,0,0.27,1,1.8515,2.5411,2.8667000000000002,3.6611633333333335,-1.0152000000000003,1.1375,0.2933,0.2768,0.0897,11,0,0,2.2393
SUB1009168,2026-02-28,58,5,1,15.4185,1.0136,0.1757,1.1663,0.1986,17.9727,1215.61,0,Postpaid_Premium,Premium_Smartphone,3G,18-24,Gauteng,1,36,772.21,2,0.11,0,18.5308,26.8649,16.99892857142857,18.84270333333333,1.5318714285714279,15.8974,1.0451,1.2025,0.1811,28,0,1,12.6053
SUB1003535,2026-02-14,44,5,1,5.3667,1.1272,0.0732,3.2193,0.4681,10.2546,683.81,0,Postpaid_Basic,5G_Device,4G,45-54,Eastern Cape,12,12,520.56,1,0.126,0,7.5816,7.4448,7.7174571428571435,7.594456666666667,-0.13585714285714356,3.9678,0.8334,2.3801,0.0541,14,0,0,9.7551
SUB1006665,2026-03-18,76,2,0,4.8607,2.3251,0.0336,0.316,0.1225,7.6579,556.21,0,Prepaid_Daily,Mid_Range,4G,35-44,Western Cape,1,24,148.49,1,0.3,0,5.5658,8.5821,6.276042857142857,7.488053333333332,-0.7102428571428563,3.5328,1.6899,0.2297,0.0244,18,0,0,5.3091
SUB1007894,2026-02-10,40,1,0,5.0345,0.119,0.1556,0.2742,0.2018,5.7851,399.26,0,Prepaid_Daily,Premium_Smartphone,5G,25-34,Western Cape,24,12,164.07,4,0.702,0,5.2049,5.0708,6.083428571428571,5.890396666666667,-0.8785285714285704,4.5296,0.107,0.2467,0.14,10,0,0,3.0
SUB1008405,2026-02-23,53,0,0,1.9054,0.7433,0.0615,0.7723,0.0808,3.5632,249.74,0,Postpaid_Premium,Mid_Range,5G,45-54,KZN,6,12,824.32,2,0.088,0,2.5776,5.3517,4.0523428571428575,4.664553333333333,-1.4747428571428576,1.3783,0.5377,0.5587,0.0445,23,0,0,3.0203
SUB1004111,2026-03-08,66,6,1,1.4137,0.1902,0.0094,0.0331,0.0649,1.7114,119.53,1,Prepaid_Monthly,Basic_Phone,4G,45-54,Eastern Cape,12,48,223.41,2,0.079,0,1.4174,1.2612,1.4861000000000002,1.5314433333333333,-0.0687000000000002,1.1709,0.1575,0.0275,0.0078,8,0,0,2.4266
SUB1004317,2026-02-11,41,2,0,0.1147,0.0575,0.0033,0.0238,0.0172,0.2165,14.11,1,Postpaid_Premium,Basic_Phone,3G,45-54,Gauteng,6,3,687.83,2,0.147,0,0.6583,0.7105,0.6806285714285715,0.6320533333333334,-0.022328571428571475,0.3488,0.1749,0.0724,0.01,11,0,0,0.6031
SUB1001193,2026-01-23,22,4,0,4.5476,0.2524,0.0374,1.07,0.2472,6.1547,437.22,0,Postpaid_Basic,Premium_Smartphone,4G+,55+,Western Cape,1,18,479.84,0,0.06,0,3.872,4.1624,5.5232,5.033,-1.6512000000000002,2.861,0.1588,0.6732,0.0235,23,0,0,4.8214
SUB1005920,2026-01-23,22,4,0,10.9256,0.7091,0.1755,1.0681,0.1376,13.0158,1049.74,1,Prepaid_Daily,Premium_Smartphone,4G+,25-34,Gauteng,3,48,91.91,1,0.195,0,18.4578,19.4061,18.61485714285714,19.428886363636362,-0.15705714285714123,15.4937,1.0055,1.5146,0.2488,23,0,0,25.263
SUB1009884,2026-01-13,12,1,0,3.0995,0.39,0.1373,0.0468,0.0885,3.7621,273.62,0,Prepaid_Monthly,Mid_Range,4G,18-24,Western Cape,1,12,296.67,2,0.405,0,3.6862,3.7616,4.517957142857143,4.244958333333333,-0.8317571428571431,3.037,0.3822,0.0459,0.1345,13,0,0,2.5632
SUB1006423,2026-01-21,20,2,0,2.9644,0.4572,0.0594,0.1115,0.1363,3.7289,248.53,0,Postpaid_Basic,Mid_Range,4G+,45-54,Gauteng,6,12,424.15,4,0.189,0,2.8437,3.4909,2.968642857142857,3.024775,-0.12494285714285702,2.2607,0.3487,0.085,0.0453,21,0,0,2.3889
SUB1001479,2026-02-05,35,3,0,0.8865,0.4747,0.1121,0.6501,0.0496,2.1729,156.97,0,Postpaid_Premium,Basic_Phone,5G,25-34,Gauteng,3,1,790.88,2,0.273,0,2.5424,3.2293,2.575928571428571,2.19133,-0.033528571428570686,1.0372,0.5554,0.7606,0.1312,5,0,0,2.7746
SUB1008510,2026-01-02,1,4,0,0.762,1.2057,0.1555,1.1902,0.1552,3.4687,235.37,0,Postpaid_Basic,Premium_Smartphone,4G+,25-34,KZN,12,12,537.21,2,0.234,1,5.1845,5.1845,5.1845,5.1845,0.0,1.1389,1.8022,1.779,0.2325,2,1,0,4.1272
SUB1001572,2026-02-15,45,6,1,15.1911,1.5218,0.298,2.9219,0.286,20.2187,1404.39,1,Prepaid_Monthly,5G_Device,5G,35-44,Eastern Cape,12,3,286.06,0,0.36,0,14.5437,23.3985,21.723542857142856,23.850536666666663,-7.179842857142857,10.9273,1.0946,2.1018,0.2144,15,0,0,43.0291
SUB1007143,2026-01-24,23,5,1,4.1253,0.9023,0.1273,0.37,0.117,5.6418,404.12,0,Prepaid_Daily,Mid_Range,4G,18-24,KZN,24,1,127.2,3,0.95,1,6.3157,8.3906,4.559228571428571,4.765239130434782,1.7564714285714285,4.6181,1.01,0.4141,0.1425,24,0,0,4.5111
SUB1004972,2026-03-29,87,6,1,9.028,0.8664,0.4189,2.7987,0.4407,13.5528,1031.65,0,Prepaid_Monthly,5G_Device,4G,25-34,Gauteng,6,60,303.26,3,0.219,0,16.7613,5.545,10.456185714285713,10.773316666666666,6.305114285714286,11.1653,1.0715,3.4613,0.5181,29,0,1,13.0556
SUB1004590,2026-03-20,78,4,0,4.4669,1.0971,0.2243,0.0315,0.2372,6.057,432.39,0,Postpaid_Unlimited,Premium_Smartphone,4G,18-24,Gauteng,3,12,1095.24,3,0.202,0,4.5531,4.0072,4.640285714285715,4.766373333333334,-0.08718571428571487,3.3578,0.8247,0.0237,0.1686,20,0,0,5.4287
SUB1008811,2026-03-02,60,0,0,0.38,0.1521,0.0113,0.8599,0.1193,1.5226,105.23,0,Postpaid_Premium,Mid_Range,4G,55+,Gauteng,1,3,857.65,3,0.158,0,1.3427,1.5703,1.4098714285714284,1.4117366666666666,-0.06717142857142844,0.3351,0.1341,0.7584,0.01,2,1,0,1.603
SUB1002053,2026-03-12,70,3,0,0.746,0.1054,0.031,0.0365,0.0594,0.9782,68.17,0,Prepaid_Monthly,Mid_Range,4G+,45-54,KZN,12,6,311.87,3,0.354,0,1.613,1.8625,2.3624714285714288,1.9391633333333333,-0.7494714285714288,1.2301,0.1737,0.0601,0.0511,12,0,0,4.0162
SUB1008897,2026-03-18,76,2,0,2.322,1.2171,0.0504,0.2154,0.0536,3.8585,284.26,0,Postpaid_Unlimited,Basic_Phone,4G+,25-34,Gauteng,12,36,1166.1,2,0.068,0,5.5248,3.0406,4.439,3.57866,1.0857999999999999,3.3247,1.7427,0.3084,0.0722,18,0,0,1.4384
SUB1007909,2026-01-09,8,4,0,2.3536,0.185,0.07,0.2407,0.0728,2.922,200.62,0,Postpaid_Unlimited,Mid_Range,3G,25-34,Western Cape,6,18,1698.92,1,0.098,0,1.9845,5.8157,4.2406,4.0864375,-2.2561,1.5984,0.1256,0.1635,0.0475,9,0,0,8.876
SUB1001051,2026-01-17,16,5,1,0.7274,1.3341,0.097,0.0286,0.067,2.2541,144.98,1,Prepaid_Monthly,Mid_Range,5G,18-24,Gauteng,12,36,230.77,0,0.189,0,5.1169,3.2948,3.875542857142857,3.3649312499999997,1.2413571428571433,1.6512,3.0285,0.0649,0.2203,17,0,0,5.4223
SUB1003938,2026-02-08,38,6,1,2.0587,3.1888,0.0179,0.6616,0.2466,6.1734,468.34,0,Postpaid_Premium,Premium_Smartphone,4G,25-34,Gauteng,24,1,1014.21,1,0.273,1,4.4672,5.6656,4.278414285714286,4.67326,0.18878571428571433,1.4897,2.3075,0.4787,0.0129,8,0,0,4.3786
SUB1008550,2026-02-21,51,5,1,2.0142,1.3002,0.003,2.6424,0.0848,6.0446,401.27,0,Postpaid_Premium,Mid_Range,4G,35-44,Gauteng,12,12,790.53,3,0.189,1,8.2717,9.2364,6.261585714285714,7.174253333333334,2.010114285714285,2.7564,1.7792,3.616,0.004,21,0,0,6.871
SUB1005021,2026-01-28,27,2,0,1.3058,0.4991,0.1733,1.1073,0.129,3.2146,228.71,1,Postpaid_Unlimited,Premium_Smartphone,4G,45-54,Gauteng,24,1,1422.44,0,0.084,0,4.9384,5.3339,6.424057142857143,5.27442962962963,-1.4856571428571437,2.0061,0.7667,1.7012,0.2662,28,0,1,5.6142
SUB1007838,2026-03-02,60,0,0,0.6138,0.2628,0.0655,0.2646,0.0413,1.2481,89.86,1,Postpaid_Basic,Mid_Range,5G,35-44,Gauteng,3,18,370.03,0,0.12,0,2.9308,2.2783,3.3933428571428577,3.022396666666667,-0.4625428571428576,1.4414,0.6172,0.6214,0.1538,2,1,0,2.3646
SUB1008434,2026-02-13,43,4,0,4.0062,8.392,0.1343,1.0827,0.1943,13.8094,1066.01,0,Postpaid_Unlimited,Mid_Range,5G,45-54,Gauteng,1,3,1307.73,3,0.158,0,6.1564,13.8483,7.912285714285715,7.24793,-1.7558857142857152,1.786,3.7412,0.4827,0.0599,13,0,0,9.4896
SUB1006922,2026-01-31,30,5,1,2.0975,2.1936,0.0543,2.2159,0.0994,6.6608,504.79,0,Postpaid_Premium,Mid_Range,4G,25-34,Gauteng,6,12,982.83,3,0.246,1,4.7516,6.978,5.9206,6.565273333333334,-1.1690000000000005,1.4963,1.5649,1.5808,0.0387,31,0,1,11.8045
SUB1006697,2026-03-22,80,6,1,0.9444,0.6742,0.0534,0.0359,0.1706,1.8787,135.45,0,Prepaid_Daily,Premium_Smartphone,4G,18-24,Gauteng,12,1,99.2,1,0.9,0,3.0494,2.5397,2.639485714285714,2.59614,0.4099142857142857,1.5329,1.0944,0.0583,0.0867,22,0,0,2.9189
SUB1002810,2026-01-17,16,5,1,4.185,2.9079,0.0313,6.3748,0.1991,13.6981,990.43,1,Postpaid_Premium,5G_Device,4G,18-24,Gauteng,3,24,610.07,2,0.157,0,23.31,15.715,18.2002,21.6309625,5.1098,7.1216,4.9484,10.848,0.0533,17,0,0,19.3611
SUB1005887,2026-02-05,35,3,0,0.2905,0.2589,0.0213,0.3337,0.0908,0.9952,61.39,1,Prepaid_Daily,Premium_Smartphone,3G,18-24,Gauteng,12,6,104.38,3,0.95,1,3.1196,1.6809,2.6397000000000004,2.496056666666667,0.47989999999999977,0.9107,0.8115,1.046,0.0667,5,0,0,2.7985
SUB1009127,2026-02-28,58,5,1,2.1649,2.6209,0.0509,0.2751,0.3404,5.4522,342.35,1,Prepaid_Monthly,5G_Device,4G,35-44,KZN,1,6,207.59,3,0.506,1,3.7206,10.3756,6.616128571428573,5.597563333333334,-2.8955285714285726,1.4774,1.7885,0.1877,0.0347,28,0,1,10.5879
SUB1006859,2026-02-21,51,5,1,3.5563,1.9451,1.1233,6.6748,0.1598,13.4594,1022.33,0,Postpaid_Premium,Premium_Smartphone,5G,18-24,KZN,1,1,919.62,0,0.252,0,30.17,27.1678,20.630957142857145,17.429983333333332,9.539042857142856,7.9717,4.3601,14.962,2.5179,21,0,0,13.0634
SUB1008769,2026-02-18,48,2,0,7.7967,1.9966,0.0997,0.621,0.0658,10.5798,845.79,0,Postpaid_Unlimited,Mid_Range,4G,18-24,Gauteng,3,1,1301.86,3,0.337,0,17.3191,17.671,16.0339,16.463673333333332,1.2851999999999997,12.7631,3.2685,1.0166,0.1632,18,0,0,12.5758
SUB1004399,2026-01-22,21,3,0,1.4046,0.2938,0.0485,0.7271,0.1369,2.6109,179.2,0,Postpaid_Premium,Premium_Smartphone,4G,45-54,KZN,1,12,931.43,1,0.088,0,2.865,2.7172,4.568985714285715,4.090928571428571,-1.7039857142857144,1.5413,0.3224,0.7979,0.0532,22,0,0,3.7053
SUB1005247,2026-03-04,62,2,0,0.0495,1.3753,0.107,1.2508,0.3107,3.0933,212.25,0,Prepaid_Monthly,5G_Device,4G,18-24,Gauteng,6,6,388.14,2,0.506,0,2.4039,1.5687,3.083685714285714,3.63914,-0.679785714285714,0.0385,1.0688,0.972,0.0831,4,0,0,3.1608
SUB1000426,2026-01-26,25,0,0,3.0634,1.7543,0.1189,2.1485,0.4152,7.5004,512.04,0,Prepaid_Daily,5G_Device,4G+,25-34,Gauteng,24,1,240.6,3,0.95,1,3.6679,3.6797,4.993671428571429,4.915384,-1.325771428571429,1.4981,0.8579,1.0507,0.0581,26,0,0,6.1504
SUB1002901,2026-01-08,7,3,0,0.7668,0.1778,0.0155,0.6477,0.062,1.6697,111.89,0,Postpaid_Premium,Mid_Range,5G,55+,Western Cape,12,24,645.44,0,0.042,0,1.7178,1.5901,2.9030857142857145,2.9030857142857145,-1.1852857142857145,0.7889,0.1829,0.6663,0.0159,8,0,0,2.8969
SUB1009059,2026-02-13,43,4,0,0.3147,0.4245,0.0252,1.1209,0.2065,2.0918,138.44,0,Prepaid_Monthly,Mid_Range,3G,45-54,Western Cape,3,12,265.26,1,0.189,0,0.9961,0.9452,0.9188428571428571,1.0213566666666667,0.07725714285714291,0.1498,0.2021,0.5337,0.012,13,0,0,1.3843
SUB1002264,2026-03-07,65,5,1,11.1419,0.6732,0.1776,0.9916,0.3469,13.3312,908.39,0,Postpaid_Premium,Premium_Smartphone,4G,35-44,Gauteng,3,48,820.38,2,0.052,0,8.0307,8.467,8.281557142857144,7.488043333333334,-0.25085714285714467,6.7118,0.4056,0.5973,0.107,7,0,0,5.7069
SUB1003087,2026-01-07,6,2,0,9.3501,1.0448,0.0098,1.6847,0.1953,12.2847,877.24,0,Prepaid_Daily,Premium_Smartphone,4G+,25-34,Western Cape,12,36,168.7,1,0.273,0,6.9453,12.2395,11.932433333333334,11.932433333333334,-4.987133333333334,5.2862,0.5907,0.9524,0.0055,7,0,0,12.4343
SUB1003789,2026-01-12,11,0,0,1.2473,1.1286,0.0488,0.2064,0.0435,2.6745,200.2,0,Postpaid_Basic,Basic_Phone,5G,35-44,Western Cape,1,3,384.84,4,0.45,0,4.0419,1.6725,3.056842857142857,3.225090909090909,0.9850571428571429,1.8849,1.7056,0.3119,0.0737,12,0,0,4.4559
SUB1002297,2026-01-19,18,0,0,6.6165,2.5236,0.0628,0.7414,0.4077,10.352,763.77,1,Prepaid_Daily,5G_Device,4G,18-24,Gauteng,24,6,185.22,2,0.675,1,8.3219,8.7375,7.964357142857144,7.496005555555556,0.35754285714285583,5.319,2.0287,0.596,0.0505,19,0,0,8.5139
SUB1009607,2026-03-29,87,6,1,1.0089,1.3404,0.0055,0.7067,0.0412,3.1027,230.64,0,Postpaid_Unlimited,Basic_Phone,4G+,25-34,Gauteng,3,24,1620.45,1,0.098,0,3.063,3.6845,3.5402285714285715,3.6197266666666668,-0.47722857142857134,0.996,1.3232,0.6977,0.0054,29,0,1,2.3672
SUB1000968,2026-01-14,13,2,0,6.2987,1.048,0.0817,0.8695,0.066,8.3639,655.04,0,Postpaid_Basic,Mid_Range,4G,35-44,KZN,24,1,556.35,2,0.3,0,10.0875,9.1845,11.5999,13.155515384615386,-1.5123999999999995,7.5967,1.264,1.0487,0.0985,14,0,0,16.4293
SUB1000639,2026-02-08,38,6,1,0.4911,0.0773,0.0155,0.2056,0.1336,0.9233,65.74,1,Prepaid_Monthly,Premium_Smartphone,4G+,45-54,Gauteng,24,3,342.28,3,0.473,1,4.3097,0.6183,1.4208142857142856,1.5175866666666666,2.8888857142857147,2.2925,0.361,0.9598,0.0725,8,0,0,1.2368
SUB1008148,2026-02-13,43,4,0,1.106,1.731,0.0833,0.7811,0.1418,3.8433,300.12,0,Postpaid_Premium,Mid_Range,4G,45-54,Eastern Cape,6,1,604.04,9,0.441,0,2.0771,4.9365,2.3981571428571433,2.8180133333333335,-0.32105714285714315,0.5977,0.9355,0.4222,0.045,13,0,0,5.3535
SUB1009877,2026-02-28,58,5,1,2.3711,0.3719,0.1981,0.7964,0.1196,3.857,294.5,0,Postpaid_Basic,Premium_Smartphone,4G,45-54,Western Cape,1,18,331.21,2,0.105,0,8.7895,4.73,6.1269857142857145,6.363230000000001,2.662514285714286,5.4032,0.8475,1.8147,0.4515,28,0,1,8.9285
SUB1003598,2026-01-16,15,4,0,5.917,0.3734,0.0248,1.0536,0.4051,7.7739,536.99,0,Prepaid_Monthly,5G_Device,5G,55+,Gauteng,1,18,306.92,1,0.112,1,9.0823,7.2805,6.4364,6.598253333333333,2.6459,6.9129,0.4363,1.231,0.0289,16,0,0,4.5202
SUB1000341,2026-01-23,22,4,0,4.3518,0.6237,0.0355,0.0113,0.197,5.2194,368.51,1,Postpaid_Unlimited,5G_Device,4G,55+,Eastern Cape,3,12,1498.03,2,0.045,0,5.6385,11.259,7.840128571428572,8.352563636363636,-2.2016285714285724,4.7013,0.6738,0.0122,0.0383,23,0,0,9.83
SUB1001267,2026-03-29,87,6,1,3.3982,1.4922,0.0914,0.2539,0.1502,5.386,405.34,0,Postpaid_Premium,Mid_Range,4G+,55+,Gauteng,12,36,684.92,4,0.055,0,5.603,4.4694,3.622314285714286,3.7143366666666666,1.980685714285714,3.5352,1.5524,0.2641,0.0951,29,0,1,4.0097
SUB1001757,2026-03-01,59,6,1,2.6913,0.2178,0.0578,0.5853,0.1971,3.7493,264.57,1,Prepaid_Monthly,Premium_Smartphone,4G,55+,Gauteng,12,12,245.45,2,0.135,0,2.6986,6.7367,3.821142857142857,4.625636666666667,-1.1225428571428573,1.9371,0.1568,0.4213,0.0416,1,1,0,2.124
SUB1003583,2026-02-12,42,3,0,0.818,0.716,0.009,0.6501,0.102,2.2953,173.02,1,Postpaid_Basic,Premium_Smartphone,3G,35-44,Eastern Cape,12,36,509.04,1,0.105,0,5.0153,5.2247,3.706371428571429,4.7001,1.308928571428571,1.7875,1.5646,1.4206,0.0198,12,0,0,4.3504
SUB1000121,2026-03-06,64,4,0,10.2684,1.167,0.0061,0.3374,0.1058,11.8847,853.84,0,Prepaid_Monthly,Mid_Range,4G+,35-44,Western Cape,1,3,270.51,1,0.45,1,7.4592,33.1945,13.832057142857142,12.34185,-6.372857142857142,6.4448,0.7325,0.2118,0.0038,6,0,0,32.6116
SUB1007242,2026-03-25,83,2,0,0.5934,0.3238,0.0161,0.9614,0.1043,1.9989,140.53,0,Prepaid_Daily,Premium_Smartphone,5G,35-44,Western Cape,6,12,190.44,1,0.36,0,5.1748,3.6343,4.618414285714286,4.880623333333333,0.5563857142857147,1.5362,0.8382,2.4888,0.0416,25,0,0,6.7572
SUB1003645,2026-02-24,54,1,0,0.8265,0.4841,0.0217,0.0041,0.1183,1.4547,101.75,0,Postpaid_Premium,Mid_Range,4G+,45-54,KZN,6,24,1079.45,4,0.11,0,1.3255,1.7942,1.1658857142857144,1.21509,0.1596142857142855,0.7531,0.4411,0.0037,0.0198,24,0,0,1.102
SUB1005827,2026-02-11,41,2,0,1.7502,2.9887,0.0202,0.7441,0.061,5.5642,482.67,1,Postpaid_Unlimited,Premium_Smartphone,5G,18-24,Gauteng,1,18,1732.3,2,0.112,0,9.8829,11.2656,18.79324285714286,20.2627,-8.910342857142862,3.1086,5.3084,1.3217,0.0359,11,0,0,18.9151
SUB1004031,2026-01-27,26,1,0,2.7325,0.3609,0.1794,0.5134,0.1248,3.9109,278.83,0,Postpaid_Premium,Mid_Range,4G,25-34,Gauteng,24,12,656.82,1,0.164,0,2.6402,1.5362,2.708414285714286,3.361273076923077,-0.06821428571428578,1.8447,0.2437,0.3466,0.1211,27,0,0,2.9995
SUB1002755,2026-03-04,62,2,0,3.8509,1.3862,0.0615,1.9244,0.2081,7.4312,576.23,0,Postpaid_Premium,Premium_Smartphone,5G,45-54,KZN,12,60,1075.24,1,0.037,0,5.0768,3.6616,6.8087857142857136,6.299313333333334,-1.7319857142857131,2.6308,0.947,1.3147,0.042,4,0,0,6.0447
SUB1008831,2026-02-08,38,6,1,5.155,0.6443,0.1156,1.8105,0.2855,8.0109,617.3,0,Postpaid_Premium,5G_Device,4G,35-44,Western Cape,6,12,1011.48,1,0.126,0,8.024,6.5897,8.15242857142857,8.962523333333333,-0.12842857142857156,5.1634,0.6454,1.8135,0.1158,8,0,0,8.9393
SUB1000364,2026-03-07,65,5,1,3.2865,0.6737,0.004,0.2824,0.1668,4.4134,325.43,0,Prepaid_Daily,Mid_Range,5G,35-44,KZN,3,18,73.22,2,0.3,1,6.9257,5.0264,4.3258,3.1009366666666667,2.5999,5.1574,1.0572,0.4431,0.0063,7,0,0,3.3055
SUB1001770,2026-01-09,8,4,0,0.4294,0.5761,0.0104,0.5092,0.2252,1.7504,118.41,0,Prepaid_Monthly,Tablet,3G,35-44,Gauteng,12,60,235.2,1,0.112,0,1.2669,0.8472,1.4310142857142858,1.3254375,-0.16411428571428588,0.3108,0.417,0.3686,0.0075,9,0,0,2.3697
SUB1001844,2026-02-28,58,5,1,1.7939,0.8573,0.1424,3.4657,0.2612,6.5205,438.85,1,Postpaid_Basic,Premium_Smartphone,4G,18-24,Eastern Cape,3,3,582.47,4,0.675,1,8.0974,4.8837,5.5323142857142855,5.059383333333333,2.565085714285715,2.2278,1.0646,4.3039,0.1768,28,0,1,3.4153
SUB1007223,2026-01-25,24,6,1,10.9828,1.161,0.0288,0.5493,0.1667,12.8887,975.65,0,Prepaid_Monthly,Premium_Smartphone,4G,18-24,Eastern Cape,3,12,181.57,3,0.607,1,13.7349,16.0825,14.52597142857143,13.537754166666666,-0.7910714285714295,11.7039,1.2373,0.5854,0.0306,25,0,0,13.103
SUB1008014,2026-01-16,15,4,0,3.8652,0.4861,0.1197,0.2735,0.2892,5.0336,326.43,0,Prepaid_Daily,5G_Device,5G,18-24,Western Cape,24,24,77.13,1,0.45,1,5.8421,4.4377,5.292928571428571,5.071673333333333,0.5491714285714293,4.4861,0.5642,0.3174,0.1389,16,0,0,5.2925
SUB1006393,2026-01-16,15,4,0,4.3511,2.9421,1.6877,1.0561,0.2745,10.3115,768.86,0,Postpaid_Unlimited,Premium_Smartphone,4G,18-24,Gauteng,6,36,1278.69,2,0.079,0,5.1335,10.8453,7.925585714285715,7.268053333333333,-2.792085714285715,2.1662,1.4647,0.5258,0.8402,16,0,0,6.5676
SUB1006960,2026-02-12,42,3,0,6.4221,1.1342,0.0285,2.4781,0.2047,10.2675,748.17,0,Postpaid_Unlimited,Premium_Smartphone,4G,25-34,Gauteng,24,24,1700.26,3,0.146,0,9.8912,5.5469,10.2937,10.298759999999998,-0.40249999999999986,6.1867,1.0926,2.3872,0.0274,12,0,0,8.8643
SUB1002196,2026-01-30,29,4,0,0.1091,1.9523,0.1728,1.0694,0.2705,3.5742,254.27,0,Prepaid_Daily,Premium_Smartphone,4G,18-24,Gauteng,1,60,145.31,1,0.225,0,2.1997,2.2695,2.4557142857142855,2.818796551724138,-0.2560142857142855,0.0672,1.2015,0.6581,0.1064,30,0,1,4.5408
SUB1003074,2026-02-23,53,0,0,1.3566,0.0683,0.09,0.0002,0.0564,1.5714,116.69,0,Prepaid_Daily,Mid_Range,4G+,45-54,Gauteng,3,1,144.14,1,0.42,0,3.1504,2.4441,3.085928571428571,3.1269566666666666,0.06447142857142873,2.7196,0.1369,0.0004,0.1803,23,0,0,1.9504
SUB1008748,2026-01-31,30,5,1,1.213,1.337,0.1424,0.4827,0.2849,3.46,225.09,1,Prepaid_Daily,5G_Device,5G,45-54,KZN,12,24,169.71,2,0.21,0,1.9792,3.0094,3.1563000000000003,3.56062,-1.1771000000000003,0.6939,0.7648,0.2761,0.0815,31,0,1,1.648
SUB1006575,2026-02-28,58,5,1,11.2928,0.6032,0.2027,1.3708,0.4317,13.9012,1015.25,1,Prepaid_Monthly,5G_Device,4G,35-44,Eastern Cape,12,24,364.76,2,0.225,1,15.0127,11.4566,13.549999999999999,9.769106666666667,1.4627000000000017,12.1957,0.6514,1.4804,0.2189,28,0,1,24.9085
SUB1006603,2026-01-29,28,3,0,0.0768,0.1047,0.031,0.5934,0.0473,0.8532,60.29,0,Prepaid_Daily,Basic_Phone,3G,18-24,Western Cape,12,24,64.38,5,0.9,1,0.9634,0.7715,0.9795142857142858,0.9847107142857142,-0.016114285714285748,0.0867,0.1182,0.67,0.035,29,0,1,0.6789
SUB1003020,2026-03-20,78,4,0,0.8218,1.0256,0.2639,2.8116,0.2194,5.1422,339.4,1,Postpaid_Unlimited,5G_Device,4G,25-34,Western Cape,3,6,905.08,7,0.439,0,7.1096,5.5912,6.760000000000001,6.694996666666667,0.3495999999999997,1.1361,1.4179,3.8872,0.3649,20,0,0,8.7096
SUB1009528,2026-03-05,63,3,0,4.5389,0.3948,0.0265,3.7281,0.1958,8.884,605.57,0,Postpaid_Basic,Tablet,4G,45-54,Eastern Cape,12,12,573.6,3,0.189,0,5.7414,10.4287,6.4246285714285705,6.613356666666666,-0.6832285714285709,2.9333,0.2552,2.4093,0.0171,5,0,0,8.3436
SUB1004447,2026-03-11,69,2,0,7.1249,0.8174,0.1981,2.6084,0.2488,10.9977,791.45,0,Postpaid_Premium,5G_Device,4G,25-34,KZN,1,60,645.56,1,0.068,0,11.3532,8.1916,11.325514285714283,11.45231,0.027685714285716756,7.3552,0.8439,2.6927,0.2045,11,0,0,11.3013
SUB1000977,2026-03-08,66,6,1,0.4445,0.423,0.1265,1.3384,0.2386,2.571,179.14,1,Prepaid_Monthly,Premium_Smartphone,3G,25-34,Western Cape,24,12,290.16,2,0.351,0,3.3417,1.6726,2.3241428571428573,2.2641166666666668,1.0175571428571426,0.5777,0.5498,1.7396,0.1644,8,0,0,1.4405
SUB1001682,2026-02-27,57,4,0,0.0464,3.3064,0.0374,1.4939,0.196,5.0801,383.86,0,Postpaid_Unlimited,Premium_Smartphone,3G,35-44,Eastern Cape,12,1,1473.2,0,0.12,0,4.9884,5.3256,5.2077,5.434853333333334,-0.2192999999999996,0.0456,3.2468,1.4669,0.0367,27,0,0,3.333
SUB1002830,2026-03-19,77,3,0,9.6805,1.4326,0.0238,0.3533,0.4329,11.9231,757.91,0,Prepaid_Monthly,5G_Device,4G,18-24,KZN,3,12,260.71,1,0.405,0,17.6483,6.8146,9.457071428571428,8.90884,8.19122857142857,14.3288,2.1205,0.523,0.0353,19,0,0,8.727
SUB1003569,2026-02-25,55,2,0,8.795,0.6345,0.0035,0.5515,0.044,10.0285,717.17,1,Postpaid_Unlimited,Mid_Range,5G,25-34,Gauteng,3,18,1384.22,1,0.098,0,35.8482,35.2057,23.986228571428573,23.214263333333335,11.861971428571426,31.439,2.2682,1.9713,0.0124,25,0,0,22.5639
SUB1001026,2026-01-14,13,2,0,0.0666,0.2323,0.0002,0.0258,0.0751,0.4,23.2,1,Prepaid_Daily,Premium_Smartphone,4G+,55+,KZN,24,6,65.78,0,0.18,1,0.7209,0.8474,0.8290428571428572,0.9639846153846154,-0.10814285714285721,0.1201,0.4186,0.0464,0.0004,14,0,0,1.4577
SUB1005168,2026-02-05,35,3,0,0.4703,0.2381,0.0961,0.2451,0.0718,1.1213,76.04,0,Prepaid_Daily,Mid_Range,3G,18-24,Gauteng,6,24,81.02,2,0.45,1,1.4991,1.2698,1.4934857142857143,1.4510033333333332,0.005614285714285794,0.6287,0.3183,0.3277,0.1284,5,0,0,1.5124
SUB1000030,2026-03-19,77,3,0,2.4112,0.1384,0.0477,0.4885,0.1549,3.2407,221.66,0,Postpaid_Basic,Mid_Range,4G+,35-44,Western Cape,3,24,334.72,3,0.225,0,1.7113,0.9144,1.523842857142857,1.9911766666666668,0.187457142857143,1.2733,0.0731,0.258,0.0252,19,0,0,2.5759
SUB1001409,2026-03-16,74,0,0,0.667,0.4477,0.0244,2.5966,0.2251,3.9608,283.98,0,Prepaid_Daily,Premium_Smartphone,4G,35-44,Eastern Cape,12,24,131.51,2,0.3,1,2.5234,5.1155,3.8453142857142852,4.15691,-1.3219142857142852,0.425,0.2853,1.6543,0.0155,16,0,0,2.1801
SUB1001202,2026-03-07,65,5,1,5.6749,4.0556,0.1364,0.045,0.3837,10.2957,744.45,0,Postpaid_Premium,5G_Device,4G+,45-54,Gauteng,6,48,1029.46,3,0.055,0,6.6988,11.386,7.356400000000001,7.7521466666666665,-0.6576000000000004,3.6923,2.6387,0.0293,0.0888,7,0,0,8.6031
SUB1007582,2026-02-12,42,3,0,5.1517,4.3164,0.6258,0.4724,0.24,10.8064,772.67,0,Prepaid_Monthly,Premium_Smartphone,4G+,18-24,Gauteng,24,36,384.99,2,0.236,0,8.2253,13.2051,9.591457142857141,9.32032,-1.3661571428571406,3.9212,3.2855,0.3595,0.4764,12,0,0,10.898
SUB1006941,2026-02-12,42,3,0,2.5411,1.1646,0.0,0.3523,0.0715,4.1296,305.17,0,Postpaid_Basic,Mid_Range,3G,25-34,KZN,12,12,369.42,2,0.234,0,4.7735,4.7749,5.774614285714286,5.654216666666667,-1.0011142857142854,2.9373,1.3462,0.4072,0.0001,12,0,0,5.4488
SUB1002326,2026-01-08,7,3,0,2.0073,0.7022,0.0566,0.4152,0.2833,3.4647,219.52,0,Postpaid_Basic,5G_Device,3G,18-24,Gauteng,1,24,372.63,2,0.225,0,3.7972,3.2307,2.8588142857142858,2.8588142857142858,0.9383857142857144,2.2,0.7696,0.455,0.0621,8,0,0,4.2301
SUB1004329,2026-02-18,48,2,0,1.3582,0.0582,0.0021,0.0835,0.2041,1.706,108.83,0,Prepaid_Daily,Premium_Smartphone,5G,55+,Gauteng,24,18,222.34,3,0.225,0,1.579,1.7433,1.7770857142857144,1.6369866666666666,-0.19808571428571442,1.2571,0.0539,0.0772,0.0019,18,0,0,1.8206
SUB1005687,2026-02-16,46,0,0,6.674,1.067,0.2711,0.7998,0.1152,8.9271,714.45,1,Prepaid_Monthly,5G_Device,5G,18-24,Gauteng,12,6,238.45,1,0.506,0,18.7478,24.4067,17.532500000000002,23.286743333333334,1.2152999999999992,14.0161,2.2408,1.6796,0.5694,16,0,0,24.9488
SUB1008584,2026-02-08,38,6,1,1.7469,0.1908,0.046,0.0107,0.128,2.1223,153.11,1,Prepaid_Monthly,Premium_Smartphone,4G+,45-54,Eastern Cape,24,12,195.09,2,0.189,0,3.7595,2.5407,3.068257142857143,3.4474033333333334,0.691242857142857,3.0945,0.3379,0.0189,0.0815,8,0,0,1.622
SUB1006943,2026-02-12,42,3,0,3.4844,0.2087,0.0348,0.7067,0.0442,4.4787,333.5,1,Postpaid_Unlimited,Mid_Range,4G,35-44,Western Cape,1,36,1415.94,2,0.052,0,11.3495,7.414,10.524228571428571,9.45656,0.8252714285714298,8.8298,0.5288,1.7908,0.0881,12,0,0,10.4974
SUB1003143,2026-01-31,30,5,1,1.9338,1.99,0.14,1.9067,0.2415,6.2121,462.29,0,Postpaid_Premium,Premium_Smartphone,5G,18-24,KZN,1,6,654.71,3,0.354,0,4.3651,4.6231,4.537857142857143,4.995396666666666,-0.17275714285714283,1.3589,1.3983,1.3398,0.0984,31,0,1,4.0082
SUB1007951,2026-03-16,74,0,0,5.3264,0.5446,0.0721,0.3257,0.0856,6.3544,465.18,0,Postpaid_Premium,Mid_Range,4G,35-44,Gauteng,12,12,1010.6,3,0.189,1,7.6396,10.2223,7.170385714285715,7.29899,0.46921428571428514,6.4036,0.6547,0.3916,0.0867,16,0,0,4.0169
SUB1003967,2026-01-02,1,4,0,9.207,1.7009,0.3763,1.9585,0.2753,13.518,976.14,0,Postpaid_Premium,Premium_Smartphone,4G,18-24,Western Cape,1,12,1035.08,2,0.189,0,8.9383,8.9383,8.9383,8.9383,0.0,6.0878,1.1247,1.295,0.2488,2,1,0,7.9575
SUB1005994,2026-01-27,26,1,0,1.0939,1.3144,0.1476,0.1232,0.2073,2.8864,193.74,0,Postpaid_Basic,Premium_Smartphone,3G,35-44,Gauteng,12,12,318.76,2,0.18,0,1.4677,2.4667,2.5996285714285716,2.7526923076923073,-1.1319285714285716,0.5562,0.6683,0.0627,0.075,27,0,0,1.5943
SUB1000498,2026-01-29,28,3,0,3.1421,2.5075,0.2665,3.8452,0.1034,9.8647,673.44,0,Postpaid_Premium,Mid_Range,5G,25-34,Gauteng,12,48,612.01,1,0.068,0,8.6985,7.0788,7.957114285714285,9.315810714285714,0.7413857142857143,2.7707,2.211,3.3906,0.235,29,0,1,9.4397
SUB1004581,2026-01-13,12,1,0,1.6603,0.8715,0.0502,0.3532,0.2133,3.1485,214.83,0,Prepaid_Monthly,Mid_Range,4G+,45-54,Western Cape,12,12,201.5,3,0.284,0,1.3448,1.5498,1.4130285714285713,1.3405666666666667,-0.0682285714285713,0.7091,0.3722,0.1508,0.0215,13,0,0,1.4003
SUB1001048,2026-01-13,12,1,0,1.9801,0.4641,0.0201,0.1614,0.1515,2.7773,207.29,0,Prepaid_Monthly,Mid_Range,4G+,45-54,Eastern Cape,12,3,161.0,2,0.315,1,0.606,1.4949,1.9849857142857144,1.8944583333333334,-1.3789857142857143,0.432,0.1013,0.0352,0.0044,13,0,0,2.8852
SUB1001923,2026-02-05,35,3,0,4.1877,3.3215,0.1027,0.171,0.1686,7.9516,587.94,1,Postpaid_Premium,5G_Device,4G,25-34,Eastern Cape,1,48,893.87,2,0.068,0,12.1203,12.2668,14.994128571428572,13.113213333333332,-2.8738285714285716,6.3831,5.0629,0.2606,0.1566,5,0,0,25.4059
SUB1009104,2026-03-01,59,6,1,1.8025,2.0008,0.0555,0.2693,0.287,4.4152,299.75,0,Prepaid_Daily,5G_Device,4G+,35-44,Gauteng,12,60,202.55,3,0.225,0,4.2272,3.8871,4.29,4.57888,-0.06280000000000019,1.7257,1.9156,0.2578,0.0532,1,1,0,6.0902
SUB1009818,2026-02-15,45,6,1,3.7398,1.7285,0.78,2.1844,0.1646,8.5972,609.14,0,Postpaid_Premium,Mid_Range,5G,25-34,Eastern Cape,12,12,1086.95,2,0.164,1,6.0802,4.6166,5.562085714285714,5.133213333333333,0.5181142857142857,2.6449,1.2225,1.5448,0.5516,15,0,0,3.3825
SUB1004093,2026-02-16,46,0,0,9.6971,0.7446,0.0694,2.082,0.1422,12.7353,868.88,0,Postpaid_Premium,Premium_Smartphone,4G,18-24,Eastern Cape,3,18,1089.72,2,0.157,0,17.5466,14.6786,16.796385714285716,18.023913333333333,0.7502142857142857,13.3606,1.0258,2.8686,0.0957,16,0,0,10.0796
SUB1002383,2026-03-29,87,6,1,1.2939,0.3013,0.0499,0.1681,0.3031,2.1161,139.72,0,Prepaid_Monthly,Premium_Smartphone,3G,18-24,Western Cape,6,48,341.8,2,0.169,0,1.5789,2.1091,1.749157142857143,1.5582099999999999,-0.1702571428571431,0.9654,0.2248,0.1254,0.0372,29,0,1,0.967
SUB1002282,2026-01-03,2,5,1,9.2253,3.6039,0.4379,3.6552,0.2476,17.17,1322.2,0,Postpaid_Unlimited,Premium_Smartphone,4G,25-34,Gauteng,6,6,977.55,1,0.146,0,15.4142,11.8413,13.627749999999999,13.627749999999999,1.7864500000000003,8.2819,3.2354,3.2814,0.3931,3,1,0,23.8874
SUB1006891,2026-01-31,30,5,1,1.4915,0.1984,0.053,0.0293,0.0593,1.8316,121.44,1,Prepaid_Monthly,Basic_Phone,3G,25-34,Gauteng,1,36,227.67,3,0.307,1,3.1211,2.5118,1.8944000000000003,1.65821,1.2267,2.5417,0.338,0.05,0.0903,31,0,1,2.0166
SUB1002092,2026-01-28,27,2,0,1.0982,1.4781,0.1094,1.7025,0.1711,4.5593,289.18,1,Prepaid_Monthly,5G_Device,4G+,35-44,Eastern Cape,6,6,177.83,4,0.506,0,8.0678,4.975,7.403085714285714,8.168485185185185,0.664714285714286,1.9433,2.6155,3.0127,0.1935,28,0,1,7.2499
SUB1009607,2026-02-12,42,3,0,1.4022,1.8629,0.0077,0.9822,0.0572,4.3121,318.88,0,Postpaid_Unlimited,Basic_Phone,4G+,25-34,Gauteng,3,24,1620.45,1,0.098,0,4.5344,3.991,4.364928571428571,3.71354,0.16947142857142872,1.4745,1.9589,1.0328,0.008,12,0,0,3.1791
SUB1003087,2026-01-28,27,2,0,13.1501,1.4694,0.0138,2.3693,0.2747,17.2773,1243.19,0,Prepaid_Daily,Premium_Smartphone,4G+,25-34,Western Cape,12,36,168.7,1,0.273,0,9.4461,13.0345,13.278785714285716,12.459525925925925,-3.8326857142857165,7.1896,0.8034,1.2954,0.0075,28,0,1,9.5645
SUB1003561,2026-03-01,59,6,1,2.3898,0.6891,0.3049,1.936,0.5892,5.909,453.82,0,Prepaid_Daily,5G_Device,3G,25-34,Gauteng,6,3,100.97,1,0.78,0,6.9974,2.6873,4.379257142857143,3.3355033333333335,2.618142857142857,2.83,0.8161,2.2926,0.361,1,1,0,2.5195
SUB1009811,2026-03-05,63,3,0,2.665,2.9666,0.1948,0.8291,0.0992,6.7547,486.66,0,Postpaid_Unlimited,Mid_Range,4G,25-34,Gauteng,3,12,1309.58,4,0.176,0,4.6941,9.315,7.447357142857143,6.018636666666667,-2.7532571428571435,1.852,2.0616,0.5762,0.1354,5,0,0,4.8634
SUB1004151,2026-02-02,32,0,0,0.4726,0.7065,0.0267,0.5488,0.0545,1.8092,129.66,1,Prepaid_Monthly,Basic_Phone,4G,25-34,Western Cape,12,6,343.47,2,0.439,0,2.4639,1.8449,1.6025857142857143,1.63524,0.8613142857142859,0.6436,0.9621,0.7474,0.0364,2,1,0,1.0033
SUB1002775,2026-01-06,5,1,0,1.8512,0.1335,0.0517,0.1252,0.065,2.2266,169.29,1,Prepaid_Daily,Mid_Range,5G,25-34,Gauteng,6,12,217.88,1,0.468,1,4.3176,2.5069,3.3385,3.3385,0.9790999999999999,3.5896,0.2589,0.2428,0.1002,6,0,0,1.7877
SUB1001067,2026-03-27,85,4,0,0.1184,0.2343,0.0393,0.2858,0.0793,0.7571,50.42,0,Prepaid_Monthly,Mid_Range,4G+,35-44,Western Cape,1,60,220.45,1,0.112,0,1.1428,1.1015,1.2671285714285714,1.1451633333333333,-0.12432857142857134,0.1787,0.3536,0.4314,0.0593,27,0,0,0.9686
SUB1006893,2026-01-16,15,4,0,29.2097,2.6077,0.1228,0.5913,0.302,32.8336,2172.91,0,Prepaid_Monthly,Premium_Smartphone,4G,18-24,Gauteng,12,60,350.01,5,0.337,1,26.7203,23.9597,21.711328571428574,21.68530666666667,5.008971428571428,23.7712,2.1222,0.4812,0.1,16,0,0,19.4577
SUB1006370,2026-03-02,60,0,0,1.7014,0.4383,0.0386,1.1017,0.1935,3.4736,235.81,0,Prepaid_Monthly,Premium_Smartphone,4G,45-54,KZN,12,12,379.6,1,0.189,1,3.7642,3.8112,4.371642857142857,4.337016666666667,-0.6074428571428565,1.8438,0.475,1.1939,0.0419,2,1,0,5.4667
SUB1009737,2026-03-26,84,3,0,6.1039,1.1057,0.0863,0.0283,0.0962,7.4204,538.16,0,Postpaid_Unlimited,Mid_Range,4G,18-24,Gauteng,12,24,973.93,4,0.169,0,3.9668,9.8791,6.758571428571428,7.008206666666667,-2.791771428571428,3.263,0.5911,0.0151,0.0462,26,0,0,6.724
SUB1009176,2026-03-15,73,6,1,4.0915,0.6656,0.0156,1.893,0.1009,6.7665,458.93,0,Postpaid_Premium,Mid_Range,3G,25-34,KZN,12,12,619.42,4,0.246,0,3.2497,4.911,5.8076,6.411320000000001,-2.5579,1.965,0.3197,0.9091,0.0075,15,0,0,6.3191
SUB1000408,2026-01-27,26,1,0,1.6903,1.5541,0.0269,0.5908,0.1515,4.0135,281.31,0,Postpaid_Basic,Premium_Smartphone,5G,18-24,Gauteng,12,36,320.0,2,0.157,0,5.9358,3.8031,5.346828571428572,5.544899999999999,0.588971428571428,2.4999,2.2984,0.8737,0.0397,27,0,0,6.0813
SUB1001409,2026-03-08,66,6,1,0.4061,0.2726,0.0148,1.581,0.1371,2.4116,167.94,0,Prepaid_Daily,Premium_Smartphone,4G,25-34,Eastern Cape,12,24,131.51,2,0.3,1,4.0729,3.7893,3.412,4.24038,0.6608999999999998,0.6859,0.4604,2.6701,0.025,8,0,0,5.1155
SUB1004033,2026-02-26,56,3,0,8.3361,0.0494,0.0484,0.0284,0.2249,8.6872,579.85,0,Postpaid_Basic,Premium_Smartphone,3G,25-34,Western Cape,6,12,536.61,2,0.234,0,4.586,4.2505,6.594842857142857,7.380503333333333,-2.0088428571428567,4.4006,0.0261,0.015,0.0256,26,0,0,11.4628
SUB1002784,2026-03-29,87,6,1,2.224,0.8364,0.0138,0.3863,0.0715,3.532,246.96,0,Postpaid_Basic,Mid_Range,4G,18-24,Eastern Cape,24,12,306.66,5,0.54,0,5.2683,8.2875,5.922085714285714,5.61738,-0.6537857142857142,3.3173,1.2475,0.5762,0.0205,29,0,1,3.701
SUB1008790,2026-01-12,11,0,0,2.5222,1.2841,0.0054,0.0246,0.2526,4.0889,272.96,0,Postpaid_Basic,5G_Device,4G,45-54,KZN,1,1,338.42,3,0.315,1,2.4108,4.8198,4.630028571428572,4.443972727272728,-2.219228571428572,1.4871,0.7571,0.0145,0.0032,12,0,0,3.7654
SUB1005269,2026-01-19,18,0,0,4.9374,2.1425,0.0344,1.6698,0.2109,8.995,673.7,0,Prepaid_Daily,Premium_Smartphone,4G,25-34,Gauteng,12,24,244.48,3,0.585,0,17.0443,10.685,8.668228571428571,8.506155555555555,8.376071428571429,9.3557,4.0598,3.1641,0.0652,19,0,0,8.1992
SUB1007259,2026-03-06,64,4,0,6.1686,4.4357,0.1126,0.1076,0.1041,10.9286,757.86,1,Postpaid_Premium,Tablet,4G,18-24,Gauteng,6,3,613.16,4,0.472,0,7.7031,12.4783,9.732928571428571,14.392276666666667,-2.0298285714285713,4.348,3.1265,0.0759,0.0794,6,0,0,14.3864
SUB1006643,2026-02-25,55,2,0,4.6294,0.5341,0.0909,0.2725,0.0692,5.5961,383.01,1,Postpaid_Premium,Mid_Range,5G,25-34,Western Cape,6,48,926.79,1,0.068,0,11.3566,7.4072,8.606785714285715,7.986856666666666,2.749814285714285,9.3949,1.0838,0.5531,0.1844,25,0,0,4.348
SUB1006766,2026-02-12,42,3,0,0.4112,0.2498,0.0551,0.043,0.1654,0.9245,50.59,0,Prepaid_Daily,Premium_Smartphone,3G,45-54,Eastern Cape,12,36,207.61,1,0.147,0,0.8223,1.517,1.0411714285714286,1.1135400000000002,-0.2188714285714286,0.3657,0.2222,0.0383,0.049,12,0,0,1.2267
SUB1003451,2026-02-04,34,2,0,1.5104,0.9659,0.0217,0.0483,0.0735,2.6198,179.98,0,Postpaid_Basic,Mid_Range,3G,35-44,KZN,24,18,360.55,3,0.225,0,3.6005,2.2641,3.370371428571428,3.3627633333333335,0.23012857142857168,2.0758,1.3275,0.0664,0.0298,4,0,0,2.3049
SUB1002659,2026-02-10,40,1,0,4.635,1.0415,0.1143,1.096,0.2576,7.1445,501.27,0,Prepaid_Monthly,5G_Device,4G,18-24,KZN,24,18,183.28,0,0.27,0,6.4091,8.213,7.602328571428571,8.27153,-1.1932285714285715,4.1579,0.9343,0.9832,0.1026,10,0,0,9.2231
SUB1003135,2026-01-05,4,0,0,3.6538,0.9473,0.1026,0.9181,0.1386,5.7604,412.65,0,Postpaid_Unlimited,Mid_Range,4G,45-54,Gauteng,24,60,1574.32,2,0.026,0,4.8634,3.4536,4.7422,4.7422,0.12119999999999997,3.0848,0.7997,0.7752,0.0866,5,0,0,3.5794
SUB1003560,2026-01-25,24,6,1,3.7499,0.5747,0.0203,2.3082,0.1527,6.8057,524.41,0,Prepaid_Daily,Mid_Range,5G,35-44,Western Cape,24,18,63.1,3,0.45,1,8.4677,6.2458,4.548442857142858,4.695358333333334,3.919257142857143,4.6656,0.715,2.8719,0.0252,25,0,0,3.2876
SUB1007778,2026-01-29,28,3,0,1.8669,0.3511,0.0921,0.7375,0.1051,3.1527,226.28,0,Prepaid_Daily,Mid_Range,4G+,18-24,KZN,12,60,128.19,1,0.225,0,2.9795,1.7919,2.967885714285714,2.9842,0.0116142857142858,1.7643,0.3318,0.697,0.0871,29,0,1,2.4997
SUB1007390,2026-01-17,16,5,1,6.721,2.4999,0.0389,0.5391,0.3932,10.1922,795.62,0,Postpaid_Basic,5G_Device,5G,25-34,Gauteng,3,1,490.24,1,0.39,1,7.7814,10.3548,7.351357142857142,8.0502875,0.4300428571428574,5.1312,1.9086,0.4116,0.0297,17,0,0,9.449
SUB1008653,2026-02-13,43,4,0,3.0337,0.4051,0.0134,0.1571,0.0507,3.66,264.85,0,Prepaid_Monthly,Basic_Phone,4G+,18-24,Western Cape,6,6,340.56,1,0.506,0,2.2116,4.4591,4.1034,3.756326666666667,-1.8918,1.8332,0.2448,0.0949,0.0081,13,0,0,4.8061
SUB1007618,2026-02-26,56,3,0,1.7194,0.327,0.0233,0.1333,0.0325,2.2355,166.18,0,Postpaid_Unlimited,Basic_Phone,5G,35-44,Western Cape,6,60,1772.3,3,0.056,0,3.4189,1.5096,2.613057142857143,3.24345,0.8058428571428569,2.6295,0.5002,0.2039,0.0356,26,0,0,4.0899
SUB1003169,2026-03-20,78,4,0,4.921,1.8285,0.0098,0.2476,0.1714,7.1784,530.77,0,Prepaid_Monthly,Premium_Smartphone,4G+,35-44,KZN,6,12,268.67,2,0.27,0,10.5915,22.3412,13.831028571428572,11.235590000000002,-3.239528571428572,7.2608,2.698,0.3653,0.0145,20,0,0,14.0555
SUB1001821,2026-01-18,17,6,1,7.7746,2.2071,0.0375,0.1728,0.2277,10.4196,843.43,0,Prepaid_Monthly,Premium_Smartphone,3G,25-34,Gauteng,3,3,192.05,2,0.585,1,11.6342,10.2218,11.129614285714286,10.125276470588236,0.5045857142857137,8.6808,2.4644,0.1929,0.0418,18,0,0,5.0981
SUB1003359,2026-01-24,23,5,1,3.3897,0.8944,0.0227,0.0656,0.1896,4.562,317.59,0,Prepaid_Daily,Mid_Range,3G,25-34,Gauteng,6,3,193.45,1,0.6,0,3.1244,3.5617,2.4701285714285715,2.599108695652174,0.6542714285714286,2.3215,0.6126,0.0449,0.0155,24,0,0,1.7541
SUB1006401,2026-01-06,5,1,0,17.6777,0.9982,0.3091,0.522,0.4434,19.9504,1484.93,0,Prepaid_Monthly,5G_Device,5G,18-24,Gauteng,3,1,286.88,3,0.95,1,10.7612,17.9942,11.17928,11.17928,-0.4180799999999998,9.5353,0.5384,0.2815,0.1667,6,0,0,14.1936
SUB1003561,2026-01-19,18,0,0,1.3124,0.3784,0.1674,1.0631,0.3235,3.2449,203.85,0,Prepaid_Daily,5G_Device,3G,25-34,Gauteng,6,3,100.97,1,0.78,0,2.1696,2.3182,2.3991857142857143,2.9620277777777777,-0.22958571428571428,0.8775,0.253,0.7108,0.1119,19,0,0,2.9445
SUB1002666,2026-02-27,57,4,0,1.9466,0.4412,0.0431,0.0409,0.2243,2.6961,197.26,0,Prepaid_Daily,Premium_Smartphone,5G,45-54,Eastern Cape,6,24,100.06,2,0.21,0,1.5365,2.0321,2.2264142857142857,2.3603933333333336,-0.6899142857142857,1.1094,0.2515,0.0233,0.0245,27,0,0,4.0543
SUB1004531,2026-03-03,61,1,0,13.6163,0.348,0.0749,0.1993,0.187,14.4255,996.33,0,Prepaid_Daily,Mid_Range,4G,25-34,Eastern Cape,12,12,120.82,2,0.468,0,5.8461,16.0016,13.181257142857143,9.00577,-7.335157142857144,5.5181,0.141,0.0808,0.0303,3,1,0,10.5637
SUB1009591,2026-02-18,48,2,0,1.3751,0.8745,0.2178,3.487,0.2035,6.1579,435.94,0,Postpaid_Unlimited,Premium_Smartphone,3G,18-24,KZN,6,36,1575.77,1,0.079,0,5.2711,6.9542,6.7097,6.563559999999999,-1.4386,1.1771,0.7486,2.9848,0.1865,18,0,0,3.2351
SUB1003251,2026-01-03,2,5,1,0.7732,0.1985,0.1485,0.034,0.1278,1.282,88.11,1,Prepaid_Daily,Tablet,4G,35-44,Western Cape,24,24,98.55,3,0.45,0,1.6963,0.9126,1.3044499999999999,1.3044499999999999,0.39185000000000003,1.023,0.2627,0.045,0.1965,3,1,0,1.2936
SUB1000725,2026-01-13,12,1,0,1.6672,4.0732,0.0445,0.9272,0.1537,6.8658,512.36,0,Postpaid_Unlimited,Premium_Smartphone,4G,18-24,Gauteng,12,3,1607.56,3,0.337,1,5.6281,12.8946,9.310514285714286,8.642791666666666,-3.6824142857142856,1.3667,3.3389,0.7601,0.0365,13,0,0,6.0238
SUB1008375,2026-03-03,61,1,0,1.2711,1.4152,0.0377,0.2369,0.0577,3.0186,219.52,1,Postpaid_Basic,Mid_Range,5G,25-34,Gauteng,12,36,402.08,1,0.105,0,3.7864,3.0028,4.798614285714286,4.8637033333333335,-1.0122142857142857,1.5944,1.7752,0.2971,0.0473,3,1,0,4.6874
SUB1009260,2026-02-12,42,3,0,0.1699,0.1506,0.016,1.1049,0.0727,1.514,108.2,0,Postpaid_Basic,Basic_Phone,5G,55+,Gauteng,3,24,508.03,3,0.112,0,0.8124,1.1877,0.9694571428571429,1.0104266666666668,-0.1570571428571429,0.0911,0.0808,0.5929,0.0086,12,0,0,1.4867
SUB1005666,2026-01-21,20,2,0,8.9049,0.7658,0.0826,1.4709,0.1153,11.3397,808.29,0,Postpaid_Premium,Premium_Smartphone,4G,25-34,Western Cape,24,18,924.57,3,0.205,1,16.1508,9.1688,19.620257142857145,19.862434999999998,-3.469457142857145,12.6831,1.0908,2.095,0.1177,21,0,0,11.1041
SUB1005701,2026-01-18,17,6,1,3.6591,0.6005,0.0738,0.5134,0.0311,4.878,357.38,1,Postpaid_Unlimited,Basic_Phone,4G+,18-24,Western Cape,12,36,990.55,1,0.079,0,13.0843,11.3645,9.102185714285715,8.16855882352941,3.9821142857142853,9.8149,1.6108,1.3771,0.1979,18,0,0,6.6584
SUB1008361,2026-03-08,66,6,1,0.452,0.1887,0.0338,0.5181,0.0854,1.278,87.63,0,Postpaid_Basic,Mid_Range,4G,55+,Western Cape,12,3,546.54,0,0.12,0,1.0037,1.5946,1.3292714285714287,1.39048,-0.3255714285714286,0.3549,0.1482,0.4069,0.0266,8,0,0,1.6782
SUB1001379,2026-02-04,34,2,0,13.8976,1.0716,0.2108,7.4542,0.244,22.8782,1620.89,0,Prepaid_Monthly,5G_Device,5G,25-34,Gauteng,6,12,332.34,4,0.526,1,24.3003,30.1316,26.41201428571429,23.299776666666666,-2.1117142857142888,14.7615,1.1382,7.9176,0.2239,4,0,0,43.1878
SUB1005209,2026-02-19,49,3,0,7.0498,1.5885,0.0866,1.9129,0.2075,10.8452,807.81,0,Postpaid_Premium,Premium_Smartphone,4G,18-24,KZN,24,1,870.57,1,0.315,1,8.9715,8.1134,12.877885714285714,10.571449999999999,-3.9063857142857135,5.8318,1.3141,1.5824,0.0716,19,0,0,8.3199
SUB1006838,2026-01-11,10,6,1,0.7832,0.307,0.0254,0.7046,0.1102,1.9305,132.32,0,Prepaid_Monthly,Mid_Range,5G,55+,Gauteng,12,18,346.43,0,0.09,0,2.3215,2.5943,1.9527857142857141,2.20674,0.36871428571428577,0.9419,0.3692,0.8473,0.0306,11,0,0,2.1415
SUB1009212,2026-01-06,5,1,0,8.9242,1.2273,0.153,0.7148,0.1118,11.1312,789.22,0,Postpaid_Unlimited,Mid_Range,5G,18-24,Western Cape,1,60,1165.25,2,0.056,0,12.0958,8.96,8.73808,8.73808,3.3577200000000005,9.6976,1.3337,0.7768,0.1663,6,0,0,7.7123
SUB1006146,2026-01-30,29,4,0,1.7123,0.1186,0.0085,0.0979,0.0935,2.0309,143.02,0,Prepaid_Daily,Mid_Range,5G,45-54,Gauteng,24,1,214.94,3,0.63,1,2.0947,3.5611,2.252614285714286,2.2485310344827583,-0.1579142857142859,1.7661,0.1223,0.101,0.0087,30,0,1,1.6841
SUB1006750,2026-03-04,62,2,0,8.8668,0.1249,0.0122,0.9115,0.293,10.2084,698.62,0,Prepaid_Daily,5G_Device,4G,18-24,Western Cape,1,60,113.29,2,0.225,0,13.5882,7.9058,11.665099999999999,11.480703333333334,1.9231000000000016,11.8024,0.1662,1.2132,0.0162,4,0,0,17.9475
SUB1003786,2026-01-25,24,6,1,3.0781,0.6872,0.0591,0.8402,0.2656,4.9301,357.67,0,Postpaid_Basic,Premium_Smartphone,4G,55+,Gauteng,1,3,524.84,0,0.12,0,4.8974,3.2675,3.7759428571428573,3.7708125,1.121457142857143,3.0577,0.6826,0.8346,0.0587,25,0,0,2.4477
SUB1008317,2026-01-02,1,4,0,5.407,2.9383,0.1729,3.4481,0.2343,12.2005,851.4,0,Postpaid_Unlimited,Premium_Smartphone,3G,45-54,Gauteng,12,60,982.28,4,0.039,1,12.0645,12.0645,12.0645,12.0645,0.0,5.3467,2.9055,3.4096,0.171,2,1,0,7.0111
SUB1005714,2026-01-08,7,3,0,3.9898,3.5435,0.0319,0.0519,0.2967,7.9137,628.29,0,Postpaid_Basic,Premium_Smartphone,3G,18-24,Western Cape,12,6,451.53,2,0.337,0,3.3129,5.9995,5.118514285714285,5.118514285714285,-1.8056142857142854,1.6702,1.4834,0.0217,0.0134,8,0,0,6.2901
SUB1009280,2026-03-23,81,0,0,0.3566,0.3387,0.0005,0.8023,0.063,1.561,95.31,1,Postpaid_Basic,Mid_Range,5G,55+,Eastern Cape,3,6,421.91,1,0.112,0,1.7391,3.5507,2.8883428571428573,2.2594366666666663,-1.1492428571428572,0.3973,0.3773,0.8939,0.0005,23,0,0,3.0992
SUB1006170,2026-02-01,31,6,1,0.306,0.0676,0.0521,0.0783,0.0941,0.598,36.03,0,Postpaid_Premium,Mid_Range,4G,55+,Gauteng,24,3,1056.23,1,0.105,0,0.7677,1.1111,0.7425428571428572,0.7231299999999999,0.025157142857142878,0.3928,0.0868,0.1005,0.0668,1,1,0,0.822
SUB1008711,2026-03-30,88,0,0,4.9905,0.0878,0.0097,0.5371,0.0488,5.6739,406.94,0,Postpaid_Basic,Mid_Range,4G+,18-24,Western Cape,3,6,482.24,3,0.506,0,13.1551,11.9478,11.240857142857143,11.435030000000001,1.914242857142856,11.5706,0.2037,1.2453,0.0225,30,0,1,8.1739
SUB1002070,2026-02-15,45,6,1,3.6494,0.2015,0.0175,0.4,0.0953,4.3637,298.45,1,Postpaid_Premium,Mid_Range,4G,45-54,KZN,3,48,765.34,1,0.037,0,4.0173,10.8137,4.769342857142857,4.960436666666667,-0.7520428571428575,3.3597,0.1855,0.3683,0.0161,15,0,0,4.481
SUB1008215,2026-01-18,17,6,1,3.4615,4.944,0.1723,0.0529,0.0868,8.7175,678.48,0,Postpaid_Unlimited,Mid_Range,4G,18-24,Western Cape,3,12,1654.37,2,0.135,1,12.024,10.1376,9.617342857142857,9.846764705882354,2.406657142857142,4.7744,6.8191,0.073,0.2376,18,0,0,12.1567
SUB1006851,2026-01-10,9,5,1,1.3884,0.5332,0.0387,0.0137,0.0485,2.0225,144.99,1,Postpaid_Basic,Basic_Phone,5G,25-34,Gauteng,24,18,363.63,1,0.195,0,2.0876,4.6211,2.4737571428571425,2.4567,-0.3861571428571424,1.4332,0.5503,0.0141,0.0399,10,0,0,2.1082
SUB1008576,2026-01-25,24,6,1,1.3006,2.6222,0.0542,0.1208,0.2025,4.3002,311.85,0,Postpaid_Basic,Premium_Smartphone,3G,18-24,Gauteng,24,6,379.64,3,0.506,1,5.1261,3.8702,4.6496571428571425,4.142104166666667,0.4764428571428576,1.5504,3.1257,0.144,0.0646,25,0,0,4.446
SUB1007042,2026-01-10,9,5,1,4.3786,0.1511,0.0762,0.3293,0.1382,5.0733,346.59,0,Prepaid_Daily,Mid_Range,5G,18-24,Gauteng,6,48,154.46,0,0.18,0,5.3864,5.6991,4.804771428571428,4.571122222222223,0.5816285714285723,4.6488,0.1604,0.3497,0.0809,10,0,0,6.1604
SUB1001437,2026-03-21,79,5,1,2.8043,2.0075,0.0336,2.6645,0.1044,7.6143,557.74,0,Prepaid_Monthly,Mid_Range,4G,25-34,KZN,24,24,365.59,3,0.439,0,9.7385,4.2713,8.3222,8.460420000000001,1.4162999999999997,3.5866,2.5675,3.4078,0.043,21,0,0,5.6522
SUB1006779,2026-02-13,43,4,0,2.0902,0.1166,0.0142,0.5375,0.0627,2.8211,212.36,1,Prepaid_Daily,Mid_Range,4G,35-44,Western Cape,1,60,77.69,2,0.15,1,3.5183,4.4495,4.231914285714286,4.1960999999999995,-0.7136142857142858,2.6067,0.1454,0.6704,0.0177,13,0,0,9.6769
SUB1002175,2026-03-09,67,0,0,0.3524,0.3334,0.0265,0.0422,0.0564,0.811,51.01,0,Prepaid_Monthly,Basic_Phone,5G,35-44,Gauteng,6,18,172.55,1,0.225,0,0.6609,0.4827,0.9097285714285714,0.8251666666666666,-0.2488285714285714,0.2872,0.2717,0.0344,0.0216,9,0,0,0.9639
SUB1006198,2026-02-05,35,3,0,0.9681,1.2072,0.047,0.9676,0.2281,3.4178,223.04,0,Prepaid_Daily,5G_Device,4G,25-34,KZN,24,12,154.68,0,0.374,0,2.4197,5.9775,3.6774428571428572,4.499553333333334,-1.257742857142857,0.6854,0.8546,0.685,0.0333,5,0,0,3.1239
SUB1000676,2026-01-08,7,3,0,4.8502,0.4159,0.024,0.196,0.2842,5.7703,438.83,0,Postpaid_Basic,5G_Device,5G,55+,KZN,3,6,429.39,6,0.225,0,5.7807,7.0587,5.848757142857143,5.848757142857143,-0.0680571428571426,4.8589,0.4167,0.1963,0.024,8,0,0,8.7878
SUB1003496,2026-01-17,16,5,1,5.0736,1.0172,0.424,0.5253,0.1668,7.2069,537.08,0,Prepaid_Monthly,Mid_Range,3G,35-44,Western Cape,12,6,304.62,3,0.506,1,5.6921,6.6701,4.194985714285714,4.56519375,1.4971142857142858,4.0072,0.8034,0.4149,0.3348,17,0,0,4.6209
SUB1009560,2026-03-26,84,3,0,1.7881,0.4341,0.0499,1.1496,0.0502,3.4719,259.85,1,Prepaid_Daily,Mid_Range,4G,35-44,Western Cape,1,12,134.84,1,0.36,0,5.2072,15.6081,8.854442857142857,8.151343333333333,-3.6472428571428566,2.6818,0.6511,1.7242,0.0749,26,0,0,9.8222
SUB1006025,2026-02-05,35,3,0,7.8554,1.1927,0.0235,4.2694,0.2497,13.5907,971.22,0,Postpaid_Unlimited,Premium_Smartphone,3G,45-54,Western Cape,12,6,1255.81,5,0.158,1,11.4585,6.8956,12.799728571428572,12.052563333333334,-1.3412285714285712,6.623,1.0056,3.5996,0.0198,5,0,0,9.1117
SUB1006718,2026-02-08,38,6,1,5.2332,0.208,0.057,0.3541,0.3116,6.164,421.45,0,Postpaid_Basic,5G_Device,4G,35-44,Eastern Cape,24,3,573.17,2,0.3,0,5.8533,7.0416,6.263285714285715,6.010893333333333,-0.40998571428571484,4.9694,0.1975,0.3363,0.0542,8,0,0,4.1154
SUB1004111,2026-01-28,27,2,0,1.1129,0.1497,0.0074,0.0261,0.0511,1.3472,87.31,0,Prepaid_Monthly,Basic_Phone,4G,45-54,Eastern Cape,12,48,223.41,2,0.079,0,1.1259,1.0265,1.1039285714285714,1.3037074074074073,0.02197142857142853,0.93,0.1251,0.0218,0.0062,28,0,1,0.9567
SUB1005604,2026-01-26,25,0,0,5.9658,1.0062,0.0715,0.6233,0.0687,7.7353,558.88,0,Postpaid_Basic,Mid_Range,4G,25-34,Gauteng,6,12,549.99,2,0.234,0,12.579,10.7003,11.700157142857142,12.056220000000001,0.8788428571428586,9.7014,1.6363,1.0135,0.1162,26,0,0,7.1766
SUB1005704,2026-01-11,10,6,1,0.8478,1.3704,0.0356,4.0243,0.1255,6.4036,484.21,0,Postpaid_Basic,Mid_Range,4G+,25-34,Gauteng,1,1,339.78,1,0.39,1,8.9531,4.7834,5.1330857142857145,5.571859999999999,3.8200142857142847,1.1854,1.916,5.6266,0.0498,11,0,0,6.5453
SUB1009137,2026-02-11,41,2,0,4.0579,5.5564,0.6104,2.8621,0.2603,13.3471,952.95,0,Postpaid_Premium,5G_Device,4G,35-44,Western Cape,6,6,792.99,2,0.158,1,25.8608,14.3401,16.079942857142857,16.05462,9.780857142857144,7.8625,10.7658,5.5455,1.1827,11,0,0,17.4477
SUB1004551,2026-01-24,23,5,1,0.1873,0.113,0.0057,0.1299,0.0215,0.4574,34.2,1,Prepaid_Daily,Basic_Phone,5G,35-44,Gauteng,12,24,139.82,5,0.6,1,1.36,1.5756,1.0124142857142857,1.0422304347826086,0.3475857142857144,0.5568,0.3361,0.3861,0.0169,24,0,0,1.1794
SUB1004637,2026-01-29,28,3,0,2.2817,0.2195,0.031,0.0246,0.0708,2.6275,191.05,1,Postpaid_Basic,Mid_Range,3G,35-44,Gauteng,12,18,413.25,1,0.15,0,3.5254,2.8766,3.5857428571428573,3.5596428571428573,-0.060342857142857476,3.0614,0.2945,0.0329,0.0415,29,0,1,4.2489
SUB1005357,2026-01-12,11,0,0,1.0673,0.3167,0.0094,0.3055,0.1902,1.8892,127.51,0,Prepaid_Monthly,Premium_Smartphone,4G+,25-34,Western Cape,3,6,345.06,2,0.439,1,3.7326,1.8537,2.5634857142857146,2.310227272727273,1.1691142857142856,2.1087,0.6256,0.6037,0.0186,12,0,0,1.7882
SUB1005853,2026-01-12,11,0,0,1.7248,0.2614,0.056,0.7528,0.2439,3.0388,207.1,1,Prepaid_Monthly,5G_Device,4G,25-34,Gauteng,3,6,247.19,4,0.658,1,4.9919,4.9126,4.356357142857143,4.286236363636363,0.6355428571428572,2.8334,0.4294,1.2366,0.0919,12,0,0,3.2475
SUB1006178,2026-01-30,29,4,0,3.1647,1.0904,0.0955,0.0492,0.1142,4.5139,316.5,0,Prepaid_Monthly,Premium_Smartphone,3G,25-34,Gauteng,3,18,188.65,2,0.292,0,7.811,13.3069,8.516528571428571,8.216393103448276,-0.7055285714285713,5.4763,1.8868,0.0851,0.1653,30,0,1,16.0305
SUB1009021,2026-03-28,86,5,1,0.5584,0.7012,0.0165,1.1324,0.2639,2.6723,179.6,0,Postpaid_Basic,5G_Device,4G,25-34,Western Cape,12,12,402.59,3,0.135,0,4.0157,2.4463,2.588385714285714,2.9393766666666665,1.427314285714286,0.8392,1.0536,1.7016,0.0247,28,0,1,1.4753
SUB1003242,2026-01-27,26,1,0,1.4854,1.2728,0.0872,0.9861,0.1891,4.0205,287.71,0,Postpaid_Unlimited,Premium_Smartphone,4G,55+,Gauteng,6,6,1662.41,0,0.045,1,3.0704,3.1064,4.897514285714286,4.476123076923077,-1.8271142857142864,1.1344,0.972,0.7531,0.0666,27,0,0,2.8732
SUB1004382,2026-03-26,84,3,0,15.4495,0.7816,0.1559,0.0105,0.2527,16.6502,1051.39,0,Postpaid_Premium,Premium_Smartphone,3G,18-24,Gauteng,1,6,975.85,1,0.236,0,7.1509,9.1691,9.79937142857143,13.221589999999999,-2.6484714285714297,6.6353,0.3357,0.0045,0.067,26,0,0,14.2601
SUB1007369,2026-01-17,16,5,1,0.3187,0.0891,0.0255,0.1291,0.1924,0.7548,42.76,0,Prepaid_Monthly,Tablet,4G,55+,KZN,12,3,270.52,1,0.225,0,0.5606,0.4585,0.5399428571428572,0.59411875,0.02065714285714282,0.2367,0.0662,0.0959,0.0189,17,0,0,0.453
SUB1006299,2026-03-24,82,1,0,0.2914,0.0249,0.0063,0.0129,0.0378,0.3733,25.46,0,Prepaid_Monthly,Basic_Phone,5G,55+,Eastern Cape,3,18,185.39,1,0.112,0,0.8073,0.6387,0.6398285714285715,0.5661766666666667,0.1674714285714285,0.6303,0.0538,0.0279,0.0136,24,0,0,0.4862
SUB1002328,2026-02-17,47,1,0,0.2381,0.4827,0.0596,0.3113,0.1277,1.2194,84.31,0,Prepaid_Monthly,Premium_Smartphone,5G,35-44,KZN,12,36,301.64,1,0.157,0,2.3755,2.0991,2.1186714285714285,2.047616666666667,0.25682857142857163,0.4639,0.9403,0.6064,0.1161,17,0,0,2.3753
SUB1000940,2026-01-12,11,0,0,2.4715,2.509,0.524,2.9518,0.3215,8.7779,655.39,0,Postpaid_Premium,5G_Device,4G,25-34,Eastern Cape,12,18,619.78,2,0.136,0,6.276,10.078,7.775899999999999,7.414490909090909,-1.4998999999999993,1.7671,1.7939,2.1105,0.3747,12,0,0,9.7538
SUB1006462,2026-01-19,18,0,0,0.9198,0.3436,0.0158,0.4638,0.1085,1.8515,126.68,0,Prepaid_Daily,Mid_Range,3G,35-44,Gauteng,6,18,175.58,1,0.3,0,2.2794,1.2641,1.6618285714285714,1.9942833333333334,0.6175714285714284,1.1323,0.423,0.571,0.0195,19,0,0,1.5051
SUB1009871,2026-01-05,4,0,0,3.8294,1.2317,0.0,0.37,0.12,5.5511,415.86,1,Postpaid_Basic,5G_Device,4G,45-54,Western Cape,1,24,388.39,0,0.084,0,9.2425,21.5454,15.96755,15.96755,-6.7250499999999995,6.3758,2.0508,0.6161,0.0001,5,0,0,10.7273
SUB1007640,2026-02-12,42,3,0,4.4803,2.3684,0.0894,0.3898,0.1701,7.4981,555.15,0,Postpaid_Premium,Premium_Smartphone,4G+,18-24,KZN,1,3,1025.5,0,0.252,0,8.774,7.6052,8.562257142857144,8.908046666666667,0.21174285714285546,5.2427,2.7714,0.4561,0.1046,12,0,0,15.6627
SUB1001282,2026-02-06,36,4,0,1.2229,1.8343,0.0065,0.0776,0.126,3.2673,224.71,1,Postpaid_Basic,Tablet,4G,25-34,Gauteng,3,24,390.76,1,0.195,0,2.2087,5.6647,3.978971428571428,3.9577933333333335,-1.7702714285714283,0.8267,1.24,0.0524,0.0044,6,0,0,5.1545
SUB1003274,2026-02-08,38,6,1,1.3872,1.1836,0.0602,0.5548,0.1819,3.3678,220.69,1,Postpaid_Basic,Premium_Smartphone,4G,35-44,Gauteng,24,3,302.45,1,0.3,0,3.5374,5.1853,3.673542857142857,3.85217,-0.13614285714285712,1.457,1.2432,0.5828,0.0633,8,0,0,4.2512
SUB1002899,2026-01-07,6,2,0,3.546,1.9519,0.0076,0.405,0.099,6.0095,404.96,0,Prepaid_Monthly,Premium_Smartphone,3G,25-34,Gauteng,3,18,224.12,2,0.292,0,9.2394,9.8324,9.32805,9.32805,-0.08864999999999945,5.4518,3.001,0.6226,0.0116,7,0,0,13.9939
SUB1001274,2026-01-12,11,0,0,1.7945,1.3742,0.1385,0.8394,0.1153,4.2619,302.37,0,Prepaid_Daily,Mid_Range,4G,18-24,Western Cape,3,3,225.65,2,0.9,1,6.2896,4.4909,4.079371428571428,4.085072727272728,2.210228571428572,2.6482,2.028,1.2388,0.2044,12,0,0,4.7577
SUB1009493,2026-01-11,10,6,1,8.0557,0.19,0.0708,0.2166,0.1214,8.6545,619.93,1,Prepaid_Monthly,Tablet,5G,35-44,Eastern Cape,12,6,386.58,2,0.337,1,9.8802,13.1052,11.383214285714287,10.36207,-1.5030142857142863,9.1965,0.2169,0.2473,0.0808,11,0,0,9.5251
SUB1007361,2026-01-19,18,0,0,0.9136,0.6336,0.0034,0.0955,0.0926,1.7388,128.84,0,Prepaid_Daily,Mid_Range,4G+,45-54,Western Cape,1,24,147.46,2,0.21,0,1.8265,2.3001,1.9349571428571426,1.7670611111111112,-0.10845714285714259,0.9597,0.6656,0.1003,0.0036,19,0,0,1.8438
SUB1008379,2026-02-25,55,2,0,0.6729,1.2978,0.0039,1.1716,0.1149,3.261,232.1,0,Postpaid_Unlimited,Mid_Range,4G,25-34,Gauteng,12,24,1238.3,4,0.146,0,2.8596,2.3454,3.333342857142857,2.79701,-0.47374285714285724,0.5901,1.138,1.0273,0.0034,25,0,0,1.313
SUB1004192,2026-03-08,66,6,1,2.0947,3.2426,0.0347,1.5948,0.1035,7.0701,499.54,1,Postpaid_Premium,Mid_Range,4G,35-44,Gauteng,1,6,864.51,0,0.126,0,6.9703,8.6396,7.094142857142857,7.020460000000001,-0.12384285714285692,2.0651,3.1967,1.5722,0.0342,8,0,0,9.3085
SUB1007070,2026-01-19,18,0,0,6.6593,1.0387,0.0971,1.2161,0.0733,9.0845,631.3,0,Postpaid_Unlimited,Mid_Range,5G,35-44,Western Cape,1,18,1450.07,5,0.15,1,13.0504,10.836,14.489014285714287,13.835444444444445,-1.4386142857142872,9.5665,1.4922,1.747,0.1395,19,0,0,14.2869
SUB1005157,2026-01-09,8,4,0,0.703,0.3687,0.0062,0.0701,0.0434,1.1915,82.75,1,Prepaid_Monthly,Basic_Phone,3G,35-44,KZN,12,1,170.4,0,0.36,1,1.3156,1.0168,1.201157142857143,1.2197125,0.11444285714285707,0.7763,0.4071,0.0774,0.0069,9,0,0,1.2935
SUB1002906,2026-01-21,20,2,0,0.1422,1.5808,0.0013,0.7769,0.3279,2.8291,199.09,0,Postpaid_Premium,Premium_Smartphone,4G,55+,KZN,12,6,814.42,1,0.079,0,1.8216,1.195,1.829857142857143,1.70294,-0.008257142857142963,0.0916,1.0178,0.5002,0.0008,21,0,0,2.7612
SUB1006192,2026-01-08,7,3,0,2.4822,1.3616,0.0235,0.1301,0.0972,4.0947,272.76,1,Postpaid_Unlimited,Premium_Smartphone,4G,18-24,Western Cape,12,48,1563.69,2,0.056,0,8.6122,17.1112,9.656671428571428,9.656671428571428,-1.0444714285714287,5.2208,2.8638,0.2737,0.0495,8,0,0,11.153
SUB1002850,2026-01-10,9,5,1,12.819,3.9378,0.3603,0.5301,0.187,17.8344,1341.13,0,Postpaid_Premium,Mid_Range,4G,25-34,KZN,12,6,940.61,1,0.205,0,11.2009,6.1893,9.327200000000001,8.916677777777778,1.8736999999999995,8.051,2.4732,0.3329,0.2263,10,0,0,8.6621
SUB1006118,2026-03-23,81,0,0,1.1737,0.8831,0.0064,0.4853,0.148,2.6964,194.85,0,Postpaid_Unlimited,Premium_Smartphone,4G,45-54,Gauteng,12,12,1581.64,2,0.063,0,3.2973,2.8668,3.001014285714286,3.3799133333333335,0.2962857142857138,1.4353,1.0799,0.5934,0.0078,23,0,0,3.444
SUB1009591,2026-02-12,42,3,0,1.3277,0.8444,0.2103,3.3668,0.1965,5.9458,443.27,0,Postpaid_Unlimited,Premium_Smartphone,3G,18-24,KZN,6,36,1575.77,1,0.079,0,6.9542,6.6089,6.772028571428571,6.266726666666666,0.18217142857142932,1.5529,0.9876,3.9378,0.246,12,0,0,4.5971
SUB1008733,2026-03-25,83,2,0,5.0509,0.8065,0.1223,1.1392,0.0498,7.1686,488.57,0,Postpaid_Unlimited,Mid_Range,5G,25-34,Gauteng,6,24,908.63,2,0.098,0,8.8469,12.572,13.329014285714283,12.978443333333333,-4.4821142857142835,6.2333,0.9953,1.4059,0.1509,25,0,0,15.7244
SUB1009979,2026-03-05,63,3,0,0.5504,0.198,0.0165,0.5388,0.0276,1.3311,94.37,1,Prepaid_Monthly,Basic_Phone,5G,18-24,Eastern Cape,1,3,243.91,2,0.675,0,1.8155,2.0316,2.310428571428571,2.544526666666667,-0.49492857142857116,0.7506,0.27,0.7348,0.0224,5,0,0,1.7383
SUB1009470,2026-01-31,30,5,1,0.9016,0.9062,0.0601,0.0974,0.1398,2.1051,138.14,1,Prepaid_Monthly,Tablet,4G,35-44,Western Cape,1,1,399.46,2,0.45,1,3.1643,2.421,2.382342857142857,2.418203333333333,0.7819571428571428,1.3553,1.3621,0.1464,0.0903,31,0,1,2.6909
SUB1007811,2026-03-07,65,5,1,12.1174,4.3582,0.1854,0.4381,0.1613,17.2603,1236.32,0,Postpaid_Unlimited,Mid_Range,4G,35-44,KZN,6,24,1387.27,1,0.075,0,16.6019,16.3385,12.7675,12.086379999999998,3.8344000000000005,11.6551,4.192,0.4214,0.1783,7,0,0,16.9888
SUB1003671,2026-02-26,56,3,0,0.9052,0.4926,0.0122,0.299,0.0316,1.7404,127.58,1,Postpaid_Unlimited,Basic_Phone,4G+,35-44,Western Cape,1,6,1675.4,3,0.169,0,1.8001,2.2079,2.8656571428571427,2.8720766666666666,-1.0655571428571426,0.9362,0.5094,0.3092,0.0126,26,0,0,1.6495
SUB1007364,2026-01-25,24,6,1,4.6493,13.5709,0.1649,0.1112,0.2103,18.7065,1534.61,0,Postpaid_Premium,Premium_Smartphone,5G,18-24,Gauteng,12,36,1004.86,1,0.11,1,20.156,6.8608,17.581885714285715,18.664579166666666,2.574114285714284,5.0096,14.6225,0.1198,0.1776,25,0,0,9.4452
SUB1006168,2026-01-25,24,6,1,1.0359,0.7238,0.1195,0.2886,0.2489,2.4167,172.45,1,Prepaid_Monthly,5G_Device,3G,25-34,Gauteng,12,60,350.74,0,0.117,0,5.2894,4.2624,2.9281714285714284,2.9419125000000004,2.3612285714285712,2.2672,1.5843,0.6316,0.2615,25,0,0,2.3924
SUB1007745,2026-03-14,72,5,1,2.1652,0.0519,0.098,0.056,0.1309,2.502,179.35,0,Postpaid_Basic,Mid_Range,4G,35-44,Gauteng,3,24,411.51,2,0.15,0,1.1898,3.0101,1.7215857142857143,1.77353,-0.5317857142857143,1.0297,0.0247,0.0266,0.0466,14,0,0,1.3239
SUB1000863,2026-02-14,44,5,1,11.5345,0.2515,0.0074,0.9535,0.0804,12.8273,996.7,1,Prepaid_Monthly,Mid_Range,5G,35-44,Western Cape,6,24,226.21,2,0.225,1,23.7616,13.338,17.253642857142857,16.182193333333334,6.507957142857144,21.3667,0.4658,1.7663,0.0138,14,0,0,37.8087
SUB1003016,2026-01-06,5,1,0,1.211,0.1832,0.0047,0.0037,0.0478,1.4504,98.84,1,Postpaid_Premium,Mid_Range,4G,55+,Gauteng,1,3,797.61,2,0.105,0,1.9004,2.2293,2.43842,2.43842,-0.5380199999999997,1.5867,0.2401,0.0048,0.0062,6,0,0,3.522
SUB1008922,2026-01-24,23,5,1,5.4262,4.4761,0.0953,0.3749,0.0798,10.4524,814.94,0,Postpaid_Unlimited,Mid_Range,4G+,18-24,Gauteng,1,1,1728.4,1,0.225,0,7.7896,15.1036,9.994742857142857,11.452673913043478,-2.2051428571428566,4.0439,3.3358,0.2794,0.071,24,0,0,11.3056
SUB1003871,2026-01-17,16,5,1,5.2227,0.2857,0.2488,4.5892,0.2225,10.569,735.99,1,Prepaid_Monthly,5G_Device,4G,18-24,Gauteng,12,1,313.94,1,0.675,1,29.9476,29.1285,20.32075714285714,17.28170625,9.626842857142861,14.7987,0.8096,13.0037,0.7051,17,0,0,17.6014
SUB1000763,2026-01-13,12,1,0,7.7977,4.0453,0.1886,0.5782,0.3004,12.9102,969.56,0,Postpaid_Premium,5G_Device,3G,18-24,KZN,12,12,860.74,2,0.189,0,13.964,12.3181,11.351128571428571,13.790783333333332,2.612871428571429,8.4342,4.3755,0.6254,0.204,13,0,0,12.5998
SUB1000836,2026-01-05,4,0,0,4.5724,0.1368,0.0345,1.1043,0.2201,6.0679,441.57,0,Prepaid_Monthly,5G_Device,4G,45-54,Gauteng,1,1,233.37,0,0.252,1,8.2837,10.0594,8.8154,8.8154,-0.5317000000000007,6.242,0.1867,1.5075,0.0471,5,0,0,8.5811
SUB1001890,2026-02-18,48,2,0,1.4428,1.331,0.1177,0.4309,0.0597,3.3821,263.09,0,Postpaid_Basic,Mid_Range,4G,18-24,Western Cape,3,18,535.74,2,0.225,0,3.8828,3.3097,6.105957142857143,5.692446666666667,-2.223157142857143,1.6564,1.528,0.4947,0.1351,18,0,0,4.0092
SUB1006758,2026-01-08,7,3,0,2.9659,1.2883,0.2217,0.907,0.3343,5.7173,394.67,0,Postpaid_Basic,5G_Device,4G,25-34,Gauteng,1,18,505.83,0,0.156,0,4.8495,3.0972,5.052871428571429,5.052871428571429,-0.20337142857142876,2.5157,1.0928,0.7693,0.1881,8,0,0,8.403
SUB1006473,2026-02-21,51,5,1,10.3943,4.3688,0.405,1.683,0.1048,16.9558,1242.64,0,Postpaid_Unlimited,Mid_Range,4G,35-44,Gauteng,24,12,1507.43,3,0.135,0,22.5919,15.9688,15.42102857142857,16.002313333333333,7.170871428571429,13.8493,5.8209,2.2425,0.5396,21,0,0,8.5491
SUB1002159,2026-03-19,77,3,0,13.6032,0.2627,0.0249,0.736,0.1628,14.7896,1059.2,1,Postpaid_Unlimited,Premium_Smartphone,4G,18-24,Gauteng,12,12,1608.69,2,0.135,0,23.7604,22.2303,22.145857142857146,20.158986666666667,1.6145428571428546,21.8543,0.4221,1.1824,0.04,19,0,0,18.3533
SUB1003843,2026-01-25,24,6,1,5.2862,1.4396,0.0573,0.2299,0.1856,7.1986,525.58,0,Postpaid_Basic,5G_Device,4G,35-44,Gauteng,24,48,320.91,1,0.075,0,16.4522,21.3547,12.46397142857143,11.993375,3.9882285714285715,12.0815,3.2902,0.5254,0.131,25,0,0,6.984
SUB1000528,2026-03-02,60,0,0,2.3308,0.4647,0.007,0.1197,0.086,3.0083,218.98,0,Prepaid_Daily,Mid_Range,4G+,45-54,KZN,24,48,209.01,2,0.105,0,5.5209,2.3292,3.5239000000000007,3.6251233333333333,1.9969999999999994,4.2775,0.8529,0.2197,0.0129,2,1,0,2.509
SUB1009166,2026-03-27,85,4,0,3.8663,0.3085,0.06,0.6005,0.0513,4.8867,345.02,0,Postpaid_Premium,Mid_Range,4G,35-44,KZN,24,6,678.82,1,0.158,0,9.9709,8.4928,11.01507142857143,8.883503333333334,-1.0441714285714294,7.889,0.6295,1.2254,0.1224,27,0,0,16.5419
SUB1004234,2026-01-31,30,5,1,2.1564,0.6573,0.0468,0.008,0.0749,2.9434,222.72,1,Prepaid_Daily,Mid_Range,4G,18-24,Eastern Cape,24,12,60.77,0,0.432,0,3.6823,4.402,3.9827000000000004,4.297546666666666,-0.3004000000000002,2.6977,0.8223,0.01,0.0586,31,0,1,5.7639
SUB1000162,2026-03-30,88,0,0,1.0043,2.1389,0.1103,0.12,0.1342,3.5077,243.67,0,Prepaid_Monthly,Mid_Range,3G,18-24,Eastern Cape,6,12,210.52,2,0.405,0,2.3552,2.7038,3.074942857142857,3.37396,-0.7197428571428572,0.6743,1.4361,0.0806,0.074,30,0,1,1.3546
SUB1004629,2026-03-15,73,6,1,1.0972,0.3788,0.019,0.0457,0.0298,1.5706,116.23,1,Postpaid_Basic,Basic_Phone,4G,25-34,Gauteng,3,12,524.37,2,0.234,0,2.319,2.2478,2.6668714285714286,2.63011,-0.3478714285714286,1.6201,0.5594,0.0675,0.0281,15,0,0,1.4916
SUB1006045,2026-01-11,10,6,1,0.7825,6.5626,0.0864,1.2552,0.2068,8.8935,632.9,0,Postpaid_Basic,Premium_Smartphone,4G+,25-34,KZN,12,12,529.32,3,0.351,0,11.8702,9.0623,8.983785714285714,8.65864,2.8864142857142863,1.0444,8.7591,1.6753,0.1153,11,0,0,6.858
SUB1006305,2026-03-27,85,4,0,10.3265,2.8367,0.1069,0.9709,0.2024,14.4434,970.58,0,Postpaid_Premium,Premium_Smartphone,3G,18-24,KZN,12,12,829.06,1,0.189,0,10.6677,16.3938,13.518342857142857,14.20018,-2.850642857142857,7.627,2.0952,0.7171,0.079,27,0,0,22.488
SUB1002953,2026-02-18,48,2,0,6.3704,0.6898,0.02,1.4174,0.3429,8.8404,666.57,0,Postpaid_Basic,5G_Device,5G,55+,Gauteng,12,18,319.76,1,0.075,0,5.2478,7.2922,6.818357142857143,7.77103,-1.570557142857143,3.7816,0.4095,0.8414,0.0119,18,0,0,7.2288
SUB1009181,2026-01-29,28,3,0,15.7883,3.8277,0.1588,4.4909,0.2141,24.4799,1851.35,0,Postpaid_Basic,Premium_Smartphone,5G,18-24,Gauteng,12,60,544.48,4,0.169,1,23.3772,24.4463,24.166385714285713,26.366307142857142,-0.7891857142857148,15.0772,3.6553,4.2886,0.1516,29,0,1,46.5367
SUB1008756,2026-02-27,57,4,0,4.649,2.5361,0.2553,1.4885,0.2251,9.1538,646.01,1,Postpaid_Basic,5G_Device,4G,25-34,Gauteng,24,6,588.71,0,0.234,0,23.0345,12.1315,14.501457142857145,12.714386666666666,8.533042857142856,11.6986,6.3817,3.7456,0.6423,27,0,0,7.8915
SUB1005406,2026-02-12,42,3,0,8.747,3.4416,0.1142,0.9989,0.3956,13.6972,912.79,0,Prepaid_Monthly,5G_Device,5G,25-34,KZN,6,18,209.43,2,0.292,0,6.5925,12.1655,7.9206142857142865,9.384306666666667,-1.3281142857142862,4.21,1.6565,0.4808,0.055,12,0,0,12.3511
SUB1002104,2026-02-11,41,2,0,2.8897,0.9739,0.0632,0.0067,0.0778,4.0113,292.02,0,Postpaid_Basic,Mid_Range,5G,35-44,Gauteng,12,3,309.41,2,0.3,1,3.1721,3.545,4.815571428571429,4.841163333333333,-1.6434714285714294,2.2852,0.7701,0.0053,0.05,11,0,0,2.2878
SUB1004414,2026-01-12,11,0,0,2.7861,4.0958,0.5373,0.1097,0.2778,7.8067,594.6,0,Prepaid_Daily,5G_Device,4G+,25-34,Western Cape,12,3,178.33,1,0.78,1,9.4638,6.7551,7.208585714285715,7.968854545454545,2.2552142857142856,3.3775,4.9652,0.133,0.6513,12,0,0,8.9006
SUB1009021,2026-03-15,73,6,1,0.4991,0.6266,0.0147,1.012,0.2359,2.3883,161.83,1,Postpaid_Basic,5G_Device,4G,55+,Western Cape,12,12,402.59,3,0.135,0,7.82,4.3051,3.4791714285714286,2.915216666666667,4.340828571428572,1.6342,2.0518,3.3136,0.0482,15,0,0,2.8189
SUB1001087,2026-01-24,23,5,1,6.0767,4.0484,0.2134,0.741,0.1731,11.2526,871.83,0,Postpaid_Basic,Mid_Range,5G,45-54,Eastern Cape,24,3,426.99,3,0.315,0,8.3554,8.7936,6.445142857142857,6.193930434782608,1.9102571428571427,4.5122,3.0061,0.5502,0.1584,24,0,0,7.4034
SUB1004570,2026-02-06,36,4,0,4.8173,3.3773,0.5406,0.4805,0.2102,9.426,705.18,1,Postpaid_Unlimited,Premium_Smartphone,4G,25-34,KZN,12,12,982.68,3,0.176,0,5.5717,7.3179,9.016285714285715,7.66122,-3.444585714285715,2.8475,1.9963,0.284,0.3196,6,0,0,7.5288
SUB1009352,2026-03-29,87,6,1,13.725,5.9925,0.2559,2.1605,0.3086,22.4424,1623.45,0,Postpaid_Premium,Premium_Smartphone,3G,25-34,Gauteng,6,12,776.73,2,0.164,0,17.4202,16.0971,15.2633,13.73511,2.156900000000002,10.6535,4.6515,1.677,0.1986,29,0,1,11.7906
SUB1000260,2026-03-16,74,0,0,11.7234,8.0084,0.0003,0.594,0.3628,20.6889,1534.83,0,Postpaid_Premium,5G_Device,4G,25-34,Western Cape,12,6,861.22,3,0.354,0,11.3275,11.1203,16.01607142857143,15.63308,-4.688571428571429,6.4188,4.3847,0.3252,0.0001,16,0,0,19.7354
SUB1003351,2026-01-22,21,3,0,7.4163,5.8548,0.0169,8.1365,0.1472,21.5718,1666.28,0,Postpaid_Unlimited,Mid_Range,5G,18-24,Gauteng,24,12,1208.11,4,0.202,1,15.8818,6.4593,12.676214285714284,14.155452380952381,3.205585714285716,5.4601,4.3105,5.9904,0.0124,22,0,0,20.2026
SUB1007669,2026-02-12,42,3,0,8.4279,4.3769,0.164,0.3212,0.1099,13.4,999.75,0,Postpaid_Premium,Mid_Range,5G,25-34,Western Cape,24,3,1014.84,2,0.273,0,9.4516,7.2048,13.550857142857144,12.955853333333332,-4.0992571428571445,5.9446,3.0873,0.2265,0.1157,12,0,0,9.5123
SUB1009616,2026-01-14,13,2,0,2.487,2.3419,0.1892,1.2707,0.0798,6.3687,454.12,0,Postpaid_Unlimited,Mid_Range,5G,18-24,Gauteng,1,24,1674.18,3,0.169,0,8.0549,9.329,7.878500000000001,9.090384615384615,0.17639999999999922,3.1455,2.962,1.6072,0.2393,14,0,0,9.0891
SUB1005962,2026-02-14,44,5,1,5.6057,1.8868,0.0239,2.9512,0.2637,10.7313,830.41,1,Postpaid_Basic,5G_Device,3G,25-34,KZN,3,18,439.45,2,0.195,0,23.0691,7.1948,10.3487,12.183293333333332,12.7204,12.0505,4.0561,6.3441,0.0514,14,0,0,10.1665
SUB1005324,2026-03-20,78,4,0,7.5813,1.522,0.0452,0.6257,0.2904,10.0646,703.65,0,Postpaid_Unlimited,5G_Device,3G,18-24,KZN,24,60,1116.79,2,0.056,0,11.9802,13.4762,10.004214285714285,10.164523333333333,1.9759857142857147,9.0243,1.8117,0.7448,0.0538,20,0,0,19.7512
SUB1000640,2026-01-20,19,1,0,2.9495,1.0307,0.1255,1.7358,0.2178,6.0593,443.02,0,Postpaid_Premium,5G_Device,4G+,35-44,Gauteng,24,6,911.84,1,0.158,0,6.8378,9.3008,6.857328571428572,7.997342105263158,-0.019528571428572228,3.3284,1.1632,1.9588,0.1417,20,0,0,6.8043
