user_id,measurement_date,hours_streaming,hours_social,hours_messaging,hours_gaming,is_peak_hour_user,is_weekend,age_group,plan_type,device_type,network_type,data_usage_category,streaming_data_gb,social_data_gb,messaging_data_gb,gaming_data_gb,total_data_gb
SUB1721037,2026-04-09,0.52,1.83,0.34,0.01,1,1,18-24,Prepaid_Monthly,Premium_Smartphone,4G+,Light,0.6459199999999999,0.58892,0.00317,0.00046,1.31867
SUB3781652,2026-03-22,8.0,1.5,1.5,0.03,1,0,25-34,Postpaid_Premium,Premium_Smartphone,5G,Power_User,27.162080000000003,0.57717,0.00959,0.00226,25.791700000000002
SUB5552939,2026-04-10,0.01,0.08,0.01,0.01,0,0,45-54,Prepaid_Monthly,Basic_Phone,4G,Very_Light,0.00885,0.015380000000000001,0.00014000000000000001,0.0015,0.04309
SUB3550552,2026-04-15,0.03,0.1,0.09,0.0,0,0,35-44,Prepaid_Daily,Basic_Phone,3G,Very_Light,0.01154,0.01294,0.0016,0.0,0.04752
SUB3062624,2026-04-04,1.0,1.76,0.13,0.14,0,0,45-54,Postpaid_Unlimited,Premium_Smartphone,4G+,Moderate,2.33009,0.57862,0.00114,0.01264,3.14287
SUB6304120,2026-03-26,2.28,0.31,0.12,0.04,0,1,25-34,Prepaid_Monthly,Mid_Range,4G,Light,1.72796,0.07803,0.00101,0.00217,1.7281900000000001
SUB6121632,2026-03-20,0.16,0.21,0.0,0.36,0,0,35-44,Prepaid_Monthly,Basic_Phone,4G+,Very_Light,0.18280000000000002,0.04803,0.0,0.02133,0.25698000000000004
SUB3470562,2026-04-11,0.79,2.3,0.17,6.0,0,1,35-44,Postpaid_Basic,5G_Device,5G,Moderate,1.6122,0.91998,0.00283,0.8509,3.76975
SUB3053262,2026-04-13,1.15,0.31,0.42,0.03,1,0,35-44,Prepaid_Monthly,Mid_Range,4G,Light,1.25236,0.05604,0.0034300000000000003,0.0026,1.48804
SUB1533636,2026-04-06,1.01,3.71,0.27,0.86,0,0,25-34,Postpaid_Basic,Premium_Smartphone,5G,Moderate,1.9441,1.2043599999999999,0.0013700000000000001,0.10551,3.2286799999999998
SUB4517741,2026-03-24,1.35,0.62,0.41,0.86,0,0,25-34,Prepaid_Daily,Mid_Range,4G,Light,1.26513,0.10255,0.00756,0.09197,1.6305399999999999
SUB3496589,2026-04-06,0.5,1.99,0.04,0.04,0,1,45-54,Prepaid_Daily,Mid_Range,5G,Light,1.23668,0.56749,0.00031,0.00558,1.9872100000000001
SUB2960299,2026-03-24,0.18,0.72,0.08,0.06,1,0,18-24,Postpaid_Premium,Basic_Phone,4G,Light,0.27393,0.17339,0.00092,0.00259,0.51452
SUB7961848,2026-03-29,0.16,0.98,1.51,0.02,0,0,35-44,Postpaid_Basic,Premium_Smartphone,4G,Very_Light,0.1139,0.27805,0.02691,0.00106,0.48120999999999997
SUB3326344,2026-04-03,0.67,1.35,0.09,0.76,0,1,45-54,Postpaid_Premium,5G_Device,4G,Light,1.06417,0.32406,0.00128,0.14975,1.58501
SUB9930264,2026-04-14,3.1,0.92,0.75,1.6,0,0,18-24,Postpaid_Basic,Premium_Smartphone,4G,Moderate,2.67543,0.19735,0.00379,0.0867,3.09339
SUB1671253,2026-04-15,2.12,2.43,0.5,0.35,1,0,25-34,Postpaid_Basic,Mid_Range,3G,Light,0.8078200000000001,0.24509999999999998,0.0033399999999999997,0.02022,1.14246
SUB1970278,2026-03-27,0.83,0.14,0.3,0.75,0,0,35-44,Postpaid_Basic,Premium_Smartphone,5G,Moderate,1.8104500000000001,0.04107,0.00372,0.032100000000000004,2.07484
SUB9479025,2026-04-05,2.27,1.68,0.06,0.54,0,1,25-34,Postpaid_Basic,Premium_Smartphone,3G,Light,1.1076400000000002,0.19858,0.00047,0.08603,1.43101
SUB6529046,2026-04-03,1.46,1.54,1.25,0.21,1,0,35-44,Prepaid_Monthly,Mid_Range,5G,Moderate,2.59697,0.52379,0.01159,0.0189,2.92914
SUB2137411,2026-03-23,1.61,0.64,0.26,0.22,0,1,35-44,Postpaid_Basic,5G_Device,4G,Light,1.70407,0.12705,0.00428,0.01514,1.73872
SUB6752613,2026-04-10,1.11,2.49,0.27,0.33,0,1,45-54,Postpaid_Basic,Premium_Smartphone,4G,Light,0.78611,0.51767,0.00437,0.03551,1.33051
SUB6034253,2026-03-27,0.62,0.07,0.25,0.29,0,1,45-54,Prepaid_Monthly,Premium_Smartphone,4G,Light,0.68412,0.02047,0.0044599999999999996,0.03377,0.78044
SUB7136821,2026-04-03,1.49,1.7,0.15,2.42,1,1,45-54,Postpaid_Unlimited,Mid_Range,3G,Light,1.09703,0.13873,0.0023599999999999997,0.1045,1.26591
SUB9874365,2026-03-22,0.47,3.04,0.13,0.82,0,0,18-24,Postpaid_Unlimited,Premium_Smartphone,5G,Moderate,1.12094,1.21146,0.00198,0.09668,2.42755
SUB3389911,2026-03-27,0.29,1.41,0.3,0.39,0,0,45-54,Postpaid_Premium,Premium_Smartphone,5G,Light,0.70798,0.41006,0.005849999999999999,0.02644,1.30213
SUB3798658,2026-04-13,1.28,0.06,0.48,0.09,0,0,55+,Postpaid_Unlimited,Premium_Smartphone,5G,Moderate,3.35264,0.02088,0.004860000000000001,0.01531,3.3286
SUB6455249,2026-04-12,0.52,0.09,2.3,0.29,0,0,25-34,Postpaid_Premium,Mid_Range,4G,Light,0.8734,0.0156,0.02647,0.01627,0.95938
SUB3487111,2026-04-17,0.65,0.34,0.02,0.01,0,0,55+,Prepaid_Monthly,Mid_Range,4G,Light,0.56443,0.0708,0.00033,0.0016200000000000001,0.64547
SUB1254043,2026-04-01,2.47,0.66,4.0,0.55,1,0,25-34,Postpaid_Basic,Premium_Smartphone,4G,Moderate,2.04117,0.15453999999999998,0.031059999999999997,0.08162,2.3846100000000003
SUB7053912,2026-03-20,0.63,2.56,0.22,0.05,1,0,45-54,Postpaid_Premium,Mid_Range,4G,Light,0.7929400000000001,0.49751,0.00189,0.00932,1.3429
SUB2412210,2026-04-01,0.51,0.07,0.15,0.05,0,1,35-44,Prepaid_Daily,Basic_Phone,4G,Light,0.6032799999999999,0.01322,0.00136,0.00594,0.61548
SUB2208060,2026-03-26,2.05,3.6,0.67,0.62,1,0,35-44,Postpaid_Basic,Premium_Smartphone,4G+,Moderate,2.52354,0.88628,0.00528,0.0628,3.44212
SUB3661637,2026-04-15,6.75,2.18,1.24,0.97,1,0,18-24,Postpaid_Premium,Premium_Smartphone,5G,Power_User,21.02845,0.83288,0.02085,0.07798000000000001,24.06662
SUB9821549,2026-04-13,1.63,0.7,0.28,0.03,1,0,55+,Prepaid_Monthly,5G_Device,4G,Light,1.56334,0.11516,0.0017,0.00317,1.58121
SUB6017226,2026-03-23,0.82,1.6,0.2,0.29,0,0,35-44,Prepaid_Monthly,Premium_Smartphone,5G,Moderate,2.01417,0.5927100000000001,0.00395,0.023899999999999998,2.60148
SUB2197162,2026-04-09,0.84,0.8,3.5,1.52,0,0,18-24,Postpaid_Basic,Premium_Smartphone,4G,Light,0.96913,0.16649,0.041229999999999996,0.27270999999999995,1.49856
SUB9283032,2026-03-23,0.14,0.73,0.28,1.65,0,0,18-24,Prepaid_Monthly,Mid_Range,4G,Light,0.16082,0.11748,0.00526,0.27509,0.62639
SUB9625146,2026-04-16,0.23,1.13,0.07,0.62,0,0,25-34,Prepaid_Daily,Mid_Range,5G,Light,0.40261,0.37419,0.00108,0.11810999999999999,0.8779199999999999
SUB3165456,2026-03-23,1.84,1.18,0.27,0.47,1,0,18-24,Postpaid_Basic,Premium_Smartphone,3G,Light,0.74051,0.15865,0.00151,0.04008,1.03383
SUB2488543,2026-04-15,0.48,1.76,0.41,1.9,0,1,35-44,Postpaid_Unlimited,Mid_Range,4G,Light,0.7912100000000001,0.35298,0.00671,0.08188,1.29372
SUB5754417,2026-04-11,1.2,0.57,0.25,0.09,0,0,25-34,Postpaid_Unlimited,Mid_Range,3G,Light,0.65566,0.05561,0.00172,0.00705,0.76886
SUB9019213,2026-03-27,0.51,1.64,0.36,0.31,1,1,55+,Prepaid_Monthly,Premium_Smartphone,5G,Light,1.1779000000000002,0.44594,0.0019299999999999999,0.04206,1.65655
SUB2806684,2026-03-21,0.21,0.56,0.46,0.22,0,0,18-24,Prepaid_Monthly,Mid_Range,4G+,Light,0.26727999999999996,0.18383000000000002,0.0025800000000000003,0.03689,0.6172000000000001
SUB3575508,2026-03-21,2.9,0.29,0.54,0.01,1,0,35-44,Prepaid_Daily,Premium_Smartphone,5G,Heavy,7.23627,0.07684,0.00906,0.00088,7.93624
SUB9752084,2026-04-13,0.58,2.5,0.88,0.61,1,1,35-44,Postpaid_Unlimited,Tablet,4G,Light,1.04477,0.44051,0.01458,0.08895,1.64451
SUB8200262,2026-04-08,1.75,0.5,0.36,0.03,1,0,18-24,Prepaid_Monthly,Mid_Range,4G,Light,1.4789700000000001,0.12977,0.0056,0.00176,1.75648
SUB4257181,2026-03-28,8.0,0.18,0.41,0.88,1,0,18-24,Prepaid_Daily,Premium_Smartphone,4G,Heavy,8.71243,0.02899,0.00536,0.14361000000000002,8.803889999999999
SUB4049307,2026-04-09,0.84,0.55,0.05,2.1,1,1,35-44,Prepaid_Monthly,5G_Device,4G,Light,0.7935099999999999,0.12944999999999998,0.00073,0.24362,1.44652
SUB5925233,2026-03-25,8.0,4.95,0.22,0.49,0,0,18-24,Postpaid_Unlimited,5G_Device,5G,Power_User,22.980400000000003,1.81222,0.00131,0.02485,25.62325
SUB1789148,2026-04-03,0.37,0.1,0.14,0.05,0,0,35-44,Postpaid_Basic,Premium_Smartphone,5G,Light,0.67198,0.037520000000000005,0.00196,0.009380000000000001,0.79103
SUB7830707,2026-03-27,1.79,6.0,0.28,0.03,1,0,25-34,Prepaid_Monthly,Premium_Smartphone,4G,Moderate,2.02231,1.7997999999999998,0.004849999999999999,0.00526,4.34037
SUB6560068,2026-03-31,1.8,1.14,0.26,1.57,0,1,25-34,Prepaid_Monthly,Mid_Range,4G,Light,1.3464800000000001,0.2871,0.00252,0.2036,1.94411
SUB4246417,2026-03-22,0.34,0.44,1.98,0.08,1,0,18-24,Postpaid_Premium,Mid_Range,3G,Very_Light,0.1733,0.06037,0.03959,0.012960000000000001,0.30251999999999996
SUB9218723,2026-04-16,2.36,4.24,0.21,0.05,0,0,25-34,Postpaid_Premium,Mid_Range,4G,Heavy,3.92814,1.1830699999999998,0.00367,0.006690000000000001,5.23682
SUB6679042,2026-03-19,1.02,1.05,0.6,0.38,0,1,45-54,Postpaid_Basic,5G_Device,4G+,Light,1.4170099999999999,0.31844,0.004200000000000001,0.04167,1.7651199999999998
SUB9568438,2026-04-04,1.34,0.19,1.18,6.0,1,0,18-24,Prepaid_Monthly,Premium_Smartphone,5G,Moderate,2.43822,0.05878,0.01072,1.01604,3.7438200000000004
SUB8031883,2026-03-30,0.95,3.38,0.44,0.12,0,1,25-34,Prepaid_Monthly,Mid_Range,4G,Light,1.00874,0.6701900000000001,0.00518,0.016079999999999997,1.69144
SUB8859371,2026-03-24,0.19,0.76,0.4,0.07,0,0,25-34,Prepaid_Daily,Premium_Smartphone,3G,Very_Light,0.06931999999999999,0.08957999999999999,0.00771,0.011800000000000001,0.21625999999999998
SUB9354207,2026-04-16,1.65,2.64,0.62,0.16,1,0,35-44,Postpaid_Premium,5G_Device,5G,Heavy,4.86682,0.81309,0.00518,0.03175,5.45109
SUB7562877,2026-03-19,0.27,0.67,0.06,0.07,0,0,45-54,Prepaid_Monthly,Mid_Range,3G,Very_Light,0.08199,0.05806,0.0010400000000000001,0.00674,0.18685
SUB7912880,2026-04-05,6.23,2.03,1.01,1.71,0,0,18-24,Postpaid_Unlimited,5G_Device,4G,Heavy,6.654979999999999,0.30712,0.018879999999999997,0.21447,7.0079899999999995
SUB9325648,2026-03-21,0.88,0.61,0.05,0.2,0,1,45-54,Postpaid_Premium,Basic_Phone,5G,Moderate,1.77233,0.2271,0.00064,0.02386,2.16179
SUB7945685,2026-04-04,1.02,0.24,0.31,1.17,1,0,35-44,Prepaid_Monthly,Mid_Range,4G,Light,0.8889900000000001,0.04167,0.0049900000000000005,0.15018,1.1875799999999999
SUB7810805,2026-04-01,1.49,2.21,1.11,0.03,0,0,45-54,Postpaid_Premium,Premium_Smartphone,4G,Moderate,2.25136,0.49227,0.01409,0.0038,2.6360300000000003
SUB5695154,2026-03-23,1.36,1.11,0.22,0.2,0,0,18-24,Postpaid_Basic,Premium_Smartphone,4G,Light,0.98372,0.31777999999999995,0.0034300000000000003,0.022690000000000002,1.38848
SUB2847865,2026-03-26,2.9,5.09,1.65,0.26,0,0,25-34,Prepaid_Daily,Premium_Smartphone,5G,Heavy,5.97916,1.30698,0.01705,0.02607,7.30062
SUB8561743,2026-04-02,0.84,1.3,0.05,0.2,0,0,35-44,Postpaid_Basic,Basic_Phone,4G,Light,0.8500700000000001,0.28428,0.0007099999999999999,0.01771,1.2310999999999999
SUB2686279,2026-03-28,1.49,0.83,0.46,0.11,0,0,25-34,Postpaid_Premium,Basic_Phone,5G,Moderate,4.61999,0.295,0.00423,0.01881,4.933260000000001
SUB2960220,2026-04-15,1.79,0.48,0.15,0.08,0,0,45-54,Postpaid_Basic,5G_Device,4G,Light,1.74724,0.10826000000000001,0.00272,0.01247,1.93106
SUB6050405,2026-03-24,0.08,1.36,0.44,1.5,0,0,18-24,Postpaid_Basic,5G_Device,4G+,Light,0.08423,0.38955,0.006719999999999999,0.26087,0.76221
SUB7489759,2026-04-12,0.69,0.5,0.0,0.83,0,1,25-34,Postpaid_Basic,Mid_Range,3G,Light,0.29413,0.05824,0.0,0.10673,0.51418
SUB2454908,2026-04-08,0.98,3.12,1.12,1.53,0,1,35-44,Postpaid_Basic,Premium_Smartphone,4G,Light,0.96802,0.61153,0.01443,0.17169,1.7293699999999999
SUB7775996,2026-03-20,0.53,0.07,0.39,0.03,0,0,45-54,Postpaid_Basic,Mid_Range,3G,Very_Light,0.25025,0.0065899999999999995,0.00195,0.00492,0.26832999999999996
SUB5811071,2026-03-22,2.42,3.78,0.36,0.0,0,1,35-44,Postpaid_Basic,Premium_Smartphone,5G,Heavy,4.72681,1.42771,0.00515,0.0,6.49889
SUB4051622,2026-03-31,0.64,0.05,0.3,0.07,1,0,45-54,Prepaid_Monthly,Basic_Phone,5G,Light,1.42439,0.01533,0.00327,0.01238,1.37239
SUB1834938,2026-03-20,0.63,3.28,0.13,0.03,0,0,18-24,Prepaid_Daily,5G_Device,5G,Moderate,1.22855,1.13394,0.00164,0.00132,2.58365
SUB4999143,2026-03-22,1.16,1.64,1.21,0.03,0,1,45-54,Prepaid_Monthly,Tablet,4G,Light,1.218,0.28502999999999995,0.01984,0.0046500000000000005,1.5273299999999999
SUB9718936,2026-04-12,3.89,2.71,0.14,0.24,1,0,45-54,Postpaid_Basic,Tablet,5G,Heavy,6.04266,0.77975,0.00121,0.02093,7.01552
SUB6641335,2026-03-20,1.56,1.67,0.57,0.12,0,0,25-34,Postpaid_Basic,Tablet,4G,Light,1.56089,0.32199,0.00354,0.01765,1.9868599999999998
SUB7509676,2026-04-17,1.41,1.4,1.39,0.35,0,1,45-54,Postpaid_Unlimited,5G_Device,4G,Moderate,2.49279,0.37589999999999996,0.00735,0.03008,2.95412
SUB9875943,2026-03-30,1.43,0.56,1.27,0.17,0,1,45-54,Prepaid_Daily,Premium_Smartphone,4G,Light,1.54416,0.12365000000000001,0.00948,0.013710000000000002,1.7467000000000001
SUB2647824,2026-04-09,3.21,2.78,0.94,0.82,0,0,25-34,Prepaid_Daily,Premium_Smartphone,5G,Heavy,5.7969,0.8354600000000001,0.01176,0.05924,6.85096
SUB1211463,2026-03-19,1.19,5.04,0.54,0.87,0,1,45-54,Postpaid_Premium,Premium_Smartphone,5G,Moderate,2.5516900000000002,1.85291,0.0089,0.06639,4.48876
SUB3503821,2026-03-28,1.03,6.0,0.68,0.48,0,0,35-44,Postpaid_Premium,Premium_Smartphone,5G,Moderate,3.0890500000000003,2.23952,0.00507,0.06776,5.07974
SUB8676431,2026-04-08,0.59,2.43,0.03,0.02,1,0,35-44,Postpaid_Premium,Premium_Smartphone,4G,Light,1.09114,0.46464,0.00043,0.00152,1.64294
SUB6327580,2026-03-19,0.21,2.81,0.55,0.05,0,0,45-54,Postpaid_Basic,Mid_Range,5G,Light,0.31514,0.72629,0.00839,0.0033599999999999997,1.0276800000000001
SUB8313861,2026-04-05,0.12,1.22,0.42,0.3,0,1,35-44,Postpaid_Premium,Mid_Range,3G,Very_Light,0.05955,0.16877,0.00671,0.03575,0.28744
SUB8863426,2026-04-13,0.33,0.81,0.18,0.15,0,1,35-44,Postpaid_Premium,Basic_Phone,4G,Light,0.55703,0.23211,0.0013,0.00962,0.85564
SUB2906039,2026-03-31,3.24,4.83,0.06,0.6,0,0,18-24,Prepaid_Monthly,5G_Device,5G,Heavy,5.822430000000001,1.58331,0.0010500000000000002,0.1008,7.89243
SUB9596108,2026-03-29,0.26,1.11,0.86,0.01,1,0,35-44,Prepaid_Daily,Mid_Range,5G,Light,0.59392,0.38748,0.01638,0.00125,1.13626
SUB5455237,2026-03-20,5.44,1.5,0.45,0.12,0,0,25-34,Postpaid_Unlimited,5G_Device,5G,Power_User,16.77072,0.42489,0.00249,0.01139,17.90178
SUB3211130,2026-03-24,0.45,0.94,0.1,0.01,0,0,35-44,Prepaid_Daily,Mid_Range,4G,Light,0.32556,0.26252,0.00095,0.00083,0.6744199999999999
SUB6790740,2026-03-30,2.27,2.17,0.17,0.01,0,0,18-24,Postpaid_Basic,5G_Device,5G,Moderate,4.22797,0.5721799999999999,0.00246,0.00117,4.654439999999999
SUB7905043,2026-04-03,7.3,1.02,0.81,0.26,0,1,25-34,Postpaid_Basic,Premium_Smartphone,4G+,Heavy,8.1324,0.20874,0.01014,0.03263,8.587399999999999
SUB8170837,2026-04-09,1.17,0.42,0.21,0.12,1,0,55+,Prepaid_Daily,5G_Device,4G+,Moderate,1.8725399999999999,0.09013,0.00217,0.0076,2.0509
SUB2901737,2026-04-06,0.63,3.0,0.46,0.8,0,0,25-34,Prepaid_Daily,5G_Device,5G,Moderate,1.45129,1.17434,0.00764,0.13779,2.77418
SUB1883435,2026-04-12,3.78,2.71,2.29,0.11,1,0,25-34,Postpaid_Unlimited,Premium_Smartphone,4G+,Heavy,6.63614,0.92851,0.04333,0.00864,7.04175
SUB7679155,2026-04-14,0.85,1.66,0.34,3.22,0,1,25-34,Postpaid_Unlimited,Premium_Smartphone,4G,Light,0.80645,0.40401,0.00484,0.28435000000000005,1.71466
SUB3153883,2026-04-08,1.9,0.54,0.86,0.55,1,0,35-44,Prepaid_Daily,Mid_Range,4G,Light,1.70465,0.09171,0.00691,0.02989,1.88175
SUB4943439,2026-03-22,2.28,2.22,0.67,1.16,0,1,18-24,Prepaid_Monthly,Tablet,4G,Moderate,2.04617,0.35808999999999996,0.01016,0.16183,2.80634
SUB4343473,2026-03-22,1.87,0.7,0.19,1.02,0,0,35-44,Postpaid_Premium,Mid_Range,5G,Heavy,5.34163,0.20229,0.00257,0.051590000000000004,6.16354
SUB7687764,2026-03-19,0.16,0.62,0.13,0.05,0,0,25-34,Prepaid_Daily,Mid_Range,4G,Very_Light,0.1691,0.1038,0.0007700000000000001,0.00852,0.36043000000000003
SUB1995791,2026-04-03,3.56,1.88,0.75,1.73,0,0,25-34,Postpaid_Unlimited,5G_Device,5G,Power_User,13.3593,0.73336,0.00715,0.28298,13.09109
SUB3013338,2026-04-01,4.83,3.36,0.02,0.75,0,0,35-44,Postpaid_Unlimited,Mid_Range,4G,Heavy,5.66822,0.57562,0.00029,0.03375,6.1024899999999995
SUB7722841,2026-04-02,0.51,2.56,0.55,0.47,1,0,25-34,Prepaid_Daily,Premium_Smartphone,4G,Light,0.47875,0.39325,0.01086,0.04444,0.899
SUB7620661,2026-04-04,1.16,0.84,0.03,0.49,1,1,55+,Postpaid_Basic,Premium_Smartphone,4G+,Light,1.28269,0.27438,0.00049,0.03519,1.7197
SUB2967582,2026-04-06,5.39,4.69,2.69,1.67,1,0,18-24,Postpaid_Unlimited,5G_Device,4G,Heavy,7.61398,0.86121,0.01602,0.2371,9.06652
SUB4429985,2026-04-11,1.54,0.92,0.16,0.49,1,0,35-44,Prepaid_Monthly,Premium_Smartphone,5G,Moderate,3.2123600000000003,0.28451,0.0023599999999999997,0.09251999999999999,4.10062
SUB8235574,2026-04-14,0.27,1.17,0.01,1.67,0,0,35-44,Postpaid_Premium,5G_Device,4G,Light,0.30376,0.3358,8e-05,0.11061,0.77404
SUB6323940,2026-04-09,1.65,1.16,0.1,0.11,1,0,18-24,Postpaid_Premium,Mid_Range,3G,Light,1.24502,0.11779,0.0014299999999999998,0.01474,1.31619
SUB4720464,2026-03-24,0.63,0.24,0.11,0.0,0,1,55+,Postpaid_Basic,Premium_Smartphone,5G,Light,1.41114,0.08743000000000001,0.00099,0.0,1.56892
SUB3873524,2026-03-29,1.42,0.29,0.47,0.07,0,0,25-34,Postpaid_Basic,Basic_Phone,4G,Light,1.64673,0.06943,0.00649,0.011529999999999999,1.9297
SUB7726451,2026-03-23,8.0,6.0,2.76,2.01,1,0,25-34,Postpaid_Premium,5G_Device,4G,Power_User,11.864709999999999,1.77978,0.04516,0.3862,15.34742
SUB7215140,2026-04-05,4.07,0.98,3.21,0.45,0,0,25-34,Postpaid_Premium,Premium_Smartphone,4G,Heavy,5.4211800000000006,0.16763999999999998,0.02089,0.03327,5.24904
SUB6858338,2026-04-14,1.28,0.64,1.28,0.6,0,0,18-24,Prepaid_Monthly,5G_Device,4G,Light,1.37703,0.16841,0.00757,0.05724,1.8875
SUB9411603,2026-03-31,0.21,0.79,0.23,0.31,0,0,35-44,Postpaid_Premium,Basic_Phone,4G,Very_Light,0.30219,0.13825,0.00131,0.05982,0.47387
SUB7039523,2026-04-13,0.06,0.8,0.39,0.0,0,1,45-54,Prepaid_Monthly,Premium_Smartphone,4G,Very_Light,0.06513,0.12658,0.0055899999999999995,0.0,0.24631
SUB2371242,2026-04-09,0.15,0.14,0.03,0.17,0,0,35-44,Postpaid_Premium,Basic_Phone,5G,Light,0.48313,0.04667,0.00023,0.019039999999999998,0.5415599999999999
SUB5437610,2026-04-15,6.74,2.71,4.0,2.72,1,1,25-34,Postpaid_Premium,5G_Device,5G,Power_User,19.96308,0.68591,0.03692,0.17534,21.60562
SUB1101894,2026-04-15,0.33,0.14,0.23,0.12,1,0,45-54,Postpaid_Unlimited,Mid_Range,4G,Light,0.56802,0.02683,0.00232,0.00696,0.7080700000000001
SUB6830395,2026-04-07,0.73,0.84,0.02,0.93,0,0,35-44,Prepaid_Monthly,5G_Device,4G,Light,0.54561,0.12786,0.00028000000000000003,0.16193000000000002,0.8625700000000001
SUB2873421,2026-04-14,1.23,0.42,0.06,0.51,0,0,45-54,Prepaid_Monthly,5G_Device,5G,Moderate,1.90253,0.1462,0.0011899999999999999,0.07304000000000001,2.05588
SUB4535443,2026-03-26,0.36,0.75,0.04,0.67,1,0,18-24,Postpaid_Unlimited,Basic_Phone,3G,Very_Light,0.16383,0.10578,0.00039,0.057229999999999996,0.31053
SUB4133211,2026-03-30,0.37,1.0,0.16,0.15,0,0,35-44,Postpaid_Unlimited,Premium_Smartphone,3G,Very_Light,0.25533,0.08195000000000001,0.00277,0.02364,0.41146
SUB8783874,2026-03-19,1.67,6.0,0.3,1.61,0,0,18-24,Postpaid_Unlimited,5G_Device,4G+,Heavy,3.2503699999999998,1.9166400000000001,0.00556,0.29267000000000004,5.58982
SUB4266402,2026-04-05,0.06,0.1,0.0,0.09,0,0,25-34,Prepaid_Monthly,Basic_Phone,3G,Very_Light,0.018260000000000002,0.00899,0.0,0.01715,0.06146
SUB5257341,2026-04-16,2.74,1.51,1.51,0.03,1,0,18-24,Postpaid_Unlimited,Mid_Range,4G,Heavy,4.59903,0.37410000000000004,0.01188,0.00426,5.4078599999999994
SUB7289270,2026-03-30,1.25,4.12,0.19,0.22,0,0,45-54,Postpaid_Unlimited,Mid_Range,4G,Moderate,1.5384,0.67871,0.00215,0.02552,2.48943
SUB8225529,2026-03-27,0.64,0.4,0.01,0.0,0,0,55+,Prepaid_Monthly,Premium_Smartphone,4G,Light,0.69279,0.08093,0.00017999999999999998,0.0,0.8883
SUB8139845,2026-04-10,2.85,0.28,0.43,0.03,0,0,45-54,Postpaid_Premium,Mid_Range,5G,Heavy,6.91563,0.07979,0.00321,0.00252,7.44763
SUB5814647,2026-04-11,1.37,0.4,0.71,0.24,0,0,35-44,Postpaid_Premium,5G_Device,4G+,Moderate,3.17083,0.08726,0.0069299999999999995,0.02367,3.3759
SUB2136263,2026-04-02,5.81,6.0,1.13,5.61,0,1,25-34,Postpaid_Unlimited,Premium_Smartphone,4G,Heavy,8.58217,1.43768,0.01045,0.2868,9.95991
SUB6312399,2026-04-02,0.11,2.34,0.07,0.0,0,0,25-34,Prepaid_Monthly,Basic_Phone,5G,Light,0.21467,0.9018400000000001,0.00101,0.0,1.17473
SUB8110953,2026-03-25,0.86,0.5,0.32,0.07,0,0,45-54,Prepaid_Daily,5G_Device,3G,Very_Light,0.26494999999999996,0.04747,0.00261,0.010150000000000001,0.3998
SUB2323483,2026-04-14,0.42,0.52,0.47,0.01,0,0,45-54,Postpaid_Unlimited,Premium_Smartphone,4G+,Light,0.80636,0.16551,0.008369999999999999,0.0012900000000000001,1.09275
SUB3918634,2026-04-04,5.4,1.49,0.09,0.01,0,0,25-34,Postpaid_Premium,Mid_Range,5G,Power_User,17.98486,0.48646,0.00067,0.00058,20.13032
SUB5003487,2026-04-08,0.05,0.62,0.61,0.19,0,0,25-34,Prepaid_Monthly,5G_Device,3G,Very_Light,0.017079999999999998,0.09037,0.005889999999999999,0.03723,0.17434
SUB2841646,2026-04-01,3.66,2.12,0.81,1.44,0,1,45-54,Postpaid_Unlimited,Premium_Smartphone,4G,Heavy,5.84171,0.5898300000000001,0.00903,0.16379,6.02818
SUB3870741,2026-04-04,0.74,1.05,0.75,0.03,0,0,35-44,Postpaid_Basic,Premium_Smartphone,3G,Very_Light,0.36221,0.08786,0.0042699999999999995,0.0030499999999999998,0.49348000000000003
SUB9410184,2026-03-29,0.27,0.84,0.42,0.06,0,0,25-34,Prepaid_Daily,Mid_Range,5G,Light,0.49886,0.32944,0.00363,0.004,0.9301900000000001
SUB6297340,2026-04-11,1.08,0.48,0.02,0.04,0,0,45-54,Prepaid_Monthly,Mid_Range,4G,Light,0.99379,0.11372,0.00011999999999999999,0.00431,1.1828299999999998
SUB5077411,2026-03-28,1.15,0.59,0.74,0.54,0,0,35-44,Prepaid_Monthly,5G_Device,4G,Light,0.9708600000000001,0.16236,0.013269999999999999,0.0499,1.15128
SUB3758566,2026-04-17,6.02,6.0,3.28,3.72,1,0,18-24,Postpaid_Premium,Premium_Smartphone,5G,Power_User,21.012490000000003,2.26436,0.05838,0.46895,25.287740000000003
SUB5837502,2026-04-06,3.51,1.92,0.25,0.3,0,1,25-34,Prepaid_Monthly,5G_Device,4G+,Heavy,5.08913,0.49357,0.00273,0.05874,5.3421899999999996
SUB4001519,2026-04-07,1.9,2.59,0.23,0.0,0,0,25-34,Postpaid_Basic,Premium_Smartphone,4G,Moderate,1.80299,0.7177100000000001,0.00415,0.0,2.50854
SUB7062903,2026-03-28,4.56,1.26,0.33,0.36,1,1,25-34,Prepaid_Monthly,Mid_Range,5G,Heavy,8.13104,0.32721,0.0048,0.01893,9.056709999999999
SUB3629137,2026-04-03,4.51,3.2,1.31,0.14,1,0,25-34,Postpaid_Unlimited,Premium_Smartphone,5G,Power_User,11.055399999999999,1.1633,0.01908,0.01413,13.15026
SUB2539219,2026-03-23,0.44,1.13,0.09,0.11,0,0,18-24,Postpaid_Basic,Basic_Phone,5G,Light,0.87479,0.32687,0.00177,0.011300000000000001,1.29051
SUB4761675,2026-04-14,0.98,6.0,1.14,1.78,0,1,18-24,Postpaid_Basic,5G_Device,5G,Moderate,1.81048,2.26382,0.008289999999999999,0.20517,4.38784
SUB3961937,2026-03-31,0.46,1.51,0.25,0.08,0,0,25-34,Prepaid_Monthly,5G_Device,3G,Very_Light,0.22540000000000002,0.14977000000000001,0.00383,0.01461,0.46441000000000004
SUB2061385,2026-04-05,6.02,0.92,4.0,0.24,0,0,35-44,Postpaid_Basic,Mid_Range,4G+,Heavy,6.50099,0.22708,0.02625,0.040479999999999995,7.30231
SUB4631047,2026-04-03,2.69,4.7,0.79,0.87,0,0,18-24,Postpaid_Unlimited,5G_Device,4G,Moderate,3.58204,0.8684299999999999,0.00458,0.10396,4.24267
SUB8323988,2026-03-26,0.36,6.0,1.72,1.39,0,1,25-34,Postpaid_Premium,Premium_Smartphone,4G+,Moderate,0.5869800000000001,1.81927,0.01376,0.20203,2.96868
SUB7542224,2026-04-16,1.94,4.26,0.32,0.01,1,0,35-44,Postpaid_Unlimited,Tablet,4G,Moderate,2.90938,0.65122,0.00372,0.00174,3.8056300000000003
SUB3604325,2026-04-03,0.76,1.07,0.77,0.18,1,0,18-24,Postpaid_Premium,Basic_Phone,3G,Light,0.51909,0.12633,0.006719999999999999,0.011519999999999999,0.6698200000000001
SUB3343136,2026-04-05,0.43,3.68,0.08,0.02,0,0,25-34,Postpaid_Premium,Mid_Range,4G+,Light,0.7525599999999999,1.01585,0.0007099999999999999,0.00083,1.68594
SUB2164795,2026-04-08,0.07,5.49,0.84,0.12,1,0,25-34,Prepaid_Monthly,Premium_Smartphone,4G,Light,0.07789,1.1058599999999998,0.00461,0.00817,1.2916800000000002
SUB5245576,2026-03-25,0.31,2.57,0.15,0.03,0,0,35-44,Prepaid_Monthly,Mid_Range,4G+,Light,0.42807,0.72434,0.00166,0.00165,1.1973900000000002
SUB6115011,2026-04-14,0.79,2.44,0.05,0.07,0,0,18-24,Prepaid_Monthly,Premium_Smartphone,4G,Light,0.6381100000000001,0.65555,0.00099,0.00792,1.28699
SUB3465849,2026-04-11,1.67,6.0,0.09,0.55,0,1,35-44,Prepaid_Monthly,5G_Device,5G,Heavy,3.66445,1.95481,0.0007199999999999999,0.02533,5.24625
SUB5486745,2026-04-09,1.57,0.53,0.62,0.03,0,0,25-34,Prepaid_Monthly,Mid_Range,5G,Moderate,2.8898699999999997,0.1564,0.00879,0.00377,3.08211
SUB2348894,2026-03-30,5.65,4.0,0.54,1.2,0,0,18-24,Prepaid_Monthly,Premium_Smartphone,4G,Heavy,5.255979999999999,0.68561,0.00555,0.08097,5.85992
SUB9973541,2026-04-16,4.06,2.43,1.36,2.0,1,0,35-44,Postpaid_Unlimited,5G_Device,5G,Power_User,10.95627,0.917,0.01988,0.29538,11.883629999999998
SUB6572618,2026-04-16,3.49,5.6,0.45,0.62,0,0,18-24,Postpaid_Unlimited,Premium_Smartphone,4G,Heavy,5.5869,1.4267,0.006030000000000001,0.05324,7.07137
SUB6516829,2026-03-24,1.84,0.22,0.14,0.15,1,1,18-24,Postpaid_Premium,Basic_Phone,5G,Heavy,6.15253,0.07038,0.00086,0.00675,5.65629
SUB3378772,2026-04-06,6.87,3.11,0.97,0.13,0,1,25-34,Postpaid_Premium,Mid_Range,4G,Power_User,9.45214,0.4732,0.009470000000000001,0.00902,10.68996
SUB9396007,2026-04-08,0.41,1.99,0.17,0.37,0,0,25-34,Postpaid_Basic,5G_Device,4G,Light,0.41875999999999997,0.31548000000000004,0.00173,0.020050000000000002,0.79507
SUB3497838,2026-04-03,8.0,3.8,1.01,2.23,0,1,25-34,Postpaid_Unlimited,5G_Device,5G,Power_User,19.27862,1.4531800000000001,0.009980000000000001,0.21243,20.840490000000003
SUB8880317,2026-04-06,1.17,3.97,0.08,0.52,0,1,18-24,Postpaid_Basic,Mid_Range,5G,Moderate,2.1674,1.48512,0.00123,0.04937,3.6766300000000003
SUB7524559,2026-03-25,0.05,0.19,0.01,0.04,0,0,55+,Prepaid_Monthly,Basic_Phone,4G,Very_Light,0.038189999999999995,0.054119999999999994,8e-05,0.00501,0.105
SUB6581472,2026-03-23,3.67,3.18,0.36,0.67,1,1,18-24,Prepaid_Daily,Mid_Range,4G,Moderate,4.01517,0.93916,0.0065,0.0676,4.78041
SUB4330263,2026-04-17,1.65,4.1,0.25,0.76,0,0,18-24,Postpaid_Basic,Premium_Smartphone,4G,Moderate,1.93253,1.11355,0.00294,0.11212000000000001,3.37348
SUB9280083,2026-03-24,0.35,6.0,2.92,0.01,0,1,18-24,Postpaid_Premium,Mid_Range,4G+,Moderate,0.8413999999999999,1.99466,0.0564,0.00091,3.23493
SUB4783831,2026-04-08,4.4,2.49,0.59,0.14,1,0,25-34,Postpaid_Premium,Premium_Smartphone,4G,Moderate,4.89601,0.53623,0.00746,0.015460000000000002,5.07461
SUB8045927,2026-03-19,8.0,3.16,1.23,1.38,1,0,25-34,Prepaid_Monthly,5G_Device,5G,Power_User,18.985400000000002,1.17916,0.02366,0.19202000000000002,18.70138
SUB6094502,2026-04-13,0.61,0.57,0.19,0.28,0,1,45-54,Postpaid_Basic,Mid_Range,4G+,Light,0.9910800000000001,0.13013999999999998,0.002,0.01802,1.23034
SUB6522567,2026-04-05,0.98,2.33,0.43,0.32,0,0,18-24,Postpaid_Premium,Mid_Range,4G,Moderate,1.5961500000000002,0.6274500000000001,0.00662,0.01517,2.36917
SUB7254887,2026-03-27,1.03,1.7,0.2,0.02,0,1,25-34,Postpaid_Basic,Premium_Smartphone,3G,Light,0.31674,0.15780000000000002,0.00204,0.00364,0.56201
SUB6000783,2026-04-14,2.27,6.0,0.07,1.2,0,1,45-54,Postpaid_Basic,Premium_Smartphone,5G,Heavy,3.61351,2.10572,0.0007199999999999999,0.09304000000000001,5.69837
SUB5041776,2026-04-11,0.88,2.19,0.25,1.38,0,1,35-44,Postpaid_Premium,Premium_Smartphone,4G,Moderate,1.18498,0.62188,0.00177,0.27207,2.39547
SUB1842186,2026-04-04,0.06,0.33,0.43,0.28,0,1,25-34,Prepaid_Monthly,Mid_Range,4G,Very_Light,0.04869,0.054060000000000004,0.00831,0.03933,0.20931
SUB7390459,2026-04-10,0.96,1.87,0.74,0.04,0,0,45-54,Postpaid_Premium,Premium_Smartphone,4G,Light,1.29372,0.31671,0.012119999999999999,0.0045,1.57826
SUB9161665,2026-03-28,0.66,1.41,0.3,0.06,0,0,45-54,Prepaid_Daily,Tablet,4G+,Light,0.70987,0.42951999999999996,0.0025,0.01087,1.26028
SUB5323242,2026-03-29,1.29,3.96,0.56,0.16,0,1,45-54,Postpaid_Unlimited,Tablet,4G,Moderate,1.35674,0.62873,0.0052699999999999995,0.0067599999999999995,2.0756300000000003
SUB3053413,2026-04-12,1.39,1.18,1.37,0.26,0,0,18-24,Postpaid_Premium,5G_Device,4G,Moderate,1.96451,0.31060000000000004,0.02411,0.01761,2.46506
SUB3680259,2026-04-09,4.04,4.05,0.01,0.64,0,1,25-34,Postpaid_Premium,5G_Device,5G,Power_User,10.25715,1.06597,0.0001,0.06426000000000001,11.53989
SUB3064618,2026-04-02,0.38,0.51,0.21,0.08,0,0,35-44,Prepaid_Monthly,Premium_Smartphone,3G,Very_Light,0.14447,0.05096,0.0037099999999999998,0.00733,0.27252
SUB3951720,2026-04-12,0.03,0.69,0.35,0.02,0,0,25-34,Postpaid_Basic,Premium_Smartphone,4G,Very_Light,0.02773,0.14114,0.00608,0.00271,0.24680000000000002
SUB7728926,2026-03-30,0.15,0.19,0.16,0.21,0,0,35-44,Postpaid_Basic,Basic_Phone,5G,Very_Light,0.36313,0.056049999999999996,0.00093,0.023969999999999998,0.45931
SUB7734714,2026-04-08,2.35,0.48,1.0,0.92,0,0,25-34,Postpaid_Premium,Tablet,3G,Moderate,1.71689,0.05023,0.01702,0.14493,2.13926
SUB8536765,2026-04-11,0.05,0.83,0.11,0.17,0,0,35-44,Prepaid_Daily,Premium_Smartphone,5G,Light,0.10168,0.27756000000000003,0.00082,0.02915,0.53366
SUB2425472,2026-04-13,2.02,6.0,4.0,0.01,1,0,18-24,Postpaid_Premium,5G_Device,5G,Heavy,5.04066,1.9210699999999998,0.06908,0.00117,7.21048
SUB9429747,2026-04-07,1.13,0.59,0.25,0.08,1,0,18-24,Prepaid_Monthly,Mid_Range,5G,Moderate,1.96844,0.20944,0.00164,0.01209,2.42239
SUB3511902,2026-03-22,0.55,3.27,0.67,0.1,0,0,25-34,Prepaid_Monthly,Mid_Range,4G,Light,0.51452,0.83974,0.00828,0.007809999999999999,1.53083
SUB7477006,2026-03-20,0.24,0.57,0.01,2.19,0,0,18-24,Prepaid_Monthly,Basic_Phone,5G,Light,0.56723,0.19909000000000002,0.00014000000000000001,0.39019,1.17577
SUB8265760,2026-04-15,8.0,1.53,0.89,0.21,1,1,45-54,Postpaid_Unlimited,Premium_Smartphone,3G,Heavy,4.97137,0.1398,0.01388,0.032549999999999996,5.6407
SUB8905477,2026-03-30,0.54,0.87,0.99,0.06,0,0,45-54,Prepaid_Monthly,5G_Device,4G,Light,0.39302,0.1856,0.015609999999999999,0.01055,0.68908
SUB2375645,2026-04-08,0.18,0.09,0.31,0.12,0,1,55+,Prepaid_Daily,Mid_Range,5G,Very_Light,0.28743,0.03294,0.004019999999999999,0.01056,0.40926999999999997
SUB4614962,2026-04-07,2.69,2.31,0.22,0.05,0,1,35-44,Postpaid_Premium,5G_Device,4G,Moderate,3.6873,0.6021,0.00391,0.00639,4.01159
SUB6744588,2026-03-26,8.0,6.0,0.49,0.24,0,0,18-24,Postpaid_Premium,Mid_Range,4G,Power_User,8.44185,1.57013,0.00444,0.02816,10.5869
SUB3955227,2026-03-26,6.08,2.07,0.22,2.24,0,0,35-44,Postpaid_Premium,Premium_Smartphone,5G,Power_User,19.52143,0.6805,0.00149,0.43613999999999997,19.376330000000003
SUB5430675,2026-04-17,0.45,0.95,0.99,0.55,1,0,35-44,Postpaid_Premium,Mid_Range,5G,Light,1.04288,0.35905000000000004,0.01746,0.04747,1.62148
SUB8601748,2026-03-29,0.05,2.73,0.41,1.87,1,1,18-24,Prepaid_Monthly,Premium_Smartphone,3G,Light,0.023440000000000003,0.28032999999999997,0.0052,0.27793,0.72949
SUB5805028,2026-03-30,0.58,1.16,0.17,2.55,0,0,35-44,Postpaid_Premium,Premium_Smartphone,4G+,Moderate,1.4255499999999999,0.38871,0.00333,0.44421,2.2881799999999997
SUB2064367,2026-03-30,1.07,1.3,0.54,1.19,0,0,45-54,Postpaid_Unlimited,Premium_Smartphone,4G+,Moderate,2.6623,0.33646,0.0035499999999999998,0.13055,3.5567399999999996
SUB7463768,2026-03-20,0.12,1.71,0.14,0.5,0,0,35-44,Postpaid_Basic,Mid_Range,4G,Light,0.10815999999999999,0.46596,0.0016200000000000001,0.09941,0.7459
SUB6722078,2026-03-27,0.05,0.49,0.47,0.02,1,0,55+,Prepaid_Monthly,Mid_Range,5G,Very_Light,0.10222,0.17764,0.00642,0.00348,0.34872000000000003
SUB9212420,2026-04-16,1.1,0.77,0.19,0.03,0,0,45-54,Prepaid_Monthly,5G_Device,4G+,Light,1.38756,0.21768,0.00127,0.00217,1.8315899999999998
SUB5210563,2026-03-24,0.71,0.78,1.0,0.17,0,0,18-24,Prepaid_Monthly,Basic_Phone,5G,Light,1.6591600000000002,0.27842,0.01242,0.01033,1.9355499999999999
SUB9151496,2026-04-05,8.0,2.66,0.55,0.06,1,0,18-24,Prepaid_Monthly,Mid_Range,4G+,Power_User,13.709010000000001,0.7772899999999999,0.00523,0.00711,15.28917
SUB3327654,2026-04-15,0.23,0.3,0.03,0.42,0,1,45-54,Postpaid_Premium,Premium_Smartphone,3G,Very_Light,0.10828,0.04336,0.00017999999999999998,0.060950000000000004,0.24112
SUB5330972,2026-04-12,0.5,1.1,0.28,0.05,1,0,45-54,Prepaid_Monthly,5G_Device,4G,Light,0.52723,0.19823,0.00289,0.00226,0.79941
SUB8740141,2026-04-13,3.22,6.0,2.51,0.18,0,1,35-44,Postpaid_Unlimited,Premium_Smartphone,5G,Power_User,13.78022,2.36315,0.03183,0.02289,15.431700000000001
SUB3715514,2026-04-11,0.56,0.57,0.03,0.01,0,0,18-24,Prepaid_Monthly,Premium_Smartphone,4G,Light,0.55429,0.09405,0.0005899999999999999,0.0015300000000000001,0.64189
SUB9940164,2026-03-31,2.34,4.19,1.27,0.0,1,0,18-24,Postpaid_Premium,5G_Device,3G,Light,1.59169,0.34591000000000005,0.02071,0.0,1.85738
SUB5657693,2026-04-08,2.67,0.34,0.25,0.04,1,0,45-54,Postpaid_Basic,5G_Device,4G,Moderate,2.38513,0.07518999999999999,0.00127,0.00725,2.6424000000000003
SUB3485178,2026-04-16,0.46,2.07,0.94,2.82,0,0,25-34,Prepaid_Monthly,5G_Device,5G,Light,0.77095,0.7606799999999999,0.01141,0.26254,1.82733
SUB6638132,2026-04-12,2.53,2.18,0.09,0.12,1,1,35-44,Postpaid_Basic,Tablet,3G,Light,0.99122,0.32474000000000003,0.00131,0.00877,1.43211
SUB9979250,2026-04-06,1.25,0.72,2.77,0.03,0,0,25-34,Postpaid_Basic,5G_Device,5G,Moderate,3.0252800000000004,0.25579,0.046270000000000006,0.005809999999999999,3.153
SUB1494592,2026-03-25,1.69,1.23,0.77,2.12,0,1,18-24,Postpaid_Basic,Premium_Smartphone,5G,Moderate,3.46238,0.40357,0.00687,0.1673,4.44211
SUB9595960,2026-03-19,6.08,1.02,0.75,0.08,0,0,25-34,Postpaid_Unlimited,Premium_Smartphone,5G,Power_User,21.11818,0.38858,0.0064800000000000005,0.00392,20.06419
SUB8705092,2026-04-06,3.17,1.33,2.16,0.23,0,0,18-24,Postpaid_Basic,5G_Device,4G,Moderate,2.69847,0.23637,0.03525,0.045450000000000004,3.10415
SUB6238631,2026-04-12,2.21,0.63,0.31,0.99,0,0,35-44,Postpaid_Unlimited,5G_Device,4G+,Moderate,4.51658,0.15361000000000002,0.00191,0.12487999999999999,4.98364
SUB1037180,2026-03-19,0.12,1.28,2.67,1.26,1,1,18-24,Postpaid_Basic,Mid_Range,3G,Very_Light,0.05694,0.14378,0.045649999999999996,0.16175,0.42347
SUB2724854,2026-04-15,1.29,0.85,0.12,0.07,0,1,35-44,Postpaid_Basic,Mid_Range,4G,Light,1.3003099999999999,0.18794999999999998,0.00069,0.011859999999999999,1.54492
SUB5748584,2026-03-28,1.13,1.24,0.29,0.98,0,0,25-34,Prepaid_Monthly,Tablet,4G,Light,1.2437,0.2686,0.00207,0.16982,1.6982899999999999
SUB8585159,2026-03-28,0.54,0.13,0.06,0.0,0,0,45-54,Postpaid_Unlimited,Mid_Range,3G,Very_Light,0.32817,0.01849,0.00082,0.0,0.38569
SUB3154327,2026-03-30,1.2,2.06,0.24,0.04,0,1,18-24,Postpaid_Premium,Premium_Smartphone,4G,Moderate,2.07745,0.5373,0.00419,0.0078,2.49158
SUB6059667,2026-03-29,0.36,6.0,0.18,0.88,1,0,25-34,Postpaid_Premium,Tablet,3G,Light,0.22244999999999998,0.75097,0.00292,0.10514,1.16872
SUB7514948,2026-03-25,0.19,2.06,0.13,0.05,0,0,45-54,Postpaid_Unlimited,Mid_Range,4G,Light,0.21937,0.45561,0.0019399999999999999,0.00296,0.70637
SUB4055068,2026-04-16,0.26,1.03,0.22,0.34,1,0,25-34,Prepaid_Daily,Basic_Phone,4G,Light,0.24935,0.19391,0.004030000000000001,0.05196,0.5362899999999999
SUB2534230,2026-04-09,0.56,0.6,0.31,0.11,0,0,45-54,Postpaid_Basic,Mid_Range,4G,Light,0.65537,0.15309999999999999,0.00281,0.01602,0.92955
SUB9375741,2026-04-14,1.33,2.84,0.47,2.59,0,1,18-24,Prepaid_Monthly,Mid_Range,4G,Moderate,1.27942,0.8153400000000001,0.00786,0.32964,2.36078
SUB2676099,2026-04-06,8.0,3.1,2.37,2.09,0,1,25-34,Postpaid_Unlimited,Premium_Smartphone,4G,Power_User,9.16036,0.48201,0.01554,0.31643,10.88214
SUB3126861,2026-04-03,2.87,3.89,1.81,0.43,1,1,35-44,Prepaid_Monthly,Premium_Smartphone,4G,Moderate,3.34011,1.1392200000000001,0.03304,0.07278,4.56503
SUB2000294,2026-03-24,4.76,3.28,1.04,0.84,1,0,18-24,Postpaid_Unlimited,Mid_Range,4G,Heavy,6.946470000000001,0.96688,0.01489,0.10246,8.43276
SUB8689969,2026-03-19,0.3,1.25,1.1,0.02,0,0,25-34,Prepaid_Daily,Premium_Smartphone,3G,Very_Light,0.09713,0.18691999999999998,0.01295,0.00252,0.33125
SUB5411887,2026-04-07,2.1,0.63,0.19,1.08,0,0,25-34,Prepaid_Monthly,Mid_Range,4G,Light,1.66601,0.15206999999999998,0.0037400000000000003,0.14071,1.8896099999999998
SUB5324660,2026-04-05,1.69,3.07,1.17,0.6,0,1,45-54,Postpaid_Unlimited,5G_Device,5G,Heavy,4.30938,1.2229400000000001,0.01401,0.07590999999999999,6.03002
SUB8940312,2026-04-02,1.99,0.73,0.01,0.02,0,0,55+,Prepaid_Daily,Mid_Range,4G,Moderate,2.2017800000000003,0.12553,8.999999999999999e-05,0.00083,2.5028699999999997
SUB6207188,2026-04-15,1.42,0.51,0.03,0.72,1,1,25-34,Postpaid_Basic,Mid_Range,5G,Moderate,3.42779,0.13019999999999998,0.00039,0.08662,3.53106
SUB2712503,2026-04-15,8.0,0.48,0.81,0.23,0,0,18-24,Prepaid_Monthly,Premium_Smartphone,4G,Heavy,7.99172,0.11051000000000001,0.0075899999999999995,0.04047,8.10361
SUB7934430,2026-03-31,0.29,0.52,0.03,0.01,0,0,45-54,Prepaid_Daily,Premium_Smartphone,3G,Very_Light,0.09222,0.0639,0.00017,0.00165,0.19371000000000002
SUB8601709,2026-04-10,3.8,0.29,0.21,0.88,0,0,35-44,Postpaid_Premium,Mid_Range,5G,Power_User,12.353309999999999,0.11576,0.00173,0.056240000000000005,11.79755
SUB2594362,2026-04-09,1.29,0.44,1.21,1.06,0,0,25-34,Postpaid_Basic,Premium_Smartphone,5G,Moderate,2.76613,0.17534,0.00858,0.19999,3.00903
SUB1558981,2026-04-07,0.53,6.0,1.92,1.92,1,0,25-34,Postpaid_Unlimited,5G_Device,4G,Moderate,0.75817,1.46359,0.02571,0.08054,2.22287
SUB5001070,2026-04-02,0.06,1.53,0.12,0.11,0,0,25-34,Prepaid_Daily,Premium_Smartphone,3G,Very_Light,0.02599,0.22863,0.00069,0.01835,0.2969
SUB4386243,2026-03-31,4.2,0.88,0.19,0.08,0,0,35-44,Postpaid_Unlimited,5G_Device,4G,Heavy,5.63405,0.21048,0.00114,0.00879,6.476430000000001
SUB2350417,2026-03-25,1.17,6.0,0.89,0.84,0,0,35-44,Postpaid_Unlimited,Mid_Range,5G,Moderate,3.43933,1.95899,0.00683,0.10059,5.10961
SUB6169619,2026-03-22,0.97,6.0,0.28,0.3,0,0,18-24,Postpaid_Basic,Mid_Range,4G,Light,0.80525,1.03197,0.00367,0.01317,2.00117
SUB3581505,2026-03-25,2.14,0.35,0.15,0.11,1,0,35-44,Postpaid_Unlimited,Basic_Phone,5G,Heavy,6.25168,0.10723999999999999,0.00276,0.00747,6.89107
SUB4918949,2026-04-07,1.57,1.11,0.33,0.47,0,1,35-44,Postpaid_Premium,Mid_Range,5G,Heavy,5.14247,0.39019,0.00302,0.032799999999999996,5.370220000000001
SUB4609134,2026-04-08,0.96,0.77,0.09,0.35,1,0,45-54,Prepaid_Daily,5G_Device,5G,Moderate,2.03993,0.27784,0.00045,0.06054,2.81406
SUB6243174,2026-03-31,1.21,1.31,1.06,0.37,0,0,18-24,Prepaid_Daily,5G_Device,5G,Moderate,3.0061799999999996,0.3985,0.00704,0.05614,3.60961
SUB8813516,2026-03-28,1.08,1.75,0.49,4.88,1,1,45-54,Postpaid_Unlimited,5G_Device,5G,Moderate,2.81663,0.47745,0.0049299999999999995,0.5570700000000001,4.35918
SUB1176615,2026-04-03,0.26,0.45,0.4,0.57,0,1,35-44,Prepaid_Monthly,5G_Device,4G,Very_Light,0.2043,0.11861,0.00229,0.06774,0.45944999999999997
SUB4295453,2026-04-06,0.47,0.69,0.22,0.14,0,0,55+,Prepaid_Daily,Premium_Smartphone,4G,Light,0.43404000000000004,0.19082,0.004019999999999999,0.020329999999999997,0.7209800000000001
SUB1291464,2026-04-09,1.55,1.42,1.51,3.13,0,0,45-54,Prepaid_Monthly,5G_Device,4G,Moderate,1.79757,0.38268,0.02469,0.40318,2.6634
SUB6645812,2026-04-15,2.62,3.57,0.78,1.09,1,1,18-24,Prepaid_Daily,Premium_Smartphone,5G,Heavy,6.24004,0.95669,0.0062699999999999995,0.09903,6.89979
SUB9697318,2026-04-16,1.48,0.41,0.18,0.0,0,1,55+,Prepaid_Monthly,Mid_Range,4G,Light,1.21326,0.10746,0.0035600000000000002,0.0,1.35629
SUB4477084,2026-04-07,0.14,0.13,0.21,0.25,0,0,55+,Postpaid_Premium,Mid_Range,4G,Very_Light,0.26994,0.03007,0.00387,0.01726,0.35874
SUB4369415,2026-03-20,1.11,3.56,4.0,0.99,0,0,35-44,Postpaid_Premium,Premium_Smartphone,4G+,Moderate,2.4816599999999998,1.20007,0.03247,0.15480000000000002,3.68211
SUB3949908,2026-04-12,1.79,1.23,0.25,0.06,1,0,35-44,Prepaid_Monthly,Mid_Range,5G,Moderate,3.3691500000000003,0.40662,0.00221,0.01115,3.97486
SUB1563506,2026-04-07,3.66,1.75,0.95,0.2,0,1,25-34,Postpaid_Unlimited,Mid_Range,4G,Heavy,6.66571,0.4089,0.00767,0.02795,6.46675
SUB1077175,2026-04-08,1.84,2.84,0.5,0.54,1,0,18-24,Postpaid_Premium,Mid_Range,4G,Moderate,3.0804099999999996,0.46881,0.00622,0.08261,3.45683
SUB7687666,2026-04-05,4.36,1.79,0.02,3.04,0,1,35-44,Postpaid_Basic,5G_Device,4G,Moderate,3.32453,0.51139,0.00034,0.5254500000000001,4.26626
SUB9251043,2026-04-08,0.65,1.68,1.09,0.17,1,0,35-44,Postpaid_Basic,Mid_Range,3G,Very_Light,0.23213999999999999,0.20012,0.01726,0.01253,0.47891
SUB2223981,2026-03-26,1.09,2.27,2.17,0.4,0,1,25-34,Prepaid_Monthly,Mid_Range,3G,Light,0.37075,0.2089,0.024739999999999998,0.06054,0.6485299999999999
SUB9765940,2026-04-12,0.36,1.02,0.06,0.06,0,0,18-24,Prepaid_Monthly,Basic_Phone,4G,Light,0.36088,0.27274,0.00033,0.00828,0.6819700000000001
SUB5981505,2026-03-28,3.41,2.49,1.96,1.33,1,0,35-44,Postpaid_Unlimited,Premium_Smartphone,4G,Heavy,4.9101099999999995,0.63714,0.0255,0.18336000000000002,6.37766
SUB8278492,2026-03-26,2.25,0.4,0.39,0.14,0,0,25-34,Prepaid_Daily,Mid_Range,4G+,Moderate,2.43148,0.10026,0.0045899999999999995,0.02625,2.8107399999999996
SUB2857084,2026-04-01,0.74,0.74,0.26,1.79,0,1,55+,Postpaid_Unlimited,5G_Device,4G,Light,0.77204,0.11156,0.00413,0.08122,1.13352
SUB7208087,2026-04-02,2.12,0.84,0.02,0.34,0,0,35-44,Prepaid_Monthly,5G_Device,3G,Light,0.7443099999999999,0.09208,0.00013000000000000002,0.05609,1.02104
SUB1401072,2026-03-25,0.35,2.66,0.1,0.37,0,1,35-44,Prepaid_Daily,5G_Device,4G,Light,0.33162,0.50751,0.00198,0.04046,0.9556
SUB2264008,2026-04-12,1.46,0.47,0.14,0.1,0,0,45-54,Postpaid_Basic,Premium_Smartphone,4G+,Light,1.85067,0.11616,0.00209,0.01011,1.88402
SUB5264423,2026-04-12,4.53,2.39,1.53,3.41,1,1,25-34,Prepaid_Daily,5G_Device,5G,Power_User,8.99658,0.77324,0.02497,0.60381,10.79415
SUB7933705,2026-04-07,7.09,2.57,0.03,0.18,1,1,55+,Postpaid_Unlimited,Premium_Smartphone,4G,Power_User,10.616969999999998,0.39267,0.00025,0.01757,10.2953
SUB5523669,2026-04-10,0.6,0.2,0.09,0.04,1,1,25-34,Prepaid_Monthly,Basic_Phone,3G,Very_Light,0.27723000000000003,0.0289,0.00063,0.0019399999999999999,0.36419999999999997
SUB4346386,2026-04-04,0.58,1.57,0.1,0.03,0,0,35-44,Prepaid_Monthly,Premium_Smartphone,3G,Light,0.28731,0.18981,0.00145,0.0034100000000000003,0.56862
SUB9329442,2026-03-30,2.62,0.91,4.0,0.02,0,1,18-24,Prepaid_Monthly,5G_Device,5G,Heavy,6.065189999999999,0.30939,0.06196,0.00369,7.08582
SUB2767413,2026-03-23,3.44,0.57,1.43,0.09,0,0,35-44,Postpaid_Premium,5G_Device,3G,Moderate,2.39673,0.04579,0.02373,0.01089,2.61613
SUB4926888,2026-03-19,1.04,1.53,0.16,1.88,0,1,45-54,Postpaid_Premium,Premium_Smartphone,4G,Light,1.42591,0.29081,0.0008399999999999999,0.30672000000000005,2.03762
SUB1956011,2026-04-09,1.05,0.76,0.17,0.58,1,0,35-44,Postpaid_Premium,Basic_Phone,5G,Moderate,4.48813,0.29858999999999997,0.00302,0.115,5.05509
SUB6408792,2026-03-30,0.36,0.66,0.03,0.04,0,0,45-54,Prepaid_Daily,Premium_Smartphone,3G,Very_Light,0.15131,0.05329,0.00033,0.00475,0.26048000000000004
SUB7034207,2026-04-13,1.6,2.59,1.77,3.95,1,0,25-34,Postpaid_Basic,Premium_Smartphone,5G,Moderate,3.5554200000000002,1.00173,0.02264,0.17746,4.99266
SUB1594091,2026-03-30,1.03,3.91,0.41,0.12,0,0,18-24,Postpaid_Premium,Basic_Phone,5G,Heavy,4.05242,1.35879,0.0048,0.00893,5.76359
SUB9738676,2026-04-04,0.13,1.89,0.74,0.79,0,0,18-24,Postpaid_Basic,5G_Device,5G,Light,0.20731,0.63706,0.00475,0.1245,1.07976
SUB9884263,2026-04-03,2.67,0.47,0.36,1.54,0,0,45-54,Postpaid_Unlimited,Mid_Range,4G,Moderate,2.7910500000000003,0.14044,0.0060999999999999995,0.2889,3.12542
SUB2109229,2026-03-29,1.01,2.43,0.27,0.08,1,0,25-34,Postpaid_Basic,Mid_Range,3G,Light,0.47197,0.21583000000000002,0.0030800000000000003,0.01238,0.6827300000000001
SUB4826562,2026-03-21,0.61,2.07,0.12,0.22,1,1,25-34,Prepaid_Monthly,Mid_Range,3G,Light,0.25766,0.24899000000000002,0.00177,0.027710000000000002,0.54132
SUB3234967,2026-04-14,0.97,3.28,0.3,0.01,0,0,25-34,Postpaid_Premium,Mid_Range,4G,Light,1.44285,0.54786,0.00279,0.00152,1.89685
SUB3332214,2026-03-25,1.43,0.65,0.02,0.11,0,0,25-34,Postpaid_Basic,Mid_Range,4G,Light,1.0087300000000001,0.17473,0.00017999999999999998,0.00774,1.14141
SUB9175602,2026-03-20,0.5,1.15,0.51,0.1,1,0,55+,Postpaid_Basic,Mid_Range,4G+,Light,0.67274,0.28437,0.009380000000000001,0.016300000000000002,1.10416
SUB4737973,2026-03-20,2.0,1.01,0.09,0.1,0,0,45-54,Prepaid_Monthly,5G_Device,5G,Moderate,4.81921,0.34402,0.00124,0.0074800000000000005,4.97322
SUB1171236,2026-03-24,0.64,0.97,0.11,0.31,0,0,25-34,Prepaid_Daily,Tablet,5G,Light,1.5560699999999998,0.38788,0.00212,0.03402,2.02127
SUB5180656,2026-03-25,0.25,0.9,1.07,0.1,1,0,25-34,Postpaid_Unlimited,Mid_Range,5G,Light,0.76683,0.25817,0.01604,0.008919999999999999,1.18981
SUB5860345,2026-04-16,0.13,0.44,0.12,0.03,1,1,55+,Prepaid_Daily,Mid_Range,5G,Light,0.30948000000000003,0.12549,0.00172,0.00318,0.61227
SUB1847405,2026-04-05,0.38,0.51,0.09,0.24,0,0,25-34,Postpaid_Premium,Mid_Range,3G,Very_Light,0.24606,0.06286,0.00076,0.013720000000000001,0.35389
SUB9990884,2026-04-01,0.89,0.21,0.09,0.58,0,0,45-54,Prepaid_Daily,5G_Device,4G,Light,1.049,0.05066,0.00054,0.02401,1.2289100000000002
SUB9151168,2026-04-06,0.5,0.55,2.33,0.16,1,0,35-44,Postpaid_Unlimited,Tablet,4G+,Light,1.02786,0.14073,0.01529,0.01165,1.42455
SUB9353135,2026-03-29,2.37,1.08,0.03,2.29,1,0,35-44,Postpaid_Premium,Tablet,4G,Moderate,3.62493,0.17548,0.00031,0.2373,3.981
SUB9998604,2026-04-03,5.39,3.25,0.13,1.27,1,0,18-24,Postpaid_Premium,5G_Device,3G,Moderate,2.96694,0.28449,0.0011200000000000001,0.23408,3.1940399999999998
SUB4877590,2026-03-27,0.18,0.48,0.18,0.01,0,0,55+,Postpaid_Unlimited,Mid_Range,4G+,Light,0.34562,0.1107,0.00114,0.00163,0.52659
SUB5695781,2026-03-23,0.15,0.34,0.45,0.42,0,0,55+,Postpaid_Premium,Mid_Range,4G,Very_Light,0.16837,0.06739,0.00283,0.035679999999999996,0.30246
SUB7856604,2026-04-07,2.0,1.71,1.15,0.47,0,0,18-24,Prepaid_Monthly,Premium_Smartphone,4G,Moderate,1.5044600000000001,0.38136000000000003,0.00847,0.048229999999999995,2.1170500000000003
SUB8767227,2026-03-25,0.79,0.23,0.31,1.19,0,1,35-44,Prepaid_Monthly,Premium_Smartphone,3G,Light,0.30257999999999996,0.03418,0.00328,0.22978,0.6535
SUB6723601,2026-03-31,0.69,2.77,0.64,0.26,1,1,35-44,Prepaid_Monthly,Mid_Range,4G+,Light,0.8613099999999999,0.7463500000000001,0.008039999999999999,0.02459,1.84351
SUB7061782,2026-04-08,1.21,0.45,0.28,0.31,1,1,25-34,Prepaid_Monthly,Mid_Range,4G,Light,1.4265,0.11156999999999999,0.0051600000000000005,0.04383,1.6933399999999998
SUB4244571,2026-03-31,3.58,0.96,0.93,3.97,0,0,35-44,Postpaid_Premium,5G_Device,5G,Heavy,9.47782,0.35147,0.01062,0.45936,9.76323
SUB8451747,2026-04-11,0.27,0.36,0.0,0.11,0,0,18-24,Prepaid_Monthly,Basic_Phone,3G,Very_Light,0.08964,0.04065,0.0,0.01594,0.15811
SUB1824726,2026-03-31,7.14,2.69,0.92,1.01,0,1,35-44,Postpaid_Premium,Mid_Range,4G,Heavy,9.09825,0.50532,0.00738,0.07393000000000001,9.960180000000001
SUB5799412,2026-04-07,2.13,6.0,1.65,2.01,0,0,25-34,Postpaid_Unlimited,Premium_Smartphone,5G,Heavy,6.700189999999999,2.09378,0.00842,0.15593,9.573709999999998
SUB1158998,2026-03-26,3.2,1.25,0.28,0.14,0,1,18-24,Prepaid_Daily,Premium_Smartphone,4G,Moderate,3.74765,0.26577999999999996,0.00272,0.02432,4.37804
SUB9347131,2026-04-07,0.03,0.62,0.2,0.07,0,0,35-44,Postpaid_Unlimited,Basic_Phone,3G,Very_Light,0.01537,0.09276999999999999,0.0012,0.00635,0.13349
SUB9915948,2026-04-02,1.58,3.35,0.81,1.39,0,0,18-24,Postpaid_Premium,Premium_Smartphone,5G,Heavy,3.3809299999999998,1.2432699999999999,0.01473,0.13599,5.22126
SUB7324758,2026-03-24,1.78,0.4,0.04,0.28,1,0,55+,Prepaid_Monthly,Premium_Smartphone,4G+,Moderate,3.04156,0.09926,0.00035999999999999997,0.02161,3.52721
SUB1402690,2026-03-22,0.48,0.97,1.49,0.08,0,0,35-44,Postpaid_Premium,5G_Device,4G,Light,0.65379,0.24869999999999998,0.01794,0.01472,1.10398
SUB6248794,2026-04-04,0.04,0.55,0.08,0.06,0,0,18-24,Postpaid_Basic,Basic_Phone,3G,Very_Light,0.01785,0.07979,0.00095,0.007019999999999999,0.1085
SUB7357182,2026-04-17,1.01,0.31,0.08,0.51,0,0,25-34,Postpaid_Premium,Premium_Smartphone,4G,Light,1.57761,0.07446,0.0009699999999999999,0.07486,1.68842
SUB6666912,2026-04-07,0.73,0.63,0.64,0.97,0,0,25-34,Prepaid_Daily,Premium_Smartphone,5G,Light,1.54814,0.18809,0.0047599999999999995,0.07231,1.81526
SUB6489464,2026-03-30,1.26,0.24,1.31,0.38,0,0,35-44,Postpaid_Premium,Premium_Smartphone,4G+,Moderate,2.99602,0.07262,0.012960000000000001,0.053200000000000004,3.40335
SUB7824464,2026-03-19,1.84,0.17,0.62,0.12,1,0,45-54,Postpaid_Unlimited,Premium_Smartphone,3G,Light,1.1094300000000001,0.02545,0.00441,0.00578,1.1293199999999999
SUB8517201,2026-03-27,2.34,1.64,1.47,0.84,1,1,35-44,Prepaid_Monthly,Premium_Smartphone,4G,Moderate,2.47347,0.42805,0.0169,0.039020000000000006,3.3316999999999997
SUB9201428,2026-04-09,0.68,0.15,0.05,0.08,1,0,45-54,Prepaid_Monthly,Mid_Range,4G,Light,0.64786,0.02903,0.00094,0.00904,0.79218
SUB6301358,2026-03-22,8.0,0.46,0.45,0.03,0,0,45-54,Postpaid_Premium,Mid_Range,4G+,Power_User,19.80137,0.09717,0.00387,0.00537,20.3372
SUB2171248,2026-03-23,1.65,0.89,0.25,0.75,0,1,35-44,Prepaid_Daily,5G_Device,3G,Light,0.53603,0.09953000000000001,0.00273,0.10371999999999999,0.8578600000000001
SUB6387408,2026-04-06,1.23,0.98,1.67,0.01,1,0,35-44,Postpaid_Basic,Mid_Range,5G,Moderate,2.64792,0.37929,0.03311,0.0015400000000000001,3.3105599999999997
SUB3269798,2026-04-16,0.48,1.4,0.12,1.35,0,0,45-54,Postpaid_Unlimited,Mid_Range,5G,Light,1.20502,0.47933,0.0014399999999999999,0.15836,1.71833
SUB4385357,2026-04-16,0.63,0.84,0.01,0.0,1,0,35-44,Postpaid_Premium,Mid_Range,4G,Light,1.04901,0.21458000000000002,0.00016,0.0,1.18549
SUB1739574,2026-03-26,1.32,0.62,0.06,0.0,0,0,55+,Postpaid_Premium,Premium_Smartphone,4G,Moderate,2.36057,0.15164,0.00055,0.0,2.68274
SUB1164053,2026-04-12,7.03,0.71,0.55,0.2,1,0,45-54,Postpaid_Basic,Premium_Smartphone,5G,Power_User,17.104490000000002,0.18613,0.0065,0.019629999999999998,16.99823
SUB7978140,2026-04-05,1.8,1.77,0.62,0.39,0,1,18-24,Prepaid_Monthly,Premium_Smartphone,4G,Moderate,1.75573,0.33493,0.0055899999999999995,0.06786,2.16274
SUB9412054,2026-03-21,1.15,0.64,0.15,0.74,0,0,18-24,Postpaid_Premium,Basic_Phone,5G,Moderate,3.1608899999999998,0.24941,0.00132,0.05742,3.77265
SUB8470396,2026-03-28,2.77,5.51,1.99,0.54,1,1,25-34,Postpaid_Basic,5G_Device,4G,Moderate,3.13952,1.12644,0.02411,0.03486,4.45429
SUB9151382,2026-03-21,1.46,1.0,1.03,0.51,1,0,55+,Postpaid_Unlimited,Mid_Range,4G+,Moderate,3.98788,0.24103,0.0055,0.09872,4.219069999999999
SUB9597494,2026-04-04,2.51,3.45,0.27,0.24,0,0,35-44,Prepaid_Monthly,Premium_Smartphone,4G+,Moderate,3.2096199999999997,0.91365,0.0037400000000000003,0.040780000000000004,4.308859999999999
SUB3519507,2026-04-14,0.41,1.34,0.04,0.31,1,0,35-44,Prepaid_Daily,Basic_Phone,5G,Light,0.79077,0.48577,0.00075,0.02104,1.1997
SUB1853392,2026-03-30,4.79,1.66,0.8,0.41,0,0,35-44,Postpaid_Premium,Premium_Smartphone,5G,Power_User,11.29554,0.58676,0.01427,0.07959000000000001,11.02993
SUB1895596,2026-03-31,0.12,0.74,0.19,0.01,0,0,55+,Prepaid_Daily,5G_Device,4G,Very_Light,0.09901,0.2015,0.00114,0.0007,0.40779000000000004
SUB7976915,2026-04-02,1.65,0.59,0.05,0.45,1,0,18-24,Prepaid_Daily,Premium_Smartphone,4G,Light,1.23135,0.12841,0.00047,0.07886,1.53915
SUB6194914,2026-03-28,0.48,1.11,0.42,0.04,0,1,35-44,Prepaid_Monthly,Mid_Range,4G,Light,0.51936,0.24471,0.00228,0.00788,0.7807000000000001
SUB3667107,2026-04-04,8.0,2.93,4.0,1.11,0,1,18-24,Postpaid_Premium,Premium_Smartphone,5G,Power_User,25.123939999999997,1.01627,0.07179,0.053579999999999996,24.72991
SUB7837433,2026-03-29,8.0,6.0,0.73,0.2,0,0,25-34,Postpaid_Unlimited,Premium_Smartphone,5G,Power_User,25.049599999999998,1.642,0.01391,0.03792,24.79544
SUB1029813,2026-03-19,0.55,0.78,1.14,0.27,0,0,25-34,Prepaid_Monthly,5G_Device,4G+,Light,0.89439,0.26731,0.02229,0.017070000000000002,1.33216
SUB3891005,2026-03-30,0.64,0.24,0.03,0.04,1,1,45-54,Postpaid_Premium,Basic_Phone,4G,Light,1.1946400000000001,0.0565,0.00038,0.00385,1.2698800000000001
SUB3274316,2026-04-13,2.09,1.7,0.19,0.1,0,1,35-44,Prepaid_Daily,Premium_Smartphone,4G,Moderate,1.74081,0.34826999999999997,0.00268,0.01908,2.2775100000000004
SUB5593577,2026-04-05,1.54,2.27,0.27,0.3,0,0,25-34,Prepaid_Monthly,Premium_Smartphone,4G,Light,1.3339100000000002,0.44323,0.0014299999999999998,0.028329999999999998,2.01085
SUB2159149,2026-03-23,4.17,3.41,1.83,0.01,0,1,25-34,Prepaid_Monthly,5G_Device,4G,Moderate,3.00401,0.68648,0.023289999999999998,0.0012,3.49985
SUB9228736,2026-04-14,0.35,0.1,0.61,0.42,0,0,18-24,Prepaid_Daily,Mid_Range,4G,Very_Light,0.26785000000000003,0.02493,0.011980000000000001,0.045579999999999996,0.42792
SUB7281646,2026-04-05,0.28,0.24,0.09,0.13,0,0,55+,Prepaid_Monthly,Premium_Smartphone,3G,Very_Light,0.09684999999999999,0.02588,0.00147,0.02493,0.19532
SUB6375653,2026-04-04,1.04,1.18,0.83,0.34,0,0,18-24,Prepaid_Daily,Premium_Smartphone,4G,Light,0.9567899999999999,0.21336000000000002,0.00894,0.024059999999999998,1.36876
SUB9837590,2026-03-24,1.21,2.3,0.51,0.21,0,0,35-44,Postpaid_Basic,Mid_Range,5G,Moderate,1.8181800000000001,0.81729,0.0039700000000000004,0.01509,2.6227
SUB4800315,2026-04-11,0.8,0.97,0.82,3.39,1,0,25-34,Prepaid_Monthly,Premium_Smartphone,4G,Light,0.80987,0.16522,0.0157,0.18166,1.23433
SUB4472696,2026-03-22,0.66,0.85,0.92,0.64,1,1,18-24,Prepaid_Monthly,Premium_Smartphone,4G,Light,0.78004,0.23384,0.0055899999999999995,0.037469999999999996,1.23428
SUB8131390,2026-03-21,0.45,3.6,0.99,0.06,0,1,18-24,Postpaid_Basic,Mid_Range,5G,Moderate,1.07827,1.1835499999999999,0.01025,0.00296,2.47405
SUB2629040,2026-03-21,0.18,0.73,0.25,0.63,0,0,35-44,Postpaid_Basic,Premium_Smartphone,4G,Light,0.12819,0.21009,0.00413,0.11677,0.61033
SUB9523215,2026-04-03,1.03,0.38,1.62,0.53,0,0,35-44,Prepaid_Monthly,5G_Device,4G,Light,1.2241099999999998,0.06326,0.03145,0.035590000000000004,1.55758
SUB1876031,2026-04-10,1.81,1.15,0.45,0.42,1,1,45-54,Postpaid_Premium,5G_Device,4G+,Moderate,3.36183,0.30991,0.007809999999999999,0.041460000000000004,3.58627
SUB5335868,2026-03-21,2.13,5.37,1.36,1.77,0,0,25-34,Prepaid_Monthly,5G_Device,4G+,Moderate,3.61682,1.5928499999999999,0.02161,0.14592,5.103470000000001
SUB7036207,2026-04-07,6.92,3.98,4.0,0.43,0,1,18-24,Postpaid_Unlimited,5G_Device,5G,Power_User,17.75302,1.10941,0.03929,0.08506,20.21564
SUB3806284,2026-04-07,0.59,0.17,0.17,0.15,0,0,55+,Postpaid_Basic,Mid_Range,5G,Light,0.99093,0.05953,0.00091,0.019760000000000003,1.18557
SUB9670304,2026-04-10,2.0,0.33,0.19,0.21,0,0,25-34,Prepaid_Monthly,Basic_Phone,5G,Moderate,3.81359,0.11420999999999999,0.00328,0.03557,4.360600000000001
SUB1726331,2026-04-04,0.92,0.58,0.17,0.26,1,0,18-24,Postpaid_Basic,Premium_Smartphone,4G,Light,0.87534,0.14214,0.0033399999999999997,0.02061,1.07678
SUB2431041,2026-04-13,0.3,0.24,0.78,0.5,1,0,45-54,Postpaid_Basic,Premium_Smartphone,3G,Very_Light,0.13835,0.02782,0.0089,0.06891,0.29828
SUB6877845,2026-04-10,1.9,0.68,0.01,0.22,0,0,18-24,Postpaid_Basic,Basic_Phone,5G,Moderate,4.30271,0.19975,0.00011999999999999999,0.00968,4.66772
SUB9763313,2026-04-12,0.57,0.64,0.26,0.09,0,0,25-34,Prepaid_Monthly,5G_Device,4G,Light,0.53526,0.11409,0.00491,0.016079999999999997,0.77251
SUB8015232,2026-03-22,3.38,1.05,0.24,0.07,1,1,25-34,Postpaid_Basic,Basic_Phone,5G,Heavy,7.27583,0.29037999999999997,0.00146,0.01093,7.13458
SUB2250844,2026-03-21,3.38,0.86,1.37,0.46,0,0,18-24,Postpaid_Premium,5G_Device,4G,Heavy,5.34817,0.22709000000000001,0.01788,0.09128,5.51271
SUB5658575,2026-03-26,0.95,0.6,0.01,0.1,0,0,55+,Postpaid_Basic,Premium_Smartphone,4G,Light,1.06411,0.15506,0.00017,0.01326,1.2178699999999998
SUB8355740,2026-04-02,1.46,1.67,0.25,0.08,1,1,35-44,Prepaid_Monthly,Mid_Range,5G,Moderate,3.44093,0.50373,0.00418,0.00436,3.9530700000000003
SUB4198156,2026-03-29,2.23,0.55,1.03,0.08,0,0,18-24,Prepaid_Daily,Tablet,4G,Moderate,2.44224,0.14338,0.019710000000000002,0.0044800000000000005,2.70295
SUB5226156,2026-03-22,2.56,0.24,0.06,0.1,0,0,45-54,Postpaid_Basic,Premium_Smartphone,5G,Heavy,5.82622,0.09234999999999999,0.00091,0.01303,6.6228299999999996
SUB5639022,2026-03-19,1.37,0.7,0.51,2.04,0,0,18-24,Postpaid_Unlimited,Premium_Smartphone,5G,Moderate,4.24428,0.2036,0.00882,0.24274,4.87668
SUB6840445,2026-04-10,0.42,6.0,0.46,0.75,0,0,25-34,Postpaid_Unlimited,5G_Device,4G+,Moderate,0.8106,1.76732,0.00357,0.14487,2.9583000000000004
SUB3784975,2026-04-07,1.09,2.55,0.0,0.35,1,0,35-44,Postpaid_Basic,Premium_Smartphone,4G,Light,0.82657,0.46234,0.0,0.02955,1.49501
SUB9890111,2026-04-09,0.45,0.98,0.27,0.47,1,0,45-54,Postpaid_Unlimited,Mid_Range,3G,Very_Light,0.30163999999999996,0.14268,0.0016,0.04908,0.49486
SUB2003510,2026-04-07,0.6,0.55,0.01,0.11,0,0,35-44,Prepaid_Monthly,Basic_Phone,5G,Light,1.08233,0.1765,7.000000000000001e-05,0.015390000000000001,1.34286
SUB3859244,2026-03-23,2.78,2.42,0.07,0.3,1,1,18-24,Postpaid_Basic,Mid_Range,5G,Heavy,6.17135,0.61314,0.00063,0.0576,6.81579
SUB8615487,2026-04-03,1.6,2.78,1.76,1.8,1,0,35-44,Postpaid_Premium,5G_Device,4G,Moderate,2.46659,0.71746,0.01413,0.18386000000000002,3.40367
SUB7356895,2026-03-31,0.42,0.03,0.39,0.61,1,1,35-44,Postpaid_Basic,Basic_Phone,5G,Light,0.82701,0.01064,0.0024100000000000002,0.046490000000000004,1.00173
SUB9181311,2026-04-13,1.01,4.92,1.38,0.87,0,1,25-34,Postpaid_Basic,Premium_Smartphone,4G,Moderate,0.88013,0.9394,0.02471,0.16118000000000002,2.12861
SUB7568056,2026-04-07,0.19,0.93,0.71,0.05,1,0,18-24,Postpaid_Unlimited,Basic_Phone,4G,Very_Light,0.20685,0.15815,0.00491,0.005679999999999999,0.41443
SUB5851188,2026-03-31,0.77,0.35,0.75,0.2,0,0,18-24,Postpaid_Unlimited,Basic_Phone,4G+,Light,1.34656,0.08558,0.01388,0.036950000000000004,1.63126
SUB6125819,2026-04-12,0.1,0.52,0.19,0.08,0,0,45-54,Prepaid_Daily,Premium_Smartphone,4G,Very_Light,0.09540000000000001,0.14974,0.00372,0.00785,0.30959
SUB9683376,2026-03-24,0.99,1.4,0.65,0.03,1,0,35-44,Prepaid_Monthly,Mid_Range,4G,Light,1.0894000000000001,0.24950999999999998,0.00656,0.00434,1.34573
SUB1121937,2026-03-22,0.4,2.44,0.16,0.9,0,0,45-54,Postpaid_Premium,Mid_Range,5G,Moderate,1.55483,0.73353,0.00287,0.07948999999999999,2.5321
SUB6224237,2026-04-10,0.24,6.0,0.88,0.01,1,1,18-24,Postpaid_Premium,Mid_Range,3G,Light,0.14953,0.69421,0.010199999999999999,0.0016799999999999999,0.9822000000000001
SUB4891113,2026-04-09,0.64,1.13,1.04,0.97,0,0,18-24,Prepaid_Daily,5G_Device,5G,Light,1.3487,0.37451999999999996,0.01299,0.05316,1.7689300000000001
SUB2384822,2026-03-31,3.85,4.67,0.98,3.35,1,1,25-34,Postpaid_Unlimited,Premium_Smartphone,4G,Heavy,3.80765,0.8101900000000001,0.01269,0.36619999999999997,5.27322
SUB6174895,2026-03-29,0.63,1.05,0.5,0.11,1,1,55+,Postpaid_Basic,Premium_Smartphone,4G,Light,0.5355700000000001,0.18597,0.00458,0.017070000000000002,0.89808
SUB2612033,2026-03-19,0.32,1.76,0.22,1.04,0,0,18-24,Prepaid_Monthly,Mid_Range,3G,Very_Light,0.11704,0.23984,0.00385,0.12387000000000001,0.49871
SUB4156366,2026-04-02,0.63,0.66,0.28,0.02,0,0,55+,Postpaid_Premium,Mid_Range,5G,Light,1.4918699999999998,0.23685,0.00382,0.0038599999999999997,1.73871
SUB8122887,2026-04-04,0.88,0.95,0.02,0.69,0,0,35-44,Prepaid_Monthly,Premium_Smartphone,5G,Moderate,2.04116,0.27696,0.00026000000000000003,0.056229999999999995,2.2864899999999997
SUB4137358,2026-03-30,1.72,0.88,0.09,0.19,0,0,25-34,Postpaid_Basic,5G_Device,4G,Light,1.49058,0.22147999999999998,0.0012900000000000001,0.037079999999999995,1.76177
SUB4881857,2026-04-01,0.37,0.59,0.01,0.61,0,0,25-34,Prepaid_Monthly,Mid_Range,3G,Very_Light,0.18478,0.07742,7.000000000000001e-05,0.07163,0.40219
SUB6561112,2026-04-04,0.26,0.5,0.2,0.77,0,0,55+,Prepaid_Monthly,Tablet,4G,Light,0.26113,0.14086,0.00381,0.15011000000000002,0.65735
SUB6440107,2026-03-28,1.95,1.26,0.4,0.12,0,1,25-34,Prepaid_Daily,Mid_Range,4G,Light,1.46943,0.28556,0.00478,0.01205,1.92129
SUB7195200,2026-04-09,0.43,1.06,0.15,0.03,0,0,55+,Postpaid_Premium,Tablet,4G+,Light,1.16418,0.36836,0.00122,0.00329,1.67258
SUB4855933,2026-04-01,0.06,0.43,0.4,0.51,0,0,55+,Postpaid_Basic,5G_Device,4G,Very_Light,0.06343,0.09429000000000001,0.0030299999999999997,0.03547,0.2532
SUB5758669,2026-03-24,0.93,0.8,0.42,0.08,0,0,18-24,Postpaid_Premium,5G_Device,3G,Light,0.4756,0.07199,0.0071200000000000005,0.01124,0.588
SUB7417954,2026-04-02,2.2,0.28,0.04,2.76,0,0,35-44,Prepaid_Monthly,Tablet,4G,Moderate,2.21514,0.08305,0.00044,0.20198,2.68394
SUB9236843,2026-04-11,1.22,1.81,0.04,0.02,0,0,35-44,Prepaid_Monthly,Premium_Smartphone,4G,Light,1.45117,0.43128,0.00065,0.0008399999999999999,1.81971
SUB7321136,2026-03-21,4.75,1.36,0.07,0.1,1,0,35-44,Postpaid_Premium,Premium_Smartphone,4G,Heavy,8.24327,0.24226,0.00051,0.01211,8.533059999999999
SUB5208694,2026-04-12,0.45,0.16,0.03,0.09,0,0,35-44,Prepaid_Monthly,Mid_Range,3G,Very_Light,0.16268000000000002,0.01493,0.00039,0.01534,0.21562
SUB1916094,2026-04-04,4.66,2.06,0.26,0.32,1,0,18-24,Postpaid_Basic,Premium_Smartphone,4G+,Heavy,5.644220000000001,0.63834,0.0038599999999999997,0.04069,6.88871
SUB3842894,2026-04-02,0.11,1.06,0.12,0.86,1,0,45-54,Postpaid_Basic,5G_Device,4G,Light,0.0969,0.23812,0.0020099999999999996,0.06028,0.52679
SUB5188891,2026-04-07,0.58,0.53,0.46,1.5,1,0,18-24,Prepaid_Monthly,Premium_Smartphone,4G,Light,0.41529000000000005,0.10209,0.00753,0.1115,0.70071
SUB8376519,2026-03-20,2.59,2.08,1.16,0.67,0,1,35-44,Postpaid_Unlimited,Mid_Range,5G,Heavy,8.29832,0.76688,0.00984,0.07313,8.438709999999999
SUB8843227,2026-03-29,8.0,2.49,0.99,1.45,1,0,18-24,Postpaid_Unlimited,Mid_Range,4G,Heavy,8.820379999999998,0.67595,0.016730000000000002,0.18274,9.952200000000001
SUB3511019,2026-03-22,0.08,0.19,0.05,0.96,1,1,18-24,Postpaid_Basic,Basic_Phone,5G,Very_Light,0.15431,0.06795999999999999,0.00045,0.10790999999999999,0.39168000000000003
SUB8946321,2026-03-30,1.21,0.99,0.23,0.1,0,0,25-34,Prepaid_Monthly,Premium_Smartphone,5G,Moderate,1.9978399999999998,0.32902,0.00175,0.006,2.48759
SUB3619980,2026-04-12,0.31,0.18,0.56,0.23,0,0,45-54,Prepaid_Daily,Mid_Range,5G,Light,0.62839,0.06601,0.00507,0.0116,0.83545
SUB8862148,2026-03-25,2.59,4.64,0.35,0.22,0,0,18-24,Postpaid_Basic,Mid_Range,4G,Moderate,1.9365299999999999,1.09327,0.0054,0.0119,2.9583600000000003
SUB3164412,2026-04-15,2.89,2.69,0.17,0.18,0,0,25-34,Prepaid_Monthly,Mid_Range,5G,Heavy,5.26539,0.74411,0.00335,0.013609999999999999,6.096010000000001
SUB2798954,2026-04-17,2.85,5.71,1.14,0.03,0,0,35-44,Postpaid_Unlimited,5G_Device,5G,Heavy,7.86909,1.9861300000000002,0.01506,0.00133,10.14549
SUB9868958,2026-04-07,0.56,0.73,1.22,0.01,0,0,35-44,Postpaid_Basic,Premium_Smartphone,3G,Very_Light,0.17455,0.07249,0.018850000000000002,0.00126,0.30167
SUB5229491,2026-03-19,0.11,0.18,0.05,0.25,0,0,55+,Prepaid_Monthly,Premium_Smartphone,4G,Very_Light,0.10621,0.04244,0.00098,0.03594,0.23635
SUB7944075,2026-04-04,0.04,0.29,0.06,0.62,0,0,25-34,Postpaid_Basic,Mid_Range,4G,Very_Light,0.04621,0.06576,0.00041999999999999996,0.061590000000000006,0.21203999999999998
SUB3252641,2026-03-28,3.83,0.91,0.03,0.16,1,0,45-54,Postpaid_Premium,Mid_Range,5G,Power_User,11.01354,0.23468,0.00029,0.02767,12.37698
SUB2768693,2026-03-28,0.07,0.01,0.43,0.39,0,0,25-34,Postpaid_Basic,Basic_Phone,5G,Very_Light,0.13686,0.00366,0.00276,0.04249,0.2107
SUB8097037,2026-03-23,0.09,0.74,0.17,0.52,0,0,55+,Postpaid_Unlimited,5G_Device,4G,Very_Light,0.14564,0.16216999999999998,0.0019399999999999999,0.096,0.47922000000000003
SUB5810374,2026-03-24,8.0,1.2,0.33,0.09,0,0,35-44,Postpaid_Unlimited,5G_Device,4G,Power_User,11.27792,0.28992,0.00529,0.00558,10.78143
SUB8212648,2026-04-11,1.61,0.54,0.09,0.05,0,0,25-34,Postpaid_Unlimited,Mid_Range,3G,Light,1.39344,0.05866,0.0008399999999999999,0.00786,1.53759
SUB7147560,2026-03-19,0.31,0.77,0.52,0.03,1,0,25-34,Prepaid_Monthly,Premium_Smartphone,3G,Very_Light,0.13209,0.11454,0.00715,0.00511,0.35556
SUB6866645,2026-03-28,1.58,1.54,0.48,0.13,0,1,35-44,Prepaid_Monthly,5G_Device,4G,Light,1.3168,0.4061,0.00715,0.02203,1.9063800000000002
SUB8793404,2026-04-01,0.7,4.7,0.18,1.36,1,1,25-34,Postpaid_Premium,Premium_Smartphone,4G,Light,0.8656,0.86687,0.0029500000000000004,0.26052,2.01383
SUB3076198,2026-03-25,0.68,0.43,0.09,0.1,0,0,25-34,Prepaid_Monthly,Basic_Phone,4G,Light,0.73714,0.08117,0.0013700000000000001,0.0061600000000000005,0.81549
SUB1696084,2026-03-30,8.0,1.63,0.39,0.52,0,0,45-54,Postpaid_Unlimited,5G_Device,5G,Power_User,27.73206,0.56238,0.0033900000000000002,0.03561,26.763099999999998
SUB8784197,2026-03-28,0.06,1.53,0.65,0.3,0,0,35-44,Prepaid_Monthly,Premium_Smartphone,5G,Light,0.12541,0.5915499999999999,0.00749,0.02616,0.83882
SUB4622546,2026-04-02,1.41,2.55,0.07,0.09,0,0,18-24,Prepaid_Daily,Mid_Range,4G,Light,1.04179,0.57211,0.00039,0.00408,1.5379200000000002
SUB5203726,2026-04-01,2.73,0.41,0.11,0.11,0,0,45-54,Prepaid_Daily,Premium_Smartphone,4G+,Heavy,4.88067,0.10668000000000001,0.0014,0.017,5.188890000000001
SUB7168563,2026-04-15,1.48,0.32,2.02,0.01,1,0,25-34,Postpaid_Premium,Mid_Range,4G,Moderate,2.15602,0.07856,0.03158,0.00061,2.15207
SUB3037775,2026-03-22,4.55,4.73,0.07,0.1,0,1,25-34,Prepaid_Monthly,Mid_Range,4G+,Heavy,7.1959,1.11011,0.00131,0.00401,7.642189999999999
SUB5473014,2026-04-12,0.53,0.06,0.38,0.07,1,0,35-44,Prepaid_Monthly,Mid_Range,3G,Very_Light,0.22174000000000002,0.00802,0.00723,0.0086,0.27864
SUB5159962,2026-03-22,8.0,1.71,0.25,1.22,0,0,35-44,Postpaid_Premium,Premium_Smartphone,4G,Power_User,10.51239,0.29819999999999997,0.00464,0.23587,10.49363
SUB8035655,2026-04-15,3.26,0.56,2.31,0.07,0,0,25-34,Postpaid_Premium,Mid_Range,4G,Heavy,4.94361,0.10997,0.01905,0.01126,5.37197
SUB1711716,2026-04-14,3.94,1.17,3.76,0.8,0,0,25-34,Postpaid_Premium,Premium_Smartphone,4G+,Heavy,6.46133,0.26421,0.027489999999999997,0.04871,6.4642
SUB8433296,2026-03-27,3.06,3.11,0.02,0.89,1,0,35-44,Postpaid_Unlimited,Mid_Range,4G,Moderate,3.8732699999999998,0.78113,0.00011,0.07901000000000001,5.0792399999999995
SUB9736347,2026-03-19,2.69,2.88,0.76,0.97,1,0,45-54,Postpaid_Unlimited,Mid_Range,4G,Moderate,3.16444,0.6419,0.013900000000000001,0.17182,3.89173
SUB2372407,2026-04-12,0.86,1.7,0.27,0.82,0,0,45-54,Postpaid_Premium,5G_Device,4G+,Moderate,2.21573,0.43163,0.00464,0.07113,2.97636
SUB6708297,2026-04-13,0.38,0.52,0.05,0.16,0,1,55+,Postpaid_Premium,Tablet,3G,Very_Light,0.32045999999999997,0.05876,0.00061,0.01299,0.46745
SUB4699243,2026-04-16,0.25,3.31,0.31,0.53,0,0,18-24,Prepaid_Monthly,5G_Device,4G,Light,0.20837999999999998,0.60172,0.00217,0.07975,0.89722
SUB2189138,2026-03-25,1.16,3.11,0.08,0.47,0,0,18-24,Postpaid_Unlimited,Mid_Range,3G,Light,0.97685,0.43801,0.0013,0.08818000000000001,1.58047
SUB9791690,2026-04-03,7.21,1.79,1.72,0.45,0,1,18-24,Prepaid_Daily,Premium_Smartphone,4G+,Heavy,8.39022,0.53235,0.00957,0.04213,8.20807
SUB3742455,2026-04-12,3.2,1.88,1.5,3.03,1,0,18-24,Postpaid_Premium,5G_Device,4G,Heavy,4.336399999999999,0.45687,0.01423,0.16325,5.43844
SUB6327701,2026-04-02,0.57,0.08,0.09,0.03,0,0,45-54,Prepaid_Daily,Basic_Phone,5G,Light,1.19356,0.02182,0.0008900000000000001,0.00592,1.3071
SUB4177993,2026-04-16,6.05,0.94,0.08,3.08,0,0,25-34,Prepaid_Monthly,5G_Device,3G,Moderate,2.9630900000000002,0.12334,0.00136,0.37091,3.60896
SUB2511602,2026-04-02,3.4,1.05,0.37,0.19,0,0,45-54,Postpaid_Premium,5G_Device,3G,Moderate,1.91883,0.08802,0.0028399999999999996,0.01092,2.18158
SUB4916533,2026-04-03,1.08,6.0,0.86,0.42,1,0,18-24,Prepaid_Daily,Premium_Smartphone,4G,Moderate,0.83641,1.5549300000000001,0.0067,0.06128,2.4899899999999997
SUB6320218,2026-03-26,5.64,4.64,0.27,0.42,1,0,18-24,Postpaid_Basic,5G_Device,4G+,Heavy,8.18375,1.35272,0.00458,0.04625,9.77707
SUB9042153,2026-04-11,0.16,1.31,0.08,0.08,1,0,18-24,Postpaid_Basic,Basic_Phone,4G,Very_Light,0.1362,0.23613,0.00054,0.00436,0.37860000000000005
SUB6644807,2026-03-19,0.27,0.77,0.09,0.25,0,0,25-34,Prepaid_Daily,Mid_Range,4G,Light,0.23328,0.21525,0.00095,0.04316,0.56941
SUB2962165,2026-04-13,6.42,0.3,0.24,1.94,0,0,18-24,Postpaid_Basic,Mid_Range,4G,Heavy,5.677029999999999,0.08539,0.00244,0.12783,5.89334
SUB4674777,2026-03-29,0.47,0.25,0.18,0.3,0,1,55+,Prepaid_Daily,Premium_Smartphone,5G,Light,1.12715,0.09988,0.0031,0.047380000000000005,1.58001
SUB5965050,2026-04-05,1.59,0.2,0.57,0.99,1,0,25-34,Prepaid_Monthly,5G_Device,3G,Light,0.7521,0.02417,0.0053,0.14415,0.8998700000000001
SUB7814285,2026-03-27,1.04,1.4,0.48,0.05,0,0,45-54,Postpaid_Basic,Premium_Smartphone,4G,Light,1.23912,0.23704,0.007730000000000001,0.009210000000000001,1.57636
SUB2002021,2026-03-27,2.71,0.48,3.18,0.41,0,1,35-44,Postpaid_Unlimited,Premium_Smartphone,4G,Moderate,4.35192,0.11833,0.0599,0.05521,5.05339
SUB3664749,2026-03-30,1.61,5.68,0.92,0.59,0,0,18-24,Postpaid_Premium,Premium_Smartphone,5G,Heavy,4.62645,1.84517,0.00646,0.0428,6.4974300000000005
SUB1942639,2026-04-02,0.42,1.29,0.38,0.48,1,0,35-44,Prepaid_Monthly,Mid_Range,5G,Light,1.03318,0.38412999999999997,0.00424,0.04834,1.51783
SUB6365986,2026-04-07,1.44,2.17,0.19,0.92,0,0,35-44,Postpaid_Basic,Premium_Smartphone,5G,Moderate,3.06983,0.602,0.0030600000000000002,0.16544,3.98046
SUB6277420,2026-03-27,2.52,6.0,0.24,0.25,0,1,18-24,Prepaid_Daily,Premium_Smartphone,5G,Heavy,4.41263,1.6015599999999999,0.00292,0.04151,5.721640000000001
SUB3378837,2026-03-19,0.39,2.01,0.02,0.56,1,0,45-54,Postpaid_Basic,Mid_Range,5G,Light,0.70586,0.6889,0.00032,0.03946,1.4369
SUB9789784,2026-03-25,1.06,1.96,2.71,1.33,1,1,25-34,Postpaid_Unlimited,Mid_Range,5G,Moderate,3.6966900000000003,0.73911,0.03254,0.06301,5.09995
SUB2193982,2026-03-20,0.11,1.59,1.39,0.43,1,0,35-44,Prepaid_Monthly,5G_Device,4G+,Light,0.14032,0.48725,0.00844,0.01801,0.86514
SUB5650215,2026-04-02,1.8,0.32,0.23,0.03,1,1,18-24,Prepaid_Daily,Mid_Range,3G,Light,0.59933,0.045399999999999996,0.00269,0.0025800000000000003,0.6292300000000001
SUB5610764,2026-03-29,2.42,2.78,0.13,0.74,1,0,18-24,Postpaid_Basic,Premium_Smartphone,4G,Moderate,2.06325,0.48829,0.0016799999999999999,0.09869,2.80618
SUB5197079,2026-04-15,1.19,2.2,0.96,0.42,0,0,25-34,Prepaid_Monthly,Premium_Smartphone,4G,Light,1.0595599999999998,0.3396,0.0069299999999999995,0.06595999999999999,1.42927
SUB8069337,2026-04-05,0.67,0.52,0.67,0.54,0,1,35-44,Postpaid_Premium,Premium_Smartphone,3G,Light,0.33076,0.04164,0.00656,0.09909,0.5422899999999999
SUB6787749,2026-04-15,2.02,2.15,0.82,0.27,0,0,35-44,Prepaid_Monthly,Premium_Smartphone,4G,Moderate,1.84622,0.40469,0.015300000000000001,0.023620000000000002,2.3430999999999997
SUB4787415,2026-03-30,2.2,1.84,0.42,0.47,0,0,35-44,Postpaid_Unlimited,Mid_Range,4G,Moderate,3.47758,0.30878,0.00737,0.0847,3.54777
SUB1974303,2026-04-10,0.33,0.16,0.11,0.11,0,0,55+,Prepaid_Monthly,Mid_Range,5G,Light,0.68108,0.054299999999999994,0.00131,0.013699999999999999,0.83768
SUB6851244,2026-03-23,2.59,0.44,0.07,0.94,1,0,18-24,Postpaid_Premium,Mid_Range,4G+,Heavy,6.037859999999999,0.11555,0.0006,0.16788999999999998,5.9865699999999995
SUB6281592,2026-03-25,0.27,0.65,0.13,0.06,0,0,25-34,Prepaid_Monthly,Basic_Phone,4G,Very_Light,0.29104,0.10344,0.00165,0.00885,0.42438
SUB3133643,2026-03-27,0.21,1.33,0.12,0.14,0,1,25-34,Prepaid_Daily,Mid_Range,4G+,Light,0.30471,0.36323,0.00109,0.0083,0.74214
SUB6276776,2026-04-03,0.33,3.28,1.52,0.62,0,1,18-24,Postpaid_Basic,Premium_Smartphone,4G,Light,0.37732,0.7430800000000001,0.00867,0.12103,1.42708
SUB3514719,2026-03-28,3.2,0.91,3.92,0.02,1,0,18-24,Prepaid_Monthly,Premium_Smartphone,4G,Moderate,3.2857,0.18766,0.07506,0.0035,3.36183
SUB6831618,2026-03-31,2.97,3.11,2.84,0.01,0,1,35-44,Postpaid_Basic,Premium_Smartphone,4G,Moderate,3.0659,0.52328,0.01499,0.00156,3.43906
SUB7118900,2026-04-03,1.59,1.53,0.41,0.34,0,0,35-44,Prepaid_Monthly,Premium_Smartphone,4G,Light,1.2721099999999999,0.32391000000000003,0.00329,0.03443,1.60114
SUB2243294,2026-03-20,0.54,0.24,0.04,0.42,0,0,55+,Postpaid_Unlimited,Premium_Smartphone,4G,Light,0.75527,0.060590000000000005,0.00020999999999999998,0.06121,0.98236
SUB1797968,2026-04-07,3.65,6.0,1.43,1.81,0,1,25-34,Postpaid_Premium,Premium_Smartphone,5G,Power_User,10.160860000000001,1.83982,0.02179,0.26679,11.67507
SUB3941478,2026-04-08,0.55,1.32,0.07,0.09,0,0,35-44,Prepaid_Daily,Mid_Range,4G,Light,0.62427,0.33343,0.00049,0.00583,1.06703
SUB3788107,2026-04-16,0.19,1.65,0.74,0.09,0,0,55+,Postpaid_Premium,5G_Device,5G,Light,0.60515,0.47431,0.00574,0.00943,1.21478
SUB3679590,2026-03-30,0.33,0.08,0.03,0.29,0,1,55+,Postpaid_Basic,Basic_Phone,5G,Light,0.7742,0.02172,0.00017999999999999998,0.05171,0.8337100000000001
SUB9167575,2026-03-19,0.12,0.46,0.48,0.05,0,0,45-54,Prepaid_Daily,Mid_Range,4G,Very_Light,0.09772,0.10034,0.00657,0.0048,0.28346
SUB8420105,2026-04-09,1.99,1.29,0.64,0.23,0,0,25-34,Postpaid_Premium,5G_Device,4G,Moderate,3.51016,0.3718,0.009470000000000001,0.01021,3.92288
SUB9075042,2026-03-28,1.64,3.12,0.46,0.0,1,1,45-54,Prepaid_Monthly,5G_Device,4G,Moderate,1.3642999999999998,0.7302000000000001,0.00547,0.0,2.26357
SUB9454364,2026-03-31,0.61,0.48,0.24,0.11,0,0,35-44,Postpaid_Basic,Basic_Phone,4G,Light,0.45480000000000004,0.08734,0.00148,0.019190000000000002,0.63255
SUB5037776,2026-03-22,4.19,1.27,2.02,1.58,1,1,25-34,Postpaid_Basic,Mid_Range,4G+,Heavy,5.8282799999999995,0.40157,0.01265,0.09664,5.93402
SUB8822636,2026-04-11,0.2,0.24,0.06,0.2,0,0,35-44,Postpaid_Basic,Mid_Range,4G,Very_Light,0.15902000000000002,0.04636,0.0007199999999999999,0.02056,0.2486
SUB3202661,2026-03-29,4.6,0.57,0.63,3.06,1,1,35-44,Postpaid_Premium,Mid_Range,4G,Heavy,7.13394,0.10635,0.00752,0.18880000000000002,6.79227
SUB4976808,2026-03-23,0.85,0.78,0.32,0.18,0,0,25-34,Postpaid_Unlimited,Mid_Range,3G,Very_Light,0.39875,0.09253,0.005679999999999999,0.00948,0.5002
SUB8770032,2026-03-22,0.13,0.02,0.09,0.0,1,0,45-54,Prepaid_Daily,Basic_Phone,5G,Very_Light,0.21661000000000002,0.00528,0.00053,0.0,0.23840999999999998
SUB2985681,2026-03-20,2.89,0.81,0.87,1.49,0,0,18-24,Postpaid_Basic,5G_Device,4G,Moderate,3.3193699999999997,0.18758000000000002,0.011689999999999999,0.07209,3.97017
SUB1967344,2026-03-20,1.34,0.23,0.35,0.04,0,1,35-44,Postpaid_Basic,Mid_Range,3G,Light,0.5805499999999999,0.022789999999999998,0.00441,0.007,0.65535
SUB2502337,2026-04-13,0.89,2.12,0.06,0.47,0,0,25-34,Prepaid_Monthly,Tablet,5G,Moderate,1.5400399999999999,0.76809,0.00109,0.08496,2.24902
SUB4861774,2026-04-16,3.46,4.8,0.17,0.27,0,0,35-44,Postpaid_Unlimited,5G_Device,4G,Heavy,5.30902,0.81478,0.00099,0.05188,5.88516
SUB8775679,2026-04-15,0.61,1.52,0.94,0.3,0,1,18-24,Prepaid_Monthly,Premium_Smartphone,4G,Light,0.50957,0.36676,0.01264,0.04391,1.02576
SUB3593157,2026-04-07,0.65,0.52,0.33,0.07,0,0,18-24,Prepaid_Daily,Mid_Range,4G,Light,0.71662,0.12523,0.004690000000000001,0.00633,0.97984
SUB8019431,2026-04-01,0.76,5.69,0.13,0.47,0,0,45-54,Prepaid_Monthly,5G_Device,4G,Moderate,0.87012,1.16765,0.00102,0.03663,2.3169299999999997
SUB6369919,2026-03-23,0.81,1.42,0.14,0.01,0,1,25-34,Prepaid_Monthly,Mid_Range,4G,Light,0.72551,0.29964999999999997,0.00268,0.0011200000000000001,1.08395
SUB8586544,2026-03-19,0.25,3.23,3.25,0.07,1,0,35-44,Prepaid_Monthly,Premium_Smartphone,4G,Light,0.2476,0.7642599999999999,0.02675,0.01351,1.1304
SUB1078947,2026-04-13,2.06,4.05,0.12,0.9,1,0,18-24,Postpaid_Unlimited,Premium_Smartphone,4G+,Heavy,5.0313,0.99634,0.00083,0.15672,6.699520000000001
SUB2147417,2026-03-27,0.37,1.34,0.57,0.04,0,1,35-44,Postpaid_Basic,Mid_Range,4G,Light,0.38768,0.36075,0.0086,0.00244,0.82509
SUB3796175,2026-03-20,0.84,2.01,0.32,1.24,0,0,35-44,Prepaid_Monthly,Premium_Smartphone,4G+,Light,1.23176,0.64675,0.0028599999999999997,0.10253,1.95775
SUB5597577,2026-03-30,1.4,0.32,0.03,0.01,0,0,18-24,Prepaid_Daily,Mid_Range,4G,Light,0.9955,0.08687,0.00033,0.00069,1.1228900000000002
SUB8263776,2026-04-10,0.25,2.74,0.19,0.39,0,0,25-34,Postpaid_Unlimited,Mid_Range,5G,Light,0.78386,0.71002,0.00182,0.0162,1.4385899999999998
SUB2109970,2026-03-29,0.58,0.11,0.17,0.0,0,0,18-24,Prepaid_Monthly,Basic_Phone,5G,Light,1.0431,0.04383,0.0025800000000000003,0.0,1.01143
SUB1442939,2026-03-19,5.96,2.62,0.4,0.05,0,1,18-24,Postpaid_Premium,Premium_Smartphone,4G,Power_User,10.618229999999999,0.49959,0.00784,0.009980000000000001,11.13309
SUB1691757,2026-04-09,8.0,3.12,2.95,0.05,1,0,18-24,Postpaid_Basic,5G_Device,4G+,Heavy,9.071950000000001,1.03942,0.0219,0.00325,9.6829
SUB6396910,2026-04-06,1.31,0.71,0.77,0.11,0,0,18-24,Prepaid_Monthly,Mid_Range,4G,Light,1.3464200000000002,0.188,0.0149,0.00965,1.52315
SUB5900318,2026-03-30,0.58,0.9,1.27,0.09,0,1,25-34,Postpaid_Basic,Mid_Range,5G,Light,0.91892,0.32517,0.00701,0.01226,1.2493699999999999
SUB8026206,2026-03-20,2.09,1.84,0.16,0.25,0,0,18-24,Postpaid_Premium,5G_Device,4G,Moderate,4.03059,0.35143,0.0009,0.036289999999999996,4.47046
SUB4112261,2026-04-15,1.85,6.0,1.73,3.53,1,0,25-34,Postpaid_Basic,Premium_Smartphone,4G,Moderate,1.8064500000000001,1.2964200000000001,0.02395,0.68103,3.51925
SUB9729430,2026-04-10,0.09,0.43,2.1,0.12,0,0,35-44,Prepaid_Daily,Premium_Smartphone,4G,Very_Light,0.08954000000000001,0.10478,0.0254,0.018609999999999998,0.32074
SUB1605743,2026-03-24,0.19,0.52,0.29,0.0,0,0,25-34,Postpaid_Basic,Basic_Phone,3G,Very_Light,0.08234,0.04482,0.00206,0.0,0.15875
SUB3299820,2026-04-15,0.19,0.25,0.24,0.03,1,0,55+,Postpaid_Basic,Premium_Smartphone,3G,Very_Light,0.05877,0.0232,0.0035600000000000002,0.00265,0.14349
SUB2835932,2026-03-28,0.47,6.0,1.35,0.11,0,0,25-34,Prepaid_Monthly,5G_Device,5G,Moderate,0.85945,2.03629,0.00923,0.01597,2.9043400000000004
SUB9411159,2026-03-31,1.01,2.46,1.07,1.89,0,0,25-34,Prepaid_Monthly,Mid_Range,5G,Moderate,2.10604,0.96233,0.0123,0.20438,3.60407
SUB6551252,2026-03-28,2.27,0.53,0.12,1.14,1,0,25-34,Prepaid_Daily,5G_Device,4G,Light,1.66723,0.11736,0.0019199999999999998,0.08345,2.01234
SUB5589058,2026-03-28,5.15,0.74,0.59,0.09,0,1,25-34,Postpaid_Basic,Mid_Range,3G,Moderate,2.5313000000000003,0.08764,0.00869,0.01308,2.50642
SUB3264381,2026-04-03,1.83,2.87,0.0,0.03,0,0,25-34,Prepaid_Monthly,Premium_Smartphone,4G+,Moderate,2.37479,0.85741,0.0,0.00158,3.3730100000000003
SUB6901179,2026-04-06,0.43,0.44,0.13,0.24,0,0,55+,Postpaid_Unlimited,Mid_Range,4G,Light,0.7317899999999999,0.11611,0.00188,0.04392,1.0241900000000002
SUB2760511,2026-03-30,1.18,0.68,0.13,0.12,0,0,45-54,Prepaid_Monthly,Premium_Smartphone,4G,Light,0.97161,0.1641,0.00166,0.02096,1.1488800000000001
SUB3042361,2026-03-23,4.91,1.48,0.04,0.02,1,0,25-34,Postpaid_Basic,Premium_Smartphone,4G,Heavy,5.18823,0.40582999999999997,0.00057,0.0035800000000000003,5.830640000000001
SUB1414399,2026-04-16,1.8,2.13,0.35,0.05,1,0,18-24,Prepaid_Daily,Premium_Smartphone,4G+,Moderate,2.13282,0.42877,0.00609,0.00292,2.41864
SUB7081687,2026-04-07,1.57,0.58,0.37,0.18,0,0,25-34,Prepaid_Monthly,5G_Device,4G,Light,1.2981099999999999,0.09084,0.00623,0.01368,1.45434
SUB5926203,2026-04-11,7.92,4.84,0.08,4.19,1,0,18-24,Postpaid_Unlimited,Mid_Range,4G+,Power_User,14.54095,1.3186,0.0006,0.29735,16.23318
SUB1556831,2026-04-10,0.28,0.95,0.05,0.02,0,0,35-44,Postpaid_Premium,Basic_Phone,5G,Light,0.88086,0.36989,0.00055,0.0024500000000000004,1.40618
SUB6025764,2026-04-13,2.42,0.53,0.12,0.04,0,0,45-54,Postpaid_Basic,Mid_Range,4G,Power_User,9.056719999999999,1.6828599999999998,0.004889999999999999,0.19379,12.04785
SUB4485001,2026-04-02,3.84,2.57,0.41,0.06,0,0,25-34,Postpaid_Premium,Tablet,5G,Power_User,12.47898,0.68043,0.00647,0.00916,14.48472
SUB2386980,2026-03-31,0.73,2.43,0.96,0.21,0,0,45-54,Postpaid_Unlimited,Premium_Smartphone,4G,Light,1.2455399999999999,0.51901,0.012960000000000001,0.02576,1.97103
SUB7395021,2026-03-19,0.15,0.03,0.09,0.01,0,1,55+,Prepaid_Daily,Mid_Range,4G+,Very_Light,0.23416,0.00906,0.00066,0.00117,0.3458
SUB7429611,2026-04-09,0.79,0.69,0.67,0.6,0,0,45-54,Postpaid_Unlimited,Premium_Smartphone,4G,Light,1.4643599999999999,0.15464,0.00547,0.08115,1.7443199999999999
SUB2076941,2026-04-11,0.88,2.99,0.32,0.12,0,0,18-24,Prepaid_Monthly,Premium_Smartphone,4G,Light,0.90171,0.53327,0.00613,0.01671,1.47768
SUB6691276,2026-04-13,2.17,0.8,0.25,0.04,0,0,18-24,Postpaid_Basic,Mid_Range,3G,Light,1.02857,0.09783,0.00367,0.00575,1.24849
SUB4229028,2026-04-03,0.16,0.67,0.03,0.01,0,0,45-54,Prepaid_Daily,Mid_Range,5G,Light,0.39233999999999997,0.18455000000000002,0.00017999999999999998,0.00185,0.63617
SUB6006034,2026-03-31,0.44,0.57,0.57,0.14,0,0,35-44,Prepaid_Daily,Mid_Range,4G+,Light,0.61273,0.17893,0.00861,0.0259,0.90828
SUB9324878,2026-03-19,0.6,2.2,0.25,0.27,1,0,35-44,Postpaid_Premium,Mid_Range,4G+,Light,1.155,0.5246900000000001,0.00391,0.04829,1.89049
SUB9271330,2026-03-28,0.54,1.41,0.39,0.42,0,0,18-24,Postpaid_Premium,5G_Device,5G,Light,1.39086,0.36471,0.0033599999999999997,0.039939999999999996,1.93007
SUB7407054,2026-04-01,1.55,0.43,0.11,0.02,0,0,35-44,Prepaid_Daily,Basic_Phone,5G,Moderate,2.5561700000000003,0.16446,0.00108,0.00217,2.86221
SUB6414229,2026-03-30,0.35,5.5,0.18,0.7,0,0,25-34,Prepaid_Monthly,Mid_Range,4G,Light,0.30847,0.83284,0.00231,0.12247,1.31474
SUB1044816,2026-03-25,2.19,2.66,0.58,0.3,0,0,18-24,Postpaid_Basic,Mid_Range,4G,Moderate,1.76084,0.78285,0.00675,0.039009999999999996,2.44857
SUB7295425,2026-04-08,1.52,1.29,1.3,0.2,0,0,25-34,Prepaid_Monthly,Premium_Smartphone,5G,Moderate,3.66758,0.5110899999999999,0.01277,0.01263,4.07735
SUB9589747,2026-03-23,2.44,1.79,0.02,3.19,0,1,25-34,Postpaid_Premium,Mid_Range,5G,Power_User,9.59679,0.69669,0.00017,0.59548,11.22751
SUB7848120,2026-03-25,3.35,0.69,0.0,0.9,0,0,55+,Postpaid_Unlimited,Premium_Smartphone,4G,Moderate,4.02517,0.15563,0.0,0.11882,4.14372
SUB8660771,2026-03-29,1.39,3.11,0.3,1.47,0,0,25-34,Postpaid_Unlimited,Mid_Range,4G,Moderate,2.1418600000000003,0.75944,0.00529,0.2853,3.16688
SUB8724826,2026-03-21,0.58,2.48,0.32,0.86,0,0,18-24,Postpaid_Premium,Premium_Smartphone,4G,Light,0.6602,0.7026699999999999,0.00595,0.11159999999999999,1.68695
SUB6712044,2026-04-02,0.2,0.66,0.21,0.3,0,1,45-54,Prepaid_Monthly,Mid_Range,3G,Very_Light,0.06872,0.09245,0.0020499999999999997,0.04503,0.23357
SUB1491234,2026-03-21,0.44,0.18,0.14,0.38,0,0,45-54,Postpaid_Basic,Premium_Smartphone,4G,Light,0.49944,0.04441,0.00092,0.07219,0.62249
SUB7910957,2026-04-17,1.58,2.32,0.16,0.01,0,0,35-44,Postpaid_Unlimited,Mid_Range,5G,Heavy,5.9630600000000005,0.92311,0.00213,0.00108,7.07325
SUB7040502,2026-04-03,7.72,5.15,1.48,0.36,0,0,18-24,Postpaid_Basic,5G_Device,5G,Power_User,15.369629999999999,1.6974,0.0216,0.062450000000000006,16.419220000000003
SUB4372021,2026-03-24,1.71,2.75,0.12,0.98,0,1,55+,Postpaid_Unlimited,Premium_Smartphone,5G,Heavy,5.320729999999999,1.02301,0.00127,0.04032,6.86487
SUB2726676,2026-04-01,0.92,1.06,1.56,0.55,1,0,25-34,Prepaid_Daily,5G_Device,4G,Light,1.06919,0.25123,0.014199999999999999,0.08268,1.6236
SUB1321243,2026-03-28,0.31,1.92,0.23,0.01,0,1,18-24,Prepaid_Monthly,Premium_Smartphone,4G+,Light,0.54231,0.42002,0.00357,0.00046,0.97827
SUB8723047,2026-03-28,0.19,0.87,0.12,0.2,0,0,35-44,Postpaid_Basic,Mid_Range,4G,Light,0.219,0.24780000000000002,0.00213,0.01583,0.57613
SUB3578305,2026-04-07,1.41,1.93,0.28,0.19,0,0,18-24,Prepaid_Monthly,Premium_Smartphone,4G,Light,1.25142,0.49915,0.004690000000000001,0.03037,1.7333900000000002
SUB7925877,2026-04-03,0.52,0.33,0.16,0.62,1,1,55+,Postpaid_Premium,Mid_Range,4G,Light,0.7582000000000001,0.06104,0.00152,0.09420999999999999,0.8899199999999999
SUB9516999,2026-03-28,3.95,1.7,0.05,0.56,0,0,18-24,Prepaid_Daily,Mid_Range,4G,Moderate,4.5439799999999995,0.34188,0.00046,0.04372,4.9665
SUB2141452,2026-04-03,1.3,1.48,0.03,0.53,0,0,35-44,Prepaid_Daily,Premium_Smartphone,5G,Moderate,3.0797800000000004,0.5746100000000001,0.00055,0.06583,3.9762199999999996
SUB7984297,2026-04-13,8.0,5.82,1.39,0.38,1,0,25-34,Postpaid_Unlimited,Mid_Range,5G,Power_User,26.57041,2.0011900000000002,0.0183,0.039450000000000006,26.633490000000002
SUB1069518,2026-03-26,2.29,6.0,0.12,0.26,1,1,35-44,Postpaid_Basic,5G_Device,4G,Moderate,2.03634,0.9623700000000001,0.00148,0.04142,3.43276
SUB6386452,2026-03-22,0.76,0.4,0.08,0.07,0,0,45-54,Postpaid_Basic,Premium_Smartphone,4G+,Light,1.35022,0.13873,0.00054,0.0078,1.72111
SUB7555851,2026-03-20,0.15,0.18,0.01,0.02,0,0,35-44,Prepaid_Daily,Basic_Phone,4G+,Very_Light,0.19886,0.037950000000000005,0.00013000000000000002,0.00183,0.28655
SUB4127748,2026-03-30,0.85,1.02,0.08,0.74,0,0,18-24,Prepaid_Monthly,Mid_Range,4G+,Light,1.45268,0.3442,0.00122,0.06416,1.81877
SUB1501590,2026-04-06,0.79,0.51,0.17,0.0,1,1,45-54,Prepaid_Monthly,Mid_Range,4G,Light,0.90304,0.1017,0.00232,0.0,0.99295
SUB8467048,2026-04-13,0.72,0.32,0.75,0.15,0,1,45-54,Prepaid_Monthly,Mid_Range,4G,Light,0.7988999999999999,0.0798,0.00587,0.01093,0.97851
SUB2768967,2026-04-11,1.12,3.38,3.9,1.22,0,0,18-24,Postpaid_Unlimited,5G_Device,5G,Moderate,3.41108,0.85273,0.03407,0.0501,4.47554
SUB5101153,2026-04-09,0.35,0.49,0.26,0.18,0,0,35-44,Prepaid_Monthly,Basic_Phone,5G,Light,0.57855,0.15725,0.00212,0.01453,0.75705
SUB8412620,2026-04-15,1.03,3.27,0.19,1.08,0,1,25-34,Postpaid_Unlimited,Mid_Range,3G,Light,0.52744,0.32483,0.0028599999999999997,0.12423999999999999,1.0897999999999999
SUB7576651,2026-04-01,0.11,0.55,1.1,0.17,0,0,18-24,Prepaid_Monthly,Mid_Range,4G,Very_Light,0.10084,0.1142,0.02062,0.010029999999999999,0.32595999999999997
SUB6908635,2026-04-13,0.9,0.62,0.98,0.01,1,0,55+,Postpaid_Premium,Premium_Smartphone,4G,Light,1.5939400000000001,0.16290000000000002,0.015009999999999999,0.00186,1.75023
SUB8620520,2026-03-20,3.39,1.15,1.67,1.58,1,1,55+,Postpaid_Unlimited,5G_Device,5G,Heavy,7.12018,0.38787,0.03047,0.2965,7.30818
SUB6887774,2026-04-10,1.3,5.19,0.56,6.0,1,0,25-34,Postpaid_Basic,Premium_Smartphone,4G,Moderate,1.41285,1.26831,0.004889999999999999,0.8429800000000001,3.64593
SUB9705398,2026-04-11,0.61,4.23,0.25,1.39,0,1,35-44,Postpaid_Unlimited,Tablet,4G,Moderate,1.12071,1.01568,0.0047,0.13827,2.50189
SUB1000037,2026-04-14,0.18,0.69,0.08,0.24,0,0,25-34,Prepaid_Monthly,Premium_Smartphone,4G,Very_Light,0.20698,0.16901,0.0005,0.01635,0.42029
SUB1575278,2026-04-08,3.12,5.71,1.08,2.59,1,0,25-34,Postpaid_Premium,Premium_Smartphone,4G+,Heavy,5.60735,1.24143,0.01298,0.4128,7.65167
SUB7056095,2026-04-14,0.47,0.59,0.31,0.01,0,0,35-44,Prepaid_Daily,Premium_Smartphone,3G,Very_Light,0.17698,0.07057,0.0035499999999999998,0.00126,0.26509
SUB8806421,2026-04-03,3.48,4.77,0.56,1.21,0,1,25-34,Postpaid_Unlimited,Mid_Range,4G,Heavy,5.503640000000001,0.88875,0.010490000000000001,0.14503,6.25861
SUB6898131,2026-04-07,0.55,0.63,0.05,0.12,0,0,25-34,Postpaid_Basic,Basic_Phone,4G,Light,0.46852,0.13097,0.00028000000000000003,0.02271,0.67779
SUB3379220,2026-03-28,6.84,3.56,0.31,0.06,0,1,35-44,Postpaid_Premium,Tablet,5G,Power_User,18.781560000000002,1.14272,0.00228,0.00732,21.99707
SUB3469970,2026-04-15,2.98,0.72,0.15,0.09,0,1,35-44,Postpaid_Premium,5G_Device,4G,Moderate,3.01388,0.14073,0.00219,0.00789,3.3835
SUB7086932,2026-04-01,0.31,0.61,0.12,0.0,1,0,55+,Prepaid_Daily,5G_Device,4G,Light,0.3669,0.10615000000000001,0.00069,0.0,0.56222
SUB5654798,2026-04-10,0.64,1.16,0.1,0.59,1,0,55+,Prepaid_Monthly,Premium_Smartphone,4G,Light,0.47437,0.34314,0.0011899999999999999,0.09525,1.02446
SUB7674851,2026-03-22,1.37,0.61,0.79,0.41,0,0,25-34,Prepaid_Monthly,Tablet,4G,Light,1.35504,0.095,0.00839,0.03642,1.4593399999999999
SUB2157260,2026-04-16,1.44,0.11,0.03,0.41,0,0,18-24,Prepaid_Daily,Premium_Smartphone,3G,Light,0.56837,0.01592,0.00041999999999999996,0.07714,0.68401
SUB2600720,2026-03-22,6.18,0.89,1.25,0.42,1,1,18-24,Prepaid_Daily,Premium_Smartphone,5G,Power_User,12.78724,0.24683000000000002,0.009699999999999999,0.06445000000000001,13.57214
SUB2258624,2026-04-16,3.29,6.0,0.01,1.7,1,0,25-34,Postpaid_Premium,Premium_Smartphone,4G,Heavy,4.24034,1.43502,0.00011,0.15974000000000002,5.50186
SUB7691891,2026-03-30,0.17,1.65,0.04,0.14,0,0,18-24,Postpaid_Unlimited,Mid_Range,5G,Light,0.4709,0.46596,0.0006,0.00633,0.93774
SUB9566765,2026-03-24,4.1,1.21,0.3,0.68,1,1,35-44,Postpaid_Unlimited,Premium_Smartphone,4G+,Heavy,8.67732,0.39232999999999996,0.00454,0.11055,10.003129999999999
SUB7789329,2026-04-03,0.47,1.54,0.17,0.36,0,0,25-34,Postpaid_Basic,Tablet,4G,Light,0.35628,0.30201999999999996,0.0022299999999999998,0.054880000000000005,0.76767
SUB3729701,2026-03-20,0.94,3.15,0.11,0.24,0,0,35-44,Prepaid_Daily,Mid_Range,4G+,Moderate,1.1356300000000001,0.9422,0.0011200000000000001,0.02451,2.21061
SUB7952057,2026-04-06,5.52,1.91,0.58,0.55,1,0,35-44,Postpaid_Premium,Premium_Smartphone,4G+,Heavy,7.82303,0.42528,0.0029500000000000004,0.10679999999999999,9.2014
SUB3353847,2026-03-22,3.31,1.32,0.74,0.11,1,0,45-54,Postpaid_Basic,Premium_Smartphone,4G+,Heavy,5.27672,0.44303,0.009529999999999999,0.02188,6.24187
SUB3517626,2026-04-13,2.23,0.32,0.18,0.33,0,1,55+,Prepaid_Daily,Mid_Range,4G+,Moderate,3.89896,0.09076999999999999,0.0035299999999999997,0.04913,4.0158499999999995
SUB9790529,2026-03-27,1.94,1.38,0.65,1.02,1,0,35-44,Postpaid_Premium,Premium_Smartphone,4G,Moderate,3.2519299999999998,0.31235,0.00517,0.14793,3.4667
SUB4197418,2026-04-04,3.32,2.02,0.65,0.25,0,0,35-44,Postpaid_Basic,5G_Device,4G,Moderate,2.37778,0.38605,0.00393,0.01298,3.12442
SUB6818528,2026-04-03,1.13,4.42,0.47,0.52,0,0,18-24,Postpaid_Basic,Mid_Range,4G+,Moderate,1.65148,0.98276,0.00498,0.08593,2.7287199999999996
SUB9168326,2026-04-11,2.71,0.19,0.16,0.02,0,0,45-54,Prepaid_Daily,Premium_Smartphone,3G,Light,1.1116,0.01676,0.00158,0.0019,1.1403299999999998
SUB5883680,2026-04-04,0.06,1.19,0.21,0.15,0,0,55+,Postpaid_Premium,Mid_Range,4G+,Light,0.12134,0.33558,0.0022,0.01884,0.53975
SUB2470851,2026-03-31,0.67,0.26,0.5,0.38,0,0,35-44,Prepaid_Daily,Mid_Range,4G,Light,0.58145,0.04596,0.005679999999999999,0.04635,0.7869700000000001
SUB6236441,2026-03-26,1.47,2.53,0.02,0.16,0,1,35-44,Postpaid_Premium,Premium_Smartphone,3G,Light,0.9901,0.27363,0.00031,0.01247,1.2441900000000001
SUB6418626,2026-03-30,0.39,1.34,1.36,0.01,1,0,25-34,Postpaid_Basic,Mid_Range,5G,Light,0.69771,0.46861,0.0132,0.00183,1.3251199999999999
SUB8469344,2026-04-09,7.32,0.22,0.39,0.47,0,1,35-44,Prepaid_Monthly,Premium_Smartphone,5G,Power_User,12.77156,0.07366,0.00671,0.049229999999999996,14.232629999999999
SUB1426941,2026-03-22,2.31,1.79,0.97,0.03,0,0,18-24,Postpaid_Basic,Premium_Smartphone,4G,Moderate,2.4484899999999996,0.41558,0.007549999999999999,0.0049900000000000005,2.9131199999999997
SUB2496176,2026-03-19,0.25,1.56,0.85,0.94,0,0,45-54,Postpaid_Unlimited,5G_Device,4G,Light,0.3232,0.39337,0.01656,0.13686,1.00956
SUB6631213,2026-03-27,0.08,1.93,0.06,0.02,0,1,55+,Prepaid_Monthly,Mid_Range,4G,Very_Light,0.07490999999999999,0.33321,0.00106,0.00246,0.49272000000000005
SUB3995035,2026-03-19,0.75,1.77,0.01,0.09,0,0,35-44,Postpaid_Basic,Premium_Smartphone,4G,Light,0.5511900000000001,0.38656999999999997,0.00017,0.0127,1.0161
SUB2631993,2026-04-06,1.12,1.07,0.08,0.49,1,0,25-34,Prepaid_Daily,Mid_Range,4G,Light,1.25976,0.2641,0.00152,0.03977,1.62198
SUB6573694,2026-04-17,1.17,0.84,0.2,0.13,1,0,35-44,Postpaid_Basic,Basic_Phone,5G,Moderate,2.36605,0.23004,0.0035499999999999998,0.0253,2.43056
SUB5754895,2026-04-05,4.59,0.31,0.78,0.15,0,1,25-34,Prepaid_Daily,Premium_Smartphone,4G,Moderate,4.29632,0.08256000000000001,0.00549,0.02248,4.77109
SUB6607968,2026-04-11,1.7,2.9,0.03,2.27,1,0,25-34,Postpaid_Basic,5G_Device,4G,Moderate,1.88691,0.7108099999999999,0.00032,0.34305,3.19418
SUB9771419,2026-04-13,2.3,6.0,2.8,0.23,1,0,25-34,Postpaid_Unlimited,5G_Device,4G+,Heavy,5.23811,1.23218,0.03488,0.02305,6.519100000000001
SUB1920114,2026-04-12,0.57,0.52,0.11,0.33,1,0,55+,Postpaid_Basic,Mid_Range,4G+,Light,0.97051,0.17827,0.00128,0.0167,1.32874
SUB4823873,2026-03-21,1.07,0.3,0.18,0.86,0,0,35-44,Postpaid_Premium,Premium_Smartphone,3G,Light,0.80368,0.03563,0.00273,0.1453,1.05271
SUB1497562,2026-04-07,0.09,0.74,0.09,0.07,0,0,45-54,Prepaid_Monthly,Mid_Range,4G,Very_Light,0.10552,0.16845,0.00091,0.00691,0.30248
SUB9197590,2026-04-03,0.76,1.29,0.1,2.18,0,0,25-34,Postpaid_Unlimited,5G_Device,4G,Light,0.8915,0.33469,0.00148,0.21081999999999998,1.66651
SUB6856494,2026-03-31,1.05,1.93,0.36,0.22,1,0,35-44,Postpaid_Basic,Premium_Smartphone,4G,Light,0.8313400000000001,0.43475,0.00415,0.02168,1.3479700000000001
SUB6131131,2026-03-28,0.77,1.57,0.03,0.27,0,0,18-24,Prepaid_Monthly,Premium_Smartphone,4G,Light,0.83733,0.36694,0.0005200000000000001,0.016190000000000003,1.41459
SUB2750866,2026-03-21,0.63,1.0,0.44,0.29,0,0,25-34,Prepaid_Monthly,Mid_Range,5G,Light,1.16204,0.33148,0.007690000000000001,0.04353,1.7096900000000002
SUB2753313,2026-04-17,1.33,1.1,0.62,0.56,1,0,25-34,Postpaid_Basic,Mid_Range,4G,Light,1.3493,0.30219,0.00483,0.051609999999999996,1.9119000000000002
SUB9658144,2026-04-11,0.95,2.15,4.0,0.49,1,0,35-44,Postpaid_Premium,Premium_Smartphone,4G,Moderate,1.38299,0.39909,0.07042,0.05296,2.1848899999999998
SUB9749917,2026-04-06,3.65,1.8,0.34,0.13,0,0,18-24,Prepaid_Monthly,Premium_Smartphone,5G,Heavy,8.28851,0.58199,0.00563,0.02389,8.7817
SUB1481809,2026-04-16,0.43,0.25,0.53,0.0,0,0,55+,Prepaid_Monthly,Mid_Range,5G,Light,1.06078,0.08177,0.00337,0.0,1.1434600000000001
SUB3673705,2026-03-23,1.17,1.69,0.72,0.54,1,1,25-34,Postpaid_Unlimited,Mid_Range,4G,Moderate,1.7932000000000001,0.32027,0.00596,0.038560000000000004,2.30436
SUB6809701,2026-03-19,0.72,2.58,0.42,0.1,0,0,55+,Postpaid_Premium,5G_Device,5G,Moderate,1.9682899999999999,0.6671900000000001,0.00514,0.00844,2.50812
SUB4518920,2026-03-27,4.36,1.65,0.59,0.51,0,1,18-24,Prepaid_Daily,Premium_Smartphone,4G,Moderate,4.07249,0.47217000000000003,0.00363,0.09133,4.58582
SUB1516394,2026-04-02,0.41,3.15,0.91,0.65,0,0,25-34,Prepaid_Monthly,Premium_Smartphone,4G,Light,0.42781,0.5590499999999999,0.0157,0.06809,1.0926
SUB5849666,2026-03-22,1.59,2.13,0.19,0.65,0,0,25-34,Postpaid_Basic,Premium_Smartphone,4G,Moderate,1.67255,0.39206,0.0035299999999999997,0.0261,2.24206
SUB2224744,2026-03-31,8.0,0.69,1.14,1.1,1,1,25-34,Postpaid_Basic,5G_Device,5G,Power_User,12.26459,0.18897999999999998,0.00967,0.19956000000000002,12.45805
SUB7428099,2026-04-16,0.36,1.26,0.18,0.09,0,0,45-54,Postpaid_Premium,Mid_Range,4G,Light,0.461,0.35267000000000004,0.00254,0.01551,0.91231
SUB6690912,2026-03-21,0.83,0.53,0.14,1.05,0,1,45-54,Prepaid_Daily,5G_Device,5G,Moderate,1.85942,0.15663,0.00159,0.16803,2.3735500000000003
SUB2012384,2026-03-20,0.1,0.47,0.23,0.02,0,1,45-54,Prepaid_Daily,Mid_Range,4G,Very_Light,0.09478,0.12999000000000002,0.00318,0.00202,0.30413
SUB9994006,2026-03-23,7.69,6.0,0.68,0.24,1,0,18-24,Postpaid_Unlimited,5G_Device,4G+,Power_User,21.21748,1.74307,0.00786,0.03031,24.10375
SUB2433043,2026-04-05,1.98,0.65,1.33,0.95,0,0,18-24,Postpaid_Premium,Mid_Range,4G,Moderate,2.72035,0.11785999999999999,0.01542,0.07864,3.1001
SUB6253974,2026-03-20,0.92,1.39,0.08,0.55,0,0,45-54,Prepaid_Monthly,5G_Device,5G,Moderate,2.09579,0.42924,0.00086,0.09801,2.5789
SUB5500398,2026-04-01,8.0,6.0,1.27,3.07,1,0,18-24,Postpaid_Unlimited,5G_Device,5G,Power_User,31.41169,2.28095,0.020300000000000002,0.43697,37.43535
SUB5761515,2026-04-10,2.03,0.02,0.03,0.12,0,0,25-34,Prepaid_Daily,Mid_Range,4G,Moderate,2.30673,0.00347,0.00047999999999999996,0.01921,2.41162
SUB9446731,2026-03-20,1.6,0.2,1.19,0.42,1,0,18-24,Prepaid_Monthly,5G_Device,4G,Light,1.2656500000000002,0.055659999999999994,0.01837,0.04187,1.5863
SUB1109556,2026-03-24,2.05,0.4,0.02,0.32,0,1,18-24,Postpaid_Basic,Mid_Range,3G,Light,0.93709,0.05248,0.00016,0.04908,1.1286800000000001
SUB5778972,2026-03-31,0.62,0.98,0.64,1.72,0,0,25-34,Prepaid_Daily,5G_Device,4G,Light,0.5819500000000001,0.15543,0.0105,0.07232999999999999,0.88405
SUB2946793,2026-04-09,2.65,0.1,0.01,0.41,1,0,18-24,Prepaid_Monthly,Premium_Smartphone,4G,Moderate,2.7585900000000003,0.01866,0.0001,0.05987,2.92623
SUB9959601,2026-04-02,0.38,0.75,2.47,0.21,1,0,25-34,Prepaid_Monthly,Mid_Range,4G+,Light,0.51649,0.18835,0.04641,0.01269,0.9269
SUB1823837,2026-04-17,0.34,0.08,0.05,0.02,1,0,55+,Postpaid_Premium,Basic_Phone,4G,Light,0.64901,0.02264,0.00098,0.0028,0.68853
SUB7401391,2026-04-08,0.28,0.42,0.03,0.03,0,0,55+,Prepaid_Monthly,Mid_Range,3G,Very_Light,0.13211,0.05699,0.00020999999999999998,0.0049900000000000005,0.21425999999999998
SUB3027320,2026-03-27,8.0,5.32,0.84,1.54,0,1,25-34,Postpaid_Unlimited,Premium_Smartphone,5G,Power_User,21.0815,1.56148,0.008060000000000001,0.14382,24.23243
SUB7689558,2026-04-01,0.09,0.65,0.02,0.0,0,0,45-54,Postpaid_Basic,Mid_Range,4G+,Very_Light,0.14262,0.19491999999999998,0.00033,0.0,0.39027999999999996
SUB8073575,2026-04-11,2.46,0.83,2.29,0.75,1,0,25-34,Postpaid_Basic,Mid_Range,5G,Moderate,3.95587,0.21484999999999999,0.023850000000000003,0.03921,4.15374
SUB1365750,2026-04-03,0.6,1.75,1.01,0.83,1,1,45-54,Postpaid_Premium,Premium_Smartphone,5G,Light,1.29052,0.45466,0.006679999999999999,0.06612,2.01053
SUB5461918,2026-04-02,1.53,3.59,1.24,0.29,1,1,25-34,Postpaid_Basic,Premium_Smartphone,4G,Moderate,1.5915,1.0525,0.024300000000000002,0.02583,2.8697
SUB7282444,2026-03-30,6.12,2.23,0.32,0.02,0,1,45-54,Postpaid_Premium,5G_Device,5G,Power_User,17.266569999999998,0.60937,0.00321,0.00372,16.883020000000002
SUB5909047,2026-04-04,1.54,1.01,0.71,0.11,0,0,35-44,Postpaid_Basic,5G_Device,4G,Light,1.47604,0.16484000000000001,0.0067800000000000004,0.01878,1.7801500000000001
SUB2636617,2026-03-27,0.34,0.76,0.11,0.02,0,0,45-54,Prepaid_Daily,Mid_Range,3G,Very_Light,0.12265999999999999,0.10698,0.00055,0.00297,0.25894
SUB1735053,2026-04-17,1.3,1.32,0.3,0.94,1,1,35-44,Prepaid_Monthly,Premium_Smartphone,4G+,Moderate,1.55479,0.41783,0.0034500000000000004,0.05479,2.26735
SUB7921983,2026-04-01,0.04,0.27,0.16,0.55,1,1,45-54,Postpaid_Basic,Basic_Phone,4G+,Very_Light,0.04373,0.08125,0.00262,0.02623,0.18227000000000002
SUB1012879,2026-04-04,0.54,3.14,0.66,0.1,0,0,25-34,Prepaid_Daily,Mid_Range,4G+,Light,0.80372,0.9740800000000001,0.0088,0.01199,2.02451
SUB4541815,2026-04-17,0.19,1.33,0.42,0.21,0,0,55+,Postpaid_Unlimited,Premium_Smartphone,4G,Light,0.30765,0.39083999999999997,0.00752,0.03334,0.8360599999999999
SUB3906405,2026-03-30,0.86,0.36,0.04,0.15,0,1,35-44,Prepaid_Monthly,Mid_Range,4G,Light,0.67911,0.06859,0.0005899999999999999,0.01723,0.89052
SUB2138452,2026-03-21,7.92,5.81,0.74,2.0,0,0,25-34,Postpaid_Unlimited,Premium_Smartphone,4G+,Power_User,13.69488,1.1973,0.011460000000000001,0.2727,15.5615
SUB2726681,2026-04-01,1.11,1.78,0.08,0.06,1,0,45-54,Postpaid_Premium,Mid_Range,3G,Light,0.50866,0.22557,0.00127,0.007940000000000001,0.77388
SUB6507298,2026-04-14,2.48,3.81,1.61,0.36,0,1,25-34,Postpaid_Unlimited,5G_Device,3G,Light,1.21373,0.37636000000000003,0.02401,0.06958,1.91228
SUB5954582,2026-04-11,1.3,4.57,1.7,1.0,1,0,25-34,Postpaid_Premium,Mid_Range,4G,Moderate,1.80025,1.25316,0.01397,0.09233,3.4145100000000004
SUB6459501,2026-04-01,0.49,0.17,0.01,0.08,0,0,55+,Prepaid_Daily,Premium_Smartphone,3G,Very_Light,0.24427000000000001,0.01751,0.00016,0.00747,0.32714
SUB4066461,2026-03-24,1.9,1.78,0.49,0.78,0,0,45-54,Postpaid_Premium,Mid_Range,3G,Light,1.3906500000000002,0.19566999999999998,0.0079,0.11863,1.87067
SUB2195344,2026-03-19,0.37,0.9,0.49,0.01,0,1,35-44,Prepaid_Daily,Mid_Range,4G+,Light,0.43548000000000003,0.1837,0.009130000000000001,0.00189,0.7525499999999999
SUB1605750,2026-04-17,1.08,0.83,1.18,0.58,0,0,35-44,Postpaid_Basic,Premium_Smartphone,4G+,Light,1.2790899999999998,0.25133,0.02081,0.11001999999999999,1.59482
SUB3791241,2026-03-24,1.33,3.98,4.0,0.12,0,1,35-44,Postpaid_Premium,Mid_Range,5G,Moderate,3.12448,1.5630899999999999,0.03807,0.00636,5.0537399999999995
SUB1089743,2026-03-27,0.82,6.0,0.39,0.57,0,0,35-44,Postpaid_Basic,Mid_Range,4G+,Moderate,1.46578,2.0508800000000003,0.0067,0.08393,3.32165
SUB7825687,2026-04-04,6.15,3.5,0.37,0.56,1,0,25-34,Postpaid_Unlimited,5G_Device,4G,Power_User,9.32172,0.89608,0.00376,0.05131,10.34715
SUB7709914,2026-04-12,0.3,6.0,0.19,0.91,0,1,35-44,Postpaid_Premium,Mid_Range,4G+,Moderate,0.6707799999999999,2.03903,0.00132,0.14452,2.77456
SUB7090007,2026-03-28,0.87,0.59,0.25,0.15,1,0,25-34,Prepaid_Monthly,Mid_Range,3G,Very_Light,0.26444,0.07119,0.00147,0.020079999999999997,0.39176
SUB8208387,2026-04-03,0.36,3.34,0.8,0.54,0,1,35-44,Prepaid_Monthly,5G_Device,4G+,Light,0.39825,1.1306500000000002,0.00479,0.03343,1.7638900000000002
SUB3605214,2026-04-02,0.19,0.1,0.08,0.01,0,0,55+,Postpaid_Basic,Basic_Phone,5G,Very_Light,0.41202999999999995,0.03358,0.0013700000000000001,0.00108,0.436
SUB6371159,2026-03-19,0.11,1.13,0.0,0.07,0,1,45-54,Postpaid_Basic,5G_Device,4G,Light,0.09697,0.31518,0.0,0.011869999999999999,0.57924
SUB3057244,2026-04-08,0.5,1.63,0.07,0.04,1,0,55+,Prepaid_Daily,Premium_Smartphone,5G,Light,0.7916,0.60778,0.00078,0.00229,1.6929100000000001
SUB6227541,2026-03-29,0.02,0.35,0.7,0.09,0,0,25-34,Postpaid_Basic,Basic_Phone,4G,Very_Light,0.01813,0.10221,0.008960000000000001,0.0091,0.16645
SUB5312717,2026-03-29,5.79,5.21,2.69,0.14,1,1,18-24,Postpaid_Unlimited,Premium_Smartphone,4G,Power_User,10.067590000000001,0.873,0.05062,0.02016,10.40216
SUB9965003,2026-03-22,0.75,3.29,0.12,0.75,1,0,25-34,Postpaid_Premium,Premium_Smartphone,3G,Light,0.45724000000000004,0.32612,0.00204,0.097,0.92576
SUB9918562,2026-03-30,0.43,2.59,0.52,0.45,1,0,25-34,Prepaid_Monthly,Mid_Range,5G,Light,0.66595,0.7444700000000001,0.0057,0.04118,1.61099
SUB6107385,2026-04-15,0.46,1.27,0.04,0.2,0,1,18-24,Postpaid_Basic,Mid_Range,4G,Light,0.51789,0.37891,0.0005,0.02875,0.9479299999999999
SUB9136537,2026-03-31,0.39,5.52,1.69,2.14,0,0,25-34,Prepaid_Monthly,5G_Device,4G,Light,0.28448,1.3086900000000001,0.03327,0.27570999999999996,2.03613
SUB4867500,2026-04-09,2.15,0.76,0.14,1.19,0,0,18-24,Prepaid_Monthly,Mid_Range,4G+,Moderate,2.97579,0.23616,0.0020499999999999997,0.21957,3.30707
SUB3862750,2026-04-16,0.8,0.69,0.03,0.02,0,1,35-44,Prepaid_Daily,Mid_Range,4G,Light,0.8554400000000001,0.10553,0.00055,0.00114,1.11325
SUB2337768,2026-03-21,0.05,0.48,0.04,0.13,0,0,18-24,Prepaid_Daily,Basic_Phone,3G,Very_Light,0.02105,0.05607,0.00073,0.017,0.10726999999999999
SUB6615829,2026-04-16,0.74,4.28,0.13,0.23,0,0,18-24,Postpaid_Premium,Premium_Smartphone,4G,Light,0.8625,0.7634500000000001,0.0008100000000000001,0.01106,1.62675
SUB4357679,2026-03-20,0.42,2.05,0.09,0.02,1,0,25-34,Postpaid_Basic,Mid_Range,4G+,Light,0.46756,0.6732,0.00113,0.00368,1.18183
SUB4376513,2026-04-03,3.26,0.38,0.12,1.17,0,0,18-24,Postpaid_Premium,Mid_Range,3G,Moderate,2.32703,0.03518,0.00121,0.19925,2.5249800000000002
SUB7908531,2026-03-25,0.24,0.07,0.0,0.42,0,0,55+,Prepaid_Monthly,Mid_Range,5G,Light,0.43606,0.0252,0.0,0.030170000000000002,0.58147
SUB9074308,2026-04-16,0.78,0.81,0.07,0.15,0,0,45-54,Postpaid_Basic,Mid_Range,4G+,Light,1.28776,0.19028,0.0009599999999999999,0.02489,1.53657
SUB8224589,2026-03-23,4.72,0.99,3.69,0.46,1,1,25-34,Postpaid_Premium,Premium_Smartphone,4G,Power_User,9.83019,0.25632,0.03243,0.07324,11.3583
SUB8950630,2026-04-12,0.84,0.55,0.32,0.51,0,0,18-24,Prepaid_Monthly,5G_Device,3G,Light,0.40296,0.08234,0.00411,0.04938,0.5465
SUB4001179,2026-04-01,1.58,5.77,0.67,1.1,1,0,35-44,Postpaid_Premium,Premium_Smartphone,4G,Moderate,2.36486,1.52748,0.004889999999999999,0.09275,4.288810000000001
SUB8084335,2026-03-22,0.24,0.06,0.69,0.05,0,0,18-24,Postpaid_Basic,Basic_Phone,4G,Very_Light,0.17968,0.01148,0.00532,0.00497,0.23803
SUB4344849,2026-03-25,1.08,1.06,0.86,0.05,0,0,35-44,Prepaid_Monthly,Tablet,4G+,Light,1.66353,0.28025,0.01705,0.007030000000000001,2.04352
SUB1964795,2026-03-21,3.08,0.37,0.56,0.83,1,0,25-34,Prepaid_Daily,Premium_Smartphone,5G,Heavy,6.90447,0.14258,0.00789,0.03583,7.2908800000000005
SUB2985196,2026-04-08,6.21,1.3,2.7,0.45,0,1,25-34,Postpaid_Premium,Premium_Smartphone,4G,Heavy,7.99659,0.20479,0.03662,0.06819,8.36038
SUB6626211,2026-04-12,1.52,2.04,0.34,1.41,0,0,35-44,Postpaid_Basic,Premium_Smartphone,4G+,Moderate,1.75409,0.51718,0.00661,0.11829,2.6698600000000003
SUB4318843,2026-04-08,2.08,0.21,0.33,0.34,0,0,25-34,Postpaid_Premium,Basic_Phone,4G,Moderate,3.32564,0.05098,0.00531,0.047729999999999995,3.52188
SUB2100567,2026-04-14,0.04,0.69,0.13,0.17,1,0,25-34,Prepaid_Monthly,Mid_Range,3G,Very_Light,0.016210000000000002,0.10176,0.0024100000000000002,0.02591,0.16144
SUB5424507,2026-04-16,0.66,0.95,0.48,0.12,0,1,35-44,Postpaid_Basic,Mid_Range,4G,Light,0.73041,0.18766999999999998,0.00596,0.00588,1.0372999999999999
SUB1633389,2026-04-09,0.39,0.57,0.12,0.07,0,0,45-54,Prepaid_Monthly,Basic_Phone,5G,Light,0.74794,0.21456,0.00235,0.0099,1.0157
SUB9284960,2026-04-10,7.57,0.73,0.04,1.71,1,0,18-24,Postpaid_Basic,5G_Device,5G,Power_User,15.90266,0.22884000000000002,0.00047999999999999996,0.14426,17.21825
SUB3275598,2026-03-31,0.08,0.48,0.01,0.05,0,0,35-44,Postpaid_Premium,Basic_Phone,5G,Very_Light,0.24512,0.12513,0.00016,0.00246,0.40991000000000005
SUB8293708,2026-03-24,0.65,1.46,0.15,0.13,1,0,35-44,Postpaid_Unlimited,Mid_Range,4G,Light,0.9547100000000001,0.37810000000000005,0.00093,0.00692,1.31041
SUB5028604,2026-03-23,5.87,4.46,0.05,0.11,0,0,18-24,Postpaid_Unlimited,5G_Device,4G,Heavy,6.605359999999999,0.69216,0.00094,0.01587,6.88469
SUB3934317,2026-04-09,8.0,4.34,0.34,1.39,0,0,35-44,Postpaid_Premium,Premium_Smartphone,4G+,Power_User,13.0746,1.46536,0.00199,0.27502,14.667309999999999
SUB3382962,2026-04-04,0.4,1.11,0.27,0.66,0,0,35-44,Postpaid_Basic,Mid_Range,4G,Light,0.32896,0.20525,0.00434,0.06868,0.6081599999999999
SUB5476321,2026-03-25,0.4,0.86,0.45,0.27,1,1,35-44,Prepaid_Monthly,Premium_Smartphone,3G,Very_Light,0.12566,0.07413,0.00368,0.045090000000000005,0.34388
SUB8097065,2026-03-30,0.24,1.37,1.28,0.05,0,0,25-34,Postpaid_Unlimited,Mid_Range,4G,Light,0.34423000000000004,0.20835,0.01767,0.00276,0.65714
SUB2554205,2026-04-17,4.15,0.59,1.32,4.02,0,0,25-34,Postpaid_Basic,Tablet,4G,Moderate,3.1018600000000003,0.16869,0.01175,0.57402,3.57618
SUB5443778,2026-04-04,0.45,0.96,0.19,0.25,1,1,25-34,Prepaid_Monthly,Mid_Range,4G,Light,0.51846,0.15921000000000002,0.0034,0.01193,0.78366
SUB1285356,2026-04-04,0.37,0.91,0.67,0.07,0,0,35-44,Prepaid_Daily,Tablet,3G,Very_Light,0.16653,0.0828,0.010199999999999999,0.00377,0.33394
SUB5774183,2026-04-02,0.65,1.57,0.09,0.37,1,0,45-54,Prepaid_Monthly,5G_Device,4G,Light,0.54306,0.26865,0.00164,0.02563,0.9759500000000001
SUB6517366,2026-03-30,0.84,3.26,0.62,0.18,0,1,25-34,Prepaid_Daily,Premium_Smartphone,4G,Moderate,0.99195,0.8420700000000001,0.00707,0.011609999999999999,2.0884899999999997
SUB4300335,2026-04-01,2.71,2.0,0.66,1.12,0,1,25-34,Postpaid_Basic,Premium_Smartphone,4G,Moderate,2.41536,0.47626,0.00835,0.11584,3.3553
SUB2223045,2026-03-28,2.42,1.7,1.1,1.85,0,0,18-24,Postpaid_Basic,Mid_Range,4G,Moderate,2.13911,0.35807,0.014539999999999999,0.11991,2.85668
SUB3381486,2026-03-19,6.71,0.41,0.59,0.36,0,1,18-24,Postpaid_Basic,Premium_Smartphone,4G+,Heavy,8.97759,0.13552,0.00797,0.024329999999999997,8.90779
SUB5199591,2026-03-26,6.81,1.8,1.71,0.59,0,1,18-24,Postpaid_Premium,5G_Device,4G+,Power_User,13.44338,0.37804000000000004,0.01459,0.08045999999999999,14.7544
SUB1261420,2026-03-27,1.01,3.08,0.43,0.48,0,0,25-34,Postpaid_Basic,Premium_Smartphone,4G+,Moderate,1.80369,0.84639,0.00261,0.06037,2.77701
SUB1954227,2026-03-23,2.54,3.69,0.17,0.0,0,0,25-34,Postpaid_Unlimited,Mid_Range,5G,Heavy,8.6684,1.09695,0.00313,0.0,9.69537
SUB6538166,2026-04-10,0.17,0.38,0.18,0.2,0,0,25-34,Prepaid_Daily,5G_Device,5G,Light,0.40114,0.11608,0.00136,0.01918,0.63017
SUB1212204,2026-04-04,0.39,2.98,0.05,0.23,0,1,25-34,Prepaid_Monthly,5G_Device,4G,Light,0.33166,0.47455,0.00039,0.01695,0.96061
SUB7640981,2026-04-17,0.25,2.38,0.07,0.31,1,0,35-44,Prepaid_Monthly,Premium_Smartphone,4G,Light,0.27384,0.58873,0.00078,0.04852,1.03633
SUB5254849,2026-04-13,0.73,2.95,0.24,0.21,0,1,35-44,Postpaid_Premium,Mid_Range,4G+,Moderate,1.8938499999999998,0.99522,0.00228,0.01107,2.78257
SUB7484427,2026-04-17,0.11,1.09,0.16,0.1,1,0,25-34,Postpaid_Basic,Basic_Phone,5G,Light,0.22444,0.40922000000000003,0.00163,0.019710000000000002,0.76858
SUB8738866,2026-03-22,0.85,2.78,0.09,1.06,0,0,25-34,Prepaid_Monthly,Mid_Range,4G,Light,0.73123,0.44227,0.00165,0.10837999999999999,1.34927
SUB2829553,2026-03-23,1.9,0.98,1.28,0.23,1,1,35-44,Postpaid_Premium,Mid_Range,3G,Light,1.46239,0.10103,0.02284,0.03571,1.65276
SUB6447483,2026-03-23,0.62,0.91,0.81,0.08,0,0,18-24,Prepaid_Daily,Mid_Range,5G,Light,1.33264,0.25440999999999997,0.01285,0.00587,1.55032
SUB6131547,2026-04-05,1.22,1.3,0.03,0.45,0,0,25-34,Postpaid_Premium,Mid_Range,4G,Moderate,2.1092,0.30001,0.00028000000000000003,0.03168,2.67407
SUB9323735,2026-03-20,2.41,6.0,0.14,1.96,0,1,25-34,Postpaid_Premium,Premium_Smartphone,5G,Heavy,6.82965,2.0655799999999997,0.00204,0.32725,9.28682
SUB5412903,2026-03-19,0.22,1.13,0.08,0.0,0,1,55+,Postpaid_Basic,Mid_Range,4G,Very_Light,0.22926,0.17508,0.00058,0.0,0.47422000000000003
SUB2311629,2026-03-27,1.33,0.61,0.28,0.08,1,0,45-54,Postpaid_Premium,Mid_Range,4G,Light,1.6294300000000002,0.13391999999999998,0.00541,0.012369999999999999,1.89802
SUB2222869,2026-04-05,3.9,5.07,1.32,0.32,1,0,25-34,Prepaid_Daily,5G_Device,4G,Moderate,3.75683,1.03586,0.02545,0.05467,4.7244399999999995
SUB1978536,2026-04-09,2.04,0.54,0.04,0.21,0,0,45-54,Prepaid_Monthly,Premium_Smartphone,4G,Moderate,2.34321,0.15719,0.00037,0.01594,2.5414
SUB6410812,2026-03-26,0.96,1.1,0.15,0.0,0,0,35-44,Prepaid_Monthly,Mid_Range,4G,Light,0.8978400000000001,0.2969,0.0009699999999999999,0.0,1.23269
SUB3727423,2026-03-25,8.0,1.59,0.55,0.94,0,1,25-34,Postpaid_Premium,5G_Device,5G,Power_User,23.83559,0.49144,0.00783,0.10128,24.05573
SUB9045021,2026-03-25,1.59,3.24,0.7,1.36,0,0,18-24,Postpaid_Premium,5G_Device,5G,Heavy,5.60353,1.176,0.00916,0.06252,6.53676
SUB6353912,2026-04-15,3.47,1.74,0.61,0.5,0,0,35-44,Postpaid_Premium,Premium_Smartphone,3G,Moderate,1.70198,0.25883,0.008539999999999999,0.04133,2.22765
SUB4086176,2026-04-05,0.56,1.61,0.49,1.12,1,0,35-44,Postpaid_Unlimited,Premium_Smartphone,4G,Light,0.73473,0.25987,0.00939,0.11215,1.19426
SUB1312051,2026-03-19,1.02,0.4,0.33,0.07,0,0,55+,Postpaid_Unlimited,Mid_Range,4G,Moderate,1.9693,0.10701999999999999,0.0033399999999999997,0.01053,2.2134
SUB4481591,2026-04-14,6.31,0.54,0.17,6.0,0,1,25-34,Postpaid_Premium,Mid_Range,5G,Power_User,18.57374,0.18483000000000002,0.00244,0.54553,21.3143
SUB8150265,2026-03-24,0.58,0.84,0.66,0.24,0,0,25-34,Prepaid_Monthly,Premium_Smartphone,4G,Light,0.67225,0.20211,0.00404,0.014539999999999999,0.90062
SUB9648035,2026-04-15,1.31,0.4,4.0,0.41,0,1,25-34,Postpaid_Unlimited,Mid_Range,4G,Light,1.57864,0.07475,0.055920000000000004,0.053149999999999996,1.72087
SUB9852545,2026-03-23,1.07,0.75,1.27,0.64,0,0,18-24,Postpaid_Basic,Mid_Range,4G,Light,0.79648,0.13488999999999998,0.0116,0.054299999999999994,1.0628900000000001
SUB8887372,2026-04-11,0.63,0.89,0.2,0.33,0,1,25-34,Prepaid_Monthly,Mid_Range,4G,Light,0.5880299999999999,0.17753,0.00202,0.05589,0.80686
SUB4690583,2026-04-06,0.27,0.86,0.07,0.31,0,0,55+,Prepaid_Monthly,Premium_Smartphone,5G,Light,0.5422,0.26163,0.00107,0.0378,1.02803
SUB8903402,2026-03-29,1.26,0.58,0.29,0.1,0,0,25-34,Postpaid_Basic,Mid_Range,3G,Light,0.53738,0.07434,0.00172,0.01208,0.61811
SUB2178049,2026-04-15,1.57,0.09,0.15,0.3,1,0,18-24,Postpaid_Basic,Basic_Phone,4G,Light,1.5469300000000001,0.01777,0.0016,0.03362,1.75022
SUB5361862,2026-04-02,0.45,1.68,0.3,1.1,0,1,25-34,Postpaid_Premium,Mid_Range,3G,Light,0.24283000000000002,0.15281999999999998,0.00249,0.18738999999999997,0.6168899999999999
SUB3472189,2026-03-23,0.09,0.59,0.09,0.37,1,0,55+,Prepaid_Monthly,5G_Device,4G+,Very_Light,0.13955,0.12049,0.0007700000000000001,0.033030000000000004,0.39659
SUB5435786,2026-04-14,0.32,0.1,0.06,0.01,0,0,45-54,Prepaid_Daily,Basic_Phone,4G,Very_Light,0.38244,0.0177,0.00067,0.00145,0.41439
SUB5155479,2026-04-16,0.14,0.63,0.24,0.25,0,1,25-34,Postpaid_Basic,Basic_Phone,5G,Light,0.31605,0.23928,0.0028599999999999997,0.03986,0.6802699999999999
SUB5315596,2026-04-08,5.79,2.72,0.24,0.74,0,0,18-24,Postpaid_Premium,5G_Device,4G,Heavy,6.81462,0.56172,0.00437,0.10876000000000001,8.10083
SUB4584702,2026-03-19,1.24,1.44,0.84,1.31,0,1,45-54,Prepaid_Daily,Premium_Smartphone,4G+,Moderate,1.93898,0.36557,0.015519999999999999,0.22344,2.56679
SUB7960698,2026-03-21,1.42,0.76,0.42,0.0,0,0,18-24,Prepaid_Monthly,Mid_Range,5G,Moderate,3.42896,0.28797,0.0024500000000000004,0.0,3.52885
SUB1978836,2026-04-02,0.17,0.11,0.05,0.01,0,0,45-54,Postpaid_Premium,Basic_Phone,4G+,Very_Light,0.28169,0.03473,0.00099,0.00141,0.36923
SUB3417209,2026-04-14,4.05,0.97,0.62,1.09,1,0,18-24,Prepaid_Monthly,Premium_Smartphone,4G,Moderate,3.8685500000000004,0.147,0.008400000000000001,0.052700000000000004,4.3982399999999995
SUB2378148,2026-04-12,1.62,0.87,0.26,0.19,0,0,25-34,Prepaid_Daily,Premium_Smartphone,4G,Light,1.46355,0.16394999999999998,0.00215,0.03748,1.56411
SUB9882600,2026-04-05,0.35,0.96,0.18,0.34,0,0,18-24,Postpaid_Unlimited,Mid_Range,4G,Light,0.51435,0.24430000000000002,0.0011899999999999999,0.0254,0.76755
SUB5962140,2026-03-27,4.18,1.94,1.27,0.43,0,0,25-34,Postpaid_Basic,5G_Device,3G,Moderate,1.9009500000000001,0.19791,0.00836,0.05136,2.3006599999999997
SUB8899151,2026-03-19,0.03,0.29,0.02,0.04,1,1,55+,Prepaid_Monthly,Basic_Phone,4G+,Very_Light,0.03593,0.0906,0.00016,0.00764,0.16671
SUB5396720,2026-04-16,4.82,2.8,2.26,0.39,1,0,35-44,Postpaid_Premium,5G_Device,4G,Heavy,6.03822,0.7907000000000001,0.02159,0.04348,7.4191400000000005
SUB8869815,2026-03-29,0.31,2.99,0.31,0.17,0,0,35-44,Prepaid_Monthly,Premium_Smartphone,5G,Light,0.67312,0.81748,0.00227,0.016730000000000002,1.45314
SUB2043423,2026-03-27,0.37,0.49,0.99,0.01,0,1,55+,Prepaid_Monthly,Tablet,4G,Light,0.30591,0.10815000000000001,0.01574,0.00094,0.5815499999999999
SUB4191319,2026-04-10,6.06,2.26,0.51,1.98,0,0,25-34,Postpaid_Premium,Tablet,4G,Heavy,7.963,0.40119,0.00915,0.20561000000000001,8.49479
SUB8006454,2026-04-10,0.88,1.0,0.37,0.41,1,1,25-34,Prepaid_Daily,Mid_Range,5G,Moderate,1.44116,0.31689,0.00587,0.07829000000000001,2.17141
SUB2500134,2026-03-22,2.87,0.53,0.61,0.66,1,0,25-34,Prepaid_Daily,Premium_Smartphone,5G,Heavy,4.544479999999999,0.21037,0.00886,0.12609,5.4979
SUB6316741,2026-04-13,0.41,1.24,0.23,0.05,0,0,55+,Postpaid_Basic,Premium_Smartphone,5G,Light,0.89395,0.42264999999999997,0.00267,0.0055899999999999995,1.5658299999999998
SUB6494339,2026-04-15,1.62,1.17,0.16,0.72,0,0,18-24,Postpaid_Basic,Mid_Range,4G+,Moderate,2.73876,0.32395999999999997,0.0029500000000000004,0.12418000000000001,3.39663
SUB1944353,2026-04-06,0.36,0.84,0.25,0.22,0,0,18-24,Prepaid_Daily,Mid_Range,4G+,Light,0.42961,0.17523,0.00429,0.00931,0.69435
SUB5817167,2026-03-23,0.34,2.15,0.01,0.05,0,0,25-34,Postpaid_Basic,Mid_Range,4G,Light,0.28234,0.6435299999999999,5.9999999999999995e-05,0.00382,0.9933
SUB3233706,2026-04-11,0.84,1.26,0.25,0.57,1,0,35-44,Postpaid_Basic,Mid_Range,3G,Light,0.35799000000000003,0.18653999999999998,0.00131,0.07809,0.66438
SUB9885048,2026-03-21,0.04,0.15,0.05,0.16,0,1,55+,Prepaid_Daily,Mid_Range,4G,Very_Light,0.02877,0.038689999999999995,0.00085,0.011300000000000001,0.12941999999999998
SUB4822069,2026-03-20,1.22,0.79,0.21,1.79,0,0,18-24,Prepaid_Monthly,5G_Device,5G,Moderate,2.84943,0.2117,0.0033799999999999998,0.29719999999999996,3.41535
SUB2135964,2026-04-12,2.12,6.0,0.95,0.82,0,0,25-34,Postpaid_Unlimited,5G_Device,4G+,Heavy,4.755520000000001,1.75421,0.008539999999999999,0.10773999999999999,6.56521
SUB8736085,2026-04-16,0.65,0.6,0.11,1.27,0,0,35-44,Postpaid_Basic,Mid_Range,5G,Light,1.05209,0.18734,0.001,0.11283,1.44762
SUB1388076,2026-03-25,3.94,1.1,1.01,1.26,0,0,35-44,Postpaid_Basic,Premium_Smartphone,5G,Heavy,6.93764,0.37503,0.00801,0.2241,7.141979999999999
SUB1953122,2026-04-08,1.0,2.89,1.42,0.23,0,0,25-34,Prepaid_Daily,5G_Device,4G,Light,0.94699,0.45275,0.01016,0.01107,1.47108
SUB9803235,2026-03-25,1.57,0.74,0.07,0.1,0,0,18-24,Prepaid_Daily,Mid_Range,5G,Moderate,2.84173,0.23695,0.00062,0.01776,3.42707
SUB1494955,2026-04-15,0.64,1.23,0.1,0.24,0,0,25-34,Prepaid_Monthly,Premium_Smartphone,4G,Light,0.61023,0.2931,0.00066,0.02312,0.96777
SUB8303693,2026-04-06,0.57,0.42,0.12,0.57,0,0,35-44,Prepaid_Monthly,Mid_Range,3G,Very_Light,0.17443999999999998,0.04109,0.00067,0.07683,0.33461
SUB2644173,2026-04-13,6.15,0.94,0.03,0.27,0,0,18-24,Postpaid_Basic,5G_Device,3G,Moderate,3.01086,0.10031,0.00044,0.025920000000000002,3.16902
SUB6232651,2026-03-24,4.54,3.7,1.98,0.24,0,1,18-24,Postpaid_Unlimited,Premium_Smartphone,3G,Moderate,3.14418,0.45817,0.02525,0.01285,3.86179
SUB5642681,2026-03-30,0.12,1.61,0.19,0.14,0,0,45-54,Prepaid_Daily,Tablet,4G+,Light,0.16305,0.46785000000000004,0.00111,0.0078,0.701
SUB2740584,2026-04-17,6.19,1.0,1.84,0.4,1,0,35-44,Postpaid_Unlimited,Mid_Range,5G,Power_User,15.255510000000001,0.25877,0.02732,0.05656,16.35635
SUB3870574,2026-03-30,8.0,3.51,0.41,1.2,1,1,25-34,Postpaid_Basic,Tablet,4G,Heavy,6.24659,0.8279299999999999,0.0040999999999999995,0.16190000000000002,7.55562
SUB5728007,2026-04-07,2.28,3.56,0.25,0.18,1,1,18-24,Prepaid_Daily,Premium_Smartphone,4G+,Moderate,2.44899,0.76377,0.00281,0.02784,3.13448
SUB5935371,2026-04-02,1.65,0.77,0.11,2.47,0,0,25-34,Prepaid_Monthly,Premium_Smartphone,4G,Moderate,1.68039,0.14594,0.00123,0.27743,2.14507
SUB7636393,2026-03-27,0.17,0.87,0.12,0.22,0,0,35-44,Prepaid_Monthly,Mid_Range,4G,Very_Light,0.12746,0.18118,0.00148,0.04328,0.38126
SUB3342035,2026-04-10,0.25,0.17,0.67,0.67,0,0,25-34,Prepaid_Monthly,Premium_Smartphone,3G,Very_Light,0.09654,0.02465,0.00547,0.08170999999999999,0.28305
SUB3591822,2026-04-16,0.93,2.54,0.74,0.04,1,1,35-44,Postpaid_Premium,Mid_Range,4G+,Moderate,1.8283099999999999,0.5255599999999999,0.00786,0.0027,2.35783
SUB6895544,2026-04-01,0.24,1.81,0.56,0.08,0,0,25-34,Postpaid_Unlimited,Basic_Phone,5G,Light,0.67834,0.57033,0.00505,0.012060000000000001,1.24044
SUB1302186,2026-04-08,0.18,0.03,0.28,0.05,0,0,55+,Postpaid_Premium,Basic_Phone,4G,Very_Light,0.28131,0.00813,0.0028399999999999996,0.00792,0.30598000000000003
SUB8983823,2026-03-19,0.34,0.44,0.09,0.01,1,1,45-54,Postpaid_Basic,Mid_Range,4G,Very_Light,0.27781,0.11737,0.00156,0.0016699999999999998,0.44385
SUB9860286,2026-04-08,0.66,0.77,0.12,0.93,0,1,25-34,Prepaid_Daily,Mid_Range,5G,Light,1.4458199999999999,0.28841,0.0021000000000000003,0.03958,1.83694
SUB9242580,2026-04-09,7.68,0.29,0.96,0.06,0,0,18-24,Postpaid_Unlimited,Premium_Smartphone,4G,Heavy,8.70842,0.05953,0.00513,0.0074,9.43643
SUB8214938,2026-03-25,0.11,0.27,0.07,0.28,0,1,18-24,Prepaid_Monthly,Basic_Phone,5G,Very_Light,0.19378,0.09933,0.00135,0.02176,0.37216000000000005
SUB1889694,2026-03-20,0.56,0.27,0.61,0.01,0,0,35-44,Prepaid_Daily,Premium_Smartphone,3G,Very_Light,0.22866,0.02777,0.0075899999999999995,0.00149,0.32732
SUB5622942,2026-04-05,0.87,0.65,0.58,0.83,0,0,35-44,Postpaid_Basic,Premium_Smartphone,4G,Light,0.62115,0.13833,0.00926,0.038869999999999995,0.8773099999999999
SUB7356228,2026-03-28,0.3,2.89,0.09,0.14,1,0,45-54,Postpaid_Premium,Mid_Range,4G+,Light,0.51995,0.92911,0.00158,0.011609999999999999,1.55178
SUB4189291,2026-03-29,0.95,0.4,0.01,0.09,1,0,18-24,Prepaid_Daily,Basic_Phone,4G,Light,0.66979,0.07686,8e-05,0.00793,0.7193099999999999
SUB7483214,2026-04-09,0.24,1.39,1.89,0.24,0,0,18-24,Postpaid_Basic,Premium_Smartphone,4G,Light,0.23568,0.27991000000000005,0.02767,0.010289999999999999,0.60781
SUB9204298,2026-03-30,2.24,0.51,0.3,0.25,0,0,25-34,Postpaid_Unlimited,5G_Device,3G,Light,1.49959,0.0429,0.0033900000000000002,0.03882,1.70147
SUB8430747,2026-03-22,2.36,6.0,1.12,0.05,0,1,25-34,Postpaid_Unlimited,Mid_Range,4G,Heavy,3.72106,1.13098,0.01303,0.00764,5.19855
SUB1985257,2026-04-06,0.75,0.38,0.13,0.03,0,0,55+,Postpaid_Premium,Mid_Range,5G,Moderate,1.87235,0.15136000000000002,0.00217,0.0024,2.28841
SUB1817052,2026-04-14,3.08,6.0,1.53,1.18,1,1,25-34,Postpaid_Basic,5G_Device,4G+,Heavy,4.514270000000001,1.8892,0.02684,0.07839,7.07984
SUB9090433,2026-04-05,6.45,3.23,0.4,0.02,1,0,35-44,Postpaid_Basic,Premium_Smartphone,4G,Heavy,4.82488,0.66225,0.00671,0.00206,5.68662
SUB4476808,2026-04-11,4.87,0.34,0.61,2.82,0,0,35-44,Postpaid_Premium,Premium_Smartphone,4G,Power_User,9.666030000000001,0.095,0.0105,0.12807,10.60975
SUB4113534,2026-04-12,3.03,1.03,0.87,0.05,0,0,25-34,Postpaid_Basic,Mid_Range,4G+,Moderate,3.39582,0.3525,0.013949999999999999,0.00744,3.71991
SUB5448388,2026-04-09,1.1,2.17,2.72,0.25,0,1,25-34,Postpaid_Unlimited,Mid_Range,4G+,Moderate,2.38787,0.558,0.037469999999999996,0.03598,3.28793
SUB5192896,2026-04-15,1.43,5.9,3.66,1.75,1,1,18-24,Postpaid_Basic,5G_Device,5G,Heavy,2.63265,1.9149500000000002,0.03589,0.19784000000000002,5.39366
SUB6925803,2026-03-25,6.71,0.2,1.54,0.32,0,1,18-24,Postpaid_Premium,Mid_Range,4G,Heavy,9.4047,0.05966,0.011810000000000001,0.03558,9.20242
SUB5280428,2026-04-01,1.08,0.44,0.02,0.15,0,0,25-34,Prepaid_Daily,Tablet,4G+,Light,1.57238,0.10737000000000001,0.00029,0.00885,1.85326
SUB4993611,2026-04-16,0.49,2.67,0.22,0.03,1,0,18-24,Prepaid_Daily,Basic_Phone,4G,Light,0.43316000000000004,0.79663,0.00206,0.0054800000000000005,1.17177
SUB7105931,2026-03-28,4.41,1.42,0.97,0.4,0,0,35-44,Postpaid_Premium,5G_Device,5G,Power_User,13.43078,0.55063,0.01188,0.04931,14.01945
SUB7227740,2026-04-10,1.5,0.74,0.24,0.68,0,0,35-44,Postpaid_Premium,5G_Device,4G,Moderate,2.7455100000000003,0.19125999999999999,0.0034,0.13124,3.35738
SUB5767348,2026-04-08,0.23,0.57,0.17,0.18,1,0,45-54,Prepaid_Monthly,Basic_Phone,4G,Very_Light,0.21059,0.11372,0.00278,0.03302,0.36308999999999997
SUB3936598,2026-04-11,4.18,1.35,1.31,0.31,0,0,18-24,Postpaid_Basic,Mid_Range,4G,Moderate,4.77729,0.36951,0.01126,0.05993,4.82193
SUB8816184,2026-03-26,1.04,0.13,0.04,0.13,0,0,55+,Prepaid_Daily,5G_Device,3G,Light,0.42002999999999996,0.017070000000000002,0.00051,0.0259,0.55577
SUB2311414,2026-04-15,0.05,0.29,0.86,0.03,0,1,25-34,Postpaid_Basic,Basic_Phone,3G,Very_Light,0.01846,0.04254,0.00883,0.0044599999999999996,0.0858
SUB5784973,2026-04-09,0.21,0.27,0.03,0.12,0,0,55+,Prepaid_Daily,Tablet,3G,Very_Light,0.10388,0.04028,0.00044,0.0074,0.18492
SUB9678768,2026-04-03,5.62,0.74,0.47,1.37,1,1,45-54,Postpaid_Premium,Premium_Smartphone,5G,Power_User,17.804869999999998,0.18503999999999998,0.00796,0.05482,18.694689999999998
SUB8299695,2026-04-12,2.41,1.95,0.91,0.35,1,0,25-34,Prepaid_Daily,5G_Device,4G,Moderate,2.1709,0.5225,0.008490000000000001,0.03892,2.87554
SUB5714386,2026-04-06,2.55,1.75,1.14,0.12,0,0,45-54,Postpaid_Unlimited,Mid_Range,4G,Moderate,4.10407,0.43189999999999995,0.005849999999999999,0.017,4.561439999999999
SUB3234805,2026-03-26,1.3,2.41,0.62,0.43,0,1,35-44,Postpaid_Basic,5G_Device,3G,Light,0.55029,0.26045999999999997,0.00664,0.07493999999999999,0.9200900000000001
SUB9774533,2026-03-31,1.22,4.98,0.01,0.13,0,0,18-24,Prepaid_Monthly,Mid_Range,4G,Moderate,0.89876,1.33982,8e-05,0.01288,2.148
SUB2784210,2026-04-17,0.78,4.05,1.14,1.47,0,1,18-24,Postpaid_Premium,Mid_Range,5G,Moderate,2.33452,1.42422,0.02091,0.25521,3.83246
SUB7243490,2026-03-22,1.19,0.09,0.0,0.15,0,1,55+,Prepaid_Monthly,Mid_Range,4G,Light,1.1360599999999998,0.02153,0.0,0.02431,1.31646
SUB1071524,2026-03-24,1.6,2.98,0.14,0.28,0,0,25-34,Postpaid_Basic,Mid_Range,4G,Moderate,1.54703,0.71311,0.00227,0.053090000000000005,2.2288099999999997
SUB9305530,2026-04-13,0.87,1.03,0.09,0.01,1,0,45-54,Postpaid_Unlimited,Premium_Smartphone,4G,Light,1.3703800000000002,0.25119,0.0012,0.0010400000000000001,1.77524
SUB9368352,2026-04-16,0.3,0.91,0.11,1.16,0,0,25-34,Prepaid_Daily,Mid_Range,5G,Light,0.68331,0.31995999999999997,0.00055,0.11862,1.22295
SUB8455050,2026-03-25,0.26,0.2,0.03,0.39,0,1,55+,Prepaid_Monthly,Premium_Smartphone,4G,Very_Light,0.27414,0.04519,0.0005899999999999999,0.02852,0.42294
SUB7703560,2026-03-21,0.18,0.41,0.07,0.08,0,1,25-34,Postpaid_Unlimited,Basic_Phone,3G,Very_Light,0.15081999999999998,0.048729999999999996,0.0011200000000000001,0.00816,0.22275
SUB4030486,2026-03-30,3.65,1.19,0.58,1.53,1,1,18-24,Prepaid_Daily,Mid_Range,4G,Moderate,3.43482,0.25027,0.009689999999999999,0.09292,3.7215700000000003
SUB3710241,2026-03-20,1.24,0.12,0.49,0.14,0,1,35-44,Prepaid_Monthly,Mid_Range,5G,Moderate,2.45445,0.039689999999999996,0.00903,0.00835,2.78933
SUB2746988,2026-04-02,0.53,0.83,0.17,0.06,1,0,45-54,Prepaid_Monthly,Premium_Smartphone,4G+,Light,0.91031,0.20284,0.00136,0.00931,1.34494
SUB4127640,2026-04-01,0.91,0.85,0.22,0.5,1,0,45-54,Prepaid_Daily,5G_Device,4G+,Light,0.9113,0.28985,0.00285,0.08862,1.39491
SUB7814612,2026-04-10,2.85,1.26,0.13,0.5,0,1,25-34,Postpaid_Basic,5G_Device,5G,Heavy,5.80639,0.32483,0.0016,0.07352,6.328180000000001
SUB4843139,2026-04-07,0.6,0.69,0.95,0.02,0,0,35-44,Prepaid_Monthly,Premium_Smartphone,4G+,Light,0.97321,0.18131999999999998,0.01476,0.00263,1.16686
SUB9503197,2026-03-22,0.36,0.57,4.0,1.73,1,0,18-24,Prepaid_Daily,Premium_Smartphone,5G,Light,0.59737,0.16429,0.05576,0.11320999999999999,1.20935
SUB3016142,2026-04-01,0.12,2.43,0.22,2.21,0,1,18-24,Prepaid_Monthly,5G_Device,4G+,Light,0.14105,0.6561,0.0044,0.2538,1.26525
SUB1260102,2026-03-23,8.0,5.22,4.0,3.66,1,0,18-24,Postpaid_Premium,Premium_Smartphone,4G,Power_User,16.815849999999998,1.49828,0.04852,0.6656299999999999,20.22216
SUB4032115,2026-04-11,4.84,6.0,1.74,0.03,1,0,18-24,Postpaid_Unlimited,5G_Device,4G,Heavy,6.89151,0.91013,0.033600000000000005,0.00337,8.449399999999999
SUB7259635,2026-03-24,0.39,1.7,0.45,0.16,1,0,18-24,Postpaid_Unlimited,Basic_Phone,4G+,Light,0.9952799999999999,0.40835000000000005,0.007679999999999999,0.016829999999999998,1.43744
SUB9231691,2026-03-23,0.63,0.26,0.03,0.05,0,0,35-44,Postpaid_Basic,Basic_Phone,4G,Light,0.53058,0.07376,0.00049,0.00536,0.67449
SUB9670441,2026-04-06,0.71,0.65,0.25,0.01,0,1,45-54,Prepaid_Monthly,Basic_Phone,5G,Light,1.0847,0.19407,0.00197,0.00149,1.37426
SUB5722340,2026-04-15,2.04,1.0,0.51,2.31,0,0,25-34,Postpaid_Unlimited,Premium_Smartphone,5G,Heavy,5.58557,0.33887,0.00791,0.11349,5.59767
SUB2561729,2026-03-23,0.19,0.04,0.06,0.16,0,0,35-44,Prepaid_Monthly,Basic_Phone,4G,Very_Light,0.22085,0.00721,0.00088,0.0275,0.27649
SUB7999366,2026-04-04,0.18,0.98,2.47,0.06,0,0,35-44,Postpaid_Basic,Basic_Phone,5G,Light,0.28045,0.27849,0.01728,0.00715,0.5649299999999999
SUB4564507,2026-03-31,8.0,1.41,0.11,0.06,0,0,18-24,Prepaid_Monthly,Premium_Smartphone,4G,Heavy,6.5919300000000005,0.38914,0.00181,0.00857,6.9428
SUB4751531,2026-04-02,1.36,0.79,0.27,0.08,0,0,45-54,Prepaid_Daily,Mid_Range,4G+,Moderate,2.23234,0.17592,0.0028399999999999996,0.0033,2.67729
SUB7088960,2026-04-14,0.28,0.66,0.09,0.49,0,1,55+,Postpaid_Premium,Mid_Range,4G+,Light,0.5386599999999999,0.18358000000000002,0.00067,0.08114,0.8632799999999999
SUB4260802,2026-03-22,3.21,2.56,0.9,3.38,0,1,25-34,Postpaid_Premium,Mid_Range,4G+,Heavy,8.17598,0.51902,0.0077800000000000005,0.29241,8.2464
SUB9633864,2026-04-09,0.66,3.76,0.56,0.1,0,0,25-34,Prepaid_Daily,Premium_Smartphone,5G,Moderate,1.57307,1.4739,0.00985,0.00639,3.43102
SUB5036480,2026-03-28,0.07,6.0,0.13,0.29,1,1,25-34,Postpaid_Premium,Premium_Smartphone,4G,Light,0.09315000000000001,1.06984,0.00171,0.04204,1.21759
SUB3457184,2026-04-09,3.12,1.96,0.07,1.55,0,0,45-54,Postpaid_Premium,Premium_Smartphone,4G,Heavy,5.011699999999999,0.3349,0.00086,0.27082,5.75458
SUB1783066,2026-03-19,0.66,2.15,1.07,2.04,0,0,18-24,Postpaid_Unlimited,Mid_Range,4G,Moderate,1.1425699999999999,0.6003,0.00983,0.23940999999999998,2.07162
SUB7507552,2026-04-07,2.48,2.42,0.01,0.07,0,0,25-34,Postpaid_Premium,Premium_Smartphone,3G,Light,1.34476,0.2383,0.0001,0.00313,1.5788900000000001
SUB3622280,2026-04-10,5.5,1.52,0.36,2.34,1,1,25-34,Postpaid_Premium,Premium_Smartphone,4G,Heavy,9.572569999999999,0.45311,0.00359,0.12959,10.02347
SUB8099574,2026-04-13,4.2,3.34,0.03,0.02,1,1,45-54,Postpaid_Unlimited,Premium_Smartphone,4G,Heavy,5.08995,0.57726,0.00053,0.00299,5.94742
SUB5616167,2026-04-06,0.55,1.76,0.13,0.05,1,0,25-34,Prepaid_Monthly,Basic_Phone,4G,Light,0.6439600000000001,0.45006999999999997,0.00246,0.00307,1.19112
SUB3797921,2026-04-03,0.6,0.97,0.09,0.05,0,1,45-54,Postpaid_Unlimited,Basic_Phone,4G+,Light,1.37526,0.20379,0.0011200000000000001,0.00903,1.68964
SUB4600957,2026-04-07,5.87,1.41,0.14,0.04,0,1,35-44,Prepaid_Daily,Mid_Range,5G,Power_User,14.03915,0.54606,0.00244,0.00464,13.74234
SUB1787494,2026-04-13,1.65,0.68,2.99,0.21,0,1,25-34,Prepaid_Monthly,Premium_Smartphone,5G,Moderate,4.0753699999999995,0.21921000000000002,0.0354,0.03602,4.40212
SUB9173321,2026-04-15,3.82,0.34,0.76,0.02,0,0,35-44,Prepaid_Monthly,5G_Device,4G+,Heavy,6.12723,0.07873999999999999,0.00897,0.00157,6.32945
SUB1423570,2026-04-13,0.43,2.26,0.39,0.69,0,0,35-44,Postpaid_Premium,Mid_Range,4G+,Light,0.64813,0.5806699999999999,0.00428,0.0996,1.50465
SUB4390919,2026-04-09,2.39,1.89,0.99,0.0,0,1,35-44,Postpaid_Unlimited,Premium_Smartphone,3G,Light,1.12775,0.23824,0.01394,0.0,1.3582100000000001
SUB6658796,2026-03-27,0.14,0.25,0.01,0.0,0,1,55+,Prepaid_Monthly,Basic_Phone,5G,Very_Light,0.30733,0.07806,5.9999999999999995e-05,0.0,0.40082999999999996
SUB1506079,2026-04-13,0.36,0.7,0.05,0.05,0,1,25-34,Prepaid_Daily,Basic_Phone,4G+,Light,0.446,0.16513999999999998,0.0008,0.00233,0.61599
SUB8603876,2026-03-31,1.52,2.84,0.05,1.37,0,0,25-34,Postpaid_Unlimited,5G_Device,4G+,Moderate,2.56818,0.8613099999999999,0.00093,0.19574,3.78757
SUB2461433,2026-04-10,0.77,2.03,1.77,0.08,1,0,45-54,Postpaid_Premium,Premium_Smartphone,4G,Light,1.02401,0.60217,0.02375,0.013699999999999999,1.83519
SUB4094235,2026-03-19,0.39,0.36,0.06,0.08,0,1,55+,Prepaid_Monthly,Tablet,3G,Very_Light,0.19377,0.04323,0.00049,0.00457,0.28708
SUB7779617,2026-04-15,0.44,3.04,0.05,0.16,0,0,18-24,Postpaid_Basic,Mid_Range,4G,Light,0.35764999999999997,0.47345,0.00073,0.02587,0.96029
SUB8796324,2026-04-16,1.22,5.23,0.28,0.81,0,1,25-34,Postpaid_Premium,Mid_Range,4G+,Moderate,3.3465,1.05374,0.0048200000000000005,0.1038,4.82332
SUB7849486,2026-04-06,0.35,1.04,0.22,0.06,0,0,55+,Postpaid_Unlimited,Mid_Range,5G,Light,1.1202699999999999,0.36504000000000003,0.00147,0.011210000000000001,1.56196
SUB5273445,2026-04-16,0.86,1.46,0.21,0.0,0,0,25-34,Postpaid_Unlimited,Mid_Range,3G,Light,0.55459,0.18397999999999998,0.0038599999999999997,0.0,0.72505
SUB3473199,2026-04-13,1.15,1.87,2.03,0.02,1,0,25-34,Postpaid_Unlimited,Mid_Range,4G,Moderate,1.9660199999999999,0.35660000000000003,0.03748,0.00317,2.36526
SUB7647162,2026-04-07,0.19,0.59,0.04,0.01,0,0,25-34,Prepaid_Daily,Mid_Range,3G,Very_Light,0.05847,0.06996,0.00044,0.00095,0.1745
SUB4772380,2026-03-25,1.56,2.96,4.0,1.94,0,0,18-24,Postpaid_Unlimited,Mid_Range,4G,Moderate,3.0144699999999998,0.47735,0.07289,0.28844,3.70996
SUB2761331,2026-03-21,0.5,1.04,0.24,0.19,0,0,35-44,Postpaid_Basic,5G_Device,4G,Light,0.48362,0.27375,0.00449,0.03229,0.9044800000000001
SUB9464685,2026-03-31,3.45,0.81,0.02,0.12,0,0,18-24,Postpaid_Premium,Mid_Range,5G,Power_User,9.91732,0.21556999999999998,0.00023999999999999998,0.01652,11.064200000000001
SUB3957498,2026-04-06,0.01,1.77,0.46,0.3,0,1,45-54,Postpaid_Premium,Mid_Range,5G,Light,0.03025,0.59533,0.00807,0.018170000000000002,0.74315
SUB1735062,2026-03-24,1.07,0.75,2.68,1.89,0,0,25-34,Prepaid_Daily,5G_Device,4G+,Light,1.52956,0.15353,0.04684000000000001,0.12052,1.7855699999999999
SUB7342869,2026-03-22,0.35,1.8,0.15,2.62,0,0,18-24,Postpaid_Basic,Premium_Smartphone,5G,Light,0.79786,0.47701,0.0026,0.50848,1.886
SUB3975605,2026-03-25,2.68,1.33,0.17,0.7,0,0,35-44,Postpaid_Premium,5G_Device,3G,Light,1.88551,0.12414,0.00213,0.11264,2.01699
SUB1524658,2026-04-11,0.7,1.22,0.42,0.37,0,0,25-34,Prepaid_Daily,Mid_Range,4G,Light,0.7651399999999999,0.18685,0.00344,0.04597,1.1052899999999999
SUB4889877,2026-04-15,3.0,3.16,2.63,0.85,0,1,35-44,Postpaid_Unlimited,5G_Device,5G,Power_User,9.70444,1.2467300000000001,0.0464,0.09392,11.920399999999999
SUB9745662,2026-04-02,0.66,0.76,0.49,3.14,1,0,18-24,Postpaid_Basic,Premium_Smartphone,5G,Moderate,1.63153,0.23751,0.00404,0.44010000000000005,2.5754099999999998
SUB3677049,2026-04-01,2.04,1.51,0.49,2.48,0,0,35-44,Postpaid_Unlimited,5G_Device,3G,Moderate,1.4553099999999999,0.16237000000000001,0.00332,0.48596,2.11628
SUB3210980,2026-03-20,0.16,3.27,0.06,0.14,1,1,45-54,Prepaid_Monthly,Mid_Range,5G,Light,0.33470999999999995,0.85775,0.00039,0.01812,1.3248499999999999
SUB7210715,2026-03-23,3.26,0.99,0.27,2.31,0,0,35-44,Postpaid_Unlimited,5G_Device,4G,Heavy,5.49275,0.15209999999999999,0.00322,0.13013999999999998,5.87686
SUB4768950,2026-04-11,0.08,0.36,0.06,0.0,0,1,35-44,Postpaid_Basic,Basic_Phone,4G+,Very_Light,0.12972999999999998,0.12011,0.00069,0.0,0.26475
SUB6026014,2026-03-25,0.78,1.03,0.05,0.16,0,1,18-24,Prepaid_Daily,5G_Device,3G,Light,0.33137,0.12729000000000001,0.00065,0.01568,0.54127
SUB9202787,2026-04-01,0.73,2.66,0.58,0.03,0,1,25-34,Prepaid_Monthly,Mid_Range,3G,Light,0.32983999999999997,0.28964,0.0035299999999999997,0.00134,0.73413
SUB6061354,2026-04-07,2.33,1.15,0.7,0.07,0,0,25-34,Prepaid_Monthly,Premium_Smartphone,4G+,Moderate,2.79598,0.26118,0.01269,0.013800000000000002,3.1689499999999997
SUB3639929,2026-03-31,1.12,1.7,1.59,0.6,0,1,25-34,Postpaid_Premium,Mid_Range,4G+,Moderate,1.67168,0.52963,0.02497,0.048530000000000004,2.1611700000000003
SUB7476137,2026-03-29,1.18,0.72,0.58,0.32,0,0,18-24,Prepaid_Daily,Tablet,4G,Light,1.0331700000000001,0.21112999999999998,0.00392,0.02612,1.2698699999999998
SUB7558221,2026-03-21,1.17,1.08,1.58,1.25,0,0,25-34,Postpaid_Premium,Premium_Smartphone,4G,Moderate,2.28275,0.17715999999999998,0.02175,0.22541,2.59304
SUB1192512,2026-03-29,1.07,0.32,0.07,0.25,0,0,55+,Postpaid_Premium,5G_Device,4G,Light,1.52677,0.06873,0.001,0.02974,1.74803
SUB2628782,2026-03-28,0.47,0.23,0.54,0.13,0,0,18-24,Prepaid_Daily,Mid_Range,3G,Very_Light,0.17966,0.03194,0.00429,0.02203,0.27076999999999996
SUB3015074,2026-04-03,1.1,0.36,0.47,0.93,0,0,55+,Postpaid_Unlimited,5G_Device,4G,Light,1.21335,0.07853,0.00721,0.0376,1.3825699999999999
SUB7240327,2026-03-21,0.16,0.11,0.1,0.04,0,0,25-34,Prepaid_Daily,Mid_Range,3G,Very_Light,0.06978,0.01594,0.00136,0.00326,0.13185
SUB9434610,2026-03-28,1.02,1.49,0.36,0.09,0,0,45-54,Prepaid_Monthly,Tablet,4G,Light,0.7778099999999999,0.42064999999999997,0.00279,0.00736,1.3041800000000001
SUB2166670,2026-04-13,0.11,0.13,0.06,0.18,0,0,55+,Prepaid_Daily,Mid_Range,4G+,Very_Light,0.1544,0.03264,0.00041,0.026170000000000002,0.28952999999999995
SUB7200646,2026-03-20,1.31,0.53,0.53,1.16,1,0,35-44,Prepaid_Daily,Premium_Smartphone,4G,Light,1.24268,0.15023,0.00842,0.12407,1.61517
SUB3319049,2026-03-25,3.67,3.18,2.1,3.77,0,1,18-24,Postpaid_Premium,Premium_Smartphone,4G,Heavy,4.24313,0.79107,0.02366,0.43093,5.535699999999999
SUB5466134,2026-03-31,2.37,4.48,1.51,0.47,0,0,35-44,Postpaid_Unlimited,Premium_Smartphone,5G,Heavy,7.48893,1.46155,0.02466,0.04039,8.39094
SUB6613201,2026-04-12,0.25,2.36,0.31,0.18,1,1,18-24,Prepaid_Daily,Premium_Smartphone,3G,Light,0.07545,0.34153,0.00542,0.03549,0.53632
SUB6959996,2026-03-23,1.22,0.6,0.4,0.05,0,0,18-24,Prepaid_Daily,Mid_Range,3G,Light,0.43234,0.07558,0.00587,0.006019999999999999,0.53935
SUB3386488,2026-04-08,1.92,0.36,0.72,0.34,0,0,45-54,Prepaid_Monthly,5G_Device,3G,Light,0.86294,0.04326,0.013210000000000001,0.03436,1.088
SUB2769617,2026-03-25,8.0,6.0,2.06,0.93,0,1,25-34,Postpaid_Premium,Premium_Smartphone,4G+,Power_User,14.96149,1.21132,0.040409999999999995,0.08272,16.98746
SUB4882149,2026-03-28,0.37,0.42,1.41,0.01,0,1,35-44,Prepaid_Monthly,Premium_Smartphone,4G,Light,0.42282,0.09901,0.02061,0.0014299999999999998,0.58121
SUB1160775,2026-03-19,0.73,0.59,0.3,0.2,1,0,45-54,Postpaid_Basic,Mid_Range,4G,Light,0.707,0.10506,0.00439,0.02714,0.87918
SUB3568101,2026-04-10,0.5,0.97,0.37,0.34,1,0,35-44,Prepaid_Daily,Mid_Range,5G,Light,0.9720599999999999,0.32763,0.00619,0.05102,1.33012
SUB3762594,2026-04-05,1.96,5.01,0.17,0.0,1,0,18-24,Prepaid_Daily,Premium_Smartphone,4G+,Moderate,3.07943,1.53537,0.0033,0.0,4.39692
SUB8751938,2026-04-01,0.11,0.26,0.19,0.05,0,0,35-44,Prepaid_Monthly,Basic_Phone,4G,Very_Light,0.07987999999999999,0.0599,0.00271,0.00276,0.17731
SUB7556410,2026-03-31,2.3,2.93,0.26,0.71,0,0,45-54,Postpaid_Unlimited,Premium_Smartphone,5G,Heavy,6.08807,0.8509500000000001,0.00317,0.05994,7.27971
SUB4319144,2026-03-30,0.32,0.78,0.08,0.0,0,1,18-24,Prepaid_Daily,Basic_Phone,4G,Very_Light,0.22584,0.21139,0.00139,0.0,0.44301
SUB7609001,2026-04-05,1.66,2.13,2.57,0.76,1,0,35-44,Postpaid_Premium,Premium_Smartphone,5G,Heavy,4.30846,0.81669,0.04318,0.045259999999999995,5.51293
SUB6185356,2026-04-16,1.57,0.21,0.27,0.18,1,0,35-44,Prepaid_Monthly,5G_Device,3G,Light,0.71926,0.031,0.0020299999999999997,0.033979999999999996,0.8696900000000001
SUB5636440,2026-04-11,0.52,1.13,0.06,0.07,0,1,45-54,Prepaid_Monthly,Tablet,4G,Light,0.53373,0.31581,0.00099,0.0135,1.03627
SUB4683909,2026-04-08,0.72,0.16,0.71,0.01,0,0,35-44,Postpaid_Unlimited,Mid_Range,3G,Light,0.53822,0.01566,0.01253,0.00136,0.56508
SUB4886932,2026-03-29,0.56,2.55,4.0,1.96,1,1,18-24,Prepaid_Monthly,5G_Device,4G,Light,0.6638999999999999,0.50081,0.03068,0.28926,1.68815
SUB4305742,2026-03-31,0.87,1.24,0.34,0.31,1,0,25-34,Prepaid_Monthly,Mid_Range,4G+,Light,1.56214,0.25189,0.00639,0.02287,1.71102
SUB4678621,2026-03-31,0.37,0.03,0.02,0.02,0,0,45-54,Prepaid_Monthly,Basic_Phone,4G,Very_Light,0.33881,0.00851,0.00016,0.00335,0.37422000000000005
SUB3431129,2026-03-31,3.64,2.16,0.06,3.46,0,0,18-24,Postpaid_Unlimited,Premium_Smartphone,5G,Power_User,11.295209999999999,0.6992999999999999,0.00086,0.64006,11.65763
SUB1850350,2026-03-23,0.19,0.14,0.06,0.04,0,0,55+,Prepaid_Monthly,Basic_Phone,4G,Very_Light,0.20333,0.02573,0.00073,0.00319,0.26738
SUB7305236,2026-03-24,1.25,1.0,0.14,0.15,0,1,45-54,Prepaid_Daily,Mid_Range,4G,Light,0.95311,0.15707,0.0007199999999999999,0.02195,1.1976600000000002
SUB7681935,2026-04-11,2.02,4.44,0.98,0.53,0,0,45-54,Postpaid_Unlimited,Premium_Smartphone,4G+,Heavy,3.38881,1.53254,0.008140000000000001,0.09304000000000001,5.57092
SUB9877241,2026-04-14,0.22,0.7,0.26,0.09,0,0,55+,Postpaid_Unlimited,Mid_Range,4G,Very_Light,0.27738,0.13694,0.004860000000000001,0.00764,0.47931999999999997
SUB9761753,2026-04-04,1.28,0.18,0.82,0.34,0,0,35-44,Postpaid_Basic,Mid_Range,3G,Light,0.41446,0.02668,0.01047,0.015009999999999999,0.5228200000000001
SUB5528268,2026-04-15,0.21,0.15,1.49,1.26,0,0,18-24,Postpaid_Basic,Tablet,4G+,Very_Light,0.26732,0.04622,0.00826,0.06056,0.50647
SUB4777538,2026-04-16,0.67,0.95,1.52,1.17,0,0,18-24,Prepaid_Monthly,Premium_Smartphone,4G,Light,0.62452,0.1464,0.026949999999999998,0.11575,0.9969199999999999
SUB2592210,2026-03-31,1.03,0.21,1.33,0.84,0,1,18-24,Prepaid_Daily,5G_Device,4G+,Moderate,1.69367,0.052039999999999996,0.02059,0.05051,2.05829
SUB4546434,2026-03-27,1.62,1.27,1.25,1.66,0,0,25-34,Postpaid_Unlimited,Mid_Range,4G+,Moderate,4.08654,0.32476,0.011460000000000001,0.11122,4.499029999999999
SUB4120847,2026-04-14,0.17,1.2,0.03,0.31,1,1,25-34,Postpaid_Premium,Basic_Phone,4G,Light,0.30528,0.24727000000000002,0.00043,0.023850000000000003,0.5989
SUB5202271,2026-04-09,4.06,2.34,0.74,0.57,0,0,18-24,Prepaid_Daily,5G_Device,4G+,Heavy,5.271310000000001,0.74105,0.01306,0.06105,6.6601300000000005
SUB3979674,2026-03-23,2.16,1.67,0.02,0.86,0,0,18-24,Postpaid_Premium,Premium_Smartphone,4G,Moderate,3.5498499999999997,0.48210000000000003,0.00038,0.04503,3.76573
SUB7197649,2026-03-19,0.17,0.44,0.02,0.03,0,1,35-44,Prepaid_Monthly,Basic_Phone,3G,Very_Light,0.05844,0.03642,0.00019,0.00175,0.1118
SUB9727148,2026-04-13,0.38,0.25,0.01,0.13,0,0,18-24,Prepaid_Daily,Basic_Phone,5G,Light,0.90398,0.06673,0.00014000000000000001,0.00889,1.10585
SUB4693305,2026-03-20,2.02,0.37,0.19,0.22,0,1,25-34,Prepaid_Daily,Premium_Smartphone,4G,Moderate,2.19779,0.08839,0.00268,0.038130000000000004,2.50093
SUB6800629,2026-04-11,0.09,0.14,0.02,0.0,0,0,55+,Prepaid_Monthly,Basic_Phone,4G,Very_Light,0.09756999999999999,0.023329999999999997,0.00034,0.0,0.14528
SUB9026261,2026-03-26,1.22,6.0,0.94,1.18,0,0,25-34,Postpaid_Premium,5G_Device,5G,Heavy,3.85948,1.6284,0.01691,0.22118000000000002,6.339600000000001
SUB6091281,2026-04-15,0.78,0.89,0.13,0.04,0,1,55+,Prepaid_Monthly,5G_Device,4G,Light,0.69141,0.19396000000000002,0.00121,0.00249,0.92035
SUB5101599,2026-03-23,0.24,2.75,1.79,1.22,0,0,25-34,Postpaid_Basic,5G_Device,5G,Light,0.5226900000000001,0.84075,0.0354,0.22522,1.5940699999999999
SUB3570466,2026-04-04,2.01,1.99,0.13,0.39,0,0,25-34,Postpaid_Basic,Premium_Smartphone,4G+,Moderate,2.98554,0.5735399999999999,0.00145,0.03714,3.47964
SUB5860319,2026-04-03,0.28,1.27,0.35,0.23,0,0,18-24,Postpaid_Basic,5G_Device,3G,Very_Light,0.10740000000000001,0.14137,0.00309,0.02173,0.33383999999999997
SUB3444026,2026-03-24,1.6,1.44,0.2,0.61,0,0,25-34,Postpaid_Premium,Mid_Range,4G,Moderate,2.25927,0.29198,0.0023799999999999997,0.08020999999999999,2.6088400000000003
SUB4031301,2026-03-30,0.27,1.65,0.24,0.31,0,0,55+,Postpaid_Unlimited,5G_Device,3G,Very_Light,0.11656,0.15963,0.00445,0.02857,0.35072000000000003
SUB8226078,2026-04-06,0.31,0.4,0.04,0.08,1,0,55+,Postpaid_Basic,Mid_Range,3G,Very_Light,0.09573000000000001,0.053200000000000004,0.00032,0.01134,0.21203
SUB9943742,2026-04-09,0.37,3.1,0.86,0.75,0,0,35-44,Postpaid_Basic,Premium_Smartphone,5G,Moderate,0.72073,1.2141,0.01509,0.09519,2.21233
SUB4816707,2026-04-05,2.17,1.15,0.32,0.02,0,0,25-34,Postpaid_Unlimited,Mid_Range,4G,Moderate,2.58458,0.18583000000000002,0.00613,0.0025800000000000003,2.729
SUB3650235,2026-03-25,0.86,6.0,0.64,0.04,0,0,35-44,Postpaid_Basic,Premium_Smartphone,4G+,Moderate,1.3901400000000002,1.73785,0.00519,0.006690000000000001,3.1717199999999997
SUB9810351,2026-04-01,1.61,4.79,1.12,0.82,1,0,25-34,Postpaid_Premium,Mid_Range,5G,Heavy,5.40008,1.87521,0.016489999999999998,0.09226999999999999,7.2375
SUB7723000,2026-04-16,2.05,0.58,0.53,0.22,1,0,35-44,Prepaid_Monthly,Mid_Range,5G,Moderate,4.5417700000000005,0.21555000000000002,0.00821,0.036289999999999996,4.77365
SUB7869989,2026-04-12,3.68,0.56,0.0,0.0,0,0,25-34,Prepaid_Daily,Premium_Smartphone,5G,Heavy,7.24887,0.14590999999999998,0.0,0.0,6.91696
SUB2218284,2026-03-24,1.13,0.84,0.29,0.97,0,0,25-34,Postpaid_Premium,Mid_Range,4G,Moderate,2.1858899999999997,0.16206,0.00395,0.09702,2.43777
SUB6991342,2026-03-28,0.57,1.31,0.53,0.04,0,0,18-24,Postpaid_Unlimited,Basic_Phone,4G,Light,0.8409800000000001,0.20931,0.0081,0.00174,0.99494
SUB7339776,2026-03-24,0.33,0.12,0.22,0.01,0,0,45-54,Postpaid_Premium,Basic_Phone,4G,Light,0.62112,0.03297,0.0030099999999999997,0.00113,0.7149500000000001
SUB7822567,2026-04-01,1.16,1.62,1.18,0.01,0,1,25-34,Postpaid_Unlimited,Mid_Range,5G,Moderate,3.32333,0.50245,0.02196,0.00145,3.5387399999999998
SUB9121485,2026-04-14,0.95,1.3,0.07,0.06,0,0,45-54,Postpaid_Unlimited,Mid_Range,4G,Light,1.63756,0.20345,0.00134,0.011,1.99025
SUB2424241,2026-03-28,1.34,5.63,0.94,0.16,0,0,25-34,Postpaid_Unlimited,5G_Device,4G,Moderate,2.71896,1.3004,0.01092,0.012410000000000001,4.22021
SUB6362695,2026-03-22,0.03,0.16,0.01,0.14,1,0,55+,Prepaid_Daily,Mid_Range,4G,Very_Light,0.02512,0.0394,5.9999999999999995e-05,0.01933,0.14118
SUB7080898,2026-04-09,0.11,0.52,0.31,0.01,0,0,25-34,Prepaid_Daily,Mid_Range,3G,Very_Light,0.05238,0.07449,0.00405,0.00176,0.16141
SUB8556142,2026-04-06,0.98,1.53,0.35,0.03,0,1,18-24,Prepaid_Monthly,Mid_Range,4G,Light,0.80364,0.41282,0.00642,0.00441,1.36398
SUB7672028,2026-03-21,0.29,3.1,1.15,0.42,0,0,18-24,Postpaid_Basic,Premium_Smartphone,4G,Light,0.27473000000000003,0.91477,0.01422,0.032060000000000005,1.42011
SUB3166354,2026-04-12,0.08,0.1,0.03,0.02,0,0,25-34,Prepaid_Daily,Basic_Phone,4G+,Very_Light,0.13327,0.02628,0.00029,0.00171,0.20858000000000002
SUB5125339,2026-03-20,1.3,0.26,0.44,0.79,0,0,18-24,Prepaid_Monthly,Premium_Smartphone,3G,Light,0.49589,0.02302,0.00752,0.08572,0.69349
SUB6721877,2026-04-04,1.27,0.8,0.19,0.2,0,1,25-34,Prepaid_Monthly,Mid_Range,4G,Light,1.30949,0.20124,0.00209,0.023530000000000002,1.65191
SUB2631570,2026-04-04,0.61,2.0,0.23,0.12,1,0,45-54,Prepaid_Monthly,Premium_Smartphone,4G+,Light,0.62399,0.63634,0.0021000000000000003,0.00973,1.27005
SUB6579123,2026-04-11,0.34,0.16,0.01,0.15,0,1,55+,Postpaid_Premium,Basic_Phone,5G,Light,1.1503599999999998,0.04301,0.0001,0.011359999999999999,1.18863
SUB6709840,2026-04-11,2.26,0.97,0.4,1.69,0,0,35-44,Prepaid_Monthly,5G_Device,4G,Moderate,2.63604,0.25499,0.00675,0.2486,3.3981500000000002
SUB7923985,2026-03-25,0.02,0.22,0.09,0.12,0,0,45-54,Postpaid_Basic,Basic_Phone,4G+,Very_Light,0.02885,0.04547,0.0008399999999999999,0.021920000000000002,0.13012
SUB5147413,2026-04-07,3.44,1.91,0.94,2.16,0,0,18-24,Postpaid_Unlimited,Premium_Smartphone,4G+,Heavy,6.57685,0.53107,0.00911,0.35387,8.227030000000001
SUB5334165,2026-03-28,6.03,6.0,2.25,0.32,0,1,18-24,Prepaid_Monthly,Tablet,5G,Power_User,14.55196,2.38667,0.02524,0.04486,16.30633
SUB8449116,2026-03-24,0.94,1.5,0.09,0.01,0,1,45-54,Prepaid_Daily,Mid_Range,4G,Light,0.97921,0.41717000000000004,0.00121,0.00149,1.53068
SUB6398856,2026-04-02,7.05,0.91,0.73,0.25,1,1,45-54,Postpaid_Unlimited,Premium_Smartphone,4G+,Power_User,17.57113,0.19253,0.01453,0.01801,18.56757
SUB1751240,2026-03-23,1.04,1.93,0.1,1.57,0,1,18-24,Prepaid_Daily,5G_Device,4G+,Moderate,1.69452,0.39365,0.00055,0.16516,2.61304
SUB8609420,2026-04-05,0.84,1.18,0.71,0.21,0,0,35-44,Postpaid_Basic,Premium_Smartphone,3G,Light,0.29429,0.1349,0.0054800000000000005,0.02871,0.53962
SUB3078937,2026-03-26,4.28,2.23,1.84,0.02,0,1,25-34,Postpaid_Unlimited,Mid_Range,4G,Heavy,4.916810000000001,0.36096,0.025929999999999998,0.00221,5.6384799999999995
SUB3580309,2026-03-26,0.23,1.18,0.12,0.08,0,1,45-54,Postpaid_Premium,Mid_Range,5G,Light,0.64611,0.31805,0.00231,0.015439999999999999,1.0620699999999998
SUB7859634,2026-03-19,0.38,0.49,0.26,0.32,0,0,18-24,Postpaid_Unlimited,Basic_Phone,4G,Light,0.49604000000000004,0.11902,0.00268,0.014199999999999999,0.6228899999999999
SUB3544306,2026-03-28,0.16,0.79,0.84,0.32,0,0,45-54,Prepaid_Daily,Premium_Smartphone,4G,Very_Light,0.19079,0.14571,0.00663,0.03816,0.47542
SUB3851274,2026-03-19,0.21,0.67,0.12,0.04,1,0,55+,Prepaid_Daily,Mid_Range,5G,Light,0.41122000000000003,0.23514,0.00108,0.00422,0.7584500000000001
SUB1893150,2026-04-09,2.84,0.85,1.38,0.28,0,0,18-24,Prepaid_Daily,5G_Device,5G,Heavy,7.07322,0.31985,0.01685,0.03782,7.6175299999999995
SUB3002507,2026-03-20,0.11,0.78,0.04,0.17,0,0,25-34,Prepaid_Daily,Mid_Range,4G,Very_Light,0.0824,0.21512,0.00062,0.009640000000000001,0.37028
SUB4634183,2026-03-19,1.43,3.51,0.83,0.84,0,0,18-24,Postpaid_Unlimited,Mid_Range,4G+,Moderate,3.4315700000000002,1.17113,0.01028,0.062020000000000006,4.27821
SUB7408929,2026-04-12,0.15,0.89,0.05,0.11,0,0,45-54,Prepaid_Monthly,Premium_Smartphone,4G,Very_Light,0.17690999999999998,0.2235,0.00087,0.0071200000000000005,0.42119
SUB6448608,2026-03-21,0.53,1.19,0.36,0.01,0,0,35-44,Postpaid_Premium,Premium_Smartphone,4G,Light,0.77419,0.30023,0.00419,0.0012900000000000001,1.0570599999999999
SUB8516669,2026-04-08,0.68,0.97,0.52,0.78,0,0,18-24,Prepaid_Daily,Premium_Smartphone,4G,Light,0.7149500000000001,0.2542,0.00595,0.12918000000000002,1.07793
SUB8594378,2026-04-06,0.83,0.27,0.09,0.19,0,0,25-34,Postpaid_Basic,Mid_Range,4G,Light,0.69149,0.07161,0.0008100000000000001,0.016329999999999997,0.85763
SUB8541586,2026-03-31,5.84,0.42,1.45,0.56,0,0,25-34,Postpaid_Premium,Mid_Range,4G+,Power_User,16.99191,0.08702,0.015439999999999999,0.054759999999999996,18.76698
SUB4972369,2026-03-29,0.33,6.0,3.28,0.27,0,0,25-34,Postpaid_Premium,Premium_Smartphone,5G,Moderate,0.97297,2.1736500000000003,0.0509,0.02585,3.53804
SUB5383233,2026-03-28,2.95,1.48,0.7,3.95,1,0,25-34,Postpaid_Premium,Premium_Smartphone,4G+,Heavy,4.58405,0.36117,0.008150000000000001,0.3857,5.36749
SUB4998422,2026-04-09,1.29,0.38,0.97,0.23,1,0,45-54,Postpaid_Basic,Mid_Range,4G+,Moderate,2.18731,0.07995999999999999,0.013470000000000001,0.0303,2.6246199999999997
SUB1606752,2026-03-21,1.73,4.68,0.34,2.77,1,1,25-34,Postpaid_Premium,Mid_Range,4G,Moderate,2.1859699999999997,0.8179500000000001,0.00515,0.45557,3.35727
SUB1387952,2026-03-25,1.89,0.81,0.32,4.13,0,0,35-44,Postpaid_Basic,Premium_Smartphone,5G,Moderate,4.51184,0.2052,0.00365,0.17374,4.585439999999999
SUB6918806,2026-04-15,0.58,1.5,1.03,0.45,0,0,35-44,Prepaid_Daily,5G_Device,5G,Moderate,1.4287100000000001,0.40338999999999997,0.015349999999999999,0.02623,2.15223
SUB4273523,2026-03-27,1.52,1.63,4.0,0.73,0,0,18-24,Postpaid_Unlimited,Premium_Smartphone,4G,Moderate,2.59325,0.4515,0.07409,0.11944,3.64452
SUB6416775,2026-04-05,0.5,0.55,0.49,1.81,0,0,25-34,Prepaid_Monthly,Mid_Range,4G+,Light,0.58614,0.13618,0.00294,0.24955000000000002,0.92337
