user_id,hours_streaming,hours_social,hours_messaging,hours_gaming,background_data_mb,is_peak_hour_user,is_weekend,age_group,plan_type,device_type,network_type,measurement_date
SUB7423388,0.33,0.66,0.87,0.37,77.19,0,1,18-24,Prepaid_Monthly,Mid_Range,4G+,2026-04-07
SUB7550634,1.07,3.03,0.46,0.04,71.44,0,0,45-54,Postpaid_Premium,5G_Device,4G,2026-04-06
SUB5304572,0.54,0.45,0.71,1.25,50.94,1,0,25-34,Postpaid_Unlimited,Mid_Range,4G,2026-03-20
SUB3234489,3.38,1.92,0.0,1.18,146.45,1,0,45-54,Postpaid_Unlimited,5G_Device,5G,2026-04-14
SUB8204212,0.25,0.38,0.13,0.47,120.55,0,1,25-34,Prepaid_Daily,Premium_Smartphone,4G,2026-03-31
SUB5472471,1.22,6.0,0.49,0.37,149.09,0,0,25-34,Prepaid_Daily,Tablet,5G,2026-04-05
SUB5523669,0.6,0.2,0.09,0.04,30.5,1,1,25-34,Prepaid_Monthly,Basic_Phone,3G,2026-04-10
SUB8404852,0.9,0.1,0.51,0.11,31.38,1,0,35-44,Postpaid_Premium,Basic_Phone,4G,2026-04-14
SUB5981505,3.41,2.49,1.96,1.33,109.74,1,0,35-44,Postpaid_Unlimited,Premium_Smartphone,4G,2026-03-28
SUB2766891,1.0,1.47,0.11,0.04,88.91,0,1,55+,Postpaid_Premium,5G_Device,4G,2026-03-26
SUB5521373,0.25,0.83,0.54,0.23,120.95,0,0,35-44,Postpaid_Basic,Premium_Smartphone,5G,2026-03-30
SUB7019877,1.38,1.08,1.15,0.83,81.92,0,0,25-34,Prepaid_Daily,Premium_Smartphone,5G,2026-04-06
SUB4344769,0.21,0.49,0.05,0.04,5.0,0,0,45-54,Postpaid_Premium,Basic_Phone,3G,2026-04-09
SUB1103355,0.04,0.11,0.34,0.11,87.17,1,1,55+,Prepaid_Daily,Mid_Range,4G+,2026-03-19
SUB2262752,0.54,0.26,0.52,0.34,50.88,0,0,25-34,Prepaid_Daily,Mid_Range,4G,2026-03-25
SUB6664789,0.53,6.0,2.85,1.21,141.57,1,0,18-24,Postpaid_Unlimited,Premium_Smartphone,4G+,2026-04-02
SUB6743066,1.18,1.43,0.08,0.28,61.59,0,1,35-44,Postpaid_Basic,Mid_Range,4G,2026-03-25
SUB7113790,0.14,1.93,0.06,0.01,95.01,0,0,25-34,Prepaid_Daily,Mid_Range,5G,2026-03-24
SUB5721339,0.54,0.06,0.02,0.25,110.54,0,0,55+,Prepaid_Monthly,Premium_Smartphone,4G+,2026-04-17
SUB4275709,3.94,0.29,0.48,0.52,139.43,0,1,25-34,Prepaid_Daily,5G_Device,5G,2026-04-02
SUB1084654,1.27,3.4,0.27,0.91,57.46,1,0,18-24,Postpaid_Basic,Premium_Smartphone,3G,2026-03-19
SUB6147581,0.23,0.31,0.66,0.16,90.05,1,1,55+,Prepaid_Monthly,Premium_Smartphone,3G,2026-03-22
SUB2954354,0.15,1.18,1.16,0.59,110.66,0,1,45-54,Postpaid_Unlimited,Tablet,4G,2026-04-01
SUB9242680,0.81,2.36,0.17,1.79,82.28,1,1,18-24,Prepaid_Monthly,Mid_Range,4G,2026-03-23
SUB3428388,0.26,0.17,0.04,0.2,30.44,0,0,55+,Postpaid_Basic,Basic_Phone,5G,2026-04-03
SUB9916786,0.45,0.47,0.76,0.33,126.99,0,0,25-34,Prepaid_Daily,Premium_Smartphone,5G,2026-03-22
SUB3663046,0.29,0.23,0.21,0.04,65.47,0,1,25-34,Prepaid_Monthly,Mid_Range,4G,2026-03-24
SUB6499720,0.26,0.58,0.2,0.11,47.98,0,0,55+,Postpaid_Premium,Mid_Range,4G,2026-04-07
SUB7640913,1.91,6.0,0.27,0.02,56.69,0,0,25-34,Postpaid_Premium,Mid_Range,5G,2026-04-11
SUB4416664,2.45,2.77,0.49,0.01,67.4,0,0,18-24,Prepaid_Monthly,Premium_Smartphone,4G,2026-04-10
SUB4385659,2.25,0.07,0.05,0.0,84.52,0,0,25-34,Postpaid_Basic,Mid_Range,5G,2026-04-08
SUB4385357,0.63,0.84,0.01,0.0,39.17,1,0,35-44,Postpaid_Premium,Mid_Range,4G,2026-04-16
SUB2465689,0.94,0.94,0.48,0.25,54.85,0,0,18-24,Prepaid_Monthly,Mid_Range,4G,2026-04-02
SUB1068148,0.36,0.22,0.51,0.08,94.72,1,0,35-44,Prepaid_Daily,Mid_Range,4G+,2026-04-16
SUB2825665,3.41,0.91,1.13,0.92,110.99,0,1,35-44,Prepaid_Monthly,5G_Device,4G,2026-04-17
SUB3745683,4.36,2.82,0.79,0.05,77.87,0,0,25-34,Postpaid_Basic,Tablet,5G,2026-03-26
SUB5056518,0.21,0.92,0.38,0.19,106.73,0,0,35-44,Prepaid_Daily,5G_Device,4G,2026-03-21
SUB3669995,1.06,0.3,0.69,0.27,61.25,1,0,45-54,Prepaid_Monthly,Tablet,4G,2026-03-31
SUB5997895,0.53,0.61,0.06,0.7,45.65,0,0,25-34,Postpaid_Basic,Mid_Range,4G+,2026-03-25
SUB7397986,3.06,1.59,0.18,4.21,89.77,0,0,25-34,Postpaid_Unlimited,5G_Device,5G,2026-04-14
SUB2870928,0.27,4.47,1.45,0.26,117.4,1,1,25-34,Prepaid_Monthly,Mid_Range,4G+,2026-04-14
SUB5155299,0.14,0.88,0.22,0.11,153.43,1,0,35-44,Prepaid_Daily,Premium_Smartphone,4G+,2026-04-05
SUB7249859,1.46,2.14,0.29,0.06,45.66,1,0,45-54,Postpaid_Basic,Mid_Range,3G,2026-03-22
SUB3305413,5.39,1.9,0.01,0.05,109.16,0,0,25-34,Prepaid_Monthly,5G_Device,4G+,2026-04-02
SUB4910197,0.11,0.81,0.06,0.29,5.0,1,1,25-34,Prepaid_Monthly,Basic_Phone,3G,2026-04-08
SUB6558019,0.09,1.1,1.12,0.32,19.66,0,0,25-34,Postpaid_Basic,Mid_Range,3G,2026-04-12
SUB6414709,1.3,3.05,0.95,0.42,200.0,1,1,35-44,Postpaid_Unlimited,5G_Device,5G,2026-04-14
SUB1271836,1.77,2.26,1.09,0.03,158.89,1,1,18-24,Postpaid_Premium,Premium_Smartphone,4G,2026-04-03
SUB4584702,1.24,1.44,0.84,1.31,131.24,0,1,45-54,Prepaid_Daily,Premium_Smartphone,4G+,2026-03-19
SUB8281369,0.59,1.06,1.99,0.27,118.57,0,1,25-34,Postpaid_Premium,Premium_Smartphone,4G,2026-04-12
SUB3299435,0.23,0.26,0.12,0.1,44.26,0,1,35-44,Prepaid_Monthly,Mid_Range,4G,2026-03-23
SUB9585377,0.77,1.99,0.02,0.15,47.93,1,0,25-34,Prepaid_Monthly,Premium_Smartphone,3G,2026-04-08
SUB3658505,0.6,1.25,0.08,0.18,34.18,1,0,35-44,Postpaid_Unlimited,Basic_Phone,4G,2026-03-22
SUB2271741,2.4,5.25,0.92,2.03,75.89,0,0,18-24,Postpaid_Unlimited,5G_Device,4G,2026-04-14
SUB4769315,0.67,0.76,0.55,0.46,56.06,1,0,35-44,Prepaid_Daily,Premium_Smartphone,3G,2026-03-23
SUB2046797,3.31,1.51,0.49,0.49,127.47,0,0,18-24,Prepaid_Daily,5G_Device,5G,2026-04-11
SUB4047262,1.81,2.1,1.11,1.07,142.6,0,1,18-24,Prepaid_Monthly,Premium_Smartphone,4G+,2026-04-06
SUB1564685,0.39,0.54,1.37,0.03,34.91,0,0,25-34,Postpaid_Basic,Mid_Range,4G,2026-04-09
SUB3879190,8.0,1.13,0.47,1.58,151.61,1,1,35-44,Postpaid_Unlimited,Premium_Smartphone,4G,2026-04-01
SUB6596411,1.38,0.44,0.45,0.12,40.91,0,0,18-24,Prepaid_Daily,Mid_Range,3G,2026-04-02
SUB2007293,3.44,1.2,0.16,0.39,57.7,0,0,18-24,Prepaid_Monthly,Mid_Range,4G,2026-04-01
SUB5774183,0.65,1.57,0.09,0.37,86.79,1,0,45-54,Prepaid_Monthly,5G_Device,4G,2026-04-02
SUB4366612,0.1,0.07,0.02,0.11,56.53,0,0,45-54,Prepaid_Daily,Mid_Range,4G,2026-04-12
SUB9411855,0.46,1.99,4.0,0.39,181.04,1,1,18-24,Postpaid_Premium,Premium_Smartphone,5G,2026-04-06
SUB6267180,0.27,0.25,0.2,0.03,5.0,0,0,35-44,Postpaid_Premium,Basic_Phone,3G,2026-04-14
SUB8807313,0.15,0.18,0.04,0.19,14.73,0,0,25-34,Prepaid_Monthly,Basic_Phone,3G,2026-03-24
SUB3704238,0.36,1.45,1.25,0.11,102.41,0,0,35-44,Prepaid_Daily,Premium_Smartphone,4G+,2026-03-25
SUB3630708,1.94,0.46,0.33,0.43,74.3,0,0,45-54,Prepaid_Daily,5G_Device,5G,2026-03-28
SUB4494679,1.87,0.4,0.57,0.13,59.15,0,0,18-24,Postpaid_Basic,Premium_Smartphone,4G,2026-04-07
SUB6517209,0.89,0.27,0.48,0.61,106.87,1,0,45-54,Prepaid_Monthly,Mid_Range,5G,2026-04-04
SUB2767640,0.88,1.68,0.55,0.32,67.22,1,0,25-34,Postpaid_Basic,Mid_Range,4G,2026-04-08
SUB7723771,2.03,0.85,0.53,1.11,129.1,0,0,35-44,Prepaid_Monthly,5G_Device,5G,2026-03-23
SUB2285160,0.63,2.61,0.52,0.1,151.47,0,1,35-44,Prepaid_Monthly,Premium_Smartphone,4G+,2026-03-31
SUB7080526,0.04,1.22,0.37,0.05,83.72,1,0,55+,Postpaid_Premium,Tablet,4G,2026-04-17
SUB6173036,0.32,0.52,0.2,0.24,13.99,0,0,18-24,Prepaid_Daily,Basic_Phone,5G,2026-04-05
SUB2425472,2.02,6.0,4.0,0.01,133.92,1,0,18-24,Postpaid_Premium,5G_Device,5G,2026-04-13
SUB1048984,6.9,6.0,0.2,0.22,155.07,1,0,18-24,Postpaid_Basic,5G_Device,5G,2026-03-25
SUB7556168,1.61,1.06,0.06,0.35,99.29,1,0,55+,Postpaid_Premium,5G_Device,4G+,2026-03-28
SUB2504384,0.64,0.21,0.02,0.08,7.69,1,0,35-44,Prepaid_Daily,Basic_Phone,4G,2026-04-01
SUB3230919,1.57,4.49,0.67,0.39,155.71,1,1,35-44,Postpaid_Premium,Premium_Smartphone,5G,2026-04-06
SUB7940119,3.56,0.8,0.06,0.23,118.17,1,0,18-24,Prepaid_Daily,Premium_Smartphone,4G+,2026-04-01
SUB2737095,1.16,1.58,0.5,0.6,94.29,0,0,45-54,Postpaid_Unlimited,Premium_Smartphone,4G,2026-03-26
SUB5780450,0.34,1.18,0.05,0.35,85.1,1,1,45-54,Postpaid_Premium,Premium_Smartphone,3G,2026-04-16
SUB8469344,7.32,0.22,0.39,0.47,160.21,0,1,35-44,Prepaid_Monthly,Premium_Smartphone,5G,2026-04-09
SUB3109818,3.11,0.19,0.56,0.46,107.13,0,0,25-34,Prepaid_Monthly,Tablet,5G,2026-04-15
SUB3231785,1.05,4.93,0.15,1.21,73.96,1,0,18-24,Postpaid_Unlimited,Premium_Smartphone,4G,2026-04-10
SUB4853339,8.0,4.11,0.27,0.3,168.03,1,1,35-44,Postpaid_Unlimited,Premium_Smartphone,4G,2026-03-21
SUB1996107,7.1,3.64,1.89,2.32,121.61,0,0,35-44,Postpaid_Unlimited,Premium_Smartphone,4G+,2026-04-06
SUB8130144,7.37,1.98,0.51,6.0,69.08,0,0,18-24,Postpaid_Premium,Premium_Smartphone,4G,2026-04-17
SUB5545583,0.96,4.06,0.52,0.84,51.72,1,0,35-44,Postpaid_Premium,Mid_Range,4G,2026-04-06
SUB4747389,0.15,0.59,0.07,0.32,67.62,0,0,25-34,Postpaid_Basic,Mid_Range,4G+,2026-04-08
SUB5142807,0.12,0.76,0.42,0.01,74.38,0,1,45-54,Prepaid_Daily,5G_Device,4G,2026-03-26
SUB8988004,0.56,0.83,0.22,0.03,21.48,0,0,25-34,Prepaid_Daily,Basic_Phone,5G,2026-04-16
SUB7245035,6.31,1.4,0.89,0.58,92.92,0,0,18-24,Postpaid_Basic,5G_Device,5G,2026-04-12
SUB4602279,4.01,3.02,0.01,0.53,98.7,0,0,25-34,Prepaid_Monthly,5G_Device,4G+,2026-03-27
SUB6515989,2.04,2.62,0.66,0.32,73.55,0,1,25-34,Postpaid_Basic,Premium_Smartphone,4G,2026-04-16
SUB3121690,3.69,6.0,1.06,0.76,132.82,1,0,18-24,Prepaid_Monthly,5G_Device,4G+,2026-03-23
SUB1491234,0.44,0.18,0.14,0.38,59.92,0,0,45-54,Postpaid_Basic,Premium_Smartphone,4G,2026-03-21
SUB6401218,1.09,1.11,0.83,0.0,68.17,0,1,18-24,Prepaid_Monthly,Mid_Range,4G,2026-04-07
SUB7914550,0.15,1.45,1.02,0.19,65.14,0,0,25-34,Postpaid_Basic,Mid_Range,4G,2026-03-22
SUB7167294,0.76,1.04,1.91,0.12,90.75,0,0,18-24,Postpaid_Basic,5G_Device,4G,2026-03-19
SUB7906726,0.34,1.35,0.67,0.38,79.38,0,0,18-24,Prepaid_Daily,Tablet,4G,2026-04-04
SUB6888794,2.27,0.1,1.33,3.8,75.97,0,1,25-34,Postpaid_Unlimited,Mid_Range,4G+,2026-04-15
SUB8558158,1.01,2.03,0.72,0.18,100.98,1,0,18-24,Postpaid_Basic,Mid_Range,5G,2026-04-12
SUB7510425,2.36,1.33,0.71,0.04,94.25,1,0,35-44,Postpaid_Unlimited,Mid_Range,5G,2026-04-02
SUB9511017,4.21,5.8,2.12,0.97,168.42,1,1,18-24,Prepaid_Monthly,Premium_Smartphone,5G,2026-04-16
SUB8887739,0.58,0.43,0.39,0.04,141.12,1,1,35-44,Prepaid_Daily,Premium_Smartphone,4G,2026-03-28
SUB1769598,2.0,3.43,0.7,1.38,78.03,0,1,18-24,Prepaid_Daily,Premium_Smartphone,4G,2026-04-04
SUB6292895,2.41,2.67,0.49,0.99,81.04,0,1,18-24,Prepaid_Daily,5G_Device,4G,2026-03-27
SUB8971379,0.2,1.56,0.13,0.11,68.43,0,0,25-34,Prepaid_Daily,Premium_Smartphone,3G,2026-04-05
SUB4331068,0.48,0.23,0.05,0.02,61.95,1,0,45-54,Prepaid_Daily,Mid_Range,4G,2026-03-27
SUB4256415,2.4,1.52,0.11,0.14,67.19,0,0,35-44,Postpaid_Unlimited,Mid_Range,5G,2026-03-19
SUB1874371,2.94,0.89,0.27,0.35,73.78,0,0,45-54,Postpaid_Unlimited,5G_Device,4G,2026-04-16
SUB6654237,4.68,6.0,3.34,0.65,139.8,0,0,18-24,Postpaid_Unlimited,Premium_Smartphone,5G,2026-04-11
SUB1973548,0.9,0.76,0.0,0.1,57.89,0,0,45-54,Postpaid_Unlimited,Mid_Range,4G,2026-03-23
SUB4344014,0.45,0.55,0.04,1.94,74.9,1,1,18-24,Postpaid_Basic,Mid_Range,4G,2026-04-10
SUB8064746,0.73,1.91,0.79,0.52,55.71,0,0,18-24,Postpaid_Basic,5G_Device,4G,2026-04-04
SUB7216204,1.27,0.87,0.26,0.27,51.69,0,0,35-44,Prepaid_Daily,Mid_Range,5G,2026-03-28
SUB6193542,2.12,0.22,0.59,0.31,91.17,0,0,25-34,Prepaid_Daily,Premium_Smartphone,4G,2026-04-13
SUB3959034,0.19,1.55,0.03,0.15,127.04,0,1,55+,Postpaid_Premium,Premium_Smartphone,4G,2026-04-03
SUB5574293,8.0,3.2,2.24,0.58,35.59,0,0,18-24,Postpaid_Unlimited,Mid_Range,4G,2026-03-30
SUB7706971,1.0,0.91,0.45,0.09,118.77,0,0,55+,Postpaid_Premium,Premium_Smartphone,5G,2026-03-27
SUB1043585,0.34,2.72,0.2,0.1,75.0,0,0,35-44,Postpaid_Premium,Mid_Range,5G,2026-03-24
SUB3539448,0.54,0.65,0.06,0.01,47.5,0,0,35-44,Prepaid_Monthly,Mid_Range,4G,2026-03-26
SUB1109556,2.05,0.4,0.02,0.32,40.95,0,1,18-24,Postpaid_Basic,Mid_Range,3G,2026-03-24
SUB2575557,4.3,0.58,0.67,0.19,94.52,0,0,25-34,Postpaid_Basic,Premium_Smartphone,4G,2026-04-04
SUB9306461,2.45,1.85,0.12,0.69,83.7,0,1,55+,Postpaid_Unlimited,5G_Device,4G,2026-03-23
SUB3009021,1.43,3.45,0.55,0.04,74.35,0,1,25-34,Postpaid_Unlimited,Mid_Range,4G+,2026-04-02
SUB2201482,0.73,0.94,0.72,1.82,90.12,1,1,35-44,Postpaid_Basic,5G_Device,4G,2026-03-23
SUB1542335,0.1,0.01,0.06,0.05,30.52,0,0,55+,Prepaid_Daily,Basic_Phone,4G,2026-04-01
SUB5270070,3.59,2.05,0.11,0.24,119.8,1,0,25-34,Prepaid_Monthly,Premium_Smartphone,4G,2026-04-13
SUB7700379,1.15,0.88,0.96,0.04,120.32,0,0,35-44,Prepaid_Monthly,Premium_Smartphone,5G,2026-04-17
SUB4560920,0.48,3.34,0.56,1.93,96.89,1,0,35-44,Postpaid_Unlimited,Premium_Smartphone,4G+,2026-03-21
SUB7860006,1.15,0.13,0.12,0.08,26.2,0,0,18-24,Prepaid_Daily,Mid_Range,3G,2026-04-16
SUB3484413,0.3,0.25,0.6,0.07,37.9,0,0,18-24,Prepaid_Monthly,Basic_Phone,5G,2026-03-24
SUB3907360,1.3,0.4,2.36,0.45,61.45,0,0,25-34,Prepaid_Monthly,Premium_Smartphone,4G,2026-03-22
SUB6895544,0.24,1.81,0.56,0.08,22.7,0,0,25-34,Postpaid_Unlimited,Basic_Phone,5G,2026-04-01
SUB6697469,0.58,1.82,0.09,0.9,69.33,0,0,35-44,Postpaid_Basic,5G_Device,4G,2026-03-19
SUB3235000,0.51,0.19,0.17,0.3,35.9,0,0,18-24,Postpaid_Basic,Mid_Range,3G,2026-03-30
SUB7908531,0.24,0.07,0.0,0.42,75.72,0,0,55+,Prepaid_Monthly,Mid_Range,5G,2026-03-25
SUB5322252,0.23,0.76,0.32,0.48,96.82,0,0,18-24,Prepaid_Daily,Mid_Range,5G,2026-03-25
SUB6822184,1.59,0.5,0.59,1.0,83.23,0,0,35-44,Prepaid_Monthly,Premium_Smartphone,4G+,2026-04-06
SUB1402690,0.48,0.97,1.49,0.08,78.77,0,0,35-44,Postpaid_Premium,5G_Device,4G,2026-03-22
SUB3548421,0.38,4.03,0.04,0.04,57.87,0,0,18-24,Postpaid_Unlimited,Premium_Smartphone,3G,2026-04-03
SUB2954109,1.91,0.25,0.22,0.03,29.37,0,0,18-24,Postpaid_Basic,Basic_Phone,4G,2026-03-21
SUB5422880,1.65,1.28,0.12,0.02,143.32,0,0,45-54,Prepaid_Monthly,5G_Device,5G,2026-04-12
SUB8205547,1.34,0.25,0.32,0.0,21.17,0,1,45-54,Postpaid_Premium,Basic_Phone,4G,2026-03-31
SUB9323735,2.41,6.0,0.14,1.96,161.15,0,1,25-34,Postpaid_Premium,Premium_Smartphone,5G,2026-03-20
SUB7457294,1.44,1.92,0.14,0.04,40.03,0,0,25-34,Prepaid_Daily,5G_Device,3G,2026-04-07
SUB2384250,0.41,0.21,0.0,0.0,30.56,0,0,25-34,Prepaid_Monthly,Mid_Range,3G,2026-03-22
SUB1061087,3.19,1.88,0.02,1.09,76.78,0,0,18-24,Postpaid_Premium,Mid_Range,5G,2026-04-05
SUB7409907,0.51,0.11,0.05,0.14,12.18,1,0,35-44,Postpaid_Basic,Basic_Phone,4G,2026-03-28
SUB2496176,0.25,1.56,0.85,0.94,104.27,0,0,45-54,Postpaid_Unlimited,5G_Device,4G,2026-03-19
SUB1039353,8.0,0.52,0.11,2.72,112.86,0,0,25-34,Postpaid_Unlimited,Premium_Smartphone,5G,2026-04-07
SUB7484531,0.38,0.29,0.04,0.19,28.12,1,0,55+,Prepaid_Daily,Mid_Range,3G,2026-03-22
SUB4360011,8.0,3.5,4.0,0.1,72.71,1,0,18-24,Postpaid_Premium,Mid_Range,5G,2026-04-10
SUB8654909,0.92,0.97,0.26,0.1,70.36,1,0,35-44,Prepaid_Monthly,Premium_Smartphone,3G,2026-03-31
SUB5259622,2.43,2.17,0.51,0.27,53.84,0,0,25-34,Postpaid_Premium,Mid_Range,5G,2026-04-08
SUB5959617,1.3,2.0,4.0,1.3,72.92,0,1,25-34,Postpaid_Basic,Mid_Range,4G,2026-03-26
SUB6725570,5.01,4.52,0.17,0.05,139.64,1,1,25-34,Postpaid_Basic,Premium_Smartphone,4G,2026-03-26
SUB1416880,1.9,4.19,0.45,1.51,165.9,1,0,25-34,Postpaid_Unlimited,Premium_Smartphone,5G,2026-04-09
SUB8072695,0.43,6.0,0.35,1.64,56.0,1,1,35-44,Postpaid_Premium,Mid_Range,4G,2026-04-07
SUB8433296,3.06,3.11,0.02,0.89,35.23,1,0,35-44,Postpaid_Unlimited,Mid_Range,4G,2026-03-27
SUB5965050,1.59,0.2,0.57,0.99,58.61,1,0,25-34,Prepaid_Monthly,5G_Device,3G,2026-04-05
SUB1813168,0.14,0.1,0.13,0.05,51.15,0,0,45-54,Prepaid_Monthly,Mid_Range,4G+,2026-03-31
SUB1225281,1.5,2.21,3.26,1.74,75.61,0,1,25-34,Postpaid_Basic,Premium_Smartphone,4G,2026-04-05
SUB4782875,3.33,5.6,0.99,0.26,113.6,1,0,35-44,Postpaid_Unlimited,Premium_Smartphone,4G,2026-03-22
SUB3995765,1.3,1.23,0.11,0.24,16.86,0,0,18-24,Prepaid_Monthly,Mid_Range,3G,2026-04-02
SUB8734102,4.21,2.26,0.37,0.01,129.86,0,1,18-24,Prepaid_Daily,Premium_Smartphone,4G+,2026-04-09
SUB6595108,0.26,1.33,0.35,0.02,53.18,0,0,25-34,Prepaid_Monthly,Premium_Smartphone,3G,2026-04-10
SUB6674719,2.59,0.19,0.32,0.58,43.52,0,0,35-44,Postpaid_Basic,Premium_Smartphone,4G,2026-03-19
SUB9658144,0.95,2.15,4.0,0.49,120.96,1,0,35-44,Postpaid_Premium,Premium_Smartphone,4G,2026-04-11
SUB7609280,8.0,0.17,2.86,3.48,195.55,1,0,25-34,Postpaid_Premium,5G_Device,5G,2026-04-16
SUB6500306,1.0,0.97,4.0,0.2,89.81,1,0,18-24,Postpaid_Unlimited,Premium_Smartphone,4G,2026-04-07
SUB5372093,3.41,1.93,0.45,0.15,78.66,1,0,25-34,Postpaid_Premium,Mid_Range,4G,2026-04-12
SUB2561729,0.19,0.04,0.06,0.16,18.8,0,0,35-44,Prepaid_Monthly,Basic_Phone,4G,2026-03-23
SUB6031595,0.43,1.01,0.39,0.21,17.2,0,1,35-44,Postpaid_Basic,Basic_Phone,4G,2026-03-22
SUB6478047,1.84,6.0,3.69,0.89,93.43,0,1,18-24,Postpaid_Premium,5G_Device,4G+,2026-04-14
SUB2119043,2.4,1.93,0.64,1.1,125.6,0,1,18-24,Postpaid_Unlimited,5G_Device,5G,2026-03-27
SUB8103230,0.1,0.04,0.15,0.07,19.34,0,0,45-54,Prepaid_Daily,Basic_Phone,4G,2026-04-12
SUB3558231,1.41,0.31,0.15,0.19,101.95,0,0,18-24,Prepaid_Daily,Premium_Smartphone,4G,2026-04-09
SUB7659908,1.8,0.31,0.18,0.56,40.71,0,0,18-24,Prepaid_Daily,Mid_Range,5G,2026-04-01
SUB4080389,6.44,3.41,0.62,2.41,60.31,0,1,18-24,Postpaid_Basic,5G_Device,4G,2026-03-30
SUB2661909,0.13,1.64,0.24,0.27,35.51,0,0,25-34,Prepaid_Daily,Mid_Range,4G,2026-04-13
SUB3656138,0.21,2.06,0.09,1.73,40.5,0,1,25-34,Postpaid_Premium,Premium_Smartphone,3G,2026-04-06
SUB1110078,0.5,0.7,0.38,0.12,19.96,0,0,35-44,Postpaid_Premium,Mid_Range,3G,2026-03-29
SUB2915631,1.5,0.35,0.44,0.01,41.63,0,0,25-34,Prepaid_Monthly,Mid_Range,4G,2026-04-11
SUB7314127,1.78,0.74,0.18,1.21,52.19,0,0,35-44,Postpaid_Basic,Mid_Range,4G,2026-03-22
SUB3008187,5.93,1.6,4.0,0.23,90.09,0,0,18-24,Postpaid_Unlimited,Premium_Smartphone,4G+,2026-04-01
SUB2659066,0.24,3.03,1.02,0.04,50.45,0,0,45-54,Postpaid_Basic,Mid_Range,5G,2026-04-03
SUB3148815,1.51,0.62,0.37,0.32,39.04,0,0,35-44,Prepaid_Monthly,Mid_Range,3G,2026-04-02
SUB8355740,1.46,1.67,0.25,0.08,83.54,1,1,35-44,Prepaid_Monthly,Mid_Range,5G,2026-04-02
SUB5506259,1.71,0.3,0.91,1.07,73.75,0,0,18-24,Postpaid_Basic,Premium_Smartphone,5G,2026-04-13
SUB8473915,3.24,2.28,0.26,1.13,77.27,0,0,18-24,Prepaid_Daily,5G_Device,4G,2026-03-24
SUB8658426,0.47,4.07,1.38,0.73,150.47,1,1,25-34,Postpaid_Basic,Premium_Smartphone,4G,2026-03-29
SUB7404003,1.07,6.0,1.21,0.16,84.0,0,0,35-44,Postpaid_Unlimited,Premium_Smartphone,4G,2026-04-05
SUB5135314,3.22,2.8,0.61,0.8,49.58,0,0,18-24,Postpaid_Premium,Mid_Range,4G,2026-03-22
SUB1910681,0.6,0.44,0.02,0.12,78.32,1,0,55+,Prepaid_Monthly,Premium_Smartphone,4G,2026-04-09
SUB2607618,0.12,0.38,0.09,0.32,109.03,0,0,55+,Prepaid_Monthly,Premium_Smartphone,4G,2026-04-17
SUB4896830,5.63,0.81,0.29,0.24,38.17,0,1,25-34,Postpaid_Unlimited,Mid_Range,4G,2026-04-17
SUB5336787,0.32,1.74,0.34,0.09,77.08,0,1,55+,Postpaid_Unlimited,Mid_Range,4G,2026-04-15
SUB3755423,0.6,0.64,0.41,0.01,41.41,0,1,18-24,Postpaid_Basic,Mid_Range,4G,2026-03-23
SUB1071295,7.91,1.77,1.35,0.94,55.82,0,0,18-24,Prepaid_Monthly,Mid_Range,5G,2026-04-08
SUB8613287,1.78,0.19,0.12,0.02,24.41,0,1,18-24,Postpaid_Premium,Basic_Phone,3G,2026-04-12
SUB4445376,0.2,0.16,0.02,0.95,37.51,0,0,35-44,Prepaid_Monthly,Mid_Range,4G,2026-03-22
SUB6251035,1.07,1.62,0.39,0.25,97.05,0,1,18-24,Prepaid_Daily,Mid_Range,5G,2026-03-27
SUB4612600,0.02,0.39,0.23,0.06,120.22,0,0,55+,Prepaid_Monthly,Premium_Smartphone,5G,2026-03-25
SUB1825816,0.62,3.55,0.07,1.16,85.89,0,0,18-24,Prepaid_Monthly,Premium_Smartphone,4G+,2026-04-04
SUB9763313,0.57,0.64,0.26,0.09,63.09,0,0,25-34,Prepaid_Monthly,5G_Device,4G,2026-04-12
SUB3026793,1.62,1.93,0.61,1.04,116.33,0,1,45-54,Prepaid_Monthly,Mid_Range,5G,2026-03-23
SUB1554594,1.43,2.96,0.03,0.08,47.77,0,0,18-24,Prepaid_Daily,Mid_Range,5G,2026-03-27
SUB9536326,1.88,3.32,1.33,0.0,83.03,0,0,18-24,Postpaid_Basic,5G_Device,4G,2026-03-28
SUB4504473,0.04,0.12,0.12,0.48,65.61,0,0,35-44,Postpaid_Basic,Mid_Range,5G,2026-04-04
SUB8299695,2.41,1.95,0.91,0.35,83.64,1,0,25-34,Prepaid_Daily,5G_Device,4G,2026-04-12
SUB3204664,4.4,1.48,1.32,0.64,58.26,0,0,18-24,Postpaid_Unlimited,Premium_Smartphone,4G,2026-04-12
SUB5341747,1.76,5.68,0.46,0.04,48.66,1,0,25-34,Prepaid_Monthly,Premium_Smartphone,3G,2026-04-13
SUB1686976,0.19,0.56,0.55,0.3,79.81,0,1,25-34,Prepaid_Daily,Mid_Range,5G,2026-03-19
SUB3472189,0.09,0.59,0.09,0.37,110.57,1,0,55+,Prepaid_Monthly,5G_Device,4G+,2026-03-23
SUB9506404,0.05,0.21,0.03,0.02,5.1,0,0,45-54,Postpaid_Premium,Basic_Phone,3G,2026-03-29
SUB2241082,5.01,0.76,0.17,0.32,92.17,0,1,25-34,Prepaid_Monthly,Mid_Range,5G,2026-04-05
SUB6184502,2.6,0.49,1.18,1.36,140.44,0,1,25-34,Prepaid_Daily,Premium_Smartphone,4G+,2026-04-11
SUB7561000,0.5,2.15,0.78,0.06,75.44,0,0,25-34,Postpaid_Basic,Premium_Smartphone,5G,2026-03-29
SUB7671458,1.77,1.36,0.03,0.04,114.72,0,1,55+,Postpaid_Basic,5G_Device,5G,2026-03-25
SUB5892306,0.61,0.32,0.06,0.11,29.91,0,1,18-24,Postpaid_Premium,Basic_Phone,3G,2026-03-24
SUB4674515,3.41,3.11,0.03,0.64,59.39,0,0,25-34,Postpaid_Premium,Premium_Smartphone,4G,2026-04-10
SUB2579159,1.92,0.48,0.02,0.07,73.19,0,0,35-44,Postpaid_Unlimited,Premium_Smartphone,4G,2026-04-09
SUB5515488,0.25,0.28,0.06,0.28,66.97,0,0,55+,Prepaid_Daily,Mid_Range,4G+,2026-04-06
SUB7041495,4.23,1.35,0.03,0.19,92.14,0,0,18-24,Prepaid_Daily,Premium_Smartphone,5G,2026-03-30
SUB9767088,1.74,3.8,1.02,0.23,84.48,1,0,18-24,Postpaid_Unlimited,Mid_Range,4G+,2026-04-02
SUB7324167,1.88,2.55,0.95,0.47,91.28,0,1,18-24,Postpaid_Basic,Premium_Smartphone,4G,2026-03-29
SUB1791971,2.73,2.78,0.39,0.35,100.62,0,0,18-24,Postpaid_Premium,Tablet,5G,2026-03-20
SUB1501157,0.02,3.38,0.82,1.05,87.25,0,0,35-44,Prepaid_Daily,Premium_Smartphone,5G,2026-03-30
SUB5378727,7.77,2.0,1.06,0.82,136.17,1,1,35-44,Prepaid_Daily,5G_Device,4G,2026-04-09
SUB5124499,1.12,0.63,0.54,0.13,126.25,0,0,35-44,Prepaid_Daily,5G_Device,4G+,2026-03-24
SUB6946594,1.08,3.77,0.01,0.02,89.81,0,0,18-24,Prepaid_Monthly,Premium_Smartphone,4G,2026-04-12
SUB6106799,1.06,1.33,0.18,0.06,78.83,1,0,18-24,Prepaid_Daily,5G_Device,3G,2026-04-08
SUB5327576,0.52,1.56,0.05,0.05,46.27,0,0,18-24,Prepaid_Monthly,Mid_Range,4G,2026-04-16
SUB5962140,4.18,1.94,1.27,0.43,41.34,0,0,25-34,Postpaid_Basic,5G_Device,3G,2026-03-27
SUB3799487,0.08,0.34,0.13,0.58,32.66,0,0,45-54,Prepaid_Daily,Mid_Range,3G,2026-03-24
SUB3904941,3.68,2.02,0.73,0.07,161.44,1,1,18-24,Prepaid_Daily,5G_Device,4G,2026-04-14
SUB8983441,1.65,1.3,0.71,0.6,63.4,0,0,18-24,Prepaid_Monthly,Premium_Smartphone,4G,2026-04-05
SUB6320385,3.5,0.77,0.37,0.05,185.36,1,0,25-34,Prepaid_Daily,5G_Device,5G,2026-03-23
SUB3100021,3.96,1.39,0.65,0.45,119.47,1,1,25-34,Prepaid_Daily,5G_Device,4G,2026-04-06
SUB7928040,0.73,2.4,0.05,1.89,157.57,1,1,25-34,Prepaid_Monthly,Premium_Smartphone,4G,2026-04-17
SUB1618467,1.32,1.59,0.12,0.44,88.72,1,0,45-54,Prepaid_Monthly,Premium_Smartphone,4G,2026-04-05
SUB6333152,0.49,6.0,1.37,0.22,52.61,0,0,18-24,Postpaid_Premium,5G_Device,4G,2026-04-08
SUB8328141,0.27,0.8,1.38,0.03,46.87,0,1,35-44,Prepaid_Daily,Mid_Range,4G,2026-04-08
SUB6072148,1.42,0.92,0.19,0.14,10.6,1,0,25-34,Postpaid_Premium,Basic_Phone,3G,2026-04-15
SUB2707923,2.6,0.42,0.0,1.21,77.61,0,0,25-34,Postpaid_Unlimited,Mid_Range,5G,2026-04-09
SUB6134207,3.63,0.89,0.12,0.38,108.06,1,0,55+,Postpaid_Premium,Premium_Smartphone,4G,2026-04-10
SUB9516999,3.95,1.7,0.05,0.56,48.12,0,0,18-24,Prepaid_Daily,Mid_Range,4G,2026-03-28
SUB7730886,2.93,0.08,0.25,0.05,41.92,0,0,35-44,Prepaid_Monthly,Mid_Range,4G,2026-03-29
SUB6853584,8.0,1.34,0.09,0.25,36.28,0,0,25-34,Postpaid_Premium,Mid_Range,4G,2026-04-03
SUB9170528,2.6,1.53,0.29,5.32,71.15,1,0,25-34,Postpaid_Unlimited,Mid_Range,5G,2026-03-28
SUB5301754,0.64,0.75,0.04,0.38,46.27,0,0,45-54,Postpaid_Unlimited,Mid_Range,4G,2026-03-27
SUB3269042,0.14,1.74,0.4,0.34,72.86,0,1,45-54,Prepaid_Monthly,Mid_Range,5G,2026-04-16
SUB2983509,1.25,1.01,0.0,0.02,68.58,0,1,45-54,Postpaid_Basic,Mid_Range,4G,2026-04-06
SUB8740141,3.22,6.0,2.51,0.18,137.11,0,1,35-44,Postpaid_Unlimited,Premium_Smartphone,5G,2026-04-13
SUB1116381,0.94,2.59,0.59,0.17,68.76,1,0,18-24,Postpaid_Premium,Mid_Range,4G+,2026-04-08
SUB2521701,0.63,1.16,0.32,0.05,57.98,0,0,35-44,Postpaid_Basic,5G_Device,3G,2026-03-28
SUB7105525,0.2,0.15,0.45,0.8,64.66,1,0,35-44,Prepaid_Monthly,Premium_Smartphone,3G,2026-04-14
SUB4438618,1.34,1.46,0.07,0.34,45.09,0,1,18-24,Prepaid_Daily,Mid_Range,3G,2026-04-01
SUB8913697,0.82,0.13,0.53,0.23,15.54,0,0,25-34,Postpaid_Basic,Mid_Range,3G,2026-03-27
SUB3457184,3.12,1.96,0.07,1.55,57.91,0,0,45-54,Postpaid_Premium,Premium_Smartphone,4G,2026-04-09
SUB5103022,0.57,0.62,0.49,1.08,43.94,1,0,25-34,Postpaid_Unlimited,Basic_Phone,5G,2026-04-11
SUB2418175,2.2,1.1,1.12,1.39,99.44,0,0,25-34,Postpaid_Unlimited,5G_Device,4G+,2026-03-24
SUB4806688,1.12,0.41,0.85,0.22,52.42,1,0,45-54,Prepaid_Monthly,Mid_Range,4G,2026-04-07
SUB8265795,2.56,1.64,3.97,1.22,95.23,0,1,18-24,Postpaid_Premium,Premium_Smartphone,5G,2026-03-30
SUB4772962,2.4,3.82,2.39,0.64,85.64,0,0,18-24,Prepaid_Monthly,Tablet,5G,2026-03-23
SUB5041776,0.88,2.19,0.25,1.38,106.4,0,1,35-44,Postpaid_Premium,Premium_Smartphone,4G,2026-04-11
SUB3727423,8.0,1.59,0.55,0.94,160.96,0,1,25-34,Postpaid_Premium,5G_Device,5G,2026-03-25
SUB6709840,2.26,0.97,0.4,1.69,95.82,0,0,35-44,Prepaid_Monthly,5G_Device,4G,2026-04-11
SUB6130397,2.44,5.4,0.32,0.19,99.53,0,0,18-24,Prepaid_Monthly,5G_Device,5G,2026-04-13
SUB4451356,1.11,1.68,0.35,4.31,102.25,0,0,25-34,Prepaid_Daily,5G_Device,4G,2026-04-10
SUB4444084,0.45,0.54,0.29,0.01,30.46,0,0,18-24,Prepaid_Daily,Mid_Range,4G,2026-03-22
SUB3927109,0.45,1.21,0.16,0.12,119.86,1,0,55+,Postpaid_Unlimited,Mid_Range,5G,2026-04-12
SUB7979451,0.24,0.65,0.46,0.16,36.98,0,0,25-34,Prepaid_Daily,Mid_Range,3G,2026-03-26
SUB9519981,2.08,0.83,0.53,0.52,181.08,1,1,25-34,Prepaid_Daily,Tablet,5G,2026-03-24
SUB8778484,0.54,0.36,0.19,0.1,26.01,0,0,18-24,Prepaid_Monthly,Mid_Range,3G,2026-03-22
SUB9503902,3.46,2.59,0.64,1.17,34.81,0,0,18-24,Postpaid_Unlimited,Mid_Range,4G,2026-04-06
SUB7214624,2.3,0.59,0.84,2.92,147.92,1,1,25-34,Prepaid_Monthly,5G_Device,4G,2026-04-06
SUB5842611,0.25,0.61,0.08,0.48,47.29,0,0,18-24,Prepaid_Daily,Mid_Range,3G,2026-04-14
SUB7357182,1.01,0.31,0.08,0.51,105.91,0,0,25-34,Postpaid_Premium,Premium_Smartphone,4G,2026-04-17
SUB5335868,2.13,5.37,1.36,1.77,82.69,0,0,25-34,Prepaid_Monthly,5G_Device,4G+,2026-03-21
SUB3215167,0.38,2.57,0.42,0.21,75.7,0,1,45-54,Prepaid_Monthly,Premium_Smartphone,3G,2026-04-12
SUB4886402,1.22,0.71,0.07,1.66,38.52,0,0,35-44,Postpaid_Premium,Premium_Smartphone,3G,2026-03-22
SUB7545535,6.58,3.18,0.61,0.11,105.95,0,1,25-34,Prepaid_Monthly,Premium_Smartphone,5G,2026-04-17
SUB7842385,2.97,5.84,0.0,0.26,81.3,0,0,18-24,Postpaid_Unlimited,Premium_Smartphone,4G,2026-03-28
SUB1688105,0.75,2.61,0.39,0.68,66.73,0,1,35-44,Postpaid_Basic,Mid_Range,4G,2026-03-28
SUB2989173,1.43,0.72,1.21,0.0,72.63,0,0,35-44,Postpaid_Basic,Premium_Smartphone,4G,2026-04-01
SUB4080761,0.09,0.1,0.01,0.37,30.68,0,1,18-24,Prepaid_Monthly,Basic_Phone,4G,2026-03-31
SUB2414466,0.09,2.07,1.16,0.19,99.36,1,1,55+,Postpaid_Premium,Premium_Smartphone,4G,2026-03-19
SUB1445101,3.87,2.93,0.22,1.71,90.13,0,0,18-24,Postpaid_Basic,Premium_Smartphone,5G,2026-04-08
SUB9106609,0.14,0.61,0.15,0.0,30.15,0,0,18-24,Prepaid_Daily,Mid_Range,3G,2026-04-02
SUB8413023,0.22,3.15,0.25,1.95,63.99,0,0,18-24,Prepaid_Monthly,Premium_Smartphone,4G+,2026-04-06
SUB8613269,0.26,0.39,0.37,0.24,81.29,1,0,55+,Postpaid_Basic,Premium_Smartphone,3G,2026-04-15
SUB2105534,3.24,0.27,0.39,0.51,49.93,0,0,25-34,Postpaid_Premium,Mid_Range,5G,2026-03-24
SUB5353127,1.65,0.6,0.61,1.2,81.51,0,0,45-54,Postpaid_Unlimited,Mid_Range,5G,2026-03-31
SUB8315360,0.25,2.33,0.05,6.0,96.14,0,1,18-24,Postpaid_Premium,5G_Device,4G,2026-04-16
SUB9073461,1.5,1.67,1.85,1.32,81.55,1,0,25-34,Postpaid_Basic,5G_Device,3G,2026-04-10
SUB1498863,5.36,2.36,0.51,0.5,90.25,1,0,25-34,Prepaid_Monthly,Premium_Smartphone,4G+,2026-04-12
SUB9756262,0.82,2.03,1.08,1.11,116.17,0,0,45-54,Postpaid_Premium,Premium_Smartphone,5G,2026-03-28
SUB3676188,4.07,3.28,0.54,0.91,63.62,0,0,18-24,Postpaid_Unlimited,Premium_Smartphone,4G,2026-03-29
SUB4295990,8.0,1.7,3.23,2.64,60.07,0,0,18-24,Postpaid_Basic,5G_Device,3G,2026-03-25
SUB8782937,0.97,0.43,0.51,0.02,67.4,0,0,18-24,Prepaid_Daily,Mid_Range,4G+,2026-04-05
SUB7526818,0.53,0.27,0.01,0.13,87.65,0,0,45-54,Prepaid_Daily,5G_Device,4G,2026-03-31
SUB6491590,0.48,1.33,1.34,1.13,84.75,0,0,25-34,Prepaid_Monthly,Premium_Smartphone,4G,2026-04-03
SUB7512440,0.91,6.0,4.0,0.1,122.89,0,0,25-34,Postpaid_Basic,Premium_Smartphone,4G+,2026-04-15
SUB7099628,5.85,2.63,0.3,3.3,82.54,1,0,25-34,Postpaid_Unlimited,Premium_Smartphone,4G,2026-03-20
SUB7555968,1.14,0.07,0.36,0.1,60.06,1,1,55+,Prepaid_Monthly,Mid_Range,4G,2026-03-19
SUB3699015,0.63,1.36,0.0,0.02,100.14,0,0,45-54,Prepaid_Monthly,Premium_Smartphone,5G,2026-03-31
SUB9837590,1.21,2.3,0.51,0.21,64.92,0,0,35-44,Postpaid_Basic,Mid_Range,5G,2026-03-24
SUB2172622,3.82,0.49,0.38,0.34,33.31,0,0,25-34,Postpaid_Unlimited,Mid_Range,3G,2026-04-15
SUB3503771,3.12,0.76,0.61,1.0,91.72,0,0,18-24,Prepaid_Monthly,Premium_Smartphone,4G+,2026-03-26
SUB4177825,0.14,0.1,0.23,0.23,56.33,1,0,55+,Prepaid_Monthly,Mid_Range,4G+,2026-04-16
SUB1996161,1.24,0.54,0.0,0.17,50.89,0,0,25-34,Prepaid_Daily,Mid_Range,4G,2026-04-09
SUB5183839,1.25,0.58,0.95,0.1,79.57,0,1,25-34,Postpaid_Basic,5G_Device,4G,2026-04-07
SUB1666326,8.0,2.0,2.65,0.03,117.11,1,0,25-34,Postpaid_Premium,5G_Device,4G+,2026-03-27
SUB1649150,0.3,0.2,0.16,0.2,110.05,1,0,55+,Prepaid_Monthly,Premium_Smartphone,4G,2026-04-04
SUB4375957,1.9,1.17,0.96,0.84,90.53,0,0,25-34,Postpaid_Basic,5G_Device,4G,2026-04-02
SUB1118834,0.33,5.44,0.21,0.0,149.68,0,0,35-44,Postpaid_Basic,Tablet,5G,2026-04-02
SUB4239576,2.59,0.91,0.49,1.52,169.58,1,1,45-54,Postpaid_Basic,Premium_Smartphone,5G,2026-03-25
SUB6893309,7.87,1.4,0.02,0.37,129.97,1,0,25-34,Prepaid_Daily,5G_Device,5G,2026-04-07
SUB6948540,3.3,0.77,0.46,0.55,73.47,0,1,18-24,Postpaid_Unlimited,Mid_Range,5G,2026-04-08
SUB5249913,0.69,1.45,0.0,0.11,95.33,0,0,55+,Postpaid_Basic,Premium_Smartphone,4G,2026-04-11
SUB5422201,1.16,0.07,0.01,0.02,26.23,0,0,55+,Postpaid_Premium,Basic_Phone,5G,2026-04-08
SUB2079600,2.07,0.27,0.67,1.19,82.6,1,0,45-54,Postpaid_Basic,5G_Device,3G,2026-04-01
SUB4503157,3.62,1.23,1.22,3.53,79.51,0,0,35-44,Postpaid_Unlimited,5G_Device,4G,2026-04-06
SUB9272874,0.15,0.13,2.12,2.64,35.75,0,0,25-34,Postpaid_Basic,Mid_Range,4G,2026-04-15
SUB9849851,0.18,0.26,0.06,0.47,86.14,0,0,55+,Prepaid_Monthly,Premium_Smartphone,4G,2026-04-13
SUB2985588,0.45,2.48,0.04,0.19,55.19,0,0,25-34,Prepaid_Monthly,5G_Device,4G,2026-04-01
SUB9640059,0.66,0.38,0.05,0.14,70.52,0,0,45-54,Prepaid_Monthly,5G_Device,4G,2026-04-06
SUB5197355,0.39,0.97,0.16,0.43,140.34,1,1,55+,Prepaid_Monthly,Mid_Range,5G,2026-04-09
SUB2752683,2.83,6.0,0.47,0.35,92.12,0,0,35-44,Postpaid_Unlimited,5G_Device,4G,2026-03-22
SUB8716868,0.7,0.9,0.56,0.91,37.33,0,0,45-54,Postpaid_Unlimited,Mid_Range,4G,2026-04-11
SUB2004646,2.83,0.81,0.03,0.05,67.36,0,0,45-54,Prepaid_Monthly,Premium_Smartphone,4G,2026-03-27
SUB4867500,2.15,0.76,0.14,1.19,40.87,0,0,18-24,Prepaid_Monthly,Mid_Range,4G+,2026-04-09
SUB1449395,0.18,0.21,0.07,0.01,30.51,0,0,35-44,Prepaid_Daily,Basic_Phone,5G,2026-04-16
SUB6143901,0.51,4.38,0.26,0.39,21.32,0,0,18-24,Postpaid_Unlimited,Mid_Range,3G,2026-03-28
SUB7754350,3.54,0.23,0.24,0.15,54.05,0,0,25-34,Prepaid_Monthly,Mid_Range,4G+,2026-03-22
SUB2260386,0.32,2.97,0.11,0.8,79.34,0,1,18-24,Postpaid_Basic,Premium_Smartphone,3G,2026-04-14
SUB4054390,1.25,2.92,1.25,1.34,82.45,0,0,25-34,Postpaid_Unlimited,Mid_Range,5G,2026-03-20
SUB8019431,0.76,5.69,0.13,0.47,71.82,0,0,45-54,Prepaid_Monthly,5G_Device,4G,2026-04-01
SUB4379569,1.42,0.18,0.17,0.19,75.24,1,0,55+,Postpaid_Premium,Tablet,3G,2026-03-20
SUB3900603,0.67,1.37,0.56,0.1,103.82,0,1,25-34,Prepaid_Monthly,5G_Device,4G,2026-03-24
SUB9611474,0.35,3.06,1.98,0.91,105.65,1,0,25-34,Postpaid_Premium,Premium_Smartphone,5G,2026-04-09
SUB2646711,0.79,2.57,0.38,0.09,88.33,0,0,25-34,Prepaid_Monthly,Premium_Smartphone,4G,2026-04-04
SUB6587774,0.06,0.03,0.01,0.07,33.95,1,1,55+,Prepaid_Monthly,Basic_Phone,4G,2026-04-12
SUB7319707,3.54,0.64,0.78,1.79,94.66,1,0,25-34,Postpaid_Unlimited,Mid_Range,5G,2026-04-11
SUB8967801,2.83,1.7,0.86,0.04,85.26,0,1,35-44,Postpaid_Basic,5G_Device,3G,2026-04-09
SUB2423286,0.01,0.08,0.05,0.02,38.71,0,0,55+,Prepaid_Monthly,Basic_Phone,5G,2026-04-10
SUB4695961,1.25,0.85,0.06,0.62,73.32,0,1,25-34,Prepaid_Monthly,5G_Device,3G,2026-04-04
SUB9217316,0.26,0.16,0.09,0.03,42.7,0,0,55+,Prepaid_Daily,Mid_Range,4G,2026-03-20
SUB4177945,0.36,0.55,0.02,1.06,86.77,0,0,55+,Postpaid_Premium,Mid_Range,5G,2026-03-28
SUB8348340,0.35,1.45,0.08,0.03,75.8,1,0,55+,Prepaid_Monthly,Mid_Range,4G+,2026-03-21
SUB1183062,4.58,3.53,0.57,0.26,143.02,0,0,25-34,Postpaid_Premium,5G_Device,5G,2026-03-19
SUB3841992,1.81,2.58,0.0,0.38,101.04,0,0,25-34,Prepaid_Monthly,Premium_Smartphone,4G,2026-04-10
SUB5294539,0.88,0.03,0.34,0.08,70.39,0,0,45-54,Prepaid_Monthly,Mid_Range,4G+,2026-03-24
SUB7095929,7.81,3.0,0.43,0.38,82.12,1,0,25-34,Postpaid_Premium,Premium_Smartphone,4G,2026-04-06
SUB5944505,0.62,2.01,0.19,0.87,132.06,1,0,35-44,Postpaid_Basic,5G_Device,4G,2026-03-24
SUB1803328,5.92,2.67,3.3,0.89,99.37,0,0,18-24,Postpaid_Unlimited,Premium_Smartphone,4G+,2026-03-27
SUB5062958,0.33,0.04,0.04,0.07,17.29,0,0,18-24,Postpaid_Basic,Basic_Phone,3G,2026-03-24
SUB2043233,0.39,0.19,0.12,0.11,29.54,0,1,25-34,Prepaid_Monthly,Basic_Phone,4G,2026-03-27
SUB7468703,3.15,0.59,0.6,0.41,110.35,0,0,35-44,Postpaid_Basic,5G_Device,4G+,2026-04-15
SUB1529525,1.74,0.55,0.05,0.12,65.98,0,0,25-34,Prepaid_Daily,Premium_Smartphone,3G,2026-04-12
SUB1176615,0.26,0.45,0.4,0.57,93.53,0,1,35-44,Prepaid_Monthly,5G_Device,4G,2026-04-03
SUB5381932,1.05,1.06,0.13,0.01,44.25,0,0,25-34,Prepaid_Monthly,Premium_Smartphone,3G,2026-03-22
SUB7665088,0.62,0.58,0.16,0.15,5.0,0,0,35-44,Postpaid_Premium,Basic_Phone,4G+,2026-03-20
SUB8474447,0.95,0.33,0.41,0.59,35.94,0,0,35-44,Prepaid_Daily,Mid_Range,4G,2026-03-24
SUB5601020,3.47,2.78,0.48,0.56,146.28,1,1,25-34,Prepaid_Monthly,Premium_Smartphone,4G,2026-04-15
SUB4699391,0.96,1.0,0.23,0.05,55.29,0,0,25-34,Prepaid_Monthly,Mid_Range,4G,2026-04-15
SUB9929860,0.85,1.02,0.0,0.01,63.98,0,0,18-24,Prepaid_Daily,Tablet,4G,2026-03-31
SUB8006454,0.88,1.0,0.37,0.41,133.16,1,1,25-34,Prepaid_Daily,Mid_Range,5G,2026-04-10
SUB4612610,2.81,1.13,0.68,2.15,118.67,1,1,35-44,Prepaid_Monthly,Premium_Smartphone,4G,2026-03-28
SUB8031883,0.95,3.38,0.44,0.12,43.79,0,1,25-34,Prepaid_Monthly,Mid_Range,4G,2026-03-30
SUB3164367,0.95,1.83,0.64,0.08,103.87,1,1,25-34,Prepaid_Daily,Mid_Range,5G,2026-03-20
SUB1144356,0.68,0.74,0.28,0.04,43.41,0,0,35-44,Prepaid_Daily,Premium_Smartphone,3G,2026-04-06
SUB9744220,1.08,6.0,1.04,1.66,132.32,1,0,18-24,Postpaid_Premium,Premium_Smartphone,5G,2026-04-13
SUB9398043,0.24,0.16,0.04,0.28,35.46,1,0,55+,Postpaid_Premium,Basic_Phone,4G,2026-04-07
SUB2748014,0.94,1.69,0.29,0.04,84.4,0,0,18-24,Postpaid_Basic,Mid_Range,5G,2026-03-30
SUB8156720,0.24,0.55,0.1,1.3,54.71,0,0,55+,Postpaid_Unlimited,Premium_Smartphone,4G,2026-03-24
SUB3288627,1.36,2.58,4.0,0.37,135.78,0,1,25-34,Prepaid_Daily,5G_Device,5G,2026-03-31
SUB7517963,1.77,0.81,0.0,0.21,60.78,0,0,25-34,Prepaid_Monthly,Mid_Range,4G+,2026-03-23
SUB7597519,8.0,0.36,1.15,0.05,120.71,0,0,25-34,Postpaid_Premium,Premium_Smartphone,5G,2026-04-17
SUB1764121,1.12,1.71,1.41,0.04,91.48,1,1,18-24,Postpaid_Basic,Mid_Range,5G,2026-03-24
SUB8068121,8.0,6.0,1.37,0.48,141.25,0,0,25-34,Postpaid_Unlimited,Premium_Smartphone,5G,2026-04-17
SUB4502630,1.54,0.84,0.01,0.66,111.7,1,0,18-24,Postpaid_Unlimited,Premium_Smartphone,4G,2026-04-17
SUB6698848,0.4,0.59,0.13,0.04,39.86,0,0,35-44,Prepaid_Daily,Mid_Range,4G,2026-03-29
SUB2107677,0.48,6.0,0.31,2.68,105.92,0,0,25-34,Postpaid_Unlimited,Premium_Smartphone,5G,2026-04-02
SUB6738852,0.45,2.6,0.36,0.66,112.62,1,0,45-54,Postpaid_Unlimited,Mid_Range,5G,2026-04-05
SUB1288790,4.45,1.05,1.05,0.17,24.9,0,0,18-24,Prepaid_Monthly,Mid_Range,4G,2026-04-08
SUB6084921,1.89,0.9,0.01,0.46,112.6,0,1,55+,Postpaid_Unlimited,Premium_Smartphone,4G,2026-03-24
SUB4693305,2.02,0.37,0.19,0.22,88.45,0,1,25-34,Prepaid_Daily,Premium_Smartphone,4G,2026-03-20
SUB5466271,1.46,2.4,0.14,0.84,128.99,1,0,18-24,Postpaid_Premium,5G_Device,4G,2026-04-03
SUB5385536,0.09,0.27,0.58,0.13,24.68,0,0,25-34,Prepaid_Monthly,Basic_Phone,4G+,2026-03-22
SUB2352695,7.71,3.29,0.95,0.63,119.47,1,0,18-24,Prepaid_Daily,5G_Device,5G,2026-04-16
SUB2589228,2.08,3.03,0.63,1.62,45.48,0,0,18-24,Postpaid_Basic,Mid_Range,4G,2026-04-09
SUB2100567,0.04,0.69,0.13,0.17,24.96,1,0,25-34,Prepaid_Monthly,Mid_Range,3G,2026-04-14
SUB8706358,1.56,2.99,0.33,0.23,64.42,0,0,35-44,Postpaid_Premium,Premium_Smartphone,3G,2026-03-27
SUB1049115,0.39,0.59,0.07,0.17,60.73,0,0,55+,Postpaid_Basic,Premium_Smartphone,4G,2026-04-08
SUB1721747,1.14,0.69,0.16,0.12,91.47,1,0,25-34,Prepaid_Monthly,Tablet,3G,2026-04-15
SUB6392023,0.79,0.07,0.47,0.02,82.21,0,1,55+,Prepaid_Daily,Premium_Smartphone,4G+,2026-04-09
SUB6957515,1.09,0.7,0.34,0.08,52.63,0,0,55+,Postpaid_Basic,Mid_Range,4G,2026-03-26
SUB7232753,2.95,1.13,0.12,1.96,119.01,1,0,45-54,Postpaid_Premium,5G_Device,4G,2026-03-23
SUB6246880,3.36,0.28,0.49,0.37,41.59,1,0,25-34,Postpaid_Basic,Mid_Range,4G,2026-04-01
SUB2404330,1.14,1.55,0.44,1.46,104.12,0,1,18-24,Postpaid_Basic,Mid_Range,5G,2026-03-23
SUB1251492,1.84,1.03,1.54,1.93,108.05,0,0,18-24,Postpaid_Basic,Premium_Smartphone,5G,2026-04-04
SUB5035851,1.03,6.0,0.02,0.04,84.58,0,0,35-44,Prepaid_Monthly,5G_Device,4G,2026-04-16
SUB1491072,3.55,1.63,3.23,0.38,79.97,0,0,25-34,Postpaid_Basic,Premium_Smartphone,4G,2026-04-06
SUB2086880,8.0,1.38,1.29,0.53,86.99,0,1,18-24,Postpaid_Unlimited,Premium_Smartphone,4G+,2026-04-04
SUB3055723,4.33,2.64,0.97,0.18,89.18,0,0,25-34,Postpaid_Premium,Premium_Smartphone,4G,2026-04-12
SUB3248988,0.34,5.91,0.02,0.03,92.21,0,0,18-24,Prepaid_Monthly,Premium_Smartphone,5G,2026-03-21
SUB3976242,1.76,0.34,4.0,0.38,106.69,1,0,35-44,Postpaid_Basic,5G_Device,4G,2026-04-14
SUB5580081,2.52,0.25,3.52,0.22,59.48,0,0,18-24,Postpaid_Basic,Mid_Range,5G,2026-04-09
SUB3648790,1.04,0.88,0.02,0.25,49.18,0,0,35-44,Postpaid_Premium,Mid_Range,4G,2026-03-20
SUB4763024,0.41,0.58,0.05,0.95,59.07,0,0,45-54,Postpaid_Basic,Mid_Range,4G+,2026-04-06
SUB5833177,1.39,4.84,0.51,0.06,162.4,1,0,18-24,Postpaid_Premium,5G_Device,5G,2026-03-27
SUB9272841,1.4,1.24,0.2,0.57,78.83,0,0,25-34,Prepaid_Monthly,Premium_Smartphone,4G,2026-04-17
SUB4353597,0.93,0.71,0.04,3.29,58.69,0,0,45-54,Prepaid_Monthly,Premium_Smartphone,4G,2026-03-24
SUB9454561,0.11,0.58,0.05,0.1,15.84,1,1,25-34,Postpaid_Unlimited,Basic_Phone,3G,2026-04-09
SUB3597480,0.85,0.67,0.43,0.23,51.26,0,0,18-24,Prepaid_Monthly,Mid_Range,4G+,2026-04-01
SUB5197571,6.66,1.18,0.15,2.72,86.14,1,0,25-34,Postpaid_Unlimited,5G_Device,3G,2026-04-05
SUB7374201,0.35,0.15,0.07,0.99,47.59,0,1,35-44,Prepaid_Daily,Mid_Range,3G,2026-04-01
SUB7118900,1.59,1.53,0.41,0.34,86.11,0,0,35-44,Prepaid_Monthly,Premium_Smartphone,4G,2026-04-03
SUB3922097,0.49,0.56,1.19,0.26,59.72,0,0,18-24,Postpaid_Basic,Mid_Range,5G,2026-03-27
SUB1157164,8.0,0.66,0.59,0.23,92.57,1,0,25-34,Postpaid_Premium,Premium_Smartphone,4G,2026-03-30
SUB1531831,0.29,1.32,3.17,0.77,55.88,0,0,25-34,Postpaid_Premium,Premium_Smartphone,4G,2026-04-02
SUB3989475,0.53,0.47,0.36,0.17,99.29,0,0,45-54,Prepaid_Daily,5G_Device,4G+,2026-03-21
SUB4369720,0.07,0.94,0.36,0.23,88.31,1,0,25-34,Prepaid_Monthly,Mid_Range,5G,2026-04-07
SUB5711075,1.2,1.71,0.05,0.15,49.82,0,0,45-54,Postpaid_Basic,Premium_Smartphone,4G,2026-04-11
SUB8122313,2.92,2.53,0.19,0.4,79.69,0,1,25-34,Prepaid_Monthly,Premium_Smartphone,3G,2026-04-05
SUB7854500,1.97,4.65,0.54,0.02,95.29,0,0,35-44,Prepaid_Monthly,5G_Device,4G,2026-04-01
SUB3640328,0.62,2.39,0.47,0.14,100.91,0,0,25-34,Postpaid_Basic,Premium_Smartphone,4G,2026-04-13
SUB8326434,2.85,0.93,0.05,0.92,44.23,1,0,35-44,Postpaid_Basic,Mid_Range,4G,2026-04-07
SUB6063778,5.22,2.4,0.1,0.25,112.92,1,0,25-34,Prepaid_Monthly,Premium_Smartphone,4G,2026-03-29
SUB4970001,0.27,0.56,0.73,0.2,134.38,1,0,45-54,Prepaid_Daily,Premium_Smartphone,4G,2026-04-04
SUB1070640,0.09,2.71,0.21,0.23,122.24,1,0,25-34,Prepaid_Monthly,5G_Device,4G,2026-03-28
SUB5122263,1.98,0.81,0.79,0.64,94.68,1,0,25-34,Prepaid_Daily,Mid_Range,5G,2026-04-07
SUB5594877,6.73,0.64,0.11,0.17,60.25,0,0,25-34,Postpaid_Basic,Mid_Range,4G,2026-03-24
SUB2355531,1.21,0.69,0.04,0.34,89.7,0,0,45-54,Postpaid_Premium,5G_Device,4G+,2026-03-29
SUB1675510,4.64,0.66,0.44,0.22,102.28,1,0,35-44,Prepaid_Daily,5G_Device,4G,2026-03-28
SUB4741196,0.42,0.54,0.01,0.1,36.86,0,0,25-34,Prepaid_Daily,Mid_Range,4G,2026-03-27
SUB7990102,0.49,0.1,0.03,0.04,26.46,0,0,35-44,Prepaid_Daily,Basic_Phone,4G,2026-03-23
SUB3734296,1.7,0.71,0.37,0.07,48.99,0,0,35-44,Postpaid_Premium,Mid_Range,5G,2026-03-19
SUB7706024,0.04,0.83,0.07,0.07,58.21,1,1,55+,Prepaid_Daily,Mid_Range,4G,2026-03-25
SUB1898320,0.65,2.68,0.48,0.6,61.5,1,0,45-54,Postpaid_Unlimited,Mid_Range,4G,2026-03-26
SUB6781565,0.57,0.93,0.42,0.0,41.36,0,0,35-44,Prepaid_Monthly,Mid_Range,4G,2026-04-03
SUB3007635,3.61,2.24,1.03,0.53,72.97,1,0,25-34,Prepaid_Monthly,5G_Device,4G,2026-03-24
SUB4264908,0.12,0.26,0.04,0.06,24.54,0,1,45-54,Prepaid_Daily,Basic_Phone,4G+,2026-04-14
SUB5260538,0.6,0.64,1.0,0.73,51.88,0,0,35-44,Postpaid_Basic,Premium_Smartphone,3G,2026-04-17
SUB7486460,0.48,1.43,0.68,0.01,111.03,0,0,55+,Postpaid_Basic,Premium_Smartphone,5G,2026-04-01
SUB7197323,6.11,0.7,0.01,0.1,144.28,0,0,18-24,Postpaid_Basic,Premium_Smartphone,5G,2026-04-13
SUB4621581,2.93,0.62,0.13,0.13,74.47,0,0,18-24,Prepaid_Monthly,Premium_Smartphone,4G,2026-04-01
SUB5246238,3.54,0.54,0.15,0.1,124.95,0,0,18-24,Prepaid_Monthly,Premium_Smartphone,4G+,2026-03-29
SUB6963135,1.63,1.61,0.14,2.0,79.17,1,0,35-44,Prepaid_Monthly,5G_Device,4G,2026-03-29
SUB9814131,0.3,0.34,0.63,0.07,83.58,0,0,55+,Prepaid_Monthly,5G_Device,4G,2026-03-27
SUB4599865,0.2,0.35,0.23,0.09,16.7,0,0,18-24,Prepaid_Monthly,Basic_Phone,4G,2026-04-01
SUB6382287,0.1,0.69,0.5,1.2,18.52,0,0,35-44,Postpaid_Premium,Basic_Phone,5G,2026-03-20
SUB8990340,1.77,0.58,0.77,0.15,152.64,0,1,35-44,Prepaid_Monthly,5G_Device,4G+,2026-03-22
SUB2039458,1.01,5.19,0.9,0.13,122.18,1,0,35-44,Prepaid_Monthly,Premium_Smartphone,4G,2026-03-24
SUB4772811,1.29,2.06,0.54,0.67,99.5,0,0,25-34,Prepaid_Monthly,Tablet,4G+,2026-04-10
SUB3317336,1.13,0.38,0.12,0.03,55.94,0,0,45-54,Prepaid_Daily,Mid_Range,4G+,2026-03-24
SUB3763642,2.95,1.08,0.39,0.24,69.1,0,1,18-24,Postpaid_Basic,Mid_Range,4G,2026-04-13
SUB8689684,0.03,0.37,0.25,0.34,103.23,0,0,45-54,Prepaid_Monthly,Premium_Smartphone,4G,2026-04-04
SUB4788340,0.69,0.93,0.06,0.05,43.71,0,0,25-34,Prepaid_Daily,Mid_Range,4G,2026-04-03
SUB1197775,3.54,6.0,1.95,0.85,148.32,0,0,25-34,Postpaid_Unlimited,Premium_Smartphone,5G,2026-03-24
SUB3386488,1.92,0.36,0.72,0.34,55.32,0,0,45-54,Prepaid_Monthly,5G_Device,3G,2026-04-08
SUB1787494,1.65,0.68,2.99,0.21,126.66,0,1,25-34,Prepaid_Monthly,Premium_Smartphone,5G,2026-04-13
SUB6851244,2.59,0.44,0.07,0.94,62.4,1,0,18-24,Postpaid_Premium,Mid_Range,4G+,2026-03-23
SUB6332660,0.13,0.88,0.81,0.16,117.84,0,0,35-44,Prepaid_Daily,Premium_Smartphone,5G,2026-04-07
SUB7837433,8.0,6.0,0.73,0.2,103.0,0,0,25-34,Postpaid_Unlimited,Premium_Smartphone,5G,2026-03-29
SUB6083769,0.46,1.32,0.2,0.01,137.35,0,0,25-34,Prepaid_Monthly,Premium_Smartphone,5G,2026-04-10
SUB1533636,1.01,3.71,0.27,0.86,104.17,0,0,25-34,Postpaid_Basic,Premium_Smartphone,5G,2026-04-06
SUB5232406,1.18,2.47,0.02,1.54,61.3,0,0,18-24,Postpaid_Premium,Premium_Smartphone,4G,2026-04-05
SUB3276360,8.0,0.37,0.12,1.94,125.43,1,0,25-34,Postpaid_Unlimited,Premium_Smartphone,4G,2026-04-16
SUB5408249,0.51,1.96,0.08,0.67,52.4,0,1,18-24,Postpaid_Basic,Premium_Smartphone,3G,2026-03-31
SUB5426219,0.72,0.61,0.36,0.03,88.11,1,0,55+,Postpaid_Basic,Premium_Smartphone,4G,2026-03-23
SUB9914438,1.59,1.23,1.38,0.7,77.33,1,0,18-24,Postpaid_Basic,Mid_Range,4G,2026-03-25
SUB2332397,2.77,0.83,0.55,1.68,86.02,0,0,25-34,Prepaid_Monthly,Premium_Smartphone,4G,2026-04-14
SUB8517836,1.64,6.0,4.0,5.27,186.4,1,1,18-24,Postpaid_Premium,Premium_Smartphone,5G,2026-04-12
SUB7646705,0.48,0.76,0.07,0.1,35.9,1,0,18-24,Prepaid_Daily,Basic_Phone,4G,2026-04-06
SUB6462810,1.23,1.77,1.12,0.11,165.43,1,0,35-44,Postpaid_Basic,5G_Device,5G,2026-04-04
SUB9905921,2.35,2.96,0.97,0.03,76.97,0,0,35-44,Postpaid_Basic,Mid_Range,5G,2026-04-02
SUB7903836,0.55,0.4,0.49,0.13,29.46,0,0,18-24,Postpaid_Unlimited,Basic_Phone,4G+,2026-03-31
SUB7243669,0.28,3.1,0.61,4.37,80.84,1,1,18-24,Postpaid_Basic,Premium_Smartphone,4G,2026-03-27
SUB2286643,1.16,1.25,0.03,0.96,47.29,0,1,18-24,Postpaid_Premium,Mid_Range,4G,2026-04-03
SUB9315390,4.17,1.89,0.29,0.97,132.26,0,0,45-54,Prepaid_Daily,Premium_Smartphone,5G,2026-03-23
SUB7200646,1.31,0.53,0.53,1.16,85.48,1,0,35-44,Prepaid_Daily,Premium_Smartphone,4G,2026-03-20
SUB7983896,3.14,1.14,0.12,0.15,42.14,0,0,18-24,Postpaid_Basic,Mid_Range,5G,2026-03-21
SUB9783148,0.56,0.93,0.39,1.61,101.41,0,0,25-34,Postpaid_Basic,Tablet,4G+,2026-04-10
SUB6409861,0.95,1.88,0.35,0.07,95.29,1,1,35-44,Postpaid_Basic,Mid_Range,4G,2026-04-04
SUB5939003,0.43,1.35,0.02,0.17,85.31,0,1,45-54,Postpaid_Premium,Premium_Smartphone,4G,2026-04-14
SUB7311326,0.29,0.17,0.14,0.09,56.43,0,0,55+,Prepaid_Monthly,5G_Device,4G,2026-04-17
SUB6146386,2.09,3.08,0.63,0.93,116.77,0,0,25-34,Postpaid_Basic,Premium_Smartphone,4G+,2026-04-13
SUB9415398,0.46,2.07,0.23,0.28,48.23,0,0,18-24,Prepaid_Daily,Tablet,3G,2026-04-03
SUB1448345,2.62,1.16,0.16,0.63,86.42,1,0,18-24,Prepaid_Monthly,5G_Device,3G,2026-04-05
SUB8827494,0.12,3.33,0.1,0.3,53.79,0,0,45-54,Prepaid_Daily,5G_Device,4G,2026-03-31
SUB4685501,2.04,0.91,0.19,0.05,82.4,0,0,55+,Postpaid_Premium,Mid_Range,5G,2026-04-07
SUB2879490,8.0,0.49,1.3,0.94,164.76,1,1,25-34,Postpaid_Basic,Premium_Smartphone,5G,2026-04-02
SUB5984445,0.27,0.41,0.36,0.19,59.14,0,0,25-34,Prepaid_Monthly,5G_Device,4G,2026-04-11
SUB7939705,4.39,5.19,0.38,1.27,68.59,0,0,25-34,Postpaid_Basic,5G_Device,4G,2026-03-21
SUB8002587,1.4,0.22,0.67,0.01,70.94,0,0,25-34,Prepaid_Monthly,5G_Device,4G,2026-04-09
SUB7742471,5.38,1.73,3.42,0.95,85.12,0,0,25-34,Postpaid_Premium,5G_Device,5G,2026-04-13
SUB2454908,0.98,3.12,1.12,1.53,73.16,0,1,35-44,Postpaid_Basic,Premium_Smartphone,4G,2026-04-08
SUB4319144,0.32,0.78,0.08,0.0,25.24,0,1,18-24,Prepaid_Daily,Basic_Phone,4G,2026-03-30
SUB9693670,1.32,1.75,1.3,0.01,72.34,0,0,25-34,Postpaid_Unlimited,Mid_Range,5G,2026-04-08
SUB6806466,0.58,0.67,0.0,0.52,64.1,0,1,35-44,Prepaid_Daily,Mid_Range,4G+,2026-04-06
SUB6744588,8.0,6.0,0.49,0.24,60.3,0,0,18-24,Postpaid_Premium,Mid_Range,4G,2026-03-26
SUB6304509,0.24,1.27,0.25,0.69,73.94,0,1,18-24,Prepaid_Monthly,Mid_Range,4G,2026-03-24
SUB8668216,0.72,0.42,0.08,0.01,10.54,0,0,25-34,Prepaid_Monthly,Basic_Phone,4G,2026-04-09
SUB5949499,4.91,3.61,0.29,0.0,71.06,0,1,45-54,Postpaid_Premium,Mid_Range,4G,2026-03-20
SUB3387312,0.85,0.97,0.36,0.77,171.42,1,1,45-54,Prepaid_Daily,Tablet,5G,2026-03-20
SUB4693976,0.45,1.18,1.07,0.48,55.51,0,0,18-24,Postpaid_Unlimited,Mid_Range,4G,2026-04-10
SUB7062903,4.56,1.26,0.33,0.36,81.54,1,1,25-34,Prepaid_Monthly,Mid_Range,5G,2026-03-28
SUB5408224,2.24,1.8,0.7,0.07,72.2,0,0,25-34,Prepaid_Monthly,Premium_Smartphone,4G,2026-04-12
SUB5035493,1.07,0.35,0.25,0.47,72.3,1,0,35-44,Postpaid_Basic,5G_Device,4G,2026-04-16
SUB6703737,0.8,0.75,0.42,0.05,82.37,0,0,35-44,Prepaid_Daily,Mid_Range,5G,2026-04-05
SUB2871403,0.22,0.09,0.53,0.19,66.21,0,1,45-54,Postpaid_Basic,Mid_Range,4G,2026-04-14
SUB6747372,1.26,6.0,0.16,1.14,59.79,0,0,25-34,Postpaid_Unlimited,Mid_Range,4G,2026-04-06
SUB5848287,0.06,0.75,0.34,0.11,85.85,1,1,55+,Postpaid_Premium,Mid_Range,4G+,2026-03-30
SUB6658796,0.14,0.25,0.01,0.0,23.51,0,1,55+,Prepaid_Monthly,Basic_Phone,5G,2026-03-27
SUB1821052,2.87,0.75,0.24,6.0,142.33,0,1,45-54,Postpaid_Premium,Premium_Smartphone,4G+,2026-03-25
SUB3225300,1.4,1.06,0.05,0.01,53.75,0,0,35-44,Postpaid_Unlimited,5G_Device,4G,2026-04-07
SUB2855567,1.36,0.88,0.13,0.08,81.71,0,0,25-34,Prepaid_Daily,Premium_Smartphone,4G,2026-04-09
SUB2534837,1.51,0.61,0.15,0.7,48.94,0,0,25-34,Postpaid_Basic,Mid_Range,4G+,2026-03-26
SUB4338442,1.64,1.87,0.02,0.33,88.65,1,1,18-24,Prepaid_Monthly,Mid_Range,4G,2026-04-17
SUB5926203,7.92,4.84,0.08,4.19,95.12,1,0,18-24,Postpaid_Unlimited,Mid_Range,4G+,2026-04-11
SUB1423570,0.43,2.26,0.39,0.69,59.81,0,0,35-44,Postpaid_Premium,Mid_Range,4G+,2026-04-13
SUB3373139,2.14,2.93,1.13,0.7,83.82,0,0,35-44,Postpaid_Premium,Premium_Smartphone,5G,2026-03-29
SUB6221816,0.91,0.12,0.31,0.24,63.66,1,0,55+,Postpaid_Unlimited,5G_Device,3G,2026-03-21
SUB3114792,2.47,0.43,0.15,0.17,28.11,0,0,18-24,Prepaid_Monthly,Basic_Phone,4G+,2026-03-27
SUB9441136,2.23,4.15,1.31,0.13,155.2,0,1,18-24,Prepaid_Daily,Tablet,5G,2026-03-24
SUB2873421,1.23,0.42,0.06,0.51,140.48,0,0,45-54,Prepaid_Monthly,5G_Device,5G,2026-04-14
SUB7550670,0.77,0.33,0.52,0.28,60.19,1,0,25-34,Prepaid_Monthly,Mid_Range,5G,2026-03-25
SUB7081950,1.99,1.46,0.48,2.5,87.49,1,1,18-24,Postpaid_Basic,Mid_Range,4G,2026-03-19
SUB7925877,0.52,0.33,0.16,0.62,53.2,1,1,55+,Postpaid_Premium,Mid_Range,4G,2026-04-03
SUB6967106,0.39,0.23,0.48,0.25,68.76,0,0,45-54,Prepaid_Monthly,Premium_Smartphone,4G,2026-04-15
SUB6118922,1.77,0.51,0.16,0.73,34.82,0,0,25-34,Postpaid_Basic,Mid_Range,3G,2026-03-27
SUB8177545,1.19,1.3,0.17,0.5,89.68,0,0,45-54,Postpaid_Premium,Mid_Range,5G,2026-04-01
SUB6122783,1.45,3.06,0.17,0.18,67.41,1,0,35-44,Prepaid_Monthly,5G_Device,4G,2026-04-14
SUB6528983,1.02,1.21,0.15,0.09,64.76,0,1,45-54,Prepaid_Monthly,Mid_Range,4G,2026-04-08
SUB1160775,0.73,0.59,0.3,0.2,53.5,1,0,45-54,Postpaid_Basic,Mid_Range,4G,2026-03-19
SUB8349369,2.11,0.6,1.35,0.29,55.46,0,0,18-24,Prepaid_Monthly,5G_Device,3G,2026-04-12
SUB3667867,1.7,6.0,2.73,0.29,81.58,0,0,35-44,Postpaid_Unlimited,5G_Device,5G,2026-04-15
SUB7655623,0.63,2.25,0.26,1.06,90.56,1,0,18-24,Prepaid_Monthly,Mid_Range,5G,2026-04-11
SUB8686841,4.03,2.11,0.18,0.09,58.55,1,0,18-24,Postpaid_Premium,Mid_Range,4G,2026-03-23
SUB7978737,0.07,0.97,0.53,0.88,155.04,1,0,55+,Postpaid_Basic,Premium_Smartphone,5G,2026-04-15
SUB2344027,2.9,0.56,0.9,0.34,68.89,0,0,25-34,Prepaid_Daily,5G_Device,4G,2026-04-11
SUB5166500,2.24,0.86,0.0,0.44,112.29,1,0,35-44,Prepaid_Daily,Tablet,5G,2026-04-07
SUB8467048,0.72,0.32,0.75,0.15,74.02,0,1,45-54,Prepaid_Monthly,Mid_Range,4G,2026-04-13
SUB8884479,0.29,0.61,0.61,0.07,63.91,1,0,55+,Prepaid_Daily,Premium_Smartphone,4G,2026-03-30
SUB1497562,0.09,0.74,0.09,0.07,47.83,0,0,45-54,Prepaid_Monthly,Mid_Range,4G,2026-04-07
SUB5578238,1.07,1.2,0.05,0.07,34.62,0,0,25-34,Postpaid_Basic,5G_Device,3G,2026-03-26
SUB5037776,4.19,1.27,2.02,1.58,84.84,1,1,25-34,Postpaid_Basic,Mid_Range,4G+,2026-03-22
SUB5010912,1.18,1.18,0.63,0.45,79.96,1,0,18-24,Postpaid_Basic,Mid_Range,4G+,2026-04-15
SUB5511732,0.31,2.11,0.12,0.02,41.08,0,0,25-34,Prepaid_Daily,Mid_Range,5G,2026-03-21
SUB6562067,2.15,2.39,0.16,0.18,33.23,1,0,25-34,Postpaid_Basic,Mid_Range,4G,2026-03-21
SUB6237196,0.61,0.58,0.12,0.37,54.38,0,0,35-44,Prepaid_Monthly,Mid_Range,4G,2026-04-04
SUB5885211,0.18,2.79,0.08,0.32,56.77,0,1,35-44,Postpaid_Unlimited,Basic_Phone,5G,2026-04-01
SUB7126319,0.7,0.44,0.05,0.17,72.59,1,0,55+,Postpaid_Unlimited,Mid_Range,4G,2026-04-02
SUB2600396,1.58,3.47,0.19,1.02,82.94,1,0,35-44,Postpaid_Premium,Mid_Range,4G+,2026-04-04
SUB4311149,6.65,0.86,0.52,0.25,66.26,0,1,35-44,Postpaid_Premium,5G_Device,4G,2026-04-08
SUB9511010,1.17,0.16,0.69,0.16,24.62,0,0,25-34,Prepaid_Daily,Mid_Range,4G,2026-03-27
SUB3496081,8.0,2.31,0.68,0.5,184.99,1,1,18-24,Prepaid_Daily,5G_Device,4G+,2026-03-20
SUB1575278,3.12,5.71,1.08,2.59,83.97,1,0,25-34,Postpaid_Premium,Premium_Smartphone,4G+,2026-04-08
SUB6187480,0.36,1.71,0.31,0.54,92.3,1,0,45-54,Prepaid_Monthly,Mid_Range,4G+,2026-04-12
SUB2178049,1.57,0.09,0.15,0.3,22.03,1,0,18-24,Postpaid_Basic,Basic_Phone,4G,2026-04-15
SUB4080201,8.0,2.18,1.88,0.06,127.3,0,0,35-44,Postpaid_Premium,5G_Device,5G,2026-03-30
SUB8136029,0.52,1.77,0.55,0.1,50.68,1,0,35-44,Postpaid_Basic,Mid_Range,4G,2026-04-16
SUB4464442,0.48,0.52,0.04,0.09,48.3,0,0,18-24,Prepaid_Daily,Mid_Range,4G,2026-04-07
SUB4314692,0.28,1.34,0.19,1.84,64.08,1,0,25-34,Prepaid_Monthly,Mid_Range,4G,2026-03-29
SUB5719607,0.28,1.14,0.29,0.07,51.87,0,0,25-34,Prepaid_Daily,Mid_Range,4G+,2026-04-11
SUB7285088,2.33,6.0,1.38,0.18,57.43,1,1,25-34,Postpaid_Premium,Mid_Range,3G,2026-03-19
SUB2110389,1.67,0.38,0.43,0.37,131.35,1,1,45-54,Postpaid_Basic,Tablet,4G,2026-04-05
SUB9416320,2.02,6.0,1.8,0.34,119.31,0,0,35-44,Postpaid_Unlimited,5G_Device,5G,2026-03-24
SUB4912942,1.31,1.59,1.19,0.01,61.5,0,0,35-44,Postpaid_Premium,5G_Device,4G,2026-03-29
SUB9501424,0.09,0.23,0.21,0.1,41.5,0,1,45-54,Prepaid_Daily,Mid_Range,4G,2026-04-01
SUB8468810,1.33,0.85,0.12,0.3,56.67,0,0,35-44,Prepaid_Daily,Tablet,3G,2026-04-15
SUB2635156,2.32,0.61,0.41,0.03,144.14,1,0,55+,Postpaid_Basic,Premium_Smartphone,4G+,2026-03-22
SUB9523838,8.0,4.56,0.02,1.99,69.86,0,0,18-24,Postpaid_Unlimited,5G_Device,4G,2026-04-02
SUB6001045,1.54,2.26,1.17,0.53,176.09,1,0,35-44,Prepaid_Monthly,Premium_Smartphone,5G,2026-03-21
SUB5463418,4.05,1.81,0.42,1.17,59.23,0,0,25-34,Postpaid_Premium,Mid_Range,4G,2026-04-11
SUB5345760,0.13,0.4,0.02,0.03,51.39,1,0,25-34,Prepaid_Monthly,5G_Device,3G,2026-03-30
SUB8153768,8.0,1.02,1.29,0.53,116.6,1,0,18-24,Prepaid_Monthly,Premium_Smartphone,4G,2026-04-11
SUB4251298,2.08,0.94,0.71,0.03,41.0,0,0,35-44,Postpaid_Unlimited,Tablet,3G,2026-04-08
SUB5465150,0.15,0.15,0.25,0.49,43.21,0,0,18-24,Prepaid_Daily,Mid_Range,3G,2026-04-16
SUB9389012,1.49,0.78,0.61,0.54,88.23,0,1,18-24,Postpaid_Premium,Tablet,4G,2026-04-17
SUB8249903,0.11,0.17,0.03,0.07,55.49,0,0,55+,Prepaid_Daily,Mid_Range,5G,2026-04-12
SUB5897590,0.39,0.11,0.24,0.31,39.89,0,0,45-54,Postpaid_Premium,Mid_Range,5G,2026-04-15
SUB7189573,1.85,3.93,0.62,0.56,131.71,1,0,35-44,Postpaid_Premium,Premium_Smartphone,5G,2026-03-24
SUB2323483,0.42,0.52,0.47,0.01,73.75,0,0,45-54,Postpaid_Unlimited,Premium_Smartphone,4G+,2026-04-14
SUB2722320,0.19,0.33,0.16,0.02,109.93,1,0,55+,Prepaid_Daily,Premium_Smartphone,5G,2026-03-31
SUB3332517,0.28,0.43,0.03,0.32,49.11,0,0,35-44,Prepaid_Daily,Premium_Smartphone,3G,2026-04-04
SUB4196340,0.07,0.74,0.11,0.49,33.76,0,1,18-24,Postpaid_Basic,Basic_Phone,4G,2026-04-08
SUB9551881,0.41,0.25,0.02,0.02,42.99,0,0,45-54,Prepaid_Monthly,Premium_Smartphone,3G,2026-04-16
SUB6387408,1.23,0.98,1.67,0.01,70.3,1,0,35-44,Postpaid_Basic,Mid_Range,5G,2026-04-06
SUB6692493,1.12,0.76,0.09,0.0,48.08,0,0,25-34,Postpaid_Basic,Premium_Smartphone,3G,2026-03-19
SUB9247752,1.47,0.21,0.04,0.01,44.77,1,0,25-34,Prepaid_Daily,Mid_Range,3G,2026-03-30
SUB2087341,0.92,0.46,0.17,0.5,47.77,0,1,25-34,Postpaid_Premium,Mid_Range,3G,2026-03-29
SUB7195200,0.43,1.06,0.15,0.03,134.92,0,0,55+,Postpaid_Premium,Tablet,4G+,2026-04-09
SUB4977266,0.3,1.01,0.18,0.55,34.96,1,0,25-34,Postpaid_Unlimited,Basic_Phone,5G,2026-04-03
SUB6558956,0.18,0.59,0.07,0.13,72.27,0,1,55+,Prepaid_Monthly,Premium_Smartphone,4G,2026-04-04
SUB4031756,0.21,0.03,0.0,0.0,5.0,0,0,55+,Prepaid_Monthly,Basic_Phone,4G,2026-04-04
SUB1843523,0.4,4.07,0.35,0.05,34.73,0,0,35-44,Prepaid_Daily,Mid_Range,3G,2026-04-04
SUB9934845,1.55,0.37,0.16,0.08,76.45,0,0,35-44,Prepaid_Daily,Premium_Smartphone,4G,2026-04-17
SUB5040479,1.37,0.87,0.61,0.06,43.52,0,0,25-34,Prepaid_Monthly,Mid_Range,4G,2026-04-11
SUB1092193,2.82,5.56,1.21,1.97,113.69,1,0,18-24,Postpaid_Unlimited,Premium_Smartphone,4G,2026-04-16
SUB2186887,3.91,2.01,1.67,0.17,111.03,1,0,18-24,Prepaid_Daily,5G_Device,5G,2026-04-07
SUB9896761,0.03,1.29,0.69,0.22,66.47,0,0,45-54,Prepaid_Monthly,5G_Device,4G,2026-04-10
SUB4334817,0.84,2.03,0.03,0.41,127.94,0,1,25-34,Prepaid_Daily,5G_Device,4G+,2026-04-03
SUB3715514,0.56,0.57,0.03,0.01,56.28,0,0,18-24,Prepaid_Monthly,Premium_Smartphone,4G,2026-04-11
SUB3658571,0.23,0.74,0.01,0.1,116.39,1,0,25-34,Prepaid_Daily,Premium_Smartphone,4G+,2026-03-20
SUB5834357,2.43,0.1,0.35,0.07,88.26,0,0,55+,Postpaid_Basic,Premium_Smartphone,5G,2026-03-23
SUB8102173,0.96,0.01,0.84,0.11,87.9,0,0,25-34,Prepaid_Monthly,Premium_Smartphone,4G+,2026-04-15
SUB5892472,0.01,0.16,0.49,0.04,128.15,0,0,55+,Prepaid_Daily,Premium_Smartphone,5G,2026-03-29
SUB1481680,0.26,0.25,0.19,0.29,43.3,0,0,25-34,Prepaid_Daily,Mid_Range,4G,2026-04-16
SUB6165679,2.3,1.02,0.61,0.06,32.5,0,0,25-34,Postpaid_Basic,Mid_Range,4G,2026-04-01
SUB7180142,2.29,0.72,0.54,2.36,43.39,0,0,18-24,Prepaid_Monthly,Mid_Range,4G,2026-04-13
SUB6287118,0.56,0.15,0.03,0.03,17.62,0,1,25-34,Prepaid_Daily,Basic_Phone,4G,2026-04-12
SUB5100673,1.94,1.26,1.14,0.09,49.08,0,0,35-44,Postpaid_Unlimited,Mid_Range,4G,2026-03-28
SUB2534026,1.54,2.66,0.9,0.64,109.92,1,0,18-24,Prepaid_Monthly,Premium_Smartphone,4G,2026-03-20
SUB9704434,0.13,0.42,0.08,0.3,20.87,0,0,35-44,Postpaid_Basic,Basic_Phone,3G,2026-04-10
SUB4467366,1.48,3.73,0.93,4.93,86.12,0,0,35-44,Postpaid_Unlimited,Premium_Smartphone,4G,2026-04-16
SUB1327359,2.59,0.37,2.33,0.4,123.48,0,0,35-44,Prepaid_Monthly,5G_Device,5G,2026-03-21
SUB1317537,0.37,3.54,1.23,0.42,124.42,1,1,45-54,Postpaid_Premium,Mid_Range,4G+,2026-03-21
SUB7953757,3.2,2.52,1.82,2.81,103.61,0,1,25-34,Postpaid_Unlimited,Mid_Range,5G,2026-03-31
SUB1550222,0.43,0.81,0.34,0.0,18.08,1,0,35-44,Prepaid_Daily,Basic_Phone,4G,2026-03-27
SUB5975026,2.19,0.45,0.26,0.29,66.22,0,0,55+,Postpaid_Unlimited,Premium_Smartphone,4G,2026-03-31
SUB8795134,1.56,0.78,0.07,0.54,103.61,0,0,45-54,Prepaid_Daily,Premium_Smartphone,4G,2026-04-07
SUB3573619,0.58,0.3,0.02,1.26,52.6,0,0,55+,Prepaid_Monthly,Premium_Smartphone,4G,2026-03-28
SUB3453752,8.0,2.18,0.02,0.0,81.55,1,0,25-34,Postpaid_Premium,Mid_Range,4G+,2026-03-23
SUB8265760,8.0,1.53,0.89,0.21,92.69,1,1,45-54,Postpaid_Unlimited,Premium_Smartphone,3G,2026-04-15
SUB2353038,2.12,4.69,1.45,0.01,84.59,0,1,35-44,Postpaid_Premium,5G_Device,4G,2026-03-19
SUB9639483,0.24,0.55,0.26,0.08,24.5,1,0,18-24,Prepaid_Daily,Basic_Phone,5G,2026-04-07
SUB5657693,2.67,0.34,0.25,0.04,87.29,1,0,45-54,Postpaid_Basic,5G_Device,4G,2026-04-08
SUB5264694,0.2,2.66,0.88,0.01,126.29,0,0,35-44,Postpaid_Basic,Premium_Smartphone,4G+,2026-04-10
SUB1707689,0.1,2.69,0.35,0.24,35.79,0,0,18-24,Prepaid_Monthly,Mid_Range,4G,2026-04-15
SUB2296516,8.0,6.0,0.44,3.28,105.5,0,0,18-24,Postpaid_Unlimited,Premium_Smartphone,4G+,2026-03-29
SUB4463351,0.13,0.12,0.01,0.16,33.19,0,1,45-54,Prepaid_Monthly,Basic_Phone,4G,2026-03-28
SUB2854971,1.01,0.6,0.04,0.12,19.89,0,0,18-24,Prepaid_Monthly,Mid_Range,3G,2026-04-16
SUB2849396,0.61,0.77,0.17,0.46,41.36,0,0,18-24,Prepaid_Daily,Mid_Range,4G,2026-03-29
SUB3691276,0.02,0.03,0.15,0.28,6.65,0,0,25-34,Prepaid_Monthly,Basic_Phone,3G,2026-03-27
SUB3526954,1.11,0.78,0.26,0.15,53.94,1,0,18-24,Postpaid_Premium,Mid_Range,4G,2026-03-24
SUB7549546,0.1,0.74,0.08,0.04,102.52,0,0,55+,Prepaid_Monthly,Premium_Smartphone,4G+,2026-04-01
SUB9007407,3.35,4.6,1.38,1.75,91.03,0,0,25-34,Postpaid_Premium,5G_Device,5G,2026-04-13
SUB8385034,0.26,0.94,0.42,0.75,82.74,0,0,35-44,Prepaid_Daily,Premium_Smartphone,5G,2026-03-27
SUB8063410,0.31,0.56,0.1,0.11,59.1,0,1,55+,Prepaid_Monthly,Mid_Range,4G,2026-04-09
SUB9001482,3.48,3.46,0.41,0.37,64.27,0,0,25-34,Postpaid_Premium,Tablet,4G,2026-04-17
SUB2072647,0.71,1.39,0.45,0.22,57.9,1,0,25-34,Prepaid_Daily,Mid_Range,4G,2026-04-04
SUB2631107,0.13,0.57,0.07,0.71,37.55,1,1,45-54,Postpaid_Basic,Mid_Range,3G,2026-04-17
SUB6106563,0.3,6.0,0.31,1.26,105.55,0,1,25-34,Postpaid_Premium,Premium_Smartphone,4G,2026-04-03
SUB9234679,3.24,1.68,0.93,2.36,115.27,1,1,25-34,Postpaid_Basic,Premium_Smartphone,4G,2026-03-23
SUB7463768,0.12,1.71,0.14,0.5,60.28,0,0,35-44,Postpaid_Basic,Mid_Range,4G,2026-03-20
SUB6606594,3.84,3.54,0.29,0.29,64.23,0,0,45-54,Postpaid_Premium,Premium_Smartphone,4G,2026-04-04
SUB2950367,0.68,2.09,0.1,0.15,65.34,0,0,45-54,Postpaid_Unlimited,Mid_Range,4G+,2026-03-29
SUB2910705,1.41,0.13,0.26,0.03,88.73,1,1,55+,Prepaid_Daily,Premium_Smartphone,3G,2026-04-17
SUB2601596,0.74,2.31,1.24,0.22,72.41,1,1,45-54,Postpaid_Premium,Premium_Smartphone,3G,2026-04-17
SUB4791481,3.16,2.27,0.54,1.37,182.58,1,0,45-54,Prepaid_Daily,5G_Device,5G,2026-03-29
SUB6123122,1.66,1.37,0.14,0.06,128.01,0,0,45-54,Prepaid_Daily,5G_Device,5G,2026-04-15
SUB8757202,2.88,3.4,1.93,0.24,148.12,0,1,18-24,Prepaid_Monthly,Premium_Smartphone,4G+,2026-03-29
SUB7348564,0.56,1.49,0.23,1.1,48.24,0,0,25-34,Postpaid_Unlimited,Mid_Range,4G,2026-04-08
SUB5150276,4.06,1.88,1.05,0.51,77.65,0,0,35-44,Postpaid_Basic,Premium_Smartphone,4G,2026-04-12
SUB6723601,0.69,2.77,0.64,0.26,80.86,1,1,35-44,Prepaid_Monthly,Mid_Range,4G+,2026-03-31
SUB6354075,1.47,1.72,0.36,1.05,120.1,1,1,18-24,Prepaid_Daily,Tablet,4G+,2026-04-03
SUB6279548,7.33,2.31,1.1,1.66,72.91,0,0,25-34,Postpaid_Unlimited,5G_Device,4G+,2026-04-15
SUB3382357,1.23,0.73,0.77,0.19,61.53,0,1,25-34,Prepaid_Monthly,Mid_Range,4G+,2026-03-23
SUB8904069,2.86,3.18,0.69,0.0,92.13,1,1,35-44,Prepaid_Monthly,5G_Device,3G,2026-04-12
SUB3245131,0.8,0.58,0.87,0.24,75.68,0,0,45-54,Postpaid_Unlimited,Mid_Range,4G+,2026-04-11
SUB5246049,0.6,0.05,0.13,0.09,35.61,0,0,55+,Postpaid_Basic,Basic_Phone,4G+,2026-03-30
SUB9480473,0.5,0.78,0.17,0.2,90.13,1,0,45-54,Prepaid_Daily,Premium_Smartphone,4G,2026-04-05
SUB6455770,0.9,0.33,0.03,0.86,53.09,0,0,45-54,Prepaid_Monthly,Mid_Range,5G,2026-04-10
SUB2072200,3.87,2.34,0.5,1.4,182.94,0,1,25-34,Postpaid_Unlimited,5G_Device,5G,2026-04-06
SUB3906158,1.4,3.15,0.11,0.8,55.4,1,0,25-34,Postpaid_Unlimited,Mid_Range,4G,2026-04-04
SUB2222869,3.9,5.07,1.32,0.32,112.04,1,0,25-34,Prepaid_Daily,5G_Device,4G,2026-04-05
SUB4125354,0.68,0.29,1.88,0.02,101.37,1,0,35-44,Prepaid_Monthly,Premium_Smartphone,4G+,2026-03-23
SUB5782883,0.95,0.84,0.54,0.28,89.03,1,0,18-24,Prepaid_Daily,5G_Device,4G,2026-04-09
SUB7501632,0.83,2.4,0.68,0.01,51.6,0,0,35-44,Postpaid_Basic,Mid_Range,4G,2026-03-29
SUB4982588,6.39,0.79,0.71,2.57,124.33,1,0,35-44,Postpaid_Premium,Premium_Smartphone,4G,2026-03-19
SUB9083123,3.14,1.01,4.0,1.68,78.28,1,0,25-34,Prepaid_Monthly,5G_Device,4G,2026-04-07
SUB7160686,0.34,1.46,0.44,0.13,181.32,0,1,55+,Postpaid_Premium,Premium_Smartphone,5G,2026-04-08
SUB1635605,1.38,1.81,0.79,0.13,83.34,0,1,35-44,Postpaid_Premium,Mid_Range,4G,2026-03-30
SUB8479821,2.67,5.33,1.28,0.46,63.59,1,0,18-24,Postpaid_Premium,Premium_Smartphone,4G,2026-04-06
SUB5583897,7.32,2.47,0.74,0.02,104.26,0,1,25-34,Postpaid_Unlimited,Tablet,4G+,2026-04-06
SUB8413718,1.06,1.63,0.2,2.67,117.5,0,0,35-44,Prepaid_Monthly,Premium_Smartphone,4G+,2026-04-02
SUB1067661,0.16,0.79,0.42,0.2,43.47,0,0,25-34,Prepaid_Monthly,Premium_Smartphone,3G,2026-04-16
SUB7859991,6.91,6.0,0.42,3.63,90.32,0,0,18-24,Postpaid_Premium,5G_Device,5G,2026-04-05
SUB8585153,0.37,0.27,1.31,0.79,59.84,0,0,35-44,Postpaid_Premium,Mid_Range,4G,2026-04-08
SUB6914988,0.11,0.34,0.02,0.22,63.96,0,0,55+,Prepaid_Daily,Tablet,4G,2026-03-29
SUB7558221,1.17,1.08,1.58,1.25,89.56,0,0,25-34,Postpaid_Premium,Premium_Smartphone,4G,2026-03-21
SUB2307506,0.06,0.3,0.08,0.11,35.14,0,0,55+,Prepaid_Daily,Mid_Range,4G,2026-04-17
SUB3901614,0.29,0.94,0.11,0.01,18.33,1,0,45-54,Prepaid_Daily,Basic_Phone,4G,2026-03-27
SUB3966422,0.13,0.2,0.12,0.12,35.11,0,1,18-24,Prepaid_Daily,Mid_Range,3G,2026-04-03
SUB4708654,3.58,0.43,2.13,1.55,146.76,1,1,35-44,Postpaid_Unlimited,Premium_Smartphone,4G,2026-03-29
SUB8315436,1.15,1.34,1.03,0.83,146.64,0,0,25-34,Postpaid_Basic,Premium_Smartphone,5G,2026-04-16
SUB1118033,1.07,1.04,0.1,0.0,76.48,1,1,25-34,Prepaid_Daily,5G_Device,3G,2026-04-01
SUB6872354,1.15,2.03,1.0,0.92,112.29,1,0,35-44,Postpaid_Unlimited,5G_Device,4G,2026-03-24
SUB2215502,0.43,0.75,0.31,0.35,32.22,1,0,35-44,Postpaid_Premium,Mid_Range,3G,2026-04-03
SUB3319049,3.67,3.18,2.1,3.77,85.59,0,1,18-24,Postpaid_Premium,Premium_Smartphone,4G,2026-03-25
SUB7292518,0.34,0.19,0.03,0.44,60.36,1,0,55+,Prepaid_Monthly,Premium_Smartphone,3G,2026-04-13
SUB8587768,0.21,2.68,0.07,1.23,75.16,0,1,45-54,Prepaid_Daily,Mid_Range,4G,2026-04-02
SUB4720464,0.63,0.24,0.11,0.0,103.55,0,1,55+,Postpaid_Basic,Premium_Smartphone,5G,2026-03-24
SUB3192614,1.35,0.78,0.8,0.62,61.84,0,0,25-34,Postpaid_Premium,Mid_Range,5G,2026-03-24
SUB1770173,0.38,0.16,0.04,0.0,23.93,0,0,55+,Postpaid_Basic,Basic_Phone,5G,2026-04-08
SUB6642264,0.42,0.77,0.43,0.17,21.75,0,0,25-34,Postpaid_Basic,Basic_Phone,4G,2026-04-12
SUB1467010,0.24,5.4,2.26,4.63,118.63,0,0,18-24,Postpaid_Premium,5G_Device,4G+,2026-03-22
SUB2655016,0.43,1.06,0.1,1.34,145.53,1,0,45-54,Prepaid_Monthly,Premium_Smartphone,4G,2026-04-04
SUB5221038,0.37,0.98,0.12,0.1,53.59,1,0,35-44,Postpaid_Premium,Premium_Smartphone,3G,2026-03-31
SUB9376430,1.0,0.75,1.64,0.64,103.07,0,1,35-44,Prepaid_Monthly,Premium_Smartphone,4G+,2026-03-23
SUB4880993,0.36,0.13,0.03,0.1,24.06,0,0,25-34,Prepaid_Daily,Mid_Range,3G,2026-03-22
SUB3568103,0.76,0.54,0.04,0.17,61.32,0,0,18-24,Prepaid_Monthly,Mid_Range,4G+,2026-03-21
SUB9469872,1.25,1.89,0.11,0.49,57.31,0,1,35-44,Postpaid_Premium,Mid_Range,4G,2026-04-10
SUB9411883,4.25,1.05,0.49,0.45,42.09,1,1,25-34,Postpaid_Unlimited,Mid_Range,3G,2026-03-24
SUB7482532,3.46,2.05,1.94,0.33,82.42,0,0,35-44,Prepaid_Monthly,5G_Device,4G+,2026-03-25
SUB6196467,0.49,0.63,0.28,0.06,66.0,0,0,25-34,Prepaid_Daily,Premium_Smartphone,3G,2026-04-06
SUB6952793,0.25,0.32,0.15,0.12,19.21,0,0,55+,Prepaid_Daily,Mid_Range,4G,2026-04-08
SUB9961343,0.37,0.72,0.05,0.2,33.38,1,0,35-44,Postpaid_Unlimited,Basic_Phone,4G,2026-03-31
SUB3000609,1.52,2.29,0.43,0.18,142.11,0,0,35-44,Postpaid_Premium,Premium_Smartphone,5G,2026-03-19
SUB3697143,0.98,0.07,0.15,0.66,61.01,0,1,55+,Postpaid_Unlimited,Premium_Smartphone,3G,2026-04-13
SUB2314532,0.54,6.0,0.44,1.33,147.4,1,1,35-44,Postpaid_Unlimited,Premium_Smartphone,5G,2026-03-19
SUB1421240,3.37,0.82,0.67,2.85,94.08,0,0,18-24,Prepaid_Monthly,Mid_Range,5G,2026-03-27
SUB1944789,1.15,0.43,0.11,0.19,48.75,0,0,18-24,Prepaid_Daily,Premium_Smartphone,3G,2026-04-01
SUB3213573,0.85,0.26,1.4,0.13,62.49,0,0,35-44,Postpaid_Basic,Mid_Range,5G,2026-03-30
SUB9914501,3.98,0.15,0.22,0.02,113.74,0,0,25-34,Prepaid_Daily,5G_Device,4G+,2026-03-20
SUB3255363,0.12,0.91,0.17,0.07,18.65,0,0,35-44,Prepaid_Daily,Basic_Phone,4G+,2026-04-03
SUB9375741,1.33,2.84,0.47,2.59,63.81,0,1,18-24,Prepaid_Monthly,Mid_Range,4G,2026-04-14
SUB6056861,6.71,3.21,2.14,0.33,152.91,1,0,25-34,Postpaid_Premium,Premium_Smartphone,5G,2026-03-23
SUB7436446,1.25,0.94,1.5,0.84,72.3,0,0,25-34,Postpaid_Basic,Mid_Range,5G,2026-04-12
SUB5148887,0.24,1.71,0.18,0.09,124.92,0,1,55+,Prepaid_Monthly,Premium_Smartphone,4G+,2026-03-24
SUB4668866,1.6,3.68,0.45,0.22,38.44,1,0,35-44,Postpaid_Basic,Mid_Range,4G,2026-04-02
SUB5612338,0.02,0.11,0.01,0.0,11.18,0,1,55+,Prepaid_Daily,Basic_Phone,4G,2026-03-27
SUB2033255,0.39,0.22,0.21,1.36,73.3,1,0,55+,Postpaid_Premium,5G_Device,3G,2026-04-10
SUB8082212,1.44,5.37,1.61,0.03,49.32,1,0,18-24,Postpaid_Premium,Mid_Range,4G,2026-03-23
SUB9202787,0.73,2.66,0.58,0.03,55.79,0,1,25-34,Prepaid_Monthly,Mid_Range,3G,2026-04-01
SUB5989847,4.69,1.34,0.44,0.94,68.89,0,0,45-54,Postpaid_Basic,Mid_Range,5G,2026-03-27
SUB9929285,0.99,1.13,0.87,0.11,61.31,0,0,45-54,Postpaid_Basic,5G_Device,3G,2026-03-31
SUB8643603,4.24,2.5,0.04,0.23,159.51,1,0,25-34,Prepaid_Daily,Premium_Smartphone,5G,2026-03-28
SUB4094235,0.39,0.36,0.06,0.08,63.44,0,1,55+,Prepaid_Monthly,Tablet,3G,2026-03-19
SUB6986126,2.23,4.78,0.97,1.1,80.87,0,0,18-24,Postpaid_Unlimited,5G_Device,4G,2026-04-07
SUB3859653,0.9,3.64,0.02,0.09,58.46,0,0,25-34,Prepaid_Daily,5G_Device,4G,2026-04-06
SUB1387952,1.89,0.81,0.32,4.13,128.16,0,0,35-44,Postpaid_Basic,Premium_Smartphone,5G,2026-03-25
SUB2030117,3.31,3.49,1.45,0.13,72.6,1,0,25-34,Postpaid_Premium,5G_Device,4G,2026-04-05
SUB3896818,1.28,1.41,0.21,0.78,65.41,0,0,18-24,Prepaid_Monthly,Mid_Range,4G,2026-04-11
SUB3357821,3.42,0.87,0.01,0.42,42.81,0,0,25-34,Prepaid_Monthly,5G_Device,3G,2026-03-26
SUB9913742,3.57,0.21,0.02,0.21,55.22,0,0,18-24,Postpaid_Unlimited,5G_Device,3G,2026-03-27
SUB6584263,1.38,0.26,0.06,0.25,95.21,0,0,35-44,Prepaid_Monthly,Premium_Smartphone,4G,2026-04-03
SUB1244761,0.4,0.09,0.26,0.24,63.57,0,0,45-54,Postpaid_Premium,Mid_Range,4G,2026-03-22
SUB9386180,0.69,1.6,0.38,0.59,94.95,1,0,45-54,Postpaid_Premium,Premium_Smartphone,3G,2026-04-05
SUB1064323,8.0,1.01,0.89,0.04,129.48,0,1,35-44,Postpaid_Premium,Premium_Smartphone,4G,2026-04-07
SUB2237715,3.42,5.28,0.07,2.81,160.27,0,0,25-34,Postpaid_Unlimited,Premium_Smartphone,5G,2026-04-05
SUB9040979,0.58,1.34,0.15,0.12,92.67,0,1,25-34,Postpaid_Premium,Tablet,4G,2026-04-04
SUB1954480,3.25,2.56,0.7,6.0,70.85,0,0,18-24,Postpaid_Premium,Premium_Smartphone,4G,2026-03-27
SUB7681134,0.72,0.59,0.12,0.22,10.27,0,0,25-34,Postpaid_Unlimited,Basic_Phone,3G,2026-03-27
SUB1854016,7.44,3.06,2.12,3.42,46.45,0,0,18-24,Postpaid_Unlimited,Premium_Smartphone,4G,2026-03-26
SUB6347417,0.3,2.46,2.59,1.47,126.8,1,0,45-54,Postpaid_Unlimited,Premium_Smartphone,4G,2026-04-16
SUB6809701,0.72,2.58,0.42,0.1,85.97,0,0,55+,Postpaid_Premium,5G_Device,5G,2026-03-19
SUB9671370,0.1,0.24,0.37,0.63,84.64,0,0,25-34,Prepaid_Daily,Premium_Smartphone,4G+,2026-04-06
SUB3883427,1.4,0.23,0.0,0.03,32.16,0,0,35-44,Postpaid_Premium,Basic_Phone,4G,2026-04-08
SUB2416012,0.85,0.92,0.29,0.48,112.66,1,0,18-24,Prepaid_Daily,Mid_Range,5G,2026-03-19
SUB6752810,0.75,0.73,0.2,0.02,46.87,0,0,35-44,Prepaid_Monthly,Mid_Range,5G,2026-04-15
SUB1571650,4.02,0.13,0.12,0.09,47.77,0,1,35-44,Prepaid_Daily,Mid_Range,4G,2026-03-26
SUB5476576,3.22,0.46,0.31,0.74,70.54,0,1,25-34,Postpaid_Unlimited,5G_Device,3G,2026-03-21
SUB9774533,1.22,4.98,0.01,0.13,56.46,0,0,18-24,Prepaid_Monthly,Mid_Range,4G,2026-03-31
SUB3863793,0.53,0.44,0.25,0.58,34.13,0,0,45-54,Postpaid_Premium,Mid_Range,4G,2026-03-27
SUB5909047,1.54,1.01,0.71,0.11,52.95,0,0,35-44,Postpaid_Basic,5G_Device,4G,2026-04-04
SUB7881289,0.19,0.8,0.05,0.01,18.99,0,0,45-54,Prepaid_Daily,Mid_Range,3G,2026-04-17
SUB8422212,0.23,0.15,0.08,0.18,35.06,1,0,45-54,Postpaid_Basic,Basic_Phone,5G,2026-04-08
SUB4757974,0.04,1.45,0.05,0.35,184.89,0,1,55+,Postpaid_Premium,Premium_Smartphone,5G,2026-04-11
SUB9791689,5.5,1.8,0.59,0.03,48.1,1,0,18-24,Postpaid_Unlimited,Mid_Range,4G,2026-04-05
SUB8211179,1.67,2.02,1.04,0.1,56.89,0,0,18-24,Prepaid_Daily,Premium_Smartphone,4G,2026-03-24
SUB9767500,0.27,2.83,0.06,0.82,172.37,1,0,25-34,Prepaid_Monthly,5G_Device,5G,2026-03-22
SUB5199591,6.81,1.8,1.71,0.59,78.11,0,1,18-24,Postpaid_Premium,5G_Device,4G+,2026-03-26
SUB6500545,0.0,0.95,0.09,0.06,24.88,0,0,25-34,Prepaid_Daily,Basic_Phone,5G,2026-03-21
SUB9291923,0.81,0.78,0.14,0.01,36.64,0,0,35-44,Prepaid_Monthly,Mid_Range,3G,2026-04-13
SUB4154240,3.29,0.72,2.66,0.31,104.64,1,0,35-44,Prepaid_Monthly,Premium_Smartphone,4G,2026-04-03
SUB8796324,1.22,5.23,0.28,0.81,57.3,0,1,25-34,Postpaid_Premium,Mid_Range,4G+,2026-04-16
SUB9112074,0.66,0.86,0.24,0.14,146.5,0,0,55+,Prepaid_Monthly,Premium_Smartphone,5G,2026-03-27
SUB3190222,0.37,0.1,0.05,0.07,18.51,1,0,18-24,Postpaid_Basic,Basic_Phone,3G,2026-04-07
SUB3719269,8.0,3.28,0.8,6.0,200.0,1,1,25-34,Postpaid_Unlimited,Premium_Smartphone,5G,2026-04-14
SUB8235574,0.27,1.17,0.01,1.67,59.35,0,0,35-44,Postpaid_Premium,5G_Device,4G,2026-04-14
SUB6672354,0.72,0.89,0.03,0.24,82.65,0,1,45-54,Prepaid_Monthly,Tablet,4G,2026-03-20
SUB6205597,2.42,2.38,0.92,0.79,86.27,0,1,25-34,Postpaid_Basic,5G_Device,4G,2026-03-28
SUB6284958,0.93,0.2,0.0,0.14,39.14,1,0,18-24,Prepaid_Monthly,Basic_Phone,5G,2026-03-22
SUB1786667,2.58,0.99,0.62,0.21,117.69,0,1,35-44,Prepaid_Daily,Premium_Smartphone,4G,2026-03-28
SUB2712503,8.0,0.48,0.81,0.23,42.91,0,0,18-24,Prepaid_Monthly,Premium_Smartphone,4G,2026-04-15
SUB4609736,1.01,1.14,0.46,0.01,111.08,0,0,18-24,Prepaid_Monthly,5G_Device,5G,2026-04-09
SUB9060833,1.64,4.27,0.12,4.81,177.45,0,1,35-44,Postpaid_Basic,5G_Device,5G,2026-03-26
SUB7638155,4.71,0.76,0.5,0.82,76.71,0,0,25-34,Postpaid_Unlimited,Tablet,4G,2026-03-19
SUB2384418,3.24,1.1,0.59,2.57,125.42,1,0,25-34,Postpaid_Unlimited,5G_Device,4G,2026-03-25
SUB1386594,0.19,0.07,0.25,0.12,44.24,0,0,25-34,Prepaid_Daily,Premium_Smartphone,3G,2026-03-20
SUB3869760,0.47,0.16,0.04,0.2,70.3,0,0,55+,Postpaid_Basic,Premium_Smartphone,4G,2026-03-30
SUB2092501,1.24,0.08,0.01,0.01,70.69,0,1,55+,Prepaid_Daily,Tablet,4G,2026-03-25
SUB6238331,1.14,1.78,0.25,1.45,60.91,0,1,25-34,Postpaid_Basic,Premium_Smartphone,3G,2026-03-19
SUB9525631,0.66,1.34,1.25,0.32,124.06,1,0,25-34,Prepaid_Daily,5G_Device,4G,2026-04-08
SUB2135964,2.12,6.0,0.95,0.82,104.28,0,0,25-34,Postpaid_Unlimited,5G_Device,4G+,2026-04-12
SUB3155748,8.0,0.5,0.9,1.84,97.91,1,0,25-34,Postpaid_Unlimited,Premium_Smartphone,4G+,2026-03-21
SUB4925282,0.7,0.45,0.03,0.73,34.97,1,0,25-34,Prepaid_Daily,Mid_Range,4G,2026-03-30
SUB1873172,2.3,3.5,0.01,0.02,49.75,0,0,35-44,Postpaid_Premium,Mid_Range,4G,2026-04-14
SUB9910852,1.35,6.0,0.14,0.47,47.58,1,0,25-34,Postpaid_Basic,Mid_Range,4G,2026-03-21
SUB6655378,0.31,0.96,0.35,0.07,52.42,0,0,25-34,Postpaid_Basic,Premium_Smartphone,3G,2026-03-29
SUB5873594,0.81,2.87,0.09,2.53,98.28,0,0,18-24,Postpaid_Basic,Premium_Smartphone,5G,2026-04-10
SUB5063309,8.0,1.87,0.13,0.85,180.96,1,0,25-34,Postpaid_Premium,Premium_Smartphone,5G,2026-03-24
SUB7941245,6.64,2.05,1.51,0.96,80.58,0,0,25-34,Postpaid_Unlimited,Premium_Smartphone,4G+,2026-03-22
SUB8817304,4.06,3.25,2.08,2.61,123.24,0,1,25-34,Postpaid_Premium,Tablet,4G+,2026-03-28
SUB1829735,0.89,1.99,0.03,1.24,82.4,0,0,35-44,Postpaid_Basic,Mid_Range,4G+,2026-03-29
SUB8021862,0.23,1.35,1.5,0.19,85.82,0,1,35-44,Postpaid_Premium,5G_Device,3G,2026-03-23
SUB9351245,3.84,1.35,0.16,0.7,88.01,0,1,25-34,Postpaid_Unlimited,Mid_Range,4G+,2026-03-22
SUB6282591,8.0,1.71,0.05,0.78,63.7,0,1,35-44,Prepaid_Monthly,Premium_Smartphone,4G,2026-03-24
SUB8483058,1.09,1.09,1.02,0.32,73.06,0,0,25-34,Prepaid_Daily,Premium_Smartphone,4G+,2026-03-21
SUB3562469,4.71,2.09,1.61,0.29,101.27,0,1,18-24,Postpaid_Premium,5G_Device,4G,2026-04-01
SUB4086176,0.56,1.61,0.49,1.12,93.19,1,0,35-44,Postpaid_Unlimited,Premium_Smartphone,4G,2026-04-05
SUB7509590,0.36,1.95,0.01,0.26,51.06,1,0,25-34,Prepaid_Daily,Mid_Range,3G,2026-04-08
SUB6345854,1.28,0.59,0.15,0.17,55.51,1,0,35-44,Prepaid_Monthly,Mid_Range,3G,2026-04-07
SUB8490200,0.79,1.61,0.46,0.56,89.74,0,0,35-44,Prepaid_Daily,Mid_Range,5G,2026-04-02
SUB5883680,0.06,1.19,0.21,0.15,42.91,0,0,55+,Postpaid_Premium,Mid_Range,4G+,2026-04-04
SUB4681262,0.61,0.37,0.19,0.4,99.56,0,0,55+,Postpaid_Unlimited,Premium_Smartphone,4G,2026-04-03
SUB5633078,1.52,1.17,0.19,0.62,45.35,0,0,18-24,Postpaid_Basic,Premium_Smartphone,3G,2026-03-23
SUB3609089,1.22,0.84,0.2,0.32,95.48,1,0,55+,Prepaid_Monthly,5G_Device,4G,2026-04-05
SUB3508749,5.58,3.55,0.22,2.15,90.17,1,0,35-44,Postpaid_Unlimited,5G_Device,4G,2026-04-10
SUB1914228,0.39,2.94,0.18,0.03,95.04,1,0,35-44,Prepaid_Daily,Premium_Smartphone,4G,2026-04-02
SUB1953959,1.48,0.9,0.41,0.68,16.46,0,0,18-24,Postpaid_Unlimited,Basic_Phone,3G,2026-04-10
SUB8905477,0.54,0.87,0.99,0.06,90.36,0,0,45-54,Prepaid_Monthly,5G_Device,4G,2026-03-30
SUB4369538,0.37,2.04,0.77,0.2,78.88,0,0,18-24,Postpaid_Basic,Premium_Smartphone,4G+,2026-03-23
SUB1345266,0.49,2.39,0.44,0.1,95.04,0,1,45-54,Postpaid_Basic,Premium_Smartphone,4G+,2026-03-24
SUB5537358,2.84,2.61,0.63,0.13,70.84,0,1,18-24,Postpaid_Basic,Premium_Smartphone,4G,2026-03-24
SUB7867100,1.44,2.65,0.51,0.22,101.18,0,0,35-44,Postpaid_Unlimited,Premium_Smartphone,4G+,2026-04-14
SUB6275034,1.6,1.44,0.96,1.52,87.19,0,0,25-34,Postpaid_Unlimited,5G_Device,4G,2026-04-04
SUB8553974,8.0,0.57,0.08,0.38,89.31,0,0,18-24,Postpaid_Premium,Tablet,5G,2026-03-30
SUB7097091,1.15,3.89,0.21,0.52,160.98,0,1,18-24,Prepaid_Daily,5G_Device,5G,2026-03-27
SUB4177993,6.05,0.94,0.08,3.08,34.01,0,0,25-34,Prepaid_Monthly,5G_Device,3G,2026-04-16
SUB8705092,3.17,1.33,2.16,0.23,91.43,0,0,18-24,Postpaid_Basic,5G_Device,4G,2026-04-06
SUB8583354,0.12,1.02,0.03,0.09,42.66,0,0,25-34,Postpaid_Unlimited,Basic_Phone,4G+,2026-04-11
SUB4131209,1.35,0.28,0.35,0.02,62.62,0,0,35-44,Postpaid_Basic,5G_Device,3G,2026-04-10
SUB6813365,0.21,0.84,0.01,0.02,33.04,0,0,45-54,Postpaid_Unlimited,Basic_Phone,4G,2026-04-06
SUB5057893,1.13,1.31,0.87,0.21,100.24,0,0,35-44,Postpaid_Unlimited,Premium_Smartphone,4G+,2026-04-05
SUB6691276,2.17,0.8,0.25,0.04,30.05,0,0,18-24,Postpaid_Basic,Mid_Range,3G,2026-04-13
SUB6397662,2.13,3.23,1.13,0.25,38.45,0,0,25-34,Postpaid_Unlimited,Mid_Range,4G,2026-03-21
SUB2805468,0.07,3.87,0.53,0.2,75.81,0,0,25-34,Postpaid_Unlimited,Mid_Range,4G+,2026-03-27
SUB4427975,1.04,0.39,0.04,0.3,61.98,0,0,55+,Postpaid_Premium,Mid_Range,4G+,2026-04-13
SUB7356228,0.3,2.89,0.09,0.14,87.23,1,0,45-54,Postpaid_Premium,Mid_Range,4G+,2026-03-28
SUB9514716,0.15,0.37,0.04,0.96,42.09,0,1,25-34,Postpaid_Premium,Basic_Phone,4G,2026-03-21
SUB6525633,2.26,0.52,0.05,0.48,49.69,0,0,18-24,Prepaid_Daily,5G_Device,3G,2026-04-10
SUB3080154,1.57,0.91,0.89,2.89,108.67,0,0,45-54,Postpaid_Basic,5G_Device,5G,2026-04-12
SUB3244702,1.33,1.25,0.83,2.12,77.0,0,0,45-54,Prepaid_Monthly,5G_Device,5G,2026-03-21
SUB4377778,0.19,0.13,0.47,0.3,88.02,0,0,45-54,Prepaid_Daily,5G_Device,4G,2026-03-28
SUB6735193,3.29,0.42,0.12,0.92,104.94,0,0,45-54,Postpaid_Unlimited,5G_Device,4G+,2026-03-26
SUB8726890,1.07,0.49,2.17,0.09,66.91,0,0,25-34,Postpaid_Basic,5G_Device,4G+,2026-04-14
SUB6897498,3.68,0.92,0.05,0.59,115.21,1,0,18-24,Prepaid_Monthly,Premium_Smartphone,5G,2026-03-31
SUB9357956,8.0,0.96,0.2,0.92,36.12,0,0,25-34,Prepaid_Monthly,Premium_Smartphone,3G,2026-03-21
SUB9204298,2.24,0.51,0.3,0.25,51.07,0,0,25-34,Postpaid_Unlimited,5G_Device,3G,2026-03-30
SUB9776957,0.95,3.78,4.0,1.0,34.1,0,0,25-34,Postpaid_Unlimited,Mid_Range,4G,2026-03-30
SUB6843493,0.14,0.45,0.06,0.07,24.38,1,1,25-34,Prepaid_Daily,Basic_Phone,4G,2026-03-29
SUB4386501,1.36,5.18,0.03,2.37,89.23,0,1,25-34,Postpaid_Unlimited,Premium_Smartphone,3G,2026-03-27
SUB8395350,1.25,3.37,0.13,1.22,63.25,0,0,25-34,Prepaid_Monthly,Mid_Range,5G,2026-03-20
SUB5588334,1.02,2.79,0.03,0.1,150.32,0,0,25-34,Postpaid_Premium,Premium_Smartphone,5G,2026-03-21
SUB9464685,3.45,0.81,0.02,0.12,78.56,0,0,18-24,Postpaid_Premium,Mid_Range,5G,2026-03-31
SUB8168362,0.15,1.09,1.71,1.53,55.14,0,0,25-34,Postpaid_Unlimited,5G_Device,4G,2026-04-04
SUB5327819,1.73,3.53,0.29,0.12,99.35,0,1,45-54,Postpaid_Unlimited,Tablet,4G,2026-04-16
SUB8284953,0.28,0.06,0.07,0.0,28.57,0,1,45-54,Prepaid_Monthly,Basic_Phone,4G,2026-03-28
SUB2255564,0.7,2.93,0.91,0.61,68.84,0,1,25-34,Postpaid_Basic,Mid_Range,5G,2026-04-06
SUB9514493,1.27,1.23,0.09,0.77,53.34,0,1,25-34,Prepaid_Monthly,Mid_Range,4G,2026-04-10
SUB9930264,3.1,0.92,0.75,1.6,56.55,0,0,18-24,Postpaid_Basic,Premium_Smartphone,4G,2026-04-14
SUB5424507,0.66,0.95,0.48,0.12,37.12,0,1,35-44,Postpaid_Basic,Mid_Range,4G,2026-04-16
SUB3792427,2.05,2.62,0.12,0.87,79.37,0,1,25-34,Prepaid_Monthly,Premium_Smartphone,4G,2026-04-17
SUB4357679,0.42,2.05,0.09,0.02,42.44,1,0,25-34,Postpaid_Basic,Mid_Range,4G+,2026-03-20
SUB6748035,0.33,0.08,0.05,0.05,19.07,0,0,45-54,Prepaid_Monthly,Mid_Range,3G,2026-03-20
SUB5390020,0.89,2.55,3.36,0.0,95.19,0,0,25-34,Postpaid_Basic,Mid_Range,5G,2026-04-06
SUB3681719,0.27,1.84,0.08,0.99,69.18,1,0,18-24,Postpaid_Premium,Premium_Smartphone,3G,2026-03-20
SUB1890695,1.78,0.69,0.05,0.65,47.8,1,0,18-24,Prepaid_Monthly,Mid_Range,4G,2026-04-05
SUB1838761,3.71,3.44,0.3,0.07,87.75,0,1,25-34,Postpaid_Unlimited,Premium_Smartphone,4G,2026-04-15
SUB8367664,0.8,0.36,0.05,0.35,98.71,1,0,25-34,Prepaid_Daily,Mid_Range,4G+,2026-03-30
SUB9888923,0.77,0.38,0.2,0.18,22.36,0,0,45-54,Postpaid_Basic,Mid_Range,3G,2026-03-26
SUB6352825,0.11,0.16,0.35,0.0,75.24,0,0,25-34,Postpaid_Basic,Mid_Range,4G+,2026-04-17
SUB9887324,1.43,2.0,0.4,1.88,148.1,0,1,35-44,Prepaid_Daily,Premium_Smartphone,5G,2026-04-08
SUB4321127,0.09,3.19,1.23,0.05,140.12,0,1,25-34,Prepaid_Monthly,Premium_Smartphone,5G,2026-04-04
SUB3559272,0.5,4.07,0.29,0.03,72.38,0,0,25-34,Postpaid_Unlimited,5G_Device,4G,2026-04-13
SUB3276106,2.01,1.65,1.01,0.19,78.87,0,0,25-34,Postpaid_Basic,Mid_Range,4G+,2026-03-27
SUB7960534,0.38,0.22,0.1,0.04,18.7,0,0,25-34,Prepaid_Monthly,Basic_Phone,4G,2026-04-05
SUB8374592,1.2,0.53,0.05,0.09,60.32,0,0,25-34,Prepaid_Monthly,Mid_Range,4G,2026-04-13
SUB7575716,1.19,2.91,0.49,0.13,52.85,0,0,25-34,Postpaid_Unlimited,Mid_Range,4G,2026-04-09
SUB3002324,1.6,0.82,0.05,0.95,60.08,1,0,45-54,Prepaid_Monthly,Mid_Range,4G,2026-03-24
SUB7262105,0.17,1.35,0.07,0.79,30.95,0,0,25-34,Postpaid_Unlimited,Basic_Phone,4G,2026-04-05
SUB7671318,1.8,1.36,0.29,0.19,94.77,1,1,18-24,Prepaid_Monthly,Mid_Range,4G+,2026-03-26
SUB1494592,1.69,1.23,0.77,2.12,112.67,0,1,18-24,Postpaid_Basic,Premium_Smartphone,5G,2026-03-25
SUB4578226,0.39,0.19,0.12,0.03,83.89,0,0,18-24,Prepaid_Daily,5G_Device,4G,2026-04-10
SUB7149031,0.84,1.43,0.16,0.65,53.65,0,0,25-34,Postpaid_Premium,Mid_Range,4G,2026-04-04
SUB3427540,1.03,0.62,0.65,0.35,117.46,0,0,18-24,Postpaid_Premium,Premium_Smartphone,5G,2026-03-24
SUB2715630,1.19,3.05,0.39,4.1,61.94,0,1,18-24,Postpaid_Basic,5G_Device,4G,2026-03-29
SUB1318408,0.5,0.52,0.02,1.19,39.72,0,0,25-34,Prepaid_Daily,Mid_Range,4G,2026-03-21
SUB9856884,1.08,1.73,0.73,0.24,67.32,0,0,35-44,Postpaid_Basic,5G_Device,4G,2026-04-10
SUB9900019,1.17,0.51,0.29,0.0,96.33,0,0,18-24,Prepaid_Monthly,Tablet,4G,2026-03-27
SUB4117172,0.86,0.41,0.26,0.72,73.02,0,1,25-34,Prepaid_Monthly,5G_Device,4G,2026-04-13
SUB7304680,4.32,2.01,0.22,0.35,126.74,0,0,35-44,Postpaid_Unlimited,Premium_Smartphone,4G+,2026-03-25
SUB5235042,0.21,2.43,0.15,0.06,70.23,0,0,55+,Postpaid_Premium,Premium_Smartphone,4G+,2026-03-29
SUB2898739,1.78,0.82,0.37,0.03,86.13,0,0,35-44,Prepaid_Monthly,Premium_Smartphone,4G,2026-04-12
SUB2017433,1.53,1.79,0.67,0.04,56.03,0,0,18-24,Postpaid_Unlimited,Mid_Range,4G,2026-03-24
SUB9104010,2.64,2.18,0.88,0.42,83.44,0,0,35-44,Postpaid_Unlimited,5G_Device,5G,2026-04-05
SUB5661029,0.46,3.22,0.08,0.32,93.61,0,1,35-44,Postpaid_Basic,Mid_Range,5G,2026-04-13
SUB4678086,0.17,0.14,1.88,0.23,55.68,0,0,18-24,Postpaid_Basic,5G_Device,3G,2026-04-16
SUB2581530,0.64,0.96,0.02,0.54,39.83,0,0,45-54,Postpaid_Unlimited,Mid_Range,4G,2026-03-25
SUB3087258,0.04,0.07,0.01,0.04,28.98,0,0,25-34,Postpaid_Basic,Basic_Phone,4G,2026-04-02
SUB5856447,0.34,0.53,0.03,0.06,114.71,0,0,55+,Postpaid_Basic,Premium_Smartphone,4G+,2026-03-30
SUB9369066,0.24,3.53,0.5,0.46,110.33,1,0,35-44,Postpaid_Premium,Premium_Smartphone,5G,2026-04-14
SUB7857658,0.39,0.13,0.14,0.03,15.33,0,0,35-44,Prepaid_Monthly,Basic_Phone,3G,2026-03-20
SUB1996530,3.47,6.0,1.42,0.23,114.55,1,0,35-44,Postpaid_Unlimited,Premium_Smartphone,4G+,2026-03-22
SUB3601623,1.37,3.07,0.02,0.08,71.64,0,1,25-34,Postpaid_Basic,Mid_Range,4G+,2026-04-08
SUB7231219,1.51,1.34,0.56,0.24,84.85,0,0,25-34,Postpaid_Basic,Premium_Smartphone,4G,2026-03-31
SUB5108997,0.19,0.76,0.03,0.02,63.69,0,0,45-54,Prepaid_Daily,Mid_Range,5G,2026-04-17
SUB4364695,0.46,1.23,0.02,1.0,69.37,0,0,35-44,Prepaid_Monthly,Mid_Range,5G,2026-03-26
SUB2045482,0.53,0.38,0.15,0.01,83.84,0,0,45-54,Prepaid_Monthly,Mid_Range,5G,2026-03-19
SUB6786265,1.2,0.42,0.44,0.54,72.88,0,1,45-54,Prepaid_Monthly,Mid_Range,5G,2026-04-17
SUB6908635,0.9,0.62,0.98,0.01,80.46,1,0,55+,Postpaid_Premium,Premium_Smartphone,4G,2026-04-13
SUB8487345,1.33,0.49,0.03,0.02,44.78,0,0,35-44,Prepaid_Monthly,Mid_Range,4G+,2026-04-06
SUB1570451,0.53,0.94,1.03,0.7,79.55,0,0,25-34,Prepaid_Daily,5G_Device,4G,2026-04-13
SUB9408424,0.07,0.74,0.51,0.17,25.38,0,1,18-24,Postpaid_Basic,Basic_Phone,3G,2026-03-26
SUB1967344,1.34,0.23,0.35,0.04,19.19,0,1,35-44,Postpaid_Basic,Mid_Range,3G,2026-03-20
SUB3412149,0.46,2.26,0.05,0.09,55.62,0,0,25-34,Prepaid_Daily,Premium_Smartphone,3G,2026-04-10
SUB6398869,0.15,0.55,0.0,0.25,24.4,0,1,25-34,Prepaid_Daily,Basic_Phone,4G,2026-03-27
SUB4352252,1.61,1.23,1.3,0.71,48.32,1,0,18-24,Postpaid_Unlimited,Mid_Range,4G,2026-03-22
SUB4732839,0.84,1.13,0.17,0.08,57.2,0,0,45-54,Prepaid_Daily,Mid_Range,4G+,2026-04-07
SUB8022336,0.37,0.11,0.61,0.27,23.55,1,0,45-54,Postpaid_Unlimited,Basic_Phone,4G+,2026-04-09
SUB6768927,2.28,0.51,0.06,0.28,85.23,0,0,35-44,Prepaid_Monthly,Premium_Smartphone,5G,2026-04-17
SUB3878604,0.96,2.8,0.01,3.68,107.57,0,0,25-34,Postpaid_Premium,Premium_Smartphone,4G+,2026-04-04
SUB5327858,0.68,1.11,0.19,0.29,35.24,0,0,35-44,Prepaid_Daily,Mid_Range,4G,2026-04-04
SUB8433533,4.15,0.13,0.98,0.31,99.1,1,0,35-44,Postpaid_Premium,Premium_Smartphone,4G,2026-03-25
SUB9652831,0.62,2.6,0.72,0.2,130.11,1,1,25-34,Prepaid_Daily,Tablet,4G,2026-03-25
SUB6984684,0.3,0.64,0.35,0.43,54.16,0,0,25-34,Prepaid_Monthly,5G_Device,3G,2026-03-31
SUB3694287,0.5,0.28,0.01,0.82,36.6,0,0,25-34,Prepaid_Monthly,Basic_Phone,4G+,2026-03-23
SUB7511634,0.52,2.62,1.09,0.06,71.31,0,0,35-44,Postpaid_Premium,Mid_Range,5G,2026-04-12
SUB5621056,6.02,5.66,0.12,0.32,37.69,0,0,35-44,Postpaid_Unlimited,Premium_Smartphone,3G,2026-04-09
SUB9976973,1.21,0.98,0.32,1.38,54.19,0,0,25-34,Prepaid_Monthly,Mid_Range,4G,2026-03-26
SUB1703662,0.19,0.09,0.09,0.04,40.78,0,1,55+,Prepaid_Monthly,Basic_Phone,4G,2026-04-16
SUB2305585,0.82,0.24,0.1,0.13,29.1,0,0,18-24,Postpaid_Premium,Mid_Range,3G,2026-03-23
SUB5092097,0.97,0.65,0.19,0.15,36.88,1,0,25-34,Postpaid_Unlimited,Basic_Phone,4G,2026-04-03
SUB3659440,2.73,0.98,0.23,0.38,170.68,0,1,25-34,Postpaid_Basic,Premium_Smartphone,5G,2026-03-29
SUB4943645,1.77,6.0,1.47,0.04,106.77,0,0,18-24,Postpaid_Unlimited,Premium_Smartphone,4G+,2026-03-24
SUB5495013,0.12,0.53,0.6,0.37,20.26,0,0,25-34,Prepaid_Monthly,Basic_Phone,4G+,2026-04-14
SUB7094467,1.71,0.92,0.48,0.97,86.6,0,1,25-34,Prepaid_Daily,Premium_Smartphone,4G,2026-03-26
SUB6517366,0.84,3.26,0.62,0.18,87.22,0,1,25-34,Prepaid_Daily,Premium_Smartphone,4G,2026-03-30
SUB4448678,4.3,4.97,0.18,0.6,105.03,1,0,25-34,Postpaid_Premium,Premium_Smartphone,4G+,2026-03-24
SUB6211593,1.0,1.74,2.23,1.86,161.34,1,0,35-44,Prepaid_Monthly,Tablet,5G,2026-03-20
SUB9370262,0.78,1.88,0.79,0.37,60.53,0,0,25-34,Prepaid_Daily,Tablet,4G,2026-03-24
SUB5846769,5.45,3.15,0.68,1.7,126.92,1,0,18-24,Prepaid_Monthly,Premium_Smartphone,5G,2026-04-07
SUB8449607,1.36,1.21,1.32,0.56,79.11,0,0,45-54,Postpaid_Basic,5G_Device,4G,2026-03-23
SUB5043064,0.57,0.17,0.06,0.04,17.79,1,0,18-24,Prepaid_Daily,Basic_Phone,3G,2026-03-19
SUB3602967,0.46,0.68,0.29,0.28,171.41,1,1,45-54,Prepaid_Daily,Premium_Smartphone,4G+,2026-04-15
SUB4438550,0.32,1.87,0.01,0.52,51.08,0,0,55+,Postpaid_Unlimited,Premium_Smartphone,4G,2026-03-22
SUB1076218,1.51,0.65,0.53,1.0,129.65,0,0,25-34,Prepaid_Monthly,Premium_Smartphone,5G,2026-03-21
SUB7878974,0.24,0.14,0.02,0.28,33.75,0,0,55+,Prepaid_Monthly,Mid_Range,4G,2026-03-21
SUB1770044,0.19,0.25,0.06,0.11,11.52,0,0,45-54,Postpaid_Premium,Basic_Phone,3G,2026-04-07
SUB6579079,0.77,0.56,0.24,0.13,29.7,0,0,55+,Postpaid_Unlimited,Mid_Range,4G,2026-04-16
SUB4185714,0.95,0.31,0.24,0.07,69.19,0,0,35-44,Postpaid_Basic,Premium_Smartphone,3G,2026-03-26
SUB2728096,0.89,1.0,0.64,1.38,82.87,1,0,18-24,Prepaid_Monthly,Tablet,3G,2026-04-01
SUB9736347,2.69,2.88,0.76,0.97,49.22,1,0,45-54,Postpaid_Unlimited,Mid_Range,4G,2026-03-19
SUB9860935,7.53,3.64,0.89,0.28,135.61,1,1,18-24,Postpaid_Basic,5G_Device,4G,2026-04-07
SUB8667105,0.38,0.67,0.1,0.05,56.2,1,0,18-24,Prepaid_Monthly,Basic_Phone,4G+,2026-03-30
SUB3694946,8.0,3.79,0.02,0.16,93.79,0,1,25-34,Postpaid_Basic,5G_Device,5G,2026-04-03
SUB5229215,1.96,1.16,2.6,1.53,95.75,1,1,25-34,Postpaid_Premium,5G_Device,3G,2026-04-14
SUB2922135,0.8,1.34,0.02,0.07,20.41,0,0,25-34,Postpaid_Basic,Basic_Phone,5G,2026-04-07
SUB8021855,0.75,1.32,0.79,0.5,47.32,0,0,35-44,Postpaid_Unlimited,Mid_Range,4G,2026-03-27
SUB1978039,0.29,0.05,0.02,0.02,15.67,0,0,55+,Postpaid_Basic,Basic_Phone,5G,2026-03-20
SUB9997354,2.22,4.54,0.05,0.41,68.67,1,0,18-24,Postpaid_Unlimited,Tablet,3G,2026-03-23
SUB8352207,0.13,0.28,0.2,0.33,43.86,0,0,55+,Postpaid_Basic,Mid_Range,4G,2026-04-09
SUB1499876,1.44,0.8,0.05,0.23,79.05,0,0,55+,Prepaid_Monthly,Premium_Smartphone,4G+,2026-04-13
SUB2962165,6.42,0.3,0.24,1.94,69.32,0,0,18-24,Postpaid_Basic,Mid_Range,4G,2026-04-13
SUB8985620,1.25,0.48,0.14,0.06,72.72,0,1,25-34,Prepaid_Daily,5G_Device,3G,2026-03-19
SUB1611213,0.79,0.44,0.18,0.07,63.45,1,0,45-54,Prepaid_Monthly,Mid_Range,4G,2026-03-29
SUB1768734,1.5,2.58,0.1,1.0,77.13,1,0,35-44,Postpaid_Premium,Mid_Range,4G,2026-03-27
SUB8750575,1.83,0.55,0.16,0.96,45.25,0,0,45-54,Postpaid_Premium,Mid_Range,5G,2026-04-14
SUB5241361,1.89,0.38,0.73,0.02,117.05,1,1,35-44,Prepaid_Daily,Premium_Smartphone,4G+,2026-04-08
SUB6511174,0.12,0.34,0.18,0.29,35.69,1,0,25-34,Prepaid_Monthly,Basic_Phone,5G,2026-04-09
SUB2839433,2.7,1.25,0.73,0.07,92.52,0,0,18-24,Prepaid_Daily,Premium_Smartphone,5G,2026-04-04
SUB7569632,1.16,0.17,0.37,0.4,40.22,0,0,35-44,Postpaid_Unlimited,Basic_Phone,5G,2026-04-06
SUB4672214,2.03,0.58,0.84,1.26,65.59,0,0,18-24,Prepaid_Daily,Premium_Smartphone,3G,2026-04-16
SUB3026580,4.26,0.91,0.15,0.36,64.96,0,0,35-44,Postpaid_Premium,Premium_Smartphone,3G,2026-03-25
SUB8229039,0.13,0.51,0.34,0.41,48.48,0,0,45-54,Postpaid_Basic,Mid_Range,4G,2026-03-19
SUB8507324,1.29,0.51,0.23,0.17,41.24,0,0,35-44,Postpaid_Basic,Mid_Range,3G,2026-04-07
SUB7202258,2.14,1.14,0.01,0.04,172.99,1,0,55+,Prepaid_Monthly,Premium_Smartphone,5G,2026-04-01
SUB5339235,0.16,0.3,0.0,0.0,7.65,0,1,25-34,Prepaid_Monthly,Basic_Phone,3G,2026-04-05
SUB4526737,0.23,2.1,0.48,0.44,60.96,1,0,35-44,Postpaid_Premium,Mid_Range,4G,2026-04-14
SUB9790529,1.94,1.38,0.65,1.02,77.87,1,0,35-44,Postpaid_Premium,Premium_Smartphone,4G,2026-03-27
SUB3008960,0.89,0.83,0.34,0.49,70.87,1,1,55+,Postpaid_Premium,Mid_Range,4G,2026-04-17
SUB5455214,3.34,6.0,0.1,0.98,122.68,0,0,35-44,Postpaid_Premium,Premium_Smartphone,5G,2026-04-06
SUB9476563,1.04,5.05,0.41,0.08,51.21,0,0,18-24,Prepaid_Daily,Mid_Range,4G+,2026-03-25
SUB7918889,0.55,0.17,0.01,0.01,60.26,0,0,55+,Prepaid_Daily,Mid_Range,4G,2026-04-14
SUB4816446,5.64,2.16,3.89,1.71,148.46,1,0,35-44,Postpaid_Unlimited,5G_Device,5G,2026-03-20
SUB4376513,3.26,0.38,0.12,1.17,17.71,0,0,18-24,Postpaid_Premium,Mid_Range,3G,2026-04-03
SUB2937878,0.49,1.56,0.28,0.18,32.11,0,0,35-44,Postpaid_Premium,Mid_Range,3G,2026-04-09
SUB7193956,1.03,0.48,1.16,0.58,61.46,0,1,45-54,Postpaid_Basic,Premium_Smartphone,3G,2026-04-13
SUB2705215,3.4,1.02,0.07,0.95,60.39,0,0,35-44,Prepaid_Monthly,Mid_Range,4G,2026-03-19
SUB6437149,0.15,3.67,0.1,0.04,53.02,0,0,25-34,Prepaid_Monthly,Premium_Smartphone,4G,2026-04-08
SUB8271476,0.8,1.21,0.14,0.4,39.98,0,0,45-54,Postpaid_Premium,5G_Device,3G,2026-04-05
SUB7429611,0.79,0.69,0.67,0.6,86.88,0,0,45-54,Postpaid_Unlimited,Premium_Smartphone,4G,2026-04-09
SUB4266402,0.06,0.1,0.0,0.09,12.3,0,0,25-34,Prepaid_Monthly,Basic_Phone,3G,2026-04-05
SUB9121849,2.47,3.05,0.37,0.35,114.28,0,0,18-24,Prepaid_Monthly,Premium_Smartphone,5G,2026-03-27
SUB9104789,0.34,0.42,1.2,0.12,32.58,0,0,25-34,Prepaid_Monthly,Basic_Phone,5G,2026-04-07
SUB5108880,0.19,0.43,0.65,0.15,107.82,0,1,35-44,Prepaid_Daily,Mid_Range,5G,2026-04-01
SUB6499593,1.3,0.27,0.95,1.86,87.0,0,1,45-54,Postpaid_Basic,5G_Device,4G,2026-03-31
SUB5261946,0.26,0.71,0.18,0.5,48.63,0,0,25-34,Postpaid_Unlimited,Basic_Phone,5G,2026-03-22
SUB1090093,0.59,0.27,0.15,0.4,32.92,1,1,25-34,Postpaid_Premium,Basic_Phone,4G,2026-03-24
SUB2732465,2.42,1.11,0.47,0.23,38.73,1,0,18-24,Postpaid_Unlimited,Mid_Range,3G,2026-04-04
SUB4173584,1.64,4.37,1.43,0.32,115.91,1,1,35-44,Postpaid_Basic,Tablet,5G,2026-03-20
SUB3859244,2.78,2.42,0.07,0.3,77.32,1,1,18-24,Postpaid_Basic,Mid_Range,5G,2026-03-23
SUB1886040,4.95,0.14,1.05,0.24,72.32,0,0,18-24,Postpaid_Unlimited,Mid_Range,4G+,2026-03-29
SUB1322918,1.62,1.27,1.59,0.18,148.23,0,1,18-24,Prepaid_Monthly,Premium_Smartphone,4G+,2026-04-11
SUB3245909,1.32,2.52,0.15,2.81,115.18,0,0,35-44,Postpaid_Unlimited,Premium_Smartphone,5G,2026-03-25
SUB1116739,0.17,2.0,0.18,1.14,70.72,0,1,25-34,Postpaid_Premium,Mid_Range,4G+,2026-03-24
SUB2014929,5.25,1.16,0.65,1.25,135.52,0,0,25-34,Prepaid_Monthly,5G_Device,5G,2026-04-01
SUB3420564,0.28,0.36,0.1,0.22,34.25,0,1,55+,Postpaid_Basic,Mid_Range,3G,2026-03-29
SUB9577064,0.22,1.21,0.16,0.35,19.06,0,0,18-24,Prepaid_Monthly,Mid_Range,3G,2026-04-08
SUB3653093,0.96,1.0,0.13,0.07,66.63,0,0,25-34,Prepaid_Daily,Mid_Range,5G,2026-03-22
SUB4303457,0.58,0.15,0.14,0.69,51.94,0,0,55+,Prepaid_Monthly,Premium_Smartphone,4G,2026-04-10
SUB6888997,7.03,0.46,0.23,0.56,41.85,0,0,25-34,Postpaid_Unlimited,Mid_Range,3G,2026-03-24
SUB7944121,3.14,1.71,0.23,2.47,97.62,0,0,35-44,Postpaid_Premium,5G_Device,4G,2026-03-26
SUB7238795,0.69,0.93,0.22,0.53,55.7,0,0,18-24,Prepaid_Monthly,Tablet,4G,2026-04-14
SUB5767348,0.23,0.57,0.17,0.18,12.61,1,0,45-54,Prepaid_Monthly,Basic_Phone,4G,2026-04-08
SUB1716756,0.21,5.55,0.5,0.53,174.69,1,0,25-34,Postpaid_Basic,Tablet,5G,2026-03-27
SUB9439834,1.45,0.24,0.14,0.17,91.68,1,1,45-54,Prepaid_Monthly,Mid_Range,5G,2026-04-02
SUB7790968,0.48,1.8,0.0,0.05,46.47,0,0,25-34,Postpaid_Basic,Mid_Range,4G,2026-03-27
SUB4751198,8.0,0.8,1.87,1.38,114.37,0,1,25-34,Postpaid_Premium,5G_Device,4G,2026-03-31
SUB8369434,0.37,0.48,0.46,0.05,48.31,1,0,45-54,Postpaid_Basic,Premium_Smartphone,3G,2026-03-24
SUB4138145,0.97,0.66,0.22,0.05,129.46,0,0,55+,Prepaid_Daily,5G_Device,4G+,2026-04-12
SUB2226476,1.85,3.28,0.12,0.6,88.7,1,0,18-24,Postpaid_Basic,Premium_Smartphone,4G,2026-03-28
SUB5184056,0.16,0.99,0.17,0.06,103.54,1,0,45-54,Prepaid_Monthly,5G_Device,4G,2026-04-04
SUB9960820,1.75,2.75,2.11,0.32,101.63,0,0,25-34,Prepaid_Monthly,5G_Device,4G,2026-03-30
SUB2500844,0.63,1.23,0.06,1.05,69.92,0,1,35-44,Prepaid_Monthly,Mid_Range,4G,2026-03-31
SUB4443609,0.31,0.39,0.09,0.87,90.18,0,0,25-34,Prepaid_Monthly,5G_Device,4G,2026-04-01
SUB9752084,0.58,2.5,0.88,0.61,101.17,1,1,35-44,Postpaid_Unlimited,Tablet,4G,2026-04-13
SUB2400283,2.62,5.67,0.02,2.19,84.11,1,0,25-34,Postpaid_Premium,Mid_Range,4G,2026-04-11
SUB6927613,3.64,2.65,1.83,1.83,74.3,1,1,25-34,Postpaid_Premium,Premium_Smartphone,3G,2026-04-12
SUB1691757,8.0,3.12,2.95,0.05,80.89,1,0,18-24,Postpaid_Basic,5G_Device,4G+,2026-04-09
SUB1390719,0.87,0.89,0.25,0.17,62.69,0,0,18-24,Prepaid_Daily,5G_Device,4G,2026-03-28
SUB7854453,0.06,0.01,0.01,0.06,28.93,1,0,55+,Prepaid_Monthly,Basic_Phone,3G,2026-03-27
SUB4337920,0.44,1.84,0.33,0.07,100.28,0,1,55+,Postpaid_Premium,Premium_Smartphone,4G,2026-03-29
SUB4296050,0.94,1.71,0.47,0.03,103.26,0,1,45-54,Prepaid_Monthly,Tablet,4G,2026-03-26
SUB3118324,8.0,1.36,1.76,1.17,67.23,1,0,25-34,Postpaid_Basic,Mid_Range,4G,2026-04-02
SUB7827299,2.01,2.73,0.16,5.0,91.7,0,0,25-34,Prepaid_Monthly,5G_Device,5G,2026-04-05
SUB7247794,3.24,1.66,0.83,0.38,163.9,0,1,35-44,Postpaid_Unlimited,Premium_Smartphone,4G+,2026-04-09
SUB8917596,1.07,3.89,0.18,0.04,77.57,0,0,55+,Postpaid_Unlimited,Mid_Range,5G,2026-04-04
SUB5902666,0.24,0.2,0.17,0.04,24.38,0,0,25-34,Prepaid_Daily,Basic_Phone,4G+,2026-03-19
SUB1876031,1.81,1.15,0.45,0.42,129.28,1,1,45-54,Postpaid_Premium,5G_Device,4G+,2026-04-10
SUB7232739,0.32,0.08,0.0,0.14,35.84,0,0,55+,Prepaid_Daily,Mid_Range,4G,2026-04-15
SUB2270896,0.55,0.38,0.51,0.12,70.8,0,0,45-54,Postpaid_Basic,Mid_Range,4G+,2026-04-10
SUB2059622,2.18,1.41,0.77,0.3,94.26,1,1,18-24,Prepaid_Daily,Premium_Smartphone,4G,2026-04-06
SUB5422375,1.2,1.13,0.62,0.25,74.25,1,0,18-24,Prepaid_Daily,Premium_Smartphone,3G,2026-03-28
SUB1378165,1.48,2.03,0.12,0.0,71.07,0,0,25-34,Prepaid_Daily,Mid_Range,5G,2026-04-09
SUB5131479,0.78,3.93,0.92,0.42,42.03,0,0,25-34,Postpaid_Unlimited,Premium_Smartphone,3G,2026-04-12
SUB1415008,4.18,4.09,0.78,2.37,89.04,0,0,18-24,Postpaid_Premium,Premium_Smartphone,4G,2026-04-10
SUB2631993,1.12,1.07,0.08,0.49,55.91,1,0,25-34,Prepaid_Daily,Mid_Range,4G,2026-04-06
SUB4351278,2.67,3.64,0.13,0.01,114.05,0,1,45-54,Postpaid_Basic,Premium_Smartphone,5G,2026-04-06
SUB3342035,0.25,0.17,0.67,0.67,62.7,0,0,25-34,Prepaid_Monthly,Premium_Smartphone,3G,2026-04-10
SUB8978450,0.28,0.89,0.29,0.28,47.59,0,0,25-34,Prepaid_Monthly,Mid_Range,4G,2026-04-10
SUB6703394,2.39,4.38,1.29,0.74,87.94,0,0,35-44,Postpaid_Unlimited,5G_Device,4G,2026-03-30
SUB8240947,3.16,6.0,0.12,0.33,85.92,0,0,35-44,Prepaid_Daily,Premium_Smartphone,4G,2026-03-24
SUB3768362,2.13,2.9,0.4,0.07,61.0,1,1,45-54,Postpaid_Basic,Mid_Range,4G,2026-03-30
SUB2170365,7.86,2.07,0.05,0.04,57.05,0,0,18-24,Prepaid_Monthly,Mid_Range,4G,2026-04-16
SUB6931161,0.63,0.79,0.36,0.13,85.11,0,0,35-44,Prepaid_Daily,Premium_Smartphone,4G+,2026-03-23
SUB7790593,0.07,0.82,0.1,0.03,22.65,0,0,35-44,Postpaid_Basic,Basic_Phone,3G,2026-03-23
SUB5851188,0.77,0.35,0.75,0.2,16.3,0,0,18-24,Postpaid_Unlimited,Basic_Phone,4G+,2026-03-31
SUB3721864,0.08,0.1,0.0,0.02,23.58,0,0,45-54,Postpaid_Premium,Basic_Phone,4G,2026-04-08
SUB4947208,0.77,0.44,1.1,0.31,57.18,0,0,25-34,Prepaid_Daily,Premium_Smartphone,4G,2026-03-29
SUB7984720,0.27,3.7,1.51,2.33,79.15,0,0,25-34,Postpaid_Premium,Mid_Range,5G,2026-03-30
SUB8733308,4.97,4.18,0.7,0.63,71.53,0,0,25-34,Postpaid_Unlimited,5G_Device,4G+,2026-04-11
SUB4875754,1.93,1.25,0.77,0.01,64.69,0,1,25-34,Prepaid_Monthly,Premium_Smartphone,3G,2026-04-07
SUB3704999,5.98,1.15,0.05,0.34,102.37,0,0,25-34,Prepaid_Monthly,5G_Device,5G,2026-04-11
SUB6298217,0.59,0.63,0.26,0.01,77.07,0,1,45-54,Prepaid_Daily,Premium_Smartphone,3G,2026-03-20
SUB2324070,1.83,0.87,0.67,0.34,98.47,0,1,18-24,Prepaid_Monthly,Premium_Smartphone,4G,2026-03-28
SUB8364386,3.08,2.08,0.2,0.99,118.61,1,0,55+,Postpaid_Premium,Premium_Smartphone,5G,2026-04-02
SUB6787749,2.02,2.15,0.82,0.27,95.82,0,0,35-44,Prepaid_Monthly,Premium_Smartphone,4G,2026-04-15
SUB2661793,2.56,1.27,1.07,0.0,66.59,0,1,18-24,Prepaid_Daily,Mid_Range,5G,2026-03-27
SUB7576651,0.11,0.55,1.1,0.17,61.35,0,0,18-24,Prepaid_Monthly,Mid_Range,4G,2026-04-01
SUB7867218,0.28,1.75,2.91,0.34,111.64,0,0,35-44,Postpaid_Basic,5G_Device,5G,2026-04-10
SUB8466027,1.52,6.0,0.64,6.0,143.37,0,1,35-44,Postpaid_Basic,Premium_Smartphone,5G,2026-04-15
SUB5987696,5.48,3.06,2.31,1.54,97.65,0,1,18-24,Postpaid_Premium,Mid_Range,5G,2026-03-24
SUB1428988,0.47,0.89,0.21,0.8,35.61,1,1,18-24,Prepaid_Daily,Mid_Range,3G,2026-04-11
SUB5084752,2.07,1.02,0.07,0.09,77.0,0,0,45-54,Postpaid_Basic,Premium_Smartphone,4G,2026-04-15
SUB5374857,1.2,0.58,1.04,0.19,63.63,1,0,18-24,Prepaid_Monthly,Mid_Range,4G+,2026-04-04
SUB3977590,0.91,1.42,0.39,1.2,118.79,0,1,45-54,Postpaid_Unlimited,Tablet,4G+,2026-03-27
SUB8599600,4.18,0.41,0.05,0.85,66.74,0,0,35-44,Prepaid_Monthly,Premium_Smartphone,4G,2026-04-11
SUB7610734,0.06,0.09,0.0,0.22,19.57,1,0,25-34,Prepaid_Daily,Basic_Phone,4G,2026-04-16
SUB4297291,0.48,0.2,0.08,0.01,31.49,0,0,25-34,Prepaid_Daily,Basic_Phone,5G,2026-03-31
SUB5894287,1.89,6.0,0.71,0.22,65.62,1,1,18-24,Prepaid_Monthly,Mid_Range,4G,2026-04-07
SUB8954647,0.14,0.07,0.5,0.06,29.3,1,0,45-54,Prepaid_Daily,Basic_Phone,4G,2026-03-24
SUB3490706,1.39,2.11,0.99,0.01,89.85,0,0,18-24,Postpaid_Basic,5G_Device,5G,2026-04-03
SUB8542535,1.61,1.42,0.3,0.21,43.08,0,0,25-34,Postpaid_Premium,5G_Device,3G,2026-04-05
SUB9047252,0.68,1.82,0.19,0.0,112.83,0,0,35-44,Prepaid_Monthly,Tablet,4G+,2026-04-14
SUB6254224,0.17,3.24,2.95,0.14,76.97,0,0,18-24,Postpaid_Basic,Premium_Smartphone,4G,2026-04-02
SUB7215140,4.07,0.98,3.21,0.45,97.84,0,0,25-34,Postpaid_Premium,Premium_Smartphone,4G,2026-04-05
SUB4737973,2.0,1.01,0.09,0.1,97.16,0,0,45-54,Prepaid_Monthly,5G_Device,5G,2026-03-20
SUB3202575,0.04,2.41,0.32,0.05,54.33,0,0,25-34,Prepaid_Daily,5G_Device,4G,2026-04-11
SUB7611653,0.51,0.45,0.0,0.31,63.25,0,0,55+,Prepaid_Monthly,5G_Device,4G,2026-04-03
SUB1464071,2.17,3.24,0.61,1.39,146.19,0,0,45-54,Postpaid_Unlimited,5G_Device,5G,2026-04-14
SUB5381137,2.87,2.6,0.01,0.21,51.5,0,1,25-34,Postpaid_Premium,Premium_Smartphone,3G,2026-03-29
SUB5912216,0.45,0.15,0.07,0.21,39.78,0,1,25-34,Prepaid_Daily,Basic_Phone,4G,2026-03-29
SUB8597626,0.74,2.83,0.66,0.31,60.65,0,1,25-34,Prepaid_Monthly,Mid_Range,4G,2026-03-24
SUB4498472,1.3,1.23,0.63,0.13,61.7,0,0,35-44,Postpaid_Premium,Premium_Smartphone,4G,2026-04-04
SUB9369689,0.33,0.22,1.79,0.31,54.08,0,0,25-34,Postpaid_Basic,Premium_Smartphone,3G,2026-03-30
SUB2564718,0.44,1.17,0.13,0.71,128.11,0,1,55+,Postpaid_Premium,5G_Device,5G,2026-04-05
SUB6139743,0.89,1.29,0.23,0.06,61.16,0,0,35-44,Prepaid_Monthly,5G_Device,4G,2026-04-16
SUB4813270,8.0,4.59,2.08,0.24,100.04,0,0,25-34,Postpaid_Unlimited,Premium_Smartphone,5G,2026-04-07
SUB5806425,0.09,0.67,0.23,0.58,31.45,0,0,35-44,Postpaid_Premium,Basic_Phone,5G,2026-04-12
SUB7609876,0.68,0.25,0.14,0.05,65.2,0,1,25-34,Prepaid_Daily,Mid_Range,5G,2026-03-23
SUB3378837,0.39,2.01,0.02,0.56,112.87,1,0,45-54,Postpaid_Basic,Mid_Range,5G,2026-03-19
SUB7123769,0.32,0.31,0.43,0.12,34.69,0,0,35-44,Prepaid_Daily,Mid_Range,4G,2026-03-22
SUB2524102,1.11,2.62,0.08,3.78,149.68,1,1,18-24,Prepaid_Monthly,Premium_Smartphone,4G+,2026-03-26
SUB3383366,0.26,1.02,0.06,0.21,19.38,1,0,18-24,Postpaid_Premium,Basic_Phone,3G,2026-04-13
SUB3035848,0.22,0.07,0.17,0.05,11.57,0,0,45-54,Prepaid_Monthly,Basic_Phone,4G,2026-03-28
SUB6122930,0.98,3.4,0.28,0.0,37.83,0,1,35-44,Postpaid_Premium,Mid_Range,4G,2026-04-09
SUB9593223,0.07,0.27,0.12,0.01,173.99,0,1,55+,Prepaid_Monthly,5G_Device,5G,2026-03-24
SUB7691409,0.33,0.42,0.15,0.7,39.1,1,0,18-24,Postpaid_Premium,Basic_Phone,5G,2026-04-10
SUB1838003,1.33,6.0,3.35,0.2,200.0,1,1,25-34,Prepaid_Monthly,5G_Device,5G,2026-04-04
SUB4433382,2.02,0.46,0.17,0.15,42.37,0,0,18-24,Postpaid_Premium,Mid_Range,4G,2026-04-10
SUB9670178,0.4,0.22,0.07,0.01,49.61,0,0,35-44,Prepaid_Daily,Mid_Range,4G,2026-03-23
SUB4395049,2.27,1.69,1.25,0.01,106.66,0,0,25-34,Prepaid_Monthly,Premium_Smartphone,5G,2026-03-25
SUB1066150,2.7,0.36,4.0,0.66,79.39,0,0,18-24,Postpaid_Basic,Tablet,4G+,2026-04-17
SUB8951632,0.63,0.23,0.63,0.01,111.68,0,1,35-44,Prepaid_Monthly,Premium_Smartphone,4G,2026-04-01
SUB8429645,0.67,1.34,0.86,0.1,115.03,0,0,25-34,Prepaid_Monthly,Premium_Smartphone,4G+,2026-04-09
SUB7081687,1.57,0.58,0.37,0.18,91.95,0,0,25-34,Prepaid_Monthly,5G_Device,4G,2026-04-07
SUB9948331,3.45,4.88,0.01,0.74,130.26,0,0,25-34,Postpaid_Unlimited,5G_Device,5G,2026-03-30
SUB3547500,0.72,0.1,0.02,0.01,19.59,1,0,35-44,Prepaid_Daily,Basic_Phone,4G,2026-04-12
SUB5193060,1.31,0.96,0.39,1.01,81.24,0,0,18-24,Postpaid_Premium,Premium_Smartphone,5G,2026-04-14
SUB1134055,4.79,1.08,0.62,0.0,121.49,0,1,25-34,Postpaid_Basic,5G_Device,4G+,2026-04-13
SUB2841648,1.7,0.65,0.23,0.74,108.11,1,0,25-34,Prepaid_Monthly,Premium_Smartphone,4G,2026-04-07
SUB8132508,4.33,2.48,0.15,0.08,97.91,0,0,35-44,Postpaid_Basic,5G_Device,4G,2026-03-31
SUB7437845,1.12,6.0,1.39,0.02,155.42,1,0,45-54,Postpaid_Unlimited,Premium_Smartphone,4G+,2026-04-16
SUB4828433,0.74,1.05,0.34,0.04,33.26,0,0,25-34,Postpaid_Basic,Mid_Range,4G,2026-04-03
SUB3735264,2.22,4.44,0.56,0.83,122.5,1,1,25-34,Postpaid_Unlimited,Premium_Smartphone,4G,2026-04-06
SUB5448748,0.62,0.32,0.12,0.01,95.78,0,0,45-54,Prepaid_Daily,Premium_Smartphone,4G,2026-03-30
SUB8152747,0.55,1.18,0.09,0.08,80.47,0,0,55+,Postpaid_Premium,5G_Device,5G,2026-04-05
SUB5137270,0.56,1.52,0.11,0.22,64.25,0,0,35-44,Prepaid_Monthly,Tablet,4G,2026-04-11
SUB5317922,1.29,1.08,0.1,2.1,116.19,0,1,55+,Prepaid_Monthly,5G_Device,4G,2026-03-24
SUB9847905,1.51,1.7,0.13,0.2,81.95,0,0,35-44,Postpaid_Basic,Tablet,4G,2026-03-20
SUB8465373,0.63,1.85,0.92,0.28,51.39,0,0,35-44,Postpaid_Basic,Mid_Range,4G,2026-04-15
SUB2020154,4.39,1.89,0.77,0.17,139.45,0,0,25-34,Prepaid_Monthly,5G_Device,5G,2026-03-21
SUB9070924,1.03,0.75,0.11,0.0,27.71,0,1,25-34,Prepaid_Monthly,Mid_Range,3G,2026-04-13
SUB7843532,1.28,1.47,0.18,0.04,59.97,0,0,18-24,Postpaid_Basic,Mid_Range,4G+,2026-03-22
SUB5945169,0.92,1.15,0.15,0.08,76.1,1,0,45-54,Postpaid_Basic,Premium_Smartphone,4G,2026-04-08
SUB7733215,0.26,0.8,0.0,0.24,76.04,0,0,55+,Prepaid_Monthly,Premium_Smartphone,4G,2026-04-15
SUB9195810,3.78,1.48,0.1,1.56,101.86,0,0,35-44,Prepaid_Monthly,5G_Device,5G,2026-04-04
SUB8904294,2.33,2.33,1.21,2.84,57.07,0,0,25-34,Postpaid_Premium,Premium_Smartphone,3G,2026-04-15
SUB8185197,8.0,3.23,0.52,0.03,200.0,1,1,18-24,Postpaid_Premium,5G_Device,5G,2026-03-25
SUB9171548,0.32,0.58,0.14,0.01,28.19,0,0,25-34,Prepaid_Monthly,Basic_Phone,4G+,2026-04-16
SUB7714301,3.16,1.22,2.03,0.36,87.28,0,0,25-34,Prepaid_Monthly,5G_Device,4G,2026-04-03
SUB8969693,0.82,0.79,0.99,0.83,55.81,0,0,35-44,Prepaid_Monthly,5G_Device,4G,2026-03-22
SUB2859582,0.41,1.88,0.31,0.13,133.07,0,0,55+,Postpaid_Unlimited,Premium_Smartphone,5G,2026-03-19
SUB8744064,4.41,4.55,1.5,2.77,59.9,1,0,18-24,Postpaid_Premium,Mid_Range,5G,2026-03-20
SUB3129885,1.78,2.17,0.08,0.03,132.07,0,0,18-24,Prepaid_Daily,5G_Device,5G,2026-04-02
SUB5720642,0.91,0.51,2.48,3.57,116.91,0,0,35-44,Postpaid_Premium,Premium_Smartphone,4G+,2026-03-26
SUB1549239,1.59,4.3,0.27,0.62,102.38,1,0,25-34,Prepaid_Daily,Premium_Smartphone,4G,2026-03-25
SUB9945309,4.03,1.9,0.92,0.15,80.83,1,0,45-54,Prepaid_Monthly,Premium_Smartphone,4G,2026-03-27
SUB6408753,1.69,3.56,0.02,3.14,38.85,1,1,25-34,Postpaid_Unlimited,Mid_Range,3G,2026-04-14
SUB4047569,1.0,0.55,0.54,1.0,34.97,0,0,25-34,Postpaid_Unlimited,Basic_Phone,4G,2026-03-26
SUB1785332,1.41,1.69,0.1,1.52,67.79,0,0,25-34,Postpaid_Premium,Mid_Range,5G,2026-03-26
SUB9555080,1.78,1.98,0.2,1.07,85.33,0,1,18-24,Postpaid_Basic,5G_Device,4G,2026-04-11
SUB1397710,1.48,0.81,0.83,0.49,49.54,1,0,35-44,Prepaid_Monthly,Premium_Smartphone,3G,2026-03-20
SUB7503216,4.55,1.57,0.5,0.14,110.41,1,0,18-24,Postpaid_Unlimited,5G_Device,4G+,2026-04-14
SUB5317048,8.0,2.51,0.07,0.12,103.34,1,0,25-34,Postpaid_Premium,Premium_Smartphone,4G,2026-03-27
SUB4188729,1.63,1.43,0.24,0.01,87.77,0,1,25-34,Prepaid_Monthly,Tablet,4G,2026-04-09
SUB5785956,0.21,1.19,0.16,0.42,15.31,0,0,18-24,Postpaid_Basic,Mid_Range,3G,2026-04-02
SUB6105724,2.19,0.4,0.01,0.04,19.09,0,1,18-24,Postpaid_Unlimited,Basic_Phone,4G,2026-04-10
SUB6025764,8.0,6.0,0.67,1.04,90.4,1,0,25-34,Postpaid_Unlimited,5G_Device,4G,2026-04-02
SUB8996198,6.62,1.75,0.07,0.72,113.56,0,0,35-44,Postpaid_Premium,Premium_Smartphone,4G+,2026-04-02
SUB1910775,0.18,0.21,0.99,0.41,98.4,0,0,55+,Postpaid_Premium,Premium_Smartphone,4G+,2026-03-27
SUB6954878,0.22,0.56,0.06,0.03,49.3,1,0,18-24,Prepaid_Daily,Mid_Range,4G,2026-04-08
SUB6927997,2.14,0.55,0.71,0.22,59.97,0,0,18-24,Postpaid_Basic,Mid_Range,4G,2026-03-30
SUB1558924,1.98,6.0,0.09,2.43,153.05,1,1,18-24,Postpaid_Premium,Premium_Smartphone,5G,2026-04-05
SUB4881185,0.76,0.64,0.03,0.13,72.75,0,1,25-34,Prepaid_Daily,Premium_Smartphone,4G,2026-03-25
SUB6004998,1.1,5.37,0.78,0.28,103.09,1,0,35-44,Postpaid_Premium,Premium_Smartphone,4G,2026-04-02
SUB6166650,0.62,0.81,0.34,0.25,72.54,0,0,45-54,Postpaid_Unlimited,Mid_Range,4G+,2026-04-10
SUB6693075,2.95,1.97,0.82,0.11,84.24,0,0,35-44,Prepaid_Monthly,Premium_Smartphone,5G,2026-03-21
SUB9109916,0.2,3.12,2.02,0.57,66.93,1,1,18-24,Postpaid_Premium,Mid_Range,4G,2026-04-09
SUB6193278,3.66,1.43,0.01,0.88,119.67,1,0,25-34,Postpaid_Premium,Premium_Smartphone,4G,2026-04-02
SUB1431413,0.32,0.89,0.16,2.06,196.11,0,1,55+,Postpaid_Basic,Premium_Smartphone,5G,2026-03-29
SUB5165100,1.2,0.08,0.13,0.06,39.27,1,1,25-34,Postpaid_Premium,Basic_Phone,4G,2026-04-14
SUB1863561,4.2,0.42,0.1,0.93,57.34,1,1,25-34,Prepaid_Monthly,Mid_Range,4G,2026-04-05
SUB1302186,0.18,0.03,0.28,0.05,21.86,0,0,55+,Postpaid_Premium,Basic_Phone,4G,2026-04-08
SUB4207393,1.53,1.77,1.91,0.0,63.03,1,0,35-44,Prepaid_Monthly,Tablet,4G,2026-04-11
SUB6489464,1.26,0.24,1.31,0.38,72.51,0,0,35-44,Postpaid_Premium,Premium_Smartphone,4G+,2026-03-30
SUB8456985,4.75,1.11,0.47,0.82,45.05,1,0,25-34,Postpaid_Basic,Premium_Smartphone,3G,2026-04-16
SUB7767528,0.16,0.2,0.89,0.02,68.33,0,0,25-34,Prepaid_Daily,Premium_Smartphone,5G,2026-03-22
SUB2026553,1.39,3.18,0.47,0.73,87.38,0,0,18-24,Prepaid_Monthly,Tablet,4G+,2026-04-14
SUB9533879,0.75,1.0,0.28,0.8,80.5,0,1,35-44,Prepaid_Monthly,Premium_Smartphone,4G,2026-04-05
SUB4743797,0.28,1.54,0.3,0.48,42.08,0,0,18-24,Prepaid_Daily,Mid_Range,4G,2026-04-09
SUB2514542,0.34,0.2,0.07,0.11,44.9,0,0,45-54,Prepaid_Daily,Mid_Range,4G+,2026-03-31
SUB7357718,1.98,2.53,0.4,0.63,123.65,1,0,45-54,Postpaid_Premium,5G_Device,5G,2026-03-30
SUB5180656,0.25,0.9,1.07,0.1,91.86,1,0,25-34,Postpaid_Unlimited,Mid_Range,5G,2026-03-25
SUB9465506,3.0,1.33,0.63,0.0,60.22,0,0,18-24,Postpaid_Unlimited,Mid_Range,5G,2026-03-23
SUB7846192,7.67,5.6,1.25,1.63,107.23,0,1,18-24,Postpaid_Unlimited,Tablet,4G,2026-04-09
SUB9676924,1.52,0.71,0.66,0.13,104.64,0,0,45-54,Postpaid_Premium,5G_Device,5G,2026-03-31
SUB8347689,3.22,1.85,0.13,0.67,115.54,0,1,35-44,Prepaid_Daily,5G_Device,5G,2026-03-23
SUB2829553,1.9,0.98,1.28,0.23,39.54,1,1,35-44,Postpaid_Premium,Mid_Range,3G,2026-03-23
SUB4041341,1.69,0.44,1.68,0.56,29.12,0,0,25-34,Postpaid_Premium,Mid_Range,3G,2026-04-03
SUB2039504,1.44,0.28,0.65,1.4,53.57,0,1,25-34,Prepaid_Daily,Mid_Range,4G,2026-04-04
SUB7666455,3.12,1.45,0.86,0.29,65.56,0,0,35-44,Postpaid_Premium,5G_Device,4G,2026-04-03
SUB8663589,5.84,2.03,1.15,1.84,143.32,0,1,25-34,Postpaid_Basic,Premium_Smartphone,4G+,2026-04-13
SUB8918348,2.99,6.0,4.0,1.61,193.43,1,0,35-44,Postpaid_Unlimited,5G_Device,5G,2026-04-02
SUB5988023,1.81,0.36,0.07,0.83,87.8,1,0,45-54,Postpaid_Premium,5G_Device,4G,2026-03-29
SUB8635836,8.0,2.04,4.0,0.3,80.0,0,0,18-24,Postpaid_Unlimited,5G_Device,5G,2026-04-15
SUB8809006,0.95,3.53,0.05,0.38,64.08,0,0,18-24,Prepaid_Daily,Mid_Range,4G,2026-03-22
SUB2675843,0.43,0.5,0.0,0.18,59.45,0,0,25-34,Prepaid_Daily,Mid_Range,4G+,2026-03-22
SUB9423309,8.0,6.0,1.15,2.28,59.45,1,0,18-24,Postpaid_Unlimited,Mid_Range,5G,2026-04-13
SUB4229028,0.16,0.67,0.03,0.01,48.77,0,0,45-54,Prepaid_Daily,Mid_Range,5G,2026-04-03
SUB8056993,3.14,1.3,0.17,0.22,45.02,0,0,35-44,Prepaid_Monthly,Mid_Range,4G,2026-04-09
SUB2721610,1.59,1.04,0.61,0.49,61.14,0,1,45-54,Postpaid_Basic,5G_Device,3G,2026-03-25
SUB3339767,0.29,0.15,0.04,0.24,33.42,0,0,35-44,Postpaid_Unlimited,Basic_Phone,4G,2026-04-03
SUB3614235,0.19,3.37,0.39,0.88,99.6,1,0,18-24,Prepaid_Monthly,Premium_Smartphone,4G,2026-03-20
SUB1491036,0.73,2.25,0.08,0.04,167.79,0,1,25-34,Prepaid_Daily,5G_Device,5G,2026-03-20
SUB9715912,0.15,0.28,0.08,0.08,16.41,1,0,45-54,Postpaid_Basic,Basic_Phone,4G,2026-04-10
SUB7046914,1.06,0.62,0.06,0.34,15.33,0,0,18-24,Postpaid_Basic,Basic_Phone,4G,2026-04-09
SUB3710241,1.24,0.12,0.49,0.14,131.55,0,1,35-44,Prepaid_Monthly,Mid_Range,5G,2026-03-20
SUB2142953,0.21,2.45,0.43,0.55,37.11,1,0,45-54,Postpaid_Unlimited,Mid_Range,4G,2026-03-25
SUB4961352,0.64,1.72,1.17,0.97,66.39,1,0,25-34,Postpaid_Premium,Premium_Smartphone,4G,2026-03-22
SUB4978702,1.51,3.61,1.41,0.71,134.58,0,1,25-34,Postpaid_Unlimited,Premium_Smartphone,4G+,2026-03-26
SUB9168984,1.33,0.69,0.63,0.0,44.53,1,0,35-44,Prepaid_Daily,Premium_Smartphone,3G,2026-03-19
SUB1326916,0.26,1.68,0.83,0.21,48.15,1,0,45-54,Postpaid_Premium,Mid_Range,4G,2026-03-20
SUB4597706,1.82,1.05,0.62,0.92,145.38,0,0,18-24,Postpaid_Unlimited,Premium_Smartphone,5G,2026-04-04
SUB5506554,0.6,3.2,1.07,0.04,133.59,0,0,55+,Postpaid_Basic,Premium_Smartphone,5G,2026-04-15
SUB1605409,0.39,1.64,0.86,0.06,55.73,0,1,35-44,Prepaid_Daily,Mid_Range,5G,2026-04-02
SUB7849486,0.35,1.04,0.22,0.06,58.71,0,0,55+,Postpaid_Unlimited,Mid_Range,5G,2026-04-06
SUB6050405,0.08,1.36,0.44,1.5,71.38,0,0,18-24,Postpaid_Basic,5G_Device,4G+,2026-03-24
SUB9337735,2.51,3.11,0.25,0.37,50.67,1,0,18-24,Postpaid_Premium,Mid_Range,4G,2026-03-20
SUB2725690,0.62,0.16,0.08,0.27,64.58,0,0,45-54,Prepaid_Daily,5G_Device,4G,2026-04-05
SUB4280772,0.16,1.03,0.41,0.29,50.74,0,0,45-54,Postpaid_Premium,Mid_Range,5G,2026-04-02
SUB9197295,1.3,1.45,0.03,0.77,30.54,0,1,25-34,Postpaid_Unlimited,Basic_Phone,5G,2026-03-29
SUB6809041,0.7,0.91,1.43,0.36,79.42,0,0,35-44,Postpaid_Basic,Premium_Smartphone,4G,2026-04-06
SUB6087268,2.31,5.91,0.01,0.01,93.88,0,0,45-54,Prepaid_Monthly,5G_Device,4G,2026-03-27
SUB7155579,0.71,4.59,0.66,1.0,120.16,0,0,18-24,Prepaid_Daily,5G_Device,5G,2026-03-22
SUB1403119,0.86,1.13,0.49,0.15,69.43,1,0,35-44,Prepaid_Monthly,Mid_Range,4G,2026-03-22
SUB9212420,1.1,0.77,0.19,0.03,82.55,0,0,45-54,Prepaid_Monthly,5G_Device,4G+,2026-04-16
SUB1402732,1.82,3.3,0.45,0.61,147.65,1,1,25-34,Postpaid_Premium,Premium_Smartphone,4G,2026-04-17
SUB1506079,0.36,0.7,0.05,0.05,25.3,0,1,25-34,Prepaid_Daily,Basic_Phone,4G+,2026-04-13
SUB2950013,0.37,0.16,0.03,0.02,17.88,0,0,45-54,Prepaid_Daily,Basic_Phone,5G,2026-04-15
SUB2132658,0.4,6.0,0.42,0.5,136.5,0,0,25-34,Prepaid_Monthly,Premium_Smartphone,5G,2026-04-13
SUB2985209,0.85,3.28,0.15,0.3,91.04,0,0,18-24,Postpaid_Basic,Premium_Smartphone,4G,2026-03-23
SUB5322626,0.37,0.15,0.01,0.01,25.78,0,0,55+,Postpaid_Basic,Basic_Phone,4G,2026-04-11
SUB1656951,0.31,2.06,4.0,0.05,103.59,0,0,35-44,Postpaid_Premium,5G_Device,4G+,2026-04-02
SUB9399911,1.41,1.16,4.0,0.44,82.68,0,1,45-54,Postpaid_Unlimited,Premium_Smartphone,3G,2026-04-08
SUB4479591,3.08,1.07,0.06,0.03,79.55,1,0,45-54,Prepaid_Monthly,5G_Device,4G,2026-04-13
SUB6203916,2.25,1.32,0.71,1.35,75.81,1,0,18-24,Postpaid_Basic,Premium_Smartphone,3G,2026-04-07
SUB7026988,1.22,2.31,0.07,0.08,54.32,0,0,18-24,Prepaid_Monthly,Premium_Smartphone,3G,2026-04-02
SUB8426263,2.34,0.63,1.23,0.09,63.24,0,1,25-34,Prepaid_Daily,Mid_Range,4G,2026-04-11
SUB3366610,1.44,1.74,1.71,1.53,59.19,0,0,25-34,Postpaid_Basic,Premium_Smartphone,4G,2026-03-22
SUB5180303,1.84,0.87,1.27,0.0,102.0,0,1,35-44,Postpaid_Premium,Tablet,4G,2026-04-14
SUB5684346,1.08,1.16,0.13,0.56,120.85,0,0,35-44,Prepaid_Daily,Premium_Smartphone,5G,2026-03-24
SUB1458298,1.22,1.01,0.26,0.22,42.04,0,0,25-34,Prepaid_Daily,Mid_Range,4G+,2026-04-17
SUB2047343,1.32,1.19,0.31,1.73,40.96,0,0,18-24,Postpaid_Premium,Mid_Range,4G,2026-04-13
SUB6719720,2.48,6.0,0.89,0.71,125.03,0,1,25-34,Postpaid_Premium,Tablet,4G,2026-04-14
SUB9493836,1.21,0.87,1.34,0.1,30.94,0,0,25-34,Prepaid_Monthly,Mid_Range,4G,2026-04-07
SUB5620650,8.0,1.24,4.0,1.5,133.61,1,0,25-34,Postpaid_Premium,5G_Device,5G,2026-03-20
SUB2755692,1.66,6.0,0.47,2.99,84.03,0,0,18-24,Postpaid_Unlimited,Premium_Smartphone,4G,2026-04-08
SUB2730228,0.91,1.66,0.49,0.21,66.68,0,0,35-44,Prepaid_Monthly,Mid_Range,4G,2026-04-01
SUB2946793,2.65,0.1,0.01,0.41,127.04,1,0,18-24,Prepaid_Monthly,Premium_Smartphone,4G,2026-04-09
SUB2569123,1.27,0.26,0.05,0.02,30.54,0,0,25-34,Prepaid_Daily,Mid_Range,4G,2026-03-25
SUB7115518,2.38,0.84,1.4,0.12,62.61,1,0,35-44,Postpaid_Premium,Premium_Smartphone,3G,2026-03-21
SUB8393979,0.8,0.44,0.12,1.88,35.92,0,0,18-24,Prepaid_Monthly,Basic_Phone,4G+,2026-04-02
SUB9437482,6.69,3.79,0.44,0.78,61.03,0,0,35-44,Postpaid_Unlimited,Premium_Smartphone,4G,2026-03-28
SUB2622572,0.36,0.82,0.62,1.07,33.94,0,0,25-34,Postpaid_Premium,Basic_Phone,4G+,2026-04-15
SUB4220281,0.4,0.39,0.07,0.13,35.98,0,0,18-24,Prepaid_Monthly,Basic_Phone,4G+,2026-04-05
SUB3689784,0.38,0.54,0.72,0.08,97.32,0,0,18-24,Prepaid_Daily,5G_Device,4G,2026-03-23
SUB9175602,0.5,1.15,0.51,0.1,86.03,1,0,55+,Postpaid_Basic,Mid_Range,4G+,2026-03-20
SUB1709662,1.08,0.56,0.43,0.49,26.78,0,0,25-34,Prepaid_Monthly,Mid_Range,3G,2026-03-23
SUB7863382,0.25,0.26,0.24,0.24,65.37,0,0,55+,Postpaid_Unlimited,Premium_Smartphone,3G,2026-04-06
SUB6321129,1.69,0.44,0.35,0.87,99.39,0,0,25-34,Prepaid_Monthly,Premium_Smartphone,4G,2026-03-20
SUB9859060,0.22,3.08,1.16,0.21,82.46,1,1,25-34,Prepaid_Monthly,Mid_Range,4G,2026-04-17
SUB6672605,0.71,0.55,2.46,0.18,102.79,0,1,25-34,Postpaid_Basic,5G_Device,4G,2026-03-19
SUB3592670,1.64,0.39,0.02,0.37,54.16,0,0,25-34,Prepaid_Daily,Premium_Smartphone,4G,2026-04-11
SUB5810833,1.39,1.57,0.04,0.91,27.03,0,0,25-34,Postpaid_Basic,Mid_Range,3G,2026-03-29
SUB7703459,0.07,2.17,0.57,0.15,70.32,0,0,25-34,Prepaid_Daily,Premium_Smartphone,4G,2026-03-23
SUB7417665,0.14,1.26,0.07,0.22,22.05,1,0,25-34,Postpaid_Basic,Basic_Phone,4G,2026-04-03
SUB1442061,0.5,0.57,0.24,0.03,37.34,0,1,18-24,Postpaid_Basic,Mid_Range,3G,2026-04-01
SUB4761675,0.98,6.0,1.14,1.78,176.37,0,1,18-24,Postpaid_Basic,5G_Device,5G,2026-04-14
SUB8415745,8.0,4.88,4.0,1.72,200.0,1,0,25-34,Postpaid_Premium,Premium_Smartphone,5G,2026-03-26
SUB9082655,0.36,0.42,1.21,0.02,144.52,0,1,25-34,Prepaid_Daily,5G_Device,5G,2026-03-30
SUB9877580,1.55,0.64,0.03,1.34,54.15,0,0,35-44,Postpaid_Basic,Mid_Range,4G+,2026-04-13
SUB4081328,0.5,0.42,0.1,0.32,60.4,0,0,45-54,Prepaid_Monthly,Mid_Range,4G,2026-03-28
SUB6371112,0.79,1.09,0.3,0.14,105.43,1,1,25-34,Postpaid_Basic,Mid_Range,5G,2026-04-03
SUB9551646,0.75,0.95,0.31,1.47,75.47,0,1,18-24,Postpaid_Unlimited,Mid_Range,4G,2026-04-09
SUB8281505,2.37,1.15,0.44,1.59,100.21,0,1,25-34,Prepaid_Daily,Premium_Smartphone,4G,2026-03-27
SUB6124795,0.92,2.61,1.16,0.61,144.08,1,1,45-54,Postpaid_Premium,Premium_Smartphone,4G,2026-04-11
SUB6411263,0.37,2.03,0.18,0.06,55.09,0,0,18-24,Prepaid_Monthly,Premium_Smartphone,4G,2026-04-07
SUB4963735,5.54,1.66,0.9,0.4,168.3,1,1,35-44,Postpaid_Basic,Premium_Smartphone,5G,2026-03-25
SUB7493509,2.71,1.71,0.5,2.71,111.03,0,1,25-34,Postpaid_Premium,Premium_Smartphone,5G,2026-04-16
SUB9989138,1.88,2.36,2.17,0.08,115.72,0,0,18-24,Prepaid_Daily,5G_Device,5G,2026-03-27
SUB9824031,2.08,3.36,0.41,0.42,52.26,1,0,25-34,Postpaid_Premium,Mid_Range,3G,2026-04-08
SUB2192929,0.61,0.77,0.74,0.04,59.44,0,0,18-24,Prepaid_Daily,5G_Device,4G,2026-03-31
SUB9711998,1.16,1.44,0.27,0.32,116.64,0,1,45-54,Postpaid_Basic,Premium_Smartphone,4G,2026-04-16
SUB7555035,4.21,1.32,0.16,0.88,77.67,0,1,25-34,Postpaid_Premium,Premium_Smartphone,4G,2026-04-14
SUB5068316,0.61,0.81,0.19,0.01,64.76,0,0,35-44,Prepaid_Daily,5G_Device,3G,2026-04-02
SUB9067987,2.28,0.32,0.19,0.18,15.72,0,0,35-44,Postpaid_Premium,Basic_Phone,4G+,2026-03-28
SUB2656671,1.63,0.69,0.95,0.22,66.43,0,0,35-44,Prepaid_Daily,Premium_Smartphone,4G+,2026-04-01
SUB6681635,0.82,1.54,0.52,0.3,130.7,0,1,25-34,Postpaid_Premium,Tablet,5G,2026-04-05
SUB7145265,0.79,3.4,2.72,1.44,63.54,0,1,18-24,Postpaid_Basic,Premium_Smartphone,3G,2026-04-12
SUB9527171,2.09,2.31,0.42,0.48,124.65,1,0,25-34,Postpaid_Premium,5G_Device,4G,2026-04-02
SUB1783066,0.66,2.15,1.07,2.04,58.34,0,0,18-24,Postpaid_Unlimited,Mid_Range,4G,2026-03-19
SUB5899856,0.24,2.43,0.37,0.63,76.66,0,0,35-44,Prepaid_Monthly,Premium_Smartphone,4G,2026-04-10
SUB7240779,2.83,0.21,2.59,0.0,71.91,0,0,18-24,Prepaid_Monthly,5G_Device,3G,2026-03-21
SUB5055957,5.42,3.08,0.98,0.7,50.56,1,0,35-44,Postpaid_Unlimited,Mid_Range,4G,2026-04-01
SUB7617488,3.24,2.63,0.0,0.23,114.95,1,0,18-24,Prepaid_Daily,Premium_Smartphone,5G,2026-03-19
SUB1597897,0.38,0.19,0.01,0.01,28.34,0,1,55+,Postpaid_Basic,Basic_Phone,4G+,2026-03-28
SUB4941237,0.58,1.2,0.19,1.17,25.28,1,0,25-34,Postpaid_Unlimited,Basic_Phone,4G,2026-04-06
SUB3042999,4.18,1.49,0.73,0.28,64.31,0,0,25-34,Postpaid_Premium,Premium_Smartphone,4G+,2026-03-22
SUB4659985,0.8,0.13,0.08,0.35,161.04,1,0,55+,Prepaid_Daily,5G_Device,4G+,2026-04-09
SUB2902897,3.12,2.6,0.36,0.3,55.68,0,0,25-34,Prepaid_Daily,5G_Device,4G,2026-03-28
SUB9019213,0.51,1.64,0.36,0.31,126.38,1,1,55+,Prepaid_Monthly,Premium_Smartphone,5G,2026-03-27
SUB4576511,2.78,2.12,1.43,0.99,88.46,1,0,18-24,Prepaid_Monthly,5G_Device,4G,2026-04-11
SUB2163950,1.74,0.21,0.49,0.15,95.01,1,0,25-34,Prepaid_Daily,Premium_Smartphone,4G,2026-04-05
SUB1549148,1.34,1.28,0.01,0.16,53.52,0,1,35-44,Postpaid_Premium,Premium_Smartphone,3G,2026-03-25
SUB3773707,1.33,0.13,0.43,0.05,53.25,1,0,45-54,Prepaid_Monthly,5G_Device,3G,2026-04-06
SUB6068002,3.94,2.48,0.25,4.09,93.27,0,1,25-34,Postpaid_Unlimited,Premium_Smartphone,4G+,2026-04-02
SUB3773939,2.03,0.35,0.13,1.58,167.99,1,1,55+,Postpaid_Premium,Premium_Smartphone,4G+,2026-04-05
SUB2935740,1.35,0.71,0.32,0.13,65.43,1,0,35-44,Postpaid_Unlimited,Mid_Range,4G,2026-04-14
SUB4434955,0.89,1.96,0.71,0.72,130.51,1,0,45-54,Prepaid_Monthly,5G_Device,4G,2026-04-13
SUB5936710,0.1,0.43,0.31,0.15,37.12,1,0,25-34,Postpaid_Basic,Basic_Phone,4G,2026-04-11
SUB6155872,4.4,1.4,0.1,1.39,90.76,1,1,18-24,Prepaid_Monthly,Mid_Range,4G,2026-04-13
SUB4177326,0.38,1.18,0.36,0.27,62.74,0,1,55+,Prepaid_Monthly,Premium_Smartphone,3G,2026-03-28
SUB2554510,0.36,0.66,0.0,0.2,103.05,0,0,55+,Postpaid_Basic,Tablet,5G,2026-04-06
SUB4763122,4.57,6.0,0.62,0.33,77.43,0,0,25-34,Postpaid_Premium,5G_Device,4G,2026-03-26
SUB5421590,0.77,0.28,0.19,0.03,43.94,1,0,18-24,Prepaid_Daily,Mid_Range,3G,2026-04-07
SUB3534937,4.64,2.11,0.54,0.27,119.29,0,1,18-24,Prepaid_Monthly,Premium_Smartphone,5G,2026-04-12
SUB1812461,1.38,2.84,1.2,2.46,123.77,0,0,35-44,Prepaid_Monthly,5G_Device,5G,2026-03-23
SUB5427036,5.9,2.71,0.32,0.24,108.79,0,0,18-24,Postpaid_Premium,Premium_Smartphone,4G+,2026-03-21
SUB2718224,8.0,6.0,1.14,0.9,166.6,1,0,25-34,Postpaid_Unlimited,Premium_Smartphone,5G,2026-04-16
SUB3710626,1.76,0.58,1.03,0.04,86.42,1,1,25-34,Prepaid_Daily,Premium_Smartphone,4G,2026-04-17
SUB8906166,0.78,1.01,0.33,0.21,41.07,0,0,35-44,Prepaid_Monthly,Mid_Range,4G,2026-03-27
SUB8310108,2.91,6.0,3.6,2.48,125.44,1,0,18-24,Postpaid_Unlimited,5G_Device,4G+,2026-04-07
SUB7440010,2.01,1.66,1.06,0.96,81.48,0,0,25-34,Prepaid_Monthly,5G_Device,4G,2026-04-10
SUB9674163,5.41,6.0,0.54,3.18,136.92,1,1,35-44,Postpaid_Premium,Premium_Smartphone,4G+,2026-04-10
SUB1444191,0.12,0.64,0.02,0.26,49.23,0,0,35-44,Prepaid_Daily,Premium_Smartphone,3G,2026-03-24
SUB2502337,0.89,2.12,0.06,0.47,96.97,0,0,25-34,Prepaid_Monthly,Tablet,5G,2026-04-13
SUB4486669,1.27,0.78,0.34,0.22,23.89,1,0,25-34,Postpaid_Basic,Mid_Range,3G,2026-04-15
SUB4722946,4.37,1.46,0.88,2.36,101.01,1,0,35-44,Postpaid_Premium,Mid_Range,5G,2026-04-01
SUB8064400,0.22,0.17,0.07,0.32,40.83,0,0,45-54,Prepaid_Monthly,Mid_Range,3G,2026-04-15
SUB1224695,0.08,0.56,0.17,0.01,83.46,0,0,35-44,Prepaid_Monthly,Premium_Smartphone,4G,2026-03-30
SUB4441628,1.72,1.51,0.36,0.02,197.99,1,0,55+,Prepaid_Monthly,5G_Device,5G,2026-03-23
SUB8552975,0.71,2.28,0.17,0.82,48.1,0,0,35-44,Postpaid_Basic,Premium_Smartphone,4G,2026-03-22
SUB9123236,0.57,3.36,0.37,0.6,82.35,0,0,45-54,Postpaid_Unlimited,Premium_Smartphone,4G+,2026-04-09
SUB8761850,2.26,1.05,0.17,0.12,51.04,0,0,18-24,Postpaid_Premium,Mid_Range,4G,2026-04-07
SUB4340216,0.04,0.23,0.01,0.1,17.48,0,0,25-34,Prepaid_Daily,Basic_Phone,4G+,2026-03-26
SUB4833284,1.22,1.07,0.01,0.24,25.03,0,0,25-34,Postpaid_Unlimited,Mid_Range,3G,2026-04-01
SUB2847865,2.9,5.09,1.65,0.26,99.91,0,0,25-34,Prepaid_Daily,Premium_Smartphone,5G,2026-03-26
SUB8586725,8.0,1.39,0.8,2.58,148.29,1,0,25-34,Prepaid_Monthly,5G_Device,4G+,2026-03-20
SUB5897954,7.88,1.42,0.33,0.29,97.52,0,1,25-34,Postpaid_Premium,5G_Device,4G,2026-04-03
SUB5017136,1.49,1.2,0.99,0.53,64.94,1,1,35-44,Prepaid_Daily,Mid_Range,4G+,2026-03-27
SUB1344855,0.17,0.45,0.05,0.03,46.7,0,1,25-34,Prepaid_Daily,Basic_Phone,5G,2026-03-31
SUB6750283,3.23,1.16,0.38,1.27,99.25,0,0,25-34,Prepaid_Monthly,5G_Device,4G,2026-03-23
SUB2074961,0.07,0.21,0.06,0.06,15.54,0,0,55+,Postpaid_Premium,Basic_Phone,4G,2026-03-30
SUB5625678,0.21,2.62,0.26,1.12,57.96,0,0,25-34,Postpaid_Basic,Mid_Range,4G+,2026-03-21
SUB3377935,0.16,0.77,0.01,0.0,39.48,0,1,25-34,Prepaid_Monthly,Basic_Phone,4G+,2026-03-26
SUB2134106,3.52,1.93,0.1,1.18,70.42,0,0,25-34,Postpaid_Premium,Premium_Smartphone,4G,2026-04-05
SUB9296877,2.11,1.06,0.41,0.94,46.35,1,0,45-54,Postpaid_Premium,Mid_Range,4G,2026-04-07
SUB3474968,1.27,0.47,1.12,2.03,55.33,0,0,25-34,Postpaid_Premium,Mid_Range,4G,2026-03-24
SUB7166160,1.03,0.59,0.15,0.33,119.95,1,0,35-44,Postpaid_Basic,Premium_Smartphone,4G,2026-03-25
SUB6672540,0.33,1.69,0.32,0.18,43.65,0,0,18-24,Prepaid_Daily,Mid_Range,4G,2026-04-01
SUB6644807,0.27,0.77,0.09,0.25,41.52,0,0,25-34,Prepaid_Daily,Mid_Range,4G,2026-03-19
SUB6972558,0.47,1.72,2.94,0.34,181.9,1,0,25-34,Postpaid_Premium,Premium_Smartphone,5G,2026-03-29
SUB3442266,0.32,1.94,0.21,0.0,67.9,0,0,35-44,Postpaid_Premium,5G_Device,4G,2026-03-21
SUB5437677,0.89,0.81,0.12,0.13,61.23,0,0,45-54,Postpaid_Unlimited,Mid_Range,5G,2026-03-28
SUB6241218,1.15,0.5,0.11,0.3,36.83,0,1,35-44,Prepaid_Daily,Mid_Range,3G,2026-03-29
SUB6150635,0.15,0.22,0.02,0.07,26.64,0,0,35-44,Prepaid_Daily,Basic_Phone,5G,2026-04-14
SUB6481140,0.48,1.46,0.25,1.46,79.37,1,0,25-34,Prepaid_Daily,Premium_Smartphone,4G,2026-04-02
SUB8214615,0.16,1.62,0.21,0.38,93.42,1,0,35-44,Prepaid_Daily,5G_Device,4G,2026-04-04
SUB9010643,2.95,1.41,1.45,1.39,53.95,0,0,25-34,Postpaid_Basic,Mid_Range,5G,2026-03-21
SUB5981262,2.28,3.36,0.38,0.32,78.62,1,0,35-44,Postpaid_Unlimited,Premium_Smartphone,3G,2026-03-23
SUB5525208,1.13,2.5,1.01,0.68,72.97,0,1,25-34,Postpaid_Basic,Mid_Range,4G,2026-03-28
SUB6290717,2.2,2.02,1.73,0.28,75.57,1,0,18-24,Postpaid_Basic,Mid_Range,5G,2026-03-29
SUB1518349,0.88,1.27,0.02,0.25,32.21,0,1,25-34,Postpaid_Premium,Basic_Phone,4G,2026-04-05
SUB3881990,5.31,4.87,0.45,1.08,200.0,1,1,25-34,Prepaid_Daily,5G_Device,4G+,2026-03-23
SUB1797968,3.65,6.0,1.43,1.81,158.26,0,1,25-34,Postpaid_Premium,Premium_Smartphone,5G,2026-04-07
SUB8892861,1.39,1.14,0.13,0.09,35.29,0,0,35-44,Postpaid_Basic,Mid_Range,4G,2026-03-29
SUB9467691,1.93,0.81,0.46,1.58,87.2,0,0,18-24,Prepaid_Daily,5G_Device,4G,2026-04-15
SUB7211411,3.56,0.47,0.11,0.14,86.24,0,0,18-24,Postpaid_Basic,Mid_Range,5G,2026-04-13
SUB3655971,1.32,0.78,0.12,0.09,39.34,1,1,35-44,Postpaid_Basic,Basic_Phone,4G,2026-04-06
SUB6609125,0.78,0.24,0.02,2.74,156.52,0,0,25-34,Prepaid_Daily,5G_Device,5G,2026-03-28
SUB3874299,1.01,1.4,0.06,0.06,48.51,1,0,35-44,Prepaid_Monthly,Mid_Range,4G,2026-04-08
SUB8339838,8.0,2.46,0.27,2.44,200.0,1,0,35-44,Prepaid_Monthly,5G_Device,5G,2026-04-14
SUB8330292,0.92,0.29,0.05,0.69,92.7,0,1,55+,Prepaid_Monthly,Premium_Smartphone,4G+,2026-03-26
SUB2804673,1.19,3.19,0.32,1.21,76.9,1,0,35-44,Prepaid_Monthly,Tablet,4G,2026-04-01
SUB3938199,1.5,0.31,0.06,0.72,68.66,0,0,18-24,Postpaid_Basic,5G_Device,4G+,2026-03-29
SUB8594378,0.83,0.27,0.09,0.19,47.52,0,0,25-34,Postpaid_Basic,Mid_Range,4G,2026-04-06
SUB9998604,5.39,3.25,0.13,1.27,45.72,1,0,18-24,Postpaid_Premium,5G_Device,3G,2026-04-03
SUB5909776,0.87,0.71,0.31,0.1,64.81,0,1,55+,Postpaid_Unlimited,Mid_Range,4G,2026-04-17
SUB4303389,0.62,1.17,0.2,0.12,56.98,0,0,18-24,Postpaid_Premium,Premium_Smartphone,3G,2026-03-19
SUB9025407,2.64,0.89,0.78,0.38,98.02,0,1,25-34,Postpaid_Basic,Premium_Smartphone,4G,2026-03-28
SUB5354385,3.3,0.76,1.0,0.41,60.36,0,0,18-24,Postpaid_Premium,Premium_Smartphone,3G,2026-04-05
SUB9777198,0.92,3.09,0.62,1.77,121.31,1,1,45-54,Postpaid_Basic,5G_Device,4G,2026-04-07
SUB4151882,4.04,1.06,0.29,0.36,36.79,0,0,25-34,Prepaid_Daily,5G_Device,3G,2026-04-06
SUB4210016,0.19,1.37,0.06,0.01,44.81,1,0,55+,Prepaid_Monthly,5G_Device,3G,2026-04-01
SUB7737320,0.57,0.84,1.06,0.52,88.69,0,0,18-24,Postpaid_Premium,5G_Device,4G,2026-04-16
SUB3389383,0.99,0.59,0.01,0.06,58.61,0,0,18-24,Postpaid_Premium,Mid_Range,4G+,2026-04-16
SUB7996746,3.78,3.27,4.0,0.34,134.35,1,1,18-24,Postpaid_Unlimited,5G_Device,4G+,2026-04-01
SUB1164053,7.03,0.71,0.55,0.2,88.23,1,0,45-54,Postpaid_Basic,Premium_Smartphone,5G,2026-04-12
SUB6973544,0.15,2.5,0.04,0.03,73.65,0,1,45-54,Postpaid_Unlimited,5G_Device,3G,2026-04-03
SUB6282379,0.55,0.24,0.02,0.74,60.74,0,0,18-24,Prepaid_Daily,Tablet,3G,2026-04-13
SUB3542637,1.03,1.28,1.26,0.39,52.88,0,1,18-24,Postpaid_Basic,Mid_Range,3G,2026-04-03
SUB9033951,4.22,1.99,2.74,0.46,81.4,1,0,35-44,Postpaid_Unlimited,Mid_Range,4G,2026-04-06
SUB9107317,4.84,2.24,0.05,0.64,67.35,0,0,18-24,Prepaid_Monthly,5G_Device,4G+,2026-03-23
SUB5158549,0.53,0.34,0.01,0.13,39.21,0,1,18-24,Prepaid_Daily,Basic_Phone,4G+,2026-04-03
SUB5530889,2.34,1.13,0.11,1.93,67.71,0,0,18-24,Prepaid_Monthly,Premium_Smartphone,4G,2026-04-12
SUB9411039,3.18,2.01,0.58,1.02,104.93,0,1,18-24,Postpaid_Premium,5G_Device,4G,2026-03-23
SUB9962049,0.32,1.37,0.4,0.01,35.33,1,1,25-34,Prepaid_Daily,Basic_Phone,5G,2026-03-29
SUB9284960,7.57,0.73,0.04,1.71,139.6,1,0,18-24,Postpaid_Basic,5G_Device,5G,2026-04-10
SUB3049949,0.63,1.15,0.27,0.91,46.92,0,0,25-34,Prepaid_Daily,Tablet,3G,2026-03-20
SUB9388512,0.48,0.17,0.04,0.01,45.18,0,0,45-54,Prepaid_Monthly,Mid_Range,3G,2026-04-04
SUB2268300,5.43,2.96,0.51,0.52,101.92,1,0,25-34,Postpaid_Unlimited,5G_Device,4G,2026-04-15
SUB2947763,0.99,1.23,0.05,0.34,49.26,0,1,35-44,Prepaid_Daily,Mid_Range,3G,2026-03-30
SUB8654502,0.12,2.55,0.32,0.34,83.26,0,0,18-24,Prepaid_Daily,5G_Device,5G,2026-04-15
SUB4882149,0.37,0.42,1.41,0.01,65.35,0,1,35-44,Prepaid_Monthly,Premium_Smartphone,4G,2026-03-28
SUB5873062,2.32,0.66,0.56,0.15,80.59,0,0,25-34,Postpaid_Basic,5G_Device,4G,2026-03-21
SUB8045209,2.65,0.29,0.08,0.3,40.73,0,0,35-44,Prepaid_Monthly,Mid_Range,4G,2026-03-27
SUB9439469,0.51,3.79,0.28,0.99,63.83,0,0,18-24,Postpaid_Basic,Premium_Smartphone,3G,2026-04-17
SUB8678073,0.7,3.94,2.04,0.35,143.81,0,0,45-54,Postpaid_Unlimited,5G_Device,5G,2026-03-22
SUB5845710,1.23,0.72,0.16,0.04,42.56,0,0,18-24,Prepaid_Monthly,Mid_Range,4G,2026-04-15
SUB5000737,0.67,2.18,0.41,0.31,72.93,0,0,25-34,Prepaid_Monthly,5G_Device,4G,2026-04-05
SUB8258746,0.71,0.96,0.69,0.49,117.18,0,0,55+,Postpaid_Basic,Tablet,5G,2026-03-27
SUB2443717,1.68,2.67,0.43,0.23,117.6,1,1,35-44,Postpaid_Basic,Premium_Smartphone,3G,2026-04-05
SUB5409352,0.58,2.34,0.95,0.35,57.46,0,0,25-34,Prepaid_Daily,5G_Device,4G,2026-04-13
SUB6111142,0.16,0.76,0.0,0.22,63.26,1,0,55+,Postpaid_Basic,Premium_Smartphone,3G,2026-04-04
SUB9421928,4.37,5.09,0.9,1.16,50.86,0,0,25-34,Postpaid_Unlimited,Premium_Smartphone,3G,2026-04-09
SUB9715633,0.17,0.23,0.35,0.26,42.05,1,1,18-24,Prepaid_Monthly,Basic_Phone,4G,2026-03-21
SUB7906571,0.5,0.31,0.07,0.29,52.75,0,0,55+,Postpaid_Basic,Premium_Smartphone,4G,2026-04-08
SUB9752967,2.7,3.06,0.38,0.46,167.43,0,1,25-34,Prepaid_Daily,Premium_Smartphone,5G,2026-03-23
SUB2308507,3.0,2.2,0.34,0.27,75.58,0,0,45-54,Postpaid_Basic,Premium_Smartphone,4G,2026-03-23
SUB5066621,0.15,2.39,0.6,0.1,53.29,0,0,18-24,Prepaid_Monthly,Mid_Range,5G,2026-03-19
SUB1100734,1.07,0.52,0.34,0.91,32.92,0,0,35-44,Postpaid_Basic,Mid_Range,4G+,2026-03-24
SUB9546310,8.0,0.32,0.02,0.69,73.59,1,0,25-34,Postpaid_Basic,5G_Device,4G,2026-03-24
SUB3851274,0.21,0.67,0.12,0.04,64.0,1,0,55+,Prepaid_Daily,Mid_Range,5G,2026-03-19
SUB2225811,3.98,0.93,0.13,0.51,99.04,1,0,35-44,Postpaid_Premium,Mid_Range,5G,2026-04-14
SUB4081091,0.48,6.0,0.46,0.97,64.45,0,0,18-24,Postpaid_Basic,Mid_Range,4G+,2026-04-09
SUB4829049,1.37,2.63,0.22,0.38,127.27,0,0,35-44,Prepaid_Monthly,Premium_Smartphone,5G,2026-04-14
SUB2868670,1.34,1.97,0.65,3.69,41.84,0,0,18-24,Postpaid_Unlimited,Tablet,3G,2026-03-20
SUB8265406,0.6,0.52,0.31,0.34,46.68,0,0,45-54,Prepaid_Daily,5G_Device,3G,2026-04-17
SUB5813673,3.05,0.48,1.09,0.85,50.35,0,1,45-54,Postpaid_Premium,Mid_Range,4G,2026-04-17
SUB5755469,1.74,1.51,0.89,0.24,75.79,0,1,25-34,Prepaid_Monthly,Mid_Range,4G+,2026-03-31
SUB8551989,0.31,0.85,0.13,0.47,105.98,1,0,45-54,Postpaid_Basic,5G_Device,4G,2026-03-27
SUB5335702,2.19,0.84,0.83,0.01,85.87,0,1,18-24,Prepaid_Monthly,5G_Device,4G,2026-04-10
SUB8974411,1.02,0.61,0.17,0.32,95.22,1,0,25-34,Prepaid_Monthly,Mid_Range,5G,2026-04-15
SUB3962732,0.71,2.17,2.07,1.04,57.95,0,1,25-34,Prepaid_Daily,5G_Device,4G,2026-03-24
SUB2992825,6.09,0.73,0.57,0.11,31.04,0,0,35-44,Postpaid_Premium,Mid_Range,4G,2026-04-01
SUB4832978,1.29,1.62,1.76,1.39,82.6,0,0,18-24,Postpaid_Premium,Premium_Smartphone,4G+,2026-04-14
SUB7152941,0.64,0.69,0.09,0.57,29.86,0,1,45-54,Postpaid_Premium,Basic_Phone,5G,2026-04-12
SUB5115811,2.31,3.71,2.37,1.0,72.03,1,0,18-24,Postpaid_Unlimited,Tablet,4G,2026-04-02
SUB9983212,6.4,6.0,3.29,0.23,123.61,1,1,35-44,Postpaid_Unlimited,5G_Device,4G,2026-03-30
SUB4174108,0.31,0.89,0.65,0.06,63.28,0,0,18-24,Postpaid_Basic,Mid_Range,4G,2026-03-23
SUB3731638,0.88,0.22,1.0,0.0,39.21,0,0,45-54,Postpaid_Premium,Premium_Smartphone,3G,2026-04-01
SUB1264500,0.17,1.64,0.36,0.06,53.54,0,1,18-24,Prepaid_Daily,Mid_Range,4G,2026-04-13
SUB3976031,1.29,1.84,0.14,0.11,13.05,0,1,25-34,Postpaid_Premium,Basic_Phone,4G,2026-04-11
SUB7512427,1.25,1.42,0.09,0.92,71.17,0,1,25-34,Postpaid_Premium,Mid_Range,4G,2026-04-12
SUB3903633,0.73,1.19,0.24,0.04,52.98,0,0,35-44,Prepaid_Daily,Premium_Smartphone,4G,2026-04-07
SUB6711813,0.99,1.38,0.04,0.37,8.5,0,0,25-34,Postpaid_Basic,Basic_Phone,4G,2026-04-11
SUB2940369,1.23,6.0,0.75,0.27,147.95,1,0,35-44,Postpaid_Unlimited,Premium_Smartphone,5G,2026-04-01
SUB4948242,1.43,3.06,0.04,1.92,103.1,1,1,25-34,Prepaid_Daily,Premium_Smartphone,4G+,2026-03-21
SUB9127125,0.81,0.38,0.03,0.01,107.73,1,1,45-54,Prepaid_Monthly,Premium_Smartphone,3G,2026-04-09
SUB2217060,0.83,2.03,0.3,0.13,62.42,0,1,18-24,Prepaid_Monthly,Mid_Range,4G,2026-03-23
SUB2031519,1.27,0.71,0.07,0.42,44.5,1,0,25-34,Prepaid_Monthly,Basic_Phone,5G,2026-04-07
SUB5678714,1.73,4.22,0.42,0.15,70.17,0,0,25-34,Prepaid_Daily,Mid_Range,5G,2026-03-28
SUB9109698,0.57,1.27,0.07,0.48,70.06,1,0,18-24,Prepaid_Monthly,Mid_Range,4G,2026-03-24
SUB2390281,5.01,4.02,1.16,1.0,122.1,0,0,18-24,Prepaid_Monthly,Premium_Smartphone,5G,2026-03-30
SUB4941106,1.33,0.47,0.16,0.02,47.16,0,0,55+,Postpaid_Unlimited,5G_Device,3G,2026-03-19
SUB3322466,0.49,0.3,0.09,0.02,49.33,0,0,55+,Prepaid_Monthly,Mid_Range,5G,2026-04-01
SUB8778748,0.65,0.67,0.36,0.15,162.47,0,1,35-44,Prepaid_Monthly,Premium_Smartphone,5G,2026-04-07
SUB9099932,1.18,1.81,0.04,0.27,12.28,0,0,25-34,Prepaid_Monthly,Basic_Phone,5G,2026-03-26
SUB2851317,2.53,0.39,0.46,0.52,66.38,0,1,25-34,Prepaid_Daily,Mid_Range,4G+,2026-03-28
SUB2946830,0.33,2.73,1.13,1.03,80.2,1,1,35-44,Postpaid_Unlimited,Premium_Smartphone,3G,2026-04-13
SUB3614150,0.05,4.57,1.86,2.94,60.65,0,1,18-24,Postpaid_Premium,Premium_Smartphone,4G,2026-03-29
SUB8238987,0.28,4.6,0.28,0.21,90.53,1,0,55+,Postpaid_Basic,5G_Device,4G,2026-03-25
SUB5660061,0.68,1.87,0.36,0.06,56.77,0,0,18-24,Postpaid_Basic,Premium_Smartphone,4G,2026-04-07
SUB3605214,0.19,0.1,0.08,0.01,22.89,0,0,55+,Postpaid_Basic,Basic_Phone,5G,2026-04-02
SUB8923641,4.52,6.0,0.97,0.54,200.0,1,1,25-34,Prepaid_Monthly,Premium_Smartphone,5G,2026-04-14
SUB3229180,1.49,1.39,0.14,0.23,127.26,0,1,45-54,Prepaid_Daily,5G_Device,5G,2026-04-14
SUB5188891,0.58,0.53,0.46,1.5,119.06,1,0,18-24,Prepaid_Monthly,Premium_Smartphone,4G,2026-04-07
SUB5031419,8.0,0.69,1.98,0.08,146.62,1,0,45-54,Postpaid_Unlimited,Tablet,5G,2026-03-19
SUB5495511,0.14,0.13,0.48,0.18,16.08,0,1,25-34,Prepaid_Daily,Basic_Phone,3G,2026-04-15
SUB2424945,0.76,1.05,0.2,0.52,65.89,0,0,35-44,Postpaid_Basic,5G_Device,3G,2026-04-07
SUB3363999,1.07,0.03,0.04,0.05,49.46,0,0,45-54,Prepaid_Daily,Mid_Range,4G,2026-04-08
SUB5790691,0.68,0.97,0.04,0.51,77.64,0,1,18-24,Prepaid_Daily,Premium_Smartphone,3G,2026-04-13
SUB9807673,1.16,1.02,0.33,0.26,167.48,0,1,25-34,Postpaid_Basic,Premium_Smartphone,4G+,2026-04-07
SUB5225889,4.5,1.19,0.99,0.49,48.95,1,0,25-34,Prepaid_Monthly,Mid_Range,4G,2026-04-07
SUB4092195,8.0,6.0,0.65,2.16,118.74,1,0,25-34,Postpaid_Unlimited,Tablet,4G,2026-04-06
SUB1289102,0.81,0.88,0.12,0.04,64.8,0,0,25-34,Prepaid_Monthly,Mid_Range,5G,2026-04-02
SUB5443778,0.45,0.96,0.19,0.25,85.04,1,1,25-34,Prepaid_Monthly,Mid_Range,4G,2026-04-04
SUB9043756,1.15,5.25,1.11,0.44,170.52,1,1,25-34,Postpaid_Basic,5G_Device,4G,2026-04-03
SUB5162065,0.37,1.88,0.56,0.15,58.96,1,1,35-44,Postpaid_Premium,Mid_Range,4G,2026-03-20
SUB1260116,1.44,1.61,0.04,0.74,78.3,1,1,35-44,Prepaid_Daily,Mid_Range,4G,2026-03-25
SUB7086368,0.74,0.2,0.98,0.95,59.64,0,0,18-24,Postpaid_Basic,Premium_Smartphone,4G,2026-04-15
SUB5214279,2.66,0.75,0.1,2.87,139.26,0,1,45-54,Postpaid_Premium,5G_Device,4G+,2026-04-04
SUB2257949,0.25,0.59,0.07,0.04,135.16,1,1,45-54,Prepaid_Daily,Tablet,4G+,2026-04-03
SUB8537165,2.52,0.9,1.34,0.23,71.82,0,0,25-34,Postpaid_Unlimited,5G_Device,4G,2026-03-22
SUB4850241,3.19,2.95,0.19,0.57,83.84,0,1,25-34,Prepaid_Monthly,5G_Device,4G,2026-03-20
SUB6538166,0.17,0.38,0.18,0.2,78.96,0,0,25-34,Prepaid_Daily,5G_Device,5G,2026-04-10
SUB1388076,3.94,1.1,1.01,1.26,145.91,0,0,35-44,Postpaid_Basic,Premium_Smartphone,5G,2026-03-25
SUB5884797,2.52,0.67,0.04,0.37,64.63,0,0,35-44,Prepaid_Daily,Mid_Range,4G+,2026-04-11
SUB6540070,0.95,0.89,0.13,3.46,145.0,0,0,18-24,Postpaid_Premium,5G_Device,5G,2026-04-16
SUB7491878,0.56,2.18,0.46,1.33,107.03,1,1,35-44,Postpaid_Basic,Mid_Range,4G+,2026-04-17
SUB2960826,0.18,0.8,0.25,0.53,23.68,1,1,25-34,Prepaid_Daily,Basic_Phone,4G+,2026-04-15
SUB3844664,4.0,5.91,0.79,1.77,76.16,0,0,18-24,Postpaid_Unlimited,5G_Device,4G+,2026-04-12
SUB3613275,0.79,5.54,2.93,0.61,83.0,0,0,35-44,Postpaid_Premium,Tablet,4G,2026-03-22
SUB2378369,0.78,0.71,1.25,0.13,39.36,0,0,35-44,Postpaid_Basic,Mid_Range,4G,2026-04-17
SUB3090212,0.48,0.32,0.07,0.28,55.0,0,0,25-34,Prepaid_Monthly,Mid_Range,5G,2026-03-21
SUB6230852,0.57,0.91,0.01,0.49,56.94,0,0,25-34,Prepaid_Daily,Premium_Smartphone,3G,2026-03-24
SUB5171774,0.05,0.68,0.09,0.12,52.63,1,0,55+,Postpaid_Premium,Mid_Range,4G,2026-04-08
SUB1152999,2.87,0.57,0.07,0.95,37.22,0,0,35-44,Postpaid_Premium,Mid_Range,4G+,2026-04-11
SUB5542923,0.42,0.85,0.87,1.29,75.01,1,0,35-44,Prepaid_Daily,Premium_Smartphone,4G,2026-04-01
SUB9449975,0.36,0.57,0.07,0.24,72.09,0,1,18-24,Postpaid_Basic,Mid_Range,4G,2026-04-05
SUB5600108,2.15,0.77,0.21,0.64,43.48,0,0,18-24,Postpaid_Basic,Mid_Range,4G,2026-03-29
SUB3854190,3.35,3.79,0.0,0.87,68.58,0,1,25-34,Prepaid_Monthly,5G_Device,4G,2026-04-15
SUB2284382,2.57,4.77,0.67,6.0,96.64,0,0,25-34,Postpaid_Premium,Premium_Smartphone,5G,2026-03-28
SUB8196042,0.04,0.27,0.15,0.02,27.43,0,0,45-54,Prepaid_Daily,Basic_Phone,4G+,2026-03-21
SUB4853321,0.99,1.14,2.18,0.15,134.19,0,0,25-34,Prepaid_Monthly,Premium_Smartphone,5G,2026-03-19
SUB3654837,0.69,0.25,0.01,0.06,24.78,0,1,25-34,Prepaid_Daily,Basic_Phone,3G,2026-04-14
SUB8684365,1.68,0.18,0.08,1.23,62.85,0,0,25-34,Prepaid_Monthly,Tablet,4G,2026-04-16
SUB2042377,0.74,0.86,0.62,0.93,62.81,0,1,25-34,Prepaid_Monthly,Mid_Range,4G,2026-03-22
SUB5577033,0.28,0.3,2.95,0.5,100.03,1,1,55+,Postpaid_Unlimited,5G_Device,3G,2026-03-19
SUB7105931,4.41,1.42,0.97,0.4,89.82,0,0,35-44,Postpaid_Premium,5G_Device,5G,2026-03-28
SUB4257181,8.0,0.18,0.41,0.88,119.3,1,0,18-24,Prepaid_Daily,Premium_Smartphone,4G,2026-03-28
SUB6262696,3.19,2.04,0.74,0.83,77.07,1,0,35-44,Postpaid_Premium,Mid_Range,4G,2026-04-12
SUB6154048,1.67,3.96,0.08,0.11,103.04,0,1,35-44,Postpaid_Premium,5G_Device,4G,2026-03-25
SUB1923780,0.94,0.33,0.03,0.06,44.95,0,0,35-44,Prepaid_Monthly,Mid_Range,3G,2026-03-31
SUB9361735,1.82,1.44,0.06,0.03,65.16,0,1,18-24,Prepaid_Daily,Mid_Range,5G,2026-04-09
SUB2942811,0.63,0.47,1.27,0.52,31.76,1,0,25-34,Prepaid_Daily,Mid_Range,3G,2026-04-14
SUB7507640,1.84,4.84,0.04,0.14,61.88,0,0,18-24,Prepaid_Monthly,Premium_Smartphone,4G,2026-03-21
SUB1298090,0.44,0.97,0.02,0.35,22.15,0,0,45-54,Postpaid_Premium,Mid_Range,3G,2026-04-08
SUB9705956,0.46,0.34,0.13,0.99,121.33,1,0,35-44,Postpaid_Basic,Tablet,4G,2026-03-26
SUB6425838,0.07,3.91,1.37,0.2,49.65,0,1,25-34,Postpaid_Unlimited,Mid_Range,4G,2026-04-17
SUB9480932,1.8,3.62,0.37,0.57,135.06,0,0,25-34,Postpaid_Premium,5G_Device,5G,2026-04-11
SUB3320688,0.99,0.31,0.32,0.06,23.98,0,0,18-24,Prepaid_Monthly,Basic_Phone,5G,2026-04-09
SUB2805808,1.56,0.18,0.51,1.54,16.78,0,0,18-24,Postpaid_Premium,Mid_Range,3G,2026-04-09
SUB5220459,0.41,0.03,0.01,0.03,64.04,1,1,55+,Prepaid_Daily,Mid_Range,3G,2026-04-11
SUB5536119,2.73,1.17,0.52,0.2,152.66,1,0,18-24,Prepaid_Daily,Tablet,4G+,2026-03-27
SUB5015470,1.02,0.65,0.67,0.03,58.02,1,0,18-24,Postpaid_Basic,Basic_Phone,5G,2026-03-28
SUB5654798,0.64,1.16,0.1,0.59,78.8,1,0,55+,Prepaid_Monthly,Premium_Smartphone,4G,2026-04-10
SUB4622138,6.71,0.46,0.09,0.01,55.37,0,1,25-34,Prepaid_Monthly,Mid_Range,4G,2026-03-23
SUB1937841,0.87,0.67,0.78,0.04,90.0,1,0,45-54,Postpaid_Premium,5G_Device,4G,2026-04-06
SUB9061896,0.87,2.02,0.02,0.22,66.91,0,0,18-24,Postpaid_Unlimited,Mid_Range,5G,2026-04-09
SUB3843940,0.61,2.11,0.5,0.22,66.05,1,1,35-44,Prepaid_Monthly,Mid_Range,4G+,2026-04-06
SUB4932441,0.3,1.51,0.15,1.2,135.73,0,1,25-34,Prepaid_Monthly,Premium_Smartphone,5G,2026-04-11
SUB2207068,0.42,0.55,0.1,0.01,20.49,0,0,45-54,Postpaid_Basic,Mid_Range,3G,2026-03-20
SUB5364406,8.0,2.28,1.69,0.02,135.23,0,0,18-24,Postpaid_Premium,Premium_Smartphone,5G,2026-04-05
SUB9782882,2.1,0.48,0.02,0.52,71.42,0,1,25-34,Prepaid_Monthly,Mid_Range,4G+,2026-03-22
SUB2386980,0.73,2.43,0.96,0.21,61.11,0,0,45-54,Postpaid_Unlimited,Premium_Smartphone,4G,2026-03-31
SUB2208052,0.91,1.99,0.12,1.18,40.86,0,0,25-34,Postpaid_Premium,Mid_Range,4G+,2026-04-07
SUB8500960,0.48,0.74,4.0,0.08,66.7,1,0,35-44,Postpaid_Basic,Mid_Range,5G,2026-04-11
SUB4040267,0.75,3.71,0.13,1.54,87.18,0,0,18-24,Postpaid_Unlimited,Premium_Smartphone,4G,2026-04-02
SUB2180887,1.9,2.9,1.0,0.18,46.78,1,0,18-24,Postpaid_Unlimited,Mid_Range,3G,2026-04-08
SUB5439850,0.44,0.29,0.07,0.25,90.55,0,0,35-44,Prepaid_Daily,Premium_Smartphone,4G,2026-03-26
SUB8536765,0.05,0.83,0.11,0.17,136.26,0,0,35-44,Prepaid_Daily,Premium_Smartphone,5G,2026-04-11
SUB2896220,1.56,0.46,0.11,0.03,49.37,0,0,55+,Postpaid_Premium,5G_Device,4G,2026-04-11
SUB4138744,2.51,1.99,0.02,0.02,62.24,0,1,35-44,Postpaid_Unlimited,Mid_Range,4G,2026-04-09
SUB9535078,1.49,2.4,0.49,0.23,128.44,0,1,25-34,Postpaid_Premium,Premium_Smartphone,4G,2026-03-23
SUB7935774,0.77,0.11,0.13,0.06,84.99,1,0,45-54,Prepaid_Monthly,Mid_Range,4G+,2026-04-09
SUB2367223,1.62,1.16,1.42,0.18,45.33,0,0,18-24,Postpaid_Premium,Mid_Range,4G,2026-03-20
SUB3428081,1.4,4.6,0.8,0.54,48.86,0,0,25-34,Prepaid_Monthly,Premium_Smartphone,4G,2026-03-19
SUB5273445,0.86,1.46,0.21,0.0,48.38,0,0,25-34,Postpaid_Unlimited,Mid_Range,3G,2026-04-16
SUB4184790,1.05,1.03,1.01,0.29,133.36,1,0,18-24,Prepaid_Monthly,Premium_Smartphone,4G,2026-03-24
SUB7681935,2.02,4.44,0.98,0.53,122.61,0,0,45-54,Postpaid_Unlimited,Premium_Smartphone,4G+,2026-04-11
SUB7689142,0.76,0.77,0.88,0.24,83.44,0,0,25-34,Prepaid_Monthly,Premium_Smartphone,4G,2026-04-04
SUB5990961,0.43,0.37,0.16,0.03,22.5,0,1,35-44,Postpaid_Unlimited,Basic_Phone,4G,2026-04-10
SUB4646804,1.09,1.37,0.09,0.43,52.19,0,1,25-34,Prepaid_Monthly,Mid_Range,4G,2026-04-12
SUB1647296,2.88,6.0,0.39,0.22,72.61,1,0,25-34,Postpaid_Premium,Mid_Range,4G,2026-04-09
SUB2549302,0.85,0.83,0.06,0.01,45.38,0,1,18-24,Postpaid_Unlimited,Mid_Range,4G,2026-04-06
SUB4122951,0.51,0.67,0.22,0.16,27.28,0,0,35-44,Postpaid_Basic,Basic_Phone,4G,2026-03-25
SUB1800101,0.61,0.18,0.19,0.1,37.36,0,0,25-34,Postpaid_Premium,Mid_Range,3G,2026-04-15
SUB5100612,0.11,0.28,0.29,0.05,71.31,0,0,45-54,Prepaid_Daily,Premium_Smartphone,4G+,2026-04-16
SUB6877845,1.9,0.68,0.01,0.22,17.73,0,0,18-24,Postpaid_Basic,Basic_Phone,5G,2026-04-10
SUB7014126,4.1,1.08,1.22,0.88,72.61,0,0,18-24,Postpaid_Unlimited,5G_Device,4G+,2026-03-20
SUB6238561,3.03,2.01,0.29,0.34,63.61,1,0,35-44,Prepaid_Monthly,Tablet,4G,2026-03-23
SUB7339776,0.33,0.12,0.22,0.01,25.98,0,0,45-54,Postpaid_Premium,Basic_Phone,4G,2026-03-24
SUB9885366,1.06,6.0,0.21,1.15,66.34,1,0,25-34,Postpaid_Premium,Mid_Range,5G,2026-04-10
SUB9121757,1.42,0.48,0.16,0.06,80.24,0,0,35-44,Prepaid_Monthly,Premium_Smartphone,4G,2026-04-17
SUB5642929,0.21,0.21,0.01,0.07,72.78,0,0,55+,Prepaid_Monthly,Mid_Range,5G,2026-04-09
SUB9417233,0.9,0.7,0.11,0.01,72.49,0,1,55+,Prepaid_Monthly,5G_Device,4G,2026-03-22
SUB3833552,0.59,0.76,0.11,1.5,60.15,1,0,35-44,Prepaid_Daily,Mid_Range,4G,2026-04-14
SUB8376519,2.59,2.08,1.16,0.67,84.44,0,1,35-44,Postpaid_Unlimited,Mid_Range,5G,2026-03-20
SUB6701934,0.56,0.13,0.01,0.46,15.76,0,0,18-24,Postpaid_Premium,Basic_Phone,4G,2026-04-04
SUB2276647,0.67,0.23,0.28,0.1,98.09,1,0,45-54,Prepaid_Monthly,Mid_Range,5G,2026-03-22
SUB6416775,0.5,0.55,0.49,1.81,45.13,0,0,25-34,Prepaid_Monthly,Mid_Range,4G+,2026-04-05
SUB9704813,0.37,1.03,0.06,0.04,61.14,0,0,55+,Postpaid_Premium,Mid_Range,4G,2026-03-26
SUB4045315,0.05,1.13,0.39,0.09,39.36,0,1,18-24,Prepaid_Monthly,Mid_Range,4G,2026-04-06
SUB4144480,2.88,1.26,1.46,3.31,81.83,0,0,25-34,Prepaid_Monthly,Premium_Smartphone,5G,2026-03-25
SUB4570834,0.69,1.25,0.18,0.0,49.08,0,0,35-44,Prepaid_Monthly,Mid_Range,4G,2026-03-21
SUB5828761,0.97,2.97,1.84,0.62,56.07,1,0,25-34,Postpaid_Unlimited,5G_Device,3G,2026-04-03
SUB4940285,0.23,0.3,0.12,0.01,54.71,0,0,18-24,Prepaid_Daily,Mid_Range,4G,2026-04-12
SUB7851803,1.24,6.0,1.69,0.34,71.47,0,1,35-44,Prepaid_Monthly,Mid_Range,5G,2026-04-12
SUB6742533,0.42,1.04,0.93,0.1,54.3,1,0,45-54,Postpaid_Unlimited,Basic_Phone,5G,2026-04-14
SUB8324222,1.17,0.45,0.08,4.37,91.46,0,0,35-44,Prepaid_Daily,Premium_Smartphone,4G+,2026-04-17
SUB3627144,3.37,2.83,0.04,0.66,97.47,0,0,18-24,Postpaid_Unlimited,Premium_Smartphone,4G+,2026-03-30
SUB3825896,2.67,1.1,0.02,0.4,44.69,1,0,35-44,Prepaid_Monthly,Mid_Range,4G+,2026-04-11
SUB5936792,0.69,1.28,0.09,0.37,74.82,1,0,25-34,Prepaid_Daily,Mid_Range,4G,2026-04-03
SUB5876872,0.45,0.73,0.6,0.17,66.84,0,1,18-24,Prepaid_Daily,Tablet,4G,2026-03-20
SUB3739956,1.1,0.48,0.43,0.8,59.46,0,0,35-44,Prepaid_Daily,5G_Device,4G,2026-04-08
SUB3619980,0.31,0.18,0.56,0.23,91.39,0,0,45-54,Prepaid_Daily,Mid_Range,5G,2026-04-12
SUB1721384,0.61,0.24,0.82,0.06,106.81,0,0,25-34,Prepaid_Daily,Premium_Smartphone,4G,2026-03-27
SUB9908385,1.88,1.98,0.87,0.62,96.95,1,1,25-34,Prepaid_Monthly,Mid_Range,5G,2026-03-28
SUB8716220,0.34,0.9,0.01,0.47,23.33,0,0,25-34,Prepaid_Daily,Basic_Phone,4G+,2026-04-04
SUB3887698,2.9,4.66,0.77,2.01,103.9,1,0,25-34,Postpaid_Premium,5G_Device,4G,2026-03-26
SUB3432593,4.01,1.98,0.76,0.98,53.47,0,1,18-24,Postpaid_Premium,Premium_Smartphone,3G,2026-04-09
SUB5031464,1.21,0.19,0.92,0.02,50.73,1,1,55+,Postpaid_Unlimited,Mid_Range,4G,2026-04-14
SUB4390742,0.82,1.78,0.02,0.11,112.94,0,0,45-54,Postpaid_Basic,5G_Device,4G+,2026-03-30
SUB9545106,0.3,2.35,0.4,1.5,44.24,0,0,35-44,Postpaid_Unlimited,Premium_Smartphone,3G,2026-04-03
SUB8357804,0.22,0.94,0.06,0.09,31.73,1,0,25-34,Prepaid_Daily,Basic_Phone,4G+,2026-04-08
SUB7133066,0.26,0.05,0.25,0.02,68.43,1,0,45-54,Prepaid_Daily,Mid_Range,4G+,2026-03-29
SUB3887296,0.12,2.14,0.5,0.28,63.64,0,0,25-34,Prepaid_Monthly,Premium_Smartphone,4G,2026-04-03
SUB7529845,4.61,1.2,0.52,3.53,64.46,0,1,25-34,Postpaid_Premium,Mid_Range,4G+,2026-04-01
SUB3736582,3.13,0.53,0.25,0.5,56.98,0,0,18-24,Postpaid_Unlimited,Premium_Smartphone,3G,2026-04-11
SUB8956056,3.98,0.26,0.09,0.12,50.47,0,0,35-44,Postpaid_Basic,Mid_Range,4G,2026-03-21
SUB2100500,0.08,0.59,0.11,0.02,37.07,0,0,55+,Prepaid_Monthly,Mid_Range,4G,2026-03-27
SUB2576590,6.17,6.0,0.44,1.28,113.08,1,0,18-24,Postpaid_Premium,5G_Device,4G+,2026-04-10
SUB6594176,2.25,0.76,0.16,0.13,109.06,1,0,18-24,Prepaid_Daily,Tablet,4G,2026-03-23
SUB2961977,3.27,0.88,1.44,0.13,77.11,0,0,25-34,Postpaid_Basic,Premium_Smartphone,4G,2026-04-10
SUB8049926,0.21,0.73,0.46,0.02,134.22,0,0,45-54,Postpaid_Basic,Premium_Smartphone,5G,2026-03-23
SUB5032654,1.58,2.5,1.58,0.73,97.89,1,0,25-34,Prepaid_Daily,5G_Device,4G,2026-03-19
SUB1664468,0.16,2.71,0.15,1.08,50.21,0,0,25-34,Prepaid_Daily,Premium_Smartphone,4G,2026-03-23
SUB7500242,0.52,0.2,0.85,0.47,70.42,0,0,35-44,Postpaid_Premium,Mid_Range,4G+,2026-03-19
SUB8899963,1.43,1.08,0.64,0.45,64.1,0,1,25-34,Postpaid_Basic,Mid_Range,4G,2026-04-11
SUB7978140,1.8,1.77,0.62,0.39,115.13,0,1,18-24,Prepaid_Monthly,Premium_Smartphone,4G,2026-04-05
SUB4037099,0.44,2.5,0.28,0.18,35.93,1,0,18-24,Prepaid_Monthly,Mid_Range,3G,2026-04-01
SUB5828426,0.66,3.63,0.26,1.69,108.98,1,0,35-44,Postpaid_Unlimited,Mid_Range,5G,2026-04-14
SUB9100706,2.49,0.79,0.2,3.03,47.48,1,1,25-34,Prepaid_Monthly,Premium_Smartphone,3G,2026-03-29
SUB3042823,0.17,0.11,0.18,0.14,19.13,0,0,55+,Prepaid_Daily,Mid_Range,3G,2026-04-17
SUB2048173,0.36,0.96,0.01,0.36,60.42,0,0,35-44,Postpaid_Basic,Mid_Range,4G+,2026-03-28
SUB9379341,0.65,2.02,0.71,0.42,54.45,0,0,18-24,Postpaid_Basic,Mid_Range,4G,2026-03-30
SUB7579137,0.99,0.55,0.03,0.28,54.83,0,0,25-34,Prepaid_Daily,Mid_Range,5G,2026-04-01
SUB2912584,0.96,0.15,0.36,0.01,117.94,0,0,25-34,Prepaid_Monthly,5G_Device,4G+,2026-03-26
SUB4777538,0.67,0.95,1.52,1.17,97.92,0,0,18-24,Prepaid_Monthly,Premium_Smartphone,4G,2026-04-16
SUB1225049,0.97,0.7,0.49,0.04,53.91,0,0,55+,Postpaid_Basic,5G_Device,4G,2026-04-01
SUB1747419,0.89,0.79,0.1,0.03,66.41,1,0,45-54,Prepaid_Monthly,Premium_Smartphone,4G,2026-04-06
SUB6438684,4.07,3.22,0.04,0.61,134.79,0,1,18-24,Postpaid_Premium,Premium_Smartphone,5G,2026-03-21
SUB7030489,7.47,6.0,1.02,2.34,95.26,1,1,25-34,Postpaid_Unlimited,Premium_Smartphone,4G,2026-04-02
SUB6537803,0.31,2.83,0.96,1.57,111.85,1,0,18-24,Postpaid_Unlimited,Mid_Range,5G,2026-03-21
SUB3380932,0.82,1.85,0.19,0.0,103.0,0,0,25-34,Postpaid_Premium,Premium_Smartphone,4G,2026-04-02
SUB2654753,0.4,0.65,0.24,0.92,82.17,0,1,35-44,Postpaid_Basic,Premium_Smartphone,4G,2026-04-11
SUB9793380,3.56,1.23,0.09,3.24,104.52,1,0,25-34,Postpaid_Premium,Tablet,4G,2026-03-27
SUB1571107,0.19,0.74,0.33,0.06,91.86,0,0,55+,Postpaid_Premium,5G_Device,4G,2026-04-15
SUB3086213,1.59,4.24,1.41,0.08,57.59,0,1,18-24,Postpaid_Premium,Mid_Range,4G,2026-03-20
SUB4358509,0.24,0.42,0.01,0.06,16.75,1,0,35-44,Prepaid_Daily,Basic_Phone,4G,2026-04-12
SUB3779499,0.83,1.07,0.11,0.07,155.91,0,1,45-54,Prepaid_Daily,Premium_Smartphone,5G,2026-03-28
SUB8313834,0.74,1.68,0.21,1.1,15.3,0,1,25-34,Postpaid_Unlimited,Basic_Phone,4G,2026-03-26
SUB9937492,0.54,0.62,0.14,0.03,28.92,0,0,18-24,Postpaid_Unlimited,Basic_Phone,4G+,2026-04-16
SUB2999254,0.6,3.42,0.06,0.09,48.72,0,0,18-24,Postpaid_Basic,Mid_Range,4G,2026-03-31
SUB6044842,6.55,2.82,0.75,0.06,35.67,1,1,25-34,Postpaid_Unlimited,Mid_Range,3G,2026-04-01
SUB5156532,1.24,0.04,0.42,0.05,88.67,1,0,55+,Postpaid_Premium,Mid_Range,4G+,2026-04-01
SUB7592910,2.5,1.07,0.15,0.01,89.05,0,0,55+,Postpaid_Basic,Premium_Smartphone,4G,2026-04-17
SUB6561112,0.26,0.5,0.2,0.77,82.84,0,0,55+,Prepaid_Monthly,Tablet,4G,2026-04-04
SUB6382858,0.36,0.32,0.21,0.28,64.81,0,0,45-54,Postpaid_Basic,Mid_Range,4G,2026-03-22
SUB6017650,1.17,1.02,0.31,0.15,48.43,0,0,25-34,Postpaid_Basic,Mid_Range,4G,2026-04-05
SUB8188238,0.29,1.29,1.42,0.37,76.27,0,0,55+,Postpaid_Unlimited,Premium_Smartphone,5G,2026-04-03
SUB8909699,0.03,0.16,0.1,0.07,29.94,0,0,55+,Postpaid_Basic,Mid_Range,3G,2026-04-15
SUB4617556,1.15,5.4,2.72,0.13,86.49,0,1,25-34,Postpaid_Premium,5G_Device,4G,2026-03-26
SUB1258517,4.89,2.03,1.03,0.56,65.33,0,1,25-34,Postpaid_Premium,Mid_Range,5G,2026-03-28
SUB7428540,0.27,0.85,0.03,0.25,46.96,0,0,25-34,Prepaid_Daily,Tablet,3G,2026-03-25
SUB1705475,0.34,2.18,0.24,0.67,93.24,0,1,18-24,Prepaid_Daily,Mid_Range,5G,2026-03-29
SUB5338843,1.96,0.4,0.3,0.24,39.84,0,0,18-24,Postpaid_Premium,5G_Device,3G,2026-03-25
SUB1424226,0.37,0.44,0.51,0.25,89.38,1,0,55+,Prepaid_Monthly,Premium_Smartphone,4G,2026-04-07
SUB5117923,2.54,2.04,1.31,0.0,154.54,0,1,55+,Postpaid_Premium,5G_Device,4G+,2026-04-05
SUB6613201,0.25,2.36,0.31,0.18,99.35,1,1,18-24,Prepaid_Daily,Premium_Smartphone,3G,2026-04-12
SUB7303745,2.0,1.98,0.42,0.02,185.11,1,0,25-34,Prepaid_Monthly,Premium_Smartphone,5G,2026-04-07
SUB1698956,0.11,2.27,0.7,0.71,128.18,1,1,45-54,Prepaid_Daily,Premium_Smartphone,5G,2026-04-08
SUB4403096,1.64,1.6,0.81,0.19,84.89,1,0,35-44,Prepaid_Monthly,5G_Device,4G,2026-03-29
SUB7278602,0.17,2.76,0.33,0.01,73.78,0,0,25-34,Prepaid_Daily,5G_Device,4G,2026-03-21
SUB7143326,1.87,1.06,0.21,1.27,67.23,0,1,35-44,Postpaid_Unlimited,Mid_Range,4G,2026-04-10
SUB1175211,0.17,0.08,0.6,0.17,83.55,0,0,45-54,Prepaid_Monthly,Mid_Range,5G,2026-04-04
SUB8519817,0.19,0.22,0.06,0.02,23.36,0,0,55+,Postpaid_Unlimited,Basic_Phone,4G+,2026-03-30
SUB8412620,1.03,3.27,0.19,1.08,23.36,0,1,25-34,Postpaid_Unlimited,Mid_Range,3G,2026-04-15
SUB5257950,0.65,6.0,0.87,0.03,96.42,0,1,18-24,Postpaid_Unlimited,5G_Device,4G,2026-04-10
SUB9654406,0.16,0.17,0.1,0.0,21.88,0,0,55+,Postpaid_Basic,Basic_Phone,4G,2026-04-03
SUB7048055,1.61,3.06,0.08,1.24,68.37,0,0,18-24,Postpaid_Premium,Premium_Smartphone,4G,2026-03-31
SUB2883376,0.15,0.25,0.35,0.18,130.72,0,1,35-44,Prepaid_Daily,Premium_Smartphone,5G,2026-04-04
SUB4891113,0.64,1.13,1.04,0.97,115.51,0,0,18-24,Prepaid_Daily,5G_Device,5G,2026-04-09
SUB8020988,0.76,2.5,0.11,0.01,56.13,0,1,25-34,Postpaid_Unlimited,Premium_Smartphone,3G,2026-03-19
SUB9544291,0.48,0.17,0.42,0.64,51.88,0,0,25-34,Prepaid_Daily,Mid_Range,4G,2026-04-02
SUB5730741,4.27,6.0,2.08,0.34,42.65,0,0,18-24,Postpaid_Unlimited,Tablet,4G,2026-03-23
SUB6605126,0.26,0.61,0.12,0.06,32.83,0,1,55+,Postpaid_Premium,Basic_Phone,4G,2026-04-06
SUB2906039,3.24,4.83,0.06,0.6,92.33,0,0,18-24,Prepaid_Monthly,5G_Device,5G,2026-03-31
SUB2455465,0.06,0.18,0.0,0.04,33.01,1,1,45-54,Prepaid_Daily,Basic_Phone,3G,2026-03-19
SUB1211830,0.65,0.92,0.37,1.0,46.91,0,0,45-54,Postpaid_Premium,Mid_Range,4G,2026-04-12
SUB6439381,1.29,1.78,0.66,0.21,78.04,0,0,25-34,Postpaid_Basic,5G_Device,4G,2026-03-29
SUB6987029,4.73,1.81,0.55,0.54,101.82,0,0,35-44,Postpaid_Premium,5G_Device,4G,2026-04-10
SUB7516616,1.33,1.25,0.23,0.62,49.16,0,0,25-34,Prepaid_Monthly,Mid_Range,4G,2026-03-23
SUB4329049,0.31,0.32,0.25,0.06,95.96,0,0,45-54,Prepaid_Daily,Premium_Smartphone,4G+,2026-03-26
SUB5755976,3.58,1.07,0.32,0.74,109.8,0,0,35-44,Prepaid_Monthly,Premium_Smartphone,4G+,2026-03-29
SUB9910606,0.19,0.04,0.18,0.03,42.09,0,1,25-34,Prepaid_Monthly,Basic_Phone,4G,2026-04-02
SUB7897673,0.01,0.36,0.06,0.91,92.68,0,0,25-34,Prepaid_Daily,Premium_Smartphone,4G,2026-03-30
SUB4746169,0.89,1.18,1.44,0.01,106.91,1,1,35-44,Prepaid_Daily,5G_Device,4G+,2026-03-20
SUB7002296,0.85,0.59,0.97,0.13,108.93,0,1,55+,Prepaid_Monthly,5G_Device,4G+,2026-04-06
SUB1075388,2.52,3.25,0.78,0.66,131.0,0,0,18-24,Postpaid_Premium,Premium_Smartphone,5G,2026-04-06
SUB7810183,2.49,2.87,1.25,0.62,61.35,0,0,35-44,Postpaid_Basic,Premium_Smartphone,4G,2026-03-26
SUB2775767,3.4,0.71,0.02,0.0,30.28,0,0,25-34,Prepaid_Monthly,Mid_Range,4G,2026-03-24
SUB8983823,0.34,0.44,0.09,0.01,76.22,1,1,45-54,Postpaid_Basic,Mid_Range,4G,2026-03-19
SUB9373296,0.15,0.34,0.91,0.1,39.08,0,1,18-24,Postpaid_Basic,Mid_Range,4G,2026-04-17
SUB8467866,1.34,2.1,0.89,0.71,104.5,0,1,35-44,Postpaid_Basic,5G_Device,4G,2026-03-29
SUB6494339,1.62,1.17,0.16,0.72,62.95,0,0,18-24,Postpaid_Basic,Mid_Range,4G+,2026-04-15
SUB6877809,0.18,1.1,0.49,0.07,68.15,0,0,35-44,Prepaid_Monthly,Mid_Range,5G,2026-04-17
SUB7396567,5.53,0.25,0.08,0.35,108.02,0,1,45-54,Prepaid_Daily,Premium_Smartphone,4G,2026-03-20
SUB9002619,1.45,0.16,0.16,0.16,43.73,0,0,45-54,Prepaid_Monthly,Mid_Range,4G,2026-04-09
SUB5021080,0.17,0.8,0.01,0.27,81.69,1,0,45-54,Prepaid_Monthly,5G_Device,4G,2026-04-17
SUB8667857,2.49,0.25,0.12,0.22,26.97,0,1,25-34,Postpaid_Basic,Basic_Phone,5G,2026-04-04
SUB5428690,4.4,1.05,2.67,0.06,53.31,0,0,45-54,Postpaid_Unlimited,5G_Device,4G,2026-04-12
SUB6439433,1.7,0.4,0.51,0.08,55.36,0,0,35-44,Prepaid_Monthly,Mid_Range,4G,2026-04-07
SUB9889782,0.04,0.04,0.01,0.04,10.07,0,0,55+,Postpaid_Premium,Basic_Phone,4G,2026-03-27
SUB3881777,0.84,2.39,0.53,2.65,84.55,0,0,25-34,Postpaid_Premium,5G_Device,5G,2026-04-11
SUB3748996,2.98,0.98,1.13,0.13,120.23,1,0,25-34,Prepaid_Monthly,Premium_Smartphone,4G,2026-04-04
SUB1195246,1.04,0.56,0.21,0.24,20.01,0,0,18-24,Postpaid_Unlimited,Basic_Phone,4G,2026-04-02
SUB4696176,0.95,0.74,0.56,0.23,80.93,0,1,25-34,Prepaid_Daily,Mid_Range,5G,2026-04-05
SUB9899691,0.39,2.24,1.48,0.39,61.11,0,0,18-24,Postpaid_Unlimited,Mid_Range,5G,2026-03-20
SUB2012384,0.1,0.47,0.23,0.02,69.93,0,1,45-54,Prepaid_Daily,Mid_Range,4G,2026-03-20
SUB9143478,2.3,0.83,0.78,0.22,84.38,0,0,35-44,Prepaid_Monthly,Premium_Smartphone,4G+,2026-03-29
SUB1866964,0.88,0.66,0.34,0.08,53.37,0,0,55+,Postpaid_Basic,Premium_Smartphone,4G,2026-04-01
SUB9437712,3.83,0.24,0.25,0.27,43.53,0,0,18-24,Postpaid_Unlimited,Mid_Range,4G,2026-03-24
SUB1863663,0.64,3.96,0.03,0.2,78.51,0,0,18-24,Prepaid_Monthly,Mid_Range,4G+,2026-03-30
SUB6783182,4.98,1.99,1.95,0.93,193.53,1,1,45-54,Postpaid_Premium,Premium_Smartphone,4G+,2026-04-14
SUB7980571,0.57,0.24,0.04,0.05,17.72,0,0,25-34,Postpaid_Premium,Basic_Phone,3G,2026-03-30
SUB6334538,1.64,0.51,0.27,0.02,96.17,0,0,25-34,Prepaid_Daily,Premium_Smartphone,4G+,2026-04-04
SUB7349449,1.31,0.74,0.42,0.05,47.82,0,1,45-54,Postpaid_Basic,Premium_Smartphone,3G,2026-04-11
SUB2206861,5.32,2.54,0.06,0.1,70.55,1,0,25-34,Postpaid_Basic,Mid_Range,5G,2026-03-24
SUB4119612,0.47,0.96,0.17,0.12,55.07,0,0,18-24,Prepaid_Monthly,Mid_Range,4G,2026-04-16
SUB3891005,0.64,0.24,0.03,0.04,40.25,1,1,45-54,Postpaid_Premium,Basic_Phone,4G,2026-03-30
SUB5936600,8.0,1.96,1.59,2.79,84.17,1,1,18-24,Postpaid_Unlimited,Premium_Smartphone,4G,2026-04-04
SUB5736319,2.02,2.19,0.31,0.17,101.78,1,0,45-54,Postpaid_Premium,Premium_Smartphone,4G+,2026-03-30
SUB1257681,8.0,6.0,2.69,3.31,130.31,1,0,18-24,Postpaid_Unlimited,Premium_Smartphone,5G,2026-03-24
SUB9482626,0.42,1.49,0.23,0.07,154.08,0,1,35-44,Prepaid_Daily,Tablet,4G+,2026-04-05
SUB6629481,1.13,1.13,1.81,0.72,44.8,0,0,18-24,Prepaid_Daily,Premium_Smartphone,4G,2026-03-26
SUB3054780,0.41,2.97,1.77,0.99,54.95,0,0,35-44,Postpaid_Unlimited,Premium_Smartphone,4G,2026-03-29
SUB8991208,2.1,3.17,0.02,0.91,38.48,0,1,18-24,Postpaid_Unlimited,Mid_Range,3G,2026-04-07
SUB5423408,0.54,0.64,0.09,0.2,48.97,0,0,45-54,Prepaid_Daily,Mid_Range,4G,2026-03-29
SUB1842186,0.06,0.33,0.43,0.28,52.67,0,1,25-34,Prepaid_Monthly,Mid_Range,4G,2026-04-04
SUB6352727,3.39,1.94,0.31,1.56,148.69,1,0,18-24,Postpaid_Premium,Premium_Smartphone,5G,2026-03-21
SUB8116355,0.85,0.1,0.05,0.11,73.35,0,0,35-44,Prepaid_Daily,Mid_Range,5G,2026-04-12
SUB8226585,2.0,0.81,0.44,0.21,69.83,0,0,25-34,Prepaid_Monthly,Premium_Smartphone,4G,2026-03-20
SUB6538917,4.19,3.61,0.91,0.77,104.75,1,0,18-24,Postpaid_Premium,Premium_Smartphone,5G,2026-03-25
SUB2124905,0.14,1.56,0.09,0.54,27.03,0,0,18-24,Postpaid_Unlimited,Basic_Phone,5G,2026-04-02
SUB4105958,2.24,6.0,1.0,1.52,63.58,0,0,25-34,Postpaid_Premium,Premium_Smartphone,4G,2026-04-07
SUB6559277,0.84,5.72,0.52,0.23,88.45,0,1,18-24,Postpaid_Premium,Mid_Range,5G,2026-03-24
SUB4258084,0.01,1.21,0.28,0.03,64.45,0,0,18-24,Prepaid_Monthly,Premium_Smartphone,4G,2026-04-13
SUB9593059,8.0,0.51,1.04,0.18,114.75,0,1,25-34,Postpaid_Premium,Premium_Smartphone,4G+,2026-03-28
SUB2980290,0.22,0.63,0.29,0.39,87.59,1,0,35-44,Prepaid_Daily,Premium_Smartphone,3G,2026-03-29
SUB1403322,2.75,2.89,0.49,0.06,78.4,1,0,25-34,Postpaid_Unlimited,Mid_Range,4G,2026-04-06
SUB5310796,1.59,0.18,0.16,0.01,58.83,0,0,18-24,Postpaid_Basic,Mid_Range,4G,2026-04-15
SUB6181057,0.34,0.21,0.09,0.07,60.53,0,1,55+,Postpaid_Basic,Mid_Range,5G,2026-03-28
SUB8017403,2.37,0.76,0.01,0.06,55.83,1,0,45-54,Postpaid_Unlimited,Mid_Range,4G,2026-03-24
SUB5077716,0.19,1.49,0.1,0.54,63.15,0,1,25-34,Prepaid_Daily,Tablet,4G,2026-03-19
SUB7941447,1.29,0.39,0.64,0.75,70.37,0,0,18-24,Postpaid_Unlimited,Mid_Range,5G,2026-04-11
SUB6037285,0.13,1.2,0.08,0.43,107.39,1,0,55+,Prepaid_Monthly,5G_Device,4G,2026-04-16
SUB2908802,2.52,1.26,0.29,0.1,45.28,0,0,25-34,Prepaid_Monthly,5G_Device,4G,2026-04-04
SUB8334901,0.09,0.43,0.09,0.89,16.08,0,0,25-34,Prepaid_Daily,Mid_Range,3G,2026-03-25
SUB2548075,1.31,1.82,2.85,0.26,48.77,1,0,25-34,Postpaid_Unlimited,Mid_Range,3G,2026-04-04
SUB1493948,2.42,0.65,0.14,0.33,96.14,0,0,45-54,Postpaid_Unlimited,5G_Device,4G+,2026-03-30
SUB5168962,0.19,3.24,0.4,1.08,93.85,0,1,18-24,Prepaid_Daily,Mid_Range,5G,2026-04-09
SUB7520645,0.74,1.77,0.55,0.67,168.32,0,1,45-54,Prepaid_Daily,Premium_Smartphone,5G,2026-04-09
SUB7689921,8.0,1.12,1.04,0.05,62.73,1,0,35-44,Postpaid_Unlimited,Mid_Range,4G,2026-03-31
SUB9383190,2.95,0.91,0.17,0.01,46.25,0,0,25-34,Prepaid_Daily,Mid_Range,4G,2026-04-15
SUB8228161,0.7,0.11,0.07,0.03,27.18,1,0,45-54,Postpaid_Basic,Basic_Phone,4G,2026-04-07
SUB1780641,3.68,0.04,0.05,0.17,35.63,0,1,18-24,Postpaid_Basic,Mid_Range,3G,2026-04-05
SUB5466134,2.37,4.48,1.51,0.47,79.42,0,0,35-44,Postpaid_Unlimited,Premium_Smartphone,5G,2026-03-31
SUB2554205,4.15,0.59,1.32,4.02,90.51,0,0,25-34,Postpaid_Basic,Tablet,4G,2026-04-17
SUB7606963,1.61,0.11,0.04,0.38,71.35,0,1,25-34,Prepaid_Monthly,Mid_Range,4G,2026-03-20
SUB7651143,3.37,0.94,0.31,0.55,69.06,0,0,25-34,Postpaid_Unlimited,Premium_Smartphone,4G+,2026-04-02
SUB3551331,1.0,0.39,0.36,0.0,31.13,0,0,25-34,Prepaid_Monthly,Mid_Range,4G,2026-03-30
SUB4127748,0.85,1.02,0.08,0.74,44.04,0,0,18-24,Prepaid_Monthly,Mid_Range,4G+,2026-03-30
SUB5001070,0.06,1.53,0.12,0.11,41.07,0,0,25-34,Prepaid_Daily,Premium_Smartphone,3G,2026-04-02
SUB8365624,7.0,3.94,0.87,0.96,82.88,0,0,25-34,Postpaid_Unlimited,Premium_Smartphone,4G+,2026-04-13
SUB3883791,0.25,0.97,0.57,0.26,44.41,0,0,35-44,Postpaid_Premium,Mid_Range,5G,2026-03-29
SUB4496605,2.94,1.21,0.16,0.35,99.14,0,0,18-24,Prepaid_Daily,5G_Device,4G,2026-04-04
SUB5948600,0.31,0.72,1.38,0.13,96.42,0,0,35-44,Postpaid_Premium,Premium_Smartphone,4G,2026-03-20
SUB7416438,2.61,0.55,1.65,0.5,66.19,1,0,18-24,Prepaid_Monthly,Mid_Range,4G+,2026-04-02
SUB6311499,2.18,6.0,0.71,0.24,92.11,0,0,18-24,Postpaid_Unlimited,Premium_Smartphone,4G,2026-03-21
SUB1308623,0.1,0.32,0.31,0.02,22.31,0,0,25-34,Prepaid_Monthly,Mid_Range,3G,2026-03-31
SUB4647371,3.47,6.0,0.02,0.12,105.93,0,1,18-24,Postpaid_Premium,Premium_Smartphone,4G+,2026-04-01
SUB4296903,0.13,3.06,0.69,0.22,75.64,0,0,35-44,Postpaid_Basic,Premium_Smartphone,4G,2026-04-06
SUB6998223,0.17,0.46,0.04,0.02,25.5,0,0,25-34,Prepaid_Daily,Basic_Phone,4G,2026-03-26
SUB2147116,1.19,1.43,0.3,0.09,64.19,0,1,55+,Postpaid_Unlimited,5G_Device,3G,2026-04-07
SUB4772763,0.56,1.08,0.06,0.04,69.57,1,1,55+,Prepaid_Daily,Premium_Smartphone,3G,2026-04-05
SUB7478450,4.37,6.0,2.4,0.63,188.81,1,0,25-34,Postpaid_Premium,Premium_Smartphone,5G,2026-03-26
SUB1310375,0.17,0.61,0.04,0.01,57.94,0,0,45-54,Postpaid_Premium,Mid_Range,4G,2026-04-11
SUB3126453,3.35,3.37,2.41,0.63,111.73,0,0,18-24,Postpaid_Basic,Premium_Smartphone,4G+,2026-03-26
SUB2271300,0.25,0.45,0.15,0.14,76.4,0,0,25-34,Prepaid_Daily,Mid_Range,5G,2026-04-17
SUB6238631,2.21,0.63,0.31,0.99,96.24,0,0,35-44,Postpaid_Unlimited,5G_Device,4G+,2026-04-12
SUB4842411,3.59,1.79,0.75,0.01,99.39,1,1,18-24,Prepaid_Monthly,Premium_Smartphone,4G,2026-04-04
SUB7310208,0.4,1.59,0.42,0.68,53.37,1,0,18-24,Postpaid_Basic,Mid_Range,4G,2026-03-23
SUB7127764,1.71,0.22,0.02,0.66,27.26,0,0,18-24,Postpaid_Premium,Mid_Range,4G,2026-03-28
SUB6859046,1.3,0.42,0.05,4.43,49.67,0,0,25-34,Postpaid_Unlimited,5G_Device,4G,2026-03-25
SUB7034207,1.6,2.59,1.77,3.95,177.06,1,0,25-34,Postpaid_Basic,Premium_Smartphone,5G,2026-04-13
SUB8940879,2.03,1.92,0.85,0.54,87.63,0,0,25-34,Prepaid_Monthly,Tablet,5G,2026-03-31
SUB4341861,4.32,5.18,0.18,0.29,48.83,0,0,25-34,Postpaid_Premium,Mid_Range,4G,2026-03-31
SUB8359201,0.05,0.09,0.18,0.07,54.51,0,0,25-34,Prepaid_Daily,Premium_Smartphone,3G,2026-03-21
SUB3615804,0.83,1.01,0.23,0.15,45.21,0,0,45-54,Prepaid_Daily,Premium_Smartphone,3G,2026-04-07
SUB5312717,5.79,5.21,2.69,0.14,90.8,1,1,18-24,Postpaid_Unlimited,Premium_Smartphone,4G,2026-03-29
SUB2982243,0.17,0.84,0.05,0.08,104.48,0,0,45-54,Postpaid_Basic,Premium_Smartphone,5G,2026-03-29
SUB4413654,1.05,0.29,0.02,2.69,47.41,0,1,35-44,Prepaid_Daily,Mid_Range,4G,2026-04-08
SUB6986417,1.48,1.3,2.0,0.1,105.19,0,0,35-44,Postpaid_Basic,Premium_Smartphone,4G+,2026-03-23
SUB8863020,0.39,1.47,0.57,0.11,148.42,0,0,35-44,Prepaid_Daily,Premium_Smartphone,5G,2026-04-07
SUB4270209,3.82,0.49,0.04,0.0,67.43,0,1,25-34,Prepaid_Daily,Mid_Range,4G+,2026-03-23
SUB9604008,0.97,1.19,0.13,0.43,30.03,0,0,18-24,Prepaid_Daily,Mid_Range,4G,2026-04-02
SUB8323988,0.36,6.0,1.72,1.39,119.79,0,1,25-34,Postpaid_Premium,Premium_Smartphone,4G+,2026-03-26
SUB4324664,0.65,0.36,0.25,0.09,74.52,0,0,55+,Postpaid_Premium,Mid_Range,5G,2026-04-16
SUB9210880,1.58,0.43,0.04,0.11,62.01,0,1,35-44,Postpaid_Basic,Mid_Range,4G,2026-04-08
SUB4594058,0.44,0.38,0.21,4.78,46.04,0,0,18-24,Prepaid_Monthly,Premium_Smartphone,4G,2026-04-16
SUB5584258,0.79,0.24,0.06,0.22,25.08,0,0,18-24,Postpaid_Premium,Basic_Phone,4G+,2026-04-15
SUB9117654,1.21,0.67,0.04,0.51,60.16,0,1,55+,Prepaid_Monthly,Mid_Range,4G,2026-03-22
SUB5212377,3.33,2.41,0.48,0.12,48.48,0,0,18-24,Postpaid_Basic,Premium_Smartphone,3G,2026-04-14
SUB1233782,4.68,0.73,0.59,2.42,39.78,0,0,18-24,Postpaid_Unlimited,Mid_Range,4G,2026-03-21
SUB7906117,0.45,3.99,0.01,0.35,120.0,1,1,25-34,Postpaid_Basic,Premium_Smartphone,4G,2026-04-05
SUB7112674,0.01,0.43,0.03,0.01,34.37,0,0,55+,Postpaid_Basic,Mid_Range,4G,2026-03-28
SUB5809109,7.66,6.0,4.0,1.59,129.2,1,0,25-34,Postpaid_Unlimited,5G_Device,5G,2026-04-14
SUB4735466,0.51,1.49,0.67,0.06,59.35,1,0,25-34,Postpaid_Basic,Mid_Range,4G,2026-04-17
SUB2583246,2.7,2.3,0.24,0.67,99.8,1,0,35-44,Postpaid_Basic,Mid_Range,5G,2026-03-28
SUB1726331,0.92,0.58,0.17,0.26,97.41,1,0,18-24,Postpaid_Basic,Premium_Smartphone,4G,2026-04-04
SUB2794291,0.29,0.33,0.52,0.02,44.09,1,0,45-54,Prepaid_Monthly,Mid_Range,3G,2026-03-26
SUB7353385,8.0,4.65,1.41,0.17,82.25,0,0,25-34,Postpaid_Premium,5G_Device,4G,2026-03-26
SUB5952075,3.17,6.0,4.0,6.0,168.03,0,1,25-34,Postpaid_Premium,Premium_Smartphone,5G,2026-03-19
SUB4898606,1.42,0.33,0.66,1.3,110.85,1,1,45-54,Prepaid_Monthly,5G_Device,3G,2026-04-17
SUB3878117,0.45,0.18,0.01,0.02,75.39,1,0,55+,Prepaid_Daily,Mid_Range,5G,2026-04-02
SUB5481617,1.69,4.46,3.02,5.84,127.75,1,0,25-34,Postpaid_Unlimited,5G_Device,4G,2026-03-30
SUB8374626,2.58,2.12,0.75,0.35,146.16,0,0,18-24,Postpaid_Basic,Premium_Smartphone,5G,2026-03-19
SUB6287913,0.36,0.14,0.03,0.02,19.69,1,0,45-54,Prepaid_Daily,Basic_Phone,5G,2026-03-23
SUB4733149,0.28,0.19,0.18,0.14,31.81,1,1,25-34,Prepaid_Monthly,Mid_Range,3G,2026-04-02
SUB6316741,0.41,1.24,0.23,0.05,98.87,0,0,55+,Postpaid_Basic,Premium_Smartphone,5G,2026-04-13
SUB3804802,0.26,0.08,0.01,0.91,99.15,1,0,55+,Prepaid_Daily,5G_Device,4G,2026-04-04
SUB5157263,0.2,0.76,0.3,0.19,31.22,0,1,18-24,Prepaid_Daily,Basic_Phone,5G,2026-04-11
SUB5488198,0.54,0.73,0.84,0.02,136.22,0,0,55+,Postpaid_Premium,5G_Device,5G,2026-04-01
SUB3733460,0.98,0.6,0.33,1.54,36.42,0,0,25-34,Postpaid_Premium,5G_Device,3G,2026-04-12
SUB8084609,0.85,0.63,0.13,0.85,74.7,0,1,35-44,Prepaid_Monthly,Mid_Range,5G,2026-04-17
SUB7216538,0.47,0.44,0.53,0.03,64.95,1,0,18-24,Prepaid_Daily,Premium_Smartphone,3G,2026-04-02
SUB5115362,0.4,1.42,0.44,0.71,48.88,0,0,45-54,Postpaid_Basic,Mid_Range,4G,2026-04-06
SUB2252557,1.03,1.24,0.4,1.99,50.83,1,0,35-44,Prepaid_Monthly,5G_Device,3G,2026-03-29
SUB2490687,1.99,1.04,0.31,0.05,81.81,1,0,35-44,Prepaid_Monthly,Premium_Smartphone,4G,2026-03-26
SUB5057025,0.27,0.16,0.27,0.25,24.02,0,0,55+,Prepaid_Monthly,Mid_Range,4G,2026-03-24
SUB6272864,3.78,1.6,4.0,0.05,80.56,0,0,25-34,Prepaid_Daily,5G_Device,4G,2026-03-25
SUB4788963,0.64,1.23,0.12,1.67,47.21,0,0,25-34,Prepaid_Monthly,Mid_Range,4G,2026-04-15
SUB4874910,2.24,4.65,0.6,0.15,103.31,0,1,45-54,Postpaid_Unlimited,5G_Device,5G,2026-04-02
SUB4368045,1.49,0.59,1.45,0.02,18.69,1,0,35-44,Prepaid_Monthly,Basic_Phone,5G,2026-04-07
SUB6185773,0.5,0.56,0.19,0.61,152.29,0,0,55+,Prepaid_Monthly,5G_Device,5G,2026-04-15
SUB5832691,0.84,0.41,0.09,0.27,84.38,1,0,55+,Prepaid_Monthly,Premium_Smartphone,3G,2026-03-24
SUB1968616,2.99,1.45,0.8,0.04,36.41,0,0,25-34,Postpaid_Basic,Premium_Smartphone,3G,2026-04-01
SUB5217733,3.75,2.52,0.19,0.39,91.49,0,1,25-34,Postpaid_Premium,Mid_Range,4G+,2026-03-24
SUB8914520,0.21,0.51,0.41,0.26,57.36,0,0,25-34,Prepaid_Monthly,5G_Device,4G,2026-04-09
SUB2490036,5.66,0.59,0.01,0.2,54.94,1,0,35-44,Postpaid_Premium,Mid_Range,4G,2026-04-09
SUB3869729,0.9,0.36,0.1,0.25,44.79,0,1,25-34,Prepaid_Daily,Mid_Range,3G,2026-04-14
SUB8585159,0.54,0.13,0.06,0.0,43.15,0,0,45-54,Postpaid_Unlimited,Mid_Range,3G,2026-03-28
SUB8179156,0.94,2.33,0.3,0.01,125.52,0,0,18-24,Prepaid_Daily,5G_Device,4G+,2026-03-23
SUB9944718,1.25,1.59,0.22,0.57,83.64,0,0,18-24,Prepaid_Daily,Premium_Smartphone,5G,2026-04-04
SUB8904428,0.23,0.82,0.02,0.64,93.39,0,1,18-24,Prepaid_Daily,Premium_Smartphone,4G,2026-04-02
SUB5202271,4.06,2.34,0.74,0.57,62.7,0,0,18-24,Prepaid_Daily,5G_Device,4G+,2026-04-09
SUB5042879,3.36,4.11,1.05,1.53,133.43,1,1,35-44,Postpaid_Basic,5G_Device,4G,2026-03-27
SUB3322523,0.85,0.61,0.11,0.49,134.15,1,1,18-24,Prepaid_Monthly,Mid_Range,5G,2026-03-29
SUB5746771,3.33,0.6,0.1,0.08,89.43,0,0,18-24,Postpaid_Premium,Premium_Smartphone,4G,2026-04-07
SUB9640145,1.1,1.17,0.05,1.55,85.63,1,1,18-24,Prepaid_Daily,Mid_Range,4G,2026-04-17
SUB2756124,0.37,0.37,0.28,0.24,31.11,0,0,45-54,Postpaid_Basic,5G_Device,3G,2026-04-13
SUB1841531,0.8,2.34,0.2,0.13,89.92,0,0,45-54,Prepaid_Monthly,5G_Device,5G,2026-04-07
SUB1864645,0.47,0.78,0.39,0.67,47.48,0,0,18-24,Postpaid_Basic,5G_Device,3G,2026-03-26
SUB2428127,0.55,0.89,0.33,0.19,109.23,0,0,35-44,Prepaid_Daily,Premium_Smartphone,5G,2026-04-05
SUB6130076,1.58,0.8,0.29,0.42,56.36,0,0,25-34,Prepaid_Daily,Premium_Smartphone,4G,2026-04-14
SUB9859690,0.44,0.42,0.41,0.26,45.4,1,0,18-24,Prepaid_Monthly,Mid_Range,4G,2026-03-29
SUB5254849,0.73,2.95,0.24,0.21,87.48,0,1,35-44,Postpaid_Premium,Mid_Range,4G+,2026-04-13
SUB8574587,1.19,1.67,1.01,0.56,27.96,0,0,18-24,Postpaid_Premium,Basic_Phone,4G,2026-04-07
SUB7515350,0.47,0.57,0.0,0.01,55.81,0,0,45-54,Prepaid_Daily,5G_Device,3G,2026-04-06
SUB9336900,0.38,0.52,0.6,0.56,119.83,0,0,18-24,Prepaid_Daily,Premium_Smartphone,4G+,2026-04-08
SUB2615777,0.31,0.87,0.24,0.18,122.25,1,1,55+,Prepaid_Monthly,5G_Device,4G,2026-03-24
SUB4512664,1.01,0.43,0.75,0.2,70.26,0,0,18-24,Prepaid_Monthly,5G_Device,3G,2026-04-03
SUB1973181,2.73,4.8,0.25,0.48,122.34,1,0,35-44,Postpaid_Basic,5G_Device,4G,2026-03-21
SUB2491633,1.59,1.28,0.48,0.33,83.9,1,0,55+,Prepaid_Monthly,Premium_Smartphone,4G,2026-03-20
SUB3061774,2.34,2.42,0.25,0.16,36.55,1,0,18-24,Prepaid_Monthly,Mid_Range,4G,2026-04-16
SUB3790358,0.57,1.21,2.98,0.07,40.42,0,0,25-34,Postpaid_Basic,Mid_Range,4G+,2026-04-03
SUB4860562,1.77,4.15,0.43,0.22,96.55,0,0,25-34,Prepaid_Monthly,Premium_Smartphone,4G,2026-04-08
SUB7976610,0.28,0.23,0.12,0.16,28.31,0,0,35-44,Prepaid_Daily,Basic_Phone,4G,2026-03-30
SUB2765524,0.39,0.56,0.04,0.39,33.73,0,0,18-24,Postpaid_Basic,Basic_Phone,4G,2026-04-16
SUB2250632,1.15,1.62,0.02,0.09,49.35,0,0,18-24,Prepaid_Monthly,Premium_Smartphone,3G,2026-03-28
SUB7210715,3.26,0.99,0.27,2.31,74.02,0,0,35-44,Postpaid_Unlimited,5G_Device,4G,2026-03-23
SUB9526086,3.3,3.09,0.68,0.07,110.96,0,0,25-34,Postpaid_Premium,5G_Device,4G+,2026-04-05
SUB4243087,1.09,0.07,0.47,0.12,43.85,0,1,35-44,Prepaid_Daily,Mid_Range,4G,2026-04-16
SUB1909711,3.2,0.11,1.22,0.81,70.8,0,0,18-24,Prepaid_Daily,5G_Device,4G,2026-04-11
SUB4711584,0.39,3.25,0.06,0.48,114.96,0,0,25-34,Prepaid_Monthly,Premium_Smartphone,5G,2026-04-17
SUB7913283,0.75,0.63,0.14,1.36,85.74,0,0,35-44,Prepaid_Monthly,Premium_Smartphone,4G,2026-03-26
SUB2619715,0.76,3.38,0.24,0.04,37.98,0,0,35-44,Postpaid_Unlimited,Mid_Range,4G,2026-03-31
SUB3590310,0.59,0.46,0.67,0.17,42.05,0,1,25-34,Prepaid_Monthly,Premium_Smartphone,3G,2026-03-24
SUB7314768,1.51,0.49,0.71,0.55,89.34,0,0,25-34,Postpaid_Unlimited,Premium_Smartphone,4G,2026-03-27
SUB9324454,0.29,0.43,0.16,0.27,74.23,0,0,25-34,Postpaid_Basic,Premium_Smartphone,3G,2026-03-25
SUB9815995,2.76,2.04,0.75,0.15,33.84,0,1,18-24,Postpaid_Unlimited,Mid_Range,3G,2026-03-23
SUB7726451,8.0,6.0,2.76,2.01,125.36,1,0,25-34,Postpaid_Premium,5G_Device,4G,2026-03-23
SUB9064220,5.49,0.3,0.14,0.41,64.79,1,0,18-24,Postpaid_Premium,5G_Device,4G,2026-03-28
SUB2544613,2.0,1.66,1.02,0.01,86.27,1,0,35-44,Postpaid_Basic,5G_Device,4G,2026-04-13
SUB2297638,1.84,0.92,0.18,2.02,54.71,0,0,35-44,Postpaid_Premium,Mid_Range,4G,2026-04-05
SUB8134897,8.0,0.79,0.0,0.08,83.75,0,0,25-34,Prepaid_Monthly,Mid_Range,5G,2026-03-21
SUB8748670,5.45,2.49,3.04,0.42,94.2,1,0,25-34,Postpaid_Unlimited,Mid_Range,5G,2026-04-16
SUB3430525,1.51,0.89,0.98,0.5,88.56,0,0,18-24,Postpaid_Basic,Premium_Smartphone,4G,2026-04-10
SUB8439103,6.08,0.69,0.01,0.3,83.56,0,0,25-34,Prepaid_Monthly,5G_Device,4G,2026-04-01
SUB3456070,1.65,1.67,0.07,0.68,48.26,0,0,55+,Postpaid_Unlimited,Mid_Range,5G,2026-04-05
SUB9878234,3.55,6.0,0.95,2.09,53.39,0,0,35-44,Postpaid_Unlimited,5G_Device,4G,2026-03-30
SUB1288859,2.72,1.37,0.16,0.19,137.32,0,0,35-44,Postpaid_Premium,Premium_Smartphone,5G,2026-04-11
SUB6008341,0.19,0.17,0.02,0.13,26.77,0,0,45-54,Prepaid_Monthly,Mid_Range,3G,2026-04-11
SUB5749766,3.86,1.12,0.09,0.93,26.82,0,0,25-34,Postpaid_Unlimited,Mid_Range,3G,2026-04-12
SUB2546236,4.39,0.9,0.04,0.42,83.31,0,0,18-24,Postpaid_Premium,Mid_Range,5G,2026-03-23
SUB9982913,6.44,0.22,0.32,0.22,173.52,1,1,35-44,Postpaid_Basic,Premium_Smartphone,4G+,2026-04-11
SUB5257341,2.74,1.51,1.51,0.03,78.61,1,0,18-24,Postpaid_Unlimited,Mid_Range,4G,2026-04-16
SUB4759834,3.78,0.54,0.01,1.0,83.7,0,0,35-44,Prepaid_Daily,Premium_Smartphone,4G+,2026-04-13
SUB3627988,1.75,2.03,0.05,0.7,157.5,1,1,35-44,Prepaid_Daily,Premium_Smartphone,4G,2026-04-03
SUB6477093,0.0,1.34,0.31,0.03,148.33,1,1,45-54,Postpaid_Basic,Premium_Smartphone,4G+,2026-03-24
SUB9592974,0.27,0.26,0.05,0.01,11.45,0,0,25-34,Prepaid_Daily,Basic_Phone,4G,2026-03-29
SUB1502420,1.71,0.4,1.18,0.33,51.36,0,0,25-34,Postpaid_Premium,Premium_Smartphone,4G,2026-03-27
SUB6529046,1.46,1.54,1.25,0.21,73.74,1,0,35-44,Prepaid_Monthly,Mid_Range,5G,2026-04-03
SUB2679161,0.27,0.11,0.01,0.6,72.91,0,1,45-54,Prepaid_Daily,5G_Device,3G,2026-04-01
SUB1660902,1.78,1.56,0.14,0.03,73.6,0,1,45-54,Prepaid_Monthly,Premium_Smartphone,3G,2026-04-02
SUB8562116,0.11,0.26,0.05,0.46,14.3,0,0,55+,Postpaid_Basic,Basic_Phone,4G,2026-03-29
SUB2538112,4.83,0.12,0.12,0.23,57.41,0,0,18-24,Prepaid_Daily,Premium_Smartphone,4G,2026-03-29
SUB2726676,0.92,1.06,1.56,0.55,109.19,1,0,25-34,Prepaid_Daily,5G_Device,4G,2026-04-01
SUB2685996,1.01,0.41,2.43,0.29,52.64,1,0,25-34,Prepaid_Monthly,Mid_Range,4G,2026-04-01
SUB4246417,0.34,0.44,1.98,0.08,32.05,1,0,18-24,Postpaid_Premium,Mid_Range,3G,2026-03-22
SUB2352144,0.54,6.0,0.49,0.0,163.25,1,0,55+,Postpaid_Unlimited,Premium_Smartphone,5G,2026-04-10
SUB2551330,0.55,0.08,0.02,0.03,9.39,0,0,55+,Prepaid_Daily,Basic_Phone,3G,2026-03-29
SUB1971248,0.61,2.67,0.29,0.03,17.97,1,1,18-24,Postpaid_Basic,Basic_Phone,3G,2026-04-01
SUB5657851,3.14,3.73,0.36,0.1,127.85,0,0,18-24,Prepaid_Monthly,Premium_Smartphone,5G,2026-03-29
SUB7695306,3.32,0.53,0.48,0.03,64.06,0,1,25-34,Prepaid_Monthly,Premium_Smartphone,4G,2026-04-16
SUB6378750,0.72,4.35,0.17,1.34,64.21,0,0,45-54,Postpaid_Unlimited,5G_Device,4G,2026-04-13
SUB3607411,0.3,0.94,0.13,0.33,74.67,1,0,25-34,Prepaid_Monthly,Mid_Range,4G,2026-04-05
SUB2693439,2.4,0.31,1.02,0.09,51.92,0,0,18-24,Prepaid_Monthly,Mid_Range,5G,2026-04-05
SUB2831094,0.93,2.28,0.1,0.05,81.47,0,0,18-24,Prepaid_Monthly,Premium_Smartphone,4G,2026-04-09
SUB4437172,1.41,0.66,2.08,0.78,95.94,0,0,25-34,Postpaid_Unlimited,5G_Device,4G+,2026-04-03
SUB7919875,0.06,1.28,0.23,0.01,111.82,0,0,55+,Postpaid_Basic,Premium_Smartphone,4G+,2026-04-02
SUB6923361,0.16,0.64,1.05,0.36,28.01,0,0,25-34,Postpaid_Basic,Mid_Range,3G,2026-03-21
SUB2963571,3.76,1.0,0.38,0.0,67.36,0,1,25-34,Postpaid_Basic,Mid_Range,4G+,2026-03-23
SUB6542511,1.08,0.7,0.07,0.33,76.2,1,0,18-24,Prepaid_Monthly,5G_Device,4G,2026-04-04
SUB9985826,0.53,1.03,2.26,0.52,87.84,0,0,25-34,Postpaid_Premium,Premium_Smartphone,4G,2026-03-26
SUB4815144,0.14,0.19,0.05,0.53,23.9,0,0,35-44,Prepaid_Daily,Basic_Phone,3G,2026-03-19
SUB4436252,2.15,0.61,0.19,0.05,35.1,1,0,25-34,Postpaid_Premium,Mid_Range,3G,2026-04-03
SUB1817052,3.08,6.0,1.53,1.18,190.37,1,1,25-34,Postpaid_Basic,5G_Device,4G+,2026-04-14
SUB8596585,0.52,1.12,0.97,0.07,108.43,0,0,45-54,Prepaid_Daily,Tablet,5G,2026-04-02
SUB7269324,0.3,0.12,0.06,1.44,30.48,0,0,18-24,Prepaid_Daily,Mid_Range,4G,2026-04-16
SUB2428080,7.43,1.19,0.68,0.52,54.89,0,1,35-44,Postpaid_Premium,Mid_Range,3G,2026-04-12
SUB3521279,0.92,0.9,0.16,0.88,73.48,0,0,25-34,Prepaid_Monthly,Mid_Range,4G+,2026-04-06
SUB8503888,0.72,2.53,0.12,0.06,57.53,0,0,25-34,Prepaid_Monthly,Mid_Range,4G,2026-04-08
SUB7119848,0.54,1.04,0.83,0.49,64.82,1,0,35-44,Prepaid_Daily,Mid_Range,4G,2026-03-19
SUB3726016,1.13,0.78,0.57,0.0,39.12,0,0,45-54,Postpaid_Premium,Mid_Range,4G,2026-03-25
SUB2244289,2.03,2.21,1.36,0.78,91.24,0,0,35-44,Postpaid_Unlimited,Premium_Smartphone,4G+,2026-03-24
SUB1442939,5.96,2.62,0.4,0.05,67.44,0,1,18-24,Postpaid_Premium,Premium_Smartphone,4G,2026-03-19
SUB4282972,1.41,2.09,1.37,0.86,63.65,0,0,25-34,Postpaid_Basic,5G_Device,4G,2026-03-20
SUB9692832,0.46,2.51,0.64,2.73,117.61,1,0,25-34,Postpaid_Basic,Premium_Smartphone,4G,2026-04-16
SUB5414473,0.74,5.92,2.04,2.33,62.18,1,0,25-34,Prepaid_Monthly,Mid_Range,5G,2026-04-03
SUB3711793,0.18,0.78,0.03,0.01,34.43,0,0,35-44,Prepaid_Daily,Mid_Range,4G,2026-04-03
SUB3319124,2.47,2.01,0.1,0.81,108.12,0,0,18-24,Postpaid_Premium,5G_Device,5G,2026-04-06
SUB4923227,5.28,2.4,2.28,1.22,103.85,1,0,25-34,Postpaid_Premium,5G_Device,4G,2026-03-19
SUB3073290,2.01,3.68,1.28,0.21,194.89,0,1,35-44,Postpaid_Premium,Premium_Smartphone,5G,2026-03-24
SUB3518970,0.47,1.96,0.06,0.11,60.79,0,0,25-34,Postpaid_Basic,Mid_Range,5G,2026-03-21
SUB4889877,3.0,3.16,2.63,0.85,169.94,0,1,35-44,Postpaid_Unlimited,5G_Device,5G,2026-04-15
SUB2727408,1.38,3.8,1.37,0.38,54.48,0,0,18-24,Postpaid_Unlimited,Mid_Range,5G,2026-03-30
SUB3801742,0.12,0.78,0.06,0.1,33.58,0,1,25-34,Prepaid_Monthly,Basic_Phone,4G,2026-03-31
SUB2055675,0.76,0.26,0.62,0.12,95.42,1,0,55+,Prepaid_Monthly,5G_Device,4G+,2026-04-10
SUB7016854,1.04,6.0,0.43,0.07,82.24,0,1,25-34,Postpaid_Basic,5G_Device,4G,2026-04-05
SUB8436754,3.82,1.17,0.89,0.72,106.37,0,1,25-34,Prepaid_Daily,Premium_Smartphone,4G,2026-03-24
SUB1965188,0.44,0.34,0.1,0.18,18.82,0,0,35-44,Postpaid_Unlimited,Basic_Phone,4G,2026-03-31
SUB3161088,3.17,0.32,0.25,0.68,117.67,0,0,55+,Prepaid_Monthly,Premium_Smartphone,5G,2026-04-14
SUB9018006,0.22,1.57,0.02,0.03,78.84,0,0,55+,Postpaid_Basic,Premium_Smartphone,4G,2026-04-10
SUB3320484,1.92,2.29,0.58,0.77,32.05,0,0,35-44,Postpaid_Basic,5G_Device,3G,2026-04-13
SUB5105223,0.48,1.07,0.3,0.05,110.25,0,1,18-24,Postpaid_Basic,Premium_Smartphone,4G+,2026-04-09
SUB1487510,0.06,0.16,0.07,0.56,58.5,1,0,55+,Prepaid_Daily,Tablet,3G,2026-04-09
SUB7354986,4.31,1.63,0.28,0.19,62.47,1,0,35-44,Postpaid_Unlimited,Mid_Range,4G,2026-03-31
SUB8609964,0.92,0.66,0.01,0.09,36.3,0,0,25-34,Prepaid_Daily,Basic_Phone,5G,2026-04-10
SUB6795250,1.23,1.37,0.35,0.14,73.51,1,1,45-54,Postpaid_Premium,Mid_Range,4G+,2026-04-16
SUB5055447,3.22,1.39,1.06,4.83,114.59,1,1,25-34,Postpaid_Premium,Premium_Smartphone,3G,2026-03-29
SUB2673879,1.42,3.57,2.11,0.21,156.09,0,1,18-24,Prepaid_Daily,Premium_Smartphone,5G,2026-03-22
SUB2780752,2.35,1.45,0.27,1.32,116.52,1,0,45-54,Postpaid_Unlimited,Premium_Smartphone,4G,2026-04-16
SUB4293331,2.71,0.54,0.28,0.15,57.41,0,1,25-34,Postpaid_Basic,Mid_Range,4G,2026-03-26
SUB4764455,4.49,3.18,1.29,0.05,114.76,1,0,25-34,Postpaid_Basic,5G_Device,4G+,2026-04-16
SUB8253817,0.51,1.6,0.49,1.84,81.02,0,1,25-34,Postpaid_Basic,Mid_Range,5G,2026-04-13
SUB5335518,3.38,1.3,0.62,0.82,96.27,1,0,35-44,Postpaid_Basic,Mid_Range,5G,2026-04-06
SUB9791690,7.21,1.79,1.72,0.45,135.13,0,1,18-24,Prepaid_Daily,Premium_Smartphone,4G+,2026-04-03
SUB9589747,2.44,1.79,0.02,3.19,92.52,0,1,25-34,Postpaid_Premium,Mid_Range,5G,2026-03-23
SUB6222798,1.28,3.69,0.89,0.13,80.66,0,0,35-44,Postpaid_Basic,Premium_Smartphone,4G,2026-03-22
SUB4904722,0.5,1.27,0.67,0.19,82.51,1,0,45-54,Prepaid_Daily,Mid_Range,4G,2026-04-02
SUB6215622,0.85,2.66,0.21,0.57,83.22,0,0,25-34,Postpaid_Premium,Mid_Range,5G,2026-04-06
SUB7879771,1.54,0.91,0.75,0.14,78.13,0,0,45-54,Postpaid_Premium,Mid_Range,5G,2026-04-08
SUB9481209,0.23,0.79,0.03,0.0,50.14,0,0,45-54,Postpaid_Basic,Mid_Range,4G,2026-04-17
SUB4175684,2.27,1.51,0.05,0.04,47.95,0,0,35-44,Prepaid_Daily,Mid_Range,4G,2026-03-21
SUB1629085,0.88,1.07,1.45,0.6,59.46,0,0,18-24,Prepaid_Monthly,Mid_Range,5G,2026-04-14
SUB7071845,0.21,0.69,0.73,0.0,200.0,1,1,45-54,Prepaid_Daily,Premium_Smartphone,4G+,2026-04-11
SUB3518638,0.09,0.81,0.09,0.02,67.95,0,0,25-34,Postpaid_Basic,Mid_Range,5G,2026-03-29
SUB1603103,1.88,1.59,0.78,0.43,48.65,0,0,18-24,Postpaid_Unlimited,Premium_Smartphone,4G,2026-03-25
SUB2989968,1.36,1.91,0.5,1.22,93.49,0,1,18-24,Prepaid_Daily,Premium_Smartphone,4G,2026-04-08
SUB6303943,2.2,1.64,4.0,0.0,136.97,0,1,45-54,Prepaid_Monthly,5G_Device,5G,2026-04-05
SUB6497191,2.48,1.14,1.12,0.11,117.56,0,1,18-24,Postpaid_Premium,5G_Device,4G,2026-04-11
SUB2257008,0.59,1.21,0.11,0.06,50.68,0,0,18-24,Prepaid_Daily,Mid_Range,4G+,2026-03-20
SUB7473507,0.75,0.03,0.02,0.07,56.59,0,0,35-44,Prepaid_Daily,Mid_Range,3G,2026-04-12
SUB8437693,2.41,1.45,0.37,0.04,140.15,1,0,45-54,Postpaid_Basic,Premium_Smartphone,5G,2026-03-28
SUB6137997,8.0,2.87,2.03,0.17,132.89,0,1,35-44,Postpaid_Premium,5G_Device,4G+,2026-03-28
SUB8270518,2.22,4.34,0.32,0.04,98.12,0,0,18-24,Postpaid_Premium,Mid_Range,5G,2026-04-02
SUB6511934,3.77,1.73,0.71,0.27,133.63,1,0,18-24,Postpaid_Premium,Premium_Smartphone,5G,2026-03-24
SUB9173321,3.82,0.34,0.76,0.02,78.94,0,0,35-44,Prepaid_Monthly,5G_Device,4G+,2026-04-15
SUB8899284,8.0,6.0,0.82,0.95,144.27,0,1,18-24,Postpaid_Unlimited,5G_Device,5G,2026-04-08
SUB2003171,0.64,0.62,0.01,0.56,132.75,1,0,35-44,Prepaid_Daily,Premium_Smartphone,4G+,2026-04-10
SUB8214938,0.11,0.27,0.07,0.28,41.09,0,1,18-24,Prepaid_Monthly,Basic_Phone,5G,2026-03-25
SUB3900737,0.04,0.12,0.03,0.05,20.66,0,0,55+,Prepaid_Monthly,Basic_Phone,5G,2026-04-15
SUB2370485,0.1,3.29,0.64,0.55,55.94,0,0,25-34,Prepaid_Daily,Mid_Range,5G,2026-03-30
SUB8045900,0.09,0.65,0.14,0.42,55.86,1,1,18-24,Prepaid_Monthly,Basic_Phone,4G,2026-04-10
SUB2681076,0.25,6.0,0.63,4.2,125.18,1,0,45-54,Postpaid_Basic,5G_Device,5G,2026-04-09
SUB9501598,1.33,0.37,0.01,0.64,10.42,0,1,25-34,Postpaid_Basic,Basic_Phone,4G+,2026-03-31
SUB6312399,0.11,2.34,0.07,0.0,23.73,0,0,25-34,Prepaid_Monthly,Basic_Phone,5G,2026-04-02
SUB1981883,0.02,0.34,0.13,0.0,29.63,0,0,45-54,Postpaid_Premium,Mid_Range,3G,2026-04-08
SUB2668321,1.08,1.28,0.29,2.26,45.29,0,0,25-34,Postpaid_Premium,Premium_Smartphone,3G,2026-04-17
SUB4293705,3.77,1.18,0.77,2.46,126.69,1,0,25-34,Prepaid_Monthly,Premium_Smartphone,4G,2026-03-21
SUB7154512,3.6,6.0,0.09,0.51,71.92,0,0,25-34,Prepaid_Monthly,Premium_Smartphone,4G,2026-03-27
SUB4759505,0.45,0.28,0.74,1.29,67.7,0,0,18-24,Prepaid_Monthly,5G_Device,4G,2026-03-21
SUB9415414,1.7,3.7,0.05,1.13,94.82,0,0,18-24,Prepaid_Daily,Premium_Smartphone,4G+,2026-04-05
SUB6418952,0.44,1.39,0.6,0.12,16.69,0,1,35-44,Postpaid_Premium,Basic_Phone,4G+,2026-03-30
SUB5609688,0.51,2.74,2.68,1.3,153.07,1,1,35-44,Prepaid_Daily,5G_Device,4G,2026-04-01
SUB5264423,4.53,2.39,1.53,3.41,178.64,1,1,25-34,Prepaid_Daily,5G_Device,5G,2026-04-12
SUB9181883,0.25,0.6,0.17,0.02,20.36,0,0,25-34,Prepaid_Daily,Basic_Phone,5G,2026-03-29
SUB9306681,0.17,0.46,0.65,0.06,42.11,0,0,55+,Postpaid_Premium,Mid_Range,4G,2026-04-12
SUB8170837,1.17,0.42,0.21,0.12,153.68,1,0,55+,Prepaid_Daily,5G_Device,4G+,2026-04-09
SUB2519603,0.39,2.52,0.5,0.43,29.25,0,0,25-34,Postpaid_Premium,Mid_Range,4G,2026-04-11
SUB2750740,0.46,1.47,0.03,0.5,95.7,0,0,45-54,Prepaid_Daily,Premium_Smartphone,4G+,2026-04-05
SUB1863403,3.15,6.0,0.48,0.14,91.14,0,0,35-44,Postpaid_Premium,5G_Device,5G,2026-03-26
SUB1885421,0.44,0.62,0.14,0.08,37.84,0,0,25-34,Postpaid_Unlimited,Basic_Phone,5G,2026-03-28
SUB5278384,2.17,0.97,0.03,0.01,121.12,1,0,18-24,Postpaid_Basic,Premium_Smartphone,5G,2026-03-20
SUB6495671,0.44,1.94,0.58,1.54,49.1,0,0,18-24,Postpaid_Premium,Mid_Range,4G,2026-04-08
SUB1978836,0.17,0.11,0.05,0.01,26.66,0,0,45-54,Postpaid_Premium,Basic_Phone,4G+,2026-04-02
SUB4223522,0.69,0.7,0.11,0.08,79.88,0,0,35-44,Postpaid_Premium,Premium_Smartphone,4G,2026-04-07
SUB3217181,2.51,0.93,0.94,1.03,34.91,0,0,35-44,Postpaid_Premium,Mid_Range,4G+,2026-03-22
SUB9568438,1.34,0.19,1.18,6.0,119.72,1,0,18-24,Prepaid_Monthly,Premium_Smartphone,5G,2026-04-04
SUB2556518,0.96,0.33,0.53,0.1,44.4,0,0,35-44,Postpaid_Basic,Mid_Range,4G,2026-03-27
SUB3659083,0.6,1.18,0.36,0.06,42.63,1,1,45-54,Postpaid_Unlimited,Basic_Phone,5G,2026-03-30
SUB5113640,0.48,0.03,0.04,0.02,34.31,0,0,45-54,Prepaid_Monthly,Basic_Phone,4G,2026-04-11
SUB5500398,8.0,6.0,1.27,3.07,175.55,1,0,18-24,Postpaid_Unlimited,5G_Device,5G,2026-04-01
SUB5877708,1.76,0.57,0.34,1.4,92.63,0,0,35-44,Postpaid_Basic,Mid_Range,5G,2026-03-20
SUB8880317,1.17,3.97,0.08,0.52,92.27,0,1,18-24,Postpaid_Basic,Mid_Range,5G,2026-04-06
SUB9281447,0.95,2.34,0.39,1.07,115.85,0,1,35-44,Postpaid_Premium,Premium_Smartphone,4G+,2026-04-01
SUB4895958,0.66,1.42,1.62,0.4,91.85,0,1,35-44,Postpaid_Premium,Premium_Smartphone,4G,2026-04-12
SUB8076042,0.33,0.12,0.27,0.11,21.49,0,0,18-24,Prepaid_Monthly,Basic_Phone,3G,2026-04-14
SUB9839765,0.23,0.49,0.38,0.34,146.27,0,0,45-54,Prepaid_Daily,5G_Device,5G,2026-03-20
SUB2265898,4.75,4.39,0.83,2.07,151.37,1,0,18-24,Postpaid_Premium,Tablet,5G,2026-04-03
SUB3120539,1.09,2.28,0.16,0.63,45.04,0,1,45-54,Postpaid_Unlimited,Mid_Range,3G,2026-03-26
SUB1880412,1.74,0.85,1.85,0.39,98.94,0,1,25-34,Postpaid_Basic,Mid_Range,5G,2026-04-01
SUB6947148,1.24,0.13,0.36,0.02,147.58,0,0,35-44,Prepaid_Daily,5G_Device,5G,2026-03-28
SUB4231185,0.14,0.2,0.02,0.37,23.37,0,0,55+,Prepaid_Monthly,Mid_Range,3G,2026-04-14
SUB8319764,5.81,0.51,2.1,0.31,109.24,1,0,25-34,Postpaid_Unlimited,5G_Device,4G,2026-03-23
SUB9706483,0.15,0.1,0.04,0.79,22.71,0,1,25-34,Prepaid_Daily,Basic_Phone,3G,2026-04-04
SUB6923098,2.18,0.37,0.94,0.62,81.48,0,0,25-34,Postpaid_Basic,Premium_Smartphone,4G,2026-03-28
SUB2228337,0.57,0.81,0.93,0.28,98.81,0,1,18-24,Prepaid_Daily,Tablet,5G,2026-03-26
SUB1484814,1.61,0.24,0.0,0.08,43.1,0,0,35-44,Prepaid_Monthly,Mid_Range,3G,2026-04-09
SUB9359922,0.28,1.96,0.67,0.17,41.94,0,1,35-44,Prepaid_Monthly,Mid_Range,4G,2026-04-11
SUB4690583,0.27,0.86,0.07,0.31,160.39,0,0,55+,Prepaid_Monthly,Premium_Smartphone,5G,2026-04-06
SUB2599908,8.0,0.91,0.42,0.85,90.86,0,0,45-54,Postpaid_Premium,5G_Device,4G+,2026-03-29
SUB3164412,2.89,2.69,0.17,0.18,68.35,0,0,25-34,Prepaid_Monthly,Mid_Range,5G,2026-04-15
SUB6309792,1.2,2.21,0.02,0.08,91.61,1,0,35-44,Prepaid_Monthly,5G_Device,3G,2026-03-25
SUB3353847,3.31,1.32,0.74,0.11,118.43,1,0,45-54,Postpaid_Basic,Premium_Smartphone,4G+,2026-03-22
SUB3892478,8.0,2.12,0.29,0.03,74.09,0,0,25-34,Postpaid_Unlimited,Tablet,4G,2026-03-24
SUB2984117,2.43,4.75,1.37,0.5,75.09,0,1,18-24,Postpaid_Premium,Premium_Smartphone,4G,2026-04-10
SUB6949852,0.22,0.15,0.16,0.05,46.44,0,1,25-34,Prepaid_Daily,Premium_Smartphone,3G,2026-04-09
SUB1029725,4.02,0.12,0.31,0.09,106.01,0,0,45-54,Prepaid_Daily,5G_Device,4G+,2026-03-23
SUB1888036,1.96,0.36,0.21,0.26,48.88,0,0,35-44,Postpaid_Basic,Mid_Range,4G,2026-03-25
SUB3971783,1.15,5.69,3.06,1.73,100.96,0,0,35-44,Postpaid_Unlimited,5G_Device,4G+,2026-04-04
SUB3662761,1.23,0.84,0.61,0.4,47.19,0,0,18-24,Prepaid_Monthly,Mid_Range,4G,2026-04-14
SUB7524559,0.05,0.19,0.01,0.04,18.66,0,0,55+,Prepaid_Monthly,Basic_Phone,4G,2026-03-25
SUB3513024,0.65,0.58,2.22,0.6,50.02,0,0,25-34,Postpaid_Premium,Premium_Smartphone,3G,2026-03-22
SUB3398083,0.72,0.61,0.02,0.5,51.51,1,0,35-44,Postpaid_Basic,Mid_Range,4G,2026-04-05
SUB7536295,8.0,1.44,4.0,0.19,116.78,1,0,18-24,Postpaid_Basic,5G_Device,4G+,2026-04-06
SUB4909439,0.55,1.63,3.28,0.02,63.69,0,0,18-24,Prepaid_Daily,5G_Device,3G,2026-04-03
SUB6627745,0.48,0.73,0.08,0.05,59.71,0,0,45-54,Prepaid_Daily,Mid_Range,4G,2026-03-30
SUB4911146,0.06,0.19,0.02,0.02,8.83,0,0,55+,Prepaid_Monthly,Basic_Phone,5G,2026-03-21
SUB2707017,1.17,0.89,0.62,2.42,61.61,0,1,25-34,Prepaid_Monthly,Premium_Smartphone,3G,2026-03-28
SUB1689556,1.49,4.0,4.0,1.18,72.24,0,0,18-24,Postpaid_Unlimited,5G_Device,4G,2026-04-17
SUB8288538,4.18,1.67,0.32,0.19,98.04,0,1,25-34,Prepaid_Daily,5G_Device,4G,2026-03-26
SUB3253722,0.85,0.72,0.23,1.96,69.51,0,1,18-24,Postpaid_Basic,Mid_Range,5G,2026-03-21
SUB2649729,0.28,1.7,0.16,2.27,65.75,0,1,18-24,Postpaid_Basic,Tablet,3G,2026-04-13
SUB2116271,0.31,0.46,0.38,0.08,49.85,0,1,45-54,Prepaid_Monthly,Mid_Range,4G+,2026-04-04
SUB4099555,0.08,0.43,0.0,0.73,79.11,0,0,55+,Postpaid_Unlimited,Mid_Range,5G,2026-03-24
SUB6683797,2.61,2.44,0.1,0.16,34.02,0,0,18-24,Postpaid_Premium,Mid_Range,4G,2026-03-25
SUB2681641,0.75,2.72,0.33,0.31,76.42,1,0,35-44,Postpaid_Unlimited,Mid_Range,4G,2026-03-29
SUB1516409,1.2,0.27,1.23,0.68,118.78,0,0,25-34,Prepaid_Daily,Premium_Smartphone,4G+,2026-03-21
SUB1666165,0.52,2.09,0.06,0.63,96.66,1,0,18-24,Prepaid_Daily,Premium_Smartphone,4G,2026-03-24
SUB3788363,2.4,1.1,1.58,4.55,99.39,0,1,18-24,Prepaid_Daily,5G_Device,4G,2026-04-11
SUB5476321,0.4,0.86,0.45,0.27,109.71,1,1,35-44,Prepaid_Monthly,Premium_Smartphone,3G,2026-03-25
SUB4710388,0.16,2.3,2.6,0.01,54.24,1,1,18-24,Prepaid_Monthly,Mid_Range,4G,2026-04-07
SUB4235192,2.08,0.92,1.38,0.14,52.78,0,0,25-34,Postpaid_Unlimited,Premium_Smartphone,4G,2026-03-27
SUB2935090,0.95,0.18,0.0,0.17,15.74,0,1,18-24,Prepaid_Monthly,Basic_Phone,4G,2026-03-23
SUB4937270,4.27,2.76,0.07,6.0,116.17,0,0,25-34,Postpaid_Unlimited,Premium_Smartphone,5G,2026-04-02
SUB7739013,0.66,3.78,0.36,0.3,56.73,0,1,18-24,Postpaid_Basic,Mid_Range,5G,2026-03-28
SUB8089975,0.35,0.52,0.63,0.06,29.42,0,1,45-54,Postpaid_Basic,Basic_Phone,4G,2026-04-03
SUB9805586,2.3,0.97,0.02,0.71,31.27,0,1,35-44,Prepaid_Monthly,Mid_Range,3G,2026-03-25
SUB2033316,1.87,2.05,0.32,0.19,125.3,0,1,45-54,Prepaid_Daily,5G_Device,5G,2026-04-01
SUB5819075,5.96,1.49,0.15,0.04,97.17,0,0,25-34,Postpaid_Unlimited,Premium_Smartphone,4G,2026-04-13
SUB5742297,1.87,0.09,0.99,0.34,88.56,0,0,25-34,Prepaid_Daily,5G_Device,4G+,2026-04-17
SUB4868452,2.32,3.74,0.15,1.28,108.24,0,1,25-34,Postpaid_Premium,Mid_Range,5G,2026-04-07
SUB9074037,1.49,1.66,4.0,0.38,93.52,0,1,18-24,Postpaid_Basic,Tablet,4G,2026-04-12
SUB2312743,4.59,1.8,0.44,0.03,45.04,0,0,35-44,Postpaid_Unlimited,Mid_Range,4G,2026-04-06
SUB8420105,1.99,1.29,0.64,0.23,75.61,0,0,25-34,Postpaid_Premium,5G_Device,4G,2026-04-09
SUB1104195,0.07,0.64,0.3,0.17,32.5,0,0,25-34,Prepaid_Monthly,Mid_Range,4G,2026-04-02
SUB8008443,1.01,0.24,0.1,1.07,69.81,0,0,35-44,Postpaid_Basic,Mid_Range,5G,2026-04-09
SUB6276728,0.46,2.97,1.58,0.27,113.64,0,0,25-34,Prepaid_Daily,5G_Device,5G,2026-03-28
SUB5101036,0.98,0.74,0.16,0.13,57.1,0,0,55+,Postpaid_Basic,5G_Device,4G,2026-04-14
SUB3165251,2.46,3.52,0.17,0.08,82.77,0,0,25-34,Prepaid_Daily,5G_Device,5G,2026-03-29
SUB8303693,0.57,0.42,0.12,0.57,19.9,0,0,35-44,Prepaid_Monthly,Mid_Range,3G,2026-04-06
SUB4214850,0.24,1.55,0.15,1.18,41.98,0,0,25-34,Prepaid_Daily,Premium_Smartphone,3G,2026-03-29
SUB8983439,0.93,0.21,0.39,0.08,59.97,0,1,55+,Postpaid_Unlimited,Mid_Range,4G,2026-04-16
SUB9874883,1.44,0.54,0.17,0.32,51.61,0,0,25-34,Postpaid_Basic,Basic_Phone,5G,2026-03-19
SUB9687479,3.22,3.86,1.12,1.2,191.35,1,0,35-44,Postpaid_Unlimited,5G_Device,5G,2026-04-02
SUB9268541,0.05,0.44,0.18,0.06,87.64,0,1,18-24,Prepaid_Daily,Premium_Smartphone,4G,2026-04-10
SUB3949281,1.68,2.14,0.35,0.63,100.61,0,0,35-44,Postpaid_Basic,Tablet,5G,2026-04-03
SUB8356061,2.55,0.6,0.15,0.55,48.15,1,0,25-34,Prepaid_Monthly,Mid_Range,3G,2026-04-15
SUB2294929,3.15,1.71,0.3,2.36,95.05,0,1,25-34,Prepaid_Monthly,Tablet,4G,2026-04-13
SUB3504594,1.78,4.06,0.12,0.06,149.63,1,0,45-54,Postpaid_Unlimited,Premium_Smartphone,5G,2026-04-13
SUB2243294,0.54,0.24,0.04,0.42,96.62,0,0,55+,Postpaid_Unlimited,Premium_Smartphone,4G,2026-03-20
SUB4567675,0.12,1.23,0.01,0.02,42.16,0,0,25-34,Prepaid_Monthly,Mid_Range,4G,2026-04-05
SUB8711634,1.54,1.04,0.22,0.76,60.17,0,0,45-54,Postpaid_Unlimited,5G_Device,3G,2026-04-07
SUB3414802,7.44,3.11,1.6,0.76,116.75,1,0,18-24,Postpaid_Premium,5G_Device,4G,2026-03-31
SUB1443031,0.74,1.4,0.87,0.11,132.35,1,1,45-54,Postpaid_Unlimited,Mid_Range,5G,2026-04-10
SUB7444345,1.42,1.23,0.82,0.15,161.17,1,0,35-44,Postpaid_Basic,Premium_Smartphone,5G,2026-03-28
SUB3790373,2.9,1.33,0.09,0.16,60.25,0,0,25-34,Postpaid_Unlimited,Mid_Range,4G+,2026-04-08
SUB4916643,2.05,0.15,0.08,0.72,51.03,0,0,45-54,Postpaid_Unlimited,Premium_Smartphone,3G,2026-04-16
SUB8061183,0.47,0.83,0.76,0.17,140.35,1,0,45-54,Prepaid_Daily,Tablet,4G+,2026-03-21
SUB4287058,0.22,0.7,0.09,0.11,46.06,0,0,25-34,Prepaid_Monthly,Mid_Range,4G,2026-04-02
SUB6510493,0.49,0.8,0.02,0.1,99.78,0,0,45-54,Prepaid_Monthly,Premium_Smartphone,4G+,2026-04-01
SUB1290998,1.39,0.67,0.28,0.07,38.8,0,0,18-24,Postpaid_Basic,Mid_Range,4G+,2026-04-03
SUB5855920,0.98,0.39,0.45,2.72,49.62,0,0,45-54,Postpaid_Premium,Premium_Smartphone,4G,2026-04-09
SUB2828022,1.32,2.39,0.48,0.57,57.61,0,0,35-44,Postpaid_Premium,5G_Device,3G,2026-04-16
SUB7367712,4.71,1.43,0.49,0.96,66.02,1,0,18-24,Postpaid_Premium,Mid_Range,4G,2026-04-10
SUB2409854,0.52,0.13,0.05,0.11,11.18,0,0,35-44,Prepaid_Monthly,Basic_Phone,4G,2026-04-01
SUB8997043,0.31,0.92,0.09,0.02,101.49,0,0,35-44,Prepaid_Daily,5G_Device,4G,2026-04-17
SUB1181360,0.17,0.35,0.4,1.14,60.21,0,0,35-44,Prepaid_Monthly,Premium_Smartphone,4G,2026-04-07
SUB3444026,1.6,1.44,0.2,0.61,59.82,0,0,25-34,Postpaid_Premium,Mid_Range,4G,2026-03-24
SUB3515419,0.03,0.46,0.09,0.02,38.3,0,0,25-34,Prepaid_Daily,Mid_Range,3G,2026-04-02
SUB6532410,0.38,0.24,0.05,0.15,39.95,1,0,45-54,Prepaid_Monthly,Basic_Phone,5G,2026-03-29
SUB5138286,1.04,0.62,0.07,0.0,36.99,0,0,25-34,Prepaid_Monthly,Mid_Range,4G,2026-04-15
SUB9333100,2.58,1.0,0.11,0.02,114.79,0,1,25-34,Prepaid_Daily,Premium_Smartphone,4G,2026-04-06
SUB7893728,1.67,3.0,0.32,0.35,33.66,1,0,35-44,Prepaid_Monthly,Mid_Range,3G,2026-04-07
SUB4584197,4.9,3.39,0.26,0.15,73.56,0,0,18-24,Prepaid_Daily,Premium_Smartphone,4G+,2026-03-22
SUB1311955,0.43,1.17,0.69,0.01,38.78,1,0,35-44,Postpaid_Unlimited,Basic_Phone,5G,2026-03-26
SUB3127599,0.52,0.51,0.17,0.09,53.65,0,0,35-44,Prepaid_Daily,Mid_Range,4G,2026-03-21
SUB5933594,1.37,0.34,0.22,0.51,38.69,0,0,35-44,Postpaid_Unlimited,Basic_Phone,5G,2026-04-17
SUB5835451,0.37,0.55,1.3,0.71,73.09,1,0,25-34,Prepaid_Daily,Premium_Smartphone,3G,2026-04-14
SUB5382794,0.67,4.88,0.6,0.09,59.25,0,0,25-34,Postpaid_Unlimited,Mid_Range,5G,2026-03-27
SUB8323494,0.79,2.34,1.16,2.22,92.77,0,0,25-34,Postpaid_Basic,Tablet,4G,2026-04-12
SUB7699144,0.62,0.27,0.29,0.09,33.42,0,1,45-54,Postpaid_Premium,Mid_Range,3G,2026-04-16
SUB5698713,0.85,1.45,0.04,0.42,35.52,0,0,18-24,Postpaid_Unlimited,Mid_Range,4G,2026-04-11
SUB8867791,0.1,0.29,0.09,0.01,55.65,0,0,55+,Postpaid_Basic,Premium_Smartphone,4G,2026-04-04
SUB4790328,0.26,2.1,1.51,0.14,70.91,0,1,35-44,Postpaid_Unlimited,Mid_Range,5G,2026-04-10
SUB6289730,3.64,0.29,1.1,0.31,138.3,0,0,45-54,Postpaid_Basic,5G_Device,5G,2026-04-08
SUB5437610,6.74,2.71,4.0,2.72,156.1,1,1,25-34,Postpaid_Premium,5G_Device,5G,2026-04-15
SUB4239536,0.25,0.2,0.14,0.55,24.01,0,0,25-34,Prepaid_Monthly,Basic_Phone,4G+,2026-03-22
SUB3326133,2.74,1.35,0.22,0.43,127.97,0,0,55+,Postpaid_Unlimited,Premium_Smartphone,5G,2026-03-27
SUB8948140,8.0,6.0,0.12,1.27,81.0,0,0,18-24,Postpaid_Premium,Premium_Smartphone,4G,2026-04-15
SUB6720626,0.45,0.83,0.6,0.28,110.23,0,0,18-24,Prepaid_Daily,Tablet,4G+,2026-04-16
SUB7221714,2.3,0.59,2.13,0.27,104.23,1,0,25-34,Postpaid_Basic,Mid_Range,4G+,2026-03-19
SUB7374825,0.16,0.64,0.03,0.08,79.08,0,0,55+,Postpaid_Unlimited,Mid_Range,5G,2026-04-12
SUB6005858,2.69,4.18,0.75,1.37,115.84,1,0,35-44,Postpaid_Premium,Premium_Smartphone,4G+,2026-03-24
SUB8028722,1.45,6.0,2.48,1.22,113.58,1,1,35-44,Postpaid_Unlimited,Mid_Range,4G+,2026-03-26
SUB9221252,1.51,0.21,0.18,0.01,81.78,0,0,35-44,Prepaid_Monthly,5G_Device,4G,2026-03-28
SUB9975708,2.36,5.96,0.17,1.19,63.57,1,0,25-34,Prepaid_Monthly,5G_Device,4G,2026-04-10
SUB4415871,0.26,0.13,0.1,0.15,18.44,0,0,45-54,Postpaid_Basic,Basic_Phone,4G,2026-03-26
SUB2877971,5.73,0.89,0.16,1.47,155.12,0,1,25-34,Prepaid_Monthly,5G_Device,4G+,2026-04-14
SUB8997488,1.32,0.23,0.28,0.87,59.61,0,0,45-54,Prepaid_Monthly,5G_Device,3G,2026-04-11
SUB7814612,2.85,1.26,0.13,0.5,194.9,0,1,25-34,Postpaid_Basic,5G_Device,5G,2026-04-10
SUB5963401,1.27,1.56,0.04,0.99,106.05,1,0,25-34,Prepaid_Daily,5G_Device,4G+,2026-04-10
SUB3866757,2.69,0.62,1.96,1.42,173.65,1,0,25-34,Prepaid_Monthly,Premium_Smartphone,4G+,2026-03-22
SUB6913318,0.65,0.67,0.3,0.1,23.46,0,0,25-34,Prepaid_Daily,Basic_Phone,5G,2026-03-28
SUB7741286,5.56,6.0,3.09,0.07,95.58,1,1,35-44,Postpaid_Premium,5G_Device,4G,2026-04-02
SUB2577969,2.33,1.22,0.68,0.29,43.87,0,0,25-34,Prepaid_Monthly,Mid_Range,4G,2026-03-21
SUB4651387,0.25,0.74,0.16,0.02,29.97,0,1,18-24,Prepaid_Monthly,Basic_Phone,4G+,2026-03-30
SUB2711672,0.79,1.15,0.73,0.38,63.95,0,1,25-34,Postpaid_Basic,Mid_Range,4G+,2026-04-14
SUB6905950,1.82,1.04,3.19,0.44,136.97,0,0,35-44,Prepaid_Daily,Premium_Smartphone,5G,2026-03-30
SUB4212883,0.98,5.64,1.39,0.12,57.17,0,0,18-24,Postpaid_Unlimited,Mid_Range,4G+,2026-04-11
SUB4028631,2.38,1.49,0.23,0.14,78.27,1,0,35-44,Prepaid_Monthly,5G_Device,3G,2026-04-11
SUB8232212,1.73,0.42,0.24,1.2,92.42,0,0,25-34,Postpaid_Unlimited,Premium_Smartphone,5G,2026-04-02
SUB7423959,0.39,1.85,1.31,0.12,43.06,0,0,25-34,Postpaid_Basic,Mid_Range,4G,2026-04-02
SUB7984297,8.0,5.82,1.39,0.38,104.47,1,0,25-34,Postpaid_Unlimited,Mid_Range,5G,2026-04-13
SUB5024733,1.09,0.17,0.2,0.05,21.56,1,0,55+,Prepaid_Monthly,Mid_Range,3G,2026-04-14
SUB5859221,0.26,0.02,0.3,0.01,26.19,1,0,35-44,Prepaid_Daily,Basic_Phone,4G,2026-04-05
SUB4801250,2.3,2.73,2.64,0.19,77.66,1,0,25-34,Postpaid_Premium,Mid_Range,4G+,2026-04-15
SUB1019675,0.27,0.08,0.05,0.18,49.64,1,0,35-44,Prepaid_Monthly,Basic_Phone,5G,2026-04-06
SUB9462605,1.88,4.95,1.32,1.1,193.1,1,1,45-54,Postpaid_Premium,5G_Device,4G+,2026-04-15
SUB1486799,0.93,1.08,0.16,0.88,180.66,1,0,25-34,Prepaid_Monthly,Premium_Smartphone,5G,2026-04-15
SUB7810805,1.49,2.21,1.11,0.03,64.19,0,0,45-54,Postpaid_Premium,Premium_Smartphone,4G,2026-04-01
SUB3238057,2.66,1.78,0.98,1.98,55.73,0,0,18-24,Postpaid_Unlimited,Mid_Range,4G,2026-03-30
SUB5464344,0.78,0.13,0.41,0.31,105.2,1,0,45-54,Postpaid_Unlimited,Mid_Range,4G+,2026-04-03
SUB1566088,0.68,0.94,1.05,0.76,177.26,0,1,25-34,Prepaid_Monthly,Premium_Smartphone,5G,2026-03-20
SUB7558947,1.61,0.86,1.27,1.97,150.13,0,1,18-24,Prepaid_Monthly,Premium_Smartphone,4G+,2026-04-10
SUB1658003,0.54,0.69,1.29,0.0,42.81,1,0,25-34,Postpaid_Unlimited,Mid_Range,3G,2026-04-05
SUB1805113,1.24,0.52,0.03,0.17,49.63,0,0,55+,Postpaid_Unlimited,Mid_Range,4G,2026-04-01
SUB6028035,0.65,3.03,1.4,0.04,88.2,0,1,45-54,Prepaid_Daily,5G_Device,4G+,2026-04-17
SUB5034464,0.89,0.17,0.2,0.07,51.5,1,1,35-44,Postpaid_Basic,Mid_Range,3G,2026-03-27
SUB3092101,0.07,0.32,0.3,0.06,21.3,1,0,18-24,Prepaid_Daily,Basic_Phone,4G,2026-04-07
SUB6995134,0.57,0.3,0.08,1.54,23.86,0,0,25-34,Postpaid_Unlimited,Basic_Phone,4G,2026-04-13
SUB9503967,1.91,1.99,0.18,0.24,68.92,0,0,25-34,Prepaid_Daily,5G_Device,5G,2026-04-07
SUB7208714,0.34,2.24,0.34,0.46,83.95,0,0,18-24,Postpaid_Basic,5G_Device,4G,2026-04-04
SUB7762126,1.44,6.0,0.04,0.17,94.41,1,1,25-34,Postpaid_Premium,Mid_Range,5G,2026-04-11
SUB7342057,0.4,3.25,0.12,0.33,105.51,1,1,45-54,Postpaid_Unlimited,Mid_Range,4G+,2026-03-21
SUB4541483,1.05,1.68,0.19,0.59,72.75,0,0,35-44,Postpaid_Premium,Premium_Smartphone,4G,2026-04-12
SUB2512760,3.53,1.53,0.95,0.8,70.95,1,0,18-24,Prepaid_Monthly,Mid_Range,4G,2026-03-21
SUB4557689,0.36,1.53,0.09,0.07,35.01,0,0,35-44,Postpaid_Basic,Mid_Range,3G,2026-03-22
SUB2863236,0.63,1.94,0.02,0.04,51.12,0,1,55+,Postpaid_Unlimited,Mid_Range,4G,2026-04-13
SUB8863426,0.33,0.81,0.18,0.15,39.62,0,1,35-44,Postpaid_Premium,Basic_Phone,4G,2026-04-13
SUB1450930,2.02,1.61,1.58,1.12,70.1,1,0,35-44,Postpaid_Premium,5G_Device,4G,2026-03-19
SUB8402324,1.51,1.8,0.68,0.13,91.4,1,0,55+,Postpaid_Premium,Premium_Smartphone,4G,2026-04-13
SUB8946232,3.04,2.24,0.96,0.46,106.83,1,0,45-54,Prepaid_Monthly,5G_Device,4G,2026-03-29
SUB4498408,3.07,1.0,4.0,1.0,160.81,0,1,18-24,Postpaid_Premium,Premium_Smartphone,5G,2026-04-08
SUB6403252,7.86,3.25,1.88,3.04,146.7,0,1,25-34,Prepaid_Monthly,Tablet,4G+,2026-04-10
SUB1091006,0.91,0.34,0.0,0.04,101.48,1,0,55+,Prepaid_Monthly,Tablet,4G,2026-03-31
SUB5151785,3.7,2.86,2.58,0.11,94.9,1,0,25-34,Postpaid_Unlimited,Mid_Range,5G,2026-03-24
SUB1688725,0.76,0.07,0.39,0.35,48.66,0,0,18-24,Prepaid_Daily,Mid_Range,4G,2026-04-13
SUB1206487,2.26,2.01,0.7,0.25,71.9,0,0,25-34,Prepaid_Monthly,5G_Device,3G,2026-03-19
SUB7389308,3.34,1.12,0.52,0.53,80.67,0,0,35-44,Prepaid_Monthly,5G_Device,4G,2026-04-07
SUB4637820,0.22,0.21,0.09,0.02,151.03,0,0,55+,Prepaid_Daily,5G_Device,5G,2026-04-09
SUB4284321,3.07,6.0,0.55,1.64,90.57,0,1,25-34,Postpaid_Premium,Premium_Smartphone,4G,2026-03-30
SUB8018523,1.73,1.02,0.13,0.89,77.68,0,1,25-34,Postpaid_Premium,Premium_Smartphone,3G,2026-04-17
SUB1678841,0.04,1.95,0.23,0.72,55.67,0,1,45-54,Prepaid_Daily,Mid_Range,4G+,2026-03-27
SUB6420712,0.61,1.17,0.3,0.35,52.42,1,0,25-34,Postpaid_Basic,Mid_Range,3G,2026-04-01
SUB4452501,2.45,2.65,0.04,0.75,92.58,1,0,18-24,Postpaid_Basic,5G_Device,4G,2026-04-01
SUB9433840,0.31,1.01,0.11,0.03,175.99,1,0,55+,Prepaid_Daily,Tablet,5G,2026-03-30
SUB3445840,0.12,0.28,0.01,0.04,28.09,0,0,25-34,Postpaid_Premium,Basic_Phone,4G,2026-04-03
SUB6451973,0.63,1.86,0.14,0.78,41.38,0,0,25-34,Prepaid_Monthly,Premium_Smartphone,3G,2026-03-19
SUB2379904,3.54,2.4,0.06,0.39,53.05,0,0,35-44,Postpaid_Premium,Premium_Smartphone,4G,2026-03-26
SUB8353172,1.83,1.47,0.3,0.13,83.76,0,1,18-24,Prepaid_Daily,Mid_Range,5G,2026-04-02
SUB2437188,0.48,1.37,0.04,0.44,121.72,1,0,55+,Prepaid_Monthly,5G_Device,4G,2026-04-12
SUB2656321,0.68,2.03,0.83,0.09,105.88,1,0,25-34,Prepaid_Daily,Premium_Smartphone,5G,2026-04-04
SUB1538645,1.0,0.38,0.07,0.61,71.43,0,0,25-34,Prepaid_Daily,Mid_Range,4G+,2026-04-14
SUB6354552,7.12,5.98,3.14,3.36,65.8,1,0,18-24,Postpaid_Unlimited,Mid_Range,4G+,2026-03-22
SUB5525121,0.78,0.3,0.02,0.06,36.28,0,0,25-34,Prepaid_Daily,Mid_Range,4G,2026-04-08
SUB6832801,1.13,0.31,0.02,0.58,54.53,0,0,45-54,Prepaid_Daily,Mid_Range,5G,2026-04-13
SUB7911855,2.75,1.02,0.02,0.31,6.8,0,1,45-54,Postpaid_Unlimited,Basic_Phone,4G,2026-03-20
SUB7550091,0.8,0.81,0.18,0.61,83.83,0,1,55+,Postpaid_Basic,Mid_Range,4G+,2026-03-29
SUB8790574,1.41,0.53,0.75,0.06,99.95,0,1,25-34,Prepaid_Daily,Premium_Smartphone,4G+,2026-03-28
SUB4366823,2.66,2.5,0.13,0.73,152.65,1,1,35-44,Postpaid_Unlimited,Premium_Smartphone,4G,2026-03-26
SUB8370683,1.78,3.19,0.83,1.36,163.4,1,0,25-34,Prepaid_Daily,Premium_Smartphone,5G,2026-03-24
SUB3167354,0.97,6.0,1.36,0.05,141.8,1,0,45-54,Postpaid_Premium,5G_Device,4G+,2026-03-22
SUB7439522,0.34,0.35,0.16,0.67,69.96,0,0,35-44,Prepaid_Daily,5G_Device,4G,2026-04-11
SUB6047999,3.47,2.06,2.9,6.0,127.16,0,1,25-34,Postpaid_Basic,5G_Device,5G,2026-03-23
SUB5385010,0.61,0.8,0.1,3.06,65.37,0,0,25-34,Postpaid_Basic,Mid_Range,5G,2026-04-10
SUB5818750,1.0,0.63,0.62,0.35,83.18,1,0,25-34,Prepaid_Monthly,Mid_Range,4G+,2026-04-07
SUB5991536,1.15,0.22,0.03,0.09,52.07,0,0,35-44,Postpaid_Basic,Mid_Range,4G,2026-03-27
SUB4471750,0.09,0.06,0.07,0.17,62.65,0,0,55+,Postpaid_Basic,Premium_Smartphone,4G+,2026-04-16
SUB5475156,4.51,1.6,1.49,2.3,122.09,0,0,18-24,Postpaid_Premium,5G_Device,5G,2026-04-03
SUB3765331,1.32,6.0,0.12,0.11,58.59,0,0,18-24,Postpaid_Unlimited,Premium_Smartphone,4G,2026-04-07
SUB9070297,6.13,5.44,0.34,0.09,160.47,1,0,18-24,Postpaid_Basic,Premium_Smartphone,5G,2026-03-20
SUB9976766,0.89,0.77,0.12,0.22,71.25,0,0,45-54,Postpaid_Basic,Premium_Smartphone,4G,2026-03-30
SUB3630723,0.66,3.1,2.23,0.0,55.8,0,0,25-34,Postpaid_Basic,Premium_Smartphone,4G,2026-03-28
SUB1865139,3.46,0.45,1.94,0.03,127.94,0,0,18-24,Postpaid_Premium,Tablet,5G,2026-03-29
SUB8543159,2.11,4.13,0.0,0.04,102.24,0,0,25-34,Prepaid_Monthly,5G_Device,4G+,2026-03-24
SUB6384935,3.5,6.0,0.87,3.0,109.93,1,0,35-44,Postpaid_Basic,5G_Device,4G+,2026-03-20
SUB3901717,0.65,2.97,1.17,1.5,100.1,1,0,25-34,Postpaid_Basic,Premium_Smartphone,4G,2026-04-17
SUB7285939,1.77,0.45,0.37,1.68,45.55,0,1,35-44,Postpaid_Unlimited,Mid_Range,4G,2026-03-29
SUB7816525,0.16,0.12,0.03,0.09,39.17,0,0,25-34,Postpaid_Basic,Basic_Phone,4G+,2026-04-13
SUB3211738,0.43,0.41,0.15,0.31,30.61,0,0,25-34,Prepaid_Monthly,Basic_Phone,4G+,2026-04-02
SUB6692796,0.24,1.95,0.24,0.3,45.9,0,1,18-24,Postpaid_Basic,Basic_Phone,4G+,2026-04-11
SUB9678376,6.45,6.0,1.88,0.25,129.78,1,1,18-24,Postpaid_Premium,Tablet,4G,2026-04-05
SUB7822567,1.16,1.62,1.18,0.01,55.79,0,1,25-34,Postpaid_Unlimited,Mid_Range,5G,2026-04-01
SUB3639929,1.12,1.7,1.59,0.6,55.16,0,1,25-34,Postpaid_Premium,Mid_Range,4G+,2026-03-31
SUB4133211,0.37,1.0,0.16,0.15,53.76,0,0,35-44,Postpaid_Unlimited,Premium_Smartphone,3G,2026-03-30
SUB8440449,0.71,2.16,0.46,1.15,56.0,0,0,18-24,Prepaid_Monthly,Premium_Smartphone,4G,2026-04-07
SUB2726199,5.22,1.16,0.13,6.0,143.47,1,1,18-24,Postpaid_Basic,5G_Device,4G+,2026-04-06
SUB6071915,0.55,0.14,0.02,0.02,16.59,1,0,45-54,Postpaid_Premium,Basic_Phone,4G,2026-04-06
SUB1443945,3.69,0.01,0.31,0.08,77.7,0,0,35-44,Prepaid_Monthly,Tablet,4G,2026-03-22
SUB8382003,0.56,1.04,0.22,0.03,54.59,0,0,35-44,Prepaid_Monthly,Mid_Range,4G,2026-03-19
SUB7310114,1.92,0.96,0.37,0.47,81.33,1,0,45-54,Postpaid_Premium,Tablet,4G,2026-04-11
SUB1021253,0.7,0.99,0.64,2.56,104.98,0,1,25-34,Postpaid_Premium,Premium_Smartphone,4G,2026-04-11
SUB4603110,0.34,0.4,0.22,1.52,58.26,0,0,45-54,Postpaid_Unlimited,Premium_Smartphone,3G,2026-04-03
SUB3276787,0.6,1.02,0.99,0.12,36.65,0,1,25-34,Postpaid_Unlimited,Mid_Range,4G,2026-03-22
SUB8690840,0.48,3.5,0.06,0.66,58.38,0,0,18-24,Prepaid_Monthly,Premium_Smartphone,4G+,2026-03-19
SUB7501553,0.28,1.18,0.65,0.49,53.9,0,0,25-34,Postpaid_Unlimited,Premium_Smartphone,3G,2026-04-13
SUB2274634,0.32,0.49,0.22,0.05,15.87,0,0,25-34,Prepaid_Daily,Basic_Phone,4G,2026-04-09
SUB3755063,0.38,1.45,0.39,0.19,24.36,0,1,25-34,Postpaid_Premium,Basic_Phone,4G,2026-04-09
SUB2228807,1.12,0.27,0.35,0.3,115.14,0,0,25-34,Prepaid_Monthly,Tablet,5G,2026-03-24
SUB9511383,1.63,0.08,0.47,0.24,92.99,1,0,25-34,Prepaid_Monthly,Premium_Smartphone,4G,2026-03-31
SUB6163515,8.0,6.0,1.08,1.25,110.31,1,0,18-24,Postpaid_Unlimited,5G_Device,4G,2026-03-29
SUB8601748,0.05,2.73,0.41,1.87,107.39,1,1,18-24,Prepaid_Monthly,Premium_Smartphone,3G,2026-03-29
SUB5463158,6.81,4.6,0.89,1.68,58.71,1,0,18-24,Postpaid_Premium,Mid_Range,4G+,2026-03-19
SUB9803208,0.08,0.52,0.38,0.2,56.8,0,0,18-24,Prepaid_Daily,Mid_Range,5G,2026-03-20
SUB7181422,0.68,1.84,0.11,0.1,95.44,0,0,25-34,Prepaid_Daily,Tablet,4G,2026-03-27
SUB3269070,1.83,0.61,1.14,0.04,80.04,0,0,35-44,Prepaid_Monthly,Premium_Smartphone,4G+,2026-04-17
SUB5413359,0.42,1.07,0.26,0.11,38.41,1,0,18-24,Postpaid_Basic,Mid_Range,3G,2026-04-13
SUB8640167,0.22,4.56,0.28,0.6,85.44,0,1,45-54,Prepaid_Monthly,Premium_Smartphone,4G,2026-04-15
SUB3831569,0.11,0.25,0.08,0.0,30.02,1,1,45-54,Prepaid_Monthly,Basic_Phone,4G,2026-04-16
SUB8322153,2.65,1.25,0.94,0.78,112.86,1,0,25-34,Postpaid_Premium,5G_Device,4G,2026-04-15
SUB3519507,0.41,1.34,0.04,0.31,19.1,1,0,35-44,Prepaid_Daily,Basic_Phone,5G,2026-04-14
SUB2256715,2.29,2.88,0.09,0.57,45.6,0,0,25-34,Prepaid_Monthly,Mid_Range,4G,2026-04-06
SUB9468865,1.66,1.87,0.99,0.01,18.64,0,0,18-24,Postpaid_Unlimited,Basic_Phone,5G,2026-04-04
SUB2526534,1.16,0.42,0.04,0.13,67.34,1,0,55+,Prepaid_Monthly,Mid_Range,4G,2026-04-07
SUB1824143,2.22,1.7,0.19,0.01,62.11,0,0,18-24,Prepaid_Monthly,Premium_Smartphone,3G,2026-03-26
SUB8346562,1.9,1.36,2.53,0.61,126.24,1,1,55+,Postpaid_Premium,Premium_Smartphone,5G,2026-04-16
SUB4802986,1.89,1.98,1.06,0.72,132.21,0,0,35-44,Postpaid_Premium,5G_Device,4G+,2026-03-26
SUB1371616,4.77,1.59,0.18,1.2,65.38,0,0,25-34,Postpaid_Premium,Premium_Smartphone,4G,2026-03-24
SUB2960155,6.05,0.65,4.0,0.73,60.25,1,0,25-34,Postpaid_Unlimited,Mid_Range,4G,2026-04-03
SUB3710527,1.82,1.43,0.18,0.48,200.0,1,0,25-34,Prepaid_Daily,Premium_Smartphone,5G,2026-03-27
SUB2768967,1.12,3.38,3.9,1.22,89.84,0,0,18-24,Postpaid_Unlimited,5G_Device,5G,2026-04-11
SUB9370043,1.83,1.15,1.77,0.06,55.84,1,0,25-34,Postpaid_Unlimited,Mid_Range,4G,2026-03-28
SUB1279215,0.5,0.8,0.96,1.16,42.3,0,0,35-44,Postpaid_Unlimited,Mid_Range,4G,2026-04-02
SUB3843236,2.49,0.95,0.15,0.14,97.01,0,0,25-34,Postpaid_Basic,Premium_Smartphone,5G,2026-04-06
SUB8379933,3.5,6.0,0.74,0.39,69.63,1,1,18-24,Postpaid_Unlimited,Mid_Range,4G,2026-03-28
SUB9661957,0.84,0.4,0.88,0.12,45.76,0,0,25-34,Prepaid_Monthly,Mid_Range,4G,2026-03-27
SUB7153973,3.48,0.82,0.46,0.32,156.43,1,1,45-54,Postpaid_Premium,5G_Device,4G,2026-04-15
SUB7035218,1.07,0.34,0.89,1.01,114.55,0,0,25-34,Prepaid_Daily,5G_Device,5G,2026-04-06
SUB2960584,3.32,1.81,0.22,0.63,101.42,0,0,25-34,Postpaid_Premium,Premium_Smartphone,5G,2026-04-04
SUB7223754,1.41,0.34,0.26,0.02,94.58,0,0,55+,Postpaid_Basic,5G_Device,4G,2026-03-25
SUB6585709,1.04,1.29,0.25,0.29,80.33,1,1,25-34,Prepaid_Daily,Mid_Range,4G,2026-03-19
SUB1578688,8.0,1.75,1.79,0.01,137.75,0,0,25-34,Postpaid_Unlimited,Premium_Smartphone,5G,2026-04-07
SUB5226156,2.56,0.24,0.06,0.1,129.4,0,0,45-54,Postpaid_Basic,Premium_Smartphone,5G,2026-03-22
SUB6755892,1.4,0.41,0.16,0.04,88.31,0,0,45-54,Postpaid_Premium,Premium_Smartphone,4G,2026-04-11
SUB8983372,1.02,1.22,0.01,0.12,40.14,0,0,25-34,Prepaid_Monthly,Mid_Range,4G,2026-04-09
SUB9127747,1.1,3.83,3.07,0.01,184.19,1,0,18-24,Postpaid_Unlimited,Premium_Smartphone,5G,2026-04-15
SUB5227995,1.97,2.67,0.46,1.45,51.2,0,1,35-44,Postpaid_Basic,5G_Device,3G,2026-04-03
SUB8337694,0.52,0.71,0.79,0.01,51.61,0,0,25-34,Prepaid_Monthly,Premium_Smartphone,4G,2026-03-24
SUB9921334,0.98,0.6,0.1,0.57,136.25,1,1,55+,Postpaid_Basic,Mid_Range,5G,2026-04-15
SUB4952255,1.23,0.65,0.1,0.09,24.55,0,1,18-24,Postpaid_Premium,Basic_Phone,5G,2026-04-16
SUB4817242,2.67,1.7,0.95,6.0,52.77,0,0,25-34,Postpaid_Premium,Mid_Range,5G,2026-03-30
SUB5990488,0.36,0.11,0.08,0.7,16.26,0,0,18-24,Prepaid_Monthly,Basic_Phone,4G,2026-03-26
SUB1239968,2.45,0.48,0.78,0.14,84.51,0,0,35-44,Prepaid_Monthly,5G_Device,4G+,2026-03-21
SUB9677571,0.61,1.42,0.21,0.01,47.47,0,0,45-54,Postpaid_Basic,Premium_Smartphone,3G,2026-04-07
SUB3592536,1.62,6.0,0.22,1.5,105.1,0,0,35-44,Postpaid_Unlimited,Premium_Smartphone,4G,2026-03-31
SUB6504381,0.83,0.21,0.2,0.02,65.28,0,0,55+,Postpaid_Premium,5G_Device,4G,2026-04-07
SUB1519165,1.18,0.81,0.11,0.01,27.61,0,0,18-24,Prepaid_Monthly,Mid_Range,4G,2026-04-04
SUB5414084,0.34,2.12,0.08,0.09,49.99,0,0,18-24,Prepaid_Monthly,Premium_Smartphone,4G,2026-04-14
SUB4440866,1.4,0.58,0.36,1.64,83.5,1,0,45-54,Postpaid_Basic,Mid_Range,4G,2026-04-07
SUB4878363,0.59,0.35,0.48,0.04,7.65,0,0,45-54,Postpaid_Unlimited,Basic_Phone,4G,2026-04-06
SUB2027557,0.3,1.93,0.04,0.07,41.82,0,1,45-54,Prepaid_Daily,Mid_Range,4G,2026-04-09
SUB8435697,1.4,0.91,0.41,0.03,119.54,0,1,45-54,Postpaid_Premium,Tablet,5G,2026-04-13
SUB6898885,5.75,0.7,1.52,0.92,69.1,0,1,25-34,Prepaid_Monthly,Mid_Range,4G+,2026-03-31
SUB8601723,0.75,1.07,0.1,0.57,38.52,1,1,18-24,Prepaid_Monthly,Basic_Phone,4G,2026-04-07
SUB8946155,0.36,0.09,0.01,0.09,99.02,0,0,55+,Prepaid_Daily,Premium_Smartphone,4G+,2026-04-17
SUB6688238,2.17,1.1,0.5,4.11,83.11,1,0,25-34,Postpaid_Unlimited,Mid_Range,4G+,2026-03-24
SUB7703560,0.18,0.41,0.07,0.08,7.76,0,1,25-34,Postpaid_Unlimited,Basic_Phone,3G,2026-03-21
SUB2785559,0.98,6.0,2.3,0.06,103.74,1,0,35-44,Prepaid_Daily,5G_Device,4G+,2026-04-09
SUB9697057,8.0,3.25,1.68,0.86,65.9,1,1,25-34,Postpaid_Basic,Mid_Range,4G,2026-04-12
SUB1533634,0.41,0.27,0.18,0.1,75.95,0,0,45-54,Prepaid_Daily,5G_Device,4G+,2026-03-30
SUB4932747,3.47,2.53,1.78,0.1,85.8,0,1,18-24,Postpaid_Premium,Premium_Smartphone,4G+,2026-04-06
SUB9578845,0.36,0.21,0.05,0.07,28.36,0,0,45-54,Postpaid_Premium,Basic_Phone,4G+,2026-04-07
SUB9102873,0.83,0.5,0.46,0.36,44.4,0,1,35-44,Prepaid_Monthly,Mid_Range,4G,2026-03-26
SUB5623636,0.66,0.5,0.9,0.61,194.87,1,0,35-44,Prepaid_Daily,Premium_Smartphone,5G,2026-03-30
SUB8556855,3.14,3.8,1.9,0.61,45.31,1,0,25-34,Postpaid_Premium,Mid_Range,4G,2026-03-20
SUB6334233,3.45,0.46,0.95,0.21,51.04,0,0,25-34,Postpaid_Premium,Premium_Smartphone,4G,2026-04-08
SUB2406368,0.75,3.93,0.14,0.49,131.48,1,0,25-34,Prepaid_Daily,5G_Device,4G,2026-04-17
SUB7841300,0.23,0.27,0.39,3.32,89.06,0,0,25-34,Postpaid_Basic,5G_Device,4G,2026-04-17
SUB6785267,1.81,1.55,0.11,0.29,148.07,0,0,35-44,Postpaid_Premium,Premium_Smartphone,5G,2026-04-10
SUB2224744,8.0,0.69,1.14,1.1,188.11,1,1,25-34,Postpaid_Basic,5G_Device,5G,2026-03-31
SUB6970226,2.27,0.67,0.37,0.06,66.46,1,0,18-24,Prepaid_Monthly,Mid_Range,4G+,2026-04-04
SUB5862894,2.76,0.56,0.85,2.39,51.66,0,0,18-24,Postpaid_Basic,Mid_Range,4G,2026-03-23
SUB3131018,4.25,0.9,0.59,0.21,113.87,0,0,35-44,Postpaid_Basic,5G_Device,5G,2026-04-11
SUB9210710,1.05,3.16,0.2,0.82,50.15,0,0,18-24,Postpaid_Basic,Mid_Range,5G,2026-04-17
SUB4489429,1.97,0.57,0.15,0.22,66.39,0,1,45-54,Postpaid_Unlimited,Premium_Smartphone,4G,2026-03-24
SUB7888260,0.56,0.62,0.03,0.96,53.04,0,0,35-44,Prepaid_Daily,Premium_Smartphone,4G,2026-03-21
SUB7478443,0.59,0.71,0.12,0.08,55.21,1,0,45-54,Postpaid_Basic,Mid_Range,4G,2026-03-19
SUB1294746,0.88,0.42,0.01,0.06,48.27,0,0,45-54,Prepaid_Daily,Mid_Range,4G+,2026-03-29
SUB6710754,0.79,0.48,0.09,0.6,89.37,0,0,18-24,Prepaid_Monthly,Premium_Smartphone,4G+,2026-03-30
SUB6432019,1.07,0.64,0.48,1.27,165.26,0,1,45-54,Postpaid_Premium,5G_Device,5G,2026-04-15
SUB5352892,1.12,1.52,0.02,0.75,5.0,0,1,25-34,Postpaid_Unlimited,Basic_Phone,4G,2026-03-19
SUB2702159,0.1,1.41,1.12,0.57,88.69,1,0,45-54,Prepaid_Daily,Premium_Smartphone,4G,2026-04-02
SUB4757985,2.1,1.72,1.72,0.11,89.02,0,0,45-54,Postpaid_Unlimited,Premium_Smartphone,4G+,2026-04-09
SUB4802177,1.91,0.87,0.15,0.12,45.61,0,1,18-24,Prepaid_Monthly,Mid_Range,4G,2026-04-10
SUB9512558,2.33,1.82,0.1,0.27,45.19,0,0,25-34,Prepaid_Monthly,Mid_Range,4G,2026-04-02
SUB2153224,0.51,0.73,0.21,0.07,48.01,0,0,25-34,Prepaid_Daily,Mid_Range,4G,2026-03-28
SUB3650235,0.86,6.0,0.64,0.04,98.37,0,0,35-44,Postpaid_Basic,Premium_Smartphone,4G+,2026-03-25
SUB5740039,7.72,0.46,0.14,0.71,55.68,0,0,25-34,Postpaid_Basic,Premium_Smartphone,3G,2026-04-17
SUB9299350,1.25,0.64,0.0,0.28,72.47,0,0,25-34,Prepaid_Monthly,Tablet,4G,2026-04-16
SUB3303554,4.62,1.92,0.44,1.41,43.29,0,0,25-34,Postpaid_Basic,Mid_Range,5G,2026-03-20
SUB5020120,2.1,0.79,0.11,0.33,91.69,0,0,25-34,Postpaid_Basic,Tablet,4G,2026-04-11
SUB3946862,1.58,3.47,0.34,0.07,100.79,0,1,55+,Postpaid_Basic,Premium_Smartphone,4G+,2026-04-01
SUB3676517,1.69,0.56,0.21,0.36,54.49,0,1,45-54,Prepaid_Monthly,Mid_Range,4G,2026-03-31
SUB5307086,7.94,0.94,0.9,0.39,57.02,0,0,25-34,Postpaid_Unlimited,Mid_Range,4G+,2026-03-31
SUB8331006,8.0,6.0,0.16,0.04,115.8,1,0,18-24,Postpaid_Premium,Premium_Smartphone,5G,2026-04-10
SUB9329442,2.62,0.91,4.0,0.02,172.83,0,1,18-24,Prepaid_Monthly,5G_Device,5G,2026-03-30
SUB7169912,3.44,2.98,0.53,0.55,156.24,1,0,25-34,Prepaid_Monthly,Premium_Smartphone,4G+,2026-04-03
SUB9831924,3.68,0.99,2.74,0.13,67.22,0,0,45-54,Postpaid_Premium,Premium_Smartphone,4G,2026-03-24
SUB4517741,1.35,0.62,0.41,0.86,68.78,0,0,25-34,Prepaid_Daily,Mid_Range,4G,2026-03-24
SUB7168563,1.48,0.32,2.02,0.01,73.53,1,0,25-34,Postpaid_Premium,Mid_Range,4G,2026-04-15
SUB4456653,0.68,0.15,0.07,0.05,21.41,0,0,45-54,Prepaid_Monthly,Basic_Phone,3G,2026-04-17
SUB6429219,0.31,0.23,0.16,0.57,62.22,0,0,55+,Postpaid_Basic,Mid_Range,5G,2026-03-30
SUB1475595,1.08,1.2,1.68,1.93,55.79,0,0,18-24,Prepaid_Monthly,5G_Device,3G,2026-03-31
SUB2888806,2.62,3.61,1.56,2.3,121.32,1,0,18-24,Postpaid_Unlimited,5G_Device,4G,2026-04-09
SUB3148091,2.08,2.92,0.22,0.12,47.81,0,0,25-34,Postpaid_Unlimited,Mid_Range,4G,2026-04-06
SUB4961676,5.23,6.0,1.12,2.97,105.81,0,0,35-44,Postpaid_Unlimited,5G_Device,5G,2026-03-19
SUB2760462,1.31,0.74,0.03,0.04,44.0,1,0,55+,Prepaid_Daily,Mid_Range,4G,2026-04-15
SUB5058848,0.5,3.88,0.92,1.44,78.25,1,0,18-24,Postpaid_Premium,Mid_Range,5G,2026-04-09
SUB1809178,0.26,0.13,0.67,0.84,60.24,1,1,18-24,Postpaid_Basic,Mid_Range,4G,2026-04-14
SUB8932310,0.44,0.2,0.59,0.01,25.54,0,0,45-54,Postpaid_Premium,Basic_Phone,5G,2026-03-29
SUB5777402,2.18,2.8,0.01,0.37,63.56,0,1,35-44,Prepaid_Monthly,Mid_Range,5G,2026-04-13
SUB7934106,0.23,0.38,0.34,0.0,36.29,0,0,55+,Postpaid_Premium,Mid_Range,4G,2026-03-25
SUB8486327,3.41,6.0,1.27,0.22,86.24,0,1,25-34,Postpaid_Unlimited,Mid_Range,5G,2026-04-09
SUB3562605,3.48,1.51,1.07,0.09,85.6,0,0,25-34,Prepaid_Monthly,Mid_Range,5G,2026-03-27
SUB1721037,0.52,1.83,0.34,0.01,186.68,1,1,18-24,Prepaid_Monthly,Premium_Smartphone,4G+,2026-04-09
SUB6507683,2.39,2.2,0.24,0.28,50.67,0,0,18-24,Prepaid_Daily,Mid_Range,4G,2026-04-01
SUB7417954,2.2,0.28,0.04,2.76,90.81,0,0,35-44,Prepaid_Monthly,Tablet,4G,2026-04-02
SUB2021469,6.52,3.11,0.72,3.63,95.6,0,0,25-34,Postpaid_Basic,5G_Device,4G+,2026-04-07
SUB7756350,1.07,6.0,0.07,1.77,120.7,0,0,18-24,Postpaid_Premium,5G_Device,5G,2026-04-09
SUB6779277,0.31,2.64,0.08,5.55,42.56,0,1,45-54,Prepaid_Monthly,Premium_Smartphone,3G,2026-04-02
SUB3892371,3.49,3.82,1.54,5.78,121.15,0,0,18-24,Postpaid_Basic,Premium_Smartphone,4G+,2026-04-15
SUB7970199,0.92,0.14,0.38,0.01,75.79,0,0,35-44,Postpaid_Basic,Mid_Range,4G+,2026-03-25
SUB1463001,0.92,1.77,0.02,0.34,69.24,0,0,25-34,Prepaid_Monthly,5G_Device,4G,2026-04-13
SUB7011493,0.05,0.4,0.01,0.0,47.59,0,1,45-54,Postpaid_Basic,Mid_Range,3G,2026-04-08
SUB3822136,0.17,1.54,0.22,0.13,48.69,0,0,18-24,Prepaid_Daily,Mid_Range,4G,2026-04-01
SUB1515693,0.73,0.79,0.08,0.02,26.53,0,0,45-54,Postpaid_Basic,Basic_Phone,4G+,2026-03-27
SUB3636722,0.83,0.4,0.43,0.17,47.49,1,0,18-24,Prepaid_Daily,Premium_Smartphone,3G,2026-04-17
SUB8818114,2.11,2.56,0.03,0.5,75.84,1,0,25-34,Postpaid_Premium,Mid_Range,4G,2026-04-08
SUB1239017,0.45,2.13,0.17,0.53,180.71,0,1,35-44,Prepaid_Daily,Tablet,5G,2026-03-28
SUB1414994,1.11,1.74,0.15,0.26,30.06,0,0,18-24,Postpaid_Unlimited,Mid_Range,3G,2026-04-13
SUB1941768,0.42,1.69,2.74,0.76,81.2,0,0,25-34,Postpaid_Premium,5G_Device,4G,2026-03-24
SUB6712044,0.2,0.66,0.21,0.3,43.31,0,1,45-54,Prepaid_Monthly,Mid_Range,3G,2026-04-02
SUB9043846,2.48,0.93,0.19,0.6,86.71,0,1,45-54,Prepaid_Monthly,Premium_Smartphone,4G,2026-04-15
SUB2076941,0.88,2.99,0.32,0.12,87.78,0,0,18-24,Prepaid_Monthly,Premium_Smartphone,4G,2026-04-11
SUB1465982,2.67,3.62,0.45,0.5,60.58,0,0,18-24,Postpaid_Premium,Premium_Smartphone,4G,2026-03-29
SUB3538568,0.01,2.7,0.25,0.05,89.13,0,1,18-24,Prepaid_Monthly,Mid_Range,4G+,2026-04-16
SUB1273146,5.7,1.12,0.95,0.31,47.39,0,0,18-24,Postpaid_Premium,Premium_Smartphone,4G,2026-03-30
SUB6453174,0.19,1.3,0.02,0.0,82.4,0,0,55+,Prepaid_Daily,Mid_Range,5G,2026-03-30
SUB7124152,0.66,0.96,0.16,0.04,105.15,0,0,35-44,Prepaid_Daily,Premium_Smartphone,5G,2026-03-26
SUB2164795,0.07,5.49,0.84,0.12,104.41,1,0,25-34,Prepaid_Monthly,Premium_Smartphone,4G,2026-04-08
SUB8130030,0.02,0.2,0.03,0.02,30.33,0,0,55+,Prepaid_Daily,Mid_Range,3G,2026-04-05
SUB3677747,1.54,0.22,0.07,0.02,38.14,0,0,35-44,Postpaid_Basic,Mid_Range,3G,2026-03-30
SUB3409381,0.01,0.69,0.12,0.01,11.98,0,0,35-44,Prepaid_Daily,Basic_Phone,4G,2026-04-04
SUB8026492,4.46,1.7,0.77,0.01,146.91,1,0,25-34,Postpaid_Unlimited,5G_Device,5G,2026-04-03
SUB9309411,8.0,5.34,2.78,1.82,122.5,0,0,25-34,Postpaid_Premium,5G_Device,5G,2026-03-25
SUB7859216,0.35,1.1,0.17,0.0,72.06,0,0,35-44,Prepaid_Monthly,Mid_Range,4G+,2026-03-19
SUB3943295,0.86,2.78,0.92,1.0,76.88,0,1,18-24,Postpaid_Basic,Mid_Range,5G,2026-03-26
SUB4283616,0.1,0.58,0.92,0.02,49.2,0,1,25-34,Postpaid_Basic,Mid_Range,3G,2026-04-02
SUB1077175,1.84,2.84,0.5,0.54,81.69,1,0,18-24,Postpaid_Premium,Mid_Range,4G,2026-04-08
SUB3078808,1.78,0.3,0.23,0.02,56.58,0,0,18-24,Prepaid_Monthly,5G_Device,3G,2026-03-31
SUB2357453,1.38,3.01,0.51,1.3,83.46,0,1,25-34,Prepaid_Daily,Premium_Smartphone,3G,2026-04-12
SUB4011786,0.5,1.2,0.53,0.34,74.35,0,0,35-44,Prepaid_Monthly,5G_Device,4G,2026-04-11
SUB1095028,1.25,2.6,0.46,0.08,110.15,1,1,25-34,Postpaid_Basic,5G_Device,4G,2026-04-01
SUB2558242,1.73,0.99,4.0,1.29,95.95,0,0,25-34,Postpaid_Unlimited,Premium_Smartphone,4G,2026-03-19
SUB5319453,0.93,1.35,0.51,0.13,64.6,0,1,35-44,Postpaid_Unlimited,Premium_Smartphone,3G,2026-04-11
SUB5948008,0.83,0.65,0.38,0.56,135.3,1,1,18-24,Prepaid_Daily,Premium_Smartphone,4G,2026-04-08
SUB6445315,6.5,0.28,0.14,4.16,69.83,1,0,25-34,Postpaid_Premium,Premium_Smartphone,3G,2026-04-02
SUB9552442,5.02,4.12,0.37,0.7,91.91,1,0,45-54,Postpaid_Unlimited,5G_Device,4G,2026-04-11
SUB3367555,1.14,6.0,0.86,0.15,95.91,1,1,18-24,Prepaid_Daily,5G_Device,4G,2026-04-13
SUB4012359,0.61,0.7,0.39,0.4,35.76,0,0,45-54,Postpaid_Premium,Mid_Range,4G,2026-04-03
SUB3414165,0.53,0.71,1.24,0.36,99.15,1,0,45-54,Postpaid_Basic,5G_Device,4G,2026-04-05
SUB8204776,0.19,0.86,2.33,2.7,53.7,0,0,18-24,Postpaid_Premium,Premium_Smartphone,3G,2026-04-05
SUB4208823,0.67,1.27,0.94,1.11,42.27,0,0,18-24,Postpaid_Basic,Mid_Range,4G,2026-03-24
SUB8457918,0.09,1.61,0.08,0.09,49.54,1,0,55+,Postpaid_Unlimited,5G_Device,3G,2026-03-31
SUB6051646,0.23,1.54,0.16,0.73,63.97,1,0,18-24,Prepaid_Monthly,Mid_Range,4G+,2026-03-25
SUB4625654,1.79,1.19,1.03,0.49,51.0,1,0,45-54,Postpaid_Premium,5G_Device,3G,2026-04-02
SUB1285711,0.2,2.49,0.28,0.8,116.93,0,0,35-44,Prepaid_Monthly,Tablet,4G+,2026-03-26
SUB6278172,4.03,1.65,0.03,0.05,40.91,0,0,25-34,Prepaid_Monthly,Mid_Range,4G,2026-04-14
SUB7912880,6.23,2.03,1.01,1.71,73.76,0,0,18-24,Postpaid_Unlimited,5G_Device,4G,2026-04-05
SUB1575919,8.0,4.47,0.16,1.46,97.09,0,0,25-34,Postpaid_Premium,5G_Device,5G,2026-04-17
SUB4331106,0.17,0.67,0.43,0.14,87.66,0,0,25-34,Prepaid_Monthly,Premium_Smartphone,5G,2026-04-06
SUB1422381,0.24,0.92,0.44,0.14,44.18,0,0,35-44,Postpaid_Basic,Mid_Range,4G,2026-04-05
SUB1976433,0.19,0.33,0.28,0.03,49.35,0,1,55+,Prepaid_Daily,Mid_Range,3G,2026-03-25
SUB9222462,1.27,0.5,0.36,0.07,83.35,0,0,45-54,Prepaid_Monthly,Premium_Smartphone,5G,2026-04-06
SUB5900164,3.01,1.45,0.17,0.19,37.98,0,1,25-34,Postpaid_Premium,Mid_Range,3G,2026-03-22
SUB7336356,2.86,1.63,0.71,0.74,69.18,1,0,45-54,Postpaid_Basic,Premium_Smartphone,4G,2026-04-16
SUB6679042,1.02,1.05,0.6,0.38,93.82,0,1,45-54,Postpaid_Basic,5G_Device,4G+,2026-03-19
SUB1401067,1.67,0.44,0.0,0.02,99.49,1,0,55+,Postpaid_Premium,Tablet,4G,2026-03-19
SUB8094176,2.5,0.94,0.56,0.24,53.17,0,0,25-34,Prepaid_Monthly,Mid_Range,4G,2026-03-27
SUB1460796,0.16,0.5,0.25,1.03,76.75,1,1,45-54,Prepaid_Daily,Mid_Range,4G,2026-04-03
SUB8740616,1.17,0.22,0.38,0.11,49.31,1,0,35-44,Prepaid_Monthly,5G_Device,3G,2026-03-24
SUB6994376,5.49,4.22,1.0,1.92,106.14,0,0,25-34,Postpaid_Unlimited,Premium_Smartphone,5G,2026-04-16
SUB6289283,0.72,2.11,0.15,0.82,100.54,1,0,55+,Postpaid_Unlimited,5G_Device,4G,2026-03-25
SUB6858338,1.28,0.64,1.28,0.6,109.79,0,0,18-24,Prepaid_Monthly,5G_Device,4G,2026-04-14
SUB5989904,0.17,0.47,0.63,0.24,54.12,0,0,18-24,Prepaid_Daily,Premium_Smartphone,4G,2026-04-02
SUB1312023,0.9,1.1,0.18,0.29,64.0,1,0,45-54,Postpaid_Basic,Mid_Range,4G,2026-03-27
SUB7270016,0.16,2.55,0.58,0.54,12.21,0,0,18-24,Postpaid_Premium,Basic_Phone,4G+,2026-03-26
SUB8320583,1.0,0.5,0.0,0.03,33.3,0,0,45-54,Prepaid_Monthly,Mid_Range,3G,2026-04-01
SUB8822636,0.2,0.24,0.06,0.2,39.55,0,0,35-44,Postpaid_Basic,Mid_Range,4G,2026-04-11
SUB4177902,2.68,3.24,0.57,2.11,52.46,0,1,18-24,Postpaid_Unlimited,Premium_Smartphone,3G,2026-04-09
SUB1755111,0.48,6.0,2.08,1.09,107.29,1,1,25-34,Postpaid_Basic,Premium_Smartphone,4G,2026-04-05
SUB3320715,0.52,1.2,2.27,0.34,125.79,1,0,45-54,Prepaid_Monthly,Premium_Smartphone,4G+,2026-04-02
SUB3234805,1.3,2.41,0.62,0.43,48.57,0,1,35-44,Postpaid_Basic,5G_Device,3G,2026-03-26
SUB5304459,0.4,0.46,0.01,0.12,78.31,0,0,55+,Prepaid_Daily,Premium_Smartphone,5G,2026-04-16
SUB2899054,0.98,0.29,0.48,0.21,81.31,1,0,45-54,Prepaid_Daily,Premium_Smartphone,4G,2026-03-20
SUB4457550,1.85,6.0,0.7,0.13,116.62,0,0,25-34,Postpaid_Unlimited,5G_Device,5G,2026-04-06
SUB2550184,0.24,0.48,0.14,0.27,61.4,1,0,18-24,Prepaid_Monthly,Mid_Range,4G+,2026-04-05
SUB5174482,0.39,0.13,0.01,0.0,8.51,0,0,55+,Prepaid_Monthly,Basic_Phone,4G,2026-04-11
SUB9153113,0.99,3.46,0.18,2.25,46.42,0,0,25-34,Postpaid_Basic,Premium_Smartphone,3G,2026-04-16
SUB4273523,1.52,1.63,4.0,0.73,79.71,0,0,18-24,Postpaid_Unlimited,Premium_Smartphone,4G,2026-03-27
SUB9477276,1.27,0.89,0.48,0.28,71.58,0,0,45-54,Postpaid_Premium,Premium_Smartphone,4G,2026-04-04
SUB7961383,1.72,1.03,0.07,0.21,31.24,0,0,45-54,Prepaid_Daily,Mid_Range,4G,2026-03-20
SUB8960339,1.41,0.97,0.01,0.19,42.78,1,0,35-44,Postpaid_Premium,Mid_Range,4G+,2026-03-23
SUB3770742,0.19,0.82,0.16,0.07,34.43,0,0,25-34,Postpaid_Basic,Mid_Range,3G,2026-04-03
SUB3770374,5.05,4.04,0.35,0.83,110.99,0,1,35-44,Postpaid_Basic,Mid_Range,5G,2026-03-24
SUB8296405,1.06,0.27,0.06,0.02,56.15,0,1,35-44,Postpaid_Premium,Premium_Smartphone,3G,2026-04-16
SUB7846539,0.28,0.66,0.15,0.11,57.22,0,0,45-54,Prepaid_Daily,Premium_Smartphone,3G,2026-04-09
SUB9659522,0.09,1.19,0.33,0.68,140.03,0,0,55+,Postpaid_Unlimited,Premium_Smartphone,5G,2026-04-11
SUB5109803,1.01,2.41,0.38,1.3,123.83,1,1,25-34,Postpaid_Basic,Mid_Range,4G+,2026-03-26
SUB6636289,0.79,0.64,0.04,0.02,48.01,0,1,45-54,Prepaid_Monthly,Mid_Range,4G,2026-03-21
SUB9751063,0.79,0.08,0.37,0.35,126.0,1,0,55+,Postpaid_Basic,5G_Device,4G,2026-03-22
SUB2034586,3.3,1.23,1.03,0.69,125.56,0,0,18-24,Prepaid_Monthly,Premium_Smartphone,5G,2026-04-07
SUB7040502,7.72,5.15,1.48,0.36,97.52,0,0,18-24,Postpaid_Basic,5G_Device,5G,2026-04-03
SUB6547094,0.1,0.12,0.11,0.24,59.37,0,0,45-54,Prepaid_Daily,Mid_Range,4G+,2026-04-07
SUB4100581,0.68,2.34,0.55,2.05,86.35,0,1,18-24,Prepaid_Monthly,Premium_Smartphone,4G,2026-04-01
SUB3661637,6.75,2.18,1.24,0.97,157.67,1,0,18-24,Postpaid_Premium,Premium_Smartphone,5G,2026-04-15
SUB4672277,3.55,2.46,3.5,1.47,94.67,1,0,18-24,Postpaid_Premium,Tablet,4G,2026-03-24
SUB3084504,1.05,3.17,0.62,0.01,69.58,0,1,25-34,Prepaid_Monthly,Tablet,4G,2026-04-08
SUB4021372,1.77,3.73,0.04,0.8,115.2,1,0,18-24,Postpaid_Basic,Tablet,4G,2026-04-05
SUB5854042,1.97,3.18,1.9,0.24,51.46,0,0,25-34,Postpaid_Basic,5G_Device,3G,2026-04-06
SUB3471378,0.62,1.4,0.13,0.1,111.17,0,0,55+,Prepaid_Monthly,Premium_Smartphone,4G+,2026-03-22
SUB4830121,0.29,0.19,0.01,0.28,15.74,0,0,35-44,Prepaid_Monthly,Basic_Phone,4G,2026-03-26
SUB6353912,3.47,1.74,0.61,0.5,72.25,0,0,35-44,Postpaid_Premium,Premium_Smartphone,3G,2026-04-15
SUB2353324,0.85,1.13,0.49,0.15,83.73,1,0,18-24,Prepaid_Monthly,Mid_Range,5G,2026-04-04
SUB7753008,0.93,1.53,0.3,0.6,46.76,1,0,35-44,Postpaid_Unlimited,Basic_Phone,5G,2026-03-19
SUB7124386,1.66,3.75,1.37,1.38,75.2,1,0,35-44,Postpaid_Basic,Premium_Smartphone,4G,2026-04-09
SUB4372455,5.01,2.69,0.83,0.16,92.21,0,0,35-44,Postpaid_Unlimited,5G_Device,4G,2026-03-29
SUB5268173,0.99,1.47,1.23,0.18,66.32,0,1,18-24,Prepaid_Monthly,Premium_Smartphone,4G,2026-03-31
SUB7034722,1.04,1.9,2.64,0.55,46.03,0,0,25-34,Postpaid_Premium,Mid_Range,4G,2026-04-17
SUB8010131,1.23,1.73,0.09,0.18,77.19,0,0,45-54,Prepaid_Daily,Premium_Smartphone,4G+,2026-03-30
SUB5396720,4.82,2.8,2.26,0.39,98.09,1,0,35-44,Postpaid_Premium,5G_Device,4G,2026-04-16
SUB5070028,7.38,4.1,0.14,1.0,200.0,1,1,35-44,Prepaid_Monthly,Premium_Smartphone,4G+,2026-03-23
SUB8951036,2.5,0.62,0.13,1.62,88.82,0,0,35-44,Postpaid_Basic,Premium_Smartphone,4G,2026-03-19
SUB7869989,3.68,0.56,0.0,0.0,105.41,0,0,25-34,Prepaid_Daily,Premium_Smartphone,5G,2026-04-12
SUB2369277,0.62,0.68,0.21,0.07,48.93,0,1,45-54,Prepaid_Daily,5G_Device,3G,2026-04-05
SUB6522567,0.98,2.33,0.43,0.32,50.98,0,0,18-24,Postpaid_Premium,Mid_Range,4G,2026-04-05
SUB7722090,3.18,1.01,0.3,0.09,80.28,1,1,35-44,Postpaid_Basic,Mid_Range,5G,2026-03-28
SUB1749971,0.22,0.13,0.03,0.06,28.58,1,0,55+,Postpaid_Basic,Mid_Range,3G,2026-04-16
SUB9222502,0.6,0.47,0.23,0.01,116.64,1,0,45-54,Prepaid_Monthly,Mid_Range,5G,2026-04-14
SUB8749972,0.52,0.11,0.18,0.07,47.97,0,1,25-34,Prepaid_Monthly,Mid_Range,3G,2026-04-01
SUB5460276,6.18,2.06,0.33,3.9,140.69,1,0,25-34,Postpaid_Premium,Premium_Smartphone,5G,2026-04-10
SUB8456688,1.05,6.0,0.64,0.5,78.35,0,1,35-44,Postpaid_Premium,Mid_Range,4G+,2026-04-17
SUB5075837,0.21,0.87,0.53,0.37,52.92,1,0,45-54,Prepaid_Monthly,Mid_Range,5G,2026-04-17
SUB3233706,0.84,1.26,0.25,0.57,40.84,1,0,35-44,Postpaid_Basic,Mid_Range,3G,2026-04-11
SUB7094645,2.71,4.03,3.77,2.58,105.9,0,0,25-34,Postpaid_Premium,5G_Device,4G,2026-04-12
SUB9874365,0.47,3.04,0.13,0.82,89.23,0,0,18-24,Postpaid_Unlimited,Premium_Smartphone,5G,2026-03-22
SUB3054376,0.6,0.42,1.67,0.18,70.63,0,1,35-44,Prepaid_Daily,Mid_Range,4G+,2026-04-16
SUB2185111,0.17,0.3,0.48,0.04,45.1,0,1,35-44,Postpaid_Premium,Mid_Range,3G,2026-03-28
SUB5961828,0.25,0.29,0.14,0.01,144.79,0,1,55+,Prepaid_Monthly,Premium_Smartphone,5G,2026-04-15
SUB8732752,0.48,0.31,0.31,0.83,79.56,0,1,25-34,Postpaid_Premium,Premium_Smartphone,3G,2026-04-13
SUB3392919,0.83,1.18,0.06,0.36,83.14,0,0,45-54,Prepaid_Monthly,Premium_Smartphone,5G,2026-04-03
SUB2500948,1.73,6.0,0.03,1.58,123.35,0,0,25-34,Postpaid_Basic,5G_Device,4G+,2026-03-31
SUB7327090,3.91,1.34,0.38,1.82,90.25,0,0,35-44,Postpaid_Basic,Premium_Smartphone,4G+,2026-04-02
SUB5107834,0.34,0.15,0.35,0.29,111.07,0,0,45-54,Prepaid_Monthly,5G_Device,5G,2026-03-26
SUB3408630,0.54,0.27,0.13,0.6,28.19,1,0,18-24,Postpaid_Basic,Basic_Phone,4G,2026-03-19
SUB6837196,0.45,6.0,0.38,0.39,101.29,0,0,25-34,Postpaid_Premium,5G_Device,4G+,2026-03-25
SUB9095213,2.3,2.41,0.94,0.02,93.47,0,1,45-54,Postpaid_Basic,Premium_Smartphone,4G,2026-03-25
SUB3702994,0.36,0.73,0.02,0.22,74.67,1,1,35-44,Prepaid_Daily,Mid_Range,4G,2026-04-07
SUB6919626,2.99,0.45,0.46,0.43,72.54,0,0,18-24,Prepaid_Daily,Mid_Range,4G+,2026-04-03
SUB6557805,1.92,1.18,0.0,0.05,51.56,0,0,25-34,Postpaid_Premium,Premium_Smartphone,4G,2026-03-23
SUB5902444,0.89,1.61,0.45,0.61,108.83,1,0,35-44,Postpaid_Premium,Mid_Range,5G,2026-04-04
SUB1192512,1.07,0.32,0.07,0.25,104.14,0,0,55+,Postpaid_Premium,5G_Device,4G,2026-03-29
SUB4714379,0.74,1.21,0.26,0.32,72.47,0,1,18-24,Prepaid_Monthly,5G_Device,3G,2026-03-20
SUB6845447,0.24,1.51,0.01,0.57,49.79,0,0,45-54,Postpaid_Basic,Mid_Range,4G,2026-03-25
SUB2549420,4.83,0.19,0.16,0.02,26.5,0,0,18-24,Prepaid_Monthly,Basic_Phone,4G,2026-04-06
SUB4345647,1.16,2.1,1.53,0.81,129.53,1,0,18-24,Postpaid_Unlimited,Tablet,4G,2026-03-25
SUB9312934,1.02,0.25,0.19,1.48,52.11,1,0,18-24,Prepaid_Monthly,Mid_Range,4G,2026-04-16
SUB4900379,0.58,0.49,0.2,0.21,21.62,1,1,45-54,Prepaid_Monthly,Basic_Phone,4G,2026-04-08
SUB4804409,1.1,0.81,0.3,0.11,70.93,0,0,18-24,Postpaid_Premium,Mid_Range,5G,2026-03-19
SUB7722055,0.18,0.94,0.3,0.78,63.55,0,0,45-54,Postpaid_Unlimited,Tablet,4G,2026-04-04
SUB2520982,4.28,2.36,0.27,1.9,134.89,1,0,25-34,Prepaid_Daily,5G_Device,4G+,2026-04-16
SUB7281646,0.28,0.24,0.09,0.13,66.14,0,0,55+,Prepaid_Monthly,Premium_Smartphone,3G,2026-04-05
SUB4998422,1.29,0.38,0.97,0.23,85.16,1,0,45-54,Postpaid_Basic,Mid_Range,4G+,2026-04-09
SUB7426288,1.43,3.86,0.05,0.02,59.43,0,0,35-44,Postpaid_Basic,Mid_Range,5G,2026-03-30
SUB3164563,0.05,0.05,0.04,0.09,15.64,0,0,45-54,Prepaid_Daily,Basic_Phone,4G,2026-03-27
SUB6181377,4.34,1.03,0.42,0.01,46.87,1,0,35-44,Postpaid_Premium,Premium_Smartphone,3G,2026-03-30
SUB6281091,0.22,0.36,0.39,0.05,24.79,0,0,45-54,Postpaid_Basic,Basic_Phone,5G,2026-04-04
SUB5408285,6.69,2.23,0.63,1.54,95.31,0,0,25-34,Postpaid_Premium,Premium_Smartphone,4G+,2026-04-14
SUB9012369,1.35,0.54,0.1,0.52,109.01,0,0,18-24,Prepaid_Monthly,Premium_Smartphone,4G+,2026-04-12
SUB5204955,0.08,0.06,0.06,0.04,19.92,1,0,35-44,Prepaid_Daily,Basic_Phone,4G,2026-04-10
SUB6059667,0.36,6.0,0.18,0.88,49.81,1,0,25-34,Postpaid_Premium,Tablet,3G,2026-03-29
SUB9090736,0.27,2.03,0.94,1.23,58.99,0,0,25-34,Postpaid_Premium,Mid_Range,4G,2026-03-25
SUB3985696,2.91,0.86,0.05,0.85,24.33,1,0,25-34,Postpaid_Premium,Basic_Phone,4G,2026-04-09
SUB9143179,1.54,0.15,0.04,2.41,58.2,0,0,25-34,Postpaid_Premium,5G_Device,3G,2026-04-04
SUB9826233,1.12,1.0,0.01,0.16,42.85,0,0,35-44,Prepaid_Daily,Mid_Range,4G,2026-03-22
SUB4301106,0.14,0.57,0.15,0.08,36.39,0,0,18-24,Prepaid_Monthly,Basic_Phone,5G,2026-04-15
SUB2372070,0.19,1.17,0.09,0.43,112.66,0,0,55+,Prepaid_Monthly,Premium_Smartphone,5G,2026-04-06
SUB3593726,0.25,0.64,0.22,0.27,31.57,0,0,55+,Postpaid_Unlimited,Mid_Range,3G,2026-04-02
SUB7721308,0.12,0.38,0.2,0.98,88.5,0,0,55+,Postpaid_Basic,Tablet,4G,2026-04-08
SUB9241353,0.23,0.07,0.09,0.08,23.84,0,0,25-34,Prepaid_Daily,Basic_Phone,4G,2026-04-12
SUB6670706,1.29,0.49,0.15,0.06,45.5,0,1,25-34,Prepaid_Monthly,Basic_Phone,4G+,2026-04-02
SUB5450252,0.59,0.65,1.09,0.01,92.84,0,1,55+,Postpaid_Unlimited,5G_Device,4G+,2026-03-23
SUB9494630,0.45,0.65,0.55,0.09,53.73,0,0,55+,Postpaid_Premium,Mid_Range,4G,2026-04-05
SUB6655635,3.33,4.49,0.63,0.21,108.78,0,1,45-54,Postpaid_Unlimited,5G_Device,4G,2026-03-25
SUB5975045,0.35,0.17,0.37,0.33,38.68,0,0,25-34,Prepaid_Monthly,Mid_Range,4G,2026-03-23
SUB1470529,0.14,0.29,0.06,0.0,8.27,0,0,35-44,Postpaid_Basic,Basic_Phone,4G,2026-04-15
SUB1161445,0.03,0.17,0.01,0.11,19.49,0,0,45-54,Prepaid_Monthly,Basic_Phone,4G,2026-04-06
SUB4834242,1.52,0.33,0.33,0.25,72.99,0,1,25-34,Prepaid_Daily,Mid_Range,4G,2026-03-21
SUB7494503,0.45,0.99,0.32,0.01,46.46,0,0,35-44,Prepaid_Daily,Premium_Smartphone,3G,2026-04-10
SUB1684029,0.04,0.13,0.0,0.18,47.14,1,0,45-54,Prepaid_Monthly,Basic_Phone,5G,2026-03-20
SUB6337355,0.29,0.89,0.4,0.13,77.54,0,0,35-44,Postpaid_Basic,Premium_Smartphone,4G,2026-04-05
SUB9898978,0.54,2.26,0.98,0.47,42.56,1,0,25-34,Postpaid_Unlimited,Mid_Range,4G,2026-04-04
SUB7981440,1.96,0.28,0.65,0.71,54.65,0,0,35-44,Prepaid_Daily,Mid_Range,5G,2026-04-06
SUB4999694,1.12,0.95,0.86,0.18,91.76,0,0,55+,Postpaid_Unlimited,Mid_Range,5G,2026-03-22
SUB4308505,1.35,0.13,0.12,0.14,59.26,0,0,35-44,Prepaid_Monthly,Premium_Smartphone,3G,2026-03-26
SUB9201428,0.68,0.15,0.05,0.08,39.4,1,0,45-54,Prepaid_Monthly,Mid_Range,4G,2026-04-09
SUB1208944,1.06,0.73,0.21,0.21,77.85,0,0,35-44,Prepaid_Monthly,Mid_Range,4G+,2026-03-30
SUB6186686,0.58,1.79,0.34,0.01,78.37,0,0,35-44,Prepaid_Monthly,5G_Device,4G,2026-04-03
SUB8576472,2.23,0.82,0.05,0.24,36.85,1,0,35-44,Prepaid_Monthly,Mid_Range,4G,2026-04-17
SUB2361303,0.07,0.6,0.05,0.01,14.26,0,0,25-34,Postpaid_Premium,Basic_Phone,3G,2026-04-03
SUB5201765,0.82,1.68,0.35,1.87,86.64,1,0,25-34,Postpaid_Premium,Mid_Range,5G,2026-03-25
SUB8964443,0.49,1.3,0.44,1.91,44.92,1,1,25-34,Postpaid_Premium,Mid_Range,3G,2026-04-04
SUB3894100,2.9,2.56,1.93,0.23,118.88,0,1,18-24,Prepaid_Monthly,5G_Device,5G,2026-04-10
SUB5666805,0.35,0.77,0.0,0.03,22.18,0,0,18-24,Postpaid_Premium,Basic_Phone,4G,2026-03-27
SUB2197162,0.84,0.8,3.5,1.52,80.06,0,0,18-24,Postpaid_Basic,Premium_Smartphone,4G,2026-04-09
SUB2046161,0.45,0.24,0.3,0.15,48.45,0,0,45-54,Postpaid_Unlimited,Mid_Range,4G,2026-04-10
SUB7674851,1.37,0.61,0.79,0.41,61.19,0,0,25-34,Prepaid_Monthly,Tablet,4G,2026-03-22
SUB5688482,3.55,3.11,0.06,0.15,41.52,0,0,18-24,Postpaid_Unlimited,Mid_Range,4G,2026-04-04
SUB9348022,3.76,2.49,0.18,0.45,97.49,0,0,18-24,Postpaid_Premium,Premium_Smartphone,4G,2026-04-14
SUB7983604,2.07,3.02,0.36,0.83,62.6,1,0,35-44,Postpaid_Premium,Mid_Range,4G,2026-03-24
SUB2897501,0.02,0.91,0.92,0.06,54.42,0,0,18-24,Prepaid_Daily,Premium_Smartphone,4G,2026-04-04
SUB5754619,1.19,0.92,1.37,0.06,72.51,1,0,25-34,Postpaid_Basic,Premium_Smartphone,3G,2026-04-10
SUB7465377,0.25,1.08,0.06,0.27,42.48,1,1,18-24,Postpaid_Basic,Basic_Phone,5G,2026-04-07
SUB7129439,0.57,0.94,0.13,0.03,105.28,0,0,45-54,Prepaid_Daily,Premium_Smartphone,5G,2026-04-07
SUB4885250,0.51,0.63,0.6,0.05,90.05,1,1,55+,Prepaid_Monthly,Premium_Smartphone,3G,2026-03-22
SUB9991899,0.07,1.19,0.26,0.0,34.02,0,0,55+,Postpaid_Unlimited,Mid_Range,4G,2026-04-06
SUB5902059,0.07,0.85,0.15,0.29,22.61,0,0,25-34,Prepaid_Monthly,Mid_Range,3G,2026-04-05
SUB7607912,1.27,0.13,1.43,0.16,104.83,1,1,35-44,Prepaid_Daily,Mid_Range,5G,2026-04-02
SUB6573694,1.17,0.84,0.2,0.13,65.25,1,0,35-44,Postpaid_Basic,Basic_Phone,5G,2026-04-17
SUB6228566,0.07,0.17,0.01,0.13,8.18,0,0,25-34,Prepaid_Daily,Basic_Phone,4G,2026-04-15
SUB1719407,0.67,4.8,1.04,1.26,70.8,0,0,25-34,Postpaid_Basic,Premium_Smartphone,5G,2026-03-20
SUB3538143,6.63,2.26,1.51,1.5,65.67,0,1,18-24,Postpaid_Basic,Mid_Range,4G+,2026-04-17
SUB1337913,0.06,0.93,0.25,0.48,80.3,0,1,45-54,Prepaid_Monthly,Mid_Range,4G+,2026-03-27
SUB1328821,2.19,1.04,0.91,4.23,60.85,0,0,18-24,Postpaid_Premium,Premium_Smartphone,4G+,2026-03-20
SUB4887008,0.31,0.77,0.06,0.02,113.32,0,0,25-34,Prepaid_Daily,Premium_Smartphone,5G,2026-04-17
SUB7725275,1.19,6.0,0.57,0.34,78.02,0,1,25-34,Postpaid_Unlimited,5G_Device,4G,2026-03-24
SUB4615652,0.1,2.89,0.02,1.39,62.48,0,0,35-44,Postpaid_Unlimited,5G_Device,3G,2026-03-28
SUB6193734,0.39,0.66,0.13,0.08,130.08,0,0,45-54,Prepaid_Daily,Premium_Smartphone,5G,2026-03-27
SUB9457411,0.61,0.73,0.22,0.19,50.82,0,0,35-44,Postpaid_Premium,Mid_Range,4G,2026-04-12
SUB8772580,2.8,0.71,0.25,0.14,83.64,0,0,35-44,Postpaid_Basic,Premium_Smartphone,4G,2026-03-27
SUB1807744,0.98,0.3,1.36,0.0,43.74,0,0,25-34,Postpaid_Basic,Premium_Smartphone,3G,2026-04-09
SUB6720622,3.26,6.0,1.29,0.09,135.34,0,0,18-24,Prepaid_Monthly,5G_Device,5G,2026-03-25
SUB9634012,3.36,0.6,0.82,0.0,73.39,1,0,25-34,Prepaid_Monthly,Mid_Range,4G,2026-04-05
SUB7933705,7.09,2.57,0.03,0.18,153.83,1,1,55+,Postpaid_Unlimited,Premium_Smartphone,4G,2026-04-07
SUB6545403,0.26,2.14,0.92,3.4,147.63,1,0,55+,Prepaid_Monthly,Premium_Smartphone,5G,2026-04-16
SUB1017297,0.52,6.0,0.29,0.12,60.83,0,0,35-44,Prepaid_Daily,Mid_Range,4G+,2026-04-08
SUB1788443,0.59,0.98,0.03,0.88,80.67,0,0,18-24,Prepaid_Monthly,Premium_Smartphone,4G,2026-04-13
SUB4265962,0.11,0.69,0.11,0.24,15.75,0,0,18-24,Postpaid_Basic,Basic_Phone,5G,2026-03-30
SUB7010334,8.0,0.99,0.61,0.68,78.56,0,0,25-34,Postpaid_Unlimited,Premium_Smartphone,4G,2026-03-25
SUB6752613,1.11,2.49,0.27,0.33,89.61,0,1,45-54,Postpaid_Basic,Premium_Smartphone,4G,2026-04-10
SUB2333572,2.15,0.52,0.54,0.23,30.18,0,1,35-44,Prepaid_Monthly,Mid_Range,4G,2026-04-08
SUB6637025,1.75,0.64,0.3,0.15,168.27,0,1,45-54,Prepaid_Monthly,5G_Device,5G,2026-04-16
SUB9072879,1.79,1.0,4.0,2.77,131.12,1,1,35-44,Prepaid_Monthly,5G_Device,4G+,2026-03-25
SUB5701669,1.58,1.32,0.85,0.02,67.64,1,0,18-24,Prepaid_Daily,Mid_Range,5G,2026-04-02
SUB4765056,1.07,0.64,0.11,0.22,26.43,1,0,18-24,Postpaid_Basic,Basic_Phone,4G,2026-04-06
SUB4325315,1.4,2.5,1.52,0.32,151.82,0,0,18-24,Prepaid_Daily,Premium_Smartphone,5G,2026-03-29
SUB6217092,0.51,1.65,0.48,0.76,67.18,1,0,35-44,Postpaid_Premium,Premium_Smartphone,4G,2026-03-26
SUB9264605,2.19,2.49,1.2,0.17,73.08,1,0,18-24,Postpaid_Basic,Mid_Range,4G,2026-04-02
SUB1828791,5.97,1.66,0.1,1.47,179.41,1,0,35-44,Postpaid_Premium,5G_Device,5G,2026-03-25
SUB4820887,4.01,0.62,0.37,0.92,71.08,0,0,35-44,Postpaid_Unlimited,Tablet,5G,2026-04-13
SUB7652346,8.0,2.83,2.28,2.21,87.23,0,1,25-34,Postpaid_Unlimited,Premium_Smartphone,4G+,2026-04-13
SUB3846274,0.09,0.34,0.06,0.15,16.47,0,0,18-24,Prepaid_Daily,Basic_Phone,4G,2026-03-30
SUB6988099,2.36,1.94,3.68,0.49,118.22,0,0,18-24,Postpaid_Unlimited,Premium_Smartphone,4G+,2026-03-31
SUB8069337,0.67,0.52,0.67,0.54,59.37,0,1,35-44,Postpaid_Premium,Premium_Smartphone,3G,2026-04-05
SUB8871917,3.71,5.97,0.49,0.46,74.21,1,0,25-34,Postpaid_Premium,5G_Device,4G,2026-04-15
SUB6446079,2.11,0.49,0.16,0.61,81.87,0,1,25-34,Prepaid_Daily,Mid_Range,5G,2026-04-10
SUB1376794,1.88,0.54,0.01,0.16,118.88,1,0,45-54,Prepaid_Daily,Premium_Smartphone,4G,2026-03-20
SUB4878450,1.49,1.48,0.93,0.11,54.36,0,0,35-44,Postpaid_Unlimited,Mid_Range,4G,2026-04-06
SUB4033349,2.43,4.52,0.43,0.88,200.0,1,1,25-34,Prepaid_Monthly,Premium_Smartphone,5G,2026-03-28
SUB7407054,1.55,0.43,0.11,0.02,28.03,0,0,35-44,Prepaid_Daily,Basic_Phone,5G,2026-04-01
SUB1782877,1.08,0.58,0.23,0.46,76.48,1,0,45-54,Prepaid_Monthly,5G_Device,4G,2026-03-21
SUB5902825,4.97,2.38,1.78,2.52,60.22,0,0,35-44,Postpaid_Unlimited,Premium_Smartphone,4G,2026-04-06
SUB8068132,1.15,1.16,0.69,0.29,141.58,0,0,25-34,Postpaid_Basic,5G_Device,5G,2026-04-13
SUB7299492,6.7,5.67,0.83,1.3,96.04,1,0,25-34,Postpaid_Unlimited,Mid_Range,5G,2026-04-09
SUB6798946,8.0,0.44,0.35,0.02,108.78,0,0,45-54,Prepaid_Monthly,Premium_Smartphone,4G+,2026-03-22
SUB8236694,2.04,0.74,0.06,1.3,157.46,1,0,25-34,Prepaid_Monthly,Tablet,5G,2026-04-05
SUB6928643,1.18,0.85,0.06,0.01,75.63,0,0,35-44,Postpaid_Basic,5G_Device,4G,2026-03-27
SUB7049850,1.54,0.61,0.65,0.05,74.34,0,0,45-54,Postpaid_Basic,5G_Device,4G,2026-04-01
SUB1850350,0.19,0.14,0.06,0.04,24.6,0,0,55+,Prepaid_Monthly,Basic_Phone,4G,2026-03-23
SUB9556255,3.47,0.27,0.1,0.19,43.69,1,1,25-34,Prepaid_Monthly,Mid_Range,3G,2026-04-03
SUB3333679,0.1,0.25,0.11,0.07,18.99,0,1,18-24,Prepaid_Monthly,Basic_Phone,4G,2026-04-05
SUB1435477,0.36,0.68,0.09,0.5,59.13,0,1,25-34,Prepaid_Monthly,Mid_Range,4G,2026-04-10
SUB8736484,1.05,0.19,0.0,0.17,46.59,1,0,45-54,Postpaid_Premium,Mid_Range,3G,2026-04-09
SUB6651944,1.18,1.88,2.19,0.26,85.57,1,0,25-34,Prepaid_Monthly,Premium_Smartphone,4G,2026-04-01
SUB5327308,0.79,0.18,0.98,1.15,109.8,1,0,18-24,Prepaid_Daily,5G_Device,4G,2026-03-27
SUB2581420,2.46,4.06,0.53,1.26,84.56,0,1,18-24,Prepaid_Daily,Premium_Smartphone,4G,2026-03-31
SUB1786261,4.43,1.44,0.17,3.91,70.06,0,0,25-34,Prepaid_Monthly,5G_Device,4G,2026-03-27
SUB4494708,1.39,0.87,0.15,0.0,22.18,1,0,18-24,Postpaid_Unlimited,Basic_Phone,4G,2026-03-26
SUB7952314,1.02,1.45,0.12,1.07,45.97,0,0,18-24,Prepaid_Monthly,5G_Device,3G,2026-04-12
SUB4079042,0.48,0.26,0.08,0.05,43.81,0,0,35-44,Prepaid_Daily,Mid_Range,4G,2026-04-14
SUB7665769,2.42,2.56,0.07,0.32,77.6,0,0,18-24,Prepaid_Monthly,Premium_Smartphone,5G,2026-03-21
SUB7538655,0.69,4.89,1.05,0.06,36.99,0,0,18-24,Postpaid_Premium,Mid_Range,4G+,2026-03-25
SUB9514668,2.18,0.18,4.0,2.43,87.84,1,0,45-54,Postpaid_Basic,5G_Device,4G,2026-03-26
SUB6968633,1.06,1.12,0.25,0.06,101.51,1,0,45-54,Prepaid_Monthly,Tablet,5G,2026-04-10
SUB7898046,1.29,2.97,0.02,3.43,83.46,1,0,25-34,Postpaid_Premium,Mid_Range,5G,2026-04-10
SUB4077099,2.27,1.04,0.08,0.06,19.64,0,0,18-24,Postpaid_Basic,Basic_Phone,4G,2026-04-05
SUB3844180,0.78,0.9,0.09,0.13,95.77,0,0,35-44,Prepaid_Daily,Premium_Smartphone,4G+,2026-04-01
SUB7758699,1.25,2.35,0.18,0.04,96.75,0,1,25-34,Prepaid_Daily,Premium_Smartphone,5G,2026-04-05
SUB8983939,0.39,2.07,0.71,0.94,91.26,0,0,18-24,Postpaid_Basic,Premium_Smartphone,4G,2026-03-24
SUB6066112,1.03,0.65,0.07,0.07,41.12,0,0,18-24,Postpaid_Premium,Basic_Phone,5G,2026-04-11
SUB5093886,8.0,4.43,0.13,2.18,200.0,1,1,18-24,Postpaid_Unlimited,5G_Device,4G+,2026-03-31
SUB9950668,1.64,0.81,0.05,0.12,87.24,0,1,35-44,Prepaid_Monthly,Mid_Range,4G+,2026-04-14
SUB6301358,8.0,0.46,0.45,0.03,80.72,0,0,45-54,Postpaid_Premium,Mid_Range,4G+,2026-03-22
SUB2506145,0.17,0.66,0.15,0.13,38.36,0,1,45-54,Prepaid_Daily,Mid_Range,3G,2026-04-16
SUB3648202,0.82,1.31,4.0,3.68,128.88,1,0,25-34,Postpaid_Unlimited,5G_Device,4G,2026-03-23
SUB2192931,1.37,4.33,0.02,0.02,65.05,1,1,25-34,Postpaid_Basic,Mid_Range,4G,2026-04-16
SUB5889084,1.66,0.29,0.11,0.03,102.45,0,1,35-44,Postpaid_Basic,Premium_Smartphone,4G,2026-04-10
SUB8133456,0.14,0.62,2.03,0.24,39.26,0,0,25-34,Prepaid_Daily,Mid_Range,4G,2026-04-02
SUB1871522,1.88,0.67,0.2,0.78,97.04,0,1,18-24,Prepaid_Daily,Mid_Range,5G,2026-04-17
SUB7049531,3.01,6.0,0.39,0.08,112.6,1,0,35-44,Postpaid_Premium,Tablet,5G,2026-04-02
SUB7890709,0.69,0.46,0.06,0.43,76.47,1,0,45-54,Prepaid_Daily,Mid_Range,5G,2026-04-14
SUB3181906,0.31,1.19,1.33,6.0,94.39,0,1,25-34,Prepaid_Daily,5G_Device,4G,2026-03-26
SUB9990884,0.89,0.21,0.09,0.58,102.67,0,0,45-54,Prepaid_Daily,5G_Device,4G,2026-04-01
SUB2500134,2.87,0.53,0.61,0.66,187.62,1,0,25-34,Prepaid_Daily,Premium_Smartphone,5G,2026-03-22
SUB3604884,1.1,0.54,0.02,0.01,22.03,0,0,25-34,Postpaid_Basic,Basic_Phone,4G,2026-03-20
SUB2705243,0.91,0.29,1.26,0.28,88.45,0,0,18-24,Prepaid_Monthly,5G_Device,5G,2026-04-11
SUB5274692,0.83,0.8,4.0,0.13,55.8,0,1,35-44,Prepaid_Monthly,5G_Device,3G,2026-04-03
SUB1239779,0.68,1.16,0.27,0.14,95.77,0,0,45-54,Prepaid_Monthly,Tablet,4G,2026-03-30
SUB3975605,2.68,1.33,0.17,0.7,57.22,0,0,35-44,Postpaid_Premium,5G_Device,3G,2026-03-25
SUB6099154,0.14,3.11,0.38,0.02,33.67,0,0,18-24,Postpaid_Unlimited,Mid_Range,3G,2026-04-15
SUB7289249,2.77,1.69,0.53,0.72,123.05,1,0,18-24,Postpaid_Basic,Premium_Smartphone,5G,2026-04-15
SUB9152885,1.22,2.14,0.0,0.07,98.94,0,0,35-44,Postpaid_Basic,Premium_Smartphone,4G,2026-04-13
SUB7164014,0.44,1.46,0.03,0.32,69.45,0,0,25-34,Prepaid_Monthly,Mid_Range,4G+,2026-04-01
SUB8499412,1.08,5.7,1.96,2.62,200.0,1,1,25-34,Postpaid_Basic,Premium_Smartphone,5G,2026-03-29
SUB7216074,0.1,0.43,0.28,0.08,147.15,0,0,55+,Postpaid_Premium,5G_Device,5G,2026-04-15
SUB6333968,0.1,1.19,0.25,0.29,60.58,0,0,35-44,Postpaid_Basic,Premium_Smartphone,4G,2026-04-03
SUB5588727,0.24,3.21,0.57,0.87,48.34,0,0,25-34,Prepaid_Monthly,5G_Device,3G,2026-03-20
SUB9325032,4.12,1.7,0.06,0.0,26.82,0,0,18-24,Postpaid_Basic,Mid_Range,4G,2026-03-26
SUB9978989,6.53,2.26,0.61,0.88,56.05,0,0,18-24,Postpaid_Unlimited,Mid_Range,4G+,2026-04-02
SUB4683909,0.72,0.16,0.71,0.01,34.64,0,0,35-44,Postpaid_Unlimited,Mid_Range,3G,2026-04-08
SUB2539600,0.46,0.77,0.03,0.21,53.83,0,0,45-54,Postpaid_Premium,Mid_Range,4G,2026-03-19
SUB8465106,0.7,0.07,0.31,0.24,36.21,0,0,35-44,Prepaid_Monthly,Mid_Range,4G,2026-04-14
SUB6083801,1.85,6.0,0.28,0.7,146.8,0,0,25-34,Prepaid_Monthly,5G_Device,5G,2026-04-03
SUB3227503,0.59,5.05,1.24,3.8,87.65,0,0,18-24,Postpaid_Premium,Premium_Smartphone,5G,2026-03-23
SUB4070771,0.22,0.13,0.04,0.25,25.36,0,0,55+,Prepaid_Daily,Mid_Range,3G,2026-04-06
SUB2143647,0.13,0.37,0.27,0.03,76.42,0,0,55+,Postpaid_Basic,Mid_Range,5G,2026-04-08
SUB8156406,3.97,0.75,0.17,0.17,98.29,0,0,25-34,Prepaid_Monthly,Premium_Smartphone,4G+,2026-04-05
SUB2416953,3.04,4.58,2.59,1.03,43.31,0,0,18-24,Postpaid_Basic,Mid_Range,4G,2026-04-01
SUB3694245,3.63,1.12,0.03,0.72,75.88,0,0,25-34,Postpaid_Basic,Premium_Smartphone,4G,2026-04-15
SUB1421280,0.57,1.23,0.3,0.97,51.51,0,0,45-54,Postpaid_Unlimited,Mid_Range,4G,2026-04-04
SUB1909245,0.46,0.6,0.24,0.08,85.44,1,0,35-44,Prepaid_Daily,Mid_Range,4G+,2026-03-29
SUB1341207,2.28,0.57,0.32,0.2,72.6,0,0,35-44,Postpaid_Premium,Premium_Smartphone,4G,2026-03-20
SUB2230746,1.3,6.0,1.52,0.29,74.76,0,1,18-24,Postpaid_Premium,Premium_Smartphone,4G,2026-04-14
SUB4289791,2.54,0.48,0.2,0.5,27.23,0,0,18-24,Postpaid_Unlimited,Basic_Phone,4G,2026-04-02
SUB1592632,0.86,0.68,0.24,0.07,60.65,0,0,18-24,Postpaid_Basic,Tablet,4G+,2026-04-12
SUB2162189,0.08,0.03,0.23,0.02,14.42,0,0,55+,Postpaid_Basic,Basic_Phone,5G,2026-03-29
SUB6730385,0.42,0.14,0.17,0.0,15.38,0,1,25-34,Postpaid_Unlimited,Basic_Phone,3G,2026-03-19
SUB9802907,0.2,0.49,0.08,0.29,48.79,0,0,45-54,Postpaid_Basic,Premium_Smartphone,3G,2026-04-12
SUB3381486,6.71,0.41,0.59,0.36,114.73,0,1,18-24,Postpaid_Basic,Premium_Smartphone,4G+,2026-03-19
SUB7713070,0.14,0.17,0.09,0.1,40.86,0,0,55+,Prepaid_Monthly,Basic_Phone,5G,2026-03-30
SUB9168326,2.71,0.19,0.16,0.02,62.37,0,0,45-54,Prepaid_Daily,Premium_Smartphone,3G,2026-04-11
SUB6393455,0.31,0.94,0.02,0.32,57.15,1,0,18-24,Prepaid_Monthly,Basic_Phone,5G,2026-03-27
SUB1125438,0.35,6.0,0.33,0.0,92.42,1,1,45-54,Postpaid_Premium,Tablet,4G,2026-03-31
SUB4770183,3.21,3.66,0.92,0.11,149.48,0,0,25-34,Postpaid_Premium,Premium_Smartphone,5G,2026-04-07
SUB8085904,0.55,1.65,0.37,0.48,57.04,1,0,18-24,Prepaid_Daily,Mid_Range,4G,2026-03-20
SUB7699744,0.58,0.95,1.52,0.21,42.92,0,0,25-34,Postpaid_Premium,Mid_Range,4G,2026-04-11
SUB3801445,0.74,0.44,0.11,0.65,54.25,0,0,55+,Postpaid_Basic,Premium_Smartphone,4G,2026-04-03
SUB7839789,1.01,0.78,0.42,0.3,61.11,0,1,55+,Postpaid_Basic,Premium_Smartphone,4G,2026-03-23
SUB9570556,0.37,1.32,2.66,0.49,104.42,0,1,25-34,Postpaid_Unlimited,5G_Device,4G,2026-03-26
SUB3582814,1.01,0.77,1.44,0.32,49.21,0,0,35-44,Prepaid_Monthly,5G_Device,3G,2026-04-05
SUB4769457,0.2,0.94,0.81,0.02,43.18,0,1,35-44,Postpaid_Premium,Mid_Range,3G,2026-03-19
SUB2206751,1.79,0.91,1.05,0.37,188.09,0,1,45-54,Postpaid_Basic,5G_Device,5G,2026-03-23
SUB1953692,3.04,1.96,4.0,0.01,101.21,0,0,25-34,Postpaid_Premium,Premium_Smartphone,5G,2026-03-22
SUB1217770,0.96,2.08,0.05,0.16,59.67,0,0,25-34,Prepaid_Monthly,Premium_Smartphone,3G,2026-03-27
SUB5099906,4.76,1.43,0.53,3.95,95.18,1,0,35-44,Prepaid_Monthly,Premium_Smartphone,5G,2026-03-23
SUB5836917,3.35,5.54,0.6,0.41,53.22,0,0,18-24,Postpaid_Basic,Mid_Range,5G,2026-03-19
SUB7969129,0.73,1.77,0.38,0.13,32.26,0,0,25-34,Prepaid_Monthly,Mid_Range,3G,2026-04-08
SUB6910184,0.83,0.93,0.62,0.37,91.2,1,0,35-44,Prepaid_Monthly,5G_Device,3G,2026-03-31
SUB7082199,2.47,5.77,1.47,0.14,110.04,0,1,25-34,Postpaid_Premium,Premium_Smartphone,4G,2026-04-06
SUB6301533,2.39,0.86,0.14,0.01,80.0,1,0,55+,Postpaid_Basic,5G_Device,4G,2026-04-14
SUB2790008,0.68,0.98,0.15,0.2,27.29,0,0,18-24,Postpaid_Premium,Basic_Phone,5G,2026-03-27
SUB2826525,0.05,0.89,0.21,0.49,45.75,0,0,55+,Postpaid_Basic,Mid_Range,4G,2026-03-19
SUB5513070,1.32,2.09,0.02,0.98,45.2,1,1,18-24,Postpaid_Basic,Mid_Range,3G,2026-03-27
SUB8417874,7.63,1.13,1.2,1.03,62.04,0,0,18-24,Postpaid_Unlimited,Mid_Range,5G,2026-04-13
SUB7151537,5.95,1.32,1.31,0.51,68.55,0,0,25-34,Postpaid_Unlimited,Tablet,4G,2026-03-28
SUB5466951,0.14,0.34,0.03,0.57,52.44,0,0,45-54,Prepaid_Monthly,Mid_Range,4G,2026-04-06
SUB2478768,6.2,1.13,0.88,0.02,116.69,1,1,45-54,Postpaid_Unlimited,Premium_Smartphone,5G,2026-03-26
SUB8089478,1.37,3.18,0.14,0.91,102.27,0,0,18-24,Prepaid_Monthly,Premium_Smartphone,5G,2026-04-08
SUB6124674,1.01,0.73,0.49,0.12,69.74,0,0,18-24,Prepaid_Daily,5G_Device,4G,2026-04-05
SUB9326435,0.42,1.67,0.32,0.48,69.46,0,0,35-44,Postpaid_Basic,Premium_Smartphone,3G,2026-03-30
SUB1402980,0.27,6.0,4.0,0.5,81.97,0,0,25-34,Postpaid_Unlimited,Premium_Smartphone,5G,2026-04-03
SUB8557260,2.14,1.1,1.08,0.64,92.4,0,0,45-54,Postpaid_Unlimited,5G_Device,4G+,2026-04-10
SUB7932667,1.07,0.1,0.52,1.69,89.92,1,0,18-24,Prepaid_Daily,Mid_Range,4G+,2026-03-21
SUB3531528,1.96,0.34,0.15,0.02,89.45,0,0,35-44,Postpaid_Premium,Tablet,4G,2026-03-28
SUB3108542,0.54,2.0,0.99,0.41,54.0,0,1,35-44,Postpaid_Premium,5G_Device,3G,2026-03-24
SUB7922496,0.07,0.21,0.18,0.14,70.4,0,0,55+,Prepaid_Monthly,Mid_Range,4G+,2026-04-04
SUB4502626,2.73,1.13,0.78,0.09,94.96,0,0,35-44,Postpaid_Premium,Premium_Smartphone,4G,2026-04-17
SUB2386689,2.37,0.92,0.89,1.46,74.18,0,1,18-24,Postpaid_Basic,5G_Device,3G,2026-04-08
SUB3846230,1.85,2.65,0.26,0.35,111.44,0,1,18-24,Prepaid_Monthly,5G_Device,4G,2026-03-23
SUB3118433,5.86,0.84,0.77,0.0,60.09,0,1,35-44,Postpaid_Premium,Mid_Range,4G,2026-04-17
SUB6553535,1.42,1.09,1.14,0.25,59.71,0,0,25-34,Prepaid_Monthly,Premium_Smartphone,4G,2026-04-05
SUB4678621,0.37,0.03,0.02,0.02,22.94,0,0,45-54,Prepaid_Monthly,Basic_Phone,4G,2026-03-31
SUB5556766,0.77,0.6,0.02,0.01,51.95,0,0,35-44,Prepaid_Daily,Mid_Range,4G+,2026-03-20
SUB7227018,1.1,2.53,0.81,0.21,113.52,0,0,25-34,Postpaid_Premium,5G_Device,5G,2026-04-04
SUB6000546,0.69,0.95,1.18,1.09,117.79,1,1,25-34,Postpaid_Basic,5G_Device,4G,2026-03-26
SUB7971138,0.73,1.38,0.15,0.36,75.47,0,0,25-34,Prepaid_Monthly,Premium_Smartphone,4G,2026-03-31
SUB9607009,3.67,1.68,0.15,3.23,128.82,1,0,18-24,Postpaid_Basic,Premium_Smartphone,5G,2026-03-20
SUB9547900,3.31,3.6,0.15,0.08,127.22,0,1,18-24,Prepaid_Daily,Premium_Smartphone,4G+,2026-03-23
SUB8545189,5.74,6.0,1.55,2.55,71.18,1,0,35-44,Postpaid_Unlimited,5G_Device,3G,2026-04-01
SUB9852545,1.07,0.75,1.27,0.64,37.16,0,0,18-24,Postpaid_Basic,Mid_Range,4G,2026-03-23
SUB3681206,0.81,0.46,0.0,0.03,51.25,1,0,18-24,Prepaid_Monthly,Mid_Range,4G,2026-03-30
SUB7643433,2.16,1.04,0.26,2.41,65.94,0,0,18-24,Prepaid_Daily,5G_Device,4G,2026-04-11
SUB1187771,0.23,0.9,0.02,0.28,54.82,0,0,18-24,Prepaid_Daily,Mid_Range,4G,2026-04-14
SUB1237199,0.15,1.24,0.01,0.47,13.36,0,0,18-24,Postpaid_Unlimited,Mid_Range,3G,2026-03-25
SUB8290213,2.4,3.04,0.39,0.45,68.04,0,1,35-44,Postpaid_Basic,Premium_Smartphone,4G,2026-04-13
SUB3857281,1.84,6.0,2.74,0.0,145.44,0,0,25-34,Postpaid_Premium,Premium_Smartphone,5G,2026-04-13
SUB3274316,2.09,1.7,0.19,0.1,110.26,0,1,35-44,Prepaid_Daily,Premium_Smartphone,4G,2026-04-13
SUB1751518,0.79,0.34,0.27,0.32,51.24,0,1,35-44,Postpaid_Basic,5G_Device,3G,2026-03-22
SUB9227323,0.08,0.59,0.07,0.02,47.19,0,0,55+,Postpaid_Unlimited,Mid_Range,4G,2026-04-15
SUB1513313,0.39,0.46,0.09,0.03,44.33,1,0,18-24,Prepaid_Monthly,Basic_Phone,5G,2026-03-25
SUB3332214,1.43,0.65,0.02,0.11,57.93,0,0,25-34,Postpaid_Basic,Mid_Range,4G,2026-03-25
SUB6081820,4.55,1.11,0.09,0.0,31.73,0,0,18-24,Postpaid_Unlimited,Basic_Phone,4G+,2026-03-23
SUB6266662,0.97,1.12,0.42,0.4,67.06,0,0,25-34,Postpaid_Premium,Premium_Smartphone,4G,2026-04-05
SUB3250397,0.2,0.6,0.0,0.16,47.46,1,0,55+,Prepaid_Daily,Mid_Range,4G,2026-03-25
SUB9291860,2.58,1.05,0.04,0.42,158.0,1,1,35-44,Prepaid_Monthly,5G_Device,4G,2026-04-08
SUB9843026,0.57,2.17,0.05,0.22,127.78,1,1,35-44,Prepaid_Daily,5G_Device,4G,2026-04-01
SUB8726360,2.08,2.6,1.55,1.32,40.17,0,0,25-34,Postpaid_Unlimited,Mid_Range,4G,2026-04-02
SUB8846613,0.83,0.59,0.03,0.4,49.43,1,0,35-44,Postpaid_Basic,Mid_Range,4G,2026-03-22
SUB2472542,1.43,0.81,2.98,1.61,77.17,1,0,18-24,Postpaid_Unlimited,Mid_Range,4G,2026-03-29
SUB9333648,0.71,1.73,2.03,0.02,101.77,0,0,35-44,Prepaid_Daily,Premium_Smartphone,5G,2026-03-27
SUB5473014,0.53,0.06,0.38,0.07,52.04,1,0,35-44,Prepaid_Monthly,Mid_Range,3G,2026-04-12
SUB1562621,8.0,1.27,0.43,0.1,56.82,1,0,25-34,Prepaid_Daily,5G_Device,4G,2026-04-01
SUB4529801,0.45,0.41,0.48,0.58,30.84,1,0,18-24,Prepaid_Monthly,Mid_Range,3G,2026-03-25
SUB5808163,0.58,0.39,0.08,0.0,107.87,1,0,45-54,Prepaid_Daily,5G_Device,5G,2026-04-01
SUB7284851,1.57,0.09,0.12,0.03,56.28,0,0,18-24,Prepaid_Monthly,Premium_Smartphone,4G,2026-04-06
SUB2598099,2.57,2.06,0.33,0.34,69.57,0,1,18-24,Postpaid_Premium,5G_Device,3G,2026-03-19
SUB2195885,0.83,0.97,0.12,0.01,54.29,0,0,25-34,Prepaid_Daily,Premium_Smartphone,3G,2026-04-10
SUB4898190,3.16,0.39,0.15,0.28,85.98,0,0,25-34,Postpaid_Basic,Premium_Smartphone,4G,2026-04-11
SUB8386133,8.0,1.2,2.64,0.38,96.33,0,0,35-44,Postpaid_Unlimited,Premium_Smartphone,5G,2026-03-19
SUB4388445,5.51,3.16,0.4,0.36,151.23,0,0,35-44,Postpaid_Unlimited,5G_Device,5G,2026-03-31
SUB3742974,1.98,0.78,0.17,0.17,117.54,0,1,45-54,Prepaid_Monthly,Premium_Smartphone,4G+,2026-03-21
SUB9197590,0.76,1.29,0.1,2.18,77.88,0,0,25-34,Postpaid_Unlimited,5G_Device,4G,2026-04-03
SUB9182535,0.22,0.97,0.14,0.09,62.74,1,1,35-44,Prepaid_Monthly,Mid_Range,3G,2026-03-19
SUB9066513,0.17,0.87,0.28,0.08,58.89,1,0,45-54,Prepaid_Monthly,Mid_Range,4G,2026-04-14
SUB3584182,1.79,1.03,1.75,0.49,72.19,1,0,25-34,Postpaid_Unlimited,Mid_Range,4G,2026-04-11
SUB5363089,1.09,3.69,0.53,1.02,119.1,0,0,25-34,Postpaid_Premium,5G_Device,5G,2026-03-25
SUB3797921,0.6,0.97,0.09,0.05,12.25,0,1,45-54,Postpaid_Unlimited,Basic_Phone,4G+,2026-04-03
SUB9657768,8.0,3.5,0.78,4.57,93.64,0,1,18-24,Postpaid_Premium,5G_Device,4G,2026-04-13
SUB1441904,0.31,2.6,0.24,0.18,46.9,0,0,25-34,Prepaid_Monthly,Mid_Range,4G,2026-04-11
SUB6070414,0.12,0.83,0.17,0.11,21.92,0,0,18-24,Postpaid_Basic,Basic_Phone,4G,2026-03-21
SUB6092792,4.09,1.78,0.34,0.41,51.39,0,0,18-24,Prepaid_Monthly,Mid_Range,4G+,2026-04-06
SUB1578526,0.07,1.89,0.39,0.95,33.09,0,0,18-24,Postpaid_Basic,Mid_Range,4G,2026-04-12
SUB7612208,1.6,0.6,3.33,0.34,88.58,1,0,25-34,Prepaid_Daily,Premium_Smartphone,4G+,2026-03-20
SUB8587676,0.69,1.04,0.36,0.21,72.27,0,0,35-44,Prepaid_Monthly,Premium_Smartphone,5G,2026-03-24
SUB1837393,2.02,1.13,0.63,0.25,72.81,0,0,25-34,Postpaid_Unlimited,Mid_Range,5G,2026-04-11
SUB6134544,0.07,2.26,0.16,1.11,44.64,1,0,45-54,Postpaid_Unlimited,5G_Device,3G,2026-04-03
SUB1814422,0.96,0.73,0.26,0.11,48.36,0,0,25-34,Postpaid_Basic,Mid_Range,4G+,2026-03-27
SUB6305431,3.12,0.1,0.11,0.06,99.91,0,1,55+,Postpaid_Basic,Premium_Smartphone,5G,2026-03-29
SUB3263429,0.03,0.4,0.31,0.7,71.36,0,0,55+,Postpaid_Premium,5G_Device,4G,2026-04-05
SUB4135812,0.34,0.4,0.24,0.07,28.9,0,1,45-54,Postpaid_Basic,Basic_Phone,4G,2026-04-02
SUB3938687,0.53,0.16,0.05,0.05,37.71,0,0,55+,Postpaid_Unlimited,Mid_Range,3G,2026-04-15
SUB6153435,1.32,0.46,0.13,0.14,37.66,0,0,35-44,Prepaid_Daily,Mid_Range,3G,2026-04-13
SUB2416842,1.08,0.93,0.8,0.1,104.99,1,1,45-54,Prepaid_Monthly,Premium_Smartphone,3G,2026-04-05
SUB4689024,7.85,0.94,0.7,2.37,78.45,1,0,18-24,Postpaid_Unlimited,Mid_Range,4G+,2026-04-05
SUB5396650,2.49,6.0,0.05,0.29,75.48,0,1,25-34,Postpaid_Unlimited,Mid_Range,5G,2026-03-27
SUB4702418,0.38,0.26,0.99,0.56,46.17,0,0,45-54,Postpaid_Basic,Mid_Range,5G,2026-03-31
SUB4641771,0.11,0.23,0.02,0.03,28.24,0,0,25-34,Prepaid_Daily,Basic_Phone,5G,2026-03-21
SUB7428099,0.36,1.26,0.18,0.09,54.12,0,0,45-54,Postpaid_Premium,Mid_Range,4G,2026-04-16
SUB5079441,1.05,0.68,0.01,0.22,47.88,1,1,45-54,Postpaid_Basic,Mid_Range,3G,2026-03-22
SUB6356430,1.51,0.96,0.51,0.21,71.38,0,0,25-34,Postpaid_Premium,Premium_Smartphone,3G,2026-04-07
SUB7775602,0.03,0.27,0.29,0.28,49.34,1,1,45-54,Postpaid_Basic,Basic_Phone,4G+,2026-03-28
SUB1960652,1.99,3.73,0.2,0.62,79.4,1,0,18-24,Prepaid_Monthly,Premium_Smartphone,3G,2026-04-17
SUB3188370,0.92,1.54,0.24,0.95,106.79,0,0,25-34,Prepaid_Daily,5G_Device,5G,2026-04-07
SUB7985945,5.44,2.59,0.1,2.0,162.68,0,1,25-34,Postpaid_Basic,Premium_Smartphone,5G,2026-04-12
SUB4994528,1.06,0.65,0.16,1.25,102.96,0,1,18-24,Prepaid_Daily,5G_Device,4G,2026-03-21
SUB3076475,1.33,0.84,0.07,0.35,122.64,0,0,35-44,Prepaid_Daily,Premium_Smartphone,4G+,2026-04-11
SUB3141912,4.02,2.08,0.81,0.17,100.12,0,1,35-44,Prepaid_Monthly,Premium_Smartphone,4G,2026-04-05
SUB4144311,0.19,1.59,0.26,0.86,41.4,0,0,18-24,Prepaid_Monthly,Mid_Range,5G,2026-04-11
SUB1285622,0.73,0.33,0.31,0.99,91.34,1,1,45-54,Prepaid_Monthly,Mid_Range,5G,2026-03-19
SUB2962889,0.53,0.07,0.07,0.45,59.06,0,0,35-44,Prepaid_Daily,Mid_Range,4G+,2026-04-11
SUB2396436,0.35,0.38,0.25,0.01,47.26,1,0,25-34,Postpaid_Unlimited,Basic_Phone,4G+,2026-03-24
SUB3195690,3.28,1.24,0.03,0.32,41.98,0,1,18-24,Prepaid_Daily,5G_Device,3G,2026-03-30
SUB6170080,1.39,0.64,0.42,0.02,104.57,0,0,45-54,Prepaid_Monthly,5G_Device,4G,2026-04-11
SUB5705815,0.15,0.51,0.2,0.45,84.52,0,1,45-54,Prepaid_Monthly,Mid_Range,4G+,2026-04-02
SUB3982410,1.39,3.92,0.82,0.01,85.06,0,0,18-24,Postpaid_Unlimited,Premium_Smartphone,4G,2026-03-27
SUB7674192,2.4,1.65,0.63,0.07,84.78,0,0,18-24,Prepaid_Monthly,Premium_Smartphone,4G,2026-04-07
SUB2404355,1.23,0.86,0.22,0.19,166.74,1,0,45-54,Prepaid_Daily,Premium_Smartphone,5G,2026-03-29
SUB6056093,0.46,2.04,0.37,0.01,134.27,1,0,35-44,Prepaid_Daily,Premium_Smartphone,4G,2026-04-14
SUB3464722,1.63,3.45,0.21,2.51,80.03,1,0,18-24,Postpaid_Premium,Mid_Range,5G,2026-04-06
SUB7559442,1.32,2.33,0.0,6.0,171.04,1,0,35-44,Postpaid_Premium,Premium_Smartphone,5G,2026-04-10
SUB6630761,2.59,0.54,1.25,0.51,120.85,0,1,25-34,Prepaid_Monthly,Premium_Smartphone,5G,2026-03-20
SUB3901092,0.63,0.53,0.01,0.03,153.66,0,0,45-54,Prepaid_Daily,Premium_Smartphone,5G,2026-04-06
SUB2722907,0.39,3.11,0.86,0.41,95.14,1,0,18-24,Prepaid_Monthly,Mid_Range,4G+,2026-04-11
SUB3870574,8.0,3.51,0.41,1.2,116.97,1,1,25-34,Postpaid_Basic,Tablet,4G,2026-03-30
SUB7882799,0.36,0.86,0.18,0.03,38.72,0,0,18-24,Postpaid_Premium,5G_Device,3G,2026-03-30
SUB8952017,0.09,0.34,0.11,0.13,92.72,0,0,55+,Prepaid_Daily,Premium_Smartphone,4G,2026-04-13
SUB7921983,0.04,0.27,0.16,0.55,39.8,1,1,45-54,Postpaid_Basic,Basic_Phone,4G+,2026-04-01
SUB7526925,0.15,0.35,0.17,0.7,48.48,0,1,35-44,Prepaid_Monthly,Mid_Range,3G,2026-03-25
SUB6365986,1.44,2.17,0.19,0.92,95.46,0,0,35-44,Postpaid_Basic,Premium_Smartphone,5G,2026-04-07
SUB7759291,1.49,1.68,0.05,0.07,78.42,1,0,25-34,Postpaid_Basic,Mid_Range,4G,2026-04-11
SUB9343528,0.15,0.45,0.51,0.3,51.62,0,1,55+,Postpaid_Unlimited,Mid_Range,4G+,2026-04-17
SUB6532388,2.03,1.29,0.43,1.87,66.27,0,0,18-24,Prepaid_Monthly,Mid_Range,4G+,2026-04-01
SUB9020364,0.65,0.56,0.06,1.61,84.04,0,0,45-54,Postpaid_Basic,Mid_Range,5G,2026-03-29
SUB8451747,0.27,0.36,0.0,0.11,17.63,0,0,18-24,Prepaid_Monthly,Basic_Phone,3G,2026-04-11
SUB4881857,0.37,0.59,0.01,0.61,33.71,0,0,25-34,Prepaid_Monthly,Mid_Range,3G,2026-04-01
SUB5537871,0.27,1.3,0.2,0.75,95.55,1,0,25-34,Prepaid_Daily,Premium_Smartphone,3G,2026-04-14
SUB1291464,1.55,1.42,1.51,3.13,96.06,0,0,45-54,Prepaid_Monthly,5G_Device,4G,2026-04-09
SUB5739400,0.99,1.07,0.21,0.38,59.44,0,0,45-54,Prepaid_Daily,Premium_Smartphone,4G,2026-03-24
SUB1118581,2.19,0.57,0.9,4.9,68.81,0,0,35-44,Postpaid_Unlimited,Premium_Smartphone,4G,2026-04-14
SUB6370807,1.85,1.81,0.0,0.9,64.0,0,0,25-34,Postpaid_Basic,5G_Device,3G,2026-04-04
SUB4852256,1.17,0.3,0.08,0.2,93.4,0,1,55+,Prepaid_Daily,Mid_Range,5G,2026-03-27
SUB9727148,0.38,0.25,0.01,0.13,35.81,0,0,18-24,Prepaid_Daily,Basic_Phone,5G,2026-04-13
SUB1501590,0.79,0.51,0.17,0.0,64.35,1,1,45-54,Prepaid_Monthly,Mid_Range,4G,2026-04-06
SUB4360492,1.53,0.6,0.06,0.65,134.17,0,0,35-44,Prepaid_Monthly,5G_Device,4G+,2026-03-28
SUB1872328,1.67,1.32,0.49,0.26,80.22,0,0,25-34,Prepaid_Monthly,Premium_Smartphone,3G,2026-04-12
SUB5809479,0.38,1.01,0.09,0.04,10.0,1,0,18-24,Postpaid_Basic,Basic_Phone,3G,2026-03-19
SUB4110691,2.23,4.85,0.23,0.77,60.52,0,0,25-34,Postpaid_Unlimited,Premium_Smartphone,4G,2026-04-05
SUB2358097,1.37,0.46,0.12,0.04,101.3,0,0,25-34,Postpaid_Basic,5G_Device,4G+,2026-04-07
SUB9313157,0.32,0.75,0.1,0.0,22.82,1,0,18-24,Postpaid_Basic,Basic_Phone,4G,2026-03-21
SUB2294315,8.0,3.29,0.73,0.47,123.82,1,0,18-24,Postpaid_Premium,Premium_Smartphone,4G+,2026-03-30
SUB7087595,0.66,0.45,0.14,0.04,46.99,0,0,25-34,Prepaid_Daily,Mid_Range,4G,2026-04-12
SUB3575508,2.9,0.29,0.54,0.01,103.95,1,0,35-44,Prepaid_Daily,Premium_Smartphone,5G,2026-03-21
SUB5510784,4.84,0.5,1.15,0.12,55.96,1,0,45-54,Postpaid_Basic,Premium_Smartphone,4G,2026-03-19
SUB1164074,1.61,2.42,2.3,0.03,88.48,0,0,18-24,Postpaid_Premium,5G_Device,5G,2026-04-03
SUB3570466,2.01,1.99,0.13,0.39,123.14,0,0,25-34,Postpaid_Basic,Premium_Smartphone,4G+,2026-04-04
SUB4287093,0.17,0.45,0.26,0.0,105.63,0,0,25-34,Prepaid_Daily,Premium_Smartphone,4G+,2026-03-27
SUB2017481,3.44,6.0,4.0,0.08,74.73,1,1,25-34,Postpaid_Unlimited,Mid_Range,5G,2026-03-22
SUB4594804,0.39,0.1,0.31,0.09,20.65,0,0,45-54,Prepaid_Monthly,Mid_Range,3G,2026-04-07
SUB9451115,1.44,1.47,1.08,0.01,110.49,0,0,35-44,Postpaid_Premium,Premium_Smartphone,5G,2026-04-04
SUB3338377,0.13,0.4,0.0,0.48,27.12,0,0,45-54,Postpaid_Unlimited,Basic_Phone,5G,2026-03-31
SUB1806564,1.41,2.99,0.58,0.07,88.57,1,1,25-34,Prepaid_Monthly,Mid_Range,4G,2026-04-16
SUB4918949,1.57,1.11,0.33,0.47,44.93,0,1,35-44,Postpaid_Premium,Mid_Range,5G,2026-04-07
SUB7047511,0.5,0.62,0.56,0.34,40.75,1,1,25-34,Postpaid_Premium,Mid_Range,3G,2026-04-13
SUB1737954,0.32,2.37,0.11,0.17,50.45,1,0,45-54,Postpaid_Unlimited,Mid_Range,4G,2026-04-10
SUB3908056,1.16,0.53,0.09,0.15,131.07,0,0,55+,Prepaid_Monthly,Premium_Smartphone,5G,2026-03-25
SUB8840130,1.97,6.0,0.72,0.39,95.92,1,1,35-44,Postpaid_Unlimited,Mid_Range,4G,2026-03-22
SUB9357998,1.22,1.23,1.47,0.58,107.33,0,1,45-54,Prepaid_Daily,Premium_Smartphone,4G,2026-03-20
SUB6934261,8.0,0.23,0.66,0.78,75.62,0,0,18-24,Postpaid_Premium,Premium_Smartphone,4G,2026-04-11
SUB5510579,0.41,0.09,0.44,0.2,88.05,0,0,55+,Prepaid_Monthly,5G_Device,5G,2026-03-19
SUB8563493,0.9,0.62,0.0,0.45,70.37,0,0,18-24,Prepaid_Daily,Mid_Range,5G,2026-04-03
SUB3535232,0.69,0.55,0.06,0.57,109.53,0,1,25-34,Prepaid_Daily,5G_Device,4G,2026-03-26
SUB8704694,0.83,0.06,0.02,0.11,27.93,0,0,18-24,Prepaid_Monthly,Basic_Phone,4G+,2026-04-13
SUB3378907,0.48,0.82,0.12,0.25,65.94,1,1,55+,Prepaid_Monthly,Premium_Smartphone,3G,2026-04-08
SUB7990607,0.03,1.12,0.19,0.21,55.39,0,1,45-54,Prepaid_Monthly,Basic_Phone,5G,2026-04-16
SUB5532688,0.62,0.2,0.28,0.04,108.98,0,1,55+,Prepaid_Monthly,Premium_Smartphone,4G,2026-04-14
SUB8579751,1.44,0.51,0.4,0.14,65.72,0,0,45-54,Prepaid_Monthly,Mid_Range,4G,2026-04-11
SUB8133131,0.23,0.59,2.01,0.65,55.51,0,0,25-34,Prepaid_Monthly,Mid_Range,4G,2026-04-16
SUB3363162,1.54,0.16,0.02,0.04,70.28,1,0,55+,Prepaid_Monthly,Mid_Range,4G,2026-04-03
SUB5881909,2.06,2.28,0.08,0.01,144.57,0,0,55+,Postpaid_Unlimited,5G_Device,5G,2026-03-28
SUB6680820,1.06,0.14,0.98,0.05,58.96,0,0,25-34,Postpaid_Basic,Mid_Range,5G,2026-04-04
SUB3692794,0.83,0.88,0.4,0.63,82.25,1,0,18-24,Prepaid_Daily,Premium_Smartphone,3G,2026-03-24
SUB3345704,1.38,0.63,0.09,0.92,120.06,0,0,35-44,Postpaid_Basic,Tablet,5G,2026-03-30
SUB9811940,0.05,0.25,0.0,0.05,24.38,0,0,55+,Postpaid_Premium,Basic_Phone,4G,2026-04-12
SUB9220038,2.36,0.32,0.04,0.04,146.98,0,1,45-54,Prepaid_Daily,Tablet,5G,2026-03-29
SUB9277983,0.66,0.49,0.32,0.29,32.25,1,0,45-54,Prepaid_Monthly,Basic_Phone,5G,2026-04-04
SUB1292575,0.22,0.1,0.02,0.1,48.81,0,1,55+,Postpaid_Basic,5G_Device,3G,2026-03-20
SUB2459700,1.02,0.75,0.55,2.59,106.73,0,1,45-54,Postpaid_Unlimited,Tablet,5G,2026-03-22
SUB9417944,0.94,0.69,0.69,0.22,139.72,1,0,45-54,Postpaid_Basic,Tablet,4G+,2026-04-05
SUB4201078,1.46,2.16,0.21,0.49,39.91,0,0,35-44,Postpaid_Premium,Premium_Smartphone,3G,2026-03-26
SUB3607622,0.12,0.96,0.53,0.44,88.29,0,0,25-34,Prepaid_Monthly,5G_Device,4G,2026-03-26
SUB2886963,6.51,1.05,0.47,0.7,67.43,1,0,35-44,Postpaid_Premium,Mid_Range,5G,2026-04-03
SUB6304120,2.28,0.31,0.12,0.04,46.41,0,1,25-34,Prepaid_Monthly,Mid_Range,4G,2026-03-26
SUB3772605,0.11,0.29,0.32,0.0,79.25,0,0,45-54,Prepaid_Monthly,Mid_Range,5G,2026-04-01
SUB2447947,0.33,1.55,0.19,0.58,50.86,1,1,25-34,Postpaid_Basic,Mid_Range,3G,2026-03-29
SUB6813775,0.96,3.95,0.7,1.19,146.73,1,0,18-24,Postpaid_Unlimited,Premium_Smartphone,4G+,2026-03-28
SUB8242447,0.28,0.49,0.28,0.44,52.8,1,0,18-24,Prepaid_Daily,Basic_Phone,5G,2026-03-23
SUB9278499,2.44,0.82,0.17,0.0,118.13,0,0,35-44,Prepaid_Daily,Tablet,4G+,2026-04-03
SUB7472652,1.41,1.5,0.01,0.39,68.03,0,0,25-34,Postpaid_Premium,Premium_Smartphone,4G,2026-04-04
SUB7606470,2.35,2.2,0.09,1.56,63.65,0,0,25-34,Postpaid_Basic,5G_Device,3G,2026-03-31
SUB2498339,1.25,2.98,1.14,0.59,45.17,0,0,18-24,Prepaid_Monthly,5G_Device,4G,2026-04-01
SUB1676296,1.82,2.48,0.1,0.4,58.5,0,0,25-34,Prepaid_Monthly,5G_Device,4G,2026-03-31
SUB1379039,0.38,0.14,0.04,0.17,32.55,0,0,18-24,Prepaid_Monthly,Basic_Phone,4G+,2026-04-11
SUB1528714,4.61,0.72,2.04,1.63,113.91,0,0,25-34,Postpaid_Basic,Premium_Smartphone,4G+,2026-04-13
SUB8035655,3.26,0.56,2.31,0.07,55.93,0,0,25-34,Postpaid_Premium,Mid_Range,4G,2026-04-15
SUB9368352,0.3,0.91,0.11,1.16,51.72,0,0,25-34,Prepaid_Daily,Mid_Range,5G,2026-04-16
SUB3911190,4.5,2.6,0.58,0.36,66.84,0,0,25-34,Postpaid_Unlimited,Mid_Range,4G+,2026-03-21
SUB9941047,2.71,1.92,0.02,0.6,111.23,0,0,25-34,Prepaid_Monthly,Premium_Smartphone,4G+,2026-04-13
SUB5142535,0.3,1.45,0.2,0.08,59.91,0,0,45-54,Prepaid_Monthly,Mid_Range,5G,2026-04-04
SUB1273452,0.3,4.07,0.28,0.3,52.42,0,0,25-34,Postpaid_Basic,Mid_Range,4G,2026-04-03
SUB5371047,4.9,1.61,0.08,1.56,50.91,0,0,18-24,Postpaid_Premium,Mid_Range,4G,2026-03-31
SUB8184872,0.37,0.47,0.17,0.02,37.42,0,0,18-24,Prepaid_Daily,Basic_Phone,5G,2026-04-04
SUB3189921,3.67,0.88,0.66,0.89,91.65,0,0,25-34,Postpaid_Premium,Premium_Smartphone,5G,2026-04-02
SUB8427297,0.88,4.82,0.74,0.34,119.68,1,0,18-24,Postpaid_Premium,Premium_Smartphone,4G,2026-03-24
SUB4198156,2.23,0.55,1.03,0.08,81.34,0,0,18-24,Prepaid_Daily,Tablet,4G,2026-03-29
SUB6801038,0.88,0.31,0.84,0.29,116.54,0,1,35-44,Prepaid_Daily,Mid_Range,5G,2026-04-01
SUB5822139,1.37,1.72,0.04,0.46,79.74,0,1,35-44,Prepaid_Monthly,Mid_Range,5G,2026-03-21
SUB5954582,1.3,4.57,1.7,1.0,72.65,1,0,25-34,Postpaid_Premium,Mid_Range,4G,2026-04-11
SUB1762371,1.34,0.48,0.05,0.45,93.15,0,0,45-54,Prepaid_Monthly,5G_Device,4G,2026-03-29
SUB4257945,2.95,3.04,0.04,0.36,95.08,0,0,18-24,Postpaid_Premium,Mid_Range,5G,2026-04-15
SUB9279143,0.12,0.41,0.07,0.46,87.2,1,0,55+,Postpaid_Basic,Mid_Range,5G,2026-04-16
SUB6661064,1.74,5.1,0.11,0.76,56.72,0,0,18-24,Postpaid_Premium,Mid_Range,4G,2026-03-29
SUB4768950,0.08,0.36,0.06,0.0,20.57,0,1,35-44,Postpaid_Basic,Basic_Phone,4G+,2026-04-11
SUB1142980,0.28,1.26,0.16,0.08,71.45,0,0,18-24,Prepaid_Monthly,Mid_Range,5G,2026-04-14
SUB7500785,0.94,1.11,0.03,0.14,102.61,0,0,45-54,Postpaid_Unlimited,Premium_Smartphone,4G+,2026-03-27
SUB1257354,1.37,2.54,0.01,0.39,53.37,1,0,25-34,Postpaid_Premium,Premium_Smartphone,3G,2026-03-26
SUB8863438,0.5,1.47,0.64,0.39,122.54,1,0,18-24,Postpaid_Basic,Mid_Range,5G,2026-03-22
SUB6954075,1.02,5.9,1.04,0.09,111.25,1,0,35-44,Postpaid_Basic,Premium_Smartphone,5G,2026-04-07
SUB8972368,2.27,1.34,2.56,2.35,69.12,1,0,18-24,Postpaid_Basic,Mid_Range,4G,2026-04-13
SUB3235883,0.02,1.81,0.36,0.14,80.3,1,0,45-54,Prepaid_Monthly,Premium_Smartphone,3G,2026-03-21
SUB1764265,0.93,5.54,0.28,1.93,97.08,1,0,35-44,Prepaid_Monthly,5G_Device,4G,2026-04-04
SUB7630840,4.23,3.22,1.53,0.17,98.7,0,0,18-24,Prepaid_Monthly,5G_Device,4G,2026-03-26
SUB6668889,3.27,1.55,0.36,0.01,42.04,1,0,25-34,Postpaid_Unlimited,Mid_Range,3G,2026-03-29
SUB1308617,4.71,3.89,2.02,0.94,138.39,0,0,18-24,Postpaid_Basic,Premium_Smartphone,5G,2026-04-14
SUB1744748,1.27,0.5,0.83,0.0,57.36,0,0,35-44,Prepaid_Daily,Tablet,4G,2026-03-30
SUB6087692,2.26,3.55,0.44,0.66,125.77,1,0,25-34,Postpaid_Basic,Premium_Smartphone,5G,2026-04-05
SUB1734275,0.19,0.21,0.26,0.06,106.15,0,1,35-44,Prepaid_Daily,Mid_Range,5G,2026-04-14
SUB7214638,1.27,0.36,0.12,0.35,61.27,0,0,55+,Prepaid_Monthly,Premium_Smartphone,4G,2026-04-09
SUB9987114,5.22,1.92,0.03,2.74,133.06,1,0,25-34,Prepaid_Monthly,Premium_Smartphone,4G,2026-04-17
SUB6439296,0.11,0.67,0.32,0.0,44.21,0,0,55+,Postpaid_Basic,Mid_Range,4G+,2026-03-28
SUB7194224,3.42,1.28,0.14,0.86,83.19,0,1,35-44,Postpaid_Unlimited,Mid_Range,4G+,2026-04-08
SUB9945326,2.32,1.3,0.35,0.28,58.05,0,0,18-24,Postpaid_Unlimited,Premium_Smartphone,4G,2026-04-06
SUB7024293,2.35,2.87,0.05,0.03,122.22,1,0,25-34,Prepaid_Daily,5G_Device,5G,2026-04-13
SUB7193367,0.97,3.26,1.69,0.1,115.84,0,0,35-44,Postpaid_Basic,Tablet,4G+,2026-03-24
SUB6318331,1.09,1.1,0.42,0.05,58.14,0,0,25-34,Postpaid_Premium,Mid_Range,4G+,2026-04-02
SUB9741022,1.98,2.25,0.78,0.26,61.68,0,0,18-24,Prepaid_Monthly,Premium_Smartphone,3G,2026-03-21
SUB3963944,0.35,1.05,0.26,0.11,31.51,0,1,18-24,Postpaid_Premium,Basic_Phone,4G,2026-03-20
SUB4948401,1.45,1.33,0.62,0.74,196.68,0,1,45-54,Postpaid_Unlimited,Tablet,5G,2026-04-17
SUB1124932,0.13,0.24,0.09,0.67,20.11,0,0,35-44,Postpaid_Premium,Basic_Phone,4G,2026-04-13
SUB6234259,1.69,2.75,0.61,0.2,77.61,0,0,35-44,Prepaid_Monthly,Mid_Range,5G,2026-03-27
SUB9656691,0.45,0.16,0.13,0.03,24.49,0,0,18-24,Postpaid_Unlimited,Basic_Phone,4G,2026-04-11
SUB7850807,1.2,0.68,0.03,0.47,97.13,1,1,45-54,Postpaid_Unlimited,Premium_Smartphone,4G,2026-03-28
SUB7280757,0.3,0.34,0.02,0.4,42.14,1,0,55+,Postpaid_Premium,Mid_Range,4G,2026-04-13
SUB7784672,3.06,1.57,0.41,1.62,79.46,0,0,18-24,Prepaid_Monthly,Premium_Smartphone,4G,2026-04-06
SUB4877809,2.77,5.3,0.28,0.08,61.71,0,0,18-24,Postpaid_Premium,Premium_Smartphone,3G,2026-04-04
SUB5876709,0.76,0.88,0.1,0.33,70.83,0,0,45-54,Prepaid_Monthly,Mid_Range,4G+,2026-03-20
SUB3592316,0.42,0.57,0.01,0.21,35.53,0,0,45-54,Prepaid_Monthly,Mid_Range,4G,2026-03-26
SUB6895725,1.03,0.5,0.06,0.1,24.85,1,0,35-44,Postpaid_Basic,Basic_Phone,4G,2026-03-29
SUB9677828,0.14,0.51,0.07,0.03,39.49,0,0,55+,Postpaid_Unlimited,Mid_Range,3G,2026-04-15
SUB6438757,1.73,0.74,0.02,0.78,57.28,0,0,35-44,Postpaid_Premium,Premium_Smartphone,4G,2026-03-31
SUB3664749,1.61,5.68,0.92,0.59,154.1,0,0,18-24,Postpaid_Premium,Premium_Smartphone,5G,2026-03-30
SUB7728926,0.15,0.19,0.16,0.21,42.23,0,0,35-44,Postpaid_Basic,Basic_Phone,5G,2026-03-30
SUB4999453,3.98,2.94,0.16,1.15,153.73,1,1,35-44,Prepaid_Monthly,Premium_Smartphone,4G+,2026-04-12
SUB8246813,0.14,0.41,0.0,0.0,37.37,0,0,55+,Postpaid_Unlimited,Basic_Phone,5G,2026-04-10
SUB3921989,0.49,6.0,0.07,0.04,108.33,0,1,18-24,Postpaid_Basic,Premium_Smartphone,4G,2026-03-21
SUB1984156,0.49,1.67,0.46,0.42,63.64,0,0,35-44,Postpaid_Premium,Tablet,4G,2026-04-10
SUB4713543,0.76,0.6,0.45,0.47,72.23,0,1,45-54,Postpaid_Basic,Mid_Range,4G,2026-03-26
SUB2203920,2.35,0.38,0.72,0.9,88.37,0,0,25-34,Postpaid_Premium,Premium_Smartphone,4G,2026-03-26
SUB4108591,1.16,4.14,0.65,3.83,121.33,0,0,25-34,Postpaid_Unlimited,Premium_Smartphone,5G,2026-04-16
SUB1747852,1.11,0.07,0.15,0.18,53.42,1,0,45-54,Prepaid_Monthly,Mid_Range,4G,2026-04-08
SUB6296990,0.61,1.68,1.11,0.25,52.6,0,1,25-34,Prepaid_Daily,Premium_Smartphone,3G,2026-03-24
SUB7928655,1.3,0.89,0.64,1.03,111.19,0,1,35-44,Prepaid_Monthly,Premium_Smartphone,4G,2026-03-29
SUB2821367,0.68,0.11,0.24,0.44,27.78,0,1,45-54,Postpaid_Unlimited,Mid_Range,3G,2026-04-03
SUB4372863,8.0,4.8,0.04,2.06,152.44,1,1,18-24,Postpaid_Premium,5G_Device,4G,2026-04-16
SUB3899033,0.38,1.31,0.07,0.05,79.79,0,1,55+,Postpaid_Premium,Premium_Smartphone,4G,2026-03-19
SUB2578315,1.96,0.92,0.77,0.23,67.97,0,1,35-44,Prepaid_Monthly,5G_Device,4G,2026-03-19
SUB8427210,4.09,1.81,0.04,1.59,66.37,0,1,25-34,Postpaid_Premium,Premium_Smartphone,4G,2026-04-10
SUB9298852,0.31,1.72,0.93,0.06,36.06,0,0,25-34,Postpaid_Basic,Mid_Range,4G,2026-04-17
SUB7093073,0.13,0.19,0.17,0.3,91.21,0,0,55+,Prepaid_Daily,Premium_Smartphone,4G,2026-03-27
SUB2349590,2.38,2.72,1.24,0.05,81.79,0,0,18-24,Postpaid_Unlimited,Premium_Smartphone,4G,2026-03-28
SUB6366645,0.35,1.25,0.34,0.26,106.44,0,0,25-34,Prepaid_Monthly,Premium_Smartphone,4G+,2026-03-19
SUB6629905,1.26,3.54,0.24,0.21,66.02,0,0,25-34,Prepaid_Monthly,5G_Device,5G,2026-03-29
SUB4045529,8.0,1.94,0.08,2.55,137.98,0,0,25-34,Prepaid_Monthly,5G_Device,5G,2026-03-30
SUB6440107,1.95,1.26,0.4,0.12,78.6,0,1,25-34,Prepaid_Daily,Mid_Range,4G,2026-03-28
SUB8103260,0.98,0.5,0.16,0.19,92.76,1,0,55+,Postpaid_Basic,Mid_Range,4G+,2026-03-20
SUB8081530,2.74,0.79,0.19,0.01,114.26,0,0,45-54,Prepaid_Monthly,Premium_Smartphone,5G,2026-04-12
SUB3897706,3.4,4.31,2.37,0.06,101.27,1,0,25-34,Postpaid_Premium,Premium_Smartphone,4G,2026-04-11
SUB9282356,0.51,0.9,0.12,0.08,112.75,0,0,25-34,Prepaid_Monthly,Premium_Smartphone,5G,2026-04-10
SUB4201473,0.67,0.66,0.07,0.13,46.06,0,0,35-44,Postpaid_Basic,Mid_Range,4G,2026-04-12
SUB7507660,0.93,6.0,3.57,0.12,47.86,0,0,18-24,Postpaid_Basic,Mid_Range,4G,2026-04-03
SUB2449991,0.88,0.19,0.79,0.03,65.05,0,0,45-54,Postpaid_Premium,Mid_Range,5G,2026-03-27
SUB7039523,0.06,0.8,0.39,0.0,55.53,0,1,45-54,Prepaid_Monthly,Premium_Smartphone,4G,2026-04-13
SUB6353966,3.22,1.37,1.23,0.66,78.78,0,1,45-54,Postpaid_Unlimited,Mid_Range,5G,2026-04-03
SUB7747741,0.3,2.52,0.22,0.32,96.86,1,0,25-34,Postpaid_Basic,Premium_Smartphone,4G,2026-04-15
SUB6168554,0.88,2.33,0.17,0.48,76.51,0,0,25-34,Prepaid_Daily,Tablet,4G+,2026-04-05
SUB1424528,0.68,1.3,0.51,0.17,42.75,1,1,18-24,Prepaid_Monthly,Mid_Range,3G,2026-04-01
SUB8990001,0.56,0.17,0.33,0.28,55.02,0,0,25-34,Prepaid_Monthly,Mid_Range,4G+,2026-03-21
SUB7450219,0.17,1.15,0.69,0.94,31.0,0,0,25-34,Postpaid_Premium,Basic_Phone,5G,2026-03-20
SUB2650824,0.33,0.16,0.09,0.09,38.12,0,1,55+,Prepaid_Monthly,Mid_Range,4G,2026-03-21
SUB6265481,0.52,0.42,0.18,0.04,47.0,0,0,45-54,Prepaid_Monthly,Mid_Range,4G,2026-04-01
SUB7702692,0.45,0.05,0.18,0.09,89.86,0,0,55+,Prepaid_Daily,Premium_Smartphone,4G,2026-04-01
SUB9527835,1.1,0.45,0.34,0.47,186.76,1,1,45-54,Prepaid_Monthly,Premium_Smartphone,5G,2026-03-21
SUB2773055,0.28,0.77,0.03,0.15,33.29,0,0,18-24,Postpaid_Premium,Mid_Range,3G,2026-03-19
SUB6192859,0.3,3.49,0.42,0.18,130.49,1,1,35-44,Postpaid_Basic,Premium_Smartphone,4G,2026-04-07
SUB1281854,0.25,1.04,0.68,0.21,39.04,1,0,18-24,Prepaid_Daily,5G_Device,3G,2026-04-17
SUB7662314,0.98,0.47,0.24,0.19,64.97,0,1,25-34,Prepaid_Daily,Mid_Range,4G,2026-03-21
SUB6830395,0.73,0.84,0.02,0.93,62.82,0,0,35-44,Prepaid_Monthly,5G_Device,4G,2026-04-07
SUB2657153,1.29,2.86,0.38,0.5,55.05,0,0,35-44,Postpaid_Premium,Mid_Range,5G,2026-04-11
SUB8083610,0.41,2.33,0.02,0.05,102.82,1,0,35-44,Postpaid_Premium,Mid_Range,4G+,2026-03-21
SUB8842680,1.64,0.45,1.15,0.51,123.65,1,0,18-24,Prepaid_Daily,Premium_Smartphone,4G+,2026-03-31
SUB2806684,0.21,0.56,0.46,0.22,74.56,0,0,18-24,Prepaid_Monthly,Mid_Range,4G+,2026-03-21
SUB2809858,0.16,2.12,0.05,0.24,9.33,0,0,18-24,Prepaid_Monthly,Basic_Phone,5G,2026-04-14
SUB1479083,5.07,4.06,0.06,0.03,49.96,0,1,18-24,Postpaid_Unlimited,Mid_Range,4G,2026-04-15
SUB2901740,0.74,5.23,2.68,0.01,101.61,1,0,18-24,Postpaid_Basic,5G_Device,4G,2026-04-03
SUB6648393,2.28,0.75,0.21,0.47,53.73,1,1,35-44,Prepaid_Monthly,Mid_Range,4G,2026-04-12
SUB7284725,0.58,0.49,0.28,0.01,54.38,0,0,45-54,Prepaid_Monthly,5G_Device,3G,2026-03-29
SUB8752950,2.53,0.71,0.04,0.6,106.08,0,1,25-34,Prepaid_Monthly,Premium_Smartphone,4G,2026-03-23
SUB7709914,0.3,6.0,0.19,0.91,69.9,0,1,35-44,Postpaid_Premium,Mid_Range,4G+,2026-04-12
SUB8395873,0.47,0.31,0.05,0.79,125.21,1,1,18-24,Prepaid_Daily,Mid_Range,5G,2026-03-21
SUB5584946,0.2,0.23,0.04,0.44,70.58,0,0,55+,Prepaid_Monthly,Mid_Range,4G+,2026-04-07
SUB9343199,0.37,1.44,0.21,0.02,25.54,1,0,25-34,Postpaid_Basic,Basic_Phone,4G,2026-04-16
SUB5301400,1.23,0.37,0.09,0.05,47.08,0,0,45-54,Prepaid_Monthly,Mid_Range,4G,2026-04-14
SUB5641094,1.51,0.19,0.01,0.78,105.36,0,1,55+,Postpaid_Basic,Mid_Range,5G,2026-03-30
SUB3707184,0.09,0.63,0.17,0.34,57.84,0,0,45-54,Prepaid_Monthly,Mid_Range,4G,2026-04-10
SUB8873491,0.19,0.25,0.05,0.21,31.67,0,0,18-24,Postpaid_Premium,Basic_Phone,4G,2026-03-24
SUB4770771,1.86,2.6,0.05,0.99,151.05,1,0,35-44,Prepaid_Daily,Premium_Smartphone,5G,2026-04-11
SUB2540724,2.95,1.84,0.7,0.56,52.27,0,1,18-24,Postpaid_Unlimited,Mid_Range,4G,2026-03-21
SUB6875293,1.13,3.87,0.15,0.76,115.02,0,0,18-24,Prepaid_Daily,5G_Device,4G+,2026-03-29
SUB2965730,1.94,0.94,0.41,0.08,54.13,0,0,18-24,Prepaid_Daily,Mid_Range,4G,2026-04-08
SUB8343728,1.52,0.44,0.56,0.0,66.97,0,0,55+,Postpaid_Premium,Premium_Smartphone,4G+,2026-03-23
SUB8097037,0.09,0.74,0.17,0.52,89.79,0,0,55+,Postpaid_Unlimited,5G_Device,4G,2026-03-23
SUB5062224,0.05,0.4,0.04,0.09,20.04,0,0,18-24,Prepaid_Daily,Basic_Phone,4G,2026-04-07
SUB2094316,0.75,3.05,0.1,0.9,77.31,0,1,25-34,Postpaid_Unlimited,Premium_Smartphone,4G,2026-03-24
SUB5300915,0.68,1.48,0.11,0.08,92.35,1,0,55+,Prepaid_Monthly,Premium_Smartphone,4G,2026-04-02
SUB7760403,2.76,1.71,2.08,0.21,68.61,0,0,25-34,Postpaid_Basic,5G_Device,4G,2026-04-16
SUB7620241,0.69,4.88,0.94,0.09,72.27,0,0,25-34,Prepaid_Daily,Premium_Smartphone,4G+,2026-04-07
SUB2636675,0.08,2.26,2.49,1.06,41.11,0,0,25-34,Prepaid_Monthly,Mid_Range,5G,2026-04-03
SUB1801849,1.14,0.81,0.69,0.16,171.95,1,1,45-54,Postpaid_Basic,Premium_Smartphone,4G,2026-03-25
SUB2161068,8.0,3.3,0.5,0.04,82.9,0,1,25-34,Postpaid_Basic,Premium_Smartphone,4G,2026-04-03
SUB8370131,0.12,0.32,0.13,0.36,60.9,0,0,45-54,Postpaid_Basic,Mid_Range,4G,2026-03-26
SUB2035891,1.79,6.0,0.1,1.05,49.4,0,0,25-34,Postpaid_Basic,5G_Device,3G,2026-04-17
SUB1753494,8.0,5.67,0.52,0.15,185.43,0,1,25-34,Postpaid_Unlimited,Premium_Smartphone,5G,2026-04-13
SUB9811785,0.27,0.5,0.15,0.15,29.27,0,0,25-34,Prepaid_Daily,Basic_Phone,4G,2026-04-03
SUB8611432,1.1,0.93,0.79,0.31,115.95,0,1,18-24,Prepaid_Daily,5G_Device,4G+,2026-03-24
SUB4704697,2.71,2.57,1.14,0.62,51.23,0,0,25-34,Postpaid_Premium,Mid_Range,4G,2026-04-02
SUB6277420,2.52,6.0,0.24,0.25,195.78,0,1,18-24,Prepaid_Daily,Premium_Smartphone,5G,2026-03-27
SUB6327580,0.21,2.81,0.55,0.05,73.07,0,0,45-54,Postpaid_Basic,Mid_Range,5G,2026-03-19
SUB8272003,0.27,4.62,0.69,1.11,129.66,1,0,25-34,Postpaid_Basic,5G_Device,4G,2026-03-23
SUB2760511,1.18,0.68,0.13,0.12,54.4,0,0,45-54,Prepaid_Monthly,Premium_Smartphone,4G,2026-03-30
SUB4541815,0.19,1.33,0.42,0.21,88.33,0,0,55+,Postpaid_Unlimited,Premium_Smartphone,4G,2026-04-17
SUB9434610,1.02,1.49,0.36,0.09,85.81,0,0,45-54,Prepaid_Monthly,Tablet,4G,2026-03-28
SUB8389844,0.52,0.13,0.11,0.16,24.46,0,0,55+,Prepaid_Monthly,Mid_Range,4G,2026-04-08
SUB5610146,0.16,0.09,0.05,0.2,21.85,0,0,35-44,Prepaid_Monthly,Basic_Phone,4G,2026-04-11
SUB5139289,1.13,0.83,0.69,0.0,77.61,0,0,18-24,Prepaid_Daily,Premium_Smartphone,4G,2026-04-11
SUB6351826,0.46,0.1,0.09,0.14,30.6,0,0,55+,Prepaid_Monthly,Mid_Range,4G,2026-03-19
SUB7390459,0.96,1.87,0.74,0.04,92.48,0,0,45-54,Postpaid_Premium,Premium_Smartphone,4G,2026-04-10
SUB2784006,0.71,1.16,0.04,1.07,106.05,0,1,45-54,Postpaid_Premium,Premium_Smartphone,4G+,2026-04-08
SUB7072310,1.74,1.01,0.49,0.02,67.93,0,0,35-44,Postpaid_Premium,Premium_Smartphone,4G,2026-04-02
SUB5913478,1.11,0.54,0.12,0.77,32.86,0,0,35-44,Prepaid_Daily,Mid_Range,4G,2026-03-27
SUB9303143,1.25,2.02,3.09,0.36,71.76,1,1,18-24,Prepaid_Daily,5G_Device,4G,2026-03-26
SUB7353300,8.0,3.7,2.34,1.04,183.92,1,1,35-44,Postpaid_Unlimited,Premium_Smartphone,5G,2026-04-14
SUB6968333,1.75,1.97,0.53,0.28,121.98,1,0,18-24,Prepaid_Daily,5G_Device,4G,2026-03-25
SUB7210958,2.74,2.62,3.04,1.13,90.19,0,0,25-34,Postpaid_Unlimited,5G_Device,5G,2026-04-09
SUB7601457,0.21,2.06,0.23,0.09,47.96,0,0,35-44,Postpaid_Premium,Mid_Range,4G,2026-03-19
SUB7679155,0.85,1.66,0.34,3.22,110.57,0,1,25-34,Postpaid_Unlimited,Premium_Smartphone,4G,2026-04-14
SUB6737580,0.26,0.41,0.39,0.02,42.12,0,1,18-24,Prepaid_Monthly,Mid_Range,4G,2026-04-12
SUB6525724,0.48,0.14,0.46,0.68,106.87,0,1,45-54,Prepaid_Daily,5G_Device,4G,2026-03-25
SUB7025095,0.71,0.85,0.29,0.24,56.79,0,0,45-54,Postpaid_Basic,Premium_Smartphone,3G,2026-03-27
SUB1225391,4.5,0.37,0.62,0.01,44.33,1,0,35-44,Postpaid_Premium,Mid_Range,4G,2026-04-12
SUB7698541,0.43,2.3,0.03,1.69,200.0,1,1,25-34,Prepaid_Daily,5G_Device,4G+,2026-03-22
SUB1191387,0.52,0.6,0.19,0.01,83.26,1,0,55+,Postpaid_Premium,Premium_Smartphone,3G,2026-04-14
SUB4632632,8.0,1.3,0.26,0.71,83.87,0,1,18-24,Prepaid_Monthly,5G_Device,3G,2026-04-10
SUB5608474,1.19,0.22,1.06,0.22,75.76,0,0,35-44,Postpaid_Basic,Mid_Range,5G,2026-04-15
SUB3535394,2.08,3.68,0.77,0.07,145.99,0,1,18-24,Postpaid_Unlimited,5G_Device,4G+,2026-04-06
SUB6596526,1.87,1.74,0.63,0.81,166.16,1,0,25-34,Prepaid_Daily,Premium_Smartphone,5G,2026-04-01
SUB4291070,0.48,2.42,0.03,0.11,110.16,0,0,35-44,Prepaid_Monthly,Premium_Smartphone,4G+,2026-03-26
SUB1686268,2.37,1.09,0.4,1.69,72.24,0,0,35-44,Prepaid_Daily,5G_Device,4G+,2026-04-05
SUB1801955,0.42,0.68,0.87,0.09,92.78,0,0,18-24,Prepaid_Daily,Premium_Smartphone,4G,2026-03-24
SUB3013148,2.19,2.58,0.07,0.01,118.53,1,0,25-34,Prepaid_Daily,Premium_Smartphone,4G,2026-03-30
SUB7835735,1.8,4.02,0.34,0.07,45.06,0,0,25-34,Prepaid_Monthly,Mid_Range,5G,2026-04-03
SUB5467223,2.21,1.67,0.39,0.0,50.64,0,0,25-34,Prepaid_Monthly,5G_Device,4G,2026-03-19
SUB3444291,0.5,1.96,0.04,0.37,69.81,0,0,35-44,Postpaid_Premium,Premium_Smartphone,3G,2026-04-15
SUB1147745,2.48,0.18,0.14,1.55,113.24,1,0,25-34,Postpaid_Unlimited,5G_Device,4G+,2026-03-29
SUB4792824,1.24,0.91,0.04,1.09,57.32,0,0,25-34,Prepaid_Monthly,Mid_Range,4G,2026-04-04
SUB1137686,0.59,1.04,1.8,0.0,92.02,0,0,18-24,Prepaid_Daily,Mid_Range,4G+,2026-04-06
SUB6250295,1.23,0.45,0.39,0.01,51.33,0,0,18-24,Prepaid_Monthly,Basic_Phone,5G,2026-04-04
SUB5151923,2.36,0.72,2.36,0.18,53.64,0,0,35-44,Postpaid_Premium,5G_Device,4G,2026-04-11
SUB6679980,1.71,2.46,0.28,0.8,52.45,0,0,35-44,Postpaid_Premium,Mid_Range,4G+,2026-03-25
SUB6149534,1.09,0.41,1.45,0.12,54.59,0,0,18-24,Postpaid_Unlimited,Mid_Range,5G,2026-03-26
SUB4314344,0.5,0.86,0.21,0.25,103.31,0,1,18-24,Prepaid_Daily,Premium_Smartphone,4G,2026-04-15
SUB1049976,0.78,3.41,0.54,0.15,65.55,1,0,35-44,Postpaid_Premium,Mid_Range,5G,2026-04-02
SUB3522620,5.71,2.5,0.57,0.56,86.14,0,1,25-34,Postpaid_Basic,5G_Device,4G,2026-03-23
SUB3027320,8.0,5.32,0.84,1.54,189.14,0,1,25-34,Postpaid_Unlimited,Premium_Smartphone,5G,2026-03-27
SUB2812105,0.38,2.2,2.86,1.75,76.38,0,0,25-34,Postpaid_Basic,Tablet,3G,2026-04-14
SUB6761703,0.54,0.05,0.47,0.43,27.17,0,0,18-24,Prepaid_Monthly,Basic_Phone,4G+,2026-03-20
SUB2947238,3.35,2.27,0.23,1.44,81.19,0,0,18-24,Postpaid_Premium,Mid_Range,5G,2026-03-22
SUB7330034,1.05,0.68,0.34,1.52,48.29,0,1,45-54,Postpaid_Premium,Mid_Range,4G,2026-04-10
SUB5809045,2.81,1.94,2.06,1.17,74.73,1,1,35-44,Prepaid_Monthly,Premium_Smartphone,3G,2026-04-15
SUB9597467,0.67,1.51,0.01,0.01,39.13,0,0,35-44,Prepaid_Daily,Mid_Range,4G,2026-03-27
SUB7402891,0.61,0.49,0.22,0.93,82.18,0,0,25-34,Prepaid_Monthly,Mid_Range,5G,2026-03-31
SUB8031845,0.66,2.35,0.12,0.43,62.45,0,0,35-44,Prepaid_Monthly,5G_Device,4G,2026-03-24
SUB6394418,0.08,0.35,0.09,0.12,75.9,0,1,55+,Prepaid_Monthly,Mid_Range,4G+,2026-03-22
SUB1045475,3.2,1.44,0.4,0.55,82.45,0,1,35-44,Postpaid_Unlimited,Premium_Smartphone,4G+,2026-04-02
SUB9080552,1.94,0.88,0.07,0.12,81.55,0,0,25-34,Postpaid_Basic,Premium_Smartphone,4G,2026-04-09
SUB4303364,0.34,2.29,0.1,0.68,50.61,0,1,35-44,Postpaid_Premium,Mid_Range,4G,2026-04-07
SUB6396364,5.23,1.5,0.61,1.16,166.1,1,0,25-34,Postpaid_Premium,Premium_Smartphone,4G+,2026-03-31
SUB4239254,1.88,5.65,0.52,1.1,200.0,1,1,35-44,Postpaid_Premium,Premium_Smartphone,5G,2026-04-08
SUB2099577,0.54,1.57,0.39,0.1,24.34,0,0,25-34,Postpaid_Unlimited,Mid_Range,3G,2026-04-11
SUB7483485,0.77,0.91,0.07,0.35,57.44,0,1,45-54,Postpaid_Premium,Mid_Range,4G,2026-04-05
SUB5623037,1.92,6.0,0.34,0.68,93.75,1,0,35-44,Postpaid_Basic,5G_Device,4G+,2026-03-30
SUB7959972,1.07,0.57,0.72,0.2,50.8,0,0,18-24,Prepaid_Monthly,Mid_Range,4G,2026-03-21
SUB8232024,4.43,0.87,1.11,0.64,141.53,1,0,18-24,Prepaid_Monthly,Premium_Smartphone,4G+,2026-04-14
SUB2602970,1.23,1.84,1.87,0.03,57.54,0,0,25-34,Prepaid_Monthly,Premium_Smartphone,4G+,2026-03-26
SUB9191922,0.34,0.9,0.13,0.53,31.48,0,0,18-24,Prepaid_Monthly,Mid_Range,4G,2026-03-21
SUB9274125,3.26,3.94,1.64,3.81,90.73,1,0,25-34,Postpaid_Premium,5G_Device,4G+,2026-04-15
SUB2531064,1.54,2.26,0.51,0.04,43.19,0,0,25-34,Postpaid_Basic,Mid_Range,3G,2026-04-01
SUB5411887,2.1,0.63,0.19,1.08,34.81,0,0,25-34,Prepaid_Monthly,Mid_Range,4G,2026-04-07
SUB9615797,1.77,0.6,0.08,0.51,90.5,0,0,55+,Postpaid_Unlimited,Premium_Smartphone,4G,2026-04-13
SUB3076198,0.68,0.43,0.09,0.1,13.36,0,0,25-34,Prepaid_Monthly,Basic_Phone,4G,2026-03-25
SUB8466511,1.11,1.67,1.72,0.7,65.75,0,0,25-34,Postpaid_Basic,Premium_Smartphone,4G,2026-03-24
SUB2468919,0.25,4.21,0.18,4.61,85.57,0,0,18-24,Postpaid_Premium,5G_Device,4G,2026-04-04
SUB4281941,0.27,0.54,0.15,0.09,23.49,0,0,25-34,Postpaid_Basic,Mid_Range,3G,2026-03-28
SUB4410580,0.46,0.6,0.47,0.27,72.78,1,0,18-24,Prepaid_Monthly,Mid_Range,4G,2026-04-13
SUB5999111,1.64,1.75,0.05,2.52,111.42,1,0,35-44,Postpaid_Premium,Mid_Range,5G,2026-03-19
SUB4685104,3.91,1.85,0.74,0.84,83.95,1,0,18-24,Prepaid_Daily,5G_Device,4G,2026-04-12
SUB8659791,0.57,4.46,0.28,0.11,65.57,0,0,35-44,Postpaid_Basic,Mid_Range,5G,2026-04-06
SUB2420858,0.95,0.82,0.02,0.08,54.53,1,1,45-54,Prepaid_Monthly,Mid_Range,3G,2026-03-20
SUB2748982,1.02,2.75,0.07,1.71,123.07,1,0,18-24,Postpaid_Basic,Premium_Smartphone,4G,2026-03-27
SUB7563614,0.33,0.6,0.25,0.04,32.63,0,0,25-34,Prepaid_Monthly,Mid_Range,3G,2026-03-24
SUB5896799,0.64,1.01,0.17,0.03,9.87,0,0,25-34,Postpaid_Premium,Basic_Phone,4G,2026-03-22
SUB9466685,0.56,0.44,0.21,2.18,175.08,1,0,45-54,Prepaid_Monthly,5G_Device,5G,2026-04-14
SUB8479816,3.53,1.18,1.01,0.63,51.16,0,1,25-34,Postpaid_Unlimited,Mid_Range,4G,2026-04-15
SUB7007509,0.5,3.59,0.03,0.41,35.48,1,0,35-44,Postpaid_Unlimited,Mid_Range,3G,2026-03-30
SUB5445818,0.5,0.04,0.1,0.06,37.5,0,0,45-54,Prepaid_Monthly,Mid_Range,3G,2026-03-28
SUB6122964,0.91,1.29,0.59,1.54,75.93,0,0,35-44,Prepaid_Monthly,5G_Device,4G,2026-04-10
SUB7433636,0.89,6.0,0.08,1.09,117.3,1,0,25-34,Postpaid_Premium,Mid_Range,5G,2026-04-03
SUB5095077,0.13,0.37,0.03,0.33,21.35,1,0,18-24,Prepaid_Daily,Basic_Phone,3G,2026-04-06
SUB7263998,0.2,0.72,0.29,0.27,74.09,0,1,35-44,Prepaid_Daily,Mid_Range,5G,2026-04-04
SUB5630232,1.39,0.53,0.1,0.19,104.77,0,1,45-54,Prepaid_Daily,Tablet,4G,2026-04-07
SUB1920114,0.57,0.52,0.11,0.33,98.5,1,0,55+,Postpaid_Basic,Mid_Range,4G+,2026-04-12
SUB9990499,0.03,0.2,0.03,0.01,36.42,0,1,55+,Prepaid_Daily,Basic_Phone,4G,2026-04-15
SUB9147047,0.32,0.57,0.0,0.08,68.9,0,0,45-54,Prepaid_Monthly,Premium_Smartphone,3G,2026-04-17
SUB3182926,2.99,0.93,0.53,0.22,69.49,1,0,35-44,Postpaid_Basic,Mid_Range,5G,2026-04-11
SUB3485670,1.22,0.41,0.58,0.87,46.1,0,0,45-54,Prepaid_Daily,5G_Device,4G,2026-03-31
SUB4344250,1.32,0.53,0.12,0.14,118.45,0,0,25-34,Prepaid_Daily,Premium_Smartphone,4G+,2026-04-07
SUB5023278,1.71,1.56,0.3,0.53,86.08,0,0,35-44,Postpaid_Unlimited,Mid_Range,5G,2026-04-12
SUB1537977,3.73,4.33,0.16,0.94,181.62,0,1,25-34,Postpaid_Premium,Premium_Smartphone,5G,2026-04-10
SUB4668280,1.16,0.14,0.12,0.1,23.8,0,0,25-34,Prepaid_Monthly,Basic_Phone,5G,2026-03-28
SUB3723408,0.21,0.1,0.02,0.01,51.46,0,0,45-54,Prepaid_Daily,Mid_Range,4G,2026-04-16
SUB5784808,6.48,5.55,0.84,0.32,152.46,0,1,25-34,Postpaid_Basic,Premium_Smartphone,5G,2026-04-07
SUB7637640,0.23,1.34,0.14,0.22,17.29,0,0,18-24,Prepaid_Monthly,Mid_Range,3G,2026-04-09
SUB7837388,1.6,0.99,0.55,1.81,93.2,0,0,18-24,Postpaid_Unlimited,Mid_Range,5G,2026-04-16
SUB5654419,0.53,0.47,0.28,0.27,36.51,0,0,45-54,Postpaid_Premium,Basic_Phone,5G,2026-04-08
SUB9430899,2.68,2.03,0.24,0.18,61.88,0,0,35-44,Postpaid_Unlimited,5G_Device,4G,2026-04-13
SUB5622580,8.0,6.0,0.72,0.95,92.15,0,1,25-34,Postpaid_Premium,5G_Device,4G,2026-04-17
SUB5589058,5.15,0.74,0.59,0.09,46.21,0,1,25-34,Postpaid_Basic,Mid_Range,3G,2026-03-28
SUB8245136,6.86,1.12,0.18,2.77,73.76,0,0,25-34,Postpaid_Premium,Mid_Range,5G,2026-04-11
SUB9379966,0.38,3.03,1.5,0.18,79.22,0,1,18-24,Postpaid_Premium,Tablet,4G,2026-04-05
SUB3122827,0.44,1.25,1.58,0.02,65.68,0,0,25-34,Postpaid_Basic,Premium_Smartphone,4G,2026-04-13
SUB8432300,0.48,0.42,0.02,0.1,65.86,0,0,45-54,Prepaid_Daily,Premium_Smartphone,3G,2026-03-27
SUB8637174,6.15,2.96,0.02,0.25,125.21,1,1,25-34,Postpaid_Basic,Premium_Smartphone,4G,2026-04-10
SUB1708672,0.07,1.13,0.18,0.0,38.08,1,0,25-34,Prepaid_Daily,Mid_Range,3G,2026-04-13
SUB7921154,8.0,2.91,1.12,0.09,114.38,0,0,18-24,Postpaid_Premium,Premium_Smartphone,4G+,2026-04-15
SUB9725977,2.27,6.0,1.14,0.05,98.9,0,0,25-34,Postpaid_Premium,5G_Device,4G,2026-04-03
SUB5507167,0.51,0.61,0.39,0.62,7.35,1,0,18-24,Postpaid_Unlimited,Basic_Phone,3G,2026-03-20
SUB3227039,4.74,2.24,0.18,0.29,78.02,1,0,35-44,Postpaid_Basic,Premium_Smartphone,4G,2026-03-25
SUB1296063,1.11,4.53,1.36,2.43,56.64,0,0,25-34,Postpaid_Premium,Premium_Smartphone,4G,2026-03-27
SUB2383875,1.54,0.67,0.19,0.03,76.48,0,0,45-54,Prepaid_Monthly,Tablet,5G,2026-04-16
SUB7625169,0.12,0.71,0.04,0.23,52.61,0,0,35-44,Prepaid_Monthly,Mid_Range,4G,2026-03-30
SUB2876336,3.6,4.08,1.25,1.62,65.22,0,0,25-34,Postpaid_Unlimited,5G_Device,4G,2026-04-15
SUB8541586,5.84,0.42,1.45,0.56,72.69,0,0,25-34,Postpaid_Premium,Mid_Range,4G+,2026-03-31
SUB4956778,0.58,1.74,0.76,0.05,64.81,1,0,35-44,Postpaid_Premium,Mid_Range,4G,2026-04-14
SUB3887757,2.62,0.65,0.32,0.02,39.81,1,0,18-24,Prepaid_Monthly,Mid_Range,3G,2026-03-22
SUB3468665,8.0,3.89,0.6,0.64,75.68,0,1,35-44,Postpaid_Premium,5G_Device,4G,2026-04-14
SUB7472973,0.42,1.63,0.17,0.15,70.05,0,1,55+,Postpaid_Unlimited,Mid_Range,4G,2026-03-19
SUB1692924,3.1,0.12,0.26,1.08,167.38,1,0,25-34,Prepaid_Monthly,5G_Device,5G,2026-03-27
SUB3570115,5.33,1.79,0.84,3.23,200.0,1,1,35-44,Postpaid_Premium,Premium_Smartphone,4G+,2026-04-14
SUB2661655,0.42,1.61,0.79,0.4,144.26,1,0,45-54,Prepaid_Monthly,5G_Device,5G,2026-04-06
SUB8499066,0.85,4.45,0.36,0.07,63.38,0,0,25-34,Prepaid_Daily,Mid_Range,5G,2026-03-21
SUB5672412,2.06,1.31,0.85,2.25,101.83,1,1,35-44,Postpaid_Premium,Mid_Range,4G+,2026-03-27
SUB4100498,1.01,1.65,0.15,0.06,128.57,0,0,25-34,Prepaid_Daily,Premium_Smartphone,5G,2026-04-04
SUB8181479,2.16,0.95,0.35,0.02,36.06,0,0,25-34,Prepaid_Monthly,Premium_Smartphone,3G,2026-04-11
SUB4811666,2.58,1.28,0.6,0.05,54.14,1,1,35-44,Postpaid_Premium,Mid_Range,4G,2026-03-21
SUB4819712,5.16,1.44,0.54,0.27,61.62,0,1,35-44,Postpaid_Premium,Premium_Smartphone,4G,2026-03-31
SUB2033668,0.06,0.08,0.0,0.01,10.27,0,0,55+,Prepaid_Monthly,Basic_Phone,4G,2026-03-29
SUB8712079,2.52,5.71,4.0,3.59,103.92,1,0,18-24,Postpaid_Unlimited,Premium_Smartphone,4G,2026-04-07
SUB6604327,0.81,0.7,0.15,0.49,104.19,0,1,25-34,Prepaid_Monthly,Mid_Range,5G,2026-04-16
SUB3473199,1.15,1.87,2.03,0.02,53.21,1,0,25-34,Postpaid_Unlimited,Mid_Range,4G,2026-04-13
SUB9271330,0.54,1.41,0.39,0.42,74.34,0,0,18-24,Postpaid_Premium,5G_Device,5G,2026-03-28
SUB9686283,1.04,4.28,0.73,0.01,59.13,0,0,25-34,Prepaid_Monthly,Premium_Smartphone,4G,2026-03-26
SUB1708175,0.99,0.71,0.87,0.45,63.2,0,0,25-34,Prepaid_Daily,5G_Device,4G,2026-04-08
SUB2867306,0.32,0.33,0.05,0.13,26.83,0,0,25-34,Prepaid_Monthly,Basic_Phone,4G,2026-04-07
SUB9652233,0.54,0.16,0.02,0.02,12.39,0,0,25-34,Prepaid_Daily,Basic_Phone,4G,2026-03-29
SUB1842840,2.54,1.49,1.1,0.92,76.92,0,0,25-34,Postpaid_Basic,Premium_Smartphone,5G,2026-03-27
SUB5394643,0.34,0.4,0.33,0.0,52.07,0,1,55+,Prepaid_Monthly,Mid_Range,4G+,2026-04-04
SUB6889118,0.08,0.21,0.05,0.0,11.24,0,0,45-54,Prepaid_Monthly,Basic_Phone,4G,2026-04-14
SUB6128643,8.0,2.39,0.06,2.36,57.76,0,0,18-24,Postpaid_Premium,Mid_Range,5G,2026-04-02
SUB1125355,0.77,0.15,0.61,0.02,57.38,0,0,45-54,Prepaid_Monthly,Mid_Range,4G+,2026-04-03
SUB5222102,0.59,0.73,0.24,0.04,56.77,1,1,35-44,Postpaid_Basic,Mid_Range,3G,2026-03-21
SUB1615937,0.33,0.96,0.3,0.12,88.09,0,0,45-54,Prepaid_Daily,5G_Device,4G,2026-03-22
SUB2375607,2.3,2.1,0.31,2.15,39.22,0,0,25-34,Postpaid_Premium,Mid_Range,4G,2026-03-22
SUB1019477,3.49,1.62,0.01,0.01,104.37,1,0,25-34,Postpaid_Basic,Premium_Smartphone,4G,2026-04-16
SUB4556210,0.24,0.17,0.27,0.28,47.03,1,0,45-54,Postpaid_Premium,Basic_Phone,4G+,2026-04-04
SUB7508856,2.38,1.13,0.11,0.41,122.46,1,0,25-34,Prepaid_Daily,5G_Device,4G,2026-04-05
SUB3487111,0.65,0.34,0.02,0.01,54.09,0,0,55+,Prepaid_Monthly,Mid_Range,4G,2026-04-17
SUB3009606,0.59,0.18,0.19,0.15,36.4,0,0,45-54,Prepaid_Daily,Mid_Range,4G,2026-04-13
SUB2559757,0.04,0.07,0.01,0.01,22.29,0,0,55+,Prepaid_Daily,Basic_Phone,4G+,2026-04-02
SUB8315830,0.6,0.35,0.79,0.1,59.79,0,0,25-34,Prepaid_Daily,Mid_Range,4G,2026-03-20
SUB7156738,8.0,1.64,2.72,0.49,92.33,1,1,18-24,Postpaid_Basic,5G_Device,4G,2026-04-14
SUB4432207,2.63,0.88,0.32,0.7,64.01,0,1,25-34,Postpaid_Basic,Mid_Range,4G,2026-04-09
SUB7171638,1.05,3.08,0.2,0.09,94.48,0,1,55+,Postpaid_Premium,5G_Device,5G,2026-04-07
SUB2881297,1.22,2.08,0.31,0.3,94.44,0,0,25-34,Prepaid_Monthly,5G_Device,5G,2026-03-25
SUB7083059,0.17,1.21,0.44,0.29,73.14,1,1,35-44,Postpaid_Basic,Basic_Phone,4G+,2026-04-10
SUB5529275,3.03,1.26,0.32,1.18,53.96,0,0,25-34,Postpaid_Unlimited,Mid_Range,4G,2026-03-22
SUB9519792,2.94,6.0,1.1,1.04,75.84,1,0,25-34,Postpaid_Basic,5G_Device,4G,2026-03-22
SUB2135627,0.54,0.24,0.04,0.25,14.62,0,0,18-24,Postpaid_Basic,Basic_Phone,4G+,2026-04-09
SUB1245300,5.82,3.92,0.51,0.02,113.84,0,1,25-34,Postpaid_Unlimited,5G_Device,4G+,2026-04-17
SUB9972618,1.9,1.11,0.51,1.18,109.46,0,1,45-54,Postpaid_Unlimited,5G_Device,4G,2026-03-20
SUB1092036,0.54,1.54,0.06,0.23,78.98,1,0,18-24,Prepaid_Monthly,5G_Device,4G,2026-04-04
SUB6995802,0.62,2.15,0.03,0.22,118.42,1,0,45-54,Postpaid_Basic,Premium_Smartphone,4G,2026-04-10
SUB7439051,0.95,0.88,0.94,0.55,124.2,1,0,35-44,Postpaid_Basic,5G_Device,4G,2026-04-05
SUB1853392,4.79,1.66,0.8,0.41,82.32,0,0,35-44,Postpaid_Premium,Premium_Smartphone,5G,2026-03-30
SUB7015877,0.41,0.25,0.37,0.29,29.43,0,0,35-44,Postpaid_Unlimited,Mid_Range,3G,2026-04-07
SUB9670304,2.0,0.33,0.19,0.21,16.04,0,0,25-34,Prepaid_Monthly,Basic_Phone,5G,2026-04-10
SUB4662340,0.5,4.67,0.04,1.29,67.15,0,0,25-34,Postpaid_Premium,5G_Device,4G,2026-03-25
SUB1154692,1.48,0.54,0.32,0.41,100.26,0,0,45-54,Postpaid_Premium,5G_Device,4G,2026-04-08
SUB9362101,3.13,1.92,0.5,0.05,76.82,0,0,25-34,Prepaid_Monthly,Premium_Smartphone,4G,2026-04-02
SUB5457335,0.94,0.78,0.8,0.05,83.85,0,0,25-34,Postpaid_Premium,Premium_Smartphone,4G,2026-04-10
SUB2657888,0.67,1.08,1.5,1.11,64.39,0,1,18-24,Prepaid_Monthly,Mid_Range,4G+,2026-03-21
SUB3585917,1.42,1.39,0.42,0.46,117.6,0,0,35-44,Prepaid_Daily,5G_Device,5G,2026-03-19
SUB9110129,0.74,0.82,0.21,0.89,25.42,0,0,25-34,Postpaid_Unlimited,Basic_Phone,5G,2026-04-10
SUB7147560,0.31,0.77,0.52,0.03,77.52,1,0,25-34,Prepaid_Monthly,Premium_Smartphone,3G,2026-03-19
SUB8946258,3.47,4.31,0.09,0.14,86.03,1,0,18-24,Postpaid_Basic,5G_Device,3G,2026-03-24
SUB8557845,0.01,0.19,0.06,0.34,14.04,0,0,55+,Postpaid_Premium,Mid_Range,3G,2026-03-22
SUB2824964,1.35,2.64,0.04,0.43,58.03,0,0,25-34,Postpaid_Unlimited,Tablet,3G,2026-04-12
SUB8724922,0.33,0.6,0.28,0.84,105.53,0,1,35-44,Postpaid_Unlimited,Tablet,4G,2026-03-24
SUB9152513,1.89,1.26,1.43,0.84,114.77,1,0,35-44,Postpaid_Basic,5G_Device,4G,2026-03-25
SUB7789408,0.48,0.82,0.49,0.2,50.94,0,1,45-54,Postpaid_Basic,Premium_Smartphone,3G,2026-04-16
SUB5764812,0.86,0.16,1.1,0.14,69.38,1,1,25-34,Prepaid_Monthly,Mid_Range,4G,2026-03-31
SUB2568146,0.1,0.18,0.06,0.26,45.26,0,0,45-54,Postpaid_Basic,Premium_Smartphone,3G,2026-03-27
SUB1483455,3.0,3.0,1.82,0.67,81.09,0,1,25-34,Postpaid_Unlimited,Mid_Range,4G+,2026-04-11
SUB5036405,0.49,0.16,0.1,0.14,21.06,0,0,25-34,Postpaid_Premium,Basic_Phone,4G,2026-03-21
SUB9935827,0.59,0.04,0.07,1.18,74.18,0,0,35-44,Prepaid_Daily,5G_Device,4G,2026-03-31
SUB3186268,0.75,0.39,0.92,1.14,137.97,1,0,45-54,Prepaid_Daily,Premium_Smartphone,5G,2026-03-28
SUB5445975,1.57,0.91,0.24,0.13,37.3,0,0,35-44,Postpaid_Unlimited,Mid_Range,4G,2026-04-03
SUB3871656,0.52,0.14,0.33,0.12,34.19,0,0,45-54,Postpaid_Premium,Basic_Phone,5G,2026-04-02
SUB5708569,1.8,3.89,0.82,0.17,165.71,1,0,25-34,Postpaid_Basic,Premium_Smartphone,4G+,2026-03-26
SUB4855933,0.06,0.43,0.4,0.51,83.75,0,0,55+,Postpaid_Basic,5G_Device,4G,2026-04-01
SUB3326729,1.36,0.73,0.08,0.39,78.77,1,1,18-24,Prepaid_Monthly,Mid_Range,4G,2026-04-03
SUB7695233,0.24,0.05,0.21,0.02,17.13,0,0,35-44,Postpaid_Premium,Basic_Phone,4G,2026-03-24
SUB9274437,2.15,1.89,1.77,0.88,111.3,0,0,25-34,Postpaid_Basic,Premium_Smartphone,5G,2026-03-27
SUB4907129,3.71,0.47,0.95,0.71,60.94,0,0,25-34,Postpaid_Premium,Mid_Range,5G,2026-04-10
SUB1095556,1.93,6.0,0.35,0.46,60.45,0,1,25-34,Prepaid_Monthly,Mid_Range,4G,2026-03-30
SUB6399869,0.58,1.55,0.44,0.01,56.92,0,0,25-34,Prepaid_Monthly,Premium_Smartphone,3G,2026-04-03
SUB4469992,1.66,2.77,0.51,1.36,95.25,0,0,18-24,Prepaid_Monthly,Premium_Smartphone,5G,2026-04-06
SUB7139353,8.0,5.11,0.38,0.15,148.78,1,1,25-34,Postpaid_Unlimited,Premium_Smartphone,4G+,2026-04-07
SUB1652755,6.26,3.8,1.42,0.1,72.11,0,0,18-24,Postpaid_Unlimited,5G_Device,4G+,2026-03-26
SUB4666344,3.08,3.05,0.0,1.62,116.44,0,0,35-44,Postpaid_Premium,Premium_Smartphone,5G,2026-04-15
SUB6650352,4.52,3.0,1.04,1.55,112.19,1,0,18-24,Postpaid_Unlimited,5G_Device,4G,2026-03-29
SUB1743088,3.3,2.61,0.83,0.57,120.73,0,0,18-24,Postpaid_Premium,5G_Device,5G,2026-03-20
SUB1059778,1.98,4.03,0.39,1.21,57.11,0,0,18-24,Prepaid_Monthly,Premium_Smartphone,3G,2026-04-10
SUB6003361,0.2,0.83,0.03,0.21,24.44,0,0,25-34,Postpaid_Premium,Basic_Phone,4G,2026-04-09
SUB9075042,1.64,3.12,0.46,0.0,150.58,1,1,45-54,Prepaid_Monthly,5G_Device,4G,2026-03-28
SUB8706113,0.34,0.02,0.08,0.02,167.47,1,0,55+,Prepaid_Monthly,5G_Device,4G+,2026-03-24
SUB3173513,0.84,2.3,0.09,0.39,42.03,0,0,18-24,Prepaid_Monthly,Mid_Range,4G,2026-04-05
SUB9910762,1.59,1.45,0.75,0.26,131.68,0,0,35-44,Prepaid_Monthly,Premium_Smartphone,5G,2026-03-19
SUB7913462,0.95,1.23,0.22,1.55,39.34,0,0,35-44,Postpaid_Premium,Mid_Range,3G,2026-03-31
SUB2011930,0.45,0.25,0.08,0.03,44.43,0,0,25-34,Prepaid_Daily,Basic_Phone,5G,2026-03-30
SUB6862044,0.45,0.88,0.01,0.02,72.87,1,0,35-44,Prepaid_Daily,Premium_Smartphone,4G,2026-03-24
SUB9280083,0.35,6.0,2.92,0.01,73.0,0,1,18-24,Postpaid_Premium,Mid_Range,4G+,2026-03-24
SUB2785818,1.98,1.35,1.07,2.16,98.19,0,1,25-34,Postpaid_Premium,Mid_Range,5G,2026-03-22
SUB3951720,0.03,0.69,0.35,0.02,83.02,0,0,25-34,Postpaid_Basic,Premium_Smartphone,4G,2026-04-12
SUB3082963,1.24,1.13,4.0,0.12,57.81,0,0,18-24,Prepaid_Daily,5G_Device,4G,2026-03-31
SUB6962859,3.42,0.8,0.13,0.16,95.7,0,0,35-44,Prepaid_Monthly,5G_Device,5G,2026-04-12
SUB5256146,4.62,2.72,0.19,1.5,68.17,0,0,25-34,Postpaid_Premium,Tablet,4G,2026-03-29
SUB1289134,1.71,1.34,1.08,0.19,122.59,0,1,25-34,Postpaid_Premium,Premium_Smartphone,4G,2026-04-01
SUB8632285,0.94,0.15,1.9,0.14,144.35,0,0,25-34,Prepaid_Daily,Premium_Smartphone,5G,2026-04-15
SUB5324660,1.69,3.07,1.17,0.6,143.94,0,1,45-54,Postpaid_Unlimited,5G_Device,5G,2026-04-05
SUB3866069,0.74,1.08,0.04,0.98,84.15,0,0,45-54,Prepaid_Monthly,Premium_Smartphone,4G,2026-03-27
SUB1737090,3.46,0.41,0.14,0.1,53.41,1,1,35-44,Prepaid_Monthly,Mid_Range,4G,2026-04-16
SUB4835598,1.15,1.38,0.11,2.25,66.29,0,0,25-34,Postpaid_Basic,Mid_Range,5G,2026-03-25
SUB5982042,6.38,1.96,0.15,0.39,129.43,0,0,35-44,Prepaid_Monthly,5G_Device,4G+,2026-04-08
SUB2052425,2.84,0.81,0.27,0.57,52.29,0,0,25-34,Postpaid_Unlimited,Mid_Range,5G,2026-03-29
SUB7303816,0.13,1.87,0.87,0.34,70.78,1,0,18-24,Prepaid_Daily,Mid_Range,4G,2026-04-02
SUB1777567,0.45,0.69,0.33,0.34,89.94,1,1,25-34,Prepaid_Monthly,Mid_Range,5G,2026-04-13
SUB3716207,0.97,3.95,0.39,0.8,94.22,1,1,25-34,Prepaid_Monthly,5G_Device,4G,2026-03-31
SUB7552901,0.27,0.46,1.21,1.43,33.09,0,1,35-44,Postpaid_Basic,Mid_Range,3G,2026-04-10
SUB2749736,0.79,0.22,0.23,0.02,76.48,1,1,55+,Prepaid_Daily,Premium_Smartphone,4G,2026-04-10
SUB7721635,0.56,0.57,0.06,0.09,67.89,0,0,45-54,Prepaid_Daily,Mid_Range,5G,2026-03-23
SUB1051707,0.51,2.3,0.09,0.2,94.83,0,0,18-24,Prepaid_Monthly,Premium_Smartphone,4G+,2026-04-16
SUB9669441,2.19,5.0,0.38,0.35,113.49,0,0,18-24,Postpaid_Basic,Premium_Smartphone,4G+,2026-04-13
SUB7104128,1.87,0.73,0.98,0.46,31.18,0,0,18-24,Postpaid_Premium,Basic_Phone,5G,2026-04-09
SUB2877145,7.4,0.41,0.77,0.2,99.6,0,0,35-44,Postpaid_Premium,Tablet,4G,2026-03-26
SUB7687666,4.36,1.79,0.02,3.04,62.61,0,1,35-44,Postpaid_Basic,5G_Device,4G,2026-04-05
SUB1778799,0.07,0.22,0.01,0.01,39.22,0,1,55+,Prepaid_Monthly,Mid_Range,3G,2026-04-05
SUB8079701,1.73,5.87,0.12,0.2,50.3,0,0,25-34,Postpaid_Unlimited,Mid_Range,4G,2026-03-30
SUB1879459,0.34,1.46,0.18,0.02,49.17,0,0,45-54,Postpaid_Basic,Mid_Range,5G,2026-03-20
SUB9249953,0.18,1.78,0.0,0.1,99.16,1,0,35-44,Prepaid_Monthly,5G_Device,4G,2026-03-27
SUB2822744,3.09,1.07,0.91,0.23,119.31,1,1,45-54,Postpaid_Basic,Mid_Range,5G,2026-04-16
SUB9167707,1.14,1.05,0.35,0.2,62.86,0,0,35-44,Postpaid_Premium,Mid_Range,4G,2026-04-08
SUB4843139,0.6,0.69,0.95,0.02,74.33,0,0,35-44,Prepaid_Monthly,Premium_Smartphone,4G+,2026-04-07
SUB5447395,0.29,0.55,0.04,0.15,22.03,0,0,35-44,Prepaid_Daily,Basic_Phone,4G,2026-04-17
SUB3361216,0.01,0.48,0.1,0.82,37.7,0,0,35-44,Prepaid_Daily,Mid_Range,4G,2026-03-23
SUB8446153,1.32,4.56,0.52,2.86,92.11,0,1,25-34,Postpaid_Premium,Premium_Smartphone,4G,2026-04-08
SUB3567587,1.2,2.28,0.23,0.69,53.0,0,0,18-24,Prepaid_Daily,Mid_Range,4G,2026-04-03
SUB1264237,2.66,2.53,0.03,1.95,86.49,0,1,18-24,Postpaid_Basic,5G_Device,4G,2026-04-08
SUB5469353,0.48,0.35,0.94,1.14,60.44,1,0,25-34,Prepaid_Daily,5G_Device,4G,2026-03-27
SUB5840351,1.01,0.99,0.08,0.01,44.04,0,0,35-44,Prepaid_Monthly,Mid_Range,4G,2026-03-26
SUB3514719,3.2,0.91,3.92,0.02,67.38,1,0,18-24,Prepaid_Monthly,Premium_Smartphone,4G,2026-03-28
SUB2908911,0.78,1.61,0.39,0.51,105.82,0,0,25-34,Prepaid_Daily,Premium_Smartphone,4G+,2026-04-13
SUB5002981,2.31,0.11,0.31,0.66,94.81,0,0,25-34,Prepaid_Daily,Premium_Smartphone,5G,2026-04-04
SUB2419920,0.25,0.08,0.04,0.11,18.16,1,0,35-44,Postpaid_Premium,Basic_Phone,4G,2026-03-28
SUB9360777,0.26,0.13,0.28,0.36,28.63,0,0,25-34,Postpaid_Basic,Basic_Phone,4G+,2026-04-01
SUB3179441,1.12,6.0,1.55,1.01,114.72,0,1,18-24,Postpaid_Premium,5G_Device,4G+,2026-03-26
SUB3737946,2.45,3.28,0.14,0.07,90.72,0,1,18-24,Prepaid_Daily,Mid_Range,5G,2026-04-11
SUB3088062,1.57,2.21,0.24,2.97,117.45,1,1,18-24,Postpaid_Unlimited,Premium_Smartphone,3G,2026-03-29
SUB2834907,2.41,0.73,1.63,0.32,99.44,1,0,45-54,Postpaid_Unlimited,Premium_Smartphone,4G,2026-03-31
SUB9352110,0.9,1.49,0.41,0.06,72.48,0,0,25-34,Prepaid_Daily,Mid_Range,5G,2026-04-07
SUB4861774,3.46,4.8,0.17,0.27,77.38,0,0,35-44,Postpaid_Unlimited,5G_Device,4G,2026-04-16
SUB4633795,0.93,0.81,1.26,1.04,39.5,0,0,35-44,Prepaid_Monthly,5G_Device,3G,2026-04-12
SUB4477084,0.14,0.13,0.21,0.25,33.14,0,0,55+,Postpaid_Premium,Mid_Range,4G,2026-04-07
SUB5327802,1.53,0.64,0.05,0.47,81.81,0,1,25-34,Prepaid_Monthly,5G_Device,4G,2026-03-23
SUB4399752,0.25,0.46,0.33,0.01,21.2,0,0,18-24,Postpaid_Basic,Basic_Phone,4G+,2026-04-15
SUB4800986,0.64,6.0,0.29,0.57,106.02,0,0,18-24,Postpaid_Basic,5G_Device,4G+,2026-03-21
SUB6332889,0.13,1.89,0.4,0.78,95.36,0,0,18-24,Prepaid_Monthly,Premium_Smartphone,4G,2026-04-02
SUB1723858,0.16,0.59,0.13,0.09,39.29,0,0,35-44,Postpaid_Premium,Premium_Smartphone,3G,2026-03-23
SUB1044816,2.19,2.66,0.58,0.3,31.64,0,0,18-24,Postpaid_Basic,Mid_Range,4G,2026-03-25
SUB1004138,2.15,0.38,0.53,0.67,27.95,0,0,18-24,Postpaid_Basic,Mid_Range,3G,2026-03-23
SUB5163960,0.92,0.49,1.15,0.46,107.36,1,0,45-54,Postpaid_Unlimited,5G_Device,4G,2026-03-31
SUB8081905,4.4,0.88,0.1,4.59,141.77,1,0,35-44,Postpaid_Unlimited,Premium_Smartphone,5G,2026-03-26
SUB4864044,5.51,6.0,0.5,0.64,72.92,1,0,18-24,Postpaid_Unlimited,Premium_Smartphone,4G,2026-03-26
SUB7647463,3.53,2.47,0.69,0.05,85.76,0,0,18-24,Postpaid_Unlimited,5G_Device,4G,2026-03-20
SUB8088166,0.15,0.07,0.01,0.08,38.11,0,0,18-24,Prepaid_Monthly,Premium_Smartphone,3G,2026-04-07
SUB1221552,0.05,0.17,0.02,0.18,57.97,0,0,55+,Prepaid_Monthly,Mid_Range,4G,2026-03-29
SUB9432372,1.08,0.31,0.07,0.51,55.18,1,0,45-54,Prepaid_Monthly,5G_Device,3G,2026-03-22
SUB2897951,4.41,0.56,3.74,0.18,118.42,0,1,45-54,Postpaid_Unlimited,5G_Device,4G,2026-03-26
SUB6862835,0.43,0.24,0.14,0.17,27.86,0,1,55+,Prepaid_Daily,Mid_Range,4G,2026-04-09
SUB9705070,1.63,2.08,0.56,0.09,126.2,0,1,25-34,Prepaid_Monthly,Premium_Smartphone,4G+,2026-03-29
SUB3157280,0.35,1.17,0.75,0.11,92.58,0,0,18-24,Prepaid_Daily,Tablet,4G,2026-04-15
SUB1808301,0.47,0.65,0.01,0.05,21.8,0,0,25-34,Prepaid_Monthly,Basic_Phone,4G,2026-03-20
SUB6476420,0.27,0.39,0.04,0.06,40.09,0,0,35-44,Prepaid_Monthly,Basic_Phone,4G+,2026-04-10
SUB7296495,0.47,1.84,0.96,1.56,200.0,1,1,45-54,Postpaid_Basic,Premium_Smartphone,5G,2026-03-23
SUB5346657,2.28,0.19,1.02,0.34,50.96,0,0,25-34,Prepaid_Daily,Mid_Range,4G,2026-04-05
SUB1112935,0.83,1.1,0.9,0.48,75.27,0,1,25-34,Postpaid_Basic,Premium_Smartphone,3G,2026-03-25
SUB9200252,0.97,1.65,0.08,0.38,139.59,0,0,55+,Postpaid_Premium,Premium_Smartphone,5G,2026-04-16
SUB3150205,0.39,1.71,0.36,0.5,36.58,0,0,18-24,Postpaid_Premium,Basic_Phone,5G,2026-03-29
SUB6424441,0.12,0.3,0.16,0.2,44.87,0,0,45-54,Prepaid_Daily,5G_Device,3G,2026-04-07
SUB5280650,2.0,2.58,0.3,0.05,40.34,0,0,18-24,Postpaid_Unlimited,Mid_Range,4G,2026-03-28
SUB5523535,3.79,1.48,0.8,0.64,65.65,1,0,25-34,Postpaid_Premium,Mid_Range,4G,2026-04-05
SUB5752989,0.6,0.7,0.5,0.18,28.91,0,0,18-24,Prepaid_Daily,Mid_Range,3G,2026-04-11
SUB5310518,5.79,2.29,1.52,0.21,114.06,0,0,35-44,Postpaid_Premium,5G_Device,5G,2026-04-14
SUB2730085,0.22,1.27,0.01,1.25,65.92,1,0,35-44,Postpaid_Premium,Mid_Range,4G,2026-04-14
SUB3026110,0.74,0.55,0.4,0.04,29.3,0,0,25-34,Postpaid_Basic,Basic_Phone,4G,2026-03-25
SUB6641379,1.23,0.95,0.4,0.3,125.86,1,1,45-54,Prepaid_Daily,Tablet,4G,2026-04-09
SUB9825150,0.17,4.65,0.14,0.13,85.84,0,0,35-44,Postpaid_Basic,Tablet,4G,2026-04-15
SUB6519948,3.45,1.23,0.02,0.72,59.76,0,1,35-44,Postpaid_Premium,Mid_Range,4G,2026-04-11
SUB7928887,0.46,0.37,0.08,0.04,17.93,0,0,18-24,Prepaid_Monthly,Basic_Phone,4G,2026-04-10
SUB5566701,1.44,1.22,0.19,0.1,108.86,0,0,45-54,Postpaid_Premium,Premium_Smartphone,4G+,2026-04-13
SUB9127333,8.0,2.95,0.24,0.03,169.8,0,1,18-24,Prepaid_Monthly,Premium_Smartphone,5G,2026-04-10
SUB3980672,1.08,1.8,0.41,0.1,56.1,0,0,18-24,Postpaid_Basic,5G_Device,4G,2026-03-22
SUB9236781,0.65,0.82,0.05,0.05,29.41,0,0,18-24,Prepaid_Monthly,Mid_Range,4G,2026-03-25
SUB9815282,2.46,1.15,0.75,0.27,97.23,1,1,25-34,Prepaid_Monthly,Mid_Range,4G,2026-04-02
SUB6202413,5.42,1.04,1.24,2.57,104.46,0,1,45-54,Postpaid_Unlimited,Premium_Smartphone,4G+,2026-03-24
SUB1082409,0.27,6.0,0.74,0.9,98.93,0,1,25-34,Postpaid_Premium,Premium_Smartphone,5G,2026-03-19
SUB8363280,1.17,1.7,0.97,0.78,61.64,0,0,25-34,Prepaid_Monthly,Premium_Smartphone,3G,2026-03-31
SUB7766886,3.0,1.53,0.18,0.03,77.54,0,0,45-54,Prepaid_Monthly,5G_Device,4G,2026-03-24
SUB9212411,1.38,4.13,0.35,0.2,82.74,0,0,35-44,Postpaid_Premium,Premium_Smartphone,5G,2026-04-07
SUB6417755,2.19,1.77,0.35,0.34,42.5,0,1,45-54,Postpaid_Premium,Mid_Range,4G,2026-04-15
SUB6131104,0.7,5.35,0.33,0.35,75.63,0,0,18-24,Postpaid_Premium,Premium_Smartphone,4G+,2026-03-19
SUB4499701,0.42,0.93,0.15,0.22,55.93,0,0,35-44,Postpaid_Basic,Mid_Range,4G+,2026-04-07
SUB2927716,1.08,2.02,0.69,1.06,96.06,0,0,18-24,Postpaid_Unlimited,Premium_Smartphone,5G,2026-03-23
SUB6241684,0.05,1.39,0.17,0.12,57.33,0,0,55+,Postpaid_Premium,Tablet,3G,2026-03-20
SUB6081857,0.72,0.2,0.38,0.56,65.95,0,1,35-44,Prepaid_Daily,Premium_Smartphone,4G,2026-04-12
SUB6759420,0.01,0.41,0.08,0.44,45.74,0,0,35-44,Postpaid_Basic,Mid_Range,4G,2026-03-31
SUB6306490,1.25,1.29,0.33,0.09,84.92,1,1,18-24,Prepaid_Monthly,Mid_Range,5G,2026-03-27
SUB7922981,1.09,2.14,0.91,0.02,44.82,0,1,25-34,Postpaid_Premium,Mid_Range,4G,2026-03-21
SUB8817209,1.24,0.04,0.08,0.17,40.19,0,0,18-24,Prepaid_Daily,Mid_Range,4G,2026-04-05
SUB5893091,2.11,0.99,0.24,1.0,69.5,0,1,25-34,Prepaid_Monthly,Premium_Smartphone,3G,2026-03-27
SUB4800315,0.8,0.97,0.82,3.39,69.85,1,0,25-34,Prepaid_Monthly,Premium_Smartphone,4G,2026-04-11
SUB7469723,1.12,0.71,0.1,0.5,127.09,0,1,35-44,Prepaid_Daily,Premium_Smartphone,4G+,2026-04-10
SUB7102545,1.14,1.07,0.33,0.54,53.43,0,0,18-24,Prepaid_Monthly,Mid_Range,4G+,2026-04-12
SUB3252641,3.83,0.91,0.03,0.16,99.81,1,0,45-54,Postpaid_Premium,Mid_Range,5G,2026-03-28
SUB1344126,0.02,0.3,0.57,0.13,32.45,1,0,18-24,Prepaid_Monthly,Basic_Phone,4G+,2026-03-20
SUB6107385,0.46,1.27,0.04,0.2,48.53,0,1,18-24,Postpaid_Basic,Mid_Range,4G,2026-04-15
SUB9074444,3.24,1.08,1.47,1.46,166.87,1,0,45-54,Postpaid_Basic,5G_Device,5G,2026-03-28
SUB2137411,1.61,0.64,0.26,0.22,75.8,0,1,35-44,Postpaid_Basic,5G_Device,4G,2026-03-23
SUB2670357,3.77,0.96,0.68,0.33,56.74,0,0,25-34,Postpaid_Basic,Tablet,4G,2026-04-14
SUB6939334,0.95,0.86,0.15,0.12,56.28,0,0,18-24,Prepaid_Daily,Premium_Smartphone,4G,2026-03-28
SUB7393404,1.38,0.58,0.61,1.69,124.23,0,1,35-44,Prepaid_Monthly,Premium_Smartphone,4G+,2026-03-26
SUB4330922,3.92,4.22,0.04,0.02,44.21,1,0,25-34,Postpaid_Premium,Mid_Range,4G,2026-04-07
SUB5155479,0.14,0.63,0.24,0.25,44.75,0,1,25-34,Postpaid_Basic,Basic_Phone,5G,2026-04-16
SUB6709635,0.21,2.44,0.46,2.46,185.3,0,1,35-44,Postpaid_Premium,Premium_Smartphone,5G,2026-04-17
SUB9686594,1.49,0.93,0.46,1.74,48.83,0,0,25-34,Postpaid_Basic,Premium_Smartphone,3G,2026-04-10
SUB2315823,4.01,1.64,0.12,0.5,69.0,0,0,18-24,Prepaid_Daily,5G_Device,3G,2026-03-29
SUB4433372,0.67,0.98,0.09,0.03,132.36,1,0,55+,Postpaid_Premium,Mid_Range,5G,2026-03-19
SUB1770692,0.72,0.25,0.62,0.02,94.68,0,1,45-54,Prepaid_Daily,Tablet,4G,2026-03-26
SUB6867504,1.15,0.58,2.44,0.99,81.98,0,0,18-24,Postpaid_Unlimited,Mid_Range,5G,2026-04-08
SUB9817353,0.4,0.41,0.47,0.03,64.32,0,1,25-34,Prepaid_Monthly,Mid_Range,4G,2026-04-01
SUB5832091,4.66,0.77,0.91,1.61,67.56,0,0,18-24,Postpaid_Basic,5G_Device,4G+,2026-04-08
SUB1673812,0.36,1.12,0.57,0.09,130.12,1,0,45-54,Prepaid_Daily,Mid_Range,5G,2026-04-08
SUB3932977,8.0,3.59,1.32,0.95,74.35,0,0,35-44,Postpaid_Unlimited,5G_Device,4G,2026-04-16
SUB8797698,0.55,1.43,0.24,0.07,27.9,0,1,18-24,Postpaid_Unlimited,Basic_Phone,4G,2026-04-08
SUB7982252,2.88,0.74,0.14,0.5,69.18,0,1,18-24,Prepaid_Daily,Premium_Smartphone,4G,2026-03-31
SUB7616659,0.31,0.59,0.18,0.15,13.28,1,0,18-24,Prepaid_Monthly,Basic_Phone,3G,2026-03-20
SUB4817042,1.96,1.25,0.29,0.03,66.02,0,0,25-34,Prepaid_Daily,Mid_Range,5G,2026-04-11
SUB5539170,0.31,1.67,0.91,0.05,80.85,1,0,35-44,Postpaid_Premium,Premium_Smartphone,4G,2026-04-02
SUB5969411,1.19,1.28,0.06,0.03,126.91,1,1,18-24,Prepaid_Monthly,Mid_Range,4G+,2026-04-02
SUB1536644,3.31,2.22,0.82,0.15,44.13,0,0,18-24,Postpaid_Basic,Mid_Range,4G+,2026-03-25
SUB1652416,0.47,0.5,0.09,0.21,121.18,1,0,25-34,Prepaid_Daily,5G_Device,5G,2026-03-20
SUB6210307,2.57,5.75,0.94,0.0,88.43,0,0,18-24,Postpaid_Premium,5G_Device,4G,2026-03-31
SUB9161562,0.74,0.66,0.41,0.33,37.55,0,1,25-34,Postpaid_Basic,Mid_Range,3G,2026-04-10
SUB2707542,0.61,0.7,0.22,0.81,89.59,0,1,35-44,Postpaid_Premium,Mid_Range,5G,2026-04-05
SUB5191896,3.43,0.6,2.73,2.02,94.95,1,0,35-44,Postpaid_Premium,Premium_Smartphone,4G+,2026-04-09
SUB7086932,0.31,0.61,0.12,0.0,106.86,1,0,55+,Prepaid_Daily,5G_Device,4G,2026-04-01
SUB2474620,0.28,1.42,0.2,0.45,72.99,0,0,55+,Postpaid_Basic,Tablet,4G,2026-03-27
SUB2849395,3.0,3.44,0.28,0.48,59.37,0,1,35-44,Postpaid_Basic,Mid_Range,4G,2026-04-03
SUB7623063,6.96,1.08,0.77,0.95,146.96,0,0,35-44,Postpaid_Basic,Premium_Smartphone,5G,2026-04-08
SUB1989336,0.23,0.13,0.1,0.02,91.89,1,1,55+,Prepaid_Daily,Mid_Range,5G,2026-04-11
SUB6224237,0.24,6.0,0.88,0.01,60.77,1,1,18-24,Postpaid_Premium,Mid_Range,3G,2026-04-10
SUB4138102,2.16,0.24,0.01,0.09,11.64,0,0,18-24,Postpaid_Unlimited,Basic_Phone,5G,2026-04-03
SUB6160324,3.19,3.3,0.32,0.08,35.49,0,0,18-24,Postpaid_Unlimited,Mid_Range,3G,2026-04-09
SUB8421289,0.24,1.78,0.58,0.46,131.98,0,0,35-44,Postpaid_Premium,Premium_Smartphone,5G,2026-04-16
SUB9450361,5.06,0.2,0.08,0.42,86.85,0,0,45-54,Prepaid_Monthly,Mid_Range,5G,2026-03-26
SUB6647183,8.0,6.0,1.56,0.95,165.81,0,1,25-34,Prepaid_Monthly,5G_Device,5G,2026-04-17
SUB6666912,0.73,0.63,0.64,0.97,104.97,0,0,25-34,Prepaid_Daily,Premium_Smartphone,5G,2026-04-07
SUB5318420,0.49,0.14,0.0,0.13,7.73,0,1,25-34,Prepaid_Monthly,Basic_Phone,4G,2026-04-03
SUB6217084,1.79,3.92,0.32,3.43,93.79,0,0,18-24,Prepaid_Daily,5G_Device,5G,2026-04-06
SUB4205228,2.01,1.05,0.35,0.27,84.25,0,0,25-34,Prepaid_Monthly,Tablet,4G+,2026-04-14
SUB6299238,8.0,6.0,1.3,0.42,142.19,0,1,18-24,Postpaid_Unlimited,Premium_Smartphone,5G,2026-04-16
SUB9882600,0.35,0.96,0.18,0.34,50.94,0,0,18-24,Postpaid_Unlimited,Mid_Range,4G,2026-04-05
SUB7514948,0.19,2.06,0.13,0.05,27.15,0,0,45-54,Postpaid_Unlimited,Mid_Range,4G,2026-03-25
SUB5980137,0.13,0.12,0.01,0.29,11.97,1,0,45-54,Prepaid_Daily,Basic_Phone,4G,2026-04-05
SUB7717526,0.61,1.49,0.33,0.04,80.48,0,1,45-54,Postpaid_Unlimited,Premium_Smartphone,3G,2026-04-13
SUB9464848,0.21,0.17,0.11,0.0,14.45,0,0,35-44,Prepaid_Daily,Basic_Phone,3G,2026-04-17
SUB5429899,0.43,2.51,0.3,0.3,90.94,0,1,45-54,Postpaid_Basic,Premium_Smartphone,4G,2026-04-12
SUB4891151,0.71,0.62,0.09,0.19,62.75,0,1,35-44,Postpaid_Basic,Mid_Range,4G+,2026-03-26
SUB2948061,0.72,1.62,0.18,0.09,141.74,1,0,35-44,Postpaid_Basic,Premium_Smartphone,5G,2026-04-01
SUB8347000,1.83,2.3,1.01,0.03,57.56,0,0,35-44,Postpaid_Unlimited,Mid_Range,4G,2026-04-17
SUB7581118,0.59,0.07,0.04,0.31,44.77,1,0,25-34,Prepaid_Monthly,Mid_Range,3G,2026-04-04
SUB6032661,0.62,0.93,1.8,0.06,100.26,0,1,25-34,Postpaid_Basic,Mid_Range,4G+,2026-03-19
SUB1898332,3.28,1.72,0.07,0.08,100.95,1,1,35-44,Prepaid_Daily,Premium_Smartphone,4G,2026-04-13
SUB8603876,1.52,2.84,0.05,1.37,123.79,0,0,25-34,Postpaid_Unlimited,5G_Device,4G+,2026-03-31
SUB5025942,0.88,2.36,0.31,0.3,179.54,1,1,25-34,Prepaid_Monthly,Premium_Smartphone,5G,2026-03-24
SUB9551795,2.01,1.35,0.16,0.57,35.82,0,0,25-34,Postpaid_Premium,Mid_Range,3G,2026-04-15
SUB5703855,1.84,2.51,0.13,0.39,163.78,0,1,25-34,Postpaid_Premium,5G_Device,4G+,2026-04-01
SUB2562518,0.28,1.19,0.04,0.25,122.43,1,0,55+,Postpaid_Premium,5G_Device,4G,2026-03-21
SUB6248400,0.76,0.84,0.03,0.04,27.69,1,0,25-34,Postpaid_Basic,Basic_Phone,4G,2026-03-21
SUB9556135,0.88,0.48,0.35,0.15,94.81,1,0,25-34,Prepaid_Monthly,Mid_Range,5G,2026-03-27
SUB3744804,3.51,0.11,0.07,0.41,68.85,1,1,18-24,Postpaid_Basic,Basic_Phone,5G,2026-04-09
SUB9299141,1.62,0.42,2.81,0.21,83.17,0,0,45-54,Postpaid_Unlimited,Mid_Range,5G,2026-03-24
SUB2587819,1.82,0.27,0.25,0.03,70.25,0,1,35-44,Postpaid_Premium,Mid_Range,5G,2026-03-24
SUB6182101,0.46,1.23,0.14,0.42,125.83,0,0,35-44,Prepaid_Daily,Premium_Smartphone,5G,2026-04-08
SUB7541600,0.05,0.9,0.48,0.46,97.77,1,0,45-54,Prepaid_Daily,5G_Device,5G,2026-04-07
SUB7356381,0.3,1.35,0.03,0.14,18.01,0,0,25-34,Postpaid_Basic,Basic_Phone,4G+,2026-03-26
SUB1594557,7.27,6.0,0.02,0.34,119.28,1,1,18-24,Postpaid_Premium,Mid_Range,5G,2026-04-02
SUB8239914,2.28,0.7,0.18,0.0,36.73,1,0,18-24,Prepaid_Monthly,Mid_Range,3G,2026-03-24
SUB9354207,1.65,2.64,0.62,0.16,128.02,1,0,35-44,Postpaid_Premium,5G_Device,5G,2026-04-16
SUB1990121,1.04,0.83,2.26,0.96,60.66,0,0,35-44,Postpaid_Unlimited,Mid_Range,4G,2026-03-30
SUB2725049,1.66,0.48,0.21,0.49,34.28,1,0,18-24,Postpaid_Basic,Mid_Range,3G,2026-03-24
SUB8845870,0.15,2.77,0.58,0.48,61.46,0,0,18-24,Prepaid_Monthly,Mid_Range,4G,2026-04-11
SUB1483442,3.93,6.0,1.95,0.26,81.96,0,1,18-24,Postpaid_Unlimited,Premium_Smartphone,4G,2026-03-20
SUB6272225,0.19,0.63,0.04,0.67,23.01,0,0,35-44,Postpaid_Basic,Mid_Range,3G,2026-03-23
SUB5109545,1.56,0.82,0.71,0.28,78.56,0,0,18-24,Prepaid_Monthly,5G_Device,4G,2026-03-25
SUB7622766,2.43,1.74,0.14,0.59,47.61,0,0,18-24,Prepaid_Monthly,Mid_Range,4G,2026-04-13
SUB2751797,0.45,0.31,0.34,0.02,40.62,1,0,25-34,Prepaid_Monthly,Mid_Range,4G,2026-04-09
SUB9486014,2.0,1.47,0.04,0.29,41.41,0,0,35-44,Postpaid_Premium,Mid_Range,4G,2026-04-02
SUB4452814,0.42,0.26,0.0,0.16,128.08,0,0,35-44,Prepaid_Monthly,5G_Device,5G,2026-04-15
SUB7870679,1.71,0.39,0.06,1.2,68.59,0,1,25-34,Prepaid_Monthly,Mid_Range,4G+,2026-03-25
SUB9038762,2.54,2.42,1.13,0.86,68.06,0,0,35-44,Postpaid_Premium,5G_Device,4G,2026-04-03
SUB3891912,0.75,6.0,0.49,0.43,87.79,1,0,25-34,Prepaid_Monthly,Mid_Range,4G+,2026-03-23
SUB8355566,0.45,0.06,0.3,0.01,36.95,0,0,55+,Prepaid_Monthly,Mid_Range,4G,2026-03-25
SUB2609184,3.46,1.02,3.34,3.53,65.96,0,1,18-24,Postpaid_Premium,5G_Device,4G,2026-04-02
SUB8913490,0.54,1.74,1.24,1.15,80.46,0,0,35-44,Postpaid_Unlimited,Mid_Range,5G,2026-04-16
SUB5798793,0.25,1.24,0.02,0.82,50.02,0,0,25-34,Prepaid_Monthly,Mid_Range,4G+,2026-03-20
SUB8337895,0.23,0.36,0.02,0.15,35.94,1,1,18-24,Prepaid_Daily,Basic_Phone,5G,2026-04-08
SUB3328476,1.4,0.51,0.65,1.2,61.34,1,0,35-44,Postpaid_Premium,Mid_Range,4G,2026-04-17
SUB1484273,1.61,2.68,0.41,1.75,36.55,1,0,25-34,Postpaid_Basic,Mid_Range,3G,2026-03-19
SUB8738866,0.85,2.78,0.09,1.06,56.43,0,0,25-34,Prepaid_Monthly,Mid_Range,4G,2026-03-22
SUB6113728,0.32,0.96,0.01,0.3,54.91,0,0,25-34,Prepaid_Daily,Mid_Range,4G,2026-04-16
SUB6386159,3.17,3.61,2.27,0.15,58.82,0,0,18-24,Prepaid_Daily,Premium_Smartphone,4G,2026-04-11
SUB6646895,0.99,6.0,0.09,1.96,125.09,1,0,25-34,Postpaid_Premium,Premium_Smartphone,4G,2026-04-14
SUB1726448,0.36,0.56,0.21,0.22,76.71,0,1,25-34,Postpaid_Basic,Mid_Range,4G,2026-04-17
SUB1070463,4.59,2.86,0.77,0.63,101.37,0,0,35-44,Postpaid_Unlimited,Premium_Smartphone,4G,2026-04-14
SUB6450652,0.11,0.4,0.14,0.32,59.91,1,0,45-54,Postpaid_Basic,Mid_Range,4G,2026-04-02
SUB7852902,2.14,0.41,0.21,0.13,55.61,0,0,18-24,Postpaid_Basic,Premium_Smartphone,3G,2026-04-16
SUB3866457,8.0,1.57,0.14,0.06,110.52,1,0,35-44,Postpaid_Unlimited,Premium_Smartphone,4G,2026-03-20
SUB3430992,0.34,0.74,0.04,0.03,110.52,0,1,45-54,Prepaid_Daily,Premium_Smartphone,4G+,2026-04-11
SUB5314380,2.73,1.78,2.14,0.95,134.35,0,0,18-24,Postpaid_Basic,Premium_Smartphone,5G,2026-03-25
SUB6301572,0.05,0.99,0.19,1.35,66.03,1,1,25-34,Prepaid_Daily,Mid_Range,4G,2026-04-13
SUB5911408,0.28,0.17,0.5,0.12,38.11,0,1,45-54,Prepaid_Monthly,Mid_Range,3G,2026-04-12
SUB6116934,0.27,0.56,0.11,0.01,71.35,0,0,35-44,Prepaid_Daily,Premium_Smartphone,4G,2026-04-03
SUB6595956,0.98,0.71,0.15,0.15,65.29,1,0,18-24,Prepaid_Daily,Mid_Range,4G,2026-04-06
SUB9425021,5.52,1.14,0.84,0.22,26.45,0,0,25-34,Postpaid_Unlimited,Mid_Range,4G,2026-04-10
SUB8903402,1.26,0.58,0.29,0.1,35.53,0,0,25-34,Postpaid_Basic,Mid_Range,3G,2026-03-29
SUB6890298,0.57,0.31,0.04,0.01,33.38,0,0,55+,Postpaid_Unlimited,Mid_Range,3G,2026-04-02
SUB7866684,1.64,0.54,1.56,0.41,73.47,0,1,18-24,Prepaid_Monthly,Premium_Smartphone,4G,2026-04-03
SUB9027522,0.03,0.31,0.04,0.04,28.92,0,0,55+,Postpaid_Basic,Basic_Phone,3G,2026-03-22
SUB9953038,0.57,0.39,0.09,0.03,42.44,1,0,25-34,Prepaid_Daily,Basic_Phone,4G+,2026-03-27
SUB5860319,0.28,1.27,0.35,0.23,45.73,0,0,18-24,Postpaid_Basic,5G_Device,3G,2026-04-03
SUB4641141,5.73,2.14,1.04,0.31,79.57,0,1,25-34,Postpaid_Basic,Mid_Range,4G+,2026-03-30
SUB4381915,0.05,0.57,0.82,0.2,70.01,0,0,35-44,Prepaid_Daily,Mid_Range,5G,2026-04-02
SUB9430664,7.38,3.58,0.34,0.5,62.26,0,1,18-24,Postpaid_Premium,5G_Device,4G,2026-04-08
SUB3148983,0.66,0.02,0.4,0.16,18.31,0,0,25-34,Prepaid_Monthly,Basic_Phone,4G,2026-04-03
SUB1773952,0.25,0.32,0.71,0.06,58.31,0,0,45-54,Postpaid_Basic,5G_Device,4G,2026-04-12
SUB1908380,0.23,0.04,0.07,0.14,35.35,1,0,55+,Postpaid_Basic,Basic_Phone,4G,2026-04-11
SUB5620792,0.25,2.3,2.09,0.07,37.41,0,0,25-34,Postpaid_Unlimited,Mid_Range,4G,2026-03-20
SUB2337768,0.05,0.48,0.04,0.13,12.89,0,0,18-24,Prepaid_Daily,Basic_Phone,3G,2026-03-21
SUB4090930,0.27,0.56,1.18,0.62,64.58,0,0,45-54,Postpaid_Basic,Premium_Smartphone,4G,2026-04-04
SUB7859698,3.31,0.66,0.27,0.06,68.49,1,1,35-44,Postpaid_Basic,5G_Device,3G,2026-03-31
SUB2514101,0.42,0.28,1.68,0.13,67.07,0,0,18-24,Prepaid_Daily,5G_Device,4G,2026-04-08
SUB2406150,2.66,0.87,0.0,0.54,95.9,1,1,55+,Postpaid_Basic,Premium_Smartphone,4G+,2026-03-31
SUB9913613,1.84,0.54,0.08,3.38,80.8,0,1,18-24,Prepaid_Monthly,Mid_Range,4G+,2026-04-02
SUB2229458,1.39,2.03,0.4,0.95,94.79,0,0,35-44,Prepaid_Daily,5G_Device,5G,2026-04-02
SUB7296450,0.98,0.86,0.06,0.14,75.51,1,0,25-34,Prepaid_Daily,5G_Device,4G,2026-03-28
SUB8082122,0.69,0.58,0.07,0.03,52.89,1,0,35-44,Postpaid_Premium,Mid_Range,3G,2026-04-04
SUB7360756,1.25,0.99,0.15,1.67,62.77,0,0,18-24,Prepaid_Daily,5G_Device,3G,2026-03-26
SUB5755997,5.57,2.14,0.57,0.38,136.91,0,1,35-44,Postpaid_Basic,5G_Device,4G+,2026-03-20
SUB2493551,0.54,0.14,0.07,0.23,102.94,1,0,55+,Prepaid_Daily,Premium_Smartphone,5G,2026-04-16
SUB4973313,1.53,1.77,0.08,0.06,72.01,1,1,25-34,Prepaid_Daily,Mid_Range,4G,2026-04-05
SUB3436831,3.81,6.0,0.48,0.07,193.21,1,1,25-34,Prepaid_Monthly,Tablet,5G,2026-03-25
SUB9743662,0.72,0.45,0.21,0.7,37.22,1,0,18-24,Postpaid_Basic,Basic_Phone,4G+,2026-04-11
SUB4839847,0.66,0.96,0.29,0.3,73.6,0,0,45-54,Prepaid_Monthly,Premium_Smartphone,5G,2026-03-26
SUB2166670,0.11,0.13,0.06,0.18,72.32,0,0,55+,Prepaid_Daily,Mid_Range,4G+,2026-04-13
SUB1680667,0.47,0.84,0.38,0.49,92.32,0,0,45-54,Postpaid_Premium,5G_Device,4G,2026-04-05
SUB6319728,2.0,2.1,0.55,0.03,55.1,0,1,25-34,Postpaid_Basic,Mid_Range,4G,2026-04-10
SUB6410897,0.03,0.06,0.02,0.37,90.59,0,0,55+,Prepaid_Daily,Premium_Smartphone,4G,2026-03-31
SUB3014017,0.87,1.72,0.16,0.29,91.54,0,1,18-24,Postpaid_Basic,Mid_Range,5G,2026-04-06
SUB8084364,1.03,1.45,1.15,0.44,83.89,0,1,25-34,Prepaid_Daily,Premium_Smartphone,4G+,2026-03-27
SUB5022261,0.89,2.33,1.69,2.11,148.83,1,0,25-34,Postpaid_Basic,5G_Device,5G,2026-03-26
SUB5637203,0.08,1.66,0.54,0.56,78.01,1,0,25-34,Prepaid_Monthly,5G_Device,3G,2026-04-04
SUB5675519,0.17,0.24,0.02,0.01,14.94,0,0,45-54,Prepaid_Daily,Basic_Phone,4G,2026-03-24
SUB5894940,0.63,1.5,0.21,0.13,77.0,0,0,35-44,Prepaid_Daily,Mid_Range,5G,2026-04-17
SUB2999482,1.08,1.56,0.33,0.5,39.74,0,0,18-24,Prepaid_Monthly,Mid_Range,4G,2026-03-22
SUB4649244,1.61,3.84,1.15,0.18,122.26,0,1,25-34,Postpaid_Premium,Premium_Smartphone,4G,2026-04-15
SUB5614466,8.0,6.0,1.03,0.15,158.49,0,1,25-34,Prepaid_Daily,5G_Device,5G,2026-03-28
SUB6846866,0.22,1.43,0.06,0.06,44.26,0,0,35-44,Prepaid_Daily,Premium_Smartphone,4G,2026-04-04
SUB7182719,2.37,2.12,0.42,1.06,98.19,1,1,25-34,Postpaid_Basic,Mid_Range,5G,2026-04-01
SUB1350067,0.86,1.05,0.56,2.15,88.73,1,1,18-24,Postpaid_Basic,Mid_Range,4G,2026-04-02
SUB3059385,0.57,4.45,0.32,0.1,109.52,1,0,35-44,Prepaid_Daily,Premium_Smartphone,4G,2026-04-13
SUB8449194,0.87,0.42,0.14,0.21,70.32,0,1,45-54,Prepaid_Monthly,Mid_Range,4G,2026-03-22
SUB3367322,0.88,0.53,0.54,0.07,124.17,1,0,55+,Prepaid_Monthly,Mid_Range,5G,2026-03-21
SUB2375645,0.18,0.09,0.31,0.12,96.08,0,1,55+,Prepaid_Daily,Mid_Range,5G,2026-04-08
SUB7562877,0.27,0.67,0.06,0.07,37.89,0,0,45-54,Prepaid_Monthly,Mid_Range,3G,2026-03-19
SUB7043995,1.12,1.61,0.17,0.39,58.96,0,0,18-24,Prepaid_Daily,Mid_Range,4G,2026-04-16
SUB7964705,1.01,3.02,0.36,2.81,114.19,1,0,45-54,Postpaid_Premium,5G_Device,4G,2026-04-13
SUB7632142,1.28,0.56,0.05,0.85,60.1,0,0,25-34,Postpaid_Unlimited,Mid_Range,5G,2026-04-12
SUB8656495,4.67,4.26,0.34,0.59,149.63,1,1,35-44,Postpaid_Basic,5G_Device,4G,2026-04-12
SUB1245144,0.24,0.42,0.27,0.4,80.27,1,0,25-34,Prepaid_Monthly,Premium_Smartphone,4G,2026-03-22
SUB4822727,0.17,0.95,0.13,0.22,69.63,0,1,45-54,Postpaid_Premium,Premium_Smartphone,3G,2026-03-20
SUB2244360,1.01,1.94,1.02,0.54,106.89,0,1,25-34,Postpaid_Basic,Mid_Range,5G,2026-04-04
SUB8225593,2.97,0.55,1.1,0.52,63.79,1,1,18-24,Postpaid_Premium,Mid_Range,3G,2026-04-17
SUB5970809,0.42,0.38,0.24,0.39,52.12,1,0,35-44,Postpaid_Basic,Mid_Range,3G,2026-04-05
SUB4049316,1.01,0.32,0.07,0.03,58.09,1,0,18-24,Postpaid_Basic,Premium_Smartphone,3G,2026-03-23
SUB7622575,0.25,0.82,0.23,0.26,94.1,0,0,55+,Prepaid_Monthly,Premium_Smartphone,4G,2026-04-12
SUB8503276,2.86,2.0,0.01,1.12,87.54,0,1,25-34,Prepaid_Monthly,5G_Device,4G,2026-04-10
SUB8267807,0.68,0.23,0.24,0.36,30.3,0,0,35-44,Prepaid_Monthly,Mid_Range,4G,2026-03-31
SUB3960883,0.41,0.82,0.26,0.09,112.35,0,1,55+,Prepaid_Daily,Premium_Smartphone,4G,2026-03-24
SUB1906450,2.33,1.13,0.04,0.64,157.93,1,0,35-44,Prepaid_Monthly,Premium_Smartphone,4G+,2026-04-03
SUB1282140,2.67,1.24,0.6,0.04,98.58,0,1,25-34,Postpaid_Basic,Mid_Range,5G,2026-04-02
SUB9213062,0.32,0.21,0.72,0.35,57.8,0,1,25-34,Postpaid_Basic,Mid_Range,4G,2026-04-01
SUB1558981,0.53,6.0,1.92,1.92,112.63,1,0,25-34,Postpaid_Unlimited,5G_Device,4G,2026-04-07
SUB9497552,2.13,1.44,0.85,0.1,74.41,0,1,45-54,Prepaid_Monthly,Mid_Range,5G,2026-03-24
SUB2797519,0.36,0.4,1.25,0.1,96.43,1,0,45-54,Prepaid_Daily,5G_Device,4G,2026-04-08
SUB4877590,0.18,0.48,0.18,0.01,64.89,0,0,55+,Postpaid_Unlimited,Mid_Range,4G+,2026-03-27
SUB8683647,0.62,3.44,0.2,1.25,60.11,1,0,18-24,Postpaid_Unlimited,Mid_Range,4G+,2026-04-08
SUB4715929,3.46,0.52,1.26,0.77,124.62,0,1,25-34,Postpaid_Basic,Premium_Smartphone,4G,2026-03-31
SUB5391401,0.04,0.58,0.37,0.59,44.41,1,0,18-24,Prepaid_Daily,Mid_Range,3G,2026-04-06
SUB3928100,0.15,1.67,0.11,0.56,72.28,1,0,45-54,Postpaid_Basic,5G_Device,3G,2026-03-27
SUB2953341,1.13,1.15,0.73,2.9,119.75,0,0,18-24,Prepaid_Daily,5G_Device,5G,2026-03-19
SUB1973737,8.0,6.0,1.55,0.45,122.46,0,1,18-24,Postpaid_Unlimited,Premium_Smartphone,5G,2026-04-15
SUB6433001,2.06,2.16,0.24,0.37,69.15,0,0,35-44,Postpaid_Premium,Tablet,4G,2026-03-26
SUB4902908,0.7,0.15,1.15,0.42,46.06,1,0,25-34,Prepaid_Monthly,Basic_Phone,5G,2026-03-20
SUB7671628,1.92,2.73,2.57,0.13,53.15,0,0,35-44,Postpaid_Unlimited,Mid_Range,4G,2026-03-26
SUB8903498,3.91,3.96,0.56,2.96,51.71,0,0,25-34,Postpaid_Basic,5G_Device,4G,2026-04-09
SUB7062133,3.48,1.88,1.0,0.4,45.54,0,0,25-34,Postpaid_Unlimited,Mid_Range,4G,2026-04-14
SUB6698618,0.24,0.84,0.2,0.26,26.34,0,1,25-34,Postpaid_Unlimited,Basic_Phone,4G,2026-04-12
SUB8640888,0.04,0.15,0.03,0.18,42.22,0,0,45-54,Prepaid_Daily,Mid_Range,3G,2026-04-07
SUB1295866,0.64,1.12,0.57,0.77,57.55,0,0,25-34,Prepaid_Daily,Mid_Range,5G,2026-04-08
SUB7236893,1.75,0.95,1.06,5.11,107.2,0,1,25-34,Postpaid_Basic,Premium_Smartphone,4G,2026-04-03
SUB7822603,3.36,6.0,0.41,3.43,131.32,1,1,25-34,Postpaid_Unlimited,Mid_Range,5G,2026-04-15
SUB8250569,4.6,5.6,1.3,0.31,76.04,0,1,18-24,Postpaid_Unlimited,Mid_Range,4G+,2026-04-09
SUB2805518,0.11,0.15,0.06,1.92,20.39,0,0,45-54,Postpaid_Basic,Basic_Phone,4G,2026-04-10
SUB4623425,0.13,1.2,0.21,0.04,105.28,0,1,18-24,Prepaid_Daily,Premium_Smartphone,4G,2026-04-10
SUB4599537,0.64,0.25,0.09,0.01,65.68,0,1,55+,Prepaid_Daily,5G_Device,4G,2026-04-16
SUB7521689,1.14,3.76,0.71,0.13,120.76,0,1,25-34,Postpaid_Premium,Premium_Smartphone,4G,2026-03-19
SUB7689558,0.09,0.65,0.02,0.0,50.42,0,0,45-54,Postpaid_Basic,Mid_Range,4G+,2026-04-01
SUB7298941,0.65,3.13,0.21,0.36,63.11,0,0,45-54,Postpaid_Basic,Mid_Range,5G,2026-04-06
SUB7010224,3.82,2.78,0.83,0.41,53.18,1,0,35-44,Postpaid_Basic,Mid_Range,4G,2026-04-10
SUB5091685,0.91,3.98,0.09,0.22,28.44,0,1,35-44,Postpaid_Premium,Basic_Phone,4G,2026-03-29
SUB9595960,6.08,1.02,0.75,0.08,78.74,0,0,25-34,Postpaid_Unlimited,Premium_Smartphone,5G,2026-03-19
SUB1184514,0.17,0.36,0.17,0.23,34.92,1,0,35-44,Prepaid_Monthly,Basic_Phone,4G,2026-04-14
SUB7736549,0.66,0.83,0.08,0.01,50.5,1,1,25-34,Prepaid_Monthly,Mid_Range,4G,2026-03-25
SUB2258624,3.29,6.0,0.01,1.7,105.43,1,0,25-34,Postpaid_Premium,Premium_Smartphone,4G,2026-04-16
SUB6929949,1.43,0.71,0.97,2.3,53.39,0,0,45-54,Postpaid_Unlimited,Premium_Smartphone,4G,2026-04-05
SUB8296991,0.32,0.78,0.41,4.85,46.03,0,0,18-24,Prepaid_Monthly,Premium_Smartphone,4G,2026-04-11
SUB5783725,0.2,0.68,1.27,0.41,92.57,0,0,45-54,Prepaid_Monthly,Premium_Smartphone,5G,2026-03-24
SUB7671203,0.53,0.21,0.11,0.49,40.74,1,0,25-34,Prepaid_Monthly,Basic_Phone,4G,2026-04-16
SUB3750025,1.09,0.37,0.38,0.14,37.52,0,0,25-34,Prepaid_Monthly,Mid_Range,3G,2026-04-10
SUB8785446,0.09,0.13,0.07,0.32,67.59,0,0,55+,Prepaid_Daily,Premium_Smartphone,4G,2026-04-01
SUB6735630,0.56,0.58,0.09,0.89,44.06,0,0,35-44,Postpaid_Basic,Mid_Range,4G,2026-03-29
SUB3926979,0.36,0.14,0.02,0.01,17.13,0,1,35-44,Prepaid_Monthly,Basic_Phone,3G,2026-03-21
SUB3514399,8.0,0.18,1.12,0.5,112.04,1,0,35-44,Postpaid_Basic,5G_Device,4G,2026-04-14
SUB1955205,0.44,0.21,0.0,0.05,60.13,0,0,55+,Prepaid_Daily,Premium_Smartphone,3G,2026-04-02
SUB7666199,1.4,1.21,0.16,0.01,55.15,0,0,18-24,Prepaid_Daily,Mid_Range,5G,2026-04-07
SUB1966649,0.27,0.71,0.13,0.27,9.27,0,1,35-44,Postpaid_Basic,Basic_Phone,4G+,2026-04-06
SUB8493971,0.37,3.25,1.34,0.38,90.32,0,0,25-34,Postpaid_Basic,Premium_Smartphone,4G+,2026-03-30
SUB5980939,0.86,1.88,0.76,1.68,87.01,0,0,18-24,Prepaid_Monthly,Mid_Range,5G,2026-04-14
SUB8576126,2.38,6.0,0.71,0.22,101.58,1,0,18-24,Postpaid_Premium,Mid_Range,5G,2026-04-04
SUB6061500,0.2,1.35,1.14,0.03,168.37,1,1,25-34,Prepaid_Daily,Premium_Smartphone,5G,2026-03-26
SUB2200532,0.48,0.47,0.24,0.08,74.16,0,0,35-44,Prepaid_Monthly,Mid_Range,4G+,2026-04-02
SUB8496287,1.56,1.51,0.87,0.47,96.13,0,1,45-54,Postpaid_Basic,Mid_Range,5G,2026-04-01
SUB6193378,0.86,5.15,0.38,0.0,63.66,0,1,45-54,Postpaid_Unlimited,Premium_Smartphone,4G,2026-04-05
SUB1464462,8.0,1.56,0.32,1.9,107.02,0,0,35-44,Prepaid_Monthly,5G_Device,5G,2026-04-13
SUB5868923,0.04,0.26,2.76,0.0,93.15,0,0,18-24,Prepaid_Monthly,5G_Device,4G,2026-04-15
SUB8930221,1.4,2.3,1.04,5.51,161.39,1,0,25-34,Postpaid_Basic,5G_Device,5G,2026-04-11
SUB7010554,0.57,1.4,0.03,0.34,102.34,1,0,25-34,Prepaid_Monthly,Mid_Range,5G,2026-04-14
SUB5603623,2.52,1.8,0.96,0.78,191.73,0,1,35-44,Postpaid_Premium,5G_Device,5G,2026-03-22
SUB8962366,4.48,3.94,0.25,0.42,74.9,0,0,18-24,Prepaid_Monthly,5G_Device,5G,2026-04-12
SUB1274535,5.23,0.99,0.22,1.17,90.36,0,0,25-34,Postpaid_Premium,Premium_Smartphone,4G,2026-03-30
SUB6140709,0.4,0.26,0.17,1.82,44.94,0,0,55+,Prepaid_Monthly,Mid_Range,4G+,2026-03-20
SUB3480017,8.0,0.71,0.92,1.67,96.72,0,0,35-44,Postpaid_Unlimited,Premium_Smartphone,4G+,2026-04-17
SUB5816129,1.53,2.26,0.37,0.79,132.36,0,0,45-54,Prepaid_Monthly,5G_Device,4G+,2026-04-09
SUB9207623,4.56,4.99,0.95,5.81,88.08,0,0,35-44,Postpaid_Unlimited,Tablet,4G,2026-03-31
SUB1917472,0.45,2.69,0.22,0.82,55.32,1,0,18-24,Prepaid_Monthly,Mid_Range,4G,2026-04-13
SUB4649279,2.65,2.18,0.89,0.43,109.05,1,1,18-24,Prepaid_Monthly,Tablet,4G,2026-03-19
SUB6016239,0.34,0.35,0.62,0.04,82.89,0,0,45-54,Prepaid_Monthly,Premium_Smartphone,4G,2026-04-11
SUB4221131,1.22,4.43,0.8,0.87,86.18,1,0,35-44,Postpaid_Unlimited,Mid_Range,4G,2026-04-08
SUB9977182,0.05,0.73,0.05,0.22,66.99,0,0,35-44,Prepaid_Monthly,Tablet,4G,2026-04-08
SUB3434138,4.39,0.19,0.2,0.54,129.02,0,1,18-24,Prepaid_Monthly,5G_Device,4G+,2026-04-09
SUB9493535,1.96,1.5,0.28,0.93,95.77,0,0,35-44,Prepaid_Daily,Premium_Smartphone,5G,2026-04-04
SUB8783874,1.67,6.0,0.3,1.61,110.29,0,0,18-24,Postpaid_Unlimited,5G_Device,4G+,2026-03-19
SUB7590828,4.4,0.32,0.21,0.17,109.08,1,0,18-24,Prepaid_Monthly,Premium_Smartphone,4G,2026-04-17
SUB5217690,0.15,0.85,0.08,1.54,61.05,0,0,25-34,Prepaid_Monthly,Mid_Range,4G,2026-04-14
SUB4649886,2.75,1.31,1.0,0.06,53.38,0,0,25-34,Postpaid_Unlimited,5G_Device,3G,2026-04-16
SUB6533326,2.17,0.54,1.75,1.78,53.23,0,0,18-24,Postpaid_Unlimited,Tablet,4G,2026-04-01
SUB5446460,0.03,1.99,0.26,3.24,65.81,1,0,18-24,Prepaid_Monthly,Mid_Range,4G+,2026-04-15
SUB8293708,0.65,1.46,0.15,0.13,39.93,1,0,35-44,Postpaid_Unlimited,Mid_Range,4G,2026-03-24
SUB6044080,1.92,1.66,0.03,0.38,69.09,0,1,35-44,Prepaid_Monthly,Mid_Range,4G,2026-04-16
SUB1953122,1.0,2.89,1.42,0.23,52.32,0,0,25-34,Prepaid_Daily,5G_Device,4G,2026-04-08
SUB5663754,0.28,1.02,0.15,1.42,153.43,1,0,25-34,Postpaid_Premium,5G_Device,4G+,2026-04-12
SUB5517562,0.49,0.8,0.8,0.05,95.88,0,0,55+,Postpaid_Premium,Tablet,4G,2026-04-06
SUB7540180,0.89,4.74,0.62,0.01,119.66,0,0,18-24,Prepaid_Monthly,Premium_Smartphone,4G+,2026-04-17
SUB9503197,0.36,0.57,4.0,1.73,183.24,1,0,18-24,Prepaid_Daily,Premium_Smartphone,5G,2026-03-22
SUB2193982,0.11,1.59,1.39,0.43,145.11,1,0,35-44,Prepaid_Monthly,5G_Device,4G+,2026-03-20
SUB9582447,8.0,2.14,0.96,0.1,59.97,0,0,18-24,Postpaid_Premium,Mid_Range,4G,2026-04-02
SUB7654754,1.34,2.28,0.81,0.11,73.14,0,1,35-44,Postpaid_Unlimited,Premium_Smartphone,4G,2026-04-16
SUB1506453,1.18,0.86,1.29,0.18,121.32,1,0,35-44,Prepaid_Monthly,Premium_Smartphone,4G,2026-04-09
SUB7548894,0.27,0.58,0.32,0.26,111.05,1,1,55+,Postpaid_Premium,Premium_Smartphone,3G,2026-03-27
SUB3507743,2.0,1.0,0.15,0.53,104.97,0,0,45-54,Prepaid_Monthly,Premium_Smartphone,4G+,2026-04-15
SUB2555811,0.37,1.29,0.29,0.06,107.7,0,0,55+,Postpaid_Premium,5G_Device,5G,2026-04-04
SUB6077198,0.22,0.84,0.16,0.13,49.62,0,0,18-24,Prepaid_Daily,Mid_Range,4G,2026-04-07
SUB7184377,0.55,0.75,0.35,0.2,47.76,0,1,45-54,Postpaid_Basic,Mid_Range,4G,2026-04-11
SUB4845474,3.15,0.91,1.63,0.81,111.19,0,0,18-24,Prepaid_Monthly,5G_Device,4G+,2026-03-30
SUB4924482,4.27,2.79,1.16,0.56,83.99,0,0,35-44,Postpaid_Unlimited,Mid_Range,5G,2026-03-20
SUB4232452,1.46,1.68,0.25,0.56,59.06,0,0,35-44,Prepaid_Monthly,Mid_Range,5G,2026-04-05
SUB5947796,0.63,5.43,1.46,0.79,47.98,0,0,18-24,Prepaid_Monthly,Mid_Range,4G,2026-04-14
SUB5290697,0.57,0.7,0.13,0.02,43.59,0,0,35-44,Postpaid_Premium,Basic_Phone,4G+,2026-04-15
SUB7886940,1.4,1.21,2.37,0.09,76.2,0,0,18-24,Prepaid_Monthly,5G_Device,4G,2026-03-30
SUB4812010,1.35,0.44,0.63,0.99,76.18,0,1,25-34,Prepaid_Monthly,Premium_Smartphone,3G,2026-03-31
SUB2478081,0.8,0.45,0.3,0.04,90.89,1,0,55+,Postpaid_Basic,Premium_Smartphone,4G,2026-04-03
SUB2570889,4.68,0.9,0.11,2.38,166.44,0,1,18-24,Postpaid_Premium,Premium_Smartphone,4G+,2026-03-27
SUB8373372,0.93,4.82,0.49,0.36,81.67,1,1,18-24,Prepaid_Monthly,Mid_Range,4G,2026-04-02
SUB4071640,0.34,0.46,0.08,0.48,62.79,0,0,25-34,Prepaid_Daily,Mid_Range,4G,2026-03-26
SUB6253974,0.92,1.39,0.08,0.55,135.47,0,0,45-54,Prepaid_Monthly,5G_Device,5G,2026-03-20
SUB1950922,0.27,4.75,3.28,0.88,107.15,1,0,18-24,Postpaid_Unlimited,Mid_Range,5G,2026-04-04
SUB2684449,0.1,0.32,0.1,0.03,41.07,0,1,25-34,Prepaid_Daily,Mid_Range,4G,2026-03-31
SUB9854198,2.48,1.93,0.19,0.18,104.28,1,0,45-54,Prepaid_Monthly,Premium_Smartphone,5G,2026-04-09
SUB6753371,0.92,2.9,0.08,0.5,47.31,0,1,18-24,Postpaid_Basic,Mid_Range,4G,2026-04-08
SUB2433284,0.59,0.52,0.54,0.41,41.37,1,0,25-34,Prepaid_Daily,Mid_Range,3G,2026-04-17
SUB2117374,0.16,0.11,0.1,0.07,27.76,0,0,45-54,Prepaid_Monthly,Basic_Phone,5G,2026-03-25
SUB3999610,2.44,2.3,0.92,0.94,41.74,0,0,25-34,Postpaid_Unlimited,Tablet,3G,2026-03-23
SUB3298756,1.1,1.19,0.04,0.11,119.92,0,1,45-54,Prepaid_Daily,Premium_Smartphone,4G+,2026-03-19
SUB8100052,0.92,3.26,0.94,0.15,88.37,1,1,18-24,Postpaid_Premium,Mid_Range,4G,2026-03-29
SUB3788107,0.19,1.65,0.74,0.09,73.84,0,0,55+,Postpaid_Premium,5G_Device,5G,2026-04-16
SUB9418865,0.23,0.28,0.36,0.23,108.35,0,0,55+,Prepaid_Monthly,5G_Device,4G+,2026-04-12
SUB5601731,5.22,0.99,1.16,0.11,154.63,1,1,18-24,Prepaid_Monthly,Premium_Smartphone,4G,2026-03-25
SUB8173877,0.46,0.53,0.25,0.05,37.15,0,0,18-24,Postpaid_Unlimited,Basic_Phone,4G,2026-04-02
SUB1985257,0.75,0.38,0.13,0.03,56.16,0,0,55+,Postpaid_Premium,Mid_Range,5G,2026-04-06
SUB2101267,1.01,0.06,0.16,0.15,40.45,0,1,25-34,Prepaid_Daily,Mid_Range,3G,2026-04-03
SUB1418829,1.13,3.33,0.38,1.45,79.41,1,0,35-44,Prepaid_Monthly,Premium_Smartphone,3G,2026-04-13
SUB8040906,1.8,6.0,0.1,0.01,71.68,0,0,35-44,Postpaid_Basic,Premium_Smartphone,5G,2026-04-03
SUB4438780,0.41,0.86,0.1,0.11,56.2,0,1,45-54,Prepaid_Monthly,Mid_Range,4G,2026-04-03
SUB8517750,0.48,0.5,0.24,0.0,95.99,0,0,45-54,Postpaid_Basic,Premium_Smartphone,4G,2026-04-17
SUB2546933,4.62,5.76,2.57,4.53,142.76,1,1,18-24,Postpaid_Unlimited,Premium_Smartphone,4G+,2026-04-06
SUB9713937,1.56,2.11,2.64,0.05,154.69,1,1,18-24,Prepaid_Monthly,5G_Device,5G,2026-03-21
SUB3956151,3.01,6.0,3.15,0.71,200.0,1,1,45-54,Postpaid_Unlimited,Premium_Smartphone,4G+,2026-04-12
SUB2227222,1.62,1.61,4.0,0.11,127.33,1,0,45-54,Postpaid_Premium,Premium_Smartphone,4G+,2026-04-16
SUB2543812,0.4,0.98,0.39,0.03,55.77,0,0,35-44,Prepaid_Daily,5G_Device,3G,2026-03-26
SUB8831038,0.08,0.33,0.01,0.13,47.94,0,0,55+,Postpaid_Premium,Mid_Range,4G+,2026-03-24
SUB7835032,1.35,0.89,0.09,0.09,47.55,0,0,35-44,Postpaid_Basic,Mid_Range,4G+,2026-03-21
SUB1865256,0.83,1.51,0.72,2.34,70.28,0,1,18-24,Prepaid_Monthly,5G_Device,3G,2026-04-13
SUB8948745,0.5,0.44,0.04,0.15,38.99,0,0,45-54,Prepaid_Monthly,Mid_Range,4G+,2026-03-24
SUB1000917,1.37,1.05,0.23,0.45,47.6,0,0,25-34,Postpaid_Basic,Mid_Range,4G,2026-03-28
SUB8304000,2.43,6.0,0.19,3.31,126.77,0,1,18-24,Postpaid_Basic,5G_Device,4G+,2026-03-31
SUB8150406,3.44,6.0,1.01,0.23,132.67,1,0,25-34,Postpaid_Unlimited,Premium_Smartphone,5G,2026-03-26
SUB8068931,1.6,3.99,0.18,0.03,92.74,1,0,45-54,Postpaid_Unlimited,5G_Device,4G,2026-03-26
SUB5473447,0.87,0.09,0.7,0.02,68.23,0,0,55+,Prepaid_Monthly,5G_Device,4G,2026-04-12
SUB9650699,0.79,2.96,2.08,0.32,69.43,1,0,25-34,Postpaid_Premium,Mid_Range,4G,2026-04-05
SUB9791765,0.41,0.79,0.04,0.15,90.07,0,0,18-24,Prepaid_Daily,Premium_Smartphone,4G,2026-04-09
SUB7876913,0.28,0.42,0.59,0.04,67.74,0,0,35-44,Prepaid_Daily,Tablet,3G,2026-04-01
SUB7139996,0.9,0.75,0.09,0.06,91.15,0,0,45-54,Prepaid_Daily,Premium_Smartphone,4G+,2026-03-25
SUB8557773,1.54,1.71,1.75,0.08,129.86,0,1,35-44,Postpaid_Basic,Premium_Smartphone,5G,2026-04-13
SUB9637873,1.9,0.9,0.09,0.02,107.47,0,0,35-44,Prepaid_Daily,Premium_Smartphone,5G,2026-04-17
SUB8737777,0.64,0.43,0.39,0.21,65.16,0,0,35-44,Prepaid_Monthly,Mid_Range,4G,2026-03-21
SUB8554159,0.13,0.92,0.5,0.11,45.66,1,0,18-24,Prepaid_Monthly,Mid_Range,3G,2026-04-08
SUB7565792,2.15,0.95,0.37,0.0,49.46,0,0,25-34,Prepaid_Monthly,Mid_Range,4G,2026-03-19
SUB2384822,3.85,4.67,0.98,3.35,151.56,1,1,25-34,Postpaid_Unlimited,Premium_Smartphone,4G,2026-03-31
SUB2807402,1.58,1.24,0.57,0.28,40.02,0,1,45-54,Postpaid_Unlimited,Premium_Smartphone,3G,2026-04-01
SUB2949902,6.55,2.56,0.6,0.41,127.48,0,0,18-24,Postpaid_Premium,Tablet,5G,2026-04-06
SUB8505191,0.81,1.57,0.69,0.4,44.05,0,0,35-44,Postpaid_Basic,Mid_Range,4G+,2026-04-07
SUB9717429,4.78,1.35,0.11,0.94,66.86,0,0,25-34,Postpaid_Premium,Mid_Range,5G,2026-04-14
SUB1243877,0.97,1.85,0.01,3.51,65.36,1,0,25-34,Postpaid_Premium,Premium_Smartphone,4G,2026-04-03
SUB4345026,8.0,6.0,0.88,0.91,200.0,1,1,25-34,Postpaid_Premium,Tablet,5G,2026-03-25
SUB1920759,0.65,1.24,0.62,0.51,144.93,1,1,25-34,Prepaid_Daily,Premium_Smartphone,4G,2026-04-05
SUB2761369,2.79,2.51,0.67,3.16,53.22,0,1,25-34,Prepaid_Monthly,5G_Device,4G,2026-03-24
SUB6786572,1.57,0.77,1.28,1.78,62.31,0,0,45-54,Prepaid_Monthly,Premium_Smartphone,4G+,2026-04-04
SUB8562160,0.24,0.03,0.12,0.17,52.64,0,0,25-34,Prepaid_Monthly,Premium_Smartphone,3G,2026-04-06
SUB9386369,0.2,0.7,1.36,0.0,55.48,0,0,35-44,Prepaid_Monthly,Mid_Range,4G,2026-04-14
SUB2858997,1.31,1.5,1.28,0.2,50.78,0,0,25-34,Postpaid_Premium,Mid_Range,4G,2026-04-14
SUB5980249,1.47,2.04,0.22,0.1,39.23,0,0,25-34,Postpaid_Premium,Mid_Range,4G,2026-04-15
SUB5975467,0.17,0.09,0.03,0.16,17.97,0,0,25-34,Prepaid_Daily,Basic_Phone,4G,2026-03-29
SUB2429290,0.52,0.9,0.13,0.41,90.34,0,1,55+,Prepaid_Monthly,Mid_Range,5G,2026-03-20
SUB6188757,5.24,0.82,0.84,1.28,146.12,0,0,25-34,Postpaid_Basic,Premium_Smartphone,5G,2026-04-07
SUB3120711,2.1,0.51,0.29,0.24,55.99,0,0,18-24,Prepaid_Daily,Mid_Range,5G,2026-04-08
SUB1521244,0.36,0.27,0.04,0.0,45.22,1,0,55+,Prepaid_Daily,Mid_Range,3G,2026-04-10
SUB7271271,8.0,1.76,0.71,0.46,128.72,0,1,18-24,Postpaid_Premium,Premium_Smartphone,4G+,2026-03-19
SUB2399769,1.09,1.02,0.08,0.26,45.23,0,0,45-54,Postpaid_Basic,Mid_Range,4G+,2026-04-05
SUB7913744,2.36,0.47,0.19,0.66,50.77,0,0,18-24,Postpaid_Unlimited,Mid_Range,4G,2026-03-19
SUB6919359,0.51,3.19,0.02,1.48,93.75,0,0,35-44,Postpaid_Premium,Tablet,4G,2026-04-17
SUB9876659,0.77,0.97,0.59,0.4,20.79,1,0,18-24,Postpaid_Unlimited,Basic_Phone,4G,2026-03-25
SUB1825782,0.13,0.33,0.29,0.15,61.4,0,0,55+,Prepaid_Daily,Mid_Range,5G,2026-04-07
SUB1439439,0.02,0.29,0.07,0.06,38.34,0,0,35-44,Prepaid_Daily,Basic_Phone,4G+,2026-03-31
SUB2264134,0.9,6.0,1.07,0.08,91.49,0,0,25-34,Prepaid_Monthly,5G_Device,4G+,2026-03-20
SUB7767567,2.03,2.32,0.12,1.78,78.62,0,0,18-24,Prepaid_Daily,Premium_Smartphone,4G,2026-04-10
SUB6759919,0.54,0.32,0.14,0.0,17.26,0,0,25-34,Postpaid_Basic,Basic_Phone,3G,2026-03-29
SUB2894554,1.88,1.18,1.34,0.98,90.78,0,0,35-44,Postpaid_Premium,Premium_Smartphone,4G,2026-03-27
SUB6855319,0.24,5.79,1.14,0.06,94.07,1,1,25-34,Postpaid_Unlimited,Mid_Range,4G,2026-03-19
SUB8605503,4.79,2.28,0.73,1.81,81.85,0,1,18-24,Postpaid_Unlimited,Premium_Smartphone,4G,2026-03-20
SUB8984638,3.4,2.48,1.42,0.32,182.65,0,1,35-44,Postpaid_Basic,Premium_Smartphone,4G+,2026-03-20
SUB1947272,2.12,2.84,0.15,0.27,72.56,1,1,25-34,Postpaid_Basic,Mid_Range,4G,2026-03-19
SUB5914082,0.62,4.47,0.44,0.76,84.32,1,1,18-24,Prepaid_Monthly,Premium_Smartphone,4G,2026-04-01
SUB6730482,1.82,1.27,0.06,0.18,86.34,0,0,18-24,Prepaid_Monthly,Premium_Smartphone,4G,2026-03-27
SUB6941028,8.0,4.99,3.41,1.21,109.41,0,1,35-44,Postpaid_Unlimited,5G_Device,4G+,2026-04-11
SUB7600430,0.07,0.13,0.23,0.14,142.33,0,1,55+,Prepaid_Daily,Tablet,4G+,2026-04-01
SUB7343902,2.34,1.77,0.14,0.2,65.24,0,0,18-24,Postpaid_Basic,Premium_Smartphone,4G+,2026-04-07
SUB4119734,0.68,1.01,0.28,0.19,87.07,0,0,45-54,Postpaid_Unlimited,5G_Device,4G,2026-04-11
SUB8748408,1.54,0.23,0.49,0.73,72.65,0,0,18-24,Prepaid_Daily,Premium_Smartphone,4G,2026-04-09
SUB1711943,3.69,3.27,2.45,0.69,118.59,0,1,25-34,Postpaid_Unlimited,5G_Device,4G,2026-04-14
SUB3621158,8.0,0.25,0.78,0.15,59.54,0,0,25-34,Prepaid_Daily,Mid_Range,5G,2026-04-13
SUB8730484,8.0,0.88,0.11,0.09,69.75,1,0,25-34,Postpaid_Unlimited,Premium_Smartphone,3G,2026-04-06
SUB7143243,2.35,6.0,1.24,6.0,154.73,1,0,25-34,Prepaid_Monthly,5G_Device,4G+,2026-04-03
SUB3438064,0.58,1.29,0.09,0.27,91.47,0,1,45-54,Prepaid_Daily,5G_Device,4G+,2026-03-21
SUB6754640,0.05,0.07,0.01,0.0,5.0,0,0,55+,Prepaid_Daily,Basic_Phone,3G,2026-03-21
SUB5230207,2.21,2.07,0.55,0.41,49.87,1,0,18-24,Postpaid_Premium,Mid_Range,4G,2026-04-14
SUB6446441,7.64,4.42,4.0,0.79,125.02,1,0,25-34,Postpaid_Unlimited,5G_Device,5G,2026-04-14
SUB2998173,0.3,1.79,0.27,0.21,93.01,0,0,55+,Postpaid_Basic,Premium_Smartphone,4G,2026-04-02
SUB6858204,2.51,1.78,0.31,0.04,36.81,0,0,25-34,Postpaid_Unlimited,Tablet,3G,2026-04-01
SUB5706797,0.66,4.04,0.5,0.52,120.02,1,0,35-44,Postpaid_Premium,5G_Device,5G,2026-04-14
SUB2490017,4.7,0.81,0.43,0.25,126.69,0,0,25-34,Prepaid_Daily,5G_Device,4G+,2026-04-12
SUB4102641,1.13,2.64,1.59,1.12,54.45,1,0,25-34,Postpaid_Premium,Mid_Range,4G+,2026-03-20
SUB1641593,1.23,0.87,0.4,0.34,40.76,1,0,18-24,Prepaid_Monthly,Mid_Range,3G,2026-03-31
SUB2534227,0.47,1.19,0.09,0.04,86.05,0,0,45-54,Postpaid_Basic,Premium_Smartphone,4G+,2026-04-05
SUB3297905,0.64,1.06,0.08,0.42,79.94,0,0,45-54,Prepaid_Daily,5G_Device,4G,2026-04-17
SUB5197079,1.19,2.2,0.96,0.42,85.2,0,0,25-34,Prepaid_Monthly,Premium_Smartphone,4G,2026-04-15
SUB3587551,0.93,0.74,0.32,0.13,174.77,1,0,45-54,Postpaid_Basic,Premium_Smartphone,5G,2026-04-06
SUB5109070,4.5,2.59,1.47,1.63,135.94,1,1,25-34,Prepaid_Monthly,5G_Device,4G+,2026-04-04
SUB2806210,2.98,3.05,1.22,0.81,92.49,0,0,18-24,Postpaid_Basic,Premium_Smartphone,4G,2026-04-08
SUB4989284,3.68,0.02,0.03,0.11,117.07,0,1,45-54,Postpaid_Unlimited,5G_Device,4G,2026-04-17
SUB7356605,0.85,0.27,0.07,0.76,112.32,1,0,35-44,Prepaid_Daily,Mid_Range,5G,2026-03-29
SUB9415224,2.25,0.77,0.24,2.02,50.88,1,1,25-34,Postpaid_Premium,Mid_Range,3G,2026-04-17
SUB5940359,1.61,2.05,1.24,0.33,131.13,0,0,25-34,Postpaid_Basic,Premium_Smartphone,5G,2026-04-13
SUB4838187,0.14,0.04,0.08,0.05,82.3,0,1,55+,Prepaid_Daily,Mid_Range,5G,2026-04-09
SUB5401207,2.6,0.25,0.13,0.32,119.69,0,0,45-54,Postpaid_Premium,Tablet,5G,2026-04-08
SUB7091111,0.3,0.11,0.04,0.15,25.22,0,1,45-54,Prepaid_Monthly,Basic_Phone,4G,2026-03-28
SUB2038218,0.38,1.02,0.28,2.31,113.96,0,1,18-24,Prepaid_Monthly,5G_Device,5G,2026-04-14
SUB9740973,0.66,1.65,0.13,0.93,125.03,1,1,45-54,Prepaid_Daily,Tablet,4G,2026-03-29
SUB8192767,0.16,0.34,0.53,0.04,9.73,0,0,18-24,Postpaid_Basic,Basic_Phone,3G,2026-04-05
SUB5109404,1.09,1.26,0.14,1.09,69.59,0,0,55+,Postpaid_Basic,5G_Device,4G+,2026-04-08
SUB9749917,3.65,1.8,0.34,0.13,155.89,0,0,18-24,Prepaid_Monthly,Premium_Smartphone,5G,2026-04-06
SUB5250167,1.47,0.03,0.71,0.5,111.05,1,0,25-34,Prepaid_Daily,5G_Device,4G,2026-04-06
SUB4318843,2.08,0.21,0.33,0.34,21.38,0,0,25-34,Postpaid_Premium,Basic_Phone,4G,2026-04-08
SUB8291916,0.29,0.77,0.45,0.39,117.13,0,1,45-54,Postpaid_Unlimited,Tablet,4G,2026-04-10
SUB1278495,0.07,2.01,0.36,0.01,80.96,0,0,45-54,Postpaid_Basic,Premium_Smartphone,4G+,2026-03-31
SUB2846357,0.62,3.32,1.6,0.13,84.36,0,0,25-34,Prepaid_Monthly,5G_Device,4G+,2026-04-02
SUB6917054,0.11,4.52,0.07,0.5,91.91,1,0,35-44,Prepaid_Daily,Premium_Smartphone,4G,2026-03-25
SUB8880055,0.31,5.41,0.74,0.12,62.29,0,0,45-54,Postpaid_Unlimited,Premium_Smartphone,4G,2026-03-30
SUB4030486,3.65,1.19,0.58,1.53,100.12,1,1,18-24,Prepaid_Daily,Mid_Range,4G,2026-03-30
SUB4980053,0.24,0.24,0.09,0.02,81.01,0,0,45-54,Prepaid_Daily,Mid_Range,5G,2026-04-03
SUB1700033,0.14,0.43,0.16,0.01,93.78,0,0,55+,Postpaid_Basic,Premium_Smartphone,4G,2026-03-20
SUB6107742,4.96,1.78,1.7,0.06,83.36,0,0,18-24,Postpaid_Premium,5G_Device,4G,2026-04-10
SUB8036278,3.21,0.95,0.19,1.39,67.22,1,0,18-24,Postpaid_Basic,Mid_Range,5G,2026-03-26
SUB4901403,1.18,1.09,0.05,0.07,75.53,0,0,25-34,Prepaid_Daily,Tablet,4G+,2026-04-02
SUB1134445,0.67,5.74,2.16,3.75,90.11,0,0,18-24,Postpaid_Premium,5G_Device,5G,2026-04-15
SUB2845700,0.87,0.86,0.12,0.68,49.22,0,0,25-34,Postpaid_Basic,Mid_Range,4G+,2026-04-09
SUB9304831,0.78,1.84,0.28,0.75,59.9,0,1,35-44,Postpaid_Premium,Mid_Range,4G+,2026-04-14
SUB7882727,0.38,3.56,0.6,0.34,121.69,0,0,35-44,Prepaid_Monthly,5G_Device,5G,2026-03-20
SUB1871535,1.99,2.69,1.65,0.38,64.47,0,1,18-24,Postpaid_Premium,Mid_Range,4G,2026-04-09
SUB2742166,0.9,1.64,0.95,0.32,39.06,0,0,35-44,Postpaid_Basic,Mid_Range,5G,2026-04-03
SUB2035408,0.33,0.32,0.05,0.26,20.61,0,0,35-44,Postpaid_Basic,Basic_Phone,4G,2026-04-13
SUB2461312,0.88,0.52,0.17,1.14,101.6,1,1,55+,Postpaid_Basic,Tablet,4G,2026-03-21
SUB8627742,1.39,1.79,0.16,2.12,131.65,0,0,18-24,Prepaid_Monthly,Premium_Smartphone,5G,2026-04-05
SUB6053929,0.47,0.55,0.38,0.05,33.39,0,0,35-44,Prepaid_Monthly,Mid_Range,4G+,2026-04-14
SUB9885048,0.04,0.15,0.05,0.16,48.49,0,1,55+,Prepaid_Daily,Mid_Range,4G,2026-03-21
SUB2471926,0.3,1.45,0.15,0.01,45.24,0,0,25-34,Prepaid_Monthly,Mid_Range,4G,2026-03-19
SUB3873524,1.42,0.29,0.47,0.07,31.12,0,0,25-34,Postpaid_Basic,Basic_Phone,4G,2026-03-29
SUB3742455,3.2,1.88,1.5,3.03,123.66,1,0,18-24,Postpaid_Premium,5G_Device,4G,2026-04-12
SUB3269409,0.28,0.38,0.12,0.04,107.77,1,0,45-54,Prepaid_Daily,Premium_Smartphone,4G,2026-04-03
SUB7013704,3.72,6.0,1.6,0.27,159.54,0,1,25-34,Postpaid_Unlimited,Premium_Smartphone,5G,2026-03-31
SUB1295599,0.92,0.54,0.33,0.65,78.58,1,1,55+,Prepaid_Monthly,Mid_Range,5G,2026-03-22
SUB2557009,1.76,0.74,0.46,0.27,146.18,0,1,45-54,Prepaid_Monthly,Premium_Smartphone,4G+,2026-04-15
SUB1597904,1.65,5.91,0.61,0.06,65.59,1,0,25-34,Prepaid_Daily,Mid_Range,4G,2026-03-23
SUB1116841,4.02,6.0,1.13,0.23,62.34,1,0,35-44,Postpaid_Premium,5G_Device,3G,2026-03-23
SUB6907726,1.46,1.17,0.62,0.65,128.99,0,0,18-24,Postpaid_Premium,5G_Device,5G,2026-04-06
SUB9558542,4.74,2.03,0.48,0.43,44.28,0,1,25-34,Postpaid_Unlimited,Mid_Range,4G,2026-04-07
SUB6826038,0.04,0.33,0.14,0.08,9.74,0,0,35-44,Prepaid_Monthly,Basic_Phone,5G,2026-04-12
SUB2135270,0.75,0.46,0.01,0.35,69.67,0,1,35-44,Prepaid_Monthly,5G_Device,3G,2026-04-17
SUB1237068,0.8,3.32,0.31,0.13,54.76,0,0,25-34,Postpaid_Premium,Mid_Range,5G,2026-04-02
SUB6024592,0.05,1.31,0.52,1.43,78.0,0,0,45-54,Postpaid_Premium,Premium_Smartphone,4G,2026-03-29
SUB2604243,1.5,0.69,1.01,6.0,92.41,0,0,18-24,Postpaid_Unlimited,Premium_Smartphone,4G,2026-03-27
SUB1851161,0.74,0.93,0.21,0.06,47.38,0,1,25-34,Prepaid_Monthly,Mid_Range,4G,2026-04-17
SUB5772945,0.96,1.9,0.48,0.39,141.54,0,0,25-34,Postpaid_Premium,Premium_Smartphone,5G,2026-04-02
SUB2638846,4.07,0.56,1.72,1.1,159.4,1,1,25-34,Prepaid_Daily,Premium_Smartphone,4G+,2026-04-12
SUB5230987,0.12,0.56,0.35,0.05,74.78,0,0,55+,Postpaid_Basic,Premium_Smartphone,4G,2026-04-14
SUB8870907,0.9,0.27,0.02,0.06,57.71,1,0,35-44,Prepaid_Daily,Mid_Range,4G,2026-03-30
SUB9713542,5.4,6.0,1.26,0.58,108.88,1,0,25-34,Postpaid_Premium,5G_Device,4G,2026-04-12
SUB2802466,0.16,0.18,0.06,0.46,28.3,1,0,25-34,Postpaid_Basic,Basic_Phone,4G,2026-03-20
SUB3382865,1.58,3.24,0.03,0.02,43.13,0,0,18-24,Prepaid_Daily,Mid_Range,4G,2026-03-19
SUB1464310,0.57,1.2,0.45,0.21,59.3,0,0,25-34,Prepaid_Monthly,Mid_Range,4G,2026-04-04
SUB4714755,1.18,1.72,0.03,0.2,86.4,0,0,35-44,Prepaid_Monthly,5G_Device,4G,2026-03-19
SUB9945850,0.41,0.39,0.05,0.54,80.87,0,1,55+,Prepaid_Monthly,Mid_Range,4G,2026-04-16
SUB4127640,0.91,0.85,0.22,0.5,125.48,1,0,45-54,Prepaid_Daily,5G_Device,4G+,2026-04-01
SUB5303677,2.44,0.75,0.59,0.07,77.7,0,0,25-34,Prepaid_Monthly,Premium_Smartphone,4G+,2026-03-25
SUB5098535,1.89,6.0,4.0,0.86,97.68,0,0,25-34,Postpaid_Premium,5G_Device,5G,2026-04-14
SUB5753292,1.14,1.67,2.71,0.28,93.78,0,0,18-24,Prepaid_Monthly,Premium_Smartphone,4G,2026-04-16
SUB7227952,1.32,0.57,1.37,0.11,61.05,0,0,18-24,Prepaid_Monthly,Premium_Smartphone,4G,2026-04-14
SUB6673938,2.41,2.77,0.26,0.01,61.4,0,0,25-34,Postpaid_Unlimited,5G_Device,3G,2026-03-28
SUB9009292,0.4,0.91,0.7,0.62,93.41,0,1,25-34,Prepaid_Daily,Premium_Smartphone,4G,2026-03-25
SUB6108728,4.11,3.97,4.0,0.5,81.72,0,0,25-34,Postpaid_Premium,5G_Device,4G+,2026-04-06
SUB6060795,0.63,0.16,0.12,0.05,8.99,1,0,35-44,Postpaid_Basic,Basic_Phone,4G,2026-04-06
SUB6769049,8.0,3.32,0.86,6.0,137.73,1,0,35-44,Postpaid_Unlimited,Premium_Smartphone,4G+,2026-04-11
SUB1919134,1.57,1.01,0.04,0.47,112.33,1,1,25-34,Prepaid_Monthly,5G_Device,4G,2026-03-19
SUB2855797,8.0,1.7,0.65,1.67,120.68,1,1,45-54,Postpaid_Premium,5G_Device,4G,2026-04-04
SUB7379515,1.73,0.97,0.14,0.02,91.56,0,0,18-24,Prepaid_Daily,5G_Device,4G,2026-03-28
SUB9078886,3.12,6.0,4.0,1.17,74.73,0,0,25-34,Postpaid_Unlimited,Premium_Smartphone,4G+,2026-03-26
SUB5636440,0.52,1.13,0.06,0.07,105.05,0,1,45-54,Prepaid_Monthly,Tablet,4G,2026-04-11
SUB7489759,0.69,0.5,0.0,0.83,38.13,0,1,25-34,Postpaid_Basic,Mid_Range,3G,2026-04-12
SUB9899770,0.4,0.24,0.04,0.05,59.28,0,1,55+,Prepaid_Daily,Mid_Range,4G,2026-03-26
SUB3570725,1.41,0.24,0.49,0.27,48.85,0,1,18-24,Postpaid_Unlimited,Basic_Phone,5G,2026-04-05
SUB3426277,1.16,1.26,0.33,0.01,73.63,0,1,35-44,Postpaid_Premium,Tablet,3G,2026-03-26
SUB8200987,0.41,0.47,0.05,0.18,27.83,0,0,35-44,Prepaid_Daily,Mid_Range,3G,2026-04-16
SUB6324852,1.77,0.81,0.41,0.31,94.45,1,1,35-44,Prepaid_Daily,5G_Device,4G,2026-04-02
SUB6580509,0.42,0.09,0.22,0.52,21.04,1,0,45-54,Prepaid_Monthly,Basic_Phone,3G,2026-04-08
SUB2317621,0.32,1.23,0.97,0.61,63.27,1,1,35-44,Prepaid_Monthly,Mid_Range,4G,2026-03-26
SUB7408929,0.15,0.89,0.05,0.11,43.85,0,0,45-54,Prepaid_Monthly,Premium_Smartphone,4G,2026-04-12
SUB4637967,0.9,2.72,4.0,0.47,94.04,1,0,25-34,Postpaid_Unlimited,Premium_Smartphone,4G,2026-04-03
SUB3367893,3.73,0.24,0.76,0.07,59.6,1,0,25-34,Postpaid_Premium,Mid_Range,4G,2026-04-13
SUB6766140,1.29,0.58,0.38,0.93,57.85,0,0,35-44,Postpaid_Unlimited,Premium_Smartphone,4G,2026-04-03
SUB6053127,0.84,0.14,0.24,0.63,84.27,1,1,35-44,Prepaid_Monthly,Mid_Range,4G,2026-03-31
SUB1739574,1.32,0.62,0.06,0.0,77.47,0,0,55+,Postpaid_Premium,Premium_Smartphone,4G,2026-03-26
SUB5071495,4.31,0.84,0.44,0.1,43.8,0,1,18-24,Postpaid_Basic,Basic_Phone,5G,2026-04-15
SUB1325437,1.75,1.91,1.83,1.52,105.65,0,0,25-34,Prepaid_Monthly,Premium_Smartphone,5G,2026-04-13
SUB3091013,4.08,2.62,0.34,0.0,81.43,1,0,35-44,Postpaid_Basic,Mid_Range,4G+,2026-04-08
SUB4681890,0.33,0.94,0.37,0.04,144.36,0,1,45-54,Prepaid_Monthly,Premium_Smartphone,5G,2026-04-09
SUB6991305,0.27,0.24,0.04,0.0,29.49,0,0,55+,Postpaid_Unlimited,Mid_Range,3G,2026-04-16
SUB1872834,3.39,2.73,0.73,0.05,89.83,1,1,25-34,Postpaid_Basic,Mid_Range,4G,2026-04-04
SUB5637370,1.85,6.0,0.54,0.17,57.99,0,0,18-24,Postpaid_Premium,Mid_Range,5G,2026-04-09
SUB7626379,7.96,2.05,4.0,0.14,140.6,0,1,25-34,Postpaid_Premium,5G_Device,5G,2026-03-31
SUB6887774,1.3,5.19,0.56,6.0,86.75,1,0,25-34,Postpaid_Basic,Premium_Smartphone,4G,2026-04-10
SUB8352132,1.57,2.69,0.11,0.29,103.3,1,1,55+,Postpaid_Basic,5G_Device,4G,2026-04-05
SUB2032499,0.58,2.75,0.05,0.33,92.04,0,0,25-34,Prepaid_Monthly,5G_Device,4G+,2026-04-16
SUB4820888,0.58,0.88,0.12,0.06,94.22,0,0,25-34,Prepaid_Daily,Premium_Smartphone,4G,2026-04-04
SUB8730302,1.87,0.87,1.92,0.91,84.77,0,0,25-34,Postpaid_Premium,5G_Device,4G,2026-04-04
SUB8534504,2.97,1.61,1.32,0.11,56.77,0,1,25-34,Postpaid_Unlimited,Premium_Smartphone,4G,2026-03-24
SUB3331348,0.39,1.04,0.05,0.36,103.4,1,0,45-54,Prepaid_Monthly,Premium_Smartphone,4G,2026-04-13
SUB7565269,1.3,6.0,0.45,0.11,109.12,0,0,18-24,Postpaid_Unlimited,Premium_Smartphone,5G,2026-04-10
SUB8199107,2.48,0.78,1.68,0.02,57.24,0,0,25-34,Prepaid_Monthly,Mid_Range,5G,2026-04-16
SUB3806284,0.59,0.17,0.17,0.15,39.94,0,0,55+,Postpaid_Basic,Mid_Range,5G,2026-04-07
SUB7572531,2.22,0.43,0.27,0.52,66.79,0,1,18-24,Prepaid_Monthly,Premium_Smartphone,3G,2026-04-04
SUB2141452,1.3,1.48,0.03,0.53,75.84,0,0,35-44,Prepaid_Daily,Premium_Smartphone,5G,2026-04-03
SUB7816080,0.18,0.15,0.27,0.12,36.52,1,0,25-34,Prepaid_Daily,Mid_Range,3G,2026-03-25
SUB6550560,1.63,1.11,0.3,0.85,49.92,1,0,35-44,Prepaid_Monthly,Mid_Range,4G+,2026-03-29
SUB2230796,0.47,0.27,0.32,0.75,61.24,0,0,18-24,Prepaid_Daily,Premium_Smartphone,4G,2026-03-19
SUB1113936,0.66,0.67,1.55,0.11,110.88,1,0,25-34,Prepaid_Daily,Tablet,5G,2026-04-16
SUB5210583,0.42,0.64,0.05,0.16,86.08,0,0,25-34,Prepaid_Daily,Mid_Range,5G,2026-03-28
SUB8539769,2.71,3.16,0.07,0.04,131.41,1,0,18-24,Prepaid_Daily,Premium_Smartphone,4G+,2026-04-14
SUB5280428,1.08,0.44,0.02,0.15,73.0,0,0,25-34,Prepaid_Daily,Tablet,4G+,2026-04-01
SUB3433351,0.34,0.19,0.68,0.52,41.36,0,1,18-24,Postpaid_Basic,Mid_Range,4G,2026-04-13
SUB3189063,8.0,6.0,2.66,0.1,94.25,0,1,35-44,Postpaid_Premium,5G_Device,4G,2026-04-07
SUB3819182,1.08,0.59,0.4,0.05,66.03,0,0,55+,Prepaid_Daily,5G_Device,4G,2026-03-20
SUB1447244,1.52,2.28,0.31,0.35,32.92,0,0,18-24,Prepaid_Daily,Mid_Range,4G,2026-03-23
SUB7252016,0.37,0.68,0.13,0.06,19.91,1,0,18-24,Postpaid_Premium,Basic_Phone,4G+,2026-03-19
SUB9471414,0.99,0.4,0.34,0.01,32.55,0,0,45-54,Prepaid_Daily,Mid_Range,4G,2026-03-28
SUB2278673,0.08,0.32,0.13,0.5,32.55,0,0,35-44,Postpaid_Premium,Mid_Range,3G,2026-03-19
SUB6168638,0.97,0.59,0.23,0.36,62.63,0,0,18-24,Prepaid_Daily,Tablet,4G,2026-04-01
SUB5115741,0.66,0.79,0.13,0.68,50.46,0,0,25-34,Prepaid_Monthly,Mid_Range,4G,2026-03-25
SUB7778892,0.04,1.08,0.13,0.13,82.86,0,0,18-24,Prepaid_Daily,5G_Device,4G+,2026-03-31
SUB4457521,0.19,1.1,0.64,0.05,54.77,0,0,18-24,Prepaid_Monthly,Mid_Range,5G,2026-03-20
SUB5684013,0.14,2.01,0.38,0.22,93.36,1,1,55+,Postpaid_Premium,Tablet,4G,2026-04-13
SUB6044829,0.34,3.68,0.1,0.03,84.14,0,1,45-54,Prepaid_Daily,Mid_Range,4G,2026-04-10
SUB6683860,4.72,3.23,0.04,0.24,187.18,1,1,35-44,Postpaid_Unlimited,Premium_Smartphone,4G+,2026-04-13
SUB3438710,0.29,0.83,0.14,0.01,31.17,0,1,18-24,Prepaid_Monthly,Basic_Phone,3G,2026-03-23
SUB9887120,1.72,4.01,0.07,0.37,77.48,0,1,18-24,Postpaid_Unlimited,Mid_Range,4G+,2026-03-28
SUB1767442,0.26,1.84,0.11,0.09,56.74,0,0,45-54,Prepaid_Daily,Mid_Range,4G+,2026-03-24
SUB8936627,2.19,1.11,0.04,0.95,53.27,1,1,18-24,Prepaid_Daily,Basic_Phone,5G,2026-03-27
SUB9863886,4.78,4.53,0.68,0.11,111.3,1,1,25-34,Postpaid_Basic,Mid_Range,4G+,2026-04-16
SUB2930440,1.13,1.25,0.11,1.19,55.74,0,0,25-34,Prepaid_Daily,Premium_Smartphone,4G,2026-04-05
SUB9768201,5.01,0.69,0.24,0.01,70.6,0,0,35-44,Postpaid_Premium,Mid_Range,4G+,2026-04-10
SUB1494955,0.64,1.23,0.1,0.24,56.85,0,0,25-34,Prepaid_Monthly,Premium_Smartphone,4G,2026-04-15
SUB6478878,0.83,1.54,0.39,1.37,133.53,1,0,25-34,Postpaid_Premium,Premium_Smartphone,4G,2026-04-16
SUB6679487,0.19,0.59,0.59,0.29,97.32,1,0,45-54,Prepaid_Daily,5G_Device,4G,2026-03-30
SUB5840349,2.24,1.27,0.97,0.22,61.42,0,1,35-44,Postpaid_Basic,5G_Device,4G,2026-03-28
SUB2626528,1.72,6.0,0.36,0.72,119.9,1,0,18-24,Postpaid_Basic,5G_Device,4G,2026-04-07
SUB7096696,1.15,0.72,0.21,3.05,94.81,1,0,35-44,Postpaid_Premium,Mid_Range,5G,2026-03-20
SUB3914611,0.8,0.21,0.34,0.36,101.47,1,1,18-24,Prepaid_Monthly,Mid_Range,5G,2026-03-29
SUB2308014,5.56,1.28,0.56,0.23,94.45,1,0,25-34,Postpaid_Unlimited,Premium_Smartphone,4G+,2026-03-22
SUB3247680,6.02,1.03,0.13,1.35,104.63,0,0,35-44,Postpaid_Unlimited,Premium_Smartphone,4G,2026-04-04
SUB7589154,0.6,1.56,0.43,0.31,39.27,0,0,25-34,Postpaid_Unlimited,Mid_Range,4G,2026-03-24
SUB3821839,1.98,1.66,0.83,1.26,87.56,1,0,25-34,Postpaid_Basic,Premium_Smartphone,4G+,2026-04-10
SUB1298783,0.45,1.81,0.42,1.12,73.68,1,0,35-44,Prepaid_Monthly,Mid_Range,4G+,2026-03-23
SUB4602571,0.13,0.38,0.08,0.04,85.76,0,0,55+,Prepaid_Daily,Mid_Range,5G,2026-04-13
SUB9340960,0.24,3.5,1.54,0.16,96.38,1,0,25-34,Postpaid_Unlimited,Premium_Smartphone,5G,2026-03-29
SUB4879928,2.21,0.74,0.18,0.66,49.68,0,0,18-24,Postpaid_Unlimited,Mid_Range,4G,2026-04-13
SUB8039879,3.16,0.21,0.02,0.03,47.72,0,0,25-34,Prepaid_Daily,Mid_Range,4G,2026-03-31
SUB3115226,1.5,1.1,0.74,0.61,96.31,1,0,25-34,Prepaid_Monthly,Mid_Range,4G+,2026-03-23
SUB7962365,1.76,2.69,0.93,0.09,78.13,0,0,25-34,Postpaid_Unlimited,Mid_Range,5G,2026-04-08
SUB2340683,0.48,2.23,0.48,0.21,78.03,1,0,25-34,Prepaid_Daily,Mid_Range,4G,2026-03-22
SUB4630400,1.09,0.17,0.11,0.15,46.8,0,0,35-44,Prepaid_Daily,Mid_Range,3G,2026-03-25
SUB6994602,8.0,2.39,1.26,3.02,85.95,1,1,18-24,Postpaid_Unlimited,Mid_Range,4G,2026-03-28
SUB3854119,0.07,3.39,0.85,0.15,91.48,0,0,25-34,Postpaid_Premium,Mid_Range,5G,2026-03-26
SUB3673705,1.17,1.69,0.72,0.54,85.75,1,1,25-34,Postpaid_Unlimited,Mid_Range,4G,2026-03-23
SUB7307517,0.85,0.73,0.18,0.62,44.26,0,0,25-34,Prepaid_Daily,Mid_Range,5G,2026-03-26
SUB4597170,0.55,0.56,0.1,0.06,44.76,0,1,55+,Prepaid_Monthly,Mid_Range,4G,2026-04-03
SUB4305610,6.48,0.68,0.49,0.29,67.84,0,0,25-34,Postpaid_Basic,5G_Device,4G,2026-03-22
SUB9841830,1.28,1.4,0.03,0.09,66.33,0,0,45-54,Postpaid_Basic,Premium_Smartphone,4G,2026-04-11
SUB3088618,1.88,0.15,0.0,0.54,63.99,0,0,45-54,Prepaid_Monthly,Premium_Smartphone,4G+,2026-04-04
SUB8596537,4.12,1.09,0.39,0.24,58.75,0,0,45-54,Postpaid_Unlimited,Premium_Smartphone,4G,2026-03-30
SUB7922972,3.88,3.58,1.19,0.2,69.02,0,1,18-24,Postpaid_Unlimited,Mid_Range,4G,2026-04-07
SUB5400852,0.51,0.28,0.41,0.27,116.91,0,1,55+,Prepaid_Monthly,Tablet,4G,2026-04-08
SUB7759991,0.05,0.3,0.08,0.04,5.0,1,0,18-24,Prepaid_Daily,Basic_Phone,4G,2026-04-09
SUB3593157,0.65,0.52,0.33,0.07,50.99,0,0,18-24,Prepaid_Daily,Mid_Range,4G,2026-04-07
SUB8058021,2.75,3.82,0.17,0.13,39.93,0,0,25-34,Postpaid_Basic,Mid_Range,4G,2026-03-20
SUB7119922,2.08,1.21,0.33,0.54,86.79,0,0,18-24,Prepaid_Daily,5G_Device,4G,2026-04-04
SUB6575477,3.09,6.0,0.87,0.66,83.65,0,1,18-24,Postpaid_Basic,5G_Device,4G,2026-03-28
SUB7919879,2.74,1.28,0.59,0.38,131.43,1,0,25-34,Postpaid_Basic,5G_Device,4G,2026-04-04
SUB8759080,2.03,6.0,0.52,0.3,85.35,1,0,18-24,Postpaid_Unlimited,Mid_Range,5G,2026-04-08
SUB7662064,2.26,2.76,0.96,0.39,138.57,1,1,35-44,Prepaid_Monthly,5G_Device,4G,2026-04-02
SUB1217314,0.54,0.53,0.02,0.05,39.18,0,0,18-24,Postpaid_Basic,Basic_Phone,4G+,2026-03-31
SUB3635122,0.03,1.4,2.69,4.39,76.83,0,0,25-34,Postpaid_Premium,Premium_Smartphone,4G,2026-04-08
SUB6728394,0.18,0.58,0.12,0.26,74.26,0,0,55+,Postpaid_Basic,5G_Device,4G+,2026-04-08
SUB1748692,0.31,6.0,0.61,0.32,51.05,0,0,25-34,Postpaid_Unlimited,5G_Device,4G,2026-03-22
SUB3382962,0.4,1.11,0.27,0.66,58.13,0,0,35-44,Postpaid_Basic,Mid_Range,4G,2026-04-04
SUB4466689,0.29,1.33,0.53,0.27,65.53,0,0,55+,Postpaid_Unlimited,Premium_Smartphone,4G,2026-04-14
SUB2614694,0.59,2.88,0.58,0.3,38.08,0,0,18-24,Prepaid_Monthly,Mid_Range,4G,2026-03-31
SUB9970512,5.64,0.79,0.49,0.15,49.84,0,0,25-34,Postpaid_Basic,Mid_Range,5G,2026-04-10
SUB5465669,0.87,1.83,0.02,0.01,106.2,0,1,45-54,Postpaid_Basic,Premium_Smartphone,5G,2026-03-22
SUB4881143,0.84,0.75,0.75,0.12,45.76,0,0,55+,Postpaid_Unlimited,Mid_Range,4G+,2026-03-31
SUB5911077,0.14,1.13,0.24,0.06,47.0,0,0,35-44,Prepaid_Monthly,Mid_Range,4G,2026-04-11
SUB2945537,4.3,6.0,1.26,0.39,93.81,0,0,18-24,Prepaid_Daily,Premium_Smartphone,4G,2026-03-27
SUB8941238,0.97,1.45,0.07,0.49,75.93,0,0,55+,Postpaid_Basic,Premium_Smartphone,4G+,2026-03-28
SUB9466724,0.3,0.36,0.24,0.46,22.34,0,0,18-24,Prepaid_Monthly,Basic_Phone,5G,2026-04-12
SUB9772978,0.32,0.59,0.2,0.03,17.38,1,1,25-34,Postpaid_Basic,Basic_Phone,4G,2026-03-22
SUB4374659,1.85,4.75,0.95,1.04,90.32,0,1,25-34,Postpaid_Unlimited,5G_Device,4G+,2026-04-09
SUB1519385,4.45,2.7,0.51,1.69,55.71,0,0,25-34,Postpaid_Unlimited,Mid_Range,4G+,2026-03-27
SUB2572138,0.29,0.43,0.09,0.58,54.57,0,1,45-54,Prepaid_Monthly,Premium_Smartphone,3G,2026-03-31
SUB6180703,0.08,0.71,0.07,0.02,73.7,1,0,45-54,Prepaid_Daily,Tablet,3G,2026-03-30
SUB1226256,0.31,0.11,0.58,0.06,65.41,0,0,35-44,Postpaid_Basic,Premium_Smartphone,3G,2026-04-04
SUB7853878,0.59,1.52,0.03,0.25,77.01,0,0,18-24,Postpaid_Basic,Mid_Range,5G,2026-03-22
SUB9809147,1.62,0.18,0.4,0.19,75.48,1,0,35-44,Postpaid_Premium,Mid_Range,5G,2026-03-24
SUB8849453,2.08,1.72,2.27,0.54,114.59,0,0,35-44,Postpaid_Premium,Premium_Smartphone,5G,2026-04-01
SUB7494290,8.0,6.0,1.14,1.28,200.0,1,1,25-34,Postpaid_Basic,5G_Device,5G,2026-04-07
SUB4373307,0.65,0.67,1.04,0.02,98.27,0,0,55+,Prepaid_Daily,Premium_Smartphone,4G,2026-04-17
SUB1550242,2.95,0.03,0.03,0.23,35.19,1,0,45-54,Postpaid_Premium,Basic_Phone,4G,2026-04-16
SUB8001837,0.44,0.18,1.64,0.03,73.91,0,0,35-44,Prepaid_Daily,Mid_Range,4G+,2026-04-03
SUB4497831,2.35,1.11,0.49,0.2,81.32,0,1,18-24,Prepaid_Daily,Mid_Range,4G+,2026-04-09
SUB3848439,2.1,1.99,0.23,0.0,57.6,0,0,35-44,Postpaid_Premium,Premium_Smartphone,4G,2026-04-16
SUB6978106,0.26,0.09,0.19,0.1,80.74,0,1,55+,Postpaid_Basic,Premium_Smartphone,4G,2026-03-31
SUB9065819,1.2,0.57,0.14,0.16,15.41,1,0,25-34,Postpaid_Premium,Basic_Phone,4G,2026-04-01
SUB9333920,1.42,0.27,0.24,0.04,60.17,0,0,45-54,Prepaid_Monthly,5G_Device,3G,2026-04-02
SUB9120766,3.29,6.0,0.73,0.26,73.94,0,1,25-34,Prepaid_Daily,Premium_Smartphone,4G,2026-04-11
SUB3021835,2.18,1.57,0.6,0.6,74.22,0,1,35-44,Prepaid_Monthly,5G_Device,4G,2026-03-31
SUB7427095,0.92,0.56,0.23,0.36,62.12,1,0,35-44,Postpaid_Basic,Mid_Range,4G,2026-04-14
SUB7078159,0.88,1.39,0.03,1.4,178.43,1,0,35-44,Prepaid_Monthly,Premium_Smartphone,5G,2026-03-21
SUB4531674,0.47,0.28,0.53,0.01,68.73,1,0,45-54,Postpaid_Premium,Mid_Range,4G+,2026-03-24
SUB8336302,3.2,4.34,1.81,2.89,161.85,1,1,18-24,Postpaid_Premium,Premium_Smartphone,4G+,2026-04-10
SUB7282827,8.0,1.24,0.33,0.54,96.25,1,0,25-34,Postpaid_Basic,5G_Device,5G,2026-03-24
SUB9739287,3.03,0.56,3.54,0.74,104.67,0,0,35-44,Postpaid_Unlimited,Premium_Smartphone,5G,2026-03-25
SUB7792566,2.53,0.48,0.36,1.34,47.97,0,0,18-24,Postpaid_Unlimited,Mid_Range,4G,2026-03-30
SUB7021656,0.17,2.72,0.75,0.78,55.81,1,0,25-34,Postpaid_Unlimited,Premium_Smartphone,3G,2026-03-25
SUB7519585,4.53,0.22,0.2,1.38,75.72,0,0,18-24,Postpaid_Premium,Mid_Range,5G,2026-03-25
SUB9132162,1.55,2.84,0.07,0.99,100.09,1,0,18-24,Prepaid_Monthly,5G_Device,4G,2026-04-04
SUB3426105,0.66,0.35,0.14,0.08,23.83,0,1,35-44,Postpaid_Basic,Basic_Phone,3G,2026-03-21
SUB5811671,1.45,1.39,0.03,0.27,46.28,1,1,35-44,Postpaid_Premium,Basic_Phone,4G,2026-03-31
SUB7453877,2.35,0.49,0.03,0.01,77.85,1,1,18-24,Prepaid_Monthly,Mid_Range,4G,2026-04-06
SUB8547881,1.24,0.55,0.11,0.42,41.26,0,0,18-24,Postpaid_Premium,Mid_Range,4G+,2026-03-29
SUB6055769,0.69,1.73,0.02,0.01,16.32,0,1,18-24,Postpaid_Basic,Basic_Phone,4G+,2026-03-31
SUB7061266,0.07,0.77,0.25,0.17,23.97,0,1,25-34,Prepaid_Daily,Basic_Phone,4G,2026-03-23
SUB9658754,1.12,0.23,0.02,0.03,39.8,1,1,18-24,Postpaid_Basic,Mid_Range,3G,2026-04-05
SUB6574807,0.14,0.1,0.05,0.0,18.74,0,1,25-34,Prepaid_Daily,Basic_Phone,3G,2026-04-13
SUB5301828,0.0,0.74,0.0,0.3,90.42,0,1,35-44,Prepaid_Daily,5G_Device,4G+,2026-04-04
SUB7509762,0.53,0.26,0.32,0.77,19.09,0,0,35-44,Postpaid_Unlimited,Basic_Phone,4G,2026-04-01
SUB1544026,0.28,6.0,0.94,0.71,66.31,0,0,25-34,Postpaid_Basic,5G_Device,4G,2026-03-23
SUB4942863,0.67,2.68,1.28,0.09,48.27,0,0,35-44,Postpaid_Basic,5G_Device,3G,2026-04-16
SUB7243490,1.19,0.09,0.0,0.15,38.86,0,1,55+,Prepaid_Monthly,Mid_Range,4G,2026-03-22
SUB7484427,0.11,1.09,0.16,0.1,47.86,1,0,25-34,Postpaid_Basic,Basic_Phone,5G,2026-04-17
SUB8221352,0.53,0.07,0.08,0.79,56.01,0,1,25-34,Prepaid_Daily,Mid_Range,4G,2026-04-13
SUB5472089,0.7,2.5,0.37,0.14,111.75,0,0,35-44,Postpaid_Premium,Premium_Smartphone,5G,2026-04-12
SUB1268449,7.19,6.0,0.14,0.41,160.26,0,1,18-24,Postpaid_Premium,Premium_Smartphone,5G,2026-04-06
SUB3850774,2.15,2.27,0.13,0.5,41.67,0,0,35-44,Postpaid_Unlimited,Mid_Range,4G,2026-04-17
SUB8620958,1.97,0.1,0.17,0.04,41.86,0,0,45-54,Prepaid_Daily,Mid_Range,5G,2026-03-26
SUB6583281,2.6,6.0,2.25,1.63,175.05,1,1,25-34,Postpaid_Basic,Premium_Smartphone,4G+,2026-04-16
SUB5430675,0.45,0.95,0.99,0.55,119.11,1,0,35-44,Postpaid_Premium,Mid_Range,5G,2026-04-17
SUB6918806,0.58,1.5,1.03,0.45,101.34,0,0,35-44,Prepaid_Daily,5G_Device,5G,2026-04-15
SUB9513199,0.5,0.75,0.64,0.51,60.97,0,0,18-24,Prepaid_Daily,Mid_Range,5G,2026-04-01
SUB7822255,0.81,0.38,0.84,0.36,59.78,0,1,18-24,Postpaid_Premium,Mid_Range,4G,2026-03-20
SUB5461213,0.86,0.93,1.2,1.74,56.31,0,1,45-54,Postpaid_Premium,Mid_Range,4G+,2026-04-06
SUB2160152,0.38,0.49,0.3,0.08,78.58,0,0,55+,Prepaid_Monthly,Premium_Smartphone,4G,2026-03-26
SUB7305236,1.25,1.0,0.14,0.15,61.0,0,1,45-54,Prepaid_Daily,Mid_Range,4G,2026-03-24
SUB3365885,0.87,0.22,0.05,0.05,93.26,1,1,55+,Postpaid_Basic,Mid_Range,4G,2026-04-10
SUB7195196,0.74,0.52,0.12,0.05,35.07,1,0,25-34,Prepaid_Monthly,Mid_Range,3G,2026-03-19
SUB1880096,4.48,3.54,0.29,0.05,31.93,0,0,18-24,Postpaid_Basic,Mid_Range,4G,2026-04-06
SUB3714766,0.01,0.61,0.35,0.51,89.54,0,0,25-34,Prepaid_Monthly,Premium_Smartphone,4G,2026-04-03
SUB3924537,3.42,0.51,0.28,0.58,92.72,0,1,18-24,Postpaid_Basic,Mid_Range,4G+,2026-04-11
SUB2592173,0.53,0.55,0.26,0.05,98.28,0,0,45-54,Postpaid_Premium,Premium_Smartphone,4G+,2026-04-17
SUB2074477,0.07,0.69,0.08,0.05,38.71,0,1,55+,Postpaid_Premium,Mid_Range,4G,2026-04-09
SUB2473300,1.09,2.46,0.01,3.35,89.31,1,0,45-54,Postpaid_Basic,Premium_Smartphone,4G,2026-04-02
SUB7759383,0.27,4.72,0.66,0.05,124.88,1,1,35-44,Prepaid_Daily,Premium_Smartphone,3G,2026-04-17
SUB1297584,2.02,4.88,0.8,1.53,129.2,1,0,25-34,Prepaid_Monthly,Premium_Smartphone,5G,2026-04-08
SUB1892015,1.06,1.65,0.33,0.89,76.09,0,0,18-24,Prepaid_Daily,Premium_Smartphone,4G,2026-04-12
SUB9020497,1.24,1.37,0.7,0.07,62.68,0,0,25-34,Postpaid_Basic,Mid_Range,4G,2026-03-23
SUB2651348,0.66,3.49,0.52,2.88,71.84,0,0,35-44,Postpaid_Unlimited,Tablet,4G+,2026-04-03
SUB3871259,3.74,2.77,1.11,0.01,105.1,0,0,25-34,Postpaid_Basic,Premium_Smartphone,5G,2026-04-14
SUB9270562,0.03,0.68,0.07,0.0,41.14,0,0,55+,Prepaid_Daily,Mid_Range,3G,2026-04-12
SUB1854741,3.26,0.68,0.34,0.06,116.7,1,1,45-54,Prepaid_Monthly,Mid_Range,5G,2026-03-28
SUB4352214,0.81,0.78,0.03,0.37,32.19,0,1,18-24,Prepaid_Daily,Basic_Phone,5G,2026-03-21
SUB3023615,0.19,1.55,0.08,0.74,53.3,0,0,18-24,Prepaid_Daily,Premium_Smartphone,4G,2026-04-08
SUB4010087,2.36,0.65,0.84,1.09,39.94,1,1,35-44,Postpaid_Basic,Mid_Range,3G,2026-04-03
SUB5644081,1.17,0.49,0.08,0.84,68.88,0,0,18-24,Prepaid_Monthly,Tablet,4G,2026-04-01
SUB9530057,1.19,0.26,0.06,0.17,122.25,1,1,45-54,Prepaid_Monthly,Mid_Range,5G,2026-03-31
SUB6381299,0.45,0.42,0.59,0.09,63.76,1,0,35-44,Prepaid_Daily,Premium_Smartphone,3G,2026-03-21
SUB4018439,1.94,3.59,0.28,0.65,75.03,1,0,18-24,Postpaid_Premium,Premium_Smartphone,4G,2026-04-12
SUB1135370,2.92,2.0,2.04,0.69,98.05,0,1,25-34,Postpaid_Basic,5G_Device,5G,2026-04-06
SUB1856636,8.0,4.39,0.58,0.46,31.76,0,1,25-34,Postpaid_Premium,Mid_Range,4G,2026-03-22
SUB5642681,0.12,1.61,0.19,0.14,76.67,0,0,45-54,Prepaid_Daily,Tablet,4G+,2026-03-30
SUB7194868,4.15,0.99,0.39,3.44,156.18,0,1,18-24,Postpaid_Premium,5G_Device,5G,2026-04-13
SUB7535223,0.03,1.77,0.82,0.04,96.47,0,0,45-54,Postpaid_Basic,Tablet,4G+,2026-03-30
SUB1427244,3.09,0.71,1.32,1.33,129.95,0,1,35-44,Prepaid_Monthly,5G_Device,4G,2026-04-07
SUB4555912,3.85,1.71,1.29,0.41,161.34,0,1,35-44,Prepaid_Monthly,5G_Device,5G,2026-03-20
SUB6011002,0.26,5.09,0.02,0.3,68.67,0,0,18-24,Prepaid_Monthly,Premium_Smartphone,3G,2026-03-30
SUB5713199,0.25,4.61,0.21,0.24,100.83,0,0,35-44,Postpaid_Basic,5G_Device,4G,2026-03-22
SUB3514368,3.4,0.36,0.66,0.08,189.07,0,1,35-44,Prepaid_Daily,Premium_Smartphone,5G,2026-04-08
SUB3089319,2.2,6.0,0.68,0.25,112.12,0,1,25-34,Postpaid_Premium,Premium_Smartphone,5G,2026-04-14
SUB6125819,0.1,0.52,0.19,0.08,76.93,0,0,45-54,Prepaid_Daily,Premium_Smartphone,4G,2026-04-12
SUB1792330,1.81,0.8,2.9,0.93,80.5,0,0,35-44,Postpaid_Basic,Tablet,4G,2026-04-15
SUB5474843,0.74,0.58,0.02,0.01,39.76,0,0,45-54,Prepaid_Monthly,Mid_Range,4G,2026-04-15
SUB2742955,2.17,0.88,3.17,5.1,49.01,0,0,18-24,Postpaid_Basic,5G_Device,4G,2026-03-27
SUB8312203,1.01,0.49,0.09,0.07,65.83,0,0,45-54,Postpaid_Unlimited,Mid_Range,4G+,2026-03-27
SUB9654758,0.41,0.32,0.05,0.1,31.86,1,0,18-24,Postpaid_Unlimited,Mid_Range,3G,2026-03-25
SUB3786905,0.53,0.05,0.01,0.05,9.42,0,1,45-54,Prepaid_Daily,Basic_Phone,4G,2026-04-09
SUB2845964,0.52,0.23,0.01,0.4,94.23,1,0,55+,Prepaid_Monthly,Mid_Range,4G+,2026-04-10
SUB7734714,2.35,0.48,1.0,0.92,30.16,0,0,25-34,Postpaid_Premium,Tablet,3G,2026-04-08
SUB9878023,1.41,1.18,0.23,0.01,42.1,0,1,25-34,Prepaid_Monthly,Mid_Range,3G,2026-04-03
SUB4503548,2.93,2.78,0.2,0.0,138.31,1,0,35-44,Postpaid_Basic,Premium_Smartphone,5G,2026-03-24
SUB1646012,0.66,2.36,0.58,0.41,59.82,1,0,18-24,Postpaid_Unlimited,Mid_Range,4G,2026-04-02
SUB8185115,1.03,4.35,0.08,0.56,86.02,0,0,25-34,Postpaid_Basic,5G_Device,4G,2026-03-31
SUB3585181,2.16,1.71,0.19,1.49,166.87,1,0,25-34,Prepaid_Daily,5G_Device,5G,2026-03-27
SUB8981512,0.6,3.91,0.53,0.12,33.25,0,0,45-54,Postpaid_Premium,Mid_Range,4G,2026-03-24
SUB3269798,0.48,1.4,0.12,1.35,54.64,0,0,45-54,Postpaid_Unlimited,Mid_Range,5G,2026-04-16
SUB5181726,0.23,1.68,0.26,0.32,58.71,0,0,35-44,Postpaid_Premium,Mid_Range,4G+,2026-04-05
SUB4439289,0.18,1.75,0.04,0.1,42.53,0,0,35-44,Prepaid_Monthly,Mid_Range,4G+,2026-04-11
SUB7641620,0.1,5.51,0.29,0.21,58.12,0,1,35-44,Postpaid_Unlimited,Mid_Range,4G,2026-04-13
SUB8685815,0.94,6.0,0.15,0.9,87.98,1,0,25-34,Postpaid_Unlimited,Tablet,4G,2026-04-05
SUB9521267,8.0,0.8,2.59,1.56,100.79,0,0,25-34,Postpaid_Unlimited,5G_Device,4G,2026-03-26
SUB3598475,2.71,1.43,0.39,0.15,48.62,1,0,35-44,Prepaid_Monthly,Mid_Range,4G,2026-04-10
SUB1639872,0.27,0.53,0.16,0.02,87.3,0,0,55+,Postpaid_Premium,Tablet,4G,2026-04-13
SUB4855798,0.21,0.19,0.22,0.04,11.65,0,0,35-44,Postpaid_Premium,Basic_Phone,3G,2026-03-19
SUB5941412,0.34,0.18,0.01,0.0,40.5,1,0,35-44,Prepaid_Daily,Mid_Range,3G,2026-03-20
SUB3959470,1.46,2.11,0.54,0.43,199.8,1,1,45-54,Postpaid_Basic,Premium_Smartphone,5G,2026-04-14
SUB1936320,1.6,0.67,0.02,0.16,16.12,0,0,25-34,Postpaid_Premium,Basic_Phone,4G,2026-04-13
SUB6010168,8.0,2.3,4.0,0.13,119.83,1,1,35-44,Postpaid_Unlimited,Mid_Range,5G,2026-04-12
SUB6422569,1.69,1.84,0.88,0.25,43.94,0,0,25-34,Postpaid_Unlimited,Mid_Range,4G,2026-04-03
SUB2647824,3.21,2.78,0.94,0.82,126.11,0,0,25-34,Prepaid_Daily,Premium_Smartphone,5G,2026-04-09
SUB4383973,7.43,2.07,0.18,1.95,81.87,0,0,35-44,Postpaid_Basic,5G_Device,5G,2026-04-14
SUB6810786,0.43,3.07,0.83,0.04,117.08,1,1,35-44,Postpaid_Basic,Premium_Smartphone,4G,2026-04-01
SUB5125903,0.39,3.6,0.02,0.31,95.17,0,0,25-34,Postpaid_Unlimited,Premium_Smartphone,4G,2026-04-05
SUB9821437,0.49,4.08,0.03,0.0,123.19,0,0,35-44,Prepaid_Daily,Premium_Smartphone,5G,2026-04-03
SUB5411054,0.29,1.74,0.46,0.39,67.14,0,0,35-44,Postpaid_Premium,Mid_Range,4G,2026-04-02
SUB5314896,0.24,0.87,1.13,1.15,98.99,1,0,45-54,Postpaid_Basic,5G_Device,4G,2026-04-05
SUB1234000,2.16,0.49,0.68,0.1,87.16,0,0,45-54,Postpaid_Unlimited,Premium_Smartphone,4G,2026-03-26
SUB9710745,2.14,1.62,1.41,0.08,72.6,1,0,25-34,Postpaid_Basic,Mid_Range,4G,2026-04-12
SUB8942992,0.14,0.23,0.19,0.12,67.83,0,1,55+,Postpaid_Premium,Mid_Range,4G,2026-04-02
SUB8144013,1.46,6.0,0.07,0.71,82.44,1,0,35-44,Postpaid_Unlimited,Tablet,4G,2026-04-11
SUB5573957,0.15,0.63,0.01,0.23,13.2,0,0,45-54,Postpaid_Premium,Basic_Phone,4G+,2026-04-04
SUB9955118,0.72,3.22,0.63,0.21,79.95,0,0,35-44,Prepaid_Daily,5G_Device,4G,2026-03-23
SUB1708092,4.62,2.39,0.93,0.23,141.03,1,1,18-24,Prepaid_Daily,Mid_Range,4G+,2026-03-21
SUB8724826,0.58,2.48,0.32,0.86,75.04,0,0,18-24,Postpaid_Premium,Premium_Smartphone,4G,2026-03-21
SUB2097996,0.85,1.92,0.36,0.14,83.95,0,1,35-44,Prepaid_Monthly,Mid_Range,5G,2026-03-25
SUB9988400,1.05,2.0,0.76,0.25,54.81,0,0,25-34,Postpaid_Premium,5G_Device,3G,2026-03-28
SUB5817911,0.77,1.9,0.77,0.09,129.23,0,0,35-44,Postpaid_Premium,Premium_Smartphone,5G,2026-03-28
SUB5858939,0.48,3.29,0.26,1.22,54.07,0,0,25-34,Postpaid_Unlimited,Mid_Range,4G,2026-04-08
SUB7254597,1.38,0.95,1.67,0.28,85.44,0,0,25-34,Postpaid_Basic,Mid_Range,4G+,2026-04-02
SUB1668629,5.87,0.46,0.16,0.18,59.7,0,1,25-34,Postpaid_Premium,Mid_Range,4G,2026-03-31
SUB2171248,1.65,0.89,0.25,0.75,52.36,0,1,35-44,Prepaid_Daily,5G_Device,3G,2026-03-23
SUB2383640,0.95,1.28,0.23,0.9,106.27,1,0,25-34,Postpaid_Basic,5G_Device,4G,2026-04-07
SUB1513953,1.41,6.0,0.87,0.01,200.0,1,1,35-44,Prepaid_Daily,5G_Device,5G,2026-03-25
SUB7051865,0.04,0.46,0.28,0.04,15.93,0,0,25-34,Postpaid_Premium,Basic_Phone,3G,2026-03-25
SUB7434323,0.78,2.73,0.24,0.02,144.86,0,0,45-54,Postpaid_Premium,Premium_Smartphone,5G,2026-04-02
SUB5563653,1.53,2.46,0.2,0.05,123.66,1,0,18-24,Prepaid_Monthly,Tablet,4G,2026-04-11
SUB8801402,3.72,0.67,1.35,0.61,119.26,0,1,18-24,Prepaid_Monthly,5G_Device,4G,2026-04-03
SUB1685503,2.1,0.69,1.3,0.81,66.88,0,1,35-44,Postpaid_Premium,Mid_Range,5G,2026-03-29
SUB9811249,1.63,0.39,0.06,0.45,67.76,0,0,35-44,Postpaid_Premium,Premium_Smartphone,3G,2026-04-15
SUB1337283,3.28,4.07,1.09,0.87,106.8,0,1,18-24,Postpaid_Premium,Premium_Smartphone,4G,2026-03-23
SUB5777421,0.81,0.18,0.62,0.06,73.49,0,0,55+,Postpaid_Unlimited,Premium_Smartphone,4G,2026-04-06
SUB9779788,1.45,0.62,0.18,0.52,10.78,0,0,25-34,Postpaid_Unlimited,Basic_Phone,3G,2026-04-07
SUB6696390,0.94,0.05,0.06,0.0,14.0,0,0,25-34,Prepaid_Monthly,Basic_Phone,3G,2026-04-15
SUB4699243,0.25,3.31,0.31,0.53,74.05,0,0,18-24,Prepaid_Monthly,5G_Device,4G,2026-04-16
SUB3497934,4.43,1.92,0.84,0.69,70.93,1,1,25-34,Postpaid_Basic,Mid_Range,4G,2026-03-30
SUB1578110,0.76,1.56,1.91,0.29,60.25,1,0,25-34,Postpaid_Premium,Mid_Range,3G,2026-04-02
SUB5218346,0.06,1.08,0.3,0.05,52.08,0,0,25-34,Postpaid_Basic,5G_Device,3G,2026-04-14
SUB5602606,1.04,1.23,0.46,0.53,71.62,0,0,45-54,Postpaid_Premium,Premium_Smartphone,4G,2026-04-07
SUB7964203,0.74,0.67,0.65,0.4,48.69,0,0,25-34,Prepaid_Daily,Tablet,4G,2026-03-26
SUB9284578,0.04,0.13,0.02,0.4,20.21,0,0,35-44,Postpaid_Unlimited,Basic_Phone,3G,2026-04-04
SUB5343699,1.7,6.0,0.49,1.52,186.69,0,1,18-24,Postpaid_Premium,Premium_Smartphone,5G,2026-04-13
SUB8153314,0.26,0.18,0.53,0.42,17.1,0,1,25-34,Prepaid_Monthly,Basic_Phone,4G,2026-04-17
SUB4710879,0.57,0.57,0.22,0.19,27.78,0,0,18-24,Prepaid_Monthly,Basic_Phone,5G,2026-03-27
SUB7926767,0.19,0.39,0.02,0.05,58.08,0,1,45-54,Prepaid_Daily,Mid_Range,4G,2026-03-23
SUB3906492,1.71,2.21,0.83,0.07,90.88,0,0,35-44,Postpaid_Premium,Premium_Smartphone,4G,2026-04-13
SUB4534150,3.42,0.99,0.39,0.12,120.0,0,1,45-54,Postpaid_Premium,Premium_Smartphone,4G,2026-03-26
SUB7142314,2.94,2.49,0.32,5.57,54.61,1,0,25-34,Postpaid_Basic,Mid_Range,4G,2026-04-13
SUB6686321,0.14,0.06,0.02,0.0,10.65,0,0,45-54,Prepaid_Daily,Basic_Phone,3G,2026-03-27
SUB2741888,1.43,2.73,0.23,2.4,109.02,1,0,35-44,Prepaid_Monthly,Premium_Smartphone,4G+,2026-04-15
SUB1122019,0.63,0.42,1.19,0.22,27.13,0,0,18-24,Postpaid_Basic,Basic_Phone,4G,2026-03-27
SUB2765317,0.39,0.84,0.18,0.14,39.15,0,0,25-34,Prepaid_Monthly,Mid_Range,3G,2026-03-30
SUB1179001,0.52,2.16,0.03,0.01,46.15,0,0,25-34,Prepaid_Monthly,Premium_Smartphone,3G,2026-04-03
SUB9202637,0.78,6.0,0.52,0.08,41.58,0,0,35-44,Prepaid_Monthly,Mid_Range,4G+,2026-04-10
SUB4245988,1.15,1.2,0.89,0.05,49.54,0,0,18-24,Prepaid_Monthly,Premium_Smartphone,3G,2026-04-17
SUB4127022,2.02,0.42,1.2,0.06,87.56,0,1,35-44,Postpaid_Premium,Premium_Smartphone,4G,2026-04-03
SUB9982339,2.38,1.02,0.53,1.01,47.2,0,1,25-34,Postpaid_Unlimited,Mid_Range,3G,2026-04-12
SUB8045927,8.0,3.16,1.23,1.38,197.69,1,0,25-34,Prepaid_Monthly,5G_Device,5G,2026-03-19
SUB3416826,0.33,3.55,2.3,0.2,58.27,0,0,25-34,Postpaid_Premium,Premium_Smartphone,4G,2026-04-14
SUB8780047,0.06,0.34,0.24,0.19,22.53,0,0,35-44,Prepaid_Daily,Basic_Phone,4G,2026-04-08
SUB5290447,3.19,1.27,0.75,2.53,144.29,1,0,18-24,Postpaid_Basic,Premium_Smartphone,4G+,2026-04-04
SUB1144771,2.44,2.87,0.03,4.39,57.51,0,0,18-24,Postpaid_Unlimited,Premium_Smartphone,4G,2026-03-30
SUB6214636,0.46,0.88,0.13,0.03,169.74,0,1,35-44,Prepaid_Daily,Premium_Smartphone,4G+,2026-03-20
SUB6749593,2.33,6.0,0.89,0.08,124.56,0,0,25-34,Prepaid_Monthly,5G_Device,5G,2026-04-08
SUB2008923,2.94,1.31,4.0,0.34,58.0,0,0,25-34,Prepaid_Daily,5G_Device,4G,2026-03-23
SUB2820908,0.87,0.84,0.31,0.1,79.46,1,1,18-24,Postpaid_Basic,Tablet,3G,2026-04-06
SUB9499970,8.0,6.0,0.9,0.95,163.57,1,0,25-34,Postpaid_Premium,Premium_Smartphone,5G,2026-04-12
SUB4916533,1.08,6.0,0.86,0.42,115.86,1,0,18-24,Prepaid_Daily,Premium_Smartphone,4G,2026-04-03
SUB6533831,0.42,0.06,0.1,0.04,44.39,0,0,25-34,Prepaid_Daily,Basic_Phone,4G,2026-03-20
SUB5370602,0.5,6.0,0.14,1.03,90.28,1,0,25-34,Postpaid_Unlimited,5G_Device,4G+,2026-04-12
SUB3680990,0.04,0.45,0.58,0.81,14.97,1,0,25-34,Postpaid_Basic,Basic_Phone,3G,2026-04-01
SUB5667592,1.0,1.1,0.01,3.0,162.32,1,1,55+,Postpaid_Basic,Premium_Smartphone,5G,2026-04-11
SUB3362854,0.62,0.22,0.17,0.5,12.02,0,0,25-34,Postpaid_Unlimited,Basic_Phone,4G,2026-04-02
SUB8284268,1.72,0.82,0.37,0.41,48.12,1,0,25-34,Prepaid_Monthly,Mid_Range,3G,2026-03-20
SUB3409409,0.46,2.91,0.36,1.15,65.02,0,1,25-34,Postpaid_Unlimited,Mid_Range,4G,2026-04-17
SUB4050999,8.0,4.91,3.62,0.39,78.51,0,1,18-24,Postpaid_Unlimited,Mid_Range,4G,2026-03-23
SUB4051622,0.64,0.05,0.3,0.07,33.8,1,0,45-54,Prepaid_Monthly,Basic_Phone,5G,2026-03-31
SUB1775292,0.53,1.59,0.03,0.14,62.64,1,1,35-44,Postpaid_Basic,Mid_Range,4G,2026-04-17
SUB4927352,2.86,3.27,0.08,0.7,52.38,0,0,18-24,Postpaid_Basic,Mid_Range,5G,2026-03-30
SUB3333647,3.36,0.1,0.81,0.0,54.8,0,0,45-54,Postpaid_Unlimited,Premium_Smartphone,4G,2026-04-11
SUB4723234,0.4,2.51,0.17,0.68,56.48,0,1,18-24,Prepaid_Monthly,Mid_Range,4G,2026-03-24
SUB7572829,0.85,1.14,0.84,0.15,68.58,1,0,55+,Postpaid_Premium,Premium_Smartphone,4G,2026-03-28
SUB1189073,1.19,1.28,2.41,2.8,67.93,1,0,45-54,Postpaid_Unlimited,5G_Device,4G,2026-04-11
SUB1359281,2.49,0.64,0.4,0.4,61.91,0,0,35-44,Postpaid_Premium,Premium_Smartphone,4G,2026-03-20
SUB8115972,0.48,0.67,0.4,0.33,20.31,0,0,18-24,Postpaid_Unlimited,Basic_Phone,4G,2026-04-12
SUB5414011,1.0,0.72,2.16,0.35,59.79,0,0,18-24,Postpaid_Premium,Mid_Range,4G+,2026-04-14
SUB2085610,5.28,4.7,0.87,0.35,48.48,0,1,25-34,Postpaid_Unlimited,Mid_Range,4G,2026-03-27
SUB9181932,2.24,0.49,4.0,0.27,93.94,0,0,18-24,Prepaid_Daily,5G_Device,4G,2026-03-19
SUB8752342,0.39,0.31,0.24,0.06,31.83,0,1,25-34,Postpaid_Premium,Basic_Phone,4G,2026-04-05
SUB4858884,0.26,1.83,0.55,0.42,130.42,1,1,55+,Postpaid_Premium,Premium_Smartphone,4G,2026-03-20
SUB2059165,0.65,1.58,0.12,0.53,76.8,1,1,25-34,Prepaid_Monthly,Basic_Phone,5G,2026-04-01
SUB6300101,0.38,0.52,0.12,0.25,38.81,0,0,35-44,Prepaid_Daily,Mid_Range,4G,2026-04-11
SUB8595959,2.13,1.01,0.25,1.48,63.59,0,1,35-44,Postpaid_Basic,5G_Device,3G,2026-03-23
SUB4933817,0.38,0.31,0.39,0.14,111.75,0,1,45-54,Prepaid_Daily,Mid_Range,5G,2026-04-14
SUB7932973,2.0,0.25,1.2,0.04,25.72,1,0,18-24,Prepaid_Monthly,Mid_Range,3G,2026-04-10
SUB1576515,3.9,2.64,0.18,1.29,125.75,0,1,25-34,Prepaid_Monthly,5G_Device,4G,2026-03-24
SUB5287382,2.32,0.81,0.41,0.21,42.08,1,0,45-54,Postpaid_Unlimited,Basic_Phone,5G,2026-03-24
SUB3050053,0.49,0.52,0.25,0.17,82.19,0,1,45-54,Prepaid_Monthly,Premium_Smartphone,4G,2026-03-24
SUB6021983,0.48,2.01,0.13,0.5,31.66,0,0,55+,Postpaid_Premium,Mid_Range,4G,2026-04-08
SUB1759401,2.48,0.84,0.03,0.07,133.56,1,0,35-44,Prepaid_Daily,Tablet,5G,2026-04-11
SUB2985681,2.89,0.81,0.87,1.49,96.98,0,0,18-24,Postpaid_Basic,5G_Device,4G,2026-03-20
SUB3561913,0.75,0.48,0.3,0.1,27.38,0,0,25-34,Postpaid_Basic,Mid_Range,4G,2026-04-15
SUB5067784,0.57,6.0,0.33,0.24,76.48,0,0,18-24,Postpaid_Basic,5G_Device,4G,2026-03-27
SUB2549317,0.34,0.19,0.03,0.01,35.53,0,0,35-44,Postpaid_Premium,Mid_Range,3G,2026-03-26
SUB5262511,1.35,1.1,0.5,0.29,44.91,0,1,35-44,Postpaid_Premium,Basic_Phone,5G,2026-03-26
SUB7625655,0.21,1.5,0.17,0.38,109.38,0,0,35-44,Postpaid_Premium,Premium_Smartphone,5G,2026-04-05
SUB1888698,0.6,0.52,0.12,0.06,100.79,1,1,55+,Prepaid_Monthly,Premium_Smartphone,3G,2026-03-30
SUB4486142,3.47,2.17,0.05,0.12,78.37,0,0,35-44,Postpaid_Premium,Premium_Smartphone,5G,2026-03-29
SUB2559657,2.38,2.84,0.39,0.89,53.16,0,0,25-34,Postpaid_Basic,Premium_Smartphone,4G,2026-03-25
SUB9196906,1.71,2.02,0.55,0.33,121.35,0,0,18-24,Prepaid_Daily,Premium_Smartphone,5G,2026-04-15
SUB8697808,0.3,4.33,0.75,1.0,129.0,1,0,45-54,Postpaid_Unlimited,Tablet,5G,2026-04-06
SUB6938271,4.45,1.47,0.05,0.35,75.06,0,0,18-24,Postpaid_Unlimited,5G_Device,4G,2026-03-23
SUB4880323,0.6,1.37,0.58,1.25,145.62,1,1,18-24,Prepaid_Monthly,Premium_Smartphone,4G,2026-03-31
SUB1545726,3.73,0.5,1.35,0.81,81.03,0,0,18-24,Postpaid_Unlimited,Mid_Range,5G,2026-04-11
SUB3680259,4.04,4.05,0.01,0.64,166.51,0,1,25-34,Postpaid_Premium,5G_Device,5G,2026-04-09
SUB8766824,1.71,2.47,0.19,0.15,103.88,1,0,18-24,Prepaid_Monthly,Premium_Smartphone,5G,2026-04-09
SUB9830852,0.17,0.73,0.29,0.09,99.71,0,0,55+,Prepaid_Monthly,Tablet,4G,2026-04-11
SUB8399839,1.82,1.33,0.04,0.08,34.86,0,0,55+,Postpaid_Unlimited,Mid_Range,4G,2026-03-24
SUB1490999,0.64,2.0,0.62,0.81,134.17,1,0,55+,Postpaid_Premium,Premium_Smartphone,4G,2026-03-21
SUB4189189,0.57,0.3,0.18,0.63,119.61,1,0,18-24,Prepaid_Monthly,Tablet,4G,2026-04-01
SUB7200853,1.9,0.41,0.01,0.05,100.57,0,1,55+,Postpaid_Basic,Premium_Smartphone,5G,2026-03-24
SUB8622611,1.71,1.16,0.04,0.06,143.14,0,0,55+,Postpaid_Basic,Premium_Smartphone,5G,2026-04-09
SUB9796015,1.23,0.48,0.59,0.17,53.75,0,0,55+,Postpaid_Basic,Tablet,4G,2026-04-03
SUB2303306,0.31,0.55,0.08,0.73,105.44,0,0,35-44,Postpaid_Basic,Premium_Smartphone,4G,2026-04-05
SUB6489612,1.43,0.53,1.04,0.38,93.26,1,0,35-44,Postpaid_Basic,Premium_Smartphone,4G,2026-03-26
SUB9809210,2.29,0.61,0.26,0.15,35.03,1,0,18-24,Postpaid_Premium,Basic_Phone,4G,2026-04-04
SUB7567304,4.47,2.47,0.0,0.02,92.13,0,0,45-54,Postpaid_Unlimited,Premium_Smartphone,4G,2026-04-05
SUB9445243,2.43,0.49,0.86,0.57,68.11,0,0,18-24,Postpaid_Unlimited,Mid_Range,5G,2026-04-09
SUB3343136,0.43,3.68,0.08,0.02,69.85,0,0,25-34,Postpaid_Premium,Mid_Range,4G+,2026-04-05
SUB6568017,0.76,0.42,0.66,0.42,61.89,0,0,55+,Postpaid_Unlimited,Premium_Smartphone,4G,2026-03-22
SUB5422888,1.0,0.32,0.11,0.35,22.23,0,0,25-34,Postpaid_Unlimited,Basic_Phone,5G,2026-03-26
SUB7424342,1.62,0.35,2.04,0.03,72.15,0,0,18-24,Prepaid_Monthly,5G_Device,4G,2026-03-22
SUB8128146,0.31,2.56,0.66,0.14,51.72,0,0,55+,Postpaid_Unlimited,Premium_Smartphone,4G,2026-04-01
SUB2720444,0.23,0.09,0.02,0.1,58.08,0,1,55+,Prepaid_Daily,Premium_Smartphone,3G,2026-04-15
SUB1085166,2.41,1.83,4.0,0.01,58.94,1,1,18-24,Prepaid_Monthly,Mid_Range,3G,2026-03-28
SUB9074308,0.78,0.81,0.07,0.15,53.89,0,0,45-54,Postpaid_Basic,Mid_Range,4G+,2026-04-16
SUB4443571,1.27,0.51,0.36,0.85,99.76,0,1,25-34,Postpaid_Basic,Mid_Range,5G,2026-04-02
SUB1297883,1.02,0.86,0.43,0.24,34.98,0,0,25-34,Postpaid_Basic,Mid_Range,4G,2026-04-06
SUB7850529,2.48,3.87,0.77,1.48,94.37,0,0,25-34,Postpaid_Premium,5G_Device,5G,2026-04-04
SUB1756079,0.11,0.78,0.15,0.18,49.54,0,0,18-24,Prepaid_Daily,5G_Device,3G,2026-03-29
SUB4633646,7.64,5.71,4.0,2.57,146.79,0,1,25-34,Postpaid_Unlimited,5G_Device,5G,2026-04-10
SUB2443401,1.53,0.8,1.97,0.54,92.63,0,0,18-24,Prepaid_Monthly,Premium_Smartphone,5G,2026-03-28
SUB7770153,0.85,2.2,0.33,0.22,90.1,0,0,55+,Postpaid_Unlimited,Premium_Smartphone,4G,2026-03-23
SUB4011165,1.11,1.39,0.03,0.63,65.75,1,0,35-44,Prepaid_Monthly,Premium_Smartphone,4G,2026-03-25
SUB2186430,0.84,0.26,0.11,0.17,82.28,1,0,45-54,Postpaid_Basic,Mid_Range,4G+,2026-03-22
SUB5155304,2.56,4.54,0.12,0.05,75.59,0,0,35-44,Postpaid_Basic,Premium_Smartphone,4G,2026-03-24
SUB7915096,2.91,1.26,0.72,0.09,36.02,1,0,18-24,Postpaid_Premium,Mid_Range,3G,2026-03-23
SUB7710605,0.11,0.35,0.02,0.01,143.82,0,0,55+,Prepaid_Daily,Premium_Smartphone,5G,2026-04-07
SUB4809395,0.43,0.18,0.23,0.19,67.12,1,0,45-54,Prepaid_Monthly,Mid_Range,4G,2026-03-26
SUB3659786,3.85,1.91,0.29,1.21,130.92,0,0,25-34,Prepaid_Daily,Premium_Smartphone,5G,2026-04-15
SUB2160714,2.34,1.21,0.76,0.16,55.53,0,0,18-24,Postpaid_Basic,Mid_Range,5G,2026-04-05
SUB9701524,0.38,0.18,0.33,0.14,45.52,0,1,35-44,Postpaid_Unlimited,Basic_Phone,5G,2026-03-27
SUB9737452,0.29,0.88,1.12,0.2,53.36,0,0,35-44,Prepaid_Daily,Premium_Smartphone,4G,2026-04-11
SUB5322751,2.78,0.37,0.21,0.33,70.5,1,0,45-54,Postpaid_Premium,Mid_Range,4G+,2026-03-27
SUB6248575,1.03,3.46,0.15,2.37,50.81,0,1,18-24,Postpaid_Premium,Mid_Range,4G,2026-04-03
SUB2612033,0.32,1.76,0.22,1.04,33.95,0,0,18-24,Prepaid_Monthly,Mid_Range,3G,2026-03-19
SUB3931531,3.45,2.23,0.24,0.13,34.17,0,0,35-44,Prepaid_Monthly,Mid_Range,4G,2026-04-09
SUB4324024,4.34,2.11,0.32,0.15,94.04,0,0,35-44,Prepaid_Monthly,5G_Device,4G,2026-04-13
SUB8123753,3.31,2.99,0.23,0.17,98.74,0,1,18-24,Prepaid_Monthly,Premium_Smartphone,4G,2026-04-10
SUB5875217,0.57,1.3,0.32,0.37,70.32,0,0,25-34,Prepaid_Daily,5G_Device,4G,2026-03-23
SUB2414474,1.13,0.22,0.53,0.03,60.45,0,1,35-44,Prepaid_Monthly,Mid_Range,4G,2026-04-10
SUB9741647,0.27,0.66,0.11,0.01,46.59,0,0,35-44,Prepaid_Monthly,Mid_Range,4G,2026-04-14
SUB9050418,4.49,1.12,0.17,0.45,62.98,0,0,25-34,Postpaid_Premium,Premium_Smartphone,3G,2026-03-29
SUB6620724,1.51,1.92,0.49,0.0,76.73,1,0,25-34,Postpaid_Premium,Mid_Range,4G,2026-03-26
SUB3957498,0.01,1.77,0.46,0.3,61.65,0,1,45-54,Postpaid_Premium,Mid_Range,5G,2026-04-06
SUB6244761,0.13,0.21,0.19,0.0,93.2,0,0,55+,Postpaid_Basic,Premium_Smartphone,4G+,2026-03-19
SUB7199951,2.02,0.4,0.07,0.21,47.87,0,0,18-24,Prepaid_Monthly,Premium_Smartphone,3G,2026-03-28
SUB2569720,0.85,2.72,0.24,0.16,79.89,0,0,25-34,Prepaid_Monthly,Mid_Range,5G,2026-04-11
SUB6181930,0.32,0.15,0.01,0.07,52.0,1,0,55+,Prepaid_Monthly,Mid_Range,4G+,2026-04-04
SUB8496110,2.37,1.59,0.04,3.2,97.35,0,1,25-34,Postpaid_Basic,Premium_Smartphone,4G,2026-04-06
SUB8643374,6.13,2.4,0.54,2.0,49.2,0,0,35-44,Postpaid_Unlimited,Mid_Range,5G,2026-04-10
SUB6134639,0.11,1.54,0.83,1.81,82.65,1,0,35-44,Prepaid_Monthly,5G_Device,4G+,2026-04-09
SUB4571387,6.38,5.58,0.39,2.38,68.52,0,0,25-34,Postpaid_Basic,5G_Device,4G,2026-03-20
SUB5914150,0.84,2.06,1.05,1.33,78.61,0,1,35-44,Postpaid_Premium,5G_Device,3G,2026-03-20
SUB6282433,8.0,0.5,1.66,0.02,59.33,1,0,35-44,Postpaid_Premium,Mid_Range,4G+,2026-04-10
SUB8738170,0.12,0.16,0.24,0.01,9.16,0,0,35-44,Prepaid_Monthly,Basic_Phone,4G,2026-04-09
SUB1909210,0.77,4.34,0.32,0.14,69.58,0,0,18-24,Prepaid_Monthly,5G_Device,3G,2026-04-11
SUB9421374,0.28,0.55,0.08,0.12,40.53,0,0,55+,Postpaid_Unlimited,Mid_Range,4G,2026-04-05
SUB7240327,0.16,0.11,0.1,0.04,44.81,0,0,25-34,Prepaid_Daily,Mid_Range,3G,2026-03-21
SUB9158470,0.2,0.74,0.54,0.15,63.22,0,0,35-44,Postpaid_Basic,Mid_Range,4G+,2026-03-20
SUB7289270,1.25,4.12,0.19,0.22,34.59,0,0,45-54,Postpaid_Unlimited,Mid_Range,4G,2026-03-30
SUB2460235,8.0,5.36,0.47,0.76,85.56,0,0,25-34,Postpaid_Unlimited,Premium_Smartphone,4G,2026-04-07
SUB2458316,0.23,3.33,0.48,0.09,153.67,0,1,45-54,Prepaid_Daily,5G_Device,5G,2026-04-09
SUB2427197,0.6,0.37,0.47,0.03,144.21,0,0,55+,Prepaid_Monthly,5G_Device,5G,2026-03-26
SUB5128784,1.67,2.22,0.07,0.06,71.8,0,0,25-34,Prepaid_Monthly,Premium_Smartphone,4G+,2026-03-21
SUB8139580,1.14,1.67,0.22,0.73,52.21,0,0,25-34,Postpaid_Basic,Mid_Range,4G,2026-04-07
SUB5932048,0.83,1.78,0.26,0.34,136.44,1,0,55+,Postpaid_Basic,Premium_Smartphone,4G+,2026-04-17
SUB7768419,4.64,4.7,0.51,0.21,79.74,1,1,18-24,Postpaid_Unlimited,Mid_Range,4G,2026-04-14
SUB4861460,0.93,1.63,1.12,0.39,80.21,0,0,18-24,Postpaid_Basic,Mid_Range,5G,2026-03-21
SUB8102983,0.04,0.06,0.16,0.17,41.33,0,0,55+,Postpaid_Basic,Mid_Range,4G,2026-04-17
SUB4053380,0.55,0.37,0.17,1.92,102.51,1,0,45-54,Prepaid_Monthly,Premium_Smartphone,4G+,2026-03-31
SUB1311385,0.06,0.1,0.01,0.01,36.27,0,0,55+,Prepaid_Daily,Basic_Phone,5G,2026-04-03
SUB7918863,0.28,1.05,0.11,0.74,37.26,0,0,18-24,Prepaid_Monthly,Tablet,3G,2026-04-06
SUB8916323,0.58,0.26,0.09,0.96,42.75,0,0,18-24,Prepaid_Monthly,Tablet,3G,2026-03-30
SUB4607323,1.54,4.97,0.01,0.18,98.48,1,0,18-24,Postpaid_Premium,Mid_Range,4G+,2026-03-22
SUB7514524,0.78,1.99,2.9,0.02,60.69,1,0,35-44,Postpaid_Basic,Mid_Range,5G,2026-04-11
SUB7257838,3.55,1.12,0.13,0.01,90.68,0,0,35-44,Prepaid_Monthly,5G_Device,4G,2026-04-14
SUB7415261,1.53,0.51,0.48,1.31,61.7,0,0,25-34,Postpaid_Basic,Tablet,4G,2026-04-09
SUB1809359,0.78,1.92,0.21,0.64,158.82,1,0,18-24,Prepaid_Monthly,5G_Device,4G+,2026-04-05
SUB3201580,0.71,0.56,0.04,0.0,37.09,0,0,35-44,Prepaid_Daily,Mid_Range,3G,2026-04-02
SUB2494139,0.24,0.33,0.1,0.25,25.96,0,1,35-44,Postpaid_Unlimited,Basic_Phone,3G,2026-04-03
SUB6473660,2.58,0.16,0.59,0.7,72.32,0,0,18-24,Postpaid_Unlimited,Mid_Range,5G,2026-04-13
SUB4009828,0.16,0.52,0.46,0.1,45.82,0,1,55+,Prepaid_Daily,Mid_Range,3G,2026-04-10
SUB5152092,1.51,2.85,0.63,1.44,37.42,1,0,18-24,Postpaid_Premium,Mid_Range,4G,2026-03-19
SUB1069518,2.29,6.0,0.12,0.26,120.26,1,1,35-44,Postpaid_Basic,5G_Device,4G,2026-03-26
SUB1176355,0.34,1.39,0.23,0.06,77.02,0,0,45-54,Prepaid_Monthly,Mid_Range,5G,2026-03-20
SUB9508851,0.22,4.07,0.84,0.21,55.39,0,0,35-44,Postpaid_Premium,5G_Device,3G,2026-04-08
SUB6201682,1.69,0.64,0.36,0.11,41.63,0,1,18-24,Prepaid_Monthly,Mid_Range,3G,2026-04-14
SUB7042060,0.26,0.85,0.31,0.13,32.93,0,0,25-34,Prepaid_Daily,Mid_Range,3G,2026-03-25
SUB8230057,0.42,0.15,0.07,0.1,56.71,0,0,45-54,Prepaid_Monthly,Mid_Range,4G,2026-04-05
SUB7687764,0.16,0.62,0.13,0.05,52.25,0,0,25-34,Prepaid_Daily,Mid_Range,4G,2026-03-19
SUB4199039,5.67,1.43,0.14,0.88,79.12,0,0,35-44,Prepaid_Daily,5G_Device,4G,2026-03-31
SUB3776374,0.23,0.49,0.2,0.5,48.14,0,0,55+,Prepaid_Monthly,Mid_Range,4G,2026-03-27
SUB7683635,0.15,0.22,0.02,0.12,89.52,1,0,55+,Postpaid_Basic,5G_Device,4G,2026-03-19
SUB3318620,1.54,0.16,1.57,0.08,67.51,0,1,25-34,Postpaid_Premium,Tablet,3G,2026-03-26
SUB4487379,2.49,0.88,0.07,1.59,92.84,0,1,45-54,Prepaid_Monthly,5G_Device,4G,2026-04-04
SUB8300259,0.83,0.75,0.12,0.06,124.94,1,0,55+,Prepaid_Daily,Premium_Smartphone,4G+,2026-04-09
SUB7295425,1.52,1.29,1.3,0.2,89.97,0,0,25-34,Prepaid_Monthly,Premium_Smartphone,5G,2026-04-08
SUB3429151,8.0,3.12,0.15,1.27,67.15,0,0,25-34,Postpaid_Unlimited,Mid_Range,5G,2026-03-20
SUB1041743,0.52,0.28,0.04,0.1,125.63,0,0,18-24,Prepaid_Monthly,Premium_Smartphone,4G+,2026-03-22
SUB9559556,2.46,1.83,0.47,0.02,80.77,0,0,18-24,Postpaid_Unlimited,Tablet,4G,2026-04-09
SUB6521452,0.02,0.11,0.02,0.01,20.21,0,0,45-54,Prepaid_Monthly,Basic_Phone,4G,2026-03-28
SUB7850322,1.91,0.38,0.93,0.63,77.69,0,1,35-44,Postpaid_Unlimited,5G_Device,4G,2026-04-06
SUB8950806,0.4,0.59,0.32,0.03,69.84,1,0,45-54,Prepaid_Monthly,5G_Device,4G,2026-04-12
SUB9890401,0.34,0.87,0.44,0.16,144.3,0,0,45-54,Prepaid_Daily,Tablet,5G,2026-03-30
SUB9714892,1.53,1.36,0.62,0.08,63.5,0,0,35-44,Postpaid_Basic,Mid_Range,5G,2026-04-03
SUB2830314,0.09,0.08,0.08,0.04,79.94,0,0,35-44,Postpaid_Basic,Mid_Range,5G,2026-04-01
SUB4777341,2.17,6.0,1.04,0.03,95.28,1,1,18-24,Postpaid_Basic,Mid_Range,5G,2026-03-30
SUB9657116,0.72,0.39,0.4,0.03,53.41,1,0,45-54,Prepaid_Monthly,5G_Device,3G,2026-04-04
SUB5585315,0.85,0.86,0.67,0.06,74.55,1,0,25-34,Prepaid_Daily,Mid_Range,4G,2026-03-19
SUB6898931,0.36,0.73,0.56,0.21,46.2,0,0,35-44,Postpaid_Basic,Mid_Range,4G,2026-04-09
SUB5976563,0.79,0.44,0.36,0.51,40.98,0,1,18-24,Postpaid_Unlimited,Mid_Range,4G,2026-04-01
SUB2770403,0.23,0.58,0.8,0.96,51.28,0,1,55+,Postpaid_Unlimited,Mid_Range,4G,2026-03-29
SUB5371272,1.35,0.22,0.01,0.01,72.18,1,0,55+,Postpaid_Basic,Mid_Range,4G,2026-03-22
SUB8568370,3.76,3.9,0.53,0.06,80.13,0,0,25-34,Prepaid_Daily,Premium_Smartphone,4G+,2026-03-27
SUB5929426,0.09,0.4,0.05,0.16,68.34,0,0,35-44,Prepaid_Daily,5G_Device,3G,2026-03-21
SUB1506995,0.43,1.77,0.14,0.36,44.08,0,0,35-44,Postpaid_Premium,Mid_Range,4G,2026-03-31
SUB3185454,8.0,0.74,1.03,0.56,122.53,0,1,25-34,Postpaid_Premium,5G_Device,4G+,2026-03-29
SUB7262094,2.69,4.58,2.48,0.53,114.47,1,0,18-24,Postpaid_Unlimited,Premium_Smartphone,4G,2026-03-24
SUB8928248,0.81,1.7,1.09,0.03,42.05,0,0,35-44,Postpaid_Basic,Mid_Range,4G,2026-04-10
SUB3072723,4.04,5.21,1.67,6.0,83.64,1,0,18-24,Postpaid_Unlimited,5G_Device,4G,2026-04-12
SUB6227528,0.9,0.54,0.13,0.03,13.76,0,0,25-34,Postpaid_Premium,Basic_Phone,4G,2026-03-26
SUB1565635,4.19,0.39,0.61,0.24,139.29,0,1,25-34,Postpaid_Basic,Premium_Smartphone,5G,2026-04-05
SUB1527409,7.59,2.45,1.48,0.57,80.6,0,0,25-34,Postpaid_Premium,Premium_Smartphone,4G,2026-04-07
SUB1287635,2.07,2.07,0.76,0.69,109.98,1,1,18-24,Prepaid_Daily,Premium_Smartphone,3G,2026-04-17
SUB1583510,0.55,1.17,0.02,0.35,23.54,0,0,25-34,Postpaid_Basic,Mid_Range,4G,2026-03-31
SUB5722340,2.04,1.0,0.51,2.31,114.55,0,0,25-34,Postpaid_Unlimited,Premium_Smartphone,5G,2026-04-15
SUB5778972,0.62,0.98,0.64,1.72,74.67,0,0,25-34,Prepaid_Daily,5G_Device,4G,2026-03-31
SUB7335787,2.98,2.92,1.21,0.08,108.39,0,0,35-44,Postpaid_Premium,Premium_Smartphone,5G,2026-04-06
SUB2693481,0.4,0.76,0.96,0.02,93.83,0,0,55+,Prepaid_Monthly,5G_Device,5G,2026-04-08
SUB4061342,5.11,3.92,0.38,5.43,68.74,0,1,18-24,Postpaid_Premium,Premium_Smartphone,4G,2026-03-25
SUB1600198,1.4,0.73,0.39,0.01,41.05,1,0,45-54,Postpaid_Premium,Mid_Range,3G,2026-04-06
SUB1397891,7.58,4.11,0.42,0.18,88.21,0,1,25-34,Postpaid_Unlimited,Mid_Range,5G,2026-03-24
SUB4081362,0.17,1.69,0.61,0.02,110.74,0,0,35-44,Postpaid_Premium,Premium_Smartphone,5G,2026-04-15
SUB5694505,0.93,3.3,0.25,1.11,142.86,1,1,25-34,Prepaid_Monthly,5G_Device,4G,2026-04-03
SUB4647965,3.12,0.96,0.17,0.04,49.27,1,0,35-44,Prepaid_Daily,Mid_Range,4G,2026-04-15
SUB2041566,5.44,0.6,0.58,0.02,68.5,1,0,35-44,Postpaid_Premium,Mid_Range,5G,2026-03-26
SUB6081502,0.73,0.19,0.22,0.09,17.16,0,0,25-34,Prepaid_Monthly,Basic_Phone,3G,2026-04-15
SUB2619282,3.52,6.0,4.0,0.33,163.26,1,1,25-34,Postpaid_Premium,Premium_Smartphone,5G,2026-03-23
SUB4434078,2.13,0.55,2.27,0.55,198.4,1,0,45-54,Prepaid_Daily,Premium_Smartphone,5G,2026-04-15
SUB4297466,1.42,3.71,0.62,2.89,60.67,0,1,18-24,Postpaid_Unlimited,Premium_Smartphone,3G,2026-04-03
SUB5441971,0.95,1.46,0.23,0.25,124.28,1,0,18-24,Prepaid_Monthly,Mid_Range,5G,2026-04-04
SUB5850825,2.6,1.05,0.14,3.17,75.98,0,0,18-24,Postpaid_Unlimited,Mid_Range,5G,2026-03-21
SUB8323777,0.85,1.36,0.07,0.66,64.64,0,0,18-24,Postpaid_Premium,5G_Device,4G,2026-04-04
SUB7805697,0.65,0.39,0.07,0.01,58.22,0,0,25-34,Prepaid_Daily,Mid_Range,4G,2026-03-31
SUB6595095,0.8,2.28,0.08,0.33,111.77,1,0,25-34,Postpaid_Basic,Mid_Range,5G,2026-04-08
SUB8438096,1.99,0.96,0.83,0.9,73.79,1,0,25-34,Postpaid_Unlimited,Premium_Smartphone,3G,2026-03-23
SUB4053407,0.7,5.03,0.13,1.23,122.47,0,0,18-24,Postpaid_Premium,5G_Device,4G+,2026-03-20
SUB2417231,0.09,0.6,0.01,0.15,46.99,0,0,35-44,Prepaid_Monthly,Mid_Range,4G,2026-03-20
SUB1407974,2.38,6.0,1.35,1.06,91.88,1,0,45-54,Postpaid_Unlimited,5G_Device,4G+,2026-04-06
SUB4604724,0.64,0.57,0.04,0.03,20.82,1,0,55+,Prepaid_Monthly,Basic_Phone,5G,2026-04-01
SUB7818922,0.18,0.49,0.17,0.27,47.88,0,1,55+,Prepaid_Monthly,Mid_Range,4G,2026-03-26
SUB7847575,3.41,1.19,0.1,0.32,124.89,0,1,55+,Postpaid_Premium,Premium_Smartphone,4G,2026-04-16
SUB2151882,0.22,0.35,0.03,0.53,94.3,0,1,45-54,Prepaid_Monthly,Premium_Smartphone,4G,2026-04-01
SUB7456182,1.8,1.56,1.01,0.64,77.36,1,0,35-44,Postpaid_Basic,Mid_Range,5G,2026-04-06
SUB9118612,3.36,1.83,0.43,5.53,69.9,0,0,18-24,Postpaid_Premium,Premium_Smartphone,4G+,2026-03-20
SUB7999366,0.18,0.98,2.47,0.06,43.65,0,0,35-44,Postpaid_Basic,Basic_Phone,5G,2026-04-04
SUB3471321,2.52,0.3,0.18,0.05,59.19,1,0,18-24,Prepaid_Daily,Premium_Smartphone,4G,2026-04-13
SUB1700270,0.69,0.47,0.46,0.18,34.3,0,0,45-54,Postpaid_Basic,Mid_Range,4G,2026-04-05
SUB9479025,2.27,1.68,0.06,0.54,77.22,0,1,25-34,Postpaid_Basic,Premium_Smartphone,3G,2026-04-05
SUB5622942,0.87,0.65,0.58,0.83,90.25,0,0,35-44,Postpaid_Basic,Premium_Smartphone,4G,2026-04-05
SUB1192458,1.99,2.12,0.61,0.35,86.4,0,0,18-24,Postpaid_Premium,5G_Device,4G,2026-04-07
SUB5718912,0.58,1.29,0.43,0.11,46.14,0,0,25-34,Prepaid_Daily,Premium_Smartphone,3G,2026-04-01
SUB4896937,4.22,2.44,0.33,3.28,107.68,0,1,25-34,Postpaid_Premium,Premium_Smartphone,4G+,2026-04-12
SUB6497963,8.0,1.44,0.11,0.68,57.13,1,0,25-34,Postpaid_Premium,Premium_Smartphone,3G,2026-04-09
SUB5102553,8.0,2.17,0.39,0.17,123.18,0,0,25-34,Postpaid_Premium,Tablet,5G,2026-03-30
SUB9434858,3.31,0.39,0.09,0.19,93.77,0,0,18-24,Postpaid_Basic,5G_Device,4G,2026-04-14
SUB1475147,1.46,1.15,0.57,0.24,125.6,0,0,25-34,Prepaid_Monthly,5G_Device,5G,2026-04-04
SUB4017193,1.63,1.94,1.5,0.87,90.1,0,1,25-34,Prepaid_Monthly,Premium_Smartphone,5G,2026-03-28
SUB3112368,1.41,4.79,1.47,0.99,184.24,1,0,45-54,Postpaid_Premium,Premium_Smartphone,5G,2026-04-03
SUB7818753,3.95,3.51,0.42,0.23,79.34,1,0,25-34,Postpaid_Basic,Mid_Range,4G,2026-04-05
SUB1876336,5.28,2.45,0.24,0.12,121.41,0,0,25-34,Prepaid_Monthly,5G_Device,5G,2026-03-31
SUB7436737,0.32,0.09,0.0,0.09,31.24,0,0,55+,Postpaid_Basic,Mid_Range,3G,2026-04-09
SUB5898107,0.29,0.34,0.19,0.12,31.93,0,0,35-44,Postpaid_Premium,Basic_Phone,4G,2026-04-17
SUB6782197,5.97,2.6,0.68,0.86,98.04,0,1,25-34,Prepaid_Daily,Premium_Smartphone,4G+,2026-04-01
SUB5071867,3.25,2.02,0.53,3.25,87.44,0,1,25-34,Postpaid_Unlimited,Mid_Range,4G+,2026-04-16
SUB8110953,0.86,0.5,0.32,0.07,67.9,0,0,45-54,Prepaid_Daily,5G_Device,3G,2026-03-25
SUB2418060,0.34,2.05,1.99,0.15,125.06,0,1,25-34,Postpaid_Basic,5G_Device,4G,2026-03-27
SUB5228087,1.01,0.52,0.11,2.02,63.23,0,0,25-34,Postpaid_Basic,Premium_Smartphone,4G,2026-04-04
SUB5228456,0.17,0.41,0.08,0.59,123.14,1,1,45-54,Prepaid_Daily,Mid_Range,5G,2026-04-12
SUB5639022,1.37,0.7,0.51,2.04,98.78,0,0,18-24,Postpaid_Unlimited,Premium_Smartphone,5G,2026-03-19
SUB6796260,4.17,0.53,0.46,0.11,93.76,1,0,45-54,Postpaid_Basic,Premium_Smartphone,3G,2026-04-15
SUB9537333,0.67,0.45,0.27,0.3,60.22,0,0,25-34,Prepaid_Daily,Mid_Range,5G,2026-03-19
SUB9879823,0.67,2.18,0.06,0.73,85.6,0,0,35-44,Postpaid_Premium,5G_Device,4G,2026-03-30
SUB6997804,0.48,1.02,0.39,0.17,69.03,0,0,45-54,Postpaid_Premium,Mid_Range,4G+,2026-04-09
SUB3268693,5.5,6.0,0.41,0.13,200.0,1,1,25-34,Postpaid_Unlimited,5G_Device,4G+,2026-04-17
SUB4924152,0.45,0.94,0.45,0.07,111.58,0,1,45-54,Prepaid_Monthly,5G_Device,4G,2026-04-05
SUB8688659,0.4,0.93,0.11,0.1,99.68,0,0,55+,Prepaid_Monthly,Tablet,5G,2026-04-16
SUB9710506,1.04,0.37,0.1,0.09,123.93,1,0,25-34,Prepaid_Daily,Premium_Smartphone,4G,2026-04-13
SUB1685338,0.24,0.37,0.27,0.2,48.19,0,1,55+,Postpaid_Premium,Premium_Smartphone,3G,2026-03-27
SUB4502415,0.67,4.66,0.52,0.88,81.85,0,0,18-24,Postpaid_Basic,5G_Device,4G+,2026-04-15
SUB7334625,1.67,0.47,0.37,0.22,51.74,0,0,45-54,Postpaid_Unlimited,5G_Device,4G,2026-03-24
SUB9443353,1.2,5.63,1.69,0.02,88.46,0,0,25-34,Postpaid_Premium,5G_Device,4G,2026-04-16
SUB2683032,0.68,3.95,0.57,0.1,98.17,0,0,25-34,Postpaid_Unlimited,5G_Device,4G+,2026-03-19
SUB6232651,4.54,3.7,1.98,0.24,74.83,0,1,18-24,Postpaid_Unlimited,Premium_Smartphone,3G,2026-03-24
SUB6954632,0.34,0.3,0.2,0.25,19.29,1,0,25-34,Prepaid_Monthly,Basic_Phone,4G,2026-04-11
SUB3118219,1.57,1.16,1.03,2.73,92.96,1,1,18-24,Prepaid_Daily,Mid_Range,4G,2026-04-13
SUB3148185,0.25,0.32,0.13,0.17,112.58,1,0,55+,Prepaid_Daily,Premium_Smartphone,5G,2026-03-23
SUB9433864,0.42,0.34,0.3,0.23,73.56,0,0,45-54,Prepaid_Monthly,Mid_Range,5G,2026-03-30
SUB8037449,7.16,2.59,0.44,0.05,84.09,0,0,18-24,Postpaid_Basic,Premium_Smartphone,4G,2026-04-17
SUB9890872,5.21,2.8,0.12,0.22,125.27,0,0,18-24,Prepaid_Daily,Premium_Smartphone,5G,2026-04-17
SUB4346145,0.93,1.54,0.06,0.07,72.73,0,1,45-54,Prepaid_Monthly,Mid_Range,4G+,2026-04-04
SUB3183955,0.83,0.55,0.53,0.21,52.64,0,0,25-34,Prepaid_Monthly,Mid_Range,4G+,2026-03-22
SUB1479809,1.53,1.7,0.22,0.52,82.66,0,0,18-24,Prepaid_Daily,Premium_Smartphone,4G,2026-03-30
SUB3650432,1.58,0.67,0.56,0.74,128.32,0,0,25-34,Prepaid_Monthly,5G_Device,5G,2026-03-20
SUB5175282,0.78,2.38,0.59,1.66,117.6,0,0,25-34,Prepaid_Daily,5G_Device,5G,2026-04-10
SUB6455483,1.63,1.22,0.27,1.2,118.69,1,1,18-24,Prepaid_Monthly,Mid_Range,5G,2026-04-03
SUB7864547,0.5,1.89,0.87,0.41,166.85,1,1,35-44,Prepaid_Daily,Premium_Smartphone,4G,2026-04-10
SUB2767413,3.44,0.57,1.43,0.09,57.37,0,0,35-44,Postpaid_Premium,5G_Device,3G,2026-03-23
SUB3573697,1.31,0.75,0.24,0.3,96.55,0,1,18-24,Prepaid_Daily,Premium_Smartphone,4G,2026-03-30
SUB4600952,0.46,0.58,0.21,0.0,93.96,1,0,55+,Postpaid_Unlimited,Mid_Range,5G,2026-03-31
SUB2971277,0.32,2.03,0.31,0.48,63.2,0,0,35-44,Postpaid_Basic,Mid_Range,5G,2026-04-14
SUB6546510,0.84,1.59,3.46,0.83,94.34,0,1,25-34,Postpaid_Basic,Mid_Range,5G,2026-03-31
SUB8896403,0.25,3.39,0.71,0.63,73.66,1,1,18-24,Postpaid_Basic,Mid_Range,4G,2026-03-24
SUB7097020,0.28,3.96,0.32,0.05,49.23,1,0,18-24,Prepaid_Monthly,Mid_Range,4G,2026-04-07
SUB6354342,0.48,1.35,0.06,0.11,42.18,0,0,25-34,Prepaid_Daily,Premium_Smartphone,3G,2026-04-02
SUB2196311,4.97,4.2,1.16,0.27,111.34,1,1,18-24,Postpaid_Premium,Premium_Smartphone,4G,2026-04-01
SUB1142157,2.36,3.42,0.23,2.59,98.21,0,0,25-34,Postpaid_Unlimited,Premium_Smartphone,4G,2026-04-06
SUB5788109,4.87,0.66,0.4,0.82,93.08,0,1,18-24,Postpaid_Unlimited,Mid_Range,4G+,2026-04-09
SUB2462603,0.22,0.54,0.84,0.37,86.07,0,0,35-44,Postpaid_Premium,Premium_Smartphone,4G,2026-03-28
SUB1136645,1.1,2.78,0.57,0.3,63.93,0,1,45-54,Prepaid_Monthly,Premium_Smartphone,4G,2026-03-31
SUB2652131,4.43,1.77,3.87,0.53,57.65,0,0,25-34,Postpaid_Basic,Tablet,3G,2026-03-20
SUB2186837,1.87,2.61,0.06,0.16,45.21,0,1,35-44,Postpaid_Premium,Mid_Range,4G,2026-04-14
SUB9730829,0.28,0.2,0.2,0.08,28.76,0,0,55+,Postpaid_Premium,Mid_Range,4G,2026-03-31
SUB8845219,2.24,3.41,0.05,1.48,67.52,0,1,35-44,Prepaid_Monthly,Mid_Range,5G,2026-04-08
SUB1053687,2.55,4.31,0.18,0.57,68.83,0,1,25-34,Postpaid_Unlimited,Premium_Smartphone,4G,2026-03-29
SUB3490272,0.73,0.58,0.41,0.18,68.33,0,0,25-34,Prepaid_Monthly,Tablet,3G,2026-04-16
SUB7843308,0.39,0.55,0.18,0.23,171.41,1,1,45-54,Postpaid_Basic,Premium_Smartphone,4G,2026-04-05
SUB6173395,4.2,3.93,1.01,1.72,191.97,1,0,18-24,Postpaid_Unlimited,5G_Device,5G,2026-04-06
SUB3629137,4.51,3.2,1.31,0.14,110.1,1,0,25-34,Postpaid_Unlimited,Premium_Smartphone,5G,2026-04-03
SUB5776415,0.01,0.59,0.27,0.01,23.82,1,1,35-44,Postpaid_Premium,Basic_Phone,3G,2026-04-10
SUB8208387,0.36,3.34,0.8,0.54,165.48,0,1,35-44,Prepaid_Monthly,5G_Device,4G+,2026-04-03
SUB7892180,0.16,0.34,0.98,0.49,50.71,1,0,45-54,Prepaid_Monthly,Mid_Range,4G,2026-03-25
SUB4861607,0.27,0.29,0.1,0.17,38.83,0,0,25-34,Prepaid_Daily,Mid_Range,4G+,2026-03-24
SUB5124390,2.49,2.31,0.74,1.81,85.02,0,0,18-24,Postpaid_Premium,Tablet,4G,2026-03-28
SUB3656222,0.48,0.17,0.07,0.01,58.7,1,0,55+,Postpaid_Basic,Mid_Range,4G,2026-03-27
SUB5434315,0.73,0.77,0.66,0.84,38.22,0,0,18-24,Postpaid_Basic,Mid_Range,4G,2026-04-07
SUB2553744,3.29,2.66,0.52,0.33,57.5,1,1,18-24,Postpaid_Basic,Mid_Range,4G,2026-04-01
SUB5266988,1.28,2.02,0.98,0.27,69.08,1,0,25-34,Postpaid_Basic,Premium_Smartphone,4G,2026-03-24
SUB6693014,0.09,0.2,0.05,0.09,8.49,0,0,45-54,Postpaid_Basic,Basic_Phone,3G,2026-04-08
SUB9121485,0.95,1.3,0.07,0.06,40.75,0,0,45-54,Postpaid_Unlimited,Mid_Range,4G,2026-04-14
SUB6459501,0.49,0.17,0.01,0.08,53.02,0,0,55+,Prepaid_Daily,Premium_Smartphone,3G,2026-04-01
SUB8575327,4.11,1.99,0.38,0.29,161.2,0,1,18-24,Postpaid_Premium,5G_Device,5G,2026-03-25
SUB5013582,7.28,0.89,0.37,0.37,79.61,0,0,25-34,Prepaid_Monthly,Mid_Range,4G+,2026-04-16
SUB3872875,0.57,1.58,0.1,0.01,89.75,0,0,25-34,Postpaid_Premium,Premium_Smartphone,4G,2026-04-05
SUB2841646,3.66,2.12,0.81,1.44,93.04,0,1,45-54,Postpaid_Unlimited,Premium_Smartphone,4G,2026-04-01
SUB6800545,0.23,0.88,0.08,0.08,14.81,0,0,25-34,Prepaid_Monthly,Basic_Phone,3G,2026-04-11
SUB8970564,0.27,0.18,0.72,0.29,63.43,0,1,18-24,Prepaid_Daily,Mid_Range,4G,2026-04-15
SUB9038508,4.07,6.0,0.33,0.15,68.51,0,1,35-44,Prepaid_Monthly,Premium_Smartphone,3G,2026-04-15
SUB2596246,1.15,1.12,0.23,0.44,64.58,0,0,25-34,Prepaid_Monthly,Premium_Smartphone,3G,2026-03-23
SUB9194253,0.61,2.83,0.16,0.13,38.01,0,0,25-34,Postpaid_Premium,Mid_Range,4G,2026-04-16
SUB5428622,0.17,0.16,0.06,0.05,26.58,0,1,45-54,Prepaid_Daily,Basic_Phone,4G+,2026-04-13
SUB3469930,0.47,0.25,0.02,0.01,31.78,0,1,25-34,Prepaid_Daily,Basic_Phone,4G+,2026-04-16
SUB1131936,1.62,6.0,1.06,2.32,168.37,0,1,18-24,Postpaid_Premium,Premium_Smartphone,4G+,2026-03-24
SUB9226036,1.76,5.17,0.36,0.35,134.74,1,0,25-34,Postpaid_Basic,Premium_Smartphone,4G+,2026-03-28
SUB6152030,1.81,2.07,1.01,0.33,111.46,0,0,25-34,Prepaid_Monthly,Premium_Smartphone,5G,2026-04-15
SUB5842256,1.42,0.55,0.71,1.11,85.13,1,0,18-24,Postpaid_Basic,Premium_Smartphone,4G,2026-03-28
SUB3469970,2.98,0.72,0.15,0.09,117.78,0,1,35-44,Postpaid_Premium,5G_Device,4G,2026-04-15
SUB6062581,0.4,3.68,1.0,0.45,144.6,1,0,18-24,Prepaid_Daily,Tablet,5G,2026-04-16
SUB6312470,0.22,1.05,0.04,1.15,48.87,0,0,55+,Postpaid_Basic,Premium_Smartphone,4G,2026-04-13
SUB3578682,0.88,3.09,1.03,1.47,93.17,0,0,18-24,Postpaid_Premium,Premium_Smartphone,4G,2026-03-26
SUB2504900,1.45,0.49,0.58,0.17,70.9,0,1,25-34,Prepaid_Monthly,Mid_Range,4G,2026-04-17
SUB9580504,8.0,1.98,0.01,1.03,70.16,1,0,25-34,Postpaid_Premium,Mid_Range,4G,2026-03-30
SUB6283422,0.24,0.56,1.3,0.48,75.29,1,0,45-54,Postpaid_Premium,Premium_Smartphone,4G,2026-03-29
SUB5607765,4.12,6.0,4.0,0.05,133.36,1,0,25-34,Postpaid_Premium,Tablet,5G,2026-04-16
SUB8157676,0.47,0.9,0.53,0.18,27.65,0,0,45-54,Postpaid_Premium,Mid_Range,3G,2026-03-23
SUB3380612,0.1,0.98,0.77,0.09,83.24,0,0,45-54,Postpaid_Premium,5G_Device,4G,2026-03-23
SUB9622587,1.58,2.39,0.51,0.25,140.58,1,0,55+,Postpaid_Premium,Tablet,4G+,2026-04-01
SUB9666712,1.85,3.35,1.02,1.21,94.88,1,0,45-54,Postpaid_Premium,5G_Device,4G,2026-03-30
SUB6219574,7.66,2.41,0.02,0.89,89.26,0,0,18-24,Postpaid_Basic,5G_Device,5G,2026-04-14
SUB6569451,0.28,2.29,0.0,0.26,62.13,0,0,45-54,Prepaid_Daily,Mid_Range,5G,2026-04-12
SUB5791882,0.26,0.05,0.04,0.07,26.9,0,0,55+,Prepaid_Monthly,Basic_Phone,4G,2026-03-28
SUB7862758,0.48,0.93,0.01,1.56,125.99,1,1,55+,Prepaid_Monthly,Mid_Range,5G,2026-04-07
SUB1995893,2.27,0.57,1.08,0.16,64.38,0,0,18-24,Prepaid_Monthly,5G_Device,3G,2026-04-08
SUB3670492,0.9,2.34,0.0,0.26,62.9,0,0,35-44,Postpaid_Basic,Mid_Range,4G+,2026-03-20
SUB8354421,1.78,4.1,1.3,0.5,90.64,1,0,18-24,Postpaid_Unlimited,Mid_Range,5G,2026-03-30
SUB3977299,2.45,6.0,2.49,1.11,66.42,0,0,25-34,Postpaid_Unlimited,Premium_Smartphone,4G+,2026-03-20
SUB3934317,8.0,4.34,0.34,1.39,94.01,0,0,35-44,Postpaid_Premium,Premium_Smartphone,4G+,2026-04-09
SUB5537454,0.41,0.07,0.19,0.09,80.69,0,0,55+,Postpaid_Unlimited,Premium_Smartphone,4G,2026-04-13
SUB9151168,0.5,0.55,2.33,0.16,148.99,1,0,35-44,Postpaid_Unlimited,Tablet,4G+,2026-04-06
SUB2546064,0.38,0.49,0.11,0.0,22.37,0,0,45-54,Postpaid_Unlimited,Basic_Phone,4G,2026-04-03
SUB4240641,2.84,1.37,0.02,0.3,107.55,0,1,18-24,Prepaid_Daily,Premium_Smartphone,4G,2026-03-19
SUB3715548,1.61,0.82,1.67,0.76,108.16,1,0,18-24,Prepaid_Monthly,Premium_Smartphone,5G,2026-03-29
SUB1779091,1.09,1.36,0.16,0.38,57.41,1,0,35-44,Postpaid_Basic,Mid_Range,4G+,2026-04-09
SUB2706930,0.64,0.67,0.57,0.13,42.4,0,0,25-34,Prepaid_Daily,Premium_Smartphone,3G,2026-03-30
SUB6967520,1.06,1.58,0.47,0.32,68.02,0,0,45-54,Postpaid_Premium,Premium_Smartphone,4G+,2026-03-27
SUB1964795,3.08,0.37,0.56,0.83,174.49,1,0,25-34,Prepaid_Daily,Premium_Smartphone,5G,2026-03-21
SUB2578458,0.25,0.69,0.02,0.0,19.66,1,0,25-34,Prepaid_Monthly,Basic_Phone,3G,2026-03-25
SUB9658123,0.25,4.67,1.13,0.02,109.42,1,1,25-34,Prepaid_Daily,5G_Device,4G,2026-03-30
SUB6981804,5.21,3.54,0.76,1.31,171.11,0,1,25-34,Postpaid_Basic,5G_Device,5G,2026-04-11
SUB8583491,0.12,0.73,0.03,0.1,52.93,0,0,55+,Postpaid_Basic,Mid_Range,4G,2026-04-02
SUB1671986,4.35,1.19,0.01,0.01,48.25,0,0,25-34,Postpaid_Premium,Mid_Range,5G,2026-04-05
SUB9526508,0.61,0.75,0.27,0.61,73.99,0,0,25-34,Prepaid_Monthly,Premium_Smartphone,4G+,2026-04-09
SUB8845772,0.25,0.32,0.22,0.45,78.08,0,0,45-54,Postpaid_Basic,Mid_Range,4G+,2026-03-28
SUB9048056,1.86,6.0,0.26,2.62,100.16,0,1,25-34,Postpaid_Premium,Premium_Smartphone,4G,2026-03-29
SUB7989875,1.17,2.89,0.47,0.13,62.4,0,1,45-54,Postpaid_Premium,Mid_Range,4G,2026-04-06
SUB9901674,1.93,0.39,0.01,0.46,47.1,0,0,18-24,Prepaid_Monthly,5G_Device,3G,2026-04-17
SUB5008146,0.15,1.25,0.57,0.12,67.81,0,1,18-24,Prepaid_Daily,Mid_Range,4G,2026-03-28
SUB3361331,0.24,0.61,0.3,0.0,113.38,0,0,55+,Prepaid_Daily,Tablet,4G+,2026-04-06
SUB2158343,0.18,0.83,0.05,0.14,18.36,0,1,45-54,Postpaid_Premium,Basic_Phone,4G,2026-03-28
SUB1541529,0.46,1.24,0.41,0.25,47.55,0,0,25-34,Prepaid_Monthly,Mid_Range,4G,2026-04-12
SUB5348530,0.06,0.36,0.44,0.61,74.36,0,0,35-44,Prepaid_Daily,Mid_Range,4G+,2026-04-15
SUB9283161,0.15,0.5,0.14,0.0,103.71,0,0,55+,Prepaid_Daily,5G_Device,5G,2026-03-20
SUB6156758,5.25,1.56,0.39,0.09,41.54,0,0,18-24,Postpaid_Premium,Premium_Smartphone,3G,2026-04-08
SUB3153548,0.37,1.99,0.26,0.12,75.75,0,0,18-24,Postpaid_Basic,Premium_Smartphone,4G,2026-04-01
SUB9507528,6.58,5.11,0.15,0.37,75.48,0,1,25-34,Postpaid_Basic,Mid_Range,4G+,2026-04-02
SUB1406547,0.19,0.76,0.23,0.04,24.3,0,0,18-24,Postpaid_Basic,Basic_Phone,4G,2026-03-27
SUB2657583,0.2,3.09,0.13,0.09,91.87,0,0,18-24,Prepaid_Daily,Premium_Smartphone,5G,2026-03-23
SUB1063014,0.7,1.43,0.28,0.01,101.56,0,0,45-54,Prepaid_Monthly,Premium_Smartphone,5G,2026-04-16
SUB7477006,0.24,0.57,0.01,2.19,39.5,0,0,18-24,Prepaid_Monthly,Basic_Phone,5G,2026-03-20
SUB6910494,0.17,0.19,0.25,0.0,62.19,1,0,45-54,Prepaid_Monthly,Mid_Range,4G,2026-03-23
SUB2235382,0.91,1.53,0.46,0.03,61.09,0,0,25-34,Postpaid_Unlimited,Premium_Smartphone,3G,2026-03-30
SUB6228298,1.27,2.1,0.94,0.23,80.28,1,0,35-44,Postpaid_Basic,Mid_Range,5G,2026-04-02
SUB5532889,2.55,4.53,0.24,0.32,108.98,0,0,35-44,Postpaid_Premium,5G_Device,4G+,2026-04-11
SUB9745386,3.9,1.84,0.26,0.3,96.03,1,0,25-34,Prepaid_Monthly,Mid_Range,4G+,2026-03-19
SUB8775679,0.61,1.52,0.94,0.3,90.86,0,1,18-24,Prepaid_Monthly,Premium_Smartphone,4G,2026-04-15
SUB4132293,0.67,0.18,0.29,0.79,53.82,0,0,18-24,Prepaid_Monthly,Premium_Smartphone,4G,2026-03-22
SUB5032371,0.31,1.17,0.54,0.43,127.79,1,1,45-54,Postpaid_Premium,Premium_Smartphone,4G,2026-04-09
SUB3602352,1.02,1.14,0.82,0.08,83.88,1,0,18-24,Prepaid_Monthly,Premium_Smartphone,3G,2026-04-10
SUB2531817,0.85,0.62,1.03,0.05,100.86,0,0,18-24,Prepaid_Monthly,5G_Device,4G+,2026-04-13
SUB7767835,0.17,0.38,0.48,1.08,78.17,1,0,55+,Postpaid_Premium,Premium_Smartphone,3G,2026-04-16
SUB3015074,1.1,0.36,0.47,0.93,81.74,0,0,55+,Postpaid_Unlimited,5G_Device,4G,2026-04-03
SUB6715175,2.81,2.4,0.18,1.08,111.4,0,1,25-34,Prepaid_Daily,Premium_Smartphone,5G,2026-04-10
SUB8745863,0.32,0.29,0.17,0.66,65.69,0,0,18-24,Prepaid_Daily,Mid_Range,5G,2026-04-15
SUB5720058,6.07,0.17,0.29,0.1,131.04,1,1,35-44,Prepaid_Daily,Mid_Range,5G,2026-04-12
SUB7619511,1.32,0.6,0.15,0.58,82.83,1,0,45-54,Postpaid_Premium,Mid_Range,5G,2026-03-28
SUB2802502,0.1,0.03,0.16,0.27,11.49,0,0,18-24,Prepaid_Daily,Basic_Phone,4G,2026-03-31
SUB2462538,2.02,1.45,1.53,0.03,74.56,0,0,18-24,Postpaid_Basic,Premium_Smartphone,4G,2026-03-30
SUB7379878,1.35,1.18,0.01,0.23,91.07,1,0,45-54,Postpaid_Basic,Premium_Smartphone,4G+,2026-03-20
SUB6745980,0.65,1.18,0.22,0.57,72.39,0,0,55+,Prepaid_Monthly,Premium_Smartphone,4G+,2026-04-04
SUB3026819,0.87,0.25,0.03,0.0,95.68,0,0,45-54,Prepaid_Daily,Premium_Smartphone,4G,2026-04-13
SUB6209995,0.78,2.06,0.63,0.36,62.96,0,0,18-24,Prepaid_Monthly,Premium_Smartphone,4G,2026-04-03
SUB4934053,1.21,0.23,0.22,0.03,10.19,0,0,25-34,Prepaid_Daily,Basic_Phone,4G,2026-04-16
SUB8632749,0.17,0.33,0.0,0.21,52.94,1,0,35-44,Prepaid_Daily,Basic_Phone,5G,2026-03-31
SUB6864075,1.2,0.38,0.35,0.07,150.7,0,1,18-24,Postpaid_Basic,Premium_Smartphone,5G,2026-04-06
SUB1732722,1.73,1.58,1.97,0.0,54.28,0,1,18-24,Postpaid_Premium,Mid_Range,4G,2026-03-21
SUB6080692,0.11,0.63,0.18,0.04,56.8,0,0,25-34,Prepaid_Daily,Mid_Range,4G,2026-04-07
SUB7025261,2.17,0.58,0.46,0.46,70.08,0,1,25-34,Postpaid_Basic,Mid_Range,5G,2026-04-11
SUB9245044,1.31,3.58,0.65,0.26,71.68,1,0,25-34,Prepaid_Monthly,Mid_Range,4G+,2026-03-26
SUB4875416,1.26,0.23,0.19,0.41,34.45,1,0,45-54,Postpaid_Premium,Basic_Phone,4G,2026-04-15
SUB6038460,0.96,0.81,0.67,0.18,87.94,0,1,45-54,Postpaid_Premium,Mid_Range,5G,2026-04-02
SUB8317619,0.08,0.44,0.01,0.0,26.96,0,0,55+,Postpaid_Premium,Basic_Phone,4G,2026-03-19
SUB7038602,0.26,0.17,0.09,0.35,15.19,0,1,45-54,Prepaid_Monthly,Basic_Phone,3G,2026-03-25
SUB5101599,0.24,2.75,1.79,1.22,82.55,0,0,25-34,Postpaid_Basic,5G_Device,5G,2026-03-23
SUB2390598,3.45,6.0,2.01,0.32,82.52,0,0,25-34,Postpaid_Premium,Mid_Range,5G,2026-04-05
SUB5546925,0.96,1.19,1.22,0.69,87.35,0,0,25-34,Prepaid_Daily,Premium_Smartphone,4G,2026-03-30
SUB5879797,1.16,0.61,1.34,0.35,98.81,0,0,18-24,Postpaid_Basic,Mid_Range,5G,2026-03-30
SUB4775702,0.62,0.43,0.49,0.06,124.48,0,0,55+,Postpaid_Premium,5G_Device,4G+,2026-03-31
SUB5090284,1.44,2.29,2.05,0.22,128.07,0,0,18-24,Prepaid_Monthly,Premium_Smartphone,5G,2026-03-22
SUB7770161,2.58,1.95,1.76,0.03,79.67,1,0,25-34,Postpaid_Basic,Mid_Range,4G+,2026-04-04
SUB7898410,1.0,3.98,0.82,0.13,36.33,0,1,35-44,Postpaid_Premium,Mid_Range,4G,2026-03-25
SUB3455918,1.39,0.67,0.1,0.12,66.59,1,0,25-34,Prepaid_Daily,Mid_Range,5G,2026-03-29
SUB9053048,3.51,1.0,1.11,0.26,83.77,0,1,35-44,Prepaid_Monthly,5G_Device,4G,2026-04-05
SUB9093212,1.7,1.2,0.43,0.01,36.18,0,0,25-34,Prepaid_Monthly,Premium_Smartphone,3G,2026-04-13
SUB9699043,0.45,0.5,0.88,0.09,19.01,0,0,18-24,Prepaid_Daily,Mid_Range,3G,2026-03-28
SUB9547085,0.57,2.14,0.03,0.26,83.51,0,0,18-24,Prepaid_Daily,5G_Device,5G,2026-03-25
SUB8588173,0.98,0.34,0.12,0.01,76.54,0,1,55+,Prepaid_Monthly,Mid_Range,4G,2026-03-19
SUB8955229,4.11,1.01,0.68,0.89,90.23,1,0,25-34,Prepaid_Daily,Premium_Smartphone,4G,2026-03-19
SUB8110928,1.58,2.35,0.96,6.0,200.0,1,1,25-34,Postpaid_Basic,5G_Device,5G,2026-04-12
SUB4730370,1.23,2.0,0.22,0.0,104.55,0,0,25-34,Prepaid_Monthly,5G_Device,5G,2026-03-23
SUB4688173,3.15,2.2,1.43,0.59,132.43,1,0,18-24,Prepaid_Daily,Premium_Smartphone,4G,2026-03-31
SUB7705836,0.72,1.24,0.48,0.15,148.25,0,0,25-34,Prepaid_Monthly,5G_Device,5G,2026-04-17
SUB9009806,0.69,0.58,0.41,0.02,81.33,0,0,35-44,Prepaid_Daily,Tablet,4G+,2026-04-10
SUB2980407,0.82,0.51,0.22,0.29,70.52,0,0,45-54,Prepaid_Monthly,5G_Device,4G+,2026-04-01
SUB7143192,0.5,0.32,1.09,0.12,69.95,1,1,35-44,Prepaid_Monthly,Mid_Range,4G,2026-03-19
SUB4277746,0.47,5.06,1.45,0.35,59.44,0,1,18-24,Postpaid_Premium,Mid_Range,4G+,2026-03-24
SUB1801125,0.52,1.01,0.46,0.06,99.05,1,1,25-34,Prepaid_Monthly,Mid_Range,4G,2026-03-23
SUB3386537,3.76,2.27,2.51,0.95,153.84,0,1,18-24,Prepaid_Monthly,5G_Device,5G,2026-03-29
SUB3998778,8.0,1.01,0.51,1.94,70.78,0,1,18-24,Postpaid_Premium,Mid_Range,4G+,2026-03-29
SUB3693695,2.44,1.53,4.0,0.07,87.75,0,0,25-34,Postpaid_Basic,Mid_Range,5G,2026-03-27
SUB2768693,0.07,0.01,0.43,0.39,36.03,0,0,25-34,Postpaid_Basic,Basic_Phone,5G,2026-03-28
SUB6254230,0.28,0.94,0.19,0.2,96.58,0,0,35-44,Postpaid_Premium,Premium_Smartphone,4G+,2026-04-14
SUB4856600,1.84,1.37,0.57,1.02,109.11,1,0,35-44,Prepaid_Monthly,Premium_Smartphone,4G+,2026-03-31
SUB1101894,0.33,0.14,0.23,0.12,55.22,1,0,45-54,Postpaid_Unlimited,Mid_Range,4G,2026-04-15
SUB2408277,3.65,2.23,0.91,0.53,91.61,0,0,45-54,Postpaid_Unlimited,Premium_Smartphone,4G+,2026-04-01
SUB7188753,3.82,0.45,0.23,0.1,42.84,0,0,18-24,Prepaid_Monthly,Mid_Range,4G,2026-04-01
SUB4567945,1.17,0.79,1.9,0.18,34.75,0,0,25-34,Postpaid_Unlimited,Mid_Range,4G,2026-04-13
SUB4666569,8.0,1.55,0.92,0.29,112.4,0,0,25-34,Postpaid_Premium,Tablet,5G,2026-04-10
SUB4229112,3.51,6.0,0.08,0.94,81.98,0,0,25-34,Postpaid_Unlimited,Premium_Smartphone,4G+,2026-04-13
SUB2048966,0.72,2.56,0.05,0.03,52.76,1,0,18-24,Postpaid_Premium,Mid_Range,3G,2026-03-24
SUB8820783,5.83,5.03,0.85,1.01,153.96,0,1,18-24,Postpaid_Premium,Tablet,4G+,2026-03-30
SUB8875889,2.2,1.33,0.21,0.2,87.47,0,1,25-34,Prepaid_Daily,Mid_Range,4G+,2026-04-15
SUB5216794,6.05,4.28,0.05,1.16,130.7,0,1,35-44,Postpaid_Basic,Premium_Smartphone,4G+,2026-04-03
SUB3089632,0.54,0.94,0.42,0.08,78.18,0,1,35-44,Prepaid_Monthly,Premium_Smartphone,3G,2026-03-29
SUB8834112,3.92,2.36,0.49,0.76,75.39,0,0,25-34,Prepaid_Monthly,Mid_Range,5G,2026-04-15
SUB5799412,2.13,6.0,1.65,2.01,88.15,0,0,25-34,Postpaid_Unlimited,Premium_Smartphone,5G,2026-04-07
SUB8729578,1.26,0.29,0.02,0.13,23.64,0,0,25-34,Prepaid_Daily,Mid_Range,3G,2026-04-17
SUB1312579,1.65,3.77,0.19,0.46,110.33,0,0,35-44,Postpaid_Premium,Premium_Smartphone,4G+,2026-04-08
SUB7807040,1.38,0.56,0.89,0.08,77.08,1,1,18-24,Prepaid_Daily,Mid_Range,4G,2026-03-21
SUB7355421,0.6,1.35,1.03,0.7,124.86,1,0,35-44,Prepaid_Daily,Premium_Smartphone,4G,2026-03-28
SUB2563825,0.55,0.87,0.09,0.35,60.39,1,1,35-44,Postpaid_Basic,Premium_Smartphone,3G,2026-04-14
SUB4518920,4.36,1.65,0.59,0.51,83.02,0,1,18-24,Prepaid_Daily,Premium_Smartphone,4G,2026-03-27
SUB5028604,5.87,4.46,0.05,0.11,101.12,0,0,18-24,Postpaid_Unlimited,5G_Device,4G,2026-03-23
SUB8433980,0.26,0.23,0.36,0.15,18.51,0,0,18-24,Prepaid_Monthly,Basic_Phone,4G+,2026-03-22
SUB2524631,0.62,0.29,0.12,0.23,46.41,1,0,25-34,Prepaid_Daily,Basic_Phone,4G+,2026-04-05
SUB6224369,1.01,0.33,0.11,0.28,64.73,0,0,45-54,Prepaid_Daily,Mid_Range,4G,2026-04-15
SUB5961914,1.97,1.32,1.23,0.31,63.1,0,0,25-34,Prepaid_Monthly,Tablet,4G,2026-04-16
SUB8595853,1.74,0.09,0.32,0.47,68.49,0,0,25-34,Prepaid_Daily,5G_Device,4G,2026-04-13
SUB8650961,0.33,1.7,0.13,0.01,121.34,1,1,55+,Postpaid_Basic,5G_Device,4G,2026-04-03
SUB1906395,1.11,0.82,0.77,0.9,79.86,1,1,18-24,Postpaid_Basic,Mid_Range,4G+,2026-03-26
SUB2944606,2.54,2.22,0.89,0.39,60.2,0,0,18-24,Prepaid_Daily,Premium_Smartphone,4G,2026-04-05
SUB9288515,0.9,0.29,0.49,0.01,77.1,0,0,25-34,Prepaid_Monthly,Premium_Smartphone,4G,2026-04-07
SUB5805028,0.58,1.16,0.17,2.55,121.2,0,0,35-44,Postpaid_Premium,Premium_Smartphone,4G+,2026-03-30
SUB1970278,0.83,0.14,0.3,0.75,104.9,0,0,35-44,Postpaid_Basic,Premium_Smartphone,5G,2026-03-27
SUB9884527,3.57,0.47,0.73,0.04,57.51,0,0,25-34,Prepaid_Monthly,Mid_Range,4G,2026-04-04
SUB6271513,0.72,0.47,1.42,0.14,136.43,0,1,55+,Postpaid_Premium,Premium_Smartphone,5G,2026-03-28
SUB6005231,4.54,0.28,0.69,0.47,52.56,1,0,35-44,Postpaid_Premium,5G_Device,3G,2026-04-13
SUB3948134,3.95,1.98,0.21,0.41,83.61,1,0,18-24,Postpaid_Premium,Mid_Range,4G+,2026-04-13
SUB2347203,2.7,0.78,3.58,0.32,74.85,0,0,35-44,Postpaid_Premium,5G_Device,4G,2026-04-07
SUB7666781,0.63,5.23,0.05,0.2,119.67,0,0,18-24,Prepaid_Monthly,Premium_Smartphone,5G,2026-04-01
SUB9855197,1.07,0.49,0.04,0.35,104.13,1,0,35-44,Prepaid_Daily,Premium_Smartphone,4G,2026-04-04
SUB2187018,2.63,1.25,0.15,0.78,107.36,0,1,18-24,Prepaid_Monthly,Premium_Smartphone,4G,2026-04-05
SUB6097579,3.11,1.83,2.61,0.39,117.59,0,0,35-44,Postpaid_Unlimited,Premium_Smartphone,5G,2026-04-12
SUB8411979,1.72,2.18,0.11,0.04,43.6,0,0,25-34,Prepaid_Daily,Mid_Range,4G,2026-03-20
SUB3267357,0.5,0.18,0.15,0.41,132.7,0,1,45-54,Postpaid_Basic,Premium_Smartphone,4G,2026-04-10
SUB2799971,0.85,0.26,0.0,0.07,12.9,0,0,25-34,Postpaid_Premium,Basic_Phone,4G,2026-04-08
SUB1573881,0.6,0.86,0.26,0.07,64.85,0,1,35-44,Postpaid_Basic,Tablet,4G,2026-03-26
SUB7296665,7.86,1.5,0.64,0.29,122.56,1,1,25-34,Prepaid_Monthly,Mid_Range,5G,2026-04-01
SUB6893868,0.14,0.52,0.79,0.21,34.67,0,0,55+,Prepaid_Monthly,Mid_Range,4G,2026-04-01
SUB8609387,0.41,1.58,0.09,0.02,83.8,1,0,45-54,Prepaid_Daily,Tablet,4G,2026-03-30
SUB6252807,0.17,1.14,0.21,0.88,51.61,0,0,18-24,Prepaid_Monthly,Mid_Range,4G,2026-03-27
SUB4878551,0.09,0.25,0.45,0.06,68.47,0,0,55+,Prepaid_Daily,Mid_Range,4G+,2026-04-15
SUB4301394,5.54,1.53,4.0,0.65,88.19,1,0,25-34,Postpaid_Premium,5G_Device,3G,2026-03-26
SUB3827364,1.62,6.0,0.89,0.99,113.84,1,0,35-44,Postpaid_Unlimited,Mid_Range,5G,2026-04-14
SUB4354513,1.04,0.19,0.12,0.01,17.64,0,0,35-44,Postpaid_Basic,Basic_Phone,4G,2026-04-02
SUB2613560,2.95,4.95,0.4,0.46,48.41,0,0,18-24,Postpaid_Premium,Mid_Range,4G,2026-03-21
SUB3293673,1.28,0.43,0.15,0.34,102.7,0,0,55+,Postpaid_Basic,5G_Device,5G,2026-03-22
SUB4475488,0.77,0.09,0.35,0.37,57.67,0,0,25-34,Prepaid_Daily,Mid_Range,4G+,2026-04-02
SUB4020745,8.0,2.62,0.4,0.19,160.09,0,1,18-24,Prepaid_Daily,Premium_Smartphone,5G,2026-04-11
SUB5644068,0.77,0.44,1.08,0.05,74.93,0,1,45-54,Prepaid_Monthly,Mid_Range,5G,2026-03-25
SUB4302923,0.74,6.0,0.45,1.64,96.35,1,1,35-44,Postpaid_Premium,Mid_Range,4G,2026-03-23
SUB6643893,1.84,2.35,0.38,0.43,57.0,1,0,18-24,Postpaid_Unlimited,Mid_Range,4G,2026-04-15
SUB4195741,6.24,5.3,0.22,0.24,74.39,1,0,18-24,Prepaid_Monthly,Tablet,4G,2026-03-27
SUB9605094,1.34,0.88,0.15,0.51,38.44,0,0,35-44,Prepaid_Monthly,Premium_Smartphone,3G,2026-04-02
SUB9815496,0.97,1.34,0.19,0.55,35.08,0,0,18-24,Prepaid_Monthly,Mid_Range,4G,2026-04-02
SUB1835988,1.72,0.57,0.14,0.01,50.91,0,0,55+,Prepaid_Monthly,Mid_Range,4G,2026-03-20
SUB6104459,3.1,1.32,0.1,0.73,53.45,0,0,35-44,Postpaid_Basic,Mid_Range,5G,2026-04-13
SUB9103670,2.8,6.0,0.4,0.31,89.83,0,0,25-34,Postpaid_Premium,Premium_Smartphone,4G,2026-04-16
SUB1550428,1.4,0.92,0.33,0.11,72.87,0,0,25-34,Postpaid_Premium,Mid_Range,4G+,2026-03-21
SUB3089706,0.01,1.61,0.17,0.0,28.71,0,0,25-34,Postpaid_Basic,Mid_Range,4G,2026-04-01
SUB5305665,2.43,1.99,0.64,0.63,156.34,0,1,25-34,Prepaid_Monthly,5G_Device,5G,2026-04-07
SUB3889190,8.0,2.04,0.17,1.46,40.14,0,1,45-54,Postpaid_Unlimited,Mid_Range,4G,2026-04-02
SUB9785780,0.24,0.45,0.01,0.02,50.67,1,1,55+,Postpaid_Premium,Basic_Phone,5G,2026-04-10
SUB8751938,0.11,0.26,0.19,0.05,20.49,0,0,35-44,Prepaid_Monthly,Basic_Phone,4G,2026-04-01
SUB8660678,0.19,1.86,0.33,0.02,27.47,0,0,25-34,Prepaid_Monthly,Mid_Range,4G,2026-04-10
SUB1255658,0.8,1.62,0.11,0.25,22.84,1,1,18-24,Postpaid_Premium,Basic_Phone,4G,2026-04-08
SUB2730283,0.36,0.52,0.51,0.02,115.74,0,1,35-44,Prepaid_Monthly,Mid_Range,5G,2026-04-09
SUB7395300,0.71,0.58,0.12,4.85,116.97,0,0,35-44,Postpaid_Basic,Premium_Smartphone,5G,2026-04-06
SUB6029792,0.58,4.65,0.04,0.29,93.28,0,0,35-44,Prepaid_Monthly,Premium_Smartphone,4G,2026-04-09
SUB7389690,4.69,6.0,0.17,0.36,66.75,0,0,18-24,Postpaid_Premium,Premium_Smartphone,4G,2026-03-28
SUB7766174,2.14,1.27,3.18,0.41,126.21,0,1,45-54,Postpaid_Basic,Premium_Smartphone,5G,2026-03-19
SUB1751993,0.89,5.0,0.97,0.64,126.16,0,0,25-34,Postpaid_Basic,5G_Device,4G+,2026-04-07
SUB1828282,0.53,1.79,0.86,0.65,51.86,1,0,35-44,Postpaid_Unlimited,Mid_Range,4G,2026-03-20
SUB9860369,0.78,2.27,2.29,0.54,54.81,0,1,45-54,Postpaid_Unlimited,Mid_Range,5G,2026-04-12
SUB7615920,4.27,2.71,0.47,0.48,55.96,0,0,35-44,Postpaid_Premium,Mid_Range,4G,2026-04-03
SUB8313367,7.77,0.45,0.71,0.16,107.6,0,0,25-34,Prepaid_Daily,5G_Device,4G+,2026-04-12
SUB8359659,3.69,0.44,0.51,0.06,90.58,0,0,35-44,Prepaid_Monthly,Premium_Smartphone,5G,2026-04-07
SUB8663998,0.66,1.52,0.4,0.28,35.64,1,0,18-24,Prepaid_Monthly,Basic_Phone,4G,2026-03-22
SUB6465513,0.48,0.55,0.24,0.06,37.17,0,0,45-54,Prepaid_Monthly,Mid_Range,3G,2026-04-05
SUB1317942,0.59,0.74,0.78,0.09,99.25,0,0,18-24,Postpaid_Unlimited,Premium_Smartphone,5G,2026-04-01
SUB4894456,0.81,0.61,0.9,0.07,17.62,0,0,25-34,Postpaid_Unlimited,Basic_Phone,5G,2026-03-21
SUB1337462,3.4,6.0,1.39,1.44,134.68,1,0,18-24,Postpaid_Basic,Premium_Smartphone,5G,2026-04-06
SUB6609210,0.46,0.2,0.06,0.48,50.29,0,0,45-54,Prepaid_Daily,5G_Device,4G,2026-03-26
SUB4928207,0.06,0.4,0.02,0.28,35.85,0,0,35-44,Prepaid_Daily,Basic_Phone,5G,2026-03-23
SUB9810381,2.92,0.46,0.89,0.42,74.06,0,0,35-44,Prepaid_Monthly,Mid_Range,4G+,2026-04-17
SUB3430630,0.05,0.04,0.08,0.18,23.75,0,0,35-44,Prepaid_Daily,Basic_Phone,4G+,2026-03-28
SUB5563167,0.71,0.36,0.17,0.02,46.93,0,0,45-54,Postpaid_Basic,Mid_Range,4G,2026-04-02
SUB8463131,3.42,1.29,0.83,3.95,120.52,1,1,18-24,Postpaid_Basic,Premium_Smartphone,4G,2026-04-12
SUB3795126,0.06,0.74,0.06,0.86,5.0,0,0,35-44,Postpaid_Unlimited,Basic_Phone,4G,2026-03-19
SUB8614896,0.18,0.14,0.02,0.03,27.46,0,0,35-44,Prepaid_Daily,Mid_Range,4G,2026-04-05
SUB6562632,4.94,2.66,0.86,0.33,86.75,0,0,18-24,Prepaid_Monthly,Premium_Smartphone,5G,2026-04-01
SUB7398905,8.0,0.7,0.39,6.0,73.78,1,0,18-24,Postpaid_Unlimited,5G_Device,4G,2026-04-06
SUB6345708,4.99,1.64,0.12,0.89,69.06,0,1,25-34,Postpaid_Basic,Premium_Smartphone,4G,2026-04-11
SUB5266399,1.15,5.3,0.21,0.27,57.86,0,0,18-24,Prepaid_Daily,Mid_Range,4G+,2026-04-07
SUB3727364,0.23,0.61,0.33,0.15,32.57,1,0,25-34,Prepaid_Daily,Mid_Range,3G,2026-04-17
SUB9476201,2.41,6.0,2.24,0.13,104.65,1,0,18-24,Postpaid_Premium,Premium_Smartphone,4G+,2026-03-30
SUB6582266,2.98,1.13,0.11,0.64,28.28,0,0,35-44,Postpaid_Premium,Mid_Range,4G,2026-03-31
SUB1902473,0.14,3.65,0.08,4.97,40.61,0,1,18-24,Postpaid_Unlimited,Mid_Range,4G,2026-04-09
SUB1126202,0.55,0.36,0.82,0.06,92.72,0,0,25-34,Prepaid_Daily,Tablet,4G,2026-04-11
SUB9507150,0.26,0.2,0.03,0.01,35.95,0,0,55+,Postpaid_Premium,Basic_Phone,4G+,2026-03-22
SUB2417158,3.22,3.41,0.5,3.79,82.04,0,1,25-34,Postpaid_Premium,Mid_Range,4G+,2026-04-08
SUB2835932,0.47,6.0,1.35,0.11,92.41,0,0,25-34,Prepaid_Monthly,5G_Device,5G,2026-03-28
SUB3672762,3.78,2.21,0.47,1.54,38.57,1,0,35-44,Postpaid_Unlimited,Mid_Range,4G,2026-04-11
SUB4716434,0.17,1.24,0.59,0.31,20.51,1,0,18-24,Postpaid_Basic,Basic_Phone,4G,2026-03-25
SUB1455433,4.37,5.72,0.75,0.48,40.34,0,0,18-24,Postpaid_Unlimited,Mid_Range,4G,2026-03-28
SUB9478748,0.7,3.43,0.13,3.3,144.66,1,0,18-24,Postpaid_Unlimited,Premium_Smartphone,4G+,2026-04-04
SUB2515554,0.14,0.14,0.27,0.43,118.18,0,0,55+,Prepaid_Monthly,Tablet,4G+,2026-03-29
SUB2584645,2.5,0.96,0.76,0.1,145.13,0,0,35-44,Postpaid_Basic,Premium_Smartphone,5G,2026-04-13
SUB4230786,0.29,0.53,0.11,0.47,67.57,1,0,45-54,Prepaid_Monthly,Mid_Range,4G,2026-04-06
SUB5676103,7.23,1.57,0.05,0.11,49.62,0,0,55+,Postpaid_Premium,Mid_Range,4G,2026-04-02
SUB4416403,1.5,6.0,0.19,1.19,105.15,1,1,55+,Postpaid_Basic,Premium_Smartphone,4G,2026-04-07
SUB8639214,1.59,3.65,1.1,0.06,77.05,0,1,35-44,Postpaid_Premium,Premium_Smartphone,4G,2026-03-31
SUB8690115,0.99,1.51,0.44,0.66,79.62,1,0,35-44,Prepaid_Daily,Premium_Smartphone,4G,2026-04-17
SUB4621420,1.25,5.14,0.99,0.14,45.96,1,0,25-34,Postpaid_Premium,Premium_Smartphone,3G,2026-03-26
SUB4943439,2.28,2.22,0.67,1.16,83.23,0,1,18-24,Prepaid_Monthly,Tablet,4G,2026-03-22
SUB2251661,0.02,0.93,0.02,1.73,55.63,1,0,35-44,Prepaid_Monthly,Mid_Range,4G,2026-04-03
SUB2114100,0.83,3.64,0.36,0.0,70.72,0,1,35-44,Postpaid_Premium,Mid_Range,5G,2026-04-16
SUB8816184,1.04,0.13,0.04,0.13,46.85,0,0,55+,Prepaid_Daily,5G_Device,3G,2026-03-26
SUB2509390,0.8,0.78,0.04,0.48,57.48,0,0,25-34,Prepaid_Monthly,Mid_Range,4G,2026-04-16
SUB3007878,1.47,0.49,0.01,0.09,62.25,0,1,35-44,Prepaid_Monthly,Mid_Range,5G,2026-04-10
SUB5712037,0.31,0.62,0.13,0.81,81.72,0,0,35-44,Prepaid_Monthly,Premium_Smartphone,4G+,2026-04-04
SUB9704225,1.03,2.07,0.24,0.37,38.9,1,0,18-24,Prepaid_Monthly,Mid_Range,3G,2026-03-29
SUB8228840,8.0,2.04,4.0,0.15,87.43,1,1,35-44,Postpaid_Premium,Mid_Range,5G,2026-04-06
SUB2804053,1.27,1.49,4.0,1.15,74.94,0,1,25-34,Postpaid_Premium,5G_Device,3G,2026-04-15
SUB7281328,1.02,1.67,0.15,0.05,56.13,0,1,25-34,Prepaid_Monthly,Mid_Range,4G,2026-04-02
SUB5470756,1.88,0.92,0.0,0.64,69.8,0,1,25-34,Prepaid_Monthly,Mid_Range,4G,2026-03-27
SUB9480171,0.55,0.18,0.14,0.02,20.45,0,0,18-24,Prepaid_Monthly,Basic_Phone,4G,2026-04-01
SUB3827754,0.9,2.74,1.94,0.81,109.63,0,0,25-34,Postpaid_Premium,5G_Device,5G,2026-04-10
SUB5953799,0.2,0.26,0.7,0.13,61.97,0,0,35-44,Prepaid_Monthly,Mid_Range,4G+,2026-03-26
SUB9239115,2.53,2.72,0.86,1.27,128.7,1,0,25-34,Prepaid_Daily,5G_Device,4G,2026-03-25
SUB9351184,3.29,1.56,0.1,0.09,45.52,0,0,25-34,Prepaid_Daily,Mid_Range,4G,2026-03-21
SUB4739469,0.44,0.28,0.48,0.05,47.0,0,0,18-24,Prepaid_Monthly,Mid_Range,4G,2026-04-11
SUB9642979,0.4,1.28,0.75,0.25,105.94,0,0,18-24,Postpaid_Premium,Premium_Smartphone,4G,2026-04-02
SUB3199318,0.08,0.27,0.2,0.05,31.22,1,0,25-34,Prepaid_Daily,Mid_Range,4G,2026-04-16
SUB6257386,0.4,0.65,0.16,0.02,50.93,1,0,25-34,Prepaid_Monthly,Mid_Range,4G,2026-04-03
SUB4094510,1.1,0.61,0.05,0.91,86.46,0,0,35-44,Prepaid_Daily,Premium_Smartphone,4G,2026-04-10
SUB1420888,0.18,0.88,0.31,0.21,67.96,0,0,45-54,Postpaid_Unlimited,Mid_Range,5G,2026-04-07
SUB9295953,2.85,1.9,0.48,0.22,52.69,1,1,18-24,Postpaid_Premium,Tablet,3G,2026-04-12
SUB6570090,4.6,1.16,0.23,0.17,76.24,0,1,18-24,Prepaid_Monthly,Mid_Range,5G,2026-04-17
SUB1190285,7.21,1.26,1.12,6.0,118.62,1,1,25-34,Prepaid_Monthly,Premium_Smartphone,4G,2026-04-14
SUB4196699,3.88,6.0,1.68,0.42,134.97,0,1,25-34,Postpaid_Unlimited,5G_Device,5G,2026-04-10
SUB3211130,0.45,0.94,0.1,0.01,41.75,0,0,35-44,Prepaid_Daily,Mid_Range,4G,2026-03-24
SUB2207739,0.11,1.34,0.13,0.33,36.42,0,0,45-54,Postpaid_Unlimited,Mid_Range,3G,2026-04-03
SUB9176958,0.16,0.97,0.09,0.04,65.78,0,0,45-54,Prepaid_Monthly,Mid_Range,4G,2026-03-19
SUB4128411,0.33,1.17,0.86,0.55,168.98,1,0,18-24,Prepaid_Daily,Tablet,4G+,2026-03-25
SUB6130418,1.61,1.64,1.44,0.02,139.47,1,0,55+,Postpaid_Premium,Premium_Smartphone,5G,2026-03-26
SUB3716826,8.0,6.0,0.83,1.61,121.19,1,1,18-24,Postpaid_Basic,Premium_Smartphone,4G,2026-04-07
SUB2488543,0.48,1.76,0.41,1.9,44.06,0,1,35-44,Postpaid_Unlimited,Mid_Range,4G,2026-04-15
SUB6853294,0.06,3.1,0.01,0.24,14.51,0,0,35-44,Postpaid_Premium,Basic_Phone,3G,2026-04-03
SUB6929191,2.89,0.4,1.15,3.71,153.75,1,0,35-44,Prepaid_Monthly,Premium_Smartphone,5G,2026-04-14
SUB3702303,1.72,1.93,0.12,0.41,141.74,0,0,25-34,Postpaid_Premium,Tablet,5G,2026-04-07
SUB3437587,1.73,0.6,1.11,1.03,36.04,0,1,25-34,Postpaid_Premium,Mid_Range,4G,2026-04-13
SUB7417115,5.28,3.44,0.37,3.69,111.23,0,1,25-34,Postpaid_Basic,5G_Device,4G,2026-03-21
SUB6587757,4.93,0.67,1.6,2.04,85.06,0,1,18-24,Prepaid_Monthly,Mid_Range,5G,2026-03-19
SUB2111288,2.95,0.57,2.77,0.03,89.47,0,0,18-24,Prepaid_Monthly,5G_Device,4G,2026-04-15
SUB4298273,0.13,1.06,0.06,0.09,61.34,0,1,35-44,Prepaid_Monthly,Mid_Range,4G,2026-04-02
SUB8316359,4.82,2.55,0.97,0.07,64.79,0,0,25-34,Postpaid_Premium,Premium_Smartphone,4G,2026-04-06
SUB9992719,1.68,0.34,0.44,1.0,42.55,1,0,35-44,Prepaid_Monthly,5G_Device,3G,2026-04-10
SUB7323686,1.45,1.09,0.69,0.95,84.58,0,0,18-24,Prepaid_Monthly,Premium_Smartphone,4G,2026-03-19
SUB7594244,1.58,1.97,0.42,0.35,113.67,0,0,45-54,Postpaid_Premium,5G_Device,5G,2026-03-29
SUB1831635,2.65,0.78,0.13,0.1,49.27,0,0,18-24,Prepaid_Daily,Mid_Range,5G,2026-04-08
SUB2467217,1.1,1.03,0.12,1.08,125.69,0,0,45-54,Postpaid_Basic,Tablet,5G,2026-04-05
SUB3744686,8.0,1.91,0.64,1.3,90.11,1,0,25-34,Postpaid_Unlimited,5G_Device,4G+,2026-04-02
SUB4230545,3.39,0.35,0.25,0.33,73.74,1,1,25-34,Prepaid_Monthly,Mid_Range,4G,2026-04-15
SUB8578689,0.35,0.59,0.01,0.03,52.81,1,0,45-54,Prepaid_Monthly,Mid_Range,3G,2026-03-28
SUB8557065,2.35,1.15,0.69,0.55,60.35,0,1,25-34,Postpaid_Basic,5G_Device,3G,2026-03-19
SUB1231414,3.72,1.28,0.29,0.07,28.68,1,0,18-24,Postpaid_Premium,Basic_Phone,4G+,2026-03-29
SUB3402110,2.79,1.72,1.02,0.33,56.51,1,0,25-34,Postpaid_Basic,Premium_Smartphone,4G,2026-03-30
SUB2643083,1.12,3.33,0.07,2.6,102.84,1,0,18-24,Prepaid_Daily,Premium_Smartphone,5G,2026-03-24
SUB6050058,0.78,0.41,0.21,0.34,37.66,0,1,25-34,Prepaid_Daily,Basic_Phone,4G,2026-04-12
SUB1021650,8.0,3.29,0.3,0.32,105.06,0,1,25-34,Postpaid_Premium,5G_Device,4G,2026-04-07
SUB2404962,1.47,0.35,0.09,0.17,39.51,0,0,45-54,Prepaid_Monthly,Mid_Range,4G,2026-03-30
SUB4023846,0.83,3.58,1.29,0.02,65.69,0,0,35-44,Postpaid_Premium,Mid_Range,4G+,2026-03-24
SUB3913293,0.76,2.19,0.03,0.52,51.49,0,0,18-24,Postpaid_Basic,Premium_Smartphone,3G,2026-04-08
SUB9594859,0.42,0.85,1.73,0.23,119.92,0,0,45-54,Postpaid_Basic,Premium_Smartphone,4G+,2026-03-31
SUB7825687,6.15,3.5,0.37,0.56,124.27,1,0,25-34,Postpaid_Unlimited,5G_Device,4G,2026-04-04
SUB4844328,0.47,0.67,0.27,0.23,54.91,0,0,25-34,Prepaid_Daily,Premium_Smartphone,3G,2026-04-10
SUB8779008,0.96,2.08,0.29,0.24,26.89,1,0,25-34,Prepaid_Daily,Mid_Range,3G,2026-03-31
SUB7020010,1.14,2.29,0.31,0.04,116.96,0,0,35-44,Postpaid_Basic,Premium_Smartphone,4G+,2026-03-23
SUB8121782,0.72,0.48,0.28,0.07,55.81,0,0,25-34,Prepaid_Daily,5G_Device,3G,2026-03-26
SUB6172886,2.06,3.61,0.09,0.16,101.02,0,1,35-44,Postpaid_Basic,5G_Device,4G,2026-03-30
SUB5513207,8.0,6.0,0.1,1.48,74.93,0,0,18-24,Postpaid_Unlimited,Premium_Smartphone,4G,2026-04-02
SUB9050763,1.07,1.36,0.08,1.23,66.59,1,0,55+,Postpaid_Unlimited,Premium_Smartphone,3G,2026-04-04
SUB2724854,1.29,0.85,0.12,0.07,48.98,0,1,35-44,Postpaid_Basic,Mid_Range,4G,2026-04-15
SUB9771419,2.3,6.0,2.8,0.23,135.49,1,0,25-34,Postpaid_Unlimited,5G_Device,4G+,2026-04-13
SUB5695995,1.11,0.37,0.25,0.13,97.82,0,0,35-44,Prepaid_Daily,5G_Device,4G+,2026-03-25
SUB2008314,0.15,0.82,0.07,0.05,25.36,0,0,35-44,Postpaid_Basic,Basic_Phone,4G,2026-04-07
SUB5408608,0.64,1.17,1.38,0.12,166.19,1,0,18-24,Prepaid_Monthly,Premium_Smartphone,4G+,2026-04-16
SUB3493330,5.33,2.13,0.16,0.15,95.48,0,0,18-24,Prepaid_Monthly,Premium_Smartphone,4G,2026-04-09
SUB7730419,1.32,0.31,0.45,0.0,33.83,0,0,18-24,Prepaid_Daily,Mid_Range,4G,2026-03-20
SUB7605949,8.0,2.78,1.54,0.1,200.0,1,1,45-54,Postpaid_Unlimited,Premium_Smartphone,5G,2026-04-13
SUB5396208,0.09,1.13,0.56,2.11,35.49,0,0,35-44,Postpaid_Premium,Mid_Range,4G,2026-04-04
SUB1711716,3.94,1.17,3.76,0.8,99.03,0,0,25-34,Postpaid_Premium,Premium_Smartphone,4G+,2026-04-14
SUB3767257,2.97,0.68,0.37,0.15,58.09,0,1,18-24,Prepaid_Daily,Mid_Range,5G,2026-03-26
SUB8542242,1.66,1.97,0.29,0.03,37.92,0,1,25-34,Prepaid_Monthly,Mid_Range,3G,2026-04-02
SUB8359055,0.35,4.92,0.02,0.02,11.31,0,1,25-34,Postpaid_Unlimited,Basic_Phone,4G,2026-04-06
SUB2699660,2.81,1.89,1.19,0.05,75.04,0,0,35-44,Postpaid_Basic,Premium_Smartphone,4G,2026-04-03
SUB7110845,0.9,0.98,0.13,0.02,70.11,1,0,55+,Postpaid_Basic,Mid_Range,4G,2026-03-26
SUB1345430,0.46,1.38,1.47,0.19,96.37,0,0,25-34,Postpaid_Unlimited,5G_Device,4G,2026-04-15
SUB2857845,0.65,0.39,0.11,0.08,24.22,0,0,25-34,Postpaid_Basic,Basic_Phone,4G,2026-03-31
SUB3505365,1.21,4.86,2.39,0.17,89.27,0,1,25-34,Postpaid_Basic,5G_Device,4G,2026-04-11
SUB7312379,1.39,2.87,0.34,0.27,86.58,0,0,45-54,Prepaid_Monthly,Premium_Smartphone,5G,2026-03-25
SUB9135340,3.8,0.43,1.06,0.27,110.79,0,0,18-24,Prepaid_Monthly,5G_Device,4G+,2026-03-20
SUB1847405,0.38,0.51,0.09,0.24,21.24,0,0,25-34,Postpaid_Premium,Mid_Range,3G,2026-04-05
SUB1233462,0.74,1.22,0.38,0.01,51.05,0,1,35-44,Prepaid_Monthly,Mid_Range,4G,2026-04-10
SUB7342869,0.35,1.8,0.15,2.62,121.0,0,0,18-24,Postpaid_Basic,Premium_Smartphone,5G,2026-03-22
SUB3986068,0.3,2.62,0.69,0.08,48.43,0,0,25-34,Prepaid_Monthly,Premium_Smartphone,3G,2026-03-22
SUB2968921,1.05,0.54,0.41,0.04,64.2,1,0,35-44,Prepaid_Daily,Mid_Range,4G+,2026-03-21
SUB4401447,1.81,0.43,0.0,0.13,36.94,1,0,18-24,Postpaid_Basic,Basic_Phone,4G,2026-03-21
SUB6515328,1.25,2.22,0.23,0.04,101.19,0,1,25-34,Prepaid_Monthly,Mid_Range,5G,2026-04-11
SUB9798834,1.24,1.38,3.42,0.68,107.99,0,1,25-34,Postpaid_Unlimited,Mid_Range,5G,2026-04-14
SUB6369919,0.81,1.42,0.14,0.01,41.77,0,1,25-34,Prepaid_Monthly,Mid_Range,4G,2026-03-23
SUB2764694,3.82,6.0,1.01,0.12,165.03,1,1,18-24,Postpaid_Basic,Premium_Smartphone,4G+,2026-03-31
SUB7471530,1.2,0.12,0.01,0.01,144.59,1,0,55+,Prepaid_Monthly,Premium_Smartphone,4G+,2026-04-06
SUB2807254,1.86,2.22,1.44,0.15,133.45,1,0,18-24,Prepaid_Monthly,Tablet,4G+,2026-03-26
SUB6002828,0.21,1.1,0.84,0.24,66.88,0,0,35-44,Prepaid_Monthly,Mid_Range,5G,2026-04-14
SUB1131562,1.48,2.84,0.86,0.99,90.64,0,0,18-24,Postpaid_Unlimited,Premium_Smartphone,4G,2026-04-15
SUB6904214,0.81,0.83,0.61,0.06,35.88,0,0,25-34,Prepaid_Monthly,Mid_Range,4G+,2026-03-27
SUB7933966,1.65,3.87,1.16,0.26,94.21,0,1,18-24,Postpaid_Premium,Mid_Range,5G,2026-03-26
SUB6590240,1.02,0.51,0.34,0.06,62.68,0,0,18-24,Prepaid_Daily,Premium_Smartphone,4G,2026-03-27
SUB9358827,2.07,1.51,0.16,0.37,92.15,0,0,18-24,Prepaid_Daily,5G_Device,4G+,2026-04-12
SUB1360306,0.31,5.43,0.65,2.47,115.17,0,0,25-34,Postpaid_Premium,Tablet,5G,2026-04-01
SUB8565991,1.2,4.54,3.35,2.92,69.52,0,1,25-34,Postpaid_Basic,5G_Device,4G,2026-04-17
SUB3724274,0.57,1.46,1.36,0.13,48.36,0,0,18-24,Postpaid_Basic,Mid_Range,4G,2026-04-06
SUB2594502,0.59,0.5,0.02,0.07,63.94,0,1,55+,Prepaid_Monthly,Mid_Range,4G+,2026-04-02
SUB2488303,2.68,0.7,0.23,0.09,75.77,0,0,25-34,Prepaid_Daily,5G_Device,4G,2026-04-15
SUB6982547,1.45,1.34,0.39,0.3,65.3,0,0,25-34,Postpaid_Basic,Premium_Smartphone,3G,2026-04-09
SUB1518490,1.52,2.35,1.69,0.23,42.23,0,0,18-24,Postpaid_Unlimited,Mid_Range,4G,2026-04-08
SUB5229228,0.9,0.91,0.03,0.5,68.98,0,0,25-34,Prepaid_Daily,Premium_Smartphone,4G+,2026-03-20
SUB2903124,7.99,1.53,0.21,0.01,84.41,1,0,45-54,Postpaid_Unlimited,5G_Device,4G,2026-04-17
SUB3792537,0.56,2.7,0.5,4.23,161.88,1,0,25-34,Prepaid_Monthly,5G_Device,5G,2026-03-20
SUB7254887,1.03,1.7,0.2,0.02,72.76,0,1,25-34,Postpaid_Basic,Premium_Smartphone,3G,2026-03-27
SUB4147887,2.4,0.61,0.51,0.14,123.18,0,0,18-24,Prepaid_Daily,Tablet,5G,2026-04-14
SUB7864684,0.17,0.09,0.56,0.03,58.03,0,1,45-54,Prepaid_Monthly,5G_Device,3G,2026-03-24
SUB2587542,0.39,0.2,0.16,0.07,17.16,0,0,18-24,Prepaid_Daily,Basic_Phone,4G,2026-04-15
SUB4862163,0.25,0.76,0.16,0.06,46.87,0,0,25-34,Prepaid_Daily,Mid_Range,4G,2026-04-14
SUB8745269,0.49,1.24,1.96,1.42,103.41,0,0,18-24,Postpaid_Unlimited,Premium_Smartphone,4G+,2026-04-10
SUB5856436,1.07,0.25,0.12,1.23,37.83,1,0,25-34,Postpaid_Premium,Mid_Range,3G,2026-04-16
SUB8056784,8.0,5.93,0.79,0.04,102.59,1,1,18-24,Postpaid_Premium,5G_Device,3G,2026-04-07
SUB9543144,0.57,0.37,0.15,0.0,48.05,0,0,45-54,Prepaid_Daily,5G_Device,3G,2026-03-20
SUB7234408,0.97,2.07,0.76,0.04,55.33,1,0,35-44,Postpaid_Unlimited,Mid_Range,4G,2026-04-16
SUB1624773,1.1,1.37,0.62,0.01,82.62,1,0,35-44,Postpaid_Basic,5G_Device,4G,2026-03-25
SUB8581002,8.0,2.55,4.0,2.67,190.2,1,1,18-24,Postpaid_Unlimited,Premium_Smartphone,5G,2026-03-26
SUB3017528,0.08,0.58,0.14,0.21,59.59,0,0,25-34,Prepaid_Daily,Mid_Range,4G,2026-04-17
SUB2678332,0.19,2.43,0.09,5.57,100.62,0,0,25-34,Prepaid_Monthly,5G_Device,5G,2026-04-16
SUB2002021,2.71,0.48,3.18,0.41,89.4,0,1,35-44,Postpaid_Unlimited,Premium_Smartphone,4G,2026-03-27
SUB7292357,5.56,4.12,0.49,1.6,175.7,1,1,18-24,Prepaid_Monthly,Premium_Smartphone,4G+,2026-04-14
SUB3185132,0.02,0.26,0.05,0.0,31.45,0,0,55+,Postpaid_Unlimited,Basic_Phone,3G,2026-04-02
SUB1292007,3.57,1.23,1.0,0.11,102.11,0,0,25-34,Prepaid_Monthly,Premium_Smartphone,4G+,2026-04-04
SUB7778519,0.16,1.05,0.3,0.72,91.85,0,1,55+,Postpaid_Basic,Mid_Range,5G,2026-04-13
SUB3928785,8.0,0.66,0.42,0.06,86.9,0,0,18-24,Postpaid_Unlimited,Premium_Smartphone,4G,2026-04-06
SUB5791164,1.63,6.0,1.3,0.01,44.77,0,0,18-24,Postpaid_Basic,Mid_Range,4G,2026-04-16
SUB2612119,3.98,2.44,1.67,3.59,117.84,0,0,18-24,Postpaid_Premium,Premium_Smartphone,4G+,2026-03-29
SUB8927532,0.16,1.03,0.01,0.02,72.94,0,1,45-54,Prepaid_Monthly,Mid_Range,4G,2026-04-03
SUB9776381,0.14,0.37,0.48,0.34,35.68,0,0,25-34,Prepaid_Daily,Mid_Range,4G,2026-04-16
SUB7277120,0.17,0.39,0.19,0.03,63.46,0,0,45-54,Prepaid_Monthly,Mid_Range,4G,2026-03-20
SUB5216803,0.39,0.3,0.42,0.09,116.21,0,0,45-54,Postpaid_Basic,5G_Device,4G+,2026-04-03
SUB3583677,0.11,0.93,0.02,0.27,14.62,1,0,35-44,Postpaid_Premium,Basic_Phone,4G+,2026-03-27
SUB1143704,0.73,0.22,0.01,0.38,60.96,0,0,35-44,Prepaid_Monthly,Premium_Smartphone,4G,2026-04-11
SUB9454364,0.61,0.48,0.24,0.11,19.89,0,0,35-44,Postpaid_Basic,Basic_Phone,4G,2026-03-31
SUB7731666,3.83,4.39,0.03,1.45,153.65,1,0,35-44,Postpaid_Premium,Premium_Smartphone,5G,2026-04-12
SUB8891784,6.86,2.41,0.83,2.36,130.56,1,0,25-34,Prepaid_Monthly,5G_Device,4G+,2026-04-06
SUB8775872,0.59,1.19,0.09,0.11,66.78,0,1,35-44,Postpaid_Unlimited,Mid_Range,4G,2026-03-21
SUB5714386,2.55,1.75,1.14,0.12,36.79,0,0,45-54,Postpaid_Unlimited,Mid_Range,4G,2026-04-06
SUB3396640,0.12,3.23,0.15,0.1,49.76,0,0,25-34,Prepaid_Daily,Mid_Range,4G,2026-04-11
SUB7375247,0.33,0.97,0.08,0.34,91.92,0,1,55+,Prepaid_Daily,Premium_Smartphone,4G,2026-03-25
SUB7994791,1.05,0.99,0.27,0.3,60.52,0,0,18-24,Prepaid_Daily,Mid_Range,4G+,2026-04-07
SUB4278262,2.09,5.08,1.84,2.63,115.83,0,0,25-34,Postpaid_Premium,Premium_Smartphone,5G,2026-04-12
SUB9246673,0.23,3.8,0.64,0.2,57.49,1,1,18-24,Prepaid_Daily,Mid_Range,3G,2026-04-09
SUB8421473,2.04,5.52,0.1,0.92,83.32,0,0,18-24,Postpaid_Premium,Premium_Smartphone,4G+,2026-04-09
SUB2916796,0.23,6.0,2.72,0.28,109.35,0,0,45-54,Prepaid_Monthly,Premium_Smartphone,4G+,2026-04-04
SUB2286188,0.09,0.35,0.01,0.04,8.82,0,0,55+,Postpaid_Premium,Basic_Phone,4G,2026-03-29
SUB9822405,1.01,0.4,1.01,0.27,106.02,0,1,45-54,Postpaid_Premium,5G_Device,5G,2026-04-06
SUB4085945,0.62,1.5,0.33,0.2,54.74,0,1,55+,Postpaid_Unlimited,5G_Device,3G,2026-04-03
SUB5168773,3.43,0.68,0.34,0.07,21.25,0,0,18-24,Prepaid_Monthly,Mid_Range,3G,2026-04-01
SUB7637034,3.05,2.89,0.29,2.32,55.8,0,0,18-24,Prepaid_Monthly,5G_Device,4G,2026-04-14
SUB8948838,0.16,1.24,0.15,0.02,50.15,1,0,25-34,Prepaid_Daily,Mid_Range,3G,2026-04-17
SUB2784094,1.47,0.36,0.16,0.45,82.32,0,0,45-54,Prepaid_Monthly,Premium_Smartphone,4G+,2026-03-31
SUB1239608,0.49,1.2,0.41,0.3,55.56,0,0,18-24,Postpaid_Basic,Mid_Range,4G+,2026-04-02
SUB4662097,1.19,0.36,0.36,0.35,57.41,1,0,55+,Postpaid_Unlimited,5G_Device,3G,2026-03-25
SUB9737723,1.29,1.19,0.01,0.02,24.11,0,0,35-44,Postpaid_Premium,Mid_Range,3G,2026-04-06
SUB9054515,0.15,0.32,0.03,0.0,79.67,0,0,55+,Prepaid_Daily,5G_Device,4G,2026-04-05
SUB5297084,7.96,3.68,1.3,0.01,83.43,0,0,25-34,Postpaid_Premium,5G_Device,4G+,2026-03-27
SUB4146243,0.19,1.29,0.04,0.03,39.72,0,0,25-34,Prepaid_Daily,Mid_Range,5G,2026-04-08
SUB5042942,0.41,1.02,0.16,0.06,110.18,1,0,45-54,Prepaid_Daily,Mid_Range,5G,2026-03-24
SUB1853159,1.74,0.24,0.3,0.92,93.64,0,0,45-54,Postpaid_Premium,5G_Device,5G,2026-03-30
SUB4898888,2.68,0.49,0.13,0.39,57.05,1,0,18-24,Postpaid_Unlimited,Mid_Range,4G,2026-04-08
SUB1895596,0.12,0.74,0.19,0.01,79.57,0,0,55+,Prepaid_Daily,5G_Device,4G,2026-03-31
SUB8648392,1.08,5.82,0.97,3.44,119.53,0,1,45-54,Postpaid_Premium,5G_Device,4G,2026-04-07
SUB3431129,3.64,2.16,0.06,3.46,130.77,0,0,18-24,Postpaid_Unlimited,Premium_Smartphone,5G,2026-03-31
SUB2600720,6.18,0.89,1.25,0.42,178.0,1,1,18-24,Prepaid_Daily,Premium_Smartphone,5G,2026-03-22
SUB3605327,0.76,1.09,0.07,0.74,61.25,0,0,25-34,Prepaid_Monthly,Mid_Range,4G,2026-04-09
SUB4219598,4.15,2.45,4.0,0.44,71.15,0,1,25-34,Postpaid_Premium,5G_Device,4G,2026-04-10
SUB7184546,0.07,0.55,0.12,0.16,37.74,0,0,35-44,Postpaid_Premium,Basic_Phone,5G,2026-04-15
SUB7387958,0.52,1.7,0.22,0.17,71.77,0,1,18-24,Prepaid_Monthly,Mid_Range,4G,2026-04-14
SUB9979219,0.33,0.14,0.24,0.01,31.29,0,0,35-44,Prepaid_Daily,Mid_Range,3G,2026-03-22
SUB9817164,1.36,2.88,0.05,0.36,113.13,1,0,35-44,Postpaid_Basic,Tablet,4G,2026-04-03
SUB4675049,0.15,1.64,0.35,0.35,45.45,0,0,18-24,Postpaid_Premium,Mid_Range,4G,2026-04-16
SUB7626924,0.23,2.79,2.15,1.75,143.84,1,0,25-34,Postpaid_Basic,5G_Device,5G,2026-04-10
SUB7045001,0.48,1.38,0.07,0.03,33.12,0,0,18-24,Prepaid_Daily,Premium_Smartphone,3G,2026-04-13
SUB6876924,1.66,1.18,0.09,0.25,23.7,0,0,18-24,Postpaid_Premium,Basic_Phone,4G+,2026-04-01
SUB9868958,0.56,0.73,1.22,0.01,49.4,0,0,35-44,Postpaid_Basic,Premium_Smartphone,3G,2026-04-07
SUB1496232,0.18,2.14,0.16,0.15,41.61,0,0,55+,Postpaid_Unlimited,Mid_Range,4G,2026-04-17
SUB4634183,1.43,3.51,0.83,0.84,45.03,0,0,18-24,Postpaid_Unlimited,Mid_Range,4G+,2026-03-19
SUB8602242,1.47,2.28,1.85,0.38,88.78,0,1,25-34,Postpaid_Premium,5G_Device,3G,2026-04-12
SUB3628973,1.63,1.32,0.15,0.14,69.13,1,1,25-34,Postpaid_Unlimited,Mid_Range,4G,2026-03-24
SUB4912669,1.95,0.58,0.07,0.02,71.74,1,0,25-34,Postpaid_Unlimited,Mid_Range,4G,2026-03-25
SUB4991818,3.18,3.85,1.03,0.05,87.41,1,1,25-34,Postpaid_Basic,Mid_Range,4G,2026-04-13
SUB9164962,3.16,3.0,0.52,1.64,102.22,0,0,35-44,Postpaid_Premium,Premium_Smartphone,5G,2026-04-01
SUB4779044,4.88,0.7,0.17,1.39,54.63,0,0,18-24,Postpaid_Premium,5G_Device,4G,2026-04-12
SUB7041084,0.13,0.24,0.17,0.03,39.73,1,0,55+,Postpaid_Basic,Mid_Range,3G,2026-04-02
SUB6070121,1.37,0.72,0.97,0.53,50.56,0,0,18-24,Prepaid_Daily,Mid_Range,4G+,2026-04-07
SUB1250231,0.31,2.7,0.12,0.04,79.07,0,1,45-54,Prepaid_Monthly,Mid_Range,5G,2026-04-16
SUB5735524,0.36,0.3,0.04,0.08,25.51,0,0,45-54,Prepaid_Daily,Mid_Range,3G,2026-03-19
SUB4372105,1.63,1.35,0.4,0.01,88.52,1,0,25-34,Prepaid_Monthly,Premium_Smartphone,4G,2026-04-16
SUB7741499,0.31,0.29,0.17,0.08,15.51,0,1,18-24,Prepaid_Daily,Basic_Phone,3G,2026-03-27
SUB1978935,1.38,5.95,0.58,1.56,77.6,1,0,35-44,Postpaid_Unlimited,5G_Device,3G,2026-04-02
SUB6267528,3.6,0.97,0.09,0.47,64.2,1,0,35-44,Postpaid_Basic,5G_Device,3G,2026-04-07
SUB3130118,0.94,0.96,0.23,0.33,134.46,1,0,45-54,Prepaid_Daily,5G_Device,5G,2026-04-17
SUB1420993,0.39,0.5,0.14,0.3,23.35,0,0,35-44,Postpaid_Basic,Basic_Phone,4G,2026-04-13
SUB4401461,1.62,2.29,0.88,0.13,166.27,1,0,25-34,Prepaid_Daily,Premium_Smartphone,5G,2026-04-15
SUB3260791,2.69,3.99,0.35,1.36,134.8,0,1,45-54,Postpaid_Premium,5G_Device,4G,2026-04-02
SUB9634939,1.71,0.46,0.05,0.33,79.13,0,0,55+,Prepaid_Monthly,Mid_Range,5G,2026-04-11
SUB5601318,0.35,0.68,0.59,0.21,51.34,0,0,35-44,Prepaid_Monthly,5G_Device,3G,2026-04-09
SUB8274324,2.21,1.73,2.14,1.26,147.78,0,0,45-54,Postpaid_Unlimited,5G_Device,5G,2026-03-26
SUB5080790,2.01,0.55,0.27,0.39,50.42,0,1,35-44,Postpaid_Basic,Mid_Range,4G,2026-04-12
SUB3752690,1.82,4.3,1.25,0.39,94.98,0,0,35-44,Postpaid_Unlimited,Premium_Smartphone,4G,2026-04-06
SUB2003510,0.6,0.55,0.01,0.11,17.08,0,0,35-44,Prepaid_Monthly,Basic_Phone,5G,2026-04-07
SUB2071192,1.27,1.4,0.09,0.53,70.65,1,1,35-44,Prepaid_Monthly,Mid_Range,3G,2026-04-14
SUB4415473,0.15,1.29,1.08,0.01,67.38,0,0,25-34,Postpaid_Basic,5G_Device,4G+,2026-04-06
SUB2860371,0.46,0.47,0.97,0.19,104.42,0,1,35-44,Prepaid_Daily,Tablet,5G,2026-04-17
SUB8778512,1.13,1.68,0.27,0.58,66.89,0,0,35-44,Prepaid_Daily,5G_Device,4G,2026-04-02
SUB2571480,0.36,0.42,0.03,0.02,36.57,0,1,25-34,Prepaid_Monthly,Basic_Phone,4G+,2026-03-21
SUB4615590,2.52,1.39,0.19,0.33,50.82,0,0,25-34,Postpaid_Premium,5G_Device,4G,2026-04-08
SUB3360901,0.43,1.39,0.15,1.09,63.79,0,0,45-54,Postpaid_Premium,5G_Device,4G,2026-04-02
SUB8238225,0.46,2.99,0.58,0.11,111.92,0,1,35-44,Prepaid_Daily,5G_Device,4G+,2026-04-12
SUB3952053,0.35,1.19,3.43,2.77,71.98,0,0,18-24,Prepaid_Monthly,5G_Device,4G+,2026-04-09
SUB4291987,1.25,2.19,0.03,0.06,77.9,0,0,45-54,Postpaid_Unlimited,Premium_Smartphone,4G,2026-04-06
SUB8541714,0.29,0.18,0.35,0.15,45.72,0,0,45-54,Prepaid_Daily,Mid_Range,5G,2026-03-31
SUB5263272,0.1,0.38,0.25,0.01,20.16,0,0,25-34,Postpaid_Basic,Basic_Phone,4G,2026-04-09
SUB9973326,0.57,0.18,0.08,0.53,17.01,0,0,18-24,Postpaid_Basic,Basic_Phone,5G,2026-04-01
SUB6492952,1.19,3.98,0.17,0.16,42.47,0,0,55+,Postpaid_Premium,Premium_Smartphone,3G,2026-03-21
SUB7297042,0.22,0.29,0.04,0.02,39.64,0,0,45-54,Prepaid_Monthly,Mid_Range,4G,2026-03-23
SUB5052579,2.64,0.54,0.36,0.71,51.32,0,0,18-24,Postpaid_Unlimited,Premium_Smartphone,3G,2026-03-31
SUB8200262,1.75,0.5,0.36,0.03,48.32,1,0,18-24,Prepaid_Monthly,Mid_Range,4G,2026-04-08
SUB4884175,3.09,5.76,0.05,2.38,119.71,0,1,25-34,Prepaid_Monthly,Tablet,5G,2026-04-09
SUB8725166,2.64,0.38,0.19,0.01,46.5,0,1,35-44,Prepaid_Monthly,Mid_Range,4G,2026-04-01
SUB8689205,1.5,1.49,0.04,2.38,95.46,0,1,18-24,Prepaid_Monthly,Mid_Range,5G,2026-03-23
SUB2609425,0.71,0.31,0.25,0.65,59.54,0,1,25-34,Prepaid_Daily,Mid_Range,4G,2026-03-25
SUB3303707,0.15,1.42,0.67,0.23,26.16,1,0,25-34,Postpaid_Unlimited,Basic_Phone,4G,2026-03-31
SUB1998899,0.77,1.59,0.32,0.15,74.94,1,0,45-54,Prepaid_Daily,Premium_Smartphone,4G,2026-03-28
SUB6462610,0.8,1.58,1.38,0.27,48.63,1,0,25-34,Postpaid_Unlimited,Premium_Smartphone,3G,2026-03-31
SUB3098729,1.06,2.05,0.68,0.05,59.07,0,0,25-34,Prepaid_Monthly,Premium_Smartphone,4G,2026-04-10
SUB8237310,0.39,0.3,0.0,0.08,104.75,0,0,55+,Prepaid_Monthly,5G_Device,4G,2026-03-20
SUB2820844,0.1,0.86,0.19,0.06,24.0,0,0,25-34,Prepaid_Daily,Mid_Range,3G,2026-03-24
SUB1951302,3.42,2.32,0.79,0.0,68.65,0,0,25-34,Postpaid_Basic,5G_Device,4G,2026-04-14
SUB8568538,1.13,0.3,0.03,0.71,124.94,0,0,45-54,Postpaid_Premium,5G_Device,5G,2026-04-08
SUB2120803,1.87,5.47,4.0,0.6,95.81,1,0,25-34,Postpaid_Unlimited,5G_Device,4G,2026-04-03
SUB8139845,2.85,0.28,0.43,0.03,75.27,0,0,45-54,Postpaid_Premium,Mid_Range,5G,2026-04-10
SUB8587973,0.86,1.18,0.14,0.56,44.45,0,0,18-24,Postpaid_Basic,Mid_Range,4G,2026-03-20
SUB1150653,3.84,0.83,2.06,0.61,92.24,0,1,18-24,Prepaid_Daily,Premium_Smartphone,5G,2026-03-28
SUB3488144,2.07,0.63,0.19,0.04,65.54,1,0,55+,Postpaid_Unlimited,Mid_Range,4G,2026-04-08
SUB6962413,0.3,1.46,0.41,0.19,21.19,0,0,25-34,Postpaid_Unlimited,Basic_Phone,4G,2026-04-14
SUB6127319,1.29,0.47,0.43,0.84,107.45,0,1,35-44,Prepaid_Monthly,Mid_Range,5G,2026-03-23
SUB4483978,3.36,1.25,0.83,0.04,59.88,0,0,18-24,Prepaid_Daily,Premium_Smartphone,3G,2026-04-14
SUB6942654,1.63,1.14,0.22,0.63,49.95,0,0,18-24,Postpaid_Premium,Mid_Range,4G,2026-03-24
SUB6839741,2.12,0.38,1.09,0.06,74.94,0,0,45-54,Postpaid_Premium,5G_Device,4G,2026-04-09
SUB6088539,0.9,1.67,1.19,0.74,119.15,0,1,25-34,Postpaid_Basic,Premium_Smartphone,4G+,2026-04-15
SUB7935426,0.65,1.02,1.02,1.15,36.56,0,1,25-34,Prepaid_Monthly,Mid_Range,3G,2026-03-19
SUB6780554,4.03,6.0,4.0,0.02,46.51,1,0,18-24,Postpaid_Unlimited,5G_Device,3G,2026-04-09
SUB9774821,2.02,0.37,0.24,1.0,113.04,0,1,25-34,Prepaid_Daily,5G_Device,4G,2026-03-21
SUB6297340,1.08,0.48,0.02,0.04,54.73,0,0,45-54,Prepaid_Monthly,Mid_Range,4G,2026-04-11
SUB3496589,0.5,1.99,0.04,0.04,102.93,0,1,45-54,Prepaid_Daily,Mid_Range,5G,2026-04-06
SUB1416690,3.61,1.15,0.22,0.07,77.95,1,0,35-44,Prepaid_Daily,Mid_Range,4G+,2026-03-29
SUB3996244,1.4,2.88,0.03,0.02,35.3,0,0,35-44,Postpaid_Unlimited,5G_Device,3G,2026-04-05
SUB6359462,0.34,3.56,0.16,0.17,33.76,0,1,25-34,Postpaid_Basic,Mid_Range,3G,2026-03-28
SUB8838941,3.51,6.0,3.34,0.91,94.72,0,1,25-34,Postpaid_Premium,5G_Device,4G+,2026-03-24
SUB1678066,1.11,2.65,0.02,0.82,72.5,0,1,35-44,Postpaid_Basic,Premium_Smartphone,3G,2026-03-21
SUB2877779,5.23,2.51,0.39,0.78,92.42,0,0,18-24,Postpaid_Premium,Premium_Smartphone,4G,2026-04-07
SUB2625199,1.27,4.0,0.23,2.74,71.21,0,1,18-24,Postpaid_Basic,Mid_Range,4G,2026-04-06
SUB2801951,0.36,0.53,0.03,0.03,61.34,1,0,55+,Prepaid_Daily,Mid_Range,4G,2026-04-09
SUB9441557,0.34,0.86,0.06,0.28,36.67,1,1,18-24,Postpaid_Unlimited,Basic_Phone,4G,2026-04-03
SUB9228736,0.35,0.1,0.61,0.42,49.96,0,0,18-24,Prepaid_Daily,Mid_Range,4G,2026-04-14
SUB1789148,0.37,0.1,0.14,0.05,90.32,0,0,35-44,Postpaid_Basic,Premium_Smartphone,5G,2026-04-03
SUB9340791,0.6,2.28,0.1,1.66,121.08,0,0,35-44,Postpaid_Basic,5G_Device,5G,2026-04-13
SUB9372602,0.92,1.08,1.45,0.3,81.46,0,1,25-34,Prepaid_Daily,5G_Device,4G,2026-03-23
SUB8008642,1.09,0.3,0.12,0.06,42.17,1,0,25-34,Prepaid_Daily,Basic_Phone,4G+,2026-03-30
SUB4821301,0.32,0.42,0.48,0.08,86.47,0,0,55+,Postpaid_Premium,Mid_Range,5G,2026-04-01
SUB2308166,1.22,5.09,0.03,0.51,92.21,0,0,35-44,Prepaid_Monthly,5G_Device,4G,2026-03-24
SUB7192357,2.98,1.6,0.05,0.47,87.09,0,1,45-54,Prepaid_Monthly,5G_Device,4G,2026-03-23
SUB3511019,0.08,0.19,0.05,0.96,66.55,1,1,18-24,Postpaid_Basic,Basic_Phone,5G,2026-03-22
SUB2330728,5.46,1.84,0.0,2.25,103.77,1,0,18-24,Prepaid_Monthly,Premium_Smartphone,4G+,2026-04-16
SUB2029242,1.11,1.36,1.36,0.08,52.16,0,1,25-34,Postpaid_Premium,Mid_Range,4G,2026-03-30
SUB3167626,2.38,0.99,0.12,1.06,102.72,1,1,18-24,Postpaid_Unlimited,Mid_Range,4G,2026-04-15
SUB4708201,0.46,0.93,0.59,0.06,80.85,0,0,18-24,Prepaid_Daily,Premium_Smartphone,4G,2026-04-10
SUB9738676,0.13,1.89,0.74,0.79,145.85,0,0,18-24,Postpaid_Basic,5G_Device,5G,2026-04-04
SUB8283377,0.92,1.3,1.03,0.01,44.31,0,0,25-34,Prepaid_Monthly,Mid_Range,4G,2026-03-27
SUB8017955,0.57,0.6,1.38,0.02,102.31,1,0,35-44,Postpaid_Basic,Premium_Smartphone,4G,2026-03-27
SUB3738384,2.42,0.26,0.05,0.2,112.98,0,0,45-54,Postpaid_Basic,Premium_Smartphone,5G,2026-03-20
SUB1404911,3.17,1.92,0.58,0.01,59.62,0,0,18-24,Prepaid_Monthly,Premium_Smartphone,4G,2026-03-29
SUB3508164,0.06,0.33,0.24,0.06,50.84,0,0,25-34,Prepaid_Daily,Premium_Smartphone,3G,2026-04-01
SUB4319343,0.2,0.11,0.05,0.5,29.27,0,0,18-24,Postpaid_Basic,Basic_Phone,4G+,2026-03-20
SUB7174943,0.84,0.41,0.01,0.0,14.74,0,0,25-34,Prepaid_Daily,Basic_Phone,3G,2026-04-09
SUB2169070,0.98,0.56,0.21,0.09,48.38,0,1,25-34,Prepaid_Daily,Premium_Smartphone,3G,2026-03-25
SUB1171277,3.54,4.49,1.48,5.07,168.03,1,0,25-34,Postpaid_Unlimited,Premium_Smartphone,5G,2026-04-07
SUB8351548,0.35,0.32,0.01,0.01,22.95,1,0,45-54,Prepaid_Monthly,Basic_Phone,4G,2026-04-11
SUB2361212,1.65,0.53,0.26,0.18,86.28,0,0,45-54,Postpaid_Basic,Premium_Smartphone,4G,2026-04-08
SUB6880926,1.58,1.08,0.11,0.1,86.32,0,0,35-44,Prepaid_Monthly,5G_Device,5G,2026-04-07
SUB2603344,1.15,0.97,0.25,0.16,49.8,0,0,45-54,Postpaid_Unlimited,Premium_Smartphone,3G,2026-04-08
SUB7562865,1.67,2.93,0.18,0.23,90.67,1,1,35-44,Prepaid_Monthly,Premium_Smartphone,4G,2026-03-27
SUB7929909,0.29,0.3,0.07,0.18,59.83,0,0,45-54,Prepaid_Monthly,Premium_Smartphone,3G,2026-03-27
SUB9113649,0.37,0.94,1.0,0.17,58.45,0,0,35-44,Postpaid_Basic,Mid_Range,4G,2026-04-06
SUB2381710,4.34,1.51,0.91,0.25,83.78,0,0,25-34,Postpaid_Unlimited,Premium_Smartphone,4G+,2026-03-24
SUB3591822,0.93,2.54,0.74,0.04,54.95,1,1,35-44,Postpaid_Premium,Mid_Range,4G+,2026-04-16
SUB3057797,1.64,1.61,0.75,0.67,87.68,0,0,18-24,Prepaid_Monthly,Premium_Smartphone,4G,2026-04-16
SUB5415239,2.35,2.58,0.73,0.07,77.31,0,0,35-44,Postpaid_Premium,Premium_Smartphone,4G,2026-04-09
SUB4101373,0.56,0.2,0.28,0.07,36.6,0,0,55+,Postpaid_Premium,Mid_Range,3G,2026-03-25
SUB3800174,0.68,0.33,0.73,0.09,25.6,0,1,35-44,Postpaid_Unlimited,Basic_Phone,4G,2026-04-02
SUB1873420,5.43,6.0,0.16,2.17,101.98,1,1,18-24,Postpaid_Unlimited,Mid_Range,5G,2026-03-31
SUB7002024,1.65,4.25,1.26,0.32,195.18,1,1,25-34,Postpaid_Basic,Premium_Smartphone,4G+,2026-03-23
SUB9881111,0.51,0.8,0.19,0.35,42.83,0,0,45-54,Postpaid_Premium,Mid_Range,3G,2026-04-07
SUB5412903,0.22,1.13,0.08,0.0,67.69,0,1,55+,Postpaid_Basic,Mid_Range,4G,2026-03-19
SUB3565820,6.66,0.65,0.38,1.28,68.16,0,1,25-34,Postpaid_Basic,Premium_Smartphone,4G,2026-04-07
SUB6834611,0.18,0.26,0.21,0.34,132.25,1,1,45-54,Prepaid_Daily,Mid_Range,5G,2026-04-10
SUB6534448,0.03,0.22,0.09,0.7,64.48,0,0,45-54,Prepaid_Daily,Mid_Range,4G,2026-03-21
SUB7332961,0.95,0.64,0.04,1.81,89.35,0,0,18-24,Prepaid_Daily,5G_Device,4G,2026-04-14
SUB9369597,0.83,2.47,0.88,0.4,128.43,1,0,45-54,Postpaid_Unlimited,5G_Device,4G+,2026-03-24
SUB8442510,0.4,1.07,0.77,0.01,59.26,0,0,25-34,Prepaid_Daily,Mid_Range,4G+,2026-04-06
SUB8402731,1.77,0.13,0.47,1.26,169.44,1,1,35-44,Prepaid_Daily,Premium_Smartphone,4G,2026-03-19
SUB1944461,1.3,4.29,0.37,0.4,65.43,0,0,25-34,Prepaid_Monthly,Premium_Smartphone,3G,2026-03-31
SUB2467256,3.11,0.55,0.64,0.37,76.79,0,0,35-44,Postpaid_Basic,5G_Device,4G,2026-04-13
SUB5349025,1.52,2.84,0.83,0.11,57.96,1,0,35-44,Postpaid_Unlimited,Premium_Smartphone,3G,2026-03-26
SUB8112646,0.98,6.0,1.4,0.14,106.79,0,0,25-34,Postpaid_Premium,Premium_Smartphone,5G,2026-04-06
SUB5330972,0.5,1.1,0.28,0.05,89.08,1,0,45-54,Prepaid_Monthly,5G_Device,4G,2026-04-12
SUB9667126,1.0,0.23,0.12,0.05,24.67,0,0,45-54,Postpaid_Unlimited,Basic_Phone,4G,2026-03-22
SUB7934430,0.29,0.52,0.03,0.01,54.46,0,0,45-54,Prepaid_Daily,Premium_Smartphone,3G,2026-03-31
SUB4411647,2.2,5.47,0.66,1.3,87.4,0,1,25-34,Postpaid_Unlimited,Mid_Range,5G,2026-03-31
SUB8725976,1.19,2.5,0.15,0.07,106.52,1,0,18-24,Prepaid_Daily,5G_Device,4G,2026-03-22
SUB8098917,1.55,2.04,0.9,1.36,34.73,0,0,25-34,Postpaid_Premium,Tablet,3G,2026-03-31
SUB3705421,0.17,0.79,0.03,0.03,67.47,0,1,45-54,Prepaid_Daily,Mid_Range,5G,2026-04-08
SUB6798273,1.39,5.25,0.75,0.06,53.32,0,0,18-24,Postpaid_Unlimited,Mid_Range,4G+,2026-04-10
SUB9795492,0.16,0.3,0.05,0.11,33.5,0,0,55+,Prepaid_Daily,Mid_Range,4G,2026-04-04
SUB9535640,0.55,0.1,0.18,0.11,30.42,0,1,45-54,Prepaid_Daily,Mid_Range,3G,2026-03-24
SUB7942263,1.38,4.05,0.09,0.9,61.84,0,0,35-44,Postpaid_Unlimited,Premium_Smartphone,3G,2026-03-27
SUB5652124,0.31,5.02,0.03,0.62,60.83,1,0,35-44,Prepaid_Daily,Premium_Smartphone,3G,2026-04-07
SUB2362516,5.66,1.62,0.23,0.01,121.44,0,1,35-44,Postpaid_Premium,Premium_Smartphone,5G,2026-04-11
SUB3375100,5.62,1.95,0.13,0.75,124.86,0,1,35-44,Postpaid_Premium,Premium_Smartphone,5G,2026-04-12
SUB6227541,0.02,0.35,0.7,0.09,32.99,0,0,25-34,Postpaid_Basic,Basic_Phone,4G,2026-03-29
SUB2718562,3.99,2.18,0.23,0.15,128.81,0,0,45-54,Prepaid_Monthly,Premium_Smartphone,5G,2026-03-29
SUB3256356,5.33,6.0,3.42,4.2,145.39,0,1,35-44,Postpaid_Unlimited,5G_Device,4G+,2026-03-28
SUB8215409,1.46,0.87,0.04,0.06,98.07,0,0,45-54,Postpaid_Unlimited,Premium_Smartphone,4G,2026-03-22
SUB2329785,0.16,0.54,0.19,0.2,73.58,0,0,45-54,Prepaid_Monthly,Mid_Range,5G,2026-03-19
SUB8179391,0.21,1.17,0.06,0.14,14.23,0,0,18-24,Prepaid_Monthly,Basic_Phone,4G,2026-03-24
SUB5299376,0.36,0.47,0.37,0.02,76.35,1,0,18-24,Prepaid_Monthly,Mid_Range,4G,2026-04-11
SUB3761642,1.2,1.54,1.0,0.95,168.59,1,1,45-54,Prepaid_Monthly,5G_Device,4G+,2026-03-22
SUB5283664,1.77,1.27,0.5,0.42,53.33,0,0,25-34,Postpaid_Basic,Mid_Range,4G,2026-03-25
SUB5881539,1.3,0.97,0.29,0.07,52.22,0,0,35-44,Postpaid_Unlimited,5G_Device,3G,2026-03-30
SUB5964948,6.4,1.73,1.44,2.44,81.3,0,1,25-34,Postpaid_Premium,5G_Device,4G,2026-04-07
SUB3758566,6.02,6.0,3.28,3.72,152.51,1,0,18-24,Postpaid_Premium,Premium_Smartphone,5G,2026-04-17
SUB3328033,0.64,1.61,0.08,0.94,62.86,1,0,18-24,Prepaid_Monthly,Mid_Range,4G+,2026-04-07
SUB2155933,1.52,1.39,0.15,0.8,138.33,0,1,45-54,Prepaid_Monthly,Premium_Smartphone,5G,2026-04-11
SUB9175576,1.59,4.54,2.25,0.23,108.23,0,1,35-44,Postpaid_Premium,5G_Device,4G,2026-04-05
SUB8166276,0.79,0.08,0.2,0.07,20.92,0,0,25-34,Postpaid_Premium,Basic_Phone,4G,2026-03-20
SUB8691332,0.97,0.24,0.45,0.03,59.74,0,0,55+,Postpaid_Premium,Tablet,4G,2026-04-13
SUB8059903,0.47,2.03,0.62,0.57,100.45,0,0,18-24,Prepaid_Daily,Premium_Smartphone,4G,2026-03-27
SUB6441039,0.33,1.6,0.01,0.33,59.67,1,0,25-34,Postpaid_Basic,Mid_Range,3G,2026-04-06
SUB7077234,0.17,0.89,0.27,0.02,110.71,1,0,45-54,Prepaid_Monthly,Premium_Smartphone,4G,2026-04-05
SUB1194152,0.35,0.12,0.11,0.23,115.08,1,0,45-54,Prepaid_Daily,Mid_Range,5G,2026-03-22
SUB2928356,0.2,0.99,0.1,0.02,73.28,0,0,25-34,Postpaid_Premium,Mid_Range,5G,2026-03-31
SUB5797927,0.56,0.04,0.53,0.61,114.5,0,0,55+,Prepaid_Monthly,Premium_Smartphone,5G,2026-04-13
SUB4119812,0.88,0.01,0.05,0.04,28.03,0,1,55+,Postpaid_Unlimited,Basic_Phone,4G+,2026-03-19
SUB4800760,0.22,0.26,1.52,0.8,55.41,0,0,18-24,Prepaid_Monthly,Mid_Range,4G,2026-04-10
SUB1975112,0.6,1.94,1.13,0.8,45.96,0,1,18-24,Postpaid_Basic,Mid_Range,4G,2026-04-10
SUB5033123,0.31,0.2,0.23,0.3,55.53,0,0,45-54,Postpaid_Premium,Mid_Range,5G,2026-04-08
SUB6414229,0.35,5.5,0.18,0.7,43.28,0,0,25-34,Prepaid_Monthly,Mid_Range,4G,2026-03-30
SUB1555839,1.1,5.57,0.3,2.5,50.25,0,0,18-24,Postpaid_Premium,Premium_Smartphone,4G,2026-04-02
SUB1614101,0.2,1.41,2.39,0.15,64.31,1,0,45-54,Postpaid_Premium,Mid_Range,4G,2026-04-13
SUB1449813,1.14,0.56,0.4,0.03,37.85,1,1,25-34,Postpaid_Unlimited,Basic_Phone,4G,2026-03-30
SUB9227489,0.12,0.03,0.01,0.57,29.7,0,0,25-34,Prepaid_Monthly,Basic_Phone,4G,2026-04-15
SUB6147501,0.48,1.11,0.05,0.28,45.96,1,0,18-24,Prepaid_Daily,Basic_Phone,5G,2026-04-17
SUB6121632,0.16,0.21,0.0,0.36,17.92,0,0,35-44,Prepaid_Monthly,Basic_Phone,4G+,2026-03-20
SUB6896721,0.1,6.0,0.3,0.15,118.93,1,0,35-44,Postpaid_Premium,5G_Device,5G,2026-03-19
SUB1551238,8.0,0.94,0.3,0.7,84.54,0,0,18-24,Postpaid_Basic,Premium_Smartphone,4G,2026-03-19
SUB6895038,1.94,1.64,0.43,0.54,49.76,1,0,25-34,Prepaid_Monthly,Tablet,3G,2026-03-20
SUB4643488,0.17,0.02,0.01,0.49,13.67,1,0,35-44,Prepaid_Daily,Basic_Phone,4G,2026-04-11
SUB9388823,0.09,0.28,0.09,0.0,45.77,0,0,55+,Prepaid_Monthly,5G_Device,3G,2026-04-15
SUB3895107,0.48,0.53,0.01,0.28,82.04,0,0,55+,Postpaid_Premium,Premium_Smartphone,4G,2026-03-26
SUB6049425,0.65,2.23,0.1,0.15,127.97,0,0,25-34,Prepaid_Daily,Premium_Smartphone,5G,2026-04-17
SUB8907386,0.01,0.56,0.66,0.96,45.59,0,0,35-44,Prepaid_Monthly,Mid_Range,4G,2026-03-29
SUB2017375,0.61,0.42,0.19,0.97,86.86,1,0,45-54,Prepaid_Daily,Mid_Range,4G+,2026-04-13
SUB1272544,0.37,2.44,0.12,0.27,59.4,0,0,45-54,Postpaid_Premium,5G_Device,4G,2026-03-22
SUB1534633,2.24,0.36,0.26,0.16,62.54,1,0,35-44,Postpaid_Unlimited,Premium_Smartphone,4G,2026-03-22
SUB6276776,0.33,3.28,1.52,0.62,106.51,0,1,18-24,Postpaid_Basic,Premium_Smartphone,4G,2026-04-03
SUB2863907,0.11,0.27,0.05,0.03,36.43,0,1,45-54,Prepaid_Daily,Basic_Phone,5G,2026-04-16
SUB2120113,1.15,0.52,0.08,0.06,64.93,1,0,18-24,Prepaid_Monthly,Mid_Range,4G+,2026-04-04
SUB5592087,1.28,1.05,1.95,0.09,121.52,0,1,18-24,Prepaid_Monthly,Tablet,4G+,2026-03-30
SUB6093388,2.73,3.76,0.27,0.42,88.03,0,0,35-44,Postpaid_Basic,Premium_Smartphone,4G+,2026-03-21
SUB7960145,1.16,0.24,1.61,0.38,112.78,1,0,55+,Postpaid_Basic,5G_Device,4G+,2026-04-04
SUB7015948,0.65,2.41,0.31,0.21,112.59,1,0,18-24,Postpaid_Unlimited,Mid_Range,5G,2026-04-03
SUB4479664,2.0,1.99,1.33,0.67,95.88,0,1,35-44,Postpaid_Unlimited,5G_Device,4G,2026-03-26
SUB5645289,3.18,1.24,0.06,0.16,68.95,1,0,25-34,Prepaid_Daily,Mid_Range,4G,2026-03-25
SUB9893518,0.35,0.14,0.03,0.01,20.98,0,0,45-54,Prepaid_Daily,Basic_Phone,5G,2026-04-11
SUB3029341,6.01,2.06,0.98,0.31,146.33,0,1,35-44,Prepaid_Monthly,Premium_Smartphone,5G,2026-03-29
SUB4017465,1.04,1.8,0.49,0.35,138.85,0,0,18-24,Prepaid_Monthly,Premium_Smartphone,5G,2026-03-22
SUB3402114,1.72,0.18,0.03,0.05,49.3,0,0,25-34,Postpaid_Basic,Mid_Range,4G,2026-04-05
SUB2769617,8.0,6.0,2.06,0.93,98.66,0,1,25-34,Postpaid_Premium,Premium_Smartphone,4G+,2026-03-25
SUB3848039,1.63,0.99,0.44,0.14,137.55,0,0,18-24,Prepaid_Daily,Premium_Smartphone,5G,2026-04-13
SUB6369337,6.2,5.61,0.08,1.09,72.17,0,0,18-24,Postpaid_Premium,5G_Device,4G,2026-04-09
SUB1880432,1.71,0.63,0.21,0.07,13.36,1,0,35-44,Postpaid_Basic,Basic_Phone,4G,2026-03-27
SUB9855603,0.58,0.99,0.75,0.17,27.37,1,0,25-34,Postpaid_Unlimited,Basic_Phone,5G,2026-04-08
SUB7227740,1.5,0.74,0.24,0.68,78.85,0,0,35-44,Postpaid_Premium,5G_Device,4G,2026-04-10
SUB8857997,2.44,4.85,0.25,0.12,96.36,0,0,18-24,Postpaid_Premium,Premium_Smartphone,4G,2026-03-26
SUB8140782,0.58,1.05,0.01,0.3,84.98,0,0,35-44,Prepaid_Daily,Premium_Smartphone,4G,2026-04-14
SUB5884299,0.27,0.09,0.02,0.02,24.86,0,0,25-34,Postpaid_Premium,Basic_Phone,4G,2026-04-09
SUB4939625,1.87,1.13,0.1,0.51,68.78,0,0,18-24,Prepaid_Daily,5G_Device,4G+,2026-04-15
SUB2629618,2.4,1.93,0.86,0.7,66.37,0,0,25-34,Postpaid_Premium,5G_Device,3G,2026-04-13
SUB4374775,0.82,1.02,0.25,0.16,83.24,0,1,18-24,Prepaid_Daily,5G_Device,4G,2026-04-03
SUB6983359,0.08,0.26,0.3,0.08,91.64,0,0,45-54,Prepaid_Daily,5G_Device,4G,2026-04-12
SUB8694867,1.95,1.45,0.2,0.94,127.9,0,0,35-44,Prepaid_Daily,Premium_Smartphone,4G+,2026-03-22
SUB3568101,0.5,0.97,0.37,0.34,112.97,1,0,35-44,Prepaid_Daily,Mid_Range,5G,2026-04-10
SUB2297776,0.69,2.16,0.29,1.02,64.5,0,1,18-24,Prepaid_Monthly,Premium_Smartphone,3G,2026-04-13
SUB8646638,1.5,5.08,0.93,2.19,136.37,0,0,25-34,Postpaid_Unlimited,5G_Device,5G,2026-03-31
SUB6697478,2.56,0.62,0.22,0.11,133.03,0,0,25-34,Prepaid_Monthly,5G_Device,5G,2026-04-14
SUB4702590,1.71,2.09,0.67,0.08,53.84,1,0,35-44,Postpaid_Premium,Premium_Smartphone,3G,2026-03-31
SUB6447483,0.62,0.91,0.81,0.08,51.02,0,0,18-24,Prepaid_Daily,Mid_Range,5G,2026-03-23
SUB9018205,0.27,3.36,0.23,1.55,132.36,0,0,18-24,Postpaid_Basic,5G_Device,5G,2026-03-20
SUB5928476,0.36,6.0,2.61,0.0,107.61,0,0,25-34,Prepaid_Daily,Premium_Smartphone,5G,2026-03-30
SUB4886613,0.87,1.38,0.11,0.32,43.52,0,0,25-34,Prepaid_Daily,Mid_Range,4G+,2026-03-21
SUB5010442,1.2,0.23,0.87,0.0,66.75,0,0,18-24,Prepaid_Daily,Premium_Smartphone,4G,2026-04-04
SUB4304860,2.77,0.43,0.56,1.91,118.54,0,0,25-34,Prepaid_Monthly,Tablet,5G,2026-03-19
SUB9722856,0.13,1.13,0.15,0.07,38.55,0,0,25-34,Prepaid_Daily,Mid_Range,3G,2026-04-07
SUB9096297,0.44,2.89,3.18,2.33,69.82,0,1,25-34,Postpaid_Unlimited,Mid_Range,5G,2026-04-09
SUB6720673,0.5,0.32,0.11,0.11,27.08,0,0,25-34,Prepaid_Monthly,Basic_Phone,5G,2026-03-30
SUB1661440,0.68,0.53,0.63,0.63,37.26,0,0,35-44,Postpaid_Premium,Mid_Range,4G,2026-04-04
SUB2193502,2.96,1.17,1.21,0.37,83.63,0,0,18-24,Postpaid_Unlimited,Mid_Range,5G,2026-04-15
SUB8014511,1.82,3.06,0.13,0.61,97.27,0,0,18-24,Postpaid_Premium,5G_Device,4G,2026-03-22
SUB9022417,3.85,1.59,4.0,0.53,69.12,1,0,25-34,Postpaid_Unlimited,Mid_Range,5G,2026-04-09
SUB4329782,3.37,0.12,0.01,0.18,59.72,0,0,25-34,Prepaid_Daily,5G_Device,4G,2026-04-14
SUB7856825,1.08,0.11,0.11,1.32,19.82,0,0,25-34,Postpaid_Premium,Basic_Phone,4G,2026-04-16
SUB6116176,0.19,0.84,0.1,0.04,28.54,0,0,45-54,Prepaid_Monthly,5G_Device,3G,2026-04-14
SUB1381325,0.74,0.84,0.16,0.27,38.24,0,0,45-54,Postpaid_Basic,Mid_Range,4G,2026-04-09
SUB1963544,1.33,1.49,0.03,0.26,92.86,0,0,18-24,Postpaid_Basic,Premium_Smartphone,4G,2026-03-25
SUB3426062,1.19,0.89,0.05,0.04,49.96,0,0,45-54,Postpaid_Unlimited,Mid_Range,5G,2026-03-22
SUB9209517,2.02,0.53,0.96,0.85,56.61,0,0,25-34,Postpaid_Unlimited,Mid_Range,4G,2026-03-28
SUB8495095,0.7,0.1,0.13,0.17,5.77,0,1,25-34,Prepaid_Daily,Basic_Phone,3G,2026-04-07
SUB7030613,0.25,0.3,0.24,0.01,86.38,0,0,55+,Prepaid_Monthly,Premium_Smartphone,4G,2026-04-10
SUB9994359,0.22,0.24,0.03,0.83,98.34,1,0,45-54,Postpaid_Premium,Mid_Range,5G,2026-04-15
SUB9862264,0.33,2.0,0.01,0.2,135.98,0,1,55+,Postpaid_Premium,5G_Device,5G,2026-03-22
SUB1958379,1.15,2.44,0.15,0.08,49.8,1,0,18-24,Prepaid_Daily,Mid_Range,4G,2026-03-20
SUB6268961,1.53,1.77,0.56,1.32,29.51,0,0,18-24,Prepaid_Monthly,Mid_Range,4G,2026-04-08
SUB5027187,2.34,0.94,0.13,0.36,49.43,0,0,25-34,Postpaid_Premium,Mid_Range,4G,2026-04-01
SUB6888852,2.81,5.66,0.91,0.94,68.67,0,1,35-44,Postpaid_Premium,Premium_Smartphone,4G,2026-04-07
SUB8138780,0.06,0.65,0.34,0.02,53.84,0,0,18-24,Prepaid_Monthly,Mid_Range,4G,2026-03-19
SUB7326981,0.34,1.01,0.29,0.35,27.27,0,0,45-54,Postpaid_Premium,Mid_Range,4G,2026-03-26
SUB1006464,1.5,0.3,0.48,0.01,54.94,0,0,25-34,Postpaid_Basic,Premium_Smartphone,3G,2026-04-01
SUB4725530,0.4,0.26,0.27,0.43,38.28,1,0,25-34,Postpaid_Unlimited,Basic_Phone,4G,2026-04-16
SUB2161140,0.34,1.91,0.05,0.68,57.01,1,0,35-44,Postpaid_Basic,Premium_Smartphone,4G,2026-04-14
SUB4613163,0.93,1.03,0.3,0.04,51.51,0,0,35-44,Prepaid_Monthly,Mid_Range,5G,2026-03-24
SUB7485671,1.28,2.76,2.82,0.6,141.01,0,0,18-24,Postpaid_Unlimited,Premium_Smartphone,5G,2026-04-05
SUB6790233,0.11,5.33,0.06,0.22,79.69,1,1,55+,Prepaid_Daily,Tablet,4G,2026-03-25
SUB1265039,1.42,1.37,1.56,1.81,53.18,0,0,25-34,Postpaid_Unlimited,Mid_Range,4G,2026-04-10
SUB3076259,2.29,6.0,1.24,2.83,64.11,1,1,18-24,Postpaid_Premium,Mid_Range,4G,2026-04-11
SUB6161545,3.83,6.0,0.07,0.21,93.07,0,1,45-54,Postpaid_Unlimited,5G_Device,4G+,2026-04-08
SUB7324758,1.78,0.4,0.04,0.28,115.69,1,0,55+,Prepaid_Monthly,Premium_Smartphone,4G+,2026-03-24
SUB2396102,0.94,4.41,0.46,0.62,156.9,1,0,45-54,Postpaid_Premium,Premium_Smartphone,5G,2026-03-29
SUB1004011,1.0,1.15,0.73,0.15,76.02,0,1,45-54,Postpaid_Premium,Premium_Smartphone,4G,2026-04-03
SUB2964724,2.6,0.56,0.03,2.14,60.15,0,0,35-44,Postpaid_Premium,Mid_Range,4G+,2026-04-09
SUB9821549,1.63,0.7,0.28,0.03,61.86,1,0,55+,Prepaid_Monthly,5G_Device,4G,2026-04-13
SUB3708685,0.37,6.0,2.19,0.1,103.29,0,0,18-24,Prepaid_Monthly,Premium_Smartphone,5G,2026-04-12
SUB7814285,1.04,1.4,0.48,0.05,73.18,0,0,45-54,Postpaid_Basic,Premium_Smartphone,4G,2026-03-27
SUB1603151,0.46,1.94,0.3,0.07,70.75,0,0,35-44,Prepaid_Monthly,5G_Device,3G,2026-04-07
SUB8372801,1.73,0.99,0.91,0.06,57.27,0,0,18-24,Postpaid_Premium,Premium_Smartphone,3G,2026-04-04
SUB8364732,3.76,2.99,0.74,0.04,77.28,1,0,25-34,Prepaid_Monthly,Premium_Smartphone,4G,2026-04-10
SUB9111184,6.32,5.92,0.04,2.59,75.1,0,1,25-34,Postpaid_Unlimited,Tablet,4G,2026-04-12
SUB8285387,0.41,1.78,0.06,0.0,46.16,0,0,35-44,Prepaid_Monthly,Mid_Range,4G,2026-04-03
SUB6102367,0.07,0.99,0.26,1.62,66.03,1,0,18-24,Prepaid_Daily,Mid_Range,4G,2026-03-23
SUB5500328,0.89,1.14,3.21,0.26,85.06,0,0,45-54,Prepaid_Daily,Mid_Range,5G,2026-03-31
SUB5308307,6.91,2.51,0.71,0.3,72.33,0,0,18-24,Postpaid_Basic,Tablet,4G,2026-04-08
SUB5444910,3.75,0.31,1.14,0.15,163.98,1,0,25-34,Postpaid_Basic,Premium_Smartphone,5G,2026-04-02
SUB1731636,0.43,0.27,0.12,0.76,76.7,1,0,45-54,Postpaid_Basic,Mid_Range,5G,2026-03-22
SUB7481093,0.83,0.9,2.37,0.22,49.56,1,0,35-44,Postpaid_Premium,Mid_Range,4G,2026-03-21
SUB1686290,2.07,0.11,0.04,0.02,20.14,0,1,25-34,Prepaid_Monthly,Basic_Phone,4G,2026-04-10
SUB8553925,0.06,1.56,0.33,0.67,39.42,0,0,18-24,Postpaid_Unlimited,Mid_Range,3G,2026-04-10
SUB4216662,7.49,6.0,1.71,1.51,81.1,1,0,35-44,Postpaid_Unlimited,5G_Device,4G,2026-03-25
SUB7871574,0.45,1.91,0.03,0.17,187.6,1,0,55+,Prepaid_Daily,Premium_Smartphone,5G,2026-04-02
SUB3364825,1.04,0.68,0.53,0.19,52.4,0,0,55+,Postpaid_Unlimited,5G_Device,3G,2026-03-24
SUB3180139,0.2,0.97,0.58,0.47,81.99,0,0,35-44,Postpaid_Premium,Mid_Range,5G,2026-04-07
SUB4719194,0.28,0.66,4.0,1.06,95.05,1,0,18-24,Postpaid_Basic,Premium_Smartphone,4G,2026-04-01
SUB4283737,0.76,1.67,1.69,0.96,76.6,0,0,18-24,Postpaid_Basic,Premium_Smartphone,4G+,2026-04-10
SUB2432672,2.42,4.92,1.4,0.75,69.22,1,0,18-24,Postpaid_Premium,5G_Device,4G,2026-03-31
SUB1564174,3.49,4.93,0.81,0.18,90.38,0,0,25-34,Postpaid_Unlimited,Tablet,5G,2026-03-31
SUB2622563,2.13,2.32,1.62,0.62,128.84,1,0,18-24,Postpaid_Basic,5G_Device,5G,2026-04-04
SUB6857846,1.13,0.45,0.31,1.24,44.02,0,0,18-24,Prepaid_Daily,Premium_Smartphone,4G,2026-03-26
SUB7841023,0.19,0.42,0.09,0.03,26.72,0,0,35-44,Postpaid_Basic,Basic_Phone,4G,2026-03-19
SUB3465596,0.65,0.4,0.02,0.34,83.98,0,1,25-34,Prepaid_Daily,Premium_Smartphone,3G,2026-03-27
SUB8718454,0.17,0.1,0.02,0.15,21.72,0,0,35-44,Postpaid_Basic,Basic_Phone,5G,2026-04-12
SUB5405113,0.64,1.15,0.06,0.13,54.57,0,1,55+,Postpaid_Premium,Mid_Range,4G,2026-04-02
SUB2413967,0.82,0.66,0.0,0.96,31.46,1,0,35-44,Prepaid_Monthly,Mid_Range,3G,2026-03-21
SUB4387990,0.48,0.4,0.01,0.47,61.62,1,0,45-54,Prepaid_Daily,Mid_Range,4G,2026-04-02
SUB6066447,0.49,0.24,0.02,0.5,67.15,1,1,45-54,Postpaid_Premium,Premium_Smartphone,3G,2026-03-30
SUB8718221,3.98,1.24,0.22,0.09,43.09,1,0,25-34,Prepaid_Monthly,Mid_Range,3G,2026-04-03
SUB7856604,2.0,1.71,1.15,0.47,57.87,0,0,18-24,Prepaid_Monthly,Premium_Smartphone,4G,2026-04-07
SUB3619222,0.13,0.26,0.02,0.1,30.27,1,0,18-24,Postpaid_Premium,Basic_Phone,3G,2026-03-24
SUB2935772,4.62,1.71,0.81,0.61,125.75,0,1,25-34,Postpaid_Unlimited,Premium_Smartphone,4G,2026-04-02
SUB7398497,1.45,2.89,0.89,0.02,119.78,1,0,35-44,Postpaid_Premium,Premium_Smartphone,4G,2026-03-24
SUB5568672,0.03,0.24,0.06,0.0,22.08,1,1,55+,Postpaid_Basic,Basic_Phone,4G,2026-04-03
SUB3422952,0.43,0.32,0.2,0.24,74.92,1,0,55+,Postpaid_Basic,5G_Device,4G,2026-04-09
SUB4222018,0.69,1.99,0.15,0.89,132.13,0,1,18-24,Prepaid_Daily,Premium_Smartphone,4G,2026-03-29
SUB8396665,1.07,0.27,0.11,0.01,77.84,0,1,55+,Postpaid_Premium,Premium_Smartphone,4G+,2026-03-22
SUB2861663,4.63,2.74,0.64,0.7,96.78,0,0,25-34,Postpaid_Basic,Premium_Smartphone,4G,2026-04-14
SUB6363998,1.32,1.86,0.71,0.22,48.22,0,1,45-54,Postpaid_Unlimited,Premium_Smartphone,3G,2026-04-09
SUB1049768,1.15,2.06,0.56,1.52,18.82,0,1,18-24,Postpaid_Unlimited,Basic_Phone,4G,2026-04-16
SUB6167373,8.0,0.51,1.99,0.06,85.72,0,0,18-24,Prepaid_Monthly,Premium_Smartphone,4G,2026-03-26
SUB3263557,1.79,1.48,2.34,1.56,57.72,0,1,25-34,Postpaid_Unlimited,Premium_Smartphone,3G,2026-04-15
SUB3100326,0.91,0.18,0.1,0.74,55.8,0,0,45-54,Postpaid_Unlimited,Mid_Range,4G+,2026-03-23
SUB9506377,3.61,4.81,0.11,2.87,127.13,1,0,18-24,Postpaid_Basic,Premium_Smartphone,4G,2026-04-05
SUB1297542,1.12,1.49,1.64,0.69,118.29,1,1,18-24,Prepaid_Monthly,Premium_Smartphone,4G,2026-04-14
SUB3526297,2.35,0.42,0.07,0.36,63.52,0,0,55+,Postpaid_Premium,Mid_Range,5G,2026-04-08
SUB6628573,0.23,0.95,0.03,0.4,99.04,0,1,55+,Prepaid_Monthly,5G_Device,4G,2026-04-02
SUB9091363,0.31,0.54,0.77,0.57,103.65,0,0,18-24,Postpaid_Basic,Premium_Smartphone,4G,2026-03-26
SUB5961172,2.13,0.18,0.79,0.38,59.64,1,0,35-44,Prepaid_Daily,Mid_Range,4G,2026-04-09
SUB1928864,0.71,0.43,0.1,0.91,63.52,0,1,25-34,Postpaid_Basic,Premium_Smartphone,3G,2026-04-13
SUB6908553,4.54,4.89,2.56,0.61,117.57,0,1,25-34,Postpaid_Unlimited,Premium_Smartphone,5G,2026-04-03
SUB7508526,0.27,0.18,0.08,0.79,69.03,1,0,25-34,Prepaid_Monthly,Mid_Range,4G,2026-04-15
SUB9140594,2.29,6.0,1.28,1.59,118.22,0,1,25-34,Postpaid_Premium,5G_Device,4G,2026-04-09
SUB3466511,4.65,1.57,0.48,0.22,121.23,1,0,25-34,Prepaid_Monthly,5G_Device,4G,2026-03-30
SUB4295784,1.14,2.06,0.85,0.92,62.23,0,1,35-44,Postpaid_Premium,5G_Device,3G,2026-03-30
SUB7435389,1.6,0.28,0.11,0.3,61.98,0,0,25-34,Postpaid_Premium,Mid_Range,5G,2026-04-12
SUB8422235,1.95,3.73,0.01,0.05,87.1,0,1,35-44,Prepaid_Daily,5G_Device,4G,2026-04-10
SUB5134608,0.24,3.68,0.23,0.23,132.54,0,0,35-44,Postpaid_Basic,5G_Device,4G+,2026-04-09
SUB8532351,2.21,0.16,0.56,4.1,108.66,0,1,25-34,Postpaid_Unlimited,Tablet,4G,2026-03-28
SUB2248749,2.29,3.22,0.1,0.07,124.59,0,0,18-24,Prepaid_Monthly,Tablet,5G,2026-04-12
SUB1676337,1.9,4.3,0.09,0.11,46.11,1,0,35-44,Postpaid_Premium,Mid_Range,4G,2026-03-21
SUB3023553,0.76,1.87,0.07,0.36,32.97,0,0,45-54,Postpaid_Premium,Mid_Range,3G,2026-03-27
SUB3096419,7.76,1.33,0.21,0.36,51.92,0,0,35-44,Prepaid_Monthly,Mid_Range,4G+,2026-03-29
SUB8166065,3.15,4.1,0.06,0.26,87.02,0,0,35-44,Postpaid_Unlimited,Premium_Smartphone,4G,2026-04-14
SUB4742918,2.0,6.0,1.77,1.81,181.73,0,1,18-24,Postpaid_Basic,5G_Device,5G,2026-04-16
SUB1544344,0.69,1.06,1.39,0.02,66.15,0,1,35-44,Prepaid_Monthly,Premium_Smartphone,4G,2026-04-12
SUB2187030,2.51,0.48,0.33,0.27,74.89,0,0,25-34,Prepaid_Daily,5G_Device,4G,2026-04-07
SUB9208149,2.09,0.26,0.02,0.09,63.35,0,0,55+,Postpaid_Basic,Mid_Range,5G,2026-03-30
SUB9437247,0.52,1.81,0.76,0.24,70.0,0,0,35-44,Postpaid_Premium,Mid_Range,5G,2026-04-11
SUB7730713,1.95,0.51,0.09,0.03,35.97,0,0,25-34,Postpaid_Basic,Basic_Phone,5G,2026-04-10
SUB9985290,1.36,1.44,0.45,0.7,63.82,0,0,25-34,Postpaid_Premium,Premium_Smartphone,4G+,2026-03-28
SUB5524105,0.09,2.51,1.61,0.66,80.55,0,1,45-54,Postpaid_Premium,5G_Device,4G,2026-03-28
SUB2880164,1.06,1.09,1.59,0.56,118.84,0,1,25-34,Prepaid_Monthly,5G_Device,4G,2026-04-01
SUB5376751,0.98,0.87,0.18,1.04,98.42,0,0,25-34,Postpaid_Basic,Premium_Smartphone,5G,2026-04-01
SUB5869236,1.82,0.85,0.43,2.23,91.14,0,0,35-44,Postpaid_Unlimited,5G_Device,4G,2026-03-26
SUB1380069,5.59,2.69,0.43,0.68,90.67,1,0,45-54,Postpaid_Unlimited,Mid_Range,4G+,2026-03-26
SUB1110957,2.54,5.63,0.64,0.4,87.39,0,0,18-24,Prepaid_Monthly,Premium_Smartphone,4G,2026-04-08
SUB5734071,0.22,1.58,0.39,0.03,56.39,1,1,35-44,Postpaid_Premium,Mid_Range,3G,2026-03-27
SUB5313696,0.69,0.6,0.12,0.01,50.55,0,1,55+,Prepaid_Monthly,Mid_Range,4G,2026-04-13
SUB5854487,0.39,0.75,0.08,0.02,112.68,0,1,55+,Prepaid_Daily,Tablet,4G,2026-04-06
SUB3877668,1.81,1.14,0.07,0.06,111.28,0,1,35-44,Postpaid_Premium,5G_Device,4G,2026-04-09
SUB6444408,0.09,0.03,0.02,0.11,14.92,0,1,55+,Prepaid_Monthly,Basic_Phone,4G,2026-03-28
SUB2195344,0.37,0.9,0.49,0.01,92.98,0,1,35-44,Prepaid_Daily,Mid_Range,4G+,2026-03-19
SUB7606964,1.13,1.79,1.23,0.73,49.68,0,0,25-34,Postpaid_Premium,Mid_Range,4G,2026-04-04
SUB1416561,1.88,0.86,0.49,3.02,58.2,1,1,35-44,Postpaid_Unlimited,Mid_Range,4G,2026-03-29
SUB5245871,5.24,1.19,2.78,4.37,126.27,0,1,18-24,Postpaid_Unlimited,Premium_Smartphone,4G+,2026-04-10
SUB9324436,3.06,2.66,0.43,0.04,135.37,1,0,25-34,Postpaid_Basic,Premium_Smartphone,4G+,2026-04-17
SUB8156406,1.67,0.32,0.0,0.11,74.32,0,0,25-34,Postpaid_Basic,Premium_Smartphone,4G,2026-04-09
SUB5801436,0.21,0.39,0.04,0.22,108.37,1,0,45-54,Prepaid_Daily,Mid_Range,5G,2026-04-02
SUB7931344,0.45,0.47,0.38,0.21,55.02,1,1,45-54,Postpaid_Premium,Mid_Range,4G,2026-03-23
SUB1624913,2.78,3.2,0.31,0.51,68.8,0,1,35-44,Postpaid_Unlimited,Mid_Range,4G+,2026-03-30
SUB3928339,4.12,2.35,0.0,6.0,193.2,1,0,25-34,Postpaid_Unlimited,5G_Device,5G,2026-04-11
SUB8373356,2.19,5.34,0.72,1.37,111.88,0,1,18-24,Postpaid_Premium,Tablet,4G,2026-04-11
SUB9783376,2.03,0.42,0.06,0.18,90.52,0,1,25-34,Prepaid_Daily,Mid_Range,5G,2026-03-27
SUB5245576,0.31,2.57,0.15,0.03,33.79,0,0,35-44,Prepaid_Monthly,Mid_Range,4G+,2026-03-25
SUB9637872,1.24,0.17,0.18,1.28,45.87,0,0,25-34,Prepaid_Monthly,Mid_Range,4G,2026-04-07
SUB7979740,0.12,0.95,1.81,0.09,28.64,1,0,25-34,Postpaid_Unlimited,Basic_Phone,4G,2026-04-02
SUB9625146,0.23,1.13,0.07,0.62,75.78,0,0,25-34,Prepaid_Daily,Mid_Range,5G,2026-04-16
SUB5709751,1.79,1.71,0.02,4.57,99.54,0,0,45-54,Postpaid_Basic,5G_Device,5G,2026-04-07
SUB4609134,0.96,0.77,0.09,0.35,187.27,1,0,45-54,Prepaid_Daily,5G_Device,5G,2026-04-08
SUB9542314,0.47,1.34,0.84,0.1,44.43,0,0,35-44,Postpaid_Premium,Mid_Range,4G,2026-03-28
SUB7630604,1.48,0.71,0.13,1.23,33.25,0,0,25-34,Postpaid_Premium,Mid_Range,4G,2026-04-14
SUB1827150,2.88,3.25,0.71,0.23,67.68,1,0,25-34,Postpaid_Basic,Mid_Range,5G,2026-04-14
SUB8453659,1.84,2.12,0.35,0.23,61.9,0,0,18-24,Postpaid_Premium,Mid_Range,4G+,2026-04-13
SUB2786852,8.0,1.98,0.83,0.04,126.07,0,1,18-24,Postpaid_Basic,Premium_Smartphone,4G+,2026-04-17
SUB7580470,1.92,0.87,0.83,0.11,129.61,0,0,18-24,Prepaid_Daily,Premium_Smartphone,5G,2026-04-17
SUB8377426,1.05,0.66,0.01,0.73,38.44,0,0,18-24,Prepaid_Monthly,Mid_Range,4G,2026-03-25
SUB6032793,8.0,5.68,1.49,0.09,92.73,0,0,18-24,Postpaid_Unlimited,5G_Device,5G,2026-04-04
SUB6322675,0.79,0.9,0.39,0.4,56.1,0,0,18-24,Prepaid_Monthly,Premium_Smartphone,3G,2026-03-26
SUB9139480,1.21,0.66,0.0,0.5,48.61,0,0,18-24,Prepaid_Daily,Mid_Range,4G,2026-04-05
SUB1042137,0.79,0.43,0.32,0.0,58.42,0,0,35-44,Prepaid_Monthly,Mid_Range,5G,2026-03-28
SUB1138925,0.59,0.5,0.02,0.65,48.42,1,1,55+,Prepaid_Monthly,Mid_Range,4G,2026-04-16
SUB3633819,1.12,1.37,0.54,1.47,72.57,0,1,45-54,Postpaid_Basic,Premium_Smartphone,4G,2026-04-09
SUB6412319,2.78,3.62,0.47,0.49,56.42,0,1,18-24,Postpaid_Basic,Premium_Smartphone,3G,2026-04-14
SUB4294900,8.0,1.17,0.27,0.42,79.83,0,0,25-34,Postpaid_Unlimited,5G_Device,5G,2026-04-03
SUB1375233,1.4,0.81,3.59,0.89,92.23,0,0,45-54,Postpaid_Premium,5G_Device,4G,2026-04-15
SUB2957792,8.0,4.35,0.33,0.06,112.88,1,0,18-24,Prepaid_Daily,5G_Device,4G,2026-04-06
SUB6028427,0.06,2.36,0.79,0.05,65.66,0,0,45-54,Postpaid_Premium,Premium_Smartphone,4G,2026-03-26
SUB9612670,1.72,2.37,0.63,1.54,91.81,1,0,35-44,Postpaid_Premium,Premium_Smartphone,4G,2026-04-04
SUB1431978,0.76,0.29,0.18,0.64,125.87,0,0,55+,Postpaid_Unlimited,5G_Device,5G,2026-03-19
SUB4502646,0.36,0.04,0.0,0.14,27.33,1,1,45-54,Prepaid_Monthly,Basic_Phone,4G,2026-04-11
SUB4891865,1.11,0.5,0.76,0.19,44.27,0,0,35-44,Prepaid_Monthly,Mid_Range,4G,2026-04-17
SUB6983943,3.94,1.19,0.11,0.47,56.93,0,0,35-44,Postpaid_Premium,Mid_Range,5G,2026-04-16
SUB5150579,3.43,4.88,0.28,1.19,135.74,0,0,18-24,Postpaid_Premium,Premium_Smartphone,5G,2026-03-24
SUB7986595,2.31,3.54,0.46,0.8,56.64,1,0,18-24,Postpaid_Basic,5G_Device,3G,2026-04-15
SUB2760143,1.42,0.44,0.05,0.47,45.46,0,0,25-34,Prepaid_Daily,Mid_Range,4G,2026-03-21
SUB9614295,1.39,2.81,1.11,1.68,107.23,0,0,18-24,Postpaid_Premium,Premium_Smartphone,4G,2026-03-25
SUB6539004,0.84,1.83,0.0,0.37,51.28,1,0,18-24,Prepaid_Daily,Mid_Range,5G,2026-04-04
SUB3242365,0.18,0.64,0.11,0.08,39.84,0,0,25-34,Prepaid_Daily,5G_Device,3G,2026-04-08
SUB3761856,1.24,0.94,0.02,1.02,56.76,0,0,45-54,Prepaid_Monthly,Premium_Smartphone,4G,2026-03-21
SUB3071088,0.96,0.91,0.06,0.96,61.62,0,0,18-24,Prepaid_Monthly,Tablet,3G,2026-04-03
SUB3113048,6.69,1.07,1.73,1.05,88.49,0,1,25-34,Postpaid_Basic,Mid_Range,4G+,2026-03-22
SUB1029813,0.55,0.78,1.14,0.27,105.7,0,0,25-34,Prepaid_Monthly,5G_Device,4G+,2026-03-19
SUB9079823,0.28,2.2,0.09,0.7,62.8,0,1,25-34,Prepaid_Daily,Mid_Range,4G+,2026-04-05
SUB4211407,2.76,1.66,0.75,0.89,153.54,1,0,18-24,Prepaid_Daily,Premium_Smartphone,5G,2026-04-10
SUB5860345,0.13,0.44,0.12,0.03,147.9,1,1,55+,Prepaid_Daily,Mid_Range,5G,2026-04-16
SUB6971143,2.96,2.62,1.62,0.81,143.79,1,0,35-44,Prepaid_Monthly,5G_Device,5G,2026-03-27
SUB7501211,0.23,0.52,0.38,0.67,49.16,0,0,25-34,Prepaid_Monthly,Tablet,4G,2026-04-03
SUB9662149,4.37,2.33,1.08,1.37,147.93,0,1,18-24,Prepaid_Monthly,5G_Device,5G,2026-03-22
SUB9296335,8.0,0.66,0.42,0.65,108.02,0,0,25-34,Postpaid_Basic,Premium_Smartphone,5G,2026-03-23
SUB7646854,0.31,0.37,0.13,1.23,74.5,0,0,45-54,Prepaid_Monthly,Mid_Range,5G,2026-04-16
SUB2615181,3.55,0.42,0.12,0.31,54.83,0,1,18-24,Prepaid_Monthly,Mid_Range,4G+,2026-03-28
SUB5034649,2.87,1.2,4.0,0.19,63.22,0,0,25-34,Postpaid_Premium,Mid_Range,4G+,2026-03-31
SUB2350816,2.79,4.29,0.22,0.58,51.52,1,0,18-24,Postpaid_Basic,Mid_Range,4G,2026-04-10
SUB7767315,1.1,0.26,0.39,0.67,84.33,0,0,55+,Postpaid_Unlimited,5G_Device,4G,2026-04-14
SUB6101118,3.74,3.07,0.85,0.64,99.64,0,1,18-24,Postpaid_Basic,5G_Device,4G,2026-03-22
SUB3821058,0.57,3.9,0.97,0.04,70.4,0,1,45-54,Postpaid_Unlimited,5G_Device,3G,2026-03-30
SUB1458819,0.18,1.27,0.55,0.17,85.19,0,1,25-34,Prepaid_Monthly,Mid_Range,4G+,2026-03-31
SUB2208060,2.05,3.6,0.67,0.62,79.97,1,0,35-44,Postpaid_Basic,Premium_Smartphone,4G+,2026-03-26
SUB6353369,1.65,0.43,0.72,0.13,81.8,0,0,35-44,Postpaid_Basic,Premium_Smartphone,5G,2026-04-02
SUB1444874,8.0,4.65,0.13,0.84,93.39,0,0,18-24,Postpaid_Unlimited,Premium_Smartphone,5G,2026-04-13
SUB6685645,0.76,0.52,0.88,0.09,22.46,0,0,25-34,Prepaid_Monthly,Basic_Phone,4G,2026-04-06
SUB4928683,1.89,6.0,0.36,2.55,84.57,0,0,25-34,Postpaid_Unlimited,5G_Device,4G+,2026-04-16
SUB6001945,0.82,0.85,0.07,0.57,45.71,0,0,18-24,Postpaid_Basic,Mid_Range,4G+,2026-04-05
SUB7922795,0.95,0.64,0.78,0.12,68.5,0,1,45-54,Postpaid_Premium,Premium_Smartphone,3G,2026-04-13
SUB3054048,6.69,4.28,3.58,0.08,66.15,0,1,18-24,Postpaid_Unlimited,5G_Device,3G,2026-04-02
SUB2063692,2.41,3.92,0.45,1.02,72.74,0,0,35-44,Postpaid_Unlimited,Tablet,4G,2026-04-01
SUB5738637,2.1,6.0,2.59,0.62,200.0,1,1,25-34,Postpaid_Premium,5G_Device,5G,2026-04-09
SUB5230013,0.79,0.17,0.31,0.03,19.81,0,1,18-24,Prepaid_Monthly,Basic_Phone,4G,2026-04-08
SUB7072929,1.59,0.35,0.05,0.36,35.69,0,0,35-44,Prepaid_Monthly,Mid_Range,4G,2026-03-22
SUB5051939,0.43,2.06,0.03,1.47,70.94,1,0,35-44,Prepaid_Monthly,Mid_Range,4G,2026-04-15
SUB1869953,3.06,0.68,0.52,1.72,128.08,0,0,25-34,Prepaid_Daily,Tablet,5G,2026-04-07
SUB4098056,0.85,1.53,1.72,0.63,112.49,1,0,25-34,Prepaid_Daily,Mid_Range,4G+,2026-04-04
SUB1713806,0.1,2.58,0.1,0.69,160.67,1,0,18-24,Postpaid_Basic,5G_Device,5G,2026-03-24
SUB7999244,0.58,4.75,0.55,0.35,95.84,1,1,45-54,Postpaid_Premium,5G_Device,4G,2026-04-12
SUB5193616,0.03,2.07,0.16,0.2,33.9,0,0,25-34,Prepaid_Daily,5G_Device,3G,2026-03-31
SUB8084335,0.24,0.06,0.69,0.05,27.88,0,0,18-24,Postpaid_Basic,Basic_Phone,4G,2026-03-22
SUB4439187,0.85,0.1,0.01,0.16,23.66,0,0,45-54,Prepaid_Monthly,Basic_Phone,4G,2026-04-14
SUB7423827,8.0,1.58,0.31,1.73,99.39,0,0,18-24,Postpaid_Unlimited,5G_Device,4G,2026-03-19
SUB7674106,0.23,2.31,0.08,0.07,69.34,0,0,25-34,Prepaid_Daily,5G_Device,4G,2026-04-10
SUB6216813,2.18,6.0,1.53,0.35,72.67,0,0,25-34,Postpaid_Basic,Tablet,4G,2026-04-14
SUB1750774,1.31,1.04,0.44,0.17,23.91,0,0,45-54,Postpaid_Unlimited,Mid_Range,3G,2026-03-19
SUB4357963,0.42,0.81,0.05,0.09,92.23,0,1,55+,Prepaid_Monthly,Premium_Smartphone,4G,2026-03-31
SUB8073575,0.48,1.34,0.54,0.49,45.39,0,0,35-44,Postpaid_Premium,Premium_Smartphone,3G,2026-04-14
SUB1924993,1.14,6.0,1.85,3.29,66.51,0,0,25-34,Postpaid_Unlimited,Mid_Range,5G,2026-03-27
SUB1353791,1.04,1.95,0.86,1.56,124.54,0,0,35-44,Prepaid_Daily,Premium_Smartphone,5G,2026-04-14
SUB2384525,1.44,0.26,0.92,0.24,89.31,0,0,25-34,Postpaid_Unlimited,Premium_Smartphone,4G,2026-03-24
SUB4517778,3.05,0.46,0.29,1.02,62.5,1,0,25-34,Postpaid_Premium,Mid_Range,5G,2026-03-23
SUB8719585,0.56,0.29,0.01,0.01,80.68,1,0,55+,Prepaid_Daily,Mid_Range,4G+,2026-03-20
SUB1116220,0.9,0.32,0.4,0.44,73.99,0,0,18-24,Prepaid_Monthly,Premium_Smartphone,4G,2026-04-13
SUB1221421,0.6,2.08,0.19,0.25,119.0,0,0,25-34,Postpaid_Basic,Premium_Smartphone,5G,2026-03-25
SUB9737925,0.93,0.29,1.13,0.01,47.76,0,0,45-54,Postpaid_Unlimited,Mid_Range,4G,2026-04-15
SUB5982732,0.17,1.04,0.32,0.02,54.05,0,0,35-44,Prepaid_Daily,Mid_Range,4G,2026-04-10
SUB4658997,3.94,1.24,0.21,0.51,43.35,0,0,18-24,Postpaid_Premium,Tablet,3G,2026-04-07
SUB7897012,0.55,1.77,0.48,0.07,63.11,1,0,18-24,Prepaid_Monthly,5G_Device,3G,2026-04-03
SUB2417191,1.92,2.76,1.78,0.65,108.97,0,0,25-34,Postpaid_Premium,5G_Device,5G,2026-04-07
SUB4347526,1.43,0.44,0.16,0.0,21.81,0,0,25-34,Postpaid_Premium,Mid_Range,3G,2026-04-01
SUB4477983,0.74,3.72,0.15,0.56,62.07,1,0,25-34,Postpaid_Basic,Mid_Range,5G,2026-04-08
SUB9109074,2.55,3.73,0.62,4.08,129.48,1,0,25-34,Postpaid_Basic,5G_Device,5G,2026-04-16
SUB1689925,0.32,0.6,0.23,0.06,69.21,0,0,55+,Postpaid_Unlimited,Mid_Range,4G+,2026-03-29
SUB3681478,0.67,6.0,0.52,0.08,123.06,1,0,25-34,Prepaid_Monthly,Premium_Smartphone,5G,2026-03-19
SUB3993220,1.42,1.17,0.58,1.01,34.21,1,0,25-34,Postpaid_Premium,Mid_Range,3G,2026-04-15
SUB3932878,1.48,0.35,0.09,0.28,68.37,0,0,25-34,Prepaid_Daily,Mid_Range,5G,2026-03-26
SUB3830527,0.81,3.23,0.03,0.36,57.23,0,0,18-24,Postpaid_Premium,5G_Device,4G,2026-04-14
SUB7173049,1.91,1.0,1.05,1.09,126.53,0,0,18-24,Postpaid_Premium,5G_Device,4G+,2026-04-07
SUB7814276,0.31,0.59,0.19,0.06,90.83,0,0,55+,Prepaid_Monthly,Tablet,5G,2026-04-06
SUB1822564,0.95,0.35,0.17,0.22,93.81,0,0,45-54,Postpaid_Premium,5G_Device,4G,2026-03-31
SUB9242184,8.0,2.61,3.02,1.24,111.63,0,1,18-24,Postpaid_Basic,Premium_Smartphone,5G,2026-04-07
SUB6044316,0.16,0.35,0.21,0.41,56.13,1,0,45-54,Postpaid_Unlimited,Mid_Range,4G,2026-03-22
SUB6658565,1.07,0.98,0.11,0.15,27.33,1,0,18-24,Prepaid_Daily,Basic_Phone,4G,2026-03-31
SUB4471888,0.93,1.67,0.61,0.54,84.84,0,0,35-44,Prepaid_Daily,Premium_Smartphone,5G,2026-03-30
SUB9256327,0.45,2.74,0.24,0.81,39.98,1,0,18-24,Postpaid_Premium,Mid_Range,3G,2026-03-23
SUB8537812,3.99,5.23,1.34,0.02,116.81,1,0,45-54,Postpaid_Premium,5G_Device,5G,2026-04-09
SUB3548600,0.68,4.57,0.3,1.62,46.52,0,0,18-24,Postpaid_Basic,Premium_Smartphone,3G,2026-04-15
SUB5943114,8.0,2.15,2.42,0.08,137.3,0,1,35-44,Postpaid_Unlimited,Premium_Smartphone,4G+,2026-04-08
SUB6198245,0.14,2.54,1.24,0.88,81.54,0,1,45-54,Postpaid_Premium,Premium_Smartphone,4G+,2026-03-20
SUB2985404,0.92,2.36,0.14,0.27,74.09,1,1,18-24,Postpaid_Unlimited,Mid_Range,5G,2026-04-15
SUB8741986,1.86,2.04,0.21,0.12,102.01,0,1,25-34,Postpaid_Basic,5G_Device,5G,2026-04-09
SUB7787702,8.0,4.26,1.35,1.84,159.65,1,0,18-24,Prepaid_Monthly,5G_Device,4G+,2026-04-17
SUB3126861,2.87,3.89,1.81,0.43,117.69,1,1,35-44,Prepaid_Monthly,Premium_Smartphone,4G,2026-04-03
SUB4779337,4.68,3.73,0.61,1.68,64.78,0,0,25-34,Postpaid_Unlimited,5G_Device,4G,2026-03-30
SUB3051723,1.41,0.28,1.74,0.83,67.06,0,1,35-44,Prepaid_Monthly,Mid_Range,4G,2026-03-30
SUB7289189,1.22,2.15,0.03,0.38,31.16,0,0,55+,Postpaid_Unlimited,5G_Device,3G,2026-04-15
SUB2048939,0.81,1.03,2.44,0.0,72.08,1,0,25-34,Postpaid_Premium,Mid_Range,4G+,2026-03-23
SUB5689133,0.4,1.58,0.85,0.14,67.97,1,0,18-24,Prepaid_Monthly,5G_Device,3G,2026-03-19
SUB5178465,5.38,2.74,1.02,1.41,121.59,1,1,35-44,Postpaid_Basic,5G_Device,4G,2026-04-05
SUB9785064,1.04,1.44,0.14,0.15,44.91,0,0,45-54,Postpaid_Basic,Mid_Range,4G,2026-03-24
SUB6708297,0.38,0.52,0.05,0.16,56.33,0,1,55+,Postpaid_Premium,Tablet,3G,2026-04-13
SUB1898704,2.45,2.1,0.53,0.6,89.91,0,1,18-24,Prepaid_Daily,Tablet,3G,2026-03-31
SUB9563645,4.29,4.59,0.5,2.88,63.21,0,0,25-34,Postpaid_Unlimited,Premium_Smartphone,4G,2026-04-15
SUB6243762,1.47,0.98,0.09,1.21,43.87,0,0,45-54,Postpaid_Basic,5G_Device,3G,2026-03-20
SUB8753472,0.07,1.68,1.99,1.83,118.53,0,0,45-54,Postpaid_Unlimited,5G_Device,4G+,2026-04-01
SUB9231691,0.63,0.26,0.03,0.05,14.3,0,0,35-44,Postpaid_Basic,Basic_Phone,4G,2026-03-23
SUB2696609,0.4,0.39,1.11,0.67,40.26,0,0,25-34,Prepaid_Monthly,5G_Device,3G,2026-03-28
SUB4569769,4.12,1.72,0.66,0.45,147.47,0,1,25-34,Postpaid_Basic,Premium_Smartphone,5G,2026-03-27
SUB4609684,7.09,6.0,1.27,1.11,61.45,0,0,18-24,Postpaid_Premium,5G_Device,4G,2026-03-28
SUB1028885,0.05,0.13,0.36,0.36,83.72,0,0,55+,Prepaid_Monthly,Premium_Smartphone,5G,2026-04-11
SUB5590723,7.74,6.0,0.97,1.29,165.1,1,0,18-24,Postpaid_Unlimited,Premium_Smartphone,5G,2026-04-15
SUB3812753,1.21,3.5,0.57,0.08,135.08,0,0,35-44,Postpaid_Basic,5G_Device,4G+,2026-03-21
SUB5589764,8.0,6.0,0.18,2.31,169.98,1,1,35-44,Postpaid_Unlimited,Premium_Smartphone,5G,2026-04-15
SUB4129985,5.59,1.79,2.07,1.37,64.89,0,0,25-34,Postpaid_Unlimited,Premium_Smartphone,4G,2026-04-01
SUB2379339,2.84,0.62,1.6,4.92,122.96,1,0,25-34,Postpaid_Premium,Premium_Smartphone,4G,2026-04-17
SUB3118736,1.46,1.13,1.35,0.2,110.93,1,0,35-44,Postpaid_Basic,Premium_Smartphone,4G,2026-04-02
SUB9045409,1.81,0.97,0.33,0.51,51.78,1,0,25-34,Postpaid_Basic,Mid_Range,4G,2026-03-24
SUB1819973,0.23,4.85,0.21,0.54,46.66,0,1,25-34,Postpaid_Premium,Mid_Range,4G,2026-04-14
SUB3650503,2.81,0.87,0.77,0.58,59.93,0,0,25-34,Postpaid_Basic,Mid_Range,4G,2026-03-22
SUB2118844,0.56,1.58,0.03,0.0,57.75,0,0,45-54,Postpaid_Premium,Mid_Range,5G,2026-04-04
SUB6701048,2.05,0.01,0.04,0.15,29.18,0,0,55+,Postpaid_Premium,Mid_Range,3G,2026-04-02
SUB4894142,1.17,3.67,0.2,0.85,84.82,0,1,35-44,Postpaid_Basic,Premium_Smartphone,3G,2026-03-19
SUB7462280,0.63,1.0,0.02,0.16,63.51,0,0,45-54,Postpaid_Basic,Premium_Smartphone,4G,2026-03-31
SUB8042049,1.79,2.22,0.66,0.12,71.48,1,1,25-34,Prepaid_Daily,Mid_Range,5G,2026-04-10
SUB6638663,0.29,0.25,0.04,0.06,32.82,0,0,35-44,Prepaid_Monthly,Basic_Phone,4G+,2026-04-16
SUB7226659,1.2,3.08,0.61,0.67,91.7,0,0,55+,Postpaid_Unlimited,Premium_Smartphone,4G,2026-03-24
SUB3781652,8.0,1.5,1.5,0.03,133.46,1,0,25-34,Postpaid_Premium,Premium_Smartphone,5G,2026-03-22
SUB3091219,4.47,1.44,0.27,0.09,33.2,0,1,18-24,Prepaid_Daily,Mid_Range,3G,2026-04-16
SUB5217635,0.24,0.83,0.3,0.64,47.88,1,0,55+,Postpaid_Unlimited,Mid_Range,4G,2026-04-14
SUB9836621,0.02,0.06,0.03,0.01,46.67,0,1,45-54,Prepaid_Daily,Mid_Range,3G,2026-04-01
SUB3286319,2.24,1.91,0.16,0.93,49.49,0,0,25-34,Postpaid_Basic,5G_Device,4G,2026-04-03
SUB1931253,0.08,0.33,0.3,0.15,98.0,0,0,55+,Prepaid_Daily,Premium_Smartphone,4G+,2026-04-17
SUB2844053,0.11,0.33,0.67,0.51,24.94,0,0,25-34,Postpaid_Unlimited,Basic_Phone,3G,2026-04-14
SUB1542955,0.6,1.0,0.7,0.06,67.28,0,0,25-34,Postpaid_Unlimited,Mid_Range,5G,2026-04-13
SUB4307735,2.35,3.32,3.11,0.0,188.86,1,0,35-44,Postpaid_Basic,Tablet,5G,2026-03-19
SUB5791126,4.7,0.47,0.07,1.65,136.12,0,0,25-34,Prepaid_Monthly,Premium_Smartphone,5G,2026-04-14
SUB9761753,1.28,0.18,0.82,0.34,37.33,0,0,35-44,Postpaid_Basic,Mid_Range,3G,2026-04-04
SUB3053413,1.39,1.18,1.37,0.26,58.6,0,0,18-24,Postpaid_Premium,5G_Device,4G,2026-04-12
SUB7685941,1.74,1.09,0.38,0.0,35.78,0,0,18-24,Prepaid_Monthly,Mid_Range,3G,2026-04-11
SUB2657387,0.35,2.65,0.06,0.25,74.21,0,1,25-34,Prepaid_Monthly,Premium_Smartphone,3G,2026-04-15
SUB3791241,1.33,3.98,4.0,0.12,109.99,0,1,35-44,Postpaid_Premium,Mid_Range,5G,2026-03-24
SUB9037821,0.59,0.56,1.32,0.02,56.83,0,1,18-24,Prepaid_Monthly,Mid_Range,4G,2026-04-03
SUB2220985,0.44,0.29,0.01,0.05,116.3,1,0,55+,Prepaid_Daily,Premium_Smartphone,5G,2026-04-17
SUB9734352,0.65,3.34,0.24,0.02,51.86,0,0,35-44,Postpaid_Basic,Mid_Range,4G,2026-04-04
SUB3604325,0.76,1.07,0.77,0.18,12.15,1,0,18-24,Postpaid_Premium,Basic_Phone,3G,2026-04-03
SUB3761623,4.72,6.0,4.0,1.6,121.23,1,0,25-34,Postpaid_Unlimited,5G_Device,5G,2026-04-09
SUB2676850,0.43,0.11,0.15,0.03,40.98,0,0,45-54,Prepaid_Daily,Basic_Phone,5G,2026-04-06
SUB4783799,5.35,3.69,0.28,0.36,55.5,0,1,25-34,Postpaid_Basic,Premium_Smartphone,3G,2026-04-03
SUB6709716,1.52,0.38,0.19,0.25,69.09,0,0,18-24,Prepaid_Monthly,Mid_Range,4G+,2026-03-27
SUB4886932,0.56,2.55,4.0,1.96,118.61,1,1,18-24,Prepaid_Monthly,5G_Device,4G,2026-03-29
SUB1432184,4.69,2.28,0.16,0.32,78.11,0,0,25-34,Postpaid_Basic,Tablet,5G,2026-03-26
SUB3336806,1.51,0.22,0.65,0.01,40.33,1,0,25-34,Prepaid_Daily,Mid_Range,3G,2026-03-25
SUB8517201,2.34,1.64,1.47,0.84,167.15,1,1,35-44,Prepaid_Monthly,Premium_Smartphone,4G,2026-03-27
SUB3908087,0.76,3.44,0.05,0.7,158.78,0,1,55+,Postpaid_Premium,5G_Device,4G+,2026-04-16
SUB1658139,0.25,2.48,0.61,1.46,47.91,1,0,18-24,Postpaid_Basic,Mid_Range,4G+,2026-04-17
SUB3970424,0.64,1.54,1.07,0.05,98.12,0,0,45-54,Postpaid_Unlimited,Premium_Smartphone,4G,2026-04-04
SUB7592863,0.39,0.07,0.09,0.11,132.66,0,0,55+,Prepaid_Monthly,5G_Device,4G+,2026-04-14
SUB9234955,0.17,0.47,0.12,0.12,38.79,0,0,55+,Postpaid_Basic,Mid_Range,4G,2026-04-04
SUB7608687,2.32,0.39,0.13,0.02,102.76,0,0,55+,Prepaid_Monthly,5G_Device,4G+,2026-04-14
SUB5105513,0.23,1.19,0.26,1.09,104.15,1,0,45-54,Prepaid_Monthly,Mid_Range,5G,2026-04-02
SUB7215241,1.63,1.69,0.21,0.05,68.41,0,0,35-44,Postpaid_Unlimited,Premium_Smartphone,4G,2026-04-16
SUB5317293,8.0,1.25,0.72,0.32,69.09,1,1,25-34,Postpaid_Premium,Mid_Range,4G+,2026-03-22
SUB4061481,3.33,1.18,0.07,0.25,66.96,1,0,25-34,Prepaid_Monthly,Premium_Smartphone,4G,2026-04-01
SUB7053912,0.63,2.56,0.22,0.05,75.9,1,0,45-54,Postpaid_Premium,Mid_Range,4G,2026-03-20
SUB9688458,3.05,4.6,0.19,1.76,49.71,0,0,25-34,Postpaid_Unlimited,Mid_Range,4G,2026-03-28
SUB6604065,4.47,0.21,0.42,0.41,97.12,0,0,18-24,Prepaid_Daily,Premium_Smartphone,4G+,2026-03-31
SUB9429747,1.13,0.59,0.25,0.08,112.41,1,0,18-24,Prepaid_Monthly,Mid_Range,5G,2026-04-07
SUB1303446,0.22,1.41,0.0,0.05,44.08,1,0,45-54,Prepaid_Monthly,Mid_Range,4G,2026-04-14
SUB4371484,0.27,1.05,0.63,3.75,73.44,1,0,45-54,Postpaid_Unlimited,Mid_Range,4G,2026-03-22
SUB2398558,0.57,0.33,0.78,0.82,43.3,1,0,25-34,Prepaid_Daily,Mid_Range,4G,2026-03-20
SUB3761158,0.9,1.96,0.23,4.89,119.14,0,1,25-34,Prepaid_Monthly,Premium_Smartphone,4G,2026-03-31
SUB2717479,0.22,0.43,0.09,0.02,19.41,1,0,35-44,Postpaid_Basic,Basic_Phone,3G,2026-03-26
SUB2045716,0.61,2.7,1.02,0.09,100.72,0,0,18-24,Postpaid_Basic,5G_Device,4G,2026-04-10
SUB4823873,1.07,0.3,0.18,0.86,54.02,0,0,35-44,Postpaid_Premium,Premium_Smartphone,3G,2026-03-21
SUB3961937,0.46,1.51,0.25,0.08,29.36,0,0,25-34,Prepaid_Monthly,5G_Device,3G,2026-03-31
SUB4693793,0.27,0.58,0.14,0.08,61.36,0,0,55+,Postpaid_Basic,Mid_Range,5G,2026-04-03
SUB7115762,8.0,1.75,0.19,0.39,82.56,0,1,25-34,Postpaid_Unlimited,Premium_Smartphone,3G,2026-04-02
SUB3553589,0.24,2.41,0.2,0.02,51.03,0,0,35-44,Prepaid_Monthly,Mid_Range,5G,2026-03-24
SUB7197649,0.17,0.44,0.02,0.03,11.9,0,1,35-44,Prepaid_Monthly,Basic_Phone,3G,2026-03-19
SUB2698413,2.95,1.14,0.38,0.7,99.84,1,0,25-34,Postpaid_Premium,5G_Device,4G,2026-04-10
SUB1137799,4.81,3.74,0.17,0.15,182.77,1,0,18-24,Postpaid_Premium,5G_Device,5G,2026-03-29
SUB5960124,1.95,1.89,0.12,0.0,58.58,0,0,25-34,Prepaid_Monthly,Mid_Range,4G,2026-03-27
SUB9570397,0.91,0.3,0.22,0.1,94.79,0,1,55+,Prepaid_Monthly,5G_Device,4G+,2026-04-08
SUB4817780,1.59,4.2,2.35,1.66,110.92,0,1,25-34,Postpaid_Premium,5G_Device,4G,2026-03-19
SUB8895945,1.24,0.77,0.33,0.11,51.62,0,1,35-44,Postpaid_Premium,Mid_Range,4G,2026-03-26
SUB9151382,1.46,1.0,1.03,0.51,76.03,1,0,55+,Postpaid_Unlimited,Mid_Range,4G+,2026-03-21
SUB5170163,2.11,2.21,0.19,0.02,62.24,0,0,45-54,Postpaid_Premium,Mid_Range,4G+,2026-04-03
SUB5628656,3.18,0.7,1.69,0.21,97.23,0,1,35-44,Prepaid_Monthly,Mid_Range,5G,2026-04-04
SUB7144138,0.74,0.74,0.04,0.05,29.23,0,0,35-44,Postpaid_Premium,Mid_Range,4G,2026-04-17
SUB6882049,0.13,0.16,0.2,0.01,46.56,0,1,55+,Prepaid_Daily,Mid_Range,4G,2026-04-04
SUB6688505,0.12,0.5,0.06,0.0,36.23,0,0,55+,Postpaid_Unlimited,Basic_Phone,5G,2026-04-14
SUB8687331,0.43,1.92,0.27,0.04,26.79,0,1,55+,Postpaid_Premium,Mid_Range,4G,2026-03-20
SUB5306080,1.12,1.46,0.15,0.08,58.07,1,0,35-44,Postpaid_Basic,Mid_Range,4G,2026-04-06
SUB8073575,2.46,0.83,2.29,0.75,66.49,1,0,25-34,Postpaid_Basic,Mid_Range,5G,2026-04-11
SUB7805080,0.54,0.46,0.0,0.41,60.57,1,0,18-24,Prepaid_Daily,Basic_Phone,5G,2026-04-13
SUB1212803,1.12,1.04,0.72,0.29,118.81,0,0,25-34,Prepaid_Daily,Premium_Smartphone,5G,2026-04-01
SUB3255913,0.56,1.09,0.55,0.01,75.31,0,1,55+,Prepaid_Monthly,Premium_Smartphone,4G+,2026-04-17
SUB9006546,3.78,2.14,0.16,0.15,79.07,0,0,45-54,Postpaid_Premium,5G_Device,4G+,2026-03-24
SUB7789329,0.47,1.54,0.17,0.36,87.24,0,0,25-34,Postpaid_Basic,Tablet,4G,2026-04-03
SUB5215645,1.45,1.84,0.06,0.02,54.45,1,0,25-34,Prepaid_Monthly,Mid_Range,3G,2026-03-24
SUB7651154,4.85,2.33,0.3,0.86,69.89,0,0,25-34,Postpaid_Premium,Mid_Range,5G,2026-04-05
SUB3870581,0.51,2.22,0.28,0.66,63.59,1,0,25-34,Prepaid_Monthly,Premium_Smartphone,3G,2026-04-01
SUB8689935,2.78,1.05,1.38,1.45,57.76,1,1,35-44,Postpaid_Premium,Mid_Range,4G,2026-04-05
SUB8015232,3.38,1.05,0.24,0.07,70.53,1,1,25-34,Postpaid_Basic,Basic_Phone,5G,2026-03-22
SUB9120459,3.96,0.56,0.2,0.51,95.37,1,0,18-24,Postpaid_Basic,Mid_Range,5G,2026-04-12
SUB6014049,1.22,0.64,0.18,1.45,52.82,0,0,25-34,Prepaid_Monthly,Mid_Range,5G,2026-04-11
SUB7600500,6.09,2.28,0.75,0.73,60.99,0,1,18-24,Postpaid_Unlimited,Mid_Range,4G,2026-03-26
SUB1078840,0.9,1.42,0.09,0.02,87.24,0,1,55+,Prepaid_Daily,Tablet,4G+,2026-04-03
SUB6408647,1.87,1.36,1.25,0.67,143.32,0,0,25-34,Prepaid_Daily,Premium_Smartphone,5G,2026-03-28
SUB1161297,0.55,0.29,0.31,0.42,185.83,0,1,55+,Postpaid_Basic,Premium_Smartphone,5G,2026-04-13
SUB2931375,7.04,6.0,0.42,0.01,120.99,1,0,18-24,Postpaid_Unlimited,Premium_Smartphone,4G,2026-04-14
SUB5243460,1.06,2.06,0.07,2.13,67.53,1,0,18-24,Prepaid_Daily,Mid_Range,4G,2026-03-22
SUB3305433,1.69,0.17,0.66,0.01,49.44,1,0,35-44,Postpaid_Premium,Mid_Range,4G,2026-04-03
SUB6926069,4.23,0.79,0.33,0.14,145.04,1,0,45-54,Postpaid_Premium,5G_Device,5G,2026-03-31
SUB5220242,5.41,0.34,0.07,0.27,61.02,1,0,35-44,Postpaid_Basic,Mid_Range,4G+,2026-04-04
SUB7739202,1.74,0.06,0.06,0.37,16.9,1,0,18-24,Postpaid_Basic,Basic_Phone,5G,2026-03-26
SUB3087001,1.12,0.36,0.21,0.58,48.0,0,1,18-24,Prepaid_Monthly,Mid_Range,4G,2026-03-22
SUB3681722,0.2,0.39,0.86,0.23,47.92,1,1,35-44,Prepaid_Monthly,Basic_Phone,5G,2026-04-06
SUB4455673,0.04,0.77,0.03,0.23,8.85,0,0,18-24,Postpaid_Premium,Basic_Phone,5G,2026-04-06
SUB8605502,1.66,1.07,0.09,0.45,170.13,1,0,25-34,Prepaid_Daily,Premium_Smartphone,5G,2026-04-13
SUB9261195,0.82,1.18,0.48,0.61,33.73,0,0,35-44,Postpaid_Basic,Mid_Range,4G+,2026-04-07
SUB2731530,0.44,0.76,0.07,0.57,57.81,0,0,18-24,Prepaid_Monthly,Mid_Range,5G,2026-04-02
SUB6358699,2.33,3.04,0.26,0.16,63.48,0,0,18-24,Postpaid_Basic,5G_Device,4G,2026-03-29
SUB7773329,3.09,2.66,0.76,2.47,153.6,1,0,18-24,Postpaid_Basic,5G_Device,5G,2026-04-13
SUB9530508,1.62,0.55,0.02,0.23,67.05,0,1,55+,Postpaid_Unlimited,Premium_Smartphone,4G,2026-04-08
SUB6552612,0.33,4.14,4.0,1.19,157.05,1,1,25-34,Postpaid_Basic,Premium_Smartphone,4G,2026-04-04
SUB8089109,0.33,0.31,0.02,0.12,29.31,0,0,55+,Prepaid_Monthly,Basic_Phone,5G,2026-04-10
SUB7829313,7.68,1.45,1.13,0.2,92.94,0,1,25-34,Prepaid_Daily,5G_Device,4G,2026-04-11
SUB7212695,0.97,0.51,0.43,0.02,68.26,1,0,45-54,Postpaid_Basic,Premium_Smartphone,3G,2026-03-25
SUB5790287,1.41,1.92,0.47,0.27,109.17,0,0,18-24,Postpaid_Basic,Premium_Smartphone,5G,2026-03-24
SUB1253078,2.54,1.61,0.13,0.9,85.43,0,0,25-34,Postpaid_Premium,Premium_Smartphone,4G+,2026-04-09
SUB1368893,1.24,2.21,0.13,1.02,99.23,0,0,45-54,Postpaid_Basic,Premium_Smartphone,4G+,2026-04-14
SUB4101883,0.7,0.81,0.39,0.93,139.48,0,0,45-54,Postpaid_Premium,Premium_Smartphone,5G,2026-03-29
SUB6398856,7.05,0.91,0.73,0.25,197.05,1,1,45-54,Postpaid_Unlimited,Premium_Smartphone,4G+,2026-04-02
SUB1715295,0.8,1.95,0.4,0.12,76.25,0,0,45-54,Prepaid_Daily,Premium_Smartphone,5G,2026-04-07
SUB2878798,7.73,1.07,0.31,0.76,58.17,0,1,18-24,Postpaid_Premium,5G_Device,3G,2026-04-15
SUB5000740,0.35,1.67,0.24,0.19,48.86,1,0,25-34,Prepaid_Daily,Mid_Range,4G,2026-04-11
SUB2054212,0.39,0.33,0.09,0.01,34.44,1,1,25-34,Prepaid_Monthly,Basic_Phone,4G,2026-03-26
SUB3358730,0.29,0.38,0.21,0.79,53.02,0,0,45-54,Postpaid_Basic,Premium_Smartphone,4G,2026-03-21
SUB4485001,3.84,2.57,0.41,0.06,113.25,0,0,25-34,Postpaid_Premium,Tablet,5G,2026-04-02
SUB3080563,0.24,0.15,0.12,0.01,57.99,0,1,55+,Prepaid_Monthly,Mid_Range,4G,2026-04-04
SUB9672424,1.93,6.0,3.08,2.19,118.04,0,0,25-34,Postpaid_Premium,5G_Device,5G,2026-03-26
SUB5715697,0.84,2.64,0.05,0.04,105.97,1,0,35-44,Prepaid_Monthly,Premium_Smartphone,5G,2026-04-09
SUB6243534,1.83,0.2,0.44,0.01,106.65,1,0,25-34,Prepaid_Monthly,Premium_Smartphone,4G,2026-04-05
SUB8669510,2.34,0.39,3.96,1.22,130.63,1,0,25-34,Prepaid_Monthly,5G_Device,4G,2026-03-28
SUB1125851,2.06,2.93,1.85,1.72,94.74,0,0,35-44,Postpaid_Premium,5G_Device,5G,2026-04-14
SUB3650527,0.71,3.4,3.13,0.02,84.05,0,0,25-34,Prepaid_Daily,5G_Device,5G,2026-03-22
SUB5861282,0.06,0.16,0.16,0.02,12.53,1,0,55+,Prepaid_Monthly,Basic_Phone,4G,2026-03-27
SUB1794878,1.06,0.37,0.12,0.03,40.27,0,0,35-44,Prepaid_Monthly,Mid_Range,4G+,2026-04-17
SUB3053262,1.15,0.31,0.42,0.03,56.62,1,0,35-44,Prepaid_Monthly,Mid_Range,4G,2026-04-13
SUB2937135,1.06,1.34,0.22,0.01,104.72,0,1,45-54,Prepaid_Daily,5G_Device,4G,2026-03-24
SUB9186565,0.82,0.86,0.3,0.63,112.44,1,0,35-44,Prepaid_Daily,5G_Device,5G,2026-03-24
SUB7449728,0.6,1.05,0.23,0.02,33.54,0,0,35-44,Prepaid_Monthly,Mid_Range,4G,2026-04-11
SUB9614787,2.62,0.76,0.26,0.19,93.81,0,0,18-24,Postpaid_Basic,Mid_Range,5G,2026-04-07
SUB3072171,5.55,2.36,0.12,0.22,81.82,0,0,25-34,Prepaid_Monthly,5G_Device,5G,2026-03-22
SUB6460388,0.87,0.08,0.51,0.46,132.1,0,0,35-44,Postpaid_Premium,Premium_Smartphone,4G+,2026-03-27
SUB9381660,0.52,0.58,0.67,0.04,70.72,0,1,45-54,Prepaid_Monthly,Premium_Smartphone,4G,2026-04-07
SUB5544340,4.57,1.55,0.02,0.46,117.98,0,1,25-34,Prepaid_Monthly,5G_Device,4G+,2026-04-01
SUB7112240,8.0,0.89,0.3,0.32,42.39,0,0,18-24,Postpaid_Premium,Mid_Range,4G,2026-03-19
SUB2200346,0.21,0.29,0.11,0.25,26.25,0,0,35-44,Postpaid_Basic,Mid_Range,3G,2026-03-22
SUB9873895,1.36,2.55,0.24,4.25,101.86,1,0,18-24,Postpaid_Unlimited,5G_Device,4G,2026-04-04
SUB7214294,0.38,0.43,0.07,1.22,62.85,0,1,35-44,Prepaid_Monthly,Mid_Range,4G,2026-03-23
SUB2760399,5.69,1.86,0.28,0.25,32.32,0,0,35-44,Postpaid_Premium,Basic_Phone,5G,2026-04-17
SUB9684509,8.0,1.53,0.14,1.38,33.23,0,0,25-34,Postpaid_Premium,Mid_Range,4G,2026-03-25
SUB7136062,1.78,1.3,0.3,0.17,22.24,0,0,45-54,Postpaid_Unlimited,Mid_Range,4G,2026-03-30
SUB7347572,2.84,1.0,1.21,0.53,46.77,1,0,25-34,Postpaid_Unlimited,Mid_Range,5G,2026-03-28
SUB7435689,0.91,1.74,0.24,1.02,153.51,1,0,35-44,Prepaid_Daily,Premium_Smartphone,5G,2026-04-06
SUB5143403,0.18,3.44,0.95,0.41,129.83,0,0,18-24,Prepaid_Daily,Tablet,5G,2026-04-13
SUB3203531,1.88,5.96,2.47,5.15,84.12,1,1,25-34,Postpaid_Premium,Mid_Range,5G,2026-04-08
SUB2069412,2.74,0.93,0.23,0.83,94.96,1,1,45-54,Prepaid_Monthly,5G_Device,4G,2026-03-23
SUB5415743,0.32,0.56,0.49,0.32,19.83,0,0,18-24,Postpaid_Premium,Basic_Phone,4G,2026-04-04
SUB4303131,1.11,0.62,0.05,0.95,60.03,0,1,25-34,Prepaid_Daily,Mid_Range,4G,2026-04-17
SUB7266376,1.79,4.69,1.13,0.29,77.36,0,0,25-34,Postpaid_Premium,Premium_Smartphone,5G,2026-03-27
SUB3953028,0.51,3.68,0.1,0.04,93.07,0,0,18-24,Prepaid_Daily,Tablet,5G,2026-04-10
SUB8490291,1.59,2.76,0.74,1.05,112.89,0,1,25-34,Prepaid_Monthly,5G_Device,4G,2026-03-28
SUB6385909,2.51,5.32,0.33,1.21,66.18,1,0,18-24,Postpaid_Unlimited,Mid_Range,5G,2026-04-04
SUB1397595,0.09,0.18,0.08,0.01,34.29,0,0,55+,Prepaid_Daily,Mid_Range,3G,2026-04-11
SUB7188343,2.34,3.07,0.65,0.66,115.53,0,1,35-44,Prepaid_Monthly,5G_Device,5G,2026-03-30
SUB4793092,0.96,0.42,0.03,0.38,55.6,0,0,25-34,Prepaid_Daily,Mid_Range,5G,2026-03-20
SUB2731041,0.75,0.71,0.45,0.9,83.99,1,1,45-54,Postpaid_Unlimited,Premium_Smartphone,4G,2026-03-26
SUB8734125,0.35,1.06,0.51,0.22,46.35,1,0,18-24,Postpaid_Premium,Basic_Phone,5G,2026-04-11
SUB7113100,1.2,6.0,1.09,0.05,141.73,0,1,25-34,Postpaid_Premium,Premium_Smartphone,4G+,2026-04-02
SUB4590511,2.39,2.28,3.03,0.12,66.02,0,0,25-34,Postpaid_Basic,Premium_Smartphone,4G,2026-04-05
SUB3417209,4.05,0.97,0.62,1.09,92.39,1,0,18-24,Prepaid_Monthly,Premium_Smartphone,4G,2026-04-14
SUB1526925,0.25,0.47,0.35,0.13,74.4,0,0,45-54,Prepaid_Daily,5G_Device,4G,2026-04-17
SUB7757450,0.21,0.52,0.14,0.22,7.9,0,0,18-24,Prepaid_Monthly,Basic_Phone,4G,2026-04-14
SUB3925609,1.89,0.31,0.02,0.39,43.8,0,0,45-54,Postpaid_Basic,Mid_Range,4G,2026-04-17
SUB1606752,1.73,4.68,0.34,2.77,100.83,1,1,25-34,Postpaid_Premium,Mid_Range,4G,2026-03-21
SUB2339462,0.31,1.47,0.14,0.03,35.04,0,0,18-24,Prepaid_Monthly,Mid_Range,3G,2026-03-30
SUB7827575,0.05,0.2,0.01,0.02,12.34,0,0,35-44,Prepaid_Daily,Basic_Phone,3G,2026-04-16
SUB8687268,0.66,0.76,0.12,0.12,56.91,0,0,35-44,Prepaid_Monthly,Mid_Range,5G,2026-03-21
SUB7117682,0.39,2.83,0.04,0.01,45.14,0,0,25-34,Prepaid_Monthly,Mid_Range,4G,2026-03-28
SUB8204425,0.42,2.35,0.02,0.47,44.09,0,1,25-34,Prepaid_Daily,Tablet,3G,2026-04-10
SUB6158570,2.22,3.64,0.05,0.19,85.97,1,1,18-24,Prepaid_Daily,Premium_Smartphone,4G,2026-04-14
SUB5823416,0.29,0.55,0.23,0.14,90.51,0,1,55+,Prepaid_Daily,Premium_Smartphone,4G,2026-03-31
SUB6210766,5.39,3.22,0.93,3.05,118.5,0,1,25-34,Postpaid_Unlimited,Premium_Smartphone,5G,2026-04-13
SUB2137317,1.28,0.79,0.27,0.77,64.1,0,0,18-24,Prepaid_Monthly,Premium_Smartphone,3G,2026-03-19
SUB8358862,2.6,3.21,0.49,0.07,125.74,0,0,45-54,Postpaid_Premium,Premium_Smartphone,4G+,2026-03-28
SUB6560068,1.8,1.14,0.26,1.57,52.47,0,1,25-34,Prepaid_Monthly,Mid_Range,4G,2026-03-31
SUB3957532,0.26,1.99,0.67,0.07,75.55,0,0,18-24,Postpaid_Basic,Mid_Range,5G,2026-04-07
SUB3166354,0.08,0.1,0.03,0.02,32.16,0,0,25-34,Prepaid_Daily,Basic_Phone,4G+,2026-04-12
SUB1299189,1.88,1.19,0.63,1.06,28.12,0,0,35-44,Postpaid_Basic,5G_Device,3G,2026-04-10
SUB7508850,7.54,4.88,0.55,0.75,170.63,1,0,18-24,Prepaid_Monthly,5G_Device,5G,2026-04-16
SUB2559049,3.31,0.56,0.04,0.24,90.36,0,0,25-34,Prepaid_Daily,Premium_Smartphone,4G,2026-03-21
SUB7136821,1.49,1.7,0.15,2.42,41.49,1,1,45-54,Postpaid_Unlimited,Mid_Range,3G,2026-04-03
SUB3374494,2.69,0.85,1.58,0.36,145.51,1,0,18-24,Postpaid_Basic,Premium_Smartphone,5G,2026-03-22
SUB1504655,0.42,0.49,0.17,0.25,75.4,0,0,25-34,Prepaid_Monthly,Premium_Smartphone,4G,2026-04-07
SUB1236824,0.94,1.48,0.01,0.05,51.54,0,0,25-34,Prepaid_Monthly,Mid_Range,5G,2026-04-17
SUB4149409,1.17,2.51,0.05,0.01,62.59,0,1,35-44,Prepaid_Monthly,Mid_Range,4G,2026-03-26
SUB5548003,6.73,5.16,0.55,0.46,200.0,1,1,55+,Postpaid_Premium,5G_Device,5G,2026-04-05
SUB5025282,5.67,0.54,0.4,2.5,86.93,1,0,25-34,Postpaid_Basic,Premium_Smartphone,4G+,2026-04-09
SUB5166289,0.1,0.06,0.12,0.03,24.52,0,0,18-24,Prepaid_Daily,Basic_Phone,4G+,2026-03-31
SUB1093246,0.06,1.84,0.01,0.49,44.68,0,1,25-34,Prepaid_Daily,Mid_Range,4G,2026-03-25
SUB6338744,1.22,2.5,0.52,0.51,54.11,0,0,18-24,Postpaid_Basic,Mid_Range,4G,2026-04-12
SUB9597494,2.51,3.45,0.27,0.24,79.76,0,0,35-44,Prepaid_Monthly,Premium_Smartphone,4G+,2026-04-04
SUB3367713,0.54,4.66,0.07,2.2,85.59,0,0,18-24,Postpaid_Basic,Premium_Smartphone,5G,2026-04-16
SUB5063068,0.96,2.81,0.1,0.36,78.49,0,0,25-34,Postpaid_Premium,Premium_Smartphone,4G,2026-03-25
SUB3284798,0.82,0.62,1.52,1.12,75.88,0,0,25-34,Postpaid_Premium,Tablet,4G,2026-04-06
SUB2532337,0.4,4.36,0.38,0.19,57.9,0,0,25-34,Prepaid_Monthly,5G_Device,3G,2026-03-25
SUB1783566,0.77,1.98,0.46,0.27,68.51,0,0,35-44,Postpaid_Unlimited,5G_Device,4G,2026-04-16
SUB8596713,0.36,0.65,0.16,0.05,42.59,0,0,18-24,Prepaid_Daily,Mid_Range,4G,2026-03-22
SUB1779105,0.42,0.58,0.5,0.01,78.9,1,0,55+,Postpaid_Basic,Mid_Range,4G,2026-03-22
SUB8097065,0.24,1.37,1.28,0.05,33.49,0,0,25-34,Postpaid_Unlimited,Mid_Range,4G,2026-03-30
SUB1220326,0.75,0.33,0.2,0.01,95.84,1,0,55+,Postpaid_Basic,Mid_Range,4G+,2026-04-06
SUB5513552,2.01,2.41,2.43,0.78,139.01,0,0,25-34,Postpaid_Basic,5G_Device,5G,2026-04-05
SUB7637935,0.04,0.82,0.04,0.0,49.55,0,0,45-54,Prepaid_Daily,Mid_Range,4G,2026-03-22
SUB4522810,2.48,0.74,0.43,0.09,53.28,0,0,18-24,Postpaid_Premium,5G_Device,3G,2026-03-23
SUB6480354,0.35,1.17,0.36,0.02,152.85,0,1,35-44,Prepaid_Monthly,Premium_Smartphone,5G,2026-03-23
SUB7575273,1.17,0.73,0.96,0.03,34.33,0,0,25-34,Postpaid_Premium,Mid_Range,4G,2026-04-17
SUB5447321,1.19,2.1,0.02,0.0,78.99,1,0,25-34,Prepaid_Daily,Premium_Smartphone,3G,2026-04-12
SUB1651824,0.61,0.71,0.25,0.1,88.39,0,0,35-44,Prepaid_Daily,Mid_Range,5G,2026-04-16
SUB3906405,0.86,0.36,0.04,0.15,67.02,0,1,35-44,Prepaid_Monthly,Mid_Range,4G,2026-03-30
SUB6866645,1.58,1.54,0.48,0.13,81.26,0,1,35-44,Prepaid_Monthly,5G_Device,4G,2026-03-28
SUB9069552,8.0,1.34,1.54,2.17,200.0,1,1,18-24,Postpaid_Unlimited,Premium_Smartphone,5G,2026-04-17
SUB5569146,7.71,2.76,4.0,2.39,48.61,0,1,18-24,Postpaid_Unlimited,Mid_Range,3G,2026-04-14
SUB3470856,1.91,1.76,0.27,0.23,89.63,0,1,35-44,Postpaid_Basic,5G_Device,4G,2026-03-31
SUB4139782,1.01,0.86,0.01,0.22,14.46,0,0,18-24,Prepaid_Daily,Basic_Phone,4G,2026-03-28
SUB2650224,0.41,1.16,0.14,0.06,42.56,0,0,25-34,Prepaid_Monthly,Mid_Range,3G,2026-04-07
SUB2348055,2.16,0.14,0.01,0.1,38.87,0,0,18-24,Postpaid_Basic,Basic_Phone,5G,2026-03-23
SUB6095670,2.66,0.72,0.15,0.09,104.49,1,0,18-24,Prepaid_Daily,Mid_Range,5G,2026-04-17
SUB3230653,1.71,3.39,2.2,1.86,68.18,1,0,25-34,Postpaid_Premium,Mid_Range,5G,2026-04-14
SUB1584942,0.85,1.03,0.36,0.64,178.54,1,0,35-44,Prepaid_Daily,5G_Device,4G+,2026-04-13
SUB5563870,0.04,0.29,0.13,0.41,59.11,1,0,55+,Postpaid_Premium,Tablet,4G,2026-04-09
SUB2420654,4.15,1.72,0.3,2.78,104.32,1,0,25-34,Postpaid_Premium,5G_Device,4G,2026-04-15
SUB9355425,0.28,0.22,0.17,0.03,32.95,0,0,55+,Postpaid_Basic,Premium_Smartphone,3G,2026-04-08
SUB6869494,0.84,4.24,0.26,0.35,68.23,0,0,35-44,Postpaid_Premium,Premium_Smartphone,4G,2026-03-29
SUB9737456,0.74,0.87,0.3,0.11,76.51,0,0,55+,Postpaid_Premium,Premium_Smartphone,4G,2026-04-03
SUB2481177,1.42,4.15,0.02,0.81,106.45,0,1,45-54,Postpaid_Premium,Mid_Range,5G,2026-03-30
SUB1166991,1.89,0.53,0.22,0.1,129.95,1,0,35-44,Prepaid_Monthly,Premium_Smartphone,4G,2026-04-11
SUB5291256,0.18,0.24,0.73,1.23,85.11,0,0,25-34,Prepaid_Monthly,Tablet,4G,2026-04-12
SUB4992942,1.94,1.35,0.1,1.31,23.84,0,1,18-24,Postpaid_Unlimited,Basic_Phone,5G,2026-04-06
SUB5660110,0.55,1.71,0.13,0.58,57.08,0,0,18-24,Postpaid_Basic,Mid_Range,4G,2026-03-20
SUB6914063,0.34,1.52,0.11,0.18,66.27,0,0,55+,Postpaid_Premium,Mid_Range,4G+,2026-03-25
SUB9491485,0.13,0.28,0.11,0.29,26.64,0,0,55+,Postpaid_Basic,Mid_Range,4G,2026-04-17
SUB8998883,4.5,0.84,0.1,0.64,55.67,1,0,35-44,Prepaid_Daily,Premium_Smartphone,3G,2026-03-30
SUB8961813,1.21,1.82,0.56,0.57,102.75,0,0,45-54,Postpaid_Unlimited,Premium_Smartphone,4G+,2026-04-08
SUB7962544,0.12,0.11,0.01,0.01,19.04,0,0,55+,Prepaid_Daily,Basic_Phone,4G+,2026-03-28
SUB6118805,1.66,6.0,0.14,0.02,68.59,0,0,25-34,Postpaid_Unlimited,Mid_Range,4G,2026-03-29
SUB2545329,0.68,0.98,0.39,0.22,64.87,0,0,35-44,Prepaid_Monthly,Premium_Smartphone,3G,2026-04-12
SUB4072753,0.83,2.24,0.09,0.02,36.4,0,0,25-34,Prepaid_Monthly,Premium_Smartphone,3G,2026-04-09
SUB1391670,4.71,1.99,0.32,1.39,159.32,1,1,25-34,Prepaid_Monthly,5G_Device,4G,2026-04-11
SUB5626043,0.93,1.91,1.91,6.0,113.15,0,1,18-24,Postpaid_Unlimited,Mid_Range,5G,2026-03-30
SUB8627339,1.01,0.33,0.27,0.36,19.16,0,0,25-34,Postpaid_Unlimited,Basic_Phone,4G,2026-04-03
SUB2350339,3.82,0.62,0.52,0.11,24.61,0,0,35-44,Postpaid_Premium,Mid_Range,3G,2026-03-28
SUB4734942,1.31,0.74,1.75,0.22,114.18,1,1,25-34,Prepaid_Monthly,Mid_Range,5G,2026-03-30
SUB9429241,0.45,0.1,0.06,0.2,72.52,0,0,45-54,Prepaid_Daily,Mid_Range,4G+,2026-04-01
SUB4850404,4.87,2.85,0.35,0.25,84.31,1,1,25-34,Postpaid_Premium,Mid_Range,4G,2026-04-02
SUB8792590,4.42,1.25,0.01,0.15,86.21,0,1,18-24,Prepaid_Monthly,Premium_Smartphone,3G,2026-03-27
SUB3821105,0.22,0.31,0.09,0.25,55.5,1,0,45-54,Postpaid_Premium,Mid_Range,4G,2026-03-19
SUB1926109,8.0,2.69,0.91,0.06,121.74,1,1,35-44,Postpaid_Premium,5G_Device,5G,2026-04-05
SUB8659564,1.68,0.26,1.29,0.14,48.33,0,1,18-24,Prepaid_Monthly,Mid_Range,4G,2026-04-13
SUB6455249,0.52,0.09,2.3,0.29,60.21,0,0,25-34,Postpaid_Premium,Mid_Range,4G,2026-04-12
SUB1708669,1.06,0.37,0.89,0.72,44.27,0,0,25-34,Postpaid_Premium,Mid_Range,4G,2026-03-31
SUB7318499,0.19,0.16,0.22,0.32,39.15,0,0,55+,Postpaid_Unlimited,5G_Device,3G,2026-03-20
SUB5227939,0.56,1.18,0.08,0.01,93.96,0,1,35-44,Postpaid_Basic,Premium_Smartphone,4G,2026-04-05
SUB3307539,2.21,1.19,1.19,0.15,40.36,0,0,18-24,Postpaid_Premium,Mid_Range,4G,2026-04-06
SUB3596882,0.6,0.49,0.3,0.09,20.31,0,0,25-34,Postpaid_Basic,Basic_Phone,5G,2026-04-04
SUB4947526,0.48,3.25,0.92,0.44,115.31,0,1,45-54,Prepaid_Daily,Premium_Smartphone,4G,2026-04-14
SUB8433976,0.43,0.53,0.24,0.3,80.92,0,0,35-44,Prepaid_Daily,Premium_Smartphone,4G+,2026-03-19
SUB5650100,0.47,0.3,0.33,0.45,51.37,0,0,45-54,Prepaid_Daily,Mid_Range,4G,2026-04-04
SUB3998851,0.07,0.22,0.32,0.54,92.2,0,0,25-34,Prepaid_Daily,Premium_Smartphone,4G,2026-03-24
SUB4661306,0.47,0.25,0.01,0.02,64.16,0,0,45-54,Prepaid_Daily,Mid_Range,4G,2026-04-15
SUB1997057,0.2,0.32,0.03,0.1,22.95,0,0,45-54,Postpaid_Unlimited,Basic_Phone,4G,2026-03-29
SUB4674153,2.08,0.29,0.25,0.23,52.59,0,0,35-44,Postpaid_Basic,Premium_Smartphone,3G,2026-04-04
SUB5748584,1.13,1.24,0.29,0.98,59.35,0,0,25-34,Prepaid_Monthly,Tablet,4G,2026-03-28
SUB8303398,1.49,0.97,0.16,0.16,48.23,0,0,45-54,Prepaid_Monthly,Premium_Smartphone,3G,2026-04-06
SUB3212292,1.73,0.43,0.07,0.5,57.06,0,0,35-44,Postpaid_Basic,Mid_Range,4G,2026-03-26
SUB5370297,1.32,0.28,0.25,0.25,75.98,0,1,45-54,Prepaid_Daily,Mid_Range,5G,2026-04-17
SUB4618313,1.96,2.42,1.29,0.56,117.66,0,1,25-34,Prepaid_Monthly,5G_Device,5G,2026-04-16
SUB2384410,5.7,4.77,1.92,0.4,46.34,0,0,18-24,Postpaid_Unlimited,Mid_Range,4G,2026-03-22
SUB9674708,3.53,4.77,0.72,3.25,130.8,0,0,25-34,Postpaid_Premium,5G_Device,5G,2026-03-21
SUB8330395,1.22,6.0,1.24,1.26,151.91,1,0,25-34,Postpaid_Basic,Premium_Smartphone,5G,2026-03-31
SUB3048880,1.89,2.38,0.02,0.71,175.69,1,0,25-34,Postpaid_Basic,Premium_Smartphone,5G,2026-03-30
SUB3469606,0.69,0.69,0.98,0.1,43.59,0,0,25-34,Prepaid_Monthly,Mid_Range,4G,2026-04-09
SUB4039316,0.74,0.43,0.06,0.03,24.55,0,0,25-34,Postpaid_Basic,Basic_Phone,4G,2026-03-30
SUB2045533,0.83,0.36,0.61,0.15,93.68,0,0,45-54,Postpaid_Basic,Premium_Smartphone,4G,2026-03-31
SUB2285844,8.0,3.13,0.3,5.3,46.36,0,0,18-24,Postpaid_Premium,Tablet,4G,2026-04-14
SUB5673584,0.58,3.1,0.06,0.0,38.65,0,1,25-34,Prepaid_Daily,Mid_Range,4G,2026-04-16
SUB1787600,0.45,1.25,0.35,0.28,79.41,0,0,45-54,Postpaid_Premium,Premium_Smartphone,4G,2026-04-06
SUB5501572,1.07,3.33,0.4,0.06,86.49,1,0,35-44,Prepaid_Monthly,Premium_Smartphone,4G,2026-03-19
SUB7961848,0.16,0.98,1.51,0.02,68.62,0,0,35-44,Postpaid_Basic,Premium_Smartphone,4G,2026-03-29
SUB6557821,1.06,1.74,0.24,0.23,117.87,0,0,25-34,Postpaid_Basic,Premium_Smartphone,5G,2026-03-23
SUB2485619,1.15,0.12,4.0,0.3,50.58,0,0,25-34,Postpaid_Basic,Premium_Smartphone,4G,2026-04-08
SUB2838524,1.57,1.12,0.18,0.46,57.9,0,1,18-24,Postpaid_Basic,5G_Device,3G,2026-04-11
SUB1122026,1.49,0.51,0.29,0.48,44.04,0,0,25-34,Prepaid_Daily,Mid_Range,4G+,2026-04-15
SUB6122194,0.19,0.81,0.13,0.41,59.09,1,0,55+,Prepaid_Monthly,5G_Device,3G,2026-04-12
SUB1735053,1.3,1.32,0.3,0.94,171.24,1,1,35-44,Prepaid_Monthly,Premium_Smartphone,4G+,2026-04-17
SUB1562167,2.12,5.3,0.82,0.81,156.53,0,1,18-24,Prepaid_Daily,Premium_Smartphone,5G,2026-03-28
SUB9700349,0.07,0.19,0.18,0.02,25.68,0,0,45-54,Prepaid_Daily,Mid_Range,3G,2026-03-20
SUB2658800,3.59,1.64,1.99,0.19,91.95,0,0,25-34,Postpaid_Basic,Premium_Smartphone,4G,2026-03-24
SUB2807737,0.46,0.68,0.11,0.28,30.4,1,1,18-24,Prepaid_Daily,Basic_Phone,4G,2026-03-20
SUB4751531,1.36,0.79,0.27,0.08,61.33,0,0,45-54,Prepaid_Daily,Mid_Range,4G+,2026-04-02
SUB8919710,0.61,0.73,0.83,0.23,54.26,1,1,18-24,Postpaid_Basic,Basic_Phone,4G+,2026-03-26
SUB4031301,0.27,1.65,0.24,0.31,27.78,0,0,55+,Postpaid_Unlimited,5G_Device,3G,2026-03-30
SUB1144454,1.37,6.0,0.04,0.51,120.25,1,0,25-34,Postpaid_Premium,Premium_Smartphone,4G,2026-03-19
SUB8681556,0.25,4.23,0.38,1.12,35.94,0,0,35-44,Postpaid_Unlimited,5G_Device,3G,2026-04-05
SUB1254043,2.47,0.66,4.0,0.55,59.47,1,0,25-34,Postpaid_Basic,Premium_Smartphone,4G,2026-04-01
SUB5837502,3.51,1.92,0.25,0.3,96.91,0,1,25-34,Prepaid_Monthly,5G_Device,4G+,2026-04-06
SUB5814647,1.37,0.4,0.71,0.24,124.56,0,0,35-44,Postpaid_Premium,5G_Device,4G+,2026-04-11
SUB6631213,0.08,1.93,0.06,0.02,37.66,0,1,55+,Prepaid_Monthly,Mid_Range,4G,2026-03-27
SUB5924374,0.5,1.2,0.18,0.34,77.83,1,0,45-54,Prepaid_Daily,Mid_Range,4G,2026-04-12
SUB2845733,0.14,1.09,0.17,2.59,60.51,0,0,35-44,Prepaid_Monthly,Premium_Smartphone,4G,2026-04-06
SUB6800629,0.09,0.14,0.02,0.0,25.41,0,0,55+,Prepaid_Monthly,Basic_Phone,4G,2026-04-11
SUB8905435,4.93,4.61,4.0,0.44,136.61,1,0,25-34,Postpaid_Premium,Tablet,4G+,2026-04-11
SUB5304388,4.53,0.7,0.83,1.75,71.58,0,0,18-24,Postpaid_Basic,Mid_Range,5G,2026-04-11
SUB8321105,0.53,0.9,4.0,0.41,59.06,0,1,18-24,Prepaid_Daily,Premium_Smartphone,4G,2026-03-30
SUB1473006,0.39,0.41,0.08,0.09,69.87,0,0,35-44,Postpaid_Unlimited,5G_Device,3G,2026-03-30
SUB6584581,0.27,2.44,0.41,0.07,75.35,0,1,45-54,Postpaid_Basic,Mid_Range,4G+,2026-04-05
SUB8149148,0.34,0.3,0.26,1.06,69.06,0,0,35-44,Postpaid_Basic,Mid_Range,5G,2026-03-25
SUB9462176,0.61,1.1,0.01,0.34,43.06,0,1,55+,Postpaid_Unlimited,Mid_Range,4G,2026-03-23
SUB8256300,0.77,1.18,0.15,0.01,97.29,0,0,35-44,Prepaid_Daily,Premium_Smartphone,4G,2026-04-02
SUB2197442,2.06,1.15,0.13,0.08,19.82,1,0,25-34,Postpaid_Premium,Basic_Phone,3G,2026-04-03
SUB2199529,0.91,2.01,2.51,0.32,103.35,0,0,18-24,Prepaid_Monthly,Premium_Smartphone,4G,2026-04-03
SUB2790228,0.16,0.33,0.2,0.05,35.07,0,0,55+,Postpaid_Premium,Premium_Smartphone,3G,2026-04-05
SUB8052514,3.71,2.76,1.3,3.99,102.89,1,1,18-24,Postpaid_Unlimited,Premium_Smartphone,4G,2026-04-09
SUB3323176,1.42,2.34,1.55,1.2,120.72,1,0,25-34,Postpaid_Basic,Mid_Range,5G,2026-04-16
SUB9860286,0.66,0.77,0.12,0.93,70.44,0,1,25-34,Prepaid_Daily,Mid_Range,5G,2026-04-08
SUB7017004,1.2,2.99,0.35,0.27,88.48,0,1,25-34,Prepaid_Daily,Premium_Smartphone,4G,2026-04-02
SUB5208694,0.45,0.16,0.03,0.09,33.68,0,0,35-44,Prepaid_Monthly,Mid_Range,3G,2026-04-12
SUB1497619,0.61,6.0,0.16,1.11,143.19,1,0,18-24,Postpaid_Premium,5G_Device,5G,2026-04-11
SUB1218547,0.66,0.44,0.17,0.1,75.13,1,0,55+,Prepaid_Monthly,Mid_Range,4G,2026-04-11
SUB9940203,1.4,6.0,1.1,0.55,160.53,0,1,25-34,Prepaid_Monthly,Premium_Smartphone,4G+,2026-04-03
SUB5421740,1.27,1.43,0.44,0.17,62.09,1,0,35-44,Postpaid_Premium,Premium_Smartphone,4G,2026-04-03
SUB8364534,0.91,1.59,0.41,0.02,50.66,0,0,35-44,Prepaid_Daily,Premium_Smartphone,4G,2026-04-08
SUB9353135,2.37,1.08,0.03,2.29,89.03,1,0,35-44,Postpaid_Premium,Tablet,4G,2026-03-29
SUB4858804,0.38,0.52,0.05,0.04,67.44,0,0,55+,Prepaid_Monthly,Mid_Range,5G,2026-03-25
SUB3325452,0.67,0.33,0.34,0.65,60.76,0,0,18-24,Prepaid_Daily,5G_Device,3G,2026-04-02
SUB6212360,0.05,0.61,0.19,3.66,70.14,1,0,18-24,Prepaid_Daily,Mid_Range,4G+,2026-04-03
SUB1928252,3.76,2.63,1.24,2.41,78.23,0,0,18-24,Postpaid_Unlimited,Mid_Range,5G,2026-03-21
SUB9975681,0.35,0.98,0.25,0.45,69.88,1,1,45-54,Postpaid_Basic,Mid_Range,4G+,2026-03-25
SUB1600338,0.31,0.3,0.01,0.28,143.67,0,1,55+,Prepaid_Monthly,Premium_Smartphone,4G+,2026-04-02
SUB1074231,1.36,1.16,1.58,1.41,90.82,0,1,25-34,Postpaid_Basic,Premium_Smartphone,4G,2026-04-04
SUB7365062,2.01,3.9,0.03,0.37,73.21,1,0,35-44,Postpaid_Premium,Premium_Smartphone,4G,2026-04-05
SUB6546686,0.21,3.33,0.24,0.38,73.26,1,0,18-24,Prepaid_Monthly,Premium_Smartphone,4G,2026-03-28
SUB4526185,4.14,0.1,2.97,6.0,154.68,1,1,18-24,Postpaid_Premium,5G_Device,4G,2026-03-23
SUB5145466,0.33,0.64,0.13,0.46,70.11,0,0,35-44,Prepaid_Monthly,5G_Device,3G,2026-04-07
SUB3593050,1.48,0.53,0.44,0.28,73.9,0,1,18-24,Prepaid_Daily,Mid_Range,4G+,2026-04-17
SUB4113534,3.03,1.03,0.87,0.05,37.05,0,0,25-34,Postpaid_Basic,Mid_Range,4G+,2026-04-12
SUB4600957,5.87,1.41,0.14,0.04,92.98,0,1,35-44,Prepaid_Daily,Mid_Range,5G,2026-04-07
SUB7453859,0.47,1.29,0.07,0.34,55.05,0,0,45-54,Postpaid_Unlimited,Mid_Range,4G,2026-04-04
SUB9905808,1.29,0.21,0.49,0.25,76.52,1,0,25-34,Prepaid_Daily,Mid_Range,5G,2026-03-25
SUB6124524,1.88,1.99,0.01,0.14,61.15,0,1,35-44,Postpaid_Premium,Mid_Range,5G,2026-04-14
SUB5377987,1.0,1.35,0.45,3.13,54.13,0,0,25-34,Prepaid_Monthly,Tablet,4G,2026-04-11
SUB4839973,0.26,2.95,0.2,0.34,84.13,0,0,18-24,Postpaid_Premium,5G_Device,4G,2026-03-26
SUB2363864,0.6,1.58,0.08,0.62,79.05,1,0,35-44,Prepaid_Daily,5G_Device,4G,2026-03-26
SUB8536324,1.83,6.0,1.38,0.94,66.86,1,0,18-24,Postpaid_Unlimited,5G_Device,4G,2026-04-11
SUB6421251,2.31,3.3,0.01,0.25,67.94,0,0,18-24,Prepaid_Daily,Premium_Smartphone,3G,2026-03-31
SUB8228119,0.96,4.36,0.14,1.09,109.46,1,1,25-34,Postpaid_Premium,Mid_Range,5G,2026-04-01
SUB2960220,1.79,0.48,0.15,0.08,87.87,0,0,45-54,Postpaid_Basic,5G_Device,4G,2026-04-15
SUB4000264,0.65,0.63,0.09,0.14,37.51,0,0,18-24,Prepaid_Monthly,Basic_Phone,4G+,2026-03-29
SUB4514674,0.58,1.08,0.5,0.26,91.84,1,0,18-24,Prepaid_Monthly,Mid_Range,4G+,2026-03-31
SUB4073961,0.17,0.8,0.12,0.08,20.43,0,1,18-24,Postpaid_Premium,Basic_Phone,4G,2026-04-04
SUB9606776,0.23,0.8,0.18,0.3,22.53,0,0,25-34,Prepaid_Daily,Mid_Range,3G,2026-04-08
SUB1148178,2.3,2.74,0.32,0.4,166.96,1,0,35-44,Postpaid_Premium,5G_Device,5G,2026-03-19
SUB9446731,1.6,0.2,1.19,0.42,109.29,1,0,18-24,Prepaid_Monthly,5G_Device,4G,2026-03-20
SUB3208977,0.33,2.05,0.06,0.52,29.55,0,0,45-54,Postpaid_Unlimited,Mid_Range,3G,2026-04-03
SUB2217309,0.2,1.02,0.13,0.06,57.47,1,0,45-54,Postpaid_Basic,Mid_Range,4G,2026-04-17
SUB4370698,0.66,1.74,0.25,0.07,71.63,0,0,35-44,Prepaid_Daily,Mid_Range,4G+,2026-04-16
SUB9344854,0.99,2.26,1.03,0.65,107.87,1,1,25-34,Prepaid_Monthly,Premium_Smartphone,3G,2026-04-05
SUB8315664,0.76,1.34,0.14,0.06,29.95,0,1,25-34,Prepaid_Daily,Mid_Range,4G,2026-04-03
SUB6132928,2.0,2.67,0.03,0.1,53.73,0,0,25-34,Prepaid_Monthly,Tablet,4G,2026-03-19
SUB7874399,2.27,0.39,0.78,0.3,61.49,0,1,25-34,Prepaid_Monthly,Mid_Range,5G,2026-03-31
SUB6860616,1.28,1.13,0.3,0.4,55.52,0,0,18-24,Postpaid_Unlimited,Tablet,3G,2026-03-23
SUB3275598,0.08,0.48,0.01,0.05,24.72,0,0,35-44,Postpaid_Premium,Basic_Phone,5G,2026-03-31
SUB5892571,0.81,1.02,0.19,0.65,41.48,0,0,25-34,Prepaid_Daily,Premium_Smartphone,3G,2026-04-02
SUB5491260,0.1,0.75,0.25,0.73,93.62,1,0,18-24,Postpaid_Basic,Mid_Range,5G,2026-04-07
SUB9779116,1.24,3.2,1.13,0.06,139.88,1,0,25-34,Prepaid_Monthly,Premium_Smartphone,5G,2026-03-19
SUB6948491,0.24,0.23,0.14,0.37,25.73,0,0,18-24,Prepaid_Monthly,Basic_Phone,4G,2026-03-30
SUB1036160,0.16,0.61,0.19,0.02,164.31,0,1,55+,Prepaid_Daily,5G_Device,5G,2026-03-20
SUB1019156,2.5,1.14,1.74,0.75,66.23,0,0,18-24,Postpaid_Premium,Mid_Range,5G,2026-03-22
SUB8416240,1.71,6.0,4.0,2.28,104.19,0,0,45-54,Postpaid_Unlimited,Premium_Smartphone,5G,2026-04-01
SUB3570348,0.27,0.14,0.05,0.25,22.6,1,0,35-44,Prepaid_Monthly,Basic_Phone,4G,2026-04-15
SUB3562688,0.29,1.66,1.01,0.18,85.66,1,0,45-54,Prepaid_Monthly,Mid_Range,5G,2026-04-04
SUB7964745,1.05,0.78,0.07,0.07,31.36,0,0,25-34,Prepaid_Monthly,Mid_Range,3G,2026-03-29
SUB6474106,1.04,2.56,0.16,0.08,116.42,0,0,55+,Postpaid_Unlimited,Tablet,5G,2026-03-19
SUB8795807,0.62,0.27,0.3,0.06,30.31,0,1,18-24,Prepaid_Daily,Basic_Phone,4G,2026-03-25
SUB5914005,0.22,1.35,0.81,0.45,68.14,1,0,35-44,Postpaid_Basic,Mid_Range,5G,2026-03-28
SUB1881809,2.99,3.22,0.19,0.99,62.41,0,0,18-24,Postpaid_Unlimited,Mid_Range,4G,2026-04-05
SUB5499311,2.86,0.54,0.86,0.01,66.77,0,0,25-34,Prepaid_Daily,Premium_Smartphone,3G,2026-03-22
SUB7356895,0.42,0.03,0.39,0.61,57.12,1,1,35-44,Postpaid_Basic,Basic_Phone,5G,2026-03-31
SUB4808282,2.31,1.01,3.3,0.37,101.06,1,1,35-44,Prepaid_Daily,5G_Device,3G,2026-03-30
SUB1645649,1.17,0.68,4.0,0.01,56.97,0,0,25-34,Postpaid_Premium,Premium_Smartphone,4G,2026-03-23
SUB9601594,0.61,2.25,3.43,0.02,200.0,1,1,18-24,Prepaid_Monthly,Premium_Smartphone,4G+,2026-03-23
SUB7125488,0.11,0.91,0.57,1.48,42.07,0,0,35-44,Postpaid_Unlimited,Mid_Range,3G,2026-04-13
SUB9418385,6.78,3.72,0.19,0.48,96.91,1,0,25-34,Postpaid_Unlimited,Premium_Smartphone,4G,2026-04-10
SUB4402155,0.41,2.75,0.44,3.4,75.95,1,0,18-24,Postpaid_Premium,Mid_Range,4G+,2026-03-22
SUB4827271,1.62,0.65,0.02,0.07,48.2,1,1,55+,Postpaid_Basic,Mid_Range,3G,2026-04-06
SUB5614965,0.42,0.8,0.18,0.19,27.05,0,0,55+,Postpaid_Premium,Mid_Range,4G,2026-03-20
SUB1198110,1.09,0.24,0.15,0.81,92.27,0,0,45-54,Prepaid_Daily,Premium_Smartphone,5G,2026-04-02
SUB5079430,0.38,5.17,0.22,0.02,81.74,1,1,45-54,Prepaid_Monthly,Mid_Range,4G+,2026-04-05
SUB9803235,1.57,0.74,0.07,0.1,60.76,0,0,18-24,Prepaid_Daily,Mid_Range,5G,2026-03-25
SUB4732517,0.81,0.77,0.24,0.29,82.74,0,0,55+,Postpaid_Basic,Premium_Smartphone,4G+,2026-04-17
SUB4291066,0.25,1.96,0.2,0.5,28.42,1,0,25-34,Postpaid_Premium,Mid_Range,3G,2026-04-14
SUB8764461,0.97,5.73,1.18,3.05,42.26,0,1,18-24,Postpaid_Unlimited,Premium_Smartphone,3G,2026-03-29
SUB9119550,2.24,2.41,0.41,0.3,109.66,0,0,45-54,Postpaid_Premium,Premium_Smartphone,5G,2026-04-14
SUB9336562,0.34,3.62,0.38,0.23,68.72,1,0,18-24,Postpaid_Premium,Mid_Range,5G,2026-04-12
SUB5753954,0.53,0.51,0.61,0.49,44.36,0,0,25-34,Postpaid_Unlimited,Mid_Range,5G,2026-03-19
SUB7605188,0.17,5.65,0.05,0.81,61.65,0,0,18-24,Postpaid_Unlimited,Mid_Range,5G,2026-03-29
SUB2699547,1.38,2.69,0.18,0.51,101.45,0,0,25-34,Postpaid_Basic,Premium_Smartphone,4G+,2026-04-03
SUB5400131,0.12,0.87,0.16,0.24,84.74,0,1,35-44,Prepaid_Daily,Tablet,4G,2026-03-30
SUB7494374,2.28,0.66,2.36,0.55,62.77,1,0,25-34,Postpaid_Basic,Mid_Range,4G+,2026-04-12
SUB8638483,3.82,1.53,0.63,0.42,121.98,0,0,18-24,Postpaid_Basic,Premium_Smartphone,5G,2026-04-10
SUB9731032,0.46,1.3,0.99,0.26,71.99,0,0,25-34,Postpaid_Basic,Premium_Smartphone,4G,2026-04-13
SUB3940107,1.8,6.0,1.46,0.16,98.88,0,0,25-34,Postpaid_Unlimited,5G_Device,4G,2026-03-31
SUB3050241,2.01,5.98,1.48,0.38,175.89,1,0,25-34,Postpaid_Unlimited,Premium_Smartphone,5G,2026-03-24
SUB5934349,0.81,0.16,0.12,0.06,56.48,0,1,55+,Prepaid_Monthly,Basic_Phone,5G,2026-04-08
SUB2156245,1.59,0.37,0.04,0.26,72.44,0,0,25-34,Prepaid_Daily,Mid_Range,5G,2026-04-11
SUB5926622,1.44,0.36,0.67,0.36,139.4,0,0,45-54,Prepaid_Monthly,5G_Device,5G,2026-04-04
SUB1158998,3.2,1.25,0.28,0.14,91.69,0,1,18-24,Prepaid_Daily,Premium_Smartphone,4G,2026-03-26
SUB4762853,0.64,2.41,0.05,0.0,71.15,1,0,25-34,Prepaid_Monthly,Mid_Range,4G+,2026-03-31
SUB5050230,1.12,3.97,1.08,0.42,105.29,0,1,18-24,Postpaid_Unlimited,Mid_Range,5G,2026-04-11
SUB7184398,0.95,6.0,0.37,0.02,38.99,0,0,25-34,Prepaid_Monthly,Mid_Range,4G,2026-03-24
SUB9206336,3.81,1.68,0.11,0.08,104.32,0,0,18-24,Postpaid_Basic,5G_Device,5G,2026-04-10
SUB6170310,0.46,0.66,0.77,0.12,68.91,0,0,25-34,Prepaid_Daily,Premium_Smartphone,4G,2026-04-11
SUB5461918,1.53,3.59,1.24,0.29,118.04,1,1,25-34,Postpaid_Basic,Premium_Smartphone,4G,2026-04-02
SUB2808516,5.92,6.0,0.36,1.52,116.62,0,1,18-24,Postpaid_Unlimited,Mid_Range,5G,2026-04-03
SUB1956011,1.05,0.76,0.17,0.58,28.63,1,0,35-44,Postpaid_Premium,Basic_Phone,5G,2026-04-09
SUB4657905,0.28,0.04,0.01,0.04,35.37,0,0,55+,Prepaid_Daily,Basic_Phone,5G,2026-04-15
SUB4761509,7.94,4.22,0.69,0.49,55.0,0,0,18-24,Postpaid_Unlimited,Mid_Range,5G,2026-03-26
SUB5110993,0.08,2.55,0.1,0.14,44.89,0,0,35-44,Prepaid_Monthly,Mid_Range,4G,2026-04-15
SUB9681921,0.63,1.81,0.82,2.05,29.72,1,0,35-44,Postpaid_Premium,Mid_Range,4G,2026-04-13
SUB2717355,0.64,0.94,1.03,0.05,61.29,0,0,25-34,Prepaid_Daily,Mid_Range,4G+,2026-04-04
SUB6048336,0.61,1.47,0.09,0.76,84.84,0,0,45-54,Postpaid_Premium,Premium_Smartphone,4G,2026-03-30
SUB7848829,0.02,0.09,0.0,0.08,25.68,0,0,55+,Prepaid_Daily,Basic_Phone,4G,2026-04-10
SUB5900318,0.58,0.9,1.27,0.09,57.3,0,1,25-34,Postpaid_Basic,Mid_Range,5G,2026-03-30
SUB8970043,0.03,2.92,1.08,0.67,42.35,1,0,35-44,Postpaid_Basic,5G_Device,3G,2026-04-05
SUB9521722,0.02,3.67,0.38,0.02,89.09,0,0,35-44,Prepaid_Monthly,Mid_Range,4G+,2026-04-09
SUB5685942,2.05,1.38,0.32,1.08,50.35,0,0,25-34,Postpaid_Unlimited,Mid_Range,4G,2026-04-10
SUB7849221,1.35,1.39,0.16,0.76,136.76,0,0,25-34,Prepaid_Daily,5G_Device,5G,2026-04-10
SUB6583161,0.34,0.15,0.25,0.04,102.35,0,0,55+,Postpaid_Unlimited,Premium_Smartphone,5G,2026-04-10
SUB4968178,0.67,0.03,0.06,0.01,69.93,1,0,45-54,Prepaid_Monthly,5G_Device,3G,2026-03-23
SUB1139133,3.55,2.77,3.03,2.0,78.82,1,0,18-24,Postpaid_Premium,Mid_Range,5G,2026-03-20
SUB4809697,0.41,2.78,0.71,0.17,88.69,0,1,18-24,Postpaid_Premium,Tablet,4G,2026-03-23
SUB8637547,0.17,0.03,0.8,0.04,36.47,0,0,55+,Prepaid_Daily,Mid_Range,4G,2026-03-22
SUB1270001,2.66,0.9,0.9,0.31,70.35,0,0,18-24,Prepaid_Monthly,Tablet,4G+,2026-04-12
SUB5617631,1.42,4.01,1.56,1.64,131.86,0,0,35-44,Postpaid_Basic,5G_Device,5G,2026-04-05
SUB2399298,2.35,3.26,1.95,1.8,90.12,0,1,18-24,Postpaid_Premium,Premium_Smartphone,5G,2026-04-14
SUB5147413,3.44,1.91,0.94,2.16,84.62,0,0,18-24,Postpaid_Unlimited,Premium_Smartphone,4G+,2026-04-07
SUB6857109,3.17,2.34,0.4,0.95,51.72,0,0,18-24,Prepaid_Daily,5G_Device,3G,2026-03-31
SUB1782409,1.39,2.5,0.09,0.73,70.51,0,0,25-34,Prepaid_Monthly,Mid_Range,5G,2026-03-26
SUB8876146,3.48,6.0,0.31,5.51,126.21,0,1,18-24,Postpaid_Premium,Premium_Smartphone,5G,2026-03-31
SUB1713391,1.51,3.63,1.89,0.37,128.73,1,0,35-44,Postpaid_Basic,5G_Device,4G+,2026-04-17
SUB6755536,0.43,1.91,0.34,0.36,33.47,0,1,35-44,Postpaid_Unlimited,Basic_Phone,4G,2026-03-25
SUB1337164,4.22,2.69,0.19,0.46,93.12,1,0,25-34,Prepaid_Daily,5G_Device,4G+,2026-03-23
SUB8869815,0.31,2.99,0.31,0.17,78.23,0,0,35-44,Prepaid_Monthly,Premium_Smartphone,5G,2026-03-29
SUB3763779,2.71,2.15,0.36,0.48,69.48,0,0,25-34,Postpaid_Premium,5G_Device,3G,2026-04-04
SUB3858214,0.14,0.06,0.04,0.04,13.19,0,0,25-34,Prepaid_Monthly,Basic_Phone,3G,2026-03-29
SUB3234967,0.97,3.28,0.3,0.01,45.01,0,0,25-34,Postpaid_Premium,Mid_Range,4G,2026-04-14
SUB3020880,2.92,0.76,0.8,0.04,157.04,1,0,25-34,Prepaid_Daily,5G_Device,5G,2026-03-23
SUB7919219,0.62,0.06,0.08,0.34,28.62,0,0,55+,Postpaid_Basic,Mid_Range,4G,2026-04-07
SUB5243780,1.7,5.4,1.15,1.97,110.96,0,0,35-44,Postpaid_Premium,Premium_Smartphone,4G+,2026-03-31
SUB4893193,1.2,1.34,1.4,1.22,112.42,1,1,25-34,Prepaid_Monthly,5G_Device,4G,2026-03-21
SUB6681868,0.19,0.13,0.21,0.26,44.05,0,0,35-44,Prepaid_Daily,Mid_Range,3G,2026-04-10
SUB2255959,4.27,6.0,1.01,0.17,93.33,0,1,25-34,Postpaid_Unlimited,Premium_Smartphone,4G+,2026-04-01
SUB3113687,0.05,0.76,0.16,0.28,19.51,0,0,18-24,Postpaid_Unlimited,Basic_Phone,4G,2026-04-16
SUB7620090,8.0,6.0,1.26,0.04,84.45,0,0,25-34,Postpaid_Unlimited,Premium_Smartphone,5G,2026-03-20
SUB2619426,1.59,0.22,4.0,0.21,42.65,0,0,45-54,Postpaid_Unlimited,Mid_Range,4G,2026-03-28
SUB8005351,2.68,0.39,0.21,0.84,73.08,0,0,25-34,Prepaid_Daily,Premium_Smartphone,4G,2026-04-07
SUB8570095,0.62,3.46,0.25,0.13,99.71,1,0,45-54,Prepaid_Daily,5G_Device,4G,2026-04-05
SUB3138421,1.35,0.87,0.59,0.45,58.28,1,0,25-34,Prepaid_Daily,Mid_Range,4G+,2026-04-03
SUB6023198,8.0,0.41,1.47,0.72,61.99,0,1,25-34,Postpaid_Unlimited,Premium_Smartphone,3G,2026-03-21
SUB9673899,0.65,0.64,0.13,0.57,75.51,1,0,55+,Postpaid_Premium,Mid_Range,5G,2026-04-12
SUB2649959,0.73,0.29,0.19,0.0,52.84,1,1,25-34,Postpaid_Basic,Mid_Range,4G,2026-04-13
SUB8059916,4.73,0.58,0.93,1.66,94.76,1,0,45-54,Postpaid_Unlimited,Premium_Smartphone,4G,2026-04-11
SUB3188077,0.45,0.35,0.54,1.1,102.14,0,0,45-54,Postpaid_Basic,5G_Device,4G+,2026-04-15
SUB5784973,0.21,0.27,0.03,0.12,43.21,0,0,55+,Prepaid_Daily,Tablet,3G,2026-04-09
SUB4769484,0.88,0.19,0.29,0.03,23.74,0,0,18-24,Prepaid_Daily,Basic_Phone,4G+,2026-03-19
SUB2290906,0.48,2.66,0.9,0.68,101.84,0,1,25-34,Prepaid_Daily,Premium_Smartphone,4G+,2026-04-01
SUB2435367,3.66,0.43,0.54,0.36,51.76,0,0,45-54,Prepaid_Monthly,Premium_Smartphone,4G,2026-04-05
SUB9312048,3.7,1.02,0.65,0.21,85.99,1,1,35-44,Prepaid_Monthly,Tablet,4G,2026-03-31
SUB4246849,0.85,0.41,0.04,0.01,5.43,0,1,35-44,Postpaid_Premium,Basic_Phone,3G,2026-03-20
SUB9654584,1.29,3.65,0.84,1.06,88.77,1,0,18-24,Prepaid_Daily,5G_Device,4G,2026-03-25
SUB2605196,0.56,0.98,0.41,1.12,107.04,1,0,25-34,Postpaid_Premium,5G_Device,4G,2026-04-07
SUB6387059,0.42,3.52,0.2,0.94,75.61,0,0,25-34,Postpaid_Basic,5G_Device,4G+,2026-04-07
SUB2045851,1.84,4.15,2.53,3.92,101.42,1,1,25-34,Postpaid_Unlimited,Premium_Smartphone,4G,2026-04-12
SUB9466602,0.6,1.09,1.28,0.0,31.28,0,0,18-24,Postpaid_Premium,Mid_Range,4G,2026-03-22
SUB3664921,1.62,5.76,2.66,3.59,135.07,0,0,18-24,Postpaid_Unlimited,Premium_Smartphone,5G,2026-04-02
SUB2434730,2.01,1.39,0.04,1.3,51.43,1,0,18-24,Prepaid_Monthly,Mid_Range,5G,2026-03-21
SUB5071650,0.32,1.32,0.16,0.0,43.94,0,1,45-54,Prepaid_Daily,Mid_Range,4G,2026-04-17
SUB5354489,2.91,0.2,0.41,0.47,55.65,0,1,35-44,Postpaid_Basic,Mid_Range,4G,2026-04-12
SUB2958615,0.51,0.25,0.23,0.03,42.27,0,0,18-24,Prepaid_Daily,Mid_Range,3G,2026-03-30
SUB7502483,2.52,2.27,1.26,1.17,62.25,1,1,18-24,Postpaid_Basic,Mid_Range,4G,2026-04-15
SUB1978534,1.21,0.08,0.48,0.31,20.98,1,1,35-44,Prepaid_Monthly,Basic_Phone,4G,2026-04-06
SUB8701516,0.93,1.78,0.97,0.27,81.2,0,0,25-34,Postpaid_Basic,Mid_Range,5G,2026-03-28
SUB2318155,0.22,1.23,0.95,0.71,91.58,1,0,45-54,Postpaid_Unlimited,Premium_Smartphone,3G,2026-03-24
SUB1984588,1.92,1.23,0.59,0.64,83.31,0,0,45-54,Prepaid_Monthly,Mid_Range,5G,2026-03-27
SUB5449399,2.97,1.1,1.57,0.52,57.09,0,0,45-54,Postpaid_Unlimited,5G_Device,4G,2026-03-25
SUB5002761,1.36,1.75,0.9,1.12,153.4,1,0,35-44,Prepaid_Monthly,Premium_Smartphone,5G,2026-04-09
SUB1481632,0.54,3.82,0.41,0.19,76.62,0,0,25-34,Prepaid_Monthly,5G_Device,4G,2026-04-14
SUB8723047,0.19,0.87,0.12,0.2,42.97,0,0,35-44,Postpaid_Basic,Mid_Range,4G,2026-03-28
SUB7541173,5.51,3.98,0.91,0.06,112.88,1,0,18-24,Postpaid_Premium,5G_Device,4G,2026-04-08
SUB8998799,8.0,6.0,0.62,0.36,91.84,1,1,18-24,Postpaid_Premium,Tablet,4G,2026-03-20
SUB6275820,0.73,4.63,0.0,3.26,81.16,0,0,18-24,Postpaid_Premium,Mid_Range,5G,2026-04-10
SUB9918562,0.43,2.59,0.52,0.45,74.31,1,0,25-34,Prepaid_Monthly,Mid_Range,5G,2026-03-30
SUB8639298,1.56,2.48,0.78,0.22,150.61,1,0,18-24,Prepaid_Daily,Premium_Smartphone,4G+,2026-04-16
SUB8496196,0.67,0.45,0.71,0.08,75.22,1,0,18-24,Prepaid_Daily,Premium_Smartphone,3G,2026-03-22
SUB6104138,0.35,0.82,0.33,0.37,87.4,1,1,35-44,Prepaid_Monthly,Mid_Range,4G+,2026-03-20
SUB1026505,1.79,1.72,0.06,0.18,76.25,0,1,55+,Postpaid_Unlimited,5G_Device,4G,2026-03-21
SUB2650375,2.35,6.0,2.65,6.0,55.87,0,0,18-24,Postpaid_Unlimited,Premium_Smartphone,4G,2026-04-07
SUB1212204,0.39,2.98,0.05,0.23,106.95,0,1,25-34,Prepaid_Monthly,5G_Device,4G,2026-04-04
SUB8050305,1.16,0.39,1.02,0.31,30.22,0,0,18-24,Postpaid_Premium,Mid_Range,4G,2026-04-15
SUB9916776,0.1,0.12,0.13,0.06,48.39,0,0,55+,Postpaid_Basic,Mid_Range,4G,2026-03-29
SUB1973215,0.99,1.98,0.32,0.35,60.04,1,0,25-34,Prepaid_Daily,Mid_Range,4G+,2026-03-22
SUB1567827,1.1,0.67,0.06,0.86,65.64,1,0,45-54,Prepaid_Monthly,Mid_Range,4G,2026-03-31
SUB9325857,1.88,0.97,0.89,0.18,94.4,0,1,25-34,Postpaid_Basic,Tablet,4G,2026-03-23
SUB2267633,0.85,2.59,1.05,1.6,67.2,0,1,45-54,Postpaid_Premium,Premium_Smartphone,4G,2026-03-28
SUB4684815,0.16,2.86,0.3,2.11,77.98,1,0,18-24,Prepaid_Monthly,5G_Device,4G,2026-04-03
SUB3026182,6.11,6.0,0.01,4.74,121.33,0,1,25-34,Postpaid_Unlimited,Tablet,4G+,2026-03-29
SUB5638246,0.21,0.66,0.16,0.37,16.89,0,0,18-24,Postpaid_Basic,Basic_Phone,4G,2026-04-04
SUB9437392,1.23,0.68,0.04,0.3,57.55,0,0,25-34,Prepaid_Monthly,Mid_Range,4G,2026-04-03
SUB9377900,1.88,2.57,0.07,0.34,121.69,1,0,45-54,Prepaid_Monthly,5G_Device,4G+,2026-03-27
SUB3210186,1.85,1.96,4.0,0.95,59.35,0,0,35-44,Postpaid_Premium,Premium_Smartphone,4G,2026-04-07
SUB3531196,1.22,2.25,1.05,0.02,50.51,1,0,25-34,Postpaid_Basic,Premium_Smartphone,3G,2026-04-12
SUB4200090,0.3,0.7,0.04,0.17,84.19,0,0,55+,Postpaid_Premium,Mid_Range,5G,2026-04-07
SUB1053997,2.09,1.59,1.35,0.54,135.73,1,1,25-34,Prepaid_Monthly,5G_Device,4G,2026-04-13
SUB5375717,0.25,0.78,0.06,0.16,89.23,0,0,55+,Prepaid_Monthly,Premium_Smartphone,5G,2026-03-25
SUB6607423,2.35,0.17,0.09,0.18,100.66,0,0,18-24,Prepaid_Monthly,5G_Device,4G,2026-04-07
SUB3940504,0.32,0.5,0.03,0.01,72.7,0,0,55+,Prepaid_Daily,Tablet,4G,2026-03-24
SUB5934990,2.98,2.11,0.22,1.7,56.56,0,1,18-24,Postpaid_Premium,Premium_Smartphone,3G,2026-04-06
SUB9057907,2.64,0.48,0.06,0.28,117.46,0,1,25-34,Prepaid_Monthly,Premium_Smartphone,4G+,2026-04-01
SUB6721877,1.27,0.8,0.19,0.2,71.31,0,1,25-34,Prepaid_Monthly,Mid_Range,4G,2026-04-04
SUB9959601,0.38,0.75,2.47,0.21,99.84,1,0,25-34,Prepaid_Monthly,Mid_Range,4G+,2026-04-02
SUB6856494,1.05,1.93,0.36,0.22,78.48,1,0,35-44,Postpaid_Basic,Premium_Smartphone,4G,2026-03-31
SUB8760004,1.61,1.17,0.38,0.09,24.55,0,1,25-34,Postpaid_Premium,Basic_Phone,5G,2026-04-11
SUB7102493,0.16,0.5,0.23,0.02,138.19,0,0,55+,Postpaid_Premium,Tablet,5G,2026-04-16
SUB3593449,0.46,2.53,0.1,0.27,67.18,1,0,55+,Postpaid_Premium,Premium_Smartphone,4G,2026-04-03
SUB2018543,0.34,1.36,0.06,0.03,58.37,0,0,55+,Postpaid_Basic,Tablet,4G,2026-03-21
SUB9773713,0.1,0.41,0.28,0.54,96.48,1,0,55+,Prepaid_Monthly,Mid_Range,5G,2026-04-01
SUB7774870,0.44,0.55,1.54,0.0,54.2,0,0,45-54,Postpaid_Premium,5G_Device,4G,2026-04-01
SUB8104527,0.7,0.25,0.01,0.05,123.69,0,1,55+,Prepaid_Daily,Premium_Smartphone,5G,2026-03-23
SUB5227234,0.41,0.55,0.49,0.0,109.05,1,0,45-54,Postpaid_Premium,5G_Device,4G,2026-03-21
SUB2121889,0.37,4.76,0.71,0.13,69.3,1,0,25-34,Postpaid_Premium,Mid_Range,4G,2026-03-29
SUB4258881,7.36,2.43,0.32,0.09,126.22,1,0,45-54,Postpaid_Premium,Premium_Smartphone,4G,2026-04-12
SUB4631453,0.05,0.59,0.01,0.0,51.77,0,0,55+,Prepaid_Daily,Premium_Smartphone,3G,2026-04-10
SUB7524367,0.25,0.56,0.43,0.13,58.2,0,0,35-44,Postpaid_Unlimited,Mid_Range,4G,2026-03-22
SUB6338938,3.86,3.9,0.05,0.44,62.93,0,1,25-34,Postpaid_Premium,Mid_Range,4G,2026-04-16
SUB3185028,3.73,3.59,2.49,0.34,70.17,0,0,18-24,Postpaid_Premium,5G_Device,4G+,2026-03-23
SUB5803958,0.17,0.34,0.18,0.02,28.11,0,0,45-54,Prepaid_Daily,Basic_Phone,4G,2026-04-09
SUB9926299,0.6,0.23,0.07,0.05,47.1,0,0,55+,Prepaid_Monthly,Mid_Range,4G,2026-04-08
SUB4487924,1.57,2.39,0.03,0.45,59.93,0,0,25-34,Prepaid_Daily,Mid_Range,5G,2026-04-01
SUB1772838,2.9,2.75,0.03,1.24,74.04,0,1,18-24,Prepaid_Monthly,5G_Device,4G,2026-04-11
SUB1261420,1.01,3.08,0.43,0.48,81.46,0,0,25-34,Postpaid_Basic,Premium_Smartphone,4G+,2026-03-27
SUB1477843,1.95,0.97,0.37,1.81,61.81,0,0,35-44,Postpaid_Unlimited,Mid_Range,4G,2026-04-14
SUB5529943,0.7,6.0,1.02,0.1,50.18,0,0,25-34,Prepaid_Monthly,Mid_Range,4G+,2026-04-06
SUB5552538,1.12,1.9,0.12,0.8,103.03,0,1,35-44,Postpaid_Basic,5G_Device,4G,2026-03-24
SUB2825260,0.16,0.11,0.05,0.02,23.96,0,1,55+,Prepaid_Daily,Basic_Phone,4G,2026-04-17
SUB5775833,0.36,0.03,0.24,0.16,42.16,0,0,35-44,Prepaid_Monthly,Basic_Phone,5G,2026-03-27
SUB5187694,0.26,0.44,0.46,0.76,10.86,0,1,25-34,Postpaid_Unlimited,Basic_Phone,4G,2026-04-08
SUB4099834,1.33,2.48,1.01,0.82,164.41,1,0,55+,Postpaid_Premium,Premium_Smartphone,5G,2026-04-13
SUB7771158,1.27,2.48,0.64,6.0,70.69,1,0,35-44,Postpaid_Basic,Premium_Smartphone,4G,2026-03-22
SUB4564507,8.0,1.41,0.11,0.06,83.56,0,0,18-24,Prepaid_Monthly,Premium_Smartphone,4G,2026-03-31
SUB5299489,6.25,4.29,0.42,0.19,78.06,1,0,25-34,Prepaid_Monthly,Premium_Smartphone,4G,2026-04-09
SUB4182132,0.14,0.34,0.11,0.35,34.47,0,0,35-44,Prepaid_Daily,Mid_Range,4G,2026-04-12
SUB4440863,0.6,2.14,0.02,0.3,56.1,1,1,45-54,Prepaid_Monthly,Mid_Range,3G,2026-03-27
SUB8986322,0.43,0.14,0.12,0.0,57.92,0,0,55+,Prepaid_Daily,Mid_Range,5G,2026-04-14
SUB7637448,8.0,1.03,0.52,0.17,76.7,1,0,25-34,Postpaid_Premium,Mid_Range,5G,2026-04-08
SUB8135580,0.47,0.21,0.08,0.13,52.25,0,0,18-24,Prepaid_Daily,Mid_Range,4G+,2026-03-20
SUB5802738,1.73,1.54,0.12,0.09,91.46,0,0,18-24,Prepaid_Daily,Premium_Smartphone,4G,2026-04-01
SUB7779651,4.54,5.23,0.31,0.15,43.17,1,0,35-44,Postpaid_Premium,Mid_Range,4G,2026-03-28
SUB8871490,1.38,2.55,0.42,0.93,54.73,0,1,45-54,Postpaid_Unlimited,5G_Device,3G,2026-04-09
SUB1144375,2.12,4.22,0.05,0.28,66.8,0,0,25-34,Postpaid_Unlimited,Premium_Smartphone,4G+,2026-04-06
SUB8673919,1.97,2.92,0.37,0.0,65.34,0,1,25-34,Postpaid_Premium,Mid_Range,4G,2026-03-21
SUB6713948,1.56,0.34,0.19,0.16,74.32,1,0,55+,Prepaid_Monthly,Premium_Smartphone,4G,2026-04-14
SUB5229491,0.11,0.18,0.05,0.25,63.3,0,0,55+,Prepaid_Monthly,Premium_Smartphone,4G,2026-03-19
SUB9060426,5.82,6.0,2.57,5.02,129.89,0,1,18-24,Postpaid_Unlimited,5G_Device,4G,2026-04-16
SUB6183584,2.26,0.26,1.52,2.61,158.25,0,1,45-54,Postpaid_Unlimited,5G_Device,5G,2026-03-30
SUB6911993,0.93,1.02,0.81,2.09,78.56,0,0,35-44,Postpaid_Basic,Mid_Range,5G,2026-03-30
SUB4183818,3.58,3.25,3.37,0.44,139.72,1,1,18-24,Prepaid_Monthly,Premium_Smartphone,4G+,2026-04-12
SUB2518560,3.84,2.62,0.1,2.48,82.9,1,1,25-34,Prepaid_Monthly,Mid_Range,4G,2026-04-03
SUB2894420,0.3,6.0,0.18,0.5,74.56,0,0,18-24,Postpaid_Unlimited,Premium_Smartphone,4G,2026-03-25
SUB8069222,0.3,3.8,1.02,0.14,51.69,0,0,25-34,Prepaid_Monthly,5G_Device,3G,2026-04-05
SUB8658206,1.81,1.48,0.18,0.19,53.86,0,0,35-44,Postpaid_Premium,Premium_Smartphone,4G,2026-04-16
SUB1541797,2.02,5.21,0.36,0.08,58.9,0,0,25-34,Postpaid_Unlimited,Mid_Range,4G+,2026-04-10
SUB9305827,1.23,2.27,0.05,1.6,62.7,1,0,25-34,Postpaid_Premium,Premium_Smartphone,4G,2026-04-02
SUB7557642,4.11,3.99,0.75,2.63,76.84,0,0,25-34,Prepaid_Monthly,5G_Device,5G,2026-03-26
SUB6436526,0.18,5.06,1.76,1.62,99.29,1,1,18-24,Prepaid_Monthly,Mid_Range,4G+,2026-04-16
SUB8639377,0.01,0.56,0.27,0.02,58.7,0,0,35-44,Prepaid_Daily,Premium_Smartphone,3G,2026-03-28
SUB2796218,0.51,1.01,1.25,0.93,48.22,0,1,25-34,Postpaid_Premium,Mid_Range,4G,2026-03-30
SUB1552226,0.12,1.23,0.22,0.84,45.6,0,0,25-34,Postpaid_Basic,Mid_Range,4G,2026-03-24
SUB8514782,0.54,1.24,0.12,0.01,50.89,1,0,55+,Prepaid_Monthly,Mid_Range,4G,2026-04-07
SUB6098907,0.69,0.13,0.04,0.3,34.57,0,1,25-34,Prepaid_Monthly,Mid_Range,3G,2026-04-14
SUB9649318,0.78,0.17,0.13,0.21,52.4,0,0,35-44,Prepaid_Daily,Mid_Range,4G,2026-04-03
SUB8139608,8.0,4.5,3.7,6.0,100.25,1,1,25-34,Postpaid_Unlimited,Mid_Range,4G,2026-04-14
SUB8707690,0.63,6.0,0.85,0.09,154.6,0,1,45-54,Postpaid_Premium,Premium_Smartphone,5G,2026-04-12
SUB8003621,0.97,0.43,0.11,0.11,42.26,0,1,45-54,Prepaid_Monthly,Basic_Phone,5G,2026-04-02
SUB4803074,4.92,2.87,0.26,4.25,65.41,0,1,18-24,Postpaid_Unlimited,Tablet,4G,2026-04-08
SUB8416510,0.13,0.62,0.08,0.59,29.28,0,0,35-44,Postpaid_Premium,Mid_Range,3G,2026-04-08
SUB8467133,0.92,2.17,1.25,6.0,60.11,1,0,18-24,Postpaid_Premium,Premium_Smartphone,3G,2026-04-02
SUB4507145,0.49,0.23,0.05,0.01,35.82,0,0,55+,Postpaid_Premium,Mid_Range,4G,2026-04-16
SUB2778244,1.06,1.5,0.01,1.47,88.58,0,1,25-34,Postpaid_Premium,Mid_Range,4G+,2026-04-15
SUB5782337,1.2,0.94,0.13,0.21,131.9,0,1,45-54,Prepaid_Daily,Premium_Smartphone,4G+,2026-04-05
SUB2180859,1.05,0.39,1.17,0.01,136.35,1,0,25-34,Postpaid_Basic,Premium_Smartphone,4G,2026-04-01
SUB7733214,1.51,1.9,0.5,0.23,90.92,0,0,35-44,Postpaid_Premium,5G_Device,4G,2026-04-12
SUB2980425,0.37,1.02,0.02,0.32,96.78,0,1,55+,Prepaid_Daily,5G_Device,4G,2026-04-11
SUB8441521,0.96,0.76,0.07,0.1,102.93,0,0,45-54,Prepaid_Daily,Premium_Smartphone,4G,2026-03-19
SUB9077813,0.79,0.51,0.04,0.01,40.98,0,0,18-24,Prepaid_Monthly,Basic_Phone,5G,2026-03-29
SUB8694420,2.24,2.61,1.14,1.79,149.17,1,0,25-34,Prepaid_Monthly,Premium_Smartphone,5G,2026-03-25
SUB3941616,1.72,2.1,0.05,0.17,126.5,0,0,25-34,Prepaid_Daily,Premium_Smartphone,4G+,2026-04-06
SUB3474370,0.34,2.07,0.42,0.99,55.17,0,0,25-34,Postpaid_Basic,Mid_Range,4G+,2026-04-01
SUB6604297,0.31,0.52,0.15,0.51,23.99,0,1,25-34,Prepaid_Monthly,Basic_Phone,4G,2026-04-02
SUB8105924,0.25,0.49,0.14,0.56,42.92,0,0,25-34,Prepaid_Daily,Mid_Range,3G,2026-04-02
SUB3078937,4.28,2.23,1.84,0.02,65.76,0,1,25-34,Postpaid_Unlimited,Mid_Range,4G,2026-03-26
SUB9915948,1.58,3.35,0.81,1.39,94.26,0,0,18-24,Postpaid_Premium,Premium_Smartphone,5G,2026-04-02
SUB2355097,3.99,4.19,0.05,0.03,62.69,0,0,25-34,Prepaid_Monthly,5G_Device,4G,2026-03-25
SUB3055397,1.56,1.86,0.07,1.28,35.27,0,0,25-34,Prepaid_Monthly,Mid_Range,4G,2026-04-11
SUB2079037,0.27,2.19,0.55,0.08,53.36,0,1,25-34,Postpaid_Premium,Tablet,3G,2026-04-15
SUB5151951,1.3,1.23,0.1,0.68,54.7,0,0,35-44,Postpaid_Premium,Mid_Range,4G,2026-03-29
SUB4155200,0.11,3.68,0.57,0.05,48.13,0,0,18-24,Prepaid_Daily,Mid_Range,4G,2026-04-09
SUB1855695,3.36,2.03,2.07,0.8,160.11,1,0,25-34,Postpaid_Unlimited,Premium_Smartphone,4G+,2026-04-01
SUB1112036,0.38,4.2,0.78,6.0,93.92,0,0,25-34,Postpaid_Premium,5G_Device,5G,2026-04-09
SUB4831854,1.13,4.05,0.4,1.05,71.71,0,0,25-34,Postpaid_Unlimited,Premium_Smartphone,4G,2026-04-04
SUB1889694,0.56,0.27,0.61,0.01,68.74,0,0,35-44,Prepaid_Daily,Premium_Smartphone,3G,2026-03-20
SUB1590348,4.23,4.11,0.69,0.08,77.58,0,0,25-34,Prepaid_Daily,5G_Device,5G,2026-03-22
SUB8695082,2.43,3.02,0.01,0.66,116.35,0,1,18-24,Prepaid_Monthly,Premium_Smartphone,4G,2026-04-04
SUB5066981,0.59,0.22,0.13,1.35,146.66,0,1,45-54,Prepaid_Daily,5G_Device,5G,2026-03-22
SUB5467801,0.18,0.1,0.02,0.02,57.8,0,0,55+,Prepaid_Daily,5G_Device,3G,2026-03-22
SUB3183525,0.29,0.08,0.33,0.12,32.29,1,0,18-24,Prepaid_Daily,Basic_Phone,5G,2026-03-19
SUB1693464,3.9,6.0,0.52,1.27,138.45,0,1,25-34,Postpaid_Premium,5G_Device,5G,2026-04-07
SUB2577415,0.28,0.9,0.59,0.2,79.77,0,0,25-34,Prepaid_Daily,Mid_Range,4G+,2026-03-28
SUB5262663,1.87,1.25,0.18,0.28,105.89,1,1,25-34,Prepaid_Daily,5G_Device,4G,2026-03-19
SUB4593824,0.77,1.37,0.13,0.24,29.04,0,0,25-34,Postpaid_Unlimited,Mid_Range,4G,2026-03-27
SUB5668223,0.49,0.49,0.52,0.26,43.19,0,0,35-44,Prepaid_Daily,Premium_Smartphone,3G,2026-04-08
SUB9036837,1.62,1.83,0.74,0.17,106.3,1,1,18-24,Postpaid_Basic,5G_Device,4G,2026-03-20
SUB2358356,1.03,0.68,0.07,0.2,38.5,0,0,55+,Postpaid_Basic,Mid_Range,4G,2026-03-31
SUB2515719,5.15,1.05,0.11,1.07,36.73,0,0,25-34,Postpaid_Unlimited,Premium_Smartphone,3G,2026-03-29
SUB5141426,4.55,5.15,0.22,0.04,61.47,0,1,25-34,Postpaid_Unlimited,Mid_Range,4G,2026-04-10
SUB1837566,0.11,0.06,0.11,0.04,55.99,1,0,45-54,Prepaid_Monthly,Basic_Phone,4G+,2026-03-25
SUB7642516,1.6,1.25,1.51,1.72,114.31,0,1,18-24,Postpaid_Unlimited,5G_Device,4G,2026-04-12
SUB9483063,1.97,0.77,0.65,0.41,104.87,1,0,25-34,Prepaid_Monthly,Mid_Range,5G,2026-04-10
SUB9123155,2.08,3.51,1.41,0.3,117.64,0,1,25-34,Postpaid_Premium,5G_Device,4G,2026-04-15
SUB2223981,1.09,2.27,2.17,0.4,46.5,0,1,25-34,Prepaid_Monthly,Mid_Range,3G,2026-03-26
SUB3336798,0.11,2.93,0.47,1.57,79.01,1,0,25-34,Postpaid_Basic,5G_Device,4G,2026-04-04
SUB3158344,2.6,3.28,1.21,0.91,102.69,0,0,18-24,Postpaid_Basic,5G_Device,5G,2026-04-05
SUB7483214,0.24,1.39,1.89,0.24,82.21,0,0,18-24,Postpaid_Basic,Premium_Smartphone,4G,2026-04-09
SUB1835165,1.18,6.0,2.65,2.55,110.61,1,0,18-24,Postpaid_Premium,5G_Device,4G,2026-04-12
SUB2734428,0.04,0.04,0.01,0.0,15.19,1,0,55+,Prepaid_Daily,Basic_Phone,3G,2026-03-25
SUB4822069,1.22,0.79,0.21,1.79,73.57,0,0,18-24,Prepaid_Monthly,5G_Device,5G,2026-03-20
SUB4144787,0.75,4.11,1.25,0.4,62.21,0,0,18-24,Postpaid_Premium,Premium_Smartphone,4G,2026-03-29
SUB9346988,0.15,0.31,0.15,0.09,54.58,0,0,55+,Prepaid_Daily,Mid_Range,4G,2026-03-31
SUB3812789,0.66,1.03,0.19,0.19,94.43,0,0,35-44,Prepaid_Monthly,Premium_Smartphone,4G,2026-04-07
SUB8992726,0.11,6.0,0.99,4.86,182.97,0,1,25-34,Postpaid_Premium,Premium_Smartphone,5G,2026-03-19
SUB9844712,4.09,3.29,0.21,1.03,107.29,1,0,18-24,Postpaid_Unlimited,Premium_Smartphone,4G,2026-03-31
SUB3166503,0.06,0.2,0.27,0.0,96.17,1,0,35-44,Prepaid_Daily,Mid_Range,5G,2026-03-27
SUB9045391,0.99,0.03,0.85,0.03,53.42,0,0,18-24,Postpaid_Basic,Mid_Range,4G,2026-04-14
SUB9622693,0.46,0.66,0.17,0.37,57.17,0,0,35-44,Prepaid_Daily,Mid_Range,4G+,2026-04-09
SUB1498095,0.24,0.65,0.13,0.88,45.68,0,0,55+,Prepaid_Monthly,Mid_Range,5G,2026-04-11
SUB9410184,0.27,0.84,0.42,0.06,58.84,0,0,25-34,Prepaid_Daily,Mid_Range,5G,2026-03-29
SUB4330263,1.65,4.1,0.25,0.76,65.07,0,0,18-24,Postpaid_Basic,Premium_Smartphone,4G,2026-04-17
SUB8366604,0.34,0.68,0.03,0.19,33.43,0,0,35-44,Postpaid_Premium,Mid_Range,4G,2026-04-02
SUB4665842,0.87,0.78,0.27,3.32,141.85,0,1,25-34,Prepaid_Monthly,5G_Device,5G,2026-04-02
SUB3791338,2.06,3.56,2.28,0.28,136.68,0,1,25-34,Postpaid_Premium,Premium_Smartphone,5G,2026-03-23
SUB4337031,1.45,1.18,1.15,0.52,65.43,0,0,25-34,Prepaid_Monthly,Mid_Range,5G,2026-04-13
SUB9234025,0.56,0.22,0.02,0.04,22.87,1,0,35-44,Prepaid_Monthly,Basic_Phone,4G,2026-03-27
SUB4945123,0.38,1.39,0.61,1.43,84.49,0,0,35-44,Postpaid_Basic,Premium_Smartphone,4G,2026-04-09
SUB5768026,0.85,0.32,0.12,0.05,102.71,1,0,55+,Prepaid_Monthly,5G_Device,4G,2026-04-14
SUB5083501,1.14,0.48,0.25,0.13,108.82,0,0,45-54,Prepaid_Monthly,Premium_Smartphone,4G,2026-03-21
SUB5836161,0.78,1.88,0.39,0.23,50.08,0,0,25-34,Postpaid_Premium,Premium_Smartphone,3G,2026-04-17
SUB2780248,0.82,0.9,0.06,0.6,57.33,0,1,35-44,Postpaid_Premium,Mid_Range,4G,2026-03-26
SUB7126664,0.84,3.27,0.71,0.9,88.21,1,0,18-24,Postpaid_Premium,Premium_Smartphone,3G,2026-04-13
SUB8709824,2.65,1.02,0.98,0.08,81.44,0,0,45-54,Prepaid_Monthly,Premium_Smartphone,5G,2026-03-20
SUB5795817,0.56,0.86,0.13,0.33,74.06,0,1,18-24,Prepaid_Daily,Mid_Range,5G,2026-03-28
SUB3180019,6.31,0.93,1.25,2.19,59.34,0,0,25-34,Postpaid_Premium,Premium_Smartphone,4G,2026-03-21
SUB1779957,0.71,0.46,0.0,0.27,107.32,1,0,45-54,Prepaid_Monthly,Mid_Range,5G,2026-04-03
SUB2913980,5.53,0.2,4.0,0.6,124.66,1,0,25-34,Postpaid_Premium,Premium_Smartphone,5G,2026-04-01
SUB2507394,2.74,2.5,0.57,1.99,172.47,1,1,45-54,Postpaid_Premium,Premium_Smartphone,5G,2026-04-08
SUB3979845,3.3,3.47,0.02,0.28,57.16,0,0,35-44,Postpaid_Premium,Premium_Smartphone,3G,2026-04-15
SUB3712188,5.23,1.6,0.81,0.03,64.34,0,0,25-34,Prepaid_Monthly,Premium_Smartphone,4G+,2026-03-30
SUB9642873,2.97,3.31,3.45,0.32,100.25,0,0,25-34,Postpaid_Unlimited,Premium_Smartphone,5G,2026-03-27
SUB5713797,1.03,1.68,0.63,0.01,170.99,1,0,55+,Postpaid_Premium,Tablet,5G,2026-04-09
SUB1910913,1.76,0.92,0.37,1.74,86.09,0,0,18-24,Postpaid_Basic,Premium_Smartphone,4G,2026-03-28
SUB3057017,0.68,2.84,0.51,0.2,56.84,0,0,35-44,Postpaid_Premium,5G_Device,3G,2026-03-24
SUB1653817,1.9,2.97,0.97,0.56,88.11,1,0,35-44,Prepaid_Daily,Mid_Range,4G+,2026-03-20
SUB1996433,0.57,1.55,0.08,0.26,110.11,0,0,55+,Prepaid_Monthly,Premium_Smartphone,4G+,2026-04-06
SUB3581505,2.14,0.35,0.15,0.11,47.03,1,0,35-44,Postpaid_Unlimited,Basic_Phone,5G,2026-03-25
SUB7555851,0.15,0.18,0.01,0.02,45.14,0,0,35-44,Prepaid_Daily,Basic_Phone,4G+,2026-03-20
SUB5108949,0.41,1.17,0.22,0.07,40.4,0,1,55+,Prepaid_Monthly,Mid_Range,3G,2026-03-26
SUB7128420,0.63,0.19,4.0,0.27,44.02,0,0,45-54,Prepaid_Monthly,Premium_Smartphone,3G,2026-04-05
SUB5876691,0.44,2.46,1.88,0.3,181.17,1,1,35-44,Prepaid_Monthly,Premium_Smartphone,4G+,2026-03-28
SUB5674071,2.5,2.48,2.75,0.79,97.88,1,0,18-24,Postpaid_Basic,5G_Device,3G,2026-03-25
SUB5203887,3.0,1.19,0.12,0.9,81.2,1,0,25-34,Postpaid_Unlimited,5G_Device,3G,2026-03-21
SUB8138512,2.81,0.36,0.58,0.27,52.17,0,0,35-44,Prepaid_Monthly,Mid_Range,5G,2026-04-06
SUB5036480,0.07,6.0,0.13,0.29,126.96,1,1,25-34,Postpaid_Premium,Premium_Smartphone,4G,2026-03-28
SUB8567476,1.15,0.77,0.99,1.8,128.41,1,0,25-34,Postpaid_Premium,Premium_Smartphone,4G,2026-03-30
SUB4486444,1.05,3.03,0.32,0.12,73.99,0,0,18-24,Postpaid_Basic,5G_Device,4G,2026-04-15
SUB8163357,0.36,1.42,0.16,0.31,51.31,0,0,35-44,Prepaid_Daily,Mid_Range,4G+,2026-03-29
SUB6509165,1.19,0.55,0.99,0.41,39.99,1,0,25-34,Postpaid_Basic,Basic_Phone,5G,2026-03-30
SUB5873014,4.61,6.0,0.43,0.8,109.09,0,1,18-24,Postpaid_Unlimited,Premium_Smartphone,5G,2026-04-14
SUB1468298,1.76,3.28,1.81,0.17,133.76,1,0,25-34,Prepaid_Monthly,Premium_Smartphone,4G+,2026-04-04
SUB5330453,0.07,0.48,0.18,0.57,95.56,0,0,45-54,Postpaid_Basic,Tablet,4G,2026-03-30
SUB1570303,0.42,0.49,2.63,0.23,26.54,0,0,25-34,Postpaid_Unlimited,Mid_Range,3G,2026-03-30
SUB6170988,6.22,3.72,4.0,1.39,96.14,0,1,18-24,Postpaid_Premium,Premium_Smartphone,4G,2026-04-07
SUB4317657,3.12,2.38,0.68,2.6,38.32,0,0,18-24,Postpaid_Premium,Premium_Smartphone,3G,2026-04-05
SUB4336640,4.02,3.13,1.4,0.85,41.48,1,0,25-34,Postpaid_Unlimited,Mid_Range,3G,2026-03-24
SUB6000738,1.03,0.74,0.64,0.24,109.03,1,0,45-54,Prepaid_Daily,5G_Device,4G,2026-04-06
SUB3660891,1.77,5.64,0.07,0.35,80.77,0,1,35-44,Postpaid_Premium,5G_Device,4G,2026-03-24
SUB7995919,0.31,2.08,0.23,1.13,66.19,0,0,18-24,Prepaid_Monthly,Premium_Smartphone,4G,2026-03-24
SUB5616167,0.55,1.76,0.13,0.05,30.93,1,0,25-34,Prepaid_Monthly,Basic_Phone,4G,2026-04-06
SUB9947727,0.45,0.61,0.37,0.14,70.15,1,0,45-54,Postpaid_Basic,Mid_Range,4G,2026-04-09
SUB6998544,0.16,0.24,0.13,0.01,26.51,0,0,18-24,Prepaid_Daily,Basic_Phone,4G,2026-04-11
SUB3342094,1.91,1.21,0.04,0.07,63.98,0,1,25-34,Prepaid_Monthly,Mid_Range,4G,2026-03-26
SUB3192271,0.79,1.38,0.25,0.22,62.83,1,0,25-34,Prepaid_Daily,Premium_Smartphone,3G,2026-03-21
SUB3845376,0.2,0.92,0.37,0.13,130.63,0,1,18-24,Prepaid_Daily,Premium_Smartphone,4G,2026-03-22
SUB4956558,0.89,1.31,0.12,0.83,62.87,0,0,18-24,Prepaid_Monthly,Premium_Smartphone,4G,2026-04-02
SUB6236441,1.47,2.53,0.02,0.16,88.04,0,1,35-44,Postpaid_Premium,Premium_Smartphone,3G,2026-03-26
SUB4731570,0.14,0.77,0.06,3.83,55.43,0,0,18-24,Prepaid_Monthly,Premium_Smartphone,4G,2026-04-15
SUB7342211,2.99,3.51,0.52,0.01,84.35,0,0,18-24,Postpaid_Basic,Premium_Smartphone,5G,2026-04-11
SUB6831052,0.81,1.36,0.2,0.18,39.78,1,0,25-34,Postpaid_Premium,Mid_Range,3G,2026-03-27
SUB8939174,1.38,0.32,0.51,0.12,35.62,0,0,18-24,Prepaid_Monthly,Mid_Range,3G,2026-03-26
SUB4254449,1.05,1.77,1.16,0.35,70.12,0,0,25-34,Postpaid_Unlimited,Mid_Range,4G,2026-04-14
SUB9994006,7.69,6.0,0.68,0.24,154.05,1,0,18-24,Postpaid_Unlimited,5G_Device,4G+,2026-03-23
SUB5307910,0.08,1.01,0.57,0.22,82.95,0,0,25-34,Prepaid_Monthly,5G_Device,4G+,2026-04-02
SUB4322918,1.61,0.4,0.18,0.14,67.13,0,0,45-54,Postpaid_Unlimited,5G_Device,3G,2026-04-02
SUB6271810,0.88,0.17,0.91,6.0,56.61,0,1,35-44,Postpaid_Premium,Premium_Smartphone,3G,2026-04-12
SUB5935371,1.65,0.77,0.11,2.47,59.04,0,0,25-34,Prepaid_Monthly,Premium_Smartphone,4G,2026-04-02
SUB1260102,8.0,5.22,4.0,3.66,93.79,1,0,18-24,Postpaid_Premium,Premium_Smartphone,4G,2026-03-23
SUB6516825,0.75,2.57,0.1,1.05,49.09,1,0,35-44,Postpaid_Premium,Mid_Range,4G,2026-04-01
SUB6818528,1.13,4.42,0.47,0.52,50.94,0,0,18-24,Postpaid_Basic,Mid_Range,4G+,2026-04-03
SUB9214372,4.46,4.51,1.94,0.16,96.51,0,1,18-24,Postpaid_Premium,Tablet,4G+,2026-04-02
SUB9536239,0.1,0.79,0.04,0.28,29.23,0,0,35-44,Prepaid_Monthly,Mid_Range,4G,2026-04-04
SUB2343054,1.05,0.77,0.33,0.08,91.29,0,0,55+,Postpaid_Unlimited,Premium_Smartphone,4G,2026-03-27
SUB4159016,1.41,6.0,0.03,2.47,137.06,1,1,25-34,Postpaid_Unlimited,5G_Device,4G,2026-04-17
SUB2726334,5.52,1.78,1.88,0.67,75.27,0,0,18-24,Postpaid_Premium,Premium_Smartphone,4G,2026-03-21
SUB4353030,0.6,1.1,0.18,0.18,74.99,0,0,45-54,Prepaid_Daily,Premium_Smartphone,5G,2026-03-20
SUB2847199,2.32,5.4,0.45,3.34,55.22,0,0,18-24,Postpaid_Basic,5G_Device,4G,2026-03-25
SUB2638004,2.41,0.42,0.11,1.57,119.67,0,1,45-54,Postpaid_Premium,Premium_Smartphone,4G,2026-03-28
SUB2729187,1.2,3.94,4.0,1.04,126.29,0,0,25-34,Postpaid_Unlimited,Premium_Smartphone,5G,2026-04-03
SUB5461595,0.51,2.84,1.39,0.21,55.05,0,0,25-34,Postpaid_Unlimited,Mid_Range,4G,2026-04-05
SUB6817676,2.58,1.01,0.39,0.35,90.47,0,0,25-34,Postpaid_Unlimited,Premium_Smartphone,4G,2026-03-21
SUB4460096,0.21,0.05,0.08,0.02,27.0,0,1,55+,Prepaid_Monthly,Basic_Phone,5G,2026-04-05
SUB2330363,1.31,0.95,0.28,1.68,53.72,1,0,45-54,Postpaid_Unlimited,Mid_Range,4G,2026-04-15
SUB4446839,3.83,3.63,0.05,0.57,81.92,0,0,25-34,Prepaid_Daily,Premium_Smartphone,4G,2026-03-26
SUB4113506,1.39,1.6,0.69,0.67,44.51,0,0,35-44,Prepaid_Monthly,Mid_Range,4G+,2026-04-17
SUB9167197,0.79,0.39,0.14,0.23,118.2,0,0,35-44,Prepaid_Daily,5G_Device,5G,2026-04-17
SUB2561014,2.16,0.2,1.03,0.19,81.22,1,1,35-44,Postpaid_Unlimited,Mid_Range,4G,2026-03-31
SUB5589369,1.2,0.63,0.62,0.75,82.14,1,0,45-54,Postpaid_Unlimited,5G_Device,4G,2026-04-02
SUB7621778,0.14,0.67,0.04,0.06,36.42,0,0,18-24,Prepaid_Monthly,Mid_Range,4G,2026-04-06
SUB8531844,0.58,0.22,0.1,0.39,46.0,0,0,25-34,Prepaid_Monthly,5G_Device,3G,2026-04-09
SUB4257983,0.5,0.26,0.51,0.82,43.71,0,0,55+,Postpaid_Unlimited,Mid_Range,4G,2026-04-04
SUB7902066,0.1,0.3,0.07,0.2,61.37,0,0,55+,Postpaid_Basic,Mid_Range,4G+,2026-04-12
SUB7073877,4.53,1.76,1.35,1.44,80.02,0,0,18-24,Postpaid_Basic,5G_Device,4G,2026-04-08
SUB9033651,4.42,1.14,1.56,0.29,101.04,1,0,18-24,Postpaid_Basic,5G_Device,4G,2026-04-16
SUB1751972,1.2,0.53,0.26,0.15,93.75,0,0,55+,Postpaid_Premium,5G_Device,4G,2026-03-27
SUB9648035,1.31,0.4,4.0,0.41,42.71,0,1,25-34,Postpaid_Unlimited,Mid_Range,4G,2026-04-15
SUB4631171,0.33,0.51,0.13,0.45,112.08,0,1,35-44,Prepaid_Monthly,Premium_Smartphone,4G+,2026-03-25
SUB8973155,1.65,1.26,0.61,0.09,66.4,0,0,18-24,Prepaid_Daily,Premium_Smartphone,4G,2026-04-01
SUB5976820,1.45,0.14,0.0,0.03,100.41,0,0,45-54,Prepaid_Daily,Premium_Smartphone,4G,2026-03-31
SUB4743185,1.21,1.25,0.3,0.01,87.28,1,0,18-24,Prepaid_Daily,Premium_Smartphone,3G,2026-03-26
SUB6768212,3.3,3.51,0.04,0.11,65.02,0,0,18-24,Postpaid_Basic,Premium_Smartphone,3G,2026-03-28
SUB1024363,6.9,2.63,0.39,0.25,104.03,1,1,18-24,Postpaid_Unlimited,5G_Device,4G,2026-04-04
SUB9783406,0.72,0.19,0.55,0.15,74.84,0,0,55+,Postpaid_Premium,5G_Device,5G,2026-04-14
SUB3045990,1.79,2.25,4.0,6.0,153.65,0,1,35-44,Postpaid_Unlimited,5G_Device,5G,2026-04-06
SUB6178652,3.54,0.29,0.57,0.18,93.26,1,0,45-54,Postpaid_Unlimited,Premium_Smartphone,4G,2026-04-05
SUB2385049,0.58,0.36,0.29,0.05,98.01,0,0,25-34,Postpaid_Basic,Premium_Smartphone,4G,2026-03-24
SUB6567248,0.18,0.13,0.02,0.09,7.73,0,0,55+,Postpaid_Basic,Basic_Phone,3G,2026-03-22
SUB2498447,1.92,0.88,0.93,0.26,162.79,1,1,45-54,Postpaid_Basic,Premium_Smartphone,5G,2026-04-02
SUB2545288,0.24,1.34,0.23,0.01,93.55,0,0,45-54,Prepaid_Daily,Premium_Smartphone,4G,2026-04-02
SUB9182320,0.61,0.43,0.05,0.21,28.05,0,0,55+,Postpaid_Basic,Mid_Range,3G,2026-04-08
SUB2595123,0.08,1.83,0.18,0.35,48.73,0,0,25-34,Postpaid_Basic,5G_Device,3G,2026-04-05
SUB9839008,3.59,2.0,0.66,0.46,66.11,1,0,35-44,Postpaid_Basic,5G_Device,4G,2026-03-19
SUB6264482,2.86,0.51,0.05,0.02,82.62,0,0,55+,Postpaid_Basic,5G_Device,4G,2026-04-12
SUB7130158,0.12,0.17,0.31,0.0,70.18,0,0,45-54,Prepaid_Monthly,Mid_Range,4G+,2026-04-03
SUB2391538,1.5,0.72,0.42,0.51,90.17,0,0,35-44,Postpaid_Basic,Premium_Smartphone,4G,2026-03-22
SUB8219155,1.23,2.47,0.12,2.39,103.16,0,0,18-24,Prepaid_Monthly,5G_Device,4G+,2026-03-20
SUB7817281,1.57,0.08,0.15,0.1,109.1,1,1,35-44,Prepaid_Daily,Mid_Range,5G,2026-04-08
SUB7701810,2.38,6.0,0.77,0.63,165.39,0,1,25-34,Postpaid_Premium,5G_Device,5G,2026-04-13
SUB5107560,5.95,0.85,0.29,0.77,58.36,0,0,18-24,Prepaid_Monthly,Tablet,4G,2026-04-06
SUB7993018,1.99,1.55,0.06,0.68,63.54,0,0,45-54,Postpaid_Unlimited,Premium_Smartphone,3G,2026-04-13
SUB1171236,0.64,0.97,0.11,0.31,120.18,0,0,25-34,Prepaid_Daily,Tablet,5G,2026-03-24
SUB4010129,0.86,0.59,0.48,1.19,53.28,0,0,25-34,Postpaid_Basic,Premium_Smartphone,4G,2026-04-01
SUB1089743,0.82,6.0,0.39,0.57,51.4,0,0,35-44,Postpaid_Basic,Mid_Range,4G+,2026-03-27
SUB8426187,0.29,2.02,0.66,0.44,61.84,1,1,25-34,Prepaid_Daily,Mid_Range,4G,2026-04-04
SUB5112924,2.47,3.21,1.25,0.96,99.75,1,0,18-24,Prepaid_Monthly,Premium_Smartphone,5G,2026-04-15
SUB2955206,3.14,0.23,0.91,1.69,40.62,1,1,25-34,Postpaid_Premium,Basic_Phone,4G+,2026-03-31
SUB2138422,0.94,0.65,0.24,0.62,102.29,1,0,18-24,Prepaid_Monthly,Premium_Smartphone,4G,2026-03-28
SUB1758795,1.27,1.04,0.01,0.01,61.57,0,0,18-24,Prepaid_Daily,Mid_Range,4G+,2026-03-27
SUB8632738,5.28,3.88,0.3,2.52,111.04,1,1,18-24,Postpaid_Basic,Tablet,3G,2026-03-25
SUB2764688,1.47,0.74,0.06,0.44,64.55,1,0,18-24,Prepaid_Monthly,Mid_Range,4G,2026-04-16
SUB3957817,3.0,2.05,0.6,1.31,123.03,0,0,25-34,Postpaid_Premium,Premium_Smartphone,5G,2026-03-20
SUB1239647,0.95,4.11,0.03,1.2,78.77,0,1,25-34,Postpaid_Premium,Premium_Smartphone,4G,2026-04-08
SUB5514153,0.1,0.23,0.0,0.03,55.69,0,0,55+,Prepaid_Daily,5G_Device,3G,2026-04-02
SUB7098915,2.71,0.26,0.66,0.15,66.27,1,0,25-34,Prepaid_Monthly,Premium_Smartphone,3G,2026-03-25
SUB4772515,0.15,3.32,0.13,0.02,66.29,0,0,35-44,Prepaid_Monthly,5G_Device,4G,2026-04-10
SUB3942609,2.23,0.81,1.06,0.74,110.59,0,0,25-34,Postpaid_Basic,Premium_Smartphone,4G,2026-04-03
SUB9158781,0.21,1.4,0.02,0.0,59.27,0,0,45-54,Prepaid_Monthly,Mid_Range,4G,2026-04-13
SUB9813240,2.32,0.88,0.82,1.03,81.12,0,0,35-44,Prepaid_Monthly,Premium_Smartphone,4G,2026-04-15
SUB2572732,0.78,0.34,0.17,1.49,70.29,0,0,25-34,Prepaid_Daily,Premium_Smartphone,3G,2026-03-23
SUB9016792,3.66,0.46,0.04,0.01,135.79,1,0,18-24,Prepaid_Daily,Premium_Smartphone,4G+,2026-04-16
SUB3740855,0.09,1.95,1.15,0.04,139.63,0,1,25-34,Postpaid_Basic,Premium_Smartphone,5G,2026-03-21
SUB4340444,3.12,0.81,0.18,0.03,34.44,1,0,35-44,Prepaid_Monthly,Mid_Range,3G,2026-03-27
SUB4750222,0.58,0.42,0.07,0.35,20.44,0,0,25-34,Prepaid_Daily,Basic_Phone,5G,2026-04-11
SUB2380188,0.74,0.28,0.7,0.12,81.43,0,0,45-54,Prepaid_Monthly,Mid_Range,5G,2026-03-20
SUB8530577,0.89,1.59,0.13,2.12,49.91,0,0,18-24,Prepaid_Daily,5G_Device,4G,2026-04-11
SUB4060465,0.74,3.7,0.23,2.74,178.66,1,0,18-24,Prepaid_Daily,5G_Device,5G,2026-03-25
SUB7723000,2.05,0.58,0.53,0.22,67.4,1,0,35-44,Prepaid_Monthly,Mid_Range,5G,2026-04-16
SUB8770032,0.13,0.02,0.09,0.0,23.03,1,0,45-54,Prepaid_Daily,Basic_Phone,5G,2026-03-22
SUB3818767,3.95,2.51,0.32,0.86,84.88,1,0,25-34,Postpaid_Premium,Mid_Range,5G,2026-04-14
SUB8864394,0.95,0.83,0.36,0.22,121.84,0,0,35-44,Prepaid_Daily,5G_Device,5G,2026-03-24
SUB6864049,0.84,1.14,0.96,0.0,58.35,0,0,18-24,Postpaid_Premium,Mid_Range,4G,2026-04-04
SUB9958825,2.72,1.39,0.37,0.22,62.23,0,0,35-44,Prepaid_Monthly,Premium_Smartphone,4G,2026-03-20
SUB9511807,1.35,1.01,0.21,0.07,55.06,0,1,45-54,Postpaid_Premium,Mid_Range,4G,2026-04-13
SUB6531052,0.46,0.37,0.11,0.01,80.04,0,1,45-54,Prepaid_Daily,Premium_Smartphone,3G,2026-04-17
SUB7321001,0.3,1.17,0.06,0.81,17.81,0,0,18-24,Postpaid_Unlimited,Basic_Phone,4G,2026-03-24
SUB1424190,2.51,4.0,0.24,1.97,60.79,1,1,25-34,Postpaid_Premium,Mid_Range,4G,2026-04-01
SUB7743571,0.21,0.36,1.12,0.1,76.82,0,0,35-44,Prepaid_Daily,Premium_Smartphone,4G,2026-04-16
SUB4472696,0.66,0.85,0.92,0.64,120.16,1,1,18-24,Prepaid_Monthly,Premium_Smartphone,4G,2026-03-22
SUB3120677,2.78,1.97,0.53,0.17,140.94,1,1,35-44,Postpaid_Basic,5G_Device,4G,2026-04-05
SUB3597979,1.66,1.3,0.19,0.3,72.29,0,0,25-34,Postpaid_Unlimited,Mid_Range,5G,2026-03-30
SUB8524132,2.11,1.47,0.43,0.13,132.25,1,0,25-34,Prepaid_Monthly,Premium_Smartphone,4G,2026-04-03
SUB9294919,0.18,1.12,0.24,0.07,51.01,0,0,45-54,Postpaid_Basic,Mid_Range,4G,2026-03-27
SUB3104417,1.42,2.15,0.05,0.61,96.35,0,1,25-34,Prepaid_Monthly,Premium_Smartphone,4G,2026-04-02
SUB6449604,0.61,0.72,0.01,0.14,43.42,0,0,55+,Prepaid_Monthly,Mid_Range,5G,2026-04-16
SUB1898628,1.22,2.61,0.02,0.09,45.9,0,0,45-54,Prepaid_Monthly,Mid_Range,5G,2026-04-06
SUB4761054,2.51,0.87,0.1,0.58,54.05,0,1,35-44,Prepaid_Monthly,Mid_Range,4G,2026-04-15
SUB3396716,0.82,1.16,0.01,0.65,33.91,0,0,18-24,Prepaid_Daily,Mid_Range,3G,2026-03-26
SUB3057244,0.5,1.63,0.07,0.04,157.23,1,0,55+,Prepaid_Daily,Premium_Smartphone,5G,2026-04-08
SUB3707929,1.86,3.11,1.22,0.0,75.88,0,0,45-54,Postpaid_Premium,Premium_Smartphone,4G+,2026-04-05
SUB5272513,1.6,2.79,0.11,0.05,90.91,1,0,18-24,Postpaid_Premium,Premium_Smartphone,4G,2026-04-13
SUB4928125,0.13,0.87,0.71,0.04,42.95,0,0,25-34,Prepaid_Monthly,Basic_Phone,5G,2026-03-24
SUB5125186,0.22,2.44,1.35,0.01,32.02,0,0,25-34,Postpaid_Unlimited,Mid_Range,4G,2026-03-20
SUB4338669,0.06,0.13,0.01,0.0,7.65,0,0,55+,Prepaid_Monthly,Basic_Phone,3G,2026-04-16
SUB9302258,0.96,1.49,0.06,0.96,101.41,1,1,45-54,Prepaid_Monthly,Mid_Range,5G,2026-04-06
SUB8738667,0.16,0.23,0.02,0.03,15.29,0,1,55+,Postpaid_Premium,Basic_Phone,3G,2026-03-30
SUB5360866,1.92,3.62,0.65,6.0,97.8,1,0,45-54,Postpaid_Premium,Mid_Range,5G,2026-04-14
SUB3304310,8.0,2.54,1.72,0.35,94.1,1,0,25-34,Postpaid_Unlimited,5G_Device,4G,2026-03-26
SUB1976264,0.37,1.61,0.34,4.63,145.77,1,1,18-24,Prepaid_Daily,Premium_Smartphone,4G,2026-04-08
SUB9323880,0.06,0.89,0.31,1.26,93.56,0,0,18-24,Prepaid_Daily,Premium_Smartphone,4G,2026-04-04
SUB8299243,3.16,6.0,1.55,2.33,87.19,1,0,18-24,Postpaid_Basic,Premium_Smartphone,4G,2026-04-02
SUB4928094,2.11,1.06,0.06,0.51,32.07,0,0,25-34,Prepaid_Monthly,Tablet,3G,2026-04-15
SUB6795886,0.06,0.14,0.1,0.34,49.73,0,0,55+,Prepaid_Daily,Mid_Range,4G,2026-03-27
SUB7531423,0.39,0.74,0.15,0.29,67.59,0,1,55+,Postpaid_Basic,Mid_Range,4G,2026-04-09
SUB3790353,2.95,0.42,0.08,0.66,72.89,1,0,25-34,Prepaid_Monthly,Tablet,4G,2026-03-31
SUB6185356,1.57,0.21,0.27,0.18,82.44,1,0,35-44,Prepaid_Monthly,5G_Device,3G,2026-04-16
SUB3465849,1.67,6.0,0.09,0.55,107.47,0,1,35-44,Prepaid_Monthly,5G_Device,5G,2026-04-11
SUB3933865,3.69,3.06,0.41,0.46,118.18,0,1,25-34,Prepaid_Daily,Premium_Smartphone,5G,2026-04-01
SUB7667051,0.21,0.82,0.06,0.07,53.26,0,0,35-44,Prepaid_Daily,Premium_Smartphone,4G,2026-03-28
SUB8587145,1.61,1.37,0.06,0.16,64.63,0,1,25-34,Postpaid_Basic,Premium_Smartphone,4G,2026-04-04
SUB7030079,0.29,1.34,0.03,0.1,105.48,0,0,55+,Prepaid_Monthly,Premium_Smartphone,5G,2026-03-23
SUB9970922,2.18,0.7,0.15,0.36,51.63,0,0,35-44,Postpaid_Unlimited,Mid_Range,4G+,2026-04-07
SUB7147454,0.41,0.58,0.29,0.14,65.77,1,0,45-54,Prepaid_Daily,5G_Device,3G,2026-03-22
SUB8907288,0.61,1.19,0.86,0.72,111.61,1,0,18-24,Postpaid_Unlimited,5G_Device,4G,2026-04-14
SUB3505700,1.52,4.15,0.03,0.15,88.65,0,0,18-24,Prepaid_Monthly,Premium_Smartphone,5G,2026-03-30
SUB1145693,0.29,0.61,0.05,0.0,30.7,0,0,25-34,Prepaid_Monthly,Mid_Range,3G,2026-04-16
SUB2649734,1.11,1.61,0.26,1.1,92.06,0,0,45-54,Prepaid_Monthly,Premium_Smartphone,4G,2026-03-27
SUB1885621,0.61,0.41,0.0,0.02,55.42,0,0,55+,Prepaid_Monthly,Mid_Range,5G,2026-04-12
SUB1561548,1.48,0.34,1.62,0.03,118.83,0,1,25-34,Postpaid_Basic,Tablet,4G,2026-04-14
SUB9063001,0.17,0.34,1.11,0.56,49.57,1,0,45-54,Prepaid_Monthly,Premium_Smartphone,3G,2026-04-17
SUB5379845,0.15,0.8,0.37,0.01,60.84,0,1,25-34,Postpaid_Basic,Basic_Phone,5G,2026-03-23
SUB8150265,0.58,0.84,0.66,0.24,55.8,0,0,25-34,Prepaid_Monthly,Premium_Smartphone,4G,2026-03-24
SUB2703728,3.11,6.0,0.28,1.56,99.82,0,0,35-44,Postpaid_Premium,5G_Device,5G,2026-03-26
SUB5762315,0.09,2.83,0.18,0.12,44.98,0,0,45-54,Postpaid_Basic,Mid_Range,4G+,2026-03-19
SUB4377136,0.12,0.76,0.39,0.06,15.55,1,1,18-24,Prepaid_Monthly,Basic_Phone,4G,2026-04-15
SUB1468451,4.65,5.28,0.73,0.61,68.82,0,0,25-34,Postpaid_Premium,Premium_Smartphone,4G,2026-04-08
SUB5777830,1.25,1.44,1.08,1.23,90.93,0,0,25-34,Postpaid_Premium,5G_Device,4G,2026-03-31
SUB1259425,2.17,2.12,0.64,3.57,106.55,1,0,18-24,Postpaid_Unlimited,Mid_Range,5G,2026-04-11
SUB9899217,0.13,0.2,0.09,0.13,94.15,1,1,55+,Prepaid_Daily,Premium_Smartphone,4G,2026-03-28
SUB8604323,1.02,3.67,0.02,0.01,43.72,0,1,35-44,Postpaid_Premium,Mid_Range,4G,2026-03-21
SUB7259635,0.39,1.7,0.45,0.16,44.98,1,0,18-24,Postpaid_Unlimited,Basic_Phone,4G+,2026-03-24
SUB5494893,0.66,2.57,0.23,0.22,63.95,0,0,18-24,Postpaid_Basic,Mid_Range,5G,2026-04-11
SUB2968093,0.36,0.07,0.09,0.34,44.06,0,0,55+,Postpaid_Basic,Mid_Range,4G,2026-04-10
SUB3444913,3.69,2.36,0.18,0.82,114.88,0,1,35-44,Postpaid_Unlimited,5G_Device,5G,2026-04-10
SUB7504938,1.93,4.66,0.05,0.13,87.24,1,0,35-44,Postpaid_Unlimited,Tablet,4G,2026-03-30
SUB8131390,0.45,3.6,0.99,0.06,91.73,0,1,18-24,Postpaid_Basic,Mid_Range,5G,2026-03-21
SUB4787132,0.67,1.7,0.06,0.28,53.69,0,0,45-54,Prepaid_Monthly,Mid_Range,4G+,2026-04-03
SUB4809821,3.13,1.04,1.05,1.03,56.02,0,0,25-34,Postpaid_Premium,Tablet,4G,2026-04-09
SUB9817518,1.07,0.97,0.08,0.17,75.84,1,0,35-44,Prepaid_Daily,Mid_Range,5G,2026-03-29
SUB5037746,0.2,0.79,0.04,0.42,106.39,0,1,55+,Prepaid_Monthly,Mid_Range,5G,2026-03-23
SUB1081171,2.77,5.49,0.26,0.06,71.46,0,0,18-24,Postpaid_Unlimited,Mid_Range,4G+,2026-04-12
SUB3183448,6.74,4.38,1.25,1.08,112.73,0,1,25-34,Postpaid_Premium,5G_Device,4G+,2026-04-17
SUB2189138,1.16,3.11,0.08,0.47,30.62,0,0,18-24,Postpaid_Unlimited,Mid_Range,3G,2026-03-25
SUB3249476,1.2,0.42,0.56,0.41,63.94,0,1,25-34,Postpaid_Basic,Premium_Smartphone,3G,2026-03-28
SUB3759374,0.93,0.66,1.42,0.96,73.42,0,0,25-34,Prepaid_Monthly,Premium_Smartphone,4G,2026-03-27
SUB4463894,0.71,0.05,0.14,0.57,62.76,1,0,55+,Postpaid_Unlimited,Mid_Range,4G+,2026-04-01
SUB1783258,0.39,0.28,0.76,0.32,38.87,0,0,25-34,Prepaid_Monthly,Mid_Range,4G,2026-04-04
SUB2896999,1.74,5.74,0.89,0.39,200.0,1,1,35-44,Postpaid_Premium,5G_Device,5G,2026-03-28
SUB3852889,1.61,1.91,0.41,0.7,89.75,0,0,45-54,Postpaid_Basic,5G_Device,5G,2026-03-23
SUB8297050,1.46,1.73,0.43,0.31,95.95,1,0,55+,Prepaid_Monthly,Premium_Smartphone,4G,2026-04-11
SUB8371858,0.02,0.2,0.04,0.02,21.49,0,0,25-34,Prepaid_Daily,Basic_Phone,4G,2026-04-09
SUB2761201,0.81,0.15,0.16,0.08,45.82,0,0,25-34,Prepaid_Monthly,Mid_Range,4G,2026-03-19
SUB3337180,0.27,6.0,2.42,1.29,89.86,0,1,18-24,Postpaid_Basic,Premium_Smartphone,4G,2026-03-21
SUB4485862,0.2,1.8,0.09,0.18,73.94,0,0,18-24,Prepaid_Daily,Mid_Range,4G+,2026-03-28
SUB2400507,1.51,0.95,0.47,1.13,137.25,1,1,35-44,Prepaid_Monthly,5G_Device,4G,2026-04-07
SUB5235040,0.11,0.23,0.39,0.12,32.36,0,0,18-24,Postpaid_Basic,Basic_Phone,4G+,2026-04-06
SUB6529554,0.36,2.23,0.35,1.21,68.97,0,1,25-34,Postpaid_Premium,Premium_Smartphone,4G,2026-03-28
SUB8518162,0.94,0.63,0.4,0.11,36.42,1,1,18-24,Prepaid_Daily,Mid_Range,3G,2026-04-01
SUB8676431,0.59,2.43,0.03,0.02,70.91,1,0,35-44,Postpaid_Premium,Premium_Smartphone,4G,2026-04-08
SUB3757398,1.0,2.98,0.1,0.05,198.83,1,1,25-34,Prepaid_Daily,Premium_Smartphone,4G+,2026-04-17
SUB1388742,0.33,0.55,0.05,0.2,43.61,0,0,18-24,Prepaid_Daily,Mid_Range,3G,2026-04-07
SUB1676935,2.3,0.77,0.45,0.09,69.94,0,0,25-34,Prepaid_Daily,Mid_Range,5G,2026-04-09
SUB8793604,2.17,2.43,0.73,0.77,97.08,0,0,35-44,Postpaid_Premium,Premium_Smartphone,4G,2026-04-10
SUB1401072,0.35,2.66,0.1,0.37,80.76,0,1,35-44,Prepaid_Daily,5G_Device,4G,2026-03-25
SUB7722841,0.51,2.56,0.55,0.47,63.54,1,0,25-34,Prepaid_Daily,Premium_Smartphone,4G,2026-04-02
SUB3095637,2.59,0.27,0.54,0.0,52.69,0,0,45-54,Prepaid_Daily,Mid_Range,4G,2026-04-17
SUB3788302,2.73,2.64,2.55,4.03,57.86,0,1,18-24,Postpaid_Unlimited,5G_Device,3G,2026-03-30
SUB8843227,8.0,2.49,0.99,1.45,47.62,1,0,18-24,Postpaid_Unlimited,Mid_Range,4G,2026-03-29
SUB6581472,3.67,3.18,0.36,0.67,51.85,1,1,18-24,Prepaid_Daily,Mid_Range,4G,2026-03-23
SUB9269841,1.9,2.12,0.82,0.28,100.81,1,1,25-34,Prepaid_Monthly,Mid_Range,4G,2026-04-14
SUB5859633,0.29,2.28,0.46,0.54,46.05,1,0,35-44,Postpaid_Unlimited,Mid_Range,3G,2026-03-25
SUB5468852,0.08,0.4,0.32,0.05,43.35,0,0,18-24,Prepaid_Daily,Mid_Range,3G,2026-03-23
SUB8742237,1.54,1.7,1.36,0.32,114.46,0,0,35-44,Prepaid_Daily,5G_Device,5G,2026-03-23
SUB7749977,0.57,0.38,0.04,0.02,39.85,0,0,25-34,Prepaid_Daily,Mid_Range,4G,2026-03-23
SUB1419503,3.0,0.74,0.55,0.06,110.24,1,0,55+,Postpaid_Unlimited,Premium_Smartphone,4G,2026-04-04
SUB7488000,0.58,0.32,0.31,0.02,42.11,0,1,35-44,Postpaid_Premium,Basic_Phone,5G,2026-03-23
SUB8586544,0.25,3.23,3.25,0.07,71.92,1,0,35-44,Prepaid_Monthly,Premium_Smartphone,4G,2026-03-19
SUB9318849,1.47,0.13,0.69,0.0,45.85,1,0,35-44,Prepaid_Daily,Mid_Range,4G,2026-04-06
SUB8608965,0.3,3.65,0.78,0.35,50.24,0,1,55+,Postpaid_Unlimited,Mid_Range,4G,2026-03-27
SUB1158253,0.27,3.94,0.23,0.18,64.43,1,0,55+,Prepaid_Monthly,Mid_Range,5G,2026-04-15
SUB9209061,0.22,0.78,0.29,0.06,25.82,0,0,25-34,Postpaid_Basic,Basic_Phone,4G,2026-03-23
SUB4211369,0.49,0.49,1.3,0.0,67.17,0,1,25-34,Prepaid_Monthly,Mid_Range,4G,2026-04-08
SUB2659537,2.86,2.14,4.0,0.0,48.55,1,0,25-34,Postpaid_Premium,Premium_Smartphone,3G,2026-03-21
SUB2279898,0.86,0.01,0.47,5.48,46.78,0,0,25-34,Prepaid_Daily,Mid_Range,4G,2026-04-12
SUB3364840,4.04,3.4,0.05,0.05,87.95,1,0,25-34,Postpaid_Premium,Mid_Range,4G+,2026-04-08
SUB1771143,1.66,1.81,0.13,1.21,69.21,1,0,25-34,Prepaid_Monthly,Mid_Range,5G,2026-04-12
SUB7697947,0.18,0.65,0.08,0.07,98.37,0,1,55+,Prepaid_Daily,Premium_Smartphone,3G,2026-04-03
SUB4906377,0.51,0.73,1.03,0.21,50.41,0,0,25-34,Postpaid_Basic,Premium_Smartphone,3G,2026-03-30
SUB2461433,0.77,2.03,1.77,0.08,96.14,1,0,45-54,Postpaid_Premium,Premium_Smartphone,4G,2026-04-10
SUB4348549,0.22,0.66,0.81,0.15,75.84,0,0,25-34,Prepaid_Monthly,Tablet,4G+,2026-03-27
SUB8753638,1.04,0.77,0.06,0.4,73.53,0,1,35-44,Prepaid_Daily,5G_Device,4G,2026-03-21
SUB6580427,1.04,1.36,0.62,0.16,27.31,0,0,25-34,Postpaid_Basic,Basic_Phone,5G,2026-04-14
SUB2576845,0.79,0.53,1.66,0.67,45.27,0,0,35-44,Postpaid_Premium,Mid_Range,4G,2026-04-12
SUB1988722,6.13,0.95,1.66,0.55,79.05,0,0,25-34,Postpaid_Premium,5G_Device,5G,2026-04-02
SUB3037398,0.86,0.48,0.01,0.29,10.35,0,0,25-34,Prepaid_Monthly,Basic_Phone,3G,2026-03-31
SUB4527110,1.52,0.87,0.46,0.12,108.65,0,1,45-54,Prepaid_Daily,Premium_Smartphone,4G,2026-03-27
SUB5289639,1.9,2.11,1.25,5.51,67.99,0,1,18-24,Postpaid_Basic,Tablet,4G,2026-04-09
SUB7398897,5.11,0.42,1.05,0.7,125.76,0,1,25-34,Prepaid_Monthly,Premium_Smartphone,4G+,2026-04-14
SUB2065560,0.23,1.16,0.0,0.27,14.15,0,0,18-24,Postpaid_Unlimited,Basic_Phone,4G,2026-03-28
SUB8989900,1.2,6.0,0.24,0.14,71.43,1,0,45-54,Postpaid_Basic,Premium_Smartphone,4G,2026-03-29
SUB8189204,2.76,0.62,0.56,0.06,74.45,0,0,25-34,Postpaid_Basic,Mid_Range,5G,2026-04-03
SUB7707432,0.56,2.17,0.04,0.82,127.98,0,1,35-44,Prepaid_Monthly,5G_Device,4G+,2026-04-08
SUB9349065,1.68,3.88,0.01,3.2,102.04,1,1,18-24,Prepaid_Monthly,Mid_Range,4G+,2026-04-04
SUB3754036,0.6,6.0,0.37,0.68,65.55,0,1,25-34,Postpaid_Basic,Premium_Smartphone,4G,2026-03-19
SUB7934198,2.06,0.72,0.7,0.12,106.57,0,0,45-54,Prepaid_Monthly,Premium_Smartphone,4G+,2026-03-23
SUB8389434,0.2,1.94,0.12,1.59,77.56,1,0,18-24,Postpaid_Unlimited,Mid_Range,5G,2026-04-01
SUB1091656,0.16,0.69,0.58,0.06,50.11,0,0,35-44,Prepaid_Monthly,Mid_Range,4G+,2026-03-31
SUB3162766,0.22,0.22,0.21,0.42,36.79,1,0,18-24,Prepaid_Monthly,Basic_Phone,4G+,2026-04-14
SUB1353153,2.53,1.9,0.95,0.57,97.05,1,1,25-34,Prepaid_Daily,Premium_Smartphone,4G,2026-04-08
SUB7724504,4.89,6.0,0.01,0.82,87.69,0,0,25-34,Postpaid_Premium,5G_Device,4G,2026-04-01
SUB4453708,1.05,0.44,0.05,0.29,42.59,1,0,35-44,Prepaid_Daily,Mid_Range,4G,2026-04-14
SUB5101153,0.35,0.49,0.26,0.18,28.69,0,0,35-44,Prepaid_Monthly,Basic_Phone,5G,2026-04-09
SUB1987938,0.9,2.14,0.28,2.01,101.64,0,0,35-44,Postpaid_Basic,Premium_Smartphone,4G,2026-04-10
SUB8074533,0.42,0.13,0.23,0.51,50.57,1,1,25-34,Prepaid_Monthly,Basic_Phone,4G,2026-04-01
SUB4801065,3.76,0.94,0.04,0.97,129.11,0,1,25-34,Postpaid_Premium,Premium_Smartphone,5G,2026-03-22
SUB1862839,6.09,1.13,0.91,0.06,41.63,0,1,18-24,Postpaid_Premium,Mid_Range,4G,2026-03-28
SUB2064367,1.07,1.3,0.54,1.19,122.86,0,0,45-54,Postpaid_Unlimited,Premium_Smartphone,4G+,2026-03-30
SUB1234898,1.59,1.6,0.62,0.16,86.44,0,0,45-54,Postpaid_Basic,Mid_Range,5G,2026-03-19
SUB1461122,0.42,0.54,0.35,0.13,17.88,0,1,18-24,Postpaid_Basic,Basic_Phone,3G,2026-04-03
SUB1675025,2.07,0.97,0.46,1.0,138.36,1,0,18-24,Prepaid_Monthly,Premium_Smartphone,4G+,2026-04-05
SUB5264550,1.51,2.81,0.1,0.48,58.25,0,1,18-24,Prepaid_Monthly,Mid_Range,4G,2026-03-23
SUB8536968,0.62,0.5,0.39,0.06,70.46,1,0,55+,Prepaid_Daily,5G_Device,4G,2026-04-11
SUB6477835,4.24,1.37,0.03,2.04,154.83,1,0,45-54,Postpaid_Premium,5G_Device,4G+,2026-03-27
SUB2605752,2.07,0.8,0.1,1.02,61.59,0,0,25-34,Prepaid_Monthly,Mid_Range,5G,2026-03-28
SUB1807040,2.07,0.76,1.5,1.6,75.01,0,0,25-34,Postpaid_Basic,5G_Device,4G,2026-04-14
SUB7634586,0.37,0.93,0.16,0.04,27.45,0,0,25-34,Prepaid_Monthly,Mid_Range,3G,2026-03-26
SUB5132443,2.15,0.17,0.49,0.14,138.41,1,0,35-44,Postpaid_Basic,5G_Device,4G+,2026-04-03
SUB6232190,0.25,0.95,0.08,0.01,44.35,1,0,35-44,Prepaid_Monthly,Mid_Range,3G,2026-03-27
SUB8920337,0.7,1.19,0.87,0.02,45.6,1,0,25-34,Postpaid_Basic,Mid_Range,4G,2026-04-15
SUB3154828,0.63,6.0,0.02,0.54,144.52,1,0,45-54,Postpaid_Unlimited,5G_Device,5G,2026-04-08
SUB6778728,3.23,4.46,0.15,3.29,123.52,1,1,25-34,Postpaid_Premium,Tablet,4G,2026-03-27
SUB6293348,0.89,1.24,0.18,2.28,120.85,1,0,18-24,Prepaid_Monthly,Premium_Smartphone,4G,2026-04-10
SUB3784975,1.09,2.55,0.0,0.35,97.91,1,0,35-44,Postpaid_Basic,Premium_Smartphone,4G,2026-04-07
SUB9371223,2.07,0.79,2.22,0.14,81.19,0,0,25-34,Postpaid_Basic,5G_Device,4G+,2026-04-16
SUB9840597,0.71,0.57,0.33,0.02,84.55,0,0,55+,Postpaid_Premium,Premium_Smartphone,4G,2026-04-17
SUB5859382,2.35,0.67,0.11,0.17,41.26,0,0,25-34,Postpaid_Premium,Mid_Range,4G,2026-03-30
SUB5912301,2.07,0.32,0.03,0.44,93.35,0,1,25-34,Prepaid_Monthly,Mid_Range,4G+,2026-04-06
SUB9126492,4.51,1.06,0.75,0.34,130.38,0,1,35-44,Postpaid_Premium,5G_Device,4G,2026-03-29
SUB4077026,0.14,1.09,0.08,0.33,95.55,0,0,25-34,Prepaid_Daily,5G_Device,4G,2026-04-06
SUB1148469,1.39,6.0,0.16,2.9,131.76,1,1,25-34,Postpaid_Premium,5G_Device,4G,2026-04-03
SUB5170555,0.67,0.63,0.08,0.12,80.32,0,1,55+,Prepaid_Monthly,Mid_Range,5G,2026-04-14
SUB1516394,0.41,3.15,0.91,0.65,88.62,0,0,25-34,Prepaid_Monthly,Premium_Smartphone,4G,2026-04-02
SUB3090825,0.17,2.7,0.04,0.31,34.82,1,1,25-34,Postpaid_Unlimited,Basic_Phone,3G,2026-04-02
SUB9908720,0.55,1.25,0.81,0.17,84.37,0,0,45-54,Prepaid_Monthly,Premium_Smartphone,4G,2026-04-07
SUB4290303,1.09,2.62,1.58,0.56,86.78,0,1,18-24,Postpaid_Unlimited,Premium_Smartphone,4G,2026-03-26
SUB8415871,1.07,0.72,0.3,0.16,64.59,0,0,18-24,Prepaid_Daily,Mid_Range,4G+,2026-03-28
SUB9090433,6.45,3.23,0.4,0.02,127.21,1,0,35-44,Postpaid_Basic,Premium_Smartphone,4G,2026-04-05
SUB3418853,0.57,3.79,0.52,2.49,51.18,0,0,18-24,Postpaid_Premium,Mid_Range,5G,2026-04-02
SUB6244786,0.31,0.08,0.1,0.04,73.92,1,0,55+,Prepaid_Daily,Mid_Range,5G,2026-03-19
SUB8249127,0.55,0.95,0.27,0.56,64.04,0,0,25-34,Prepaid_Daily,Mid_Range,5G,2026-04-11
SUB9920857,0.43,0.55,0.24,0.52,99.12,0,0,35-44,Prepaid_Daily,5G_Device,4G,2026-04-13
SUB8197177,0.62,1.38,0.65,0.85,41.17,0,0,18-24,Postpaid_Unlimited,Mid_Range,3G,2026-04-06
SUB5384077,0.47,1.28,0.65,0.11,28.65,0,0,25-34,Postpaid_Premium,Basic_Phone,4G+,2026-03-19
SUB2129775,1.2,2.15,0.3,0.15,26.72,0,0,35-44,Prepaid_Monthly,Mid_Range,4G,2026-04-10
SUB9125248,0.78,1.65,0.04,0.47,94.33,0,0,25-34,Prepaid_Daily,Premium_Smartphone,5G,2026-04-06
SUB3196916,0.4,0.71,0.09,0.01,25.37,1,0,45-54,Prepaid_Daily,Basic_Phone,3G,2026-03-31
SUB7241602,4.02,0.86,0.09,0.0,66.62,0,1,25-34,Postpaid_Basic,5G_Device,4G,2026-04-17
SUB2170933,0.89,6.0,2.98,0.34,92.25,0,1,35-44,Postpaid_Unlimited,5G_Device,4G,2026-04-15
SUB2391449,6.37,3.79,0.33,0.07,51.75,0,0,25-34,Postpaid_Premium,Premium_Smartphone,4G,2026-03-28
SUB3518929,0.57,1.05,0.05,0.0,82.67,0,0,35-44,Prepaid_Monthly,Premium_Smartphone,4G+,2026-04-12
SUB7604168,1.7,0.93,0.12,0.07,139.08,0,0,35-44,Postpaid_Basic,Premium_Smartphone,5G,2026-04-11
SUB1859734,3.71,3.21,1.47,2.15,50.25,1,0,18-24,Postpaid_Unlimited,Mid_Range,4G+,2026-04-13
SUB6207188,1.42,0.51,0.03,0.72,97.23,1,1,25-34,Postpaid_Basic,Mid_Range,5G,2026-04-15
SUB9242580,7.68,0.29,0.96,0.06,93.41,0,0,18-24,Postpaid_Unlimited,Premium_Smartphone,4G,2026-04-09
SUB2872154,4.47,1.16,0.04,0.02,116.65,0,1,25-34,Prepaid_Daily,5G_Device,4G,2026-04-10
SUB8904617,1.73,2.47,0.08,0.4,141.02,0,1,35-44,Postpaid_Premium,5G_Device,5G,2026-03-26
SUB1913605,1.6,6.0,1.52,0.0,75.43,0,1,18-24,Postpaid_Basic,5G_Device,3G,2026-04-13
SUB4009526,2.3,0.3,0.28,0.04,88.81,0,1,55+,Postpaid_Premium,Tablet,4G+,2026-04-11
SUB9405547,4.15,2.06,0.14,0.56,76.48,0,1,25-34,Postpaid_Basic,Mid_Range,5G,2026-04-06
SUB3032656,1.02,0.25,0.04,0.01,132.04,1,1,55+,Prepaid_Daily,Mid_Range,5G,2026-04-02
SUB7490750,0.32,1.04,1.12,0.17,98.81,1,0,18-24,Prepaid_Daily,Mid_Range,5G,2026-03-31
SUB8221626,0.77,0.39,0.68,0.0,102.07,0,0,55+,Postpaid_Unlimited,Premium_Smartphone,5G,2026-04-15
SUB7353575,0.14,0.32,0.43,0.42,27.41,0,0,18-24,Prepaid_Monthly,Mid_Range,3G,2026-04-05
SUB7982137,0.33,1.39,0.97,0.01,45.07,0,0,25-34,Postpaid_Unlimited,5G_Device,4G,2026-04-08
SUB4289986,0.08,1.08,0.15,0.3,46.68,0,0,55+,Postpaid_Premium,Premium_Smartphone,4G,2026-04-17
SUB6652555,3.33,1.28,1.99,0.45,83.26,1,1,18-24,Prepaid_Monthly,Premium_Smartphone,4G,2026-04-06
SUB6198054,0.26,3.14,0.01,0.08,31.56,1,1,18-24,Postpaid_Unlimited,Basic_Phone,4G+,2026-04-15
SUB8269623,0.28,1.18,0.3,0.3,35.52,1,1,45-54,Postpaid_Premium,Mid_Range,3G,2026-04-01
SUB2854165,1.06,0.05,0.5,0.07,88.58,0,1,35-44,Prepaid_Monthly,Mid_Range,4G+,2026-04-03
SUB1377224,1.49,2.12,0.25,0.69,135.38,1,0,25-34,Prepaid_Daily,Tablet,4G,2026-03-29
SUB5453722,4.62,0.74,1.0,2.8,46.85,0,0,18-24,Postpaid_Unlimited,Mid_Range,4G,2026-04-06
SUB7321136,4.75,1.36,0.07,0.1,115.59,1,0,35-44,Postpaid_Premium,Premium_Smartphone,4G,2026-03-21
SUB9623041,1.4,4.21,4.0,0.34,163.87,0,1,18-24,Postpaid_Premium,Tablet,5G,2026-03-21
SUB1364446,0.2,1.64,0.5,0.42,53.87,0,0,55+,Postpaid_Premium,Mid_Range,5G,2026-04-16
SUB7759072,0.59,1.73,0.11,0.23,40.13,1,0,35-44,Prepaid_Monthly,Mid_Range,4G,2026-04-04
SUB1448934,2.72,6.0,0.53,1.61,194.01,1,1,35-44,Postpaid_Unlimited,Premium_Smartphone,5G,2026-04-15
SUB3657885,1.01,0.79,0.57,0.72,117.22,1,0,18-24,Prepaid_Daily,Premium_Smartphone,4G,2026-03-20
SUB6242029,1.08,0.85,0.16,0.34,123.07,0,0,45-54,Prepaid_Monthly,5G_Device,5G,2026-04-04
SUB6772964,0.48,0.29,0.13,0.02,37.31,0,1,25-34,Prepaid_Daily,Basic_Phone,5G,2026-04-07
SUB6644219,0.34,0.29,0.3,0.16,91.25,0,1,45-54,Prepaid_Daily,Mid_Range,5G,2026-04-14
SUB7955038,0.47,1.46,0.15,0.43,33.6,0,0,25-34,Postpaid_Basic,Mid_Range,3G,2026-03-20
SUB2942120,0.11,0.4,0.19,0.13,59.03,0,1,45-54,Prepaid_Daily,Premium_Smartphone,3G,2026-04-03
SUB9094566,0.24,0.66,0.12,0.08,47.56,1,0,35-44,Prepaid_Daily,Basic_Phone,5G,2026-03-27
SUB8311460,1.34,2.92,0.61,1.23,66.5,0,0,18-24,Prepaid_Monthly,Premium_Smartphone,4G,2026-04-02
SUB8863353,1.86,0.88,2.75,4.05,95.07,0,0,25-34,Postpaid_Premium,Premium_Smartphone,5G,2026-04-10
SUB7710660,0.5,6.0,0.03,0.24,55.42,0,0,18-24,Postpaid_Basic,Premium_Smartphone,3G,2026-03-27
SUB1821939,3.85,4.03,0.97,1.36,73.74,0,1,25-34,Postpaid_Basic,Mid_Range,5G,2026-04-01
SUB4637588,0.19,0.31,1.12,0.56,51.93,0,1,25-34,Postpaid_Premium,Premium_Smartphone,3G,2026-04-09
SUB8470396,2.77,5.51,1.99,0.54,103.25,1,1,25-34,Postpaid_Basic,5G_Device,4G,2026-03-28
SUB9163365,0.24,1.22,1.14,0.29,76.26,0,1,35-44,Prepaid_Monthly,Mid_Range,4G+,2026-03-30
SUB4614705,0.41,1.16,0.44,0.99,19.37,0,0,35-44,Postpaid_Unlimited,Mid_Range,3G,2026-04-06
SUB3500120,0.98,0.78,0.22,0.48,61.88,0,0,18-24,Prepaid_Daily,Premium_Smartphone,4G,2026-03-21
SUB4932613,0.56,0.56,0.0,0.0,76.37,1,0,45-54,Prepaid_Monthly,Premium_Smartphone,4G,2026-03-22
SUB5055032,0.58,0.13,0.06,0.46,75.11,0,0,55+,Postpaid_Basic,Mid_Range,4G+,2026-04-17
SUB6881344,3.99,1.3,0.38,0.04,114.46,1,1,25-34,Postpaid_Premium,Premium_Smartphone,4G,2026-04-07
SUB3196274,0.73,1.32,1.23,0.96,62.31,1,0,18-24,Postpaid_Premium,Mid_Range,5G,2026-04-10
SUB3429700,0.9,0.43,0.08,0.73,87.39,1,1,25-34,Prepaid_Daily,Mid_Range,5G,2026-03-29
SUB6586956,2.8,0.48,0.57,0.67,36.74,0,0,35-44,Postpaid_Premium,Mid_Range,4G,2026-03-31
SUB5096920,6.75,3.11,0.07,0.35,82.99,1,0,35-44,Postpaid_Premium,5G_Device,4G,2026-04-10
SUB8557944,1.49,1.48,0.67,1.83,55.09,0,0,35-44,Prepaid_Monthly,5G_Device,4G,2026-04-09
SUB7015346,2.94,0.24,0.11,0.05,77.98,0,0,18-24,Prepaid_Daily,Mid_Range,5G,2026-04-06
SUB4501661,0.27,0.05,0.01,0.22,19.88,0,0,45-54,Postpaid_Premium,Basic_Phone,4G,2026-04-04
SUB8872277,0.35,0.14,0.15,0.15,34.04,1,0,25-34,Prepaid_Monthly,Basic_Phone,4G,2026-03-28
SUB3604902,3.47,0.69,0.15,1.82,81.42,0,0,18-24,Prepaid_Daily,Mid_Range,5G,2026-04-05
SUB1398008,2.85,1.24,0.69,0.23,78.45,0,0,18-24,Prepaid_Monthly,5G_Device,4G,2026-03-23
SUB7080898,0.11,0.52,0.31,0.01,41.48,0,0,25-34,Prepaid_Daily,Mid_Range,3G,2026-04-09
SUB6193595,0.55,0.62,0.09,1.63,78.23,1,1,35-44,Prepaid_Monthly,Mid_Range,4G+,2026-03-24
SUB4549651,4.04,0.94,0.65,0.31,115.37,1,0,35-44,Prepaid_Monthly,Mid_Range,5G,2026-03-28
SUB9029598,0.61,0.49,0.05,0.06,39.02,0,1,55+,Prepaid_Monthly,Mid_Range,3G,2026-03-21
SUB8867863,3.99,0.36,0.66,4.7,150.45,1,1,18-24,Postpaid_Unlimited,Premium_Smartphone,4G+,2026-03-20
SUB3796647,0.07,4.1,0.5,0.19,152.81,0,1,55+,Prepaid_Monthly,Premium_Smartphone,4G+,2026-03-29
SUB6802199,2.47,0.14,0.28,0.6,37.3,1,0,35-44,Postpaid_Basic,Mid_Range,3G,2026-04-10
SUB1174001,0.69,1.6,0.09,0.68,32.49,0,0,25-34,Postpaid_Unlimited,Mid_Range,4G,2026-04-06
SUB6570771,0.84,1.51,0.46,0.1,76.12,0,0,45-54,Postpaid_Unlimited,Premium_Smartphone,5G,2026-04-16
SUB1065867,1.46,2.05,0.73,0.14,89.62,0,0,35-44,Prepaid_Monthly,5G_Device,4G+,2026-04-11
SUB1088780,0.09,1.68,0.78,0.23,37.05,0,0,25-34,Prepaid_Monthly,Basic_Phone,5G,2026-04-01
SUB8397228,0.15,0.3,0.03,0.0,7.14,0,0,45-54,Postpaid_Basic,Basic_Phone,4G,2026-04-13
SUB3695145,0.93,0.39,0.02,0.5,33.7,0,0,35-44,Postpaid_Unlimited,Mid_Range,3G,2026-04-08
SUB3941478,0.55,1.32,0.07,0.09,48.0,0,0,35-44,Prepaid_Daily,Mid_Range,4G,2026-04-08
SUB7792109,0.55,0.03,0.9,0.15,51.01,1,1,45-54,Prepaid_Monthly,Mid_Range,3G,2026-03-26
SUB4767263,0.55,1.05,0.3,0.32,13.73,0,0,25-34,Postpaid_Premium,Basic_Phone,4G,2026-04-15
SUB5195031,1.78,1.14,0.36,0.46,102.88,0,1,35-44,Prepaid_Monthly,Mid_Range,5G,2026-04-06
SUB5084591,0.52,0.82,0.37,0.04,49.95,0,0,35-44,Postpaid_Premium,Mid_Range,4G,2026-04-10
SUB2414119,0.63,0.28,0.12,0.0,13.58,0,0,25-34,Postpaid_Premium,Basic_Phone,4G,2026-04-11
SUB6354993,1.29,3.71,1.28,0.16,88.7,0,0,18-24,Prepaid_Monthly,Premium_Smartphone,4G+,2026-04-08
SUB2268182,0.89,0.64,0.04,0.0,94.2,0,0,45-54,Prepaid_Monthly,Premium_Smartphone,4G,2026-03-19
SUB9779340,0.04,2.45,0.1,1.18,56.94,0,0,18-24,Postpaid_Basic,Mid_Range,4G,2026-04-09
SUB3570746,1.85,0.14,0.71,0.44,80.92,0,0,35-44,Postpaid_Premium,Premium_Smartphone,4G,2026-04-01
SUB3251743,0.57,1.03,0.06,0.5,103.52,1,0,55+,Postpaid_Premium,Premium_Smartphone,4G,2026-03-26
SUB7194702,8.0,1.63,0.37,0.46,85.44,0,0,25-34,Postpaid_Premium,Tablet,5G,2026-03-27
SUB4120452,0.47,2.91,0.07,1.67,107.93,1,0,18-24,Prepaid_Daily,5G_Device,4G+,2026-04-11
SUB6615829,0.74,4.28,0.13,0.23,54.86,0,0,18-24,Postpaid_Premium,Premium_Smartphone,4G,2026-04-16
SUB7147401,8.0,6.0,2.26,1.75,181.12,1,1,35-44,Postpaid_Basic,5G_Device,5G,2026-04-09
SUB7304721,0.33,0.23,0.0,0.04,45.98,0,0,55+,Postpaid_Basic,Premium_Smartphone,3G,2026-03-22
SUB8738672,0.56,0.49,0.11,2.99,57.84,0,1,25-34,Prepaid_Monthly,Mid_Range,4G,2026-04-01
SUB7615492,0.65,5.39,0.49,0.5,68.71,1,0,18-24,Postpaid_Premium,Mid_Range,4G,2026-03-30
SUB1318774,1.35,0.29,1.24,0.48,63.29,0,1,35-44,Postpaid_Premium,Mid_Range,4G+,2026-04-07
SUB8561743,0.84,1.3,0.05,0.2,22.1,0,0,35-44,Postpaid_Basic,Basic_Phone,4G,2026-04-02
SUB9875234,2.99,4.32,0.39,1.07,46.27,0,1,25-34,Postpaid_Unlimited,Mid_Range,4G,2026-04-06
SUB4023871,1.15,0.65,0.08,0.16,56.55,0,0,35-44,Prepaid_Daily,Mid_Range,5G,2026-03-25
SUB5849617,1.31,0.55,0.19,0.09,62.08,1,0,25-34,Prepaid_Monthly,Tablet,3G,2026-04-13
SUB1611868,0.71,0.8,0.07,0.01,33.27,1,0,45-54,Postpaid_Basic,Basic_Phone,5G,2026-04-01
SUB5533910,3.3,6.0,0.86,0.25,71.63,0,1,25-34,Postpaid_Unlimited,Premium_Smartphone,3G,2026-04-16
SUB7929140,1.81,0.49,0.98,0.26,84.08,0,0,25-34,Prepaid_Daily,5G_Device,4G,2026-03-26
SUB2407757,0.56,0.17,0.18,0.16,110.5,0,0,45-54,Prepaid_Monthly,Premium_Smartphone,5G,2026-04-09
SUB4456800,1.34,1.16,2.91,0.25,117.68,0,1,25-34,Postpaid_Unlimited,Premium_Smartphone,4G,2026-03-29
SUB2138452,7.92,5.81,0.74,2.0,110.85,0,0,25-34,Postpaid_Unlimited,Premium_Smartphone,4G+,2026-03-21
SUB9109334,1.29,0.65,0.05,0.11,56.05,0,0,55+,Postpaid_Unlimited,Mid_Range,4G,2026-03-31
SUB8727160,1.1,0.27,0.1,0.27,35.86,0,0,35-44,Prepaid_Monthly,Mid_Range,4G,2026-04-10
SUB5554704,0.28,3.1,0.14,2.05,57.11,0,0,18-24,Postpaid_Premium,5G_Device,4G,2026-04-09
SUB3288013,0.16,1.18,0.19,0.45,27.72,1,0,35-44,Postpaid_Basic,Basic_Phone,4G+,2026-03-23
SUB9262236,0.55,0.62,0.72,0.01,84.58,0,0,45-54,Postpaid_Basic,5G_Device,4G,2026-03-19
SUB3348818,0.47,0.86,0.17,0.26,82.83,0,0,35-44,Prepaid_Monthly,Mid_Range,4G+,2026-03-23
SUB4415398,0.44,3.38,4.0,3.44,93.34,0,0,18-24,Postpaid_Premium,Premium_Smartphone,5G,2026-04-16
SUB5822455,0.75,2.03,1.39,0.05,121.99,0,0,35-44,Prepaid_Monthly,Premium_Smartphone,5G,2026-03-20
SUB4344849,1.08,1.06,0.86,0.05,92.24,0,0,35-44,Prepaid_Monthly,Tablet,4G+,2026-03-25
SUB9724118,0.21,0.51,0.0,0.29,59.17,0,0,45-54,Postpaid_Basic,Mid_Range,4G,2026-04-10
SUB4201824,0.87,6.0,0.48,0.02,119.85,0,0,18-24,Prepaid_Monthly,Tablet,5G,2026-03-28
SUB6051921,0.11,1.44,1.01,0.25,83.06,1,0,35-44,Prepaid_Monthly,Mid_Range,4G,2026-03-19
SUB9438856,2.19,2.86,0.56,0.73,122.52,1,0,18-24,Prepaid_Monthly,Premium_Smartphone,5G,2026-03-27
SUB6448608,0.53,1.19,0.36,0.01,64.77,0,0,35-44,Postpaid_Premium,Premium_Smartphone,4G,2026-03-21
SUB5065183,0.03,0.05,0.03,0.03,48.86,0,0,55+,Prepaid_Monthly,Basic_Phone,5G,2026-03-31
SUB1240346,3.38,0.51,2.84,0.16,147.45,0,1,18-24,Postpaid_Premium,Premium_Smartphone,5G,2026-03-24
SUB5236258,0.53,1.32,0.27,1.29,67.17,0,1,25-34,Postpaid_Premium,Mid_Range,5G,2026-04-01
SUB2796641,0.86,1.07,0.29,0.3,31.17,0,0,35-44,Postpaid_Premium,Mid_Range,3G,2026-03-24
SUB9651347,1.88,5.56,0.18,1.95,167.85,0,1,35-44,Postpaid_Basic,5G_Device,5G,2026-04-10
SUB6807811,3.44,4.62,0.24,0.09,47.26,1,0,25-34,Postpaid_Premium,5G_Device,3G,2026-04-12
SUB8594825,1.22,0.28,0.03,0.08,94.15,0,1,35-44,Prepaid_Daily,Premium_Smartphone,4G+,2026-03-25
SUB3421961,1.4,0.38,0.29,0.5,42.7,0,1,45-54,Prepaid_Monthly,Premium_Smartphone,3G,2026-03-23
SUB1268116,2.17,1.56,1.04,0.38,78.77,0,0,35-44,Postpaid_Premium,Premium_Smartphone,5G,2026-04-01
SUB4423754,2.87,0.56,0.07,0.42,98.02,0,0,35-44,Postpaid_Unlimited,5G_Device,4G,2026-03-29
SUB2770330,1.8,6.0,0.52,0.17,132.37,0,0,25-34,Prepaid_Daily,Tablet,5G,2026-03-25
SUB5658575,0.95,0.6,0.01,0.1,52.27,0,0,55+,Postpaid_Basic,Premium_Smartphone,4G,2026-03-26
SUB4824857,5.07,3.97,0.89,0.12,59.95,0,0,25-34,Postpaid_Unlimited,Mid_Range,5G,2026-04-12
SUB9753373,1.87,2.88,0.53,0.2,47.63,0,1,18-24,Postpaid_Unlimited,Mid_Range,3G,2026-03-26
SUB1012879,0.54,3.14,0.66,0.1,50.31,0,0,25-34,Prepaid_Daily,Mid_Range,4G+,2026-04-04
SUB9946694,2.51,2.58,0.37,0.17,95.04,1,0,35-44,Postpaid_Basic,5G_Device,3G,2026-04-13
SUB5895737,1.45,1.28,0.07,1.11,69.84,0,0,45-54,Prepaid_Daily,Tablet,4G+,2026-04-15
SUB6580815,5.63,4.75,0.04,0.99,71.31,1,0,18-24,Postpaid_Premium,Premium_Smartphone,4G,2026-03-27
SUB4999143,1.16,1.64,1.21,0.03,88.44,0,1,45-54,Prepaid_Monthly,Tablet,4G,2026-03-22
SUB5682251,0.51,0.44,1.17,0.04,61.74,0,0,45-54,Postpaid_Premium,Mid_Range,5G,2026-03-27
SUB7949666,4.6,5.05,0.32,0.25,66.9,0,0,35-44,Postpaid_Unlimited,Premium_Smartphone,5G,2026-04-13
SUB9548080,0.77,0.76,2.19,0.52,114.32,0,1,45-54,Postpaid_Unlimited,Premium_Smartphone,5G,2026-04-03
SUB3091028,8.0,1.75,0.23,0.41,66.82,0,0,18-24,Postpaid_Unlimited,Premium_Smartphone,3G,2026-04-10
SUB3895537,1.84,2.98,0.75,0.43,136.77,1,0,18-24,Prepaid_Monthly,Premium_Smartphone,4G+,2026-04-09
SUB3727850,0.58,3.04,0.26,0.33,153.43,1,1,45-54,Prepaid_Daily,Mid_Range,5G,2026-03-28
SUB4300335,2.71,2.0,0.66,1.12,94.1,0,1,25-34,Postpaid_Basic,Premium_Smartphone,4G,2026-04-01
SUB2779472,2.27,3.21,0.08,0.01,109.53,0,1,18-24,Postpaid_Basic,Premium_Smartphone,4G,2026-04-13
SUB4613983,1.12,0.37,0.15,0.45,113.97,1,1,35-44,Prepaid_Daily,5G_Device,4G,2026-04-13
SUB6495592,0.42,0.42,0.45,0.13,50.62,0,0,45-54,Prepaid_Monthly,Premium_Smartphone,4G,2026-04-16
SUB7110341,1.41,0.37,0.32,0.42,21.52,0,0,35-44,Postpaid_Unlimited,Mid_Range,3G,2026-04-05
SUB4149783,5.35,0.96,1.73,1.41,120.45,0,0,25-34,Postpaid_Unlimited,Premium_Smartphone,4G+,2026-04-08
SUB8334291,0.2,1.65,0.14,0.15,50.78,0,0,25-34,Prepaid_Monthly,Mid_Range,4G,2026-03-27
SUB3326168,0.6,1.11,0.2,0.91,74.01,1,0,45-54,Prepaid_Monthly,Mid_Range,5G,2026-04-04
SUB7951740,0.52,1.69,2.53,0.62,49.92,0,0,18-24,Postpaid_Basic,Premium_Smartphone,4G,2026-03-26
SUB5141314,0.88,0.37,0.18,0.19,49.23,0,0,18-24,Postpaid_Unlimited,Mid_Range,3G,2026-04-03
SUB5286419,0.15,3.54,0.59,0.24,62.23,0,0,25-34,Postpaid_Basic,Premium_Smartphone,3G,2026-04-09
SUB5010086,0.28,1.03,0.9,0.04,37.21,0,0,35-44,Postpaid_Unlimited,Mid_Range,4G+,2026-04-02
SUB1482870,0.43,0.35,0.79,0.24,15.14,0,1,25-34,Postpaid_Premium,Basic_Phone,3G,2026-04-04
SUB6313280,0.81,2.51,1.4,0.21,32.38,0,1,25-34,Postpaid_Unlimited,Mid_Range,3G,2026-03-26
SUB8963845,0.89,6.0,0.07,0.01,29.44,1,0,18-24,Postpaid_Premium,Mid_Range,3G,2026-04-11
SUB6991342,0.57,1.31,0.53,0.04,15.8,0,0,18-24,Postpaid_Unlimited,Basic_Phone,4G,2026-03-28
SUB7433230,0.51,3.03,1.07,0.5,97.02,1,0,25-34,Postpaid_Premium,Mid_Range,4G+,2026-04-03
SUB8184620,0.14,0.5,0.6,0.01,70.89,1,0,25-34,Prepaid_Monthly,Mid_Range,4G+,2026-03-31
SUB5209689,1.76,0.41,0.27,0.19,45.64,1,0,35-44,Prepaid_Monthly,Mid_Range,3G,2026-04-01
SUB9135800,0.58,0.96,0.16,0.2,40.08,0,1,25-34,Postpaid_Unlimited,Mid_Range,3G,2026-04-03
SUB5152109,0.44,1.51,0.25,0.28,55.09,0,0,25-34,Prepaid_Daily,Mid_Range,5G,2026-04-02
SUB3605822,0.29,0.44,0.04,0.05,28.57,1,1,25-34,Prepaid_Monthly,Basic_Phone,4G,2026-03-21
SUB1117369,0.44,3.31,0.07,0.67,21.2,0,0,25-34,Postpaid_Premium,Basic_Phone,5G,2026-04-15
SUB7380858,1.29,2.42,2.21,1.23,98.44,0,1,18-24,Postpaid_Premium,Premium_Smartphone,4G,2026-04-08
SUB3350876,1.09,2.22,0.33,0.77,72.84,1,0,18-24,Prepaid_Daily,Mid_Range,4G,2026-04-03
SUB8031401,0.2,0.35,0.69,0.12,67.39,0,0,25-34,Postpaid_Basic,Premium_Smartphone,3G,2026-04-15
SUB9169183,3.3,0.45,0.03,0.2,62.23,0,1,55+,Postpaid_Basic,Mid_Range,4G+,2026-04-12
SUB4619047,1.59,0.77,0.17,0.64,96.3,0,0,25-34,Prepaid_Monthly,Tablet,4G,2026-03-29
SUB3867695,1.44,0.74,0.03,0.52,75.64,1,0,55+,Postpaid_Unlimited,Mid_Range,4G,2026-04-14
SUB6347006,2.14,1.94,1.04,0.9,89.91,0,1,25-34,Postpaid_Premium,Premium_Smartphone,4G,2026-03-23
SUB2650522,0.88,0.91,0.67,1.06,46.77,0,1,25-34,Postpaid_Unlimited,Mid_Range,4G,2026-04-15
SUB6408792,0.36,0.66,0.03,0.04,47.81,0,0,45-54,Prepaid_Daily,Premium_Smartphone,3G,2026-03-30
SUB6242042,0.36,1.28,0.22,0.13,63.57,0,0,18-24,Prepaid_Monthly,Premium_Smartphone,3G,2026-03-28
SUB7060319,1.28,1.17,2.17,1.23,62.75,0,0,18-24,Postpaid_Premium,Mid_Range,4G+,2026-03-29
SUB8971153,1.93,0.14,0.17,0.01,37.31,1,0,55+,Prepaid_Monthly,Mid_Range,4G,2026-04-10
SUB1907153,8.0,1.85,1.2,0.33,80.88,1,0,25-34,Prepaid_Monthly,Tablet,4G,2026-03-21
SUB3714660,8.0,1.57,0.35,0.36,139.24,1,1,18-24,Postpaid_Unlimited,5G_Device,4G+,2026-04-08
SUB6824648,1.16,2.82,0.55,2.36,134.42,0,0,18-24,Postpaid_Unlimited,Premium_Smartphone,5G,2026-04-05
SUB2923298,0.44,1.52,0.29,0.64,105.59,0,0,55+,Postpaid_Basic,5G_Device,5G,2026-04-08
SUB4625279,0.12,0.7,0.19,0.22,46.16,0,0,45-54,Postpaid_Basic,Basic_Phone,5G,2026-03-30
SUB9910005,1.39,0.44,0.99,0.44,129.37,0,0,25-34,Prepaid_Daily,Premium_Smartphone,5G,2026-04-16
SUB1792425,7.03,4.01,0.27,4.1,51.39,0,0,18-24,Postpaid_Unlimited,Mid_Range,4G,2026-04-12
SUB4110997,1.19,0.33,0.15,0.58,142.81,0,1,45-54,Postpaid_Premium,Premium_Smartphone,5G,2026-04-13
SUB6336530,0.88,0.35,0.16,2.37,85.09,0,1,25-34,Prepaid_Daily,5G_Device,3G,2026-03-28
SUB2566772,0.43,0.43,0.02,0.08,6.59,0,0,25-34,Prepaid_Daily,Basic_Phone,3G,2026-03-20
SUB4001179,1.58,5.77,0.67,1.1,108.74,1,0,35-44,Postpaid_Premium,Premium_Smartphone,4G,2026-04-01
SUB1052066,0.63,1.23,0.8,0.12,65.85,1,0,25-34,Prepaid_Daily,Mid_Range,5G,2026-04-14
SUB3471146,5.91,3.67,0.62,4.83,125.63,1,1,35-44,Postpaid_Unlimited,Mid_Range,4G+,2026-03-30
SUB6259018,5.85,0.72,0.82,0.42,79.86,0,0,45-54,Postpaid_Unlimited,5G_Device,5G,2026-04-15
SUB7410014,1.63,1.44,0.19,0.27,106.43,0,1,45-54,Postpaid_Unlimited,5G_Device,4G,2026-03-24
SUB9647088,0.3,0.65,0.01,0.44,10.28,0,0,25-34,Postpaid_Premium,Basic_Phone,4G,2026-04-09
SUB7729199,1.64,0.34,4.0,1.53,131.63,0,0,25-34,Postpaid_Basic,Premium_Smartphone,5G,2026-03-23
SUB6514214,1.26,0.56,0.14,0.1,48.67,0,0,25-34,Prepaid_Daily,Mid_Range,5G,2026-03-24
SUB9218723,2.36,4.24,0.21,0.05,46.27,0,0,25-34,Postpaid_Premium,Mid_Range,4G,2026-04-16
SUB5183005,1.44,1.3,0.58,0.13,91.91,0,1,25-34,Prepaid_Monthly,5G_Device,4G,2026-03-23
SUB9051090,1.77,0.54,0.51,0.52,38.93,0,0,25-34,Postpaid_Basic,Basic_Phone,5G,2026-03-24
SUB5171364,0.19,0.26,0.03,0.21,28.41,0,1,18-24,Prepaid_Monthly,Basic_Phone,3G,2026-04-01
SUB7417060,0.76,0.68,0.72,0.4,73.66,1,1,18-24,Prepaid_Monthly,Mid_Range,4G,2026-03-21
SUB6362204,0.8,0.78,1.03,1.68,81.64,1,0,25-34,Prepaid_Monthly,Mid_Range,5G,2026-04-13
SUB3573937,1.4,0.46,0.12,0.21,27.34,0,1,35-44,Postpaid_Premium,Basic_Phone,4G,2026-03-26
SUB5197739,0.1,0.47,0.07,0.02,54.91,0,0,35-44,Prepaid_Monthly,Premium_Smartphone,3G,2026-03-31
SUB4305742,0.87,1.24,0.34,0.31,54.24,1,0,25-34,Prepaid_Monthly,Mid_Range,4G+,2026-03-31
SUB8006451,0.56,1.46,0.61,0.29,86.49,0,1,35-44,Prepaid_Monthly,Mid_Range,5G,2026-03-25
SUB2470851,0.67,0.26,0.5,0.38,45.67,0,0,35-44,Prepaid_Daily,Mid_Range,4G,2026-03-31
SUB1712917,2.66,3.04,0.31,0.63,46.3,0,0,25-34,Postpaid_Unlimited,Mid_Range,4G,2026-03-27
SUB3936598,4.18,1.35,1.31,0.31,40.59,0,0,18-24,Postpaid_Basic,Mid_Range,4G,2026-04-11
SUB8766074,0.2,0.34,0.02,0.11,58.0,0,1,25-34,Prepaid_Daily,Mid_Range,4G,2026-04-03
SUB5486745,1.57,0.53,0.62,0.03,84.96,0,0,25-34,Prepaid_Monthly,Mid_Range,5G,2026-04-09
SUB7859634,0.38,0.49,0.26,0.32,16.8,0,0,18-24,Postpaid_Unlimited,Basic_Phone,4G,2026-03-19
SUB7574922,0.29,2.04,0.01,0.29,83.3,0,0,55+,Postpaid_Basic,Mid_Range,5G,2026-04-13
SUB3700993,6.6,2.74,1.75,0.09,133.64,0,1,25-34,Prepaid_Monthly,Premium_Smartphone,4G+,2026-03-20
SUB5007324,0.29,0.12,0.08,0.04,23.14,0,0,35-44,Prepaid_Monthly,Basic_Phone,4G,2026-03-19
SUB4515530,0.17,1.19,0.11,0.61,60.38,0,1,25-34,Prepaid_Monthly,Mid_Range,3G,2026-04-16
SUB9203492,0.24,6.0,0.28,0.06,119.02,1,0,18-24,Prepaid_Daily,Premium_Smartphone,5G,2026-04-11
SUB1641462,0.73,6.0,0.49,0.24,135.6,0,0,18-24,Postpaid_Premium,Tablet,5G,2026-04-11
SUB7437885,0.52,1.42,1.39,0.81,37.36,0,1,35-44,Prepaid_Monthly,5G_Device,3G,2026-04-10
SUB3327089,3.93,1.82,0.8,0.65,74.44,0,0,18-24,Postpaid_Premium,5G_Device,4G,2026-03-29
SUB1544653,1.83,5.03,1.05,1.92,136.13,0,1,18-24,Postpaid_Basic,5G_Device,5G,2026-03-25
SUB6506761,0.09,0.19,0.21,0.23,91.33,0,0,55+,Prepaid_Daily,Premium_Smartphone,4G,2026-04-17
SUB1393186,2.29,6.0,0.11,0.89,79.66,0,0,25-34,Postpaid_Premium,5G_Device,4G,2026-03-26
SUB6972872,0.72,1.42,0.69,0.42,93.16,0,0,18-24,Prepaid_Monthly,Premium_Smartphone,4G,2026-04-08
SUB4755490,0.62,2.09,0.85,0.08,75.79,0,0,25-34,Postpaid_Premium,Mid_Range,4G+,2026-04-01
SUB8071422,0.94,0.61,0.01,0.17,39.73,0,1,35-44,Postpaid_Premium,Mid_Range,4G,2026-03-27
SUB4304299,1.69,1.53,1.02,1.38,100.93,1,1,25-34,Postpaid_Unlimited,Premium_Smartphone,4G,2026-03-25
SUB5959691,0.95,3.38,0.29,0.43,59.23,0,1,18-24,Prepaid_Daily,5G_Device,3G,2026-03-24
SUB7532930,0.13,0.9,0.02,0.21,67.88,0,0,25-34,Prepaid_Daily,Mid_Range,4G+,2026-04-16
SUB2750093,0.29,0.4,0.42,0.12,22.48,0,0,18-24,Postpaid_Basic,Basic_Phone,4G,2026-03-27
SUB7216631,0.25,2.84,0.28,0.08,90.75,0,0,35-44,Prepaid_Monthly,5G_Device,5G,2026-03-25
SUB2220682,0.95,0.26,0.16,0.43,57.24,0,0,35-44,Postpaid_Basic,Premium_Smartphone,3G,2026-04-14
SUB6243174,1.21,1.31,1.06,0.37,114.76,0,0,18-24,Prepaid_Daily,5G_Device,5G,2026-03-31
SUB6005332,1.2,4.22,1.18,0.1,140.48,0,1,25-34,Postpaid_Basic,Tablet,5G,2026-03-24
SUB3895018,0.99,0.72,0.16,0.54,50.63,1,1,25-34,Prepaid_Daily,Mid_Range,3G,2026-04-14
SUB7820399,0.26,1.36,0.14,0.03,15.84,0,0,35-44,Postpaid_Premium,Mid_Range,3G,2026-03-26
SUB1607317,1.94,1.74,0.15,0.5,44.86,0,0,25-34,Postpaid_Premium,Mid_Range,4G,2026-04-12
SUB6551252,2.27,0.53,0.12,1.14,69.04,1,0,25-34,Prepaid_Daily,5G_Device,4G,2026-03-28
SUB6579123,0.34,0.16,0.01,0.15,52.74,0,1,55+,Postpaid_Premium,Basic_Phone,5G,2026-04-11
SUB2693675,0.24,0.06,0.69,0.04,5.0,0,0,18-24,Prepaid_Monthly,Basic_Phone,3G,2026-04-06
SUB1974303,0.33,0.16,0.11,0.11,59.12,0,0,55+,Prepaid_Monthly,Mid_Range,5G,2026-04-10
SUB6211276,0.33,2.83,0.03,0.12,41.62,0,0,18-24,Prepaid_Daily,Mid_Range,4G,2026-03-21
SUB9709188,4.88,1.11,1.13,0.83,61.89,1,0,25-34,Postpaid_Premium,Mid_Range,4G,2026-04-07
SUB4253507,0.01,0.99,0.34,0.28,43.06,0,1,25-34,Prepaid_Monthly,5G_Device,3G,2026-04-08
SUB3876237,4.66,1.45,0.86,0.14,120.15,0,1,18-24,Prepaid_Daily,Premium_Smartphone,4G,2026-04-16
SUB4631047,2.69,4.7,0.79,0.87,79.08,0,0,18-24,Postpaid_Unlimited,5G_Device,4G,2026-04-03
SUB5973064,1.28,0.65,0.29,0.25,61.93,1,0,25-34,Prepaid_Monthly,Mid_Range,4G,2026-04-07
SUB7848120,3.35,0.69,0.0,0.9,86.54,0,0,55+,Postpaid_Unlimited,Premium_Smartphone,4G,2026-03-25
SUB1480674,3.46,1.02,0.0,2.98,122.85,0,0,25-34,Prepaid_Monthly,Premium_Smartphone,5G,2026-04-17
SUB6320804,3.89,1.49,0.42,0.16,105.94,0,1,35-44,Postpaid_Premium,Premium_Smartphone,4G+,2026-04-10
SUB5747924,1.16,0.96,0.57,0.08,97.15,0,0,35-44,Postpaid_Premium,Mid_Range,5G,2026-03-30
SUB7684601,3.7,1.11,1.04,2.82,84.38,0,0,35-44,Postpaid_Unlimited,Premium_Smartphone,4G+,2026-03-25
SUB8911057,4.1,6.0,2.94,0.31,108.1,0,0,35-44,Postpaid_Unlimited,Premium_Smartphone,4G+,2026-04-04
SUB9781664,3.95,0.2,0.04,0.06,15.96,0,0,25-34,Postpaid_Unlimited,Basic_Phone,4G,2026-04-09
SUB4612914,0.01,0.23,0.42,0.1,9.65,1,0,18-24,Prepaid_Monthly,Basic_Phone,4G,2026-03-27
SUB9571632,0.12,0.51,0.01,0.38,35.32,0,0,25-34,Postpaid_Premium,Basic_Phone,4G,2026-03-26
SUB3157098,0.15,0.46,0.08,0.23,23.83,0,0,18-24,Postpaid_Premium,Basic_Phone,4G,2026-03-20
SUB1944353,0.36,0.84,0.25,0.22,71.39,0,0,18-24,Prepaid_Daily,Mid_Range,4G+,2026-04-06
SUB6868555,3.5,1.34,4.0,0.15,70.86,1,1,18-24,Postpaid_Unlimited,Mid_Range,4G,2026-03-30
SUB2721742,0.77,0.41,0.01,0.76,55.19,0,0,55+,Postpaid_Basic,Mid_Range,5G,2026-03-30
SUB4295453,0.47,0.69,0.22,0.14,59.72,0,0,55+,Prepaid_Daily,Premium_Smartphone,4G,2026-04-06
SUB6870747,2.15,3.87,1.51,1.26,116.52,1,0,18-24,Prepaid_Monthly,Tablet,4G+,2026-03-24
SUB9229840,2.49,3.29,1.26,0.7,71.16,0,0,18-24,Postpaid_Basic,Mid_Range,5G,2026-03-24
SUB1304543,0.29,1.24,0.13,0.13,28.98,0,1,18-24,Postpaid_Basic,Mid_Range,4G,2026-04-05
SUB4112261,1.85,6.0,1.73,3.53,102.05,1,0,25-34,Postpaid_Basic,Premium_Smartphone,4G,2026-04-15
SUB2456498,0.25,1.38,0.3,0.21,96.87,0,0,18-24,Prepaid_Monthly,Premium_Smartphone,4G+,2026-03-26
SUB5713297,0.39,0.08,0.36,0.22,67.49,0,0,55+,Postpaid_Basic,Premium_Smartphone,4G+,2026-03-29
SUB7423841,2.77,6.0,2.85,0.08,102.31,1,0,18-24,Postpaid_Unlimited,Premium_Smartphone,5G,2026-04-13
SUB3238154,4.0,3.23,3.22,0.07,130.09,1,0,18-24,Prepaid_Monthly,Premium_Smartphone,5G,2026-03-29
SUB9391893,0.59,1.0,1.17,0.72,44.61,0,0,18-24,Postpaid_Basic,5G_Device,4G,2026-04-07
SUB3657303,0.22,1.08,0.29,0.31,88.11,0,0,55+,Prepaid_Monthly,Tablet,4G,2026-04-10
SUB6390656,2.41,1.11,0.12,0.14,118.61,0,0,55+,Prepaid_Daily,Premium_Smartphone,4G+,2026-04-08
SUB9324458,1.62,3.84,0.63,0.02,120.08,1,1,35-44,Postpaid_Basic,Tablet,3G,2026-04-01
SUB7663143,0.14,0.39,0.45,0.11,91.37,0,1,25-34,Prepaid_Daily,Premium_Smartphone,4G,2026-04-15
SUB1665979,5.03,4.36,1.22,0.33,79.96,0,1,18-24,Postpaid_Premium,Premium_Smartphone,4G,2026-04-08
SUB6446342,4.39,4.29,1.21,2.02,81.12,0,0,18-24,Postpaid_Premium,Premium_Smartphone,5G,2026-03-30
SUB1784278,0.32,2.8,2.31,0.99,174.5,0,1,25-34,Prepaid_Monthly,5G_Device,5G,2026-04-11
SUB9896161,0.75,0.48,0.2,0.35,64.71,0,1,45-54,Prepaid_Monthly,5G_Device,4G,2026-04-15
SUB8806421,3.48,4.77,0.56,1.21,43.52,0,1,25-34,Postpaid_Unlimited,Mid_Range,4G,2026-04-03
SUB5084457,0.04,5.83,0.22,0.03,105.25,1,1,25-34,Prepaid_Daily,Premium_Smartphone,4G,2026-04-07
SUB3470562,0.79,2.3,0.17,6.0,131.82,0,1,35-44,Postpaid_Basic,5G_Device,5G,2026-04-11
SUB8104627,8.0,1.56,0.49,0.02,75.99,0,0,18-24,Postpaid_Unlimited,Mid_Range,4G+,2026-03-29
SUB4798057,0.94,1.74,1.1,0.6,27.66,0,0,35-44,Postpaid_Unlimited,Mid_Range,4G,2026-03-22
SUB4198747,1.51,0.35,0.22,0.01,20.78,0,0,25-34,Postpaid_Basic,Mid_Range,3G,2026-03-31
SUB6476049,0.63,1.94,1.27,0.43,166.79,0,1,18-24,Prepaid_Monthly,Premium_Smartphone,5G,2026-03-28
SUB2902871,0.34,0.94,0.06,0.1,62.73,0,0,25-34,Prepaid_Daily,Premium_Smartphone,4G,2026-03-28
SUB2811049,0.24,0.22,0.11,0.0,63.98,0,1,55+,Prepaid_Daily,Mid_Range,4G,2026-04-11
SUB9734837,1.19,4.36,1.35,0.16,49.19,0,0,25-34,Postpaid_Premium,Premium_Smartphone,4G,2026-04-15
SUB5757812,2.66,1.34,0.23,0.69,129.25,0,0,25-34,Prepaid_Daily,5G_Device,5G,2026-04-02
SUB6758851,2.12,1.41,2.87,0.05,37.53,0,0,18-24,Postpaid_Unlimited,Mid_Range,4G,2026-04-07
SUB9468579,1.01,0.4,0.48,0.46,70.62,0,0,35-44,Postpaid_Basic,Mid_Range,4G+,2026-04-01
SUB5591901,1.14,0.88,0.26,0.3,128.46,1,0,45-54,Prepaid_Daily,5G_Device,4G,2026-04-17
SUB3849095,0.7,1.18,1.08,0.32,76.9,0,0,25-34,Prepaid_Monthly,5G_Device,4G,2026-03-27
SUB7779617,0.44,3.04,0.05,0.16,46.55,0,0,18-24,Postpaid_Basic,Mid_Range,4G,2026-04-15
SUB1846462,0.22,1.14,0.3,0.0,112.02,0,1,55+,Prepaid_Daily,Premium_Smartphone,5G,2026-04-02
SUB1723879,0.75,1.02,0.66,0.06,117.33,0,0,35-44,Postpaid_Premium,Premium_Smartphone,4G+,2026-04-05
SUB4332006,0.12,4.11,0.12,1.7,63.28,0,1,35-44,Postpaid_Unlimited,Mid_Range,4G,2026-04-12
SUB2619814,7.99,2.45,4.0,0.01,92.74,1,1,25-34,Postpaid_Unlimited,5G_Device,3G,2026-04-07
SUB2444315,8.0,4.85,0.75,2.24,97.71,0,1,18-24,Postpaid_Premium,Premium_Smartphone,4G,2026-04-07
SUB2502718,0.74,0.57,0.77,0.12,33.79,1,0,35-44,Postpaid_Unlimited,Premium_Smartphone,3G,2026-04-07
SUB3828340,0.32,4.41,0.58,0.29,86.97,1,0,25-34,Postpaid_Basic,Mid_Range,5G,2026-04-16
SUB2194737,1.65,3.65,1.57,1.23,73.59,0,0,25-34,Postpaid_Basic,5G_Device,5G,2026-04-05
SUB7696579,1.12,1.55,1.6,0.05,28.1,0,0,18-24,Postpaid_Premium,Mid_Range,4G,2026-04-15
SUB1398825,0.57,0.15,0.36,0.34,92.22,0,1,25-34,Prepaid_Monthly,Mid_Range,4G+,2026-04-10
SUB2885190,0.13,0.19,0.02,0.74,76.53,0,0,45-54,Prepaid_Daily,Mid_Range,5G,2026-03-22
SUB5695781,0.15,0.34,0.45,0.42,40.97,0,0,55+,Postpaid_Premium,Mid_Range,4G,2026-03-23
SUB6091995,3.88,2.31,1.15,0.1,59.37,1,0,18-24,Postpaid_Unlimited,5G_Device,3G,2026-03-27
SUB1230596,1.43,1.08,0.13,0.01,52.26,1,0,35-44,Postpaid_Basic,Mid_Range,4G,2026-04-12
SUB5993899,0.94,2.12,0.12,0.0,151.17,1,1,35-44,Postpaid_Basic,Premium_Smartphone,4G,2026-04-17
SUB5122990,2.54,1.1,0.04,0.67,91.22,0,0,45-54,Postpaid_Basic,5G_Device,4G,2026-04-05
SUB7497127,1.88,1.24,0.8,1.22,132.96,0,0,45-54,Postpaid_Basic,Premium_Smartphone,5G,2026-04-07
SUB1294358,0.27,0.07,0.06,0.04,38.8,0,0,55+,Prepaid_Monthly,Mid_Range,4G,2026-03-29
SUB8594902,0.8,0.48,0.83,0.25,62.28,1,0,55+,Postpaid_Unlimited,5G_Device,3G,2026-04-03
SUB8833276,1.17,0.38,0.08,0.21,97.42,0,0,18-24,Postpaid_Basic,Premium_Smartphone,5G,2026-04-13
SUB3873798,0.99,0.88,0.06,0.06,47.88,0,0,35-44,Prepaid_Daily,Mid_Range,5G,2026-04-02
SUB5721005,7.05,1.21,0.59,1.48,79.69,0,1,25-34,Postpaid_Premium,Mid_Range,4G+,2026-04-11
SUB5970345,1.05,1.45,0.79,0.07,72.34,0,0,18-24,Prepaid_Monthly,Premium_Smartphone,4G+,2026-03-24
SUB2247752,1.89,6.0,0.37,0.15,92.34,1,0,18-24,Postpaid_Premium,Premium_Smartphone,4G,2026-04-06
SUB5695154,1.36,1.11,0.22,0.2,60.59,0,0,18-24,Postpaid_Basic,Premium_Smartphone,4G,2026-03-23
SUB6357777,1.22,0.97,0.03,0.11,76.67,0,1,45-54,Postpaid_Premium,Mid_Range,4G+,2026-04-14
SUB6301288,1.08,1.83,0.73,0.56,82.4,0,0,25-34,Prepaid_Daily,Premium_Smartphone,4G+,2026-03-19
SUB1116908,2.16,0.06,0.35,0.09,37.91,0,0,45-54,Prepaid_Daily,Mid_Range,3G,2026-03-27
SUB3343145,1.22,1.11,0.4,1.13,57.27,0,1,35-44,Prepaid_Monthly,Mid_Range,4G,2026-04-17
SUB6846899,1.03,3.08,0.33,0.08,49.13,0,0,35-44,Postpaid_Premium,5G_Device,3G,2026-03-24
SUB7796877,2.0,4.94,0.59,0.62,96.69,1,0,25-34,Prepaid_Monthly,Mid_Range,5G,2026-03-22
SUB1851563,2.87,6.0,0.63,0.65,92.11,1,1,25-34,Prepaid_Monthly,Mid_Range,5G,2026-03-27
SUB6360678,1.19,6.0,3.14,0.31,178.43,1,0,25-34,Postpaid_Unlimited,5G_Device,5G,2026-04-09
SUB9626510,0.58,0.44,0.09,1.04,59.13,1,0,18-24,Prepaid_Monthly,Mid_Range,4G,2026-03-24
SUB7612303,2.51,4.62,0.03,0.36,112.74,1,0,45-54,Postpaid_Premium,Premium_Smartphone,4G,2026-03-19
SUB9127678,1.48,3.05,0.78,0.28,76.24,0,0,35-44,Postpaid_Premium,5G_Device,4G,2026-03-27
SUB9212803,0.89,3.58,0.0,2.56,47.2,0,0,18-24,Postpaid_Unlimited,Mid_Range,4G,2026-04-16
SUB9871058,0.95,1.37,0.2,0.03,70.02,0,0,45-54,Postpaid_Unlimited,5G_Device,4G+,2026-03-22
SUB6310074,0.69,1.98,0.1,0.02,66.32,0,1,18-24,Postpaid_Basic,5G_Device,3G,2026-03-19
SUB2519598,2.57,0.82,0.37,0.07,111.21,1,0,25-34,Postpaid_Premium,Premium_Smartphone,4G,2026-03-25
SUB3659232,8.0,1.67,1.37,0.91,48.31,0,0,35-44,Postpaid_Basic,Mid_Range,5G,2026-03-25
SUB1045807,1.17,1.45,0.96,0.21,88.2,1,1,18-24,Prepaid_Monthly,Tablet,4G,2026-03-23
SUB2435986,1.47,0.5,0.4,0.0,104.76,0,1,35-44,Prepaid_Monthly,Premium_Smartphone,4G+,2026-04-15
SUB1660501,0.51,1.49,0.41,0.27,98.68,1,0,35-44,Prepaid_Monthly,Premium_Smartphone,4G,2026-04-03
SUB2558274,4.41,3.73,0.35,1.23,168.71,1,0,35-44,Prepaid_Monthly,5G_Device,5G,2026-03-24
SUB5732369,4.4,3.95,3.94,0.01,46.24,0,0,18-24,Postpaid_Premium,Mid_Range,5G,2026-04-09
SUB3938287,2.46,0.87,0.16,0.26,71.83,0,0,25-34,Postpaid_Unlimited,Premium_Smartphone,3G,2026-04-10
SUB4764993,4.51,6.0,0.87,0.22,107.62,1,0,18-24,Postpaid_Unlimited,5G_Device,4G,2026-04-06
SUB1309963,0.08,0.1,0.08,0.01,35.49,0,0,55+,Prepaid_Monthly,Mid_Range,4G,2026-04-12
SUB5091701,1.09,6.0,0.12,2.7,84.97,1,0,18-24,Prepaid_Daily,5G_Device,4G,2026-04-03
SUB2183493,2.28,2.44,0.25,0.08,38.33,1,0,25-34,Postpaid_Premium,Mid_Range,4G,2026-04-08
SUB5741882,0.93,3.2,0.04,0.61,102.36,1,0,45-54,Prepaid_Monthly,Premium_Smartphone,4G+,2026-04-12
SUB5618219,1.55,1.46,0.34,1.09,80.39,1,0,45-54,Postpaid_Premium,Premium_Smartphone,4G,2026-03-25
SUB7466780,0.08,1.84,0.11,0.54,39.86,0,0,45-54,Postpaid_Premium,Mid_Range,4G,2026-03-31
SUB2551726,0.36,0.12,0.01,0.74,63.59,1,1,55+,Postpaid_Basic,Mid_Range,3G,2026-03-31
SUB5391649,3.57,4.42,0.3,0.02,158.48,0,1,25-34,Prepaid_Monthly,Premium_Smartphone,5G,2026-04-15
SUB3900203,2.04,3.7,0.07,0.16,79.88,0,0,25-34,Prepaid_Daily,Premium_Smartphone,4G+,2026-04-05
SUB2650870,0.87,0.31,1.2,1.16,84.8,1,0,18-24,Prepaid_Monthly,Premium_Smartphone,4G,2026-04-16
SUB8062215,1.57,0.99,0.14,0.28,63.2,0,0,18-24,Postpaid_Basic,5G_Device,3G,2026-03-22
SUB8559012,7.18,1.79,0.13,0.74,74.96,1,1,35-44,Postpaid_Unlimited,Mid_Range,4G,2026-04-02
SUB4620597,1.13,0.77,0.13,0.63,67.2,0,0,18-24,Prepaid_Daily,5G_Device,3G,2026-04-12
SUB6519803,0.77,2.16,0.04,0.01,36.61,1,1,35-44,Prepaid_Monthly,Basic_Phone,4G,2026-04-02
SUB6687136,2.42,1.39,0.3,0.1,38.34,0,0,18-24,Postpaid_Basic,Mid_Range,4G,2026-03-20
SUB8789573,1.07,0.41,0.03,0.39,16.75,0,0,25-34,Prepaid_Monthly,Basic_Phone,4G+,2026-03-31
SUB1667538,4.39,1.65,0.2,0.14,75.98,0,1,35-44,Postpaid_Unlimited,5G_Device,4G,2026-03-25
SUB5607455,0.31,0.64,0.48,0.38,71.19,0,0,25-34,Prepaid_Daily,Premium_Smartphone,4G+,2026-03-19
SUB3013338,4.83,3.36,0.02,0.75,46.55,0,0,35-44,Postpaid_Unlimited,Mid_Range,4G,2026-04-01
SUB5872691,1.23,1.73,0.11,0.04,114.66,0,1,55+,Postpaid_Unlimited,Premium_Smartphone,4G+,2026-04-12
SUB3062624,1.0,1.76,0.13,0.14,73.44,0,0,45-54,Postpaid_Unlimited,Premium_Smartphone,4G+,2026-04-04
SUB5261663,0.8,1.78,0.12,3.5,133.9,1,0,25-34,Prepaid_Daily,5G_Device,4G+,2026-03-19
SUB3300612,2.19,0.05,0.03,0.23,157.21,1,1,55+,Prepaid_Monthly,Premium_Smartphone,5G,2026-04-10
SUB5010768,1.4,0.94,0.01,0.0,44.94,0,0,18-24,Postpaid_Premium,Mid_Range,3G,2026-04-04
SUB2325831,0.68,3.61,1.62,0.21,102.57,1,1,35-44,Postpaid_Premium,Tablet,3G,2026-03-27
SUB8503416,0.23,3.54,3.27,2.04,187.82,0,1,18-24,Postpaid_Premium,Tablet,5G,2026-03-26
SUB2881397,0.18,2.16,0.32,0.23,21.66,1,0,18-24,Prepaid_Monthly,Basic_Phone,4G+,2026-03-24
SUB4911251,0.28,1.1,0.32,0.72,134.15,1,0,55+,Prepaid_Monthly,Premium_Smartphone,4G,2026-03-29
SUB4546434,1.62,1.27,1.25,1.66,51.14,0,0,25-34,Postpaid_Unlimited,Mid_Range,4G+,2026-03-27
SUB1762557,0.23,2.88,0.29,0.15,150.19,1,0,45-54,Prepaid_Daily,Premium_Smartphone,5G,2026-03-23
SUB6267382,0.5,0.68,0.33,0.12,75.19,1,0,25-34,Prepaid_Daily,Premium_Smartphone,3G,2026-03-27
SUB9167575,0.12,0.46,0.48,0.05,58.99,0,0,45-54,Prepaid_Daily,Mid_Range,4G,2026-03-19
SUB3719713,2.3,0.5,0.07,0.08,43.13,0,0,55+,Postpaid_Premium,Tablet,3G,2026-03-31
SUB9971541,0.75,0.5,0.23,0.27,50.81,0,1,25-34,Prepaid_Daily,Mid_Range,3G,2026-04-02
SUB8188106,0.55,2.19,0.39,0.79,137.67,0,0,35-44,Postpaid_Basic,Premium_Smartphone,5G,2026-04-15
SUB1321199,3.01,3.05,0.04,0.1,53.99,0,0,35-44,Prepaid_Monthly,5G_Device,4G,2026-04-16
SUB6362695,0.03,0.16,0.01,0.14,46.91,1,0,55+,Prepaid_Daily,Mid_Range,4G,2026-03-22
SUB4829994,0.87,2.28,0.35,0.28,86.7,1,0,25-34,Postpaid_Premium,Mid_Range,5G,2026-03-28
SUB3429488,0.26,1.23,0.17,0.5,58.8,1,0,35-44,Prepaid_Daily,Mid_Range,4G+,2026-04-10
SUB8392053,2.81,2.37,0.13,0.03,85.04,0,0,25-34,Prepaid_Monthly,5G_Device,4G,2026-04-13
SUB1029092,6.36,3.15,0.11,0.01,61.28,0,0,18-24,Postpaid_Basic,5G_Device,4G,2026-03-31
SUB6113050,2.07,1.21,0.38,0.65,73.18,0,0,18-24,Prepaid_Monthly,Mid_Range,4G+,2026-04-09
SUB8709019,0.64,0.08,0.01,0.13,10.95,0,0,35-44,Prepaid_Monthly,Basic_Phone,4G,2026-03-22
SUB1657191,3.61,1.2,0.12,0.08,38.36,0,0,45-54,Postpaid_Unlimited,Mid_Range,4G,2026-03-30
SUB1883435,3.78,2.71,2.29,0.11,136.21,1,0,25-34,Postpaid_Unlimited,Premium_Smartphone,4G+,2026-04-12
SUB5081534,1.41,0.67,0.15,0.2,51.44,0,0,35-44,Prepaid_Monthly,Premium_Smartphone,3G,2026-03-19
SUB9260768,1.24,0.0,0.46,0.2,64.17,1,0,35-44,Prepaid_Monthly,Mid_Range,4G,2026-04-04
SUB4509934,2.0,0.29,0.23,0.04,63.4,1,0,25-34,Prepaid_Monthly,Mid_Range,4G,2026-04-13
SUB8988597,0.99,1.48,0.06,4.53,120.2,0,1,55+,Postpaid_Unlimited,Premium_Smartphone,4G,2026-03-26
SUB1207580,0.21,0.42,0.02,0.04,18.7,0,0,25-34,Postpaid_Basic,Basic_Phone,5G,2026-04-01
SUB1769032,0.61,0.51,0.08,0.04,35.85,1,1,18-24,Prepaid_Daily,Basic_Phone,3G,2026-03-23
SUB4772380,1.56,2.96,4.0,1.94,30.61,0,0,18-24,Postpaid_Unlimited,Mid_Range,4G,2026-03-25
SUB9865465,2.04,0.48,0.12,0.03,156.57,1,0,45-54,Postpaid_Basic,Premium_Smartphone,5G,2026-03-27
SUB9399625,0.8,0.4,0.07,0.27,124.71,1,1,55+,Prepaid_Monthly,Mid_Range,5G,2026-03-28
SUB7065925,2.29,1.85,0.2,0.98,84.32,0,0,25-34,Prepaid_Monthly,Mid_Range,5G,2026-03-22
SUB4931895,0.53,0.9,0.35,1.54,80.22,0,0,18-24,Prepaid_Daily,Premium_Smartphone,4G,2026-04-07
SUB4100786,0.37,2.47,0.87,0.63,121.54,1,0,25-34,Postpaid_Unlimited,5G_Device,4G,2026-04-13
SUB8285880,5.92,1.31,0.27,0.42,125.83,1,0,35-44,Postpaid_Premium,Premium_Smartphone,4G,2026-04-02
SUB3651788,0.07,0.92,0.33,0.54,59.99,1,1,35-44,Prepaid_Daily,Mid_Range,4G,2026-03-19
SUB1209720,0.75,1.13,0.37,0.07,132.65,1,0,55+,Postpaid_Basic,Tablet,4G,2026-03-27
SUB3218222,0.24,0.17,0.08,0.23,25.55,0,0,45-54,Postpaid_Basic,Basic_Phone,5G,2026-03-19
SUB4990919,0.38,0.32,0.04,0.58,63.07,0,0,45-54,Prepaid_Daily,Mid_Range,4G+,2026-04-05
SUB9302089,1.21,1.02,0.06,1.22,34.4,0,0,25-34,Prepaid_Monthly,5G_Device,3G,2026-03-27
SUB4015624,1.03,0.53,0.45,0.13,91.65,0,0,25-34,Postpaid_Basic,Premium_Smartphone,4G,2026-04-09
SUB7553968,0.27,0.51,0.3,0.99,63.45,0,0,35-44,Prepaid_Monthly,Premium_Smartphone,4G,2026-04-11
SUB8900171,2.55,0.97,1.42,0.93,45.06,1,0,25-34,Prepaid_Monthly,Mid_Range,4G,2026-03-19
SUB2695625,0.12,0.2,0.09,0.28,5.0,0,0,25-34,Prepaid_Daily,Basic_Phone,3G,2026-04-12
SUB9283032,0.14,0.73,0.28,1.65,60.5,0,0,18-24,Prepaid_Monthly,Mid_Range,4G,2026-03-23
SUB8016611,1.17,1.09,0.1,0.52,54.68,0,1,25-34,Postpaid_Basic,Mid_Range,5G,2026-04-04
SUB4837478,0.09,1.34,0.26,0.02,34.2,0,0,35-44,Prepaid_Daily,Mid_Range,4G,2026-04-07
SUB5024537,2.11,0.56,0.37,0.13,44.17,0,0,35-44,Postpaid_Basic,Mid_Range,4G,2026-04-03
SUB3780877,0.7,1.33,0.08,0.0,64.69,0,0,18-24,Prepaid_Monthly,Mid_Range,4G+,2026-04-16
SUB4031863,0.92,1.01,0.32,0.13,63.35,0,0,35-44,Postpaid_Premium,Premium_Smartphone,3G,2026-04-05
SUB2150311,0.38,2.32,0.06,0.06,66.67,0,0,18-24,Prepaid_Monthly,5G_Device,4G+,2026-03-21
SUB2595776,1.33,2.12,0.01,0.47,85.3,1,1,35-44,Postpaid_Basic,Premium_Smartphone,3G,2026-04-07
SUB4117173,2.42,1.45,0.01,0.26,86.76,0,0,25-34,Postpaid_Basic,5G_Device,4G,2026-04-15
SUB9051964,0.58,0.39,1.01,0.02,33.85,0,0,45-54,Postpaid_Premium,Mid_Range,4G,2026-04-01
SUB5825885,0.9,0.17,0.65,0.28,107.01,1,1,45-54,Postpaid_Premium,Mid_Range,5G,2026-04-01
SUB4244811,0.39,0.64,0.25,0.42,27.92,0,0,35-44,Prepaid_Daily,Mid_Range,3G,2026-04-12
SUB6880823,2.25,4.59,0.11,0.01,30.37,0,0,35-44,Postpaid_Unlimited,Mid_Range,4G,2026-03-28
SUB4033932,0.14,1.63,0.42,0.25,69.96,1,0,35-44,Postpaid_Premium,Premium_Smartphone,3G,2026-03-19
SUB1621747,5.01,1.2,0.41,0.0,115.22,0,1,18-24,Postpaid_Basic,5G_Device,4G,2026-03-23
SUB2281258,5.45,1.74,0.95,1.93,128.03,1,0,35-44,Postpaid_Unlimited,5G_Device,4G,2026-03-20
SUB5623190,0.63,2.99,0.19,0.21,42.0,0,0,25-34,Prepaid_Monthly,Mid_Range,5G,2026-04-01
SUB5423475,1.23,0.35,0.03,1.13,68.38,0,0,25-34,Prepaid_Daily,5G_Device,4G,2026-04-08
SUB5361862,0.45,1.68,0.3,1.1,29.24,0,1,25-34,Postpaid_Premium,Mid_Range,3G,2026-04-02
SUB1983061,0.18,2.39,0.6,0.15,70.23,0,1,55+,Postpaid_Unlimited,Mid_Range,4G,2026-04-05
SUB1296412,0.51,1.14,0.5,0.08,43.63,0,1,18-24,Prepaid_Daily,Premium_Smartphone,3G,2026-04-10
SUB2594362,1.29,0.44,1.21,1.06,124.72,0,0,25-34,Postpaid_Basic,Premium_Smartphone,5G,2026-04-09
SUB7318653,0.59,0.27,0.42,0.74,74.23,0,0,55+,Postpaid_Premium,5G_Device,4G,2026-03-31
SUB7400231,2.99,2.43,0.09,0.48,46.19,0,1,45-54,Postpaid_Unlimited,Mid_Range,4G,2026-04-14
SUB9151496,8.0,2.66,0.55,0.06,58.11,1,0,18-24,Prepaid_Monthly,Mid_Range,4G+,2026-04-05
SUB6040360,0.07,0.07,0.03,0.03,17.13,1,1,55+,Prepaid_Daily,Basic_Phone,4G,2026-03-31
SUB8156065,4.42,2.77,0.49,0.27,74.96,1,1,18-24,Prepaid_Monthly,Mid_Range,4G+,2026-03-19
SUB8451062,1.25,0.43,0.5,0.4,99.88,0,0,35-44,Postpaid_Basic,Tablet,4G,2026-03-29
SUB9705398,0.61,4.23,0.25,1.39,64.88,0,1,35-44,Postpaid_Unlimited,Tablet,4G,2026-04-11
SUB4547480,1.55,0.53,0.12,0.8,167.36,1,1,25-34,Postpaid_Basic,Tablet,4G,2026-03-30
SUB4787415,2.2,1.84,0.42,0.47,29.34,0,0,35-44,Postpaid_Unlimited,Mid_Range,4G,2026-03-30
SUB9434320,5.41,1.59,2.61,4.73,83.62,1,0,18-24,Postpaid_Premium,Mid_Range,5G,2026-04-05
SUB5528268,0.21,0.15,1.49,1.26,117.66,0,0,18-24,Postpaid_Basic,Tablet,4G+,2026-04-15
SUB3222494,1.22,0.2,0.43,0.26,68.17,1,0,35-44,Prepaid_Daily,Tablet,4G,2026-04-17
SUB1487707,0.58,0.09,0.08,0.06,30.7,0,0,25-34,Prepaid_Monthly,Basic_Phone,4G,2026-04-06
SUB1092091,0.22,1.67,0.04,0.19,90.31,0,1,55+,Prepaid_Daily,5G_Device,4G,2026-04-15
SUB6590938,0.2,1.31,2.4,0.47,53.47,1,1,25-34,Prepaid_Monthly,Mid_Range,4G,2026-04-17
SUB1893150,2.84,0.85,1.38,0.28,125.45,0,0,18-24,Prepaid_Daily,5G_Device,5G,2026-04-09
SUB7506016,0.15,0.13,0.18,0.0,19.11,1,0,35-44,Prepaid_Daily,Basic_Phone,3G,2026-04-13
SUB9924435,0.16,1.18,0.5,0.05,123.23,0,1,25-34,Prepaid_Monthly,5G_Device,4G,2026-04-11
SUB9042153,0.16,1.31,0.08,0.08,31.92,1,0,18-24,Postpaid_Basic,Basic_Phone,4G,2026-04-11
SUB6518358,0.4,0.7,0.11,0.58,94.86,0,0,25-34,Prepaid_Monthly,Premium_Smartphone,4G,2026-04-13
SUB9286151,0.95,0.87,0.53,0.13,79.82,0,1,55+,Postpaid_Premium,Mid_Range,4G,2026-03-23
SUB4940063,7.59,0.18,0.07,0.56,90.84,1,1,25-34,Postpaid_Basic,Mid_Range,4G,2026-04-08
SUB9810351,1.61,4.79,1.12,0.82,65.23,1,0,25-34,Postpaid_Premium,Mid_Range,5G,2026-04-01
SUB8224589,4.72,0.99,3.69,0.46,152.39,1,1,25-34,Postpaid_Premium,Premium_Smartphone,4G,2026-03-23
SUB2525068,1.72,0.23,0.25,0.27,14.72,0,0,18-24,Postpaid_Premium,Basic_Phone,4G,2026-04-02
SUB4337013,8.0,2.17,3.82,0.0,90.29,1,0,18-24,Postpaid_Unlimited,Premium_Smartphone,4G,2026-03-29
SUB8716492,0.08,1.02,0.05,0.0,28.06,0,0,45-54,Prepaid_Monthly,Basic_Phone,5G,2026-04-01
SUB3135896,0.22,0.11,0.1,0.07,31.79,0,0,55+,Prepaid_Monthly,Mid_Range,3G,2026-03-24
SUB5572530,0.5,0.52,0.14,0.66,60.52,0,1,18-24,Prepaid_Daily,Premium_Smartphone,3G,2026-04-05
SUB3416738,0.27,0.3,0.12,0.08,41.31,0,1,25-34,Postpaid_Basic,Basic_Phone,5G,2026-03-30
SUB7158382,0.56,0.19,0.1,0.01,98.0,0,1,55+,Prepaid_Monthly,Tablet,4G,2026-03-28
SUB3332127,3.06,4.77,0.82,0.07,113.73,0,0,18-24,Postpaid_Basic,5G_Device,4G+,2026-04-17
SUB2926252,0.22,3.19,0.02,0.31,81.38,0,0,18-24,Prepaid_Daily,Premium_Smartphone,4G+,2026-04-17
SUB3074278,0.78,0.86,0.31,0.25,60.66,0,0,55+,Postpaid_Basic,Mid_Range,5G,2026-04-09
SUB5983926,0.31,1.29,0.17,0.15,72.16,1,1,35-44,Postpaid_Basic,Basic_Phone,5G,2026-03-30
SUB5334165,6.03,6.0,2.25,0.32,170.02,0,1,18-24,Prepaid_Monthly,Tablet,5G,2026-03-28
SUB2278343,0.16,0.38,0.08,0.03,36.47,0,1,25-34,Postpaid_Basic,Mid_Range,4G,2026-03-25
SUB4032115,4.84,6.0,1.74,0.03,118.08,1,0,18-24,Postpaid_Unlimited,5G_Device,4G,2026-04-11
SUB1690778,0.96,2.56,0.04,0.36,111.25,0,1,25-34,Postpaid_Premium,Mid_Range,5G,2026-04-10
SUB5044064,1.23,0.65,0.0,0.06,112.08,1,0,45-54,Prepaid_Monthly,Mid_Range,5G,2026-03-26
SUB9566765,4.1,1.21,0.3,0.68,195.01,1,1,35-44,Postpaid_Unlimited,Premium_Smartphone,4G+,2026-03-24
SUB7634699,7.35,0.9,0.74,0.38,83.85,0,0,35-44,Prepaid_Daily,5G_Device,4G+,2026-04-02
SUB3350959,0.2,0.65,0.04,0.23,25.95,1,0,25-34,Prepaid_Monthly,Basic_Phone,4G,2026-03-25
SUB6959322,1.39,1.56,1.82,2.28,115.29,1,0,18-24,Prepaid_Daily,Mid_Range,5G,2026-03-29
SUB7036207,6.92,3.98,4.0,0.43,94.37,0,1,18-24,Postpaid_Unlimited,5G_Device,5G,2026-04-07
SUB4343867,0.37,1.14,0.22,0.01,97.32,0,1,45-54,Prepaid_Daily,Mid_Range,4G+,2026-04-02
SUB7362473,0.1,0.54,0.42,0.77,52.86,0,1,35-44,Prepaid_Daily,Mid_Range,4G,2026-03-21
SUB3642800,0.07,1.88,0.11,0.29,21.9,0,0,18-24,Postpaid_Unlimited,Basic_Phone,5G,2026-04-09
SUB9181311,1.01,4.92,1.38,0.87,85.82,0,1,25-34,Postpaid_Basic,Premium_Smartphone,4G,2026-04-13
SUB2658332,0.88,0.41,0.07,0.03,99.42,0,0,45-54,Postpaid_Premium,5G_Device,4G,2026-04-16
SUB5451441,0.44,0.32,0.1,1.16,57.48,0,0,25-34,Prepaid_Daily,Tablet,3G,2026-04-10
SUB6018768,2.77,3.01,1.96,0.09,68.04,0,0,25-34,Prepaid_Monthly,Mid_Range,4G+,2026-04-01
SUB1771279,8.0,3.71,0.6,0.04,143.41,1,1,25-34,Postpaid_Unlimited,Mid_Range,5G,2026-04-13
SUB9076818,3.03,3.49,0.93,0.26,49.29,1,0,18-24,Postpaid_Basic,Mid_Range,4G,2026-03-23
SUB5074999,0.09,0.88,0.12,0.02,18.03,1,0,45-54,Postpaid_Premium,Basic_Phone,4G,2026-04-03
SUB1663431,0.21,1.9,0.35,0.17,55.28,0,0,35-44,Postpaid_Unlimited,Mid_Range,5G,2026-04-11
SUB9966309,0.87,2.55,0.26,0.44,179.46,1,1,35-44,Postpaid_Premium,Premium_Smartphone,4G+,2026-04-10
SUB2588404,0.36,0.3,0.11,0.17,40.77,1,0,45-54,Prepaid_Monthly,Mid_Range,4G,2026-04-17
SUB9641123,0.78,2.27,0.31,0.1,91.95,0,0,55+,Prepaid_Monthly,Premium_Smartphone,4G+,2026-04-14
SUB4892825,2.3,1.34,0.01,0.0,69.35,0,0,18-24,Prepaid_Daily,Tablet,4G,2026-04-08
SUB6353374,1.0,3.78,0.16,3.23,126.4,0,1,18-24,Prepaid_Monthly,5G_Device,4G+,2026-03-20
SUB3871083,3.35,1.67,0.85,0.61,65.08,0,0,25-34,Postpaid_Unlimited,Mid_Range,5G,2026-04-02
SUB9998331,0.66,0.51,1.68,2.36,80.85,1,0,18-24,Postpaid_Basic,Mid_Range,4G,2026-03-31
SUB5738379,0.28,1.91,0.07,0.69,44.85,0,1,45-54,Postpaid_Unlimited,Mid_Range,4G,2026-04-08
SUB9671734,1.53,0.62,0.16,0.6,57.39,0,0,45-54,Postpaid_Premium,5G_Device,4G,2026-03-29
SUB7542224,1.94,4.26,0.32,0.01,103.97,1,0,35-44,Postpaid_Unlimited,Tablet,4G,2026-04-16
SUB3644046,1.42,5.75,4.0,0.4,93.27,1,0,25-34,Postpaid_Unlimited,5G_Device,5G,2026-04-07
SUB7403679,1.88,1.15,0.12,0.0,51.98,0,0,18-24,Postpaid_Premium,Premium_Smartphone,3G,2026-04-15
SUB6814104,0.85,2.16,1.8,0.04,34.63,1,0,25-34,Postpaid_Unlimited,Basic_Phone,4G+,2026-04-08
SUB4763302,0.51,0.66,0.01,0.02,113.48,0,0,45-54,Postpaid_Premium,Tablet,5G,2026-04-12
SUB1926097,4.45,3.13,0.09,0.04,117.35,0,0,25-34,Postpaid_Premium,5G_Device,4G+,2026-04-10
SUB2983438,4.19,3.24,3.95,0.77,121.24,1,0,18-24,Postpaid_Premium,5G_Device,5G,2026-04-02
SUB6193951,2.11,0.45,0.26,1.06,43.17,0,1,25-34,Postpaid_Premium,Mid_Range,4G,2026-04-03
SUB1383609,0.3,0.94,0.06,0.01,43.31,0,0,55+,Prepaid_Monthly,Mid_Range,4G,2026-04-11
SUB4105003,2.07,0.56,0.21,0.4,68.48,1,0,35-44,Prepaid_Monthly,Mid_Range,4G,2026-04-04
SUB2863082,0.63,0.82,0.66,0.2,105.28,1,0,55+,Prepaid_Monthly,5G_Device,5G,2026-03-21
SUB3510963,0.18,0.26,0.23,0.76,66.1,0,0,45-54,Prepaid_Daily,5G_Device,4G+,2026-03-30
SUB2753313,1.33,1.1,0.62,0.56,58.1,1,0,25-34,Postpaid_Basic,Mid_Range,4G,2026-04-17
SUB3386149,1.03,0.94,1.64,0.33,93.03,0,0,18-24,Postpaid_Unlimited,Premium_Smartphone,4G,2026-04-08
SUB4481591,6.31,0.54,0.17,6.0,93.76,0,1,25-34,Postpaid_Premium,Mid_Range,5G,2026-04-14
SUB6766392,0.68,0.58,0.34,0.08,60.13,0,1,35-44,Prepaid_Daily,Mid_Range,4G,2026-03-26
SUB3803005,0.54,1.1,0.11,0.1,29.41,0,0,45-54,Postpaid_Premium,Mid_Range,3G,2026-03-20
SUB3264719,1.33,2.11,0.28,0.03,30.56,0,1,25-34,Postpaid_Unlimited,Mid_Range,4G,2026-04-12
SUB6256583,1.62,4.14,1.79,3.17,64.0,1,0,18-24,Postpaid_Premium,Mid_Range,5G,2026-03-24
SUB4044221,1.71,1.05,0.45,0.26,51.55,0,0,35-44,Postpaid_Premium,Mid_Range,5G,2026-03-21
SUB5126553,0.14,0.89,0.03,0.11,91.34,0,0,18-24,Prepaid_Daily,5G_Device,4G,2026-03-27
SUB6098227,0.82,0.53,0.75,0.03,99.71,1,0,35-44,Prepaid_Monthly,Mid_Range,4G+,2026-03-26
SUB2661342,2.88,6.0,0.15,0.2,171.51,0,1,25-34,Postpaid_Basic,5G_Device,5G,2026-04-10
SUB6645812,2.62,3.57,0.78,1.09,185.98,1,1,18-24,Prepaid_Daily,Premium_Smartphone,5G,2026-04-15
SUB6218907,2.4,1.66,0.64,0.04,60.98,0,0,25-34,Prepaid_Daily,5G_Device,4G,2026-04-08
SUB3916933,6.19,0.8,0.04,0.44,109.54,1,0,35-44,Postpaid_Unlimited,5G_Device,4G,2026-03-23
SUB8710611,0.77,1.23,0.86,0.09,60.29,0,1,25-34,Postpaid_Premium,Mid_Range,4G,2026-03-28
SUB9257668,0.74,1.44,0.3,0.03,47.11,0,0,18-24,Prepaid_Monthly,Mid_Range,4G,2026-03-21
SUB7273672,0.05,0.34,0.02,0.16,8.7,0,0,45-54,Prepaid_Monthly,Basic_Phone,4G,2026-03-19
SUB6573945,1.37,1.93,0.08,0.04,35.03,0,1,18-24,Prepaid_Monthly,Mid_Range,4G,2026-04-06
SUB5886202,6.85,1.2,0.61,0.03,92.36,1,1,18-24,Prepaid_Daily,Mid_Range,4G+,2026-04-15
SUB4906997,0.61,6.0,0.77,2.17,106.11,1,0,35-44,Postpaid_Premium,Premium_Smartphone,4G,2026-04-11
SUB7466751,2.05,0.46,0.59,0.26,57.68,1,0,18-24,Prepaid_Daily,5G_Device,3G,2026-04-03
SUB1785786,1.35,0.45,0.21,0.04,90.88,0,1,25-34,Postpaid_Premium,Premium_Smartphone,4G,2026-04-15
SUB3427667,0.73,0.62,0.29,0.0,87.97,0,0,55+,Postpaid_Premium,Mid_Range,5G,2026-04-03
SUB6311154,1.8,0.07,0.23,1.22,50.1,0,0,35-44,Postpaid_Basic,Mid_Range,4G,2026-03-24
SUB7557734,0.53,1.78,0.13,0.0,24.26,0,0,35-44,Postpaid_Premium,Basic_Phone,4G,2026-04-16
SUB1563889,2.01,0.9,0.51,0.43,141.72,1,1,35-44,Prepaid_Daily,Premium_Smartphone,4G,2026-03-29
SUB1277834,0.75,0.18,0.15,0.01,6.37,1,0,18-24,Postpaid_Basic,Basic_Phone,4G,2026-04-15
SUB6506933,0.79,1.95,1.33,2.49,72.36,1,0,25-34,Postpaid_Premium,5G_Device,4G,2026-04-09
SUB6585056,0.5,2.49,1.11,0.04,87.53,1,0,25-34,Postpaid_Premium,Premium_Smartphone,4G,2026-04-16
SUB5730654,1.05,0.08,0.01,0.24,43.43,1,0,55+,Prepaid_Daily,Mid_Range,3G,2026-04-14
SUB4894325,0.32,0.2,0.25,0.02,19.37,0,0,18-24,Prepaid_Monthly,Basic_Phone,3G,2026-03-25
SUB6379105,1.86,0.76,2.33,0.23,71.07,0,0,25-34,Prepaid_Monthly,Mid_Range,5G,2026-04-09
SUB4244998,0.24,0.2,0.22,0.16,86.32,0,0,55+,Postpaid_Basic,5G_Device,4G,2026-03-29
SUB4998585,1.89,0.42,0.61,0.15,58.69,0,0,45-54,Postpaid_Premium,Tablet,4G,2026-04-03
SUB3816112,0.02,0.03,0.06,0.01,11.33,0,0,55+,Postpaid_Basic,Basic_Phone,3G,2026-04-14
SUB7900725,4.56,1.96,0.36,1.54,82.95,0,1,35-44,Postpaid_Premium,5G_Device,4G,2026-03-22
SUB2732141,1.12,0.68,0.03,0.01,70.68,0,0,25-34,Prepaid_Daily,Mid_Range,5G,2026-04-11
SUB9675237,1.08,2.32,0.02,0.0,26.65,0,0,45-54,Postpaid_Unlimited,Mid_Range,4G,2026-03-23
SUB7905043,7.3,1.02,0.81,0.26,109.42,0,1,25-34,Postpaid_Basic,Premium_Smartphone,4G+,2026-04-03
SUB7134896,0.73,0.44,0.0,0.52,78.76,0,0,18-24,Prepaid_Daily,Tablet,4G,2026-04-06
SUB2634461,0.53,0.91,0.0,0.05,66.44,0,1,35-44,Postpaid_Basic,Mid_Range,4G,2026-03-29
SUB3887569,0.37,0.37,0.12,0.12,36.16,0,0,35-44,Postpaid_Basic,Mid_Range,5G,2026-03-23
SUB2746988,0.53,0.83,0.17,0.06,130.65,1,0,45-54,Prepaid_Monthly,Premium_Smartphone,4G+,2026-04-02
SUB5896986,2.09,0.51,1.15,0.27,69.83,0,0,55+,Postpaid_Premium,5G_Device,4G,2026-03-24
SUB2020346,2.05,3.91,0.61,0.27,48.31,1,0,45-54,Postpaid_Unlimited,Premium_Smartphone,3G,2026-03-24
SUB2886522,0.68,2.42,0.15,0.09,38.88,0,1,18-24,Prepaid_Monthly,Mid_Range,4G,2026-04-07
SUB6523632,3.36,2.14,0.55,0.51,76.68,0,0,35-44,Postpaid_Basic,Tablet,4G,2026-04-11
SUB4119331,1.27,1.5,0.18,0.05,89.97,1,0,45-54,Prepaid_Daily,Tablet,4G+,2026-04-17
SUB8301078,1.72,2.01,0.02,0.63,103.05,0,0,55+,Postpaid_Unlimited,5G_Device,4G,2026-04-06
SUB5003487,0.05,0.62,0.61,0.19,40.6,0,0,25-34,Prepaid_Monthly,5G_Device,3G,2026-04-08
SUB1834938,0.63,3.28,0.13,0.03,82.37,0,0,18-24,Prepaid_Daily,5G_Device,5G,2026-03-20
SUB1807400,0.1,0.13,0.11,0.05,27.42,0,0,45-54,Postpaid_Basic,Mid_Range,3G,2026-03-30
SUB7505134,1.56,0.29,0.23,0.29,33.0,0,0,25-34,Prepaid_Daily,Mid_Range,4G,2026-04-09
SUB7472036,2.44,1.19,0.03,0.42,71.59,0,0,35-44,Prepaid_Monthly,Premium_Smartphone,4G,2026-03-30
SUB4931792,1.02,1.05,0.62,0.54,70.82,0,0,25-34,Prepaid_Daily,Tablet,4G,2026-03-28
SUB5367207,3.4,1.25,1.31,0.14,157.09,1,0,25-34,Prepaid_Daily,5G_Device,4G+,2026-04-16
SUB4581877,1.36,0.19,0.03,0.05,54.99,0,1,35-44,Prepaid_Daily,Mid_Range,4G,2026-03-20
SUB9043732,0.51,6.0,0.28,0.65,49.03,1,0,25-34,Postpaid_Unlimited,Basic_Phone,4G+,2026-04-12
SUB5297255,0.82,1.85,0.74,5.45,96.13,0,1,35-44,Postpaid_Unlimited,5G_Device,4G,2026-04-05
SUB5149570,8.0,3.18,3.31,4.57,127.18,0,0,18-24,Postpaid_Basic,Premium_Smartphone,5G,2026-04-06
SUB9694353,0.97,0.48,0.04,2.58,49.16,0,0,25-34,Postpaid_Basic,Mid_Range,4G,2026-04-09
SUB2779892,5.55,1.98,0.51,1.22,71.47,0,0,25-34,Postpaid_Premium,Premium_Smartphone,4G+,2026-04-05
SUB7363634,0.27,1.66,0.01,0.58,66.09,0,0,35-44,Prepaid_Monthly,Mid_Range,5G,2026-03-20
SUB8252270,2.01,1.18,0.08,0.12,49.3,0,0,25-34,Prepaid_Monthly,5G_Device,4G,2026-03-24
SUB6518225,0.56,0.3,0.28,0.25,52.65,0,0,35-44,Postpaid_Premium,5G_Device,3G,2026-03-20
SUB1920243,0.62,0.7,0.82,1.26,115.79,0,0,35-44,Prepaid_Monthly,Tablet,4G+,2026-03-28
SUB4421103,1.44,0.59,0.03,0.37,88.81,0,1,35-44,Postpaid_Basic,Mid_Range,5G,2026-04-10
SUB4402410,5.21,1.69,0.26,2.73,63.72,1,0,35-44,Postpaid_Basic,5G_Device,3G,2026-03-21
SUB9809609,1.77,1.34,0.45,0.74,85.09,0,0,25-34,Postpaid_Basic,Premium_Smartphone,5G,2026-03-31
SUB3835309,0.27,1.52,1.42,2.13,44.2,0,0,25-34,Postpaid_Premium,Mid_Range,4G,2026-03-27
SUB9400944,2.17,4.18,2.46,0.59,84.74,0,0,35-44,Postpaid_Premium,Premium_Smartphone,5G,2026-04-17
SUB6058211,3.61,3.21,2.57,4.24,130.37,0,0,18-24,Postpaid_Unlimited,5G_Device,5G,2026-03-20
SUB8422244,0.85,1.13,0.19,0.26,64.68,1,1,45-54,Postpaid_Premium,Premium_Smartphone,3G,2026-04-12
SUB3958963,0.73,0.71,0.14,0.06,45.79,0,0,45-54,Prepaid_Daily,Mid_Range,3G,2026-03-31
SUB4191319,6.06,2.26,0.51,1.98,64.57,0,0,25-34,Postpaid_Premium,Tablet,4G,2026-04-10
SUB6042486,0.94,1.16,0.54,0.77,97.83,0,1,35-44,Postpaid_Premium,Mid_Range,4G+,2026-03-26
SUB3979718,0.08,0.12,0.19,0.3,74.94,0,0,55+,Postpaid_Basic,5G_Device,4G,2026-03-21
SUB4768553,0.28,1.59,1.12,0.33,137.74,0,0,25-34,Postpaid_Basic,5G_Device,5G,2026-04-03
SUB9677980,1.68,0.86,0.11,0.28,120.22,1,0,35-44,Prepaid_Daily,Premium_Smartphone,4G,2026-04-05
SUB9403037,4.72,3.31,1.3,5.2,103.88,1,0,18-24,Postpaid_Unlimited,Premium_Smartphone,4G,2026-03-30
SUB9325344,0.51,3.75,0.03,0.02,104.39,1,0,25-34,Postpaid_Unlimited,Mid_Range,5G,2026-03-28
SUB8717753,0.19,1.84,0.45,0.53,92.84,0,0,45-54,Postpaid_Basic,Tablet,4G,2026-04-04
SUB6426967,1.31,0.18,0.26,0.04,41.47,0,1,35-44,Prepaid_Daily,Mid_Range,3G,2026-04-13
SUB4476808,4.87,0.34,0.61,2.82,49.45,0,0,35-44,Postpaid_Premium,Premium_Smartphone,4G,2026-04-11
SUB7917571,0.23,0.12,0.03,0.12,29.18,0,0,55+,Prepaid_Monthly,Mid_Range,4G,2026-04-06
SUB9341219,1.36,0.02,0.34,0.38,48.11,0,0,35-44,Prepaid_Monthly,Mid_Range,4G,2026-04-02
SUB5394203,0.89,3.26,0.21,0.48,86.35,1,0,35-44,Postpaid_Premium,Premium_Smartphone,4G,2026-04-13
SUB5622776,3.79,3.57,1.24,0.12,164.75,1,0,35-44,Postpaid_Premium,5G_Device,5G,2026-03-29
SUB9596108,0.26,1.11,0.86,0.01,62.85,1,0,35-44,Prepaid_Daily,Mid_Range,5G,2026-03-29
SUB6214802,0.21,0.25,0.04,0.03,42.81,0,1,45-54,Postpaid_Premium,Basic_Phone,4G,2026-03-20
SUB6556452,1.82,0.95,0.03,0.01,79.61,0,0,55+,Postpaid_Premium,Premium_Smartphone,4G,2026-03-25
SUB7664102,0.3,1.97,0.16,0.55,182.49,1,0,45-54,Postpaid_Basic,5G_Device,5G,2026-04-05
SUB7865999,1.27,0.51,0.22,0.23,61.35,0,0,35-44,Prepaid_Monthly,Mid_Range,4G+,2026-03-30
SUB8562635,1.25,1.56,1.44,0.57,71.64,0,0,18-24,Prepaid_Daily,Premium_Smartphone,4G,2026-04-12
SUB5435786,0.32,0.1,0.06,0.01,23.55,0,0,45-54,Prepaid_Daily,Basic_Phone,4G,2026-04-14
SUB3862750,0.8,0.69,0.03,0.02,54.04,0,1,35-44,Prepaid_Daily,Mid_Range,4G,2026-04-16
SUB8085757,1.29,0.68,0.6,0.6,112.64,1,1,45-54,Prepaid_Monthly,Premium_Smartphone,3G,2026-03-27
SUB7785932,1.84,2.03,0.18,0.07,82.6,0,0,18-24,Prepaid_Monthly,5G_Device,4G,2026-03-22
SUB5906526,0.29,0.24,0.01,0.01,57.85,0,0,55+,Prepaid_Monthly,Mid_Range,4G,2026-04-08
SUB3578305,1.41,1.93,0.28,0.19,74.28,0,0,18-24,Prepaid_Monthly,Premium_Smartphone,4G,2026-04-07
SUB2255950,0.86,0.44,0.19,0.27,112.97,0,0,25-34,Prepaid_Monthly,Premium_Smartphone,5G,2026-03-28
SUB9277304,1.34,0.27,0.5,0.05,33.89,0,0,35-44,Prepaid_Monthly,Premium_Smartphone,3G,2026-03-25
SUB4696458,0.77,2.14,0.08,0.02,95.04,0,0,35-44,Postpaid_Premium,Premium_Smartphone,4G,2026-04-15
SUB2615270,0.54,0.71,0.01,0.19,32.3,0,0,25-34,Postpaid_Basic,Mid_Range,4G,2026-04-04
SUB2089100,1.06,0.8,0.34,0.26,80.72,0,0,35-44,Prepaid_Daily,Premium_Smartphone,4G,2026-03-29
SUB7445860,0.56,1.61,0.29,2.04,108.15,0,0,25-34,Prepaid_Monthly,5G_Device,5G,2026-03-22
SUB6925803,6.71,0.2,1.54,0.32,49.85,0,1,18-24,Postpaid_Premium,Mid_Range,4G,2026-03-25
SUB5675195,0.8,0.29,0.09,0.17,35.38,0,0,18-24,Prepaid_Monthly,Mid_Range,4G,2026-04-04
SUB9131526,0.77,2.96,0.3,0.04,101.25,0,0,45-54,Postpaid_Unlimited,Premium_Smartphone,5G,2026-03-21
SUB9957541,3.4,6.0,0.47,0.35,128.33,0,0,18-24,Postpaid_Premium,5G_Device,5G,2026-04-05
SUB1384903,0.73,0.68,0.38,0.22,58.11,0,1,18-24,Prepaid_Monthly,5G_Device,3G,2026-03-25
SUB8609420,0.84,1.18,0.71,0.21,64.16,0,0,35-44,Postpaid_Basic,Premium_Smartphone,3G,2026-04-05
SUB2768407,8.0,2.53,0.26,1.01,111.35,0,0,25-34,Postpaid_Premium,Premium_Smartphone,5G,2026-03-24
SUB9105925,1.06,1.41,3.28,1.31,163.14,0,1,45-54,Prepaid_Daily,Premium_Smartphone,4G+,2026-04-11
SUB6521980,0.63,0.75,0.03,0.29,48.32,0,0,45-54,Prepaid_Monthly,Mid_Range,4G+,2026-03-29
SUB8249433,0.17,0.43,0.33,0.02,50.24,0,0,45-54,Postpaid_Basic,Mid_Range,4G+,2026-03-26
SUB6125702,6.45,6.0,0.58,4.15,95.55,0,1,25-34,Postpaid_Unlimited,5G_Device,4G,2026-03-27
SUB2540710,5.27,1.27,0.68,0.55,108.71,1,0,25-34,Prepaid_Monthly,5G_Device,4G,2026-04-17
SUB4346386,0.58,1.57,0.1,0.03,49.09,0,0,35-44,Prepaid_Monthly,Premium_Smartphone,3G,2026-04-04
SUB6783877,1.04,0.64,0.07,0.27,56.96,1,0,25-34,Prepaid_Daily,Mid_Range,4G,2026-03-22
SUB7672028,0.29,3.1,1.15,0.42,82.14,0,0,18-24,Postpaid_Basic,Premium_Smartphone,4G,2026-03-21
SUB7461202,5.88,2.56,2.12,0.59,74.29,0,0,25-34,Postpaid_Premium,Premium_Smartphone,4G,2026-04-08
SUB5294329,0.26,0.16,1.74,0.68,90.53,0,0,18-24,Prepaid_Monthly,Premium_Smartphone,4G,2026-04-17
SUB8750981,2.03,0.48,0.59,0.36,117.71,0,1,55+,Postpaid_Premium,Premium_Smartphone,4G,2026-04-09
SUB2199728,0.28,0.26,0.25,0.22,43.93,1,0,45-54,Prepaid_Monthly,Basic_Phone,5G,2026-03-31
SUB2543992,1.24,0.93,0.07,1.65,34.71,0,0,18-24,Postpaid_Premium,Mid_Range,4G,2026-03-21
SUB2959484,3.72,5.75,0.23,0.23,116.36,0,1,25-34,Prepaid_Monthly,5G_Device,4G,2026-04-17
SUB1767128,1.22,1.33,0.07,1.5,92.94,1,0,55+,Postpaid_Premium,5G_Device,4G,2026-03-30
SUB5509408,4.03,1.13,0.04,0.85,46.77,0,0,25-34,Postpaid_Premium,5G_Device,3G,2026-03-21
SUB3331774,0.58,1.37,0.34,2.56,140.29,0,0,45-54,Postpaid_Premium,Premium_Smartphone,5G,2026-04-04
SUB1434368,0.69,1.13,1.32,0.66,58.87,0,0,25-34,Prepaid_Monthly,Mid_Range,4G+,2026-04-12
SUB7077449,0.81,0.3,0.54,0.89,55.82,0,1,45-54,Postpaid_Premium,Mid_Range,4G,2026-03-23
SUB3834523,0.31,0.31,0.23,0.05,6.97,0,0,35-44,Postpaid_Basic,Basic_Phone,4G,2026-04-09
SUB2167498,8.0,6.0,3.59,0.04,89.19,1,0,18-24,Postpaid_Unlimited,Premium_Smartphone,4G,2026-03-27
SUB9905184,1.75,0.57,1.56,0.06,87.28,1,0,25-34,Prepaid_Monthly,Mid_Range,4G+,2026-04-13
SUB4791296,0.23,2.04,0.37,0.2,87.96,0,1,35-44,Postpaid_Premium,Premium_Smartphone,3G,2026-04-15
SUB8020480,0.31,1.57,2.2,0.03,143.39,1,0,55+,Prepaid_Monthly,Tablet,5G,2026-04-09
SUB3933811,0.75,0.62,0.15,0.96,34.2,0,0,18-24,Prepaid_Monthly,Mid_Range,5G,2026-03-26
SUB4833538,1.07,1.77,0.08,1.44,81.37,1,1,35-44,Prepaid_Daily,Mid_Range,5G,2026-04-04
SUB9919757,0.41,1.29,0.0,0.35,59.33,0,0,25-34,Prepaid_Monthly,Mid_Range,4G+,2026-03-22
SUB1238366,0.17,0.06,0.12,0.08,58.94,0,0,45-54,Prepaid_Daily,Mid_Range,4G,2026-03-25
SUB7877037,0.31,0.48,0.09,0.34,84.8,0,0,45-54,Prepaid_Daily,Premium_Smartphone,4G,2026-04-11
SUB5407900,0.94,3.57,0.28,1.0,133.41,0,0,25-34,Prepaid_Daily,Premium_Smartphone,5G,2026-03-30
SUB9457123,8.0,4.09,0.74,3.6,172.63,1,0,18-24,Postpaid_Premium,Premium_Smartphone,5G,2026-04-02
SUB9805348,5.77,4.61,1.85,1.5,200.0,1,1,18-24,Postpaid_Basic,5G_Device,5G,2026-03-23
SUB9033076,4.35,2.61,0.37,1.11,108.29,0,1,35-44,Postpaid_Premium,Mid_Range,5G,2026-03-26
SUB1941208,0.9,6.0,1.86,0.7,95.63,0,1,25-34,Postpaid_Basic,Premium_Smartphone,5G,2026-04-11
SUB5383233,2.95,1.48,0.7,3.95,130.61,1,0,25-34,Postpaid_Premium,Premium_Smartphone,4G+,2026-03-28
SUB3967381,0.06,0.25,0.29,0.01,49.24,1,0,55+,Postpaid_Basic,Mid_Range,4G,2026-04-11
SUB4114659,0.11,6.0,0.5,0.0,57.9,0,1,25-34,Prepaid_Daily,Mid_Range,4G,2026-04-14
SUB8303667,4.56,3.39,0.06,1.94,119.33,0,0,35-44,Postpaid_Basic,Premium_Smartphone,5G,2026-04-13
SUB7537932,0.24,0.62,0.29,0.29,7.78,0,1,18-24,Postpaid_Premium,Basic_Phone,3G,2026-04-15
SUB6607414,8.0,1.31,0.21,2.99,81.05,0,0,18-24,Postpaid_Basic,5G_Device,4G,2026-04-14
SUB7095513,1.72,2.15,2.12,0.09,79.71,0,0,25-34,Postpaid_Premium,Mid_Range,5G,2026-04-02
SUB9411603,0.21,0.79,0.23,0.31,16.25,0,0,35-44,Postpaid_Premium,Basic_Phone,4G,2026-03-31
SUB2653005,0.22,0.42,0.16,0.27,53.77,0,0,25-34,Prepaid_Monthly,Mid_Range,4G,2026-04-09
SUB7243383,3.93,0.85,0.16,0.79,69.96,0,0,45-54,Postpaid_Premium,Premium_Smartphone,4G,2026-04-10
SUB1441168,2.54,3.06,1.24,1.09,46.13,1,0,25-34,Postpaid_Premium,Mid_Range,4G,2026-04-03
SUB6947117,1.51,0.33,0.29,0.3,44.66,0,0,25-34,Prepaid_Daily,Mid_Range,5G,2026-04-14
SUB9888079,0.19,0.13,0.08,0.0,16.72,0,0,55+,Postpaid_Basic,Basic_Phone,4G,2026-04-15
SUB7074999,5.17,6.0,1.65,0.44,74.61,0,0,25-34,Postpaid_Premium,Mid_Range,5G,2026-03-21
SUB5949331,0.31,3.54,0.01,0.03,9.6,1,0,25-34,Postpaid_Basic,Basic_Phone,3G,2026-04-15
SUB6280156,2.39,3.01,4.0,0.53,62.26,0,1,18-24,Postpaid_Unlimited,Mid_Range,4G,2026-04-12
SUB9399122,0.05,0.3,0.44,0.21,47.92,0,0,45-54,Prepaid_Daily,Premium_Smartphone,3G,2026-04-14
SUB3144608,1.37,2.73,1.72,0.24,75.78,0,0,45-54,Postpaid_Premium,Premium_Smartphone,4G,2026-03-31
SUB6506126,0.46,0.19,2.32,0.16,72.99,0,0,18-24,Postpaid_Premium,Mid_Range,5G,2026-03-19
SUB3930299,4.04,0.51,0.3,0.17,24.67,1,0,25-34,Postpaid_Premium,Mid_Range,3G,2026-03-30
SUB8818441,2.58,0.57,1.0,0.32,79.81,1,0,35-44,Prepaid_Monthly,Tablet,3G,2026-03-20
SUB6091281,0.78,0.89,0.13,0.04,89.0,0,1,55+,Prepaid_Monthly,5G_Device,4G,2026-04-15
SUB1628373,4.89,1.25,0.73,1.97,169.51,1,1,25-34,Postpaid_Basic,5G_Device,5G,2026-03-25
SUB1633389,0.39,0.57,0.12,0.07,25.19,0,0,45-54,Prepaid_Monthly,Basic_Phone,5G,2026-04-09
SUB9379482,2.06,1.35,0.38,0.33,34.13,1,0,25-34,Postpaid_Unlimited,Basic_Phone,5G,2026-04-16
SUB2157260,1.44,0.11,0.03,0.41,61.0,0,0,18-24,Prepaid_Daily,Premium_Smartphone,3G,2026-04-16
SUB8862148,2.59,4.64,0.35,0.22,53.33,0,0,18-24,Postpaid_Basic,Mid_Range,4G,2026-03-25
SUB7232474,0.64,0.81,0.15,0.67,42.39,0,0,25-34,Prepaid_Daily,Mid_Range,4G,2026-04-03
SUB4355000,1.8,2.27,0.15,0.46,84.48,1,0,25-34,Postpaid_Basic,Mid_Range,4G+,2026-04-07
SUB4581311,0.91,0.44,0.88,0.13,105.21,1,0,55+,Postpaid_Premium,Mid_Range,5G,2026-04-13
SUB7158157,0.04,0.2,0.76,0.06,57.65,0,1,18-24,Prepaid_Daily,Mid_Range,4G,2026-04-05
SUB4783831,4.4,2.49,0.59,0.14,86.42,1,0,25-34,Postpaid_Premium,Premium_Smartphone,4G,2026-04-08
SUB6182190,3.24,1.36,1.23,0.58,112.99,1,0,18-24,Prepaid_Daily,Premium_Smartphone,4G,2026-03-22
SUB2350093,0.27,0.19,0.06,0.03,17.95,0,0,45-54,Postpaid_Basic,Basic_Phone,4G,2026-03-19
SUB8645195,1.0,0.4,0.17,0.04,60.02,0,1,55+,Postpaid_Basic,Mid_Range,5G,2026-03-27
SUB9582299,1.79,1.72,0.38,1.11,131.38,1,1,18-24,Prepaid_Monthly,Premium_Smartphone,4G,2026-04-16
SUB5475687,2.58,0.78,0.31,0.5,39.55,0,0,25-34,Prepaid_Daily,Mid_Range,4G,2026-03-19
SUB6755327,0.39,1.54,1.33,0.72,50.45,0,0,18-24,Postpaid_Premium,Premium_Smartphone,4G,2026-04-08
SUB3592440,7.83,0.67,0.97,0.15,142.96,1,0,25-34,Prepaid_Monthly,5G_Device,5G,2026-04-06
SUB9868577,0.05,0.82,0.24,0.01,11.69,0,0,18-24,Prepaid_Daily,Basic_Phone,4G+,2026-03-26
SUB3491721,1.94,6.0,0.05,0.07,50.6,0,0,25-34,Postpaid_Premium,Mid_Range,4G,2026-04-11
SUB1682346,0.43,1.02,0.22,0.13,43.83,0,0,35-44,Prepaid_Monthly,Premium_Smartphone,3G,2026-04-02
SUB8313861,0.12,1.22,0.42,0.3,43.26,0,1,35-44,Postpaid_Premium,Mid_Range,3G,2026-04-05
SUB5995427,1.25,0.1,0.23,0.07,13.26,0,0,18-24,Postpaid_Basic,Basic_Phone,4G,2026-04-04
SUB3931659,0.1,2.67,0.43,0.42,39.59,0,0,25-34,Prepaid_Daily,Mid_Range,4G,2026-04-09
SUB1199542,1.45,0.45,0.41,0.01,54.55,0,0,35-44,Prepaid_Daily,5G_Device,3G,2026-04-12
SUB4483802,5.07,1.23,0.27,0.98,89.33,0,0,35-44,Postpaid_Basic,Tablet,5G,2026-03-19
SUB8381740,0.43,0.98,0.2,1.26,137.27,1,0,18-24,Prepaid_Daily,Premium_Smartphone,4G,2026-04-12
SUB6087365,0.29,0.52,0.0,0.01,35.57,0,1,45-54,Prepaid_Daily,Mid_Range,3G,2026-04-11
SUB5084032,3.37,0.67,0.28,0.55,111.32,1,1,25-34,Postpaid_Premium,Premium_Smartphone,3G,2026-03-20
SUB2223045,2.42,1.7,1.1,1.85,50.68,0,0,18-24,Postpaid_Basic,Mid_Range,4G,2026-03-28
SUB9295445,0.24,0.9,0.09,0.0,41.54,1,0,18-24,Prepaid_Monthly,Mid_Range,3G,2026-04-02
SUB2936983,0.55,0.86,0.15,0.09,116.95,1,1,55+,Postpaid_Basic,Premium_Smartphone,4G,2026-03-24
SUB2404568,4.95,4.0,0.66,0.84,94.63,1,1,25-34,Postpaid_Basic,Premium_Smartphone,4G,2026-04-01
SUB1760956,0.59,0.37,0.26,0.01,69.96,0,0,55+,Postpaid_Basic,Mid_Range,4G+,2026-04-03
SUB4554382,0.46,4.25,0.35,0.54,117.0,1,1,25-34,Postpaid_Basic,5G_Device,4G,2026-03-21
SUB8297881,3.44,2.43,0.89,0.38,111.98,0,1,25-34,Postpaid_Unlimited,Mid_Range,5G,2026-04-01
SUB8122887,0.88,0.95,0.02,0.69,107.26,0,0,35-44,Prepaid_Monthly,Premium_Smartphone,5G,2026-04-04
SUB5357847,0.32,4.15,0.56,2.05,145.95,1,1,18-24,Prepaid_Monthly,5G_Device,4G,2026-04-16
SUB5565861,1.0,0.31,0.26,0.16,79.17,1,0,25-34,Prepaid_Daily,Mid_Range,4G,2026-03-24
SUB1499964,0.08,0.19,0.2,0.1,49.27,0,0,25-34,Prepaid_Daily,Mid_Range,3G,2026-03-22
SUB3997493,0.44,0.13,0.09,0.03,10.07,0,1,45-54,Prepaid_Daily,Basic_Phone,4G,2026-03-22
SUB8578729,1.45,2.29,0.82,0.42,66.47,0,1,25-34,Prepaid_Monthly,5G_Device,4G,2026-03-19
SUB7638784,0.82,6.0,0.44,1.25,86.58,0,0,25-34,Postpaid_Basic,Premium_Smartphone,4G,2026-04-03
SUB9394043,0.6,0.34,0.0,0.09,25.01,0,1,25-34,Prepaid_Daily,Basic_Phone,3G,2026-03-26
SUB1139565,3.33,3.71,0.41,1.59,77.18,0,0,35-44,Postpaid_Premium,5G_Device,4G,2026-04-09
SUB3942905,0.34,1.87,0.05,0.07,87.32,0,0,18-24,Prepaid_Monthly,Premium_Smartphone,4G+,2026-03-27
SUB4428261,0.13,1.89,0.54,0.08,23.92,1,0,18-24,Postpaid_Unlimited,Basic_Phone,4G+,2026-03-25
SUB7322954,3.19,6.0,0.17,0.62,80.43,0,1,25-34,Postpaid_Basic,Premium_Smartphone,4G,2026-04-11
SUB9190219,0.28,2.21,0.7,0.03,34.59,0,0,35-44,Postpaid_Premium,Mid_Range,4G,2026-03-22
SUB6082281,0.56,1.61,0.43,0.02,25.3,0,0,25-34,Postpaid_Unlimited,Mid_Range,3G,2026-04-08
SUB5754417,1.2,0.57,0.25,0.09,25.96,0,0,25-34,Postpaid_Unlimited,Mid_Range,3G,2026-04-11
SUB2327654,0.48,0.61,0.12,1.75,55.45,0,0,35-44,Postpaid_Basic,Mid_Range,4G,2026-04-05
SUB3627014,0.32,0.52,0.06,0.16,110.08,0,1,55+,Prepaid_Monthly,Premium_Smartphone,5G,2026-04-05
SUB8995018,0.11,0.36,0.01,0.03,32.68,0,1,45-54,Postpaid_Basic,Basic_Phone,4G,2026-04-11
SUB6936419,0.08,0.67,0.28,0.5,20.35,0,0,25-34,Prepaid_Monthly,Mid_Range,3G,2026-03-21
SUB8210547,2.58,6.0,0.39,2.57,135.79,1,0,35-44,Prepaid_Monthly,5G_Device,5G,2026-04-10
SUB8313184,0.5,0.27,0.12,0.18,49.37,1,0,55+,Prepaid_Monthly,Mid_Range,4G,2026-04-15
SUB1447628,0.16,1.27,0.07,0.27,50.81,0,0,25-34,Prepaid_Monthly,Mid_Range,4G,2026-04-11
SUB6303441,2.43,3.03,0.45,2.29,76.16,1,1,25-34,Prepaid_Monthly,5G_Device,4G,2026-04-06
SUB9853143,0.17,1.51,0.61,0.68,93.54,0,0,18-24,Prepaid_Daily,5G_Device,5G,2026-04-01
SUB3648191,0.94,0.38,0.13,0.17,89.05,1,0,45-54,Prepaid_Monthly,Mid_Range,4G+,2026-04-12
SUB2348894,5.65,4.0,0.54,1.2,93.98,0,0,18-24,Prepaid_Monthly,Premium_Smartphone,4G,2026-03-30
SUB7151990,0.64,2.32,0.63,2.94,94.44,1,1,18-24,Prepaid_Monthly,Premium_Smartphone,4G,2026-04-03
SUB9445180,3.48,6.0,0.0,0.85,83.59,0,0,25-34,Postpaid_Premium,Premium_Smartphone,4G,2026-04-11
SUB4550985,0.35,1.22,0.6,0.32,62.39,0,0,45-54,Prepaid_Monthly,5G_Device,3G,2026-03-29
SUB3513595,1.51,3.35,0.57,0.3,70.8,0,0,25-34,Postpaid_Unlimited,Premium_Smartphone,4G,2026-04-12
SUB9161665,0.66,1.41,0.3,0.06,91.71,0,0,45-54,Prepaid_Daily,Tablet,4G+,2026-03-28
SUB1737550,4.34,0.96,0.87,0.95,98.49,0,1,45-54,Postpaid_Unlimited,5G_Device,5G,2026-04-02
SUB6007106,0.89,1.25,1.6,0.27,70.5,0,1,25-34,Prepaid_Monthly,Mid_Range,4G,2026-04-17
SUB2798954,2.85,5.71,1.14,0.03,92.03,0,0,35-44,Postpaid_Unlimited,5G_Device,5G,2026-04-17
SUB1929090,0.75,0.38,0.1,0.34,29.88,0,0,25-34,Prepaid_Monthly,Mid_Range,4G,2026-03-19
SUB3802743,0.43,2.35,0.14,0.07,126.92,1,1,55+,Postpaid_Premium,Premium_Smartphone,4G+,2026-03-26
SUB9776510,0.18,1.59,0.08,0.12,92.02,0,0,35-44,Prepaid_Daily,5G_Device,4G,2026-04-13
SUB7165706,0.51,0.11,0.2,0.02,59.31,0,1,55+,Postpaid_Basic,Mid_Range,4G+,2026-04-02
SUB2900302,0.29,0.3,0.08,0.37,25.48,1,0,18-24,Prepaid_Monthly,Basic_Phone,5G,2026-03-23
SUB6846636,3.23,3.14,0.53,0.37,44.64,0,0,25-34,Postpaid_Premium,5G_Device,3G,2026-04-16
SUB1684659,1.4,0.78,0.26,0.11,31.1,1,0,18-24,Postpaid_Basic,Basic_Phone,4G,2026-04-09
SUB8430747,2.36,6.0,1.12,0.05,69.58,0,1,25-34,Postpaid_Unlimited,Mid_Range,4G,2026-03-22
SUB8410825,0.67,0.33,0.24,0.22,55.95,0,0,45-54,Postpaid_Basic,Premium_Smartphone,3G,2026-03-25
SUB9828325,0.53,1.59,0.04,0.09,34.22,0,1,25-34,Prepaid_Monthly,Mid_Range,4G,2026-04-17
SUB7927416,1.83,0.47,0.34,0.18,125.95,1,0,18-24,Prepaid_Daily,5G_Device,4G,2026-04-04
SUB6385201,4.4,4.57,2.53,0.51,56.33,0,0,18-24,Postpaid_Premium,Mid_Range,4G,2026-04-05
SUB8360401,2.86,0.28,0.48,1.18,125.65,1,0,25-34,Prepaid_Daily,Tablet,4G,2026-03-31
SUB3241105,0.61,4.52,1.64,0.17,50.71,0,0,18-24,Postpaid_Premium,5G_Device,4G,2026-04-12
SUB2320307,3.05,1.2,0.69,0.31,127.63,1,0,25-34,Prepaid_Monthly,Premium_Smartphone,5G,2026-04-05
SUB5675431,1.26,3.16,2.79,0.71,113.65,1,0,45-54,Postpaid_Basic,Premium_Smartphone,5G,2026-04-13
SUB8054378,0.75,6.0,0.14,0.11,136.75,0,1,25-34,Postpaid_Basic,Premium_Smartphone,4G+,2026-04-11
SUB6119641,3.02,0.97,0.04,0.04,79.42,1,1,35-44,Prepaid_Monthly,Mid_Range,4G,2026-04-07
SUB6753670,4.08,1.54,1.23,0.05,48.53,0,0,25-34,Postpaid_Premium,Mid_Range,5G,2026-03-26
SUB2095589,2.8,2.41,0.21,0.32,126.51,1,0,35-44,Prepaid_Monthly,5G_Device,4G,2026-04-02
SUB5826176,1.09,1.2,0.09,0.09,139.18,0,0,18-24,Prepaid_Daily,Premium_Smartphone,5G,2026-04-07
SUB9466721,0.4,1.58,0.44,0.36,98.6,0,1,55+,Postpaid_Unlimited,5G_Device,4G,2026-04-14
SUB2921792,0.28,3.57,0.2,0.75,74.77,0,0,35-44,Prepaid_Monthly,Premium_Smartphone,4G,2026-03-27
SUB6754068,4.72,2.25,0.31,0.08,120.0,1,0,25-34,Postpaid_Premium,Mid_Range,5G,2026-03-21
SUB2539219,0.44,1.13,0.09,0.11,9.48,0,0,18-24,Postpaid_Basic,Basic_Phone,5G,2026-03-23
SUB5589716,7.18,1.22,0.02,0.17,68.9,0,1,18-24,Postpaid_Premium,Mid_Range,4G,2026-04-17
SUB1085395,0.51,0.48,1.18,0.5,110.2,1,0,45-54,Prepaid_Daily,5G_Device,4G,2026-03-28
SUB7063389,1.42,1.97,0.45,0.92,101.43,1,0,35-44,Postpaid_Basic,Premium_Smartphone,4G,2026-04-09
SUB8732605,2.83,0.53,0.47,0.97,93.82,0,1,25-34,Prepaid_Monthly,5G_Device,4G+,2026-03-25
SUB9061792,1.53,4.02,0.55,0.85,39.55,1,0,25-34,Postpaid_Basic,5G_Device,3G,2026-03-29
SUB8876375,2.08,0.84,0.09,0.29,54.08,0,0,45-54,Postpaid_Unlimited,Mid_Range,4G+,2026-04-07
SUB2093060,0.44,0.22,0.14,0.04,95.07,1,0,45-54,Prepaid_Daily,Mid_Range,4G+,2026-03-28
SUB4235863,2.3,1.41,2.35,0.27,73.9,1,0,35-44,Postpaid_Premium,Mid_Range,5G,2026-04-12
SUB5383030,3.16,5.47,0.02,0.05,61.41,0,0,25-34,Prepaid_Monthly,Mid_Range,5G,2026-03-22
SUB9602831,0.28,1.14,0.03,0.1,21.49,1,0,45-54,Prepaid_Monthly,Basic_Phone,4G+,2026-03-24
SUB5169495,0.95,0.44,0.29,1.09,60.65,0,1,35-44,Prepaid_Monthly,Mid_Range,4G,2026-04-07
SUB3612761,3.59,1.05,0.21,1.46,80.22,1,0,25-34,Prepaid_Monthly,5G_Device,3G,2026-03-30
SUB2995457,0.46,2.41,0.89,0.05,176.52,0,1,18-24,Prepaid_Monthly,Premium_Smartphone,5G,2026-04-14
SUB2013071,0.09,0.3,0.7,0.11,52.25,1,0,45-54,Prepaid_Monthly,Mid_Range,4G,2026-03-25
SUB4275072,0.51,2.69,1.52,0.02,50.25,0,1,18-24,Postpaid_Premium,Premium_Smartphone,3G,2026-04-04
SUB5817842,0.53,2.06,0.79,0.12,52.16,0,0,18-24,Prepaid_Daily,Mid_Range,4G,2026-04-14
SUB9676514,0.71,0.81,0.44,1.12,87.28,1,1,45-54,Prepaid_Monthly,Premium_Smartphone,4G,2026-03-22
SUB4327786,0.11,0.08,0.13,0.06,45.2,1,1,35-44,Prepaid_Monthly,Basic_Phone,4G,2026-04-14
SUB6932572,0.67,1.61,1.66,1.19,63.82,1,0,45-54,Postpaid_Premium,5G_Device,3G,2026-04-03
SUB3145977,0.25,0.62,0.11,0.46,38.34,0,0,25-34,Prepaid_Daily,Mid_Range,4G,2026-04-16
SUB7714662,2.62,2.39,1.09,0.63,106.14,0,1,55+,Postpaid_Unlimited,5G_Device,5G,2026-04-13
SUB3226217,0.75,0.27,0.26,2.29,77.18,0,0,25-34,Prepaid_Daily,Premium_Smartphone,4G+,2026-04-05
SUB1632731,0.91,0.93,0.27,0.68,77.18,0,0,35-44,Prepaid_Monthly,Premium_Smartphone,4G,2026-04-04
SUB9750364,0.19,1.55,4.0,0.03,99.51,0,1,25-34,Prepaid_Daily,5G_Device,4G,2026-04-10
SUB3214826,2.29,0.93,0.4,0.18,50.77,0,1,18-24,Prepaid_Monthly,Mid_Range,4G,2026-04-03
SUB4260802,3.21,2.56,0.9,3.38,65.52,0,1,25-34,Postpaid_Premium,Mid_Range,4G+,2026-03-22
SUB9905865,0.61,0.24,1.23,0.33,45.82,0,0,35-44,Postpaid_Basic,Mid_Range,4G,2026-04-09
SUB5590778,0.33,2.17,0.01,0.56,66.94,1,0,18-24,Prepaid_Daily,5G_Device,3G,2026-04-04
SUB6149387,0.07,0.57,0.05,0.13,27.76,1,0,25-34,Prepaid_Daily,Basic_Phone,4G,2026-03-20
SUB6396910,1.31,0.71,0.77,0.11,64.03,0,0,18-24,Prepaid_Monthly,Mid_Range,4G,2026-04-06
SUB8827881,3.03,0.91,0.44,0.75,45.9,1,0,18-24,Postpaid_Unlimited,Mid_Range,4G,2026-04-16
SUB4561497,5.35,6.0,3.27,1.08,161.33,1,1,35-44,Postpaid_Premium,Premium_Smartphone,5G,2026-03-29
SUB8318898,0.48,0.11,0.04,0.06,59.63,0,0,55+,Prepaid_Monthly,Mid_Range,5G,2026-03-27
SUB1262199,1.77,1.94,0.16,0.26,43.59,0,1,25-34,Postpaid_Basic,Mid_Range,4G,2026-03-20
SUB3870524,0.97,2.06,0.62,0.04,45.0,0,0,35-44,Postpaid_Unlimited,Mid_Range,4G,2026-04-13
SUB2137273,0.07,0.25,0.04,0.07,23.57,0,0,55+,Postpaid_Basic,Basic_Phone,4G,2026-04-06
SUB8441537,3.87,3.92,0.12,0.64,113.96,0,0,35-44,Postpaid_Unlimited,Premium_Smartphone,5G,2026-04-02
SUB4867293,1.09,1.24,0.14,1.04,116.35,1,0,35-44,Postpaid_Basic,Premium_Smartphone,4G,2026-03-29
SUB7107511,1.01,4.4,1.63,1.42,146.05,1,0,18-24,Prepaid_Monthly,5G_Device,5G,2026-04-12
SUB1033734,1.27,0.65,0.26,4.37,98.65,0,1,25-34,Postpaid_Premium,Premium_Smartphone,4G,2026-03-28
SUB1213299,1.12,2.52,0.11,0.46,18.41,1,0,25-34,Postpaid_Basic,Basic_Phone,5G,2026-04-09
SUB3771034,4.85,1.57,0.51,2.06,98.07,0,1,25-34,Postpaid_Premium,Premium_Smartphone,4G,2026-03-22
SUB9531336,0.78,0.52,0.17,0.08,111.54,0,0,45-54,Prepaid_Daily,Tablet,5G,2026-03-23
SUB1671253,2.12,2.43,0.5,0.35,42.78,1,0,25-34,Postpaid_Basic,Mid_Range,3G,2026-04-15
SUB7688304,0.61,0.91,0.48,2.31,103.56,0,0,18-24,Prepaid_Monthly,Premium_Smartphone,4G,2026-03-22
SUB7911616,0.34,0.57,0.06,0.05,109.98,0,0,55+,Prepaid_Monthly,Premium_Smartphone,4G+,2026-04-06
SUB2006152,1.98,1.39,0.18,0.88,56.29,1,0,25-34,Postpaid_Premium,Mid_Range,4G,2026-04-08
SUB7615379,0.2,1.5,0.14,0.65,84.59,0,1,55+,Postpaid_Basic,Premium_Smartphone,4G,2026-03-30
SUB6626211,1.52,2.04,0.34,1.41,110.88,0,0,35-44,Postpaid_Basic,Premium_Smartphone,4G+,2026-04-12
SUB4262331,1.31,0.97,0.31,0.55,59.89,0,1,18-24,Postpaid_Unlimited,Mid_Range,4G,2026-03-22
SUB4993767,1.42,2.78,0.15,0.4,60.8,0,0,35-44,Postpaid_Premium,Mid_Range,5G,2026-04-14
SUB4825091,2.83,0.78,0.29,0.0,60.14,0,0,35-44,Postpaid_Basic,5G_Device,4G,2026-04-01
SUB7914152,0.34,0.2,0.26,0.14,31.33,0,0,18-24,Postpaid_Basic,Mid_Range,3G,2026-03-20
SUB6015551,0.21,0.73,0.04,0.04,73.53,1,0,25-34,Prepaid_Monthly,Mid_Range,4G,2026-04-04
SUB9026261,1.22,6.0,0.94,1.18,99.55,0,0,25-34,Postpaid_Premium,5G_Device,5G,2026-03-26
SUB7636393,0.17,0.87,0.12,0.22,43.3,0,0,35-44,Prepaid_Monthly,Mid_Range,4G,2026-03-27
SUB7701354,3.67,1.73,0.22,2.5,129.24,0,1,25-34,Postpaid_Premium,5G_Device,4G,2026-03-20
SUB4689638,6.5,2.65,0.35,0.28,100.01,0,0,35-44,Prepaid_Monthly,Premium_Smartphone,4G,2026-04-02
SUB5486856,0.35,1.03,0.33,0.27,102.69,0,1,18-24,Prepaid_Daily,Premium_Smartphone,4G,2026-03-21
SUB7955653,0.97,0.71,0.01,0.03,67.15,0,0,25-34,Prepaid_Daily,Mid_Range,4G+,2026-04-01
SUB2208957,2.09,1.21,0.24,0.33,56.0,0,0,18-24,Postpaid_Basic,5G_Device,4G,2026-04-02
SUB7232302,2.24,3.16,1.65,1.05,94.98,0,1,18-24,Prepaid_Monthly,5G_Device,4G+,2026-03-22
SUB2141766,0.35,0.86,0.76,0.0,48.08,0,0,25-34,Prepaid_Monthly,Mid_Range,3G,2026-03-27
SUB7259471,0.64,1.48,0.97,1.38,70.27,0,0,25-34,Postpaid_Basic,Premium_Smartphone,3G,2026-04-05
SUB1524658,0.7,1.22,0.42,0.37,35.37,0,0,25-34,Prepaid_Daily,Mid_Range,4G,2026-04-11
SUB6619236,0.69,0.1,0.07,0.04,69.79,0,1,55+,Prepaid_Monthly,Mid_Range,4G+,2026-03-25
SUB9108196,0.05,0.59,0.01,0.05,21.24,0,1,25-34,Prepaid_Monthly,Basic_Phone,4G,2026-03-23
SUB1003196,0.79,3.0,1.13,0.03,66.54,0,0,35-44,Postpaid_Premium,5G_Device,4G+,2026-03-24
SUB4657919,1.33,0.89,0.07,0.08,99.77,1,0,55+,Postpaid_Basic,Tablet,3G,2026-03-30
SUB7129877,1.1,0.95,1.17,0.22,200.0,1,1,55+,Postpaid_Unlimited,5G_Device,5G,2026-03-28
SUB7105661,0.21,3.8,0.19,0.1,183.65,1,0,45-54,Prepaid_Monthly,Premium_Smartphone,5G,2026-04-13
SUB8142727,1.83,1.68,0.09,0.48,70.9,0,0,18-24,Prepaid_Monthly,5G_Device,4G,2026-04-06
SUB3603680,0.73,2.54,0.97,0.41,62.99,0,1,35-44,Prepaid_Daily,5G_Device,4G,2026-04-10
SUB7209774,2.89,4.18,0.23,1.92,96.33,0,0,45-54,Postpaid_Unlimited,Premium_Smartphone,5G,2026-04-03
SUB1858811,2.82,2.41,0.32,0.34,114.22,1,1,45-54,Postpaid_Basic,5G_Device,4G,2026-04-13
SUB5064337,0.11,1.3,0.13,0.13,41.29,1,0,35-44,Postpaid_Basic,Basic_Phone,4G,2026-04-14
SUB4636119,0.44,0.49,0.1,0.06,10.4,1,0,18-24,Postpaid_Unlimited,Basic_Phone,3G,2026-04-05
SUB4556995,0.05,0.02,0.13,0.01,31.0,1,0,55+,Prepaid_Monthly,Basic_Phone,4G,2026-04-13
SUB2667108,0.37,0.65,0.57,0.39,34.89,1,1,25-34,Prepaid_Monthly,Basic_Phone,4G,2026-03-20
SUB3853507,4.8,0.44,1.58,0.57,40.13,0,0,25-34,Postpaid_Premium,Mid_Range,4G,2026-03-21
SUB8593548,0.89,5.6,0.46,0.47,84.45,0,0,25-34,Postpaid_Premium,5G_Device,4G,2026-04-03
SUB8793404,0.7,4.7,0.18,1.36,119.7,1,1,25-34,Postpaid_Premium,Premium_Smartphone,4G,2026-04-01
SUB3154327,1.2,2.06,0.24,0.04,65.84,0,1,18-24,Postpaid_Premium,Premium_Smartphone,4G,2026-03-30
SUB5070081,4.05,0.98,0.06,0.28,38.97,0,1,25-34,Postpaid_Basic,Mid_Range,4G,2026-03-21
SUB4917000,1.73,0.24,0.38,0.32,70.62,1,0,55+,Postpaid_Unlimited,Premium_Smartphone,4G,2026-03-28
SUB9173542,0.26,0.59,0.48,0.04,80.81,0,0,25-34,Postpaid_Basic,Mid_Range,5G,2026-04-03
SUB3350716,1.27,0.71,1.01,0.43,66.23,0,0,25-34,Prepaid_Monthly,Premium_Smartphone,4G+,2026-04-07
SUB2264008,1.46,0.47,0.14,0.1,99.43,0,0,45-54,Postpaid_Basic,Premium_Smartphone,4G+,2026-04-12
SUB7456942,4.12,3.85,0.01,0.1,57.99,0,0,25-34,Postpaid_Premium,Premium_Smartphone,3G,2026-03-21
SUB3768654,4.36,0.38,0.72,2.9,58.71,1,1,25-34,Postpaid_Premium,Mid_Range,4G,2026-04-06
SUB8061944,3.08,1.16,0.2,0.74,142.05,0,0,25-34,Prepaid_Monthly,5G_Device,5G,2026-04-02
SUB4876345,0.11,0.97,0.08,0.09,92.25,0,0,18-24,Prepaid_Daily,Mid_Range,5G,2026-04-08
SUB7057174,0.43,1.71,0.37,0.01,50.19,0,0,18-24,Prepaid_Monthly,Premium_Smartphone,3G,2026-04-05
SUB3233414,0.93,0.98,0.08,0.96,164.0,0,1,35-44,Postpaid_Unlimited,Tablet,5G,2026-04-07
SUB7134678,0.05,0.31,0.07,0.11,88.06,0,0,55+,Prepaid_Daily,Tablet,4G,2026-03-22
SUB9392939,0.34,0.38,0.06,0.04,37.99,0,1,35-44,Postpaid_Basic,Basic_Phone,4G+,2026-03-21
SUB2565976,4.95,1.23,0.62,1.01,150.7,1,0,18-24,Postpaid_Basic,Premium_Smartphone,4G+,2026-04-12
SUB4976808,0.85,0.78,0.32,0.18,19.9,0,0,25-34,Postpaid_Unlimited,Mid_Range,3G,2026-03-23
SUB8630725,0.75,1.57,1.31,1.11,18.34,0,1,18-24,Postpaid_Premium,Mid_Range,3G,2026-04-10
SUB9601462,2.34,1.14,4.0,0.59,60.01,0,1,25-34,Postpaid_Unlimited,Premium_Smartphone,4G,2026-03-21
SUB5744353,2.77,0.35,0.08,0.37,42.4,1,0,18-24,Postpaid_Basic,Mid_Range,3G,2026-03-23
SUB2553416,0.58,0.23,0.05,1.15,69.84,1,1,45-54,Postpaid_Unlimited,Premium_Smartphone,3G,2026-04-06
SUB8260219,0.33,0.91,0.56,0.26,69.74,1,1,18-24,Prepaid_Monthly,Basic_Phone,4G+,2026-04-03
SUB3956156,7.4,4.16,1.38,0.5,154.56,1,0,18-24,Prepaid_Monthly,5G_Device,5G,2026-03-25
SUB3281696,0.06,1.79,0.75,0.7,110.24,0,0,25-34,Postpaid_Premium,Premium_Smartphone,5G,2026-04-02
SUB2133243,0.91,6.0,0.4,1.08,200.0,1,1,18-24,Prepaid_Monthly,Premium_Smartphone,5G,2026-03-26
SUB1004677,1.23,1.2,0.67,0.1,68.46,0,0,35-44,Postpaid_Unlimited,Premium_Smartphone,4G,2026-04-08
SUB9593188,0.68,0.33,0.57,0.33,113.73,0,1,55+,Prepaid_Monthly,Tablet,5G,2026-04-11
SUB1130334,2.11,5.17,0.56,0.16,102.42,0,0,18-24,Prepaid_Monthly,Tablet,5G,2026-03-21
SUB5557885,1.8,1.07,0.89,0.11,182.76,1,0,25-34,Prepaid_Monthly,Premium_Smartphone,5G,2026-04-15
SUB6162425,1.37,0.27,0.14,0.08,73.85,1,0,55+,Postpaid_Basic,Premium_Smartphone,4G,2026-03-23
SUB3508963,2.69,1.56,0.34,0.13,124.59,0,1,35-44,Prepaid_Daily,Premium_Smartphone,5G,2026-04-17
SUB8820707,0.04,0.08,0.01,0.08,71.31,0,1,55+,Prepaid_Daily,Mid_Range,4G+,2026-04-15
SUB6827316,1.25,2.81,0.9,0.32,33.47,0,1,18-24,Postpaid_Unlimited,Mid_Range,4G,2026-03-26
SUB1558745,1.71,4.48,1.57,0.33,68.95,0,1,18-24,Postpaid_Unlimited,Mid_Range,4G,2026-03-28
SUB9955427,0.38,0.33,0.35,0.14,66.93,0,0,18-24,Prepaid_Daily,Premium_Smartphone,4G+,2026-04-16
SUB9582851,1.77,1.13,0.22,0.28,31.53,1,1,25-34,Postpaid_Basic,Basic_Phone,4G,2026-04-07
SUB3870741,0.74,1.05,0.75,0.03,52.0,0,0,35-44,Postpaid_Basic,Premium_Smartphone,3G,2026-04-04
SUB8910091,0.41,0.14,0.03,1.14,66.71,1,1,18-24,Prepaid_Monthly,Mid_Range,4G,2026-04-05
SUB1617423,0.82,4.06,1.92,1.24,96.32,0,1,25-34,Postpaid_Basic,Premium_Smartphone,5G,2026-04-05
SUB9979250,1.25,0.72,2.77,0.03,133.33,0,0,25-34,Postpaid_Basic,5G_Device,5G,2026-04-06
SUB3865893,0.16,0.5,0.15,0.05,28.0,1,1,45-54,Postpaid_Basic,Basic_Phone,5G,2026-04-07
SUB2250844,3.38,0.86,1.37,0.46,106.33,0,0,18-24,Postpaid_Premium,5G_Device,4G,2026-03-21
SUB1916094,4.66,2.06,0.26,0.32,157.78,1,0,18-24,Postpaid_Basic,Premium_Smartphone,4G+,2026-04-04
SUB5289361,0.2,0.43,0.28,0.04,46.76,0,0,35-44,Prepaid_Monthly,Mid_Range,4G,2026-04-11
SUB1246889,4.51,2.87,2.52,0.33,106.43,0,0,18-24,Postpaid_Basic,Premium_Smartphone,4G+,2026-03-27
SUB7719142,3.73,4.46,2.14,1.03,147.88,1,0,25-34,Postpaid_Basic,Premium_Smartphone,4G+,2026-04-09
SUB2465088,1.08,3.04,0.73,0.18,105.81,0,0,25-34,Postpaid_Premium,Premium_Smartphone,4G,2026-03-29
SUB7147878,3.71,0.32,0.13,0.0,55.91,0,0,45-54,Postpaid_Basic,Premium_Smartphone,4G,2026-03-27
SUB7615316,4.61,1.81,0.19,4.78,66.9,1,1,35-44,Postpaid_Premium,5G_Device,3G,2026-03-25
SUB6269262,2.05,6.0,1.89,0.51,67.69,0,0,35-44,Prepaid_Monthly,5G_Device,4G,2026-03-21
SUB5184251,0.34,1.8,0.48,0.24,95.44,0,1,55+,Prepaid_Monthly,5G_Device,5G,2026-03-29
SUB7838163,4.05,0.16,0.57,0.44,89.01,0,0,55+,Postpaid_Premium,5G_Device,4G,2026-03-28
SUB5275542,1.09,1.93,0.14,0.02,12.95,0,0,35-44,Postpaid_Premium,Basic_Phone,4G,2026-03-21
SUB6236840,0.73,3.14,0.75,0.02,45.64,0,0,25-34,Prepaid_Monthly,Mid_Range,5G,2026-04-15
SUB2743227,0.08,3.78,0.57,0.73,86.57,0,1,35-44,Prepaid_Monthly,5G_Device,4G,2026-03-28
SUB8660064,1.17,5.89,0.16,0.0,111.36,0,0,25-34,Postpaid_Premium,5G_Device,5G,2026-04-17
SUB1586470,0.06,0.71,0.02,0.47,91.59,0,0,55+,Prepaid_Monthly,Premium_Smartphone,5G,2026-03-31
SUB8170364,1.06,1.53,0.02,0.26,113.64,0,1,35-44,Prepaid_Daily,5G_Device,4G,2026-04-15
SUB4974409,5.76,1.21,0.15,0.13,74.43,0,0,25-34,Postpaid_Basic,Mid_Range,5G,2026-04-14
SUB1177216,1.07,0.63,0.29,0.21,188.56,0,1,18-24,Prepaid_Daily,Premium_Smartphone,5G,2026-04-01
SUB5649292,2.52,3.2,1.85,0.04,142.01,1,1,18-24,Prepaid_Monthly,Premium_Smartphone,5G,2026-03-30
SUB3176512,1.07,0.28,0.73,0.32,61.51,0,0,18-24,Prepaid_Monthly,Premium_Smartphone,3G,2026-04-04
SUB4683460,2.28,1.95,0.14,2.35,90.58,0,0,18-24,Postpaid_Premium,Premium_Smartphone,4G,2026-03-21
SUB9512270,0.32,1.62,0.37,0.14,93.13,0,0,25-34,Prepaid_Monthly,5G_Device,4G,2026-04-02
SUB2818352,1.61,2.16,0.23,0.48,40.46,0,0,18-24,Postpaid_Basic,Mid_Range,4G,2026-04-05
SUB4244571,3.58,0.96,0.93,3.97,95.26,0,0,35-44,Postpaid_Premium,5G_Device,5G,2026-03-31
SUB3894558,0.52,1.48,0.34,0.03,29.47,0,0,18-24,Postpaid_Basic,Premium_Smartphone,3G,2026-04-12
SUB2480175,1.93,0.83,0.34,0.22,84.01,1,1,18-24,Prepaid_Daily,Premium_Smartphone,3G,2026-03-28
SUB2829484,1.93,2.79,0.83,0.66,29.12,0,0,25-34,Postpaid_Premium,Mid_Range,4G,2026-04-16
SUB2667690,1.77,0.48,0.23,0.14,85.3,1,1,45-54,Prepaid_Daily,5G_Device,3G,2026-03-20
SUB5419425,5.16,0.89,0.0,0.3,56.2,0,1,25-34,Prepaid_Daily,Premium_Smartphone,3G,2026-04-09
SUB8217037,2.68,1.93,0.15,0.0,40.1,0,0,25-34,Prepaid_Daily,Mid_Range,4G,2026-04-17
SUB6017226,0.82,1.6,0.2,0.29,138.97,0,0,35-44,Prepaid_Monthly,Premium_Smartphone,5G,2026-03-23
SUB3746153,1.34,1.1,0.0,1.31,53.6,0,0,25-34,Postpaid_Premium,Mid_Range,4G,2026-04-10
SUB9360927,0.93,1.04,0.19,0.11,41.33,0,0,25-34,Postpaid_Premium,Mid_Range,3G,2026-04-08
SUB2104188,1.07,2.34,1.01,0.06,64.29,1,0,18-24,Prepaid_Monthly,Mid_Range,4G,2026-03-28
SUB8292496,2.31,1.75,1.58,0.74,60.96,0,0,35-44,Postpaid_Unlimited,Premium_Smartphone,4G,2026-04-10
SUB6125614,0.1,1.36,0.24,0.17,94.4,0,1,35-44,Prepaid_Monthly,Mid_Range,5G,2026-04-11
SUB4783112,0.5,1.43,1.51,0.14,54.5,0,0,35-44,Postpaid_Basic,Mid_Range,5G,2026-04-05
SUB3306569,2.9,1.66,0.66,2.52,82.88,1,0,25-34,Postpaid_Premium,5G_Device,4G,2026-03-19
SUB1211463,1.19,5.04,0.54,0.87,148.4,0,1,45-54,Postpaid_Premium,Premium_Smartphone,5G,2026-03-19
SUB8185300,1.6,1.6,0.57,0.41,85.9,0,0,25-34,Prepaid_Daily,Premium_Smartphone,4G+,2026-03-22
SUB1268602,3.27,3.3,0.09,0.49,65.33,1,0,18-24,Postpaid_Premium,5G_Device,3G,2026-04-13
SUB3394820,0.7,1.29,0.43,0.11,69.76,1,0,25-34,Prepaid_Monthly,Premium_Smartphone,3G,2026-04-10
SUB6545501,0.6,0.95,0.26,0.05,132.91,1,1,35-44,Prepaid_Monthly,Premium_Smartphone,4G,2026-04-03
SUB5736912,4.02,1.99,3.01,0.78,61.9,0,1,18-24,Postpaid_Basic,Mid_Range,5G,2026-03-20
SUB3507720,0.06,2.18,0.18,0.25,91.52,1,0,35-44,Postpaid_Premium,Premium_Smartphone,3G,2026-04-02
SUB4742849,0.14,0.16,0.02,5.39,70.45,0,0,45-54,Prepaid_Daily,Premium_Smartphone,4G,2026-04-06
SUB9482084,0.51,0.76,0.24,0.05,64.99,0,1,25-34,Prepaid_Daily,Mid_Range,4G,2026-04-11
SUB1114560,0.41,1.44,0.4,0.73,200.0,0,1,25-34,Prepaid_Daily,Premium_Smartphone,5G,2026-03-24
SUB6115011,0.79,2.44,0.05,0.07,62.77,0,0,18-24,Prepaid_Monthly,Premium_Smartphone,4G,2026-04-14
SUB2349987,0.8,1.16,0.19,0.86,87.11,0,1,25-34,Prepaid_Daily,Mid_Range,4G+,2026-04-09
SUB1549656,3.62,0.57,1.28,1.25,56.57,1,0,18-24,Postpaid_Unlimited,Premium_Smartphone,3G,2026-03-30
SUB4580885,0.47,0.69,0.26,0.12,90.02,0,0,55+,Prepaid_Monthly,Mid_Range,5G,2026-03-25
SUB8544022,0.76,2.34,0.74,0.07,89.56,0,0,25-34,Prepaid_Daily,Premium_Smartphone,4G,2026-04-14
SUB4403209,0.56,1.96,0.07,0.16,81.43,0,0,45-54,Postpaid_Basic,Premium_Smartphone,4G+,2026-03-23
SUB3995785,1.06,4.44,0.14,0.59,64.24,0,0,18-24,Postpaid_Premium,Mid_Range,5G,2026-03-23
SUB4980125,2.27,0.5,0.94,1.26,53.86,0,0,45-54,Postpaid_Premium,Premium_Smartphone,4G,2026-04-11
SUB7901013,0.29,0.45,0.14,0.14,48.38,0,0,45-54,Postpaid_Premium,5G_Device,3G,2026-03-30
SUB2826629,1.12,0.94,0.02,0.22,83.72,1,0,35-44,Prepaid_Daily,Mid_Range,5G,2026-04-02
SUB6718365,1.11,0.34,0.02,0.56,55.97,0,0,55+,Postpaid_Premium,5G_Device,4G,2026-04-08
SUB9289985,1.64,1.57,0.29,0.19,58.59,0,0,18-24,Postpaid_Basic,Mid_Range,4G+,2026-03-27
SUB9480287,0.73,0.72,1.13,0.12,35.98,0,0,25-34,Postpaid_Basic,5G_Device,3G,2026-04-01
SUB2339083,1.08,0.36,0.01,1.38,33.73,1,0,35-44,Postpaid_Unlimited,Basic_Phone,4G,2026-04-10
SUB6404672,0.21,0.22,0.22,0.17,19.54,0,0,35-44,Postpaid_Premium,Basic_Phone,3G,2026-03-28
SUB4703367,0.66,0.37,0.85,0.87,65.13,1,1,45-54,Postpaid_Premium,Mid_Range,4G,2026-03-27
SUB8975343,1.5,6.0,0.51,0.62,60.84,1,0,18-24,Prepaid_Daily,5G_Device,4G,2026-04-13
SUB6934385,1.45,2.08,0.36,0.24,115.89,0,0,18-24,Postpaid_Basic,Premium_Smartphone,5G,2026-04-07
SUB4890702,5.81,3.53,0.33,0.75,144.14,0,0,25-34,Postpaid_Unlimited,Premium_Smartphone,5G,2026-04-10
SUB3374151,1.48,0.37,0.31,0.13,135.29,0,0,45-54,Postpaid_Basic,5G_Device,5G,2026-04-04
SUB7720841,0.01,0.01,0.01,0.0,7.22,0,0,55+,Prepaid_Daily,Basic_Phone,3G,2026-04-12
SUB8601709,3.8,0.29,0.21,0.88,89.18,0,0,35-44,Postpaid_Premium,Mid_Range,5G,2026-04-10
SUB1177476,1.4,0.94,0.19,0.14,78.98,0,0,25-34,Prepaid_Daily,Premium_Smartphone,4G,2026-03-23
SUB2199217,2.2,1.24,0.01,0.19,49.52,0,1,35-44,Postpaid_Premium,Mid_Range,3G,2026-04-08
SUB3675877,0.06,1.0,0.62,1.0,19.56,0,0,35-44,Postpaid_Unlimited,Basic_Phone,4G,2026-03-20
SUB9306042,1.98,1.24,0.12,0.23,97.44,0,0,18-24,Prepaid_Monthly,Premium_Smartphone,4G+,2026-04-05
SUB3949908,1.79,1.23,0.25,0.06,65.69,1,0,35-44,Prepaid_Monthly,Mid_Range,5G,2026-04-12
SUB7476625,0.06,0.18,0.03,0.21,21.82,0,0,25-34,Prepaid_Monthly,Basic_Phone,4G,2026-03-28
SUB2931441,0.47,4.76,0.24,0.93,49.95,0,1,25-34,Postpaid_Unlimited,Mid_Range,4G,2026-03-25
SUB1265033,2.07,0.79,0.05,0.29,53.12,0,0,18-24,Postpaid_Basic,Mid_Range,4G,2026-03-21
SUB7499998,1.12,0.86,0.03,0.05,83.5,0,0,45-54,Postpaid_Basic,Premium_Smartphone,4G,2026-04-13
SUB6462774,0.54,0.55,0.23,0.37,27.29,0,0,45-54,Postpaid_Premium,Mid_Range,3G,2026-03-23
SUB6818812,2.05,1.03,0.08,0.24,61.62,0,0,35-44,Prepaid_Monthly,Mid_Range,4G,2026-04-12
SUB7111053,0.78,1.1,0.05,0.64,88.51,0,0,35-44,Prepaid_Monthly,5G_Device,4G,2026-04-08
SUB1842329,1.44,6.0,3.4,0.0,181.72,0,1,25-34,Postpaid_Premium,5G_Device,5G,2026-03-30
SUB8743343,6.21,1.85,4.0,0.39,50.28,1,0,35-44,Postpaid_Unlimited,5G_Device,3G,2026-04-12
SUB1174588,1.58,0.32,0.68,0.01,95.27,1,0,25-34,Prepaid_Daily,Premium_Smartphone,4G,2026-04-10
SUB4773618,0.85,1.17,0.01,0.18,61.99,0,0,45-54,Prepaid_Daily,Premium_Smartphone,4G,2026-03-22
SUB8636805,1.83,0.19,0.04,0.01,72.02,0,0,25-34,Prepaid_Monthly,Premium_Smartphone,4G,2026-03-19
SUB2530332,3.38,3.21,0.75,0.06,123.39,0,0,35-44,Postpaid_Premium,Tablet,5G,2026-04-12
SUB5739023,1.25,0.76,0.51,0.55,114.63,0,0,35-44,Prepaid_Monthly,5G_Device,5G,2026-03-23
SUB8527837,1.58,5.6,3.51,0.71,124.6,0,1,35-44,Postpaid_Unlimited,Premium_Smartphone,4G,2026-03-27
SUB2033290,0.12,1.27,0.03,0.2,89.88,0,0,45-54,Prepaid_Daily,Premium_Smartphone,4G,2026-04-07
SUB5625535,2.59,1.27,0.13,2.15,200.0,1,1,25-34,Prepaid_Daily,Premium_Smartphone,5G,2026-04-01
SUB7847129,0.09,0.15,0.24,0.27,53.9,0,1,45-54,Prepaid_Daily,Basic_Phone,5G,2026-03-21
SUB8458136,3.37,1.3,4.0,1.14,74.97,0,1,25-34,Postpaid_Unlimited,5G_Device,4G,2026-03-29
SUB4158546,0.24,1.79,0.05,0.05,93.38,0,0,55+,Prepaid_Daily,Premium_Smartphone,5G,2026-04-12
SUB9870046,0.08,1.57,0.6,0.21,127.42,0,1,45-54,Postpaid_Basic,Premium_Smartphone,4G+,2026-04-01
SUB5768424,1.82,0.89,0.09,1.38,33.19,0,0,18-24,Prepaid_Monthly,Mid_Range,4G,2026-04-02
SUB7070243,0.56,0.14,0.01,0.37,15.33,1,1,45-54,Postpaid_Premium,Basic_Phone,4G+,2026-04-12
SUB2258542,0.15,0.42,0.02,0.01,11.17,0,0,35-44,Prepaid_Daily,Basic_Phone,3G,2026-03-23
SUB8349953,0.13,0.25,0.4,0.42,50.75,0,1,55+,Postpaid_Premium,Mid_Range,4G,2026-03-20
SUB5072091,1.97,1.52,0.4,0.01,62.11,0,0,35-44,Prepaid_Monthly,Premium_Smartphone,4G,2026-03-31
SUB8414440,0.29,1.18,1.97,0.23,16.52,0,0,18-24,Postpaid_Unlimited,Basic_Phone,4G,2026-03-22
SUB4793868,1.79,0.66,0.25,0.06,136.71,0,1,25-34,Postpaid_Premium,Tablet,4G+,2026-03-26
SUB2591711,0.57,1.22,0.12,0.6,58.19,0,1,25-34,Prepaid_Monthly,Mid_Range,4G,2026-03-26
SUB2628853,0.21,0.54,0.07,0.07,35.21,0,0,45-54,Postpaid_Unlimited,Mid_Range,3G,2026-04-05
SUB3058721,1.26,0.56,0.92,0.08,97.82,0,0,35-44,Prepaid_Daily,Premium_Smartphone,4G,2026-04-15
SUB2960391,0.9,0.9,0.34,0.32,36.75,1,0,25-34,Postpaid_Premium,Basic_Phone,4G+,2026-03-21
SUB5657448,1.16,0.92,0.1,0.02,83.38,0,1,35-44,Prepaid_Monthly,5G_Device,3G,2026-03-27
SUB8392367,0.94,1.38,0.78,0.31,53.3,0,0,35-44,Prepaid_Monthly,Premium_Smartphone,4G,2026-04-02
SUB7156225,0.46,1.7,0.25,0.08,46.04,1,0,18-24,Prepaid_Daily,Mid_Range,4G,2026-04-01
SUB5076773,0.29,2.73,1.01,0.77,64.83,0,0,18-24,Postpaid_Basic,Mid_Range,5G,2026-03-25
SUB6393333,1.91,0.25,0.22,0.02,50.84,0,0,25-34,Prepaid_Daily,Mid_Range,4G,2026-04-05
SUB5512121,1.11,1.09,0.23,0.04,53.17,0,0,18-24,Postpaid_Basic,Premium_Smartphone,4G,2026-04-06
SUB7908008,0.31,1.37,1.77,0.03,49.11,1,0,18-24,Prepaid_Monthly,Mid_Range,4G,2026-03-27
SUB9447680,2.1,1.86,4.0,0.85,103.24,0,0,18-24,Postpaid_Premium,Premium_Smartphone,4G,2026-04-16
SUB4883337,1.35,2.3,0.28,0.85,109.57,0,1,45-54,Postpaid_Basic,Premium_Smartphone,4G,2026-04-08
SUB6900726,3.49,6.0,0.07,0.69,98.43,0,0,25-34,Postpaid_Premium,Premium_Smartphone,4G+,2026-03-30
SUB3163843,0.07,1.04,0.26,0.06,123.04,1,1,25-34,Postpaid_Premium,Mid_Range,5G,2026-03-29
SUB3762594,1.96,5.01,0.17,0.0,113.15,1,0,18-24,Prepaid_Daily,Premium_Smartphone,4G+,2026-04-05
SUB8686281,0.88,1.06,0.46,1.1,44.27,0,0,25-34,Prepaid_Daily,Mid_Range,4G,2026-04-13
SUB5201390,1.94,0.65,0.14,1.04,43.3,0,0,25-34,Prepaid_Monthly,Premium_Smartphone,3G,2026-04-15
SUB9778570,3.35,0.4,0.21,0.02,10.14,0,1,18-24,Postpaid_Unlimited,Basic_Phone,3G,2026-04-15
SUB4477899,1.29,0.43,0.36,0.09,38.21,0,0,35-44,Postpaid_Basic,Mid_Range,4G,2026-04-03
SUB5131279,8.0,6.0,0.13,2.66,111.74,1,1,35-44,Postpaid_Premium,Premium_Smartphone,4G+,2026-03-20
SUB3086172,0.22,6.0,0.06,0.65,112.3,1,0,25-34,Postpaid_Unlimited,Premium_Smartphone,4G+,2026-04-13
SUB2365265,1.59,2.77,0.03,0.06,37.02,0,0,35-44,Postpaid_Unlimited,Basic_Phone,5G,2026-04-04
SUB4242222,1.39,1.37,0.27,0.7,71.34,1,0,25-34,Postpaid_Basic,Mid_Range,4G,2026-03-22
SUB9504589,1.64,2.68,1.11,0.53,103.03,0,0,18-24,Postpaid_Basic,Tablet,5G,2026-04-13
SUB8322933,4.66,3.56,2.71,0.01,67.94,1,0,35-44,Postpaid_Unlimited,Mid_Range,4G,2026-03-20
SUB9677177,3.3,1.12,0.35,0.64,52.73,0,0,45-54,Postpaid_Premium,Mid_Range,5G,2026-04-14
SUB4256505,0.56,0.39,0.08,0.03,8.58,1,0,35-44,Postpaid_Premium,Basic_Phone,4G,2026-04-07
SUB9791249,1.16,1.91,0.28,0.11,82.04,0,0,25-34,Postpaid_Basic,Premium_Smartphone,4G,2026-04-06
SUB5812056,0.14,1.0,0.56,0.28,72.56,1,1,55+,Postpaid_Basic,Premium_Smartphone,3G,2026-04-16
SUB4776764,0.4,2.69,1.25,0.5,68.24,0,0,25-34,Prepaid_Monthly,Mid_Range,5G,2026-04-17
SUB2515538,0.16,2.0,0.5,1.69,82.09,0,0,25-34,Postpaid_Premium,Premium_Smartphone,4G,2026-03-29
SUB5849666,1.59,2.13,0.19,0.65,49.99,0,0,25-34,Postpaid_Basic,Premium_Smartphone,4G,2026-03-22
SUB4399618,0.45,0.4,1.98,0.01,67.98,0,0,35-44,Prepaid_Monthly,Premium_Smartphone,4G+,2026-03-28
SUB7725630,0.62,0.38,0.36,0.01,77.44,0,0,45-54,Prepaid_Monthly,Tablet,4G,2026-03-26
SUB4404629,0.65,0.35,0.39,0.19,16.69,1,0,25-34,Postpaid_Unlimited,Basic_Phone,4G,2026-04-09
SUB3192848,3.91,1.38,0.04,0.35,84.32,0,0,18-24,Postpaid_Basic,5G_Device,4G,2026-03-24
SUB3773219,0.14,0.32,0.06,0.26,67.8,0,0,35-44,Prepaid_Monthly,5G_Device,3G,2026-04-06
SUB5864912,0.76,0.21,0.01,0.03,15.34,0,0,55+,Prepaid_Daily,Mid_Range,3G,2026-04-01
SUB2644173,6.15,0.94,0.03,0.27,47.6,0,0,18-24,Postpaid_Basic,5G_Device,3G,2026-04-13
SUB5261725,0.71,2.36,0.37,0.83,95.59,0,1,45-54,Prepaid_Daily,Premium_Smartphone,4G,2026-04-06
SUB9625044,5.22,0.82,0.22,0.07,41.12,0,0,25-34,Postpaid_Basic,5G_Device,3G,2026-04-05
SUB6545636,1.55,3.16,0.32,0.07,66.83,0,0,45-54,Postpaid_Premium,Premium_Smartphone,4G,2026-03-20
SUB6780618,2.81,0.51,1.22,0.21,26.98,1,0,25-34,Postpaid_Basic,Mid_Range,3G,2026-04-04
SUB6252371,8.0,3.25,1.27,0.98,171.81,1,0,25-34,Postpaid_Unlimited,Premium_Smartphone,4G+,2026-03-22
SUB3214178,0.67,0.62,0.03,0.66,46.75,0,1,35-44,Prepaid_Daily,Mid_Range,4G+,2026-03-31
SUB1074804,0.44,1.02,0.1,0.07,87.27,0,0,55+,Prepaid_Monthly,Mid_Range,5G,2026-03-19
SUB3976877,0.96,0.55,0.38,1.31,101.75,0,1,25-34,Prepaid_Daily,Premium_Smartphone,5G,2026-04-12
SUB4789514,1.37,5.35,0.46,0.54,172.37,0,1,25-34,Prepaid_Daily,5G_Device,5G,2026-04-16
SUB5957107,6.02,0.57,0.37,1.79,77.51,0,0,18-24,Prepaid_Daily,Premium_Smartphone,5G,2026-04-17
SUB2972871,2.65,5.88,0.63,3.37,88.41,0,0,18-24,Postpaid_Premium,5G_Device,5G,2026-03-21
SUB2940483,0.19,0.75,0.13,0.19,42.35,0,0,45-54,Prepaid_Monthly,Mid_Range,4G,2026-04-05
SUB3911898,4.59,6.0,3.58,0.19,78.11,0,0,18-24,Postpaid_Unlimited,Premium_Smartphone,4G+,2026-03-22
SUB9875943,1.43,0.56,1.27,0.17,68.75,0,1,45-54,Prepaid_Daily,Premium_Smartphone,4G,2026-03-30
SUB6227365,0.14,0.96,0.07,0.13,38.99,0,1,25-34,Postpaid_Premium,Basic_Phone,4G,2026-03-22
SUB8689262,0.03,0.3,0.01,0.05,27.06,1,0,55+,Postpaid_Unlimited,Basic_Phone,5G,2026-04-16
SUB4509163,0.71,0.54,0.1,0.43,75.0,0,0,18-24,Prepaid_Daily,5G_Device,4G+,2026-03-27
SUB7825711,1.39,0.48,0.85,0.43,40.98,1,0,18-24,Prepaid_Monthly,Mid_Range,4G,2026-03-21
SUB2261402,0.63,4.82,0.58,1.01,60.59,0,1,18-24,Postpaid_Premium,Mid_Range,4G,2026-04-15
SUB3126028,0.19,1.04,0.37,0.83,97.47,0,0,45-54,Postpaid_Basic,5G_Device,4G,2026-04-02
SUB3985032,1.77,2.56,0.34,0.23,76.08,0,0,25-34,Postpaid_Basic,Tablet,4G+,2026-03-26
SUB4077195,0.06,1.31,1.28,0.3,128.76,0,0,18-24,Prepaid_Monthly,5G_Device,5G,2026-04-16
SUB3326344,0.67,1.35,0.09,0.76,84.53,0,1,45-54,Postpaid_Premium,5G_Device,4G,2026-04-03
SUB7103807,1.27,1.41,1.16,0.06,58.9,0,0,45-54,Postpaid_Premium,Mid_Range,5G,2026-04-06
SUB2076837,0.15,0.88,0.34,0.14,65.1,1,0,45-54,Prepaid_Daily,Mid_Range,4G,2026-03-24
SUB8446633,8.0,1.76,0.03,2.32,60.15,0,0,18-24,Postpaid_Unlimited,Tablet,4G,2026-03-28
SUB6717467,1.39,0.71,0.19,0.96,93.47,0,0,25-34,Postpaid_Basic,Premium_Smartphone,5G,2026-04-01
SUB2629040,0.18,0.73,0.25,0.63,100.71,0,0,35-44,Postpaid_Basic,Premium_Smartphone,4G,2026-03-21
SUB4663289,4.06,1.61,1.18,1.26,60.78,1,1,25-34,Postpaid_Premium,Mid_Range,4G,2026-04-12
SUB3916596,1.53,4.06,1.07,0.19,98.63,1,0,18-24,Postpaid_Basic,5G_Device,4G,2026-04-15
SUB8966473,0.72,0.45,0.21,0.03,35.05,0,0,18-24,Prepaid_Daily,Basic_Phone,5G,2026-03-26
SUB7185941,0.78,0.45,0.08,0.02,54.42,0,0,55+,Postpaid_Basic,Mid_Range,4G,2026-03-26
SUB5127436,5.2,2.89,0.2,0.39,56.99,0,1,18-24,Postpaid_Premium,Mid_Range,4G,2026-03-22
SUB5866940,0.28,2.57,0.56,0.2,66.33,0,0,35-44,Postpaid_Premium,Premium_Smartphone,4G,2026-04-06
SUB4462511,0.86,6.0,2.4,6.0,119.31,1,0,25-34,Postpaid_Unlimited,Premium_Smartphone,4G,2026-03-22
SUB1384083,0.55,1.62,0.27,0.53,126.74,1,0,35-44,Prepaid_Daily,Premium_Smartphone,5G,2026-04-11
SUB9920206,2.01,0.18,0.11,0.06,22.2,1,0,35-44,Prepaid_Monthly,Basic_Phone,4G+,2026-03-24
SUB6607968,1.7,2.9,0.03,2.27,107.84,1,0,25-34,Postpaid_Basic,5G_Device,4G,2026-04-11
SUB7769552,3.19,5.38,1.44,0.37,131.76,0,1,25-34,Postpaid_Basic,Tablet,5G,2026-04-17
SUB4050798,0.93,0.51,0.17,0.51,63.84,1,0,45-54,Prepaid_Monthly,Mid_Range,5G,2026-04-11
SUB3536047,2.44,5.28,2.0,0.2,48.55,0,0,25-34,Postpaid_Premium,5G_Device,4G,2026-03-29
SUB7464143,1.3,0.54,0.68,0.01,83.41,0,0,45-54,Prepaid_Daily,Tablet,4G+,2026-03-23
SUB4254992,0.46,0.77,0.12,0.17,52.56,0,1,35-44,Prepaid_Daily,Mid_Range,4G,2026-04-09
SUB5797663,1.1,2.08,0.87,0.0,68.57,1,0,35-44,Postpaid_Unlimited,Mid_Range,4G,2026-04-02
SUB7269191,0.1,3.24,0.44,0.8,162.94,1,0,25-34,Prepaid_Monthly,Tablet,4G+,2026-04-17
SUB4535443,0.36,0.75,0.04,0.67,16.32,1,0,18-24,Postpaid_Unlimited,Basic_Phone,3G,2026-03-26
SUB2932303,2.56,1.3,0.64,1.0,68.19,0,0,35-44,Prepaid_Monthly,Mid_Range,5G,2026-03-21
SUB3751821,0.55,2.42,0.14,0.16,66.13,0,0,18-24,Prepaid_Daily,Premium_Smartphone,4G,2026-03-30
SUB8314895,1.19,0.3,0.85,0.32,87.62,0,0,55+,Postpaid_Premium,Premium_Smartphone,4G,2026-03-27
SUB7525940,1.12,0.71,0.32,0.26,77.12,0,0,55+,Postpaid_Premium,Premium_Smartphone,4G,2026-04-03
SUB1426941,2.31,1.79,0.97,0.03,78.09,0,0,18-24,Postpaid_Basic,Premium_Smartphone,4G,2026-03-22
SUB5850224,6.36,1.06,0.79,0.07,141.1,0,0,18-24,Prepaid_Daily,Premium_Smartphone,5G,2026-04-14
SUB1386354,0.58,0.68,0.43,0.09,27.72,0,1,25-34,Postpaid_Premium,Mid_Range,3G,2026-04-01
SUB6506336,0.21,0.09,0.33,0.16,68.29,0,0,55+,Prepaid_Daily,Mid_Range,5G,2026-04-09
SUB1935709,2.09,1.28,0.11,0.08,29.29,0,1,25-34,Postpaid_Premium,Mid_Range,3G,2026-03-22
SUB3485178,0.46,2.07,0.94,2.82,126.9,0,0,25-34,Prepaid_Monthly,5G_Device,5G,2026-04-16
SUB7379022,0.72,1.99,1.67,1.93,125.66,0,1,35-44,Postpaid_Premium,5G_Device,4G+,2026-04-01
SUB6477630,3.04,6.0,0.41,0.18,83.67,1,1,18-24,Prepaid_Monthly,Premium_Smartphone,4G,2026-04-16
SUB7288893,0.26,0.2,0.03,0.12,11.5,0,0,25-34,Postpaid_Basic,Basic_Phone,4G+,2026-04-14
SUB3085469,1.35,1.52,2.61,1.26,74.96,0,0,25-34,Postpaid_Premium,5G_Device,4G,2026-03-28
SUB2346365,0.27,0.53,0.01,0.16,33.86,1,0,35-44,Prepaid_Daily,Basic_Phone,4G,2026-04-03
SUB2136078,5.09,1.75,0.89,2.59,49.31,0,0,18-24,Postpaid_Premium,Mid_Range,4G,2026-03-21
SUB9875206,2.58,3.11,0.55,0.3,90.05,1,0,25-34,Prepaid_Daily,5G_Device,4G,2026-03-31
SUB7062825,1.51,0.4,0.34,0.09,51.62,0,1,45-54,Prepaid_Monthly,Premium_Smartphone,3G,2026-03-22
SUB1533037,2.39,1.06,0.22,0.01,62.06,0,0,25-34,Postpaid_Basic,Mid_Range,4G+,2026-03-25
SUB9973541,4.06,2.43,1.36,2.0,154.02,1,0,35-44,Postpaid_Unlimited,5G_Device,5G,2026-04-16
SUB9602541,0.34,3.1,0.33,0.02,72.18,0,1,18-24,Prepaid_Daily,Tablet,4G,2026-04-02
SUB1427709,2.01,1.82,0.24,0.33,85.27,0,1,25-34,Postpaid_Basic,Mid_Range,5G,2026-04-02
SUB9644147,2.37,1.11,0.81,3.4,76.29,1,0,18-24,Postpaid_Basic,5G_Device,3G,2026-03-20
SUB8352245,0.84,0.23,0.15,0.45,91.87,0,0,35-44,Prepaid_Monthly,Premium_Smartphone,4G,2026-04-01
SUB2750866,0.63,1.0,0.44,0.29,77.89,0,0,25-34,Prepaid_Monthly,Mid_Range,5G,2026-03-21
SUB4777173,4.21,2.35,4.0,0.13,85.22,0,1,25-34,Postpaid_Basic,5G_Device,4G,2026-04-06
SUB7233107,0.07,1.05,0.42,0.02,30.3,1,0,18-24,Prepaid_Daily,Basic_Phone,5G,2026-03-27
SUB6275463,1.19,0.72,1.0,0.2,58.04,1,0,25-34,Postpaid_Basic,Mid_Range,3G,2026-04-04
SUB5847384,5.58,1.71,0.26,0.5,57.76,0,0,25-34,Postpaid_Premium,Mid_Range,5G,2026-04-11
SUB7371400,0.39,4.14,0.98,0.48,164.22,1,0,35-44,Postpaid_Premium,Premium_Smartphone,5G,2026-04-16
SUB6234748,0.19,0.62,0.37,0.75,30.23,0,1,18-24,Prepaid_Monthly,Basic_Phone,4G,2026-03-31
SUB9400728,2.87,0.89,1.98,0.57,127.72,1,1,35-44,Postpaid_Basic,5G_Device,4G,2026-04-06
SUB1624135,1.58,0.93,0.19,0.19,62.82,0,0,25-34,Prepaid_Daily,Premium_Smartphone,4G,2026-04-04
SUB5817167,0.34,2.15,0.01,0.05,35.19,0,0,25-34,Postpaid_Basic,Mid_Range,4G,2026-03-23
SUB8731445,1.71,1.04,0.44,0.16,96.4,0,0,45-54,Postpaid_Unlimited,Premium_Smartphone,4G,2026-04-06
SUB7830707,1.79,6.0,0.28,0.03,124.58,1,0,25-34,Prepaid_Monthly,Premium_Smartphone,4G,2026-03-27
SUB7106428,1.46,4.1,0.57,0.06,62.07,0,1,18-24,Postpaid_Basic,Mid_Range,5G,2026-03-20
SUB5745920,0.28,0.08,0.08,0.0,18.61,0,0,35-44,Postpaid_Premium,Basic_Phone,3G,2026-03-22
SUB8162517,2.28,1.08,0.18,0.13,87.37,0,1,55+,Postpaid_Basic,Premium_Smartphone,4G,2026-03-25
SUB6788773,0.25,0.39,0.25,0.02,14.4,1,0,25-34,Prepaid_Monthly,Basic_Phone,4G,2026-03-26
SUB8517475,0.31,0.33,0.08,0.03,85.42,0,1,45-54,Prepaid_Daily,5G_Device,3G,2026-04-16
SUB7923985,0.02,0.22,0.09,0.12,26.22,0,0,45-54,Postpaid_Basic,Basic_Phone,4G+,2026-03-25
SUB7101570,0.63,0.76,2.1,0.29,59.67,0,0,25-34,Prepaid_Monthly,Mid_Range,5G,2026-04-17
SUB9032304,2.36,0.33,3.67,0.17,33.17,0,0,35-44,Postpaid_Premium,Mid_Range,4G,2026-04-07
SUB3266598,0.78,1.35,2.23,0.24,122.2,0,0,25-34,Prepaid_Monthly,Premium_Smartphone,5G,2026-04-13
SUB2776238,0.14,0.5,0.34,0.21,38.96,0,0,25-34,Postpaid_Premium,Basic_Phone,5G,2026-04-06
SUB9451392,0.23,0.91,0.36,0.02,66.18,0,1,25-34,Prepaid_Daily,Mid_Range,5G,2026-03-28
SUB6127736,0.29,1.68,1.65,0.02,53.67,0,0,35-44,Prepaid_Monthly,Mid_Range,4G,2026-04-13
SUB6897162,1.57,1.48,0.52,2.21,91.27,0,1,25-34,Postpaid_Basic,Premium_Smartphone,4G+,2026-03-27
SUB7508676,0.64,1.5,0.06,0.17,55.28,0,0,18-24,Prepaid_Daily,Mid_Range,5G,2026-04-16
SUB5910662,0.42,1.46,0.04,0.01,54.83,0,0,45-54,Postpaid_Basic,Mid_Range,4G,2026-04-16
SUB2995127,1.19,0.12,0.06,0.05,8.53,1,0,35-44,Prepaid_Monthly,Basic_Phone,3G,2026-03-30
SUB8776604,2.36,1.4,0.09,0.51,84.42,0,1,55+,Prepaid_Monthly,5G_Device,4G,2026-04-05
SUB2035108,0.44,0.94,0.64,0.08,105.4,0,0,25-34,Prepaid_Daily,Tablet,4G,2026-03-30
SUB1478365,2.63,6.0,1.41,1.8,72.19,0,0,18-24,Prepaid_Monthly,Premium_Smartphone,4G+,2026-04-12
SUB6156371,2.41,6.0,2.28,0.98,67.18,0,0,18-24,Postpaid_Unlimited,Mid_Range,5G,2026-04-10
SUB3074242,0.29,0.53,0.14,0.11,100.46,1,1,45-54,Prepaid_Daily,Mid_Range,4G,2026-04-05
SUB6232761,4.03,2.18,0.42,0.44,63.44,0,0,18-24,Postpaid_Unlimited,Premium_Smartphone,3G,2026-04-07
SUB6122969,0.81,0.23,0.07,0.12,71.82,0,0,55+,Prepaid_Monthly,Premium_Smartphone,4G,2026-04-11
SUB1494209,2.42,2.15,0.41,0.22,44.2,0,1,25-34,Postpaid_Basic,Mid_Range,4G,2026-04-01
SUB2534230,0.56,0.6,0.31,0.11,33.79,0,0,45-54,Postpaid_Basic,Mid_Range,4G,2026-04-09
SUB7556410,2.3,2.93,0.26,0.71,97.21,0,0,45-54,Postpaid_Unlimited,Premium_Smartphone,5G,2026-03-31
SUB6451151,0.14,0.08,0.23,0.28,34.91,0,0,45-54,Postpaid_Premium,Basic_Phone,5G,2026-04-12
SUB1851980,0.35,0.83,0.62,0.02,29.38,1,0,18-24,Postpaid_Unlimited,Basic_Phone,4G+,2026-04-07
SUB2766299,0.81,0.7,0.02,0.26,18.56,0,0,35-44,Postpaid_Premium,Basic_Phone,5G,2026-04-11
SUB5020018,1.16,4.34,1.38,0.15,54.42,0,1,18-24,Prepaid_Monthly,Mid_Range,4G+,2026-03-19
SUB7691891,0.17,1.65,0.04,0.14,36.19,0,0,18-24,Postpaid_Unlimited,Mid_Range,5G,2026-03-30
SUB7886608,1.45,5.96,0.58,1.42,59.75,0,1,25-34,Postpaid_Unlimited,Mid_Range,5G,2026-03-19
SUB8458403,0.33,1.18,0.49,0.13,94.5,1,0,35-44,Prepaid_Daily,Mid_Range,5G,2026-04-16
SUB2662656,8.0,5.07,1.68,0.64,82.36,1,0,18-24,Postpaid_Unlimited,Mid_Range,4G+,2026-04-14
SUB5894097,0.74,0.12,0.11,0.1,50.32,0,1,55+,Postpaid_Premium,Mid_Range,4G,2026-03-26
SUB6309068,1.67,2.39,1.16,1.1,77.73,0,0,18-24,Postpaid_Unlimited,Mid_Range,5G,2026-04-13
SUB5956780,1.65,1.0,0.21,0.04,31.53,0,0,25-34,Postpaid_Unlimited,Mid_Range,3G,2026-04-04
SUB9949454,8.0,1.94,0.3,0.12,70.41,0,1,18-24,Postpaid_Unlimited,Premium_Smartphone,3G,2026-03-27
SUB5323242,1.29,3.96,0.56,0.16,68.06,0,1,45-54,Postpaid_Unlimited,Tablet,4G,2026-03-29
SUB3871712,1.78,0.83,1.11,0.52,109.3,1,0,18-24,Prepaid_Daily,5G_Device,4G,2026-03-29
SUB7903538,0.73,0.44,0.05,0.29,93.87,0,0,45-54,Prepaid_Daily,Premium_Smartphone,4G,2026-04-05
SUB1855656,8.0,1.88,2.28,0.05,164.85,1,0,25-34,Prepaid_Daily,Premium_Smartphone,5G,2026-04-12
SUB7817123,0.25,0.13,0.27,0.02,53.07,0,1,55+,Prepaid_Daily,Mid_Range,4G,2026-04-11
SUB4566568,2.02,5.89,0.86,1.15,166.41,0,1,25-34,Prepaid_Monthly,Tablet,5G,2026-03-31
SUB5679020,4.78,0.36,2.97,2.7,105.37,0,0,25-34,Postpaid_Premium,5G_Device,4G+,2026-03-27
SUB2792363,2.54,0.92,0.36,2.4,165.22,1,1,35-44,Prepaid_Monthly,5G_Device,5G,2026-04-11
SUB1638922,0.52,0.94,0.58,0.22,48.07,1,0,45-54,Postpaid_Premium,Mid_Range,4G,2026-03-22
SUB1777867,5.63,1.26,0.71,0.84,49.97,1,0,25-34,Postpaid_Premium,Mid_Range,5G,2026-04-16
SUB4066461,1.9,1.78,0.49,0.78,30.87,0,0,45-54,Postpaid_Premium,Mid_Range,3G,2026-03-24
SUB6756911,3.22,3.97,1.18,2.8,120.85,1,0,18-24,Postpaid_Basic,5G_Device,4G,2026-04-01
SUB2702424,0.3,0.84,0.08,0.0,56.75,0,0,35-44,Prepaid_Monthly,Mid_Range,4G,2026-03-31
SUB5175252,1.36,1.26,1.02,0.14,80.98,0,0,25-34,Prepaid_Daily,Premium_Smartphone,4G+,2026-04-08
SUB2185560,0.36,6.0,0.35,0.83,62.71,0,0,18-24,Postpaid_Basic,Mid_Range,5G,2026-03-23
SUB9016906,1.09,6.0,2.88,6.0,94.13,0,0,25-34,Postpaid_Premium,5G_Device,5G,2026-04-04
SUB7509887,0.31,0.66,0.13,0.27,52.2,0,1,45-54,Postpaid_Basic,Mid_Range,4G,2026-04-09
SUB1867838,0.01,0.92,0.59,0.74,161.43,1,1,55+,Postpaid_Premium,5G_Device,4G,2026-03-28
SUB2057880,0.91,0.81,1.3,0.01,72.07,1,0,25-34,Prepaid_Monthly,Mid_Range,4G+,2026-03-29
SUB4087714,0.49,0.48,0.0,0.12,38.41,0,0,45-54,Prepaid_Daily,Premium_Smartphone,3G,2026-04-01
SUB4478192,4.3,2.71,0.47,2.3,31.09,1,0,25-34,Postpaid_Premium,Mid_Range,4G,2026-03-31
SUB9856832,0.27,0.59,0.58,0.45,71.1,0,0,35-44,Prepaid_Monthly,5G_Device,3G,2026-04-04
SUB6600068,0.81,1.37,0.38,6.0,89.13,0,0,18-24,Postpaid_Basic,5G_Device,4G,2026-04-07
SUB9151656,1.17,1.13,0.94,0.24,43.9,0,1,35-44,Postpaid_Premium,Mid_Range,4G,2026-03-20
SUB1785890,0.15,0.72,0.37,0.55,63.91,0,0,18-24,Prepaid_Daily,Premium_Smartphone,4G,2026-03-19
SUB5806799,0.9,0.48,0.8,0.13,70.98,0,0,25-34,Postpaid_Basic,Mid_Range,4G+,2026-03-25
SUB9053024,0.27,3.05,0.97,0.31,57.65,0,0,35-44,Postpaid_Premium,Mid_Range,5G,2026-04-11
SUB9586625,0.55,1.62,0.43,0.05,146.33,0,0,45-54,Postpaid_Premium,Premium_Smartphone,5G,2026-03-29
SUB4743757,0.55,0.83,0.75,0.83,139.72,0,1,35-44,Prepaid_Daily,Premium_Smartphone,5G,2026-04-12
SUB6259245,1.47,0.63,0.66,0.08,120.98,1,0,55+,Postpaid_Premium,Premium_Smartphone,4G+,2026-03-26
SUB6046528,0.1,0.41,0.08,0.14,95.16,0,0,45-54,Prepaid_Daily,Premium_Smartphone,5G,2026-03-23
SUB8011673,1.8,0.73,1.2,0.5,82.52,1,0,18-24,Postpaid_Basic,Premium_Smartphone,3G,2026-04-10
SUB3868921,5.31,4.78,0.4,1.17,63.65,1,0,25-34,Prepaid_Monthly,5G_Device,4G,2026-03-31
SUB9177039,1.13,0.44,0.13,0.02,64.08,0,0,35-44,Prepaid_Monthly,Mid_Range,4G+,2026-03-22
SUB4003225,0.44,0.82,0.01,0.74,81.99,0,0,55+,Prepaid_Monthly,Premium_Smartphone,5G,2026-04-08
SUB6637291,0.56,0.08,0.01,0.03,48.95,0,0,55+,Prepaid_Daily,5G_Device,3G,2026-03-30
SUB6034253,0.62,0.07,0.25,0.29,75.8,0,1,45-54,Prepaid_Monthly,Premium_Smartphone,4G,2026-03-27
SUB5228316,0.11,0.02,0.1,0.0,65.97,0,0,35-44,Prepaid_Daily,Mid_Range,4G+,2026-03-24
SUB4578478,2.99,1.0,0.78,1.06,145.38,1,0,45-54,Postpaid_Unlimited,5G_Device,4G+,2026-03-21
SUB9072590,0.26,0.93,1.33,0.63,55.6,0,0,25-34,Prepaid_Daily,5G_Device,4G,2026-03-27
SUB6926983,2.92,6.0,2.28,0.16,72.56,0,0,25-34,Postpaid_Unlimited,Premium_Smartphone,4G+,2026-03-29
SUB7323617,0.61,2.49,1.29,1.62,25.48,0,0,35-44,Postpaid_Unlimited,Mid_Range,4G,2026-04-10
SUB1454529,1.16,0.47,1.97,1.05,90.1,1,0,45-54,Postpaid_Basic,Premium_Smartphone,4G,2026-04-11
SUB8586288,0.95,0.55,0.21,0.37,33.1,0,0,55+,Postpaid_Basic,Mid_Range,4G,2026-03-23
SUB8261511,0.61,0.77,0.13,0.3,31.97,0,0,25-34,Prepaid_Monthly,Mid_Range,4G+,2026-04-09
SUB9927811,1.51,1.9,0.95,2.18,91.09,0,0,45-54,Postpaid_Unlimited,Premium_Smartphone,5G,2026-04-08
SUB2311629,1.33,0.61,0.28,0.08,51.8,1,0,45-54,Postpaid_Premium,Mid_Range,4G,2026-03-27
SUB1900542,3.42,1.6,0.37,0.46,63.77,0,0,35-44,Postpaid_Unlimited,Premium_Smartphone,4G,2026-03-19
SUB4954780,1.38,1.48,0.78,0.07,108.08,1,1,25-34,Prepaid_Monthly,Premium_Smartphone,4G,2026-04-02
SUB3945759,2.18,6.0,3.67,1.28,109.93,1,0,35-44,Postpaid_Unlimited,5G_Device,4G,2026-03-26
SUB9683376,0.99,1.4,0.65,0.03,44.06,1,0,35-44,Prepaid_Monthly,Mid_Range,4G,2026-03-24
SUB4352921,0.76,0.22,0.96,0.03,44.28,0,0,35-44,Postpaid_Unlimited,Mid_Range,5G,2026-04-12
SUB1061264,1.14,0.86,0.14,0.08,52.65,1,0,35-44,Prepaid_Daily,Mid_Range,3G,2026-03-20
SUB6094502,0.61,0.57,0.19,0.28,52.56,0,1,45-54,Postpaid_Basic,Mid_Range,4G+,2026-04-13
SUB3459507,8.0,6.0,0.44,0.2,59.24,0,1,18-24,Postpaid_Premium,Mid_Range,4G,2026-04-14
SUB4452097,2.86,5.97,0.73,0.44,183.25,0,1,25-34,Postpaid_Premium,5G_Device,5G,2026-04-09
SUB8292306,2.11,0.85,0.44,0.24,100.71,1,0,35-44,Prepaid_Monthly,Mid_Range,5G,2026-04-02
SUB2218284,1.13,0.84,0.29,0.97,36.66,0,0,25-34,Postpaid_Premium,Mid_Range,4G,2026-03-24
SUB8088727,0.18,0.03,0.13,0.05,39.88,0,0,55+,Prepaid_Monthly,Mid_Range,4G,2026-04-07
SUB4080202,0.31,0.44,0.15,0.34,26.16,0,0,25-34,Postpaid_Basic,Basic_Phone,4G,2026-03-25
SUB7002874,0.21,0.32,0.08,0.07,39.99,0,0,25-34,Postpaid_Basic,Basic_Phone,4G+,2026-03-26
SUB8518933,0.09,0.1,0.72,0.65,96.33,1,1,45-54,Prepaid_Monthly,5G_Device,4G,2026-03-29
SUB6383182,3.92,0.87,0.27,0.33,75.54,0,0,18-24,Postpaid_Premium,5G_Device,4G,2026-03-29
SUB5688827,0.96,0.48,0.24,0.01,105.2,0,0,45-54,Prepaid_Daily,Premium_Smartphone,4G+,2026-04-15
SUB7517320,0.7,2.99,0.13,0.12,121.18,1,1,35-44,Prepaid_Daily,Premium_Smartphone,4G+,2026-03-22
SUB6792819,2.09,1.52,0.95,4.83,101.64,0,1,18-24,Postpaid_Basic,5G_Device,4G,2026-04-04
SUB8642139,0.78,0.64,0.06,0.19,55.41,0,0,55+,Postpaid_Unlimited,Mid_Range,5G,2026-04-03
SUB1865630,1.25,1.1,0.17,1.89,56.96,0,0,18-24,Postpaid_Basic,5G_Device,4G,2026-04-03
SUB6387691,0.49,1.85,0.07,2.66,54.04,1,0,25-34,Postpaid_Premium,Mid_Range,4G,2026-04-07
SUB5325001,8.0,2.06,1.64,0.82,95.63,0,0,18-24,Postpaid_Basic,5G_Device,4G,2026-04-08
SUB3972881,0.78,1.69,0.93,0.12,65.87,0,1,18-24,Postpaid_Premium,Mid_Range,4G,2026-03-20
SUB9101294,0.04,5.98,0.37,1.17,82.74,0,0,45-54,Prepaid_Monthly,5G_Device,5G,2026-04-16
SUB9557286,4.34,5.18,0.15,0.11,101.37,0,1,45-54,Postpaid_Premium,Premium_Smartphone,4G,2026-03-25
SUB6811303,0.09,1.02,2.0,0.01,49.59,1,1,18-24,Prepaid_Monthly,Basic_Phone,4G,2026-03-23
SUB6279947,0.48,3.45,0.26,0.79,142.68,0,0,35-44,Postpaid_Basic,Premium_Smartphone,5G,2026-04-04
SUB9559531,0.28,0.89,0.01,0.33,27.93,0,1,45-54,Prepaid_Daily,Mid_Range,3G,2026-03-29
SUB1300406,0.43,0.63,0.03,0.19,43.18,1,0,45-54,Postpaid_Unlimited,Basic_Phone,5G,2026-03-24
SUB1517961,0.54,5.92,0.26,0.74,38.84,0,0,25-34,Postpaid_Premium,Mid_Range,4G,2026-04-03
SUB2035598,0.5,1.05,0.77,0.68,58.42,0,1,45-54,Postpaid_Unlimited,Mid_Range,4G,2026-04-04
SUB3511902,0.55,3.27,0.67,0.1,24.92,0,0,25-34,Prepaid_Monthly,Mid_Range,4G,2026-03-22
SUB8169158,0.11,0.09,0.0,0.02,25.31,0,0,35-44,Prepaid_Daily,Mid_Range,3G,2026-03-26
SUB4640377,0.35,0.45,0.23,0.04,59.41,0,1,55+,Prepaid_Monthly,Mid_Range,4G,2026-04-14
SUB1163944,0.19,2.85,0.21,0.03,33.09,0,1,18-24,Postpaid_Basic,Mid_Range,3G,2026-04-17
SUB4022345,1.5,1.19,1.41,0.01,45.79,0,0,18-24,Postpaid_Premium,Mid_Range,4G,2026-03-25
SUB3969852,0.32,0.6,0.19,0.12,23.16,0,1,25-34,Prepaid_Monthly,Basic_Phone,4G,2026-04-13
SUB8950630,0.84,0.55,0.32,0.51,61.13,0,0,18-24,Prepaid_Monthly,5G_Device,3G,2026-04-12
SUB6724827,5.38,0.27,0.7,0.23,105.36,1,0,25-34,Prepaid_Monthly,5G_Device,4G,2026-03-23
SUB7800541,2.21,0.85,0.43,0.59,126.24,0,0,35-44,Postpaid_Premium,5G_Device,5G,2026-03-28
SUB5756004,1.68,1.47,0.21,0.02,21.16,0,0,25-34,Prepaid_Monthly,Mid_Range,3G,2026-03-22
SUB2358454,1.57,5.01,3.42,2.22,119.72,1,0,25-34,Postpaid_Unlimited,Premium_Smartphone,4G,2026-04-08
SUB8689969,0.3,1.25,1.1,0.02,37.23,0,0,25-34,Prepaid_Daily,Premium_Smartphone,3G,2026-03-19
SUB4871018,0.36,3.64,0.17,0.05,13.49,0,0,18-24,Postpaid_Premium,Basic_Phone,5G,2026-04-16
SUB7412083,2.28,2.35,1.08,0.03,149.5,0,1,25-34,Postpaid_Basic,5G_Device,5G,2026-04-13
SUB8875639,0.46,0.66,0.11,1.02,54.9,0,1,35-44,Prepaid_Monthly,Tablet,3G,2026-04-05
SUB6010281,0.26,0.98,0.37,0.69,100.94,0,0,18-24,Postpaid_Premium,Premium_Smartphone,4G+,2026-03-26
SUB8698812,0.71,1.1,0.01,0.02,66.29,0,1,55+,Prepaid_Monthly,Mid_Range,4G+,2026-04-13
SUB7807643,0.97,6.0,0.78,0.07,131.53,1,0,25-34,Postpaid_Premium,Premium_Smartphone,4G,2026-03-24
SUB6210558,0.38,0.05,0.01,0.01,31.27,1,0,55+,Postpaid_Premium,Mid_Range,3G,2026-04-08
SUB6959996,1.22,0.6,0.4,0.05,38.17,0,0,18-24,Prepaid_Daily,Mid_Range,3G,2026-03-23
SUB3389911,0.29,1.41,0.3,0.39,132.98,0,0,45-54,Postpaid_Premium,Premium_Smartphone,5G,2026-03-27
SUB9140210,1.05,0.87,0.27,1.03,48.26,0,1,35-44,Postpaid_Premium,Mid_Range,4G,2026-04-06
SUB2726681,1.11,1.78,0.08,0.06,36.72,1,0,45-54,Postpaid_Premium,Mid_Range,3G,2026-04-01
SUB7554845,0.74,0.17,0.05,0.3,35.31,1,1,35-44,Prepaid_Monthly,Basic_Phone,4G+,2026-04-08
SUB1117408,0.55,0.33,0.13,0.52,95.19,1,0,55+,Prepaid_Daily,Premium_Smartphone,4G,2026-04-03
SUB1636431,0.84,0.12,1.06,1.65,82.07,0,0,35-44,Prepaid_Monthly,Tablet,5G,2026-03-23
SUB4435504,2.0,1.99,0.05,0.75,130.92,1,0,45-54,Postpaid_Unlimited,Premium_Smartphone,5G,2026-03-21
SUB2236541,0.2,2.24,0.55,0.14,75.09,1,0,45-54,Postpaid_Unlimited,Mid_Range,5G,2026-04-11
SUB3036721,1.67,0.97,0.16,0.13,83.82,1,0,35-44,Postpaid_Basic,Premium_Smartphone,3G,2026-04-12
SUB7087494,0.91,0.33,0.1,0.05,59.14,0,0,25-34,Prepaid_Monthly,Premium_Smartphone,4G,2026-03-23
SUB7163185,0.36,1.77,1.36,2.14,174.99,1,1,25-34,Postpaid_Premium,5G_Device,5G,2026-03-27
SUB9706406,3.13,0.6,0.03,0.95,93.48,0,1,45-54,Postpaid_Premium,Premium_Smartphone,3G,2026-03-27
SUB9879391,0.29,1.66,0.11,0.62,56.49,0,0,25-34,Postpaid_Premium,Mid_Range,4G,2026-04-15
SUB6036117,0.14,0.82,0.3,0.56,38.43,0,0,35-44,Prepaid_Daily,Mid_Range,4G,2026-04-16
SUB2107177,0.71,0.92,0.28,0.15,108.36,1,0,18-24,Prepaid_Daily,5G_Device,4G+,2026-04-06
SUB6408520,0.26,0.38,0.2,0.07,73.89,0,0,25-34,Prepaid_Monthly,Mid_Range,4G+,2026-04-05
SUB5659014,0.91,1.85,0.83,0.17,113.13,1,0,35-44,Prepaid_Daily,Premium_Smartphone,5G,2026-04-03
SUB9070024,2.78,1.46,0.09,1.43,77.0,0,0,35-44,Postpaid_Premium,Mid_Range,4G+,2026-04-02
SUB6512460,2.0,0.64,1.31,0.2,58.06,0,0,25-34,Postpaid_Basic,Premium_Smartphone,4G,2026-04-03
SUB4494585,0.3,1.21,0.24,0.19,24.6,0,0,18-24,Postpaid_Premium,Basic_Phone,4G,2026-03-27
SUB2992834,0.14,0.13,0.14,0.04,47.2,0,0,25-34,Prepaid_Daily,Mid_Range,4G,2026-03-19
SUB6306175,0.17,3.37,0.23,2.49,82.83,0,1,35-44,Postpaid_Basic,Mid_Range,5G,2026-04-01
SUB6648734,0.08,3.23,1.52,0.24,74.05,0,0,18-24,Postpaid_Basic,Premium_Smartphone,4G+,2026-04-12
SUB6194914,0.48,1.11,0.42,0.04,50.36,0,1,35-44,Prepaid_Monthly,Mid_Range,4G,2026-03-28
SUB5716302,0.78,1.99,0.86,0.05,95.34,0,0,35-44,Postpaid_Basic,Premium_Smartphone,4G,2026-04-15
SUB3473055,0.09,0.39,0.06,0.18,65.3,1,0,55+,Postpaid_Basic,Mid_Range,5G,2026-04-09
SUB2327877,8.0,6.0,0.12,0.27,109.78,0,1,18-24,Postpaid_Unlimited,Premium_Smartphone,5G,2026-03-31
SUB8516669,0.68,0.97,0.52,0.78,63.48,0,0,18-24,Prepaid_Daily,Premium_Smartphone,4G,2026-04-08
SUB8016812,2.18,4.38,0.82,3.82,125.57,0,0,25-34,Postpaid_Premium,Premium_Smartphone,4G+,2026-04-11
SUB3687328,0.53,2.32,0.04,0.17,21.97,0,0,25-34,Postpaid_Unlimited,Mid_Range,3G,2026-04-05
SUB7478623,2.42,1.68,0.97,0.04,37.29,0,0,18-24,Postpaid_Premium,5G_Device,3G,2026-03-29
SUB2899955,0.68,0.6,0.03,0.57,23.03,0,0,45-54,Postpaid_Premium,Mid_Range,4G,2026-03-19
SUB5198811,0.17,4.38,0.1,1.77,81.07,1,0,25-34,Prepaid_Monthly,Mid_Range,5G,2026-03-25
SUB7132446,8.0,6.0,0.53,0.34,169.33,0,1,25-34,Postpaid_Basic,Premium_Smartphone,4G+,2026-04-03
SUB1672225,3.09,3.71,2.73,1.52,95.18,0,0,25-34,Postpaid_Premium,Premium_Smartphone,4G+,2026-04-11
SUB4510463,1.82,0.38,1.32,0.11,84.29,0,0,45-54,Postpaid_Basic,Premium_Smartphone,5G,2026-04-05
SUB4070610,2.62,3.45,0.81,1.28,66.83,0,0,18-24,Prepaid_Monthly,5G_Device,4G,2026-04-06
SUB9786301,8.0,6.0,3.07,0.79,116.17,1,1,18-24,Postpaid_Unlimited,Premium_Smartphone,4G,2026-03-25
SUB4732238,1.63,3.64,1.92,1.31,141.51,0,1,18-24,Postpaid_Basic,5G_Device,4G+,2026-03-19
SUB2972613,1.56,0.67,0.27,0.37,129.58,0,1,35-44,Postpaid_Unlimited,Premium_Smartphone,4G,2026-04-17
SUB9306931,0.49,0.18,0.1,0.16,24.74,1,0,45-54,Postpaid_Basic,Basic_Phone,4G,2026-04-10
SUB4335705,3.67,0.36,0.55,0.47,139.13,0,0,25-34,Postpaid_Premium,5G_Device,5G,2026-03-30
SUB6412049,2.06,0.19,0.99,0.64,51.7,1,0,18-24,Postpaid_Premium,5G_Device,3G,2026-03-31
SUB2344091,2.04,0.99,0.14,0.11,6.31,0,0,18-24,Postpaid_Premium,Basic_Phone,4G,2026-03-28
SUB1404470,0.06,0.99,0.23,0.23,54.39,0,0,35-44,Prepaid_Daily,Mid_Range,4G,2026-03-29
SUB5329394,4.18,3.03,0.09,1.5,87.39,0,1,18-24,Prepaid_Daily,Premium_Smartphone,4G+,2026-04-04
SUB1791624,0.19,0.36,0.26,0.01,40.06,1,0,45-54,Postpaid_Basic,Basic_Phone,4G+,2026-03-20
SUB8079903,0.71,1.22,0.67,0.13,50.11,1,0,18-24,Postpaid_Unlimited,Mid_Range,4G,2026-04-01
SUB6088890,0.68,2.12,0.34,0.0,79.91,0,0,18-24,Postpaid_Basic,Tablet,4G+,2026-04-15
SUB2601207,0.58,0.29,0.54,0.27,44.17,1,0,18-24,Prepaid_Monthly,Mid_Range,3G,2026-04-13
SUB6248709,0.39,0.77,0.04,0.1,83.52,0,0,45-54,Prepaid_Monthly,Mid_Range,5G,2026-03-19
SUB3995035,0.75,1.77,0.01,0.09,67.19,0,0,35-44,Postpaid_Basic,Premium_Smartphone,4G,2026-03-19
SUB7203690,0.08,0.1,0.56,0.02,44.22,1,0,55+,Postpaid_Basic,Basic_Phone,5G,2026-03-20
SUB1484427,3.26,6.0,2.09,0.78,61.71,0,0,25-34,Postpaid_Unlimited,5G_Device,4G+,2026-04-10
SUB4958905,0.87,0.34,0.11,0.01,30.8,0,0,18-24,Postpaid_Basic,Mid_Range,3G,2026-03-31
SUB5083372,1.5,2.2,0.2,0.66,121.66,1,0,35-44,Prepaid_Monthly,Premium_Smartphone,4G+,2026-03-21
SUB2109229,1.01,2.43,0.27,0.08,30.48,1,0,25-34,Postpaid_Basic,Mid_Range,3G,2026-03-29
SUB4893623,1.04,3.65,0.68,0.33,150.6,1,0,35-44,Postpaid_Premium,Premium_Smartphone,5G,2026-04-02
SUB7191081,4.83,3.0,1.23,1.53,79.37,1,1,25-34,Postpaid_Basic,Premium_Smartphone,3G,2026-04-08
SUB3089884,0.54,1.07,2.69,0.21,111.44,0,0,18-24,Prepaid_Monthly,5G_Device,4G+,2026-04-08
SUB5204099,2.95,6.0,0.3,0.93,50.65,1,0,18-24,Prepaid_Monthly,Mid_Range,4G,2026-04-15
SUB9309740,0.97,0.92,1.4,1.86,71.58,1,0,35-44,Postpaid_Premium,5G_Device,4G,2026-04-01
SUB8273820,0.46,0.76,1.02,0.27,126.4,0,0,25-34,Prepaid_Daily,Premium_Smartphone,4G+,2026-04-06
SUB5821699,1.99,3.19,0.45,0.65,83.24,0,0,45-54,Prepaid_Monthly,5G_Device,5G,2026-03-25
SUB7605129,0.53,0.64,0.32,2.17,96.62,0,1,25-34,Prepaid_Daily,Mid_Range,5G,2026-03-23
SUB7172056,0.82,2.51,0.24,5.3,136.54,0,1,45-54,Postpaid_Unlimited,Premium_Smartphone,5G,2026-04-06
SUB2496030,0.36,0.31,0.05,0.41,41.28,1,0,25-34,Prepaid_Daily,Mid_Range,4G,2026-03-24
SUB1011009,0.83,0.68,0.06,0.23,18.38,0,1,18-24,Postpaid_Premium,Basic_Phone,4G+,2026-03-23
SUB5372472,0.72,0.99,0.03,0.07,121.55,0,0,55+,Postpaid_Basic,Premium_Smartphone,5G,2026-04-17
SUB2723480,3.32,3.24,0.04,0.12,107.81,0,1,25-34,Postpaid_Basic,5G_Device,4G,2026-04-10
SUB9313264,6.99,6.0,3.96,1.38,169.88,1,1,35-44,Postpaid_Premium,Premium_Smartphone,5G,2026-04-07
SUB4699397,1.61,0.89,1.22,1.58,54.5,0,1,35-44,Prepaid_Monthly,Mid_Range,4G+,2026-03-30
SUB2991367,0.64,1.14,0.28,0.38,67.37,0,0,25-34,Prepaid_Monthly,Mid_Range,4G+,2026-04-07
SUB6569634,0.08,0.63,0.01,0.49,31.79,0,0,35-44,Prepaid_Monthly,Mid_Range,3G,2026-03-24
SUB9718936,3.89,2.71,0.14,0.24,112.09,1,0,45-54,Postpaid_Basic,Tablet,5G,2026-04-12
SUB5409013,2.84,1.4,0.21,2.56,78.22,1,0,25-34,Postpaid_Unlimited,Mid_Range,4G+,2026-04-11
SUB3708668,0.22,1.39,0.02,1.3,55.33,0,0,35-44,Postpaid_Unlimited,Mid_Range,4G,2026-04-16
SUB6053679,0.61,1.45,0.16,1.54,101.19,0,1,45-54,Postpaid_Premium,Mid_Range,4G+,2026-04-05
SUB2000294,4.76,3.28,1.04,0.84,44.66,1,0,18-24,Postpaid_Unlimited,Mid_Range,4G,2026-03-24
SUB6658307,3.42,3.77,0.79,0.04,62.27,0,1,25-34,Postpaid_Unlimited,Mid_Range,4G,2026-04-05
SUB9174244,4.81,6.0,0.46,0.28,59.1,0,0,18-24,Postpaid_Premium,Premium_Smartphone,4G,2026-04-17
SUB3285362,0.43,1.61,0.41,0.49,66.6,0,1,35-44,Prepaid_Monthly,5G_Device,3G,2026-03-19
SUB3842894,0.11,1.06,0.12,0.86,111.38,1,0,45-54,Postpaid_Basic,5G_Device,4G,2026-04-02
SUB9565873,4.72,1.79,0.64,0.17,105.18,0,0,35-44,Postpaid_Unlimited,5G_Device,5G,2026-04-10
SUB8860791,0.67,3.17,1.52,0.21,101.85,0,0,18-24,Postpaid_Premium,5G_Device,4G,2026-04-08
SUB4036773,4.84,1.33,1.37,0.67,111.51,1,1,25-34,Postpaid_Premium,Mid_Range,5G,2026-03-21
SUB5384432,0.01,0.29,0.03,0.0,28.55,0,0,45-54,Prepaid_Daily,Basic_Phone,4G,2026-04-03
SUB2690792,0.34,2.19,0.24,0.69,79.14,1,0,25-34,Prepaid_Daily,Mid_Range,4G+,2026-03-21
SUB2631570,0.61,2.0,0.23,0.12,94.73,1,0,45-54,Prepaid_Monthly,Premium_Smartphone,4G+,2026-04-04
SUB5773598,0.04,0.81,0.38,0.65,97.51,0,1,45-54,Prepaid_Daily,Premium_Smartphone,4G,2026-03-23
SUB2660102,0.3,4.06,4.0,0.5,92.39,0,0,18-24,Postpaid_Unlimited,Premium_Smartphone,5G,2026-03-31
SUB2511710,0.13,1.82,0.97,0.4,82.47,0,1,18-24,Prepaid_Monthly,Mid_Range,4G+,2026-04-05
SUB8276281,1.89,0.38,0.02,0.84,53.02,0,0,25-34,Postpaid_Basic,Mid_Range,5G,2026-04-02
SUB1816609,1.96,0.33,0.23,0.08,53.71,0,0,35-44,Prepaid_Daily,Premium_Smartphone,4G,2026-03-29
SUB5584470,0.2,0.15,0.04,0.03,16.27,0,0,45-54,Prepaid_Daily,Basic_Phone,4G,2026-04-15
SUB7807087,1.62,1.26,0.75,0.89,114.69,0,0,35-44,Prepaid_Monthly,5G_Device,4G+,2026-04-03
SUB5062316,2.32,2.77,0.46,0.54,72.3,1,0,25-34,Postpaid_Unlimited,5G_Device,4G,2026-04-07
SUB6587239,0.51,1.97,0.35,0.09,47.84,0,1,18-24,Postpaid_Premium,Mid_Range,4G,2026-04-15
SUB2655464,2.16,1.59,0.42,0.43,92.42,0,1,45-54,Postpaid_Premium,Premium_Smartphone,4G,2026-03-28
SUB9377114,3.12,1.19,0.19,4.9,111.66,1,0,18-24,Postpaid_Unlimited,Premium_Smartphone,4G,2026-04-03
SUB9356164,0.67,0.51,0.31,0.13,124.41,1,1,35-44,Postpaid_Unlimited,Mid_Range,5G,2026-04-03
SUB1878835,0.12,0.32,0.21,0.03,17.49,0,0,18-24,Postpaid_Basic,Basic_Phone,5G,2026-04-01
SUB8556142,0.98,1.53,0.35,0.03,57.91,0,1,18-24,Prepaid_Monthly,Mid_Range,4G,2026-04-06
SUB4277560,3.43,1.22,0.42,0.41,50.13,0,0,25-34,Prepaid_Monthly,Premium_Smartphone,3G,2026-04-05
SUB4169870,0.14,0.13,0.47,0.05,17.79,1,0,25-34,Prepaid_Daily,Basic_Phone,4G,2026-03-31
SUB6088268,0.35,0.71,0.22,0.32,85.52,0,0,35-44,Prepaid_Monthly,5G_Device,4G,2026-03-30
SUB8279995,1.26,3.2,0.68,0.21,126.99,1,0,18-24,Prepaid_Monthly,Tablet,5G,2026-03-24
SUB7422892,0.08,0.16,0.01,0.07,21.04,0,0,55+,Prepaid_Daily,Basic_Phone,4G,2026-03-29
SUB3379093,0.28,4.45,0.01,0.87,66.52,0,0,35-44,Postpaid_Unlimited,Mid_Range,4G,2026-03-20
SUB6480283,0.84,3.23,0.82,0.07,120.52,0,0,25-34,Postpaid_Premium,Premium_Smartphone,5G,2026-04-04
SUB3760451,1.4,1.55,2.92,2.07,130.21,1,1,25-34,Prepaid_Monthly,5G_Device,4G+,2026-04-06
SUB7369553,2.87,0.51,0.03,0.14,57.7,1,0,35-44,Postpaid_Premium,Mid_Range,4G,2026-04-10
SUB7432975,0.05,5.44,0.07,0.78,115.58,0,1,18-24,Postpaid_Premium,Premium_Smartphone,4G,2026-03-19
SUB5241244,0.04,0.02,0.33,0.18,90.98,1,1,55+,Prepaid_Monthly,5G_Device,4G,2026-04-16
SUB4904840,1.87,0.27,0.05,0.1,27.61,0,0,35-44,Postpaid_Premium,Mid_Range,3G,2026-04-07
SUB4820730,0.4,0.73,0.1,0.63,35.54,0,0,18-24,Prepaid_Monthly,Basic_Phone,4G+,2026-03-25
SUB3848411,0.11,0.39,0.04,0.04,47.43,1,0,35-44,Prepaid_Daily,Tablet,3G,2026-04-01
SUB4344443,0.48,1.35,0.75,0.0,48.69,0,0,25-34,Postpaid_Basic,Mid_Range,4G,2026-03-30
SUB3444149,0.26,0.33,0.05,0.13,26.25,0,0,18-24,Prepaid_Monthly,Basic_Phone,4G,2026-04-06
SUB7930358,0.08,0.19,0.09,0.01,40.83,0,0,55+,Prepaid_Daily,Mid_Range,4G+,2026-03-25
SUB3214669,1.34,2.62,0.16,0.76,62.49,0,0,18-24,Postpaid_Basic,Mid_Range,5G,2026-04-08
SUB8496121,3.95,2.17,0.4,0.02,111.02,0,1,35-44,Postpaid_Unlimited,Tablet,4G,2026-04-05
SUB2954702,0.94,0.44,0.36,6.0,145.85,1,1,55+,Postpaid_Premium,Mid_Range,5G,2026-03-20
SUB3933361,8.0,6.0,0.49,0.06,86.87,0,0,18-24,Postpaid_Premium,5G_Device,4G,2026-04-09
SUB1421655,2.38,2.32,0.92,0.69,60.24,0,1,25-34,Postpaid_Premium,Mid_Range,4G+,2026-04-16
SUB6323940,1.65,1.16,0.1,0.11,50.31,1,0,18-24,Postpaid_Premium,Mid_Range,3G,2026-04-09
SUB1799717,1.79,0.29,0.37,0.19,63.03,0,0,18-24,Prepaid_Daily,Premium_Smartphone,3G,2026-03-29
SUB6647069,3.28,0.73,0.24,0.79,110.44,0,0,18-24,Postpaid_Unlimited,5G_Device,4G+,2026-04-13
SUB3482266,1.21,0.98,0.55,1.33,55.54,0,0,45-54,Postpaid_Premium,Mid_Range,4G+,2026-04-09
SUB1921806,0.27,0.97,0.15,0.36,55.41,0,0,45-54,Prepaid_Monthly,Premium_Smartphone,4G,2026-04-03
SUB5965440,0.27,0.48,0.02,0.52,13.6,0,0,35-44,Postpaid_Basic,Basic_Phone,4G,2026-03-21
SUB8873692,7.38,2.03,0.48,0.82,134.34,0,1,25-34,Postpaid_Basic,5G_Device,4G+,2026-03-26
SUB2193728,0.39,0.71,0.1,0.27,118.5,0,0,45-54,Prepaid_Daily,5G_Device,4G+,2026-04-17
SUB6061354,2.33,1.15,0.7,0.07,121.26,0,0,25-34,Prepaid_Monthly,Premium_Smartphone,4G+,2026-04-07
SUB7911957,1.9,0.8,0.5,0.02,131.86,1,0,25-34,Prepaid_Daily,Premium_Smartphone,4G,2026-04-16
SUB2504329,0.35,0.79,0.6,1.18,53.65,1,0,25-34,Postpaid_Unlimited,Basic_Phone,5G,2026-03-25
SUB2777850,0.23,0.16,0.02,0.03,10.92,0,0,18-24,Prepaid_Daily,Basic_Phone,3G,2026-03-19
SUB7686269,0.59,0.27,0.08,0.34,34.12,0,0,55+,Prepaid_Monthly,Mid_Range,4G,2026-03-21
SUB1535888,0.07,0.21,0.37,0.02,62.1,1,0,35-44,Prepaid_Daily,Mid_Range,4G,2026-03-23
SUB8157303,1.35,0.42,0.45,0.18,58.88,1,0,35-44,Postpaid_Premium,5G_Device,3G,2026-04-11
SUB4918446,5.45,2.3,0.1,0.08,73.44,0,1,35-44,Postpaid_Unlimited,Mid_Range,5G,2026-04-13
SUB7971631,0.39,0.32,0.24,0.02,23.24,0,1,35-44,Postpaid_Basic,Basic_Phone,3G,2026-04-02
SUB3202888,0.64,0.72,1.12,0.01,54.03,0,0,18-24,Prepaid_Daily,5G_Device,3G,2026-03-30
SUB7703562,3.91,2.43,0.1,0.68,44.53,0,1,25-34,Postpaid_Basic,Tablet,3G,2026-04-09
SUB3552192,2.54,1.46,0.5,1.54,157.58,0,1,45-54,Postpaid_Premium,Premium_Smartphone,4G+,2026-04-03
SUB9524405,1.4,2.67,0.12,1.36,48.31,0,0,18-24,Postpaid_Premium,Premium_Smartphone,3G,2026-03-25
SUB2724620,0.05,0.05,0.08,0.01,13.61,0,1,55+,Postpaid_Premium,Basic_Phone,4G,2026-04-15
SUB6169719,2.57,0.73,0.02,1.09,67.33,0,1,25-34,Prepaid_Monthly,Mid_Range,5G,2026-04-03
SUB5830165,0.25,1.06,0.47,0.17,54.02,0,0,25-34,Prepaid_Daily,Mid_Range,5G,2026-04-08
SUB7566692,0.76,1.64,0.78,0.13,107.24,1,0,25-34,Prepaid_Daily,Tablet,5G,2026-04-14
SUB1358062,0.21,4.35,0.25,1.81,116.49,1,0,45-54,Postpaid_Unlimited,Premium_Smartphone,4G+,2026-04-02
SUB8248730,0.16,1.99,0.1,0.76,69.13,0,0,25-34,Postpaid_Basic,5G_Device,4G,2026-03-26
SUB3077645,0.95,2.07,1.07,0.03,42.38,0,1,35-44,Postpaid_Premium,Mid_Range,4G,2026-04-10
SUB2401471,2.36,2.33,0.13,0.09,92.26,0,1,25-34,Postpaid_Unlimited,Mid_Range,5G,2026-03-25
SUB5779897,5.64,6.0,0.79,2.25,93.24,0,0,35-44,Postpaid_Unlimited,Mid_Range,5G,2026-04-11
SUB2716548,0.28,1.13,0.49,3.65,68.78,1,0,18-24,Prepaid_Monthly,5G_Device,4G,2026-04-13
SUB5952505,2.8,0.43,0.05,0.69,77.79,1,0,18-24,Prepaid_Daily,Mid_Range,4G,2026-04-02
SUB5100321,1.45,6.0,1.53,1.4,71.54,0,1,18-24,Postpaid_Unlimited,Mid_Range,4G+,2026-03-29
SUB3097711,2.82,0.67,1.66,0.02,41.61,0,1,25-34,Postpaid_Unlimited,Basic_Phone,4G+,2026-03-23
SUB7095561,1.46,2.48,1.86,0.13,125.77,1,0,25-34,Postpaid_Basic,Premium_Smartphone,4G,2026-04-05
SUB1037361,2.51,1.87,0.01,0.73,108.89,1,0,35-44,Postpaid_Unlimited,Premium_Smartphone,4G,2026-03-30
SUB3898845,8.0,0.39,0.26,1.76,86.0,0,0,25-34,Prepaid_Monthly,Premium_Smartphone,5G,2026-04-05
SUB9146836,0.56,0.28,0.16,0.44,56.54,0,0,18-24,Prepaid_Daily,Mid_Range,4G,2026-04-07
SUB4463227,6.99,0.78,0.16,0.2,71.42,0,1,18-24,Postpaid_Basic,Premium_Smartphone,4G,2026-03-29
SUB9093068,5.47,1.94,0.54,0.02,118.83,1,0,18-24,Postpaid_Premium,Premium_Smartphone,4G,2026-04-01
SUB3457856,2.79,0.54,0.12,0.24,33.68,0,0,25-34,Postpaid_Premium,Tablet,3G,2026-03-22
SUB2761856,0.17,0.54,0.04,0.25,19.06,1,0,18-24,Postpaid_Basic,Basic_Phone,4G+,2026-04-09
SUB3341102,1.19,2.22,1.04,0.1,104.7,0,0,25-34,Prepaid_Daily,5G_Device,5G,2026-04-13
SUB1000037,0.18,0.69,0.08,0.24,58.76,0,0,25-34,Prepaid_Monthly,Premium_Smartphone,4G,2026-04-14
SUB7251936,0.69,1.43,0.26,0.45,58.77,0,0,35-44,Postpaid_Unlimited,Mid_Range,4G,2026-04-02
SUB1653668,2.21,2.25,0.52,0.64,200.0,1,1,35-44,Prepaid_Daily,Premium_Smartphone,5G,2026-03-20
SUB4404158,1.44,1.99,1.31,0.44,86.76,0,0,25-34,Postpaid_Premium,Premium_Smartphone,4G,2026-03-23
SUB3656040,0.24,0.37,0.17,1.97,92.79,0,0,18-24,Postpaid_Premium,Mid_Range,5G,2026-04-13
SUB1703645,6.46,4.48,0.01,1.92,73.3,0,1,25-34,Postpaid_Premium,Premium_Smartphone,4G,2026-03-26
SUB5911672,7.89,5.0,0.98,1.78,118.27,1,0,18-24,Postpaid_Unlimited,Premium_Smartphone,4G,2026-04-16
SUB9215984,0.25,2.21,2.13,1.77,89.14,0,1,18-24,Prepaid_Monthly,Premium_Smartphone,4G,2026-04-07
SUB9131631,0.78,0.37,1.19,0.09,121.71,0,0,45-54,Postpaid_Premium,Premium_Smartphone,5G,2026-03-21
SUB3621872,0.72,2.77,2.63,2.75,130.56,1,0,18-24,Prepaid_Daily,Premium_Smartphone,5G,2026-03-27
SUB1593975,0.14,0.76,0.14,0.6,54.26,0,0,55+,Prepaid_Monthly,Mid_Range,4G,2026-04-16
SUB6052683,0.03,1.02,0.12,0.06,31.19,0,0,18-24,Postpaid_Basic,Basic_Phone,4G,2026-04-13
SUB4983063,0.49,0.55,0.41,0.17,111.4,0,0,45-54,Prepaid_Monthly,Premium_Smartphone,4G,2026-04-17
SUB3282373,3.32,3.39,0.18,0.14,58.62,0,0,35-44,Postpaid_Unlimited,Mid_Range,4G,2026-03-25
SUB3840152,0.39,3.53,0.19,1.68,30.87,1,0,25-34,Postpaid_Premium,Basic_Phone,5G,2026-03-29
SUB8527872,1.51,1.97,0.99,0.15,42.18,1,0,25-34,Prepaid_Monthly,Mid_Range,4G,2026-04-15
SUB3550552,0.03,0.1,0.09,0.0,19.5,0,0,35-44,Prepaid_Daily,Basic_Phone,3G,2026-04-15
SUB3392735,0.8,0.89,0.04,0.4,64.28,0,0,45-54,Prepaid_Monthly,Premium_Smartphone,4G,2026-04-01
SUB8504361,1.4,1.33,0.08,0.02,62.24,0,0,25-34,Postpaid_Basic,Premium_Smartphone,3G,2026-03-20
SUB8314153,0.45,6.0,4.0,0.21,138.71,0,1,18-24,Postpaid_Premium,5G_Device,4G+,2026-04-13
SUB6418626,0.39,1.34,1.36,0.01,75.93,1,0,25-34,Postpaid_Basic,Mid_Range,5G,2026-03-30
SUB4622546,1.41,2.55,0.07,0.09,59.26,0,0,18-24,Prepaid_Daily,Mid_Range,4G,2026-04-02
SUB6996522,0.48,0.92,0.01,0.06,79.2,0,0,55+,Prepaid_Monthly,Premium_Smartphone,4G,2026-04-02
SUB4606940,0.41,0.69,0.12,0.77,125.44,1,1,35-44,Prepaid_Monthly,Tablet,5G,2026-03-29
SUB6935537,1.52,5.04,4.0,1.01,100.13,0,0,18-24,Postpaid_Basic,5G_Device,4G+,2026-03-21
SUB4600200,0.31,0.7,0.28,0.39,101.63,0,1,25-34,Prepaid_Monthly,Premium_Smartphone,4G+,2026-03-27
SUB1559031,0.17,1.96,0.15,0.26,66.02,0,0,18-24,Prepaid_Monthly,Premium_Smartphone,3G,2026-03-31
SUB7491280,0.21,0.57,0.32,0.16,49.5,0,0,45-54,Prepaid_Monthly,Premium_Smartphone,3G,2026-04-02
SUB3701243,0.09,0.3,0.0,0.18,46.94,0,0,55+,Postpaid_Basic,Mid_Range,4G,2026-04-03
SUB6444003,2.68,0.48,0.28,0.04,79.03,0,0,18-24,Postpaid_Basic,Premium_Smartphone,4G,2026-04-17
SUB5435728,0.61,1.42,0.32,0.29,53.46,0,1,25-34,Postpaid_Premium,Mid_Range,4G,2026-04-08
SUB9594992,0.36,0.48,0.04,0.4,49.99,0,0,55+,Postpaid_Premium,Mid_Range,4G+,2026-04-15
SUB7542155,2.53,3.18,0.34,2.98,112.69,0,0,18-24,Postpaid_Premium,Premium_Smartphone,5G,2026-04-13
SUB8165371,3.28,4.07,1.25,6.0,125.6,1,0,25-34,Prepaid_Daily,5G_Device,5G,2026-04-08
SUB5135554,0.74,0.82,0.04,0.13,58.41,0,0,25-34,Prepaid_Daily,Mid_Range,4G,2026-04-08
SUB3988088,4.82,1.68,0.12,0.03,108.94,0,1,18-24,Postpaid_Basic,Premium_Smartphone,4G,2026-04-04
SUB1979907,3.65,0.65,0.24,0.11,73.74,0,0,18-24,Prepaid_Daily,Mid_Range,5G,2026-04-07
SUB1213968,0.1,0.09,0.1,0.06,41.95,0,0,55+,Prepaid_Monthly,Mid_Range,5G,2026-04-04
SUB9683565,0.57,0.59,2.08,0.02,169.86,1,0,35-44,Prepaid_Daily,Premium_Smartphone,4G+,2026-03-26
SUB2901737,0.63,3.0,0.46,0.8,121.16,0,0,25-34,Prepaid_Daily,5G_Device,5G,2026-04-06
SUB5985248,0.17,0.43,0.26,0.1,75.73,0,1,25-34,Prepaid_Daily,Mid_Range,4G,2026-04-12
SUB7409363,4.91,3.46,0.02,0.25,82.84,0,0,35-44,Postpaid_Premium,5G_Device,5G,2026-03-24
SUB3302743,0.36,0.67,0.38,1.34,28.45,1,0,25-34,Prepaid_Monthly,Mid_Range,3G,2026-03-27
SUB5588156,0.74,0.83,0.33,0.34,118.77,0,0,18-24,Prepaid_Daily,5G_Device,5G,2026-04-02
SUB1985461,4.68,3.81,2.04,2.0,126.65,1,1,18-24,Prepaid_Monthly,5G_Device,4G+,2026-04-05
SUB6831759,0.47,6.0,0.08,0.08,143.49,0,0,35-44,Postpaid_Premium,5G_Device,5G,2026-04-12
SUB6710912,0.56,2.72,2.45,0.08,95.52,1,1,18-24,Postpaid_Premium,Tablet,3G,2026-04-16
SUB2806423,1.35,0.43,0.47,0.13,46.51,0,0,18-24,Prepaid_Daily,Mid_Range,5G,2026-04-03
SUB2950408,0.3,2.53,1.12,0.17,54.34,0,1,25-34,Postpaid_Premium,Mid_Range,5G,2026-03-25
SUB4594128,0.15,4.25,1.42,0.1,102.16,0,1,18-24,Prepaid_Monthly,Premium_Smartphone,4G,2026-04-05
SUB9106584,4.54,0.47,0.0,0.13,100.04,0,0,55+,Postpaid_Premium,Premium_Smartphone,5G,2026-04-02
SUB2406427,4.09,4.69,1.09,1.53,90.83,0,1,35-44,Postpaid_Premium,5G_Device,4G,2026-03-29
SUB4489550,0.48,0.42,0.17,0.11,20.53,0,0,18-24,Postpaid_Premium,Basic_Phone,4G,2026-03-27
SUB7889053,0.18,0.61,1.17,1.06,85.9,0,0,18-24,Postpaid_Premium,Premium_Smartphone,5G,2026-04-14
SUB4895090,1.27,6.0,0.15,0.0,112.03,1,0,35-44,Prepaid_Daily,Premium_Smartphone,5G,2026-03-27
SUB3765013,0.31,0.59,0.08,1.44,22.03,0,0,25-34,Postpaid_Basic,Basic_Phone,4G+,2026-04-02
SUB7162492,1.98,0.88,0.44,0.07,50.37,0,1,45-54,Prepaid_Daily,Premium_Smartphone,3G,2026-04-08
SUB9424990,1.47,6.0,0.19,0.31,51.37,1,1,25-34,Postpaid_Unlimited,Mid_Range,4G,2026-04-13
SUB8038170,3.1,1.04,0.71,0.49,90.62,1,0,25-34,Prepaid_Monthly,5G_Device,4G,2026-04-02
SUB1862219,0.11,0.15,0.16,0.13,38.31,0,1,55+,Prepaid_Monthly,Basic_Phone,4G+,2026-04-15
SUB9334750,0.71,6.0,1.07,2.12,91.95,1,0,25-34,Prepaid_Daily,Mid_Range,4G+,2026-03-29
SUB2718303,0.5,2.02,0.57,0.6,38.25,1,0,25-34,Prepaid_Daily,Mid_Range,3G,2026-03-26
SUB4801082,0.11,0.53,0.07,0.08,19.34,1,0,35-44,Postpaid_Basic,Basic_Phone,4G,2026-03-20
SUB4346668,0.56,1.03,0.07,0.39,57.09,1,0,45-54,Postpaid_Basic,Premium_Smartphone,3G,2026-04-15
SUB7696674,3.64,2.26,0.62,2.12,167.91,0,1,35-44,Prepaid_Monthly,5G_Device,5G,2026-04-09
SUB4205677,4.45,0.37,0.01,1.43,99.45,0,1,35-44,Prepaid_Daily,Premium_Smartphone,4G,2026-03-25
SUB3506068,0.14,0.22,1.13,0.48,71.08,0,1,25-34,Postpaid_Premium,Mid_Range,4G,2026-04-12
SUB1483075,0.63,1.16,0.26,0.01,45.36,0,0,25-34,Prepaid_Daily,Mid_Range,4G,2026-04-10
SUB9126198,1.28,2.21,0.26,0.16,76.8,1,0,18-24,Postpaid_Basic,Mid_Range,5G,2026-03-26
SUB9715978,1.41,0.72,0.1,0.09,63.27,0,0,35-44,Postpaid_Basic,Premium_Smartphone,4G,2026-04-15
SUB6451731,0.29,1.19,0.16,0.21,74.52,0,0,18-24,Prepaid_Monthly,Mid_Range,5G,2026-04-12
SUB8499043,0.55,0.53,4.0,0.2,78.13,0,1,18-24,Prepaid_Daily,Premium_Smartphone,4G,2026-03-20
SUB7746037,0.88,0.09,0.02,0.06,43.45,0,0,55+,Postpaid_Premium,Mid_Range,4G,2026-04-12
SUB5473214,1.33,1.85,0.87,0.04,69.55,0,0,25-34,Prepaid_Monthly,Premium_Smartphone,4G,2026-04-13
SUB4682796,0.27,0.93,0.27,0.12,110.1,1,0,18-24,Prepaid_Daily,Premium_Smartphone,4G,2026-03-22
SUB8851746,0.35,0.07,0.28,0.22,35.74,1,0,25-34,Postpaid_Basic,Basic_Phone,4G,2026-04-01
SUB8841640,0.03,0.97,0.66,0.01,89.75,0,0,25-34,Prepaid_Daily,5G_Device,4G,2026-03-23
SUB9740245,1.55,0.84,0.45,0.28,55.15,0,0,25-34,Prepaid_Monthly,Mid_Range,4G,2026-03-19
SUB9566554,0.99,1.58,0.23,1.31,91.74,0,0,18-24,Postpaid_Premium,Premium_Smartphone,4G+,2026-04-09
SUB6137956,8.0,1.29,0.01,0.04,171.16,1,1,18-24,Postpaid_Unlimited,5G_Device,4G,2026-04-12
SUB6274413,1.47,0.37,0.25,0.47,33.53,0,0,25-34,Postpaid_Basic,Mid_Range,5G,2026-04-14
SUB8724578,0.25,0.08,0.26,0.21,17.36,1,0,25-34,Prepaid_Monthly,Basic_Phone,4G,2026-03-28
SUB1864899,1.49,1.16,0.32,0.7,137.65,1,1,18-24,Prepaid_Monthly,Premium_Smartphone,4G+,2026-03-28
SUB9652111,3.58,1.68,0.73,0.01,51.66,0,0,25-34,Postpaid_Basic,Mid_Range,4G+,2026-04-17
SUB7410575,2.43,6.0,0.69,0.2,144.34,0,1,25-34,Prepaid_Monthly,Premium_Smartphone,5G,2026-03-24
SUB3318292,4.67,6.0,0.48,0.29,88.11,0,0,18-24,Prepaid_Daily,5G_Device,4G,2026-03-22
SUB3026393,1.62,1.32,0.67,0.14,109.37,1,0,45-54,Postpaid_Premium,Premium_Smartphone,4G,2026-03-27
SUB8622520,0.95,1.76,0.43,0.12,111.3,0,1,45-54,Prepaid_Monthly,Premium_Smartphone,4G,2026-04-13
SUB3379897,0.06,0.41,0.79,0.17,48.2,0,0,18-24,Prepaid_Monthly,Premium_Smartphone,3G,2026-03-24
SUB2294416,0.15,1.57,0.43,0.15,96.94,1,0,18-24,Prepaid_Daily,5G_Device,3G,2026-03-22
SUB2985196,6.21,1.3,2.7,0.45,107.11,0,1,25-34,Postpaid_Premium,Premium_Smartphone,4G,2026-04-08
SUB9052377,3.99,1.35,0.0,0.4,121.41,0,0,35-44,Prepaid_Monthly,Tablet,4G+,2026-04-07
SUB8703189,0.66,0.13,0.04,0.6,78.88,1,0,55+,Prepaid_Monthly,Premium_Smartphone,4G,2026-04-10
SUB2560121,0.52,0.31,0.14,0.04,34.3,1,0,25-34,Prepaid_Monthly,Basic_Phone,4G,2026-04-10
SUB6878263,1.26,1.72,3.68,1.79,81.08,1,0,35-44,Postpaid_Unlimited,Mid_Range,5G,2026-04-12
SUB1443035,0.28,0.96,0.6,0.05,103.44,0,0,45-54,Postpaid_Basic,5G_Device,4G,2026-03-26
SUB4099072,0.49,0.24,0.1,0.09,21.78,0,0,25-34,Prepaid_Daily,Mid_Range,3G,2026-03-25
SUB7650723,1.06,2.74,0.44,2.05,73.08,1,0,18-24,Postpaid_Premium,Premium_Smartphone,4G,2026-04-06
SUB9349092,0.08,0.94,1.32,1.38,105.75,0,0,25-34,Prepaid_Monthly,Premium_Smartphone,5G,2026-04-14
SUB6200551,4.02,1.58,0.03,0.4,150.29,1,0,18-24,Prepaid_Monthly,5G_Device,4G+,2026-04-14
SUB8747156,1.43,2.65,0.26,0.12,46.57,0,0,18-24,Postpaid_Basic,Premium_Smartphone,4G,2026-04-05
SUB5552636,2.31,3.51,1.26,0.28,121.06,0,0,45-54,Postpaid_Basic,Premium_Smartphone,4G+,2026-04-17
SUB1751240,1.04,1.93,0.1,1.57,140.85,0,1,18-24,Prepaid_Daily,5G_Device,4G+,2026-03-23
SUB5315596,5.79,2.72,0.24,0.74,67.48,0,0,18-24,Postpaid_Premium,5G_Device,4G,2026-04-08
SUB7775996,0.53,0.07,0.39,0.03,34.18,0,0,45-54,Postpaid_Basic,Mid_Range,3G,2026-03-20
SUB1995791,3.56,1.88,0.75,1.73,117.32,0,0,25-34,Postpaid_Unlimited,5G_Device,5G,2026-04-03
SUB2960299,0.18,0.72,0.08,0.06,28.32,1,0,18-24,Postpaid_Premium,Basic_Phone,4G,2026-03-24
SUB6079111,2.86,1.84,2.06,0.03,146.46,0,0,25-34,Postpaid_Unlimited,5G_Device,5G,2026-04-05
SUB8902634,0.37,0.17,0.09,0.26,46.14,1,0,18-24,Postpaid_Basic,Mid_Range,4G,2026-03-27
SUB3853501,0.39,0.93,0.01,0.05,86.47,0,0,18-24,Prepaid_Daily,Premium_Smartphone,4G,2026-04-10
SUB7282444,6.12,2.23,0.32,0.02,190.3,0,1,45-54,Postpaid_Premium,5G_Device,5G,2026-03-30
SUB6613904,0.93,1.54,0.62,2.34,93.23,0,0,18-24,Postpaid_Premium,Premium_Smartphone,5G,2026-04-13
SUB3459622,0.9,1.54,0.16,0.49,81.08,0,0,35-44,Postpaid_Unlimited,Premium_Smartphone,4G,2026-03-21
SUB2897459,0.42,1.46,0.83,0.48,73.11,0,0,18-24,Prepaid_Monthly,Mid_Range,5G,2026-03-19
SUB5240012,0.05,0.18,0.04,0.22,70.81,0,0,55+,Postpaid_Basic,5G_Device,4G,2026-03-19
SUB2215442,2.85,1.58,0.06,0.43,45.62,0,0,35-44,Postpaid_Unlimited,Mid_Range,4G+,2026-03-26
SUB6564396,0.24,0.2,0.01,0.36,35.0,0,0,55+,Postpaid_Unlimited,Mid_Range,4G,2026-04-05
SUB8903797,2.45,0.65,0.78,0.0,101.33,0,0,25-34,Prepaid_Daily,Premium_Smartphone,5G,2026-03-24
SUB3580309,0.23,1.18,0.12,0.08,117.82,0,1,45-54,Postpaid_Premium,Mid_Range,5G,2026-03-26
SUB7425148,0.65,0.79,0.01,1.91,96.91,0,0,45-54,Postpaid_Basic,Premium_Smartphone,4G,2026-04-01
SUB8049985,0.17,1.44,0.33,0.01,64.26,0,0,35-44,Prepaid_Daily,Mid_Range,4G,2026-04-04
SUB8506161,7.11,1.16,0.17,0.58,52.33,0,0,18-24,Postpaid_Unlimited,Mid_Range,4G,2026-04-15
SUB6151946,3.76,3.94,0.64,0.4,129.19,1,0,18-24,Prepaid_Monthly,Tablet,5G,2026-04-01
SUB8026206,2.09,1.84,0.16,0.25,52.61,0,0,18-24,Postpaid_Premium,5G_Device,4G,2026-03-20
SUB5247328,2.64,4.64,0.12,0.48,80.96,0,0,18-24,Postpaid_Unlimited,5G_Device,5G,2026-04-14
SUB2451469,1.89,0.84,0.3,0.26,123.41,0,1,35-44,Prepaid_Daily,5G_Device,4G,2026-04-14
SUB4300874,0.88,0.79,0.2,0.15,38.89,0,0,35-44,Postpaid_Unlimited,Mid_Range,3G,2026-04-12
SUB5736416,1.04,2.76,0.85,1.48,89.87,1,0,25-34,Postpaid_Premium,Premium_Smartphone,4G,2026-04-04
SUB5063997,2.66,3.76,2.06,1.96,70.83,0,0,25-34,Postpaid_Premium,Premium_Smartphone,4G,2026-03-27
SUB9302975,1.23,0.25,0.73,0.02,98.5,1,0,18-24,Postpaid_Basic,Mid_Range,5G,2026-03-26
SUB7126463,0.44,0.38,0.06,0.04,9.07,0,0,18-24,Prepaid_Daily,Basic_Phone,4G,2026-03-28
SUB9437534,3.41,0.42,0.26,0.26,54.75,0,0,25-34,Postpaid_Premium,Mid_Range,5G,2026-03-23
SUB6410812,0.96,1.1,0.15,0.0,38.82,0,0,35-44,Prepaid_Monthly,Mid_Range,4G,2026-03-26
SUB8152765,0.33,0.66,0.25,0.02,24.32,0,1,25-34,Prepaid_Monthly,Basic_Phone,4G,2026-03-21
SUB7107182,0.2,0.66,0.13,0.03,20.68,0,0,35-44,Prepaid_Monthly,Mid_Range,3G,2026-04-09
SUB7012621,1.0,1.22,0.02,0.55,47.24,0,0,25-34,Postpaid_Basic,5G_Device,3G,2026-04-11
SUB4751387,0.1,1.94,0.35,0.02,68.41,0,0,45-54,Postpaid_Premium,Mid_Range,5G,2026-04-15
SUB3779060,1.87,3.46,0.14,0.71,90.03,0,0,18-24,Postpaid_Premium,Premium_Smartphone,4G+,2026-03-30
SUB1483791,2.76,0.44,0.49,2.67,71.44,0,0,25-34,Postpaid_Premium,Premium_Smartphone,4G,2026-04-02
SUB3158714,1.88,6.0,1.64,0.49,97.91,1,1,18-24,Postpaid_Premium,5G_Device,4G,2026-03-19
SUB3622280,5.5,1.52,0.36,2.34,136.69,1,1,25-34,Postpaid_Premium,Premium_Smartphone,4G,2026-04-10
SUB5225872,2.06,2.19,0.19,0.28,62.28,1,0,25-34,Prepaid_Daily,Mid_Range,4G,2026-04-10
SUB9998934,1.22,0.27,0.78,0.17,46.5,1,0,35-44,Postpaid_Premium,Mid_Range,3G,2026-04-07
SUB2245749,0.87,1.25,0.22,0.29,50.69,0,0,18-24,Prepaid_Monthly,Premium_Smartphone,4G,2026-04-11
SUB3226941,0.05,0.64,0.17,0.19,14.9,1,1,18-24,Postpaid_Basic,Basic_Phone,3G,2026-03-30
SUB2418180,3.38,2.18,0.52,0.4,51.15,1,1,35-44,Prepaid_Monthly,Mid_Range,4G,2026-04-15
SUB9463331,2.23,1.33,0.4,0.24,58.71,0,0,25-34,Postpaid_Basic,Mid_Range,5G,2026-03-30
SUB7233146,0.73,0.78,0.78,0.03,40.63,0,0,25-34,Prepaid_Monthly,Mid_Range,3G,2026-04-03
SUB8054499,0.11,0.91,0.01,0.04,37.37,0,0,45-54,Prepaid_Daily,Mid_Range,4G,2026-04-14
SUB9237881,0.81,0.07,0.06,0.05,48.09,0,0,25-34,Prepaid_Daily,Mid_Range,5G,2026-03-22
SUB4018967,0.32,0.17,0.25,0.0,5.82,0,0,35-44,Postpaid_Basic,Basic_Phone,4G,2026-04-03
SUB4726904,1.33,0.39,0.54,3.02,134.0,1,1,35-44,Prepaid_Daily,5G_Device,4G,2026-04-11
SUB1792515,3.18,0.92,0.6,0.0,193.95,1,0,45-54,Prepaid_Monthly,Tablet,5G,2026-04-13
SUB6910838,3.23,0.12,0.52,0.28,67.91,0,0,35-44,Prepaid_Daily,Mid_Range,5G,2026-03-22
SUB2393196,1.33,0.38,0.11,0.97,56.87,0,1,18-24,Prepaid_Daily,Mid_Range,4G,2026-04-15
SUB2035211,2.37,3.86,0.19,2.27,93.04,0,0,25-34,Postpaid_Unlimited,Tablet,4G,2026-04-05
SUB3189568,1.82,0.7,0.22,0.2,95.26,0,0,55+,Postpaid_Premium,Premium_Smartphone,4G,2026-03-30
SUB4934740,4.23,5.88,1.11,0.44,70.53,0,1,18-24,Postpaid_Unlimited,5G_Device,4G,2026-03-19
SUB1647122,0.21,0.73,0.69,5.03,79.76,0,0,35-44,Postpaid_Basic,Mid_Range,5G,2026-03-20
SUB4782164,3.2,1.21,0.46,0.0,86.31,0,0,45-54,Postpaid_Premium,Premium_Smartphone,5G,2026-03-29
SUB2761331,0.5,1.04,0.24,0.19,83.35,0,0,35-44,Postpaid_Basic,5G_Device,4G,2026-03-21
SUB2877329,0.24,2.44,0.17,0.64,86.4,0,0,25-34,Postpaid_Basic,Premium_Smartphone,4G,2026-04-09
SUB3892970,1.27,1.37,0.14,0.48,102.88,0,0,18-24,Postpaid_Basic,Premium_Smartphone,4G+,2026-04-10
SUB1315315,1.53,1.14,0.59,0.76,33.87,0,0,25-34,Prepaid_Monthly,Premium_Smartphone,3G,2026-04-02
SUB9539202,5.33,6.0,2.61,3.71,168.29,1,0,18-24,Postpaid_Premium,5G_Device,5G,2026-03-22
SUB7776432,0.51,1.03,0.01,0.07,84.68,0,0,55+,Postpaid_Unlimited,Tablet,4G,2026-03-27
SUB4959015,0.24,1.27,0.52,0.66,33.52,0,0,35-44,Postpaid_Premium,Mid_Range,3G,2026-03-23
SUB3214979,0.98,1.59,0.14,0.09,42.67,1,0,35-44,Postpaid_Basic,Mid_Range,3G,2026-04-08
SUB4405851,1.27,1.32,0.08,0.15,20.46,0,0,25-34,Postpaid_Unlimited,Basic_Phone,4G,2026-03-19
SUB8354292,0.13,6.0,1.54,3.2,100.92,1,0,18-24,Postpaid_Unlimited,5G_Device,4G,2026-04-15
SUB1196211,1.57,1.8,0.31,0.11,44.5,0,0,25-34,Postpaid_Basic,Mid_Range,4G+,2026-03-25
SUB2836082,0.61,1.36,0.34,0.4,8.85,0,0,25-34,Postpaid_Unlimited,Basic_Phone,4G,2026-04-15
SUB3237699,2.4,0.22,0.49,1.67,134.04,1,0,25-34,Prepaid_Daily,5G_Device,4G,2026-04-08
SUB5458434,2.26,1.56,0.28,0.11,102.5,0,1,25-34,Prepaid_Daily,Premium_Smartphone,4G,2026-03-25
SUB2813065,2.45,1.78,2.47,0.49,127.52,0,1,25-34,Prepaid_Daily,5G_Device,4G,2026-03-27
SUB5957161,3.26,3.5,0.85,0.54,63.45,0,0,25-34,Postpaid_Premium,Premium_Smartphone,4G,2026-04-07
SUB8395511,0.16,0.09,0.03,0.11,63.32,0,0,55+,Prepaid_Daily,Mid_Range,4G+,2026-04-08
SUB5587281,1.35,1.17,0.16,0.29,46.51,0,0,25-34,Prepaid_Daily,Mid_Range,4G,2026-03-26
SUB6507200,1.14,2.2,0.0,0.07,102.1,0,1,35-44,Prepaid_Daily,Mid_Range,5G,2026-04-09
SUB9765940,0.36,1.02,0.06,0.06,16.79,0,0,18-24,Prepaid_Monthly,Basic_Phone,4G,2026-04-12
SUB9472761,1.06,0.59,0.31,0.92,62.11,0,0,25-34,Postpaid_Basic,Premium_Smartphone,4G,2026-03-26
SUB5978234,0.56,0.47,0.35,0.67,51.85,0,0,18-24,Prepaid_Daily,Mid_Range,4G,2026-03-20
SUB4972162,1.46,1.96,0.15,0.51,76.3,0,0,35-44,Postpaid_Basic,Mid_Range,5G,2026-04-14
SUB7166994,1.2,0.75,0.27,0.02,54.11,1,0,25-34,Prepaid_Monthly,Premium_Smartphone,3G,2026-04-07
SUB5172060,2.48,0.42,0.65,0.26,83.15,0,0,18-24,Prepaid_Monthly,5G_Device,4G+,2026-04-03
SUB7603352,0.16,0.79,0.04,0.01,64.28,0,1,45-54,Postpaid_Premium,Tablet,3G,2026-03-30
SUB1078947,2.06,4.05,0.12,0.9,154.91,1,0,18-24,Postpaid_Unlimited,Premium_Smartphone,4G+,2026-04-13
SUB8152604,0.97,0.36,0.23,0.07,35.03,0,1,25-34,Postpaid_Basic,Mid_Range,3G,2026-03-28
SUB9136537,0.39,5.52,1.69,2.14,87.56,0,0,25-34,Prepaid_Monthly,5G_Device,4G,2026-03-31
SUB4969411,2.69,0.98,0.39,0.2,79.78,0,1,25-34,Postpaid_Unlimited,Premium_Smartphone,3G,2026-03-31
SUB7387952,2.67,1.9,0.35,0.06,57.98,0,0,35-44,Postpaid_Basic,Tablet,4G,2026-04-05
SUB6969677,1.69,5.95,0.52,0.57,56.84,0,0,35-44,Postpaid_Premium,Premium_Smartphone,4G,2026-04-15
SUB1968410,2.21,0.3,0.03,0.18,57.9,0,0,25-34,Prepaid_Monthly,Mid_Range,4G,2026-03-27
SUB4936642,0.6,1.29,0.8,0.24,69.87,0,0,18-24,Prepaid_Monthly,Tablet,4G,2026-04-16
SUB2040835,0.33,1.02,0.51,0.02,73.34,0,0,45-54,Postpaid_Premium,Premium_Smartphone,4G,2026-04-12
SUB7626532,1.57,0.66,0.11,0.6,15.44,1,0,25-34,Postpaid_Premium,Basic_Phone,3G,2026-03-21
SUB6386452,0.76,0.4,0.08,0.07,98.22,0,0,45-54,Postpaid_Basic,Premium_Smartphone,4G+,2026-03-22
SUB9531225,0.76,0.06,0.06,0.13,16.22,0,0,25-34,Prepaid_Monthly,Basic_Phone,3G,2026-03-19
SUB7952057,5.52,1.91,0.58,0.55,144.53,1,0,35-44,Postpaid_Premium,Premium_Smartphone,4G+,2026-04-06
SUB6134629,0.57,0.61,0.15,0.04,94.41,0,0,55+,Prepaid_Monthly,Premium_Smartphone,4G+,2026-03-22
SUB5926730,1.13,0.89,0.0,0.07,56.16,1,0,35-44,Postpaid_Premium,Mid_Range,4G,2026-04-09
SUB2030120,3.92,1.54,1.91,0.42,92.93,1,1,25-34,Prepaid_Monthly,5G_Device,4G,2026-04-14
SUB2034780,1.81,0.32,0.26,0.21,90.18,1,0,35-44,Postpaid_Basic,Premium_Smartphone,3G,2026-04-07
SUB8128822,3.52,0.99,0.15,1.86,99.62,1,1,25-34,Prepaid_Monthly,Mid_Range,5G,2026-04-14
SUB1749045,1.11,1.02,0.1,0.42,79.79,1,0,35-44,Postpaid_Basic,Mid_Range,4G,2026-04-13
SUB1872109,1.74,5.21,0.01,1.47,96.42,0,0,18-24,Prepaid_Monthly,5G_Device,5G,2026-04-15
SUB8736085,0.65,0.6,0.11,1.27,88.56,0,0,35-44,Postpaid_Basic,Mid_Range,5G,2026-04-16
SUB1387405,0.35,1.49,0.47,0.64,126.88,0,0,18-24,Prepaid_Monthly,5G_Device,4G+,2026-04-14
SUB7805360,0.26,2.09,0.89,1.09,21.39,1,0,18-24,Postpaid_Unlimited,Basic_Phone,4G,2026-04-09
SUB5561786,1.21,3.88,1.64,0.18,60.01,0,0,35-44,Postpaid_Unlimited,Mid_Range,4G+,2026-04-11
SUB5758669,0.93,0.8,0.42,0.08,47.84,0,0,18-24,Postpaid_Premium,5G_Device,3G,2026-03-24
SUB4101004,2.51,0.2,0.7,0.12,110.23,0,0,45-54,Postpaid_Unlimited,Premium_Smartphone,5G,2026-04-02
SUB6534693,0.11,0.5,0.12,0.18,58.61,0,1,45-54,Prepaid_Daily,Mid_Range,4G,2026-04-16
SUB3932208,0.07,0.46,0.3,0.47,68.9,0,0,55+,Postpaid_Unlimited,5G_Device,4G,2026-04-04
SUB5187442,0.36,0.48,0.19,0.0,50.35,0,0,35-44,Prepaid_Daily,Mid_Range,4G,2026-03-31
SUB4812197,1.91,0.16,2.86,2.27,99.12,1,0,25-34,Prepaid_Monthly,5G_Device,4G,2026-03-29
SUB7433564,1.2,1.54,3.43,0.03,86.98,1,0,25-34,Prepaid_Monthly,Premium_Smartphone,4G,2026-04-07
SUB1956740,8.0,2.15,1.3,0.04,60.82,0,0,25-34,Postpaid_Unlimited,Mid_Range,4G+,2026-04-15
SUB3210846,1.19,3.06,1.8,0.06,138.21,1,1,18-24,Postpaid_Basic,Premium_Smartphone,4G,2026-04-09
SUB5428760,4.9,1.66,0.93,0.23,81.74,1,1,25-34,Postpaid_Basic,5G_Device,4G,2026-04-16
SUB3309231,2.57,4.14,0.0,0.02,90.53,0,1,35-44,Postpaid_Unlimited,Premium_Smartphone,4G,2026-04-05
SUB5610764,2.42,2.78,0.13,0.74,80.2,1,0,18-24,Postpaid_Basic,Premium_Smartphone,4G,2026-03-29
SUB5495433,0.16,0.33,0.44,1.75,59.42,0,1,25-34,Postpaid_Basic,Mid_Range,3G,2026-03-29
SUB6215784,1.47,2.8,0.26,0.98,134.22,0,1,35-44,Prepaid_Daily,5G_Device,4G+,2026-04-09
SUB2967582,5.39,4.69,2.69,1.67,99.7,1,0,18-24,Postpaid_Unlimited,5G_Device,4G,2026-04-06
SUB1840268,8.0,2.35,0.13,6.0,105.21,1,0,18-24,Postpaid_Unlimited,5G_Device,5G,2026-03-23
SUB7129026,2.77,1.54,0.63,0.06,95.88,0,0,18-24,Postpaid_Unlimited,Premium_Smartphone,4G,2026-03-30
SUB6770938,0.32,1.07,0.06,0.57,41.05,0,0,35-44,Prepaid_Monthly,Mid_Range,5G,2026-03-19
SUB7557601,0.42,0.79,1.85,0.27,92.42,0,1,35-44,Prepaid_Monthly,5G_Device,4G,2026-03-19
SUB9441243,0.15,2.09,0.06,0.15,30.99,0,1,35-44,Prepaid_Monthly,Basic_Phone,5G,2026-03-29
SUB1983638,0.14,3.61,0.33,0.08,137.95,1,0,18-24,Prepaid_Monthly,5G_Device,5G,2026-03-26
SUB7911596,1.55,1.7,0.03,0.21,37.56,0,1,35-44,Prepaid_Monthly,Mid_Range,4G,2026-04-10
SUB6596127,1.54,1.84,0.63,0.97,92.06,1,0,35-44,Postpaid_Basic,Premium_Smartphone,4G,2026-03-21
SUB3791671,1.98,5.29,0.94,0.53,73.96,0,1,25-34,Postpaid_Premium,Premium_Smartphone,4G,2026-04-03
SUB3061892,2.25,2.22,1.02,1.61,129.11,0,1,25-34,Postpaid_Unlimited,5G_Device,4G+,2026-04-02
SUB4431543,1.0,0.38,0.37,0.07,77.75,0,1,35-44,Prepaid_Daily,5G_Device,3G,2026-04-01
SUB7963266,3.84,3.12,0.16,0.36,42.8,0,0,25-34,Prepaid_Monthly,Mid_Range,4G,2026-03-25
SUB5078140,0.47,1.4,0.01,1.13,48.09,0,0,35-44,Prepaid_Monthly,Mid_Range,4G,2026-04-12
SUB9485356,3.14,5.35,0.36,0.01,99.58,0,0,18-24,Prepaid_Monthly,Tablet,5G,2026-04-12
SUB4909308,1.23,1.33,1.71,0.03,28.9,1,0,25-34,Prepaid_Monthly,Mid_Range,3G,2026-04-06
SUB8466897,1.82,4.18,0.71,0.93,113.79,1,0,25-34,Prepaid_Monthly,Premium_Smartphone,5G,2026-03-30
SUB8685727,4.07,6.0,0.54,3.21,169.42,0,1,25-34,Postpaid_Unlimited,Tablet,5G,2026-03-24
SUB1915767,2.02,5.93,2.7,1.03,91.45,0,1,25-34,Prepaid_Monthly,5G_Device,5G,2026-03-26
SUB9689972,0.2,0.98,0.16,0.12,86.43,0,0,45-54,Postpaid_Basic,Mid_Range,5G,2026-04-06
SUB9214491,0.74,2.12,0.09,2.09,90.24,0,1,45-54,Postpaid_Premium,Premium_Smartphone,4G,2026-03-20
SUB4369415,1.11,3.56,4.0,0.99,88.76,0,0,35-44,Postpaid_Premium,Premium_Smartphone,4G+,2026-03-20
SUB4703713,2.59,1.42,1.0,1.04,55.31,1,1,35-44,Postpaid_Basic,Mid_Range,4G,2026-04-13
SUB1381856,5.22,0.22,3.01,0.17,48.25,0,0,18-24,Postpaid_Unlimited,Mid_Range,4G,2026-04-17
SUB4765444,5.49,1.32,0.44,0.2,137.51,0,0,35-44,Postpaid_Basic,5G_Device,5G,2026-03-29
SUB5579097,1.93,1.77,0.05,0.06,12.65,0,1,25-34,Postpaid_Unlimited,Basic_Phone,3G,2026-04-09
SUB8613312,4.51,1.66,0.57,0.95,112.7,0,1,25-34,Prepaid_Monthly,Premium_Smartphone,5G,2026-03-23
SUB5016899,0.63,4.27,1.03,0.36,121.95,1,0,18-24,Prepaid_Daily,Premium_Smartphone,4G,2026-03-24
SUB4955199,1.36,1.12,1.17,0.22,72.2,1,1,18-24,Postpaid_Premium,Mid_Range,3G,2026-04-12
SUB6242329,0.61,0.54,0.14,1.93,36.91,0,0,18-24,Prepaid_Monthly,Mid_Range,4G,2026-04-17
SUB4268896,0.43,2.44,1.13,0.31,68.69,0,0,18-24,Postpaid_Premium,5G_Device,4G,2026-03-24
SUB5253459,2.27,2.86,0.16,1.29,65.16,0,0,18-24,Postpaid_Premium,Premium_Smartphone,4G,2026-04-04
SUB8356943,0.43,2.2,0.08,0.57,64.1,0,0,35-44,Prepaid_Monthly,Premium_Smartphone,4G,2026-04-08
SUB8136940,1.75,0.75,0.08,0.09,59.58,1,0,18-24,Postpaid_Basic,Basic_Phone,5G,2026-04-07
SUB3854135,0.61,0.29,0.11,0.15,28.22,0,0,25-34,Postpaid_Unlimited,Basic_Phone,5G,2026-04-10
SUB1476377,1.41,0.34,0.12,0.64,49.16,0,0,45-54,Postpaid_Unlimited,Mid_Range,4G,2026-04-06
SUB1398422,6.09,1.51,0.02,0.77,52.0,0,0,18-24,Postpaid_Premium,Mid_Range,4G,2026-04-06
SUB1121937,0.4,2.44,0.16,0.9,66.19,0,0,45-54,Postpaid_Premium,Mid_Range,5G,2026-03-22
SUB2133629,1.19,1.8,0.12,1.67,63.75,0,0,35-44,Postpaid_Unlimited,Premium_Smartphone,4G,2026-04-04
SUB8652126,0.35,0.27,0.19,0.05,15.13,0,0,25-34,Postpaid_Premium,Basic_Phone,5G,2026-03-26
SUB1378355,0.12,1.41,0.15,0.02,33.34,0,1,18-24,Prepaid_Monthly,Basic_Phone,5G,2026-04-03
SUB4993611,0.49,2.67,0.22,0.03,16.74,1,0,18-24,Prepaid_Daily,Basic_Phone,4G,2026-04-16
SUB8814889,0.75,1.39,0.77,0.13,96.85,0,1,25-34,Prepaid_Monthly,Premium_Smartphone,4G,2026-04-05
SUB8277186,0.28,2.41,0.52,0.5,87.45,0,0,18-24,Prepaid_Daily,Premium_Smartphone,4G+,2026-03-30
SUB2675259,0.22,0.98,0.09,0.17,59.7,1,0,25-34,Prepaid_Daily,Mid_Range,4G,2026-04-08
SUB9173192,2.09,4.05,0.53,0.04,66.58,1,0,18-24,Postpaid_Unlimited,Premium_Smartphone,4G,2026-04-06
SUB7609001,1.66,2.13,2.57,0.76,150.67,1,0,35-44,Postpaid_Premium,Premium_Smartphone,5G,2026-04-05
SUB8537330,0.55,0.64,0.36,0.0,12.73,0,0,18-24,Postpaid_Unlimited,Basic_Phone,4G,2026-04-17
SUB9937999,1.36,0.43,0.78,0.23,51.47,0,0,45-54,Postpaid_Basic,5G_Device,4G,2026-04-16
SUB9816087,0.46,0.07,0.01,0.35,34.82,0,0,18-24,Prepaid_Monthly,Mid_Range,4G,2026-04-12
SUB7024945,0.81,0.56,0.06,0.0,48.74,0,0,45-54,Prepaid_Daily,Mid_Range,4G+,2026-04-16
SUB2360764,2.51,3.85,4.0,0.38,112.81,0,0,18-24,Postpaid_Unlimited,5G_Device,5G,2026-03-27
SUB4171553,0.77,0.21,0.22,0.0,53.41,0,0,35-44,Prepaid_Daily,Mid_Range,4G,2026-04-06
SUB3594545,0.69,1.58,1.31,0.28,26.09,1,0,25-34,Postpaid_Basic,Basic_Phone,5G,2026-03-31
SUB4182999,0.14,1.09,0.04,0.04,57.17,0,0,35-44,Prepaid_Daily,5G_Device,3G,2026-04-09
SUB8406465,0.4,6.0,0.76,1.55,85.75,0,1,18-24,Prepaid_Monthly,Premium_Smartphone,4G,2026-04-02
SUB8029446,0.87,2.02,0.27,0.03,84.33,1,0,25-34,Prepaid_Daily,Mid_Range,4G+,2026-04-07
SUB6790740,2.27,2.17,0.17,0.01,125.0,0,0,18-24,Postpaid_Basic,5G_Device,5G,2026-03-30
SUB9951442,0.12,0.69,0.4,0.27,42.23,1,0,25-34,Postpaid_Unlimited,Basic_Phone,5G,2026-04-14
SUB9272686,1.04,2.62,0.81,0.59,86.81,1,1,18-24,Postpaid_Basic,Mid_Range,4G+,2026-03-26
SUB1840597,1.69,0.54,0.06,0.89,89.85,0,0,25-34,Postpaid_Premium,Mid_Range,5G,2026-03-25
SUB1850122,1.68,2.99,0.01,1.35,60.88,0,0,18-24,Postpaid_Unlimited,Premium_Smartphone,3G,2026-04-09
SUB3572703,2.53,3.17,0.04,1.21,56.43,0,1,18-24,Postpaid_Premium,Mid_Range,4G,2026-04-07
SUB1730559,0.43,2.78,2.37,0.56,45.86,0,0,35-44,Postpaid_Unlimited,5G_Device,4G,2026-04-03
SUB9910335,0.03,0.02,0.01,0.04,7.41,0,0,55+,Prepaid_Monthly,Basic_Phone,3G,2026-04-10
SUB7328404,0.94,3.7,4.0,0.58,112.47,0,0,25-34,Postpaid_Unlimited,Premium_Smartphone,5G,2026-04-15
SUB2862015,2.3,0.21,0.77,1.58,54.73,0,0,35-44,Postpaid_Basic,Mid_Range,5G,2026-04-15
SUB3005464,2.47,6.0,0.19,0.09,139.69,1,1,25-34,Prepaid_Daily,Mid_Range,5G,2026-04-17
SUB5605677,1.27,1.94,0.32,0.15,59.96,0,0,25-34,Prepaid_Daily,5G_Device,4G,2026-04-15
SUB5017641,2.5,1.25,0.07,0.01,41.33,0,0,18-24,Prepaid_Monthly,Mid_Range,4G,2026-03-28
SUB2705692,0.59,2.45,0.09,4.95,137.76,0,1,18-24,Prepaid_Monthly,Premium_Smartphone,4G+,2026-03-19
SUB9325648,0.88,0.61,0.05,0.2,40.22,0,1,45-54,Postpaid_Premium,Basic_Phone,5G,2026-03-21
SUB1626776,6.97,4.05,4.0,1.07,192.4,0,1,25-34,Postpaid_Premium,5G_Device,5G,2026-03-20
SUB2761987,1.62,0.41,0.84,0.58,37.55,0,0,35-44,Postpaid_Unlimited,Mid_Range,3G,2026-04-01
SUB7523229,8.0,2.09,1.59,0.49,200.0,1,1,25-34,Postpaid_Basic,Premium_Smartphone,5G,2026-04-03
SUB4486082,2.91,2.4,0.19,1.3,74.77,0,0,25-34,Postpaid_Premium,5G_Device,4G,2026-04-16
SUB2550642,1.23,0.14,0.07,0.46,73.68,1,0,25-34,Prepaid_Monthly,Mid_Range,5G,2026-04-12
SUB3494903,4.25,1.16,0.0,0.04,73.77,1,1,35-44,Postpaid_Premium,Mid_Range,4G,2026-03-29
SUB8789283,3.08,2.45,0.45,2.62,145.54,0,0,18-24,Postpaid_Premium,Premium_Smartphone,5G,2026-04-04
SUB1516031,1.64,0.53,0.28,0.07,51.46,0,0,25-34,Postpaid_Premium,Mid_Range,4G,2026-04-16
SUB1047367,4.63,1.64,0.84,0.32,95.27,0,0,25-34,Postpaid_Basic,5G_Device,4G+,2026-04-06
SUB8226078,0.31,0.4,0.04,0.08,57.65,1,0,55+,Postpaid_Basic,Mid_Range,3G,2026-04-06
SUB6695908,0.43,1.17,0.22,0.01,46.96,0,1,25-34,Prepaid_Monthly,Mid_Range,4G,2026-04-05
SUB2632748,0.57,0.54,0.14,0.08,26.62,0,1,35-44,Postpaid_Premium,Basic_Phone,4G,2026-04-07
SUB5862944,0.39,2.36,0.75,1.51,46.68,0,0,18-24,Postpaid_Premium,Mid_Range,4G,2026-03-24
SUB1364716,1.96,1.0,0.44,0.07,79.55,0,1,18-24,Postpaid_Basic,Mid_Range,4G,2026-04-03
SUB6327701,0.57,0.08,0.09,0.03,49.63,0,0,45-54,Prepaid_Daily,Basic_Phone,5G,2026-04-02
SUB9633305,5.57,1.75,0.04,0.51,51.31,1,1,35-44,Prepaid_Monthly,Mid_Range,4G,2026-04-02
SUB6253087,0.44,0.34,0.25,0.04,42.11,0,0,25-34,Postpaid_Basic,Mid_Range,4G,2026-04-12
SUB5920791,0.58,6.0,0.56,2.28,49.73,1,0,25-34,Postpaid_Premium,Mid_Range,4G,2026-03-30
SUB6270637,1.89,2.18,0.2,0.26,76.08,1,1,18-24,Prepaid_Monthly,Mid_Range,4G,2026-03-27
SUB9352804,1.05,0.19,0.43,0.1,19.85,0,1,35-44,Postpaid_Premium,Basic_Phone,5G,2026-03-23
SUB1454623,0.89,0.26,0.02,0.57,44.97,1,0,18-24,Prepaid_Monthly,Mid_Range,4G,2026-04-03
SUB9284742,1.57,1.04,0.05,1.3,57.4,0,1,45-54,Prepaid_Daily,Premium_Smartphone,4G,2026-04-15
SUB9015648,1.15,6.0,0.11,0.78,107.71,1,1,25-34,Postpaid_Premium,Premium_Smartphone,3G,2026-04-11
SUB2310646,1.16,5.31,0.41,1.26,64.05,0,0,25-34,Postpaid_Basic,5G_Device,4G,2026-04-06
SUB9429948,0.71,0.18,1.16,0.05,37.3,0,0,45-54,Postpaid_Premium,Mid_Range,4G,2026-04-11
SUB9169815,0.82,0.66,0.36,0.25,97.81,0,1,55+,Prepaid_Monthly,Mid_Range,5G,2026-04-08
SUB1892743,0.54,0.26,0.7,0.36,66.37,1,0,25-34,Prepaid_Daily,Mid_Range,4G,2026-04-01
SUB3014751,0.54,0.28,0.02,0.12,22.16,1,0,45-54,Prepaid_Daily,Basic_Phone,4G+,2026-03-30
SUB6842488,1.52,0.71,0.55,0.33,117.01,0,1,45-54,Prepaid_Daily,5G_Device,4G,2026-04-14
SUB2413285,0.61,0.29,0.4,0.08,51.09,0,0,35-44,Postpaid_Premium,Mid_Range,4G,2026-04-01
SUB2330657,0.98,0.25,0.02,0.12,50.95,0,0,55+,Prepaid_Monthly,Premium_Smartphone,4G,2026-04-16
SUB6252279,0.77,2.0,0.63,2.39,64.26,1,1,25-34,Postpaid_Unlimited,Mid_Range,4G,2026-04-10
SUB1945161,8.0,2.03,1.32,6.0,170.29,0,1,35-44,Postpaid_Premium,5G_Device,4G+,2026-04-13
SUB6000783,2.27,6.0,0.07,1.2,107.42,0,1,45-54,Postpaid_Basic,Premium_Smartphone,5G,2026-04-14
SUB3328767,1.02,1.07,0.19,0.38,23.99,0,0,25-34,Postpaid_Unlimited,Mid_Range,3G,2026-03-22
SUB9333631,1.95,1.65,1.17,0.36,88.3,1,0,25-34,Prepaid_Monthly,5G_Device,4G,2026-04-03
SUB3707133,2.84,1.93,0.68,0.69,139.38,0,0,25-34,Prepaid_Daily,5G_Device,5G,2026-04-01
SUB5819523,0.35,0.28,0.13,0.01,8.57,0,0,45-54,Postpaid_Premium,Basic_Phone,3G,2026-03-19
SUB7622266,0.58,0.96,0.05,0.33,46.97,0,0,35-44,Prepaid_Monthly,Mid_Range,4G,2026-04-04
SUB1053010,0.83,0.58,0.27,0.02,20.47,0,0,25-34,Postpaid_Unlimited,Basic_Phone,4G,2026-04-07
SUB6805333,3.9,2.14,1.26,0.06,98.73,0,0,25-34,Postpaid_Unlimited,Premium_Smartphone,4G,2026-04-15
SUB6516552,3.18,3.02,0.03,6.0,56.18,0,1,18-24,Postpaid_Unlimited,Mid_Range,4G,2026-03-20
SUB1907272,1.62,3.74,1.23,1.33,189.25,1,0,18-24,Postpaid_Unlimited,5G_Device,5G,2026-03-22
SUB5074411,6.97,1.85,0.11,0.33,86.02,0,0,25-34,Postpaid_Basic,Premium_Smartphone,5G,2026-04-04
SUB1536364,4.49,3.22,3.71,0.76,71.85,0,1,25-34,Postpaid_Premium,5G_Device,4G,2026-03-29
SUB1903057,0.81,0.42,0.1,0.13,163.58,1,0,45-54,Prepaid_Daily,Premium_Smartphone,4G+,2026-04-11
SUB2750652,1.38,1.22,0.86,1.5,117.98,0,0,25-34,Postpaid_Premium,5G_Device,4G+,2026-04-16
SUB3619909,0.13,0.04,0.04,0.02,21.27,0,0,55+,Prepaid_Monthly,Mid_Range,3G,2026-03-28
SUB1663478,2.55,3.4,0.16,0.6,98.17,1,1,18-24,Postpaid_Premium,5G_Device,4G,2026-03-20
SUB5139524,0.58,1.2,0.43,0.01,68.26,0,0,55+,Postpaid_Unlimited,Premium_Smartphone,4G,2026-04-10
SUB1990993,1.12,0.49,0.03,0.41,35.56,0,0,25-34,Prepaid_Monthly,Premium_Smartphone,3G,2026-04-08
SUB7394544,0.7,0.54,0.11,0.38,50.34,0,1,35-44,Prepaid_Daily,Mid_Range,4G,2026-03-21
SUB2588049,0.75,0.42,0.65,1.24,46.1,0,0,25-34,Postpaid_Basic,5G_Device,3G,2026-03-22
SUB1959296,3.71,1.89,1.71,1.21,67.9,0,0,25-34,Postpaid_Premium,Mid_Range,5G,2026-04-16
SUB9337746,3.04,1.93,0.24,4.14,65.36,1,0,18-24,Postpaid_Premium,5G_Device,3G,2026-04-10
SUB8914933,1.34,0.22,1.08,0.05,36.24,1,1,18-24,Postpaid_Premium,Mid_Range,3G,2026-03-25
SUB1262530,0.65,1.52,0.49,0.54,93.32,0,0,35-44,Postpaid_Premium,5G_Device,5G,2026-03-20
SUB4631097,5.23,1.2,0.78,1.19,68.06,0,1,25-34,Prepaid_Daily,5G_Device,4G,2026-03-28
SUB6708824,0.13,0.32,0.16,0.07,62.26,0,0,55+,Postpaid_Premium,Premium_Smartphone,3G,2026-04-07
SUB3042361,4.91,1.48,0.04,0.02,73.8,1,0,25-34,Postpaid_Basic,Premium_Smartphone,4G,2026-03-23
SUB1217767,0.09,0.26,0.03,0.06,39.58,1,1,55+,Prepaid_Daily,Mid_Range,3G,2026-04-03
SUB2109970,0.58,0.11,0.17,0.0,15.55,0,0,18-24,Prepaid_Monthly,Basic_Phone,5G,2026-03-29
SUB4870033,4.96,4.39,0.26,0.34,81.62,0,1,18-24,Postpaid_Unlimited,Premium_Smartphone,4G,2026-04-16
SUB6882545,1.01,1.98,0.31,0.7,70.33,0,1,25-34,Postpaid_Unlimited,Mid_Range,4G,2026-04-13
SUB1187486,0.01,2.72,0.34,0.04,72.63,0,0,45-54,Postpaid_Premium,Mid_Range,5G,2026-03-28
SUB8263776,0.25,2.74,0.19,0.39,54.29,0,0,25-34,Postpaid_Unlimited,Mid_Range,5G,2026-04-10
SUB2628782,0.47,0.23,0.54,0.13,39.49,0,0,18-24,Prepaid_Daily,Mid_Range,3G,2026-03-28
SUB4388284,3.04,2.27,0.73,1.03,76.54,0,0,18-24,Postpaid_Unlimited,Premium_Smartphone,4G,2026-04-13
SUB2733391,0.45,0.56,0.42,1.53,28.78,0,0,25-34,Prepaid_Daily,Mid_Range,4G,2026-04-13
SUB9755198,0.66,1.5,0.22,0.82,56.19,1,0,35-44,Postpaid_Basic,5G_Device,3G,2026-03-20
SUB9483310,0.32,0.46,0.26,0.46,74.95,1,0,25-34,Prepaid_Monthly,Mid_Range,4G,2026-04-14
SUB3202661,4.6,0.57,0.63,3.06,92.75,1,1,35-44,Postpaid_Premium,Mid_Range,4G,2026-03-29
SUB5550056,1.6,0.18,0.66,0.0,83.53,1,0,35-44,Prepaid_Monthly,Mid_Range,4G,2026-04-03
SUB2162886,0.64,0.13,0.05,0.0,33.66,0,0,45-54,Prepaid_Daily,Mid_Range,4G,2026-04-13
SUB5075341,3.22,1.45,0.83,0.05,69.99,0,0,25-34,Prepaid_Monthly,Mid_Range,5G,2026-03-29
SUB3929386,0.57,0.89,0.35,0.07,41.07,0,1,25-34,Prepaid_Daily,Basic_Phone,5G,2026-04-17
SUB7401391,0.28,0.42,0.03,0.03,27.66,0,0,55+,Prepaid_Monthly,Mid_Range,3G,2026-04-08
SUB4263647,0.7,0.44,0.2,0.2,35.97,0,0,25-34,Postpaid_Basic,Mid_Range,4G,2026-04-15
SUB1958101,1.45,2.48,0.02,5.05,83.83,1,1,25-34,Prepaid_Monthly,Mid_Range,4G,2026-03-28
SUB1069519,0.39,0.62,0.09,0.28,127.57,1,0,45-54,Prepaid_Monthly,Premium_Smartphone,4G+,2026-04-14
SUB8838236,4.18,1.63,0.11,1.75,155.84,1,1,18-24,Prepaid_Daily,5G_Device,4G,2026-03-27
SUB1960655,0.3,1.72,0.12,0.09,41.62,0,0,25-34,Prepaid_Daily,Mid_Range,4G,2026-04-04
SUB3141924,8.0,1.96,0.11,0.39,78.3,1,1,18-24,Postpaid_Basic,Mid_Range,4G+,2026-03-26
SUB3979674,2.16,1.67,0.02,0.86,66.7,0,0,18-24,Postpaid_Premium,Premium_Smartphone,4G,2026-03-23
SUB3292056,2.18,2.41,0.58,0.41,161.94,0,1,18-24,Postpaid_Basic,5G_Device,5G,2026-04-17
SUB9547596,3.3,1.66,0.46,1.63,96.33,1,1,18-24,Prepaid_Daily,Premium_Smartphone,4G,2026-03-25
SUB8122759,0.46,0.45,0.11,0.06,11.26,0,0,25-34,Postpaid_Basic,Basic_Phone,3G,2026-04-01
SUB3611895,0.9,0.23,0.09,0.13,47.82,1,0,45-54,Postpaid_Basic,Premium_Smartphone,3G,2026-03-29
SUB5233384,2.48,0.75,0.01,0.67,64.94,0,0,35-44,Prepaid_Monthly,Tablet,4G+,2026-04-13
SUB8369080,0.39,0.84,0.15,0.06,42.7,0,0,35-44,Prepaid_Monthly,Mid_Range,4G,2026-04-09
SUB6852373,0.92,0.95,0.1,0.04,70.11,1,0,25-34,Prepaid_Daily,Mid_Range,4G,2026-04-09
SUB8656887,0.69,0.41,0.22,0.78,75.42,1,0,45-54,Prepaid_Daily,Mid_Range,4G+,2026-04-17
SUB5450696,0.44,0.88,0.07,0.06,166.54,0,1,45-54,Prepaid_Monthly,Premium_Smartphone,5G,2026-03-21
SUB3873382,0.15,0.1,0.19,0.03,34.85,0,0,45-54,Prepaid_Daily,Mid_Range,4G,2026-03-25
SUB2390179,1.17,0.57,0.13,0.21,47.43,0,1,45-54,Prepaid_Monthly,Mid_Range,4G,2026-04-17
SUB9113324,0.58,1.32,0.68,0.1,48.21,0,0,18-24,Postpaid_Basic,Premium_Smartphone,3G,2026-04-11
SUB8128080,5.08,5.19,4.0,0.77,72.75,1,0,35-44,Postpaid_Unlimited,Mid_Range,5G,2026-03-19
SUB6851361,1.69,0.94,0.6,0.13,120.55,0,1,35-44,Postpaid_Basic,5G_Device,5G,2026-04-07
SUB9314052,0.28,1.63,0.21,0.56,26.59,0,0,25-34,Postpaid_Basic,Mid_Range,3G,2026-04-06
SUB4771414,1.57,0.68,0.21,0.09,71.52,0,1,25-34,Prepaid_Monthly,Premium_Smartphone,4G,2026-03-25
SUB1746470,4.39,1.24,0.68,0.65,118.29,1,1,18-24,Prepaid_Daily,Mid_Range,4G+,2026-04-06
SUB8068566,1.42,3.22,0.24,1.87,101.99,1,1,18-24,Prepaid_Monthly,Premium_Smartphone,4G,2026-04-05
SUB2918517,0.83,1.41,0.12,0.05,119.88,0,0,55+,Postpaid_Basic,5G_Device,5G,2026-03-23
SUB4459544,0.5,0.46,0.05,0.36,18.42,0,0,35-44,Postpaid_Premium,Basic_Phone,4G,2026-03-28
SUB8272268,1.43,2.96,0.02,6.0,125.29,0,1,25-34,Postpaid_Premium,5G_Device,5G,2026-03-31
SUB3830095,0.55,0.78,4.0,0.57,81.08,0,1,25-34,Prepaid_Monthly,Premium_Smartphone,3G,2026-03-30
SUB4429985,1.54,0.92,0.16,0.49,142.36,1,0,35-44,Prepaid_Monthly,Premium_Smartphone,5G,2026-04-11
SUB2311414,0.05,0.29,0.86,0.03,12.51,0,1,25-34,Postpaid_Basic,Basic_Phone,3G,2026-04-15
SUB5185727,4.22,1.76,0.41,0.62,51.27,0,0,25-34,Postpaid_Basic,5G_Device,3G,2026-03-26
SUB9404196,0.09,0.32,0.36,0.54,36.71,0,0,18-24,Prepaid_Monthly,Mid_Range,4G,2026-04-17
SUB3814268,1.06,1.47,0.67,0.31,72.62,1,0,18-24,Postpaid_Basic,Tablet,4G,2026-03-30
SUB9845909,0.33,0.11,4.0,1.2,165.52,0,1,25-34,Prepaid_Monthly,5G_Device,5G,2026-03-30
SUB8058175,1.73,4.41,2.78,0.12,92.51,1,0,35-44,Postpaid_Basic,Premium_Smartphone,4G,2026-04-06
SUB5017763,2.91,1.15,3.33,0.39,136.01,1,0,18-24,Prepaid_Monthly,5G_Device,5G,2026-04-14
SUB8931827,0.84,2.04,0.01,0.0,78.46,0,0,25-34,Postpaid_Basic,Mid_Range,5G,2026-03-31
SUB9435969,0.07,1.76,0.07,0.02,102.23,0,0,35-44,Postpaid_Premium,Tablet,4G+,2026-03-30
SUB8136735,3.27,6.0,0.49,2.23,176.85,1,0,45-54,Postpaid_Unlimited,Premium_Smartphone,5G,2026-03-31
SUB9232823,0.39,0.94,0.07,0.0,32.38,0,0,18-24,Postpaid_Unlimited,Basic_Phone,4G,2026-04-15
SUB3239665,2.22,3.56,0.47,0.11,118.23,1,0,35-44,Postpaid_Basic,Premium_Smartphone,4G,2026-04-04
SUB7363395,0.33,1.06,0.1,0.3,133.45,0,0,55+,Postpaid_Basic,Premium_Smartphone,5G,2026-03-30
SUB4423604,0.91,0.77,0.11,0.28,95.48,0,1,55+,Prepaid_Monthly,Premium_Smartphone,5G,2026-04-09
SUB7084556,0.01,0.13,0.17,0.05,56.94,0,0,45-54,Prepaid_Daily,Mid_Range,4G,2026-04-15
SUB2844348,0.2,0.67,0.06,0.1,17.93,0,0,35-44,Prepaid_Daily,Mid_Range,3G,2026-04-15
SUB1759848,1.41,0.32,0.26,0.55,50.89,0,0,18-24,Prepaid_Daily,Mid_Range,4G,2026-04-05
SUB8100282,0.62,1.53,0.29,0.22,57.64,0,0,35-44,Postpaid_Premium,5G_Device,3G,2026-04-15
SUB2592023,0.42,1.22,0.27,0.42,73.89,1,0,35-44,Prepaid_Monthly,Mid_Range,4G,2026-03-21
SUB9510974,0.93,0.71,0.58,1.38,53.25,0,0,25-34,Prepaid_Daily,Tablet,4G,2026-04-04
SUB3293316,5.08,3.6,0.56,0.29,53.94,1,0,25-34,Postpaid_Premium,Mid_Range,4G,2026-03-25
SUB2539152,1.28,0.54,0.26,0.01,44.06,0,0,35-44,Postpaid_Basic,Mid_Range,3G,2026-03-28
SUB1823837,0.34,0.08,0.05,0.02,34.03,1,0,55+,Postpaid_Premium,Basic_Phone,4G,2026-04-17
SUB9781384,1.1,2.17,0.09,0.86,85.69,0,0,25-34,Postpaid_Basic,5G_Device,4G,2026-03-22
SUB1356440,0.06,0.34,0.04,0.11,49.19,0,0,18-24,Prepaid_Daily,Mid_Range,4G,2026-04-07
SUB1841618,0.21,0.68,1.87,0.01,29.6,0,0,35-44,Prepaid_Daily,Mid_Range,4G,2026-03-27
SUB6991233,8.0,4.55,0.49,1.85,162.36,1,1,18-24,Postpaid_Premium,5G_Device,5G,2026-04-03
SUB5729124,2.2,0.64,0.37,0.41,61.01,1,0,35-44,Prepaid_Monthly,5G_Device,3G,2026-03-22
SUB2035340,4.78,0.78,0.72,0.04,86.21,0,1,18-24,Postpaid_Basic,5G_Device,4G,2026-04-04
SUB9366126,3.27,0.61,1.73,4.09,154.23,0,1,25-34,Postpaid_Basic,5G_Device,5G,2026-04-16
SUB1103021,2.17,1.81,1.63,2.61,99.92,0,0,35-44,Postpaid_Unlimited,5G_Device,5G,2026-04-11
SUB8081159,4.26,1.84,2.33,0.34,108.6,1,0,18-24,Postpaid_Basic,5G_Device,4G,2026-03-23
SUB3011562,1.07,1.85,1.18,0.11,60.61,0,0,18-24,Postpaid_Basic,Premium_Smartphone,4G,2026-04-06
SUB9388817,1.89,0.51,0.21,0.01,40.73,0,0,25-34,Prepaid_Monthly,Premium_Smartphone,3G,2026-03-28
SUB9610679,1.57,0.69,0.26,0.1,31.57,0,0,25-34,Postpaid_Unlimited,Basic_Phone,4G,2026-04-03
SUB4806627,0.84,0.38,1.94,0.89,151.2,0,1,35-44,Postpaid_Basic,Premium_Smartphone,5G,2026-03-19
SUB3903561,1.62,1.07,0.08,0.05,48.4,0,0,25-34,Prepaid_Daily,Mid_Range,4G,2026-04-14
SUB6473024,8.0,2.98,3.32,0.17,99.91,0,1,25-34,Postpaid_Basic,5G_Device,5G,2026-03-29
SUB1216194,3.9,1.05,0.93,0.02,79.55,0,0,25-34,Prepaid_Monthly,Premium_Smartphone,4G,2026-03-26
SUB3454082,3.02,0.94,0.2,0.27,116.95,1,0,18-24,Prepaid_Daily,Tablet,4G,2026-04-08
SUB7474467,1.05,0.44,0.08,0.73,47.25,0,0,45-54,Prepaid_Monthly,Mid_Range,4G+,2026-03-27
SUB7965410,0.43,2.91,0.29,6.0,187.87,1,0,18-24,Postpaid_Premium,Premium_Smartphone,5G,2026-03-30
SUB4597326,1.11,1.05,2.55,0.27,114.92,0,0,45-54,Postpaid_Basic,Premium_Smartphone,5G,2026-03-23
SUB9396007,0.41,1.99,0.17,0.37,57.51,0,0,25-34,Postpaid_Basic,5G_Device,4G,2026-04-08
SUB6757122,0.52,0.21,0.65,0.01,61.92,0,0,25-34,Postpaid_Basic,Mid_Range,4G,2026-04-15
SUB5857162,0.62,0.97,0.08,0.29,19.28,0,1,35-44,Postpaid_Premium,Basic_Phone,4G,2026-04-04
SUB7132138,0.64,1.04,0.28,0.17,147.55,1,0,45-54,Prepaid_Monthly,Premium_Smartphone,4G+,2026-04-12
SUB7664677,0.39,0.26,0.26,0.18,99.94,0,0,55+,Prepaid_Monthly,Premium_Smartphone,4G,2026-04-03
SUB2034023,1.18,2.25,0.07,0.27,92.59,1,0,25-34,Prepaid_Daily,Mid_Range,4G+,2026-03-29
SUB9177088,1.12,0.32,1.83,0.47,107.36,0,0,18-24,Prepaid_Daily,Tablet,5G,2026-04-11
SUB9782153,0.07,0.77,0.13,0.19,21.28,0,0,45-54,Postpaid_Unlimited,Basic_Phone,4G,2026-04-05
SUB1300763,0.3,5.86,0.58,0.01,69.94,0,0,18-24,Postpaid_Premium,Premium_Smartphone,4G,2026-04-16
SUB4849182,1.03,1.32,0.42,0.19,99.72,1,0,45-54,Prepaid_Monthly,Mid_Range,5G,2026-04-03
SUB2564458,0.99,0.73,0.03,0.03,61.74,0,1,35-44,Prepaid_Monthly,Basic_Phone,5G,2026-04-10
SUB8919584,1.43,1.87,0.06,0.68,121.54,1,0,55+,Postpaid_Unlimited,Tablet,4G,2026-04-05
SUB5242154,0.11,1.4,0.38,0.74,77.26,0,0,45-54,Prepaid_Monthly,Premium_Smartphone,4G,2026-03-21
SUB2577586,8.0,1.89,2.44,0.61,136.1,1,1,18-24,Postpaid_Basic,5G_Device,4G,2026-04-05
SUB5474220,8.0,4.58,0.26,0.73,132.11,1,1,35-44,Prepaid_Daily,5G_Device,4G,2026-04-15
SUB9736857,2.87,5.42,0.43,1.25,76.59,0,0,18-24,Postpaid_Basic,5G_Device,5G,2026-04-11
SUB1986275,7.9,3.23,0.58,1.54,123.12,0,0,18-24,Postpaid_Unlimited,Premium_Smartphone,4G+,2026-04-06
SUB2410124,2.71,2.98,0.71,0.07,60.23,0,0,25-34,Postpaid_Unlimited,5G_Device,4G,2026-04-01
SUB3532000,2.11,0.98,0.01,0.4,63.82,0,1,18-24,Postpaid_Basic,Mid_Range,5G,2026-04-01
SUB4394020,0.22,0.25,0.26,0.01,39.35,0,0,35-44,Postpaid_Basic,Mid_Range,4G,2026-03-20
SUB1810586,0.34,0.72,0.11,0.43,71.98,1,0,55+,Postpaid_Basic,Mid_Range,4G,2026-04-14
SUB8753302,0.06,0.49,0.14,0.25,42.33,1,0,35-44,Prepaid_Daily,Mid_Range,3G,2026-03-29
SUB2599826,1.45,1.92,0.15,0.26,138.36,0,0,18-24,Prepaid_Daily,Tablet,5G,2026-03-22
SUB2348483,0.32,1.69,0.27,0.71,81.17,0,0,45-54,Postpaid_Unlimited,Premium_Smartphone,4G,2026-04-05
SUB1981598,2.01,3.17,0.53,1.01,78.5,0,1,45-54,Prepaid_Monthly,5G_Device,3G,2026-04-04
SUB5042974,2.03,1.1,0.3,0.07,66.48,1,0,35-44,Prepaid_Monthly,Mid_Range,4G+,2026-04-11
SUB9420149,0.27,1.52,0.17,1.33,68.7,0,0,35-44,Postpaid_Basic,Tablet,4G+,2026-03-29
SUB9864367,1.4,0.01,0.32,0.13,45.51,1,0,45-54,Postpaid_Unlimited,Basic_Phone,4G,2026-04-06
SUB3844510,3.07,1.85,1.99,1.44,81.54,0,0,18-24,Postpaid_Premium,5G_Device,4G,2026-03-20
SUB5323492,0.27,0.33,0.67,0.1,69.07,0,0,55+,Postpaid_Basic,5G_Device,4G+,2026-04-14
SUB1208150,0.04,0.04,0.01,0.21,19.47,0,1,55+,Postpaid_Basic,Basic_Phone,5G,2026-04-14
SUB3573338,1.67,0.51,0.69,0.36,118.02,0,0,45-54,Postpaid_Premium,Premium_Smartphone,4G+,2026-04-14
SUB2858777,0.32,0.97,0.09,0.09,86.84,0,0,25-34,Postpaid_Premium,5G_Device,4G,2026-04-14
SUB7510529,1.22,0.69,0.5,0.05,49.91,1,0,45-54,Postpaid_Unlimited,Mid_Range,4G,2026-04-06
SUB1480620,0.23,1.14,0.02,0.0,14.71,0,0,25-34,Postpaid_Basic,Basic_Phone,4G,2026-03-24
SUB5935500,1.65,0.56,0.75,0.1,89.1,0,0,35-44,Prepaid_Monthly,5G_Device,4G,2026-03-21
SUB5863099,8.0,1.14,0.62,0.07,98.55,1,0,45-54,Postpaid_Premium,Premium_Smartphone,4G+,2026-03-27
SUB5919314,0.13,4.38,2.7,0.55,86.49,0,0,18-24,Postpaid_Premium,Mid_Range,5G,2026-04-12
SUB7993152,0.7,0.27,0.02,0.38,13.66,1,1,25-34,Prepaid_Daily,Basic_Phone,3G,2026-04-04
SUB7196519,0.22,2.52,0.11,1.31,156.03,1,1,45-54,Prepaid_Monthly,Premium_Smartphone,4G,2026-04-06
SUB2122207,0.98,0.15,0.16,0.2,47.83,1,0,45-54,Postpaid_Unlimited,Basic_Phone,5G,2026-03-25
SUB3690927,0.04,2.14,0.24,0.07,64.38,0,0,45-54,Prepaid_Monthly,5G_Device,4G,2026-04-14
SUB4036124,2.14,6.0,0.9,1.13,160.17,0,1,18-24,Postpaid_Basic,5G_Device,5G,2026-03-20
SUB1427557,0.8,0.2,0.4,0.41,39.79,0,0,35-44,Prepaid_Monthly,Mid_Range,4G,2026-04-12
SUB3165456,1.84,1.18,0.27,0.47,54.57,1,0,18-24,Postpaid_Basic,Premium_Smartphone,3G,2026-03-23
SUB1365750,0.6,1.75,1.01,0.83,200.0,1,1,45-54,Postpaid_Premium,Premium_Smartphone,5G,2026-04-03
SUB8517618,1.68,0.35,0.0,0.66,77.06,0,0,18-24,Postpaid_Basic,Tablet,4G,2026-03-21
SUB8767227,0.79,0.23,0.31,1.19,85.02,0,1,35-44,Prepaid_Monthly,Premium_Smartphone,3G,2026-03-25
SUB1484103,2.77,0.62,0.28,2.02,111.75,0,1,25-34,Prepaid_Daily,Tablet,4G,2026-04-11
SUB3152259,1.2,1.34,0.11,0.51,69.47,0,0,55+,Postpaid_Unlimited,Mid_Range,5G,2026-04-13
SUB4390919,2.39,1.89,0.99,0.0,71.6,0,1,35-44,Postpaid_Unlimited,Premium_Smartphone,3G,2026-04-09
SUB7641497,1.28,1.95,0.27,1.52,76.0,1,1,35-44,Postpaid_Premium,Mid_Range,4G,2026-04-08
SUB8412609,8.0,2.83,0.22,0.3,103.6,1,0,25-34,Postpaid_Premium,Premium_Smartphone,4G,2026-03-25
SUB8031119,1.63,0.48,0.35,0.47,99.38,0,1,35-44,Postpaid_Basic,Premium_Smartphone,4G,2026-04-12
SUB5455237,5.44,1.5,0.45,0.12,136.21,0,0,25-34,Postpaid_Unlimited,5G_Device,5G,2026-03-20
SUB6871348,8.0,0.99,4.0,0.39,162.56,1,0,18-24,Postpaid_Premium,Tablet,5G,2026-04-04
SUB3379220,6.84,3.56,0.31,0.06,142.07,0,1,35-44,Postpaid_Premium,Tablet,5G,2026-03-28
SUB4519065,0.02,1.13,0.62,1.87,78.11,0,1,45-54,Prepaid_Monthly,Mid_Range,4G,2026-04-07
SUB7960698,1.42,0.76,0.42,0.0,70.83,0,0,18-24,Prepaid_Monthly,Mid_Range,5G,2026-03-21
SUB2784210,0.78,4.05,1.14,1.47,78.77,0,1,18-24,Postpaid_Premium,Mid_Range,5G,2026-04-17
SUB6198363,0.57,0.38,0.0,0.27,15.11,0,0,35-44,Prepaid_Monthly,Mid_Range,3G,2026-04-16
SUB8341127,0.32,0.53,0.35,0.02,56.72,1,1,45-54,Postpaid_Basic,Mid_Range,3G,2026-03-26
SUB3463501,3.53,1.78,1.45,0.45,89.5,0,0,18-24,Postpaid_Basic,Premium_Smartphone,4G,2026-04-08
SUB3819127,0.64,0.43,0.19,2.07,114.73,1,0,55+,Prepaid_Monthly,5G_Device,4G,2026-03-26
SUB7779865,0.72,1.9,0.76,0.81,112.29,1,1,55+,Postpaid_Premium,Premium_Smartphone,4G,2026-04-01
SUB6026014,0.78,1.03,0.05,0.16,52.88,0,1,18-24,Prepaid_Daily,5G_Device,3G,2026-03-25
SUB2932919,8.0,0.52,0.42,0.43,98.3,0,1,25-34,Postpaid_Premium,Tablet,4G,2026-03-20
SUB7250674,0.57,0.28,0.16,0.4,91.32,0,0,35-44,Prepaid_Daily,Mid_Range,5G,2026-03-26
SUB8620520,3.39,1.15,1.67,1.58,134.79,1,1,55+,Postpaid_Unlimited,5G_Device,5G,2026-03-20
SUB9651964,0.01,0.06,0.03,0.15,24.35,0,0,35-44,Prepaid_Monthly,Basic_Phone,4G,2026-04-10
SUB8984705,1.73,4.73,1.23,0.85,118.45,1,1,25-34,Postpaid_Premium,Premium_Smartphone,4G,2026-03-31
SUB9731896,1.29,1.64,0.28,0.2,49.03,0,0,18-24,Postpaid_Basic,Mid_Range,5G,2026-03-30
SUB3002507,0.11,0.78,0.04,0.17,33.06,0,0,25-34,Prepaid_Daily,Mid_Range,4G,2026-03-20
SUB3652808,1.31,0.04,2.84,0.5,38.96,0,0,35-44,Postpaid_Basic,Mid_Range,4G,2026-03-25
SUB5777376,6.65,1.46,1.67,2.49,44.02,0,0,25-34,Postpaid_Unlimited,Mid_Range,4G,2026-04-17
SUB8366829,3.83,3.89,0.42,1.05,134.01,1,1,25-34,Prepaid_Daily,5G_Device,5G,2026-04-01
SUB2358293,1.8,0.76,0.9,0.34,81.03,0,0,18-24,Prepaid_Monthly,5G_Device,4G,2026-03-26
SUB2911128,4.79,1.69,0.06,2.13,91.53,0,0,25-34,Prepaid_Monthly,Premium_Smartphone,5G,2026-04-14
SUB5756497,0.98,2.06,0.42,2.59,93.87,0,0,18-24,Prepaid_Monthly,Premium_Smartphone,4G,2026-04-17
SUB6133381,2.7,6.0,1.17,0.46,116.94,1,0,18-24,Postpaid_Unlimited,Mid_Range,5G,2026-04-07
SUB4786065,2.33,1.37,0.01,0.04,95.73,0,0,45-54,Prepaid_Monthly,Premium_Smartphone,4G,2026-03-30
SUB5848243,2.99,3.79,1.08,0.12,85.88,0,1,18-24,Postpaid_Premium,Mid_Range,4G+,2026-04-03
SUB3425358,0.55,0.83,0.42,0.1,72.32,1,1,35-44,Prepaid_Monthly,Mid_Range,4G,2026-03-27
SUB8645639,0.08,0.22,0.34,0.21,17.52,0,0,18-24,Prepaid_Monthly,Basic_Phone,3G,2026-03-28
SUB4917430,2.81,0.48,0.01,0.84,60.37,0,0,25-34,Prepaid_Daily,Premium_Smartphone,4G,2026-04-02
SUB3105777,1.72,2.25,2.44,0.77,78.22,1,0,25-34,Prepaid_Monthly,Premium_Smartphone,4G+,2026-03-26
SUB6544223,0.74,1.62,0.34,0.33,61.05,0,0,18-24,Postpaid_Basic,Mid_Range,4G+,2026-03-19
SUB3390514,0.28,0.15,0.08,0.82,54.39,0,0,18-24,Prepaid_Daily,Mid_Range,4G,2026-04-16
SUB6942712,1.23,2.96,1.05,1.11,122.61,1,0,45-54,Postpaid_Premium,5G_Device,4G,2026-04-03
SUB2171758,4.1,2.52,3.18,0.34,123.87,1,0,18-24,Postpaid_Basic,5G_Device,4G,2026-04-01
SUB6276085,0.17,1.08,0.21,0.03,103.18,1,1,18-24,Prepaid_Daily,Premium_Smartphone,4G,2026-04-15
SUB8449116,0.94,1.5,0.09,0.01,45.44,0,1,45-54,Prepaid_Daily,Mid_Range,4G,2026-03-24
SUB8185180,0.32,0.37,0.09,0.09,18.81,0,0,25-34,Prepaid_Daily,Basic_Phone,4G,2026-03-20
SUB1942639,0.42,1.29,0.38,0.48,101.52,1,0,35-44,Prepaid_Monthly,Mid_Range,5G,2026-04-02
SUB9023556,1.01,1.25,0.46,2.14,72.84,0,0,18-24,Postpaid_Basic,Premium_Smartphone,4G,2026-03-21
SUB6171666,1.57,3.64,1.24,0.66,54.84,0,0,18-24,Postpaid_Unlimited,Premium_Smartphone,4G,2026-04-12
SUB8099492,1.7,5.26,1.91,0.83,110.4,0,1,35-44,Postpaid_Unlimited,Premium_Smartphone,4G,2026-04-09
SUB2280280,2.44,0.42,0.14,0.46,110.36,0,1,55+,Postpaid_Premium,Premium_Smartphone,4G+,2026-04-01
SUB8457451,0.85,6.0,0.06,0.43,71.2,0,1,18-24,Prepaid_Monthly,5G_Device,4G,2026-03-29
SUB6546811,3.54,1.81,0.89,0.45,45.44,0,0,25-34,Prepaid_Monthly,Premium_Smartphone,3G,2026-04-01
SUB8127470,1.42,0.7,0.02,0.04,42.73,0,0,18-24,Postpaid_Unlimited,Basic_Phone,5G,2026-03-27
SUB3850310,0.73,0.31,0.84,0.08,32.52,0,0,18-24,Postpaid_Premium,Basic_Phone,5G,2026-04-06
SUB5015789,1.47,0.03,0.23,0.17,83.17,0,0,55+,Prepaid_Monthly,5G_Device,5G,2026-04-13
SUB5986518,0.62,1.46,0.35,0.57,89.13,0,0,18-24,Prepaid_Monthly,Premium_Smartphone,5G,2026-04-14
SUB9979666,0.47,1.04,0.49,0.55,47.29,1,0,45-54,Prepaid_Monthly,Mid_Range,4G,2026-04-04
SUB4727661,2.56,0.9,0.1,2.03,59.5,0,0,18-24,Postpaid_Basic,5G_Device,3G,2026-03-27
SUB2279372,1.19,0.8,0.87,0.16,111.63,0,1,45-54,Postpaid_Unlimited,Mid_Range,5G,2026-03-22
SUB5095228,1.59,0.67,0.92,1.11,79.23,0,0,25-34,Prepaid_Daily,Premium_Smartphone,4G+,2026-03-19
SUB6767034,0.24,2.13,0.25,0.01,65.24,0,0,45-54,Prepaid_Daily,Tablet,4G,2026-03-29
SUB9837010,1.11,1.28,0.31,0.39,37.69,0,1,18-24,Prepaid_Monthly,Mid_Range,3G,2026-03-31
SUB9103292,0.22,0.35,0.15,0.21,73.09,1,0,45-54,Prepaid_Monthly,Mid_Range,4G,2026-03-27
SUB3449851,1.34,6.0,1.51,0.24,180.16,1,0,35-44,Postpaid_Basic,Premium_Smartphone,5G,2026-03-29
SUB7507552,2.48,2.42,0.01,0.07,57.78,0,0,25-34,Postpaid_Premium,Premium_Smartphone,3G,2026-04-07
SUB9670441,0.71,0.65,0.25,0.01,45.86,0,1,45-54,Prepaid_Monthly,Basic_Phone,5G,2026-04-06
SUB2535834,0.59,2.7,0.66,0.35,50.46,1,0,35-44,Postpaid_Premium,Premium_Smartphone,3G,2026-03-23
SUB3442547,0.41,0.07,0.07,0.01,6.73,0,0,45-54,Prepaid_Monthly,Basic_Phone,3G,2026-04-05
SUB2236968,0.54,0.14,0.2,1.47,59.12,0,0,25-34,Postpaid_Basic,Mid_Range,4G+,2026-04-01
SUB4078882,0.84,1.02,0.45,0.0,110.4,0,0,35-44,Postpaid_Basic,Premium_Smartphone,5G,2026-04-16
SUB2521093,0.61,0.5,0.35,1.07,74.19,0,0,45-54,Prepaid_Monthly,Premium_Smartphone,4G,2026-03-27
SUB2988022,8.0,5.74,3.67,0.5,75.38,1,0,18-24,Postpaid_Basic,Premium_Smartphone,4G,2026-03-25
SUB6281592,0.27,0.65,0.13,0.06,19.78,0,0,25-34,Prepaid_Monthly,Basic_Phone,4G,2026-03-25
SUB8536381,0.14,0.14,0.09,0.01,63.37,0,0,55+,Prepaid_Monthly,5G_Device,3G,2026-04-16
SUB9411159,1.01,2.46,1.07,1.89,61.08,0,0,25-34,Prepaid_Monthly,Mid_Range,5G,2026-03-31
SUB4193796,0.11,0.53,1.81,0.85,79.94,0,0,25-34,Prepaid_Monthly,Premium_Smartphone,5G,2026-04-02
SUB9482216,5.26,0.89,0.02,0.46,22.74,0,0,25-34,Postpaid_Premium,Mid_Range,4G,2026-04-15
SUB9357038,0.98,0.95,0.18,0.34,57.74,0,0,45-54,Prepaid_Monthly,5G_Device,4G,2026-03-27
SUB9675147,0.17,0.6,2.27,1.56,168.15,0,1,55+,Postpaid_Premium,Premium_Smartphone,5G,2026-04-11
SUB7539108,0.22,0.66,0.44,0.22,130.01,0,0,55+,Postpaid_Unlimited,Premium_Smartphone,4G+,2026-04-03
SUB4049307,0.84,0.55,0.05,2.1,152.93,1,1,35-44,Prepaid_Monthly,5G_Device,4G,2026-04-09
SUB7542683,0.07,3.83,0.24,0.22,66.41,0,0,25-34,Prepaid_Daily,5G_Device,4G,2026-04-12
SUB3801818,0.8,0.19,0.01,0.01,37.14,0,0,18-24,Prepaid_Daily,Basic_Phone,5G,2026-04-11
SUB6919586,6.71,1.08,1.35,0.37,115.32,1,0,18-24,Prepaid_Daily,Premium_Smartphone,4G,2026-03-30
SUB5045721,0.16,0.24,0.05,0.03,26.93,0,0,18-24,Prepaid_Daily,Basic_Phone,4G+,2026-03-23
SUB2863032,1.63,1.5,0.75,0.83,63.01,1,0,18-24,Postpaid_Premium,Mid_Range,5G,2026-03-24
SUB5944614,2.0,2.11,0.22,0.03,142.54,1,0,45-54,Prepaid_Monthly,5G_Device,5G,2026-03-21
SUB8852016,1.12,1.66,1.29,0.09,94.97,1,1,45-54,Postpaid_Premium,5G_Device,4G,2026-04-13
SUB8774066,0.75,5.51,0.76,0.03,57.49,0,1,35-44,Prepaid_Daily,Mid_Range,4G+,2026-04-05
SUB8870267,0.9,0.15,0.01,0.12,39.11,0,0,55+,Prepaid_Monthly,Basic_Phone,5G,2026-04-06
SUB4089809,0.24,0.51,0.03,0.0,95.03,0,1,55+,Prepaid_Monthly,Mid_Range,5G,2026-04-05
SUB8819488,0.81,0.61,0.34,0.0,73.71,0,0,35-44,Prepaid_Monthly,Mid_Range,4G+,2026-04-11
SUB2378148,1.62,0.87,0.26,0.19,64.08,0,0,25-34,Prepaid_Daily,Premium_Smartphone,4G,2026-04-12
SUB4044410,0.37,6.0,1.23,2.03,87.04,0,0,18-24,Postpaid_Basic,Premium_Smartphone,4G,2026-03-24
SUB5062118,0.16,0.69,0.04,0.01,43.34,1,0,25-34,Postpaid_Premium,Mid_Range,3G,2026-04-02
SUB1238826,1.65,1.38,0.23,0.4,63.76,0,1,18-24,Prepaid_Daily,Mid_Range,4G,2026-03-27
SUB2717354,2.9,4.46,0.59,0.88,69.02,0,0,25-34,Postpaid_Premium,5G_Device,4G,2026-03-19
SUB1481809,0.43,0.25,0.53,0.0,81.73,0,0,55+,Prepaid_Monthly,Mid_Range,5G,2026-04-16
SUB9262369,0.26,0.15,0.11,0.03,22.53,1,0,25-34,Prepaid_Monthly,Basic_Phone,3G,2026-03-27
SUB8284390,1.37,2.13,0.16,2.11,109.14,0,0,18-24,Postpaid_Premium,Premium_Smartphone,5G,2026-03-30
SUB2818182,1.35,2.55,0.7,0.27,41.65,0,1,35-44,Postpaid_Unlimited,Mid_Range,4G,2026-03-30
SUB5367209,2.87,1.64,0.26,6.0,83.63,0,0,35-44,Postpaid_Premium,Premium_Smartphone,4G+,2026-03-21
SUB9782389,0.49,0.72,0.11,0.05,12.7,1,0,18-24,Prepaid_Daily,Basic_Phone,4G,2026-04-10
SUB6416797,5.02,2.62,4.0,0.04,170.33,0,1,18-24,Postpaid_Unlimited,Tablet,5G,2026-03-22
SUB3689290,0.4,0.36,0.08,0.03,66.76,0,1,55+,Postpaid_Premium,Mid_Range,5G,2026-03-26
SUB1037180,0.12,1.28,2.67,1.26,29.79,1,1,18-24,Postpaid_Basic,Mid_Range,3G,2026-03-19
SUB8546691,0.73,5.18,0.61,1.04,89.3,0,1,45-54,Postpaid_Unlimited,Premium_Smartphone,4G+,2026-04-16
SUB6611544,0.31,0.19,0.09,0.36,107.64,0,0,25-34,Postpaid_Premium,5G_Device,4G,2026-04-15
SUB6370015,8.0,0.71,0.13,1.05,113.65,0,1,25-34,Postpaid_Premium,Premium_Smartphone,4G,2026-03-19
SUB3251347,0.36,0.63,0.28,1.26,74.4,0,0,25-34,Postpaid_Premium,Mid_Range,5G,2026-03-26
SUB5792030,1.52,3.46,0.11,0.12,26.65,0,1,45-54,Prepaid_Monthly,Mid_Range,3G,2026-04-04
SUB3619893,0.44,3.14,0.71,0.01,103.52,1,0,45-54,Postpaid_Premium,Premium_Smartphone,4G,2026-03-21
SUB7702245,4.05,3.21,0.63,0.47,137.97,1,0,25-34,Prepaid_Daily,Premium_Smartphone,4G,2026-04-05
SUB4791860,2.37,2.71,1.14,0.22,39.97,0,0,18-24,Postpaid_Unlimited,Premium_Smartphone,3G,2026-04-11
SUB9745662,0.66,0.76,0.49,3.14,132.94,1,0,18-24,Postpaid_Basic,Premium_Smartphone,5G,2026-04-02
SUB8396526,0.23,3.1,0.43,0.92,78.5,0,0,45-54,Postpaid_Premium,5G_Device,4G,2026-04-05
SUB2881986,0.27,0.88,0.73,0.05,74.86,1,0,25-34,Prepaid_Monthly,Mid_Range,4G,2026-04-08
SUB1989924,3.14,1.67,0.73,0.3,62.7,1,0,18-24,Postpaid_Premium,Tablet,3G,2026-04-05
SUB2965629,0.64,1.29,0.41,2.16,85.36,1,0,25-34,Prepaid_Monthly,5G_Device,4G,2026-04-04
SUB2103248,0.12,6.0,0.47,3.45,136.32,1,0,25-34,Postpaid_Basic,Premium_Smartphone,4G,2026-03-23
SUB9210125,5.63,2.98,3.87,0.29,167.2,1,0,45-54,Postpaid_Premium,5G_Device,4G+,2026-03-31
SUB5263528,0.4,0.23,0.15,0.23,50.0,0,1,35-44,Prepaid_Daily,Mid_Range,4G,2026-03-26
SUB9215869,1.13,1.44,0.14,0.75,61.82,0,0,18-24,Prepaid_Monthly,Premium_Smartphone,4G,2026-04-02
SUB9623353,8.0,1.85,0.51,0.72,47.33,0,0,18-24,Postpaid_Basic,Mid_Range,4G,2026-04-07
SUB4583650,0.13,2.38,0.24,0.52,79.38,1,0,25-34,Prepaid_Monthly,5G_Device,4G,2026-03-26
SUB3363319,2.25,2.25,3.24,1.24,100.29,0,0,18-24,Prepaid_Monthly,Premium_Smartphone,5G,2026-03-21
SUB2818222,0.2,0.5,0.42,0.12,96.29,0,1,45-54,Prepaid_Monthly,Premium_Smartphone,4G+,2026-04-15
SUB6410687,0.19,2.59,0.89,0.95,130.8,0,0,25-34,Prepaid_Monthly,5G_Device,4G+,2026-04-12
SUB9199423,1.86,1.62,1.81,0.65,123.02,0,0,25-34,Postpaid_Premium,5G_Device,5G,2026-04-01
SUB1563506,3.66,1.75,0.95,0.2,48.41,0,1,25-34,Postpaid_Unlimited,Mid_Range,4G,2026-04-07
SUB8834767,1.84,0.41,0.23,0.22,34.09,0,1,35-44,Postpaid_Premium,Basic_Phone,4G,2026-04-04
SUB9904337,0.39,0.89,0.04,0.03,64.39,0,1,35-44,Prepaid_Daily,Mid_Range,4G,2026-03-29
SUB6472646,3.01,1.32,0.64,0.96,87.34,1,1,45-54,Postpaid_Premium,Mid_Range,4G,2026-04-06
SUB9251043,0.65,1.68,1.09,0.17,29.46,1,0,35-44,Postpaid_Basic,Mid_Range,3G,2026-04-08
SUB6045416,0.75,0.27,0.15,0.07,24.81,0,0,45-54,Postpaid_Premium,Basic_Phone,4G,2026-04-13
SUB6273897,1.61,1.49,0.03,0.35,55.75,0,0,35-44,Prepaid_Monthly,Mid_Range,4G+,2026-04-02
SUB1354182,1.79,3.8,0.25,0.05,55.99,0,0,18-24,Prepaid_Daily,Mid_Range,5G,2026-04-05
SUB6142798,0.65,1.49,0.86,0.64,47.67,1,0,18-24,Postpaid_Premium,Mid_Range,4G,2026-03-30
SUB3640955,1.53,0.29,0.21,0.79,88.83,0,0,55+,Prepaid_Monthly,5G_Device,4G,2026-03-19
SUB3498002,0.45,1.87,0.05,0.63,92.14,0,0,55+,Postpaid_Unlimited,Premium_Smartphone,4G,2026-03-27
SUB3916585,0.72,3.63,0.55,0.46,52.25,0,1,35-44,Postpaid_Premium,Mid_Range,4G,2026-04-06
SUB2574255,0.35,0.5,0.51,0.04,45.61,0,0,35-44,Prepaid_Monthly,Mid_Range,4G,2026-03-29
SUB8012022,0.26,1.45,0.52,1.4,49.79,0,0,25-34,Postpaid_Premium,5G_Device,3G,2026-03-31
SUB4779404,1.26,0.21,2.16,1.06,72.51,0,0,25-34,Postpaid_Basic,5G_Device,4G,2026-04-01
SUB6547239,0.02,0.14,0.2,0.14,91.29,0,0,55+,Prepaid_Daily,Premium_Smartphone,4G,2026-04-03
SUB6910122,1.4,1.46,0.97,1.55,132.55,0,1,45-54,Prepaid_Monthly,5G_Device,4G,2026-04-04
SUB3769785,4.76,0.46,0.4,0.29,95.51,1,0,25-34,Prepaid_Monthly,Premium_Smartphone,4G,2026-04-10
SUB4514078,0.9,0.2,0.0,1.13,51.97,0,1,25-34,Prepaid_Daily,Mid_Range,4G,2026-04-16
SUB6963132,0.35,0.44,0.08,0.12,26.47,0,0,25-34,Prepaid_Monthly,Basic_Phone,4G,2026-04-16
SUB3664119,5.23,5.37,1.02,0.17,73.03,1,0,25-34,Prepaid_Monthly,Mid_Range,5G,2026-03-26
SUB3097951,1.11,0.19,0.08,0.05,45.9,0,0,25-34,Prepaid_Daily,Premium_Smartphone,4G,2026-04-05
SUB2579889,0.31,2.95,0.12,0.42,60.3,0,0,35-44,Postpaid_Premium,Mid_Range,5G,2026-04-13
SUB9927377,0.98,0.32,0.54,2.17,200.0,1,1,18-24,Prepaid_Daily,Premium_Smartphone,5G,2026-04-03
SUB1287555,8.0,0.67,0.14,0.06,73.53,0,0,45-54,Prepaid_Monthly,Premium_Smartphone,4G,2026-04-01
SUB4775944,0.79,0.17,0.2,2.13,59.29,0,1,35-44,Prepaid_Monthly,Mid_Range,4G,2026-03-24
SUB3744454,3.87,1.3,0.03,0.18,130.4,1,1,45-54,Prepaid_Daily,Mid_Range,5G,2026-04-15
SUB9796785,0.53,1.24,0.29,0.23,36.64,1,1,45-54,Postpaid_Unlimited,Basic_Phone,5G,2026-04-16
SUB4197418,3.32,2.02,0.65,0.25,100.68,0,0,35-44,Postpaid_Basic,5G_Device,4G,2026-04-04
SUB3788647,2.06,3.35,0.25,0.54,106.81,0,0,45-54,Postpaid_Premium,5G_Device,4G+,2026-03-21
SUB7224898,8.0,4.46,4.0,0.03,145.11,1,1,25-34,Postpaid_Basic,Premium_Smartphone,4G+,2026-04-13
SUB7378384,0.18,0.52,0.42,0.55,73.58,0,0,55+,Postpaid_Premium,Mid_Range,4G+,2026-04-10
SUB2570497,3.08,3.29,1.15,3.4,68.12,1,0,18-24,Postpaid_Unlimited,Mid_Range,4G,2026-04-08
SUB1734158,0.55,1.4,0.36,0.39,144.87,0,1,55+,Prepaid_Monthly,Tablet,5G,2026-04-03
SUB3692205,0.34,1.81,1.97,0.2,47.18,0,0,25-34,Postpaid_Basic,Mid_Range,5G,2026-04-10
SUB7159729,0.34,1.27,0.48,0.01,32.46,0,1,18-24,Postpaid_Basic,Basic_Phone,4G,2026-03-24
SUB2422771,0.76,3.65,0.85,4.75,162.93,1,0,25-34,Postpaid_Unlimited,Premium_Smartphone,5G,2026-04-03
SUB7945685,1.02,0.24,0.31,1.17,54.81,1,0,35-44,Prepaid_Monthly,Mid_Range,4G,2026-04-04
SUB9218616,0.46,1.01,1.32,0.18,89.93,0,0,18-24,Postpaid_Premium,Tablet,4G,2026-04-07
SUB8729395,5.59,3.0,0.1,0.38,132.24,1,1,35-44,Prepaid_Daily,Premium_Smartphone,4G+,2026-04-07
SUB9276869,1.76,1.37,0.28,2.93,103.38,1,0,45-54,Postpaid_Unlimited,Tablet,4G+,2026-04-15
SUB3479129,8.0,1.93,0.67,0.85,128.29,1,0,25-34,Postpaid_Basic,5G_Device,4G+,2026-03-21
SUB1855434,2.32,2.58,0.36,0.25,95.04,0,0,35-44,Postpaid_Unlimited,Premium_Smartphone,4G+,2026-03-19
SUB1308697,0.69,6.0,2.79,0.01,78.27,1,0,25-34,Postpaid_Unlimited,5G_Device,4G,2026-03-28
SUB4715799,3.75,0.83,0.38,2.98,99.73,0,1,25-34,Postpaid_Basic,Premium_Smartphone,5G,2026-04-01
SUB5719707,0.62,0.44,0.25,0.2,30.61,0,0,35-44,Postpaid_Premium,Basic_Phone,4G+,2026-04-15
SUB8279074,2.29,0.11,0.69,2.46,51.53,1,1,25-34,Postpaid_Premium,Mid_Range,3G,2026-04-14
SUB9461516,0.19,0.07,0.24,0.13,63.0,0,0,55+,Postpaid_Basic,Mid_Range,5G,2026-04-17
SUB7032290,0.46,1.32,0.02,0.43,47.95,1,0,35-44,Prepaid_Monthly,Mid_Range,4G,2026-04-08
SUB5203726,2.73,0.41,0.11,0.11,118.95,0,0,45-54,Prepaid_Daily,Premium_Smartphone,4G+,2026-04-01
SUB1842606,0.34,0.52,0.15,0.46,87.83,1,0,35-44,Prepaid_Monthly,Mid_Range,5G,2026-04-04
SUB6732452,0.37,0.31,0.2,0.04,23.91,0,0,45-54,Postpaid_Unlimited,Basic_Phone,4G,2026-04-07
SUB8377775,1.65,0.9,0.31,0.39,68.83,1,0,18-24,Prepaid_Monthly,Mid_Range,5G,2026-04-08
SUB4871549,8.0,6.0,2.85,4.8,98.08,1,0,18-24,Postpaid_Premium,5G_Device,5G,2026-04-12
SUB9839023,1.47,0.39,0.19,0.11,76.8,0,1,25-34,Prepaid_Daily,5G_Device,3G,2026-03-23
SUB6635312,0.25,2.22,0.87,0.25,68.25,0,1,45-54,Postpaid_Basic,5G_Device,3G,2026-04-14
SUB8724954,1.78,0.22,1.73,0.1,60.9,0,1,18-24,Prepaid_Daily,Mid_Range,4G,2026-03-25
SUB4699446,0.18,0.56,0.02,0.15,32.47,0,1,55+,Postpaid_Basic,Mid_Range,4G,2026-04-04
SUB5223138,0.36,1.55,0.09,0.17,41.71,0,0,18-24,Prepaid_Daily,Basic_Phone,4G+,2026-04-04
SUB1548723,8.0,1.25,0.75,0.59,126.28,1,1,18-24,Postpaid_Basic,Premium_Smartphone,4G,2026-03-23
SUB4232940,2.39,2.27,0.53,1.28,85.4,0,1,18-24,Postpaid_Basic,Mid_Range,5G,2026-04-05
SUB5773147,2.51,1.86,0.3,0.02,102.84,1,0,35-44,Postpaid_Premium,5G_Device,4G,2026-03-28
SUB9473958,0.34,0.32,0.0,0.12,99.67,0,0,55+,Postpaid_Basic,Premium_Smartphone,4G,2026-03-20
SUB3885579,0.81,2.03,2.05,0.23,34.86,0,0,25-34,Postpaid_Unlimited,Mid_Range,4G,2026-03-31
SUB6912084,0.62,2.17,0.34,2.2,53.04,0,0,35-44,Postpaid_Premium,Tablet,4G,2026-04-12
SUB8355554,0.3,0.77,0.27,0.57,55.04,0,0,18-24,Prepaid_Daily,5G_Device,4G,2026-04-02
SUB2440352,1.51,0.3,0.3,1.42,87.48,0,0,35-44,Prepaid_Monthly,Premium_Smartphone,4G,2026-03-26
SUB2877330,0.24,0.34,0.3,0.01,61.78,0,0,18-24,Prepaid_Daily,Mid_Range,4G+,2026-04-15
SUB6082070,7.35,2.06,4.0,0.35,124.22,0,1,25-34,Prepaid_Monthly,5G_Device,5G,2026-03-21
SUB9943742,0.37,3.1,0.86,0.75,143.03,0,0,35-44,Postpaid_Basic,Premium_Smartphone,5G,2026-04-09
SUB6054379,8.0,2.39,0.81,0.61,58.39,1,0,35-44,Postpaid_Unlimited,Mid_Range,4G,2026-04-12
SUB8269056,1.78,1.17,0.62,2.31,129.14,1,1,18-24,Postpaid_Basic,Premium_Smartphone,4G,2026-04-06
SUB5147036,0.24,1.31,1.03,0.65,30.47,0,1,18-24,Postpaid_Premium,Mid_Range,3G,2026-04-12
SUB7208087,2.12,0.84,0.02,0.34,61.78,0,0,35-44,Prepaid_Monthly,5G_Device,3G,2026-04-02
SUB2048278,0.39,0.98,0.53,0.36,171.75,1,1,45-54,Prepaid_Daily,5G_Device,4G,2026-03-20
SUB8035483,0.78,0.2,0.01,0.16,78.89,0,0,55+,Postpaid_Premium,Premium_Smartphone,4G,2026-04-07
SUB1123182,1.0,0.68,0.97,0.05,59.48,0,0,45-54,Prepaid_Monthly,Mid_Range,5G,2026-04-06
SUB5242895,0.91,1.2,0.07,0.29,86.13,0,0,55+,Postpaid_Unlimited,Premium_Smartphone,5G,2026-04-14
SUB8491818,2.37,0.94,0.07,1.3,67.82,1,0,25-34,Prepaid_Daily,Mid_Range,4G+,2026-03-31
SUB6217975,2.39,3.46,1.06,0.0,71.51,0,1,25-34,Postpaid_Unlimited,Mid_Range,4G+,2026-03-25
SUB9472714,0.12,0.84,0.06,0.04,77.66,0,0,18-24,Postpaid_Premium,Premium_Smartphone,4G+,2026-04-07
SUB1164486,0.15,0.27,0.21,0.02,22.55,0,0,25-34,Postpaid_Basic,Basic_Phone,4G,2026-03-26
SUB4846556,1.32,2.04,0.92,1.69,73.08,0,0,35-44,Postpaid_Unlimited,5G_Device,4G,2026-04-04
SUB7259225,0.75,0.6,0.03,0.01,59.19,0,0,45-54,Prepaid_Monthly,Mid_Range,4G,2026-03-28
SUB1735062,1.07,0.75,2.68,1.89,69.14,0,0,25-34,Prepaid_Daily,5G_Device,4G+,2026-03-24
SUB1727468,0.54,0.15,0.3,0.01,44.75,1,0,25-34,Prepaid_Daily,Basic_Phone,4G,2026-04-10
SUB3064618,0.38,0.51,0.21,0.08,64.72,0,0,35-44,Prepaid_Monthly,Premium_Smartphone,3G,2026-04-02
SUB4454707,2.79,1.74,0.02,0.01,69.4,0,0,35-44,Prepaid_Monthly,5G_Device,4G,2026-03-27
SUB5872587,1.17,0.5,0.01,0.99,47.99,0,0,25-34,Postpaid_Unlimited,Mid_Range,4G,2026-03-22
SUB7284179,1.44,0.69,0.04,0.0,123.87,0,0,45-54,Prepaid_Daily,Premium_Smartphone,5G,2026-03-23
SUB7914128,2.38,6.0,3.18,6.0,200.0,1,1,18-24,Postpaid_Unlimited,Premium_Smartphone,5G,2026-04-12
SUB3798658,1.28,0.06,0.48,0.09,151.17,0,0,55+,Postpaid_Unlimited,Premium_Smartphone,5G,2026-04-13
SUB8662208,2.24,3.37,0.15,0.21,75.74,0,1,55+,Postpaid_Premium,Mid_Range,5G,2026-03-24
SUB2424241,1.34,5.63,0.94,0.16,62.24,0,0,25-34,Postpaid_Unlimited,5G_Device,4G,2026-03-28
SUB1902810,3.72,2.62,1.1,0.09,106.33,1,1,25-34,Postpaid_Premium,Premium_Smartphone,3G,2026-03-20
SUB6541543,1.73,0.64,0.15,0.34,126.54,0,0,35-44,Postpaid_Basic,Premium_Smartphone,5G,2026-04-11
SUB4714528,2.24,1.38,0.01,0.78,61.83,0,0,25-34,Postpaid_Basic,5G_Device,3G,2026-03-27
SUB6169619,0.97,6.0,0.28,0.3,48.22,0,0,18-24,Postpaid_Basic,Mid_Range,4G,2026-03-22
SUB7395021,0.15,0.03,0.09,0.01,71.76,0,1,55+,Prepaid_Daily,Mid_Range,4G+,2026-03-19
SUB7961507,0.09,0.55,0.29,0.28,50.76,1,0,25-34,Prepaid_Daily,Mid_Range,4G,2026-03-26
SUB4695611,0.65,0.76,0.25,0.17,19.99,0,0,18-24,Postpaid_Basic,Basic_Phone,4G,2026-03-29
SUB6431159,0.38,0.73,0.51,0.29,90.34,0,1,35-44,Prepaid_Daily,Mid_Range,5G,2026-04-09
SUB4392389,0.98,0.39,1.2,0.06,36.64,0,0,18-24,Postpaid_Unlimited,Mid_Range,4G,2026-03-26
SUB4416502,1.88,3.84,1.41,0.03,83.84,1,0,18-24,Postpaid_Basic,Premium_Smartphone,4G,2026-03-25
SUB9351870,0.69,0.65,0.32,0.0,77.98,0,0,25-34,Prepaid_Monthly,Mid_Range,5G,2026-04-12
SUB7225175,0.14,3.9,0.08,0.32,123.36,0,0,25-34,Prepaid_Daily,5G_Device,5G,2026-03-25
SUB2001622,0.15,0.27,0.07,0.24,40.01,0,1,35-44,Prepaid_Monthly,Mid_Range,3G,2026-03-22
SUB4246319,0.91,0.47,0.46,0.39,86.38,0,0,55+,Prepaid_Monthly,5G_Device,4G+,2026-04-07
SUB2636617,0.34,0.76,0.11,0.02,21.77,0,0,45-54,Prepaid_Daily,Mid_Range,3G,2026-03-27
SUB3466704,1.7,3.35,1.67,1.55,60.6,0,1,18-24,Postpaid_Unlimited,Premium_Smartphone,3G,2026-04-09
SUB9750519,0.76,0.42,0.02,0.44,35.45,0,0,18-24,Prepaid_Monthly,Mid_Range,4G,2026-04-09
SUB2046251,7.51,1.67,0.21,1.3,84.2,0,0,35-44,Postpaid_Premium,Premium_Smartphone,4G,2026-04-13
SUB1285356,0.37,0.91,0.67,0.07,57.15,0,0,35-44,Prepaid_Daily,Tablet,3G,2026-04-04
SUB4003337,0.25,4.78,0.13,0.22,82.59,0,0,45-54,Postpaid_Unlimited,Premium_Smartphone,4G,2026-03-31
SUB7563484,2.28,0.29,0.82,0.2,90.64,0,0,35-44,Postpaid_Basic,5G_Device,4G,2026-04-01
SUB9505089,0.9,2.48,0.31,0.74,84.97,0,0,18-24,Postpaid_Premium,Mid_Range,5G,2026-03-21
SUB5262563,1.37,4.22,1.63,3.69,65.25,0,0,25-34,Postpaid_Premium,5G_Device,3G,2026-03-22
SUB4275654,0.12,0.51,0.32,0.29,36.25,0,1,45-54,Postpaid_Basic,Mid_Range,3G,2026-04-13
SUB4674777,0.47,0.25,0.18,0.3,175.04,0,1,55+,Prepaid_Daily,Premium_Smartphone,5G,2026-03-29
SUB7233550,6.77,1.48,0.16,0.4,60.94,1,0,18-24,Prepaid_Monthly,Mid_Range,4G,2026-04-03
SUB9122734,4.11,1.73,0.03,0.54,100.13,0,0,25-34,Prepaid_Monthly,Premium_Smartphone,4G,2026-04-12
SUB6925313,1.28,3.06,0.31,1.49,60.84,0,0,18-24,Postpaid_Basic,Premium_Smartphone,4G,2026-03-20
SUB5395102,1.62,3.02,1.05,0.41,114.36,1,0,25-34,Prepaid_Monthly,Premium_Smartphone,4G,2026-04-05
SUB9045021,1.59,3.24,0.7,1.36,122.83,0,0,18-24,Postpaid_Premium,5G_Device,5G,2026-03-25
SUB9059562,0.47,0.22,0.26,0.01,35.1,0,0,55+,Prepaid_Monthly,Mid_Range,3G,2026-04-01
SUB7824125,1.8,1.33,0.28,0.09,71.31,0,0,35-44,Prepaid_Monthly,Tablet,4G,2026-04-11
SUB3242019,1.19,4.15,1.07,0.06,92.98,1,0,45-54,Postpaid_Unlimited,5G_Device,4G,2026-04-08
SUB1312051,1.02,0.4,0.33,0.07,48.89,0,0,55+,Postpaid_Unlimited,Mid_Range,4G,2026-03-19
SUB7170022,1.48,0.31,0.01,0.22,36.84,0,0,18-24,Postpaid_Unlimited,Mid_Range,3G,2026-03-29
SUB3791004,0.37,0.37,0.01,0.05,29.07,0,0,35-44,Postpaid_Basic,Basic_Phone,4G,2026-04-01
SUB7262748,0.74,0.71,0.14,0.02,95.72,1,0,45-54,Prepaid_Daily,Mid_Range,5G,2026-04-14
SUB4568125,5.01,6.0,0.26,1.51,101.27,0,0,35-44,Postpaid_Unlimited,5G_Device,5G,2026-04-17
SUB7656669,0.79,1.13,0.25,0.23,71.96,0,0,35-44,Prepaid_Daily,Mid_Range,5G,2026-03-31
SUB3442905,0.96,1.41,0.15,0.29,51.38,0,0,25-34,Prepaid_Daily,Mid_Range,5G,2026-04-04
SUB2412210,0.51,0.07,0.15,0.05,22.86,0,1,35-44,Prepaid_Daily,Basic_Phone,4G,2026-04-01
SUB7025140,1.63,0.98,0.52,0.6,46.82,0,0,25-34,Postpaid_Premium,Mid_Range,4G,2026-03-22
SUB7362781,0.93,1.17,0.06,0.07,38.78,1,0,25-34,Prepaid_Daily,Mid_Range,3G,2026-03-24
SUB4163257,3.0,0.82,0.33,0.5,37.22,1,0,18-24,Postpaid_Premium,Mid_Range,3G,2026-04-08
SUB3674986,0.17,2.36,0.07,0.34,45.0,1,0,18-24,Prepaid_Daily,Tablet,3G,2026-04-02
SUB4415814,1.47,1.29,1.24,0.44,38.18,0,0,18-24,Prepaid_Daily,Mid_Range,4G+,2026-03-22
SUB7036860,0.09,0.1,0.02,0.01,21.25,0,0,18-24,Prepaid_Monthly,Basic_Phone,5G,2026-04-15
SUB2950256,1.93,3.91,0.11,0.88,72.53,0,0,25-34,Prepaid_Monthly,5G_Device,4G,2026-04-11
SUB3803528,6.48,6.0,1.01,1.6,98.91,1,0,18-24,Postpaid_Unlimited,Premium_Smartphone,4G,2026-03-30
SUB6310825,5.35,0.5,0.01,0.07,60.17,1,0,18-24,Postpaid_Unlimited,Basic_Phone,5G,2026-04-14
SUB5254284,0.36,0.13,0.14,0.06,14.33,0,1,45-54,Prepaid_Daily,Basic_Phone,4G,2026-04-09
SUB1165301,3.08,2.25,0.2,0.0,66.76,1,1,45-54,Postpaid_Unlimited,Mid_Range,4G,2026-03-27
SUB5814974,0.08,0.63,0.22,1.4,66.28,0,0,45-54,Postpaid_Premium,Premium_Smartphone,4G,2026-03-29
SUB1297180,0.18,0.31,0.02,0.23,32.24,0,0,55+,Prepaid_Monthly,Basic_Phone,4G,2026-03-25
SUB4405914,3.81,4.56,0.69,1.16,179.52,1,0,18-24,Postpaid_Premium,Premium_Smartphone,4G+,2026-03-27
SUB9165786,3.97,2.48,0.14,0.21,88.41,1,1,18-24,Postpaid_Unlimited,Premium_Smartphone,4G,2026-04-03
SUB5177927,0.66,0.19,0.51,0.46,92.08,0,0,25-34,Prepaid_Daily,Mid_Range,5G,2026-03-27
SUB5876831,0.53,0.16,0.1,0.11,68.64,0,1,55+,Prepaid_Daily,Premium_Smartphone,4G,2026-04-08
SUB6032403,1.31,0.61,1.32,0.01,142.19,0,1,45-54,Prepaid_Monthly,Tablet,5G,2026-04-12
SUB4229065,1.41,0.54,0.09,0.11,53.06,0,0,25-34,Prepaid_Daily,5G_Device,4G,2026-04-14
SUB1587426,1.97,2.56,0.52,2.35,109.64,0,1,18-24,Prepaid_Monthly,Premium_Smartphone,5G,2026-03-22
SUB4430460,8.0,0.9,2.28,1.33,116.61,1,0,35-44,Postpaid_Basic,Premium_Smartphone,5G,2026-04-16
SUB2131614,1.25,1.25,0.55,1.28,20.33,0,0,25-34,Postpaid_Premium,Mid_Range,3G,2026-03-29
SUB9003029,1.48,0.8,0.05,0.29,38.24,0,0,25-34,Prepaid_Monthly,Premium_Smartphone,3G,2026-04-13
SUB3466507,1.17,0.71,0.88,0.25,139.0,0,1,55+,Prepaid_Monthly,5G_Device,4G+,2026-03-31
SUB6418673,2.46,1.17,0.14,0.14,59.24,0,0,35-44,Postpaid_Premium,Premium_Smartphone,3G,2026-03-20
SUB1776385,0.59,2.35,0.09,0.18,133.65,1,0,55+,Prepaid_Monthly,5G_Device,5G,2026-03-19
SUB8464370,8.0,3.84,0.91,1.26,194.86,1,1,25-34,Postpaid_Premium,Tablet,5G,2026-04-03
SUB5559512,1.1,2.1,1.66,3.2,60.46,0,1,35-44,Postpaid_Unlimited,Premium_Smartphone,3G,2026-03-25
SUB7519453,0.34,3.82,2.17,1.0,200.0,1,1,45-54,Postpaid_Unlimited,Premium_Smartphone,5G,2026-04-13
SUB7846090,2.5,0.19,2.55,0.0,59.0,0,1,35-44,Postpaid_Premium,Mid_Range,4G,2026-03-27
SUB9607964,1.87,0.82,0.13,0.52,50.49,0,1,35-44,Prepaid_Monthly,Mid_Range,4G,2026-03-22
SUB3995353,0.63,3.51,0.13,0.18,111.25,1,0,35-44,Prepaid_Daily,Mid_Range,5G,2026-04-04
SUB2675255,1.48,2.28,0.85,0.25,85.36,0,0,45-54,Postpaid_Premium,Premium_Smartphone,5G,2026-03-30
SUB9873208,0.23,0.65,0.56,0.29,18.3,1,0,18-24,Postpaid_Unlimited,Basic_Phone,4G,2026-03-30
SUB2908151,0.21,0.79,0.4,0.54,77.29,0,0,25-34,Prepaid_Daily,Premium_Smartphone,4G+,2026-03-26
SUB4289363,0.48,0.27,1.03,0.52,42.41,0,0,25-34,Prepaid_Daily,5G_Device,3G,2026-04-12
SUB3786202,3.25,0.9,0.42,1.02,200.0,1,1,55+,Postpaid_Premium,Tablet,5G,2026-04-14
SUB8713409,1.83,0.75,0.02,0.03,54.54,0,0,55+,Prepaid_Daily,5G_Device,4G,2026-04-13
SUB5209229,1.17,0.31,0.15,0.05,60.62,0,0,18-24,Prepaid_Daily,Mid_Range,4G,2026-03-22
SUB2649379,1.32,4.56,0.68,0.42,54.22,0,1,18-24,Postpaid_Unlimited,Mid_Range,4G,2026-04-12
SUB6551093,0.75,0.14,0.03,0.0,49.96,0,0,55+,Prepaid_Daily,Mid_Range,4G,2026-04-10
SUB3392001,0.06,0.65,0.01,1.05,35.89,0,0,25-34,Prepaid_Daily,Mid_Range,4G,2026-04-13
SUB3316830,0.05,3.95,0.36,2.81,101.54,0,0,18-24,Postpaid_Basic,Premium_Smartphone,4G+,2026-04-01
SUB2233387,2.19,0.88,0.14,0.03,29.0,0,0,18-24,Postpaid_Premium,Basic_Phone,4G+,2026-03-26
SUB8625417,0.46,0.44,0.18,0.22,61.18,0,1,25-34,Prepaid_Monthly,Mid_Range,3G,2026-04-06
SUB9439426,3.11,0.47,0.02,0.19,62.38,0,0,35-44,Prepaid_Monthly,Mid_Range,4G,2026-04-07
SUB3249119,4.87,0.5,1.89,0.8,117.97,1,0,25-34,Postpaid_Basic,Premium_Smartphone,4G,2026-04-16
SUB3451603,0.56,2.36,1.13,0.46,117.98,0,1,25-34,Postpaid_Basic,5G_Device,4G+,2026-04-05
SUB2497116,1.3,0.47,0.09,0.02,109.93,0,1,55+,Prepaid_Daily,5G_Device,4G,2026-04-14
SUB6571944,1.75,0.89,0.17,0.01,63.34,0,0,18-24,Prepaid_Daily,Tablet,4G,2026-04-10
SUB9584036,1.25,1.84,0.02,0.13,65.3,0,0,18-24,Postpaid_Basic,Mid_Range,5G,2026-04-14
SUB5595772,0.71,0.89,0.28,0.2,70.82,0,0,45-54,Postpaid_Premium,5G_Device,3G,2026-03-19
SUB5289991,1.55,0.25,0.19,0.01,45.86,0,0,45-54,Postpaid_Premium,Premium_Smartphone,3G,2026-04-03
SUB6741638,1.91,6.0,0.43,6.0,91.07,1,0,25-34,Postpaid_Premium,Premium_Smartphone,4G,2026-04-13
SUB7052677,5.7,4.49,2.68,0.28,79.44,0,0,25-34,Postpaid_Premium,5G_Device,4G+,2026-04-08
SUB4807114,0.11,0.7,0.06,0.38,72.88,0,0,25-34,Prepaid_Daily,Mid_Range,5G,2026-04-13
SUB9224767,3.46,6.0,2.74,0.93,142.62,1,1,35-44,Postpaid_Unlimited,5G_Device,4G+,2026-04-02
SUB7582123,0.9,4.15,1.0,0.64,55.71,0,0,18-24,Postpaid_Unlimited,Premium_Smartphone,3G,2026-03-22
SUB7805969,2.31,0.27,0.49,0.54,73.65,0,0,25-34,Postpaid_Basic,Mid_Range,4G+,2026-04-02
SUB4981048,8.0,2.34,0.45,0.8,77.94,0,0,18-24,Prepaid_Monthly,Mid_Range,5G,2026-04-05
SUB7079422,0.24,1.48,0.61,0.0,91.53,0,0,45-54,Postpaid_Basic,5G_Device,4G,2026-03-30
SUB6636589,0.73,3.63,1.49,0.0,116.12,0,0,25-34,Postpaid_Basic,Premium_Smartphone,4G+,2026-04-12
SUB8946321,1.21,0.99,0.23,0.1,134.19,0,0,25-34,Prepaid_Monthly,Premium_Smartphone,5G,2026-03-30
SUB2671179,0.36,0.71,0.76,1.45,101.03,0,1,18-24,Postpaid_Basic,Mid_Range,5G,2026-03-27
SUB9484102,2.18,1.05,1.29,1.09,101.09,1,1,18-24,Postpaid_Premium,Mid_Range,5G,2026-03-19
SUB4228409,0.86,2.79,0.86,0.13,135.62,0,0,35-44,Postpaid_Premium,Premium_Smartphone,5G,2026-04-02
SUB9227953,0.2,0.46,0.11,0.44,56.29,0,0,45-54,Prepaid_Daily,Mid_Range,4G+,2026-03-21
SUB5898841,0.1,0.84,0.08,0.34,23.27,0,0,35-44,Prepaid_Daily,Mid_Range,3G,2026-03-29
SUB9324878,0.6,2.2,0.25,0.27,83.66,1,0,35-44,Postpaid_Premium,Mid_Range,4G+,2026-03-19
SUB4014130,3.54,1.19,0.43,0.02,84.91,0,1,18-24,Postpaid_Unlimited,Mid_Range,4G+,2026-04-13
SUB8592443,0.25,1.64,0.37,1.63,61.25,1,0,35-44,Postpaid_Basic,Mid_Range,4G,2026-04-07
SUB9328736,1.44,1.96,0.06,0.43,56.31,0,1,18-24,Postpaid_Premium,Mid_Range,4G,2026-04-14
SUB5747492,2.26,0.35,0.07,0.29,105.08,0,0,18-24,Prepaid_Daily,5G_Device,4G,2026-04-04
SUB3111278,2.05,0.29,0.1,0.69,99.26,1,0,45-54,Postpaid_Basic,Premium_Smartphone,5G,2026-04-17
SUB8975518,1.6,0.58,1.56,0.07,151.43,0,0,45-54,Postpaid_Unlimited,Premium_Smartphone,5G,2026-04-02
SUB1216651,0.38,1.2,0.41,1.13,54.54,0,0,35-44,Postpaid_Premium,Mid_Range,4G,2026-03-29
SUB9305530,0.87,1.03,0.09,0.01,75.99,1,0,45-54,Postpaid_Unlimited,Premium_Smartphone,4G,2026-04-13
SUB7620661,1.16,0.84,0.03,0.49,128.63,1,1,55+,Postpaid_Basic,Premium_Smartphone,4G+,2026-04-04
SUB7367038,1.21,1.53,0.82,0.56,84.25,0,0,18-24,Postpaid_Premium,Mid_Range,5G,2026-04-15
SUB8572491,0.04,0.09,0.02,0.01,18.0,0,1,55+,Prepaid_Daily,Basic_Phone,3G,2026-04-15
SUB1605502,0.1,1.13,0.32,0.52,47.41,0,0,35-44,Prepaid_Daily,Premium_Smartphone,4G,2026-03-20
SUB3535244,0.51,0.19,0.25,0.51,67.82,0,0,45-54,Prepaid_Daily,Mid_Range,4G+,2026-03-19
SUB2560155,0.27,0.27,0.13,0.07,24.11,1,0,35-44,Postpaid_Basic,Basic_Phone,3G,2026-03-28
SUB2611589,0.87,0.33,0.01,0.29,36.65,0,1,35-44,Prepaid_Monthly,Mid_Range,3G,2026-03-24
SUB1468163,3.09,4.41,1.06,2.35,137.1,1,0,35-44,Postpaid_Premium,Premium_Smartphone,5G,2026-04-02
SUB1770008,4.2,1.24,1.25,0.43,94.78,0,0,25-34,Postpaid_Unlimited,5G_Device,4G,2026-04-17
SUB5498907,0.52,0.86,0.26,0.24,108.66,1,1,55+,Postpaid_Basic,5G_Device,3G,2026-03-30
SUB4000102,1.75,0.56,0.84,0.4,42.97,0,0,18-24,Prepaid_Monthly,Mid_Range,4G+,2026-04-12
SUB7589763,1.32,3.64,0.54,0.55,107.05,1,1,25-34,Postpaid_Unlimited,Tablet,4G,2026-04-05
SUB8686906,3.16,0.39,1.02,0.74,78.93,1,0,18-24,Postpaid_Basic,5G_Device,4G,2026-04-06
SUB3378772,6.87,3.11,0.97,0.13,55.04,0,1,25-34,Postpaid_Premium,Mid_Range,4G,2026-04-06
SUB4476452,7.67,1.64,1.01,0.96,139.8,0,0,18-24,Postpaid_Unlimited,5G_Device,5G,2026-03-26
SUB4397559,4.71,6.0,1.64,0.28,86.97,1,0,18-24,Postpaid_Unlimited,Premium_Smartphone,4G,2026-04-12
SUB9737345,0.52,0.6,0.07,0.21,32.99,1,0,25-34,Postpaid_Basic,Basic_Phone,5G,2026-04-17
SUB3821562,2.09,2.45,0.84,0.11,67.23,0,1,25-34,Postpaid_Premium,Mid_Range,4G,2026-03-25
SUB6740592,2.22,2.95,0.08,1.22,58.03,0,0,18-24,Postpaid_Basic,Mid_Range,5G,2026-04-12
SUB2512185,2.58,2.75,0.54,0.34,134.25,0,0,25-34,Postpaid_Basic,Premium_Smartphone,5G,2026-04-08
SUB9570209,0.63,0.2,0.04,0.15,70.52,0,0,55+,Postpaid_Basic,5G_Device,5G,2026-04-02
SUB5262986,5.49,1.1,0.56,0.08,72.36,1,0,18-24,Postpaid_Basic,Mid_Range,5G,2026-04-17
SUB4368737,0.36,1.62,0.58,0.05,98.99,0,0,25-34,Prepaid_Monthly,Premium_Smartphone,4G,2026-03-24
SUB3544544,1.11,6.0,0.3,0.1,55.37,1,1,18-24,Postpaid_Premium,Mid_Range,3G,2026-03-23
SUB6325910,4.72,4.51,0.16,0.78,72.35,0,0,18-24,Prepaid_Monthly,Premium_Smartphone,5G,2026-03-23
SUB6363240,1.99,0.64,0.34,0.01,61.4,1,1,35-44,Postpaid_Basic,5G_Device,3G,2026-04-06
SUB3028217,0.58,0.76,0.65,0.33,80.92,0,0,25-34,Postpaid_Premium,Premium_Smartphone,4G,2026-04-10
SUB1659297,0.12,0.82,0.7,1.4,45.94,0,0,25-34,Postpaid_Unlimited,Premium_Smartphone,4G,2026-04-16
SUB7985481,0.77,6.0,0.88,1.46,85.72,0,0,18-24,Prepaid_Monthly,5G_Device,4G+,2026-04-06
SUB6748777,1.55,3.84,0.04,0.36,95.04,1,0,35-44,Postpaid_Unlimited,Mid_Range,4G+,2026-03-25
SUB8226460,7.79,2.74,2.36,1.29,167.88,0,1,45-54,Postpaid_Unlimited,5G_Device,5G,2026-04-02
SUB6506774,8.0,0.39,1.68,2.83,168.61,1,0,18-24,Postpaid_Basic,Premium_Smartphone,4G+,2026-03-30
SUB9977914,2.44,0.77,1.32,0.38,125.68,0,0,18-24,Postpaid_Premium,Premium_Smartphone,5G,2026-04-01
SUB6237264,2.18,2.65,0.22,0.57,159.18,1,1,18-24,Prepaid_Monthly,5G_Device,4G,2026-04-10
SUB2445819,1.84,3.07,0.58,0.42,37.1,0,0,35-44,Postpaid_Unlimited,Premium_Smartphone,3G,2026-04-16
SUB3233969,1.8,6.0,2.84,0.11,71.0,0,1,18-24,Postpaid_Premium,Premium_Smartphone,4G,2026-04-14
SUB1192803,1.08,1.27,0.47,0.65,151.11,0,0,25-34,Prepaid_Monthly,Premium_Smartphone,5G,2026-04-03
SUB3453039,0.25,0.26,0.13,0.03,25.54,0,0,18-24,Prepaid_Monthly,Basic_Phone,4G,2026-03-25
SUB6959776,0.59,1.54,0.08,0.0,41.03,0,0,18-24,Postpaid_Basic,Mid_Range,4G,2026-04-17
SUB8352182,0.43,0.32,0.13,0.11,90.55,1,0,18-24,Prepaid_Monthly,Tablet,4G+,2026-04-13
SUB6431369,0.95,0.97,0.03,0.4,62.6,0,0,25-34,Postpaid_Premium,Mid_Range,4G,2026-04-13
SUB7153283,2.15,0.15,0.02,0.72,58.0,0,0,18-24,Prepaid_Monthly,Premium_Smartphone,3G,2026-03-29
SUB7132469,4.7,1.74,0.32,0.16,96.58,0,0,25-34,Postpaid_Basic,Mid_Range,5G,2026-04-02
SUB7491212,0.73,0.41,0.36,0.06,34.84,0,1,35-44,Postpaid_Premium,Mid_Range,3G,2026-04-06
SUB9220879,0.68,2.06,1.19,2.13,117.55,0,0,25-34,Postpaid_Unlimited,Premium_Smartphone,5G,2026-04-02
SUB8205273,0.33,0.69,0.6,0.47,81.41,0,1,35-44,Postpaid_Premium,Premium_Smartphone,4G,2026-03-20
SUB5528458,4.73,1.69,0.65,0.02,63.96,0,0,35-44,Postpaid_Premium,Mid_Range,5G,2026-04-15
SUB5327219,1.23,1.77,1.08,1.29,49.47,0,0,35-44,Postpaid_Unlimited,5G_Device,3G,2026-04-02
SUB1777150,4.36,2.12,0.05,0.11,146.43,1,1,55+,Postpaid_Basic,5G_Device,4G,2026-03-25
SUB7316851,2.07,0.75,0.04,0.15,45.2,1,1,18-24,Postpaid_Premium,Mid_Range,3G,2026-04-07
SUB6472587,3.2,1.22,0.1,0.27,89.5,1,0,18-24,Prepaid_Monthly,Premium_Smartphone,4G,2026-03-29
SUB3321991,7.14,5.29,1.11,1.38,134.44,1,1,35-44,Postpaid_Premium,5G_Device,4G,2026-04-05
SUB6462762,0.16,0.32,0.15,0.01,5.0,1,0,35-44,Prepaid_Monthly,Basic_Phone,4G,2026-04-11
SUB2676099,8.0,3.1,2.37,2.09,131.88,0,1,25-34,Postpaid_Unlimited,Premium_Smartphone,4G,2026-04-06
SUB3090651,0.08,1.19,0.37,0.29,51.98,0,1,18-24,Prepaid_Monthly,Mid_Range,3G,2026-04-12
SUB6855113,0.38,0.5,0.07,0.01,28.54,0,0,35-44,Prepaid_Daily,Basic_Phone,5G,2026-03-25
SUB1527169,0.33,0.08,0.19,0.35,97.55,0,0,55+,Prepaid_Daily,5G_Device,4G+,2026-03-31
SUB8123801,2.29,0.66,0.37,0.82,66.34,1,0,25-34,Prepaid_Daily,5G_Device,4G,2026-04-12
SUB4781876,0.72,0.62,0.22,0.16,74.98,1,0,55+,Prepaid_Monthly,Mid_Range,4G,2026-03-21
SUB6065521,0.29,1.13,0.86,0.04,71.23,0,0,25-34,Postpaid_Basic,5G_Device,4G,2026-04-07
SUB2897465,2.09,6.0,0.17,0.12,99.39,0,1,18-24,Postpaid_Unlimited,Mid_Range,5G,2026-04-08
SUB3263567,0.13,4.64,0.12,1.3,121.79,1,1,25-34,Prepaid_Monthly,Premium_Smartphone,4G+,2026-04-02
SUB6698485,2.82,1.83,0.16,0.21,107.74,0,0,25-34,Prepaid_Monthly,Premium_Smartphone,5G,2026-04-12
SUB5665770,0.59,1.43,0.06,0.44,101.85,0,1,35-44,Postpaid_Premium,Premium_Smartphone,4G,2026-04-10
SUB9536341,2.31,1.7,1.0,0.4,151.61,1,0,25-34,Prepaid_Daily,5G_Device,5G,2026-03-31
SUB9683585,8.0,0.96,0.14,2.74,131.33,0,0,25-34,Postpaid_Unlimited,Premium_Smartphone,5G,2026-04-14
SUB3724006,0.42,1.0,0.1,1.05,57.22,0,0,18-24,Prepaid_Monthly,Mid_Range,4G,2026-03-29
SUB2119816,3.46,3.28,0.15,0.44,120.8,1,0,25-34,Postpaid_Basic,5G_Device,4G,2026-04-04
SUB6168949,0.2,0.29,0.3,0.32,39.51,0,1,25-34,Prepaid_Daily,Basic_Phone,5G,2026-03-22
SUB4971183,1.53,0.26,0.04,0.38,118.68,0,0,55+,Prepaid_Daily,Premium_Smartphone,5G,2026-04-16
SUB4972369,0.33,6.0,3.28,0.27,147.02,0,0,25-34,Postpaid_Premium,Premium_Smartphone,5G,2026-03-29
SUB5550038,0.52,2.1,0.02,1.64,72.57,0,0,45-54,Prepaid_Monthly,5G_Device,5G,2026-03-31
SUB4226250,8.0,1.26,4.0,4.91,81.96,0,0,25-34,Postpaid_Unlimited,Premium_Smartphone,4G+,2026-04-01
SUB3470950,3.32,1.63,0.59,0.01,86.45,0,0,18-24,Postpaid_Basic,5G_Device,5G,2026-03-21
SUB7410563,0.73,3.09,0.17,0.31,44.28,0,1,18-24,Postpaid_Premium,Mid_Range,4G,2026-03-27
SUB9789784,1.06,1.96,2.71,1.33,111.77,1,1,25-34,Postpaid_Unlimited,Mid_Range,5G,2026-03-25
SUB2043423,0.37,0.49,0.99,0.01,118.07,0,1,55+,Prepaid_Monthly,Tablet,4G,2026-03-27
SUB9315308,2.88,0.54,0.63,0.98,44.54,0,0,35-44,Postpaid_Premium,Premium_Smartphone,4G,2026-03-22
SUB3517626,2.23,0.32,0.18,0.33,48.26,0,1,55+,Prepaid_Daily,Mid_Range,4G+,2026-04-13
SUB1092889,1.77,2.74,0.29,0.68,146.77,1,0,45-54,Postpaid_Premium,5G_Device,4G+,2026-03-30
SUB1717884,0.54,2.37,0.51,1.38,95.94,1,0,35-44,Postpaid_Premium,Premium_Smartphone,4G+,2026-04-09
SUB5609635,0.33,3.14,0.05,0.11,51.31,0,0,35-44,Postpaid_Basic,Premium_Smartphone,4G,2026-03-30
SUB3798945,0.39,1.29,0.11,1.61,83.05,1,0,35-44,Prepaid_Daily,Premium_Smartphone,4G,2026-04-05
SUB5415880,3.45,1.35,0.16,0.14,75.32,1,0,35-44,Postpaid_Basic,Premium_Smartphone,4G,2026-03-22
SUB4102923,0.78,1.46,1.11,0.7,103.93,0,1,25-34,Postpaid_Unlimited,Premium_Smartphone,4G,2026-03-27
SUB7616243,0.66,2.41,1.48,1.35,73.75,1,0,25-34,Postpaid_Unlimited,Mid_Range,4G,2026-03-24
SUB8615487,1.6,2.78,1.76,1.8,100.66,1,0,35-44,Postpaid_Premium,5G_Device,4G,2026-04-03
SUB4137877,1.59,5.33,0.14,1.48,105.13,0,1,18-24,Prepaid_Monthly,Premium_Smartphone,4G,2026-04-16
SUB5448388,1.1,2.17,2.72,0.25,80.94,0,1,25-34,Postpaid_Unlimited,Mid_Range,4G+,2026-04-09
SUB9518074,2.92,2.92,0.12,1.46,85.05,0,0,45-54,Postpaid_Unlimited,Premium_Smartphone,4G,2026-03-24
SUB8370563,0.53,0.23,0.05,0.03,37.67,0,1,25-34,Prepaid_Monthly,Basic_Phone,4G,2026-04-15
SUB8751066,0.76,0.57,0.16,0.14,57.73,0,0,35-44,Prepaid_Daily,Premium_Smartphone,4G,2026-04-14
SUB2594575,4.9,2.82,1.44,0.01,60.03,0,0,18-24,Postpaid_Unlimited,Mid_Range,4G+,2026-04-17
SUB7145660,6.85,1.79,2.45,0.01,98.65,1,1,45-54,Postpaid_Unlimited,Mid_Range,4G,2026-03-29
SUB2732329,1.14,1.26,0.19,0.06,76.22,0,0,25-34,Prepaid_Daily,5G_Device,4G,2026-04-11
SUB2857084,0.74,0.74,0.26,1.79,110.7,0,1,55+,Postpaid_Unlimited,5G_Device,4G,2026-04-01
SUB2394994,0.5,0.64,0.02,0.14,39.61,0,0,55+,Postpaid_Basic,Mid_Range,5G,2026-03-30
SUB5514057,0.4,1.94,0.17,0.0,63.31,1,0,55+,Postpaid_Unlimited,Mid_Range,4G,2026-04-15
SUB2546557,1.12,1.32,0.16,0.23,160.36,1,1,18-24,Prepaid_Monthly,5G_Device,5G,2026-04-04
SUB8398512,0.9,4.03,0.67,0.02,89.05,1,0,25-34,Postpaid_Basic,Tablet,4G,2026-03-20
SUB8084932,2.38,0.05,0.06,0.43,151.37,0,0,55+,Prepaid_Monthly,Premium_Smartphone,5G,2026-03-21
SUB5968901,1.68,0.34,0.46,5.16,167.81,1,0,45-54,Postpaid_Unlimited,Premium_Smartphone,5G,2026-03-20
SUB4200890,0.59,0.04,0.1,0.02,58.18,0,1,55+,Prepaid_Monthly,Mid_Range,4G,2026-03-28
SUB1029882,1.63,0.08,0.4,0.02,46.28,1,0,35-44,Postpaid_Premium,Premium_Smartphone,3G,2026-03-25
SUB3675518,2.63,0.94,0.0,2.31,78.81,1,1,25-34,Prepaid_Daily,Mid_Range,5G,2026-04-12
SUB2398705,3.29,5.51,2.43,2.86,173.8,1,0,18-24,Postpaid_Premium,5G_Device,4G+,2026-04-08
SUB7211715,0.11,0.28,0.28,0.19,45.62,0,0,45-54,Postpaid_Basic,Mid_Range,4G,2026-04-11
SUB7804327,0.6,0.49,0.02,0.22,42.32,0,1,35-44,Prepaid_Daily,Premium_Smartphone,3G,2026-04-01
SUB5817530,1.81,0.87,0.04,0.11,49.09,0,1,18-24,Prepaid_Monthly,Mid_Range,3G,2026-04-12
SUB7934063,0.01,0.5,0.12,0.09,34.77,1,1,18-24,Prepaid_Daily,Basic_Phone,3G,2026-03-21
SUB1556831,0.28,0.95,0.05,0.02,28.48,0,0,35-44,Postpaid_Premium,Basic_Phone,5G,2026-04-10
SUB7711987,2.52,2.65,0.36,0.28,86.46,1,1,35-44,Postpaid_Basic,Mid_Range,5G,2026-04-02
SUB5597577,1.4,0.32,0.03,0.01,55.16,0,0,18-24,Prepaid_Daily,Mid_Range,4G,2026-03-30
SUB6132869,2.05,1.12,0.53,0.35,117.97,1,0,18-24,Prepaid_Monthly,Tablet,4G+,2026-04-03
SUB9762127,1.64,1.97,0.2,0.64,43.52,0,0,18-24,Postpaid_Basic,5G_Device,3G,2026-03-22
SUB8482426,0.66,0.76,0.17,0.63,57.0,0,0,18-24,Prepaid_Daily,Premium_Smartphone,4G,2026-03-23
SUB8934132,2.23,0.76,0.08,0.46,125.41,1,0,55+,Prepaid_Monthly,5G_Device,4G,2026-04-10
SUB8111905,0.86,0.65,0.34,0.42,51.94,0,1,35-44,Postpaid_Premium,Mid_Range,3G,2026-03-27
SUB3030888,1.92,1.78,0.41,0.52,91.87,0,0,35-44,Postpaid_Basic,5G_Device,4G,2026-04-05
SUB2037904,0.25,1.39,0.15,0.22,46.57,0,0,45-54,Postpaid_Basic,Tablet,3G,2026-04-09
SUB6634222,0.8,1.8,2.3,0.13,73.79,0,0,25-34,Prepaid_Monthly,Mid_Range,5G,2026-04-07
SUB7046941,0.25,0.47,0.01,0.03,41.47,0,0,45-54,Prepaid_Daily,Tablet,3G,2026-03-29
SUB7388406,0.74,0.24,0.06,0.02,57.09,1,0,55+,Postpaid_Premium,Mid_Range,3G,2026-04-08
SUB5369246,0.15,1.2,0.03,0.01,19.84,0,0,35-44,Postpaid_Unlimited,Basic_Phone,5G,2026-03-23
SUB9353170,2.05,1.93,0.77,1.65,76.51,0,1,25-34,Postpaid_Basic,Mid_Range,5G,2026-03-20
SUB8642897,0.2,0.73,0.08,0.09,52.11,0,0,35-44,Prepaid_Monthly,Tablet,4G,2026-04-06
SUB9661351,0.37,0.62,0.67,0.38,112.84,1,0,55+,Postpaid_Basic,Premium_Smartphone,4G,2026-04-12
SUB9723346,1.67,2.85,0.06,0.19,131.6,1,0,18-24,Postpaid_Unlimited,Premium_Smartphone,4G,2026-03-23
SUB7767414,2.17,3.47,0.08,0.05,31.03,0,0,25-34,Postpaid_Premium,Mid_Range,3G,2026-04-16
SUB6901179,0.43,0.44,0.13,0.24,41.01,0,0,55+,Postpaid_Unlimited,Mid_Range,4G,2026-04-06
SUB9254080,0.32,1.16,0.07,0.0,69.84,0,0,55+,Prepaid_Monthly,5G_Device,4G,2026-03-19
SUB8013383,1.48,6.0,0.49,0.53,62.16,0,1,25-34,Postpaid_Premium,Mid_Range,4G,2026-04-03
SUB1197170,0.43,0.33,0.85,0.05,43.01,0,1,25-34,Postpaid_Premium,Basic_Phone,5G,2026-03-30
SUB6614058,0.41,0.07,0.03,0.16,49.56,0,0,25-34,Postpaid_Basic,Mid_Range,3G,2026-03-29
SUB6423444,6.23,1.35,0.49,0.13,48.65,0,0,25-34,Postpaid_Basic,Mid_Range,5G,2026-04-05
SUB8360983,0.28,1.05,0.01,0.1,112.54,0,1,55+,Postpaid_Basic,Premium_Smartphone,4G,2026-04-13
SUB5374296,1.0,6.0,4.0,0.57,175.75,1,1,18-24,Postpaid_Premium,5G_Device,4G,2026-04-03
SUB5765358,3.15,6.0,1.52,2.63,126.51,1,0,25-34,Postpaid_Unlimited,Premium_Smartphone,5G,2026-04-01
SUB8499455,0.16,0.63,0.08,0.11,77.05,0,1,55+,Prepaid_Daily,Mid_Range,4G,2026-04-16
SUB3574584,1.92,0.47,0.11,0.21,21.23,1,1,25-34,Postpaid_Basic,Basic_Phone,4G,2026-04-14
SUB8782634,0.51,1.75,1.61,0.32,98.15,1,0,45-54,Postpaid_Unlimited,Mid_Range,4G+,2026-04-04
SUB5990044,1.87,1.84,1.9,1.24,200.0,1,1,25-34,Prepaid_Daily,5G_Device,4G+,2026-03-22
SUB3565513,0.06,0.09,0.12,0.47,77.59,0,0,45-54,Prepaid_Monthly,Mid_Range,5G,2026-03-29
SUB4567008,0.36,0.12,0.0,0.0,38.12,0,0,55+,Prepaid_Daily,Mid_Range,4G,2026-04-09
SUB1447095,0.2,0.25,0.03,0.06,16.57,0,0,25-34,Prepaid_Daily,Basic_Phone,4G,2026-04-05
SUB7824464,1.84,0.17,0.62,0.12,65.35,1,0,45-54,Postpaid_Unlimited,Premium_Smartphone,3G,2026-03-19
SUB3701433,0.59,0.23,0.01,0.0,85.0,0,0,55+,Prepaid_Monthly,Premium_Smartphone,4G,2026-03-21
SUB7600713,0.11,0.68,0.02,0.25,50.02,1,1,55+,Postpaid_Premium,Mid_Range,3G,2026-04-13
SUB1835358,2.47,0.99,0.22,0.11,115.14,0,0,25-34,Prepaid_Daily,Premium_Smartphone,5G,2026-04-07
SUB2971472,2.05,1.65,0.09,0.49,66.09,1,1,25-34,Prepaid_Daily,Mid_Range,4G+,2026-03-23
SUB2079229,2.49,1.28,1.19,1.44,125.5,0,1,25-34,Postpaid_Unlimited,Premium_Smartphone,5G,2026-03-21
SUB2140441,3.13,1.3,0.54,0.24,125.01,0,1,25-34,Postpaid_Basic,5G_Device,4G+,2026-03-23
SUB2194447,0.54,1.66,0.46,0.16,40.24,0,0,25-34,Prepaid_Daily,Mid_Range,4G,2026-03-20
SUB7539991,8.0,3.47,1.82,0.81,88.93,0,0,18-24,Postpaid_Unlimited,5G_Device,5G,2026-03-25
SUB2587916,4.77,5.64,2.14,1.11,155.94,0,1,35-44,Postpaid_Basic,Premium_Smartphone,4G+,2026-04-14
SUB3234268,0.11,0.45,0.02,0.22,31.95,0,0,25-34,Postpaid_Basic,Basic_Phone,5G,2026-04-04
SUB7442399,2.93,1.19,0.11,0.08,62.08,0,0,45-54,Postpaid_Basic,5G_Device,3G,2026-04-08
SUB3603087,3.05,0.16,0.25,0.24,102.41,0,0,45-54,Prepaid_Daily,Premium_Smartphone,4G+,2026-04-13
SUB5961826,2.17,4.22,0.9,0.03,102.96,0,1,25-34,Postpaid_Basic,5G_Device,5G,2026-03-22
SUB6199648,0.62,0.91,0.19,0.03,18.63,0,0,25-34,Postpaid_Basic,Mid_Range,3G,2026-03-29
SUB7636708,1.96,0.37,0.76,0.63,86.63,1,0,45-54,Prepaid_Monthly,Premium_Smartphone,4G,2026-04-07
SUB1049892,1.53,1.35,0.08,0.04,52.61,0,0,18-24,Postpaid_Premium,Tablet,3G,2026-03-24
SUB7473049,0.7,0.44,1.21,0.38,68.15,1,0,18-24,Prepaid_Monthly,Mid_Range,5G,2026-04-09
SUB6072237,2.56,0.18,0.5,0.52,71.01,0,0,45-54,Postpaid_Premium,Premium_Smartphone,3G,2026-03-28
SUB8030736,1.61,0.72,0.25,0.08,66.9,0,0,18-24,Prepaid_Daily,5G_Device,4G,2026-04-01
SUB9734143,1.66,2.03,0.56,1.67,102.51,1,0,45-54,Postpaid_Unlimited,Premium_Smartphone,4G+,2026-03-28
SUB7571520,0.21,1.46,0.15,1.19,69.23,0,0,55+,Postpaid_Unlimited,5G_Device,4G+,2026-03-29
SUB4118113,1.19,4.26,0.22,0.18,72.63,0,1,25-34,Prepaid_Daily,Premium_Smartphone,4G,2026-04-16
SUB7060297,0.91,0.66,2.19,0.05,68.55,0,0,45-54,Postpaid_Unlimited,Mid_Range,5G,2026-03-25
SUB3222854,3.39,1.17,2.35,0.13,148.12,0,1,25-34,Postpaid_Basic,Premium_Smartphone,5G,2026-04-15
SUB4292239,1.25,1.35,0.16,0.2,92.65,0,0,45-54,Postpaid_Premium,Mid_Range,5G,2026-03-23
SUB1915108,3.63,0.09,0.26,1.16,56.0,0,1,45-54,Postpaid_Premium,Mid_Range,4G+,2026-03-25
SUB5877323,2.81,4.13,0.04,1.5,136.72,1,1,18-24,Prepaid_Daily,Premium_Smartphone,5G,2026-04-11
SUB3384272,0.04,0.05,0.05,0.04,15.42,0,0,35-44,Prepaid_Daily,Basic_Phone,4G,2026-03-25
SUB3820377,0.49,0.42,0.09,0.01,28.21,0,0,35-44,Prepaid_Monthly,Basic_Phone,4G,2026-03-23
SUB2418351,1.2,0.77,0.01,0.02,52.6,1,0,18-24,Postpaid_Basic,Basic_Phone,5G,2026-04-17
SUB5917970,8.0,0.28,0.04,0.06,117.13,0,0,55+,Prepaid_Monthly,Premium_Smartphone,5G,2026-04-08
SUB4726713,5.79,3.8,0.68,0.23,106.5,1,0,25-34,Postpaid_Basic,Mid_Range,5G,2026-04-01
SUB9983278,1.91,1.19,0.47,0.74,154.07,1,0,25-34,Prepaid_Daily,Premium_Smartphone,5G,2026-03-28
SUB1180116,0.61,1.42,0.4,0.13,39.52,0,1,18-24,Postpaid_Premium,Mid_Range,4G,2026-04-13
SUB1787001,0.74,0.92,0.64,0.12,57.39,0,0,35-44,Prepaid_Daily,Mid_Range,4G,2026-04-06
SUB6048245,0.11,1.19,0.05,0.21,54.21,0,0,45-54,Prepaid_Monthly,Mid_Range,4G,2026-03-20
SUB9683790,0.92,0.34,0.01,0.57,53.68,0,0,35-44,Prepaid_Daily,Mid_Range,4G+,2026-03-26
SUB2252825,1.9,2.91,1.28,0.49,117.98,0,0,45-54,Postpaid_Premium,Premium_Smartphone,5G,2026-04-05
SUB3302690,0.75,2.93,0.75,0.32,53.71,0,0,35-44,Postpaid_Unlimited,Mid_Range,4G,2026-03-27
SUB1722153,0.95,0.76,0.95,0.21,118.22,1,0,18-24,Prepaid_Daily,Premium_Smartphone,4G,2026-04-12
SUB4446010,0.92,2.52,1.19,0.24,96.57,0,0,25-34,Postpaid_Premium,Premium_Smartphone,4G,2026-04-16
SUB7492922,3.58,2.88,1.52,2.48,38.12,1,0,18-24,Postpaid_Unlimited,Mid_Range,4G,2026-04-07
SUB8315845,1.52,0.13,0.24,0.83,35.03,0,0,18-24,Postpaid_Unlimited,Mid_Range,3G,2026-03-25
SUB3569395,0.66,2.32,1.91,0.82,170.16,1,0,18-24,Postpaid_Basic,Premium_Smartphone,4G+,2026-03-30
SUB4332951,0.29,1.21,0.07,0.04,133.76,0,1,55+,Prepaid_Monthly,Premium_Smartphone,4G+,2026-04-06
SUB1311416,0.48,0.35,0.27,0.3,90.59,0,0,55+,Prepaid_Monthly,5G_Device,4G,2026-03-22
SUB1137980,2.0,1.29,0.2,0.74,48.13,1,0,18-24,Prepaid_Monthly,Mid_Range,4G,2026-03-30
SUB3501212,8.0,6.0,0.08,0.03,111.28,0,1,25-34,Postpaid_Basic,5G_Device,5G,2026-04-13
SUB8129343,0.77,1.12,0.26,0.57,81.11,0,0,18-24,Postpaid_Basic,Mid_Range,5G,2026-04-06
SUB6835615,0.22,1.32,0.84,0.09,89.96,0,1,45-54,Postpaid_Premium,Mid_Range,5G,2026-04-04
SUB5924191,0.23,0.83,0.4,0.56,93.5,0,1,25-34,Prepaid_Daily,Mid_Range,5G,2026-04-07
SUB1824765,5.75,0.2,0.57,0.31,50.03,0,0,35-44,Prepaid_Daily,Mid_Range,4G,2026-04-06
SUB1907651,1.05,2.41,0.01,0.12,111.5,0,1,25-34,Postpaid_Unlimited,Premium_Smartphone,4G+,2026-03-27
SUB2350417,1.17,6.0,0.89,0.84,61.95,0,0,35-44,Postpaid_Unlimited,Mid_Range,5G,2026-03-25
SUB7046946,0.81,2.23,0.9,4.47,195.05,1,1,25-34,Postpaid_Premium,Premium_Smartphone,5G,2026-04-02
SUB7702705,0.31,3.92,0.16,0.12,21.97,0,0,18-24,Prepaid_Monthly,Mid_Range,3G,2026-04-10
SUB1990391,1.93,6.0,1.79,0.61,74.14,1,0,18-24,Postpaid_Unlimited,Mid_Range,4G+,2026-03-28
SUB5249367,2.07,0.8,0.06,0.11,68.38,1,0,25-34,Prepaid_Monthly,5G_Device,3G,2026-03-19
SUB7835084,0.33,0.9,0.1,0.1,108.37,0,1,55+,Postpaid_Premium,Premium_Smartphone,4G+,2026-04-16
SUB1587069,0.38,0.32,0.21,1.26,130.83,0,0,25-34,Prepaid_Daily,Premium_Smartphone,4G+,2026-03-31
SUB4947061,0.99,1.85,0.02,0.11,54.04,0,0,18-24,Postpaid_Basic,Mid_Range,4G+,2026-03-22
SUB4156366,0.63,0.66,0.28,0.02,83.89,0,0,55+,Postpaid_Premium,Mid_Range,5G,2026-04-02
SUB7198980,0.67,2.99,0.31,1.25,60.97,0,0,18-24,Postpaid_Unlimited,Mid_Range,5G,2026-04-09
SUB3315138,7.12,5.4,0.5,1.27,109.97,0,0,18-24,Postpaid_Premium,5G_Device,4G+,2026-03-24
SUB6549348,1.19,0.56,0.06,0.33,73.59,0,0,45-54,Postpaid_Unlimited,Mid_Range,4G+,2026-03-29
SUB5415972,0.82,1.26,1.37,3.91,99.1,0,0,35-44,Postpaid_Basic,Premium_Smartphone,5G,2026-03-31
SUB7586242,1.28,2.43,2.01,0.32,63.53,0,0,25-34,Postpaid_Premium,5G_Device,3G,2026-04-10
SUB1549666,2.15,1.48,0.31,0.31,88.97,0,0,45-54,Prepaid_Monthly,5G_Device,4G,2026-03-27
SUB4983027,0.53,1.03,0.16,0.18,91.78,0,1,35-44,Prepaid_Daily,Tablet,4G+,2026-03-20
SUB8675862,3.04,1.86,0.52,1.29,118.03,0,0,18-24,Postpaid_Premium,5G_Device,5G,2026-03-19
SUB9347131,0.03,0.62,0.2,0.07,16.38,0,0,35-44,Postpaid_Unlimited,Basic_Phone,3G,2026-04-07
SUB6605085,1.01,1.24,0.08,0.03,61.52,0,0,35-44,Prepaid_Daily,5G_Device,4G,2026-03-28
SUB5782969,0.85,0.17,0.02,0.12,54.32,1,0,55+,Prepaid_Daily,5G_Device,3G,2026-03-29
SUB8076083,0.17,0.47,0.62,0.64,111.02,1,0,55+,Prepaid_Daily,Premium_Smartphone,4G+,2026-04-05
SUB5773283,0.69,0.98,0.68,0.3,47.64,1,0,25-34,Postpaid_Unlimited,Basic_Phone,5G,2026-04-10
SUB3059417,1.75,0.83,0.12,1.51,105.76,0,1,35-44,Prepaid_Monthly,Premium_Smartphone,4G,2026-03-19
SUB8797551,1.96,0.33,1.31,0.1,75.9,0,1,18-24,Prepaid_Monthly,Mid_Range,5G,2026-04-14
SUB8794087,0.09,0.65,0.21,0.02,77.59,0,0,18-24,Prepaid_Daily,Mid_Range,4G+,2026-04-12
SUB5188432,1.74,2.32,1.71,0.72,75.45,1,0,25-34,Prepaid_Monthly,Premium_Smartphone,4G,2026-04-17
SUB3408359,0.59,1.12,0.73,0.93,76.01,1,0,35-44,Postpaid_Premium,Premium_Smartphone,4G,2026-04-07
SUB5810374,8.0,1.2,0.33,0.09,91.86,0,0,35-44,Postpaid_Unlimited,5G_Device,4G,2026-03-24
SUB2832760,2.55,1.7,0.61,0.13,108.06,0,1,25-34,Prepaid_Monthly,Premium_Smartphone,5G,2026-04-08
SUB3442367,2.27,0.35,0.02,0.11,93.19,0,0,45-54,Prepaid_Monthly,Premium_Smartphone,4G+,2026-04-05
SUB7847101,0.92,1.52,0.2,0.33,74.85,0,0,45-54,Postpaid_Unlimited,5G_Device,4G,2026-04-12
SUB3539065,2.88,1.48,0.19,0.82,90.51,1,0,35-44,Postpaid_Unlimited,Premium_Smartphone,4G,2026-04-01
SUB3026091,0.52,1.74,1.88,0.75,53.05,0,0,18-24,Prepaid_Monthly,Premium_Smartphone,4G,2026-03-26
SUB4731622,0.65,0.21,0.43,0.22,144.4,0,0,45-54,Prepaid_Daily,Premium_Smartphone,5G,2026-03-29
SUB8785363,0.45,0.06,0.01,0.36,150.19,0,1,55+,Postpaid_Unlimited,Premium_Smartphone,4G+,2026-04-13
SUB4087686,2.14,5.83,4.0,0.67,92.84,1,0,18-24,Postpaid_Premium,5G_Device,4G,2026-04-12
SUB1954227,2.54,3.69,0.17,0.0,80.32,0,0,25-34,Postpaid_Unlimited,Mid_Range,5G,2026-03-23
SUB5072476,0.9,0.36,0.13,0.08,72.98,0,0,55+,Prepaid_Monthly,Mid_Range,4G+,2026-03-22
SUB5827976,0.2,0.39,0.27,0.0,31.66,0,0,35-44,Postpaid_Basic,Mid_Range,3G,2026-03-22
SUB4398499,1.25,5.13,0.44,0.09,83.23,0,0,25-34,Postpaid_Premium,5G_Device,5G,2026-04-17
SUB1058031,3.32,0.4,1.12,0.19,60.98,0,0,18-24,Postpaid_Unlimited,5G_Device,4G,2026-03-23
SUB9259282,0.8,1.44,0.04,0.25,36.35,0,0,35-44,Postpaid_Unlimited,Mid_Range,4G,2026-04-08
SUB3451550,0.71,0.6,0.55,0.86,42.07,1,0,25-34,Prepaid_Daily,Mid_Range,3G,2026-03-24
SUB3081552,0.08,1.59,0.92,1.52,122.4,0,1,18-24,Postpaid_Basic,Premium_Smartphone,5G,2026-03-26
SUB8310982,1.02,6.0,0.07,0.2,72.43,1,0,25-34,Prepaid_Monthly,Tablet,4G,2026-04-14
SUB2178642,1.61,0.38,0.1,0.08,57.39,1,0,18-24,Postpaid_Premium,Mid_Range,4G,2026-03-28
SUB6381862,2.24,1.28,0.68,0.06,85.14,0,1,35-44,Postpaid_Premium,Premium_Smartphone,4G,2026-03-28
SUB8604869,0.93,1.69,0.53,0.01,62.07,0,1,55+,Postpaid_Unlimited,Mid_Range,5G,2026-03-21
SUB8979633,1.48,4.06,0.66,0.15,161.42,1,0,25-34,Prepaid_Monthly,5G_Device,4G+,2026-04-05
SUB5111932,1.57,0.51,0.34,0.6,101.29,0,1,35-44,Prepaid_Daily,Premium_Smartphone,4G,2026-03-22
SUB2734441,0.68,0.73,0.48,0.49,86.48,1,0,25-34,Prepaid_Daily,Premium_Smartphone,4G,2026-04-16
SUB2252876,0.84,0.29,0.01,0.43,10.54,0,0,18-24,Prepaid_Monthly,Basic_Phone,4G,2026-03-20
SUB8937108,1.16,0.13,0.23,0.03,67.84,0,0,55+,Prepaid_Monthly,Premium_Smartphone,4G,2026-04-17
SUB3960841,2.36,2.78,1.01,1.05,77.69,1,1,18-24,Postpaid_Unlimited,Mid_Range,4G,2026-03-23
SUB8745073,4.29,1.15,0.14,0.44,50.88,1,0,18-24,Postpaid_Basic,Premium_Smartphone,3G,2026-04-01
SUB3592859,1.57,2.12,0.6,1.62,56.38,1,0,25-34,Postpaid_Basic,Premium_Smartphone,4G,2026-04-08
SUB8992388,0.72,6.0,0.03,2.9,109.35,1,1,35-44,Postpaid_Unlimited,Premium_Smartphone,4G,2026-04-08
SUB6767204,1.85,6.0,2.05,3.88,197.31,1,1,25-34,Postpaid_Unlimited,5G_Device,4G+,2026-04-14
SUB8696124,2.67,2.43,0.69,0.45,64.81,1,0,18-24,Postpaid_Basic,Mid_Range,4G,2026-03-30
SUB2918715,0.41,2.07,0.04,0.16,41.7,0,0,45-54,Prepaid_Daily,Mid_Range,4G,2026-03-31
SUB7854795,2.13,0.76,0.66,0.01,55.05,0,0,25-34,Prepaid_Monthly,5G_Device,4G,2026-04-05
SUB9880121,5.33,3.67,0.88,1.85,108.19,0,1,18-24,Postpaid_Basic,Premium_Smartphone,5G,2026-04-12
SUB3177890,1.17,1.45,1.62,0.16,50.16,0,0,25-34,Postpaid_Premium,Mid_Range,4G,2026-04-14
SUB5267905,1.46,1.5,0.09,0.17,45.24,0,0,18-24,Postpaid_Premium,Basic_Phone,5G,2026-03-28
SUB4175601,0.95,2.33,0.55,0.07,50.55,0,0,25-34,Postpaid_Basic,Premium_Smartphone,4G,2026-03-22
SUB2740584,6.19,1.0,1.84,0.4,97.98,1,0,35-44,Postpaid_Unlimited,Mid_Range,5G,2026-04-17
SUB4217196,1.17,0.54,0.19,0.6,45.79,0,0,45-54,Postpaid_Premium,Tablet,3G,2026-04-03
SUB6251208,2.97,2.17,0.33,0.36,62.23,0,0,18-24,Postpaid_Unlimited,Premium_Smartphone,3G,2026-04-14
SUB9526013,2.75,5.81,1.0,0.92,147.35,1,0,18-24,Postpaid_Unlimited,5G_Device,5G,2026-04-02
SUB8067263,2.49,2.15,0.5,0.18,105.95,1,1,18-24,Prepaid_Daily,5G_Device,4G,2026-04-06
SUB9509781,0.71,1.13,2.29,0.3,66.55,0,0,18-24,Prepaid_Daily,Premium_Smartphone,4G,2026-04-01
SUB1046638,1.91,2.67,0.64,0.61,63.57,1,1,18-24,Prepaid_Monthly,Mid_Range,4G,2026-04-02
SUB6444555,1.0,4.15,0.57,0.0,68.3,0,0,25-34,Postpaid_Basic,Premium_Smartphone,4G+,2026-04-03
SUB2162496,0.84,1.38,1.01,0.22,67.04,0,0,18-24,Postpaid_Basic,5G_Device,4G,2026-04-08
SUB9236843,1.22,1.81,0.04,0.02,67.87,0,0,35-44,Prepaid_Monthly,Premium_Smartphone,4G,2026-04-11
SUB5151538,4.25,2.07,0.13,0.3,90.54,0,0,25-34,Postpaid_Unlimited,Mid_Range,5G,2026-04-12
SUB8776018,2.16,1.11,1.5,0.97,137.06,0,0,18-24,Prepaid_Monthly,Premium_Smartphone,5G,2026-03-26
SUB3105039,8.0,6.0,1.11,1.65,89.6,1,0,25-34,Postpaid_Unlimited,Mid_Range,5G,2026-04-12
SUB3064798,5.38,0.21,0.07,0.3,37.85,0,1,18-24,Postpaid_Basic,Basic_Phone,4G,2026-04-11
SUB3850418,1.25,0.37,0.02,0.4,41.94,0,0,35-44,Prepaid_Daily,Mid_Range,4G,2026-03-20
SUB4119810,0.11,0.08,0.1,0.4,30.49,0,0,25-34,Prepaid_Daily,Mid_Range,3G,2026-04-05
SUB1821929,3.56,0.44,0.35,1.23,123.69,0,1,18-24,Prepaid_Daily,5G_Device,5G,2026-04-02
SUB7647162,0.19,0.59,0.04,0.01,40.52,0,0,25-34,Prepaid_Daily,Mid_Range,3G,2026-04-07
SUB5910673,0.76,1.11,0.38,0.57,71.99,1,1,18-24,Postpaid_Premium,Mid_Range,4G,2026-04-04
SUB8846540,0.72,0.49,0.11,0.16,63.8,1,0,45-54,Prepaid_Daily,Premium_Smartphone,4G,2026-04-03
SUB4772217,0.57,0.42,0.36,0.02,56.57,0,1,55+,Postpaid_Premium,5G_Device,3G,2026-03-27
SUB3027842,0.07,1.4,0.97,0.24,39.76,0,0,18-24,Prepaid_Monthly,Mid_Range,4G,2026-04-04
SUB6212281,0.6,1.41,1.19,0.07,147.73,1,1,35-44,Prepaid_Daily,Premium_Smartphone,5G,2026-04-06
SUB1734459,0.89,6.0,0.31,1.12,62.03,0,1,25-34,Postpaid_Premium,Mid_Range,4G,2026-04-13
SUB8718742,8.0,1.09,0.63,0.78,58.69,1,0,18-24,Postpaid_Basic,Mid_Range,4G+,2026-04-12
SUB3306648,1.32,2.01,0.05,0.19,57.6,0,0,18-24,Postpaid_Basic,Mid_Range,4G,2026-03-25
SUB3789850,1.49,0.41,0.07,0.14,88.38,0,0,45-54,Prepaid_Monthly,Premium_Smartphone,4G,2026-04-13
SUB3703934,1.86,3.89,0.82,1.34,117.27,1,1,25-34,Prepaid_Daily,Premium_Smartphone,4G,2026-04-14
SUB9697318,1.48,0.41,0.18,0.0,32.04,0,1,55+,Prepaid_Monthly,Mid_Range,4G,2026-04-16
SUB5541912,0.99,0.31,0.03,0.03,39.0,0,0,25-34,Postpaid_Basic,Mid_Range,4G,2026-04-06
SUB4903869,1.94,1.06,0.54,0.56,79.55,0,1,18-24,Prepaid_Daily,Mid_Range,4G+,2026-03-24
SUB6371159,0.11,1.13,0.0,0.07,112.38,0,1,45-54,Postpaid_Basic,5G_Device,4G,2026-03-19
SUB3451976,0.75,2.52,0.56,0.04,153.97,0,1,55+,Postpaid_Unlimited,Premium_Smartphone,5G,2026-04-15
SUB4197860,1.18,0.23,0.24,0.83,109.12,0,0,45-54,Prepaid_Monthly,Premium_Smartphone,4G+,2026-03-21
SUB5680018,1.32,2.98,0.14,0.0,103.72,0,1,35-44,Postpaid_Unlimited,Premium_Smartphone,4G,2026-04-14
SUB3780596,0.94,0.93,0.67,0.41,82.82,0,0,25-34,Prepaid_Daily,Premium_Smartphone,5G,2026-03-30
SUB5040015,2.39,3.38,0.1,0.13,120.95,1,0,18-24,Postpaid_Premium,Mid_Range,5G,2026-04-10
SUB5870807,8.0,5.4,1.33,0.0,84.01,1,0,18-24,Postpaid_Premium,Mid_Range,5G,2026-03-19
SUB4237355,0.31,0.73,0.13,0.15,48.67,0,0,25-34,Prepaid_Monthly,Mid_Range,4G,2026-04-06
SUB1122772,0.63,0.54,0.41,0.32,129.33,0,0,55+,Postpaid_Unlimited,Tablet,4G+,2026-04-05
SUB5077411,1.15,0.59,0.74,0.54,76.84,0,0,35-44,Prepaid_Monthly,5G_Device,4G,2026-03-28
SUB6472295,0.06,0.83,0.95,0.33,176.44,1,1,45-54,Prepaid_Daily,Premium_Smartphone,5G,2026-04-04
SUB7957038,1.79,0.2,0.24,0.01,43.59,0,0,25-34,Postpaid_Basic,Mid_Range,4G,2026-04-03
SUB6756157,0.53,1.62,0.57,0.05,61.58,0,0,35-44,Postpaid_Unlimited,Mid_Range,4G+,2026-03-28
SUB8356148,2.4,2.11,0.3,0.35,64.57,0,1,45-54,Postpaid_Unlimited,Mid_Range,4G,2026-03-23
SUB3801329,2.36,6.0,1.86,0.94,184.98,0,1,25-34,Prepaid_Monthly,Premium_Smartphone,5G,2026-03-23
SUB7525438,0.76,0.32,0.15,0.55,71.22,0,1,25-34,Postpaid_Basic,Mid_Range,4G+,2026-03-27
SUB9680407,0.48,0.58,0.45,0.05,61.34,0,0,35-44,Prepaid_Daily,5G_Device,4G,2026-03-26
SUB9577482,0.53,0.44,0.33,0.1,75.92,0,0,35-44,Postpaid_Basic,Premium_Smartphone,4G,2026-04-16
SUB8223153,0.1,0.22,0.05,0.07,24.66,0,1,55+,Postpaid_Basic,Basic_Phone,4G,2026-04-14
SUB7727897,1.66,1.46,0.13,0.13,55.53,1,0,25-34,Prepaid_Monthly,Mid_Range,4G,2026-03-25
SUB6433962,0.66,2.02,0.52,1.18,80.45,1,1,18-24,Postpaid_Basic,Mid_Range,4G,2026-04-15
SUB1473818,3.89,2.68,0.58,0.32,51.0,0,0,25-34,Postpaid_Unlimited,Mid_Range,4G,2026-04-16
SUB4035865,0.89,3.71,0.03,1.2,94.07,1,0,18-24,Postpaid_Basic,Tablet,3G,2026-04-04
SUB4883424,0.88,1.85,0.43,0.29,186.96,0,1,35-44,Postpaid_Premium,Premium_Smartphone,5G,2026-04-12
SUB4231365,0.05,1.92,0.75,0.01,16.7,0,1,18-24,Prepaid_Monthly,Basic_Phone,4G,2026-04-10
SUB7766699,1.02,0.54,0.07,0.27,45.79,0,0,55+,Postpaid_Unlimited,Mid_Range,4G+,2026-04-07
SUB4828295,0.9,0.29,0.26,0.02,95.89,1,0,45-54,Prepaid_Daily,Mid_Range,4G+,2026-04-14
SUB2724833,0.24,3.08,4.0,0.03,136.5,1,1,18-24,Postpaid_Basic,Premium_Smartphone,5G,2026-04-11
SUB9975979,5.19,2.93,0.21,0.07,132.09,0,1,18-24,Postpaid_Premium,Premium_Smartphone,4G+,2026-04-06
SUB9193421,0.06,0.95,4.0,2.58,22.19,0,0,25-34,Postpaid_Premium,Basic_Phone,4G+,2026-04-15
SUB6864719,0.32,0.73,0.11,0.37,98.99,0,0,45-54,Prepaid_Daily,Premium_Smartphone,4G,2026-04-14
SUB4764040,1.57,0.13,0.12,0.27,55.59,0,0,18-24,Prepaid_Monthly,Mid_Range,4G+,2026-03-19
SUB7110793,3.38,0.59,0.29,0.34,130.53,0,0,18-24,Postpaid_Basic,Premium_Smartphone,4G+,2026-04-11
SUB7553855,1.33,0.73,0.02,0.77,35.37,0,0,25-34,Prepaid_Monthly,Mid_Range,3G,2026-04-17
SUB4660880,1.01,1.8,0.33,0.0,44.98,0,0,35-44,Postpaid_Premium,Mid_Range,4G,2026-04-16
SUB9596235,0.78,1.82,0.33,0.38,35.24,0,0,18-24,Prepaid_Monthly,Mid_Range,3G,2026-04-14
SUB6782655,0.25,0.46,0.2,0.03,25.09,0,0,35-44,Prepaid_Monthly,Basic_Phone,5G,2026-03-30
SUB4646277,0.61,0.67,0.04,0.64,92.4,1,1,55+,Prepaid_Daily,Mid_Range,5G,2026-04-01
SUB2592210,1.03,0.21,1.33,0.84,105.43,0,1,18-24,Prepaid_Daily,5G_Device,4G+,2026-03-31
SUB3918634,5.4,1.49,0.09,0.01,56.44,0,0,25-34,Postpaid_Premium,Mid_Range,5G,2026-04-04
SUB7562344,8.0,3.49,3.1,3.17,86.61,1,0,18-24,Postpaid_Basic,Premium_Smartphone,4G,2026-04-11
SUB8401628,1.07,3.31,0.09,0.06,62.73,0,0,18-24,Postpaid_Basic,Premium_Smartphone,4G,2026-03-23
SUB4884485,2.65,0.59,0.01,0.55,42.95,1,0,18-24,Prepaid_Monthly,Mid_Range,3G,2026-04-06
SUB2991226,1.26,2.54,0.21,0.71,61.11,0,1,25-34,Prepaid_Daily,Mid_Range,4G,2026-03-26
SUB1829119,1.09,1.12,0.02,1.65,111.07,1,0,45-54,Prepaid_Monthly,5G_Device,5G,2026-03-31
SUB2054853,0.34,0.25,0.03,0.02,21.05,0,0,35-44,Prepaid_Monthly,Basic_Phone,5G,2026-04-11
SUB6042596,3.42,0.79,2.15,0.08,162.24,0,1,18-24,Postpaid_Premium,5G_Device,4G+,2026-03-28
SUB7424788,5.24,6.0,0.19,0.21,70.53,0,0,18-24,Postpaid_Unlimited,5G_Device,5G,2026-03-24
SUB4386243,4.2,0.88,0.19,0.08,53.4,0,0,35-44,Postpaid_Unlimited,5G_Device,4G,2026-03-31
SUB9124897,0.6,3.28,0.23,0.38,53.71,0,1,18-24,Postpaid_Basic,Mid_Range,4G,2026-03-29
SUB9675493,1.39,0.47,0.46,0.02,90.21,0,0,25-34,Postpaid_Basic,Premium_Smartphone,4G,2026-03-19
SUB4445083,2.18,0.83,0.1,2.8,86.44,1,0,25-34,Postpaid_Unlimited,Premium_Smartphone,4G,2026-03-25
SUB5977037,0.25,0.37,0.38,0.0,17.65,0,0,55+,Postpaid_Basic,Basic_Phone,4G,2026-04-11
SUB2535410,0.5,0.11,0.17,1.22,78.84,0,0,18-24,Postpaid_Basic,Premium_Smartphone,4G,2026-03-31
SUB1349760,4.93,2.96,1.24,1.77,80.4,1,0,35-44,Postpaid_Basic,5G_Device,3G,2026-03-25
SUB8490526,4.14,6.0,0.0,0.23,75.63,0,1,18-24,Postpaid_Premium,5G_Device,4G,2026-04-13
SUB6827278,0.95,5.47,0.18,0.32,67.53,0,1,35-44,Postpaid_Basic,Mid_Range,4G,2026-04-08
SUB1296177,2.07,1.59,0.03,0.01,83.2,1,1,35-44,Postpaid_Premium,Mid_Range,4G,2026-03-24
SUB7074525,1.84,0.26,0.29,0.05,25.12,0,1,45-54,Postpaid_Premium,Mid_Range,3G,2026-04-05
SUB4406433,3.52,1.43,1.52,0.99,57.4,1,0,25-34,Postpaid_Premium,Mid_Range,4G,2026-04-17
SUB1012938,1.05,1.11,0.52,0.81,83.89,0,0,25-34,Prepaid_Monthly,Mid_Range,5G,2026-03-26
SUB2179418,4.45,6.0,0.28,3.34,155.43,1,1,18-24,Postpaid_Premium,5G_Device,4G+,2026-03-25
SUB1994199,3.82,2.03,1.67,1.36,106.2,1,1,18-24,Prepaid_Daily,Premium_Smartphone,4G,2026-03-27
SUB6507298,2.48,3.81,1.61,0.36,67.32,0,1,25-34,Postpaid_Unlimited,5G_Device,3G,2026-04-14
SUB2919398,0.23,0.65,0.29,0.14,79.77,0,0,45-54,Prepaid_Monthly,Mid_Range,5G,2026-03-21
SUB7716487,2.26,1.79,0.2,0.14,56.91,0,0,25-34,Prepaid_Monthly,Premium_Smartphone,4G,2026-03-25
SUB4614962,2.69,2.31,0.22,0.05,109.22,0,1,35-44,Postpaid_Premium,5G_Device,4G,2026-04-07
SUB6133783,0.23,1.42,2.49,2.92,119.26,0,0,25-34,Postpaid_Basic,5G_Device,5G,2026-04-16
SUB2185622,0.85,2.12,0.26,0.03,50.76,1,0,25-34,Prepaid_Monthly,5G_Device,3G,2026-04-12
SUB5192907,1.29,0.22,0.13,0.4,56.05,0,0,25-34,Prepaid_Monthly,Premium_Smartphone,3G,2026-03-29
SUB7630064,8.0,6.0,0.65,1.7,74.77,0,1,18-24,Postpaid_Unlimited,5G_Device,3G,2026-03-21
SUB1545501,1.04,0.37,0.49,1.23,35.38,0,0,25-34,Prepaid_Daily,Mid_Range,4G,2026-03-27
SUB6199039,0.7,0.84,1.03,0.04,69.17,0,0,45-54,Prepaid_Daily,5G_Device,4G,2026-03-22
SUB6567768,4.45,2.17,1.17,4.14,92.72,0,1,25-34,Postpaid_Premium,5G_Device,4G,2026-04-06
SUB7964587,1.94,0.19,0.03,0.14,80.52,0,0,35-44,Postpaid_Basic,Mid_Range,5G,2026-04-11
SUB2511602,3.4,1.05,0.37,0.19,51.89,0,0,45-54,Postpaid_Premium,5G_Device,3G,2026-04-02
SUB3346118,1.27,0.65,0.55,0.24,41.84,1,0,25-34,Postpaid_Premium,Mid_Range,3G,2026-03-23
SUB5639596,0.15,2.81,0.14,1.58,87.32,0,1,45-54,Postpaid_Unlimited,5G_Device,4G,2026-04-01
SUB4465495,3.23,0.69,0.82,0.8,54.76,0,0,25-34,Postpaid_Unlimited,Premium_Smartphone,4G,2026-04-11
SUB1689746,0.66,3.5,4.0,2.0,63.95,0,0,25-34,Postpaid_Premium,Premium_Smartphone,4G,2026-03-21
SUB4517155,1.02,1.25,0.36,0.43,41.39,0,0,18-24,Prepaid_Monthly,Mid_Range,4G,2026-03-28
SUB9744047,1.61,1.6,0.09,0.0,55.76,1,0,18-24,Postpaid_Basic,Basic_Phone,5G,2026-03-21
SUB5206330,1.44,0.92,0.82,1.91,84.4,0,0,35-44,Postpaid_Basic,Tablet,4G,2026-03-19
SUB3980858,0.3,1.0,0.24,0.19,46.62,0,0,45-54,Postpaid_Basic,Mid_Range,4G,2026-04-02
SUB9677596,0.68,0.86,0.26,0.13,36.86,0,0,18-24,Prepaid_Daily,5G_Device,3G,2026-04-12
SUB3554293,3.2,0.97,1.09,0.26,119.79,0,0,18-24,Postpaid_Basic,Premium_Smartphone,4G+,2026-04-08
SUB8935145,6.97,0.47,0.41,1.61,130.96,1,0,25-34,Postpaid_Unlimited,Premium_Smartphone,4G,2026-04-06
SUB6590572,0.11,0.99,0.02,0.12,101.26,0,0,35-44,Prepaid_Monthly,Premium_Smartphone,4G+,2026-03-25
SUB4856397,0.45,2.32,0.07,0.41,30.59,1,0,25-34,Postpaid_Premium,Basic_Phone,4G,2026-03-27
SUB6831398,3.84,1.97,0.11,0.26,51.83,0,0,25-34,Postpaid_Basic,Mid_Range,5G,2026-04-03
SUB3007708,0.6,3.76,0.25,0.39,85.44,0,1,35-44,Prepaid_Monthly,Premium_Smartphone,4G,2026-04-17
SUB9828452,8.0,2.49,0.2,0.13,81.52,1,0,25-34,Postpaid_Basic,5G_Device,4G,2026-03-19
SUB1287249,0.67,0.51,0.04,0.37,90.98,0,0,55+,Prepaid_Monthly,Premium_Smartphone,5G,2026-04-05
SUB9206294,3.95,0.3,0.03,1.45,62.44,0,0,25-34,Postpaid_Basic,Mid_Range,4G,2026-04-02
SUB7805995,0.96,0.44,0.21,1.45,172.87,1,1,55+,Postpaid_Premium,Tablet,4G,2026-04-01
SUB5525605,1.96,1.72,0.73,0.09,67.99,0,0,18-24,Postpaid_Premium,Premium_Smartphone,4G,2026-04-07
SUB2397955,0.2,1.46,0.63,0.05,40.13,0,0,18-24,Prepaid_Monthly,Premium_Smartphone,3G,2026-03-30
SUB1770802,0.46,1.29,0.4,2.6,110.01,0,1,45-54,Prepaid_Daily,5G_Device,4G,2026-04-09
SUB5458795,0.7,1.44,2.02,0.29,82.3,0,0,35-44,Postpaid_Premium,Premium_Smartphone,4G,2026-04-08
SUB4019579,2.56,0.29,0.29,0.56,120.58,0,0,45-54,Prepaid_Monthly,Premium_Smartphone,4G+,2026-04-17
SUB5650291,0.82,2.01,0.26,0.03,104.13,0,0,25-34,Prepaid_Daily,Premium_Smartphone,4G,2026-04-14
SUB5319230,0.19,0.47,0.31,0.06,74.65,0,0,55+,Prepaid_Monthly,Mid_Range,5G,2026-04-14
SUB9469755,2.05,3.87,0.15,0.07,149.69,0,0,18-24,Postpaid_Premium,Premium_Smartphone,5G,2026-04-16
SUB8650311,1.81,3.28,3.54,0.62,86.67,1,0,18-24,Postpaid_Premium,Mid_Range,4G+,2026-04-02
SUB2592063,3.06,6.0,1.63,2.94,104.55,1,1,25-34,Postpaid_Unlimited,Premium_Smartphone,4G,2026-04-08
SUB9266602,0.94,0.22,0.05,0.1,61.97,1,0,45-54,Prepaid_Daily,Mid_Range,4G,2026-03-24
SUB7121602,1.92,0.63,0.22,0.02,78.88,0,1,35-44,Prepaid_Monthly,Mid_Range,4G,2026-03-21
SUB7512324,3.41,1.83,0.65,2.24,140.29,0,1,25-34,Postpaid_Basic,5G_Device,5G,2026-03-26
SUB3217939,1.41,3.3,4.0,2.06,96.94,1,0,25-34,Postpaid_Premium,Mid_Range,5G,2026-03-24
SUB7405883,0.6,0.74,0.43,0.72,59.85,0,1,18-24,Prepaid_Monthly,Premium_Smartphone,3G,2026-04-06
SUB7439519,0.53,2.81,0.28,0.1,86.18,1,0,25-34,Prepaid_Monthly,Premium_Smartphone,4G,2026-04-06
SUB7969369,1.19,0.08,0.15,1.05,64.34,1,0,25-34,Prepaid_Monthly,Mid_Range,4G,2026-04-05
SUB5806085,8.0,0.38,0.25,0.17,67.89,0,0,35-44,Postpaid_Premium,Premium_Smartphone,3G,2026-03-21
SUB7161018,2.2,2.42,0.19,1.06,63.76,0,0,35-44,Prepaid_Monthly,5G_Device,4G,2026-03-25
SUB9877241,0.22,0.7,0.26,0.09,43.27,0,0,55+,Postpaid_Unlimited,Mid_Range,4G,2026-04-14
SUB3896355,0.66,1.61,0.9,0.61,88.35,0,0,18-24,Postpaid_Basic,Mid_Range,5G,2026-04-14
SUB7371332,0.68,3.86,0.59,0.02,42.88,1,0,25-34,Prepaid_Monthly,Mid_Range,4G,2026-04-07
SUB7783564,0.68,1.11,0.17,0.14,36.11,0,1,25-34,Prepaid_Monthly,Mid_Range,4G,2026-04-05
SUB1167071,0.62,0.79,0.42,0.68,107.68,0,0,35-44,Prepaid_Daily,5G_Device,5G,2026-04-10
SUB2775823,1.34,3.73,0.36,0.35,65.73,0,0,25-34,Postpaid_Premium,5G_Device,4G,2026-04-04
SUB7088960,0.28,0.66,0.09,0.49,99.55,0,1,55+,Postpaid_Premium,Mid_Range,4G+,2026-04-14
SUB8800757,0.04,0.56,0.0,0.08,32.44,0,0,35-44,Prepaid_Daily,Mid_Range,3G,2026-04-02
SUB8583754,0.38,0.79,0.48,0.03,73.72,1,0,18-24,Postpaid_Basic,Mid_Range,4G,2026-03-24
SUB7629383,1.77,5.6,0.2,1.47,74.76,0,1,18-24,Postpaid_Premium,5G_Device,3G,2026-04-13
SUB3665880,0.15,0.08,0.01,0.09,35.79,0,1,45-54,Prepaid_Monthly,Basic_Phone,4G,2026-04-11
SUB5761631,0.61,1.18,0.15,0.12,74.8,0,1,35-44,Prepaid_Monthly,Premium_Smartphone,4G,2026-04-13
SUB3414551,0.95,0.46,0.5,0.4,121.77,1,0,18-24,Prepaid_Monthly,Premium_Smartphone,5G,2026-04-04
SUB9460827,0.03,0.05,0.16,0.0,39.63,0,1,18-24,Prepaid_Monthly,Basic_Phone,4G+,2026-04-09
SUB3807501,2.17,1.02,0.33,0.01,116.02,0,1,35-44,Postpaid_Basic,Premium_Smartphone,4G,2026-03-20
SUB2846252,0.6,0.14,0.42,0.05,49.46,0,0,35-44,Prepaid_Daily,Mid_Range,4G+,2026-03-25
SUB4764610,1.29,1.11,3.98,0.19,64.55,0,1,18-24,Prepaid_Monthly,Mid_Range,5G,2026-04-12
SUB8660771,1.39,3.11,0.3,1.47,35.87,0,0,25-34,Postpaid_Unlimited,Mid_Range,4G,2026-03-29
SUB5912894,0.5,0.33,0.3,0.91,80.59,1,1,25-34,Prepaid_Daily,Mid_Range,5G,2026-03-24
SUB1366042,0.37,0.07,0.09,0.03,64.63,0,0,55+,Prepaid_Daily,5G_Device,3G,2026-03-22
SUB6533395,1.08,6.0,0.05,0.48,97.96,0,0,18-24,Postpaid_Premium,Premium_Smartphone,5G,2026-03-24
SUB7451406,1.41,2.51,0.17,0.07,125.9,1,1,35-44,Prepaid_Daily,Tablet,4G+,2026-04-04
SUB3264381,1.83,2.87,0.0,0.03,58.8,0,0,25-34,Prepaid_Monthly,Premium_Smartphone,4G+,2026-04-03
SUB6248794,0.04,0.55,0.08,0.06,13.66,0,0,18-24,Postpaid_Basic,Basic_Phone,3G,2026-04-04
SUB8212648,1.61,0.54,0.09,0.05,29.7,0,0,25-34,Postpaid_Unlimited,Mid_Range,3G,2026-04-11
SUB8527467,2.21,2.22,0.47,0.13,169.88,1,0,18-24,Prepaid_Daily,5G_Device,4G+,2026-03-30
SUB7910957,1.58,2.32,0.16,0.01,69.28,0,0,35-44,Postpaid_Unlimited,Mid_Range,5G,2026-04-17
SUB3503821,1.03,6.0,0.68,0.48,117.79,0,0,35-44,Postpaid_Premium,Premium_Smartphone,5G,2026-03-28
SUB5872367,2.4,2.58,1.14,1.55,61.69,0,0,18-24,Postpaid_Premium,Mid_Range,5G,2026-03-26
SUB2238669,1.56,6.0,2.71,1.99,126.65,1,1,18-24,Postpaid_Premium,Mid_Range,5G,2026-03-30
SUB3191951,0.09,0.09,0.03,0.02,43.85,0,1,45-54,Prepaid_Daily,Basic_Phone,5G,2026-04-02
SUB5816977,1.26,0.6,0.24,0.37,89.41,1,0,25-34,Prepaid_Daily,Mid_Range,5G,2026-04-08
SUB8051398,1.52,0.26,0.1,0.01,39.8,0,0,25-34,Prepaid_Monthly,Mid_Range,3G,2026-04-05
SUB9339150,2.43,0.85,0.3,0.03,73.28,1,0,25-34,Prepaid_Daily,Mid_Range,5G,2026-04-09
SUB8428951,1.7,0.22,0.08,0.03,59.38,0,0,55+,Postpaid_Unlimited,Premium_Smartphone,4G,2026-04-16
SUB1924914,1.88,0.91,1.41,0.27,126.73,0,0,25-34,Postpaid_Basic,Premium_Smartphone,4G+,2026-04-02
SUB1605750,1.08,0.83,1.18,0.58,78.5,0,0,35-44,Postpaid_Basic,Premium_Smartphone,4G+,2026-04-17
SUB1179340,1.09,0.6,0.05,0.12,27.29,1,0,18-24,Postpaid_Premium,Basic_Phone,4G,2026-04-04
SUB8371191,4.85,0.98,1.63,4.65,146.92,1,1,18-24,Postpaid_Unlimited,Premium_Smartphone,5G,2026-04-02
SUB5236343,2.89,5.31,1.3,0.28,58.23,0,1,25-34,Postpaid_Unlimited,Mid_Range,4G+,2026-04-03
SUB3854414,3.07,6.0,1.05,2.88,135.28,1,0,25-34,Postpaid_Premium,5G_Device,4G,2026-04-12
SUB3796175,0.84,2.01,0.32,1.24,98.54,0,0,35-44,Prepaid_Monthly,Premium_Smartphone,4G+,2026-03-20
SUB8945223,0.35,0.13,0.01,0.01,23.53,1,0,35-44,Prepaid_Daily,Basic_Phone,4G,2026-04-14
SUB4055068,0.26,1.03,0.22,0.34,28.13,1,0,25-34,Prepaid_Daily,Basic_Phone,4G,2026-04-16
SUB6361878,1.21,1.26,0.47,0.2,123.54,0,0,35-44,Prepaid_Daily,Premium_Smartphone,5G,2026-03-20
SUB9629932,0.89,1.05,0.04,1.42,110.27,1,1,18-24,Prepaid_Daily,Mid_Range,4G+,2026-04-17
SUB5622887,1.83,1.31,0.55,0.13,48.36,0,0,18-24,Postpaid_Unlimited,Mid_Range,4G,2026-04-09
SUB4659248,1.2,3.99,0.04,0.46,69.16,0,1,45-54,Postpaid_Unlimited,Mid_Range,5G,2026-04-07
SUB7166197,0.14,0.28,0.02,0.62,23.57,0,1,35-44,Postpaid_Premium,Basic_Phone,3G,2026-04-03
SUB9621837,2.94,6.0,3.74,1.51,76.82,1,1,35-44,Postpaid_Premium,Mid_Range,4G,2026-04-12
SUB1837876,0.6,0.57,0.25,0.82,32.45,0,0,25-34,Postpaid_Basic,Mid_Range,3G,2026-03-21
SUB2088894,1.12,3.84,0.17,0.15,95.45,0,1,25-34,Prepaid_Monthly,5G_Device,4G,2026-04-14
SUB3789530,8.0,1.11,0.72,2.63,75.07,1,0,18-24,Postpaid_Unlimited,Mid_Range,4G+,2026-03-30
SUB9512686,0.96,1.57,0.26,0.08,91.79,0,0,45-54,Prepaid_Monthly,5G_Device,5G,2026-04-01
SUB9428367,0.7,3.74,0.03,1.99,124.03,0,0,35-44,Postpaid_Premium,Premium_Smartphone,5G,2026-04-09
SUB8835958,0.59,1.06,0.54,0.02,15.18,0,1,18-24,Prepaid_Monthly,Basic_Phone,3G,2026-04-17
SUB6923808,1.68,1.3,1.36,1.9,99.96,1,0,45-54,Postpaid_Unlimited,Tablet,4G,2026-03-26
SUB3950161,1.38,0.69,0.77,0.31,137.63,1,1,25-34,Postpaid_Premium,Premium_Smartphone,4G,2026-04-11
SUB5561679,1.6,2.82,0.36,0.03,93.32,1,0,45-54,Postpaid_Basic,Mid_Range,5G,2026-03-29
SUB7976915,1.65,0.59,0.05,0.45,96.29,1,0,18-24,Prepaid_Daily,Premium_Smartphone,4G,2026-04-02
SUB7725311,8.0,2.6,0.2,0.29,87.24,0,1,18-24,Prepaid_Monthly,5G_Device,4G,2026-04-13
SUB8671388,6.38,6.0,2.28,0.21,167.08,0,1,18-24,Postpaid_Basic,5G_Device,4G+,2026-04-05
SUB6691357,1.91,1.85,0.22,0.12,134.08,1,0,18-24,Prepaid_Monthly,Premium_Smartphone,4G,2026-03-19
SUB8107936,0.3,2.75,1.43,0.51,115.02,0,0,45-54,Postpaid_Unlimited,Premium_Smartphone,5G,2026-03-19
SUB4017721,1.03,0.25,0.04,0.47,55.45,0,0,35-44,Postpaid_Premium,Mid_Range,4G,2026-04-02
SUB6638132,2.53,2.18,0.09,0.12,85.26,1,1,35-44,Postpaid_Basic,Tablet,3G,2026-04-12
SUB6653020,0.53,0.7,0.52,0.27,38.05,0,0,45-54,Prepaid_Monthly,Mid_Range,4G,2026-04-09
SUB8400236,0.78,0.98,0.68,0.83,31.62,1,0,18-24,Postpaid_Premium,Basic_Phone,4G+,2026-04-03
SUB8897164,0.14,0.49,0.03,0.22,129.23,0,0,55+,Prepaid_Daily,Tablet,4G+,2026-04-10
SUB5443131,0.2,0.25,0.15,0.02,46.39,0,0,55+,Prepaid_Daily,Mid_Range,4G,2026-04-10
SUB9633864,0.66,3.76,0.56,0.1,88.5,0,0,25-34,Prepaid_Daily,Premium_Smartphone,5G,2026-04-09
SUB7635543,0.35,1.18,0.3,0.38,64.69,0,0,18-24,Prepaid_Daily,Premium_Smartphone,4G,2026-04-04
SUB1410275,0.2,5.04,2.21,0.57,112.9,1,0,35-44,Postpaid_Basic,5G_Device,4G,2026-04-02
SUB8887372,0.63,0.89,0.2,0.33,67.37,0,1,25-34,Prepaid_Monthly,Mid_Range,4G,2026-04-11
SUB2829210,0.21,3.55,0.4,0.07,49.88,0,0,45-54,Postpaid_Premium,Premium_Smartphone,4G,2026-04-01
SUB1594091,1.03,3.91,0.41,0.12,36.53,0,0,18-24,Postpaid_Premium,Basic_Phone,5G,2026-03-30
SUB1071524,1.6,2.98,0.14,0.28,26.59,0,0,25-34,Postpaid_Basic,Mid_Range,4G,2026-03-24
SUB8040326,2.02,5.5,1.01,1.95,200.0,1,1,25-34,Prepaid_Monthly,5G_Device,5G,2026-03-25
SUB5785613,6.67,1.61,1.32,3.67,149.31,0,1,18-24,Postpaid_Unlimited,Premium_Smartphone,4G+,2026-04-17
SUB3832761,2.82,0.8,0.28,0.7,27.3,0,0,25-34,Postpaid_Premium,Mid_Range,3G,2026-04-03
SUB7573643,0.73,2.34,0.04,0.59,104.78,1,1,18-24,Prepaid_Monthly,Mid_Range,4G,2026-04-11
SUB3092195,0.4,0.21,0.76,1.55,63.69,0,1,25-34,Postpaid_Basic,Mid_Range,4G+,2026-03-27
SUB8342451,0.31,0.59,0.02,0.12,46.05,0,0,45-54,Prepaid_Daily,Premium_Smartphone,3G,2026-04-16
SUB1768976,0.69,4.6,0.02,0.02,36.41,0,0,25-34,Prepaid_Monthly,Basic_Phone,5G,2026-03-24
SUB5631004,1.01,2.01,0.0,1.56,83.65,0,0,45-54,Postpaid_Unlimited,Mid_Range,5G,2026-03-28
SUB2243517,1.04,0.42,0.48,0.17,31.95,0,0,18-24,Prepaid_Monthly,Mid_Range,3G,2026-03-28
SUB7145779,0.21,1.78,0.03,0.76,52.87,0,0,35-44,Postpaid_Premium,5G_Device,3G,2026-04-15
SUB5534945,0.31,0.58,0.53,0.02,57.35,0,1,55+,Prepaid_Monthly,Premium_Smartphone,4G,2026-03-19
SUB4283287,2.05,1.81,1.57,0.48,60.77,0,0,25-34,Postpaid_Unlimited,Premium_Smartphone,3G,2026-03-28
SUB4992852,0.49,0.31,0.16,0.07,59.36,0,0,55+,Prepaid_Monthly,Mid_Range,4G+,2026-03-21
SUB9306946,0.78,1.77,0.05,0.9,93.51,0,0,25-34,Prepaid_Monthly,Premium_Smartphone,4G,2026-04-03
SUB4137358,1.72,0.88,0.09,0.19,72.37,0,0,25-34,Postpaid_Basic,5G_Device,4G,2026-03-30
SUB6184975,0.09,2.84,0.27,0.11,50.45,0,0,45-54,Postpaid_Basic,Premium_Smartphone,4G,2026-03-31
SUB5542709,6.59,3.34,0.23,0.26,57.29,0,1,18-24,Postpaid_Basic,Mid_Range,5G,2026-03-30
SUB5385500,1.38,5.47,0.99,1.79,119.36,0,0,18-24,Postpaid_Basic,Tablet,5G,2026-03-24
SUB8784197,0.06,1.53,0.65,0.3,128.83,0,0,35-44,Prepaid_Monthly,Premium_Smartphone,5G,2026-03-28
SUB2762204,0.43,0.35,0.12,0.0,45.29,0,1,45-54,Prepaid_Monthly,Mid_Range,3G,2026-04-17
SUB4380795,6.63,1.28,0.44,0.31,106.84,0,1,45-54,Postpaid_Basic,Premium_Smartphone,5G,2026-04-09
SUB9076693,1.4,6.0,2.04,0.28,87.97,1,1,18-24,Postpaid_Premium,Mid_Range,4G+,2026-04-17
SUB5531536,0.09,0.05,0.21,0.15,54.66,0,1,55+,Prepaid_Monthly,Basic_Phone,5G,2026-03-28
SUB9298836,0.41,2.3,1.06,0.45,40.25,0,0,35-44,Postpaid_Premium,5G_Device,3G,2026-04-01
SUB6423666,0.71,0.75,0.02,0.09,75.66,0,0,55+,Postpaid_Unlimited,Mid_Range,4G+,2026-04-11
SUB8146423,1.47,1.29,0.49,0.0,75.85,1,0,25-34,Postpaid_Premium,5G_Device,3G,2026-03-31
SUB8405382,1.48,0.39,0.09,0.0,74.09,0,0,35-44,Prepaid_Daily,Tablet,4G,2026-03-29
SUB3278569,6.49,1.1,0.09,0.06,80.39,0,0,45-54,Postpaid_Basic,Premium_Smartphone,4G+,2026-03-23
SUB7532134,1.18,1.76,0.78,0.78,140.24,1,0,25-34,Prepaid_Monthly,Premium_Smartphone,5G,2026-04-05
SUB1343275,0.49,1.24,0.01,0.35,151.37,0,1,55+,Prepaid_Monthly,5G_Device,5G,2026-03-26
SUB7118225,0.7,1.01,0.85,0.05,121.82,0,0,25-34,Postpaid_Basic,Premium_Smartphone,4G+,2026-03-19
SUB8681122,0.73,0.79,0.33,0.26,67.66,1,0,25-34,Prepaid_Monthly,Mid_Range,5G,2026-04-06
SUB2225619,0.26,0.29,0.14,0.01,95.86,1,0,55+,Prepaid_Daily,5G_Device,3G,2026-03-31
SUB5328974,0.16,0.19,0.01,0.01,25.14,0,0,55+,Prepaid_Monthly,Basic_Phone,4G,2026-03-26
SUB4662667,1.36,3.11,0.87,0.18,67.16,1,0,25-34,Prepaid_Monthly,Mid_Range,4G,2026-03-19
SUB4756150,0.79,0.4,0.01,1.89,48.43,0,1,18-24,Prepaid_Monthly,Mid_Range,4G,2026-04-12
SUB3203092,1.81,0.45,0.0,0.0,117.28,1,1,45-54,Prepaid_Daily,5G_Device,4G,2026-04-12
SUB6171748,0.62,0.41,0.24,0.27,93.79,0,0,55+,Prepaid_Daily,5G_Device,4G+,2026-03-21
SUB3683525,0.17,0.15,0.04,0.26,74.27,0,0,35-44,Prepaid_Daily,Premium_Smartphone,4G,2026-03-22
SUB1456195,0.53,6.0,1.2,0.82,93.78,1,0,35-44,Postpaid_Unlimited,Mid_Range,5G,2026-04-07
SUB5512276,1.39,1.23,0.53,0.51,54.84,0,0,45-54,Postpaid_Premium,Mid_Range,4G+,2026-03-30
SUB2539998,0.73,0.83,0.64,0.46,113.06,0,0,18-24,Prepaid_Monthly,Premium_Smartphone,5G,2026-03-25
SUB4524756,0.54,0.31,0.14,0.07,14.43,0,0,55+,Postpaid_Unlimited,Mid_Range,3G,2026-03-22
SUB5973198,3.09,1.57,0.13,0.19,89.13,0,0,25-34,Prepaid_Monthly,Premium_Smartphone,4G+,2026-04-04
SUB2528362,0.32,2.51,0.43,0.54,88.79,0,1,35-44,Postpaid_Basic,Premium_Smartphone,3G,2026-03-20
SUB4701339,2.64,1.41,0.1,0.02,76.96,0,0,25-34,Prepaid_Daily,Premium_Smartphone,4G,2026-03-27
SUB1881037,0.35,1.97,1.31,0.07,57.02,0,0,25-34,Postpaid_Premium,Premium_Smartphone,3G,2026-03-27
SUB4626307,0.02,0.22,0.0,0.0,48.29,0,0,35-44,Prepaid_Daily,Basic_Phone,5G,2026-03-31
SUB9643155,0.23,0.19,0.01,0.07,90.68,0,0,55+,Prepaid_Daily,Premium_Smartphone,5G,2026-03-25
SUB7601568,0.02,0.68,0.16,0.07,23.17,1,0,35-44,Prepaid_Monthly,Basic_Phone,4G,2026-03-28
SUB3368403,0.84,4.89,0.55,3.33,104.32,1,1,45-54,Postpaid_Unlimited,Mid_Range,4G+,2026-04-07
SUB5650215,1.8,0.32,0.23,0.03,37.09,1,1,18-24,Prepaid_Daily,Mid_Range,3G,2026-04-02
SUB9223269,0.48,1.01,0.13,0.05,43.77,0,0,45-54,Prepaid_Monthly,Mid_Range,4G,2026-04-05
SUB8659150,0.89,0.11,0.09,0.8,22.03,1,0,25-34,Prepaid_Monthly,Basic_Phone,4G,2026-03-31
SUB9412054,1.15,0.64,0.15,0.74,44.33,0,0,18-24,Postpaid_Premium,Basic_Phone,5G,2026-03-21
SUB7024587,1.1,0.58,0.62,0.37,65.17,0,1,18-24,Prepaid_Monthly,Mid_Range,4G,2026-04-14
SUB9332715,0.27,0.75,0.12,0.12,64.19,0,1,35-44,Postpaid_Basic,Mid_Range,4G,2026-04-13
SUB3625263,0.03,0.14,0.01,0.0,9.4,1,0,55+,Prepaid_Monthly,Basic_Phone,4G,2026-04-11
SUB3241678,0.95,0.24,0.33,0.05,42.54,0,0,35-44,Postpaid_Basic,Mid_Range,4G,2026-03-21
SUB6122028,0.31,0.31,0.08,1.52,36.8,0,0,25-34,Prepaid_Daily,Premium_Smartphone,3G,2026-03-23
SUB9593770,0.78,0.94,1.31,0.01,49.19,0,0,18-24,Prepaid_Monthly,Premium_Smartphone,3G,2026-04-08
SUB3763049,4.09,1.84,0.0,1.03,81.88,1,0,25-34,Postpaid_Unlimited,Mid_Range,4G,2026-04-05
SUB3203087,2.32,6.0,2.52,0.24,161.59,1,0,18-24,Postpaid_Premium,Premium_Smartphone,5G,2026-03-28
SUB3952718,0.32,4.25,1.59,0.9,72.49,0,0,25-34,Postpaid_Unlimited,Premium_Smartphone,4G,2026-04-02
SUB5952297,2.9,1.86,0.85,0.24,51.99,0,0,35-44,Postpaid_Premium,5G_Device,4G,2026-03-30
SUB1376924,0.81,0.05,0.37,0.7,51.8,0,1,55+,Postpaid_Basic,Mid_Range,3G,2026-04-14
SUB1387688,1.2,3.43,0.1,0.95,88.19,0,0,25-34,Postpaid_Premium,Premium_Smartphone,4G,2026-03-27
SUB7094899,2.59,5.22,2.1,4.57,125.92,1,0,18-24,Postpaid_Premium,Premium_Smartphone,4G,2026-04-06
SUB3435016,0.53,0.46,0.48,0.48,67.21,0,0,45-54,Prepaid_Monthly,Premium_Smartphone,3G,2026-04-09
SUB2070648,0.43,0.19,0.03,0.01,62.06,0,0,35-44,Prepaid_Daily,Premium_Smartphone,3G,2026-04-06
SUB4890026,0.69,1.04,0.37,0.06,43.42,0,0,45-54,Prepaid_Monthly,Tablet,3G,2026-04-14
SUB5558708,3.77,4.13,0.06,0.17,178.59,0,1,18-24,Prepaid_Daily,5G_Device,5G,2026-03-30
SUB5593577,1.54,2.27,0.27,0.3,70.09,0,0,25-34,Prepaid_Monthly,Premium_Smartphone,4G,2026-04-05
SUB7322372,4.01,0.52,1.17,0.08,63.36,1,0,55+,Postpaid_Unlimited,Mid_Range,4G,2026-04-11
SUB9940164,2.34,4.19,1.27,0.0,66.39,1,0,18-24,Postpaid_Premium,5G_Device,3G,2026-03-31
SUB5188136,1.19,1.74,3.07,0.23,83.98,0,0,35-44,Postpaid_Basic,Premium_Smartphone,5G,2026-04-16
SUB5490741,2.34,3.62,0.24,0.14,77.79,0,0,18-24,Prepaid_Monthly,Tablet,4G,2026-04-17
SUB8347075,1.36,0.96,0.51,0.41,36.38,0,0,25-34,Prepaid_Monthly,Premium_Smartphone,3G,2026-03-25
SUB8249602,0.51,0.37,0.12,0.03,32.19,1,0,45-54,Postpaid_Basic,Basic_Phone,5G,2026-04-02
SUB8859498,1.83,0.29,0.69,0.23,65.19,0,1,25-34,Postpaid_Basic,Mid_Range,4G,2026-04-05
SUB3906868,3.69,1.31,0.32,0.53,151.41,0,1,45-54,Postpaid_Premium,Premium_Smartphone,5G,2026-04-15
SUB5058961,4.8,5.62,0.68,0.37,105.78,0,1,25-34,Postpaid_Unlimited,5G_Device,5G,2026-04-17
SUB4246532,0.28,0.45,0.19,0.13,80.54,0,0,55+,Prepaid_Monthly,5G_Device,4G+,2026-04-06
SUB5263304,2.23,0.9,0.41,1.49,200.0,1,1,25-34,Prepaid_Monthly,Tablet,5G,2026-04-08
SUB5125339,1.3,0.26,0.44,0.79,71.24,0,0,18-24,Prepaid_Monthly,Premium_Smartphone,3G,2026-03-20
SUB2900057,0.51,1.59,0.01,0.49,44.15,1,0,25-34,Prepaid_Monthly,Mid_Range,4G,2026-03-24
SUB1784514,0.06,1.38,0.11,0.07,69.19,0,0,35-44,Prepaid_Daily,Premium_Smartphone,4G,2026-04-07
SUB2919587,0.12,0.33,0.05,0.05,7.68,0,0,45-54,Postpaid_Unlimited,Basic_Phone,3G,2026-04-02
SUB7760510,0.76,0.7,1.64,0.96,64.5,0,0,25-34,Postpaid_Unlimited,Tablet,4G,2026-04-03
SUB6051702,8.0,1.52,0.28,0.83,121.24,1,0,35-44,Postpaid_Unlimited,5G_Device,4G,2026-04-06
SUB5639848,1.08,3.3,0.07,0.67,103.54,1,0,45-54,Postpaid_Unlimited,Tablet,4G,2026-04-09
SUB3866792,0.65,0.37,0.34,0.15,26.95,0,0,45-54,Postpaid_Unlimited,Mid_Range,3G,2026-03-30
SUB6834564,0.19,0.75,0.33,0.07,67.07,1,1,35-44,Postpaid_Unlimited,Basic_Phone,5G,2026-04-06
SUB5673794,1.91,1.57,0.09,1.15,119.02,0,1,45-54,Postpaid_Premium,Premium_Smartphone,4G+,2026-03-20
SUB3153883,1.9,0.54,0.86,0.55,73.64,1,0,35-44,Prepaid_Daily,Mid_Range,4G,2026-04-08
SUB8415042,0.34,1.31,0.52,0.2,64.23,0,0,18-24,Prepaid_Daily,Premium_Smartphone,3G,2026-04-06
SUB3346243,0.96,0.58,0.19,1.62,96.22,0,0,18-24,Prepaid_Daily,Premium_Smartphone,4G+,2026-03-28
SUB5265630,0.62,1.53,0.05,0.07,107.04,1,1,55+,Prepaid_Monthly,5G_Device,3G,2026-04-15
SUB9726458,0.88,2.11,0.02,2.6,43.21,1,0,18-24,Postpaid_Premium,Mid_Range,4G,2026-04-01
SUB4679020,1.1,2.55,0.69,1.22,97.3,0,0,25-34,Postpaid_Basic,5G_Device,4G,2026-03-27
SUB8455050,0.26,0.2,0.03,0.39,113.94,0,1,55+,Prepaid_Monthly,Premium_Smartphone,4G,2026-03-25
SUB1488968,0.15,0.55,0.65,0.3,95.77,0,1,18-24,Prepaid_Daily,Tablet,4G,2026-04-15
SUB5248949,0.13,0.2,0.0,0.19,83.4,0,1,45-54,Prepaid_Daily,Mid_Range,4G+,2026-03-20
SUB2580096,0.19,0.45,0.13,0.01,22.62,0,1,45-54,Prepaid_Monthly,Basic_Phone,4G,2026-03-30
SUB6821934,0.54,0.99,0.15,0.27,97.65,0,0,55+,Prepaid_Daily,5G_Device,4G+,2026-04-13
SUB2693465,2.48,1.34,0.12,0.02,96.6,1,1,25-34,Prepaid_Daily,Mid_Range,4G,2026-03-29
SUB5275892,0.7,1.54,0.34,1.04,81.01,0,0,25-34,Prepaid_Monthly,Mid_Range,5G,2026-03-31
SUB8976726,0.86,0.77,0.02,0.37,83.69,1,0,55+,Postpaid_Basic,5G_Device,4G,2026-04-05
SUB3107719,3.63,0.7,0.17,0.06,30.73,0,0,18-24,Prepaid_Daily,Mid_Range,4G,2026-04-09
SUB8602495,3.0,1.48,1.42,0.14,45.68,0,0,25-34,Postpaid_Premium,Mid_Range,3G,2026-04-06
SUB8430037,0.1,0.61,0.0,0.48,24.53,0,0,35-44,Prepaid_Monthly,Basic_Phone,4G+,2026-03-25
SUB6990266,0.73,1.67,0.62,0.04,83.18,0,1,25-34,Prepaid_Daily,Mid_Range,5G,2026-04-03
SUB1699438,0.48,0.49,0.06,0.14,53.69,0,0,55+,Postpaid_Basic,Premium_Smartphone,4G,2026-03-21
SUB6069398,0.2,3.39,1.61,0.84,78.32,1,0,35-44,Prepaid_Monthly,Mid_Range,4G,2026-03-22
SUB4691316,0.37,0.19,2.74,0.14,107.14,0,0,18-24,Prepaid_Daily,Premium_Smartphone,5G,2026-04-17
SUB8153588,7.32,1.65,3.72,3.01,146.3,1,0,18-24,Postpaid_Unlimited,Premium_Smartphone,4G+,2026-04-08
SUB5192896,1.43,5.9,3.66,1.75,158.37,1,1,18-24,Postpaid_Basic,5G_Device,5G,2026-04-15
SUB6687041,3.37,3.16,0.12,1.77,30.87,0,0,18-24,Postpaid_Basic,Mid_Range,4G,2026-04-07
SUB3677049,2.04,1.51,0.49,2.48,51.55,0,0,35-44,Postpaid_Unlimited,5G_Device,3G,2026-04-01
SUB3288786,1.5,5.83,1.53,0.12,78.29,0,1,18-24,Postpaid_Unlimited,5G_Device,3G,2026-03-30
SUB5986439,0.42,2.98,4.0,0.79,48.44,0,1,25-34,Prepaid_Monthly,Premium_Smartphone,3G,2026-03-21
SUB3845157,0.12,0.14,0.23,0.03,29.18,0,0,55+,Postpaid_Premium,Mid_Range,4G,2026-03-20
SUB6568139,0.28,6.0,0.25,0.18,77.38,1,0,35-44,Postpaid_Premium,Mid_Range,4G,2026-03-27
SUB6220761,0.5,0.25,0.13,0.28,8.44,0,1,25-34,Prepaid_Daily,Basic_Phone,4G,2026-04-09
SUB1219162,0.71,1.38,0.03,0.7,117.58,0,1,55+,Postpaid_Premium,Premium_Smartphone,4G+,2026-03-23
SUB5053492,0.75,0.24,0.25,0.96,55.78,0,0,18-24,Prepaid_Daily,Mid_Range,4G+,2026-03-23
SUB3841852,0.71,1.53,0.02,0.24,58.6,0,1,55+,Postpaid_Basic,5G_Device,4G,2026-04-04
SUB4313723,1.73,0.42,0.11,1.96,51.09,0,0,35-44,Postpaid_Premium,Tablet,3G,2026-03-29
SUB2340522,0.43,0.38,0.22,0.23,19.24,0,0,35-44,Prepaid_Monthly,Mid_Range,3G,2026-03-25
SUB2401051,1.92,1.24,2.64,0.01,96.39,1,1,45-54,Postpaid_Unlimited,Mid_Range,4G+,2026-03-28
SUB8269122,0.33,6.0,0.95,0.14,71.89,0,0,25-34,Postpaid_Premium,5G_Device,4G,2026-04-07
SUB4270514,1.93,1.97,0.12,0.1,102.15,0,1,45-54,Postpaid_Unlimited,Premium_Smartphone,4G,2026-03-23
SUB4738163,1.66,0.23,0.31,1.35,70.68,0,1,45-54,Prepaid_Monthly,Premium_Smartphone,3G,2026-04-06
SUB9934971,1.26,2.74,0.16,1.42,126.65,1,0,25-34,Prepaid_Daily,Premium_Smartphone,4G,2026-03-31
SUB8349336,2.3,1.06,0.91,3.44,61.5,0,1,25-34,Postpaid_Premium,Mid_Range,4G,2026-04-08
SUB8722905,1.32,1.23,0.2,0.04,102.65,0,0,45-54,Prepaid_Monthly,Tablet,4G,2026-03-26
SUB4462087,7.74,6.0,2.4,0.15,186.55,1,0,25-34,Postpaid_Basic,5G_Device,5G,2026-04-08
SUB8745769,5.21,0.68,0.08,0.11,45.4,1,0,45-54,Postpaid_Premium,Mid_Range,4G,2026-04-17
SUB1286172,0.74,0.71,0.38,0.05,49.11,0,0,35-44,Prepaid_Monthly,Mid_Range,4G,2026-03-20
SUB9082668,3.92,0.62,0.14,0.68,55.62,0,0,35-44,Prepaid_Monthly,5G_Device,4G,2026-04-10
SUB1561133,0.7,2.9,0.55,0.06,67.27,0,1,18-24,Prepaid_Monthly,Premium_Smartphone,3G,2026-03-25
SUB7116130,0.06,0.3,0.03,0.09,31.58,0,0,25-34,Prepaid_Monthly,Basic_Phone,4G,2026-04-13
SUB2649258,0.14,0.26,0.42,0.01,42.48,0,1,25-34,Postpaid_Basic,Mid_Range,3G,2026-03-22
SUB5369535,0.17,0.38,0.05,0.26,26.74,1,0,35-44,Prepaid_Daily,Basic_Phone,4G,2026-03-27
SUB8420754,1.29,1.13,0.08,0.16,99.61,0,0,35-44,Prepaid_Monthly,Tablet,5G,2026-04-02
SUB5159962,8.0,1.71,0.25,1.22,53.91,0,0,35-44,Postpaid_Premium,Premium_Smartphone,4G,2026-03-22
SUB5481678,0.72,2.8,0.42,0.5,81.48,1,1,35-44,Prepaid_Monthly,Premium_Smartphone,4G,2026-04-01
SUB2665418,0.71,0.66,2.0,0.28,112.08,1,0,45-54,Postpaid_Basic,Tablet,4G+,2026-03-25
SUB1695519,1.05,1.29,0.17,0.76,114.48,0,0,25-34,Prepaid_Monthly,Premium_Smartphone,5G,2026-03-19
SUB9629348,1.03,2.86,1.51,0.39,128.74,0,0,35-44,Postpaid_Basic,Premium_Smartphone,4G+,2026-04-10
SUB5449720,8.0,3.96,1.27,0.12,77.17,0,0,18-24,Postpaid_Unlimited,Tablet,4G,2026-03-22
SUB2310704,1.82,0.99,0.04,0.28,43.53,0,1,25-34,Postpaid_Basic,Mid_Range,4G,2026-03-22
SUB6641335,1.56,1.67,0.57,0.12,104.86,0,0,25-34,Postpaid_Basic,Tablet,4G,2026-03-20
SUB7121263,0.96,0.49,0.04,0.59,62.15,0,0,25-34,Prepaid_Daily,Mid_Range,5G,2026-04-10
SUB6555910,4.62,0.76,4.0,0.02,92.04,0,0,25-34,Prepaid_Monthly,Premium_Smartphone,4G,2026-04-10
SUB7396153,1.25,3.37,0.52,1.97,76.45,1,1,18-24,Postpaid_Unlimited,Mid_Range,4G,2026-03-23
SUB8048586,1.35,6.0,3.64,6.0,146.71,1,0,25-34,Postpaid_Premium,Tablet,5G,2026-04-02
SUB6221995,0.45,0.24,0.05,0.31,116.37,1,0,55+,Postpaid_Basic,Premium_Smartphone,5G,2026-04-09
SUB8846989,0.48,1.41,0.58,0.54,33.01,0,1,25-34,Postpaid_Unlimited,Basic_Phone,4G+,2026-04-01
SUB2587361,0.87,0.28,0.16,1.11,97.39,1,0,35-44,Prepaid_Daily,Mid_Range,4G+,2026-03-27
SUB9646079,1.75,4.99,0.45,0.59,116.25,1,1,25-34,Postpaid_Premium,Mid_Range,5G,2026-03-20
SUB2763190,1.6,1.23,0.85,0.25,94.78,0,1,25-34,Prepaid_Monthly,Premium_Smartphone,4G,2026-04-05
SUB2157593,0.53,0.72,0.71,0.49,85.01,0,0,18-24,Postpaid_Basic,Premium_Smartphone,4G,2026-04-12
SUB1855817,0.63,2.29,0.18,0.38,112.03,1,0,18-24,Prepaid_Daily,5G_Device,4G,2026-04-01
SUB7509676,1.41,1.4,1.39,0.35,99.08,0,1,45-54,Postpaid_Unlimited,5G_Device,4G,2026-04-17
SUB4250881,1.03,2.09,0.1,0.0,71.3,0,0,25-34,Postpaid_Premium,Premium_Smartphone,4G,2026-04-17
SUB1558114,2.35,2.92,2.87,2.1,160.88,1,1,18-24,Prepaid_Monthly,Premium_Smartphone,4G,2026-03-24
SUB5828626,3.11,0.53,0.4,0.39,32.58,0,0,25-34,Postpaid_Basic,Mid_Range,4G,2026-04-17
SUB9320901,3.04,1.85,0.95,1.04,91.16,0,0,35-44,Postpaid_Premium,Tablet,4G+,2026-03-20
SUB2657106,0.64,0.56,0.0,0.0,10.16,0,0,35-44,Prepaid_Monthly,Basic_Phone,4G+,2026-03-28
SUB2958074,1.11,0.5,0.13,0.08,78.5,0,0,25-34,Prepaid_Daily,Mid_Range,5G,2026-03-19
SUB2622964,3.72,0.73,0.48,0.17,88.21,0,0,25-34,Prepaid_Monthly,Premium_Smartphone,4G,2026-04-09
SUB9085491,5.88,1.07,1.14,0.53,130.5,0,0,25-34,Prepaid_Daily,5G_Device,4G+,2026-04-17
SUB7154482,3.12,0.97,1.47,0.12,56.99,0,0,18-24,Postpaid_Basic,Premium_Smartphone,4G,2026-04-13
SUB1358349,0.66,0.94,0.51,0.84,91.82,0,0,25-34,Prepaid_Monthly,5G_Device,4G,2026-04-01
SUB2061385,6.02,0.92,4.0,0.24,68.17,0,0,35-44,Postpaid_Basic,Mid_Range,4G+,2026-04-05
SUB6831618,2.97,3.11,2.84,0.01,96.24,0,1,35-44,Postpaid_Basic,Premium_Smartphone,4G,2026-03-31
SUB8303950,2.69,2.35,0.5,1.23,106.71,1,0,35-44,Postpaid_Unlimited,Mid_Range,4G+,2026-03-29
SUB7102102,0.17,6.0,1.02,0.29,70.75,1,0,35-44,Postpaid_Premium,5G_Device,4G,2026-03-30
SUB9741073,1.55,2.38,0.95,0.55,86.83,1,1,25-34,Postpaid_Basic,Mid_Range,4G+,2026-04-08
SUB5763090,0.78,1.81,2.57,0.0,93.67,0,1,25-34,Prepaid_Monthly,Premium_Smartphone,4G,2026-04-06
SUB8980571,0.07,0.33,0.02,0.04,28.95,0,1,25-34,Prepaid_Daily,Basic_Phone,4G,2026-04-16
SUB4096750,0.34,1.85,0.15,0.03,34.16,0,0,35-44,Prepaid_Daily,Mid_Range,4G,2026-04-13
SUB7682115,1.21,0.58,1.13,0.07,28.98,1,0,18-24,Postpaid_Premium,Basic_Phone,4G,2026-04-14
SUB7354054,0.79,0.59,0.13,0.52,43.32,1,0,55+,Prepaid_Monthly,Mid_Range,4G,2026-04-13
SUB6517263,0.37,3.23,0.11,0.0,59.46,0,1,25-34,Prepaid_Monthly,Mid_Range,4G,2026-03-22
SUB1818706,8.0,3.76,0.14,1.28,72.1,0,1,25-34,Postpaid_Unlimited,Mid_Range,4G,2026-04-01
SUB2734802,1.56,0.49,1.33,1.57,72.12,0,1,35-44,Postpaid_Basic,Mid_Range,4G+,2026-03-19
SUB9837718,8.0,1.2,0.35,0.39,69.46,1,0,18-24,Postpaid_Unlimited,Mid_Range,4G,2026-04-10
SUB7137875,2.34,0.75,1.1,1.15,55.06,0,0,25-34,Postpaid_Unlimited,Mid_Range,4G,2026-03-26
SUB2774474,4.93,0.7,0.26,0.23,58.46,1,0,25-34,Prepaid_Daily,Mid_Range,5G,2026-03-30
SUB4212174,1.18,3.83,0.08,3.06,51.87,0,0,18-24,Postpaid_Unlimited,Premium_Smartphone,4G,2026-03-25
SUB1553360,0.53,0.83,0.17,0.32,62.14,0,0,45-54,Prepaid_Daily,5G_Device,3G,2026-04-08
SUB5228021,2.15,1.35,0.09,0.17,86.49,0,0,45-54,Postpaid_Unlimited,Premium_Smartphone,4G,2026-04-16
SUB1384533,0.65,0.5,0.26,0.11,29.96,0,0,18-24,Postpaid_Basic,Mid_Range,4G,2026-03-20
SUB5303829,0.75,4.57,0.22,3.6,136.92,1,0,25-34,Postpaid_Premium,Premium_Smartphone,5G,2026-03-23
SUB4602294,0.59,4.71,0.11,0.31,47.18,0,0,18-24,Postpaid_Premium,Mid_Range,4G,2026-04-05
SUB2261668,2.54,1.38,0.36,0.17,102.77,0,1,45-54,Postpaid_Basic,5G_Device,4G+,2026-03-26
SUB4150374,6.22,0.67,0.05,0.06,91.06,0,0,25-34,Postpaid_Basic,Mid_Range,5G,2026-03-31
SUB3399009,1.51,1.79,1.37,0.73,110.56,0,0,25-34,Postpaid_Unlimited,Premium_Smartphone,5G,2026-04-07
SUB2378656,1.05,0.87,0.46,1.85,116.38,0,1,25-34,Postpaid_Unlimited,Premium_Smartphone,4G+,2026-03-31
SUB5478633,1.61,1.24,1.95,0.09,56.77,1,0,25-34,Postpaid_Premium,Tablet,3G,2026-03-23
SUB9735015,0.87,3.08,0.41,1.0,114.51,0,1,35-44,Postpaid_Premium,Mid_Range,5G,2026-04-11
SUB8045472,1.62,0.6,0.2,1.26,102.18,0,0,35-44,Prepaid_Monthly,5G_Device,5G,2026-03-29
SUB9965003,0.75,3.29,0.12,0.75,50.68,1,0,25-34,Postpaid_Premium,Premium_Smartphone,3G,2026-03-22
SUB1769153,3.08,1.89,0.38,1.06,153.82,0,0,35-44,Postpaid_Basic,Tablet,5G,2026-04-02
SUB2508346,0.81,1.12,0.01,0.94,92.62,0,0,25-34,Postpaid_Premium,Premium_Smartphone,4G+,2026-03-20
SUB1803995,2.44,6.0,1.21,0.48,55.55,0,0,18-24,Postpaid_Premium,Premium_Smartphone,4G,2026-03-30
SUB9666453,2.36,2.22,1.77,2.87,142.4,1,1,18-24,Prepaid_Monthly,Premium_Smartphone,4G,2026-03-28
SUB2248720,8.0,1.31,0.49,0.11,95.62,0,0,25-34,Prepaid_Daily,5G_Device,4G,2026-03-23
SUB6160025,0.27,0.95,0.14,1.42,91.29,0,0,35-44,Prepaid_Daily,Premium_Smartphone,5G,2026-04-03
SUB9302146,0.28,0.99,0.03,0.15,69.19,1,0,55+,Postpaid_Basic,Premium_Smartphone,4G,2026-04-07
SUB3836934,3.33,0.72,1.11,0.76,147.77,0,0,18-24,Prepaid_Monthly,Premium_Smartphone,5G,2026-04-01
SUB7944075,0.04,0.29,0.06,0.62,37.19,0,0,25-34,Postpaid_Basic,Mid_Range,4G,2026-04-04
SUB2087241,2.75,0.83,0.12,1.17,74.4,0,0,18-24,Prepaid_Daily,5G_Device,4G,2026-04-15
SUB4929301,0.11,1.19,0.06,0.13,86.95,0,1,45-54,Prepaid_Monthly,Mid_Range,5G,2026-03-28
SUB3210980,0.16,3.27,0.06,0.14,128.11,1,1,45-54,Prepaid_Monthly,Mid_Range,5G,2026-03-20
SUB8997018,1.32,6.0,0.32,2.71,157.48,1,1,18-24,Prepaid_Monthly,Premium_Smartphone,5G,2026-04-05
SUB2139391,0.64,2.57,0.89,0.0,108.69,0,0,35-44,Prepaid_Daily,Premium_Smartphone,4G+,2026-04-08
SUB6970653,1.76,0.61,0.23,0.01,42.11,1,0,35-44,Postpaid_Premium,Mid_Range,4G,2026-04-02
SUB4970471,1.52,1.79,4.0,0.02,100.57,0,1,18-24,Prepaid_Daily,Premium_Smartphone,4G,2026-03-27
SUB5226660,1.22,0.46,0.55,0.21,95.46,0,0,25-34,Prepaid_Daily,5G_Device,4G,2026-03-23
SUB6508833,0.55,0.54,0.14,0.02,49.08,0,0,35-44,Postpaid_Unlimited,Mid_Range,4G+,2026-04-04
SUB2869883,1.48,2.48,0.45,0.27,137.44,0,1,18-24,Prepaid_Daily,Premium_Smartphone,5G,2026-04-03
SUB1271609,5.17,1.09,0.75,2.86,89.35,0,0,25-34,Postpaid_Premium,5G_Device,4G,2026-03-19
SUB4867183,8.0,2.74,2.09,0.01,47.58,1,0,18-24,Postpaid_Unlimited,Mid_Range,4G,2026-03-27
SUB4481716,0.56,3.11,1.73,0.06,112.59,0,0,25-34,Postpaid_Basic,Premium_Smartphone,5G,2026-04-08
SUB3293474,0.07,0.26,0.05,0.03,31.51,1,0,45-54,Postpaid_Basic,Basic_Phone,4G,2026-04-15
SUB7337479,0.89,1.59,0.64,1.01,82.92,1,1,25-34,Prepaid_Monthly,5G_Device,3G,2026-04-06
SUB6868518,0.97,1.28,1.42,1.05,62.05,0,0,18-24,Prepaid_Monthly,5G_Device,4G,2026-04-05
SUB9566304,1.07,1.41,0.11,0.3,64.29,0,0,18-24,Postpaid_Basic,Premium_Smartphone,3G,2026-03-29
SUB2589291,1.77,0.62,0.05,0.23,71.4,0,0,35-44,Prepaid_Daily,Mid_Range,5G,2026-04-02
SUB1426492,0.6,1.18,0.07,1.32,61.47,0,0,25-34,Prepaid_Monthly,Premium_Smartphone,4G,2026-03-28
SUB3955227,6.08,2.07,0.22,2.24,137.52,0,0,35-44,Postpaid_Premium,Premium_Smartphone,5G,2026-03-26
SUB3307236,2.48,0.49,1.02,0.75,104.58,0,0,18-24,Prepaid_Daily,5G_Device,4G,2026-03-20
SUB4224400,0.24,1.03,0.12,0.18,37.04,0,0,45-54,Postpaid_Premium,Mid_Range,3G,2026-03-25
SUB7613889,0.74,0.34,0.27,0.15,48.0,1,1,45-54,Postpaid_Premium,Basic_Phone,4G,2026-03-25
SUB6653278,1.37,0.2,0.26,0.38,39.33,0,1,45-54,Prepaid_Daily,Mid_Range,4G,2026-04-14
SUB1463723,0.47,0.58,0.09,0.11,50.63,0,0,25-34,Prepaid_Daily,Mid_Range,4G,2026-04-04
SUB8784160,0.27,0.63,0.41,0.0,31.88,0,0,35-44,Prepaid_Monthly,Mid_Range,4G,2026-03-30
SUB6138717,3.48,1.81,0.23,0.52,102.18,0,0,25-34,Postpaid_Premium,Tablet,4G+,2026-04-02
SUB1686763,1.4,0.24,1.11,1.3,74.27,1,1,45-54,Prepaid_Monthly,Mid_Range,4G+,2026-03-20
SUB8585291,8.0,2.38,1.63,0.34,79.64,0,0,18-24,Postpaid_Premium,Premium_Smartphone,5G,2026-03-22
SUB7301816,1.89,1.2,4.0,0.7,94.46,1,1,45-54,Postpaid_Premium,Premium_Smartphone,4G,2026-04-14
SUB8099312,3.24,1.39,1.0,2.0,133.8,0,0,25-34,Postpaid_Premium,Premium_Smartphone,5G,2026-04-06
SUB3145943,0.1,0.28,0.04,0.89,62.83,0,0,45-54,Prepaid_Daily,5G_Device,3G,2026-04-13
SUB5590585,1.61,0.51,0.26,0.89,41.87,0,0,35-44,Postpaid_Basic,Premium_Smartphone,3G,2026-04-13
SUB2323020,0.18,0.28,1.4,2.22,102.98,1,0,25-34,Prepaid_Daily,Mid_Range,5G,2026-03-21
SUB3654810,0.91,0.28,0.01,0.03,45.88,0,0,55+,Prepaid_Daily,Mid_Range,4G,2026-04-16
SUB5919495,2.9,1.17,0.27,1.33,81.43,1,0,25-34,Prepaid_Monthly,5G_Device,4G,2026-03-29
SUB8367241,0.37,1.89,0.05,0.0,91.8,0,1,55+,Postpaid_Premium,Tablet,5G,2026-03-20
SUB9890111,0.45,0.98,0.27,0.47,54.04,1,0,45-54,Postpaid_Unlimited,Mid_Range,3G,2026-04-09
SUB5477375,0.22,1.04,0.18,0.23,127.8,1,0,55+,Prepaid_Monthly,Premium_Smartphone,4G,2026-03-28
SUB4704595,7.99,5.53,2.51,0.06,103.18,1,0,18-24,Postpaid_Basic,Premium_Smartphone,5G,2026-03-21
SUB2844040,2.36,2.79,0.08,0.41,75.21,0,0,25-34,Prepaid_Monthly,Premium_Smartphone,4G,2026-04-17
SUB7908998,2.42,2.4,1.5,0.86,169.18,1,1,35-44,Postpaid_Premium,Tablet,5G,2026-04-03
SUB1864845,0.32,0.64,0.08,0.03,58.97,1,0,55+,Prepaid_Monthly,Mid_Range,4G,2026-04-02
SUB3006811,4.31,1.33,1.01,0.25,88.11,0,0,18-24,Postpaid_Basic,Premium_Smartphone,4G,2026-04-17
SUB8977848,2.43,0.78,0.09,0.28,47.81,0,0,18-24,Postpaid_Basic,Mid_Range,4G+,2026-03-30
SUB2434636,1.56,6.0,0.64,0.13,87.84,0,1,25-34,Postpaid_Premium,Premium_Smartphone,4G,2026-04-01
SUB4908308,0.14,0.36,0.21,0.06,59.65,0,0,45-54,Prepaid_Daily,Mid_Range,4G,2026-04-03
SUB8332827,0.84,2.22,0.32,0.26,91.82,1,0,45-54,Postpaid_Basic,Premium_Smartphone,4G,2026-03-26
SUB1705314,0.59,0.77,0.17,0.71,49.16,0,0,25-34,Prepaid_Monthly,Mid_Range,4G,2026-04-02
SUB4394070,0.61,0.65,2.14,0.33,52.39,0,1,18-24,Prepaid_Daily,Premium_Smartphone,3G,2026-04-17
SUB4889453,2.56,0.84,0.22,0.68,59.83,0,0,35-44,Prepaid_Monthly,Premium_Smartphone,4G,2026-04-09
SUB4957874,1.09,0.36,0.04,0.0,19.0,1,0,18-24,Postpaid_Unlimited,Basic_Phone,4G,2026-04-16
SUB4578687,2.5,1.0,0.12,1.27,66.47,0,1,35-44,Postpaid_Unlimited,Mid_Range,4G,2026-03-30
SUB2182200,0.87,0.68,0.76,0.06,93.83,0,0,25-34,Prepaid_Daily,Premium_Smartphone,4G+,2026-03-25
SUB5775219,0.91,0.65,0.37,0.02,26.93,0,1,35-44,Postpaid_Premium,Basic_Phone,5G,2026-03-27
SUB2093956,0.04,1.67,0.57,1.04,46.74,0,0,45-54,Postpaid_Basic,Premium_Smartphone,4G,2026-03-26
SUB9063736,2.73,6.0,0.51,3.81,141.85,1,1,25-34,Postpaid_Unlimited,5G_Device,4G,2026-03-25
SUB4648338,2.71,1.77,0.58,0.03,46.05,0,0,25-34,Postpaid_Unlimited,Mid_Range,4G+,2026-03-24
SUB2431041,0.3,0.24,0.78,0.5,56.5,1,0,45-54,Postpaid_Basic,Premium_Smartphone,3G,2026-04-13
SUB8859371,0.19,0.76,0.4,0.07,57.78,0,0,25-34,Prepaid_Daily,Premium_Smartphone,3G,2026-03-24
SUB6025764,2.42,0.53,0.12,0.04,51.91,0,0,45-54,Postpaid_Basic,Mid_Range,4G,2026-04-13
SUB7962111,2.11,1.27,1.68,0.22,72.6,0,0,18-24,Postpaid_Premium,Mid_Range,4G+,2026-04-14
SUB7142453,2.08,0.27,0.05,0.53,48.7,0,0,45-54,Postpaid_Unlimited,Tablet,4G,2026-04-04
SUB8289165,4.05,0.2,0.06,1.45,84.24,0,0,18-24,Prepaid_Monthly,Premium_Smartphone,4G,2026-04-08
SUB1272667,0.61,3.56,0.2,0.21,80.17,0,0,18-24,Postpaid_Premium,Mid_Range,5G,2026-03-24
SUB4453402,3.15,0.32,0.06,0.74,93.14,0,0,25-34,Postpaid_Premium,Premium_Smartphone,4G+,2026-03-23
SUB9123445,1.27,0.05,0.35,0.47,131.11,1,0,55+,Prepaid_Daily,Premium_Smartphone,5G,2026-04-12
SUB1112035,0.1,0.28,0.01,0.15,65.43,0,0,55+,Postpaid_Basic,5G_Device,4G,2026-04-12
SUB6698238,1.49,0.17,0.12,0.84,90.85,0,0,18-24,Prepaid_Daily,Tablet,4G+,2026-04-07
SUB1340526,3.05,0.12,0.05,0.0,16.7,1,1,18-24,Postpaid_Premium,Basic_Phone,3G,2026-03-28
SUB2216733,0.95,2.5,2.26,0.01,137.44,0,1,25-34,Postpaid_Basic,Premium_Smartphone,5G,2026-04-11
SUB6687453,0.57,2.58,1.55,0.01,61.06,0,1,25-34,Postpaid_Unlimited,Tablet,4G,2026-03-30
SUB1865144,2.23,1.2,0.8,0.95,144.96,0,0,45-54,Postpaid_Unlimited,Premium_Smartphone,5G,2026-04-07
SUB2418137,0.32,0.71,0.16,0.19,91.69,0,0,25-34,Prepaid_Daily,Premium_Smartphone,4G,2026-03-25
SUB3307306,1.31,0.27,0.23,0.31,38.29,0,0,45-54,Prepaid_Daily,Mid_Range,4G,2026-04-12
SUB1522797,0.69,0.1,0.05,0.66,36.77,0,0,35-44,Postpaid_Premium,Mid_Range,3G,2026-04-11
SUB6868590,0.78,1.29,0.04,0.65,75.21,0,0,35-44,Postpaid_Premium,Premium_Smartphone,4G,2026-04-07
SUB4497172,0.54,2.21,0.33,0.7,87.0,0,0,45-54,Postpaid_Premium,Tablet,5G,2026-03-26
SUB7560230,0.54,1.3,0.07,0.0,26.8,0,0,18-24,Prepaid_Monthly,Basic_Phone,5G,2026-03-22
SUB7652469,1.67,1.65,2.33,0.67,77.96,0,1,18-24,Postpaid_Premium,Mid_Range,4G+,2026-03-20
SUB9142165,1.0,0.14,0.05,0.37,66.71,0,0,45-54,Prepaid_Monthly,5G_Device,3G,2026-03-26
SUB6388811,0.41,1.4,0.07,0.16,24.63,0,0,18-24,Prepaid_Monthly,Mid_Range,3G,2026-04-03
SUB1414399,1.8,2.13,0.35,0.05,113.31,1,0,18-24,Prepaid_Daily,Premium_Smartphone,4G+,2026-04-16
SUB8175173,0.55,0.68,0.43,0.52,85.34,0,1,55+,Postpaid_Unlimited,Mid_Range,5G,2026-03-28
SUB6884724,1.11,1.97,1.77,0.15,56.83,1,0,35-44,Postpaid_Basic,Mid_Range,4G,2026-04-05
SUB5449113,1.42,1.33,0.72,3.08,47.17,0,1,25-34,Postpaid_Unlimited,Mid_Range,4G,2026-03-20
SUB8251204,0.14,1.2,0.12,0.22,52.52,1,0,35-44,Postpaid_Premium,Mid_Range,4G,2026-03-24
SUB1729672,0.36,0.49,0.12,0.52,102.72,0,1,25-34,Prepaid_Daily,Premium_Smartphone,4G,2026-04-03
SUB6257901,0.12,0.16,0.03,0.01,32.91,0,0,55+,Postpaid_Basic,Mid_Range,4G,2026-03-29
SUB9837389,1.87,6.0,0.04,0.24,116.25,1,0,18-24,Prepaid_Daily,Premium_Smartphone,5G,2026-03-23
SUB2147417,0.37,1.34,0.57,0.04,69.76,0,1,35-44,Postpaid_Basic,Mid_Range,4G,2026-03-27
SUB1160786,0.64,0.46,0.18,0.86,28.43,0,0,45-54,Prepaid_Monthly,Mid_Range,3G,2026-04-16
SUB3075414,0.15,1.03,0.28,1.9,138.93,0,0,25-34,Postpaid_Basic,Tablet,5G,2026-03-24
SUB8598498,0.3,0.98,0.15,0.54,61.35,0,0,45-54,Postpaid_Basic,Mid_Range,4G+,2026-03-22
SUB6722078,0.05,0.49,0.47,0.02,72.99,1,0,55+,Prepaid_Monthly,Mid_Range,5G,2026-03-27
SUB8883060,0.33,0.15,0.0,0.24,30.32,1,0,35-44,Prepaid_Daily,Basic_Phone,4G,2026-04-16
SUB2314530,2.36,0.82,0.52,0.01,43.66,0,0,25-34,Prepaid_Monthly,Mid_Range,4G,2026-03-27
SUB1910175,6.04,6.0,0.2,0.03,111.08,0,1,35-44,Postpaid_Unlimited,5G_Device,5G,2026-04-04
SUB8225529,0.64,0.4,0.01,0.0,55.31,0,0,55+,Prepaid_Monthly,Premium_Smartphone,4G,2026-03-27
SUB6501188,0.97,6.0,1.07,2.04,144.01,1,0,25-34,Postpaid_Premium,Premium_Smartphone,5G,2026-04-09
SUB7056095,0.47,0.59,0.31,0.01,38.28,0,0,35-44,Prepaid_Daily,Premium_Smartphone,3G,2026-04-14
SUB1121701,3.45,0.68,0.08,1.18,130.51,1,1,25-34,Prepaid_Monthly,Mid_Range,5G,2026-03-30
SUB8680223,2.5,1.04,0.91,0.11,56.18,1,1,18-24,Postpaid_Basic,Mid_Range,4G,2026-04-05
SUB4941631,3.05,6.0,4.0,0.09,83.67,0,1,18-24,Postpaid_Premium,Premium_Smartphone,3G,2026-04-17
SUB6174895,0.63,1.05,0.5,0.11,107.54,1,1,55+,Postpaid_Basic,Premium_Smartphone,4G,2026-03-29
SUB2064641,0.24,1.03,1.52,0.01,76.85,0,0,35-44,Postpaid_Basic,Premium_Smartphone,5G,2026-03-29
SUB2433043,1.98,0.65,1.33,0.95,21.55,0,0,18-24,Postpaid_Premium,Mid_Range,4G,2026-04-05
SUB7637056,0.48,0.78,0.06,0.01,42.25,1,0,45-54,Prepaid_Monthly,Mid_Range,3G,2026-04-16
SUB7789177,1.28,1.87,1.17,0.53,140.31,0,0,25-34,Prepaid_Daily,5G_Device,5G,2026-04-08
SUB1248924,0.54,0.59,0.16,0.07,53.7,1,1,45-54,Prepaid_Monthly,Mid_Range,4G,2026-04-01
SUB9145618,0.01,2.43,0.08,0.82,114.47,0,0,18-24,Prepaid_Daily,Premium_Smartphone,4G+,2026-04-11
SUB3090923,1.95,4.53,0.27,0.16,64.25,0,0,55+,Postpaid_Unlimited,Mid_Range,4G+,2026-03-26
SUB2940711,0.54,2.28,0.56,1.28,98.48,0,0,35-44,Postpaid_Basic,5G_Device,4G,2026-04-06
SUB2363307,0.68,0.19,0.44,0.31,105.83,0,0,35-44,Prepaid_Monthly,Tablet,4G,2026-04-01
SUB6925237,1.38,3.57,0.06,0.27,37.77,0,0,18-24,Postpaid_Unlimited,Premium_Smartphone,3G,2026-03-23
SUB7498391,3.04,6.0,0.78,0.09,145.34,0,0,25-34,Postpaid_Unlimited,Premium_Smartphone,5G,2026-03-31
SUB4218451,1.24,0.58,0.82,0.71,119.01,0,0,25-34,Prepaid_Monthly,5G_Device,4G+,2026-03-29
SUB4372021,1.71,2.75,0.12,0.98,139.02,0,1,55+,Postpaid_Unlimited,Premium_Smartphone,5G,2026-03-24
SUB1190477,3.18,1.54,0.49,1.57,99.57,0,0,18-24,Prepaid_Daily,5G_Device,4G,2026-03-25
SUB7213415,2.97,1.54,0.75,0.05,44.86,0,1,35-44,Postpaid_Unlimited,Mid_Range,3G,2026-03-31
SUB8805819,0.19,0.09,0.01,0.05,21.27,0,1,18-24,Prepaid_Monthly,Basic_Phone,3G,2026-03-21
SUB5915782,3.65,0.92,1.19,1.67,142.42,0,0,18-24,Postpaid_Basic,5G_Device,5G,2026-03-24
SUB9567962,0.87,1.16,1.68,0.74,93.92,0,0,25-34,Prepaid_Monthly,Premium_Smartphone,4G+,2026-03-20
SUB6858893,2.27,0.47,1.14,0.07,100.79,0,1,45-54,Postpaid_Unlimited,Premium_Smartphone,5G,2026-03-19
SUB6690912,0.83,0.53,0.14,1.05,125.75,0,1,45-54,Prepaid_Daily,5G_Device,5G,2026-03-21
SUB3182931,0.81,0.33,0.13,0.32,67.81,0,0,55+,Prepaid_Monthly,5G_Device,4G,2026-04-04
SUB2051636,0.19,0.15,0.23,0.22,54.99,0,0,55+,Postpaid_Basic,Mid_Range,4G,2026-04-15
SUB7941550,0.18,1.58,0.37,2.0,133.19,1,0,18-24,Postpaid_Basic,Premium_Smartphone,4G,2026-03-25
SUB8615907,2.56,3.13,0.71,0.03,122.38,0,0,45-54,Postpaid_Premium,Premium_Smartphone,4G+,2026-04-07
SUB7631430,1.48,1.36,0.52,0.22,67.68,0,0,25-34,Postpaid_Premium,5G_Device,3G,2026-04-05
SUB8913436,0.51,1.12,0.25,0.04,82.55,0,0,45-54,Postpaid_Premium,Mid_Range,5G,2026-03-23
SUB3647765,0.59,0.03,0.14,0.06,27.22,0,0,18-24,Prepaid_Monthly,Basic_Phone,5G,2026-03-19
SUB4037253,0.22,0.2,0.18,0.08,75.7,0,0,45-54,Prepaid_Monthly,Mid_Range,5G,2026-04-16
SUB9744039,0.02,1.37,0.01,0.18,29.71,0,0,18-24,Prepaid_Monthly,Mid_Range,4G,2026-04-03
SUB1015141,8.0,1.76,0.43,1.56,55.62,1,0,25-34,Postpaid_Unlimited,Mid_Range,4G,2026-04-07
SUB5524361,8.0,1.02,0.87,1.02,60.84,0,0,18-24,Prepaid_Monthly,Mid_Range,5G,2026-03-28
SUB8986378,0.42,0.94,0.48,1.44,112.94,1,0,18-24,Prepaid_Monthly,Premium_Smartphone,4G+,2026-04-12
SUB4782700,0.18,0.37,0.08,0.5,24.79,0,0,25-34,Postpaid_Basic,Basic_Phone,4G,2026-03-22
SUB4561669,0.15,0.23,0.21,0.84,74.74,1,0,45-54,Prepaid_Monthly,Premium_Smartphone,4G,2026-04-05
SUB9963287,1.81,0.7,0.23,0.67,79.84,0,0,45-54,Prepaid_Monthly,Premium_Smartphone,4G,2026-04-14
SUB2693152,1.24,2.91,0.58,0.48,98.07,0,0,18-24,Postpaid_Premium,Premium_Smartphone,4G,2026-04-07
SUB6973300,0.69,1.51,0.09,0.34,48.81,0,0,18-24,Prepaid_Daily,Mid_Range,4G+,2026-04-01
SUB3337099,1.45,4.04,0.13,2.48,85.83,0,1,25-34,Postpaid_Basic,Mid_Range,5G,2026-04-15
SUB8155738,0.42,0.36,0.04,0.16,98.4,0,0,45-54,Prepaid_Monthly,Premium_Smartphone,4G,2026-04-16
SUB2944741,0.4,2.02,0.71,1.05,146.54,0,1,18-24,Prepaid_Monthly,Premium_Smartphone,5G,2026-03-25
SUB1824255,0.76,0.99,0.01,0.09,24.38,0,1,25-34,Postpaid_Unlimited,Basic_Phone,4G,2026-04-05
SUB7004327,1.24,0.15,0.35,0.39,20.43,0,0,18-24,Prepaid_Monthly,Mid_Range,3G,2026-04-06
SUB9962292,0.45,1.4,0.01,0.11,48.83,0,0,25-34,Prepaid_Monthly,5G_Device,3G,2026-04-17
SUB4177640,8.0,5.31,1.4,1.94,88.17,0,0,18-24,Postpaid_Unlimited,Premium_Smartphone,5G,2026-04-03
SUB9902284,0.4,0.57,0.04,0.76,111.14,0,0,18-24,Prepaid_Daily,Tablet,4G+,2026-03-20
SUB9879521,1.22,0.87,0.11,0.31,133.67,1,0,18-24,Prepaid_Daily,5G_Device,4G,2026-04-09
SUB6287267,0.46,0.81,0.13,0.24,80.73,0,1,25-34,Prepaid_Monthly,Mid_Range,4G,2026-03-22
SUB3375804,0.41,0.98,0.0,0.6,94.42,0,1,25-34,Postpaid_Basic,Premium_Smartphone,4G,2026-03-19
SUB6550616,0.7,0.53,0.08,0.24,27.91,0,0,35-44,Prepaid_Monthly,Mid_Range,4G,2026-04-03
SUB3730689,2.54,1.34,0.16,0.13,35.7,0,0,18-24,Postpaid_Basic,Mid_Range,3G,2026-03-29
SUB6023331,0.18,0.42,0.18,0.03,40.35,0,0,18-24,Prepaid_Daily,5G_Device,3G,2026-04-09
SUB9529297,0.63,0.25,0.82,0.37,42.6,0,0,18-24,Prepaid_Monthly,Mid_Range,4G,2026-04-05
SUB8808516,2.11,0.06,0.23,0.28,46.4,0,0,45-54,Postpaid_Basic,Mid_Range,5G,2026-03-20
SUB2285801,0.48,0.5,0.31,0.02,35.16,0,0,35-44,Prepaid_Monthly,Tablet,3G,2026-03-30
SUB5070161,0.01,0.32,0.12,0.04,30.53,1,0,35-44,Prepaid_Monthly,Basic_Phone,4G,2026-03-29
SUB1233725,0.86,0.49,0.16,0.58,34.95,0,0,25-34,Postpaid_Basic,Mid_Range,4G,2026-04-04
SUB7568056,0.19,0.93,0.71,0.05,16.86,1,0,18-24,Postpaid_Unlimited,Basic_Phone,4G,2026-04-07
SUB2158175,1.47,0.76,0.35,0.61,82.77,1,0,18-24,Prepaid_Daily,Premium_Smartphone,3G,2026-03-19
SUB9213140,0.46,0.6,0.98,0.17,60.28,1,0,25-34,Postpaid_Basic,Mid_Range,4G+,2026-04-05
SUB7640981,0.25,2.38,0.07,0.31,92.63,1,0,35-44,Prepaid_Monthly,Premium_Smartphone,4G,2026-04-17
SUB3368524,3.21,0.29,3.44,6.0,91.36,1,0,45-54,Postpaid_Premium,Tablet,4G,2026-03-24
SUB8099574,4.2,3.34,0.03,0.02,152.69,1,1,45-54,Postpaid_Unlimited,Premium_Smartphone,4G,2026-04-13
SUB6877675,0.95,1.52,0.12,0.12,32.39,0,0,25-34,Postpaid_Unlimited,Mid_Range,4G,2026-04-12
SUB9549906,2.34,2.0,0.04,0.08,70.24,1,0,25-34,Prepaid_Monthly,5G_Device,4G,2026-03-28
SUB1321243,0.31,1.92,0.23,0.01,99.19,0,1,18-24,Prepaid_Monthly,Premium_Smartphone,4G+,2026-03-28
SUB5018920,0.23,0.26,0.01,0.17,61.44,0,0,25-34,Prepaid_Monthly,Premium_Smartphone,3G,2026-04-16
SUB5736605,0.37,0.17,0.11,0.2,30.73,0,0,55+,Prepaid_Monthly,Mid_Range,3G,2026-04-17
SUB8885766,0.18,1.18,0.44,0.18,25.29,0,0,18-24,Postpaid_Premium,Basic_Phone,3G,2026-03-23
SUB3081530,0.24,0.84,0.27,0.08,146.25,0,0,55+,Prepaid_Monthly,Premium_Smartphone,5G,2026-03-28
SUB3988793,0.3,0.45,0.08,0.08,66.96,0,0,25-34,Postpaid_Premium,Premium_Smartphone,3G,2026-04-11
SUB8017191,0.24,3.72,3.06,0.72,92.74,1,1,25-34,Postpaid_Unlimited,Mid_Range,4G,2026-03-21
SUB5457005,0.24,0.3,0.29,0.04,36.99,0,1,18-24,Prepaid_Monthly,Basic_Phone,4G,2026-04-06
SUB5093898,2.58,1.12,0.08,0.07,66.87,1,1,35-44,Postpaid_Premium,Mid_Range,4G,2026-04-17
SUB3800212,0.5,0.17,0.03,0.03,24.43,0,0,25-34,Prepaid_Daily,Basic_Phone,3G,2026-04-12
SUB1130878,0.39,0.47,0.01,0.2,24.95,0,1,25-34,Prepaid_Daily,Basic_Phone,4G,2026-04-08
SUB7914887,1.9,0.55,0.49,0.06,41.51,0,0,25-34,Prepaid_Daily,Mid_Range,4G,2026-04-09
SUB3762108,0.71,0.53,0.3,1.02,68.23,0,0,18-24,Prepaid_Daily,5G_Device,3G,2026-04-16
SUB2892508,2.2,1.63,1.2,1.06,106.12,1,1,25-34,Prepaid_Monthly,Premium_Smartphone,4G,2026-03-29
SUB3893713,0.11,1.62,0.39,0.32,123.39,0,0,25-34,Postpaid_Basic,Premium_Smartphone,5G,2026-03-19
SUB7488574,0.91,1.8,0.39,1.09,102.38,1,1,35-44,Postpaid_Premium,Mid_Range,4G+,2026-03-21
SUB5992332,0.63,0.02,0.13,0.12,33.23,1,0,35-44,Prepaid_Daily,Basic_Phone,4G+,2026-04-04
SUB7881099,1.13,5.7,0.8,0.87,106.74,1,0,25-34,Postpaid_Unlimited,Premium_Smartphone,4G,2026-04-11
SUB4343473,1.87,0.7,0.19,1.02,66.85,0,0,35-44,Postpaid_Premium,Mid_Range,5G,2026-03-22
SUB2947012,5.08,2.3,0.38,0.05,96.5,0,0,25-34,Postpaid_Premium,5G_Device,5G,2026-03-19
SUB7778105,0.08,0.39,0.08,0.0,18.32,0,0,35-44,Prepaid_Monthly,Basic_Phone,4G,2026-03-27
SUB7365898,6.21,0.53,0.13,0.07,39.83,0,0,18-24,Prepaid_Daily,5G_Device,3G,2026-04-12
SUB5871482,2.63,1.39,3.43,0.72,85.63,1,1,18-24,Postpaid_Premium,Mid_Range,4G,2026-03-22
SUB3009326,4.77,3.67,0.2,0.76,92.74,0,0,18-24,Postpaid_Unlimited,5G_Device,4G+,2026-04-01
SUB5193513,0.32,0.29,0.04,0.13,94.49,0,0,45-54,Prepaid_Monthly,Premium_Smartphone,4G,2026-04-02
SUB4725614,3.09,1.71,0.68,1.07,60.75,0,0,18-24,Postpaid_Premium,5G_Device,4G,2026-03-27
SUB7849502,1.99,1.14,0.13,0.57,123.73,0,0,18-24,Prepaid_Daily,Premium_Smartphone,5G,2026-03-23
SUB5321613,3.83,6.0,1.35,0.42,90.98,1,1,25-34,Postpaid_Premium,Mid_Range,5G,2026-03-25
SUB7476137,1.18,0.72,0.58,0.32,83.46,0,0,18-24,Prepaid_Daily,Tablet,4G,2026-03-29
SUB4700568,0.52,0.47,0.32,0.72,93.02,0,0,45-54,Postpaid_Basic,Mid_Range,5G,2026-04-08
SUB1403552,0.75,1.86,0.45,0.05,97.82,0,1,35-44,Postpaid_Basic,5G_Device,4G,2026-04-16
SUB8899151,0.03,0.29,0.02,0.04,26.63,1,1,55+,Prepaid_Monthly,Basic_Phone,4G+,2026-03-19
SUB4189291,0.95,0.4,0.01,0.09,24.21,1,0,18-24,Prepaid_Daily,Basic_Phone,4G,2026-03-29
SUB4816707,2.17,1.15,0.32,0.02,43.13,0,0,25-34,Postpaid_Unlimited,Mid_Range,4G,2026-04-05
SUB9622903,1.38,1.32,1.09,0.03,107.23,0,1,35-44,Postpaid_Basic,Premium_Smartphone,4G,2026-04-12
SUB5811071,2.42,3.78,0.36,0.0,168.31,0,1,35-44,Postpaid_Basic,Premium_Smartphone,5G,2026-03-22
SUB5074973,0.1,2.29,0.45,0.04,26.28,0,1,18-24,Postpaid_Basic,Basic_Phone,4G+,2026-03-24
SUB1008798,7.66,3.56,1.18,1.71,83.72,0,1,35-44,Postpaid_Unlimited,Premium_Smartphone,4G,2026-03-31
SUB5874807,0.11,0.32,0.49,0.06,52.61,0,0,45-54,Prepaid_Daily,Mid_Range,4G,2026-03-19
SUB8127583,4.47,1.12,0.05,1.88,89.96,0,0,18-24,Postpaid_Unlimited,Tablet,4G,2026-03-21
SUB6668843,0.63,0.88,0.01,0.04,54.54,0,0,35-44,Prepaid_Monthly,Mid_Range,4G,2026-04-15
SUB9108262,2.03,0.35,0.14,1.1,69.53,0,0,25-34,Prepaid_Daily,Mid_Range,5G,2026-03-19
SUB4900275,0.04,0.41,0.25,0.34,26.23,0,0,55+,Postpaid_Premium,Mid_Range,4G,2026-03-29
SUB8593832,2.52,0.69,0.5,0.14,78.13,0,0,25-34,Postpaid_Unlimited,5G_Device,4G,2026-04-16
SUB5728007,2.28,3.56,0.25,0.18,120.2,1,1,18-24,Prepaid_Daily,Premium_Smartphone,4G+,2026-04-07
SUB2977165,1.43,0.43,0.24,0.22,51.38,0,1,25-34,Prepaid_Monthly,Mid_Range,4G,2026-04-06
SUB4553952,0.58,0.16,0.12,1.0,87.21,1,0,55+,Postpaid_Basic,Premium_Smartphone,3G,2026-03-23
SUB4757654,2.71,0.78,0.36,0.2,90.71,0,0,35-44,Prepaid_Monthly,5G_Device,4G,2026-04-02
SUB9379702,0.57,1.53,0.06,2.09,50.28,0,0,25-34,Postpaid_Unlimited,Mid_Range,4G+,2026-03-31
SUB4603019,1.16,1.1,0.4,0.19,48.58,1,0,35-44,Postpaid_Basic,Mid_Range,3G,2026-03-30
SUB8741368,0.5,1.52,0.39,1.0,39.67,0,0,35-44,Postpaid_Premium,Premium_Smartphone,3G,2026-04-16
SUB9059777,0.92,0.99,0.41,0.07,86.59,0,0,18-24,Prepaid_Monthly,Premium_Smartphone,4G,2026-03-28
SUB5210563,0.71,0.78,1.0,0.17,38.34,0,0,18-24,Prepaid_Monthly,Basic_Phone,5G,2026-03-24
SUB7575699,1.45,1.7,2.01,0.91,103.18,0,0,35-44,Postpaid_Basic,Premium_Smartphone,5G,2026-04-10
SUB2189297,1.64,2.11,0.45,1.25,96.34,1,0,25-34,Prepaid_Monthly,Premium_Smartphone,3G,2026-03-21
SUB6372274,0.65,4.82,0.3,0.68,109.69,1,0,18-24,Postpaid_Premium,Premium_Smartphone,4G+,2026-04-05
SUB2013295,0.99,0.47,0.09,0.11,97.88,0,0,45-54,Prepaid_Monthly,Tablet,4G,2026-03-31
SUB8661434,0.53,1.01,0.05,0.15,57.11,0,0,25-34,Prepaid_Monthly,Mid_Range,4G,2026-03-26
SUB4317837,2.38,0.86,0.25,0.86,72.26,0,0,25-34,Postpaid_Unlimited,Premium_Smartphone,4G,2026-03-26
SUB6516829,1.84,0.22,0.14,0.15,38.08,1,1,18-24,Postpaid_Premium,Basic_Phone,5G,2026-03-24
SUB9757529,0.27,1.81,0.07,2.45,109.82,1,0,35-44,Prepaid_Daily,5G_Device,4G,2026-03-23
SUB8824641,0.69,0.3,0.14,0.03,27.87,0,0,35-44,Postpaid_Unlimited,Basic_Phone,4G+,2026-03-22
SUB2697590,6.68,2.46,0.29,0.31,89.26,0,1,35-44,Postpaid_Basic,5G_Device,4G,2026-03-26
SUB3173367,3.5,1.89,0.09,1.23,76.06,0,0,18-24,Postpaid_Premium,Mid_Range,4G+,2026-04-10
SUB6880077,1.19,1.53,0.08,0.11,30.54,0,0,35-44,Prepaid_Monthly,Mid_Range,3G,2026-04-04
SUB2406085,0.19,0.34,0.17,0.12,43.84,1,0,55+,Prepaid_Monthly,Mid_Range,4G+,2026-04-16
SUB4418857,3.77,3.03,0.02,0.1,66.17,1,0,25-34,Postpaid_Premium,Tablet,4G,2026-04-12
SUB8614567,1.57,2.2,0.45,0.08,64.53,0,0,18-24,Prepaid_Monthly,Tablet,4G,2026-03-19
SUB9685116,1.46,1.06,0.04,0.08,81.61,0,0,45-54,Prepaid_Daily,Tablet,4G,2026-03-24
SUB5538847,3.91,2.54,1.25,6.0,85.94,0,1,18-24,Prepaid_Monthly,Premium_Smartphone,4G,2026-04-04
SUB3611212,1.24,0.44,0.03,0.01,91.92,1,0,25-34,Prepaid_Daily,Mid_Range,4G+,2026-04-05
SUB3321554,1.62,2.15,0.8,0.57,51.1,0,0,18-24,Postpaid_Premium,Mid_Range,4G,2026-04-08
SUB5761515,2.03,0.02,0.03,0.12,37.08,0,0,25-34,Prepaid_Daily,Mid_Range,4G,2026-04-10
SUB9304932,0.85,0.33,0.55,1.74,72.1,0,0,25-34,Prepaid_Monthly,Premium_Smartphone,4G,2026-03-24
SUB3787352,0.42,5.33,0.01,1.57,131.04,1,0,18-24,Postpaid_Unlimited,Premium_Smartphone,5G,2026-03-30
SUB6371045,0.83,1.64,0.16,2.53,89.08,0,0,45-54,Postpaid_Basic,Premium_Smartphone,4G,2026-03-24
SUB3498544,0.27,0.17,0.13,0.03,21.4,0,0,25-34,Prepaid_Monthly,Basic_Phone,4G,2026-04-17
SUB9684281,8.0,3.43,0.03,0.56,151.1,1,1,35-44,Postpaid_Basic,5G_Device,4G+,2026-03-19
SUB1525957,1.82,5.58,0.42,0.66,160.51,1,1,25-34,Prepaid_Monthly,Tablet,4G+,2026-04-03
SUB7146685,5.4,2.46,0.45,0.72,161.16,1,0,35-44,Prepaid_Daily,Premium_Smartphone,5G,2026-03-22
SUB4690339,6.6,1.55,0.52,0.65,63.14,0,0,25-34,Postpaid_Basic,5G_Device,4G,2026-04-14
SUB3327654,0.23,0.3,0.03,0.42,44.99,0,1,45-54,Postpaid_Premium,Premium_Smartphone,3G,2026-04-15
SUB8870341,0.55,0.19,0.81,0.26,60.53,0,1,45-54,Postpaid_Unlimited,Basic_Phone,5G,2026-04-04
SUB1301951,1.49,1.51,0.71,1.26,166.6,0,1,35-44,Postpaid_Premium,Tablet,5G,2026-03-21
SUB1312499,0.78,0.75,0.14,1.18,37.32,0,1,25-34,Postpaid_Unlimited,Basic_Phone,4G+,2026-04-02
SUB9884263,2.67,0.47,0.36,1.54,54.45,0,0,45-54,Postpaid_Unlimited,Mid_Range,4G,2026-04-03
SUB2686279,1.49,0.83,0.46,0.11,30.48,0,0,25-34,Postpaid_Premium,Basic_Phone,5G,2026-03-28
SUB4734049,5.58,6.0,3.17,0.67,134.2,1,1,18-24,Postpaid_Unlimited,Premium_Smartphone,5G,2026-03-22
SUB9095979,1.29,3.55,1.24,2.68,100.95,0,0,18-24,Postpaid_Premium,Premium_Smartphone,4G+,2026-03-24
SUB7115790,0.05,0.02,0.15,0.06,32.25,0,0,55+,Prepaid_Daily,Mid_Range,3G,2026-04-17
SUB6429048,0.44,0.84,0.38,0.15,64.49,0,0,18-24,Prepaid_Daily,Tablet,4G,2026-04-07
SUB2270242,1.71,1.28,0.06,0.38,101.68,0,0,45-54,Prepaid_Daily,5G_Device,4G,2026-03-28
SUB9096173,4.53,1.52,0.77,0.36,44.41,0,0,18-24,Postpaid_Unlimited,Mid_Range,5G,2026-03-24
SUB7578518,1.68,0.49,0.64,0.44,63.93,1,0,25-34,Postpaid_Premium,Premium_Smartphone,3G,2026-04-10
SUB3290860,3.26,3.1,0.69,0.46,89.26,0,0,35-44,Postpaid_Premium,5G_Device,4G+,2026-03-19
SUB3811318,0.28,0.36,0.02,0.47,37.89,0,0,18-24,Prepaid_Monthly,Mid_Range,3G,2026-04-16
SUB2189042,0.19,1.31,0.17,0.03,36.34,1,0,35-44,Postpaid_Basic,Mid_Range,3G,2026-04-05
SUB2173077,0.06,0.24,0.06,0.03,43.57,0,1,35-44,Prepaid_Daily,Mid_Range,4G,2026-04-17
SUB5978820,5.87,6.0,1.74,2.27,159.06,1,1,25-34,Postpaid_Unlimited,5G_Device,4G+,2026-04-01
SUB5811102,0.85,3.56,1.18,0.5,113.36,0,0,35-44,Postpaid_Unlimited,Premium_Smartphone,5G,2026-04-04
SUB4027936,1.1,1.19,0.09,4.56,56.01,0,0,18-24,Postpaid_Premium,Premium_Smartphone,3G,2026-04-16
SUB5754895,4.59,0.31,0.78,0.15,96.12,0,1,25-34,Prepaid_Daily,Premium_Smartphone,4G,2026-04-05
SUB1551741,0.43,0.12,0.73,0.05,43.41,0,1,18-24,Prepaid_Daily,Mid_Range,3G,2026-04-02
SUB7090007,0.87,0.59,0.25,0.15,45.98,1,0,25-34,Prepaid_Monthly,Mid_Range,3G,2026-03-28
SUB1723809,0.04,0.12,0.3,0.13,55.92,0,0,55+,Prepaid_Monthly,Mid_Range,4G,2026-03-28
SUB1156837,0.55,0.82,0.07,0.57,47.88,1,1,35-44,Postpaid_Premium,Basic_Phone,4G,2026-03-31
SUB1519676,0.36,0.29,0.07,0.03,47.0,0,0,35-44,Prepaid_Daily,Basic_Phone,5G,2026-04-06
SUB2610921,0.24,1.78,0.5,0.13,65.92,0,1,35-44,Postpaid_Basic,Mid_Range,4G,2026-03-31
SUB5463593,8.0,1.28,0.25,0.35,115.91,0,0,18-24,Postpaid_Basic,Premium_Smartphone,5G,2026-04-15
SUB7916950,7.35,0.62,0.01,0.11,44.14,0,0,35-44,Prepaid_Monthly,Mid_Range,4G,2026-03-22
SUB3694670,0.57,1.33,0.41,0.11,92.24,1,1,45-54,Prepaid_Monthly,Premium_Smartphone,4G,2026-04-13
SUB7970746,1.01,3.17,0.94,0.6,56.0,0,0,18-24,Postpaid_Unlimited,Mid_Range,5G,2026-03-23
SUB6659848,0.95,1.24,0.07,0.25,92.9,1,0,45-54,Prepaid_Monthly,Premium_Smartphone,4G,2026-03-24
SUB5161460,3.1,2.26,0.89,0.07,101.61,0,0,35-44,Postpaid_Premium,5G_Device,4G,2026-04-12
SUB8402072,1.65,1.57,0.34,0.23,46.8,0,0,18-24,Prepaid_Daily,Mid_Range,4G,2026-04-12
SUB6875836,1.53,1.39,0.44,0.69,111.91,0,1,25-34,Postpaid_Premium,Mid_Range,5G,2026-04-10
SUB9893396,0.29,2.53,0.39,0.41,55.91,0,0,25-34,Prepaid_Monthly,Premium_Smartphone,3G,2026-04-12
SUB2506440,4.6,0.48,0.47,0.34,63.12,0,0,25-34,Postpaid_Premium,Premium_Smartphone,4G,2026-03-31
SUB9181494,0.19,0.16,0.12,0.02,26.27,0,0,45-54,Postpaid_Basic,Basic_Phone,5G,2026-04-10
SUB5411045,0.18,0.42,0.16,0.63,52.71,0,0,45-54,Prepaid_Daily,5G_Device,4G,2026-03-31
SUB2477482,0.45,0.12,0.36,0.08,80.68,1,1,45-54,Prepaid_Daily,Mid_Range,4G,2026-03-22
SUB7621504,0.59,0.05,0.1,0.13,18.02,0,0,45-54,Postpaid_Unlimited,Mid_Range,3G,2026-04-05
SUB7528925,0.52,0.66,0.04,0.11,61.21,0,0,55+,Prepaid_Daily,Mid_Range,5G,2026-03-24
SUB2125664,1.58,1.83,0.82,0.19,156.64,0,1,55+,Postpaid_Premium,Premium_Smartphone,5G,2026-03-28
SUB3667107,8.0,2.93,4.0,1.11,144.78,0,1,18-24,Postpaid_Premium,Premium_Smartphone,5G,2026-04-04
SUB4725563,1.02,1.76,0.61,4.07,192.32,1,1,25-34,Prepaid_Monthly,5G_Device,5G,2026-03-24
SUB8231445,1.87,1.28,0.44,0.37,96.17,0,0,18-24,Prepaid_Daily,5G_Device,4G,2026-04-16
SUB7157703,2.6,0.5,0.57,0.46,44.34,0,0,25-34,Prepaid_Daily,Mid_Range,4G,2026-03-22
SUB4380635,2.12,0.6,0.2,0.0,147.49,0,1,55+,Postpaid_Basic,5G_Device,5G,2026-03-30
SUB3959532,0.68,0.8,0.28,3.21,127.35,0,0,18-24,Postpaid_Basic,Premium_Smartphone,4G+,2026-04-12
SUB5150122,3.02,4.13,0.7,0.61,84.7,0,0,35-44,Postpaid_Unlimited,Mid_Range,5G,2026-03-30
SUB9198344,6.51,2.83,0.7,0.76,131.29,0,0,35-44,Postpaid_Basic,5G_Device,5G,2026-03-27
SUB2106136,7.15,3.83,0.1,1.51,92.22,0,0,18-24,Postpaid_Premium,Premium_Smartphone,4G,2026-03-19
SUB1901495,5.03,1.22,0.12,0.49,70.67,0,1,18-24,Prepaid_Daily,Premium_Smartphone,4G,2026-03-23
SUB4120847,0.17,1.2,0.03,0.31,43.68,1,1,25-34,Postpaid_Premium,Basic_Phone,4G,2026-04-14
SUB6131131,0.77,1.57,0.03,0.27,94.84,0,0,18-24,Prepaid_Monthly,Premium_Smartphone,4G,2026-03-28
SUB5474445,0.25,0.21,0.0,0.13,5.0,0,0,35-44,Prepaid_Monthly,Basic_Phone,3G,2026-04-08
SUB6168811,2.61,1.1,1.42,0.01,34.11,0,0,25-34,Postpaid_Premium,Mid_Range,4G,2026-04-05
SUB4149407,0.2,1.88,0.82,0.85,37.22,0,0,25-34,Postpaid_Premium,Tablet,3G,2026-04-17
SUB7779697,0.97,0.64,0.01,0.02,29.23,0,0,18-24,Prepaid_Monthly,Mid_Range,4G,2026-03-26
SUB4710324,0.27,1.76,0.03,0.75,69.25,1,0,25-34,Postpaid_Premium,Mid_Range,4G,2026-03-30
SUB8546128,2.57,1.64,0.0,0.19,113.54,0,0,18-24,Prepaid_Monthly,5G_Device,5G,2026-03-27
SUB7986658,0.68,2.66,0.35,0.71,44.99,0,0,45-54,Postpaid_Unlimited,Mid_Range,4G,2026-04-06
SUB8278492,2.25,0.4,0.39,0.14,68.96,0,0,25-34,Prepaid_Daily,Mid_Range,4G+,2026-03-26
SUB3544306,0.16,0.79,0.84,0.32,97.06,0,0,45-54,Prepaid_Daily,Premium_Smartphone,4G,2026-03-28
SUB1529983,1.37,1.33,0.3,0.45,67.27,0,0,35-44,Postpaid_Premium,Mid_Range,5G,2026-03-31
SUB3323964,0.63,0.21,0.08,0.42,84.92,0,0,45-54,Postpaid_Basic,Tablet,4G,2026-04-05
SUB1582787,3.48,6.0,0.45,0.2,34.1,0,0,25-34,Postpaid_Basic,Mid_Range,4G,2026-04-05
SUB1023382,5.26,1.38,0.03,1.49,185.85,1,0,18-24,Postpaid_Basic,5G_Device,5G,2026-04-05
SUB6617492,3.37,0.5,1.05,1.1,53.03,0,1,25-34,Postpaid_Unlimited,Mid_Range,4G,2026-04-13
SUB8346796,5.68,0.44,2.58,0.42,59.76,0,0,18-24,Postpaid_Premium,Mid_Range,5G,2026-03-20
SUB5940560,0.07,0.05,0.02,0.02,18.77,0,0,55+,Postpaid_Basic,Basic_Phone,4G,2026-04-02
SUB2342643,1.09,0.59,0.37,0.01,28.76,0,0,25-34,Postpaid_Premium,Mid_Range,4G,2026-04-08
SUB2930719,1.15,0.25,0.06,0.03,68.5,0,1,55+,Postpaid_Unlimited,Premium_Smartphone,3G,2026-03-27
SUB9259150,0.17,0.26,0.0,0.16,45.59,0,0,45-54,Prepaid_Monthly,Premium_Smartphone,3G,2026-03-30
SUB4428811,0.47,1.79,4.0,0.14,79.5,0,0,18-24,Postpaid_Basic,5G_Device,4G,2026-03-23
SUB3513614,0.56,0.25,0.02,0.25,39.24,0,0,35-44,Postpaid_Basic,Basic_Phone,5G,2026-03-25
SUB5846113,2.78,4.46,0.17,0.24,58.03,1,0,25-34,Prepaid_Daily,Mid_Range,5G,2026-04-09
SUB3543173,2.3,0.81,1.22,0.38,43.32,0,0,18-24,Postpaid_Basic,Mid_Range,4G+,2026-04-15
SUB4144720,1.09,0.4,0.74,0.31,60.12,1,0,25-34,Prepaid_Daily,Mid_Range,4G+,2026-04-01
SUB4791343,1.08,0.15,0.14,0.08,42.09,0,1,55+,Prepaid_Daily,Mid_Range,4G,2026-04-08
SUB2622512,0.07,1.91,0.69,0.28,39.08,0,0,25-34,Postpaid_Unlimited,Mid_Range,4G,2026-03-23
SUB1450067,0.73,0.11,0.01,0.05,94.49,1,0,35-44,Prepaid_Daily,Mid_Range,5G,2026-03-21
SUB7192072,1.21,2.31,0.77,0.87,98.36,1,0,25-34,Postpaid_Basic,5G_Device,4G,2026-04-14
SUB9744250,1.6,1.01,2.33,1.59,73.64,0,0,25-34,Prepaid_Monthly,Premium_Smartphone,4G+,2026-03-30
SUB6010500,1.34,1.28,0.63,0.81,34.22,0,0,25-34,Postpaid_Basic,Mid_Range,4G,2026-03-19
SUB7061782,1.21,0.45,0.28,0.31,80.17,1,1,25-34,Prepaid_Monthly,Mid_Range,4G,2026-04-08
SUB7461029,3.61,1.32,1.15,2.38,94.88,1,0,18-24,Prepaid_Monthly,Premium_Smartphone,4G,2026-04-06
SUB8397239,1.9,4.12,0.35,4.76,71.53,1,0,25-34,Postpaid_Unlimited,5G_Device,3G,2026-04-08
SUB6377168,0.19,0.69,0.77,0.11,74.01,0,1,35-44,Prepaid_Monthly,Mid_Range,4G,2026-03-21
SUB9017464,0.74,6.0,0.82,1.47,56.7,1,0,18-24,Prepaid_Monthly,5G_Device,4G,2026-04-10
SUB7421472,0.26,0.66,0.0,0.23,137.28,1,0,55+,Prepaid_Monthly,Premium_Smartphone,4G,2026-03-19
SUB2697152,3.25,1.49,0.39,0.96,89.99,0,0,18-24,Prepaid_Daily,Premium_Smartphone,4G,2026-03-28
SUB2159149,4.17,3.41,1.83,0.01,120.75,0,1,25-34,Prepaid_Monthly,5G_Device,4G,2026-03-23
SUB1120730,1.61,1.95,1.11,0.24,132.86,1,1,18-24,Prepaid_Daily,Tablet,4G,2026-04-01
SUB5081093,0.79,1.97,1.81,0.57,106.53,0,1,18-24,Postpaid_Basic,Mid_Range,5G,2026-04-05
SUB2839968,4.58,1.25,1.33,0.23,93.59,0,0,55+,Postpaid_Premium,5G_Device,5G,2026-04-17
SUB5213085,0.51,1.08,0.4,0.18,124.67,1,0,45-54,Postpaid_Basic,Premium_Smartphone,4G+,2026-03-23
SUB2286793,1.89,3.35,0.26,0.88,39.77,1,0,35-44,Postpaid_Basic,Mid_Range,4G,2026-03-19
SUB8855506,0.94,0.05,0.35,0.23,102.06,0,0,45-54,Prepaid_Daily,Premium_Smartphone,4G,2026-03-26
SUB2941042,3.17,0.27,0.33,1.51,113.8,0,1,45-54,Postpaid_Unlimited,Tablet,4G+,2026-04-01
SUB3651222,1.06,0.13,0.23,1.34,72.95,0,1,35-44,Prepaid_Monthly,Premium_Smartphone,4G,2026-04-01
SUB4818067,0.34,1.66,0.54,0.22,62.46,0,1,45-54,Postpaid_Unlimited,5G_Device,3G,2026-03-25
SUB9649769,1.01,1.19,1.21,0.02,59.82,0,1,25-34,Prepaid_Daily,Premium_Smartphone,3G,2026-03-29
SUB7357722,0.73,0.49,0.03,0.57,160.53,1,0,35-44,Postpaid_Unlimited,Premium_Smartphone,4G+,2026-03-31
SUB8735491,0.07,1.96,0.02,0.15,67.6,1,0,45-54,Postpaid_Basic,Premium_Smartphone,4G,2026-04-07
SUB6375653,1.04,1.18,0.83,0.34,86.81,0,0,18-24,Prepaid_Daily,Premium_Smartphone,4G,2026-04-04
SUB4857469,1.14,2.08,0.4,0.43,67.62,0,1,45-54,Postpaid_Unlimited,Mid_Range,5G,2026-03-25
SUB4851526,0.37,2.23,0.1,0.09,88.27,0,1,18-24,Prepaid_Daily,Premium_Smartphone,4G,2026-04-08
SUB1335983,2.45,1.2,0.38,0.02,102.27,0,1,45-54,Postpaid_Premium,Premium_Smartphone,4G+,2026-04-10
SUB3466993,4.1,3.07,0.19,1.02,90.25,0,0,25-34,Postpaid_Unlimited,5G_Device,4G,2026-03-30
SUB2115059,2.14,0.6,0.1,0.91,71.46,0,0,25-34,Prepaid_Daily,Mid_Range,5G,2026-03-20
SUB9788377,1.47,0.25,0.22,0.02,19.32,0,0,18-24,Prepaid_Monthly,Basic_Phone,5G,2026-04-06
SUB3654965,0.93,1.2,0.73,0.52,119.32,1,0,45-54,Postpaid_Basic,Premium_Smartphone,4G,2026-03-24
SUB8551506,1.02,2.22,0.78,0.08,61.11,0,1,18-24,Postpaid_Premium,Premium_Smartphone,3G,2026-03-20
SUB6338888,1.01,0.56,0.04,0.02,14.69,1,0,35-44,Postpaid_Unlimited,Basic_Phone,3G,2026-04-04
SUB5920851,0.01,2.64,3.68,0.0,154.9,0,0,35-44,Postpaid_Premium,Premium_Smartphone,5G,2026-03-30
SUB5463721,0.74,1.16,0.06,0.51,44.45,0,0,25-34,Prepaid_Monthly,5G_Device,3G,2026-04-02
SUB4472108,1.07,1.18,1.5,0.01,94.47,0,1,55+,Postpaid_Premium,Mid_Range,5G,2026-04-06
SUB5925233,8.0,4.95,0.22,0.49,85.97,0,0,18-24,Postpaid_Unlimited,5G_Device,5G,2026-03-25
SUB9523215,1.03,0.38,1.62,0.53,63.31,0,0,35-44,Prepaid_Monthly,5G_Device,4G,2026-04-03
SUB6768076,2.64,0.88,0.1,0.44,67.83,0,0,25-34,Prepaid_Daily,Mid_Range,5G,2026-04-11
SUB6495179,1.29,2.98,0.45,0.36,63.38,0,0,18-24,Prepaid_Monthly,5G_Device,4G,2026-04-09
SUB4346953,5.18,2.87,4.0,3.1,75.38,0,0,18-24,Postpaid_Unlimited,Premium_Smartphone,4G+,2026-03-24
SUB2156928,1.24,1.03,0.69,0.13,95.91,1,0,35-44,Prepaid_Daily,5G_Device,4G,2026-04-03
SUB4241695,0.11,0.26,0.3,0.09,41.74,0,0,55+,Postpaid_Unlimited,Mid_Range,4G,2026-04-04
SUB7642589,0.1,2.94,0.88,0.14,72.61,0,0,18-24,Postpaid_Unlimited,Mid_Range,4G+,2026-03-22
SUB1212628,0.6,0.7,0.24,0.33,108.17,1,1,18-24,Prepaid_Daily,Mid_Range,4G+,2026-04-03
SUB7643509,0.41,0.29,0.01,0.02,30.73,0,0,55+,Postpaid_Basic,Basic_Phone,5G,2026-04-05
SUB8763412,1.12,0.69,0.02,1.11,49.3,1,1,18-24,Prepaid_Monthly,Mid_Range,4G,2026-03-20
SUB5327261,0.45,0.45,0.06,0.21,51.84,0,0,25-34,Prepaid_Monthly,Mid_Range,5G,2026-04-11
SUB5771873,1.24,0.64,0.05,0.08,45.49,0,0,25-34,Postpaid_Basic,Mid_Range,4G,2026-03-28
SUB8645447,1.09,1.49,0.06,1.92,64.15,0,1,25-34,Postpaid_Premium,Premium_Smartphone,3G,2026-04-08
SUB2085110,0.28,0.49,0.11,0.55,87.27,1,0,35-44,Postpaid_Basic,Mid_Range,5G,2026-03-23
SUB8398129,0.89,1.97,0.09,0.87,113.32,1,0,55+,Postpaid_Unlimited,Premium_Smartphone,4G+,2026-03-31
SUB5623527,0.15,0.71,0.36,0.18,56.95,0,0,25-34,Prepaid_Monthly,Mid_Range,4G,2026-03-30
SUB6715574,0.84,2.94,0.4,1.05,66.88,0,1,35-44,Postpaid_Basic,Mid_Range,5G,2026-03-25
SUB6906512,0.27,4.1,0.43,0.1,63.23,0,1,35-44,Postpaid_Premium,Premium_Smartphone,3G,2026-04-10
SUB1974687,0.37,0.1,0.09,0.14,20.14,0,1,25-34,Prepaid_Monthly,Basic_Phone,4G,2026-04-07
SUB8701349,1.13,0.26,0.2,0.3,45.33,0,1,18-24,Postpaid_Basic,Mid_Range,4G,2026-03-21
SUB1824726,7.14,2.69,0.92,1.01,66.2,0,1,35-44,Postpaid_Premium,Mid_Range,4G,2026-03-31
SUB6840445,0.42,6.0,0.46,0.75,118.82,0,0,25-34,Postpaid_Unlimited,5G_Device,4G+,2026-04-10
SUB9393302,4.59,5.59,2.56,0.26,108.55,0,0,18-24,Prepaid_Monthly,5G_Device,5G,2026-04-10
SUB3679590,0.33,0.08,0.03,0.29,40.84,0,1,55+,Postpaid_Basic,Basic_Phone,5G,2026-03-30
SUB5740148,0.17,2.51,0.42,0.45,73.57,0,0,45-54,Postpaid_Unlimited,Premium_Smartphone,4G+,2026-03-28
SUB7210239,0.12,0.35,0.13,0.01,39.84,0,1,55+,Prepaid_Daily,Mid_Range,4G,2026-04-06
SUB3037775,4.55,4.73,0.07,0.1,82.56,0,1,25-34,Prepaid_Monthly,Mid_Range,4G+,2026-03-22
SUB2986373,0.43,0.93,0.01,0.16,59.17,0,0,45-54,Postpaid_Basic,Mid_Range,4G,2026-03-26
SUB5818060,0.69,0.54,0.17,0.45,71.25,0,0,35-44,Prepaid_Daily,5G_Device,4G,2026-04-02
SUB3916971,0.09,0.04,0.0,0.01,23.81,0,1,55+,Postpaid_Basic,Basic_Phone,4G,2026-03-20
SUB6835770,0.07,0.27,0.16,0.01,93.31,0,0,55+,Prepaid_Daily,Premium_Smartphone,4G,2026-03-26
SUB3613456,3.9,1.25,0.11,0.27,166.89,1,0,55+,Postpaid_Unlimited,5G_Device,5G,2026-03-19
SUB8214554,0.98,0.31,0.41,0.01,41.16,1,0,55+,Postpaid_Premium,Mid_Range,4G,2026-03-25
SUB5266660,1.05,1.45,0.11,1.71,112.54,1,0,18-24,Prepaid_Daily,5G_Device,4G,2026-03-28
SUB7084010,0.71,0.23,0.29,0.23,72.33,0,0,35-44,Prepaid_Daily,5G_Device,4G,2026-04-01
SUB7551381,1.13,6.0,0.07,1.04,114.49,0,0,25-34,Postpaid_Premium,Premium_Smartphone,5G,2026-04-09
SUB1608919,0.08,1.6,2.56,3.99,71.98,1,0,35-44,Prepaid_Monthly,Premium_Smartphone,4G,2026-04-09
SUB7727830,0.44,2.46,0.05,0.63,128.16,1,1,55+,Postpaid_Basic,Premium_Smartphone,4G,2026-03-29
SUB6924216,0.33,0.78,0.44,0.11,86.51,0,0,18-24,Prepaid_Monthly,5G_Device,4G,2026-03-30
SUB9729430,0.09,0.43,2.1,0.12,64.95,0,0,35-44,Prepaid_Daily,Premium_Smartphone,4G,2026-04-10
SUB5704863,1.99,0.3,0.01,0.68,101.76,0,1,35-44,Prepaid_Monthly,Mid_Range,5G,2026-04-03
SUB8352236,1.61,2.61,0.25,1.22,89.03,0,0,25-34,Prepaid_Monthly,5G_Device,4G,2026-03-20
SUB8085282,1.28,2.04,0.48,0.0,116.53,0,0,18-24,Prepaid_Monthly,Tablet,5G,2026-03-22
SUB5440768,0.9,4.23,2.18,0.82,55.78,0,1,18-24,Postpaid_Premium,Mid_Range,4G,2026-04-17
SUB6276473,8.0,3.81,2.36,0.01,98.52,0,1,18-24,Postpaid_Basic,Premium_Smartphone,4G,2026-03-20
SUB7499716,0.61,0.54,0.03,0.17,78.55,0,0,35-44,Postpaid_Basic,Premium_Smartphone,4G+,2026-03-27
SUB1115064,0.55,3.66,0.1,0.82,52.99,0,0,25-34,Postpaid_Basic,Mid_Range,4G+,2026-04-15
SUB3589644,1.26,2.17,1.45,0.56,39.23,1,0,18-24,Prepaid_Monthly,Mid_Range,4G,2026-04-14
SUB8209403,0.31,0.74,0.12,0.1,75.64,0,0,55+,Prepaid_Daily,Mid_Range,4G+,2026-04-10
SUB4058321,0.78,2.36,0.05,0.77,119.07,1,0,35-44,Prepaid_Monthly,Premium_Smartphone,5G,2026-04-04
SUB3200852,1.58,2.29,1.89,0.31,83.67,0,0,25-34,Postpaid_Premium,Premium_Smartphone,4G,2026-04-04
SUB7447726,0.7,0.74,0.16,1.45,13.93,0,1,25-34,Postpaid_Premium,Basic_Phone,4G,2026-04-01
SUB5347864,0.19,0.78,0.04,0.0,34.97,1,1,35-44,Postpaid_Basic,Basic_Phone,4G,2026-04-15
SUB9033907,3.2,1.29,0.22,1.82,100.01,1,0,25-34,Postpaid_Basic,Mid_Range,5G,2026-04-05
SUB4103800,0.41,2.37,0.11,0.19,87.53,0,0,35-44,Prepaid_Monthly,Premium_Smartphone,4G,2026-03-25
SUB2338618,4.71,0.66,0.57,1.08,41.2,0,0,35-44,Postpaid_Unlimited,Mid_Range,3G,2026-04-01
SUB8735167,4.83,1.37,3.61,0.03,74.46,0,1,18-24,Postpaid_Unlimited,Mid_Range,4G,2026-03-31
SUB1586901,0.45,0.35,0.06,0.04,75.14,0,0,55+,Prepaid_Monthly,5G_Device,4G,2026-03-20
SUB9762529,1.06,1.27,1.1,0.33,79.64,0,0,25-34,Postpaid_Basic,Premium_Smartphone,4G,2026-04-16
SUB8912798,2.89,1.35,0.44,1.55,167.13,0,1,25-34,Postpaid_Basic,Premium_Smartphone,4G+,2026-03-29
SUB1407650,0.92,0.56,0.02,0.1,85.63,0,0,55+,Postpaid_Basic,Premium_Smartphone,5G,2026-04-16
SUB6672745,0.46,1.69,2.41,1.31,70.7,0,0,25-34,Postpaid_Unlimited,Mid_Range,4G+,2026-03-29
SUB4729046,0.03,4.09,3.14,0.36,54.57,0,1,35-44,Postpaid_Premium,Mid_Range,5G,2026-03-26
SUB4615383,1.57,3.37,0.93,1.92,54.08,0,0,35-44,Postpaid_Premium,Premium_Smartphone,3G,2026-03-21
SUB1770448,1.21,2.11,0.24,0.14,127.57,0,0,18-24,Postpaid_Basic,Premium_Smartphone,4G+,2026-03-25
SUB4819128,0.3,0.13,0.03,0.02,36.4,0,0,55+,Prepaid_Daily,Mid_Range,4G,2026-04-06
SUB9126710,1.4,1.25,0.38,0.03,108.91,0,0,25-34,Prepaid_Daily,Premium_Smartphone,4G+,2026-03-27
SUB6274033,0.76,0.2,0.07,0.17,51.64,0,0,25-34,Prepaid_Monthly,Mid_Range,5G,2026-04-01
SUB2840220,0.2,0.34,0.01,0.06,23.22,0,0,55+,Prepaid_Monthly,Basic_Phone,5G,2026-03-29
SUB9523019,6.31,2.24,4.0,1.15,86.97,0,1,25-34,Postpaid_Unlimited,5G_Device,4G,2026-03-23
SUB5151910,0.02,0.63,1.36,0.72,65.16,1,0,35-44,Prepaid_Monthly,Mid_Range,5G,2026-03-24
SUB3677678,1.6,5.22,0.01,0.24,105.55,0,0,45-54,Postpaid_Unlimited,5G_Device,5G,2026-04-13
SUB1412610,0.76,3.5,0.0,0.98,63.94,0,0,18-24,Postpaid_Premium,5G_Device,3G,2026-04-14
SUB8178560,1.7,1.91,0.69,0.37,101.9,1,1,18-24,Postpaid_Premium,Mid_Range,4G+,2026-03-21
SUB1052055,4.5,3.5,1.2,0.03,175.94,1,1,18-24,Prepaid_Monthly,Tablet,4G+,2026-04-07
SUB6347389,0.18,0.21,1.62,0.48,73.6,0,1,45-54,Prepaid_Monthly,5G_Device,4G,2026-04-07
SUB7943122,0.99,0.91,0.34,0.23,48.28,0,0,18-24,Prepaid_Monthly,Tablet,4G,2026-04-01
SUB2136263,5.81,6.0,1.13,5.61,87.77,0,1,25-34,Postpaid_Unlimited,Premium_Smartphone,4G,2026-04-02
SUB3497838,8.0,3.8,1.01,2.23,111.69,0,1,25-34,Postpaid_Unlimited,5G_Device,5G,2026-04-03
SUB6129584,2.12,0.8,0.22,0.3,124.58,0,0,25-34,Prepaid_Monthly,Premium_Smartphone,5G,2026-04-03
SUB6762726,1.29,3.58,0.2,0.41,66.21,0,0,35-44,Prepaid_Monthly,5G_Device,4G,2026-04-13
SUB3299820,0.19,0.25,0.24,0.03,51.13,1,0,55+,Postpaid_Basic,Premium_Smartphone,3G,2026-04-15
SUB4543244,1.94,1.77,0.99,0.12,65.59,0,0,25-34,Prepaid_Monthly,5G_Device,4G,2026-04-13
SUB2838346,7.39,1.66,0.46,3.88,180.17,0,1,25-34,Postpaid_Premium,Premium_Smartphone,5G,2026-04-10
SUB8402633,1.65,3.26,0.29,0.34,128.03,0,0,45-54,Postpaid_Premium,Premium_Smartphone,5G,2026-04-05
SUB8566169,0.53,6.0,0.4,0.03,72.27,0,0,25-34,Postpaid_Premium,5G_Device,4G,2026-04-17
SUB7911542,0.52,0.77,0.04,1.5,71.49,1,1,55+,Postpaid_Premium,Mid_Range,4G,2026-04-15
SUB6898131,0.55,0.63,0.05,0.12,12.86,0,0,25-34,Postpaid_Basic,Basic_Phone,4G,2026-04-07
SUB1159876,2.09,1.51,0.08,0.03,77.48,0,1,25-34,Prepaid_Monthly,Mid_Range,4G,2026-04-08
SUB6516182,0.48,0.52,0.12,0.02,101.35,0,1,55+,Postpaid_Premium,Tablet,4G,2026-03-29
SUB4410331,8.0,3.32,2.51,0.47,97.78,0,0,25-34,Postpaid_Unlimited,5G_Device,4G,2026-04-05
SUB7189152,0.81,2.05,1.14,0.16,150.95,0,0,18-24,Prepaid_Daily,Premium_Smartphone,5G,2026-03-29
SUB4511449,2.03,4.17,0.59,0.07,63.85,0,0,18-24,Prepaid_Monthly,Tablet,4G,2026-03-29
SUB2414447,0.35,0.1,0.01,0.06,72.76,0,1,55+,Prepaid_Daily,Mid_Range,4G,2026-03-26
SUB4458332,0.86,3.25,0.13,0.04,51.34,0,0,45-54,Postpaid_Premium,Mid_Range,4G,2026-04-08
SUB3180122,1.29,1.97,0.39,0.1,143.54,0,0,25-34,Prepaid_Daily,Premium_Smartphone,5G,2026-04-06
SUB1716177,1.18,0.12,0.02,0.1,42.03,0,0,45-54,Postpaid_Premium,Mid_Range,4G,2026-04-04
SUB6412199,0.99,1.69,0.57,0.29,49.52,0,0,25-34,Prepaid_Monthly,Mid_Range,4G+,2026-04-14
SUB4019332,4.21,0.64,0.71,0.39,54.95,0,0,25-34,Postpaid_Premium,Premium_Smartphone,3G,2026-04-03
SUB1479177,5.49,2.77,0.21,0.07,114.92,1,0,35-44,Postpaid_Basic,Mid_Range,5G,2026-03-19
SUB1521317,2.91,2.31,2.29,0.68,103.46,1,0,35-44,Prepaid_Monthly,5G_Device,5G,2026-03-22
SUB4826562,0.61,2.07,0.12,0.22,48.05,1,1,25-34,Prepaid_Monthly,Mid_Range,3G,2026-03-21
SUB9167399,0.91,1.19,0.46,0.22,121.0,0,0,18-24,Prepaid_Monthly,Tablet,4G+,2026-04-09
SUB2508797,0.86,0.77,1.0,0.2,83.4,1,0,18-24,Postpaid_Premium,5G_Device,3G,2026-03-28
SUB4926888,1.04,1.53,0.16,1.88,93.36,0,1,45-54,Postpaid_Premium,Premium_Smartphone,4G,2026-03-19
SUB3024676,5.82,2.3,0.15,0.12,108.18,1,1,45-54,Prepaid_Monthly,Mid_Range,4G,2026-03-24
SUB6202753,8.0,0.52,0.34,2.83,160.12,1,0,35-44,Postpaid_Basic,Tablet,5G,2026-03-21
SUB3152304,0.17,0.02,0.03,0.05,9.51,1,0,45-54,Prepaid_Daily,Basic_Phone,3G,2026-03-25
SUB8560105,0.47,2.88,0.14,0.13,46.76,0,0,35-44,Postpaid_Premium,Mid_Range,4G,2026-04-10
SUB5552939,0.01,0.08,0.01,0.01,15.73,0,0,45-54,Prepaid_Monthly,Basic_Phone,4G,2026-04-10
SUB7514849,5.16,0.38,2.82,5.42,101.57,1,0,18-24,Postpaid_Unlimited,Tablet,4G,2026-04-15
SUB9475177,8.0,5.32,0.37,2.9,181.51,1,0,25-34,Postpaid_Basic,5G_Device,5G,2026-04-07
SUB9198931,0.86,2.33,0.31,0.01,56.35,0,1,25-34,Postpaid_Basic,Tablet,3G,2026-04-07
SUB1984131,0.17,0.89,0.04,0.15,71.21,1,0,25-34,Prepaid_Daily,Premium_Smartphone,3G,2026-03-24
SUB5875436,0.12,0.05,0.1,0.02,14.71,1,0,35-44,Prepaid_Daily,Basic_Phone,3G,2026-03-24
SUB8749611,0.53,0.35,0.05,0.06,96.57,0,0,55+,Postpaid_Basic,5G_Device,4G+,2026-04-09
SUB5878154,3.19,2.19,0.32,0.04,68.46,1,1,25-34,Postpaid_Basic,Mid_Range,4G+,2026-04-06
SUB8940312,1.99,0.73,0.01,0.02,59.85,0,0,55+,Prepaid_Daily,Mid_Range,4G,2026-04-02
SUB8681147,5.76,6.0,0.3,0.75,82.34,1,1,25-34,Postpaid_Premium,Mid_Range,4G+,2026-03-19
SUB6204369,2.0,0.98,0.36,0.0,69.52,0,1,25-34,Prepaid_Monthly,Mid_Range,4G,2026-04-02
SUB7361293,2.02,0.77,0.12,0.01,114.4,1,0,35-44,Prepaid_Monthly,5G_Device,4G,2026-03-31
SUB6905447,0.38,2.31,0.89,0.22,46.0,0,0,25-34,Postpaid_Premium,Mid_Range,4G,2026-04-06
SUB1945424,0.95,1.75,0.74,0.61,48.73,0,0,25-34,Postpaid_Unlimited,Mid_Range,5G,2026-04-12
SUB2958754,1.77,1.26,0.33,0.18,74.16,0,0,35-44,Prepaid_Monthly,Premium_Smartphone,4G,2026-04-06
SUB1639068,0.55,0.33,0.01,0.46,50.18,1,0,55+,Postpaid_Premium,Mid_Range,4G,2026-04-12
SUB2371242,0.15,0.14,0.03,0.17,34.35,0,0,35-44,Postpaid_Premium,Basic_Phone,5G,2026-04-09
SUB4663175,1.83,3.27,0.73,0.73,92.31,0,1,25-34,Postpaid_Unlimited,5G_Device,4G+,2026-03-30
SUB7150208,0.73,1.85,0.03,0.12,28.48,0,0,18-24,Prepaid_Monthly,Mid_Range,3G,2026-04-06
SUB3020148,0.59,1.45,0.58,0.15,157.66,0,1,55+,Postpaid_Unlimited,5G_Device,5G,2026-04-16
SUB2160675,0.31,0.11,0.48,0.16,57.87,0,1,25-34,Prepaid_Monthly,Premium_Smartphone,3G,2026-04-11
SUB6918342,0.05,0.12,0.21,0.35,59.69,0,0,55+,Prepaid_Monthly,Mid_Range,4G,2026-03-31
SUB5036589,0.12,0.82,0.92,0.01,60.77,0,0,25-34,Prepaid_Monthly,Premium_Smartphone,3G,2026-03-28
SUB3726427,0.07,0.14,0.32,0.42,50.11,0,1,35-44,Prepaid_Monthly,Mid_Range,4G,2026-04-13
SUB5772925,0.31,1.04,0.31,0.03,39.74,0,0,35-44,Postpaid_Premium,Mid_Range,4G,2026-04-16
SUB9079850,0.22,0.49,0.62,0.24,14.49,0,0,25-34,Postpaid_Basic,Basic_Phone,3G,2026-04-05
SUB4138832,0.19,0.11,0.07,0.05,11.07,0,0,35-44,Prepaid_Monthly,Basic_Phone,3G,2026-03-23
SUB3050276,0.19,0.84,0.03,0.56,74.68,0,0,25-34,Prepaid_Daily,Premium_Smartphone,4G,2026-04-13
SUB3809858,0.03,0.35,0.13,0.09,23.56,0,0,35-44,Prepaid_Monthly,Basic_Phone,4G,2026-04-14
SUB6973721,0.09,0.26,0.07,0.1,37.73,1,0,45-54,Prepaid_Monthly,Mid_Range,3G,2026-04-12
SUB3016142,0.12,2.43,0.22,2.21,102.09,0,1,18-24,Prepaid_Monthly,5G_Device,4G+,2026-04-01
SUB5587826,1.01,0.49,0.03,0.02,9.08,0,0,35-44,Prepaid_Monthly,Basic_Phone,4G,2026-03-21
SUB5544943,0.06,0.19,0.18,0.24,99.1,0,1,18-24,Prepaid_Daily,Mid_Range,5G,2026-04-08
SUB3691207,6.94,1.89,0.16,1.57,81.37,0,0,18-24,Postpaid_Basic,Premium_Smartphone,4G,2026-04-13
SUB4250060,2.09,1.33,0.07,0.15,48.16,1,0,35-44,Postpaid_Premium,5G_Device,3G,2026-04-04
SUB9007599,0.5,0.41,1.33,0.13,25.99,1,1,18-24,Prepaid_Daily,Basic_Phone,4G,2026-04-11
SUB4971586,0.61,0.91,0.08,0.71,62.35,0,0,35-44,Prepaid_Daily,Mid_Range,4G+,2026-04-08
SUB1374344,0.04,0.62,0.17,0.87,28.04,0,0,18-24,Postpaid_Basic,Mid_Range,3G,2026-04-08
SUB8021982,3.26,1.87,1.28,0.12,53.63,0,1,25-34,Prepaid_Monthly,Mid_Range,4G+,2026-03-19
SUB3851957,0.24,1.9,0.05,0.28,57.9,0,0,18-24,Postpaid_Basic,Mid_Range,5G,2026-04-06
SUB7472345,0.38,0.83,0.04,0.01,41.72,0,0,18-24,Postpaid_Unlimited,Mid_Range,4G+,2026-04-13
SUB2548496,8.0,0.22,0.65,0.18,77.54,1,0,45-54,Postpaid_Premium,Mid_Range,4G+,2026-04-07
SUB1295863,2.08,4.35,0.08,1.06,117.01,1,1,35-44,Postpaid_Premium,Mid_Range,4G+,2026-04-07
SUB9196722,0.1,0.04,0.13,0.04,52.56,0,1,55+,Prepaid_Monthly,Mid_Range,3G,2026-04-14
SUB2389068,5.18,3.65,0.28,1.54,76.19,1,0,18-24,Prepaid_Monthly,Premium_Smartphone,4G,2026-04-09
SUB1226884,1.13,0.65,0.01,0.04,40.37,0,0,45-54,Postpaid_Basic,Mid_Range,4G,2026-04-14
SUB4417932,1.01,2.31,0.09,0.26,68.01,0,0,35-44,Postpaid_Unlimited,Mid_Range,5G,2026-04-15
SUB8339096,1.3,4.28,2.83,0.95,67.02,0,1,25-34,Postpaid_Unlimited,Mid_Range,5G,2026-04-11
SUB8034926,0.33,0.68,0.46,0.01,35.48,0,0,35-44,Prepaid_Monthly,Mid_Range,4G,2026-04-10
SUB5506371,2.32,0.44,1.1,1.12,186.02,1,0,35-44,Prepaid_Monthly,5G_Device,5G,2026-03-22
SUB1078563,0.17,0.33,0.94,0.27,93.79,0,0,25-34,Prepaid_Monthly,Tablet,4G,2026-03-31
SUB2138355,0.33,0.25,0.13,0.15,55.7,0,0,35-44,Prepaid_Daily,Mid_Range,4G,2026-03-19
SUB6131547,1.22,1.3,0.03,0.45,45.09,0,0,25-34,Postpaid_Premium,Mid_Range,4G,2026-04-05
SUB3196856,1.03,1.16,0.34,0.08,143.99,1,0,25-34,Prepaid_Monthly,Premium_Smartphone,4G+,2026-04-01
SUB6504637,0.07,1.54,0.39,0.11,17.08,0,0,25-34,Prepaid_Monthly,Basic_Phone,5G,2026-04-09
SUB2372407,0.86,1.7,0.27,0.82,68.52,0,0,45-54,Postpaid_Premium,5G_Device,4G+,2026-04-12
SUB3133643,0.21,1.33,0.12,0.14,47.46,0,1,25-34,Prepaid_Daily,Mid_Range,4G+,2026-03-27
SUB4001519,1.9,2.59,0.23,0.0,72.54,0,0,25-34,Postpaid_Basic,Premium_Smartphone,4G,2026-04-07
SUB8213741,0.25,0.3,0.17,0.01,36.94,1,0,35-44,Prepaid_Daily,Mid_Range,3G,2026-03-28
SUB2069024,0.75,0.13,0.04,0.75,37.4,1,0,45-54,Prepaid_Monthly,Mid_Range,3G,2026-04-11
SUB2362270,0.38,0.88,0.36,0.4,98.12,1,0,35-44,Prepaid_Daily,Mid_Range,4G+,2026-04-03
SUB8913614,8.0,1.01,0.21,0.23,121.06,0,1,18-24,Postpaid_Basic,Premium_Smartphone,4G,2026-04-03
SUB7575046,1.56,2.3,0.13,0.49,59.04,0,0,35-44,Postpaid_Premium,5G_Device,4G,2026-04-13
SUB5533027,6.64,5.93,0.16,0.52,46.23,0,0,25-34,Postpaid_Premium,Tablet,4G,2026-04-01
SUB8032205,4.53,5.49,0.48,0.31,68.7,1,0,25-34,Postpaid_Basic,Mid_Range,4G,2026-03-31
SUB1901111,2.05,1.59,2.78,0.13,50.56,1,0,35-44,Postpaid_Premium,Premium_Smartphone,3G,2026-04-07
SUB3114253,0.7,2.72,0.37,0.14,62.09,0,0,35-44,Prepaid_Monthly,Mid_Range,4G,2026-03-24
SUB9678768,5.62,0.74,0.47,1.37,185.68,1,1,45-54,Postpaid_Premium,Premium_Smartphone,5G,2026-04-03
SUB9014324,0.29,0.35,0.32,0.23,66.61,0,1,35-44,Prepaid_Monthly,Mid_Range,4G,2026-03-30
SUB8777901,1.81,3.64,1.3,0.5,149.48,1,0,35-44,Prepaid_Monthly,Premium_Smartphone,4G+,2026-03-30
SUB5809073,1.79,2.95,2.18,0.11,180.01,1,1,25-34,Prepaid_Daily,5G_Device,5G,2026-04-13
SUB7868546,1.14,1.6,0.02,0.09,130.0,0,0,18-24,Prepaid_Daily,5G_Device,4G+,2026-04-05
SUB5404309,1.88,0.73,0.14,0.06,71.35,0,1,55+,Postpaid_Unlimited,Premium_Smartphone,3G,2026-04-05
SUB2620706,0.42,0.32,0.22,0.02,52.73,0,1,25-34,Prepaid_Daily,Mid_Range,4G,2026-04-05
SUB5240843,0.52,0.26,0.8,0.21,58.74,0,0,35-44,Prepaid_Monthly,5G_Device,3G,2026-04-15
SUB1770569,1.36,1.21,1.79,0.05,122.23,0,1,45-54,Postpaid_Basic,Tablet,4G+,2026-04-07
SUB3513384,0.73,1.4,0.46,0.17,40.72,1,0,18-24,Prepaid_Monthly,Mid_Range,3G,2026-03-24
SUB8813516,1.08,1.75,0.49,4.88,200.0,1,1,45-54,Postpaid_Unlimited,5G_Device,5G,2026-03-28
SUB1115042,1.25,2.78,0.12,0.35,89.4,0,0,45-54,Postpaid_Unlimited,Tablet,4G+,2026-04-07
SUB1092447,1.37,0.39,0.47,0.19,45.37,0,0,45-54,Prepaid_Monthly,Mid_Range,4G,2026-04-02
SUB6547631,2.9,1.16,0.0,5.23,107.55,1,1,18-24,Prepaid_Daily,Premium_Smartphone,4G,2026-04-12
SUB8498725,2.4,0.24,0.65,0.6,86.91,0,0,25-34,Prepaid_Monthly,Premium_Smartphone,5G,2026-03-25
SUB8352855,2.55,3.72,0.16,3.73,142.47,1,1,18-24,Postpaid_Basic,Premium_Smartphone,5G,2026-03-23
SUB3743122,1.06,0.31,0.73,0.33,54.16,0,0,35-44,Prepaid_Monthly,Mid_Range,5G,2026-04-07
SUB4734341,1.3,0.46,0.66,0.47,28.98,0,0,35-44,Postpaid_Basic,Mid_Range,3G,2026-04-06
SUB4535797,0.9,1.42,0.66,0.29,29.13,0,0,18-24,Postpaid_Premium,Basic_Phone,5G,2026-03-19
SUB8397803,0.35,0.76,0.19,0.78,57.42,0,0,35-44,Prepaid_Monthly,Premium_Smartphone,3G,2026-03-23
SUB7277609,0.55,0.53,0.1,2.15,68.59,0,0,25-34,Prepaid_Daily,5G_Device,4G,2026-04-14
SUB9165571,0.57,1.25,0.81,0.5,95.38,0,0,45-54,Prepaid_Monthly,Premium_Smartphone,4G,2026-04-02
SUB4727904,0.08,0.05,0.13,0.07,21.05,0,0,25-34,Postpaid_Premium,Basic_Phone,4G+,2026-04-16
SUB4232567,2.03,3.25,0.21,1.09,71.68,0,0,25-34,Prepaid_Monthly,5G_Device,4G,2026-04-13
SUB5361909,2.23,0.38,0.66,0.39,70.06,0,1,25-34,Prepaid_Monthly,Mid_Range,4G,2026-03-26
SUB7808210,0.99,1.39,0.07,0.0,54.31,0,1,45-54,Prepaid_Monthly,5G_Device,3G,2026-03-20
SUB7216618,0.43,2.97,0.28,1.83,171.2,1,1,25-34,Postpaid_Basic,Premium_Smartphone,4G+,2026-03-24
SUB2149707,2.77,2.4,1.95,0.27,74.77,0,0,25-34,Prepaid_Monthly,Premium_Smartphone,4G,2026-03-24
SUB6572618,3.49,5.6,0.45,0.62,55.4,0,0,18-24,Postpaid_Unlimited,Premium_Smartphone,4G,2026-04-16
SUB5880779,0.95,1.52,0.01,0.88,69.15,0,0,25-34,Postpaid_Premium,Mid_Range,4G+,2026-03-27
SUB4783938,0.21,0.31,0.24,0.53,42.57,0,0,45-54,Postpaid_Premium,Premium_Smartphone,3G,2026-04-06
SUB7396930,0.51,0.52,0.29,0.06,103.01,0,1,45-54,Postpaid_Unlimited,Mid_Range,5G,2026-03-19
SUB4743382,2.01,0.76,0.14,0.69,85.99,0,0,18-24,Postpaid_Premium,Premium_Smartphone,4G,2026-03-29
SUB5172975,2.84,1.73,0.21,1.37,47.51,0,0,25-34,Postpaid_Premium,Mid_Range,4G,2026-04-13
SUB5231874,1.62,1.17,1.36,0.3,109.77,0,1,18-24,Prepaid_Monthly,Premium_Smartphone,4G,2026-04-08
SUB1481193,1.2,0.49,0.22,0.1,97.53,0,0,55+,Postpaid_Basic,Tablet,4G+,2026-04-10
SUB3759127,0.08,0.1,0.08,0.12,25.74,0,0,35-44,Prepaid_Daily,Mid_Range,3G,2026-04-17
SUB8378343,2.14,1.78,0.51,0.4,101.23,0,0,45-54,Prepaid_Monthly,Premium_Smartphone,4G,2026-04-12
SUB1627475,1.5,2.11,0.02,0.2,74.05,0,0,35-44,Prepaid_Monthly,5G_Device,4G+,2026-04-06
SUB1540027,0.21,0.26,0.05,0.08,22.48,0,0,45-54,Postpaid_Basic,Basic_Phone,4G+,2026-04-04
SUB7357658,0.39,0.16,0.01,0.05,62.09,0,0,55+,Postpaid_Basic,5G_Device,4G,2026-04-05
SUB2797355,2.0,0.5,0.77,0.15,54.16,1,0,18-24,Postpaid_Basic,Mid_Range,4G,2026-03-22
SUB1755724,0.48,0.19,0.44,0.08,93.22,0,0,55+,Postpaid_Premium,Premium_Smartphone,4G,2026-03-31
SUB6159253,0.55,0.48,0.4,0.04,139.8,0,0,45-54,Prepaid_Daily,Tablet,5G,2026-03-30
SUB8641646,0.2,1.66,0.23,0.15,54.52,0,0,25-34,Prepaid_Monthly,Tablet,4G,2026-04-12
SUB4482837,0.69,0.77,0.26,0.16,82.71,0,0,45-54,Prepaid_Daily,Mid_Range,5G,2026-04-16
SUB2436052,1.88,0.46,0.05,1.05,33.52,0,0,35-44,Prepaid_Daily,Mid_Range,4G,2026-04-02
SUB4537553,0.38,0.76,0.0,0.96,64.66,0,0,45-54,Postpaid_Basic,5G_Device,3G,2026-04-11
SUB4931067,3.09,3.74,0.95,2.29,130.42,0,1,18-24,Postpaid_Premium,5G_Device,5G,2026-04-08
SUB6881468,3.22,1.44,0.12,0.04,129.98,1,0,35-44,Prepaid_Monthly,Premium_Smartphone,5G,2026-03-28
SUB5494445,0.8,0.14,0.54,0.26,16.42,0,0,18-24,Postpaid_Premium,Basic_Phone,5G,2026-03-27
SUB1696084,8.0,1.63,0.39,0.52,102.19,0,0,45-54,Postpaid_Unlimited,5G_Device,5G,2026-03-30
SUB3481498,0.12,0.46,0.1,0.08,71.14,0,1,55+,Prepaid_Monthly,Mid_Range,4G,2026-03-23
SUB4104379,0.96,3.48,2.74,0.49,167.88,0,1,35-44,Postpaid_Premium,5G_Device,5G,2026-04-11
SUB8233646,0.08,0.68,0.04,0.12,89.15,0,1,25-34,Prepaid_Daily,Mid_Range,4G+,2026-04-04
SUB7258588,8.0,1.79,0.63,1.06,112.44,0,1,35-44,Postpaid_Premium,Premium_Smartphone,4G,2026-04-09
SUB6511598,0.4,0.5,0.66,0.01,47.2,0,0,25-34,Prepaid_Daily,Mid_Range,4G,2026-03-29
SUB1036051,2.25,2.18,1.51,0.72,169.25,1,0,35-44,Postpaid_Premium,Premium_Smartphone,5G,2026-04-03
SUB7307365,0.77,0.98,0.39,0.99,78.9,1,0,35-44,Prepaid_Monthly,5G_Device,3G,2026-04-12
SUB5677202,3.13,1.11,1.16,4.26,94.46,1,0,18-24,Postpaid_Unlimited,Premium_Smartphone,4G,2026-03-26
SUB6320218,5.64,4.64,0.27,0.42,154.29,1,0,18-24,Postpaid_Basic,5G_Device,4G+,2026-03-26
SUB7102744,0.01,0.56,0.06,0.57,86.68,0,0,35-44,Prepaid_Daily,Premium_Smartphone,4G,2026-03-30
SUB4666279,0.34,1.31,0.36,0.03,57.72,1,0,25-34,Postpaid_Basic,Basic_Phone,5G,2026-03-19
SUB4436005,2.83,0.86,0.15,3.69,98.26,0,0,45-54,Postpaid_Premium,Premium_Smartphone,4G,2026-04-05
SUB4852659,1.39,2.11,1.31,0.01,60.16,0,0,25-34,Postpaid_Basic,Premium_Smartphone,4G,2026-04-10
SUB3700502,0.43,2.01,0.16,0.42,47.23,0,0,18-24,Postpaid_Unlimited,Mid_Range,5G,2026-04-05
SUB5567994,0.83,0.32,0.75,0.18,44.98,0,0,35-44,Postpaid_Premium,Mid_Range,4G,2026-03-26
SUB3022862,0.48,0.19,0.0,0.0,18.83,0,0,35-44,Postpaid_Basic,Basic_Phone,4G+,2026-04-14
SUB8656575,1.18,0.67,0.33,0.24,43.04,0,0,35-44,Prepaid_Monthly,Mid_Range,4G,2026-04-15
SUB6006034,0.44,0.57,0.57,0.14,80.92,0,0,35-44,Prepaid_Daily,Mid_Range,4G+,2026-03-31
SUB1677551,4.26,1.31,0.74,0.01,99.43,0,0,25-34,Postpaid_Unlimited,Tablet,5G,2026-04-08
SUB2212740,3.84,1.21,0.33,0.08,62.62,0,0,35-44,Postpaid_Unlimited,Premium_Smartphone,4G,2026-03-21
SUB7380863,0.28,2.99,0.88,0.13,124.11,0,1,18-24,Prepaid_Monthly,Premium_Smartphone,5G,2026-03-23
SUB8546361,1.8,1.14,0.65,0.4,58.39,0,0,25-34,Postpaid_Basic,5G_Device,4G,2026-04-15
SUB1497165,4.4,6.0,0.01,1.3,124.85,0,0,18-24,Postpaid_Premium,5G_Device,4G+,2026-04-10
SUB4732529,1.93,1.6,0.6,0.17,124.42,1,0,18-24,Postpaid_Basic,Premium_Smartphone,4G,2026-04-17
SUB6031833,0.58,1.06,0.59,0.13,27.26,0,0,18-24,Postpaid_Premium,Basic_Phone,4G+,2026-04-02
SUB8239239,1.48,0.45,0.01,0.86,45.99,0,0,18-24,Prepaid_Daily,5G_Device,3G,2026-04-07
SUB3560390,1.35,0.21,0.09,0.14,42.98,1,0,55+,Postpaid_Unlimited,Basic_Phone,5G,2026-04-13
SUB4093348,0.15,1.0,0.8,0.85,90.58,0,0,25-34,Prepaid_Monthly,5G_Device,4G,2026-04-04
SUB9258103,2.08,4.88,0.07,0.57,64.58,1,0,18-24,Postpaid_Basic,Mid_Range,4G,2026-03-21
SUB1978536,2.04,0.54,0.04,0.21,89.25,0,0,45-54,Prepaid_Monthly,Premium_Smartphone,4G,2026-04-09
SUB6244899,3.04,5.24,3.2,0.27,73.8,0,0,25-34,Postpaid_Basic,Premium_Smartphone,4G,2026-04-14
SUB1605743,0.19,0.52,0.29,0.0,15.51,0,0,25-34,Postpaid_Basic,Basic_Phone,3G,2026-03-24
SUB3246928,0.82,1.23,0.1,0.32,38.99,0,0,25-34,Postpaid_Premium,Mid_Range,4G,2026-04-05
SUB2197678,3.68,6.0,0.39,0.93,137.34,1,1,25-34,Postpaid_Basic,Premium_Smartphone,4G+,2026-04-06
SUB3486179,0.76,4.43,3.35,0.74,106.59,1,0,25-34,Postpaid_Premium,5G_Device,4G,2026-04-07
SUB8147333,3.01,1.92,0.72,0.38,83.48,1,0,25-34,Prepaid_Monthly,Premium_Smartphone,4G,2026-03-25
SUB1003420,3.5,2.3,0.09,0.9,123.49,0,1,45-54,Postpaid_Unlimited,5G_Device,4G+,2026-04-02
SUB8137763,0.54,0.41,0.18,0.41,33.38,0,1,18-24,Prepaid_Daily,Basic_Phone,4G,2026-04-03
SUB7470181,0.66,0.06,0.49,0.17,20.58,0,0,18-24,Postpaid_Basic,Basic_Phone,4G,2026-03-21
SUB5735332,1.75,1.33,0.67,0.04,92.64,0,0,35-44,Prepaid_Daily,Premium_Smartphone,5G,2026-04-15
SUB6176367,0.98,1.11,0.43,0.06,51.8,0,0,25-34,Prepaid_Monthly,Mid_Range,4G,2026-03-20
SUB5638952,2.43,2.68,0.75,0.13,81.79,0,0,25-34,Prepaid_Monthly,Premium_Smartphone,4G,2026-04-04
SUB8868451,1.21,6.0,1.75,0.63,116.35,1,0,45-54,Postpaid_Unlimited,Premium_Smartphone,4G,2026-04-10
SUB7749645,1.3,0.13,0.35,0.02,123.1,1,0,55+,Prepaid_Daily,Tablet,4G,2026-04-15
SUB8585321,0.14,0.24,0.04,0.01,15.78,1,0,45-54,Prepaid_Monthly,Basic_Phone,4G,2026-03-31
SUB7380798,0.6,1.03,1.71,0.19,45.69,0,0,18-24,Postpaid_Premium,Mid_Range,4G,2026-04-13
SUB2308396,0.32,0.18,0.74,1.31,144.05,0,0,55+,Prepaid_Daily,5G_Device,5G,2026-04-11
SUB2235340,0.74,1.46,0.04,0.09,34.95,1,0,25-34,Postpaid_Premium,Basic_Phone,5G,2026-04-08
SUB9447149,0.28,1.55,0.91,0.0,49.13,0,0,18-24,Postpaid_Unlimited,Premium_Smartphone,3G,2026-04-01
SUB3232821,2.73,0.93,0.34,4.06,81.77,0,1,25-34,Postpaid_Premium,5G_Device,3G,2026-04-08
SUB5356164,2.4,1.34,0.11,0.05,49.87,1,0,35-44,Prepaid_Monthly,Mid_Range,4G,2026-04-12
SUB4079676,2.78,2.4,0.29,1.57,45.68,0,0,18-24,Prepaid_Monthly,Mid_Range,4G,2026-04-16
SUB3729701,0.94,3.15,0.11,0.24,72.72,0,0,35-44,Prepaid_Daily,Mid_Range,4G+,2026-03-20
SUB9683823,0.05,0.4,0.21,0.03,46.19,0,0,45-54,Prepaid_Daily,Mid_Range,4G,2026-04-12
SUB4600867,8.0,3.35,0.51,0.64,197.63,1,1,25-34,Prepaid_Daily,Premium_Smartphone,4G+,2026-04-01
SUB4596436,4.3,5.18,0.52,0.18,50.05,1,0,35-44,Postpaid_Unlimited,Mid_Range,4G,2026-03-29
SUB4484634,3.71,3.46,1.58,0.01,63.36,1,0,25-34,Postpaid_Basic,Mid_Range,4G+,2026-03-26
SUB6409351,4.07,1.65,0.33,6.0,190.77,1,0,25-34,Prepaid_Monthly,Premium_Smartphone,5G,2026-04-03
SUB7805751,1.87,1.19,0.48,0.32,85.09,0,0,25-34,Prepaid_Monthly,Tablet,4G,2026-04-08
SUB9336484,3.32,1.4,0.68,0.12,97.39,0,0,35-44,Postpaid_Basic,5G_Device,4G,2026-03-21
