user_id,customer_tenure_months,contract_duration_months,monthly_bill_usd,support_calls_6months,churn_probability,churn_status,churn_reason,churn_risk_category,support_calls_group
SUB7423388,24,6,22.23,3,0.354,0,,Low,3-4 calls
SUB7550634,3,3,69.47,1,0.103,0,,Very_Low,1-2 calls
SUB5304572,48,12,80.49,2,0.034,0,,Very_Low,1-2 calls
SUB3234489,6,12,95.19,1,0.055,0,,Very_Low,1-2 calls
SUB8204212,24,12,10.42,2,0.273,0,,Low,1-2 calls
SUB5472471,36,12,13.37,0,0.153,0,,Very_Low,0 calls
SUB5523669,3,6,27.62,0,0.95,1,Relocation/Moving,Very_High,0 calls
SUB8404852,1,24,87.96,3,0.41,0,,Medium,3-4 calls
SUB5981505,18,1,113.52,4,0.079,0,,Very_Low,3-4 calls
SUB2766891,18,24,56.27,0,0.029,0,,Very_Low,0 calls
SUB5521373,18,6,39.85,1,0.105,1,Network Quality Issues,Very_Low,1-2 calls
SUB7019877,12,3,13.88,1,0.328,0,,Low,1-2 calls
SUB4344769,48,1,73.41,1,0.224,1,Service Not Needed,Low,1-2 calls
SUB1103355,18,3,7.05,1,0.105,0,,Very_Low,1-2 calls
SUB2262752,1,1,7.7,3,0.819,1,Price Too High,Very_High,3-4 calls
SUB6664789,24,6,84.54,2,0.079,0,,Very_Low,1-2 calls
SUB6743066,6,6,46.29,2,0.157,0,,Very_Low,1-2 calls
SUB7113790,24,6,14.06,3,0.41,0,,Medium,3-4 calls
SUB5721339,1,3,20.32,1,0.157,0,,Very_Low,1-2 calls
SUB4275709,24,12,7.52,3,0.41,0,,Medium,3-4 calls
SUB1084654,12,12,32.87,6,0.702,1,Network Quality Issues,High,5+ calls
SUB6147581,24,24,24.48,1,0.219,1,Relocation/Moving,Low,1-2 calls
SUB2954354,12,3,93.12,0,0.035,0,,Very_Low,0 calls
SUB9242680,24,24,17.19,1,0.236,0,,Low,1-2 calls
SUB3428388,48,1,48.79,1,0.176,0,,Very_Low,1-2 calls
SUB9916786,24,1,8.96,0,0.218,0,,Low,0 calls
SUB3663046,24,12,18.31,2,0.205,0,,Low,1-2 calls
SUB6499720,3,6,57.25,2,0.074,0,,Very_Low,1-2 calls
SUB7640913,6,3,80.55,4,0.215,0,,Low,3-4 calls
SUB4416664,3,1,19.63,1,0.472,1,Price Too High,Medium,1-2 calls
SUB4385659,12,12,30.09,1,0.164,0,,Very_Low,1-2 calls
SUB4385357,12,6,71.66,1,0.088,0,,Very_Low,1-2 calls
SUB2465689,6,3,22.75,4,0.532,0,,Medium,3-4 calls
SUB1068148,1,24,10.96,2,0.42,1,Relocation/Moving,Medium,1-2 calls
SUB2825665,48,6,22.35,2,0.079,0,,Very_Low,1-2 calls
SUB3745683,18,6,33.72,0,0.109,0,,Very_Low,0 calls
SUB5056518,6,12,11.31,0,0.252,0,,Low,0 calls
SUB3669995,6,3,28.92,3,0.248,1,Price Too High,Low,3-4 calls
SUB5997895,12,3,46.87,0,0.131,0,,Very_Low,0 calls
SUB7397986,24,24,118.48,1,0.068,0,,Very_Low,1-2 calls
SUB2870928,3,3,20.76,3,0.614,1,Price Too High,High,3-4 calls
SUB5155299,36,12,10.94,5,0.294,0,,Low,5+ calls
SUB7249859,6,1,30.72,1,0.205,0,,Low,1-2 calls
SUB3305413,36,3,23.09,3,0.215,0,,Low,3-4 calls
SUB4910197,36,1,26.99,5,0.95,1,Poor Customer Service,Very_High,5+ calls
SUB6558019,18,12,30.06,5,0.507,0,,Medium,5+ calls
SUB6414709,36,6,101.68,5,0.074,0,,Very_Low,5+ calls
SUB1271836,24,6,52.57,3,0.165,0,,Very_Low,3-4 calls
SUB4584702,3,12,9.55,0,0.235,0,,Low,0 calls
SUB8281369,60,12,80.37,2,0.048,0,,Very_Low,1-2 calls
SUB3299435,3,12,21.47,0,0.252,0,,Low,0 calls
SUB9585377,12,6,17.42,0,0.256,0,,Low,0 calls
SUB3658505,12,6,81.69,2,0.082,0,,Very_Low,1-2 calls
SUB2271741,6,24,114.01,4,0.177,0,,Very_Low,3-4 calls
SUB4769315,24,12,10.18,2,0.39,1,Service Not Needed,Low,1-2 calls
SUB2046797,6,3,7.89,3,0.709,1,Price Too High,High,3-4 calls
SUB4047262,12,12,22.2,0,0.227,0,,Low,0 calls
SUB1564685,6,3,36.58,1,0.292,0,,Low,1-2 calls
SUB3879190,36,3,105.14,1,0.037,0,,Very_Low,1-2 calls
SUB6596411,3,3,12.04,1,0.819,1,Relocation/Moving,Very_High,1-2 calls
SUB2007293,3,12,18.71,1,0.472,0,,Medium,1-2 calls
SUB5774183,3,12,25.15,3,0.331,0,,Low,3-4 calls
SUB4366612,24,3,5.32,2,0.147,0,,Very_Low,1-2 calls
SUB9411855,3,24,85.49,2,0.287,0,,Low,1-2 calls
SUB6267180,12,6,80.34,1,0.213,0,,Low,1-2 calls
SUB8807313,24,12,26.54,1,0.741,1,Relocation/Moving,High,1-2 calls
SUB3704238,3,6,5.67,0,0.336,0,,Low,0 calls
SUB3630708,48,24,5.14,2,0.074,0,,Very_Low,1-2 calls
SUB4494679,6,12,43.92,2,0.236,1,Network Quality Issues,Low,1-2 calls
SUB6517209,24,6,19.3,4,0.165,0,,Very_Low,3-4 calls
SUB2767640,24,24,44.25,0,0.109,0,,Very_Low,0 calls
SUB7723771,6,12,26.33,3,0.461,1,Price Too High,Medium,3-4 calls
SUB2285160,18,6,18.74,6,0.315,0,,Low,5+ calls
SUB7080526,18,24,54.18,2,0.037,0,,Very_Low,1-2 calls
SUB6173036,12,3,8.22,3,0.737,1,Network Quality Issues,High,3-4 calls
SUB2425472,6,3,87.74,3,0.322,0,,Low,3-4 calls
SUB1048984,36,24,31.36,3,0.165,0,,Very_Low,3-4 calls
SUB7556168,3,12,59.43,2,0.074,0,,Very_Low,1-2 calls
SUB2504384,24,6,11.28,1,0.39,0,,Low,1-2 calls
SUB3230919,3,3,74.27,3,0.22,0,,Low,3-4 calls
SUB7940119,24,3,12.92,0,0.252,1,Relocation/Moving,Low,0 calls
SUB2737095,6,6,92.87,4,0.118,0,,Very_Low,3-4 calls
SUB5780450,48,1,53.33,1,0.048,0,,Very_Low,1-2 calls
SUB8469344,18,1,23.17,3,0.236,0,,Low,3-4 calls
SUB3109818,12,12,29.66,3,0.369,0,,Low,3-4 calls
SUB3231785,6,1,97.83,4,0.177,1,Better Competitor Offer,Very_Low,3-4 calls
SUB4853339,12,6,106.05,1,0.063,0,,Very_Low,1-2 calls
SUB1996107,1,6,83.55,5,0.21,0,,Low,5+ calls
SUB8130144,3,24,82.82,0,0.176,0,,Very_Low,0 calls
SUB5545583,6,6,57.64,3,0.165,0,,Very_Low,3-4 calls
SUB4747389,48,3,37.94,4,0.146,0,,Very_Low,3-4 calls
SUB5142807,12,1,9.15,1,0.176,1,Price Too High,Very_Low,1-2 calls
SUB8988004,12,12,9.65,4,0.639,0,,High,3-4 calls
SUB7245035,24,1,31.28,0,0.126,0,,Very_Low,0 calls
SUB4602279,18,24,18.31,1,0.205,0,,Low,1-2 calls
SUB6515989,18,12,47.35,4,0.205,0,,Low,3-4 calls
SUB3121690,18,6,24.42,3,0.354,0,,Low,3-4 calls
SUB1491234,3,12,31.38,2,0.147,0,,Very_Low,1-2 calls
SUB6401218,12,3,27.43,0,0.227,0,,Low,0 calls
SUB7914550,48,6,49.07,1,0.098,0,,Very_Low,1-2 calls
SUB7167294,60,1,34.11,1,0.079,0,,Very_Low,1-2 calls
SUB7906726,12,24,9.02,3,0.567,1,Network Quality Issues,Medium,3-4 calls
SUB6888794,1,6,118.15,2,0.136,0,,Very_Low,1-2 calls
SUB8558158,12,12,43.61,3,0.283,0,,Low,3-4 calls
SUB7510425,6,24,80.89,2,0.079,0,,Very_Low,1-2 calls
SUB9511017,3,12,15.79,3,0.709,1,Network Quality Issues,High,3-4 calls
SUB8887739,6,6,13.09,1,0.315,0,,Low,1-2 calls
SUB1769598,3,12,14.12,0,0.504,1,Network Quality Issues,Medium,0 calls
SUB6292895,1,6,14.0,1,0.63,1,Price Too High,High,1-2 calls
SUB8971379,12,12,8.47,0,0.341,1,Network Quality Issues,Low,0 calls
SUB4331068,6,6,8.9,1,0.22,1,Price Too High,Low,1-2 calls
SUB4256415,6,1,114.85,2,0.079,0,,Very_Low,1-2 calls
SUB1874371,6,12,116.21,2,0.055,0,,Very_Low,1-2 calls
SUB6654237,12,6,84.92,0,0.098,0,,Very_Low,0 calls
SUB1973548,24,3,94.2,1,0.052,1,Better Competitor Offer,Very_Low,1-2 calls
SUB4344014,18,24,37.19,4,0.236,1,Network Quality Issues,Low,3-4 calls
SUB8064746,60,24,49.94,1,0.079,0,,Very_Low,1-2 calls
SUB7216204,48,12,11.8,3,0.157,0,,Very_Low,3-4 calls
SUB6193542,12,24,10.12,1,0.328,0,,Low,1-2 calls
SUB3959034,24,24,53.39,2,0.037,0,,Very_Low,1-2 calls
SUB5574293,3,24,81.58,3,0.236,1,Relocation/Moving,Low,3-4 calls
SUB7706971,3,1,75.57,1,0.074,0,,Very_Low,1-2 calls
SUB1043585,24,3,70.01,1,0.074,0,,Very_Low,1-2 calls
SUB3539448,3,6,29.62,3,0.472,0,,Medium,3-4 calls
SUB1109556,12,24,31.52,3,0.369,0,,Low,3-4 calls
SUB2575557,6,24,41.09,2,0.205,0,,Low,1-2 calls
SUB9306461,6,12,103.61,2,0.039,1,Network Quality Issues,Very_Low,1-2 calls
SUB3009021,3,6,106.64,3,0.205,0,,Low,3-4 calls
SUB2201482,18,3,30.74,2,0.105,0,,Very_Low,1-2 calls
SUB1542335,1,1,9.78,1,0.702,1,Relocation/Moving,High,1-2 calls
SUB5270070,24,12,22.76,2,0.205,0,,Low,1-2 calls
SUB7700379,36,24,19.88,2,0.11,0,,Very_Low,1-2 calls
SUB4560920,6,6,81.11,3,0.118,0,,Very_Low,3-4 calls
SUB7860006,12,12,10.99,3,0.95,0,,Very_High,3-4 calls
SUB3484413,18,24,28.95,3,0.658,1,Service Not Needed,High,3-4 calls
SUB3907360,18,3,29.48,1,0.205,0,,Low,1-2 calls
SUB6895544,12,24,118.28,1,0.152,0,,Very_Low,1-2 calls
SUB6697469,18,12,30.91,4,0.157,0,,Very_Low,3-4 calls
SUB3235000,24,12,49.81,1,0.292,0,,Low,1-2 calls
SUB7908531,60,12,19.35,4,0.059,0,,Very_Low,3-4 calls
SUB5322252,12,3,10.37,4,0.567,1,Poor Customer Service,Medium,3-4 calls
SUB6822184,18,12,23.17,1,0.157,0,,Very_Low,1-2 calls
SUB1402690,12,3,77.23,1,0.088,0,,Very_Low,1-2 calls
SUB3548421,6,3,100.24,4,0.329,1,Relocation/Moving,Low,3-4 calls
SUB2954109,60,12,36.98,4,0.219,0,,Low,3-4 calls
SUB5422880,1,3,28.13,2,0.22,0,,Low,1-2 calls
SUB8205547,1,12,51.64,0,0.229,0,,Low,0 calls
SUB9323735,18,12,50.71,2,0.124,0,,Very_Low,1-2 calls
SUB7457294,24,12,9.64,3,0.532,0,,Medium,3-4 calls
SUB2384250,24,24,29.84,6,0.76,1,Relocation/Moving,High,5+ calls
SUB1061087,24,1,50.99,1,0.11,0,,Very_Low,1-2 calls
SUB7409907,24,1,48.64,2,0.292,0,,Low,1-2 calls
SUB2496176,24,6,110.69,2,0.037,0,,Very_Low,1-2 calls
SUB1039353,12,12,94.56,2,0.082,0,,Very_Low,1-2 calls
SUB7484531,12,24,10.06,2,0.234,0,,Low,1-2 calls
SUB4360011,24,1,70.98,2,0.11,0,,Very_Low,1-2 calls
SUB8654909,24,12,25.18,2,0.292,0,,Low,1-2 calls
SUB5259622,6,1,81.42,2,0.143,0,,Very_Low,1-2 calls
SUB5959617,1,12,48.4,2,0.273,0,,Low,1-2 calls
SUB6725570,6,6,41.84,2,0.205,0,,Low,1-2 calls
SUB1416880,12,1,88.74,0,0.066,1,Relocation/Moving,Very_Low,0 calls
SUB8072695,12,1,57.8,4,0.132,0,,Very_Low,3-4 calls
SUB8433296,12,6,94.39,1,0.063,0,,Very_Low,1-2 calls
SUB5965050,48,24,23.78,1,0.133,0,,Very_Low,1-2 calls
SUB1813168,12,3,22.76,6,0.265,0,,Low,5+ calls
SUB1225281,3,3,31.06,1,0.273,0,,Low,1-2 calls
SUB4782875,3,24,105.4,1,0.105,0,,Very_Low,1-2 calls
SUB3995765,1,6,29.12,2,0.878,1,Relocation/Moving,Very_High,1-2 calls
SUB8734102,6,3,5.43,2,0.472,0,,Medium,1-2 calls
SUB6595108,6,12,15.92,2,0.399,0,,Low,1-2 calls
SUB6674719,6,6,32.29,2,0.157,1,Network Quality Issues,Very_Low,1-2 calls
SUB9658144,36,24,58.0,4,0.077,0,,Very_Low,3-4 calls
SUB7609280,24,1,77.16,2,0.124,1,Relocation/Moving,Very_Low,1-2 calls
SUB6500306,12,24,105.98,3,0.142,0,,Very_Low,3-4 calls
SUB5372093,12,1,69.11,4,0.172,0,,Very_Low,3-4 calls
SUB2561729,12,12,22.83,1,0.351,1,Price Too High,Low,1-2 calls
SUB6031595,1,12,38.13,5,0.78,1,Service Not Needed,High,5+ calls
SUB6478047,48,12,55.62,5,0.11,0,,Very_Low,5+ calls
SUB2119043,6,6,92.93,0,0.123,1,Relocation/Moving,Very_Low,0 calls
SUB8103230,36,24,12.07,3,0.774,1,Service Not Needed,High,3-4 calls
SUB3558231,24,6,5.46,2,0.315,0,,Low,1-2 calls
SUB7659908,3,6,10.67,3,0.95,1,Price Too High,Very_High,3-4 calls
SUB4080389,6,12,49.52,0,0.189,0,,Very_Low,0 calls
SUB2661909,12,1,13.4,3,0.491,1,Price Too High,Medium,3-4 calls
SUB3656138,6,3,56.79,0,0.149,0,,Very_Low,0 calls
SUB1110078,12,3,79.42,2,0.164,0,,Very_Low,1-2 calls
SUB2915631,6,6,15.24,3,0.461,0,,Medium,3-4 calls
SUB7314127,18,1,45.44,2,0.15,0,,Very_Low,1-2 calls
SUB3008187,6,24,106.7,2,0.169,1,Better Competitor Offer,Very_Low,1-2 calls
SUB2659066,6,12,43.25,2,0.11,0,,Very_Low,1-2 calls
SUB3148815,6,24,17.98,4,0.658,1,Poor Customer Service,High,3-4 calls
SUB8355740,24,24,17.74,1,0.157,0,,Very_Low,1-2 calls
SUB5506259,18,1,37.18,3,0.236,0,,Low,3-4 calls
SUB8473915,24,3,10.19,0,0.252,0,,Low,0 calls
SUB8658426,12,1,44.52,2,0.164,0,,Very_Low,1-2 calls
SUB7404003,36,24,106.62,1,0.037,0,,Very_Low,1-2 calls
SUB5135314,12,12,62.62,2,0.132,1,Network Quality Issues,Very_Low,1-2 calls
SUB1910681,3,3,26.49,2,0.157,0,,Very_Low,1-2 calls
SUB2607618,12,24,21.08,1,0.094,0,,Very_Low,1-2 calls
SUB4896830,12,12,83.5,2,0.082,0,,Very_Low,1-2 calls
SUB5336787,1,12,115.18,1,0.075,1,Network Quality Issues,Very_Low,1-2 calls
SUB3755423,18,3,36.75,1,0.157,0,,Very_Low,1-2 calls
SUB1071295,24,6,26.4,3,0.354,0,,Low,3-4 calls
SUB8613287,6,12,75.25,2,0.279,0,,Low,1-2 calls
SUB4445376,24,12,20.2,3,0.236,0,,Low,3-4 calls
SUB6251035,18,12,9.29,3,0.472,1,Network Quality Issues,Medium,3-4 calls
SUB4612600,6,24,24.21,1,0.118,0,,Very_Low,1-2 calls
SUB1825816,6,3,18.52,1,0.354,0,,Low,1-2 calls
SUB9763313,48,1,15.12,3,0.154,1,Relocation/Moving,Very_Low,3-4 calls
SUB3026793,3,12,16.49,2,0.22,0,,Low,1-2 calls
SUB1554594,3,12,10.62,1,0.63,0,,High,1-2 calls
SUB9536326,1,6,38.87,3,0.472,0,,Medium,3-4 calls
SUB4504473,36,24,33.14,2,0.074,0,,Very_Low,1-2 calls
SUB8299695,18,12,13.9,2,0.273,1,Price Too High,Low,1-2 calls
SUB3204664,3,12,90.5,1,0.205,0,,Low,1-2 calls
SUB5341747,24,6,17.78,1,0.266,0,,Low,1-2 calls
SUB1686976,18,6,9.47,0,0.218,1,Relocation/Moving,Low,0 calls
SUB3472189,60,24,22.04,1,0.039,0,,Very_Low,1-2 calls
SUB9506404,12,12,87.57,3,0.805,1,Network Quality Issues,Very_High,3-4 calls
SUB2241082,12,24,26.43,1,0.246,0,,Low,1-2 calls
SUB6184502,6,6,11.38,3,0.614,0,,High,3-4 calls
SUB7561000,3,3,43.07,1,0.273,0,,Low,1-2 calls
SUB7671458,24,6,46.5,3,0.079,0,,Very_Low,3-4 calls
SUB5892306,12,6,54.91,2,0.479,0,,Medium,1-2 calls
SUB4674515,24,12,83.9,2,0.096,0,,Very_Low,1-2 calls
SUB2579159,24,3,102.21,4,0.079,0,,Very_Low,3-4 calls
SUB5515488,48,6,5.84,1,0.052,1,Price Too High,Very_Low,1-2 calls
SUB7041495,12,1,6.24,2,0.378,0,,Low,1-2 calls
SUB9767088,1,6,80.6,1,0.157,0,,Very_Low,1-2 calls
SUB7324167,1,24,38.15,2,0.45,1,Relocation/Moving,Medium,1-2 calls
SUB1791971,6,6,65.09,4,0.248,0,,Low,3-4 calls
SUB1501157,48,1,12.0,2,0.105,1,Network Quality Issues,Very_Low,1-2 calls
SUB5378727,24,12,9.49,1,0.21,1,Price Too High,Low,1-2 calls
SUB5124499,18,12,7.31,1,0.21,0,,Low,1-2 calls
SUB6946594,6,6,27.95,1,0.354,0,,Low,1-2 calls
SUB6106799,24,6,7.17,3,0.614,0,,High,3-4 calls
SUB5327576,24,24,29.15,0,0.189,0,,Very_Low,0 calls
SUB5962140,6,24,49.36,1,0.38,1,Relocation/Moving,Low,1-2 calls
SUB3799487,24,12,10.39,0,0.153,1,Network Quality Issues,Very_Low,0 calls
SUB3904941,3,12,11.81,3,0.945,1,Price Too High,Very_High,3-4 calls
SUB8983441,3,1,17.72,2,0.472,0,,Medium,1-2 calls
SUB6320385,1,6,12.55,2,0.546,0,,Medium,1-2 calls
SUB3100021,24,3,12.86,2,0.273,0,,Low,1-2 calls
SUB7928040,6,1,16.28,2,0.307,1,Network Quality Issues,Low,1-2 calls
SUB1618467,18,24,24.33,0,0.088,0,,Very_Low,0 calls
SUB6333152,3,24,55.59,1,0.22,0,,Low,1-2 calls
SUB8328141,12,24,5.89,3,0.378,1,Network Quality Issues,Low,3-4 calls
SUB6072148,1,12,80.16,1,0.923,1,Better Competitor Offer,Very_High,1-2 calls
SUB2707923,36,12,92.82,3,0.072,0,,Very_Low,3-4 calls
SUB6134207,12,6,54.13,1,0.063,0,,Very_Low,1-2 calls
SUB9516999,36,24,14.86,4,0.331,0,,Low,3-4 calls
SUB7730886,12,12,23.79,3,0.283,1,Network Quality Issues,Low,3-4 calls
SUB6853584,6,1,73.23,4,0.215,0,,Low,3-4 calls
SUB9170528,12,12,118.83,0,0.066,0,,Very_Low,0 calls
SUB5301754,6,6,109.78,5,0.158,0,,Very_Low,5+ calls
SUB3269042,36,12,15.08,5,0.154,1,Network Quality Issues,Very_Low,5+ calls
SUB2983509,6,6,36.89,2,0.11,0,,Very_Low,1-2 calls
SUB8740141,6,6,98.66,3,0.118,0,,Very_Low,3-4 calls
SUB1116381,18,1,85.7,0,0.088,0,,Very_Low,0 calls
SUB2521701,3,1,45.39,2,0.585,0,,Medium,1-2 calls
SUB7105525,3,6,15.86,1,0.409,0,,Medium,1-2 calls
SUB4438618,12,3,14.59,3,0.737,0,,High,3-4 calls
SUB8913697,3,3,47.01,2,0.95,1,Service Not Needed,Very_High,1-2 calls
SUB3457184,6,24,64.02,1,0.077,0,,Very_Low,1-2 calls
SUB5103022,18,24,95.53,0,0.071,0,,Very_Low,0 calls
SUB2418175,6,1,103.22,1,0.102,0,,Very_Low,1-2 calls
SUB4806688,18,1,22.37,3,0.165,0,,Very_Low,3-4 calls
SUB8265795,12,12,70.42,1,0.172,0,,Very_Low,1-2 calls
SUB4772962,24,24,20.47,0,0.189,0,,Very_Low,0 calls
SUB5041776,24,6,60.44,1,0.074,0,,Very_Low,1-2 calls
SUB3727423,3,6,52.24,1,0.191,0,,Very_Low,1-2 calls
SUB6709840,48,3,24.87,2,0.079,0,,Very_Low,1-2 calls
SUB6130397,24,12,19.4,0,0.189,0,,Very_Low,0 calls
SUB4451356,12,6,12.34,0,0.262,0,,Low,0 calls
SUB4444084,18,3,10.26,1,0.315,0,,Low,1-2 calls
SUB3927109,36,6,102.7,1,0.018,0,,Very_Low,1-2 calls
SUB7979451,12,6,12.84,2,0.426,1,Price Too High,Medium,1-2 calls
SUB9519981,12,24,11.64,2,0.328,0,,Low,1-2 calls
SUB8778484,18,12,22.83,4,0.461,0,,Medium,3-4 calls
SUB9503902,1,12,101.52,5,0.315,0,,Low,5+ calls
SUB7214624,18,6,27.47,1,0.205,0,,Low,1-2 calls
SUB5842611,6,1,10.47,2,0.614,1,Price Too High,High,1-2 calls
SUB7357182,3,24,69.96,2,0.191,0,,Very_Low,1-2 calls
SUB5335868,24,6,27.18,1,0.205,0,,Low,1-2 calls
SUB3215167,12,12,18.06,3,0.369,1,Price Too High,Low,3-4 calls
SUB4886402,12,12,53.02,1,0.115,0,,Very_Low,1-2 calls
SUB7545535,6,24,29.43,1,0.307,0,,Low,1-2 calls
SUB7842385,1,3,111.54,4,0.236,0,,Low,3-4 calls
SUB1688105,12,12,36.03,0,0.101,0,,Very_Low,0 calls
SUB2989173,24,6,40.03,4,0.157,0,,Very_Low,3-4 calls
SUB4080761,24,3,17.74,5,0.95,1,Service Not Needed,Very_High,5+ calls
SUB2414466,48,24,76.55,3,0.028,0,,Very_Low,3-4 calls
SUB1445101,36,24,49.07,0,0.088,0,,Very_Low,0 calls
SUB9106609,60,1,9.35,7,0.614,1,Price Too High,High,5+ calls
SUB8413023,18,12,28.07,2,0.236,0,,Low,1-2 calls
SUB8613269,1,3,31.65,0,0.156,1,Relocation/Moving,Very_Low,0 calls
SUB2105534,36,12,78.67,5,0.134,0,,Very_Low,5+ calls
SUB5353127,60,12,84.7,1,0.018,0,,Very_Low,1-2 calls
SUB8315360,12,12,62.3,2,0.132,0,,Very_Low,1-2 calls
SUB9073461,3,1,41.92,0,0.284,0,,Low,0 calls
SUB1498863,1,12,25.99,1,0.41,1,Network Quality Issues,Medium,1-2 calls
SUB9756262,18,1,53.61,4,0.077,0,,Very_Low,3-4 calls
SUB3676188,18,12,99.94,1,0.079,0,,Very_Low,1-2 calls
SUB4295990,1,1,35.26,1,0.585,0,,Medium,1-2 calls
SUB8782937,48,12,11.21,1,0.157,1,Network Quality Issues,Very_Low,1-2 calls
SUB7526818,12,24,13.29,0,0.141,0,,Very_Low,0 calls
SUB6491590,18,3,24.46,1,0.205,0,,Low,1-2 calls
SUB7512440,18,12,31.69,0,0.109,0,,Very_Low,0 calls
SUB7099628,6,6,104.59,0,0.082,0,,Very_Low,0 calls
SUB7555968,48,12,19.24,1,0.039,0,,Very_Low,1-2 calls
SUB3699015,1,12,17.94,1,0.22,0,,Low,1-2 calls
SUB9837590,24,3,34.81,1,0.105,0,,Very_Low,1-2 calls
SUB2172622,6,3,111.04,2,0.19,0,,Very_Low,1-2 calls
SUB3503771,3,24,29.29,4,0.709,1,Network Quality Issues,High,3-4 calls
SUB4177825,12,24,29.88,4,0.202,0,,Low,3-4 calls
SUB1996161,3,12,6.79,1,0.546,0,,Medium,1-2 calls
SUB5183839,36,6,37.62,3,0.143,0,,Very_Low,3-4 calls
SUB1666326,24,12,70.56,4,0.186,0,,Very_Low,3-4 calls
SUB1649150,36,12,15.05,2,0.055,0,,Very_Low,1-2 calls
SUB4375957,36,1,43.58,1,0.096,0,,Very_Low,1-2 calls
SUB1118834,36,24,43.78,3,0.11,0,,Very_Low,3-4 calls
SUB4239576,18,1,45.51,2,0.074,0,,Very_Low,1-2 calls
SUB6893309,48,12,12.7,2,0.136,1,Relocation/Moving,Very_Low,1-2 calls
SUB6948540,1,6,100.77,2,0.157,0,,Very_Low,1-2 calls
SUB5249913,6,12,44.13,2,0.079,0,,Very_Low,1-2 calls
SUB5422201,3,3,57.66,5,0.191,1,Network Quality Issues,Very_Low,5+ calls
SUB2079600,3,6,34.18,3,0.41,1,Network Quality Issues,Medium,3-4 calls
SUB4503157,1,12,92.3,0,0.084,0,,Very_Low,0 calls
SUB9272874,12,1,31.51,3,0.246,0,,Low,3-4 calls
SUB9849851,24,24,16.92,4,0.118,0,,Very_Low,3-4 calls
SUB2985588,18,24,21.87,3,0.307,1,Price Too High,Low,3-4 calls
SUB9640059,18,6,22.88,2,0.11,1,Price Too High,Very_Low,1-2 calls
SUB5197355,36,6,26.61,3,0.083,0,,Very_Low,3-4 calls
SUB2752683,60,12,86.6,0,0.021,0,,Very_Low,0 calls
SUB8716868,18,12,108.85,2,0.079,0,,Very_Low,1-2 calls
SUB2004646,1,24,28.81,4,0.473,0,,Medium,3-4 calls
SUB4867500,18,6,26.83,0,0.189,0,,Very_Low,0 calls
SUB1449395,18,12,10.34,3,0.409,0,,Medium,3-4 calls
SUB6143901,1,3,91.04,3,0.307,0,,Low,3-4 calls
SUB7754350,6,12,19.77,1,0.307,0,,Low,1-2 calls
SUB2260386,6,6,46.09,3,0.658,0,,High,3-4 calls
SUB4054390,24,12,111.84,2,0.089,0,,Very_Low,1-2 calls
SUB8019431,6,6,22.03,3,0.248,0,,Low,3-4 calls
SUB4379569,12,3,67.25,1,0.123,0,,Very_Low,1-2 calls
SUB3900603,24,6,17.49,0,0.164,0,,Very_Low,0 calls
SUB9611474,48,24,67.74,1,0.062,0,,Very_Low,1-2 calls
SUB2646711,12,12,16.69,1,0.246,0,,Low,1-2 calls
SUB6587774,18,12,21.07,0,0.176,0,,Very_Low,0 calls
SUB7319707,1,12,98.42,3,0.205,0,,Low,3-4 calls
SUB8967801,12,12,48.56,3,0.351,0,,Low,3-4 calls
SUB2423286,18,3,21.87,2,0.146,0,,Very_Low,1-2 calls
SUB4695961,3,3,26.23,2,0.532,1,Network Quality Issues,Medium,1-2 calls
SUB9217316,3,12,9.47,1,0.21,0,,Low,1-2 calls
SUB4177945,36,1,52.36,7,0.077,0,,Very_Low,5+ calls
SUB8348340,3,6,23.86,1,0.157,0,,Very_Low,1-2 calls
SUB1183062,48,12,55.03,2,0.048,0,,Very_Low,1-2 calls
SUB3841992,6,1,27.58,3,0.461,1,Network Quality Issues,Medium,3-4 calls
SUB5294539,6,1,22.25,3,0.248,0,,Low,3-4 calls
SUB7095929,12,24,66.4,2,0.149,0,,Very_Low,1-2 calls
SUB5944505,3,24,49.92,3,0.315,1,Network Quality Issues,Low,3-4 calls
SUB1803328,18,6,100.96,2,0.102,0,,Very_Low,1-2 calls
SUB5062958,12,12,48.8,3,0.95,1,Network Quality Issues,Very_High,3-4 calls
SUB2043233,48,3,16.62,2,0.133,0,,Very_Low,1-2 calls
SUB7468703,48,6,41.24,1,0.052,0,,Very_Low,1-2 calls
SUB1529525,24,12,8.32,2,0.355,0,,Low,1-2 calls
SUB1176615,3,24,23.11,2,0.315,0,,Low,1-2 calls
SUB5381932,3,6,17.92,1,0.532,0,,Medium,1-2 calls
SUB7665088,6,6,68.71,3,0.215,1,Relocation/Moving,Low,3-4 calls
SUB8474447,36,12,6.7,1,0.147,1,Network Quality Issues,Very_Low,1-2 calls
SUB5601020,18,12,19.26,2,0.205,0,,Low,1-2 calls
SUB4699391,3,24,27.82,4,0.614,0,,High,3-4 calls
SUB9929860,12,12,13.37,3,0.567,0,,Medium,3-4 calls
SUB8006454,60,3,6.17,3,0.205,1,Relocation/Moving,Low,3-4 calls
SUB4612610,24,1,26.11,0,0.126,0,,Very_Low,0 calls
SUB8031883,48,3,20.27,1,0.102,1,Price Too High,Very_Low,1-2 calls
SUB3164367,24,3,14.06,1,0.273,0,,Low,1-2 calls
SUB1144356,24,1,11.79,0,0.312,0,,Low,0 calls
SUB9744220,36,6,80.17,4,0.116,1,Network Quality Issues,Very_Low,3-4 calls
SUB9398043,18,3,89.94,0,0.082,0,,Very_Low,0 calls
SUB2748014,18,24,47.09,2,0.205,0,,Low,1-2 calls
SUB8156720,24,6,91.42,1,0.026,0,,Very_Low,1-2 calls
SUB3288627,6,24,14.11,2,0.41,0,,Medium,1-2 calls
SUB7517963,12,6,17.92,3,0.369,0,,Low,3-4 calls
SUB7597519,60,24,75.54,3,0.072,0,,Very_Low,3-4 calls
SUB1764121,24,6,33.09,2,0.157,0,,Very_Low,1-2 calls
SUB8068121,48,1,87.41,2,0.044,0,,Very_Low,1-2 calls
SUB4502630,60,6,109.15,3,0.059,0,,Very_Low,3-4 calls
SUB6698848,18,3,8.55,0,0.168,1,Price Too High,Very_Low,0 calls
SUB2107677,3,6,83.2,1,0.136,1,Network Quality Issues,Very_Low,1-2 calls
SUB6738852,24,12,109.95,2,0.037,0,,Very_Low,1-2 calls
SUB1288790,1,12,15.2,3,0.709,1,Relocation/Moving,High,3-4 calls
SUB6084921,1,24,103.65,2,0.052,0,,Very_Low,1-2 calls
SUB4693305,6,24,12.54,2,0.41,0,,Medium,1-2 calls
SUB5466271,1,12,78.32,2,0.22,1,Better Competitor Offer,Low,1-2 calls
SUB5385536,18,24,28.57,4,0.399,0,,Low,3-4 calls
SUB2352695,24,3,9.24,2,0.315,0,,Low,1-2 calls
SUB2589228,24,1,32.57,1,0.157,1,Network Quality Issues,Very_Low,1-2 calls
SUB2100567,3,6,17.25,3,0.799,1,Price Too High,High,3-4 calls
SUB8706358,24,6,64.66,1,0.096,0,,Very_Low,1-2 calls
SUB1049115,36,12,44.15,3,0.055,0,,Very_Low,3-4 calls
SUB1721747,1,24,26.78,3,0.799,1,Network Quality Issues,High,3-4 calls
SUB6392023,12,3,11.52,3,0.189,0,,Very_Low,3-4 calls
SUB6957515,18,6,43.75,2,0.052,0,,Very_Low,1-2 calls
SUB7232753,12,1,69.82,2,0.062,0,,Very_Low,1-2 calls
SUB6246880,36,6,37.62,3,0.143,0,,Very_Low,3-4 calls
SUB2404330,12,3,48.12,2,0.189,0,,Very_Low,1-2 calls
SUB1251492,3,6,48.01,4,0.472,1,Network Quality Issues,Medium,3-4 calls
SUB5035851,12,3,28.7,1,0.189,0,,Very_Low,1-2 calls
SUB1491072,18,24,43.05,2,0.136,0,,Very_Low,1-2 calls
SUB2086880,60,1,107.5,3,0.059,0,,Very_Low,3-4 calls
SUB3055723,12,6,76.35,0,0.092,0,,Very_Low,0 calls
SUB3248988,36,24,15.82,1,0.165,0,,Very_Low,1-2 calls
SUB3976242,6,12,46.93,3,0.236,0,,Low,3-4 calls
SUB5580081,12,12,36.24,1,0.189,0,,Very_Low,1-2 calls
SUB3648790,18,24,80.84,3,0.158,0,,Very_Low,3-4 calls
SUB4763024,36,6,39.76,2,0.051,0,,Very_Low,1-2 calls
SUB5833177,24,1,80.61,1,0.143,0,,Very_Low,1-2 calls
SUB9272841,3,6,25.54,1,0.41,0,,Medium,1-2 calls
SUB4353597,3,12,15.62,1,0.22,1,Price Too High,Low,1-2 calls
SUB9454561,1,6,83.68,4,0.741,0,,High,3-4 calls
SUB3597480,18,6,19.49,2,0.236,0,,Low,1-2 calls
SUB5197571,12,24,115.61,3,0.456,1,Network Quality Issues,Medium,3-4 calls
SUB7374201,36,1,12.54,5,0.382,1,Network Quality Issues,Low,5+ calls
SUB7118900,60,6,15.25,1,0.079,0,,Very_Low,1-2 calls
SUB3922097,36,6,38.94,3,0.165,0,,Very_Low,3-4 calls
SUB1157164,1,3,52.76,2,0.191,0,,Very_Low,1-2 calls
SUB1531831,48,6,67.3,2,0.048,0,,Very_Low,1-2 calls
SUB3989475,3,6,5.91,1,0.294,0,,Low,1-2 calls
SUB4369720,12,24,28.45,4,0.369,1,Poor Customer Service,Low,3-4 calls
SUB5711075,6,6,49.5,0,0.126,0,,Very_Low,0 calls
SUB8122313,3,6,28.25,1,0.532,1,Price Too High,Medium,1-2 calls
SUB7854500,3,3,23.59,0,0.252,1,Price Too High,Low,0 calls
SUB3640328,6,1,31.21,0,0.164,1,Network Quality Issues,Very_Low,0 calls
SUB8326434,1,3,34.46,1,0.21,0,,Low,1-2 calls
SUB6063778,1,1,28.75,3,0.614,1,Network Quality Issues,High,3-4 calls
SUB4970001,24,24,14.45,3,0.22,0,,Low,3-4 calls
SUB1070640,18,3,29.97,2,0.205,0,,Low,1-2 calls
SUB5122263,1,24,6.27,1,0.546,1,Network Quality Issues,Medium,1-2 calls
SUB5594877,12,24,43.66,1,0.164,0,,Very_Low,1-2 calls
SUB2355531,18,12,58.65,5,0.103,0,,Very_Low,5+ calls
SUB1675510,1,24,5.08,0,0.336,0,,Low,0 calls
SUB4741196,60,24,13.0,4,0.205,1,Price Too High,Low,3-4 calls
SUB7990102,36,12,14.43,1,0.273,0,,Low,1-2 calls
SUB3734296,6,12,56.95,0,0.088,1,Network Quality Issues,Very_Low,0 calls
SUB7706024,12,24,8.84,0,0.101,0,,Very_Low,0 calls
SUB1898320,12,24,100.81,1,0.063,0,,Very_Low,1-2 calls
SUB6781565,6,1,24.27,0,0.189,0,,Very_Low,0 calls
SUB3007635,24,6,17.25,1,0.205,0,,Low,1-2 calls
SUB4264908,18,12,14.63,2,0.273,1,Service Not Needed,Low,1-2 calls
SUB5260538,36,12,33.7,3,0.143,0,,Very_Low,3-4 calls
SUB7486460,1,6,40.12,1,0.105,1,Network Quality Issues,Very_Low,1-2 calls
SUB7197323,18,12,35.49,0,0.126,0,,Very_Low,0 calls
SUB4621581,60,1,19.03,2,0.118,0,,Very_Low,1-2 calls
SUB5246238,24,12,22.72,3,0.354,1,Network Quality Issues,Low,3-4 calls
SUB6963135,6,6,15.04,1,0.236,1,Relocation/Moving,Low,1-2 calls
SUB9814131,3,12,25.19,1,0.157,0,,Very_Low,1-2 calls
SUB4599865,12,12,21.63,1,0.369,1,Price Too High,Low,1-2 calls
SUB6382287,12,1,58.44,4,0.172,1,Poor Customer Service,Very_Low,3-4 calls
SUB8990340,18,6,19.07,0,0.126,0,,Very_Low,0 calls
SUB2039458,1,12,15.63,2,0.315,0,,Low,1-2 calls
SUB4772811,12,6,18.34,0,0.197,1,Network Quality Issues,Very_Low,0 calls
SUB3317336,36,12,11.32,0,0.082,0,,Very_Low,0 calls
SUB3763642,18,24,41.26,2,0.157,0,,Very_Low,1-2 calls
SUB8689684,12,1,22.41,2,0.132,0,,Very_Low,1-2 calls
SUB4788340,6,3,12.0,1,0.41,0,,Medium,1-2 calls
SUB1197775,6,6,119.36,4,0.154,0,,Very_Low,3-4 calls
SUB3386488,24,12,23.81,1,0.143,1,Price Too High,Very_Low,1-2 calls
SUB1787494,12,6,16.46,1,0.246,0,,Low,1-2 calls
SUB6851244,6,1,68.82,2,0.165,0,,Very_Low,1-2 calls
SUB6332660,24,6,5.76,0,0.168,0,,Very_Low,0 calls
SUB7837433,6,12,116.92,1,0.133,0,,Very_Low,1-2 calls
SUB6083769,1,12,20.63,0,0.328,0,,Low,0 calls
SUB1533636,12,24,41.38,1,0.164,0,,Very_Low,1-2 calls
SUB5232406,6,12,83.99,3,0.248,1,Better Competitor Offer,Low,3-4 calls
SUB3276360,1,6,108.18,2,0.136,0,,Very_Low,1-2 calls
SUB5408249,12,3,39.66,3,0.526,1,Relocation/Moving,Medium,3-4 calls
SUB5426219,36,24,40.62,0,0.042,0,,Very_Low,0 calls
SUB9914438,18,12,49.04,3,0.236,0,,Low,3-4 calls
SUB2332397,1,12,25.55,3,0.614,1,Relocation/Moving,High,3-4 calls
SUB8517836,12,6,81.26,2,0.132,0,,Very_Low,1-2 calls
SUB7646705,6,3,9.9,2,0.614,1,Network Quality Issues,High,1-2 calls
SUB6462810,18,12,43.59,0,0.084,0,,Very_Low,0 calls
SUB9905921,12,24,41.96,0,0.101,0,,Very_Low,0 calls
SUB7903836,3,6,115.72,0,0.164,0,,Very_Low,0 calls
SUB7243669,12,12,40.68,3,0.283,0,,Low,3-4 calls
SUB2286643,48,1,65.45,4,0.083,1,Network Quality Issues,Very_Low,3-4 calls
SUB9315390,12,24,11.17,1,0.176,0,,Very_Low,1-2 calls
SUB7200646,36,24,14.42,0,0.118,0,,Very_Low,0 calls
SUB7983896,12,6,48.5,2,0.189,0,,Very_Low,1-2 calls
SUB9783148,24,6,44.49,1,0.136,1,Network Quality Issues,Very_Low,1-2 calls
SUB6409861,24,3,31.94,5,0.21,0,,Low,5+ calls
SUB5939003,24,3,89.56,0,0.041,0,,Very_Low,0 calls
SUB7311326,18,12,19.63,1,0.079,0,,Very_Low,1-2 calls
SUB6146386,60,12,41.73,2,0.068,0,,Very_Low,1-2 calls
SUB9415398,48,6,5.63,1,0.205,1,Relocation/Moving,Low,1-2 calls
SUB1448345,6,6,20.01,0,0.527,1,Service Not Needed,Medium,0 calls
SUB8827494,18,12,8.0,2,0.147,0,,Very_Low,1-2 calls
SUB4685501,18,24,82.71,1,0.037,0,,Very_Low,1-2 calls
SUB2879490,3,1,45.72,4,0.41,1,Network Quality Issues,Medium,3-4 calls
SUB5984445,6,12,29.58,3,0.461,1,Price Too High,Medium,3-4 calls
SUB7939705,6,1,40.15,1,0.205,0,,Low,1-2 calls
SUB8002587,6,6,28.94,2,0.307,1,Price Too High,Low,1-2 calls
SUB7742471,36,6,76.7,2,0.067,0,,Very_Low,1-2 calls
SUB2454908,24,3,34.17,5,0.3,0,,Low,5+ calls
SUB4319144,24,3,12.81,1,0.409,0,,Medium,1-2 calls
SUB9693670,48,6,92.91,0,0.027,0,,Very_Low,0 calls
SUB6806466,12,1,13.66,1,0.252,1,Network Quality Issues,Low,1-2 calls
SUB6744588,36,3,66.54,3,0.116,0,,Very_Low,3-4 calls
SUB6304509,18,1,29.15,2,0.236,1,Price Too High,Low,1-2 calls
SUB8668216,12,3,25.78,1,0.319,0,,Low,1-2 calls
SUB5949499,3,12,84.04,0,0.118,0,,Very_Low,0 calls
SUB3387312,12,12,5.55,0,0.141,0,,Very_Low,0 calls
SUB4693976,3,24,91.76,1,0.157,0,,Very_Low,1-2 calls
SUB7062903,6,6,22.46,2,0.307,0,,Low,1-2 calls
SUB5408224,6,24,24.58,0,0.246,1,Price Too High,Low,0 calls
SUB5035493,24,3,34.45,3,0.157,0,,Very_Low,3-4 calls
SUB6703737,12,1,8.6,3,0.378,0,,Low,3-4 calls
SUB2871403,24,24,33.34,3,0.11,0,,Very_Low,3-4 calls
SUB6747372,36,12,95.94,4,0.072,0,,Very_Low,3-4 calls
SUB5848287,18,6,74.22,1,0.052,0,,Very_Low,1-2 calls
SUB6658796,12,24,21.84,2,0.123,0,,Very_Low,1-2 calls
SUB1821052,36,12,61.92,3,0.054,0,,Very_Low,3-4 calls
SUB3225300,18,24,118.28,2,0.052,0,,Very_Low,1-2 calls
SUB2855567,36,3,14.43,1,0.191,0,,Very_Low,1-2 calls
SUB2534837,6,24,35.45,3,0.307,1,Network Quality Issues,Low,3-4 calls
SUB4338442,18,12,16.14,1,0.236,0,,Low,1-2 calls
SUB5926203,3,12,105.51,5,0.315,0,,Low,5+ calls
SUB1423570,18,6,55.94,3,0.11,0,,Very_Low,3-4 calls
SUB3373139,18,3,55.71,2,0.074,0,,Very_Low,1-2 calls
SUB6221816,18,6,84.18,2,0.049,0,,Very_Low,1-2 calls
SUB3114792,18,12,24.72,1,0.307,0,,Low,1-2 calls
SUB9441136,12,12,8.58,2,0.378,1,Network Quality Issues,Low,1-2 calls
SUB2873421,3,6,25.07,1,0.22,0,,Low,1-2 calls
SUB7550670,24,12,27.17,3,0.307,0,,Low,3-4 calls
SUB7081950,12,12,49.96,2,0.27,1,Service Not Needed,Low,1-2 calls
SUB7925877,60,12,65.42,0,0.021,0,,Very_Low,0 calls
SUB6967106,12,3,22.93,0,0.106,0,,Very_Low,0 calls
SUB6118922,12,6,34.07,1,0.304,0,,Low,1-2 calls
SUB8177545,18,12,64.01,3,0.077,0,,Very_Low,3-4 calls
SUB6122783,18,24,25.15,1,0.157,0,,Very_Low,1-2 calls
SUB6528983,3,12,24.61,1,0.22,1,Service Not Needed,Low,1-2 calls
SUB1160775,6,24,36.77,1,0.236,0,,Low,1-2 calls
SUB8349369,6,3,22.92,1,0.461,1,Relocation/Moving,Medium,1-2 calls
SUB3667867,1,3,88.05,6,0.21,0,,Low,5+ calls
SUB7655623,1,6,29.32,1,0.472,0,,Medium,1-2 calls
SUB8686841,18,12,86.78,2,0.157,0,,Very_Low,1-2 calls
SUB7978737,12,6,33.99,1,0.082,0,,Very_Low,1-2 calls
SUB2344027,36,6,8.63,3,0.287,1,Price Too High,Low,3-4 calls
SUB5166500,6,6,5.62,2,0.315,0,,Low,1-2 calls
SUB8467048,24,6,22.66,2,0.11,1,Price Too High,Very_Low,1-2 calls
SUB8884479,3,1,11.97,1,0.21,0,,Low,1-2 calls
SUB1497562,24,24,20.99,2,0.11,0,,Very_Low,1-2 calls
SUB5578238,48,12,37.75,5,0.177,0,,Very_Low,5+ calls
SUB5037776,18,24,47.71,2,0.136,0,,Very_Low,1-2 calls
SUB5010912,24,6,36.68,3,0.236,0,,Low,3-4 calls
SUB5511732,60,6,9.08,5,0.273,0,,Low,5+ calls
SUB6562067,12,24,48.38,1,0.164,0,,Very_Low,1-2 calls
SUB6237196,1,24,23.73,2,0.315,1,Network Quality Issues,Low,1-2 calls
SUB5885211,18,24,85.16,4,0.102,0,,Very_Low,3-4 calls
SUB7126319,1,12,97.51,3,0.112,0,,Very_Low,3-4 calls
SUB2600396,18,3,79.29,2,0.105,0,,Very_Low,1-2 calls
SUB4311149,18,12,52.74,0,0.059,0,,Very_Low,0 calls
SUB9511010,18,12,6.51,5,0.546,1,Price Too High,Medium,5+ calls
SUB3496081,3,24,10.3,3,0.945,1,Price Too High,Very_High,3-4 calls
SUB1575278,1,6,69.02,0,0.153,1,Network Quality Issues,Very_Low,0 calls
SUB6187480,48,3,17.07,3,0.083,1,Network Quality Issues,Very_Low,3-4 calls
SUB2178049,12,3,34.96,5,0.702,1,Poor Customer Service,High,5+ calls
SUB4080201,6,3,83.73,2,0.143,0,,Very_Low,1-2 calls
SUB8136029,24,12,35.35,1,0.105,0,,Very_Low,1-2 calls
SUB4464442,48,24,6.03,3,0.236,0,,Low,3-4 calls
SUB4314692,12,6,26.56,2,0.246,0,,Low,1-2 calls
SUB5719607,1,3,9.82,2,0.546,1,Price Too High,Medium,1-2 calls
SUB7285088,18,6,73.74,3,0.266,0,,Low,3-4 calls
SUB2110389,48,12,41.54,5,0.105,0,,Very_Low,5+ calls
SUB9416320,60,12,110.53,2,0.026,0,,Very_Low,1-2 calls
SUB4912942,24,12,81.44,3,0.158,1,Better Competitor Offer,Very_Low,3-4 calls
SUB9501424,6,3,10.21,4,0.331,0,,Low,3-4 calls
SUB8468810,6,24,13.09,1,0.409,1,Network Quality Issues,Medium,1-2 calls
SUB2635156,3,6,47.59,1,0.105,0,,Very_Low,1-2 calls
SUB9523838,24,6,85.83,3,0.118,0,,Very_Low,3-4 calls
SUB6001045,3,24,29.87,2,0.315,0,,Low,1-2 calls
SUB5463418,12,24,88.46,2,0.115,0,,Very_Low,1-2 calls
SUB5345760,12,24,15.63,3,0.479,0,,Medium,3-4 calls
SUB8153768,12,3,20.78,1,0.284,1,Price Too High,Low,1-2 calls
SUB4251298,3,24,94.08,1,0.292,0,,Low,1-2 calls
SUB5465150,6,6,7.43,1,0.614,0,,High,1-2 calls
SUB9389012,18,3,73.32,3,0.165,1,Better Competitor Offer,Very_Low,3-4 calls
SUB8249903,24,24,7.51,4,0.157,0,,Very_Low,3-4 calls
SUB5897590,18,3,54.36,3,0.077,0,,Very_Low,3-4 calls
SUB7189573,60,24,69.62,2,0.037,0,,Very_Low,1-2 calls
SUB2323483,18,1,118.31,1,0.052,0,,Very_Low,1-2 calls
SUB2722320,6,6,12.67,1,0.157,1,Service Not Needed,Very_Low,1-2 calls
SUB3332517,12,1,12.25,4,0.491,1,Price Too High,Medium,3-4 calls
SUB4196340,36,24,49.43,0,0.115,0,,Very_Low,0 calls
SUB9551881,6,1,17.21,1,0.307,0,,Low,1-2 calls
SUB6387408,24,12,31.66,1,0.105,0,,Very_Low,1-2 calls
SUB6692493,24,12,31.79,2,0.254,0,,Low,1-2 calls
SUB9247752,48,12,7.04,3,0.266,0,,Low,3-4 calls
SUB2087341,12,12,87.97,3,0.479,1,Network Quality Issues,Medium,3-4 calls
SUB7195200,6,1,65.81,1,0.055,0,,Very_Low,1-2 calls
SUB4977266,12,6,106.23,0,0.085,0,,Very_Low,0 calls
SUB6558956,60,6,18.78,2,0.039,0,,Very_Low,1-2 calls
SUB4031756,48,24,23.77,3,0.165,0,,Very_Low,3-4 calls
SUB1843523,6,12,8.56,1,0.95,1,Price Too High,Very_High,1-2 calls
SUB9934845,3,12,12.01,2,0.42,0,,Medium,1-2 calls
SUB5040479,12,6,23.54,3,0.369,1,Price Too High,Low,3-4 calls
SUB1092193,3,24,88.1,2,0.157,0,,Very_Low,1-2 calls
SUB2186887,24,1,9.29,1,0.315,0,,Low,1-2 calls
SUB9896761,1,3,19.66,2,0.22,0,,Low,1-2 calls
SUB4334817,6,12,11.4,4,0.614,1,Price Too High,High,3-4 calls
SUB3715514,1,12,25.1,1,0.472,0,,Medium,1-2 calls
SUB3658571,6,12,12.3,1,0.41,0,,Medium,1-2 calls
SUB5834357,1,6,49.4,1,0.105,0,,Very_Low,1-2 calls
SUB8102173,18,3,20.35,1,0.205,0,,Low,1-2 calls
SUB5892472,18,3,5.51,1,0.105,0,,Very_Low,1-2 calls
SUB1481680,3,3,10.35,2,0.546,0,,Medium,1-2 calls
SUB6165679,3,6,39.15,2,0.273,0,,Low,1-2 calls
SUB7180142,6,24,21.15,2,0.354,0,,Low,1-2 calls
SUB6287118,24,6,14.22,3,0.532,1,Network Quality Issues,Medium,3-4 calls
SUB5100673,3,24,111.29,1,0.105,0,,Very_Low,1-2 calls
SUB2534026,3,1,23.6,3,0.709,1,Price Too High,High,3-4 calls
SUB9704434,12,3,43.9,1,0.95,0,,Very_High,1-2 calls
SUB4467366,36,1,105.66,2,0.037,0,,Very_Low,1-2 calls
SUB1327359,6,12,29.13,4,0.354,0,,Low,3-4 calls
SUB1317537,3,1,81.56,0,0.082,0,,Very_Low,0 calls
SUB7953757,12,12,86.3,2,0.082,0,,Very_Low,1-2 calls
SUB1550222,24,1,9.14,1,0.273,1,Network Quality Issues,Low,1-2 calls
SUB5975026,18,6,90.21,5,0.075,0,,Very_Low,5+ calls
SUB8795134,12,6,8.17,4,0.265,0,,Low,3-4 calls
SUB3573619,1,3,22.14,1,0.157,0,,Very_Low,1-2 calls
SUB3453752,6,12,73.8,2,0.143,0,,Very_Low,1-2 calls
SUB8265760,48,6,115.78,1,0.034,0,,Very_Low,1-2 calls
SUB2353038,6,3,51.95,1,0.11,0,,Very_Low,1-2 calls
SUB9639483,18,24,13.01,4,0.614,1,Price Too High,High,3-4 calls
SUB5657693,48,12,48.05,1,0.037,0,,Very_Low,1-2 calls
SUB5264694,12,1,39.83,3,0.189,0,,Very_Low,3-4 calls
SUB1707689,12,12,26.71,2,0.284,0,,Low,1-2 calls
SUB2296516,3,3,99.57,5,0.315,1,Better Competitor Offer,Low,5+ calls
SUB4463351,60,24,18.33,4,0.107,0,,Very_Low,3-4 calls
SUB2854971,3,12,24.6,1,0.614,1,Service Not Needed,High,1-2 calls
SUB2849396,12,12,14.4,1,0.378,1,Price Too High,Low,1-2 calls
SUB3691276,3,1,28.59,2,0.95,1,Network Quality Issues,Very_High,1-2 calls
SUB3526954,6,24,56.78,1,0.236,0,,Low,1-2 calls
SUB7549546,36,1,21.92,1,0.055,0,,Very_Low,1-2 calls
SUB9007407,18,6,76.52,3,0.143,0,,Very_Low,3-4 calls
SUB8385034,1,12,10.33,3,0.63,0,,High,3-4 calls
SUB8063410,60,6,21.67,1,0.039,0,,Very_Low,1-2 calls
SUB9001482,24,24,64.27,3,0.143,1,Network Quality Issues,Very_Low,3-4 calls
SUB2072647,60,24,11.98,5,0.273,1,Poor Customer Service,Low,5+ calls
SUB2631107,24,1,30.35,4,0.205,0,,Low,3-4 calls
SUB6106563,24,12,64.18,4,0.143,0,,Very_Low,3-4 calls
SUB9234679,18,1,31.07,2,0.136,0,,Very_Low,1-2 calls
SUB7463768,12,12,38.71,1,0.18,0,,Very_Low,1-2 calls
SUB6606594,6,12,74.46,0,0.088,1,Relocation/Moving,Very_Low,0 calls
SUB2950367,12,6,89.27,1,0.044,0,,Very_Low,1-2 calls
SUB2910705,3,12,9.55,5,0.546,0,,Medium,5+ calls
SUB2601596,24,12,55.16,2,0.067,0,,Very_Low,1-2 calls
SUB4791481,60,12,8.03,1,0.074,0,,Very_Low,1-2 calls
SUB6123122,18,6,12.65,2,0.147,0,,Very_Low,1-2 calls
SUB8757202,36,1,25.55,4,0.248,0,,Low,3-4 calls
SUB7348564,3,12,118.43,2,0.136,0,,Very_Low,1-2 calls
SUB5150276,36,3,39.68,4,0.158,1,Poor Customer Service,Very_Low,3-4 calls
SUB6723601,48,12,28.75,3,0.118,0,,Very_Low,3-4 calls
SUB6354075,36,12,11.72,2,0.22,0,,Low,1-2 calls
SUB6279548,18,3,117.57,1,0.068,0,,Very_Low,1-2 calls
SUB3382357,48,3,19.26,1,0.102,0,,Very_Low,1-2 calls
SUB8904069,60,6,20.6,0,0.082,0,,Very_Low,0 calls
SUB3245131,24,12,100.61,2,0.037,0,,Very_Low,1-2 calls
SUB5246049,12,12,49.14,2,0.176,0,,Very_Low,1-2 calls
SUB9480473,36,6,9.68,1,0.103,0,,Very_Low,1-2 calls
SUB6455770,12,6,21.35,0,0.106,0,,Very_Low,0 calls
SUB2072200,6,6,119.31,2,0.133,0,,Very_Low,1-2 calls
SUB3906158,6,6,82.98,0,0.082,0,,Very_Low,0 calls
SUB2222869,3,12,10.96,1,0.546,1,Price Too High,Medium,1-2 calls
SUB4125354,18,12,28.26,2,0.157,1,Price Too High,Very_Low,1-2 calls
SUB5782883,18,6,9.0,2,0.315,1,Price Too High,Low,1-2 calls
SUB7501632,36,12,48.61,1,0.074,0,,Very_Low,1-2 calls
SUB4982588,18,12,85.28,5,0.147,0,,Very_Low,5+ calls
SUB9083123,24,12,27.57,2,0.205,0,,Low,1-2 calls
SUB7160686,18,6,63.67,2,0.048,0,,Very_Low,1-2 calls
SUB1635605,18,1,89.8,4,0.158,0,,Very_Low,3-4 calls
SUB8479821,6,12,85.29,0,0.132,0,,Very_Low,0 calls
SUB5583897,60,12,87.09,5,0.068,0,,Very_Low,5+ calls
SUB8413718,18,3,28.35,3,0.236,1,Network Quality Issues,Low,3-4 calls
SUB1067661,18,12,15.76,3,0.399,1,Price Too High,Low,3-4 calls
SUB7859991,36,12,67.06,0,0.062,0,,Very_Low,0 calls
SUB8585153,12,3,53.37,4,0.132,0,,Very_Low,3-4 calls
SUB6914988,1,3,6.14,0,0.168,0,,Very_Low,0 calls
SUB7558221,6,3,82.41,3,0.215,0,,Low,3-4 calls
SUB2307506,24,12,8.76,1,0.105,0,,Very_Low,1-2 calls
SUB3901614,24,3,14.53,1,0.273,1,Service Not Needed,Low,1-2 calls
SUB3966422,3,12,13.99,4,0.95,1,Network Quality Issues,Very_High,3-4 calls
SUB4708654,1,12,118.91,2,0.105,0,,Very_Low,1-2 calls
SUB8315436,18,12,31.6,2,0.136,0,,Very_Low,1-2 calls
SUB1118033,48,24,13.25,4,0.266,1,Poor Customer Service,Low,3-4 calls
SUB6872354,3,24,104.38,2,0.105,0,,Very_Low,1-2 calls
SUB2215502,12,12,77.1,3,0.246,0,,Low,3-4 calls
SUB3319049,24,1,71.0,7,0.331,0,,Low,5+ calls
SUB7292518,12,3,18.6,3,0.184,0,,Very_Low,3-4 calls
SUB8587768,6,24,14.38,1,0.22,1,Price Too High,Low,1-2 calls
SUB4720464,24,1,45.84,0,0.042,0,,Very_Low,0 calls
SUB3192614,24,24,51.12,2,0.096,0,,Very_Low,1-2 calls
SUB1770173,36,12,42.7,3,0.154,0,,Very_Low,3-4 calls
SUB6642264,48,1,45.91,3,0.684,1,Network Quality Issues,High,3-4 calls
SUB1467010,3,24,50.47,2,0.22,0,,Low,1-2 calls
SUB2655016,6,24,21.87,1,0.165,0,,Very_Low,1-2 calls
SUB5221038,60,12,61.51,0,0.082,0,,Very_Low,0 calls
SUB9376430,18,6,26.96,2,0.157,0,,Very_Low,1-2 calls
SUB4880993,18,12,8.4,2,0.355,1,Service Not Needed,Low,1-2 calls
SUB3568103,36,12,25.05,1,0.165,0,,Very_Low,1-2 calls
SUB9469872,18,12,55.43,0,0.059,0,,Very_Low,0 calls
SUB9411883,18,12,88.72,3,0.19,0,,Very_Low,3-4 calls
SUB7482532,3,1,22.67,1,0.315,0,,Low,1-2 calls
SUB6196467,12,1,7.07,1,0.426,0,,Medium,1-2 calls
SUB6952793,18,3,6.64,2,0.105,0,,Very_Low,1-2 calls
SUB9961343,24,6,113.7,0,0.078,0,,Very_Low,0 calls
SUB3000609,12,12,54.49,3,0.132,0,,Very_Low,3-4 calls
SUB3697143,3,3,113.17,1,0.146,1,Better Competitor Offer,Very_Low,1-2 calls
SUB2314532,6,12,87.21,4,0.118,1,Poor Customer Service,Very_Low,3-4 calls
SUB1421240,12,3,26.1,0,0.227,1,Price Too High,Low,0 calls
SUB1944789,24,6,11.18,1,0.409,1,Network Quality Issues,Medium,1-2 calls
SUB3213573,1,24,41.75,3,0.315,0,,Low,3-4 calls
SUB9914501,12,24,13.68,2,0.328,1,Network Quality Issues,Low,1-2 calls
SUB3255363,12,24,13.6,1,0.328,1,Relocation/Moving,Low,1-2 calls
SUB9375741,18,12,17.8,2,0.236,0,,Low,1-2 calls
SUB6056861,60,12,68.65,5,0.124,0,,Very_Low,5+ calls
SUB7436446,24,24,32.01,3,0.205,0,,Low,3-4 calls
SUB5148887,6,1,17.44,7,0.354,0,,Low,5+ calls
SUB4668866,18,24,45.32,4,0.157,1,Network Quality Issues,Very_Low,3-4 calls
SUB5612338,6,6,11.36,1,0.292,1,Service Not Needed,Low,1-2 calls
SUB2033255,24,12,58.54,1,0.068,0,,Very_Low,1-2 calls
SUB8082212,3,12,73.32,2,0.22,1,Better Competitor Offer,Low,1-2 calls
SUB9202787,3,12,25.11,1,0.76,1,Price Too High,High,1-2 calls
SUB5989847,3,24,44.57,1,0.147,0,,Very_Low,1-2 calls
SUB9929285,12,3,32.47,3,0.369,0,,Low,3-4 calls
SUB8643603,3,12,5.15,2,0.546,1,Relocation/Moving,Medium,1-2 calls
SUB4094235,1,6,29.07,1,0.205,0,,Low,1-2 calls
SUB6986126,6,12,93.62,1,0.118,0,,Very_Low,1-2 calls
SUB3859653,24,6,12.71,2,0.273,0,,Low,1-2 calls
SUB1387952,3,24,39.36,3,0.315,0,,Low,3-4 calls
SUB2030117,6,6,56.96,1,0.143,0,,Very_Low,1-2 calls
SUB3896818,12,12,18.1,6,0.567,0,,Medium,5+ calls
SUB3357821,36,6,18.77,2,0.186,0,,Very_Low,1-2 calls
SUB9913742,12,12,99.41,2,0.123,0,,Very_Low,1-2 calls
SUB6584263,12,12,22.44,1,0.189,0,,Very_Low,1-2 calls
SUB1244761,6,24,56.57,1,0.077,0,,Very_Low,1-2 calls
SUB9386180,18,1,84.78,2,0.143,0,,Very_Low,1-2 calls
SUB1064323,1,1,79.29,0,0.118,0,,Very_Low,0 calls
SUB2237715,60,12,91.45,2,0.034,0,,Very_Low,1-2 calls
SUB9040979,12,12,76.61,4,0.246,1,Poor Customer Service,Low,3-4 calls
SUB1954480,1,12,56.24,4,0.331,0,,Low,3-4 calls
SUB7681134,18,24,95.53,0,0.132,0,,Very_Low,0 calls
SUB1854016,12,3,93.67,2,0.094,0,,Very_Low,1-2 calls
SUB6347417,6,12,111.31,1,0.055,0,,Very_Low,1-2 calls
SUB6809701,3,24,52.64,2,0.074,0,,Very_Low,1-2 calls
SUB9671370,6,24,7.91,4,0.614,1,Poor Customer Service,High,3-4 calls
SUB3883427,3,12,75.79,3,0.41,0,,Medium,3-4 calls
SUB2416012,12,6,10.9,3,0.567,0,,Medium,3-4 calls
SUB6752810,36,24,20.85,0,0.088,0,,Very_Low,0 calls
SUB1571650,48,12,6.25,3,0.157,1,Relocation/Moving,Very_Low,3-4 calls
SUB5476576,60,6,115.64,3,0.095,0,,Very_Low,3-4 calls
SUB9774533,18,12,24.35,1,0.236,0,,Low,1-2 calls
SUB3863793,18,3,77.46,2,0.074,0,,Very_Low,1-2 calls
SUB5909047,6,12,49.22,0,0.126,1,Network Quality Issues,Very_Low,0 calls
SUB7881289,36,12,12.33,5,0.268,1,Poor Customer Service,Low,5+ calls
SUB8422212,12,1,42.4,3,0.491,1,Service Not Needed,Medium,3-4 calls
SUB4757974,6,24,82.42,0,0.044,0,,Very_Low,0 calls
SUB9791689,60,6,107.76,2,0.056,0,,Very_Low,1-2 calls
SUB8211179,24,6,13.84,4,0.472,1,Network Quality Issues,Medium,3-4 calls
SUB9767500,12,3,21.22,2,0.246,0,,Low,1-2 calls
SUB5199591,1,3,83.87,2,0.22,0,,Low,1-2 calls
SUB6500545,3,3,13.15,2,0.71,1,Price Too High,High,1-2 calls
SUB9291923,3,12,16.67,3,0.878,1,Network Quality Issues,Very_High,3-4 calls
SUB4154240,48,1,22.38,1,0.079,0,,Very_Low,1-2 calls
SUB8796324,60,6,58.93,2,0.048,0,,Very_Low,1-2 calls
SUB9112074,6,24,19.69,3,0.177,1,Price Too High,Very_Low,3-4 calls
SUB3190222,12,3,44.39,0,0.365,0,,Low,0 calls
SUB3719269,24,24,96.79,0,0.071,0,,Very_Low,0 calls
SUB8235574,12,1,62.13,2,0.088,0,,Very_Low,1-2 calls
SUB6672354,12,12,25.02,1,0.132,0,,Very_Low,1-2 calls
SUB6205597,36,6,34.02,2,0.096,0,,Very_Low,1-2 calls
SUB6284958,3,3,18.76,2,0.614,1,Relocation/Moving,High,1-2 calls
SUB1786667,60,12,11.6,2,0.105,0,,Very_Low,1-2 calls
SUB2712503,12,1,16.68,4,0.425,0,,Medium,3-4 calls
SUB4609736,6,6,17.63,2,0.354,0,,Low,1-2 calls
SUB9060833,36,12,33.06,1,0.074,0,,Very_Low,1-2 calls
SUB7638155,1,3,104.11,3,0.205,0,,Low,3-4 calls
SUB2384418,18,6,110.7,2,0.098,0,,Very_Low,1-2 calls
SUB1386594,1,1,12.67,2,0.71,1,Relocation/Moving,High,1-2 calls
SUB3869760,48,24,49.63,2,0.038,0,,Very_Low,1-2 calls
SUB2092501,18,6,9.88,3,0.157,0,,Very_Low,3-4 calls
SUB6238331,12,1,36.44,4,0.319,0,,Low,3-4 calls
SUB9525631,12,3,7.44,3,0.491,0,,Medium,3-4 calls
SUB2135964,3,3,98.93,0,0.142,1,Better Competitor Offer,Very_Low,0 calls
SUB3155748,6,3,81.75,4,0.2,0,,Very_Low,3-4 calls
SUB4925282,48,12,12.81,2,0.136,0,,Very_Low,1-2 calls
SUB1873172,24,24,77.76,2,0.074,0,,Very_Low,1-2 calls
SUB9910852,18,3,39.08,3,0.205,0,,Low,3-4 calls
SUB6655378,60,6,38.77,1,0.127,0,,Very_Low,1-2 calls
SUB5873594,18,12,33.47,0,0.126,0,,Very_Low,0 calls
SUB5063309,3,3,60.69,2,0.191,0,,Very_Low,1-2 calls
SUB7941245,24,3,119.19,0,0.055,0,,Very_Low,0 calls
SUB8817304,18,3,70.54,4,0.143,0,,Very_Low,3-4 calls
SUB1829735,12,24,40.51,1,0.126,0,,Very_Low,1-2 calls
SUB8021862,3,12,64.26,2,0.273,0,,Low,1-2 calls
SUB9351245,18,6,119.18,0,0.055,0,,Very_Low,0 calls
SUB6282591,12,24,23.51,3,0.283,1,Relocation/Moving,Low,3-4 calls
SUB8483058,18,24,14.37,2,0.273,0,,Low,1-2 calls
SUB3562469,6,6,70.62,3,0.248,1,Network Quality Issues,Low,3-4 calls
SUB4086176,3,12,118.0,3,0.157,1,Better Competitor Offer,Very_Low,3-4 calls
SUB7509590,6,6,6.69,8,0.95,1,Poor Customer Service,Very_High,5+ calls
SUB6345854,36,3,29.72,2,0.205,0,,Low,1-2 calls
SUB8490200,3,12,13.76,4,0.63,0,,High,3-4 calls
SUB5883680,12,12,87.67,0,0.035,0,,Very_Low,0 calls
SUB4681262,6,6,97.46,0,0.032,0,,Very_Low,0 calls
SUB5633078,60,1,32.26,1,0.102,0,,Very_Low,1-2 calls
SUB3609089,1,12,27.26,2,0.157,0,,Very_Low,1-2 calls
SUB3508749,6,6,99.4,1,0.102,0,,Very_Low,1-2 calls
SUB1914228,12,1,12.36,4,0.378,0,,Low,3-4 calls
SUB1953959,6,1,83.04,2,0.57,1,Relocation/Moving,Medium,1-2 calls
SUB8905477,24,12,29.76,5,0.22,0,,Low,5+ calls
SUB4369538,12,12,43.21,3,0.283,0,,Low,3-4 calls
SUB1345266,24,3,32.63,2,0.074,1,Network Quality Issues,Very_Low,1-2 calls
SUB5537358,18,1,34.96,2,0.157,1,Relocation/Moving,Very_Low,1-2 calls
SUB7867100,12,24,100.99,1,0.063,0,,Very_Low,1-2 calls
SUB6275034,6,1,112.01,5,0.205,0,,Low,5+ calls
SUB8553974,6,1,88.5,3,0.248,1,Better Competitor Offer,Low,3-4 calls
SUB7097091,6,12,8.91,5,0.945,1,Relocation/Moving,Very_High,5+ calls
SUB4177993,3,3,16.38,1,0.532,1,Price Too High,Medium,1-2 calls
SUB8705092,36,12,35.83,0,0.088,0,,Very_Low,0 calls
SUB8583354,12,6,114.95,0,0.122,0,,Very_Low,0 calls
SUB4131209,12,3,37.52,0,0.131,0,,Very_Low,0 calls
SUB6813365,6,1,86.0,2,0.154,0,,Very_Low,1-2 calls
SUB5057893,12,1,98.57,1,0.063,1,Better Competitor Offer,Very_Low,1-2 calls
SUB6691276,36,12,33.4,1,0.143,0,,Very_Low,1-2 calls
SUB6397662,36,12,107.98,3,0.072,1,Better Competitor Offer,Very_Low,3-4 calls
SUB2805468,18,12,96.3,1,0.068,0,,Very_Low,1-2 calls
SUB4427975,12,12,61.22,3,0.066,0,,Very_Low,3-4 calls
SUB7356228,6,3,84.44,1,0.077,1,Network Quality Issues,Very_Low,1-2 calls
SUB9514716,18,24,83.53,3,0.266,0,,Low,3-4 calls
SUB6525633,36,12,6.38,3,0.43,0,,Medium,3-4 calls
SUB3080154,6,12,34.3,2,0.11,0,,Very_Low,1-2 calls
SUB3244702,12,3,18.84,2,0.132,0,,Very_Low,1-2 calls
SUB4377778,3,3,14.14,2,0.294,0,,Low,1-2 calls
SUB6735193,36,24,119.29,2,0.026,0,,Very_Low,1-2 calls
SUB8726890,1,6,47.3,1,0.273,0,,Low,1-2 calls
SUB6897498,24,12,24.6,3,0.461,0,,Medium,3-4 calls
SUB9357956,3,1,23.04,3,0.799,1,Network Quality Issues,High,3-4 calls
SUB9204298,24,6,92.65,3,0.19,0,,Very_Low,3-4 calls
SUB9776957,18,24,112.78,2,0.068,0,,Very_Low,1-2 calls
SUB6843493,18,24,8.88,2,0.355,0,,Low,1-2 calls
SUB4386501,18,12,115.07,2,0.127,0,,Very_Low,1-2 calls
SUB8395350,12,12,17.65,3,0.369,0,,Low,3-4 calls
SUB5588334,18,24,81.58,3,0.186,1,Better Competitor Offer,Very_Low,3-4 calls
SUB9464685,6,24,55.51,2,0.165,0,,Very_Low,1-2 calls
SUB8168362,6,24,91.09,2,0.102,0,,Very_Low,1-2 calls
SUB5327819,1,24,108.02,5,0.147,1,Network Quality Issues,Very_Low,5+ calls
SUB8284953,18,6,17.31,0,0.115,0,,Very_Low,0 calls
SUB2255564,36,12,38.01,1,0.096,0,,Very_Low,1-2 calls
SUB9514493,12,6,15.79,2,0.246,0,,Low,1-2 calls
SUB9930264,3,12,41.96,4,0.472,1,Poor Customer Service,Medium,3-4 calls
SUB5424507,36,12,47.75,0,0.059,0,,Very_Low,0 calls
SUB3792427,18,1,28.74,3,0.307,1,Price Too High,Low,3-4 calls
SUB4357679,36,1,32.66,2,0.096,0,,Very_Low,1-2 calls
SUB6748035,1,3,15.03,0,0.885,1,Price Too High,Very_High,0 calls
SUB5390020,12,12,33.76,2,0.164,0,,Very_Low,1-2 calls
SUB3681719,48,1,71.8,4,0.107,0,,Very_Low,3-4 calls
SUB1890695,18,12,18.4,4,0.354,0,,Low,3-4 calls
SUB1838761,12,24,86.75,3,0.123,0,,Very_Low,3-4 calls
SUB8367664,12,24,12.6,2,0.328,0,,Low,1-2 calls
SUB9888923,36,6,33.55,1,0.096,0,,Very_Low,1-2 calls
SUB6352825,36,12,34.11,2,0.096,1,Relocation/Moving,Very_Low,1-2 calls
SUB9887324,1,24,5.48,2,0.42,1,Relocation/Moving,Medium,1-2 calls
SUB4321127,3,24,22.16,0,0.328,0,,Low,0 calls
SUB3559272,12,6,87.5,2,0.082,0,,Very_Low,1-2 calls
SUB3276106,3,6,32.03,2,0.273,0,,Low,1-2 calls
SUB7960534,6,6,25.13,2,0.399,0,,Low,1-2 calls
SUB8374592,36,3,16.02,2,0.143,0,,Very_Low,1-2 calls
SUB7575716,12,24,96.21,3,0.263,0,,Low,3-4 calls
SUB3002324,12,6,27.6,2,0.132,0,,Very_Low,1-2 calls
SUB7262105,3,6,83.03,0,0.203,0,,Low,0 calls
SUB7671318,18,6,24.55,1,0.236,0,,Low,1-2 calls
SUB1494592,3,1,46.42,2,0.315,1,Network Quality Issues,Low,1-2 calls
SUB4578226,18,12,12.11,1,0.315,0,,Low,1-2 calls
SUB7149031,24,12,56.04,1,0.096,0,,Very_Low,1-2 calls
SUB3427540,36,3,67.57,1,0.077,0,,Very_Low,1-2 calls
SUB2715630,18,1,35.36,1,0.157,0,,Very_Low,1-2 calls
SUB1318408,6,24,6.18,3,0.614,0,,High,3-4 calls
SUB9856884,36,6,38.45,3,0.11,0,,Very_Low,3-4 calls
SUB9900019,18,12,27.04,2,0.236,1,Relocation/Moving,Low,1-2 calls
SUB4117172,6,1,18.8,3,0.461,0,,Medium,3-4 calls
SUB7304680,6,3,85.96,3,0.118,0,,Very_Low,3-4 calls
SUB5235042,6,6,52.84,2,0.079,0,,Very_Low,1-2 calls
SUB2898739,1,12,20.22,2,0.315,0,,Low,1-2 calls
SUB2017433,3,24,98.92,3,0.337,1,Network Quality Issues,Low,3-4 calls
SUB9104010,1,3,92.7,3,0.157,1,Better Competitor Offer,Very_Low,3-4 calls
SUB5661029,6,24,36.02,3,0.236,0,,Low,3-4 calls
SUB4678086,12,6,39.19,1,0.246,0,,Low,1-2 calls
SUB2581530,3,6,108.01,1,0.074,0,,Very_Low,1-2 calls
SUB3087258,36,6,33.31,3,0.186,0,,Very_Low,3-4 calls
SUB5856447,1,24,40.23,1,0.105,1,Relocation/Moving,Very_Low,1-2 calls
SUB9369066,48,3,67.39,2,0.037,0,,Very_Low,1-2 calls
SUB7857658,1,24,24.42,3,0.95,1,Price Too High,Very_High,3-4 calls
SUB1996530,36,1,115.15,4,0.055,1,Relocation/Moving,Very_Low,3-4 calls
SUB3601623,6,24,32.83,5,0.41,0,,Medium,5+ calls
SUB7231219,60,12,45.95,0,0.055,0,,Very_Low,0 calls
SUB5108997,12,24,6.71,4,0.265,0,,Low,3-4 calls
SUB4364695,1,12,18.07,2,0.315,1,Relocation/Moving,Low,1-2 calls
SUB2045482,6,1,21.91,2,0.165,0,,Very_Low,1-2 calls
SUB6786265,48,1,24.98,2,0.055,0,,Very_Low,1-2 calls
SUB6908635,6,3,69.13,2,0.055,0,,Very_Low,1-2 calls
SUB8487345,6,6,18.35,2,0.236,0,,Low,1-2 calls
SUB1570451,1,12,5.35,2,0.546,0,,Medium,1-2 calls
SUB9408424,6,1,44.33,1,0.57,1,Service Not Needed,Medium,1-2 calls
SUB1967344,6,3,32.98,1,0.292,0,,Low,1-2 calls
SUB3412149,24,12,10.56,3,0.532,0,,Medium,3-4 calls
SUB6398869,12,3,14.43,4,0.639,1,Price Too High,High,3-4 calls
SUB4352252,3,6,80.41,2,0.157,0,,Very_Low,1-2 calls
SUB4732839,24,6,6.74,1,0.147,1,Network Quality Issues,Very_Low,1-2 calls
SUB8022336,18,24,118.29,2,0.136,0,,Very_Low,1-2 calls
SUB6768927,6,1,18.6,3,0.354,1,Price Too High,Low,3-4 calls
SUB3878604,6,24,66.95,1,0.143,0,,Very_Low,1-2 calls
SUB5327858,48,6,14.48,4,0.225,0,,Low,3-4 calls
SUB8433533,18,3,66.77,2,0.074,0,,Very_Low,1-2 calls
SUB9652831,24,24,6.5,0,0.218,0,,Low,0 calls
SUB6984684,6,3,29.3,3,0.599,1,Price Too High,Medium,3-4 calls
SUB3694287,18,24,21.91,1,0.266,0,,Low,1-2 calls
SUB7511634,1,12,78.06,2,0.147,0,,Very_Low,1-2 calls
SUB5621056,18,6,90.77,2,0.068,0,,Very_Low,1-2 calls
SUB9976973,3,24,29.77,2,0.41,0,,Medium,1-2 calls
SUB1703662,18,3,21.18,4,0.154,0,,Very_Low,3-4 calls
SUB2305585,48,24,60.09,1,0.102,0,,Very_Low,1-2 calls
SUB5092097,12,12,116.94,4,0.228,0,,Low,3-4 calls
SUB3659440,6,12,40.74,3,0.307,0,,Low,3-4 calls
SUB4943645,3,12,90.07,2,0.157,0,,Very_Low,1-2 calls
SUB5495013,18,12,21.66,0,0.213,0,,Low,0 calls
SUB7094467,18,3,9.85,2,0.273,0,,Low,1-2 calls
SUB6517366,12,3,11.33,2,0.328,0,,Low,1-2 calls
SUB4448678,48,6,87.86,3,0.072,0,,Very_Low,3-4 calls
SUB6211593,60,6,27.95,2,0.079,0,,Very_Low,1-2 calls
SUB9370262,24,12,10.09,2,0.273,0,,Low,1-2 calls
SUB5846769,3,12,25.57,0,0.378,0,,Low,0 calls
SUB8449607,48,12,47.07,3,0.055,0,,Very_Low,3-4 calls
SUB5043064,6,6,14.41,2,0.799,0,,High,1-2 calls
SUB3602967,1,12,10.1,0,0.235,0,,Low,0 calls
SUB4438550,6,12,110.99,3,0.127,0,,Very_Low,3-4 calls
SUB1076218,36,24,24.27,2,0.143,0,,Very_Low,1-2 calls
SUB7878974,3,24,25.16,0,0.18,0,,Very_Low,0 calls
SUB1770044,12,1,58.57,0,0.179,0,,Very_Low,0 calls
SUB6579079,6,6,97.35,1,0.039,0,,Very_Low,1-2 calls
SUB4185714,1,6,45.22,2,0.273,0,,Low,1-2 calls
SUB2728096,18,24,26.79,1,0.439,1,Service Not Needed,Medium,1-2 calls
SUB9736347,18,12,107.87,1,0.052,0,,Very_Low,1-2 calls
SUB9860935,24,6,48.65,2,0.157,0,,Very_Low,1-2 calls
SUB8667105,12,12,26.75,1,0.526,1,Service Not Needed,Medium,1-2 calls
SUB3694946,3,1,35.8,3,0.41,0,,Medium,3-4 calls
SUB5229215,18,12,82.76,1,0.124,0,,Very_Low,1-2 calls
SUB2922135,36,12,49.26,2,0.177,0,,Very_Low,1-2 calls
SUB8021855,3,12,97.29,2,0.105,0,,Very_Low,1-2 calls
SUB1978039,3,12,39.83,1,0.292,0,,Low,1-2 calls
SUB9997354,6,24,97.31,1,0.154,1,Network Quality Issues,Very_Low,1-2 calls
SUB8352207,18,1,34.02,1,0.075,0,,Very_Low,1-2 calls
SUB1499876,12,12,24.49,4,0.142,0,,Very_Low,3-4 calls
SUB2962165,24,12,49.97,0,0.18,0,,Very_Low,0 calls
SUB8985620,1,3,13.5,6,0.95,1,Price Too High,Very_High,5+ calls
SUB1611213,24,12,15.16,0,0.088,0,,Very_Low,0 calls
SUB1768734,60,12,57.77,1,0.037,0,,Very_Low,1-2 calls
SUB8750575,1,3,76.96,0,0.082,0,,Very_Low,0 calls
SUB5241361,12,12,10.05,1,0.252,0,,Low,1-2 calls
SUB6511174,24,24,28.3,2,0.266,0,,Low,1-2 calls
SUB2839433,12,6,10.33,4,0.567,0,,Medium,3-4 calls
SUB7569632,18,24,108.15,1,0.068,0,,Very_Low,1-2 calls
SUB4672214,48,3,5.39,5,0.409,0,,Medium,5+ calls
SUB3026580,12,1,76.18,2,0.246,0,,Low,1-2 calls
SUB8229039,6,1,36.49,1,0.11,0,,Very_Low,1-2 calls
SUB8507324,24,3,48.61,2,0.136,0,,Very_Low,1-2 calls
SUB7202258,12,6,23.79,4,0.142,0,,Very_Low,3-4 calls
SUB5339235,6,12,26.04,3,0.95,1,Network Quality Issues,Very_High,3-4 calls
SUB4526737,6,1,67.92,1,0.11,0,,Very_Low,1-2 calls
SUB9790529,1,12,72.45,2,0.147,0,,Very_Low,1-2 calls
SUB3008960,48,12,52.36,3,0.039,0,,Very_Low,3-4 calls
SUB5455214,18,3,72.92,0,0.059,0,,Very_Low,0 calls
SUB9476563,60,1,13.57,1,0.157,0,,Very_Low,1-2 calls
SUB7918889,36,3,5.78,3,0.11,0,,Very_Low,3-4 calls
SUB4816446,1,3,110.56,0,0.084,0,,Very_Low,0 calls
SUB4376513,6,12,57.33,0,0.172,0,,Very_Low,0 calls
SUB2937878,6,3,54.36,1,0.205,0,,Low,1-2 calls
SUB7193956,12,6,35.43,3,0.172,0,,Very_Low,3-4 calls
SUB2705215,24,1,28.13,4,0.337,0,,Low,3-4 calls
SUB6437149,18,12,27.1,3,0.307,1,Relocation/Moving,Low,3-4 calls
SUB8271476,60,6,53.41,1,0.048,0,,Very_Low,1-2 calls
SUB7429611,48,6,103.92,3,0.028,0,,Very_Low,3-4 calls
SUB4266402,3,12,18.4,3,0.95,1,Network Quality Issues,Very_High,3-4 calls
SUB9121849,36,12,26.73,3,0.322,0,,Low,3-4 calls
SUB9104789,36,6,18.22,0,0.149,1,Price Too High,Very_Low,0 calls
SUB5108880,18,12,8.14,8,0.63,1,Poor Customer Service,High,5+ calls
SUB6499593,6,6,47.99,1,0.11,0,,Very_Low,1-2 calls
SUB5261946,3,3,97.23,1,0.177,0,,Very_Low,1-2 calls
SUB1090093,3,12,66.24,3,0.532,1,Relocation/Moving,Medium,3-4 calls
SUB2732465,6,12,118.96,1,0.219,0,,Low,1-2 calls
SUB4173584,12,24,43.01,5,0.252,0,,Low,5+ calls
SUB3859244,18,12,44.33,3,0.236,1,Relocation/Moving,Low,3-4 calls
SUB1886040,6,3,115.52,4,0.253,1,Relocation/Moving,Low,3-4 calls
SUB1322918,6,24,18.42,3,0.532,1,Relocation/Moving,Medium,3-4 calls
SUB3245909,1,3,86.42,2,0.136,0,,Very_Low,1-2 calls
SUB1116739,1,24,64.72,5,0.382,0,,Low,5+ calls
SUB2014929,48,6,29.22,1,0.102,0,,Very_Low,1-2 calls
SUB3420564,1,1,45.12,2,0.702,1,Network Quality Issues,High,1-2 calls
SUB9577064,1,3,15.4,4,0.921,1,Price Too High,Very_High,3-4 calls
SUB3653093,3,6,14.16,3,0.819,1,Price Too High,Very_High,3-4 calls
SUB4303457,24,1,23.24,3,0.118,0,,Very_Low,3-4 calls
SUB6888997,18,6,102.79,0,0.071,0,,Very_Low,0 calls
SUB7944121,18,3,74.84,0,0.059,0,,Very_Low,0 calls
SUB7238795,18,1,21.57,3,0.354,0,,Low,3-4 calls
SUB5767348,3,3,19.31,4,0.614,1,Price Too High,High,3-4 calls
SUB1716756,12,3,38.86,3,0.246,0,,Low,3-4 calls
SUB9439834,12,6,24.17,0,0.106,0,,Very_Low,0 calls
SUB7790968,18,12,43.57,3,0.205,0,,Low,3-4 calls
SUB4751198,3,12,78.33,0,0.153,0,,Very_Low,0 calls
SUB8369434,24,12,31.69,2,0.136,0,,Very_Low,1-2 calls
SUB4138145,6,6,8.82,2,0.157,0,,Very_Low,1-2 calls
SUB2226476,18,1,35.27,2,0.157,0,,Very_Low,1-2 calls
SUB5184056,12,24,24.1,2,0.132,0,,Very_Low,1-2 calls
SUB9960820,18,6,23.75,3,0.307,0,,Low,3-4 calls
SUB2500844,12,12,26.29,2,0.189,1,Relocation/Moving,Very_Low,1-2 calls
SUB4443609,12,6,16.36,0,0.197,0,,Very_Low,0 calls
SUB9752084,36,12,82.31,4,0.055,0,,Very_Low,3-4 calls
SUB2400283,12,24,63.89,3,0.172,0,,Very_Low,3-4 calls
SUB6927613,24,24,89.59,1,0.124,0,,Very_Low,1-2 calls
SUB1691757,12,24,31.44,1,0.189,0,,Very_Low,1-2 calls
SUB1390719,24,12,8.37,2,0.315,1,Price Too High,Low,1-2 calls
SUB7854453,6,24,21.86,2,0.95,1,Network Quality Issues,Very_High,1-2 calls
SUB4337920,48,6,84.8,1,0.026,0,,Very_Low,1-2 calls
SUB4296050,60,1,19.53,2,0.079,0,,Very_Low,1-2 calls
SUB3118324,48,1,45.02,1,0.068,0,,Very_Low,1-2 calls
SUB7827299,6,6,17.49,3,0.461,1,Network Quality Issues,Medium,3-4 calls
SUB7247794,6,12,119.68,2,0.102,0,,Very_Low,1-2 calls
SUB8917596,3,1,87.18,1,0.052,0,,Very_Low,1-2 calls
SUB5902666,36,6,10.13,2,0.248,0,,Low,1-2 calls
SUB1876031,3,24,84.52,2,0.294,1,Better Competitor Offer,Low,1-2 calls
SUB7232739,18,12,6.48,2,0.105,0,,Very_Low,1-2 calls
SUB2270896,6,12,40.14,4,0.165,0,,Very_Low,3-4 calls
SUB2059622,3,1,13.62,1,0.63,0,,High,1-2 calls
SUB5422375,3,1,7.26,2,0.819,0,,Very_High,1-2 calls
SUB1378165,36,1,5.34,2,0.191,0,,Very_Low,1-2 calls
SUB5131479,36,6,81.47,1,0.089,0,,Very_Low,1-2 calls
SUB1415008,6,12,54.4,3,0.248,0,,Low,3-4 calls
SUB2631993,1,3,10.5,6,0.95,1,Network Quality Issues,Very_High,5+ calls
SUB4351278,36,1,30.97,4,0.077,1,Poor Customer Service,Very_Low,3-4 calls
SUB3342035,1,1,28.85,1,0.76,1,Price Too High,High,1-2 calls
SUB8978450,1,6,22.29,2,0.41,0,,Medium,1-2 calls
SUB6703394,36,12,88.63,1,0.037,0,,Very_Low,1-2 calls
SUB8240947,24,24,6.19,0,0.168,0,,Very_Low,0 calls
SUB3768362,3,3,49.26,0,0.168,0,,Very_Low,0 calls
SUB2170365,1,12,21.87,1,0.472,0,,Medium,1-2 calls
SUB6931161,1,6,12.61,0,0.336,0,,Low,0 calls
SUB7790593,12,24,48.12,1,0.95,1,Network Quality Issues,Very_High,1-2 calls
SUB5851188,12,6,95.43,3,0.184,0,,Very_Low,3-4 calls
SUB3721864,3,6,84.68,1,0.191,0,,Very_Low,1-2 calls
SUB4947208,48,12,8.17,2,0.136,0,,Very_Low,1-2 calls
SUB7984720,18,1,73.55,2,0.096,0,,Very_Low,1-2 calls
SUB8733308,24,6,94.33,2,0.068,0,,Very_Low,1-2 calls
SUB4875754,3,24,15.43,2,0.532,0,,Medium,1-2 calls
SUB3704999,60,12,19.22,5,0.205,0,,Low,5+ calls
SUB6298217,24,24,10.32,3,0.287,0,,Low,3-4 calls
SUB2324070,6,6,19.79,3,0.532,1,Relocation/Moving,Medium,3-4 calls
SUB8364386,1,3,78.9,1,0.074,0,,Very_Low,1-2 calls
SUB6787749,3,12,20.34,1,0.315,0,,Low,1-2 calls
SUB2661793,12,1,7.46,1,0.378,1,Price Too High,Low,1-2 calls
SUB7576651,1,3,29.84,1,0.472,0,,Medium,1-2 calls
SUB7867218,1,12,43.99,3,0.315,0,,Low,3-4 calls
SUB8466027,1,12,34.92,3,0.315,0,,Low,3-4 calls
SUB5987696,24,12,51.81,2,0.11,1,Network Quality Issues,Very_Low,1-2 calls
SUB1428988,12,24,7.07,0,0.393,0,,Low,0 calls
SUB5084752,3,12,32.4,3,0.22,0,,Low,3-4 calls
SUB5374857,6,12,29.98,2,0.354,0,,Low,1-2 calls
SUB3977590,18,24,93.62,2,0.037,0,,Very_Low,1-2 calls
SUB8599600,6,12,29.79,5,0.472,0,,Medium,5+ calls
SUB7610734,18,12,11.01,1,0.507,0,,Medium,1-2 calls
SUB4297291,24,3,14.48,1,0.355,1,Network Quality Issues,Low,1-2 calls
SUB5894287,6,12,26.73,4,0.532,0,,Medium,3-4 calls
SUB8954647,6,24,9.79,1,0.287,0,,Low,1-2 calls
SUB3490706,1,24,33.55,0,0.252,1,Relocation/Moving,Low,0 calls
SUB8542535,24,6,55.03,0,0.099,1,Network Quality Issues,Very_Low,0 calls
SUB9047252,18,6,18.03,3,0.236,0,,Low,3-4 calls
SUB6254224,36,24,35.26,3,0.165,0,,Very_Low,3-4 calls
SUB7215140,3,3,70.21,1,0.191,0,,Very_Low,1-2 calls
SUB4737973,60,24,22.43,2,0.055,1,Network Quality Issues,Very_Low,1-2 calls
SUB3202575,24,12,11.29,0,0.218,0,,Low,0 calls
SUB7611653,3,3,17.69,4,0.236,0,,Low,3-4 calls
SUB1464071,12,12,103.58,2,0.044,0,,Very_Low,1-2 calls
SUB5381137,18,24,61.1,2,0.124,0,,Very_Low,1-2 calls
SUB5912216,1,1,6.13,3,0.95,0,,Very_High,3-4 calls
SUB8597626,24,6,27.07,3,0.307,0,,Low,3-4 calls
SUB4498472,48,24,70.19,0,0.029,0,,Very_Low,0 calls
SUB9369689,1,3,42.03,2,0.507,1,Relocation/Moving,Medium,1-2 calls
SUB2564718,36,6,67.65,0,0.021,0,,Very_Low,0 calls
SUB6139743,12,12,29.56,0,0.151,0,,Very_Low,0 calls
SUB4813270,12,1,112.09,2,0.106,0,,Very_Low,1-2 calls
SUB5806425,36,3,56.84,2,0.067,0,,Very_Low,1-2 calls
SUB7609876,18,6,11.99,1,0.273,0,,Low,1-2 calls
SUB3378837,6,6,49.66,2,0.11,0,,Very_Low,1-2 calls
SUB7123769,24,6,5.32,0,0.168,0,,Very_Low,0 calls
SUB2524102,3,1,24.16,2,0.472,1,Price Too High,Medium,1-2 calls
SUB3383366,18,24,70.34,3,0.799,1,Service Not Needed,High,3-4 calls
SUB3035848,24,24,17.24,1,0.143,0,,Very_Low,1-2 calls
SUB6122930,6,6,84.07,4,0.165,0,,Very_Low,3-4 calls
SUB9593223,60,3,23.02,2,0.039,0,,Very_Low,1-2 calls
SUB7691409,18,1,61.36,2,0.143,0,,Very_Low,1-2 calls
SUB1838003,1,1,20.87,4,0.614,1,Poor Customer Service,High,3-4 calls
SUB4433382,60,12,88.74,2,0.055,0,,Very_Low,1-2 calls
SUB9670178,24,12,12.14,3,0.315,1,Relocation/Moving,Low,3-4 calls
SUB4395049,18,3,29.2,0,0.164,0,,Very_Low,0 calls
SUB1066150,6,1,34.76,3,0.354,0,,Low,3-4 calls
SUB8951632,12,12,19.52,2,0.189,0,,Very_Low,1-2 calls
SUB8429645,48,12,25.18,1,0.102,0,,Very_Low,1-2 calls
SUB7081687,6,6,27.05,2,0.307,0,,Low,1-2 calls
SUB9948331,12,12,82.19,2,0.106,0,,Very_Low,1-2 calls
SUB3547500,6,6,8.59,5,0.819,0,,Very_High,5+ calls
SUB5193060,3,6,63.3,4,0.43,0,,Medium,3-4 calls
SUB1134055,1,1,40.05,2,0.273,1,Network Quality Issues,Low,1-2 calls
SUB2841648,24,6,25.73,3,0.307,0,,Low,3-4 calls
SUB8132508,1,1,32.67,0,0.168,0,,Very_Low,0 calls
SUB7437845,12,24,80.08,6,0.088,0,,Very_Low,5+ calls
SUB4828433,1,3,40.22,2,0.39,0,,Low,1-2 calls
SUB3735264,60,3,107.71,2,0.034,0,,Very_Low,1-2 calls
SUB5448748,24,1,11.03,1,0.147,0,,Very_Low,1-2 calls
SUB8152747,18,1,58.82,1,0.037,0,,Very_Low,1-2 calls
SUB5137270,3,24,29.7,5,0.63,1,Network Quality Issues,High,5+ calls
SUB5317922,12,3,29.06,1,0.135,0,,Very_Low,1-2 calls
SUB9847905,12,12,44.77,0,0.144,0,,Very_Low,0 calls
SUB8465373,6,12,40.79,3,0.337,0,,Low,3-4 calls
SUB2020154,3,6,26.39,1,0.41,1,Network Quality Issues,Medium,1-2 calls
SUB9070924,6,24,23.24,6,0.799,1,Network Quality Issues,High,5+ calls
SUB7843532,18,3,49.63,0,0.126,0,,Very_Low,0 calls
SUB5945169,12,1,46.25,0,0.101,0,,Very_Low,0 calls
SUB7733215,18,1,25.14,0,0.063,0,,Very_Low,0 calls
SUB9195810,18,6,19.41,2,0.157,0,,Very_Low,1-2 calls
SUB8904294,6,6,58.72,2,0.186,0,,Very_Low,1-2 calls
SUB8185197,3,12,78.7,3,0.43,0,,Medium,3-4 calls
SUB9171548,12,12,15.99,3,0.479,0,,Medium,3-4 calls
SUB7714301,36,3,27.65,1,0.143,0,,Very_Low,1-2 calls
SUB8969693,60,12,27.95,2,0.079,0,,Very_Low,1-2 calls
SUB2859582,24,3,85.78,1,0.026,0,,Very_Low,1-2 calls
SUB8744064,6,24,88.2,1,0.165,0,,Very_Low,1-2 calls
SUB3129885,18,24,8.52,2,0.315,0,,Low,1-2 calls
SUB5720642,6,1,80.89,3,0.165,0,,Very_Low,3-4 calls
SUB1549239,18,12,13.64,0,0.218,0,,Low,0 calls
SUB9945309,12,24,18.13,1,0.132,0,,Very_Low,1-2 calls
SUB6408753,12,1,105.91,1,0.152,0,,Very_Low,1-2 calls
SUB4047569,18,1,87.53,1,0.089,0,,Very_Low,1-2 calls
SUB1785332,36,6,54.0,2,0.087,0,,Very_Low,1-2 calls
SUB9555080,6,1,49.37,3,0.354,0,,Low,3-4 calls
SUB1397710,12,24,28.47,1,0.246,0,,Low,1-2 calls
SUB7503216,12,24,114.93,3,0.142,0,,Very_Low,3-4 calls
SUB5317048,6,24,65.21,1,0.143,0,,Very_Low,1-2 calls
SUB4188729,12,3,18.55,2,0.246,0,,Low,1-2 calls
SUB5785956,1,1,30.6,3,0.614,1,Relocation/Moving,High,3-4 calls
SUB6105724,12,6,82.48,4,0.263,0,,Low,3-4 calls
SUB6025764,24,24,118.12,0,0.078,0,,Very_Low,0 calls
SUB8996198,6,12,75.37,1,0.11,0,,Very_Low,1-2 calls
SUB1910775,24,24,84.05,0,0.029,0,,Very_Low,0 calls
SUB6954878,24,24,14.04,3,0.472,1,Network Quality Issues,Medium,3-4 calls
SUB6927997,60,6,33.75,2,0.079,0,,Very_Low,1-2 calls
SUB1558924,12,1,62.89,3,0.198,0,,Very_Low,3-4 calls
SUB4881185,12,1,13.47,1,0.328,1,Relocation/Moving,Low,1-2 calls
SUB6004998,18,12,74.73,3,0.11,0,,Very_Low,3-4 calls
SUB6166650,18,24,92.76,1,0.052,0,,Very_Low,1-2 calls
SUB6693075,60,6,28.17,3,0.118,0,,Very_Low,3-4 calls
SUB9109916,24,24,59.03,3,0.165,1,Network Quality Issues,Very_Low,3-4 calls
SUB6193278,6,12,61.61,3,0.215,1,Network Quality Issues,Low,3-4 calls
SUB1431413,3,1,49.52,1,0.105,0,,Very_Low,1-2 calls
SUB5165100,24,12,54.82,0,0.099,0,,Very_Low,0 calls
SUB1863561,3,6,22.7,2,0.41,0,,Medium,1-2 calls
SUB1302186,18,1,59.22,1,0.136,1,Network Quality Issues,Very_Low,1-2 calls
SUB4207393,3,24,21.8,0,0.252,1,Network Quality Issues,Low,0 calls
SUB6489464,24,12,78.19,1,0.074,0,,Very_Low,1-2 calls
SUB8456985,24,6,38.81,0,0.142,0,,Very_Low,0 calls
SUB7767528,60,1,8.09,1,0.136,0,,Very_Low,1-2 calls
SUB2026553,60,6,24.43,2,0.118,1,Network Quality Issues,Very_Low,1-2 calls
SUB9533879,24,6,27.24,1,0.157,0,,Very_Low,1-2 calls
SUB4743797,6,3,5.7,0,0.378,1,Price Too High,Low,0 calls
SUB2514542,1,3,10.34,2,0.294,1,Relocation/Moving,Low,1-2 calls
SUB7357718,18,3,56.41,0,0.041,1,Network Quality Issues,Very_Low,0 calls
SUB5180656,24,6,83.37,3,0.102,0,,Very_Low,3-4 calls
SUB9465506,1,24,95.27,1,0.205,0,,Low,1-2 calls
SUB7846192,12,12,100.53,2,0.094,0,,Very_Low,1-2 calls
SUB9676924,36,1,69.42,3,0.054,0,,Very_Low,3-4 calls
SUB8347689,18,1,14.52,2,0.21,0,,Low,1-2 calls
SUB2829553,18,1,87.83,2,0.136,0,,Very_Low,1-2 calls
SUB4041341,12,6,79.99,2,0.213,0,,Low,1-2 calls
SUB2039504,48,24,6.65,2,0.136,0,,Very_Low,1-2 calls
SUB7666455,12,3,66.46,4,0.132,0,,Very_Low,3-4 calls
SUB8663589,12,6,49.85,4,0.246,1,Poor Customer Service,Low,3-4 calls
SUB8918348,12,1,109.05,1,0.063,0,,Very_Low,1-2 calls
SUB5988023,18,1,69.49,3,0.077,0,,Very_Low,3-4 calls
SUB8635836,12,1,114.49,0,0.076,0,,Very_Low,0 calls
SUB8809006,24,12,8.17,1,0.315,1,Relocation/Moving,Low,1-2 calls
SUB2675843,36,1,8.56,0,0.153,0,,Very_Low,0 calls
SUB9423309,3,3,103.21,2,0.157,1,Relocation/Moving,Very_Low,1-2 calls
SUB4229028,18,12,7.47,2,0.147,0,,Very_Low,1-2 calls
SUB8056993,60,12,20.38,1,0.079,0,,Very_Low,1-2 calls
SUB2721610,18,1,37.93,1,0.096,0,,Very_Low,1-2 calls
SUB3339767,18,3,86.4,5,0.195,0,,Very_Low,5+ calls
SUB3614235,36,12,20.25,0,0.132,0,,Very_Low,0 calls
SUB1491036,36,6,9.5,4,0.287,1,Network Quality Issues,Low,3-4 calls
SUB9715912,1,6,39.5,1,0.273,0,,Low,1-2 calls
SUB7046914,6,3,30.32,1,0.307,1,Relocation/Moving,Low,1-2 calls
SUB3710241,36,1,27.99,1,0.11,0,,Very_Low,1-2 calls
SUB2142953,18,6,81.15,2,0.052,0,,Very_Low,1-2 calls
SUB4961352,18,12,59.73,4,0.143,0,,Very_Low,3-4 calls
SUB4978702,36,12,101.35,3,0.072,0,,Very_Low,3-4 calls
SUB9168984,24,12,8.55,3,0.95,1,Service Not Needed,Very_High,3-4 calls
SUB1326916,24,6,59.31,1,0.051,0,,Very_Low,1-2 calls
SUB4597706,1,12,104.97,3,0.236,1,Better Competitor Offer,Low,3-4 calls
SUB5506554,24,12,44.77,2,0.052,0,,Very_Low,1-2 calls
SUB1605409,3,12,9.34,1,0.42,1,Relocation/Moving,Medium,1-2 calls
SUB7849486,1,1,110.65,1,0.052,0,,Very_Low,1-2 calls
SUB6050405,12,24,30.41,1,0.189,0,,Very_Low,1-2 calls
SUB9337735,48,1,65.31,3,0.083,0,,Very_Low,3-4 calls
SUB2725690,36,24,8.94,1,0.103,0,,Very_Low,1-2 calls
SUB4280772,60,6,69.99,3,0.05,0,,Very_Low,3-4 calls
SUB9197295,6,12,93.17,4,0.2,0,,Very_Low,3-4 calls
SUB6809041,18,3,47.78,1,0.105,0,,Very_Low,1-2 calls
SUB6087268,1,6,24.18,3,0.331,1,Price Too High,Low,3-4 calls
SUB7155579,24,24,9.91,2,0.315,0,,Low,1-2 calls
SUB1403119,12,3,20.72,0,0.151,0,,Very_Low,0 calls
SUB9212420,60,12,19.04,3,0.083,0,,Very_Low,3-4 calls
SUB1402732,6,12,72.89,4,0.215,0,,Low,3-4 calls
SUB1506079,24,1,7.28,2,0.355,1,Price Too High,Low,1-2 calls
SUB2950013,3,12,5.39,1,0.382,0,,Low,1-2 calls
SUB2132658,6,24,23.87,1,0.307,0,,Low,1-2 calls
SUB2985209,6,3,47.61,3,0.354,0,,Low,3-4 calls
SUB5322626,18,12,45.9,1,0.351,0,,Low,1-2 calls
SUB1656951,6,1,81.73,1,0.11,0,,Very_Low,1-2 calls
SUB9399911,12,24,84.36,2,0.082,0,,Very_Low,1-2 calls
SUB4479591,12,6,22.39,2,0.132,0,,Very_Low,1-2 calls
SUB6203916,1,24,44.94,2,0.585,0,,Medium,1-2 calls
SUB7026988,18,1,15.89,2,0.307,0,,Low,1-2 calls
SUB8426263,18,12,5.97,1,0.273,1,Price Too High,Low,1-2 calls
SUB3366610,60,6,48.02,1,0.068,0,,Very_Low,1-2 calls
SUB5180303,3,3,55.54,0,0.118,0,,Very_Low,0 calls
SUB5684346,1,12,11.32,4,0.63,1,Poor Customer Service,High,3-4 calls
SUB1458298,3,12,11.25,0,0.437,0,,Medium,0 calls
SUB2047343,12,24,75.18,5,0.265,0,,Low,5+ calls
SUB6719720,3,3,85.29,2,0.273,0,,Low,1-2 calls
SUB9493836,3,24,17.99,1,0.41,0,,Medium,1-2 calls
SUB5620650,36,12,67.59,2,0.087,0,,Very_Low,1-2 calls
SUB2755692,6,6,106.17,2,0.118,0,,Very_Low,1-2 calls
SUB2730228,12,1,19.9,4,0.283,0,,Low,3-4 calls
SUB2946793,18,12,24.76,3,0.354,1,Relocation/Moving,Low,3-4 calls
SUB2569123,6,24,12.56,1,0.41,0,,Medium,1-2 calls
SUB7115518,18,24,73.17,2,0.136,0,,Very_Low,1-2 calls
SUB8393979,12,12,20.37,1,0.369,1,Relocation/Moving,Low,1-2 calls
SUB9437482,6,24,104.28,1,0.112,0,,Very_Low,1-2 calls
SUB2622572,24,24,56.2,2,0.124,0,,Very_Low,1-2 calls
SUB4220281,36,24,27.53,1,0.307,1,Price Too High,Low,1-2 calls
SUB3689784,24,12,10.41,2,0.315,0,,Low,1-2 calls
SUB9175602,12,24,49.17,3,0.094,0,,Very_Low,3-4 calls
SUB1709662,48,3,25.69,2,0.19,1,Service Not Needed,Very_Low,1-2 calls
SUB7863382,36,12,115.37,1,0.051,0,,Very_Low,1-2 calls
SUB6321129,6,3,17.88,2,0.307,0,,Low,1-2 calls
SUB9859060,3,1,20.91,1,0.41,1,Network Quality Issues,Medium,1-2 calls
SUB6672605,36,12,36.29,0,0.076,0,,Very_Low,0 calls
SUB3592670,24,12,6.81,2,0.273,1,Price Too High,Low,1-2 calls
SUB5810833,6,1,44.09,0,0.304,0,,Low,0 calls
SUB7703459,6,3,11.39,1,0.41,0,,Medium,1-2 calls
SUB7417665,6,1,39.7,1,0.57,0,,Medium,1-2 calls
SUB1442061,36,12,48.46,3,0.215,0,,Low,3-4 calls
SUB4761675,6,1,40.94,3,0.354,0,,Low,3-4 calls
SUB8415745,18,1,89.21,1,0.096,0,,Very_Low,1-2 calls
SUB9082655,36,3,12.7,1,0.191,0,,Very_Low,1-2 calls
SUB9877580,12,3,41.72,2,0.126,0,,Very_Low,1-2 calls
SUB4081328,1,12,22.18,2,0.22,0,,Low,1-2 calls
SUB6371112,24,1,34.07,1,0.136,1,Network Quality Issues,Very_Low,1-2 calls
SUB9551646,1,12,100.45,3,0.236,0,,Low,3-4 calls
SUB8281505,36,6,10.0,3,0.287,1,Network Quality Issues,Low,3-4 calls
SUB6124795,6,3,86.58,3,0.116,0,,Very_Low,3-4 calls
SUB6411263,24,12,27.39,3,0.354,1,Network Quality Issues,Low,3-4 calls
SUB4963735,12,6,34.8,1,0.164,0,,Very_Low,1-2 calls
SUB7493509,6,24,74.8,3,0.215,0,,Low,3-4 calls
SUB9989138,36,24,11.03,0,0.176,0,,Very_Low,0 calls
SUB9824031,24,12,72.88,3,0.399,0,,Low,3-4 calls
SUB2192929,1,12,11.58,2,0.63,1,Price Too High,High,1-2 calls
SUB9711998,48,6,39.21,3,0.055,0,,Very_Low,3-4 calls
SUB7555035,12,12,69.57,1,0.115,0,,Very_Low,1-2 calls
SUB5068316,3,1,5.45,1,0.546,1,Price Too High,Medium,1-2 calls
SUB9067987,24,12,68.62,4,0.307,0,,Low,3-4 calls
SUB2656671,12,12,13.28,4,0.378,1,Price Too High,Low,3-4 calls
SUB6681635,18,3,73.88,1,0.096,0,,Very_Low,1-2 calls
SUB7145265,18,12,32.46,4,0.307,0,,Low,3-4 calls
SUB9527171,3,12,81.03,3,0.287,0,,Low,3-4 calls
SUB1783066,60,6,117.27,2,0.039,0,,Very_Low,1-2 calls
SUB5899856,3,12,22.45,4,0.472,1,Price Too High,Medium,3-4 calls
SUB7240779,18,12,23.46,3,0.461,1,Relocation/Moving,Medium,3-4 calls
SUB5055957,3,3,90.58,2,0.105,0,,Very_Low,1-2 calls
SUB7617488,36,6,6.14,3,0.331,0,,Low,3-4 calls
SUB1597897,3,6,36.35,2,0.195,0,,Very_Low,1-2 calls
SUB4941237,12,3,106.33,3,0.228,1,Relocation/Moving,Low,3-4 calls
SUB3042999,1,12,68.72,0,0.153,0,,Very_Low,0 calls
SUB4659985,12,12,7.27,3,0.189,1,Price Too High,Very_Low,3-4 calls
SUB2902897,1,6,5.37,1,0.546,1,Relocation/Moving,Medium,1-2 calls
SUB9019213,12,1,25.85,2,0.094,0,,Very_Low,1-2 calls
SUB4576511,18,6,19.72,1,0.236,0,,Low,1-2 calls
SUB2163950,3,24,8.05,2,0.546,1,Price Too High,Medium,1-2 calls
SUB1549148,18,12,89.73,1,0.205,0,,Low,1-2 calls
SUB3773707,12,1,18.71,9,0.737,1,Poor Customer Service,High,5+ calls
SUB6068002,6,24,99.77,0,0.082,0,,Very_Low,0 calls
SUB3773939,18,3,78.04,3,0.055,1,Network Quality Issues,Very_Low,3-4 calls
SUB2935740,60,24,100.51,0,0.021,0,,Very_Low,0 calls
SUB4434955,48,24,25.76,2,0.055,0,,Very_Low,1-2 calls
SUB5936710,60,24,34.24,2,0.127,0,,Very_Low,1-2 calls
SUB6155872,1,12,26.61,4,0.709,1,Price Too High,High,3-4 calls
SUB4177326,6,12,22.75,1,0.154,1,Network Quality Issues,Very_Low,1-2 calls
SUB2554510,48,3,34.1,1,0.026,0,,Very_Low,1-2 calls
SUB4763122,1,12,59.43,3,0.287,0,,Low,3-4 calls
SUB5421590,6,12,11.41,1,0.614,0,,High,1-2 calls
SUB3534937,18,3,29.35,1,0.236,1,Price Too High,Low,1-2 calls
SUB1812461,60,6,26.83,1,0.079,0,,Very_Low,1-2 calls
SUB5427036,6,24,67.25,0,0.132,1,Relocation/Moving,Very_Low,0 calls
SUB2718224,24,6,109.66,4,0.133,0,,Very_Low,3-4 calls
SUB3710626,18,6,8.59,1,0.273,1,Price Too High,Low,1-2 calls
SUB8906166,18,1,29.26,2,0.225,0,,Low,1-2 calls
SUB8310108,24,6,103.1,0,0.082,0,,Very_Low,0 calls
SUB7440010,6,12,17.17,0,0.246,1,Network Quality Issues,Low,0 calls
SUB9674163,6,1,54.24,1,0.11,0,,Very_Low,1-2 calls
SUB1444191,18,12,14.21,1,0.273,0,,Low,1-2 calls
SUB2502337,12,12,25.09,2,0.246,1,Relocation/Moving,Low,1-2 calls
SUB4486669,24,12,44.49,2,0.254,1,Network Quality Issues,Low,1-2 calls
SUB4722946,24,24,75.28,5,0.147,0,,Very_Low,5+ calls
SUB8064400,12,6,17.72,1,0.246,0,,Low,1-2 calls
SUB1224695,12,1,17.55,2,0.189,0,,Very_Low,1-2 calls
SUB4441628,48,24,18.99,1,0.039,0,,Very_Low,1-2 calls
SUB8552975,24,1,48.41,2,0.105,0,,Very_Low,1-2 calls
SUB9123236,18,24,98.15,0,0.029,0,,Very_Low,0 calls
SUB8761850,1,24,59.73,1,0.22,0,,Low,1-2 calls
SUB4340216,12,24,14.64,0,0.341,0,,Low,0 calls
SUB4833284,3,24,80.58,2,0.254,0,,Low,1-2 calls
SUB2847865,18,1,14.18,3,0.41,0,,Medium,3-4 calls
SUB8586725,6,1,28.27,2,0.307,0,,Low,1-2 calls
SUB5897954,24,3,60.36,1,0.096,0,,Very_Low,1-2 calls
SUB5017136,24,12,6.15,0,0.168,0,,Very_Low,0 calls
SUB1344855,6,1,11.12,2,0.532,0,,Medium,1-2 calls
SUB6750283,60,12,17.07,2,0.102,0,,Very_Low,1-2 calls
SUB2074961,12,1,62.55,3,0.184,1,Relocation/Moving,Very_Low,3-4 calls
SUB5625678,3,12,30.22,1,0.273,0,,Low,1-2 calls
SUB3377935,24,3,27.13,1,0.38,1,Network Quality Issues,Low,1-2 calls
SUB2134106,24,6,77.72,1,0.136,0,,Very_Low,1-2 calls
SUB9296877,12,24,70.26,3,0.093,0,,Very_Low,3-4 calls
SUB3474968,18,12,82.43,2,0.136,0,,Very_Low,1-2 calls
SUB7166160,1,1,45.34,2,0.21,0,,Low,1-2 calls
SUB6672540,6,24,13.88,4,0.709,1,Poor Customer Service,High,3-4 calls
SUB6644807,36,6,5.11,3,0.287,1,Price Too High,Low,3-4 calls
SUB6972558,6,12,61.13,1,0.143,1,Network Quality Issues,Very_Low,1-2 calls
SUB3442266,48,12,71.85,1,0.037,0,,Very_Low,1-2 calls
SUB5437677,18,12,99.85,3,0.055,0,,Very_Low,3-4 calls
SUB6241218,48,6,6.55,2,0.136,0,,Very_Low,1-2 calls
SUB6150635,3,12,13.83,2,0.546,1,Relocation/Moving,Medium,1-2 calls
SUB6481140,12,1,11.16,0,0.262,0,,Low,0 calls
SUB8214615,6,12,11.25,1,0.315,0,,Low,1-2 calls
SUB9010643,36,1,45.72,1,0.096,0,,Very_Low,1-2 calls
SUB5981262,6,6,113.86,1,0.146,0,,Very_Low,1-2 calls
SUB5525208,18,6,45.3,1,0.136,0,,Very_Low,1-2 calls
SUB6290717,36,24,34.25,3,0.165,0,,Very_Low,3-4 calls
SUB1518349,6,6,85.98,3,0.799,1,Service Not Needed,High,3-4 calls
SUB3881990,1,24,12.3,1,0.546,1,Price Too High,Medium,1-2 calls
SUB1797968,12,6,84.04,2,0.115,0,,Very_Low,1-2 calls
SUB8892861,18,12,32.2,2,0.15,0,,Very_Low,1-2 calls
SUB9467691,24,6,10.93,0,0.252,0,,Low,0 calls
SUB7211411,12,12,30.62,0,0.151,0,,Very_Low,0 calls
SUB3655971,1,12,44.44,6,0.95,1,Network Quality Issues,Very_High,5+ calls
SUB6609125,12,12,11.0,1,0.328,1,Network Quality Issues,Low,1-2 calls
SUB3874299,3,12,21.17,1,0.315,1,Price Too High,Low,1-2 calls
SUB8339838,1,6,25.33,1,0.315,0,,Low,1-2 calls
SUB8330292,6,6,26.55,1,0.118,0,,Very_Low,1-2 calls
SUB2804673,24,6,24.64,1,0.157,0,,Very_Low,1-2 calls
SUB3938199,24,1,35.12,1,0.157,0,,Very_Low,1-2 calls
SUB8594378,18,24,46.77,1,0.136,0,,Very_Low,1-2 calls
SUB9998604,36,3,67.11,1,0.143,1,Relocation/Moving,Very_Low,1-2 calls
SUB5909776,12,3,110.24,3,0.068,0,,Very_Low,3-4 calls
SUB4303389,6,12,83.13,1,0.215,0,,Low,1-2 calls
SUB9025407,18,1,30.84,2,0.136,0,,Very_Low,1-2 calls
SUB5354385,48,24,74.22,0,0.057,0,,Very_Low,0 calls
SUB9777198,1,24,42.31,4,0.315,0,,Low,3-4 calls
SUB4151882,60,6,11.29,3,0.266,0,,Low,3-4 calls
SUB4210016,24,24,22.6,4,0.219,0,,Low,3-4 calls
SUB7737320,18,6,68.16,1,0.11,0,,Very_Low,1-2 calls
SUB3389383,18,3,71.38,3,0.165,0,,Very_Low,3-4 calls
SUB7996746,6,24,109.74,4,0.177,0,,Very_Low,3-4 calls
SUB1164053,36,3,37.95,2,0.051,0,,Very_Low,1-2 calls
SUB6973544,60,6,95.75,1,0.068,0,,Very_Low,1-2 calls
SUB6282379,48,12,13.32,0,0.164,0,,Very_Low,0 calls
SUB3542637,3,6,34.02,0,0.468,0,,Medium,0 calls
SUB9033951,24,6,109.31,5,0.105,0,,Very_Low,5+ calls
SUB9107317,18,12,21.82,2,0.236,0,,Low,1-2 calls
SUB5158549,24,12,10.18,3,0.614,1,Relocation/Moving,High,3-4 calls
SUB5530889,6,24,25.03,2,0.354,0,,Low,1-2 calls
SUB9411039,60,12,73.54,0,0.044,0,,Very_Low,0 calls
SUB9962049,6,3,12.12,1,0.532,1,Relocation/Moving,Medium,1-2 calls
SUB9284960,24,6,34.0,3,0.307,0,,Low,3-4 calls
SUB3049949,12,24,14.62,2,0.426,0,,Medium,1-2 calls
SUB9388512,18,12,20.24,3,0.307,0,,Low,3-4 calls
SUB2268300,3,1,117.44,0,0.109,0,,Very_Low,0 calls
SUB2947763,18,12,12.02,1,0.273,0,,Low,1-2 calls
SUB8654502,18,6,11.81,1,0.315,0,,Low,1-2 calls
SUB4882149,24,1,18.42,3,0.236,0,,Low,3-4 calls
SUB5873062,6,6,40.43,3,0.307,0,,Low,3-4 calls
SUB8045209,36,24,26.29,2,0.11,0,,Very_Low,1-2 calls
SUB9439469,48,6,37.02,0,0.082,0,,Very_Low,0 calls
SUB8678073,36,24,82.11,3,0.05,0,,Very_Low,3-4 calls
SUB5845710,12,3,24.78,2,0.284,0,,Low,1-2 calls
SUB5000737,24,6,16.65,0,0.164,0,,Very_Low,0 calls
SUB8258746,6,1,31.16,3,0.118,0,,Very_Low,3-4 calls
SUB2443717,36,1,35.71,1,0.096,0,,Very_Low,1-2 calls
SUB5409352,12,6,13.65,2,0.328,0,,Low,1-2 calls
SUB6111142,3,12,36.38,1,0.195,0,,Very_Low,1-2 calls
SUB9421928,12,3,82.96,6,0.304,1,Better Competitor Offer,Low,5+ calls
SUB9715633,3,3,22.27,2,0.614,0,,High,1-2 calls
SUB7906571,18,6,32.77,2,0.052,0,,Very_Low,1-2 calls
SUB9752967,18,3,13.72,3,0.41,0,,Medium,3-4 calls
SUB2308507,12,12,43.12,1,0.088,0,,Very_Low,1-2 calls
SUB5066621,18,24,17.7,0,0.189,0,,Very_Low,0 calls
SUB1100734,60,24,46.52,1,0.052,0,,Very_Low,1-2 calls
SUB9546310,12,3,32.74,1,0.164,1,Relocation/Moving,Very_Low,1-2 calls
SUB3851274,12,24,13.4,2,0.126,0,,Very_Low,1-2 calls
SUB2225811,6,12,72.09,2,0.11,0,,Very_Low,1-2 calls
SUB4081091,3,3,43.32,0,0.252,1,Network Quality Issues,Low,0 calls
SUB4829049,6,12,21.99,1,0.236,0,,Low,1-2 calls
SUB2868670,3,24,93.75,2,0.292,0,,Low,1-2 calls
SUB8265406,12,1,8.98,0,0.183,1,Relocation/Moving,Very_Low,0 calls
SUB5813673,6,3,77.29,1,0.077,0,,Very_Low,1-2 calls
SUB5755469,12,6,26.5,2,0.246,0,,Low,1-2 calls
SUB8551989,6,1,43.56,1,0.11,1,Network Quality Issues,Very_Low,1-2 calls
SUB5335702,12,3,16.1,2,0.284,0,,Low,1-2 calls
SUB8974411,3,12,25.16,2,0.41,1,Network Quality Issues,Medium,1-2 calls
SUB3962732,3,6,14.53,2,0.546,1,Network Quality Issues,Medium,1-2 calls
SUB2992825,18,6,89.31,6,0.147,0,,Very_Low,5+ calls
SUB4832978,18,6,52.74,2,0.11,0,,Very_Low,1-2 calls
SUB7152941,3,12,71.67,1,0.134,0,,Very_Low,1-2 calls
SUB5115811,6,24,88.6,0,0.094,0,,Very_Low,0 calls
SUB9983212,6,12,109.17,3,0.253,1,Relocation/Moving,Low,3-4 calls
SUB4174108,24,12,46.3,2,0.157,1,Network Quality Issues,Very_Low,1-2 calls
SUB3731638,6,6,56.37,1,0.143,1,Network Quality Issues,Very_Low,1-2 calls
SUB1264500,12,24,5.38,1,0.378,0,,Low,1-2 calls
SUB3976031,18,6,79.04,4,0.186,0,,Very_Low,3-4 calls
SUB7512427,6,24,88.88,4,0.215,0,,Low,3-4 calls
SUB3903633,12,12,13.65,1,0.252,1,Network Quality Issues,Low,1-2 calls
SUB6711813,24,12,46.23,1,0.254,1,Relocation/Moving,Low,1-2 calls
SUB2940369,24,3,80.6,2,0.052,0,,Very_Low,1-2 calls
SUB4948242,18,12,8.09,4,0.41,1,Price Too High,Medium,3-4 calls
SUB9127125,18,1,21.98,1,0.143,0,,Very_Low,1-2 calls
SUB2217060,3,12,22.21,1,0.472,0,,Medium,1-2 calls
SUB2031519,12,12,22.93,3,0.479,0,,Medium,3-4 calls
SUB5678714,6,24,6.3,4,0.614,1,Relocation/Moving,High,3-4 calls
SUB9109698,24,12,16.29,0,0.189,0,,Very_Low,0 calls
SUB2390281,18,3,19.85,3,0.354,0,,Low,3-4 calls
SUB4941106,12,24,85.15,1,0.088,0,,Very_Low,1-2 calls
SUB3322466,12,12,16.04,1,0.094,0,,Very_Low,1-2 calls
SUB8778748,12,3,16.16,2,0.189,0,,Very_Low,1-2 calls
SUB9099932,3,24,28.46,0,0.426,1,Network Quality Issues,Medium,0 calls
SUB2851317,24,24,10.82,4,0.41,1,Network Quality Issues,Medium,3-4 calls
SUB2946830,36,12,97.15,2,0.102,0,,Very_Low,1-2 calls
SUB3614150,48,1,77.26,3,0.083,0,,Very_Low,3-4 calls
SUB8238987,24,24,37.28,4,0.112,0,,Very_Low,3-4 calls
SUB5660061,36,1,35.22,2,0.11,0,,Very_Low,1-2 calls
SUB3605214,1,12,43.99,3,0.292,0,,Low,3-4 calls
SUB8923641,24,6,19.2,0,0.164,0,,Very_Low,0 calls
SUB3229180,6,24,7.02,1,0.22,0,,Low,1-2 calls
SUB5188891,3,24,20.31,1,0.472,0,,Medium,1-2 calls
SUB5031419,12,12,105.22,2,0.044,0,,Very_Low,1-2 calls
SUB5495511,18,3,5.41,1,0.83,1,Price Too High,Very_High,1-2 calls
SUB2424945,12,12,31.31,3,0.246,0,,Low,3-4 calls
SUB3363999,18,12,5.34,1,0.147,0,,Very_Low,1-2 calls
SUB5790691,24,1,9.97,1,0.409,1,Service Not Needed,Medium,1-2 calls
SUB9807673,3,12,38.15,1,0.273,0,,Low,1-2 calls
SUB5225889,18,1,16.35,3,0.307,0,,Low,3-4 calls
SUB4092195,1,6,82.57,2,0.136,0,,Very_Low,1-2 calls
SUB1289102,12,6,24.98,0,0.197,0,,Very_Low,0 calls
SUB5443778,3,24,18.76,4,0.878,1,Poor Customer Service,Very_High,3-4 calls
SUB9043756,12,6,43.04,1,0.164,1,Relocation/Moving,Very_Low,1-2 calls
SUB5162065,3,12,53.2,3,0.22,0,,Low,3-4 calls
SUB1260116,24,6,10.29,0,0.168,0,,Very_Low,0 calls
SUB7086368,36,12,34.46,2,0.11,0,,Very_Low,1-2 calls
SUB5214279,3,3,51.53,0,0.082,0,,Very_Low,0 calls
SUB2257949,24,3,10.88,0,0.118,0,,Very_Low,0 calls
SUB8537165,3,12,104.04,6,0.273,0,,Low,5+ calls
SUB4850241,12,1,15.7,1,0.246,1,Network Quality Issues,Low,1-2 calls
SUB6538166,18,3,12.95,2,0.273,1,Relocation/Moving,Low,1-2 calls
SUB1388076,12,24,36.07,3,0.189,0,,Very_Low,3-4 calls
SUB5884797,1,3,14.95,1,0.42,0,,Medium,1-2 calls
SUB6540070,6,6,57.4,1,0.165,0,,Very_Low,1-2 calls
SUB7491878,12,12,32.73,4,0.189,0,,Very_Low,3-4 calls
SUB2960826,12,6,6.93,1,0.426,1,Price Too High,Medium,1-2 calls
SUB3844664,18,12,80.55,1,0.102,0,,Very_Low,1-2 calls
SUB3613275,36,1,63.74,1,0.051,0,,Very_Low,1-2 calls
SUB2378369,18,12,42.25,0,0.084,0,,Very_Low,0 calls
SUB3090212,18,3,18.41,3,0.307,0,,Low,3-4 calls
SUB6230852,3,12,11.96,1,0.71,1,Price Too High,High,1-2 calls
SUB5171774,6,12,74.67,5,0.236,0,,Low,5+ calls
SUB1152999,12,24,76.87,3,0.189,0,,Very_Low,3-4 calls
SUB5542923,48,3,13.56,5,0.21,0,,Low,5+ calls
SUB9449975,6,6,30.27,2,0.236,0,,Low,1-2 calls
SUB5600108,6,24,32.33,2,0.236,0,,Low,1-2 calls
SUB3854190,18,12,21.63,1,0.205,0,,Low,1-2 calls
SUB2284382,36,24,67.39,2,0.087,0,,Very_Low,1-2 calls
SUB8196042,12,3,6.72,1,0.229,0,,Low,1-2 calls
SUB4853321,3,12,18.21,2,0.532,0,,Medium,1-2 calls
SUB3654837,1,1,14.24,6,0.95,1,Price Too High,Very_High,5+ calls
SUB8684365,36,24,19.77,1,0.143,0,,Very_Low,1-2 calls
SUB2042377,18,3,21.95,1,0.205,0,,Low,1-2 calls
SUB5577033,6,24,105.58,2,0.146,1,Better Competitor Offer,Very_Low,1-2 calls
SUB7105931,24,12,67.21,1,0.096,0,,Very_Low,1-2 calls
SUB4257181,24,24,11.05,2,0.315,0,,Low,1-2 calls
SUB6262696,24,3,59.2,3,0.11,0,,Very_Low,3-4 calls
SUB6154048,36,6,68.03,1,0.051,0,,Very_Low,1-2 calls
SUB1923780,3,3,25.7,2,0.409,1,Price Too High,Medium,1-2 calls
SUB9361735,60,6,5.51,3,0.236,0,,Low,3-4 calls
SUB2942811,60,24,11.11,1,0.177,0,,Very_Low,1-2 calls
SUB7507640,1,12,29.84,6,0.945,1,Relocation/Moving,Very_High,5+ calls
SUB1298090,1,6,69.88,1,0.287,0,,Low,1-2 calls
SUB9705956,12,6,45.28,3,0.189,0,,Very_Low,3-4 calls
SUB6425838,1,12,83.58,3,0.205,0,,Low,3-4 calls
SUB9480932,24,12,85.65,2,0.124,1,Better Competitor Offer,Very_Low,1-2 calls
SUB3320688,18,6,20.14,4,0.461,1,Price Too High,Medium,3-4 calls
SUB2805808,24,3,60.93,1,0.143,0,,Very_Low,1-2 calls
SUB5220459,60,12,12.95,2,0.098,0,,Very_Low,1-2 calls
SUB5536119,48,6,10.34,1,0.157,1,Network Quality Issues,Very_Low,1-2 calls
SUB5015470,6,24,41.45,0,0.246,0,,Low,0 calls
SUB5654798,12,6,29.71,4,0.142,1,Poor Customer Service,Very_Low,3-4 calls
SUB4622138,24,6,17.74,2,0.205,1,Network Quality Issues,Low,1-2 calls
SUB1937841,12,24,71.72,1,0.062,0,,Very_Low,1-2 calls
SUB9061896,18,3,101.93,1,0.079,0,,Very_Low,1-2 calls
SUB3843940,48,1,15.59,1,0.079,0,,Very_Low,1-2 calls
SUB4932441,12,24,22.47,1,0.246,0,,Low,1-2 calls
SUB2207068,18,12,41.12,1,0.136,0,,Very_Low,1-2 calls
SUB5364406,36,3,73.1,2,0.077,0,,Very_Low,1-2 calls
SUB9782882,12,6,24.98,0,0.197,0,,Very_Low,0 calls
SUB2386980,6,6,101.98,0,0.044,0,,Very_Low,0 calls
SUB2208052,6,12,80.4,2,0.143,0,,Very_Low,1-2 calls
SUB8500960,1,6,36.91,2,0.21,1,Network Quality Issues,Low,1-2 calls
SUB4040267,6,6,94.15,1,0.118,0,,Very_Low,1-2 calls
SUB2180887,18,12,104.3,1,0.102,0,,Very_Low,1-2 calls
SUB5439850,1,1,7.12,4,0.63,1,Price Too High,High,3-4 calls
SUB8536765,6,12,9.56,3,0.472,0,,Medium,3-4 calls
SUB2896220,3,6,84.85,1,0.105,0,,Very_Low,1-2 calls
SUB4138744,12,6,100.15,4,0.094,0,,Very_Low,3-4 calls
SUB9535078,1,24,81.53,0,0.153,0,,Very_Low,0 calls
SUB7935774,24,12,19.44,3,0.165,0,,Very_Low,3-4 calls
SUB2367223,48,3,50.98,1,0.055,0,,Very_Low,1-2 calls
SUB3428081,3,12,21.04,2,0.41,0,,Medium,1-2 calls
SUB5273445,6,24,100.26,4,0.2,0,,Very_Low,3-4 calls
SUB4184790,3,24,19.27,0,0.378,0,,Low,0 calls
SUB7681935,3,12,114.37,0,0.059,0,,Very_Low,0 calls
SUB7689142,6,12,27.02,2,0.439,1,Network Quality Issues,Medium,1-2 calls
SUB5990961,6,12,107.07,0,0.117,0,,Very_Low,0 calls
SUB4646804,12,1,25.89,2,0.246,0,,Low,1-2 calls
SUB1647296,12,12,70.12,3,0.172,0,,Very_Low,3-4 calls
SUB2549302,24,24,89.5,1,0.079,0,,Very_Low,1-2 calls
SUB4122951,36,6,42.8,4,0.205,0,,Low,3-4 calls
SUB1800101,12,12,70.48,2,0.149,0,,Very_Low,1-2 calls
SUB5100612,48,24,5.48,5,0.147,1,Poor Customer Service,Very_Low,5+ calls
SUB6877845,18,3,31.04,3,0.307,0,,Low,3-4 calls
SUB7014126,24,3,109.16,1,0.079,0,,Very_Low,1-2 calls
SUB6238561,12,1,29.5,1,0.189,0,,Very_Low,1-2 calls
SUB7339776,12,12,61.54,0,0.064,0,,Very_Low,0 calls
SUB9885366,12,24,77.7,3,0.172,0,,Very_Low,3-4 calls
SUB9121757,12,6,22.5,2,0.189,0,,Very_Low,1-2 calls
SUB5642929,12,1,23.3,2,0.094,0,,Very_Low,1-2 calls
SUB9417233,24,3,26.65,3,0.118,0,,Very_Low,3-4 calls
SUB3833552,12,24,8.53,0,0.202,1,Network Quality Issues,Low,0 calls
SUB8376519,3,12,116.61,2,0.105,0,,Very_Low,1-2 calls
SUB6701934,3,24,88.23,1,0.287,1,Network Quality Issues,Low,1-2 calls
SUB2276647,36,24,18.94,5,0.154,1,Price Too High,Very_Low,5+ calls
SUB6416775,36,6,21.24,2,0.143,0,,Very_Low,1-2 calls
SUB9704813,6,12,75.18,5,0.11,0,,Very_Low,5+ calls
SUB4045315,3,12,25.4,3,0.709,0,,High,3-4 calls
SUB4144480,60,12,25.22,2,0.102,0,,Very_Low,1-2 calls
SUB4570834,12,6,20.68,2,0.189,1,Price Too High,Very_Low,1-2 calls
SUB5828761,1,3,106.73,3,0.38,0,,Low,3-4 calls
SUB4940285,3,12,6.89,3,0.945,1,Relocation/Moving,Very_High,3-4 calls
SUB7851803,24,24,18.49,2,0.157,0,,Very_Low,1-2 calls
SUB6742533,1,6,92.73,3,0.205,1,Better Competitor Offer,Low,3-4 calls
SUB8324222,12,6,13.66,2,0.252,0,,Low,1-2 calls
SUB3627144,12,24,109.57,3,0.184,1,Relocation/Moving,Very_Low,3-4 calls
SUB3825896,18,12,28.92,0,0.126,0,,Very_Low,0 calls
SUB5936792,3,6,6.46,0,0.437,0,,Medium,0 calls
SUB5876872,60,12,6.02,4,0.236,0,,Low,3-4 calls
SUB3739956,3,24,5.68,0,0.336,1,Network Quality Issues,Low,0 calls
SUB3619980,18,12,14.85,5,0.294,0,,Low,5+ calls
SUB1721384,6,3,13.11,2,0.41,0,,Medium,1-2 calls
SUB9908385,3,3,27.64,3,0.614,1,Price Too High,High,3-4 calls
SUB8716220,12,3,5.07,2,0.426,1,Network Quality Issues,Medium,1-2 calls
SUB3887698,3,24,54.29,1,0.273,0,,Low,1-2 calls
SUB3432593,18,12,82.05,3,0.215,0,,Low,3-4 calls
SUB5031464,1,24,109.65,2,0.075,1,Better Competitor Offer,Very_Low,1-2 calls
SUB4390742,12,1,49.05,4,0.132,0,,Very_Low,3-4 calls
SUB9545106,3,1,87.42,1,0.195,0,,Very_Low,1-2 calls
SUB8357804,48,12,9.25,2,0.177,0,,Very_Low,1-2 calls
SUB7133066,24,3,7.38,2,0.147,0,,Very_Low,1-2 calls
SUB3887296,24,12,29.17,1,0.205,0,,Low,1-2 calls
SUB7529845,24,12,76.65,4,0.143,0,,Very_Low,3-4 calls
SUB3736582,18,6,116.34,4,0.329,0,,Low,3-4 calls
SUB8956056,3,24,41.31,2,0.21,0,,Low,1-2 calls
SUB2100500,60,12,29.45,2,0.039,0,,Very_Low,1-2 calls
SUB2576590,18,6,86.7,1,0.11,0,,Very_Low,1-2 calls
SUB6594176,36,6,11.51,4,0.331,0,,Low,3-4 calls
SUB2961977,12,12,32.45,3,0.246,0,,Low,3-4 calls
SUB8049926,6,6,31.88,3,0.165,0,,Very_Low,3-4 calls
SUB5032654,12,3,6.36,0,0.262,0,,Low,0 calls
SUB1664468,12,12,13.12,2,0.328,0,,Low,1-2 calls
SUB7500242,1,1,74.03,0,0.118,0,,Very_Low,0 calls
SUB8899963,18,24,47.55,2,0.136,0,,Very_Low,1-2 calls
SUB7978140,24,3,24.26,2,0.236,1,Relocation/Moving,Low,1-2 calls
SUB4037099,1,6,24.84,5,0.95,1,Network Quality Issues,Very_High,5+ calls
SUB5828426,6,3,118.63,3,0.118,0,,Very_Low,3-4 calls
SUB9100706,18,12,18.97,2,0.266,0,,Low,1-2 calls
SUB3042823,6,1,10.47,0,0.234,0,,Low,0 calls
SUB2048173,48,24,32.16,3,0.079,0,,Very_Low,3-4 calls
SUB9379341,3,6,31.98,1,0.315,1,Network Quality Issues,Low,1-2 calls
SUB7579137,48,24,7.39,2,0.136,0,,Very_Low,1-2 calls
SUB2912584,48,3,28.72,2,0.102,0,,Very_Low,1-2 calls
SUB4777538,60,12,27.41,2,0.118,0,,Very_Low,1-2 calls
SUB1225049,1,12,44.73,2,0.105,0,,Very_Low,1-2 calls
SUB1747419,6,12,17.51,1,0.165,0,,Very_Low,1-2 calls
SUB6438684,6,12,53.99,1,0.165,1,Network Quality Issues,Very_Low,1-2 calls
SUB7030489,36,12,101.77,3,0.072,0,,Very_Low,3-4 calls
SUB6537803,24,6,88.27,2,0.102,0,,Very_Low,1-2 calls
SUB3380932,3,6,83.61,2,0.273,0,,Low,1-2 calls
SUB2654753,3,12,39.87,2,0.21,0,,Low,1-2 calls
SUB9793380,12,24,89.95,2,0.246,0,,Low,1-2 calls
SUB1571107,3,12,51.44,1,0.074,0,,Very_Low,1-2 calls
SUB3086213,12,3,89.11,3,0.198,0,,Very_Low,3-4 calls
SUB4358509,36,12,7.81,2,0.191,0,,Very_Low,1-2 calls
SUB3779499,12,12,7.07,1,0.176,0,,Very_Low,1-2 calls
SUB8313834,24,3,90.89,1,0.19,0,,Very_Low,1-2 calls
SUB9937492,6,6,100.28,1,0.154,0,,Very_Low,1-2 calls
SUB2999254,6,1,45.08,2,0.337,0,,Low,1-2 calls
SUB6044842,18,1,93.38,5,0.177,1,Relocation/Moving,Very_Low,5+ calls
SUB5156532,36,24,58.61,2,0.037,0,,Very_Low,1-2 calls
SUB7592910,12,6,35.42,1,0.063,0,,Very_Low,1-2 calls
SUB6561112,3,3,28.68,2,0.157,0,,Very_Low,1-2 calls
SUB6382858,3,3,40.39,0,0.118,0,,Very_Low,0 calls
SUB6017650,18,1,43.7,1,0.136,0,,Very_Low,1-2 calls
SUB8188238,3,24,94.71,4,0.079,0,,Very_Low,3-4 calls
SUB8909699,1,6,46.99,1,0.292,0,,Low,1-2 calls
SUB4617556,3,3,69.12,1,0.191,0,,Very_Low,1-2 calls
SUB1258517,12,24,83.17,2,0.149,0,,Very_Low,1-2 calls
SUB7428540,6,12,6.85,3,0.799,1,Price Too High,High,3-4 calls
SUB1705475,1,12,14.45,1,0.63,1,Relocation/Moving,High,1-2 calls
SUB5338843,3,3,73.31,3,0.43,1,Network Quality Issues,Medium,3-4 calls
SUB1424226,6,6,25.68,2,0.118,0,,Very_Low,1-2 calls
SUB5117923,12,24,69.08,0,0.05,0,,Very_Low,0 calls
SUB6613201,12,12,12.72,3,0.737,1,Service Not Needed,High,3-4 calls
SUB7303745,6,6,19.34,4,0.461,1,Network Quality Issues,Medium,3-4 calls
SUB1698956,24,1,5.3,2,0.147,0,,Very_Low,1-2 calls
SUB4403096,12,24,26.85,2,0.189,0,,Very_Low,1-2 calls
SUB7278602,18,24,8.26,3,0.41,1,Network Quality Issues,Medium,3-4 calls
SUB7143326,36,12,95.47,4,0.055,0,,Very_Low,3-4 calls
SUB1175211,36,12,26.83,1,0.077,0,,Very_Low,1-2 calls
SUB8519817,36,12,113.94,3,0.051,1,Network Quality Issues,Very_Low,3-4 calls
SUB8412620,12,24,92.56,2,0.106,1,Better Competitor Offer,Very_Low,1-2 calls
SUB5257950,18,12,88.71,1,0.079,0,,Very_Low,1-2 calls
SUB9654406,6,1,41.19,1,0.219,1,Service Not Needed,Low,1-2 calls
SUB7048055,36,1,87.29,3,0.116,0,,Very_Low,3-4 calls
SUB2883376,3,24,9.44,3,0.63,1,Price Too High,High,3-4 calls
SUB4891113,24,24,11.63,4,0.472,0,,Medium,3-4 calls
SUB8020988,12,12,101.44,3,0.16,0,,Very_Low,3-4 calls
SUB9544291,6,3,5.01,5,0.819,0,,Very_High,5+ calls
SUB5730741,12,12,95.89,2,0.123,0,,Very_Low,1-2 calls
SUB6605126,18,12,85.23,4,0.205,0,,Low,3-4 calls
SUB2906039,48,1,22.57,4,0.177,0,,Very_Low,3-4 calls
SUB2455465,1,24,11.29,4,0.95,1,Price Too High,Very_High,3-4 calls
SUB1211830,48,6,59.76,1,0.026,0,,Very_Low,1-2 calls
SUB6439381,24,6,39.12,2,0.136,0,,Very_Low,1-2 calls
SUB6987029,18,6,59.0,3,0.11,0,,Very_Low,3-4 calls
SUB7516616,3,12,22.66,3,0.614,0,,High,3-4 calls
SUB4329049,24,3,14.29,1,0.147,0,,Very_Low,1-2 calls
SUB5755976,18,12,21.05,0,0.126,0,,Very_Low,0 calls
SUB9910606,12,1,16.82,2,0.319,0,,Low,1-2 calls
SUB7897673,36,24,12.54,2,0.191,0,,Very_Low,1-2 calls
SUB4746169,18,24,14.92,1,0.21,0,,Low,1-2 calls
SUB7002296,6,6,27.2,2,0.118,0,,Very_Low,1-2 calls
SUB1075388,1,1,79.97,1,0.22,0,,Low,1-2 calls
SUB7810183,24,12,32.61,2,0.105,1,Relocation/Moving,Very_Low,1-2 calls
SUB2775767,6,6,22.89,6,0.614,1,Price Too High,High,5+ calls
SUB8983823,6,24,38.6,1,0.236,0,,Low,1-2 calls
SUB9373296,12,6,38.15,3,0.405,0,,Medium,3-4 calls
SUB8467866,24,24,45.27,3,0.157,1,Network Quality Issues,Very_Low,3-4 calls
SUB6494339,48,1,36.04,1,0.079,0,,Very_Low,1-2 calls
SUB6877809,3,12,20.22,4,0.472,0,,Medium,3-4 calls
SUB7396567,36,12,5.23,2,0.103,0,,Very_Low,1-2 calls
SUB9002619,18,12,18.52,6,0.22,1,Poor Customer Service,Low,5+ calls
SUB5021080,36,24,28.48,1,0.077,0,,Very_Low,1-2 calls
SUB8667857,36,24,44.02,2,0.266,0,,Low,1-2 calls
SUB5428690,12,24,117.06,1,0.044,0,,Very_Low,1-2 calls
SUB6439433,18,12,29.97,1,0.157,0,,Very_Low,1-2 calls
SUB9889782,48,12,79.0,2,0.051,0,,Very_Low,1-2 calls
SUB3881777,18,3,88.0,5,0.191,0,,Very_Low,5+ calls
SUB3748996,12,3,19.36,2,0.246,0,,Low,1-2 calls
SUB1195246,12,12,93.25,4,0.263,1,Network Quality Issues,Low,3-4 calls
SUB4696176,3,1,9.76,3,0.819,1,Network Quality Issues,Very_High,3-4 calls
SUB9899691,60,3,98.3,1,0.051,0,,Very_Low,1-2 calls
SUB2012384,18,6,14.12,2,0.147,0,,Very_Low,1-2 calls
SUB9143478,6,3,24.79,1,0.236,1,Price Too High,Low,1-2 calls
SUB1866964,1,12,48.15,3,0.225,0,,Low,3-4 calls
SUB9437712,24,12,83.65,3,0.118,1,Relocation/Moving,Very_Low,3-4 calls
SUB1863663,36,12,22.99,1,0.165,0,,Very_Low,1-2 calls
SUB6783182,12,12,51.06,1,0.062,0,,Very_Low,1-2 calls
SUB7980571,60,12,73.46,0,0.185,0,,Very_Low,0 calls
SUB6334538,6,6,6.34,4,0.614,0,,High,3-4 calls
SUB7349449,24,3,48.63,2,0.205,1,Relocation/Moving,Low,1-2 calls
SUB2206861,6,12,41.4,3,0.307,1,Relocation/Moving,Low,3-4 calls
SUB4119612,6,12,29.11,3,0.532,0,,Medium,3-4 calls
SUB3891005,18,3,86.76,2,0.096,0,,Very_Low,1-2 calls
SUB5936600,1,12,81.26,2,0.157,0,,Very_Low,1-2 calls
SUB5736319,3,24,68.33,1,0.103,0,,Very_Low,1-2 calls
SUB1257681,3,12,94.19,1,0.205,1,Better Competitor Offer,Low,1-2 calls
SUB9482626,6,1,9.65,0,0.252,0,,Low,0 calls
SUB6629481,24,6,6.13,2,0.315,0,,Low,1-2 calls
SUB3054780,48,1,105.77,2,0.038,0,,Very_Low,1-2 calls
SUB8991208,1,6,85.02,2,0.292,1,Relocation/Moving,Low,1-2 calls
SUB5423408,6,3,11.16,0,0.176,0,,Very_Low,0 calls
SUB1842186,1,12,26.29,4,0.878,1,Price Too High,Very_High,3-4 calls
SUB6352727,36,6,67.07,1,0.077,0,,Very_Low,1-2 calls
SUB8116355,3,12,6.35,5,0.84,0,,Very_High,5+ calls
SUB8226585,24,6,28.26,1,0.205,0,,Low,1-2 calls
SUB6538917,1,3,89.72,1,0.287,0,,Low,1-2 calls
SUB2124905,12,3,80.78,2,0.123,0,,Very_Low,1-2 calls
SUB4105958,6,12,67.31,6,0.287,0,,Low,5+ calls
SUB6559277,6,6,65.74,3,0.248,0,,Low,3-4 calls
SUB4258084,18,1,19.05,1,0.236,0,,Low,1-2 calls
SUB9593059,12,3,58.55,0,0.092,0,,Very_Low,0 calls
SUB2980290,12,3,8.5,0,0.262,1,Network Quality Issues,Low,0 calls
SUB1403322,3,12,102.32,0,0.109,0,,Very_Low,0 calls
SUB5310796,12,12,31.35,4,0.283,1,Network Quality Issues,Low,3-4 calls
SUB6181057,24,12,30.31,2,0.052,0,,Very_Low,1-2 calls
SUB8017403,6,24,82.39,1,0.055,0,,Very_Low,1-2 calls
SUB5077716,36,24,5.67,1,0.191,0,,Very_Low,1-2 calls
SUB7941447,3,1,118.75,3,0.307,0,,Low,3-4 calls
SUB6037285,36,6,27.77,4,0.083,0,,Very_Low,3-4 calls
SUB2908802,18,1,23.22,1,0.205,0,,Low,1-2 calls
SUB8334901,12,6,6.8,1,0.426,0,,Medium,1-2 calls
SUB2548075,1,12,110.84,4,0.266,0,,Low,3-4 calls
SUB1493948,3,12,88.04,5,0.147,0,,Very_Low,5+ calls
SUB5168962,12,1,7.11,2,0.378,0,,Low,1-2 calls
SUB7520645,36,12,5.1,2,0.103,0,,Very_Low,1-2 calls
SUB7689921,60,12,94.37,3,0.039,0,,Very_Low,3-4 calls
SUB9383190,48,1,5.7,2,0.136,0,,Very_Low,1-2 calls
SUB8228161,6,12,30.46,3,0.307,0,,Low,3-4 calls
SUB1780641,6,24,33.42,1,0.439,0,,Medium,1-2 calls
SUB5466134,24,1,115.39,4,0.079,0,,Very_Low,3-4 calls
SUB2554205,48,3,49.57,1,0.068,0,,Very_Low,1-2 calls
SUB7606963,3,12,18.43,0,0.328,0,,Low,0 calls
SUB7651143,12,6,101.63,1,0.082,0,,Very_Low,1-2 calls
SUB3551331,36,24,29.53,2,0.143,0,,Very_Low,1-2 calls
SUB4127748,12,12,26.0,1,0.284,0,,Low,1-2 calls
SUB5001070,36,6,14.39,2,0.248,0,,Low,1-2 calls
SUB8365624,3,6,111.16,2,0.136,0,,Very_Low,1-2 calls
SUB3883791,24,3,50.18,3,0.143,1,Network Quality Issues,Very_Low,3-4 calls
SUB4496605,12,12,5.51,1,0.378,1,Price Too High,Low,1-2 calls
SUB5948600,18,12,50.32,0,0.059,1,Network Quality Issues,Very_Low,0 calls
SUB7416438,6,6,16.87,4,0.532,1,Network Quality Issues,Medium,3-4 calls
SUB6311499,18,24,115.63,1,0.079,1,Relocation/Moving,Very_Low,1-2 calls
SUB1308623,24,12,27.5,2,0.38,0,,Low,1-2 calls
SUB4647371,12,3,85.41,2,0.132,0,,Very_Low,1-2 calls
SUB4296903,60,24,43.56,0,0.042,0,,Very_Low,0 calls
SUB6998223,1,12,13.28,1,0.71,1,Price Too High,High,1-2 calls
SUB2147116,18,24,93.41,1,0.049,0,,Very_Low,1-2 calls
SUB4772763,48,1,9.98,1,0.098,0,,Very_Low,1-2 calls
SUB7478450,36,1,50.33,3,0.1,0,,Very_Low,3-4 calls
SUB1310375,18,6,88.86,2,0.074,0,,Very_Low,1-2 calls
SUB3126453,36,6,48.75,1,0.11,1,Network Quality Issues,Very_Low,1-2 calls
SUB2271300,3,24,13.79,1,0.546,1,Relocation/Moving,Medium,1-2 calls
SUB6238631,12,3,84.35,0,0.05,1,Network Quality Issues,Very_Low,0 calls
SUB4842411,60,1,19.05,2,0.118,0,,Very_Low,1-2 calls
SUB7310208,60,12,32.78,0,0.063,0,,Very_Low,0 calls
SUB7127764,18,3,50.44,1,0.11,0,,Very_Low,1-2 calls
SUB6859046,3,1,100.15,6,0.273,0,,Low,5+ calls
SUB7034207,3,1,34.98,2,0.355,1,Relocation/Moving,Low,1-2 calls
SUB8940879,48,1,24.92,1,0.102,0,,Very_Low,1-2 calls
SUB4341861,36,6,50.71,5,0.134,0,,Very_Low,5+ calls
SUB8359201,6,24,14.0,3,0.799,1,Price Too High,High,3-4 calls
SUB3615804,48,12,13.49,2,0.096,1,Network Quality Issues,Very_Low,1-2 calls
SUB5312717,3,12,92.16,2,0.157,0,,Very_Low,1-2 calls
SUB2982243,6,6,39.11,1,0.11,0,,Very_Low,1-2 calls
SUB4413654,18,6,7.09,4,0.315,0,,Low,3-4 calls
SUB6986417,3,24,36.97,1,0.21,0,,Low,1-2 calls
SUB8863020,60,12,5.02,1,0.105,0,,Very_Low,1-2 calls
SUB4270209,6,3,5.73,2,0.41,1,Price Too High,Medium,1-2 calls
SUB9604008,6,24,11.28,0,0.378,1,Price Too High,Low,0 calls
SUB8323988,12,12,50.24,0,0.092,0,,Very_Low,0 calls
SUB4324664,24,1,73.34,2,0.037,0,,Very_Low,1-2 calls
SUB9210880,3,12,36.18,2,0.3,0,,Low,1-2 calls
SUB4594058,18,12,18.54,0,0.189,0,,Very_Low,0 calls
SUB5584258,1,1,85.68,3,0.921,1,Service Not Needed,Very_High,3-4 calls
SUB9117654,1,6,23.72,2,0.225,0,,Low,1-2 calls
SUB5212377,1,12,42.49,3,0.614,0,,High,3-4 calls
SUB1233782,12,24,90.28,1,0.094,0,,Very_Low,1-2 calls
SUB7906117,12,24,41.9,2,0.164,0,,Very_Low,1-2 calls
SUB7112674,6,1,34.85,0,0.09,0,,Very_Low,0 calls
SUB5809109,12,12,80.74,1,0.082,0,,Very_Low,1-2 calls
SUB4735466,12,24,48.36,4,0.246,0,,Low,3-4 calls
SUB2583246,12,12,31.01,2,0.126,0,,Very_Low,1-2 calls
SUB1726331,3,12,46.84,0,0.252,1,Network Quality Issues,Low,0 calls
SUB2794291,36,3,17.58,8,0.43,0,,Medium,5+ calls
SUB7353385,18,24,87.46,0,0.109,0,,Very_Low,0 calls
SUB5952075,3,12,67.24,3,0.373,1,Relocation/Moving,Low,3-4 calls
SUB4898606,6,1,26.41,0,0.246,0,,Low,0 calls
SUB3878117,24,24,5.41,0,0.084,0,,Very_Low,0 calls
SUB5481617,24,24,100.01,2,0.068,0,,Very_Low,1-2 calls
SUB8374626,24,12,30.64,3,0.236,0,,Low,3-4 calls
SUB6287913,24,12,8.5,1,0.491,1,Service Not Needed,Medium,1-2 calls
SUB4733149,18,12,28.8,0,0.213,0,,Low,0 calls
SUB6316741,6,6,49.35,4,0.118,0,,Very_Low,3-4 calls
SUB3804802,6,6,5.11,2,0.157,0,,Very_Low,1-2 calls
SUB5157263,12,24,6.05,3,0.737,1,Relocation/Moving,High,3-4 calls
SUB5488198,6,6,51.21,3,0.083,0,,Very_Low,3-4 calls
SUB3733460,36,6,66.46,2,0.087,0,,Very_Low,1-2 calls
SUB8084609,24,3,28.14,1,0.157,0,,Very_Low,1-2 calls
SUB7216538,60,3,6.86,3,0.307,1,Network Quality Issues,Low,3-4 calls
SUB5115362,12,6,44.29,3,0.132,0,,Very_Low,3-4 calls
SUB2252557,36,24,26.33,0,0.115,0,,Very_Low,0 calls
SUB2490687,24,6,23.02,1,0.157,0,,Very_Low,1-2 calls
SUB5057025,36,12,29.06,0,0.044,0,,Very_Low,0 calls
SUB6272864,18,12,10.58,0,0.218,0,,Low,0 calls
SUB4788963,6,12,27.52,0,0.246,0,,Low,0 calls
SUB4874910,6,24,88.12,5,0.143,0,,Very_Low,5+ calls
SUB4368045,6,24,19.96,4,0.599,0,,Medium,3-4 calls
SUB6185773,18,3,22.05,3,0.118,0,,Very_Low,3-4 calls
SUB5832691,36,24,22.08,1,0.102,0,,Very_Low,1-2 calls
SUB1968616,12,12,37.82,2,0.213,1,Network Quality Issues,Low,1-2 calls
SUB5217733,18,24,53.13,1,0.096,0,,Very_Low,1-2 calls
SUB8914520,24,24,15.99,2,0.205,1,Network Quality Issues,Low,1-2 calls
SUB2490036,36,6,86.2,1,0.051,0,,Very_Low,1-2 calls
SUB3869729,18,12,14.32,3,0.532,1,Network Quality Issues,Medium,3-4 calls
SUB8585159,18,24,99.84,1,0.048,0,,Very_Low,1-2 calls
SUB8179156,60,6,10.19,2,0.157,0,,Very_Low,1-2 calls
SUB9944718,36,1,8.45,4,0.331,0,,Low,3-4 calls
SUB8904428,24,6,9.12,2,0.315,0,,Low,1-2 calls
SUB5202271,36,6,7.05,3,0.331,1,Price Too High,Low,3-4 calls
SUB5042879,60,24,33.16,2,0.052,1,Network Quality Issues,Very_Low,1-2 calls
SUB3322523,12,6,16.94,3,0.425,0,,Medium,3-4 calls
SUB5746771,24,24,71.08,3,0.165,0,,Very_Low,3-4 calls
SUB9640145,24,12,10.64,3,0.472,0,,Medium,3-4 calls
SUB2756124,12,12,36.67,2,0.164,0,,Very_Low,1-2 calls
SUB1841531,60,24,18.61,1,0.055,0,,Very_Low,1-2 calls
SUB1864645,12,1,40.77,4,0.369,0,,Low,3-4 calls
SUB2428127,6,1,6.84,2,0.315,0,,Low,1-2 calls
SUB6130076,18,1,8.91,4,0.41,0,,Medium,3-4 calls
SUB9859690,1,1,18.61,2,0.472,0,,Medium,1-2 calls
SUB5254849,3,12,76.28,2,0.147,0,,Very_Low,1-2 calls
SUB8574587,60,3,60.27,2,0.102,0,,Very_Low,1-2 calls
SUB7515350,6,24,13.0,4,0.43,1,Network Quality Issues,Medium,3-4 calls
SUB9336900,1,24,9.05,2,0.63,1,Price Too High,High,1-2 calls
SUB2615777,12,6,25.24,2,0.094,0,,Very_Low,1-2 calls
SUB4512664,36,3,20.35,1,0.307,0,,Low,1-2 calls
SUB1973181,6,6,31.03,2,0.157,0,,Very_Low,1-2 calls
SUB2491633,12,24,20.41,1,0.135,0,,Very_Low,1-2 calls
SUB3061774,3,12,22.77,3,0.709,0,,High,3-4 calls
SUB3790358,6,1,43.53,3,0.307,1,Network Quality Issues,Low,3-4 calls
SUB4860562,60,1,19.1,2,0.102,0,,Very_Low,1-2 calls
SUB7976610,36,1,5.91,2,0.191,1,Price Too High,Very_Low,1-2 calls
SUB2765524,24,6,42.68,3,0.307,0,,Low,3-4 calls
SUB2250632,24,12,21.84,1,0.307,1,Relocation/Moving,Low,1-2 calls
SUB7210715,18,24,114.75,1,0.052,0,,Very_Low,1-2 calls
SUB9526086,3,1,87.82,1,0.191,0,,Very_Low,1-2 calls
SUB4243087,3,3,7.39,3,0.63,1,Price Too High,High,3-4 calls
SUB1909711,12,24,8.86,2,0.378,1,Network Quality Issues,Low,1-2 calls
SUB4711584,18,24,26.03,1,0.205,0,,Low,1-2 calls
SUB7913283,60,12,29.98,2,0.079,0,,Very_Low,1-2 calls
SUB2619715,12,12,116.9,1,0.063,1,Network Quality Issues,Very_Low,1-2 calls
SUB3590310,48,6,22.13,3,0.285,0,,Low,3-4 calls
SUB7314768,60,24,90.92,1,0.034,0,,Very_Low,1-2 calls
SUB9324454,36,24,47.01,3,0.186,0,,Very_Low,3-4 calls
SUB9815995,12,24,93.62,1,0.351,0,,Low,1-2 calls
SUB7726451,24,1,52.27,1,0.096,0,,Very_Low,1-2 calls
SUB9064220,12,12,50.22,2,0.132,0,,Very_Low,1-2 calls
SUB2544613,3,1,36.61,4,0.315,0,,Low,3-4 calls
SUB2297638,3,12,89.65,1,0.21,0,,Low,1-2 calls
SUB8134897,1,3,15.93,5,0.819,1,Price Too High,Very_High,5+ calls
SUB8748670,6,12,91.34,4,0.154,0,,Very_Low,3-4 calls
SUB3430525,18,1,43.63,1,0.157,0,,Very_Low,1-2 calls
SUB8439103,48,12,25.12,2,0.102,0,,Very_Low,1-2 calls
SUB3456070,6,12,104.77,1,0.039,0,,Very_Low,1-2 calls
SUB9878234,12,1,103.87,4,0.094,0,,Very_Low,3-4 calls
SUB1288859,12,12,84.17,1,0.115,0,,Very_Low,1-2 calls
SUB6008341,3,3,28.67,2,0.41,0,,Medium,1-2 calls
SUB5749766,24,1,97.96,1,0.127,0,,Very_Low,1-2 calls
SUB2546236,12,12,61.17,0,0.106,1,Relocation/Moving,Very_Low,0 calls
SUB9982913,48,12,35.79,2,0.052,0,,Very_Low,1-2 calls
SUB5257341,36,1,89.3,0,0.044,0,,Very_Low,0 calls
SUB4759834,6,6,14.02,4,0.472,1,Poor Customer Service,Medium,3-4 calls
SUB3627988,6,6,5.37,2,0.315,0,,Low,1-2 calls
SUB6477093,12,24,31.51,3,0.132,0,,Very_Low,3-4 calls
SUB9592974,3,3,14.29,3,0.95,1,Price Too High,Very_High,3-4 calls
SUB1502420,6,3,51.09,1,0.143,0,,Very_Low,1-2 calls
SUB6529046,36,12,20.39,3,0.165,0,,Very_Low,3-4 calls
SUB2679161,3,12,8.44,5,0.764,1,Poor Customer Service,High,5+ calls
SUB1660902,12,1,17.16,0,0.197,0,,Very_Low,0 calls
SUB8562116,12,1,35.33,2,0.176,1,Service Not Needed,Very_Low,1-2 calls
SUB2538112,3,6,6.63,2,0.63,1,Price Too High,High,1-2 calls
SUB2726676,60,12,12.02,2,0.136,0,,Very_Low,1-2 calls
SUB2685996,36,1,21.02,4,0.215,1,Network Quality Issues,Low,3-4 calls
SUB4246417,6,6,74.72,4,0.691,1,Service Not Needed,High,3-4 calls
SUB2352144,24,1,104.92,3,0.039,0,,Very_Low,3-4 calls
SUB2551330,1,12,10.1,2,0.913,1,Price Too High,Very_High,1-2 calls
SUB1971248,6,6,32.91,3,0.95,1,Service Not Needed,Very_High,3-4 calls
SUB5657851,3,12,24.33,1,0.472,1,Price Too High,Medium,1-2 calls
SUB7695306,12,12,23.44,3,0.369,0,,Low,3-4 calls
SUB6378750,18,12,99.66,2,0.037,0,,Very_Low,1-2 calls
SUB3607411,3,12,18.74,3,0.614,0,,High,3-4 calls
SUB2693439,6,12,29.83,2,0.354,1,Network Quality Issues,Low,1-2 calls
SUB2831094,12,1,29.81,2,0.284,0,,Low,1-2 calls
SUB4437172,18,24,99.35,0,0.055,0,,Very_Low,0 calls
SUB7919875,6,24,44.73,1,0.079,0,,Very_Low,1-2 calls
SUB6923361,18,12,48.69,2,0.254,0,,Low,1-2 calls
SUB2963571,6,1,35.68,0,0.164,1,Network Quality Issues,Very_Low,0 calls
SUB6542511,6,12,28.75,2,0.354,1,Price Too High,Low,1-2 calls
SUB9985826,36,6,68.07,0,0.054,0,,Very_Low,0 calls
SUB4815144,12,1,13.93,2,0.608,1,Price Too High,High,1-2 calls
SUB4436252,48,24,83.09,2,0.062,0,,Very_Low,1-2 calls
SUB1817052,6,12,45.7,1,0.205,0,,Low,1-2 calls
SUB8596585,12,24,8.0,1,0.176,0,,Very_Low,1-2 calls
SUB7269324,1,12,14.78,3,0.945,1,Price Too High,Very_High,3-4 calls
SUB2428080,18,6,61.98,2,0.096,0,,Very_Low,1-2 calls
SUB3521279,24,6,22.16,1,0.205,0,,Low,1-2 calls
SUB8503888,60,3,19.48,1,0.102,0,,Very_Low,1-2 calls
SUB7119848,36,12,11.82,3,0.22,0,,Low,3-4 calls
SUB3726016,6,12,79.9,1,0.077,0,,Very_Low,1-2 calls
SUB2244289,18,12,106.98,1,0.052,0,,Very_Low,1-2 calls
SUB1442939,18,6,75.94,2,0.11,0,,Very_Low,1-2 calls
SUB4282972,1,12,32.15,4,0.41,0,,Medium,3-4 calls
SUB9692832,1,12,35.79,3,0.41,0,,Medium,3-4 calls
SUB5414473,6,12,28.63,0,0.246,1,Price Too High,Low,0 calls
SUB3711793,24,3,8.05,2,0.21,0,,Low,1-2 calls
SUB3319124,6,12,88.43,2,0.165,0,,Very_Low,1-2 calls
SUB4923227,36,24,53.85,2,0.067,0,,Very_Low,1-2 calls
SUB3073290,18,1,79.08,3,0.143,1,Better Competitor Offer,Very_Low,3-4 calls
SUB3518970,12,24,41.18,2,0.164,0,,Very_Low,1-2 calls
SUB4889877,12,3,115.92,0,0.05,0,,Very_Low,0 calls
SUB2727408,6,24,105.93,1,0.118,1,Relocation/Moving,Very_Low,1-2 calls
SUB3801742,60,24,15.36,1,0.19,0,,Very_Low,1-2 calls
SUB2055675,3,12,22.9,2,0.225,0,,Low,1-2 calls
SUB7016854,36,3,47.46,1,0.096,0,,Very_Low,1-2 calls
SUB8436754,18,3,8.71,0,0.218,0,,Low,0 calls
SUB1965188,24,3,83.71,1,0.068,0,,Very_Low,1-2 calls
SUB3161088,36,24,20.12,2,0.055,0,,Very_Low,1-2 calls
SUB9018006,3,3,31.23,4,0.225,1,Poor Customer Service,Low,3-4 calls
SUB3320484,18,12,48.15,3,0.292,1,Service Not Needed,Low,3-4 calls
SUB5105223,24,12,44.11,2,0.157,1,Relocation/Moving,Very_Low,1-2 calls
SUB1487510,60,6,14.47,2,0.098,0,,Very_Low,1-2 calls
SUB7354986,24,24,118.1,3,0.112,0,,Very_Low,3-4 calls
SUB8609964,60,12,11.01,0,0.142,0,,Very_Low,0 calls
SUB6795250,36,12,82.55,2,0.036,0,,Very_Low,1-2 calls
SUB5055447,36,12,87.11,3,0.13,0,,Very_Low,3-4 calls
SUB2673879,48,24,10.33,3,0.236,0,,Low,3-4 calls
SUB2780752,12,1,101.25,2,0.044,0,,Very_Low,1-2 calls
SUB4293331,24,6,38.68,3,0.205,0,,Low,3-4 calls
SUB4764455,3,24,43.64,1,0.273,0,,Low,1-2 calls
SUB8253817,6,1,46.22,2,0.205,0,,Low,1-2 calls
SUB5335518,36,3,49.11,2,0.074,1,Network Quality Issues,Very_Low,1-2 calls
SUB9791690,60,12,10.33,2,0.157,0,,Very_Low,1-2 calls
SUB9589747,3,24,67.44,2,0.191,1,Relocation/Moving,Very_Low,1-2 calls
SUB6222798,18,1,41.26,2,0.105,0,,Very_Low,1-2 calls
SUB4904722,24,1,7.99,4,0.22,0,,Low,3-4 calls
SUB6215622,12,12,75.68,0,0.092,0,,Very_Low,0 calls
SUB7879771,6,12,51.85,3,0.116,0,,Very_Low,3-4 calls
SUB9481209,1,3,46.16,2,0.147,0,,Very_Low,1-2 calls
SUB4175684,60,24,11.9,1,0.105,0,,Very_Low,1-2 calls
SUB1629085,6,12,15.06,1,0.354,0,,Low,1-2 calls
SUB7071845,6,12,11.71,2,0.22,0,,Low,1-2 calls
SUB3518638,18,6,41.14,2,0.136,0,,Very_Low,1-2 calls
SUB1603103,12,24,102.39,2,0.094,0,,Very_Low,1-2 calls
SUB2989968,12,3,6.89,1,0.378,0,,Low,1-2 calls
SUB6303943,1,12,22.52,0,0.176,0,,Very_Low,0 calls
SUB6497191,60,1,84.47,1,0.055,1,Better Competitor Offer,Very_Low,1-2 calls
SUB2257008,6,12,9.33,1,0.472,1,Network Quality Issues,Medium,1-2 calls
SUB7473507,3,12,13.96,3,0.95,1,Service Not Needed,Very_High,3-4 calls
SUB8437693,18,3,36.73,2,0.074,0,,Very_Low,1-2 calls
SUB6137997,24,6,79.3,3,0.11,0,,Very_Low,3-4 calls
SUB8270518,1,3,60.9,0,0.229,1,Network Quality Issues,Low,0 calls
SUB6511934,6,24,87.94,2,0.165,0,,Very_Low,1-2 calls
SUB9173321,3,12,26.64,2,0.315,1,Price Too High,Low,1-2 calls
SUB8899284,24,6,96.49,2,0.102,0,,Very_Low,1-2 calls
SUB2003171,3,12,9.51,3,0.63,1,Price Too High,High,3-4 calls
SUB8214938,6,6,22.08,3,0.691,0,,High,3-4 calls
SUB3900737,60,6,20.99,2,0.11,1,Service Not Needed,Very_Low,1-2 calls
SUB2370485,24,12,5.49,2,0.273,0,,Low,1-2 calls
SUB8045900,12,3,18.88,3,0.553,1,Price Too High,Medium,3-4 calls
SUB2681076,24,1,30.28,1,0.074,0,,Very_Low,1-2 calls
SUB9501598,12,24,30.7,3,0.319,0,,Low,3-4 calls
SUB6312399,3,3,17.15,0,0.426,0,,Medium,0 calls
SUB1981883,12,6,57.88,1,0.08,0,,Very_Low,1-2 calls
SUB2668321,24,12,87.86,2,0.124,0,,Very_Low,1-2 calls
SUB4293705,3,12,23.58,1,0.41,0,,Medium,1-2 calls
SUB7154512,12,12,21.18,5,0.491,0,,Medium,5+ calls
SUB4759505,3,3,19.86,1,0.472,0,,Medium,1-2 calls
SUB9415414,36,6,10.22,1,0.22,0,,Low,1-2 calls
SUB6418952,24,12,89.52,3,0.143,0,,Very_Low,3-4 calls
SUB5609688,18,3,8.18,4,0.315,1,Poor Customer Service,Low,3-4 calls
SUB5264423,48,6,8.14,2,0.136,0,,Very_Low,1-2 calls
SUB9181883,12,12,14.04,0,0.341,0,,Low,0 calls
SUB9306681,3,12,68.52,3,0.158,0,,Very_Low,3-4 calls
SUB8170837,60,3,6.04,1,0.052,0,,Very_Low,1-2 calls
SUB2519603,12,24,52.44,1,0.115,0,,Very_Low,1-2 calls
SUB2750740,12,24,9.66,3,0.265,0,,Low,3-4 calls
SUB1863403,1,1,68.3,0,0.118,0,,Very_Low,0 calls
SUB1885421,18,6,86.0,2,0.127,0,,Very_Low,1-2 calls
SUB5278384,18,1,41.46,0,0.126,0,,Very_Low,0 calls
SUB6495671,12,6,69.02,1,0.132,0,,Very_Low,1-2 calls
SUB1978836,48,12,81.22,6,0.067,0,,Very_Low,5+ calls
SUB4223522,24,12,71.96,3,0.11,0,,Very_Low,3-4 calls
SUB3217181,1,1,69.11,0,0.118,0,,Very_Low,0 calls
SUB9568438,12,12,17.72,3,0.425,1,Relocation/Moving,Medium,3-4 calls
SUB2556518,60,24,41.85,1,0.075,0,,Very_Low,1-2 calls
SUB3659083,3,12,117.48,3,0.205,0,,Low,3-4 calls
SUB5113640,18,6,15.13,1,0.143,1,Relocation/Moving,Very_Low,1-2 calls
SUB5500398,6,1,84.18,1,0.154,1,Network Quality Issues,Very_Low,1-2 calls
SUB5877708,12,12,44.19,2,0.126,1,Network Quality Issues,Very_Low,1-2 calls
SUB8880317,1,12,47.64,2,0.315,0,,Low,1-2 calls
SUB9281447,18,12,53.21,3,0.11,0,,Very_Low,3-4 calls
SUB4895958,24,1,78.8,1,0.105,0,,Very_Low,1-2 calls
SUB8076042,24,12,26.5,5,0.799,1,Price Too High,High,5+ calls
SUB9839765,60,6,5.53,1,0.074,0,,Very_Low,1-2 calls
SUB2265898,36,12,83.99,0,0.08,0,,Very_Low,0 calls
SUB3120539,3,12,88.49,0,0.164,0,,Very_Low,0 calls
SUB1880412,6,24,42.04,1,0.205,0,,Low,1-2 calls
SUB6947148,24,24,5.09,3,0.315,0,,Low,3-4 calls
SUB4231185,24,12,21.95,7,0.439,0,,Medium,5+ calls
SUB8319764,3,24,108.57,0,0.109,0,,Very_Low,0 calls
SUB9706483,1,3,12.59,2,0.95,1,Service Not Needed,Very_High,1-2 calls
SUB6923098,12,1,36.16,0,0.131,1,Relocation/Moving,Very_Low,0 calls
SUB2228337,18,1,13.78,2,0.315,0,,Low,1-2 calls
SUB1484814,36,6,16.26,1,0.205,0,,Low,1-2 calls
SUB9359922,3,12,17.45,0,0.252,0,,Low,0 calls
SUB4690583,24,6,15.98,3,0.118,0,,Very_Low,3-4 calls
SUB2599908,18,12,67.65,0,0.041,0,,Very_Low,0 calls
SUB3164412,3,12,16.05,2,0.41,0,,Medium,1-2 calls
SUB6309792,36,12,24.05,2,0.143,0,,Very_Low,1-2 calls
SUB3353847,48,3,47.0,2,0.037,0,,Very_Low,1-2 calls
SUB3892478,6,12,83.76,2,0.102,0,,Very_Low,1-2 calls
SUB2984117,3,12,62.91,2,0.22,0,,Low,1-2 calls
SUB6949852,60,3,7.89,1,0.177,0,,Very_Low,1-2 calls
SUB1029725,1,24,11.21,4,0.441,1,Poor Customer Service,Medium,3-4 calls
SUB1888036,48,12,43.64,2,0.075,0,,Very_Low,1-2 calls
SUB3971783,3,1,82.46,5,0.273,0,,Low,5+ calls
SUB3662761,12,3,16.14,1,0.284,0,,Low,1-2 calls
SUB7524559,6,3,23.22,1,0.219,0,,Low,1-2 calls
SUB3513024,3,24,78.74,3,0.532,1,Better Competitor Offer,Medium,3-4 calls
SUB3398083,6,3,45.48,1,0.157,0,,Very_Low,1-2 calls
SUB7536295,12,12,35.91,4,0.283,0,,Low,3-4 calls
SUB4909439,1,1,10.54,1,0.819,0,,Very_High,1-2 calls
SUB6627745,24,12,6.16,4,0.22,1,Relocation/Moving,Low,3-4 calls
SUB4911146,24,1,16.34,3,0.219,1,Network Quality Issues,Low,3-4 calls
SUB2707017,24,12,22.46,2,0.266,0,,Low,1-2 calls
SUB1689556,18,6,104.05,0,0.063,0,,Very_Low,0 calls
SUB8288538,12,12,7.14,2,0.328,0,,Low,1-2 calls
SUB3253722,36,6,42.19,2,0.11,0,,Very_Low,1-2 calls
SUB2649729,36,24,31.81,1,0.143,0,,Very_Low,1-2 calls
SUB2116271,6,12,25.58,4,0.248,0,,Low,3-4 calls
SUB4099555,12,24,116.43,4,0.101,0,,Very_Low,3-4 calls
SUB6683797,3,3,75.63,3,0.472,1,Better Competitor Offer,Medium,3-4 calls
SUB2681641,6,1,109.98,2,0.079,0,,Very_Low,1-2 calls
SUB1516409,6,12,9.09,2,0.41,0,,Medium,1-2 calls
SUB1666165,36,24,9.66,3,0.331,0,,Low,3-4 calls
SUB3788363,6,1,11.05,4,0.709,1,Network Quality Issues,High,3-4 calls
SUB5476321,12,3,27.17,0,0.421,0,,Medium,0 calls
SUB4710388,18,12,22.62,2,0.236,0,,Low,1-2 calls
SUB4235192,24,6,117.37,1,0.068,0,,Very_Low,1-2 calls
SUB2935090,1,12,15.89,1,0.614,1,Network Quality Issues,High,1-2 calls
SUB4937270,12,12,102.77,1,0.082,0,,Very_Low,1-2 calls
SUB7739013,6,6,46.31,1,0.236,0,,Low,1-2 calls
SUB8089975,36,12,41.87,1,0.096,0,,Very_Low,1-2 calls
SUB9805586,1,24,22.55,1,0.409,0,,Medium,1-2 calls
SUB2033316,3,24,7.19,3,0.441,1,Network Quality Issues,Medium,3-4 calls
SUB5819075,6,1,80.45,2,0.102,0,,Very_Low,1-2 calls
SUB5742297,1,12,14.85,2,0.546,0,,Medium,1-2 calls
SUB4868452,12,1,85.08,2,0.115,0,,Very_Low,1-2 calls
SUB9074037,24,24,39.15,1,0.157,0,,Very_Low,1-2 calls
SUB2312743,3,6,108.07,1,0.105,0,,Very_Low,1-2 calls
SUB8420105,24,24,75.37,1,0.096,0,,Very_Low,1-2 calls
SUB1104195,12,3,22.54,1,0.246,0,,Low,1-2 calls
SUB8008443,6,3,36.7,2,0.157,0,,Very_Low,1-2 calls
SUB6276728,6,24,7.47,0,0.328,0,,Low,0 calls
SUB5101036,3,24,34.11,5,0.3,0,,Low,5+ calls
SUB3165251,6,12,6.67,2,0.41,0,,Medium,1-2 calls
SUB8303693,24,3,27.83,3,0.439,1,Service Not Needed,Medium,3-4 calls
SUB4214850,36,3,6.77,2,0.248,1,Price Too High,Low,1-2 calls
SUB8983439,6,12,106.43,4,0.084,0,,Very_Low,3-4 calls
SUB9874883,18,12,30.06,1,0.177,0,,Very_Low,1-2 calls
SUB9687479,1,24,81.04,2,0.136,0,,Very_Low,1-2 calls
SUB9268541,1,3,5.27,2,0.63,1,Price Too High,High,1-2 calls
SUB3949281,60,3,44.8,1,0.052,0,,Very_Low,1-2 calls
SUB8356061,36,12,17.92,1,0.266,0,,Low,1-2 calls
SUB2294929,1,3,17.7,1,0.41,1,Network Quality Issues,Medium,1-2 calls
SUB3504594,36,6,113.16,2,0.026,0,,Very_Low,1-2 calls
SUB2243294,3,12,104.96,2,0.075,0,,Very_Low,1-2 calls
SUB4567675,36,12,29.78,0,0.115,0,,Very_Low,0 calls
SUB8711634,48,6,102.92,2,0.068,0,,Very_Low,1-2 calls
SUB3414802,3,24,77.26,2,0.22,1,Better Competitor Offer,Low,1-2 calls
SUB1443031,3,6,89.5,5,0.147,0,,Very_Low,5+ calls
SUB7444345,48,1,42.81,3,0.079,0,,Very_Low,3-4 calls
SUB3790373,6,1,87.08,3,0.154,0,,Very_Low,3-4 calls
SUB4916643,12,24,108.48,2,0.057,0,,Very_Low,1-2 calls
SUB8061183,6,12,13.37,2,0.22,1,Network Quality Issues,Low,1-2 calls
SUB4287058,24,6,24.5,0,0.164,0,,Very_Low,0 calls
SUB6510493,3,24,19.24,1,0.22,0,,Low,1-2 calls
SUB1290998,12,12,48.88,2,0.189,0,,Very_Low,1-2 calls
SUB5855920,36,3,71.09,1,0.036,0,,Very_Low,1-2 calls
SUB2828022,48,1,73.36,0,0.038,0,,Very_Low,0 calls
SUB7367712,6,24,72.53,2,0.165,0,,Very_Low,1-2 calls
SUB2409854,3,12,20.26,3,0.878,1,Price Too High,Very_High,3-4 calls
SUB8997043,24,6,9.66,2,0.21,0,,Low,1-2 calls
SUB1181360,3,24,20.05,3,0.472,1,Network Quality Issues,Medium,3-4 calls
SUB3444026,24,6,57.94,1,0.096,0,,Very_Low,1-2 calls
SUB3515419,18,12,8.25,1,0.355,0,,Low,1-2 calls
SUB6532410,18,12,15.52,2,0.143,1,Relocation/Moving,Very_Low,1-2 calls
SUB5138286,48,12,20.12,3,0.154,1,Price Too High,Very_Low,3-4 calls
SUB9333100,6,12,9.81,4,0.614,1,Price Too High,High,3-4 calls
SUB7893728,1,1,15.17,2,0.585,0,,Medium,1-2 calls
SUB4584197,60,24,12.6,4,0.236,0,,Low,3-4 calls
SUB1311955,12,24,104.47,2,0.082,0,,Very_Low,1-2 calls
SUB3127599,12,6,13.72,4,0.378,1,Service Not Needed,Low,3-4 calls
SUB5933594,1,12,119.03,3,0.292,0,,Low,3-4 calls
SUB5835451,24,6,14.98,4,0.532,1,Network Quality Issues,Medium,3-4 calls
SUB5382794,24,12,83.69,1,0.068,0,,Very_Low,1-2 calls
SUB8323494,3,12,40.59,1,0.273,0,,Low,1-2 calls
SUB7699144,6,12,89.48,0,0.172,0,,Very_Low,0 calls
SUB5698713,1,12,91.55,0,0.126,0,,Very_Low,0 calls
SUB8867791,36,3,35.0,2,0.037,0,,Very_Low,1-2 calls
SUB4790328,6,1,91.95,1,0.102,1,Better Competitor Offer,Very_Low,1-2 calls
SUB6289730,48,6,42.99,3,0.055,0,,Very_Low,3-4 calls
SUB5437610,18,12,60.89,2,0.096,0,,Very_Low,1-2 calls
SUB4239536,12,6,17.46,2,0.319,0,,Low,1-2 calls
SUB3326133,1,3,108.98,3,0.079,0,,Very_Low,3-4 calls
SUB8948140,1,1,78.63,0,0.176,0,,Very_Low,0 calls
SUB6720626,3,1,8.44,5,0.95,1,Network Quality Issues,Very_High,5+ calls
SUB7221714,3,1,45.82,1,0.273,1,Relocation/Moving,Low,1-2 calls
SUB7374825,6,24,82.16,1,0.051,1,Relocation/Moving,Very_Low,1-2 calls
SUB6005858,3,12,64.94,1,0.147,0,,Very_Low,1-2 calls
SUB8028722,18,1,85.26,1,0.052,0,,Very_Low,1-2 calls
SUB9221252,6,6,20.25,5,0.472,0,,Medium,5+ calls
SUB9975708,24,12,19.28,1,0.205,0,,Low,1-2 calls
SUB4415871,3,24,36.41,3,0.287,0,,Low,3-4 calls
SUB2877971,3,3,26.82,1,0.41,0,,Medium,1-2 calls
SUB8997488,24,3,22.97,1,0.143,0,,Very_Low,1-2 calls
SUB7814612,18,12,37.41,3,0.205,0,,Low,3-4 calls
SUB5963401,1,24,14.71,2,0.546,1,Network Quality Issues,Medium,1-2 calls
SUB3866757,60,3,20.32,3,0.154,0,,Very_Low,3-4 calls
SUB6913318,24,1,7.51,4,0.532,0,,Medium,3-4 calls
SUB7741286,18,3,86.46,2,0.105,0,,Very_Low,1-2 calls
SUB2577969,6,6,18.84,4,0.461,0,,Medium,3-4 calls
SUB4651387,1,6,18.51,4,0.921,1,Network Quality Issues,Very_High,3-4 calls
SUB2711672,6,24,44.53,1,0.205,1,Network Quality Issues,Low,1-2 calls
SUB6905950,6,24,7.06,2,0.315,1,Price Too High,Low,1-2 calls
SUB4212883,1,6,99.23,6,0.315,1,Better Competitor Offer,Low,5+ calls
SUB4028631,24,24,26.66,1,0.205,0,,Low,1-2 calls
SUB8232212,12,1,111.95,2,0.082,0,,Very_Low,1-2 calls
SUB7423959,36,12,36.79,4,0.143,0,,Very_Low,3-4 calls
SUB7984297,3,24,113.58,2,0.177,0,,Very_Low,1-2 calls
SUB5024733,6,6,19.25,2,0.154,0,,Very_Low,1-2 calls
SUB5859221,6,1,5.49,2,0.409,0,,Medium,1-2 calls
SUB4801250,36,3,58.11,3,0.1,0,,Very_Low,3-4 calls
SUB1019675,12,6,18.42,1,0.246,0,,Low,1-2 calls
SUB9462605,3,24,82.64,2,0.103,0,,Very_Low,1-2 calls
SUB1486799,6,12,22.09,2,0.307,0,,Low,1-2 calls
SUB7810805,48,1,72.42,2,0.026,0,,Very_Low,1-2 calls
SUB3238057,18,12,94.06,0,0.063,0,,Very_Low,0 calls
SUB5464344,1,24,109.5,5,0.147,1,Network Quality Issues,Very_Low,5+ calls
SUB1566088,1,12,17.3,1,0.41,0,,Medium,1-2 calls
SUB7558947,6,1,26.85,0,0.284,0,,Low,0 calls
SUB1658003,18,24,113.59,2,0.127,0,,Very_Low,1-2 calls
SUB1805113,6,24,119.68,1,0.056,1,Network Quality Issues,Very_Low,1-2 calls
SUB6028035,36,6,8.7,2,0.103,0,,Very_Low,1-2 calls
SUB5034464,18,6,46.06,3,0.292,0,,Low,3-4 calls
SUB3092101,6,12,11.52,2,0.614,0,,High,1-2 calls
SUB6995134,12,24,91.38,1,0.228,0,,Low,1-2 calls
SUB9503967,12,24,5.53,3,0.491,1,Relocation/Moving,Medium,3-4 calls
SUB7208714,6,24,44.17,2,0.236,0,,Low,1-2 calls
SUB7762126,18,3,82.27,1,0.096,0,,Very_Low,1-2 calls
SUB7342057,3,24,108.55,1,0.074,1,Better Competitor Offer,Very_Low,1-2 calls
SUB4541483,6,12,72.1,2,0.11,0,,Very_Low,1-2 calls
SUB2512760,1,24,16.05,5,0.945,1,Price Too High,Very_High,5+ calls
SUB4557689,12,12,31.72,1,0.234,1,Relocation/Moving,Low,1-2 calls
SUB2863236,1,24,93.69,0,0.042,0,,Very_Low,0 calls
SUB8863426,1,3,57.61,2,0.191,0,,Very_Low,1-2 calls
SUB1450930,18,12,74.81,3,0.158,0,,Very_Low,3-4 calls
SUB8402324,3,3,60.91,2,0.105,0,,Very_Low,1-2 calls
SUB8946232,1,3,21.99,3,0.331,0,,Low,3-4 calls
SUB4498408,1,12,81.76,0,0.229,0,,Low,0 calls
SUB6403252,3,12,24.53,0,0.328,0,,Low,0 calls
SUB1091006,24,6,25.32,2,0.079,0,,Very_Low,1-2 calls
SUB5151785,1,1,109.74,1,0.136,0,,Very_Low,1-2 calls
SUB1688725,24,3,7.81,0,0.252,0,,Low,0 calls
SUB1206487,18,3,27.03,1,0.266,0,,Low,1-2 calls
SUB7389308,12,6,21.73,0,0.151,0,,Very_Low,0 calls
SUB4637820,48,12,10.2,1,0.052,0,,Very_Low,1-2 calls
SUB4284321,36,6,59.43,2,0.067,0,,Very_Low,1-2 calls
SUB8018523,12,24,80.73,3,0.319,1,Network Quality Issues,Low,3-4 calls
SUB1678841,1,1,10.03,3,0.441,1,Relocation/Moving,Medium,3-4 calls
SUB6420712,24,3,38.87,1,0.177,0,,Very_Low,1-2 calls
SUB4452501,1,12,40.25,1,0.315,0,,Low,1-2 calls
SUB9433840,6,24,12.52,0,0.126,1,Network Quality Issues,Very_Low,0 calls
SUB3445840,12,1,71.4,2,0.213,1,Better Competitor Offer,Low,1-2 calls
SUB6451973,1,24,20.3,1,0.532,0,,Medium,1-2 calls
SUB2379904,18,12,77.77,1,0.074,1,Better Competitor Offer,Very_Low,1-2 calls
SUB8353172,6,12,8.14,3,0.709,1,Network Quality Issues,High,3-4 calls
SUB2437188,6,24,22.42,2,0.118,0,,Very_Low,1-2 calls
SUB2656321,18,3,8.58,3,0.41,1,Relocation/Moving,Medium,3-4 calls
SUB1538645,12,12,6.83,4,0.491,1,Poor Customer Service,Medium,3-4 calls
SUB6354552,6,24,100.21,0,0.123,1,Network Quality Issues,Very_Low,0 calls
SUB5525121,3,24,6.36,1,0.546,0,,Medium,1-2 calls
SUB6832801,24,12,7.94,2,0.147,0,,Very_Low,1-2 calls
SUB7911855,24,24,108.93,2,0.068,0,,Very_Low,1-2 calls
SUB7550091,3,12,34.57,0,0.18,0,,Very_Low,0 calls
SUB8790574,6,12,7.87,1,0.41,0,,Medium,1-2 calls
SUB4366823,60,1,99.53,3,0.039,0,,Very_Low,3-4 calls
SUB8370683,60,6,10.57,1,0.136,0,,Very_Low,1-2 calls
SUB3167354,18,6,57.23,2,0.051,0,,Very_Low,1-2 calls
SUB7439522,24,6,6.41,2,0.21,0,,Low,1-2 calls
SUB6047999,24,24,45.02,3,0.205,0,,Low,3-4 calls
SUB5385010,12,24,47.63,4,0.246,0,,Low,3-4 calls
SUB5818750,1,6,22.19,3,0.614,1,Network Quality Issues,High,3-4 calls
SUB5991536,24,6,47.89,1,0.105,0,,Very_Low,1-2 calls
SUB4471750,3,12,42.29,1,0.105,1,Network Quality Issues,Very_Low,1-2 calls
SUB5475156,6,24,50.58,1,0.165,0,,Very_Low,1-2 calls
SUB3765331,6,1,111.44,3,0.177,0,,Very_Low,3-4 calls
SUB9070297,6,6,45.56,2,0.236,0,,Low,1-2 calls
SUB9976766,12,24,41.86,1,0.088,1,Network Quality Issues,Very_Low,1-2 calls
SUB3630723,12,12,39.19,4,0.246,0,,Low,3-4 calls
SUB1865139,12,12,51.07,1,0.132,0,,Very_Low,1-2 calls
SUB8543159,3,12,25.51,2,0.41,1,Price Too High,Medium,1-2 calls
SUB6384935,18,12,38.7,0,0.084,0,,Very_Low,0 calls
SUB3901717,24,24,49.47,2,0.136,1,Relocation/Moving,Very_Low,1-2 calls
SUB7285939,12,24,96.43,2,0.063,0,,Very_Low,1-2 calls
SUB7816525,36,6,37.85,1,0.124,0,,Very_Low,1-2 calls
SUB3211738,12,1,26.15,2,0.319,0,,Low,1-2 calls
SUB6692796,18,6,35.97,3,0.307,0,,Low,3-4 calls
SUB9678376,1,3,53.59,3,0.331,1,Relocation/Moving,Low,3-4 calls
SUB7822567,3,1,101.04,2,0.177,0,,Very_Low,1-2 calls
SUB3639929,24,24,85.21,4,0.143,0,,Very_Low,3-4 calls
SUB4133211,6,12,82.06,2,0.146,0,,Very_Low,1-2 calls
SUB8440449,1,1,29.42,1,0.472,1,Network Quality Issues,Medium,1-2 calls
SUB2726199,18,24,41.76,2,0.157,0,,Very_Low,1-2 calls
SUB6071915,1,24,50.44,2,0.134,0,,Very_Low,1-2 calls
SUB1443945,18,24,20.95,5,0.315,0,,Low,5+ calls
SUB8382003,18,24,24.85,1,0.225,0,,Low,1-2 calls
SUB7310114,12,1,83.3,1,0.062,0,,Very_Low,1-2 calls
SUB1021253,18,12,74.09,7,0.287,0,,Low,5+ calls
SUB4603110,24,1,107.06,3,0.154,0,,Very_Low,3-4 calls
SUB3276787,3,12,116.3,2,0.136,0,,Very_Low,1-2 calls
SUB8690840,18,3,27.93,2,0.236,0,,Low,1-2 calls
SUB7501553,18,24,99.8,1,0.127,0,,Very_Low,1-2 calls
SUB2274634,3,24,5.3,1,0.71,1,Price Too High,High,1-2 calls
SUB3755063,24,12,74.88,0,0.142,0,,Very_Low,0 calls
SUB2228807,24,12,18.95,1,0.205,0,,Low,1-2 calls
SUB9511383,3,24,24.12,3,0.614,0,,High,3-4 calls
SUB6163515,6,6,98.26,1,0.118,0,,Very_Low,1-2 calls
SUB8601748,48,12,22.52,3,0.23,0,,Low,3-4 calls
SUB5463158,1,3,53.33,4,0.331,1,Network Quality Issues,Low,3-4 calls
SUB9803208,6,24,13.7,3,0.709,1,Network Quality Issues,High,3-4 calls
SUB7181422,18,24,6.53,3,0.41,0,,Medium,3-4 calls
SUB3269070,60,6,27.81,2,0.079,0,,Very_Low,1-2 calls
SUB5413359,6,12,44.41,3,0.95,1,Service Not Needed,Very_High,3-4 calls
SUB8640167,24,6,23.31,1,0.11,0,,Very_Low,1-2 calls
SUB3831569,6,1,17.6,0,0.369,1,Price Too High,Low,0 calls
SUB8322153,6,3,53.61,1,0.143,0,,Very_Low,1-2 calls
SUB3519507,60,1,9.98,1,0.136,0,,Very_Low,1-2 calls
SUB2256715,24,6,18.58,3,0.439,0,,Medium,3-4 calls
SUB9468865,6,3,94.15,3,0.23,0,,Low,3-4 calls
SUB2526534,3,12,25.92,2,0.157,0,,Very_Low,1-2 calls
SUB1824143,1,12,15.5,1,0.614,1,Price Too High,High,1-2 calls
SUB8346562,12,24,66.29,2,0.044,0,,Very_Low,1-2 calls
SUB4802986,6,12,88.72,5,0.22,0,,Low,5+ calls
SUB1371616,12,12,75.23,4,0.172,0,,Very_Low,3-4 calls
SUB2960155,12,24,86.31,3,0.176,1,Relocation/Moving,Very_Low,3-4 calls
SUB3710527,60,24,12.82,2,0.136,0,,Very_Low,1-2 calls
SUB2768967,1,1,94.49,0,0.126,1,Network Quality Issues,Very_Low,0 calls
SUB9370043,12,12,110.21,2,0.082,0,,Very_Low,1-2 calls
SUB1279215,1,6,118.82,3,0.157,0,,Very_Low,3-4 calls
SUB3843236,18,12,36.38,3,0.205,0,,Low,3-4 calls
SUB8379933,1,24,114.49,4,0.236,0,,Low,3-4 calls
SUB9661957,24,1,28.08,1,0.205,1,Price Too High,Low,1-2 calls
SUB7153973,36,1,76.27,1,0.036,0,,Very_Low,1-2 calls
SUB7035218,60,1,7.13,1,0.136,1,Network Quality Issues,Very_Low,1-2 calls
SUB2960584,3,24,84.67,0,0.153,0,,Very_Low,0 calls
SUB7223754,60,6,30.61,2,0.026,0,,Very_Low,1-2 calls
SUB6585709,12,6,11.59,0,0.262,0,,Low,0 calls
SUB1578688,18,6,107.97,1,0.068,0,,Very_Low,1-2 calls
SUB5226156,1,3,49.63,0,0.118,0,,Very_Low,0 calls
SUB6755892,12,1,65.31,1,0.132,0,,Very_Low,1-2 calls
SUB8983372,6,24,15.78,2,0.307,0,,Low,1-2 calls
SUB9127747,12,3,108.69,4,0.142,0,,Very_Low,3-4 calls
SUB5227995,3,24,44.74,2,0.273,0,,Low,1-2 calls
SUB8337694,18,24,26.84,1,0.205,0,,Low,1-2 calls
SUB9921334,18,12,44.56,2,0.052,0,,Very_Low,1-2 calls
SUB4952255,3,6,89.99,2,0.287,1,Better Competitor Offer,Low,1-2 calls
SUB4817242,60,12,69.58,3,0.072,0,,Very_Low,3-4 calls
SUB5990488,1,1,17.0,0,0.491,0,,Medium,0 calls
SUB1239968,6,24,19.47,3,0.354,0,,Low,3-4 calls
SUB9677571,6,6,42.49,4,0.461,1,Relocation/Moving,Medium,3-4 calls
SUB3592536,18,6,117.51,2,0.052,0,,Very_Low,1-2 calls
SUB6504381,36,1,56.44,1,0.026,0,,Very_Low,1-2 calls
SUB1519165,18,24,27.05,1,0.236,0,,Low,1-2 calls
SUB5414084,1,24,26.28,0,0.378,0,,Low,0 calls
SUB4440866,36,12,47.38,3,0.077,1,Network Quality Issues,Very_Low,3-4 calls
SUB4878363,6,24,93.91,1,0.102,0,,Very_Low,1-2 calls
SUB2027557,3,24,11.16,1,0.294,1,Price Too High,Low,1-2 calls
SUB8435697,12,3,61.65,2,0.062,0,,Very_Low,1-2 calls
SUB6898885,36,12,21.79,3,0.215,1,Network Quality Issues,Low,3-4 calls
SUB8601723,1,12,18.65,1,0.614,0,,High,1-2 calls
SUB8946155,18,12,8.01,1,0.105,0,,Very_Low,1-2 calls
SUB6688238,6,3,85.43,1,0.102,0,,Very_Low,1-2 calls
SUB7703560,18,24,82.68,1,0.165,1,Network Quality Issues,Very_Low,1-2 calls
SUB2785559,6,6,13.53,2,0.315,0,,Low,1-2 calls
SUB9697057,60,12,41.26,4,0.102,0,,Very_Low,3-4 calls
SUB1533634,3,1,10.38,5,0.588,0,,Medium,5+ calls
SUB4932747,3,6,84.36,1,0.22,1,Better Competitor Offer,Low,1-2 calls
SUB9578845,1,12,79.95,2,0.191,0,,Very_Low,1-2 calls
SUB9102873,24,6,26.09,1,0.157,0,,Very_Low,1-2 calls
SUB5623636,1,6,8.67,2,0.42,0,,Medium,1-2 calls
SUB8556855,6,3,79.19,0,0.115,0,,Very_Low,0 calls
SUB6334233,3,6,52.3,2,0.191,0,,Very_Low,1-2 calls
SUB2406368,6,12,8.59,1,0.41,1,Price Too High,Medium,1-2 calls
SUB7841300,24,24,33.45,0,0.109,1,Network Quality Issues,Very_Low,0 calls
SUB6785267,60,6,59.92,1,0.037,0,,Very_Low,1-2 calls
SUB2224744,36,12,30.31,1,0.096,0,,Very_Low,1-2 calls
SUB6970226,36,24,16.58,2,0.165,1,Price Too High,Very_Low,1-2 calls
SUB5862894,12,12,41.81,3,0.283,0,,Low,3-4 calls
SUB3131018,24,1,34.41,0,0.084,0,,Very_Low,0 calls
SUB9210710,24,24,36.69,1,0.157,0,,Very_Low,1-2 calls
SUB4489429,6,24,82.03,4,0.083,1,Better Competitor Offer,Very_Low,3-4 calls
SUB7888260,6,3,10.54,1,0.315,0,,Low,1-2 calls
SUB7478443,12,3,37.49,2,0.088,0,,Very_Low,1-2 calls
SUB1294746,60,24,6.96,4,0.11,0,,Very_Low,3-4 calls
SUB6710754,3,12,18.9,2,0.472,0,,Medium,1-2 calls
SUB6432019,60,3,76.13,2,0.026,0,,Very_Low,1-2 calls
SUB5352892,3,12,119.3,2,0.177,1,Better Competitor Offer,Very_Low,1-2 calls
SUB2702159,12,12,12.36,0,0.202,0,,Low,0 calls
SUB4757985,6,6,107.73,2,0.079,1,Network Quality Issues,Very_Low,1-2 calls
SUB4802177,12,12,29.85,1,0.284,1,Price Too High,Low,1-2 calls
SUB9512558,60,12,24.96,1,0.102,0,,Very_Low,1-2 calls
SUB2153224,18,12,8.81,1,0.273,0,,Low,1-2 calls
SUB3650235,6,12,34.67,0,0.126,1,Network Quality Issues,Very_Low,0 calls
SUB5740039,18,1,30.95,1,0.177,0,,Very_Low,1-2 calls
SUB9299350,12,3,18.92,2,0.246,1,Relocation/Moving,Low,1-2 calls
SUB3303554,48,6,48.46,0,0.055,0,,Very_Low,0 calls
SUB5020120,6,1,42.34,4,0.439,0,,Medium,3-4 calls
SUB3946862,18,12,32.03,3,0.079,0,,Very_Low,3-4 calls
SUB3676517,36,24,19.33,1,0.077,0,,Very_Low,1-2 calls
SUB5307086,60,24,86.11,3,0.051,0,,Very_Low,3-4 calls
SUB8331006,24,6,87.95,3,0.165,0,,Very_Low,3-4 calls
SUB9329442,48,12,17.3,2,0.118,0,,Very_Low,1-2 calls
SUB7169912,12,1,15.63,1,0.246,1,Price Too High,Low,1-2 calls
SUB9831924,24,3,68.37,2,0.051,0,,Very_Low,1-2 calls
SUB4517741,1,1,12.1,2,0.546,1,Service Not Needed,Medium,1-2 calls
SUB7168563,18,24,62.78,2,0.096,0,,Very_Low,1-2 calls
SUB4456653,1,12,19.19,4,0.95,1,Service Not Needed,Very_High,3-4 calls
SUB6429219,6,3,41.46,5,0.157,0,,Very_Low,5+ calls
SUB1475595,18,12,19.82,4,0.658,0,,High,3-4 calls
SUB2888806,3,6,99.51,2,0.157,0,,Very_Low,1-2 calls
SUB3148091,3,6,86.18,2,0.136,0,,Very_Low,1-2 calls
SUB4961676,1,24,80.32,1,0.105,0,,Very_Low,1-2 calls
SUB2760462,24,12,12.58,2,0.105,0,,Very_Low,1-2 calls
SUB5058848,12,12,76.31,3,0.198,0,,Very_Low,3-4 calls
SUB1809178,36,1,39.39,3,0.165,0,,Very_Low,3-4 calls
SUB8932310,6,1,71.34,0,0.08,1,Better Competitor Offer,Very_Low,0 calls
SUB5777402,12,12,20.45,4,0.283,0,,Low,3-4 calls
SUB7934106,12,3,78.04,3,0.066,0,,Very_Low,3-4 calls
SUB8486327,36,6,89.38,1,0.048,0,,Very_Low,1-2 calls
SUB3562605,6,12,25.45,4,0.461,1,Poor Customer Service,Medium,3-4 calls
SUB1721037,1,6,29.89,4,0.709,1,Relocation/Moving,High,3-4 calls
SUB6507683,18,1,13.47,2,0.315,0,,Low,1-2 calls
SUB7417954,36,12,27.3,3,0.165,0,,Very_Low,3-4 calls
SUB2021469,18,24,35.81,2,0.136,0,,Very_Low,1-2 calls
SUB7756350,6,3,50.95,1,0.165,0,,Very_Low,1-2 calls
SUB6779277,18,24,20.28,3,0.215,0,,Low,3-4 calls
SUB3892371,60,12,33.4,0,0.063,0,,Very_Low,0 calls
SUB7970199,18,12,41.63,2,0.105,0,,Very_Low,1-2 calls
SUB1463001,6,12,21.97,1,0.307,0,,Low,1-2 calls
SUB7011493,6,12,31.48,2,0.143,0,,Very_Low,1-2 calls
SUB3822136,60,12,6.89,0,0.126,1,Price Too High,Very_Low,0 calls
SUB1515693,36,24,46.31,0,0.076,0,,Very_Low,0 calls
SUB3636722,6,6,13.26,5,0.95,1,Service Not Needed,Very_High,5+ calls
SUB8818114,6,12,61.93,2,0.143,1,Network Quality Issues,Very_Low,1-2 calls
SUB1239017,24,1,14.95,1,0.21,1,Price Too High,Low,1-2 calls
SUB1414994,60,3,118.43,4,0.11,0,,Very_Low,3-4 calls
SUB1941768,12,24,57.51,1,0.149,0,,Very_Low,1-2 calls
SUB6712044,6,1,29.73,1,0.307,1,Price Too High,Low,1-2 calls
SUB9043846,6,24,28.12,2,0.165,1,Price Too High,Very_Low,1-2 calls
SUB2076941,24,12,21.94,2,0.236,1,Price Too High,Low,1-2 calls
SUB1465982,18,24,74.69,1,0.11,0,,Very_Low,1-2 calls
SUB3538568,18,24,24.83,2,0.236,0,,Low,1-2 calls
SUB1273146,3,24,59.78,1,0.22,0,,Low,1-2 calls
SUB6453174,3,12,13.29,3,0.315,0,,Low,3-4 calls
SUB7124152,1,24,5.67,2,0.42,0,,Medium,1-2 calls
SUB2164795,48,6,16.44,0,0.082,0,,Very_Low,0 calls
SUB8130030,6,1,9.22,4,0.307,1,Service Not Needed,Low,3-4 calls
SUB3677747,24,12,49.99,0,0.156,0,,Very_Low,0 calls
SUB3409381,36,12,13.99,3,0.95,1,Price Too High,Very_High,3-4 calls
SUB8026492,18,1,107.45,1,0.089,0,,Very_Low,1-2 calls
SUB9309411,12,24,80.38,5,0.298,0,,Low,5+ calls
SUB7859216,1,1,20.14,1,0.315,1,Price Too High,Low,1-2 calls
SUB3943295,6,6,33.91,1,0.236,0,,Low,1-2 calls
SUB4283616,6,6,49.78,0,0.304,1,Network Quality Issues,Low,0 calls
SUB1077175,18,1,87.72,4,0.165,0,,Very_Low,3-4 calls
SUB3078808,24,1,29.3,1,0.307,0,,Low,1-2 calls
SUB2357453,24,6,9.37,2,0.355,1,Network Quality Issues,Low,1-2 calls
SUB4011786,36,6,24.71,8,0.331,0,,Low,5+ calls
SUB1095028,1,24,37.81,1,0.273,0,,Low,1-2 calls
SUB2558242,18,6,100.72,1,0.068,0,,Very_Low,1-2 calls
SUB5319453,3,1,108.04,5,0.39,0,,Low,5+ calls
SUB5948008,60,3,11.11,1,0.157,1,Price Too High,Very_Low,1-2 calls
SUB6445315,12,12,56.97,3,0.224,1,Network Quality Issues,Low,3-4 calls
SUB9552442,18,24,85.03,7,0.11,0,,Very_Low,5+ calls
SUB3367555,6,24,14.47,0,0.378,0,,Low,0 calls
SUB4012359,6,1,51.7,3,0.116,0,,Very_Low,3-4 calls
SUB3414165,18,1,49.13,2,0.074,1,Network Quality Issues,Very_Low,1-2 calls
SUB8204776,48,1,53.65,5,0.205,0,,Low,5+ calls
SUB4208823,1,12,40.06,3,0.675,1,Relocation/Moving,High,3-4 calls
SUB8457918,36,6,87.46,6,0.102,0,,Very_Low,5+ calls
SUB6051646,6,1,17.32,2,0.354,0,,Low,1-2 calls
SUB4625654,3,1,73.02,1,0.191,0,,Very_Low,1-2 calls
SUB1285711,24,24,15.7,3,0.236,0,,Low,3-4 calls
SUB6278172,1,24,17.97,4,0.614,1,Service Not Needed,High,3-4 calls
SUB7912880,24,1,80.31,1,0.079,1,Network Quality Issues,Very_Low,1-2 calls
SUB1575919,12,3,56.18,1,0.115,0,,Very_Low,1-2 calls
SUB4331106,3,24,19.88,6,0.819,0,,Very_High,5+ calls
SUB1422381,3,12,43.32,1,0.21,0,,Low,1-2 calls
SUB1976433,24,24,5.75,2,0.136,0,,Very_Low,1-2 calls
SUB9222462,36,12,16.06,2,0.077,0,,Very_Low,1-2 calls
SUB5900164,18,12,52.05,0,0.099,0,,Very_Low,0 calls
SUB7336356,24,3,48.22,1,0.105,0,,Very_Low,1-2 calls
SUB6679042,36,24,37.64,0,0.041,0,,Very_Low,0 calls
SUB1401067,12,24,53.43,3,0.066,0,,Very_Low,3-4 calls
SUB8094176,3,6,23.39,2,0.41,1,Price Too High,Medium,1-2 calls
SUB1460796,12,12,12.39,1,0.176,0,,Very_Low,1-2 calls
SUB8740616,60,6,27.76,2,0.102,1,Price Too High,Very_Low,1-2 calls
SUB6994376,12,6,101.36,2,0.082,0,,Very_Low,1-2 calls
SUB6289283,48,24,80.13,3,0.02,0,,Very_Low,3-4 calls
SUB6858338,24,6,20.09,1,0.236,1,Network Quality Issues,Low,1-2 calls
SUB5989904,24,24,5.82,2,0.315,0,,Low,1-2 calls
SUB1312023,3,24,48.29,3,0.315,0,,Low,3-4 calls
SUB7270016,6,6,88.76,3,0.461,0,,Medium,3-4 calls
SUB8320583,24,24,20.37,4,0.829,1,Price Too High,Very_High,3-4 calls
SUB8822636,18,6,37.24,3,0.157,0,,Very_Low,3-4 calls
SUB4177902,36,1,96.04,1,0.072,0,,Very_Low,1-2 calls
SUB1755111,3,1,33.69,2,0.273,1,Relocation/Moving,Low,1-2 calls
SUB3320715,24,12,16.78,2,0.11,0,,Very_Low,1-2 calls
SUB3234805,1,1,37.59,0,0.218,0,,Low,0 calls
SUB5304459,6,24,5.39,1,0.157,0,,Very_Low,1-2 calls
SUB2899054,18,24,10.68,1,0.147,0,,Very_Low,1-2 calls
SUB4457550,60,12,99.79,2,0.044,0,,Very_Low,1-2 calls
SUB2550184,60,12,23.82,3,0.177,0,,Very_Low,3-4 calls
SUB5174482,12,12,16.44,0,0.379,1,Price Too High,Low,0 calls
SUB9153113,24,12,35.25,3,0.38,1,Service Not Needed,Low,3-4 calls
SUB4273523,18,6,83.05,1,0.079,0,,Very_Low,1-2 calls
SUB9477276,24,6,77.61,1,0.051,0,,Very_Low,1-2 calls
SUB7961383,24,24,5.02,0,0.118,0,,Very_Low,0 calls
SUB8960339,12,1,70.69,3,0.132,0,,Very_Low,3-4 calls
SUB3770742,24,6,33.72,1,0.177,0,,Very_Low,1-2 calls
SUB3770374,18,12,34.13,1,0.105,0,,Very_Low,1-2 calls
SUB8296405,3,24,67.07,1,0.273,1,Relocation/Moving,Low,1-2 calls
SUB7846539,60,1,7.5,0,0.076,0,,Very_Low,0 calls
SUB9659522,6,12,117.5,2,0.039,0,,Very_Low,1-2 calls
SUB5109803,60,6,30.21,1,0.068,0,,Very_Low,1-2 calls
SUB6636289,6,12,22.47,2,0.165,1,Network Quality Issues,Very_Low,1-2 calls
SUB9751063,36,6,45.82,1,0.037,0,,Very_Low,1-2 calls
SUB2034586,18,12,20.56,4,0.354,0,,Low,3-4 calls
SUB7040502,6,3,42.39,2,0.236,0,,Low,1-2 calls
SUB6547094,48,12,5.35,0,0.059,1,Service Not Needed,Very_Low,0 calls
SUB4100581,18,12,18.91,4,0.354,0,,Low,3-4 calls
SUB3661637,36,24,80.12,2,0.077,0,,Very_Low,1-2 calls
SUB4672277,24,3,77.95,1,0.11,0,,Very_Low,1-2 calls
SUB3084504,1,12,18.55,2,0.41,0,,Medium,1-2 calls
SUB4021372,6,6,44.92,2,0.236,1,Relocation/Moving,Low,1-2 calls
SUB5854042,12,3,45.92,0,0.17,0,,Very_Low,0 calls
SUB3471378,48,6,21.53,3,0.059,0,,Very_Low,3-4 calls
SUB4830121,1,3,29.32,3,0.878,0,,Very_High,3-4 calls
SUB6353912,3,3,78.91,3,0.41,1,Network Quality Issues,Medium,3-4 calls
SUB2353324,18,12,26.27,2,0.236,0,,Low,1-2 calls
SUB7753008,18,12,89.44,1,0.098,0,,Very_Low,1-2 calls
SUB7124386,3,1,38.95,0,0.168,0,,Very_Low,0 calls
SUB4372455,48,12,118.53,2,0.056,0,,Very_Low,1-2 calls
SUB5268173,3,6,22.77,2,0.472,0,,Medium,1-2 calls
SUB7034722,3,24,85.8,4,0.287,0,,Low,3-4 calls
SUB8010131,18,6,11.44,0,0.118,0,,Very_Low,0 calls
SUB5396720,12,1,74.42,2,0.088,0,,Very_Low,1-2 calls
SUB5070028,1,6,21.8,1,0.315,1,Price Too High,Low,1-2 calls
SUB8951036,48,6,30.87,0,0.042,0,,Very_Low,0 calls
SUB7869989,1,1,7.45,3,0.819,0,,Very_High,3-4 calls
SUB2369277,3,6,8.42,2,0.382,1,Relocation/Moving,Low,1-2 calls
SUB6522567,36,24,51.21,2,0.11,0,,Very_Low,1-2 calls
SUB7722090,6,24,35.68,2,0.157,0,,Very_Low,1-2 calls
SUB1749971,24,12,41.04,3,0.219,0,,Low,3-4 calls
SUB9222502,3,6,15.38,0,0.176,0,,Very_Low,0 calls
SUB8749972,1,3,22.34,1,0.76,1,Price Too High,High,1-2 calls
SUB5460276,6,6,86.48,1,0.143,0,,Very_Low,1-2 calls
SUB8456688,24,1,77.66,4,0.11,0,,Very_Low,3-4 calls
SUB5075837,18,1,23.34,2,0.11,0,,Very_Low,1-2 calls
SUB3233706,6,12,43.02,1,0.205,0,,Low,1-2 calls
SUB7094645,18,24,81.4,3,0.143,0,,Very_Low,3-4 calls
SUB9874365,18,1,109.03,4,0.154,0,,Very_Low,3-4 calls
SUB3054376,18,6,14.14,4,0.315,0,,Low,3-4 calls
SUB2185111,48,1,54.24,1,0.048,0,,Very_Low,1-2 calls
SUB5961828,24,6,23.5,0,0.063,0,,Very_Low,0 calls
SUB8732752,24,24,68.21,2,0.124,0,,Very_Low,1-2 calls
SUB3392919,12,1,16.05,1,0.132,0,,Very_Low,1-2 calls
SUB2500948,18,12,33.88,2,0.136,0,,Very_Low,1-2 calls
SUB7327090,3,1,44.74,5,0.42,1,Poor Customer Service,Medium,5+ calls
SUB5107834,6,6,26.92,1,0.165,0,,Very_Low,1-2 calls
SUB3408630,12,6,44.58,1,0.526,1,Service Not Needed,Medium,1-2 calls
SUB6837196,24,6,84.04,1,0.124,0,,Very_Low,1-2 calls
SUB9095213,6,12,31.22,5,0.22,0,,Low,5+ calls
SUB3702994,12,24,7.6,2,0.252,0,,Low,1-2 calls
SUB6919626,60,3,13.47,6,0.315,1,Price Too High,Low,5+ calls
SUB6557805,6,12,79.43,1,0.143,0,,Very_Low,1-2 calls
SUB5902444,18,6,84.33,2,0.074,0,,Very_Low,1-2 calls
SUB1192512,3,24,81.16,0,0.059,0,,Very_Low,0 calls
SUB4714379,12,24,29.44,3,0.553,1,Price Too High,Medium,3-4 calls
SUB6845447,6,1,44.4,1,0.236,0,,Low,1-2 calls
SUB2549420,1,24,23.51,3,0.921,1,Price Too High,Very_High,3-4 calls
SUB4345647,18,12,91.54,1,0.079,0,,Very_Low,1-2 calls
SUB9312934,6,24,28.49,0,0.284,0,,Low,0 calls
SUB4900379,6,12,17.86,4,0.461,0,,Medium,3-4 calls
SUB4804409,36,1,55.15,7,0.232,1,Network Quality Issues,Low,5+ calls
SUB7722055,6,12,81.9,2,0.055,0,,Very_Low,1-2 calls
SUB2520982,12,12,7.38,1,0.328,1,Relocation/Moving,Low,1-2 calls
SUB7281646,48,3,23.22,1,0.073,0,,Very_Low,1-2 calls
SUB4998422,1,12,46.49,1,0.147,0,,Very_Low,1-2 calls
SUB7426288,48,12,44.1,2,0.052,0,,Very_Low,1-2 calls
SUB3164563,12,24,11.55,3,0.344,0,,Low,3-4 calls
SUB6181377,24,12,85.88,2,0.096,0,,Very_Low,1-2 calls
SUB6281091,6,6,43.17,0,0.115,0,,Very_Low,0 calls
SUB5408285,12,24,69.9,0,0.092,0,,Very_Low,0 calls
SUB9012369,12,12,18.05,4,0.425,1,Price Too High,Medium,3-4 calls
SUB5204955,48,6,13.79,3,0.205,1,Network Quality Issues,Low,3-4 calls
SUB6059667,18,1,67.89,0,0.142,0,,Very_Low,0 calls
SUB9090736,3,12,67.18,1,0.191,0,,Very_Low,1-2 calls
SUB3985696,18,1,89.0,3,0.186,0,,Very_Low,3-4 calls
SUB9143179,36,24,63.21,4,0.186,0,,Very_Low,3-4 calls
SUB9826233,3,24,9.96,0,0.336,0,,Low,0 calls
SUB4301106,6,3,23.21,2,0.461,1,Relocation/Moving,Medium,1-2 calls
SUB2372070,18,1,20.35,1,0.079,0,,Very_Low,1-2 calls
SUB3593726,60,12,108.82,0,0.039,0,,Very_Low,0 calls
SUB7721308,12,3,43.59,2,0.09,0,,Very_Low,1-2 calls
SUB9241353,18,12,14.1,3,0.76,1,Price Too High,High,3-4 calls
SUB6670706,3,6,24.53,1,0.532,1,Network Quality Issues,Medium,1-2 calls
SUB5450252,24,12,83.6,1,0.026,0,,Very_Low,1-2 calls
SUB9494630,3,24,61.34,0,0.084,0,,Very_Low,0 calls
SUB6655635,6,6,94.13,6,0.158,0,,Very_Low,5+ calls
SUB5975045,24,12,23.33,0,0.164,0,,Very_Low,0 calls
SUB1470529,24,6,48.49,1,0.195,1,Network Quality Issues,Very_Low,1-2 calls
SUB1161445,6,24,19.76,0,0.246,0,,Low,0 calls
SUB4834242,36,1,10.46,1,0.191,1,Relocation/Moving,Very_Low,1-2 calls
SUB7494503,24,6,10.16,2,0.273,0,,Low,1-2 calls
SUB1684029,18,3,24.13,5,0.41,0,,Medium,5+ calls
SUB6337355,3,3,40.56,2,0.21,0,,Low,1-2 calls
SUB9898978,48,12,116.48,1,0.034,0,,Very_Low,1-2 calls
SUB7981440,12,6,9.82,1,0.252,0,,Low,1-2 calls
SUB4999694,12,6,82.49,4,0.047,0,,Very_Low,3-4 calls
SUB4308505,48,6,26.65,4,0.154,0,,Very_Low,3-4 calls
SUB9201428,60,6,15.0,1,0.055,0,,Very_Low,1-2 calls
SUB1208944,24,3,16.02,1,0.157,0,,Very_Low,1-2 calls
SUB6186686,24,24,23.84,1,0.157,0,,Very_Low,1-2 calls
SUB8576472,6,12,26.53,2,0.337,0,,Low,1-2 calls
SUB2361303,6,3,62.35,3,0.95,1,Service Not Needed,Very_High,3-4 calls
SUB5201765,18,1,72.41,2,0.096,0,,Very_Low,1-2 calls
SUB8964443,60,1,61.67,4,0.133,0,,Very_Low,3-4 calls
SUB3894100,24,6,16.31,1,0.236,0,,Low,1-2 calls
SUB5666805,24,6,62.46,4,0.307,1,Poor Customer Service,Low,3-4 calls
SUB2197162,6,3,43.91,0,0.189,0,,Very_Low,0 calls
SUB2046161,12,12,116.99,4,0.066,0,,Very_Low,3-4 calls
SUB7674851,6,24,23.95,3,0.461,1,Price Too High,Medium,3-4 calls
SUB5688482,6,1,88.79,2,0.118,0,,Very_Low,1-2 calls
SUB9348022,24,1,83.03,3,0.165,0,,Very_Low,3-4 calls
SUB7983604,1,6,83.16,4,0.22,1,Better Competitor Offer,Low,3-4 calls
SUB2897501,3,6,11.84,3,0.945,1,Network Quality Issues,Very_High,3-4 calls
SUB5754619,12,6,42.76,1,0.304,0,,Low,1-2 calls
SUB7465377,6,12,45.23,4,0.658,1,Network Quality Issues,High,3-4 calls
SUB7129439,48,1,8.74,6,0.147,0,,Very_Low,5+ calls
SUB4885250,3,6,19.6,3,0.439,1,Price Too High,Medium,3-4 calls
SUB9991899,6,24,104.18,3,0.127,0,,Very_Low,3-4 calls
SUB5902059,3,24,19.88,0,0.426,1,Network Quality Issues,Medium,0 calls
SUB7607912,36,12,5.05,3,0.22,0,,Low,3-4 calls
SUB6573694,3,1,34.09,1,0.39,1,Relocation/Moving,Low,1-2 calls
SUB6228566,6,12,11.37,3,0.799,0,,High,3-4 calls
SUB1719407,18,12,41.69,1,0.136,0,,Very_Low,1-2 calls
SUB3538143,1,3,42.81,3,0.472,0,,Medium,3-4 calls
SUB1337913,24,12,16.73,2,0.11,0,,Very_Low,1-2 calls
SUB1328821,24,24,57.97,2,0.11,0,,Very_Low,1-2 calls
SUB4887008,6,12,12.1,3,0.614,1,Relocation/Moving,High,3-4 calls
SUB7725275,12,6,99.65,2,0.082,0,,Very_Low,1-2 calls
SUB4615652,18,6,117.31,3,0.146,0,,Very_Low,3-4 calls
SUB6193734,48,1,14.86,2,0.074,0,,Very_Low,1-2 calls
SUB9457411,18,12,73.07,2,0.074,0,,Very_Low,1-2 calls
SUB8772580,6,24,34.65,5,0.45,1,Poor Customer Service,Medium,5+ calls
SUB1807744,12,24,47.24,1,0.304,1,Relocation/Moving,Low,1-2 calls
SUB6720622,12,6,18.59,2,0.284,0,,Low,1-2 calls
SUB9634012,12,6,19.71,1,0.246,0,,Low,1-2 calls
SUB7933705,12,1,105.61,0,0.036,0,,Very_Low,0 calls
SUB6545403,6,12,18.76,0,0.094,0,,Very_Low,0 calls
SUB1017297,36,12,8.42,1,0.147,1,Price Too High,Very_Low,1-2 calls
SUB1788443,6,6,17.49,2,0.354,0,,Low,1-2 calls
SUB4265962,12,12,34.6,0,0.197,0,,Very_Low,0 calls
SUB7010334,6,12,116.42,1,0.102,0,,Very_Low,1-2 calls
SUB6752613,12,12,49.62,1,0.088,0,,Very_Low,1-2 calls
SUB2333572,18,6,21.67,2,0.157,0,,Very_Low,1-2 calls
SUB6637025,24,12,26.04,2,0.11,0,,Very_Low,1-2 calls
SUB9072879,24,12,21.99,5,0.315,0,,Low,5+ calls
SUB5701669,24,1,7.13,0,0.252,1,Network Quality Issues,Low,0 calls
SUB4765056,12,3,35.73,2,0.351,1,Service Not Needed,Low,1-2 calls
SUB4325315,1,24,14.92,0,0.504,1,Network Quality Issues,Medium,0 calls
SUB6217092,12,3,55.69,1,0.126,0,,Very_Low,1-2 calls
SUB9264605,1,6,30.34,1,0.315,1,Relocation/Moving,Low,1-2 calls
SUB1828791,60,3,83.81,2,0.037,0,,Very_Low,1-2 calls
SUB4820887,12,1,93.86,1,0.082,0,,Very_Low,1-2 calls
SUB7652346,12,1,115.43,0,0.094,0,,Very_Low,0 calls
SUB3846274,3,6,14.04,1,0.819,1,Network Quality Issues,Very_High,1-2 calls
SUB6988099,60,24,105.57,1,0.039,0,,Very_Low,1-2 calls
SUB8069337,12,24,53.02,1,0.164,0,,Very_Low,1-2 calls
SUB8871917,6,12,70.42,3,0.215,0,,Low,3-4 calls
SUB6446079,3,12,6.16,0,0.437,1,Price Too High,Medium,0 calls
SUB1376794,18,12,13.35,0,0.118,0,,Very_Low,0 calls
SUB4878450,12,12,119.38,3,0.094,1,Relocation/Moving,Very_Low,3-4 calls
SUB4033349,6,24,25.6,4,0.461,1,Network Quality Issues,Medium,3-4 calls
SUB7407054,1,24,9.01,1,0.546,1,Price Too High,Medium,1-2 calls
SUB1782877,1,12,25.37,1,0.22,0,,Low,1-2 calls
SUB5902825,18,12,83.93,4,0.079,0,,Very_Low,3-4 calls
SUB8068132,12,6,47.22,5,0.328,0,,Low,5+ calls
SUB7299492,36,6,85.97,4,0.072,0,,Very_Low,3-4 calls
SUB6798946,24,6,19.13,1,0.11,0,,Very_Low,1-2 calls
SUB8236694,18,6,18.71,1,0.205,0,,Low,1-2 calls
SUB6928643,18,24,47.07,0,0.12,0,,Very_Low,0 calls
SUB7049850,24,24,32.51,2,0.074,0,,Very_Low,1-2 calls
SUB1850350,24,6,18.4,4,0.219,0,,Low,3-4 calls
SUB9556255,6,3,15.13,2,0.399,0,,Low,1-2 calls
SUB3333679,3,1,22.67,3,0.95,1,Relocation/Moving,Very_High,3-4 calls
SUB1435477,24,24,26.78,2,0.205,0,,Low,1-2 calls
SUB8736484,6,24,70.62,0,0.115,0,,Very_Low,0 calls
SUB6651944,24,6,19.28,6,0.41,0,,Medium,5+ calls
SUB5327308,18,12,10.46,0,0.252,0,,Low,0 calls
SUB2581420,6,12,12.07,2,0.472,0,,Medium,1-2 calls
SUB1786261,36,6,25.35,4,0.215,0,,Low,3-4 calls
SUB4494708,18,3,110.34,2,0.146,0,,Very_Low,1-2 calls
SUB7952314,12,1,27.21,2,0.369,0,,Low,1-2 calls
SUB4079042,6,3,6.05,0,0.252,0,,Low,0 calls
SUB7665769,60,12,16.81,4,0.177,0,,Very_Low,3-4 calls
SUB7538655,36,6,78.59,2,0.077,0,,Very_Low,1-2 calls
SUB9514668,3,24,43.55,1,0.147,0,,Very_Low,1-2 calls
SUB6968633,24,1,19.86,3,0.165,0,,Very_Low,3-4 calls
SUB7898046,3,6,50.6,5,0.382,0,,Low,5+ calls
SUB4077099,6,3,35.53,0,0.246,0,,Low,0 calls
SUB3844180,60,24,11.77,4,0.157,0,,Very_Low,3-4 calls
SUB7758699,36,24,8.21,0,0.153,0,,Very_Low,0 calls
SUB8983939,18,24,49.46,5,0.315,1,Poor Customer Service,Low,5+ calls
SUB6066112,18,1,58.22,1,0.143,0,,Very_Low,1-2 calls
SUB5093886,1,12,89.67,1,0.157,1,Better Competitor Offer,Very_Low,1-2 calls
SUB9950668,6,1,28.21,3,0.506,1,Relocation/Moving,Medium,3-4 calls
SUB6301358,6,3,76.64,2,0.165,0,,Very_Low,1-2 calls
SUB2506145,1,1,7.64,6,0.95,1,Poor Customer Service,Very_High,5+ calls
SUB3648202,24,6,105.55,3,0.102,0,,Very_Low,3-4 calls
SUB2192931,6,1,39.22,2,0.205,1,Network Quality Issues,Low,1-2 calls
SUB5889084,18,6,48.96,3,0.157,0,,Very_Low,3-4 calls
SUB8133456,1,3,9.85,1,0.546,1,Price Too High,Medium,1-2 calls
SUB1871522,1,24,8.49,0,0.504,1,Price Too High,Medium,0 calls
SUB7049531,3,12,71.55,2,0.147,0,,Very_Low,1-2 calls
SUB7890709,24,6,13.73,0,0.118,0,,Very_Low,0 calls
SUB3181906,18,24,10.44,3,0.41,1,Price Too High,Medium,3-4 calls
SUB9990884,3,1,6.56,0,0.235,0,,Low,0 calls
SUB2500134,12,6,10.58,1,0.328,1,Network Quality Issues,Low,1-2 calls
SUB3604884,18,12,34.9,0,0.203,0,,Low,0 calls
SUB2705243,48,1,16.13,3,0.177,0,,Very_Low,3-4 calls
SUB5274692,24,1,20.73,6,0.409,1,Poor Customer Service,Medium,5+ calls
SUB1239779,3,24,24.75,3,0.331,0,,Low,3-4 calls
SUB3975605,6,3,51.12,4,0.215,0,,Low,3-4 calls
SUB6099154,12,24,116.01,4,0.263,1,Poor Customer Service,Low,3-4 calls
SUB7289249,3,1,47.88,0,0.252,1,Relocation/Moving,Low,0 calls
SUB9152885,18,24,32.42,2,0.105,0,,Very_Low,1-2 calls
SUB7164014,48,6,15.36,2,0.102,0,,Very_Low,1-2 calls
SUB8499412,6,12,34.3,4,0.307,0,,Low,3-4 calls
SUB7216074,60,3,72.25,3,0.028,0,,Very_Low,3-4 calls
SUB6333968,6,3,39.91,3,0.236,0,,Low,3-4 calls
SUB5588727,12,6,19.19,2,0.319,1,Relocation/Moving,Low,1-2 calls
SUB9325032,6,6,37.64,1,0.236,0,,Low,1-2 calls
SUB9978989,6,1,105.13,3,0.177,0,,Very_Low,3-4 calls
SUB4683909,12,6,107.95,1,0.117,1,Better Competitor Offer,Very_Low,1-2 calls
SUB2539600,1,3,50.75,1,0.103,0,,Very_Low,1-2 calls
SUB8465106,12,24,23.24,2,0.189,1,Relocation/Moving,Very_Low,1-2 calls
SUB6083801,24,24,18.96,1,0.266,0,,Low,1-2 calls
SUB3227503,36,1,78.64,3,0.15,0,,Very_Low,3-4 calls
SUB4070771,6,12,7.87,2,0.292,1,Price Too High,Low,1-2 calls
SUB2143647,18,6,39.36,1,0.052,0,,Very_Low,1-2 calls
SUB8156406,36,24,26.82,1,0.143,1,Price Too High,Very_Low,1-2 calls
SUB2416953,24,3,41.97,2,0.225,1,Relocation/Moving,Low,1-2 calls
SUB3694245,12,1,34.25,3,0.246,0,,Low,3-4 calls
SUB1421280,3,24,105.2,2,0.074,0,,Very_Low,1-2 calls
SUB1909245,18,24,14.3,1,0.21,0,,Low,1-2 calls
SUB1341207,60,24,77.99,2,0.037,0,,Very_Low,1-2 calls
SUB2230746,24,6,70.06,0,0.088,0,,Very_Low,0 calls
SUB4289791,36,1,113.95,6,0.205,0,,Low,5+ calls
SUB1592632,3,1,30.35,2,0.315,0,,Low,1-2 calls
SUB2162189,48,24,36.07,0,0.039,0,,Very_Low,0 calls
SUB6730385,1,6,96.16,5,0.95,1,Better Competitor Offer,Very_High,5+ calls
SUB9802907,36,24,42.45,1,0.096,0,,Very_Low,1-2 calls
SUB3381486,6,24,33.89,2,0.236,0,,Low,1-2 calls
SUB7713070,18,6,18.85,3,0.154,0,,Very_Low,3-4 calls
SUB9168326,6,12,9.55,2,0.287,0,,Low,1-2 calls
SUB6393455,3,3,27.87,2,0.614,1,Network Quality Issues,High,1-2 calls
SUB1125438,6,6,85.14,1,0.077,0,,Very_Low,1-2 calls
SUB4770183,12,12,80.11,0,0.119,0,,Very_Low,0 calls
SUB8085904,48,3,6.42,4,0.236,0,,Low,3-4 calls
SUB7699744,12,6,85.39,2,0.115,0,,Very_Low,1-2 calls
SUB3801445,1,12,43.98,1,0.105,0,,Very_Low,1-2 calls
SUB7839789,1,12,30.49,0,0.084,0,,Very_Low,0 calls
SUB9570556,3,6,105.36,1,0.195,0,,Very_Low,1-2 calls
SUB3582814,1,6,26.81,2,0.585,1,Price Too High,Medium,1-2 calls
SUB4769457,12,1,77.92,1,0.246,0,,Low,1-2 calls
SUB2206751,12,24,35.11,4,0.132,0,,Very_Low,3-4 calls
SUB1953692,60,12,82.41,1,0.048,0,,Very_Low,1-2 calls
SUB1217770,6,12,22.14,0,0.319,0,,Low,0 calls
SUB5099906,18,3,26.74,1,0.157,0,,Very_Low,1-2 calls
SUB5836917,24,6,42.56,2,0.157,0,,Very_Low,1-2 calls
SUB7969129,12,6,22.58,1,0.319,1,Relocation/Moving,Low,1-2 calls
SUB6910184,18,3,15.33,2,0.205,0,,Low,1-2 calls
SUB7082199,60,6,73.12,4,0.072,1,Network Quality Issues,Very_Low,3-4 calls
SUB6301533,6,3,37.17,2,0.079,0,,Very_Low,1-2 calls
SUB2790008,1,12,85.04,7,0.86,1,Better Competitor Offer,Very_High,5+ calls
SUB2826525,12,24,49.87,2,0.09,1,Service Not Needed,Very_Low,1-2 calls
SUB5513070,12,1,40.23,5,0.491,1,Poor Customer Service,Medium,5+ calls
SUB8417874,18,12,112.71,2,0.079,1,Relocation/Moving,Very_Low,1-2 calls
SUB7151537,24,12,99.7,1,0.068,0,,Very_Low,1-2 calls
SUB5466951,36,24,29.51,3,0.116,0,,Very_Low,3-4 calls
SUB2478768,12,6,118.53,1,0.044,0,,Very_Low,1-2 calls
SUB8089478,3,24,18.8,3,0.709,1,Price Too High,High,3-4 calls
SUB6124674,12,24,14.77,1,0.378,0,,Low,1-2 calls
SUB9326435,3,12,42.03,1,0.585,1,Network Quality Issues,Medium,1-2 calls
SUB1402980,3,3,116.95,4,0.266,1,Poor Customer Service,Low,3-4 calls
SUB8557260,1,12,115.09,3,0.11,0,,Very_Low,3-4 calls
SUB7932667,48,3,14.41,1,0.157,0,,Very_Low,1-2 calls
SUB3531528,24,6,71.52,2,0.074,0,,Very_Low,1-2 calls
SUB3108542,3,6,63.61,2,0.191,0,,Very_Low,1-2 calls
SUB7922496,48,6,16.22,1,0.056,0,,Very_Low,1-2 calls
SUB4502626,36,3,75.52,1,0.051,0,,Very_Low,1-2 calls
SUB2386689,48,12,41.5,3,0.154,0,,Very_Low,3-4 calls
SUB3846230,1,24,29.08,3,0.709,1,Network Quality Issues,High,3-4 calls
SUB3118433,1,3,89.83,1,0.21,0,,Low,1-2 calls
SUB6553535,1,12,26.72,1,0.41,1,Network Quality Issues,Medium,1-2 calls
SUB4678621,60,6,26.23,0,0.082,0,,Very_Low,0 calls
SUB5556766,18,6,11.65,2,0.21,0,,Low,1-2 calls
SUB7227018,3,6,86.25,1,0.248,1,Better Competitor Offer,Low,1-2 calls
SUB6000546,48,12,30.61,2,0.068,0,,Very_Low,1-2 calls
SUB7971138,12,6,23.53,3,0.369,0,,Low,3-4 calls
SUB9607009,24,12,45.04,3,0.236,1,Network Quality Issues,Low,3-4 calls
SUB9547900,18,6,8.73,3,0.472,1,Price Too High,Medium,3-4 calls
SUB8545189,18,12,113.89,2,0.098,1,Network Quality Issues,Very_Low,1-2 calls
SUB9852545,12,3,43.9,4,0.283,0,,Low,3-4 calls
SUB3681206,12,12,23.89,1,0.284,0,,Low,1-2 calls
SUB7643433,3,1,5.04,1,0.63,1,Price Too High,High,1-2 calls
SUB1187771,1,12,12.92,4,0.945,1,Poor Customer Service,Very_High,3-4 calls
SUB1237199,48,1,88.02,4,0.165,0,,Very_Low,3-4 calls
SUB8290213,48,12,31.7,0,0.042,0,,Very_Low,0 calls
SUB3857281,18,24,77.84,2,0.096,0,,Very_Low,1-2 calls
SUB3274316,12,1,6.94,3,0.378,0,,Low,3-4 calls
SUB1751518,1,24,45.21,3,0.878,1,Service Not Needed,Very_High,3-4 calls
SUB9227323,12,12,109.33,2,0.09,0,,Very_Low,1-2 calls
SUB1513313,18,1,15.57,1,0.307,0,,Low,1-2 calls
SUB3332214,6,24,49.28,1,0.205,0,,Low,1-2 calls
SUB6081820,6,12,81.74,5,0.307,0,,Low,5+ calls
SUB6266662,12,6,76.79,4,0.172,1,Poor Customer Service,Very_Low,3-4 calls
SUB3250397,12,24,14.14,0,0.101,0,,Very_Low,0 calls
SUB9291860,24,1,15.35,1,0.157,1,Price Too High,Very_Low,1-2 calls
SUB9843026,12,12,13.39,2,0.252,0,,Low,1-2 calls
SUB8726360,36,1,102.17,3,0.072,0,,Very_Low,3-4 calls
SUB8846613,12,12,32.38,1,0.126,0,,Very_Low,1-2 calls
SUB2472542,1,1,97.25,0,0.126,0,,Very_Low,0 calls
SUB9333648,3,12,14.03,3,0.63,1,Price Too High,High,3-4 calls
SUB5473014,24,6,29.4,2,0.292,1,Price Too High,Low,1-2 calls
SUB1562621,12,1,10.09,5,0.655,1,Network Quality Issues,High,5+ calls
SUB4529801,12,1,27.53,2,0.526,0,,Medium,1-2 calls
SUB5808163,60,12,7.44,2,0.074,0,,Very_Low,1-2 calls
SUB7284851,18,6,17.76,1,0.236,0,,Low,1-2 calls
SUB2598099,3,12,55.77,4,0.43,0,,Medium,3-4 calls
SUB2195885,12,6,8.2,1,0.426,0,,Medium,1-2 calls
SUB4898190,18,6,38.9,2,0.136,1,Relocation/Moving,Very_Low,1-2 calls
SUB8386133,1,24,107.78,0,0.084,0,,Very_Low,0 calls
SUB4388445,6,24,108.3,5,0.205,0,,Low,5+ calls
SUB3742974,60,24,25.97,1,0.055,0,,Very_Low,1-2 calls
SUB9197590,24,24,117.84,6,0.136,1,Poor Customer Service,Very_Low,5+ calls
SUB9182535,12,1,29.0,3,0.526,1,Service Not Needed,Medium,3-4 calls
SUB9066513,6,1,29.44,4,0.248,1,Network Quality Issues,Low,3-4 calls
SUB3584182,6,1,105.96,0,0.082,0,,Very_Low,0 calls
SUB5363089,36,24,61.38,0,0.054,0,,Very_Low,0 calls
SUB3797921,12,12,98.53,1,0.164,0,,Very_Low,1-2 calls
SUB9657768,36,1,77.95,2,0.077,1,Better Competitor Offer,Very_Low,1-2 calls
SUB1441904,48,12,22.49,1,0.102,0,,Very_Low,1-2 calls
SUB6070414,12,12,32.45,0,0.281,1,Network Quality Issues,Low,0 calls
SUB6092792,48,1,29.0,2,0.118,0,,Very_Low,1-2 calls
SUB1578526,6,6,39.95,2,0.236,0,,Low,1-2 calls
SUB7612208,6,3,12.97,0,0.328,1,Network Quality Issues,Low,0 calls
SUB8587676,3,24,24.89,3,0.472,0,,Medium,3-4 calls
SUB1837393,6,6,107.9,1,0.102,0,,Very_Low,1-2 calls
SUB6134544,24,12,115.81,3,0.102,0,,Very_Low,3-4 calls
SUB1814422,12,24,33.36,7,0.491,0,,Medium,5+ calls
SUB6305431,3,24,35.07,4,0.157,0,,Very_Low,3-4 calls
SUB3263429,3,6,57.82,2,0.105,0,,Very_Low,1-2 calls
SUB4135812,12,6,46.78,0,0.262,0,,Low,0 calls
SUB3938687,12,24,99.88,1,0.117,0,,Very_Low,1-2 calls
SUB6153435,24,3,12.57,4,0.409,0,,Medium,3-4 calls
SUB2416842,24,12,17.97,1,0.143,0,,Very_Low,1-2 calls
SUB4689024,3,24,92.32,3,0.236,0,,Low,3-4 calls
SUB5396650,6,24,89.15,1,0.146,0,,Very_Low,1-2 calls
SUB4702418,18,1,40.22,2,0.074,0,,Very_Low,1-2 calls
SUB4641771,3,6,10.93,1,0.71,1,Price Too High,High,1-2 calls
SUB7428099,24,6,54.96,3,0.077,0,,Very_Low,3-4 calls
SUB5079441,18,24,49.31,0,0.164,1,Service Not Needed,Very_Low,0 calls
SUB6356430,12,12,57.02,2,0.149,1,Network Quality Issues,Very_Low,1-2 calls
SUB7775602,18,6,49.68,1,0.096,0,,Very_Low,1-2 calls
SUB1960652,1,3,25.08,1,0.614,0,,High,1-2 calls
SUB3188370,12,24,12.64,3,0.491,0,,Medium,3-4 calls
SUB7985945,12,6,40.64,1,0.164,1,Network Quality Issues,Very_Low,1-2 calls
SUB4994528,12,24,11.94,1,0.378,1,Service Not Needed,Low,1-2 calls
SUB3076475,6,24,13.35,3,0.472,0,,Medium,3-4 calls
SUB3141912,12,1,26.69,1,0.189,0,,Very_Low,1-2 calls
SUB4144311,36,12,29.78,3,0.248,0,,Low,3-4 calls
SUB1285622,6,6,19.97,0,0.132,1,Network Quality Issues,Very_Low,0 calls
SUB2962889,1,6,6.12,3,0.63,0,,High,3-4 calls
SUB2396436,6,6,99.79,3,0.285,0,,Low,3-4 calls
SUB3195690,12,12,6.31,3,0.737,1,Service Not Needed,High,3-4 calls
SUB6170080,12,1,29.0,1,0.132,0,,Very_Low,1-2 calls
SUB5705815,12,24,16.9,4,0.284,0,,Low,3-4 calls
SUB3982410,36,12,102.07,6,0.157,0,,Very_Low,5+ calls
SUB7674192,48,6,15.39,1,0.118,1,Price Too High,Very_Low,1-2 calls
SUB2404355,12,3,7.08,4,0.265,0,,Low,3-4 calls
SUB6056093,1,12,9.59,2,0.42,0,,Medium,1-2 calls
SUB3464722,12,12,68.53,4,0.198,0,,Very_Low,3-4 calls
SUB7559442,3,6,78.33,1,0.147,1,Better Competitor Offer,Very_Low,1-2 calls
SUB6630761,6,24,16.15,1,0.399,1,Price Too High,Low,1-2 calls
SUB3901092,36,12,10.68,1,0.103,0,,Very_Low,1-2 calls
SUB2722907,12,24,21.02,2,0.284,0,,Low,1-2 calls
SUB3870574,36,24,48.78,0,0.109,0,,Very_Low,0 calls
SUB7882799,60,12,54.77,1,0.072,1,Relocation/Moving,Very_Low,1-2 calls
SUB8952017,12,12,5.81,1,0.126,0,,Very_Low,1-2 calls
SUB7921983,48,1,42.06,2,0.048,0,,Very_Low,1-2 calls
SUB7526925,18,24,24.86,0,0.351,0,,Low,0 calls
SUB6365986,3,24,48.97,2,0.21,0,,Low,1-2 calls
SUB7759291,12,12,49.81,4,0.246,0,,Low,3-4 calls
SUB9343528,18,6,117.96,1,0.038,1,Network Quality Issues,Very_Low,1-2 calls
SUB6532388,24,24,29.77,1,0.236,0,,Low,1-2 calls
SUB9020364,36,3,44.7,0,0.041,0,,Very_Low,0 calls
SUB8451747,18,12,24.66,1,0.399,1,Price Too High,Low,1-2 calls
SUB4881857,1,3,19.75,0,0.426,0,,Medium,0 calls
SUB5537871,3,24,8.55,3,0.95,1,Price Too High,Very_High,3-4 calls
SUB1291464,6,12,15.41,2,0.165,0,,Very_Low,1-2 calls
SUB5739400,6,3,14.29,3,0.331,1,Price Too High,Low,3-4 calls
SUB1118581,6,1,94.53,2,0.079,0,,Very_Low,1-2 calls
SUB6370807,18,3,44.48,4,0.38,0,,Low,3-4 calls
SUB4852256,12,12,8.32,0,0.101,0,,Very_Low,0 calls
SUB9727148,18,3,14.76,1,0.409,0,,Medium,1-2 calls
SUB1501590,12,6,16.23,5,0.265,0,,Low,5+ calls
SUB4360492,6,24,15.29,3,0.354,1,Relocation/Moving,Low,3-4 calls
SUB1872328,18,1,21.53,2,0.38,1,Network Quality Issues,Low,1-2 calls
SUB5809479,1,12,40.32,0,0.608,1,Network Quality Issues,High,0 calls
SUB4110691,60,6,83.25,4,0.051,0,,Very_Low,3-4 calls
SUB2358097,18,1,31.89,1,0.136,0,,Very_Low,1-2 calls
SUB9313157,3,12,33.17,2,0.585,0,,Medium,1-2 calls
SUB2294315,18,12,81.77,0,0.088,0,,Very_Low,0 calls
SUB7087595,1,6,5.13,2,0.546,0,,Medium,1-2 calls
SUB3575508,12,1,7.32,2,0.252,0,,Low,1-2 calls
SUB5510784,6,3,36.05,4,0.165,0,,Very_Low,3-4 calls
SUB1164074,24,6,54.4,3,0.215,1,Relocation/Moving,Low,3-4 calls
SUB3570466,12,3,45.94,3,0.246,0,,Low,3-4 calls
SUB4287093,24,3,14.38,2,0.273,1,Price Too High,Low,1-2 calls
SUB2017481,6,6,102.44,1,0.102,0,,Very_Low,1-2 calls
SUB4594804,18,6,15.04,1,0.143,0,,Very_Low,1-2 calls
SUB9451115,18,12,88.79,5,0.191,0,,Very_Low,5+ calls
SUB3338377,12,12,101.31,3,0.086,0,,Very_Low,3-4 calls
SUB1806564,36,3,27.12,1,0.205,0,,Low,1-2 calls
SUB4918949,3,12,55.79,4,0.22,0,,Low,3-4 calls
SUB7047511,24,6,57.54,3,0.266,0,,Low,3-4 calls
SUB1737954,3,1,83.9,1,0.074,0,,Very_Low,1-2 calls
SUB3908056,3,1,20.94,2,0.157,1,Network Quality Issues,Very_Low,1-2 calls
SUB8840130,3,12,113.66,2,0.105,0,,Very_Low,1-2 calls
SUB9357998,18,12,14.0,2,0.147,0,,Very_Low,1-2 calls
SUB6934261,18,24,78.51,2,0.11,0,,Very_Low,1-2 calls
SUB5510579,12,12,26.42,2,0.094,0,,Very_Low,1-2 calls
SUB8563493,6,24,5.12,2,0.614,1,Price Too High,High,1-2 calls
SUB3535232,18,3,13.71,1,0.273,0,,Low,1-2 calls
SUB8704694,3,6,27.84,2,0.614,0,,High,1-2 calls
SUB3378907,18,1,17.62,0,0.082,0,,Very_Low,0 calls
SUB7990607,1,6,24.72,3,0.43,1,Price Too High,Medium,3-4 calls
SUB5532688,3,3,24.01,1,0.157,0,,Very_Low,1-2 calls
SUB8579751,24,24,28.77,2,0.11,0,,Very_Low,1-2 calls
SUB8133131,36,12,26.72,1,0.143,1,Price Too High,Very_Low,1-2 calls
SUB3363162,1,12,26.62,1,0.225,0,,Low,1-2 calls
SUB5881909,18,12,113.67,0,0.021,0,,Very_Low,0 calls
SUB6680820,1,12,44.53,3,0.585,0,,Medium,3-4 calls
SUB3692794,36,3,10.77,2,0.287,0,,Low,1-2 calls
SUB3345704,12,12,34.66,1,0.126,0,,Very_Low,1-2 calls
SUB9811940,24,1,89.98,1,0.102,0,,Very_Low,1-2 calls
SUB9220038,3,3,9.12,0,0.235,1,Relocation/Moving,Low,0 calls
SUB9277983,36,3,18.48,3,0.15,0,,Very_Low,3-4 calls
SUB1292575,12,24,43.17,2,0.176,0,,Very_Low,1-2 calls
SUB2459700,3,24,109.99,2,0.074,0,,Very_Low,1-2 calls
SUB9417944,18,24,42.95,3,0.11,0,,Very_Low,3-4 calls
SUB4201078,6,24,73.18,0,0.164,0,,Very_Low,0 calls
SUB3607622,6,12,21.91,2,0.307,0,,Low,1-2 calls
SUB2886963,3,24,89.37,1,0.147,0,,Very_Low,1-2 calls
SUB6304120,3,3,23.22,1,0.41,0,,Medium,1-2 calls
SUB3772605,24,6,19.31,1,0.11,0,,Very_Low,1-2 calls
SUB2447947,12,6,49.26,0,0.365,1,Service Not Needed,Low,0 calls
SUB6813775,6,1,81.6,1,0.118,0,,Very_Low,1-2 calls
SUB8242447,48,24,7.06,2,0.205,0,,Low,1-2 calls
SUB9278499,24,1,8.88,4,0.315,0,,Low,3-4 calls
SUB7472652,6,12,65.05,4,0.215,0,,Low,3-4 calls
SUB7606470,3,24,41.89,0,0.284,0,,Low,0 calls
SUB2498339,3,12,16.72,0,0.378,1,Price Too High,Low,0 calls
SUB1676296,18,3,29.04,3,0.307,0,,Low,3-4 calls
SUB1379039,18,6,15.41,2,0.307,0,,Low,1-2 calls
SUB1528714,60,1,39.37,0,0.055,0,,Very_Low,0 calls
SUB8035655,1,1,54.72,4,0.287,0,,Low,3-4 calls
SUB9368352,36,12,5.68,1,0.191,1,Price Too High,Very_Low,1-2 calls
SUB3911190,1,6,101.73,2,0.136,0,,Very_Low,1-2 calls
SUB9941047,12,1,22.82,1,0.246,0,,Low,1-2 calls
SUB5142535,48,1,19.33,1,0.055,0,,Very_Low,1-2 calls
SUB1273452,18,24,49.03,1,0.136,1,Relocation/Moving,Very_Low,1-2 calls
SUB5371047,18,12,89.24,1,0.157,0,,Very_Low,1-2 calls
SUB8184872,6,24,10.82,1,0.614,0,,High,1-2 calls
SUB3189921,60,3,63.77,2,0.062,0,,Very_Low,1-2 calls
SUB8427297,3,6,82.11,3,0.331,0,,Low,3-4 calls
SUB4198156,6,12,11.34,2,0.472,1,Network Quality Issues,Medium,1-2 calls
SUB6801038,12,12,9.49,0,0.202,0,,Low,0 calls
SUB5822139,3,1,28.45,1,0.315,0,,Low,1-2 calls
SUB5954582,12,24,81.36,1,0.115,0,,Very_Low,1-2 calls
SUB1762371,1,12,29.3,2,0.22,0,,Low,1-2 calls
SUB4257945,48,1,71.56,3,0.083,0,,Very_Low,3-4 calls
SUB9279143,6,1,44.92,1,0.079,0,,Very_Low,1-2 calls
SUB6661064,18,12,84.91,0,0.088,1,Better Competitor Offer,Very_Low,0 calls
SUB4768950,36,24,44.53,2,0.096,0,,Very_Low,1-2 calls
SUB1142980,24,6,20.28,5,0.472,1,Relocation/Moving,Medium,5+ calls
SUB7500785,36,6,91.31,4,0.039,0,,Very_Low,3-4 calls
SUB1257354,24,12,60.58,1,0.124,0,,Very_Low,1-2 calls
SUB8863438,3,12,34.34,2,0.315,0,,Low,1-2 calls
SUB6954075,6,12,30.34,3,0.236,0,,Low,3-4 calls
SUB8972368,12,12,46.03,1,0.189,1,Relocation/Moving,Very_Low,1-2 calls
SUB3235883,6,1,20.74,2,0.307,0,,Low,1-2 calls
SUB1764265,60,12,23.46,3,0.118,0,,Very_Low,3-4 calls
SUB7630840,24,12,28.48,1,0.236,1,Price Too High,Low,1-2 calls
SUB6668889,24,24,89.1,3,0.133,0,,Very_Low,3-4 calls
SUB1308617,6,24,48.1,2,0.236,1,Relocation/Moving,Low,1-2 calls
SUB1744748,24,12,11.32,2,0.21,0,,Low,1-2 calls
SUB6087692,18,24,47.08,1,0.136,0,,Very_Low,1-2 calls
SUB1734275,12,12,9.66,0,0.202,0,,Low,0 calls
SUB7214638,6,12,26.2,2,0.118,0,,Very_Low,1-2 calls
SUB9987114,24,3,23.91,3,0.307,0,,Low,3-4 calls
SUB6439296,18,12,41.56,1,0.075,0,,Very_Low,1-2 calls
SUB7194224,1,24,112.91,4,0.205,1,Better Competitor Offer,Low,3-4 calls
SUB9945326,1,12,115.33,4,0.236,1,Relocation/Moving,Low,3-4 calls
SUB7024293,36,12,12.77,0,0.153,1,Price Too High,Very_Low,0 calls
SUB7193367,1,3,36.62,1,0.21,0,,Low,1-2 calls
SUB6318331,12,12,61.06,0,0.092,0,,Very_Low,0 calls
SUB9741022,18,6,27.35,1,0.307,1,Price Too High,Low,1-2 calls
SUB3963944,48,1,80.57,3,0.107,0,,Very_Low,3-4 calls
SUB4948401,12,3,84.61,1,0.044,0,,Very_Low,1-2 calls
SUB1124932,3,6,82.98,4,0.287,0,,Low,3-4 calls
SUB6234259,6,24,24.04,2,0.236,1,Price Too High,Low,1-2 calls
SUB9656691,1,12,103.5,1,0.292,0,,Low,1-2 calls
SUB7850807,6,3,117.37,2,0.055,0,,Very_Low,1-2 calls
SUB7280757,24,12,86.9,4,0.079,0,,Very_Low,3-4 calls
SUB7784672,24,6,16.53,1,0.236,0,,Low,1-2 calls
SUB4877809,1,12,84.66,1,0.409,0,,Medium,1-2 calls
SUB5876709,12,12,23.72,1,0.132,0,,Very_Low,1-2 calls
SUB3592316,6,12,28.54,1,0.165,0,,Very_Low,1-2 calls
SUB6895725,18,1,37.56,4,0.205,0,,Low,3-4 calls
SUB9677828,60,24,82.08,2,0.024,0,,Very_Low,1-2 calls
SUB6438757,18,24,52.01,2,0.074,0,,Very_Low,1-2 calls
SUB3664749,24,3,66.3,2,0.11,0,,Very_Low,1-2 calls
SUB7728926,12,6,31.19,4,0.246,0,,Low,3-4 calls
SUB4999453,1,24,18.66,2,0.315,0,,Low,1-2 calls
SUB8246813,12,24,83.5,1,0.041,0,,Very_Low,1-2 calls
SUB3921989,12,6,41.06,2,0.189,0,,Very_Low,1-2 calls
SUB1984156,12,1,83.41,1,0.088,0,,Very_Low,1-2 calls
SUB4713543,6,24,34.25,2,0.236,0,,Low,1-2 calls
SUB2203920,12,1,77.7,3,0.172,0,,Very_Low,3-4 calls
SUB4108591,24,6,80.56,4,0.102,0,,Very_Low,3-4 calls
SUB1747852,6,1,26.73,4,0.248,0,,Low,3-4 calls
SUB6296990,18,12,9.33,2,0.355,1,Price Too High,Low,1-2 calls
SUB7928655,3,1,19.27,4,0.472,0,,Medium,3-4 calls
SUB2821367,6,3,118.33,4,0.23,1,Poor Customer Service,Low,3-4 calls
SUB4372863,36,6,75.89,0,0.062,0,,Very_Low,0 calls
SUB3899033,18,1,56.51,5,0.105,0,,Very_Low,5+ calls
SUB2578315,1,6,26.48,5,0.63,1,Relocation/Moving,High,5+ calls
SUB8427210,6,3,86.29,1,0.143,0,,Very_Low,1-2 calls
SUB9298852,60,3,37.17,4,0.102,0,,Very_Low,3-4 calls
SUB7093073,6,24,6.42,3,0.236,1,Network Quality Issues,Low,3-4 calls
SUB2349590,18,12,100.51,2,0.079,0,,Very_Low,1-2 calls
SUB6366645,18,24,23.44,1,0.205,1,Network Quality Issues,Low,1-2 calls
SUB6629905,12,12,19.27,2,0.246,0,,Low,1-2 calls
SUB4045529,1,24,16.95,0,0.328,0,,Low,0 calls
SUB6440107,6,24,11.43,1,0.41,0,,Medium,1-2 calls
SUB8103260,60,24,32.09,0,0.021,0,,Very_Low,0 calls
SUB8081530,1,12,21.17,1,0.22,0,,Low,1-2 calls
SUB3897706,24,12,81.51,2,0.096,0,,Very_Low,1-2 calls
SUB9282356,36,3,21.99,3,0.215,0,,Low,3-4 calls
SUB4201473,24,24,46.9,2,0.105,0,,Very_Low,1-2 calls
SUB7507660,6,6,42.03,3,0.354,0,,Low,3-4 calls
SUB2449991,12,24,85.55,1,0.062,0,,Very_Low,1-2 calls
SUB7039523,36,1,15.05,0,0.062,0,,Very_Low,0 calls
SUB6353966,60,12,117.27,1,0.018,0,,Very_Low,1-2 calls
SUB7747741,1,1,30.36,5,0.546,0,,Medium,5+ calls
SUB6168554,3,6,9.32,2,0.546,1,Relocation/Moving,Medium,1-2 calls
SUB1424528,60,1,22.88,1,0.154,0,,Very_Low,1-2 calls
SUB8990001,36,6,21.68,0,0.115,0,,Very_Low,0 calls
SUB7450219,3,12,85.44,1,0.248,0,,Low,1-2 calls
SUB2650824,60,24,17.47,1,0.039,0,,Very_Low,1-2 calls
SUB6265481,3,3,17.97,2,0.22,1,Price Too High,Low,1-2 calls
SUB7702692,1,12,12.4,0,0.168,0,,Very_Low,0 calls
SUB9527835,18,1,26.21,2,0.11,0,,Very_Low,1-2 calls
SUB2773055,12,24,83.84,4,0.258,1,Better Competitor Offer,Low,3-4 calls
SUB6192859,6,6,37.65,4,0.236,0,,Low,3-4 calls
SUB1281854,48,3,13.27,1,0.205,0,,Low,1-2 calls
SUB7662314,12,6,10.56,2,0.328,0,,Low,1-2 calls
SUB6830395,12,6,29.21,2,0.189,0,,Very_Low,1-2 calls
SUB2657153,18,12,52.52,5,0.147,0,,Very_Low,5+ calls
SUB8083610,6,24,61.14,1,0.11,0,,Very_Low,1-2 calls
SUB8842680,18,3,11.81,2,0.315,1,Price Too High,Low,1-2 calls
SUB2806684,6,1,25.99,2,0.354,1,Price Too High,Low,1-2 calls
SUB2809858,18,12,23.25,2,0.307,0,,Low,1-2 calls
SUB1479083,6,24,107.36,3,0.177,0,,Very_Low,3-4 calls
SUB2901740,3,12,30.25,0,0.252,1,Network Quality Issues,Low,0 calls
SUB6648393,6,1,17.95,3,0.354,1,Relocation/Moving,Low,3-4 calls
SUB7284725,48,6,19.92,4,0.107,0,,Very_Low,3-4 calls
SUB8752950,36,12,25.93,5,0.287,0,,Low,5+ calls
SUB7709914,36,6,87.95,3,0.11,0,,Very_Low,3-4 calls
SUB8395873,24,24,13.19,5,0.63,1,Poor Customer Service,High,5+ calls
SUB5584946,18,3,25.62,2,0.079,0,,Very_Low,1-2 calls
SUB9343199,1,6,40.74,4,0.532,0,,Medium,3-4 calls
SUB5301400,6,24,28.87,3,0.248,0,,Low,3-4 calls
SUB5641094,18,12,35.62,2,0.052,0,,Very_Low,1-2 calls
SUB3707184,3,1,27.12,3,0.331,0,,Low,3-4 calls
SUB8873491,1,3,80.6,3,0.43,0,,Medium,3-4 calls
SUB4770771,1,12,12.78,0,0.336,1,Network Quality Issues,Low,0 calls
SUB2540724,3,1,87.33,3,0.236,0,,Low,3-4 calls
SUB6875293,3,24,14.03,2,0.63,0,,High,1-2 calls
SUB2965730,3,24,5.81,2,0.63,1,Service Not Needed,High,1-2 calls
SUB8343728,12,3,55.89,3,0.066,0,,Very_Low,3-4 calls
SUB8097037,6,24,87.67,2,0.039,0,,Very_Low,1-2 calls
SUB5062224,36,12,10.06,5,0.573,1,Network Quality Issues,Medium,5+ calls
SUB2094316,36,6,88.79,2,0.048,0,,Very_Low,1-2 calls
SUB5300915,48,3,20.67,4,0.084,0,,Very_Low,3-4 calls
SUB7760403,12,3,31.03,2,0.164,0,,Very_Low,1-2 calls
SUB7620241,24,12,8.27,1,0.273,1,Relocation/Moving,Low,1-2 calls
SUB2636675,18,6,22.49,4,0.307,0,,Low,3-4 calls
SUB1801849,3,12,42.15,2,0.147,0,,Very_Low,1-2 calls
SUB2161068,18,6,36.2,3,0.205,1,Network Quality Issues,Low,3-4 calls
SUB8370131,36,3,37.41,2,0.051,0,,Very_Low,1-2 calls
SUB2035891,6,24,31.26,1,0.266,1,Network Quality Issues,Low,1-2 calls
SUB1753494,24,24,119.17,1,0.089,0,,Very_Low,1-2 calls
SUB9811785,24,12,8.8,1,0.355,1,Service Not Needed,Low,1-2 calls
SUB8611432,18,3,7.12,0,0.252,0,,Low,0 calls
SUB4704697,36,1,70.52,1,0.067,0,,Very_Low,1-2 calls
SUB6277420,3,12,11.43,1,0.63,1,Price Too High,High,1-2 calls
SUB6327580,36,12,37.05,1,0.051,0,,Very_Low,1-2 calls
SUB8272003,18,12,35.49,3,0.205,1,Network Quality Issues,Low,3-4 calls
SUB2760511,36,24,25.59,1,0.077,0,,Very_Low,1-2 calls
SUB4541815,12,12,116.2,3,0.047,0,,Very_Low,3-4 calls
SUB9434610,6,24,19.49,0,0.132,0,,Very_Low,0 calls
SUB8389844,36,1,25.42,2,0.055,0,,Very_Low,1-2 calls
SUB5610146,36,12,23.28,2,0.143,1,Relocation/Moving,Very_Low,1-2 calls
SUB5139289,6,24,14.81,3,0.709,1,Price Too High,High,3-4 calls
SUB6351826,24,6,18.17,3,0.118,0,,Very_Low,3-4 calls
SUB7390459,1,24,69.81,2,0.22,0,,Low,1-2 calls
SUB2784006,1,12,87.26,2,0.103,0,,Very_Low,1-2 calls
SUB7072310,12,24,77.34,2,0.088,0,,Very_Low,1-2 calls
SUB5913478,1,12,8.31,3,0.63,1,Network Quality Issues,High,3-4 calls
SUB9303143,12,6,6.18,3,0.567,1,Relocation/Moving,Medium,3-4 calls
SUB7353300,24,1,101.29,7,0.157,0,,Very_Low,5+ calls
SUB6968333,36,12,10.04,4,0.331,0,,Low,3-4 calls
SUB7210958,6,3,119.47,4,0.154,0,,Very_Low,3-4 calls
SUB7601457,1,3,85.51,2,0.147,0,,Very_Low,1-2 calls
SUB7679155,18,1,98.54,3,0.102,0,,Very_Low,3-4 calls
SUB6737580,6,12,15.99,3,0.532,0,,Medium,3-4 calls
SUB6525724,1,3,6.73,3,0.441,1,Network Quality Issues,Medium,3-4 calls
SUB7025095,3,24,48.9,3,0.41,1,Relocation/Moving,Medium,3-4 calls
SUB1225391,48,12,73.95,1,0.037,0,,Very_Low,1-2 calls
SUB7698541,36,6,14.2,3,0.287,0,,Low,3-4 calls
SUB1191387,36,3,71.93,1,0.048,0,,Very_Low,1-2 calls
SUB4632632,6,12,27.1,2,0.461,0,,Medium,1-2 calls
SUB5608474,24,3,30.47,1,0.105,1,Network Quality Issues,Very_Low,1-2 calls
SUB3535394,60,6,115.32,4,0.059,0,,Very_Low,3-4 calls
SUB6596526,18,3,6.31,2,0.273,0,,Low,1-2 calls
SUB4291070,6,3,29.01,4,0.354,0,,Low,3-4 calls
SUB1686268,24,1,12.16,3,0.315,0,,Low,3-4 calls
SUB1801955,12,6,6.32,2,0.378,0,,Low,1-2 calls
SUB3013148,18,24,5.88,0,0.218,0,,Low,0 calls
SUB7835735,12,1,23.33,4,0.369,1,Price Too High,Low,3-4 calls
SUB5467223,3,6,24.1,0,0.328,0,,Low,0 calls
SUB3444291,1,3,56.34,4,0.287,0,,Low,3-4 calls
SUB1147745,60,6,85.06,1,0.034,0,,Very_Low,1-2 calls
SUB4792824,12,12,15.15,2,0.246,1,Price Too High,Low,1-2 calls
SUB1137686,6,6,14.46,1,0.472,1,Network Quality Issues,Medium,1-2 calls
SUB6250295,24,12,25.27,3,0.461,1,Network Quality Issues,Medium,3-4 calls
SUB5151923,18,24,82.66,0,0.059,0,,Very_Low,0 calls
SUB6679980,36,12,71.96,3,0.11,1,Better Competitor Offer,Very_Low,3-4 calls
SUB6149534,24,6,83.64,4,0.118,0,,Very_Low,3-4 calls
SUB4314344,6,6,10.05,0,0.378,0,,Low,0 calls
SUB1049976,18,12,80.02,3,0.11,0,,Very_Low,3-4 calls
SUB3522620,12,12,37.91,2,0.164,1,Relocation/Moving,Very_Low,1-2 calls
SUB3027320,60,6,93.98,2,0.034,0,,Very_Low,1-2 calls
SUB2812105,6,12,45.77,4,0.399,0,,Low,3-4 calls
SUB6761703,6,12,20.27,3,0.691,1,Price Too High,High,3-4 calls
SUB2947238,48,24,81.76,1,0.055,0,,Very_Low,1-2 calls
SUB7330034,12,24,72.22,3,0.132,0,,Very_Low,3-4 calls
SUB5809045,12,24,17.07,2,0.351,1,Relocation/Moving,Low,1-2 calls
SUB9597467,36,1,14.3,3,0.22,0,,Low,3-4 calls
SUB7402891,6,6,22.4,1,0.307,0,,Low,1-2 calls
SUB8031845,18,12,17.37,0,0.126,0,,Very_Low,0 calls
SUB6394418,24,12,16.35,1,0.079,0,,Very_Low,1-2 calls
SUB1045475,12,12,115.69,3,0.094,0,,Very_Low,3-4 calls
SUB9080552,6,24,32.91,2,0.205,0,,Low,1-2 calls
SUB4303364,24,12,57.27,0,0.059,0,,Very_Low,0 calls
SUB6396364,6,3,50.89,4,0.215,0,,Low,3-4 calls
SUB4239254,24,6,72.47,3,0.143,0,,Very_Low,3-4 calls
SUB2099577,12,6,90.81,1,0.152,0,,Very_Low,1-2 calls
SUB7483485,1,12,83.06,0,0.082,0,,Very_Low,0 calls
SUB5623037,18,24,37.57,1,0.105,0,,Very_Low,1-2 calls
SUB7959972,3,3,24.02,4,0.709,1,Price Too High,High,3-4 calls
SUB8232024,12,6,26.4,3,0.425,0,,Medium,3-4 calls
SUB2602970,24,12,29.15,1,0.205,1,Relocation/Moving,Low,1-2 calls
SUB9191922,3,1,19.93,1,0.472,0,,Medium,1-2 calls
SUB9274125,3,24,66.26,8,0.573,1,Network Quality Issues,Medium,5+ calls
SUB2531064,12,12,42.39,2,0.213,1,Network Quality Issues,Low,1-2 calls
SUB5411887,12,12,23.07,1,0.246,0,,Low,1-2 calls
SUB9615797,12,12,94.93,1,0.045,0,,Very_Low,1-2 calls
SUB3076198,18,24,27.75,3,0.57,1,Network Quality Issues,Medium,3-4 calls
SUB8466511,6,6,38.49,0,0.164,0,,Very_Low,0 calls
SUB2468919,6,6,53.26,2,0.165,0,,Very_Low,1-2 calls
SUB4281941,1,24,37.42,4,0.76,0,,High,3-4 calls
SUB4410580,12,24,27.76,1,0.284,0,,Low,1-2 calls
SUB5999111,3,1,57.62,1,0.147,0,,Very_Low,1-2 calls
SUB4685104,18,24,14.47,1,0.315,0,,Low,1-2 calls
SUB8659791,3,3,37.93,2,0.21,0,,Low,1-2 calls
SUB2420858,36,12,26.57,2,0.215,0,,Low,1-2 calls
SUB2748982,36,12,30.13,6,0.22,0,,Low,5+ calls
SUB7563614,24,3,22.96,1,0.266,0,,Low,1-2 calls
SUB5896799,24,6,73.72,1,0.124,0,,Very_Low,1-2 calls
SUB9466685,60,12,29.0,3,0.083,0,,Very_Low,3-4 calls
SUB8479816,6,3,100.18,3,0.154,0,,Very_Low,3-4 calls
SUB7007509,60,24,101.55,0,0.078,0,,Very_Low,0 calls
SUB5445818,36,3,18.99,0,0.115,1,Price Too High,Very_Low,0 calls
SUB6122964,6,6,25.88,1,0.236,1,Relocation/Moving,Low,1-2 calls
SUB7433636,36,3,71.7,4,0.1,0,,Very_Low,3-4 calls
SUB5095077,36,3,10.42,1,0.373,0,,Low,1-2 calls
SUB7263998,1,24,6.06,3,0.819,1,Price Too High,Very_High,3-4 calls
SUB5630232,36,3,8.41,1,0.103,0,,Very_Low,1-2 calls
SUB1920114,12,12,46.33,3,0.094,0,,Very_Low,3-4 calls
SUB9990499,24,12,6.2,1,0.136,0,,Very_Low,1-2 calls
SUB9147047,3,1,29.85,2,0.287,1,Price Too High,Low,1-2 calls
SUB3182926,3,24,48.45,3,0.315,1,Network Quality Issues,Low,3-4 calls
SUB3485670,60,3,13.13,2,0.074,0,,Very_Low,1-2 calls
SUB4344250,12,12,10.38,3,0.491,1,Price Too High,Medium,3-4 calls
SUB5023278,24,12,112.62,3,0.079,0,,Very_Low,3-4 calls
SUB1537977,24,12,69.01,1,0.096,0,,Very_Low,1-2 calls
SUB4668280,24,12,19.87,2,0.38,1,Network Quality Issues,Low,1-2 calls
SUB3723408,24,24,9.51,2,0.147,0,,Very_Low,1-2 calls
SUB5784808,48,24,39.95,0,0.055,0,,Very_Low,0 calls
SUB7637640,18,12,20.87,2,0.307,0,,Low,1-2 calls
SUB7837388,12,6,90.1,0,0.076,0,,Very_Low,0 calls
SUB5654419,48,6,67.15,1,0.048,1,Relocation/Moving,Very_Low,1-2 calls
SUB9430899,6,24,81.18,3,0.118,0,,Very_Low,3-4 calls
SUB5622580,18,24,69.17,5,0.191,0,,Very_Low,5+ calls
SUB5589058,36,3,44.65,2,0.124,0,,Very_Low,1-2 calls
SUB8245136,48,3,70.35,4,0.072,0,,Very_Low,3-4 calls
SUB9379966,48,24,79.06,2,0.055,0,,Very_Low,1-2 calls
SUB3122827,18,12,40.1,0,0.109,0,,Very_Low,0 calls
SUB8432300,24,6,5.43,0,0.153,0,,Very_Low,0 calls
SUB8637174,12,12,45.54,3,0.246,0,,Low,3-4 calls
SUB1708672,6,1,5.58,1,0.532,1,Service Not Needed,Medium,1-2 calls
SUB7921154,1,3,59.33,1,0.22,1,Relocation/Moving,Low,1-2 calls
SUB9725977,6,12,79.51,3,0.215,0,,Low,3-4 calls
SUB5507167,60,12,88.51,2,0.095,0,,Very_Low,1-2 calls
SUB3227039,24,3,37.4,2,0.105,0,,Very_Low,1-2 calls
SUB1296063,12,24,74.67,1,0.115,0,,Very_Low,1-2 calls
SUB2383875,6,6,19.47,3,0.248,0,,Low,3-4 calls
SUB7625169,1,12,24.39,4,0.472,1,Price Too High,Medium,3-4 calls
SUB2876336,1,3,109.51,0,0.109,0,,Very_Low,0 calls
SUB8541586,24,6,60.6,0,0.076,0,,Very_Low,0 calls
SUB4956778,60,24,56.48,2,0.037,0,,Very_Low,1-2 calls
SUB3887757,6,24,21.51,4,0.691,0,,High,3-4 calls
SUB3468665,6,1,85.26,6,0.22,0,,Low,5+ calls
SUB7472973,48,6,97.23,2,0.028,0,,Very_Low,1-2 calls
SUB1692924,18,3,18.6,2,0.205,0,,Low,1-2 calls
SUB3570115,3,24,83.28,2,0.21,1,Better Competitor Offer,Low,1-2 calls
SUB2661655,1,12,17.97,4,0.331,0,,Low,3-4 calls
SUB8499066,18,12,5.09,2,0.273,0,,Low,1-2 calls
SUB5672412,12,12,60.2,1,0.088,0,,Very_Low,1-2 calls
SUB4100498,12,24,6.28,1,0.328,1,Price Too High,Low,1-2 calls
SUB8181479,60,6,16.6,1,0.133,1,Relocation/Moving,Very_Low,1-2 calls
SUB4811666,6,1,72.12,1,0.11,1,Better Competitor Offer,Very_Low,1-2 calls
SUB4819712,12,1,74.86,2,0.088,0,,Very_Low,1-2 calls
SUB2033668,3,1,29.3,0,0.351,0,,Low,0 calls
SUB8712079,6,1,88.09,1,0.118,0,,Very_Low,1-2 calls
SUB6604327,24,12,15.48,3,0.307,0,,Low,3-4 calls
SUB3473199,3,24,118.84,2,0.195,0,,Very_Low,1-2 calls
SUB9271330,18,6,86.96,2,0.11,0,,Very_Low,1-2 calls
SUB9686283,3,12,25.6,2,0.41,0,,Medium,1-2 calls
SUB1708175,3,12,5.85,1,0.546,1,Network Quality Issues,Medium,1-2 calls
SUB2867306,1,24,21.37,1,0.532,0,,Medium,1-2 calls
SUB9652233,18,6,5.58,2,0.355,0,,Low,1-2 calls
SUB1842840,60,12,48.38,2,0.068,0,,Very_Low,1-2 calls
SUB5394643,18,6,28.54,5,0.157,0,,Very_Low,5+ calls
SUB6889118,48,12,26.55,1,0.072,0,,Very_Low,1-2 calls
SUB6128643,12,6,56.21,4,0.198,0,,Very_Low,3-4 calls
SUB1125355,18,6,26.44,1,0.11,0,,Very_Low,1-2 calls
SUB5222102,48,12,36.89,1,0.068,1,Network Quality Issues,Very_Low,1-2 calls
SUB1615937,1,6,7.62,1,0.294,0,,Low,1-2 calls
SUB2375607,18,6,70.98,3,0.205,0,,Low,3-4 calls
SUB1019477,18,12,49.81,3,0.205,0,,Low,3-4 calls
SUB4556210,1,24,82.78,3,0.201,0,,Low,3-4 calls
SUB7508856,3,6,10.98,1,0.546,0,,Medium,1-2 calls
SUB3487111,18,12,20.77,1,0.079,0,,Very_Low,1-2 calls
SUB3009606,12,12,10.54,3,0.265,0,,Low,3-4 calls
SUB2559757,6,3,6.23,1,0.526,1,Network Quality Issues,Medium,1-2 calls
SUB8315830,18,6,12.55,0,0.218,0,,Low,0 calls
SUB7156738,6,24,40.93,1,0.236,0,,Low,1-2 calls
SUB4432207,24,24,36.17,2,0.136,0,,Very_Low,1-2 calls
SUB7171638,24,12,85.52,3,0.055,0,,Very_Low,3-4 calls
SUB2881297,18,6,21.22,3,0.399,1,Price Too High,Low,3-4 calls
SUB7083059,6,12,32.67,4,0.307,1,Poor Customer Service,Low,3-4 calls
SUB5529275,24,3,83.07,3,0.102,0,,Very_Low,3-4 calls
SUB9519792,6,1,44.29,3,0.307,0,,Low,3-4 calls
SUB2135627,6,1,31.59,1,0.307,0,,Low,1-2 calls
SUB1245300,18,1,115.75,2,0.068,0,,Very_Low,1-2 calls
SUB9972618,18,3,111.24,2,0.037,0,,Very_Low,1-2 calls
SUB1092036,12,6,27.97,2,0.284,0,,Low,1-2 calls
SUB6995802,18,3,42.71,1,0.074,0,,Very_Low,1-2 calls
SUB7439051,6,12,35.38,2,0.157,0,,Very_Low,1-2 calls
SUB1853392,24,24,74.57,2,0.074,0,,Very_Low,1-2 calls
SUB7015877,60,6,115.67,8,0.146,0,,Very_Low,5+ calls
SUB9670304,18,12,28.81,4,0.399,0,,Low,3-4 calls
SUB4662340,6,3,74.61,3,0.215,0,,Low,3-4 calls
SUB1154692,6,24,56.42,2,0.077,0,,Very_Low,1-2 calls
SUB9362101,1,3,20.71,3,0.614,1,Price Too High,High,3-4 calls
SUB5457335,18,12,87.82,1,0.096,0,,Very_Low,1-2 calls
SUB2657888,18,24,19.22,3,0.354,0,,Low,3-4 calls
SUB3585917,60,24,10.66,0,0.084,0,,Very_Low,0 calls
SUB9110129,12,24,80.18,2,0.106,0,,Very_Low,1-2 calls
SUB7147560,48,6,22.53,1,0.19,0,,Very_Low,1-2 calls
SUB8946258,24,1,40.95,2,0.205,0,,Low,1-2 calls
SUB8557845,6,3,83.41,5,0.205,1,Poor Customer Service,Low,5+ calls
SUB2824964,1,24,92.51,0,0.142,0,,Very_Low,0 calls
SUB8724922,24,6,107.38,2,0.075,1,Relocation/Moving,Very_Low,1-2 calls
SUB9152513,12,1,31.41,1,0.126,0,,Very_Low,1-2 calls
SUB7789408,60,12,33.84,3,0.072,0,,Very_Low,3-4 calls
SUB5764812,1,12,19.14,4,0.614,0,,High,3-4 calls
SUB2568146,12,1,31.14,2,0.115,0,,Very_Low,1-2 calls
SUB1483455,24,6,112.83,2,0.068,0,,Very_Low,1-2 calls
SUB5036405,24,12,54.33,1,0.124,0,,Very_Low,1-2 calls
SUB9935827,18,3,9.85,1,0.21,0,,Low,1-2 calls
SUB3186268,12,1,10.06,1,0.176,0,,Very_Low,1-2 calls
SUB5445975,1,24,96.78,0,0.12,1,Relocation/Moving,Very_Low,0 calls
SUB3871656,6,12,79.64,4,0.215,0,,Low,3-4 calls
SUB5708569,18,3,47.99,2,0.136,0,,Very_Low,1-2 calls
SUB4855933,24,12,44.83,1,0.052,0,,Very_Low,1-2 calls
SUB3326729,24,12,29.03,0,0.189,0,,Very_Low,0 calls
SUB7695233,24,12,71.54,0,0.109,0,,Very_Low,0 calls
SUB9274437,6,1,43.13,3,0.307,1,Network Quality Issues,Low,3-4 calls
SUB4907129,18,1,64.11,1,0.096,1,Network Quality Issues,Very_Low,1-2 calls
SUB1095556,60,1,26.51,3,0.154,0,,Very_Low,3-4 calls
SUB6399869,3,3,16.78,2,0.532,1,Network Quality Issues,Medium,1-2 calls
SUB4469992,24,1,16.31,6,0.472,0,,Medium,5+ calls
SUB7139353,12,24,119.1,2,0.117,0,,Very_Low,1-2 calls
SUB1652755,6,1,100.83,3,0.23,0,,Low,3-4 calls
SUB4666344,6,12,84.19,1,0.143,0,,Very_Low,1-2 calls
SUB6650352,3,24,103.94,1,0.157,0,,Very_Low,1-2 calls
SUB1743088,24,24,86.08,4,0.165,0,,Very_Low,3-4 calls
SUB1059778,12,6,24.37,2,0.369,0,,Low,1-2 calls
SUB6003361,48,12,56.91,3,0.093,0,,Very_Low,3-4 calls
SUB9075042,60,24,23.1,1,0.055,0,,Very_Low,1-2 calls
SUB8706113,60,12,20.23,3,0.059,0,,Very_Low,3-4 calls
SUB3173513,3,24,28.71,1,0.472,1,Price Too High,Medium,1-2 calls
SUB9910762,6,12,25.2,3,0.354,1,Price Too High,Low,3-4 calls
SUB7913462,6,1,82.96,3,0.461,0,,Medium,3-4 calls
SUB2011930,48,3,5.82,2,0.177,0,,Very_Low,1-2 calls
SUB6862044,1,24,13.24,4,0.63,1,Price Too High,High,3-4 calls
SUB9280083,18,24,83.91,4,0.165,0,,Very_Low,3-4 calls
SUB2785818,12,6,52.78,3,0.172,0,,Very_Low,3-4 calls
SUB3951720,60,3,41.75,3,0.102,0,,Very_Low,3-4 calls
SUB3082963,60,3,9.06,2,0.157,0,,Very_Low,1-2 calls
SUB6962859,12,24,24.68,0,0.151,0,,Very_Low,0 calls
SUB5256146,12,3,73.7,2,0.115,0,,Very_Low,1-2 calls
SUB1289134,12,6,77.35,1,0.115,0,,Very_Low,1-2 calls
SUB8632285,24,24,10.63,1,0.273,1,Price Too High,Low,1-2 calls
SUB5324660,3,1,98.55,3,0.11,0,,Very_Low,3-4 calls
SUB3866069,3,12,20.27,1,0.22,1,Price Too High,Low,1-2 calls
SUB1737090,24,6,19.48,2,0.157,0,,Very_Low,1-2 calls
SUB4835598,1,1,48.38,4,0.41,0,,Medium,3-4 calls
SUB5982042,18,12,25.53,2,0.157,0,,Very_Low,1-2 calls
SUB2052425,3,6,98.78,2,0.136,0,,Very_Low,1-2 calls
SUB7303816,24,1,11.56,3,0.472,0,,Medium,3-4 calls
SUB1777567,24,3,17.21,1,0.205,0,,Low,1-2 calls
SUB3716207,3,12,28.56,2,0.41,0,,Medium,1-2 calls
SUB7552901,24,12,38.69,1,0.195,0,,Very_Low,1-2 calls
SUB2749736,24,12,13.72,2,0.105,1,Price Too High,Very_Low,1-2 calls
SUB7721635,48,1,11.56,1,0.074,0,,Very_Low,1-2 calls
SUB1051707,24,24,15.47,5,0.472,1,Service Not Needed,Medium,5+ calls
SUB9669441,36,3,44.47,0,0.088,0,,Very_Low,0 calls
SUB7104128,18,12,73.49,2,0.143,0,,Very_Low,1-2 calls
SUB2877145,18,1,59.75,0,0.059,0,,Very_Low,0 calls
SUB7687666,18,6,39.83,1,0.105,0,,Very_Low,1-2 calls
SUB1778799,12,6,19.76,1,0.176,0,,Very_Low,1-2 calls
SUB8079701,6,1,115.66,0,0.082,0,,Very_Low,0 calls
SUB1879459,12,3,34.58,2,0.088,0,,Very_Low,1-2 calls
SUB9249953,18,6,20.69,0,0.126,0,,Very_Low,0 calls
SUB2822744,18,24,32.81,1,0.074,0,,Very_Low,1-2 calls
SUB9167707,12,12,64.36,2,0.088,0,,Very_Low,1-2 calls
SUB4843139,6,24,19.55,2,0.236,0,,Low,1-2 calls
SUB5447395,6,12,8.01,2,0.409,0,,Medium,1-2 calls
SUB3361216,3,3,5.9,1,0.42,0,,Medium,1-2 calls
SUB8446153,12,12,77.96,1,0.115,0,,Very_Low,1-2 calls
SUB3567587,24,12,9.86,3,0.472,0,,Medium,3-4 calls
SUB1264237,36,12,49.65,0,0.088,0,,Very_Low,0 calls
SUB5469353,6,3,10.64,3,0.614,1,Price Too High,High,3-4 calls
SUB5840351,18,3,28.67,1,0.157,0,,Very_Low,1-2 calls
SUB3514719,12,6,24.93,2,0.284,0,,Low,1-2 calls
SUB2908911,60,6,12.74,3,0.205,0,,Low,3-4 calls
SUB5002981,36,1,13.09,4,0.373,0,,Low,3-4 calls
SUB2419920,36,24,62.36,1,0.143,0,,Very_Low,1-2 calls
SUB9360777,18,6,47.49,0,0.142,0,,Very_Low,0 calls
SUB3179441,12,12,76.27,0,0.106,0,,Very_Low,0 calls
SUB3737946,18,3,6.87,2,0.315,0,,Low,1-2 calls
SUB3088062,3,12,115.87,2,0.585,0,,Medium,1-2 calls
SUB2834907,36,1,114.68,2,0.026,0,,Very_Low,1-2 calls
SUB9352110,6,1,7.15,2,0.41,0,,Medium,1-2 calls
SUB4861774,36,6,85.79,2,0.052,0,,Very_Low,1-2 calls
SUB4633795,6,3,21.83,3,0.658,1,Price Too High,High,3-4 calls
SUB4477084,12,6,81.83,0,0.05,0,,Very_Low,0 calls
SUB5327802,24,24,17.35,1,0.205,0,,Low,1-2 calls
SUB4399752,12,1,40.7,5,0.491,0,,Medium,5+ calls
SUB4800986,6,6,40.49,2,0.236,0,,Low,1-2 calls
SUB6332889,36,3,27.36,1,0.165,0,,Very_Low,1-2 calls
SUB1723858,1,6,52.67,3,0.41,0,,Medium,3-4 calls
SUB1044816,36,12,43.74,1,0.11,0,,Very_Low,1-2 calls
SUB1004138,48,24,49.04,4,0.329,0,,Low,3-4 calls
SUB5163960,18,12,107.19,1,0.037,0,,Very_Low,1-2 calls
SUB8081905,18,24,87.67,2,0.068,0,,Very_Low,1-2 calls
SUB4864044,36,1,83.81,2,0.055,0,,Very_Low,1-2 calls
SUB7647463,12,3,103.25,1,0.094,0,,Very_Low,1-2 calls
SUB8088166,36,24,17.36,1,0.215,0,,Low,1-2 calls
SUB1221552,12,12,18.8,0,0.108,0,,Very_Low,0 calls
SUB9432372,6,12,26.43,2,0.307,0,,Low,1-2 calls
SUB2897951,60,3,89.22,0,0.015,0,,Very_Low,0 calls
SUB6862835,1,6,12.61,5,0.42,0,,Medium,5+ calls
SUB9705070,6,1,19.28,2,0.307,0,,Low,1-2 calls
SUB3157280,12,24,11.53,1,0.378,1,Price Too High,Low,1-2 calls
SUB1808301,6,24,23.01,5,0.799,1,Network Quality Issues,High,5+ calls
SUB6476420,6,24,15.68,1,0.307,1,Price Too High,Low,1-2 calls
SUB7296495,12,6,40.7,2,0.088,0,,Very_Low,1-2 calls
SUB5346657,12,6,12.6,8,0.95,1,Network Quality Issues,Very_High,5+ calls
SUB1112935,1,6,40.07,3,0.532,1,Network Quality Issues,Medium,3-4 calls
SUB9200252,24,12,85.25,4,0.055,0,,Very_Low,3-4 calls
SUB3150205,3,6,68.9,0,0.328,1,Relocation/Moving,Low,0 calls
SUB6424441,1,6,9.38,0,0.306,0,,Low,0 calls
SUB5280650,18,6,113.01,5,0.337,1,Relocation/Moving,Low,5+ calls
SUB5523535,18,12,68.0,5,0.191,0,,Very_Low,5+ calls
SUB5752989,24,12,6.97,0,0.328,1,Relocation/Moving,Low,0 calls
SUB5310518,1,24,72.14,2,0.191,0,,Very_Low,1-2 calls
SUB2730085,3,3,53.3,1,0.147,0,,Very_Low,1-2 calls
SUB3026110,3,3,40.63,2,0.355,0,,Low,1-2 calls
SUB6641379,18,6,11.07,6,0.294,0,,Low,5+ calls
SUB9825150,36,6,46.6,3,0.11,0,,Very_Low,3-4 calls
SUB6519948,24,12,61.85,2,0.074,0,,Very_Low,1-2 calls
SUB7928887,6,12,27.35,2,0.658,0,,High,1-2 calls
SUB5566701,36,24,62.66,3,0.054,0,,Very_Low,3-4 calls
SUB9127333,18,6,28.5,1,0.236,1,Network Quality Issues,Low,1-2 calls
SUB3980672,18,6,48.76,1,0.157,0,,Very_Low,1-2 calls
SUB9236781,60,12,16.14,1,0.118,0,,Very_Low,1-2 calls
SUB9815282,60,24,29.12,3,0.154,0,,Very_Low,3-4 calls
SUB6202413,12,12,114.62,1,0.057,0,,Very_Low,1-2 calls
SUB1082409,18,12,54.81,2,0.096,0,,Very_Low,1-2 calls
SUB8363280,3,12,25.79,1,0.532,1,Relocation/Moving,Medium,1-2 calls
SUB7766886,12,6,18.78,3,0.284,0,,Low,3-4 calls
SUB9212411,6,12,65.29,1,0.11,0,,Very_Low,1-2 calls
SUB6417755,6,1,72.16,5,0.22,0,,Low,5+ calls
SUB6131104,18,12,75.63,2,0.143,0,,Very_Low,1-2 calls
SUB4499701,3,24,35.55,2,0.21,0,,Low,1-2 calls
SUB2927716,3,6,98.84,5,0.315,1,Relocation/Moving,Low,5+ calls
SUB6241684,12,24,69.53,1,0.123,0,,Very_Low,1-2 calls
SUB6081857,1,12,13.21,5,0.84,1,Poor Customer Service,Very_High,5+ calls
SUB6759420,24,12,42.49,0,0.12,0,,Very_Low,0 calls
SUB6306490,60,3,19.53,1,0.118,0,,Very_Low,1-2 calls
SUB7922981,24,24,65.52,2,0.096,0,,Very_Low,1-2 calls
SUB8817209,12,1,8.1,4,0.567,0,,Medium,3-4 calls
SUB5893091,18,12,27.88,4,0.399,1,Price Too High,Low,3-4 calls
SUB4800315,24,12,15.99,1,0.205,0,,Low,1-2 calls
SUB7469723,1,6,9.59,2,0.42,1,Price Too High,Medium,1-2 calls
SUB7102545,12,1,25.79,1,0.284,0,,Low,1-2 calls
SUB3252641,3,24,88.43,2,0.103,1,Better Competitor Offer,Very_Low,1-2 calls
SUB1344126,1,24,26.28,2,0.614,1,Price Too High,High,1-2 calls
SUB6107385,24,12,40.93,2,0.157,0,,Very_Low,1-2 calls
SUB9074444,36,12,35.55,3,0.077,0,,Very_Low,3-4 calls
SUB2137411,1,12,49.16,2,0.21,0,,Low,1-2 calls
SUB2670357,3,12,44.64,1,0.273,1,Network Quality Issues,Low,1-2 calls
SUB6939334,6,1,9.36,6,0.945,1,Price Too High,Very_High,5+ calls
SUB7393404,36,6,15.62,1,0.11,0,,Very_Low,1-2 calls
SUB4330922,48,12,51.58,0,0.038,0,,Very_Low,0 calls
SUB5155479,24,6,41.52,2,0.177,1,Relocation/Moving,Very_Low,1-2 calls
SUB6709635,24,12,75.1,2,0.096,0,,Very_Low,1-2 calls
SUB9686594,6,24,33.65,3,0.399,1,Network Quality Issues,Low,3-4 calls
SUB2315823,12,6,12.79,0,0.393,0,,Low,0 calls
SUB4433372,6,24,51.98,1,0.055,0,,Very_Low,1-2 calls
SUB1770692,60,1,9.99,1,0.074,0,,Very_Low,1-2 calls
SUB6867504,24,24,95.83,1,0.102,0,,Very_Low,1-2 calls
SUB9817353,6,1,21.04,2,0.307,1,Price Too High,Low,1-2 calls
SUB5832091,3,6,42.31,2,0.315,0,,Low,1-2 calls
SUB1673812,3,12,6.99,3,0.441,0,,Medium,3-4 calls
SUB3932977,3,12,88.87,2,0.105,0,,Very_Low,1-2 calls
SUB8797698,18,24,96.62,2,0.146,0,,Very_Low,1-2 calls
SUB7982252,48,6,11.11,4,0.236,0,,Low,3-4 calls
SUB7616659,36,1,22.66,1,0.599,1,Price Too High,Medium,1-2 calls
SUB4817042,1,6,5.19,2,0.546,0,,Medium,1-2 calls
SUB5539170,24,6,59.97,4,0.11,0,,Very_Low,3-4 calls
SUB5969411,3,12,23.51,4,0.709,1,Network Quality Issues,High,3-4 calls
SUB1536644,6,24,40.97,3,0.354,1,Network Quality Issues,Low,3-4 calls
SUB1652416,12,12,11.79,2,0.328,0,,Low,1-2 calls
SUB6210307,36,12,63.02,1,0.165,0,,Very_Low,1-2 calls
SUB9161562,6,3,33.67,3,0.399,0,,Low,3-4 calls
SUB2707542,36,3,74.45,2,0.051,0,,Very_Low,1-2 calls
SUB5191896,24,6,66.95,2,0.074,0,,Very_Low,1-2 calls
SUB7086932,18,24,8.01,1,0.105,0,,Very_Low,1-2 calls
SUB2474620,3,12,38.54,3,0.225,0,,Low,3-4 calls
SUB2849395,12,6,46.73,1,0.126,0,,Very_Low,1-2 calls
SUB7623063,6,12,34.61,2,0.157,0,,Very_Low,1-2 calls
SUB1989336,18,24,14.16,1,0.105,0,,Very_Low,1-2 calls
SUB6224237,18,12,87.94,5,0.409,1,Network Quality Issues,Medium,5+ calls
SUB4138102,1,24,114.01,4,0.307,0,,Low,3-4 calls
SUB6160324,18,12,110.92,2,0.146,0,,Very_Low,1-2 calls
SUB8421289,12,3,75.09,0,0.092,0,,Very_Low,0 calls
SUB9450361,36,1,28.97,3,0.116,0,,Very_Low,3-4 calls
SUB6647183,24,6,16.34,2,0.205,0,,Low,1-2 calls
SUB6666912,12,1,5.27,1,0.328,1,Price Too High,Low,1-2 calls
SUB5318420,60,6,25.96,1,0.19,0,,Very_Low,1-2 calls
SUB6217084,18,3,5.75,3,0.472,0,,Medium,3-4 calls
SUB4205228,60,6,19.69,3,0.154,0,,Very_Low,3-4 calls
SUB6299238,24,6,116.42,1,0.079,0,,Very_Low,1-2 calls
SUB9882600,12,3,102.48,1,0.094,0,,Very_Low,1-2 calls
SUB7514948,6,12,91.85,0,0.044,0,,Very_Low,0 calls
SUB5980137,12,6,8.53,1,0.229,0,,Low,1-2 calls
SUB7717526,48,24,104.14,3,0.051,0,,Very_Low,3-4 calls
SUB9464848,3,1,6.68,0,0.811,1,Price Too High,Very_High,0 calls
SUB5429899,12,6,33.67,3,0.132,0,,Very_Low,3-4 calls
SUB4891151,6,12,43.72,2,0.157,0,,Very_Low,1-2 calls
SUB2948061,36,6,46.93,4,0.11,0,,Very_Low,3-4 calls
SUB8347000,24,24,119.67,5,0.15,0,,Very_Low,5+ calls
SUB7581118,18,3,29.09,0,0.304,0,,Low,0 calls
SUB6032661,12,6,43.6,2,0.164,0,,Very_Low,1-2 calls
SUB1898332,18,1,11.77,3,0.315,0,,Low,3-4 calls
SUB8603876,60,3,110.8,2,0.044,0,,Very_Low,1-2 calls
SUB5025942,3,12,22.48,4,0.614,0,,High,3-4 calls
SUB9551795,36,6,85.69,1,0.124,0,,Very_Low,1-2 calls
SUB5703855,6,3,71.07,3,0.215,0,,Low,3-4 calls
SUB2562518,1,6,73.04,2,0.074,0,,Very_Low,1-2 calls
SUB6248400,24,24,42.25,5,0.507,0,,Medium,5+ calls
SUB9556135,24,6,26.02,3,0.307,0,,Low,3-4 calls
SUB3744804,6,1,44.2,0,0.246,0,,Low,0 calls
SUB9299141,24,1,108.05,1,0.048,0,,Very_Low,1-2 calls
SUB2587819,24,6,69.63,1,0.074,0,,Very_Low,1-2 calls
SUB6182101,18,12,7.28,1,0.21,0,,Low,1-2 calls
SUB7541600,1,24,5.47,2,0.294,1,Price Too High,Low,1-2 calls
SUB7356381,18,24,34.2,1,0.177,1,Relocation/Moving,Very_Low,1-2 calls
SUB1594557,48,24,82.9,0,0.044,0,,Very_Low,0 calls
SUB8239914,18,12,19.51,3,0.461,0,,Medium,3-4 calls
SUB9354207,6,1,56.43,4,0.165,0,,Very_Low,3-4 calls
SUB1990121,18,3,92.39,2,0.075,0,,Very_Low,1-2 calls
SUB2725049,60,6,32.45,2,0.146,0,,Very_Low,1-2 calls
SUB8845870,12,24,15.85,2,0.284,0,,Low,1-2 calls
SUB1483442,36,1,95.68,3,0.083,0,,Very_Low,3-4 calls
SUB6272225,3,12,44.58,2,0.39,1,Relocation/Moving,Low,1-2 calls
SUB5109545,1,12,16.75,1,0.472,1,Price Too High,Medium,1-2 calls
SUB7622766,12,3,18.0,2,0.284,1,Relocation/Moving,Low,1-2 calls
SUB2751797,3,6,25.11,2,0.41,1,Price Too High,Medium,1-2 calls
SUB9486014,6,6,72.95,3,0.165,0,,Very_Low,3-4 calls
SUB4452814,24,3,17.13,1,0.157,0,,Very_Low,1-2 calls
SUB7870679,12,6,18.51,1,0.246,1,Price Too High,Low,1-2 calls
SUB9038762,6,3,77.84,1,0.11,0,,Very_Low,1-2 calls
SUB3891912,36,3,21.84,1,0.143,1,Price Too High,Very_Low,1-2 calls
SUB8355566,1,1,24.5,1,0.157,0,,Very_Low,1-2 calls
SUB2609184,24,6,79.72,2,0.11,0,,Very_Low,1-2 calls
SUB8913490,18,12,105.29,3,0.112,0,,Very_Low,3-4 calls
SUB5798793,1,12,20.11,0,0.328,1,Price Too High,Low,0 calls
SUB8337895,1,12,10.39,2,0.819,1,Price Too High,Very_High,1-2 calls
SUB3328476,3,6,83.1,5,0.294,0,,Low,5+ calls
SUB1484273,60,12,33.82,4,0.133,0,,Very_Low,3-4 calls
SUB8738866,1,3,25.0,1,0.41,1,Network Quality Issues,Medium,1-2 calls
SUB6113728,24,3,10.83,0,0.218,1,Price Too High,Low,0 calls
SUB6386159,12,24,8.82,3,0.567,0,,Medium,3-4 calls
SUB6646895,6,6,58.25,2,0.143,0,,Very_Low,1-2 calls
SUB1726448,18,24,40.92,0,0.109,0,,Very_Low,0 calls
SUB1070463,6,24,83.69,1,0.079,0,,Very_Low,1-2 calls
SUB6450652,6,12,47.01,5,0.473,0,,Medium,5+ calls
SUB7852902,6,3,38.78,7,0.921,1,Network Quality Issues,Very_High,5+ calls
SUB3866457,12,12,80.77,4,0.094,0,,Very_Low,3-4 calls
SUB3430992,3,6,7.81,1,0.294,0,,Low,1-2 calls
SUB5314380,36,24,33.89,0,0.088,0,,Very_Low,0 calls
SUB6301572,18,24,13.24,1,0.273,0,,Low,1-2 calls
SUB5911408,1,24,27.97,3,0.614,1,Service Not Needed,High,3-4 calls
SUB6116934,12,12,14.32,2,0.252,0,,Low,1-2 calls
SUB6595956,18,1,14.5,4,0.472,0,,Medium,3-4 calls
SUB9425021,36,24,109.47,1,0.048,0,,Very_Low,1-2 calls
SUB8903402,1,1,31.86,0,0.284,0,,Low,0 calls
SUB6890298,12,1,108.89,4,0.132,0,,Very_Low,3-4 calls
SUB7866684,24,24,29.98,2,0.236,1,Network Quality Issues,Low,1-2 calls
SUB9027522,3,3,33.08,1,0.38,1,Service Not Needed,Low,1-2 calls
SUB9953038,6,24,13.78,4,0.799,1,Network Quality Issues,High,3-4 calls
SUB5860319,12,3,42.26,0,0.281,0,,Low,0 calls
SUB4641141,36,12,36.21,1,0.096,0,,Very_Low,1-2 calls
SUB4381915,12,12,12.33,2,0.252,0,,Low,1-2 calls
SUB9430664,12,12,79.47,4,0.198,0,,Very_Low,3-4 calls
SUB3148983,18,24,23.11,5,0.76,1,Price Too High,High,5+ calls
SUB1773952,6,24,45.94,2,0.158,1,Network Quality Issues,Very_Low,1-2 calls
SUB1908380,36,1,39.21,1,0.102,0,,Very_Low,1-2 calls
SUB5620792,60,12,92.97,3,0.051,0,,Very_Low,3-4 calls
SUB2337768,18,24,13.71,0,0.608,0,,High,0 calls
SUB4090930,18,6,31.18,3,0.11,0,,Very_Low,3-4 calls
SUB7859698,18,6,46.83,0,0.109,0,,Very_Low,0 calls
SUB2514101,3,12,10.71,2,0.63,1,Price Too High,High,1-2 calls
SUB2406150,24,6,43.55,1,0.052,0,,Very_Low,1-2 calls
SUB9913613,6,3,20.08,1,0.354,0,,Low,1-2 calls
SUB2229458,60,3,14.97,1,0.105,0,,Very_Low,1-2 calls
SUB7296450,24,3,13.15,2,0.273,1,Relocation/Moving,Low,1-2 calls
SUB8082122,18,12,89.6,3,0.205,0,,Low,3-4 calls
SUB7360756,48,24,13.17,1,0.292,0,,Low,1-2 calls
SUB5755997,60,24,42.41,1,0.052,0,,Very_Low,1-2 calls
SUB2493551,24,6,14.39,0,0.084,0,,Very_Low,0 calls
SUB4973313,24,12,8.65,4,0.41,1,Poor Customer Service,Medium,3-4 calls
SUB3436831,1,12,17.8,3,0.614,1,Relocation/Moving,High,3-4 calls
SUB9743662,24,12,43.06,2,0.205,0,,Low,1-2 calls
SUB4839847,6,24,28.22,1,0.165,0,,Very_Low,1-2 calls
SUB2166670,48,24,11.91,2,0.052,0,,Very_Low,1-2 calls
SUB1680667,18,1,75.82,3,0.077,0,,Very_Low,3-4 calls
SUB6319728,12,24,43.4,3,0.246,0,,Low,3-4 calls
SUB6410897,6,1,9.57,1,0.157,0,,Very_Low,1-2 calls
SUB3014017,18,12,47.69,2,0.157,0,,Very_Low,1-2 calls
SUB8084364,12,3,13.36,1,0.328,0,,Low,1-2 calls
SUB5022261,12,12,34.09,2,0.164,0,,Very_Low,1-2 calls
SUB5637203,3,1,26.84,2,0.76,1,Price Too High,High,1-2 calls
SUB5675519,24,6,7.05,2,0.191,0,,Very_Low,1-2 calls
SUB5894940,12,1,5.84,2,0.252,0,,Low,1-2 calls
SUB2999482,1,24,28.3,0,0.378,1,Price Too High,Low,0 calls
SUB4649244,1,1,67.48,3,0.287,0,,Low,3-4 calls
SUB5614466,6,3,14.77,3,0.614,1,Price Too High,High,3-4 calls
SUB6846866,18,12,8.95,1,0.21,0,,Low,1-2 calls
SUB7182719,3,12,49.68,0,0.218,1,Relocation/Moving,Low,0 calls
SUB1350067,3,12,33.69,1,0.315,0,,Low,1-2 calls
SUB3059385,12,3,12.86,1,0.252,0,,Low,1-2 calls
SUB8449194,3,6,26.26,3,0.473,0,,Medium,3-4 calls
SUB3367322,36,3,17.96,6,0.11,0,,Very_Low,5+ calls
SUB2375645,18,3,6.18,5,0.21,0,,Low,5+ calls
SUB7562877,1,12,20.42,1,0.41,1,Network Quality Issues,Medium,1-2 calls
SUB7043995,3,24,6.4,3,0.945,1,Network Quality Issues,Very_High,3-4 calls
SUB7964705,3,12,58.13,4,0.154,0,,Very_Low,3-4 calls
SUB7632142,18,3,119.21,1,0.089,0,,Very_Low,1-2 calls
SUB8656495,3,1,30.46,1,0.21,0,,Low,1-2 calls
SUB1245144,1,3,27.11,2,0.41,0,,Medium,1-2 calls
SUB4822727,24,3,74.06,2,0.096,0,,Very_Low,1-2 calls
SUB2244360,12,12,45.81,0,0.131,0,,Very_Low,0 calls
SUB8225593,36,12,62.72,0,0.172,0,,Very_Low,0 calls
SUB5970809,24,1,31.63,2,0.136,0,,Very_Low,1-2 calls
SUB4049316,6,6,44.07,4,0.461,0,,Medium,3-4 calls
SUB7622575,3,12,24.35,3,0.236,0,,Low,3-4 calls
SUB8503276,12,3,27.93,2,0.246,0,,Low,1-2 calls
SUB8267807,1,24,28.38,1,0.315,1,Price Too High,Low,1-2 calls
SUB3960883,18,12,14.2,0,0.084,0,,Very_Low,0 calls
SUB1906450,1,6,19.32,2,0.315,0,,Low,1-2 calls
SUB1282140,24,1,46.82,1,0.136,0,,Very_Low,1-2 calls
SUB9213062,36,6,32.01,0,0.076,0,,Very_Low,0 calls
SUB1558981,60,6,105.87,0,0.027,0,,Very_Low,0 calls
SUB9497552,6,24,28.97,4,0.248,0,,Low,3-4 calls
SUB2797519,18,6,9.21,2,0.147,1,Price Too High,Very_Low,1-2 calls
SUB4877590,36,24,111.11,2,0.018,0,,Very_Low,1-2 calls
SUB8683647,12,12,86.26,2,0.094,0,,Very_Low,1-2 calls
SUB4715929,6,1,46.56,2,0.205,0,,Low,1-2 calls
SUB5391401,1,24,9.91,3,0.95,1,Service Not Needed,Very_High,3-4 calls
SUB3928100,12,3,48.2,2,0.164,0,,Very_Low,1-2 calls
SUB2953341,1,6,13.8,0,0.655,1,Price Too High,High,0 calls
SUB1973737,6,24,114.65,4,0.177,0,,Very_Low,3-4 calls
SUB6433001,6,24,75.33,3,0.165,0,,Very_Low,3-4 calls
SUB4902908,18,6,20.05,6,0.532,1,Poor Customer Service,Medium,5+ calls
SUB7671628,6,3,111.73,2,0.112,0,,Very_Low,1-2 calls
SUB8903498,12,12,46.63,1,0.164,0,,Very_Low,1-2 calls
SUB7062133,6,12,96.13,4,0.219,0,,Low,3-4 calls
SUB6698618,18,24,114.27,2,0.089,0,,Very_Low,1-2 calls
SUB8640888,12,24,9.73,2,0.229,0,,Low,1-2 calls
SUB1295866,48,24,12.33,3,0.205,0,,Low,3-4 calls
SUB7236893,36,24,47.52,0,0.076,0,,Very_Low,0 calls
SUB7822603,6,12,116.03,0,0.082,0,,Very_Low,0 calls
SUB8250569,12,12,89.3,2,0.094,1,Network Quality Issues,Very_Low,1-2 calls
SUB2805518,18,6,41.14,1,0.136,0,,Very_Low,1-2 calls
SUB4623425,1,1,9.32,3,0.945,1,Price Too High,Very_High,3-4 calls
SUB4599537,6,12,14.87,3,0.236,0,,Low,3-4 calls
SUB7521689,6,12,80.19,3,0.215,0,,Low,3-4 calls
SUB7689558,12,3,43.4,3,0.132,0,,Very_Low,3-4 calls
SUB7298941,36,12,45.54,2,0.051,0,,Very_Low,1-2 calls
SUB7010224,1,1,31.57,1,0.21,0,,Low,1-2 calls
SUB5091685,1,12,69.27,2,0.273,0,,Low,1-2 calls
SUB9595960,18,12,90.76,1,0.068,0,,Very_Low,1-2 calls
SUB1184514,6,1,28.14,0,0.351,0,,Low,0 calls
SUB7736549,3,24,18.0,2,0.41,1,Price Too High,Medium,1-2 calls
SUB2258624,24,6,63.16,2,0.096,0,,Very_Low,1-2 calls
SUB6929949,6,12,112.33,2,0.055,0,,Very_Low,1-2 calls
SUB8296991,18,1,19.46,2,0.236,0,,Low,1-2 calls
SUB5783725,12,12,15.62,0,0.106,0,,Very_Low,0 calls
SUB7671203,6,12,19.54,1,0.399,0,,Low,1-2 calls
SUB3750025,24,3,18.16,6,0.532,1,Network Quality Issues,Medium,5+ calls
SUB8785446,18,12,6.96,2,0.105,0,,Very_Low,1-2 calls
SUB6735630,12,12,31.85,4,0.189,0,,Very_Low,3-4 calls
SUB3926979,3,6,25.1,1,0.95,1,Relocation/Moving,Very_High,1-2 calls
SUB3514399,18,12,49.91,1,0.105,0,,Very_Low,1-2 calls
SUB1955205,18,24,7.86,1,0.136,0,,Very_Low,1-2 calls
SUB7666199,24,12,9.95,2,0.315,1,Network Quality Issues,Low,1-2 calls
SUB1966649,6,24,43.21,4,0.658,1,Network Quality Issues,High,3-4 calls
SUB8493971,6,12,38.51,1,0.205,0,,Low,1-2 calls
SUB5980939,24,3,28.91,0,0.189,0,,Very_Low,0 calls
SUB8576126,12,3,86.41,3,0.198,0,,Very_Low,3-4 calls
SUB6061500,12,3,8.41,2,0.328,1,Relocation/Moving,Low,1-2 calls
SUB2200532,3,6,20.91,1,0.315,0,,Low,1-2 calls
SUB8496287,12,6,33.22,1,0.088,0,,Very_Low,1-2 calls
SUB6193378,24,3,84.44,2,0.052,0,,Very_Low,1-2 calls
SUB1464462,12,6,15.24,1,0.189,0,,Very_Low,1-2 calls
SUB5868923,36,6,16.59,3,0.248,1,Relocation/Moving,Low,3-4 calls
SUB8930221,1,12,40.87,1,0.273,0,,Low,1-2 calls
SUB7010554,3,6,19.65,0,0.328,0,,Low,0 calls
SUB5603623,18,6,67.43,1,0.096,0,,Very_Low,1-2 calls
SUB8962366,18,6,22.74,1,0.236,0,,Low,1-2 calls
SUB1274535,6,24,50.91,1,0.143,0,,Very_Low,1-2 calls
SUB6140709,48,12,29.98,2,0.039,0,,Very_Low,1-2 calls
SUB3480017,6,12,113.52,1,0.079,0,,Very_Low,1-2 calls
SUB5816129,12,6,24.35,1,0.132,0,,Very_Low,1-2 calls
SUB9207623,60,6,81.31,3,0.039,0,,Very_Low,3-4 calls
SUB1917472,12,24,29.37,1,0.284,0,,Low,1-2 calls
SUB4649279,18,12,20.32,1,0.236,1,Price Too High,Low,1-2 calls
SUB6016239,12,12,23.55,3,0.198,0,,Very_Low,3-4 calls
SUB4221131,3,6,99.51,5,0.21,0,,Low,5+ calls
SUB9977182,60,3,15.5,4,0.118,0,,Very_Low,3-4 calls
SUB3434138,1,3,22.77,1,0.472,1,Price Too High,Medium,1-2 calls
SUB9493535,60,12,9.63,1,0.105,0,,Very_Low,1-2 calls
SUB8783874,12,24,93.61,3,0.142,0,,Very_Low,3-4 calls
SUB7590828,3,24,18.48,0,0.378,0,,Low,0 calls
SUB5217690,3,12,19.21,1,0.41,0,,Medium,1-2 calls
SUB4649886,18,12,116.81,1,0.089,0,,Very_Low,1-2 calls
SUB6533326,24,3,85.95,1,0.079,0,,Very_Low,1-2 calls
SUB5446460,36,6,25.81,3,0.248,0,,Low,3-4 calls
SUB8293708,6,12,102.38,4,0.169,0,,Very_Low,3-4 calls
SUB6044080,12,12,27.84,2,0.189,1,Network Quality Issues,Very_Low,1-2 calls
SUB1953122,60,12,13.04,2,0.136,0,,Very_Low,1-2 calls
SUB5663754,12,6,87.36,3,0.172,0,,Very_Low,3-4 calls
SUB5517562,12,12,77.01,0,0.035,0,,Very_Low,0 calls
SUB7540180,6,24,20.75,3,0.532,1,Price Too High,Medium,3-4 calls
SUB9503197,36,12,13.0,1,0.22,1,Network Quality Issues,Low,1-2 calls
SUB2193982,6,24,23.66,4,0.354,0,,Low,3-4 calls
SUB9582447,18,12,72.44,1,0.11,0,,Very_Low,1-2 calls
SUB7654754,3,6,101.95,0,0.12,1,Network Quality Issues,Very_Low,0 calls
SUB1506453,18,12,19.9,1,0.157,1,Price Too High,Very_Low,1-2 calls
SUB7548894,48,12,89.68,2,0.051,0,,Very_Low,1-2 calls
SUB3507743,24,12,15.86,1,0.11,0,,Very_Low,1-2 calls
SUB2555811,1,24,68.72,0,0.059,0,,Very_Low,0 calls
SUB6077198,18,6,10.12,2,0.315,0,,Low,1-2 calls
SUB7184377,18,1,31.81,2,0.074,0,,Very_Low,1-2 calls
SUB4845474,6,12,18.76,4,0.532,1,Relocation/Moving,Medium,3-4 calls
SUB4924482,36,3,93.0,2,0.037,0,,Very_Low,1-2 calls
SUB4232452,24,3,16.18,1,0.157,1,Relocation/Moving,Very_Low,1-2 calls
SUB5947796,18,24,15.51,2,0.236,0,,Low,1-2 calls
SUB5290697,24,3,88.4,1,0.096,0,,Very_Low,1-2 calls
SUB7886940,3,3,26.2,0,0.378,1,Network Quality Issues,Low,0 calls
SUB4812010,48,3,22.03,3,0.285,1,Price Too High,Low,3-4 calls
SUB2478081,18,6,34.72,0,0.042,0,,Very_Low,0 calls
SUB2570889,12,6,85.72,2,0.132,0,,Very_Low,1-2 calls
SUB8373372,3,12,20.07,4,0.709,0,,High,3-4 calls
SUB4071640,18,1,8.95,4,0.41,0,,Medium,3-4 calls
SUB6253974,1,12,21.71,2,0.22,0,,Low,1-2 calls
SUB1950922,6,6,101.23,1,0.118,0,,Very_Low,1-2 calls
SUB2684449,18,3,13.61,3,0.41,1,Price Too High,Medium,3-4 calls
SUB9854198,18,12,16.62,6,0.22,0,,Low,5+ calls
SUB6753371,1,6,33.21,2,0.315,1,Relocation/Moving,Low,1-2 calls
SUB2433284,1,12,6.79,6,0.95,1,Service Not Needed,Very_High,5+ calls
SUB2117374,3,24,21.57,1,0.287,0,,Low,1-2 calls
SUB3999610,24,6,114.95,2,0.19,1,Service Not Needed,Very_Low,1-2 calls
SUB3298756,18,24,9.93,1,0.147,0,,Very_Low,1-2 calls
SUB8100052,18,3,81.89,2,0.11,0,,Very_Low,1-2 calls
SUB3788107,18,3,71.33,2,0.037,0,,Very_Low,1-2 calls
SUB9418865,1,12,20.62,1,0.157,1,Relocation/Moving,Very_Low,1-2 calls
SUB5601731,3,1,29.6,1,0.472,0,,Medium,1-2 calls
SUB8173877,24,6,102.01,3,0.329,0,,Low,3-4 calls
SUB1985257,18,3,50.48,5,0.105,0,,Very_Low,5+ calls
SUB2101267,12,12,10.52,2,0.608,1,Price Too High,High,1-2 calls
SUB1418829,1,24,23.36,0,0.328,0,,Low,0 calls
SUB8040906,12,1,35.1,3,0.189,0,,Very_Low,3-4 calls
SUB4438780,6,6,24.76,4,0.248,1,Price Too High,Low,3-4 calls
SUB8517750,18,12,48.85,2,0.074,0,,Very_Low,1-2 calls
SUB2546933,36,6,87.1,2,0.072,0,,Very_Low,1-2 calls
SUB9713937,12,1,26.88,3,0.425,0,,Medium,3-4 calls
SUB3956151,12,12,104.65,1,0.044,0,,Very_Low,1-2 calls
SUB2227222,6,1,63.92,2,0.077,0,,Very_Low,1-2 calls
SUB2543812,1,6,12.0,1,0.546,0,,Medium,1-2 calls
SUB8831038,12,24,58.12,0,0.05,0,,Very_Low,0 calls
SUB7835032,18,6,35.28,3,0.157,0,,Very_Low,3-4 calls
SUB1865256,18,24,28.12,3,0.461,1,Relocation/Moving,Medium,3-4 calls
SUB8948745,12,24,25.62,0,0.106,0,,Very_Low,0 calls
SUB1000917,60,3,39.74,2,0.068,0,,Very_Low,1-2 calls
SUB8304000,48,12,44.57,0,0.063,0,,Very_Low,0 calls
SUB8150406,36,24,102.74,1,0.062,0,,Very_Low,1-2 calls
SUB8068931,12,12,110.25,3,0.066,0,,Very_Low,3-4 calls
SUB5473447,24,24,18.42,4,0.118,0,,Very_Low,3-4 calls
SUB9650699,48,6,53.59,2,0.048,0,,Very_Low,1-2 calls
SUB9791765,24,12,5.23,1,0.315,0,,Low,1-2 calls
SUB7876913,6,1,6.42,2,0.409,1,Service Not Needed,Medium,1-2 calls
SUB7139996,1,12,8.37,0,0.235,0,,Low,0 calls
SUB8557773,60,12,37.8,3,0.079,0,,Very_Low,3-4 calls
SUB9637873,60,6,8.16,1,0.105,0,,Very_Low,1-2 calls
SUB8737777,18,6,19.39,4,0.236,0,,Low,3-4 calls
SUB8554159,6,6,15.22,3,0.95,1,Price Too High,Very_High,3-4 calls
SUB7565792,36,12,20.26,4,0.215,0,,Low,3-4 calls
SUB2384822,60,1,105.49,0,0.039,0,,Very_Low,0 calls
SUB2807402,12,24,95.63,1,0.082,0,,Very_Low,1-2 calls
SUB2949902,6,6,88.56,3,0.248,0,,Low,3-4 calls
SUB8505191,12,1,39.02,0,0.101,0,,Very_Low,0 calls
SUB9717429,1,12,76.63,1,0.248,0,,Low,1-2 calls
SUB1243877,18,24,56.53,0,0.076,0,,Very_Low,0 calls
SUB4345026,12,1,71.7,0,0.092,0,,Very_Low,0 calls
SUB1920759,36,1,9.33,2,0.191,0,,Very_Low,1-2 calls
SUB2761369,6,6,20.05,2,0.307,0,,Low,1-2 calls
SUB6786572,1,12,26.71,3,0.331,0,,Low,3-4 calls
SUB8562160,24,12,21.53,1,0.266,1,Price Too High,Low,1-2 calls
SUB9386369,1,6,24.23,1,0.315,0,,Low,1-2 calls
SUB2858997,12,24,69.69,0,0.092,0,,Very_Low,0 calls
SUB5980249,3,3,65.51,1,0.191,1,Network Quality Issues,Very_Low,1-2 calls
SUB5975467,18,24,11.12,2,0.355,0,,Low,1-2 calls
SUB2429290,3,1,23.48,6,0.315,0,,Low,5+ calls
SUB6188757,12,3,32.99,2,0.164,1,Relocation/Moving,Very_Low,1-2 calls
SUB3120711,6,3,8.98,1,0.472,1,Price Too High,Medium,1-2 calls
SUB1521244,3,24,6.2,1,0.273,1,Relocation/Moving,Low,1-2 calls
SUB7271271,18,6,64.83,4,0.165,0,,Very_Low,3-4 calls
SUB2399769,1,6,49.19,1,0.147,0,,Very_Low,1-2 calls
SUB7913744,48,6,91.79,1,0.039,0,,Very_Low,1-2 calls
SUB6919359,24,12,64.18,2,0.074,0,,Very_Low,1-2 calls
SUB9876659,48,6,92.23,2,0.051,0,,Very_Low,1-2 calls
SUB1825782,1,24,5.77,3,0.315,0,,Low,3-4 calls
SUB1439439,1,1,14.69,2,0.78,1,Network Quality Issues,High,1-2 calls
SUB2264134,6,6,21.18,1,0.307,1,Network Quality Issues,Low,1-2 calls
SUB7767567,18,6,5.61,0,0.252,0,,Low,0 calls
SUB6759919,6,12,38.22,0,0.95,1,Relocation/Moving,Very_High,0 calls
SUB2894554,12,24,81.06,2,0.088,0,,Very_Low,1-2 calls
SUB6855319,18,3,87.09,2,0.098,0,,Very_Low,1-2 calls
SUB8605503,3,24,104.7,5,0.315,1,Poor Customer Service,Low,5+ calls
SUB8984638,24,24,30.3,1,0.105,0,,Very_Low,1-2 calls
SUB1947272,48,24,42.75,2,0.068,0,,Very_Low,1-2 calls
SUB5914082,18,1,20.23,0,0.189,0,,Very_Low,0 calls
SUB6730482,48,24,19.78,3,0.177,0,,Very_Low,3-4 calls
SUB6941028,6,24,105.75,1,0.079,0,,Very_Low,1-2 calls
SUB7600430,1,12,9.95,0,0.168,0,,Very_Low,0 calls
SUB7343902,6,1,39.31,2,0.236,0,,Low,1-2 calls
SUB4119734,18,6,116.21,0,0.029,0,,Very_Low,0 calls
SUB8748408,18,24,6.73,3,0.472,1,Price Too High,Medium,3-4 calls
SUB1711943,6,6,83.72,1,0.102,0,,Very_Low,1-2 calls
SUB3621158,12,6,9.05,0,0.262,0,,Low,0 calls
SUB8730484,6,3,96.06,2,0.133,0,,Very_Low,1-2 calls
SUB7143243,60,1,19.51,2,0.102,1,Network Quality Issues,Very_Low,1-2 calls
SUB3438064,6,12,11.89,3,0.331,0,,Low,3-4 calls
SUB6754640,3,12,14.28,1,0.95,1,Price Too High,Very_High,1-2 calls
SUB5230207,18,1,73.27,1,0.11,0,,Very_Low,1-2 calls
SUB6446441,3,24,102.99,1,0.136,0,,Very_Low,1-2 calls
SUB2998173,12,12,31.83,3,0.135,1,Service Not Needed,Very_Low,3-4 calls
SUB6858204,18,24,92.87,2,0.127,0,,Very_Low,1-2 calls
SUB5706797,48,12,84.38,3,0.055,0,,Very_Low,3-4 calls
SUB2490017,36,1,5.63,0,0.153,1,Price Too High,Very_Low,0 calls
SUB4102641,36,24,61.42,1,0.067,0,,Very_Low,1-2 calls
SUB1641593,12,12,27.17,3,0.79,1,Service Not Needed,High,3-4 calls
SUB2534227,36,1,48.13,1,0.051,0,,Very_Low,1-2 calls
SUB3297905,24,12,8.36,1,0.147,0,,Very_Low,1-2 calls
SUB5197079,12,6,20.14,1,0.246,1,Relocation/Moving,Low,1-2 calls
SUB3587551,18,24,42.14,3,0.11,0,,Very_Low,3-4 calls
SUB5109070,12,1,17.96,0,0.197,0,,Very_Low,0 calls
SUB2806210,3,12,49.42,5,0.63,1,Network Quality Issues,High,5+ calls
SUB4989284,12,6,119.93,0,0.05,0,,Very_Low,0 calls
SUB7356605,24,3,5.57,1,0.21,0,,Low,1-2 calls
SUB9415224,6,1,56.57,3,0.399,0,,Low,3-4 calls
SUB5940359,18,6,47.7,3,0.205,0,,Low,3-4 calls
SUB4838187,18,6,9.34,2,0.105,0,,Very_Low,1-2 calls
SUB5401207,48,6,51.65,0,0.021,0,,Very_Low,0 calls
SUB7091111,24,12,28.32,3,0.461,1,Price Too High,Medium,3-4 calls
SUB2038218,6,6,22.1,2,0.354,0,,Low,1-2 calls
SUB9740973,18,3,14.63,4,0.22,0,,Low,3-4 calls
SUB8192767,48,6,48.15,3,0.428,0,,Medium,3-4 calls
SUB5109404,6,1,33.6,3,0.118,0,,Very_Low,3-4 calls
SUB9749917,12,24,16.05,6,0.567,1,Poor Customer Service,Medium,5+ calls
SUB5250167,6,1,12.67,6,0.819,1,Price Too High,Very_High,5+ calls
SUB4318843,12,3,67.61,3,0.224,0,,Low,3-4 calls
SUB8291916,1,6,115.12,4,0.11,0,,Very_Low,3-4 calls
SUB1278495,36,24,37.22,1,0.051,0,,Very_Low,1-2 calls
SUB2846357,60,3,20.13,2,0.102,1,Network Quality Issues,Very_Low,1-2 calls
SUB6917054,18,6,9.34,0,0.168,0,,Very_Low,0 calls
SUB8880055,18,24,115.38,4,0.079,0,,Very_Low,3-4 calls
SUB4030486,60,12,6.0,1,0.157,0,,Very_Low,1-2 calls
SUB4980053,12,12,7.7,2,0.176,0,,Very_Low,1-2 calls
SUB1700033,18,24,40.41,1,0.075,0,,Very_Low,1-2 calls
SUB6107742,36,12,58.74,2,0.077,0,,Very_Low,1-2 calls
SUB8036278,12,1,47.83,2,0.189,0,,Very_Low,1-2 calls
SUB4901403,6,1,5.47,3,0.614,1,Relocation/Moving,High,3-4 calls
SUB1134445,24,12,76.98,1,0.143,1,Better Competitor Offer,Very_Low,1-2 calls
SUB2845700,6,3,49.86,2,0.205,0,,Low,1-2 calls
SUB9304831,36,6,51.14,1,0.051,0,,Very_Low,1-2 calls
SUB7882727,48,12,23.19,1,0.079,0,,Very_Low,1-2 calls
SUB1871535,12,12,81.16,1,0.132,0,,Very_Low,1-2 calls
SUB2742166,1,1,32.42,1,0.21,1,Network Quality Issues,Low,1-2 calls
SUB2035408,60,12,33.09,3,0.146,0,,Very_Low,3-4 calls
SUB2461312,36,24,44.7,4,0.079,0,,Very_Low,3-4 calls
SUB8627742,3,3,22.45,4,0.709,1,Network Quality Issues,High,3-4 calls
SUB6053929,18,6,18.7,2,0.157,0,,Very_Low,1-2 calls
SUB9885048,6,12,12.3,1,0.157,1,Price Too High,Very_Low,1-2 calls
SUB2471926,6,3,16.02,4,0.461,1,Poor Customer Service,Medium,3-4 calls
SUB3873524,18,12,35.52,1,0.177,0,,Very_Low,1-2 calls
SUB3742455,24,12,59.15,5,0.22,1,Relocation/Moving,Low,5+ calls
SUB3269409,1,24,14.52,3,0.441,1,Price Too High,Medium,3-4 calls
SUB7013704,3,6,95.48,5,0.355,0,,Low,5+ calls
SUB1295599,48,6,22.06,4,0.059,0,,Very_Low,3-4 calls
SUB2557009,12,3,24.89,0,0.106,0,,Very_Low,0 calls
SUB1597904,12,6,12.37,4,0.491,0,,Medium,3-4 calls
SUB1116841,36,1,52.74,3,0.1,0,,Very_Low,3-4 calls
SUB6907726,3,3,68.95,2,0.22,1,Network Quality Issues,Low,1-2 calls
SUB9558542,24,6,109.94,2,0.068,0,,Very_Low,1-2 calls
SUB6826038,12,6,16.87,3,0.369,0,,Low,3-4 calls
SUB2135270,24,12,17.78,1,0.205,0,,Low,1-2 calls
SUB1237068,18,6,81.87,1,0.124,0,,Very_Low,1-2 calls
SUB6024592,18,1,60.06,4,0.077,0,,Very_Low,3-4 calls
SUB2604243,36,12,106.1,1,0.055,0,,Very_Low,1-2 calls
SUB1851161,18,12,21.84,0,0.164,0,,Very_Low,0 calls
SUB5772945,12,24,84.86,6,0.298,0,,Low,5+ calls
SUB2638846,3,12,14.2,1,0.546,1,Relocation/Moving,Medium,1-2 calls
SUB5230987,6,12,47.38,4,0.118,0,,Very_Low,3-4 calls
SUB8870907,36,3,8.45,2,0.147,1,Network Quality Issues,Very_Low,1-2 calls
SUB9713542,6,3,84.68,2,0.205,0,,Low,1-2 calls
SUB2802466,60,3,40.43,4,0.133,0,,Very_Low,3-4 calls
SUB3382865,18,6,14.68,4,0.472,0,,Medium,3-4 calls
SUB1464310,24,3,20.7,2,0.205,0,,Low,1-2 calls
SUB4714755,12,24,21.07,2,0.189,0,,Very_Low,1-2 calls
SUB9945850,18,24,16.35,2,0.079,0,,Very_Low,1-2 calls
SUB4127640,60,12,13.32,2,0.074,0,,Very_Low,1-2 calls
SUB5303677,12,1,24.85,1,0.246,0,,Low,1-2 calls
SUB5098535,6,1,61.09,2,0.143,0,,Very_Low,1-2 calls
SUB5753292,18,12,16.27,3,0.354,0,,Low,3-4 calls
SUB7227952,48,12,16.81,2,0.118,0,,Very_Low,1-2 calls
SUB6673938,1,1,102.92,0,0.203,0,,Low,0 calls
SUB9009292,60,3,8.4,5,0.273,0,,Low,5+ calls
SUB6108728,12,1,54.68,1,0.115,0,,Very_Low,1-2 calls
SUB6060795,24,3,38.5,1,0.195,0,,Very_Low,1-2 calls
SUB6769049,3,12,105.18,3,0.157,1,Better Competitor Offer,Very_Low,3-4 calls
SUB1919134,6,1,26.76,2,0.307,1,Relocation/Moving,Low,1-2 calls
SUB2855797,60,3,81.27,2,0.026,0,,Very_Low,1-2 calls
SUB7379515,6,12,6.49,1,0.472,1,Relocation/Moving,Medium,1-2 calls
SUB9078886,12,12,95.49,5,0.164,0,,Very_Low,5+ calls
SUB5636440,6,24,18.71,1,0.165,0,,Very_Low,1-2 calls
SUB7489759,12,3,37.78,1,0.213,1,Network Quality Issues,Low,1-2 calls
SUB9899770,3,6,11.65,2,0.21,0,,Low,1-2 calls
SUB3570725,12,24,88.02,1,0.123,0,,Very_Low,1-2 calls
SUB3426277,6,12,56.36,3,0.215,0,,Low,3-4 calls
SUB8200987,24,12,9.62,5,0.546,0,,Medium,5+ calls
SUB6324852,12,12,7.47,0,0.202,0,,Low,0 calls
SUB6580509,24,6,22.41,2,0.266,1,Network Quality Issues,Low,1-2 calls
SUB2317621,18,24,20.03,2,0.157,0,,Very_Low,1-2 calls
SUB7408929,48,12,16.73,2,0.055,0,,Very_Low,1-2 calls
SUB4637967,24,12,109.13,1,0.068,0,,Very_Low,1-2 calls
SUB3367893,48,12,53.92,1,0.048,0,,Very_Low,1-2 calls
SUB6766140,12,12,99.88,0,0.05,0,,Very_Low,0 calls
SUB6053127,48,12,16.73,1,0.079,0,,Very_Low,1-2 calls
SUB1739574,3,1,72.05,3,0.11,0,,Very_Low,3-4 calls
SUB5071495,1,12,31.16,4,0.614,1,Network Quality Issues,High,3-4 calls
SUB1325437,12,12,24.22,2,0.246,1,Price Too High,Low,1-2 calls
SUB3091013,36,1,41.83,1,0.074,0,,Very_Low,1-2 calls
SUB4681890,3,24,23.41,1,0.22,1,Network Quality Issues,Low,1-2 calls
SUB6991305,60,24,91.83,3,0.037,0,,Very_Low,3-4 calls
SUB1872834,3,1,34.05,3,0.41,1,Network Quality Issues,Medium,3-4 calls
SUB5637370,24,12,78.83,3,0.165,1,Network Quality Issues,Very_Low,3-4 calls
SUB7626379,48,1,78.56,0,0.05,0,,Very_Low,0 calls
SUB6887774,60,3,33.78,0,0.055,0,,Very_Low,0 calls
SUB8352132,18,12,42.0,1,0.052,0,,Very_Low,1-2 calls
SUB2032499,18,6,27.94,0,0.164,0,,Very_Low,0 calls
SUB4820888,1,6,9.26,2,0.546,1,Relocation/Moving,Medium,1-2 calls
SUB8730302,1,12,60.08,0,0.153,0,,Very_Low,0 calls
SUB8534504,60,12,89.68,0,0.027,0,,Very_Low,0 calls
SUB3331348,6,12,23.52,2,0.165,0,,Very_Low,1-2 calls
SUB7565269,1,6,93.51,4,0.307,0,,Low,3-4 calls
SUB8199107,12,12,22.35,4,0.369,1,Price Too High,Low,3-4 calls
SUB3806284,6,6,40.71,4,0.118,0,,Very_Low,3-4 calls
SUB7572531,6,24,28.89,1,0.461,0,,Medium,1-2 calls
SUB2141452,6,12,12.65,5,0.63,0,,High,5+ calls
SUB7816080,6,12,8.21,1,0.532,1,Network Quality Issues,Medium,1-2 calls
SUB6550560,60,24,17.43,1,0.079,0,,Very_Low,1-2 calls
SUB2230796,6,6,14.65,2,0.472,0,,Medium,1-2 calls
SUB1113936,18,3,11.5,2,0.273,0,,Low,1-2 calls
SUB5210583,6,3,7.39,2,0.41,0,,Medium,1-2 calls
SUB8539769,24,12,11.9,3,0.472,0,,Medium,3-4 calls
SUB5280428,6,6,13.45,0,0.328,0,,Low,0 calls
SUB3433351,18,6,46.22,0,0.126,0,,Very_Low,0 calls
SUB3189063,36,6,85.49,2,0.051,0,,Very_Low,1-2 calls
SUB3819182,6,12,7.53,0,0.126,0,,Very_Low,0 calls
SUB1447244,24,12,9.55,2,0.315,0,,Low,1-2 calls
SUB7252016,1,12,77.74,1,0.409,0,,Medium,1-2 calls
SUB9471414,3,6,13.36,3,0.441,0,,Medium,3-4 calls
SUB2278673,12,12,65.0,0,0.131,0,,Very_Low,0 calls
SUB6168638,12,6,5.56,4,0.567,1,Relocation/Moving,Medium,3-4 calls
SUB5115741,12,12,22.05,4,0.369,0,,Low,3-4 calls
SUB7778892,1,12,10.82,2,0.63,0,,High,1-2 calls
SUB4457521,3,3,28.43,1,0.472,0,,Medium,1-2 calls
SUB5684013,1,1,58.26,1,0.074,0,,Very_Low,1-2 calls
SUB6044829,60,12,12.78,0,0.059,0,,Very_Low,0 calls
SUB6683860,6,6,88.21,5,0.157,0,,Very_Low,5+ calls
SUB3438710,18,1,29.15,1,0.856,1,Relocation/Moving,Very_High,1-2 calls
SUB9887120,18,24,99.6,2,0.079,0,,Very_Low,1-2 calls
SUB1767442,24,6,9.46,2,0.147,0,,Very_Low,1-2 calls
SUB8936627,36,12,8.56,1,0.287,0,,Low,1-2 calls
SUB9863886,6,6,34.3,5,0.41,1,Relocation/Moving,Medium,5+ calls
SUB2930440,12,24,10.94,1,0.328,1,Relocation/Moving,Low,1-2 calls
SUB9768201,6,1,63.62,2,0.158,0,,Very_Low,1-2 calls
SUB1494955,1,3,15.58,2,0.41,0,,Medium,1-2 calls
SUB6478878,1,12,55.95,5,0.382,0,,Low,5+ calls
SUB6679487,24,6,11.94,2,0.147,0,,Very_Low,1-2 calls
SUB5840349,3,12,34.94,2,0.21,0,,Low,1-2 calls
SUB2626528,1,12,36.82,2,0.315,0,,Low,1-2 calls
SUB7096696,12,1,69.58,4,0.132,0,,Very_Low,3-4 calls
SUB3914611,6,12,15.43,3,0.532,0,,Medium,3-4 calls
SUB2308014,1,24,111.17,0,0.109,0,,Very_Low,0 calls
SUB3247680,1,6,82.83,0,0.084,0,,Very_Low,0 calls
SUB7589154,48,1,96.81,0,0.027,0,,Very_Low,0 calls
SUB3821839,48,12,38.73,5,0.136,0,,Very_Low,5+ calls
SUB1298783,12,24,21.8,1,0.189,0,,Very_Low,1-2 calls
SUB4602571,36,12,7.64,0,0.059,0,,Very_Low,0 calls
SUB9340960,24,24,102.58,2,0.068,0,,Very_Low,1-2 calls
SUB4879928,18,24,85.0,2,0.079,0,,Very_Low,1-2 calls
SUB8039879,24,6,8.81,2,0.273,1,Relocation/Moving,Low,1-2 calls
SUB3115226,48,24,29.35,3,0.154,0,,Very_Low,3-4 calls
SUB7962365,18,6,88.82,0,0.055,0,,Very_Low,0 calls
SUB2340683,12,12,6.94,3,0.491,0,,Medium,3-4 calls
SUB4630400,1,24,5.71,2,0.546,0,,Medium,1-2 calls
SUB6994602,12,12,86.24,7,0.283,0,,Low,5+ calls
SUB3854119,24,12,80.22,0,0.099,0,,Very_Low,0 calls
SUB3673705,24,24,96.5,5,0.136,0,,Very_Low,5+ calls
SUB7307517,18,3,5.16,1,0.273,0,,Low,1-2 calls
SUB4597170,1,6,19.83,3,0.337,0,,Low,3-4 calls
SUB4305610,48,12,32.68,2,0.068,0,,Very_Low,1-2 calls
SUB9841830,12,6,40.62,0,0.101,0,,Very_Low,0 calls
SUB3088618,18,12,20.87,0,0.088,1,Relocation/Moving,Very_Low,0 calls
SUB8596537,12,1,108.89,2,0.044,0,,Very_Low,1-2 calls
SUB7922972,6,12,92.22,2,0.118,1,Better Competitor Offer,Very_Low,1-2 calls
SUB5400852,12,12,22.1,0,0.076,0,,Very_Low,0 calls
SUB7759991,12,1,13.4,3,0.737,1,Service Not Needed,High,3-4 calls
SUB3593157,6,3,11.22,4,0.709,1,Price Too High,High,3-4 calls
SUB8058021,24,6,35.4,0,0.109,0,,Very_Low,0 calls
SUB7119922,1,12,9.28,1,0.63,1,Price Too High,High,1-2 calls
SUB6575477,3,1,47.49,0,0.252,0,,Low,0 calls
SUB7919879,1,6,34.03,1,0.273,0,,Low,1-2 calls
SUB8759080,18,1,109.76,3,0.154,0,,Very_Low,3-4 calls
SUB7662064,12,12,27.72,2,0.189,0,,Very_Low,1-2 calls
SUB1217314,12,6,48.09,2,0.246,1,Relocation/Moving,Low,1-2 calls
SUB3635122,18,12,65.36,2,0.096,0,,Very_Low,1-2 calls
SUB6728394,6,1,44.36,1,0.079,0,,Very_Low,1-2 calls
SUB1748692,3,12,84.59,3,0.205,0,,Low,3-4 calls
SUB3382962,6,24,39.88,2,0.225,0,,Low,1-2 calls
SUB4466689,60,6,108.54,7,0.084,0,,Very_Low,5+ calls
SUB2614694,60,6,23.92,0,0.094,0,,Very_Low,0 calls
SUB9970512,60,1,44.32,3,0.102,0,,Very_Low,3-4 calls
SUB5465669,1,6,41.66,2,0.147,0,,Very_Low,1-2 calls
SUB4881143,1,12,116.52,1,0.112,0,,Very_Low,1-2 calls
SUB5911077,1,1,29.93,1,0.315,0,,Low,1-2 calls
SUB2945537,24,12,13.7,1,0.315,0,,Low,1-2 calls
SUB8941238,60,6,44.98,4,0.039,0,,Very_Low,3-4 calls
SUB9466724,12,12,26.41,1,0.369,1,Relocation/Moving,Low,1-2 calls
SUB9772978,24,3,40.78,0,0.142,0,,Very_Low,0 calls
SUB4374659,6,12,83.45,4,0.154,0,,Very_Low,3-4 calls
SUB1519385,24,12,106.25,2,0.068,0,,Very_Low,1-2 calls
SUB2572138,18,12,15.62,3,0.215,0,,Low,3-4 calls
SUB6180703,24,6,14.25,1,0.191,0,,Very_Low,1-2 calls
SUB1226256,12,24,45.21,1,0.164,0,,Very_Low,1-2 calls
SUB7853878,3,12,48.5,4,0.472,0,,Medium,3-4 calls
SUB9809147,12,3,75.01,1,0.088,0,,Very_Low,1-2 calls
SUB8849453,6,12,54.57,2,0.143,0,,Very_Low,1-2 calls
SUB7494290,18,12,30.41,2,0.136,0,,Very_Low,1-2 calls
SUB4373307,3,1,13.19,3,0.45,0,,Medium,3-4 calls
SUB1550242,6,12,54.38,1,0.143,0,,Very_Low,1-2 calls
SUB8001837,1,1,13.0,0,0.336,0,,Low,0 calls
SUB4497831,24,12,13.47,2,0.315,0,,Low,1-2 calls
SUB3848439,12,12,66.52,1,0.088,0,,Very_Low,1-2 calls
SUB6978106,24,6,43.8,3,0.079,0,,Very_Low,3-4 calls
SUB9065819,1,12,75.08,2,0.248,1,Better Competitor Offer,Low,1-2 calls
SUB9333920,3,3,25.71,4,0.43,0,,Medium,3-4 calls
SUB9120766,36,6,14.84,4,0.287,1,Network Quality Issues,Low,3-4 calls
SUB3021835,18,1,23.35,1,0.157,0,,Very_Low,1-2 calls
SUB7427095,1,24,47.19,1,0.21,0,,Low,1-2 calls
SUB7078159,48,1,25.41,1,0.079,0,,Very_Low,1-2 calls
SUB4531674,60,1,50.82,5,0.051,0,,Very_Low,5+ calls
SUB8336302,18,6,66.07,2,0.11,1,Relocation/Moving,Very_Low,1-2 calls
SUB7282827,24,6,37.52,0,0.142,0,,Very_Low,0 calls
SUB9739287,3,12,85.85,2,0.105,0,,Very_Low,1-2 calls
SUB7792566,24,24,86.45,6,0.157,0,,Very_Low,5+ calls
SUB7021656,1,3,95.59,2,0.254,0,,Low,1-2 calls
SUB7519585,36,12,83.61,2,0.1,0,,Very_Low,1-2 calls
SUB9132162,12,1,25.57,1,0.284,0,,Low,1-2 calls
SUB3426105,3,12,43.03,2,0.76,1,Network Quality Issues,High,1-2 calls
SUB5811671,1,24,55.74,1,0.273,0,,Low,1-2 calls
SUB7453877,12,6,26.5,2,0.284,0,,Low,1-2 calls
SUB8547881,1,3,75.11,1,0.22,1,Better Competitor Offer,Low,1-2 calls
SUB6055769,60,24,33.13,2,0.146,0,,Very_Low,1-2 calls
SUB7061266,3,24,10.94,1,0.95,1,Relocation/Moving,Very_High,1-2 calls
SUB9658754,12,1,38.53,2,0.246,0,,Low,1-2 calls
SUB6574807,18,12,9.24,0,0.369,0,,Low,0 calls
SUB5301828,18,24,10.75,2,0.21,0,,Low,1-2 calls
SUB7509762,18,12,89.2,3,0.146,0,,Very_Low,3-4 calls
SUB1544026,3,24,41.92,3,0.41,0,,Medium,3-4 calls
SUB4942863,12,3,35.33,0,0.281,0,,Low,0 calls
SUB7243490,6,1,28.93,1,0.118,0,,Very_Low,1-2 calls
SUB7484427,1,6,46.5,3,0.532,0,,Medium,3-4 calls
SUB8221352,12,6,12.31,1,0.328,1,Relocation/Moving,Low,1-2 calls
SUB5472089,18,12,83.26,2,0.074,0,,Very_Low,1-2 calls
SUB1268449,3,6,88.28,2,0.287,0,,Low,1-2 calls
SUB3850774,3,3,93.03,3,0.157,0,,Very_Low,3-4 calls
SUB8620958,1,24,11.95,3,0.441,0,,Medium,3-4 calls
SUB6583281,1,12,41.64,2,0.273,1,Relocation/Moving,Low,1-2 calls
SUB5430675,48,12,74.71,4,0.055,0,,Very_Low,3-4 calls
SUB6918806,36,3,12.6,3,0.22,1,Price Too High,Low,3-4 calls
SUB9513199,6,3,10.04,2,0.472,1,Network Quality Issues,Medium,1-2 calls
SUB7822255,18,6,60.9,3,0.236,0,,Low,3-4 calls
SUB5461213,24,12,54.25,1,0.051,0,,Very_Low,1-2 calls
SUB2160152,6,3,29.56,3,0.177,0,,Very_Low,3-4 calls
SUB7305236,24,1,6.88,2,0.147,0,,Very_Low,1-2 calls
SUB3365885,36,6,36.77,2,0.037,0,,Very_Low,1-2 calls
SUB7195196,12,6,28.27,2,0.456,0,,Medium,1-2 calls
SUB1880096,36,1,45.41,1,0.11,0,,Very_Low,1-2 calls
SUB3714766,3,12,16.07,2,0.41,0,,Medium,1-2 calls
SUB3924537,48,1,37.09,4,0.118,0,,Very_Low,3-4 calls
SUB2592173,24,3,72.54,4,0.077,0,,Very_Low,3-4 calls
SUB2074477,36,1,70.98,1,0.026,0,,Very_Low,1-2 calls
SUB2473300,1,12,45.44,4,0.315,1,Relocation/Moving,Low,3-4 calls
SUB7759383,18,6,11.96,1,0.39,1,Network Quality Issues,Low,1-2 calls
SUB1297584,12,24,29.02,2,0.246,0,,Low,1-2 calls
SUB1892015,18,3,12.47,1,0.315,0,,Low,1-2 calls
SUB9020497,1,3,30.35,2,0.273,0,,Low,1-2 calls
SUB2651348,6,24,103.8,1,0.079,0,,Very_Low,1-2 calls
SUB3871259,6,6,34.21,0,0.164,0,,Very_Low,0 calls
SUB9270562,24,3,11.35,4,0.526,1,Price Too High,Medium,3-4 calls
SUB1854741,18,6,25.1,3,0.165,0,,Very_Low,3-4 calls
SUB4352214,1,6,13.26,3,0.95,1,Network Quality Issues,Very_High,3-4 calls
SUB3023615,6,12,12.65,2,0.472,1,Price Too High,Medium,1-2 calls
SUB4010087,48,1,46.4,1,0.146,0,,Very_Low,1-2 calls
SUB5644081,3,3,29.59,0,0.378,0,,Low,0 calls
SUB9530057,6,6,26.39,1,0.165,0,,Very_Low,1-2 calls
SUB6381299,6,12,6.69,2,0.409,1,Price Too High,Medium,1-2 calls
SUB4018439,6,3,56.61,1,0.165,0,,Very_Low,1-2 calls
SUB1135370,3,3,38.23,2,0.273,0,,Low,1-2 calls
SUB1856636,6,12,58.91,4,0.215,0,,Low,3-4 calls
SUB5642681,12,12,5.68,1,0.176,0,,Very_Low,1-2 calls
SUB7194868,18,1,59.39,1,0.11,0,,Very_Low,1-2 calls
SUB7535223,18,24,33.18,2,0.074,0,,Very_Low,1-2 calls
SUB1427244,3,6,15.74,0,0.252,1,Relocation/Moving,Low,0 calls
SUB4555912,18,12,25.76,4,0.236,0,,Low,3-4 calls
SUB6011002,6,12,29.53,2,0.658,1,Network Quality Issues,High,1-2 calls
SUB5713199,36,6,49.3,5,0.147,0,,Very_Low,5+ calls
SUB3514368,6,12,10.8,2,0.315,0,,Low,1-2 calls
SUB3089319,60,12,85.96,0,0.038,0,,Very_Low,0 calls
SUB6125819,18,12,5.14,4,0.22,0,,Low,3-4 calls
SUB1792330,12,12,43.6,1,0.126,1,Network Quality Issues,Very_Low,1-2 calls
SUB5474843,12,6,19.56,1,0.132,0,,Very_Low,1-2 calls
SUB2742955,3,3,37.44,1,0.315,1,Network Quality Issues,Low,1-2 calls
SUB8312203,18,1,105.01,4,0.055,1,Poor Customer Service,Very_Low,3-4 calls
SUB9654758,60,12,118.59,1,0.051,0,,Very_Low,1-2 calls
SUB3786905,12,6,10.85,0,0.183,0,,Very_Low,0 calls
SUB2845964,60,24,19.65,1,0.084,1,Relocation/Moving,Very_Low,1-2 calls
SUB7734714,3,1,80.99,1,0.248,0,,Low,1-2 calls
SUB9878023,18,1,24.28,1,0.38,1,Price Too High,Low,1-2 calls
SUB4503548,18,3,37.98,3,0.157,0,,Very_Low,3-4 calls
SUB1646012,6,6,93.02,1,0.118,0,,Very_Low,1-2 calls
SUB8185115,6,3,46.66,3,0.307,1,Relocation/Moving,Low,3-4 calls
SUB3585181,48,6,13.49,2,0.136,0,,Very_Low,1-2 calls
SUB8981512,18,6,67.4,2,0.051,0,,Very_Low,1-2 calls
SUB3269798,24,24,80.78,2,0.052,1,Better Competitor Offer,Very_Low,1-2 calls
SUB5181726,24,24,76.34,2,0.074,0,,Very_Low,1-2 calls
SUB4439289,18,6,25.53,3,0.337,0,,Low,3-4 calls
SUB7641620,1,12,118.88,0,0.084,0,,Very_Low,0 calls
SUB8685815,18,3,95.17,7,0.205,0,,Low,5+ calls
SUB9521267,6,1,112.76,1,0.102,0,,Very_Low,1-2 calls
SUB3598475,12,1,25.04,3,0.283,1,Relocation/Moving,Low,3-4 calls
SUB1639872,36,1,52.64,5,0.11,0,,Very_Low,5+ calls
SUB4855798,60,12,67.78,2,0.133,0,,Very_Low,1-2 calls
SUB5941412,18,6,9.03,3,0.409,0,,Medium,3-4 calls
SUB3959470,6,24,32.34,1,0.11,0,,Very_Low,1-2 calls
SUB1936320,6,24,50.35,2,0.266,0,,Low,1-2 calls
SUB6010168,3,6,84.7,5,0.21,0,,Low,5+ calls
SUB6422569,18,3,96.92,2,0.068,0,,Very_Low,1-2 calls
SUB2647824,48,6,12.57,1,0.136,0,,Very_Low,1-2 calls
SUB4383973,24,6,46.01,1,0.105,0,,Very_Low,1-2 calls
SUB6810786,12,1,42.5,1,0.126,0,,Very_Low,1-2 calls
SUB5125903,48,1,105.77,2,0.034,0,,Very_Low,1-2 calls
SUB9821437,36,12,7.37,1,0.147,0,,Very_Low,1-2 calls
SUB5411054,6,24,75.31,3,0.165,0,,Very_Low,3-4 calls
SUB5314896,12,3,48.05,1,0.088,0,,Very_Low,1-2 calls
SUB1234000,6,12,81.35,2,0.055,0,,Very_Low,1-2 calls
SUB9710745,1,3,32.28,4,0.41,0,,Medium,3-4 calls
SUB8942992,12,12,67.77,1,0.044,0,,Very_Low,1-2 calls
SUB8144013,24,6,97.63,0,0.042,0,,Very_Low,0 calls
SUB5573957,18,24,63.16,1,0.067,0,,Very_Low,1-2 calls
SUB9955118,48,24,11.44,3,0.157,0,,Very_Low,3-4 calls
SUB1708092,18,12,6.76,0,0.252,0,,Low,0 calls
SUB8724826,3,24,58.71,2,0.22,0,,Low,1-2 calls
SUB2097996,6,1,28.29,5,0.472,0,,Medium,5+ calls
SUB9988400,3,6,87.49,2,0.355,1,Better Competitor Offer,Low,1-2 calls
SUB5817911,24,12,76.06,1,0.074,0,,Very_Low,1-2 calls
SUB5858939,60,6,113.49,1,0.049,0,,Very_Low,1-2 calls
SUB7254597,6,6,36.43,0,0.164,0,,Very_Low,0 calls
SUB1668629,24,12,54.34,6,0.191,0,,Very_Low,5+ calls
SUB2171248,12,12,8.97,0,0.262,0,,Low,0 calls
SUB2383640,6,1,31.45,4,0.307,1,Poor Customer Service,Low,3-4 calls
SUB1513953,60,24,13.72,2,0.105,0,,Very_Low,1-2 calls
SUB7051865,6,24,83.66,1,0.346,1,Relocation/Moving,Low,1-2 calls
SUB7434323,18,6,85.77,2,0.051,0,,Very_Low,1-2 calls
SUB5563653,24,3,18.38,1,0.236,0,,Low,1-2 calls
SUB8801402,24,12,21.97,1,0.236,0,,Low,1-2 calls
SUB1685503,36,1,88.76,0,0.041,0,,Very_Low,0 calls
SUB9811249,18,6,74.49,2,0.096,0,,Very_Low,1-2 calls
SUB1337283,18,12,82.32,4,0.165,1,Better Competitor Offer,Very_Low,3-4 calls
SUB5777421,24,6,96.98,5,0.052,0,,Very_Low,5+ calls
SUB9779788,3,24,86.77,2,0.659,0,,High,1-2 calls
SUB6696390,3,12,15.45,1,0.95,0,,Very_High,1-2 calls
SUB4699243,24,24,16.76,2,0.236,1,Relocation/Moving,Low,1-2 calls
SUB3497934,3,24,36.85,2,0.273,0,,Low,1-2 calls
SUB1578110,18,1,70.74,2,0.124,0,,Very_Low,1-2 calls
SUB5218346,1,12,33.22,3,0.532,1,Network Quality Issues,Medium,3-4 calls
SUB5602606,6,12,55.49,0,0.062,0,,Very_Low,0 calls
SUB7964203,18,1,10.85,4,0.41,0,,Medium,3-4 calls
SUB9284578,24,6,111.54,1,0.254,0,,Low,1-2 calls
SUB5343699,18,12,86.14,1,0.11,0,,Very_Low,1-2 calls
SUB8153314,12,12,16.45,1,0.456,0,,Medium,1-2 calls
SUB4710879,6,24,16.03,2,0.461,1,Price Too High,Medium,1-2 calls
SUB7926767,18,12,8.54,1,0.147,0,,Very_Low,1-2 calls
SUB3906492,3,6,61.29,1,0.147,0,,Very_Low,1-2 calls
SUB4534150,1,12,53.75,0,0.082,0,,Very_Low,0 calls
SUB7142314,1,12,33.47,0,0.218,0,,Low,0 calls
SUB6686321,6,24,6.74,1,0.95,1,Service Not Needed,Very_High,1-2 calls
SUB2741888,1,24,27.75,3,0.472,1,Relocation/Moving,Medium,3-4 calls
SUB1122019,6,12,46.7,1,0.307,0,,Low,1-2 calls
SUB2765317,6,12,18.53,4,0.599,0,,Medium,3-4 calls
SUB1179001,6,12,15.55,3,0.599,1,Relocation/Moving,Medium,3-4 calls
SUB9202637,24,12,29.75,4,0.236,0,,Low,3-4 calls
SUB4245988,12,12,15.83,3,0.553,0,,Medium,3-4 calls
SUB4127022,60,12,78.18,0,0.042,0,,Very_Low,0 calls
SUB9982339,48,12,94.66,1,0.127,0,,Very_Low,1-2 calls
SUB8045927,60,1,17.4,1,0.102,0,,Very_Low,1-2 calls
SUB3416826,12,24,71.26,3,0.172,0,,Very_Low,3-4 calls
SUB8780047,1,6,5.73,0,0.437,0,,Medium,0 calls
SUB5290447,36,24,39.61,1,0.11,0,,Very_Low,1-2 calls
SUB1144771,12,1,109.57,2,0.094,0,,Very_Low,1-2 calls
SUB6214636,18,1,9.46,1,0.21,1,Price Too High,Low,1-2 calls
SUB6749593,36,1,16.84,3,0.215,0,,Low,3-4 calls
SUB2008923,18,3,7.24,1,0.273,0,,Low,1-2 calls
SUB2820908,24,1,35.4,0,0.164,1,Network Quality Issues,Very_Low,0 calls
SUB9499970,6,12,65.87,4,0.279,0,,Low,3-4 calls
SUB4916533,3,6,7.01,0,0.504,0,,Medium,0 calls
SUB6533831,18,12,14.93,1,0.355,1,Price Too High,Low,1-2 calls
SUB5370602,18,3,114.52,4,0.102,0,,Very_Low,3-4 calls
SUB3680990,36,12,45.65,4,0.95,1,Poor Customer Service,Very_High,3-4 calls
SUB5667592,36,12,39.7,2,0.037,0,,Very_Low,1-2 calls
SUB3362854,60,3,94.2,1,0.044,0,,Very_Low,1-2 calls
SUB8284268,60,6,26.67,2,0.19,0,,Very_Low,1-2 calls
SUB3409409,18,12,104.87,2,0.068,0,,Very_Low,1-2 calls
SUB4050999,12,12,91.44,0,0.076,0,,Very_Low,0 calls
SUB4051622,24,12,24.68,4,0.215,0,,Low,3-4 calls
SUB1775292,6,24,38.31,1,0.157,0,,Very_Low,1-2 calls
SUB4927352,6,1,37.43,2,0.236,0,,Low,1-2 calls
SUB3333647,24,6,103.92,4,0.079,0,,Very_Low,3-4 calls
SUB4723234,48,12,25.04,2,0.118,0,,Very_Low,1-2 calls
SUB7572829,36,24,75.65,2,0.026,0,,Very_Low,1-2 calls
SUB1189073,1,12,104.01,4,0.11,0,,Very_Low,3-4 calls
SUB1359281,6,6,58.26,1,0.11,0,,Very_Low,1-2 calls
SUB8115972,6,24,82.38,3,0.329,1,Network Quality Issues,Low,3-4 calls
SUB5414011,12,12,87.15,2,0.132,0,,Very_Low,1-2 calls
SUB2085610,1,24,103.76,0,0.109,0,,Very_Low,0 calls
SUB9181932,6,12,13.61,2,0.472,0,,Medium,1-2 calls
SUB8752342,24,3,63.93,0,0.099,0,,Very_Low,0 calls
SUB4858884,6,3,83.17,0,0.063,0,,Very_Low,0 calls
SUB2059165,48,6,15.64,1,0.133,0,,Very_Low,1-2 calls
SUB6300101,12,1,14.75,4,0.378,1,Poor Customer Service,Low,3-4 calls
SUB8595959,1,12,43.34,3,0.585,1,Service Not Needed,Medium,3-4 calls
SUB4933817,36,24,9.79,1,0.103,0,,Very_Low,1-2 calls
SUB7932973,48,6,15.34,0,0.123,0,,Very_Low,0 calls
SUB1576515,48,12,24.13,0,0.082,0,,Very_Low,0 calls
SUB5287382,12,24,91.98,4,0.086,0,,Very_Low,3-4 calls
SUB3050053,48,3,29.65,1,0.055,0,,Very_Low,1-2 calls
SUB6021983,24,6,76.16,1,0.037,0,,Very_Low,1-2 calls
SUB1759401,3,1,13.44,5,0.84,0,,Very_High,5+ calls
SUB2985681,12,3,32.14,2,0.189,0,,Very_Low,1-2 calls
SUB3561913,12,12,30.66,0,0.131,0,,Very_Low,0 calls
SUB5067784,12,12,45.96,3,0.283,1,Relocation/Moving,Low,3-4 calls
SUB2549317,12,12,86.67,1,0.246,0,,Low,1-2 calls
SUB5262511,3,6,53.94,2,0.191,0,,Very_Low,1-2 calls
SUB7625655,12,12,78.74,2,0.088,0,,Very_Low,1-2 calls
SUB1888698,12,12,21.27,4,0.263,0,,Low,3-4 calls
SUB4486142,6,6,54.1,2,0.143,1,Network Quality Issues,Very_Low,1-2 calls
SUB2559657,3,6,34.21,3,0.41,0,,Medium,3-4 calls
SUB9196906,3,12,7.68,4,0.945,1,Poor Customer Service,Very_High,3-4 calls
SUB8697808,3,24,86.26,6,0.147,0,,Very_Low,5+ calls
SUB6938271,12,24,112.33,0,0.076,0,,Very_Low,0 calls
SUB4880323,3,24,25.23,2,0.472,0,,Medium,1-2 calls
SUB1545726,24,1,112.82,2,0.079,0,,Very_Low,1-2 calls
SUB3680259,6,12,84.47,2,0.143,0,,Very_Low,1-2 calls
SUB8766824,48,24,23.1,0,0.094,0,,Very_Low,0 calls
SUB9830852,1,12,25.73,3,0.236,0,,Low,3-4 calls
SUB8399839,6,6,83.87,3,0.059,0,,Very_Low,3-4 calls
SUB1490999,24,12,63.11,4,0.055,0,,Very_Low,3-4 calls
SUB4189189,18,6,16.35,0,0.189,1,Network Quality Issues,Very_Low,0 calls
SUB7200853,12,12,40.87,1,0.063,0,,Very_Low,1-2 calls
SUB8622611,36,12,43.06,6,0.074,0,,Very_Low,5+ calls
SUB9796015,1,24,44.01,2,0.15,0,,Very_Low,1-2 calls
SUB2303306,12,12,49.23,0,0.101,1,Relocation/Moving,Very_Low,0 calls
SUB6489612,3,3,38.4,2,0.3,0,,Low,1-2 calls
SUB9809210,12,24,78.17,2,0.369,0,,Low,1-2 calls
SUB7567304,18,3,90.81,4,0.055,0,,Very_Low,3-4 calls
SUB9445243,1,6,102.38,4,0.236,1,Relocation/Moving,Low,3-4 calls
SUB3343136,1,6,67.62,2,0.191,0,,Very_Low,1-2 calls
SUB6568017,12,12,91.43,0,0.025,0,,Very_Low,0 calls
SUB5422888,6,12,98.83,3,0.2,1,Network Quality Issues,Very_Low,3-4 calls
SUB7424342,24,24,20.32,1,0.236,1,Price Too High,Low,1-2 calls
SUB8128146,1,3,104.7,2,0.075,0,,Very_Low,1-2 calls
SUB2720444,60,6,13.27,4,0.146,0,,Very_Low,3-4 calls
SUB1085166,18,3,27.75,3,0.658,0,,High,3-4 calls
SUB9074308,12,12,40.83,1,0.088,0,,Very_Low,1-2 calls
SUB4443571,12,3,40.76,0,0.131,0,,Very_Low,0 calls
SUB1297883,24,24,42.1,2,0.136,0,,Very_Low,1-2 calls
SUB7850529,6,24,70.96,2,0.143,1,Relocation/Moving,Very_Low,1-2 calls
SUB1756079,24,6,6.78,2,0.409,1,Price Too High,Medium,1-2 calls
SUB4633646,24,12,83.49,1,0.068,0,,Very_Low,1-2 calls
SUB2443401,18,12,18.15,4,0.354,1,Network Quality Issues,Low,3-4 calls
SUB7770153,36,6,98.89,4,0.028,0,,Very_Low,3-4 calls
SUB4011165,6,3,28.94,2,0.337,0,,Low,1-2 calls
SUB2186430,1,12,47.79,2,0.147,0,,Very_Low,1-2 calls
SUB5155304,12,3,35.01,2,0.126,1,Network Quality Issues,Very_Low,1-2 calls
SUB7915096,36,3,62.44,1,0.143,0,,Very_Low,1-2 calls
SUB7710605,1,24,6.8,3,0.315,1,Network Quality Issues,Low,3-4 calls
SUB4809395,24,12,29.67,2,0.158,0,,Very_Low,1-2 calls
SUB3659786,36,24,9.9,1,0.191,0,,Very_Low,1-2 calls
SUB2160714,12,12,46.57,5,0.378,0,,Low,5+ calls
SUB9701524,3,6,109.58,0,0.109,0,,Very_Low,0 calls
SUB9737452,6,3,8.68,3,0.472,1,Price Too High,Medium,3-4 calls
SUB5322751,12,1,89.24,2,0.062,0,,Very_Low,1-2 calls
SUB6248575,48,24,69.02,2,0.055,0,,Very_Low,1-2 calls
SUB2612033,6,6,20.39,1,0.461,0,,Medium,1-2 calls
SUB3931531,60,12,25.89,3,0.118,1,Price Too High,Very_Low,3-4 calls
SUB4324024,3,12,23.71,5,0.63,0,,High,5+ calls
SUB8123753,60,3,22.81,1,0.118,0,,Very_Low,1-2 calls
SUB5875217,6,12,14.47,3,0.614,0,,High,3-4 calls
SUB2414474,3,1,26.3,3,0.472,1,Price Too High,Medium,3-4 calls
SUB9741647,3,6,20.96,2,0.315,0,,Low,1-2 calls
SUB9050418,6,6,61.81,3,0.279,0,,Low,3-4 calls
SUB6620724,18,24,52.56,0,0.076,0,,Very_Low,0 calls
SUB3957498,18,24,69.42,1,0.051,0,,Very_Low,1-2 calls
SUB6244761,6,3,44.31,1,0.079,0,,Very_Low,1-2 calls
SUB7199951,6,12,26.23,1,0.461,1,Price Too High,Medium,1-2 calls
SUB2569720,60,12,15.69,2,0.102,0,,Very_Low,1-2 calls
SUB6181930,6,3,17.32,1,0.118,0,,Very_Low,1-2 calls
SUB8496110,12,12,48.7,0,0.131,0,,Very_Low,0 calls
SUB8643374,12,3,112.56,1,0.082,1,Better Competitor Offer,Very_Low,1-2 calls
SUB6134639,24,3,28.43,2,0.157,0,,Very_Low,1-2 calls
SUB4571387,3,24,38.98,0,0.218,0,,Low,0 calls
SUB5914150,6,12,63.65,2,0.143,0,,Very_Low,1-2 calls
SUB6282433,60,3,51.36,3,0.055,0,,Very_Low,3-4 calls
SUB8738170,36,6,29.85,2,0.307,0,,Low,1-2 calls
SUB1909210,12,6,16.06,1,0.369,1,Network Quality Issues,Low,1-2 calls
SUB9421374,3,12,104.62,1,0.075,0,,Very_Low,1-2 calls
SUB7240327,36,24,7.22,5,0.497,1,Network Quality Issues,Medium,5+ calls
SUB9158470,24,6,39.41,1,0.105,0,,Very_Low,1-2 calls
SUB7289270,18,6,105.58,2,0.052,0,,Very_Low,1-2 calls
SUB2460235,12,12,84.81,2,0.082,0,,Very_Low,1-2 calls
SUB2458316,48,24,7.22,1,0.074,0,,Very_Low,1-2 calls
SUB2427197,6,1,17.09,2,0.118,0,,Very_Low,1-2 calls
SUB5128784,6,12,25.63,3,0.461,1,Price Too High,Medium,3-4 calls
SUB8139580,36,12,49.18,1,0.136,0,,Very_Low,1-2 calls
SUB5932048,18,24,39.56,0,0.042,0,,Very_Low,0 calls
SUB7768419,60,12,87.84,3,0.059,0,,Very_Low,3-4 calls
SUB4861460,18,24,43.68,1,0.157,0,,Very_Low,1-2 calls
SUB8102983,1,12,47.14,2,0.15,0,,Very_Low,1-2 calls
SUB4053380,3,1,27.09,2,0.22,0,,Low,1-2 calls
SUB1311385,6,1,5.69,2,0.205,0,,Low,1-2 calls
SUB7918863,36,12,18.52,1,0.215,0,,Low,1-2 calls
SUB8916323,36,12,23.21,3,0.461,1,Service Not Needed,Medium,3-4 calls
SUB4607323,24,3,58.17,1,0.11,0,,Very_Low,1-2 calls
SUB7514524,18,24,46.79,1,0.105,0,,Very_Low,1-2 calls
SUB7257838,3,24,18.18,3,0.472,1,Price Too High,Medium,3-4 calls
SUB7415261,3,24,35.94,2,0.273,0,,Low,1-2 calls
SUB1809359,3,24,16.9,1,0.472,0,,Medium,1-2 calls
SUB3201580,36,12,14.12,1,0.191,0,,Very_Low,1-2 calls
SUB2494139,3,12,114.46,4,0.76,1,Service Not Needed,High,3-4 calls
SUB6473660,24,24,103.68,1,0.102,0,,Very_Low,1-2 calls
SUB4009828,36,6,6.35,0,0.197,0,,Very_Low,0 calls
SUB5152092,3,12,70.48,3,0.331,0,,Low,3-4 calls
SUB1069518,48,12,35.54,4,0.079,0,,Very_Low,3-4 calls
SUB1176355,36,24,23.06,1,0.077,0,,Very_Low,1-2 calls
SUB9508851,18,6,78.87,3,0.205,0,,Low,3-4 calls
SUB6201682,12,6,29.63,0,0.295,0,,Low,0 calls
SUB7042060,18,12,10.58,1,0.507,1,Relocation/Moving,Medium,1-2 calls
SUB8230057,12,3,20.85,2,0.132,0,,Very_Low,1-2 calls
SUB7687764,18,24,12.94,0,0.218,0,,Low,0 calls
SUB4199039,60,24,7.53,2,0.105,0,,Very_Low,1-2 calls
SUB3776374,3,6,28.68,0,0.18,0,,Very_Low,0 calls
SUB7683635,6,6,41.69,0,0.09,0,,Very_Low,0 calls
SUB3318620,12,1,61.51,2,0.319,0,,Low,1-2 calls
SUB4487379,6,3,15.7,1,0.165,1,Price Too High,Very_Low,1-2 calls
SUB8300259,60,1,11.56,2,0.052,0,,Very_Low,1-2 calls
SUB7295425,24,12,19.21,2,0.205,0,,Low,1-2 calls
SUB3429151,12,3,110.59,1,0.082,0,,Very_Low,1-2 calls
SUB1041743,48,1,29.17,4,0.177,0,,Very_Low,3-4 calls
SUB9559556,3,3,102.77,1,0.157,0,,Very_Low,1-2 calls
SUB6521452,6,6,19.24,3,0.95,1,Service Not Needed,Very_High,3-4 calls
SUB7850322,60,6,114.71,4,0.039,0,,Very_Low,3-4 calls
SUB8950806,18,24,25.06,1,0.11,0,,Very_Low,1-2 calls
SUB9890401,48,3,10.07,2,0.074,0,,Very_Low,1-2 calls
SUB9714892,60,12,43.81,3,0.079,0,,Very_Low,3-4 calls
SUB2830314,6,24,32.74,4,0.236,0,,Low,3-4 calls
SUB4777341,18,24,45.33,4,0.236,0,,Low,3-4 calls
SUB9657116,36,3,16.95,1,0.143,0,,Very_Low,1-2 calls
SUB5585315,6,3,7.85,0,0.328,1,Network Quality Issues,Low,0 calls
SUB6898931,12,1,32.79,0,0.101,1,Network Quality Issues,Very_Low,0 calls
SUB5976563,3,6,86.19,4,0.236,1,Poor Customer Service,Low,3-4 calls
SUB2770403,18,6,93.44,2,0.026,0,,Very_Low,1-2 calls
SUB5371272,1,12,47.5,1,0.225,0,,Low,1-2 calls
SUB8568370,12,6,6.74,3,0.491,1,Relocation/Moving,Medium,3-4 calls
SUB5929426,48,12,6.12,3,0.205,0,,Low,3-4 calls
SUB1506995,36,12,73.85,4,0.077,0,,Very_Low,3-4 calls
SUB3185454,24,6,82.39,0,0.076,0,,Very_Low,0 calls
SUB7262094,3,1,85.51,1,0.157,0,,Very_Low,1-2 calls
SUB8928248,12,6,40.57,4,0.27,0,,Low,3-4 calls
SUB3072723,24,6,117.7,5,0.157,0,,Very_Low,5+ calls
SUB6227528,3,1,55.42,1,0.355,1,Network Quality Issues,Low,1-2 calls
SUB1565635,3,6,32.88,1,0.273,0,,Low,1-2 calls
SUB1527409,1,24,86.95,1,0.191,0,,Very_Low,1-2 calls
SUB1287635,6,24,14.87,3,0.921,1,Price Too High,Very_High,3-4 calls
SUB1583510,36,24,49.3,1,0.096,0,,Very_Low,1-2 calls
SUB5722340,12,24,113.03,2,0.082,0,,Very_Low,1-2 calls
SUB5778972,36,24,5.57,1,0.191,0,,Very_Low,1-2 calls
SUB7335787,1,6,82.41,1,0.147,0,,Very_Low,1-2 calls
SUB2693481,1,6,29.22,1,0.157,0,,Very_Low,1-2 calls
SUB4061342,24,6,71.1,3,0.165,1,Better Competitor Offer,Very_Low,3-4 calls
SUB1600198,12,24,83.36,2,0.229,0,,Low,1-2 calls
SUB1397891,12,12,82.28,0,0.066,0,,Very_Low,0 calls
SUB4081362,12,1,75.65,1,0.088,0,,Very_Low,1-2 calls
SUB5694505,12,24,20.06,2,0.246,0,,Low,1-2 calls
SUB4647965,36,3,10.1,2,0.147,0,,Very_Low,1-2 calls
SUB2041566,12,12,79.74,0,0.071,0,,Very_Low,0 calls
SUB6081502,60,12,29.61,2,0.89,1,Price Too High,Very_High,1-2 calls
SUB2619282,36,1,73.76,1,0.067,0,,Very_Low,1-2 calls
SUB4434078,24,12,10.44,2,0.147,0,,Very_Low,1-2 calls
SUB4297466,18,12,119.03,2,0.292,0,,Low,1-2 calls
SUB5441971,36,12,21.74,2,0.165,0,,Very_Low,1-2 calls
SUB5850825,36,6,88.66,4,0.083,0,,Very_Low,3-4 calls
SUB8323777,3,24,74.34,1,0.22,0,,Low,1-2 calls
SUB7805697,6,12,7.27,4,0.614,0,,High,3-4 calls
SUB6595095,24,3,44.3,3,0.205,0,,Low,3-4 calls
SUB8438096,6,12,85.5,0,0.106,0,,Very_Low,0 calls
SUB4053407,18,12,59.1,0,0.115,0,,Very_Low,0 calls
SUB2417231,24,1,23.36,2,0.225,1,Relocation/Moving,Low,1-2 calls
SUB1407974,6,6,117.74,2,0.055,0,,Very_Low,1-2 calls
SUB4604724,12,6,26.69,3,0.263,0,,Low,3-4 calls
SUB7818922,48,24,16.78,3,0.059,1,Price Too High,Very_Low,3-4 calls
SUB7847575,6,3,79.05,4,0.177,0,,Very_Low,3-4 calls
SUB2151882,18,6,18.03,1,0.11,0,,Very_Low,1-2 calls
SUB7456182,12,1,46.54,2,0.18,0,,Very_Low,1-2 calls
SUB9118612,36,24,65.6,0,0.062,0,,Very_Low,0 calls
SUB7999366,12,6,32.42,5,0.328,0,,Low,5+ calls
SUB3471321,6,24,14.16,0,0.378,1,Network Quality Issues,Low,0 calls
SUB1700270,3,12,42.41,4,0.22,0,,Low,3-4 calls
SUB9479025,6,6,37.86,1,0.76,0,,High,1-2 calls
SUB5622942,18,12,32.64,2,0.105,0,,Very_Low,1-2 calls
SUB1192458,3,6,83.9,3,0.331,0,,Low,3-4 calls
SUB5718912,24,6,10.56,0,0.284,0,,Low,0 calls
SUB4896937,1,12,71.6,4,0.287,0,,Low,3-4 calls
SUB6497963,6,12,81.81,3,0.399,0,,Low,3-4 calls
SUB5102553,12,12,67.19,2,0.115,0,,Very_Low,1-2 calls
SUB9434858,1,6,48.24,2,0.315,0,,Low,1-2 calls
SUB1475147,18,3,19.35,1,0.205,1,Relocation/Moving,Low,1-2 calls
SUB4017193,3,24,17.42,2,0.41,1,Price Too High,Medium,1-2 calls
SUB3112368,1,6,51.14,1,0.103,0,,Very_Low,1-2 calls
SUB7818753,6,12,39.29,3,0.307,0,,Low,3-4 calls
SUB1876336,24,1,21.71,2,0.205,0,,Low,1-2 calls
SUB7436737,60,12,42.21,0,0.058,0,,Very_Low,0 calls
SUB5898107,24,24,58.42,1,0.096,0,,Very_Low,1-2 calls
SUB6782197,12,6,11.39,0,0.262,1,Price Too High,Low,0 calls
SUB5071867,6,12,83.07,1,0.102,0,,Very_Low,1-2 calls
SUB8110953,6,24,9.33,0,0.229,1,Price Too High,Low,0 calls
SUB2418060,6,12,33.45,0,0.164,0,,Very_Low,0 calls
SUB5228087,6,24,32.39,3,0.307,0,,Low,3-4 calls
SUB5228456,1,3,13.56,2,0.294,0,,Low,1-2 calls
SUB5639022,6,6,108.32,2,0.118,0,,Very_Low,1-2 calls
SUB6796260,3,6,48.71,1,0.273,0,,Low,1-2 calls
SUB9537333,1,6,10.67,4,0.819,1,Network Quality Issues,Very_High,3-4 calls
SUB9879823,6,24,78.1,3,0.165,1,Network Quality Issues,Very_Low,3-4 calls
SUB6997804,6,3,89.38,0,0.08,0,,Very_Low,0 calls
SUB3268693,48,24,99.46,1,0.034,0,,Very_Low,1-2 calls
SUB4924152,60,12,24.83,2,0.055,0,,Very_Low,1-2 calls
SUB8688659,18,12,23.29,2,0.079,0,,Very_Low,1-2 calls
SUB9710506,48,6,6.16,0,0.109,0,,Very_Low,0 calls
SUB1685338,18,12,51.12,2,0.068,0,,Very_Low,1-2 calls
SUB4502415,12,24,41.48,1,0.189,0,,Very_Low,1-2 calls
SUB7334625,1,6,114.13,1,0.074,0,,Very_Low,1-2 calls
SUB9443353,1,12,55.22,2,0.191,0,,Very_Low,1-2 calls
SUB2683032,1,6,100.43,1,0.136,0,,Very_Low,1-2 calls
SUB6232651,3,3,80.58,3,0.307,0,,Low,3-4 calls
SUB6954632,1,6,20.4,0,0.426,0,,Medium,0 calls
SUB3118219,3,12,8.65,0,0.504,1,Network Quality Issues,Medium,0 calls
SUB3148185,12,24,13.26,1,0.126,0,,Very_Low,1-2 calls
SUB9433864,12,12,28.54,2,0.189,0,,Very_Low,1-2 calls
SUB8037449,6,6,45.68,2,0.236,0,,Low,1-2 calls
SUB9890872,18,12,12.19,3,0.472,1,Price Too High,Medium,3-4 calls
SUB4346145,12,6,17.81,1,0.132,0,,Very_Low,1-2 calls
SUB3183955,6,12,23.31,3,0.461,0,,Medium,3-4 calls
SUB1479809,18,6,6.56,1,0.315,0,,Low,1-2 calls
SUB3650432,60,12,26.92,1,0.102,0,,Very_Low,1-2 calls
SUB5175282,24,1,9.14,1,0.273,1,Relocation/Moving,Low,1-2 calls
SUB6455483,12,6,21.37,4,0.425,0,,Medium,3-4 calls
SUB7864547,12,24,10.82,3,0.378,0,,Low,3-4 calls
SUB2767413,1,6,62.06,1,0.191,0,,Very_Low,1-2 calls
SUB3573697,18,6,6.0,1,0.315,1,Network Quality Issues,Low,1-2 calls
SUB4600952,6,12,88.75,1,0.039,0,,Very_Low,1-2 calls
SUB2971277,18,1,45.32,2,0.105,0,,Very_Low,1-2 calls
SUB6546510,24,6,36.86,1,0.136,0,,Very_Low,1-2 calls
SUB8896403,36,12,38.26,3,0.165,1,Relocation/Moving,Very_Low,3-4 calls
SUB7097020,12,24,23.75,0,0.227,0,,Low,0 calls
SUB6354342,36,12,5.4,1,0.248,1,Network Quality Issues,Low,1-2 calls
SUB2196311,24,3,52.8,1,0.11,0,,Very_Low,1-2 calls
SUB1142157,6,24,113.08,0,0.082,0,,Very_Low,0 calls
SUB5788109,3,6,101.97,6,0.315,0,,Low,5+ calls
SUB2462603,6,12,63.11,3,0.165,1,Network Quality Issues,Very_Low,3-4 calls
SUB1136645,36,3,20.31,5,0.154,0,,Very_Low,5+ calls
SUB2652131,12,6,42.98,1,0.213,1,Network Quality Issues,Low,1-2 calls
SUB2186837,18,24,80.37,4,0.11,0,,Very_Low,3-4 calls
SUB9730829,24,24,88.23,1,0.079,0,,Very_Low,1-2 calls
SUB8845219,18,3,19.3,4,0.236,0,,Low,3-4 calls
SUB1053687,36,1,116.52,0,0.038,0,,Very_Low,0 calls
SUB3490272,1,24,27.64,1,0.532,0,,Medium,1-2 calls
SUB7843308,48,6,32.61,2,0.037,0,,Very_Low,1-2 calls
SUB6173395,24,1,109.86,2,0.079,0,,Very_Low,1-2 calls
SUB3629137,48,6,89.29,3,0.051,0,,Very_Low,3-4 calls
SUB5776415,24,3,77.59,5,0.71,0,,High,5+ calls
SUB8208387,6,1,23.48,1,0.236,0,,Low,1-2 calls
SUB7892180,3,24,21.84,0,0.176,1,Price Too High,Very_Low,0 calls
SUB4861607,3,3,11.98,2,0.546,0,,Medium,1-2 calls
SUB5124390,12,3,87.12,1,0.132,0,,Very_Low,1-2 calls
SUB3656222,12,6,42.85,1,0.135,0,,Very_Low,1-2 calls
SUB5434315,18,6,39.26,1,0.157,1,Network Quality Issues,Very_Low,1-2 calls
SUB2553744,12,6,31.9,1,0.189,0,,Very_Low,1-2 calls
SUB5266988,3,24,31.43,3,0.41,0,,Medium,3-4 calls
SUB6693014,1,1,34.9,0,0.95,1,Service Not Needed,Very_High,0 calls
SUB9121485,3,24,82.22,2,0.074,0,,Very_Low,1-2 calls
SUB6459501,3,12,5.43,3,0.409,1,Price Too High,Medium,3-4 calls
SUB8575327,24,12,62.83,1,0.143,0,,Very_Low,1-2 calls
SUB5013582,6,3,21.04,5,0.614,0,,High,5+ calls
SUB3872875,1,6,55.7,1,0.191,0,,Very_Low,1-2 calls
SUB2841646,24,1,104.55,2,0.037,0,,Very_Low,1-2 calls
SUB6800545,48,12,19.61,2,0.247,0,,Low,1-2 calls
SUB8970564,3,6,10.34,6,0.95,1,Poor Customer Service,Very_High,5+ calls
SUB9038508,60,12,22.22,3,0.154,0,,Very_Low,3-4 calls
SUB2596246,60,12,25.37,0,0.106,0,,Very_Low,0 calls
SUB9194253,12,12,88.39,2,0.115,0,,Very_Low,1-2 calls
SUB5428622,6,1,13.1,1,0.287,0,,Low,1-2 calls
SUB3469930,3,1,11.9,3,0.95,1,Service Not Needed,Very_High,3-4 calls
SUB1131936,36,24,55.12,1,0.1,0,,Very_Low,1-2 calls
SUB9226036,18,3,41.79,2,0.136,1,Network Quality Issues,Very_Low,1-2 calls
SUB6152030,18,6,15.99,1,0.205,0,,Low,1-2 calls
SUB5842256,36,3,42.12,0,0.088,0,,Very_Low,0 calls
SUB3469970,12,12,61.22,4,0.132,0,,Very_Low,3-4 calls
SUB6062581,6,6,5.15,1,0.472,0,,Medium,1-2 calls
SUB6312470,24,6,40.46,1,0.075,0,,Very_Low,1-2 calls
SUB3578682,6,12,75.74,3,0.248,0,,Low,3-4 calls
SUB2504900,6,12,26.92,2,0.439,1,Network Quality Issues,Medium,1-2 calls
SUB9580504,12,12,87.14,1,0.115,0,,Very_Low,1-2 calls
SUB6283422,36,12,58.41,0,0.041,0,,Very_Low,0 calls
SUB5607765,24,6,54.04,6,0.191,0,,Very_Low,5+ calls
SUB8157676,6,3,52.34,3,0.215,0,,Low,3-4 calls
SUB3380612,3,3,69.72,1,0.103,0,,Very_Low,1-2 calls
SUB9622587,12,12,75.84,1,0.044,0,,Very_Low,1-2 calls
SUB9666712,18,3,59.59,2,0.051,0,,Very_Low,1-2 calls
SUB6219574,18,6,37.72,3,0.236,0,,Low,3-4 calls
SUB6569451,3,1,10.56,0,0.235,1,Price Too High,Low,0 calls
SUB5791882,6,1,29.29,1,0.79,1,Service Not Needed,High,1-2 calls
SUB7862758,48,3,17.21,4,0.059,0,,Very_Low,3-4 calls
SUB1995893,12,1,16.03,5,0.737,1,Price Too High,High,5+ calls
SUB3670492,6,3,49.61,2,0.157,0,,Very_Low,1-2 calls
SUB8354421,18,12,87.3,1,0.079,0,,Very_Low,1-2 calls
SUB3977299,12,12,80.01,2,0.082,1,Better Competitor Offer,Very_Low,1-2 calls
SUB3934317,6,1,64.58,1,0.11,0,,Very_Low,1-2 calls
SUB5537454,12,12,81.0,0,0.036,0,,Very_Low,0 calls
SUB9151168,3,6,97.38,1,0.136,0,,Very_Low,1-2 calls
SUB2546064,6,3,86.29,3,0.23,1,Service Not Needed,Low,3-4 calls
SUB4240641,12,1,6.34,0,0.302,0,,Low,0 calls
SUB3715548,12,6,17.63,3,0.425,1,Price Too High,Medium,3-4 calls
SUB1779091,24,12,43.83,4,0.157,1,Poor Customer Service,Very_Low,3-4 calls
SUB2706930,12,12,14.74,0,0.341,0,,Low,0 calls
SUB6967520,12,12,71.27,3,0.093,0,,Very_Low,3-4 calls
SUB1964795,60,6,11.14,3,0.205,1,Price Too High,Low,3-4 calls
SUB2578458,24,24,20.55,2,0.494,0,,Medium,1-2 calls
SUB9658123,6,3,8.4,2,0.41,1,Network Quality Issues,Medium,1-2 calls
SUB6981804,3,24,39.65,1,0.355,1,Relocation/Moving,Low,1-2 calls
SUB8583491,18,6,42.58,0,0.06,0,,Very_Low,0 calls
SUB1671986,18,12,84.8,1,0.096,0,,Very_Low,1-2 calls
SUB9526508,12,3,21.92,2,0.246,1,Network Quality Issues,Low,1-2 calls
SUB8845772,3,6,39.65,1,0.147,0,,Very_Low,1-2 calls
SUB9048056,6,12,52.72,2,0.143,0,,Very_Low,1-2 calls
SUB7989875,24,6,81.4,5,0.103,0,,Very_Low,5+ calls
SUB9901674,24,6,18.53,0,0.246,0,,Low,0 calls
SUB5008146,3,24,7.46,4,0.945,1,Poor Customer Service,Very_High,3-4 calls
SUB3361331,12,3,13.58,2,0.126,0,,Very_Low,1-2 calls
SUB2158343,12,6,83.95,1,0.08,1,Better Competitor Offer,Very_Low,1-2 calls
SUB1541529,12,24,24.29,0,0.197,0,,Very_Low,0 calls
SUB5348530,12,24,7.94,2,0.252,0,,Low,1-2 calls
SUB9283161,12,1,12.6,2,0.126,0,,Very_Low,1-2 calls
SUB6156758,24,24,80.86,0,0.115,0,,Very_Low,0 calls
SUB3153548,12,1,34.02,0,0.151,0,,Very_Low,0 calls
SUB9507528,18,24,46.64,1,0.136,0,,Very_Low,1-2 calls
SUB1406547,18,3,45.43,2,0.205,0,,Low,1-2 calls
SUB2657583,48,12,8.01,3,0.236,0,,Low,3-4 calls
SUB1063014,18,1,18.99,1,0.11,0,,Very_Low,1-2 calls
SUB7477006,3,12,23.46,6,0.95,1,Price Too High,Very_High,5+ calls
SUB6910494,18,6,22.17,2,0.158,0,,Very_Low,1-2 calls
SUB2235382,18,24,101.12,3,0.19,0,,Very_Low,3-4 calls
SUB6228298,1,12,47.61,3,0.315,0,,Low,3-4 calls
SUB5532889,1,24,86.23,1,0.147,1,Network Quality Issues,Very_Low,1-2 calls
SUB9745386,1,12,16.79,0,0.328,1,Price Too High,Low,0 calls
SUB8775679,1,12,22.6,1,0.472,1,Price Too High,Medium,1-2 calls
SUB4132293,1,12,29.61,1,0.472,0,,Medium,1-2 calls
SUB5032371,60,3,88.51,2,0.055,0,,Very_Low,1-2 calls
SUB3602352,3,12,20.56,2,0.614,1,Service Not Needed,High,1-2 calls
SUB2531817,3,24,22.63,3,0.709,1,Relocation/Moving,High,3-4 calls
SUB7767835,36,24,74.83,1,0.048,0,,Very_Low,1-2 calls
SUB3015074,24,6,112.68,0,0.021,0,,Very_Low,0 calls
SUB6715175,18,6,9.16,3,0.41,1,Price Too High,Medium,3-4 calls
SUB8745863,12,12,13.39,1,0.378,0,,Low,1-2 calls
SUB5720058,1,12,9.21,1,0.42,1,Price Too High,Medium,1-2 calls
SUB7619511,36,1,82.35,0,0.029,0,,Very_Low,0 calls
SUB2802502,36,1,8.91,2,0.287,0,,Low,1-2 calls
SUB2462538,12,12,31.23,0,0.151,0,,Very_Low,0 calls
SUB7379878,18,6,46.44,1,0.074,0,,Very_Low,1-2 calls
SUB6745980,12,12,19.02,2,0.094,0,,Very_Low,1-2 calls
SUB3026819,6,24,14.49,1,0.22,0,,Low,1-2 calls
SUB6209995,12,12,18.04,2,0.284,0,,Low,1-2 calls
SUB4934053,18,24,12.6,2,0.507,0,,Medium,1-2 calls
SUB8632749,3,12,9.32,2,0.546,1,Relocation/Moving,Medium,1-2 calls
SUB6864075,12,3,33.75,3,0.283,1,Network Quality Issues,Low,3-4 calls
SUB1732722,24,6,54.75,4,0.165,0,,Very_Low,3-4 calls
SUB6080692,12,24,12.6,4,0.491,1,Service Not Needed,Medium,3-4 calls
SUB7025261,3,6,39.69,2,0.273,0,,Low,1-2 calls
SUB9245044,36,6,27.29,2,0.143,0,,Very_Low,1-2 calls
SUB4875416,18,12,77.85,1,0.096,0,,Very_Low,1-2 calls
SUB6038460,18,1,89.86,2,0.051,0,,Very_Low,1-2 calls
SUB8317619,18,12,66.99,3,0.154,0,,Very_Low,3-4 calls
SUB7038602,6,3,18.65,3,0.599,0,,Medium,3-4 calls
SUB5101599,12,3,39.69,3,0.246,1,Relocation/Moving,Low,3-4 calls
SUB2390598,6,12,62.54,1,0.143,0,,Very_Low,1-2 calls
SUB5546925,36,3,10.93,2,0.191,1,Network Quality Issues,Very_Low,1-2 calls
SUB5879797,18,12,44.53,4,0.236,1,Poor Customer Service,Low,3-4 calls
SUB4775702,24,24,64.93,5,0.074,0,,Very_Low,5+ calls
SUB5090284,18,6,26.86,0,0.189,0,,Very_Low,0 calls
SUB7770161,12,24,48.7,3,0.246,0,,Low,3-4 calls
SUB7898410,24,24,58.72,0,0.059,0,,Very_Low,0 calls
SUB3455918,18,3,9.79,5,0.546,1,Network Quality Issues,Medium,5+ calls
SUB9053048,6,6,25.58,1,0.236,1,Relocation/Moving,Low,1-2 calls
SUB9093212,6,24,29.97,3,0.599,0,,Medium,3-4 calls
SUB9699043,36,1,11.12,1,0.287,0,,Low,1-2 calls
SUB9547085,48,6,7.47,3,0.236,0,,Low,3-4 calls
SUB8588173,12,6,25.49,2,0.094,0,,Very_Low,1-2 calls
SUB8955229,12,24,8.25,3,0.491,0,,Medium,3-4 calls
SUB8110928,18,3,44.86,1,0.136,0,,Very_Low,1-2 calls
SUB4730370,12,3,29.59,3,0.369,0,,Low,3-4 calls
SUB4688173,36,3,6.32,2,0.22,0,,Low,1-2 calls
SUB7705836,36,3,20.15,5,0.287,0,,Low,5+ calls
SUB9009806,12,3,12.99,3,0.378,1,Price Too High,Low,3-4 calls
SUB2980407,24,12,16.65,0,0.088,0,,Very_Low,0 calls
SUB7143192,3,12,15.09,3,0.472,0,,Medium,3-4 calls
SUB4277746,12,6,55.5,1,0.132,0,,Very_Low,1-2 calls
SUB1801125,1,6,24.71,1,0.41,0,,Medium,1-2 calls
SUB3386537,24,12,20.65,1,0.236,1,Network Quality Issues,Low,1-2 calls
SUB3998778,60,12,73.69,3,0.083,0,,Very_Low,3-4 calls
SUB3693695,18,12,48.1,2,0.136,0,,Very_Low,1-2 calls
SUB2768693,24,12,39.2,2,0.177,0,,Very_Low,1-2 calls
SUB6254230,12,12,55.23,2,0.088,0,,Very_Low,1-2 calls
SUB4856600,18,3,24.64,1,0.157,0,,Very_Low,1-2 calls
SUB1101894,6,24,117.54,3,0.118,0,,Very_Low,3-4 calls
SUB2408277,18,24,111.78,3,0.055,0,,Very_Low,3-4 calls
SUB7188753,6,6,16.8,0,0.284,1,Price Too High,Low,0 calls
SUB4567945,3,6,108.53,1,0.136,0,,Very_Low,1-2 calls
SUB4666569,36,24,66.18,2,0.087,0,,Very_Low,1-2 calls
SUB4229112,36,6,90.13,5,0.096,0,,Very_Low,5+ calls
SUB2048966,36,12,71.25,1,0.1,0,,Very_Low,1-2 calls
SUB8820783,36,12,53.84,1,0.077,1,Relocation/Moving,Very_Low,1-2 calls
SUB8875889,24,6,14.85,2,0.273,0,,Low,1-2 calls
SUB5216794,36,6,32.94,2,0.074,0,,Very_Low,1-2 calls
SUB3089632,3,1,22.69,2,0.585,1,Price Too High,Medium,1-2 calls
SUB8834112,36,1,17.25,0,0.115,0,,Very_Low,0 calls
SUB5799412,48,6,91.45,2,0.034,1,Network Quality Issues,Very_Low,1-2 calls
SUB8729578,24,1,9.89,2,0.355,0,,Low,1-2 calls
SUB1312579,18,6,65.96,1,0.074,0,,Very_Low,1-2 calls
SUB7807040,6,6,5.78,1,0.472,0,,Medium,1-2 calls
SUB7355421,36,1,7.17,3,0.22,1,Price Too High,Low,3-4 calls
SUB2563825,18,1,41.14,2,0.195,1,Service Not Needed,Very_Low,1-2 calls
SUB4518920,18,1,9.58,1,0.315,1,Price Too High,Low,1-2 calls
SUB5028604,18,6,117.6,0,0.063,0,,Very_Low,0 calls
SUB8433980,36,1,26.15,2,0.215,1,Relocation/Moving,Low,1-2 calls
SUB2524631,3,12,6.45,4,0.95,1,Service Not Needed,Very_High,3-4 calls
SUB6224369,1,6,9.69,0,0.235,0,,Low,0 calls
SUB5961914,6,1,19.05,3,0.461,0,,Medium,3-4 calls
SUB8595853,12,1,11.15,3,0.491,0,,Medium,3-4 calls
SUB8650961,12,24,49.87,4,0.094,1,Poor Customer Service,Very_Low,3-4 calls
SUB1906395,12,1,42.92,7,0.567,1,Poor Customer Service,Medium,5+ calls
SUB2944606,3,12,8.17,1,0.63,1,Relocation/Moving,High,1-2 calls
SUB9288515,24,3,27.16,1,0.205,0,,Low,1-2 calls
SUB5805028,6,6,63.71,3,0.165,0,,Very_Low,3-4 calls
SUB1970278,48,1,32.9,2,0.052,0,,Very_Low,1-2 calls
SUB9884527,36,12,27.61,2,0.143,0,,Very_Low,1-2 calls
SUB6271513,1,6,65.8,3,0.11,0,,Very_Low,3-4 calls
SUB6005231,1,12,59.24,0,0.153,0,,Very_Low,0 calls
SUB3948134,18,24,87.74,1,0.11,0,,Very_Low,1-2 calls
SUB2347203,1,12,52.19,1,0.147,0,,Very_Low,1-2 calls
SUB7666781,18,24,26.89,5,0.472,1,Price Too High,Medium,5+ calls
SUB9855197,1,1,6.02,6,0.84,1,Network Quality Issues,Very_High,5+ calls
SUB2187018,12,6,23.34,1,0.284,1,Relocation/Moving,Low,1-2 calls
SUB6097579,12,24,95.65,2,0.063,0,,Very_Low,1-2 calls
SUB8411979,18,12,5.72,2,0.273,0,,Low,1-2 calls
SUB3267357,6,12,42.41,1,0.11,0,,Very_Low,1-2 calls
SUB2799971,3,6,62.41,3,0.799,0,,High,3-4 calls
SUB1573881,36,1,43.64,4,0.11,0,,Very_Low,3-4 calls
SUB7296665,6,1,21.7,3,0.461,1,Price Too High,Medium,3-4 calls
SUB6893868,1,1,29.96,3,0.236,0,,Low,3-4 calls
SUB8609387,12,3,10.45,2,0.176,0,,Very_Low,1-2 calls
SUB6252807,36,1,26.51,1,0.165,0,,Very_Low,1-2 calls
SUB4878551,6,1,7.52,3,0.236,0,,Low,3-4 calls
SUB4301394,12,12,79.87,0,0.17,0,,Very_Low,0 calls
SUB3827364,12,1,117.74,1,0.063,0,,Very_Low,1-2 calls
SUB4354513,1,6,46.15,3,0.409,1,Network Quality Issues,Medium,3-4 calls
SUB2613560,36,1,62.84,1,0.077,0,,Very_Low,1-2 calls
SUB3293673,24,3,41.06,2,0.052,0,,Very_Low,1-2 calls
SUB4475488,1,24,10.25,2,0.546,0,,Medium,1-2 calls
SUB4020745,3,1,6.78,3,0.945,1,Price Too High,Very_High,3-4 calls
SUB5644068,1,24,15.53,3,0.331,0,,Low,3-4 calls
SUB4302923,60,12,52.6,1,0.037,0,,Very_Low,1-2 calls
SUB6643893,12,24,117.01,0,0.076,0,,Very_Low,0 calls
SUB4195741,48,12,15.49,3,0.177,0,,Very_Low,3-4 calls
SUB9605094,12,24,24.1,2,0.351,1,Network Quality Issues,Low,1-2 calls
SUB9815496,3,1,15.75,1,0.472,0,,Medium,1-2 calls
SUB1835988,6,24,15.13,0,0.094,0,,Very_Low,0 calls
SUB6104459,12,6,49.71,3,0.189,0,,Very_Low,3-4 calls
SUB9103670,3,6,84.02,1,0.191,1,Network Quality Issues,Very_Low,1-2 calls
SUB1550428,1,3,82.59,3,0.41,1,Better Competitor Offer,Medium,3-4 calls
SUB3089706,6,1,40.16,1,0.292,0,,Low,1-2 calls
SUB5305665,12,12,16.12,0,0.197,0,,Very_Low,0 calls
SUB3889190,6,12,104.32,3,0.177,0,,Very_Low,3-4 calls
SUB9785780,60,6,76.16,4,0.077,0,,Very_Low,3-4 calls
SUB8751938,12,3,21.13,4,0.369,1,Price Too High,Low,3-4 calls
SUB8660678,3,1,20.23,3,0.878,1,Price Too High,Very_High,3-4 calls
SUB1255658,12,3,70.92,2,0.246,1,Better Competitor Offer,Low,1-2 calls
SUB2730283,24,1,25.14,0,0.126,0,,Very_Low,0 calls
SUB7395300,12,6,43.33,2,0.126,1,Network Quality Issues,Very_Low,1-2 calls
SUB6029792,6,12,16.9,2,0.236,0,,Low,1-2 calls
SUB7389690,3,6,58.83,1,0.22,0,,Low,1-2 calls
SUB7766174,12,1,30.39,2,0.115,0,,Very_Low,1-2 calls
SUB1751993,1,24,35.07,3,0.585,0,,Medium,3-4 calls
SUB1828282,12,3,88.88,3,0.094,1,Relocation/Moving,Very_Low,3-4 calls
SUB9860369,3,12,104.13,5,0.147,1,Poor Customer Service,Very_Low,5+ calls
SUB7615920,18,3,87.48,1,0.074,0,,Very_Low,1-2 calls
SUB8313367,24,12,8.26,4,0.41,0,,Medium,3-4 calls
SUB8359659,6,1,23.55,2,0.236,0,,Low,1-2 calls
SUB8663998,1,12,21.25,4,0.921,1,Service Not Needed,Very_High,3-4 calls
SUB6465513,6,12,25.28,2,0.215,0,,Low,1-2 calls
SUB1317942,18,12,103.37,2,0.079,0,,Very_Low,1-2 calls
SUB4894456,24,3,108.12,3,0.133,0,,Very_Low,3-4 calls
SUB1337462,12,12,45.82,2,0.189,0,,Very_Low,1-2 calls
SUB6609210,6,24,5.29,0,0.176,0,,Very_Low,0 calls
SUB4928207,48,1,14.94,1,0.136,0,,Very_Low,1-2 calls
SUB9810381,12,12,16.13,1,0.189,0,,Very_Low,1-2 calls
SUB3430630,12,1,5.73,3,0.491,1,Price Too High,Medium,3-4 calls
SUB5563167,12,6,43.67,2,0.088,0,,Very_Low,1-2 calls
SUB8463131,6,12,30.84,2,0.236,1,Network Quality Issues,Low,1-2 calls
SUB3795126,24,12,81.19,2,0.068,0,,Very_Low,1-2 calls
SUB8614896,6,12,14.69,1,0.315,0,,Low,1-2 calls
SUB6562632,12,24,21.78,3,0.425,0,,Medium,3-4 calls
SUB7398905,6,24,81.24,1,0.118,0,,Very_Low,1-2 calls
SUB6345708,18,24,48.58,3,0.205,1,Relocation/Moving,Low,3-4 calls
SUB5266399,60,6,9.58,1,0.157,0,,Very_Low,1-2 calls
SUB3727364,12,6,14.53,1,0.426,1,Network Quality Issues,Medium,1-2 calls
SUB9476201,60,3,76.84,2,0.055,0,,Very_Low,1-2 calls
SUB6582266,18,12,66.97,1,0.074,0,,Very_Low,1-2 calls
SUB1902473,24,6,93.12,4,0.118,0,,Very_Low,3-4 calls
SUB1126202,6,24,14.45,3,0.614,0,,High,3-4 calls
SUB9507150,6,12,88.13,0,0.082,0,,Very_Low,0 calls
SUB2417158,18,6,57.05,2,0.096,0,,Very_Low,1-2 calls
SUB2835932,60,12,19.83,4,0.2,0,,Very_Low,3-4 calls
SUB3672762,24,1,90.22,1,0.052,0,,Very_Low,1-2 calls
SUB4716434,18,1,36.86,2,0.205,0,,Low,1-2 calls
SUB1455433,12,12,107.55,0,0.076,0,,Very_Low,0 calls
SUB9478748,36,1,115.78,0,0.044,0,,Very_Low,0 calls
SUB2515554,18,12,16.12,2,0.079,0,,Very_Low,1-2 calls
SUB2584645,18,1,36.31,1,0.105,0,,Very_Low,1-2 calls
SUB4230786,6,12,22.46,2,0.165,1,Price Too High,Very_Low,1-2 calls
SUB5676103,60,12,75.35,1,0.026,0,,Very_Low,1-2 calls
SUB4416403,6,12,44.63,1,0.112,1,Network Quality Issues,Very_Low,1-2 calls
SUB8639214,12,24,79.02,7,0.378,0,,Low,5+ calls
SUB8690115,6,6,9.42,4,0.472,0,,Medium,3-4 calls
SUB4621420,3,12,81.39,2,0.248,0,,Low,1-2 calls
SUB4943439,3,1,23.81,4,0.709,1,Network Quality Issues,High,3-4 calls
SUB2251661,6,24,18.87,5,0.472,0,,Medium,5+ calls
SUB2114100,18,24,54.85,1,0.074,0,,Very_Low,1-2 calls
SUB8816184,60,12,13.61,0,0.078,0,,Very_Low,0 calls
SUB2509390,36,3,23.78,3,0.215,0,,Low,3-4 calls
SUB3007878,3,1,18.91,4,0.472,0,,Medium,3-4 calls
SUB5712037,1,6,20.83,1,0.315,0,,Low,1-2 calls
SUB9704225,18,3,24.31,1,0.307,0,,Low,1-2 calls
SUB8228840,1,12,58.54,4,0.22,0,,Low,3-4 calls
SUB2804053,36,6,75.39,1,0.124,0,,Very_Low,1-2 calls
SUB7281328,36,1,20.53,1,0.143,0,,Very_Low,1-2 calls
SUB5470756,24,24,22.58,5,0.41,1,Network Quality Issues,Medium,5+ calls
SUB9480171,18,24,17.84,1,0.307,1,Relocation/Moving,Low,1-2 calls
SUB3827754,60,24,75.0,2,0.048,1,Better Competitor Offer,Very_Low,1-2 calls
SUB5953799,12,3,27.98,1,0.189,0,,Very_Low,1-2 calls
SUB9239115,60,6,8.98,1,0.136,0,,Very_Low,1-2 calls
SUB9351184,36,3,11.57,2,0.191,1,Service Not Needed,Very_Low,1-2 calls
SUB4739469,3,12,15.58,2,0.472,0,,Medium,1-2 calls
SUB9642979,36,24,66.09,3,0.116,0,,Very_Low,3-4 calls
SUB3199318,6,12,5.57,4,0.614,1,Poor Customer Service,High,3-4 calls
SUB6257386,24,12,21.37,0,0.164,0,,Very_Low,0 calls
SUB4094510,1,12,14.98,2,0.42,1,Relocation/Moving,Medium,1-2 calls
SUB1420888,6,1,90.83,3,0.118,0,,Very_Low,3-4 calls
SUB9295953,24,3,75.77,1,0.205,0,,Low,1-2 calls
SUB6570090,60,6,24.58,3,0.177,0,,Very_Low,3-4 calls
SUB1190285,3,12,23.27,1,0.41,0,,Medium,1-2 calls
SUB4196699,12,24,87.29,2,0.106,0,,Very_Low,1-2 calls
SUB3211130,18,24,5.07,1,0.21,0,,Low,1-2 calls
SUB2207739,60,3,112.12,4,0.051,0,,Very_Low,3-4 calls
SUB9176958,12,3,19.56,1,0.132,0,,Very_Low,1-2 calls
SUB4128411,48,6,11.73,2,0.157,0,,Very_Low,1-2 calls
SUB6130418,60,24,62.36,3,0.028,0,,Very_Low,3-4 calls
SUB3716826,48,3,33.2,1,0.079,0,,Very_Low,1-2 calls
SUB2488543,24,24,112.17,0,0.06,0,,Very_Low,0 calls
SUB6853294,3,3,50.61,2,0.248,0,,Low,1-2 calls
SUB6929191,18,24,23.7,5,0.315,0,,Low,5+ calls
SUB3702303,24,24,82.3,2,0.096,0,,Very_Low,1-2 calls
SUB3437587,60,24,79.05,5,0.096,0,,Very_Low,5+ calls
SUB7417115,24,24,44.88,1,0.136,0,,Very_Low,1-2 calls
SUB6587757,12,3,19.0,3,0.553,1,Network Quality Issues,Medium,3-4 calls
SUB2111288,3,12,24.88,2,0.472,1,Relocation/Moving,Medium,1-2 calls
SUB4298273,12,12,16.94,0,0.151,1,Price Too High,Very_Low,0 calls
SUB8316359,18,24,87.99,1,0.136,0,,Very_Low,1-2 calls
SUB9992719,6,6,19.54,2,0.307,0,,Low,1-2 calls
SUB7323686,12,6,24.39,3,0.425,1,Network Quality Issues,Medium,3-4 calls
SUB7594244,1,12,73.8,3,0.201,0,,Low,3-4 calls
SUB1831635,36,3,13.58,4,0.331,0,,Low,3-4 calls
SUB2467217,1,24,49.2,2,0.147,1,Network Quality Issues,Very_Low,1-2 calls
SUB3744686,12,3,108.77,2,0.106,0,,Very_Low,1-2 calls
SUB4230545,12,1,20.37,1,0.246,0,,Low,1-2 calls
SUB8578689,60,12,26.75,2,0.154,0,,Very_Low,1-2 calls
SUB8557065,48,24,49.83,4,0.133,0,,Very_Low,3-4 calls
SUB1231414,18,12,89.78,7,0.921,0,,Very_High,5+ calls
SUB3402110,18,24,45.69,1,0.136,0,,Very_Low,1-2 calls
SUB2643083,6,1,5.72,1,0.472,1,Relocation/Moving,Medium,1-2 calls
SUB6050058,1,6,10.29,2,0.71,1,Network Quality Issues,High,1-2 calls
SUB1021650,6,6,71.03,2,0.143,0,,Very_Low,1-2 calls
SUB2404962,36,1,24.83,1,0.077,0,,Very_Low,1-2 calls
SUB4023846,18,1,79.16,3,0.11,0,,Very_Low,3-4 calls
SUB3913293,24,1,39.74,0,0.164,0,,Very_Low,0 calls
SUB9594859,36,6,48.87,2,0.051,0,,Very_Low,1-2 calls
SUB7825687,1,24,117.86,4,0.205,0,,Low,3-4 calls
SUB4844328,6,12,9.92,1,0.532,0,,Medium,1-2 calls
SUB8779008,18,6,9.19,3,0.76,1,Price Too High,High,3-4 calls
SUB7020010,36,3,33.15,6,0.147,0,,Very_Low,5+ calls
SUB8121782,24,1,11.51,1,0.355,1,Network Quality Issues,Low,1-2 calls
SUB6172886,12,3,43.79,0,0.101,0,,Very_Low,0 calls
SUB5513207,48,6,83.4,5,0.079,0,,Very_Low,5+ calls
SUB9050763,6,6,114.91,2,0.146,0,,Very_Low,1-2 calls
SUB2724854,12,3,36.16,5,0.252,1,Poor Customer Service,Low,5+ calls
SUB9771419,3,24,96.4,2,0.177,0,,Very_Low,1-2 calls
SUB5695995,6,6,9.35,3,0.472,0,,Medium,3-4 calls
SUB2008314,1,3,46.75,2,0.39,1,Service Not Needed,Low,1-2 calls
SUB5408608,6,6,23.82,0,0.284,1,Network Quality Issues,Low,0 calls
SUB3493330,6,3,16.16,2,0.354,0,,Low,1-2 calls
SUB7730419,1,6,13.66,5,0.95,1,Price Too High,Very_High,5+ calls
SUB7605949,6,1,89.3,1,0.055,0,,Very_Low,1-2 calls
SUB5396208,6,1,76.28,3,0.165,0,,Very_Low,3-4 calls
SUB1711716,24,6,52.62,2,0.096,0,,Very_Low,1-2 calls
SUB3767257,3,6,10.33,3,0.945,1,Relocation/Moving,Very_High,3-4 calls
SUB8542242,24,3,25.25,1,0.38,0,,Low,1-2 calls
SUB8359055,3,24,80.03,1,0.254,0,,Low,1-2 calls
SUB2699660,12,3,31.47,1,0.126,0,,Very_Low,1-2 calls
SUB7110845,24,12,42.77,1,0.112,0,,Very_Low,1-2 calls
SUB1345430,18,3,87.98,1,0.068,0,,Very_Low,1-2 calls
SUB2857845,18,3,43.26,0,0.203,0,,Low,0 calls
SUB3505365,3,3,30.44,1,0.273,0,,Low,1-2 calls
SUB7312379,36,3,17.19,1,0.077,0,,Very_Low,1-2 calls
SUB9135340,60,24,26.8,3,0.177,0,,Very_Low,3-4 calls
SUB1847405,3,3,54.8,4,0.532,0,,Medium,3-4 calls
SUB1233462,36,6,28.89,3,0.165,0,,Very_Low,3-4 calls
SUB7342869,12,12,32.51,3,0.283,0,,Low,3-4 calls
SUB3986068,18,6,23.25,2,0.266,0,,Low,1-2 calls
SUB2968921,12,1,10.19,4,0.378,1,Poor Customer Service,Low,3-4 calls
SUB4401447,24,12,47.36,3,0.439,1,Relocation/Moving,Medium,3-4 calls
SUB6515328,1,3,17.15,4,0.614,1,Price Too High,High,3-4 calls
SUB9798834,6,24,80.45,2,0.102,0,,Very_Low,1-2 calls
SUB6369919,1,6,20.79,0,0.328,0,,Low,0 calls
SUB2764694,48,12,47.77,2,0.079,0,,Very_Low,1-2 calls
SUB7471530,3,24,21.97,2,0.157,0,,Very_Low,1-2 calls
SUB2807254,12,24,26.88,0,0.227,0,,Low,0 calls
SUB6002828,18,12,17.01,1,0.157,0,,Very_Low,1-2 calls
SUB1131562,12,12,85.37,3,0.142,0,,Very_Low,3-4 calls
SUB6904214,12,3,29.19,1,0.246,0,,Low,1-2 calls
SUB7933966,3,24,89.88,0,0.176,0,,Very_Low,0 calls
SUB6590240,1,1,5.13,1,0.63,0,,High,1-2 calls
SUB9358827,6,24,6.45,3,0.709,0,,High,3-4 calls
SUB1360306,6,12,62.16,4,0.215,0,,Low,3-4 calls
SUB8565991,12,24,35.2,1,0.164,0,,Very_Low,1-2 calls
SUB3724274,6,6,43.63,1,0.236,0,,Low,1-2 calls
SUB2594502,1,1,17.51,1,0.157,0,,Very_Low,1-2 calls
SUB2488303,1,12,12.84,2,0.546,0,,Medium,1-2 calls
SUB6982547,18,24,38.83,6,0.507,1,Service Not Needed,Medium,5+ calls
SUB1518490,1,24,100.93,3,0.236,1,Better Competitor Offer,Low,3-4 calls
SUB5229228,1,24,13.7,2,0.546,0,,Medium,1-2 calls
SUB2903124,24,12,100.74,2,0.037,0,,Very_Low,1-2 calls
SUB3792537,1,1,15.69,4,0.799,1,Relocation/Moving,High,3-4 calls
SUB7254887,1,24,40.27,0,0.284,0,,Low,0 calls
SUB4147887,12,3,12.72,3,0.567,0,,Medium,3-4 calls
SUB7864684,12,3,23.21,1,0.246,1,Price Too High,Low,1-2 calls
SUB2587542,60,12,10.39,4,0.307,1,Relocation/Moving,Low,3-4 calls
SUB4862163,48,12,14.94,1,0.136,1,Relocation/Moving,Very_Low,1-2 calls
SUB8745269,18,1,116.55,0,0.063,0,,Very_Low,0 calls
SUB5856436,1,3,73.6,1,0.248,0,,Low,1-2 calls
SUB8056784,12,24,57.93,4,0.258,1,Network Quality Issues,Low,3-4 calls
SUB9543144,1,24,7.94,2,0.382,0,,Low,1-2 calls
SUB7234408,48,3,115.04,2,0.026,0,,Very_Low,1-2 calls
SUB1624773,18,12,36.73,2,0.105,0,,Very_Low,1-2 calls
SUB8581002,18,12,84.97,1,0.102,0,,Very_Low,1-2 calls
SUB3017528,12,6,7.68,1,0.328,0,,Low,1-2 calls
SUB2678332,12,24,16.59,4,0.369,1,Price Too High,Low,3-4 calls
SUB2002021,12,12,119.61,1,0.063,0,,Very_Low,1-2 calls
SUB7292357,1,12,28.92,4,0.709,0,,High,3-4 calls
SUB3185132,18,12,85.79,1,0.127,0,,Very_Low,1-2 calls
SUB1292007,60,12,15.45,2,0.102,0,,Very_Low,1-2 calls
SUB7778519,3,12,41.21,3,0.225,0,,Low,3-4 calls
SUB3928785,60,12,118.2,2,0.039,0,,Very_Low,1-2 calls
SUB5791164,36,24,37.99,1,0.157,1,Network Quality Issues,Very_Low,1-2 calls
SUB2612119,36,6,61.71,2,0.1,0,,Very_Low,1-2 calls
SUB8927532,36,12,15.69,2,0.077,0,,Very_Low,1-2 calls
SUB9776381,48,3,9.99,1,0.136,0,,Very_Low,1-2 calls
SUB7277120,6,1,22.45,2,0.165,0,,Very_Low,1-2 calls
SUB5216803,12,24,32.41,2,0.088,0,,Very_Low,1-2 calls
SUB3583677,12,6,54.95,1,0.115,0,,Very_Low,1-2 calls
SUB1143704,1,12,18.76,2,0.315,0,,Low,1-2 calls
SUB9454364,60,12,47.07,1,0.098,0,,Very_Low,1-2 calls
SUB7731666,18,12,60.61,3,0.143,0,,Very_Low,3-4 calls
SUB8891784,12,3,23.87,2,0.246,0,,Low,1-2 calls
SUB8775872,60,12,82.75,3,0.084,0,,Very_Low,3-4 calls
SUB5714386,6,12,117.04,0,0.063,0,,Very_Low,0 calls
SUB3396640,6,1,10.67,0,0.328,0,,Low,0 calls
SUB7375247,3,1,7.06,2,0.21,0,,Low,1-2 calls
SUB7994791,3,6,9.0,2,0.63,0,,High,1-2 calls
SUB4278262,3,6,50.05,2,0.191,0,,Very_Low,1-2 calls
SUB9246673,18,12,12.56,2,0.409,0,,Medium,1-2 calls
SUB8421473,6,12,51.19,1,0.215,0,,Low,1-2 calls
SUB2916796,60,6,19.21,2,0.055,0,,Very_Low,1-2 calls
SUB2286188,24,1,60.2,0,0.082,0,,Very_Low,0 calls
SUB9822405,3,1,89.28,2,0.103,0,,Very_Low,1-2 calls
SUB4085945,36,12,117.05,4,0.077,0,,Very_Low,3-4 calls
SUB5168773,6,24,23.2,0,0.79,1,Service Not Needed,High,0 calls
SUB7637034,6,12,16.2,1,0.354,0,,Low,1-2 calls
SUB8948838,24,24,8.94,4,0.76,1,Price Too High,High,3-4 calls
SUB2784094,36,12,20.73,5,0.154,0,,Very_Low,5+ calls
SUB1239608,60,3,43.29,3,0.118,0,,Very_Low,3-4 calls
SUB4662097,12,1,110.33,1,0.117,0,,Very_Low,1-2 calls
SUB9737723,18,24,60.88,0,0.164,1,Network Quality Issues,Very_Low,0 calls
SUB9054515,18,6,14.42,6,0.21,1,Service Not Needed,Low,5+ calls
SUB5297084,18,24,67.9,0,0.076,0,,Very_Low,0 calls
SUB4146243,12,12,5.28,1,0.328,0,,Low,1-2 calls
SUB5042942,3,24,6.75,3,0.441,1,Price Too High,Medium,3-4 calls
SUB1853159,1,3,78.31,3,0.154,0,,Very_Low,3-4 calls
SUB4898888,48,12,89.13,5,0.079,0,,Very_Low,5+ calls
SUB1895596,6,12,11.01,2,0.157,0,,Very_Low,1-2 calls
SUB8648392,3,12,86.27,0,0.082,0,,Very_Low,0 calls
SUB3431129,60,24,94.49,3,0.059,0,,Very_Low,3-4 calls
SUB2600720,24,24,9.37,1,0.315,0,,Low,1-2 calls
SUB3605327,60,1,29.72,1,0.102,1,Relocation/Moving,Very_Low,1-2 calls
SUB4219598,6,6,61.91,0,0.115,0,,Very_Low,0 calls
SUB7184546,12,12,84.17,1,0.115,0,,Very_Low,1-2 calls
SUB7387958,24,12,21.89,3,0.354,0,,Low,3-4 calls
SUB9979219,18,6,7.82,1,0.273,0,,Low,1-2 calls
SUB9817164,6,24,38.14,5,0.45,0,,Medium,5+ calls
SUB4675049,3,12,88.71,0,0.252,0,,Low,0 calls
SUB7626924,18,12,35.87,1,0.136,0,,Very_Low,1-2 calls
SUB7045001,18,3,5.44,5,0.819,1,Poor Customer Service,Very_High,5+ calls
SUB6876924,24,6,54.06,1,0.143,0,,Very_Low,1-2 calls
SUB9868958,24,24,32.91,3,0.205,0,,Low,3-4 calls
SUB1496232,3,24,83.81,1,0.052,0,,Very_Low,1-2 calls
SUB4634183,18,12,95.12,2,0.079,1,Network Quality Issues,Very_Low,1-2 calls
SUB8602242,24,24,86.35,2,0.124,0,,Very_Low,1-2 calls
SUB3628973,12,1,99.63,5,0.164,0,,Very_Low,5+ calls
SUB4912669,6,3,104.86,2,0.102,0,,Very_Low,1-2 calls
SUB4991818,12,24,46.31,2,0.164,1,Network Quality Issues,Very_Low,1-2 calls
SUB9164962,6,6,87.14,1,0.11,0,,Very_Low,1-2 calls
SUB4779044,12,12,77.77,0,0.106,0,,Very_Low,0 calls
SUB7041084,6,24,46.9,1,0.292,0,,Low,1-2 calls
SUB6070121,12,6,7.83,3,0.567,1,Network Quality Issues,Medium,3-4 calls
SUB1250231,48,6,26.26,0,0.044,0,,Very_Low,0 calls
SUB5735524,48,1,5.89,2,0.096,0,,Very_Low,1-2 calls
SUB4372105,60,24,28.57,3,0.154,1,Price Too High,Very_Low,3-4 calls
SUB7741499,12,24,5.45,2,0.639,0,,High,1-2 calls
SUB1978935,3,3,103.39,1,0.292,0,,Low,1-2 calls
SUB6267528,36,24,42.62,0,0.076,0,,Very_Low,0 calls
SUB3130118,18,12,5.3,4,0.22,0,,Low,3-4 calls
SUB1420993,24,1,41.86,2,0.195,0,,Very_Low,1-2 calls
SUB4401461,3,1,5.41,1,0.546,0,,Medium,1-2 calls
SUB3260791,6,1,63.56,1,0.077,0,,Very_Low,1-2 calls
SUB9634939,6,1,29.43,4,0.177,0,,Very_Low,3-4 calls
SUB5601318,18,12,28.34,2,0.292,0,,Low,1-2 calls
SUB8274324,60,6,117.85,5,0.048,0,,Very_Low,5+ calls
SUB5080790,18,24,32.35,2,0.105,0,,Very_Low,1-2 calls
SUB3752690,18,3,87.4,0,0.06,0,,Very_Low,0 calls
SUB2003510,24,12,18.67,1,0.205,0,,Low,1-2 calls
SUB2071192,6,6,18.28,2,0.439,0,,Medium,1-2 calls
SUB4415473,6,1,45.45,2,0.205,0,,Low,1-2 calls
SUB2860371,36,24,14.8,5,0.294,0,,Low,5+ calls
SUB8778512,60,6,13.46,1,0.105,0,,Very_Low,1-2 calls
SUB2571480,12,24,25.53,1,0.319,0,,Low,1-2 calls
SUB4615590,1,24,71.13,0,0.153,0,,Very_Low,0 calls
SUB3360901,3,24,72.56,1,0.103,0,,Very_Low,1-2 calls
SUB8238225,36,1,14.03,6,0.294,1,Poor Customer Service,Low,5+ calls
SUB3952053,3,24,29.26,0,0.378,0,,Low,0 calls
SUB4291987,24,1,86.84,1,0.037,0,,Very_Low,1-2 calls
SUB8541714,18,24,8.25,2,0.147,0,,Very_Low,1-2 calls
SUB5263272,24,12,39.41,2,0.254,0,,Low,1-2 calls
SUB9973326,6,6,32.34,1,0.307,0,,Low,1-2 calls
SUB6492952,1,12,57.04,2,0.136,0,,Very_Low,1-2 calls
SUB7297042,1,12,18.14,3,0.473,0,,Medium,3-4 calls
SUB5052579,24,12,81.43,2,0.102,0,,Very_Low,1-2 calls
SUB8200262,18,12,29.84,1,0.236,1,Price Too High,Low,1-2 calls
SUB4884175,36,6,21.81,2,0.143,1,Price Too High,Very_Low,1-2 calls
SUB8725166,12,6,18.75,0,0.151,0,,Very_Low,0 calls
SUB8689205,18,6,15.95,3,0.354,1,Network Quality Issues,Low,3-4 calls
SUB2609425,24,6,8.08,2,0.273,0,,Low,1-2 calls
SUB3303707,12,1,106.98,0,0.122,1,Better Competitor Offer,Very_Low,0 calls
SUB1998899,60,12,11.34,4,0.11,0,,Very_Low,3-4 calls
SUB6462610,24,6,86.51,1,0.089,0,,Very_Low,1-2 calls
SUB3098729,18,12,23.29,6,0.41,1,Poor Customer Service,Medium,5+ calls
SUB8237310,24,12,20.43,1,0.079,0,,Very_Low,1-2 calls
SUB2820844,24,24,14.27,2,0.355,0,,Low,1-2 calls
SUB1951302,3,24,37.0,3,0.41,0,,Medium,3-4 calls
SUB8568538,3,24,77.12,1,0.103,0,,Very_Low,1-2 calls
SUB2120803,18,3,118.77,3,0.102,0,,Very_Low,3-4 calls
SUB8139845,12,1,52.03,3,0.093,0,,Very_Low,3-4 calls
SUB8587973,36,6,31.84,2,0.11,0,,Very_Low,1-2 calls
SUB1150653,6,24,5.05,1,0.472,0,,Medium,1-2 calls
SUB3488144,6,12,90.28,5,0.169,0,,Very_Low,5+ calls
SUB6962413,3,6,118.14,1,0.177,0,,Very_Low,1-2 calls
SUB6127319,60,12,25.59,1,0.079,0,,Very_Low,1-2 calls
SUB4483978,3,12,14.21,3,0.95,1,Service Not Needed,Very_High,3-4 calls
SUB6942654,60,12,76.85,1,0.055,0,,Very_Low,1-2 calls
SUB6839741,24,12,50.38,3,0.077,0,,Very_Low,3-4 calls
SUB6088539,1,12,49.68,1,0.273,0,,Low,1-2 calls
SUB7935426,3,12,19.69,4,0.799,1,Service Not Needed,High,3-4 calls
SUB6780554,6,12,86.5,1,0.154,0,,Very_Low,1-2 calls
SUB9774821,6,3,10.87,1,0.41,0,,Medium,1-2 calls
SUB6297340,60,3,28.64,3,0.118,1,Service Not Needed,Very_Low,3-4 calls
SUB3496589,18,6,11.17,2,0.147,0,,Very_Low,1-2 calls
SUB1416690,1,24,5.84,2,0.42,0,,Medium,1-2 calls
SUB3996244,12,6,86.63,3,0.176,1,Better Competitor Offer,Very_Low,3-4 calls
SUB6359462,36,24,39.67,1,0.124,0,,Very_Low,1-2 calls
SUB8838941,12,12,69.72,1,0.115,0,,Very_Low,1-2 calls
SUB1678066,18,24,42.9,1,0.195,0,,Very_Low,1-2 calls
SUB2877779,24,1,67.05,1,0.11,0,,Very_Low,1-2 calls
SUB2625199,3,1,39.76,1,0.315,0,,Low,1-2 calls
SUB2801951,36,3,14.69,1,0.074,0,,Very_Low,1-2 calls
SUB9441557,12,12,93.91,1,0.176,0,,Very_Low,1-2 calls
SUB9228736,1,6,12.93,2,0.63,1,Price Too High,High,1-2 calls
SUB1789148,36,3,46.62,1,0.096,0,,Very_Low,1-2 calls
SUB9340791,18,12,49.86,1,0.105,0,,Very_Low,1-2 calls
SUB9372602,3,12,10.66,2,0.546,0,,Medium,1-2 calls
SUB8008642,6,12,14.99,2,0.532,0,,Medium,1-2 calls
SUB4821301,18,24,67.22,3,0.055,0,,Very_Low,3-4 calls
SUB2308166,12,24,26.82,4,0.405,0,,Medium,3-4 calls
SUB7192357,6,6,29.77,1,0.165,0,,Very_Low,1-2 calls
SUB3511019,12,3,47.62,2,0.246,0,,Low,1-2 calls
SUB2330728,3,6,26.7,4,0.709,1,Network Quality Issues,High,3-4 calls
SUB2029242,6,1,64.76,4,0.215,1,Poor Customer Service,Low,3-4 calls
SUB3167626,36,1,118.62,1,0.055,0,,Very_Low,1-2 calls
SUB4708201,6,24,9.68,2,0.472,0,,Medium,1-2 calls
SUB9738676,18,24,32.94,4,0.307,0,,Low,3-4 calls
SUB8283377,6,6,28.73,3,0.461,1,Relocation/Moving,Medium,3-4 calls
SUB8017955,3,24,34.12,5,0.42,0,,Medium,5+ calls
SUB3738384,6,3,35.53,1,0.11,0,,Very_Low,1-2 calls
SUB1404911,12,6,19.68,0,0.227,1,Price Too High,Low,0 calls
SUB3508164,3,12,14.44,0,0.568,1,Price Too High,Medium,0 calls
SUB4319343,3,12,32.02,5,0.95,1,Poor Customer Service,Very_High,5+ calls
SUB7174943,24,24,9.61,3,0.692,0,,High,3-4 calls
SUB2169070,1,24,6.84,2,0.71,0,,High,1-2 calls
SUB1171277,12,1,118.0,2,0.082,0,,Very_Low,1-2 calls
SUB8351548,12,24,26.02,1,0.246,0,,Low,1-2 calls
SUB2361212,36,6,47.64,2,0.051,0,,Very_Low,1-2 calls
SUB6880926,24,6,24.36,1,0.157,1,Network Quality Issues,Very_Low,1-2 calls
SUB2603344,12,1,106.96,3,0.184,0,,Very_Low,3-4 calls
SUB7562865,12,24,23.89,2,0.189,0,,Very_Low,1-2 calls
SUB7929909,18,12,19.66,4,0.215,0,,Low,3-4 calls
SUB9113649,6,24,35.11,2,0.157,1,Network Quality Issues,Very_Low,1-2 calls
SUB2381710,24,3,83.31,2,0.068,0,,Very_Low,1-2 calls
SUB3591822,18,3,80.07,1,0.074,0,,Very_Low,1-2 calls
SUB3057797,18,6,16.19,2,0.236,0,,Low,1-2 calls
SUB5415239,1,12,59.28,1,0.147,0,,Very_Low,1-2 calls
SUB4101373,3,6,52.2,3,0.307,0,,Low,3-4 calls
SUB3800174,1,3,117.15,2,0.292,0,,Low,1-2 calls
SUB1873420,24,3,116.31,2,0.079,0,,Very_Low,1-2 calls
SUB7002024,12,3,38.76,1,0.164,0,,Very_Low,1-2 calls
SUB9881111,60,6,56.69,3,0.072,0,,Very_Low,3-4 calls
SUB5412903,60,6,48.74,4,0.056,0,,Very_Low,3-4 calls
SUB3565820,24,12,44.67,3,0.205,0,,Low,3-4 calls
SUB6834611,12,24,6.96,1,0.176,0,,Very_Low,1-2 calls
SUB6534448,6,12,10.48,4,0.331,0,,Low,3-4 calls
SUB7332961,3,24,14.16,3,0.945,1,Price Too High,Very_High,3-4 calls
SUB9369597,6,1,115.95,3,0.083,0,,Very_Low,3-4 calls
SUB8442510,60,6,9.81,0,0.109,0,,Very_Low,0 calls
SUB8402731,12,3,10.85,2,0.252,0,,Low,1-2 calls
SUB1944461,1,3,19.55,4,0.799,1,Price Too High,High,3-4 calls
SUB2467256,1,12,42.0,3,0.315,1,Network Quality Issues,Low,3-4 calls
SUB5349025,12,24,94.87,1,0.117,0,,Very_Low,1-2 calls
SUB8112646,12,1,55.39,0,0.119,0,,Very_Low,0 calls
SUB5330972,12,1,22.13,5,0.265,0,,Low,5+ calls
SUB9667126,36,12,111.23,2,0.096,0,,Very_Low,1-2 calls
SUB7934430,24,1,9.61,4,0.287,0,,Low,3-4 calls
SUB4411647,3,12,114.32,3,0.205,0,,Low,3-4 calls
SUB8725976,6,24,12.11,1,0.472,1,Relocation/Moving,Medium,1-2 calls
SUB8098917,18,12,71.37,2,0.124,0,,Very_Low,1-2 calls
SUB3705421,12,24,8.41,1,0.176,0,,Very_Low,1-2 calls
SUB6798273,3,1,92.22,1,0.225,0,,Low,1-2 calls
SUB9795492,18,3,14.32,2,0.105,0,,Very_Low,1-2 calls
SUB9535640,18,12,6.9,2,0.491,1,Relocation/Moving,Medium,1-2 calls
SUB7942263,60,24,90.8,1,0.049,0,,Very_Low,1-2 calls
SUB5652124,18,24,7.25,1,0.273,0,,Low,1-2 calls
SUB2362516,36,1,61.5,2,0.067,0,,Very_Low,1-2 calls
SUB3375100,48,12,55.93,2,0.048,0,,Very_Low,1-2 calls
SUB6227541,12,1,31.09,1,0.304,1,Relocation/Moving,Low,1-2 calls
SUB2718562,1,12,19.47,1,0.22,0,,Low,1-2 calls
SUB3256356,3,12,82.95,2,0.105,1,Network Quality Issues,Very_Low,1-2 calls
SUB8215409,12,24,107.57,3,0.094,0,,Very_Low,3-4 calls
SUB2329785,36,12,28.65,3,0.116,0,,Very_Low,3-4 calls
SUB8179391,18,24,15.97,5,0.614,1,Network Quality Issues,High,5+ calls
SUB5299376,3,24,15.57,3,0.709,1,Network Quality Issues,High,3-4 calls
SUB3761642,24,12,25.87,2,0.11,0,,Very_Low,1-2 calls
SUB5283664,36,12,48.68,2,0.136,0,,Very_Low,1-2 calls
SUB5881539,1,12,113.24,3,0.205,1,Relocation/Moving,Low,3-4 calls
SUB5964948,6,12,71.71,0,0.115,0,,Very_Low,0 calls
SUB3758566,3,12,82.43,2,0.287,0,,Low,1-2 calls
SUB3328033,24,1,25.92,0,0.189,1,Relocation/Moving,Very_Low,0 calls
SUB2155933,36,6,23.19,2,0.077,0,,Very_Low,1-2 calls
SUB9175576,18,12,83.85,4,0.11,0,,Very_Low,3-4 calls
SUB8166276,36,3,69.63,3,0.186,0,,Very_Low,3-4 calls
SUB8691332,18,12,88.89,3,0.079,0,,Very_Low,3-4 calls
SUB8059903,18,6,15.0,2,0.45,1,Price Too High,Medium,1-2 calls
SUB6441039,18,12,34.95,2,0.254,0,,Low,1-2 calls
SUB7077234,1,6,17.86,1,0.22,0,,Low,1-2 calls
SUB1194152,48,24,13.55,1,0.074,0,,Very_Low,1-2 calls
SUB2928356,6,6,85.89,0,0.115,0,,Very_Low,0 calls
SUB5797927,24,12,26.65,1,0.079,0,,Very_Low,1-2 calls
SUB4119812,24,3,99.5,3,0.073,0,,Very_Low,3-4 calls
SUB4800760,60,12,21.8,1,0.118,0,,Very_Low,1-2 calls
SUB1975112,6,12,41.81,0,0.189,1,Relocation/Moving,Very_Low,0 calls
SUB5033123,60,6,80.3,2,0.026,0,,Very_Low,1-2 calls
SUB6414229,6,6,20.78,2,0.307,1,Network Quality Issues,Low,1-2 calls
SUB1555839,12,6,65.43,2,0.132,0,,Very_Low,1-2 calls
SUB1614101,24,6,67.98,1,0.051,0,,Very_Low,1-2 calls
SUB1449813,3,3,101.02,1,0.254,0,,Low,1-2 calls
SUB9227489,6,3,19.67,1,0.399,0,,Low,1-2 calls
SUB6147501,24,24,14.44,2,0.409,0,,Medium,1-2 calls
SUB6121632,60,6,26.27,4,0.154,0,,Very_Low,3-4 calls
SUB6896721,24,12,61.22,1,0.074,1,Relocation/Moving,Very_Low,1-2 calls
SUB1551238,36,6,44.24,2,0.11,0,,Very_Low,1-2 calls
SUB6895038,1,24,20.65,3,0.799,1,Relocation/Moving,High,3-4 calls
SUB4643488,18,12,14.92,3,0.585,1,Network Quality Issues,Medium,3-4 calls
SUB9388823,48,6,22.66,3,0.077,0,,Very_Low,3-4 calls
SUB3895107,18,12,66.15,1,0.037,0,,Very_Low,1-2 calls
SUB6049425,18,12,6.4,2,0.273,1,Price Too High,Low,1-2 calls
SUB8907386,3,1,26.89,1,0.315,0,,Low,1-2 calls
SUB2017375,36,12,12.02,1,0.103,0,,Very_Low,1-2 calls
SUB1272544,36,24,80.24,5,0.072,0,,Very_Low,5+ calls
SUB1534633,18,1,110.32,2,0.052,0,,Very_Low,1-2 calls
SUB6276776,12,12,44.38,2,0.189,0,,Very_Low,1-2 calls
SUB2863907,36,24,12.8,0,0.107,0,,Very_Low,0 calls
SUB2120113,12,24,20.22,2,0.284,0,,Low,1-2 calls
SUB5592087,36,12,19.92,0,0.132,0,,Very_Low,0 calls
SUB6093388,12,6,46.09,2,0.126,1,Relocation/Moving,Very_Low,1-2 calls
SUB7960145,18,12,48.48,1,0.052,0,,Very_Low,1-2 calls
SUB7015948,24,1,116.41,3,0.118,1,Better Competitor Offer,Very_Low,3-4 calls
SUB4479664,6,6,113.91,1,0.079,0,,Very_Low,1-2 calls
SUB5645289,6,12,11.38,1,0.41,0,,Medium,1-2 calls
SUB9893518,18,1,5.47,3,0.287,0,,Low,3-4 calls
SUB3029341,60,12,22.62,1,0.079,0,,Very_Low,1-2 calls
SUB4017465,12,12,22.96,2,0.284,0,,Low,1-2 calls
SUB3402114,36,3,39.15,2,0.096,0,,Very_Low,1-2 calls
SUB2769617,12,12,79.48,1,0.115,1,Better Competitor Offer,Very_Low,1-2 calls
SUB3848039,60,6,12.93,3,0.236,1,Price Too High,Low,3-4 calls
SUB6369337,24,6,64.22,2,0.11,0,,Very_Low,1-2 calls
SUB1880432,36,6,45.86,3,0.205,1,Relocation/Moving,Low,3-4 calls
SUB9855603,18,24,81.72,4,0.133,0,,Very_Low,3-4 calls
SUB7227740,36,6,82.87,0,0.041,0,,Very_Low,0 calls
SUB8857997,18,12,76.29,0,0.088,0,,Very_Low,0 calls
SUB8140782,18,1,5.94,6,0.42,0,,Medium,5+ calls
SUB5884299,36,3,74.4,4,0.279,0,,Low,3-4 calls
SUB4939625,1,6,12.09,0,0.504,1,Relocation/Moving,Medium,0 calls
SUB2629618,12,6,86.35,1,0.149,1,Better Competitor Offer,Very_Low,1-2 calls
SUB4374775,36,6,14.49,1,0.22,0,,Low,1-2 calls
SUB6983359,3,12,5.72,1,0.294,0,,Low,1-2 calls
SUB8694867,60,12,11.03,2,0.105,0,,Very_Low,1-2 calls
SUB3568101,24,12,8.94,0,0.168,0,,Very_Low,0 calls
SUB2297776,24,24,17.67,4,0.461,0,,Medium,3-4 calls
SUB8646638,18,3,91.97,1,0.068,0,,Very_Low,1-2 calls
SUB6697478,12,24,25.65,2,0.246,1,Network Quality Issues,Low,1-2 calls
SUB4702590,12,24,70.82,1,0.164,0,,Very_Low,1-2 calls
SUB6447483,36,3,13.22,1,0.22,0,,Low,1-2 calls
SUB9018205,3,12,42.72,3,0.614,0,,High,3-4 calls
SUB5928476,12,3,10.99,0,0.262,0,,Low,0 calls
SUB4886613,6,24,7.52,0,0.328,1,Price Too High,Low,0 calls
SUB5010442,60,6,8.13,0,0.126,0,,Very_Low,0 calls
SUB4304860,1,3,27.94,2,0.41,1,Network Quality Issues,Medium,1-2 calls
SUB9722856,1,12,11.88,3,0.95,1,Price Too High,Very_High,3-4 calls
SUB9096297,60,12,109.46,0,0.027,0,,Very_Low,0 calls
SUB6720673,12,12,17.46,6,0.639,1,Network Quality Issues,High,5+ calls
SUB1661440,3,3,77.24,3,0.22,0,,Low,3-4 calls
SUB2193502,12,12,114.67,3,0.142,0,,Very_Low,3-4 calls
SUB8014511,6,24,73.48,2,0.165,1,Better Competitor Offer,Very_Low,1-2 calls
SUB9022417,48,24,88.73,0,0.027,0,,Very_Low,0 calls
SUB4329782,18,12,10.46,1,0.273,0,,Low,1-2 calls
SUB7856825,3,24,82.75,0,0.199,0,,Very_Low,0 calls
SUB6116176,12,24,26.04,1,0.246,0,,Low,1-2 calls
SUB1381325,3,1,42.74,2,0.147,0,,Very_Low,1-2 calls
SUB1963544,18,6,37.34,2,0.157,0,,Very_Low,1-2 calls
SUB3426062,24,3,86.32,1,0.048,1,Relocation/Moving,Very_Low,1-2 calls
SUB9209517,18,6,86.81,2,0.068,0,,Very_Low,1-2 calls
SUB8495095,60,24,12.16,2,0.33,0,,Low,1-2 calls
SUB7030613,48,24,26.3,1,0.039,0,,Very_Low,1-2 calls
SUB9994359,3,24,70.11,6,0.206,0,,Low,5+ calls
SUB9862264,1,3,68.87,3,0.11,0,,Very_Low,3-4 calls
SUB1958379,18,24,11.34,1,0.315,0,,Low,1-2 calls
SUB6268961,12,24,23.93,3,0.425,0,,Medium,3-4 calls
SUB5027187,6,12,77.05,1,0.143,0,,Very_Low,1-2 calls
SUB6888852,48,12,70.95,1,0.037,1,Better Competitor Offer,Very_Low,1-2 calls
SUB8138780,60,24,17.18,2,0.118,0,,Very_Low,1-2 calls
SUB7326981,48,24,59.73,3,0.039,0,,Very_Low,3-4 calls
SUB1006464,12,1,35.09,1,0.213,0,,Low,1-2 calls
SUB4725530,24,3,96.55,2,0.19,0,,Very_Low,1-2 calls
SUB2161140,3,24,37.0,2,0.21,0,,Low,1-2 calls
SUB4613163,60,6,19.28,2,0.079,0,,Very_Low,1-2 calls
SUB7485671,6,1,90.86,1,0.154,1,Better Competitor Offer,Very_Low,1-2 calls
SUB6790233,3,6,11.11,3,0.315,0,,Low,3-4 calls
SUB1265039,1,12,101.55,2,0.136,0,,Very_Low,1-2 calls
SUB3076259,18,6,58.87,4,0.165,0,,Very_Low,3-4 calls
SUB6161545,48,12,112.7,1,0.018,0,,Very_Low,1-2 calls
SUB7324758,3,12,29.16,5,0.315,0,,Low,5+ calls
SUB2396102,3,6,65.33,2,0.103,0,,Very_Low,1-2 calls
SUB1004011,6,24,61.92,5,0.154,0,,Very_Low,5+ calls
SUB2964724,18,24,61.7,0,0.059,0,,Very_Low,0 calls
SUB9821549,12,24,15.97,2,0.094,1,Network Quality Issues,Very_Low,1-2 calls
SUB3708685,1,12,29.67,1,0.472,1,Price Too High,Medium,1-2 calls
SUB7814285,12,12,47.9,2,0.088,0,,Very_Low,1-2 calls
SUB1603151,1,6,19.73,4,0.614,1,Price Too High,High,3-4 calls
SUB8372801,36,6,87.08,1,0.1,1,Better Competitor Offer,Very_Low,1-2 calls
SUB8364732,3,24,27.45,3,0.614,1,Price Too High,High,3-4 calls
SUB9111184,12,12,106.38,1,0.082,0,,Very_Low,1-2 calls
SUB8285387,12,6,29.01,3,0.283,0,,Low,3-4 calls
SUB6102367,12,24,6.91,3,0.567,0,,Medium,3-4 calls
SUB5500328,18,6,8.7,3,0.22,0,,Low,3-4 calls
SUB5308307,24,6,49.21,2,0.157,0,,Very_Low,1-2 calls
SUB5444910,1,1,32.24,1,0.273,0,,Low,1-2 calls
SUB1731636,1,12,36.16,1,0.147,0,,Very_Low,1-2 calls
SUB7481093,18,12,74.62,3,0.11,0,,Very_Low,3-4 calls
SUB1686290,3,6,15.05,2,0.532,0,,Medium,1-2 calls
SUB8553925,36,1,85.58,1,0.102,0,,Very_Low,1-2 calls
SUB4216662,18,3,117.82,2,0.052,0,,Very_Low,1-2 calls
SUB7871574,60,3,10.75,2,0.052,0,,Very_Low,1-2 calls
SUB3364825,24,24,89.28,2,0.098,0,,Very_Low,1-2 calls
SUB3180139,1,6,76.25,2,0.147,0,,Very_Low,1-2 calls
SUB4719194,3,12,49.78,3,0.472,0,,Medium,3-4 calls
SUB4283737,1,6,35.16,0,0.252,0,,Low,0 calls
SUB2432672,24,6,64.39,1,0.11,0,,Very_Low,1-2 calls
SUB1564174,3,24,90.19,1,0.136,0,,Very_Low,1-2 calls
SUB2622563,18,12,48.61,2,0.205,0,,Low,1-2 calls
SUB6857846,18,3,9.09,2,0.315,0,,Low,1-2 calls
SUB7841023,18,12,48.05,0,0.156,0,,Very_Low,0 calls
SUB3465596,12,12,6.31,0,0.341,1,Price Too High,Low,0 calls
SUB8718454,1,6,48.18,3,0.409,0,,Medium,3-4 calls
SUB5405113,6,1,51.18,3,0.118,0,,Very_Low,3-4 calls
SUB2413967,36,6,16.07,3,0.215,0,,Low,3-4 calls
SUB4387990,48,6,8.63,4,0.11,1,Price Too High,Very_Low,3-4 calls
SUB6066447,1,12,89.47,2,0.191,0,,Very_Low,1-2 calls
SUB8718221,60,24,26.36,1,0.19,0,,Very_Low,1-2 calls
SUB7856604,18,6,24.4,2,0.236,0,,Low,1-2 calls
SUB3619222,48,12,78.21,2,0.133,1,Network Quality Issues,Very_Low,1-2 calls
SUB2935772,12,12,107.48,1,0.082,0,,Very_Low,1-2 calls
SUB7398497,3,12,59.74,2,0.147,0,,Very_Low,1-2 calls
SUB5568672,6,12,33.62,1,0.102,0,,Very_Low,1-2 calls
SUB3422952,18,12,37.45,4,0.079,0,,Very_Low,3-4 calls
SUB4222018,24,24,10.78,1,0.315,1,Network Quality Issues,Low,1-2 calls
SUB8396665,1,24,59.18,1,0.158,0,,Very_Low,1-2 calls
SUB2861663,12,1,44.1,2,0.164,1,Network Quality Issues,Very_Low,1-2 calls
SUB6363998,1,1,101.5,5,0.191,0,,Very_Low,5+ calls
SUB1049768,36,12,106.41,7,0.215,0,,Low,5+ calls
SUB6167373,12,6,28.6,2,0.284,1,Network Quality Issues,Low,1-2 calls
SUB3263557,48,6,118.72,1,0.044,0,,Very_Low,1-2 calls
SUB3100326,1,6,95.04,0,0.059,0,,Very_Low,0 calls
SUB9506377,6,24,46.97,2,0.236,0,,Low,1-2 calls
SUB1297542,18,12,20.43,1,0.236,1,Price Too High,Low,1-2 calls
SUB3526297,6,6,83.0,2,0.055,0,,Very_Low,1-2 calls
SUB6628573,36,6,29.75,3,0.083,0,,Very_Low,3-4 calls
SUB9091363,60,24,49.24,2,0.079,0,,Very_Low,1-2 calls
SUB5961172,6,3,9.63,5,0.63,1,Network Quality Issues,High,5+ calls
SUB1928864,6,1,33.77,1,0.266,0,,Low,1-2 calls
SUB6908553,60,6,99.9,1,0.034,0,,Very_Low,1-2 calls
SUB7508526,6,24,23.86,1,0.307,0,,Low,1-2 calls
SUB9140594,18,24,71.15,2,0.096,0,,Very_Low,1-2 calls
SUB3466511,24,6,18.44,3,0.307,0,,Low,3-4 calls
SUB4295784,12,3,77.86,2,0.115,0,,Very_Low,1-2 calls
SUB7435389,12,12,64.0,2,0.149,0,,Very_Low,1-2 calls
SUB8422235,12,24,6.11,0,0.202,0,,Low,0 calls
SUB5134608,24,12,36.54,4,0.157,0,,Very_Low,3-4 calls
SUB8532351,6,12,100.99,2,0.102,0,,Very_Low,1-2 calls
SUB2248749,6,12,22.34,1,0.354,0,,Low,1-2 calls
SUB1676337,3,24,57.09,2,0.147,0,,Very_Low,1-2 calls
SUB3023553,24,12,78.02,3,0.215,1,Service Not Needed,Low,3-4 calls
SUB3096419,36,12,23.75,0,0.088,0,,Very_Low,0 calls
SUB8166065,3,6,106.88,2,0.105,1,Network Quality Issues,Very_Low,1-2 calls
SUB4742918,1,12,38.53,1,0.315,0,,Low,1-2 calls
SUB1544344,12,12,20.92,4,0.283,0,,Low,3-4 calls
SUB2187030,12,3,11.65,4,0.491,1,Price Too High,Medium,3-4 calls
SUB9208149,18,12,45.81,2,0.052,0,,Very_Low,1-2 calls
SUB9437247,1,1,84.8,5,0.294,0,,Low,5+ calls
SUB7730713,36,24,48.39,2,0.177,0,,Very_Low,1-2 calls
SUB9985290,18,1,87.74,2,0.096,0,,Very_Low,1-2 calls
SUB5524105,12,24,74.24,3,0.093,0,,Very_Low,3-4 calls
SUB2880164,6,24,29.09,3,0.461,0,,Medium,3-4 calls
SUB5376751,6,12,31.66,1,0.205,1,Network Quality Issues,Low,1-2 calls
SUB5869236,1,6,109.69,3,0.157,0,,Very_Low,3-4 calls
SUB1380069,24,3,96.92,1,0.037,0,,Very_Low,1-2 calls
SUB1110957,18,3,24.69,5,0.472,1,Price Too High,Medium,5+ calls
SUB5734071,60,3,60.76,4,0.102,0,,Very_Low,3-4 calls
SUB5313696,6,6,29.56,2,0.253,0,,Low,1-2 calls
SUB5854487,18,12,14.71,1,0.105,1,Network Quality Issues,Very_Low,1-2 calls
SUB3877668,48,6,68.62,0,0.029,0,,Very_Low,0 calls
SUB6444408,24,12,24.59,2,0.146,0,,Very_Low,1-2 calls
SUB2195344,1,12,7.68,1,0.42,0,,Medium,1-2 calls
SUB7606964,18,1,77.23,1,0.136,0,,Very_Low,1-2 calls
SUB1416561,12,1,91.64,1,0.063,0,,Very_Low,1-2 calls
SUB5245871,12,12,97.9,2,0.094,0,,Very_Low,1-2 calls
SUB9324436,18,3,44.6,4,0.205,0,,Low,3-4 calls
SUB8156406,12,12,36.12,0,0.187,0,,Very_Low,0 calls
SUB5801436,18,6,6.93,2,0.147,0,,Very_Low,1-2 calls
SUB7931344,1,12,67.13,1,0.147,0,,Very_Low,1-2 calls
SUB1624913,3,3,90.16,1,0.105,0,,Very_Low,1-2 calls
SUB3928339,6,24,90.36,1,0.102,0,,Very_Low,1-2 calls
SUB8373356,12,6,70.4,3,0.198,0,,Very_Low,3-4 calls
SUB9783376,3,12,10.8,2,0.546,1,Price Too High,Medium,1-2 calls
SUB5245576,36,1,18.05,8,0.331,0,,Low,5+ calls
SUB9637872,48,6,25.19,0,0.117,1,Price Too High,Very_Low,0 calls
SUB7979740,24,3,80.62,3,0.133,0,,Very_Low,3-4 calls
SUB9625146,48,6,8.38,1,0.136,0,,Very_Low,1-2 calls
SUB5709751,24,24,31.78,3,0.11,0,,Very_Low,3-4 calls
SUB4609134,12,3,14.35,1,0.176,0,,Very_Low,1-2 calls
SUB9542314,12,1,51.55,4,0.132,0,,Very_Low,3-4 calls
SUB7630604,3,1,83.13,1,0.191,0,,Very_Low,1-2 calls
SUB1827150,1,1,34.26,2,0.273,0,,Low,1-2 calls
SUB8453659,3,1,53.77,6,0.573,1,Network Quality Issues,Medium,5+ calls
SUB2786852,12,12,49.41,0,0.151,0,,Very_Low,0 calls
SUB7580470,3,1,9.95,3,0.945,1,Network Quality Issues,Very_High,3-4 calls
SUB8377426,60,3,28.14,0,0.094,0,,Very_Low,0 calls
SUB6032793,3,12,118.59,1,0.157,0,,Very_Low,1-2 calls
SUB6322675,36,6,29.6,3,0.322,0,,Low,3-4 calls
SUB9139480,24,1,10.71,2,0.315,1,Price Too High,Low,1-2 calls
SUB1042137,3,24,17.01,1,0.315,1,Price Too High,Low,1-2 calls
SUB1138925,24,12,16.26,2,0.079,0,,Very_Low,1-2 calls
SUB3633819,36,12,42.67,1,0.074,0,,Very_Low,1-2 calls
SUB6412319,36,24,37.76,1,0.143,0,,Very_Low,1-2 calls
SUB4294900,60,24,99.96,3,0.067,0,,Very_Low,3-4 calls
SUB1375233,48,1,89.44,2,0.026,0,,Very_Low,1-2 calls
SUB2957792,6,1,11.1,3,0.709,0,,High,3-4 calls
SUB6028427,6,12,81.37,1,0.11,0,,Very_Low,1-2 calls
SUB9612670,12,12,51.64,1,0.088,0,,Very_Low,1-2 calls
SUB1431978,12,3,100.56,1,0.032,0,,Very_Low,1-2 calls
SUB4502646,6,6,25.81,4,0.461,1,Price Too High,Medium,3-4 calls
SUB4891865,1,12,28.82,2,0.45,1,Relocation/Moving,Medium,1-2 calls
SUB6983943,18,12,62.24,2,0.074,0,,Very_Low,1-2 calls
SUB5150579,3,12,67.91,0,0.229,0,,Low,0 calls
SUB7986595,48,12,30.32,4,0.154,0,,Very_Low,3-4 calls
SUB2760143,6,3,12.41,2,0.41,0,,Medium,1-2 calls
SUB9614295,3,6,75.26,0,0.176,0,,Very_Low,0 calls
SUB6539004,3,1,11.72,2,0.63,0,,High,1-2 calls
SUB3242365,6,24,10.48,2,0.532,0,,Medium,1-2 calls
SUB3761856,18,24,28.04,2,0.158,0,,Very_Low,1-2 calls
SUB3071088,60,12,15.21,4,0.23,1,Network Quality Issues,Low,3-4 calls
SUB3113048,12,3,41.56,3,0.246,0,,Low,3-4 calls
SUB1029813,18,12,22.79,1,0.205,0,,Low,1-2 calls
SUB9079823,36,24,9.18,0,0.153,0,,Very_Low,0 calls
SUB4211407,6,24,7.25,1,0.472,1,Network Quality Issues,Medium,1-2 calls
SUB5860345,3,12,5.02,1,0.21,1,Price Too High,Low,1-2 calls
SUB6971143,12,6,18.98,3,0.283,0,,Low,3-4 calls
SUB7501211,6,12,29.54,1,0.307,0,,Low,1-2 calls
SUB9662149,36,6,15.23,0,0.132,0,,Very_Low,0 calls
SUB9296335,60,6,36.57,0,0.055,0,,Very_Low,0 calls
SUB7646854,18,24,15.33,2,0.11,0,,Very_Low,1-2 calls
SUB2615181,18,1,15.26,2,0.236,0,,Low,1-2 calls
SUB5034649,24,24,79.73,2,0.096,0,,Very_Low,1-2 calls
SUB2350816,12,6,42.55,5,0.378,0,,Low,5+ calls
SUB7767315,18,12,83.99,1,0.026,0,,Very_Low,1-2 calls
SUB6101118,1,6,34.07,1,0.315,0,,Low,1-2 calls
SUB3821058,12,12,81.39,2,0.057,1,Network Quality Issues,Very_Low,1-2 calls
SUB1458819,6,24,19.68,1,0.307,1,Network Quality Issues,Low,1-2 calls
SUB2208060,1,3,34.35,7,0.63,1,Poor Customer Service,High,5+ calls
SUB6353369,12,12,31.34,3,0.189,0,,Very_Low,3-4 calls
SUB1444874,6,6,81.18,0,0.094,1,Network Quality Issues,Very_Low,0 calls
SUB6685645,18,24,17.19,3,0.95,1,Price Too High,Very_High,3-4 calls
SUB4928683,12,12,109.64,2,0.082,0,,Very_Low,1-2 calls
SUB6001945,6,1,34.09,1,0.236,0,,Low,1-2 calls
SUB7922795,12,24,79.07,3,0.172,0,,Very_Low,3-4 calls
SUB3054048,12,24,115.21,3,0.184,0,,Very_Low,3-4 calls
SUB2063692,48,3,86.91,3,0.039,0,,Very_Low,3-4 calls
SUB5738637,12,24,75.99,0,0.119,1,Better Competitor Offer,Very_Low,0 calls
SUB5230013,1,6,22.72,0,0.491,0,,Medium,0 calls
SUB7072929,24,24,23.85,2,0.157,0,,Very_Low,1-2 calls
SUB5051939,60,6,23.06,2,0.079,0,,Very_Low,1-2 calls
SUB1869953,3,1,5.74,4,0.819,1,Relocation/Moving,Very_High,3-4 calls
SUB4098056,60,12,13.57,2,0.136,0,,Very_Low,1-2 calls
SUB1713806,18,24,34.72,2,0.157,0,,Very_Low,1-2 calls
SUB7999244,36,3,59.89,3,0.054,0,,Very_Low,3-4 calls
SUB5193616,12,12,11.72,1,0.426,0,,Medium,1-2 calls
SUB8084335,18,24,48.58,0,0.351,1,Service Not Needed,Low,0 calls
SUB4439187,36,6,21.66,1,0.1,0,,Very_Low,1-2 calls
SUB7423827,60,12,87.24,2,0.056,0,,Very_Low,1-2 calls
SUB7674106,3,12,7.97,4,0.819,1,Price Too High,Very_High,3-4 calls
SUB6216813,36,12,48.84,2,0.096,0,,Very_Low,1-2 calls
SUB1750774,18,24,99.03,2,0.136,0,,Very_Low,1-2 calls
SUB4357963,48,6,20.73,1,0.039,0,,Very_Low,1-2 calls
SUB8073575,6,12,54.95,2,0.205,0,,Low,1-2 calls
SUB1924993,6,12,97.83,0,0.082,0,,Very_Low,0 calls
SUB1353791,6,6,6.56,5,0.63,1,Relocation/Moving,High,5+ calls
SUB2384525,36,6,89.24,3,0.072,0,,Very_Low,3-4 calls
SUB4517778,12,24,67.53,2,0.149,0,,Very_Low,1-2 calls
SUB8719585,60,3,14.7,2,0.052,0,,Very_Low,1-2 calls
SUB1116220,6,6,25.78,4,0.532,0,,Medium,3-4 calls
SUB1221421,6,24,38.79,3,0.307,1,Relocation/Moving,Low,3-4 calls
SUB9737925,18,3,117.28,3,0.158,0,,Very_Low,3-4 calls
SUB5982732,6,24,13.76,3,0.675,1,Price Too High,High,3-4 calls
SUB4658997,3,6,89.01,2,0.287,0,,Low,1-2 calls
SUB7897012,12,12,28.45,1,0.369,0,,Low,1-2 calls
SUB2417191,6,6,58.53,1,0.143,0,,Very_Low,1-2 calls
SUB4347526,12,3,68.67,3,0.224,1,Network Quality Issues,Low,3-4 calls
SUB4477983,3,12,34.94,2,0.273,1,Network Quality Issues,Low,1-2 calls
SUB9109074,60,24,32.83,4,0.133,0,,Very_Low,3-4 calls
SUB1689925,24,24,118.5,3,0.039,0,,Very_Low,3-4 calls
SUB3681478,36,24,19.1,1,0.143,0,,Very_Low,1-2 calls
SUB3993220,6,12,56.12,3,0.279,0,,Low,3-4 calls
SUB3932878,36,1,11.56,2,0.191,0,,Very_Low,1-2 calls
SUB3830527,18,12,83.74,1,0.11,0,,Very_Low,1-2 calls
SUB7173049,1,12,81.46,5,0.441,0,,Medium,5+ calls
SUB7814276,3,1,20.92,1,0.157,0,,Very_Low,1-2 calls
SUB1822564,12,24,50.97,1,0.062,0,,Very_Low,1-2 calls
SUB9242184,12,12,47.66,4,0.283,0,,Low,3-4 calls
SUB6044316,24,6,104.73,3,0.118,0,,Very_Low,3-4 calls
SUB6658565,36,3,13.7,2,0.287,0,,Low,1-2 calls
SUB4471888,36,3,9.44,3,0.22,0,,Low,3-4 calls
SUB9256327,12,24,69.95,3,0.258,0,,Low,3-4 calls
SUB8537812,18,24,50.18,5,0.103,0,,Very_Low,5+ calls
SUB3548600,12,12,46.33,1,0.351,1,Relocation/Moving,Low,1-2 calls
SUB5943114,36,24,84.37,2,0.037,0,,Very_Low,1-2 calls
SUB6198245,36,3,64.85,4,0.054,0,,Very_Low,3-4 calls
SUB2985404,1,24,114.43,5,0.409,0,,Medium,5+ calls
SUB8741986,18,12,42.4,2,0.136,0,,Very_Low,1-2 calls
SUB7787702,12,24,21.54,1,0.284,0,,Low,1-2 calls
SUB3126861,24,12,19.4,3,0.236,1,Price Too High,Low,3-4 calls
SUB4779337,3,12,82.45,1,0.136,0,,Very_Low,1-2 calls
SUB3051723,18,3,27.56,0,0.126,0,,Very_Low,0 calls
SUB7289189,24,6,94.4,3,0.073,0,,Very_Low,3-4 calls
SUB2048939,1,6,67.91,1,0.191,0,,Very_Low,1-2 calls
SUB5689133,12,12,17.49,1,0.369,0,,Low,1-2 calls
SUB5178465,60,6,43.49,1,0.052,0,,Very_Low,1-2 calls
SUB9785064,6,24,35.99,1,0.11,0,,Very_Low,1-2 calls
SUB6708297,36,3,71.0,0,0.057,0,,Very_Low,0 calls
SUB1898704,18,12,12.31,2,0.409,1,Relocation/Moving,Medium,1-2 calls
SUB9563645,6,24,115.17,2,0.102,0,,Very_Low,1-2 calls
SUB6243762,36,12,39.81,3,0.143,0,,Very_Low,3-4 calls
SUB8753472,60,1,104.74,2,0.018,0,,Very_Low,1-2 calls
SUB9231691,24,6,34.04,4,0.205,0,,Low,3-4 calls
SUB2696609,1,6,25.07,4,0.799,1,Price Too High,High,3-4 calls
SUB4569769,1,6,33.99,1,0.273,0,,Low,1-2 calls
SUB4609684,12,12,64.92,3,0.198,0,,Very_Low,3-4 calls
SUB1028885,1,6,21.08,4,0.236,0,,Low,3-4 calls
SUB5590723,18,1,94.96,1,0.102,0,,Very_Low,1-2 calls
SUB3812753,1,24,33.07,3,0.315,0,,Low,3-4 calls
SUB5589764,60,6,108.64,3,0.039,0,,Very_Low,3-4 calls
SUB4129985,36,3,103.55,2,0.048,0,,Very_Low,1-2 calls
SUB2379339,24,24,78.85,4,0.143,0,,Very_Low,3-4 calls
SUB3118736,24,24,30.12,0,0.084,0,,Very_Low,0 calls
SUB9045409,36,12,42.25,5,0.191,0,,Very_Low,5+ calls
SUB1819973,12,6,81.7,3,0.172,0,,Very_Low,3-4 calls
SUB3650503,24,3,33.55,1,0.136,0,,Very_Low,1-2 calls
SUB2118844,6,12,51.31,4,0.116,0,,Very_Low,3-4 calls
SUB6701048,36,1,70.17,1,0.048,0,,Very_Low,1-2 calls
SUB4894142,18,6,44.48,2,0.195,0,,Very_Low,1-2 calls
SUB7462280,6,12,37.88,3,0.165,0,,Very_Low,3-4 calls
SUB8042049,24,12,9.63,3,0.41,0,,Medium,3-4 calls
SUB6638663,6,12,22.35,3,0.461,1,Price Too High,Medium,3-4 calls
SUB7226659,60,12,101.45,2,0.013,0,,Very_Low,1-2 calls
SUB3781652,18,3,77.68,2,0.124,0,,Very_Low,1-2 calls
SUB3091219,12,6,8.54,6,0.95,1,Network Quality Issues,Very_High,5+ calls
SUB5217635,18,12,85.96,2,0.038,0,,Very_Low,1-2 calls
SUB9836621,24,3,7.94,1,0.491,0,,Medium,1-2 calls
SUB3286319,24,24,49.56,0,0.109,0,,Very_Low,0 calls
SUB1931253,60,3,5.8,1,0.052,0,,Very_Low,1-2 calls
SUB2844053,3,1,88.7,2,0.659,1,Service Not Needed,High,1-2 calls
SUB1542955,12,12,114.58,1,0.117,0,,Very_Low,1-2 calls
SUB4307735,1,24,40.34,0,0.168,0,,Very_Low,0 calls
SUB5791126,1,3,24.72,0,0.328,1,Network Quality Issues,Low,0 calls
SUB9761753,3,3,31.8,3,0.409,0,,Medium,3-4 calls
SUB3053413,6,3,60.02,1,0.165,0,,Very_Low,1-2 calls
SUB7685941,18,12,21.58,0,0.351,0,,Low,0 calls
SUB2657387,36,12,17.72,0,0.149,0,,Very_Low,0 calls
SUB3791241,12,12,71.13,0,0.071,0,,Very_Low,0 calls
SUB9037821,18,1,19.43,2,0.236,0,,Low,1-2 calls
SUB2220985,3,3,13.55,1,0.21,0,,Low,1-2 calls
SUB9734352,24,3,35.81,1,0.105,0,,Very_Low,1-2 calls
SUB3604325,36,12,83.86,2,0.279,0,,Low,1-2 calls
SUB3761623,12,12,115.06,2,0.082,0,,Very_Low,1-2 calls
SUB2676850,3,12,14.53,4,0.573,1,Poor Customer Service,Medium,3-4 calls
SUB4783799,1,12,48.74,1,0.355,0,,Low,1-2 calls
SUB6709716,12,12,19.57,0,0.227,0,,Low,0 calls
SUB4886932,12,24,17.15,1,0.284,0,,Low,1-2 calls
SUB1432184,48,12,39.61,3,0.102,0,,Very_Low,3-4 calls
SUB3336806,1,12,13.0,2,0.71,1,Price Too High,High,1-2 calls
SUB8517201,3,12,19.26,2,0.315,0,,Low,1-2 calls
SUB3908087,3,12,84.64,3,0.158,0,,Very_Low,3-4 calls
SUB1658139,12,24,42.59,1,0.189,0,,Very_Low,1-2 calls
SUB3970424,6,12,107.69,3,0.118,0,,Very_Low,3-4 calls
SUB7592863,3,3,29.6,1,0.157,0,,Very_Low,1-2 calls
SUB9234955,12,12,48.05,5,0.18,1,Poor Customer Service,Very_Low,5+ calls
SUB7608687,1,12,26.47,1,0.157,0,,Very_Low,1-2 calls
SUB5105513,60,24,29.81,4,0.083,0,,Very_Low,3-4 calls
SUB7215241,36,3,103.57,2,0.037,0,,Very_Low,1-2 calls
SUB5317293,6,24,82.12,2,0.143,1,Better Competitor Offer,Very_Low,1-2 calls
SUB4061481,6,12,28.03,1,0.307,0,,Low,1-2 calls
SUB7053912,6,24,61.19,1,0.077,0,,Very_Low,1-2 calls
SUB9688458,48,12,116.35,2,0.049,0,,Very_Low,1-2 calls
SUB6604065,18,24,7.1,1,0.315,0,,Low,1-2 calls
SUB9429747,12,6,21.96,3,0.425,0,,Medium,3-4 calls
SUB1303446,12,3,19.18,2,0.132,0,,Very_Low,1-2 calls
SUB4371484,3,12,102.5,0,0.126,0,,Very_Low,0 calls
SUB2398558,60,6,7.94,1,0.136,1,Price Too High,Very_Low,1-2 calls
SUB3761158,48,24,19.15,4,0.154,0,,Very_Low,3-4 calls
SUB2717479,60,6,44.43,1,0.254,1,Relocation/Moving,Low,1-2 calls
SUB2045716,6,1,33.49,1,0.236,0,,Low,1-2 calls
SUB4823873,12,6,61.46,1,0.115,0,,Very_Low,1-2 calls
SUB3961937,12,12,29.24,5,0.639,1,Poor Customer Service,High,5+ calls
SUB4693793,12,1,41.92,3,0.135,0,,Very_Low,3-4 calls
SUB7115762,1,3,111.3,5,0.355,0,,Low,5+ calls
SUB3553589,36,1,26.24,3,0.165,0,,Very_Low,3-4 calls
SUB7197649,24,12,28.18,2,0.57,0,,Medium,1-2 calls
SUB2698413,12,3,75.4,4,0.172,0,,Very_Low,3-4 calls
SUB1137799,6,3,83.81,3,0.248,0,,Low,3-4 calls
SUB5960124,18,24,15.96,2,0.205,0,,Low,1-2 calls
SUB9570397,3,1,23.22,2,0.157,0,,Very_Low,1-2 calls
SUB4817780,60,12,89.73,2,0.048,0,,Very_Low,1-2 calls
SUB8895945,3,12,81.9,2,0.21,0,,Low,1-2 calls
SUB9151382,1,12,95.57,2,0.052,1,Network Quality Issues,Very_Low,1-2 calls
SUB5170163,18,1,81.38,3,0.077,0,,Very_Low,3-4 calls
SUB5628656,12,24,27.8,0,0.151,0,,Very_Low,0 calls
SUB7144138,24,6,81.23,3,0.11,0,,Very_Low,3-4 calls
SUB6882049,3,1,11.4,0,0.168,0,,Very_Low,0 calls
SUB6688505,6,12,81.33,4,0.077,0,,Very_Low,3-4 calls
SUB8687331,12,24,89.78,0,0.05,0,,Very_Low,0 calls
SUB5306080,12,6,32.87,2,0.126,0,,Very_Low,1-2 calls
SUB8073575,18,12,44.88,3,0.205,1,Relocation/Moving,Low,3-4 calls
SUB7805080,3,6,5.35,1,0.819,1,Network Quality Issues,Very_High,1-2 calls
SUB1212803,12,1,9.18,1,0.328,0,,Low,1-2 calls
SUB3255913,18,12,16.58,1,0.079,0,,Very_Low,1-2 calls
SUB9006546,36,24,72.67,2,0.036,0,,Very_Low,1-2 calls
SUB7789329,18,6,30.17,0,0.109,0,,Very_Low,0 calls
SUB5215645,12,1,27.17,1,0.456,1,Price Too High,Medium,1-2 calls
SUB7651154,24,12,83.0,2,0.096,0,,Very_Low,1-2 calls
SUB3870581,1,24,19.51,2,0.532,0,,Medium,1-2 calls
SUB8689935,18,12,61.99,3,0.11,0,,Very_Low,3-4 calls
SUB8015232,24,3,33.06,2,0.177,0,,Very_Low,1-2 calls
SUB9120459,1,12,49.74,0,0.252,0,,Low,0 calls
SUB6014049,24,6,20.07,1,0.205,0,,Low,1-2 calls
SUB7600500,24,1,84.88,1,0.079,1,Better Competitor Offer,Very_Low,1-2 calls
SUB1078840,1,24,12.31,3,0.315,0,,Low,3-4 calls
SUB6408647,6,12,6.65,1,0.41,1,Relocation/Moving,Medium,1-2 calls
SUB1161297,3,24,49.93,4,0.157,1,Network Quality Issues,Very_Low,3-4 calls
SUB2931375,12,12,116.76,3,0.142,1,Relocation/Moving,Very_Low,3-4 calls
SUB5243460,48,6,8.3,1,0.157,0,,Very_Low,1-2 calls
SUB3305433,18,6,80.61,3,0.11,0,,Very_Low,3-4 calls
SUB6926069,18,3,63.53,1,0.067,0,,Very_Low,1-2 calls
SUB5220242,3,6,43.4,3,0.45,1,Relocation/Moving,Medium,3-4 calls
SUB7739202,18,3,34.47,2,0.205,0,,Low,1-2 calls
SUB3087001,36,6,17.31,3,0.248,1,Network Quality Issues,Low,3-4 calls
SUB3681722,12,12,17.79,2,0.246,0,,Low,1-2 calls
SUB4455673,18,3,73.66,0,0.115,1,Better Competitor Offer,Very_Low,0 calls
SUB8605502,6,24,8.6,2,0.41,0,,Medium,1-2 calls
SUB9261195,6,12,40.88,3,0.236,1,Relocation/Moving,Low,3-4 calls
SUB2731530,3,3,17.47,1,0.472,1,Price Too High,Medium,1-2 calls
SUB6358699,6,3,32.82,1,0.236,0,,Low,1-2 calls
SUB7773329,6,3,31.2,2,0.236,0,,Low,1-2 calls
SUB9530508,18,24,99.41,4,0.056,0,,Very_Low,3-4 calls
SUB6552612,24,3,46.22,3,0.205,0,,Low,3-4 calls
SUB8089109,6,3,19.85,1,0.154,0,,Very_Low,1-2 calls
SUB7829313,3,3,10.38,1,0.546,0,,Medium,1-2 calls
SUB7212695,12,6,45.83,3,0.172,0,,Very_Low,3-4 calls
SUB5790287,24,12,30.24,1,0.157,0,,Very_Low,1-2 calls
SUB1253078,12,1,70.65,0,0.092,0,,Very_Low,0 calls
SUB1368893,48,3,37.92,1,0.037,0,,Very_Low,1-2 calls
SUB4101883,6,24,79.2,1,0.077,0,,Very_Low,1-2 calls
SUB6398856,24,12,103.53,1,0.037,0,,Very_Low,1-2 calls
SUB1715295,12,1,9.6,1,0.176,0,,Very_Low,1-2 calls
SUB2878798,3,12,81.21,2,0.409,0,,Medium,1-2 calls
SUB5000740,6,3,8.7,1,0.41,0,,Medium,1-2 calls
SUB2054212,36,24,16.63,1,0.266,0,,Low,1-2 calls
SUB3358730,1,6,39.74,2,0.21,1,Service Not Needed,Low,1-2 calls
SUB4485001,24,1,72.58,4,0.143,0,,Very_Low,3-4 calls
SUB3080563,24,12,28.42,1,0.112,0,,Very_Low,1-2 calls
SUB9672424,3,1,79.15,4,0.373,0,,Low,3-4 calls
SUB5715697,60,12,23.17,1,0.079,1,Price Too High,Very_Low,1-2 calls
SUB6243534,36,24,17.22,2,0.143,0,,Very_Low,1-2 calls
SUB8669510,3,6,25.0,4,0.614,1,Price Too High,High,3-4 calls
SUB1125851,6,6,86.81,0,0.088,0,,Very_Low,0 calls
SUB3650527,24,1,9.04,0,0.218,0,,Low,0 calls
SUB5861282,12,12,26.84,0,0.14,0,,Very_Low,0 calls
SUB1794878,48,1,27.82,2,0.112,0,,Very_Low,1-2 calls
SUB3053262,60,6,19.43,2,0.079,0,,Very_Low,1-2 calls
SUB2937135,6,24,12.7,2,0.22,0,,Low,1-2 calls
SUB9186565,1,1,14.29,5,0.84,0,,Very_High,5+ calls
SUB7449728,24,24,17.08,1,0.157,0,,Very_Low,1-2 calls
SUB9614787,48,12,40.35,2,0.079,1,Network Quality Issues,Very_Low,1-2 calls
SUB3072171,3,1,19.98,1,0.41,0,,Medium,1-2 calls
SUB6460388,60,3,58.06,4,0.055,0,,Very_Low,3-4 calls
SUB9381660,3,12,25.88,0,0.176,0,,Very_Low,0 calls
SUB5544340,1,12,19.65,1,0.41,0,,Medium,1-2 calls
SUB7112240,12,12,56.17,1,0.132,0,,Very_Low,1-2 calls
SUB2200346,24,12,38.34,1,0.195,0,,Very_Low,1-2 calls
SUB9873895,6,6,97.11,1,0.118,0,,Very_Low,1-2 calls
SUB7214294,6,1,15.9,2,0.236,0,,Low,1-2 calls
SUB2760399,3,12,80.86,1,0.191,0,,Very_Low,1-2 calls
SUB9684509,60,12,57.74,6,0.096,0,,Very_Low,5+ calls
SUB7136062,6,12,83.08,2,0.055,1,Relocation/Moving,Very_Low,1-2 calls
SUB7347572,18,3,95.3,0,0.055,1,Relocation/Moving,Very_Low,0 calls
SUB7435689,3,3,5.83,4,0.63,1,Poor Customer Service,High,3-4 calls
SUB5143403,12,24,12.04,5,0.756,1,Poor Customer Service,High,5+ calls
SUB3203531,24,24,68.86,3,0.143,0,,Very_Low,3-4 calls
SUB2069412,60,24,17.09,0,0.044,0,,Very_Low,0 calls
SUB5415743,3,6,76.8,3,0.43,1,Network Quality Issues,Medium,3-4 calls
SUB4303131,1,1,8.31,3,0.819,1,Price Too High,Very_High,3-4 calls
SUB7266376,60,6,73.16,3,0.072,0,,Very_Low,3-4 calls
SUB3953028,18,6,5.25,2,0.315,0,,Low,1-2 calls
SUB8490291,6,1,15.05,2,0.307,0,,Low,1-2 calls
SUB6385909,60,12,92.55,0,0.032,0,,Very_Low,0 calls
SUB1397595,12,3,14.57,2,0.234,0,,Low,1-2 calls
SUB7188343,6,1,18.23,0,0.189,0,,Very_Low,0 calls
SUB4793092,24,12,12.72,2,0.273,0,,Low,1-2 calls
SUB2731041,6,3,114.02,2,0.055,0,,Very_Low,1-2 calls
SUB8734125,6,12,66.75,6,0.43,1,Network Quality Issues,Medium,5+ calls
SUB7113100,12,1,62.02,1,0.115,0,,Very_Low,1-2 calls
SUB4590511,18,6,33.73,3,0.205,1,Network Quality Issues,Low,3-4 calls
SUB3417209,36,24,18.05,2,0.165,0,,Very_Low,1-2 calls
SUB1526925,6,12,13.56,1,0.22,0,,Low,1-2 calls
SUB7757450,6,24,18.25,1,0.461,0,,Medium,1-2 calls
SUB3925609,12,12,34.14,0,0.071,0,,Very_Low,0 calls
SUB1606752,1,12,83.9,2,0.191,0,,Very_Low,1-2 calls
SUB2339462,18,24,15.82,4,0.461,1,Service Not Needed,Medium,3-4 calls
SUB7827575,18,1,6.97,2,0.355,0,,Low,1-2 calls
SUB8687268,3,6,19.08,0,0.252,0,,Low,0 calls
SUB7117682,3,24,21.25,1,0.41,0,,Medium,1-2 calls
SUB8204425,36,3,7.78,3,0.373,0,,Low,3-4 calls
SUB6158570,18,12,5.4,1,0.315,0,,Low,1-2 calls
SUB5823416,12,12,12.96,4,0.189,0,,Very_Low,3-4 calls
SUB6210766,6,24,81.05,0,0.082,0,,Very_Low,0 calls
SUB2137317,6,24,22.7,0,0.369,1,Price Too High,Low,0 calls
SUB8358862,18,12,73.57,2,0.051,0,,Very_Low,1-2 calls
SUB6560068,3,12,21.94,1,0.41,0,,Medium,1-2 calls
SUB3957532,60,6,34.5,3,0.118,0,,Very_Low,3-4 calls
SUB3166354,18,3,11.31,1,0.355,1,Price Too High,Low,1-2 calls
SUB1299189,3,24,38.24,0,0.218,0,,Low,0 calls
SUB7508850,3,24,17.45,2,0.472,1,Relocation/Moving,Medium,1-2 calls
SUB2559049,18,6,9.84,5,0.546,0,,Medium,5+ calls
SUB7136821,12,6,114.58,1,0.123,0,,Very_Low,1-2 calls
SUB3374494,18,6,42.14,0,0.126,0,,Very_Low,0 calls
SUB1504655,24,6,28.8,0,0.164,0,,Very_Low,0 calls
SUB1236824,12,24,15.91,2,0.246,0,,Low,1-2 calls
SUB4149409,6,6,23.91,3,0.354,1,Price Too High,Low,3-4 calls
SUB5548003,18,24,57.77,1,0.037,0,,Very_Low,1-2 calls
SUB5025282,12,12,47.13,5,0.328,0,,Low,5+ calls
SUB5166289,36,24,7.31,4,0.43,1,Price Too High,Medium,3-4 calls
SUB1093246,24,12,8.87,0,0.218,0,,Low,0 calls
SUB6338744,18,6,32.58,2,0.157,0,,Very_Low,1-2 calls
SUB9597494,1,24,21.45,3,0.472,0,,Medium,3-4 calls
SUB3367713,60,3,44.06,0,0.063,0,,Very_Low,0 calls
SUB5063068,18,24,59.87,2,0.096,0,,Very_Low,1-2 calls
SUB3284798,6,1,77.48,1,0.143,0,,Very_Low,1-2 calls
SUB2532337,18,12,26.17,3,0.399,0,,Low,3-4 calls
SUB1783566,24,1,92.32,3,0.079,0,,Very_Low,3-4 calls
SUB8596713,12,3,11.4,8,0.95,1,Relocation/Moving,Very_High,5+ calls
SUB1779105,24,6,47.49,1,0.075,0,,Very_Low,1-2 calls
SUB8097065,12,3,99.14,0,0.066,0,,Very_Low,0 calls
SUB1220326,18,24,44.67,2,0.052,0,,Very_Low,1-2 calls
SUB5513552,12,12,46.97,5,0.328,1,Poor Customer Service,Low,5+ calls
SUB7637935,12,24,13.28,1,0.176,1,Price Too High,Very_Low,1-2 calls
SUB4522810,3,24,67.11,3,0.43,1,Network Quality Issues,Medium,3-4 calls
SUB6480354,18,12,16.99,2,0.157,0,,Very_Low,1-2 calls
SUB7575273,60,3,75.99,0,0.038,0,,Very_Low,0 calls
SUB5447321,24,12,11.31,3,0.532,0,,Medium,3-4 calls
SUB1651824,6,12,10.58,1,0.315,0,,Low,1-2 calls
SUB3906405,36,3,24.77,2,0.11,0,,Very_Low,1-2 calls
SUB6866645,36,6,22.96,1,0.11,0,,Very_Low,1-2 calls
SUB9069552,3,12,118.33,2,0.157,0,,Very_Low,1-2 calls
SUB5569146,1,6,83.83,3,0.439,1,Relocation/Moving,Medium,3-4 calls
SUB3470856,18,3,41.2,4,0.157,0,,Very_Low,3-4 calls
SUB4139782,12,6,8.85,3,0.737,1,Price Too High,High,3-4 calls
SUB2650224,24,3,28.0,1,0.38,0,,Low,1-2 calls
SUB2348055,6,24,41.24,5,0.878,1,Network Quality Issues,Very_High,5+ calls
SUB6095670,12,12,8.9,1,0.378,0,,Low,1-2 calls
SUB3230653,6,6,70.86,2,0.143,1,Network Quality Issues,Very_Low,1-2 calls
SUB1584942,6,24,10.73,3,0.472,0,,Medium,3-4 calls
SUB5563870,1,6,76.37,0,0.059,0,,Very_Low,0 calls
SUB2420654,12,12,52.13,0,0.092,0,,Very_Low,0 calls
SUB9355425,12,12,39.69,2,0.117,1,Network Quality Issues,Very_Low,1-2 calls
SUB6869494,6,1,54.03,3,0.165,0,,Very_Low,3-4 calls
SUB9737456,12,6,70.22,3,0.094,0,,Very_Low,3-4 calls
SUB2481177,12,1,53.86,2,0.062,0,,Very_Low,1-2 calls
SUB1166991,12,3,22.04,0,0.151,0,,Very_Low,0 calls
SUB5291256,1,12,22.44,1,0.41,1,Network Quality Issues,Medium,1-2 calls
SUB4992942,1,6,94.83,3,0.307,0,,Low,3-4 calls
SUB5660110,3,1,36.34,2,0.315,0,,Low,1-2 calls
SUB6914063,3,12,77.98,3,0.236,0,,Low,3-4 calls
SUB9491485,12,24,37.24,2,0.09,0,,Very_Low,1-2 calls
SUB8998883,36,12,5.2,2,0.191,1,Price Too High,Very_Low,1-2 calls
SUB8961813,12,24,102.32,2,0.044,0,,Very_Low,1-2 calls
SUB7962544,18,24,6.12,1,0.136,0,,Very_Low,1-2 calls
SUB6118805,1,12,97.57,2,0.136,0,,Very_Low,1-2 calls
SUB2545329,36,12,24.09,0,0.115,0,,Very_Low,0 calls
SUB4072753,3,6,19.26,4,0.799,0,,High,3-4 calls
SUB1391670,6,12,16.62,1,0.307,0,,Low,1-2 calls
SUB5626043,24,24,99.59,0,0.082,0,,Very_Low,0 calls
SUB8627339,6,12,117.18,1,0.19,0,,Very_Low,1-2 calls
SUB2350339,6,6,58.35,3,0.461,0,,Medium,3-4 calls
SUB4734942,18,24,21.16,2,0.205,0,,Low,1-2 calls
SUB9429241,48,24,11.81,3,0.11,0,,Very_Low,3-4 calls
SUB4850404,3,1,64.11,0,0.153,0,,Very_Low,0 calls
SUB8792590,18,12,15.16,1,0.307,1,Price Too High,Low,1-2 calls
SUB3821105,18,24,81.29,2,0.11,0,,Very_Low,1-2 calls
SUB1926109,18,6,88.42,6,0.147,0,,Very_Low,5+ calls
SUB8659564,48,3,20.8,2,0.118,0,,Very_Low,1-2 calls
SUB6455249,3,12,72.89,1,0.191,1,Network Quality Issues,Very_Low,1-2 calls
SUB1708669,18,1,64.59,2,0.096,0,,Very_Low,1-2 calls
SUB7318499,3,12,85.57,0,0.117,0,,Very_Low,0 calls
SUB5227939,6,3,48.11,1,0.157,0,,Very_Low,1-2 calls
SUB3307539,12,6,53.8,0,0.106,0,,Very_Low,0 calls
SUB3596882,36,24,38.49,1,0.177,0,,Very_Low,1-2 calls
SUB4947526,1,12,6.92,1,0.294,1,Price Too High,Low,1-2 calls
SUB8433976,24,1,5.55,1,0.21,0,,Low,1-2 calls
SUB5650100,48,12,10.55,0,0.059,0,,Very_Low,0 calls
SUB3998851,1,6,10.67,1,0.546,1,Price Too High,Medium,1-2 calls
SUB4661306,24,24,13.6,2,0.147,0,,Very_Low,1-2 calls
SUB1997057,3,3,92.04,0,0.164,0,,Very_Low,0 calls
SUB4674153,60,6,43.12,2,0.098,0,,Very_Low,1-2 calls
SUB5748584,24,6,21.1,3,0.307,0,,Low,3-4 calls
SUB8303398,18,12,17.24,1,0.205,1,Price Too High,Low,1-2 calls
SUB3212292,18,3,38.82,4,0.157,1,Poor Customer Service,Very_Low,3-4 calls
SUB5370297,48,24,8.82,1,0.074,0,,Very_Low,1-2 calls
SUB4618313,3,12,15.87,4,0.614,1,Price Too High,High,3-4 calls
SUB2384410,3,24,111.02,4,0.337,1,Better Competitor Offer,Low,3-4 calls
SUB9674708,36,12,75.84,0,0.054,0,,Very_Low,0 calls
SUB8330395,12,3,33.0,2,0.164,0,,Very_Low,1-2 calls
SUB3048880,36,1,45.76,3,0.143,0,,Very_Low,3-4 calls
SUB3469606,12,6,26.89,5,0.491,1,Relocation/Moving,Medium,5+ calls
SUB4039316,12,24,38.74,2,0.304,0,,Low,1-2 calls
SUB2045533,6,24,35.66,2,0.11,0,,Very_Low,1-2 calls
SUB2285844,60,24,50.46,2,0.055,0,,Very_Low,1-2 calls
SUB5673584,12,12,11.68,1,0.328,0,,Low,1-2 calls
SUB1787600,24,1,88.59,2,0.11,0,,Very_Low,1-2 calls
SUB5501572,18,1,24.04,2,0.157,0,,Very_Low,1-2 calls
SUB7961848,6,24,46.57,3,0.337,0,,Low,3-4 calls
SUB6557821,48,3,43.53,1,0.068,0,,Very_Low,1-2 calls
SUB2485619,12,1,38.19,1,0.164,0,,Very_Low,1-2 calls
SUB2838524,36,12,30.56,2,0.143,0,,Very_Low,1-2 calls
SUB1122026,36,1,7.78,0,0.153,0,,Very_Low,0 calls
SUB6122194,1,12,29.51,2,0.439,0,,Medium,1-2 calls
SUB1735053,18,3,19.12,1,0.157,0,,Very_Low,1-2 calls
SUB1562167,24,6,9.69,1,0.315,1,Price Too High,Low,1-2 calls
SUB9700349,48,3,5.11,2,0.246,0,,Low,1-2 calls
SUB2658800,12,12,43.14,2,0.164,0,,Very_Low,1-2 calls
SUB2807737,24,6,13.83,3,0.614,1,Relocation/Moving,High,3-4 calls
SUB4751531,60,3,9.98,3,0.11,0,,Very_Low,3-4 calls
SUB8919710,36,1,35.93,5,0.614,0,,High,5+ calls
SUB4031301,36,24,113.69,1,0.068,0,,Very_Low,1-2 calls
SUB1144454,12,12,89.67,1,0.115,0,,Very_Low,1-2 calls
SUB8681556,1,12,110.24,2,0.292,0,,Low,1-2 calls
SUB1254043,60,12,38.74,5,0.136,0,,Very_Low,5+ calls
SUB5837502,18,6,15.72,3,0.307,0,,Low,3-4 calls
SUB5814647,3,12,82.89,4,0.22,0,,Low,3-4 calls
SUB6631213,60,24,25.77,3,0.059,0,,Very_Low,3-4 calls
SUB5924374,24,1,11.22,3,0.22,0,,Low,3-4 calls
SUB2845733,1,24,22.15,2,0.315,0,,Low,1-2 calls
SUB6800629,3,12,15.93,3,0.307,1,Price Too High,Low,3-4 calls
SUB8905435,36,6,62.47,1,0.067,0,,Very_Low,1-2 calls
SUB5304388,60,6,48.05,1,0.079,0,,Very_Low,1-2 calls
SUB8321105,6,24,5.22,1,0.472,1,Network Quality Issues,Medium,1-2 calls
SUB1473006,12,12,114.15,1,0.176,0,,Very_Low,1-2 calls
SUB6584581,12,1,36.04,1,0.189,1,Service Not Needed,Very_Low,1-2 calls
SUB8149148,36,12,34.18,1,0.074,0,,Very_Low,1-2 calls
SUB9462176,12,24,106.03,4,0.068,0,,Very_Low,3-4 calls
SUB8256300,12,12,12.91,2,0.252,0,,Low,1-2 calls
SUB2197442,18,24,52.91,3,0.692,1,Network Quality Issues,High,3-4 calls
SUB2199529,12,12,22.89,0,0.227,0,,Low,0 calls
SUB2790228,12,12,64.52,0,0.131,0,,Very_Low,0 calls
SUB8052514,12,12,89.56,1,0.094,0,,Very_Low,1-2 calls
SUB3323176,12,12,34.67,5,0.328,1,Relocation/Moving,Low,5+ calls
SUB9860286,1,12,12.76,1,0.546,1,Relocation/Moving,Medium,1-2 calls
SUB7017004,48,12,10.74,4,0.205,1,Poor Customer Service,Low,3-4 calls
SUB5208694,1,24,26.79,1,0.878,1,Service Not Needed,Very_High,1-2 calls
SUB1497619,24,6,82.41,3,0.165,1,Better Competitor Offer,Very_Low,3-4 calls
SUB1218547,6,24,20.99,3,0.38,0,,Low,3-4 calls
SUB9940203,3,12,18.78,2,0.41,0,,Medium,1-2 calls
SUB5421740,18,24,56.75,1,0.074,0,,Very_Low,1-2 calls
SUB8364534,24,12,8.76,2,0.21,0,,Low,1-2 calls
SUB9353135,18,24,76.46,3,0.11,0,,Very_Low,3-4 calls
SUB4858804,18,6,20.0,2,0.079,0,,Very_Low,1-2 calls
SUB3325452,12,1,7.05,3,0.737,1,Price Too High,High,3-4 calls
SUB6212360,12,12,5.36,2,0.378,0,,Low,1-2 calls
SUB1928252,36,12,113.41,2,0.055,0,,Very_Low,1-2 calls
SUB9975681,1,12,39.64,1,0.21,1,Network Quality Issues,Low,1-2 calls
SUB1600338,3,12,20.74,6,0.315,1,Network Quality Issues,Low,5+ calls
SUB1074231,24,1,37.51,3,0.205,0,,Low,3-4 calls
SUB7365062,6,24,65.55,2,0.11,0,,Very_Low,1-2 calls
SUB6546686,24,3,27.98,2,0.236,1,Network Quality Issues,Low,1-2 calls
SUB4526185,6,6,82.01,1,0.165,0,,Very_Low,1-2 calls
SUB5145466,48,6,22.21,2,0.102,1,Network Quality Issues,Very_Low,1-2 calls
SUB3593050,6,24,11.88,4,0.709,1,Relocation/Moving,High,3-4 calls
SUB4113534,12,12,41.31,3,0.246,0,,Low,3-4 calls
SUB4600957,3,12,14.64,1,0.42,0,,Medium,1-2 calls
SUB7453859,18,1,112.99,3,0.055,1,Relocation/Moving,Very_Low,3-4 calls
SUB9905808,12,6,13.8,0,0.262,0,,Low,0 calls
SUB6124524,48,6,75.01,1,0.037,0,,Very_Low,1-2 calls
SUB5377987,1,1,29.98,1,0.41,0,,Medium,1-2 calls
SUB4839973,12,12,87.08,0,0.106,1,Relocation/Moving,Very_Low,0 calls
SUB2363864,1,3,14.71,1,0.42,1,Price Too High,Medium,1-2 calls
SUB8536324,6,24,105.67,2,0.118,0,,Very_Low,1-2 calls
SUB6421251,12,24,13.79,3,0.95,1,Relocation/Moving,Very_High,3-4 calls
SUB8228119,6,12,72.01,2,0.143,0,,Very_Low,1-2 calls
SUB2960220,6,6,36.54,0,0.088,0,,Very_Low,0 calls
SUB4000264,6,1,22.3,1,0.461,0,,Medium,1-2 calls
SUB4514674,6,12,21.04,2,0.354,1,Network Quality Issues,Low,1-2 calls
SUB4073961,6,12,66.14,4,0.461,0,,Medium,3-4 calls
SUB9606776,36,12,14.15,0,0.284,0,,Low,0 calls
SUB1148178,1,6,87.59,1,0.147,0,,Very_Low,1-2 calls
SUB9446731,60,1,29.17,2,0.118,1,Network Quality Issues,Very_Low,1-2 calls
SUB3208977,6,1,93.3,4,0.23,0,,Low,3-4 calls
SUB2217309,1,1,31.02,1,0.147,0,,Very_Low,1-2 calls
SUB4370698,3,3,5.51,1,0.42,1,Relocation/Moving,Medium,1-2 calls
SUB9344854,48,1,23.86,5,0.266,0,,Low,5+ calls
SUB8315664,60,3,7.93,2,0.136,0,,Very_Low,1-2 calls
SUB6132928,6,12,17.12,3,0.461,1,Network Quality Issues,Medium,3-4 calls
SUB7874399,6,3,26.23,7,0.921,1,Poor Customer Service,Very_High,5+ calls
SUB6860616,36,12,97.22,0,0.057,0,,Very_Low,0 calls
SUB3275598,48,6,54.82,1,0.068,0,,Very_Low,1-2 calls
SUB5892571,18,12,12.43,0,0.284,1,Price Too High,Low,0 calls
SUB5491260,48,3,43.12,3,0.118,0,,Very_Low,3-4 calls
SUB9779116,60,1,21.14,2,0.102,0,,Very_Low,1-2 calls
SUB6948491,24,1,23.18,0,0.246,0,,Low,0 calls
SUB1036160,6,24,8.06,3,0.236,0,,Low,3-4 calls
SUB1019156,3,12,84.56,0,0.176,1,Relocation/Moving,Very_Low,0 calls
SUB8416240,12,12,104.95,1,0.044,0,,Very_Low,1-2 calls
SUB3570348,6,24,28.79,3,0.461,0,,Medium,3-4 calls
SUB3562688,3,12,28.31,4,0.331,1,Relocation/Moving,Low,3-4 calls
SUB7964745,12,1,20.83,1,0.319,0,,Low,1-2 calls
SUB6474106,12,6,109.69,1,0.032,0,,Very_Low,1-2 calls
SUB8795807,18,24,8.47,1,0.409,0,,Medium,1-2 calls
SUB5914005,6,12,34.15,0,0.126,0,,Very_Low,0 calls
SUB1881809,36,3,110.53,1,0.079,0,,Very_Low,1-2 calls
SUB5499311,3,24,14.99,1,0.71,0,,High,1-2 calls
SUB7356895,60,12,32.05,3,0.102,0,,Very_Low,3-4 calls
SUB4808282,18,12,9.71,4,0.409,1,Price Too High,Medium,3-4 calls
SUB1645649,3,12,85.38,2,0.191,0,,Very_Low,1-2 calls
SUB9601594,36,6,28.01,3,0.248,0,,Low,3-4 calls
SUB7125488,6,12,95.52,3,0.154,0,,Very_Low,3-4 calls
SUB9418385,3,24,85.1,3,0.205,0,,Low,3-4 calls
SUB4402155,3,6,70.15,2,0.22,0,,Low,1-2 calls
SUB4827271,18,1,42.08,2,0.195,0,,Very_Low,1-2 calls
SUB5614965,36,12,52.98,1,0.026,0,,Very_Low,1-2 calls
SUB1198110,36,1,5.22,0,0.082,0,,Very_Low,0 calls
SUB5079430,24,6,21.5,0,0.088,0,,Very_Low,0 calls
SUB9803235,18,12,11.33,1,0.315,0,,Low,1-2 calls
SUB4732517,12,6,41.87,0,0.05,0,,Very_Low,0 calls
SUB4291066,12,3,59.27,1,0.149,0,,Very_Low,1-2 calls
SUB8764461,1,1,84.43,2,0.205,1,Better Competitor Offer,Low,1-2 calls
SUB9119550,36,3,74.47,1,0.036,0,,Very_Low,1-2 calls
SUB9336562,60,6,52.89,2,0.055,0,,Very_Low,1-2 calls
SUB5753954,48,3,98.64,2,0.044,0,,Very_Low,1-2 calls
SUB7605188,48,12,112.52,3,0.059,0,,Very_Low,3-4 calls
SUB2699547,6,12,36.74,3,0.307,1,Network Quality Issues,Low,3-4 calls
SUB5400131,1,12,8.95,2,0.42,0,,Medium,1-2 calls
SUB7494374,36,3,30.02,1,0.096,0,,Very_Low,1-2 calls
SUB8638483,24,12,43.51,1,0.157,1,Network Quality Issues,Very_Low,1-2 calls
SUB9731032,12,6,47.19,1,0.164,0,,Very_Low,1-2 calls
SUB3940107,36,6,96.53,0,0.038,0,,Very_Low,0 calls
SUB3050241,3,6,88.83,1,0.177,0,,Very_Low,1-2 calls
SUB5934349,18,6,25.08,0,0.082,1,Price Too High,Very_Low,0 calls
SUB2156245,60,12,12.91,2,0.136,0,,Very_Low,1-2 calls
SUB5926622,48,12,16.37,0,0.044,0,,Very_Low,0 calls
SUB1158998,24,12,9.98,9,0.945,1,Price Too High,Very_High,5+ calls
SUB4762853,6,24,16.19,1,0.307,0,,Low,1-2 calls
SUB5050230,3,24,98.42,3,0.236,0,,Low,3-4 calls
SUB7184398,6,3,29.48,1,0.307,0,,Low,1-2 calls
SUB9206336,18,12,49.94,1,0.157,1,Relocation/Moving,Very_Low,1-2 calls
SUB6170310,6,3,7.46,2,0.41,0,,Medium,1-2 calls
SUB5461918,12,12,44.53,0,0.131,0,,Very_Low,0 calls
SUB2808516,12,12,98.19,5,0.189,0,,Very_Low,5+ calls
SUB1956011,6,1,60.04,1,0.143,0,,Very_Low,1-2 calls
SUB4657905,48,1,9.61,0,0.055,0,,Very_Low,0 calls
SUB4761509,6,1,93.26,4,0.177,0,,Very_Low,3-4 calls
SUB5110993,60,6,21.4,2,0.079,0,,Very_Low,1-2 calls
SUB9681921,3,12,84.46,1,0.147,0,,Very_Low,1-2 calls
SUB2717355,36,6,7.5,3,0.287,0,,Low,3-4 calls
SUB6048336,24,12,71.25,1,0.074,0,,Very_Low,1-2 calls
SUB7848829,18,12,6.56,0,0.109,0,,Very_Low,0 calls
SUB5900318,12,1,34.19,2,0.164,0,,Very_Low,1-2 calls
SUB8970043,24,3,31.81,0,0.109,0,,Very_Low,0 calls
SUB9521722,12,24,19.13,2,0.189,0,,Very_Low,1-2 calls
SUB5685942,3,6,109.87,3,0.205,1,Network Quality Issues,Low,3-4 calls
SUB7849221,6,6,14.34,1,0.41,0,,Medium,1-2 calls
SUB6583161,3,12,106.1,1,0.052,0,,Very_Low,1-2 calls
SUB4968178,18,1,27.58,3,0.307,0,,Low,3-4 calls
SUB1139133,18,24,50.49,2,0.11,0,,Very_Low,1-2 calls
SUB4809697,6,12,50.91,2,0.165,0,,Very_Low,1-2 calls
SUB8637547,1,1,12.31,0,0.24,0,,Low,0 calls
SUB1270001,18,1,18.02,0,0.189,0,,Very_Low,0 calls
SUB5617631,1,1,49.51,3,0.315,0,,Low,3-4 calls
SUB2399298,60,3,68.69,2,0.072,0,,Very_Low,1-2 calls
SUB5147413,36,6,119.71,3,0.083,0,,Very_Low,3-4 calls
SUB6857109,36,3,9.31,4,0.43,0,,Medium,3-4 calls
SUB1782409,6,3,15.82,1,0.307,0,,Low,1-2 calls
SUB8876146,24,12,65.95,2,0.11,0,,Very_Low,1-2 calls
SUB1713391,1,1,39.7,0,0.168,0,,Very_Low,0 calls
SUB6755536,1,3,96.78,3,0.205,1,Network Quality Issues,Low,3-4 calls
SUB1337164,12,12,7.93,3,0.491,1,Relocation/Moving,Medium,3-4 calls
SUB8869815,18,12,19.61,2,0.157,0,,Very_Low,1-2 calls
SUB3763779,24,24,54.22,1,0.124,0,,Very_Low,1-2 calls
SUB3858214,6,12,22.2,2,0.741,0,,High,1-2 calls
SUB3234967,12,1,83.39,3,0.172,0,,Very_Low,3-4 calls
SUB3020880,1,12,11.56,1,0.546,1,Price Too High,Medium,1-2 calls
SUB7919219,12,24,30.47,2,0.09,0,,Very_Low,1-2 calls
SUB5243780,18,24,65.93,1,0.074,0,,Very_Low,1-2 calls
SUB4893193,60,12,20.84,1,0.102,0,,Very_Low,1-2 calls
SUB6681868,24,12,5.55,0,0.218,0,,Low,0 calls
SUB2255959,60,12,101.17,1,0.034,0,,Very_Low,1-2 calls
SUB3113687,12,1,101.36,3,0.263,0,,Low,3-4 calls
SUB7620090,12,12,89.07,1,0.082,0,,Very_Low,1-2 calls
SUB2619426,36,12,93.25,3,0.039,0,,Very_Low,3-4 calls
SUB8005351,12,1,7.14,3,0.491,1,Price Too High,Medium,3-4 calls
SUB8570095,24,24,9.41,2,0.147,1,Relocation/Moving,Very_Low,1-2 calls
SUB3138421,60,1,8.72,1,0.136,0,,Very_Low,1-2 calls
SUB6023198,24,1,112.74,1,0.089,0,,Very_Low,1-2 calls
SUB9673899,1,1,80.56,2,0.074,0,,Very_Low,1-2 calls
SUB2649959,3,6,39.39,1,0.273,0,,Low,1-2 calls
SUB8059916,6,12,100.54,2,0.055,0,,Very_Low,1-2 calls
SUB3188077,36,1,36.35,2,0.051,0,,Very_Low,1-2 calls
SUB5784973,48,12,10.49,1,0.098,0,,Very_Low,1-2 calls
SUB4769484,18,3,8.73,2,0.409,1,Relocation/Moving,Medium,1-2 calls
SUB2290906,1,12,11.61,0,0.437,1,Relocation/Moving,Medium,0 calls
SUB2435367,12,6,28.35,3,0.198,0,,Very_Low,3-4 calls
SUB9312048,36,24,28.03,3,0.236,0,,Low,3-4 calls
SUB4246849,6,24,57.33,0,0.319,0,,Low,0 calls
SUB9654584,1,3,6.48,6,0.95,1,Poor Customer Service,Very_High,5+ calls
SUB2605196,24,12,61.46,3,0.143,0,,Very_Low,3-4 calls
SUB6387059,18,24,42.64,4,0.205,0,,Low,3-4 calls
SUB2045851,12,6,101.49,4,0.123,0,,Very_Low,3-4 calls
SUB9466602,36,1,50.52,2,0.077,0,,Very_Low,1-2 calls
SUB3664921,36,12,93.44,2,0.072,0,,Very_Low,1-2 calls
SUB2434730,24,12,27.64,3,0.354,1,Network Quality Issues,Low,3-4 calls
SUB5071650,48,24,6.18,0,0.059,0,,Very_Low,0 calls
SUB5354489,12,12,48.0,1,0.18,0,,Very_Low,1-2 calls
SUB2958615,24,12,11.13,1,0.409,0,,Medium,1-2 calls
SUB7502483,36,24,46.14,3,0.165,0,,Very_Low,3-4 calls
SUB1978534,18,6,20.89,3,0.307,1,Service Not Needed,Low,3-4 calls
SUB8701516,18,12,34.92,1,0.136,0,,Very_Low,1-2 calls
SUB2318155,24,24,87.93,3,0.154,0,,Very_Low,3-4 calls
SUB1984588,6,12,17.25,1,0.165,0,,Very_Low,1-2 calls
SUB5449399,6,3,100.11,1,0.118,0,,Very_Low,1-2 calls
SUB5002761,60,12,29.68,2,0.079,0,,Very_Low,1-2 calls
SUB1481632,3,6,19.08,1,0.41,0,,Medium,1-2 calls
SUB8723047,36,24,44.92,3,0.158,0,,Very_Low,3-4 calls
SUB7541173,24,1,69.68,0,0.088,0,,Very_Low,0 calls
SUB8998799,1,12,84.0,4,0.331,0,,Low,3-4 calls
SUB6275820,24,1,88.02,3,0.165,0,,Very_Low,3-4 calls
SUB9918562,1,12,28.53,1,0.41,1,Price Too High,Medium,1-2 calls
SUB8639298,3,6,6.22,1,0.63,1,Network Quality Issues,High,1-2 calls
SUB8496196,60,24,8.49,2,0.205,1,Price Too High,Low,1-2 calls
SUB6104138,6,12,28.58,2,0.236,0,,Low,1-2 calls
SUB1026505,1,24,94.51,2,0.052,0,,Very_Low,1-2 calls
SUB2650375,12,12,110.75,2,0.123,1,Better Competitor Offer,Very_Low,1-2 calls
SUB1212204,3,6,26.96,1,0.41,1,Price Too High,Medium,1-2 calls
SUB8050305,12,6,70.22,1,0.132,0,,Very_Low,1-2 calls
SUB9916776,3,1,48.01,2,0.15,0,,Very_Low,1-2 calls
SUB1973215,1,1,9.88,2,0.546,0,,Medium,1-2 calls
SUB1567827,12,1,29.89,1,0.189,0,,Very_Low,1-2 calls
SUB9325857,6,3,44.01,2,0.205,1,Relocation/Moving,Low,1-2 calls
SUB2267633,3,12,82.52,2,0.103,1,Better Competitor Offer,Very_Low,1-2 calls
SUB4684815,18,24,27.65,2,0.236,0,,Low,1-2 calls
SUB3026182,1,12,104.13,0,0.109,0,,Very_Low,0 calls
SUB5638246,24,1,45.82,1,0.292,0,,Low,1-2 calls
SUB9437392,1,12,26.45,0,0.328,0,,Low,0 calls
SUB9377900,60,6,25.83,2,0.055,0,,Very_Low,1-2 calls
SUB3210186,24,12,56.87,4,0.11,1,Poor Customer Service,Very_Low,3-4 calls
SUB3531196,36,12,33.8,2,0.124,0,,Very_Low,1-2 calls
SUB4200090,12,1,58.56,1,0.044,0,,Very_Low,1-2 calls
SUB1053997,1,24,27.81,1,0.41,0,,Medium,1-2 calls
SUB5375717,6,12,17.56,2,0.118,0,,Very_Low,1-2 calls
SUB6607423,60,12,21.02,5,0.236,0,,Low,5+ calls
SUB3940504,18,6,11.75,4,0.157,0,,Very_Low,3-4 calls
SUB5934990,6,1,86.14,3,0.322,1,Better Competitor Offer,Low,3-4 calls
SUB9057907,12,12,21.87,2,0.246,1,Relocation/Moving,Low,1-2 calls
SUB6721877,6,24,16.44,3,0.461,0,,Medium,3-4 calls
SUB9959601,12,12,28.55,5,0.491,0,,Medium,5+ calls
SUB6856494,36,3,40.7,0,0.059,0,,Very_Low,0 calls
SUB8760004,6,12,79.98,1,0.186,0,,Very_Low,1-2 calls
SUB7102493,12,6,87.68,0,0.035,0,,Very_Low,0 calls
SUB3593449,12,6,55.6,1,0.044,0,,Very_Low,1-2 calls
SUB2018543,18,24,40.19,0,0.06,0,,Very_Low,0 calls
SUB9773713,1,12,21.65,2,0.157,0,,Very_Low,1-2 calls
SUB7774870,3,12,63.03,1,0.103,0,,Very_Low,1-2 calls
SUB8104527,12,6,9.9,2,0.126,0,,Very_Low,1-2 calls
SUB5227234,24,3,74.81,1,0.051,0,,Very_Low,1-2 calls
SUB2121889,3,6,69.23,4,0.287,1,Network Quality Issues,Low,3-4 calls
SUB4258881,36,12,63.28,6,0.072,0,,Very_Low,5+ calls
SUB4631453,6,1,7.3,2,0.205,0,,Low,1-2 calls
SUB7524367,6,6,106.09,3,0.118,0,,Very_Low,3-4 calls
SUB6338938,12,6,78.43,2,0.115,0,,Very_Low,1-2 calls
SUB3185028,18,12,53.05,1,0.11,0,,Very_Low,1-2 calls
SUB5803958,24,12,14.92,4,0.287,0,,Low,3-4 calls
SUB9926299,12,1,26.19,3,0.142,0,,Very_Low,3-4 calls
SUB4487924,24,3,8.31,4,0.41,0,,Medium,3-4 calls
SUB1772838,24,3,28.39,2,0.236,1,Price Too High,Low,1-2 calls
SUB1261420,1,12,33.23,4,0.41,0,,Medium,3-4 calls
SUB1477843,24,6,83.27,3,0.079,0,,Very_Low,3-4 calls
SUB5529943,12,1,24.83,2,0.246,0,,Low,1-2 calls
SUB5552538,60,12,49.64,1,0.052,0,,Very_Low,1-2 calls
SUB2825260,36,12,8.6,3,0.143,0,,Very_Low,3-4 calls
SUB5775833,12,24,26.5,3,0.369,0,,Low,3-4 calls
SUB5187694,18,1,98.15,1,0.127,0,,Very_Low,1-2 calls
SUB4099834,3,12,73.08,1,0.074,0,,Very_Low,1-2 calls
SUB7771158,6,12,47.57,2,0.157,1,Network Quality Issues,Very_Low,1-2 calls
SUB4564507,3,1,22.7,0,0.378,0,,Low,0 calls
SUB5299489,24,24,20.14,1,0.205,0,,Low,1-2 calls
SUB4182132,1,12,8.93,1,0.42,0,,Medium,1-2 calls
SUB4440863,12,3,25.35,2,0.369,0,,Low,1-2 calls
SUB8986322,36,12,13.06,2,0.074,0,,Very_Low,1-2 calls
SUB7637448,24,1,60.81,3,0.143,0,,Very_Low,3-4 calls
SUB8135580,12,24,5.93,1,0.378,0,,Low,1-2 calls
SUB5802738,18,1,10.42,0,0.252,0,,Low,0 calls
SUB7779651,12,24,69.42,1,0.088,0,,Very_Low,1-2 calls
SUB8871490,36,24,117.86,4,0.107,0,,Very_Low,3-4 calls
SUB1144375,18,6,95.23,3,0.102,0,,Very_Low,3-4 calls
SUB8673919,18,12,67.64,0,0.076,0,,Very_Low,0 calls
SUB6713948,60,3,25.85,1,0.039,0,,Very_Low,1-2 calls
SUB5229491,24,6,21.35,1,0.079,0,,Very_Low,1-2 calls
SUB9060426,6,3,115.31,0,0.094,0,,Very_Low,0 calls
SUB6183584,24,12,115.24,1,0.037,0,,Very_Low,1-2 calls
SUB6911993,48,6,39.07,3,0.079,0,,Very_Low,3-4 calls
SUB4183818,6,6,25.45,1,0.354,0,,Low,1-2 calls
SUB2518560,24,6,19.56,2,0.205,0,,Low,1-2 calls
SUB2894420,6,24,119.47,1,0.118,0,,Very_Low,1-2 calls
SUB8069222,12,12,16.24,4,0.479,0,,Medium,3-4 calls
SUB8658206,18,24,67.23,2,0.074,0,,Very_Low,1-2 calls
SUB1541797,6,24,118.38,4,0.219,0,,Low,3-4 calls
SUB9305827,3,3,83.04,0,0.153,1,Network Quality Issues,Very_Low,0 calls
SUB7557642,12,12,23.15,2,0.246,1,Price Too High,Low,1-2 calls
SUB6436526,24,12,19.69,1,0.236,0,,Low,1-2 calls
SUB8639377,18,12,8.48,3,0.409,0,,Medium,3-4 calls
SUB2796218,24,1,81.19,3,0.205,0,,Low,3-4 calls
SUB1552226,18,12,34.41,1,0.136,0,,Very_Low,1-2 calls
SUB8514782,12,3,23.06,3,0.142,0,,Very_Low,3-4 calls
SUB6098907,6,24,17.69,3,0.599,1,Price Too High,Medium,3-4 calls
SUB9649318,12,24,13.49,4,0.378,0,,Low,3-4 calls
SUB8139608,12,6,81.71,2,0.082,0,,Very_Low,1-2 calls
SUB8707690,1,6,71.72,2,0.103,0,,Very_Low,1-2 calls
SUB8003621,36,6,22.46,3,0.15,0,,Very_Low,3-4 calls
SUB4803074,18,1,88.32,0,0.063,0,,Very_Low,0 calls
SUB8416510,36,3,53.48,3,0.143,0,,Very_Low,3-4 calls
SUB8467133,24,24,82.52,0,0.115,0,,Very_Low,0 calls
SUB4507145,1,6,56.08,3,0.11,0,,Very_Low,3-4 calls
SUB2778244,3,12,67.06,2,0.191,1,Network Quality Issues,Very_Low,1-2 calls
SUB5782337,60,12,10.3,0,0.059,0,,Very_Low,0 calls
SUB2180859,12,24,48.9,2,0.164,0,,Very_Low,1-2 calls
SUB7733214,24,3,82.04,6,0.147,0,,Very_Low,5+ calls
SUB2980425,18,24,13.95,4,0.157,0,,Very_Low,3-4 calls
SUB8441521,36,6,7.09,3,0.154,1,Network Quality Issues,Very_Low,3-4 calls
SUB9077813,24,24,23.54,2,0.307,0,,Low,1-2 calls
SUB8694420,6,6,25.44,3,0.461,1,Price Too High,Medium,3-4 calls
SUB3941616,60,1,8.11,0,0.109,0,,Very_Low,0 calls
SUB3474370,12,1,46.04,3,0.246,0,,Low,3-4 calls
SUB6604297,18,24,25.18,1,0.266,0,,Low,1-2 calls
SUB8105924,12,1,10.04,2,0.95,1,Price Too High,Very_High,1-2 calls
SUB3078937,36,12,90.01,1,0.048,0,,Very_Low,1-2 calls
SUB9915948,6,12,53.83,0,0.132,0,,Very_Low,0 calls
SUB2355097,1,6,20.14,3,0.614,1,Relocation/Moving,High,3-4 calls
SUB3055397,12,6,16.0,3,0.369,0,,Low,3-4 calls
SUB2079037,48,6,73.44,2,0.089,0,,Very_Low,1-2 calls
SUB5151951,12,1,51.15,1,0.088,0,,Very_Low,1-2 calls
SUB4155200,6,12,8.45,3,0.709,1,Relocation/Moving,High,3-4 calls
SUB1855695,18,6,103.65,4,0.102,0,,Very_Low,3-4 calls
SUB1112036,24,3,51.44,1,0.124,0,,Very_Low,1-2 calls
SUB4831854,12,6,87.62,2,0.082,0,,Very_Low,1-2 calls
SUB1889694,12,12,10.47,5,0.655,1,Poor Customer Service,High,5+ calls
SUB1590348,6,12,11.5,1,0.41,0,,Medium,1-2 calls
SUB8695082,12,3,19.83,1,0.284,0,,Low,1-2 calls
SUB5066981,36,12,6.69,1,0.103,0,,Very_Low,1-2 calls
SUB5467801,12,6,5.38,0,0.337,0,,Low,0 calls
SUB3183525,6,24,7.43,3,0.921,1,Network Quality Issues,Very_High,3-4 calls
SUB1693464,3,24,85.19,0,0.153,0,,Very_Low,0 calls
SUB2577415,6,12,9.18,6,0.819,1,Price Too High,Very_High,5+ calls
SUB5262663,12,12,14.25,3,0.491,1,Network Quality Issues,Medium,3-4 calls
SUB4593824,12,12,95.65,2,0.117,1,Better Competitor Offer,Very_Low,1-2 calls
SUB5668223,18,6,12.15,1,0.273,0,,Low,1-2 calls
SUB9036837,1,1,40.67,1,0.315,0,,Low,1-2 calls
SUB2358356,18,12,31.85,3,0.112,0,,Very_Low,3-4 calls
SUB2515719,6,12,108.37,3,0.57,0,,Medium,3-4 calls
SUB5141426,6,3,96.03,1,0.102,0,,Very_Low,1-2 calls
SUB1837566,6,3,21.76,2,0.307,0,,Low,1-2 calls
SUB7642516,24,3,103.87,1,0.079,0,,Very_Low,1-2 calls
SUB9483063,24,12,26.41,1,0.205,0,,Low,1-2 calls
SUB9123155,3,12,76.22,2,0.191,0,,Very_Low,1-2 calls
SUB2223981,12,1,26.05,3,0.479,1,Network Quality Issues,Medium,3-4 calls
SUB3336798,12,24,42.51,4,0.351,1,Network Quality Issues,Low,3-4 calls
SUB3158344,1,12,48.66,0,0.328,0,,Low,0 calls
SUB7483214,24,12,32.55,1,0.157,0,,Very_Low,1-2 calls
SUB1835165,6,24,87.74,0,0.132,0,,Very_Low,0 calls
SUB2734428,12,3,5.96,0,0.657,0,,High,0 calls
SUB4822069,18,12,25.29,4,0.354,1,Poor Customer Service,Low,3-4 calls
SUB4144787,12,12,65.69,1,0.132,0,,Very_Low,1-2 calls
SUB9346988,24,12,13.21,1,0.105,0,,Very_Low,1-2 calls
SUB3812789,18,6,27.25,2,0.157,0,,Very_Low,1-2 calls
SUB8992726,6,24,74.27,2,0.186,0,,Very_Low,1-2 calls
SUB9844712,36,3,110.22,3,0.083,0,,Very_Low,3-4 calls
SUB3166503,3,12,10.89,3,0.63,0,,High,3-4 calls
SUB9045391,24,24,36.97,4,0.236,0,,Low,3-4 calls
SUB9622693,24,3,5.83,1,0.21,0,,Low,1-2 calls
SUB1498095,18,6,28.57,1,0.079,0,,Very_Low,1-2 calls
SUB9410184,12,24,6.93,3,0.491,1,Price Too High,Medium,3-4 calls
SUB4330263,36,1,37.48,1,0.11,0,,Very_Low,1-2 calls
SUB8366604,6,12,76.94,2,0.158,1,Better Competitor Offer,Very_Low,1-2 calls
SUB4665842,18,6,28.07,5,0.41,1,Poor Customer Service,Medium,5+ calls
SUB3791338,36,12,77.39,2,0.087,0,,Very_Low,1-2 calls
SUB4337031,3,6,22.85,1,0.41,0,,Medium,1-2 calls
SUB9234025,18,6,18.85,4,0.95,1,Relocation/Moving,Very_High,3-4 calls
SUB4945123,48,12,35.55,1,0.052,0,,Very_Low,1-2 calls
SUB5768026,3,6,20.88,0,0.126,0,,Very_Low,0 calls
SUB5083501,3,3,15.96,1,0.22,0,,Low,1-2 calls
SUB5836161,12,6,84.71,1,0.149,0,,Very_Low,1-2 calls
SUB2780248,60,24,58.44,6,0.074,0,,Very_Low,5+ calls
SUB7126664,6,6,85.13,3,0.461,0,,Medium,3-4 calls
SUB8709824,6,24,17.23,2,0.165,0,,Very_Low,1-2 calls
SUB5795817,36,3,11.99,1,0.22,0,,Low,1-2 calls
SUB3180019,3,12,84.44,3,0.287,1,Network Quality Issues,Low,3-4 calls
SUB1779957,60,12,26.18,4,0.083,0,,Very_Low,3-4 calls
SUB2913980,24,1,87.67,2,0.124,0,,Very_Low,1-2 calls
SUB2507394,60,12,57.17,5,0.051,0,,Very_Low,5+ calls
SUB3979845,3,1,73.14,1,0.191,0,,Very_Low,1-2 calls
SUB3712188,6,24,15.4,0,0.246,0,,Low,0 calls
SUB9642873,12,12,118.4,0,0.066,0,,Very_Low,0 calls
SUB5713797,1,1,63.95,2,0.074,0,,Very_Low,1-2 calls
SUB1910913,1,12,32.36,3,0.472,0,,Medium,3-4 calls
SUB3057017,48,24,53.85,3,0.072,0,,Very_Low,3-4 calls
SUB1653817,1,12,8.38,1,0.42,1,Price Too High,Medium,1-2 calls
SUB1996433,24,1,25.38,3,0.118,0,,Very_Low,3-4 calls
SUB3581505,24,12,109.88,1,0.068,0,,Very_Low,1-2 calls
SUB7555851,1,12,6.13,1,0.546,1,Price Too High,Medium,1-2 calls
SUB5108949,3,24,21.81,2,0.79,1,Service Not Needed,High,1-2 calls
SUB7128420,12,1,23.81,2,0.172,0,,Very_Low,1-2 calls
SUB5876691,18,3,28.23,1,0.157,0,,Very_Low,1-2 calls
SUB5674071,36,24,46.91,2,0.143,0,,Very_Low,1-2 calls
SUB5203887,12,3,88.49,1,0.152,0,,Very_Low,1-2 calls
SUB8138512,48,6,26.16,1,0.079,0,,Very_Low,1-2 calls
SUB5036480,3,12,70.86,4,0.287,1,Poor Customer Service,Low,3-4 calls
SUB8567476,18,24,58.09,1,0.096,0,,Very_Low,1-2 calls
SUB4486444,36,6,31.19,2,0.11,0,,Very_Low,1-2 calls
SUB8163357,6,12,6.5,3,0.472,1,Network Quality Issues,Medium,3-4 calls
SUB6509165,24,12,43.02,3,0.266,0,,Low,3-4 calls
SUB5873014,12,3,107.2,0,0.076,0,,Very_Low,0 calls
SUB1468298,60,6,15.68,2,0.102,1,Relocation/Moving,Very_Low,1-2 calls
SUB5330453,1,6,47.99,0,0.252,0,,Low,0 calls
SUB1570303,18,1,89.27,1,0.127,0,,Very_Low,1-2 calls
SUB6170988,24,1,83.68,4,0.165,1,Poor Customer Service,Very_Low,3-4 calls
SUB4317657,18,3,60.31,1,0.143,1,Relocation/Moving,Very_Low,1-2 calls
SUB4336640,12,12,99.88,3,0.16,0,,Very_Low,3-4 calls
SUB6000738,12,24,13.25,2,0.176,0,,Very_Low,1-2 calls
SUB3660891,12,24,68.58,2,0.088,0,,Very_Low,1-2 calls
SUB7995919,6,12,28.12,1,0.354,0,,Low,1-2 calls
SUB5616167,18,24,24.16,2,0.38,1,Price Too High,Low,1-2 calls
SUB9947727,24,24,33.48,0,0.059,0,,Very_Low,0 calls
SUB6998544,6,24,14.05,2,0.614,1,Relocation/Moving,High,1-2 calls
SUB3342094,48,12,27.45,2,0.102,0,,Very_Low,1-2 calls
SUB3192271,6,12,11.97,1,0.532,0,,Medium,1-2 calls
SUB3845376,12,1,11.28,2,0.378,0,,Low,1-2 calls
SUB4956558,12,12,22.24,6,0.567,1,Network Quality Issues,Medium,5+ calls
SUB6236441,3,6,54.81,3,0.287,0,,Low,3-4 calls
SUB4731570,3,12,29.93,2,0.472,1,Price Too High,Medium,1-2 calls
SUB7342211,24,12,45.97,2,0.157,0,,Very_Low,1-2 calls
SUB6831052,12,1,64.99,4,0.224,1,Poor Customer Service,Low,3-4 calls
SUB8939174,3,24,27.77,2,0.95,1,Price Too High,Very_High,1-2 calls
SUB4254449,24,3,91.78,2,0.068,0,,Very_Low,1-2 calls
SUB9994006,60,1,117.27,3,0.059,0,,Very_Low,3-4 calls
SUB5307910,48,6,28.27,3,0.154,0,,Very_Low,3-4 calls
SUB4322918,24,1,106.71,2,0.102,0,,Very_Low,1-2 calls
SUB6271810,3,24,85.46,2,0.273,0,,Low,1-2 calls
SUB5935371,3,3,27.16,1,0.41,0,,Medium,1-2 calls
SUB1260102,36,3,54.41,1,0.077,0,,Very_Low,1-2 calls
SUB6516825,60,3,72.73,3,0.055,0,,Very_Low,3-4 calls
SUB6818528,18,3,34.15,2,0.157,0,,Very_Low,1-2 calls
SUB9214372,48,1,73.26,2,0.055,0,,Very_Low,1-2 calls
SUB9536239,24,12,20.23,1,0.157,0,,Very_Low,1-2 calls
SUB2343054,3,1,118.43,2,0.075,0,,Very_Low,1-2 calls
SUB4159016,6,12,89.33,2,0.102,0,,Very_Low,1-2 calls
SUB2726334,1,12,57.33,0,0.176,1,Network Quality Issues,Very_Low,0 calls
SUB4353030,12,6,14.21,1,0.176,0,,Very_Low,1-2 calls
SUB2847199,6,24,35.17,2,0.236,0,,Low,1-2 calls
SUB2638004,12,12,81.22,0,0.071,0,,Very_Low,0 calls
SUB2729187,1,1,110.36,2,0.136,0,,Very_Low,1-2 calls
SUB5461595,24,24,114.77,1,0.068,0,,Very_Low,1-2 calls
SUB6817676,3,24,109.42,1,0.195,0,,Very_Low,1-2 calls
SUB4460096,6,12,26.17,1,0.329,1,Network Quality Issues,Low,1-2 calls
SUB2330363,12,12,116.76,1,0.063,0,,Very_Low,1-2 calls
SUB4446839,1,12,7.43,3,0.819,1,Relocation/Moving,Very_High,3-4 calls
SUB4113506,6,24,24.14,2,0.236,1,Price Too High,Low,1-2 calls
SUB9167197,36,6,12.88,3,0.22,0,,Low,3-4 calls
SUB2561014,36,3,86.08,3,0.079,0,,Very_Low,3-4 calls
SUB5589369,1,3,93.73,1,0.074,1,Better Competitor Offer,Very_Low,1-2 calls
SUB7621778,1,6,29.65,1,0.472,0,,Medium,1-2 calls
SUB8531844,18,6,26.21,1,0.266,0,,Low,1-2 calls
SUB4257983,3,1,105.0,3,0.079,1,Better Competitor Offer,Very_Low,3-4 calls
SUB7902066,36,1,42.25,1,0.079,1,Relocation/Moving,Very_Low,1-2 calls
SUB7073877,12,1,37.62,2,0.189,0,,Very_Low,1-2 calls
SUB9033651,6,12,40.2,3,0.354,0,,Low,3-4 calls
SUB1751972,60,12,79.74,0,0.015,0,,Very_Low,0 calls
SUB9648035,6,1,103.08,1,0.219,0,,Low,1-2 calls
SUB4631171,6,6,19.62,2,0.236,0,,Low,1-2 calls
SUB8973155,3,3,13.92,1,0.63,1,Price Too High,High,1-2 calls
SUB5976820,6,6,7.91,1,0.22,0,,Low,1-2 calls
SUB4743185,24,6,11.78,4,0.614,1,Poor Customer Service,High,3-4 calls
SUB6768212,24,24,48.74,2,0.292,1,Network Quality Issues,Low,1-2 calls
SUB1024363,12,24,89.14,1,0.094,0,,Very_Low,1-2 calls
SUB9783406,6,3,65.79,1,0.055,0,,Very_Low,1-2 calls
SUB3045990,12,1,119.37,2,0.063,0,,Very_Low,1-2 calls
SUB6178652,6,24,92.86,2,0.055,0,,Very_Low,1-2 calls
SUB2385049,18,12,30.11,6,0.273,0,,Low,5+ calls
SUB6567248,36,6,48.98,3,0.479,0,,Medium,3-4 calls
SUB2498447,1,1,47.12,2,0.147,0,,Very_Low,1-2 calls
SUB2545288,48,12,12.8,3,0.11,1,Price Too High,Very_Low,3-4 calls
SUB9182320,3,3,37.15,3,0.439,0,,Medium,3-4 calls
SUB2595123,36,1,32.3,3,0.186,0,,Very_Low,3-4 calls
SUB9839008,6,6,44.22,1,0.157,0,,Very_Low,1-2 calls
SUB6264482,48,12,42.96,1,0.026,0,,Very_Low,1-2 calls
SUB7130158,24,3,28.79,1,0.158,0,,Very_Low,1-2 calls
SUB2391538,6,12,40.19,3,0.236,0,,Low,3-4 calls
SUB8219155,1,3,16.12,4,0.709,1,Network Quality Issues,High,3-4 calls
SUB7817281,24,1,14.62,3,0.315,0,,Low,3-4 calls
SUB7701810,36,1,70.22,3,0.1,0,,Very_Low,3-4 calls
SUB5107560,18,12,17.71,2,0.236,1,Price Too High,Low,1-2 calls
SUB7993018,12,12,98.07,2,0.082,0,,Very_Low,1-2 calls
SUB1171236,3,24,13.28,4,0.819,1,Price Too High,Very_High,3-4 calls
SUB4010129,6,1,42.73,2,0.205,0,,Low,1-2 calls
SUB1089743,6,24,50.0,2,0.157,0,,Very_Low,1-2 calls
SUB8426187,24,12,6.02,1,0.273,1,Price Too High,Low,1-2 calls
SUB5112924,3,3,25.45,3,0.709,1,Price Too High,High,3-4 calls
SUB2955206,24,6,86.6,3,0.186,0,,Very_Low,3-4 calls
SUB2138422,18,1,24.54,3,0.354,0,,Low,3-4 calls
SUB1758795,12,1,8.24,3,0.567,1,Relocation/Moving,Medium,3-4 calls
SUB8632738,6,24,40.48,3,0.461,0,,Medium,3-4 calls
SUB2764688,12,1,18.1,0,0.227,0,,Low,0 calls
SUB3957817,12,1,86.67,1,0.115,0,,Very_Low,1-2 calls
SUB1239647,6,12,62.15,3,0.215,1,Network Quality Issues,Low,3-4 calls
SUB5514153,60,6,12.75,0,0.14,0,,Very_Low,0 calls
SUB7098915,48,6,17.36,2,0.133,0,,Very_Low,1-2 calls
SUB4772515,12,1,18.7,1,0.189,0,,Very_Low,1-2 calls
SUB3942609,6,1,31.1,2,0.205,0,,Low,1-2 calls
SUB9158781,6,24,29.69,2,0.165,0,,Very_Low,1-2 calls
SUB9813240,60,6,27.8,3,0.118,0,,Very_Low,3-4 calls
SUB2572732,12,1,12.57,3,0.639,1,Network Quality Issues,High,3-4 calls
SUB9016792,48,3,9.28,3,0.236,0,,Low,3-4 calls
SUB3740855,1,1,45.07,1,0.273,0,,Low,1-2 calls
SUB4340444,24,6,29.52,3,0.439,1,Service Not Needed,Medium,3-4 calls
SUB4750222,24,24,8.23,2,0.355,1,Relocation/Moving,Low,1-2 calls
SUB2380188,18,6,15.99,3,0.165,0,,Very_Low,3-4 calls
SUB8530577,3,12,8.13,5,0.95,1,Relocation/Moving,Very_High,5+ calls
SUB4060465,60,12,5.9,4,0.236,1,Price Too High,Low,3-4 calls
SUB7723000,3,12,29.16,4,0.472,0,,Medium,3-4 calls
SUB8770032,24,12,14.96,4,0.287,0,,Low,3-4 calls
SUB3818767,24,12,68.35,1,0.136,0,,Very_Low,1-2 calls
SUB8864394,24,6,13.05,2,0.21,1,Relocation/Moving,Low,1-2 calls
SUB6864049,36,6,89.08,3,0.116,0,,Very_Low,3-4 calls
SUB9958825,60,6,28.02,3,0.118,1,Price Too High,Very_Low,3-4 calls
SUB9511807,1,12,70.03,2,0.103,0,,Very_Low,1-2 calls
SUB6531052,12,6,11.65,1,0.328,0,,Low,1-2 calls
SUB7321001,60,6,111.91,0,0.058,0,,Very_Low,0 calls
SUB1424190,36,6,65.2,1,0.067,0,,Very_Low,1-2 calls
SUB7743571,60,6,14.94,0,0.084,0,,Very_Low,0 calls
SUB4472696,18,24,26.27,2,0.236,0,,Low,1-2 calls
SUB3120677,18,3,35.41,2,0.105,0,,Very_Low,1-2 calls
SUB3597979,6,24,95.94,5,0.205,0,,Low,5+ calls
SUB8524132,12,12,21.64,1,0.246,0,,Low,1-2 calls
SUB9294919,1,3,32.67,2,0.21,0,,Low,1-2 calls
SUB3104417,24,1,23.87,0,0.164,0,,Very_Low,0 calls
SUB6449604,48,1,18.17,4,0.059,0,,Very_Low,3-4 calls
SUB1898628,3,24,19.48,2,0.22,0,,Low,1-2 calls
SUB4761054,12,24,27.23,4,0.283,0,,Low,3-4 calls
SUB3396716,18,6,9.01,3,0.614,0,,High,3-4 calls
SUB3057244,18,1,6.87,2,0.105,0,,Very_Low,1-2 calls
SUB3707929,6,24,71.1,2,0.077,0,,Very_Low,1-2 calls
SUB5272513,1,3,62.35,1,0.22,0,,Low,1-2 calls
SUB4928125,36,24,22.93,0,0.213,1,Price Too High,Low,0 calls
SUB5125186,1,12,86.22,2,0.136,0,,Very_Low,1-2 calls
SUB4338669,3,12,28.32,2,0.57,1,Relocation/Moving,Medium,1-2 calls
SUB9302258,60,6,18.62,3,0.083,0,,Very_Low,3-4 calls
SUB8738667,12,1,78.48,4,0.575,1,Network Quality Issues,Medium,3-4 calls
SUB5360866,36,1,81.21,2,0.036,0,,Very_Low,1-2 calls
SUB3304310,36,24,80.12,2,0.048,0,,Very_Low,1-2 calls
SUB1976264,60,6,14.23,0,0.126,0,,Very_Low,0 calls
SUB9323880,1,3,12.64,1,0.63,0,,High,1-2 calls
SUB8299243,1,12,36.54,3,0.472,1,Network Quality Issues,Medium,3-4 calls
SUB4928094,3,24,22.45,0,0.426,0,,Medium,0 calls
SUB6795886,18,3,7.28,1,0.105,0,,Very_Low,1-2 calls
SUB7531423,6,12,35.22,1,0.112,0,,Very_Low,1-2 calls
SUB3790353,12,3,15.47,0,0.197,0,,Very_Low,0 calls
SUB6185356,24,24,17.65,2,0.205,0,,Low,1-2 calls
SUB3465849,3,1,16.26,3,0.472,1,Price Too High,Medium,3-4 calls
SUB3933865,6,6,6.48,2,0.41,0,,Medium,1-2 calls
SUB7667051,24,6,13.17,4,0.315,1,Relocation/Moving,Low,3-4 calls
SUB8587145,1,12,47.18,2,0.273,1,Network Quality Issues,Low,1-2 calls
SUB7030079,24,3,27.63,2,0.079,0,,Very_Low,1-2 calls
SUB9970922,18,6,91.83,3,0.079,0,,Very_Low,3-4 calls
SUB7147454,3,12,5.52,2,0.382,0,,Low,1-2 calls
SUB8907288,6,24,107.11,2,0.118,0,,Very_Low,1-2 calls
SUB3505700,1,12,24.34,0,0.378,0,,Low,0 calls
SUB1145693,18,1,26.93,2,0.266,0,,Low,1-2 calls
SUB2649734,12,1,17.84,3,0.198,0,,Very_Low,3-4 calls
SUB1885621,12,24,26.9,2,0.094,0,,Very_Low,1-2 calls
SUB1561548,3,24,33.9,1,0.273,0,,Low,1-2 calls
SUB9063001,6,3,25.02,1,0.307,0,,Low,1-2 calls
SUB5379845,48,12,38.07,3,0.133,0,,Very_Low,3-4 calls
SUB8150265,1,3,20.89,2,0.41,1,Network Quality Issues,Medium,1-2 calls
SUB2703728,60,24,89.43,4,0.055,0,,Very_Low,3-4 calls
SUB5762315,36,1,35.54,3,0.077,0,,Very_Low,3-4 calls
SUB4377136,3,6,26.98,0,0.491,1,Price Too High,Medium,0 calls
SUB1468451,24,12,75.9,1,0.096,0,,Very_Low,1-2 calls
SUB5777830,1,24,74.25,2,0.191,0,,Very_Low,1-2 calls
SUB1259425,3,24,110.65,2,0.205,1,Relocation/Moving,Low,1-2 calls
SUB9899217,12,3,12.72,0,0.101,0,,Very_Low,0 calls
SUB8604323,12,24,87.19,1,0.088,0,,Very_Low,1-2 calls
SUB7259635,24,12,101.33,0,0.106,1,Better Competitor Offer,Very_Low,0 calls
SUB5494893,48,12,32.91,1,0.102,0,,Very_Low,1-2 calls
SUB2968093,48,24,40.5,1,0.056,1,Relocation/Moving,Very_Low,1-2 calls
SUB3444913,3,6,107.09,6,0.273,0,,Low,5+ calls
SUB7504938,18,6,105.14,5,0.105,0,,Very_Low,5+ calls
SUB8131390,18,24,38.87,3,0.236,0,,Low,3-4 calls
SUB4787132,12,1,26.37,1,0.189,1,Price Too High,Very_Low,1-2 calls
SUB4809821,60,24,84.09,2,0.068,0,,Very_Low,1-2 calls
SUB9817518,12,24,8.02,1,0.252,0,,Low,1-2 calls
SUB5037746,18,3,25.46,2,0.079,1,Network Quality Issues,Very_Low,1-2 calls
SUB1081171,12,24,86.54,2,0.094,0,,Very_Low,1-2 calls
SUB3183448,3,6,56.61,2,0.191,0,,Very_Low,1-2 calls
SUB2189138,3,12,117.02,3,0.439,1,Better Competitor Offer,Medium,3-4 calls
SUB3249476,24,6,37.4,3,0.38,1,Network Quality Issues,Low,3-4 calls
SUB3759374,24,1,22.82,0,0.164,0,,Very_Low,0 calls
SUB4463894,6,24,86.32,2,0.039,0,,Very_Low,1-2 calls
SUB1783258,1,12,20.71,2,0.41,0,,Medium,1-2 calls
SUB2896999,60,6,64.75,3,0.055,0,,Very_Low,3-4 calls
SUB3852889,12,24,38.08,1,0.088,1,Relocation/Moving,Very_Low,1-2 calls
SUB8297050,3,6,19.13,0,0.126,0,,Very_Low,0 calls
SUB8371858,3,12,11.97,2,0.71,1,Price Too High,High,1-2 calls
SUB2761201,1,24,23.08,1,0.585,1,Price Too High,Medium,1-2 calls
SUB3337180,24,6,33.71,2,0.157,0,,Very_Low,1-2 calls
SUB4485862,24,12,13.13,0,0.252,0,,Low,0 calls
SUB2400507,18,12,26.67,0,0.126,0,,Very_Low,0 calls
SUB5235040,12,3,41.76,4,0.79,1,Poor Customer Service,High,3-4 calls
SUB6529554,12,1,57.38,1,0.115,0,,Very_Low,1-2 calls
SUB8518162,60,12,11.09,1,0.205,1,Relocation/Moving,Low,1-2 calls
SUB8676431,24,3,54.72,1,0.074,0,,Very_Low,1-2 calls
SUB3757398,48,24,10.25,3,0.205,1,Price Too High,Low,3-4 calls
SUB1388742,6,3,6.62,1,0.614,0,,High,1-2 calls
SUB1676935,60,12,14.87,2,0.136,1,Price Too High,Very_Low,1-2 calls
SUB8793604,3,1,52.12,1,0.147,0,,Very_Low,1-2 calls
SUB1401072,1,12,6.49,4,0.63,1,Poor Customer Service,High,3-4 calls
SUB7722841,6,12,12.4,1,0.41,0,,Medium,1-2 calls
SUB3095637,3,24,9.39,1,0.294,0,,Low,1-2 calls
SUB3788302,12,12,102.98,3,0.184,0,,Very_Low,3-4 calls
SUB8843227,6,1,109.71,1,0.118,0,,Very_Low,1-2 calls
SUB6581472,3,24,14.42,1,0.63,0,,High,1-2 calls
SUB9269841,36,6,26.04,5,0.287,0,,Low,5+ calls
SUB5859633,12,24,89.54,2,0.082,0,,Very_Low,1-2 calls
SUB5468852,3,24,12.0,1,0.819,0,,Very_High,1-2 calls
SUB8742237,1,1,14.71,4,0.63,0,,High,3-4 calls
SUB7749977,12,1,12.24,2,0.328,0,,Low,1-2 calls
SUB1419503,48,24,110.06,2,0.028,0,,Very_Low,1-2 calls
SUB7488000,12,24,56.15,2,0.164,0,,Very_Low,1-2 calls
SUB8586544,3,12,29.13,1,0.315,0,,Low,1-2 calls
SUB9318849,6,24,5.86,0,0.252,1,Price Too High,Low,0 calls
SUB8608965,1,24,113.03,3,0.225,0,,Low,3-4 calls
SUB1158253,36,12,18.1,1,0.055,0,,Very_Low,1-2 calls
SUB9209061,48,12,32.22,0,0.365,0,,Low,0 calls
SUB4211369,1,12,25.26,2,0.41,1,Network Quality Issues,Medium,1-2 calls
SUB2659537,3,3,55.8,2,0.248,0,,Low,1-2 calls
SUB2279898,3,6,6.98,0,0.437,0,,Medium,0 calls
SUB3364840,24,12,58.19,5,0.191,0,,Very_Low,5+ calls
SUB1771143,36,12,24.04,4,0.215,0,,Low,3-4 calls
SUB7697947,12,3,8.64,4,0.246,0,,Low,3-4 calls
SUB4906377,60,24,43.3,0,0.101,0,,Very_Low,0 calls
SUB2461433,6,12,50.29,1,0.077,0,,Very_Low,1-2 calls
SUB4348549,12,1,29.7,1,0.246,0,,Low,1-2 calls
SUB8753638,60,6,6.24,0,0.084,0,,Very_Low,0 calls
SUB6580427,36,24,30.19,1,0.124,0,,Very_Low,1-2 calls
SUB2576845,12,6,83.84,3,0.132,0,,Very_Low,3-4 calls
SUB1988722,3,12,69.3,1,0.191,0,,Very_Low,1-2 calls
SUB3037398,48,1,16.94,5,0.95,0,,Very_High,5+ calls
SUB4527110,12,6,7.29,0,0.141,0,,Very_Low,0 calls
SUB5289639,6,24,32.17,4,0.354,1,Relocation/Moving,Low,3-4 calls
SUB7398897,12,12,27.92,2,0.246,0,,Low,1-2 calls
SUB2065560,6,24,97.28,1,0.154,0,,Very_Low,1-2 calls
SUB8989900,18,1,40.24,3,0.11,0,,Very_Low,3-4 calls
SUB8189204,6,12,46.14,3,0.307,0,,Low,3-4 calls
SUB7707432,12,3,22.5,1,0.189,0,,Very_Low,1-2 calls
SUB9349065,12,24,27.97,0,0.324,0,,Low,0 calls
SUB3754036,18,24,30.23,3,0.205,0,,Low,3-4 calls
SUB7934198,1,12,19.72,2,0.22,0,,Low,1-2 calls
SUB8389434,18,1,115.16,1,0.079,0,,Very_Low,1-2 calls
SUB1091656,18,6,20.1,0,0.126,0,,Very_Low,0 calls
SUB3162766,12,6,25.96,5,0.737,1,Network Quality Issues,High,5+ calls
SUB1353153,6,24,11.06,1,0.41,0,,Medium,1-2 calls
SUB7724504,36,6,64.99,4,0.1,1,Poor Customer Service,Very_Low,3-4 calls
SUB4453708,6,6,12.71,4,0.472,1,Poor Customer Service,Medium,3-4 calls
SUB5101153,6,12,23.61,2,0.307,1,Price Too High,Low,1-2 calls
SUB1987938,12,12,42.89,1,0.126,0,,Very_Low,1-2 calls
SUB8074533,6,24,16.49,1,0.399,1,Relocation/Moving,Low,1-2 calls
SUB4801065,36,24,74.81,2,0.067,0,,Very_Low,1-2 calls
SUB1862839,18,24,59.69,5,0.22,0,,Low,5+ calls
SUB2064367,24,12,99.43,2,0.052,0,,Very_Low,1-2 calls
SUB1234898,24,12,36.44,1,0.074,0,,Very_Low,1-2 calls
SUB1461122,24,24,43.85,1,0.76,1,Service Not Needed,High,1-2 calls
SUB1675025,36,6,25.55,2,0.165,0,,Very_Low,1-2 calls
SUB5264550,48,12,25.98,5,0.337,0,,Low,5+ calls
SUB8536968,12,12,12.59,0,0.101,0,,Very_Low,0 calls
SUB6477835,12,1,58.14,0,0.049,0,,Very_Low,0 calls
SUB2605752,1,12,24.33,1,0.41,1,Network Quality Issues,Medium,1-2 calls
SUB1807040,48,12,39.17,3,0.102,0,,Very_Low,3-4 calls
SUB7634586,18,1,25.35,2,0.38,1,Network Quality Issues,Low,1-2 calls
SUB5132443,24,6,36.06,1,0.105,0,,Very_Low,1-2 calls
SUB6232190,12,6,18.92,2,0.351,0,,Low,1-2 calls
SUB8920337,12,12,32.29,0,0.131,0,,Very_Low,0 calls
SUB3154828,12,12,114.18,1,0.094,0,,Very_Low,1-2 calls
SUB6778728,24,3,50.09,1,0.096,0,,Very_Low,1-2 calls
SUB6293348,18,1,25.07,1,0.236,0,,Low,1-2 calls
SUB3784975,24,12,35.84,1,0.105,0,,Very_Low,1-2 calls
SUB9371223,3,24,44.2,3,0.41,1,Network Quality Issues,Medium,3-4 calls
SUB9840597,3,24,83.54,0,0.126,0,,Very_Low,0 calls
SUB5859382,3,12,54.38,1,0.191,0,,Very_Low,1-2 calls
SUB5912301,1,12,24.02,2,0.41,0,,Medium,1-2 calls
SUB9126492,3,24,84.16,0,0.118,0,,Very_Low,0 calls
SUB4077026,3,12,6.03,2,0.546,0,,Medium,1-2 calls
SUB1148469,12,3,74.61,0,0.092,0,,Very_Low,0 calls
SUB5170555,3,12,17.5,3,0.236,0,,Low,3-4 calls
SUB1516394,12,6,16.04,4,0.369,1,Price Too High,Low,3-4 calls
SUB3090825,60,12,119.37,1,0.165,1,Relocation/Moving,Very_Low,1-2 calls
SUB9908720,12,12,24.73,4,0.198,0,,Very_Low,3-4 calls
SUB4290303,48,24,87.97,0,0.032,0,,Very_Low,0 calls
SUB8415871,24,1,10.24,5,0.63,0,,High,5+ calls
SUB9090433,36,12,31.64,1,0.074,0,,Very_Low,1-2 calls
SUB3418853,18,12,63.87,1,0.11,0,,Very_Low,1-2 calls
SUB6244786,24,6,12.59,3,0.157,0,,Very_Low,3-4 calls
SUB8249127,6,12,8.1,1,0.41,0,,Medium,1-2 calls
SUB9920857,12,24,14.69,5,0.504,1,Poor Customer Service,Medium,5+ calls
SUB8197177,60,6,111.01,3,0.11,0,,Very_Low,3-4 calls
SUB5384077,6,6,52.12,1,0.186,1,Relocation/Moving,Very_Low,1-2 calls
SUB2129775,12,3,29.43,3,0.283,0,,Low,3-4 calls
SUB9125248,18,24,10.16,2,0.273,0,,Low,1-2 calls
SUB3196916,12,12,12.35,2,0.426,1,Service Not Needed,Medium,1-2 calls
SUB7241602,1,12,30.04,2,0.273,1,Network Quality Issues,Low,1-2 calls
SUB2170933,24,6,109.12,2,0.075,0,,Very_Low,1-2 calls
SUB2391449,6,12,73.75,2,0.143,0,,Very_Low,1-2 calls
SUB3518929,6,1,16.89,3,0.354,0,,Low,3-4 calls
SUB7604168,12,6,42.17,1,0.126,0,,Very_Low,1-2 calls
SUB1859734,1,6,108.94,1,0.157,0,,Very_Low,1-2 calls
SUB6207188,36,1,48.48,1,0.096,0,,Very_Low,1-2 calls
SUB9242580,6,1,100.84,4,0.177,1,Poor Customer Service,Very_Low,3-4 calls
SUB2872154,48,24,13.59,2,0.136,0,,Very_Low,1-2 calls
SUB8904617,18,24,73.94,2,0.074,0,,Very_Low,1-2 calls
SUB1913605,12,6,30.53,0,0.197,1,Relocation/Moving,Very_Low,0 calls
SUB4009526,24,1,62.22,3,0.055,0,,Very_Low,3-4 calls
SUB9405547,60,24,35.78,1,0.068,0,,Very_Low,1-2 calls
SUB3032656,6,24,13.93,2,0.157,0,,Very_Low,1-2 calls
SUB7490750,6,12,14.44,2,0.472,0,,Medium,1-2 calls
SUB8221626,12,6,98.44,2,0.032,0,,Very_Low,1-2 calls
SUB7353575,12,1,29.38,3,0.553,0,,Medium,3-4 calls
SUB7982137,18,24,112.32,0,0.055,0,,Very_Low,0 calls
SUB4289986,12,24,88.82,2,0.044,0,,Very_Low,1-2 calls
SUB6652555,36,12,25.94,0,0.132,0,,Very_Low,0 calls
SUB6198054,12,24,112.77,3,0.184,1,Network Quality Issues,Very_Low,3-4 calls
SUB8269623,1,1,83.43,4,0.43,1,Poor Customer Service,Medium,3-4 calls
SUB2854165,36,1,21.54,1,0.11,0,,Very_Low,1-2 calls
SUB1377224,18,3,11.79,5,0.546,1,Poor Customer Service,Medium,5+ calls
SUB5453722,3,3,119.45,4,0.307,0,,Low,3-4 calls
SUB7321136,1,24,65.66,4,0.22,0,,Low,3-4 calls
SUB9623041,6,24,66.26,3,0.322,0,,Low,3-4 calls
SUB1364446,3,3,67.14,3,0.11,0,,Very_Low,3-4 calls
SUB7759072,36,6,20.74,3,0.165,0,,Very_Low,3-4 calls
SUB1448934,6,6,96.61,0,0.063,0,,Very_Low,0 calls
SUB3657885,24,3,7.8,2,0.315,1,Network Quality Issues,Low,1-2 calls
SUB6242029,18,24,18.47,4,0.165,0,,Very_Low,3-4 calls
SUB6772964,24,12,11.53,4,0.532,0,,Medium,3-4 calls
SUB6644219,12,12,14.25,3,0.265,1,Price Too High,Low,3-4 calls
SUB7955038,24,3,38.04,1,0.38,0,,Low,1-2 calls
SUB2942120,12,12,7.5,3,0.344,0,,Low,3-4 calls
SUB9094566,12,12,12.16,2,0.328,0,,Low,1-2 calls
SUB8311460,36,6,20.41,1,0.165,0,,Very_Low,1-2 calls
SUB8863353,12,1,69.04,2,0.115,0,,Very_Low,1-2 calls
SUB7710660,18,12,36.72,0,0.234,0,,Low,0 calls
SUB1821939,12,12,31.68,1,0.164,0,,Very_Low,1-2 calls
SUB4637588,24,3,60.63,1,0.177,0,,Very_Low,1-2 calls
SUB8470396,12,3,40.03,3,0.246,0,,Low,3-4 calls
SUB9163365,12,3,16.07,1,0.189,0,,Very_Low,1-2 calls
SUB4614705,6,24,91.72,3,0.219,1,Better Competitor Offer,Low,3-4 calls
SUB3500120,48,3,7.81,2,0.157,0,,Very_Low,1-2 calls
SUB4932613,36,1,26.11,1,0.077,0,,Very_Low,1-2 calls
SUB5055032,12,24,46.54,2,0.063,0,,Very_Low,1-2 calls
SUB6881344,18,24,57.9,1,0.096,0,,Very_Low,1-2 calls
SUB3196274,12,6,58.64,2,0.132,0,,Very_Low,1-2 calls
SUB3429700,3,12,5.44,2,0.546,1,Network Quality Issues,Medium,1-2 calls
SUB6586956,12,6,54.86,4,0.132,0,,Very_Low,3-4 calls
SUB5096920,36,3,55.63,2,0.051,0,,Very_Low,1-2 calls
SUB8557944,24,6,15.18,1,0.157,0,,Very_Low,1-2 calls
SUB7015346,3,6,14.86,2,0.63,1,Network Quality Issues,High,1-2 calls
SUB4501661,1,1,83.67,3,0.43,1,Service Not Needed,Medium,3-4 calls
SUB8872277,36,1,18.87,3,0.399,0,,Low,3-4 calls
SUB3604902,36,24,5.23,1,0.22,0,,Low,1-2 calls
SUB1398008,6,6,25.93,0,0.284,1,Relocation/Moving,Low,0 calls
SUB7080898,6,6,11.86,6,0.95,1,Price Too High,Very_High,5+ calls
SUB6193595,6,24,19.81,4,0.354,0,,Low,3-4 calls
SUB4549651,3,3,20.55,1,0.315,0,,Low,1-2 calls
SUB9029598,24,3,17.31,2,0.146,1,Price Too High,Very_Low,1-2 calls
SUB8867863,12,24,90.16,3,0.142,0,,Very_Low,3-4 calls
SUB3796647,36,3,21.07,2,0.055,0,,Very_Low,1-2 calls
SUB6802199,36,12,30.99,1,0.096,0,,Very_Low,1-2 calls
SUB1174001,48,12,86.6,1,0.049,0,,Very_Low,1-2 calls
SUB6570771,24,3,86.99,2,0.037,0,,Very_Low,1-2 calls
SUB1065867,24,3,17.85,1,0.157,0,,Very_Low,1-2 calls
SUB1088780,12,12,17.54,0,0.256,0,,Low,0 calls
SUB8397228,1,12,37.79,0,0.218,0,,Low,0 calls
SUB3695145,3,12,90.92,1,0.195,0,,Very_Low,1-2 calls
SUB3941478,12,1,8.36,1,0.252,0,,Low,1-2 calls
SUB7792109,6,6,22.41,1,0.307,0,,Low,1-2 calls
SUB4767263,36,6,60.77,2,0.186,0,,Very_Low,1-2 calls
SUB5195031,18,24,18.23,2,0.157,1,Network Quality Issues,Very_Low,1-2 calls
SUB5084591,1,3,87.19,1,0.147,1,Network Quality Issues,Very_Low,1-2 calls
SUB2414119,12,24,56.62,0,0.256,0,,Low,0 calls
SUB6354993,36,6,28.0,2,0.236,0,,Low,1-2 calls
SUB2268182,36,3,17.37,3,0.116,0,,Very_Low,3-4 calls
SUB9779340,3,12,40.14,2,0.315,1,Network Quality Issues,Low,1-2 calls
SUB3570746,3,6,54.55,4,0.22,0,,Low,3-4 calls
SUB3251743,12,12,76.75,1,0.044,0,,Very_Low,1-2 calls
SUB7194702,1,24,68.22,0,0.199,1,Network Quality Issues,Very_Low,0 calls
SUB4120452,24,24,10.29,3,0.472,1,Network Quality Issues,Medium,3-4 calls
SUB6615829,12,3,52.29,4,0.284,0,,Low,3-4 calls
SUB7147401,3,3,45.65,4,0.315,1,Relocation/Moving,Low,3-4 calls
SUB7304721,3,24,47.34,5,0.39,1,Relocation/Moving,Low,5+ calls
SUB8738672,48,24,27.8,0,0.082,0,,Very_Low,0 calls
SUB7615492,1,3,55.46,7,0.661,1,Relocation/Moving,High,5+ calls
SUB1318774,1,24,74.97,3,0.22,0,,Low,3-4 calls
SUB8561743,6,12,38.57,1,0.292,0,,Low,1-2 calls
SUB9875234,1,3,93.57,3,0.439,0,,Medium,3-4 calls
SUB4023871,18,24,13.24,1,0.21,0,,Low,1-2 calls
SUB5849617,3,6,17.53,2,0.532,1,Price Too High,Medium,1-2 calls
SUB1611868,12,6,42.42,5,0.229,0,,Low,5+ calls
SUB5533910,36,12,106.34,1,0.062,0,,Very_Low,1-2 calls
SUB7929140,36,3,10.92,4,0.287,0,,Low,3-4 calls
SUB2407757,3,12,17.95,4,0.331,0,,Low,3-4 calls
SUB4456800,1,12,98.27,0,0.109,0,,Very_Low,0 calls
SUB2138452,18,1,90.63,1,0.068,0,,Very_Low,1-2 calls
SUB9109334,3,6,111.79,2,0.112,0,,Very_Low,1-2 calls
SUB8727160,24,12,22.45,2,0.157,0,,Very_Low,1-2 calls
SUB5554704,12,24,59.99,1,0.132,0,,Very_Low,1-2 calls
SUB3288013,3,24,33.9,2,0.585,1,Network Quality Issues,Medium,1-2 calls
SUB9262236,60,3,33.34,5,0.074,0,,Very_Low,5+ calls
SUB3348818,1,12,19.7,1,0.315,0,,Low,1-2 calls
SUB4415398,3,1,75.73,1,0.22,0,,Low,1-2 calls
SUB5822455,24,3,25.73,2,0.157,1,Price Too High,Very_Low,1-2 calls
SUB4344849,12,12,16.28,3,0.283,0,,Low,3-4 calls
SUB9724118,48,1,41.03,2,0.037,0,,Very_Low,1-2 calls
SUB4201824,3,24,23.12,1,0.472,0,,Medium,1-2 calls
SUB6051921,3,24,16.69,4,0.472,0,,Medium,3-4 calls
SUB9438856,1,6,22.07,2,0.472,0,,Medium,1-2 calls
SUB6448608,3,6,68.12,2,0.147,0,,Very_Low,1-2 calls
SUB5065183,18,24,17.5,0,0.117,0,,Very_Low,0 calls
SUB1240346,24,1,81.93,5,0.287,0,,Low,5+ calls
SUB5236258,12,1,74.91,1,0.115,0,,Very_Low,1-2 calls
SUB2796641,6,6,71.18,3,0.307,1,Relocation/Moving,Low,3-4 calls
SUB9651347,24,6,39.24,1,0.105,0,,Very_Low,1-2 calls
SUB6807811,3,24,62.41,2,0.248,0,,Low,1-2 calls
SUB8594825,24,1,8.99,1,0.21,0,,Low,1-2 calls
SUB3421961,24,6,20.57,3,0.215,0,,Low,3-4 calls
SUB1268116,12,24,74.46,2,0.088,0,,Very_Low,1-2 calls
SUB4423754,3,12,89.89,4,0.157,0,,Very_Low,3-4 calls
SUB2770330,18,12,6.97,1,0.273,0,,Low,1-2 calls
SUB5658575,36,6,41.04,3,0.079,0,,Very_Low,3-4 calls
SUB4824857,12,1,100.58,1,0.082,0,,Very_Low,1-2 calls
SUB9753373,12,24,109.08,1,0.176,1,Better Competitor Offer,Very_Low,1-2 calls
SUB1012879,60,3,11.76,1,0.136,0,,Very_Low,1-2 calls
SUB9946694,12,24,43.51,1,0.164,0,,Very_Low,1-2 calls
SUB5895737,1,24,12.38,3,0.441,1,Price Too High,Medium,3-4 calls
SUB6580815,12,6,53.74,2,0.132,0,,Very_Low,1-2 calls
SUB4999143,12,24,25.72,2,0.132,0,,Very_Low,1-2 calls
SUB5682251,6,3,87.79,1,0.11,1,Network Quality Issues,Very_Low,1-2 calls
SUB7949666,6,24,89.85,3,0.118,0,,Very_Low,3-4 calls
SUB9548080,48,12,114.33,2,0.018,0,,Very_Low,1-2 calls
SUB3091028,3,3,91.67,2,0.292,0,,Low,1-2 calls
SUB3895537,24,12,18.21,2,0.236,0,,Low,1-2 calls
SUB3727850,48,24,6.58,3,0.11,0,,Very_Low,3-4 calls
SUB4300335,6,12,31.19,1,0.205,0,,Low,1-2 calls
SUB2779472,1,12,31.7,2,0.315,0,,Low,1-2 calls
SUB4613983,6,12,7.87,5,0.63,1,Network Quality Issues,High,5+ calls
SUB6495592,12,12,17.47,4,0.198,1,Price Too High,Very_Low,3-4 calls
SUB7110341,60,6,80.72,3,0.051,0,,Very_Low,3-4 calls
SUB4149783,12,12,100.81,2,0.082,0,,Very_Low,1-2 calls
SUB8334291,1,12,18.39,4,0.614,1,Relocation/Moving,High,3-4 calls
SUB3326168,3,6,16.27,3,0.331,0,,Low,3-4 calls
SUB7951740,6,3,34.79,1,0.236,0,,Low,1-2 calls
SUB5141314,3,24,97.54,3,0.307,0,,Low,3-4 calls
SUB5286419,1,6,42.85,4,0.532,1,Relocation/Moving,Medium,3-4 calls
SUB5010086,3,3,98.85,4,0.157,0,,Very_Low,3-4 calls
SUB1482870,3,3,88.39,3,0.95,1,Service Not Needed,Very_High,3-4 calls
SUB6313280,3,3,101.43,2,0.254,0,,Low,1-2 calls
SUB8963845,60,1,86.45,1,0.154,1,Network Quality Issues,Very_Low,1-2 calls
SUB6991342,12,6,105.38,1,0.176,0,,Very_Low,1-2 calls
SUB7433230,18,24,82.1,2,0.096,0,,Very_Low,1-2 calls
SUB8184620,3,1,19.41,2,0.41,0,,Medium,1-2 calls
SUB5209689,36,24,22.82,4,0.461,0,,Medium,3-4 calls
SUB9135800,6,3,91.06,3,0.285,0,,Low,3-4 calls
SUB5152109,60,12,9.46,2,0.136,0,,Very_Low,1-2 calls
SUB3605822,36,12,27.6,4,0.399,1,Relocation/Moving,Low,3-4 calls
SUB1117369,60,12,69.01,1,0.062,0,,Very_Low,1-2 calls
SUB7380858,18,6,60.83,1,0.11,0,,Very_Low,1-2 calls
SUB3350876,18,12,12.91,1,0.315,0,,Low,1-2 calls
SUB8031401,36,6,44.15,4,0.186,0,,Very_Low,3-4 calls
SUB9169183,24,3,38.16,2,0.052,0,,Very_Low,1-2 calls
SUB4619047,18,3,28.26,3,0.307,0,,Low,3-4 calls
SUB3867695,6,1,113.55,1,0.056,0,,Very_Low,1-2 calls
SUB6347006,6,6,62.01,4,0.215,0,,Low,3-4 calls
SUB2650522,24,12,109.48,1,0.068,0,,Very_Low,1-2 calls
SUB6408792,12,24,11.99,4,0.491,1,Price Too High,Medium,3-4 calls
SUB6242042,1,1,26.15,2,0.614,0,,High,1-2 calls
SUB7060319,12,6,84.99,1,0.132,0,,Very_Low,1-2 calls
SUB8971153,18,3,25.95,3,0.253,1,Service Not Needed,Low,3-4 calls
SUB1907153,1,12,22.91,3,0.614,0,,High,3-4 calls
SUB3714660,24,24,87.96,3,0.154,0,,Very_Low,3-4 calls
SUB6824648,6,1,106.0,0,0.123,0,,Very_Low,0 calls
SUB2923298,6,24,36.52,1,0.079,1,Relocation/Moving,Very_Low,1-2 calls
SUB4625279,18,3,36.29,1,0.096,0,,Very_Low,1-2 calls
SUB9910005,6,3,5.75,1,0.41,0,,Medium,1-2 calls
SUB1792425,12,1,97.92,2,0.135,0,,Very_Low,1-2 calls
SUB4110997,12,1,67.31,1,0.062,0,,Very_Low,1-2 calls
SUB6336530,48,1,7.48,3,0.266,1,Network Quality Issues,Low,3-4 calls
SUB2566772,3,6,11.98,0,0.95,1,Price Too High,Very_High,0 calls
SUB4001179,12,12,60.49,3,0.132,0,,Very_Low,3-4 calls
SUB1052066,24,3,9.78,2,0.273,0,,Low,1-2 calls
SUB3471146,3,3,108.59,4,0.157,0,,Very_Low,3-4 calls
SUB6259018,1,3,118.7,2,0.074,1,Better Competitor Offer,Very_Low,1-2 calls
SUB7410014,1,24,91.45,2,0.074,0,,Very_Low,1-2 calls
SUB9647088,3,1,52.4,3,0.373,0,,Low,3-4 calls
SUB7729199,6,1,30.26,1,0.205,0,,Low,1-2 calls
SUB6514214,12,1,9.28,3,0.491,1,Network Quality Issues,Medium,3-4 calls
SUB9218723,18,1,76.28,3,0.143,1,Better Competitor Offer,Very_Low,3-4 calls
SUB5183005,3,12,26.96,2,0.41,1,Price Too High,Medium,1-2 calls
SUB9051090,6,1,45.07,1,0.38,1,Network Quality Issues,Low,1-2 calls
SUB5171364,18,3,24.09,2,0.57,0,,Medium,1-2 calls
SUB7417060,48,24,26.19,1,0.118,0,,Very_Low,1-2 calls
SUB6362204,3,24,15.58,3,0.614,1,Price Too High,High,3-4 calls
SUB3573937,12,24,72.89,2,0.246,1,Network Quality Issues,Low,1-2 calls
SUB5197739,6,24,19.94,2,0.307,0,,Low,1-2 calls
SUB4305742,12,12,26.42,3,0.369,0,,Low,3-4 calls
SUB8006451,3,24,26.66,2,0.315,0,,Low,1-2 calls
SUB2470851,6,6,13.89,4,0.472,1,Price Too High,Medium,3-4 calls
SUB1712917,24,12,118.22,0,0.055,0,,Very_Low,0 calls
SUB3936598,24,24,48.52,3,0.236,0,,Low,3-4 calls
SUB8766074,18,12,5.86,2,0.273,1,Service Not Needed,Low,1-2 calls
SUB5486745,48,24,17.85,1,0.102,0,,Very_Low,1-2 calls
SUB7859634,18,3,118.76,0,0.117,0,,Very_Low,0 calls
SUB7574922,24,6,36.94,2,0.052,0,,Very_Low,1-2 calls
SUB3700993,6,6,17.9,3,0.461,1,Network Quality Issues,Medium,3-4 calls
SUB5007324,3,6,28.42,3,0.878,1,Price Too High,Very_High,3-4 calls
SUB4515530,18,24,17.37,2,0.266,0,,Low,1-2 calls
SUB9203492,48,24,7.07,0,0.126,0,,Very_Low,0 calls
SUB1641462,60,12,87.2,2,0.072,0,,Very_Low,1-2 calls
SUB7437885,12,3,15.04,3,0.369,0,,Low,3-4 calls
SUB3327089,12,3,66.93,2,0.132,0,,Very_Low,1-2 calls
SUB1544653,6,12,35.83,6,0.472,1,Relocation/Moving,Medium,5+ calls
SUB6506761,18,12,12.83,4,0.157,0,,Very_Low,3-4 calls
SUB1393186,24,3,86.43,3,0.143,1,Better Competitor Offer,Very_Low,3-4 calls
SUB6972872,1,3,20.28,1,0.472,0,,Medium,1-2 calls
SUB4755490,36,12,76.71,1,0.067,0,,Very_Low,1-2 calls
SUB8071422,12,24,64.31,1,0.088,0,,Very_Low,1-2 calls
SUB4304299,18,3,98.49,3,0.102,0,,Very_Low,3-4 calls
SUB5959691,3,6,10.29,3,0.95,1,Network Quality Issues,Very_High,3-4 calls
SUB7532930,1,12,11.45,3,0.819,1,Price Too High,Very_High,3-4 calls
SUB2750093,60,6,30.77,1,0.102,0,,Very_Low,1-2 calls
SUB7216631,48,24,22.13,2,0.079,0,,Very_Low,1-2 calls
SUB2220682,24,1,47.34,1,0.195,0,,Very_Low,1-2 calls
SUB6243174,12,24,11.68,2,0.378,1,Price Too High,Low,1-2 calls
SUB6005332,6,6,42.15,1,0.205,0,,Low,1-2 calls
SUB3895018,3,12,5.49,3,0.95,1,Price Too High,Very_High,3-4 calls
SUB7820399,1,3,81.5,5,0.95,1,Relocation/Moving,Very_High,5+ calls
SUB1607317,12,24,76.57,2,0.115,1,Better Competitor Offer,Very_Low,1-2 calls
SUB6551252,24,1,9.64,1,0.273,1,Relocation/Moving,Low,1-2 calls
SUB6579123,24,12,52.06,4,0.205,0,,Low,3-4 calls
SUB2693675,24,24,28.35,4,0.95,1,Poor Customer Service,Very_High,3-4 calls
SUB1974303,3,6,19.15,4,0.236,0,,Low,3-4 calls
SUB6211276,36,24,14.08,2,0.22,1,Network Quality Issues,Low,1-2 calls
SUB9709188,24,24,74.59,1,0.096,0,,Very_Low,1-2 calls
SUB4253507,1,1,17.83,3,0.799,1,Price Too High,High,3-4 calls
SUB3876237,6,6,8.37,5,0.945,1,Network Quality Issues,Very_High,5+ calls
SUB4631047,12,12,117.09,4,0.142,1,Network Quality Issues,Very_Low,3-4 calls
SUB5973064,24,24,21.29,2,0.205,0,,Low,1-2 calls
SUB7848120,36,3,108.97,2,0.026,0,,Very_Low,1-2 calls
SUB1480674,12,12,22.1,4,0.369,1,Network Quality Issues,Low,3-4 calls
SUB6320804,3,3,66.44,0,0.118,0,,Very_Low,0 calls
SUB5747924,1,12,82.01,1,0.147,0,,Very_Low,1-2 calls
SUB7684601,18,3,86.5,4,0.079,0,,Very_Low,3-4 calls
SUB8911057,12,3,102.39,2,0.063,0,,Very_Low,1-2 calls
SUB9781664,48,12,99.08,0,0.051,0,,Very_Low,0 calls
SUB4612914,60,24,20.29,2,0.154,0,,Very_Low,1-2 calls
SUB9571632,36,6,69.17,0,0.099,0,,Very_Low,0 calls
SUB3157098,1,12,73.97,2,0.287,1,Better Competitor Offer,Low,1-2 calls
SUB1944353,6,12,8.37,3,0.709,0,,High,3-4 calls
SUB6868555,6,12,102.97,4,0.177,0,,Very_Low,3-4 calls
SUB2721742,1,12,44.59,0,0.18,0,,Very_Low,0 calls
SUB4295453,48,6,6.57,4,0.079,0,,Very_Low,3-4 calls
SUB6870747,36,12,19.14,2,0.165,0,,Very_Low,1-2 calls
SUB9229840,12,1,36.33,3,0.283,0,,Low,3-4 calls
SUB1304543,60,24,42.05,2,0.079,0,,Very_Low,1-2 calls
SUB4112261,18,12,32.04,1,0.136,0,,Very_Low,1-2 calls
SUB2456498,12,6,18.55,3,0.425,0,,Medium,3-4 calls
SUB5713297,12,6,37.57,2,0.063,0,,Very_Low,1-2 calls
SUB7423841,12,1,99.41,1,0.094,0,,Very_Low,1-2 calls
SUB3238154,6,6,24.67,1,0.354,1,Network Quality Issues,Low,1-2 calls
SUB9391893,3,12,36.37,1,0.315,0,,Low,1-2 calls
SUB3657303,12,24,20.3,6,0.27,0,,Low,5+ calls
SUB6390656,12,12,14.35,1,0.126,0,,Very_Low,1-2 calls
SUB9324458,36,12,39.74,1,0.136,1,Relocation/Moving,Very_Low,1-2 calls
SUB7663143,12,12,10.7,4,0.491,1,Poor Customer Service,Medium,3-4 calls
SUB1665979,36,12,75.82,3,0.116,0,,Very_Low,3-4 calls
SUB6446342,60,1,82.38,4,0.083,0,,Very_Low,3-4 calls
SUB1784278,24,24,24.07,3,0.307,1,Price Too High,Low,3-4 calls
SUB9896161,3,6,27.1,2,0.315,1,Price Too High,Low,1-2 calls
SUB8806421,12,24,119.47,1,0.082,0,,Very_Low,1-2 calls
SUB5084457,36,6,6.55,2,0.191,0,,Very_Low,1-2 calls
SUB3470562,12,12,37.69,5,0.328,1,Poor Customer Service,Low,5+ calls
SUB8104627,24,6,115.47,1,0.112,0,,Very_Low,1-2 calls
SUB4798057,24,3,118.05,2,0.052,0,,Very_Low,1-2 calls
SUB4198747,3,24,43.36,2,0.355,0,,Low,1-2 calls
SUB6476049,6,12,25.57,3,0.532,1,Price Too High,Medium,3-4 calls
SUB2902871,24,6,11.55,1,0.273,0,,Low,1-2 calls
SUB2811049,3,1,8.42,0,0.168,0,,Very_Low,0 calls
SUB9734837,12,24,68.12,1,0.115,1,Relocation/Moving,Very_Low,1-2 calls
SUB5757812,3,24,7.86,0,0.437,0,,Medium,0 calls
SUB6758851,6,6,112.34,0,0.094,0,,Very_Low,0 calls
SUB9468579,6,3,38.72,1,0.157,0,,Very_Low,1-2 calls
SUB5591901,12,1,7.12,2,0.176,0,,Very_Low,1-2 calls
SUB3849095,48,3,16.26,0,0.082,0,,Very_Low,0 calls
SUB7779617,12,12,40.76,2,0.189,0,,Very_Low,1-2 calls
SUB1846462,36,24,7.35,1,0.074,1,Network Quality Issues,Very_Low,1-2 calls
SUB1723879,18,6,67.51,2,0.074,0,,Very_Low,1-2 calls
SUB4332006,24,6,101.8,3,0.079,0,,Very_Low,3-4 calls
SUB2619814,24,6,90.91,2,0.089,0,,Very_Low,1-2 calls
SUB2444315,6,1,64.5,3,0.248,0,,Low,3-4 calls
SUB2502718,6,3,82.96,1,0.146,1,Better Competitor Offer,Very_Low,1-2 calls
SUB3828340,60,12,39.96,4,0.102,0,,Very_Low,3-4 calls
SUB2194737,24,3,39.93,1,0.136,0,,Very_Low,1-2 calls
SUB7696579,6,12,51.66,1,0.165,0,,Very_Low,1-2 calls
SUB1398825,18,1,19.94,2,0.205,0,,Low,1-2 calls
SUB2885190,24,24,9.91,1,0.147,0,,Very_Low,1-2 calls
SUB5695781,1,12,60.34,2,0.074,0,,Very_Low,1-2 calls
SUB6091995,1,12,83.73,0,0.164,1,Better Competitor Offer,Very_Low,0 calls
SUB1230596,1,12,38.24,2,0.21,0,,Low,1-2 calls
SUB5993899,3,6,37.08,1,0.21,0,,Low,1-2 calls
SUB5122990,3,12,34.39,2,0.147,0,,Very_Low,1-2 calls
SUB7497127,12,12,40.58,3,0.132,0,,Very_Low,3-4 calls
SUB1294358,6,24,17.26,3,0.177,1,Network Quality Issues,Very_Low,3-4 calls
SUB8594902,1,6,103.32,2,0.098,0,,Very_Low,1-2 calls
SUB8833276,12,3,42.78,1,0.189,0,,Very_Low,1-2 calls
SUB3873798,18,6,9.07,0,0.168,0,,Very_Low,0 calls
SUB5721005,12,1,58.81,4,0.172,0,,Very_Low,3-4 calls
SUB5970345,6,6,23.53,3,0.532,0,,Medium,3-4 calls
SUB2247752,12,3,54.73,1,0.132,0,,Very_Low,1-2 calls
SUB5695154,12,12,49.21,2,0.189,0,,Very_Low,1-2 calls
SUB6357777,12,12,63.0,3,0.132,0,,Very_Low,3-4 calls
SUB6301288,1,1,9.85,0,0.437,0,,Medium,0 calls
SUB1116908,12,1,11.42,0,0.262,0,,Low,0 calls
SUB3343145,24,12,19.64,1,0.157,0,,Very_Low,1-2 calls
SUB6846899,24,12,81.57,3,0.143,0,,Very_Low,3-4 calls
SUB7796877,12,12,24.28,3,0.369,0,,Low,3-4 calls
SUB1851563,60,24,20.19,6,0.205,0,,Low,5+ calls
SUB6360678,36,12,85.33,2,0.062,0,,Very_Low,1-2 calls
SUB9626510,3,12,17.46,3,0.709,0,,High,3-4 calls
SUB7612303,12,6,61.13,0,0.049,0,,Very_Low,0 calls
SUB9127678,6,12,61.97,1,0.11,0,,Very_Low,1-2 calls
SUB9212803,18,24,95.97,2,0.112,0,,Very_Low,1-2 calls
SUB9871058,6,6,110.6,1,0.055,0,,Very_Low,1-2 calls
SUB6310074,1,12,32.0,4,0.614,1,Network Quality Issues,High,3-4 calls
SUB2519598,48,3,63.23,1,0.048,0,,Very_Low,1-2 calls
SUB3659232,12,24,44.23,3,0.189,0,,Very_Low,3-4 calls
SUB1045807,48,12,25.66,0,0.094,0,,Very_Low,0 calls
SUB2435986,3,6,26.36,4,0.472,1,Network Quality Issues,Medium,3-4 calls
SUB1660501,3,24,27.77,1,0.315,0,,Low,1-2 calls
SUB2558274,6,24,22.32,2,0.236,0,,Low,1-2 calls
SUB5732369,12,3,72.69,2,0.132,0,,Very_Low,1-2 calls
SUB3938287,36,3,84.76,2,0.062,0,,Very_Low,1-2 calls
SUB4764993,18,24,85.81,3,0.118,0,,Very_Low,3-4 calls
SUB1309963,1,12,22.98,1,0.337,0,,Low,1-2 calls
SUB5091701,12,24,14.0,0,0.302,0,,Low,0 calls
SUB2183493,24,6,78.89,1,0.096,0,,Very_Low,1-2 calls
SUB5741882,6,12,25.47,2,0.165,0,,Very_Low,1-2 calls
SUB5618219,12,12,83.82,1,0.062,0,,Very_Low,1-2 calls
SUB7466780,24,3,64.38,2,0.074,1,Network Quality Issues,Very_Low,1-2 calls
SUB2551726,60,24,47.95,2,0.073,1,Network Quality Issues,Very_Low,1-2 calls
SUB5391649,6,12,26.28,2,0.307,0,,Low,1-2 calls
SUB3900203,24,12,13.86,2,0.273,0,,Low,1-2 calls
SUB2650870,24,3,22.4,0,0.189,0,,Very_Low,0 calls
SUB8062215,12,12,33.39,1,0.246,0,,Low,1-2 calls
SUB8559012,24,24,97.49,2,0.075,1,Better Competitor Offer,Very_Low,1-2 calls
SUB4620597,12,24,9.67,3,0.737,0,,High,3-4 calls
SUB6519803,18,24,23.53,2,0.292,0,,Low,1-2 calls
SUB6687136,36,1,49.27,2,0.157,0,,Very_Low,1-2 calls
SUB8789573,12,3,27.8,1,0.456,0,,Medium,1-2 calls
SUB1667538,12,12,94.39,5,0.126,1,Relocation/Moving,Very_Low,5+ calls
SUB5607455,18,24,6.05,3,0.41,0,,Medium,3-4 calls
SUB3013338,24,12,86.17,3,0.079,0,,Very_Low,3-4 calls
SUB5872691,3,1,107.5,4,0.112,0,,Very_Low,3-4 calls
SUB3062624,24,12,87.77,2,0.037,0,,Very_Low,1-2 calls
SUB5261663,6,12,5.39,3,0.614,1,Relocation/Moving,High,3-4 calls
SUB3300612,1,1,19.37,2,0.157,0,,Very_Low,1-2 calls
SUB5010768,24,1,86.36,2,0.143,0,,Very_Low,1-2 calls
SUB2325831,3,3,78.48,3,0.41,0,,Medium,3-4 calls
SUB8503416,3,1,62.53,1,0.287,1,Network Quality Issues,Low,1-2 calls
SUB2881397,24,1,20.36,1,0.307,0,,Low,1-2 calls
SUB4911251,18,3,28.96,3,0.118,0,,Very_Low,3-4 calls
SUB4546434,48,12,118.56,2,0.034,0,,Very_Low,1-2 calls
SUB1762557,60,3,12.3,2,0.074,0,,Very_Low,1-2 calls
SUB6267382,6,12,13.08,2,0.532,1,Network Quality Issues,Medium,1-2 calls
SUB9167575,6,3,7.99,1,0.22,0,,Low,1-2 calls
SUB3719713,3,6,53.48,0,0.164,1,Network Quality Issues,Very_Low,0 calls
SUB9971541,12,24,9.57,1,0.426,1,Price Too High,Medium,1-2 calls
SUB8188106,12,24,33.27,5,0.252,1,Poor Customer Service,Low,5+ calls
SUB1321199,1,6,26.37,2,0.315,0,,Low,1-2 calls
SUB6362695,12,6,14.3,1,0.18,0,,Very_Low,1-2 calls
SUB4829994,1,1,70.69,2,0.191,0,,Very_Low,1-2 calls
SUB3429488,24,24,6.1,0,0.168,0,,Very_Low,0 calls
SUB8392053,48,1,18.2,3,0.154,0,,Very_Low,3-4 calls
SUB1029092,6,1,34.12,3,0.354,1,Relocation/Moving,Low,3-4 calls
SUB6113050,18,12,15.71,3,0.354,0,,Low,3-4 calls
SUB8709019,1,3,19.62,1,0.409,1,Relocation/Moving,Medium,1-2 calls
SUB1657191,6,12,89.72,2,0.055,0,,Very_Low,1-2 calls
SUB1883435,18,1,106.48,1,0.068,0,,Very_Low,1-2 calls
SUB5081534,3,1,20.05,1,0.409,0,,Medium,1-2 calls
SUB9260768,12,12,17.26,1,0.189,0,,Very_Low,1-2 calls
SUB4509934,60,12,28.85,3,0.154,0,,Very_Low,3-4 calls
SUB8988597,3,1,100.15,3,0.112,0,,Very_Low,3-4 calls
SUB1207580,18,3,45.31,4,0.266,0,,Low,3-4 calls
SUB1769032,36,3,10.91,2,0.373,1,Service Not Needed,Low,1-2 calls
SUB4772380,24,24,112.57,3,0.118,0,,Very_Low,3-4 calls
SUB9865465,24,12,30.74,1,0.074,0,,Very_Low,1-2 calls
SUB9399625,1,12,23.86,2,0.157,0,,Very_Low,1-2 calls
SUB7065925,60,1,29.89,2,0.102,1,Price Too High,Very_Low,1-2 calls
SUB4931895,24,12,7.97,2,0.315,0,,Low,1-2 calls
SUB4100786,60,3,101.78,1,0.044,0,,Very_Low,1-2 calls
SUB8285880,60,12,80.87,2,0.052,0,,Very_Low,1-2 calls
SUB3651788,6,12,9.65,1,0.315,0,,Low,1-2 calls
SUB1209720,12,24,37.02,1,0.063,0,,Very_Low,1-2 calls
SUB3218222,24,24,35.67,1,0.136,0,,Very_Low,1-2 calls
SUB4990919,36,3,8.6,5,0.206,1,Network Quality Issues,Low,5+ calls
SUB9302089,60,24,17.26,2,0.133,0,,Very_Low,1-2 calls
SUB4015624,60,1,40.83,2,0.068,0,,Very_Low,1-2 calls
SUB7553968,6,6,28.96,2,0.236,0,,Low,1-2 calls
SUB8900171,18,1,23.9,2,0.205,0,,Low,1-2 calls
SUB2695625,3,12,12.69,3,0.95,1,Network Quality Issues,Very_High,3-4 calls
SUB9283032,24,12,16.66,1,0.236,0,,Low,1-2 calls
SUB8016611,3,3,49.54,1,0.273,0,,Low,1-2 calls
SUB4837478,36,1,11.57,2,0.147,1,Network Quality Issues,Very_Low,1-2 calls
SUB5024537,60,3,42.85,3,0.079,0,,Very_Low,3-4 calls
SUB3780877,1,24,22.73,1,0.472,0,,Medium,1-2 calls
SUB4031863,12,12,50.79,3,0.172,0,,Very_Low,3-4 calls
SUB2150311,6,3,20.09,3,0.532,1,Network Quality Issues,Medium,3-4 calls
SUB2595776,12,24,48.64,2,0.164,0,,Very_Low,1-2 calls
SUB4117173,6,1,31.66,1,0.205,0,,Low,1-2 calls
SUB9051964,1,12,83.33,1,0.103,0,,Very_Low,1-2 calls
SUB5825885,12,6,76.06,5,0.123,0,,Very_Low,5+ calls
SUB4244811,3,3,6.67,3,0.819,1,Price Too High,Very_High,3-4 calls
SUB6880823,12,3,103.36,2,0.063,1,Better Competitor Offer,Very_Low,1-2 calls
SUB4033932,18,12,50.4,2,0.096,1,Relocation/Moving,Very_Low,1-2 calls
SUB1621747,12,24,42.64,1,0.189,0,,Very_Low,1-2 calls
SUB2281258,3,12,87.21,3,0.225,0,,Low,3-4 calls
SUB5623190,3,12,23.45,0,0.328,0,,Low,0 calls
SUB5423475,1,24,5.67,2,0.546,1,Relocation/Moving,Medium,1-2 calls
SUB5361862,24,12,74.78,1,0.266,0,,Low,1-2 calls
SUB1983061,6,3,89.99,3,0.059,0,,Very_Low,3-4 calls
SUB1296412,60,24,7.11,0,0.164,0,,Very_Low,0 calls
SUB2594362,24,12,35.58,1,0.136,0,,Very_Low,1-2 calls
SUB7318653,6,6,84.44,0,0.044,0,,Very_Low,0 calls
SUB7400231,3,12,98.77,3,0.158,0,,Very_Low,3-4 calls
SUB9151496,18,6,27.0,0,0.189,1,Network Quality Issues,Very_Low,0 calls
SUB6040360,36,1,13.9,1,0.136,1,Network Quality Issues,Very_Low,1-2 calls
SUB8156065,18,6,19.01,1,0.236,0,,Low,1-2 calls
SUB8451062,1,6,45.27,0,0.168,1,Network Quality Issues,Very_Low,0 calls
SUB9705398,24,6,110.73,1,0.052,0,,Very_Low,1-2 calls
SUB4547480,60,12,41.76,2,0.068,0,,Very_Low,1-2 calls
SUB4787415,1,3,81.04,3,0.157,0,,Very_Low,3-4 calls
SUB9434320,24,12,87.01,2,0.11,0,,Very_Low,1-2 calls
SUB5528268,24,24,30.88,2,0.157,0,,Very_Low,1-2 calls
SUB3222494,12,12,5.6,0,0.202,0,,Low,0 calls
SUB1487707,18,12,26.21,0,0.213,0,,Low,0 calls
SUB1092091,3,3,11.5,2,0.21,0,,Low,1-2 calls
SUB6590938,24,12,24.14,0,0.164,1,Price Too High,Very_Low,0 calls
SUB1893150,18,24,12.05,0,0.252,0,,Low,0 calls
SUB7506016,1,3,14.68,2,0.95,1,Price Too High,Very_High,1-2 calls
SUB9924435,36,1,28.5,0,0.115,0,,Very_Low,0 calls
SUB9042153,3,12,33.12,0,0.328,0,,Low,0 calls
SUB6518358,12,12,28.49,3,0.369,0,,Low,3-4 calls
SUB9286151,3,24,88.21,0,0.084,0,,Very_Low,0 calls
SUB4940063,18,12,49.82,1,0.136,0,,Very_Low,1-2 calls
SUB9810351,24,24,75.49,1,0.096,0,,Very_Low,1-2 calls
SUB8224589,48,3,55.14,1,0.048,0,,Very_Low,1-2 calls
SUB2525068,6,1,71.47,1,0.215,0,,Low,1-2 calls
SUB4337013,6,12,89.78,2,0.154,0,,Very_Low,1-2 calls
SUB8716492,12,6,22.16,2,0.172,0,,Very_Low,1-2 calls
SUB3135896,1,3,23.65,3,0.95,1,Price Too High,Very_High,3-4 calls
SUB5572530,24,1,9.61,0,0.328,0,,Low,0 calls
SUB3416738,1,12,30.01,1,0.355,0,,Low,1-2 calls
SUB7158382,6,24,29.97,2,0.118,0,,Very_Low,1-2 calls
SUB3332127,3,6,44.99,4,0.472,0,,Medium,3-4 calls
SUB2926252,18,24,5.03,3,0.472,0,,Medium,3-4 calls
SUB3074278,48,6,35.23,4,0.039,0,,Very_Low,3-4 calls
SUB5983926,24,24,35.49,1,0.136,0,,Very_Low,1-2 calls
SUB5334165,24,24,21.73,1,0.236,0,,Low,1-2 calls
SUB2278343,1,24,38.55,1,0.273,0,,Low,1-2 calls
SUB4032115,24,3,117.76,2,0.079,0,,Very_Low,1-2 calls
SUB1690778,1,6,62.37,2,0.248,0,,Low,1-2 calls
SUB5044064,12,12,27.22,3,0.198,0,,Very_Low,3-4 calls
SUB9566765,18,6,114.69,1,0.052,0,,Very_Low,1-2 calls
SUB7634699,6,24,5.81,1,0.315,0,,Low,1-2 calls
SUB3350959,18,24,28.87,0,0.304,0,,Low,0 calls
SUB6959322,36,24,5.41,0,0.176,0,,Very_Low,0 calls
SUB7036207,36,6,91.46,0,0.044,0,,Very_Low,0 calls
SUB4343867,3,3,8.24,0,0.235,0,,Low,0 calls
SUB7362473,6,3,9.02,4,0.472,1,Price Too High,Medium,3-4 calls
SUB3642800,18,1,112.44,3,0.154,0,,Very_Low,3-4 calls
SUB9181311,36,3,36.99,1,0.096,1,Relocation/Moving,Very_Low,1-2 calls
SUB2658332,12,3,84.95,2,0.062,0,,Very_Low,1-2 calls
SUB5451441,48,6,6.17,3,0.266,1,Price Too High,Low,3-4 calls
SUB6018768,18,1,17.39,2,0.205,0,,Low,1-2 calls
SUB1771279,6,24,114.62,0,0.082,0,,Very_Low,0 calls
SUB9076818,1,12,32.01,4,0.675,0,,High,3-4 calls
SUB5074999,24,12,80.67,5,0.382,0,,Low,5+ calls
SUB1663431,1,12,81.26,4,0.157,1,Relocation/Moving,Very_Low,3-4 calls
SUB9966309,1,3,71.93,3,0.22,0,,Low,3-4 calls
SUB2588404,24,24,15.57,2,0.11,0,,Very_Low,1-2 calls
SUB9641123,1,3,23.91,3,0.236,0,,Low,3-4 calls
SUB4892825,36,12,14.79,0,0.176,0,,Very_Low,0 calls
SUB6353374,18,3,29.55,3,0.354,0,,Low,3-4 calls
SUB3871083,18,24,84.15,2,0.068,0,,Very_Low,1-2 calls
SUB9998331,48,24,38.18,1,0.079,0,,Very_Low,1-2 calls
SUB5738379,36,3,97.72,1,0.074,0,,Very_Low,1-2 calls
SUB9671734,1,24,50.27,1,0.103,0,,Very_Low,1-2 calls
SUB7542224,36,12,99.72,3,0.055,0,,Very_Low,3-4 calls
SUB3644046,18,12,84.19,0,0.071,0,,Very_Low,0 calls
SUB7403679,6,3,70.44,1,0.215,0,,Low,1-2 calls
SUB6814104,36,3,117.99,2,0.062,0,,Very_Low,1-2 calls
SUB4763302,1,24,87.33,2,0.103,1,Better Competitor Offer,Very_Low,1-2 calls
SUB1926097,36,3,59.76,2,0.067,0,,Very_Low,1-2 calls
SUB2983438,18,24,54.9,5,0.22,0,,Low,5+ calls
SUB6193951,6,6,58.95,0,0.115,0,,Very_Low,0 calls
SUB1383609,1,1,23.09,1,0.225,0,,Low,1-2 calls
SUB4105003,12,12,19.66,1,0.189,0,,Very_Low,1-2 calls
SUB2863082,12,6,23.97,2,0.094,0,,Very_Low,1-2 calls
SUB3510963,36,24,13.55,3,0.154,0,,Very_Low,3-4 calls
SUB2753313,24,6,44.68,0,0.109,0,,Very_Low,0 calls
SUB3386149,18,6,106.66,3,0.118,0,,Very_Low,3-4 calls
SUB4481591,3,12,54.09,1,0.191,0,,Very_Low,1-2 calls
SUB6766392,24,12,6.22,1,0.21,0,,Low,1-2 calls
SUB3803005,18,24,72.29,2,0.143,0,,Very_Low,1-2 calls
SUB3264719,1,1,85.92,3,0.205,0,,Low,3-4 calls
SUB6256583,24,6,67.72,3,0.165,0,,Very_Low,3-4 calls
SUB4044221,36,12,87.86,3,0.077,0,,Very_Low,3-4 calls
SUB5126553,24,1,11.33,1,0.315,1,Price Too High,Low,1-2 calls
SUB6098227,3,6,24.49,1,0.315,0,,Low,1-2 calls
SUB2661342,12,24,33.51,2,0.164,1,Network Quality Issues,Very_Low,1-2 calls
SUB6645812,12,1,7.64,2,0.378,0,,Low,1-2 calls
SUB6218907,48,6,6.38,2,0.136,0,,Very_Low,1-2 calls
SUB3916933,48,6,101.52,1,0.026,0,,Very_Low,1-2 calls
SUB8710611,1,12,65.51,2,0.273,0,,Low,1-2 calls
SUB9257668,60,3,25.37,1,0.118,0,,Very_Low,1-2 calls
SUB7273672,24,3,29.36,2,0.205,0,,Low,1-2 calls
SUB6573945,12,1,27.6,1,0.284,0,,Low,1-2 calls
SUB5886202,24,24,12.93,2,0.315,0,,Low,1-2 calls
SUB4906997,12,6,81.28,2,0.088,0,,Very_Low,1-2 calls
SUB7466751,48,1,8.56,3,0.307,1,Price Too High,Low,3-4 calls
SUB1785786,12,1,83.99,1,0.115,0,,Very_Low,1-2 calls
SUB3427667,24,1,83.54,3,0.055,0,,Very_Low,3-4 calls
SUB6311154,3,3,40.91,1,0.21,0,,Low,1-2 calls
SUB7557734,36,12,59.59,1,0.096,0,,Very_Low,1-2 calls
SUB1563889,18,12,7.31,1,0.21,0,,Low,1-2 calls
SUB1277834,24,12,49.75,1,0.292,0,,Low,1-2 calls
SUB6506933,12,1,77.35,0,0.092,0,,Very_Low,0 calls
SUB6585056,6,3,84.07,4,0.215,0,,Low,3-4 calls
SUB5730654,12,6,13.21,2,0.632,0,,High,1-2 calls
SUB4894325,12,6,17.4,4,0.95,1,Network Quality Issues,Very_High,3-4 calls
SUB6379105,12,1,26.3,3,0.369,1,Relocation/Moving,Low,3-4 calls
SUB4244998,12,12,33.72,3,0.094,0,,Very_Low,3-4 calls
SUB4998585,3,3,81.12,0,0.082,0,,Very_Low,0 calls
SUB3816112,60,3,48.3,1,0.228,1,Service Not Needed,Low,1-2 calls
SUB7900725,1,12,85.72,2,0.147,1,Better Competitor Offer,Very_Low,1-2 calls
SUB2732141,48,1,11.72,1,0.136,0,,Very_Low,1-2 calls
SUB9675237,36,24,100.78,2,0.026,0,,Very_Low,1-2 calls
SUB7905043,12,24,34.86,1,0.164,0,,Very_Low,1-2 calls
SUB7134896,6,6,5.21,2,0.472,1,Network Quality Issues,Medium,1-2 calls
SUB2634461,3,24,37.64,2,0.3,0,,Low,1-2 calls
SUB3887569,3,6,43.93,3,0.315,0,,Low,3-4 calls
SUB2746988,18,24,17.15,2,0.11,1,Price Too High,Very_Low,1-2 calls
SUB5896986,3,24,85.57,2,0.074,0,,Very_Low,1-2 calls
SUB2020346,12,24,112.86,0,0.066,0,,Very_Low,0 calls
SUB2886522,24,1,26.46,4,0.354,0,,Low,3-4 calls
SUB6523632,24,12,36.67,1,0.105,0,,Very_Low,1-2 calls
SUB4119331,3,12,5.95,3,0.441,0,,Medium,3-4 calls
SUB8301078,60,1,105.37,0,0.015,0,,Very_Low,0 calls
SUB5003487,6,24,28.22,1,0.399,1,Network Quality Issues,Low,1-2 calls
SUB1834938,24,24,11.8,0,0.252,1,Price Too High,Low,0 calls
SUB1807400,6,24,45.38,1,0.41,0,,Medium,1-2 calls
SUB7505134,18,12,7.46,1,0.273,0,,Low,1-2 calls
SUB7472036,18,6,22.03,4,0.236,0,,Low,3-4 calls
SUB4931792,3,12,9.22,3,0.819,1,Network Quality Issues,Very_High,3-4 calls
SUB5367207,18,12,14.63,1,0.273,0,,Low,1-2 calls
SUB4581877,6,6,5.37,5,0.63,0,,High,5+ calls
SUB9043732,18,6,115.66,2,0.089,0,,Very_Low,1-2 calls
SUB5297255,12,1,93.45,2,0.09,0,,Very_Low,1-2 calls
SUB5149570,36,6,42.92,2,0.11,0,,Very_Low,1-2 calls
SUB9694353,3,6,49.95,2,0.273,1,Relocation/Moving,Low,1-2 calls
SUB2779892,3,12,87.12,1,0.191,1,Better Competitor Offer,Very_Low,1-2 calls
SUB7363634,36,6,28.46,2,0.11,0,,Very_Low,1-2 calls
SUB8252270,12,1,28.46,3,0.369,0,,Low,3-4 calls
SUB6518225,24,6,78.08,2,0.205,1,Better Competitor Offer,Low,1-2 calls
SUB1920243,60,12,20.88,1,0.079,0,,Very_Low,1-2 calls
SUB4421103,12,24,46.44,0,0.101,0,,Very_Low,0 calls
SUB4402410,6,3,30.97,2,0.205,0,,Low,1-2 calls
SUB9809609,24,6,46.74,0,0.109,0,,Very_Low,0 calls
SUB3835309,48,24,67.3,0,0.038,0,,Very_Low,0 calls
SUB9400944,6,1,75.05,2,0.11,1,Network Quality Issues,Very_Low,1-2 calls
SUB6058211,18,6,114.69,1,0.102,0,,Very_Low,1-2 calls
SUB8422244,24,12,60.53,0,0.115,0,,Very_Low,0 calls
SUB3958963,1,6,11.13,3,0.573,0,,Medium,3-4 calls
SUB4191319,18,6,80.81,1,0.096,0,,Very_Low,1-2 calls
SUB6042486,18,24,78.18,3,0.143,0,,Very_Low,3-4 calls
SUB3979718,18,1,30.55,1,0.075,0,,Very_Low,1-2 calls
SUB4768553,1,1,43.44,1,0.273,1,Relocation/Moving,Low,1-2 calls
SUB9677980,1,3,14.05,2,0.42,0,,Medium,1-2 calls
SUB9403037,6,6,94.69,2,0.154,0,,Very_Low,1-2 calls
SUB9325344,6,6,115.17,2,0.102,0,,Very_Low,1-2 calls
SUB8717753,3,1,47.24,4,0.315,0,,Low,3-4 calls
SUB6426967,12,24,9.51,1,0.328,1,Relocation/Moving,Low,1-2 calls
SUB4476808,6,12,60.45,3,0.165,0,,Very_Low,3-4 calls
SUB7917571,6,3,25.56,0,0.135,0,,Very_Low,0 calls
SUB9341219,6,3,17.98,2,0.236,0,,Low,1-2 calls
SUB5394203,24,1,62.61,1,0.074,0,,Very_Low,1-2 calls
SUB5622776,36,6,70.78,2,0.067,1,Network Quality Issues,Very_Low,1-2 calls
SUB9596108,6,3,8.88,2,0.315,0,,Low,1-2 calls
SUB6214802,12,12,53.09,2,0.08,0,,Very_Low,1-2 calls
SUB6556452,24,12,82.36,3,0.079,0,,Very_Low,3-4 calls
SUB7664102,24,24,34.71,3,0.11,0,,Very_Low,3-4 calls
SUB7865999,24,12,16.99,6,0.315,1,Price Too High,Low,5+ calls
SUB8562635,24,1,13.5,1,0.315,0,,Low,1-2 calls
SUB5435786,6,12,10.77,3,0.43,0,,Medium,3-4 calls
SUB3862750,48,1,14.96,2,0.105,0,,Very_Low,1-2 calls
SUB8085757,24,6,22.86,0,0.115,0,,Very_Low,0 calls
SUB7785932,3,12,24.07,4,0.709,1,Price Too High,High,3-4 calls
SUB5906526,18,6,19.32,2,0.112,0,,Very_Low,1-2 calls
SUB3578305,3,12,25.05,2,0.472,0,,Medium,1-2 calls
SUB2255950,18,24,18.56,2,0.205,1,Price Too High,Low,1-2 calls
SUB9277304,6,24,15.04,3,0.461,0,,Medium,3-4 calls
SUB4696458,3,1,74.22,0,0.118,0,,Very_Low,0 calls
SUB2615270,18,12,45.42,2,0.195,1,Relocation/Moving,Very_Low,1-2 calls
SUB2089100,36,24,10.09,2,0.147,0,,Very_Low,1-2 calls
SUB7445860,3,12,16.5,5,0.819,1,Network Quality Issues,Very_High,5+ calls
SUB6925803,36,12,50.64,3,0.116,0,,Very_Low,3-4 calls
SUB5675195,3,24,28.54,3,0.709,0,,High,3-4 calls
SUB9131526,24,1,100.68,1,0.037,0,,Very_Low,1-2 calls
SUB9957541,60,1,66.04,3,0.107,0,,Very_Low,3-4 calls
SUB1384903,1,12,27.85,5,0.95,1,Price Too High,Very_High,5+ calls
SUB8609420,3,12,32.2,6,0.546,1,Network Quality Issues,Medium,5+ calls
SUB2768407,12,1,61.74,2,0.115,0,,Very_Low,1-2 calls
SUB9105925,24,6,9.58,0,0.118,0,,Very_Low,0 calls
SUB6521980,36,1,27.14,1,0.077,0,,Very_Low,1-2 calls
SUB8249433,24,12,33.74,2,0.074,0,,Very_Low,1-2 calls
SUB6125702,24,1,89.84,2,0.068,0,,Very_Low,1-2 calls
SUB2540710,12,1,20.12,3,0.369,0,,Low,3-4 calls
SUB4346386,6,6,29.46,1,0.307,1,Network Quality Issues,Low,1-2 calls
SUB6783877,12,3,9.98,3,0.491,1,Relocation/Moving,Medium,3-4 calls
SUB7672028,18,6,34.39,5,0.315,0,,Low,5+ calls
SUB7461202,12,6,50.16,1,0.115,1,Network Quality Issues,Very_Low,1-2 calls
SUB5294329,24,12,26.74,1,0.236,1,Network Quality Issues,Low,1-2 calls
SUB8750981,3,12,54.37,1,0.074,0,,Very_Low,1-2 calls
SUB2199728,12,1,18.26,1,0.172,0,,Very_Low,1-2 calls
SUB2543992,1,6,54.08,0,0.176,1,Relocation/Moving,Very_Low,0 calls
SUB2959484,18,24,27.98,1,0.205,0,,Low,1-2 calls
SUB1767128,24,1,87.66,2,0.037,0,,Very_Low,1-2 calls
SUB5509408,18,24,62.43,1,0.177,1,Network Quality Issues,Very_Low,1-2 calls
SUB3331774,60,1,76.19,4,0.039,0,,Very_Low,3-4 calls
SUB1434368,48,1,24.62,4,0.154,0,,Very_Low,3-4 calls
SUB7077449,6,3,87.72,2,0.11,0,,Very_Low,1-2 calls
SUB3834523,6,6,36.05,3,0.439,1,Network Quality Issues,Medium,3-4 calls
SUB2167498,1,3,98.23,3,0.236,0,,Low,3-4 calls
SUB9905184,12,6,16.35,1,0.246,0,,Low,1-2 calls
SUB4791296,36,24,82.98,1,0.067,0,,Very_Low,1-2 calls
SUB8020480,3,6,28.99,1,0.157,0,,Very_Low,1-2 calls
SUB3933811,18,24,17.29,2,0.236,0,,Low,1-2 calls
SUB4833538,24,1,13.81,1,0.21,0,,Low,1-2 calls
SUB9919757,6,24,19.22,5,0.614,1,Network Quality Issues,High,5+ calls
SUB1238366,24,24,6.03,1,0.147,0,,Very_Low,1-2 calls
SUB7877037,36,3,7.91,2,0.103,0,,Very_Low,1-2 calls
SUB5407900,1,12,7.71,1,0.546,0,,Medium,1-2 calls
SUB9457123,24,3,54.92,3,0.165,0,,Very_Low,3-4 calls
SUB9805348,18,1,34.01,4,0.236,0,,Low,3-4 calls
SUB9033076,36,12,64.51,2,0.051,0,,Very_Low,1-2 calls
SUB1941208,3,12,30.47,0,0.218,0,,Low,0 calls
SUB5383233,24,12,74.17,2,0.096,0,,Very_Low,1-2 calls
SUB3967381,3,6,30.31,0,0.084,0,,Very_Low,0 calls
SUB4114659,18,3,11.2,5,0.546,1,Relocation/Moving,Medium,5+ calls
SUB8303667,6,6,42.47,3,0.236,0,,Low,3-4 calls
SUB7537932,6,1,61.43,3,0.95,1,Network Quality Issues,Very_High,3-4 calls
SUB6607414,12,3,31.65,1,0.189,0,,Very_Low,1-2 calls
SUB7095513,24,3,68.27,1,0.096,0,,Very_Low,1-2 calls
SUB9411603,18,12,66.93,0,0.164,0,,Very_Low,0 calls
SUB2653005,60,1,17.63,0,0.082,0,,Very_Low,0 calls
SUB7243383,3,3,80.19,4,0.154,0,,Very_Low,3-4 calls
SUB1441168,24,3,61.24,3,0.143,0,,Very_Low,3-4 calls
SUB6947117,1,12,10.96,2,0.546,0,,Medium,1-2 calls
SUB9888079,6,3,31.74,1,0.146,1,Relocation/Moving,Very_Low,1-2 calls
SUB7074999,6,1,88.57,3,0.279,0,,Low,3-4 calls
SUB5949331,6,3,33.4,2,0.494,0,,Medium,1-2 calls
SUB6280156,12,6,102.05,2,0.094,0,,Very_Low,1-2 calls
SUB9399122,6,12,7.07,0,0.229,1,Service Not Needed,Low,0 calls
SUB3144608,6,1,75.63,2,0.077,0,,Very_Low,1-2 calls
SUB6506126,36,6,60.05,1,0.077,0,,Very_Low,1-2 calls
SUB3930299,6,12,71.04,0,0.149,0,,Very_Low,0 calls
SUB8818441,60,12,22.91,1,0.102,0,,Very_Low,1-2 calls
SUB6091281,6,6,15.81,1,0.118,0,,Very_Low,1-2 calls
SUB1628373,48,6,30.37,6,0.136,0,,Very_Low,5+ calls
SUB1633389,12,6,18.76,4,0.258,1,Price Too High,Low,3-4 calls
SUB9379482,48,6,86.59,2,0.044,0,,Very_Low,1-2 calls
SUB2157260,12,6,6.29,2,0.491,1,Price Too High,Medium,1-2 calls
SUB8862148,24,24,44.43,1,0.225,0,,Low,1-2 calls
SUB7232474,12,6,13.8,2,0.328,0,,Low,1-2 calls
SUB4355000,18,12,41.59,0,0.109,0,,Very_Low,0 calls
SUB4581311,1,24,62.97,0,0.059,0,,Very_Low,0 calls
SUB7158157,18,6,6.74,3,0.472,0,,Medium,3-4 calls
SUB4783831,6,24,86.25,2,0.205,0,,Low,1-2 calls
SUB6182190,60,24,5.73,1,0.157,0,,Very_Low,1-2 calls
SUB2350093,24,12,47.0,3,0.205,1,Network Quality Issues,Low,3-4 calls
SUB8645195,1,6,35.02,4,0.157,0,,Very_Low,3-4 calls
SUB9582299,3,24,23.39,2,0.472,0,,Medium,1-2 calls
SUB5475687,18,12,12.29,3,0.41,0,,Medium,3-4 calls
SUB6755327,6,12,83.13,2,0.165,0,,Very_Low,1-2 calls
SUB3592440,3,24,25.71,3,0.614,0,,High,3-4 calls
SUB9868577,6,12,11.47,1,0.614,0,,High,1-2 calls
SUB3491721,3,12,83.43,1,0.191,0,,Very_Low,1-2 calls
SUB1682346,18,3,25.63,4,0.307,1,Poor Customer Service,Low,3-4 calls
SUB8313861,6,12,66.64,2,0.143,0,,Very_Low,1-2 calls
SUB5995427,36,24,43.39,4,0.215,0,,Low,3-4 calls
SUB3931659,1,12,13.65,0,0.437,0,,Medium,0 calls
SUB1199542,6,24,14.1,0,0.468,0,,Medium,0 calls
SUB4483802,12,6,36.89,5,0.252,0,,Low,5+ calls
SUB8381740,6,1,14.24,0,0.378,1,Price Too High,Low,0 calls
SUB6087365,1,6,10.81,1,0.95,1,Relocation/Moving,Very_High,1-2 calls
SUB5084032,1,1,62.24,3,0.373,1,Relocation/Moving,Low,3-4 calls
SUB2223045,3,3,31.2,0,0.252,0,,Low,0 calls
SUB9295445,6,3,18.94,2,0.461,1,Price Too High,Medium,1-2 calls
SUB2936983,24,12,30.58,1,0.075,0,,Very_Low,1-2 calls
SUB2404568,12,24,39.22,4,0.246,0,,Low,3-4 calls
SUB1760956,1,1,32.77,1,0.105,0,,Very_Low,1-2 calls
SUB4554382,3,3,43.01,2,0.273,0,,Low,1-2 calls
SUB8297881,6,24,95.88,3,0.2,0,,Very_Low,3-4 calls
SUB8122887,12,24,22.73,2,0.189,1,Price Too High,Very_Low,1-2 calls
SUB5357847,1,24,16.73,3,0.709,1,Price Too High,High,3-4 calls
SUB5565861,3,1,5.41,0,0.437,1,Relocation/Moving,Medium,0 calls
SUB1499964,6,12,11.73,2,0.532,1,Network Quality Issues,Medium,1-2 calls
SUB3997493,36,3,13.62,1,0.134,0,,Very_Low,1-2 calls
SUB8578729,3,12,25.3,2,0.41,0,,Medium,1-2 calls
SUB7638784,6,6,45.61,1,0.205,1,Relocation/Moving,Low,1-2 calls
SUB9394043,12,12,8.38,4,0.95,1,Poor Customer Service,Very_High,3-4 calls
SUB1139565,36,6,82.97,2,0.051,0,,Very_Low,1-2 calls
SUB3942905,12,24,25.33,4,0.425,0,,Medium,3-4 calls
SUB4428261,1,1,87.06,1,0.439,1,Service Not Needed,Medium,1-2 calls
SUB7322954,3,3,36.64,0,0.218,0,,Low,0 calls
SUB9190219,36,24,70.88,1,0.051,0,,Very_Low,1-2 calls
SUB6082281,36,12,87.59,3,0.2,0,,Very_Low,3-4 calls
SUB5754417,24,3,111.68,2,0.127,1,Network Quality Issues,Very_Low,1-2 calls
SUB2327654,12,1,47.26,4,0.189,0,,Very_Low,3-4 calls
SUB3627014,12,6,20.89,1,0.094,0,,Very_Low,1-2 calls
SUB8995018,6,6,36.62,2,0.205,1,Relocation/Moving,Low,1-2 calls
SUB6936419,12,1,27.69,6,0.639,0,,High,5+ calls
SUB8210547,18,24,29.7,3,0.236,0,,Low,3-4 calls
SUB8313184,18,12,17.9,3,0.118,1,Service Not Needed,Very_Low,3-4 calls
SUB1447628,6,24,24.55,1,0.307,0,,Low,1-2 calls
SUB6303441,48,6,19.94,1,0.102,0,,Very_Low,1-2 calls
SUB9853143,12,1,10.05,4,0.567,1,Price Too High,Medium,3-4 calls
SUB3648191,36,24,23.58,4,0.116,1,Network Quality Issues,Very_Low,3-4 calls
SUB2348894,12,1,23.08,0,0.227,0,,Low,0 calls
SUB7151990,1,6,26.42,0,0.378,0,,Low,0 calls
SUB9445180,24,6,64.88,3,0.143,0,,Very_Low,3-4 calls
SUB4550985,48,6,16.29,0,0.057,0,,Very_Low,0 calls
SUB3513595,6,1,100.22,2,0.102,0,,Very_Low,1-2 calls
SUB9161665,12,12,10.19,4,0.265,0,,Low,3-4 calls
SUB1737550,24,1,101.85,5,0.096,0,,Very_Low,5+ calls
SUB6007106,6,6,24.93,2,0.307,1,Relocation/Moving,Low,1-2 calls
SUB2798954,6,24,103.27,3,0.118,0,,Very_Low,3-4 calls
SUB1929090,12,3,24.16,4,0.369,1,Network Quality Issues,Low,3-4 calls
SUB3802743,18,24,86.46,4,0.079,0,,Very_Low,3-4 calls
SUB9776510,18,12,5.95,6,0.42,1,Price Too High,Medium,5+ calls
SUB7165706,12,3,39.84,2,0.063,1,Network Quality Issues,Very_Low,1-2 calls
SUB2900302,36,12,17.61,3,0.322,1,Network Quality Issues,Low,3-4 calls
SUB6846636,3,12,72.73,0,0.199,0,,Very_Low,0 calls
SUB1684659,1,12,30.84,2,0.409,1,Network Quality Issues,Medium,1-2 calls
SUB8430747,3,1,109.44,3,0.292,0,,Low,3-4 calls
SUB8410825,24,6,44.67,0,0.076,0,,Very_Low,0 calls
SUB9828325,3,12,27.89,2,0.41,1,Price Too High,Medium,1-2 calls
SUB7927416,6,12,7.14,1,0.472,0,,Medium,1-2 calls
SUB6385201,36,24,81.53,3,0.116,0,,Very_Low,3-4 calls
SUB8360401,3,1,11.82,1,0.546,1,Price Too High,Medium,1-2 calls
SUB3241105,12,3,77.15,2,0.132,0,,Very_Low,1-2 calls
SUB2320307,12,24,16.12,2,0.246,0,,Low,1-2 calls
SUB5675431,1,3,33.71,2,0.147,0,,Very_Low,1-2 calls
SUB8054378,3,3,34.9,0,0.218,0,,Low,0 calls
SUB6119641,60,24,25.79,2,0.112,0,,Very_Low,1-2 calls
SUB6753670,60,6,87.32,1,0.062,0,,Very_Low,1-2 calls
SUB2095589,36,1,18.56,1,0.11,0,,Very_Low,1-2 calls
SUB5826176,12,1,5.67,3,0.567,0,,Medium,3-4 calls
SUB9466721,18,1,81.71,1,0.026,0,,Very_Low,1-2 calls
SUB2921792,36,3,27.43,2,0.11,1,Price Too High,Very_Low,1-2 calls
SUB6754068,18,6,86.87,1,0.096,0,,Very_Low,1-2 calls
SUB2539219,36,1,47.36,3,0.307,1,Relocation/Moving,Low,3-4 calls
SUB5589716,6,1,85.04,1,0.236,0,,Low,1-2 calls
SUB1085395,18,24,9.78,2,0.147,1,Price Too High,Very_Low,1-2 calls
SUB7063389,18,24,35.71,1,0.105,0,,Very_Low,1-2 calls
SUB8732605,60,24,16.56,2,0.102,0,,Very_Low,1-2 calls
SUB9061792,36,12,42.95,1,0.177,0,,Very_Low,1-2 calls
SUB8876375,3,12,108.79,2,0.074,0,,Very_Low,1-2 calls
SUB2093060,1,3,14.84,4,0.441,0,,Medium,3-4 calls
SUB4235863,12,6,72.6,2,0.088,0,,Very_Low,1-2 calls
SUB5383030,12,3,19.08,3,0.369,0,,Low,3-4 calls
SUB9602831,24,24,17.23,2,0.143,1,Price Too High,Very_Low,1-2 calls
SUB5169495,3,12,28.09,5,0.63,1,Price Too High,High,5+ calls
SUB3612761,48,24,26.14,3,0.2,0,,Very_Low,3-4 calls
SUB2995457,18,3,26.33,2,0.236,0,,Low,1-2 calls
SUB2013071,36,12,19.06,3,0.116,0,,Very_Low,3-4 calls
SUB4275072,36,12,87.02,3,0.15,0,,Very_Low,3-4 calls
SUB5817842,60,1,13.4,6,0.315,0,,Low,5+ calls
SUB9676514,18,12,27.51,2,0.11,0,,Very_Low,1-2 calls
SUB4327786,24,3,19.01,3,0.439,1,Network Quality Issues,Medium,3-4 calls
SUB6932572,36,6,50.92,2,0.047,0,,Very_Low,1-2 calls
SUB3145977,12,12,9.04,2,0.328,1,Price Too High,Low,1-2 calls
SUB7714662,12,6,102.28,3,0.047,0,,Very_Low,3-4 calls
SUB3226217,48,24,14.45,7,0.41,0,,Medium,5+ calls
SUB1632731,1,3,18.76,0,0.252,0,,Low,0 calls
SUB9750364,60,3,8.0,2,0.136,0,,Very_Low,1-2 calls
SUB3214826,18,6,28.94,4,0.354,0,,Low,3-4 calls
SUB4260802,6,24,61.69,1,0.143,0,,Very_Low,1-2 calls
SUB9905865,18,24,40.32,1,0.105,0,,Very_Low,1-2 calls
SUB5590778,18,6,8.28,2,0.409,1,Price Too High,Medium,1-2 calls
SUB6149387,3,24,14.45,3,0.95,0,,Very_High,3-4 calls
SUB6396910,18,1,27.01,0,0.189,0,,Very_Low,0 calls
SUB8827881,48,1,97.6,4,0.084,0,,Very_Low,3-4 calls
SUB4561497,60,24,70.5,1,0.037,0,,Very_Low,1-2 calls
SUB8318898,18,24,28.46,3,0.118,0,,Very_Low,3-4 calls
SUB1262199,6,1,32.44,1,0.205,1,Relocation/Moving,Low,1-2 calls
SUB3870524,18,3,99.21,1,0.075,0,,Very_Low,1-2 calls
SUB2137273,1,24,47.77,1,0.292,0,,Low,1-2 calls
SUB8441537,48,1,82.31,3,0.039,0,,Very_Low,3-4 calls
SUB4867293,24,24,49.99,3,0.157,0,,Very_Low,3-4 calls
SUB7107511,3,12,22.4,1,0.472,1,Price Too High,Medium,1-2 calls
SUB1033734,18,12,85.92,1,0.096,0,,Very_Low,1-2 calls
SUB1213299,1,12,36.86,2,0.355,1,Network Quality Issues,Low,1-2 calls
SUB3771034,3,12,65.81,1,0.191,0,,Very_Low,1-2 calls
SUB9531336,3,3,7.15,1,0.294,1,Price Too High,Low,1-2 calls
SUB1671253,3,3,33.58,1,0.355,1,Relocation/Moving,Low,1-2 calls
SUB7688304,18,12,26.57,5,0.472,0,,Medium,5+ calls
SUB7911616,60,6,26.65,3,0.059,0,,Very_Low,3-4 calls
SUB2006152,3,12,89.32,4,0.287,0,,Low,3-4 calls
SUB7615379,36,3,44.9,2,0.052,0,,Very_Low,1-2 calls
SUB6626211,1,6,41.22,3,0.315,0,,Low,3-4 calls
SUB4262331,1,1,98.23,2,0.157,0,,Very_Low,1-2 calls
SUB4993767,18,1,75.96,3,0.11,0,,Very_Low,3-4 calls
SUB4825091,18,24,39.94,3,0.225,0,,Low,3-4 calls
SUB7914152,6,12,38.51,1,0.439,0,,Medium,1-2 calls
SUB6015551,12,6,28.12,2,0.246,0,,Low,1-2 calls
SUB9026261,24,12,55.59,4,0.186,0,,Very_Low,3-4 calls
SUB7636393,24,12,23.06,3,0.236,0,,Low,3-4 calls
SUB7701354,1,24,84.29,0,0.153,1,Better Competitor Offer,Very_Low,0 calls
SUB4689638,1,12,23.44,3,0.472,0,,Medium,3-4 calls
SUB5486856,1,6,11.01,2,0.63,1,Price Too High,High,1-2 calls
SUB7955653,1,3,9.09,2,0.546,0,,Medium,1-2 calls
SUB2208957,36,1,41.01,0,0.088,0,,Very_Low,0 calls
SUB7232302,1,1,28.72,1,0.472,0,,Medium,1-2 calls
SUB2141766,24,6,27.49,3,0.399,0,,Low,3-4 calls
SUB7259471,60,3,42.51,1,0.089,0,,Very_Low,1-2 calls
SUB1524658,36,6,8.35,3,0.287,1,Network Quality Issues,Low,3-4 calls
SUB6619236,1,1,15.89,1,0.157,0,,Very_Low,1-2 calls
SUB9108196,36,24,26.42,4,0.279,0,,Low,3-4 calls
SUB1003196,60,1,64.49,1,0.037,0,,Very_Low,1-2 calls
SUB4657919,24,6,43.66,2,0.098,0,,Very_Low,1-2 calls
SUB7129877,18,3,108.01,1,0.026,0,,Very_Low,1-2 calls
SUB7105661,18,1,24.61,0,0.088,0,,Very_Low,0 calls
SUB8142727,36,24,23.57,2,0.165,0,,Very_Low,1-2 calls
SUB3603680,18,6,6.43,1,0.21,0,,Low,1-2 calls
SUB7209774,6,12,83.06,9,0.236,0,,Low,5+ calls
SUB1858811,60,12,39.58,3,0.055,0,,Very_Low,3-4 calls
SUB5064337,1,12,45.76,2,0.39,1,Network Quality Issues,Low,1-2 calls
SUB4636119,18,6,109.9,2,0.38,1,Better Competitor Offer,Low,1-2 calls
SUB4556995,18,12,21.92,0,0.117,0,,Very_Low,0 calls
SUB2667108,18,12,15.65,0,0.213,0,,Low,0 calls
SUB3853507,18,24,66.88,1,0.096,0,,Very_Low,1-2 calls
SUB8593548,3,12,62.39,0,0.153,1,Network Quality Issues,Very_Low,0 calls
SUB8793404,3,6,81.22,2,0.191,0,,Very_Low,1-2 calls
SUB3154327,1,6,81.72,4,0.331,1,Poor Customer Service,Low,3-4 calls
SUB5070081,48,12,44.9,1,0.098,0,,Very_Low,1-2 calls
SUB4917000,18,12,80.02,1,0.038,0,,Very_Low,1-2 calls
SUB9173542,1,6,41.96,3,0.41,0,,Medium,3-4 calls
SUB3350716,12,6,19.29,2,0.246,0,,Low,1-2 calls
SUB2264008,6,24,30.72,3,0.165,0,,Very_Low,3-4 calls
SUB7456942,3,12,83.45,0,0.284,0,,Low,0 calls
SUB3768654,36,3,58.92,2,0.067,0,,Very_Low,1-2 calls
SUB8061944,24,3,25.88,2,0.205,1,Price Too High,Low,1-2 calls
SUB4876345,12,24,14.97,0,0.302,0,,Low,0 calls
SUB7057174,12,12,27.06,3,0.79,1,Network Quality Issues,High,3-4 calls
SUB3233414,12,6,82.18,1,0.082,0,,Very_Low,1-2 calls
SUB7134678,18,6,8.09,3,0.157,0,,Very_Low,3-4 calls
SUB9392939,24,6,36.16,1,0.195,1,Service Not Needed,Very_Low,1-2 calls
SUB2565976,36,3,33.76,2,0.11,0,,Very_Low,1-2 calls
SUB4976808,18,12,117.45,4,0.19,0,,Very_Low,3-4 calls
SUB8630725,3,12,89.26,2,0.409,0,,Medium,1-2 calls
SUB9601462,24,12,86.59,3,0.102,1,Relocation/Moving,Very_Low,3-4 calls
SUB5744353,12,12,36.55,4,0.526,1,Relocation/Moving,Medium,3-4 calls
SUB2553416,18,12,105.87,2,0.068,0,,Very_Low,1-2 calls
SUB8260219,3,1,22.49,1,0.878,1,Network Quality Issues,Very_High,1-2 calls
SUB3956156,3,3,23.06,2,0.472,0,,Medium,1-2 calls
SUB3281696,1,6,86.08,2,0.191,0,,Very_Low,1-2 calls
SUB2133243,6,24,22.42,0,0.284,0,,Low,0 calls
SUB1004677,18,6,87.97,3,0.079,0,,Very_Low,3-4 calls
SUB9593188,6,6,24.53,3,0.177,1,Network Quality Issues,Very_Low,3-4 calls
SUB1130334,6,1,17.25,7,0.95,0,,Very_High,5+ calls
SUB5557885,60,24,16.29,1,0.102,1,Price Too High,Very_Low,1-2 calls
SUB6162425,60,12,39.09,1,0.026,0,,Very_Low,1-2 calls
SUB3508963,18,12,9.94,4,0.315,0,,Low,3-4 calls
SUB8820707,6,6,6.87,0,0.126,0,,Very_Low,0 calls
SUB6827316,36,1,102.68,3,0.083,0,,Very_Low,3-4 calls
SUB1558745,24,3,115.16,3,0.118,1,Better Competitor Offer,Very_Low,3-4 calls
SUB9955427,18,24,6.11,4,0.472,1,Price Too High,Medium,3-4 calls
SUB9582851,48,3,32.24,3,0.133,0,,Very_Low,3-4 calls
SUB3870741,12,24,39.61,0,0.131,0,,Very_Low,0 calls
SUB8910091,6,12,15.98,1,0.354,1,Price Too High,Low,1-2 calls
SUB1617423,60,12,33.58,0,0.055,0,,Very_Low,0 calls
SUB9979250,36,6,33.75,1,0.096,0,,Very_Low,1-2 calls
SUB3865893,48,24,32.32,0,0.055,0,,Very_Low,0 calls
SUB2250844,48,3,86.56,3,0.083,0,,Very_Low,3-4 calls
SUB1916094,12,12,41.58,1,0.189,0,,Very_Low,1-2 calls
SUB5289361,36,1,17.95,0,0.088,0,,Very_Low,0 calls
SUB1246889,36,6,48.22,1,0.11,1,Network Quality Issues,Very_Low,1-2 calls
SUB7719142,12,24,41.93,1,0.164,0,,Very_Low,1-2 calls
SUB2465088,18,1,69.21,5,0.191,0,,Very_Low,5+ calls
SUB7147878,18,12,44.55,3,0.11,1,Relocation/Moving,Very_Low,3-4 calls
SUB7615316,1,12,50.81,1,0.191,0,,Very_Low,1-2 calls
SUB6269262,12,24,18.09,0,0.151,0,,Very_Low,0 calls
SUB5184251,1,3,24.95,5,0.315,0,,Low,5+ calls
SUB7838163,12,12,84.74,4,0.094,0,,Very_Low,3-4 calls
SUB5275542,1,24,79.92,0,0.218,0,,Low,0 calls
SUB6236840,12,12,16.85,2,0.246,0,,Low,1-2 calls
SUB2743227,6,24,25.48,0,0.189,0,,Very_Low,0 calls
SUB8660064,24,12,70.3,0,0.076,0,,Very_Low,0 calls
SUB1586470,12,12,20.55,3,0.142,0,,Very_Low,3-4 calls
SUB8170364,12,6,5.07,1,0.252,0,,Low,1-2 calls
SUB4974409,48,3,31.42,1,0.068,1,Network Quality Issues,Very_Low,1-2 calls
SUB1177216,12,6,14.44,0,0.302,0,,Low,0 calls
SUB5649292,3,1,25.94,4,0.709,1,Poor Customer Service,High,3-4 calls
SUB3176512,3,1,23.37,2,0.614,1,Price Too High,High,1-2 calls
SUB4683460,6,3,87.14,0,0.132,0,,Very_Low,0 calls
SUB9512270,6,6,29.2,2,0.307,0,,Low,1-2 calls
SUB2818352,24,12,32.26,3,0.236,0,,Low,3-4 calls
SUB4244571,24,3,66.71,1,0.074,0,,Very_Low,1-2 calls
SUB3894558,1,12,47.97,2,0.409,0,,Medium,1-2 calls
SUB2480175,3,24,10.39,0,0.655,1,Price Too High,High,0 calls
SUB2829484,12,12,50.7,1,0.115,0,,Very_Low,1-2 calls
SUB2667690,1,6,5.83,4,0.573,1,Poor Customer Service,Medium,3-4 calls
SUB5419425,3,6,9.92,1,0.71,1,Price Too High,High,1-2 calls
SUB8217037,48,6,12.06,1,0.136,0,,Very_Low,1-2 calls
SUB6017226,12,1,28.91,2,0.189,0,,Very_Low,1-2 calls
SUB3746153,24,12,50.17,2,0.096,0,,Very_Low,1-2 calls
SUB9360927,6,12,61.13,2,0.186,0,,Very_Low,1-2 calls
SUB2104188,12,1,18.54,3,0.425,1,Price Too High,Medium,3-4 calls
SUB8292496,36,3,117.56,2,0.037,0,,Very_Low,1-2 calls
SUB6125614,18,6,27.16,2,0.157,0,,Very_Low,1-2 calls
SUB4783112,18,24,45.52,1,0.105,1,Network Quality Issues,Very_Low,1-2 calls
SUB3306569,18,24,83.9,9,0.287,0,,Low,5+ calls
SUB1211463,12,12,89.84,3,0.093,0,,Very_Low,3-4 calls
SUB8185300,60,12,11.66,3,0.205,0,,Low,3-4 calls
SUB1268602,36,6,66.39,3,0.15,1,Relocation/Moving,Very_Low,3-4 calls
SUB3394820,24,12,17.14,0,0.213,0,,Low,0 calls
SUB6545501,18,3,25.15,5,0.315,1,Poor Customer Service,Low,5+ calls
SUB5736912,1,12,33.43,0,0.252,0,,Low,0 calls
SUB3507720,12,1,84.87,2,0.164,0,,Very_Low,1-2 calls
SUB4742849,12,6,14.03,2,0.176,1,Service Not Needed,Very_Low,1-2 calls
SUB9482084,1,24,6.64,1,0.546,1,Price Too High,Medium,1-2 calls
SUB1114560,24,24,10.73,2,0.273,0,,Low,1-2 calls
SUB6115011,1,12,23.37,3,0.709,1,Relocation/Moving,High,3-4 calls
SUB2349987,12,3,9.95,3,0.491,0,,Medium,3-4 calls
SUB1549656,48,12,90.05,1,0.11,0,,Very_Low,1-2 calls
SUB4580885,6,12,22.44,3,0.253,1,Price Too High,Low,3-4 calls
SUB8544022,18,24,13.95,6,0.546,0,,Medium,5+ calls
SUB4403209,6,24,30.47,1,0.11,0,,Very_Low,1-2 calls
SUB3995785,3,1,75.26,0,0.176,0,,Very_Low,0 calls
SUB4980125,24,3,51.85,1,0.051,0,,Very_Low,1-2 calls
SUB7901013,3,24,87.31,2,0.287,1,Service Not Needed,Low,1-2 calls
SUB2826629,1,24,8.38,3,0.63,1,Relocation/Moving,High,3-4 calls
SUB6718365,12,3,87.37,1,0.044,0,,Very_Low,1-2 calls
SUB9289985,24,12,33.38,1,0.157,1,Relocation/Moving,Very_Low,1-2 calls
SUB9480287,18,6,48.41,3,0.266,0,,Low,3-4 calls
SUB2339083,6,1,89.91,1,0.146,0,,Very_Low,1-2 calls
SUB6404672,24,24,77.93,3,0.399,0,,Low,3-4 calls
SUB4703367,1,12,57.55,3,0.154,0,,Very_Low,3-4 calls
SUB8975343,18,1,13.37,2,0.315,1,Price Too High,Low,1-2 calls
SUB6934385,18,1,41.72,3,0.236,0,,Low,3-4 calls
SUB4890702,36,24,106.46,3,0.072,1,Network Quality Issues,Very_Low,3-4 calls
SUB3374151,12,12,33.4,1,0.088,0,,Very_Low,1-2 calls
SUB7720841,24,24,6.03,2,0.684,1,Service Not Needed,High,1-2 calls
SUB8601709,3,6,73.79,0,0.118,0,,Very_Low,0 calls
SUB1177476,12,12,13.67,0,0.262,0,,Low,0 calls
SUB2199217,12,12,55.18,5,0.328,0,,Low,5+ calls
SUB3675877,6,24,111.91,0,0.117,0,,Very_Low,0 calls
SUB9306042,1,6,28.69,2,0.472,1,Price Too High,Medium,1-2 calls
SUB3949908,24,12,26.93,2,0.157,0,,Very_Low,1-2 calls
SUB7476625,12,12,29.1,1,0.319,0,,Low,1-2 calls
SUB2931441,6,24,100.07,2,0.102,0,,Very_Low,1-2 calls
SUB1265033,3,6,45.85,1,0.315,1,Relocation/Moving,Low,1-2 calls
SUB7499998,36,6,30.11,3,0.077,0,,Very_Low,3-4 calls
SUB6462774,6,1,80.67,3,0.215,0,,Low,3-4 calls
SUB6818812,3,6,26.02,0,0.36,0,,Low,0 calls
SUB7111053,12,12,15.37,2,0.189,0,,Very_Low,1-2 calls
SUB1842329,24,24,59.25,2,0.096,0,,Very_Low,1-2 calls
SUB8743343,18,1,80.4,4,0.146,1,Better Competitor Offer,Very_Low,3-4 calls
SUB1174588,60,24,11.33,1,0.136,0,,Very_Low,1-2 calls
SUB4773618,60,3,11.98,4,0.11,0,,Very_Low,3-4 calls
SUB8636805,48,3,20.78,3,0.154,0,,Very_Low,3-4 calls
SUB2530332,18,1,86.41,2,0.096,1,Relocation/Moving,Very_Low,1-2 calls
SUB5739023,24,24,20.08,5,0.315,1,Price Too High,Low,5+ calls
SUB8527837,6,12,93.4,2,0.079,0,,Very_Low,1-2 calls
SUB2033290,18,3,5.41,0,0.118,1,Service Not Needed,Very_Low,0 calls
SUB5625535,1,6,9.42,3,0.819,1,Price Too High,Very_High,3-4 calls
SUB7847129,6,24,10.51,3,0.43,0,,Medium,3-4 calls
SUB8458136,6,24,113.72,6,0.205,0,,Low,5+ calls
SUB4158546,6,6,7.91,2,0.157,1,Network Quality Issues,Very_Low,1-2 calls
SUB9870046,3,1,37.22,0,0.118,0,,Very_Low,0 calls
SUB5768424,1,24,20.86,5,0.945,1,Poor Customer Service,Very_High,5+ calls
SUB7070243,18,24,56.81,1,0.096,0,,Very_Low,1-2 calls
SUB2258542,12,24,6.85,2,0.426,1,Relocation/Moving,Medium,1-2 calls
SUB8349953,18,24,89.95,4,0.055,0,,Very_Low,3-4 calls
SUB5072091,3,12,15.06,3,0.472,1,Relocation/Moving,Medium,3-4 calls
SUB8414440,48,24,93.88,0,0.058,0,,Very_Low,0 calls
SUB4793868,12,24,55.0,1,0.115,0,,Very_Low,1-2 calls
SUB2591711,12,24,25.68,2,0.246,1,Price Too High,Low,1-2 calls
SUB2628853,12,12,118.04,0,0.131,0,,Very_Low,0 calls
SUB3058721,18,12,12.44,2,0.21,0,,Low,1-2 calls
SUB2960391,12,12,51.28,4,0.319,0,,Low,3-4 calls
SUB5657448,3,24,18.73,0,0.328,1,Network Quality Issues,Low,0 calls
SUB8392367,24,3,19.71,2,0.157,0,,Very_Low,1-2 calls
SUB7156225,6,1,12.72,3,0.709,1,Network Quality Issues,High,3-4 calls
SUB5076773,12,12,44.89,1,0.189,1,Network Quality Issues,Very_Low,1-2 calls
SUB6393333,18,12,7.14,1,0.273,0,,Low,1-2 calls
SUB5512121,60,1,49.74,3,0.118,0,,Very_Low,3-4 calls
SUB7908008,1,12,16.99,2,0.472,1,Price Too High,Medium,1-2 calls
SUB9447680,12,6,64.81,2,0.132,0,,Very_Low,1-2 calls
SUB4883337,48,24,31.51,3,0.055,0,,Very_Low,3-4 calls
SUB6900726,6,1,69.28,2,0.143,0,,Very_Low,1-2 calls
SUB3163843,3,24,51.61,1,0.191,1,Relocation/Moving,Very_Low,1-2 calls
SUB3762594,18,12,6.64,3,0.472,1,Relocation/Moving,Medium,3-4 calls
SUB8686281,3,24,9.27,2,0.546,0,,Medium,1-2 calls
SUB5201390,36,24,16.49,1,0.186,0,,Very_Low,1-2 calls
SUB9778570,24,24,112.37,0,0.228,0,,Low,0 calls
SUB4477899,3,12,36.14,4,0.315,0,,Low,3-4 calls
SUB5131279,18,1,78.89,0,0.059,0,,Very_Low,0 calls
SUB3086172,1,3,96.8,0,0.142,0,,Very_Low,0 calls
SUB2365265,36,6,104.16,2,0.048,0,,Very_Low,1-2 calls
SUB4242222,3,12,41.9,1,0.273,0,,Low,1-2 calls
SUB9504589,24,12,38.07,3,0.236,0,,Low,3-4 calls
SUB8322933,3,6,94.91,2,0.105,0,,Very_Low,1-2 calls
SUB9677177,12,6,54.24,1,0.062,0,,Very_Low,1-2 calls
SUB4256505,48,12,79.24,3,0.102,0,,Very_Low,3-4 calls
SUB9791249,1,1,48.29,1,0.39,1,Relocation/Moving,Low,1-2 calls
SUB5812056,6,6,30.91,0,0.176,0,,Very_Low,0 calls
SUB4776764,24,12,22.83,1,0.205,0,,Low,1-2 calls
SUB2515538,12,12,62.39,1,0.115,0,,Very_Low,1-2 calls
SUB5849666,18,12,45.58,1,0.136,0,,Very_Low,1-2 calls
SUB4399618,24,1,22.46,0,0.126,0,,Very_Low,0 calls
SUB7725630,24,12,25.87,4,0.165,0,,Very_Low,3-4 calls
SUB4404629,12,12,109.04,1,0.228,1,Better Competitor Offer,Low,1-2 calls
SUB3192848,12,24,45.02,2,0.189,1,Relocation/Moving,Very_Low,1-2 calls
SUB3773219,18,12,16.09,1,0.205,0,,Low,1-2 calls
SUB5864912,3,1,7.98,0,0.218,0,,Low,0 calls
SUB2644173,36,12,43.1,2,0.205,0,,Low,1-2 calls
SUB5261725,1,12,9.06,3,0.441,1,Network Quality Issues,Medium,3-4 calls
SUB9625044,3,12,37.44,2,0.507,1,Service Not Needed,Medium,1-2 calls
SUB6545636,48,12,67.57,3,0.039,0,,Very_Low,3-4 calls
SUB6780618,6,1,30.1,2,0.266,0,,Low,1-2 calls
SUB6252371,6,3,93.2,3,0.154,0,,Very_Low,3-4 calls
SUB3214178,12,12,7.98,3,0.378,0,,Low,3-4 calls
SUB1074804,24,24,21.04,1,0.112,1,Price Too High,Very_Low,1-2 calls
SUB3976877,6,1,8.97,5,0.819,1,Poor Customer Service,Very_High,5+ calls
SUB4789514,36,6,7.69,3,0.287,0,,Low,3-4 calls
SUB5957107,3,24,11.03,1,0.63,1,Network Quality Issues,High,1-2 calls
SUB2972871,3,12,78.05,1,0.287,1,Better Competitor Offer,Low,1-2 calls
SUB2940483,1,6,19.48,1,0.22,1,Relocation/Moving,Low,1-2 calls
SUB3911898,6,1,113.36,4,0.177,1,Network Quality Issues,Very_Low,3-4 calls
SUB9875943,3,6,6.66,2,0.294,0,,Low,1-2 calls
SUB6227365,12,3,56.7,3,0.319,1,Relocation/Moving,Low,3-4 calls
SUB8689262,60,24,93.36,2,0.024,0,,Very_Low,1-2 calls
SUB4509163,36,12,6.64,1,0.22,0,,Low,1-2 calls
SUB7825711,36,24,21.91,3,0.248,0,,Low,3-4 calls
SUB2261402,36,24,79.67,1,0.077,0,,Very_Low,1-2 calls
SUB3126028,6,12,32.37,4,0.165,1,Relocation/Moving,Very_Low,3-4 calls
SUB3985032,6,1,32.89,3,0.399,0,,Low,3-4 calls
SUB4077195,24,12,22.97,5,0.472,0,,Medium,5+ calls
SUB3326344,18,24,53.12,3,0.077,0,,Very_Low,3-4 calls
SUB7103807,3,6,62.28,1,0.103,1,Network Quality Issues,Very_Low,1-2 calls
SUB2076837,60,24,6.62,3,0.11,0,,Very_Low,3-4 calls
SUB8446633,12,24,96.53,1,0.094,0,,Very_Low,1-2 calls
SUB6717467,24,12,34.26,3,0.205,1,Relocation/Moving,Low,3-4 calls
SUB2629040,1,12,32.02,1,0.21,0,,Low,1-2 calls
SUB4663289,1,12,53.66,5,0.382,0,,Low,5+ calls
SUB3916596,12,12,43.49,3,0.283,0,,Low,3-4 calls
SUB8966473,3,3,14.15,4,0.95,1,Relocation/Moving,Very_High,3-4 calls
SUB7185941,60,3,43.72,2,0.038,0,,Very_Low,1-2 calls
SUB5127436,24,3,80.5,4,0.236,0,,Low,3-4 calls
SUB5866940,12,1,82.95,3,0.189,0,,Very_Low,3-4 calls
SUB4462511,60,1,96.27,1,0.049,0,,Very_Low,1-2 calls
SUB1384083,6,24,14.3,0,0.252,0,,Low,0 calls
SUB9920206,18,12,15.01,2,0.205,1,Price Too High,Low,1-2 calls
SUB6607968,1,1,43.27,0,0.218,0,,Low,0 calls
SUB7769552,12,12,46.22,3,0.246,0,,Low,3-4 calls
SUB4050798,1,6,29.05,5,0.441,1,Network Quality Issues,Medium,5+ calls
SUB3536047,6,3,68.13,4,0.215,0,,Low,3-4 calls
SUB7464143,12,24,7.98,0,0.141,0,,Very_Low,0 calls
SUB4254992,12,3,7.94,0,0.202,0,,Low,0 calls
SUB5797663,12,1,110.08,2,0.063,0,,Very_Low,1-2 calls
SUB7269191,18,3,24.74,0,0.164,0,,Very_Low,0 calls
SUB4535443,3,24,106.17,2,0.57,0,,Medium,1-2 calls
SUB2932303,6,24,26.75,1,0.236,1,Price Too High,Low,1-2 calls
SUB3751821,18,24,10.72,0,0.252,1,Network Quality Issues,Low,0 calls
SUB8314895,12,24,62.58,2,0.063,0,,Very_Low,1-2 calls
SUB7525940,3,1,54.86,0,0.059,0,,Very_Low,0 calls
SUB1426941,24,12,30.78,2,0.157,0,,Very_Low,1-2 calls
SUB5850224,48,12,14.92,2,0.157,0,,Very_Low,1-2 calls
SUB1386354,12,24,73.33,1,0.213,1,Network Quality Issues,Low,1-2 calls
SUB6506336,18,12,7.18,3,0.157,0,,Very_Low,3-4 calls
SUB1935709,24,12,66.69,1,0.124,0,,Very_Low,1-2 calls
SUB3485178,60,12,25.88,0,0.106,0,,Very_Low,0 calls
SUB7379022,60,12,71.95,1,0.037,1,Better Competitor Offer,Very_Low,1-2 calls
SUB6477630,48,12,18.58,4,0.177,0,,Very_Low,3-4 calls
SUB7288893,24,24,37.51,3,0.266,0,,Low,3-4 calls
SUB3085469,12,24,69.91,4,0.172,0,,Very_Low,3-4 calls
SUB2346365,18,6,8.89,3,0.95,1,Service Not Needed,Very_High,3-4 calls
SUB2136078,24,3,81.18,0,0.088,0,,Very_Low,0 calls
SUB9875206,1,12,7.71,3,0.819,0,,Very_High,3-4 calls
SUB7062825,3,12,20.07,0,0.328,0,,Low,0 calls
SUB1533037,24,6,49.03,1,0.136,0,,Very_Low,1-2 calls
SUB9973541,18,12,106.37,4,0.102,0,,Very_Low,3-4 calls
SUB9602541,24,3,12.88,0,0.252,0,,Low,0 calls
SUB1427709,3,6,32.57,3,0.41,1,Network Quality Issues,Medium,3-4 calls
SUB9644147,48,24,41.63,2,0.102,0,,Very_Low,1-2 calls
SUB8352245,6,3,17.98,0,0.189,0,,Very_Low,0 calls
SUB2750866,3,24,16.97,2,0.41,0,,Medium,1-2 calls
SUB4777173,6,3,32.32,1,0.205,1,Network Quality Issues,Low,1-2 calls
SUB7233107,24,6,9.22,5,0.819,1,Relocation/Moving,Very_High,5+ calls
SUB6275463,1,1,46.1,2,0.507,0,,Medium,1-2 calls
SUB5847384,6,12,68.9,1,0.143,0,,Very_Low,1-2 calls
SUB7371400,60,1,61.18,1,0.048,0,,Very_Low,1-2 calls
SUB6234748,1,12,21.32,1,0.614,0,,High,1-2 calls
SUB9400728,6,12,36.65,1,0.157,1,Network Quality Issues,Very_Low,1-2 calls
SUB1624135,6,12,6.85,1,0.41,1,Price Too High,Medium,1-2 calls
SUB5817167,48,12,42.79,2,0.068,0,,Very_Low,1-2 calls
SUB8731445,36,1,106.73,5,0.051,0,,Very_Low,5+ calls
SUB7830707,12,1,25.93,1,0.246,0,,Low,1-2 calls
SUB7106428,6,3,39.14,6,0.614,1,Poor Customer Service,High,5+ calls
SUB5745920,48,6,72.85,1,0.133,0,,Very_Low,1-2 calls
SUB8162517,3,1,43.66,0,0.12,0,,Very_Low,0 calls
SUB6788773,12,6,16.46,0,0.256,0,,Low,0 calls
SUB8517475,12,3,12.18,2,0.229,0,,Low,1-2 calls
SUB7923985,48,6,49.16,1,0.102,0,,Very_Low,1-2 calls
SUB7101570,24,24,29.75,0,0.164,0,,Very_Low,0 calls
SUB9032304,12,12,63.34,4,0.189,0,,Very_Low,3-4 calls
SUB3266598,18,12,22.98,2,0.205,0,,Low,1-2 calls
SUB2776238,48,12,54.63,3,0.093,0,,Very_Low,3-4 calls
SUB9451392,36,12,7.61,1,0.191,0,,Very_Low,1-2 calls
SUB6127736,18,12,17.64,1,0.157,0,,Very_Low,1-2 calls
SUB6897162,48,24,31.19,0,0.055,0,,Very_Low,0 calls
SUB7508676,12,1,10.73,2,0.378,0,,Low,1-2 calls
SUB5910662,24,3,35.04,2,0.074,0,,Very_Low,1-2 calls
SUB2995127,1,1,20.19,0,0.608,1,Price Too High,High,0 calls
SUB8776604,18,1,28.43,2,0.079,0,,Very_Low,1-2 calls
SUB2035108,3,1,10.63,1,0.546,0,,Medium,1-2 calls
SUB1478365,12,1,17.6,1,0.284,1,Relocation/Moving,Low,1-2 calls
SUB6156371,6,12,102.25,2,0.154,0,,Very_Low,1-2 calls
SUB3074242,12,1,11.78,1,0.176,0,,Very_Low,1-2 calls
SUB6232761,24,3,85.42,3,0.154,0,,Very_Low,3-4 calls
SUB6122969,1,6,27.57,1,0.225,0,,Low,1-2 calls
SUB1494209,12,3,38.38,1,0.164,0,,Very_Low,1-2 calls
SUB2534230,3,24,46.93,1,0.21,0,,Low,1-2 calls
SUB7556410,18,12,85.01,1,0.037,0,,Very_Low,1-2 calls
SUB6451151,18,6,64.77,3,0.287,0,,Low,3-4 calls
SUB1851980,3,6,105.9,2,0.205,0,,Low,1-2 calls
SUB2766299,1,12,51.58,0,0.153,0,,Very_Low,0 calls
SUB5020018,1,3,17.56,1,0.472,1,Price Too High,Medium,1-2 calls
SUB7691891,18,3,99.58,0,0.063,0,,Very_Low,0 calls
SUB7886608,12,6,106.14,2,0.082,0,,Very_Low,1-2 calls
SUB8458403,12,6,12.76,2,0.252,1,Network Quality Issues,Low,1-2 calls
SUB2662656,18,3,103.61,4,0.118,0,,Very_Low,3-4 calls
SUB5894097,12,3,58.03,1,0.063,0,,Very_Low,1-2 calls
SUB6309068,18,24,97.07,3,0.118,1,Network Quality Issues,Very_Low,3-4 calls
SUB5956780,48,24,86.04,0,0.051,0,,Very_Low,0 calls
SUB9949454,12,12,112.51,0,0.14,1,Relocation/Moving,Very_Low,0 calls
SUB5323242,18,12,105.67,0,0.029,0,,Very_Low,0 calls
SUB3871712,18,12,8.21,1,0.315,0,,Low,1-2 calls
SUB7903538,12,1,10.8,0,0.141,0,,Very_Low,0 calls
SUB1855656,18,12,9.51,2,0.355,0,,Low,1-2 calls
SUB7817123,36,3,13.78,0,0.059,0,,Very_Low,0 calls
SUB4566568,24,12,18.64,0,0.164,0,,Very_Low,0 calls
SUB5679020,1,1,54.8,2,0.191,0,,Very_Low,1-2 calls
SUB2792363,60,3,24.71,3,0.118,0,,Very_Low,3-4 calls
SUB1638922,36,12,89.3,1,0.051,0,,Very_Low,1-2 calls
SUB1777867,60,24,80.04,3,0.093,0,,Very_Low,3-4 calls
SUB4066461,3,24,82.96,3,0.573,0,,Medium,3-4 calls
SUB6756911,12,24,37.0,2,0.189,0,,Very_Low,1-2 calls
SUB2702424,12,24,24.5,1,0.189,0,,Very_Low,1-2 calls
SUB5175252,12,1,9.82,3,0.491,0,,Medium,3-4 calls
SUB2185560,12,12,45.91,1,0.189,1,Network Quality Issues,Very_Low,1-2 calls
SUB9016906,48,12,69.38,0,0.038,0,,Very_Low,0 calls
SUB7509887,18,3,39.1,2,0.074,0,,Very_Low,1-2 calls
SUB1867838,6,24,60.25,2,0.055,0,,Very_Low,1-2 calls
SUB2057880,12,3,27.7,4,0.369,0,,Low,3-4 calls
SUB4087714,12,12,12.76,0,0.183,0,,Very_Low,0 calls
SUB4478192,6,24,84.49,0,0.115,0,,Very_Low,0 calls
SUB9856832,3,3,20.31,1,0.409,1,Price Too High,Medium,1-2 calls
SUB6600068,12,12,37.95,2,0.189,0,,Very_Low,1-2 calls
SUB9151656,1,12,73.29,2,0.147,0,,Very_Low,1-2 calls
SUB1785890,36,12,10.34,4,0.331,0,,Low,3-4 calls
SUB5806799,36,6,38.45,0,0.076,0,,Very_Low,0 calls
SUB9053024,36,24,70.06,1,0.067,0,,Very_Low,1-2 calls
SUB9586625,12,12,81.73,4,0.093,0,,Very_Low,3-4 calls
SUB4743757,18,3,5.09,4,0.315,1,Poor Customer Service,Low,3-4 calls
SUB6259245,24,24,61.57,2,0.037,0,,Very_Low,1-2 calls
SUB6046528,6,12,12.71,2,0.22,1,Price Too High,Low,1-2 calls
SUB8011673,18,1,45.93,1,0.205,1,Network Quality Issues,Low,1-2 calls
SUB3868921,12,3,25.56,2,0.246,1,Price Too High,Low,1-2 calls
SUB9177039,12,3,16.05,1,0.189,0,,Very_Low,1-2 calls
SUB4003225,36,1,24.57,2,0.055,0,,Very_Low,1-2 calls
SUB6637291,18,3,11.16,0,0.109,0,,Very_Low,0 calls
SUB6034253,18,3,17.71,1,0.158,0,,Very_Low,1-2 calls
SUB5228316,3,6,13.82,1,0.42,0,,Medium,1-2 calls
SUB4578478,6,24,106.37,2,0.055,0,,Very_Low,1-2 calls
SUB9072590,36,24,6.7,3,0.287,1,Service Not Needed,Low,3-4 calls
SUB6926983,3,12,101.9,2,0.136,0,,Very_Low,1-2 calls
SUB7323617,60,12,87.34,0,0.021,0,,Very_Low,0 calls
SUB1454529,36,24,42.69,2,0.051,0,,Very_Low,1-2 calls
SUB8586288,6,1,44.39,2,0.169,1,Service Not Needed,Very_Low,1-2 calls
SUB8261511,3,6,28.73,3,0.614,1,Relocation/Moving,High,3-4 calls
SUB9927811,3,12,99.15,1,0.074,0,,Very_Low,1-2 calls
SUB2311629,6,24,64.22,3,0.165,0,,Very_Low,3-4 calls
SUB1900542,6,12,87.23,3,0.118,0,,Very_Low,3-4 calls
SUB4954780,1,24,29.77,7,0.95,1,Network Quality Issues,Very_High,5+ calls
SUB3945759,24,3,107.75,0,0.042,0,,Very_Low,0 calls
SUB9683376,60,3,29.65,3,0.169,0,,Very_Low,3-4 calls
SUB4352921,6,12,116.14,4,0.118,0,,Very_Low,3-4 calls
SUB1061264,1,6,14.28,1,0.95,1,Service Not Needed,Very_High,1-2 calls
SUB6094502,48,6,47.26,1,0.037,0,,Very_Low,1-2 calls
SUB3459507,3,12,72.88,1,0.22,0,,Low,1-2 calls
SUB4452097,1,1,73.59,4,0.287,1,Better Competitor Offer,Low,3-4 calls
SUB8292306,6,3,21.0,3,0.354,0,,Low,3-4 calls
SUB2218284,3,3,75.01,1,0.191,0,,Very_Low,1-2 calls
SUB8088727,24,24,28.16,2,0.169,0,,Very_Low,1-2 calls
SUB4080202,1,6,44.0,5,0.95,1,Service Not Needed,Very_High,5+ calls
SUB7002874,12,3,31.54,0,0.17,1,Network Quality Issues,Very_Low,0 calls
SUB8518933,12,12,23.65,3,0.198,0,,Very_Low,3-4 calls
SUB6383182,24,1,51.08,2,0.11,1,Network Quality Issues,Very_Low,1-2 calls
SUB5688827,12,12,13.05,1,0.176,1,Relocation/Moving,Very_Low,1-2 calls
SUB7517320,3,12,7.4,4,0.63,1,Price Too High,High,3-4 calls
SUB6792819,12,1,33.26,0,0.151,0,,Very_Low,0 calls
SUB8642139,48,6,80.12,3,0.028,0,,Very_Low,3-4 calls
SUB1865630,6,6,36.21,0,0.189,0,,Very_Low,0 calls
SUB6387691,6,3,57.13,3,0.215,0,,Low,3-4 calls
SUB5325001,36,3,37.94,0,0.088,0,,Very_Low,0 calls
SUB3972881,24,3,67.57,1,0.11,1,Network Quality Issues,Very_Low,1-2 calls
SUB9101294,6,12,18.79,2,0.165,0,,Very_Low,1-2 calls
SUB9557286,24,3,69.36,1,0.051,0,,Very_Low,1-2 calls
SUB6811303,1,1,21.83,1,0.614,1,Price Too High,High,1-2 calls
SUB6279947,12,24,40.08,1,0.164,0,,Very_Low,1-2 calls
SUB9559531,36,1,6.71,3,0.201,0,,Low,3-4 calls
SUB1300406,36,12,96.74,4,0.05,0,,Very_Low,3-4 calls
SUB1517961,3,24,64.85,0,0.153,0,,Very_Low,0 calls
SUB2035598,12,1,110.94,1,0.063,0,,Very_Low,1-2 calls
SUB3511902,12,24,16.62,3,0.369,0,,Low,3-4 calls
SUB8169158,18,12,14.37,4,0.409,1,Poor Customer Service,Medium,3-4 calls
SUB4640377,1,12,18.85,1,0.157,0,,Very_Low,1-2 calls
SUB1163944,60,12,37.58,2,0.102,0,,Very_Low,1-2 calls
SUB4022345,18,12,70.76,2,0.11,0,,Very_Low,1-2 calls
SUB3969852,3,12,16.09,1,0.532,1,Price Too High,Medium,1-2 calls
SUB8950630,18,1,15.03,3,0.461,1,Price Too High,Medium,3-4 calls
SUB6724827,1,6,25.23,3,0.614,0,,High,3-4 calls
SUB7800541,1,24,74.66,2,0.147,0,,Very_Low,1-2 calls
SUB5756004,3,1,27.07,3,0.799,1,Price Too High,High,3-4 calls
SUB2358454,6,3,115.33,2,0.102,1,Relocation/Moving,Very_Low,1-2 calls
SUB8689969,6,12,14.78,1,0.532,0,,Medium,1-2 calls
SUB4871018,12,1,83.95,1,0.172,0,,Very_Low,1-2 calls
SUB7412083,12,12,32.4,1,0.164,0,,Very_Low,1-2 calls
SUB8875639,12,12,20.35,1,0.351,1,Service Not Needed,Low,1-2 calls
SUB6010281,12,12,62.89,5,0.265,1,Poor Customer Service,Low,5+ calls
SUB8698812,18,12,24.35,1,0.079,0,,Very_Low,1-2 calls
SUB7807643,6,12,78.44,1,0.143,0,,Very_Low,1-2 calls
SUB6210558,18,12,68.57,1,0.136,0,,Very_Low,1-2 calls
SUB6959996,60,1,12.25,0,0.164,0,,Very_Low,0 calls
SUB3389911,12,12,53.69,3,0.093,0,,Very_Low,3-4 calls
SUB9140210,12,24,52.12,3,0.132,0,,Very_Low,3-4 calls
SUB2726681,24,12,54.57,5,0.191,1,Poor Customer Service,Very_Low,5+ calls
SUB7554845,12,1,24.27,2,0.246,0,,Low,1-2 calls
SUB1117408,3,12,13.38,5,0.42,0,,Medium,5+ calls
SUB1636431,18,12,26.59,3,0.236,0,,Low,3-4 calls
SUB4435504,12,1,92.38,4,0.066,0,,Very_Low,3-4 calls
SUB2236541,60,12,110.64,5,0.037,0,,Very_Low,5+ calls
SUB3036721,1,3,35.28,1,0.273,1,Network Quality Issues,Low,1-2 calls
SUB7087494,12,12,17.55,0,0.197,0,,Very_Low,0 calls
SUB7163185,18,24,55.69,2,0.096,0,,Very_Low,1-2 calls
SUB9706406,18,24,60.03,3,0.215,0,,Low,3-4 calls
SUB9879391,1,12,66.75,0,0.153,0,,Very_Low,0 calls
SUB6036117,6,6,14.75,3,0.472,0,,Medium,3-4 calls
SUB2107177,6,3,11.77,2,0.472,1,Price Too High,Medium,1-2 calls
SUB6408520,18,3,22.18,1,0.205,0,,Low,1-2 calls
SUB5659014,24,6,6.87,4,0.315,0,,Low,3-4 calls
SUB9070024,3,12,89.69,4,0.22,0,,Low,3-4 calls
SUB6512460,36,12,46.29,1,0.096,0,,Very_Low,1-2 calls
SUB4494585,12,3,68.74,2,0.246,0,,Low,1-2 calls
SUB2992834,6,12,6.08,3,0.614,0,,High,3-4 calls
SUB6306175,6,12,35.33,0,0.126,0,,Very_Low,0 calls
SUB6648734,6,24,31.46,1,0.236,1,Network Quality Issues,Low,1-2 calls
SUB6194914,18,24,20.88,2,0.157,0,,Very_Low,1-2 calls
SUB5716302,12,24,33.63,2,0.126,0,,Very_Low,1-2 calls
SUB3473055,48,12,45.69,3,0.039,1,Relocation/Moving,Very_Low,3-4 calls
SUB2327877,6,1,91.17,4,0.177,0,,Very_Low,3-4 calls
SUB8516669,6,6,8.43,3,0.709,1,Relocation/Moving,High,3-4 calls
SUB8016812,1,12,82.65,5,0.382,0,,Low,5+ calls
SUB3687328,6,12,90.66,1,0.133,0,,Very_Low,1-2 calls
SUB7478623,6,24,82.51,1,0.215,0,,Low,1-2 calls
SUB2899955,12,6,75.24,2,0.088,0,,Very_Low,1-2 calls
SUB5198811,12,24,27.02,2,0.246,0,,Low,1-2 calls
SUB7132446,18,3,30.64,2,0.136,0,,Very_Low,1-2 calls
SUB1672225,3,1,53.24,0,0.153,0,,Very_Low,0 calls
SUB4510463,18,3,35.67,1,0.074,0,,Very_Low,1-2 calls
SUB4070610,24,6,16.79,1,0.236,0,,Low,1-2 calls
SUB9786301,6,24,101.03,0,0.094,0,,Very_Low,0 calls
SUB4732238,6,3,32.61,2,0.236,0,,Low,1-2 calls
SUB2972613,3,12,82.2,1,0.105,0,,Very_Low,1-2 calls
SUB9306931,3,12,32.61,0,0.218,0,,Low,0 calls
SUB4335705,24,1,58.16,2,0.124,0,,Very_Low,1-2 calls
SUB6412049,6,1,53.12,0,0.172,0,,Very_Low,0 calls
SUB2344091,6,6,78.97,2,0.307,1,Relocation/Moving,Low,1-2 calls
SUB1404470,6,3,14.22,2,0.315,1,Price Too High,Low,1-2 calls
SUB5329394,1,6,5.13,2,0.63,0,,High,1-2 calls
SUB1791624,24,1,49.95,2,0.096,0,,Very_Low,1-2 calls
SUB8079903,18,24,106.97,0,0.063,0,,Very_Low,0 calls
SUB6088890,12,12,36.31,1,0.189,0,,Very_Low,1-2 calls
SUB2601207,18,12,26.58,1,0.439,0,,Medium,1-2 calls
SUB6248709,36,12,20.27,2,0.077,0,,Very_Low,1-2 calls
SUB3995035,18,24,40.23,3,0.157,0,,Very_Low,3-4 calls
SUB7203690,48,24,30.63,2,0.034,0,,Very_Low,1-2 calls
SUB1484427,3,3,103.78,2,0.177,0,,Very_Low,1-2 calls
SUB4958905,36,12,44.69,1,0.143,0,,Very_Low,1-2 calls
SUB5083372,12,12,21.27,1,0.189,0,,Very_Low,1-2 calls
SUB2109229,36,12,41.16,2,0.266,1,Service Not Needed,Low,1-2 calls
SUB4893623,24,24,84.14,3,0.11,0,,Very_Low,3-4 calls
SUB7191081,1,6,38.78,2,0.507,1,Network Quality Issues,Medium,1-2 calls
SUB3089884,36,12,28.63,2,0.165,0,,Very_Low,1-2 calls
SUB5204099,6,12,24.53,2,0.354,1,Network Quality Issues,Low,1-2 calls
SUB9309740,12,24,55.76,2,0.088,0,,Very_Low,1-2 calls
SUB8273820,1,12,7.21,3,0.819,0,,Very_High,3-4 calls
SUB5821699,24,12,27.34,3,0.165,0,,Very_Low,3-4 calls
SUB7605129,12,24,9.07,2,0.328,0,,Low,1-2 calls
SUB7172056,48,12,106.54,4,0.039,0,,Very_Low,3-4 calls
SUB2496030,6,24,9.87,5,0.819,1,Price Too High,Very_High,5+ calls
SUB1011009,12,3,72.65,2,0.172,0,,Very_Low,1-2 calls
SUB5372472,12,24,37.14,1,0.063,0,,Very_Low,1-2 calls
SUB2723480,24,3,42.41,3,0.205,0,,Low,3-4 calls
SUB9313264,12,12,81.47,1,0.088,0,,Very_Low,1-2 calls
SUB4699397,12,12,29.97,2,0.189,0,,Very_Low,1-2 calls
SUB2991367,48,24,25.76,3,0.219,0,,Low,3-4 calls
SUB6569634,12,6,16.95,0,0.281,0,,Low,0 calls
SUB9718936,12,1,47.27,0,0.071,0,,Very_Low,0 calls
SUB5409013,18,12,108.95,3,0.102,0,,Very_Low,3-4 calls
SUB3708668,1,12,119.07,3,0.157,0,,Very_Low,3-4 calls
SUB6053679,12,24,77.9,0,0.049,0,,Very_Low,0 calls
SUB2000294,6,12,89.73,4,0.177,0,,Very_Low,3-4 calls
SUB6658307,18,24,114.84,0,0.055,0,,Very_Low,0 calls
SUB9174244,18,24,73.31,2,0.157,0,,Very_Low,1-2 calls
SUB3285362,24,12,17.36,4,0.439,1,Price Too High,Medium,3-4 calls
SUB3842894,12,6,33.56,4,0.132,0,,Very_Low,3-4 calls
SUB9565873,3,1,92.34,0,0.084,0,,Very_Low,0 calls
SUB8860791,12,6,73.59,3,0.284,0,,Low,3-4 calls
SUB4036773,18,12,80.27,1,0.096,0,,Very_Low,1-2 calls
SUB5384432,1,1,14.94,5,0.95,1,Service Not Needed,Very_High,5+ calls
SUB2690792,12,12,6.7,3,0.491,0,,Medium,3-4 calls
SUB2631570,12,12,21.91,0,0.106,0,,Very_Low,0 calls
SUB5773598,12,24,10.46,1,0.176,0,,Very_Low,1-2 calls
SUB2660102,6,12,82.03,0,0.094,0,,Very_Low,0 calls
SUB2511710,12,12,26.91,2,0.284,1,Price Too High,Low,1-2 calls
SUB8276281,36,3,38.18,0,0.076,0,,Very_Low,0 calls
SUB1816609,24,3,13.79,1,0.21,1,Network Quality Issues,Low,1-2 calls
SUB5584470,18,3,8.36,5,0.382,1,Service Not Needed,Low,5+ calls
SUB7807087,18,6,18.41,7,0.472,0,,Medium,5+ calls
SUB5062316,36,24,97.61,2,0.048,0,,Very_Low,1-2 calls
SUB6587239,12,12,54.32,0,0.106,0,,Very_Low,0 calls
SUB2655464,12,6,67.78,4,0.132,0,,Very_Low,3-4 calls
SUB9377114,36,24,92.19,2,0.055,0,,Very_Low,1-2 calls
SUB9356164,24,12,82.37,3,0.079,0,,Very_Low,3-4 calls
SUB1878835,12,12,42.79,2,0.246,0,,Low,1-2 calls
SUB8556142,6,6,23.08,2,0.354,1,Price Too High,Low,1-2 calls
SUB4277560,12,12,18.52,1,0.319,0,,Low,1-2 calls
SUB4169870,3,12,12.24,2,0.71,0,,High,1-2 calls
SUB6088268,18,12,19.77,5,0.315,0,,Low,5+ calls
SUB8279995,12,3,23.2,1,0.284,0,,Low,1-2 calls
SUB7422892,18,24,10.83,3,0.526,1,Relocation/Moving,Medium,3-4 calls
SUB3379093,36,12,101.09,0,0.029,0,,Very_Low,0 calls
SUB6480283,6,24,53.57,0,0.115,0,,Very_Low,0 calls
SUB3760451,12,6,27.08,1,0.246,0,,Low,1-2 calls
SUB7369553,18,6,88.67,1,0.105,0,,Very_Low,1-2 calls
SUB7432975,6,24,88.27,3,0.248,0,,Low,3-4 calls
SUB5241244,6,12,22.39,4,0.177,1,Poor Customer Service,Very_Low,3-4 calls
SUB4904840,12,6,69.97,2,0.328,0,,Low,1-2 calls
SUB4820730,6,1,24.88,3,0.691,1,Relocation/Moving,High,3-4 calls
SUB3848411,36,6,6.56,4,0.287,1,Price Too High,Low,3-4 calls
SUB4344443,60,24,37.36,1,0.068,0,,Very_Low,1-2 calls
SUB3444149,3,3,21.9,0,0.491,0,,Medium,0 calls
SUB7930358,18,24,9.88,4,0.157,0,,Very_Low,3-4 calls
SUB3214669,3,3,48.55,2,0.315,1,Network Quality Issues,Low,1-2 calls
SUB8496121,3,1,109.18,2,0.15,0,,Very_Low,1-2 calls
SUB2954702,24,12,78.57,2,0.037,0,,Very_Low,1-2 calls
SUB3933361,3,24,77.85,2,0.22,0,,Low,1-2 calls
SUB1421655,24,12,88.94,0,0.076,0,,Very_Low,0 calls
SUB6323940,12,12,55.09,0,0.138,0,,Very_Low,0 calls
SUB1799717,12,12,5.78,2,0.491,1,Price Too High,Medium,1-2 calls
SUB6647069,6,3,104.26,0,0.094,1,Better Competitor Offer,Very_Low,0 calls
SUB3482266,12,12,72.83,0,0.049,0,,Very_Low,0 calls
SUB1921806,6,3,19.69,1,0.165,0,,Very_Low,1-2 calls
SUB5965440,3,24,39.26,0,0.312,0,,Low,0 calls
SUB8873692,3,12,47.86,2,0.273,0,,Low,1-2 calls
SUB2193728,60,12,14.2,2,0.074,0,,Very_Low,1-2 calls
SUB6061354,6,3,29.64,2,0.307,0,,Low,1-2 calls
SUB7911957,24,6,6.79,1,0.273,0,,Low,1-2 calls
SUB2504329,6,12,118.56,2,0.133,0,,Very_Low,1-2 calls
SUB2777850,18,3,6.24,1,0.95,1,Price Too High,Very_High,1-2 calls
SUB7686269,36,1,26.72,2,0.055,0,,Very_Low,1-2 calls
SUB1535888,18,6,12.6,3,0.315,1,Price Too High,Low,3-4 calls
SUB8157303,1,12,63.41,0,0.153,0,,Very_Low,0 calls
SUB4918446,3,24,119.7,7,0.315,0,,Low,5+ calls
SUB7971631,36,6,44.01,2,0.639,1,Service Not Needed,High,1-2 calls
SUB3202888,12,12,6.31,4,0.737,1,Network Quality Issues,High,3-4 calls
SUB7703562,18,6,39.77,1,0.254,1,Service Not Needed,Low,1-2 calls
SUB3552192,1,12,84.05,3,0.154,0,,Very_Low,3-4 calls
SUB9524405,12,1,53.36,0,0.138,0,,Very_Low,0 calls
SUB2724620,12,12,71.59,1,0.082,0,,Very_Low,1-2 calls
SUB6169719,18,12,16.72,3,0.307,1,Price Too High,Low,3-4 calls
SUB5830165,6,1,10.75,2,0.41,0,,Medium,1-2 calls
SUB7566692,24,6,9.29,0,0.218,0,,Low,0 calls
SUB1358062,18,6,115.16,2,0.037,0,,Very_Low,1-2 calls
SUB8248730,12,12,32.31,1,0.164,1,Relocation/Moving,Very_Low,1-2 calls
SUB3077645,12,24,89.89,3,0.132,0,,Very_Low,3-4 calls
SUB2401471,6,12,112.31,2,0.102,0,,Very_Low,1-2 calls
SUB5779897,12,3,115.17,1,0.063,0,,Very_Low,1-2 calls
SUB2716548,18,6,21.68,1,0.236,0,,Low,1-2 calls
SUB5952505,12,3,11.04,2,0.378,1,Network Quality Issues,Low,1-2 calls
SUB5100321,6,12,112.78,3,0.23,0,,Low,3-4 calls
SUB3097711,36,12,90.42,1,0.062,0,,Very_Low,1-2 calls
SUB7095561,6,1,36.61,3,0.307,0,,Low,3-4 calls
SUB1037361,18,12,111.98,2,0.052,0,,Very_Low,1-2 calls
SUB3898845,48,3,20.07,4,0.154,0,,Very_Low,3-4 calls
SUB9146836,18,24,10.62,0,0.252,1,Network Quality Issues,Low,0 calls
SUB4463227,6,24,41.55,0,0.189,0,,Very_Low,0 calls
SUB9093068,6,12,77.81,0,0.132,0,,Very_Low,0 calls
SUB3457856,36,6,60.52,3,0.186,0,,Very_Low,3-4 calls
SUB2761856,12,6,43.86,2,0.246,1,Network Quality Issues,Low,1-2 calls
SUB3341102,18,6,14.11,2,0.273,0,,Low,1-2 calls
SUB1000037,18,12,20.21,1,0.205,0,,Low,1-2 calls
SUB7251936,12,3,116.66,1,0.063,0,,Very_Low,1-2 calls
SUB1653668,48,24,9.42,0,0.084,0,,Very_Low,0 calls
SUB4404158,48,12,82.62,2,0.048,0,,Very_Low,1-2 calls
SUB3656040,1,1,82.65,3,0.43,0,,Medium,3-4 calls
SUB1703645,12,24,88.83,4,0.172,0,,Very_Low,3-4 calls
SUB5911672,18,6,95.01,4,0.118,0,,Very_Low,3-4 calls
SUB9215984,48,24,22.77,2,0.118,1,Network Quality Issues,Very_Low,1-2 calls
SUB9131631,1,6,69.27,1,0.103,0,,Very_Low,1-2 calls
SUB3621872,24,3,8.9,1,0.315,0,,Low,1-2 calls
SUB1593975,18,12,18.42,2,0.079,0,,Very_Low,1-2 calls
SUB6052683,24,6,43.37,2,0.292,0,,Low,1-2 calls
SUB4983063,6,24,15.83,0,0.132,1,Network Quality Issues,Very_Low,0 calls
SUB3282373,24,6,94.44,3,0.079,0,,Very_Low,3-4 calls
SUB3840152,6,6,67.29,2,0.186,0,,Very_Low,1-2 calls
SUB8527872,18,24,27.75,1,0.205,0,,Low,1-2 calls
SUB3550552,24,24,12.01,4,0.95,1,Poor Customer Service,Very_High,3-4 calls
SUB3392735,24,3,25.55,1,0.11,1,Price Too High,Very_Low,1-2 calls
SUB8504361,12,6,39.74,4,0.319,0,,Low,3-4 calls
SUB8314153,12,1,62.71,1,0.132,0,,Very_Low,1-2 calls
SUB6418626,6,1,38.82,2,0.205,0,,Low,1-2 calls
SUB4622546,1,24,13.5,4,0.945,1,Price Too High,Very_High,3-4 calls
SUB6996522,1,24,23.78,5,0.315,0,,Low,5+ calls
SUB4606940,12,12,21.53,2,0.189,0,,Very_Low,1-2 calls
SUB6935537,1,24,41.97,1,0.315,1,Relocation/Moving,Low,1-2 calls
SUB4600200,3,1,17.94,1,0.41,1,Price Too High,Medium,1-2 calls
SUB1559031,3,6,28.24,3,0.921,1,Network Quality Issues,Very_High,3-4 calls
SUB7491280,12,1,20.45,2,0.172,0,,Very_Low,1-2 calls
SUB3701243,18,12,48.17,2,0.112,0,,Very_Low,1-2 calls
SUB6444003,18,24,42.16,2,0.157,0,,Very_Low,1-2 calls
SUB5435728,12,6,83.18,1,0.115,0,,Very_Low,1-2 calls
SUB9594992,18,24,55.9,1,0.052,1,Service Not Needed,Very_Low,1-2 calls
SUB7542155,36,24,57.36,5,0.154,0,,Very_Low,5+ calls
SUB8165371,12,1,11.42,3,0.491,0,,Medium,3-4 calls
SUB5135554,18,6,7.5,3,0.41,0,,Medium,3-4 calls
SUB3988088,18,3,41.61,2,0.157,0,,Very_Low,1-2 calls
SUB1979907,18,12,7.57,1,0.315,1,Relocation/Moving,Low,1-2 calls
SUB1213968,18,6,20.3,0,0.063,0,,Very_Low,0 calls
SUB9683565,24,12,9.57,2,0.21,0,,Low,1-2 calls
SUB2901737,24,24,9.42,5,0.546,0,,Medium,5+ calls
SUB5985248,12,6,13.58,1,0.328,0,,Low,1-2 calls
SUB7409363,18,24,70.3,1,0.074,0,,Very_Low,1-2 calls
SUB3302743,6,6,26.88,0,0.319,0,,Low,0 calls
SUB5588156,24,3,13.79,2,0.409,0,,Medium,1-2 calls
SUB1985461,36,12,28.39,2,0.165,0,,Very_Low,1-2 calls
SUB6831759,24,6,59.03,3,0.143,0,,Very_Low,3-4 calls
SUB6710912,12,1,59.36,3,0.369,0,,Low,3-4 calls
SUB2806423,3,1,7.45,2,0.63,1,Price Too High,High,1-2 calls
SUB2950408,36,12,69.09,1,0.087,0,,Very_Low,1-2 calls
SUB4594128,24,24,17.18,1,0.236,0,,Low,1-2 calls
SUB9106584,18,6,58.16,2,0.037,0,,Very_Low,1-2 calls
SUB2406427,36,1,58.88,1,0.051,0,,Very_Low,1-2 calls
SUB4489550,12,12,64.6,2,0.246,0,,Low,1-2 calls
SUB7889053,60,24,75.25,1,0.055,0,,Very_Low,1-2 calls
SUB4895090,36,6,11.42,5,0.294,0,,Low,5+ calls
SUB3765013,3,3,45.98,1,0.355,0,,Low,1-2 calls
SUB7162492,12,6,8.55,1,0.229,0,,Low,1-2 calls
SUB9424990,3,24,81.24,2,0.136,0,,Very_Low,1-2 calls
SUB8038170,6,6,15.37,0,0.246,0,,Low,0 calls
SUB1862219,12,12,18.56,2,0.123,0,,Very_Low,1-2 calls
SUB9334750,6,1,14.26,2,0.41,1,Price Too High,Medium,1-2 calls
SUB2718303,48,3,9.37,0,0.142,0,,Very_Low,0 calls
SUB4801082,1,3,34.12,1,0.273,0,,Low,1-2 calls
SUB4346668,1,1,39.87,0,0.153,0,,Very_Low,0 calls
SUB7696674,48,1,20.47,1,0.079,0,,Very_Low,1-2 calls
SUB4205677,6,6,13.09,4,0.472,0,,Medium,3-4 calls
SUB3506068,1,12,70.82,5,0.382,1,Network Quality Issues,Low,5+ calls
SUB1483075,12,6,6.63,3,0.491,0,,Medium,3-4 calls
SUB9126198,3,6,40.34,3,0.472,0,,Medium,3-4 calls
SUB9715978,1,12,37.58,3,0.315,0,,Low,3-4 calls
SUB6451731,12,3,18.81,1,0.284,0,,Low,1-2 calls
SUB8499043,3,1,14.72,0,0.504,1,Price Too High,Medium,0 calls
SUB7746037,36,3,75.16,1,0.037,0,,Very_Low,1-2 calls
SUB5473214,6,24,21.72,4,0.461,0,,Medium,3-4 calls
SUB4682796,6,1,13.26,0,0.378,0,,Low,0 calls
SUB8851746,24,1,45.09,2,0.254,0,,Low,1-2 calls
SUB8841640,36,1,9.43,4,0.287,1,Poor Customer Service,Low,3-4 calls
SUB9740245,1,6,26.4,2,0.41,0,,Medium,1-2 calls
SUB9566554,3,12,62.99,1,0.22,1,Relocation/Moving,Low,1-2 calls
SUB6137956,12,24,112.72,3,0.142,0,,Very_Low,3-4 calls
SUB6274413,18,12,38.39,0,0.109,1,Network Quality Issues,Very_Low,0 calls
SUB8724578,1,3,26.61,1,0.76,1,Price Too High,High,1-2 calls
SUB1864899,12,12,26.38,1,0.284,1,Price Too High,Low,1-2 calls
SUB9652111,36,12,32.59,2,0.096,0,,Very_Low,1-2 calls
SUB7410575,36,1,23.75,3,0.215,0,,Low,3-4 calls
SUB3318292,6,6,10.47,1,0.472,0,,Medium,1-2 calls
SUB3026393,6,6,59.86,0,0.062,0,,Very_Low,0 calls
SUB8622520,18,3,29.76,0,0.088,0,,Very_Low,0 calls
SUB3379897,1,1,22.04,1,0.614,1,Relocation/Moving,High,1-2 calls
SUB2294416,6,1,10.15,4,0.921,1,Price Too High,Very_High,3-4 calls
SUB2985196,3,24,57.4,1,0.191,0,,Very_Low,1-2 calls
SUB9052377,3,6,18.86,4,0.472,0,,Medium,3-4 calls
SUB8703189,3,6,24.54,1,0.157,0,,Very_Low,1-2 calls
SUB2560121,18,3,26.5,2,0.266,0,,Low,1-2 calls
SUB6878263,12,3,90.39,2,0.063,0,,Very_Low,1-2 calls
SUB1443035,36,3,48.96,1,0.051,0,,Very_Low,1-2 calls
SUB4099072,24,3,11.42,4,0.76,1,Service Not Needed,High,3-4 calls
SUB7650723,12,12,83.67,5,0.265,0,,Low,5+ calls
SUB9349092,6,24,16.02,0,0.246,0,,Low,0 calls
SUB6200551,36,6,27.04,3,0.248,1,Price Too High,Low,3-4 calls
SUB8747156,1,24,39.41,1,0.315,0,,Low,1-2 calls
SUB5552636,18,6,38.27,2,0.074,0,,Very_Low,1-2 calls
SUB1751240,3,6,14.58,3,0.945,1,Price Too High,Very_High,3-4 calls
SUB5315596,12,6,61.11,1,0.132,1,Relocation/Moving,Very_Low,1-2 calls
SUB7775996,48,24,41.16,0,0.197,0,,Very_Low,0 calls
SUB1995791,6,24,117.65,3,0.2,1,Better Competitor Offer,Very_Low,3-4 calls
SUB2960299,1,12,87.36,2,0.409,1,Better Competitor Offer,Medium,1-2 calls
SUB6079111,6,24,96.03,1,0.102,0,,Very_Low,1-2 calls
SUB8902634,12,12,45.72,1,0.189,0,,Very_Low,1-2 calls
SUB3853501,24,24,13.37,2,0.315,0,,Low,1-2 calls
SUB7282444,1,12,89.25,0,0.082,0,,Very_Low,0 calls
SUB6613904,3,12,89.14,1,0.287,1,Better Competitor Offer,Low,1-2 calls
SUB3459622,12,12,117.69,2,0.063,0,,Very_Low,1-2 calls
SUB2897459,1,12,23.88,1,0.472,1,Price Too High,Medium,1-2 calls
SUB5240012,60,3,38.45,2,0.026,0,,Very_Low,1-2 calls
SUB2215442,12,3,104.2,5,0.126,1,Poor Customer Service,Very_Low,5+ calls
SUB6564396,12,12,114.36,0,0.036,0,,Very_Low,0 calls
SUB8903797,60,6,7.01,2,0.136,0,,Very_Low,1-2 calls
SUB3580309,18,12,72.45,2,0.051,0,,Very_Low,1-2 calls
SUB7425148,12,1,32.81,2,0.088,1,Relocation/Moving,Very_Low,1-2 calls
SUB8049985,6,24,8.92,2,0.315,1,Network Quality Issues,Low,1-2 calls
SUB8506161,6,12,117.55,2,0.169,1,Better Competitor Offer,Very_Low,1-2 calls
SUB6151946,6,1,28.76,3,0.532,1,Price Too High,Medium,3-4 calls
SUB8026206,24,12,67.47,3,0.165,0,,Very_Low,3-4 calls
SUB5247328,24,6,110.95,0,0.063,0,,Very_Low,0 calls
SUB2451469,3,3,13.29,4,0.63,1,Poor Customer Service,High,3-4 calls
SUB4300874,24,24,88.42,1,0.146,0,,Very_Low,1-2 calls
SUB5736416,6,24,73.63,2,0.143,0,,Very_Low,1-2 calls
SUB5063997,3,1,56.74,2,0.191,0,,Very_Low,1-2 calls
SUB9302975,3,3,48.99,2,0.315,0,,Low,1-2 calls
SUB7126463,12,12,10.51,0,0.393,0,,Low,0 calls
SUB9437534,24,24,60.6,2,0.096,0,,Very_Low,1-2 calls
SUB6410812,18,12,28.84,1,0.157,1,Price Too High,Very_Low,1-2 calls
SUB8152765,12,12,15.47,2,0.319,1,Price Too High,Low,1-2 calls
SUB7107182,1,24,24.76,3,0.95,1,Price Too High,Very_High,3-4 calls
SUB7012621,18,12,36.69,2,0.177,0,,Very_Low,1-2 calls
SUB4751387,18,6,68.26,2,0.051,0,,Very_Low,1-2 calls
SUB3779060,1,12,56.92,1,0.22,0,,Low,1-2 calls
SUB1483791,60,1,62.4,3,0.072,0,,Very_Low,3-4 calls
SUB3158714,1,24,65.46,1,0.22,0,,Low,1-2 calls
SUB3622280,18,6,86.56,1,0.096,0,,Very_Low,1-2 calls
SUB5225872,12,12,6.59,1,0.328,0,,Low,1-2 calls
SUB9998934,36,12,71.64,4,0.215,0,,Low,3-4 calls
SUB2245749,12,1,16.45,1,0.284,0,,Low,1-2 calls
SUB3226941,12,3,47.05,1,0.684,1,Service Not Needed,High,1-2 calls
SUB2418180,18,12,18.31,3,0.236,0,,Low,3-4 calls
SUB9463331,36,24,49.9,2,0.136,0,,Very_Low,1-2 calls
SUB7233146,24,12,28.68,6,0.76,0,,High,5+ calls
SUB8054499,6,12,7.23,1,0.22,0,,Low,1-2 calls
SUB9237881,60,3,8.73,0,0.109,0,,Very_Low,0 calls
SUB4018967,24,24,48.6,1,0.292,0,,Low,1-2 calls
SUB4726904,1,6,5.66,1,0.42,0,,Medium,1-2 calls
SUB1792515,3,1,28.97,2,0.22,1,Price Too High,Low,1-2 calls
SUB6910838,36,1,5.88,1,0.147,0,,Very_Low,1-2 calls
SUB2393196,18,24,10.95,3,0.472,0,,Medium,3-4 calls
SUB2035211,6,12,87.45,2,0.102,0,,Very_Low,1-2 calls
SUB3189568,3,3,60.61,1,0.074,0,,Very_Low,1-2 calls
SUB4934740,3,1,108.54,4,0.236,1,Network Quality Issues,Low,3-4 calls
SUB1647122,6,24,43.63,2,0.157,0,,Very_Low,1-2 calls
SUB4782164,36,3,65.98,0,0.029,0,,Very_Low,0 calls
SUB2761331,6,6,39.47,4,0.236,1,Network Quality Issues,Low,3-4 calls
SUB2877329,18,12,34.8,4,0.205,0,,Low,3-4 calls
SUB3892970,3,1,38.35,2,0.315,1,Relocation/Moving,Low,1-2 calls
SUB1315315,12,6,19.9,1,0.319,0,,Low,1-2 calls
SUB9539202,6,24,66.04,3,0.322,0,,Low,3-4 calls
SUB7776432,3,12,87.75,2,0.075,0,,Very_Low,1-2 calls
SUB4959015,24,6,71.73,2,0.205,0,,Low,1-2 calls
SUB3214979,24,12,42.41,0,0.156,0,,Very_Low,0 calls
SUB4405851,6,24,118.55,4,0.285,0,,Low,3-4 calls
SUB8354292,18,3,91.63,6,0.157,0,,Very_Low,5+ calls
SUB1196211,12,12,37.11,1,0.164,0,,Very_Low,1-2 calls
SUB2836082,1,6,81.18,1,0.177,1,Relocation/Moving,Very_Low,1-2 calls
SUB3237699,12,12,9.8,0,0.262,0,,Low,0 calls
SUB5458434,18,6,6.08,0,0.218,0,,Low,0 calls
SUB2813065,6,12,14.19,3,0.614,0,,High,3-4 calls
SUB5957161,48,12,81.33,2,0.048,0,,Very_Low,1-2 calls
SUB8395511,18,1,12.24,5,0.21,0,,Low,5+ calls
SUB5587281,12,3,7.31,0,0.262,0,,Low,0 calls
SUB6507200,24,12,6.26,1,0.21,0,,Low,1-2 calls
SUB9765940,6,24,17.88,1,0.461,0,,Medium,1-2 calls
SUB9472761,1,12,30.97,3,0.41,0,,Medium,3-4 calls
SUB5978234,1,3,7.34,0,0.504,0,,Medium,0 calls
SUB4972162,6,6,34.87,6,0.315,0,,Low,5+ calls
SUB7166994,3,6,27.27,1,0.76,0,,High,1-2 calls
SUB5172060,6,12,28.8,4,0.532,0,,Medium,3-4 calls
SUB7603352,24,24,51.62,1,0.096,0,,Very_Low,1-2 calls
SUB1078947,6,6,84.16,1,0.118,0,,Very_Low,1-2 calls
SUB8152604,18,1,46.51,4,0.57,0,,Medium,3-4 calls
SUB9136537,48,24,17.93,0,0.082,0,,Very_Low,0 calls
SUB4969411,18,12,83.54,0,0.071,1,Better Competitor Offer,Very_Low,0 calls
SUB7387952,18,24,34.54,2,0.105,0,,Very_Low,1-2 calls
SUB6969677,36,3,79.83,2,0.051,0,,Very_Low,1-2 calls
SUB1968410,6,12,15.51,0,0.246,1,Network Quality Issues,Low,0 calls
SUB4936642,3,3,25.45,5,0.945,1,Poor Customer Service,Very_High,5+ calls
SUB2040835,24,1,55.59,2,0.051,0,,Very_Low,1-2 calls
SUB7626532,1,3,61.44,3,0.95,0,,Very_High,3-4 calls
SUB6386452,12,24,31.02,3,0.132,0,,Very_Low,3-4 calls
SUB9531225,6,3,23.48,4,0.95,1,Service Not Needed,Very_High,3-4 calls
SUB7952057,60,12,63.35,2,0.037,0,,Very_Low,1-2 calls
SUB6134629,12,24,26.9,1,0.135,0,,Very_Low,1-2 calls
SUB5926730,18,1,53.04,2,0.074,0,,Very_Low,1-2 calls
SUB2030120,6,24,23.72,1,0.307,1,Price Too High,Low,1-2 calls
SUB2034780,60,12,31.46,3,0.102,0,,Very_Low,3-4 calls
SUB8128822,3,6,28.2,0,0.328,0,,Low,0 calls
SUB1749045,48,6,33.21,3,0.079,0,,Very_Low,3-4 calls
SUB1872109,12,1,15.31,1,0.284,1,Price Too High,Low,1-2 calls
SUB8736085,12,3,32.55,0,0.101,0,,Very_Low,0 calls
SUB1387405,24,6,28.88,2,0.236,1,Price Too High,Low,1-2 calls
SUB7805360,1,12,93.3,2,0.205,1,Network Quality Issues,Low,1-2 calls
SUB5561786,12,3,106.0,1,0.063,0,,Very_Low,1-2 calls
SUB5758669,3,12,63.74,2,0.287,0,,Low,1-2 calls
SUB4101004,3,12,96.99,1,0.074,0,,Very_Low,1-2 calls
SUB6534693,36,12,12.08,1,0.103,0,,Very_Low,1-2 calls
SUB3932208,60,12,86.87,2,0.013,0,,Very_Low,1-2 calls
SUB5187442,60,12,9.11,5,0.21,1,Network Quality Issues,Low,5+ calls
SUB4812197,36,12,23.96,0,0.115,0,,Very_Low,0 calls
SUB7433564,48,6,27.79,1,0.102,0,,Very_Low,1-2 calls
SUB1956740,48,6,111.55,2,0.034,0,,Very_Low,1-2 calls
SUB3210846,3,24,33.68,2,0.315,1,Network Quality Issues,Low,1-2 calls
SUB5428760,1,12,40.53,2,0.273,0,,Low,1-2 calls
SUB3309231,3,12,109.3,1,0.105,0,,Very_Low,1-2 calls
SUB5610764,3,12,37.69,2,0.315,0,,Low,1-2 calls
SUB5495433,36,1,39.34,3,0.186,0,,Very_Low,3-4 calls
SUB6215784,48,12,6.8,1,0.105,1,Price Too High,Very_Low,1-2 calls
SUB2967582,6,24,101.5,1,0.118,0,,Very_Low,1-2 calls
SUB1840268,1,12,83.23,1,0.205,0,,Low,1-2 calls
SUB7129026,6,3,112.18,1,0.169,0,,Very_Low,1-2 calls
SUB6770938,24,6,21.19,0,0.126,0,,Very_Low,0 calls
SUB7557601,48,3,29.02,1,0.079,0,,Very_Low,1-2 calls
SUB9441243,12,6,29.44,3,0.369,0,,Low,3-4 calls
SUB1983638,6,3,20.54,2,0.354,0,,Low,1-2 calls
SUB7911596,18,6,22.89,2,0.225,0,,Low,1-2 calls
SUB6596127,3,24,37.73,3,0.315,0,,Low,3-4 calls
SUB3791671,24,12,80.47,1,0.096,0,,Very_Low,1-2 calls
SUB3061892,12,6,83.75,3,0.123,0,,Very_Low,3-4 calls
SUB4431543,60,12,10.7,0,0.109,0,,Very_Low,0 calls
SUB7963266,48,24,22.51,2,0.102,0,,Very_Low,1-2 calls
SUB5078140,18,6,21.24,1,0.157,0,,Very_Low,1-2 calls
SUB9485356,18,24,24.61,1,0.236,0,,Low,1-2 calls
SUB4909308,3,3,15.24,2,0.532,0,,Medium,1-2 calls
SUB8466897,6,24,27.84,1,0.307,1,Relocation/Moving,Low,1-2 calls
SUB8685727,36,24,98.65,2,0.048,0,,Very_Low,1-2 calls
SUB1915767,6,3,22.58,1,0.307,0,,Low,1-2 calls
SUB9689972,12,6,38.14,3,0.132,0,,Very_Low,3-4 calls
SUB9214491,36,12,78.5,1,0.036,0,,Very_Low,1-2 calls
SUB4369415,12,3,66.82,2,0.088,0,,Very_Low,1-2 calls
SUB4703713,36,12,44.64,0,0.059,0,,Very_Low,0 calls
SUB1381856,1,12,114.06,1,0.157,0,,Very_Low,1-2 calls
SUB4765444,18,3,36.49,4,0.157,0,,Very_Low,3-4 calls
SUB5579097,1,6,87.03,0,0.395,1,Service Not Needed,Low,0 calls
SUB8613312,24,12,18.33,1,0.205,1,Network Quality Issues,Low,1-2 calls
SUB5016899,18,3,11.42,3,0.472,0,,Medium,3-4 calls
SUB4955199,18,3,64.67,2,0.205,1,Network Quality Issues,Low,1-2 calls
SUB6242329,12,12,29.53,4,0.425,1,Poor Customer Service,Medium,3-4 calls
SUB4268896,48,12,79.69,2,0.055,0,,Very_Low,1-2 calls
SUB5253459,12,6,67.37,3,0.198,0,,Very_Low,3-4 calls
SUB8356943,6,3,23.61,1,0.337,0,,Low,1-2 calls
SUB8136940,36,12,47.2,1,0.143,0,,Very_Low,1-2 calls
SUB3854135,48,12,110.28,3,0.095,0,,Very_Low,3-4 calls
SUB1476377,6,6,104.67,4,0.083,0,,Very_Low,3-4 calls
SUB1398422,18,6,84.98,3,0.165,0,,Very_Low,3-4 calls
SUB1121937,18,24,56.88,1,0.051,0,,Very_Low,1-2 calls
SUB2133629,18,12,109.06,2,0.052,0,,Very_Low,1-2 calls
SUB8652126,18,6,62.08,2,0.124,0,,Very_Low,1-2 calls
SUB1378355,3,12,23.41,2,0.614,1,Network Quality Issues,High,1-2 calls
SUB4993611,12,3,12.48,4,0.737,1,Price Too High,High,3-4 calls
SUB8814889,60,1,25.68,1,0.102,0,,Very_Low,1-2 calls
SUB8277186,1,24,6.5,1,0.63,1,Price Too High,High,1-2 calls
SUB2675259,18,24,7.5,4,0.41,0,,Medium,3-4 calls
SUB9173192,36,12,119.39,5,0.11,0,,Very_Low,5+ calls
SUB7609001,3,24,61.45,1,0.147,1,Relocation/Moving,Very_Low,1-2 calls
SUB8537330,24,12,80.52,1,0.102,1,Better Competitor Offer,Very_Low,1-2 calls
SUB9937999,6,24,43.53,1,0.158,0,,Very_Low,1-2 calls
SUB9816087,1,24,17.16,4,0.709,1,Price Too High,High,3-4 calls
SUB7024945,12,24,11.92,0,0.141,0,,Very_Low,0 calls
SUB2360764,24,24,118.13,0,0.063,0,,Very_Low,0 calls
SUB4171553,3,12,8.02,2,0.42,1,Price Too High,Medium,1-2 calls
SUB3594545,1,12,34.14,0,0.284,0,,Low,0 calls
SUB4182999,18,6,12.15,4,0.409,0,,Medium,3-4 calls
SUB8406465,3,24,17.08,4,0.709,0,,High,3-4 calls
SUB8029446,3,24,7.87,0,0.437,1,Price Too High,Medium,0 calls
SUB6790740,24,1,39.12,3,0.236,1,Relocation/Moving,Low,3-4 calls
SUB9951442,18,6,119.61,3,0.133,0,,Very_Low,3-4 calls
SUB9272686,48,3,41.86,3,0.118,0,,Very_Low,3-4 calls
SUB1840597,6,1,68.24,2,0.143,0,,Very_Low,1-2 calls
SUB1850122,3,6,87.73,4,0.307,1,Poor Customer Service,Low,3-4 calls
SUB3572703,18,12,51.31,1,0.11,0,,Very_Low,1-2 calls
SUB1730559,60,6,113.31,0,0.021,0,,Very_Low,0 calls
SUB9910335,18,6,20.44,3,0.95,0,,Very_High,3-4 calls
SUB7328404,6,1,82.36,4,0.2,0,,Very_Low,3-4 calls
SUB2862015,48,6,40.81,1,0.052,0,,Very_Low,1-2 calls
SUB3005464,18,6,7.21,1,0.273,0,,Low,1-2 calls
SUB5605677,3,6,7.6,2,0.546,0,,Medium,1-2 calls
SUB5017641,48,12,21.59,1,0.118,0,,Very_Low,1-2 calls
SUB2705692,6,3,26.34,2,0.354,1,Price Too High,Low,1-2 calls
SUB9325648,36,12,57.51,0,0.037,0,,Very_Low,0 calls
SUB1626776,18,24,77.03,3,0.143,1,Better Competitor Offer,Very_Low,3-4 calls
SUB2761987,12,12,100.24,0,0.187,0,,Very_Low,0 calls
SUB7523229,6,6,31.96,2,0.205,0,,Low,1-2 calls
SUB4486082,3,3,59.61,2,0.191,1,Network Quality Issues,Very_Low,1-2 calls
SUB2550642,6,24,19.63,4,0.461,0,,Medium,3-4 calls
SUB3494903,6,12,71.45,4,0.165,0,,Very_Low,3-4 calls
SUB8789283,6,3,69.61,2,0.165,0,,Very_Low,1-2 calls
SUB1516031,1,3,79.23,2,0.191,1,Network Quality Issues,Very_Low,1-2 calls
SUB1047367,18,1,30.38,5,0.273,0,,Low,5+ calls
SUB8226078,12,3,31.82,1,0.176,0,,Very_Low,1-2 calls
SUB6695908,3,12,24.91,3,0.614,1,Price Too High,High,3-4 calls
SUB2632748,12,12,87.34,1,0.164,1,Relocation/Moving,Very_Low,1-2 calls
SUB5862944,1,24,88.47,2,0.22,1,Better Competitor Offer,Low,1-2 calls
SUB1364716,48,6,44.55,1,0.079,0,,Very_Low,1-2 calls
SUB6327701,6,12,10.84,3,0.43,0,,Medium,3-4 calls
SUB9633305,24,1,22.22,0,0.126,0,,Very_Low,0 calls
SUB6253087,6,12,41.42,3,0.439,0,,Medium,3-4 calls
SUB5920791,12,6,57.49,3,0.172,0,,Very_Low,3-4 calls
SUB6270637,48,24,20.74,2,0.118,0,,Very_Low,1-2 calls
SUB9352804,36,12,72.95,1,0.096,0,,Very_Low,1-2 calls
SUB1454623,24,3,23.51,1,0.236,0,,Low,1-2 calls
SUB9284742,24,24,14.14,1,0.147,0,,Very_Low,1-2 calls
SUB9015648,36,24,57.5,2,0.124,0,,Very_Low,1-2 calls
SUB2310646,24,6,34.21,3,0.205,0,,Low,3-4 calls
SUB9429948,36,24,85.73,1,0.036,0,,Very_Low,1-2 calls
SUB9169815,6,24,29.05,6,0.236,0,,Low,5+ calls
SUB1892743,12,24,9.93,3,0.491,0,,Medium,3-4 calls
SUB3014751,18,12,5.89,1,0.191,1,Network Quality Issues,Very_Low,1-2 calls
SUB6842488,3,12,14.3,5,0.588,1,Poor Customer Service,Medium,5+ calls
SUB2413285,12,1,81.91,1,0.088,0,,Very_Low,1-2 calls
SUB2330657,3,3,26.95,1,0.157,0,,Very_Low,1-2 calls
SUB6252279,18,24,102.12,3,0.102,0,,Very_Low,3-4 calls
SUB1945161,1,12,71.84,4,0.22,0,,Low,3-4 calls
SUB6000783,12,1,47.88,1,0.088,0,,Very_Low,1-2 calls
SUB3328767,12,12,85.36,5,0.304,0,,Low,5+ calls
SUB9333631,3,6,24.27,4,0.614,0,,High,3-4 calls
SUB3707133,12,6,6.03,1,0.328,1,Network Quality Issues,Low,1-2 calls
SUB5819523,18,12,63.34,1,0.186,0,,Very_Low,1-2 calls
SUB7622266,18,6,19.12,1,0.157,0,,Very_Low,1-2 calls
SUB1053010,12,3,118.29,1,0.106,0,,Very_Low,1-2 calls
SUB6805333,6,24,83.36,0,0.082,0,,Very_Low,0 calls
SUB6516552,1,1,112.1,0,0.126,0,,Very_Low,0 calls
SUB1907272,60,6,95.7,5,0.102,0,,Very_Low,5+ calls
SUB5074411,12,12,42.64,1,0.164,0,,Very_Low,1-2 calls
SUB1536364,12,6,82.59,2,0.115,0,,Very_Low,1-2 calls
SUB1903057,3,12,8.63,1,0.294,1,Network Quality Issues,Low,1-2 calls
SUB2750652,12,1,51.72,3,0.224,1,Network Quality Issues,Low,3-4 calls
SUB3619909,60,24,24.2,1,0.073,0,,Very_Low,1-2 calls
SUB1663478,6,12,70.16,2,0.165,1,Better Competitor Offer,Very_Low,1-2 calls
SUB5139524,6,12,110.64,2,0.039,0,,Very_Low,1-2 calls
SUB1990993,6,6,29.57,2,0.399,1,Relocation/Moving,Low,1-2 calls
SUB7394544,36,6,6.32,4,0.22,0,,Low,3-4 calls
SUB2588049,12,3,45.45,2,0.304,0,,Low,1-2 calls
SUB1959296,36,12,56.64,3,0.1,0,,Very_Low,3-4 calls
SUB9337746,36,6,76.25,1,0.143,1,Relocation/Moving,Very_Low,1-2 calls
SUB8914933,24,6,62.75,0,0.328,0,,Low,0 calls
SUB1262530,6,1,72.2,1,0.11,0,,Very_Low,1-2 calls
SUB4631097,1,1,12.57,1,0.546,0,,Medium,1-2 calls
SUB6708824,3,12,56.36,2,0.136,0,,Very_Low,1-2 calls
SUB3042361,18,6,49.63,2,0.195,1,Network Quality Issues,Very_Low,1-2 calls
SUB1217767,24,12,9.63,1,0.351,0,,Low,1-2 calls
SUB2109970,24,3,15.54,5,0.614,1,Price Too High,High,5+ calls
SUB4870033,6,12,83.32,4,0.177,0,,Very_Low,3-4 calls
SUB6882545,3,3,94.98,3,0.205,0,,Low,3-4 calls
SUB1187486,48,12,81.09,1,0.026,0,,Very_Low,1-2 calls
SUB8263776,18,1,82.46,2,0.068,1,Network Quality Issues,Very_Low,1-2 calls
SUB2628782,24,6,11.96,2,0.409,0,,Medium,1-2 calls
SUB4388284,1,1,114.26,6,0.315,0,,Low,5+ calls
SUB2733391,12,12,14.9,1,0.328,1,Network Quality Issues,Low,1-2 calls
SUB9755198,1,6,48.85,1,0.273,0,,Low,1-2 calls
SUB9483310,18,1,15.31,2,0.205,0,,Low,1-2 calls
SUB3202661,12,12,75.34,2,0.088,0,,Very_Low,1-2 calls
SUB5550056,12,1,22.72,2,0.189,0,,Very_Low,1-2 calls
SUB2162886,48,24,14.53,4,0.11,0,,Very_Low,3-4 calls
SUB5075341,24,24,17.94,2,0.205,0,,Low,1-2 calls
SUB3929386,60,24,5.98,1,0.177,0,,Very_Low,1-2 calls
SUB7401391,1,24,18.69,0,0.164,1,Price Too High,Very_Low,0 calls
SUB4263647,18,24,44.8,3,0.205,1,Relocation/Moving,Low,3-4 calls
SUB1958101,18,24,26.97,1,0.205,0,,Low,1-2 calls
SUB1069519,1,3,29.44,2,0.22,0,,Low,1-2 calls
SUB8838236,24,3,8.84,0,0.252,0,,Low,0 calls
SUB1960655,3,24,9.42,3,0.819,1,Price Too High,Very_High,3-4 calls
SUB3141924,24,6,47.39,1,0.157,0,,Very_Low,1-2 calls
SUB3979674,1,24,84.53,1,0.315,0,,Low,1-2 calls
SUB3292056,18,24,45.94,3,0.236,0,,Low,3-4 calls
SUB9547596,12,24,8.46,1,0.378,1,Price Too High,Low,1-2 calls
SUB8122759,12,6,42.11,0,0.95,1,Relocation/Moving,Very_High,0 calls
SUB3611895,6,1,44.77,3,0.215,0,,Low,3-4 calls
SUB5233384,12,12,28.35,3,0.283,0,,Low,3-4 calls
SUB8369080,12,6,26.7,3,0.283,0,,Low,3-4 calls
SUB6852373,6,24,6.22,2,0.41,0,,Medium,1-2 calls
SUB8656887,48,24,12.65,4,0.11,0,,Very_Low,3-4 calls
SUB5450696,60,24,28.0,4,0.083,0,,Very_Low,3-4 calls
SUB3873382,6,12,13.84,2,0.315,0,,Low,1-2 calls
SUB2390179,24,12,17.54,4,0.165,0,,Very_Low,3-4 calls
SUB9113324,24,24,49.99,1,0.292,0,,Low,1-2 calls
SUB8128080,36,12,115.24,3,0.055,0,,Very_Low,3-4 calls
SUB6851361,1,24,39.5,1,0.21,0,,Low,1-2 calls
SUB9314052,6,1,37.82,1,0.38,0,,Low,1-2 calls
SUB4771414,3,6,22.04,1,0.41,1,Network Quality Issues,Medium,1-2 calls
SUB1746470,12,24,6.46,1,0.378,0,,Low,1-2 calls
SUB8068566,18,3,23.87,2,0.236,0,,Low,1-2 calls
SUB2918517,48,6,48.96,3,0.039,0,,Very_Low,3-4 calls
SUB4459544,36,1,87.33,1,0.143,0,,Very_Low,1-2 calls
SUB8272268,12,6,55.1,2,0.115,1,Network Quality Issues,Very_Low,1-2 calls
SUB3830095,1,6,25.88,3,0.799,1,Price Too High,High,3-4 calls
SUB4429985,6,12,21.4,0,0.189,0,,Very_Low,0 calls
SUB2311414,3,12,35.45,3,0.95,1,Service Not Needed,Very_High,3-4 calls
SUB5185727,18,6,43.72,2,0.254,0,,Low,1-2 calls
SUB9404196,18,12,18.65,0,0.189,1,Relocation/Moving,Very_Low,0 calls
SUB3814268,18,6,49.93,2,0.157,0,,Very_Low,1-2 calls
SUB9845909,6,6,19.3,4,0.461,0,,Medium,3-4 calls
SUB8058175,48,12,41.55,4,0.079,0,,Very_Low,3-4 calls
SUB5017763,18,12,17.57,1,0.236,1,Price Too High,Low,1-2 calls
SUB8931827,18,24,31.13,1,0.136,0,,Very_Low,1-2 calls
SUB9435969,24,12,60.56,2,0.074,0,,Very_Low,1-2 calls
SUB8136735,1,12,84.33,1,0.096,0,,Very_Low,1-2 calls
SUB9232823,3,12,95.63,0,0.234,0,,Low,0 calls
SUB3239665,18,6,36.99,0,0.084,0,,Very_Low,0 calls
SUB7363395,18,3,34.59,4,0.079,0,,Very_Low,3-4 calls
SUB4423604,12,24,26.59,2,0.094,0,,Very_Low,1-2 calls
SUB7084556,24,12,9.61,0,0.118,0,,Very_Low,0 calls
SUB2844348,6,12,12.56,2,0.409,1,Relocation/Moving,Medium,1-2 calls
SUB1759848,1,3,8.51,1,0.63,0,,High,1-2 calls
SUB8100282,6,24,57.32,3,0.215,0,,Low,3-4 calls
SUB2592023,60,1,29.03,0,0.063,0,,Very_Low,0 calls
SUB9510974,24,24,5.33,1,0.273,0,,Low,1-2 calls
SUB3293316,6,3,50.11,2,0.143,0,,Very_Low,1-2 calls
SUB2539152,6,6,30.98,1,0.292,0,,Low,1-2 calls
SUB1823837,24,6,50.35,2,0.068,0,,Very_Low,1-2 calls
SUB9781384,3,12,33.08,2,0.273,1,Network Quality Issues,Low,1-2 calls
SUB1356440,18,12,5.78,2,0.315,1,Price Too High,Low,1-2 calls
SUB1841618,12,3,12.77,3,0.378,0,,Low,3-4 calls
SUB6991233,12,1,74.28,5,0.378,0,,Low,5+ calls
SUB5729124,12,12,15.66,3,0.369,0,,Low,3-4 calls
SUB2035340,24,12,38.39,1,0.157,1,Network Quality Issues,Very_Low,1-2 calls
SUB9366126,3,6,46.14,1,0.355,0,,Low,1-2 calls
SUB1103021,12,3,94.45,4,0.094,0,,Very_Low,3-4 calls
SUB8081159,60,24,43.76,5,0.157,0,,Very_Low,5+ calls
SUB3011562,24,12,39.1,0,0.126,1,Network Quality Issues,Very_Low,0 calls
SUB9388817,1,24,23.16,4,0.799,1,Price Too High,High,3-4 calls
SUB9610679,12,3,84.71,5,0.213,0,,Low,5+ calls
SUB4806627,3,24,46.59,1,0.21,0,,Low,1-2 calls
SUB3903561,12,24,12.97,1,0.328,0,,Low,1-2 calls
SUB6473024,3,12,46.29,2,0.273,0,,Low,1-2 calls
SUB1216194,12,1,26.05,0,0.197,1,Price Too High,Very_Low,0 calls
SUB3454082,12,12,9.34,1,0.378,0,,Low,1-2 calls
SUB7474467,6,12,23.28,1,0.165,0,,Very_Low,1-2 calls
SUB7965410,18,12,71.92,1,0.143,0,,Very_Low,1-2 calls
SUB4597326,60,3,35.65,0,0.029,0,,Very_Low,0 calls
SUB9396007,6,12,45.33,2,0.205,1,Network Quality Issues,Low,1-2 calls
SUB6757122,18,12,39.7,2,0.136,0,,Very_Low,1-2 calls
SUB5857162,12,12,82.45,4,0.246,0,,Low,3-4 calls
SUB7132138,24,12,28.5,1,0.11,0,,Very_Low,1-2 calls
SUB7664677,6,12,23.38,1,0.118,0,,Very_Low,1-2 calls
SUB2034023,18,6,6.06,2,0.273,0,,Low,1-2 calls
SUB9177088,18,6,5.02,1,0.315,1,Relocation/Moving,Low,1-2 calls
SUB9782153,60,12,108.87,1,0.051,0,,Very_Low,1-2 calls
SUB1300763,3,12,75.63,2,0.22,0,,Low,1-2 calls
SUB4849182,60,6,23.49,2,0.055,0,,Very_Low,1-2 calls
SUB2564458,24,6,18.66,3,0.439,1,Relocation/Moving,Medium,3-4 calls
SUB8919584,12,12,93.39,2,0.032,0,,Very_Low,1-2 calls
SUB5242154,6,6,18.52,2,0.165,0,,Very_Low,1-2 calls
SUB2577586,18,24,37.31,2,0.157,0,,Very_Low,1-2 calls
SUB5474220,3,12,5.16,0,0.336,0,,Low,0 calls
SUB9736857,48,12,36.12,4,0.118,0,,Very_Low,3-4 calls
SUB1986275,3,1,82.5,2,0.157,0,,Very_Low,1-2 calls
SUB2410124,24,12,96.28,2,0.089,0,,Very_Low,1-2 calls
SUB3532000,6,3,41.06,4,0.354,0,,Low,3-4 calls
SUB4394020,3,6,45.2,1,0.3,0,,Low,1-2 calls
SUB1810586,24,12,39.84,2,0.075,0,,Very_Low,1-2 calls
SUB8753302,36,6,6.84,3,0.287,1,Service Not Needed,Low,3-4 calls
SUB2599826,1,24,5.34,5,0.95,1,Poor Customer Service,Very_High,5+ calls
SUB2348483,60,1,110.46,5,0.037,0,,Very_Low,5+ calls
SUB1981598,12,3,23.79,0,0.138,0,,Very_Low,0 calls
SUB5042974,1,3,29.61,0,0.252,0,,Low,0 calls
SUB9420149,12,24,35.94,3,0.189,0,,Very_Low,3-4 calls
SUB9864367,3,1,103.9,4,0.143,0,,Very_Low,3-4 calls
SUB3844510,6,24,51.17,4,0.248,0,,Low,3-4 calls
SUB5323492,18,24,43.28,1,0.052,0,,Very_Low,1-2 calls
SUB1208150,6,24,31.86,3,0.154,0,,Very_Low,3-4 calls
SUB3573338,6,24,80.78,0,0.062,0,,Very_Low,0 calls
SUB2858777,3,1,73.45,3,0.287,0,,Low,3-4 calls
SUB7510529,18,12,93.89,2,0.037,0,,Very_Low,1-2 calls
SUB1480620,48,6,46.46,2,0.127,0,,Very_Low,1-2 calls
SUB5935500,1,12,21.81,1,0.315,0,,Low,1-2 calls
SUB5863099,6,6,68.72,1,0.077,0,,Very_Low,1-2 calls
SUB5919314,18,6,76.76,1,0.143,0,,Very_Low,1-2 calls
SUB7993152,60,24,5.28,3,0.623,0,,High,3-4 calls
SUB7196519,18,6,28.86,1,0.11,0,,Very_Low,1-2 calls
SUB2122207,1,12,88.72,1,0.136,0,,Very_Low,1-2 calls
SUB3690927,3,12,22.9,2,0.22,0,,Low,1-2 calls
SUB4036124,6,12,47.97,2,0.236,0,,Low,1-2 calls
SUB1427557,3,6,24.19,4,0.675,1,Network Quality Issues,High,3-4 calls
SUB3165456,3,3,37.16,2,0.409,1,Network Quality Issues,Medium,1-2 calls
SUB1365750,6,24,56.62,3,0.15,0,,Very_Low,3-4 calls
SUB8517618,12,1,33.94,2,0.189,0,,Very_Low,1-2 calls
SUB8767227,12,3,17.89,3,0.369,1,Price Too High,Low,3-4 calls
SUB1484103,12,1,14.23,1,0.328,0,,Low,1-2 calls
SUB3152259,48,24,97.82,1,0.013,0,,Very_Low,1-2 calls
SUB4390919,60,1,97.53,1,0.049,0,,Very_Low,1-2 calls
SUB7641497,1,1,61.39,3,0.315,1,Network Quality Issues,Low,3-4 calls
SUB8412609,12,3,51.44,2,0.115,0,,Very_Low,1-2 calls
SUB8031119,24,3,40.11,2,0.105,0,,Very_Low,1-2 calls
SUB5455237,1,12,115.2,1,0.177,1,Network Quality Issues,Very_Low,1-2 calls
SUB6871348,48,24,89.72,3,0.083,0,,Very_Low,3-4 calls
SUB3379220,48,6,57.85,0,0.029,0,,Very_Low,0 calls
SUB4519065,3,3,19.23,1,0.22,0,,Low,1-2 calls
SUB7960698,24,24,17.74,2,0.236,0,,Low,1-2 calls
SUB2784210,18,6,84.65,4,0.165,0,,Very_Low,3-4 calls
SUB6198363,1,1,24.35,0,0.328,0,,Low,0 calls
SUB8341127,6,12,31.1,2,0.307,0,,Low,1-2 calls
SUB3463501,6,1,43.79,3,0.354,0,,Low,3-4 calls
SUB3819127,36,3,27.3,1,0.055,0,,Very_Low,1-2 calls
SUB7779865,36,12,50.29,1,0.026,0,,Very_Low,1-2 calls
SUB6026014,1,1,12.33,1,0.819,1,Price Too High,Very_High,1-2 calls
SUB2932919,24,3,82.9,4,0.143,0,,Very_Low,3-4 calls
SUB7250674,3,6,14.98,3,0.63,1,Network Quality Issues,High,3-4 calls
SUB8620520,24,6,94.65,3,0.056,0,,Very_Low,3-4 calls
SUB9651964,36,24,16.93,1,0.143,0,,Very_Low,1-2 calls
SUB8984705,1,12,58.51,3,0.287,0,,Low,3-4 calls
SUB9731896,6,1,48.08,4,0.354,1,Relocation/Moving,Low,3-4 calls
SUB3002507,12,3,9.34,2,0.328,0,,Low,1-2 calls
SUB3652808,60,12,31.99,0,0.042,0,,Very_Low,0 calls
SUB5777376,12,12,117.38,0,0.094,0,,Very_Low,0 calls
SUB8366829,6,6,5.26,2,0.532,1,Network Quality Issues,Medium,1-2 calls
SUB2358293,18,24,29.82,2,0.236,0,,Low,1-2 calls
SUB2911128,3,24,17.89,3,0.614,0,,High,3-4 calls
SUB5756497,18,12,19.34,4,0.354,0,,Low,3-4 calls
SUB6133381,12,12,101.28,1,0.094,0,,Very_Low,1-2 calls
SUB4786065,24,12,20.37,0,0.088,0,,Very_Low,0 calls
SUB5848243,18,12,52.93,1,0.143,0,,Very_Low,1-2 calls
SUB3425358,3,3,23.76,1,0.315,1,Relocation/Moving,Low,1-2 calls
SUB8645639,48,6,25.29,3,0.428,1,Service Not Needed,Medium,3-4 calls
SUB4917430,12,6,9.47,2,0.328,1,Relocation/Moving,Low,1-2 calls
SUB3105777,24,24,19.49,0,0.213,0,,Low,0 calls
SUB6544223,12,1,47.39,1,0.189,1,Network Quality Issues,Very_Low,1-2 calls
SUB3390514,36,24,8.37,2,0.22,1,Price Too High,Low,1-2 calls
SUB6942712,6,12,82.32,2,0.077,0,,Very_Low,1-2 calls
SUB2171758,18,3,30.94,2,0.157,0,,Very_Low,1-2 calls
SUB6276085,1,24,12.04,4,0.945,1,Network Quality Issues,Very_High,3-4 calls
SUB8449116,1,1,6.09,3,0.441,1,Price Too High,Medium,3-4 calls
SUB8185180,36,6,10.62,1,0.355,1,Service Not Needed,Low,1-2 calls
SUB1942639,24,12,18.54,1,0.157,1,Relocation/Moving,Very_Low,1-2 calls
SUB9023556,6,24,49.09,1,0.236,1,Network Quality Issues,Low,1-2 calls
SUB6171666,18,3,103.09,1,0.079,0,,Very_Low,1-2 calls
SUB8099492,36,24,80.33,2,0.037,0,,Very_Low,1-2 calls
SUB2280280,3,1,54.18,2,0.074,0,,Very_Low,1-2 calls
SUB8457451,60,6,20.74,3,0.177,1,Relocation/Moving,Very_Low,3-4 calls
SUB6546811,36,1,20.7,1,0.186,0,,Very_Low,1-2 calls
SUB8127470,18,1,103.65,1,0.102,0,,Very_Low,1-2 calls
SUB3850310,12,24,60.24,1,0.172,0,,Very_Low,1-2 calls
SUB5015789,36,24,16.53,3,0.083,0,,Very_Low,3-4 calls
SUB5986518,24,12,18.04,5,0.472,0,,Medium,5+ calls
SUB9979666,18,24,25.85,1,0.11,0,,Very_Low,1-2 calls
SUB4727661,36,6,49.27,2,0.143,0,,Very_Low,1-2 calls
SUB2279372,3,12,93.28,1,0.074,0,,Very_Low,1-2 calls
SUB5095228,6,1,13.02,0,0.328,0,,Low,0 calls
SUB6767034,48,6,8.68,6,0.147,1,Price Too High,Very_Low,5+ calls
SUB9837010,1,12,16.55,2,0.614,1,Price Too High,High,1-2 calls
SUB9103292,1,12,15.65,2,0.22,0,,Low,1-2 calls
SUB3449851,24,6,37.69,4,0.157,0,,Very_Low,3-4 calls
SUB7507552,12,24,82.25,4,0.224,0,,Low,3-4 calls
SUB9670441,48,12,25.55,1,0.102,0,,Very_Low,1-2 calls
SUB2535834,6,12,87.77,3,0.307,1,Better Competitor Offer,Low,3-4 calls
SUB3442547,6,6,22.27,1,0.95,1,Price Too High,Very_High,1-2 calls
SUB2236968,60,12,38.8,2,0.068,0,,Very_Low,1-2 calls
SUB4078882,18,12,32.55,3,0.157,0,,Very_Low,3-4 calls
SUB2521093,18,12,27.53,4,0.165,0,,Very_Low,3-4 calls
SUB2988022,36,12,42.26,2,0.11,0,,Very_Low,1-2 calls
SUB6281592,12,6,28.11,1,0.319,1,Network Quality Issues,Low,1-2 calls
SUB8536381,6,24,23.67,1,0.219,0,,Low,1-2 calls
SUB9411159,18,3,16.5,3,0.307,0,,Low,3-4 calls
SUB4193796,12,12,21.28,1,0.246,1,Price Too High,Low,1-2 calls
SUB9482216,3,6,84.85,1,0.273,1,Better Competitor Offer,Low,1-2 calls
SUB9357038,3,24,18.64,5,0.441,0,,Medium,5+ calls
SUB9675147,24,12,66.19,1,0.037,0,,Very_Low,1-2 calls
SUB7539108,1,24,84.54,3,0.079,0,,Very_Low,3-4 calls
SUB4049307,12,24,25.33,2,0.189,0,,Very_Low,1-2 calls
SUB7542683,6,1,12.25,1,0.41,0,,Medium,1-2 calls
SUB3801818,3,12,12.54,1,0.819,1,Service Not Needed,Very_High,1-2 calls
SUB6919586,36,24,14.27,2,0.22,1,Price Too High,Low,1-2 calls
SUB5045721,24,24,8.3,3,0.614,1,Price Too High,High,3-4 calls
SUB2863032,24,3,64.43,2,0.11,0,,Very_Low,1-2 calls
SUB5944614,12,6,23.75,2,0.132,0,,Very_Low,1-2 calls
SUB8852016,18,3,51.55,4,0.077,0,,Very_Low,3-4 calls
SUB8774066,1,24,9.44,2,0.42,0,,Medium,1-2 calls
SUB8870267,3,1,23.39,4,0.307,0,,Low,3-4 calls
SUB4089809,6,3,16.93,2,0.118,0,,Very_Low,1-2 calls
SUB8819488,12,6,25.78,2,0.189,0,,Very_Low,1-2 calls
SUB2378148,1,3,12.96,2,0.546,0,,Medium,1-2 calls
SUB4044410,18,24,36.85,1,0.157,0,,Very_Low,1-2 calls
SUB5062118,6,3,56.8,2,0.266,1,Network Quality Issues,Low,1-2 calls
SUB1238826,24,6,7.55,3,0.472,1,Price Too High,Medium,3-4 calls
SUB2717354,1,3,52.53,2,0.191,0,,Very_Low,1-2 calls
SUB1481809,36,24,19.65,3,0.083,0,,Very_Low,3-4 calls
SUB9262369,24,6,29.13,0,0.95,1,Network Quality Issues,Very_High,0 calls
SUB8284390,12,3,82.86,3,0.198,0,,Very_Low,3-4 calls
SUB2818182,24,3,114.54,2,0.052,0,,Very_Low,1-2 calls
SUB5367209,6,12,52.44,2,0.143,0,,Very_Low,1-2 calls
SUB9782389,3,24,12.9,1,0.819,1,Relocation/Moving,Very_High,1-2 calls
SUB6416797,1,24,115.05,3,0.307,0,,Low,3-4 calls
SUB3689290,12,24,74.93,2,0.044,0,,Very_Low,1-2 calls
SUB1037180,6,6,32.09,5,0.614,0,,High,5+ calls
SUB8546691,3,24,87.57,1,0.074,0,,Very_Low,1-2 calls
SUB6611544,36,6,65.38,2,0.067,0,,Very_Low,1-2 calls
SUB6370015,24,12,55.12,1,0.096,0,,Very_Low,1-2 calls
SUB3251347,60,12,55.86,3,0.072,0,,Very_Low,3-4 calls
SUB5792030,18,1,23.62,4,0.215,0,,Low,3-4 calls
SUB3619893,36,3,69.62,1,0.036,0,,Very_Low,1-2 calls
SUB7702245,3,24,14.48,2,0.546,0,,Medium,1-2 calls
SUB4791860,24,24,94.19,2,0.146,0,,Very_Low,1-2 calls
SUB9745662,1,3,34.2,0,0.252,1,Relocation/Moving,Low,0 calls
SUB8396526,1,6,88.45,5,0.206,0,,Low,5+ calls
SUB2881986,36,24,27.01,3,0.215,0,,Low,3-4 calls
SUB1989924,6,3,60.43,3,0.322,0,,Low,3-4 calls
SUB2965629,6,24,20.73,1,0.307,0,,Low,1-2 calls
SUB2103248,3,24,39.56,3,0.41,0,,Medium,3-4 calls
SUB9210125,12,24,62.22,3,0.093,0,,Very_Low,3-4 calls
SUB5263528,3,24,14.67,2,0.42,0,,Medium,1-2 calls
SUB9215869,12,24,27.48,4,0.425,1,Network Quality Issues,Medium,3-4 calls
SUB9623353,18,24,32.86,1,0.157,0,,Very_Low,1-2 calls
SUB4583650,18,24,29.37,1,0.205,0,,Low,1-2 calls
SUB3363319,6,12,25.96,5,0.709,0,,High,5+ calls
SUB2818222,24,3,27.44,2,0.11,0,,Very_Low,1-2 calls
SUB6410687,6,12,24.82,3,0.461,1,Price Too High,Medium,3-4 calls
SUB9199423,24,24,58.49,3,0.143,0,,Very_Low,3-4 calls
SUB1563506,1,24,105.31,0,0.156,0,,Very_Low,0 calls
SUB8834767,60,12,73.26,2,0.102,0,,Very_Low,1-2 calls
SUB9904337,12,12,5.93,6,0.504,1,Relocation/Moving,Medium,5+ calls
SUB6472646,6,24,62.73,1,0.077,0,,Very_Low,1-2 calls
SUB9251043,18,3,34.94,1,0.136,0,,Very_Low,1-2 calls
SUB6045416,36,3,52.02,1,0.047,0,,Very_Low,1-2 calls
SUB6273897,6,3,26.55,0,0.189,0,,Very_Low,0 calls
SUB1354182,1,24,9.31,1,0.63,1,Price Too High,High,1-2 calls
SUB6142798,6,3,84.87,0,0.132,1,Relocation/Moving,Very_Low,0 calls
SUB3640955,1,3,15.63,3,0.236,1,Network Quality Issues,Low,3-4 calls
SUB3498002,3,3,109.21,0,0.042,0,,Very_Low,0 calls
SUB3916585,1,6,64.21,1,0.147,1,Network Quality Issues,Very_Low,1-2 calls
SUB2574255,12,12,17.31,0,0.151,0,,Very_Low,0 calls
SUB8012022,1,6,69.52,2,0.355,1,Network Quality Issues,Low,1-2 calls
SUB4779404,60,1,30.83,1,0.068,0,,Very_Low,1-2 calls
SUB6547239,24,12,8.84,2,0.105,0,,Very_Low,1-2 calls
SUB6910122,12,12,20.32,1,0.132,0,,Very_Low,1-2 calls
SUB3769785,24,6,29.79,1,0.205,1,Relocation/Moving,Low,1-2 calls
SUB4514078,12,24,9.79,2,0.328,1,Price Too High,Low,1-2 calls
SUB6963132,18,6,16.5,3,0.399,1,Network Quality Issues,Low,3-4 calls
SUB3664119,36,12,20.47,7,0.43,0,,Medium,5+ calls
SUB3097951,18,3,10.98,3,0.41,1,Service Not Needed,Medium,3-4 calls
SUB2579889,1,6,75.26,4,0.22,0,,Low,3-4 calls
SUB9927377,1,3,5.81,2,0.63,1,Network Quality Issues,High,1-2 calls
SUB1287555,18,6,15.13,1,0.11,0,,Very_Low,1-2 calls
SUB4775944,3,6,25.04,1,0.315,0,,Low,1-2 calls
SUB3744454,60,3,6.01,1,0.074,0,,Very_Low,1-2 calls
SUB9796785,1,24,96.28,4,0.143,1,Relocation/Moving,Very_Low,3-4 calls
SUB4197418,24,6,49.26,2,0.105,0,,Very_Low,1-2 calls
SUB3788647,1,24,50.89,3,0.154,0,,Very_Low,3-4 calls
SUB7224898,18,12,35.11,1,0.136,0,,Very_Low,1-2 calls
SUB7378384,12,3,83.49,4,0.066,0,,Very_Low,3-4 calls
SUB2570497,18,12,97.02,2,0.079,0,,Very_Low,1-2 calls
SUB1734158,24,1,25.37,0,0.063,0,,Very_Low,0 calls
SUB3692205,1,24,41.55,2,0.39,0,,Low,1-2 calls
SUB7159729,12,24,36.39,3,0.369,0,,Low,3-4 calls
SUB2422771,48,12,90.18,1,0.034,0,,Very_Low,1-2 calls
SUB7945685,3,24,18.11,2,0.315,0,,Low,1-2 calls
SUB9218616,1,3,50.2,3,0.331,0,,Low,3-4 calls
SUB8729395,24,6,7.81,0,0.168,0,,Very_Low,0 calls
SUB9276869,24,6,115.91,4,0.055,0,,Very_Low,3-4 calls
SUB3479129,12,1,31.51,3,0.246,0,,Low,3-4 calls
SUB1855434,36,12,119.52,2,0.037,0,,Very_Low,1-2 calls
SUB1308697,12,6,88.81,0,0.066,0,,Very_Low,0 calls
SUB4715799,12,6,38.15,2,0.164,0,,Very_Low,1-2 calls
SUB5719707,36,12,84.83,2,0.096,0,,Very_Low,1-2 calls
SUB8279074,1,3,80.97,3,0.799,1,Network Quality Issues,High,3-4 calls
SUB9461516,6,24,32.12,1,0.079,0,,Very_Low,1-2 calls
SUB7032290,12,6,23.36,0,0.151,0,,Very_Low,0 calls
SUB5203726,1,1,12.13,3,0.441,1,Price Too High,Medium,3-4 calls
SUB1842606,60,3,20.1,3,0.118,0,,Very_Low,3-4 calls
SUB6732452,6,3,106.38,0,0.082,0,,Very_Low,0 calls
SUB8377775,48,3,15.08,0,0.094,0,,Very_Low,0 calls
SUB4871549,12,3,88.72,2,0.172,1,Network Quality Issues,Very_Low,1-2 calls
SUB9839023,48,24,13.24,2,0.177,0,,Very_Low,1-2 calls
SUB6635312,12,12,48.76,3,0.369,0,,Low,3-4 calls
SUB8724954,24,12,14.6,1,0.315,0,,Low,1-2 calls
SUB4699446,24,3,43.39,2,0.112,0,,Very_Low,1-2 calls
SUB5223138,48,1,7.5,2,0.292,0,,Low,1-2 calls
SUB1548723,18,6,41.19,4,0.337,0,,Low,3-4 calls
SUB4232940,6,12,39.39,2,0.236,0,,Low,1-2 calls
SUB5773147,12,12,85.99,3,0.132,0,,Very_Low,3-4 calls
SUB9473958,3,1,30.13,2,0.105,1,Relocation/Moving,Very_Low,1-2 calls
SUB3885579,6,12,86.56,2,0.102,0,,Very_Low,1-2 calls
SUB6912084,24,1,69.61,1,0.074,0,,Very_Low,1-2 calls
SUB8355554,1,6,12.75,3,0.945,1,Price Too High,Very_High,3-4 calls
SUB2440352,18,24,22.47,3,0.236,0,,Low,3-4 calls
SUB2877330,18,1,7.91,1,0.315,1,Relocation/Moving,Low,1-2 calls
SUB6082070,36,24,22.9,3,0.215,0,,Low,3-4 calls
SUB9943742,24,12,42.19,1,0.105,0,,Very_Low,1-2 calls
SUB6054379,12,6,93.08,2,0.09,0,,Very_Low,1-2 calls
SUB8269056,24,24,41.52,1,0.157,0,,Very_Low,1-2 calls
SUB5147036,18,6,58.69,2,0.143,0,,Very_Low,1-2 calls
SUB7208087,18,6,17.05,2,0.205,0,,Low,1-2 calls
SUB2048278,1,3,6.03,2,0.294,0,,Low,1-2 calls
SUB8035483,12,6,50.74,1,0.063,0,,Very_Low,1-2 calls
SUB1123182,36,3,25.62,3,0.116,0,,Very_Low,3-4 calls
SUB5242895,12,12,95.24,1,0.032,0,,Very_Low,1-2 calls
SUB8491818,24,1,7.13,4,0.41,1,Relocation/Moving,Medium,3-4 calls
SUB6217975,48,6,86.39,0,0.027,0,,Very_Low,0 calls
SUB9472714,12,1,57.74,1,0.132,1,Network Quality Issues,Very_Low,1-2 calls
SUB1164486,1,1,31.07,1,0.507,0,,Medium,1-2 calls
SUB4846556,1,24,87.14,4,0.157,0,,Very_Low,3-4 calls
SUB7259225,24,12,27.58,3,0.236,1,Price Too High,Low,3-4 calls
SUB1735062,1,12,8.13,4,0.819,1,Relocation/Moving,Very_High,3-4 calls
SUB1727468,60,6,13.12,2,0.177,0,,Very_Low,1-2 calls
SUB3064618,3,12,18.76,1,0.585,0,,Medium,1-2 calls
SUB4454707,24,3,21.49,1,0.157,0,,Very_Low,1-2 calls
SUB5872587,36,6,85.55,2,0.068,0,,Very_Low,1-2 calls
SUB7284179,6,12,7.89,2,0.22,0,,Low,1-2 calls
SUB7914128,12,12,109.21,1,0.123,0,,Very_Low,1-2 calls
SUB3798658,60,3,115.26,0,0.01,0,,Very_Low,0 calls
SUB8662208,60,12,53.29,2,0.018,0,,Very_Low,1-2 calls
SUB2424241,48,24,94.28,2,0.034,0,,Very_Low,1-2 calls
SUB1902810,6,6,84.94,0,0.149,0,,Very_Low,0 calls
SUB6541543,1,6,41.3,0,0.168,1,Network Quality Issues,Very_Low,0 calls
SUB4714528,3,3,38.61,5,0.71,1,Network Quality Issues,High,5+ calls
SUB6169619,3,6,36.5,2,0.45,0,,Medium,1-2 calls
SUB7395021,18,12,11.67,4,0.157,0,,Very_Low,3-4 calls
SUB7961507,24,24,6.12,2,0.273,0,,Low,1-2 calls
SUB4695611,1,3,30.24,2,0.585,0,,Medium,1-2 calls
SUB6431159,36,3,5.38,4,0.22,0,,Low,3-4 calls
SUB4392389,24,24,99.2,0,0.063,0,,Very_Low,0 calls
SUB4416502,12,12,42.13,2,0.189,1,Relocation/Moving,Very_Low,1-2 calls
SUB9351870,60,12,16.47,2,0.102,0,,Very_Low,1-2 calls
SUB7225175,6,24,12.08,1,0.41,0,,Medium,1-2 calls
SUB2001622,3,1,21.12,1,0.878,0,,Very_High,1-2 calls
SUB4246319,6,6,19.43,1,0.118,0,,Very_Low,1-2 calls
SUB2636617,12,1,13.17,1,0.328,1,Price Too High,Low,1-2 calls
SUB3466704,12,12,103.37,4,0.263,1,Network Quality Issues,Low,3-4 calls
SUB9750519,36,24,24.73,1,0.165,0,,Very_Low,1-2 calls
SUB2046251,36,1,80.56,0,0.041,0,,Very_Low,0 calls
SUB1285356,60,3,10.62,2,0.195,0,,Very_Low,1-2 calls
SUB4003337,24,24,101.75,2,0.037,0,,Very_Low,1-2 calls
SUB7563484,18,1,42.73,1,0.105,0,,Very_Low,1-2 calls
SUB9505089,18,1,70.89,3,0.165,0,,Very_Low,3-4 calls
SUB5262563,3,1,69.4,3,0.373,0,,Low,3-4 calls
SUB4275654,6,12,41.28,0,0.164,0,,Very_Low,0 calls
SUB4674777,60,12,10.24,0,0.042,0,,Very_Low,0 calls
SUB7233550,6,12,24.95,2,0.354,0,,Low,1-2 calls
SUB9122734,12,12,29.12,0,0.197,0,,Very_Low,0 calls
SUB6925313,12,24,36.17,2,0.189,0,,Very_Low,1-2 calls
SUB5395102,18,12,20.35,3,0.307,1,Network Quality Issues,Low,3-4 calls
SUB9045021,6,6,79.66,1,0.165,0,,Very_Low,1-2 calls
SUB9059562,18,12,22.03,3,0.329,0,,Low,3-4 calls
SUB7824125,60,12,27.0,0,0.063,0,,Very_Low,0 calls
SUB3242019,6,6,82.67,3,0.083,0,,Very_Low,3-4 calls
SUB1312051,12,24,119.36,2,0.045,0,,Very_Low,1-2 calls
SUB7170022,6,12,89.12,0,0.176,0,,Very_Low,0 calls
SUB3791004,6,3,31.62,2,0.205,0,,Low,1-2 calls
SUB7262748,6,1,13.6,3,0.331,1,Price Too High,Low,3-4 calls
SUB4568125,18,6,100.32,0,0.042,0,,Very_Low,0 calls
SUB7656669,12,6,6.95,1,0.252,0,,Low,1-2 calls
SUB3442905,12,3,10.79,1,0.328,1,Relocation/Moving,Low,1-2 calls
SUB2412210,24,24,13.28,2,0.39,0,,Low,1-2 calls
SUB7025140,3,1,75.15,0,0.153,0,,Very_Low,0 calls
SUB7362781,3,6,12.84,1,0.71,0,,High,1-2 calls
SUB4163257,12,1,72.17,3,0.258,0,,Low,3-4 calls
SUB3674986,6,12,8.88,1,0.614,1,Price Too High,High,1-2 calls
SUB4415814,3,6,6.82,4,0.945,1,Price Too High,Very_High,3-4 calls
SUB7036860,18,12,25.74,2,0.307,0,,Low,1-2 calls
SUB2950256,12,12,23.96,1,0.246,1,Network Quality Issues,Low,1-2 calls
SUB3803528,3,24,110.95,4,0.236,0,,Low,3-4 calls
SUB6310825,6,12,109.28,2,0.154,0,,Very_Low,1-2 calls
SUB5254284,24,24,10.45,0,0.153,0,,Very_Low,0 calls
SUB1165301,6,12,80.74,5,0.11,0,,Very_Low,5+ calls
SUB5814974,3,12,87.27,5,0.294,0,,Low,5+ calls
SUB1297180,60,12,24.54,3,0.11,0,,Very_Low,3-4 calls
SUB4405914,1,12,78.72,2,0.22,0,,Low,1-2 calls
SUB9165786,3,6,115.49,4,0.236,0,,Low,3-4 calls
SUB5177927,24,1,7.2,2,0.273,1,Price Too High,Low,1-2 calls
SUB5876831,12,6,7.91,2,0.126,0,,Very_Low,1-2 calls
SUB6032403,24,3,25.2,2,0.11,0,,Very_Low,1-2 calls
SUB4229065,18,12,12.01,4,0.41,0,,Medium,3-4 calls
SUB1587426,1,3,24.51,3,0.709,1,Price Too High,High,3-4 calls
SUB4430460,18,24,44.2,2,0.105,0,,Very_Low,1-2 calls
SUB2131614,24,3,61.14,1,0.124,1,Relocation/Moving,Very_Low,1-2 calls
SUB9003029,18,1,23.91,3,0.399,0,,Low,3-4 calls
SUB3466507,6,24,15.17,3,0.177,0,,Very_Low,3-4 calls
SUB6418673,1,6,67.76,6,0.382,0,,Low,5+ calls
SUB1776385,48,6,29.18,3,0.059,0,,Very_Low,3-4 calls
SUB8464370,24,24,61.89,2,0.096,0,,Very_Low,1-2 calls
SUB5559512,1,12,103.36,4,0.292,0,,Low,3-4 calls
SUB7519453,36,12,86.2,2,0.033,0,,Very_Low,1-2 calls
SUB7846090,1,6,55.69,1,0.147,0,,Very_Low,1-2 calls
SUB9607964,24,3,17.12,0,0.126,1,Price Too High,Very_Low,0 calls
SUB3995353,18,12,10.52,0,0.168,0,,Very_Low,0 calls
SUB2675255,48,12,75.71,0,0.027,0,,Very_Low,0 calls
SUB9873208,3,3,109.86,2,0.205,1,Better Competitor Offer,Low,1-2 calls
SUB2908151,18,3,9.72,1,0.273,0,,Low,1-2 calls
SUB4289363,12,24,10.46,3,0.639,0,,High,3-4 calls
SUB3786202,1,12,87.69,2,0.074,0,,Very_Low,1-2 calls
SUB8713409,18,24,13.12,2,0.105,0,,Very_Low,1-2 calls
SUB5209229,6,12,14.61,2,0.472,1,Price Too High,Medium,1-2 calls
SUB2649379,6,24,85.13,1,0.118,0,,Very_Low,1-2 calls
SUB6551093,6,6,6.1,2,0.157,0,,Very_Low,1-2 calls
SUB3392001,1,12,11.11,3,0.819,0,,Very_High,3-4 calls
SUB3316830,3,3,38.9,2,0.315,0,,Low,1-2 calls
SUB2233387,3,1,78.25,2,0.614,1,Network Quality Issues,High,1-2 calls
SUB8625417,18,24,21.65,3,0.57,0,,Medium,3-4 calls
SUB9439426,3,24,27.62,2,0.315,0,,Low,1-2 calls
SUB3249119,48,12,44.29,3,0.102,0,,Very_Low,3-4 calls
SUB3451603,6,3,35.18,2,0.205,0,,Low,1-2 calls
SUB2497116,18,24,9.53,4,0.157,0,,Very_Low,3-4 calls
SUB6571944,3,12,7.0,4,0.945,1,Price Too High,Very_High,3-4 calls
SUB9584036,24,3,49.39,2,0.157,0,,Very_Low,1-2 calls
SUB5595772,1,3,80.35,2,0.287,0,,Low,1-2 calls
SUB5289991,24,1,88.4,3,0.143,0,,Very_Low,3-4 calls
SUB6741638,12,12,60.19,1,0.115,0,,Very_Low,1-2 calls
SUB7052677,12,12,53.94,3,0.172,0,,Very_Low,3-4 calls
SUB4807114,6,3,12.98,1,0.41,1,Price Too High,Medium,1-2 calls
SUB9224767,12,6,92.49,0,0.05,0,,Very_Low,0 calls
SUB7582123,1,24,113.02,0,0.234,0,,Low,0 calls
SUB7805969,1,12,40.14,2,0.273,0,,Low,1-2 calls
SUB4981048,24,24,24.78,3,0.354,1,Price Too High,Low,3-4 calls
SUB7079422,3,24,33.51,3,0.22,0,,Low,3-4 calls
SUB6636589,18,24,35.75,2,0.136,0,,Very_Low,1-2 calls
SUB8946321,18,1,15.25,2,0.205,1,Price Too High,Low,1-2 calls
SUB2671179,18,3,48.91,0,0.126,0,,Very_Low,0 calls
SUB9484102,18,6,57.3,2,0.11,0,,Very_Low,1-2 calls
SUB4228409,18,12,85.55,3,0.143,0,,Very_Low,3-4 calls
SUB9227953,18,12,10.86,1,0.147,0,,Very_Low,1-2 calls
SUB5898841,48,3,7.09,0,0.109,0,,Very_Low,0 calls
SUB9324878,18,3,73.48,1,0.074,0,,Very_Low,1-2 calls
SUB4014130,6,6,97.97,2,0.118,0,,Very_Low,1-2 calls
SUB8592443,6,3,45.55,2,0.225,0,,Low,1-2 calls
SUB9328736,1,24,55.95,1,0.22,1,Relocation/Moving,Low,1-2 calls
SUB5747492,60,24,9.38,3,0.236,1,Relocation/Moving,Low,3-4 calls
SUB3111278,36,1,45.08,0,0.041,0,,Very_Low,0 calls
SUB8975518,1,12,94.77,4,0.11,0,,Very_Low,3-4 calls
SUB1216651,36,3,83.24,3,0.077,0,,Very_Low,3-4 calls
SUB9305530,3,12,116.01,1,0.074,0,,Very_Low,1-2 calls
SUB7620661,6,12,31.18,3,0.118,0,,Very_Low,3-4 calls
SUB7367038,18,1,57.13,1,0.11,0,,Very_Low,1-2 calls
SUB8572491,24,12,6.33,2,0.684,1,Service Not Needed,High,1-2 calls
SUB1605502,12,24,12.78,1,0.252,1,Price Too High,Low,1-2 calls
SUB3535244,60,3,14.59,3,0.11,0,,Very_Low,3-4 calls
SUB2560155,12,1,33.41,2,0.456,0,,Medium,1-2 calls
SUB2611589,6,12,22.24,4,0.658,1,Service Not Needed,High,3-4 calls
SUB1468163,1,12,60.91,2,0.147,0,,Very_Low,1-2 calls
SUB1770008,36,24,106.08,2,0.048,0,,Very_Low,1-2 calls
SUB5498907,12,6,48.48,0,0.14,0,,Very_Low,0 calls
SUB4000102,24,6,26.22,1,0.236,1,Network Quality Issues,Low,1-2 calls
SUB7589763,24,12,93.21,2,0.068,0,,Very_Low,1-2 calls
SUB8686906,1,1,38.96,2,0.315,0,,Low,1-2 calls
SUB3378772,36,1,82.24,1,0.067,0,,Very_Low,1-2 calls
SUB4476452,6,12,110.46,3,0.177,0,,Very_Low,3-4 calls
SUB4397559,36,1,89.18,0,0.044,0,,Very_Low,0 calls
SUB9737345,12,24,49.58,2,0.213,1,Network Quality Issues,Low,1-2 calls
SUB3821562,18,12,64.81,2,0.096,0,,Very_Low,1-2 calls
SUB6740592,3,12,42.53,4,0.472,1,Network Quality Issues,Medium,3-4 calls
SUB2512185,12,3,40.73,1,0.164,0,,Very_Low,1-2 calls
SUB9570209,60,6,37.7,2,0.026,1,Relocation/Moving,Very_Low,1-2 calls
SUB5262986,48,1,41.73,1,0.079,0,,Very_Low,1-2 calls
SUB4368737,60,3,15.46,2,0.102,0,,Very_Low,1-2 calls
SUB3544544,12,12,60.07,3,0.369,1,Relocation/Moving,Low,3-4 calls
SUB6325910,24,3,20.72,2,0.236,1,Relocation/Moving,Low,1-2 calls
SUB6363240,12,24,43.43,2,0.234,0,,Low,1-2 calls
SUB3028217,48,24,76.79,1,0.048,0,,Very_Low,1-2 calls
SUB1659297,60,1,87.06,3,0.051,0,,Very_Low,3-4 calls
SUB7985481,36,12,15.81,1,0.165,1,Relocation/Moving,Very_Low,1-2 calls
SUB6748777,18,1,112.87,4,0.112,0,,Very_Low,3-4 calls
SUB8226460,60,12,110.49,3,0.028,0,,Very_Low,3-4 calls
SUB6506774,60,3,31.73,1,0.079,0,,Very_Low,1-2 calls
SUB9977914,12,24,77.16,4,0.198,0,,Very_Low,3-4 calls
SUB6237264,6,24,26.44,3,0.532,1,Price Too High,Medium,3-4 calls
SUB2445819,3,12,97.3,1,0.195,0,,Very_Low,1-2 calls
SUB3233969,18,3,72.29,0,0.088,0,,Very_Low,0 calls
SUB1192803,1,12,27.25,5,0.819,1,Poor Customer Service,Very_High,5+ calls
SUB3453039,24,12,25.29,5,0.614,1,Poor Customer Service,High,5+ calls
SUB6959776,1,12,37.49,3,0.472,1,Network Quality Issues,Medium,3-4 calls
SUB8352182,6,12,19.75,1,0.354,1,Network Quality Issues,Low,1-2 calls
SUB6431369,12,6,76.36,1,0.115,0,,Very_Low,1-2 calls
SUB7153283,1,1,25.38,1,0.614,0,,High,1-2 calls
SUB7132469,1,6,45.68,3,0.41,0,,Medium,3-4 calls
SUB7491212,12,6,68.19,3,0.246,0,,Low,3-4 calls
SUB9220879,36,6,82.51,0,0.05,0,,Very_Low,0 calls
SUB8205273,12,24,66.6,1,0.088,0,,Very_Low,1-2 calls
SUB5528458,3,6,89.37,1,0.147,0,,Very_Low,1-2 calls
SUB5327219,12,6,105.73,2,0.117,1,Relocation/Moving,Very_Low,1-2 calls
SUB1777150,24,1,44.26,2,0.052,0,,Very_Low,1-2 calls
SUB7316851,1,12,84.87,3,0.614,1,Better Competitor Offer,High,3-4 calls
SUB6472587,1,3,22.84,0,0.378,1,Price Too High,Low,0 calls
SUB3321991,12,3,70.18,1,0.088,0,,Very_Low,1-2 calls
SUB6462762,18,12,27.11,1,0.205,0,,Low,1-2 calls
SUB2676099,18,24,95.34,3,0.102,0,,Very_Low,3-4 calls
SUB3090651,18,6,18.05,3,0.658,1,Network Quality Issues,High,3-4 calls
SUB6855113,3,6,14.62,2,0.546,0,,Medium,1-2 calls
SUB1527169,12,1,8.43,2,0.126,0,,Very_Low,1-2 calls
SUB8123801,12,12,8.8,4,0.491,1,Price Too High,Medium,3-4 calls
SUB4781876,3,3,26.03,4,0.337,0,,Low,3-4 calls
SUB6065521,3,12,31.66,6,0.546,0,,Medium,5+ calls
SUB2897465,18,3,92.36,3,0.118,0,,Very_Low,3-4 calls
SUB3263567,60,1,27.92,5,0.205,0,,Low,5+ calls
SUB6698485,3,6,21.71,0,0.328,1,Price Too High,Low,0 calls
SUB5665770,12,24,79.23,2,0.088,0,,Very_Low,1-2 calls
SUB9536341,6,3,10.66,0,0.328,0,,Low,0 calls
SUB9683585,6,3,100.71,2,0.102,0,,Very_Low,1-2 calls
SUB3724006,6,3,16.55,3,0.532,1,Price Too High,Medium,3-4 calls
SUB2119816,12,12,43.84,3,0.246,0,,Low,3-4 calls
SUB6168949,1,6,8.87,3,0.95,1,Network Quality Issues,Very_High,3-4 calls
SUB4971183,24,3,6.23,4,0.157,0,,Very_Low,3-4 calls
SUB4972369,18,6,51.96,4,0.186,1,Network Quality Issues,Very_Low,3-4 calls
SUB5550038,12,6,24.14,1,0.132,0,,Very_Low,1-2 calls
SUB4226250,3,12,102.18,1,0.136,0,,Very_Low,1-2 calls
SUB3470950,12,1,44.34,1,0.246,1,Network Quality Issues,Low,1-2 calls
SUB7410563,60,12,50.38,2,0.055,0,,Very_Low,1-2 calls
SUB9789784,24,6,85.47,2,0.068,0,,Very_Low,1-2 calls
SUB2043423,6,24,18.59,4,0.177,0,,Very_Low,3-4 calls
SUB9315308,24,6,55.03,5,0.147,0,,Very_Low,5+ calls
SUB3517626,12,1,6.63,1,0.126,0,,Very_Low,1-2 calls
SUB1092889,1,24,80.32,0,0.082,0,,Very_Low,0 calls
SUB1717884,18,24,75.6,3,0.11,0,,Very_Low,3-4 calls
SUB5609635,6,3,49.56,6,0.315,0,,Low,5+ calls
SUB3798945,12,24,8.98,0,0.202,1,Network Quality Issues,Low,0 calls
SUB5415880,12,24,40.57,3,0.189,0,,Very_Low,3-4 calls
SUB4102923,24,6,91.76,2,0.068,0,,Very_Low,1-2 calls
SUB7616243,18,3,90.56,0,0.078,0,,Very_Low,0 calls
SUB8615487,6,12,62.75,2,0.11,0,,Very_Low,1-2 calls
SUB4137877,18,1,15.1,2,0.236,0,,Low,1-2 calls
SUB5448388,3,12,114.2,1,0.136,0,,Very_Low,1-2 calls
SUB9518074,36,6,109.08,2,0.026,0,,Very_Low,1-2 calls
SUB8370563,3,12,22.11,1,0.532,1,Network Quality Issues,Medium,1-2 calls
SUB8751066,18,12,11.83,2,0.21,0,,Low,1-2 calls
SUB2594575,3,24,101.08,0,0.18,0,,Very_Low,0 calls
SUB7145660,6,24,90.95,3,0.177,1,Network Quality Issues,Very_Low,3-4 calls
SUB2732329,12,12,8.84,5,0.655,1,Network Quality Issues,High,5+ calls
SUB2857084,6,3,83.77,1,0.039,0,,Very_Low,1-2 calls
SUB2394994,48,3,37.39,1,0.026,0,,Very_Low,1-2 calls
SUB5514057,6,6,98.55,4,0.127,0,,Very_Low,3-4 calls
SUB2546557,3,24,28.35,1,0.472,0,,Medium,1-2 calls
SUB8398512,12,6,47.43,1,0.164,0,,Very_Low,1-2 calls
SUB8084932,48,12,24.8,3,0.059,0,,Very_Low,3-4 calls
SUB5968901,12,1,102.65,1,0.044,0,,Very_Low,1-2 calls
SUB4200890,60,6,27.78,4,0.084,0,,Very_Low,3-4 calls
SUB1029882,3,3,84.24,0,0.218,0,,Low,0 calls
SUB3675518,1,24,13.08,2,0.546,0,,Medium,1-2 calls
SUB2398705,6,12,86.88,0,0.132,0,,Very_Low,0 calls
SUB7211715,18,1,48.62,2,0.105,0,,Very_Low,1-2 calls
SUB7804327,18,6,12.87,1,0.39,1,Network Quality Issues,Low,1-2 calls
SUB5817530,6,1,24.6,1,0.461,0,,Medium,1-2 calls
SUB7934063,18,12,8.84,1,0.532,1,Network Quality Issues,Medium,1-2 calls
SUB1556831,36,3,68.94,1,0.096,0,,Very_Low,1-2 calls
SUB7711987,18,24,30.43,1,0.105,0,,Very_Low,1-2 calls
SUB5597577,24,1,13.13,1,0.315,0,,Low,1-2 calls
SUB6132869,6,12,16.36,0,0.284,0,,Low,0 calls
SUB9762127,12,12,41.89,0,0.197,0,,Very_Low,0 calls
SUB8482426,1,6,5.71,0,0.504,1,Price Too High,Medium,0 calls
SUB8934132,6,3,29.7,1,0.118,0,,Very_Low,1-2 calls
SUB8111905,24,6,61.58,5,0.273,1,Network Quality Issues,Low,5+ calls
SUB3030888,24,6,49.19,0,0.084,0,,Very_Low,0 calls
SUB2037904,48,24,41.29,3,0.072,0,,Very_Low,3-4 calls
SUB6634222,60,6,22.62,4,0.154,1,Network Quality Issues,Very_Low,3-4 calls
SUB7046941,60,3,9.35,1,0.096,0,,Very_Low,1-2 calls
SUB7388406,3,1,88.05,3,0.41,0,,Medium,3-4 calls
SUB5369246,3,1,110.91,1,0.136,0,,Very_Low,1-2 calls
SUB9353170,36,6,30.12,4,0.143,0,,Very_Low,3-4 calls
SUB8642897,12,3,20.43,3,0.283,0,,Low,3-4 calls
SUB9661351,6,1,34.31,1,0.079,1,Relocation/Moving,Very_Low,1-2 calls
SUB9723346,12,3,92.09,1,0.094,0,,Very_Low,1-2 calls
SUB7767414,12,6,76.25,3,0.319,0,,Low,3-4 calls
SUB6901179,6,12,82.01,2,0.039,0,,Very_Low,1-2 calls
SUB9254080,36,12,17.69,2,0.055,0,,Very_Low,1-2 calls
SUB8013383,48,1,73.35,2,0.048,0,,Very_Low,1-2 calls
SUB1197170,24,1,81.53,2,0.177,0,,Very_Low,1-2 calls
SUB6614058,1,24,46.95,3,0.76,0,,High,3-4 calls
SUB6423444,3,1,48.37,1,0.273,0,,Low,1-2 calls
SUB8360983,6,3,33.33,3,0.118,0,,Very_Low,3-4 calls
SUB5374296,18,6,83.33,1,0.11,0,,Very_Low,1-2 calls
SUB5765358,18,3,100.62,1,0.089,0,,Very_Low,1-2 calls
SUB8499455,1,3,7.13,3,0.315,0,,Low,3-4 calls
SUB3574584,60,12,47.32,3,0.19,0,,Very_Low,3-4 calls
SUB8782634,12,1,114.81,3,0.189,0,,Very_Low,3-4 calls
SUB5990044,12,6,12.06,2,0.328,0,,Low,1-2 calls
SUB3565513,3,12,20.85,1,0.22,0,,Low,1-2 calls
SUB4567008,60,1,12.63,0,0.042,0,,Very_Low,0 calls
SUB1447095,12,1,12.97,1,0.426,0,,Medium,1-2 calls
SUB7824464,3,6,109.66,2,0.136,0,,Very_Low,1-2 calls
SUB3701433,18,24,23.92,3,0.169,1,Network Quality Issues,Very_Low,3-4 calls
SUB7600713,6,6,71.84,1,0.102,0,,Very_Low,1-2 calls
SUB1835358,24,6,9.82,4,0.41,1,Poor Customer Service,Medium,3-4 calls
SUB2971472,12,1,6.23,2,0.328,1,Price Too High,Low,1-2 calls
SUB2079229,3,12,94.39,1,0.136,0,,Very_Low,1-2 calls
SUB2140441,24,3,45.41,3,0.205,0,,Low,3-4 calls
SUB2194447,6,12,13.68,3,0.614,1,Network Quality Issues,High,3-4 calls
SUB7539991,12,6,98.26,6,0.189,0,,Very_Low,5+ calls
SUB2587916,24,1,43.0,2,0.105,0,,Very_Low,1-2 calls
SUB3234268,3,6,38.88,3,0.532,0,,Medium,3-4 calls
SUB7442399,60,12,46.94,1,0.102,0,,Very_Low,1-2 calls
SUB3603087,24,12,10.65,0,0.118,1,Network Quality Issues,Very_Low,0 calls
SUB5961826,3,12,38.12,2,0.273,0,,Low,1-2 calls
SUB6199648,1,12,42.34,1,0.507,1,Network Quality Issues,Medium,1-2 calls
SUB7636708,12,3,18.1,2,0.132,0,,Very_Low,1-2 calls
SUB1049892,12,24,60.0,1,0.369,1,Relocation/Moving,Low,1-2 calls
SUB7473049,1,3,15.19,4,0.709,0,,High,3-4 calls
SUB6072237,18,3,82.57,1,0.096,0,,Very_Low,1-2 calls
SUB8030736,6,3,5.39,2,0.472,0,,Medium,1-2 calls
SUB9734143,6,24,106.38,3,0.083,0,,Very_Low,3-4 calls
SUB7571520,3,1,116.35,4,0.079,0,,Very_Low,3-4 calls
SUB4118113,3,12,11.33,1,0.546,1,Network Quality Issues,Medium,1-2 calls
SUB7060297,3,1,110.66,3,0.11,0,,Very_Low,3-4 calls
SUB3222854,36,12,38.83,2,0.124,0,,Very_Low,1-2 calls
SUB4292239,12,3,72.57,2,0.062,0,,Very_Low,1-2 calls
SUB1915108,12,12,52.97,4,0.093,0,,Very_Low,3-4 calls
SUB5877323,24,1,8.85,3,0.472,0,,Medium,3-4 calls
SUB3384272,6,6,11.88,1,0.409,1,Price Too High,Medium,1-2 calls
SUB3820377,36,6,17.7,4,0.215,0,,Low,3-4 calls
SUB2418351,3,1,34.62,1,0.409,0,,Medium,1-2 calls
SUB5917970,24,3,15.16,1,0.079,0,,Very_Low,1-2 calls
SUB4726713,1,3,46.23,6,0.546,1,Poor Customer Service,Medium,5+ calls
SUB9983278,3,6,10.12,3,0.819,1,Network Quality Issues,Very_High,3-4 calls
SUB1180116,36,1,87.69,3,0.116,0,,Very_Low,3-4 calls
SUB1787001,3,24,14.82,3,0.63,1,Price Too High,High,3-4 calls
SUB6048245,6,24,15.69,4,0.248,1,Price Too High,Low,3-4 calls
SUB9683790,1,3,10.68,1,0.42,1,Price Too High,Medium,1-2 calls
SUB2252825,18,3,53.61,3,0.077,0,,Very_Low,3-4 calls
SUB3302690,6,24,102.27,1,0.079,0,,Very_Low,1-2 calls
SUB1722153,18,3,12.81,0,0.252,0,,Low,0 calls
SUB4446010,1,6,55.53,1,0.191,0,,Very_Low,1-2 calls
SUB7492922,12,12,113.39,2,0.094,0,,Very_Low,1-2 calls
SUB8315845,12,6,97.48,3,0.263,0,,Low,3-4 calls
SUB3569395,12,24,31.86,3,0.283,0,,Low,3-4 calls
SUB4332951,6,12,24.84,2,0.169,0,,Very_Low,1-2 calls
SUB1311416,60,12,29.04,3,0.084,0,,Very_Low,3-4 calls
SUB1137980,6,12,29.56,3,0.532,1,Price Too High,Medium,3-4 calls
SUB3501212,18,1,34.73,3,0.205,0,,Low,3-4 calls
SUB8129343,6,12,45.28,2,0.236,0,,Low,1-2 calls
SUB6835615,12,12,66.01,3,0.093,0,,Very_Low,3-4 calls
SUB5924191,6,1,7.88,1,0.41,0,,Medium,1-2 calls
SUB1824765,3,24,6.53,2,0.42,1,Price Too High,Medium,1-2 calls
SUB1907651,60,12,112.7,0,0.027,0,,Very_Low,0 calls
SUB2350417,12,3,114.53,3,0.135,0,,Very_Low,3-4 calls
SUB7046946,12,3,86.31,1,0.115,0,,Very_Low,1-2 calls
SUB7702705,18,12,18.17,1,0.307,1,Price Too High,Low,1-2 calls
SUB1990391,6,1,103.81,3,0.177,1,Network Quality Issues,Very_Low,3-4 calls
SUB5249367,36,24,23.76,2,0.186,0,,Very_Low,1-2 calls
SUB7835084,6,24,54.3,0,0.044,0,,Very_Low,0 calls
SUB1587069,12,6,13.44,0,0.262,0,,Low,0 calls
SUB4947061,3,12,45.43,4,0.472,1,Network Quality Issues,Medium,3-4 calls
SUB4156366,18,24,66.6,4,0.055,0,,Very_Low,3-4 calls
SUB7198980,12,3,114.53,4,0.142,0,,Very_Low,3-4 calls
SUB3315138,6,6,64.51,2,0.165,0,,Very_Low,1-2 calls
SUB6549348,6,1,103.31,5,0.158,0,,Very_Low,5+ calls
SUB5415972,1,12,38.2,2,0.21,1,Network Quality Issues,Low,1-2 calls
SUB7586242,1,12,75.18,3,0.532,1,Better Competitor Offer,Medium,3-4 calls
SUB1549666,18,1,23.88,2,0.11,0,,Very_Low,1-2 calls
SUB4983027,24,24,6.09,0,0.168,0,,Very_Low,0 calls
SUB8675862,12,6,53.64,0,0.106,0,,Very_Low,0 calls
SUB9347131,1,24,98.25,3,0.76,0,,High,3-4 calls
SUB6605085,48,24,11.9,2,0.105,0,,Very_Low,1-2 calls
SUB5782969,24,12,5.69,1,0.136,0,,Very_Low,1-2 calls
SUB8076083,6,24,11.98,1,0.157,0,,Very_Low,1-2 calls
SUB5773283,18,3,97.1,3,0.285,0,,Low,3-4 calls
SUB3059417,3,6,24.67,1,0.315,0,,Low,1-2 calls
SUB8797551,24,3,17.23,4,0.354,0,,Low,3-4 calls
SUB8794087,12,6,5.62,1,0.378,1,Relocation/Moving,Low,1-2 calls
SUB5188432,12,12,29.39,2,0.246,0,,Low,1-2 calls
SUB3408359,1,24,83.95,3,0.22,0,,Low,3-4 calls
SUB5810374,18,12,112.3,3,0.112,0,,Very_Low,3-4 calls
SUB2832760,36,12,26.86,2,0.143,0,,Very_Low,1-2 calls
SUB3442367,6,1,16.4,0,0.132,1,Price Too High,Very_Low,0 calls
SUB7847101,1,24,82.23,1,0.074,0,,Very_Low,1-2 calls
SUB3539065,24,12,91.06,4,0.112,0,,Very_Low,3-4 calls
SUB3026091,18,12,17.15,2,0.236,0,,Low,1-2 calls
SUB4731622,24,24,10.94,3,0.22,1,Network Quality Issues,Low,3-4 calls
SUB8785363,12,24,85.33,2,0.032,0,,Very_Low,1-2 calls
SUB4087686,12,12,73.66,1,0.132,0,,Very_Low,1-2 calls
SUB1954227,3,24,113.27,2,0.136,0,,Very_Low,1-2 calls
SUB5072476,1,12,18.5,3,0.236,1,Price Too High,Low,3-4 calls
SUB5827976,12,12,35.36,3,0.527,1,Service Not Needed,Medium,3-4 calls
SUB4398499,36,12,66.64,2,0.067,0,,Very_Low,1-2 calls
SUB1058031,1,3,90.98,1,0.157,0,,Very_Low,1-2 calls
SUB9259282,60,6,107.66,2,0.038,0,,Very_Low,1-2 calls
SUB3451550,48,12,9.61,4,0.266,0,,Low,3-4 calls
SUB3081552,18,24,32.61,1,0.157,0,,Very_Low,1-2 calls
SUB8310982,48,6,19.07,4,0.154,0,,Very_Low,3-4 calls
SUB2178642,18,12,88.42,0,0.088,0,,Very_Low,0 calls
SUB6381862,12,6,70.42,1,0.088,0,,Very_Low,1-2 calls
SUB8604869,18,1,80.15,3,0.039,0,,Very_Low,3-4 calls
SUB8979633,36,12,21.68,3,0.215,0,,Low,3-4 calls
SUB5111932,60,12,8.2,4,0.157,0,,Very_Low,3-4 calls
SUB2734441,36,24,10.87,1,0.191,0,,Very_Low,1-2 calls
SUB2252876,3,12,21.41,6,0.95,1,Network Quality Issues,Very_High,5+ calls
SUB8937108,18,12,17.22,0,0.063,0,,Very_Low,0 calls
SUB3960841,12,3,80.32,1,0.094,0,,Very_Low,1-2 calls
SUB8745073,12,1,41.58,2,0.246,0,,Low,1-2 calls
SUB3592859,12,12,48.62,2,0.164,0,,Very_Low,1-2 calls
SUB8992388,1,24,106.77,4,0.157,0,,Very_Low,3-4 calls
SUB6767204,36,24,98.64,2,0.048,0,,Very_Low,1-2 calls
SUB8696124,60,6,31.94,3,0.118,0,,Very_Low,3-4 calls
SUB2918715,3,12,8.27,1,0.294,1,Network Quality Issues,Low,1-2 calls
SUB7854795,18,3,15.68,2,0.205,0,,Low,1-2 calls
SUB9880121,12,3,41.65,5,0.378,0,,Low,5+ calls
SUB3177890,36,24,69.28,2,0.067,0,,Very_Low,1-2 calls
SUB5267905,24,24,81.13,0,0.115,0,,Very_Low,0 calls
SUB4175601,24,3,34.21,3,0.205,0,,Low,3-4 calls
SUB2740584,60,6,114.74,1,0.026,0,,Very_Low,1-2 calls
SUB4217196,18,12,68.23,3,0.143,0,,Very_Low,3-4 calls
SUB6251208,12,1,92.18,2,0.123,0,,Very_Low,1-2 calls
SUB9526013,1,24,86.02,2,0.157,0,,Very_Low,1-2 calls
SUB8067263,48,1,12.02,6,0.315,1,Poor Customer Service,Low,5+ calls
SUB9509781,18,24,12.59,5,0.63,0,,High,5+ calls
SUB1046638,18,24,23.07,2,0.236,0,,Low,1-2 calls
SUB6444555,12,12,43.54,4,0.246,1,Network Quality Issues,Low,3-4 calls
SUB2162496,12,24,36.8,2,0.189,1,Relocation/Moving,Very_Low,1-2 calls
SUB9236843,12,1,22.13,1,0.189,0,,Very_Low,1-2 calls
SUB5151538,1,6,103.15,1,0.177,0,,Very_Low,1-2 calls
SUB8776018,24,6,25.65,1,0.236,1,Price Too High,Low,1-2 calls
SUB3105039,3,12,99.98,2,0.136,0,,Very_Low,1-2 calls
SUB3064798,6,12,34.71,2,0.439,0,,Medium,1-2 calls
SUB3850418,1,12,13.36,4,0.63,0,,High,3-4 calls
SUB4119810,24,1,13.22,3,0.532,0,,Medium,3-4 calls
SUB1821929,3,24,12.53,3,0.945,1,Price Too High,Very_High,3-4 calls
SUB7647162,12,24,6.16,2,0.426,0,,Medium,1-2 calls
SUB5910673,12,12,50.46,1,0.132,1,Network Quality Issues,Very_Low,1-2 calls
SUB8846540,6,24,12.08,0,0.176,0,,Very_Low,0 calls
SUB4772217,36,3,60.23,1,0.048,0,,Very_Low,1-2 calls
SUB3027842,24,1,21.04,2,0.236,0,,Low,1-2 calls
SUB6212281,24,24,11.73,4,0.315,0,,Low,3-4 calls
SUB1734459,6,24,66.85,3,0.215,0,,Low,3-4 calls
SUB8718742,3,6,43.75,0,0.252,0,,Low,0 calls
SUB3306648,6,6,43.87,2,0.236,0,,Low,1-2 calls
SUB3789850,12,12,20.73,3,0.198,0,,Very_Low,3-4 calls
SUB3703934,12,6,6.79,1,0.328,1,Network Quality Issues,Low,1-2 calls
SUB9697318,6,6,16.05,0,0.094,1,Price Too High,Very_Low,0 calls
SUB5541912,12,3,41.19,2,0.234,0,,Low,1-2 calls
SUB4903869,3,1,6.56,2,0.63,1,Price Too High,High,1-2 calls
SUB6371159,6,12,34.72,3,0.165,1,Network Quality Issues,Very_Low,3-4 calls
SUB3451976,6,1,88.83,0,0.032,0,,Very_Low,0 calls
SUB4197860,24,24,18.68,1,0.11,0,,Very_Low,1-2 calls
SUB5680018,12,24,91.34,0,0.072,0,,Very_Low,0 calls
SUB3780596,18,6,6.32,3,0.41,1,Network Quality Issues,Medium,3-4 calls
SUB5040015,18,1,52.69,1,0.11,0,,Very_Low,1-2 calls
SUB5870807,1,12,72.02,1,0.22,1,Better Competitor Offer,Low,1-2 calls
SUB4237355,24,12,26.75,3,0.307,1,Relocation/Moving,Low,3-4 calls
SUB1122772,6,1,118.76,0,0.068,0,,Very_Low,0 calls
SUB5077411,12,12,28.35,0,0.151,0,,Very_Low,0 calls
SUB6472295,6,6,12.2,1,0.22,0,,Low,1-2 calls
SUB7957038,24,24,41.23,0,0.109,0,,Very_Low,0 calls
SUB6756157,6,12,83.46,3,0.118,0,,Very_Low,3-4 calls
SUB8356148,60,6,105.45,2,0.026,0,,Very_Low,1-2 calls
SUB3801329,12,24,26.27,2,0.246,0,,Low,1-2 calls
SUB7525438,24,6,33.02,3,0.205,0,,Low,3-4 calls
SUB9680407,18,24,7.14,1,0.21,0,,Low,1-2 calls
SUB9577482,24,3,32.12,2,0.105,0,,Very_Low,1-2 calls
SUB8223153,18,6,37.52,2,0.146,0,,Very_Low,1-2 calls
SUB7727897,12,1,15.85,0,0.197,1,Price Too High,Very_Low,0 calls
SUB6433962,3,6,41.66,2,0.315,0,,Low,1-2 calls
SUB1473818,12,24,112.05,2,0.082,0,,Very_Low,1-2 calls
SUB4035865,1,24,34.86,1,0.585,1,Network Quality Issues,Medium,1-2 calls
SUB4883424,1,24,50.34,1,0.147,0,,Very_Low,1-2 calls
SUB4231365,18,12,20.67,2,0.307,0,,Low,1-2 calls
SUB7766699,12,3,86.15,3,0.101,0,,Very_Low,3-4 calls
SUB4828295,12,3,12.13,4,0.265,0,,Low,3-4 calls
SUB2724833,6,3,46.86,1,0.307,0,,Low,1-2 calls
SUB9975979,24,12,78.96,6,0.287,1,Poor Customer Service,Low,5+ calls
SUB9193421,3,6,61.12,1,0.248,0,,Low,1-2 calls
SUB6864719,18,6,6.84,1,0.147,0,,Very_Low,1-2 calls
SUB4764040,36,24,26.4,0,0.189,0,,Very_Low,0 calls
SUB7110793,36,12,40.54,0,0.088,0,,Very_Low,0 calls
SUB7553855,1,3,25.79,0,0.608,0,,High,0 calls
SUB4660880,6,3,75.93,1,0.158,1,Network Quality Issues,Very_Low,1-2 calls
SUB9596235,24,24,23.08,5,0.878,1,Relocation/Moving,Very_High,5+ calls
SUB6782655,24,24,17.24,1,0.205,0,,Low,1-2 calls
SUB4646277,12,3,6.6,1,0.126,0,,Very_Low,1-2 calls
SUB2592210,3,24,10.99,4,0.945,1,Price Too High,Very_High,3-4 calls
SUB3918634,6,6,84.62,2,0.186,0,,Very_Low,1-2 calls
SUB7562344,24,24,48.04,2,0.157,0,,Very_Low,1-2 calls
SUB8401628,3,12,43.82,1,0.315,0,,Low,1-2 calls
SUB4884485,48,24,20.99,0,0.123,0,,Very_Low,0 calls
SUB2991226,12,12,13.18,0,0.262,0,,Low,0 calls
SUB1829119,6,3,28.38,3,0.248,0,,Low,3-4 calls
SUB2054853,12,1,21.89,3,0.369,0,,Low,3-4 calls
SUB6042596,6,12,68.87,2,0.165,0,,Very_Low,1-2 calls
SUB7424788,12,1,112.69,3,0.142,0,,Very_Low,3-4 calls
SUB4386243,3,3,99.05,2,0.105,0,,Very_Low,1-2 calls
SUB9124897,36,3,39.05,4,0.165,1,Poor Customer Service,Very_Low,3-4 calls
SUB9675493,60,6,35.16,4,0.102,0,,Very_Low,3-4 calls
SUB4445083,18,12,106.58,3,0.102,0,,Very_Low,3-4 calls
SUB5977037,24,24,42.8,0,0.281,0,,Low,0 calls
SUB2535410,6,24,43.59,2,0.236,1,Relocation/Moving,Low,1-2 calls
SUB1349760,1,24,42.08,2,0.39,0,,Low,1-2 calls
SUB8490526,18,12,81.57,3,0.165,0,,Very_Low,3-4 calls
SUB6827278,24,24,40.19,0,0.084,1,Relocation/Moving,Very_Low,0 calls
SUB1296177,36,12,62.59,2,0.051,0,,Very_Low,1-2 calls
SUB7074525,12,24,53.51,1,0.172,1,Network Quality Issues,Very_Low,1-2 calls
SUB4406433,18,1,73.6,2,0.096,0,,Very_Low,1-2 calls
SUB1012938,6,24,20.94,2,0.307,1,Price Too High,Low,1-2 calls
SUB2179418,36,3,81.39,3,0.116,0,,Very_Low,3-4 calls
SUB1994199,18,12,9.62,2,0.315,0,,Low,1-2 calls
SUB6507298,3,12,90.31,2,0.254,1,Better Competitor Offer,Low,1-2 calls
SUB2919398,6,12,23.59,3,0.248,1,Price Too High,Low,3-4 calls
SUB7716487,3,12,21.26,5,0.819,0,,Very_High,5+ calls
SUB4614962,12,12,62.92,2,0.088,0,,Very_Low,1-2 calls
SUB6133783,3,12,49.67,1,0.273,1,Relocation/Moving,Low,1-2 calls
SUB2185622,3,12,18.97,2,0.532,1,Network Quality Issues,Medium,1-2 calls
SUB5192907,3,1,16.34,2,0.532,0,,Medium,1-2 calls
SUB7630064,6,12,103.21,5,0.658,1,Better Competitor Offer,High,5+ calls
SUB1545501,24,12,7.02,0,0.218,0,,Low,0 calls
SUB6199039,48,12,14.36,3,0.11,0,,Very_Low,3-4 calls
SUB6567768,60,1,84.36,0,0.038,0,,Very_Low,0 calls
SUB7964587,1,6,49.53,4,0.315,0,,Low,3-4 calls
SUB2511602,18,24,89.35,2,0.143,0,,Very_Low,1-2 calls
SUB3346118,6,6,77.33,2,0.266,0,,Low,1-2 calls
SUB5639596,60,6,87.47,2,0.018,0,,Very_Low,1-2 calls
SUB4465495,60,1,80.97,0,0.027,0,,Very_Low,0 calls
SUB1689746,48,6,51.88,1,0.048,0,,Very_Low,1-2 calls
SUB4517155,1,6,28.4,4,0.709,1,Poor Customer Service,High,3-4 calls
SUB9744047,3,24,35.27,0,0.328,0,,Low,0 calls
SUB5206330,18,1,48.61,2,0.15,0,,Very_Low,1-2 calls
SUB3980858,3,24,34.01,5,0.294,0,,Low,5+ calls
SUB9677596,36,12,7.92,3,0.43,1,Relocation/Moving,Medium,3-4 calls
SUB3554293,18,12,43.83,1,0.157,1,Relocation/Moving,Very_Low,1-2 calls
SUB8935145,3,24,118.7,3,0.205,1,Network Quality Issues,Low,3-4 calls
SUB6590572,24,3,18.92,1,0.157,0,,Very_Low,1-2 calls
SUB4856397,12,3,53.78,3,0.319,0,,Low,3-4 calls
SUB6831398,24,24,39.27,1,0.136,0,,Very_Low,1-2 calls
SUB3007708,3,24,15.06,0,0.252,0,,Low,0 calls
SUB9828452,12,24,43.73,0,0.131,0,,Very_Low,0 calls
SUB1287249,24,1,18.91,3,0.118,0,,Very_Low,3-4 calls
SUB9206294,6,12,36.99,5,0.41,1,Poor Customer Service,Medium,5+ calls
SUB7805995,3,6,81.42,1,0.158,0,,Very_Low,1-2 calls
SUB5525605,18,24,78.54,1,0.11,0,,Very_Low,1-2 calls
SUB2397955,18,3,19.41,2,0.307,0,,Low,1-2 calls
SUB1770802,3,24,7.87,2,0.294,0,,Low,1-2 calls
SUB5458795,1,6,57.97,5,0.294,1,Network Quality Issues,Low,5+ calls
SUB4019579,3,6,21.89,2,0.22,0,,Low,1-2 calls
SUB5650291,6,3,8.42,2,0.41,1,Price Too High,Medium,1-2 calls
SUB5319230,1,1,25.31,2,0.157,0,,Very_Low,1-2 calls
SUB9469755,48,6,58.35,1,0.055,0,,Very_Low,1-2 calls
SUB8650311,6,1,80.84,1,0.165,0,,Very_Low,1-2 calls
SUB2592063,24,12,119.59,2,0.068,0,,Very_Low,1-2 calls
SUB9266602,12,12,12.45,1,0.176,1,Price Too High,Very_Low,1-2 calls
SUB7121602,12,24,21.95,2,0.189,0,,Very_Low,1-2 calls
SUB7512324,12,1,33.88,2,0.213,1,Network Quality Issues,Low,1-2 calls
SUB3217939,24,6,58.99,0,0.076,0,,Very_Low,0 calls
SUB7405883,24,1,23.75,1,0.307,0,,Low,1-2 calls
SUB7439519,3,12,25.24,3,0.614,1,Price Too High,High,3-4 calls
SUB7969369,6,24,29.43,1,0.439,0,,Medium,1-2 calls
SUB5806085,18,6,68.62,3,0.205,1,Relocation/Moving,Low,3-4 calls
SUB7161018,6,24,22.6,1,0.236,0,,Low,1-2 calls
SUB9877241,3,24,86.58,1,0.075,0,,Very_Low,1-2 calls
SUB3896355,12,3,35.19,3,0.283,0,,Low,3-4 calls
SUB7371332,3,1,29.49,0,0.328,1,Network Quality Issues,Low,0 calls
SUB7783564,3,12,16.17,0,0.328,1,Price Too High,Low,0 calls
SUB1167071,6,12,9.65,3,0.472,0,,Medium,3-4 calls
SUB2775823,6,6,76.64,0,0.115,0,,Very_Low,0 calls
SUB7088960,1,6,76.04,1,0.074,0,,Very_Low,1-2 calls
SUB8800757,18,1,11.48,1,0.39,1,Service Not Needed,Low,1-2 calls
SUB8583754,6,24,36.07,0,0.27,0,,Low,0 calls
SUB7629383,3,3,64.54,3,0.614,0,,High,3-4 calls
SUB3665880,24,1,16.01,2,0.205,0,,Low,1-2 calls
SUB5761631,1,12,27.48,2,0.315,1,Price Too High,Low,1-2 calls
SUB3414551,12,6,19.5,1,0.284,0,,Low,1-2 calls
SUB9460827,12,12,23.84,2,0.369,0,,Low,1-2 calls
SUB3807501,18,24,39.66,0,0.084,0,,Very_Low,0 calls
SUB2846252,12,6,6.75,0,0.202,0,,Low,0 calls
SUB4764610,12,1,16.41,3,0.425,0,,Medium,3-4 calls
SUB8660771,48,3,100.76,6,0.068,0,,Very_Low,5+ calls
SUB5912894,3,1,14.14,2,0.546,0,,Medium,1-2 calls
SUB1366042,3,1,9.96,2,0.39,0,,Low,1-2 calls
SUB6533395,24,24,69.75,5,0.22,0,,Low,5+ calls
SUB7451406,24,24,5.44,5,0.42,0,,Medium,5+ calls
SUB3264381,48,12,25.3,3,0.154,0,,Very_Low,3-4 calls
SUB6248794,60,12,30.6,1,0.19,0,,Very_Low,1-2 calls
SUB8212648,12,12,116.02,5,0.213,0,,Low,5+ calls
SUB8527467,12,1,12.95,1,0.378,1,Network Quality Issues,Low,1-2 calls
SUB7910957,48,1,118.02,3,0.039,0,,Very_Low,3-4 calls
SUB3503821,36,12,76.41,1,0.067,0,,Very_Low,1-2 calls
SUB5872367,12,1,60.29,4,0.198,0,,Very_Low,3-4 calls
SUB2238669,1,24,75.0,2,0.22,0,,Low,1-2 calls
SUB3191951,18,12,11.6,1,0.191,0,,Very_Low,1-2 calls
SUB5816977,6,1,7.04,4,0.614,1,Network Quality Issues,High,3-4 calls
SUB8051398,48,12,23.83,3,0.2,0,,Very_Low,3-4 calls
SUB9339150,24,12,14.54,3,0.41,0,,Medium,3-4 calls
SUB8428951,48,6,91.37,3,0.02,0,,Very_Low,3-4 calls
SUB1924914,1,24,30.28,0,0.218,1,Network Quality Issues,Low,0 calls
SUB1605750,36,6,37.78,2,0.074,0,,Very_Low,1-2 calls
SUB1179340,18,6,67.88,2,0.205,0,,Low,1-2 calls
SUB8371191,3,12,117.86,4,0.307,0,,Low,3-4 calls
SUB5236343,6,12,94.7,0,0.082,0,,Very_Low,0 calls
SUB3854414,12,3,67.77,4,0.172,0,,Very_Low,3-4 calls
SUB3796175,18,1,18.16,2,0.157,0,,Very_Low,1-2 calls
SUB8945223,6,3,7.24,0,0.328,0,,Low,0 calls
SUB4055068,3,3,12.16,0,0.568,1,Price Too High,Medium,0 calls
SUB6361878,36,24,11.82,3,0.22,0,,Low,3-4 calls
SUB9629932,36,24,14.55,0,0.176,0,,Very_Low,0 calls
SUB5622887,24,12,119.87,1,0.079,0,,Very_Low,1-2 calls
SUB4659248,24,12,99.35,2,0.037,0,,Very_Low,1-2 calls
SUB7166197,24,12,72.28,4,0.532,1,Service Not Needed,Medium,3-4 calls
SUB9621837,48,12,68.61,2,0.037,0,,Very_Low,1-2 calls
SUB1837876,36,6,45.33,0,0.142,0,,Very_Low,0 calls
SUB2088894,12,12,15.54,0,0.197,1,Network Quality Issues,Very_Low,0 calls
SUB3789530,12,12,99.66,3,0.142,0,,Very_Low,3-4 calls
SUB9512686,18,6,27.2,2,0.11,0,,Very_Low,1-2 calls
SUB9428367,12,12,51.3,0,0.071,0,,Very_Low,0 calls
SUB8835958,6,24,20.73,3,0.95,1,Network Quality Issues,Very_High,3-4 calls
SUB6923808,36,12,117.69,2,0.026,0,,Very_Low,1-2 calls
SUB3950161,24,1,54.35,2,0.096,0,,Very_Low,1-2 calls
SUB5561679,12,12,39.99,1,0.088,0,,Very_Low,1-2 calls
SUB7976915,3,12,5.17,4,0.945,1,Relocation/Moving,Very_High,3-4 calls
SUB7725311,1,3,17.16,5,0.945,1,Price Too High,Very_High,5+ calls
SUB8671388,1,6,42.78,2,0.45,1,Network Quality Issues,Medium,1-2 calls
SUB6691357,3,12,23.21,3,0.709,1,Network Quality Issues,High,3-4 calls
SUB8107936,18,12,105.95,3,0.055,0,,Very_Low,3-4 calls
SUB4017721,3,24,69.5,0,0.168,0,,Very_Low,0 calls
SUB6638132,18,12,49.87,4,0.292,0,,Low,3-4 calls
SUB6653020,6,1,21.5,2,0.165,0,,Very_Low,1-2 calls
SUB8400236,36,6,85.02,1,0.1,0,,Very_Low,1-2 calls
SUB8897164,12,1,5.3,3,0.189,0,,Very_Low,3-4 calls
SUB5443131,18,12,5.59,2,0.105,0,,Very_Low,1-2 calls
SUB9633864,12,3,5.56,1,0.328,0,,Low,1-2 calls
SUB7635543,48,1,5.31,2,0.157,0,,Very_Low,1-2 calls
SUB1410275,18,1,43.16,1,0.105,0,,Very_Low,1-2 calls
SUB8887372,18,1,16.68,4,0.307,0,,Low,3-4 calls
SUB2829210,18,3,88.9,2,0.051,0,,Very_Low,1-2 calls
SUB1594091,60,12,75.84,3,0.107,0,,Very_Low,3-4 calls
SUB1071524,18,3,44.42,2,0.136,0,,Very_Low,1-2 calls
SUB8040326,24,3,29.96,3,0.307,0,,Low,3-4 calls
SUB5785613,1,24,88.23,2,0.157,1,Better Competitor Offer,Very_Low,1-2 calls
SUB3832761,24,6,85.07,1,0.124,0,,Very_Low,1-2 calls
SUB7573643,18,12,28.39,1,0.236,1,Relocation/Moving,Low,1-2 calls
SUB3092195,6,1,39.83,0,0.234,0,,Low,0 calls
SUB8342451,18,1,6.12,1,0.191,0,,Very_Low,1-2 calls
SUB1768976,18,12,19.77,1,0.266,0,,Low,1-2 calls
SUB5631004,6,6,89.61,4,0.083,0,,Very_Low,3-4 calls
SUB2243517,12,1,22.18,4,0.553,0,,Medium,3-4 calls
SUB7145779,24,6,76.22,3,0.143,1,Better Competitor Offer,Very_Low,3-4 calls
SUB5534945,6,1,22.22,1,0.118,0,,Very_Low,1-2 calls
SUB4283287,36,12,82.86,3,0.093,0,,Very_Low,3-4 calls
SUB4992852,1,1,26.93,2,0.157,1,Price Too High,Very_Low,1-2 calls
SUB9306946,18,1,16.94,3,0.307,0,,Low,3-4 calls
SUB4137358,12,6,30.58,1,0.164,0,,Very_Low,1-2 calls
SUB6184975,1,12,45.92,2,0.21,0,,Low,1-2 calls
SUB5542709,24,12,41.24,0,0.126,0,,Very_Low,0 calls
SUB5385500,12,1,49.43,2,0.189,0,,Very_Low,1-2 calls
SUB8784197,24,6,29.11,0,0.126,0,,Very_Low,0 calls
SUB2762204,12,3,16.76,0,0.197,0,,Very_Low,0 calls
SUB4380795,36,12,32.08,3,0.1,0,,Very_Low,3-4 calls
SUB9076693,1,6,71.57,4,0.331,0,,Low,3-4 calls
SUB5531536,6,12,22.09,4,0.23,0,,Low,3-4 calls
SUB9298836,24,6,81.65,3,0.307,0,,Low,3-4 calls
SUB6423666,60,12,117.29,1,0.019,0,,Very_Low,1-2 calls
SUB8146423,36,6,57.7,1,0.087,0,,Very_Low,1-2 calls
SUB8405382,6,3,11.41,1,0.315,1,Price Too High,Low,1-2 calls
SUB3278569,6,1,42.47,2,0.158,0,,Very_Low,1-2 calls
SUB7532134,24,3,21.96,2,0.205,1,Price Too High,Low,1-2 calls
SUB1343275,48,3,28.27,1,0.039,0,,Very_Low,1-2 calls
SUB7118225,6,24,36.96,3,0.307,0,,Low,3-4 calls
SUB8681122,12,24,19.93,1,0.246,0,,Low,1-2 calls
SUB2225619,1,3,14.2,5,0.546,1,Service Not Needed,Medium,5+ calls
SUB5328974,12,1,29.13,2,0.263,0,,Low,1-2 calls
SUB4662667,1,3,23.67,2,0.41,1,Price Too High,Medium,1-2 calls
SUB4756150,1,12,17.88,2,0.472,1,Price Too High,Medium,1-2 calls
SUB3203092,24,24,5.82,3,0.22,1,Relocation/Moving,Low,3-4 calls
SUB6171748,6,12,6.0,1,0.157,1,Relocation/Moving,Very_Low,1-2 calls
SUB3683525,48,12,13.94,2,0.105,0,,Very_Low,1-2 calls
SUB1456195,24,6,111.84,3,0.079,0,,Very_Low,3-4 calls
SUB5512276,6,3,79.28,4,0.116,0,,Very_Low,3-4 calls
SUB2539998,18,1,18.43,2,0.236,0,,Low,1-2 calls
SUB4524756,36,12,99.68,0,0.041,0,,Very_Low,0 calls
SUB5973198,12,12,27.7,3,0.369,1,Network Quality Issues,Low,3-4 calls
SUB2528362,18,12,42.97,3,0.205,0,,Low,3-4 calls
SUB4701339,3,24,13.71,2,0.546,1,Price Too High,Medium,1-2 calls
SUB1881037,12,24,53.48,0,0.119,0,,Very_Low,0 calls
SUB4626307,18,3,6.96,1,0.273,1,Network Quality Issues,Low,1-2 calls
SUB9643155,18,1,12.15,1,0.105,0,,Very_Low,1-2 calls
SUB7601568,24,6,17.03,1,0.205,0,,Low,1-2 calls
SUB3368403,60,6,80.51,3,0.028,0,,Very_Low,3-4 calls
SUB5650215,36,12,11.5,1,0.287,0,,Low,1-2 calls
SUB9223269,36,1,18.4,1,0.077,0,,Very_Low,1-2 calls
SUB8659150,18,24,18.94,2,0.266,1,Price Too High,Low,1-2 calls
SUB9412054,3,24,62.76,2,0.287,0,,Low,1-2 calls
SUB7024587,18,1,18.92,2,0.236,0,,Low,1-2 calls
SUB9332715,12,6,46.37,2,0.27,0,,Low,1-2 calls
SUB3625263,1,24,24.63,7,0.95,1,Poor Customer Service,Very_High,5+ calls
SUB3241678,3,3,48.61,1,0.21,0,,Low,1-2 calls
SUB6122028,24,12,12.15,0,0.284,0,,Low,0 calls
SUB9593770,18,12,17.38,1,0.307,0,,Low,1-2 calls
SUB3763049,60,3,109.31,1,0.034,0,,Very_Low,1-2 calls
SUB3203087,48,1,87.07,0,0.044,1,Better Competitor Offer,Very_Low,0 calls
SUB3952718,18,12,97.25,3,0.102,0,,Very_Low,3-4 calls
SUB5952297,3,12,70.44,3,0.315,0,,Low,3-4 calls
SUB1376924,6,12,47.04,5,0.439,1,Service Not Needed,Medium,5+ calls
SUB1387688,6,3,67.81,1,0.143,1,Network Quality Issues,Very_Low,1-2 calls
SUB7094899,12,12,75.6,1,0.132,0,,Very_Low,1-2 calls
SUB3435016,24,12,25.08,3,0.215,0,,Low,3-4 calls
SUB2070648,36,6,6.47,2,0.191,1,Price Too High,Very_Low,1-2 calls
SUB4890026,3,12,18.32,4,0.43,0,,Medium,3-4 calls
SUB5558708,12,6,11.45,0,0.302,1,Network Quality Issues,Low,0 calls
SUB5593577,18,6,27.07,2,0.205,0,,Low,1-2 calls
SUB7322372,12,12,82.82,1,0.032,0,,Very_Low,1-2 calls
SUB9940164,48,24,54.56,2,0.072,0,,Very_Low,1-2 calls
SUB5188136,6,6,30.8,0,0.126,0,,Very_Low,0 calls
SUB5490741,12,6,17.88,1,0.284,0,,Low,1-2 calls
SUB8347075,18,3,28.96,1,0.266,0,,Low,1-2 calls
SUB8249602,12,12,45.96,2,0.164,0,,Very_Low,1-2 calls
SUB8859498,60,6,34.67,0,0.055,0,,Very_Low,0 calls
SUB3906868,24,12,58.76,1,0.051,0,,Very_Low,1-2 calls
SUB5058961,36,1,80.17,0,0.038,0,,Very_Low,0 calls
SUB4246532,24,3,28.36,3,0.118,1,Relocation/Moving,Very_Low,3-4 calls
SUB5263304,18,3,22.24,2,0.205,1,Price Too High,Low,1-2 calls
SUB5125339,1,12,28.16,2,0.878,1,Relocation/Moving,Very_High,1-2 calls
SUB2900057,24,1,27.84,1,0.205,1,Price Too High,Low,1-2 calls
SUB1784514,18,3,8.53,2,0.21,1,Network Quality Issues,Low,1-2 calls
SUB2919587,1,12,114.11,1,0.355,0,,Low,1-2 calls
SUB7760510,3,1,101.85,3,0.205,0,,Low,3-4 calls
SUB6051702,12,1,90.31,1,0.063,0,,Very_Low,1-2 calls
SUB5639848,36,12,83.94,1,0.037,0,,Very_Low,1-2 calls
SUB3866792,18,12,101.88,3,0.102,0,,Very_Low,3-4 calls
SUB6834564,48,1,105.89,3,0.051,0,,Very_Low,3-4 calls
SUB5673794,24,1,63.43,5,0.22,0,,Low,5+ calls
SUB3153883,18,3,13.44,3,0.45,0,,Medium,3-4 calls
SUB8415042,6,24,11.61,1,0.614,0,,High,1-2 calls
SUB3346243,36,12,6.95,2,0.22,0,,Low,1-2 calls
SUB5265630,18,24,19.12,4,0.154,1,Poor Customer Service,Very_Low,3-4 calls
SUB9726458,18,12,57.75,1,0.11,0,,Very_Low,1-2 calls
SUB4679020,12,24,49.72,0,0.131,0,,Very_Low,0 calls
SUB8455050,3,24,18.5,1,0.157,0,,Very_Low,1-2 calls
SUB1488968,1,1,10.52,2,0.63,1,Price Too High,High,1-2 calls
SUB5248949,24,1,14.43,3,0.22,0,,Low,3-4 calls
SUB2580096,48,6,25.7,2,0.369,0,,Low,1-2 calls
SUB6821934,3,3,14.16,5,0.42,1,Poor Customer Service,Medium,5+ calls
SUB2693465,48,12,14.65,0,0.109,0,,Very_Low,0 calls
SUB5275892,1,1,15.47,4,0.614,1,Price Too High,High,3-4 calls
SUB8976726,18,24,47.81,2,0.075,0,,Very_Low,1-2 calls
SUB3107719,3,12,6.81,2,0.63,0,,High,1-2 calls
SUB8602495,36,12,54.01,1,0.087,1,Relocation/Moving,Very_Low,1-2 calls
SUB8430037,3,6,23.9,0,0.468,1,Service Not Needed,Medium,0 calls
SUB6990266,6,6,9.71,2,0.41,0,,Medium,1-2 calls
SUB1699438,24,12,44.1,1,0.052,0,,Very_Low,1-2 calls
SUB6069398,18,12,16.52,4,0.236,0,,Low,3-4 calls
SUB4691316,12,6,7.57,1,0.378,0,,Low,1-2 calls
SUB8153588,36,12,83.27,1,0.055,0,,Very_Low,1-2 calls
SUB5192896,18,12,43.08,3,0.236,0,,Low,3-4 calls
SUB6687041,6,12,49.4,3,0.506,0,,Medium,3-4 calls
SUB3677049,24,6,103.6,2,0.098,1,Network Quality Issues,Very_Low,1-2 calls
SUB3288786,6,6,108.66,2,0.219,1,Network Quality Issues,Low,1-2 calls
SUB5986439,24,1,15.53,1,0.38,0,,Low,1-2 calls
SUB3845157,24,6,65.64,0,0.029,0,,Very_Low,0 calls
SUB6568139,6,12,68.36,4,0.236,0,,Low,3-4 calls
SUB6220761,3,1,13.36,6,0.95,1,Price Too High,Very_High,5+ calls
SUB1219162,36,3,51.93,0,0.021,0,,Very_Low,0 calls
SUB5053492,6,24,12.74,0,0.378,1,Network Quality Issues,Low,0 calls
SUB3841852,6,12,37.7,2,0.079,0,,Very_Low,1-2 calls
SUB4313723,1,12,71.08,5,0.546,1,Better Competitor Offer,Medium,5+ calls
SUB2340522,24,6,26.48,3,0.439,0,,Medium,3-4 calls
SUB2401051,6,6,90.52,1,0.055,0,,Very_Low,1-2 calls
SUB8269122,12,12,62.29,1,0.115,0,,Very_Low,1-2 calls
SUB4270514,36,24,116.23,4,0.039,0,,Very_Low,3-4 calls
SUB4738163,3,24,19.66,2,0.287,0,,Low,1-2 calls
SUB9934971,1,24,13.37,0,0.437,0,,Medium,0 calls
SUB8349336,18,1,68.57,2,0.096,0,,Very_Low,1-2 calls
SUB8722905,18,6,24.31,2,0.11,0,,Very_Low,1-2 calls
SUB4462087,12,12,44.27,1,0.164,0,,Very_Low,1-2 calls
SUB8745769,6,6,67.59,2,0.077,0,,Very_Low,1-2 calls
SUB1286172,6,6,26.75,3,0.354,1,Relocation/Moving,Low,3-4 calls
SUB9082668,3,12,22.78,0,0.252,0,,Low,0 calls
SUB1561133,6,24,21.08,1,0.461,0,,Medium,1-2 calls
SUB7116130,24,12,19.92,4,0.399,0,,Low,3-4 calls
SUB2649258,12,6,38.73,2,0.213,0,,Low,1-2 calls
SUB5369535,36,3,6.56,3,0.41,0,,Medium,3-4 calls
SUB8420754,3,6,16.25,2,0.315,1,Relocation/Moving,Low,1-2 calls
SUB5159962,12,12,86.19,3,0.132,0,,Very_Low,3-4 calls
SUB5481678,24,6,21.78,3,0.236,1,Price Too High,Low,3-4 calls
SUB2665418,6,1,44.73,0,0.088,0,,Very_Low,0 calls
SUB1695519,6,24,22.03,3,0.461,0,,Medium,3-4 calls
SUB9629348,3,1,45.99,1,0.21,0,,Low,1-2 calls
SUB5449720,36,24,82.53,3,0.083,1,Better Competitor Offer,Very_Low,3-4 calls
SUB2310704,3,24,31.5,1,0.585,1,Network Quality Issues,Medium,1-2 calls
SUB6641335,60,24,31.95,1,0.068,0,,Very_Low,1-2 calls
SUB7121263,12,24,13.81,2,0.328,1,Network Quality Issues,Low,1-2 calls
SUB6555910,60,1,23.83,1,0.102,0,,Very_Low,1-2 calls
SUB7396153,1,6,90.4,2,0.157,0,,Very_Low,1-2 calls
SUB8048586,18,24,89.48,1,0.124,0,,Very_Low,1-2 calls
SUB6221995,18,1,34.4,1,0.052,0,,Very_Low,1-2 calls
SUB8846989,12,6,86.38,4,0.16,1,Better Competitor Offer,Very_Low,3-4 calls
SUB2587361,18,6,12.34,2,0.21,0,,Low,1-2 calls
SUB9646079,12,6,56.17,1,0.115,0,,Very_Low,1-2 calls
SUB2763190,3,24,16.91,2,0.41,0,,Medium,1-2 calls
SUB2157593,12,6,31.44,3,0.283,1,Relocation/Moving,Low,3-4 calls
SUB1855817,12,3,8.46,1,0.378,0,,Low,1-2 calls
SUB7509676,6,6,111.41,1,0.055,0,,Very_Low,1-2 calls
SUB4250881,18,6,78.48,2,0.096,0,,Very_Low,1-2 calls
SUB1558114,12,12,27.9,4,0.425,1,Price Too High,Medium,3-4 calls
SUB5828626,24,24,32.23,1,0.136,0,,Very_Low,1-2 calls
SUB9320901,1,12,68.05,1,0.191,0,,Very_Low,1-2 calls
SUB2657106,1,6,29.63,0,0.328,0,,Low,0 calls
SUB2958074,12,12,12.61,2,0.328,1,Relocation/Moving,Low,1-2 calls
SUB2622964,60,24,22.36,1,0.102,0,,Very_Low,1-2 calls
SUB9085491,12,12,7.64,1,0.328,0,,Low,1-2 calls
SUB7154482,1,1,45.99,2,0.315,0,,Low,1-2 calls
SUB1358349,6,24,19.81,2,0.307,0,,Low,1-2 calls
SUB2061385,12,12,42.91,2,0.126,0,,Very_Low,1-2 calls
SUB6831618,48,3,37.3,0,0.042,0,,Very_Low,0 calls
SUB8303950,3,3,82.96,3,0.157,0,,Very_Low,3-4 calls
SUB7102102,48,1,54.49,1,0.037,0,,Very_Low,1-2 calls
SUB9741073,48,24,33.88,2,0.068,0,,Very_Low,1-2 calls
SUB5763090,18,1,25.52,1,0.205,0,,Low,1-2 calls
SUB8980571,6,12,9.59,0,0.426,1,Service Not Needed,Medium,0 calls
SUB4096750,12,6,6.87,2,0.252,0,,Low,1-2 calls
SUB7682115,24,1,76.78,1,0.205,0,,Low,1-2 calls
SUB7354054,6,6,25.52,1,0.118,0,,Very_Low,1-2 calls
SUB6517263,48,1,23.64,0,0.082,0,,Very_Low,0 calls
SUB1818706,1,24,112.95,3,0.205,0,,Low,3-4 calls
SUB2734802,6,12,44.62,2,0.157,1,Network Quality Issues,Very_Low,1-2 calls
SUB9837718,60,6,104.15,1,0.056,0,,Very_Low,1-2 calls
SUB7137875,18,24,103.56,0,0.078,0,,Very_Low,0 calls
SUB2774474,18,12,10.32,1,0.273,0,,Low,1-2 calls
SUB4212174,6,12,101.64,1,0.118,1,Relocation/Moving,Very_Low,1-2 calls
SUB1553360,36,24,11.24,1,0.134,1,Price Too High,Very_Low,1-2 calls
SUB5228021,12,12,101.23,4,0.066,0,,Very_Low,3-4 calls
SUB1384533,24,12,49.08,3,0.337,0,,Low,3-4 calls
SUB5303829,24,12,86.3,2,0.124,0,,Very_Low,1-2 calls
SUB4602294,3,3,84.96,3,0.331,0,,Low,3-4 calls
SUB2261668,12,1,42.75,0,0.071,0,,Very_Low,0 calls
SUB4150374,12,12,46.96,1,0.164,0,,Very_Low,1-2 calls
SUB3399009,3,3,83.37,2,0.136,0,,Very_Low,1-2 calls
SUB2378656,3,1,90.99,1,0.136,0,,Very_Low,1-2 calls
SUB5478633,1,3,69.84,3,0.532,1,Relocation/Moving,Medium,3-4 calls
SUB9735015,24,12,79.55,1,0.074,0,,Very_Low,1-2 calls
SUB8045472,24,12,16.86,1,0.157,0,,Very_Low,1-2 calls
SUB9965003,12,24,86.72,1,0.213,0,,Low,1-2 calls
SUB1769153,18,12,31.58,0,0.084,0,,Very_Low,0 calls
SUB2508346,6,6,84.28,4,0.215,0,,Low,3-4 calls
SUB1803995,24,3,51.42,2,0.11,0,,Very_Low,1-2 calls
SUB9666453,18,12,26.73,2,0.236,0,,Low,1-2 calls
SUB2248720,36,6,12.25,3,0.287,0,,Low,3-4 calls
SUB6160025,24,24,10.98,4,0.315,1,Network Quality Issues,Low,3-4 calls
SUB9302146,1,24,44.16,4,0.157,0,,Very_Low,3-4 calls
SUB3836934,24,6,17.07,2,0.307,0,,Low,1-2 calls
SUB7944075,1,6,48.86,2,0.273,1,Network Quality Issues,Low,1-2 calls
SUB2087241,24,24,14.8,2,0.315,1,Price Too High,Low,1-2 calls
SUB4929301,60,6,20.59,4,0.083,0,,Very_Low,3-4 calls
SUB3210980,12,12,15.84,2,0.132,0,,Very_Low,1-2 calls
SUB8997018,6,6,26.96,1,0.354,0,,Low,1-2 calls
SUB2139391,1,12,10.44,3,0.63,1,Network Quality Issues,High,3-4 calls
SUB6970653,3,3,77.83,3,0.22,0,,Low,3-4 calls
SUB4970471,12,24,5.52,0,0.302,1,Price Too High,Low,0 calls
SUB5226660,24,24,10.44,3,0.41,0,,Medium,3-4 calls
SUB6508833,36,12,112.49,1,0.037,0,,Very_Low,1-2 calls
SUB2869883,18,6,5.1,0,0.252,0,,Low,0 calls
SUB1271609,1,12,88.57,1,0.191,0,,Very_Low,1-2 calls
SUB4867183,60,12,113.15,3,0.084,1,Better Competitor Offer,Very_Low,3-4 calls
SUB4481716,24,3,33.64,2,0.136,0,,Very_Low,1-2 calls
SUB3293474,12,3,35.64,1,0.164,0,,Very_Low,1-2 calls
SUB7337479,24,24,16.19,0,0.213,0,,Low,0 calls
SUB6868518,18,24,21.72,1,0.236,0,,Low,1-2 calls
SUB9566304,18,3,42.97,1,0.292,0,,Low,1-2 calls
SUB2589291,60,1,14.96,3,0.157,0,,Very_Low,3-4 calls
SUB1426492,24,24,28.78,2,0.205,1,Price Too High,Low,1-2 calls
SUB3955227,6,6,58.82,2,0.11,1,Network Quality Issues,Very_Low,1-2 calls
SUB3307236,3,12,11.74,2,0.63,1,Relocation/Moving,High,1-2 calls
SUB4224400,3,6,87.03,2,0.287,1,Service Not Needed,Low,1-2 calls
SUB7613889,12,24,53.24,3,0.172,0,,Very_Low,3-4 calls
SUB6653278,12,12,6.1,3,0.265,1,Network Quality Issues,Low,3-4 calls
SUB1463723,12,6,7.21,4,0.491,0,,Medium,3-4 calls
SUB8784160,1,3,29.55,1,0.315,1,Price Too High,Low,1-2 calls
SUB6138717,3,3,81.34,2,0.191,0,,Very_Low,1-2 calls
SUB1686763,24,24,17.8,4,0.165,0,,Very_Low,3-4 calls
SUB8585291,24,1,89.89,1,0.157,0,,Very_Low,1-2 calls
SUB7301816,12,3,54.91,2,0.062,0,,Very_Low,1-2 calls
SUB8099312,12,3,51.71,1,0.149,0,,Very_Low,1-2 calls
SUB3145943,36,1,10.36,1,0.134,0,,Very_Low,1-2 calls
SUB5590585,3,12,47.71,5,0.546,0,,Medium,5+ calls
SUB2323020,6,24,14.64,2,0.41,0,,Medium,1-2 calls
SUB3654810,24,1,6.6,0,0.084,0,,Very_Low,0 calls
SUB5919495,18,12,27.99,3,0.307,1,Relocation/Moving,Low,3-4 calls
SUB8367241,1,3,69.65,1,0.074,0,,Very_Low,1-2 calls
SUB9890111,1,24,104.91,1,0.273,1,Service Not Needed,Low,1-2 calls
SUB5477375,1,12,21.91,2,0.157,0,,Very_Low,1-2 calls
SUB4704595,18,24,46.52,2,0.157,0,,Very_Low,1-2 calls
SUB2844040,18,3,26.19,1,0.205,0,,Low,1-2 calls
SUB7908998,1,24,86.06,0,0.118,0,,Very_Low,0 calls
SUB1864845,3,1,17.85,1,0.157,0,,Very_Low,1-2 calls
SUB3006811,24,1,34.2,1,0.157,1,Network Quality Issues,Very_Low,1-2 calls
SUB8977848,6,12,40.31,2,0.236,0,,Low,1-2 calls
SUB2434636,60,1,60.55,7,0.205,0,,Low,5+ calls
SUB4908308,6,24,11.94,3,0.331,0,,Low,3-4 calls
SUB8332827,6,12,44.17,2,0.158,0,,Very_Low,1-2 calls
SUB1705314,12,6,16.96,4,0.369,0,,Low,3-4 calls
SUB4394070,36,3,11.98,1,0.287,0,,Low,1-2 calls
SUB4889453,18,1,27.97,1,0.157,0,,Very_Low,1-2 calls
SUB4957874,36,12,89.39,2,0.072,0,,Very_Low,1-2 calls
SUB4578687,12,24,102.47,2,0.063,0,,Very_Low,1-2 calls
SUB2182200,18,12,13.57,3,0.41,1,Relocation/Moving,Medium,3-4 calls
SUB5775219,1,12,87.58,0,0.153,0,,Very_Low,0 calls
SUB2093956,18,1,49.49,1,0.105,0,,Very_Low,1-2 calls
SUB9063736,1,24,102.73,1,0.136,0,,Very_Low,1-2 calls
SUB4648338,3,24,81.91,4,0.205,0,,Low,3-4 calls
SUB2431041,60,3,43.68,2,0.068,0,,Very_Low,1-2 calls
SUB8859371,18,6,6.0,2,0.355,1,Relocation/Moving,Low,1-2 calls
SUB6025764,36,1,44.37,1,0.051,0,,Very_Low,1-2 calls
SUB7962111,1,24,67.73,1,0.22,0,,Low,1-2 calls
SUB7142453,12,1,108.25,3,0.094,0,,Very_Low,3-4 calls
SUB8289165,36,6,24.22,0,0.132,0,,Very_Low,0 calls
SUB1272667,12,12,66.2,2,0.132,0,,Very_Low,1-2 calls
SUB4453402,6,1,74.68,5,0.287,0,,Low,5+ calls
SUB9123445,12,3,8.99,2,0.126,0,,Very_Low,1-2 calls
SUB1112035,12,12,31.42,1,0.135,0,,Very_Low,1-2 calls
SUB6698238,60,3,6.58,4,0.236,0,,Low,3-4 calls
SUB1340526,6,12,64.71,1,0.799,0,,High,1-2 calls
SUB2216733,60,12,35.93,1,0.068,0,,Very_Low,1-2 calls
SUB6687453,48,6,99.98,2,0.034,0,,Very_Low,1-2 calls
SUB1865144,12,1,100.85,3,0.066,0,,Very_Low,3-4 calls
SUB2418137,48,1,9.85,1,0.136,0,,Very_Low,1-2 calls
SUB3307306,24,6,12.72,3,0.22,0,,Low,3-4 calls
SUB1522797,36,1,56.77,1,0.191,0,,Very_Low,1-2 calls
SUB6868590,36,12,60.87,0,0.041,1,Network Quality Issues,Very_Low,0 calls
SUB4497172,1,6,61.06,2,0.103,0,,Very_Low,1-2 calls
SUB7560230,36,12,25.91,1,0.215,1,Price Too High,Low,1-2 calls
SUB7652469,12,6,57.99,2,0.132,0,,Very_Low,1-2 calls
SUB9142165,18,12,16.69,0,0.115,0,,Very_Low,0 calls
SUB6388811,6,24,28.76,1,0.461,1,Relocation/Moving,Medium,1-2 calls
SUB1414399,18,24,8.98,3,0.472,1,Network Quality Issues,Medium,3-4 calls
SUB8175173,1,1,117.12,0,0.042,0,,Very_Low,0 calls
SUB6884724,12,12,37.64,3,0.189,0,,Very_Low,3-4 calls
SUB5449113,18,12,101.26,0,0.055,0,,Very_Low,0 calls
SUB8251204,3,12,73.38,3,0.22,0,,Low,3-4 calls
SUB1729672,18,1,6.34,1,0.273,0,,Low,1-2 calls
SUB6257901,36,1,44.79,3,0.079,0,,Very_Low,3-4 calls
SUB9837389,1,6,12.63,2,0.63,1,Price Too High,High,1-2 calls
SUB2147417,18,1,35.67,3,0.157,1,Network Quality Issues,Very_Low,3-4 calls
SUB1160786,18,12,19.62,2,0.205,0,,Low,1-2 calls
SUB3075414,24,12,40.59,1,0.136,0,,Very_Low,1-2 calls
SUB8598498,18,1,46.96,2,0.074,0,,Very_Low,1-2 calls
SUB6722078,12,6,16.45,4,0.142,1,Relocation/Moving,Very_Low,3-4 calls
SUB8883060,6,12,10.63,0,0.328,0,,Low,0 calls
SUB2314530,60,24,20.21,2,0.102,0,,Very_Low,1-2 calls
SUB1910175,12,24,110.78,2,0.082,0,,Very_Low,1-2 calls
SUB8225529,12,1,29.85,3,0.142,0,,Very_Low,3-4 calls
SUB6501188,60,6,63.62,1,0.062,0,,Very_Low,1-2 calls
SUB7056095,3,24,7.7,4,0.819,1,Poor Customer Service,Very_High,3-4 calls
SUB1121701,3,12,22.26,3,0.614,0,,High,3-4 calls
SUB8680223,60,12,31.42,1,0.079,0,,Very_Low,1-2 calls
SUB4941631,18,3,66.78,1,0.205,0,,Low,1-2 calls
SUB6174895,12,12,31.25,2,0.063,0,,Very_Low,1-2 calls
SUB2064641,1,6,42.78,3,0.315,0,,Low,3-4 calls
SUB2433043,6,6,88.52,1,0.165,0,,Very_Low,1-2 calls
SUB7637056,12,6,27.19,2,0.246,0,,Low,1-2 calls
SUB7789177,12,1,12.52,2,0.328,0,,Low,1-2 calls
SUB1248924,12,12,23.72,6,0.265,0,,Low,5+ calls
SUB9145618,12,12,7.23,2,0.378,0,,Low,1-2 calls
SUB3090923,60,12,119.41,1,0.019,0,,Very_Low,1-2 calls
SUB2940711,60,6,36.36,1,0.052,0,,Very_Low,1-2 calls
SUB2363307,1,24,20.95,2,0.315,1,Network Quality Issues,Low,1-2 calls
SUB6925237,3,3,100.13,1,0.292,0,,Low,1-2 calls
SUB7498391,48,6,95.85,2,0.044,0,,Very_Low,1-2 calls
SUB4218451,6,12,22.98,1,0.307,1,Relocation/Moving,Low,1-2 calls
SUB4372021,18,24,89.63,4,0.056,0,,Very_Low,3-4 calls
SUB1190477,24,12,8.57,4,0.472,1,Price Too High,Medium,3-4 calls
SUB7213415,12,1,100.16,7,0.527,0,,Medium,5+ calls
SUB8805819,1,1,28.79,7,0.95,1,Price Too High,Very_High,5+ calls
SUB5915782,36,1,36.04,2,0.11,0,,Very_Low,1-2 calls
SUB9567962,24,12,25.13,2,0.205,0,,Low,1-2 calls
SUB6858893,1,3,81.41,2,0.074,0,,Very_Low,1-2 calls
SUB6690912,36,3,8.64,1,0.103,0,,Very_Low,1-2 calls
SUB3182931,36,1,23.45,3,0.083,0,,Very_Low,3-4 calls
SUB2051636,6,12,44.52,1,0.079,0,,Very_Low,1-2 calls
SUB7941550,1,12,49.25,2,0.315,0,,Low,1-2 calls
SUB8615907,12,24,89.59,2,0.062,0,,Very_Low,1-2 calls
SUB7631430,36,12,60.48,2,0.087,0,,Very_Low,1-2 calls
SUB8913436,12,6,60.49,5,0.123,0,,Very_Low,5+ calls
SUB3647765,6,6,15.56,1,0.461,0,,Medium,1-2 calls
SUB4037253,6,12,17.55,1,0.165,0,,Very_Low,1-2 calls
SUB9744039,6,12,23.32,0,0.284,1,Price Too High,Low,0 calls
SUB1015141,60,12,94.71,1,0.034,0,,Very_Low,1-2 calls
SUB5524361,36,24,16.54,1,0.165,0,,Very_Low,1-2 calls
SUB8986378,12,12,18.62,6,0.567,0,,Medium,5+ calls
SUB4782700,24,12,35.01,4,0.38,0,,Low,3-4 calls
SUB4561669,6,24,25.24,4,0.248,0,,Low,3-4 calls
SUB9963287,18,6,16.13,0,0.088,0,,Very_Low,0 calls
SUB2693152,36,3,52.86,3,0.116,0,,Very_Low,3-4 calls
SUB6973300,6,24,12.52,0,0.378,1,Network Quality Issues,Low,0 calls
SUB3337099,24,6,33.04,1,0.136,0,,Very_Low,1-2 calls
SUB8155738,18,12,23.18,3,0.165,1,Price Too High,Very_Low,3-4 calls
SUB2944741,18,6,21.61,3,0.354,1,Price Too High,Low,3-4 calls
SUB1824255,1,6,82.94,2,0.254,0,,Low,1-2 calls
SUB7004327,36,12,29.01,3,0.322,0,,Low,3-4 calls
SUB9962292,24,12,20.93,4,0.399,1,Network Quality Issues,Low,3-4 calls
SUB4177640,1,6,95.45,1,0.157,0,,Very_Low,1-2 calls
SUB9902284,18,3,10.09,2,0.315,0,,Low,1-2 calls
SUB9879521,24,1,10.62,3,0.472,0,,Medium,3-4 calls
SUB6287267,24,1,22.86,2,0.205,0,,Low,1-2 calls
SUB3375804,1,24,34.1,1,0.273,0,,Low,1-2 calls
SUB6550616,18,3,15.74,0,0.126,0,,Very_Low,0 calls
SUB3730689,6,12,43.36,2,0.439,1,Relocation/Moving,Medium,1-2 calls
SUB6023331,12,3,13.16,2,0.491,1,Price Too High,Medium,1-2 calls
SUB9529297,12,12,26.75,3,0.425,0,,Medium,3-4 calls
SUB8808516,1,24,40.25,1,0.147,0,,Very_Low,1-2 calls
SUB2285801,6,1,23.6,3,0.658,0,,High,3-4 calls
SUB5070161,24,12,27.53,1,0.439,1,Price Too High,Medium,1-2 calls
SUB1233725,36,3,44.57,1,0.205,0,,Low,1-2 calls
SUB7568056,6,1,108.1,3,0.23,0,,Low,3-4 calls
SUB2158175,12,1,7.27,2,0.491,0,,Medium,1-2 calls
SUB9213140,36,6,48.0,1,0.096,0,,Very_Low,1-2 calls
SUB7640981,3,12,23.71,2,0.315,0,,Low,1-2 calls
SUB3368524,24,12,84.1,4,0.077,0,,Very_Low,3-4 calls
SUB8099574,12,12,106.69,1,0.044,0,,Very_Low,1-2 calls
SUB6877675,60,24,108.21,2,0.049,0,,Very_Low,1-2 calls
SUB9549906,18,3,27.32,5,0.41,0,,Medium,5+ calls
SUB1321243,3,24,19.73,2,0.472,0,,Medium,1-2 calls
SUB5018920,3,12,15.76,2,0.532,0,,Medium,1-2 calls
SUB5736605,1,24,22.58,1,0.79,1,Price Too High,High,1-2 calls
SUB8885766,24,6,51.57,0,0.319,1,Relocation/Moving,Low,0 calls
SUB3081530,12,6,16.33,1,0.094,0,,Very_Low,1-2 calls
SUB3988793,1,6,78.94,1,0.248,0,,Low,1-2 calls
SUB8017191,3,1,119.4,1,0.136,0,,Very_Low,1-2 calls
SUB5457005,6,1,18.43,3,0.691,0,,High,3-4 calls
SUB5093898,12,12,51.92,2,0.088,0,,Very_Low,1-2 calls
SUB3800212,48,12,11.53,5,0.95,1,Price Too High,Very_High,5+ calls
SUB1130878,12,6,5.01,2,0.426,0,,Medium,1-2 calls
SUB7914887,36,1,13.71,2,0.191,0,,Very_Low,1-2 calls
SUB3762108,6,12,6.93,2,0.614,1,Relocation/Moving,High,1-2 calls
SUB2892508,6,1,28.94,3,0.461,0,,Medium,3-4 calls
SUB3893713,36,12,40.24,2,0.096,0,,Very_Low,1-2 calls
SUB7488574,12,3,85.23,1,0.088,0,,Very_Low,1-2 calls
SUB5992332,18,24,5.92,1,0.273,0,,Low,1-2 calls
SUB7881099,18,6,100.84,4,0.102,0,,Very_Low,3-4 calls
SUB4343473,18,24,64.01,2,0.074,0,,Very_Low,1-2 calls
SUB2947012,18,3,64.59,1,0.096,0,,Very_Low,1-2 calls
SUB7778105,18,3,16.26,1,0.205,0,,Low,1-2 calls
SUB7365898,3,3,6.24,2,0.819,1,Price Too High,Very_High,1-2 calls
SUB5871482,24,6,73.5,2,0.11,0,,Very_Low,1-2 calls
SUB3009326,3,24,101.77,0,0.126,0,,Very_Low,0 calls
SUB5193513,6,12,27.97,3,0.248,1,Relocation/Moving,Low,3-4 calls
SUB4725614,36,6,75.52,2,0.077,0,,Very_Low,1-2 calls
SUB7849502,18,3,13.36,2,0.315,1,Price Too High,Low,1-2 calls
SUB5321613,60,1,55.71,4,0.072,0,,Very_Low,3-4 calls
SUB7476137,6,12,10.52,2,0.472,1,Relocation/Moving,Medium,1-2 calls
SUB4700568,48,12,38.29,3,0.055,0,,Very_Low,3-4 calls
SUB1403552,18,12,47.28,3,0.157,0,,Very_Low,3-4 calls
SUB8899151,6,12,17.54,4,0.23,0,,Low,3-4 calls
SUB4189291,24,24,12.23,2,0.409,0,,Medium,1-2 calls
SUB4816707,60,1,113.63,2,0.049,0,,Very_Low,1-2 calls
SUB9622903,24,24,43.94,1,0.15,0,,Very_Low,1-2 calls
SUB5811071,1,3,34.48,1,0.3,1,Relocation/Moving,Low,1-2 calls
SUB5074973,1,6,41.54,1,0.409,1,Network Quality Issues,Medium,1-2 calls
SUB1008798,3,12,112.54,5,0.3,0,,Low,5+ calls
SUB5874807,36,3,12.91,1,0.103,0,,Very_Low,1-2 calls
SUB8127583,24,12,90.22,2,0.079,0,,Very_Low,1-2 calls
SUB6668843,18,6,27.7,2,0.157,1,Network Quality Issues,Very_Low,1-2 calls
SUB9108262,18,24,13.91,2,0.273,0,,Low,1-2 calls
SUB4900275,18,3,52.36,3,0.055,0,,Very_Low,3-4 calls
SUB8593832,6,24,119.6,1,0.102,0,,Very_Low,1-2 calls
SUB5728007,24,12,5.74,1,0.315,1,Price Too High,Low,1-2 calls
SUB2977165,48,3,15.3,1,0.102,0,,Very_Low,1-2 calls
SUB4553952,24,6,30.26,4,0.146,0,,Very_Low,3-4 calls
SUB4757654,36,1,18.75,1,0.11,0,,Very_Low,1-2 calls
SUB9379702,6,12,93.31,3,0.154,0,,Very_Low,3-4 calls
SUB4603019,6,24,31.21,3,0.307,1,Network Quality Issues,Low,3-4 calls
SUB8741368,12,1,79.69,2,0.246,1,Better Competitor Offer,Low,1-2 calls
SUB9059777,12,3,21.76,4,0.425,1,Price Too High,Medium,3-4 calls
SUB5210563,12,12,25.26,4,0.553,1,Price Too High,Medium,3-4 calls
SUB7575699,18,6,48.52,4,0.157,0,,Very_Low,3-4 calls
SUB2189297,36,6,20.64,2,0.186,0,,Very_Low,1-2 calls
SUB6372274,36,12,79.93,1,0.077,0,,Very_Low,1-2 calls
SUB2013295,3,3,29.49,2,0.22,0,,Low,1-2 calls
SUB8661434,1,6,17.36,1,0.41,0,,Medium,1-2 calls
SUB4317837,6,24,82.96,3,0.154,0,,Very_Low,3-4 calls
SUB6516829,24,6,71.72,2,0.307,1,Relocation/Moving,Low,1-2 calls
SUB9757529,24,12,13.28,3,0.315,0,,Low,3-4 calls
SUB8824641,12,3,117.13,1,0.082,0,,Very_Low,1-2 calls
SUB2697590,6,6,43.83,4,0.236,0,,Low,3-4 calls
SUB3173367,3,12,63.0,1,0.22,1,Relocation/Moving,Low,1-2 calls
SUB6880077,6,3,26.04,3,0.658,1,Network Quality Issues,High,3-4 calls
SUB2406085,3,6,21.04,2,0.225,1,Price Too High,Low,1-2 calls
SUB4418857,6,12,70.12,1,0.205,0,,Low,1-2 calls
SUB8614567,18,3,19.8,4,0.354,1,Poor Customer Service,Low,3-4 calls
SUB9685116,3,12,11.59,2,0.294,0,,Low,1-2 calls
SUB5538847,6,3,25.09,1,0.354,0,,Low,1-2 calls
SUB3611212,12,6,13.26,3,0.491,0,,Medium,3-4 calls
SUB3321554,6,6,75.78,0,0.132,0,,Very_Low,0 calls
SUB5761515,12,12,10.01,1,0.328,1,Price Too High,Low,1-2 calls
SUB9304932,12,12,28.89,3,0.369,0,,Low,3-4 calls
SUB3787352,24,6,99.22,2,0.079,0,,Very_Low,1-2 calls
SUB6371045,36,3,48.34,3,0.077,0,,Very_Low,3-4 calls
SUB3498544,3,24,25.04,3,0.799,1,Network Quality Issues,High,3-4 calls
SUB9684281,6,3,46.08,2,0.157,0,,Very_Low,1-2 calls
SUB1525957,18,12,22.44,1,0.205,0,,Low,1-2 calls
SUB7146685,12,12,7.97,1,0.252,0,,Low,1-2 calls
SUB4690339,1,3,48.73,1,0.273,0,,Low,1-2 calls
SUB3327654,6,24,57.84,5,0.43,0,,Medium,5+ calls
SUB8870341,6,12,85.71,2,0.072,0,,Very_Low,1-2 calls
SUB1301951,12,6,87.4,1,0.088,0,,Very_Low,1-2 calls
SUB1312499,6,6,114.04,1,0.133,0,,Very_Low,1-2 calls
SUB9884263,18,1,84.1,2,0.052,0,,Very_Low,1-2 calls
SUB2686279,12,12,54.38,3,0.224,0,,Low,3-4 calls
SUB4734049,6,1,107.96,0,0.094,0,,Very_Low,0 calls
SUB9095979,18,3,70.28,0,0.088,0,,Very_Low,0 calls
SUB7115790,24,3,7.01,1,0.195,1,Price Too High,Very_Low,1-2 calls
SUB6429048,3,1,13.35,2,0.63,1,Price Too High,High,1-2 calls
SUB2270242,6,24,7.69,3,0.331,1,Relocation/Moving,Low,3-4 calls
SUB9096173,3,24,112.67,2,0.205,0,,Low,1-2 calls
SUB7578518,3,12,62.86,2,0.248,0,,Low,1-2 calls
SUB3290860,48,24,68.76,2,0.048,0,,Very_Low,1-2 calls
SUB3811318,3,12,18.81,0,0.491,1,Network Quality Issues,Medium,0 calls
SUB2189042,36,12,48.76,3,0.143,0,,Very_Low,3-4 calls
SUB2173077,12,24,8.14,5,0.504,0,,Medium,5+ calls
SUB5978820,18,1,108.92,3,0.133,0,,Very_Low,3-4 calls
SUB5811102,12,1,110.12,2,0.082,0,,Very_Low,1-2 calls
SUB4027936,18,1,86.77,3,0.215,0,,Low,3-4 calls
SUB5754895,18,6,5.41,1,0.273,0,,Low,1-2 calls
SUB1551741,12,24,8.61,1,0.491,1,Service Not Needed,Medium,1-2 calls
SUB7090007,6,24,18.73,2,0.399,1,Price Too High,Low,1-2 calls
SUB1723809,48,12,20.81,2,0.039,0,,Very_Low,1-2 calls
SUB1156837,48,6,77.26,0,0.038,0,,Very_Low,0 calls
SUB1519676,1,24,7.31,1,0.546,0,,Medium,1-2 calls
SUB2610921,6,3,49.36,1,0.157,0,,Very_Low,1-2 calls
SUB5463593,18,12,46.07,1,0.157,0,,Very_Low,1-2 calls
SUB7916950,60,12,27.05,1,0.079,0,,Very_Low,1-2 calls
SUB3694670,24,1,21.82,3,0.165,1,Price Too High,Very_Low,3-4 calls
SUB7970746,24,24,105.43,4,0.154,0,,Very_Low,3-4 calls
SUB6659848,6,12,20.03,2,0.165,0,,Very_Low,1-2 calls
SUB5161460,3,12,84.25,3,0.22,0,,Low,3-4 calls
SUB8402072,6,1,8.82,6,0.945,1,Price Too High,Very_High,5+ calls
SUB6875836,12,12,59.27,2,0.115,1,Relocation/Moving,Very_Low,1-2 calls
SUB9893396,36,6,23.33,1,0.266,0,,Low,1-2 calls
SUB2506440,3,12,59.35,1,0.191,1,Relocation/Moving,Very_Low,1-2 calls
SUB9181494,18,1,48.52,1,0.096,0,,Very_Low,1-2 calls
SUB5411045,24,12,7.49,4,0.22,0,,Low,3-4 calls
SUB2477482,12,6,9.61,1,0.176,0,,Very_Low,1-2 calls
SUB7621504,12,6,85.95,1,0.164,1,Network Quality Issues,Very_Low,1-2 calls
SUB7528925,6,12,12.09,1,0.157,0,,Very_Low,1-2 calls
SUB2125664,18,1,64.08,1,0.037,0,,Very_Low,1-2 calls
SUB3667107,24,24,62.78,1,0.11,0,,Very_Low,1-2 calls
SUB4725563,60,12,17.03,1,0.102,0,,Very_Low,1-2 calls
SUB8231445,36,1,9.54,3,0.331,0,,Low,3-4 calls
SUB7157703,12,1,10.11,3,0.491,1,Price Too High,Medium,3-4 calls
SUB4380635,1,3,41.68,2,0.15,0,,Very_Low,1-2 calls
SUB3959532,3,3,47.36,2,0.315,0,,Low,1-2 calls
SUB5150122,1,6,116.6,3,0.157,0,,Very_Low,3-4 calls
SUB9198344,6,12,32.0,0,0.126,0,,Very_Low,0 calls
SUB2106136,12,1,74.77,0,0.106,0,,Very_Low,0 calls
SUB1901495,36,24,6.82,3,0.331,0,,Low,3-4 calls
SUB4120847,1,24,74.84,2,0.355,0,,Low,1-2 calls
SUB6131131,6,12,21.79,1,0.354,0,,Low,1-2 calls
SUB5474445,12,3,23.38,2,0.95,1,Relocation/Moving,Very_High,1-2 calls
SUB6168811,36,24,67.63,2,0.067,0,,Very_Low,1-2 calls
SUB4149407,1,6,79.55,1,0.248,0,,Low,1-2 calls
SUB7779697,6,6,19.12,3,0.532,1,Relocation/Moving,Medium,3-4 calls
SUB4710324,12,6,57.34,2,0.115,0,,Very_Low,1-2 calls
SUB8546128,6,1,26.8,2,0.354,0,,Low,1-2 calls
SUB7986658,60,1,108.57,0,0.015,0,,Very_Low,0 calls
SUB8278492,12,6,11.27,1,0.328,0,,Low,1-2 calls
SUB3544306,48,24,9.4,4,0.11,0,,Very_Low,3-4 calls
SUB1529983,48,24,82.87,1,0.037,0,,Very_Low,1-2 calls
SUB3323964,6,12,37.78,2,0.158,1,Service Not Needed,Very_Low,1-2 calls
SUB1582787,6,6,32.43,1,0.205,0,,Low,1-2 calls
SUB1023382,6,6,46.79,3,0.354,0,,Low,3-4 calls
SUB6617492,12,3,80.18,4,0.123,0,,Very_Low,3-4 calls
SUB8346796,1,12,78.93,2,0.22,1,Better Competitor Offer,Low,1-2 calls
SUB5940560,24,6,32.93,2,0.098,0,,Very_Low,1-2 calls
SUB2342643,3,6,77.96,1,0.191,0,,Very_Low,1-2 calls
SUB2930719,36,6,95.06,2,0.034,0,,Very_Low,1-2 calls
SUB9259150,18,12,27.79,0,0.164,0,,Very_Low,0 calls
SUB4428811,12,12,41.03,1,0.189,0,,Very_Low,1-2 calls
SUB3513614,18,24,34.68,1,0.136,0,,Very_Low,1-2 calls
SUB5846113,48,12,8.41,1,0.136,0,,Very_Low,1-2 calls
SUB3543173,6,6,49.53,2,0.236,1,Relocation/Moving,Low,1-2 calls
SUB4144720,6,6,6.65,3,0.614,1,Network Quality Issues,High,3-4 calls
SUB4791343,6,3,14.92,3,0.236,0,,Low,3-4 calls
SUB2622512,12,3,89.02,3,0.123,0,,Very_Low,3-4 calls
SUB1450067,1,1,10.71,2,0.42,0,,Medium,1-2 calls
SUB7192072,18,1,31.63,3,0.205,0,,Low,3-4 calls
SUB9744250,12,6,15.44,0,0.197,0,,Very_Low,0 calls
SUB6010500,12,24,33.03,1,0.164,0,,Very_Low,1-2 calls
SUB7061782,6,12,20.56,1,0.307,1,Price Too High,Low,1-2 calls
SUB7461029,36,12,21.7,0,0.132,0,,Very_Low,0 calls
SUB8397239,12,6,118.64,3,0.228,0,,Low,3-4 calls
SUB6377168,18,6,20.03,3,0.236,0,,Low,3-4 calls
SUB9017464,6,1,15.77,2,0.354,0,,Low,1-2 calls
SUB7421472,24,3,29.43,0,0.063,0,,Very_Low,0 calls
SUB2697152,6,24,7.33,7,0.95,1,Price Too High,Very_High,5+ calls
SUB2159149,48,6,18.41,3,0.154,0,,Very_Low,3-4 calls
SUB1120730,12,3,8.02,2,0.378,1,Relocation/Moving,Low,1-2 calls
SUB5081093,3,12,47.55,4,0.472,0,,Medium,3-4 calls
SUB2839968,18,6,82.1,2,0.037,0,,Very_Low,1-2 calls
SUB5213085,18,24,32.97,3,0.11,0,,Very_Low,3-4 calls
SUB2286793,12,1,44.23,0,0.101,0,,Very_Low,0 calls
SUB8855506,24,12,9.42,5,0.294,0,,Low,5+ calls
SUB2941042,12,24,83.44,0,0.035,0,,Very_Low,0 calls
SUB3651222,3,24,18.97,2,0.315,0,,Low,1-2 calls
SUB4818067,1,6,104.15,3,0.205,0,,Low,3-4 calls
SUB9649769,36,12,10.69,2,0.248,0,,Low,1-2 calls
SUB7357722,12,24,114.52,1,0.063,0,,Very_Low,1-2 calls
SUB8735491,18,12,38.46,1,0.074,0,,Very_Low,1-2 calls
SUB6375653,3,24,7.75,2,0.63,0,,High,1-2 calls
SUB4857469,12,12,107.5,1,0.057,0,,Very_Low,1-2 calls
SUB4851526,12,12,7.12,2,0.378,0,,Low,1-2 calls
SUB1335983,12,24,77.31,5,0.123,0,,Very_Low,5+ calls
SUB3466993,60,12,84.67,1,0.034,0,,Very_Low,1-2 calls
SUB2115059,18,3,14.11,2,0.273,1,Price Too High,Low,1-2 calls
SUB9788377,60,1,20.33,3,0.329,1,Service Not Needed,Low,3-4 calls
SUB3654965,3,24,37.42,2,0.147,0,,Very_Low,1-2 calls
SUB8551506,48,3,64.08,4,0.154,0,,Very_Low,3-4 calls
SUB6338888,18,24,116.74,2,0.254,0,,Low,1-2 calls
SUB5920851,6,3,61.53,2,0.11,0,,Very_Low,1-2 calls
SUB5463721,24,24,23.42,2,0.266,0,,Low,1-2 calls
SUB4472108,18,24,62.33,3,0.055,0,,Very_Low,3-4 calls
SUB5925233,18,24,100.37,0,0.082,0,,Very_Low,0 calls
SUB9523215,3,3,22.39,2,0.315,1,Price Too High,Low,1-2 calls
SUB6768076,18,24,5.31,1,0.273,0,,Low,1-2 calls
SUB6495179,6,12,20.15,5,0.709,1,Network Quality Issues,High,5+ calls
SUB4346953,6,1,112.07,3,0.177,0,,Very_Low,3-4 calls
SUB2156928,48,24,7.66,2,0.105,0,,Very_Low,1-2 calls
SUB4241695,3,3,99.28,2,0.075,0,,Very_Low,1-2 calls
SUB7642589,36,3,95.77,1,0.055,0,,Very_Low,1-2 calls
SUB1212628,12,12,12.5,1,0.378,0,,Low,1-2 calls
SUB7643509,3,12,43.95,2,0.195,0,,Very_Low,1-2 calls
SUB8763412,24,24,24.03,4,0.354,0,,Low,3-4 calls
SUB5327261,18,6,24.33,3,0.307,0,,Low,3-4 calls
SUB5771873,6,1,47.02,0,0.234,0,,Low,0 calls
SUB8645447,6,24,68.28,2,0.266,0,,Low,1-2 calls
SUB2085110,12,6,46.05,0,0.101,0,,Very_Low,0 calls
SUB8398129,3,3,107.87,3,0.079,0,,Very_Low,3-4 calls
SUB5623527,24,24,16.66,1,0.205,0,,Low,1-2 calls
SUB6715574,6,12,42.17,1,0.157,0,,Very_Low,1-2 calls
SUB6906512,36,1,89.47,0,0.054,0,,Very_Low,0 calls
SUB1974687,24,24,24.35,1,0.266,0,,Low,1-2 calls
SUB8701349,48,24,35.42,2,0.112,0,,Very_Low,1-2 calls
SUB1824726,1,24,72.51,3,0.22,0,,Low,3-4 calls
SUB6840445,6,3,108.11,5,0.205,0,,Low,5+ calls
SUB9393302,18,1,26.63,4,0.354,0,,Low,3-4 calls
SUB3679590,36,6,40.52,2,0.048,0,,Very_Low,1-2 calls
SUB5740148,3,6,91.15,1,0.074,0,,Very_Low,1-2 calls
SUB7210239,36,6,10.05,0,0.059,0,,Very_Low,0 calls
SUB3037775,1,12,17.29,1,0.41,0,,Medium,1-2 calls
SUB2986373,12,1,42.94,2,0.088,0,,Very_Low,1-2 calls
SUB5818060,1,12,12.67,2,0.42,0,,Medium,1-2 calls
SUB3916971,3,24,45.37,1,0.702,1,Network Quality Issues,High,1-2 calls
SUB6835770,24,6,14.73,3,0.157,0,,Very_Low,3-4 calls
SUB3613456,1,6,103.41,2,0.052,0,,Very_Low,1-2 calls
SUB8214554,18,12,61.76,3,0.055,0,,Very_Low,3-4 calls
SUB5266660,1,3,10.32,2,0.63,0,,High,1-2 calls
SUB7084010,24,12,6.49,3,0.315,0,,Low,3-4 calls
SUB7551381,24,3,55.5,2,0.096,0,,Very_Low,1-2 calls
SUB1608919,24,1,19.04,3,0.236,0,,Low,3-4 calls
SUB7727830,24,24,44.52,3,0.079,0,,Very_Low,3-4 calls
SUB6924216,18,3,22.6,0,0.189,0,,Very_Low,0 calls
SUB9729430,12,12,12.47,1,0.252,0,,Low,1-2 calls
SUB5704863,12,24,20.94,1,0.189,0,,Very_Low,1-2 calls
SUB8352236,18,1,24.57,4,0.307,0,,Low,3-4 calls
SUB8085282,12,12,22.51,2,0.284,1,Price Too High,Low,1-2 calls
SUB5440768,1,12,75.99,2,0.22,0,,Low,1-2 calls
SUB6276473,3,12,43.86,2,0.315,0,,Low,1-2 calls
SUB7499716,18,3,48.77,2,0.105,0,,Very_Low,1-2 calls
SUB1115064,6,1,39.98,4,0.307,0,,Low,3-4 calls
SUB3589644,60,1,28.77,3,0.177,0,,Very_Low,3-4 calls
SUB8209403,6,3,12.59,3,0.236,0,,Low,3-4 calls
SUB4058321,3,6,21.73,5,0.63,1,Network Quality Issues,High,5+ calls
SUB3200852,6,24,58.93,2,0.143,0,,Very_Low,1-2 calls
SUB7447726,18,12,86.92,1,0.124,0,,Very_Low,1-2 calls
SUB5347864,12,1,42.11,3,0.527,0,,Medium,3-4 calls
SUB9033907,18,24,38.68,1,0.136,0,,Very_Low,1-2 calls
SUB4103800,3,12,29.6,3,0.472,0,,Medium,3-4 calls
SUB2338618,36,6,103.62,3,0.102,1,Relocation/Moving,Very_Low,3-4 calls
SUB8735167,48,6,85.11,2,0.039,0,,Very_Low,1-2 calls
SUB1586901,3,24,18.52,2,0.157,0,,Very_Low,1-2 calls
SUB9762529,18,12,41.43,2,0.136,0,,Very_Low,1-2 calls
SUB8912798,6,12,44.19,1,0.205,0,,Low,1-2 calls
SUB1407650,3,12,40.16,5,0.21,0,,Low,5+ calls
SUB6672745,3,12,110.33,3,0.205,0,,Low,3-4 calls
SUB4729046,12,3,51.7,3,0.132,0,,Very_Low,3-4 calls
SUB4615383,36,24,50.06,5,0.287,0,,Low,5+ calls
SUB1770448,24,3,44.32,2,0.157,0,,Very_Low,1-2 calls
SUB4819128,3,12,9.19,2,0.21,0,,Low,1-2 calls
SUB9126710,12,6,13.73,2,0.328,0,,Low,1-2 calls
SUB6274033,3,1,18.23,1,0.41,0,,Medium,1-2 calls
SUB2840220,12,24,18.21,1,0.176,0,,Very_Low,1-2 calls
SUB9523019,18,6,110.03,1,0.068,0,,Very_Low,1-2 calls
SUB5151910,24,12,19.24,0,0.126,0,,Very_Low,0 calls
SUB3677678,36,12,84.8,4,0.039,0,,Very_Low,3-4 calls
SUB1412610,1,6,73.82,1,0.287,0,,Low,1-2 calls
SUB8178560,18,3,57.84,4,0.165,1,Network Quality Issues,Very_Low,3-4 calls
SUB1052055,12,1,23.24,1,0.284,1,Price Too High,Low,1-2 calls
SUB6347389,12,24,18.34,1,0.132,0,,Very_Low,1-2 calls
SUB7943122,6,12,26.66,2,0.354,0,,Low,1-2 calls
SUB2136263,1,12,86.62,0,0.109,0,,Very_Low,0 calls
SUB3497838,36,6,94.87,5,0.124,0,,Very_Low,5+ calls
SUB6129584,6,3,23.56,2,0.307,0,,Low,1-2 calls
SUB6762726,36,24,17.54,0,0.088,0,,Very_Low,0 calls
SUB3299820,1,24,37.26,4,0.292,0,,Low,3-4 calls
SUB4543244,12,24,15.44,2,0.246,0,,Low,1-2 calls
SUB2838346,24,24,85.95,1,0.096,0,,Very_Low,1-2 calls
SUB8402633,6,12,59.99,1,0.077,0,,Very_Low,1-2 calls
SUB8566169,60,6,79.35,4,0.072,0,,Very_Low,3-4 calls
SUB7911542,18,6,83.18,0,0.029,0,,Very_Low,0 calls
SUB6898131,3,24,39.84,0,0.284,1,Network Quality Issues,Low,0 calls
SUB1159876,24,24,17.19,1,0.205,0,,Low,1-2 calls
SUB6516182,60,6,62.57,2,0.026,0,,Very_Low,1-2 calls
SUB4410331,6,12,104.36,6,0.205,0,,Low,5+ calls
SUB7189152,36,24,9.1,1,0.22,0,,Low,1-2 calls
SUB4511449,60,12,17.05,1,0.118,0,,Very_Low,1-2 calls
SUB2414447,6,24,8.32,3,0.236,0,,Low,3-4 calls
SUB4458332,6,12,63.04,4,0.116,0,,Very_Low,3-4 calls
SUB3180122,24,12,8.17,4,0.41,0,,Medium,3-4 calls
SUB1716177,60,6,53.88,3,0.039,0,,Very_Low,3-4 calls
SUB6412199,18,1,21.46,2,0.205,0,,Low,1-2 calls
SUB4019332,12,1,51.43,3,0.224,1,Relocation/Moving,Low,3-4 calls
SUB1479177,3,3,43.56,0,0.168,0,,Very_Low,0 calls
SUB1521317,48,1,18.29,2,0.079,0,,Very_Low,1-2 calls
SUB4826562,1,12,28.38,3,0.95,1,Price Too High,Very_High,3-4 calls
SUB9167399,3,6,25.24,1,0.472,0,,Medium,1-2 calls
SUB2508797,12,1,81.2,5,0.344,1,Better Competitor Offer,Low,5+ calls
SUB4926888,12,1,72.58,2,0.062,0,,Very_Low,1-2 calls
SUB3024676,1,12,27.98,0,0.176,0,,Very_Low,0 calls
SUB6202753,1,12,46.92,4,0.315,0,,Low,3-4 calls
SUB3152304,3,1,5.76,0,0.397,0,,Low,0 calls
SUB8560105,1,12,89.78,3,0.22,0,,Low,3-4 calls
SUB5552939,60,1,18.08,5,0.553,1,Price Too High,Medium,5+ calls
SUB7514849,6,6,106.58,1,0.118,0,,Very_Low,1-2 calls
SUB9475177,36,3,37.58,1,0.124,0,,Very_Low,1-2 calls
SUB9198931,24,1,32.93,2,0.177,0,,Very_Low,1-2 calls
SUB1984131,24,3,7.99,1,0.355,1,Relocation/Moving,Low,1-2 calls
SUB5875436,18,6,9.46,2,0.913,1,Network Quality Issues,Very_High,1-2 calls
SUB8749611,12,12,45.05,0,0.05,1,Relocation/Moving,Very_Low,0 calls
SUB5878154,18,3,31.74,1,0.136,0,,Very_Low,1-2 calls
SUB8940312,36,12,6.6,4,0.11,0,,Very_Low,3-4 calls
SUB8681147,24,24,71.37,2,0.096,0,,Very_Low,1-2 calls
SUB6204369,6,3,24.46,2,0.307,0,,Low,1-2 calls
SUB7361293,3,12,18.73,3,0.472,0,,Medium,3-4 calls
SUB6905447,6,6,64.81,2,0.143,0,,Very_Low,1-2 calls
SUB1945424,3,1,104.55,0,0.109,0,,Very_Low,0 calls
SUB2958754,60,6,17.66,1,0.079,0,,Very_Low,1-2 calls
SUB1639068,12,6,84.71,3,0.066,0,,Very_Low,3-4 calls
SUB2371242,3,12,79.26,3,0.287,0,,Low,3-4 calls
SUB4663175,18,24,109.97,3,0.133,0,,Very_Low,3-4 calls
SUB7150208,12,12,24.47,0,0.421,1,Price Too High,Medium,0 calls
SUB3020148,3,6,90.0,1,0.052,0,,Very_Low,1-2 calls
SUB2160675,1,6,17.64,1,0.532,1,Service Not Needed,Medium,1-2 calls
SUB6918342,1,24,23.32,1,0.157,1,Relocation/Moving,Very_Low,1-2 calls
SUB5036589,18,12,24.69,0,0.213,0,,Low,0 calls
SUB3726427,24,6,18.71,1,0.157,0,,Very_Low,1-2 calls
SUB5772925,48,12,69.57,1,0.037,0,,Very_Low,1-2 calls
SUB9079850,18,12,36.77,0,0.395,1,Network Quality Issues,Low,0 calls
SUB4138832,18,6,20.35,1,0.95,1,Network Quality Issues,Very_High,1-2 calls
SUB3050276,6,24,10.1,2,0.41,0,,Medium,1-2 calls
SUB3809858,6,24,22.3,3,0.658,1,Network Quality Issues,High,3-4 calls
SUB6973721,12,12,29.07,1,0.246,0,,Low,1-2 calls
SUB3016142,36,24,19.23,2,0.165,0,,Very_Low,1-2 calls
SUB5587826,12,24,21.21,0,0.197,1,Price Too High,Very_Low,0 calls
SUB5544943,6,24,13.13,1,0.472,1,Price Too High,Medium,1-2 calls
SUB3691207,48,3,33.58,1,0.079,0,,Very_Low,1-2 calls
SUB4250060,12,1,83.08,2,0.246,0,,Low,1-2 calls
SUB9007599,1,12,10.42,2,0.819,1,Price Too High,Very_High,1-2 calls
SUB4971586,12,12,8.75,2,0.252,0,,Low,1-2 calls
SUB1374344,18,6,48.05,3,0.439,0,,Medium,3-4 calls
SUB8021982,60,12,27.1,0,0.082,0,,Very_Low,0 calls
SUB3851957,24,12,49.11,1,0.157,1,Network Quality Issues,Very_Low,1-2 calls
SUB7472345,3,6,92.79,3,0.307,0,,Low,3-4 calls
SUB2548496,12,12,65.45,0,0.049,1,Relocation/Moving,Very_Low,0 calls
SUB1295863,12,1,88.19,0,0.071,0,,Very_Low,0 calls
SUB9196722,12,24,16.33,2,0.176,0,,Very_Low,1-2 calls
SUB2389068,3,6,21.3,1,0.472,0,,Medium,1-2 calls
SUB1226884,12,3,35.43,4,0.132,0,,Very_Low,3-4 calls
SUB4417932,12,6,81.62,4,0.123,1,Better Competitor Offer,Very_Low,3-4 calls
SUB8339096,3,6,99.49,2,0.136,0,,Very_Low,1-2 calls
SUB8034926,18,6,28.37,6,0.315,0,,Low,5+ calls
SUB5506371,6,12,19.05,3,0.354,1,Network Quality Issues,Low,3-4 calls
SUB1078563,3,3,23.77,1,0.41,1,Price Too High,Medium,1-2 calls
SUB2138355,60,12,8.87,3,0.157,0,,Very_Low,3-4 calls
SUB6131547,18,6,71.41,3,0.143,0,,Very_Low,3-4 calls
SUB3196856,18,1,16.36,1,0.205,1,Price Too High,Low,1-2 calls
SUB6504637,6,24,17.16,0,0.319,0,,Low,0 calls
SUB2372407,3,6,64.06,2,0.103,0,,Very_Low,1-2 calls
SUB3133643,3,24,8.32,6,0.95,1,Poor Customer Service,Very_High,5+ calls
SUB4001519,1,6,42.66,0,0.218,0,,Low,0 calls
SUB8213741,18,12,9.21,3,0.409,0,,Medium,3-4 calls
SUB2069024,6,24,27.41,4,0.461,0,,Medium,3-4 calls
SUB2362270,6,6,11.58,5,0.63,0,,High,5+ calls
SUB8913614,3,12,40.9,0,0.252,0,,Low,0 calls
SUB7575046,3,3,80.41,1,0.147,0,,Very_Low,1-2 calls
SUB5533027,12,3,84.76,5,0.229,0,,Low,5+ calls
SUB8032205,24,12,48.9,1,0.136,0,,Very_Low,1-2 calls
SUB1901111,60,12,70.16,1,0.048,0,,Very_Low,1-2 calls
SUB3114253,6,12,29.48,3,0.354,1,Price Too High,Low,3-4 calls
SUB9678768,18,12,68.53,3,0.077,1,Relocation/Moving,Very_Low,3-4 calls
SUB9014324,3,24,15.22,3,0.472,0,,Medium,3-4 calls
SUB8777901,18,3,24.83,1,0.157,1,Network Quality Issues,Very_Low,1-2 calls
SUB5809073,12,12,9.71,0,0.262,1,Network Quality Issues,Low,0 calls
SUB7868546,1,6,7.46,3,0.945,1,Price Too High,Very_High,3-4 calls
SUB5404309,12,1,119.16,2,0.058,0,,Very_Low,1-2 calls
SUB2620706,12,6,8.84,0,0.262,0,,Low,0 calls
SUB5240843,12,12,15.77,2,0.246,1,Price Too High,Low,1-2 calls
SUB1770569,18,1,48.21,4,0.11,1,Poor Customer Service,Very_Low,3-4 calls
SUB3513384,1,12,16.15,2,0.614,0,,High,1-2 calls
SUB8813516,36,6,89.24,1,0.026,0,,Very_Low,1-2 calls
SUB1115042,12,12,102.21,4,0.066,1,Network Quality Issues,Very_Low,3-4 calls
SUB1092447,1,24,23.43,2,0.22,0,,Low,1-2 calls
SUB6547631,60,12,7.65,2,0.157,0,,Very_Low,1-2 calls
SUB8498725,12,6,20.24,1,0.246,0,,Low,1-2 calls
SUB8352855,60,1,49.96,0,0.063,0,,Very_Low,0 calls
SUB3743122,3,3,26.23,3,0.472,1,Network Quality Issues,Medium,3-4 calls
SUB4734341,1,6,38.61,2,0.585,1,Service Not Needed,Medium,1-2 calls
SUB4535797,24,12,73.28,2,0.143,0,,Very_Low,1-2 calls
SUB8397803,48,6,24.03,7,0.439,0,,Medium,5+ calls
SUB7277609,1,6,9.36,1,0.546,1,Price Too High,Medium,1-2 calls
SUB9165571,24,3,20.13,5,0.22,0,,Low,5+ calls
SUB4727904,1,6,54.0,1,0.532,1,Relocation/Moving,Medium,1-2 calls
SUB4232567,24,3,28.21,7,0.614,1,Relocation/Moving,High,5+ calls
SUB5361909,18,12,19.95,3,0.307,0,,Low,3-4 calls
SUB7808210,24,24,22.02,1,0.143,1,Network Quality Issues,Very_Low,1-2 calls
SUB7216618,12,12,31.05,3,0.246,0,,Low,3-4 calls
SUB2149707,48,1,22.42,2,0.102,0,,Very_Low,1-2 calls
SUB6572618,6,12,117.88,2,0.118,0,,Very_Low,1-2 calls
SUB5880779,6,12,72.62,1,0.186,0,,Very_Low,1-2 calls
SUB4783938,60,12,74.45,5,0.096,0,,Very_Low,5+ calls
SUB7396930,3,12,101.89,5,0.147,0,,Very_Low,5+ calls
SUB4743382,18,12,74.32,2,0.11,0,,Very_Low,1-2 calls
SUB5172975,18,3,58.91,3,0.143,0,,Very_Low,3-4 calls
SUB5231874,6,1,23.5,1,0.354,0,,Low,1-2 calls
SUB1481193,6,1,42.13,2,0.079,0,,Very_Low,1-2 calls
SUB3759127,6,1,12.12,3,0.878,1,Service Not Needed,Very_High,3-4 calls
SUB8378343,36,24,18.02,2,0.077,0,,Very_Low,1-2 calls
SUB1627475,12,12,17.32,1,0.189,0,,Very_Low,1-2 calls
SUB1540027,6,12,36.19,4,0.307,1,Service Not Needed,Low,3-4 calls
SUB7357658,18,6,48.18,2,0.075,0,,Very_Low,1-2 calls
SUB2797355,12,12,30.18,2,0.189,0,,Very_Low,1-2 calls
SUB1755724,12,3,81.77,2,0.063,0,,Very_Low,1-2 calls
SUB6159253,24,12,7.05,0,0.118,0,,Very_Low,0 calls
SUB8641646,12,6,15.36,2,0.246,1,Price Too High,Low,1-2 calls
SUB4482837,6,12,9.07,2,0.22,0,,Low,1-2 calls
SUB2436052,24,12,14.04,2,0.21,0,,Low,1-2 calls
SUB4537553,1,6,34.92,2,0.273,0,,Low,1-2 calls
SUB4931067,60,24,84.8,2,0.055,0,,Very_Low,1-2 calls
SUB6881468,18,12,24.65,2,0.157,0,,Very_Low,1-2 calls
SUB5494445,3,3,57.6,2,0.287,0,,Low,1-2 calls
SUB1696084,3,12,94.91,5,0.191,0,,Very_Low,5+ calls
SUB3481498,6,12,17.09,5,0.337,0,,Low,5+ calls
SUB4104379,36,24,78.11,1,0.051,0,,Very_Low,1-2 calls
SUB8233646,36,1,11.59,1,0.191,0,,Very_Low,1-2 calls
SUB7258588,3,12,50.63,1,0.147,0,,Very_Low,1-2 calls
SUB6511598,18,6,5.77,2,0.273,0,,Low,1-2 calls
SUB1036051,48,6,53.56,3,0.055,0,,Very_Low,3-4 calls
SUB7307365,24,12,17.85,3,0.307,1,Price Too High,Low,3-4 calls
SUB5677202,18,3,86.86,5,0.157,0,,Very_Low,5+ calls
SUB6320218,3,6,34.18,1,0.315,0,,Low,1-2 calls
SUB7102744,48,12,13.23,1,0.105,0,,Very_Low,1-2 calls
SUB4666279,36,6,35.53,3,0.186,0,,Very_Low,3-4 calls
SUB4436005,6,1,56.85,3,0.116,0,,Very_Low,3-4 calls
SUB4852659,12,24,31.29,2,0.164,1,Network Quality Issues,Very_Low,1-2 calls
SUB3700502,1,12,85.31,1,0.157,0,,Very_Low,1-2 calls
SUB5567994,18,12,87.98,5,0.147,0,,Very_Low,5+ calls
SUB3022862,1,12,47.98,1,0.273,0,,Low,1-2 calls
SUB8656575,48,12,23.82,2,0.079,0,,Very_Low,1-2 calls
SUB6006034,36,6,11.23,1,0.147,0,,Very_Low,1-2 calls
SUB1677551,6,12,109.83,0,0.106,0,,Very_Low,0 calls
SUB2212740,24,12,100.63,1,0.052,0,,Very_Low,1-2 calls
SUB7380863,12,1,23.22,1,0.284,1,Price Too High,Low,1-2 calls
SUB8546361,36,1,39.97,2,0.096,0,,Very_Low,1-2 calls
SUB1497165,1,1,57.65,0,0.176,0,,Very_Low,0 calls
SUB4732529,12,3,37.22,0,0.151,0,,Very_Low,0 calls
SUB6031833,12,1,85.25,2,0.246,1,Better Competitor Offer,Low,1-2 calls
SUB8239239,6,3,8.69,2,0.614,0,,High,1-2 calls
SUB3560390,3,12,115.11,4,0.292,0,,Low,3-4 calls
SUB4093348,18,12,18.96,3,0.307,1,Network Quality Issues,Low,3-4 calls
SUB9258103,3,24,30.11,2,0.315,0,,Low,1-2 calls
SUB1978536,18,12,27.43,3,0.165,0,,Very_Low,3-4 calls
SUB6244899,12,1,38.2,3,0.246,0,,Low,3-4 calls
SUB1605743,6,6,39.32,3,0.95,1,Network Quality Issues,Very_High,3-4 calls
SUB3246928,24,12,50.56,3,0.205,0,,Low,3-4 calls
SUB2197678,6,6,44.64,3,0.307,1,Relocation/Moving,Low,3-4 calls
SUB3486179,1,6,59.34,3,0.287,0,,Low,3-4 calls
SUB8147333,36,24,27.39,0,0.115,0,,Very_Low,0 calls
SUB1003420,6,1,101.7,3,0.083,0,,Very_Low,3-4 calls
SUB8137763,36,12,11.57,3,0.43,1,Service Not Needed,Medium,3-4 calls
SUB7470181,12,24,36.78,2,0.246,1,Network Quality Issues,Low,1-2 calls
SUB5735332,36,12,12.82,1,0.147,1,Price Too High,Very_Low,1-2 calls
SUB6176367,12,1,19.93,4,0.369,0,,Low,3-4 calls
SUB5638952,3,24,26.87,3,0.614,1,Network Quality Issues,High,3-4 calls
SUB8868451,1,1,95.76,1,0.074,0,,Very_Low,1-2 calls
SUB7749645,24,24,12.05,1,0.105,1,Service Not Needed,Very_Low,1-2 calls
SUB8585321,24,3,27.45,4,0.307,0,,Low,3-4 calls
SUB7380798,3,1,78.08,3,0.331,0,,Low,3-4 calls
SUB2308396,60,1,12.71,1,0.052,0,,Very_Low,1-2 calls
SUB2235340,48,6,67.08,2,0.062,0,,Very_Low,1-2 calls
SUB9447149,6,6,99.35,5,0.439,1,Better Competitor Offer,Medium,5+ calls
SUB3232821,3,12,76.71,1,0.355,0,,Low,1-2 calls
SUB5356164,6,12,28.6,2,0.236,0,,Low,1-2 calls
SUB4079676,48,12,15.55,5,0.236,0,,Low,5+ calls
SUB3729701,18,24,7.85,3,0.315,0,,Low,3-4 calls
SUB9683823,48,3,14.01,4,0.11,0,,Very_Low,3-4 calls
SUB4600867,1,3,8.77,2,0.546,1,Price Too High,Medium,1-2 calls
SUB4596436,60,12,82.43,2,0.038,0,,Very_Low,1-2 calls
SUB4484634,18,6,49.39,2,0.136,0,,Very_Low,1-2 calls
SUB6409351,3,3,21.2,6,0.819,0,,Very_High,5+ calls
SUB7805751,12,12,28.49,1,0.246,0,,Low,1-2 calls
SUB9336484,36,3,37.93,2,0.074,0,,Very_Low,1-2 calls
