user_id,hours_streaming,hours_social,hours_messaging,hours_gaming,background_data_mb,is_peak_hour_user,is_weekend,age_group,plan_type,device_type,network_type,measurement_date
SUB7423388,2.04,2.62,0.07,0.15,73.61,0,0,18-24,Prepaid_Monthly,Mid_Range,4G+,2026-06-22
SUB7550634,1.36,1.94,0.61,0.13,76.06,0,1,45-54,Postpaid_Premium,5G_Device,4G,2026-06-17
SUB5304572,2.42,2.28,0.57,0.8,78.88,0,1,25-34,Postpaid_Unlimited,Mid_Range,4G,2026-06-07
SUB3234489,4.35,1.78,0.15,1.27,87.72,0,0,45-54,Postpaid_Unlimited,5G_Device,5G,2026-06-10
SUB8204212,1.77,0.71,1.21,0.92,104.04,1,1,25-34,Prepaid_Daily,Premium_Smartphone,4G,2026-06-12
SUB5472471,0.42,2.7,0.04,0.12,92.06,0,0,25-34,Prepaid_Daily,Tablet,5G,2026-06-23
SUB5523669,0.04,0.31,0.31,0.01,15.06,0,1,25-34,Prepaid_Monthly,Basic_Phone,3G,2026-06-16
SUB8404852,0.79,1.23,0.03,0.0,13.97,0,1,35-44,Postpaid_Premium,Basic_Phone,4G,2026-07-02
SUB5981505,2.71,1.07,2.06,1.48,56.23,0,0,35-44,Postpaid_Unlimited,Premium_Smartphone,4G,2026-06-13
SUB2766891,4.0,1.15,0.83,0.08,92.37,1,1,55+,Postpaid_Premium,5G_Device,4G,2026-06-07
SUB5521373,1.94,1.82,0.24,0.09,124.34,0,0,35-44,Postpaid_Basic,Premium_Smartphone,5G,2026-06-29
SUB7019877,0.36,0.68,0.14,0.07,73.55,0,0,25-34,Prepaid_Daily,Premium_Smartphone,5G,2026-06-24
SUB4344769,0.07,0.14,0.03,0.02,16.23,1,0,45-54,Postpaid_Premium,Basic_Phone,3G,2026-07-03
SUB1103355,0.06,0.16,0.1,0.01,47.66,0,0,55+,Prepaid_Daily,Mid_Range,4G+,2026-06-15
SUB2262752,0.62,0.4,0.03,0.03,48.51,0,0,25-34,Prepaid_Daily,Mid_Range,4G,2026-07-01
SUB6664789,0.48,2.01,1.38,0.31,115.21,0,1,18-24,Postpaid_Unlimited,Premium_Smartphone,4G+,2026-06-22
SUB6743066,1.36,1.02,1.31,0.0,70.96,0,1,35-44,Postpaid_Basic,Mid_Range,4G,2026-07-03
SUB7113790,0.85,0.48,0.2,0.19,73.11,1,0,25-34,Prepaid_Daily,Mid_Range,5G,2026-06-15
SUB5721339,0.66,1.05,0.07,0.1,88.86,1,0,55+,Prepaid_Monthly,Premium_Smartphone,4G+,2026-06-21
SUB4275709,0.37,1.6,0.36,0.36,92.12,1,0,25-34,Prepaid_Daily,5G_Device,5G,2026-06-14
SUB1084654,0.54,0.73,0.16,0.78,63.93,1,0,18-24,Postpaid_Basic,Premium_Smartphone,3G,2026-07-02
SUB6147581,0.1,0.19,0.08,0.04,69.59,0,0,55+,Prepaid_Monthly,Premium_Smartphone,3G,2026-06-24
SUB2954354,1.44,0.04,1.83,0.04,134.57,1,0,45-54,Postpaid_Unlimited,Tablet,4G,2026-06-16
SUB9242680,0.21,0.73,0.59,0.57,44.97,0,0,18-24,Prepaid_Monthly,Mid_Range,4G,2026-06-22
SUB3428388,0.02,0.03,0.01,0.0,17.68,0,0,55+,Postpaid_Basic,Basic_Phone,5G,2026-06-07
SUB9916786,0.83,0.47,0.07,1.12,127.4,0,0,25-34,Prepaid_Daily,Premium_Smartphone,5G,2026-07-05
SUB3663046,0.24,2.16,0.35,0.58,41.9,0,0,25-34,Prepaid_Monthly,Mid_Range,4G,2026-06-28
SUB6499720,1.26,0.61,0.08,0.11,41.22,0,0,55+,Postpaid_Premium,Mid_Range,4G,2026-06-29
SUB7640913,2.23,1.92,0.36,0.5,101.72,1,0,25-34,Postpaid_Premium,Mid_Range,5G,2026-06-15
SUB4416664,2.51,1.01,1.35,1.38,66.58,0,0,18-24,Prepaid_Monthly,Premium_Smartphone,4G,2026-06-18
SUB4385659,5.14,0.88,1.64,0.16,71.66,0,0,25-34,Postpaid_Basic,Mid_Range,5G,2026-06-22
SUB4385357,1.27,0.41,0.28,1.14,76.97,1,0,35-44,Postpaid_Premium,Mid_Range,4G,2026-06-14
SUB2465689,2.24,1.74,0.43,0.35,57.38,0,1,18-24,Prepaid_Monthly,Mid_Range,4G,2026-06-20
SUB1068148,0.3,0.15,0.18,0.05,36.96,0,0,35-44,Prepaid_Daily,Mid_Range,4G+,2026-06-14
SUB2825665,3.7,1.89,0.97,0.13,73.69,1,0,35-44,Prepaid_Monthly,5G_Device,4G,2026-06-25
SUB3745683,1.37,0.46,1.28,0.45,121.29,0,0,25-34,Postpaid_Basic,Tablet,5G,2026-06-10
SUB5056518,1.5,1.45,0.07,2.22,107.11,0,0,35-44,Prepaid_Daily,5G_Device,4G,2026-07-06
SUB3669995,0.26,0.68,0.3,0.18,105.33,0,0,45-54,Prepaid_Monthly,Tablet,4G,2026-06-15
SUB5997895,0.27,2.82,0.36,2.14,79.98,0,0,25-34,Postpaid_Basic,Mid_Range,4G+,2026-07-03
SUB7397986,1.07,6.0,0.46,0.55,115.65,0,0,25-34,Postpaid_Unlimited,5G_Device,5G,2026-06-07
SUB2870928,3.39,2.63,0.44,0.57,49.26,0,0,25-34,Prepaid_Monthly,Mid_Range,4G+,2026-06-11
SUB5155299,0.78,1.63,0.26,0.32,155.27,1,0,35-44,Prepaid_Daily,Premium_Smartphone,4G+,2026-06-19
SUB7249859,0.47,0.63,0.1,0.08,31.63,0,0,45-54,Postpaid_Basic,Mid_Range,3G,2026-06-26
SUB3305413,1.99,0.31,1.14,0.09,141.86,1,0,25-34,Prepaid_Monthly,5G_Device,4G+,2026-06-29
SUB4910197,0.1,0.67,0.01,0.06,30.85,1,0,25-34,Prepaid_Monthly,Basic_Phone,3G,2026-06-13
SUB6558019,0.38,1.16,0.04,0.08,23.31,0,0,25-34,Postpaid_Basic,Mid_Range,3G,2026-06-23
SUB6414709,4.24,6.0,0.02,2.4,139.26,0,1,35-44,Postpaid_Unlimited,5G_Device,5G,2026-07-02
SUB1271836,2.33,2.25,0.69,0.38,85.69,1,0,18-24,Postpaid_Premium,Premium_Smartphone,4G,2026-06-19
SUB4584702,1.08,1.61,0.34,0.08,78.29,0,0,45-54,Prepaid_Daily,Premium_Smartphone,4G+,2026-06-26
SUB8281369,4.93,6.0,2.42,0.11,79.31,0,0,25-34,Postpaid_Premium,Premium_Smartphone,4G,2026-06-18
SUB3299435,1.2,0.11,0.02,0.14,32.85,0,0,35-44,Prepaid_Monthly,Mid_Range,4G,2026-06-14
SUB9585377,0.44,3.7,0.6,0.4,37.93,0,0,25-34,Prepaid_Monthly,Premium_Smartphone,3G,2026-07-05
SUB3658505,2.49,0.39,0.82,0.1,40.49,1,0,35-44,Postpaid_Unlimited,Basic_Phone,4G,2026-06-07
SUB2271741,6.06,6.0,4.0,0.79,118.91,1,0,18-24,Postpaid_Unlimited,5G_Device,4G,2026-06-26
SUB4769315,0.08,0.23,0.01,0.03,51.6,0,0,35-44,Prepaid_Daily,Premium_Smartphone,3G,2026-06-15
SUB2046797,0.82,1.15,0.35,0.01,148.03,0,0,18-24,Prepaid_Daily,5G_Device,5G,2026-06-15
SUB4047262,6.29,3.92,3.04,0.49,148.96,1,1,18-24,Prepaid_Monthly,Premium_Smartphone,4G+,2026-06-28
SUB1564685,0.12,0.78,0.3,0.04,44.04,0,0,25-34,Postpaid_Basic,Mid_Range,4G,2026-06-25
SUB3879190,2.0,5.08,1.12,0.65,78.07,0,0,35-44,Postpaid_Unlimited,Premium_Smartphone,4G,2026-07-03
SUB6596411,0.57,3.09,0.07,0.05,35.26,1,0,18-24,Prepaid_Daily,Mid_Range,3G,2026-06-17
SUB2007293,0.37,1.37,0.38,0.16,60.54,0,1,18-24,Prepaid_Monthly,Mid_Range,4G,2026-06-12
SUB5774183,1.08,0.65,0.0,0.26,60.26,0,1,45-54,Prepaid_Monthly,5G_Device,4G,2026-06-26
SUB4366612,0.76,0.33,0.32,0.01,58.04,1,0,45-54,Prepaid_Daily,Mid_Range,4G,2026-06-30
SUB9411855,7.04,3.71,2.47,0.28,115.68,0,1,18-24,Postpaid_Premium,Premium_Smartphone,5G,2026-07-04
SUB6267180,0.83,0.65,0.48,0.16,11.8,1,1,35-44,Postpaid_Premium,Basic_Phone,3G,2026-06-08
SUB8807313,0.16,0.09,0.04,0.25,28.0,1,1,25-34,Prepaid_Monthly,Basic_Phone,3G,2026-07-02
SUB3704238,0.77,1.65,0.23,1.01,120.33,0,0,35-44,Prepaid_Daily,Premium_Smartphone,4G+,2026-06-25
SUB3630708,1.77,2.02,0.55,0.6,115.53,1,0,45-54,Prepaid_Daily,5G_Device,5G,2026-07-03
SUB4494679,2.67,3.02,1.15,0.17,60.35,0,0,18-24,Postpaid_Basic,Premium_Smartphone,4G,2026-06-17
SUB6517209,0.18,1.06,0.49,0.15,102.79,0,1,45-54,Prepaid_Monthly,Mid_Range,5G,2026-07-06
SUB2767640,0.47,1.81,0.04,0.12,48.48,0,0,25-34,Postpaid_Basic,Mid_Range,4G,2026-06-15
SUB7723771,8.0,3.42,0.53,0.2,103.82,0,0,35-44,Prepaid_Monthly,5G_Device,5G,2026-06-11
SUB2285160,1.5,1.14,0.46,0.06,125.9,0,0,35-44,Prepaid_Monthly,Premium_Smartphone,4G+,2026-06-18
SUB7080526,1.7,0.18,0.05,0.07,110.87,0,1,55+,Postpaid_Premium,Tablet,4G,2026-06-16
SUB6173036,0.09,0.28,0.16,0.2,25.27,0,1,18-24,Prepaid_Daily,Basic_Phone,5G,2026-06-09
SUB2425472,8.0,6.0,0.65,0.07,112.7,1,0,18-24,Postpaid_Premium,5G_Device,5G,2026-06-23
SUB1048984,5.56,0.36,0.25,0.66,107.94,0,1,18-24,Postpaid_Basic,5G_Device,5G,2026-06-21
SUB7556168,2.38,1.18,0.15,3.39,99.26,0,0,55+,Postpaid_Premium,5G_Device,4G+,2026-06-07
SUB2504384,0.11,0.22,0.01,0.23,19.01,0,0,35-44,Prepaid_Daily,Basic_Phone,4G,2026-06-30
SUB3230919,2.64,4.21,3.65,2.18,187.01,1,1,35-44,Postpaid_Premium,Premium_Smartphone,5G,2026-07-05
SUB7940119,0.41,0.49,0.06,0.24,125.96,0,0,18-24,Prepaid_Daily,Premium_Smartphone,4G+,2026-06-21
SUB2737095,0.49,0.36,0.6,0.54,55.34,0,0,45-54,Postpaid_Unlimited,Premium_Smartphone,4G,2026-07-01
SUB5780450,0.83,1.73,0.28,0.05,68.14,0,0,45-54,Postpaid_Premium,Premium_Smartphone,3G,2026-07-03
SUB8469344,1.61,1.38,0.1,0.02,175.48,0,1,35-44,Prepaid_Monthly,Premium_Smartphone,5G,2026-06-15
SUB3109818,0.4,4.22,0.15,0.36,137.68,0,0,25-34,Prepaid_Monthly,Tablet,5G,2026-06-18
SUB3231785,4.28,1.85,0.26,0.51,62.05,0,0,18-24,Postpaid_Unlimited,Premium_Smartphone,4G,2026-07-04
SUB4853339,1.7,1.18,0.52,1.83,58.31,0,0,35-44,Postpaid_Unlimited,Premium_Smartphone,4G,2026-06-24
SUB1996107,2.72,3.43,1.42,2.57,115.28,0,0,35-44,Postpaid_Unlimited,Premium_Smartphone,4G+,2026-06-10
SUB8130144,8.0,5.75,0.08,0.27,81.96,1,0,18-24,Postpaid_Premium,Premium_Smartphone,4G,2026-07-01
SUB5545583,1.15,1.79,1.89,0.13,43.86,1,0,35-44,Postpaid_Premium,Mid_Range,4G,2026-06-23
SUB4747389,0.09,0.6,0.14,1.79,46.89,0,0,25-34,Postpaid_Basic,Mid_Range,4G+,2026-06-12
SUB5142807,0.27,0.88,0.12,0.57,85.51,0,0,45-54,Prepaid_Daily,5G_Device,4G,2026-07-01
SUB8988004,0.07,0.84,0.05,0.43,52.17,1,0,25-34,Prepaid_Daily,Basic_Phone,5G,2026-06-20
SUB7245035,4.75,1.29,0.55,0.02,102.96,0,0,18-24,Postpaid_Basic,5G_Device,5G,2026-06-21
SUB4602279,4.64,0.94,0.16,0.1,148.27,0,1,25-34,Prepaid_Monthly,5G_Device,4G+,2026-06-23
SUB6515989,8.0,3.21,0.59,0.17,112.28,1,0,25-34,Postpaid_Basic,Premium_Smartphone,4G,2026-06-26
SUB3121690,1.86,1.2,0.04,0.21,160.27,0,1,18-24,Prepaid_Monthly,5G_Device,4G+,2026-06-13
SUB1491234,3.12,5.59,0.7,0.36,154.98,1,1,45-54,Postpaid_Basic,Premium_Smartphone,4G,2026-06-13
SUB6401218,0.86,0.81,0.47,0.32,61.05,0,0,18-24,Prepaid_Monthly,Mid_Range,4G,2026-06-10
SUB7914550,0.07,1.59,0.05,0.3,37.43,0,0,25-34,Postpaid_Basic,Mid_Range,4G,2026-06-13
SUB7167294,4.18,0.76,0.36,3.88,53.59,0,0,18-24,Postpaid_Basic,5G_Device,4G,2026-06-23
SUB7906726,0.32,3.23,0.15,0.25,60.17,0,0,18-24,Prepaid_Daily,Tablet,4G,2026-06-21
SUB6888794,3.39,1.09,0.32,0.23,68.75,0,1,25-34,Postpaid_Unlimited,Mid_Range,4G+,2026-06-21
SUB8558158,0.76,0.7,0.47,1.73,77.09,0,0,18-24,Postpaid_Basic,Mid_Range,5G,2026-06-27
SUB7510425,0.53,6.0,0.45,1.17,48.39,0,0,35-44,Postpaid_Unlimited,Mid_Range,5G,2026-07-01
SUB9511017,7.14,0.68,0.92,0.56,142.17,0,0,18-24,Prepaid_Monthly,Premium_Smartphone,5G,2026-06-28
SUB8887739,0.49,1.18,0.07,0.26,82.6,0,0,35-44,Prepaid_Daily,Premium_Smartphone,4G,2026-06-21
SUB1769598,4.47,0.66,0.37,0.33,97.75,0,0,18-24,Prepaid_Daily,Premium_Smartphone,4G,2026-06-25
SUB6292895,3.21,0.58,0.63,0.4,56.52,0,0,18-24,Prepaid_Daily,5G_Device,4G,2026-06-23
SUB8971379,0.34,0.52,0.03,0.84,38.9,0,0,25-34,Prepaid_Daily,Premium_Smartphone,3G,2026-06-26
SUB4331068,0.68,0.61,0.03,0.54,49.79,0,0,45-54,Prepaid_Daily,Mid_Range,4G,2026-07-03
SUB4256415,0.54,5.98,2.31,0.07,94.9,0,1,35-44,Postpaid_Unlimited,Mid_Range,5G,2026-07-04
SUB1874371,1.52,3.33,0.12,1.38,68.34,1,0,45-54,Postpaid_Unlimited,5G_Device,4G,2026-06-13
SUB6654237,8.0,5.15,2.36,6.0,124.37,0,1,18-24,Postpaid_Unlimited,Premium_Smartphone,5G,2026-06-17
SUB1973548,0.19,2.24,0.0,0.53,74.01,0,1,45-54,Postpaid_Unlimited,Mid_Range,4G,2026-06-07
SUB4344014,0.74,2.45,1.49,2.16,67.2,1,1,18-24,Postpaid_Basic,Mid_Range,4G,2026-06-10
SUB8064746,1.69,2.59,2.71,0.12,63.1,0,0,18-24,Postpaid_Basic,5G_Device,4G,2026-06-29
SUB7216204,1.21,0.23,0.31,0.26,64.11,0,0,35-44,Prepaid_Daily,Mid_Range,5G,2026-07-05
SUB6193542,0.49,1.02,0.03,0.45,84.37,0,0,25-34,Prepaid_Daily,Premium_Smartphone,4G,2026-07-02
SUB3959034,0.51,0.17,0.9,0.12,103.34,1,0,55+,Postpaid_Premium,Premium_Smartphone,4G,2026-06-24
SUB5574293,7.43,0.61,0.3,0.06,37.8,0,0,18-24,Postpaid_Unlimited,Mid_Range,4G,2026-06-23
SUB7706971,0.96,2.37,0.24,0.73,143.98,0,0,55+,Postpaid_Premium,Premium_Smartphone,5G,2026-06-12
SUB1043585,3.43,2.73,0.19,0.71,57.69,0,0,35-44,Postpaid_Premium,Mid_Range,5G,2026-06-14
SUB3539448,1.55,0.13,0.18,0.02,57.8,0,0,35-44,Prepaid_Monthly,Mid_Range,4G,2026-06-24
SUB1109556,1.73,0.56,0.26,0.15,48.64,0,0,18-24,Postpaid_Basic,Mid_Range,3G,2026-06-19
SUB2575557,5.33,0.76,0.16,4.84,125.47,1,0,25-34,Postpaid_Basic,Premium_Smartphone,4G,2026-06-11
SUB9306461,6.09,3.0,0.53,0.12,122.71,1,0,55+,Postpaid_Unlimited,5G_Device,4G,2026-06-07
SUB3009021,1.37,1.6,0.27,0.13,65.16,0,1,25-34,Postpaid_Unlimited,Mid_Range,4G+,2026-06-23
SUB2201482,2.2,0.48,0.12,0.27,90.33,0,0,35-44,Postpaid_Basic,5G_Device,4G,2026-06-24
SUB1542335,0.04,0.02,0.02,0.01,25.18,0,0,55+,Prepaid_Daily,Basic_Phone,4G,2026-06-23
SUB5270070,1.95,0.62,0.2,0.45,77.14,0,0,25-34,Prepaid_Monthly,Premium_Smartphone,4G,2026-06-29
SUB7700379,0.89,0.73,0.28,0.15,115.22,0,0,35-44,Prepaid_Monthly,Premium_Smartphone,5G,2026-06-16
SUB4560920,3.26,6.0,0.34,0.05,115.88,1,0,35-44,Postpaid_Unlimited,Premium_Smartphone,4G+,2026-06-27
SUB7860006,0.23,0.27,0.32,0.4,24.13,0,0,18-24,Prepaid_Daily,Mid_Range,3G,2026-06-13
SUB3484413,0.09,0.13,0.52,0.3,23.09,0,0,18-24,Prepaid_Monthly,Basic_Phone,5G,2026-06-19
SUB3907360,0.94,0.42,0.96,0.44,63.73,0,0,25-34,Prepaid_Monthly,Premium_Smartphone,4G,2026-06-29
SUB6895544,0.3,1.43,0.83,0.24,47.34,0,0,25-34,Postpaid_Unlimited,Basic_Phone,5G,2026-06-30
SUB6697469,0.59,0.76,0.55,0.03,81.83,0,0,35-44,Postpaid_Basic,5G_Device,4G,2026-06-24
SUB3235000,1.48,1.13,0.6,0.48,35.47,1,0,18-24,Postpaid_Basic,Mid_Range,3G,2026-06-18
SUB7908531,0.73,0.25,0.17,0.09,60.08,0,0,55+,Prepaid_Monthly,Mid_Range,5G,2026-06-15
SUB5322252,4.21,0.21,0.86,0.21,67.43,0,0,18-24,Prepaid_Daily,Mid_Range,5G,2026-07-02
SUB6822184,2.19,0.3,0.56,0.26,105.09,0,0,35-44,Prepaid_Monthly,Premium_Smartphone,4G+,2026-07-03
SUB1402690,4.38,4.41,2.72,0.0,87.86,0,0,35-44,Postpaid_Premium,5G_Device,4G,2026-06-22
SUB3548421,1.37,2.58,0.16,0.49,41.09,0,0,18-24,Postpaid_Unlimited,Premium_Smartphone,3G,2026-06-09
SUB2954109,0.28,0.58,0.01,0.01,32.73,0,0,18-24,Postpaid_Basic,Basic_Phone,4G,2026-06-21
SUB5422880,1.21,2.19,0.23,0.98,115.29,0,0,45-54,Prepaid_Monthly,5G_Device,5G,2026-06-23
SUB8205547,0.08,0.36,0.09,0.18,18.88,0,0,45-54,Postpaid_Premium,Basic_Phone,4G,2026-06-22
SUB9323735,6.68,3.89,0.4,3.69,168.96,0,1,25-34,Postpaid_Premium,Premium_Smartphone,5G,2026-06-11
SUB7457294,1.09,0.83,0.43,0.75,56.99,1,0,25-34,Prepaid_Daily,5G_Device,3G,2026-07-05
SUB2384250,0.24,0.64,0.03,0.29,41.39,1,0,25-34,Prepaid_Monthly,Mid_Range,3G,2026-06-13
SUB1061087,0.63,1.19,1.52,2.21,93.71,1,0,18-24,Postpaid_Premium,Mid_Range,5G,2026-06-20
SUB7409907,0.06,0.55,0.15,0.08,45.7,1,0,35-44,Postpaid_Basic,Basic_Phone,4G,2026-06-11
SUB2496176,3.4,0.66,0.49,0.12,103.85,1,1,45-54,Postpaid_Unlimited,5G_Device,4G,2026-06-14
SUB1039353,4.53,6.0,3.29,0.45,138.87,0,0,25-34,Postpaid_Unlimited,Premium_Smartphone,5G,2026-07-01
SUB7484531,0.04,0.15,0.09,0.16,53.29,1,0,55+,Prepaid_Daily,Mid_Range,3G,2026-06-15
SUB4360011,3.28,3.01,4.0,0.42,112.8,1,1,18-24,Postpaid_Premium,Mid_Range,5G,2026-07-05
SUB8654909,0.82,0.35,0.06,0.11,62.39,0,0,35-44,Prepaid_Monthly,Premium_Smartphone,3G,2026-06-24
SUB5259622,1.35,1.53,1.81,0.26,102.59,1,0,25-34,Postpaid_Premium,Mid_Range,5G,2026-06-10
SUB5959617,1.62,0.06,0.04,1.03,53.69,0,0,25-34,Postpaid_Basic,Mid_Range,4G,2026-06-11
SUB6725570,6.23,2.59,2.13,1.13,99.44,1,0,25-34,Postpaid_Basic,Premium_Smartphone,4G,2026-06-22
SUB1416880,2.3,6.0,0.39,6.0,200.0,1,1,25-34,Postpaid_Unlimited,Premium_Smartphone,5G,2026-06-23
SUB8072695,1.7,0.25,0.17,0.79,51.86,0,0,35-44,Postpaid_Premium,Mid_Range,4G,2026-06-16
SUB8433296,4.47,1.47,0.0,0.49,44.74,0,0,35-44,Postpaid_Unlimited,Mid_Range,4G,2026-06-07
SUB5965050,1.8,1.67,0.21,0.0,45.41,0,0,25-34,Prepaid_Monthly,5G_Device,3G,2026-06-14
SUB1813168,0.63,3.38,0.27,0.0,118.33,1,1,45-54,Prepaid_Monthly,Mid_Range,4G+,2026-06-12
SUB1225281,0.31,3.76,0.21,0.0,61.86,0,0,25-34,Postpaid_Basic,Premium_Smartphone,4G,2026-06-26
SUB4782875,0.66,2.99,0.03,0.68,65.28,0,0,35-44,Postpaid_Unlimited,Premium_Smartphone,4G,2026-06-20
SUB3995765,0.34,0.42,0.46,0.48,34.28,0,0,18-24,Prepaid_Monthly,Mid_Range,3G,2026-07-05
SUB8734102,1.02,6.0,0.14,0.63,107.13,1,0,18-24,Prepaid_Daily,Premium_Smartphone,4G+,2026-06-18
SUB6595108,1.73,0.03,0.21,0.16,57.37,0,0,25-34,Prepaid_Monthly,Premium_Smartphone,3G,2026-06-29
SUB6674719,0.38,0.17,0.23,1.35,92.74,0,0,35-44,Postpaid_Basic,Premium_Smartphone,4G,2026-07-04
SUB9658144,1.41,1.24,1.09,0.04,67.24,1,0,35-44,Postpaid_Premium,Premium_Smartphone,4G,2026-06-07
SUB7609280,7.59,4.06,0.97,0.48,95.49,0,0,25-34,Postpaid_Premium,5G_Device,5G,2026-06-10
SUB6500306,7.86,1.9,0.15,0.09,66.79,0,0,18-24,Postpaid_Unlimited,Premium_Smartphone,4G,2026-06-18
SUB5372093,1.11,0.91,1.63,0.63,42.57,0,0,25-34,Postpaid_Premium,Mid_Range,4G,2026-06-11
SUB2561729,0.21,0.36,0.2,0.07,23.34,0,0,35-44,Prepaid_Monthly,Basic_Phone,4G,2026-06-14
SUB6031595,0.44,0.28,0.0,0.03,13.27,0,0,35-44,Postpaid_Basic,Basic_Phone,4G,2026-06-21
SUB6478047,1.94,1.5,1.32,6.0,148.59,1,1,18-24,Postpaid_Premium,5G_Device,4G+,2026-06-15
SUB2119043,4.61,3.48,0.79,6.0,184.24,1,0,18-24,Postpaid_Unlimited,5G_Device,5G,2026-06-10
SUB8103230,0.06,0.1,0.04,0.02,9.58,0,0,45-54,Prepaid_Daily,Basic_Phone,4G,2026-06-30
SUB3558231,1.04,0.61,0.35,0.13,98.1,0,0,18-24,Prepaid_Daily,Premium_Smartphone,4G,2026-07-05
SUB7659908,7.35,0.87,0.2,0.64,71.74,0,1,18-24,Prepaid_Daily,Mid_Range,5G,2026-06-18
SUB4080389,1.74,3.38,0.16,0.27,67.82,0,0,18-24,Postpaid_Basic,5G_Device,4G,2026-06-10
SUB2661909,1.63,6.0,0.94,0.13,63.23,1,1,25-34,Prepaid_Daily,Mid_Range,4G,2026-06-21
SUB3656138,1.79,2.97,2.31,0.47,62.77,1,1,25-34,Postpaid_Premium,Premium_Smartphone,3G,2026-06-15
SUB1110078,0.75,1.2,0.03,0.15,31.49,0,0,35-44,Postpaid_Premium,Mid_Range,3G,2026-06-29
SUB2915631,0.3,3.01,0.22,0.04,62.57,0,0,25-34,Prepaid_Monthly,Mid_Range,4G,2026-07-04
SUB7314127,0.03,1.12,0.49,0.39,31.89,0,0,35-44,Postpaid_Basic,Mid_Range,4G,2026-06-08
SUB3008187,0.43,1.57,0.54,1.04,200.0,1,1,18-24,Postpaid_Unlimited,Premium_Smartphone,4G+,2026-07-04
SUB2659066,1.07,0.72,0.03,1.1,78.94,0,0,45-54,Postpaid_Basic,Mid_Range,5G,2026-06-11
SUB3148815,0.14,0.17,0.05,0.11,25.67,0,0,35-44,Prepaid_Monthly,Mid_Range,3G,2026-07-01
SUB8355740,1.9,3.15,0.72,0.06,108.72,1,0,35-44,Prepaid_Monthly,Mid_Range,5G,2026-06-25
SUB5506259,4.95,3.6,0.29,3.63,145.66,0,1,18-24,Postpaid_Basic,Premium_Smartphone,5G,2026-06-27
SUB8473915,1.52,4.08,0.13,0.55,46.21,0,0,18-24,Prepaid_Daily,5G_Device,4G,2026-07-05
SUB8658426,2.33,1.17,1.52,2.11,121.38,0,1,25-34,Postpaid_Basic,Premium_Smartphone,4G,2026-06-21
SUB7404003,5.85,0.17,0.01,0.49,40.6,0,0,35-44,Postpaid_Unlimited,Premium_Smartphone,4G,2026-06-18
SUB5135314,2.46,3.13,0.3,1.42,46.46,0,0,18-24,Postpaid_Premium,Mid_Range,4G,2026-06-21
SUB1910681,0.73,0.51,0.12,0.16,50.81,0,0,55+,Prepaid_Monthly,Premium_Smartphone,4G,2026-06-11
SUB2607618,1.21,0.13,0.23,0.18,62.11,0,0,55+,Prepaid_Monthly,Premium_Smartphone,4G,2026-06-21
SUB4896830,1.93,6.0,0.58,2.35,69.77,0,1,25-34,Postpaid_Unlimited,Mid_Range,4G,2026-06-07
SUB5336787,0.31,1.03,0.03,0.45,96.6,1,1,55+,Postpaid_Unlimited,Mid_Range,4G,2026-06-17
SUB3755423,1.43,1.35,0.65,0.05,74.98,0,1,18-24,Postpaid_Basic,Mid_Range,4G,2026-06-29
SUB1071295,0.67,0.95,0.03,1.01,67.74,0,0,18-24,Prepaid_Monthly,Mid_Range,5G,2026-06-19
SUB8613287,1.26,0.64,0.06,2.54,9.19,0,0,18-24,Postpaid_Premium,Basic_Phone,3G,2026-06-30
SUB4445376,0.31,0.68,0.42,0.18,25.39,0,0,35-44,Prepaid_Monthly,Mid_Range,4G,2026-07-03
SUB6251035,0.49,0.47,1.67,0.21,81.39,0,0,18-24,Prepaid_Daily,Mid_Range,5G,2026-06-18
SUB4612600,0.15,0.62,0.05,0.03,110.32,0,0,55+,Prepaid_Monthly,Premium_Smartphone,5G,2026-06-25
SUB1825816,0.88,0.99,0.6,0.64,71.46,0,0,18-24,Prepaid_Monthly,Premium_Smartphone,4G+,2026-06-14
SUB9763313,1.37,1.52,1.54,0.1,85.43,0,0,25-34,Prepaid_Monthly,5G_Device,4G,2026-06-12
SUB3026793,1.19,0.01,0.0,0.2,94.08,1,0,45-54,Prepaid_Monthly,Mid_Range,5G,2026-06-22
SUB1554594,3.08,0.51,0.18,0.45,60.52,0,0,18-24,Prepaid_Daily,Mid_Range,5G,2026-07-04
SUB9536326,4.09,1.59,0.18,0.73,85.19,0,0,18-24,Postpaid_Basic,5G_Device,4G,2026-06-15
SUB4504473,0.34,0.21,0.04,0.39,74.56,0,0,35-44,Postpaid_Basic,Mid_Range,5G,2026-06-26
SUB8299695,0.42,0.5,0.22,0.11,92.0,1,0,25-34,Prepaid_Daily,5G_Device,4G,2026-06-18
SUB3204664,8.0,6.0,1.13,0.37,121.38,1,0,18-24,Postpaid_Unlimited,Premium_Smartphone,4G,2026-06-11
SUB5341747,1.56,0.45,1.28,0.51,39.07,0,0,25-34,Prepaid_Monthly,Premium_Smartphone,3G,2026-06-26
SUB1686976,0.62,1.45,0.34,0.51,47.07,0,0,25-34,Prepaid_Daily,Mid_Range,5G,2026-06-22
SUB3472189,0.4,0.16,0.08,0.01,61.11,0,0,55+,Prepaid_Monthly,5G_Device,4G+,2026-07-02
SUB9506404,0.04,0.28,0.02,0.13,5.0,0,0,45-54,Postpaid_Premium,Basic_Phone,3G,2026-06-16
SUB2241082,0.95,0.21,0.8,0.11,90.92,1,0,25-34,Prepaid_Monthly,Mid_Range,5G,2026-06-14
SUB6184502,1.88,3.78,0.14,0.02,120.2,1,0,25-34,Prepaid_Daily,Premium_Smartphone,4G+,2026-06-17
SUB7561000,1.72,0.89,0.49,0.43,127.09,0,0,25-34,Postpaid_Basic,Premium_Smartphone,5G,2026-06-07
SUB7671458,0.55,0.42,0.59,0.76,83.16,0,0,55+,Postpaid_Basic,5G_Device,5G,2026-07-01
SUB5892306,0.36,0.04,0.52,0.04,5.0,0,0,18-24,Postpaid_Premium,Basic_Phone,3G,2026-07-05
SUB4674515,2.56,3.3,0.55,1.97,79.77,1,0,25-34,Postpaid_Premium,Premium_Smartphone,4G,2026-06-10
SUB2579159,1.4,1.38,0.36,0.31,102.35,0,0,35-44,Postpaid_Unlimited,Premium_Smartphone,4G,2026-06-15
SUB5515488,0.46,0.4,0.7,0.17,97.63,0,1,55+,Prepaid_Daily,Mid_Range,4G+,2026-06-26
SUB7041495,0.7,0.33,2.12,0.59,115.09,0,0,18-24,Prepaid_Daily,Premium_Smartphone,5G,2026-06-23
SUB9767088,1.0,2.83,1.17,1.53,85.83,1,1,18-24,Postpaid_Unlimited,Mid_Range,4G+,2026-06-28
SUB7324167,0.04,0.67,0.31,1.27,70.14,0,0,18-24,Postpaid_Basic,Premium_Smartphone,4G,2026-06-15
SUB1791971,1.9,4.16,0.52,0.59,91.16,0,0,18-24,Postpaid_Premium,Tablet,5G,2026-06-10
SUB1501157,0.28,1.25,0.01,0.43,88.42,0,0,35-44,Prepaid_Daily,Premium_Smartphone,5G,2026-06-07
SUB5378727,0.64,0.67,0.2,0.01,68.07,0,0,35-44,Prepaid_Daily,5G_Device,4G,2026-06-10
SUB5124499,0.76,0.34,2.07,0.03,80.79,0,0,35-44,Prepaid_Daily,5G_Device,4G+,2026-07-06
SUB6946594,0.93,1.2,0.41,0.38,102.79,0,0,18-24,Prepaid_Monthly,Premium_Smartphone,4G,2026-06-21
SUB6106799,0.94,1.25,0.09,0.06,57.74,0,0,18-24,Prepaid_Daily,5G_Device,3G,2026-06-10
SUB5327576,2.09,1.4,1.84,0.96,31.43,0,0,18-24,Prepaid_Monthly,Mid_Range,4G,2026-06-16
SUB5962140,0.3,4.01,0.35,0.32,55.36,0,0,25-34,Postpaid_Basic,5G_Device,3G,2026-06-26
SUB3799487,2.45,0.24,0.29,0.2,32.62,1,0,45-54,Prepaid_Daily,Mid_Range,3G,2026-06-21
SUB3904941,1.47,1.91,0.13,0.1,96.27,0,1,18-24,Prepaid_Daily,5G_Device,4G,2026-06-24
SUB8983441,0.76,1.46,0.17,0.37,89.83,1,0,18-24,Prepaid_Monthly,Premium_Smartphone,4G,2026-06-08
SUB6320385,3.35,4.26,0.64,1.01,106.53,0,0,25-34,Prepaid_Daily,5G_Device,5G,2026-06-19
SUB3100021,0.5,0.89,0.1,0.63,53.04,0,0,25-34,Prepaid_Daily,5G_Device,4G,2026-06-20
SUB7928040,1.86,1.72,0.26,0.72,87.06,0,0,25-34,Prepaid_Monthly,Premium_Smartphone,4G,2026-06-08
SUB1618467,0.44,0.33,0.5,0.44,98.72,0,1,45-54,Prepaid_Monthly,Premium_Smartphone,4G,2026-06-18
SUB6333152,5.41,6.0,0.49,0.08,93.61,0,0,18-24,Postpaid_Premium,5G_Device,4G,2026-06-07
SUB8328141,1.64,0.8,0.29,0.26,38.43,0,1,35-44,Prepaid_Daily,Mid_Range,4G,2026-06-22
SUB6072148,0.07,0.35,0.29,0.51,21.13,1,1,25-34,Postpaid_Premium,Basic_Phone,3G,2026-06-13
SUB2707923,2.84,4.86,0.92,0.22,40.71,0,0,25-34,Postpaid_Unlimited,Mid_Range,5G,2026-06-19
SUB6134207,0.27,0.15,0.51,0.49,81.48,0,0,55+,Postpaid_Premium,Premium_Smartphone,4G,2026-07-02
SUB9516999,1.46,1.44,0.23,0.1,41.69,0,1,18-24,Prepaid_Daily,Mid_Range,4G,2026-06-11
SUB7730886,0.85,1.04,0.02,0.31,41.81,0,0,35-44,Prepaid_Monthly,Mid_Range,4G,2026-06-19
SUB6853584,2.2,1.2,0.29,0.77,57.49,0,1,25-34,Postpaid_Premium,Mid_Range,4G,2026-06-09
SUB9170528,1.82,6.0,0.18,0.16,143.83,1,1,25-34,Postpaid_Unlimited,Mid_Range,5G,2026-06-25
SUB5301754,0.35,1.1,0.07,0.84,41.86,0,0,45-54,Postpaid_Unlimited,Mid_Range,4G,2026-07-04
SUB3269042,1.11,1.43,0.31,0.81,88.75,0,0,45-54,Prepaid_Monthly,Mid_Range,5G,2026-06-17
SUB2983509,0.58,0.94,0.06,0.17,73.17,1,0,45-54,Postpaid_Basic,Mid_Range,4G,2026-07-01
SUB8740141,1.57,6.0,0.55,1.0,149.14,1,0,35-44,Postpaid_Unlimited,Premium_Smartphone,5G,2026-06-26
SUB1116381,2.26,1.49,0.4,0.1,56.93,0,0,18-24,Postpaid_Premium,Mid_Range,4G+,2026-06-21
SUB2521701,0.41,0.16,0.77,0.02,44.2,0,0,35-44,Postpaid_Basic,5G_Device,3G,2026-07-01
SUB7105525,0.69,1.28,0.49,0.22,59.51,0,0,35-44,Prepaid_Monthly,Premium_Smartphone,3G,2026-07-03
SUB4438618,0.23,2.02,0.62,0.31,50.05,0,1,18-24,Prepaid_Daily,Mid_Range,3G,2026-06-10
SUB8913697,0.19,0.18,0.08,0.01,42.23,1,0,25-34,Postpaid_Basic,Mid_Range,3G,2026-07-04
SUB3457184,3.28,1.38,0.71,0.05,91.53,0,0,45-54,Postpaid_Premium,Premium_Smartphone,4G,2026-06-29
SUB5103022,2.39,1.75,0.42,0.35,44.71,0,0,25-34,Postpaid_Unlimited,Basic_Phone,5G,2026-06-15
SUB2418175,5.66,1.25,0.8,0.01,97.32,0,0,25-34,Postpaid_Unlimited,5G_Device,4G+,2026-06-12
SUB4806688,2.11,2.04,0.11,0.0,33.01,0,0,45-54,Prepaid_Monthly,Mid_Range,4G,2026-06-16
SUB8265795,4.71,2.8,1.59,1.4,106.67,0,0,18-24,Postpaid_Premium,Premium_Smartphone,5G,2026-06-20
SUB4772962,2.08,3.36,0.86,0.09,113.27,1,0,18-24,Prepaid_Monthly,Tablet,5G,2026-07-06
SUB5041776,2.81,1.22,0.1,0.18,73.85,0,0,35-44,Postpaid_Premium,Premium_Smartphone,4G,2026-06-11
SUB3727423,3.22,1.63,2.26,0.03,126.66,1,0,25-34,Postpaid_Premium,5G_Device,5G,2026-06-30
SUB6709840,0.42,1.65,0.42,2.53,73.1,0,1,35-44,Prepaid_Monthly,5G_Device,4G,2026-06-22
SUB6130397,0.66,6.0,0.04,0.31,131.65,0,0,18-24,Prepaid_Monthly,5G_Device,5G,2026-06-24
SUB4451356,0.35,2.43,1.2,0.04,105.87,0,1,25-34,Prepaid_Daily,5G_Device,4G,2026-06-09
SUB4444084,0.95,1.39,0.03,0.17,29.89,0,0,18-24,Prepaid_Daily,Mid_Range,4G,2026-06-26
SUB3927109,1.93,1.92,0.91,1.01,109.98,1,0,55+,Postpaid_Unlimited,Mid_Range,5G,2026-06-28
SUB7979451,0.22,0.85,0.33,0.84,30.45,1,0,25-34,Prepaid_Daily,Mid_Range,3G,2026-06-22
SUB9519981,0.26,0.59,0.23,2.34,135.79,0,0,25-34,Prepaid_Daily,Tablet,5G,2026-06-18
SUB8778484,0.83,0.73,0.5,0.0,34.83,0,1,18-24,Prepaid_Monthly,Mid_Range,3G,2026-06-13
SUB9503902,8.0,5.12,0.6,0.29,40.52,0,1,18-24,Postpaid_Unlimited,Mid_Range,4G,2026-06-20
SUB7214624,2.88,3.13,0.03,0.15,56.81,0,0,25-34,Prepaid_Monthly,5G_Device,4G,2026-07-04
SUB5842611,0.38,1.13,0.2,0.74,25.19,0,1,18-24,Prepaid_Daily,Mid_Range,3G,2026-06-11
SUB7357182,2.0,0.76,1.45,0.42,83.2,0,0,25-34,Postpaid_Premium,Premium_Smartphone,4G,2026-06-12
SUB5335868,2.75,1.84,2.36,0.96,152.17,0,1,25-34,Prepaid_Monthly,5G_Device,4G+,2026-06-28
SUB3215167,0.25,0.57,0.01,0.04,48.28,0,0,45-54,Prepaid_Monthly,Premium_Smartphone,3G,2026-06-10
SUB4886402,1.61,6.0,0.98,0.11,85.96,1,0,35-44,Postpaid_Premium,Premium_Smartphone,3G,2026-06-28
SUB7545535,1.43,6.0,0.86,0.93,107.39,0,0,25-34,Prepaid_Monthly,Premium_Smartphone,5G,2026-06-12
SUB7842385,6.42,2.06,2.03,0.01,96.76,1,0,18-24,Postpaid_Unlimited,Premium_Smartphone,4G,2026-06-15
SUB1688105,0.58,0.89,0.37,0.44,61.7,0,1,35-44,Postpaid_Basic,Mid_Range,4G,2026-06-29
SUB2989173,3.1,1.46,0.18,0.67,60.3,0,0,35-44,Postpaid_Basic,Premium_Smartphone,4G,2026-06-23
SUB4080761,0.03,0.24,0.15,0.05,16.68,0,0,18-24,Prepaid_Monthly,Basic_Phone,4G,2026-07-02
SUB2414466,1.06,0.46,0.37,0.53,63.03,1,0,55+,Postpaid_Premium,Premium_Smartphone,4G,2026-06-25
SUB1445101,3.45,6.0,0.03,0.18,113.04,0,0,18-24,Postpaid_Basic,Premium_Smartphone,5G,2026-06-07
SUB9106609,0.19,0.69,0.06,0.13,38.09,0,0,18-24,Prepaid_Daily,Mid_Range,3G,2026-06-29
SUB8413023,2.77,3.16,0.06,0.63,77.86,0,0,18-24,Prepaid_Monthly,Premium_Smartphone,4G+,2026-06-16
SUB8613269,0.37,0.98,0.34,0.09,93.23,1,0,55+,Postpaid_Basic,Premium_Smartphone,3G,2026-06-13
SUB2105534,3.7,2.22,0.01,0.75,60.7,1,0,25-34,Postpaid_Premium,Mid_Range,5G,2026-06-11
SUB5353127,0.32,1.4,0.9,1.49,78.77,0,0,45-54,Postpaid_Unlimited,Mid_Range,5G,2026-06-17
SUB8315360,8.0,2.48,4.0,2.88,169.16,1,1,18-24,Postpaid_Premium,5G_Device,4G,2026-06-09
SUB9073461,1.71,1.25,0.65,0.29,61.71,0,1,25-34,Postpaid_Basic,5G_Device,3G,2026-06-15
SUB1498863,1.17,3.46,0.36,0.34,97.8,0,1,25-34,Prepaid_Monthly,Premium_Smartphone,4G+,2026-06-29
SUB9756262,0.18,2.88,0.09,0.81,87.39,0,0,45-54,Postpaid_Premium,Premium_Smartphone,5G,2026-06-07
SUB3676188,2.55,2.05,1.35,2.62,91.79,0,0,18-24,Postpaid_Unlimited,Premium_Smartphone,4G,2026-06-22
SUB4295990,0.25,1.17,0.21,0.03,44.67,0,0,18-24,Postpaid_Basic,5G_Device,3G,2026-06-11
SUB8782937,2.38,1.1,0.2,0.11,82.83,0,0,18-24,Prepaid_Daily,Mid_Range,4G+,2026-06-08
SUB7526818,0.7,1.99,0.36,0.0,113.07,1,0,45-54,Prepaid_Daily,5G_Device,4G,2026-06-27
SUB6491590,0.49,4.2,1.15,0.65,95.63,1,0,25-34,Prepaid_Monthly,Premium_Smartphone,4G,2026-06-17
SUB7512440,0.35,2.2,0.8,0.0,71.4,0,0,25-34,Postpaid_Basic,Premium_Smartphone,4G+,2026-06-21
SUB7099628,3.17,1.49,4.0,6.0,127.26,1,0,25-34,Postpaid_Unlimited,Premium_Smartphone,4G,2026-07-01
SUB7555968,0.53,0.24,0.18,0.0,47.85,0,1,55+,Prepaid_Monthly,Mid_Range,4G,2026-06-22
SUB3699015,1.39,1.73,0.01,1.84,140.47,1,0,45-54,Prepaid_Monthly,Premium_Smartphone,5G,2026-06-26
SUB9837590,1.19,0.75,0.06,0.17,48.25,0,0,35-44,Postpaid_Basic,Mid_Range,5G,2026-06-11
SUB2172622,1.67,0.2,1.05,0.28,43.51,1,0,25-34,Postpaid_Unlimited,Mid_Range,3G,2026-06-29
SUB3503771,4.12,1.28,1.83,0.77,90.09,0,0,18-24,Prepaid_Monthly,Premium_Smartphone,4G+,2026-06-15
SUB4177825,0.09,0.39,0.02,0.46,72.36,0,0,55+,Prepaid_Monthly,Mid_Range,4G+,2026-06-24
SUB1996161,0.26,0.61,0.22,0.22,61.02,0,0,25-34,Prepaid_Daily,Mid_Range,4G,2026-06-11
SUB5183839,2.25,3.15,0.7,0.06,97.18,0,0,25-34,Postpaid_Basic,5G_Device,4G,2026-06-12
SUB1666326,8.0,6.0,1.1,2.18,162.51,0,1,25-34,Postpaid_Premium,5G_Device,4G+,2026-06-19
SUB1649150,0.45,0.31,0.03,0.14,74.5,0,0,55+,Prepaid_Monthly,Premium_Smartphone,4G,2026-06-07
SUB4375957,0.82,1.86,0.14,0.84,75.31,0,0,25-34,Postpaid_Basic,5G_Device,4G,2026-06-29
SUB1118834,0.61,4.08,0.51,0.03,93.74,0,0,35-44,Postpaid_Basic,Tablet,5G,2026-07-05
SUB4239576,0.11,2.97,0.78,1.13,144.85,0,0,45-54,Postpaid_Basic,Premium_Smartphone,5G,2026-07-04
SUB6893309,0.88,5.76,0.61,0.32,190.87,0,1,25-34,Prepaid_Daily,5G_Device,5G,2026-06-28
SUB6948540,2.46,1.54,0.27,1.08,60.96,0,0,18-24,Postpaid_Unlimited,Mid_Range,5G,2026-06-20
SUB5249913,0.38,2.25,0.64,0.36,93.99,0,1,55+,Postpaid_Basic,Premium_Smartphone,4G,2026-06-11
SUB5422201,0.45,0.45,0.0,0.01,39.12,0,0,55+,Postpaid_Premium,Basic_Phone,5G,2026-06-12
SUB2079600,0.59,0.14,0.14,0.0,62.1,0,0,45-54,Postpaid_Basic,5G_Device,3G,2026-07-02
SUB4503157,4.81,1.14,1.79,1.61,79.34,0,1,35-44,Postpaid_Unlimited,5G_Device,4G,2026-06-07
SUB9272874,1.09,0.7,0.15,0.19,54.24,0,1,25-34,Postpaid_Basic,Mid_Range,4G,2026-06-17
SUB9849851,0.42,0.88,0.29,0.23,104.77,0,1,55+,Prepaid_Monthly,Premium_Smartphone,4G,2026-06-25
SUB2985588,0.5,0.96,1.28,0.24,79.24,0,0,25-34,Prepaid_Monthly,5G_Device,4G,2026-07-04
SUB9640059,0.43,0.64,0.07,1.3,58.04,0,0,45-54,Prepaid_Monthly,5G_Device,4G,2026-07-06
SUB5197355,0.23,0.17,0.02,0.95,85.83,0,0,55+,Prepaid_Monthly,Mid_Range,5G,2026-06-19
SUB2752683,1.61,3.96,0.23,1.79,65.81,0,0,35-44,Postpaid_Unlimited,5G_Device,4G,2026-06-21
SUB8716868,0.32,0.18,1.17,0.3,36.2,0,0,45-54,Postpaid_Unlimited,Mid_Range,4G,2026-06-30
SUB2004646,0.18,0.41,0.15,0.12,83.91,1,0,45-54,Prepaid_Monthly,Premium_Smartphone,4G,2026-06-18
SUB4867500,0.86,2.58,3.51,0.02,78.57,0,0,18-24,Prepaid_Monthly,Mid_Range,4G+,2026-06-08
SUB1449395,0.08,0.38,0.22,0.0,20.54,0,1,35-44,Prepaid_Daily,Basic_Phone,5G,2026-06-22
SUB6143901,2.08,2.18,0.07,0.82,46.71,0,0,18-24,Postpaid_Unlimited,Mid_Range,3G,2026-06-11
SUB7754350,0.54,1.84,0.28,0.01,61.86,0,0,25-34,Prepaid_Monthly,Mid_Range,4G+,2026-07-01
SUB2260386,0.52,1.15,1.66,0.6,87.56,1,0,18-24,Postpaid_Basic,Premium_Smartphone,3G,2026-07-04
SUB4054390,8.0,0.69,0.83,0.48,61.64,0,0,25-34,Postpaid_Unlimited,Mid_Range,5G,2026-06-19
SUB8019431,1.18,1.45,1.92,0.06,125.15,1,0,45-54,Prepaid_Monthly,5G_Device,4G,2026-06-29
SUB4379569,0.2,0.43,0.04,0.1,53.71,0,1,55+,Postpaid_Premium,Tablet,3G,2026-06-09
SUB3900603,2.61,0.43,0.35,0.51,85.36,1,0,25-34,Prepaid_Monthly,5G_Device,4G,2026-07-06
SUB9611474,4.9,2.75,1.07,2.03,117.86,0,0,25-34,Postpaid_Premium,Premium_Smartphone,5G,2026-07-05
SUB2646711,0.61,0.87,0.98,2.16,119.6,1,0,25-34,Prepaid_Monthly,Premium_Smartphone,4G,2026-06-12
SUB6587774,0.06,0.12,0.18,0.01,25.19,0,0,55+,Prepaid_Monthly,Basic_Phone,4G,2026-07-06
SUB7319707,1.56,0.83,0.7,0.31,77.18,0,0,25-34,Postpaid_Unlimited,Mid_Range,5G,2026-06-19
SUB8967801,1.01,0.79,2.14,0.0,78.32,1,0,35-44,Postpaid_Basic,5G_Device,3G,2026-06-08
SUB2423286,0.19,0.16,0.1,0.05,34.55,0,0,55+,Prepaid_Monthly,Basic_Phone,5G,2026-07-01
SUB4695961,0.64,6.0,0.08,0.3,49.6,0,1,25-34,Prepaid_Monthly,5G_Device,3G,2026-06-21
SUB9217316,0.43,0.43,0.01,0.09,49.74,0,0,55+,Prepaid_Daily,Mid_Range,4G,2026-07-01
SUB4177945,2.57,0.37,0.22,0.07,80.65,0,1,55+,Postpaid_Premium,Mid_Range,5G,2026-06-12
SUB8348340,0.1,0.2,0.0,1.0,98.62,1,0,55+,Prepaid_Monthly,Mid_Range,4G+,2026-06-22
SUB1183062,0.21,1.69,1.68,1.83,125.08,0,0,25-34,Postpaid_Premium,5G_Device,5G,2026-06-28
SUB3841992,1.15,1.47,0.11,1.62,81.77,1,0,25-34,Prepaid_Monthly,Premium_Smartphone,4G,2026-07-01
SUB5294539,1.05,0.27,0.08,0.02,60.94,0,0,45-54,Prepaid_Monthly,Mid_Range,4G+,2026-06-08
SUB7095929,8.0,0.86,0.17,2.18,89.96,0,0,25-34,Postpaid_Premium,Premium_Smartphone,4G,2026-06-30
SUB5944505,0.59,2.39,0.17,0.56,63.58,0,1,35-44,Postpaid_Basic,5G_Device,4G,2026-06-07
SUB1803328,8.0,0.17,0.66,1.07,148.41,0,1,18-24,Postpaid_Unlimited,Premium_Smartphone,4G+,2026-06-07
SUB5062958,0.16,0.22,0.01,0.0,27.63,0,1,18-24,Postpaid_Basic,Basic_Phone,3G,2026-07-04
SUB2043233,0.38,0.4,0.05,0.13,26.05,0,0,25-34,Prepaid_Monthly,Basic_Phone,4G,2026-06-16
SUB7468703,2.28,0.56,4.0,1.57,172.15,1,1,35-44,Postpaid_Basic,5G_Device,4G+,2026-06-27
SUB1529525,0.18,0.22,1.11,0.03,38.76,0,0,25-34,Prepaid_Daily,Premium_Smartphone,3G,2026-06-15
SUB1176615,0.63,1.13,3.84,0.06,122.55,1,1,35-44,Prepaid_Monthly,5G_Device,4G,2026-06-22
SUB5381932,0.56,0.52,0.18,0.04,47.49,0,0,25-34,Prepaid_Monthly,Premium_Smartphone,3G,2026-06-21
SUB7665088,0.77,0.63,0.05,0.3,20.84,0,1,35-44,Postpaid_Premium,Basic_Phone,4G+,2026-07-01
SUB8474447,0.58,0.22,0.18,0.12,36.97,0,1,35-44,Prepaid_Daily,Mid_Range,4G,2026-07-06
SUB5601020,0.86,1.55,0.49,0.55,117.41,0,1,25-34,Prepaid_Monthly,Premium_Smartphone,4G,2026-06-20
SUB4699391,1.05,0.41,0.47,0.06,34.44,1,0,25-34,Prepaid_Monthly,Mid_Range,4G,2026-06-14
SUB9929860,0.43,0.83,0.01,0.02,78.6,0,0,18-24,Prepaid_Daily,Tablet,4G,2026-06-07
SUB8006454,0.32,0.2,0.3,0.03,85.28,1,0,25-34,Prepaid_Daily,Mid_Range,5G,2026-07-01
SUB4612610,0.24,1.84,0.28,0.14,63.98,0,0,35-44,Prepaid_Monthly,Premium_Smartphone,4G,2026-06-10
SUB8031883,2.22,1.22,0.5,0.3,51.71,0,0,25-34,Prepaid_Monthly,Mid_Range,4G,2026-06-09
SUB3164367,0.6,4.83,0.36,0.01,66.3,1,0,25-34,Prepaid_Daily,Mid_Range,5G,2026-06-18
SUB1144356,0.15,0.4,0.05,0.01,63.23,0,0,35-44,Prepaid_Daily,Premium_Smartphone,3G,2026-06-19
SUB9744220,2.54,0.35,1.32,0.26,117.79,0,0,18-24,Postpaid_Premium,Premium_Smartphone,5G,2026-06-11
SUB9398043,0.22,0.1,0.02,0.01,19.07,0,0,55+,Postpaid_Premium,Basic_Phone,4G,2026-06-19
SUB2748014,6.84,0.47,0.3,1.85,74.31,0,0,18-24,Postpaid_Basic,Mid_Range,5G,2026-06-29
SUB8156720,1.38,0.17,0.2,0.01,71.92,0,0,55+,Postpaid_Unlimited,Premium_Smartphone,4G,2026-06-29
SUB3288627,5.0,0.77,0.67,0.25,163.31,0,1,25-34,Prepaid_Daily,5G_Device,5G,2026-06-17
SUB7517963,1.52,0.84,0.17,0.12,67.46,0,1,25-34,Prepaid_Monthly,Mid_Range,4G+,2026-06-30
SUB7597519,1.0,6.0,2.73,2.56,102.46,0,0,25-34,Postpaid_Premium,Premium_Smartphone,5G,2026-06-25
SUB1764121,2.16,2.76,0.01,3.28,70.32,0,0,18-24,Postpaid_Basic,Mid_Range,5G,2026-06-11
SUB8068121,4.85,6.0,2.62,1.03,104.53,1,0,25-34,Postpaid_Unlimited,Premium_Smartphone,5G,2026-06-17
SUB4502630,3.11,5.99,0.35,2.48,122.84,0,1,18-24,Postpaid_Unlimited,Premium_Smartphone,4G,2026-06-16
SUB6698848,0.79,0.05,0.2,0.11,51.66,0,0,35-44,Prepaid_Daily,Mid_Range,4G,2026-06-26
SUB2107677,0.78,5.78,0.4,0.1,109.53,0,0,25-34,Postpaid_Unlimited,Premium_Smartphone,5G,2026-07-06
SUB6738852,1.2,1.34,0.0,0.8,54.65,0,0,45-54,Postpaid_Unlimited,Mid_Range,5G,2026-06-17
SUB1288790,0.32,0.79,0.81,0.88,72.48,1,0,18-24,Prepaid_Monthly,Mid_Range,4G,2026-06-20
SUB6084921,1.0,0.34,0.33,0.05,113.75,1,0,55+,Postpaid_Unlimited,Premium_Smartphone,4G,2026-06-25
SUB4693305,1.53,2.2,0.02,0.49,109.26,1,0,25-34,Prepaid_Daily,Premium_Smartphone,4G,2026-06-26
SUB5466271,6.72,3.54,0.95,1.44,112.35,1,0,18-24,Postpaid_Premium,5G_Device,4G,2026-07-06
SUB5385536,1.01,0.64,0.06,0.73,18.32,1,0,25-34,Prepaid_Monthly,Basic_Phone,4G+,2026-06-09
SUB2352695,0.27,1.55,0.84,0.21,124.4,1,0,18-24,Prepaid_Daily,5G_Device,5G,2026-06-19
SUB2589228,0.47,1.55,2.04,0.52,49.34,1,0,18-24,Postpaid_Basic,Mid_Range,4G,2026-06-25
SUB2100567,0.14,2.73,0.03,0.26,56.14,1,1,25-34,Prepaid_Monthly,Mid_Range,3G,2026-07-04
SUB8706358,4.44,6.0,0.77,0.14,61.79,0,0,35-44,Postpaid_Premium,Premium_Smartphone,3G,2026-06-30
SUB1049115,1.08,0.99,0.16,0.0,72.64,0,1,55+,Postpaid_Basic,Premium_Smartphone,4G,2026-06-26
SUB1721747,2.82,3.38,0.66,0.04,74.53,0,0,25-34,Prepaid_Monthly,Tablet,3G,2026-06-14
SUB6392023,0.52,0.11,0.11,0.06,109.66,0,0,55+,Prepaid_Daily,Premium_Smartphone,4G+,2026-06-16
SUB6957515,1.99,0.11,0.36,0.08,40.64,1,0,55+,Postpaid_Basic,Mid_Range,4G,2026-06-20
SUB7232753,2.54,6.0,0.83,0.09,60.04,0,0,45-54,Postpaid_Premium,5G_Device,4G,2026-07-04
SUB6246880,2.07,0.56,0.04,0.0,61.11,0,0,25-34,Postpaid_Basic,Mid_Range,4G,2026-06-07
SUB2404330,1.78,0.91,0.11,0.88,79.04,0,0,18-24,Postpaid_Basic,Mid_Range,5G,2026-06-29
SUB1251492,3.62,4.45,0.83,1.21,196.13,0,1,18-24,Postpaid_Basic,Premium_Smartphone,5G,2026-06-26
SUB5035851,0.05,1.57,0.73,0.78,60.13,0,0,35-44,Prepaid_Monthly,5G_Device,4G,2026-06-20
SUB1491072,1.11,0.58,0.27,0.07,106.21,0,0,25-34,Postpaid_Basic,Premium_Smartphone,4G,2026-07-02
SUB2086880,8.0,6.0,3.62,0.01,140.58,0,1,18-24,Postpaid_Unlimited,Premium_Smartphone,4G+,2026-06-17
SUB3055723,1.82,0.88,0.29,0.18,84.2,0,0,25-34,Postpaid_Premium,Premium_Smartphone,4G,2026-06-20
SUB3248988,1.64,4.12,1.32,0.23,155.18,0,0,18-24,Prepaid_Monthly,Premium_Smartphone,5G,2026-06-19
SUB3976242,0.6,1.62,0.22,0.89,78.82,0,0,35-44,Postpaid_Basic,5G_Device,4G,2026-06-23
SUB5580081,1.77,1.63,0.41,1.47,88.29,0,0,18-24,Postpaid_Basic,Mid_Range,5G,2026-06-14
SUB3648790,0.21,0.79,0.13,1.63,36.28,1,0,35-44,Postpaid_Premium,Mid_Range,4G,2026-06-18
SUB4763024,0.31,1.19,0.32,0.0,63.43,0,0,45-54,Postpaid_Basic,Mid_Range,4G+,2026-06-11
SUB5833177,5.18,2.44,1.15,2.81,123.82,0,0,18-24,Postpaid_Premium,5G_Device,5G,2026-06-27
SUB9272841,2.34,4.62,0.13,0.52,87.95,0,0,25-34,Prepaid_Monthly,Premium_Smartphone,4G,2026-06-13
SUB4353597,0.8,0.2,0.04,0.01,109.74,0,1,45-54,Prepaid_Monthly,Premium_Smartphone,4G,2026-06-24
SUB9454561,0.5,0.52,0.17,0.17,10.26,0,0,25-34,Postpaid_Unlimited,Basic_Phone,3G,2026-06-12
SUB3597480,0.67,2.18,0.02,0.0,48.14,0,0,18-24,Prepaid_Monthly,Mid_Range,4G+,2026-07-06
SUB5197571,0.02,0.38,0.11,0.57,24.43,0,0,25-34,Postpaid_Unlimited,5G_Device,3G,2026-06-27
SUB7374201,3.79,0.12,0.24,0.49,49.33,1,0,35-44,Prepaid_Daily,Mid_Range,3G,2026-06-30
SUB7118900,0.44,1.21,1.91,0.78,100.98,0,0,35-44,Prepaid_Monthly,Premium_Smartphone,4G,2026-06-23
SUB3922097,0.9,0.88,0.78,2.29,62.04,0,0,18-24,Postpaid_Basic,Mid_Range,5G,2026-06-21
SUB1157164,1.63,1.11,0.72,1.88,120.64,1,0,25-34,Postpaid_Premium,Premium_Smartphone,4G,2026-06-29
SUB1531831,1.54,6.0,0.23,2.51,61.05,0,0,25-34,Postpaid_Premium,Premium_Smartphone,4G,2026-07-05
SUB3989475,1.1,0.56,0.55,0.16,93.3,1,0,45-54,Prepaid_Daily,5G_Device,4G+,2026-06-27
SUB4369720,0.09,1.85,0.15,0.07,71.67,0,0,25-34,Prepaid_Monthly,Mid_Range,5G,2026-06-15
SUB5711075,0.36,0.7,0.48,0.21,64.98,0,0,45-54,Postpaid_Basic,Premium_Smartphone,4G,2026-06-26
SUB8122313,3.44,2.29,0.14,0.82,71.12,1,0,25-34,Prepaid_Monthly,Premium_Smartphone,3G,2026-06-29
SUB7854500,1.77,2.08,0.81,0.37,49.34,0,0,35-44,Prepaid_Monthly,5G_Device,4G,2026-06-22
SUB3640328,1.05,1.28,0.05,1.05,60.55,1,0,25-34,Postpaid_Basic,Premium_Smartphone,4G,2026-07-02
SUB8326434,3.19,6.0,2.01,0.08,76.13,1,1,35-44,Postpaid_Basic,Mid_Range,4G,2026-06-25
SUB6063778,5.65,2.49,1.23,3.03,75.8,0,1,25-34,Prepaid_Monthly,Premium_Smartphone,4G,2026-06-07
SUB4970001,0.44,0.99,0.07,0.05,51.41,0,0,45-54,Prepaid_Daily,Premium_Smartphone,4G,2026-06-08
SUB1070640,1.87,5.65,1.39,0.2,82.65,0,0,25-34,Prepaid_Monthly,5G_Device,4G,2026-06-23
SUB5122263,0.47,0.14,0.8,0.0,79.83,0,0,25-34,Prepaid_Daily,Mid_Range,5G,2026-06-24
SUB5594877,0.12,6.0,0.69,0.29,52.53,1,0,25-34,Postpaid_Basic,Mid_Range,4G,2026-06-09
SUB2355531,1.92,2.02,0.79,0.51,128.58,0,0,45-54,Postpaid_Premium,5G_Device,4G+,2026-06-10
SUB1675510,0.13,3.6,0.32,0.68,82.31,1,1,35-44,Prepaid_Daily,5G_Device,4G,2026-06-12
SUB4741196,0.34,2.21,0.2,1.45,61.12,1,0,25-34,Prepaid_Daily,Mid_Range,4G,2026-07-05
SUB7990102,0.07,0.06,0.05,0.2,39.26,0,1,35-44,Prepaid_Daily,Basic_Phone,4G,2026-06-28
SUB3734296,1.92,1.88,0.1,1.11,83.93,0,0,35-44,Postpaid_Premium,Mid_Range,5G,2026-07-02
SUB7706024,0.15,0.16,0.0,0.09,34.55,0,0,55+,Prepaid_Daily,Mid_Range,4G,2026-06-18
SUB1898320,0.58,2.16,0.8,0.0,56.38,0,1,45-54,Postpaid_Unlimited,Mid_Range,4G,2026-06-30
SUB6781565,1.23,0.07,0.38,0.16,27.2,0,0,35-44,Prepaid_Monthly,Mid_Range,4G,2026-06-15
SUB3007635,2.33,2.23,1.92,0.47,69.92,0,0,25-34,Prepaid_Monthly,5G_Device,4G,2026-06-09
SUB4264908,0.02,0.31,0.05,0.01,29.8,1,0,45-54,Prepaid_Daily,Basic_Phone,4G+,2026-06-16
SUB5260538,1.37,2.23,0.4,0.21,62.54,0,1,35-44,Postpaid_Basic,Premium_Smartphone,3G,2026-07-04
SUB7486460,1.64,1.44,0.33,0.03,164.2,0,1,55+,Postpaid_Basic,Premium_Smartphone,5G,2026-06-08
SUB7197323,1.03,1.91,0.7,0.88,145.23,0,0,18-24,Postpaid_Basic,Premium_Smartphone,5G,2026-06-10
SUB4621581,0.59,3.18,1.18,0.92,66.48,1,0,18-24,Prepaid_Monthly,Premium_Smartphone,4G,2026-06-20
SUB5246238,1.5,1.3,2.67,2.17,68.58,0,0,18-24,Prepaid_Monthly,Premium_Smartphone,4G+,2026-06-22
SUB6963135,1.6,1.24,0.02,0.03,71.06,0,0,35-44,Prepaid_Monthly,5G_Device,4G,2026-07-02
SUB9814131,0.21,0.15,0.12,0.32,101.53,0,0,55+,Prepaid_Monthly,5G_Device,4G,2026-06-10
SUB4599865,0.91,0.93,0.05,0.18,24.19,0,1,18-24,Prepaid_Monthly,Basic_Phone,4G,2026-06-25
SUB6382287,0.51,0.94,0.07,0.07,50.66,0,0,35-44,Postpaid_Premium,Basic_Phone,5G,2026-06-25
SUB8990340,0.3,2.78,1.57,0.12,92.58,0,1,35-44,Prepaid_Monthly,5G_Device,4G+,2026-06-22
SUB2039458,1.35,0.65,0.29,0.49,98.44,0,0,35-44,Prepaid_Monthly,Premium_Smartphone,4G,2026-06-12
SUB4772811,0.62,0.4,0.39,0.04,74.83,0,0,25-34,Prepaid_Monthly,Tablet,4G+,2026-06-22
SUB3317336,0.59,0.34,0.28,0.36,61.93,0,0,45-54,Prepaid_Daily,Mid_Range,4G+,2026-06-29
SUB3763642,2.12,2.16,0.34,0.94,40.93,1,0,18-24,Postpaid_Basic,Mid_Range,4G,2026-06-18
SUB8689684,0.06,1.05,1.1,0.19,119.27,1,0,45-54,Prepaid_Monthly,Premium_Smartphone,4G,2026-07-03
SUB4788340,0.64,2.68,1.08,0.34,54.15,0,1,25-34,Prepaid_Daily,Mid_Range,4G,2026-06-29
SUB1197775,0.5,4.29,0.44,0.82,120.01,0,1,25-34,Postpaid_Unlimited,Premium_Smartphone,5G,2026-06-24
SUB3386488,2.2,6.0,0.01,0.05,27.8,0,0,45-54,Prepaid_Monthly,5G_Device,3G,2026-07-04
SUB1787494,0.73,1.04,0.15,0.01,126.77,0,0,25-34,Prepaid_Monthly,Premium_Smartphone,5G,2026-06-21
SUB6851244,1.25,1.48,0.83,2.33,84.99,1,0,18-24,Postpaid_Premium,Mid_Range,4G+,2026-06-30
SUB6332660,1.7,4.5,1.48,0.2,151.08,1,0,35-44,Prepaid_Daily,Premium_Smartphone,5G,2026-07-04
SUB7837433,8.0,3.29,0.5,4.72,137.87,1,1,25-34,Postpaid_Unlimited,Premium_Smartphone,5G,2026-06-28
SUB6083769,1.53,1.56,0.16,0.41,140.16,0,0,25-34,Prepaid_Monthly,Premium_Smartphone,5G,2026-07-06
SUB1533636,5.64,1.59,1.65,0.45,100.47,0,1,25-34,Postpaid_Basic,Premium_Smartphone,5G,2026-06-14
SUB5232406,5.64,2.17,0.61,1.55,78.65,1,0,18-24,Postpaid_Premium,Premium_Smartphone,4G,2026-06-28
SUB3276360,2.41,3.19,0.89,0.15,82.57,0,0,25-34,Postpaid_Unlimited,Premium_Smartphone,4G,2026-07-06
SUB5408249,0.73,0.79,1.84,0.09,28.39,0,1,18-24,Postpaid_Basic,Premium_Smartphone,3G,2026-06-23
SUB5426219,0.45,0.26,0.12,0.19,80.24,0,0,55+,Postpaid_Basic,Premium_Smartphone,4G,2026-06-24
SUB9914438,0.82,1.71,0.98,0.03,51.11,1,0,18-24,Postpaid_Basic,Mid_Range,4G,2026-06-19
SUB2332397,0.51,0.7,0.31,0.07,81.26,0,1,25-34,Prepaid_Monthly,Premium_Smartphone,4G,2026-06-21
SUB8517836,1.95,4.18,1.22,0.29,183.67,1,0,18-24,Postpaid_Premium,Premium_Smartphone,5G,2026-06-27
SUB7646705,0.32,0.45,0.2,0.13,13.54,0,0,18-24,Prepaid_Daily,Basic_Phone,4G,2026-06-20
SUB6462810,2.83,0.81,0.3,1.26,101.4,0,0,35-44,Postpaid_Basic,5G_Device,5G,2026-06-11
SUB9905921,1.39,1.15,0.14,1.95,65.58,0,0,35-44,Postpaid_Basic,Mid_Range,5G,2026-06-24
SUB7903836,1.36,1.06,0.1,0.09,31.65,0,0,18-24,Postpaid_Unlimited,Basic_Phone,4G+,2026-06-08
SUB7243669,0.61,1.27,0.73,3.41,95.85,0,1,18-24,Postpaid_Basic,Premium_Smartphone,4G,2026-07-04
SUB2286643,1.42,1.53,1.5,1.61,69.06,1,0,18-24,Postpaid_Premium,Mid_Range,4G,2026-06-12
SUB9315390,0.74,0.52,0.23,0.6,138.61,0,1,45-54,Prepaid_Daily,Premium_Smartphone,5G,2026-06-13
SUB7200646,1.62,1.71,0.06,0.01,97.49,1,0,35-44,Prepaid_Daily,Premium_Smartphone,4G,2026-06-13
SUB7983896,4.74,1.36,0.7,0.3,73.08,0,0,18-24,Postpaid_Basic,Mid_Range,5G,2026-06-25
SUB9783148,0.96,1.91,0.22,0.03,113.46,0,0,25-34,Postpaid_Basic,Tablet,4G+,2026-06-30
SUB6409861,1.47,0.83,0.12,1.9,40.3,0,0,35-44,Postpaid_Basic,Mid_Range,4G,2026-07-06
SUB5939003,1.96,3.05,0.22,0.85,84.73,1,0,45-54,Postpaid_Premium,Premium_Smartphone,4G,2026-06-09
SUB7311326,0.71,1.15,0.85,0.29,116.25,1,0,55+,Prepaid_Monthly,5G_Device,4G,2026-06-17
SUB6146386,0.86,0.56,2.76,0.03,62.64,0,0,25-34,Postpaid_Basic,Premium_Smartphone,4G+,2026-07-03
SUB9415398,1.07,0.25,0.06,0.98,52.54,0,0,18-24,Prepaid_Daily,Tablet,3G,2026-06-14
SUB1448345,0.28,1.16,0.33,0.08,63.69,0,0,18-24,Prepaid_Monthly,5G_Device,3G,2026-06-18
SUB8827494,0.04,0.33,0.08,0.21,45.95,0,0,45-54,Prepaid_Daily,5G_Device,4G,2026-06-11
SUB4685501,0.49,0.48,0.23,0.11,100.45,0,0,55+,Postpaid_Premium,Mid_Range,5G,2026-06-15
SUB2879490,0.33,2.16,0.81,0.02,146.74,0,0,25-34,Postpaid_Basic,Premium_Smartphone,5G,2026-06-23
SUB5984445,0.68,1.5,1.34,0.3,46.39,0,0,25-34,Prepaid_Monthly,5G_Device,4G,2026-06-10
SUB7939705,1.0,6.0,1.05,1.51,89.24,0,0,25-34,Postpaid_Basic,5G_Device,4G,2026-06-08
SUB8002587,3.36,2.98,0.18,0.07,124.92,0,1,25-34,Prepaid_Monthly,5G_Device,4G,2026-06-17
SUB7742471,1.65,6.0,3.86,1.74,187.26,0,1,25-34,Postpaid_Premium,5G_Device,5G,2026-06-11
SUB2454908,0.08,0.06,0.88,1.74,86.95,1,0,35-44,Postpaid_Basic,Premium_Smartphone,4G,2026-06-18
SUB4319144,0.61,0.25,0.3,0.14,15.39,0,1,18-24,Prepaid_Daily,Basic_Phone,4G,2026-06-12
SUB9693670,3.54,2.86,1.91,1.27,79.68,0,0,25-34,Postpaid_Unlimited,Mid_Range,5G,2026-06-25
SUB6806466,1.06,0.91,0.75,0.88,88.14,0,1,35-44,Prepaid_Daily,Mid_Range,4G+,2026-06-16
SUB6744588,1.5,1.4,1.27,0.17,73.4,1,0,18-24,Postpaid_Premium,Mid_Range,4G,2026-07-04
SUB6304509,1.13,0.61,0.18,0.25,34.84,0,0,18-24,Prepaid_Monthly,Mid_Range,4G,2026-07-02
SUB8668216,0.47,0.25,0.22,0.0,31.34,0,1,25-34,Prepaid_Monthly,Basic_Phone,4G,2026-07-02
SUB5949499,0.31,1.82,0.94,0.69,52.73,1,1,45-54,Postpaid_Premium,Mid_Range,4G,2026-06-17
SUB3387312,0.72,1.97,0.57,0.2,99.73,1,0,45-54,Prepaid_Daily,Tablet,5G,2026-07-04
SUB4693976,2.35,0.07,0.14,0.72,59.21,0,0,18-24,Postpaid_Unlimited,Mid_Range,4G,2026-07-03
SUB7062903,1.78,0.56,3.21,0.58,67.82,0,0,25-34,Prepaid_Monthly,Mid_Range,5G,2026-06-24
SUB5408224,0.94,2.47,0.69,0.69,81.52,0,0,25-34,Prepaid_Monthly,Premium_Smartphone,4G,2026-07-02
SUB5035493,3.94,0.94,0.02,0.67,70.33,1,0,35-44,Postpaid_Basic,5G_Device,4G,2026-07-03
SUB6703737,0.47,0.79,0.33,0.15,59.24,0,1,35-44,Prepaid_Daily,Mid_Range,5G,2026-06-23
SUB2871403,1.23,1.17,0.02,0.0,58.07,0,0,45-54,Postpaid_Basic,Mid_Range,4G,2026-06-18
SUB6747372,2.91,2.72,0.57,0.36,84.57,1,1,25-34,Postpaid_Unlimited,Mid_Range,4G,2026-06-17
SUB5848287,0.27,0.58,0.04,0.07,64.36,0,0,55+,Postpaid_Premium,Mid_Range,4G+,2026-06-27
SUB6658796,0.56,0.19,0.04,0.0,58.53,0,1,55+,Prepaid_Monthly,Basic_Phone,5G,2026-06-18
SUB1821052,6.23,1.57,0.34,0.61,103.19,1,1,45-54,Postpaid_Premium,Premium_Smartphone,4G+,2026-06-16
SUB3225300,0.76,6.0,1.25,0.92,69.28,0,0,35-44,Postpaid_Unlimited,5G_Device,4G,2026-06-10
SUB2855567,0.55,0.43,0.36,0.17,110.81,0,1,25-34,Prepaid_Daily,Premium_Smartphone,4G,2026-06-23
SUB2534837,0.61,0.41,0.04,0.15,40.48,0,0,25-34,Postpaid_Basic,Mid_Range,4G+,2026-07-06
SUB4338442,0.7,1.13,0.16,0.43,33.46,0,0,18-24,Prepaid_Monthly,Mid_Range,4G,2026-06-07
SUB5926203,1.81,6.0,0.73,0.25,49.75,1,0,18-24,Postpaid_Unlimited,Mid_Range,4G+,2026-06-30
SUB1423570,2.92,0.44,0.16,0.57,84.48,0,0,35-44,Postpaid_Premium,Mid_Range,4G+,2026-06-07
SUB3373139,0.61,2.69,0.92,0.47,137.54,0,0,35-44,Postpaid_Premium,Premium_Smartphone,5G,2026-07-06
SUB6221816,1.16,1.03,0.24,0.24,46.14,0,0,55+,Postpaid_Unlimited,5G_Device,3G,2026-07-01
SUB3114792,0.76,0.89,0.01,0.0,13.28,0,0,18-24,Prepaid_Monthly,Basic_Phone,4G+,2026-06-30
SUB9441136,4.46,0.51,0.1,0.27,193.66,1,0,18-24,Prepaid_Daily,Tablet,5G,2026-06-12
SUB2873421,0.71,3.33,0.1,0.06,169.7,1,0,45-54,Prepaid_Monthly,5G_Device,5G,2026-06-25
SUB7550670,1.47,3.54,0.27,0.01,98.33,0,0,25-34,Prepaid_Monthly,Mid_Range,5G,2026-06-23
SUB7081950,0.06,2.03,0.26,0.21,47.47,0,0,18-24,Postpaid_Basic,Mid_Range,4G,2026-06-21
SUB7925877,0.25,0.21,0.22,0.01,50.73,0,1,55+,Postpaid_Premium,Mid_Range,4G,2026-06-14
SUB6967106,0.91,0.79,0.39,0.11,92.88,1,0,45-54,Prepaid_Monthly,Premium_Smartphone,4G,2026-06-10
SUB6118922,0.17,1.71,0.03,0.02,37.29,0,0,25-34,Postpaid_Basic,Mid_Range,3G,2026-06-07
SUB8177545,1.0,0.62,0.85,0.04,78.82,0,0,45-54,Postpaid_Premium,Mid_Range,5G,2026-06-29
SUB6122783,8.0,2.12,0.25,0.72,97.2,0,0,35-44,Prepaid_Monthly,5G_Device,4G,2026-06-11
SUB6528983,0.38,0.3,0.14,0.18,40.24,0,1,45-54,Prepaid_Monthly,Mid_Range,4G,2026-06-21
SUB1160775,0.21,0.07,0.03,0.05,47.76,0,0,45-54,Postpaid_Basic,Mid_Range,4G,2026-07-01
SUB8349369,1.08,0.7,1.3,0.09,55.64,0,0,18-24,Prepaid_Monthly,5G_Device,3G,2026-07-01
SUB3667867,0.56,1.41,1.23,1.12,113.59,0,0,35-44,Postpaid_Unlimited,5G_Device,5G,2026-06-30
SUB7655623,0.85,0.67,0.09,0.27,77.24,0,0,18-24,Prepaid_Monthly,Mid_Range,5G,2026-06-07
SUB8686841,0.36,2.07,0.69,0.01,48.07,0,1,18-24,Postpaid_Premium,Mid_Range,4G,2026-06-12
SUB7978737,7.98,0.95,0.61,0.03,94.91,0,0,55+,Postpaid_Basic,Premium_Smartphone,5G,2026-06-07
SUB2344027,0.61,2.93,0.11,0.24,71.49,0,0,25-34,Prepaid_Daily,5G_Device,4G,2026-06-29
SUB5166500,0.82,0.4,0.15,0.23,154.42,0,1,35-44,Prepaid_Daily,Tablet,5G,2026-06-09
SUB8467048,0.73,0.38,0.31,0.31,29.92,0,0,45-54,Prepaid_Monthly,Mid_Range,4G,2026-06-20
SUB8884479,0.29,0.49,0.23,0.13,71.3,0,0,55+,Prepaid_Daily,Premium_Smartphone,4G,2026-06-08
SUB1497562,0.99,0.42,0.19,0.06,45.92,0,0,45-54,Prepaid_Monthly,Mid_Range,4G,2026-06-16
SUB5578238,0.48,4.17,1.13,0.38,53.52,0,0,25-34,Postpaid_Basic,5G_Device,3G,2026-06-16
SUB5037776,2.7,1.31,0.35,1.97,49.14,0,1,25-34,Postpaid_Basic,Mid_Range,4G+,2026-06-20
SUB5010912,0.8,0.31,0.03,0.11,83.14,0,1,18-24,Postpaid_Basic,Mid_Range,4G+,2026-07-04
SUB5511732,0.65,1.05,0.97,0.74,67.05,0,1,25-34,Prepaid_Daily,Mid_Range,5G,2026-06-07
SUB6562067,1.09,1.34,3.04,0.26,62.38,1,0,25-34,Postpaid_Basic,Mid_Range,4G,2026-07-06
SUB6237196,1.95,0.3,0.09,0.02,60.76,0,0,35-44,Prepaid_Monthly,Mid_Range,4G,2026-07-01
SUB5885211,0.41,2.72,0.17,0.45,28.11,0,1,35-44,Postpaid_Unlimited,Basic_Phone,5G,2026-06-10
SUB7126319,0.74,0.79,0.07,0.08,41.59,0,0,55+,Postpaid_Unlimited,Mid_Range,4G,2026-06-13
SUB2600396,0.24,1.82,1.91,0.68,80.55,0,0,35-44,Postpaid_Premium,Mid_Range,4G+,2026-06-22
SUB4311149,1.31,1.15,0.19,2.18,82.28,0,1,35-44,Postpaid_Premium,5G_Device,4G,2026-06-12
SUB9511010,0.5,0.76,0.08,0.14,46.03,0,0,25-34,Prepaid_Daily,Mid_Range,4G,2026-07-05
SUB3496081,2.62,1.1,0.05,0.83,114.17,1,1,18-24,Prepaid_Daily,5G_Device,4G+,2026-06-17
SUB1575278,1.12,4.83,0.08,0.14,96.79,0,1,25-34,Postpaid_Premium,Premium_Smartphone,4G+,2026-06-15
SUB6187480,0.35,0.67,0.21,0.29,49.47,0,0,45-54,Prepaid_Monthly,Mid_Range,4G+,2026-06-26
SUB2178049,0.24,0.27,0.08,0.45,18.07,0,0,18-24,Postpaid_Basic,Basic_Phone,4G,2026-06-11
SUB4080201,8.0,1.52,2.42,0.4,176.7,1,1,35-44,Postpaid_Premium,5G_Device,5G,2026-06-20
SUB8136029,1.34,0.82,0.02,0.31,58.79,0,0,35-44,Postpaid_Basic,Mid_Range,4G,2026-06-20
SUB4464442,0.63,1.31,0.04,0.93,73.63,1,0,18-24,Prepaid_Daily,Mid_Range,4G,2026-06-19
SUB4314692,0.86,0.62,0.73,0.27,43.25,0,0,25-34,Prepaid_Monthly,Mid_Range,4G,2026-06-14
SUB5719607,1.12,0.88,0.29,0.82,89.89,1,1,25-34,Prepaid_Daily,Mid_Range,4G+,2026-06-16
SUB7285088,1.14,0.61,0.74,0.25,43.6,0,1,25-34,Postpaid_Premium,Mid_Range,3G,2026-07-06
SUB2110389,0.16,0.98,0.06,2.33,92.51,0,0,45-54,Postpaid_Basic,Tablet,4G,2026-07-06
SUB9416320,2.75,6.0,1.1,0.02,116.74,0,0,35-44,Postpaid_Unlimited,5G_Device,5G,2026-06-20
SUB4912942,0.39,3.14,1.27,0.29,103.91,0,1,35-44,Postpaid_Premium,5G_Device,4G,2026-06-12
SUB9501424,0.52,0.83,0.12,0.08,62.05,0,1,45-54,Prepaid_Daily,Mid_Range,4G,2026-07-06
SUB8468810,0.81,0.62,0.3,0.04,75.45,0,1,35-44,Prepaid_Daily,Tablet,3G,2026-06-29
SUB2635156,0.9,0.04,0.6,0.19,145.65,0,1,55+,Postpaid_Basic,Premium_Smartphone,4G+,2026-06-14
SUB9523838,7.45,1.02,0.82,0.41,49.36,0,0,18-24,Postpaid_Unlimited,5G_Device,4G,2026-07-03
SUB6001045,4.12,2.2,0.16,0.49,200.0,1,0,35-44,Prepaid_Monthly,Premium_Smartphone,5G,2026-06-12
SUB5463418,6.38,0.37,0.53,0.78,54.79,1,0,25-34,Postpaid_Premium,Mid_Range,4G,2026-06-09
SUB5345760,0.96,0.65,0.27,0.84,65.56,1,1,25-34,Prepaid_Monthly,5G_Device,3G,2026-06-08
SUB8153768,1.55,1.18,3.49,0.57,77.38,1,0,18-24,Prepaid_Monthly,Premium_Smartphone,4G,2026-06-18
SUB4251298,0.49,1.12,0.27,1.35,44.57,0,0,35-44,Postpaid_Unlimited,Tablet,3G,2026-07-05
SUB5465150,2.96,0.38,0.41,0.12,30.08,0,0,18-24,Prepaid_Daily,Mid_Range,3G,2026-06-12
SUB9389012,1.17,4.23,1.94,0.59,81.78,1,0,18-24,Postpaid_Premium,Tablet,4G,2026-06-19
SUB8249903,0.92,0.41,0.05,0.07,102.36,0,1,55+,Prepaid_Daily,Mid_Range,5G,2026-06-18
SUB5897590,1.12,3.57,0.49,0.13,87.21,0,0,45-54,Postpaid_Premium,Mid_Range,5G,2026-06-20
SUB7189573,0.78,1.81,1.11,1.58,100.09,1,0,35-44,Postpaid_Premium,Premium_Smartphone,5G,2026-06-14
SUB2323483,0.12,0.52,1.25,6.0,69.62,0,0,45-54,Postpaid_Unlimited,Premium_Smartphone,4G+,2026-06-15
SUB2722320,0.04,0.65,0.01,0.07,98.89,0,0,55+,Prepaid_Daily,Premium_Smartphone,5G,2026-06-26
SUB3332517,0.28,1.1,0.06,0.0,39.52,0,0,35-44,Prepaid_Daily,Premium_Smartphone,3G,2026-06-16
SUB4196340,0.69,1.47,0.12,0.12,37.59,1,0,18-24,Postpaid_Basic,Basic_Phone,4G,2026-06-07
SUB9551881,0.27,0.45,0.02,0.32,67.96,1,0,45-54,Prepaid_Monthly,Premium_Smartphone,3G,2026-07-03
SUB6387408,1.85,0.74,1.7,0.63,80.55,1,0,35-44,Postpaid_Basic,Mid_Range,5G,2026-06-24
SUB6692493,0.36,0.86,0.0,0.62,41.1,0,0,25-34,Postpaid_Basic,Premium_Smartphone,3G,2026-06-26
SUB9247752,0.42,0.88,0.1,0.17,44.7,0,1,25-34,Prepaid_Daily,Mid_Range,3G,2026-06-17
SUB2087341,0.43,0.94,1.49,0.0,38.85,0,1,25-34,Postpaid_Premium,Mid_Range,3G,2026-06-22
SUB7195200,0.8,0.59,0.19,0.14,122.08,1,0,55+,Postpaid_Premium,Tablet,4G+,2026-07-06
SUB4977266,0.34,4.55,0.77,1.39,14.84,0,0,25-34,Postpaid_Unlimited,Basic_Phone,5G,2026-06-23
SUB6558956,0.28,0.17,0.21,0.06,87.5,0,0,55+,Prepaid_Monthly,Premium_Smartphone,4G,2026-06-10
SUB4031756,0.11,0.04,0.15,0.0,12.02,0,0,55+,Prepaid_Monthly,Basic_Phone,4G,2026-06-22
SUB1843523,0.03,0.14,0.02,0.03,35.91,0,0,35-44,Prepaid_Daily,Mid_Range,3G,2026-06-10
SUB9934845,0.51,0.92,0.77,0.26,93.13,1,0,35-44,Prepaid_Daily,Premium_Smartphone,4G,2026-06-16
SUB5040479,4.56,0.48,0.93,0.08,73.19,0,1,25-34,Prepaid_Monthly,Mid_Range,4G,2026-06-07
SUB1092193,2.84,2.18,1.0,1.75,121.92,0,1,18-24,Postpaid_Unlimited,Premium_Smartphone,4G,2026-06-16
SUB2186887,1.82,2.58,0.0,1.03,145.0,0,0,18-24,Prepaid_Daily,5G_Device,5G,2026-07-04
SUB9896761,0.49,1.22,0.05,0.86,81.04,0,1,45-54,Prepaid_Monthly,5G_Device,4G,2026-06-13
SUB4334817,0.46,0.33,1.16,1.82,77.71,0,0,25-34,Prepaid_Daily,5G_Device,4G+,2026-06-12
SUB3715514,3.44,2.38,1.78,0.04,67.21,0,1,18-24,Prepaid_Monthly,Premium_Smartphone,4G,2026-06-26
SUB3658571,2.75,1.12,0.24,1.23,112.33,0,0,25-34,Prepaid_Daily,Premium_Smartphone,4G+,2026-06-20
SUB5834357,1.42,0.74,0.36,0.35,188.53,1,0,55+,Postpaid_Basic,Premium_Smartphone,5G,2026-07-03
SUB8102173,1.19,2.36,0.46,1.14,118.0,0,0,25-34,Prepaid_Monthly,Premium_Smartphone,4G+,2026-07-04
SUB5892472,0.53,0.6,0.26,0.04,105.57,0,0,55+,Prepaid_Daily,Premium_Smartphone,5G,2026-06-29
SUB1481680,3.56,2.15,0.14,0.38,100.99,1,1,25-34,Prepaid_Daily,Mid_Range,4G,2026-07-03
SUB6165679,1.99,0.65,0.92,0.57,75.24,1,0,25-34,Postpaid_Basic,Mid_Range,4G,2026-06-18
SUB7180142,2.27,1.07,0.76,0.13,62.12,0,0,18-24,Prepaid_Monthly,Mid_Range,4G,2026-06-12
SUB6287118,1.07,0.45,0.57,0.0,27.45,0,1,25-34,Prepaid_Daily,Basic_Phone,4G,2026-06-23
SUB5100673,1.44,2.25,0.36,0.04,47.5,0,0,35-44,Postpaid_Unlimited,Mid_Range,4G,2026-06-28
SUB2534026,1.51,0.68,0.7,0.79,88.88,0,0,18-24,Prepaid_Monthly,Premium_Smartphone,4G,2026-06-07
SUB9704434,0.01,0.09,0.1,0.03,14.22,1,0,35-44,Postpaid_Basic,Basic_Phone,3G,2026-06-13
SUB4467366,5.74,5.26,0.08,0.59,88.04,0,0,35-44,Postpaid_Unlimited,Premium_Smartphone,4G,2026-07-04
SUB1327359,5.1,1.98,2.53,2.46,153.74,1,0,35-44,Prepaid_Monthly,5G_Device,5G,2026-06-28
SUB1317537,1.05,0.89,0.02,0.02,66.99,0,0,45-54,Postpaid_Premium,Mid_Range,4G+,2026-06-19
SUB7953757,0.83,3.29,0.09,4.48,69.88,0,0,25-34,Postpaid_Unlimited,Mid_Range,5G,2026-06-10
SUB1550222,0.82,0.09,0.19,0.04,15.33,0,0,35-44,Prepaid_Daily,Basic_Phone,4G,2026-07-06
SUB5975026,0.72,0.71,0.37,0.85,94.0,0,0,55+,Postpaid_Unlimited,Premium_Smartphone,4G,2026-06-18
SUB8795134,1.57,0.96,0.26,0.38,77.95,1,0,45-54,Prepaid_Daily,Premium_Smartphone,4G,2026-06-08
SUB3573619,0.66,0.82,0.53,0.08,71.43,0,1,55+,Prepaid_Monthly,Premium_Smartphone,4G,2026-06-08
SUB3453752,2.15,1.14,0.81,0.33,56.02,1,0,25-34,Postpaid_Premium,Mid_Range,4G+,2026-06-26
SUB8265760,1.19,4.33,0.12,0.1,70.1,1,0,45-54,Postpaid_Unlimited,Premium_Smartphone,3G,2026-06-07
SUB2353038,0.89,3.4,0.43,1.43,83.04,0,0,35-44,Postpaid_Premium,5G_Device,4G,2026-07-01
SUB9639483,0.93,0.27,0.2,0.04,36.51,1,1,18-24,Prepaid_Daily,Basic_Phone,5G,2026-06-12
SUB5657693,0.66,2.02,0.06,1.77,93.28,1,0,45-54,Postpaid_Basic,5G_Device,4G,2026-06-16
SUB5264694,5.25,0.53,1.2,0.07,73.76,0,0,35-44,Postpaid_Basic,Premium_Smartphone,4G+,2026-06-14
SUB1707689,0.64,0.45,0.03,0.51,38.85,1,0,18-24,Prepaid_Monthly,Mid_Range,4G,2026-07-03
SUB2296516,2.5,5.82,0.16,0.83,93.33,0,0,18-24,Postpaid_Unlimited,Premium_Smartphone,4G+,2026-06-16
SUB4463351,1.03,0.1,0.09,0.14,30.14,0,0,45-54,Prepaid_Monthly,Basic_Phone,4G,2026-06-18
SUB2854971,0.24,3.32,0.7,0.23,28.45,0,0,18-24,Prepaid_Monthly,Mid_Range,3G,2026-06-25
SUB2849396,4.43,0.83,0.4,0.02,53.08,0,1,18-24,Prepaid_Daily,Mid_Range,4G,2026-06-24
SUB3691276,0.09,0.08,0.01,0.03,10.09,0,0,25-34,Prepaid_Monthly,Basic_Phone,3G,2026-06-16
SUB3526954,0.24,2.23,0.08,0.4,48.42,1,0,18-24,Postpaid_Premium,Mid_Range,4G,2026-06-13
SUB7549546,0.71,0.32,0.19,0.37,121.89,0,0,55+,Prepaid_Monthly,Premium_Smartphone,4G+,2026-06-10
SUB9007407,4.3,2.7,0.02,2.16,116.32,0,0,25-34,Postpaid_Premium,5G_Device,5G,2026-06-20
SUB8385034,0.75,0.77,0.08,0.08,156.47,0,1,35-44,Prepaid_Daily,Premium_Smartphone,5G,2026-06-13
SUB8063410,0.07,0.49,0.55,0.7,65.79,0,1,55+,Prepaid_Monthly,Mid_Range,4G,2026-06-21
SUB9001482,8.0,6.0,0.78,0.07,91.99,0,1,25-34,Postpaid_Premium,Tablet,4G,2026-07-04
SUB2072647,0.5,0.54,0.04,0.27,50.83,0,0,25-34,Prepaid_Daily,Mid_Range,4G,2026-06-25
SUB2631107,1.06,0.39,0.13,0.14,30.41,0,1,45-54,Postpaid_Basic,Mid_Range,3G,2026-07-03
SUB6106563,1.12,1.6,0.65,0.57,76.51,0,0,25-34,Postpaid_Premium,Premium_Smartphone,4G,2026-06-08
SUB9234679,8.0,2.05,0.04,1.6,82.88,0,0,25-34,Postpaid_Basic,Premium_Smartphone,4G,2026-06-07
SUB7463768,0.22,0.72,0.04,0.19,44.21,0,0,35-44,Postpaid_Basic,Mid_Range,4G,2026-06-17
SUB6606594,0.19,1.6,0.59,0.18,105.38,1,0,45-54,Postpaid_Premium,Premium_Smartphone,4G,2026-06-23
SUB2950367,0.41,5.44,0.62,0.51,56.72,0,1,45-54,Postpaid_Unlimited,Mid_Range,4G+,2026-07-01
SUB2910705,0.63,0.48,0.21,0.16,65.13,1,0,55+,Prepaid_Daily,Premium_Smartphone,3G,2026-06-17
SUB2601596,5.98,0.3,0.66,0.01,70.7,0,0,45-54,Postpaid_Premium,Premium_Smartphone,3G,2026-06-14
SUB4791481,7.11,0.42,0.26,0.19,156.83,0,1,45-54,Prepaid_Daily,5G_Device,5G,2026-06-27
SUB6123122,1.89,1.05,0.07,0.35,174.24,1,0,45-54,Prepaid_Daily,5G_Device,5G,2026-07-06
SUB8757202,2.43,1.1,0.03,0.33,76.28,0,0,18-24,Prepaid_Monthly,Premium_Smartphone,4G+,2026-06-20
SUB7348564,3.22,4.41,1.31,0.87,30.03,0,0,25-34,Postpaid_Unlimited,Mid_Range,4G,2026-06-25
SUB5150276,0.11,0.98,0.0,1.14,110.71,0,1,35-44,Postpaid_Basic,Premium_Smartphone,4G,2026-06-26
SUB6723601,0.48,1.72,0.12,0.01,60.99,0,1,35-44,Prepaid_Monthly,Mid_Range,4G+,2026-06-12
SUB6354075,0.69,1.3,1.49,0.09,77.86,0,0,18-24,Prepaid_Daily,Tablet,4G+,2026-07-01
SUB6279548,1.35,1.54,0.75,0.55,200.0,1,1,25-34,Postpaid_Unlimited,5G_Device,4G+,2026-06-08
SUB3382357,1.08,0.77,0.02,0.42,56.15,0,1,25-34,Prepaid_Monthly,Mid_Range,4G+,2026-07-03
SUB8904069,4.02,1.72,0.05,0.24,46.23,0,0,35-44,Prepaid_Monthly,5G_Device,3G,2026-06-28
SUB3245131,0.72,1.22,0.28,0.49,68.02,0,0,45-54,Postpaid_Unlimited,Mid_Range,4G+,2026-06-07
SUB5246049,0.1,0.08,0.03,0.12,41.18,1,1,55+,Postpaid_Basic,Basic_Phone,4G+,2026-06-09
SUB9480473,0.66,1.04,0.08,0.4,120.51,0,1,45-54,Prepaid_Daily,Premium_Smartphone,4G,2026-06-25
SUB6455770,3.58,0.66,0.49,0.12,95.2,1,0,45-54,Prepaid_Monthly,Mid_Range,5G,2026-07-06
SUB2072200,8.0,6.0,1.32,0.13,134.13,1,0,25-34,Postpaid_Unlimited,5G_Device,5G,2026-07-04
SUB3906158,1.0,1.44,0.33,1.19,69.88,1,1,25-34,Postpaid_Unlimited,Mid_Range,4G,2026-06-25
SUB2222869,1.05,1.89,0.82,1.38,126.08,0,1,25-34,Prepaid_Daily,5G_Device,4G,2026-06-24
SUB4125354,0.93,1.29,0.39,1.62,153.93,1,0,35-44,Prepaid_Monthly,Premium_Smartphone,4G+,2026-06-18
SUB5782883,0.16,4.23,0.32,0.73,92.07,0,1,18-24,Prepaid_Daily,5G_Device,4G,2026-07-02
SUB7501632,0.69,3.07,0.78,0.36,41.41,0,0,35-44,Postpaid_Basic,Mid_Range,4G,2026-07-04
SUB4982588,1.59,1.33,1.71,0.33,132.96,0,1,35-44,Postpaid_Premium,Premium_Smartphone,4G,2026-06-25
SUB9083123,1.9,2.64,0.08,0.02,54.18,0,1,25-34,Prepaid_Monthly,5G_Device,4G,2026-06-13
SUB7160686,8.0,1.69,1.01,0.36,131.77,1,0,55+,Postpaid_Premium,Premium_Smartphone,5G,2026-06-29
SUB1635605,0.44,2.81,0.7,1.86,51.83,1,0,35-44,Postpaid_Premium,Mid_Range,4G,2026-06-27
SUB8479821,6.49,3.16,0.01,2.64,96.09,1,0,18-24,Postpaid_Premium,Premium_Smartphone,4G,2026-06-17
SUB5583897,0.87,4.21,0.24,1.02,88.74,0,0,25-34,Postpaid_Unlimited,Tablet,4G+,2026-06-15
SUB8413718,2.57,2.25,0.08,0.01,68.79,0,0,35-44,Prepaid_Monthly,Premium_Smartphone,4G+,2026-06-17
SUB1067661,1.51,1.59,0.04,0.44,46.05,0,0,25-34,Prepaid_Monthly,Premium_Smartphone,3G,2026-06-17
SUB7859991,3.91,5.58,3.58,1.57,168.28,0,1,18-24,Postpaid_Premium,5G_Device,5G,2026-07-05
SUB8585153,1.22,1.06,0.06,0.08,26.14,0,0,35-44,Postpaid_Premium,Mid_Range,4G,2026-07-02
SUB6914988,1.43,0.2,0.04,0.07,156.79,1,1,55+,Prepaid_Daily,Tablet,4G,2026-06-15
SUB7558221,8.0,6.0,3.88,1.36,116.49,1,0,25-34,Postpaid_Premium,Premium_Smartphone,4G,2026-06-08
SUB2307506,0.71,0.47,0.08,0.01,52.9,0,1,55+,Prepaid_Daily,Mid_Range,4G,2026-07-04
SUB3901614,0.04,0.33,0.01,0.05,8.64,0,0,45-54,Prepaid_Daily,Basic_Phone,4G,2026-06-12
SUB3966422,0.07,0.3,0.26,0.13,34.78,0,0,18-24,Prepaid_Daily,Mid_Range,3G,2026-07-02
SUB4708654,3.51,3.81,2.11,0.04,165.48,1,1,35-44,Postpaid_Unlimited,Premium_Smartphone,4G,2026-07-01
SUB8315436,0.41,1.72,0.62,0.25,94.34,0,0,25-34,Postpaid_Basic,Premium_Smartphone,5G,2026-06-29
SUB1118033,1.76,2.53,0.24,0.15,82.27,1,0,25-34,Prepaid_Daily,5G_Device,3G,2026-06-27
SUB6872354,3.42,0.87,0.57,2.2,64.64,0,0,35-44,Postpaid_Unlimited,5G_Device,4G,2026-06-08
SUB2215502,0.78,0.25,0.05,0.31,31.06,0,0,35-44,Postpaid_Premium,Mid_Range,3G,2026-06-22
SUB3319049,4.56,1.51,0.13,0.4,92.78,1,0,18-24,Postpaid_Premium,Premium_Smartphone,4G,2026-06-19
SUB7292518,0.77,0.66,0.02,0.08,48.25,0,0,55+,Prepaid_Monthly,Premium_Smartphone,3G,2026-06-08
SUB8587768,1.47,0.2,0.13,0.06,42.93,0,0,45-54,Prepaid_Daily,Mid_Range,4G,2026-07-05
SUB4720464,0.96,1.24,0.18,0.2,174.98,0,1,55+,Postpaid_Basic,Premium_Smartphone,5G,2026-06-09
SUB3192614,0.8,1.5,0.49,2.15,55.34,0,0,25-34,Postpaid_Premium,Mid_Range,5G,2026-07-03
SUB1770173,0.06,0.1,0.04,0.04,46.55,0,0,55+,Postpaid_Basic,Basic_Phone,5G,2026-06-29
SUB6642264,0.02,0.13,0.71,0.08,14.52,0,0,25-34,Postpaid_Basic,Basic_Phone,4G,2026-06-27
SUB1467010,3.08,6.0,0.25,1.99,98.93,1,0,18-24,Postpaid_Premium,5G_Device,4G+,2026-06-23
SUB2655016,0.44,1.19,0.63,0.09,45.4,0,0,45-54,Prepaid_Monthly,Premium_Smartphone,4G,2026-06-14
SUB5221038,0.14,0.37,0.1,0.91,31.28,0,0,35-44,Postpaid_Premium,Premium_Smartphone,3G,2026-06-14
SUB9376430,1.58,0.71,1.32,0.43,95.51,0,1,35-44,Prepaid_Monthly,Premium_Smartphone,4G+,2026-07-05
SUB4880993,0.81,0.67,0.54,0.27,30.29,0,0,25-34,Prepaid_Daily,Mid_Range,3G,2026-06-22
SUB3568103,3.47,1.28,0.02,0.04,84.49,0,0,18-24,Prepaid_Monthly,Mid_Range,4G+,2026-06-22
SUB9469872,2.22,1.24,0.02,0.39,41.87,0,0,35-44,Postpaid_Premium,Mid_Range,4G,2026-07-02
SUB9411883,1.11,1.58,0.97,0.06,33.33,0,1,25-34,Postpaid_Unlimited,Mid_Range,3G,2026-06-17
SUB7482532,1.22,1.28,0.77,0.66,166.0,0,1,35-44,Prepaid_Monthly,5G_Device,4G+,2026-06-24
SUB6196467,2.85,1.24,0.18,0.19,86.96,1,0,25-34,Prepaid_Daily,Premium_Smartphone,3G,2026-06-19
SUB6952793,0.13,0.03,0.2,0.01,65.44,1,0,55+,Prepaid_Daily,Mid_Range,4G,2026-06-20
SUB9961343,0.5,0.73,0.11,0.02,22.24,0,1,35-44,Postpaid_Unlimited,Basic_Phone,4G,2026-06-13
SUB3000609,1.28,4.17,0.22,1.58,115.46,0,0,35-44,Postpaid_Premium,Premium_Smartphone,5G,2026-06-21
SUB3697143,0.9,0.55,0.01,0.17,52.94,0,1,55+,Postpaid_Unlimited,Premium_Smartphone,3G,2026-06-23
SUB2314532,1.24,1.62,0.66,0.45,131.04,0,0,35-44,Postpaid_Unlimited,Premium_Smartphone,5G,2026-06-16
SUB1421240,2.85,2.75,1.09,0.07,91.75,1,1,18-24,Prepaid_Monthly,Mid_Range,5G,2026-07-04
SUB1944789,0.6,0.63,0.18,0.17,58.34,0,0,18-24,Prepaid_Daily,Premium_Smartphone,3G,2026-06-09
SUB3213573,0.11,1.86,0.25,0.29,100.33,0,0,35-44,Postpaid_Basic,Mid_Range,5G,2026-06-30
SUB9914501,2.29,1.74,0.18,0.46,138.55,0,1,25-34,Prepaid_Daily,5G_Device,4G+,2026-06-21
SUB3255363,0.41,0.29,0.23,0.07,49.36,1,0,35-44,Prepaid_Daily,Basic_Phone,4G+,2026-06-11
SUB9375741,0.14,0.9,0.31,0.74,44.13,1,0,18-24,Prepaid_Monthly,Mid_Range,4G,2026-06-07
SUB6056861,8.0,5.66,0.31,0.57,180.41,1,1,25-34,Postpaid_Premium,Premium_Smartphone,5G,2026-06-12
SUB7436446,0.64,0.33,0.79,0.08,69.91,0,0,25-34,Postpaid_Basic,Mid_Range,5G,2026-07-06
SUB5148887,0.65,1.02,0.19,0.44,99.26,0,1,55+,Prepaid_Monthly,Premium_Smartphone,4G+,2026-06-19
SUB4668866,1.48,0.77,0.41,0.99,64.67,0,1,35-44,Postpaid_Basic,Mid_Range,4G,2026-06-25
SUB5612338,0.13,0.02,0.03,0.01,18.66,0,1,55+,Prepaid_Daily,Basic_Phone,4G,2026-06-27
SUB2033255,0.6,0.38,0.09,0.04,54.88,0,0,55+,Postpaid_Premium,5G_Device,3G,2026-06-23
SUB8082212,3.89,0.68,1.51,0.47,75.8,1,1,18-24,Postpaid_Premium,Mid_Range,4G,2026-06-25
SUB9202787,0.17,0.48,0.29,0.24,48.58,0,1,25-34,Prepaid_Monthly,Mid_Range,3G,2026-06-16
SUB5989847,2.13,0.49,0.15,0.13,107.51,1,0,45-54,Postpaid_Basic,Mid_Range,5G,2026-06-15
SUB9929285,0.03,0.13,0.39,0.36,72.86,1,0,45-54,Postpaid_Basic,5G_Device,3G,2026-06-30
SUB8643603,0.84,1.9,0.23,2.24,130.81,1,0,25-34,Prepaid_Daily,Premium_Smartphone,5G,2026-06-16
SUB4094235,1.08,0.05,0.09,0.19,114.88,1,1,55+,Prepaid_Monthly,Tablet,3G,2026-06-22
SUB6986126,1.72,1.97,4.0,6.0,133.75,0,1,18-24,Postpaid_Unlimited,5G_Device,4G,2026-07-06
SUB3859653,1.4,0.94,0.11,0.47,64.15,0,0,25-34,Prepaid_Daily,5G_Device,4G,2026-06-30
SUB1387952,3.97,2.08,0.56,0.18,88.77,0,1,35-44,Postpaid_Basic,Premium_Smartphone,5G,2026-06-14
SUB2030117,8.0,2.84,1.85,0.27,110.43,0,1,25-34,Postpaid_Premium,5G_Device,4G,2026-06-15
SUB3896818,0.19,0.88,0.2,0.39,51.81,1,0,18-24,Prepaid_Monthly,Mid_Range,4G,2026-06-19
SUB3357821,1.79,1.33,1.0,1.31,56.77,1,0,25-34,Prepaid_Monthly,5G_Device,3G,2026-06-29
SUB9913742,7.08,0.63,0.3,6.0,60.9,0,0,18-24,Postpaid_Unlimited,5G_Device,3G,2026-06-19
SUB6584263,1.71,6.0,0.26,0.27,137.11,1,0,35-44,Prepaid_Monthly,Premium_Smartphone,4G,2026-06-25
SUB1244761,1.62,1.36,0.73,0.31,66.67,1,0,45-54,Postpaid_Premium,Mid_Range,4G,2026-06-16
SUB9386180,0.04,2.27,0.33,0.01,51.47,0,1,45-54,Postpaid_Premium,Premium_Smartphone,3G,2026-06-27
SUB1064323,2.52,1.67,1.42,2.06,85.58,0,0,35-44,Postpaid_Premium,Premium_Smartphone,4G,2026-06-08
SUB2237715,4.7,4.76,0.53,0.02,190.5,0,1,25-34,Postpaid_Unlimited,Premium_Smartphone,5G,2026-06-29
SUB9040979,0.54,2.72,0.16,0.01,91.78,0,1,25-34,Postpaid_Premium,Tablet,4G,2026-06-27
SUB1954480,1.39,3.2,0.31,0.44,120.07,0,1,18-24,Postpaid_Premium,Premium_Smartphone,4G,2026-06-26
SUB7681134,1.02,1.52,0.01,0.15,18.25,0,1,25-34,Postpaid_Unlimited,Basic_Phone,3G,2026-06-09
SUB1854016,2.39,2.87,0.77,1.03,111.46,0,1,18-24,Postpaid_Unlimited,Premium_Smartphone,4G,2026-06-25
SUB6347417,3.84,1.7,0.41,2.4,111.73,0,1,45-54,Postpaid_Unlimited,Premium_Smartphone,4G,2026-07-06
SUB6809701,0.6,0.66,0.04,0.03,95.06,0,0,55+,Postpaid_Premium,5G_Device,5G,2026-06-16
SUB9671370,0.29,0.53,0.43,0.39,85.56,0,0,25-34,Prepaid_Daily,Premium_Smartphone,4G+,2026-06-19
SUB3883427,0.67,0.53,0.17,0.0,21.66,0,0,35-44,Postpaid_Premium,Basic_Phone,4G,2026-06-30
SUB2416012,0.15,0.21,0.82,0.64,46.3,0,0,18-24,Prepaid_Daily,Mid_Range,5G,2026-06-24
SUB6752810,0.83,0.43,0.1,0.11,89.56,0,0,35-44,Prepaid_Monthly,Mid_Range,5G,2026-06-28
SUB1571650,0.39,1.29,0.33,0.65,59.76,0,0,35-44,Prepaid_Daily,Mid_Range,4G,2026-06-30
SUB5476576,0.33,2.58,2.71,4.16,67.55,0,1,25-34,Postpaid_Unlimited,5G_Device,3G,2026-07-05
SUB9774533,1.45,1.11,0.16,0.97,33.57,0,1,18-24,Prepaid_Monthly,Mid_Range,4G,2026-07-05
SUB3863793,0.53,1.89,0.01,0.99,57.2,1,0,45-54,Postpaid_Premium,Mid_Range,4G,2026-07-05
SUB5909047,0.88,1.12,0.19,0.37,99.01,1,0,35-44,Postpaid_Basic,5G_Device,4G,2026-07-03
SUB7881289,0.26,1.08,0.05,0.24,51.71,1,1,45-54,Prepaid_Daily,Mid_Range,3G,2026-06-12
SUB8422212,0.02,0.15,0.07,0.14,46.1,0,0,45-54,Postpaid_Basic,Basic_Phone,5G,2026-06-29
SUB4757974,0.35,3.34,0.85,0.23,102.02,0,0,55+,Postpaid_Premium,Premium_Smartphone,5G,2026-06-24
SUB9791689,0.83,1.6,0.32,0.73,34.07,0,0,18-24,Postpaid_Unlimited,Mid_Range,4G,2026-07-04
SUB8211179,0.75,1.76,0.18,0.02,76.24,0,0,18-24,Prepaid_Daily,Premium_Smartphone,4G,2026-06-22
SUB9767500,2.53,0.81,1.73,0.51,130.38,1,1,25-34,Prepaid_Monthly,5G_Device,5G,2026-07-06
SUB5199591,1.01,5.33,1.51,1.7,111.86,0,0,18-24,Postpaid_Premium,5G_Device,4G+,2026-06-10
SUB6500545,0.2,0.52,0.2,0.08,42.58,1,0,25-34,Prepaid_Daily,Basic_Phone,5G,2026-06-17
SUB9291923,0.14,0.2,0.82,0.08,25.65,0,0,35-44,Prepaid_Monthly,Mid_Range,3G,2026-06-19
SUB4154240,0.61,0.71,0.41,0.08,66.36,0,0,35-44,Prepaid_Monthly,Premium_Smartphone,4G,2026-06-30
SUB8796324,0.18,3.53,3.05,0.48,49.61,0,0,25-34,Postpaid_Premium,Mid_Range,4G+,2026-06-21
SUB9112074,0.6,1.32,0.3,0.15,84.34,0,0,55+,Prepaid_Monthly,Premium_Smartphone,5G,2026-06-10
SUB3190222,1.26,0.44,0.06,0.09,5.53,1,0,18-24,Postpaid_Basic,Basic_Phone,3G,2026-07-02
SUB3719269,4.57,6.0,3.26,0.16,143.2,0,0,25-34,Postpaid_Unlimited,Premium_Smartphone,5G,2026-06-30
SUB8235574,8.0,4.67,3.28,0.18,92.11,1,0,35-44,Postpaid_Premium,5G_Device,4G,2026-06-10
SUB6672354,1.64,0.22,0.05,0.35,85.53,1,0,45-54,Prepaid_Monthly,Tablet,4G,2026-06-18
SUB6205597,3.1,2.1,4.0,0.68,126.46,1,0,25-34,Postpaid_Basic,5G_Device,4G,2026-06-08
SUB6284958,0.62,0.48,0.25,0.12,35.76,0,1,18-24,Prepaid_Monthly,Basic_Phone,5G,2026-06-08
SUB1786667,0.54,1.67,0.18,0.06,107.39,0,1,35-44,Prepaid_Daily,Premium_Smartphone,4G,2026-06-20
SUB2712503,2.93,1.03,0.39,0.08,97.17,0,1,18-24,Prepaid_Monthly,Premium_Smartphone,4G,2026-06-27
SUB4609736,1.95,0.91,0.73,0.02,105.22,0,1,18-24,Prepaid_Monthly,5G_Device,5G,2026-06-10
SUB9060833,0.58,5.25,0.39,1.26,132.69,0,0,35-44,Postpaid_Basic,5G_Device,5G,2026-06-22
SUB7638155,1.21,2.63,1.88,0.16,95.51,1,1,25-34,Postpaid_Unlimited,Tablet,4G,2026-06-25
SUB2384418,0.69,2.96,0.98,2.18,88.56,0,1,25-34,Postpaid_Unlimited,5G_Device,4G,2026-06-17
SUB1386594,2.36,0.82,0.14,0.06,37.19,0,0,25-34,Prepaid_Daily,Premium_Smartphone,3G,2026-06-21
SUB3869760,0.2,0.53,0.46,0.65,90.27,1,0,55+,Postpaid_Basic,Premium_Smartphone,4G,2026-06-21
SUB2092501,0.64,0.65,0.16,0.35,97.11,1,0,55+,Prepaid_Daily,Tablet,4G,2026-06-25
SUB6238331,1.08,0.72,0.36,0.97,55.28,0,0,25-34,Postpaid_Basic,Premium_Smartphone,3G,2026-06-26
SUB9525631,0.88,1.27,0.21,0.07,90.34,0,0,25-34,Prepaid_Daily,5G_Device,4G,2026-06-30
SUB2135964,8.0,3.68,0.5,4.52,92.78,1,0,25-34,Postpaid_Unlimited,5G_Device,4G+,2026-06-08
SUB3155748,5.92,5.76,1.23,0.6,117.88,1,1,25-34,Postpaid_Unlimited,Premium_Smartphone,4G+,2026-06-10
SUB4925282,0.98,0.65,0.39,0.54,47.88,0,0,25-34,Prepaid_Daily,Mid_Range,4G,2026-06-13
SUB1873172,0.78,1.57,0.14,0.04,58.38,0,1,35-44,Postpaid_Premium,Mid_Range,4G,2026-06-19
SUB9910852,0.12,3.12,0.0,0.08,74.44,1,0,25-34,Postpaid_Basic,Mid_Range,4G,2026-07-03
SUB6655378,0.35,2.29,1.66,0.47,74.52,1,0,25-34,Postpaid_Basic,Premium_Smartphone,3G,2026-07-01
SUB5873594,6.16,1.16,0.08,0.98,97.74,0,0,18-24,Postpaid_Basic,Premium_Smartphone,5G,2026-06-29
SUB5063309,2.6,6.0,0.89,0.0,131.92,0,0,25-34,Postpaid_Premium,Premium_Smartphone,5G,2026-06-09
SUB7941245,3.3,1.15,0.59,0.1,99.4,1,0,25-34,Postpaid_Unlimited,Premium_Smartphone,4G+,2026-06-08
SUB8817304,4.91,6.0,1.32,1.14,96.83,0,1,25-34,Postpaid_Premium,Tablet,4G+,2026-07-06
SUB1829735,2.34,0.72,0.26,0.04,60.73,0,1,35-44,Postpaid_Basic,Mid_Range,4G+,2026-06-30
SUB8021862,1.32,1.72,0.21,0.02,41.33,0,0,35-44,Postpaid_Premium,5G_Device,3G,2026-07-04
SUB9351245,2.73,6.0,2.12,0.7,57.04,0,1,25-34,Postpaid_Unlimited,Mid_Range,4G+,2026-06-29
SUB6282591,3.59,0.17,0.22,0.08,88.69,0,0,35-44,Prepaid_Monthly,Premium_Smartphone,4G,2026-06-20
SUB8483058,0.33,0.59,0.3,0.25,107.39,0,0,25-34,Prepaid_Daily,Premium_Smartphone,4G+,2026-07-05
SUB3562469,8.0,6.0,0.11,1.16,124.88,1,1,18-24,Postpaid_Premium,5G_Device,4G,2026-07-04
SUB4086176,1.97,1.1,0.18,0.04,72.67,0,0,35-44,Postpaid_Unlimited,Premium_Smartphone,4G,2026-06-24
SUB7509590,3.39,0.82,0.43,0.12,41.5,1,0,25-34,Prepaid_Daily,Mid_Range,3G,2026-06-25
SUB6345854,0.63,0.41,0.02,0.02,38.49,0,0,35-44,Prepaid_Monthly,Mid_Range,3G,2026-06-07
SUB8490200,2.96,0.29,0.49,0.02,108.59,1,0,35-44,Prepaid_Daily,Mid_Range,5G,2026-06-27
SUB5883680,2.25,0.23,0.04,0.13,40.85,0,0,55+,Postpaid_Premium,Mid_Range,4G+,2026-07-05
SUB4681262,1.65,0.71,0.55,0.19,127.84,1,0,55+,Postpaid_Unlimited,Premium_Smartphone,4G,2026-07-06
SUB5633078,2.62,2.08,1.0,0.88,68.56,1,0,18-24,Postpaid_Basic,Premium_Smartphone,3G,2026-07-03
SUB3609089,0.24,1.33,0.07,0.09,93.09,1,0,55+,Prepaid_Monthly,5G_Device,4G,2026-06-16
SUB3508749,8.0,4.63,2.45,3.2,93.13,1,1,35-44,Postpaid_Unlimited,5G_Device,4G,2026-06-13
SUB1914228,0.64,6.0,0.01,0.07,76.65,0,0,35-44,Prepaid_Daily,Premium_Smartphone,4G,2026-07-02
SUB1953959,0.12,0.25,0.29,0.08,5.0,0,0,18-24,Postpaid_Unlimited,Basic_Phone,3G,2026-06-19
SUB8905477,0.8,1.05,0.37,0.05,72.54,0,0,45-54,Prepaid_Monthly,5G_Device,4G,2026-06-21
SUB4369538,3.62,2.39,0.09,0.54,172.65,1,0,18-24,Postpaid_Basic,Premium_Smartphone,4G+,2026-06-13
SUB1345266,2.05,0.95,0.21,0.57,116.03,0,0,45-54,Postpaid_Basic,Premium_Smartphone,4G+,2026-06-07
SUB5537358,1.74,3.85,1.43,0.01,86.65,0,1,18-24,Postpaid_Basic,Premium_Smartphone,4G,2026-06-19
SUB7867100,2.11,1.76,0.15,0.83,111.63,1,0,35-44,Postpaid_Unlimited,Premium_Smartphone,4G+,2026-07-05
SUB6275034,1.09,6.0,0.26,1.19,120.88,1,0,25-34,Postpaid_Unlimited,5G_Device,4G,2026-06-13
SUB8553974,0.89,6.0,3.17,1.57,200.0,1,1,18-24,Postpaid_Premium,Tablet,5G,2026-07-03
SUB7097091,1.38,3.26,0.77,1.45,136.16,0,0,18-24,Prepaid_Daily,5G_Device,5G,2026-06-23
SUB4177993,2.76,1.82,0.75,0.23,61.16,0,1,25-34,Prepaid_Monthly,5G_Device,3G,2026-06-16
SUB8705092,4.84,1.37,4.0,0.62,105.25,1,1,18-24,Postpaid_Basic,5G_Device,4G,2026-06-18
SUB8583354,0.31,1.07,0.39,0.09,23.91,1,0,25-34,Postpaid_Unlimited,Basic_Phone,4G+,2026-07-04
SUB4131209,1.45,0.63,0.07,0.16,54.86,0,1,35-44,Postpaid_Basic,5G_Device,3G,2026-06-23
SUB6813365,0.23,0.4,0.04,0.18,28.56,0,0,45-54,Postpaid_Unlimited,Basic_Phone,4G,2026-06-23
SUB5057893,1.64,6.0,0.88,0.34,117.34,1,0,35-44,Postpaid_Unlimited,Premium_Smartphone,4G+,2026-06-19
SUB6691276,3.42,0.05,0.08,1.06,48.61,0,1,18-24,Postpaid_Basic,Mid_Range,3G,2026-06-24
SUB6397662,3.48,2.03,0.4,0.32,41.24,0,0,25-34,Postpaid_Unlimited,Mid_Range,4G,2026-06-24
SUB2805468,2.58,1.41,2.58,1.18,92.66,1,0,25-34,Postpaid_Unlimited,Mid_Range,4G+,2026-06-25
SUB4427975,0.66,0.61,0.09,0.15,35.68,0,0,55+,Postpaid_Premium,Mid_Range,4G+,2026-06-11
SUB7356228,5.85,0.05,0.8,0.18,101.94,0,1,45-54,Postpaid_Premium,Mid_Range,4G+,2026-06-14
SUB9514716,0.59,0.37,0.17,0.52,7.39,0,0,25-34,Postpaid_Premium,Basic_Phone,4G,2026-06-15
SUB6525633,0.9,0.28,0.04,0.3,47.84,0,0,18-24,Prepaid_Daily,5G_Device,3G,2026-06-12
SUB3080154,1.0,0.94,0.04,0.61,94.12,0,0,45-54,Postpaid_Basic,5G_Device,5G,2026-06-11
SUB3244702,1.18,1.83,0.2,0.21,92.4,0,0,45-54,Prepaid_Monthly,5G_Device,5G,2026-06-16
SUB4377778,0.87,1.28,0.1,0.77,127.97,0,1,45-54,Prepaid_Daily,5G_Device,4G,2026-06-09
SUB6735193,1.88,6.0,1.57,0.13,171.78,1,0,45-54,Postpaid_Unlimited,5G_Device,4G+,2026-06-08
SUB8726890,1.01,2.36,1.42,0.25,104.55,0,1,25-34,Postpaid_Basic,5G_Device,4G+,2026-06-13
SUB6897498,8.0,1.87,3.6,0.73,97.45,0,0,18-24,Prepaid_Monthly,Premium_Smartphone,5G,2026-06-24
SUB9357956,8.0,1.17,0.25,0.66,68.88,1,0,25-34,Prepaid_Monthly,Premium_Smartphone,3G,2026-07-03
SUB9204298,1.61,2.62,0.81,1.39,67.12,0,1,25-34,Postpaid_Unlimited,5G_Device,3G,2026-06-10
SUB9776957,8.0,1.7,0.39,0.67,69.69,0,0,25-34,Postpaid_Unlimited,Mid_Range,4G,2026-06-26
SUB6843493,0.19,0.31,0.06,1.49,22.56,0,1,25-34,Prepaid_Daily,Basic_Phone,4G,2026-07-04
SUB4386501,1.08,1.91,1.18,0.74,51.43,0,1,25-34,Postpaid_Unlimited,Premium_Smartphone,3G,2026-06-07
SUB8395350,0.13,0.39,0.1,0.14,65.66,1,0,25-34,Prepaid_Monthly,Mid_Range,5G,2026-06-27
SUB5588334,7.77,4.47,0.11,0.25,166.6,0,1,25-34,Postpaid_Premium,Premium_Smartphone,5G,2026-06-20
SUB9464685,0.84,4.1,0.0,0.1,79.67,0,0,18-24,Postpaid_Premium,Mid_Range,5G,2026-07-02
SUB8168362,1.61,2.81,2.3,1.12,94.86,0,1,25-34,Postpaid_Unlimited,5G_Device,4G,2026-06-24
SUB5327819,4.05,0.54,0.32,2.13,85.0,1,0,45-54,Postpaid_Unlimited,Tablet,4G,2026-06-18
SUB8284953,0.28,0.09,0.19,0.15,24.63,0,0,45-54,Prepaid_Monthly,Basic_Phone,4G,2026-06-18
SUB2255564,1.58,0.33,0.54,0.15,88.27,0,0,25-34,Postpaid_Basic,Mid_Range,5G,2026-06-19
SUB9514493,1.45,1.65,0.07,0.22,54.12,1,0,25-34,Prepaid_Monthly,Mid_Range,4G,2026-06-30
SUB9930264,1.05,3.1,0.59,0.62,61.2,0,0,18-24,Postpaid_Basic,Premium_Smartphone,4G,2026-06-16
SUB5424507,0.4,6.0,0.24,0.32,60.15,0,0,35-44,Postpaid_Basic,Mid_Range,4G,2026-06-21
SUB3792427,1.22,4.24,0.12,0.16,99.65,1,0,25-34,Prepaid_Monthly,Premium_Smartphone,4G,2026-06-28
SUB4357679,0.86,0.67,0.11,0.09,62.56,1,0,25-34,Postpaid_Basic,Mid_Range,4G+,2026-07-05
SUB6748035,0.1,0.14,0.05,0.14,36.04,0,0,45-54,Prepaid_Monthly,Mid_Range,3G,2026-06-22
SUB5390020,0.72,3.37,0.56,3.22,102.1,0,1,25-34,Postpaid_Basic,Mid_Range,5G,2026-06-07
SUB3681719,1.78,0.76,0.12,0.2,40.51,0,0,18-24,Postpaid_Premium,Premium_Smartphone,3G,2026-06-16
SUB1890695,0.97,1.86,0.18,0.58,31.28,0,0,18-24,Prepaid_Monthly,Mid_Range,4G,2026-06-07
SUB1838761,0.96,1.46,1.08,0.23,67.62,0,0,25-34,Postpaid_Unlimited,Premium_Smartphone,4G,2026-06-09
SUB8367664,2.61,0.2,0.88,0.21,67.46,0,1,25-34,Prepaid_Daily,Mid_Range,4G+,2026-06-12
SUB9888923,0.07,2.61,0.08,0.11,29.52,0,0,45-54,Postpaid_Basic,Mid_Range,3G,2026-07-04
SUB6352825,0.75,0.51,0.12,0.01,67.73,0,0,25-34,Postpaid_Basic,Mid_Range,4G+,2026-06-29
SUB9887324,1.29,0.39,0.09,1.22,104.28,0,0,35-44,Prepaid_Daily,Premium_Smartphone,5G,2026-07-03
SUB4321127,3.71,6.0,0.71,0.45,161.13,1,1,25-34,Prepaid_Monthly,Premium_Smartphone,5G,2026-06-09
SUB3559272,6.84,4.27,2.3,0.23,125.58,1,0,25-34,Postpaid_Unlimited,5G_Device,4G,2026-06-25
SUB3276106,1.13,3.49,0.12,0.29,48.37,0,0,25-34,Postpaid_Basic,Mid_Range,4G+,2026-07-04
SUB7960534,0.45,0.64,0.05,1.46,19.31,0,1,25-34,Prepaid_Monthly,Basic_Phone,4G,2026-06-09
SUB8374592,0.42,3.1,3.73,0.24,80.66,0,1,25-34,Prepaid_Monthly,Mid_Range,4G,2026-06-23
SUB7575716,0.13,0.64,0.62,1.39,56.22,0,0,25-34,Postpaid_Unlimited,Mid_Range,4G,2026-07-03
SUB3002324,0.66,1.83,2.58,0.26,68.81,1,0,45-54,Prepaid_Monthly,Mid_Range,4G,2026-07-05
SUB7262105,0.27,0.38,0.56,0.36,9.85,0,0,25-34,Postpaid_Unlimited,Basic_Phone,4G,2026-06-14
SUB7671318,0.48,2.2,0.71,0.05,45.71,0,0,18-24,Prepaid_Monthly,Mid_Range,4G+,2026-06-21
SUB1494592,2.58,0.9,0.17,1.08,86.39,0,0,18-24,Postpaid_Basic,Premium_Smartphone,5G,2026-06-15
SUB4578226,4.89,0.97,0.26,0.17,97.4,0,0,18-24,Prepaid_Daily,5G_Device,4G,2026-07-04
SUB7149031,1.32,1.71,0.53,0.48,52.95,0,1,25-34,Postpaid_Premium,Mid_Range,4G,2026-07-05
SUB3427540,0.74,6.0,0.19,1.27,151.73,1,1,18-24,Postpaid_Premium,Premium_Smartphone,5G,2026-06-24
SUB2715630,2.93,2.35,0.21,2.26,174.28,1,1,18-24,Postpaid_Basic,5G_Device,4G,2026-06-13
SUB1318408,1.0,0.33,0.08,0.14,40.47,0,0,25-34,Prepaid_Daily,Mid_Range,4G,2026-06-17
SUB9856884,0.59,1.58,0.02,0.25,86.78,0,0,35-44,Postpaid_Basic,5G_Device,4G,2026-07-06
SUB9900019,0.51,0.5,1.45,2.29,54.91,0,0,18-24,Prepaid_Monthly,Tablet,4G,2026-06-08
SUB4117172,2.17,1.18,1.0,0.09,83.37,0,1,25-34,Prepaid_Monthly,5G_Device,4G,2026-06-18
SUB7304680,2.52,2.02,0.56,0.59,77.93,0,0,35-44,Postpaid_Unlimited,Premium_Smartphone,4G+,2026-06-27
SUB5235042,0.25,0.59,0.15,0.04,70.2,0,0,55+,Postpaid_Premium,Premium_Smartphone,4G+,2026-06-18
SUB2898739,0.76,3.59,2.02,0.48,99.63,0,0,35-44,Prepaid_Monthly,Premium_Smartphone,4G,2026-06-14
SUB2017433,0.35,3.86,1.5,0.28,41.71,0,0,18-24,Postpaid_Unlimited,Mid_Range,4G,2026-07-06
SUB9104010,0.32,2.42,0.12,1.24,91.83,0,0,35-44,Postpaid_Unlimited,5G_Device,5G,2026-06-18
SUB5661029,0.28,0.32,0.61,0.07,89.03,0,0,35-44,Postpaid_Basic,Mid_Range,5G,2026-06-15
SUB4678086,0.89,2.93,0.08,0.11,32.39,0,0,18-24,Postpaid_Basic,5G_Device,3G,2026-06-23
SUB2581530,5.19,1.43,0.33,2.59,56.65,0,0,45-54,Postpaid_Unlimited,Mid_Range,4G,2026-06-12
SUB3087258,0.33,1.52,0.15,0.23,32.76,0,0,25-34,Postpaid_Basic,Basic_Phone,4G,2026-06-30
SUB5856447,0.37,0.64,0.09,0.48,129.14,0,0,55+,Postpaid_Basic,Premium_Smartphone,4G+,2026-06-14
SUB9369066,1.68,0.6,2.93,0.83,140.35,0,0,35-44,Postpaid_Premium,Premium_Smartphone,5G,2026-06-26
SUB7857658,0.02,0.21,0.0,0.11,5.0,0,0,35-44,Prepaid_Monthly,Basic_Phone,3G,2026-06-22
SUB1996530,1.46,3.22,1.59,0.02,99.44,0,0,35-44,Postpaid_Unlimited,Premium_Smartphone,4G+,2026-06-20
SUB3601623,0.4,0.51,0.63,0.4,58.26,0,0,25-34,Postpaid_Basic,Mid_Range,4G+,2026-06-16
SUB7231219,0.9,0.48,1.08,1.7,86.47,0,0,25-34,Postpaid_Basic,Premium_Smartphone,4G,2026-06-16
SUB5108997,1.62,0.21,0.13,0.03,64.28,0,0,45-54,Prepaid_Daily,Mid_Range,5G,2026-06-11
SUB4364695,1.11,0.42,1.03,0.71,64.84,0,0,35-44,Prepaid_Monthly,Mid_Range,5G,2026-06-26
SUB2045482,0.36,0.86,0.25,0.27,74.15,0,1,45-54,Prepaid_Monthly,Mid_Range,5G,2026-06-26
SUB6786265,0.87,5.5,0.26,0.0,104.11,1,0,45-54,Prepaid_Monthly,Mid_Range,5G,2026-06-07
SUB6908635,0.62,1.86,0.36,0.0,72.23,0,1,55+,Postpaid_Premium,Premium_Smartphone,4G,2026-06-27
SUB8487345,0.47,0.59,0.63,0.24,75.79,0,0,35-44,Prepaid_Monthly,Mid_Range,4G+,2026-07-01
SUB1570451,0.27,3.04,0.15,0.05,94.19,0,1,25-34,Prepaid_Daily,5G_Device,4G,2026-06-23
SUB9408424,0.37,1.97,0.42,0.09,26.9,1,0,18-24,Postpaid_Basic,Basic_Phone,3G,2026-06-09
SUB1967344,0.18,0.75,0.07,0.73,40.66,0,0,35-44,Postpaid_Basic,Mid_Range,3G,2026-06-23
SUB3412149,0.28,0.84,0.09,0.31,51.95,1,0,25-34,Prepaid_Daily,Premium_Smartphone,3G,2026-06-18
SUB6398869,1.31,1.22,0.2,0.71,39.91,1,1,25-34,Prepaid_Daily,Basic_Phone,4G,2026-06-25
SUB4352252,3.39,2.17,0.41,0.27,42.28,0,1,18-24,Postpaid_Unlimited,Mid_Range,4G,2026-06-08
SUB4732839,0.39,0.52,0.26,0.12,40.65,0,0,45-54,Prepaid_Daily,Mid_Range,4G+,2026-06-11
SUB8022336,0.02,0.22,0.2,0.09,18.33,0,0,45-54,Postpaid_Unlimited,Basic_Phone,4G+,2026-06-17
SUB6768927,0.7,1.26,2.1,0.27,118.27,0,0,35-44,Prepaid_Monthly,Premium_Smartphone,5G,2026-07-03
SUB3878604,1.76,5.62,0.16,2.81,121.36,1,0,25-34,Postpaid_Premium,Premium_Smartphone,4G+,2026-07-02
SUB5327858,0.05,0.43,0.6,0.03,63.83,0,0,35-44,Prepaid_Daily,Mid_Range,4G,2026-06-10
SUB8433533,5.2,1.86,1.67,0.24,139.2,1,1,35-44,Postpaid_Premium,Premium_Smartphone,4G,2026-06-20
SUB9652831,1.97,4.78,0.13,0.16,76.38,0,0,25-34,Prepaid_Daily,Tablet,4G,2026-06-25
SUB6984684,6.71,6.0,0.32,0.32,77.67,0,1,25-34,Prepaid_Monthly,5G_Device,3G,2026-06-16
SUB3694287,1.79,0.32,0.03,0.16,47.68,1,1,25-34,Prepaid_Monthly,Basic_Phone,4G+,2026-06-26
SUB7511634,1.66,0.85,2.47,0.61,77.49,0,1,35-44,Postpaid_Premium,Mid_Range,5G,2026-06-08
SUB5621056,8.0,1.65,0.08,1.46,107.77,1,1,35-44,Postpaid_Unlimited,Premium_Smartphone,3G,2026-06-27
SUB9976973,1.44,0.33,0.62,0.95,52.9,1,0,25-34,Prepaid_Monthly,Mid_Range,4G,2026-06-15
SUB1703662,0.47,0.14,0.07,0.07,15.73,0,0,55+,Prepaid_Monthly,Basic_Phone,4G,2026-07-01
SUB2305585,0.93,0.38,0.65,0.75,32.89,0,0,18-24,Postpaid_Premium,Mid_Range,3G,2026-07-06
SUB5092097,1.33,0.4,0.12,0.01,7.32,0,0,25-34,Postpaid_Unlimited,Basic_Phone,4G,2026-06-18
SUB3659440,0.95,6.0,0.25,0.08,159.54,0,1,25-34,Postpaid_Basic,Premium_Smartphone,5G,2026-06-25
SUB4943645,4.01,1.68,1.43,2.26,66.91,0,0,18-24,Postpaid_Unlimited,Premium_Smartphone,4G+,2026-07-02
SUB5495013,0.21,0.16,0.19,0.17,35.31,0,0,25-34,Prepaid_Monthly,Basic_Phone,4G+,2026-07-01
SUB7094467,0.48,1.03,0.43,0.21,80.72,0,0,25-34,Prepaid_Daily,Premium_Smartphone,4G,2026-06-17
SUB6517366,0.22,0.85,0.06,0.01,103.89,0,1,25-34,Prepaid_Daily,Premium_Smartphone,4G,2026-06-21
SUB4448678,1.3,2.59,1.97,2.36,160.7,0,1,25-34,Postpaid_Premium,Premium_Smartphone,4G+,2026-07-06
SUB6211593,1.39,0.58,0.63,0.56,135.1,0,0,35-44,Prepaid_Monthly,Tablet,5G,2026-06-25
SUB9370262,1.51,0.91,0.58,0.03,56.36,0,0,25-34,Prepaid_Daily,Tablet,4G,2026-06-18
SUB5846769,1.01,0.84,4.0,0.39,113.53,0,0,18-24,Prepaid_Monthly,Premium_Smartphone,5G,2026-06-20
SUB8449607,0.69,0.42,0.7,0.3,88.27,0,0,45-54,Postpaid_Basic,5G_Device,4G,2026-06-20
SUB5043064,0.61,0.99,0.01,0.03,28.34,0,1,18-24,Prepaid_Daily,Basic_Phone,3G,2026-06-10
SUB3602967,1.32,0.11,0.33,0.05,84.2,1,0,45-54,Prepaid_Daily,Premium_Smartphone,4G+,2026-07-06
SUB4438550,0.34,0.87,0.49,0.13,103.89,0,1,55+,Postpaid_Unlimited,Premium_Smartphone,4G,2026-06-25
SUB1076218,0.73,1.85,0.07,0.67,94.73,0,0,25-34,Prepaid_Monthly,Premium_Smartphone,5G,2026-07-04
SUB7878974,0.38,0.19,0.02,0.02,50.47,0,0,55+,Prepaid_Monthly,Mid_Range,4G,2026-07-05
SUB1770044,0.18,0.35,0.12,0.56,17.85,1,0,45-54,Postpaid_Premium,Basic_Phone,3G,2026-06-08
SUB6579079,1.5,0.6,0.16,0.14,58.44,1,0,55+,Postpaid_Unlimited,Mid_Range,4G,2026-07-01
SUB4185714,4.39,0.89,1.18,1.59,69.98,1,0,35-44,Postpaid_Basic,Premium_Smartphone,3G,2026-06-14
SUB2728096,0.16,2.7,0.74,0.0,82.5,0,1,18-24,Prepaid_Monthly,Tablet,3G,2026-06-13
SUB9736347,0.5,3.28,0.93,0.68,36.32,1,0,45-54,Postpaid_Unlimited,Mid_Range,4G,2026-06-26
SUB9860935,1.29,3.91,1.81,0.87,52.78,0,0,18-24,Postpaid_Basic,5G_Device,4G,2026-06-26
SUB8667105,0.18,0.34,0.07,0.15,10.68,1,0,18-24,Prepaid_Monthly,Basic_Phone,4G+,2026-06-15
SUB3694946,1.33,0.73,1.71,0.41,123.87,0,0,25-34,Postpaid_Basic,5G_Device,5G,2026-07-02
SUB5229215,2.7,3.31,0.62,0.3,58.3,0,1,25-34,Postpaid_Premium,5G_Device,3G,2026-06-30
SUB2922135,0.14,0.19,0.02,0.02,41.79,0,1,25-34,Postpaid_Basic,Basic_Phone,5G,2026-06-11
SUB8021855,1.36,2.49,0.12,0.14,65.9,0,1,35-44,Postpaid_Unlimited,Mid_Range,4G,2026-06-19
SUB1978039,0.04,0.16,0.04,0.01,46.79,0,0,55+,Postpaid_Basic,Basic_Phone,5G,2026-06-16
SUB9997354,1.93,6.0,0.11,1.12,55.26,0,0,18-24,Postpaid_Unlimited,Tablet,3G,2026-06-29
SUB8352207,0.45,0.66,0.38,0.04,66.39,1,0,55+,Postpaid_Basic,Mid_Range,4G,2026-06-19
SUB1499876,0.7,0.37,0.09,0.13,96.61,1,0,55+,Prepaid_Monthly,Premium_Smartphone,4G+,2026-06-29
SUB2962165,0.26,1.71,0.33,0.54,37.07,0,0,18-24,Postpaid_Basic,Mid_Range,4G,2026-06-16
SUB8985620,1.92,1.54,0.11,0.54,51.16,1,0,25-34,Prepaid_Daily,5G_Device,3G,2026-06-14
SUB1611213,3.03,0.37,0.73,0.41,80.53,1,1,45-54,Prepaid_Monthly,Mid_Range,4G,2026-06-17
SUB1768734,2.0,0.93,0.58,0.36,48.37,0,0,35-44,Postpaid_Premium,Mid_Range,4G,2026-07-03
SUB8750575,0.34,0.9,0.04,0.07,84.13,0,0,45-54,Postpaid_Premium,Mid_Range,5G,2026-06-09
SUB5241361,1.37,0.11,0.07,0.04,120.75,0,1,35-44,Prepaid_Daily,Premium_Smartphone,4G+,2026-07-01
SUB6511174,0.77,0.25,0.42,0.04,34.35,1,1,25-34,Prepaid_Monthly,Basic_Phone,5G,2026-06-30
SUB2839433,0.34,3.73,1.17,0.02,125.28,0,0,18-24,Prepaid_Daily,Premium_Smartphone,5G,2026-06-16
SUB7569632,3.28,1.49,0.5,0.25,45.34,0,0,35-44,Postpaid_Unlimited,Basic_Phone,5G,2026-07-03
SUB4672214,1.34,0.45,0.12,0.47,53.11,0,1,18-24,Prepaid_Daily,Premium_Smartphone,3G,2026-07-06
SUB3026580,0.72,0.6,0.01,0.4,44.89,0,0,35-44,Postpaid_Premium,Premium_Smartphone,3G,2026-06-22
SUB8229039,0.51,0.12,0.13,0.67,77.33,1,0,45-54,Postpaid_Basic,Mid_Range,4G,2026-06-18
SUB8507324,1.91,0.19,0.09,0.01,41.91,0,0,35-44,Postpaid_Basic,Mid_Range,3G,2026-06-16
SUB7202258,2.21,0.29,0.1,0.03,133.62,1,0,55+,Prepaid_Monthly,Premium_Smartphone,5G,2026-06-22
SUB5339235,0.39,0.47,0.05,0.41,8.42,0,0,25-34,Prepaid_Monthly,Basic_Phone,3G,2026-06-08
SUB4526737,1.54,2.53,1.23,0.71,62.31,0,1,35-44,Postpaid_Premium,Mid_Range,4G,2026-06-25
SUB9790529,6.8,1.36,0.3,4.25,114.89,1,1,35-44,Postpaid_Premium,Premium_Smartphone,4G,2026-06-07
SUB3008960,0.3,0.75,0.24,0.31,53.98,0,0,55+,Postpaid_Premium,Mid_Range,4G,2026-06-14
SUB5455214,2.47,0.41,0.95,0.19,125.55,0,0,35-44,Postpaid_Premium,Premium_Smartphone,5G,2026-06-16
SUB9476563,0.38,0.17,0.02,0.21,85.41,0,1,18-24,Prepaid_Daily,Mid_Range,4G+,2026-06-19
SUB7918889,0.55,0.11,0.22,0.02,46.22,0,1,55+,Prepaid_Daily,Mid_Range,4G,2026-06-20
SUB4816446,1.17,0.59,0.62,3.06,108.91,0,0,35-44,Postpaid_Unlimited,5G_Device,5G,2026-06-29
SUB4376513,0.29,2.56,0.4,3.55,47.58,0,1,18-24,Postpaid_Premium,Mid_Range,3G,2026-06-09
SUB2937878,0.49,0.7,0.2,0.17,18.77,0,0,35-44,Postpaid_Premium,Mid_Range,3G,2026-07-04
SUB7193956,2.53,0.36,0.03,0.06,66.89,1,0,45-54,Postpaid_Basic,Premium_Smartphone,3G,2026-07-04
SUB2705215,0.11,1.15,0.38,0.1,43.95,0,0,35-44,Prepaid_Monthly,Mid_Range,4G,2026-06-16
SUB6437149,0.92,2.26,0.69,0.02,64.37,0,0,25-34,Prepaid_Monthly,Premium_Smartphone,4G,2026-07-03
SUB8271476,0.43,1.07,0.11,0.09,38.83,0,0,45-54,Postpaid_Premium,5G_Device,3G,2026-07-04
SUB7429611,1.62,1.57,0.17,0.15,97.23,0,1,45-54,Postpaid_Unlimited,Premium_Smartphone,4G,2026-06-29
SUB4266402,0.26,0.38,0.02,0.04,14.14,0,0,25-34,Prepaid_Monthly,Basic_Phone,3G,2026-06-30
SUB9121849,7.8,3.92,0.54,0.15,159.71,1,0,18-24,Prepaid_Monthly,Premium_Smartphone,5G,2026-06-26
SUB9104789,0.53,0.33,0.02,0.23,26.52,0,0,25-34,Prepaid_Monthly,Basic_Phone,5G,2026-06-17
SUB5108880,1.5,0.54,0.94,0.14,92.63,0,0,35-44,Prepaid_Daily,Mid_Range,5G,2026-06-08
SUB6499593,3.72,1.74,1.26,0.2,67.09,0,1,45-54,Postpaid_Basic,5G_Device,4G,2026-06-21
SUB5261946,2.8,0.36,0.51,0.17,31.28,0,0,25-34,Postpaid_Unlimited,Basic_Phone,5G,2026-06-24
SUB1090093,0.42,0.36,0.05,0.5,27.76,0,0,25-34,Postpaid_Premium,Basic_Phone,4G,2026-06-08
SUB2732465,1.7,1.33,0.01,3.59,39.42,1,1,18-24,Postpaid_Unlimited,Mid_Range,3G,2026-06-19
SUB4173584,1.98,0.56,1.13,0.42,120.69,0,1,35-44,Postpaid_Basic,Tablet,5G,2026-06-07
SUB3859244,0.87,6.0,1.96,4.92,75.99,0,0,18-24,Postpaid_Basic,Mid_Range,5G,2026-07-03
SUB1886040,0.63,0.76,1.91,0.32,79.79,0,0,18-24,Postpaid_Unlimited,Mid_Range,4G+,2026-07-03
SUB1322918,0.71,4.13,0.74,0.56,129.05,0,0,18-24,Prepaid_Monthly,Premium_Smartphone,4G+,2026-06-26
SUB3245909,6.39,6.0,3.17,1.7,200.0,1,0,35-44,Postpaid_Unlimited,Premium_Smartphone,5G,2026-06-25
SUB1116739,2.81,0.35,0.13,1.33,58.47,0,0,25-34,Postpaid_Premium,Mid_Range,4G+,2026-07-06
SUB2014929,1.76,1.52,0.27,0.62,117.18,0,0,25-34,Prepaid_Monthly,5G_Device,5G,2026-07-03
SUB3420564,0.08,0.09,0.08,0.39,24.53,0,0,55+,Postpaid_Basic,Mid_Range,3G,2026-06-21
SUB9577064,0.54,0.48,0.28,0.37,28.27,0,0,18-24,Prepaid_Monthly,Mid_Range,3G,2026-06-10
SUB3653093,0.12,0.54,0.21,0.01,59.51,0,0,25-34,Prepaid_Daily,Mid_Range,5G,2026-06-28
SUB4303457,0.34,0.26,0.42,0.1,98.73,1,1,55+,Prepaid_Monthly,Premium_Smartphone,4G,2026-06-13
SUB6888997,8.0,1.71,0.89,2.3,37.94,1,0,25-34,Postpaid_Unlimited,Mid_Range,3G,2026-06-13
SUB7944121,0.94,1.83,0.69,0.06,108.7,0,1,35-44,Postpaid_Premium,5G_Device,4G,2026-06-16
SUB7238795,8.0,2.32,2.86,0.0,89.6,0,0,18-24,Prepaid_Monthly,Tablet,4G,2026-06-24
SUB5767348,0.09,0.26,0.21,0.27,35.7,0,1,45-54,Prepaid_Monthly,Basic_Phone,4G,2026-07-04
SUB1716756,2.68,1.44,1.04,1.06,154.31,0,1,25-34,Postpaid_Basic,Tablet,5G,2026-06-26
SUB9439834,0.62,3.28,0.09,1.36,89.16,0,0,45-54,Prepaid_Monthly,Mid_Range,5G,2026-06-21
SUB7790968,1.38,0.32,0.06,0.22,60.08,1,0,25-34,Postpaid_Basic,Mid_Range,4G,2026-06-17
SUB4751198,2.8,4.9,1.36,0.21,60.43,0,1,25-34,Postpaid_Premium,5G_Device,4G,2026-06-22
SUB8369434,0.42,0.67,0.15,0.33,50.78,0,0,45-54,Postpaid_Basic,Premium_Smartphone,3G,2026-06-23
SUB4138145,0.78,1.06,0.37,0.04,118.54,0,0,55+,Prepaid_Daily,5G_Device,4G+,2026-06-23
SUB2226476,5.04,2.05,1.03,0.06,68.24,1,0,18-24,Postpaid_Basic,Premium_Smartphone,4G,2026-06-18
SUB5184056,1.36,1.51,0.45,0.06,61.16,0,0,45-54,Prepaid_Monthly,5G_Device,4G,2026-06-27
SUB9960820,0.92,1.23,0.05,0.67,100.91,0,0,25-34,Prepaid_Monthly,5G_Device,4G,2026-06-23
SUB2500844,0.36,0.3,0.18,0.48,58.34,0,0,35-44,Prepaid_Monthly,Mid_Range,4G,2026-06-11
SUB4443609,7.75,3.39,0.23,0.02,102.08,0,1,25-34,Prepaid_Monthly,5G_Device,4G,2026-06-27
SUB9752084,0.23,6.0,0.78,0.89,124.9,1,0,35-44,Postpaid_Unlimited,Tablet,4G,2026-06-28
SUB2400283,0.74,0.73,0.38,0.56,59.73,1,0,25-34,Postpaid_Premium,Mid_Range,4G,2026-06-15
SUB6927613,1.67,1.6,0.05,5.11,58.1,0,0,25-34,Postpaid_Premium,Premium_Smartphone,3G,2026-06-30
SUB1691757,1.57,6.0,2.01,0.79,131.46,1,1,18-24,Postpaid_Basic,5G_Device,4G+,2026-07-03
SUB1390719,2.32,2.95,0.05,0.16,109.12,0,1,18-24,Prepaid_Daily,5G_Device,4G,2026-07-02
SUB7854453,0.04,0.19,0.03,0.04,11.66,0,0,55+,Prepaid_Monthly,Basic_Phone,3G,2026-07-05
SUB4337920,0.91,0.81,1.67,0.06,90.01,0,1,55+,Postpaid_Premium,Premium_Smartphone,4G,2026-07-05
SUB4296050,0.12,0.54,0.1,0.19,87.99,0,0,45-54,Prepaid_Monthly,Tablet,4G,2026-07-04
SUB3118324,1.55,0.95,0.21,1.2,49.68,0,1,25-34,Postpaid_Basic,Mid_Range,4G,2026-06-24
SUB7827299,0.84,2.62,0.43,2.61,200.0,1,1,25-34,Prepaid_Monthly,5G_Device,5G,2026-07-01
SUB7247794,6.9,6.0,0.96,6.0,97.74,1,0,35-44,Postpaid_Unlimited,Premium_Smartphone,4G+,2026-07-02
SUB8917596,0.74,0.57,0.09,3.57,67.6,0,1,55+,Postpaid_Unlimited,Mid_Range,5G,2026-07-05
SUB5902666,0.36,0.39,0.1,0.14,21.71,0,0,25-34,Prepaid_Daily,Basic_Phone,4G+,2026-06-21
SUB1876031,0.06,0.08,0.18,0.79,87.5,0,0,45-54,Postpaid_Premium,5G_Device,4G+,2026-07-05
SUB7232739,0.22,0.49,0.04,0.15,77.92,1,1,55+,Prepaid_Daily,Mid_Range,4G,2026-06-30
SUB2270896,0.26,0.28,0.55,1.17,76.57,0,0,45-54,Postpaid_Basic,Mid_Range,4G+,2026-06-19
SUB2059622,0.79,1.02,0.03,0.65,66.18,0,0,18-24,Prepaid_Daily,Premium_Smartphone,4G,2026-06-30
SUB5422375,0.23,0.28,0.07,0.01,78.37,0,1,18-24,Prepaid_Daily,Premium_Smartphone,3G,2026-07-03
SUB1378165,1.15,0.5,1.56,0.55,60.8,0,0,25-34,Prepaid_Daily,Mid_Range,5G,2026-07-03
SUB5131479,0.76,1.39,0.07,0.01,75.58,1,0,25-34,Postpaid_Unlimited,Premium_Smartphone,3G,2026-06-11
SUB1415008,7.13,0.75,0.81,2.87,60.59,0,0,18-24,Postpaid_Premium,Premium_Smartphone,4G,2026-06-08
SUB2631993,2.05,0.12,0.08,0.1,39.67,0,0,25-34,Prepaid_Daily,Mid_Range,4G,2026-06-09
SUB4351278,2.74,0.46,0.05,0.0,146.94,1,0,45-54,Postpaid_Basic,Premium_Smartphone,5G,2026-06-26
SUB3342035,0.12,0.39,0.87,0.27,71.47,0,0,25-34,Prepaid_Monthly,Premium_Smartphone,3G,2026-06-25
SUB8978450,1.04,1.11,1.05,0.25,44.76,0,0,25-34,Prepaid_Monthly,Mid_Range,4G,2026-06-22
SUB6703394,7.13,6.0,1.83,0.5,75.85,0,0,35-44,Postpaid_Unlimited,5G_Device,4G,2026-06-23
SUB8240947,0.76,1.92,0.06,0.51,60.31,0,0,35-44,Prepaid_Daily,Premium_Smartphone,4G,2026-06-17
SUB3768362,0.68,0.17,0.0,0.24,33.1,0,0,45-54,Postpaid_Basic,Mid_Range,4G,2026-06-18
SUB2170365,1.06,0.8,0.13,0.01,63.58,1,0,18-24,Prepaid_Monthly,Mid_Range,4G,2026-06-24
SUB6931161,0.71,0.8,0.13,0.7,160.56,1,0,35-44,Prepaid_Daily,Premium_Smartphone,4G+,2026-06-08
SUB7790593,0.18,0.26,0.01,0.11,8.58,1,0,35-44,Postpaid_Basic,Basic_Phone,3G,2026-06-27
SUB5851188,1.91,0.34,0.04,0.62,33.8,0,0,18-24,Postpaid_Unlimited,Basic_Phone,4G+,2026-06-07
SUB3721864,0.43,0.44,0.05,0.03,27.89,0,1,45-54,Postpaid_Premium,Basic_Phone,4G,2026-06-20
SUB4947208,0.6,0.6,0.53,1.68,61.03,0,0,25-34,Prepaid_Daily,Premium_Smartphone,4G,2026-06-14
SUB7984720,2.12,3.33,0.72,1.39,66.25,0,0,25-34,Postpaid_Premium,Mid_Range,5G,2026-06-19
SUB8733308,2.05,6.0,4.0,0.71,196.01,1,1,25-34,Postpaid_Unlimited,5G_Device,4G+,2026-06-10
SUB4875754,1.57,0.52,1.9,0.41,50.41,1,0,25-34,Prepaid_Monthly,Premium_Smartphone,3G,2026-06-16
SUB3704999,0.44,0.44,0.1,1.66,180.95,1,0,25-34,Prepaid_Monthly,5G_Device,5G,2026-06-14
SUB6298217,0.43,6.0,0.01,0.02,61.05,0,0,45-54,Prepaid_Daily,Premium_Smartphone,3G,2026-06-24
SUB2324070,0.09,5.61,0.14,1.6,69.51,0,0,18-24,Prepaid_Monthly,Premium_Smartphone,4G,2026-06-14
SUB8364386,0.46,1.08,0.91,0.17,174.86,0,1,55+,Postpaid_Premium,Premium_Smartphone,5G,2026-06-24
SUB6787749,1.84,0.18,1.68,0.73,109.52,0,1,35-44,Prepaid_Monthly,Premium_Smartphone,4G,2026-06-25
SUB2661793,1.1,1.3,0.1,0.55,65.02,0,0,18-24,Prepaid_Daily,Mid_Range,5G,2026-06-19
SUB7576651,0.96,0.53,0.3,0.03,44.69,0,0,18-24,Prepaid_Monthly,Mid_Range,4G,2026-06-14
SUB7867218,1.59,2.7,1.38,1.02,122.24,0,0,35-44,Postpaid_Basic,5G_Device,5G,2026-07-01
SUB8466027,3.04,1.13,2.0,1.81,113.83,1,0,35-44,Postpaid_Basic,Premium_Smartphone,5G,2026-06-16
SUB5987696,0.55,6.0,0.18,0.6,75.57,0,1,18-24,Postpaid_Premium,Mid_Range,5G,2026-06-22
SUB1428988,1.11,0.35,0.36,0.43,47.37,1,0,18-24,Prepaid_Daily,Mid_Range,3G,2026-06-20
SUB5084752,1.8,0.95,0.23,0.04,61.28,1,0,45-54,Postpaid_Basic,Premium_Smartphone,4G,2026-06-30
SUB5374857,3.95,1.23,0.03,0.77,83.17,1,1,18-24,Prepaid_Monthly,Mid_Range,4G+,2026-06-10
SUB3977590,1.9,2.01,0.07,1.24,97.31,0,1,45-54,Postpaid_Unlimited,Tablet,4G+,2026-06-21
SUB8599600,0.29,2.35,0.27,0.05,104.47,0,0,35-44,Prepaid_Monthly,Premium_Smartphone,4G,2026-06-25
SUB7610734,0.04,0.28,0.13,0.01,17.63,1,0,25-34,Prepaid_Daily,Basic_Phone,4G,2026-06-16
SUB4297291,0.21,0.04,0.17,0.14,27.94,0,1,25-34,Prepaid_Daily,Basic_Phone,5G,2026-06-09
SUB5894287,1.01,3.78,1.69,1.07,43.67,0,0,18-24,Prepaid_Monthly,Mid_Range,4G,2026-06-10
SUB8954647,0.55,0.2,0.02,0.04,7.13,0,0,45-54,Prepaid_Daily,Basic_Phone,4G,2026-06-19
SUB3490706,4.02,3.12,0.91,0.91,125.62,0,1,18-24,Postpaid_Basic,5G_Device,5G,2026-06-29
SUB8542535,1.39,2.48,0.66,3.06,60.96,0,0,25-34,Postpaid_Premium,5G_Device,3G,2026-07-06
SUB9047252,0.8,6.0,0.21,0.82,160.53,1,0,35-44,Prepaid_Monthly,Tablet,4G+,2026-06-29
SUB6254224,1.71,1.66,0.9,0.16,115.52,0,1,18-24,Postpaid_Basic,Premium_Smartphone,4G,2026-06-27
SUB7215140,0.75,1.42,0.45,1.87,81.73,1,0,25-34,Postpaid_Premium,Premium_Smartphone,4G,2026-06-14
SUB4737973,0.75,1.86,0.84,1.15,94.27,1,0,45-54,Prepaid_Monthly,5G_Device,5G,2026-06-16
SUB3202575,0.72,2.45,2.62,0.46,71.36,0,0,25-34,Prepaid_Daily,5G_Device,4G,2026-06-08
SUB7611653,0.93,0.35,0.1,0.08,82.66,0,0,55+,Prepaid_Monthly,5G_Device,4G,2026-06-09
SUB1464071,4.42,4.49,0.37,0.68,126.87,0,0,45-54,Postpaid_Unlimited,5G_Device,5G,2026-06-07
SUB5381137,6.29,0.88,1.96,0.88,57.96,0,0,25-34,Postpaid_Premium,Premium_Smartphone,3G,2026-06-17
SUB5912216,0.08,0.32,0.03,0.07,16.64,0,0,25-34,Prepaid_Daily,Basic_Phone,4G,2026-06-28
SUB8597626,0.99,1.96,0.45,0.16,51.7,0,1,25-34,Prepaid_Monthly,Mid_Range,4G,2026-06-24
SUB4498472,2.07,5.41,0.18,0.11,144.27,1,1,35-44,Postpaid_Premium,Premium_Smartphone,4G,2026-07-05
SUB9369689,0.13,0.59,1.17,0.6,58.73,0,0,25-34,Postpaid_Basic,Premium_Smartphone,3G,2026-06-10
SUB2564718,2.12,0.5,1.06,0.64,144.1,0,0,55+,Postpaid_Premium,5G_Device,5G,2026-06-26
SUB6139743,0.34,1.99,0.14,0.29,91.25,0,0,35-44,Prepaid_Monthly,5G_Device,4G,2026-06-28
SUB4813270,8.0,3.71,0.46,0.05,128.5,0,1,25-34,Postpaid_Unlimited,Premium_Smartphone,5G,2026-07-02
SUB5806425,0.49,1.22,0.5,0.09,28.74,0,0,35-44,Postpaid_Premium,Basic_Phone,5G,2026-06-27
SUB7609876,0.17,1.02,0.12,1.28,53.9,0,0,25-34,Prepaid_Daily,Mid_Range,5G,2026-06-15
SUB3378837,0.21,3.13,0.65,0.06,65.61,0,0,45-54,Postpaid_Basic,Mid_Range,5G,2026-06-23
SUB7123769,0.08,0.05,0.02,0.09,64.18,0,1,35-44,Prepaid_Daily,Mid_Range,4G,2026-07-04
SUB2524102,1.57,3.88,0.75,3.5,200.0,1,1,18-24,Prepaid_Monthly,Premium_Smartphone,4G+,2026-06-08
SUB3383366,0.12,0.29,0.41,0.04,26.58,0,0,18-24,Postpaid_Premium,Basic_Phone,3G,2026-07-06
SUB3035848,0.38,0.31,0.0,0.02,27.55,0,0,45-54,Prepaid_Monthly,Basic_Phone,4G,2026-06-12
SUB6122930,1.97,1.33,1.24,1.55,66.99,1,1,35-44,Postpaid_Premium,Mid_Range,4G,2026-06-10
SUB9593223,0.67,0.94,0.19,0.1,149.66,1,0,55+,Prepaid_Monthly,5G_Device,5G,2026-06-30
SUB7691409,0.93,2.59,0.1,0.0,49.09,1,1,18-24,Postpaid_Premium,Basic_Phone,5G,2026-06-12
SUB1838003,2.26,4.21,1.13,1.33,108.67,0,0,25-34,Prepaid_Monthly,5G_Device,5G,2026-06-27
SUB4433382,2.59,0.3,0.12,0.15,43.28,0,0,18-24,Postpaid_Premium,Mid_Range,4G,2026-06-27
SUB9670178,1.31,0.73,0.35,0.25,63.81,1,0,35-44,Prepaid_Daily,Mid_Range,4G,2026-06-11
SUB4395049,4.74,4.33,1.15,1.4,120.34,0,0,25-34,Prepaid_Monthly,Premium_Smartphone,5G,2026-06-10
SUB1066150,0.97,2.3,0.69,0.05,86.6,0,0,18-24,Postpaid_Basic,Tablet,4G+,2026-06-30
SUB8951632,0.22,0.76,0.04,1.76,67.92,0,1,35-44,Prepaid_Monthly,Premium_Smartphone,4G,2026-06-26
SUB8429645,0.8,0.81,3.96,0.1,90.9,1,0,25-34,Prepaid_Monthly,Premium_Smartphone,4G+,2026-07-01
SUB7081687,2.39,2.44,0.42,0.06,104.3,0,1,25-34,Prepaid_Monthly,5G_Device,4G,2026-06-11
SUB9948331,4.43,5.8,4.0,3.84,174.99,1,0,25-34,Postpaid_Unlimited,5G_Device,5G,2026-06-26
SUB3547500,0.13,0.27,0.01,0.04,28.7,0,1,35-44,Prepaid_Daily,Basic_Phone,4G,2026-06-07
SUB5193060,5.88,3.49,0.21,3.09,100.97,0,0,18-24,Postpaid_Premium,Premium_Smartphone,5G,2026-07-06
SUB1134055,0.91,2.73,0.69,0.68,126.83,0,1,25-34,Postpaid_Basic,5G_Device,4G+,2026-06-23
SUB2841648,4.99,0.72,0.5,1.02,82.72,0,1,25-34,Prepaid_Monthly,Premium_Smartphone,4G,2026-06-27
SUB8132508,3.49,2.81,0.93,0.03,103.72,0,1,35-44,Postpaid_Basic,5G_Device,4G,2026-06-08
SUB7437845,1.8,0.28,0.7,0.84,82.07,0,0,45-54,Postpaid_Unlimited,Premium_Smartphone,4G+,2026-06-12
SUB4828433,0.23,0.82,1.86,1.16,35.4,0,0,25-34,Postpaid_Basic,Mid_Range,4G,2026-07-03
SUB3735264,2.75,0.98,0.03,1.56,115.33,1,0,25-34,Postpaid_Unlimited,Premium_Smartphone,4G,2026-06-09
SUB5448748,1.1,0.85,0.59,0.77,121.8,1,1,45-54,Prepaid_Daily,Premium_Smartphone,4G,2026-06-14
SUB8152747,0.54,3.6,0.04,0.05,131.95,0,0,55+,Postpaid_Premium,5G_Device,5G,2026-06-20
SUB5137270,3.48,0.93,0.14,0.34,127.56,0,1,35-44,Prepaid_Monthly,Tablet,4G,2026-06-29
SUB5317922,0.29,0.14,0.12,0.01,52.62,0,0,55+,Prepaid_Monthly,5G_Device,4G,2026-06-18
SUB9847905,0.35,0.87,0.2,0.53,85.29,0,0,35-44,Postpaid_Basic,Tablet,4G,2026-06-30
SUB8465373,0.25,0.06,0.19,0.49,66.86,0,1,35-44,Postpaid_Basic,Mid_Range,4G,2026-06-25
SUB2020154,2.51,2.88,0.23,0.73,116.09,1,0,25-34,Prepaid_Monthly,5G_Device,5G,2026-06-11
SUB9070924,0.88,0.91,0.1,0.14,47.5,1,0,25-34,Prepaid_Monthly,Mid_Range,3G,2026-07-04
SUB7843532,1.52,0.44,0.06,0.01,65.47,0,0,18-24,Postpaid_Basic,Mid_Range,4G+,2026-06-08
SUB5945169,0.38,0.85,0.11,0.27,57.16,0,0,45-54,Postpaid_Basic,Premium_Smartphone,4G,2026-06-18
SUB7733215,0.66,0.34,0.01,0.07,60.14,0,0,55+,Prepaid_Monthly,Premium_Smartphone,4G,2026-06-29
SUB9195810,2.59,0.35,0.77,0.29,98.52,0,0,35-44,Prepaid_Monthly,5G_Device,5G,2026-06-23
SUB8904294,2.5,1.22,1.22,0.2,50.11,0,1,25-34,Postpaid_Premium,Premium_Smartphone,3G,2026-06-25
SUB8185197,7.46,1.34,0.88,0.26,123.84,0,0,18-24,Postpaid_Premium,5G_Device,5G,2026-06-08
SUB9171548,0.27,0.34,0.35,0.31,20.35,0,0,25-34,Prepaid_Monthly,Basic_Phone,4G+,2026-06-20
SUB7714301,3.57,0.4,0.16,0.66,126.08,1,1,25-34,Prepaid_Monthly,5G_Device,4G,2026-07-05
SUB8969693,7.22,1.83,0.38,0.3,127.01,1,1,35-44,Prepaid_Monthly,5G_Device,4G,2026-06-22
SUB2859582,2.2,2.8,0.23,0.69,127.52,1,1,55+,Postpaid_Unlimited,Premium_Smartphone,5G,2026-06-30
SUB8744064,0.9,2.69,0.04,0.28,67.53,0,1,18-24,Postpaid_Premium,Mid_Range,5G,2026-07-05
SUB3129885,1.19,1.68,1.13,1.55,127.52,0,1,18-24,Prepaid_Daily,5G_Device,5G,2026-06-14
SUB5720642,1.31,0.15,0.79,0.06,64.51,0,0,35-44,Postpaid_Premium,Premium_Smartphone,4G+,2026-07-06
SUB1549239,0.62,0.31,0.5,0.75,93.6,1,0,25-34,Prepaid_Daily,Premium_Smartphone,4G,2026-06-12
SUB9945309,0.61,0.24,0.04,0.2,78.72,0,0,45-54,Prepaid_Monthly,Premium_Smartphone,4G,2026-06-18
SUB6408753,0.94,1.67,1.15,0.12,26.68,1,0,25-34,Postpaid_Unlimited,Mid_Range,3G,2026-06-10
SUB4047569,3.12,0.43,0.9,1.51,11.77,1,0,25-34,Postpaid_Unlimited,Basic_Phone,4G,2026-06-29
SUB1785332,7.2,1.28,0.58,0.83,90.87,0,1,25-34,Postpaid_Premium,Mid_Range,5G,2026-06-08
SUB9555080,1.95,4.04,0.15,1.02,60.37,0,0,18-24,Postpaid_Basic,5G_Device,4G,2026-06-21
SUB1397710,1.24,0.56,0.36,0.46,47.87,0,0,35-44,Prepaid_Monthly,Premium_Smartphone,3G,2026-06-10
SUB7503216,2.1,2.07,2.66,5.63,110.54,0,0,18-24,Postpaid_Unlimited,5G_Device,4G+,2026-06-10
SUB5317048,3.36,0.51,0.11,0.97,63.43,0,0,25-34,Postpaid_Premium,Premium_Smartphone,4G,2026-07-04
SUB4188729,1.56,0.94,0.24,0.21,78.6,0,0,25-34,Prepaid_Monthly,Tablet,4G,2026-06-29
SUB5785956,0.88,1.35,0.08,0.67,28.82,0,0,18-24,Postpaid_Basic,Mid_Range,3G,2026-06-17
SUB6105724,0.15,1.78,0.0,0.1,10.78,0,0,18-24,Postpaid_Unlimited,Basic_Phone,4G,2026-07-06
SUB6025764,0.47,5.94,0.57,0.61,55.49,0,0,25-34,Postpaid_Unlimited,5G_Device,4G,2026-06-09
SUB8996198,2.64,1.96,0.18,0.86,79.25,0,0,35-44,Postpaid_Premium,Premium_Smartphone,4G+,2026-07-05
SUB1910775,0.82,0.12,0.29,0.33,133.79,1,0,55+,Postpaid_Premium,Premium_Smartphone,4G+,2026-07-03
SUB6954878,1.77,1.4,0.46,0.29,34.2,0,0,18-24,Prepaid_Daily,Mid_Range,4G,2026-06-25
SUB6927997,3.38,1.37,0.27,0.18,91.88,1,1,18-24,Postpaid_Basic,Mid_Range,4G,2026-06-25
SUB1558924,2.22,1.41,2.2,0.48,137.29,0,0,18-24,Postpaid_Premium,Premium_Smartphone,5G,2026-06-25
SUB4881185,0.13,1.0,2.7,0.57,110.8,1,0,25-34,Prepaid_Daily,Premium_Smartphone,4G,2026-06-23
SUB6004998,1.18,3.47,0.08,0.29,111.65,0,1,35-44,Postpaid_Premium,Premium_Smartphone,4G,2026-06-15
SUB6166650,0.25,1.33,0.02,0.35,50.33,0,0,45-54,Postpaid_Unlimited,Mid_Range,4G+,2026-06-12
SUB6693075,0.75,1.2,0.49,0.02,94.2,0,0,35-44,Prepaid_Monthly,Premium_Smartphone,5G,2026-06-17
SUB9109916,0.94,6.0,0.05,0.0,64.29,1,0,18-24,Postpaid_Premium,Mid_Range,4G,2026-07-03
SUB6193278,5.53,3.57,0.01,0.05,116.78,1,1,25-34,Postpaid_Premium,Premium_Smartphone,4G,2026-07-04
SUB1431413,0.3,0.08,0.12,1.02,145.31,0,0,55+,Postpaid_Basic,Premium_Smartphone,5G,2026-06-07
SUB5165100,0.66,0.36,0.17,0.0,15.35,0,1,25-34,Postpaid_Premium,Basic_Phone,4G,2026-06-29
SUB1863561,1.05,0.72,0.17,0.1,49.48,0,1,25-34,Prepaid_Monthly,Mid_Range,4G,2026-06-09
SUB1302186,0.06,0.06,0.06,0.02,23.04,0,0,55+,Postpaid_Premium,Basic_Phone,4G,2026-07-06
SUB4207393,0.44,1.8,0.54,0.15,88.87,0,0,35-44,Prepaid_Monthly,Tablet,4G,2026-06-28
SUB6489464,1.34,2.0,3.06,1.55,105.44,0,1,35-44,Postpaid_Premium,Premium_Smartphone,4G+,2026-06-08
SUB8456985,8.0,0.87,0.08,1.69,42.8,0,0,25-34,Postpaid_Basic,Premium_Smartphone,3G,2026-06-23
SUB7767528,0.08,1.57,0.19,0.48,99.08,0,0,25-34,Prepaid_Daily,Premium_Smartphone,5G,2026-06-19
SUB2026553,2.3,2.24,0.67,0.33,80.25,1,0,18-24,Prepaid_Monthly,Tablet,4G+,2026-07-06
SUB9533879,0.32,0.74,0.24,0.87,95.13,0,1,35-44,Prepaid_Monthly,Premium_Smartphone,4G,2026-06-07
SUB4743797,2.21,0.73,0.87,0.08,28.43,0,0,18-24,Prepaid_Daily,Mid_Range,4G,2026-06-28
SUB2514542,0.32,1.0,0.14,0.0,74.5,0,0,45-54,Prepaid_Daily,Mid_Range,4G+,2026-06-28
SUB7357718,1.63,6.0,0.74,0.0,121.8,1,0,45-54,Postpaid_Premium,5G_Device,5G,2026-06-12
SUB5180656,3.4,2.51,0.15,1.6,124.62,1,0,25-34,Postpaid_Unlimited,Mid_Range,5G,2026-06-30
SUB9465506,4.32,1.58,4.0,0.93,94.4,0,1,18-24,Postpaid_Unlimited,Mid_Range,5G,2026-06-24
SUB7846192,3.96,2.29,0.2,0.15,62.96,0,0,18-24,Postpaid_Unlimited,Tablet,4G,2026-06-22
SUB9676924,2.94,1.53,0.11,0.46,153.84,1,0,45-54,Postpaid_Premium,5G_Device,5G,2026-06-13
SUB8347689,0.41,4.51,0.08,0.04,143.04,0,0,35-44,Prepaid_Daily,5G_Device,5G,2026-07-05
SUB2829553,0.2,5.23,0.41,0.51,39.79,0,1,35-44,Postpaid_Premium,Mid_Range,3G,2026-06-21
SUB4041341,0.36,0.52,0.76,3.55,44.61,0,1,25-34,Postpaid_Premium,Mid_Range,3G,2026-06-10
SUB2039504,0.71,0.62,0.48,0.06,54.84,0,1,25-34,Prepaid_Daily,Mid_Range,4G,2026-06-28
SUB7666455,0.64,2.1,1.05,0.14,128.19,1,0,35-44,Postpaid_Premium,5G_Device,4G,2026-06-17
SUB8663589,0.87,0.28,1.15,0.58,93.07,0,0,25-34,Postpaid_Basic,Premium_Smartphone,4G+,2026-06-26
SUB8918348,1.53,4.08,0.91,0.08,110.31,0,0,35-44,Postpaid_Unlimited,5G_Device,5G,2026-06-21
SUB5988023,1.35,3.99,0.06,0.11,67.53,0,1,45-54,Postpaid_Premium,5G_Device,4G,2026-06-14
SUB8635836,4.52,1.93,0.43,0.06,145.76,0,0,18-24,Postpaid_Unlimited,5G_Device,5G,2026-07-04
SUB8809006,1.08,2.29,0.18,0.42,55.55,1,1,18-24,Prepaid_Daily,Mid_Range,4G,2026-06-15
SUB2675843,0.8,1.22,1.86,0.36,63.37,0,0,25-34,Prepaid_Daily,Mid_Range,4G+,2026-07-06
SUB9423309,3.76,6.0,1.92,0.15,133.99,1,1,18-24,Postpaid_Unlimited,Mid_Range,5G,2026-07-06
SUB4229028,0.06,0.73,0.12,0.34,85.59,1,1,45-54,Prepaid_Daily,Mid_Range,5G,2026-07-04
SUB8056993,0.53,0.52,0.23,0.04,47.87,1,1,35-44,Prepaid_Monthly,Mid_Range,4G,2026-06-23
SUB2721610,1.26,0.15,0.13,0.31,89.14,0,1,45-54,Postpaid_Basic,5G_Device,3G,2026-07-01
SUB3339767,0.42,0.48,0.3,0.08,19.59,0,0,35-44,Postpaid_Unlimited,Basic_Phone,4G,2026-07-05
SUB3614235,4.49,0.74,0.9,0.04,94.33,0,0,18-24,Prepaid_Monthly,Premium_Smartphone,4G,2026-06-24
SUB1491036,0.71,1.73,0.8,0.36,133.64,0,0,25-34,Prepaid_Daily,5G_Device,5G,2026-06-21
SUB9715912,0.45,0.04,0.06,0.37,30.17,0,0,45-54,Postpaid_Basic,Basic_Phone,4G,2026-06-18
SUB7046914,0.83,0.2,0.0,0.63,38.39,1,1,18-24,Postpaid_Basic,Basic_Phone,4G,2026-06-27
SUB3710241,0.12,0.6,0.57,0.02,85.12,0,0,35-44,Prepaid_Monthly,Mid_Range,5G,2026-07-03
SUB2142953,0.12,0.5,0.42,3.07,43.65,0,0,45-54,Postpaid_Unlimited,Mid_Range,4G,2026-07-05
SUB4961352,2.15,4.32,0.13,0.32,92.72,1,0,25-34,Postpaid_Premium,Premium_Smartphone,4G,2026-06-24
SUB4978702,4.04,6.0,4.0,0.52,103.98,0,0,25-34,Postpaid_Unlimited,Premium_Smartphone,4G+,2026-06-09
SUB9168984,0.01,0.33,0.09,0.14,39.92,0,0,35-44,Prepaid_Daily,Premium_Smartphone,3G,2026-06-28
SUB1326916,2.07,1.6,0.79,0.2,44.46,1,0,45-54,Postpaid_Premium,Mid_Range,4G,2026-06-08
SUB4597706,2.72,6.0,4.0,0.44,122.0,1,0,18-24,Postpaid_Unlimited,Premium_Smartphone,5G,2026-06-20
SUB5506554,0.57,0.65,0.6,0.15,132.46,0,0,55+,Postpaid_Basic,Premium_Smartphone,5G,2026-06-19
SUB1605409,0.89,0.42,0.33,0.19,82.66,0,0,35-44,Prepaid_Daily,Mid_Range,5G,2026-06-28
SUB7849486,0.84,0.76,0.04,0.03,58.86,0,0,55+,Postpaid_Unlimited,Mid_Range,5G,2026-06-28
SUB6050405,4.77,3.15,0.05,1.14,76.18,0,0,18-24,Postpaid_Basic,5G_Device,4G+,2026-06-09
SUB9337735,2.1,1.08,1.52,0.33,49.16,0,0,18-24,Postpaid_Premium,Mid_Range,4G,2026-06-28
SUB2725690,1.55,0.17,0.12,0.21,82.35,1,0,45-54,Prepaid_Daily,5G_Device,4G,2026-07-02
SUB4280772,4.48,2.24,0.0,0.19,123.61,0,1,45-54,Postpaid_Premium,Mid_Range,5G,2026-06-20
SUB9197295,0.75,0.52,0.27,0.3,33.56,0,0,25-34,Postpaid_Unlimited,Basic_Phone,5G,2026-06-24
SUB6809041,1.92,2.86,0.04,0.54,119.7,0,1,35-44,Postpaid_Basic,Premium_Smartphone,4G,2026-06-23
SUB6087268,1.34,4.11,0.39,0.01,78.58,0,1,45-54,Prepaid_Monthly,5G_Device,4G,2026-06-27
SUB7155579,1.54,2.95,0.16,0.48,140.1,0,0,18-24,Prepaid_Daily,5G_Device,5G,2026-06-12
SUB1403119,0.76,0.43,0.44,0.38,50.31,0,1,35-44,Prepaid_Monthly,Mid_Range,4G,2026-06-25
SUB9212420,0.12,1.16,0.11,0.03,72.86,0,0,45-54,Prepaid_Monthly,5G_Device,4G+,2026-06-09
SUB1402732,2.95,2.09,0.09,0.05,67.94,0,0,25-34,Postpaid_Premium,Premium_Smartphone,4G,2026-06-07
SUB1506079,0.32,0.13,0.32,0.09,46.76,1,1,25-34,Prepaid_Daily,Basic_Phone,4G+,2026-06-08
SUB2950013,0.05,0.06,0.28,0.08,42.31,0,0,45-54,Prepaid_Daily,Basic_Phone,5G,2026-06-21
SUB2132658,0.9,0.59,0.06,0.27,123.25,0,1,25-34,Prepaid_Monthly,Premium_Smartphone,5G,2026-06-08
SUB2985209,4.59,3.89,0.22,0.02,96.76,1,0,18-24,Postpaid_Basic,Premium_Smartphone,4G,2026-06-21
SUB5322626,0.02,0.13,0.03,0.05,22.16,0,0,55+,Postpaid_Basic,Basic_Phone,4G,2026-06-27
SUB1656951,3.31,0.51,1.46,6.0,111.55,0,1,35-44,Postpaid_Premium,5G_Device,4G+,2026-07-05
SUB9399911,1.29,1.14,0.31,0.11,75.87,0,1,45-54,Postpaid_Unlimited,Premium_Smartphone,3G,2026-06-27
SUB4479591,1.78,2.3,0.28,0.01,126.72,1,1,45-54,Prepaid_Monthly,5G_Device,4G,2026-06-08
SUB6203916,1.09,0.96,0.9,0.48,88.1,1,0,18-24,Postpaid_Basic,Premium_Smartphone,3G,2026-07-06
SUB7026988,0.18,1.72,0.08,0.45,74.38,0,1,18-24,Prepaid_Monthly,Premium_Smartphone,3G,2026-06-17
SUB8426263,0.07,0.26,0.07,0.27,43.29,0,0,25-34,Prepaid_Daily,Mid_Range,4G,2026-06-22
SUB3366610,2.79,1.72,0.38,3.22,63.13,1,0,25-34,Postpaid_Basic,Premium_Smartphone,4G,2026-06-10
SUB5180303,8.0,1.98,1.63,0.6,91.94,1,1,35-44,Postpaid_Premium,Tablet,4G,2026-06-13
SUB5684346,2.62,3.09,0.4,0.37,129.77,1,0,35-44,Prepaid_Daily,Premium_Smartphone,5G,2026-06-22
SUB1458298,0.11,5.16,0.57,0.05,64.11,1,0,25-34,Prepaid_Daily,Mid_Range,4G+,2026-06-21
SUB2047343,2.6,0.21,0.15,3.16,47.41,1,0,18-24,Postpaid_Premium,Mid_Range,4G,2026-06-21
SUB6719720,0.09,3.05,0.03,1.11,64.41,0,0,25-34,Postpaid_Premium,Tablet,4G,2026-06-25
SUB9493836,1.77,0.35,0.44,0.02,87.3,1,1,25-34,Prepaid_Monthly,Mid_Range,4G,2026-06-12
SUB5620650,8.0,3.95,1.54,1.84,98.17,0,0,25-34,Postpaid_Premium,5G_Device,5G,2026-06-18
SUB2755692,2.44,6.0,0.01,0.23,99.05,0,0,18-24,Postpaid_Unlimited,Premium_Smartphone,4G,2026-06-16
SUB2730228,1.72,1.91,0.74,0.8,47.78,0,1,35-44,Prepaid_Monthly,Mid_Range,4G,2026-06-10
SUB2946793,0.96,0.79,0.94,0.23,66.43,0,0,18-24,Prepaid_Monthly,Premium_Smartphone,4G,2026-06-24
SUB2569123,0.76,0.92,1.02,0.09,51.14,0,1,25-34,Prepaid_Daily,Mid_Range,4G,2026-06-22
SUB7115518,1.85,0.43,3.55,0.41,50.01,1,0,35-44,Postpaid_Premium,Premium_Smartphone,3G,2026-07-04
SUB8393979,0.28,0.17,0.2,0.06,22.63,0,0,18-24,Prepaid_Monthly,Basic_Phone,4G+,2026-06-25
SUB9437482,0.76,2.01,0.53,0.18,51.81,0,0,35-44,Postpaid_Unlimited,Premium_Smartphone,4G,2026-06-17
SUB2622572,1.04,1.13,0.29,0.12,27.95,0,0,25-34,Postpaid_Premium,Basic_Phone,4G+,2026-06-13
SUB4220281,0.23,0.56,0.91,0.25,15.76,0,0,18-24,Prepaid_Monthly,Basic_Phone,4G+,2026-06-13
SUB3689784,1.4,1.7,0.27,0.31,76.42,1,0,18-24,Prepaid_Daily,5G_Device,4G,2026-06-15
SUB9175602,1.0,0.33,0.07,0.04,53.44,1,0,55+,Postpaid_Basic,Mid_Range,4G+,2026-06-16
SUB1709662,0.17,1.41,0.1,0.12,26.33,0,0,25-34,Prepaid_Monthly,Mid_Range,3G,2026-06-30
SUB7863382,0.68,0.09,0.76,0.04,77.66,0,0,55+,Postpaid_Unlimited,Premium_Smartphone,3G,2026-06-21
SUB6321129,0.72,1.83,0.24,0.09,120.38,1,1,25-34,Prepaid_Monthly,Premium_Smartphone,4G,2026-06-28
SUB9859060,1.56,0.97,0.09,0.1,30.16,0,0,25-34,Prepaid_Monthly,Mid_Range,4G,2026-06-16
SUB6672605,0.45,0.6,1.23,0.18,75.08,0,0,25-34,Postpaid_Basic,5G_Device,4G,2026-06-07
SUB3592670,0.47,4.81,0.01,0.53,97.58,1,0,25-34,Prepaid_Daily,Premium_Smartphone,4G,2026-06-17
SUB5810833,1.13,0.85,0.0,0.32,32.24,1,1,25-34,Postpaid_Basic,Mid_Range,3G,2026-06-22
SUB7703459,0.75,0.35,0.15,0.17,66.84,0,0,25-34,Prepaid_Daily,Premium_Smartphone,4G,2026-06-26
SUB7417665,0.06,0.32,0.13,0.02,20.41,0,0,25-34,Postpaid_Basic,Basic_Phone,4G,2026-06-11
SUB1442061,1.9,1.8,0.08,0.36,30.1,1,0,18-24,Postpaid_Basic,Mid_Range,3G,2026-06-17
SUB4761675,1.72,2.28,1.58,0.93,93.07,0,0,18-24,Postpaid_Basic,5G_Device,5G,2026-06-16
SUB8415745,5.25,4.94,0.14,0.55,82.9,0,0,25-34,Postpaid_Premium,Premium_Smartphone,5G,2026-06-20
SUB9082655,1.51,2.97,0.52,0.47,136.78,0,0,25-34,Prepaid_Daily,5G_Device,5G,2026-06-29
SUB9877580,2.08,0.45,0.56,1.31,53.56,0,1,35-44,Postpaid_Basic,Mid_Range,4G+,2026-06-14
SUB4081328,1.33,0.38,0.39,0.17,56.32,1,0,45-54,Prepaid_Monthly,Mid_Range,4G,2026-06-25
SUB6371112,2.0,4.42,1.29,1.92,78.03,1,0,25-34,Postpaid_Basic,Mid_Range,5G,2026-06-10
SUB9551646,4.35,1.02,1.4,0.76,51.18,0,0,18-24,Postpaid_Unlimited,Mid_Range,4G,2026-07-03
SUB8281505,0.88,6.0,0.0,0.63,122.67,0,1,25-34,Prepaid_Daily,Premium_Smartphone,4G,2026-06-09
SUB6124795,0.83,6.0,0.44,0.05,85.31,0,0,45-54,Postpaid_Premium,Premium_Smartphone,4G,2026-06-16
SUB6411263,3.94,0.68,0.51,0.01,95.03,0,0,18-24,Prepaid_Monthly,Premium_Smartphone,4G,2026-06-30
SUB4963735,7.02,3.23,0.26,0.08,105.76,0,1,35-44,Postpaid_Basic,Premium_Smartphone,5G,2026-06-14
SUB7493509,0.12,6.0,1.38,0.11,115.63,0,1,25-34,Postpaid_Premium,Premium_Smartphone,5G,2026-06-27
SUB9989138,3.61,1.68,0.41,0.02,175.91,1,1,18-24,Prepaid_Daily,5G_Device,5G,2026-06-28
SUB9824031,0.29,0.71,0.87,0.41,48.93,1,1,25-34,Postpaid_Premium,Mid_Range,3G,2026-06-25
SUB2192929,1.02,3.21,0.51,0.01,107.41,0,1,18-24,Prepaid_Daily,5G_Device,4G,2026-06-14
SUB9711998,1.16,1.41,0.15,0.01,125.45,1,1,45-54,Postpaid_Basic,Premium_Smartphone,4G,2026-06-10
SUB7555035,4.08,6.0,0.56,0.91,156.23,1,1,25-34,Postpaid_Premium,Premium_Smartphone,4G,2026-06-23
SUB5068316,1.42,0.06,0.13,0.31,40.09,0,0,35-44,Prepaid_Daily,5G_Device,3G,2026-06-17
SUB9067987,0.12,0.29,0.15,0.05,43.15,0,1,35-44,Postpaid_Premium,Basic_Phone,4G+,2026-06-19
SUB2656671,0.42,4.03,0.29,1.18,120.04,0,1,35-44,Prepaid_Daily,Premium_Smartphone,4G+,2026-06-22
SUB6681635,0.88,1.17,2.23,1.28,147.77,0,0,25-34,Postpaid_Premium,Tablet,5G,2026-06-14
SUB7145265,1.03,1.5,0.45,0.12,82.11,0,1,18-24,Postpaid_Basic,Premium_Smartphone,3G,2026-07-02
SUB9527171,1.5,3.82,0.07,0.31,64.75,0,0,25-34,Postpaid_Premium,5G_Device,4G,2026-07-05
SUB1783066,3.33,2.15,0.76,1.03,36.19,0,0,18-24,Postpaid_Unlimited,Mid_Range,4G,2026-06-13
SUB5899856,1.71,2.27,1.57,0.53,87.19,0,0,35-44,Prepaid_Monthly,Premium_Smartphone,4G,2026-07-01
SUB7240779,0.49,3.02,0.24,0.53,48.92,0,1,18-24,Prepaid_Monthly,5G_Device,3G,2026-07-04
SUB5055957,0.82,1.06,0.86,0.42,61.41,0,0,35-44,Postpaid_Unlimited,Mid_Range,4G,2026-06-10
SUB7617488,0.82,3.1,0.51,0.98,101.12,0,0,18-24,Prepaid_Daily,Premium_Smartphone,5G,2026-06-26
SUB1597897,0.29,0.08,0.06,0.05,21.86,0,0,55+,Postpaid_Basic,Basic_Phone,4G+,2026-06-29
SUB4941237,0.45,0.89,0.71,0.05,24.75,0,0,25-34,Postpaid_Unlimited,Basic_Phone,4G,2026-06-09
SUB3042999,0.47,2.75,0.14,0.21,151.28,1,0,25-34,Postpaid_Premium,Premium_Smartphone,4G+,2026-06-15
SUB4659985,0.18,0.35,0.07,0.11,146.96,0,1,55+,Prepaid_Daily,5G_Device,4G+,2026-06-15
SUB2902897,1.43,4.0,0.29,0.0,123.42,1,1,25-34,Prepaid_Daily,5G_Device,4G,2026-06-23
SUB9019213,3.7,1.25,0.1,0.03,158.91,1,0,55+,Prepaid_Monthly,Premium_Smartphone,5G,2026-06-26
SUB4576511,0.72,1.99,0.04,0.27,65.51,0,0,18-24,Prepaid_Monthly,5G_Device,4G,2026-06-14
SUB2163950,0.43,1.14,2.66,0.28,171.97,1,1,25-34,Prepaid_Daily,Premium_Smartphone,4G,2026-06-17
SUB1549148,0.47,1.67,0.51,0.1,68.66,0,0,35-44,Postpaid_Premium,Premium_Smartphone,3G,2026-07-04
SUB3773707,0.18,0.37,0.83,0.57,57.71,0,0,45-54,Prepaid_Monthly,5G_Device,3G,2026-06-12
SUB6068002,8.0,4.27,1.5,0.96,77.99,0,1,25-34,Postpaid_Unlimited,Premium_Smartphone,4G+,2026-07-06
SUB3773939,0.62,1.84,0.21,0.34,144.64,0,1,55+,Postpaid_Premium,Premium_Smartphone,4G+,2026-06-21
SUB2935740,2.7,3.11,0.71,0.16,42.84,0,0,35-44,Postpaid_Unlimited,Mid_Range,4G,2026-07-05
SUB4434955,1.65,0.64,0.07,0.22,56.23,0,0,45-54,Prepaid_Monthly,5G_Device,4G,2026-06-11
SUB5936710,0.29,0.4,0.07,0.1,30.4,0,1,25-34,Postpaid_Basic,Basic_Phone,4G,2026-06-30
SUB6155872,0.34,2.14,1.61,1.0,78.96,1,1,18-24,Prepaid_Monthly,Mid_Range,4G,2026-06-11
SUB4177326,3.52,0.98,0.25,0.5,93.1,1,0,55+,Prepaid_Monthly,Premium_Smartphone,3G,2026-06-18
SUB2554510,0.83,0.15,0.52,0.63,88.62,0,0,55+,Postpaid_Basic,Tablet,5G,2026-06-30
SUB4763122,4.04,1.7,2.14,0.0,99.11,0,1,25-34,Postpaid_Premium,5G_Device,4G,2026-06-16
SUB5421590,3.32,0.44,0.22,0.28,36.05,0,0,18-24,Prepaid_Daily,Mid_Range,3G,2026-06-11
SUB3534937,0.86,1.58,0.02,0.16,105.42,0,0,18-24,Prepaid_Monthly,Premium_Smartphone,5G,2026-06-13
SUB1812461,1.4,1.32,0.83,0.98,156.43,1,1,35-44,Prepaid_Monthly,5G_Device,5G,2026-06-08
SUB5427036,1.96,5.28,0.19,1.62,118.22,0,1,18-24,Postpaid_Premium,Premium_Smartphone,4G+,2026-07-03
SUB2718224,8.0,2.45,1.1,3.04,104.92,0,1,25-34,Postpaid_Unlimited,Premium_Smartphone,5G,2026-06-09
SUB3710626,0.62,0.74,0.32,0.02,99.58,0,0,25-34,Prepaid_Daily,Premium_Smartphone,4G,2026-06-20
SUB8906166,0.34,0.13,0.47,0.28,44.89,1,0,35-44,Prepaid_Monthly,Mid_Range,4G,2026-06-09
SUB8310108,8.0,3.38,1.27,3.7,114.71,0,0,18-24,Postpaid_Unlimited,5G_Device,4G+,2026-06-07
SUB7440010,1.04,1.49,0.03,0.64,74.75,0,0,25-34,Prepaid_Monthly,5G_Device,4G,2026-06-26
SUB9674163,1.06,0.63,0.18,0.21,112.46,0,0,35-44,Postpaid_Premium,Premium_Smartphone,4G+,2026-06-29
SUB1444191,1.15,0.69,0.86,0.22,40.96,0,1,35-44,Prepaid_Daily,Premium_Smartphone,3G,2026-06-22
SUB2502337,4.14,2.05,1.43,0.01,93.47,0,0,25-34,Prepaid_Monthly,Tablet,5G,2026-06-11
SUB4486669,0.57,1.39,0.34,0.64,36.24,1,1,25-34,Postpaid_Basic,Mid_Range,3G,2026-06-11
SUB4722946,0.32,1.09,1.77,0.0,59.34,0,0,35-44,Postpaid_Premium,Mid_Range,5G,2026-07-05
SUB8064400,0.26,0.57,0.17,0.06,44.25,0,1,45-54,Prepaid_Monthly,Mid_Range,3G,2026-06-09
SUB1224695,0.98,3.95,1.04,0.43,63.71,0,0,35-44,Prepaid_Monthly,Premium_Smartphone,4G,2026-06-09
SUB4441628,2.22,1.65,0.03,0.0,170.51,1,0,55+,Prepaid_Monthly,5G_Device,5G,2026-06-08
SUB8552975,1.62,0.76,0.45,0.35,59.75,0,0,35-44,Postpaid_Basic,Premium_Smartphone,4G,2026-06-14
SUB9123236,1.06,4.91,0.17,0.02,99.2,0,0,45-54,Postpaid_Unlimited,Premium_Smartphone,4G+,2026-06-11
SUB8761850,0.61,3.48,0.2,0.19,46.94,1,0,18-24,Postpaid_Premium,Mid_Range,4G,2026-07-04
SUB4340216,0.17,0.34,0.33,0.1,39.41,0,1,25-34,Prepaid_Daily,Basic_Phone,4G+,2026-06-28
SUB4833284,0.54,0.39,0.14,1.2,42.6,0,0,25-34,Postpaid_Unlimited,Mid_Range,3G,2026-06-26
SUB2847865,0.27,0.68,2.02,1.41,136.67,0,0,25-34,Prepaid_Daily,Premium_Smartphone,5G,2026-06-29
SUB8586725,3.81,1.63,2.96,0.18,139.56,1,1,25-34,Prepaid_Monthly,5G_Device,4G+,2026-06-10
SUB5897954,1.39,6.0,1.1,0.09,134.61,1,0,25-34,Postpaid_Premium,5G_Device,4G,2026-06-08
SUB5017136,0.52,1.09,0.1,0.24,69.2,0,0,35-44,Prepaid_Daily,Mid_Range,4G+,2026-06-27
SUB1344855,0.16,0.27,0.37,0.38,39.93,0,0,25-34,Prepaid_Daily,Basic_Phone,5G,2026-06-22
SUB6750283,0.44,0.92,0.01,0.56,81.51,0,0,25-34,Prepaid_Monthly,5G_Device,4G,2026-06-22
SUB2074961,0.12,0.33,0.0,0.01,26.83,1,0,55+,Postpaid_Premium,Basic_Phone,4G,2026-07-03
SUB5625678,2.38,0.05,0.47,0.05,70.81,0,1,25-34,Postpaid_Basic,Mid_Range,4G+,2026-06-14
SUB3377935,0.03,0.33,0.01,0.1,37.11,0,1,25-34,Prepaid_Monthly,Basic_Phone,4G+,2026-06-12
SUB2134106,0.38,0.84,2.47,0.71,101.63,1,0,25-34,Postpaid_Premium,Premium_Smartphone,4G,2026-06-07
SUB9296877,1.02,1.08,0.08,0.66,60.94,0,1,45-54,Postpaid_Premium,Mid_Range,4G,2026-07-05
SUB3474968,0.13,1.21,0.22,0.7,62.83,0,1,25-34,Postpaid_Premium,Mid_Range,4G,2026-07-04
SUB7166160,1.16,6.0,0.53,1.13,81.79,0,0,35-44,Postpaid_Basic,Premium_Smartphone,4G,2026-06-29
SUB6672540,1.49,0.94,0.08,0.27,84.33,0,1,18-24,Prepaid_Daily,Mid_Range,4G,2026-06-14
SUB6644807,0.33,0.52,0.01,0.14,32.08,0,0,25-34,Prepaid_Daily,Mid_Range,4G,2026-06-21
SUB6972558,3.97,4.65,2.7,3.36,137.25,1,0,25-34,Postpaid_Premium,Premium_Smartphone,5G,2026-06-19
SUB3442266,8.0,0.7,0.96,0.26,103.59,1,0,35-44,Postpaid_Premium,5G_Device,4G,2026-07-05
SUB5437677,3.18,2.48,0.11,4.2,90.34,1,0,45-54,Postpaid_Unlimited,Mid_Range,5G,2026-06-27
SUB6241218,0.84,0.48,0.15,0.16,34.52,0,1,35-44,Prepaid_Daily,Mid_Range,3G,2026-06-12
SUB6150635,0.59,0.19,0.16,0.11,47.55,0,1,35-44,Prepaid_Daily,Basic_Phone,5G,2026-06-22
SUB6481140,1.53,3.13,0.16,1.91,46.77,0,0,25-34,Prepaid_Daily,Premium_Smartphone,4G,2026-07-03
SUB8214615,1.42,0.93,0.43,0.46,119.36,0,1,35-44,Prepaid_Daily,5G_Device,4G,2026-06-13
SUB9010643,2.72,1.0,2.18,0.77,77.89,0,0,25-34,Postpaid_Basic,Mid_Range,5G,2026-06-10
SUB5981262,1.53,1.83,0.97,0.47,44.78,0,0,35-44,Postpaid_Unlimited,Premium_Smartphone,3G,2026-06-30
SUB5525208,2.05,0.97,1.23,0.97,55.44,1,0,25-34,Postpaid_Basic,Mid_Range,4G,2026-06-19
SUB6290717,0.61,2.82,0.89,0.78,75.63,0,0,18-24,Postpaid_Basic,Mid_Range,5G,2026-06-17
SUB1518349,0.04,0.41,0.53,0.26,18.61,0,0,25-34,Postpaid_Premium,Basic_Phone,4G,2026-06-15
SUB3881990,2.02,2.53,0.5,0.33,109.58,0,0,25-34,Prepaid_Daily,5G_Device,4G+,2026-06-23
SUB1797968,2.48,3.04,0.27,1.35,105.49,0,0,25-34,Postpaid_Premium,Premium_Smartphone,5G,2026-06-14
SUB8892861,0.26,0.28,0.69,0.39,88.01,1,1,35-44,Postpaid_Basic,Mid_Range,4G,2026-06-17
SUB9467691,0.65,0.66,0.29,0.2,84.28,0,0,18-24,Prepaid_Daily,5G_Device,4G,2026-06-30
SUB7211411,7.03,0.69,1.72,0.08,60.86,0,0,18-24,Postpaid_Basic,Mid_Range,5G,2026-06-26
SUB3655971,0.16,0.2,0.06,0.27,19.97,0,0,35-44,Postpaid_Basic,Basic_Phone,4G,2026-06-29
SUB6609125,1.15,1.71,0.56,0.61,146.29,0,1,25-34,Prepaid_Daily,5G_Device,5G,2026-06-19
SUB3874299,1.38,1.42,0.07,0.02,67.74,0,1,35-44,Prepaid_Monthly,Mid_Range,4G,2026-06-30
SUB8339838,3.22,0.48,0.51,0.08,148.91,0,0,35-44,Prepaid_Monthly,5G_Device,5G,2026-06-17
SUB8330292,0.19,0.78,0.38,0.52,110.61,0,0,55+,Prepaid_Monthly,Premium_Smartphone,4G+,2026-07-02
SUB2804673,2.17,1.38,0.44,0.9,98.82,1,0,35-44,Prepaid_Monthly,Tablet,4G,2026-06-07
SUB3938199,1.7,1.41,0.71,1.24,90.8,0,0,18-24,Postpaid_Basic,5G_Device,4G+,2026-06-07
SUB8594378,5.0,3.96,0.89,0.05,35.14,0,0,25-34,Postpaid_Basic,Mid_Range,4G,2026-06-20
SUB9998604,0.07,5.39,0.09,0.05,51.6,0,0,18-24,Postpaid_Premium,5G_Device,3G,2026-06-14
SUB5909776,0.88,0.59,0.05,0.01,45.76,0,0,55+,Postpaid_Unlimited,Mid_Range,4G,2026-06-22
SUB4303389,2.33,0.39,0.93,0.94,66.24,1,1,18-24,Postpaid_Premium,Premium_Smartphone,3G,2026-06-20
SUB9025407,4.72,1.49,0.87,0.72,79.9,0,1,25-34,Postpaid_Basic,Premium_Smartphone,4G,2026-06-29
SUB5354385,1.09,5.96,0.18,0.09,85.93,1,1,18-24,Postpaid_Premium,Premium_Smartphone,3G,2026-06-09
SUB9777198,0.07,0.36,0.1,0.23,119.12,0,1,45-54,Postpaid_Basic,5G_Device,4G,2026-06-26
SUB4151882,0.77,0.23,0.1,0.37,55.58,0,0,25-34,Prepaid_Daily,5G_Device,3G,2026-06-23
SUB4210016,0.5,1.01,0.02,0.2,37.19,0,0,55+,Prepaid_Monthly,5G_Device,3G,2026-06-09
SUB7737320,0.76,4.94,0.07,0.77,65.32,0,0,18-24,Postpaid_Premium,5G_Device,4G,2026-07-04
SUB3389383,1.09,0.95,0.21,0.06,52.35,0,0,18-24,Postpaid_Premium,Mid_Range,4G+,2026-06-16
SUB7996746,1.09,6.0,0.86,0.29,65.97,0,0,18-24,Postpaid_Unlimited,5G_Device,4G+,2026-06-21
SUB1164053,1.16,1.99,0.24,0.59,142.96,0,1,45-54,Postpaid_Basic,Premium_Smartphone,5G,2026-06-26
SUB6973544,0.09,0.88,0.86,0.04,69.88,0,1,45-54,Postpaid_Unlimited,5G_Device,3G,2026-06-12
SUB6282379,0.72,1.31,0.07,0.23,104.02,1,1,18-24,Prepaid_Daily,Tablet,3G,2026-06-21
SUB3542637,1.11,1.13,1.16,0.04,42.32,1,0,18-24,Postpaid_Basic,Mid_Range,3G,2026-06-24
SUB9033951,1.5,2.6,0.63,0.46,73.54,0,1,35-44,Postpaid_Unlimited,Mid_Range,4G,2026-06-28
SUB9107317,0.1,1.48,0.57,0.35,87.69,0,0,18-24,Prepaid_Monthly,5G_Device,4G+,2026-06-24
SUB5158549,0.13,0.73,0.08,0.15,16.22,1,0,18-24,Prepaid_Daily,Basic_Phone,4G+,2026-06-28
SUB5530889,2.76,2.65,0.27,2.63,50.27,0,0,18-24,Prepaid_Monthly,Premium_Smartphone,4G,2026-06-11
SUB9411039,3.2,1.15,0.58,0.25,82.41,0,0,18-24,Postpaid_Premium,5G_Device,4G,2026-06-12
SUB9962049,0.08,0.31,0.3,0.03,17.04,0,0,25-34,Prepaid_Daily,Basic_Phone,5G,2026-06-08
SUB9284960,8.0,5.27,0.54,2.12,79.05,0,0,18-24,Postpaid_Basic,5G_Device,5G,2026-07-01
SUB3049949,0.36,1.28,0.19,0.05,45.58,0,0,25-34,Prepaid_Daily,Tablet,3G,2026-07-02
SUB9388512,0.65,0.59,0.77,0.01,36.15,1,0,45-54,Prepaid_Monthly,Mid_Range,3G,2026-06-12
SUB2268300,1.04,4.37,1.8,0.92,75.29,1,0,25-34,Postpaid_Unlimited,5G_Device,4G,2026-06-09
SUB2947763,0.66,0.19,0.23,0.02,38.81,0,1,35-44,Prepaid_Daily,Mid_Range,3G,2026-06-14
SUB8654502,5.51,6.0,0.06,0.13,198.45,1,0,18-24,Prepaid_Daily,5G_Device,5G,2026-06-15
SUB4882149,0.34,1.07,0.77,0.33,70.98,0,1,35-44,Prepaid_Monthly,Premium_Smartphone,4G,2026-06-14
SUB5873062,7.04,1.47,1.6,0.23,104.69,1,0,25-34,Postpaid_Basic,5G_Device,4G,2026-06-19
SUB8045209,0.95,2.36,0.19,0.2,49.67,0,1,35-44,Prepaid_Monthly,Mid_Range,4G,2026-06-23
SUB9439469,1.46,3.7,0.09,0.16,50.91,1,0,18-24,Postpaid_Basic,Premium_Smartphone,3G,2026-06-11
SUB8678073,5.73,2.53,1.18,0.86,99.1,0,1,45-54,Postpaid_Unlimited,5G_Device,5G,2026-06-30
SUB5845710,4.13,1.27,0.51,0.01,55.06,0,1,18-24,Prepaid_Monthly,Mid_Range,4G,2026-06-07
SUB5000737,0.53,2.95,0.13,0.87,112.98,1,0,25-34,Prepaid_Monthly,5G_Device,4G,2026-06-17
SUB8258746,0.88,0.7,0.18,0.02,137.94,0,1,55+,Postpaid_Basic,Tablet,5G,2026-06-13
SUB2443717,0.75,2.34,0.08,0.1,44.75,0,0,35-44,Postpaid_Basic,Premium_Smartphone,3G,2026-06-12
SUB5409352,0.21,1.5,0.06,0.6,68.65,0,0,25-34,Prepaid_Daily,5G_Device,4G,2026-06-18
SUB6111142,0.31,0.47,0.27,0.3,54.69,1,0,55+,Postpaid_Basic,Premium_Smartphone,3G,2026-06-22
SUB9421928,0.82,1.94,0.29,1.37,59.95,0,0,25-34,Postpaid_Unlimited,Premium_Smartphone,3G,2026-07-04
SUB9715633,0.36,0.34,0.04,1.43,23.49,0,0,18-24,Prepaid_Monthly,Basic_Phone,4G,2026-06-27
SUB7906571,0.6,1.01,0.35,0.07,104.47,1,1,55+,Postpaid_Basic,Premium_Smartphone,4G,2026-06-28
SUB9752967,5.39,1.88,0.59,0.16,122.45,0,0,25-34,Prepaid_Daily,Premium_Smartphone,5G,2026-06-30
SUB2308507,1.41,1.88,0.15,0.29,78.14,0,1,45-54,Postpaid_Basic,Premium_Smartphone,4G,2026-06-09
SUB5066621,1.99,1.45,0.19,0.18,69.55,0,0,18-24,Prepaid_Monthly,Mid_Range,5G,2026-07-06
SUB1100734,1.31,1.65,0.52,0.36,57.24,0,0,35-44,Postpaid_Basic,Mid_Range,4G+,2026-06-22
SUB9546310,0.81,1.19,3.49,4.77,153.11,1,1,25-34,Postpaid_Basic,5G_Device,4G,2026-06-07
SUB3851274,0.04,0.26,0.11,0.09,125.52,1,0,55+,Prepaid_Daily,Mid_Range,5G,2026-07-04
SUB2225811,1.67,0.21,0.29,0.19,71.51,0,1,35-44,Postpaid_Premium,Mid_Range,5G,2026-06-11
SUB4081091,0.68,0.63,0.52,0.83,62.3,0,0,18-24,Postpaid_Basic,Mid_Range,4G+,2026-06-11
SUB4829049,1.35,0.99,0.63,1.59,149.07,0,0,35-44,Prepaid_Monthly,Premium_Smartphone,5G,2026-06-21
SUB2868670,0.4,4.44,0.97,0.32,74.81,1,0,18-24,Postpaid_Unlimited,Tablet,3G,2026-07-02
SUB8265406,0.55,0.62,0.7,0.0,75.93,1,0,45-54,Prepaid_Daily,5G_Device,3G,2026-06-26
SUB5813673,0.74,0.29,0.23,0.27,34.83,0,0,45-54,Postpaid_Premium,Mid_Range,4G,2026-06-14
SUB5755469,0.51,0.51,0.85,0.27,42.64,0,0,25-34,Prepaid_Monthly,Mid_Range,4G+,2026-06-15
SUB8551989,0.17,1.36,0.92,1.66,129.98,1,1,45-54,Postpaid_Basic,5G_Device,4G,2026-06-08
SUB5335702,0.57,1.19,0.68,0.26,101.09,0,0,18-24,Prepaid_Monthly,5G_Device,4G,2026-07-05
SUB8974411,2.14,1.54,0.8,0.57,107.75,1,0,25-34,Prepaid_Monthly,Mid_Range,5G,2026-06-16
SUB3962732,1.69,2.64,1.19,0.38,76.82,0,1,25-34,Prepaid_Daily,5G_Device,4G,2026-06-25
SUB2992825,1.22,2.18,0.52,0.13,44.74,0,1,35-44,Postpaid_Premium,Mid_Range,4G,2026-06-08
SUB4832978,6.83,1.7,0.06,0.22,113.58,0,0,18-24,Postpaid_Premium,Premium_Smartphone,4G+,2026-06-09
SUB7152941,0.52,0.52,0.05,0.12,45.3,1,0,45-54,Postpaid_Premium,Basic_Phone,5G,2026-06-19
SUB5115811,5.71,6.0,0.92,0.05,128.47,1,0,18-24,Postpaid_Unlimited,Tablet,4G,2026-06-15
SUB9983212,0.16,0.05,3.4,2.16,68.24,0,0,35-44,Postpaid_Unlimited,5G_Device,4G,2026-06-28
SUB4174108,1.03,6.0,0.07,0.28,48.67,0,0,18-24,Postpaid_Basic,Mid_Range,4G,2026-06-19
SUB3731638,0.72,0.39,0.0,0.81,66.71,0,0,45-54,Postpaid_Premium,Premium_Smartphone,3G,2026-06-26
SUB1264500,0.99,2.4,0.13,0.1,45.29,0,0,18-24,Prepaid_Daily,Mid_Range,4G,2026-06-24
SUB3976031,0.8,1.18,0.33,0.48,30.2,0,1,25-34,Postpaid_Premium,Basic_Phone,4G,2026-06-11
SUB7512427,1.0,0.99,1.53,0.35,97.66,1,1,25-34,Postpaid_Premium,Mid_Range,4G,2026-06-13
SUB3903633,1.31,1.1,0.37,0.35,91.35,0,0,35-44,Prepaid_Daily,Premium_Smartphone,4G,2026-06-24
SUB6711813,0.23,0.22,0.12,0.92,35.84,0,1,25-34,Postpaid_Basic,Basic_Phone,4G,2026-07-02
SUB2940369,1.23,6.0,0.2,0.82,109.46,0,0,35-44,Postpaid_Unlimited,Premium_Smartphone,5G,2026-06-23
SUB4948242,1.24,0.63,0.1,0.66,103.77,0,0,25-34,Prepaid_Daily,Premium_Smartphone,4G+,2026-07-06
SUB9127125,1.41,0.21,0.1,0.08,75.26,1,1,45-54,Prepaid_Monthly,Premium_Smartphone,3G,2026-06-25
SUB2217060,1.66,0.23,0.12,0.29,60.66,0,1,18-24,Prepaid_Monthly,Mid_Range,4G,2026-06-09
SUB2031519,1.02,0.24,0.04,0.52,58.72,1,0,25-34,Prepaid_Monthly,Basic_Phone,5G,2026-06-21
SUB5678714,0.77,0.75,0.3,0.5,63.36,0,0,25-34,Prepaid_Daily,Mid_Range,5G,2026-06-22
SUB9109698,1.16,1.01,0.49,0.11,80.5,1,1,18-24,Prepaid_Monthly,Mid_Range,4G,2026-06-20
SUB2390281,0.17,0.67,0.15,0.44,85.52,0,0,18-24,Prepaid_Monthly,Premium_Smartphone,5G,2026-06-16
SUB4941106,0.47,0.17,0.08,0.0,52.46,0,0,55+,Postpaid_Unlimited,5G_Device,3G,2026-06-30
SUB3322466,0.73,0.13,0.13,0.01,100.27,0,1,55+,Prepaid_Monthly,Mid_Range,5G,2026-06-20
SUB8778748,3.04,1.17,0.13,0.1,149.14,0,0,35-44,Prepaid_Monthly,Premium_Smartphone,5G,2026-06-13
SUB9099932,0.72,0.36,0.56,0.07,28.74,0,0,25-34,Prepaid_Monthly,Basic_Phone,5G,2026-07-05
SUB2851317,1.62,0.13,0.76,0.26,114.83,1,1,25-34,Prepaid_Daily,Mid_Range,4G+,2026-07-03
SUB2946830,0.43,0.3,0.28,0.48,62.86,0,0,35-44,Postpaid_Unlimited,Premium_Smartphone,3G,2026-06-18
SUB3614150,3.66,3.55,0.24,0.87,66.79,1,0,18-24,Postpaid_Premium,Premium_Smartphone,4G,2026-06-26
SUB8238987,0.18,0.5,1.61,0.25,87.45,0,0,55+,Postpaid_Basic,5G_Device,4G,2026-06-20
SUB5660061,7.35,4.44,2.41,1.35,129.76,1,1,18-24,Postpaid_Basic,Premium_Smartphone,4G,2026-06-07
SUB3605214,0.28,0.14,0.07,0.14,13.72,0,0,55+,Postpaid_Basic,Basic_Phone,5G,2026-06-11
SUB8923641,1.0,4.64,0.68,0.39,122.89,0,0,25-34,Prepaid_Monthly,Premium_Smartphone,5G,2026-06-11
SUB3229180,0.78,1.14,0.35,0.13,106.92,0,0,45-54,Prepaid_Daily,5G_Device,5G,2026-06-30
SUB5188891,0.23,3.16,0.16,0.64,108.23,0,1,18-24,Prepaid_Monthly,Premium_Smartphone,4G,2026-07-02
SUB5031419,0.07,5.53,0.28,1.09,87.8,0,0,45-54,Postpaid_Unlimited,Tablet,5G,2026-06-08
SUB5495511,0.13,0.06,0.03,0.11,19.93,0,1,25-34,Prepaid_Daily,Basic_Phone,3G,2026-06-23
SUB2424945,2.1,2.13,0.2,0.04,79.17,0,1,35-44,Postpaid_Basic,5G_Device,3G,2026-06-29
SUB3363999,0.04,0.06,0.17,0.05,32.14,0,0,45-54,Prepaid_Daily,Mid_Range,4G,2026-06-13
SUB5790691,0.22,0.24,0.14,0.1,80.92,1,0,18-24,Prepaid_Daily,Premium_Smartphone,3G,2026-06-18
SUB9807673,8.0,1.47,0.62,0.79,149.66,1,0,25-34,Postpaid_Basic,Premium_Smartphone,4G+,2026-06-08
SUB5225889,6.28,0.74,0.59,0.03,65.29,1,1,25-34,Prepaid_Monthly,Mid_Range,4G,2026-06-24
SUB4092195,3.51,4.62,0.3,0.45,79.33,0,0,25-34,Postpaid_Unlimited,Tablet,4G,2026-06-26
SUB1289102,0.39,0.73,0.67,0.01,71.59,0,0,25-34,Prepaid_Monthly,Mid_Range,5G,2026-06-19
SUB5443778,0.06,0.24,0.09,0.31,57.9,0,0,25-34,Prepaid_Monthly,Mid_Range,4G,2026-06-13
SUB9043756,0.77,0.6,0.59,0.53,64.98,0,0,25-34,Postpaid_Basic,5G_Device,4G,2026-06-25
SUB5162065,1.51,1.52,0.63,0.03,61.99,0,1,35-44,Postpaid_Premium,Mid_Range,4G,2026-06-12
SUB1260116,0.56,0.64,0.32,0.13,37.21,0,0,35-44,Prepaid_Daily,Mid_Range,4G,2026-06-23
SUB7086368,8.0,0.84,0.35,0.55,72.81,0,0,18-24,Postpaid_Basic,Premium_Smartphone,4G,2026-06-19
SUB5214279,2.04,3.64,0.84,0.63,66.25,0,0,45-54,Postpaid_Premium,5G_Device,4G+,2026-06-18
SUB2257949,0.15,0.97,0.12,0.1,114.41,0,0,45-54,Prepaid_Daily,Tablet,4G+,2026-06-21
SUB8537165,8.0,6.0,0.56,1.05,114.69,0,1,25-34,Postpaid_Unlimited,5G_Device,4G,2026-06-08
SUB4850241,1.24,0.38,3.41,1.45,57.0,0,0,25-34,Prepaid_Monthly,5G_Device,4G,2026-06-10
SUB6538166,2.73,1.52,0.47,1.37,124.38,1,0,25-34,Prepaid_Daily,5G_Device,5G,2026-06-12
SUB1388076,1.24,0.62,0.92,1.01,70.9,0,0,35-44,Postpaid_Basic,Premium_Smartphone,5G,2026-07-05
SUB5884797,0.79,1.74,0.53,1.33,101.81,1,1,35-44,Prepaid_Daily,Mid_Range,4G+,2026-06-14
SUB6540070,2.85,1.49,0.66,3.06,96.41,0,0,18-24,Postpaid_Premium,5G_Device,5G,2026-06-12
SUB7491878,0.39,2.29,1.13,0.07,57.42,1,0,35-44,Postpaid_Basic,Mid_Range,4G+,2026-06-27
SUB2960826,0.25,0.69,0.09,0.0,34.74,1,0,25-34,Prepaid_Daily,Basic_Phone,4G+,2026-07-01
SUB3844664,8.0,3.95,1.33,4.94,96.98,0,1,18-24,Postpaid_Unlimited,5G_Device,4G+,2026-06-08
SUB3613275,8.0,3.61,0.58,0.61,75.32,1,0,35-44,Postpaid_Premium,Tablet,4G,2026-06-11
SUB2378369,0.59,3.64,0.38,0.23,69.8,1,0,35-44,Postpaid_Basic,Mid_Range,4G,2026-07-04
SUB3090212,0.85,3.31,0.56,0.21,89.1,0,0,25-34,Prepaid_Monthly,Mid_Range,5G,2026-06-19
SUB6230852,1.09,1.09,0.22,0.09,61.73,0,0,25-34,Prepaid_Daily,Premium_Smartphone,3G,2026-06-29
SUB5171774,0.16,0.85,0.02,0.39,58.72,0,0,55+,Postpaid_Premium,Mid_Range,4G,2026-06-16
SUB1152999,0.21,1.09,0.7,0.4,65.79,0,0,35-44,Postpaid_Premium,Mid_Range,4G+,2026-07-05
SUB5542923,0.33,1.31,0.21,0.47,68.89,0,0,35-44,Prepaid_Daily,Premium_Smartphone,4G,2026-06-10
SUB9449975,4.21,0.88,0.13,0.38,27.39,0,0,18-24,Postpaid_Basic,Mid_Range,4G,2026-06-16
SUB5600108,0.92,0.65,0.64,0.01,36.34,0,0,18-24,Postpaid_Basic,Mid_Range,4G,2026-06-20
SUB3854190,1.92,1.28,0.33,0.19,84.06,1,0,25-34,Prepaid_Monthly,5G_Device,4G,2026-06-28
SUB2284382,8.0,5.87,0.13,1.95,122.56,0,0,25-34,Postpaid_Premium,Premium_Smartphone,5G,2026-06-20
SUB8196042,0.42,0.03,0.01,0.0,40.55,1,0,45-54,Prepaid_Daily,Basic_Phone,4G+,2026-06-19
SUB4853321,6.71,0.48,1.02,1.91,200.0,1,1,25-34,Prepaid_Monthly,Premium_Smartphone,5G,2026-06-10
SUB3654837,0.39,0.19,0.11,0.04,14.33,0,0,25-34,Prepaid_Daily,Basic_Phone,3G,2026-07-01
SUB8684365,0.41,1.52,0.32,0.02,75.46,0,0,25-34,Prepaid_Monthly,Tablet,4G,2026-06-21
SUB2042377,2.17,1.32,0.02,0.06,44.92,0,1,25-34,Prepaid_Monthly,Mid_Range,4G,2026-06-08
SUB5577033,0.38,0.17,0.06,0.32,76.02,1,1,55+,Postpaid_Unlimited,5G_Device,3G,2026-07-06
SUB7105931,5.44,3.0,0.72,0.1,136.56,0,1,35-44,Postpaid_Premium,5G_Device,5G,2026-07-01
SUB4257181,0.89,0.57,0.9,0.96,91.72,0,1,18-24,Prepaid_Daily,Premium_Smartphone,4G,2026-06-17
SUB6262696,8.0,0.22,0.13,0.44,76.21,1,0,35-44,Postpaid_Premium,Mid_Range,4G,2026-06-26
SUB6154048,1.16,0.42,1.09,0.11,85.84,0,0,35-44,Postpaid_Premium,5G_Device,4G,2026-06-20
SUB1923780,0.95,0.54,0.05,0.01,22.98,0,0,35-44,Prepaid_Monthly,Mid_Range,3G,2026-06-19
SUB9361735,0.3,0.33,0.1,0.01,76.19,0,0,18-24,Prepaid_Daily,Mid_Range,5G,2026-07-01
SUB2942811,0.34,0.9,0.14,0.01,43.85,0,1,25-34,Prepaid_Daily,Mid_Range,3G,2026-06-18
SUB7507640,0.25,4.26,1.95,0.1,69.85,1,0,18-24,Prepaid_Monthly,Premium_Smartphone,4G,2026-06-09
SUB1298090,0.34,0.42,0.01,0.0,34.44,0,0,45-54,Postpaid_Premium,Mid_Range,3G,2026-06-24
SUB9705956,1.05,0.76,0.77,0.03,63.21,0,0,35-44,Postpaid_Basic,Tablet,4G,2026-06-19
SUB6425838,2.8,0.98,2.02,0.31,57.9,0,0,25-34,Postpaid_Unlimited,Mid_Range,4G,2026-06-08
SUB9480932,5.64,4.2,1.52,2.05,150.25,0,0,25-34,Postpaid_Premium,5G_Device,5G,2026-06-14
SUB3320688,0.85,0.41,0.16,0.02,37.82,0,0,18-24,Prepaid_Monthly,Basic_Phone,5G,2026-06-29
SUB2805808,1.91,4.79,0.32,1.05,24.74,0,0,18-24,Postpaid_Premium,Mid_Range,3G,2026-07-02
SUB5220459,0.15,0.28,0.16,0.19,22.4,0,0,55+,Prepaid_Daily,Mid_Range,3G,2026-06-10
SUB5536119,1.91,1.16,0.29,1.35,90.86,0,0,18-24,Prepaid_Daily,Tablet,4G+,2026-06-22
SUB5015470,1.76,0.2,0.37,0.02,41.99,0,0,18-24,Postpaid_Basic,Basic_Phone,5G,2026-06-21
SUB5654798,0.6,0.82,0.09,0.12,90.99,0,0,55+,Prepaid_Monthly,Premium_Smartphone,4G,2026-06-24
SUB4622138,0.32,3.78,0.19,0.81,38.61,0,0,25-34,Prepaid_Monthly,Mid_Range,4G,2026-06-21
SUB1937841,5.64,0.83,0.29,0.01,120.97,0,1,45-54,Postpaid_Premium,5G_Device,4G,2026-06-27
SUB9061896,3.27,3.7,0.68,0.22,67.21,0,1,18-24,Postpaid_Unlimited,Mid_Range,5G,2026-06-30
SUB3843940,2.21,3.04,0.07,0.07,55.17,0,1,35-44,Prepaid_Monthly,Mid_Range,4G+,2026-07-06
SUB4932441,5.4,1.17,1.13,0.56,165.46,1,0,25-34,Prepaid_Monthly,Premium_Smartphone,5G,2026-06-10
SUB2207068,0.9,0.67,0.02,0.13,27.41,0,0,45-54,Postpaid_Basic,Mid_Range,3G,2026-06-17
SUB5364406,2.38,4.54,2.25,0.11,141.66,0,0,18-24,Postpaid_Premium,Premium_Smartphone,5G,2026-07-02
SUB9782882,0.19,0.36,0.98,0.06,39.12,0,0,25-34,Prepaid_Monthly,Mid_Range,4G+,2026-07-05
SUB2386980,1.66,1.78,0.09,0.6,89.6,0,0,45-54,Postpaid_Unlimited,Premium_Smartphone,4G,2026-07-02
SUB2208052,4.65,0.63,0.32,1.74,61.97,0,0,25-34,Postpaid_Premium,Mid_Range,4G+,2026-06-20
SUB8500960,3.86,2.61,0.61,0.57,108.2,0,1,35-44,Postpaid_Basic,Mid_Range,5G,2026-06-07
SUB4040267,5.72,3.87,0.3,0.01,47.81,0,0,18-24,Postpaid_Unlimited,Premium_Smartphone,4G,2026-07-06
SUB2180887,5.01,1.05,4.0,0.03,47.38,0,1,18-24,Postpaid_Unlimited,Mid_Range,3G,2026-06-29
SUB5439850,0.6,0.3,0.74,0.13,64.44,0,0,35-44,Prepaid_Daily,Premium_Smartphone,4G,2026-06-30
SUB8536765,1.11,1.59,0.08,0.22,158.85,0,0,35-44,Prepaid_Daily,Premium_Smartphone,5G,2026-06-27
SUB2896220,0.32,1.23,0.1,1.48,77.75,0,1,55+,Postpaid_Premium,5G_Device,4G,2026-06-29
SUB4138744,1.41,3.62,1.52,0.0,69.18,1,1,35-44,Postpaid_Unlimited,Mid_Range,4G,2026-06-15
SUB9535078,2.26,3.47,2.69,1.52,82.81,1,1,25-34,Postpaid_Premium,Premium_Smartphone,4G,2026-07-02
SUB7935774,1.0,0.3,0.28,0.69,52.75,0,0,45-54,Prepaid_Monthly,Mid_Range,4G+,2026-06-25
SUB2367223,3.23,1.05,0.27,0.21,61.04,0,0,18-24,Postpaid_Premium,Mid_Range,4G,2026-07-03
SUB3428081,5.57,0.82,0.31,0.56,90.8,1,0,25-34,Prepaid_Monthly,Premium_Smartphone,4G,2026-07-06
SUB5273445,1.83,1.83,0.69,1.14,53.87,1,0,25-34,Postpaid_Unlimited,Mid_Range,3G,2026-06-08
SUB4184790,2.38,2.76,1.79,0.22,91.4,1,0,18-24,Prepaid_Monthly,Premium_Smartphone,4G,2026-06-10
SUB7681935,3.53,3.27,0.03,1.53,163.97,0,1,45-54,Postpaid_Unlimited,Premium_Smartphone,4G+,2026-06-18
SUB7689142,0.23,0.3,0.3,0.68,82.46,0,1,25-34,Prepaid_Monthly,Premium_Smartphone,4G,2026-06-07
SUB5990961,0.92,0.33,0.16,0.42,28.79,0,0,35-44,Postpaid_Unlimited,Basic_Phone,4G,2026-06-26
SUB4646804,0.95,1.03,0.38,0.11,49.92,0,0,25-34,Prepaid_Monthly,Mid_Range,4G,2026-06-14
SUB1647296,1.35,1.89,0.09,0.17,35.97,0,0,25-34,Postpaid_Premium,Mid_Range,4G,2026-07-04
SUB2549302,1.21,5.08,0.24,1.1,52.43,0,1,18-24,Postpaid_Unlimited,Mid_Range,4G,2026-06-09
SUB4122951,0.36,0.46,0.28,0.07,16.38,0,0,35-44,Postpaid_Basic,Basic_Phone,4G,2026-06-23
SUB1800101,4.18,1.0,0.17,1.63,38.68,0,1,25-34,Postpaid_Premium,Mid_Range,3G,2026-06-30
SUB5100612,0.78,1.08,0.06,0.03,133.29,0,0,45-54,Prepaid_Daily,Premium_Smartphone,4G+,2026-07-06
SUB6877845,0.32,0.21,0.01,0.15,34.5,0,0,18-24,Postpaid_Basic,Basic_Phone,5G,2026-06-18
SUB7014126,2.17,6.0,0.77,3.91,163.83,1,1,18-24,Postpaid_Unlimited,5G_Device,4G+,2026-07-04
SUB6238561,0.35,3.27,0.82,1.1,60.15,0,0,35-44,Prepaid_Monthly,Tablet,4G,2026-06-12
SUB7339776,0.92,1.18,0.06,0.08,31.22,0,1,45-54,Postpaid_Premium,Basic_Phone,4G,2026-07-01
SUB9885366,0.53,0.96,2.03,1.62,59.68,1,0,25-34,Postpaid_Premium,Mid_Range,5G,2026-06-24
SUB9121757,0.69,3.22,0.24,0.18,54.53,0,0,35-44,Prepaid_Monthly,Premium_Smartphone,4G,2026-06-25
SUB5642929,0.85,0.05,0.16,0.12,151.3,1,1,55+,Prepaid_Monthly,Mid_Range,5G,2026-06-11
SUB9417233,2.77,0.68,0.36,0.36,152.42,1,1,55+,Prepaid_Monthly,5G_Device,4G,2026-07-06
SUB3833552,0.4,1.67,0.29,0.33,56.66,0,0,35-44,Prepaid_Daily,Mid_Range,4G,2026-06-10
SUB8376519,3.31,0.59,0.51,0.17,69.89,0,1,35-44,Postpaid_Unlimited,Mid_Range,5G,2026-06-24
SUB6701934,1.55,0.45,0.26,0.2,14.38,0,0,18-24,Postpaid_Premium,Basic_Phone,4G,2026-07-03
SUB2276647,0.27,1.15,0.6,0.25,61.52,0,1,45-54,Prepaid_Monthly,Mid_Range,5G,2026-06-15
SUB6416775,2.62,0.76,0.02,0.29,50.78,0,0,25-34,Prepaid_Monthly,Mid_Range,4G+,2026-07-05
SUB9704813,1.34,1.43,0.23,0.23,83.61,1,1,55+,Postpaid_Premium,Mid_Range,4G,2026-07-04
SUB4045315,1.89,0.45,0.15,0.68,43.25,0,0,18-24,Prepaid_Monthly,Mid_Range,4G,2026-06-22
SUB4144480,5.12,0.74,1.65,0.4,146.41,0,1,25-34,Prepaid_Monthly,Premium_Smartphone,5G,2026-06-10
SUB4570834,0.14,1.19,0.43,0.11,51.45,1,0,35-44,Prepaid_Monthly,Mid_Range,4G,2026-07-03
SUB5828761,1.58,1.18,1.8,2.5,66.95,0,1,25-34,Postpaid_Unlimited,5G_Device,3G,2026-07-06
SUB4940285,1.39,0.3,0.42,0.11,52.93,0,0,18-24,Prepaid_Daily,Mid_Range,4G,2026-07-01
SUB7851803,0.22,0.42,0.05,0.85,58.68,1,0,35-44,Prepaid_Monthly,Mid_Range,5G,2026-06-26
SUB6742533,0.12,1.15,0.35,0.14,64.47,1,0,45-54,Postpaid_Unlimited,Basic_Phone,5G,2026-06-22
SUB8324222,0.92,1.75,0.03,1.43,70.58,0,0,35-44,Prepaid_Daily,Premium_Smartphone,4G+,2026-07-02
SUB3627144,8.0,3.55,0.27,0.66,115.14,1,1,18-24,Postpaid_Unlimited,Premium_Smartphone,4G+,2026-07-02
SUB3825896,1.14,0.86,0.74,0.13,94.91,0,1,35-44,Prepaid_Monthly,Mid_Range,4G+,2026-07-04
SUB5936792,1.45,1.41,0.21,0.43,38.29,0,0,25-34,Prepaid_Daily,Mid_Range,4G,2026-06-22
SUB5876872,1.95,0.77,0.05,0.38,80.26,1,0,18-24,Prepaid_Daily,Tablet,4G,2026-06-17
SUB3739956,0.68,1.59,0.23,0.14,83.84,0,0,35-44,Prepaid_Daily,5G_Device,4G,2026-07-02
SUB3619980,0.78,0.24,0.01,0.36,64.76,0,0,45-54,Prepaid_Daily,Mid_Range,5G,2026-06-28
SUB1721384,2.45,1.04,0.47,0.15,82.25,0,1,25-34,Prepaid_Daily,Premium_Smartphone,4G,2026-06-30
SUB9908385,1.65,0.65,0.8,0.21,68.22,0,0,25-34,Prepaid_Monthly,Mid_Range,5G,2026-06-25
SUB8716220,0.88,0.5,0.04,0.12,29.34,0,0,25-34,Prepaid_Daily,Basic_Phone,4G+,2026-06-15
SUB3887698,0.39,0.69,1.24,0.01,57.88,0,0,25-34,Postpaid_Premium,5G_Device,4G,2026-06-28
SUB3432593,3.04,0.49,0.45,4.53,34.8,0,0,18-24,Postpaid_Premium,Premium_Smartphone,3G,2026-07-04
SUB5031464,0.84,1.09,0.19,0.12,73.15,0,1,55+,Postpaid_Unlimited,Mid_Range,4G,2026-06-30
SUB4390742,1.11,1.04,0.0,0.06,88.38,0,0,45-54,Postpaid_Basic,5G_Device,4G+,2026-06-08
SUB9545106,0.68,2.23,0.61,0.86,58.45,0,0,35-44,Postpaid_Unlimited,Premium_Smartphone,3G,2026-07-03
SUB8357804,0.2,0.37,0.02,0.0,34.94,1,0,25-34,Prepaid_Daily,Basic_Phone,4G+,2026-06-24
SUB7133066,0.28,0.72,0.03,0.0,94.78,1,1,45-54,Prepaid_Daily,Mid_Range,4G+,2026-06-28
SUB3887296,0.36,0.75,1.09,0.67,111.94,0,1,25-34,Prepaid_Monthly,Premium_Smartphone,4G,2026-06-27
SUB7529845,1.59,0.79,0.54,0.63,70.85,1,0,25-34,Postpaid_Premium,Mid_Range,4G+,2026-06-15
SUB3736582,0.83,0.7,0.88,0.31,33.49,0,0,18-24,Postpaid_Unlimited,Premium_Smartphone,3G,2026-06-29
SUB8956056,1.87,1.1,0.58,0.51,36.63,0,0,35-44,Postpaid_Basic,Mid_Range,4G,2026-07-04
SUB2100500,0.65,0.07,0.19,0.08,50.79,1,0,55+,Prepaid_Monthly,Mid_Range,4G,2026-06-17
SUB2576590,0.47,4.67,1.57,3.07,103.0,0,0,18-24,Postpaid_Premium,5G_Device,4G+,2026-06-25
SUB6594176,0.34,1.51,0.25,0.08,83.66,0,0,18-24,Prepaid_Daily,Tablet,4G,2026-06-29
SUB2961977,3.15,0.39,3.42,0.18,104.12,0,1,25-34,Postpaid_Basic,Premium_Smartphone,4G,2026-06-15
SUB8049926,5.52,1.18,1.25,1.3,179.84,1,0,45-54,Postpaid_Basic,Premium_Smartphone,5G,2026-06-18
SUB5032654,3.1,2.29,0.27,0.07,59.5,0,0,25-34,Prepaid_Daily,5G_Device,4G,2026-06-09
SUB1664468,7.02,1.47,0.3,0.07,91.88,0,0,25-34,Prepaid_Daily,Premium_Smartphone,4G,2026-06-21
SUB7500242,0.45,2.01,0.89,0.39,67.29,0,0,35-44,Postpaid_Premium,Mid_Range,4G+,2026-06-29
SUB8899963,4.18,6.0,1.4,0.6,59.12,1,1,25-34,Postpaid_Basic,Mid_Range,4G,2026-07-05
SUB7978140,2.85,1.71,1.35,0.03,76.51,0,1,18-24,Prepaid_Monthly,Premium_Smartphone,4G,2026-06-09
SUB4037099,0.56,1.64,0.26,0.55,46.6,0,1,18-24,Prepaid_Monthly,Mid_Range,3G,2026-06-23
SUB5828426,4.59,2.62,0.02,0.3,73.33,0,0,35-44,Postpaid_Unlimited,Mid_Range,5G,2026-06-28
SUB9100706,0.62,0.73,0.21,0.07,58.1,0,0,25-34,Prepaid_Monthly,Premium_Smartphone,3G,2026-07-05
SUB3042823,0.07,0.11,0.13,0.18,41.95,1,0,55+,Prepaid_Daily,Mid_Range,3G,2026-06-16
SUB2048173,3.04,2.98,0.03,0.52,56.93,0,0,35-44,Postpaid_Basic,Mid_Range,4G+,2026-07-05
SUB9379341,1.62,1.47,0.49,1.27,61.17,0,1,18-24,Postpaid_Basic,Mid_Range,4G,2026-07-04
SUB7579137,2.16,0.5,0.04,0.49,72.39,1,0,25-34,Prepaid_Daily,Mid_Range,5G,2026-06-28
SUB2912584,0.22,0.93,0.02,2.08,62.03,0,0,25-34,Prepaid_Monthly,5G_Device,4G+,2026-07-05
SUB4777538,3.26,1.66,0.85,1.02,74.05,0,1,18-24,Prepaid_Monthly,Premium_Smartphone,4G,2026-06-23
SUB1225049,0.68,0.56,0.12,0.89,105.33,1,0,55+,Postpaid_Basic,5G_Device,4G,2026-06-27
SUB1747419,2.47,2.73,0.33,0.2,88.25,0,0,45-54,Prepaid_Monthly,Premium_Smartphone,4G,2026-06-23
SUB6438684,2.4,6.0,2.44,1.26,156.67,0,1,18-24,Postpaid_Premium,Premium_Smartphone,5G,2026-06-16
SUB7030489,3.96,1.8,4.0,0.4,110.71,1,0,25-34,Postpaid_Unlimited,Premium_Smartphone,4G,2026-06-12
SUB6537803,5.52,1.94,4.0,0.51,83.4,1,1,18-24,Postpaid_Unlimited,Mid_Range,5G,2026-06-29
SUB3380932,0.46,1.11,1.55,0.03,116.96,1,0,25-34,Postpaid_Premium,Premium_Smartphone,4G,2026-06-23
SUB2654753,0.35,1.12,0.02,0.07,99.76,0,0,35-44,Postpaid_Basic,Premium_Smartphone,4G,2026-06-11
SUB9793380,0.16,1.01,0.16,1.92,93.71,1,0,25-34,Postpaid_Premium,Tablet,4G,2026-06-14
SUB1571107,4.01,0.42,0.02,0.02,111.13,0,1,55+,Postpaid_Premium,5G_Device,4G,2026-06-07
SUB3086213,0.97,0.84,0.04,0.39,50.25,0,0,18-24,Postpaid_Premium,Mid_Range,4G,2026-06-25
SUB4358509,0.28,0.2,0.05,0.0,10.64,1,0,35-44,Prepaid_Daily,Basic_Phone,4G,2026-06-25
SUB3779499,2.93,0.22,0.61,0.83,178.21,0,1,45-54,Prepaid_Daily,Premium_Smartphone,5G,2026-06-24
SUB8313834,0.2,0.15,0.29,0.01,26.9,0,0,25-34,Postpaid_Unlimited,Basic_Phone,4G,2026-06-14
SUB9937492,1.95,0.04,0.04,0.27,18.45,0,1,18-24,Postpaid_Unlimited,Basic_Phone,4G+,2026-06-27
SUB2999254,0.46,0.97,0.27,0.0,50.69,1,0,18-24,Postpaid_Basic,Mid_Range,4G,2026-06-10
SUB6044842,3.2,3.07,0.66,0.53,41.0,0,0,25-34,Postpaid_Unlimited,Mid_Range,3G,2026-06-17
SUB5156532,0.2,1.22,0.01,0.01,91.5,1,0,55+,Postpaid_Premium,Mid_Range,4G+,2026-06-26
SUB7592910,0.28,1.46,0.66,0.53,98.44,0,0,55+,Postpaid_Basic,Premium_Smartphone,4G,2026-07-03
SUB6561112,0.64,0.23,0.14,0.26,79.05,0,1,55+,Prepaid_Monthly,Tablet,4G,2026-06-21
SUB6382858,1.31,0.18,0.06,0.05,41.26,0,0,45-54,Postpaid_Basic,Mid_Range,4G,2026-06-14
SUB6017650,1.49,2.57,0.15,0.4,50.04,0,0,25-34,Postpaid_Basic,Mid_Range,4G,2026-06-14
SUB8188238,1.11,1.49,0.23,0.5,94.37,1,0,55+,Postpaid_Unlimited,Premium_Smartphone,5G,2026-07-01
SUB8909699,0.47,0.39,0.1,0.0,34.98,1,0,55+,Postpaid_Basic,Mid_Range,3G,2026-06-15
SUB4617556,1.74,3.28,1.11,0.88,48.33,0,0,25-34,Postpaid_Premium,5G_Device,4G,2026-07-05
SUB1258517,8.0,2.76,2.5,0.0,46.84,0,0,25-34,Postpaid_Premium,Mid_Range,5G,2026-06-17
SUB7428540,0.36,0.56,0.17,1.03,57.51,1,0,25-34,Prepaid_Daily,Tablet,3G,2026-07-01
SUB1705475,2.84,1.78,2.8,0.25,78.18,1,0,18-24,Prepaid_Daily,Mid_Range,5G,2026-06-30
SUB5338843,6.52,1.01,4.0,0.46,54.82,1,0,18-24,Postpaid_Premium,5G_Device,3G,2026-06-15
SUB1424226,1.12,0.14,0.11,0.01,76.07,0,0,55+,Prepaid_Monthly,Premium_Smartphone,4G,2026-06-14
SUB5117923,0.26,0.96,0.18,1.0,130.68,0,0,55+,Postpaid_Premium,5G_Device,4G+,2026-06-25
SUB6613201,0.82,0.87,0.95,0.14,47.06,0,0,18-24,Prepaid_Daily,Premium_Smartphone,3G,2026-06-15
SUB7303745,1.0,0.0,1.03,2.99,130.32,0,0,25-34,Prepaid_Monthly,Premium_Smartphone,5G,2026-06-17
SUB1698956,0.93,0.5,0.57,0.69,140.29,0,0,45-54,Prepaid_Daily,Premium_Smartphone,5G,2026-07-03
SUB4403096,1.53,6.0,0.08,0.04,120.62,1,0,35-44,Prepaid_Monthly,5G_Device,4G,2026-06-14
SUB7278602,0.93,1.73,0.09,0.63,124.41,1,1,25-34,Prepaid_Daily,5G_Device,4G,2026-06-18
SUB7143326,2.93,2.21,0.36,0.07,47.47,1,0,35-44,Postpaid_Unlimited,Mid_Range,4G,2026-06-21
SUB1175211,2.51,0.63,0.28,0.26,122.71,1,0,45-54,Prepaid_Monthly,Mid_Range,5G,2026-06-15
SUB8519817,0.47,0.18,0.15,0.02,31.34,0,0,55+,Postpaid_Unlimited,Basic_Phone,4G+,2026-06-19
SUB8412620,5.73,6.0,0.6,0.15,32.34,0,0,25-34,Postpaid_Unlimited,Mid_Range,3G,2026-06-10
SUB5257950,6.5,2.25,0.62,0.58,64.79,0,0,18-24,Postpaid_Unlimited,5G_Device,4G,2026-06-14
SUB9654406,0.14,0.08,0.08,0.02,14.25,1,0,55+,Postpaid_Basic,Basic_Phone,4G,2026-07-03
SUB7048055,4.69,1.28,0.6,0.81,102.92,1,0,18-24,Postpaid_Premium,Premium_Smartphone,4G,2026-07-06
SUB2883376,0.52,0.89,0.19,0.0,131.88,0,0,35-44,Prepaid_Daily,Premium_Smartphone,5G,2026-06-11
SUB4891113,2.23,6.0,0.4,0.4,103.37,1,0,18-24,Prepaid_Daily,5G_Device,5G,2026-07-05
SUB8020988,5.48,3.3,0.56,1.47,58.32,0,0,25-34,Postpaid_Unlimited,Premium_Smartphone,3G,2026-06-20
SUB9544291,0.01,0.55,0.02,0.41,67.95,0,1,25-34,Prepaid_Daily,Mid_Range,4G,2026-07-06
SUB5730741,7.81,3.18,0.26,4.77,157.35,1,1,18-24,Postpaid_Unlimited,Tablet,4G,2026-06-19
SUB6605126,0.16,0.14,0.05,0.12,43.94,1,0,55+,Postpaid_Premium,Basic_Phone,4G,2026-06-17
SUB2906039,1.09,1.48,0.17,0.14,102.1,0,0,18-24,Prepaid_Monthly,5G_Device,5G,2026-06-09
SUB2455465,0.07,0.11,0.04,0.02,13.84,0,0,45-54,Prepaid_Daily,Basic_Phone,3G,2026-06-18
SUB1211830,1.76,1.54,0.68,0.28,76.53,0,1,45-54,Postpaid_Premium,Mid_Range,4G,2026-06-18
SUB6439381,3.97,2.61,0.33,0.34,143.24,1,1,25-34,Postpaid_Basic,5G_Device,4G,2026-06-29
SUB6987029,3.78,5.9,0.19,0.23,124.37,0,1,35-44,Postpaid_Premium,5G_Device,4G,2026-06-27
SUB7516616,2.67,0.21,0.34,0.53,47.59,1,0,25-34,Prepaid_Monthly,Mid_Range,4G,2026-06-24
SUB4329049,0.93,0.4,0.02,0.27,77.63,0,1,45-54,Prepaid_Daily,Premium_Smartphone,4G+,2026-06-14
SUB5755976,7.7,0.18,0.08,0.28,91.1,0,1,35-44,Prepaid_Monthly,Premium_Smartphone,4G+,2026-06-12
SUB9910606,0.07,0.93,0.08,0.04,25.48,0,1,25-34,Prepaid_Monthly,Basic_Phone,4G,2026-06-21
SUB7897673,0.39,1.42,0.29,0.14,68.65,0,1,25-34,Prepaid_Daily,Premium_Smartphone,4G,2026-06-07
SUB4746169,1.75,0.35,0.18,0.05,81.36,0,0,35-44,Prepaid_Daily,5G_Device,4G+,2026-06-18
SUB7002296,0.94,0.33,0.43,0.0,102.47,0,1,55+,Prepaid_Monthly,5G_Device,4G+,2026-06-19
SUB1075388,0.75,1.38,1.77,0.59,153.69,0,0,18-24,Postpaid_Premium,Premium_Smartphone,5G,2026-06-12
SUB7810183,2.95,2.83,0.44,2.59,132.4,0,1,35-44,Postpaid_Basic,Premium_Smartphone,4G,2026-06-18
SUB2775767,0.77,0.73,0.05,1.23,72.03,1,1,25-34,Prepaid_Monthly,Mid_Range,4G,2026-06-29
SUB8983823,0.13,0.24,0.12,0.0,47.04,0,0,45-54,Postpaid_Basic,Mid_Range,4G,2026-06-29
SUB9373296,0.38,0.92,0.59,0.2,40.98,0,0,18-24,Postpaid_Basic,Mid_Range,4G,2026-06-09
SUB8467866,0.7,2.83,0.11,3.17,83.17,0,1,35-44,Postpaid_Basic,5G_Device,4G,2026-06-24
SUB6494339,1.82,1.65,0.03,0.6,53.78,0,0,18-24,Postpaid_Basic,Mid_Range,4G+,2026-06-17
SUB6877809,1.21,0.63,0.77,0.18,65.39,0,0,35-44,Prepaid_Monthly,Mid_Range,5G,2026-06-29
SUB7396567,0.09,0.55,0.41,0.03,73.31,1,0,45-54,Prepaid_Daily,Premium_Smartphone,4G,2026-06-17
SUB9002619,0.52,0.68,0.06,0.11,41.92,0,0,45-54,Prepaid_Monthly,Mid_Range,4G,2026-06-17
SUB5021080,1.85,2.38,0.02,0.48,116.6,1,0,45-54,Prepaid_Monthly,5G_Device,4G,2026-07-05
SUB8667857,0.14,0.06,0.34,0.19,39.0,0,1,25-34,Postpaid_Basic,Basic_Phone,5G,2026-06-26
SUB5428690,1.7,5.44,0.22,0.31,90.38,0,1,45-54,Postpaid_Unlimited,5G_Device,4G,2026-06-21
SUB6439433,1.4,0.69,0.06,1.14,88.33,1,1,35-44,Prepaid_Monthly,Mid_Range,4G,2026-06-29
SUB9889782,0.22,0.21,0.01,0.0,27.4,0,0,55+,Postpaid_Premium,Basic_Phone,4G,2026-06-13
SUB3881777,0.48,6.0,0.18,3.21,140.58,0,0,25-34,Postpaid_Premium,5G_Device,5G,2026-06-15
SUB3748996,1.72,1.09,0.01,0.59,90.43,0,0,25-34,Prepaid_Monthly,Premium_Smartphone,4G,2026-06-13
SUB1195246,0.53,0.54,0.72,0.13,21.96,0,0,18-24,Postpaid_Unlimited,Basic_Phone,4G,2026-06-11
SUB4696176,0.9,1.44,0.11,0.09,49.87,0,0,25-34,Prepaid_Daily,Mid_Range,5G,2026-06-23
SUB9899691,5.58,1.35,1.05,0.67,39.61,0,0,18-24,Postpaid_Unlimited,Mid_Range,5G,2026-06-24
SUB2012384,1.13,0.78,0.0,0.02,51.25,1,0,45-54,Prepaid_Daily,Mid_Range,4G,2026-06-12
SUB9143478,1.45,1.24,0.97,0.12,68.4,0,0,35-44,Prepaid_Monthly,Premium_Smartphone,4G+,2026-06-08
SUB1866964,0.31,0.69,0.46,0.1,68.17,0,0,55+,Postpaid_Basic,Premium_Smartphone,4G,2026-07-03
SUB9437712,1.66,6.0,4.0,0.37,38.15,1,0,18-24,Postpaid_Unlimited,Mid_Range,4G,2026-06-19
SUB1863663,0.8,0.52,1.02,0.02,34.1,0,0,18-24,Prepaid_Monthly,Mid_Range,4G+,2026-07-01
SUB6783182,1.27,4.94,0.45,0.05,108.78,0,0,45-54,Postpaid_Premium,Premium_Smartphone,4G+,2026-06-21
SUB7980571,0.28,0.42,0.4,0.03,9.8,0,0,25-34,Postpaid_Premium,Basic_Phone,3G,2026-06-15
SUB6334538,2.88,0.4,0.24,1.42,104.39,0,1,25-34,Prepaid_Daily,Premium_Smartphone,4G+,2026-06-09
SUB7349449,0.32,0.66,0.88,0.31,41.32,1,0,45-54,Postpaid_Basic,Premium_Smartphone,3G,2026-06-25
SUB2206861,3.66,1.34,1.19,0.78,61.59,0,0,25-34,Postpaid_Basic,Mid_Range,5G,2026-06-08
SUB4119612,0.39,1.74,0.06,6.0,74.33,1,0,18-24,Prepaid_Monthly,Mid_Range,4G,2026-06-08
SUB3891005,0.8,0.32,0.22,0.82,17.77,0,1,45-54,Postpaid_Premium,Basic_Phone,4G,2026-07-04
SUB5936600,3.48,6.0,1.01,2.44,93.14,1,0,18-24,Postpaid_Unlimited,Premium_Smartphone,4G,2026-06-10
SUB5736319,1.19,4.04,1.2,0.08,98.35,0,1,45-54,Postpaid_Premium,Premium_Smartphone,4G+,2026-07-06
SUB1257681,8.0,1.51,1.55,2.0,149.64,1,0,18-24,Postpaid_Unlimited,Premium_Smartphone,5G,2026-06-08
SUB9482626,0.7,0.28,0.13,0.01,110.53,1,0,35-44,Prepaid_Daily,Tablet,4G+,2026-06-24
SUB6629481,0.7,1.31,0.09,0.61,66.2,0,0,18-24,Prepaid_Daily,Premium_Smartphone,4G,2026-07-01
SUB3054780,0.77,0.9,0.35,0.14,78.96,0,0,35-44,Postpaid_Unlimited,Premium_Smartphone,4G,2026-06-17
SUB8991208,0.83,0.59,0.4,0.04,32.71,0,0,18-24,Postpaid_Unlimited,Mid_Range,3G,2026-06-21
SUB5423408,1.7,0.17,0.14,0.44,41.21,0,1,45-54,Prepaid_Daily,Mid_Range,4G,2026-06-07
SUB1842186,0.18,0.65,0.22,0.01,49.47,0,0,25-34,Prepaid_Monthly,Mid_Range,4G,2026-06-22
SUB6352727,0.9,2.93,0.13,6.0,141.36,1,0,18-24,Postpaid_Premium,Premium_Smartphone,5G,2026-06-13
SUB8116355,1.27,0.17,0.13,0.15,91.83,0,0,35-44,Prepaid_Daily,Mid_Range,5G,2026-06-09
SUB8226585,1.14,1.36,0.06,0.25,76.33,0,0,25-34,Prepaid_Monthly,Premium_Smartphone,4G,2026-06-23
SUB6538917,8.0,4.28,3.26,0.08,113.61,0,0,18-24,Postpaid_Premium,Premium_Smartphone,5G,2026-07-06
SUB2124905,0.38,2.02,0.55,0.1,20.14,0,0,18-24,Postpaid_Unlimited,Basic_Phone,5G,2026-06-26
SUB4105958,1.12,3.93,0.03,0.54,90.17,0,0,25-34,Postpaid_Premium,Premium_Smartphone,4G,2026-06-18
SUB6559277,2.93,1.28,1.0,4.04,125.83,1,1,18-24,Postpaid_Premium,Mid_Range,5G,2026-06-25
SUB4258084,1.02,1.79,0.09,0.13,148.21,1,1,18-24,Prepaid_Monthly,Premium_Smartphone,4G,2026-06-26
SUB9593059,0.68,1.14,0.93,0.93,164.06,1,0,25-34,Postpaid_Premium,Premium_Smartphone,4G+,2026-06-17
SUB2980290,1.08,0.49,0.36,0.17,90.88,1,0,35-44,Prepaid_Daily,Premium_Smartphone,3G,2026-06-28
SUB1403322,6.37,1.06,0.58,0.01,35.27,0,0,25-34,Postpaid_Unlimited,Mid_Range,4G,2026-06-26
SUB5310796,1.18,1.06,0.4,0.62,57.97,0,0,18-24,Postpaid_Basic,Mid_Range,4G,2026-07-02
SUB6181057,2.11,0.36,0.19,0.33,56.39,0,0,55+,Postpaid_Basic,Mid_Range,5G,2026-06-20
SUB8017403,2.04,2.63,0.42,0.61,41.07,1,0,45-54,Postpaid_Unlimited,Mid_Range,4G,2026-06-25
SUB5077716,0.64,0.32,0.74,0.66,116.09,1,0,25-34,Prepaid_Daily,Tablet,4G,2026-06-14
SUB7941447,8.0,0.77,2.15,0.94,103.75,1,1,18-24,Postpaid_Unlimited,Mid_Range,5G,2026-06-21
SUB6037285,1.04,0.19,0.28,0.7,83.76,0,0,55+,Prepaid_Monthly,5G_Device,4G,2026-06-20
SUB2908802,1.63,1.65,0.91,2.82,115.27,1,0,25-34,Prepaid_Monthly,5G_Device,4G,2026-06-12
SUB8334901,1.38,0.12,0.19,0.36,45.42,0,1,25-34,Prepaid_Daily,Mid_Range,3G,2026-06-08
SUB2548075,3.11,0.48,2.52,0.08,16.84,0,0,25-34,Postpaid_Unlimited,Mid_Range,3G,2026-06-10
SUB1493948,1.44,3.24,0.42,0.53,162.99,0,1,45-54,Postpaid_Unlimited,5G_Device,4G+,2026-06-21
SUB5168962,1.25,2.14,0.11,0.29,81.34,1,0,18-24,Prepaid_Daily,Mid_Range,5G,2026-06-28
SUB7520645,2.41,1.01,0.02,0.1,133.31,1,0,45-54,Prepaid_Daily,Premium_Smartphone,5G,2026-06-19
SUB7689921,3.13,2.02,0.02,0.01,61.67,0,0,35-44,Postpaid_Unlimited,Mid_Range,4G,2026-06-09
SUB9383190,0.69,0.66,0.42,0.19,42.61,0,1,25-34,Prepaid_Daily,Mid_Range,4G,2026-06-08
SUB8228161,0.04,0.57,0.04,0.02,26.21,0,1,45-54,Postpaid_Basic,Basic_Phone,4G,2026-06-23
SUB1780641,0.44,1.3,0.04,0.09,24.68,0,0,18-24,Postpaid_Basic,Mid_Range,3G,2026-06-16
SUB5466134,1.19,1.37,0.12,0.42,115.72,0,0,35-44,Postpaid_Unlimited,Premium_Smartphone,5G,2026-07-06
SUB2554205,7.51,1.45,3.3,0.37,98.31,0,1,25-34,Postpaid_Basic,Tablet,4G,2026-06-28
SUB7606963,0.75,1.5,0.24,0.04,40.9,1,0,25-34,Prepaid_Monthly,Mid_Range,4G,2026-06-14
SUB7651143,6.16,1.45,1.36,1.25,113.42,0,0,25-34,Postpaid_Unlimited,Premium_Smartphone,4G+,2026-06-24
SUB3551331,2.18,0.87,0.63,0.2,56.71,0,1,25-34,Prepaid_Monthly,Mid_Range,4G,2026-06-22
SUB4127748,0.93,0.79,0.61,0.49,38.84,0,0,18-24,Prepaid_Monthly,Mid_Range,4G+,2026-06-08
SUB5001070,0.07,1.54,0.01,0.34,67.33,0,0,25-34,Prepaid_Daily,Premium_Smartphone,3G,2026-06-14
SUB8365624,0.14,6.0,0.35,0.81,104.31,0,1,25-34,Postpaid_Unlimited,Premium_Smartphone,4G+,2026-06-27
SUB3883791,6.33,5.89,2.09,0.45,94.38,1,1,35-44,Postpaid_Premium,Mid_Range,5G,2026-06-14
SUB4496605,2.73,2.59,0.19,0.59,95.68,0,0,18-24,Prepaid_Daily,5G_Device,4G,2026-07-05
SUB5948600,2.18,1.19,0.12,0.87,121.9,1,0,35-44,Postpaid_Premium,Premium_Smartphone,4G,2026-07-06
SUB7416438,1.71,2.38,0.33,1.06,87.41,0,1,18-24,Prepaid_Monthly,Mid_Range,4G+,2026-06-28
SUB6311499,2.81,3.68,4.0,0.53,147.66,1,1,18-24,Postpaid_Unlimited,Premium_Smartphone,4G,2026-06-08
SUB1308623,0.35,0.23,0.39,0.12,40.57,0,1,25-34,Prepaid_Monthly,Mid_Range,3G,2026-06-19
SUB4647371,1.15,2.94,0.26,0.01,72.49,0,0,18-24,Postpaid_Premium,Premium_Smartphone,4G+,2026-07-01
SUB4296903,0.65,0.1,0.01,0.94,78.4,0,0,35-44,Postpaid_Basic,Premium_Smartphone,4G,2026-06-14
SUB6998223,0.51,0.42,0.06,0.07,25.99,0,0,25-34,Prepaid_Daily,Basic_Phone,4G,2026-06-22
SUB2147116,0.86,0.07,0.13,0.02,36.88,0,1,55+,Postpaid_Unlimited,5G_Device,3G,2026-06-30
SUB4772763,0.23,0.21,0.04,0.03,36.52,0,0,55+,Prepaid_Daily,Premium_Smartphone,3G,2026-06-30
SUB7478450,0.72,3.76,0.12,0.76,104.22,0,1,25-34,Postpaid_Premium,Premium_Smartphone,5G,2026-07-05
SUB1310375,0.89,1.01,0.14,0.26,41.14,0,0,45-54,Postpaid_Premium,Mid_Range,4G,2026-06-18
SUB3126453,0.81,5.68,0.43,0.03,191.0,1,1,18-24,Postpaid_Basic,Premium_Smartphone,4G+,2026-07-02
SUB2271300,6.2,1.29,0.2,0.22,67.6,0,0,25-34,Prepaid_Daily,Mid_Range,5G,2026-06-09
SUB6238631,0.4,0.72,0.62,1.09,115.54,0,0,35-44,Postpaid_Unlimited,5G_Device,4G+,2026-06-07
SUB4842411,0.47,0.93,0.22,0.05,117.48,0,1,18-24,Prepaid_Monthly,Premium_Smartphone,4G,2026-06-09
SUB7310208,2.05,0.41,0.34,0.61,73.08,1,0,18-24,Postpaid_Basic,Mid_Range,4G,2026-06-09
SUB7127764,0.51,1.24,0.16,0.61,45.85,0,0,18-24,Postpaid_Premium,Mid_Range,4G,2026-06-30
SUB6859046,6.29,3.58,1.91,0.45,66.14,0,1,25-34,Postpaid_Unlimited,5G_Device,4G,2026-06-23
SUB7034207,6.89,6.0,0.21,0.74,169.67,0,1,25-34,Postpaid_Basic,Premium_Smartphone,5G,2026-06-24
SUB8940879,0.23,0.75,0.79,0.1,135.47,0,0,25-34,Prepaid_Monthly,Tablet,5G,2026-06-27
SUB4341861,0.71,1.65,0.31,0.69,37.87,0,0,25-34,Postpaid_Premium,Mid_Range,4G,2026-06-12
SUB8359201,5.87,0.62,0.11,0.56,94.62,1,1,25-34,Prepaid_Daily,Premium_Smartphone,3G,2026-06-11
SUB3615804,0.67,0.58,0.2,0.05,55.36,0,0,45-54,Prepaid_Daily,Premium_Smartphone,3G,2026-06-10
SUB5312717,3.28,1.32,1.08,3.59,85.29,0,0,18-24,Postpaid_Unlimited,Premium_Smartphone,4G,2026-07-03
SUB2982243,1.42,2.01,0.65,0.53,186.42,1,0,45-54,Postpaid_Basic,Premium_Smartphone,5G,2026-06-21
SUB4413654,0.41,1.63,0.2,0.02,50.7,0,0,35-44,Prepaid_Daily,Mid_Range,4G,2026-07-01
SUB6986417,0.16,2.79,1.15,0.6,116.44,1,0,35-44,Postpaid_Basic,Premium_Smartphone,4G+,2026-06-07
SUB8863020,0.39,1.47,0.06,0.03,136.65,0,0,35-44,Prepaid_Daily,Premium_Smartphone,5G,2026-06-20
SUB4270209,0.43,0.64,0.24,0.11,37.25,0,0,25-34,Prepaid_Daily,Mid_Range,4G+,2026-06-26
SUB9604008,1.02,1.64,1.12,0.17,46.52,0,1,18-24,Prepaid_Daily,Mid_Range,4G,2026-06-12
SUB8323988,0.43,1.9,0.2,2.83,81.71,0,1,25-34,Postpaid_Premium,Premium_Smartphone,4G+,2026-06-17
SUB4324664,0.89,1.15,0.11,0.11,113.07,1,0,55+,Postpaid_Premium,Mid_Range,5G,2026-06-19
SUB9210880,0.36,0.25,0.55,0.36,58.81,0,0,35-44,Postpaid_Basic,Mid_Range,4G,2026-06-07
SUB4594058,1.0,1.97,0.72,0.54,80.22,0,0,18-24,Prepaid_Monthly,Premium_Smartphone,4G,2026-06-18
SUB5584258,0.1,0.97,0.97,0.06,31.05,0,0,18-24,Postpaid_Premium,Basic_Phone,4G+,2026-06-18
SUB9117654,0.24,0.5,0.09,0.02,33.84,0,0,55+,Prepaid_Monthly,Mid_Range,4G,2026-06-28
SUB5212377,1.53,2.21,0.21,0.21,67.86,0,0,18-24,Postpaid_Basic,Premium_Smartphone,3G,2026-06-14
SUB1233782,1.73,0.31,0.19,1.47,50.45,0,0,18-24,Postpaid_Unlimited,Mid_Range,4G,2026-06-10
SUB7906117,3.04,6.0,0.51,0.3,93.58,0,1,25-34,Postpaid_Basic,Premium_Smartphone,4G,2026-07-04
SUB7112674,0.13,0.61,0.03,0.21,51.98,0,0,55+,Postpaid_Basic,Mid_Range,4G,2026-06-30
SUB5809109,0.92,6.0,0.21,0.21,144.92,1,0,25-34,Postpaid_Unlimited,5G_Device,5G,2026-06-30
SUB4735466,0.94,1.82,1.04,0.42,48.47,0,0,25-34,Postpaid_Basic,Mid_Range,4G,2026-06-30
SUB2583246,1.77,5.9,0.08,0.32,102.05,1,0,35-44,Postpaid_Basic,Mid_Range,5G,2026-06-30
SUB1726331,1.3,3.14,0.86,1.34,87.05,1,0,18-24,Postpaid_Basic,Premium_Smartphone,4G,2026-07-02
SUB2794291,0.33,0.43,0.62,0.06,25.12,0,0,45-54,Prepaid_Monthly,Mid_Range,3G,2026-06-14
SUB7353385,0.12,1.51,1.41,0.25,76.01,0,1,25-34,Postpaid_Premium,5G_Device,4G,2026-06-12
SUB5952075,4.94,6.0,4.0,1.21,139.52,0,0,25-34,Postpaid_Premium,Premium_Smartphone,5G,2026-06-21
SUB4898606,0.25,1.13,0.04,0.03,63.43,0,0,45-54,Prepaid_Monthly,5G_Device,3G,2026-06-19
SUB3878117,0.07,0.37,0.09,0.05,80.27,0,0,55+,Prepaid_Daily,Mid_Range,5G,2026-06-21
SUB5481617,1.13,3.16,1.05,6.0,61.03,0,1,25-34,Postpaid_Unlimited,5G_Device,4G,2026-06-25
SUB8374626,3.34,1.62,0.63,0.04,172.61,1,0,18-24,Postpaid_Basic,Premium_Smartphone,5G,2026-06-07
SUB6287913,0.02,0.05,0.01,0.02,22.22,0,0,45-54,Prepaid_Daily,Basic_Phone,5G,2026-07-03
SUB4733149,1.04,0.81,0.23,0.23,24.1,1,0,25-34,Prepaid_Monthly,Mid_Range,3G,2026-06-10
SUB6316741,0.84,0.68,0.68,0.08,90.18,0,1,55+,Postpaid_Basic,Premium_Smartphone,5G,2026-06-10
SUB3804802,0.12,0.37,0.47,0.03,93.72,1,0,55+,Prepaid_Daily,5G_Device,4G,2026-06-30
SUB5157263,0.85,0.69,0.21,0.01,26.16,0,1,18-24,Prepaid_Daily,Basic_Phone,5G,2026-06-25
SUB5488198,4.48,1.37,0.13,0.45,142.42,0,0,55+,Postpaid_Premium,5G_Device,5G,2026-07-06
SUB3733460,2.24,0.34,0.62,0.89,65.65,1,1,25-34,Postpaid_Premium,5G_Device,3G,2026-06-10
SUB8084609,3.37,3.62,0.29,0.15,119.45,1,1,35-44,Prepaid_Monthly,Mid_Range,5G,2026-06-20
SUB7216538,4.17,1.03,0.05,0.4,62.21,0,1,18-24,Prepaid_Daily,Premium_Smartphone,3G,2026-06-27
SUB5115362,0.7,4.61,0.42,0.51,63.09,1,0,45-54,Postpaid_Basic,Mid_Range,4G,2026-06-13
SUB2252557,0.96,0.73,0.41,0.17,56.24,0,0,35-44,Prepaid_Monthly,5G_Device,3G,2026-06-13
SUB2490687,0.3,2.7,0.11,0.29,100.22,1,0,35-44,Prepaid_Monthly,Premium_Smartphone,4G,2026-06-15
SUB5057025,0.35,0.51,0.22,0.11,52.33,0,0,55+,Prepaid_Monthly,Mid_Range,4G,2026-06-21
SUB6272864,3.85,2.75,0.12,0.8,101.82,1,0,25-34,Prepaid_Daily,5G_Device,4G,2026-06-18
SUB4788963,0.57,1.61,0.05,0.48,47.63,0,1,25-34,Prepaid_Monthly,Mid_Range,4G,2026-06-24
SUB4874910,8.0,6.0,0.2,2.05,111.34,0,1,45-54,Postpaid_Unlimited,5G_Device,5G,2026-06-15
SUB4368045,8.0,0.4,0.11,0.24,45.11,1,0,35-44,Prepaid_Monthly,Basic_Phone,5G,2026-06-13
SUB6185773,2.15,1.14,0.02,0.61,157.73,1,1,55+,Prepaid_Monthly,5G_Device,5G,2026-06-30
SUB5832691,0.16,0.19,0.14,0.17,65.47,0,1,55+,Prepaid_Monthly,Premium_Smartphone,3G,2026-06-24
SUB1968616,0.25,2.61,0.72,2.64,63.77,1,1,25-34,Postpaid_Basic,Premium_Smartphone,3G,2026-06-09
SUB5217733,2.88,1.28,0.28,0.7,94.86,0,1,25-34,Postpaid_Premium,Mid_Range,4G+,2026-06-07
SUB8914520,6.87,0.4,0.03,0.43,97.41,0,0,25-34,Prepaid_Monthly,5G_Device,4G,2026-07-05
SUB2490036,2.77,2.22,0.89,0.42,52.46,1,0,35-44,Postpaid_Premium,Mid_Range,4G,2026-06-19
SUB3869729,0.57,0.26,0.01,0.1,20.71,0,0,25-34,Prepaid_Daily,Mid_Range,3G,2026-06-29
SUB8585159,2.6,0.54,0.6,0.02,74.33,1,1,45-54,Postpaid_Unlimited,Mid_Range,3G,2026-06-11
SUB8179156,0.41,3.14,0.63,0.34,100.89,0,0,18-24,Prepaid_Daily,5G_Device,4G+,2026-07-01
SUB9944718,0.04,2.49,0.1,0.0,83.22,0,0,18-24,Prepaid_Daily,Premium_Smartphone,5G,2026-06-07
SUB8904428,4.49,0.03,0.67,0.37,91.23,1,0,18-24,Prepaid_Daily,Premium_Smartphone,4G,2026-06-08
SUB5202271,1.73,0.41,0.5,1.12,144.83,1,0,18-24,Prepaid_Daily,5G_Device,4G+,2026-06-28
SUB5042879,0.42,1.26,0.88,0.69,78.89,0,0,35-44,Postpaid_Basic,5G_Device,4G,2026-06-14
SUB3322523,1.3,0.95,0.27,2.15,124.9,1,1,18-24,Prepaid_Monthly,Mid_Range,5G,2026-06-13
SUB5746771,1.5,6.0,2.73,0.89,69.5,0,0,18-24,Postpaid_Premium,Premium_Smartphone,4G,2026-06-27
SUB9640145,0.84,2.16,0.33,0.66,49.43,0,1,18-24,Prepaid_Daily,Mid_Range,4G,2026-06-25
SUB2756124,0.69,0.1,0.07,0.05,55.19,0,0,45-54,Postpaid_Basic,5G_Device,3G,2026-06-09
SUB1841531,0.32,1.52,0.38,0.08,87.21,0,0,45-54,Prepaid_Monthly,5G_Device,5G,2026-06-19
SUB1864645,6.48,2.47,0.27,2.38,65.46,0,0,18-24,Postpaid_Basic,5G_Device,3G,2026-06-28
SUB2428127,0.19,1.53,0.07,0.21,125.15,0,0,35-44,Prepaid_Daily,Premium_Smartphone,5G,2026-06-12
SUB6130076,0.69,1.96,0.82,0.52,80.84,1,0,25-34,Prepaid_Daily,Premium_Smartphone,4G,2026-06-23
SUB9859690,0.54,2.12,0.16,0.29,45.25,0,0,18-24,Prepaid_Monthly,Mid_Range,4G,2026-06-14
SUB5254849,5.06,1.42,0.43,0.04,35.27,0,0,35-44,Postpaid_Premium,Mid_Range,4G+,2026-06-24
SUB8574587,0.6,0.44,0.02,0.02,11.64,0,1,18-24,Postpaid_Premium,Basic_Phone,4G,2026-07-04
SUB7515350,0.24,0.24,0.36,0.42,49.88,0,1,45-54,Prepaid_Daily,5G_Device,3G,2026-06-19
SUB9336900,0.28,3.26,0.14,0.2,59.14,0,0,18-24,Prepaid_Daily,Premium_Smartphone,4G+,2026-06-26
SUB2615777,0.54,0.17,0.13,0.48,81.94,1,0,55+,Prepaid_Monthly,5G_Device,4G,2026-06-26
SUB4512664,0.02,1.97,0.49,0.39,50.7,0,0,18-24,Prepaid_Monthly,5G_Device,3G,2026-07-04
SUB1973181,2.34,0.17,0.1,2.07,88.05,1,0,35-44,Postpaid_Basic,5G_Device,4G,2026-06-16
SUB2491633,0.2,0.17,0.07,0.0,102.59,0,0,55+,Prepaid_Monthly,Premium_Smartphone,4G,2026-06-09
SUB3061774,0.14,2.07,0.64,0.08,50.37,0,0,18-24,Prepaid_Monthly,Mid_Range,4G,2026-06-22
SUB3790358,4.64,2.28,1.15,0.8,89.85,1,0,25-34,Postpaid_Basic,Mid_Range,4G+,2026-07-03
SUB4860562,2.62,2.45,0.47,0.07,68.36,0,1,25-34,Prepaid_Monthly,Premium_Smartphone,4G,2026-06-29
SUB7976610,0.23,0.23,0.09,0.1,25.67,0,0,35-44,Prepaid_Daily,Basic_Phone,4G,2026-06-17
SUB2765524,1.85,1.01,0.26,0.01,22.59,0,0,18-24,Postpaid_Basic,Basic_Phone,4G,2026-06-20
SUB2250632,0.49,3.64,0.57,0.49,48.23,0,0,18-24,Prepaid_Monthly,Premium_Smartphone,3G,2026-07-02
SUB7210715,2.88,4.84,1.02,0.04,115.01,1,0,35-44,Postpaid_Unlimited,5G_Device,4G,2026-06-07
SUB9526086,0.53,6.0,1.28,0.72,148.24,0,1,25-34,Postpaid_Premium,5G_Device,4G+,2026-07-05
SUB4243087,1.01,1.17,0.18,0.02,46.44,1,0,35-44,Prepaid_Daily,Mid_Range,4G,2026-06-11
SUB1909711,0.93,3.94,0.85,0.14,80.71,0,0,18-24,Prepaid_Daily,5G_Device,4G,2026-06-30
SUB4711584,1.43,2.38,1.07,6.0,200.0,1,1,25-34,Prepaid_Monthly,Premium_Smartphone,5G,2026-06-12
SUB7913283,0.62,1.82,0.99,1.82,68.36,0,1,35-44,Prepaid_Monthly,Premium_Smartphone,4G,2026-06-16
SUB2619715,2.53,2.53,0.97,0.16,90.9,1,1,35-44,Postpaid_Unlimited,Mid_Range,4G,2026-06-28
SUB3590310,0.07,1.41,0.75,0.0,65.81,1,0,25-34,Prepaid_Monthly,Premium_Smartphone,3G,2026-07-02
SUB7314768,1.63,1.13,1.4,0.11,63.79,0,0,25-34,Postpaid_Unlimited,Premium_Smartphone,4G,2026-06-25
SUB9324454,3.84,6.0,0.1,0.18,90.43,1,0,25-34,Postpaid_Basic,Premium_Smartphone,3G,2026-07-04
SUB9815995,0.21,0.17,0.12,0.3,17.48,0,0,18-24,Postpaid_Unlimited,Mid_Range,3G,2026-06-23
SUB7726451,2.19,0.47,3.54,1.16,90.02,1,0,25-34,Postpaid_Premium,5G_Device,4G,2026-06-10
SUB9064220,3.0,2.72,1.5,0.08,96.99,0,0,18-24,Postpaid_Premium,5G_Device,4G,2026-07-05
SUB2544613,2.79,3.26,0.22,0.08,70.35,0,0,35-44,Postpaid_Basic,5G_Device,4G,2026-06-13
SUB2297638,0.74,0.42,0.61,0.34,41.71,0,0,35-44,Postpaid_Premium,Mid_Range,4G,2026-06-21
SUB8134897,2.0,0.33,0.18,0.13,84.59,0,0,25-34,Prepaid_Monthly,Mid_Range,5G,2026-06-23
SUB8748670,1.43,6.0,1.57,1.39,61.4,0,0,25-34,Postpaid_Unlimited,Mid_Range,5G,2026-06-25
SUB3430525,3.67,0.94,1.05,0.28,67.56,1,0,18-24,Postpaid_Basic,Premium_Smartphone,4G,2026-06-08
SUB8439103,0.37,2.63,1.35,0.28,75.42,0,0,25-34,Prepaid_Monthly,5G_Device,4G,2026-06-23
SUB3456070,0.65,1.12,1.06,0.74,79.36,0,0,55+,Postpaid_Unlimited,Mid_Range,5G,2026-06-23
SUB9878234,1.66,2.41,1.28,1.29,95.94,0,0,35-44,Postpaid_Unlimited,5G_Device,4G,2026-06-08
SUB1288859,8.0,0.61,0.79,0.51,147.96,1,1,35-44,Postpaid_Premium,Premium_Smartphone,5G,2026-06-17
SUB6008341,0.58,1.61,0.01,0.03,41.78,0,0,45-54,Prepaid_Monthly,Mid_Range,3G,2026-06-17
SUB5749766,0.64,2.18,0.22,0.15,33.1,0,0,25-34,Postpaid_Unlimited,Mid_Range,3G,2026-06-18
SUB2546236,1.1,3.34,2.01,1.98,68.16,0,1,18-24,Postpaid_Premium,Mid_Range,5G,2026-06-19
SUB9982913,0.88,1.5,0.21,0.58,111.02,0,1,35-44,Postpaid_Basic,Premium_Smartphone,4G+,2026-06-09
SUB5257341,3.61,0.63,0.61,1.51,30.92,0,0,18-24,Postpaid_Unlimited,Mid_Range,4G,2026-06-21
SUB4759834,0.06,1.17,0.05,0.93,103.36,1,0,35-44,Prepaid_Daily,Premium_Smartphone,4G+,2026-06-18
SUB3627988,0.36,0.5,0.19,0.28,81.86,0,1,35-44,Prepaid_Daily,Premium_Smartphone,4G,2026-06-22
SUB6477093,1.78,0.53,1.45,0.18,113.67,0,0,45-54,Postpaid_Basic,Premium_Smartphone,4G+,2026-06-27
SUB9592974,0.47,0.41,0.01,0.2,48.63,1,1,25-34,Prepaid_Daily,Basic_Phone,4G,2026-06-15
SUB1502420,5.41,3.42,0.42,0.36,60.98,0,0,25-34,Postpaid_Premium,Premium_Smartphone,4G,2026-06-22
SUB6529046,0.8,0.4,0.12,0.6,60.72,1,0,35-44,Prepaid_Monthly,Mid_Range,5G,2026-06-08
SUB2679161,0.17,0.36,0.17,0.58,59.21,0,0,45-54,Prepaid_Daily,5G_Device,3G,2026-07-05
SUB1660902,0.47,0.07,0.3,0.01,76.74,1,0,45-54,Prepaid_Monthly,Premium_Smartphone,3G,2026-06-23
SUB8562116,0.09,0.16,0.03,0.06,14.31,0,0,55+,Postpaid_Basic,Basic_Phone,4G,2026-07-01
SUB2538112,0.11,1.93,0.75,0.33,51.28,0,0,18-24,Prepaid_Daily,Premium_Smartphone,4G,2026-07-06
SUB2726676,1.23,1.93,0.72,0.13,125.86,0,1,25-34,Prepaid_Daily,5G_Device,4G,2026-06-16
SUB2685996,0.32,0.84,1.01,0.78,51.48,1,0,25-34,Prepaid_Monthly,Mid_Range,4G,2026-06-26
SUB4246417,0.25,1.13,0.2,0.11,42.3,0,0,18-24,Postpaid_Premium,Mid_Range,3G,2026-06-30
SUB2352144,2.67,1.17,0.23,0.64,123.32,0,0,55+,Postpaid_Unlimited,Premium_Smartphone,5G,2026-06-30
SUB2551330,0.09,0.05,0.03,0.02,23.08,1,0,55+,Prepaid_Daily,Basic_Phone,3G,2026-06-17
SUB1971248,0.29,0.7,0.03,0.05,5.0,0,1,18-24,Postpaid_Basic,Basic_Phone,3G,2026-06-21
SUB5657851,2.7,1.07,1.17,0.33,145.59,1,0,18-24,Prepaid_Monthly,Premium_Smartphone,5G,2026-06-25
SUB7695306,0.13,2.63,0.24,0.31,120.75,1,0,25-34,Prepaid_Monthly,Premium_Smartphone,4G,2026-06-17
SUB6378750,2.08,1.5,0.12,3.15,91.36,1,0,45-54,Postpaid_Unlimited,5G_Device,4G,2026-07-01
SUB3607411,2.83,1.69,0.21,0.8,39.02,0,0,25-34,Prepaid_Monthly,Mid_Range,4G,2026-06-25
SUB2693439,3.47,0.7,0.0,0.13,61.09,1,0,18-24,Prepaid_Monthly,Mid_Range,5G,2026-06-21
SUB2831094,0.15,1.94,0.66,0.75,77.35,0,1,18-24,Prepaid_Monthly,Premium_Smartphone,4G,2026-06-21
SUB4437172,1.0,6.0,4.0,2.13,161.54,0,1,25-34,Postpaid_Unlimited,5G_Device,4G+,2026-06-20
SUB7919875,4.33,0.41,0.18,0.17,91.96,0,1,55+,Postpaid_Basic,Premium_Smartphone,4G+,2026-06-13
SUB6923361,0.68,1.38,0.59,0.01,35.61,0,0,25-34,Postpaid_Basic,Mid_Range,3G,2026-06-21
SUB2963571,1.71,0.13,0.6,0.2,50.21,0,0,25-34,Postpaid_Basic,Mid_Range,4G+,2026-06-30
SUB6542511,3.8,1.43,0.3,0.26,65.42,0,0,18-24,Prepaid_Monthly,5G_Device,4G,2026-06-25
SUB9985826,0.98,4.71,4.0,0.75,74.26,0,1,25-34,Postpaid_Premium,Premium_Smartphone,4G,2026-06-10
SUB4815144,0.16,0.12,0.02,0.0,14.85,0,1,35-44,Prepaid_Daily,Basic_Phone,3G,2026-06-13
SUB4436252,1.83,0.66,0.03,3.6,34.58,0,0,25-34,Postpaid_Premium,Mid_Range,3G,2026-06-27
SUB1817052,2.19,4.95,1.29,0.01,126.71,0,0,25-34,Postpaid_Basic,5G_Device,4G+,2026-06-25
SUB8596585,0.7,0.18,0.06,0.47,121.89,0,0,45-54,Prepaid_Daily,Tablet,5G,2026-07-04
SUB7269324,0.43,1.17,0.47,0.17,79.77,0,1,18-24,Prepaid_Daily,Mid_Range,4G,2026-07-02
SUB2428080,2.91,3.05,3.76,0.8,24.41,0,0,35-44,Postpaid_Premium,Mid_Range,3G,2026-06-22
SUB3521279,2.47,2.99,1.72,2.25,75.4,1,1,25-34,Prepaid_Monthly,Mid_Range,4G+,2026-06-15
SUB8503888,0.99,0.72,0.04,0.95,68.88,1,1,25-34,Prepaid_Monthly,Mid_Range,4G,2026-06-25
SUB7119848,0.87,0.55,0.21,2.11,33.63,1,0,35-44,Prepaid_Daily,Mid_Range,4G,2026-06-18
SUB3726016,0.51,0.84,0.09,0.22,42.25,0,0,45-54,Postpaid_Premium,Mid_Range,4G,2026-06-26
SUB2244289,1.17,2.99,0.11,0.52,70.08,0,0,35-44,Postpaid_Unlimited,Premium_Smartphone,4G+,2026-06-20
SUB1442939,1.75,0.2,0.48,1.85,88.55,0,0,18-24,Postpaid_Premium,Premium_Smartphone,4G,2026-06-13
SUB4282972,1.43,1.41,0.07,0.12,84.61,0,0,25-34,Postpaid_Basic,5G_Device,4G,2026-07-03
SUB9692832,0.48,1.08,0.5,0.01,86.42,0,0,25-34,Postpaid_Basic,Premium_Smartphone,4G,2026-06-16
SUB5414473,0.83,0.32,0.44,0.11,70.99,1,0,25-34,Prepaid_Monthly,Mid_Range,5G,2026-07-04
SUB3711793,0.79,1.11,0.53,3.23,43.6,1,0,35-44,Prepaid_Daily,Mid_Range,4G,2026-06-23
SUB3319124,4.17,3.75,0.6,0.21,106.23,0,0,18-24,Postpaid_Premium,5G_Device,5G,2026-06-09
SUB4923227,3.79,0.33,0.18,0.39,75.71,0,0,25-34,Postpaid_Premium,5G_Device,4G,2026-06-28
SUB3073290,7.32,1.49,1.47,0.01,84.29,0,0,35-44,Postpaid_Premium,Premium_Smartphone,5G,2026-06-18
SUB3518970,0.34,4.09,0.72,0.96,84.47,0,0,25-34,Postpaid_Basic,Mid_Range,5G,2026-06-23
SUB4889877,1.37,3.03,3.66,0.54,150.81,0,0,35-44,Postpaid_Unlimited,5G_Device,5G,2026-06-28
SUB2727408,4.07,0.8,0.85,1.15,46.37,0,0,18-24,Postpaid_Unlimited,Mid_Range,5G,2026-06-17
SUB3801742,0.12,0.19,0.14,0.94,26.08,0,0,25-34,Prepaid_Monthly,Basic_Phone,4G,2026-06-29
SUB2055675,0.21,0.29,0.56,0.02,82.66,0,0,55+,Prepaid_Monthly,5G_Device,4G+,2026-06-28
SUB7016854,8.0,2.53,0.04,0.71,86.99,0,0,25-34,Postpaid_Basic,5G_Device,4G,2026-06-09
SUB8436754,0.22,1.42,0.82,0.81,80.76,0,1,25-34,Prepaid_Daily,Premium_Smartphone,4G,2026-06-25
SUB1965188,1.06,1.25,0.26,0.18,21.34,0,0,35-44,Postpaid_Unlimited,Basic_Phone,4G,2026-07-05
SUB3161088,0.07,2.12,0.21,1.08,116.84,0,1,55+,Prepaid_Monthly,Premium_Smartphone,5G,2026-07-06
SUB9018006,0.12,0.54,0.08,0.25,79.26,0,0,55+,Postpaid_Basic,Premium_Smartphone,4G,2026-06-24
SUB3320484,0.59,1.12,1.85,0.25,47.03,1,0,35-44,Postpaid_Basic,5G_Device,3G,2026-06-08
SUB5105223,1.96,1.25,0.16,0.62,91.59,0,0,18-24,Postpaid_Basic,Premium_Smartphone,4G+,2026-06-30
SUB1487510,0.12,0.21,0.05,0.03,40.51,0,0,55+,Prepaid_Daily,Tablet,3G,2026-07-04
SUB7354986,0.43,2.51,1.53,0.77,57.75,0,0,35-44,Postpaid_Unlimited,Mid_Range,4G,2026-07-02
SUB8609964,0.61,0.46,0.03,0.13,52.36,0,1,25-34,Prepaid_Daily,Basic_Phone,5G,2026-06-16
SUB6795250,1.36,1.89,0.27,0.03,72.13,1,0,45-54,Postpaid_Premium,Mid_Range,4G+,2026-06-16
SUB5055447,4.75,0.95,2.28,0.8,38.08,0,0,25-34,Postpaid_Premium,Premium_Smartphone,3G,2026-06-20
SUB2673879,1.7,5.02,0.35,0.58,125.99,0,0,18-24,Prepaid_Daily,Premium_Smartphone,5G,2026-06-23
SUB2780752,3.63,0.71,0.32,0.66,89.48,0,0,45-54,Postpaid_Unlimited,Premium_Smartphone,4G,2026-06-30
SUB4293331,1.0,0.77,0.7,1.6,53.72,0,0,25-34,Postpaid_Basic,Mid_Range,4G,2026-06-17
SUB4764455,1.9,5.2,4.0,0.37,100.5,0,1,25-34,Postpaid_Basic,5G_Device,4G+,2026-06-09
SUB8253817,0.66,0.7,2.17,0.22,123.93,1,0,25-34,Postpaid_Basic,Mid_Range,5G,2026-06-08
SUB5335518,1.62,1.29,0.03,0.84,78.44,1,0,35-44,Postpaid_Basic,Mid_Range,5G,2026-06-12
SUB9791690,1.75,4.97,0.0,0.63,83.42,0,0,18-24,Prepaid_Daily,Premium_Smartphone,4G+,2026-06-07
SUB9589747,2.31,2.96,0.81,0.24,48.29,0,1,25-34,Postpaid_Premium,Mid_Range,5G,2026-06-19
SUB6222798,1.7,0.53,0.03,0.08,62.08,0,0,35-44,Postpaid_Basic,Premium_Smartphone,4G,2026-06-19
SUB4904722,0.2,0.48,0.23,0.28,52.59,1,1,45-54,Prepaid_Daily,Mid_Range,4G,2026-06-29
SUB6215622,2.58,4.51,0.81,0.37,80.85,0,0,25-34,Postpaid_Premium,Mid_Range,5G,2026-06-15
SUB7879771,2.01,0.14,0.21,0.12,37.19,0,0,45-54,Postpaid_Premium,Mid_Range,5G,2026-06-09
SUB9481209,3.38,0.38,0.72,0.07,67.25,1,0,45-54,Postpaid_Basic,Mid_Range,4G,2026-06-21
SUB4175684,2.16,0.44,0.36,0.4,65.14,1,0,35-44,Prepaid_Daily,Mid_Range,4G,2026-06-19
SUB1629085,0.51,0.42,0.2,1.71,79.11,1,0,18-24,Prepaid_Monthly,Mid_Range,5G,2026-06-30
SUB7071845,1.65,3.24,0.52,0.04,157.69,1,1,45-54,Prepaid_Daily,Premium_Smartphone,4G+,2026-06-09
SUB3518638,0.19,2.6,0.34,0.0,80.16,0,0,25-34,Postpaid_Basic,Mid_Range,5G,2026-06-26
SUB1603103,3.15,1.07,0.78,0.07,113.51,1,0,18-24,Postpaid_Unlimited,Premium_Smartphone,4G,2026-06-11
SUB2989968,1.44,0.18,0.9,1.59,138.54,1,1,18-24,Prepaid_Daily,Premium_Smartphone,4G,2026-06-23
SUB6303943,0.5,1.17,0.68,0.18,112.39,0,0,45-54,Prepaid_Monthly,5G_Device,5G,2026-07-02
SUB6497191,3.47,0.1,0.6,0.6,69.98,0,0,18-24,Postpaid_Premium,5G_Device,4G,2026-06-24
SUB2257008,0.78,0.75,0.14,0.3,77.22,1,0,18-24,Prepaid_Daily,Mid_Range,4G+,2026-06-16
SUB7473507,0.15,0.18,0.95,0.0,28.43,0,0,35-44,Prepaid_Daily,Mid_Range,3G,2026-06-25
SUB8437693,1.36,6.0,0.1,0.98,136.43,0,0,45-54,Postpaid_Basic,Premium_Smartphone,5G,2026-06-28
SUB6137997,1.19,1.98,0.03,0.81,133.45,0,0,35-44,Postpaid_Premium,5G_Device,4G+,2026-06-13
SUB8270518,4.78,0.39,1.44,0.1,74.28,0,0,18-24,Postpaid_Premium,Mid_Range,5G,2026-07-06
SUB6511934,1.87,2.27,0.74,6.0,200.0,1,1,18-24,Postpaid_Premium,Premium_Smartphone,5G,2026-06-28
SUB9173321,2.98,0.22,0.01,0.53,94.46,0,0,35-44,Prepaid_Monthly,5G_Device,4G+,2026-06-19
SUB8899284,8.0,6.0,0.57,0.2,132.3,0,0,18-24,Postpaid_Unlimited,5G_Device,5G,2026-06-17
SUB2003171,2.05,0.8,0.1,0.71,125.93,1,0,35-44,Prepaid_Daily,Premium_Smartphone,4G+,2026-06-15
SUB8214938,0.65,0.74,0.04,0.33,32.5,0,0,18-24,Prepaid_Monthly,Basic_Phone,5G,2026-06-26
SUB3900737,0.04,0.14,0.02,0.09,23.76,0,0,55+,Prepaid_Monthly,Basic_Phone,5G,2026-06-13
SUB2370485,1.47,2.3,0.35,0.05,64.16,0,0,25-34,Prepaid_Daily,Mid_Range,5G,2026-06-13
SUB8045900,0.51,0.46,0.19,0.08,9.14,0,1,18-24,Prepaid_Monthly,Basic_Phone,4G,2026-06-21
SUB2681076,2.59,1.3,1.47,0.07,88.62,0,0,45-54,Postpaid_Basic,5G_Device,5G,2026-07-05
SUB9501598,0.24,1.63,0.11,0.05,42.49,1,0,25-34,Postpaid_Basic,Basic_Phone,4G+,2026-06-20
SUB6312399,0.92,1.16,0.02,0.14,55.28,0,1,25-34,Prepaid_Monthly,Basic_Phone,5G,2026-06-15
SUB1981883,0.38,5.22,0.13,0.27,32.63,1,0,45-54,Postpaid_Premium,Mid_Range,3G,2026-07-06
SUB2668321,3.45,0.95,1.98,0.13,38.8,0,0,25-34,Postpaid_Premium,Premium_Smartphone,3G,2026-07-06
SUB4293705,1.07,0.36,1.35,1.13,109.39,0,1,25-34,Prepaid_Monthly,Premium_Smartphone,4G,2026-06-25
SUB7154512,0.68,1.4,0.95,0.95,75.93,0,0,25-34,Prepaid_Monthly,Premium_Smartphone,4G,2026-06-27
SUB4759505,5.73,1.25,1.5,0.39,128.77,0,1,18-24,Prepaid_Monthly,5G_Device,4G,2026-06-10
SUB9415414,1.83,3.48,0.42,0.49,93.75,0,0,18-24,Prepaid_Daily,Premium_Smartphone,4G+,2026-06-15
SUB6418952,1.64,1.85,0.2,0.22,36.45,1,0,35-44,Postpaid_Premium,Basic_Phone,4G+,2026-07-03
SUB5609688,0.93,1.08,0.19,0.16,114.69,0,1,35-44,Prepaid_Daily,5G_Device,4G,2026-07-05
SUB5264423,0.46,2.32,0.43,2.28,165.78,1,0,25-34,Prepaid_Daily,5G_Device,5G,2026-06-19
SUB9181883,0.36,0.36,0.1,0.38,25.4,0,1,25-34,Prepaid_Daily,Basic_Phone,5G,2026-06-09
SUB9306681,0.31,0.63,0.41,0.1,36.62,0,0,55+,Postpaid_Premium,Mid_Range,4G,2026-07-02
SUB8170837,0.81,0.63,0.1,0.05,88.94,0,0,55+,Prepaid_Daily,5G_Device,4G+,2026-07-04
SUB2519603,1.39,0.96,1.66,2.21,75.47,1,1,25-34,Postpaid_Premium,Mid_Range,4G,2026-07-06
SUB2750740,0.13,0.17,0.19,0.0,101.88,0,0,45-54,Prepaid_Daily,Premium_Smartphone,4G+,2026-07-05
SUB1863403,0.8,5.0,2.53,1.62,126.78,0,0,35-44,Postpaid_Premium,5G_Device,5G,2026-06-19
SUB1885421,0.23,0.55,0.32,0.01,22.41,0,0,25-34,Postpaid_Unlimited,Basic_Phone,5G,2026-06-09
SUB5278384,3.42,1.83,0.69,0.31,79.81,0,0,18-24,Postpaid_Basic,Premium_Smartphone,5G,2026-07-02
SUB6495671,1.68,0.31,0.23,0.31,48.32,0,1,18-24,Postpaid_Premium,Mid_Range,4G,2026-06-08
SUB1978836,0.84,0.3,0.04,0.21,33.55,0,0,45-54,Postpaid_Premium,Basic_Phone,4G+,2026-06-08
SUB4223522,0.25,2.34,2.63,3.29,129.9,1,0,35-44,Postpaid_Premium,Premium_Smartphone,4G,2026-06-15
SUB3217181,2.93,0.75,3.31,1.44,52.55,0,1,35-44,Postpaid_Premium,Mid_Range,4G+,2026-06-29
SUB9568438,2.85,1.31,0.39,0.11,140.1,0,0,18-24,Prepaid_Monthly,Premium_Smartphone,5G,2026-06-16
SUB2556518,0.52,0.31,0.41,0.75,27.69,0,0,35-44,Postpaid_Basic,Mid_Range,4G,2026-06-11
SUB3659083,0.37,0.25,0.66,0.07,37.34,0,1,45-54,Postpaid_Unlimited,Basic_Phone,5G,2026-06-07
SUB5113640,0.26,0.06,0.21,0.06,11.35,0,0,45-54,Prepaid_Monthly,Basic_Phone,4G,2026-06-10
SUB5500398,7.06,6.0,0.89,4.69,95.52,1,0,18-24,Postpaid_Unlimited,5G_Device,5G,2026-06-19
SUB5877708,1.87,2.3,0.73,0.2,119.0,1,1,35-44,Postpaid_Basic,Mid_Range,5G,2026-06-26
SUB8880317,2.59,2.32,0.02,0.59,107.11,0,1,18-24,Postpaid_Basic,Mid_Range,5G,2026-06-10
SUB9281447,3.19,3.35,1.26,0.36,119.31,0,0,35-44,Postpaid_Premium,Premium_Smartphone,4G+,2026-06-08
SUB4895958,0.45,0.21,0.07,0.15,85.69,0,0,35-44,Postpaid_Premium,Premium_Smartphone,4G,2026-06-13
SUB8076042,0.71,0.58,0.06,1.39,11.06,0,1,18-24,Prepaid_Monthly,Basic_Phone,3G,2026-07-01
SUB9839765,1.99,0.64,2.83,0.15,97.94,0,1,45-54,Prepaid_Daily,5G_Device,5G,2026-06-08
SUB2265898,8.0,3.59,0.02,0.1,137.87,0,0,18-24,Postpaid_Premium,Tablet,5G,2026-06-30
SUB3120539,0.56,0.34,0.03,0.01,41.83,0,0,45-54,Postpaid_Unlimited,Mid_Range,3G,2026-06-20
SUB1880412,1.3,1.13,0.35,0.33,66.28,0,0,25-34,Postpaid_Basic,Mid_Range,5G,2026-06-08
SUB6947148,1.06,2.28,0.62,0.14,147.31,0,0,35-44,Prepaid_Daily,5G_Device,5G,2026-06-23
SUB4231185,0.52,0.37,0.01,0.0,25.42,0,0,55+,Prepaid_Monthly,Mid_Range,3G,2026-07-06
SUB8319764,7.64,4.26,4.0,1.79,81.34,1,0,25-34,Postpaid_Unlimited,5G_Device,4G,2026-06-09
SUB9706483,0.05,0.26,0.06,0.15,19.07,0,0,25-34,Prepaid_Daily,Basic_Phone,3G,2026-06-29
SUB6923098,0.74,0.92,0.72,0.49,67.71,0,1,25-34,Postpaid_Basic,Premium_Smartphone,4G,2026-06-28
SUB2228337,0.13,0.22,0.54,0.05,123.22,1,0,18-24,Prepaid_Daily,Tablet,5G,2026-06-10
SUB1484814,0.24,0.09,0.06,0.3,42.92,1,0,35-44,Prepaid_Monthly,Mid_Range,3G,2026-06-17
SUB9359922,1.19,0.66,0.03,0.37,51.33,0,0,35-44,Prepaid_Monthly,Mid_Range,4G,2026-06-12
SUB4690583,0.82,0.27,0.03,0.34,115.39,0,0,55+,Prepaid_Monthly,Premium_Smartphone,5G,2026-06-10
SUB2599908,3.57,0.21,0.94,0.52,90.61,0,0,45-54,Postpaid_Premium,5G_Device,4G+,2026-06-17
SUB3164412,4.99,1.54,0.95,0.05,80.14,1,0,25-34,Prepaid_Monthly,Mid_Range,5G,2026-06-28
SUB6309792,1.53,0.52,0.47,0.81,56.45,1,0,35-44,Prepaid_Monthly,5G_Device,3G,2026-06-19
SUB3353847,0.66,1.25,0.13,0.45,71.83,0,0,45-54,Postpaid_Basic,Premium_Smartphone,4G+,2026-06-17
SUB3892478,4.44,6.0,0.54,3.75,101.49,1,0,25-34,Postpaid_Unlimited,Tablet,4G,2026-06-26
SUB2984117,7.47,6.0,0.81,0.23,89.29,0,1,18-24,Postpaid_Premium,Premium_Smartphone,4G,2026-06-29
SUB6949852,1.13,2.61,0.05,0.71,58.08,1,1,25-34,Prepaid_Daily,Premium_Smartphone,3G,2026-07-02
SUB1029725,0.2,0.97,0.13,0.31,107.38,0,0,45-54,Prepaid_Daily,5G_Device,4G+,2026-06-30
SUB1888036,0.18,0.66,0.14,0.01,54.08,1,0,35-44,Postpaid_Basic,Mid_Range,4G,2026-06-23
SUB3971783,5.24,4.64,2.8,0.28,79.18,0,0,35-44,Postpaid_Unlimited,5G_Device,4G+,2026-07-01
SUB3662761,1.04,1.48,0.18,0.91,51.93,0,0,18-24,Prepaid_Monthly,Mid_Range,4G,2026-06-29
SUB7524559,0.22,0.26,0.07,0.02,27.34,0,1,55+,Prepaid_Monthly,Basic_Phone,4G,2026-06-15
SUB3513024,0.95,2.64,4.0,0.23,78.55,1,1,25-34,Postpaid_Premium,Premium_Smartphone,3G,2026-06-08
SUB3398083,0.52,0.59,0.21,0.42,45.11,0,0,35-44,Postpaid_Basic,Mid_Range,4G,2026-06-14
SUB7536295,2.14,3.37,2.86,0.79,81.35,1,0,18-24,Postpaid_Basic,5G_Device,4G+,2026-06-12
SUB4909439,0.38,0.9,0.13,0.33,62.25,1,0,18-24,Prepaid_Daily,5G_Device,3G,2026-06-07
SUB6627745,0.22,0.74,0.18,0.06,72.49,1,0,45-54,Prepaid_Daily,Mid_Range,4G,2026-06-19
SUB4911146,0.08,0.04,0.01,0.06,27.29,0,0,55+,Prepaid_Monthly,Basic_Phone,5G,2026-07-02
SUB2707017,0.66,1.6,0.05,0.01,65.31,0,0,25-34,Prepaid_Monthly,Premium_Smartphone,3G,2026-06-16
SUB1689556,3.79,3.72,2.2,4.97,96.39,0,1,18-24,Postpaid_Unlimited,5G_Device,4G,2026-06-09
SUB8288538,3.76,1.1,0.6,0.21,116.88,1,0,25-34,Prepaid_Daily,5G_Device,4G,2026-07-03
SUB3253722,1.36,0.85,0.62,0.36,86.22,0,0,18-24,Postpaid_Basic,Mid_Range,5G,2026-06-16
SUB2649729,1.83,0.29,0.3,0.11,113.59,1,1,18-24,Postpaid_Basic,Tablet,3G,2026-06-08
SUB2116271,0.21,0.67,0.21,0.0,73.85,0,0,45-54,Prepaid_Monthly,Mid_Range,4G+,2026-06-16
SUB4099555,0.07,1.05,0.01,0.4,89.23,1,0,55+,Postpaid_Unlimited,Mid_Range,5G,2026-06-14
SUB6683797,0.15,0.97,0.55,1.97,38.67,0,0,18-24,Postpaid_Premium,Mid_Range,4G,2026-06-25
SUB2681641,0.87,6.0,0.2,0.74,65.48,0,1,35-44,Postpaid_Unlimited,Mid_Range,4G,2026-07-05
SUB1516409,2.4,3.31,0.42,0.95,107.03,0,0,25-34,Prepaid_Daily,Premium_Smartphone,4G+,2026-06-16
SUB1666165,0.76,1.5,1.45,2.75,129.72,0,1,18-24,Prepaid_Daily,Premium_Smartphone,4G,2026-06-25
SUB3788363,1.22,0.69,0.64,0.02,80.04,0,0,18-24,Prepaid_Daily,5G_Device,4G,2026-06-28
SUB5476321,0.17,0.25,0.03,0.03,54.12,0,1,35-44,Prepaid_Monthly,Premium_Smartphone,3G,2026-07-02
SUB4710388,1.91,1.71,0.06,0.39,43.76,0,1,18-24,Prepaid_Monthly,Mid_Range,4G,2026-07-01
SUB4235192,1.05,4.07,1.61,3.71,117.12,1,0,25-34,Postpaid_Unlimited,Premium_Smartphone,4G,2026-06-09
SUB2935090,0.23,0.93,0.07,0.01,21.66,0,1,18-24,Prepaid_Monthly,Basic_Phone,4G,2026-06-20
SUB4937270,3.14,5.64,0.14,3.03,171.01,1,0,25-34,Postpaid_Unlimited,Premium_Smartphone,5G,2026-06-30
SUB7739013,1.14,1.35,0.58,3.1,92.62,1,1,18-24,Postpaid_Basic,Mid_Range,5G,2026-06-09
SUB8089975,0.2,0.32,0.01,0.1,31.69,1,0,45-54,Postpaid_Basic,Basic_Phone,4G,2026-06-25
SUB9805586,1.46,0.33,0.04,0.03,36.77,0,0,35-44,Prepaid_Monthly,Mid_Range,3G,2026-06-19
SUB2033316,2.63,0.75,0.38,0.15,139.67,1,0,45-54,Prepaid_Daily,5G_Device,5G,2026-06-18
SUB5819075,0.89,3.17,1.31,0.41,103.93,0,0,25-34,Postpaid_Unlimited,Premium_Smartphone,4G,2026-06-08
SUB5742297,1.46,1.31,0.03,0.1,106.45,0,0,25-34,Prepaid_Daily,5G_Device,4G+,2026-06-29
SUB4868452,0.25,3.87,0.19,1.14,89.82,0,1,25-34,Postpaid_Premium,Mid_Range,5G,2026-06-14
SUB9074037,5.93,0.72,0.06,0.33,99.43,0,1,18-24,Postpaid_Basic,Tablet,4G,2026-06-25
SUB2312743,1.19,1.27,0.59,0.84,50.28,0,0,35-44,Postpaid_Unlimited,Mid_Range,4G,2026-06-23
SUB8420105,2.71,0.58,0.5,0.11,74.86,0,0,25-34,Postpaid_Premium,5G_Device,4G,2026-07-02
SUB1104195,0.55,0.64,0.08,0.32,37.66,0,0,25-34,Prepaid_Monthly,Mid_Range,4G,2026-06-30
SUB8008443,1.42,1.89,0.88,0.46,65.46,1,0,35-44,Postpaid_Basic,Mid_Range,5G,2026-06-27
SUB6276728,2.35,2.13,1.04,4.62,108.09,0,1,25-34,Prepaid_Daily,5G_Device,5G,2026-06-25
SUB5101036,0.04,0.49,0.09,0.08,71.3,1,0,55+,Postpaid_Basic,5G_Device,4G,2026-06-18
SUB3165251,2.91,2.18,0.33,0.09,141.08,0,0,25-34,Prepaid_Daily,5G_Device,5G,2026-06-20
SUB8303693,0.17,0.96,0.06,0.21,32.64,1,0,35-44,Prepaid_Monthly,Mid_Range,3G,2026-07-02
SUB4214850,0.16,1.14,0.71,0.02,69.67,0,1,25-34,Prepaid_Daily,Premium_Smartphone,3G,2026-07-03
SUB8983439,0.8,1.25,0.05,0.58,52.04,1,0,55+,Postpaid_Unlimited,Mid_Range,4G,2026-06-09
SUB9874883,1.51,0.28,0.32,0.09,32.48,0,1,25-34,Postpaid_Basic,Basic_Phone,5G,2026-06-07
SUB9687479,6.02,3.52,4.0,0.28,167.78,1,1,35-44,Postpaid_Unlimited,5G_Device,5G,2026-06-23
SUB9268541,2.17,0.55,0.18,1.28,69.55,0,1,18-24,Prepaid_Daily,Premium_Smartphone,4G,2026-06-18
SUB3949281,6.35,5.25,1.36,0.18,116.26,0,0,35-44,Postpaid_Basic,Tablet,5G,2026-06-22
SUB8356061,0.17,0.09,0.28,0.5,53.28,1,0,25-34,Prepaid_Monthly,Mid_Range,3G,2026-07-04
SUB2294929,0.66,1.37,0.44,0.86,80.14,1,0,25-34,Prepaid_Monthly,Tablet,4G,2026-06-30
SUB3504594,3.8,6.0,1.19,2.49,200.0,1,1,45-54,Postpaid_Unlimited,Premium_Smartphone,5G,2026-06-09
SUB2243294,0.89,4.19,0.01,0.52,135.49,0,1,55+,Postpaid_Unlimited,Premium_Smartphone,4G,2026-06-24
SUB4567675,3.68,3.88,0.14,0.58,65.04,1,0,25-34,Prepaid_Monthly,Mid_Range,4G,2026-06-28
SUB8711634,0.4,0.5,0.05,0.15,49.01,0,0,45-54,Postpaid_Unlimited,5G_Device,3G,2026-06-21
SUB3414802,7.02,5.63,0.32,0.43,66.2,1,0,18-24,Postpaid_Premium,5G_Device,4G,2026-07-05
SUB1443031,4.38,2.38,0.29,0.75,81.75,0,0,45-54,Postpaid_Unlimited,Mid_Range,5G,2026-06-17
SUB7444345,0.97,1.41,0.94,0.4,79.74,0,0,35-44,Postpaid_Basic,Premium_Smartphone,5G,2026-06-26
SUB3790373,2.52,6.0,0.35,0.12,60.89,0,1,25-34,Postpaid_Unlimited,Mid_Range,4G+,2026-06-12
SUB4916643,3.32,3.45,0.42,0.67,79.59,1,1,45-54,Postpaid_Unlimited,Premium_Smartphone,3G,2026-06-26
SUB8061183,1.11,0.42,0.11,0.27,129.84,1,1,45-54,Prepaid_Daily,Tablet,4G+,2026-07-01
SUB4287058,0.69,1.63,0.27,0.71,78.87,0,1,25-34,Prepaid_Monthly,Mid_Range,4G,2026-06-21
SUB6510493,1.52,0.54,0.45,0.79,110.83,1,0,45-54,Prepaid_Monthly,Premium_Smartphone,4G+,2026-06-07
SUB1290998,0.74,2.4,0.92,0.09,117.09,1,0,18-24,Postpaid_Basic,Mid_Range,4G+,2026-06-21
SUB5855920,1.52,0.99,0.13,0.51,110.81,1,0,45-54,Postpaid_Premium,Premium_Smartphone,4G,2026-06-22
SUB2828022,3.07,1.13,0.19,0.63,46.82,0,0,35-44,Postpaid_Premium,5G_Device,3G,2026-06-11
SUB7367712,3.67,4.96,1.1,0.16,38.64,1,0,18-24,Postpaid_Premium,Mid_Range,4G,2026-06-30
SUB2409854,0.15,0.14,0.21,0.1,34.84,1,0,35-44,Prepaid_Monthly,Basic_Phone,4G,2026-06-25
SUB8997043,4.42,2.14,0.35,0.01,89.6,1,0,35-44,Prepaid_Daily,5G_Device,4G,2026-07-06
SUB1181360,1.63,0.73,0.3,0.87,53.43,0,0,35-44,Prepaid_Monthly,Premium_Smartphone,4G,2026-06-14
SUB3444026,1.4,0.25,0.04,1.19,65.66,0,0,25-34,Postpaid_Premium,Mid_Range,4G,2026-06-21
SUB3515419,0.69,0.06,0.01,1.0,26.35,0,0,25-34,Prepaid_Daily,Mid_Range,3G,2026-06-28
SUB6532410,0.2,0.22,0.06,0.05,40.97,0,0,45-54,Prepaid_Monthly,Basic_Phone,5G,2026-06-22
SUB5138286,0.25,4.49,0.29,0.7,93.59,1,1,25-34,Prepaid_Monthly,Mid_Range,4G,2026-06-21
SUB9333100,1.93,1.45,0.13,0.16,121.75,1,0,25-34,Prepaid_Daily,Premium_Smartphone,4G,2026-06-17
SUB7893728,0.03,0.33,0.19,0.01,39.55,0,0,35-44,Prepaid_Monthly,Mid_Range,3G,2026-06-29
SUB4584197,1.26,0.16,0.01,0.79,109.4,0,0,18-24,Prepaid_Daily,Premium_Smartphone,4G+,2026-06-09
SUB1311955,0.72,1.98,0.63,0.01,43.11,0,1,35-44,Postpaid_Unlimited,Basic_Phone,5G,2026-07-04
SUB3127599,0.39,0.53,0.01,0.18,36.05,0,0,35-44,Prepaid_Daily,Mid_Range,4G,2026-07-04
SUB5933594,0.53,0.63,0.03,0.45,7.86,0,0,35-44,Postpaid_Unlimited,Basic_Phone,5G,2026-06-07
SUB5835451,0.97,0.42,0.02,1.79,47.23,0,0,25-34,Prepaid_Daily,Premium_Smartphone,3G,2026-06-09
SUB5382794,1.92,0.78,1.11,0.87,88.99,1,0,25-34,Postpaid_Unlimited,Mid_Range,5G,2026-07-03
SUB8323494,0.01,3.31,0.05,0.06,69.65,0,0,25-34,Postpaid_Basic,Tablet,4G,2026-06-18
SUB7699144,0.56,0.19,0.05,0.13,45.31,1,0,45-54,Postpaid_Premium,Mid_Range,3G,2026-06-23
SUB5698713,1.33,6.0,0.34,1.09,35.54,0,1,18-24,Postpaid_Unlimited,Mid_Range,4G,2026-06-13
SUB8867791,0.62,0.94,0.31,0.03,98.74,0,1,55+,Postpaid_Basic,Premium_Smartphone,4G,2026-06-26
SUB4790328,5.24,5.47,0.66,0.85,65.6,0,0,35-44,Postpaid_Unlimited,Mid_Range,5G,2026-06-23
SUB6289730,0.35,5.16,0.39,0.95,190.3,1,1,45-54,Postpaid_Basic,5G_Device,5G,2026-06-07
SUB5437610,3.17,4.34,2.32,3.96,142.95,1,0,25-34,Postpaid_Premium,5G_Device,5G,2026-06-19
SUB4239536,0.25,0.37,0.15,0.01,28.52,0,0,25-34,Prepaid_Monthly,Basic_Phone,4G+,2026-06-12
SUB3326133,1.8,1.23,0.04,0.31,123.84,0,0,55+,Postpaid_Unlimited,Premium_Smartphone,5G,2026-06-11
SUB8948140,8.0,3.44,1.45,0.06,126.81,0,1,18-24,Postpaid_Premium,Premium_Smartphone,4G,2026-07-04
SUB6720626,0.88,2.65,1.16,0.03,74.68,0,0,18-24,Prepaid_Daily,Tablet,4G+,2026-06-18
SUB7221714,1.58,1.62,0.78,0.32,74.95,0,1,25-34,Postpaid_Basic,Mid_Range,4G+,2026-07-06
SUB7374825,6.74,1.58,3.74,0.01,51.85,0,0,55+,Postpaid_Unlimited,Mid_Range,5G,2026-06-22
SUB6005858,1.49,0.76,2.6,0.75,86.13,1,0,35-44,Postpaid_Premium,Premium_Smartphone,4G+,2026-06-09
SUB8028722,1.41,1.89,2.2,0.05,90.8,0,1,35-44,Postpaid_Unlimited,Mid_Range,4G+,2026-06-08
SUB9221252,0.8,0.76,0.18,0.12,84.98,0,0,35-44,Prepaid_Monthly,5G_Device,4G,2026-06-17
SUB9975708,2.91,0.46,0.02,0.15,82.31,0,0,25-34,Prepaid_Monthly,5G_Device,4G,2026-06-20
SUB4415871,0.95,0.15,0.18,0.13,10.56,0,1,45-54,Postpaid_Basic,Basic_Phone,4G,2026-06-07
SUB2877971,1.69,0.63,1.26,0.09,164.29,1,1,25-34,Prepaid_Monthly,5G_Device,4G+,2026-07-01
SUB8997488,1.3,0.65,0.08,0.16,74.87,1,0,45-54,Prepaid_Monthly,5G_Device,3G,2026-07-05
SUB7814612,3.73,4.0,0.55,1.53,92.37,0,0,25-34,Postpaid_Basic,5G_Device,5G,2026-07-06
SUB5963401,1.44,1.63,0.0,1.03,95.53,0,0,25-34,Prepaid_Daily,5G_Device,4G+,2026-06-07
SUB3866757,2.85,0.34,0.29,0.22,122.3,0,0,25-34,Prepaid_Monthly,Premium_Smartphone,4G+,2026-06-09
SUB6913318,0.29,0.71,0.13,0.31,17.69,0,0,25-34,Prepaid_Daily,Basic_Phone,5G,2026-06-27
SUB7741286,0.36,2.37,0.51,0.09,85.85,0,0,35-44,Postpaid_Premium,5G_Device,4G,2026-06-21
SUB2577969,0.51,2.86,0.74,0.43,31.04,0,0,25-34,Prepaid_Monthly,Mid_Range,4G,2026-06-18
SUB4651387,0.67,0.43,0.39,0.07,34.7,0,1,18-24,Prepaid_Monthly,Basic_Phone,4G+,2026-07-04
SUB2711672,2.16,2.06,0.07,2.78,72.45,1,0,25-34,Postpaid_Basic,Mid_Range,4G+,2026-06-18
SUB6905950,8.0,0.12,0.15,0.09,131.54,0,0,35-44,Prepaid_Daily,Premium_Smartphone,5G,2026-06-16
SUB4212883,4.34,0.76,4.0,1.09,68.47,1,0,18-24,Postpaid_Unlimited,Mid_Range,4G+,2026-06-11
SUB4028631,2.45,1.64,0.46,0.28,40.63,0,1,35-44,Prepaid_Monthly,5G_Device,3G,2026-07-04
SUB8232212,1.32,2.73,4.0,2.13,113.21,0,0,25-34,Postpaid_Unlimited,Premium_Smartphone,5G,2026-06-24
SUB7423959,0.5,2.6,0.71,0.15,46.82,0,0,25-34,Postpaid_Basic,Mid_Range,4G,2026-07-05
SUB7984297,5.94,5.08,2.25,0.41,127.63,1,1,25-34,Postpaid_Unlimited,Mid_Range,5G,2026-06-26
SUB5024733,0.99,0.15,0.03,0.03,38.63,0,0,55+,Prepaid_Monthly,Mid_Range,3G,2026-06-20
SUB5859221,0.16,0.72,0.05,0.23,16.94,1,0,35-44,Prepaid_Daily,Basic_Phone,4G,2026-06-21
SUB4801250,1.59,2.87,0.01,0.62,81.4,0,1,25-34,Postpaid_Premium,Mid_Range,4G+,2026-06-18
SUB1019675,0.38,0.31,0.06,0.27,45.57,1,0,35-44,Prepaid_Monthly,Basic_Phone,5G,2026-06-29
SUB9462605,2.41,1.3,0.28,0.9,143.52,0,1,45-54,Postpaid_Premium,5G_Device,4G+,2026-06-08
SUB1486799,1.72,4.48,0.42,0.27,127.12,0,0,25-34,Prepaid_Monthly,Premium_Smartphone,5G,2026-06-21
SUB7810805,1.51,3.14,0.9,0.28,100.99,0,0,45-54,Postpaid_Premium,Premium_Smartphone,4G,2026-06-14
SUB3238057,1.16,4.93,1.24,0.02,37.69,1,0,18-24,Postpaid_Unlimited,Mid_Range,4G,2026-06-09
SUB5464344,0.66,0.72,0.39,0.01,87.77,1,1,45-54,Postpaid_Unlimited,Mid_Range,4G+,2026-06-08
SUB1566088,1.33,3.48,0.64,0.25,123.86,0,1,25-34,Prepaid_Monthly,Premium_Smartphone,5G,2026-07-01
SUB7558947,3.71,5.25,0.37,1.52,68.91,0,0,18-24,Prepaid_Monthly,Premium_Smartphone,4G+,2026-06-25
SUB1658003,1.33,1.18,0.37,0.16,36.68,0,1,25-34,Postpaid_Unlimited,Mid_Range,3G,2026-07-01
SUB1805113,0.79,0.2,0.18,0.14,56.41,0,0,55+,Postpaid_Unlimited,Mid_Range,4G,2026-07-05
SUB6028035,0.8,0.05,0.0,0.38,200.0,1,1,45-54,Prepaid_Daily,5G_Device,4G+,2026-06-07
SUB5034464,0.93,0.99,0.45,0.05,34.43,0,0,35-44,Postpaid_Basic,Mid_Range,3G,2026-07-05
SUB3092101,0.22,0.38,0.02,0.12,15.31,1,0,18-24,Prepaid_Daily,Basic_Phone,4G,2026-07-03
SUB6995134,0.11,1.26,0.15,0.55,19.32,0,1,25-34,Postpaid_Unlimited,Basic_Phone,4G,2026-07-05
SUB9503967,1.84,0.87,0.12,0.55,130.23,0,0,25-34,Prepaid_Daily,5G_Device,5G,2026-06-09
SUB7208714,1.48,1.75,2.48,0.45,59.97,1,0,18-24,Postpaid_Basic,5G_Device,4G,2026-06-12
SUB7762126,1.27,2.35,0.85,6.0,109.69,1,0,25-34,Postpaid_Premium,Mid_Range,5G,2026-06-14
SUB7342057,5.45,1.51,0.08,0.05,56.25,0,0,45-54,Postpaid_Unlimited,Mid_Range,4G+,2026-07-04
SUB4541483,1.13,5.68,1.54,3.15,114.65,1,0,35-44,Postpaid_Premium,Premium_Smartphone,4G,2026-07-03
SUB2512760,1.51,1.03,1.24,0.14,43.3,0,1,18-24,Prepaid_Monthly,Mid_Range,4G,2026-06-07
SUB4557689,0.8,0.32,0.66,0.18,51.42,0,1,35-44,Postpaid_Basic,Mid_Range,3G,2026-06-29
SUB2863236,0.34,6.0,1.07,0.07,28.45,0,0,55+,Postpaid_Unlimited,Mid_Range,4G,2026-07-03
SUB8863426,0.97,0.81,0.0,0.11,24.07,0,1,35-44,Postpaid_Premium,Basic_Phone,4G,2026-07-01
SUB1450930,0.25,2.1,0.05,1.01,54.9,1,0,35-44,Postpaid_Premium,5G_Device,4G,2026-06-16
SUB8402324,0.22,0.31,0.03,0.52,57.0,0,0,55+,Postpaid_Premium,Premium_Smartphone,4G,2026-07-05
SUB8946232,2.96,0.42,0.52,0.5,112.22,1,0,45-54,Prepaid_Monthly,5G_Device,4G,2026-06-21
SUB4498408,8.0,1.41,0.52,0.28,154.65,0,0,18-24,Postpaid_Premium,Premium_Smartphone,5G,2026-06-07
SUB6403252,0.89,0.56,1.71,0.13,134.34,0,0,25-34,Prepaid_Monthly,Tablet,4G+,2026-06-08
SUB1091006,0.81,0.47,0.16,0.08,59.88,0,0,55+,Prepaid_Monthly,Tablet,4G,2026-06-13
SUB5151785,2.11,2.2,1.67,0.82,61.68,1,0,25-34,Postpaid_Unlimited,Mid_Range,5G,2026-06-27
SUB1688725,0.71,0.23,0.18,0.44,41.67,0,1,18-24,Prepaid_Daily,Mid_Range,4G,2026-06-07
SUB1206487,3.39,0.53,0.56,0.05,86.69,1,0,25-34,Prepaid_Monthly,5G_Device,3G,2026-06-10
SUB7389308,5.54,3.75,1.36,1.07,114.58,0,1,35-44,Prepaid_Monthly,5G_Device,4G,2026-06-28
SUB4637820,0.45,0.2,0.03,0.18,78.46,0,0,55+,Prepaid_Daily,5G_Device,5G,2026-06-20
SUB4284321,4.37,3.12,0.69,2.51,81.28,1,1,25-34,Postpaid_Premium,Premium_Smartphone,4G,2026-07-03
SUB8018523,1.27,0.68,0.49,0.21,48.46,0,0,25-34,Postpaid_Premium,Premium_Smartphone,3G,2026-06-09
SUB1678841,0.28,0.03,0.06,0.42,75.97,0,0,45-54,Prepaid_Daily,Mid_Range,4G+,2026-07-04
SUB6420712,3.01,1.21,0.19,0.6,44.73,0,0,25-34,Postpaid_Basic,Mid_Range,3G,2026-06-28
SUB4452501,2.5,1.27,0.06,0.41,47.86,0,0,18-24,Postpaid_Basic,5G_Device,4G,2026-06-28
SUB9433840,0.8,0.86,0.07,0.21,177.18,0,1,55+,Prepaid_Daily,Tablet,5G,2026-06-08
SUB3445840,0.35,0.48,0.14,0.04,25.8,0,0,25-34,Postpaid_Premium,Basic_Phone,4G,2026-06-22
SUB6451973,0.61,0.24,0.15,0.17,57.43,1,0,25-34,Prepaid_Monthly,Premium_Smartphone,3G,2026-06-15
SUB2379904,2.69,0.79,0.14,2.48,84.49,0,0,35-44,Postpaid_Premium,Premium_Smartphone,4G,2026-06-12
SUB8353172,1.96,3.38,0.07,0.02,106.94,1,1,18-24,Prepaid_Daily,Mid_Range,5G,2026-07-05
SUB2437188,0.81,0.8,0.06,0.32,56.73,0,1,55+,Prepaid_Monthly,5G_Device,4G,2026-07-02
SUB2656321,0.48,1.06,2.58,0.57,176.48,0,1,25-34,Prepaid_Daily,Premium_Smartphone,5G,2026-06-07
SUB1538645,0.32,0.93,0.09,0.23,60.89,0,0,25-34,Prepaid_Daily,Mid_Range,4G+,2026-06-18
SUB6354552,5.5,6.0,0.12,0.58,76.88,0,0,18-24,Postpaid_Unlimited,Mid_Range,4G+,2026-06-20
SUB5525121,0.36,0.25,0.0,0.58,66.29,1,0,25-34,Prepaid_Daily,Mid_Range,4G,2026-06-20
SUB6832801,0.19,0.17,0.09,0.28,102.06,1,0,45-54,Prepaid_Daily,Mid_Range,5G,2026-06-21
SUB7911855,0.76,1.09,0.36,0.45,23.35,0,1,45-54,Postpaid_Unlimited,Basic_Phone,4G,2026-07-03
SUB7550091,0.04,0.1,0.18,0.19,37.42,0,0,55+,Postpaid_Basic,Mid_Range,4G+,2026-06-13
SUB8790574,0.62,2.69,0.07,0.03,136.91,0,1,25-34,Prepaid_Daily,Premium_Smartphone,4G+,2026-06-23
SUB4366823,8.0,6.0,0.05,4.08,76.31,0,1,35-44,Postpaid_Unlimited,Premium_Smartphone,4G,2026-07-01
SUB8370683,0.4,0.79,0.19,0.17,147.76,0,1,25-34,Prepaid_Daily,Premium_Smartphone,5G,2026-06-22
SUB3167354,3.33,0.35,0.25,0.63,106.84,0,0,45-54,Postpaid_Premium,5G_Device,4G+,2026-07-05
SUB7439522,0.54,0.96,0.05,0.05,79.34,0,1,35-44,Prepaid_Daily,5G_Device,4G,2026-06-29
SUB6047999,0.79,0.95,0.75,1.4,101.53,1,0,25-34,Postpaid_Basic,5G_Device,5G,2026-06-15
SUB5385010,3.34,0.53,1.1,0.51,109.7,1,0,25-34,Postpaid_Basic,Mid_Range,5G,2026-07-06
SUB5818750,0.45,1.45,0.62,2.92,108.79,1,1,25-34,Prepaid_Monthly,Mid_Range,4G+,2026-07-06
SUB5991536,1.28,1.39,0.55,0.98,62.76,1,0,35-44,Postpaid_Basic,Mid_Range,4G,2026-06-25
SUB4471750,0.25,1.45,0.37,0.76,129.49,0,1,55+,Postpaid_Basic,Premium_Smartphone,4G+,2026-07-01
SUB5475156,6.75,2.35,1.42,0.65,136.02,0,0,18-24,Postpaid_Premium,5G_Device,5G,2026-06-30
SUB3765331,1.89,6.0,1.99,1.3,57.77,0,0,18-24,Postpaid_Unlimited,Premium_Smartphone,4G,2026-06-26
SUB9070297,1.09,6.0,0.97,0.69,196.39,1,1,18-24,Postpaid_Basic,Premium_Smartphone,5G,2026-07-05
SUB9976766,0.83,3.91,0.29,0.3,118.38,1,0,45-54,Postpaid_Basic,Premium_Smartphone,4G,2026-07-05
SUB3630723,4.19,0.71,0.72,0.31,47.11,0,0,25-34,Postpaid_Basic,Premium_Smartphone,4G,2026-06-20
SUB1865139,1.41,2.14,0.81,1.03,100.63,0,1,18-24,Postpaid_Premium,Tablet,5G,2026-06-28
SUB8543159,0.38,1.91,3.52,0.57,107.56,0,0,25-34,Prepaid_Monthly,5G_Device,4G+,2026-06-26
SUB6384935,1.39,3.24,1.28,0.14,163.12,1,0,35-44,Postpaid_Basic,5G_Device,4G+,2026-06-13
SUB3901717,7.05,3.13,2.22,2.16,86.09,1,1,25-34,Postpaid_Basic,Premium_Smartphone,4G,2026-06-23
SUB7285939,3.59,0.29,1.51,1.37,72.74,1,1,35-44,Postpaid_Unlimited,Mid_Range,4G,2026-06-10
SUB7816525,0.34,0.84,0.05,1.97,41.39,0,1,25-34,Postpaid_Basic,Basic_Phone,4G+,2026-06-13
SUB3211738,0.29,0.27,0.25,0.62,24.75,0,1,25-34,Prepaid_Monthly,Basic_Phone,4G+,2026-06-19
SUB6692796,0.59,0.13,0.33,0.01,37.87,0,0,18-24,Postpaid_Basic,Basic_Phone,4G+,2026-06-09
SUB9678376,5.25,6.0,0.17,3.24,65.06,0,0,18-24,Postpaid_Premium,Tablet,4G,2026-06-11
SUB7822567,4.95,0.38,0.29,0.55,88.2,1,0,25-34,Postpaid_Unlimited,Mid_Range,5G,2026-06-22
SUB3639929,1.27,1.67,1.74,3.04,66.42,0,1,25-34,Postpaid_Premium,Mid_Range,4G+,2026-07-02
SUB4133211,1.76,0.36,0.61,0.15,50.07,0,0,35-44,Postpaid_Unlimited,Premium_Smartphone,3G,2026-06-20
SUB8440449,0.22,3.45,0.04,0.46,98.53,0,0,18-24,Prepaid_Monthly,Premium_Smartphone,4G,2026-06-15
SUB2726199,8.0,1.48,0.34,0.37,120.7,0,1,18-24,Postpaid_Basic,5G_Device,4G+,2026-06-28
SUB6071915,0.83,0.34,0.13,0.12,9.62,0,0,45-54,Postpaid_Premium,Basic_Phone,4G,2026-06-24
SUB1443945,1.0,0.76,1.04,0.16,100.18,0,0,35-44,Prepaid_Monthly,Tablet,4G,2026-06-11
SUB8382003,0.04,1.39,1.49,0.05,43.35,0,0,35-44,Prepaid_Monthly,Mid_Range,4G,2026-07-04
SUB7310114,1.42,2.02,0.19,0.2,150.06,1,1,45-54,Postpaid_Premium,Tablet,4G,2026-07-05
SUB1021253,4.32,2.42,4.0,0.3,96.72,1,0,25-34,Postpaid_Premium,Premium_Smartphone,4G,2026-06-24
SUB4603110,0.4,0.85,0.04,0.61,83.74,1,0,45-54,Postpaid_Unlimited,Premium_Smartphone,3G,2026-06-27
SUB3276787,1.05,6.0,0.29,0.06,52.08,1,0,25-34,Postpaid_Unlimited,Mid_Range,4G,2026-07-06
SUB8690840,4.05,2.15,0.31,0.62,131.31,1,1,18-24,Prepaid_Monthly,Premium_Smartphone,4G+,2026-06-13
SUB7501553,0.93,4.58,0.16,0.25,56.29,0,1,25-34,Postpaid_Unlimited,Premium_Smartphone,3G,2026-06-21
SUB2274634,0.19,0.11,0.05,0.04,18.57,0,0,25-34,Prepaid_Daily,Basic_Phone,4G,2026-06-28
SUB3755063,0.2,1.22,0.15,0.2,29.81,1,1,25-34,Postpaid_Premium,Basic_Phone,4G,2026-06-23
SUB2228807,1.96,1.34,0.3,1.19,136.48,0,0,25-34,Prepaid_Monthly,Tablet,5G,2026-06-29
SUB9511383,0.92,3.92,0.69,0.59,93.67,1,0,25-34,Prepaid_Monthly,Premium_Smartphone,4G,2026-06-09
SUB6163515,1.03,1.27,0.18,0.35,79.54,0,1,18-24,Postpaid_Unlimited,5G_Device,4G,2026-06-12
SUB8601748,4.67,0.46,0.34,6.0,69.32,0,1,18-24,Prepaid_Monthly,Premium_Smartphone,3G,2026-07-04
SUB5463158,5.56,6.0,0.29,0.77,60.15,1,0,18-24,Postpaid_Premium,Mid_Range,4G+,2026-06-22
SUB9803208,0.87,0.96,0.41,0.32,68.42,0,0,18-24,Prepaid_Daily,Mid_Range,5G,2026-06-15
SUB7181422,8.0,0.86,0.06,0.02,87.72,0,0,25-34,Prepaid_Daily,Tablet,4G,2026-06-13
SUB3269070,3.55,1.75,0.24,0.47,91.73,0,1,35-44,Prepaid_Monthly,Premium_Smartphone,4G+,2026-06-24
SUB5413359,0.04,0.44,1.27,0.45,30.98,0,0,18-24,Postpaid_Basic,Mid_Range,3G,2026-07-03
SUB8640167,2.51,1.86,0.73,0.38,117.95,1,0,45-54,Prepaid_Monthly,Premium_Smartphone,4G,2026-06-07
SUB3831569,0.04,0.18,0.02,0.03,30.0,0,0,45-54,Prepaid_Monthly,Basic_Phone,4G,2026-07-04
SUB8322153,3.21,0.91,0.41,0.2,74.5,0,0,25-34,Postpaid_Premium,5G_Device,4G,2026-06-14
SUB3519507,0.55,0.16,0.05,0.06,46.26,0,0,35-44,Prepaid_Daily,Basic_Phone,5G,2026-07-03
SUB2256715,0.1,0.42,0.3,0.28,54.76,0,0,25-34,Prepaid_Monthly,Mid_Range,4G,2026-06-15
SUB9468865,0.65,2.75,0.01,0.52,24.99,0,1,18-24,Postpaid_Unlimited,Basic_Phone,5G,2026-07-06
SUB2526534,0.55,0.85,0.11,0.04,86.48,1,0,55+,Prepaid_Monthly,Mid_Range,4G,2026-06-26
SUB1824143,2.09,0.47,0.21,0.02,42.98,0,0,18-24,Prepaid_Monthly,Premium_Smartphone,3G,2026-06-08
SUB8346562,3.1,2.79,1.42,1.39,200.0,1,0,55+,Postpaid_Premium,Premium_Smartphone,5G,2026-06-20
SUB4802986,0.85,3.21,1.06,0.05,117.38,0,1,35-44,Postpaid_Premium,5G_Device,4G+,2026-06-24
SUB1371616,6.23,4.02,4.0,0.5,82.37,0,0,25-34,Postpaid_Premium,Premium_Smartphone,4G,2026-06-11
SUB2960155,0.16,3.79,1.12,0.14,33.68,0,0,25-34,Postpaid_Unlimited,Mid_Range,4G,2026-06-22
SUB3710527,0.99,1.92,1.3,0.66,126.54,0,1,25-34,Prepaid_Daily,Premium_Smartphone,5G,2026-07-01
SUB2768967,3.36,6.0,0.36,1.33,129.91,0,0,18-24,Postpaid_Unlimited,5G_Device,5G,2026-06-12
SUB9370043,0.7,5.07,3.11,0.21,36.39,1,0,25-34,Postpaid_Unlimited,Mid_Range,4G,2026-06-11
SUB1279215,2.27,1.61,0.3,2.85,72.92,1,0,35-44,Postpaid_Unlimited,Mid_Range,4G,2026-06-27
SUB3843236,1.52,6.0,0.62,2.51,120.39,0,0,25-34,Postpaid_Basic,Premium_Smartphone,5G,2026-07-05
SUB8379933,4.89,2.7,0.47,0.71,52.49,0,1,18-24,Postpaid_Unlimited,Mid_Range,4G,2026-06-26
SUB9661957,4.71,1.16,0.39,1.82,52.88,1,0,25-34,Prepaid_Monthly,Mid_Range,4G,2026-06-21
SUB7153973,0.63,2.82,0.5,0.0,74.6,0,0,45-54,Postpaid_Premium,5G_Device,4G,2026-06-16
SUB7035218,3.15,0.83,0.7,0.35,153.65,0,0,25-34,Prepaid_Daily,5G_Device,5G,2026-06-25
SUB2960584,2.47,1.38,1.64,1.91,153.57,0,0,25-34,Postpaid_Premium,Premium_Smartphone,5G,2026-07-02
SUB7223754,0.97,0.23,0.34,0.09,104.98,0,1,55+,Postpaid_Basic,5G_Device,4G,2026-06-15
SUB6585709,0.78,0.69,0.35,0.02,38.86,0,0,25-34,Prepaid_Daily,Mid_Range,4G,2026-06-14
SUB1578688,3.31,6.0,0.64,0.71,130.99,0,1,25-34,Postpaid_Unlimited,Premium_Smartphone,5G,2026-07-02
SUB5226156,0.53,1.5,4.0,0.29,128.31,0,0,45-54,Postpaid_Basic,Premium_Smartphone,5G,2026-07-04
SUB6755892,0.12,0.59,0.44,0.01,67.23,0,0,45-54,Postpaid_Premium,Premium_Smartphone,4G,2026-07-04
SUB8983372,0.28,0.92,0.6,0.35,59.92,0,1,25-34,Prepaid_Monthly,Mid_Range,4G,2026-06-18
SUB9127747,3.27,4.25,0.75,2.49,200.0,1,1,18-24,Postpaid_Unlimited,Premium_Smartphone,5G,2026-07-03
SUB5227995,1.88,0.23,0.95,0.31,41.52,0,0,35-44,Postpaid_Basic,5G_Device,3G,2026-06-08
SUB8337694,6.92,1.3,0.23,0.09,71.26,1,0,25-34,Prepaid_Monthly,Premium_Smartphone,4G,2026-06-08
SUB9921334,0.78,0.23,0.08,0.09,88.03,0,0,55+,Postpaid_Basic,Mid_Range,5G,2026-06-20
SUB4952255,0.71,1.63,0.76,0.07,41.53,0,0,18-24,Postpaid_Premium,Basic_Phone,5G,2026-06-27
SUB4817242,0.82,2.98,0.51,0.03,61.27,0,0,25-34,Postpaid_Premium,Mid_Range,5G,2026-06-24
SUB5990488,0.79,0.68,0.04,0.23,17.81,1,0,18-24,Prepaid_Monthly,Basic_Phone,4G,2026-06-23
SUB1239968,0.5,0.81,0.26,1.06,83.16,1,0,35-44,Prepaid_Monthly,5G_Device,4G+,2026-06-25
SUB9677571,0.43,0.25,0.11,0.19,49.73,1,0,45-54,Postpaid_Basic,Premium_Smartphone,3G,2026-06-20
SUB3592536,4.35,1.54,0.81,0.05,93.66,1,0,35-44,Postpaid_Unlimited,Premium_Smartphone,4G,2026-06-14
SUB6504381,3.23,1.78,0.58,3.1,114.64,0,1,55+,Postpaid_Premium,5G_Device,4G,2026-07-05
SUB1519165,0.67,2.13,0.02,0.33,30.78,0,0,18-24,Prepaid_Monthly,Mid_Range,4G,2026-07-01
SUB5414084,1.33,2.25,1.81,0.13,109.74,1,0,18-24,Prepaid_Monthly,Premium_Smartphone,4G,2026-06-17
SUB4440866,1.2,6.0,0.26,0.01,40.11,0,0,45-54,Postpaid_Basic,Mid_Range,4G,2026-06-22
SUB4878363,0.13,4.42,0.04,0.38,18.66,1,0,45-54,Postpaid_Unlimited,Basic_Phone,4G,2026-06-20
SUB2027557,0.56,0.11,0.15,0.04,45.25,0,0,45-54,Prepaid_Daily,Mid_Range,4G,2026-06-20
SUB8435697,0.48,0.76,0.14,0.28,97.38,0,1,45-54,Postpaid_Premium,Tablet,5G,2026-06-27
SUB6898885,0.52,0.75,0.83,2.38,49.82,1,0,25-34,Prepaid_Monthly,Mid_Range,4G+,2026-06-21
SUB8601723,0.36,0.11,0.2,0.06,17.74,0,0,18-24,Prepaid_Monthly,Basic_Phone,4G,2026-06-23
SUB8946155,0.92,0.11,0.02,0.07,125.54,0,0,55+,Prepaid_Daily,Premium_Smartphone,4G+,2026-06-19
SUB6688238,1.25,6.0,1.1,0.01,89.65,1,0,25-34,Postpaid_Unlimited,Mid_Range,4G+,2026-07-02
SUB7703560,1.07,0.2,0.3,0.24,18.35,0,0,25-34,Postpaid_Unlimited,Basic_Phone,3G,2026-06-07
SUB2785559,1.92,3.33,1.0,0.21,137.63,1,0,35-44,Prepaid_Daily,5G_Device,4G+,2026-06-16
SUB9697057,0.61,0.99,0.32,0.35,63.74,1,0,25-34,Postpaid_Basic,Mid_Range,4G,2026-06-23
SUB1533634,0.15,0.35,0.04,0.21,153.18,1,0,45-54,Prepaid_Daily,5G_Device,4G+,2026-06-18
SUB4932747,3.27,4.68,2.76,1.04,107.63,0,0,18-24,Postpaid_Premium,Premium_Smartphone,4G+,2026-06-25
SUB9578845,0.49,0.27,0.23,0.15,39.92,0,0,45-54,Postpaid_Premium,Basic_Phone,4G+,2026-06-21
SUB9102873,0.62,0.92,0.75,1.41,49.45,0,0,35-44,Prepaid_Monthly,Mid_Range,4G,2026-06-25
SUB5623636,0.65,2.29,0.66,1.83,115.95,0,0,35-44,Prepaid_Daily,Premium_Smartphone,5G,2026-06-23
SUB8556855,1.99,1.67,1.18,0.02,52.57,0,0,25-34,Postpaid_Premium,Mid_Range,4G,2026-06-29
SUB6334233,1.11,1.4,0.92,0.22,102.76,0,1,25-34,Postpaid_Premium,Premium_Smartphone,4G,2026-06-28
SUB2406368,0.81,1.99,0.04,0.03,67.72,0,0,25-34,Prepaid_Daily,5G_Device,4G,2026-06-08
SUB7841300,0.62,3.25,0.29,0.72,64.44,0,0,25-34,Postpaid_Basic,5G_Device,4G,2026-06-21
SUB6785267,1.18,2.99,4.0,6.0,126.95,1,1,35-44,Postpaid_Premium,Premium_Smartphone,5G,2026-07-02
SUB2224744,5.54,6.0,0.85,0.24,140.5,1,0,25-34,Postpaid_Basic,5G_Device,5G,2026-06-17
SUB6970226,2.36,3.69,0.26,0.35,86.23,0,1,18-24,Prepaid_Monthly,Mid_Range,4G+,2026-06-17
SUB5862894,1.24,1.46,0.3,0.93,59.91,1,0,18-24,Postpaid_Basic,Mid_Range,4G,2026-06-27
SUB3131018,0.13,6.0,2.34,0.31,109.35,0,0,35-44,Postpaid_Basic,5G_Device,5G,2026-06-28
SUB9210710,4.88,2.31,3.6,0.06,119.44,1,0,18-24,Postpaid_Basic,Mid_Range,5G,2026-06-10
SUB4489429,2.55,0.44,0.38,0.29,54.78,0,0,45-54,Postpaid_Unlimited,Premium_Smartphone,4G,2026-07-02
SUB7888260,0.76,0.62,0.35,0.71,132.43,1,0,35-44,Prepaid_Daily,Premium_Smartphone,4G,2026-06-10
SUB7478443,0.93,0.42,0.19,0.63,44.19,0,0,45-54,Postpaid_Basic,Mid_Range,4G,2026-06-14
SUB1294746,0.83,3.77,0.0,0.07,68.74,0,0,45-54,Prepaid_Daily,Mid_Range,4G+,2026-06-25
SUB6710754,1.76,0.14,1.48,0.56,116.21,0,0,18-24,Prepaid_Monthly,Premium_Smartphone,4G+,2026-06-21
SUB6432019,0.7,5.13,0.37,0.14,113.88,0,0,45-54,Postpaid_Premium,5G_Device,5G,2026-06-08
SUB5352892,2.09,1.59,1.54,1.44,21.57,1,0,25-34,Postpaid_Unlimited,Basic_Phone,4G,2026-07-01
SUB2702159,0.01,0.13,0.04,0.02,60.46,0,0,45-54,Prepaid_Daily,Premium_Smartphone,4G,2026-06-25
SUB4757985,0.33,0.46,0.26,0.62,81.17,0,0,45-54,Postpaid_Unlimited,Premium_Smartphone,4G+,2026-06-13
SUB4802177,1.45,1.12,0.06,0.43,45.36,0,1,18-24,Prepaid_Monthly,Mid_Range,4G,2026-06-08
SUB9512558,1.47,1.56,0.22,0.27,35.02,0,0,25-34,Prepaid_Monthly,Mid_Range,4G,2026-06-28
SUB2153224,5.15,0.36,0.45,0.12,44.34,0,0,25-34,Prepaid_Daily,Mid_Range,4G,2026-07-05
SUB3650235,2.28,1.87,0.85,0.15,161.04,1,0,35-44,Postpaid_Basic,Premium_Smartphone,4G+,2026-07-06
SUB5740039,3.84,5.11,0.96,0.1,89.06,1,0,25-34,Postpaid_Basic,Premium_Smartphone,3G,2026-06-27
SUB9299350,1.15,1.05,0.48,0.24,88.28,0,0,25-34,Prepaid_Monthly,Tablet,4G,2026-07-04
SUB3303554,2.19,4.34,0.06,0.09,89.82,0,0,25-34,Postpaid_Basic,Mid_Range,5G,2026-06-20
SUB5020120,0.14,1.56,0.04,0.44,118.71,1,0,25-34,Postpaid_Basic,Tablet,4G,2026-06-10
SUB3946862,0.72,1.66,0.82,0.41,106.17,1,0,55+,Postpaid_Basic,Premium_Smartphone,4G+,2026-06-08
SUB3676517,0.73,0.33,0.27,0.25,23.14,0,0,45-54,Prepaid_Monthly,Mid_Range,4G,2026-06-08
SUB5307086,1.18,1.99,0.52,2.7,114.08,1,1,25-34,Postpaid_Unlimited,Mid_Range,4G+,2026-06-19
SUB8331006,2.78,6.0,0.56,0.12,83.75,0,0,18-24,Postpaid_Premium,Premium_Smartphone,5G,2026-06-18
SUB9329442,1.6,1.98,4.0,0.15,105.94,0,1,18-24,Prepaid_Monthly,5G_Device,5G,2026-06-08
SUB7169912,0.84,1.37,0.06,1.19,115.38,0,0,25-34,Prepaid_Monthly,Premium_Smartphone,4G+,2026-06-17
SUB9831924,0.16,3.81,0.44,0.38,107.57,1,0,45-54,Postpaid_Premium,Premium_Smartphone,4G,2026-06-21
SUB4517741,0.15,1.23,0.01,0.05,61.02,0,0,25-34,Prepaid_Daily,Mid_Range,4G,2026-06-25
SUB7168563,1.26,2.12,0.45,1.26,51.43,0,0,25-34,Postpaid_Premium,Mid_Range,4G,2026-06-30
SUB4456653,0.01,0.12,0.03,0.03,21.22,1,0,45-54,Prepaid_Monthly,Basic_Phone,3G,2026-06-19
SUB6429219,0.58,0.65,0.11,0.18,55.48,0,0,55+,Postpaid_Basic,Mid_Range,5G,2026-07-06
SUB1475595,0.21,1.47,0.2,0.46,58.68,0,0,18-24,Prepaid_Monthly,5G_Device,3G,2026-06-21
SUB2888806,8.0,0.69,0.05,1.8,75.95,1,0,18-24,Postpaid_Unlimited,5G_Device,4G,2026-07-01
SUB3148091,7.4,6.0,0.46,0.35,45.94,0,0,25-34,Postpaid_Unlimited,Mid_Range,4G,2026-06-19
SUB4961676,1.06,3.37,0.19,1.12,124.46,0,0,35-44,Postpaid_Unlimited,5G_Device,5G,2026-07-05
SUB2760462,0.24,0.18,0.09,0.03,28.3,0,0,55+,Prepaid_Daily,Mid_Range,4G,2026-06-24
SUB5058848,2.23,1.49,1.36,0.78,44.84,0,0,18-24,Postpaid_Premium,Mid_Range,5G,2026-06-23
SUB1809178,0.74,1.58,1.42,1.54,57.16,1,0,18-24,Postpaid_Basic,Mid_Range,4G,2026-06-30
SUB8932310,0.59,0.28,0.3,0.08,24.32,1,0,45-54,Postpaid_Premium,Basic_Phone,5G,2026-06-10
SUB5777402,0.06,0.19,0.2,0.57,87.29,0,0,35-44,Prepaid_Monthly,Mid_Range,5G,2026-06-19
SUB7934106,1.8,1.42,0.1,0.14,59.35,1,1,55+,Postpaid_Premium,Mid_Range,4G,2026-06-28
SUB8486327,4.61,3.41,0.4,0.21,37.72,0,0,25-34,Postpaid_Unlimited,Mid_Range,5G,2026-07-05
SUB3562605,0.5,2.91,0.01,0.35,71.74,0,1,25-34,Prepaid_Monthly,Mid_Range,5G,2026-06-16
SUB1721037,3.36,6.0,3.56,1.07,200.0,1,1,18-24,Prepaid_Monthly,Premium_Smartphone,4G+,2026-06-11
SUB6507683,0.41,0.89,0.24,0.5,38.24,0,0,18-24,Prepaid_Daily,Mid_Range,4G,2026-06-21
SUB7417954,0.68,1.3,0.1,0.18,72.72,0,0,35-44,Prepaid_Monthly,Tablet,4G,2026-07-06
SUB2021469,1.73,5.0,0.26,0.18,129.9,1,1,25-34,Postpaid_Basic,5G_Device,4G+,2026-06-21
SUB7756350,4.26,5.72,0.49,0.67,164.21,1,0,18-24,Postpaid_Premium,5G_Device,5G,2026-07-03
SUB6779277,0.14,0.34,0.11,3.07,79.24,0,1,45-54,Prepaid_Monthly,Premium_Smartphone,3G,2026-06-14
SUB3892371,0.19,3.49,0.48,0.93,139.34,0,1,18-24,Postpaid_Basic,Premium_Smartphone,4G+,2026-07-02
SUB7970199,2.29,1.71,0.03,0.13,87.46,1,0,35-44,Postpaid_Basic,Mid_Range,4G+,2026-06-12
SUB1463001,0.42,2.2,0.96,0.6,71.87,1,0,25-34,Prepaid_Monthly,5G_Device,4G,2026-06-14
SUB7011493,1.48,0.26,0.0,0.03,24.41,0,0,45-54,Postpaid_Basic,Mid_Range,3G,2026-06-16
SUB3822136,2.67,1.45,0.1,0.17,48.54,1,0,18-24,Prepaid_Daily,Mid_Range,4G,2026-06-13
SUB1515693,0.15,0.55,0.01,0.11,27.46,0,0,45-54,Postpaid_Basic,Basic_Phone,4G+,2026-06-22
SUB3636722,0.27,1.22,0.37,0.92,90.99,1,0,18-24,Prepaid_Daily,Premium_Smartphone,3G,2026-06-12
SUB8818114,1.33,3.64,0.26,0.51,62.34,0,1,25-34,Postpaid_Premium,Mid_Range,4G,2026-06-25
SUB1239017,1.16,1.54,0.08,0.06,140.71,0,0,35-44,Prepaid_Daily,Tablet,5G,2026-06-13
SUB1414994,1.28,2.74,0.07,0.94,28.07,0,0,18-24,Postpaid_Unlimited,Mid_Range,3G,2026-06-10
SUB1941768,8.0,6.0,1.96,0.67,89.32,0,0,25-34,Postpaid_Premium,5G_Device,4G,2026-07-01
SUB6712044,0.62,0.97,0.3,0.2,35.67,1,0,45-54,Prepaid_Monthly,Mid_Range,3G,2026-07-04
SUB9043846,1.59,0.2,0.6,0.0,145.38,1,1,45-54,Prepaid_Monthly,Premium_Smartphone,4G,2026-06-15
SUB2076941,6.56,2.51,0.52,0.81,167.34,1,1,18-24,Prepaid_Monthly,Premium_Smartphone,4G,2026-06-07
SUB1465982,0.83,1.84,3.2,0.96,52.88,0,0,18-24,Postpaid_Premium,Premium_Smartphone,4G,2026-06-17
SUB3538568,0.22,6.0,0.09,0.08,77.99,0,0,18-24,Prepaid_Monthly,Mid_Range,4G+,2026-06-25
SUB1273146,4.4,1.68,0.2,0.01,110.06,1,1,18-24,Postpaid_Premium,Premium_Smartphone,4G,2026-06-28
SUB6453174,0.55,0.23,0.29,0.22,61.5,0,0,55+,Prepaid_Daily,Mid_Range,5G,2026-06-30
SUB7124152,1.39,0.35,0.1,1.47,122.21,0,1,35-44,Prepaid_Daily,Premium_Smartphone,5G,2026-07-02
SUB2164795,1.8,2.0,0.84,1.03,92.7,0,1,25-34,Prepaid_Monthly,Premium_Smartphone,4G,2026-06-08
SUB8130030,0.26,0.34,0.0,0.0,39.38,0,0,55+,Prepaid_Daily,Mid_Range,3G,2026-06-18
SUB3677747,0.34,3.4,0.07,0.58,40.46,0,1,35-44,Postpaid_Basic,Mid_Range,3G,2026-06-13
SUB3409381,0.05,0.01,0.03,0.06,27.46,0,0,35-44,Prepaid_Daily,Basic_Phone,4G,2026-06-30
SUB8026492,6.34,1.8,2.23,2.95,200.0,1,1,25-34,Postpaid_Unlimited,5G_Device,5G,2026-06-10
SUB9309411,4.64,2.08,1.54,2.12,122.66,0,0,25-34,Postpaid_Premium,5G_Device,5G,2026-07-02
SUB7859216,0.47,0.2,0.3,0.96,76.69,0,0,35-44,Prepaid_Monthly,Mid_Range,4G+,2026-06-30
SUB3943295,1.99,4.81,2.96,0.48,67.88,1,0,18-24,Postpaid_Basic,Mid_Range,5G,2026-07-01
SUB4283616,0.14,0.43,0.57,1.36,24.1,1,0,25-34,Postpaid_Basic,Mid_Range,3G,2026-07-01
SUB1077175,2.55,2.23,0.36,0.99,34.04,0,0,18-24,Postpaid_Premium,Mid_Range,4G,2026-06-23
SUB3078808,2.28,0.66,0.11,0.1,54.45,1,0,18-24,Prepaid_Monthly,5G_Device,3G,2026-06-20
SUB2357453,0.96,0.35,0.03,0.66,55.09,0,0,25-34,Prepaid_Daily,Premium_Smartphone,3G,2026-06-13
SUB4011786,0.39,6.0,0.02,0.0,88.54,0,0,35-44,Prepaid_Monthly,5G_Device,4G,2026-07-02
SUB1095028,2.01,1.55,0.01,0.1,51.66,0,0,25-34,Postpaid_Basic,5G_Device,4G,2026-07-05
SUB2558242,8.0,6.0,1.75,0.43,112.99,1,0,25-34,Postpaid_Unlimited,Premium_Smartphone,4G,2026-06-18
SUB5319453,1.74,0.64,0.39,4.61,41.45,0,0,35-44,Postpaid_Unlimited,Premium_Smartphone,3G,2026-06-25
SUB5948008,3.2,1.27,0.65,0.86,76.39,0,1,18-24,Prepaid_Daily,Premium_Smartphone,4G,2026-06-11
SUB6445315,0.9,3.39,0.23,0.05,46.61,0,1,25-34,Postpaid_Premium,Premium_Smartphone,3G,2026-06-26
SUB9552442,5.01,2.24,1.22,1.43,96.12,0,0,45-54,Postpaid_Unlimited,5G_Device,4G,2026-07-02
SUB3367555,1.08,1.87,0.06,0.06,92.88,0,0,18-24,Prepaid_Daily,5G_Device,4G,2026-06-11
SUB4012359,1.86,0.31,0.01,0.01,50.29,0,1,45-54,Postpaid_Premium,Mid_Range,4G,2026-07-02
SUB3414165,2.09,2.68,1.22,1.07,109.78,1,0,45-54,Postpaid_Basic,5G_Device,4G,2026-06-24
SUB8204776,0.42,0.26,0.23,0.67,75.93,0,1,18-24,Postpaid_Premium,Premium_Smartphone,3G,2026-06-22
SUB4208823,0.34,0.76,0.5,0.47,31.76,1,0,18-24,Postpaid_Basic,Mid_Range,4G,2026-07-06
SUB8457918,0.49,1.03,0.0,0.03,62.33,0,1,55+,Postpaid_Unlimited,5G_Device,3G,2026-07-02
SUB6051646,0.38,0.5,0.68,0.68,55.75,0,1,18-24,Prepaid_Monthly,Mid_Range,4G+,2026-07-01
SUB4625654,1.08,1.23,0.25,0.93,62.25,0,0,45-54,Postpaid_Premium,5G_Device,3G,2026-06-24
SUB1285711,2.05,0.8,1.52,0.84,113.7,0,0,35-44,Prepaid_Monthly,Tablet,4G+,2026-06-12
SUB6278172,0.2,0.64,0.25,0.78,33.62,0,0,25-34,Prepaid_Monthly,Mid_Range,4G,2026-06-26
SUB7912880,7.62,3.11,0.45,1.44,91.67,0,1,18-24,Postpaid_Unlimited,5G_Device,4G,2026-06-12
SUB1575919,2.3,6.0,0.33,1.4,174.9,0,1,25-34,Postpaid_Premium,5G_Device,5G,2026-06-19
SUB4331106,2.81,1.01,0.78,2.26,105.64,0,0,25-34,Prepaid_Monthly,Premium_Smartphone,5G,2026-07-05
SUB1422381,0.64,1.63,0.18,0.22,50.86,0,0,35-44,Postpaid_Basic,Mid_Range,4G,2026-06-08
SUB1976433,0.16,0.05,0.09,0.02,36.37,0,1,55+,Prepaid_Daily,Mid_Range,3G,2026-07-01
SUB9222462,0.51,1.84,0.03,0.57,161.68,0,1,45-54,Prepaid_Monthly,Premium_Smartphone,5G,2026-07-06
SUB5900164,1.44,0.49,1.45,0.12,33.19,1,0,25-34,Postpaid_Premium,Mid_Range,3G,2026-06-25
SUB7336356,0.55,1.24,0.1,0.2,88.18,0,0,45-54,Postpaid_Basic,Premium_Smartphone,4G,2026-06-23
SUB6679042,0.37,2.03,0.28,0.1,105.98,1,0,45-54,Postpaid_Basic,5G_Device,4G+,2026-06-21
SUB1401067,1.98,0.73,0.23,0.74,125.68,1,1,55+,Postpaid_Premium,Tablet,4G,2026-07-02
SUB8094176,6.88,0.98,0.17,0.39,70.3,0,1,25-34,Prepaid_Monthly,Mid_Range,4G,2026-06-23
SUB1460796,1.59,0.62,0.22,0.33,27.43,0,0,45-54,Prepaid_Daily,Mid_Range,4G,2026-06-20
SUB8740616,2.32,1.86,0.67,0.29,60.82,1,0,35-44,Prepaid_Monthly,5G_Device,3G,2026-07-04
SUB6994376,2.66,1.82,0.46,4.05,114.28,0,0,25-34,Postpaid_Unlimited,Premium_Smartphone,5G,2026-06-15
SUB6289283,0.65,2.34,0.42,0.03,135.25,1,1,55+,Postpaid_Unlimited,5G_Device,4G,2026-06-16
SUB6858338,2.49,2.3,0.35,0.44,67.82,0,0,18-24,Prepaid_Monthly,5G_Device,4G,2026-06-29
SUB5989904,3.21,1.53,0.25,0.94,51.61,0,0,18-24,Prepaid_Daily,Premium_Smartphone,4G,2026-06-28
SUB1312023,0.37,0.6,0.14,0.24,43.08,0,0,45-54,Postpaid_Basic,Mid_Range,4G,2026-07-01
SUB7270016,0.48,0.65,0.09,0.18,23.44,0,0,18-24,Postpaid_Premium,Basic_Phone,4G+,2026-06-29
SUB8320583,0.02,0.39,0.22,0.17,35.91,0,0,45-54,Prepaid_Monthly,Mid_Range,3G,2026-07-01
SUB8822636,0.85,0.47,0.91,0.09,50.42,0,1,35-44,Postpaid_Basic,Mid_Range,4G,2026-06-10
SUB4177902,2.77,0.65,0.79,3.61,89.44,1,1,18-24,Postpaid_Unlimited,Premium_Smartphone,3G,2026-06-07
SUB1755111,0.45,1.1,1.51,0.24,63.38,0,0,25-34,Postpaid_Basic,Premium_Smartphone,4G,2026-07-02
SUB3320715,0.3,3.98,0.1,0.32,87.69,0,0,45-54,Prepaid_Monthly,Premium_Smartphone,4G+,2026-06-14
SUB3234805,2.92,0.65,0.09,0.14,76.98,1,0,35-44,Postpaid_Basic,5G_Device,3G,2026-07-06
SUB5304459,0.62,0.39,0.47,0.05,200.0,1,1,55+,Prepaid_Daily,Premium_Smartphone,5G,2026-06-08
SUB2899054,0.58,0.71,0.13,0.05,60.66,0,0,45-54,Prepaid_Daily,Premium_Smartphone,4G,2026-06-15
SUB4457550,8.0,3.4,1.0,0.16,200.0,1,1,25-34,Postpaid_Unlimited,5G_Device,5G,2026-06-21
SUB2550184,1.01,2.19,0.37,0.15,91.21,0,1,18-24,Prepaid_Monthly,Mid_Range,4G+,2026-06-23
SUB5174482,0.04,0.02,0.05,0.03,27.01,0,0,55+,Prepaid_Monthly,Basic_Phone,4G,2026-06-13
SUB9153113,0.24,0.15,0.04,2.05,36.09,0,0,25-34,Postpaid_Basic,Premium_Smartphone,3G,2026-06-27
SUB4273523,0.75,6.0,0.21,1.85,98.36,0,1,18-24,Postpaid_Unlimited,Premium_Smartphone,4G,2026-06-16
SUB9477276,1.93,0.49,0.06,1.22,75.67,0,1,45-54,Postpaid_Premium,Premium_Smartphone,4G,2026-06-18
SUB7961383,0.19,0.22,0.19,0.15,40.05,0,0,45-54,Prepaid_Daily,Mid_Range,4G,2026-07-02
SUB8960339,2.25,3.84,1.2,0.4,65.58,1,0,35-44,Postpaid_Premium,Mid_Range,4G+,2026-07-01
SUB3770742,0.74,3.23,0.09,0.37,41.89,1,0,25-34,Postpaid_Basic,Mid_Range,3G,2026-06-15
SUB3770374,2.02,0.96,2.14,0.76,72.03,0,0,35-44,Postpaid_Basic,Mid_Range,5G,2026-06-24
SUB8296405,1.88,0.99,0.1,0.15,43.43,0,0,35-44,Postpaid_Premium,Premium_Smartphone,3G,2026-06-12
SUB7846539,1.05,0.21,0.15,0.16,68.71,0,1,45-54,Prepaid_Daily,Premium_Smartphone,3G,2026-06-18
SUB9659522,1.03,1.86,0.09,0.32,102.79,0,0,55+,Postpaid_Unlimited,Premium_Smartphone,5G,2026-06-21
SUB5109803,1.21,1.63,0.9,0.52,84.86,1,0,25-34,Postpaid_Basic,Mid_Range,4G+,2026-06-22
SUB6636289,0.59,0.57,0.04,0.45,39.46,0,0,45-54,Prepaid_Monthly,Mid_Range,4G,2026-06-28
SUB9751063,1.17,0.36,0.04,0.83,90.01,0,1,55+,Postpaid_Basic,5G_Device,4G,2026-07-04
SUB2034586,3.02,3.28,1.06,1.59,187.79,0,1,18-24,Prepaid_Monthly,Premium_Smartphone,5G,2026-06-29
SUB7040502,4.33,4.14,0.59,0.28,108.03,0,0,18-24,Postpaid_Basic,5G_Device,5G,2026-06-11
SUB6547094,0.2,0.41,0.11,0.28,63.16,0,0,45-54,Prepaid_Daily,Mid_Range,4G+,2026-06-13
SUB4100581,0.9,1.49,0.83,0.72,73.58,1,0,18-24,Prepaid_Monthly,Premium_Smartphone,4G,2026-06-21
SUB3661637,2.48,6.0,0.87,1.57,160.13,1,0,18-24,Postpaid_Premium,Premium_Smartphone,5G,2026-06-11
SUB4672277,4.09,1.79,0.12,0.71,94.84,0,0,18-24,Postpaid_Premium,Tablet,4G,2026-06-07
SUB3084504,1.99,1.6,1.05,0.11,75.99,0,0,25-34,Prepaid_Monthly,Tablet,4G,2026-06-13
SUB4021372,3.61,1.38,0.13,0.1,78.81,0,0,18-24,Postpaid_Basic,Tablet,4G,2026-06-22
SUB5854042,1.57,1.89,1.88,0.0,89.62,0,1,25-34,Postpaid_Basic,5G_Device,3G,2026-06-28
SUB3471378,0.39,0.1,0.09,0.03,71.16,0,0,55+,Prepaid_Monthly,Premium_Smartphone,4G+,2026-06-30
SUB4830121,0.1,0.62,0.24,0.0,30.16,0,0,35-44,Prepaid_Monthly,Basic_Phone,4G,2026-06-13
SUB6353912,1.61,0.84,0.43,0.45,78.42,0,1,35-44,Postpaid_Premium,Premium_Smartphone,3G,2026-06-15
SUB2353324,0.32,0.07,0.01,0.02,80.46,0,0,18-24,Prepaid_Monthly,Mid_Range,5G,2026-06-25
SUB7753008,0.53,0.5,0.02,0.19,23.39,0,0,35-44,Postpaid_Unlimited,Basic_Phone,5G,2026-06-12
SUB7124386,0.36,2.29,0.25,1.0,68.12,0,1,35-44,Postpaid_Basic,Premium_Smartphone,4G,2026-06-07
SUB4372455,0.05,2.93,0.08,0.63,60.22,0,0,35-44,Postpaid_Unlimited,5G_Device,4G,2026-07-03
SUB5268173,0.79,3.32,0.62,3.17,95.24,0,0,18-24,Prepaid_Monthly,Premium_Smartphone,4G,2026-06-18
SUB7034722,2.82,5.42,0.35,0.09,57.72,1,1,25-34,Postpaid_Premium,Mid_Range,4G,2026-06-28
SUB8010131,0.23,1.58,0.11,0.21,69.08,0,0,45-54,Prepaid_Daily,Premium_Smartphone,4G+,2026-06-14
SUB5396720,1.88,4.71,4.0,2.62,154.26,1,1,35-44,Postpaid_Premium,5G_Device,4G,2026-06-18
SUB5070028,0.75,0.81,0.82,0.47,146.38,1,0,35-44,Prepaid_Monthly,Premium_Smartphone,4G+,2026-07-05
SUB8951036,0.81,2.44,0.38,0.45,90.39,0,1,35-44,Postpaid_Basic,Premium_Smartphone,4G,2026-06-25
SUB7869989,0.55,0.7,1.72,0.11,76.49,0,0,25-34,Prepaid_Daily,Premium_Smartphone,5G,2026-06-17
SUB2369277,0.31,0.26,0.08,0.03,81.35,0,1,45-54,Prepaid_Daily,5G_Device,3G,2026-07-06
SUB6522567,0.09,1.66,0.1,0.21,29.62,0,0,18-24,Postpaid_Premium,Mid_Range,4G,2026-06-24
SUB7722090,6.25,0.51,0.27,0.44,85.78,0,0,35-44,Postpaid_Basic,Mid_Range,5G,2026-06-13
SUB1749971,0.24,0.03,0.06,0.0,30.75,0,0,55+,Postpaid_Basic,Mid_Range,3G,2026-06-09
SUB9222502,0.3,0.57,0.19,0.2,94.98,1,0,45-54,Prepaid_Monthly,Mid_Range,5G,2026-06-15
SUB8749972,0.53,0.3,0.53,0.01,24.76,0,0,25-34,Prepaid_Monthly,Mid_Range,3G,2026-06-27
SUB5460276,2.31,1.37,1.15,0.34,138.3,0,0,25-34,Postpaid_Premium,Premium_Smartphone,5G,2026-06-09
SUB8456688,0.6,2.98,0.01,0.43,73.36,0,0,35-44,Postpaid_Premium,Mid_Range,4G+,2026-06-30
SUB5075837,0.67,1.68,0.63,0.34,81.38,0,1,45-54,Prepaid_Monthly,Mid_Range,5G,2026-07-06
SUB3233706,2.87,0.32,0.05,0.16,39.76,0,0,35-44,Postpaid_Basic,Mid_Range,3G,2026-07-02
SUB7094645,0.67,6.0,0.8,0.59,54.46,0,0,25-34,Postpaid_Premium,5G_Device,4G,2026-06-30
SUB9874365,5.38,6.0,1.81,6.0,112.44,0,1,18-24,Postpaid_Unlimited,Premium_Smartphone,5G,2026-06-18
SUB3054376,2.72,0.81,1.09,0.02,60.42,0,1,35-44,Prepaid_Daily,Mid_Range,4G+,2026-06-15
SUB2185111,2.1,0.61,0.28,0.13,40.91,0,0,35-44,Postpaid_Premium,Mid_Range,3G,2026-06-08
SUB5961828,0.79,0.62,0.05,0.1,187.49,1,0,55+,Prepaid_Monthly,Premium_Smartphone,5G,2026-06-18
SUB8732752,2.71,1.44,1.15,4.46,62.6,1,1,25-34,Postpaid_Premium,Premium_Smartphone,3G,2026-06-26
SUB3392919,2.29,0.58,0.54,0.12,86.98,0,0,45-54,Prepaid_Monthly,Premium_Smartphone,5G,2026-06-28
SUB2500948,8.0,1.41,1.54,0.57,135.47,0,1,25-34,Postpaid_Basic,5G_Device,4G+,2026-06-09
SUB7327090,2.64,1.02,4.0,0.96,153.12,0,1,35-44,Postpaid_Basic,Premium_Smartphone,4G+,2026-07-05
SUB5107834,2.78,3.1,0.61,0.63,113.0,0,0,45-54,Prepaid_Monthly,5G_Device,5G,2026-06-07
SUB3408630,0.16,0.54,0.12,0.46,7.08,0,0,18-24,Postpaid_Basic,Basic_Phone,4G,2026-06-27
SUB6837196,8.0,5.26,0.01,0.99,89.1,0,0,25-34,Postpaid_Premium,5G_Device,4G+,2026-06-26
SUB9095213,0.93,0.68,0.82,1.08,49.09,0,0,45-54,Postpaid_Basic,Premium_Smartphone,4G,2026-06-10
SUB3702994,0.55,0.76,0.32,0.5,46.79,1,0,35-44,Prepaid_Daily,Mid_Range,4G,2026-06-16
SUB6919626,1.83,0.19,0.14,0.56,60.8,0,1,18-24,Prepaid_Daily,Mid_Range,4G+,2026-06-24
SUB6557805,1.12,5.11,0.12,0.84,88.33,0,0,25-34,Postpaid_Premium,Premium_Smartphone,4G,2026-06-30
SUB5902444,0.94,2.76,0.15,0.62,62.4,0,0,35-44,Postpaid_Premium,Mid_Range,5G,2026-06-09
SUB1192512,1.44,1.55,0.26,0.56,120.76,0,1,55+,Postpaid_Premium,5G_Device,4G,2026-06-18
SUB4714379,1.72,1.45,0.1,0.77,83.51,1,0,18-24,Prepaid_Monthly,5G_Device,3G,2026-06-07
SUB6845447,0.13,0.51,0.12,0.74,45.93,0,0,45-54,Postpaid_Basic,Mid_Range,4G,2026-06-25
SUB2549420,0.36,0.42,0.34,0.19,15.16,0,0,18-24,Prepaid_Monthly,Basic_Phone,4G,2026-07-02
SUB4345647,1.58,0.75,3.02,5.9,78.3,1,0,18-24,Postpaid_Unlimited,Tablet,4G,2026-06-08
SUB9312934,2.82,1.31,0.12,0.01,36.85,0,0,18-24,Prepaid_Monthly,Mid_Range,4G,2026-06-30
SUB4900379,0.2,0.07,0.02,0.0,21.62,0,0,45-54,Prepaid_Monthly,Basic_Phone,4G,2026-06-25
SUB4804409,0.49,3.08,0.25,5.18,87.02,0,1,18-24,Postpaid_Premium,Mid_Range,5G,2026-06-12
SUB7722055,1.1,2.73,0.24,0.08,118.3,0,1,45-54,Postpaid_Unlimited,Tablet,4G,2026-06-10
SUB2520982,1.89,2.75,0.79,0.58,132.75,1,0,25-34,Prepaid_Daily,5G_Device,4G+,2026-06-15
SUB7281646,0.61,0.25,0.09,0.02,57.71,0,0,55+,Prepaid_Monthly,Premium_Smartphone,3G,2026-06-09
SUB4998422,1.2,0.2,0.14,0.16,54.2,0,0,45-54,Postpaid_Basic,Mid_Range,4G+,2026-06-18
SUB7426288,2.29,0.5,0.37,0.25,52.87,0,0,35-44,Postpaid_Basic,Mid_Range,5G,2026-07-03
SUB3164563,0.42,0.05,0.01,0.13,21.03,0,0,45-54,Prepaid_Daily,Basic_Phone,4G,2026-06-22
SUB6181377,2.75,2.27,0.09,1.68,63.61,0,0,35-44,Postpaid_Premium,Premium_Smartphone,3G,2026-06-25
SUB6281091,0.39,1.33,0.17,0.06,43.77,1,0,45-54,Postpaid_Basic,Basic_Phone,5G,2026-06-07
SUB5408285,5.48,2.09,1.43,4.5,90.97,0,0,25-34,Postpaid_Premium,Premium_Smartphone,4G+,2026-07-02
SUB9012369,0.69,1.93,1.2,1.99,126.97,0,0,18-24,Prepaid_Monthly,Premium_Smartphone,4G+,2026-06-19
SUB5204955,0.14,0.25,0.07,0.05,35.42,0,0,35-44,Prepaid_Daily,Basic_Phone,4G,2026-06-17
SUB6059667,0.96,1.21,0.65,0.09,46.95,0,0,25-34,Postpaid_Premium,Tablet,3G,2026-06-07
SUB9090736,4.04,1.02,0.61,0.32,66.64,0,1,25-34,Postpaid_Premium,Mid_Range,4G,2026-06-21
SUB3985696,0.86,1.28,0.81,0.44,20.09,0,0,25-34,Postpaid_Premium,Basic_Phone,4G,2026-06-30
SUB9143179,1.27,0.7,0.72,0.2,71.94,1,0,25-34,Postpaid_Premium,5G_Device,3G,2026-06-18
SUB9826233,2.4,2.23,0.13,0.16,79.79,1,1,35-44,Prepaid_Daily,Mid_Range,4G,2026-06-25
SUB4301106,1.0,0.78,0.08,0.04,43.76,1,0,18-24,Prepaid_Monthly,Basic_Phone,5G,2026-06-08
SUB2372070,0.02,1.48,0.04,0.07,95.36,0,0,55+,Prepaid_Monthly,Premium_Smartphone,5G,2026-06-20
SUB3593726,0.27,0.38,0.26,0.05,37.78,0,0,55+,Postpaid_Unlimited,Mid_Range,3G,2026-07-02
SUB7721308,0.34,0.86,0.22,0.01,66.79,0,0,55+,Postpaid_Basic,Tablet,4G,2026-06-18
SUB9241353,0.16,0.06,0.28,0.36,22.59,1,0,25-34,Prepaid_Daily,Basic_Phone,4G,2026-06-08
SUB6670706,0.66,0.14,0.0,0.04,33.56,0,0,25-34,Prepaid_Monthly,Basic_Phone,4G+,2026-06-27
SUB5450252,4.28,1.45,0.66,0.0,106.04,1,1,55+,Postpaid_Unlimited,5G_Device,4G+,2026-06-29
SUB9494630,0.6,0.13,0.03,0.24,78.66,0,1,55+,Postpaid_Premium,Mid_Range,4G,2026-06-26
SUB6655635,1.1,0.33,0.01,0.36,78.54,1,0,45-54,Postpaid_Unlimited,5G_Device,4G,2026-06-29
SUB5975045,1.19,1.17,0.4,0.3,52.76,0,0,25-34,Prepaid_Monthly,Mid_Range,4G,2026-06-24
SUB1470529,0.41,0.58,0.44,0.21,46.46,1,1,35-44,Postpaid_Basic,Basic_Phone,4G,2026-07-02
SUB1161445,0.08,0.24,0.1,0.04,15.42,0,0,45-54,Prepaid_Monthly,Basic_Phone,4G,2026-06-08
SUB4834242,1.12,1.84,0.76,0.09,38.06,0,1,25-34,Prepaid_Daily,Mid_Range,4G,2026-07-01
SUB7494503,0.76,0.65,0.12,0.01,71.5,0,1,35-44,Prepaid_Daily,Premium_Smartphone,3G,2026-07-05
SUB1684029,0.08,0.18,0.0,0.46,21.78,0,0,45-54,Prepaid_Monthly,Basic_Phone,5G,2026-06-15
SUB6337355,0.84,0.57,2.98,0.14,64.87,0,0,35-44,Postpaid_Basic,Premium_Smartphone,4G,2026-06-13
SUB9898978,2.08,1.34,0.14,0.27,43.76,0,0,25-34,Postpaid_Unlimited,Mid_Range,4G,2026-06-25
SUB7981440,0.9,0.21,0.06,0.49,57.28,0,0,35-44,Prepaid_Daily,Mid_Range,5G,2026-06-12
SUB4999694,1.26,0.24,0.15,1.2,77.78,0,0,55+,Postpaid_Unlimited,Mid_Range,5G,2026-07-01
SUB4308505,1.89,0.25,0.26,0.39,91.84,0,1,35-44,Prepaid_Monthly,Premium_Smartphone,3G,2026-06-29
SUB9201428,3.46,0.97,0.31,0.13,40.6,0,0,45-54,Prepaid_Monthly,Mid_Range,4G,2026-06-14
SUB1208944,0.74,1.12,0.19,0.39,68.63,0,0,35-44,Prepaid_Monthly,Mid_Range,4G+,2026-06-30
SUB6186686,1.79,0.65,0.59,1.85,98.56,0,0,35-44,Prepaid_Monthly,5G_Device,4G,2026-06-22
SUB8576472,0.04,0.55,0.02,0.38,40.99,0,0,35-44,Prepaid_Monthly,Mid_Range,4G,2026-06-11
SUB2361303,0.05,0.62,0.0,0.02,17.07,0,0,25-34,Postpaid_Premium,Basic_Phone,3G,2026-07-02
SUB5201765,2.19,1.37,0.45,0.61,65.7,0,0,25-34,Postpaid_Premium,Mid_Range,5G,2026-06-18
SUB8964443,0.26,1.54,0.08,0.36,41.36,0,1,25-34,Postpaid_Premium,Mid_Range,3G,2026-07-06
SUB3894100,6.48,1.72,1.81,0.07,122.58,0,0,18-24,Prepaid_Monthly,5G_Device,5G,2026-06-22
SUB5666805,0.23,0.7,0.09,0.14,17.64,1,0,18-24,Postpaid_Premium,Basic_Phone,4G,2026-07-01
SUB2197162,1.49,1.14,1.25,2.53,116.58,0,1,18-24,Postpaid_Basic,Premium_Smartphone,4G,2026-06-13
SUB2046161,3.03,1.25,0.44,0.06,79.7,1,1,45-54,Postpaid_Unlimited,Mid_Range,4G,2026-06-15
SUB7674851,1.07,0.27,1.91,0.15,78.64,0,0,25-34,Prepaid_Monthly,Tablet,4G,2026-06-26
SUB5688482,8.0,1.22,0.16,2.93,53.53,0,0,18-24,Postpaid_Unlimited,Mid_Range,4G,2026-07-06
SUB9348022,8.0,5.3,0.48,1.25,131.74,1,1,18-24,Postpaid_Premium,Premium_Smartphone,4G,2026-06-21
SUB7983604,1.87,1.83,1.64,6.0,41.09,0,0,35-44,Postpaid_Premium,Mid_Range,4G,2026-06-18
SUB2897501,1.8,0.3,0.02,0.28,73.91,0,0,18-24,Prepaid_Daily,Premium_Smartphone,4G,2026-06-10
SUB5754619,0.31,0.53,0.03,0.7,55.79,0,0,25-34,Postpaid_Basic,Premium_Smartphone,3G,2026-06-15
SUB7465377,0.09,0.4,0.36,0.0,35.84,0,0,18-24,Postpaid_Basic,Basic_Phone,5G,2026-06-17
SUB7129439,1.43,0.76,0.34,0.18,107.79,0,0,45-54,Prepaid_Daily,Premium_Smartphone,5G,2026-07-06
SUB4885250,0.17,0.51,0.13,0.09,45.37,1,0,55+,Prepaid_Monthly,Premium_Smartphone,3G,2026-06-26
SUB9991899,0.13,0.36,1.82,0.55,49.6,0,0,55+,Postpaid_Unlimited,Mid_Range,4G,2026-06-11
SUB5902059,2.05,1.03,0.02,0.16,33.64,0,1,25-34,Prepaid_Monthly,Mid_Range,3G,2026-07-02
SUB7607912,1.02,0.48,0.21,0.5,59.68,0,0,35-44,Prepaid_Daily,Mid_Range,5G,2026-06-10
SUB6573694,0.03,0.91,0.02,0.0,50.89,0,1,35-44,Postpaid_Basic,Basic_Phone,5G,2026-06-23
SUB6228566,0.34,0.18,0.09,0.14,14.85,0,0,25-34,Prepaid_Daily,Basic_Phone,4G,2026-07-06
SUB1719407,2.24,1.93,0.38,0.78,121.71,0,1,25-34,Postpaid_Basic,Premium_Smartphone,5G,2026-06-26
SUB3538143,0.16,6.0,0.87,1.73,105.59,1,1,18-24,Postpaid_Basic,Mid_Range,4G+,2026-06-22
SUB1337913,0.57,0.92,0.25,0.23,48.75,0,0,45-54,Prepaid_Monthly,Mid_Range,4G+,2026-06-13
SUB1328821,3.06,2.38,0.04,1.54,121.85,0,1,18-24,Postpaid_Premium,Premium_Smartphone,4G+,2026-06-10
SUB4887008,0.27,0.63,0.65,0.26,102.68,0,0,25-34,Prepaid_Daily,Premium_Smartphone,5G,2026-06-25
SUB7725275,5.6,1.61,0.84,3.4,67.54,0,0,25-34,Postpaid_Unlimited,5G_Device,4G,2026-06-10
SUB4615652,1.8,3.03,0.95,1.83,55.49,0,0,35-44,Postpaid_Unlimited,5G_Device,3G,2026-06-20
SUB6193734,0.37,1.45,0.11,0.34,118.23,0,1,45-54,Prepaid_Daily,Premium_Smartphone,5G,2026-06-13
SUB9457411,1.63,4.35,0.25,0.57,59.26,0,1,35-44,Postpaid_Premium,Mid_Range,4G,2026-06-07
SUB8772580,0.19,1.52,1.31,0.24,50.7,0,0,35-44,Postpaid_Basic,Premium_Smartphone,4G,2026-06-09
SUB1807744,0.43,2.05,0.82,0.14,47.9,0,0,25-34,Postpaid_Basic,Premium_Smartphone,3G,2026-06-25
SUB6720622,1.16,2.15,0.3,0.02,98.21,0,0,18-24,Prepaid_Monthly,5G_Device,5G,2026-06-11
SUB9634012,1.11,0.79,0.24,0.06,41.59,0,0,25-34,Prepaid_Monthly,Mid_Range,4G,2026-06-21
SUB7933705,0.79,1.02,0.31,0.21,81.64,0,0,55+,Postpaid_Unlimited,Premium_Smartphone,4G,2026-06-25
SUB6545403,0.6,0.18,0.07,0.15,162.33,1,0,55+,Prepaid_Monthly,Premium_Smartphone,5G,2026-06-09
SUB1017297,1.94,0.04,0.5,0.33,68.37,0,0,35-44,Prepaid_Daily,Mid_Range,4G+,2026-06-13
SUB1788443,5.57,2.11,0.21,0.29,101.03,1,0,18-24,Prepaid_Monthly,Premium_Smartphone,4G,2026-06-27
SUB4265962,0.02,5.3,0.63,0.22,34.25,1,0,18-24,Postpaid_Basic,Basic_Phone,5G,2026-06-25
SUB7010334,1.24,2.06,1.15,4.34,107.23,0,1,25-34,Postpaid_Unlimited,Premium_Smartphone,4G,2026-06-17
SUB6752613,0.86,0.7,0.02,0.28,94.57,0,0,45-54,Postpaid_Basic,Premium_Smartphone,4G,2026-06-07
SUB2333572,4.72,0.37,0.08,0.02,43.41,0,1,35-44,Prepaid_Monthly,Mid_Range,4G,2026-06-17
SUB6637025,1.31,2.55,1.46,0.23,156.68,1,0,45-54,Prepaid_Monthly,5G_Device,5G,2026-06-29
SUB9072879,1.52,6.0,0.24,1.46,131.58,0,0,35-44,Prepaid_Monthly,5G_Device,4G+,2026-06-07
SUB5701669,0.91,1.26,0.27,2.97,101.32,0,1,18-24,Prepaid_Daily,Mid_Range,5G,2026-06-15
SUB4765056,0.32,0.45,0.21,0.12,21.77,1,0,18-24,Postpaid_Basic,Basic_Phone,4G,2026-07-02
SUB4325315,4.36,5.42,0.09,0.94,80.77,0,0,18-24,Prepaid_Daily,Premium_Smartphone,5G,2026-06-10
SUB6217092,0.04,2.21,1.21,0.08,79.68,1,0,35-44,Postpaid_Premium,Premium_Smartphone,4G,2026-06-13
SUB9264605,0.77,1.01,0.22,0.23,37.21,0,0,18-24,Postpaid_Basic,Mid_Range,4G,2026-06-17
SUB1828791,2.73,4.68,3.81,0.18,144.9,1,0,35-44,Postpaid_Premium,5G_Device,5G,2026-06-27
SUB4820887,8.0,0.64,0.76,0.57,94.0,0,0,35-44,Postpaid_Unlimited,Tablet,5G,2026-07-03
SUB7652346,0.55,0.17,0.76,1.09,97.62,0,0,25-34,Postpaid_Unlimited,Premium_Smartphone,4G+,2026-06-23
SUB3846274,0.87,0.47,0.02,0.52,44.05,1,1,18-24,Prepaid_Daily,Basic_Phone,4G,2026-06-21
SUB6988099,1.98,3.72,0.51,1.64,78.63,0,0,18-24,Postpaid_Unlimited,Premium_Smartphone,4G+,2026-06-17
SUB8069337,1.18,1.47,0.4,0.29,58.01,0,1,35-44,Postpaid_Premium,Premium_Smartphone,3G,2026-06-16
SUB8871917,1.37,6.0,0.35,0.15,96.15,0,0,25-34,Postpaid_Premium,5G_Device,4G,2026-06-16
SUB6446079,0.9,1.25,0.07,0.37,59.72,0,0,25-34,Prepaid_Daily,Mid_Range,5G,2026-06-10
SUB1376794,0.99,0.7,0.01,0.37,79.44,0,0,45-54,Prepaid_Daily,Premium_Smartphone,4G,2026-06-24
SUB4878450,2.41,0.32,0.05,0.84,54.13,0,0,35-44,Postpaid_Unlimited,Mid_Range,4G,2026-06-24
SUB4033349,3.29,1.55,0.6,0.13,121.28,0,0,25-34,Prepaid_Monthly,Premium_Smartphone,5G,2026-06-19
SUB7407054,0.73,0.67,0.12,0.14,30.94,0,0,35-44,Prepaid_Daily,Basic_Phone,5G,2026-06-29
SUB1782877,2.6,0.32,0.39,1.79,92.09,0,1,45-54,Prepaid_Monthly,5G_Device,4G,2026-07-04
SUB5902825,0.41,2.31,1.72,0.34,50.32,0,0,35-44,Postpaid_Unlimited,Premium_Smartphone,4G,2026-07-03
SUB8068132,0.74,1.13,1.45,1.77,135.93,0,0,25-34,Postpaid_Basic,5G_Device,5G,2026-06-27
SUB7299492,2.14,1.17,0.19,0.9,106.9,0,1,25-34,Postpaid_Unlimited,Mid_Range,5G,2026-06-13
SUB6798946,0.85,1.09,0.24,0.02,98.44,1,0,45-54,Prepaid_Monthly,Premium_Smartphone,4G+,2026-07-05
SUB8236694,0.46,0.79,0.43,0.23,113.11,0,0,25-34,Prepaid_Monthly,Tablet,5G,2026-07-01
SUB6928643,0.71,0.62,1.04,1.26,85.15,0,0,35-44,Postpaid_Basic,5G_Device,4G,2026-06-23
SUB7049850,0.84,0.87,0.05,0.55,85.57,0,0,45-54,Postpaid_Basic,5G_Device,4G,2026-06-28
SUB1850350,0.18,0.08,0.0,0.03,14.73,1,0,55+,Prepaid_Monthly,Basic_Phone,4G,2026-06-27
SUB9556255,0.75,0.28,0.36,0.16,26.95,0,0,25-34,Prepaid_Monthly,Mid_Range,3G,2026-06-11
SUB3333679,0.01,0.36,0.31,0.02,14.82,1,1,18-24,Prepaid_Monthly,Basic_Phone,4G,2026-06-13
SUB1435477,1.01,1.06,0.04,1.03,65.26,1,1,25-34,Prepaid_Monthly,Mid_Range,4G,2026-07-01
SUB8736484,0.7,0.82,0.15,0.0,52.44,1,0,45-54,Postpaid_Premium,Mid_Range,3G,2026-06-19
SUB6651944,2.01,1.38,0.53,1.67,73.48,0,0,25-34,Prepaid_Monthly,Premium_Smartphone,4G,2026-06-10
SUB5327308,0.36,3.82,1.82,0.0,71.82,1,0,18-24,Prepaid_Daily,5G_Device,4G,2026-06-17
SUB2581420,1.95,1.1,0.05,0.54,111.76,0,1,18-24,Prepaid_Daily,Premium_Smartphone,4G,2026-06-12
SUB1786261,6.66,1.74,1.42,0.04,79.93,0,1,25-34,Prepaid_Monthly,5G_Device,4G,2026-07-06
SUB4494708,0.88,0.47,0.85,0.42,29.29,0,0,18-24,Postpaid_Unlimited,Basic_Phone,4G,2026-06-15
SUB7952314,1.24,3.1,0.85,0.53,91.31,1,0,18-24,Prepaid_Monthly,5G_Device,3G,2026-06-08
SUB4079042,0.11,2.78,0.3,0.72,36.71,1,0,35-44,Prepaid_Daily,Mid_Range,4G,2026-06-18
SUB7665769,2.1,0.31,0.0,0.18,192.12,1,1,18-24,Prepaid_Monthly,Premium_Smartphone,5G,2026-06-14
SUB7538655,0.67,1.25,2.95,2.35,63.96,1,0,18-24,Postpaid_Premium,Mid_Range,4G+,2026-07-06
SUB9514668,2.34,2.47,0.95,0.18,64.15,0,0,45-54,Postpaid_Basic,5G_Device,4G,2026-06-07
SUB6968633,2.75,3.83,0.19,0.11,166.23,1,1,45-54,Prepaid_Monthly,Tablet,5G,2026-06-14
SUB7898046,0.9,1.4,0.81,0.11,145.58,1,1,25-34,Postpaid_Premium,Mid_Range,5G,2026-06-22
SUB4077099,0.7,1.64,0.03,0.01,30.35,0,0,18-24,Postpaid_Basic,Basic_Phone,4G,2026-06-11
SUB3844180,0.65,0.33,0.43,0.05,91.65,0,0,35-44,Prepaid_Daily,Premium_Smartphone,4G+,2026-06-09
SUB7758699,2.0,0.39,0.3,0.0,81.79,0,0,25-34,Prepaid_Daily,Premium_Smartphone,5G,2026-06-21
SUB8983939,2.4,1.28,0.43,1.33,71.73,0,1,18-24,Postpaid_Basic,Premium_Smartphone,4G,2026-07-06
SUB6066112,0.45,3.01,0.15,0.0,19.71,0,0,18-24,Postpaid_Premium,Basic_Phone,5G,2026-06-26
SUB5093886,4.14,5.44,2.54,0.74,61.3,0,0,18-24,Postpaid_Unlimited,5G_Device,4G+,2026-06-26
SUB9950668,0.09,1.0,0.1,0.31,61.18,0,0,35-44,Prepaid_Monthly,Mid_Range,4G+,2026-07-05
SUB6301358,0.07,0.7,0.29,0.06,66.34,0,0,45-54,Postpaid_Premium,Mid_Range,4G+,2026-07-06
SUB2506145,0.15,0.16,0.05,0.04,25.29,0,0,45-54,Prepaid_Daily,Mid_Range,3G,2026-06-29
SUB3648202,3.85,1.12,2.27,0.6,77.99,0,0,25-34,Postpaid_Unlimited,5G_Device,4G,2026-06-15
SUB2192931,0.89,1.27,1.71,0.19,55.69,0,0,25-34,Postpaid_Basic,Mid_Range,4G,2026-06-10
SUB5889084,1.6,6.0,0.73,1.19,106.77,0,0,35-44,Postpaid_Basic,Premium_Smartphone,4G,2026-06-10
SUB8133456,0.6,1.19,0.38,0.02,57.66,0,1,25-34,Prepaid_Daily,Mid_Range,4G,2026-06-23
SUB1871522,0.05,1.88,0.02,0.04,68.55,0,0,18-24,Prepaid_Daily,Mid_Range,5G,2026-06-28
SUB7049531,3.56,0.36,2.0,1.31,100.62,0,0,35-44,Postpaid_Premium,Tablet,5G,2026-06-07
SUB7890709,0.41,0.7,0.08,0.0,71.73,0,0,45-54,Prepaid_Daily,Mid_Range,5G,2026-06-30
SUB3181906,0.67,2.05,0.79,0.74,85.52,0,0,25-34,Prepaid_Daily,5G_Device,4G,2026-06-26
SUB9990884,0.13,0.21,0.08,0.55,49.31,0,0,45-54,Prepaid_Daily,5G_Device,4G,2026-07-06
SUB2500134,1.75,0.59,3.51,0.11,87.81,0,0,25-34,Prepaid_Daily,Premium_Smartphone,5G,2026-07-01
SUB3604884,0.71,0.28,0.12,0.02,31.34,0,0,25-34,Postpaid_Basic,Basic_Phone,4G,2026-06-22
SUB2705243,1.28,4.07,0.08,4.49,177.3,0,1,18-24,Prepaid_Monthly,5G_Device,5G,2026-06-27
SUB5274692,0.53,1.14,0.06,0.07,44.62,0,0,35-44,Prepaid_Monthly,5G_Device,3G,2026-06-20
SUB1239779,2.49,1.04,0.62,0.82,96.04,0,1,45-54,Prepaid_Monthly,Tablet,4G,2026-06-07
SUB3975605,0.73,1.18,0.68,1.25,85.37,0,1,35-44,Postpaid_Premium,5G_Device,3G,2026-06-14
SUB6099154,2.16,0.29,0.03,0.68,38.53,1,1,18-24,Postpaid_Unlimited,Mid_Range,3G,2026-06-27
SUB7289249,5.36,1.98,0.28,0.13,78.06,0,0,18-24,Postpaid_Basic,Premium_Smartphone,5G,2026-06-11
SUB9152885,1.31,3.63,0.67,0.32,76.59,0,0,35-44,Postpaid_Basic,Premium_Smartphone,4G,2026-06-22
SUB7164014,0.27,0.66,0.01,0.57,44.89,0,0,25-34,Prepaid_Monthly,Mid_Range,4G+,2026-06-26
SUB8499412,8.0,0.34,1.11,0.41,200.0,1,1,25-34,Postpaid_Basic,Premium_Smartphone,5G,2026-06-07
SUB7216074,3.43,1.93,0.15,0.22,122.1,0,0,55+,Postpaid_Premium,5G_Device,5G,2026-06-07
SUB6333968,2.02,0.45,0.61,0.24,68.97,0,0,35-44,Postpaid_Basic,Premium_Smartphone,4G,2026-06-13
SUB5588727,0.82,0.54,2.1,0.35,90.44,1,0,25-34,Prepaid_Monthly,5G_Device,3G,2026-07-03
SUB9325032,1.07,1.44,0.29,0.21,42.34,0,0,18-24,Postpaid_Basic,Mid_Range,4G,2026-06-20
SUB9978989,3.43,0.61,0.14,1.29,48.58,0,0,18-24,Postpaid_Unlimited,Mid_Range,4G+,2026-06-29
SUB4683909,1.59,1.14,0.92,0.13,47.4,0,0,35-44,Postpaid_Unlimited,Mid_Range,3G,2026-06-27
SUB2539600,0.88,1.01,3.68,0.25,56.2,1,1,45-54,Postpaid_Premium,Mid_Range,4G,2026-06-21
SUB8465106,3.75,2.97,0.07,0.86,68.99,0,1,35-44,Prepaid_Monthly,Mid_Range,4G,2026-06-08
SUB6083801,6.41,3.25,1.58,2.05,200.0,1,1,25-34,Prepaid_Monthly,5G_Device,5G,2026-07-03
SUB3227503,6.67,2.74,0.63,1.64,81.5,0,0,18-24,Postpaid_Premium,Premium_Smartphone,5G,2026-06-18
SUB4070771,0.07,0.41,0.04,0.01,21.33,0,0,55+,Prepaid_Daily,Mid_Range,3G,2026-07-01
SUB2143647,2.49,0.38,0.01,0.17,51.88,0,0,55+,Postpaid_Basic,Mid_Range,5G,2026-06-09
SUB8156406,2.4,0.98,1.54,0.8,104.59,1,0,25-34,Prepaid_Monthly,Premium_Smartphone,4G+,2026-06-27
SUB2416953,0.38,0.73,0.07,0.34,51.97,0,0,18-24,Postpaid_Basic,Mid_Range,4G,2026-06-26
SUB3694245,1.88,2.43,0.93,0.11,55.6,0,0,25-34,Postpaid_Basic,Premium_Smartphone,4G,2026-06-17
SUB1421280,3.3,1.79,1.37,3.04,62.49,1,1,45-54,Postpaid_Unlimited,Mid_Range,4G,2026-06-13
SUB1909245,0.53,3.07,0.1,0.33,54.98,0,1,35-44,Prepaid_Daily,Mid_Range,4G+,2026-06-14
SUB1341207,4.92,1.05,0.71,0.17,118.28,1,0,35-44,Postpaid_Premium,Premium_Smartphone,4G,2026-06-23
SUB2230746,7.01,5.46,0.03,0.55,81.25,0,0,18-24,Postpaid_Premium,Premium_Smartphone,4G,2026-06-19
SUB4289791,0.61,0.71,1.44,0.06,15.59,0,1,18-24,Postpaid_Unlimited,Basic_Phone,4G,2026-06-23
SUB1592632,3.34,0.8,0.32,0.01,122.39,0,0,18-24,Postpaid_Basic,Tablet,4G+,2026-06-16
SUB2162189,0.08,0.35,0.24,0.13,53.71,0,1,55+,Postpaid_Basic,Basic_Phone,5G,2026-06-14
SUB6730385,0.42,0.99,1.52,0.05,33.04,1,1,25-34,Postpaid_Unlimited,Basic_Phone,3G,2026-06-10
SUB9802907,0.51,0.6,0.32,0.43,87.23,0,1,45-54,Postpaid_Basic,Premium_Smartphone,3G,2026-06-16
SUB3381486,0.36,2.3,0.44,0.35,153.78,0,1,18-24,Postpaid_Basic,Premium_Smartphone,4G+,2026-07-06
SUB7713070,0.29,0.03,0.15,0.09,15.58,1,0,55+,Prepaid_Monthly,Basic_Phone,5G,2026-06-09
SUB9168326,0.12,0.54,0.06,0.77,62.45,0,0,45-54,Prepaid_Daily,Premium_Smartphone,3G,2026-06-25
SUB6393455,0.13,0.56,0.02,0.3,43.77,0,0,18-24,Prepaid_Monthly,Basic_Phone,5G,2026-06-23
SUB1125438,1.45,0.48,0.33,0.1,78.42,0,0,45-54,Postpaid_Premium,Tablet,4G,2026-06-22
SUB4770183,5.86,1.1,0.08,0.88,108.05,0,1,25-34,Postpaid_Premium,Premium_Smartphone,5G,2026-06-15
SUB8085904,0.99,0.91,0.15,0.57,44.29,0,0,18-24,Prepaid_Daily,Mid_Range,4G,2026-06-28
SUB7699744,1.56,1.66,0.43,0.76,40.85,0,1,25-34,Postpaid_Premium,Mid_Range,4G,2026-07-03
SUB3801445,1.42,1.58,0.33,0.05,82.98,0,0,55+,Postpaid_Basic,Premium_Smartphone,4G,2026-06-27
SUB7839789,0.73,0.23,0.12,0.04,77.93,0,0,55+,Postpaid_Basic,Premium_Smartphone,4G,2026-06-23
SUB9570556,0.52,1.65,0.14,6.0,88.75,0,0,25-34,Postpaid_Unlimited,5G_Device,4G,2026-06-16
SUB3582814,0.09,0.72,0.66,0.06,83.79,1,0,35-44,Prepaid_Monthly,5G_Device,3G,2026-06-24
SUB4769457,0.37,0.13,1.0,0.19,15.84,0,0,35-44,Postpaid_Premium,Mid_Range,3G,2026-06-26
SUB2206751,0.95,1.29,0.05,1.31,126.75,0,0,45-54,Postpaid_Basic,5G_Device,5G,2026-06-09
SUB1953692,0.54,6.0,0.48,4.88,113.34,1,0,25-34,Postpaid_Premium,Premium_Smartphone,5G,2026-07-03
SUB1217770,0.65,1.83,0.16,0.13,34.22,0,0,25-34,Prepaid_Monthly,Premium_Smartphone,3G,2026-06-23
SUB5099906,0.79,3.21,0.7,1.07,101.19,1,0,35-44,Prepaid_Monthly,Premium_Smartphone,5G,2026-06-20
SUB5836917,0.92,0.94,1.58,0.72,71.39,0,0,18-24,Postpaid_Basic,Mid_Range,5G,2026-06-23
SUB7969129,0.95,0.69,0.26,0.11,43.06,0,0,25-34,Prepaid_Monthly,Mid_Range,3G,2026-06-22
SUB6910184,2.32,0.91,0.14,0.86,81.47,0,1,35-44,Prepaid_Monthly,5G_Device,3G,2026-07-02
SUB7082199,5.18,1.0,0.33,0.15,118.62,0,1,25-34,Postpaid_Premium,Premium_Smartphone,4G,2026-06-27
SUB6301533,0.44,1.28,0.6,0.08,82.15,0,0,55+,Postpaid_Basic,5G_Device,4G,2026-06-23
SUB2790008,0.87,0.43,0.6,0.39,47.66,0,1,18-24,Postpaid_Premium,Basic_Phone,5G,2026-07-03
SUB2826525,0.53,0.24,0.15,0.02,37.88,0,0,55+,Postpaid_Basic,Mid_Range,4G,2026-06-19
SUB5513070,3.24,0.88,0.38,0.07,32.94,0,0,18-24,Postpaid_Basic,Mid_Range,3G,2026-06-19
SUB8417874,1.02,2.15,2.08,0.87,45.5,0,0,18-24,Postpaid_Unlimited,Mid_Range,5G,2026-06-27
SUB7151537,3.05,2.31,3.66,0.88,89.19,0,1,25-34,Postpaid_Unlimited,Tablet,4G,2026-06-24
SUB5466951,0.59,0.24,0.49,0.15,59.5,0,0,45-54,Prepaid_Monthly,Mid_Range,4G,2026-06-17
SUB2478768,2.09,3.52,4.0,2.86,137.99,1,0,45-54,Postpaid_Unlimited,Premium_Smartphone,5G,2026-06-29
SUB8089478,3.53,1.06,0.52,2.28,200.0,1,1,18-24,Prepaid_Monthly,Premium_Smartphone,5G,2026-06-27
SUB6124674,2.87,0.54,1.04,0.11,98.63,1,0,18-24,Prepaid_Daily,5G_Device,4G,2026-06-29
SUB9326435,0.06,0.85,0.45,0.51,27.64,0,0,35-44,Postpaid_Basic,Premium_Smartphone,3G,2026-06-15
SUB1402980,8.0,1.21,4.0,0.74,163.94,0,1,25-34,Postpaid_Unlimited,Premium_Smartphone,5G,2026-06-21
SUB8557260,2.11,6.0,0.17,1.6,146.83,1,0,45-54,Postpaid_Unlimited,5G_Device,4G+,2026-06-11
SUB7932667,0.41,1.26,0.27,0.25,36.74,0,0,18-24,Prepaid_Daily,Mid_Range,4G+,2026-06-20
SUB3531528,3.57,1.45,0.26,0.41,95.39,0,0,35-44,Postpaid_Premium,Tablet,4G,2026-06-22
SUB3108542,2.77,0.74,1.37,0.91,59.33,1,0,35-44,Postpaid_Premium,5G_Device,3G,2026-06-17
SUB7922496,0.08,0.17,0.01,0.03,39.61,0,0,55+,Prepaid_Monthly,Mid_Range,4G+,2026-06-09
SUB4502626,2.65,0.7,1.59,4.36,149.87,1,1,35-44,Postpaid_Premium,Premium_Smartphone,4G,2026-06-29
SUB2386689,0.87,2.08,0.27,1.01,96.6,0,1,18-24,Postpaid_Basic,5G_Device,3G,2026-06-16
SUB3846230,1.87,1.22,0.54,0.46,78.75,0,0,18-24,Prepaid_Monthly,5G_Device,4G,2026-06-11
SUB3118433,0.65,0.69,0.15,0.47,39.88,0,0,35-44,Postpaid_Premium,Mid_Range,4G,2026-06-13
SUB6553535,2.9,0.3,0.37,0.71,76.29,0,0,25-34,Prepaid_Monthly,Premium_Smartphone,4G,2026-06-17
SUB4678621,0.24,0.46,0.14,0.06,9.94,0,1,45-54,Prepaid_Monthly,Basic_Phone,4G,2026-06-07
SUB5556766,0.48,0.3,0.32,0.14,79.26,0,1,35-44,Prepaid_Daily,Mid_Range,4G+,2026-06-12
SUB7227018,8.0,6.0,2.56,0.01,200.0,1,1,25-34,Postpaid_Premium,5G_Device,5G,2026-06-13
SUB6000546,7.74,1.23,0.44,0.07,77.07,0,0,25-34,Postpaid_Basic,5G_Device,4G,2026-06-12
SUB7971138,5.27,1.66,0.15,0.98,117.01,0,1,25-34,Prepaid_Monthly,Premium_Smartphone,4G,2026-06-14
SUB9607009,0.39,3.7,0.81,3.4,116.44,0,1,18-24,Postpaid_Basic,Premium_Smartphone,5G,2026-06-23
SUB9547900,0.67,0.69,0.1,0.41,104.01,0,0,18-24,Prepaid_Daily,Premium_Smartphone,4G+,2026-06-15
SUB8545189,1.2,0.96,0.41,0.08,82.09,0,1,35-44,Postpaid_Unlimited,5G_Device,3G,2026-06-20
SUB9852545,3.06,2.68,0.3,0.08,61.79,0,1,18-24,Postpaid_Basic,Mid_Range,4G,2026-06-15
SUB3681206,2.35,6.0,0.78,0.21,81.6,1,1,18-24,Prepaid_Monthly,Mid_Range,4G,2026-06-12
SUB7643433,0.46,0.03,0.27,0.01,90.42,0,0,18-24,Prepaid_Daily,5G_Device,4G,2026-06-18
SUB1187771,0.44,0.68,0.28,0.01,41.02,0,1,18-24,Prepaid_Daily,Mid_Range,4G,2026-06-25
SUB1237199,0.59,0.35,0.18,0.75,30.96,0,0,18-24,Postpaid_Unlimited,Mid_Range,3G,2026-06-07
SUB8290213,5.09,1.13,0.05,2.07,53.48,0,0,35-44,Postpaid_Basic,Premium_Smartphone,4G,2026-07-04
SUB3857281,0.53,4.17,0.63,1.14,154.23,0,0,25-34,Postpaid_Premium,Premium_Smartphone,5G,2026-06-27
SUB3274316,1.21,0.93,0.0,0.14,86.05,0,1,35-44,Prepaid_Daily,Premium_Smartphone,4G,2026-07-04
SUB1751518,0.26,0.41,0.02,0.35,86.43,1,0,35-44,Postpaid_Basic,5G_Device,3G,2026-06-25
SUB9227323,0.05,0.24,0.05,0.05,35.62,1,0,55+,Postpaid_Unlimited,Mid_Range,4G,2026-06-20
SUB1513313,0.55,0.3,0.28,0.02,32.84,0,0,18-24,Prepaid_Monthly,Basic_Phone,5G,2026-06-30
SUB3332214,1.24,0.49,0.13,0.05,49.13,0,0,25-34,Postpaid_Basic,Mid_Range,4G,2026-07-02
SUB6081820,0.85,2.59,0.69,1.48,59.36,1,1,18-24,Postpaid_Unlimited,Basic_Phone,4G+,2026-06-15
SUB6266662,4.28,1.83,0.44,0.4,86.62,0,0,25-34,Postpaid_Premium,Premium_Smartphone,4G,2026-06-29
SUB3250397,0.25,0.1,0.16,0.09,27.53,0,0,55+,Prepaid_Daily,Mid_Range,4G,2026-06-16
SUB9291860,1.15,0.96,0.71,0.07,94.03,0,0,35-44,Prepaid_Monthly,5G_Device,4G,2026-06-16
SUB9843026,1.11,2.65,1.36,0.33,80.75,0,0,35-44,Prepaid_Daily,5G_Device,4G,2026-06-17
SUB8726360,2.82,2.75,0.22,0.46,26.21,0,0,25-34,Postpaid_Unlimited,Mid_Range,4G,2026-07-03
SUB8846613,1.84,0.7,0.32,0.01,46.74,0,1,35-44,Postpaid_Basic,Mid_Range,4G,2026-06-30
SUB2472542,6.33,1.53,2.17,0.67,57.05,0,0,18-24,Postpaid_Unlimited,Mid_Range,4G,2026-06-27
SUB9333648,0.34,0.84,0.03,0.36,121.19,0,0,35-44,Prepaid_Daily,Premium_Smartphone,5G,2026-06-17
SUB5473014,0.22,0.88,0.36,0.27,26.34,0,0,35-44,Prepaid_Monthly,Mid_Range,3G,2026-07-04
SUB1562621,1.05,0.48,0.4,1.06,95.35,0,0,25-34,Prepaid_Daily,5G_Device,4G,2026-06-16
SUB4529801,0.57,0.49,0.16,0.15,35.73,0,0,18-24,Prepaid_Monthly,Mid_Range,3G,2026-06-12
SUB5808163,0.95,1.09,0.02,0.24,106.8,0,0,45-54,Prepaid_Daily,5G_Device,5G,2026-06-25
SUB7284851,1.44,0.75,0.51,0.07,103.92,1,0,18-24,Prepaid_Monthly,Premium_Smartphone,4G,2026-07-01
SUB2598099,1.1,3.53,0.34,2.36,54.4,0,0,18-24,Postpaid_Premium,5G_Device,3G,2026-06-26
SUB2195885,4.58,1.12,2.82,0.9,120.54,1,1,25-34,Prepaid_Daily,Premium_Smartphone,3G,2026-06-15
SUB4898190,0.62,2.76,0.07,0.01,77.82,0,0,25-34,Postpaid_Basic,Premium_Smartphone,4G,2026-06-26
SUB8386133,3.91,1.67,1.96,0.18,89.13,0,1,35-44,Postpaid_Unlimited,Premium_Smartphone,5G,2026-06-18
SUB4388445,5.31,6.0,0.21,1.5,145.63,0,0,35-44,Postpaid_Unlimited,5G_Device,5G,2026-07-06
SUB3742974,0.38,0.55,0.11,0.48,129.71,0,0,45-54,Prepaid_Monthly,Premium_Smartphone,4G+,2026-06-15
SUB9197590,1.1,1.21,0.39,0.06,91.62,0,0,25-34,Postpaid_Unlimited,5G_Device,4G,2026-06-28
SUB9182535,0.44,0.47,0.11,0.03,34.86,0,0,35-44,Prepaid_Monthly,Mid_Range,3G,2026-06-29
SUB9066513,1.06,1.29,0.13,0.17,38.94,0,0,45-54,Prepaid_Monthly,Mid_Range,4G,2026-06-15
SUB3584182,2.09,1.52,0.21,2.69,52.47,0,1,25-34,Postpaid_Unlimited,Mid_Range,4G,2026-06-20
SUB5363089,2.41,6.0,0.24,0.77,192.28,1,0,25-34,Postpaid_Premium,5G_Device,5G,2026-06-07
SUB3797921,0.05,0.7,0.07,0.04,28.4,0,0,45-54,Postpaid_Unlimited,Basic_Phone,4G+,2026-07-04
SUB9657768,1.54,6.0,4.0,0.04,99.32,0,1,18-24,Postpaid_Premium,5G_Device,4G,2026-07-06
SUB1441904,1.31,0.08,0.08,0.01,39.66,0,0,25-34,Prepaid_Monthly,Mid_Range,4G,2026-06-12
SUB6070414,0.2,0.25,0.08,0.19,26.47,0,0,18-24,Postpaid_Basic,Basic_Phone,4G,2026-07-01
SUB6092792,3.47,1.03,0.6,0.04,98.17,0,1,18-24,Prepaid_Monthly,Mid_Range,4G+,2026-06-17
SUB1578526,0.9,1.49,0.19,0.1,66.6,0,1,18-24,Postpaid_Basic,Mid_Range,4G,2026-07-02
SUB7612208,1.03,2.59,0.93,1.06,99.43,0,0,25-34,Prepaid_Daily,Premium_Smartphone,4G+,2026-07-02
SUB8587676,0.48,0.51,0.19,0.18,153.67,0,0,35-44,Prepaid_Monthly,Premium_Smartphone,5G,2026-07-06
SUB1837393,0.44,2.43,0.15,0.15,61.36,0,0,25-34,Postpaid_Unlimited,Mid_Range,5G,2026-06-27
SUB6134544,1.4,0.68,0.32,0.89,62.9,0,0,45-54,Postpaid_Unlimited,5G_Device,3G,2026-06-25
SUB1814422,1.38,1.4,0.29,0.12,66.92,0,1,25-34,Postpaid_Basic,Mid_Range,4G+,2026-06-07
SUB6305431,0.39,0.75,0.03,0.02,99.85,1,0,55+,Postpaid_Basic,Premium_Smartphone,5G,2026-07-04
SUB3263429,0.2,1.58,0.72,0.32,107.02,1,0,55+,Postpaid_Premium,5G_Device,4G,2026-06-22
SUB4135812,0.05,0.24,0.06,0.03,28.78,1,0,45-54,Postpaid_Basic,Basic_Phone,4G,2026-06-19
SUB3938687,0.14,0.81,0.16,0.2,43.92,1,1,55+,Postpaid_Unlimited,Mid_Range,3G,2026-06-19
SUB6153435,0.44,0.21,0.01,0.28,35.63,0,0,35-44,Prepaid_Daily,Mid_Range,3G,2026-06-25
SUB2416842,0.46,1.07,0.06,0.09,57.63,1,0,45-54,Prepaid_Monthly,Premium_Smartphone,3G,2026-06-10
SUB4689024,2.52,1.94,1.15,0.21,52.33,0,0,18-24,Postpaid_Unlimited,Mid_Range,4G+,2026-07-06
SUB5396650,0.13,1.86,0.02,0.16,65.91,0,0,25-34,Postpaid_Unlimited,Mid_Range,5G,2026-06-14
SUB4702418,1.02,1.06,1.1,0.86,71.68,0,1,45-54,Postpaid_Basic,Mid_Range,5G,2026-06-14
SUB4641771,0.78,0.12,0.55,0.03,40.66,1,0,25-34,Prepaid_Daily,Basic_Phone,5G,2026-06-21
SUB7428099,1.44,0.47,0.4,0.08,42.66,0,0,45-54,Postpaid_Premium,Mid_Range,4G,2026-07-05
SUB5079441,0.11,0.76,0.07,0.51,23.73,0,0,45-54,Postpaid_Basic,Mid_Range,3G,2026-06-26
SUB6356430,1.83,1.09,0.61,0.02,53.58,1,0,25-34,Postpaid_Premium,Premium_Smartphone,3G,2026-06-22
SUB7775602,0.73,0.25,0.05,0.29,44.83,1,0,45-54,Postpaid_Basic,Basic_Phone,4G+,2026-06-20
SUB1960652,2.0,0.83,0.08,0.08,56.46,0,0,18-24,Prepaid_Monthly,Premium_Smartphone,3G,2026-07-04
SUB3188370,1.24,2.9,0.68,0.04,103.15,0,0,25-34,Prepaid_Daily,5G_Device,5G,2026-06-23
SUB7985945,1.84,2.5,3.12,0.33,185.56,1,0,25-34,Postpaid_Basic,Premium_Smartphone,5G,2026-06-12
SUB4994528,0.11,0.39,0.57,0.08,98.25,0,0,18-24,Prepaid_Daily,5G_Device,4G,2026-06-23
SUB3076475,1.14,0.83,0.43,0.36,115.27,1,0,35-44,Prepaid_Daily,Premium_Smartphone,4G+,2026-06-17
SUB3141912,0.77,2.51,0.01,0.7,137.32,1,0,35-44,Prepaid_Monthly,Premium_Smartphone,4G,2026-06-18
SUB4144311,5.25,1.99,0.21,1.28,74.96,1,0,18-24,Prepaid_Monthly,Mid_Range,5G,2026-06-16
SUB1285622,0.67,0.65,0.01,0.15,60.08,0,0,45-54,Prepaid_Monthly,Mid_Range,5G,2026-06-19
SUB2962889,0.19,0.68,0.06,0.69,74.69,0,0,35-44,Prepaid_Daily,Mid_Range,4G+,2026-06-19
SUB2396436,0.36,0.78,0.07,0.06,30.51,0,1,25-34,Postpaid_Unlimited,Basic_Phone,4G+,2026-06-14
SUB3195690,0.18,0.87,0.01,0.0,53.66,0,1,18-24,Prepaid_Daily,5G_Device,3G,2026-06-17
SUB6170080,1.75,0.78,1.16,0.79,108.43,1,0,45-54,Prepaid_Monthly,5G_Device,4G,2026-06-20
SUB5705815,0.02,0.24,0.05,0.14,53.28,0,0,45-54,Prepaid_Monthly,Mid_Range,4G+,2026-07-06
SUB3982410,0.64,1.9,2.71,1.39,100.74,0,0,18-24,Postpaid_Unlimited,Premium_Smartphone,4G,2026-06-09
SUB7674192,0.54,1.4,0.33,0.46,75.19,0,0,18-24,Prepaid_Monthly,Premium_Smartphone,4G,2026-06-19
SUB2404355,1.83,0.16,0.29,0.02,112.02,1,0,45-54,Prepaid_Daily,Premium_Smartphone,5G,2026-06-11
SUB6056093,1.21,1.13,0.31,0.36,72.45,0,0,35-44,Prepaid_Daily,Premium_Smartphone,4G,2026-06-19
SUB3464722,3.99,6.0,1.02,0.22,60.06,0,1,18-24,Postpaid_Premium,Mid_Range,5G,2026-06-15
SUB7559442,2.43,1.09,0.05,1.85,126.95,0,0,35-44,Postpaid_Premium,Premium_Smartphone,5G,2026-07-02
SUB6630761,8.0,1.29,0.11,1.56,187.4,1,0,25-34,Prepaid_Monthly,Premium_Smartphone,5G,2026-06-21
SUB3901092,2.48,2.22,0.07,0.01,112.82,0,1,45-54,Prepaid_Daily,Premium_Smartphone,5G,2026-06-29
SUB2722907,2.47,1.22,0.08,0.56,72.06,0,0,18-24,Prepaid_Monthly,Mid_Range,4G+,2026-06-20
SUB3870574,0.1,0.81,0.22,1.07,69.23,0,0,25-34,Postpaid_Basic,Tablet,4G,2026-06-07
SUB7882799,1.67,5.0,0.05,2.54,74.82,1,1,18-24,Postpaid_Premium,5G_Device,3G,2026-06-20
SUB8952017,0.58,0.76,0.05,0.05,66.42,0,0,55+,Prepaid_Daily,Premium_Smartphone,4G,2026-06-23
SUB7921983,0.55,0.47,0.01,0.03,39.81,0,0,45-54,Postpaid_Basic,Basic_Phone,4G+,2026-06-14
SUB7526925,0.04,0.32,0.1,0.17,46.45,0,1,35-44,Prepaid_Monthly,Mid_Range,3G,2026-06-08
SUB6365986,3.15,2.06,0.06,1.13,133.92,0,0,35-44,Postpaid_Basic,Premium_Smartphone,5G,2026-06-13
SUB7759291,1.34,0.82,0.23,0.06,38.61,0,0,25-34,Postpaid_Basic,Mid_Range,4G,2026-07-05
SUB9343528,0.42,2.7,0.35,0.08,80.23,1,0,55+,Postpaid_Unlimited,Mid_Range,4G+,2026-06-12
SUB6532388,0.4,1.87,0.46,0.66,103.36,0,1,18-24,Prepaid_Monthly,Mid_Range,4G+,2026-07-06
SUB9020364,0.52,0.15,0.01,0.83,71.69,1,0,45-54,Postpaid_Basic,Mid_Range,5G,2026-07-06
SUB8451747,2.42,0.16,0.11,0.04,8.54,0,1,18-24,Prepaid_Monthly,Basic_Phone,3G,2026-06-27
SUB4881857,1.24,0.38,0.39,0.34,30.7,0,1,25-34,Prepaid_Monthly,Mid_Range,3G,2026-06-07
SUB5537871,1.15,0.98,0.05,0.48,82.12,1,0,25-34,Prepaid_Daily,Premium_Smartphone,3G,2026-07-04
SUB1291464,0.31,0.66,0.16,0.0,86.87,0,1,45-54,Prepaid_Monthly,5G_Device,4G,2026-07-04
SUB5739400,1.31,1.04,0.1,0.03,76.38,0,1,45-54,Prepaid_Daily,Premium_Smartphone,4G,2026-06-26
SUB1118581,1.0,6.0,1.89,0.02,69.9,0,1,35-44,Postpaid_Unlimited,Premium_Smartphone,4G,2026-06-16
SUB6370807,0.84,1.86,0.58,0.03,45.98,0,0,25-34,Postpaid_Basic,5G_Device,3G,2026-06-16
SUB4852256,0.19,0.01,0.09,0.63,70.42,0,1,55+,Prepaid_Daily,Mid_Range,5G,2026-06-10
SUB9727148,0.17,0.7,0.35,0.01,41.43,0,0,18-24,Prepaid_Daily,Basic_Phone,5G,2026-06-13
SUB1501590,0.26,0.49,0.04,0.02,40.92,0,0,45-54,Prepaid_Monthly,Mid_Range,4G,2026-07-05
SUB4360492,0.21,3.0,1.18,0.34,164.15,1,1,35-44,Prepaid_Monthly,5G_Device,4G+,2026-06-19
SUB1872328,0.12,0.98,0.39,0.18,72.68,0,0,25-34,Prepaid_Monthly,Premium_Smartphone,3G,2026-06-12
SUB5809479,1.51,0.55,0.09,0.0,26.19,1,0,18-24,Postpaid_Basic,Basic_Phone,3G,2026-06-28
SUB4110691,2.5,6.0,0.3,2.61,78.69,1,1,25-34,Postpaid_Unlimited,Premium_Smartphone,4G,2026-06-26
SUB2358097,1.3,1.43,0.38,0.07,96.29,0,0,25-34,Postpaid_Basic,5G_Device,4G+,2026-07-02
SUB9313157,0.46,0.16,0.46,0.28,26.69,0,0,18-24,Postpaid_Basic,Basic_Phone,4G,2026-07-04
SUB2294315,2.53,3.31,4.0,0.18,158.89,0,1,18-24,Postpaid_Premium,Premium_Smartphone,4G+,2026-06-18
SUB7087595,0.83,0.76,0.33,0.03,53.83,0,0,25-34,Prepaid_Daily,Mid_Range,4G,2026-07-06
SUB3575508,0.74,1.58,0.05,0.22,92.5,0,0,35-44,Prepaid_Daily,Premium_Smartphone,5G,2026-06-28
SUB5510784,1.25,1.35,1.17,0.93,110.73,1,1,45-54,Postpaid_Basic,Premium_Smartphone,4G,2026-06-17
SUB1164074,8.0,2.2,0.83,1.06,104.74,0,0,18-24,Postpaid_Premium,5G_Device,5G,2026-06-11
SUB3570466,2.06,3.26,0.07,0.73,115.57,0,0,25-34,Postpaid_Basic,Premium_Smartphone,4G+,2026-06-12
SUB4287093,1.58,6.0,0.02,0.01,95.06,0,0,25-34,Prepaid_Daily,Premium_Smartphone,4G+,2026-06-25
SUB2017481,3.95,2.42,1.15,0.3,108.74,1,0,25-34,Postpaid_Unlimited,Mid_Range,5G,2026-06-19
SUB4594804,0.78,0.86,0.27,0.28,46.81,1,0,45-54,Prepaid_Monthly,Mid_Range,3G,2026-06-14
SUB9451115,4.16,6.0,0.99,0.37,105.13,1,0,35-44,Postpaid_Premium,Premium_Smartphone,5G,2026-06-25
SUB3338377,1.91,0.09,0.37,0.21,45.69,1,1,45-54,Postpaid_Unlimited,Basic_Phone,5G,2026-06-28
SUB1806564,0.21,1.22,0.14,0.01,32.9,0,0,25-34,Prepaid_Monthly,Mid_Range,4G,2026-06-20
SUB4918949,0.41,0.35,0.26,0.46,70.16,0,0,35-44,Postpaid_Premium,Mid_Range,5G,2026-06-28
SUB7047511,0.77,0.31,0.41,0.27,26.45,0,0,25-34,Postpaid_Premium,Mid_Range,3G,2026-06-24
SUB1737954,1.28,0.45,0.09,0.01,75.78,1,1,45-54,Postpaid_Unlimited,Mid_Range,4G,2026-07-05
SUB3908056,0.6,0.67,0.01,0.24,90.22,0,0,55+,Prepaid_Monthly,Premium_Smartphone,5G,2026-06-27
SUB8840130,5.02,1.29,0.21,0.3,47.37,1,0,35-44,Postpaid_Unlimited,Mid_Range,4G,2026-07-01
SUB9357998,0.54,0.67,0.12,0.14,83.9,0,0,45-54,Prepaid_Daily,Premium_Smartphone,4G,2026-06-28
SUB6934261,0.84,0.51,0.14,1.44,120.24,1,0,18-24,Postpaid_Premium,Premium_Smartphone,4G,2026-06-17
SUB5510579,0.31,0.43,1.26,0.46,96.35,0,0,55+,Prepaid_Monthly,5G_Device,5G,2026-07-06
SUB8563493,8.0,2.42,0.4,0.41,109.69,1,0,18-24,Prepaid_Daily,Mid_Range,5G,2026-06-29
SUB3535232,2.57,1.91,1.26,0.49,80.23,0,0,25-34,Prepaid_Daily,5G_Device,4G,2026-06-11
SUB8704694,0.46,0.4,0.28,0.01,27.55,0,0,18-24,Prepaid_Monthly,Basic_Phone,4G+,2026-07-03
SUB3378907,0.58,0.29,0.01,0.44,58.39,0,0,55+,Prepaid_Monthly,Premium_Smartphone,3G,2026-07-04
SUB7990607,1.34,0.29,0.01,0.15,29.57,1,0,45-54,Prepaid_Monthly,Basic_Phone,5G,2026-06-27
SUB5532688,0.35,0.36,0.01,0.01,65.47,0,0,55+,Prepaid_Monthly,Premium_Smartphone,4G,2026-06-09
SUB8579751,0.49,0.57,0.13,0.14,35.83,0,0,45-54,Prepaid_Monthly,Mid_Range,4G,2026-06-30
SUB8133131,0.79,0.62,0.59,0.03,33.11,0,0,25-34,Prepaid_Monthly,Mid_Range,4G,2026-06-27
SUB3363162,0.23,0.21,0.03,0.08,72.71,1,1,55+,Prepaid_Monthly,Mid_Range,4G,2026-06-07
SUB5881909,0.66,2.34,0.32,0.99,134.69,0,0,55+,Postpaid_Unlimited,5G_Device,5G,2026-06-20
SUB6680820,0.11,0.81,0.12,1.92,78.96,0,0,25-34,Postpaid_Basic,Mid_Range,5G,2026-06-17
SUB3692794,0.27,1.76,0.06,0.12,47.56,0,0,18-24,Prepaid_Daily,Premium_Smartphone,3G,2026-06-17
SUB3345704,0.45,3.02,0.72,0.49,130.24,0,0,35-44,Postpaid_Basic,Tablet,5G,2026-06-26
SUB9811940,0.24,0.12,0.04,0.17,15.5,1,1,55+,Postpaid_Premium,Basic_Phone,4G,2026-06-08
SUB9220038,0.17,0.54,0.42,0.02,143.17,1,0,45-54,Prepaid_Daily,Tablet,5G,2026-06-12
SUB9277983,0.18,0.15,0.01,0.29,34.14,0,0,45-54,Prepaid_Monthly,Basic_Phone,5G,2026-06-20
SUB1292575,0.32,0.16,0.33,0.06,69.85,1,0,55+,Postpaid_Basic,5G_Device,3G,2026-06-13
SUB2459700,0.57,0.56,0.2,0.04,168.23,1,0,45-54,Postpaid_Unlimited,Tablet,5G,2026-06-29
SUB9417944,0.81,0.52,0.26,1.08,113.88,0,0,45-54,Postpaid_Basic,Tablet,4G+,2026-06-25
SUB4201078,0.89,0.59,0.31,0.6,29.84,0,0,35-44,Postpaid_Premium,Premium_Smartphone,3G,2026-06-22
SUB3607622,1.95,2.88,0.45,0.01,87.49,0,0,25-34,Prepaid_Monthly,5G_Device,4G,2026-06-25
SUB2886963,0.93,1.81,1.68,0.94,102.94,1,0,35-44,Postpaid_Premium,Mid_Range,5G,2026-06-30
SUB6304120,0.7,2.02,0.05,0.96,33.24,0,0,25-34,Prepaid_Monthly,Mid_Range,4G,2026-06-22
SUB3772605,0.54,0.71,0.96,0.27,103.18,1,0,45-54,Prepaid_Monthly,Mid_Range,5G,2026-07-06
SUB2447947,0.13,0.84,0.2,0.05,39.98,0,0,25-34,Postpaid_Basic,Mid_Range,3G,2026-07-02
SUB6813775,4.67,2.28,1.26,2.56,114.66,0,0,18-24,Postpaid_Unlimited,Premium_Smartphone,4G+,2026-06-20
SUB8242447,0.38,0.7,0.29,0.15,25.43,1,0,18-24,Prepaid_Daily,Basic_Phone,5G,2026-06-20
SUB9278499,0.29,1.0,0.08,0.17,94.37,0,0,35-44,Prepaid_Daily,Tablet,4G+,2026-06-18
SUB7472652,4.5,0.63,1.21,0.49,102.57,0,1,25-34,Postpaid_Premium,Premium_Smartphone,4G,2026-06-14
SUB7606470,4.41,2.39,1.86,1.93,71.76,1,0,25-34,Postpaid_Basic,5G_Device,3G,2026-07-05
SUB2498339,2.82,3.42,0.98,0.97,68.91,1,0,18-24,Prepaid_Monthly,5G_Device,4G,2026-06-19
SUB1676296,2.99,0.61,0.72,0.51,95.63,0,1,25-34,Prepaid_Monthly,5G_Device,4G,2026-06-14
SUB1379039,0.59,0.75,0.04,0.41,49.12,1,0,18-24,Prepaid_Monthly,Basic_Phone,4G+,2026-06-10
SUB1528714,2.07,1.03,1.63,0.53,86.11,0,0,25-34,Postpaid_Basic,Premium_Smartphone,4G+,2026-06-24
SUB8035655,6.6,2.55,0.35,3.52,73.89,1,1,25-34,Postpaid_Premium,Mid_Range,4G,2026-06-14
SUB9368352,1.96,0.16,0.54,0.03,66.75,1,0,25-34,Prepaid_Daily,Mid_Range,5G,2026-06-27
SUB3911190,4.47,5.89,0.77,0.05,60.46,0,0,25-34,Postpaid_Unlimited,Mid_Range,4G+,2026-06-09
SUB9941047,2.24,3.17,0.29,0.47,108.58,0,1,25-34,Prepaid_Monthly,Premium_Smartphone,4G+,2026-06-27
SUB5142535,1.3,0.26,0.29,0.11,55.08,0,0,45-54,Prepaid_Monthly,Mid_Range,5G,2026-06-12
SUB1273452,8.0,0.22,0.12,0.08,47.13,0,1,25-34,Postpaid_Basic,Mid_Range,4G,2026-06-24
SUB5371047,0.11,1.88,0.94,0.13,52.86,0,1,18-24,Postpaid_Premium,Mid_Range,4G,2026-06-18
SUB8184872,1.09,0.86,0.0,0.29,30.08,0,1,18-24,Prepaid_Daily,Basic_Phone,5G,2026-07-01
SUB3189921,8.0,2.41,0.37,0.48,126.66,0,0,25-34,Postpaid_Premium,Premium_Smartphone,5G,2026-07-03
SUB8427297,4.41,4.53,0.84,0.96,77.24,0,0,18-24,Postpaid_Premium,Premium_Smartphone,4G,2026-06-18
SUB4198156,0.72,0.48,1.19,0.49,125.07,0,1,18-24,Prepaid_Daily,Tablet,4G,2026-06-26
SUB6801038,0.96,1.37,0.34,0.78,105.99,1,0,35-44,Prepaid_Daily,Mid_Range,5G,2026-06-29
SUB5822139,0.28,0.4,0.04,0.95,47.49,0,0,35-44,Prepaid_Monthly,Mid_Range,5G,2026-06-14
SUB5954582,0.9,0.87,0.12,1.48,37.12,0,0,25-34,Postpaid_Premium,Mid_Range,4G,2026-06-08
SUB1762371,0.42,0.56,0.6,0.01,101.59,0,1,45-54,Prepaid_Monthly,5G_Device,4G,2026-06-09
SUB4257945,0.24,3.55,0.5,0.03,75.26,0,0,18-24,Postpaid_Premium,Mid_Range,5G,2026-07-04
SUB9279143,0.48,0.6,0.28,0.08,55.41,0,0,55+,Postpaid_Basic,Mid_Range,5G,2026-06-19
SUB6661064,0.98,0.12,0.47,0.99,63.76,1,0,18-24,Postpaid_Premium,Mid_Range,4G,2026-07-03
SUB4768950,0.53,0.27,0.24,0.18,29.4,0,0,35-44,Postpaid_Basic,Basic_Phone,4G+,2026-06-29
SUB1142980,0.3,6.0,0.27,0.59,94.44,0,1,18-24,Prepaid_Monthly,Mid_Range,5G,2026-06-20
SUB7500785,1.27,0.11,0.29,0.29,99.37,0,0,45-54,Postpaid_Unlimited,Premium_Smartphone,4G+,2026-06-23
SUB1257354,3.3,0.65,0.39,0.43,61.91,0,0,25-34,Postpaid_Premium,Premium_Smartphone,3G,2026-06-30
SUB8863438,1.69,3.95,0.44,0.13,78.58,0,0,18-24,Postpaid_Basic,Mid_Range,5G,2026-06-11
SUB6954075,2.52,6.0,1.33,0.45,150.16,0,1,35-44,Postpaid_Basic,Premium_Smartphone,5G,2026-06-27
SUB8972368,2.84,0.74,2.1,0.86,48.12,1,0,18-24,Postpaid_Basic,Mid_Range,4G,2026-06-29
SUB3235883,0.45,0.17,0.27,0.1,38.19,1,0,45-54,Prepaid_Monthly,Premium_Smartphone,3G,2026-07-06
SUB1764265,1.85,0.19,0.63,0.12,79.82,0,1,35-44,Prepaid_Monthly,5G_Device,4G,2026-06-21
SUB7630840,1.65,1.77,4.0,0.14,120.28,0,1,18-24,Prepaid_Monthly,5G_Device,4G,2026-06-10
SUB6668889,2.02,4.44,0.05,1.05,32.36,1,0,25-34,Postpaid_Unlimited,Mid_Range,3G,2026-06-15
SUB1308617,2.75,1.37,4.0,0.29,148.79,1,0,18-24,Postpaid_Basic,Premium_Smartphone,5G,2026-06-14
SUB1744748,0.28,2.74,0.02,0.25,102.05,0,0,35-44,Prepaid_Daily,Tablet,4G,2026-06-07
SUB6087692,3.14,0.93,0.38,0.68,141.5,0,0,25-34,Postpaid_Basic,Premium_Smartphone,5G,2026-06-30
SUB1734275,0.21,1.37,0.14,0.83,72.57,0,1,35-44,Prepaid_Daily,Mid_Range,5G,2026-07-03
SUB7214638,2.68,0.13,0.34,0.17,47.57,0,0,55+,Prepaid_Monthly,Premium_Smartphone,4G,2026-06-10
SUB9987114,0.18,3.54,0.66,0.7,66.66,0,1,25-34,Prepaid_Monthly,Premium_Smartphone,4G,2026-06-13
SUB6439296,0.22,0.37,0.16,0.14,87.29,1,0,55+,Postpaid_Basic,Mid_Range,4G+,2026-06-26
SUB7194224,8.0,3.85,1.93,0.21,75.05,0,1,35-44,Postpaid_Unlimited,Mid_Range,4G+,2026-07-04
SUB9945326,2.64,0.98,0.48,0.73,91.15,1,0,18-24,Postpaid_Unlimited,Premium_Smartphone,4G,2026-06-09
SUB7024293,1.83,1.11,0.06,0.16,114.34,0,0,25-34,Prepaid_Daily,5G_Device,5G,2026-06-23
SUB7193367,1.48,0.94,0.9,0.89,115.61,0,0,35-44,Postpaid_Basic,Tablet,4G+,2026-06-22
SUB6318331,1.52,2.93,1.29,2.13,79.62,1,1,25-34,Postpaid_Premium,Mid_Range,4G+,2026-06-24
SUB9741022,0.94,0.62,1.36,0.32,57.77,0,0,18-24,Prepaid_Monthly,Premium_Smartphone,3G,2026-06-22
SUB3963944,1.97,0.2,0.3,0.1,39.03,0,1,18-24,Postpaid_Premium,Basic_Phone,4G,2026-07-06
SUB4948401,1.19,3.1,0.81,0.5,121.74,0,0,45-54,Postpaid_Unlimited,Tablet,5G,2026-06-21
SUB1124932,0.86,0.17,0.21,0.01,26.6,1,0,35-44,Postpaid_Premium,Basic_Phone,4G,2026-06-23
SUB6234259,0.4,2.13,0.02,0.0,91.56,0,1,35-44,Prepaid_Monthly,Mid_Range,5G,2026-07-05
SUB9656691,1.4,0.14,0.19,0.14,27.93,0,1,18-24,Postpaid_Unlimited,Basic_Phone,4G,2026-06-19
SUB7850807,2.77,0.79,0.18,0.05,56.43,0,0,45-54,Postpaid_Unlimited,Premium_Smartphone,4G,2026-06-17
SUB7280757,0.4,0.76,0.07,0.03,54.62,0,0,55+,Postpaid_Premium,Mid_Range,4G,2026-06-26
SUB7784672,1.38,1.78,0.34,0.01,80.24,0,1,18-24,Prepaid_Monthly,Premium_Smartphone,4G,2026-06-16
SUB4877809,1.9,4.16,0.07,0.54,65.7,1,1,18-24,Postpaid_Premium,Premium_Smartphone,3G,2026-06-29
SUB5876709,1.67,0.09,0.43,0.19,72.32,0,1,45-54,Prepaid_Monthly,Mid_Range,4G+,2026-06-16
SUB3592316,1.32,0.18,1.45,0.05,44.55,1,0,45-54,Prepaid_Monthly,Mid_Range,4G,2026-06-10
SUB6895725,1.42,0.57,0.04,0.01,13.1,0,0,35-44,Postpaid_Basic,Basic_Phone,4G,2026-06-07
SUB9677828,0.56,1.51,0.34,0.18,45.94,1,1,55+,Postpaid_Unlimited,Mid_Range,3G,2026-06-11
SUB6438757,0.57,2.23,0.71,1.17,58.63,0,0,35-44,Postpaid_Premium,Premium_Smartphone,4G,2026-07-02
SUB3664749,3.27,1.84,0.48,0.26,123.79,1,1,18-24,Postpaid_Premium,Premium_Smartphone,5G,2026-06-08
SUB7728926,0.36,0.22,0.14,0.0,31.92,0,0,35-44,Postpaid_Basic,Basic_Phone,5G,2026-06-12
SUB4999453,1.21,1.65,0.39,0.25,65.25,0,0,35-44,Prepaid_Monthly,Premium_Smartphone,4G+,2026-06-22
SUB8246813,0.58,0.24,0.01,0.02,49.23,1,0,55+,Postpaid_Unlimited,Basic_Phone,5G,2026-06-27
SUB3921989,0.62,0.96,0.04,1.88,109.56,1,0,18-24,Postpaid_Basic,Premium_Smartphone,4G,2026-06-27
SUB1984156,0.72,3.61,0.0,0.47,91.06,0,0,35-44,Postpaid_Premium,Tablet,4G,2026-06-30
SUB4713543,0.07,0.37,1.24,0.14,41.13,0,1,45-54,Postpaid_Basic,Mid_Range,4G,2026-06-08
SUB2203920,0.39,6.0,0.36,1.25,149.26,1,1,25-34,Postpaid_Premium,Premium_Smartphone,4G,2026-06-14
SUB4108591,4.98,6.0,4.0,0.08,121.89,0,0,25-34,Postpaid_Unlimited,Premium_Smartphone,5G,2026-07-01
SUB1747852,1.04,0.45,0.16,0.29,45.98,0,0,45-54,Prepaid_Monthly,Mid_Range,4G,2026-06-12
SUB6296990,2.31,2.06,0.69,0.08,74.22,1,0,25-34,Prepaid_Daily,Premium_Smartphone,3G,2026-06-08
SUB7928655,0.91,0.78,0.31,1.55,117.22,1,0,35-44,Prepaid_Monthly,Premium_Smartphone,4G,2026-06-07
SUB2821367,0.83,1.46,0.4,0.07,40.18,0,0,45-54,Postpaid_Unlimited,Mid_Range,3G,2026-06-25
SUB4372863,6.29,6.0,0.63,1.38,55.81,0,1,18-24,Postpaid_Premium,5G_Device,4G,2026-07-06
SUB3899033,0.2,0.2,0.49,1.55,61.82,0,0,55+,Postpaid_Premium,Premium_Smartphone,4G,2026-06-09
SUB2578315,0.85,1.46,0.75,1.1,64.98,0,0,35-44,Prepaid_Monthly,5G_Device,4G,2026-06-14
SUB8427210,2.3,1.86,1.27,1.46,77.94,0,0,25-34,Postpaid_Premium,Premium_Smartphone,4G,2026-06-16
SUB9298852,0.79,0.84,0.17,0.1,65.44,0,1,25-34,Postpaid_Basic,Mid_Range,4G,2026-07-06
SUB7093073,1.35,0.27,0.28,0.08,61.22,0,0,55+,Prepaid_Daily,Premium_Smartphone,4G,2026-06-27
SUB2349590,4.19,2.44,0.29,1.11,74.47,0,0,18-24,Postpaid_Unlimited,Premium_Smartphone,4G,2026-06-25
SUB6366645,1.41,3.28,0.21,0.36,113.43,0,1,25-34,Prepaid_Monthly,Premium_Smartphone,4G+,2026-06-28
SUB6629905,4.93,2.83,0.25,0.12,94.12,0,0,25-34,Prepaid_Monthly,5G_Device,5G,2026-07-01
SUB4045529,3.62,0.85,0.4,0.02,127.5,0,0,25-34,Prepaid_Monthly,5G_Device,5G,2026-06-23
SUB6440107,0.88,0.53,0.05,0.07,34.54,0,0,25-34,Prepaid_Daily,Mid_Range,4G,2026-06-21
SUB8103260,0.43,0.95,0.01,0.07,89.05,0,1,55+,Postpaid_Basic,Mid_Range,4G+,2026-06-29
SUB8081530,2.46,1.56,1.38,0.63,192.55,0,1,45-54,Prepaid_Monthly,Premium_Smartphone,5G,2026-06-07
SUB3897706,6.37,3.79,0.13,0.22,80.61,1,0,25-34,Postpaid_Premium,Premium_Smartphone,4G,2026-06-21
SUB9282356,2.93,3.14,2.29,0.69,164.6,1,0,25-34,Prepaid_Monthly,Premium_Smartphone,5G,2026-06-18
SUB4201473,1.1,2.7,0.15,0.18,58.89,0,1,35-44,Postpaid_Basic,Mid_Range,4G,2026-07-05
SUB7507660,1.36,2.92,0.49,0.8,59.04,1,0,18-24,Postpaid_Basic,Mid_Range,4G,2026-06-13
SUB2449991,1.57,1.09,0.2,0.0,62.51,1,0,45-54,Postpaid_Premium,Mid_Range,5G,2026-07-05
SUB7039523,0.32,0.58,0.02,0.71,96.19,0,0,45-54,Prepaid_Monthly,Premium_Smartphone,4G,2026-06-20
SUB6353966,1.38,2.2,1.97,0.11,68.85,0,0,45-54,Postpaid_Unlimited,Mid_Range,5G,2026-07-01
SUB7747741,0.09,2.44,0.66,0.19,100.49,0,1,25-34,Postpaid_Basic,Premium_Smartphone,4G,2026-06-22
SUB6168554,1.89,0.33,0.46,0.26,114.88,0,0,25-34,Prepaid_Daily,Tablet,4G+,2026-06-20
SUB1424528,1.41,1.62,0.03,0.4,45.61,0,1,18-24,Prepaid_Monthly,Mid_Range,3G,2026-06-12
SUB8990001,2.4,0.78,0.04,0.4,55.02,0,0,25-34,Prepaid_Monthly,Mid_Range,4G+,2026-06-12
SUB7450219,0.65,0.18,0.1,0.7,19.99,0,0,25-34,Postpaid_Premium,Basic_Phone,5G,2026-06-27
SUB2650824,0.47,0.08,0.07,0.17,39.24,0,0,55+,Prepaid_Monthly,Mid_Range,4G,2026-06-26
SUB6265481,0.67,1.19,0.37,0.05,70.14,0,1,45-54,Prepaid_Monthly,Mid_Range,4G,2026-06-17
SUB7702692,0.72,0.32,0.12,0.2,105.59,1,0,55+,Prepaid_Daily,Premium_Smartphone,4G,2026-06-18
SUB9527835,0.83,1.29,0.19,0.21,107.62,0,1,45-54,Prepaid_Monthly,Premium_Smartphone,5G,2026-06-30
SUB2773055,3.32,2.47,0.64,0.1,52.39,1,0,18-24,Postpaid_Premium,Mid_Range,3G,2026-07-02
SUB6192859,2.27,2.36,0.75,1.29,71.35,0,1,35-44,Postpaid_Basic,Premium_Smartphone,4G,2026-07-04
SUB1281854,4.02,1.91,0.5,0.01,64.93,1,0,18-24,Prepaid_Daily,5G_Device,3G,2026-07-01
SUB7662314,0.57,0.62,0.07,0.02,58.88,0,0,25-34,Prepaid_Daily,Mid_Range,4G,2026-06-15
SUB6830395,1.27,0.84,1.01,0.03,65.26,0,1,35-44,Prepaid_Monthly,5G_Device,4G,2026-06-07
SUB2657153,0.47,3.73,0.01,0.37,63.96,0,1,35-44,Postpaid_Premium,Mid_Range,5G,2026-06-29
SUB8083610,1.95,1.36,0.56,0.26,86.17,0,1,35-44,Postpaid_Premium,Mid_Range,4G+,2026-06-07
SUB8842680,2.67,1.65,0.13,0.49,97.09,0,1,18-24,Prepaid_Daily,Premium_Smartphone,4G+,2026-06-07
SUB2806684,1.7,2.39,2.29,0.7,62.72,1,1,18-24,Prepaid_Monthly,Mid_Range,4G+,2026-06-24
SUB2809858,0.17,0.83,0.05,0.03,21.29,0,1,18-24,Prepaid_Monthly,Basic_Phone,5G,2026-06-23
SUB1479083,1.21,0.49,1.05,0.8,60.44,0,0,18-24,Postpaid_Unlimited,Mid_Range,4G,2026-06-17
SUB2901740,8.0,3.13,0.02,0.27,149.89,1,1,18-24,Postpaid_Basic,5G_Device,4G,2026-06-17
SUB6648393,2.28,1.74,0.07,0.62,45.37,1,0,35-44,Prepaid_Monthly,Mid_Range,4G,2026-06-07
SUB7284725,1.16,1.04,0.13,0.26,61.37,0,1,45-54,Prepaid_Monthly,5G_Device,3G,2026-06-11
SUB8752950,4.65,1.76,0.97,0.61,123.75,0,1,25-34,Prepaid_Monthly,Premium_Smartphone,4G,2026-06-23
SUB7709914,0.28,0.3,0.12,1.3,61.4,0,0,35-44,Postpaid_Premium,Mid_Range,4G+,2026-06-10
SUB8395873,2.91,0.4,1.38,0.61,73.53,1,0,18-24,Prepaid_Daily,Mid_Range,5G,2026-06-16
SUB5584946,0.89,1.18,0.17,0.29,70.35,0,1,55+,Prepaid_Monthly,Mid_Range,4G+,2026-06-11
SUB9343199,2.34,2.31,0.47,0.45,18.06,1,1,25-34,Postpaid_Basic,Basic_Phone,4G,2026-07-01
SUB5301400,1.59,3.2,0.01,0.0,45.91,1,0,45-54,Prepaid_Monthly,Mid_Range,4G,2026-06-27
SUB5641094,0.46,1.76,0.07,0.24,67.8,0,0,55+,Postpaid_Basic,Mid_Range,5G,2026-06-13
SUB3707184,0.46,0.12,0.16,0.1,55.51,1,1,45-54,Prepaid_Monthly,Mid_Range,4G,2026-06-11
SUB8873491,1.61,1.15,0.14,0.02,13.74,1,0,18-24,Postpaid_Premium,Basic_Phone,4G,2026-06-07
SUB4770771,1.08,5.06,1.11,0.07,140.14,1,1,35-44,Prepaid_Daily,Premium_Smartphone,5G,2026-07-03
SUB2540724,0.64,1.32,0.15,2.94,49.96,0,0,18-24,Postpaid_Unlimited,Mid_Range,4G,2026-06-21
SUB6875293,1.52,1.0,0.64,0.36,74.65,0,0,18-24,Prepaid_Daily,5G_Device,4G+,2026-06-26
SUB2965730,0.28,0.67,0.31,0.02,49.85,0,1,18-24,Prepaid_Daily,Mid_Range,4G,2026-06-28
SUB8343728,0.99,1.1,0.24,0.22,103.39,0,0,55+,Postpaid_Premium,Premium_Smartphone,4G+,2026-06-24
SUB8097037,1.32,0.77,0.46,0.15,90.9,0,0,55+,Postpaid_Unlimited,5G_Device,4G,2026-07-01
SUB5062224,0.95,0.21,0.05,0.06,29.54,1,0,18-24,Prepaid_Daily,Basic_Phone,4G,2026-06-10
SUB2094316,5.35,5.88,3.02,0.69,104.65,1,0,25-34,Postpaid_Unlimited,Premium_Smartphone,4G,2026-06-29
SUB5300915,0.13,0.73,0.01,0.06,84.55,0,0,55+,Prepaid_Monthly,Premium_Smartphone,4G,2026-06-23
SUB7760403,1.28,2.31,0.08,1.76,67.57,0,0,25-34,Postpaid_Basic,5G_Device,4G,2026-06-20
SUB7620241,0.83,0.28,0.19,2.63,112.48,0,1,25-34,Prepaid_Daily,Premium_Smartphone,4G+,2026-06-08
SUB2636675,0.87,1.54,0.07,0.17,88.46,0,0,25-34,Prepaid_Monthly,Mid_Range,5G,2026-06-11
SUB1801849,1.47,0.17,0.1,0.22,94.37,0,0,45-54,Postpaid_Basic,Premium_Smartphone,4G,2026-06-23
SUB2161068,0.45,2.41,1.18,0.03,108.25,0,0,25-34,Postpaid_Basic,Premium_Smartphone,4G,2026-06-23
SUB8370131,1.02,0.41,0.32,0.04,44.73,1,0,45-54,Postpaid_Basic,Mid_Range,4G,2026-06-13
SUB2035891,6.88,1.88,1.55,0.16,76.61,0,1,25-34,Postpaid_Basic,5G_Device,3G,2026-06-25
SUB1753494,8.0,3.27,0.21,0.44,110.43,0,0,25-34,Postpaid_Unlimited,Premium_Smartphone,5G,2026-07-02
SUB9811785,0.24,0.27,0.04,0.19,5.0,0,0,25-34,Prepaid_Daily,Basic_Phone,4G,2026-06-29
SUB8611432,2.4,1.3,0.1,1.95,101.56,1,0,18-24,Prepaid_Daily,5G_Device,4G+,2026-06-20
SUB4704697,1.42,1.79,0.38,0.06,44.63,0,0,25-34,Postpaid_Premium,Mid_Range,4G,2026-06-14
SUB6277420,0.2,1.12,1.11,0.17,80.79,0,0,18-24,Prepaid_Daily,Premium_Smartphone,5G,2026-06-29
SUB6327580,0.22,2.72,0.18,0.17,101.69,0,1,45-54,Postpaid_Basic,Mid_Range,5G,2026-07-03
SUB8272003,2.32,0.4,0.33,0.43,80.52,0,0,25-34,Postpaid_Basic,5G_Device,4G,2026-06-19
SUB2760511,0.83,2.89,0.38,0.04,123.06,1,0,45-54,Prepaid_Monthly,Premium_Smartphone,4G,2026-07-02
SUB4541815,3.87,1.62,0.42,0.41,81.08,1,1,55+,Postpaid_Unlimited,Premium_Smartphone,4G,2026-06-22
SUB9434610,2.55,0.72,0.17,0.11,82.8,1,0,45-54,Prepaid_Monthly,Tablet,4G,2026-06-16
SUB8389844,0.79,0.38,0.24,0.18,46.64,0,1,55+,Prepaid_Monthly,Mid_Range,4G,2026-06-16
SUB5610146,0.32,0.26,0.07,0.07,26.05,0,0,35-44,Prepaid_Monthly,Basic_Phone,4G,2026-07-05
SUB5139289,1.49,1.39,0.07,1.06,55.81,0,0,18-24,Prepaid_Daily,Premium_Smartphone,4G,2026-06-19
SUB6351826,0.33,1.08,0.0,0.1,42.12,0,1,55+,Prepaid_Monthly,Mid_Range,4G,2026-06-25
SUB7390459,0.15,0.25,0.87,0.59,81.9,0,0,45-54,Postpaid_Premium,Premium_Smartphone,4G,2026-06-20
SUB2784006,0.68,2.08,0.25,0.12,68.3,0,0,45-54,Postpaid_Premium,Premium_Smartphone,4G+,2026-06-26
SUB7072310,2.88,6.0,0.38,0.35,66.79,1,0,35-44,Postpaid_Premium,Premium_Smartphone,4G,2026-06-27
SUB5913478,0.32,0.24,1.31,0.04,54.78,0,1,35-44,Prepaid_Daily,Mid_Range,4G,2026-06-26
SUB9303143,1.64,0.83,0.24,0.46,74.79,0,0,18-24,Prepaid_Daily,5G_Device,4G,2026-06-08
SUB7353300,0.74,1.3,0.13,0.0,129.47,0,0,35-44,Postpaid_Unlimited,Premium_Smartphone,5G,2026-06-12
SUB6968333,0.28,3.69,0.94,0.15,70.38,1,0,18-24,Prepaid_Daily,5G_Device,4G,2026-07-02
SUB7210958,0.54,2.82,2.38,2.29,124.28,0,0,25-34,Postpaid_Unlimited,5G_Device,5G,2026-06-20
SUB7601457,2.25,1.6,0.34,1.33,55.14,0,0,35-44,Postpaid_Premium,Mid_Range,4G,2026-06-21
SUB7679155,4.49,3.83,2.78,0.13,116.28,1,0,25-34,Postpaid_Unlimited,Premium_Smartphone,4G,2026-06-13
SUB6737580,0.51,0.58,0.14,0.62,29.96,0,0,18-24,Prepaid_Monthly,Mid_Range,4G,2026-07-05
SUB6525724,0.32,0.26,0.16,0.29,71.85,0,0,45-54,Prepaid_Daily,5G_Device,4G,2026-06-18
SUB7025095,1.36,0.64,0.23,0.04,95.86,1,1,45-54,Postpaid_Basic,Premium_Smartphone,3G,2026-06-15
SUB1225391,2.56,1.35,0.13,0.14,35.79,0,0,35-44,Postpaid_Premium,Mid_Range,4G,2026-07-01
SUB7698541,0.49,1.22,0.22,0.64,120.36,0,0,25-34,Prepaid_Daily,5G_Device,4G+,2026-06-17
SUB1191387,1.41,0.5,0.14,0.01,80.29,1,0,55+,Postpaid_Premium,Premium_Smartphone,3G,2026-06-15
SUB4632632,3.11,2.55,0.35,0.16,74.36,0,1,18-24,Prepaid_Monthly,5G_Device,3G,2026-06-19
SUB5608474,2.09,0.58,0.42,1.18,70.73,1,0,35-44,Postpaid_Basic,Mid_Range,5G,2026-06-09
SUB3535394,5.71,6.0,4.0,0.42,78.36,0,0,18-24,Postpaid_Unlimited,5G_Device,4G+,2026-07-03
SUB6596526,0.21,1.4,0.26,0.1,142.13,0,1,25-34,Prepaid_Daily,Premium_Smartphone,5G,2026-06-11
SUB4291070,0.94,0.99,0.34,1.16,60.89,0,0,35-44,Prepaid_Monthly,Premium_Smartphone,4G+,2026-06-20
SUB1686268,1.09,4.02,0.13,0.11,116.69,1,0,35-44,Prepaid_Daily,5G_Device,4G+,2026-06-23
SUB1801955,0.67,1.59,0.36,0.11,94.33,0,0,18-24,Prepaid_Daily,Premium_Smartphone,4G,2026-07-02
SUB3013148,1.56,1.84,1.39,0.74,101.58,1,0,25-34,Prepaid_Daily,Premium_Smartphone,4G,2026-06-29
SUB7835735,0.45,1.43,0.07,0.11,113.6,0,1,25-34,Prepaid_Monthly,Mid_Range,5G,2026-06-08
SUB5467223,0.56,1.25,0.12,0.28,111.25,0,1,25-34,Prepaid_Monthly,5G_Device,4G,2026-06-13
SUB3444291,1.13,0.42,3.39,1.11,78.45,1,0,35-44,Postpaid_Premium,Premium_Smartphone,3G,2026-06-27
SUB1147745,3.73,5.09,0.1,0.03,115.98,0,1,25-34,Postpaid_Unlimited,5G_Device,4G+,2026-06-22
SUB4792824,1.18,3.18,0.12,0.14,51.22,0,0,25-34,Prepaid_Monthly,Mid_Range,4G,2026-06-10
SUB1137686,1.53,0.28,0.75,1.27,70.44,0,1,18-24,Prepaid_Daily,Mid_Range,4G+,2026-06-22
SUB6250295,0.13,1.01,0.24,0.38,48.17,1,0,18-24,Prepaid_Monthly,Basic_Phone,5G,2026-06-24
SUB5151923,3.08,2.3,2.03,0.17,79.86,0,0,35-44,Postpaid_Premium,5G_Device,4G,2026-07-06
SUB6679980,0.34,1.09,4.0,0.89,52.29,1,0,35-44,Postpaid_Premium,Mid_Range,4G+,2026-06-19
SUB6149534,0.9,2.25,0.15,0.54,61.02,0,0,18-24,Postpaid_Unlimited,Mid_Range,5G,2026-06-16
SUB4314344,4.38,4.39,3.98,0.02,109.31,1,1,18-24,Prepaid_Daily,Premium_Smartphone,4G,2026-06-28
SUB1049976,1.36,0.72,0.22,0.67,99.6,0,1,35-44,Postpaid_Premium,Mid_Range,5G,2026-06-12
SUB3522620,0.97,4.82,1.42,2.07,110.91,0,1,25-34,Postpaid_Basic,5G_Device,4G,2026-06-21
SUB3027320,0.21,2.77,2.3,0.24,105.36,0,0,25-34,Postpaid_Unlimited,Premium_Smartphone,5G,2026-06-23
SUB2812105,2.88,1.83,0.45,0.04,64.25,1,0,25-34,Postpaid_Basic,Tablet,3G,2026-06-18
SUB6761703,1.57,2.02,0.16,0.07,27.94,1,1,18-24,Prepaid_Monthly,Basic_Phone,4G+,2026-06-21
SUB2947238,0.34,5.72,0.56,0.34,67.76,0,0,18-24,Postpaid_Premium,Mid_Range,5G,2026-06-08
SUB7330034,0.17,0.72,0.13,0.39,43.06,0,0,45-54,Postpaid_Premium,Mid_Range,4G,2026-06-20
SUB5809045,0.05,0.06,0.12,0.64,61.53,0,0,35-44,Prepaid_Monthly,Premium_Smartphone,3G,2026-06-27
SUB9597467,0.74,0.68,0.32,0.18,48.2,0,0,35-44,Prepaid_Daily,Mid_Range,4G,2026-07-01
SUB7402891,1.8,2.08,0.62,0.07,85.96,0,1,25-34,Prepaid_Monthly,Mid_Range,5G,2026-06-27
SUB8031845,1.68,1.2,0.21,0.35,63.16,0,1,35-44,Prepaid_Monthly,5G_Device,4G,2026-06-27
SUB6394418,0.13,0.18,0.05,0.27,44.23,0,0,55+,Prepaid_Monthly,Mid_Range,4G+,2026-06-08
SUB1045475,1.6,3.41,0.38,3.29,96.56,0,1,35-44,Postpaid_Unlimited,Premium_Smartphone,4G+,2026-07-06
SUB9080552,1.22,2.59,0.37,0.68,79.66,0,1,25-34,Postpaid_Basic,Premium_Smartphone,4G,2026-06-13
SUB4303364,2.85,0.39,0.5,1.77,55.1,1,0,35-44,Postpaid_Premium,Mid_Range,4G,2026-06-12
SUB6396364,1.59,3.33,0.65,1.29,88.5,0,1,25-34,Postpaid_Premium,Premium_Smartphone,4G+,2026-06-21
SUB4239254,8.0,1.51,0.05,0.23,130.41,0,0,35-44,Postpaid_Premium,Premium_Smartphone,5G,2026-06-24
SUB2099577,1.09,1.58,0.37,0.03,32.47,0,0,25-34,Postpaid_Unlimited,Mid_Range,3G,2026-06-30
SUB7483485,1.59,0.53,0.15,0.68,52.2,0,0,45-54,Postpaid_Premium,Mid_Range,4G,2026-06-17
SUB5623037,0.56,1.14,0.71,0.81,95.47,0,0,35-44,Postpaid_Basic,5G_Device,4G+,2026-06-23
SUB7959972,6.72,1.14,0.69,6.0,60.02,0,1,18-24,Prepaid_Monthly,Mid_Range,4G,2026-06-25
SUB8232024,3.19,1.69,0.1,0.78,172.44,0,1,18-24,Prepaid_Monthly,Premium_Smartphone,4G+,2026-06-21
SUB2602970,0.89,4.49,1.11,0.56,120.56,0,0,25-34,Prepaid_Monthly,Premium_Smartphone,4G+,2026-06-17
SUB9191922,1.95,1.15,0.02,0.32,39.65,1,0,18-24,Prepaid_Monthly,Mid_Range,4G,2026-07-04
SUB9274125,1.46,1.68,0.24,0.36,72.11,0,0,25-34,Postpaid_Premium,5G_Device,4G+,2026-06-12
SUB2531064,3.27,2.63,0.01,0.07,35.62,0,0,25-34,Postpaid_Basic,Mid_Range,3G,2026-06-14
SUB5411887,0.59,1.28,0.15,0.11,48.48,0,0,25-34,Prepaid_Monthly,Mid_Range,4G,2026-06-27
SUB9615797,0.56,0.49,0.09,0.02,73.58,0,0,55+,Postpaid_Unlimited,Premium_Smartphone,4G,2026-06-23
SUB3076198,0.18,0.56,0.09,0.11,28.64,0,0,25-34,Prepaid_Monthly,Basic_Phone,4G,2026-07-05
SUB8466511,5.54,2.38,0.47,0.06,63.51,0,0,25-34,Postpaid_Basic,Premium_Smartphone,4G,2026-06-22
SUB2468919,0.26,3.97,1.68,1.75,52.78,0,0,18-24,Postpaid_Premium,5G_Device,4G,2026-06-20
SUB4281941,0.2,1.18,0.82,1.03,34.15,0,1,25-34,Postpaid_Basic,Mid_Range,3G,2026-06-24
SUB4410580,3.31,1.47,0.66,0.07,42.32,0,0,18-24,Prepaid_Monthly,Mid_Range,4G,2026-06-20
SUB5999111,2.13,0.79,0.81,0.23,63.26,0,0,35-44,Postpaid_Premium,Mid_Range,5G,2026-06-07
SUB4685104,0.06,2.54,0.48,0.76,108.17,0,0,18-24,Prepaid_Daily,5G_Device,4G,2026-06-28
SUB8659791,5.43,1.75,0.33,1.06,83.91,1,1,35-44,Postpaid_Basic,Mid_Range,5G,2026-07-05
SUB2420858,0.32,0.3,0.16,0.13,19.91,0,0,45-54,Prepaid_Monthly,Mid_Range,3G,2026-07-03
SUB2748982,0.86,2.68,0.49,0.0,84.96,0,0,18-24,Postpaid_Basic,Premium_Smartphone,4G,2026-06-17
SUB7563614,0.67,1.3,0.24,0.95,48.26,0,1,25-34,Prepaid_Monthly,Mid_Range,3G,2026-07-04
SUB5896799,1.21,0.34,0.31,0.07,26.03,0,0,25-34,Postpaid_Premium,Basic_Phone,4G,2026-06-30
SUB9466685,0.04,2.6,0.34,2.3,139.81,1,1,45-54,Prepaid_Monthly,5G_Device,5G,2026-06-21
SUB8479816,0.92,2.93,0.13,0.22,45.35,0,0,25-34,Postpaid_Unlimited,Mid_Range,4G,2026-06-30
SUB7007509,0.07,1.41,0.0,0.17,42.44,1,0,35-44,Postpaid_Unlimited,Mid_Range,3G,2026-06-10
SUB5445818,0.23,0.19,0.11,0.38,48.42,0,1,45-54,Prepaid_Monthly,Mid_Range,3G,2026-06-07
SUB6122964,2.16,1.16,0.22,0.19,120.76,1,1,35-44,Prepaid_Monthly,5G_Device,4G,2026-06-29
SUB7433636,2.71,4.11,0.2,1.62,86.58,0,0,25-34,Postpaid_Premium,Mid_Range,5G,2026-06-19
SUB5095077,0.79,0.4,0.04,0.28,29.02,1,1,18-24,Prepaid_Daily,Basic_Phone,3G,2026-06-22
SUB7263998,8.0,0.86,0.14,0.38,59.16,0,0,35-44,Prepaid_Daily,Mid_Range,5G,2026-06-10
SUB5630232,1.44,0.3,0.06,0.03,87.58,0,0,45-54,Prepaid_Daily,Tablet,4G,2026-07-05
SUB1920114,0.4,0.66,0.02,0.01,85.69,0,1,55+,Postpaid_Basic,Mid_Range,4G+,2026-06-08
SUB9990499,0.36,0.44,0.04,0.04,26.11,1,1,55+,Prepaid_Daily,Basic_Phone,4G,2026-06-23
SUB9147047,1.46,0.85,1.86,0.19,54.57,1,0,45-54,Prepaid_Monthly,Premium_Smartphone,3G,2026-06-10
SUB3182926,5.7,1.41,3.43,1.09,93.46,1,0,35-44,Postpaid_Basic,Mid_Range,5G,2026-06-09
SUB3485670,1.7,0.18,0.12,0.03,83.49,0,0,45-54,Prepaid_Daily,5G_Device,4G,2026-06-22
SUB4344250,2.95,1.56,0.39,0.07,163.63,1,0,25-34,Prepaid_Daily,Premium_Smartphone,4G+,2026-06-15
SUB5023278,2.47,4.3,0.2,0.18,86.47,0,1,35-44,Postpaid_Unlimited,Mid_Range,5G,2026-06-19
SUB1537977,2.72,4.64,1.04,0.58,153.46,0,1,25-34,Postpaid_Premium,Premium_Smartphone,5G,2026-06-25
SUB4668280,0.04,0.35,0.29,0.14,19.01,0,0,25-34,Prepaid_Monthly,Basic_Phone,5G,2026-06-14
SUB3723408,0.22,0.22,0.13,0.47,40.63,0,0,45-54,Prepaid_Daily,Mid_Range,4G,2026-06-09
SUB5784808,2.03,0.69,1.13,0.25,117.71,0,0,25-34,Postpaid_Basic,Premium_Smartphone,5G,2026-06-16
SUB7637640,0.81,1.54,0.56,0.05,51.76,1,1,18-24,Prepaid_Monthly,Mid_Range,3G,2026-07-04
SUB7837388,1.92,2.46,1.58,0.11,93.53,0,1,18-24,Postpaid_Unlimited,Mid_Range,5G,2026-06-07
SUB5654419,0.14,0.3,0.05,0.1,46.99,1,0,45-54,Postpaid_Premium,Basic_Phone,5G,2026-06-28
SUB9430899,5.56,6.0,3.2,0.2,116.16,1,0,35-44,Postpaid_Unlimited,5G_Device,4G,2026-06-18
SUB5622580,1.18,1.64,1.79,2.88,85.03,1,0,25-34,Postpaid_Premium,5G_Device,4G,2026-06-24
SUB5589058,2.46,0.72,0.15,0.12,34.9,0,0,25-34,Postpaid_Basic,Mid_Range,3G,2026-06-11
SUB8245136,1.19,6.0,1.44,0.55,77.47,1,0,25-34,Postpaid_Premium,Mid_Range,5G,2026-06-13
SUB9379966,0.46,2.01,0.64,0.88,91.86,0,1,18-24,Postpaid_Premium,Tablet,4G,2026-07-03
SUB3122827,1.21,1.12,1.24,0.13,57.08,0,0,25-34,Postpaid_Basic,Premium_Smartphone,4G,2026-07-03
SUB8432300,0.14,0.11,0.0,0.11,98.59,1,0,45-54,Prepaid_Daily,Premium_Smartphone,3G,2026-06-26
SUB8637174,1.24,1.15,1.7,0.71,97.75,0,1,25-34,Postpaid_Basic,Premium_Smartphone,4G,2026-07-02
SUB1708672,0.28,0.78,0.1,0.46,34.39,0,1,25-34,Prepaid_Daily,Mid_Range,3G,2026-07-04
SUB7921154,1.28,4.72,1.93,3.28,75.23,0,1,18-24,Postpaid_Premium,Premium_Smartphone,4G+,2026-07-04
SUB9725977,4.19,2.43,0.33,1.15,79.13,0,0,25-34,Postpaid_Premium,5G_Device,4G,2026-06-18
SUB5507167,0.93,0.92,0.46,0.15,22.88,0,0,18-24,Postpaid_Unlimited,Basic_Phone,3G,2026-06-21
SUB3227039,0.9,1.06,1.63,0.73,96.24,0,1,35-44,Postpaid_Basic,Premium_Smartphone,4G,2026-07-04
SUB1296063,2.63,6.0,0.45,0.5,65.27,0,0,25-34,Postpaid_Premium,Premium_Smartphone,4G,2026-06-25
SUB2383875,0.5,0.66,0.83,0.35,170.29,0,1,45-54,Prepaid_Monthly,Tablet,5G,2026-06-23
SUB7625169,1.04,1.24,0.09,0.01,46.02,0,1,35-44,Prepaid_Monthly,Mid_Range,4G,2026-06-10
SUB2876336,3.17,3.97,1.31,0.38,63.6,0,0,25-34,Postpaid_Unlimited,5G_Device,4G,2026-06-09
SUB8541586,1.83,6.0,0.41,0.76,77.21,1,1,25-34,Postpaid_Premium,Mid_Range,4G+,2026-06-09
SUB4956778,1.17,1.42,0.14,1.58,55.81,0,0,35-44,Postpaid_Premium,Mid_Range,4G,2026-07-06
SUB3887757,2.39,0.99,2.99,0.51,32.26,1,0,18-24,Prepaid_Monthly,Mid_Range,3G,2026-06-27
SUB3468665,0.96,1.1,1.02,3.01,69.98,1,0,35-44,Postpaid_Premium,5G_Device,4G,2026-06-24
SUB7472973,0.28,0.35,0.01,0.75,30.88,0,0,55+,Postpaid_Unlimited,Mid_Range,4G,2026-07-02
SUB1692924,2.56,2.7,0.01,1.1,81.63,0,0,25-34,Prepaid_Monthly,5G_Device,5G,2026-06-24
SUB3570115,0.6,0.93,0.47,0.32,91.86,0,0,35-44,Postpaid_Premium,Premium_Smartphone,4G+,2026-07-01
SUB2661655,2.29,0.56,0.22,0.26,120.72,0,0,45-54,Prepaid_Monthly,5G_Device,5G,2026-06-30
SUB8499066,1.74,0.88,0.35,0.33,119.85,1,1,25-34,Prepaid_Daily,Mid_Range,5G,2026-06-11
SUB5672412,3.3,0.36,0.49,0.3,29.64,0,0,35-44,Postpaid_Premium,Mid_Range,4G+,2026-06-21
SUB4100498,0.79,2.03,0.45,0.22,95.64,0,0,25-34,Prepaid_Daily,Premium_Smartphone,5G,2026-06-09
SUB8181479,0.63,5.34,0.01,0.22,64.31,1,1,25-34,Prepaid_Monthly,Premium_Smartphone,3G,2026-06-09
SUB4811666,1.14,6.0,1.11,0.23,48.19,0,1,35-44,Postpaid_Premium,Mid_Range,4G,2026-06-12
SUB4819712,1.45,2.01,0.94,0.53,91.42,0,0,35-44,Postpaid_Premium,Premium_Smartphone,4G,2026-06-12
SUB2033668,0.09,0.1,0.03,0.1,8.88,0,0,55+,Prepaid_Monthly,Basic_Phone,4G,2026-07-02
SUB8712079,2.71,3.3,0.2,0.8,67.83,0,0,18-24,Postpaid_Unlimited,Premium_Smartphone,4G,2026-07-01
SUB6604327,3.37,5.33,0.77,1.42,92.06,1,0,25-34,Prepaid_Monthly,Mid_Range,5G,2026-06-20
SUB3473199,0.4,5.31,0.05,0.12,50.4,0,1,25-34,Postpaid_Unlimited,Mid_Range,4G,2026-06-09
SUB9271330,1.05,6.0,2.1,2.3,181.9,1,1,18-24,Postpaid_Premium,5G_Device,5G,2026-07-05
SUB9686283,0.02,0.76,0.5,1.21,96.22,0,1,25-34,Prepaid_Monthly,Premium_Smartphone,4G,2026-06-22
SUB1708175,0.56,0.43,0.07,0.14,155.86,1,1,25-34,Prepaid_Daily,5G_Device,4G,2026-06-17
SUB2867306,1.43,0.22,0.06,0.07,22.95,0,0,25-34,Prepaid_Monthly,Basic_Phone,4G,2026-06-21
SUB9652233,0.57,0.22,0.03,0.37,24.91,1,0,25-34,Prepaid_Daily,Basic_Phone,4G,2026-06-09
SUB1842840,3.07,0.69,1.48,0.13,104.09,0,1,25-34,Postpaid_Basic,Premium_Smartphone,5G,2026-07-04
SUB5394643,0.84,0.02,0.04,0.01,52.31,0,0,55+,Prepaid_Monthly,Mid_Range,4G+,2026-06-10
SUB6889118,0.45,0.09,0.03,0.01,18.42,1,1,45-54,Prepaid_Monthly,Basic_Phone,4G,2026-06-17
SUB6128643,2.67,3.26,0.5,0.98,91.56,0,0,18-24,Postpaid_Premium,Mid_Range,5G,2026-06-10
SUB1125355,1.11,2.39,0.02,0.04,62.82,0,0,45-54,Prepaid_Monthly,Mid_Range,4G+,2026-06-07
SUB5222102,2.91,1.01,0.24,0.08,53.43,1,1,35-44,Postpaid_Basic,Mid_Range,3G,2026-06-15
SUB1615937,1.47,2.03,0.2,0.1,133.11,1,0,45-54,Prepaid_Daily,5G_Device,4G,2026-06-22
SUB2375607,0.49,0.9,0.26,0.08,36.32,0,0,25-34,Postpaid_Premium,Mid_Range,4G,2026-06-19
SUB1019477,1.12,6.0,1.58,0.04,107.04,1,0,25-34,Postpaid_Basic,Premium_Smartphone,4G,2026-06-10
SUB4556210,1.5,1.33,0.04,0.01,53.97,1,0,45-54,Postpaid_Premium,Basic_Phone,4G+,2026-06-11
SUB7508856,3.91,1.07,0.39,1.37,125.95,1,0,25-34,Prepaid_Daily,5G_Device,4G,2026-06-17
SUB3487111,0.84,0.52,0.12,0.13,55.84,0,1,55+,Prepaid_Monthly,Mid_Range,4G,2026-06-29
SUB3009606,0.35,0.9,0.01,0.06,51.0,0,0,45-54,Prepaid_Daily,Mid_Range,4G,2026-06-28
SUB2559757,0.04,0.04,0.05,0.0,16.47,0,0,55+,Prepaid_Daily,Basic_Phone,4G+,2026-06-12
SUB8315830,0.38,2.24,0.04,0.23,68.16,0,1,25-34,Prepaid_Daily,Mid_Range,4G,2026-06-19
SUB7156738,1.27,1.61,0.36,0.06,71.95,0,0,18-24,Postpaid_Basic,5G_Device,4G,2026-06-14
SUB4432207,1.99,1.01,0.01,0.07,30.85,0,0,25-34,Postpaid_Basic,Mid_Range,4G,2026-06-21
SUB7171638,0.86,3.21,1.69,0.01,157.92,1,1,55+,Postpaid_Premium,5G_Device,5G,2026-06-29
SUB2881297,8.0,4.01,1.02,0.41,97.29,0,0,25-34,Prepaid_Monthly,5G_Device,5G,2026-06-18
SUB7083059,0.67,0.4,0.52,0.38,44.18,1,0,35-44,Postpaid_Basic,Basic_Phone,4G+,2026-06-14
SUB5529275,3.48,2.03,0.18,0.02,60.37,1,0,25-34,Postpaid_Unlimited,Mid_Range,4G,2026-06-29
SUB9519792,8.0,3.81,2.31,0.36,120.46,1,1,25-34,Postpaid_Basic,5G_Device,4G,2026-07-03
SUB2135627,0.59,0.1,0.43,0.2,24.75,0,1,18-24,Postpaid_Basic,Basic_Phone,4G+,2026-06-20
SUB1245300,4.63,6.0,2.65,0.23,107.66,0,0,25-34,Postpaid_Unlimited,5G_Device,4G+,2026-06-23
SUB9972618,2.02,1.19,1.52,0.3,76.75,0,1,45-54,Postpaid_Unlimited,5G_Device,4G,2026-07-03
SUB1092036,3.34,5.94,0.53,0.0,78.5,1,1,18-24,Prepaid_Monthly,5G_Device,4G,2026-07-06
SUB6995802,0.71,2.08,0.1,0.02,63.92,0,0,45-54,Postpaid_Basic,Premium_Smartphone,4G,2026-06-28
SUB7439051,8.0,3.92,0.23,0.26,124.55,0,1,35-44,Postpaid_Basic,5G_Device,4G,2026-06-29
SUB1853392,1.62,0.72,1.73,0.37,128.9,0,0,35-44,Postpaid_Premium,Premium_Smartphone,5G,2026-07-06
SUB7015877,1.12,2.39,0.26,0.14,52.9,1,1,35-44,Postpaid_Unlimited,Mid_Range,3G,2026-06-19
SUB9670304,0.24,1.29,0.04,0.02,51.21,1,0,25-34,Prepaid_Monthly,Basic_Phone,5G,2026-06-19
SUB4662340,5.2,0.62,0.41,1.53,73.03,0,0,25-34,Postpaid_Premium,5G_Device,4G,2026-07-01
SUB1154692,4.19,2.28,1.36,0.35,122.73,1,0,45-54,Postpaid_Premium,5G_Device,4G,2026-06-16
SUB9362101,2.58,0.46,0.51,1.75,67.58,1,0,25-34,Prepaid_Monthly,Premium_Smartphone,4G,2026-06-18
SUB5457335,1.87,5.11,0.38,0.84,57.81,0,0,25-34,Postpaid_Premium,Premium_Smartphone,4G,2026-06-26
SUB2657888,3.79,2.09,0.11,0.55,146.2,1,1,18-24,Prepaid_Monthly,Mid_Range,4G+,2026-06-10
SUB3585917,1.05,0.25,0.15,0.4,125.07,0,0,35-44,Prepaid_Daily,5G_Device,5G,2026-06-15
SUB9110129,1.38,3.25,1.69,1.0,54.92,1,1,25-34,Postpaid_Unlimited,Basic_Phone,5G,2026-06-12
SUB7147560,0.17,0.86,1.62,0.05,60.14,0,0,25-34,Prepaid_Monthly,Premium_Smartphone,3G,2026-07-01
SUB8946258,2.73,3.79,0.1,0.52,55.94,0,0,18-24,Postpaid_Basic,5G_Device,3G,2026-07-03
SUB8557845,0.86,0.27,0.12,0.0,47.77,0,1,55+,Postpaid_Premium,Mid_Range,3G,2026-06-23
SUB2824964,4.79,1.51,0.47,1.95,59.09,0,0,25-34,Postpaid_Unlimited,Tablet,3G,2026-06-24
SUB8724922,0.75,0.83,0.17,0.6,57.39,0,0,35-44,Postpaid_Unlimited,Tablet,4G,2026-06-14
SUB9152513,2.58,1.77,1.14,0.68,73.32,0,0,35-44,Postpaid_Basic,5G_Device,4G,2026-06-11
SUB7789408,1.52,0.39,0.23,0.06,67.62,1,0,45-54,Postpaid_Basic,Premium_Smartphone,3G,2026-07-04
SUB5764812,0.48,0.6,0.22,0.48,46.56,0,0,25-34,Prepaid_Monthly,Mid_Range,4G,2026-06-07
SUB2568146,2.68,0.73,0.21,1.42,94.77,1,0,45-54,Postpaid_Basic,Premium_Smartphone,3G,2026-06-17
SUB1483455,0.87,1.87,1.54,3.69,56.62,1,0,25-34,Postpaid_Unlimited,Mid_Range,4G+,2026-07-04
SUB5036405,0.69,0.66,0.06,0.07,20.71,0,0,25-34,Postpaid_Premium,Basic_Phone,4G,2026-06-16
SUB9935827,1.46,0.16,0.16,2.74,89.99,0,1,35-44,Prepaid_Daily,5G_Device,4G,2026-06-10
SUB3186268,0.2,0.97,0.9,0.01,110.41,1,0,45-54,Prepaid_Daily,Premium_Smartphone,5G,2026-06-21
SUB5445975,0.67,1.1,2.39,0.65,37.41,0,1,35-44,Postpaid_Unlimited,Mid_Range,4G,2026-07-04
SUB3871656,0.16,1.1,0.11,0.07,49.43,1,0,45-54,Postpaid_Premium,Basic_Phone,5G,2026-06-19
SUB5708569,1.39,3.3,1.19,0.69,135.11,0,0,25-34,Postpaid_Basic,Premium_Smartphone,4G+,2026-06-08
SUB4855933,1.97,0.21,0.97,0.33,99.19,0,0,55+,Postpaid_Basic,5G_Device,4G,2026-06-30
SUB3326729,0.89,2.63,0.15,1.83,93.83,1,1,18-24,Prepaid_Monthly,Mid_Range,4G,2026-06-09
SUB7695233,0.32,2.08,0.6,0.01,9.35,0,0,35-44,Postpaid_Premium,Basic_Phone,4G,2026-06-13
SUB9274437,4.66,1.52,1.66,0.02,159.93,0,1,25-34,Postpaid_Basic,Premium_Smartphone,5G,2026-06-12
SUB4907129,0.93,0.99,0.09,0.37,51.19,0,0,25-34,Postpaid_Premium,Mid_Range,5G,2026-06-15
SUB1095556,4.12,0.11,1.14,0.5,62.78,1,1,25-34,Prepaid_Monthly,Mid_Range,4G,2026-06-10
SUB6399869,0.5,0.43,0.26,0.14,65.58,0,0,25-34,Prepaid_Monthly,Premium_Smartphone,3G,2026-06-20
SUB4469992,0.51,1.5,0.57,0.05,90.09,0,0,18-24,Prepaid_Monthly,Premium_Smartphone,5G,2026-07-06
SUB7139353,0.32,2.31,0.69,1.42,80.31,0,0,25-34,Postpaid_Unlimited,Premium_Smartphone,4G+,2026-06-12
SUB1652755,8.0,4.71,4.0,1.23,143.07,1,0,18-24,Postpaid_Unlimited,5G_Device,4G+,2026-06-07
SUB4666344,4.51,2.24,1.42,0.3,144.84,0,0,35-44,Postpaid_Premium,Premium_Smartphone,5G,2026-06-07
SUB6650352,8.0,5.09,4.0,1.88,64.9,0,1,18-24,Postpaid_Unlimited,5G_Device,4G,2026-06-15
SUB1743088,0.95,2.14,0.46,0.33,102.2,1,0,18-24,Postpaid_Premium,5G_Device,5G,2026-06-30
SUB1059778,2.06,0.67,1.29,0.41,80.93,1,0,18-24,Prepaid_Monthly,Premium_Smartphone,3G,2026-06-20
SUB6003361,1.18,0.67,0.11,0.03,17.6,0,0,25-34,Postpaid_Premium,Basic_Phone,4G,2026-07-02
SUB9075042,0.44,0.8,0.07,0.37,87.77,0,0,45-54,Prepaid_Monthly,5G_Device,4G,2026-06-21
SUB8706113,0.98,0.64,0.17,0.12,106.02,0,0,55+,Prepaid_Monthly,5G_Device,4G+,2026-06-20
SUB3173513,0.31,1.56,0.27,0.77,61.83,1,0,18-24,Prepaid_Monthly,Mid_Range,4G,2026-07-01
SUB9910762,0.42,0.73,0.5,0.12,99.14,0,0,35-44,Prepaid_Monthly,Premium_Smartphone,5G,2026-06-16
SUB7913462,0.76,0.15,1.43,0.15,18.0,0,0,35-44,Postpaid_Premium,Mid_Range,3G,2026-06-12
SUB2011930,0.17,0.2,0.08,0.4,26.13,0,0,25-34,Prepaid_Daily,Basic_Phone,5G,2026-06-12
SUB6862044,1.49,1.63,1.02,0.15,89.8,1,0,35-44,Prepaid_Daily,Premium_Smartphone,4G,2026-06-09
SUB9280083,3.39,6.0,0.57,1.07,95.55,0,1,18-24,Postpaid_Premium,Mid_Range,4G+,2026-06-27
SUB2785818,3.52,4.57,1.23,0.05,58.86,0,0,25-34,Postpaid_Premium,Mid_Range,5G,2026-06-20
SUB3951720,3.08,1.68,0.75,0.15,100.81,0,0,25-34,Postpaid_Basic,Premium_Smartphone,4G,2026-06-14
SUB3082963,4.64,3.87,1.07,0.21,94.22,0,0,18-24,Prepaid_Daily,5G_Device,4G,2026-06-08
SUB6962859,2.13,2.26,0.95,0.02,161.79,1,0,35-44,Prepaid_Monthly,5G_Device,5G,2026-06-13
SUB5256146,3.85,1.73,0.53,0.73,82.66,0,0,25-34,Postpaid_Premium,Tablet,4G,2026-06-17
SUB1289134,0.75,3.48,0.64,0.62,67.27,0,0,25-34,Postpaid_Premium,Premium_Smartphone,4G,2026-06-24
SUB8632285,1.89,0.46,1.4,0.44,107.52,0,0,25-34,Prepaid_Daily,Premium_Smartphone,5G,2026-06-09
SUB5324660,2.41,1.19,0.65,1.12,109.68,0,0,45-54,Postpaid_Unlimited,5G_Device,5G,2026-06-09
SUB3866069,2.25,0.64,0.51,0.02,96.44,0,0,45-54,Prepaid_Monthly,Premium_Smartphone,4G,2026-06-21
SUB1737090,3.19,1.98,1.08,0.14,98.16,1,1,35-44,Prepaid_Monthly,Mid_Range,4G,2026-06-24
SUB4835598,2.76,1.25,0.3,0.35,70.56,1,0,25-34,Postpaid_Basic,Mid_Range,5G,2026-06-23
SUB5982042,2.06,3.02,0.12,0.37,164.29,1,0,35-44,Prepaid_Monthly,5G_Device,4G+,2026-06-11
SUB2052425,3.26,4.98,0.67,0.51,49.45,0,0,25-34,Postpaid_Unlimited,Mid_Range,5G,2026-07-01
SUB7303816,1.08,0.31,0.15,0.02,65.1,0,1,18-24,Prepaid_Daily,Mid_Range,4G,2026-06-19
SUB1777567,1.43,2.19,0.38,0.01,83.35,0,0,25-34,Prepaid_Monthly,Mid_Range,5G,2026-06-09
SUB3716207,0.64,2.85,0.0,0.17,71.19,0,0,25-34,Prepaid_Monthly,5G_Device,4G,2026-07-06
SUB7552901,0.32,1.16,0.55,0.41,49.12,1,0,35-44,Postpaid_Basic,Mid_Range,3G,2026-06-17
SUB2749736,0.24,1.98,0.03,0.25,92.63,0,0,55+,Prepaid_Daily,Premium_Smartphone,4G,2026-06-20
SUB7721635,0.28,1.02,0.0,0.01,95.11,0,0,45-54,Prepaid_Daily,Mid_Range,5G,2026-06-10
SUB1051707,0.13,0.33,0.43,0.03,102.13,0,0,18-24,Prepaid_Monthly,Premium_Smartphone,4G+,2026-06-20
SUB9669441,2.1,2.94,0.99,1.2,150.09,0,1,18-24,Postpaid_Basic,Premium_Smartphone,4G+,2026-06-27
SUB7104128,1.31,0.67,0.25,0.19,22.08,0,0,18-24,Postpaid_Premium,Basic_Phone,5G,2026-06-17
SUB2877145,2.0,2.87,0.32,1.26,90.0,1,0,35-44,Postpaid_Premium,Tablet,4G,2026-06-18
SUB7687666,2.6,6.0,0.16,1.08,87.09,1,1,35-44,Postpaid_Basic,5G_Device,4G,2026-06-18
SUB1778799,0.21,0.13,0.24,0.04,52.68,0,1,55+,Prepaid_Monthly,Mid_Range,3G,2026-06-19
SUB8079701,3.97,1.3,0.43,0.32,73.73,0,1,25-34,Postpaid_Unlimited,Mid_Range,4G,2026-06-09
SUB1879459,0.73,0.52,0.56,0.1,58.49,0,0,45-54,Postpaid_Basic,Mid_Range,5G,2026-06-26
SUB9249953,1.57,0.56,0.54,0.53,89.3,0,0,35-44,Prepaid_Monthly,5G_Device,4G,2026-07-05
SUB2822744,0.22,0.41,0.56,0.66,69.3,0,1,45-54,Postpaid_Basic,Mid_Range,5G,2026-06-15
SUB9167707,0.93,2.13,0.15,0.61,43.18,0,0,35-44,Postpaid_Premium,Mid_Range,4G,2026-06-12
SUB4843139,0.62,0.41,0.57,0.28,102.75,0,0,35-44,Prepaid_Monthly,Premium_Smartphone,4G+,2026-06-10
SUB5447395,0.11,0.32,0.1,0.01,34.8,1,0,35-44,Prepaid_Daily,Basic_Phone,4G,2026-07-01
SUB3361216,1.52,0.15,0.02,0.47,42.28,1,0,35-44,Prepaid_Daily,Mid_Range,4G,2026-06-30
SUB8446153,5.16,5.38,0.04,2.57,105.8,1,0,25-34,Postpaid_Premium,Premium_Smartphone,4G,2026-06-18
SUB3567587,0.03,3.42,0.1,0.18,33.58,0,0,18-24,Prepaid_Daily,Mid_Range,4G,2026-06-18
SUB1264237,0.8,3.33,0.04,1.28,86.5,0,0,18-24,Postpaid_Basic,5G_Device,4G,2026-06-12
SUB5469353,0.83,2.66,0.72,0.07,69.42,0,0,25-34,Prepaid_Daily,5G_Device,4G,2026-06-08
SUB5840351,1.18,0.89,0.7,0.55,38.45,0,0,35-44,Prepaid_Monthly,Mid_Range,4G,2026-06-09
SUB3514719,0.39,1.53,1.33,0.04,61.54,0,0,18-24,Prepaid_Monthly,Premium_Smartphone,4G,2026-06-25
SUB2908911,4.78,0.52,1.13,0.34,102.66,1,0,25-34,Prepaid_Daily,Premium_Smartphone,4G+,2026-06-23
SUB5002981,8.0,2.99,0.53,0.12,156.43,1,0,25-34,Prepaid_Daily,Premium_Smartphone,5G,2026-06-23
SUB2419920,0.1,0.52,1.22,0.27,24.3,1,1,35-44,Postpaid_Premium,Basic_Phone,4G,2026-06-12
SUB9360777,0.74,0.71,0.08,0.15,31.82,1,0,25-34,Postpaid_Basic,Basic_Phone,4G+,2026-06-22
SUB3179441,1.26,6.0,0.02,2.36,109.5,0,0,18-24,Postpaid_Premium,5G_Device,4G+,2026-06-07
SUB3737946,0.53,2.88,0.01,0.31,82.93,0,0,18-24,Prepaid_Daily,Mid_Range,5G,2026-06-22
SUB3088062,0.32,0.2,0.35,0.3,42.49,1,0,18-24,Postpaid_Unlimited,Premium_Smartphone,3G,2026-06-07
SUB2834907,1.45,1.9,1.33,1.7,92.39,0,0,45-54,Postpaid_Unlimited,Premium_Smartphone,4G,2026-06-14
SUB9352110,0.07,0.87,0.1,0.01,101.25,0,1,25-34,Prepaid_Daily,Mid_Range,5G,2026-06-12
SUB4861774,0.23,1.45,0.33,0.15,100.38,0,0,35-44,Postpaid_Unlimited,5G_Device,4G,2026-06-23
SUB4633795,0.01,0.8,0.52,0.01,64.53,0,0,35-44,Prepaid_Monthly,5G_Device,3G,2026-06-22
SUB4477084,0.36,0.35,0.07,0.04,28.8,0,0,55+,Postpaid_Premium,Mid_Range,4G,2026-07-02
SUB5327802,1.64,0.18,0.2,0.41,97.84,0,0,25-34,Prepaid_Monthly,5G_Device,4G,2026-06-15
SUB4399752,2.04,0.86,1.31,0.09,34.12,0,1,18-24,Postpaid_Basic,Basic_Phone,4G+,2026-06-10
SUB4800986,2.22,5.21,1.33,0.85,111.71,0,0,18-24,Postpaid_Basic,5G_Device,4G+,2026-06-26
SUB6332889,0.82,3.01,0.6,0.96,85.71,1,0,18-24,Prepaid_Monthly,Premium_Smartphone,4G,2026-07-06
SUB1723858,0.37,0.74,0.24,0.27,51.4,0,0,35-44,Postpaid_Premium,Premium_Smartphone,3G,2026-06-26
SUB1044816,1.19,2.65,0.09,0.08,47.39,0,1,18-24,Postpaid_Basic,Mid_Range,4G,2026-06-19
SUB1004138,0.34,0.22,0.74,0.08,12.96,0,1,18-24,Postpaid_Basic,Mid_Range,3G,2026-06-28
SUB5163960,4.73,4.41,0.02,0.63,73.46,1,0,45-54,Postpaid_Unlimited,5G_Device,4G,2026-06-28
SUB8081905,6.91,4.67,0.71,6.0,200.0,1,1,35-44,Postpaid_Unlimited,Premium_Smartphone,5G,2026-06-10
SUB4864044,1.13,1.52,0.23,0.51,61.24,0,0,18-24,Postpaid_Unlimited,Premium_Smartphone,4G,2026-06-10
SUB7647463,0.09,6.0,2.76,2.18,91.65,1,0,18-24,Postpaid_Unlimited,5G_Device,4G,2026-06-17
SUB8088166,2.28,3.79,0.36,0.69,119.61,1,1,18-24,Prepaid_Monthly,Premium_Smartphone,3G,2026-07-03
SUB1221552,0.12,0.12,0.06,0.01,46.63,0,0,55+,Prepaid_Monthly,Mid_Range,4G,2026-06-29
SUB9432372,0.49,0.16,0.7,0.83,37.66,0,0,45-54,Prepaid_Monthly,5G_Device,3G,2026-06-22
SUB2897951,0.68,3.0,0.76,0.07,72.88,0,0,45-54,Postpaid_Unlimited,5G_Device,4G,2026-06-13
SUB6862835,0.38,0.16,0.2,0.26,43.39,1,0,55+,Prepaid_Daily,Mid_Range,4G,2026-06-19
SUB9705070,2.2,0.35,0.6,0.21,122.68,0,0,25-34,Prepaid_Monthly,Premium_Smartphone,4G+,2026-06-26
SUB3157280,0.57,3.27,0.12,0.98,121.32,0,1,18-24,Prepaid_Daily,Tablet,4G,2026-06-19
SUB1808301,0.72,0.22,0.04,0.02,19.77,0,0,25-34,Prepaid_Monthly,Basic_Phone,4G,2026-07-01
SUB6476420,0.63,0.91,0.01,0.03,26.13,1,0,35-44,Prepaid_Monthly,Basic_Phone,4G+,2026-06-16
SUB7296495,0.29,1.23,1.05,0.27,99.68,0,0,45-54,Postpaid_Basic,Premium_Smartphone,5G,2026-07-01
SUB5346657,0.71,0.9,0.21,0.19,45.34,0,0,25-34,Prepaid_Daily,Mid_Range,4G,2026-06-19
SUB1112935,4.97,2.64,0.35,0.03,62.03,1,0,25-34,Postpaid_Basic,Premium_Smartphone,3G,2026-07-05
SUB9200252,0.85,0.91,0.84,0.62,127.3,0,0,55+,Postpaid_Premium,Premium_Smartphone,5G,2026-06-11
SUB3150205,0.13,0.79,0.02,0.07,17.83,1,0,18-24,Postpaid_Premium,Basic_Phone,5G,2026-06-27
SUB6424441,1.03,1.56,0.02,0.53,59.72,0,0,45-54,Prepaid_Daily,5G_Device,3G,2026-06-18
SUB5280650,0.17,0.7,1.09,0.18,83.78,1,0,18-24,Postpaid_Unlimited,Mid_Range,4G,2026-07-06
SUB5523535,2.2,6.0,0.25,2.5,52.19,1,0,25-34,Postpaid_Premium,Mid_Range,4G,2026-06-13
SUB5752989,0.44,1.01,0.07,0.25,47.34,1,1,18-24,Prepaid_Daily,Mid_Range,3G,2026-07-03
SUB5310518,6.09,6.0,2.8,1.79,144.83,1,0,35-44,Postpaid_Premium,5G_Device,5G,2026-06-18
SUB2730085,0.51,2.43,0.73,0.37,57.15,0,0,35-44,Postpaid_Premium,Mid_Range,4G,2026-06-27
SUB3026110,1.67,0.41,0.12,0.12,42.66,1,0,25-34,Postpaid_Basic,Basic_Phone,4G,2026-06-30
SUB6641379,0.38,0.23,0.32,0.03,59.91,0,0,45-54,Prepaid_Daily,Tablet,4G,2026-07-05
SUB9825150,5.17,1.2,1.18,0.15,75.11,0,0,35-44,Postpaid_Basic,Tablet,4G,2026-06-20
SUB6519948,4.21,2.13,0.23,0.65,30.16,0,0,35-44,Postpaid_Premium,Mid_Range,4G,2026-06-13
SUB7928887,0.28,0.54,0.17,0.09,14.59,0,0,18-24,Prepaid_Monthly,Basic_Phone,4G,2026-06-27
SUB5566701,2.2,2.93,2.59,0.2,168.57,0,1,45-54,Postpaid_Premium,Premium_Smartphone,4G+,2026-06-09
SUB9127333,4.02,2.62,0.45,0.28,78.12,0,0,18-24,Prepaid_Monthly,Premium_Smartphone,5G,2026-06-11
SUB3980672,5.79,4.09,1.28,2.61,61.56,0,1,18-24,Postpaid_Basic,5G_Device,4G,2026-07-06
SUB9236781,0.08,3.51,1.79,0.05,52.13,0,0,18-24,Prepaid_Monthly,Mid_Range,4G,2026-06-15
SUB9815282,1.41,0.46,0.18,0.3,43.81,0,0,25-34,Prepaid_Monthly,Mid_Range,4G,2026-06-21
SUB6202413,8.0,1.24,0.45,0.05,152.37,1,0,45-54,Postpaid_Unlimited,Premium_Smartphone,4G+,2026-07-02
SUB1082409,4.43,2.68,0.22,0.52,167.1,1,0,25-34,Postpaid_Premium,Premium_Smartphone,5G,2026-06-17
SUB8363280,0.42,1.77,0.19,0.72,83.28,1,0,25-34,Prepaid_Monthly,Premium_Smartphone,3G,2026-06-11
SUB7766886,0.05,0.6,0.96,0.04,53.49,0,0,45-54,Prepaid_Monthly,5G_Device,4G,2026-06-10
SUB9212411,0.35,1.49,2.71,2.7,110.76,1,0,35-44,Postpaid_Premium,Premium_Smartphone,5G,2026-06-26
SUB6417755,0.39,1.78,0.02,0.24,62.82,1,0,45-54,Postpaid_Premium,Mid_Range,4G,2026-07-06
SUB6131104,8.0,4.11,1.51,4.07,161.03,1,0,18-24,Postpaid_Premium,Premium_Smartphone,4G+,2026-06-12
SUB4499701,0.7,0.44,0.03,0.72,48.93,0,0,35-44,Postpaid_Basic,Mid_Range,4G+,2026-06-30
SUB2927716,0.34,6.0,1.2,2.59,153.67,0,1,18-24,Postpaid_Unlimited,Premium_Smartphone,5G,2026-06-26
SUB6241684,0.5,0.83,0.17,0.5,64.81,1,0,55+,Postpaid_Premium,Tablet,3G,2026-06-24
SUB6081857,1.1,0.22,0.13,0.16,82.44,0,0,35-44,Prepaid_Daily,Premium_Smartphone,4G,2026-06-10
SUB6759420,0.28,1.01,0.34,0.66,64.87,1,0,35-44,Postpaid_Basic,Mid_Range,4G,2026-07-06
SUB6306490,0.88,6.0,0.38,0.49,121.31,1,1,18-24,Prepaid_Monthly,Mid_Range,5G,2026-06-21
SUB7922981,1.22,2.26,1.64,2.16,100.51,1,1,25-34,Postpaid_Premium,Mid_Range,4G,2026-06-23
SUB8817209,0.05,0.19,0.55,0.46,31.51,0,0,18-24,Prepaid_Daily,Mid_Range,4G,2026-06-21
SUB5893091,3.92,1.03,0.86,0.19,37.29,0,0,25-34,Prepaid_Monthly,Premium_Smartphone,3G,2026-06-23
SUB4800315,2.68,1.82,0.47,0.07,72.44,0,0,25-34,Prepaid_Monthly,Premium_Smartphone,4G,2026-07-06
SUB7469723,0.78,1.19,0.01,0.31,101.56,0,0,35-44,Prepaid_Daily,Premium_Smartphone,4G+,2026-06-30
SUB7102545,0.78,1.88,0.36,0.89,68.68,1,0,18-24,Prepaid_Monthly,Mid_Range,4G+,2026-06-29
SUB3252641,1.29,2.84,0.43,0.83,107.93,0,1,45-54,Postpaid_Premium,Mid_Range,5G,2026-07-06
SUB1344126,0.35,0.26,0.01,0.34,46.27,1,0,18-24,Prepaid_Monthly,Basic_Phone,4G+,2026-06-08
SUB6107385,2.53,6.0,0.73,1.01,86.59,1,1,18-24,Postpaid_Basic,Mid_Range,4G,2026-06-24
SUB9074444,0.8,5.93,0.41,0.84,118.44,0,0,45-54,Postpaid_Basic,5G_Device,5G,2026-07-03
SUB2137411,0.97,3.26,0.06,0.06,69.7,0,1,35-44,Postpaid_Basic,5G_Device,4G,2026-06-15
SUB2670357,1.56,1.02,0.9,0.0,92.21,1,0,25-34,Postpaid_Basic,Tablet,4G,2026-06-16
SUB6939334,2.37,0.13,1.76,0.88,83.73,1,0,18-24,Prepaid_Daily,Premium_Smartphone,4G,2026-07-03
SUB7393404,1.53,0.47,0.52,0.05,133.56,0,0,35-44,Prepaid_Monthly,Premium_Smartphone,4G+,2026-06-24
SUB4330922,2.19,4.16,0.64,0.86,69.63,1,0,25-34,Postpaid_Premium,Mid_Range,4G,2026-06-18
SUB5155479,1.21,0.68,0.53,0.06,20.5,0,0,25-34,Postpaid_Basic,Basic_Phone,5G,2026-06-20
SUB6709635,7.43,2.68,0.44,0.35,142.68,0,0,35-44,Postpaid_Premium,Premium_Smartphone,5G,2026-06-12
SUB9686594,8.0,0.57,0.12,0.48,57.87,0,1,25-34,Postpaid_Basic,Premium_Smartphone,3G,2026-06-17
SUB2315823,8.0,1.1,0.38,0.57,54.28,0,0,18-24,Prepaid_Daily,5G_Device,3G,2026-07-05
SUB4433372,0.64,0.19,0.04,0.06,69.79,1,0,55+,Postpaid_Premium,Mid_Range,5G,2026-06-19
SUB1770692,0.43,0.85,0.23,0.06,121.66,1,0,45-54,Prepaid_Daily,Tablet,4G,2026-06-30
SUB6867504,5.14,4.95,2.51,2.03,100.3,1,1,18-24,Postpaid_Unlimited,Mid_Range,5G,2026-06-26
SUB9817353,0.96,0.26,0.01,0.07,52.14,0,0,25-34,Prepaid_Monthly,Mid_Range,4G,2026-06-29
SUB5832091,0.96,6.0,1.0,0.63,103.72,0,0,18-24,Postpaid_Basic,5G_Device,4G+,2026-07-03
SUB1673812,0.91,1.78,0.17,0.02,70.6,0,1,45-54,Prepaid_Daily,Mid_Range,5G,2026-06-27
SUB3932977,3.19,2.93,1.17,2.38,77.41,0,1,35-44,Postpaid_Unlimited,5G_Device,4G,2026-06-30
SUB8797698,0.32,2.22,0.05,0.07,9.11,0,0,18-24,Postpaid_Unlimited,Basic_Phone,4G,2026-06-28
SUB7982252,0.65,0.93,0.24,0.16,78.3,0,0,18-24,Prepaid_Daily,Premium_Smartphone,4G,2026-06-14
SUB7616659,0.29,0.16,0.29,0.06,6.44,0,0,18-24,Prepaid_Monthly,Basic_Phone,3G,2026-06-30
SUB4817042,0.67,0.28,0.47,0.27,88.46,1,0,25-34,Prepaid_Daily,Mid_Range,5G,2026-06-10
SUB5539170,1.84,3.19,0.42,2.03,61.82,0,0,35-44,Postpaid_Premium,Premium_Smartphone,4G,2026-06-13
SUB5969411,0.53,0.98,0.46,0.76,55.56,0,0,18-24,Prepaid_Monthly,Mid_Range,4G+,2026-06-27
SUB1536644,1.77,0.91,2.81,1.06,68.78,1,1,18-24,Postpaid_Basic,Mid_Range,4G+,2026-06-09
SUB1652416,1.54,3.93,0.44,1.01,124.93,0,0,25-34,Prepaid_Daily,5G_Device,5G,2026-06-16
SUB6210307,0.07,0.66,0.08,0.25,74.38,0,0,18-24,Postpaid_Premium,5G_Device,4G,2026-06-28
SUB9161562,0.82,0.93,0.22,0.57,46.49,0,0,25-34,Postpaid_Basic,Mid_Range,3G,2026-06-22
SUB2707542,4.83,1.67,0.77,0.01,62.74,0,1,35-44,Postpaid_Premium,Mid_Range,5G,2026-07-02
SUB5191896,2.85,0.6,0.79,0.54,73.72,0,0,35-44,Postpaid_Premium,Premium_Smartphone,4G+,2026-06-21
SUB7086932,0.7,0.97,0.02,0.06,70.28,1,0,55+,Prepaid_Daily,5G_Device,4G,2026-06-10
SUB2474620,0.16,0.35,0.44,0.02,83.96,0,0,55+,Postpaid_Basic,Tablet,4G,2026-06-09
SUB2849395,2.43,1.77,0.12,0.05,57.27,0,0,35-44,Postpaid_Basic,Mid_Range,4G,2026-06-28
SUB7623063,0.66,1.89,2.03,0.07,137.04,0,0,35-44,Postpaid_Basic,Premium_Smartphone,5G,2026-07-05
SUB1989336,0.34,0.35,0.04,0.2,109.27,0,1,55+,Prepaid_Daily,Mid_Range,5G,2026-07-04
SUB6224237,1.23,1.98,0.43,0.65,34.37,0,0,18-24,Postpaid_Premium,Mid_Range,3G,2026-06-14
SUB4138102,0.85,2.8,0.01,0.24,29.42,0,0,18-24,Postpaid_Unlimited,Basic_Phone,5G,2026-06-07
SUB6160324,1.84,1.74,0.43,0.54,50.44,1,1,18-24,Postpaid_Unlimited,Mid_Range,3G,2026-06-12
SUB8421289,4.5,4.0,1.03,0.51,167.5,0,1,35-44,Postpaid_Premium,Premium_Smartphone,5G,2026-06-11
SUB9450361,0.47,0.13,0.06,0.15,88.79,1,0,45-54,Prepaid_Monthly,Mid_Range,5G,2026-06-25
SUB6647183,0.73,0.63,0.68,1.12,103.31,0,0,25-34,Prepaid_Monthly,5G_Device,5G,2026-07-03
SUB6666912,0.13,4.29,0.44,1.32,144.34,0,1,25-34,Prepaid_Daily,Premium_Smartphone,5G,2026-06-13
SUB5318420,0.37,0.27,0.46,0.04,38.54,1,0,25-34,Prepaid_Monthly,Basic_Phone,4G,2026-06-08
SUB6217084,3.83,3.34,1.44,2.55,88.22,0,1,18-24,Prepaid_Daily,5G_Device,5G,2026-06-25
SUB4205228,1.89,2.01,0.08,0.02,123.22,0,1,25-34,Prepaid_Monthly,Tablet,4G+,2026-07-02
SUB6299238,1.44,1.19,0.55,0.0,94.36,0,0,18-24,Postpaid_Unlimited,Premium_Smartphone,5G,2026-06-12
SUB9882600,1.47,2.06,0.97,0.86,50.73,0,0,18-24,Postpaid_Unlimited,Mid_Range,4G,2026-07-06
SUB7514948,2.74,3.45,0.46,0.59,56.33,0,1,45-54,Postpaid_Unlimited,Mid_Range,4G,2026-06-20
SUB5980137,0.15,0.16,0.0,0.03,31.96,0,0,45-54,Prepaid_Daily,Basic_Phone,4G,2026-06-15
SUB7717526,0.58,5.27,0.19,0.02,38.87,0,0,45-54,Postpaid_Unlimited,Premium_Smartphone,3G,2026-06-21
SUB9464848,0.13,0.27,0.12,0.05,6.46,0,0,35-44,Prepaid_Daily,Basic_Phone,3G,2026-06-17
SUB5429899,1.75,2.03,0.13,0.31,105.97,1,0,45-54,Postpaid_Basic,Premium_Smartphone,4G,2026-07-03
SUB4891151,0.53,0.66,0.04,0.28,70.81,0,0,35-44,Postpaid_Basic,Mid_Range,4G+,2026-06-22
SUB2948061,1.57,1.77,1.47,1.17,156.17,1,0,35-44,Postpaid_Basic,Premium_Smartphone,5G,2026-06-10
SUB8347000,0.27,2.58,3.25,1.66,64.1,1,0,35-44,Postpaid_Unlimited,Mid_Range,4G,2026-06-27
SUB7581118,0.13,0.55,0.2,0.37,32.86,0,0,25-34,Prepaid_Monthly,Mid_Range,3G,2026-06-08
SUB6032661,0.2,3.46,0.96,1.2,66.09,0,0,25-34,Postpaid_Basic,Mid_Range,4G+,2026-06-07
SUB1898332,0.25,0.75,0.25,0.51,84.86,0,0,35-44,Prepaid_Daily,Premium_Smartphone,4G,2026-07-04
SUB8603876,8.0,3.76,1.24,0.8,135.32,0,1,25-34,Postpaid_Unlimited,5G_Device,4G+,2026-06-29
SUB5025942,2.83,6.0,2.64,0.14,111.07,0,0,25-34,Prepaid_Monthly,Premium_Smartphone,5G,2026-06-14
SUB9551795,0.77,1.27,0.24,0.25,38.3,0,0,25-34,Postpaid_Premium,Mid_Range,3G,2026-06-12
SUB5703855,2.73,3.29,0.52,1.21,123.68,0,1,25-34,Postpaid_Premium,5G_Device,4G+,2026-06-07
SUB2562518,4.34,1.68,0.26,0.29,91.68,0,1,55+,Postpaid_Premium,5G_Device,4G,2026-06-14
SUB6248400,0.11,1.46,0.02,0.1,27.28,0,0,25-34,Postpaid_Basic,Basic_Phone,4G,2026-06-24
SUB9556135,0.27,0.8,0.17,0.1,54.83,0,0,25-34,Prepaid_Monthly,Mid_Range,5G,2026-06-15
SUB3744804,0.29,1.1,0.32,0.01,19.53,1,1,18-24,Postpaid_Basic,Basic_Phone,5G,2026-07-05
SUB9299141,8.0,2.54,0.03,0.05,70.46,0,0,45-54,Postpaid_Unlimited,Mid_Range,5G,2026-06-30
SUB2587819,2.74,1.74,0.15,0.46,59.26,1,0,35-44,Postpaid_Premium,Mid_Range,5G,2026-06-10
SUB6182101,4.83,0.25,1.0,0.15,168.53,0,1,35-44,Prepaid_Daily,Premium_Smartphone,5G,2026-07-05
SUB7541600,0.4,0.57,0.41,0.03,190.51,1,0,45-54,Prepaid_Daily,5G_Device,5G,2026-06-26
SUB7356381,0.74,0.22,0.36,0.66,37.49,0,1,25-34,Postpaid_Basic,Basic_Phone,4G+,2026-06-11
SUB1594557,0.61,0.75,0.96,0.08,103.36,1,0,18-24,Postpaid_Premium,Mid_Range,5G,2026-07-02
SUB8239914,1.2,1.07,0.11,0.25,29.41,0,0,18-24,Prepaid_Monthly,Mid_Range,3G,2026-06-08
SUB9354207,1.11,6.0,0.41,1.51,159.7,1,1,35-44,Postpaid_Premium,5G_Device,5G,2026-06-08
SUB1990121,0.6,1.25,0.49,1.75,53.34,0,1,35-44,Postpaid_Unlimited,Mid_Range,4G,2026-06-30
SUB2725049,0.07,3.44,0.1,0.21,31.4,0,0,18-24,Postpaid_Basic,Mid_Range,3G,2026-07-01
SUB8845870,0.58,2.59,0.11,0.15,65.93,0,0,18-24,Prepaid_Monthly,Mid_Range,4G,2026-06-08
SUB1483442,5.27,2.08,0.07,0.32,93.72,1,0,18-24,Postpaid_Unlimited,Premium_Smartphone,4G,2026-06-15
SUB6272225,0.56,0.98,0.51,0.83,34.93,0,1,35-44,Postpaid_Basic,Mid_Range,3G,2026-07-02
SUB5109545,0.82,1.66,0.08,1.15,68.34,0,0,18-24,Prepaid_Monthly,5G_Device,4G,2026-06-09
SUB7622766,2.93,1.79,0.6,0.64,52.18,0,0,18-24,Prepaid_Monthly,Mid_Range,4G,2026-07-06
SUB2751797,0.08,0.61,0.31,0.78,47.0,0,0,25-34,Prepaid_Monthly,Mid_Range,4G,2026-06-25
SUB9486014,2.71,1.05,0.89,1.58,42.82,1,0,35-44,Postpaid_Premium,Mid_Range,4G,2026-06-23
SUB4452814,2.51,1.73,0.09,0.82,103.4,1,0,35-44,Prepaid_Monthly,5G_Device,5G,2026-06-23
SUB7870679,0.79,0.17,2.5,0.01,88.2,1,1,25-34,Prepaid_Monthly,Mid_Range,4G+,2026-07-04
SUB9038762,2.73,4.03,4.0,0.32,104.05,0,1,35-44,Postpaid_Premium,5G_Device,4G,2026-06-10
SUB3891912,2.58,6.0,0.11,0.04,70.81,1,0,25-34,Prepaid_Monthly,Mid_Range,4G+,2026-06-26
SUB8355566,1.15,0.51,0.05,0.11,39.87,1,0,55+,Prepaid_Monthly,Mid_Range,4G,2026-07-02
SUB2609184,0.46,3.63,0.69,2.22,57.49,0,0,18-24,Postpaid_Premium,5G_Device,4G,2026-06-24
SUB8913490,0.43,0.25,0.7,0.87,86.22,0,0,35-44,Postpaid_Unlimited,Mid_Range,5G,2026-06-10
SUB5798793,0.41,1.41,0.02,0.44,51.65,0,0,25-34,Prepaid_Monthly,Mid_Range,4G+,2026-06-27
SUB8337895,0.24,0.32,0.11,0.26,48.68,1,0,18-24,Prepaid_Daily,Basic_Phone,5G,2026-06-28
SUB3328476,1.69,0.58,0.37,0.25,35.95,0,1,35-44,Postpaid_Premium,Mid_Range,4G,2026-06-12
SUB1484273,1.75,1.7,0.05,0.02,38.48,0,0,25-34,Postpaid_Basic,Mid_Range,3G,2026-07-05
SUB8738866,1.11,6.0,0.15,0.26,33.66,0,0,25-34,Prepaid_Monthly,Mid_Range,4G,2026-06-08
SUB6113728,3.0,1.89,0.59,0.02,57.14,0,1,25-34,Prepaid_Daily,Mid_Range,4G,2026-06-10
SUB6386159,1.0,1.91,0.27,0.87,67.95,0,0,18-24,Prepaid_Daily,Premium_Smartphone,4G,2026-06-23
SUB6646895,0.64,0.45,1.2,4.3,61.95,0,1,25-34,Postpaid_Premium,Premium_Smartphone,4G,2026-06-28
SUB1726448,1.69,0.92,1.11,1.03,57.71,1,0,25-34,Postpaid_Basic,Mid_Range,4G,2026-06-11
SUB1070463,3.15,2.66,0.42,0.62,66.12,0,0,35-44,Postpaid_Unlimited,Premium_Smartphone,4G,2026-06-16
SUB6450652,0.1,0.42,0.37,0.12,48.4,0,1,45-54,Postpaid_Basic,Mid_Range,4G,2026-06-16
SUB7852902,0.51,2.61,0.44,0.92,87.81,1,1,18-24,Postpaid_Basic,Premium_Smartphone,3G,2026-06-20
SUB3866457,4.76,1.97,0.63,0.15,66.24,0,0,35-44,Postpaid_Unlimited,Premium_Smartphone,4G,2026-07-06
SUB3430992,0.61,1.27,0.32,0.34,124.88,0,0,45-54,Prepaid_Daily,Premium_Smartphone,4G+,2026-06-26
SUB5314380,6.47,0.86,4.0,0.77,152.74,0,1,18-24,Postpaid_Basic,Premium_Smartphone,5G,2026-06-07
SUB6301572,1.62,0.63,0.23,0.66,63.47,0,1,25-34,Prepaid_Daily,Mid_Range,4G,2026-06-19
SUB5911408,0.26,0.49,0.03,0.02,29.64,0,0,45-54,Prepaid_Monthly,Mid_Range,3G,2026-06-29
SUB6116934,3.08,2.29,0.61,0.0,105.71,1,0,35-44,Prepaid_Daily,Premium_Smartphone,4G,2026-06-15
SUB6595956,0.17,0.78,0.13,0.49,55.28,0,1,18-24,Prepaid_Daily,Mid_Range,4G,2026-06-21
SUB9425021,4.09,2.52,0.37,0.01,53.14,0,0,25-34,Postpaid_Unlimited,Mid_Range,4G,2026-06-07
SUB8903402,2.17,1.15,0.31,0.5,35.26,0,1,25-34,Postpaid_Basic,Mid_Range,3G,2026-06-07
SUB6890298,0.63,0.55,0.12,0.06,69.74,1,0,55+,Postpaid_Unlimited,Mid_Range,3G,2026-06-11
SUB7866684,2.45,2.12,1.28,2.17,66.59,1,0,18-24,Prepaid_Monthly,Premium_Smartphone,4G,2026-06-07
SUB9027522,0.28,0.07,0.02,0.01,32.67,1,1,55+,Postpaid_Basic,Basic_Phone,3G,2026-06-11
SUB9953038,1.74,0.37,0.48,0.15,32.35,1,1,25-34,Prepaid_Daily,Basic_Phone,4G+,2026-07-01
SUB5860319,1.23,0.87,0.04,0.27,45.19,1,0,18-24,Postpaid_Basic,5G_Device,3G,2026-06-08
SUB4641141,1.05,0.72,0.76,0.27,55.78,0,0,25-34,Postpaid_Basic,Mid_Range,4G+,2026-06-09
SUB4381915,2.98,3.19,0.17,2.04,72.76,0,1,35-44,Prepaid_Daily,Mid_Range,5G,2026-07-04
SUB9430664,3.61,5.75,2.05,0.25,74.81,1,0,18-24,Postpaid_Premium,5G_Device,4G,2026-06-10
SUB3148983,0.2,0.18,0.13,0.05,19.94,0,0,25-34,Prepaid_Monthly,Basic_Phone,4G,2026-06-19
SUB1773952,0.01,1.31,0.22,0.43,128.69,1,0,45-54,Postpaid_Basic,5G_Device,4G,2026-06-23
SUB1908380,0.2,0.01,0.06,0.03,25.19,0,0,55+,Postpaid_Basic,Basic_Phone,4G,2026-06-29
SUB5620792,3.38,0.39,0.89,6.0,47.23,0,1,25-34,Postpaid_Unlimited,Mid_Range,4G,2026-06-21
SUB2337768,0.38,0.61,0.01,0.01,36.43,1,1,18-24,Prepaid_Daily,Basic_Phone,3G,2026-06-11
SUB4090930,1.26,0.29,0.63,0.02,113.89,1,0,45-54,Postpaid_Basic,Premium_Smartphone,4G,2026-06-21
SUB7859698,2.51,1.14,0.25,0.04,34.14,0,0,35-44,Postpaid_Basic,5G_Device,3G,2026-06-23
SUB2514101,0.16,0.9,0.39,0.21,65.81,0,1,18-24,Prepaid_Daily,5G_Device,4G,2026-06-23
SUB2406150,2.23,0.6,0.71,0.02,160.09,0,1,55+,Postpaid_Basic,Premium_Smartphone,4G+,2026-07-03
SUB9913613,0.16,2.25,0.12,0.05,70.96,1,0,18-24,Prepaid_Monthly,Mid_Range,4G+,2026-06-09
SUB2229458,0.29,2.77,0.29,0.45,87.16,0,0,35-44,Prepaid_Daily,5G_Device,5G,2026-06-18
SUB7296450,2.78,0.67,0.69,1.38,105.03,1,0,25-34,Prepaid_Daily,5G_Device,4G,2026-07-03
SUB8082122,0.87,2.4,0.12,0.38,50.22,1,0,35-44,Postpaid_Premium,Mid_Range,3G,2026-06-12
SUB7360756,0.1,0.52,0.4,0.17,52.68,0,0,18-24,Prepaid_Daily,5G_Device,3G,2026-06-24
SUB5755997,2.99,0.83,0.79,0.19,88.04,0,1,35-44,Postpaid_Basic,5G_Device,4G+,2026-06-22
SUB2493551,0.63,0.45,0.02,0.53,188.96,1,1,55+,Prepaid_Daily,Premium_Smartphone,5G,2026-06-19
SUB4973313,1.07,0.14,1.0,0.07,59.75,0,0,25-34,Prepaid_Daily,Mid_Range,4G,2026-06-08
SUB3436831,3.53,5.7,0.86,0.32,171.68,0,1,25-34,Prepaid_Monthly,Tablet,5G,2026-06-15
SUB9743662,1.54,0.47,0.09,1.85,27.76,0,0,18-24,Postpaid_Basic,Basic_Phone,4G+,2026-06-27
SUB4839847,5.49,4.36,0.66,0.43,125.89,1,0,45-54,Prepaid_Monthly,Premium_Smartphone,5G,2026-06-30
SUB2166670,0.09,0.65,0.09,0.43,86.08,1,1,55+,Prepaid_Daily,Mid_Range,4G+,2026-06-14
SUB1680667,1.43,1.04,0.31,0.07,76.14,0,1,45-54,Postpaid_Premium,5G_Device,4G,2026-06-11
SUB6319728,0.89,1.02,0.29,1.86,63.58,1,1,25-34,Postpaid_Basic,Mid_Range,4G,2026-06-16
SUB6410897,0.12,0.28,0.07,0.18,55.92,0,0,55+,Prepaid_Daily,Premium_Smartphone,4G,2026-06-15
SUB3014017,1.15,1.23,0.48,1.02,80.48,0,1,18-24,Postpaid_Basic,Mid_Range,5G,2026-06-25
SUB8084364,1.17,0.89,0.1,0.24,107.08,0,0,25-34,Prepaid_Daily,Premium_Smartphone,4G+,2026-06-13
SUB5022261,5.44,5.24,0.98,0.4,190.27,1,1,25-34,Postpaid_Basic,5G_Device,5G,2026-07-02
SUB5637203,0.19,0.29,0.45,0.29,44.71,0,0,25-34,Prepaid_Monthly,5G_Device,3G,2026-06-18
SUB5675519,0.13,0.25,0.03,0.07,29.22,0,0,45-54,Prepaid_Daily,Basic_Phone,4G,2026-06-19
SUB5894940,2.1,1.32,0.58,0.18,83.22,0,0,35-44,Prepaid_Daily,Mid_Range,5G,2026-06-15
SUB2999482,1.54,0.15,0.59,0.99,41.22,0,0,18-24,Prepaid_Monthly,Mid_Range,4G,2026-06-07
SUB4649244,2.21,1.65,0.21,0.2,48.8,0,0,25-34,Postpaid_Premium,Premium_Smartphone,4G,2026-06-10
SUB5614466,4.26,0.77,0.55,1.81,109.33,0,1,25-34,Prepaid_Daily,5G_Device,5G,2026-06-12
SUB6846866,3.25,0.73,0.49,0.05,88.3,1,0,35-44,Prepaid_Daily,Premium_Smartphone,4G,2026-07-04
SUB7182719,1.25,4.07,1.45,0.03,74.12,1,1,25-34,Postpaid_Basic,Mid_Range,5G,2026-06-16
SUB1350067,1.12,1.0,0.22,1.15,58.46,0,0,18-24,Postpaid_Basic,Mid_Range,4G,2026-06-18
SUB3059385,0.69,3.43,0.02,1.56,90.08,0,0,35-44,Prepaid_Daily,Premium_Smartphone,4G,2026-06-19
SUB8449194,0.2,0.25,0.51,0.67,48.56,0,1,45-54,Prepaid_Monthly,Mid_Range,4G,2026-06-28
SUB3367322,1.04,0.35,0.01,0.08,81.05,0,0,55+,Prepaid_Monthly,Mid_Range,5G,2026-06-30
SUB2375645,0.27,0.47,0.12,0.06,65.94,0,0,55+,Prepaid_Daily,Mid_Range,5G,2026-06-25
SUB7562877,0.44,0.17,0.02,0.12,53.74,1,0,45-54,Prepaid_Monthly,Mid_Range,3G,2026-06-29
SUB7043995,2.06,1.04,0.55,2.1,45.37,0,1,18-24,Prepaid_Daily,Mid_Range,4G,2026-06-16
SUB7964705,3.73,0.22,0.43,0.3,84.81,0,0,45-54,Postpaid_Premium,5G_Device,4G,2026-06-17
SUB7632142,8.0,6.0,2.78,0.26,98.3,1,0,25-34,Postpaid_Unlimited,Mid_Range,5G,2026-06-21
SUB8656495,1.88,1.1,0.05,0.09,75.35,0,0,35-44,Postpaid_Basic,5G_Device,4G,2026-06-29
SUB1245144,3.12,1.0,0.74,0.18,100.14,0,0,25-34,Prepaid_Monthly,Premium_Smartphone,4G,2026-06-20
SUB4822727,0.82,0.54,0.35,0.31,80.87,0,1,45-54,Postpaid_Premium,Premium_Smartphone,3G,2026-06-19
SUB2244360,0.69,1.67,0.46,1.6,111.51,0,1,25-34,Postpaid_Basic,Mid_Range,5G,2026-07-03
SUB8225593,0.28,1.76,0.83,0.17,41.58,0,0,18-24,Postpaid_Premium,Mid_Range,3G,2026-06-25
SUB5970809,1.37,0.58,0.53,0.41,61.23,1,0,35-44,Postpaid_Basic,Mid_Range,3G,2026-06-20
SUB4049316,1.73,1.69,0.56,0.45,77.79,0,1,18-24,Postpaid_Basic,Premium_Smartphone,3G,2026-06-07
SUB7622575,4.89,0.53,0.07,0.42,99.06,0,1,55+,Prepaid_Monthly,Premium_Smartphone,4G,2026-07-04
SUB8503276,2.09,1.01,0.27,1.26,71.45,0,1,25-34,Prepaid_Monthly,5G_Device,4G,2026-06-23
SUB8267807,1.38,0.38,0.07,0.23,55.2,0,0,35-44,Prepaid_Monthly,Mid_Range,4G,2026-06-09
SUB3960883,2.13,0.32,0.02,0.0,60.09,0,1,55+,Prepaid_Daily,Premium_Smartphone,4G,2026-06-08
SUB1906450,4.51,0.82,0.27,0.14,66.17,0,0,35-44,Prepaid_Monthly,Premium_Smartphone,4G+,2026-06-08
SUB1282140,0.68,1.71,0.6,1.68,89.56,0,0,25-34,Postpaid_Basic,Mid_Range,5G,2026-07-03
SUB9213062,5.37,0.9,0.81,0.0,42.41,0,0,25-34,Postpaid_Basic,Mid_Range,4G,2026-06-22
SUB1558981,1.56,4.62,0.19,0.61,89.42,0,0,25-34,Postpaid_Unlimited,5G_Device,4G,2026-06-23
SUB9497552,1.29,0.21,0.23,0.14,53.17,0,0,45-54,Prepaid_Monthly,Mid_Range,5G,2026-06-25
SUB2797519,2.14,0.85,0.57,0.34,127.27,1,0,45-54,Prepaid_Daily,5G_Device,4G,2026-06-22
SUB4877590,3.94,0.64,0.23,0.02,85.94,0,1,55+,Postpaid_Unlimited,Mid_Range,4G+,2026-06-12
SUB8683647,0.58,6.0,0.19,1.36,82.56,0,1,18-24,Postpaid_Unlimited,Mid_Range,4G+,2026-06-12
SUB4715929,2.17,3.17,1.84,0.22,86.26,0,0,25-34,Postpaid_Basic,Premium_Smartphone,4G,2026-06-18
SUB5391401,0.86,0.41,0.33,0.01,55.87,1,0,18-24,Prepaid_Daily,Mid_Range,3G,2026-06-21
SUB3928100,0.82,1.28,0.34,0.03,28.99,0,0,45-54,Postpaid_Basic,5G_Device,3G,2026-06-20
SUB2953341,8.0,2.5,1.14,0.27,200.0,1,1,18-24,Prepaid_Daily,5G_Device,5G,2026-06-07
SUB1973737,1.12,0.88,0.78,1.09,139.33,0,0,18-24,Postpaid_Unlimited,Premium_Smartphone,5G,2026-06-27
SUB6433001,3.39,1.95,0.77,0.5,56.56,1,0,35-44,Postpaid_Premium,Tablet,4G,2026-06-22
SUB4902908,0.94,0.2,0.08,0.06,48.81,1,0,25-34,Prepaid_Monthly,Basic_Phone,5G,2026-06-23
SUB7671628,1.31,0.56,0.33,0.04,36.53,0,0,35-44,Postpaid_Unlimited,Mid_Range,4G,2026-06-15
SUB8903498,8.0,0.17,3.75,0.23,94.5,0,1,25-34,Postpaid_Basic,5G_Device,4G,2026-06-27
SUB7062133,0.32,0.73,3.64,0.96,54.28,0,0,25-34,Postpaid_Unlimited,Mid_Range,4G,2026-07-06
SUB6698618,2.31,0.33,0.88,0.09,31.84,1,0,25-34,Postpaid_Unlimited,Basic_Phone,4G,2026-07-01
SUB8640888,0.1,0.14,0.27,0.45,40.74,0,1,45-54,Prepaid_Daily,Mid_Range,3G,2026-07-02
SUB1295866,2.15,0.52,0.65,0.13,82.9,0,0,25-34,Prepaid_Daily,Mid_Range,5G,2026-06-28
SUB7236893,0.44,2.07,0.33,0.02,79.04,0,0,25-34,Postpaid_Basic,Premium_Smartphone,4G,2026-07-06
SUB7822603,1.01,4.47,1.02,0.06,61.67,0,0,25-34,Postpaid_Unlimited,Mid_Range,5G,2026-06-09
SUB8250569,3.61,1.66,0.1,2.9,68.13,1,0,18-24,Postpaid_Unlimited,Mid_Range,4G+,2026-06-28
SUB2805518,0.59,0.13,0.0,0.3,17.95,0,0,45-54,Postpaid_Basic,Basic_Phone,4G,2026-07-06
SUB4623425,1.52,0.41,0.4,0.05,121.92,0,1,18-24,Prepaid_Daily,Premium_Smartphone,4G,2026-06-17
SUB4599537,0.38,1.0,0.69,0.33,70.44,1,1,55+,Prepaid_Daily,5G_Device,4G,2026-06-14
SUB7521689,3.36,0.96,2.01,0.66,123.53,1,0,25-34,Postpaid_Premium,Premium_Smartphone,4G,2026-06-23
SUB7689558,0.73,0.67,0.28,0.05,43.15,0,0,45-54,Postpaid_Basic,Mid_Range,4G+,2026-06-09
SUB7298941,1.36,1.52,0.17,0.05,55.11,0,0,45-54,Postpaid_Basic,Mid_Range,5G,2026-07-04
SUB7010224,0.28,1.68,0.09,0.07,61.01,0,0,35-44,Postpaid_Basic,Mid_Range,4G,2026-07-06
SUB5091685,0.48,0.15,0.08,0.06,13.81,0,0,35-44,Postpaid_Premium,Basic_Phone,4G,2026-06-13
SUB9595960,1.79,4.79,0.44,0.86,144.73,0,0,25-34,Postpaid_Unlimited,Premium_Smartphone,5G,2026-06-10
SUB1184514,0.18,0.27,0.0,0.09,18.1,0,0,35-44,Prepaid_Monthly,Basic_Phone,4G,2026-06-16
SUB7736549,0.2,2.37,0.17,0.0,98.06,1,1,25-34,Prepaid_Monthly,Mid_Range,4G,2026-06-16
SUB2258624,1.21,4.97,3.22,0.05,79.5,0,1,25-34,Postpaid_Premium,Premium_Smartphone,4G,2026-06-08
SUB6929949,3.24,1.03,1.66,0.11,93.44,0,0,45-54,Postpaid_Unlimited,Premium_Smartphone,4G,2026-07-06
SUB8296991,2.12,0.66,0.37,0.03,94.33,0,0,18-24,Prepaid_Monthly,Premium_Smartphone,4G,2026-07-02
SUB5783725,0.09,1.31,0.18,0.06,95.86,0,1,45-54,Prepaid_Monthly,Premium_Smartphone,5G,2026-06-30
SUB7671203,0.54,0.51,0.12,0.1,28.21,1,0,25-34,Prepaid_Monthly,Basic_Phone,4G,2026-06-15
SUB3750025,2.68,0.68,0.3,0.05,22.75,0,0,25-34,Prepaid_Monthly,Mid_Range,3G,2026-06-17
SUB8785446,0.08,0.35,0.27,0.01,60.26,0,0,55+,Prepaid_Daily,Premium_Smartphone,4G,2026-06-24
SUB6735630,1.27,1.01,0.57,0.37,60.87,1,0,35-44,Postpaid_Basic,Mid_Range,4G,2026-07-04
SUB3926979,0.1,0.21,0.23,0.13,15.43,1,0,35-44,Prepaid_Monthly,Basic_Phone,3G,2026-06-22
SUB3514399,2.0,0.32,0.4,0.01,87.32,0,0,35-44,Postpaid_Basic,5G_Device,4G,2026-06-18
SUB1955205,1.03,0.32,0.23,0.0,96.53,0,1,55+,Prepaid_Daily,Premium_Smartphone,3G,2026-06-15
SUB7666199,1.43,0.56,1.78,0.1,63.99,0,0,18-24,Prepaid_Daily,Mid_Range,5G,2026-06-26
SUB1966649,0.05,0.25,0.06,0.01,23.43,1,0,35-44,Postpaid_Basic,Basic_Phone,4G+,2026-07-02
SUB8493971,1.34,2.7,0.39,1.07,79.86,0,0,25-34,Postpaid_Basic,Premium_Smartphone,4G+,2026-06-16
SUB5980939,0.75,0.58,0.04,0.86,67.04,0,0,18-24,Prepaid_Monthly,Mid_Range,5G,2026-06-11
SUB8576126,2.07,0.95,2.74,0.04,57.3,0,0,18-24,Postpaid_Premium,Mid_Range,5G,2026-07-06
SUB6061500,0.48,0.81,0.12,0.62,174.19,1,0,25-34,Prepaid_Daily,Premium_Smartphone,5G,2026-06-20
SUB2200532,2.33,2.76,0.65,1.12,56.03,1,0,35-44,Prepaid_Monthly,Mid_Range,4G+,2026-06-07
SUB8496287,0.25,0.88,0.1,0.71,106.39,1,0,45-54,Postpaid_Basic,Mid_Range,5G,2026-07-01
SUB6193378,0.32,0.2,0.84,1.31,96.35,0,0,45-54,Postpaid_Unlimited,Premium_Smartphone,4G,2026-06-28
SUB1464462,6.31,1.73,0.66,1.38,153.8,0,1,35-44,Prepaid_Monthly,5G_Device,5G,2026-07-05
SUB5868923,8.0,1.8,0.0,0.43,101.14,1,0,18-24,Prepaid_Monthly,5G_Device,4G,2026-07-04
SUB8930221,3.74,0.92,1.32,0.08,149.58,0,1,25-34,Postpaid_Basic,5G_Device,5G,2026-07-02
SUB7010554,1.93,1.21,2.12,0.41,104.06,1,0,25-34,Prepaid_Monthly,Mid_Range,5G,2026-06-28
SUB5603623,7.9,6.0,0.92,0.57,128.78,0,1,35-44,Postpaid_Premium,5G_Device,5G,2026-06-27
SUB8962366,2.59,2.41,0.14,0.95,160.12,0,1,18-24,Prepaid_Monthly,5G_Device,5G,2026-06-08
SUB1274535,4.8,2.49,0.21,0.3,79.19,0,0,25-34,Postpaid_Premium,Premium_Smartphone,4G,2026-06-28
SUB6140709,0.6,0.46,0.14,0.05,43.56,0,1,55+,Prepaid_Monthly,Mid_Range,4G+,2026-07-01
SUB3480017,2.6,3.86,0.66,0.01,128.85,0,0,35-44,Postpaid_Unlimited,Premium_Smartphone,4G+,2026-06-30
SUB5816129,0.49,0.29,0.25,0.31,89.42,1,0,45-54,Prepaid_Monthly,5G_Device,4G+,2026-07-02
SUB9207623,3.33,6.0,0.93,0.56,99.77,0,1,35-44,Postpaid_Unlimited,Tablet,4G,2026-06-10
SUB1917472,1.44,3.3,0.57,0.9,57.18,1,0,18-24,Prepaid_Monthly,Mid_Range,4G,2026-06-08
SUB4649279,0.83,2.1,0.09,0.05,73.68,0,0,18-24,Prepaid_Monthly,Tablet,4G,2026-06-22
SUB6016239,0.77,0.4,0.51,0.47,108.49,0,1,45-54,Prepaid_Monthly,Premium_Smartphone,4G,2026-06-29
SUB4221131,2.18,2.39,0.72,0.25,55.24,1,0,35-44,Postpaid_Unlimited,Mid_Range,4G,2026-06-11
SUB9977182,0.63,0.25,0.1,0.22,77.7,0,0,35-44,Prepaid_Monthly,Tablet,4G,2026-06-28
SUB3434138,2.13,1.54,0.01,0.55,86.17,0,0,18-24,Prepaid_Monthly,5G_Device,4G+,2026-06-23
SUB9493535,1.75,0.92,0.0,0.15,134.74,0,0,35-44,Prepaid_Daily,Premium_Smartphone,5G,2026-06-21
SUB8783874,2.39,4.21,0.42,1.67,85.4,0,0,18-24,Postpaid_Unlimited,5G_Device,4G+,2026-06-15
SUB7590828,0.49,1.93,0.04,0.03,116.95,1,0,18-24,Prepaid_Monthly,Premium_Smartphone,4G,2026-06-29
SUB5217690,0.15,2.1,0.43,0.09,76.85,1,0,25-34,Prepaid_Monthly,Mid_Range,4G,2026-06-21
SUB4649886,5.18,1.12,0.99,1.57,46.12,0,0,25-34,Postpaid_Unlimited,5G_Device,3G,2026-06-28
SUB6533326,2.28,6.0,1.57,0.5,72.25,0,0,18-24,Postpaid_Unlimited,Tablet,4G,2026-06-21
SUB5446460,0.59,0.8,0.96,2.74,68.15,0,0,18-24,Prepaid_Monthly,Mid_Range,4G+,2026-06-19
SUB8293708,0.42,1.53,1.57,0.24,67.28,1,0,35-44,Postpaid_Unlimited,Mid_Range,4G,2026-07-06
SUB6044080,0.9,0.25,0.01,0.61,53.98,0,1,35-44,Prepaid_Monthly,Mid_Range,4G,2026-06-22
SUB1953122,1.89,2.78,0.73,0.31,147.59,1,1,25-34,Prepaid_Daily,5G_Device,4G,2026-06-29
SUB5663754,0.82,6.0,0.73,2.61,114.93,0,0,25-34,Postpaid_Premium,5G_Device,4G+,2026-06-24
SUB5517562,0.89,0.09,0.3,0.01,99.21,1,0,55+,Postpaid_Premium,Tablet,4G,2026-06-07
SUB7540180,8.0,0.12,0.06,0.11,110.44,0,0,18-24,Prepaid_Monthly,Premium_Smartphone,4G+,2026-06-22
SUB9503197,0.57,3.35,0.17,0.53,94.76,1,0,18-24,Prepaid_Daily,Premium_Smartphone,5G,2026-06-09
SUB2193982,6.02,0.24,0.33,0.15,90.32,1,0,35-44,Prepaid_Monthly,5G_Device,4G+,2026-06-10
SUB9582447,1.25,0.87,0.83,1.47,46.13,0,0,18-24,Postpaid_Premium,Mid_Range,4G,2026-06-30
SUB7654754,0.98,0.28,0.4,0.26,85.6,0,0,35-44,Postpaid_Unlimited,Premium_Smartphone,4G,2026-06-13
SUB1506453,2.52,2.02,0.73,0.26,68.53,0,0,35-44,Prepaid_Monthly,Premium_Smartphone,4G,2026-06-13
SUB7548894,0.37,0.5,0.01,0.5,69.6,0,0,55+,Postpaid_Premium,Premium_Smartphone,3G,2026-06-27
SUB3507743,0.16,0.76,0.03,0.05,74.92,0,0,45-54,Prepaid_Monthly,Premium_Smartphone,4G+,2026-06-15
SUB2555811,0.89,1.73,0.06,0.38,106.11,1,0,55+,Postpaid_Premium,5G_Device,5G,2026-06-24
SUB6077198,0.16,0.75,0.19,0.53,65.26,0,1,18-24,Prepaid_Daily,Mid_Range,4G,2026-06-23
SUB7184377,0.54,0.25,0.66,0.13,60.81,0,1,45-54,Postpaid_Basic,Mid_Range,4G,2026-06-19
SUB4845474,1.63,3.82,3.79,4.07,156.52,1,1,18-24,Prepaid_Monthly,5G_Device,4G+,2026-06-21
SUB4924482,0.92,2.2,4.0,1.03,69.44,0,1,35-44,Postpaid_Unlimited,Mid_Range,5G,2026-06-22
SUB4232452,0.41,1.5,0.03,0.59,76.11,0,0,35-44,Prepaid_Monthly,Mid_Range,5G,2026-06-29
SUB5947796,0.48,0.19,0.03,0.85,64.63,0,0,18-24,Prepaid_Monthly,Mid_Range,4G,2026-06-22
SUB5290697,0.86,0.69,0.24,0.12,28.57,0,1,35-44,Postpaid_Premium,Basic_Phone,4G+,2026-06-16
SUB7886940,5.99,0.66,1.55,0.14,89.36,1,0,18-24,Prepaid_Monthly,5G_Device,4G,2026-06-21
SUB4812010,0.53,0.12,0.2,0.04,67.67,0,0,25-34,Prepaid_Monthly,Premium_Smartphone,3G,2026-06-17
SUB2478081,0.75,0.47,0.67,0.35,78.81,0,0,55+,Postpaid_Basic,Premium_Smartphone,4G,2026-07-02
SUB2570889,0.42,6.0,0.2,2.78,107.68,0,1,18-24,Postpaid_Premium,Premium_Smartphone,4G+,2026-06-24
SUB8373372,1.21,0.04,0.26,0.0,68.0,1,0,18-24,Prepaid_Monthly,Mid_Range,4G,2026-06-26
SUB4071640,0.02,0.56,0.22,0.15,67.69,0,1,25-34,Prepaid_Daily,Mid_Range,4G,2026-07-01
SUB6253974,1.24,1.38,0.57,0.28,89.85,0,1,45-54,Prepaid_Monthly,5G_Device,5G,2026-06-24
SUB1950922,1.93,1.77,2.85,0.19,103.99,1,0,18-24,Postpaid_Unlimited,Mid_Range,5G,2026-06-12
SUB2684449,1.0,0.15,0.1,0.08,33.28,0,0,25-34,Prepaid_Daily,Mid_Range,4G,2026-06-13
SUB9854198,2.65,6.0,0.04,0.07,150.68,0,0,45-54,Prepaid_Monthly,Premium_Smartphone,5G,2026-06-29
SUB6753371,3.62,1.88,0.04,1.44,59.6,1,1,18-24,Postpaid_Basic,Mid_Range,4G,2026-07-06
SUB2433284,0.48,0.25,0.39,0.14,44.08,1,0,25-34,Prepaid_Daily,Mid_Range,3G,2026-06-12
SUB2117374,0.18,0.26,0.01,0.3,30.72,1,1,45-54,Prepaid_Monthly,Basic_Phone,5G,2026-06-14
SUB3999610,0.26,2.57,0.76,0.04,58.01,0,0,25-34,Postpaid_Unlimited,Tablet,3G,2026-06-26
SUB3298756,0.31,0.57,0.18,0.11,83.39,0,0,45-54,Prepaid_Daily,Premium_Smartphone,4G+,2026-06-20
SUB8100052,2.2,2.65,1.98,0.01,70.87,0,1,18-24,Postpaid_Premium,Mid_Range,4G,2026-07-05
SUB3788107,0.87,0.83,0.24,3.53,166.61,1,0,55+,Postpaid_Premium,5G_Device,5G,2026-06-28
SUB9418865,0.33,0.66,0.12,0.31,117.14,0,1,55+,Prepaid_Monthly,5G_Device,4G+,2026-06-15
SUB5601731,0.99,3.06,0.05,0.08,66.3,0,0,18-24,Prepaid_Monthly,Premium_Smartphone,4G,2026-06-16
SUB8173877,0.29,0.49,0.11,0.08,28.14,0,0,18-24,Postpaid_Unlimited,Basic_Phone,4G,2026-06-21
SUB1985257,0.14,0.88,0.04,0.24,100.37,0,1,55+,Postpaid_Premium,Mid_Range,5G,2026-06-30
SUB2101267,0.14,0.54,0.44,0.17,34.3,0,0,25-34,Prepaid_Daily,Mid_Range,3G,2026-06-09
SUB1418829,0.41,1.92,0.16,0.11,62.3,0,0,35-44,Prepaid_Monthly,Premium_Smartphone,3G,2026-06-22
SUB8040906,3.44,0.76,0.33,0.81,134.43,0,0,35-44,Postpaid_Basic,Premium_Smartphone,5G,2026-06-30
SUB4438780,0.97,0.77,0.61,0.04,55.82,0,0,45-54,Prepaid_Monthly,Mid_Range,4G,2026-07-05
SUB8517750,0.08,3.62,0.66,1.23,101.23,0,0,45-54,Postpaid_Basic,Premium_Smartphone,4G,2026-06-30
SUB2546933,8.0,0.41,1.37,0.19,90.39,0,0,18-24,Postpaid_Unlimited,Premium_Smartphone,4G+,2026-06-15
SUB9713937,2.43,3.07,0.28,0.85,137.86,0,0,18-24,Prepaid_Monthly,5G_Device,5G,2026-06-20
SUB3956151,0.84,6.0,1.22,1.8,62.96,0,0,45-54,Postpaid_Unlimited,Premium_Smartphone,4G+,2026-06-17
SUB2227222,0.73,0.83,1.36,0.63,101.67,0,0,45-54,Postpaid_Premium,Premium_Smartphone,4G+,2026-07-04
SUB2543812,1.59,0.46,0.77,0.22,53.09,0,1,35-44,Prepaid_Daily,5G_Device,3G,2026-07-05
SUB8831038,0.15,0.31,0.52,0.39,75.33,0,0,55+,Postpaid_Premium,Mid_Range,4G+,2026-06-27
SUB7835032,8.0,1.4,0.08,2.03,99.28,1,0,35-44,Postpaid_Basic,Mid_Range,4G+,2026-07-05
SUB1865256,0.73,0.1,0.43,2.14,87.02,1,0,18-24,Prepaid_Monthly,5G_Device,3G,2026-06-07
SUB8948745,1.22,0.22,0.12,0.16,50.44,0,0,45-54,Prepaid_Monthly,Mid_Range,4G+,2026-06-09
SUB1000917,2.29,5.4,0.55,0.16,47.19,0,0,25-34,Postpaid_Basic,Mid_Range,4G,2026-06-21
SUB8304000,0.71,1.4,4.0,2.38,113.79,0,0,18-24,Postpaid_Basic,5G_Device,4G+,2026-06-29
SUB8150406,5.09,3.41,2.34,0.36,143.97,1,0,25-34,Postpaid_Unlimited,Premium_Smartphone,5G,2026-06-26
SUB8068931,2.71,3.46,0.01,0.21,96.85,1,1,45-54,Postpaid_Unlimited,5G_Device,4G,2026-06-16
SUB5473447,0.35,0.34,0.34,0.42,123.16,1,0,55+,Prepaid_Monthly,5G_Device,4G,2026-06-13
SUB9650699,0.78,0.69,0.14,0.45,47.43,0,0,25-34,Postpaid_Premium,Mid_Range,4G,2026-07-01
SUB9791765,3.53,1.21,0.02,0.01,88.85,1,0,18-24,Prepaid_Daily,Premium_Smartphone,4G,2026-06-12
SUB7876913,0.66,0.38,0.21,0.13,35.76,0,0,35-44,Prepaid_Daily,Tablet,3G,2026-06-25
SUB7139996,0.32,0.56,0.26,0.14,101.98,0,0,45-54,Prepaid_Daily,Premium_Smartphone,4G+,2026-07-01
SUB8557773,0.58,1.29,2.16,0.11,125.07,0,1,35-44,Postpaid_Basic,Premium_Smartphone,5G,2026-07-03
SUB9637873,2.17,2.6,1.13,0.05,82.87,0,0,35-44,Prepaid_Daily,Premium_Smartphone,5G,2026-06-18
SUB8737777,0.92,0.31,0.56,0.06,49.41,0,0,35-44,Prepaid_Monthly,Mid_Range,4G,2026-06-14
SUB8554159,0.31,0.1,0.44,0.12,30.54,0,0,18-24,Prepaid_Monthly,Mid_Range,3G,2026-06-21
SUB7565792,0.24,0.59,0.2,0.01,29.63,0,0,25-34,Prepaid_Monthly,Mid_Range,4G,2026-06-15
SUB2384822,0.25,3.61,0.68,0.76,79.46,0,0,25-34,Postpaid_Unlimited,Premium_Smartphone,4G,2026-06-29
SUB2807402,1.54,1.82,0.37,0.23,64.3,0,0,45-54,Postpaid_Unlimited,Premium_Smartphone,3G,2026-06-09
SUB2949902,1.47,1.27,0.83,0.02,77.13,0,0,18-24,Postpaid_Premium,Tablet,5G,2026-06-11
SUB8505191,0.37,3.53,0.05,0.65,92.62,1,0,35-44,Postpaid_Basic,Mid_Range,4G+,2026-07-01
SUB9717429,8.0,6.0,0.14,0.66,121.98,1,1,25-34,Postpaid_Premium,Mid_Range,5G,2026-06-20
SUB1243877,0.52,6.0,0.42,0.13,84.52,0,1,25-34,Postpaid_Premium,Premium_Smartphone,4G,2026-06-26
SUB4345026,0.98,0.42,2.98,0.18,122.94,0,0,25-34,Postpaid_Premium,Tablet,5G,2026-07-02
SUB1920759,3.63,6.0,0.03,2.08,63.19,0,1,25-34,Prepaid_Daily,Premium_Smartphone,4G,2026-06-17
SUB2761369,0.17,2.69,0.16,0.48,138.65,1,0,25-34,Prepaid_Monthly,5G_Device,4G,2026-06-30
SUB6786572,0.65,0.91,0.08,0.01,106.94,1,0,45-54,Prepaid_Monthly,Premium_Smartphone,4G+,2026-06-15
SUB8562160,0.82,0.73,0.48,0.37,82.11,0,1,25-34,Prepaid_Monthly,Premium_Smartphone,3G,2026-06-18
SUB9386369,1.11,1.63,0.01,0.15,69.97,0,1,35-44,Prepaid_Monthly,Mid_Range,4G,2026-06-07
SUB2858997,2.55,0.59,0.56,0.08,56.88,1,0,25-34,Postpaid_Premium,Mid_Range,4G,2026-06-21
SUB5980249,0.87,2.43,0.85,0.06,53.33,0,0,25-34,Postpaid_Premium,Mid_Range,4G,2026-06-27
SUB5975467,0.07,0.34,0.23,0.05,14.7,0,0,25-34,Prepaid_Daily,Basic_Phone,4G,2026-06-10
SUB2429290,0.08,0.47,0.13,0.02,80.95,0,0,55+,Prepaid_Monthly,Mid_Range,5G,2026-06-27
SUB6188757,0.62,2.81,0.09,0.13,115.43,0,1,25-34,Postpaid_Basic,Premium_Smartphone,5G,2026-06-21
SUB3120711,0.49,0.84,0.29,0.03,64.1,0,0,18-24,Prepaid_Daily,Mid_Range,5G,2026-06-25
SUB1521244,0.37,0.46,0.05,0.07,40.16,0,1,55+,Prepaid_Daily,Mid_Range,3G,2026-06-07
SUB7271271,0.63,4.5,3.67,0.98,146.43,0,1,18-24,Postpaid_Premium,Premium_Smartphone,4G+,2026-06-24
SUB2399769,0.88,1.26,0.89,0.23,58.02,0,0,45-54,Postpaid_Basic,Mid_Range,4G+,2026-06-11
SUB7913744,0.91,2.47,0.14,0.29,59.1,0,0,18-24,Postpaid_Unlimited,Mid_Range,4G,2026-07-02
SUB6919359,0.01,2.22,1.18,4.12,131.88,1,1,35-44,Postpaid_Premium,Tablet,4G,2026-06-26
SUB9876659,3.74,1.38,0.11,0.65,45.14,0,1,18-24,Postpaid_Unlimited,Basic_Phone,4G,2026-07-04
SUB1825782,0.97,0.38,0.14,0.0,84.07,0,0,55+,Prepaid_Daily,Mid_Range,5G,2026-06-09
SUB1439439,0.04,0.15,0.02,0.03,22.34,0,0,35-44,Prepaid_Daily,Basic_Phone,4G+,2026-06-22
SUB2264134,3.32,1.13,0.55,0.9,67.39,0,0,25-34,Prepaid_Monthly,5G_Device,4G+,2026-06-20
SUB7767567,0.26,0.55,0.88,0.61,58.3,0,0,18-24,Prepaid_Daily,Premium_Smartphone,4G,2026-06-12
SUB6759919,0.11,0.34,0.04,0.02,25.35,0,0,25-34,Postpaid_Basic,Basic_Phone,3G,2026-06-26
SUB2894554,1.58,2.9,0.43,2.27,63.11,0,0,35-44,Postpaid_Premium,Premium_Smartphone,4G,2026-06-08
SUB6855319,0.33,0.69,0.04,0.31,52.06,0,0,25-34,Postpaid_Unlimited,Mid_Range,4G,2026-07-03
SUB8605503,3.76,3.21,2.02,1.12,124.7,1,0,18-24,Postpaid_Unlimited,Premium_Smartphone,4G,2026-06-17
SUB8984638,0.11,4.0,0.54,0.33,115.64,0,1,35-44,Postpaid_Basic,Premium_Smartphone,4G+,2026-06-27
SUB1947272,0.1,3.13,0.23,0.04,36.13,0,0,25-34,Postpaid_Basic,Mid_Range,4G,2026-06-25
SUB5914082,7.28,1.12,0.38,0.63,102.32,0,0,18-24,Prepaid_Monthly,Premium_Smartphone,4G,2026-06-30
SUB6730482,2.55,0.32,0.37,0.46,90.86,0,0,18-24,Prepaid_Monthly,Premium_Smartphone,4G,2026-06-13
SUB6941028,3.4,0.43,0.58,0.7,89.36,0,0,35-44,Postpaid_Unlimited,5G_Device,4G+,2026-06-17
SUB7600430,0.79,1.42,0.43,0.11,148.48,1,0,55+,Prepaid_Daily,Tablet,4G+,2026-07-02
SUB7343902,0.35,0.85,1.99,0.02,113.89,1,0,18-24,Postpaid_Basic,Premium_Smartphone,4G+,2026-07-06
SUB4119734,1.92,0.57,2.34,0.09,92.71,0,0,45-54,Postpaid_Unlimited,5G_Device,4G,2026-06-11
SUB8748408,1.91,0.6,0.36,0.52,72.54,0,0,18-24,Prepaid_Daily,Premium_Smartphone,4G,2026-06-19
SUB1711943,2.59,1.98,0.45,3.57,85.29,0,0,25-34,Postpaid_Unlimited,5G_Device,4G,2026-06-15
SUB3621158,0.32,3.05,0.43,0.95,63.3,0,1,25-34,Prepaid_Daily,Mid_Range,5G,2026-07-06
SUB8730484,1.82,6.0,0.66,0.61,67.83,1,0,25-34,Postpaid_Unlimited,Premium_Smartphone,3G,2026-06-22
SUB7143243,2.35,5.57,3.0,3.14,166.68,1,0,25-34,Prepaid_Monthly,5G_Device,4G+,2026-06-09
SUB3438064,1.85,0.25,0.01,0.07,151.88,1,1,45-54,Prepaid_Daily,5G_Device,4G+,2026-06-27
SUB6754640,0.02,0.06,0.02,0.02,5.0,1,0,55+,Prepaid_Daily,Basic_Phone,3G,2026-06-09
SUB5230207,2.71,0.86,0.77,0.31,42.35,0,0,18-24,Postpaid_Premium,Mid_Range,4G,2026-06-18
SUB6446441,1.49,2.18,4.0,0.25,200.0,1,0,25-34,Postpaid_Unlimited,5G_Device,5G,2026-06-09
SUB2998173,0.49,0.06,0.15,0.09,60.79,0,0,55+,Postpaid_Basic,Premium_Smartphone,4G,2026-06-23
SUB6858204,1.17,1.81,0.61,0.63,67.24,0,0,25-34,Postpaid_Unlimited,Tablet,3G,2026-06-29
SUB5706797,3.94,6.0,0.04,0.12,156.72,0,1,35-44,Postpaid_Premium,5G_Device,5G,2026-06-23
SUB2490017,2.02,1.76,1.26,0.0,123.49,1,0,25-34,Prepaid_Daily,5G_Device,4G+,2026-07-05
SUB4102641,2.63,3.64,2.34,0.28,118.11,1,1,25-34,Postpaid_Premium,Mid_Range,4G+,2026-06-15
SUB1641593,0.58,0.41,0.08,0.22,25.19,0,0,18-24,Prepaid_Monthly,Mid_Range,3G,2026-07-01
SUB2534227,3.07,2.15,0.46,0.35,114.45,1,0,45-54,Postpaid_Basic,Premium_Smartphone,4G+,2026-07-06
SUB3297905,0.25,2.32,0.58,0.15,129.34,1,1,45-54,Prepaid_Daily,5G_Device,4G,2026-06-11
SUB5197079,8.0,3.73,0.07,1.22,121.42,1,1,25-34,Prepaid_Monthly,Premium_Smartphone,4G,2026-06-18
SUB3587551,0.67,0.85,0.21,1.61,122.29,0,0,45-54,Postpaid_Basic,Premium_Smartphone,5G,2026-07-06
SUB5109070,2.14,0.11,0.2,0.18,97.98,0,0,25-34,Prepaid_Monthly,5G_Device,4G+,2026-07-02
SUB2806210,0.51,1.78,0.67,0.13,61.28,0,1,18-24,Postpaid_Basic,Premium_Smartphone,4G,2026-06-09
SUB4989284,0.54,1.55,0.12,0.07,91.84,0,0,45-54,Postpaid_Unlimited,5G_Device,4G,2026-07-06
SUB7356605,0.73,0.25,0.0,0.11,75.62,0,0,35-44,Prepaid_Daily,Mid_Range,5G,2026-06-19
SUB9415224,0.69,0.12,0.42,0.72,48.95,0,0,25-34,Postpaid_Premium,Mid_Range,3G,2026-06-25
SUB5940359,2.87,3.61,1.04,0.16,114.36,0,1,25-34,Postpaid_Basic,Premium_Smartphone,5G,2026-06-23
SUB4838187,0.74,0.62,0.01,0.0,84.47,1,0,55+,Prepaid_Daily,Mid_Range,5G,2026-07-04
SUB5401207,1.85,1.59,0.48,0.4,119.88,0,1,45-54,Postpaid_Premium,Tablet,5G,2026-06-25
SUB7091111,0.09,0.22,0.04,0.15,19.79,0,0,45-54,Prepaid_Monthly,Basic_Phone,4G,2026-06-09
SUB2038218,1.4,3.18,0.51,0.2,106.03,0,0,18-24,Prepaid_Monthly,5G_Device,5G,2026-07-06
SUB9740973,0.5,0.32,0.07,0.05,97.44,1,0,45-54,Prepaid_Daily,Tablet,4G,2026-06-24
SUB8192767,0.24,0.26,0.01,0.14,30.91,1,1,18-24,Postpaid_Basic,Basic_Phone,3G,2026-06-23
SUB5109404,1.33,0.71,0.96,0.06,150.32,0,1,55+,Postpaid_Basic,5G_Device,4G+,2026-06-25
SUB9749917,8.0,0.51,0.05,0.59,102.1,0,0,18-24,Prepaid_Monthly,Premium_Smartphone,5G,2026-06-13
SUB5250167,1.66,1.67,0.96,0.24,96.1,0,1,25-34,Prepaid_Daily,5G_Device,4G,2026-06-28
SUB4318843,0.77,0.72,0.09,0.25,14.0,0,0,25-34,Postpaid_Premium,Basic_Phone,4G,2026-06-23
SUB8291916,1.66,5.87,1.12,0.24,90.11,1,0,45-54,Postpaid_Unlimited,Tablet,4G,2026-06-16
SUB1278495,7.84,0.7,0.07,1.98,103.5,1,0,45-54,Postpaid_Basic,Premium_Smartphone,4G+,2026-06-11
SUB2846357,2.21,3.18,0.89,1.03,82.19,0,0,25-34,Prepaid_Monthly,5G_Device,4G+,2026-06-26
SUB6917054,0.94,2.31,0.1,1.06,109.28,1,0,35-44,Prepaid_Daily,Premium_Smartphone,4G,2026-06-12
SUB8880055,0.98,3.31,0.64,0.06,101.31,0,1,45-54,Postpaid_Unlimited,Premium_Smartphone,4G,2026-06-09
SUB4030486,0.21,0.31,0.12,0.35,54.1,0,1,18-24,Prepaid_Daily,Mid_Range,4G,2026-06-09
SUB4980053,0.28,2.82,0.61,0.18,65.76,1,0,45-54,Prepaid_Daily,Mid_Range,5G,2026-06-19
SUB1700033,0.27,0.05,0.06,0.06,93.02,0,1,55+,Postpaid_Basic,Premium_Smartphone,4G,2026-06-27
SUB6107742,4.14,4.79,0.16,0.04,109.48,1,0,18-24,Postpaid_Premium,5G_Device,4G,2026-06-12
SUB8036278,0.96,1.8,0.16,0.22,69.71,0,1,18-24,Postpaid_Basic,Mid_Range,5G,2026-06-29
SUB4901403,0.34,1.35,0.08,0.41,69.62,0,0,25-34,Prepaid_Daily,Tablet,4G+,2026-07-06
SUB1134445,6.09,3.57,0.04,0.73,134.49,0,1,18-24,Postpaid_Premium,5G_Device,5G,2026-06-10
SUB2845700,0.42,2.32,0.31,0.38,89.01,1,0,25-34,Postpaid_Basic,Mid_Range,4G+,2026-06-24
SUB9304831,1.46,0.21,0.13,0.46,65.44,0,0,35-44,Postpaid_Premium,Mid_Range,4G+,2026-06-21
SUB7882727,0.25,5.88,0.83,0.78,90.75,0,1,35-44,Prepaid_Monthly,5G_Device,5G,2026-06-09
SUB1871535,1.57,5.77,0.32,0.33,40.19,0,0,18-24,Postpaid_Premium,Mid_Range,4G,2026-06-22
SUB2742166,2.25,2.95,0.33,4.25,114.03,1,0,35-44,Postpaid_Basic,Mid_Range,5G,2026-06-25
SUB2035408,0.26,0.47,0.22,0.12,14.43,0,0,35-44,Postpaid_Basic,Basic_Phone,4G,2026-06-14
SUB2461312,0.36,1.55,0.01,0.23,61.54,0,0,55+,Postpaid_Basic,Tablet,4G,2026-06-27
SUB8627742,0.71,2.25,0.37,1.34,146.75,1,0,18-24,Prepaid_Monthly,Premium_Smartphone,5G,2026-07-03
SUB6053929,0.25,0.48,0.3,0.43,81.41,0,1,35-44,Prepaid_Monthly,Mid_Range,4G+,2026-07-03
SUB9885048,0.4,0.81,0.19,0.02,34.42,0,0,55+,Prepaid_Daily,Mid_Range,4G,2026-06-28
SUB2471926,1.8,0.88,0.57,0.5,52.8,1,0,25-34,Prepaid_Monthly,Mid_Range,4G,2026-06-21
SUB3873524,3.74,0.84,0.17,0.21,42.88,1,1,25-34,Postpaid_Basic,Basic_Phone,4G,2026-06-30
SUB3742455,8.0,5.27,0.79,0.47,70.92,0,1,18-24,Postpaid_Premium,5G_Device,4G,2026-06-08
SUB3269409,1.12,0.97,0.2,0.34,83.42,1,1,45-54,Prepaid_Daily,Premium_Smartphone,4G,2026-07-04
SUB7013704,7.51,2.48,0.9,0.1,126.05,0,0,25-34,Postpaid_Unlimited,Premium_Smartphone,5G,2026-07-03
SUB1295599,0.13,0.17,0.07,0.03,127.05,1,1,55+,Prepaid_Monthly,Mid_Range,5G,2026-06-14
SUB2557009,0.19,2.43,0.22,0.61,123.41,0,0,45-54,Prepaid_Monthly,Premium_Smartphone,4G+,2026-07-04
SUB1597904,0.81,1.59,0.04,0.35,28.8,0,0,25-34,Prepaid_Daily,Mid_Range,4G,2026-06-12
SUB1116841,1.65,0.93,2.01,0.62,44.95,0,0,35-44,Postpaid_Premium,5G_Device,3G,2026-06-14
SUB6907726,1.74,6.0,0.12,2.47,158.75,1,1,18-24,Postpaid_Premium,5G_Device,5G,2026-06-30
SUB9558542,8.0,2.09,1.61,0.6,65.4,1,0,25-34,Postpaid_Unlimited,Mid_Range,4G,2026-07-03
SUB6826038,0.48,0.44,0.27,0.09,20.68,0,0,35-44,Prepaid_Monthly,Basic_Phone,5G,2026-06-30
SUB2135270,0.26,0.97,0.69,0.34,74.09,1,0,35-44,Prepaid_Monthly,5G_Device,3G,2026-06-11
SUB1237068,5.87,2.27,0.05,2.5,88.78,0,1,25-34,Postpaid_Premium,Mid_Range,5G,2026-06-29
SUB6024592,0.97,1.15,1.98,0.22,57.54,0,0,45-54,Postpaid_Premium,Premium_Smartphone,4G,2026-06-26
SUB2604243,8.0,5.21,4.0,0.3,130.2,0,1,18-24,Postpaid_Unlimited,Premium_Smartphone,4G,2026-07-01
SUB1851161,0.05,0.99,0.13,0.57,45.29,1,0,25-34,Prepaid_Monthly,Mid_Range,4G,2026-07-03
SUB5772945,4.79,3.47,4.0,0.57,187.31,1,0,25-34,Postpaid_Premium,Premium_Smartphone,5G,2026-06-16
SUB2638846,2.32,1.2,0.67,0.05,161.41,1,0,25-34,Prepaid_Daily,Premium_Smartphone,4G+,2026-06-12
SUB5230987,0.42,6.0,0.08,0.03,62.95,0,0,55+,Postpaid_Basic,Premium_Smartphone,4G,2026-06-21
SUB8870907,0.11,0.59,0.1,0.11,57.31,1,1,35-44,Prepaid_Daily,Mid_Range,4G,2026-06-21
SUB9713542,0.19,0.94,0.21,3.19,78.82,0,1,25-34,Postpaid_Premium,5G_Device,4G,2026-06-29
SUB2802466,0.93,0.57,0.07,0.05,14.91,0,0,25-34,Postpaid_Basic,Basic_Phone,4G,2026-06-30
SUB3382865,0.94,2.54,0.03,0.06,59.85,0,1,18-24,Prepaid_Daily,Mid_Range,4G,2026-06-29
SUB1464310,3.02,1.96,0.11,0.39,83.87,1,1,25-34,Prepaid_Monthly,Mid_Range,4G,2026-06-13
SUB4714755,0.75,1.08,0.39,0.36,97.59,1,0,35-44,Prepaid_Monthly,5G_Device,4G,2026-07-04
SUB9945850,0.27,0.36,0.43,0.12,67.2,1,0,55+,Prepaid_Monthly,Mid_Range,4G,2026-07-02
SUB4127640,0.68,1.18,0.2,0.0,110.09,0,1,45-54,Prepaid_Daily,5G_Device,4G+,2026-06-27
SUB5303677,1.25,3.34,0.43,1.0,163.55,0,1,25-34,Prepaid_Monthly,Premium_Smartphone,4G+,2026-06-08
SUB5098535,3.45,1.69,1.04,1.41,200.0,1,1,25-34,Postpaid_Premium,5G_Device,5G,2026-07-04
SUB5753292,1.47,2.77,0.58,4.29,90.93,0,0,18-24,Prepaid_Monthly,Premium_Smartphone,4G,2026-06-15
SUB7227952,0.37,3.03,0.12,0.05,89.54,0,0,18-24,Prepaid_Monthly,Premium_Smartphone,4G,2026-06-10
SUB6673938,1.32,4.06,1.2,1.07,50.61,0,0,25-34,Postpaid_Unlimited,5G_Device,3G,2026-06-13
SUB9009292,0.92,0.78,0.58,0.08,84.49,1,0,25-34,Prepaid_Daily,Premium_Smartphone,4G,2026-07-01
SUB6108728,2.65,2.54,0.85,0.15,74.64,0,0,25-34,Postpaid_Premium,5G_Device,4G+,2026-06-21
SUB6060795,0.22,0.23,0.01,0.09,25.68,0,1,35-44,Postpaid_Basic,Basic_Phone,4G,2026-06-18
SUB6769049,1.68,1.68,0.23,0.12,96.03,0,1,35-44,Postpaid_Unlimited,Premium_Smartphone,4G+,2026-06-11
SUB1919134,2.38,0.94,0.46,0.29,58.06,0,0,25-34,Prepaid_Monthly,5G_Device,4G,2026-06-07
SUB2855797,0.83,1.56,0.45,2.27,129.63,1,1,45-54,Postpaid_Premium,5G_Device,4G,2026-06-27
SUB7379515,0.46,0.64,1.92,1.02,105.95,1,1,18-24,Prepaid_Daily,5G_Device,4G,2026-06-16
SUB9078886,4.32,3.64,0.41,0.09,146.88,1,1,25-34,Postpaid_Unlimited,Premium_Smartphone,4G+,2026-06-08
SUB5636440,0.71,1.17,0.19,0.06,78.0,0,0,45-54,Prepaid_Monthly,Tablet,4G,2026-06-17
SUB7489759,1.45,0.74,1.07,1.01,58.25,1,0,25-34,Postpaid_Basic,Mid_Range,3G,2026-07-03
SUB9899770,1.23,0.36,0.12,0.02,55.05,1,0,55+,Prepaid_Daily,Mid_Range,4G,2026-06-26
SUB3570725,1.92,0.75,0.01,0.04,29.79,1,0,18-24,Postpaid_Unlimited,Basic_Phone,5G,2026-06-22
SUB3426277,1.4,0.62,0.23,0.23,70.35,0,0,35-44,Postpaid_Premium,Tablet,3G,2026-07-04
SUB8200987,0.59,0.06,0.07,0.07,44.14,0,0,35-44,Prepaid_Daily,Mid_Range,3G,2026-06-17
SUB6324852,3.21,5.02,0.27,0.06,114.53,1,0,35-44,Prepaid_Daily,5G_Device,4G,2026-06-17
SUB6580509,0.39,0.51,0.05,0.0,21.18,1,0,45-54,Prepaid_Monthly,Basic_Phone,3G,2026-06-25
SUB2317621,1.45,0.56,1.39,1.41,68.03,1,0,35-44,Prepaid_Monthly,Mid_Range,4G,2026-06-20
SUB7408929,0.29,0.5,2.25,0.15,72.98,1,0,45-54,Prepaid_Monthly,Premium_Smartphone,4G,2026-06-25
SUB4637967,2.32,1.02,1.86,0.34,86.54,1,0,25-34,Postpaid_Unlimited,Premium_Smartphone,4G,2026-07-06
SUB3367893,1.03,2.4,0.39,0.67,66.71,0,1,25-34,Postpaid_Premium,Mid_Range,4G,2026-06-19
SUB6766140,4.76,0.16,1.51,0.0,80.24,0,0,35-44,Postpaid_Unlimited,Premium_Smartphone,4G,2026-06-08
SUB6053127,1.71,1.08,0.03,0.97,53.05,1,0,35-44,Prepaid_Monthly,Mid_Range,4G,2026-06-15
SUB1739574,3.58,0.49,0.15,0.14,90.78,0,0,55+,Postpaid_Premium,Premium_Smartphone,4G,2026-07-02
SUB5071495,2.59,1.09,0.89,0.27,24.47,0,0,18-24,Postpaid_Basic,Basic_Phone,5G,2026-06-09
SUB1325437,2.67,2.3,0.06,3.23,69.33,0,0,25-34,Prepaid_Monthly,Premium_Smartphone,5G,2026-06-07
SUB3091013,0.12,6.0,1.41,1.04,75.28,0,0,35-44,Postpaid_Basic,Mid_Range,4G+,2026-06-26
SUB4681890,0.34,2.3,0.03,1.31,101.89,0,0,45-54,Prepaid_Monthly,Premium_Smartphone,5G,2026-06-11
SUB6991305,0.55,1.05,0.33,0.05,56.83,0,1,55+,Postpaid_Unlimited,Mid_Range,3G,2026-07-03
SUB1872834,2.08,0.87,1.45,0.1,62.91,0,1,25-34,Postpaid_Basic,Mid_Range,4G,2026-06-28
SUB5637370,1.64,1.99,0.06,0.16,80.29,0,0,18-24,Postpaid_Premium,Mid_Range,5G,2026-06-22
SUB7626379,8.0,6.0,0.21,0.05,154.31,1,0,25-34,Postpaid_Premium,5G_Device,5G,2026-06-27
SUB6887774,8.0,2.37,0.04,0.31,98.88,1,1,25-34,Postpaid_Basic,Premium_Smartphone,4G,2026-06-20
SUB8352132,0.75,0.97,0.02,0.47,73.62,0,0,55+,Postpaid_Basic,5G_Device,4G,2026-07-01
SUB2032499,8.0,1.58,0.59,0.01,156.01,1,0,25-34,Prepaid_Monthly,5G_Device,4G+,2026-06-20
SUB4820888,1.58,1.03,2.24,0.03,85.46,0,1,25-34,Prepaid_Daily,Premium_Smartphone,4G,2026-07-06
SUB8730302,1.24,3.27,0.77,0.32,67.04,0,0,25-34,Postpaid_Premium,5G_Device,4G,2026-06-16
SUB8534504,2.72,2.91,0.97,0.12,74.2,1,0,25-34,Postpaid_Unlimited,Premium_Smartphone,4G,2026-06-23
SUB3331348,0.43,0.67,0.33,1.37,67.15,0,0,45-54,Prepaid_Monthly,Premium_Smartphone,4G,2026-06-23
SUB7565269,8.0,5.43,3.19,1.6,114.09,0,1,18-24,Postpaid_Unlimited,Premium_Smartphone,5G,2026-06-27
SUB8199107,0.62,0.14,0.08,0.03,69.4,0,0,25-34,Prepaid_Monthly,Mid_Range,5G,2026-06-15
SUB3806284,0.53,0.12,0.06,0.0,51.12,0,0,55+,Postpaid_Basic,Mid_Range,5G,2026-06-25
SUB7572531,1.77,6.0,0.66,0.13,66.17,0,0,18-24,Prepaid_Monthly,Premium_Smartphone,3G,2026-06-28
SUB2141452,1.22,3.11,0.59,0.04,135.99,0,1,35-44,Prepaid_Daily,Premium_Smartphone,5G,2026-06-27
SUB7816080,0.33,0.66,0.12,0.2,19.82,0,0,25-34,Prepaid_Daily,Mid_Range,3G,2026-06-29
SUB6550560,0.25,1.31,0.04,0.85,44.48,1,0,35-44,Prepaid_Monthly,Mid_Range,4G+,2026-06-23
SUB2230796,0.67,2.47,0.76,3.46,106.09,1,0,18-24,Prepaid_Daily,Premium_Smartphone,4G,2026-06-20
SUB1113936,3.88,1.39,1.04,1.62,127.36,1,0,25-34,Prepaid_Daily,Tablet,5G,2026-06-15
SUB5210583,3.62,1.39,0.98,0.03,143.31,1,1,25-34,Prepaid_Daily,Mid_Range,5G,2026-06-24
SUB8539769,3.31,0.11,1.19,0.24,85.05,0,0,18-24,Prepaid_Daily,Premium_Smartphone,4G+,2026-06-25
SUB5280428,0.96,1.25,0.24,0.25,114.77,0,0,25-34,Prepaid_Daily,Tablet,4G+,2026-06-15
SUB3433351,0.98,1.12,0.37,1.94,53.5,1,0,18-24,Postpaid_Basic,Mid_Range,4G,2026-06-25
SUB3189063,7.73,2.32,1.55,1.14,100.93,0,1,35-44,Postpaid_Premium,5G_Device,4G,2026-07-06
SUB3819182,1.43,0.82,0.35,0.15,72.56,0,1,55+,Prepaid_Daily,5G_Device,4G,2026-07-01
SUB1447244,0.74,0.3,0.19,0.05,50.09,0,0,18-24,Prepaid_Daily,Mid_Range,4G,2026-06-21
SUB7252016,0.32,0.28,0.44,0.05,18.87,0,0,18-24,Postpaid_Premium,Basic_Phone,4G+,2026-06-30
SUB9471414,0.13,1.13,0.07,0.05,33.25,0,0,45-54,Prepaid_Daily,Mid_Range,4G,2026-06-19
SUB2278673,2.03,0.66,0.52,0.05,32.12,0,0,35-44,Postpaid_Premium,Mid_Range,3G,2026-06-23
SUB6168638,1.51,2.47,0.32,0.08,95.91,0,0,18-24,Prepaid_Daily,Tablet,4G,2026-06-29
SUB5115741,0.83,0.12,0.05,0.84,58.79,1,0,25-34,Prepaid_Monthly,Mid_Range,4G,2026-06-18
SUB7778892,1.79,3.43,0.23,0.6,91.61,0,0,18-24,Prepaid_Daily,5G_Device,4G+,2026-06-20
SUB4457521,1.4,3.32,0.44,0.05,57.66,0,0,18-24,Prepaid_Monthly,Mid_Range,5G,2026-07-05
SUB5684013,0.74,1.27,0.01,0.08,106.9,0,1,55+,Postpaid_Premium,Tablet,4G,2026-07-04
SUB6044829,0.26,1.25,0.25,0.12,71.69,0,1,45-54,Prepaid_Daily,Mid_Range,4G,2026-07-01
SUB6683860,2.17,2.12,0.73,0.07,94.77,1,0,35-44,Postpaid_Unlimited,Premium_Smartphone,4G+,2026-06-22
SUB3438710,0.2,0.49,0.16,0.12,9.84,0,1,18-24,Prepaid_Monthly,Basic_Phone,3G,2026-06-23
SUB9887120,6.52,6.0,3.16,0.25,47.99,0,0,18-24,Postpaid_Unlimited,Mid_Range,4G+,2026-06-28
SUB1767442,0.47,0.73,0.18,0.54,93.25,1,0,45-54,Prepaid_Daily,Mid_Range,4G+,2026-06-13
SUB8936627,0.27,0.05,0.35,0.0,45.78,0,1,18-24,Prepaid_Daily,Basic_Phone,5G,2026-06-25
SUB9863886,1.34,2.77,0.07,0.9,65.94,1,0,25-34,Postpaid_Basic,Mid_Range,4G+,2026-06-26
SUB2930440,0.57,2.88,0.17,0.68,151.81,1,1,25-34,Prepaid_Daily,Premium_Smartphone,4G,2026-06-07
SUB9768201,0.24,0.57,1.42,0.45,41.33,0,0,35-44,Postpaid_Premium,Mid_Range,4G+,2026-06-21
SUB1494955,3.24,0.87,0.33,2.15,78.93,0,1,25-34,Prepaid_Monthly,Premium_Smartphone,4G,2026-06-15
SUB6478878,1.02,1.71,0.14,0.99,61.88,0,0,25-34,Postpaid_Premium,Premium_Smartphone,4G,2026-06-07
SUB6679487,0.52,2.6,0.43,0.22,71.3,0,0,45-54,Prepaid_Daily,5G_Device,4G,2026-07-03
SUB5840349,1.94,0.99,0.05,0.3,53.55,0,0,35-44,Postpaid_Basic,5G_Device,4G,2026-06-14
SUB2626528,0.59,6.0,1.1,0.28,90.4,1,0,18-24,Postpaid_Basic,5G_Device,4G,2026-06-27
SUB7096696,2.18,2.59,0.72,0.86,91.28,0,0,35-44,Postpaid_Premium,Mid_Range,5G,2026-06-17
SUB3914611,4.11,0.59,1.85,0.4,80.61,0,0,18-24,Prepaid_Monthly,Mid_Range,5G,2026-06-22
SUB2308014,4.46,6.0,1.22,1.36,102.05,0,0,25-34,Postpaid_Unlimited,Premium_Smartphone,4G+,2026-07-02
SUB3247680,1.6,0.42,0.53,0.21,76.04,0,0,35-44,Postpaid_Unlimited,Premium_Smartphone,4G,2026-07-02
SUB7589154,2.53,2.23,0.28,0.12,42.28,0,0,25-34,Postpaid_Unlimited,Mid_Range,4G,2026-07-01
SUB3821839,1.24,2.29,0.16,0.09,89.83,0,1,25-34,Postpaid_Basic,Premium_Smartphone,4G+,2026-06-26
SUB1298783,0.5,1.07,0.47,0.02,101.79,0,1,35-44,Prepaid_Monthly,Mid_Range,4G+,2026-06-28
SUB4602571,0.28,0.2,0.05,0.05,55.48,0,1,55+,Prepaid_Daily,Mid_Range,5G,2026-06-20
SUB9340960,3.78,1.87,4.0,0.23,126.47,0,0,25-34,Postpaid_Unlimited,Premium_Smartphone,5G,2026-07-04
SUB4879928,0.51,4.1,0.77,2.09,44.83,0,0,18-24,Postpaid_Unlimited,Mid_Range,4G,2026-07-03
SUB8039879,0.24,1.18,0.27,0.29,72.24,1,0,25-34,Prepaid_Daily,Mid_Range,4G,2026-06-20
SUB3115226,1.53,0.25,1.15,0.38,83.08,0,0,25-34,Prepaid_Monthly,Mid_Range,4G+,2026-06-26
SUB7962365,0.42,1.33,1.06,1.37,64.94,0,0,25-34,Postpaid_Unlimited,Mid_Range,5G,2026-06-19
SUB2340683,0.08,1.35,0.31,0.02,57.74,0,0,25-34,Prepaid_Daily,Mid_Range,4G,2026-07-02
SUB4630400,0.29,0.3,0.19,0.0,49.03,1,0,35-44,Prepaid_Daily,Mid_Range,3G,2026-07-05
SUB6994602,8.0,4.23,0.02,1.27,73.22,1,1,18-24,Postpaid_Unlimited,Mid_Range,4G,2026-06-21
SUB3854119,4.29,2.81,1.45,0.06,117.31,0,1,25-34,Postpaid_Premium,Mid_Range,5G,2026-06-19
SUB3673705,4.52,2.82,0.85,3.57,56.72,0,1,25-34,Postpaid_Unlimited,Mid_Range,4G,2026-06-11
SUB7307517,1.01,2.14,0.36,0.33,89.85,0,0,25-34,Prepaid_Daily,Mid_Range,5G,2026-06-25
SUB4597170,0.05,0.32,0.02,0.26,46.98,1,0,55+,Prepaid_Monthly,Mid_Range,4G,2026-06-25
SUB4305610,2.14,0.39,0.28,0.75,106.5,1,0,25-34,Postpaid_Basic,5G_Device,4G,2026-06-25
SUB9841830,0.02,1.13,0.18,0.23,80.61,0,0,45-54,Postpaid_Basic,Premium_Smartphone,4G,2026-06-23
SUB3088618,2.99,2.34,0.89,1.9,127.43,1,0,45-54,Prepaid_Monthly,Premium_Smartphone,4G+,2026-06-28
SUB8596537,3.49,6.0,0.56,0.83,58.21,0,0,45-54,Postpaid_Unlimited,Premium_Smartphone,4G,2026-06-13
SUB7922972,3.92,4.25,0.24,2.28,38.38,1,0,18-24,Postpaid_Unlimited,Mid_Range,4G,2026-07-01
SUB5400852,1.05,1.11,0.41,0.02,84.28,1,0,55+,Prepaid_Monthly,Tablet,4G,2026-06-26
SUB7759991,0.21,0.39,0.0,0.04,21.4,1,0,18-24,Prepaid_Daily,Basic_Phone,4G,2026-06-20
SUB3593157,1.06,0.27,0.21,1.08,69.89,1,0,18-24,Prepaid_Daily,Mid_Range,4G,2026-07-03
SUB8058021,0.32,2.28,0.85,0.26,41.96,0,0,25-34,Postpaid_Basic,Mid_Range,4G,2026-07-01
SUB7119922,1.82,1.42,0.2,0.27,55.38,0,0,18-24,Prepaid_Daily,5G_Device,4G,2026-07-05
SUB6575477,1.04,3.04,0.39,0.91,76.57,0,1,18-24,Postpaid_Basic,5G_Device,4G,2026-07-01
SUB7919879,1.03,1.84,1.79,0.08,53.38,0,0,25-34,Postpaid_Basic,5G_Device,4G,2026-07-02
SUB8759080,8.0,4.43,2.15,0.78,80.56,0,0,18-24,Postpaid_Unlimited,Mid_Range,5G,2026-06-29
SUB7662064,0.82,0.58,0.04,0.37,84.07,0,0,35-44,Prepaid_Monthly,5G_Device,4G,2026-07-02
SUB1217314,0.87,1.09,0.13,0.34,40.14,1,0,18-24,Postpaid_Basic,Basic_Phone,4G+,2026-06-26
SUB3635122,1.69,2.27,0.97,0.29,57.78,0,0,25-34,Postpaid_Premium,Premium_Smartphone,4G,2026-06-22
SUB6728394,0.87,0.97,0.05,0.24,160.33,1,0,55+,Postpaid_Basic,5G_Device,4G+,2026-06-26
SUB1748692,3.82,4.64,0.06,0.17,64.76,0,0,25-34,Postpaid_Unlimited,5G_Device,4G,2026-06-22
SUB3382962,0.43,0.89,0.33,0.24,33.94,0,0,35-44,Postpaid_Basic,Mid_Range,4G,2026-06-28
SUB4466689,0.31,0.47,0.19,0.28,63.74,0,0,55+,Postpaid_Unlimited,Premium_Smartphone,4G,2026-06-26
SUB2614694,0.37,1.21,0.13,0.82,35.84,0,0,18-24,Prepaid_Monthly,Mid_Range,4G,2026-07-04
SUB9970512,0.14,1.59,0.93,1.22,61.66,0,0,25-34,Postpaid_Basic,Mid_Range,5G,2026-06-18
SUB5465669,0.25,1.36,2.03,0.47,141.27,0,1,45-54,Postpaid_Basic,Premium_Smartphone,5G,2026-06-22
SUB4881143,0.18,0.71,0.48,0.03,80.43,0,1,55+,Postpaid_Unlimited,Mid_Range,4G+,2026-06-12
SUB5911077,1.26,2.52,0.63,0.48,47.11,0,1,35-44,Prepaid_Monthly,Mid_Range,4G,2026-07-01
SUB2945537,1.28,0.58,0.79,0.13,85.91,0,0,18-24,Prepaid_Daily,Premium_Smartphone,4G,2026-06-11
SUB8941238,1.76,0.17,0.17,0.25,65.72,0,0,55+,Postpaid_Basic,Premium_Smartphone,4G+,2026-06-11
SUB9466724,0.29,0.19,0.28,0.52,51.91,0,1,18-24,Prepaid_Monthly,Basic_Phone,5G,2026-06-28
SUB9772978,1.19,0.36,0.11,0.02,5.0,0,0,25-34,Postpaid_Basic,Basic_Phone,4G,2026-07-01
SUB4374659,1.71,3.73,1.28,0.96,94.04,0,0,25-34,Postpaid_Unlimited,5G_Device,4G+,2026-06-18
SUB1519385,1.23,2.24,0.52,2.07,51.29,0,0,25-34,Postpaid_Unlimited,Mid_Range,4G+,2026-07-06
SUB2572138,0.68,1.19,0.18,0.12,49.02,0,0,45-54,Prepaid_Monthly,Premium_Smartphone,3G,2026-06-25
SUB6180703,1.97,0.2,0.14,0.0,92.2,1,1,45-54,Prepaid_Daily,Tablet,3G,2026-06-08
SUB1226256,4.21,2.3,0.07,0.07,66.78,0,1,35-44,Postpaid_Basic,Premium_Smartphone,3G,2026-06-14
SUB7853878,2.64,3.03,0.08,1.34,71.42,1,0,18-24,Postpaid_Basic,Mid_Range,5G,2026-07-01
SUB9809147,0.34,2.65,0.26,0.3,92.23,1,0,35-44,Postpaid_Premium,Mid_Range,5G,2026-06-20
SUB8849453,4.61,4.26,0.76,3.61,128.59,1,0,35-44,Postpaid_Premium,Premium_Smartphone,5G,2026-07-06
SUB7494290,0.54,2.18,0.92,0.89,103.36,0,0,25-34,Postpaid_Basic,5G_Device,5G,2026-06-19
SUB4373307,0.11,0.3,0.1,0.01,68.97,1,0,55+,Prepaid_Daily,Premium_Smartphone,4G,2026-07-06
SUB1550242,0.42,0.64,0.06,0.13,12.53,0,0,45-54,Postpaid_Premium,Basic_Phone,4G,2026-06-28
SUB8001837,1.3,2.0,0.39,0.12,57.37,0,1,35-44,Prepaid_Daily,Mid_Range,4G+,2026-06-07
SUB4497831,7.8,0.98,0.32,0.54,107.22,1,1,18-24,Prepaid_Daily,Mid_Range,4G+,2026-06-07
SUB3848439,3.0,6.0,0.04,0.61,78.01,1,0,35-44,Postpaid_Premium,Premium_Smartphone,4G,2026-06-18
SUB6978106,2.46,0.21,0.58,0.01,88.49,0,0,55+,Postpaid_Basic,Premium_Smartphone,4G,2026-06-14
SUB9065819,1.28,0.93,0.23,0.44,35.59,1,0,25-34,Postpaid_Premium,Basic_Phone,4G,2026-06-20
SUB9333920,0.54,1.9,0.07,0.05,77.87,1,1,45-54,Prepaid_Monthly,5G_Device,3G,2026-06-16
SUB9120766,1.35,0.28,0.39,0.19,56.71,0,0,25-34,Prepaid_Daily,Premium_Smartphone,4G,2026-06-29
SUB3021835,0.29,2.0,0.1,0.81,58.21,0,0,35-44,Prepaid_Monthly,5G_Device,4G,2026-06-28
SUB7427095,0.42,2.02,0.16,0.63,65.05,0,1,35-44,Postpaid_Basic,Mid_Range,4G,2026-06-18
SUB7078159,1.3,2.57,0.59,1.86,110.64,0,0,35-44,Prepaid_Monthly,Premium_Smartphone,5G,2026-06-30
SUB4531674,0.39,0.86,0.52,0.36,86.54,0,0,45-54,Postpaid_Premium,Mid_Range,4G+,2026-06-23
SUB8336302,2.55,1.46,0.14,1.03,192.59,1,1,18-24,Postpaid_Premium,Premium_Smartphone,4G+,2026-06-20
SUB7282827,8.0,1.38,2.01,0.94,95.99,1,0,25-34,Postpaid_Basic,5G_Device,5G,2026-07-04
SUB9739287,1.63,4.45,0.08,2.59,167.37,0,1,35-44,Postpaid_Unlimited,Premium_Smartphone,5G,2026-06-07
SUB7792566,2.6,0.58,0.03,0.01,26.09,0,0,18-24,Postpaid_Unlimited,Mid_Range,4G,2026-07-04
SUB7021656,0.7,2.49,1.04,0.79,54.03,0,1,25-34,Postpaid_Unlimited,Premium_Smartphone,3G,2026-06-11
SUB7519585,6.47,1.73,0.71,0.35,89.36,1,0,18-24,Postpaid_Premium,Mid_Range,5G,2026-07-04
SUB9132162,1.96,1.08,0.22,1.39,92.91,0,0,18-24,Prepaid_Monthly,5G_Device,4G,2026-06-10
SUB3426105,0.24,0.15,0.25,0.21,22.88,1,0,35-44,Postpaid_Basic,Basic_Phone,3G,2026-06-11
SUB5811671,0.51,0.66,0.29,0.44,7.26,0,0,35-44,Postpaid_Premium,Basic_Phone,4G,2026-06-28
SUB7453877,2.91,1.98,1.42,0.08,82.71,1,0,18-24,Prepaid_Monthly,Mid_Range,4G,2026-07-06
SUB8547881,4.76,0.52,0.09,0.2,73.87,1,0,18-24,Postpaid_Premium,Mid_Range,4G+,2026-07-04
SUB6055769,0.04,0.97,0.07,0.09,27.86,0,1,18-24,Postpaid_Basic,Basic_Phone,4G+,2026-06-24
SUB7061266,0.05,0.33,0.12,0.09,32.63,0,0,25-34,Prepaid_Daily,Basic_Phone,4G,2026-06-14
SUB9658754,0.24,3.3,0.19,0.58,32.05,0,1,18-24,Postpaid_Basic,Mid_Range,3G,2026-07-04
SUB6574807,0.38,0.2,0.02,0.1,20.74,0,0,25-34,Prepaid_Daily,Basic_Phone,3G,2026-06-20
SUB5301828,1.67,5.43,0.26,2.27,140.89,1,0,35-44,Prepaid_Daily,5G_Device,4G+,2026-06-29
SUB7509762,0.53,0.59,0.14,0.09,30.77,1,0,35-44,Postpaid_Unlimited,Basic_Phone,4G,2026-06-18
SUB1544026,0.34,2.39,0.57,0.91,96.71,0,0,25-34,Postpaid_Basic,5G_Device,4G,2026-06-11
SUB4942863,0.09,0.32,0.27,0.34,88.71,1,0,35-44,Postpaid_Basic,5G_Device,3G,2026-06-20
SUB7243490,0.41,0.22,0.41,0.12,61.06,0,0,55+,Prepaid_Monthly,Mid_Range,4G,2026-06-12
SUB7484427,0.38,0.27,0.08,0.0,20.59,0,0,25-34,Postpaid_Basic,Basic_Phone,5G,2026-06-25
SUB8221352,0.15,1.01,0.06,0.05,32.34,0,0,25-34,Prepaid_Daily,Mid_Range,4G,2026-06-20
SUB5472089,2.35,0.98,0.32,3.72,200.0,1,1,35-44,Postpaid_Premium,Premium_Smartphone,5G,2026-06-15
SUB1268449,3.87,4.44,1.21,1.7,104.28,0,1,18-24,Postpaid_Premium,Premium_Smartphone,5G,2026-06-13
SUB3850774,0.9,3.19,1.04,0.49,62.02,1,0,35-44,Postpaid_Unlimited,Mid_Range,4G,2026-06-10
SUB8620958,0.76,0.49,0.16,0.09,78.41,0,0,45-54,Prepaid_Daily,Mid_Range,5G,2026-06-21
SUB6583281,8.0,3.96,0.08,0.96,98.65,0,0,25-34,Postpaid_Basic,Premium_Smartphone,4G+,2026-07-01
SUB5430675,0.62,1.26,0.24,0.44,76.01,0,0,35-44,Postpaid_Premium,Mid_Range,5G,2026-06-07
SUB6918806,1.59,1.17,1.66,0.68,134.71,0,0,35-44,Prepaid_Daily,5G_Device,5G,2026-06-13
SUB9513199,0.35,0.14,1.31,1.2,72.31,0,0,18-24,Prepaid_Daily,Mid_Range,5G,2026-06-25
SUB7822255,0.49,0.69,0.43,0.74,48.2,0,0,18-24,Postpaid_Premium,Mid_Range,4G,2026-06-28
SUB5461213,0.49,0.99,0.24,0.45,81.97,0,1,45-54,Postpaid_Premium,Mid_Range,4G+,2026-06-30
SUB2160152,1.47,1.11,0.08,0.02,80.19,1,0,55+,Prepaid_Monthly,Premium_Smartphone,4G,2026-06-28
SUB7305236,0.65,0.15,0.09,0.33,68.65,1,0,45-54,Prepaid_Daily,Mid_Range,4G,2026-06-26
SUB3365885,0.46,0.55,0.12,0.07,62.07,0,0,55+,Postpaid_Basic,Mid_Range,4G,2026-06-12
SUB7195196,0.38,0.8,0.3,0.01,35.22,0,1,25-34,Prepaid_Monthly,Mid_Range,3G,2026-07-06
SUB1880096,5.25,1.89,0.69,1.43,65.53,1,0,18-24,Postpaid_Basic,Mid_Range,4G,2026-06-13
SUB3714766,1.0,2.92,0.05,0.4,74.86,0,0,25-34,Prepaid_Monthly,Premium_Smartphone,4G,2026-07-02
SUB3924537,0.16,2.05,0.02,0.61,55.71,0,0,18-24,Postpaid_Basic,Mid_Range,4G+,2026-06-25
SUB2592173,3.88,1.19,1.1,1.07,164.08,1,0,45-54,Postpaid_Premium,Premium_Smartphone,4G+,2026-06-16
SUB2074477,1.11,0.62,0.03,0.04,26.07,0,0,55+,Postpaid_Premium,Mid_Range,4G,2026-06-12
SUB2473300,0.23,0.38,0.02,1.07,58.29,0,0,45-54,Postpaid_Basic,Premium_Smartphone,4G,2026-06-08
SUB7759383,0.24,0.17,0.25,0.02,57.86,0,0,35-44,Prepaid_Daily,Premium_Smartphone,3G,2026-06-09
SUB1297584,2.07,6.0,0.17,1.66,107.93,1,1,25-34,Prepaid_Monthly,Premium_Smartphone,5G,2026-06-17
SUB1892015,2.18,0.76,0.81,0.23,58.34,0,0,18-24,Prepaid_Daily,Premium_Smartphone,4G,2026-06-17
SUB9020497,0.74,0.98,0.12,0.6,48.54,0,0,25-34,Postpaid_Basic,Mid_Range,4G,2026-06-16
SUB2651348,3.27,4.85,0.45,0.32,122.3,0,0,35-44,Postpaid_Unlimited,Tablet,4G+,2026-06-13
SUB3871259,7.82,1.18,1.09,0.51,82.79,0,0,25-34,Postpaid_Basic,Premium_Smartphone,5G,2026-06-26
SUB9270562,0.03,0.14,0.03,0.16,31.68,0,0,55+,Prepaid_Daily,Mid_Range,3G,2026-06-18
SUB1854741,0.17,0.19,0.11,0.09,54.96,0,0,45-54,Prepaid_Monthly,Mid_Range,5G,2026-06-23
SUB4352214,1.3,0.34,0.09,0.03,35.37,1,0,18-24,Prepaid_Daily,Basic_Phone,5G,2026-06-27
SUB3023615,4.12,1.54,0.57,0.27,76.05,0,1,18-24,Prepaid_Daily,Premium_Smartphone,4G,2026-06-14
SUB4010087,0.24,0.16,0.21,0.14,36.64,0,0,35-44,Postpaid_Basic,Mid_Range,3G,2026-06-19
SUB5644081,1.19,0.62,1.12,2.15,125.35,1,0,18-24,Prepaid_Monthly,Tablet,4G,2026-07-02
SUB9530057,0.57,0.39,0.66,0.16,90.52,0,0,45-54,Prepaid_Monthly,Mid_Range,5G,2026-06-28
SUB6381299,1.0,0.92,0.12,0.62,33.4,0,0,35-44,Prepaid_Daily,Premium_Smartphone,3G,2026-06-08
SUB4018439,2.05,5.12,2.34,0.18,145.81,1,1,18-24,Postpaid_Premium,Premium_Smartphone,4G,2026-07-03
SUB1135370,0.86,4.83,0.1,0.54,129.49,0,0,25-34,Postpaid_Basic,5G_Device,5G,2026-06-18
SUB1856636,0.27,3.69,1.18,2.2,51.12,0,1,25-34,Postpaid_Premium,Mid_Range,4G,2026-06-13
SUB5642681,0.33,1.37,0.19,0.27,64.45,0,0,45-54,Prepaid_Daily,Tablet,4G+,2026-07-02
SUB7194868,1.25,4.79,0.12,2.2,149.75,1,0,18-24,Postpaid_Premium,5G_Device,5G,2026-06-25
SUB7535223,0.81,1.87,0.21,0.27,92.49,0,0,45-54,Postpaid_Basic,Tablet,4G+,2026-06-23
SUB1427244,1.71,0.77,1.71,0.53,108.86,1,1,35-44,Prepaid_Monthly,5G_Device,4G,2026-06-29
SUB4555912,0.44,1.73,0.44,0.22,87.72,0,0,35-44,Prepaid_Monthly,5G_Device,5G,2026-06-19
SUB6011002,0.4,1.02,0.47,0.18,60.51,0,0,18-24,Prepaid_Monthly,Premium_Smartphone,3G,2026-06-15
SUB5713199,2.99,3.03,1.56,1.33,75.23,1,0,35-44,Postpaid_Basic,5G_Device,4G,2026-06-12
SUB3514368,1.47,3.87,1.51,0.37,135.6,1,0,35-44,Prepaid_Daily,Premium_Smartphone,5G,2026-06-24
SUB3089319,0.39,3.12,0.99,0.39,142.85,1,1,25-34,Postpaid_Premium,Premium_Smartphone,5G,2026-06-13
SUB6125819,1.85,0.53,0.05,0.03,93.71,0,1,45-54,Prepaid_Daily,Premium_Smartphone,4G,2026-06-30
SUB1792330,1.41,1.88,1.84,0.43,104.15,1,0,35-44,Postpaid_Basic,Tablet,4G,2026-06-30
SUB5474843,0.94,2.24,0.01,0.42,68.74,0,1,45-54,Prepaid_Monthly,Mid_Range,4G,2026-06-12
SUB2742955,2.6,1.44,0.07,6.0,78.74,0,1,18-24,Postpaid_Basic,5G_Device,4G,2026-06-23
SUB8312203,0.53,2.5,0.13,0.79,71.03,0,0,45-54,Postpaid_Unlimited,Mid_Range,4G+,2026-06-27
SUB9654758,2.7,0.47,0.65,0.22,49.57,1,0,18-24,Postpaid_Unlimited,Mid_Range,3G,2026-06-21
SUB3786905,0.27,0.58,0.21,0.01,30.41,1,0,45-54,Prepaid_Daily,Basic_Phone,4G,2026-07-06
SUB2845964,0.01,0.14,0.24,0.06,60.1,0,1,55+,Prepaid_Monthly,Mid_Range,4G+,2026-06-26
SUB7734714,3.24,0.35,0.69,0.03,58.28,0,0,25-34,Postpaid_Premium,Tablet,3G,2026-06-23
SUB9878023,0.33,0.11,0.36,0.12,28.36,0,0,25-34,Prepaid_Monthly,Mid_Range,3G,2026-06-29
SUB4503548,1.29,1.6,0.42,0.19,139.19,0,0,35-44,Postpaid_Basic,Premium_Smartphone,5G,2026-07-06
SUB1646012,1.92,3.64,1.17,0.25,29.53,0,0,18-24,Postpaid_Unlimited,Mid_Range,4G,2026-06-07
SUB8185115,2.03,6.0,0.86,0.12,72.1,1,0,25-34,Postpaid_Basic,5G_Device,4G,2026-06-18
SUB3585181,1.17,5.21,0.01,0.28,132.97,1,0,25-34,Prepaid_Daily,5G_Device,5G,2026-06-08
SUB8981512,0.81,0.57,1.3,0.49,36.29,0,0,45-54,Postpaid_Premium,Mid_Range,4G,2026-06-12
SUB3269798,0.05,1.09,0.46,0.25,69.16,0,0,45-54,Postpaid_Unlimited,Mid_Range,5G,2026-06-08
SUB5181726,3.93,0.36,0.1,3.84,80.33,1,0,35-44,Postpaid_Premium,Mid_Range,4G+,2026-07-01
SUB4439289,0.1,0.65,0.02,0.14,70.34,0,1,35-44,Prepaid_Monthly,Mid_Range,4G+,2026-06-23
SUB7641620,1.51,1.31,0.14,0.03,56.2,0,0,35-44,Postpaid_Unlimited,Mid_Range,4G,2026-06-29
SUB8685815,8.0,3.21,2.44,0.73,94.75,1,0,25-34,Postpaid_Unlimited,Tablet,4G,2026-06-23
SUB9521267,0.56,6.0,3.77,1.54,94.93,1,0,25-34,Postpaid_Unlimited,5G_Device,4G,2026-06-07
SUB3598475,1.91,0.84,0.32,0.06,51.35,0,0,35-44,Prepaid_Monthly,Mid_Range,4G,2026-06-10
SUB1639872,0.05,0.15,0.24,0.13,65.92,0,0,55+,Postpaid_Premium,Tablet,4G,2026-06-10
SUB4855798,0.35,0.32,0.05,0.0,14.47,0,0,35-44,Postpaid_Premium,Basic_Phone,3G,2026-06-18
SUB5941412,0.34,0.23,0.02,0.3,38.31,1,0,35-44,Prepaid_Daily,Mid_Range,3G,2026-06-08
SUB3959470,0.39,6.0,0.16,0.02,149.94,0,1,45-54,Postpaid_Basic,Premium_Smartphone,5G,2026-06-11
SUB1936320,0.4,0.91,0.67,0.71,18.98,0,0,25-34,Postpaid_Premium,Basic_Phone,4G,2026-06-29
SUB6010168,1.61,3.86,1.86,0.15,70.06,0,0,35-44,Postpaid_Unlimited,Mid_Range,5G,2026-06-30
SUB6422569,2.3,1.84,1.09,0.04,45.5,0,0,25-34,Postpaid_Unlimited,Mid_Range,4G,2026-06-07
SUB2647824,2.72,1.46,0.17,0.94,172.68,1,0,25-34,Prepaid_Daily,Premium_Smartphone,5G,2026-06-13
SUB4383973,4.35,1.96,0.15,0.75,200.0,1,1,35-44,Postpaid_Basic,5G_Device,5G,2026-06-09
SUB6810786,2.46,1.3,0.83,0.43,71.26,0,1,35-44,Postpaid_Basic,Premium_Smartphone,4G,2026-06-30
SUB5125903,2.57,1.5,0.3,0.21,83.6,0,0,25-34,Postpaid_Unlimited,Premium_Smartphone,4G,2026-06-12
SUB9821437,1.17,1.3,1.32,0.58,157.9,1,0,35-44,Prepaid_Daily,Premium_Smartphone,5G,2026-06-08
SUB5411054,2.8,0.64,0.02,0.09,49.04,0,0,35-44,Postpaid_Premium,Mid_Range,4G,2026-07-04
SUB5314896,2.7,1.88,0.0,0.26,126.16,0,1,45-54,Postpaid_Basic,5G_Device,4G,2026-06-27
SUB1234000,1.57,0.39,0.04,0.09,100.97,1,0,45-54,Postpaid_Unlimited,Premium_Smartphone,4G,2026-06-26
SUB9710745,0.08,1.08,3.26,1.77,54.86,0,1,25-34,Postpaid_Basic,Mid_Range,4G,2026-06-21
SUB8942992,0.56,1.56,0.15,0.69,95.08,1,1,55+,Postpaid_Premium,Mid_Range,4G,2026-06-21
SUB8144013,3.04,1.16,0.3,1.04,121.84,1,0,35-44,Postpaid_Unlimited,Tablet,4G,2026-06-12
SUB5573957,0.74,0.21,0.03,0.38,32.64,0,0,45-54,Postpaid_Premium,Basic_Phone,4G+,2026-06-13
SUB9955118,0.62,0.56,0.2,0.05,113.14,1,1,35-44,Prepaid_Daily,5G_Device,4G,2026-06-16
SUB1708092,0.41,1.5,0.05,0.22,61.01,1,0,18-24,Prepaid_Daily,Mid_Range,4G+,2026-06-30
SUB8724826,0.79,5.36,0.94,1.48,115.24,1,0,18-24,Postpaid_Premium,Premium_Smartphone,4G,2026-06-18
SUB2097996,0.17,0.93,0.88,0.61,82.41,0,0,35-44,Prepaid_Monthly,Mid_Range,5G,2026-07-05
SUB9988400,0.98,0.29,1.48,1.76,57.72,0,0,25-34,Postpaid_Premium,5G_Device,3G,2026-07-01
SUB5817911,4.12,5.52,0.44,0.24,186.66,0,1,35-44,Postpaid_Premium,Premium_Smartphone,5G,2026-06-29
SUB5858939,0.18,2.34,0.18,0.99,55.26,0,0,25-34,Postpaid_Unlimited,Mid_Range,4G,2026-06-11
SUB7254597,3.43,1.87,0.23,1.47,67.83,1,0,25-34,Postpaid_Basic,Mid_Range,4G+,2026-06-13
SUB1668629,1.35,1.82,1.51,2.77,38.64,0,0,25-34,Postpaid_Premium,Mid_Range,4G,2026-06-17
SUB2171248,1.44,0.12,0.21,0.16,39.17,0,0,35-44,Prepaid_Daily,5G_Device,3G,2026-06-20
SUB2383640,0.47,2.23,0.35,0.02,72.55,1,0,25-34,Postpaid_Basic,5G_Device,4G,2026-06-25
SUB1513953,2.78,1.64,0.02,0.23,148.24,0,0,35-44,Prepaid_Daily,5G_Device,5G,2026-06-13
SUB7051865,0.89,0.34,0.32,0.1,11.42,1,0,25-34,Postpaid_Premium,Basic_Phone,3G,2026-06-24
SUB7434323,0.41,1.77,0.81,0.33,96.46,0,0,45-54,Postpaid_Premium,Premium_Smartphone,5G,2026-06-08
SUB5563653,1.76,1.54,0.25,1.79,131.19,1,1,18-24,Prepaid_Monthly,Tablet,4G,2026-06-10
SUB8801402,2.67,4.77,1.1,0.11,93.4,1,0,18-24,Prepaid_Monthly,5G_Device,4G,2026-06-08
SUB1685503,1.53,1.05,0.48,0.01,83.1,0,0,35-44,Postpaid_Premium,Mid_Range,5G,2026-07-02
SUB9811249,2.88,1.03,0.05,0.98,85.76,1,1,35-44,Postpaid_Premium,Premium_Smartphone,3G,2026-07-06
SUB1337283,4.25,0.74,4.0,1.73,74.96,0,0,18-24,Postpaid_Premium,Premium_Smartphone,4G,2026-06-13
SUB5777421,1.41,4.37,1.39,0.64,122.01,0,1,55+,Postpaid_Unlimited,Premium_Smartphone,4G,2026-06-21
SUB9779788,0.19,0.15,0.62,0.07,20.71,0,0,25-34,Postpaid_Unlimited,Basic_Phone,3G,2026-06-24
SUB6696390,0.32,0.68,0.18,0.14,19.49,1,1,25-34,Prepaid_Monthly,Basic_Phone,3G,2026-06-15
SUB4699243,3.72,2.76,0.71,0.46,117.13,0,1,18-24,Prepaid_Monthly,5G_Device,4G,2026-06-29
SUB3497934,0.92,0.98,0.21,0.13,42.49,0,0,25-34,Postpaid_Basic,Mid_Range,4G,2026-06-17
SUB1578110,1.32,2.61,0.09,1.46,37.55,1,0,25-34,Postpaid_Premium,Mid_Range,3G,2026-06-25
SUB5218346,0.58,2.76,1.42,1.43,44.21,0,0,25-34,Postpaid_Basic,5G_Device,3G,2026-06-28
SUB5602606,0.66,0.46,0.15,0.12,66.9,0,1,45-54,Postpaid_Premium,Premium_Smartphone,4G,2026-06-23
SUB7964203,0.75,1.96,0.07,2.22,100.6,0,1,25-34,Prepaid_Daily,Tablet,4G,2026-06-28
SUB9284578,0.07,0.47,0.21,0.05,15.85,0,0,35-44,Postpaid_Unlimited,Basic_Phone,3G,2026-06-08
SUB5343699,1.12,4.59,3.18,0.58,131.06,0,0,18-24,Postpaid_Premium,Premium_Smartphone,5G,2026-06-08
SUB8153314,0.09,0.5,0.36,0.0,17.58,0,0,25-34,Prepaid_Monthly,Basic_Phone,4G,2026-06-22
SUB4710879,0.54,0.12,0.14,0.06,38.83,1,1,18-24,Prepaid_Monthly,Basic_Phone,5G,2026-06-08
SUB7926767,0.15,0.42,0.19,0.01,32.02,0,0,45-54,Prepaid_Daily,Mid_Range,4G,2026-06-08
SUB3906492,1.25,1.22,0.13,2.21,84.13,1,0,35-44,Postpaid_Premium,Premium_Smartphone,4G,2026-07-04
SUB4534150,0.69,1.19,0.0,2.87,65.41,0,0,45-54,Postpaid_Premium,Premium_Smartphone,4G,2026-06-20
SUB7142314,1.22,1.34,0.36,0.45,36.09,0,0,25-34,Postpaid_Basic,Mid_Range,4G,2026-06-17
SUB6686321,0.13,0.1,0.06,0.12,16.68,0,0,45-54,Prepaid_Daily,Basic_Phone,3G,2026-06-10
SUB2741888,0.74,0.13,0.54,0.01,97.03,0,0,35-44,Prepaid_Monthly,Premium_Smartphone,4G+,2026-06-14
SUB1122019,1.89,0.22,0.21,1.49,23.01,0,0,18-24,Postpaid_Basic,Basic_Phone,4G,2026-06-16
SUB2765317,1.95,0.77,0.01,0.26,29.99,0,1,25-34,Prepaid_Monthly,Mid_Range,3G,2026-07-06
SUB1179001,1.46,0.17,0.03,0.22,56.47,0,0,25-34,Prepaid_Monthly,Premium_Smartphone,3G,2026-06-18
SUB9202637,1.39,0.61,0.3,0.47,41.97,0,0,35-44,Prepaid_Monthly,Mid_Range,4G+,2026-06-15
SUB4245988,1.87,1.38,0.59,0.58,85.72,1,0,18-24,Prepaid_Monthly,Premium_Smartphone,3G,2026-06-18
SUB4127022,0.04,2.38,1.04,0.21,77.85,0,1,35-44,Postpaid_Premium,Premium_Smartphone,4G,2026-06-17
SUB9982339,0.17,0.45,0.46,0.19,25.18,0,0,25-34,Postpaid_Unlimited,Mid_Range,3G,2026-06-15
SUB8045927,0.83,3.82,0.33,1.19,89.07,0,0,25-34,Prepaid_Monthly,5G_Device,5G,2026-06-29
SUB3416826,1.2,1.0,0.82,0.96,55.38,0,0,25-34,Postpaid_Premium,Premium_Smartphone,4G,2026-06-19
SUB8780047,0.07,0.4,0.09,0.24,31.31,1,1,35-44,Prepaid_Daily,Basic_Phone,4G,2026-06-15
SUB5290447,0.46,4.63,0.07,2.48,144.12,1,0,18-24,Postpaid_Basic,Premium_Smartphone,4G+,2026-06-08
SUB1144771,4.38,0.79,2.26,0.23,111.4,0,1,18-24,Postpaid_Unlimited,Premium_Smartphone,4G,2026-06-12
SUB6214636,0.61,0.76,0.25,0.04,101.91,1,0,35-44,Prepaid_Daily,Premium_Smartphone,4G+,2026-06-22
SUB6749593,1.31,2.38,0.57,6.0,146.81,1,0,25-34,Prepaid_Monthly,5G_Device,5G,2026-06-29
SUB2008923,0.28,0.73,0.02,1.15,98.54,0,1,25-34,Prepaid_Daily,5G_Device,4G,2026-06-13
SUB2820908,2.38,2.03,0.22,1.47,52.01,0,1,18-24,Postpaid_Basic,Tablet,3G,2026-07-03
SUB9499970,8.0,4.2,1.07,0.05,150.04,0,1,25-34,Postpaid_Premium,Premium_Smartphone,5G,2026-07-01
SUB4916533,0.85,0.43,0.01,0.05,58.53,0,0,18-24,Prepaid_Daily,Premium_Smartphone,4G,2026-06-30
SUB6533831,0.49,0.05,0.29,0.12,31.73,1,0,25-34,Prepaid_Daily,Basic_Phone,4G,2026-06-09
SUB5370602,0.63,5.9,1.25,0.02,99.84,1,0,25-34,Postpaid_Unlimited,5G_Device,4G+,2026-06-19
SUB3680990,0.01,0.44,0.04,0.05,5.21,0,1,25-34,Postpaid_Basic,Basic_Phone,3G,2026-06-22
SUB5667592,0.65,0.27,0.19,0.33,146.83,0,0,55+,Postpaid_Basic,Premium_Smartphone,5G,2026-06-20
SUB3362854,1.07,0.69,0.23,0.13,28.63,0,0,25-34,Postpaid_Unlimited,Basic_Phone,4G,2026-06-17
SUB8284268,0.74,0.34,0.48,0.09,14.85,0,0,25-34,Prepaid_Monthly,Mid_Range,3G,2026-06-08
SUB3409409,2.48,1.68,0.55,0.09,34.6,0,0,25-34,Postpaid_Unlimited,Mid_Range,4G,2026-06-19
SUB4050999,8.0,0.65,0.1,6.0,69.03,1,1,18-24,Postpaid_Unlimited,Mid_Range,4G,2026-06-27
SUB4051622,0.49,0.8,0.05,0.08,30.43,1,0,45-54,Prepaid_Monthly,Basic_Phone,5G,2026-06-12
SUB1775292,1.6,0.53,1.22,0.17,80.01,0,1,35-44,Postpaid_Basic,Mid_Range,4G,2026-06-23
SUB4927352,1.08,0.6,1.11,0.11,61.04,0,0,18-24,Postpaid_Basic,Mid_Range,5G,2026-06-13
SUB3333647,0.19,1.76,1.05,0.23,75.13,0,0,45-54,Postpaid_Unlimited,Premium_Smartphone,4G,2026-06-20
SUB4723234,0.29,0.73,0.01,0.8,41.75,0,0,18-24,Prepaid_Monthly,Mid_Range,4G,2026-06-30
SUB7572829,1.44,0.34,0.35,0.28,80.75,0,0,55+,Postpaid_Premium,Premium_Smartphone,4G,2026-06-17
SUB1189073,1.86,1.59,2.1,0.27,103.2,1,1,45-54,Postpaid_Unlimited,5G_Device,4G,2026-07-03
SUB1359281,2.08,4.29,1.31,0.91,76.27,1,0,35-44,Postpaid_Premium,Premium_Smartphone,4G,2026-06-28
SUB8115972,0.03,2.54,0.29,0.01,15.44,0,1,18-24,Postpaid_Unlimited,Basic_Phone,4G,2026-06-17
SUB5414011,1.6,2.49,1.89,0.11,74.87,0,0,18-24,Postpaid_Premium,Mid_Range,4G+,2026-06-13
SUB2085610,1.71,1.34,4.0,0.09,52.31,0,0,25-34,Postpaid_Unlimited,Mid_Range,4G,2026-06-11
SUB9181932,0.29,1.46,0.13,1.35,86.91,0,0,18-24,Prepaid_Daily,5G_Device,4G,2026-06-09
SUB8752342,1.2,0.81,0.61,0.21,15.29,0,1,25-34,Postpaid_Premium,Basic_Phone,4G,2026-06-28
SUB4858884,0.32,0.45,0.43,0.4,97.62,0,0,55+,Postpaid_Premium,Premium_Smartphone,4G,2026-07-05
SUB2059165,0.67,0.69,0.2,0.11,33.45,0,1,25-34,Prepaid_Monthly,Basic_Phone,5G,2026-06-18
SUB6300101,0.95,0.14,0.04,0.2,61.54,1,0,35-44,Prepaid_Daily,Mid_Range,4G,2026-06-10
SUB8595959,0.42,0.9,0.17,1.01,50.7,0,0,35-44,Postpaid_Basic,5G_Device,3G,2026-06-17
SUB4933817,0.61,0.72,0.12,0.01,56.44,0,0,45-54,Prepaid_Daily,Mid_Range,5G,2026-06-21
SUB7932973,2.41,0.79,0.34,0.83,36.18,1,0,18-24,Prepaid_Monthly,Mid_Range,3G,2026-06-15
SUB1576515,0.35,1.96,1.08,0.35,98.74,1,0,25-34,Prepaid_Monthly,5G_Device,4G,2026-06-17
SUB5287382,0.83,0.05,0.01,0.01,42.28,0,0,45-54,Postpaid_Unlimited,Basic_Phone,5G,2026-06-16
SUB3050053,2.61,1.23,0.04,0.18,89.34,1,0,45-54,Prepaid_Monthly,Premium_Smartphone,4G,2026-07-02
SUB6021983,0.97,0.62,0.06,0.02,45.6,0,0,55+,Postpaid_Premium,Mid_Range,4G,2026-07-06
SUB1759401,0.62,4.86,1.03,0.51,149.42,1,0,35-44,Prepaid_Daily,Tablet,5G,2026-07-06
SUB2985681,0.13,6.0,0.65,1.24,87.7,0,0,18-24,Postpaid_Basic,5G_Device,4G,2026-06-13
SUB3561913,0.89,0.56,0.38,0.78,38.51,0,1,25-34,Postpaid_Basic,Mid_Range,4G,2026-07-02
SUB5067784,1.64,3.54,4.0,0.09,112.1,0,1,18-24,Postpaid_Basic,5G_Device,4G,2026-06-29
SUB2549317,0.55,1.12,0.52,0.26,28.05,0,0,35-44,Postpaid_Premium,Mid_Range,3G,2026-07-04
SUB5262511,0.32,3.13,0.03,0.28,42.0,1,0,35-44,Postpaid_Premium,Basic_Phone,5G,2026-06-30
SUB7625655,2.41,1.27,0.56,2.12,104.63,0,0,35-44,Postpaid_Premium,Premium_Smartphone,5G,2026-06-10
SUB1888698,0.07,0.72,0.04,0.04,57.96,0,0,55+,Prepaid_Monthly,Premium_Smartphone,3G,2026-06-18
SUB4486142,5.84,1.03,3.07,0.41,170.96,0,1,35-44,Postpaid_Premium,Premium_Smartphone,5G,2026-06-13
SUB2559657,1.87,0.5,0.67,0.22,97.1,0,0,25-34,Postpaid_Basic,Premium_Smartphone,4G,2026-06-07
SUB9196906,0.89,2.17,0.2,0.41,78.35,0,0,18-24,Prepaid_Daily,Premium_Smartphone,5G,2026-06-27
SUB8697808,0.56,0.26,4.0,0.77,100.52,0,0,45-54,Postpaid_Unlimited,Tablet,5G,2026-07-06
SUB6938271,3.99,2.94,1.49,3.31,75.74,1,0,18-24,Postpaid_Unlimited,5G_Device,4G,2026-06-08
SUB4880323,1.05,0.45,1.83,0.83,89.3,1,0,18-24,Prepaid_Monthly,Premium_Smartphone,4G,2026-06-15
SUB1545726,1.44,2.6,0.96,0.17,65.19,0,0,18-24,Postpaid_Unlimited,Mid_Range,5G,2026-06-28
SUB3680259,1.94,3.48,1.05,2.59,149.19,0,0,25-34,Postpaid_Premium,5G_Device,5G,2026-06-15
SUB8766824,0.79,3.21,0.17,0.27,100.88,0,0,18-24,Prepaid_Monthly,Premium_Smartphone,5G,2026-06-19
SUB9830852,0.82,0.21,0.26,0.07,57.49,0,0,55+,Prepaid_Monthly,Tablet,4G,2026-07-03
SUB8399839,1.12,0.75,0.61,0.11,48.87,0,0,55+,Postpaid_Unlimited,Mid_Range,4G,2026-06-25
SUB1490999,0.66,0.13,0.12,0.38,81.44,1,0,55+,Postpaid_Premium,Premium_Smartphone,4G,2026-06-29
SUB4189189,1.45,2.36,0.77,0.34,171.95,1,1,18-24,Prepaid_Monthly,Tablet,4G,2026-07-03
SUB7200853,6.59,1.51,0.37,0.01,126.6,1,0,55+,Postpaid_Basic,Premium_Smartphone,5G,2026-06-22
SUB8622611,1.62,0.75,0.3,0.1,200.0,1,0,55+,Postpaid_Basic,Premium_Smartphone,5G,2026-06-19
SUB9796015,0.23,1.32,0.43,0.07,92.85,1,0,55+,Postpaid_Basic,Tablet,4G,2026-06-16
SUB2303306,1.77,2.26,0.09,0.2,43.14,0,0,35-44,Postpaid_Basic,Premium_Smartphone,4G,2026-06-27
SUB6489612,0.17,0.69,1.26,0.18,108.85,1,0,35-44,Postpaid_Basic,Premium_Smartphone,4G,2026-06-26
SUB9809210,0.18,0.16,0.09,0.99,28.03,0,0,18-24,Postpaid_Premium,Basic_Phone,4G,2026-06-19
SUB7567304,3.63,0.55,0.61,0.22,75.85,0,1,45-54,Postpaid_Unlimited,Premium_Smartphone,4G,2026-06-27
SUB9445243,0.71,2.16,0.09,5.26,52.41,0,0,18-24,Postpaid_Unlimited,Mid_Range,5G,2026-06-11
SUB3343136,1.94,0.9,0.09,0.1,47.15,0,0,25-34,Postpaid_Premium,Mid_Range,4G+,2026-06-26
SUB6568017,0.91,1.0,0.18,0.18,69.11,0,0,55+,Postpaid_Unlimited,Premium_Smartphone,4G,2026-06-28
SUB5422888,0.6,0.36,0.13,0.09,44.63,0,1,25-34,Postpaid_Unlimited,Basic_Phone,5G,2026-06-26
SUB7424342,3.09,0.78,0.37,1.69,109.91,0,1,18-24,Prepaid_Monthly,5G_Device,4G,2026-06-19
SUB8128146,0.57,1.53,0.05,0.43,91.82,0,0,55+,Postpaid_Unlimited,Premium_Smartphone,4G,2026-06-16
SUB2720444,0.06,0.27,0.11,0.13,95.23,0,1,55+,Prepaid_Daily,Premium_Smartphone,3G,2026-06-14
SUB1085166,0.83,0.39,1.32,0.43,40.78,0,0,18-24,Prepaid_Monthly,Mid_Range,3G,2026-06-08
SUB9074308,0.4,0.91,0.91,0.16,52.82,0,1,45-54,Postpaid_Basic,Mid_Range,4G+,2026-06-10
SUB4443571,4.31,0.78,0.98,0.01,88.4,0,0,25-34,Postpaid_Basic,Mid_Range,5G,2026-06-14
SUB1297883,0.77,0.96,0.22,0.14,66.28,0,1,25-34,Postpaid_Basic,Mid_Range,4G,2026-06-14
SUB7850529,2.5,2.39,1.54,1.03,131.9,0,1,25-34,Postpaid_Premium,5G_Device,5G,2026-06-08
SUB1756079,0.5,0.23,0.43,0.7,50.61,0,0,18-24,Prepaid_Daily,5G_Device,3G,2026-06-25
SUB4633646,2.81,2.82,0.63,4.24,91.85,0,0,25-34,Postpaid_Unlimited,5G_Device,5G,2026-07-02
SUB2443401,0.66,3.34,1.64,0.66,160.59,0,1,18-24,Prepaid_Monthly,Premium_Smartphone,5G,2026-06-13
SUB7770153,1.16,0.34,0.38,0.48,69.19,0,0,55+,Postpaid_Unlimited,Premium_Smartphone,4G,2026-06-29
SUB4011165,0.27,0.26,0.01,0.05,89.72,0,0,35-44,Prepaid_Monthly,Premium_Smartphone,4G,2026-06-30
SUB2186430,1.7,2.26,0.01,0.03,105.9,1,0,45-54,Postpaid_Basic,Mid_Range,4G+,2026-07-01
SUB5155304,0.49,3.68,0.74,0.58,161.48,1,1,35-44,Postpaid_Basic,Premium_Smartphone,4G,2026-06-28
SUB7915096,1.21,0.02,0.06,0.01,30.94,0,0,18-24,Postpaid_Premium,Mid_Range,3G,2026-07-04
SUB7710605,0.48,0.62,0.21,0.24,148.62,0,0,55+,Prepaid_Daily,Premium_Smartphone,5G,2026-06-26
SUB4809395,0.16,1.14,0.14,0.09,44.19,0,0,45-54,Prepaid_Monthly,Mid_Range,4G,2026-06-26
SUB3659786,0.59,2.99,0.09,0.31,118.33,0,1,25-34,Prepaid_Daily,Premium_Smartphone,5G,2026-07-04
SUB2160714,5.4,0.82,0.22,0.16,69.36,0,0,18-24,Postpaid_Basic,Mid_Range,5G,2026-06-16
SUB9701524,1.61,5.42,0.6,0.11,24.12,0,0,35-44,Postpaid_Unlimited,Basic_Phone,5G,2026-06-22
SUB9737452,1.27,2.18,0.21,0.04,64.19,0,0,35-44,Prepaid_Daily,Premium_Smartphone,4G,2026-06-09
SUB5322751,1.27,1.51,1.87,0.25,65.24,0,0,45-54,Postpaid_Premium,Mid_Range,4G+,2026-06-25
SUB6248575,4.43,2.96,0.47,0.04,30.7,0,0,18-24,Postpaid_Premium,Mid_Range,4G,2026-06-18
SUB2612033,0.59,0.98,0.07,0.55,26.53,0,0,18-24,Prepaid_Monthly,Mid_Range,3G,2026-07-03
SUB3931531,1.09,0.72,0.01,0.01,64.35,0,1,35-44,Prepaid_Monthly,Mid_Range,4G,2026-06-12
SUB4324024,1.54,0.49,0.76,0.26,67.8,0,0,35-44,Prepaid_Monthly,5G_Device,4G,2026-06-29
SUB8123753,0.28,1.37,0.23,1.27,92.78,0,0,18-24,Prepaid_Monthly,Premium_Smartphone,4G,2026-06-08
SUB5875217,2.87,1.49,0.34,0.36,121.55,1,0,25-34,Prepaid_Daily,5G_Device,4G,2026-06-23
SUB2414474,2.3,3.23,0.09,1.67,95.78,1,1,35-44,Prepaid_Monthly,Mid_Range,4G,2026-07-06
SUB9741647,1.37,0.32,0.02,0.02,32.38,0,0,35-44,Prepaid_Monthly,Mid_Range,4G,2026-06-11
SUB9050418,1.9,0.99,0.15,4.07,46.4,1,0,25-34,Postpaid_Premium,Premium_Smartphone,3G,2026-07-06
SUB6620724,1.54,0.44,0.53,0.33,47.94,0,0,25-34,Postpaid_Premium,Mid_Range,4G,2026-06-16
SUB3957498,1.9,1.35,0.07,0.01,82.76,0,1,45-54,Postpaid_Premium,Mid_Range,5G,2026-06-27
SUB6244761,0.62,1.01,0.09,0.2,131.18,0,0,55+,Postpaid_Basic,Premium_Smartphone,4G+,2026-06-21
SUB7199951,2.78,0.47,0.17,0.15,56.47,0,0,18-24,Prepaid_Monthly,Premium_Smartphone,3G,2026-06-11
SUB2569720,0.22,2.17,0.71,2.21,68.12,1,0,25-34,Prepaid_Monthly,Mid_Range,5G,2026-07-02
SUB6181930,1.18,0.92,0.2,0.28,63.86,1,0,55+,Prepaid_Monthly,Mid_Range,4G+,2026-06-14
SUB8496110,1.56,1.7,0.25,2.35,109.28,0,1,25-34,Postpaid_Basic,Premium_Smartphone,4G,2026-07-06
SUB8643374,4.13,6.0,1.44,0.67,71.23,0,0,35-44,Postpaid_Unlimited,Mid_Range,5G,2026-06-24
SUB6134639,2.8,2.67,4.0,1.19,115.67,1,0,35-44,Prepaid_Monthly,5G_Device,4G+,2026-06-26
SUB4571387,1.98,1.44,2.58,4.62,67.48,1,0,25-34,Postpaid_Basic,5G_Device,4G,2026-06-15
SUB5914150,2.44,3.15,0.0,0.73,72.25,0,0,35-44,Postpaid_Premium,5G_Device,3G,2026-06-13
SUB6282433,1.14,1.64,0.79,0.27,73.57,0,0,35-44,Postpaid_Premium,Mid_Range,4G+,2026-07-03
SUB8738170,0.02,0.4,0.03,0.18,36.01,0,1,35-44,Prepaid_Monthly,Basic_Phone,4G,2026-06-24
SUB1909210,1.48,0.2,0.26,0.03,46.57,1,0,18-24,Prepaid_Monthly,5G_Device,3G,2026-07-06
SUB9421374,0.72,1.75,0.18,0.04,34.79,0,0,55+,Postpaid_Unlimited,Mid_Range,4G,2026-06-17
SUB7240327,1.61,0.19,0.19,0.12,28.42,0,0,25-34,Prepaid_Daily,Mid_Range,3G,2026-06-26
SUB9158470,0.42,1.2,0.22,0.65,55.22,0,0,35-44,Postpaid_Basic,Mid_Range,4G+,2026-07-04
SUB7289270,0.58,1.68,0.03,0.05,68.66,0,0,45-54,Postpaid_Unlimited,Mid_Range,4G,2026-06-24
SUB2460235,2.53,2.49,1.22,0.2,78.58,0,0,25-34,Postpaid_Unlimited,Premium_Smartphone,4G,2026-06-16
SUB2458316,4.09,0.88,0.05,0.42,130.54,0,0,45-54,Prepaid_Daily,5G_Device,5G,2026-06-09
SUB2427197,0.52,0.74,0.7,0.13,103.63,0,0,55+,Prepaid_Monthly,5G_Device,5G,2026-06-16
SUB5128784,0.15,1.57,0.11,1.22,80.54,0,0,25-34,Prepaid_Monthly,Premium_Smartphone,4G+,2026-06-22
SUB8139580,0.41,0.56,0.29,0.05,50.53,0,0,25-34,Postpaid_Basic,Mid_Range,4G,2026-06-14
SUB5932048,0.35,0.24,0.11,0.18,76.89,0,0,55+,Postpaid_Basic,Premium_Smartphone,4G+,2026-06-18
SUB7768419,4.18,2.78,0.91,0.17,37.38,0,0,18-24,Postpaid_Unlimited,Mid_Range,4G,2026-06-18
SUB4861460,1.46,5.14,0.93,2.27,84.11,1,0,18-24,Postpaid_Basic,Mid_Range,5G,2026-06-28
SUB8102983,0.42,1.01,0.11,0.07,33.44,0,0,55+,Postpaid_Basic,Mid_Range,4G,2026-06-26
SUB4053380,0.7,2.21,0.98,0.16,75.27,0,1,45-54,Prepaid_Monthly,Premium_Smartphone,4G+,2026-06-24
SUB1311385,0.22,0.13,0.03,0.04,39.19,0,0,55+,Prepaid_Daily,Basic_Phone,5G,2026-07-03
SUB7918863,0.62,0.16,0.1,1.19,39.13,0,0,18-24,Prepaid_Monthly,Tablet,3G,2026-06-14
SUB8916323,0.13,0.89,0.51,0.3,60.06,0,0,18-24,Prepaid_Monthly,Tablet,3G,2026-06-19
SUB4607323,0.85,1.02,0.36,1.8,74.05,0,1,18-24,Postpaid_Premium,Mid_Range,4G+,2026-06-25
SUB7514524,4.18,0.79,0.39,1.84,77.13,0,1,35-44,Postpaid_Basic,Mid_Range,5G,2026-06-10
SUB7257838,1.76,0.59,0.24,0.74,71.81,1,0,35-44,Prepaid_Monthly,5G_Device,4G,2026-06-25
SUB7415261,0.97,6.0,0.06,0.04,94.96,0,1,25-34,Postpaid_Basic,Tablet,4G,2026-06-27
SUB1809359,8.0,4.53,0.76,0.4,101.01,0,1,18-24,Prepaid_Monthly,5G_Device,4G+,2026-06-15
SUB3201580,0.36,0.47,0.43,0.78,33.64,0,0,35-44,Prepaid_Daily,Mid_Range,3G,2026-07-03
SUB2494139,0.13,0.62,0.0,0.14,22.93,0,0,35-44,Postpaid_Unlimited,Basic_Phone,3G,2026-06-26
SUB6473660,8.0,0.61,0.13,4.05,86.74,0,0,18-24,Postpaid_Unlimited,Mid_Range,5G,2026-06-07
SUB4009828,0.03,0.07,0.04,0.01,29.03,0,0,55+,Prepaid_Daily,Mid_Range,3G,2026-06-24
SUB5152092,3.09,2.78,0.01,0.01,52.17,0,0,18-24,Postpaid_Premium,Mid_Range,4G,2026-06-15
SUB1069518,0.41,2.45,0.16,0.11,109.56,0,1,35-44,Postpaid_Basic,5G_Device,4G,2026-06-28
SUB1176355,0.37,1.33,0.03,0.02,61.53,1,0,45-54,Prepaid_Monthly,Mid_Range,5G,2026-06-21
SUB9508851,1.07,1.76,0.13,0.28,48.19,0,0,35-44,Postpaid_Premium,5G_Device,3G,2026-06-08
SUB6201682,2.26,0.27,1.09,0.47,34.51,0,0,18-24,Prepaid_Monthly,Mid_Range,3G,2026-07-01
SUB7042060,0.09,0.27,0.12,0.02,43.76,0,0,25-34,Prepaid_Daily,Mid_Range,3G,2026-07-02
SUB8230057,0.99,0.51,0.0,0.24,73.06,0,1,45-54,Prepaid_Monthly,Mid_Range,4G,2026-06-18
SUB7687764,0.49,0.66,0.21,0.09,39.13,0,0,25-34,Prepaid_Daily,Mid_Range,4G,2026-06-26
SUB4199039,6.89,0.21,0.54,0.01,96.77,0,1,35-44,Prepaid_Daily,5G_Device,4G,2026-06-07
SUB3776374,0.03,0.48,0.09,0.13,75.43,1,0,55+,Prepaid_Monthly,Mid_Range,4G,2026-06-30
SUB7683635,0.21,0.06,0.11,0.0,101.15,0,0,55+,Postpaid_Basic,5G_Device,4G,2026-06-14
SUB3318620,0.4,0.19,1.04,0.05,65.88,0,0,25-34,Postpaid_Premium,Tablet,3G,2026-07-06
SUB4487379,1.81,0.47,0.54,0.99,129.9,0,1,45-54,Prepaid_Monthly,5G_Device,4G,2026-06-09
SUB8300259,0.55,0.34,0.08,0.0,170.55,1,0,55+,Prepaid_Daily,Premium_Smartphone,4G+,2026-07-04
SUB7295425,8.0,1.03,0.17,0.03,73.51,0,0,25-34,Prepaid_Monthly,Premium_Smartphone,5G,2026-06-12
SUB3429151,3.65,2.33,0.67,0.39,64.81,0,0,25-34,Postpaid_Unlimited,Mid_Range,5G,2026-06-16
SUB1041743,1.24,1.87,0.71,1.4,130.4,0,1,18-24,Prepaid_Monthly,Premium_Smartphone,4G+,2026-06-22
SUB9559556,1.47,0.73,0.05,2.67,135.53,1,0,18-24,Postpaid_Unlimited,Tablet,4G,2026-07-06
SUB6521452,0.01,0.14,0.01,0.01,12.87,0,0,45-54,Prepaid_Monthly,Basic_Phone,4G,2026-06-14
SUB7850322,5.4,4.25,0.65,0.81,98.83,1,0,35-44,Postpaid_Unlimited,5G_Device,4G,2026-06-30
SUB8950806,1.12,5.28,0.05,0.22,142.18,1,0,45-54,Prepaid_Monthly,5G_Device,4G,2026-06-25
SUB9890401,0.66,0.07,0.05,0.21,137.78,0,0,45-54,Prepaid_Daily,Tablet,5G,2026-06-18
SUB9714892,0.97,0.23,2.49,0.01,90.48,1,0,35-44,Postpaid_Basic,Mid_Range,5G,2026-06-23
SUB2830314,0.44,0.16,0.38,0.58,82.84,0,0,35-44,Postpaid_Basic,Mid_Range,5G,2026-06-13
SUB4777341,2.11,0.68,0.24,0.56,56.01,0,0,18-24,Postpaid_Basic,Mid_Range,5G,2026-06-11
SUB9657116,0.31,0.4,0.24,0.12,50.17,0,0,45-54,Prepaid_Monthly,5G_Device,3G,2026-07-02
SUB5585315,0.94,0.7,0.0,0.02,59.77,0,0,25-34,Prepaid_Daily,Mid_Range,4G,2026-06-19
SUB6898931,1.45,0.46,0.2,0.41,39.82,0,0,35-44,Postpaid_Basic,Mid_Range,4G,2026-06-22
SUB5976563,2.86,1.25,2.48,0.43,61.81,1,1,18-24,Postpaid_Unlimited,Mid_Range,4G,2026-06-15
SUB2770403,1.68,0.14,0.02,0.4,39.16,0,0,55+,Postpaid_Unlimited,Mid_Range,4G,2026-07-02
SUB5371272,0.13,0.25,0.0,0.01,44.13,0,0,55+,Postpaid_Basic,Mid_Range,4G,2026-06-13
SUB8568370,0.46,2.2,0.38,0.08,112.81,0,0,25-34,Prepaid_Daily,Premium_Smartphone,4G+,2026-07-02
SUB5929426,0.27,4.92,0.21,0.19,49.68,0,0,35-44,Prepaid_Daily,5G_Device,3G,2026-07-05
SUB1506995,2.44,1.42,0.6,0.59,80.46,1,1,35-44,Postpaid_Premium,Mid_Range,4G,2026-06-26
SUB3185454,3.53,2.75,4.0,5.74,179.26,1,1,25-34,Postpaid_Premium,5G_Device,4G+,2026-06-11
SUB7262094,8.0,6.0,0.25,3.79,68.22,1,0,18-24,Postpaid_Unlimited,Premium_Smartphone,4G,2026-07-02
SUB8928248,0.09,1.52,0.05,0.17,40.25,0,1,35-44,Postpaid_Basic,Mid_Range,4G,2026-07-03
SUB3072723,4.62,2.2,1.86,4.34,80.01,0,0,18-24,Postpaid_Unlimited,5G_Device,4G,2026-06-22
SUB6227528,0.55,0.03,0.31,0.01,21.83,0,0,25-34,Postpaid_Premium,Basic_Phone,4G,2026-06-24
SUB1565635,2.53,4.49,0.46,0.73,118.17,0,0,25-34,Postpaid_Basic,Premium_Smartphone,5G,2026-06-27
SUB1527409,4.81,0.5,2.18,0.98,79.29,0,0,25-34,Postpaid_Premium,Premium_Smartphone,4G,2026-07-03
SUB1287635,0.78,1.29,2.44,0.9,81.83,0,1,18-24,Prepaid_Daily,Premium_Smartphone,3G,2026-06-17
SUB1583510,1.91,1.06,0.43,0.0,37.92,0,0,25-34,Postpaid_Basic,Mid_Range,4G,2026-06-13
SUB5722340,1.37,1.03,1.23,0.92,106.07,0,0,25-34,Postpaid_Unlimited,Premium_Smartphone,5G,2026-06-28
SUB5778972,2.47,1.0,3.0,0.07,110.85,1,1,25-34,Prepaid_Daily,5G_Device,4G,2026-06-28
SUB7335787,2.97,0.49,1.4,1.3,84.8,0,0,35-44,Postpaid_Premium,Premium_Smartphone,5G,2026-06-14
SUB2693481,0.83,4.25,0.05,0.09,144.75,0,1,55+,Prepaid_Monthly,5G_Device,5G,2026-06-16
SUB4061342,1.05,3.86,0.42,0.93,85.74,0,0,18-24,Postpaid_Premium,Premium_Smartphone,4G,2026-06-07
SUB1600198,0.23,0.72,0.06,0.09,33.24,0,0,45-54,Postpaid_Premium,Mid_Range,3G,2026-06-16
SUB1397891,1.36,2.76,0.67,0.06,66.48,1,0,25-34,Postpaid_Unlimited,Mid_Range,5G,2026-06-18
SUB4081362,4.41,6.0,1.83,0.21,72.4,0,0,35-44,Postpaid_Premium,Premium_Smartphone,5G,2026-06-11
SUB5694505,1.25,1.22,0.05,1.34,83.58,1,0,25-34,Prepaid_Monthly,5G_Device,4G,2026-07-04
SUB4647965,0.56,0.49,0.08,0.0,50.15,0,0,35-44,Prepaid_Daily,Mid_Range,4G,2026-06-16
SUB2041566,0.38,1.23,0.14,0.22,62.19,0,0,35-44,Postpaid_Premium,Mid_Range,5G,2026-06-23
SUB6081502,0.14,0.32,0.03,0.11,5.0,0,0,25-34,Prepaid_Monthly,Basic_Phone,3G,2026-06-22
SUB2619282,0.66,2.25,0.33,0.47,144.46,0,1,25-34,Postpaid_Premium,Premium_Smartphone,5G,2026-06-20
SUB4434078,1.6,1.57,0.6,0.23,117.18,1,0,45-54,Prepaid_Daily,Premium_Smartphone,5G,2026-06-21
SUB4297466,0.22,0.8,0.66,0.42,44.83,1,0,18-24,Postpaid_Unlimited,Premium_Smartphone,3G,2026-06-25
SUB5441971,0.97,1.26,0.65,0.02,51.59,0,0,18-24,Prepaid_Monthly,Mid_Range,5G,2026-06-29
SUB5850825,0.79,2.84,0.06,0.13,81.19,1,1,18-24,Postpaid_Unlimited,Mid_Range,5G,2026-06-12
SUB8323777,2.36,2.39,0.74,0.02,61.74,0,0,18-24,Postpaid_Premium,5G_Device,4G,2026-06-18
SUB7805697,2.45,0.08,0.34,1.35,61.28,0,1,25-34,Prepaid_Daily,Mid_Range,4G,2026-06-24
SUB6595095,2.25,2.61,0.31,0.8,116.54,1,0,25-34,Postpaid_Basic,Mid_Range,5G,2026-07-02
SUB8438096,3.69,2.01,0.02,0.36,50.42,0,0,25-34,Postpaid_Unlimited,Premium_Smartphone,3G,2026-07-02
SUB4053407,8.0,2.94,0.08,3.07,103.15,0,1,18-24,Postpaid_Premium,5G_Device,4G+,2026-06-17
SUB2417231,0.11,0.58,0.17,0.0,66.36,0,1,35-44,Prepaid_Monthly,Mid_Range,4G,2026-06-27
SUB1407974,2.15,6.0,1.17,1.11,132.04,0,0,45-54,Postpaid_Unlimited,5G_Device,4G+,2026-06-14
SUB4604724,0.08,0.61,0.01,0.22,52.29,0,1,55+,Prepaid_Monthly,Basic_Phone,5G,2026-06-24
SUB7818922,0.47,0.73,0.05,0.11,72.97,1,0,55+,Prepaid_Monthly,Mid_Range,4G,2026-06-12
SUB7847575,0.18,0.36,0.58,0.22,65.02,0,0,55+,Postpaid_Premium,Premium_Smartphone,4G,2026-06-21
SUB2151882,0.91,1.1,0.11,0.06,61.06,0,0,45-54,Prepaid_Monthly,Premium_Smartphone,4G,2026-06-13
SUB7456182,0.22,0.37,0.62,0.13,105.97,1,0,35-44,Postpaid_Basic,Mid_Range,5G,2026-06-21
SUB9118612,1.18,1.97,0.17,0.83,91.1,0,0,18-24,Postpaid_Premium,Premium_Smartphone,4G+,2026-06-22
SUB7999366,0.64,0.82,0.18,3.0,26.46,1,0,35-44,Postpaid_Basic,Basic_Phone,5G,2026-06-09
SUB3471321,1.81,2.9,4.0,0.48,125.67,1,1,18-24,Prepaid_Daily,Premium_Smartphone,4G,2026-06-18
SUB1700270,2.45,0.78,0.24,0.16,64.2,1,1,45-54,Postpaid_Basic,Mid_Range,4G,2026-07-01
SUB9479025,0.01,0.89,0.5,0.04,42.42,0,0,25-34,Postpaid_Basic,Premium_Smartphone,3G,2026-07-05
SUB5622942,1.13,0.91,0.85,1.69,78.46,1,0,35-44,Postpaid_Basic,Premium_Smartphone,4G,2026-06-21
SUB1192458,1.19,0.71,1.8,1.2,74.0,0,1,18-24,Postpaid_Premium,5G_Device,4G,2026-07-04
SUB5718912,0.07,0.49,0.42,0.08,71.1,0,1,25-34,Prepaid_Daily,Premium_Smartphone,3G,2026-07-06
SUB4896937,0.3,1.95,0.31,0.76,113.21,0,0,25-34,Postpaid_Premium,Premium_Smartphone,4G+,2026-06-27
SUB6497963,0.62,1.02,0.29,0.82,61.32,0,0,25-34,Postpaid_Premium,Premium_Smartphone,3G,2026-07-03
SUB5102553,1.77,2.37,0.76,0.46,123.72,1,0,25-34,Postpaid_Premium,Tablet,5G,2026-06-10
SUB9434858,2.25,2.89,1.71,2.13,106.18,1,0,18-24,Postpaid_Basic,5G_Device,4G,2026-06-17
SUB1475147,2.72,6.0,4.0,3.75,111.75,0,0,25-34,Prepaid_Monthly,5G_Device,5G,2026-07-03
SUB4017193,0.84,0.68,1.06,0.02,110.43,0,0,25-34,Prepaid_Monthly,Premium_Smartphone,5G,2026-06-26
SUB3112368,0.66,1.29,3.34,0.54,120.09,1,0,45-54,Postpaid_Premium,Premium_Smartphone,5G,2026-06-11
SUB7818753,2.15,1.07,0.28,0.0,60.64,0,1,25-34,Postpaid_Basic,Mid_Range,4G,2026-06-24
SUB1876336,7.19,2.51,2.06,0.11,74.04,0,0,25-34,Prepaid_Monthly,5G_Device,5G,2026-06-25
SUB7436737,0.16,0.46,0.19,0.02,35.6,1,0,55+,Postpaid_Basic,Mid_Range,3G,2026-06-21
SUB5898107,2.12,0.8,0.25,0.07,35.85,0,1,35-44,Postpaid_Premium,Basic_Phone,4G,2026-06-23
SUB6782197,1.57,1.19,0.52,0.01,115.15,0,1,25-34,Prepaid_Daily,Premium_Smartphone,4G+,2026-06-29
SUB5071867,4.29,2.61,0.55,0.43,35.76,0,0,25-34,Postpaid_Unlimited,Mid_Range,4G+,2026-06-30
SUB8110953,0.42,0.1,0.21,0.08,67.15,0,0,45-54,Prepaid_Daily,5G_Device,3G,2026-06-08
SUB2418060,0.62,1.5,0.92,0.53,82.62,0,0,25-34,Postpaid_Basic,5G_Device,4G,2026-06-12
SUB5228087,0.32,0.92,0.06,3.67,106.86,1,0,25-34,Postpaid_Basic,Premium_Smartphone,4G,2026-06-27
SUB5228456,0.5,0.2,0.02,0.05,57.98,0,0,45-54,Prepaid_Daily,Mid_Range,5G,2026-06-30
SUB5639022,1.06,5.7,0.4,0.25,102.53,0,0,18-24,Postpaid_Unlimited,Premium_Smartphone,5G,2026-07-03
SUB6796260,0.83,0.89,0.2,0.01,78.98,1,1,45-54,Postpaid_Basic,Premium_Smartphone,3G,2026-07-05
SUB9537333,0.45,0.94,0.31,0.13,67.57,0,0,25-34,Prepaid_Daily,Mid_Range,5G,2026-06-13
SUB9879823,0.78,2.2,0.76,0.25,82.49,0,0,35-44,Postpaid_Premium,5G_Device,4G,2026-06-23
SUB6997804,8.0,3.39,0.04,0.0,69.23,0,0,45-54,Postpaid_Premium,Mid_Range,4G+,2026-06-20
SUB3268693,2.0,6.0,0.78,1.16,92.08,0,0,25-34,Postpaid_Unlimited,5G_Device,4G+,2026-06-27
SUB4924152,1.13,1.1,0.26,1.49,134.84,1,0,45-54,Prepaid_Monthly,5G_Device,4G,2026-06-07
SUB8688659,1.45,0.18,0.02,0.54,109.73,0,0,55+,Prepaid_Monthly,Tablet,5G,2026-06-12
SUB9710506,0.53,1.56,2.21,0.16,74.96,0,0,25-34,Prepaid_Daily,Premium_Smartphone,4G,2026-07-05
SUB1685338,0.94,0.65,0.22,0.04,61.49,0,0,55+,Postpaid_Premium,Premium_Smartphone,3G,2026-06-08
SUB4502415,4.02,1.17,0.85,5.91,79.19,0,0,18-24,Postpaid_Basic,5G_Device,4G+,2026-06-22
SUB7334625,1.31,3.88,0.58,0.35,75.21,0,0,45-54,Postpaid_Unlimited,5G_Device,4G,2026-06-17
SUB9443353,2.67,6.0,0.73,1.16,84.06,0,0,25-34,Postpaid_Premium,5G_Device,4G,2026-06-22
SUB2683032,6.5,6.0,2.35,2.2,93.43,0,0,25-34,Postpaid_Unlimited,5G_Device,4G+,2026-06-17
SUB6232651,2.58,5.94,0.89,2.33,79.04,1,0,18-24,Postpaid_Unlimited,Premium_Smartphone,3G,2026-06-27
SUB6954632,0.46,0.42,0.38,0.64,31.55,0,0,25-34,Prepaid_Monthly,Basic_Phone,4G,2026-06-24
SUB3118219,0.18,1.25,0.88,0.07,38.1,0,0,18-24,Prepaid_Daily,Mid_Range,4G,2026-06-13
SUB3148185,0.96,0.2,0.12,0.62,200.0,1,1,55+,Prepaid_Daily,Premium_Smartphone,5G,2026-06-20
SUB9433864,0.1,0.38,0.06,0.34,75.21,1,0,45-54,Prepaid_Monthly,Mid_Range,5G,2026-06-23
SUB8037449,1.41,0.46,0.08,0.53,67.35,0,0,18-24,Postpaid_Basic,Premium_Smartphone,4G,2026-06-07
SUB9890872,0.49,1.1,0.89,0.63,155.72,1,0,18-24,Prepaid_Daily,Premium_Smartphone,5G,2026-06-23
SUB4346145,0.54,0.04,0.36,0.1,74.06,0,0,45-54,Prepaid_Monthly,Mid_Range,4G+,2026-06-07
SUB3183955,0.34,2.51,0.39,0.15,82.12,1,0,25-34,Prepaid_Monthly,Mid_Range,4G+,2026-06-29
SUB1479809,0.3,2.85,1.9,0.02,75.33,0,0,18-24,Prepaid_Daily,Premium_Smartphone,4G,2026-06-18
SUB3650432,4.61,3.37,0.02,0.21,83.64,0,0,25-34,Prepaid_Monthly,5G_Device,5G,2026-06-14
SUB5175282,0.69,5.37,1.14,0.1,197.07,1,1,25-34,Prepaid_Daily,5G_Device,5G,2026-06-29
SUB6455483,0.21,0.79,1.28,2.68,68.01,0,0,18-24,Prepaid_Monthly,Mid_Range,5G,2026-06-07
SUB7864547,1.59,0.36,1.12,1.04,93.27,1,0,35-44,Prepaid_Daily,Premium_Smartphone,4G,2026-06-24
SUB2767413,2.93,3.14,0.41,0.09,52.34,0,0,35-44,Postpaid_Premium,5G_Device,3G,2026-07-02
SUB3573697,0.6,1.97,0.65,0.13,94.59,0,0,18-24,Prepaid_Daily,Premium_Smartphone,4G,2026-07-01
SUB4600952,1.15,1.3,0.31,0.19,81.44,0,0,55+,Postpaid_Unlimited,Mid_Range,5G,2026-06-13
SUB2971277,0.62,0.14,0.44,0.07,47.56,0,0,35-44,Postpaid_Basic,Mid_Range,5G,2026-06-08
SUB6546510,0.56,0.46,0.2,2.32,80.61,0,0,25-34,Postpaid_Basic,Mid_Range,5G,2026-06-13
SUB8896403,0.9,0.96,0.06,0.36,67.88,0,1,18-24,Postpaid_Basic,Mid_Range,4G,2026-07-01
SUB7097020,1.05,0.44,0.72,0.13,49.99,1,0,18-24,Prepaid_Monthly,Mid_Range,4G,2026-06-20
SUB6354342,0.73,3.64,0.11,0.09,42.63,0,0,25-34,Prepaid_Daily,Premium_Smartphone,3G,2026-06-20
SUB2196311,8.0,1.39,0.24,0.27,117.02,1,0,18-24,Postpaid_Premium,Premium_Smartphone,4G,2026-07-01
SUB1142157,2.06,6.0,1.23,2.29,109.29,0,1,25-34,Postpaid_Unlimited,Premium_Smartphone,4G,2026-06-20
SUB5788109,1.71,1.45,0.24,1.86,80.85,1,0,18-24,Postpaid_Unlimited,Mid_Range,4G+,2026-06-28
SUB2462603,0.68,2.3,0.35,0.28,112.4,1,1,35-44,Postpaid_Premium,Premium_Smartphone,4G,2026-07-02
SUB1136645,0.31,0.07,0.09,0.29,86.73,0,0,45-54,Prepaid_Monthly,Premium_Smartphone,4G,2026-06-26
SUB2652131,2.0,0.59,0.35,0.11,57.23,0,1,25-34,Postpaid_Basic,Tablet,3G,2026-07-01
SUB2186837,2.28,1.13,1.29,0.23,52.75,0,1,35-44,Postpaid_Premium,Mid_Range,4G,2026-06-28
SUB9730829,0.26,0.41,0.52,0.01,53.92,1,1,55+,Postpaid_Premium,Mid_Range,4G,2026-06-16
SUB8845219,0.23,2.7,0.01,0.1,94.58,0,1,35-44,Prepaid_Monthly,Mid_Range,5G,2026-06-28
SUB1053687,3.01,1.84,1.55,4.13,80.17,0,1,25-34,Postpaid_Unlimited,Premium_Smartphone,4G,2026-06-13
SUB3490272,2.55,6.0,0.52,0.57,100.53,1,1,25-34,Prepaid_Monthly,Tablet,3G,2026-06-26
SUB7843308,0.74,3.24,0.09,0.67,91.37,0,0,45-54,Postpaid_Basic,Premium_Smartphone,4G,2026-06-12
SUB6173395,1.5,3.24,2.01,0.31,123.56,0,0,18-24,Postpaid_Unlimited,5G_Device,5G,2026-07-04
SUB3629137,1.43,1.14,0.66,3.79,184.49,0,1,25-34,Postpaid_Unlimited,Premium_Smartphone,5G,2026-07-04
SUB5776415,0.21,0.26,0.02,0.03,14.21,0,1,35-44,Postpaid_Premium,Basic_Phone,3G,2026-06-15
SUB8208387,0.32,0.71,0.34,0.26,124.5,1,0,35-44,Prepaid_Monthly,5G_Device,4G+,2026-06-13
SUB7892180,1.94,1.47,0.38,0.19,61.81,0,0,45-54,Prepaid_Monthly,Mid_Range,4G,2026-06-21
SUB4861607,0.8,1.55,0.03,0.19,75.05,0,0,25-34,Prepaid_Daily,Mid_Range,4G+,2026-07-04
SUB5124390,3.61,0.69,1.77,3.42,75.07,1,0,18-24,Postpaid_Premium,Tablet,4G,2026-06-26
SUB3656222,0.01,0.6,0.04,0.15,56.3,1,0,55+,Postpaid_Basic,Mid_Range,4G,2026-06-07
SUB5434315,2.22,3.36,0.16,0.18,64.93,1,0,18-24,Postpaid_Basic,Mid_Range,4G,2026-06-22
SUB2553744,0.88,1.17,0.05,0.01,38.08,0,1,18-24,Postpaid_Basic,Mid_Range,4G,2026-06-09
SUB5266988,0.77,1.04,0.15,0.15,104.06,1,1,25-34,Postpaid_Basic,Premium_Smartphone,4G,2026-06-12
SUB6693014,0.1,0.06,0.04,0.0,12.72,0,0,45-54,Postpaid_Basic,Basic_Phone,3G,2026-06-27
SUB9121485,0.28,6.0,0.24,0.1,46.51,0,1,45-54,Postpaid_Unlimited,Mid_Range,4G,2026-07-06
SUB6459501,0.19,0.4,0.32,0.28,29.16,0,0,55+,Prepaid_Daily,Premium_Smartphone,3G,2026-07-02
SUB8575327,8.0,2.87,1.17,1.47,78.56,0,0,18-24,Postpaid_Premium,5G_Device,5G,2026-07-06
SUB5013582,2.8,6.0,0.43,0.57,82.17,1,0,25-34,Prepaid_Monthly,Mid_Range,4G+,2026-06-21
SUB3872875,1.61,3.36,1.22,0.55,77.83,0,0,25-34,Postpaid_Premium,Premium_Smartphone,4G,2026-06-27
SUB2841646,1.53,2.86,0.88,1.32,116.6,1,0,45-54,Postpaid_Unlimited,Premium_Smartphone,4G,2026-07-04
SUB6800545,0.65,0.76,0.01,0.12,11.63,0,0,25-34,Prepaid_Monthly,Basic_Phone,3G,2026-06-07
SUB8970564,0.72,0.1,0.1,0.01,68.78,0,0,18-24,Prepaid_Daily,Mid_Range,4G,2026-06-07
SUB9038508,0.14,1.39,0.36,1.29,34.74,0,0,35-44,Prepaid_Monthly,Premium_Smartphone,3G,2026-06-22
SUB2596246,0.17,5.46,0.1,0.59,71.6,0,1,25-34,Prepaid_Monthly,Premium_Smartphone,3G,2026-07-03
SUB9194253,1.75,1.35,0.55,0.34,31.23,0,0,25-34,Postpaid_Premium,Mid_Range,4G,2026-06-16
SUB5428622,0.26,0.15,0.18,0.09,55.14,1,1,45-54,Prepaid_Daily,Basic_Phone,4G+,2026-07-01
SUB3469930,0.17,0.27,0.07,0.1,23.79,0,1,25-34,Prepaid_Daily,Basic_Phone,4G+,2026-06-07
SUB1131936,8.0,1.16,0.34,0.42,145.8,0,1,18-24,Postpaid_Premium,Premium_Smartphone,4G+,2026-06-19
SUB9226036,1.23,1.15,1.19,0.91,108.39,1,0,25-34,Postpaid_Basic,Premium_Smartphone,4G+,2026-06-07
SUB6152030,1.19,0.48,1.13,2.45,111.85,0,0,25-34,Prepaid_Monthly,Premium_Smartphone,5G,2026-06-17
SUB5842256,1.48,1.55,0.29,0.46,68.53,0,0,18-24,Postpaid_Basic,Premium_Smartphone,4G,2026-07-01
SUB3469970,2.16,5.02,0.13,0.21,114.64,0,1,35-44,Postpaid_Premium,5G_Device,4G,2026-06-17
SUB6062581,0.38,0.75,0.96,1.77,106.03,0,0,18-24,Prepaid_Daily,Tablet,5G,2026-06-12
SUB6312470,0.51,0.08,0.03,1.49,55.01,0,0,55+,Postpaid_Basic,Premium_Smartphone,4G,2026-06-17
SUB3578682,1.56,2.35,1.47,0.43,72.5,0,0,18-24,Postpaid_Premium,Premium_Smartphone,4G,2026-06-24
SUB2504900,0.1,0.47,0.21,0.31,41.97,0,0,25-34,Prepaid_Monthly,Mid_Range,4G,2026-06-14
SUB9580504,7.02,1.64,2.4,0.11,62.74,1,1,25-34,Postpaid_Premium,Mid_Range,4G,2026-07-05
SUB6283422,0.24,0.37,1.38,0.77,88.06,0,0,45-54,Postpaid_Premium,Premium_Smartphone,4G,2026-07-05
SUB5607765,0.94,2.65,0.83,0.13,133.46,0,0,25-34,Postpaid_Premium,Tablet,5G,2026-06-27
SUB8157676,0.49,1.46,0.21,0.03,38.04,1,0,45-54,Postpaid_Premium,Mid_Range,3G,2026-06-13
SUB3380612,0.8,1.37,0.08,0.5,64.31,1,0,45-54,Postpaid_Premium,5G_Device,4G,2026-06-11
SUB9622587,0.56,1.44,0.02,0.44,173.4,1,1,55+,Postpaid_Premium,Tablet,4G+,2026-06-14
SUB9666712,3.19,1.92,1.83,0.09,85.95,0,0,45-54,Postpaid_Premium,5G_Device,4G,2026-07-01
SUB6219574,0.34,6.0,0.89,0.19,97.38,0,1,18-24,Postpaid_Basic,5G_Device,5G,2026-07-02
SUB6569451,0.36,0.85,0.06,0.02,81.89,0,1,45-54,Prepaid_Daily,Mid_Range,5G,2026-07-03
SUB5791882,0.05,0.06,0.12,0.06,11.74,0,0,55+,Prepaid_Monthly,Basic_Phone,4G,2026-06-11
SUB7862758,0.28,0.24,0.36,1.17,108.16,1,1,55+,Prepaid_Monthly,Mid_Range,5G,2026-06-12
SUB1995893,3.4,0.87,0.18,4.44,77.28,1,0,18-24,Prepaid_Monthly,5G_Device,3G,2026-06-14
SUB3670492,2.31,1.46,0.44,0.75,68.79,0,0,35-44,Postpaid_Basic,Mid_Range,4G+,2026-06-16
SUB8354421,1.34,0.57,3.31,0.93,58.66,0,0,18-24,Postpaid_Unlimited,Mid_Range,5G,2026-06-28
SUB3977299,2.55,1.41,0.82,1.21,100.0,0,0,25-34,Postpaid_Unlimited,Premium_Smartphone,4G+,2026-06-26
SUB3934317,1.28,1.77,0.72,0.76,107.66,0,0,35-44,Postpaid_Premium,Premium_Smartphone,4G+,2026-07-03
SUB5537454,0.65,0.33,0.12,0.01,91.0,0,0,55+,Postpaid_Unlimited,Premium_Smartphone,4G,2026-06-26
SUB9151168,5.39,2.58,0.46,0.0,95.42,0,0,35-44,Postpaid_Unlimited,Tablet,4G+,2026-06-12
SUB2546064,0.16,0.31,0.08,0.2,27.74,0,0,45-54,Postpaid_Unlimited,Basic_Phone,4G,2026-06-19
SUB4240641,1.65,1.96,0.17,0.59,65.42,0,1,18-24,Prepaid_Daily,Premium_Smartphone,4G,2026-06-23
SUB3715548,3.35,1.82,0.18,2.91,200.0,1,1,18-24,Prepaid_Monthly,Premium_Smartphone,5G,2026-06-22
SUB1779091,1.88,1.79,0.05,2.71,89.38,1,1,35-44,Postpaid_Basic,Mid_Range,4G+,2026-06-22
SUB2706930,0.39,0.55,0.17,0.28,52.03,0,0,25-34,Prepaid_Daily,Premium_Smartphone,3G,2026-06-07
SUB6967520,2.39,1.12,0.02,0.48,83.56,0,0,45-54,Postpaid_Premium,Premium_Smartphone,4G+,2026-06-12
SUB1964795,1.68,0.19,0.33,0.24,189.04,1,1,25-34,Prepaid_Daily,Premium_Smartphone,5G,2026-06-20
SUB2578458,0.32,0.68,0.49,0.14,11.87,1,1,25-34,Prepaid_Monthly,Basic_Phone,3G,2026-06-15
SUB9658123,0.62,1.63,1.17,0.03,103.8,1,0,25-34,Prepaid_Daily,5G_Device,4G,2026-06-26
SUB6981804,8.0,2.23,0.46,6.0,179.63,1,0,25-34,Postpaid_Basic,5G_Device,5G,2026-06-23
SUB8583491,0.23,0.46,0.07,0.35,43.71,0,0,55+,Postpaid_Basic,Mid_Range,4G,2026-06-19
SUB1671986,3.45,1.65,3.17,0.02,96.44,1,0,25-34,Postpaid_Premium,Mid_Range,5G,2026-06-08
SUB9526508,0.98,2.25,0.45,2.1,101.19,0,0,25-34,Prepaid_Monthly,Premium_Smartphone,4G+,2026-06-16
SUB8845772,0.59,0.7,0.09,0.47,83.6,0,1,45-54,Postpaid_Basic,Mid_Range,4G+,2026-07-04
SUB9048056,0.11,6.0,0.12,0.34,69.31,0,1,25-34,Postpaid_Premium,Premium_Smartphone,4G,2026-07-05
SUB7989875,0.59,4.32,0.06,0.57,58.84,1,0,45-54,Postpaid_Premium,Mid_Range,4G,2026-06-24
SUB9901674,0.7,0.62,0.21,0.14,72.26,0,1,18-24,Prepaid_Monthly,5G_Device,3G,2026-07-02
SUB5008146,0.39,2.92,0.2,0.16,50.78,0,0,18-24,Prepaid_Daily,Mid_Range,4G,2026-06-26
SUB3361331,0.07,0.43,0.05,0.1,142.55,1,0,55+,Prepaid_Daily,Tablet,4G+,2026-07-03
SUB2158343,1.51,0.52,0.15,0.26,44.78,0,1,45-54,Postpaid_Premium,Basic_Phone,4G,2026-06-08
SUB1541529,0.58,1.51,0.06,0.71,49.24,0,0,25-34,Prepaid_Monthly,Mid_Range,4G,2026-06-27
SUB5348530,0.24,1.4,0.35,0.13,68.38,1,0,35-44,Prepaid_Daily,Mid_Range,4G+,2026-06-15
SUB9283161,0.39,0.89,0.05,0.15,103.32,0,0,55+,Prepaid_Daily,5G_Device,5G,2026-06-07
SUB6156758,1.24,6.0,0.7,0.69,67.3,0,0,18-24,Postpaid_Premium,Premium_Smartphone,3G,2026-06-22
SUB3153548,2.59,4.1,0.04,0.08,89.7,0,0,18-24,Postpaid_Basic,Premium_Smartphone,4G,2026-06-27
SUB9507528,1.24,0.38,0.63,0.16,51.0,0,0,25-34,Postpaid_Basic,Mid_Range,4G+,2026-07-01
SUB1406547,2.25,0.18,0.18,0.03,29.15,1,1,18-24,Postpaid_Basic,Basic_Phone,4G,2026-06-27
SUB2657583,3.31,4.79,0.49,0.28,124.58,0,1,18-24,Prepaid_Daily,Premium_Smartphone,5G,2026-06-20
SUB1063014,0.13,1.38,0.56,0.03,137.75,0,0,45-54,Prepaid_Monthly,Premium_Smartphone,5G,2026-06-19
SUB7477006,0.54,0.61,0.34,0.01,31.78,0,1,18-24,Prepaid_Monthly,Basic_Phone,5G,2026-06-07
SUB6910494,0.33,0.3,0.2,0.15,22.1,0,0,45-54,Prepaid_Monthly,Mid_Range,4G,2026-06-15
SUB2235382,0.94,2.31,1.57,1.62,86.81,1,1,25-34,Postpaid_Unlimited,Premium_Smartphone,3G,2026-06-24
SUB6228298,0.37,0.93,0.49,0.01,44.09,0,0,35-44,Postpaid_Basic,Mid_Range,5G,2026-06-28
SUB5532889,0.77,2.69,3.26,0.64,158.62,1,0,35-44,Postpaid_Premium,5G_Device,4G+,2026-06-07
SUB9745386,4.66,0.13,0.5,0.64,79.0,1,0,25-34,Prepaid_Monthly,Mid_Range,4G+,2026-06-12
SUB8775679,2.92,2.91,0.21,0.09,101.27,1,1,18-24,Prepaid_Monthly,Premium_Smartphone,4G,2026-06-18
SUB4132293,0.28,0.82,0.21,0.01,94.13,0,0,18-24,Prepaid_Monthly,Premium_Smartphone,4G,2026-06-12
SUB5032371,0.33,0.3,0.32,0.47,159.17,1,1,45-54,Postpaid_Premium,Premium_Smartphone,4G,2026-07-04
SUB3602352,0.28,0.63,2.01,1.11,78.25,0,1,18-24,Prepaid_Monthly,Premium_Smartphone,3G,2026-06-11
SUB2531817,0.62,0.95,0.11,2.05,166.26,0,1,18-24,Prepaid_Monthly,5G_Device,4G+,2026-06-21
SUB7767835,0.88,0.45,0.12,0.23,100.39,1,1,55+,Postpaid_Premium,Premium_Smartphone,3G,2026-06-21
SUB3015074,3.07,0.19,1.01,0.37,81.91,0,0,55+,Postpaid_Unlimited,5G_Device,4G,2026-06-23
SUB6715175,1.56,1.88,0.84,2.94,132.98,0,0,25-34,Prepaid_Daily,Premium_Smartphone,5G,2026-06-09
SUB8745863,0.11,0.21,0.41,0.45,78.24,0,0,18-24,Prepaid_Daily,Mid_Range,5G,2026-06-10
SUB5720058,2.72,0.3,0.77,0.24,68.03,0,0,35-44,Prepaid_Daily,Mid_Range,5G,2026-07-03
SUB7619511,1.53,2.94,0.08,0.37,51.94,0,0,45-54,Postpaid_Premium,Mid_Range,5G,2026-06-25
SUB2802502,0.13,0.59,0.08,0.02,25.57,0,0,18-24,Prepaid_Daily,Basic_Phone,4G,2026-06-22
SUB2462538,0.58,6.0,0.63,0.02,119.56,1,1,18-24,Postpaid_Basic,Premium_Smartphone,4G,2026-06-16
SUB7379878,1.24,1.78,0.27,0.61,134.61,1,0,45-54,Postpaid_Basic,Premium_Smartphone,4G+,2026-06-19
SUB6745980,0.33,0.04,0.08,0.29,78.82,0,0,55+,Prepaid_Monthly,Premium_Smartphone,4G+,2026-06-07
SUB3026819,0.74,0.82,0.1,0.0,107.23,1,0,45-54,Prepaid_Daily,Premium_Smartphone,4G,2026-06-08
SUB6209995,0.22,1.62,0.8,0.11,63.37,0,0,18-24,Prepaid_Monthly,Premium_Smartphone,4G,2026-06-16
SUB4934053,0.13,0.37,0.03,0.02,8.79,0,0,25-34,Prepaid_Daily,Basic_Phone,4G,2026-06-22
SUB8632749,0.28,0.57,0.0,0.08,19.25,0,0,35-44,Prepaid_Daily,Basic_Phone,5G,2026-07-06
SUB6864075,0.78,0.31,0.06,0.97,131.5,0,0,18-24,Postpaid_Basic,Premium_Smartphone,5G,2026-07-02
SUB1732722,1.01,2.15,0.05,0.42,59.56,0,0,18-24,Postpaid_Premium,Mid_Range,4G,2026-06-13
SUB6080692,0.41,0.43,0.15,0.04,34.14,0,0,25-34,Prepaid_Daily,Mid_Range,4G,2026-06-30
SUB7025261,0.5,2.29,0.43,0.15,39.27,0,0,25-34,Postpaid_Basic,Mid_Range,5G,2026-06-16
SUB9245044,0.52,1.53,0.35,0.43,57.02,0,1,25-34,Prepaid_Monthly,Mid_Range,4G+,2026-06-13
SUB4875416,0.17,0.88,0.02,0.01,39.37,1,1,45-54,Postpaid_Premium,Basic_Phone,4G,2026-07-01
SUB6038460,1.7,1.63,1.7,0.16,84.75,0,1,45-54,Postpaid_Premium,Mid_Range,5G,2026-06-12
SUB8317619,0.4,0.05,0.03,0.01,25.96,0,0,55+,Postpaid_Premium,Basic_Phone,4G,2026-06-11
SUB7038602,0.44,1.04,0.03,0.01,11.78,0,1,45-54,Prepaid_Monthly,Basic_Phone,3G,2026-07-03
SUB5101599,1.52,3.41,0.04,0.31,122.99,0,1,25-34,Postpaid_Basic,5G_Device,5G,2026-06-23
SUB2390598,0.8,5.61,0.34,0.45,103.19,1,1,25-34,Postpaid_Premium,Mid_Range,5G,2026-06-24
SUB5546925,5.81,1.51,0.06,1.62,108.89,1,0,25-34,Prepaid_Daily,Premium_Smartphone,4G,2026-06-21
SUB5879797,3.55,1.16,1.54,0.96,63.74,0,0,18-24,Postpaid_Basic,Mid_Range,5G,2026-06-26
SUB4775702,1.92,2.79,0.08,0.64,117.88,0,0,55+,Postpaid_Premium,5G_Device,4G+,2026-06-19
SUB5090284,4.33,2.91,1.87,0.28,134.66,1,0,18-24,Prepaid_Monthly,Premium_Smartphone,5G,2026-06-29
SUB7770161,3.56,0.64,2.58,0.05,67.33,0,0,25-34,Postpaid_Basic,Mid_Range,4G+,2026-06-25
SUB7898410,0.95,1.98,0.04,0.5,35.29,0,0,35-44,Postpaid_Premium,Mid_Range,4G,2026-07-03
SUB3455918,1.87,0.91,1.11,0.21,61.31,0,0,25-34,Prepaid_Daily,Mid_Range,5G,2026-06-07
SUB9053048,1.39,1.62,0.31,0.08,71.64,0,0,35-44,Prepaid_Monthly,5G_Device,4G,2026-07-03
SUB9093212,1.26,0.79,0.07,0.1,48.62,0,0,25-34,Prepaid_Monthly,Premium_Smartphone,3G,2026-06-18
SUB9699043,0.31,0.69,1.04,0.99,41.76,0,1,18-24,Prepaid_Daily,Mid_Range,3G,2026-06-09
SUB9547085,2.06,0.75,2.6,0.57,138.01,1,0,18-24,Prepaid_Daily,5G_Device,5G,2026-07-05
SUB8588173,0.41,0.37,0.03,0.62,81.28,1,1,55+,Prepaid_Monthly,Mid_Range,4G,2026-06-18
SUB8955229,1.58,0.1,0.11,0.56,119.22,1,0,25-34,Prepaid_Daily,Premium_Smartphone,4G,2026-06-29
SUB8110928,6.64,1.7,3.83,0.38,107.03,0,0,25-34,Postpaid_Basic,5G_Device,5G,2026-06-16
SUB4730370,3.4,1.36,0.16,0.38,165.93,0,1,25-34,Prepaid_Monthly,5G_Device,5G,2026-06-14
SUB4688173,0.11,1.72,0.37,2.06,111.58,1,0,18-24,Prepaid_Daily,Premium_Smartphone,4G,2026-06-25
SUB7705836,3.19,0.94,0.73,0.29,139.56,0,0,25-34,Prepaid_Monthly,5G_Device,5G,2026-06-20
SUB9009806,1.54,1.78,0.1,0.07,115.2,0,0,35-44,Prepaid_Daily,Tablet,4G+,2026-07-01
SUB2980407,0.59,0.7,0.15,0.53,123.7,0,0,45-54,Prepaid_Monthly,5G_Device,4G+,2026-07-02
SUB7143192,1.62,0.78,0.19,0.11,58.68,0,1,35-44,Prepaid_Monthly,Mid_Range,4G,2026-06-13
SUB4277746,3.84,6.0,1.25,0.29,86.5,1,0,18-24,Postpaid_Premium,Mid_Range,4G+,2026-06-18
SUB1801125,1.66,0.67,0.19,0.17,34.34,0,0,25-34,Prepaid_Monthly,Mid_Range,4G,2026-06-07
SUB3386537,2.0,1.32,0.37,1.37,80.55,0,0,18-24,Prepaid_Monthly,5G_Device,5G,2026-06-29
SUB3998778,2.46,1.53,0.56,0.53,74.89,0,0,18-24,Postpaid_Premium,Mid_Range,4G+,2026-06-22
SUB3693695,3.42,0.72,0.3,0.27,88.91,1,1,25-34,Postpaid_Basic,Mid_Range,5G,2026-07-01
SUB2768693,1.77,0.7,0.11,0.07,50.84,0,1,25-34,Postpaid_Basic,Basic_Phone,5G,2026-07-06
SUB6254230,1.66,1.08,0.76,1.05,93.67,0,0,35-44,Postpaid_Premium,Premium_Smartphone,4G+,2026-06-24
SUB4856600,0.31,0.78,0.12,0.03,83.79,0,0,35-44,Prepaid_Monthly,Premium_Smartphone,4G+,2026-06-16
SUB1101894,0.87,0.24,0.07,0.37,57.82,1,0,45-54,Postpaid_Unlimited,Mid_Range,4G,2026-06-23
SUB2408277,0.67,2.71,0.65,0.39,125.17,0,0,45-54,Postpaid_Unlimited,Premium_Smartphone,4G+,2026-07-06
SUB7188753,1.32,1.55,0.39,0.42,43.69,0,0,18-24,Prepaid_Monthly,Mid_Range,4G,2026-07-06
SUB4567945,1.61,4.76,0.97,0.71,71.6,0,1,25-34,Postpaid_Unlimited,Mid_Range,4G,2026-06-16
SUB4666569,4.52,5.17,4.0,3.12,146.81,0,0,25-34,Postpaid_Premium,Tablet,5G,2026-06-29
SUB4229112,1.34,1.74,2.5,0.3,109.27,0,0,25-34,Postpaid_Unlimited,Premium_Smartphone,4G+,2026-06-11
SUB2048966,1.94,2.42,0.32,0.02,45.7,1,0,18-24,Postpaid_Premium,Mid_Range,3G,2026-06-13
SUB8820783,4.54,0.21,2.93,0.49,119.71,1,0,18-24,Postpaid_Premium,Tablet,4G+,2026-06-24
SUB8875889,0.17,0.21,0.01,0.24,91.69,1,1,25-34,Prepaid_Daily,Mid_Range,4G+,2026-06-12
SUB5216794,0.97,2.53,0.43,0.55,134.04,0,0,35-44,Postpaid_Basic,Premium_Smartphone,4G+,2026-06-09
SUB3089632,0.04,0.43,0.11,0.19,58.02,1,0,35-44,Prepaid_Monthly,Premium_Smartphone,3G,2026-06-20
SUB8834112,2.1,5.7,0.78,0.03,76.5,0,1,25-34,Prepaid_Monthly,Mid_Range,5G,2026-06-27
SUB5799412,1.78,4.03,0.06,6.0,168.84,1,0,25-34,Postpaid_Unlimited,Premium_Smartphone,5G,2026-06-11
SUB8729578,1.1,0.91,0.48,0.14,59.77,1,0,25-34,Prepaid_Daily,Mid_Range,3G,2026-06-08
SUB1312579,4.42,1.03,0.15,2.46,157.82,1,0,35-44,Postpaid_Premium,Premium_Smartphone,4G+,2026-06-10
SUB7807040,2.01,1.44,0.55,0.43,101.5,1,1,18-24,Prepaid_Daily,Mid_Range,4G,2026-06-07
SUB7355421,2.88,0.66,0.56,0.35,73.79,1,0,35-44,Prepaid_Daily,Premium_Smartphone,4G,2026-07-01
SUB2563825,0.61,0.34,0.68,0.12,84.6,1,1,35-44,Postpaid_Basic,Premium_Smartphone,3G,2026-06-21
SUB4518920,0.66,4.84,0.6,0.13,53.63,0,0,18-24,Prepaid_Daily,Premium_Smartphone,4G,2026-06-13
SUB5028604,8.0,6.0,0.11,0.01,87.15,0,1,18-24,Postpaid_Unlimited,5G_Device,4G,2026-06-26
SUB8433980,0.78,0.49,0.44,0.4,11.37,1,0,18-24,Prepaid_Monthly,Basic_Phone,4G+,2026-06-15
SUB2524631,0.19,0.28,0.1,0.07,24.88,0,0,25-34,Prepaid_Daily,Basic_Phone,4G+,2026-06-23
SUB6224369,0.15,0.64,0.01,0.16,40.92,0,0,45-54,Prepaid_Daily,Mid_Range,4G,2026-06-17
SUB5961914,0.42,1.02,0.37,0.53,94.82,0,1,25-34,Prepaid_Monthly,Tablet,4G,2026-06-12
SUB8595853,1.68,1.72,0.66,0.02,91.35,1,0,25-34,Prepaid_Daily,5G_Device,4G,2026-07-04
SUB8650961,1.32,1.29,0.11,0.06,56.08,0,0,55+,Postpaid_Basic,5G_Device,4G,2026-06-18
SUB1906395,0.58,1.31,0.82,0.19,60.38,0,0,18-24,Postpaid_Basic,Mid_Range,4G+,2026-06-24
SUB2944606,0.13,0.72,0.68,0.63,70.37,0,0,18-24,Prepaid_Daily,Premium_Smartphone,4G,2026-06-20
SUB9288515,3.99,1.65,0.16,0.05,88.44,0,0,25-34,Prepaid_Monthly,Premium_Smartphone,4G,2026-06-23
SUB5805028,3.03,2.18,0.48,0.09,104.31,0,0,35-44,Postpaid_Premium,Premium_Smartphone,4G+,2026-07-01
SUB1970278,0.2,1.0,0.69,0.02,117.77,0,1,35-44,Postpaid_Basic,Premium_Smartphone,5G,2026-06-07
SUB9884527,0.4,1.19,0.1,0.04,58.72,0,0,25-34,Prepaid_Monthly,Mid_Range,4G,2026-06-24
SUB6271513,0.45,0.17,0.74,0.39,185.93,1,0,55+,Postpaid_Premium,Premium_Smartphone,5G,2026-06-27
SUB6005231,2.22,0.87,0.05,0.07,36.49,0,0,35-44,Postpaid_Premium,5G_Device,3G,2026-06-29
SUB3948134,2.51,6.0,2.56,1.94,69.73,0,1,18-24,Postpaid_Premium,Mid_Range,4G+,2026-06-29
SUB2347203,1.11,2.15,0.55,0.9,65.56,0,0,35-44,Postpaid_Premium,5G_Device,4G,2026-06-09
SUB7666781,5.44,3.04,0.32,1.31,133.07,1,0,18-24,Prepaid_Monthly,Premium_Smartphone,5G,2026-07-01
SUB9855197,1.82,0.47,0.26,0.35,59.83,0,0,35-44,Prepaid_Daily,Premium_Smartphone,4G,2026-06-19
SUB2187018,2.19,0.42,0.16,0.47,73.51,0,0,18-24,Prepaid_Monthly,Premium_Smartphone,4G,2026-07-04
SUB6097579,2.77,3.01,0.9,5.91,138.7,0,0,35-44,Postpaid_Unlimited,Premium_Smartphone,5G,2026-06-18
SUB8411979,2.55,0.94,0.49,0.03,61.19,0,0,25-34,Prepaid_Daily,Mid_Range,4G,2026-06-30
SUB3267357,8.0,0.86,0.04,0.16,71.24,1,0,45-54,Postpaid_Basic,Premium_Smartphone,4G,2026-06-18
SUB2799971,0.13,0.08,0.49,0.53,20.89,0,1,25-34,Postpaid_Premium,Basic_Phone,4G,2026-07-06
SUB1573881,1.9,0.22,1.01,1.82,75.49,0,1,35-44,Postpaid_Basic,Tablet,4G,2026-06-24
SUB7296665,0.79,2.56,1.61,0.23,94.7,1,0,25-34,Prepaid_Monthly,Mid_Range,5G,2026-06-10
SUB6893868,0.1,1.93,0.05,0.03,73.86,0,1,55+,Prepaid_Monthly,Mid_Range,4G,2026-06-08
SUB8609387,1.0,0.32,0.1,0.07,124.32,1,0,45-54,Prepaid_Daily,Tablet,4G,2026-07-04
SUB6252807,0.19,0.97,0.21,0.15,42.1,0,0,18-24,Prepaid_Monthly,Mid_Range,4G,2026-06-07
SUB4878551,0.25,0.32,0.01,0.18,69.98,0,0,55+,Prepaid_Daily,Mid_Range,4G+,2026-06-19
SUB4301394,0.47,0.71,0.12,3.37,63.02,0,0,25-34,Postpaid_Premium,5G_Device,3G,2026-06-23
SUB3827364,0.5,0.85,0.04,6.0,75.46,1,0,35-44,Postpaid_Unlimited,Mid_Range,5G,2026-06-08
SUB4354513,1.14,0.85,0.1,0.09,40.57,0,1,35-44,Postpaid_Basic,Basic_Phone,4G,2026-06-25
SUB2613560,3.96,3.13,0.61,0.56,39.53,0,0,18-24,Postpaid_Premium,Mid_Range,4G,2026-06-07
SUB3293673,0.16,0.95,0.48,0.31,136.48,0,0,55+,Postpaid_Basic,5G_Device,5G,2026-06-07
SUB4475488,1.13,0.37,0.04,1.09,53.08,0,0,25-34,Prepaid_Daily,Mid_Range,4G+,2026-06-22
SUB4020745,0.71,1.43,0.12,2.71,169.39,0,1,18-24,Prepaid_Daily,Premium_Smartphone,5G,2026-06-16
SUB5644068,1.36,0.45,0.08,0.14,62.91,0,0,45-54,Prepaid_Monthly,Mid_Range,5G,2026-07-06
SUB4302923,2.0,0.82,3.51,0.49,49.79,0,0,35-44,Postpaid_Premium,Mid_Range,4G,2026-06-30
SUB6643893,3.57,2.44,1.34,0.64,40.3,0,0,18-24,Postpaid_Unlimited,Mid_Range,4G,2026-06-24
SUB4195741,1.94,0.18,0.03,0.62,74.94,0,0,18-24,Prepaid_Monthly,Tablet,4G,2026-06-08
SUB9605094,0.01,0.88,0.45,2.45,82.63,1,0,35-44,Prepaid_Monthly,Premium_Smartphone,3G,2026-06-13
SUB9815496,0.1,2.23,0.56,1.49,37.06,0,1,18-24,Prepaid_Monthly,Mid_Range,4G,2026-06-27
SUB1835988,0.37,0.02,0.08,0.05,50.56,1,0,55+,Prepaid_Monthly,Mid_Range,4G,2026-07-03
SUB6104459,0.5,2.29,0.17,0.13,82.43,1,0,35-44,Postpaid_Basic,Mid_Range,5G,2026-06-22
SUB9103670,1.56,2.68,2.19,0.13,81.74,0,0,25-34,Postpaid_Premium,Premium_Smartphone,4G,2026-07-04
SUB1550428,0.25,3.26,0.08,0.31,51.55,0,0,25-34,Postpaid_Premium,Mid_Range,4G+,2026-06-21
SUB3089706,0.16,0.9,0.21,0.0,54.76,0,0,25-34,Postpaid_Basic,Mid_Range,4G,2026-07-06
SUB5305665,0.17,1.49,0.03,0.48,85.45,0,0,25-34,Prepaid_Monthly,5G_Device,5G,2026-06-28
SUB3889190,0.09,1.24,0.38,0.33,40.15,0,0,45-54,Postpaid_Unlimited,Mid_Range,4G,2026-07-05
SUB9785780,0.03,0.51,0.21,0.02,44.76,0,0,55+,Postpaid_Premium,Basic_Phone,5G,2026-07-02
SUB8751938,0.26,0.18,0.06,0.24,31.55,0,1,35-44,Prepaid_Monthly,Basic_Phone,4G,2026-06-18
SUB8660678,0.01,0.59,0.54,0.11,42.35,0,0,25-34,Prepaid_Monthly,Mid_Range,4G,2026-06-30
SUB1255658,0.24,1.83,0.76,0.54,13.08,0,1,18-24,Postpaid_Premium,Basic_Phone,4G,2026-07-03
SUB2730283,0.44,1.05,0.36,1.24,79.08,0,0,35-44,Prepaid_Monthly,Mid_Range,5G,2026-06-30
SUB7395300,0.34,2.92,0.03,4.2,134.06,0,1,35-44,Postpaid_Basic,Premium_Smartphone,5G,2026-06-20
SUB6029792,0.13,1.17,1.64,1.02,49.29,0,0,35-44,Prepaid_Monthly,Premium_Smartphone,4G,2026-07-05
SUB7389690,6.26,0.68,1.83,1.46,141.9,1,1,18-24,Postpaid_Premium,Premium_Smartphone,4G,2026-06-21
SUB7766174,8.0,0.78,0.05,0.81,185.04,1,1,45-54,Postpaid_Basic,Premium_Smartphone,5G,2026-06-29
SUB1751993,0.03,0.23,1.78,1.52,114.06,0,0,25-34,Postpaid_Basic,5G_Device,4G+,2026-06-16
SUB1828282,0.6,2.74,0.37,0.37,39.86,0,1,35-44,Postpaid_Unlimited,Mid_Range,4G,2026-06-30
SUB9860369,1.39,1.59,1.91,0.4,86.24,1,0,45-54,Postpaid_Unlimited,Mid_Range,5G,2026-07-04
SUB7615920,1.67,0.87,0.3,1.59,40.74,0,1,35-44,Postpaid_Premium,Mid_Range,4G,2026-06-16
SUB8313367,3.78,1.21,0.23,0.24,93.6,1,0,25-34,Prepaid_Daily,5G_Device,4G+,2026-06-07
SUB8359659,1.59,2.78,1.13,0.15,179.18,0,1,35-44,Prepaid_Monthly,Premium_Smartphone,5G,2026-06-14
SUB8663998,0.23,0.4,0.16,0.11,16.4,1,0,18-24,Prepaid_Monthly,Basic_Phone,4G,2026-06-17
SUB6465513,0.59,0.75,0.04,0.03,29.99,0,0,45-54,Prepaid_Monthly,Mid_Range,3G,2026-06-28
SUB1317942,3.46,2.78,1.43,0.15,147.6,0,0,18-24,Postpaid_Unlimited,Premium_Smartphone,5G,2026-06-11
SUB4894456,0.93,2.99,0.62,0.53,53.81,0,1,25-34,Postpaid_Unlimited,Basic_Phone,5G,2026-07-01
SUB1337462,7.24,2.08,2.23,3.48,116.39,0,0,18-24,Postpaid_Basic,Premium_Smartphone,5G,2026-07-04
SUB6609210,0.1,2.3,0.73,0.02,151.59,1,1,45-54,Prepaid_Daily,5G_Device,4G,2026-07-01
SUB4928207,0.25,0.08,0.08,0.13,20.72,0,1,35-44,Prepaid_Daily,Basic_Phone,5G,2026-06-23
SUB9810381,0.51,1.97,0.39,0.39,60.23,0,0,35-44,Prepaid_Monthly,Mid_Range,4G+,2026-07-03
SUB3430630,0.27,0.71,0.02,0.02,36.29,0,0,35-44,Prepaid_Daily,Basic_Phone,4G+,2026-06-21
SUB5563167,2.04,0.41,0.1,0.62,69.55,1,1,45-54,Postpaid_Basic,Mid_Range,4G,2026-06-08
SUB8463131,0.96,0.09,0.34,0.02,73.99,0,0,18-24,Postpaid_Basic,Premium_Smartphone,4G,2026-06-07
SUB3795126,1.11,0.17,0.02,0.39,22.98,0,0,35-44,Postpaid_Unlimited,Basic_Phone,4G,2026-06-14
SUB8614896,0.74,1.12,0.52,0.12,68.83,1,0,35-44,Prepaid_Daily,Mid_Range,4G,2026-06-28
SUB6562632,0.91,0.87,0.76,0.51,139.46,0,0,18-24,Prepaid_Monthly,Premium_Smartphone,5G,2026-06-19
SUB7398905,3.44,6.0,3.28,2.18,75.99,0,1,18-24,Postpaid_Unlimited,5G_Device,4G,2026-06-27
SUB6345708,6.17,1.66,3.69,1.39,103.16,0,0,25-34,Postpaid_Basic,Premium_Smartphone,4G,2026-07-01
SUB5266399,0.66,0.79,0.14,0.13,40.27,0,0,18-24,Prepaid_Daily,Mid_Range,4G+,2026-06-30
SUB3727364,1.07,3.25,0.21,0.26,24.45,0,1,25-34,Prepaid_Daily,Mid_Range,3G,2026-06-29
SUB9476201,4.56,3.07,0.16,0.07,108.98,0,0,18-24,Postpaid_Premium,Premium_Smartphone,4G+,2026-06-28
SUB6582266,2.01,0.86,0.88,0.0,37.65,0,0,35-44,Postpaid_Premium,Mid_Range,4G,2026-06-28
SUB1902473,0.69,2.66,1.09,2.19,58.44,0,0,18-24,Postpaid_Unlimited,Mid_Range,4G,2026-06-22
SUB1126202,1.43,0.07,0.82,0.15,88.51,0,0,25-34,Prepaid_Daily,Tablet,4G,2026-06-07
SUB9507150,0.43,0.25,0.07,0.04,20.0,0,0,55+,Postpaid_Premium,Basic_Phone,4G+,2026-06-26
SUB2417158,1.68,1.49,0.08,0.6,49.46,0,0,25-34,Postpaid_Premium,Mid_Range,4G+,2026-06-27
SUB2835932,8.0,6.0,1.18,1.34,147.23,1,1,25-34,Prepaid_Monthly,5G_Device,5G,2026-06-27
SUB3672762,2.87,2.29,0.29,1.52,28.0,0,0,35-44,Postpaid_Unlimited,Mid_Range,4G,2026-07-06
SUB4716434,6.98,1.25,1.42,0.41,12.34,1,1,18-24,Postpaid_Basic,Basic_Phone,4G,2026-07-04
SUB1455433,4.26,3.65,2.37,0.09,45.78,1,0,18-24,Postpaid_Unlimited,Mid_Range,4G,2026-06-30
SUB9478748,1.06,0.64,0.54,6.0,97.93,0,0,18-24,Postpaid_Unlimited,Premium_Smartphone,4G+,2026-06-16
SUB2515554,0.21,2.03,0.24,0.04,136.54,0,0,55+,Prepaid_Monthly,Tablet,4G+,2026-06-26
SUB2584645,1.9,1.61,1.6,0.1,157.2,0,1,35-44,Postpaid_Basic,Premium_Smartphone,5G,2026-06-13
SUB4230786,1.14,0.66,0.01,0.09,71.36,0,1,45-54,Prepaid_Monthly,Mid_Range,4G,2026-06-13
SUB5676103,0.45,0.46,0.25,0.36,52.26,0,0,55+,Postpaid_Premium,Mid_Range,4G,2026-06-21
SUB4416403,0.17,0.34,0.11,0.03,89.45,0,1,55+,Postpaid_Basic,Premium_Smartphone,4G,2026-06-14
SUB8639214,0.45,2.07,1.12,0.48,97.97,0,1,35-44,Postpaid_Premium,Premium_Smartphone,4G,2026-06-17
SUB8690115,2.21,1.17,0.08,0.14,71.97,0,0,35-44,Prepaid_Daily,Premium_Smartphone,4G,2026-06-11
SUB4621420,4.33,2.49,0.04,2.49,74.61,0,1,25-34,Postpaid_Premium,Premium_Smartphone,3G,2026-07-01
SUB4943439,1.73,2.01,1.63,0.25,54.92,0,0,18-24,Prepaid_Monthly,Tablet,4G,2026-06-11
SUB2251661,0.17,1.82,0.06,0.04,60.43,0,0,35-44,Prepaid_Monthly,Mid_Range,4G,2026-06-26
SUB2114100,0.45,1.64,3.5,1.57,108.65,1,1,35-44,Postpaid_Premium,Mid_Range,5G,2026-07-05
SUB8816184,0.12,0.31,0.25,0.03,40.86,0,0,55+,Prepaid_Daily,5G_Device,3G,2026-06-25
SUB2509390,0.56,0.12,0.05,0.01,52.13,1,0,25-34,Prepaid_Monthly,Mid_Range,4G,2026-06-07
SUB3007878,1.16,0.99,0.32,0.21,47.56,0,0,35-44,Prepaid_Monthly,Mid_Range,5G,2026-06-21
SUB5712037,1.33,0.54,0.34,0.77,127.18,0,0,35-44,Prepaid_Monthly,Premium_Smartphone,4G+,2026-06-20
SUB9704225,0.73,2.53,0.01,0.51,75.71,1,1,18-24,Prepaid_Monthly,Mid_Range,3G,2026-07-01
SUB8228840,1.41,2.0,0.9,1.22,92.08,1,0,35-44,Postpaid_Premium,Mid_Range,5G,2026-06-16
SUB2804053,0.85,1.79,0.95,0.76,66.49,0,0,25-34,Postpaid_Premium,5G_Device,3G,2026-06-27
SUB7281328,0.25,0.83,0.36,0.07,41.37,0,0,25-34,Prepaid_Monthly,Mid_Range,4G,2026-07-03
SUB5470756,0.77,1.02,0.81,0.34,50.38,0,1,25-34,Prepaid_Monthly,Mid_Range,4G,2026-06-07
SUB9480171,1.23,1.91,0.31,0.03,41.87,0,1,18-24,Prepaid_Monthly,Basic_Phone,4G,2026-07-05
SUB3827754,3.76,0.79,1.61,1.75,118.77,0,0,25-34,Postpaid_Premium,5G_Device,5G,2026-06-12
SUB5953799,2.34,0.52,0.17,2.78,63.11,0,1,35-44,Prepaid_Monthly,Mid_Range,4G+,2026-06-22
SUB9239115,6.73,0.97,1.66,0.23,99.43,1,0,25-34,Prepaid_Daily,5G_Device,4G,2026-06-17
SUB9351184,0.2,0.55,0.61,0.13,55.65,0,0,25-34,Prepaid_Daily,Mid_Range,4G,2026-06-22
SUB4739469,2.33,0.17,0.12,0.27,46.1,0,0,18-24,Prepaid_Monthly,Mid_Range,4G,2026-06-26
SUB9642979,1.18,1.96,1.17,0.98,88.66,0,0,18-24,Postpaid_Premium,Premium_Smartphone,4G,2026-06-10
SUB3199318,0.68,0.46,0.07,0.03,48.78,0,0,25-34,Prepaid_Daily,Mid_Range,4G,2026-07-04
SUB6257386,2.56,1.33,0.14,1.26,37.87,0,0,25-34,Prepaid_Monthly,Mid_Range,4G,2026-06-08
SUB4094510,0.93,0.15,0.4,0.31,151.66,1,1,35-44,Prepaid_Daily,Premium_Smartphone,4G,2026-06-30
SUB1420888,0.26,1.78,0.33,0.02,57.01,0,1,45-54,Postpaid_Unlimited,Mid_Range,5G,2026-06-07
SUB9295953,0.6,0.31,0.56,0.53,71.35,0,0,18-24,Postpaid_Premium,Tablet,3G,2026-06-30
SUB6570090,0.98,3.65,0.47,0.24,104.85,1,0,18-24,Prepaid_Monthly,Mid_Range,5G,2026-07-02
SUB1190285,1.24,1.23,0.61,0.09,104.24,1,0,25-34,Prepaid_Monthly,Premium_Smartphone,4G,2026-06-07
SUB4196699,8.0,2.7,2.76,0.87,200.0,1,1,25-34,Postpaid_Unlimited,5G_Device,5G,2026-06-24
SUB3211130,0.43,0.8,0.77,0.44,66.15,1,0,35-44,Prepaid_Daily,Mid_Range,4G,2026-06-18
SUB2207739,1.0,1.1,0.71,0.07,53.31,1,0,45-54,Postpaid_Unlimited,Mid_Range,3G,2026-06-23
SUB9176958,1.01,0.52,0.1,0.09,53.64,0,0,45-54,Prepaid_Monthly,Mid_Range,4G,2026-06-07
SUB4128411,0.7,1.87,3.12,0.09,143.06,1,0,18-24,Prepaid_Daily,Tablet,4G+,2026-06-20
SUB6130418,1.34,0.37,0.03,0.01,93.92,0,0,55+,Postpaid_Premium,Premium_Smartphone,5G,2026-06-11
SUB3716826,8.0,4.13,0.4,1.45,151.9,1,1,18-24,Postpaid_Basic,Premium_Smartphone,4G,2026-07-03
SUB2488543,0.66,0.35,0.11,1.11,40.96,0,0,35-44,Postpaid_Unlimited,Mid_Range,4G,2026-06-22
SUB6853294,4.7,1.06,0.2,0.5,20.71,1,0,35-44,Postpaid_Premium,Basic_Phone,3G,2026-07-01
SUB6929191,0.61,3.32,0.75,0.3,110.47,0,0,35-44,Prepaid_Monthly,Premium_Smartphone,5G,2026-06-30
SUB3702303,4.76,0.52,0.79,2.13,77.46,0,0,25-34,Postpaid_Premium,Tablet,5G,2026-06-27
SUB3437587,2.81,1.1,2.26,0.06,65.81,1,0,25-34,Postpaid_Premium,Mid_Range,4G,2026-06-15
SUB7417115,1.86,1.15,0.1,1.1,97.05,0,0,25-34,Postpaid_Basic,5G_Device,4G,2026-07-05
SUB6587757,8.0,1.36,2.19,0.41,138.38,1,1,18-24,Prepaid_Monthly,Mid_Range,5G,2026-06-08
SUB2111288,0.54,1.39,0.41,0.99,78.57,0,0,18-24,Prepaid_Monthly,5G_Device,4G,2026-06-22
SUB4298273,0.7,1.51,0.07,0.01,47.45,0,0,35-44,Prepaid_Monthly,Mid_Range,4G,2026-06-17
SUB8316359,0.26,1.78,0.15,0.48,49.96,0,0,25-34,Postpaid_Premium,Premium_Smartphone,4G,2026-06-15
SUB9992719,0.69,0.37,0.17,0.25,69.53,1,0,35-44,Prepaid_Monthly,5G_Device,3G,2026-06-18
SUB7323686,1.38,4.13,0.39,3.22,81.01,0,0,18-24,Prepaid_Monthly,Premium_Smartphone,4G,2026-07-03
SUB7594244,4.38,2.89,0.07,0.0,96.74,0,0,45-54,Postpaid_Premium,5G_Device,5G,2026-07-03
SUB1831635,4.73,1.54,0.12,0.02,130.38,1,1,18-24,Prepaid_Daily,Mid_Range,5G,2026-06-29
SUB2467217,0.28,2.89,0.27,0.03,79.55,0,0,45-54,Postpaid_Basic,Tablet,5G,2026-07-04
SUB3744686,7.98,6.0,1.65,0.13,71.98,0,0,25-34,Postpaid_Unlimited,5G_Device,4G+,2026-06-21
SUB4230545,0.66,0.57,0.98,0.17,62.58,0,0,25-34,Prepaid_Monthly,Mid_Range,4G,2026-06-16
SUB8578689,0.2,0.45,0.04,0.11,30.94,0,0,45-54,Prepaid_Monthly,Mid_Range,3G,2026-07-06
SUB8557065,1.56,3.31,0.35,0.46,68.76,1,0,25-34,Postpaid_Basic,5G_Device,3G,2026-06-15
SUB1231414,0.05,0.59,0.08,0.78,48.11,1,0,18-24,Postpaid_Premium,Basic_Phone,4G+,2026-06-30
SUB3402110,1.53,1.47,0.23,0.01,122.23,0,1,25-34,Postpaid_Basic,Premium_Smartphone,4G,2026-06-12
SUB2643083,3.02,1.08,0.74,0.48,80.5,0,0,18-24,Prepaid_Daily,Premium_Smartphone,5G,2026-07-05
SUB6050058,0.63,0.49,0.01,0.16,20.94,0,1,25-34,Prepaid_Daily,Basic_Phone,4G,2026-06-25
SUB1021650,4.97,5.3,0.85,0.14,72.53,0,0,25-34,Postpaid_Premium,5G_Device,4G,2026-06-30
SUB2404962,1.81,0.56,0.0,0.23,66.31,0,1,45-54,Prepaid_Monthly,Mid_Range,4G,2026-06-29
SUB4023846,3.08,3.13,2.61,1.24,59.36,0,0,35-44,Postpaid_Premium,Mid_Range,4G+,2026-06-14
SUB3913293,3.38,1.69,0.08,0.26,64.65,0,0,18-24,Postpaid_Basic,Premium_Smartphone,3G,2026-06-15
SUB9594859,1.52,0.7,2.8,0.08,177.51,1,0,45-54,Postpaid_Basic,Premium_Smartphone,4G+,2026-06-27
SUB7825687,6.63,0.8,1.04,0.23,72.88,0,1,25-34,Postpaid_Unlimited,5G_Device,4G,2026-06-16
SUB4844328,0.31,0.18,0.38,0.09,54.71,0,0,25-34,Prepaid_Daily,Premium_Smartphone,3G,2026-06-10
SUB8779008,0.17,0.48,0.01,0.01,21.94,0,0,25-34,Prepaid_Daily,Mid_Range,3G,2026-07-05
SUB7020010,2.46,3.37,0.06,3.92,90.24,0,1,35-44,Postpaid_Basic,Premium_Smartphone,4G+,2026-07-06
SUB8121782,1.06,0.18,0.25,0.6,41.33,0,0,25-34,Prepaid_Daily,5G_Device,3G,2026-06-15
SUB6172886,0.76,1.74,3.66,0.26,99.4,0,0,35-44,Postpaid_Basic,5G_Device,4G,2026-06-26
SUB5513207,0.59,2.53,1.43,4.81,93.26,1,0,18-24,Postpaid_Unlimited,Premium_Smartphone,4G,2026-07-04
SUB9050763,0.14,0.39,0.07,0.0,66.42,0,0,55+,Postpaid_Unlimited,Premium_Smartphone,3G,2026-07-02
SUB2724854,6.52,0.92,0.28,0.47,58.62,0,0,35-44,Postpaid_Basic,Mid_Range,4G,2026-06-16
SUB9771419,8.0,1.46,0.12,0.74,84.69,0,0,25-34,Postpaid_Unlimited,5G_Device,4G+,2026-07-03
SUB5695995,0.24,2.7,0.77,0.27,71.37,0,0,35-44,Prepaid_Daily,5G_Device,4G+,2026-07-05
SUB2008314,0.21,0.98,0.11,0.03,31.26,0,1,35-44,Postpaid_Basic,Basic_Phone,4G,2026-06-30
SUB5408608,6.01,6.0,1.83,0.65,129.81,0,0,18-24,Prepaid_Monthly,Premium_Smartphone,4G+,2026-06-27
SUB3493330,0.12,4.72,0.15,0.33,51.48,0,0,18-24,Prepaid_Monthly,Premium_Smartphone,4G,2026-06-28
SUB7730419,0.68,0.59,0.2,0.49,49.52,0,0,18-24,Prepaid_Daily,Mid_Range,4G,2026-07-01
SUB7605949,1.73,1.87,0.69,0.09,104.1,0,0,45-54,Postpaid_Unlimited,Premium_Smartphone,5G,2026-06-10
SUB5396208,0.69,1.13,0.27,0.27,50.28,1,0,35-44,Postpaid_Premium,Mid_Range,4G,2026-06-25
SUB1711716,0.85,3.45,0.22,0.97,147.94,0,1,25-34,Postpaid_Premium,Premium_Smartphone,4G+,2026-06-09
SUB3767257,1.23,3.1,0.12,0.31,66.67,1,0,18-24,Prepaid_Daily,Mid_Range,5G,2026-06-07
SUB8542242,0.45,0.71,0.0,0.1,29.9,0,0,25-34,Prepaid_Monthly,Mid_Range,3G,2026-06-28
SUB8359055,0.47,0.51,0.25,0.57,21.08,0,1,25-34,Postpaid_Unlimited,Basic_Phone,4G,2026-06-16
SUB2699660,3.31,2.42,2.79,0.18,116.7,0,1,35-44,Postpaid_Basic,Premium_Smartphone,4G,2026-06-09
SUB7110845,0.07,0.27,0.15,0.28,33.42,0,0,55+,Postpaid_Basic,Mid_Range,4G,2026-06-09
SUB1345430,2.58,3.77,1.84,0.08,72.93,0,0,25-34,Postpaid_Unlimited,5G_Device,4G,2026-07-03
SUB2857845,0.35,0.42,0.04,0.26,21.98,0,0,25-34,Postpaid_Basic,Basic_Phone,4G,2026-06-18
SUB3505365,3.01,1.43,0.05,0.03,88.76,0,1,25-34,Postpaid_Basic,5G_Device,4G,2026-06-24
SUB7312379,0.5,1.9,0.75,0.52,145.01,0,1,45-54,Prepaid_Monthly,Premium_Smartphone,5G,2026-06-13
SUB9135340,0.56,0.7,1.88,0.19,79.55,0,0,18-24,Prepaid_Monthly,5G_Device,4G+,2026-06-24
SUB1847405,0.98,0.57,0.02,0.59,32.82,0,0,25-34,Postpaid_Premium,Mid_Range,3G,2026-06-20
SUB1233462,0.15,1.11,0.16,0.4,37.54,0,0,35-44,Prepaid_Monthly,Mid_Range,4G,2026-06-16
SUB7342869,1.81,2.6,0.3,2.42,99.95,0,0,18-24,Postpaid_Basic,Premium_Smartphone,5G,2026-07-04
SUB3986068,2.67,0.58,2.0,0.39,43.16,0,0,25-34,Prepaid_Monthly,Premium_Smartphone,3G,2026-06-18
SUB2968921,0.57,0.33,0.05,0.08,77.01,1,0,35-44,Prepaid_Daily,Mid_Range,4G+,2026-06-28
SUB4401447,0.58,0.48,0.06,0.07,33.27,0,0,18-24,Postpaid_Basic,Basic_Phone,4G,2026-07-02
SUB6515328,1.12,1.92,0.01,2.63,113.37,1,0,25-34,Prepaid_Monthly,Mid_Range,5G,2026-07-04
SUB9798834,2.06,5.95,1.37,1.34,74.17,0,0,25-34,Postpaid_Unlimited,Mid_Range,5G,2026-07-06
SUB6369919,0.59,1.37,0.21,1.11,34.01,0,0,25-34,Prepaid_Monthly,Mid_Range,4G,2026-06-12
SUB2764694,0.98,0.82,0.26,0.79,90.54,0,0,18-24,Postpaid_Basic,Premium_Smartphone,4G+,2026-06-09
SUB7471530,1.19,1.52,0.37,0.09,116.27,1,0,55+,Prepaid_Monthly,Premium_Smartphone,4G+,2026-06-16
SUB2807254,1.75,0.23,0.14,0.07,103.3,0,0,18-24,Prepaid_Monthly,Tablet,4G+,2026-07-05
SUB6002828,0.38,0.22,0.35,0.25,105.1,0,1,35-44,Prepaid_Monthly,Mid_Range,5G,2026-06-07
SUB1131562,6.78,1.39,0.94,1.52,86.19,0,0,18-24,Postpaid_Unlimited,Premium_Smartphone,4G,2026-06-07
SUB6904214,0.31,0.4,0.88,0.89,69.87,0,1,25-34,Prepaid_Monthly,Mid_Range,4G+,2026-06-24
SUB7933966,1.33,1.53,0.17,0.02,62.72,0,0,18-24,Postpaid_Premium,Mid_Range,5G,2026-06-26
SUB6590240,0.89,0.44,0.38,0.55,76.39,0,0,18-24,Prepaid_Daily,Premium_Smartphone,4G,2026-06-14
SUB9358827,3.94,6.0,0.71,0.38,99.84,0,0,18-24,Prepaid_Daily,5G_Device,4G+,2026-07-06
SUB1360306,0.95,2.62,0.06,0.22,111.21,0,0,25-34,Postpaid_Premium,Tablet,5G,2026-06-26
SUB8565991,3.51,1.09,0.08,1.44,93.43,1,0,25-34,Postpaid_Basic,5G_Device,4G,2026-06-09
SUB3724274,0.22,2.96,0.14,0.06,38.31,0,0,18-24,Postpaid_Basic,Mid_Range,4G,2026-07-02
SUB2594502,1.06,0.3,0.02,0.09,41.87,0,0,55+,Prepaid_Monthly,Mid_Range,4G+,2026-06-16
SUB2488303,2.08,2.0,4.0,0.77,64.98,0,0,25-34,Prepaid_Daily,5G_Device,4G,2026-06-18
SUB6982547,0.08,1.07,0.69,0.85,54.43,0,0,25-34,Postpaid_Basic,Premium_Smartphone,3G,2026-06-27
SUB1518490,3.04,2.44,0.93,0.43,28.8,0,0,18-24,Postpaid_Unlimited,Mid_Range,4G,2026-06-08
SUB5229228,0.33,1.93,0.74,0.11,91.54,0,0,25-34,Prepaid_Daily,Premium_Smartphone,4G+,2026-06-29
SUB2903124,5.0,0.78,0.7,0.01,73.69,0,0,45-54,Postpaid_Unlimited,5G_Device,4G,2026-06-29
SUB3792537,6.52,1.82,0.43,0.37,188.69,1,0,25-34,Prepaid_Monthly,5G_Device,5G,2026-07-06
SUB7254887,0.86,1.75,0.3,0.84,75.51,0,1,25-34,Postpaid_Basic,Premium_Smartphone,3G,2026-06-19
SUB4147887,4.02,3.52,0.49,0.81,129.2,1,0,18-24,Prepaid_Daily,Tablet,5G,2026-06-25
SUB7864684,0.16,0.25,2.36,0.09,57.75,0,0,45-54,Prepaid_Monthly,5G_Device,3G,2026-06-17
SUB2587542,0.21,0.15,0.06,0.12,7.44,1,0,18-24,Prepaid_Daily,Basic_Phone,4G,2026-06-08
SUB4862163,0.71,0.2,0.03,0.63,56.68,0,0,25-34,Prepaid_Daily,Mid_Range,4G,2026-06-12
SUB8745269,3.15,6.0,3.62,0.32,109.05,0,0,18-24,Postpaid_Unlimited,Premium_Smartphone,4G+,2026-06-24
SUB5856436,4.24,5.38,0.32,0.08,29.81,0,0,25-34,Postpaid_Premium,Mid_Range,3G,2026-07-06
SUB8056784,5.71,2.62,0.13,0.01,89.23,0,1,18-24,Postpaid_Premium,5G_Device,3G,2026-06-26
SUB9543144,1.02,0.41,0.18,1.49,47.65,0,0,45-54,Prepaid_Daily,5G_Device,3G,2026-06-11
SUB7234408,1.65,0.87,0.15,0.09,66.03,0,1,35-44,Postpaid_Unlimited,Mid_Range,4G,2026-06-21
SUB1624773,0.34,2.09,0.38,0.95,80.06,0,1,35-44,Postpaid_Basic,5G_Device,4G,2026-07-02
SUB8581002,5.1,6.0,2.75,1.87,102.02,0,0,18-24,Postpaid_Unlimited,Premium_Smartphone,5G,2026-07-05
SUB3017528,0.8,5.15,0.02,1.04,54.27,0,1,25-34,Prepaid_Daily,Mid_Range,4G,2026-06-27
SUB2678332,4.17,2.39,0.21,3.15,135.14,0,0,25-34,Prepaid_Monthly,5G_Device,5G,2026-06-11
SUB2002021,1.85,1.79,3.77,0.4,100.45,0,0,35-44,Postpaid_Unlimited,Premium_Smartphone,4G,2026-06-22
SUB7292357,2.49,4.47,0.4,0.01,108.01,0,0,18-24,Prepaid_Monthly,Premium_Smartphone,4G+,2026-06-12
SUB3185132,0.29,0.08,0.07,0.05,5.0,0,0,55+,Postpaid_Unlimited,Basic_Phone,3G,2026-06-28
SUB1292007,2.71,1.53,0.55,0.2,68.85,0,0,25-34,Prepaid_Monthly,Premium_Smartphone,4G+,2026-06-27
SUB7778519,0.15,0.17,0.48,0.11,49.73,0,0,55+,Postpaid_Basic,Mid_Range,5G,2026-06-28
SUB3928785,4.96,6.0,0.84,3.94,86.38,0,0,18-24,Postpaid_Unlimited,Premium_Smartphone,4G,2026-06-30
SUB5791164,0.4,0.81,0.62,0.21,36.71,0,0,18-24,Postpaid_Basic,Mid_Range,4G,2026-06-17
SUB2612119,8.0,1.75,0.38,0.29,77.96,0,0,18-24,Postpaid_Premium,Premium_Smartphone,4G+,2026-06-22
SUB8927532,0.17,0.59,0.13,0.15,72.57,1,0,45-54,Prepaid_Monthly,Mid_Range,4G,2026-06-30
SUB9776381,2.76,0.23,0.03,0.05,46.46,0,1,25-34,Prepaid_Daily,Mid_Range,4G,2026-07-03
SUB7277120,0.12,1.06,0.11,1.25,40.05,0,0,45-54,Prepaid_Monthly,Mid_Range,4G,2026-06-21
SUB5216803,0.06,4.38,0.76,0.04,119.45,0,0,45-54,Postpaid_Basic,5G_Device,4G+,2026-06-15
SUB3583677,0.5,0.2,0.01,0.34,39.54,0,0,35-44,Postpaid_Premium,Basic_Phone,4G+,2026-07-02
SUB1143704,2.61,0.64,0.69,0.06,85.95,0,0,35-44,Prepaid_Monthly,Premium_Smartphone,4G,2026-06-16
SUB9454364,0.35,0.17,0.08,0.11,11.96,0,0,35-44,Postpaid_Basic,Basic_Phone,4G,2026-06-22
SUB7731666,8.0,3.83,0.42,1.37,105.5,1,0,35-44,Postpaid_Premium,Premium_Smartphone,5G,2026-06-16
SUB8891784,3.89,0.89,0.44,1.32,68.34,0,0,25-34,Prepaid_Monthly,5G_Device,4G+,2026-06-18
SUB8775872,0.22,0.83,0.03,0.61,51.63,0,0,35-44,Postpaid_Unlimited,Mid_Range,4G,2026-06-14
SUB5714386,0.55,1.53,0.45,0.94,39.21,0,1,45-54,Postpaid_Unlimited,Mid_Range,4G,2026-07-02
SUB3396640,0.37,0.75,0.31,0.15,63.45,0,1,25-34,Prepaid_Daily,Mid_Range,4G,2026-06-13
SUB7375247,0.57,0.34,0.06,0.03,113.05,0,1,55+,Prepaid_Daily,Premium_Smartphone,4G,2026-06-08
SUB7994791,2.43,1.14,0.23,0.36,48.03,0,0,18-24,Prepaid_Daily,Mid_Range,4G+,2026-06-19
SUB4278262,0.37,1.04,0.93,0.49,170.81,1,0,25-34,Postpaid_Premium,Premium_Smartphone,5G,2026-06-17
SUB9246673,0.95,0.43,0.1,0.16,43.84,0,0,18-24,Prepaid_Daily,Mid_Range,3G,2026-06-13
SUB8421473,6.86,2.23,1.21,0.13,64.79,0,0,18-24,Postpaid_Premium,Premium_Smartphone,4G+,2026-06-14
SUB2916796,1.1,0.46,0.92,0.1,107.15,0,0,45-54,Prepaid_Monthly,Premium_Smartphone,4G+,2026-06-10
SUB2286188,0.11,0.23,0.04,0.12,28.37,1,0,55+,Postpaid_Premium,Basic_Phone,4G,2026-06-28
SUB9822405,1.89,1.94,0.88,2.35,124.66,0,0,45-54,Postpaid_Premium,5G_Device,5G,2026-06-22
SUB4085945,0.46,1.05,0.19,0.49,70.73,1,0,55+,Postpaid_Unlimited,5G_Device,3G,2026-07-05
SUB5168773,0.13,0.3,0.14,0.01,26.34,0,0,18-24,Prepaid_Monthly,Mid_Range,3G,2026-07-04
SUB7637034,3.45,0.8,0.12,0.01,102.29,1,0,18-24,Prepaid_Monthly,5G_Device,4G,2026-06-12
SUB8948838,0.12,0.49,0.24,0.05,17.64,0,0,25-34,Prepaid_Daily,Mid_Range,3G,2026-07-05
SUB2784094,8.0,1.33,1.87,0.29,119.33,1,0,45-54,Prepaid_Monthly,Premium_Smartphone,4G+,2026-06-08
SUB1239608,5.85,1.35,0.24,0.78,60.88,0,1,18-24,Postpaid_Basic,Mid_Range,4G+,2026-06-10
SUB4662097,0.39,0.78,0.14,0.05,44.18,0,0,55+,Postpaid_Unlimited,5G_Device,3G,2026-06-09
SUB9737723,0.51,0.38,0.91,0.0,39.8,0,0,35-44,Postpaid_Premium,Mid_Range,3G,2026-06-30
SUB9054515,0.06,1.03,0.35,0.02,87.87,0,0,55+,Prepaid_Daily,5G_Device,4G,2026-07-02
SUB5297084,3.24,0.69,1.38,0.96,118.28,0,0,25-34,Postpaid_Premium,5G_Device,4G+,2026-06-14
SUB4146243,0.2,1.52,0.33,0.43,80.61,1,0,25-34,Prepaid_Daily,Mid_Range,5G,2026-06-10
SUB5042942,0.56,0.36,0.84,0.1,95.29,0,1,45-54,Prepaid_Daily,Mid_Range,5G,2026-07-05
SUB1853159,0.15,2.33,0.37,1.38,142.62,0,0,45-54,Postpaid_Premium,5G_Device,5G,2026-06-27
SUB4898888,3.8,2.46,0.54,0.45,36.91,0,0,18-24,Postpaid_Unlimited,Mid_Range,4G,2026-06-19
SUB1895596,0.43,0.44,0.35,1.07,121.98,1,1,55+,Prepaid_Daily,5G_Device,4G,2026-06-18
SUB8648392,3.43,0.93,0.61,0.47,59.68,0,0,45-54,Postpaid_Premium,5G_Device,4G,2026-06-12
SUB3431129,0.74,1.19,1.62,6.0,111.45,0,1,18-24,Postpaid_Unlimited,Premium_Smartphone,5G,2026-06-10
SUB2600720,2.72,2.8,0.19,0.23,177.35,1,0,18-24,Prepaid_Daily,Premium_Smartphone,5G,2026-07-02
SUB3605327,3.48,2.61,0.27,0.76,52.64,1,0,25-34,Prepaid_Monthly,Mid_Range,4G,2026-06-14
SUB4219598,8.0,1.07,0.05,1.27,99.24,1,0,25-34,Postpaid_Premium,5G_Device,4G,2026-07-02
SUB7184546,0.97,4.9,0.41,0.27,31.23,0,1,35-44,Postpaid_Premium,Basic_Phone,5G,2026-06-14
SUB7387958,0.49,1.12,0.73,1.24,74.07,1,0,18-24,Prepaid_Monthly,Mid_Range,4G,2026-06-23
SUB9979219,0.52,0.22,0.22,0.0,29.36,0,0,35-44,Prepaid_Daily,Mid_Range,3G,2026-06-10
SUB9817164,0.04,1.33,0.05,0.01,97.91,0,0,35-44,Postpaid_Basic,Tablet,4G,2026-06-11
SUB4675049,0.44,2.13,0.03,0.26,31.16,0,0,18-24,Postpaid_Premium,Mid_Range,4G,2026-06-23
SUB7626924,5.0,0.41,4.0,0.78,144.51,1,0,25-34,Postpaid_Basic,5G_Device,5G,2026-06-18
SUB7045001,0.59,0.53,0.22,0.43,39.12,0,0,18-24,Prepaid_Daily,Premium_Smartphone,3G,2026-07-02
SUB6876924,0.7,0.87,0.25,0.03,12.56,0,0,18-24,Postpaid_Premium,Basic_Phone,4G+,2026-07-05
SUB9868958,2.81,1.6,0.75,0.16,86.26,1,0,35-44,Postpaid_Basic,Premium_Smartphone,3G,2026-06-15
SUB1496232,1.83,0.09,0.38,0.01,43.45,0,0,55+,Postpaid_Unlimited,Mid_Range,4G,2026-06-27
SUB4634183,1.77,3.11,1.27,0.8,47.98,0,0,18-24,Postpaid_Unlimited,Mid_Range,4G+,2026-06-15
SUB8602242,1.94,1.25,1.01,1.7,53.67,0,0,25-34,Postpaid_Premium,5G_Device,3G,2026-06-12
SUB3628973,0.76,3.23,0.52,0.56,40.12,0,0,25-34,Postpaid_Unlimited,Mid_Range,4G,2026-06-19
SUB4912669,0.98,6.0,0.28,0.24,48.08,1,0,25-34,Postpaid_Unlimited,Mid_Range,4G,2026-06-12
SUB4991818,0.53,2.69,0.15,0.16,42.13,0,1,25-34,Postpaid_Basic,Mid_Range,4G,2026-06-12
SUB9164962,3.16,3.62,1.71,0.79,102.68,0,0,35-44,Postpaid_Premium,Premium_Smartphone,5G,2026-06-28
SUB4779044,2.04,2.82,0.65,0.26,71.9,0,0,18-24,Postpaid_Premium,5G_Device,4G,2026-06-23
SUB7041084,0.12,0.14,0.04,0.02,37.18,0,0,55+,Postpaid_Basic,Mid_Range,3G,2026-06-19
SUB6070121,1.04,0.1,0.66,0.09,81.61,0,0,18-24,Prepaid_Daily,Mid_Range,4G+,2026-06-20
SUB1250231,0.61,0.83,0.24,0.12,140.23,1,1,45-54,Prepaid_Monthly,Mid_Range,5G,2026-06-09
SUB5735524,6.17,1.52,0.19,0.08,34.88,1,0,45-54,Prepaid_Daily,Mid_Range,3G,2026-06-30
SUB4372105,4.98,2.04,0.13,0.73,88.78,0,1,25-34,Prepaid_Monthly,Premium_Smartphone,4G,2026-06-12
SUB7741499,0.39,0.28,0.36,0.1,18.87,0,1,18-24,Prepaid_Daily,Basic_Phone,3G,2026-06-21
SUB1978935,0.52,0.39,0.95,0.27,55.43,0,0,35-44,Postpaid_Unlimited,5G_Device,3G,2026-06-10
SUB6267528,2.23,0.58,1.29,0.99,82.38,0,1,35-44,Postpaid_Basic,5G_Device,3G,2026-06-14
SUB3130118,0.26,2.28,0.42,0.33,162.89,1,1,45-54,Prepaid_Daily,5G_Device,5G,2026-06-26
SUB1420993,0.47,0.23,0.08,0.18,21.22,1,0,35-44,Postpaid_Basic,Basic_Phone,4G,2026-06-11
SUB4401461,0.52,2.06,0.02,1.1,94.15,0,0,25-34,Prepaid_Daily,Premium_Smartphone,5G,2026-07-06
SUB3260791,0.79,1.5,4.0,0.51,100.2,0,0,45-54,Postpaid_Premium,5G_Device,4G,2026-06-16
SUB9634939,0.41,0.18,0.05,0.1,61.27,0,0,55+,Prepaid_Monthly,Mid_Range,5G,2026-06-18
SUB5601318,0.63,0.67,0.0,0.57,51.71,0,1,35-44,Prepaid_Monthly,5G_Device,3G,2026-07-05
SUB8274324,4.69,3.08,0.07,0.17,132.71,1,0,45-54,Postpaid_Unlimited,5G_Device,5G,2026-06-22
SUB5080790,2.75,0.37,0.95,0.23,47.71,0,0,35-44,Postpaid_Basic,Mid_Range,4G,2026-06-18
SUB3752690,0.04,2.93,1.25,1.77,84.1,0,1,35-44,Postpaid_Unlimited,Premium_Smartphone,4G,2026-06-24
SUB2003510,0.69,0.21,0.39,0.04,20.97,0,0,35-44,Prepaid_Monthly,Basic_Phone,5G,2026-07-03
SUB2071192,0.4,0.33,0.02,0.07,34.66,0,1,35-44,Prepaid_Monthly,Mid_Range,3G,2026-06-09
SUB4415473,1.12,2.89,0.16,1.24,113.27,0,1,25-34,Postpaid_Basic,5G_Device,4G+,2026-06-26
SUB2860371,0.44,0.21,0.06,1.7,148.37,0,1,35-44,Prepaid_Daily,Tablet,5G,2026-06-20
SUB8778512,2.45,1.05,0.58,0.04,94.03,0,1,35-44,Prepaid_Daily,5G_Device,4G,2026-06-30
SUB2571480,2.4,0.13,0.29,0.03,37.18,0,0,25-34,Prepaid_Monthly,Basic_Phone,4G+,2026-06-12
SUB4615590,0.69,4.12,0.29,1.24,90.6,0,1,25-34,Postpaid_Premium,5G_Device,4G,2026-06-23
SUB3360901,1.62,0.98,1.27,0.02,87.55,0,0,45-54,Postpaid_Premium,5G_Device,4G,2026-06-08
SUB8238225,0.62,0.48,0.83,0.0,66.49,0,0,35-44,Prepaid_Daily,5G_Device,4G+,2026-06-09
SUB3952053,2.1,4.93,0.2,0.26,169.36,1,1,18-24,Prepaid_Monthly,5G_Device,4G+,2026-06-15
SUB4291987,2.08,1.14,1.32,0.02,91.77,0,0,45-54,Postpaid_Unlimited,Premium_Smartphone,4G,2026-06-09
SUB8541714,0.95,0.35,0.29,0.06,60.39,0,0,45-54,Prepaid_Daily,Mid_Range,5G,2026-06-18
SUB5263272,0.19,0.47,0.22,0.0,18.16,0,1,25-34,Postpaid_Basic,Basic_Phone,4G,2026-06-08
SUB9973326,0.81,1.27,0.02,0.52,48.25,0,0,18-24,Postpaid_Basic,Basic_Phone,5G,2026-06-28
SUB6492952,0.47,0.18,0.22,0.45,54.55,0,0,55+,Postpaid_Premium,Premium_Smartphone,3G,2026-06-14
SUB7297042,0.15,0.02,0.21,0.07,53.58,0,0,45-54,Prepaid_Monthly,Mid_Range,4G,2026-06-09
SUB5052579,2.75,6.0,1.38,0.42,86.98,0,1,18-24,Postpaid_Unlimited,Premium_Smartphone,3G,2026-06-24
SUB8200262,3.1,0.8,0.1,0.07,38.1,0,1,18-24,Prepaid_Monthly,Mid_Range,4G,2026-06-24
SUB4884175,0.38,2.19,0.92,0.06,88.24,0,0,25-34,Prepaid_Monthly,Tablet,5G,2026-07-01
SUB8725166,0.36,0.51,0.64,0.13,56.87,0,0,35-44,Prepaid_Monthly,Mid_Range,4G,2026-06-30
SUB8689205,3.5,3.02,0.37,0.16,78.76,0,0,18-24,Prepaid_Monthly,Mid_Range,5G,2026-06-20
SUB2609425,0.23,2.46,0.03,0.16,86.54,1,1,25-34,Prepaid_Daily,Mid_Range,4G,2026-06-08
SUB3303707,0.6,0.28,0.47,0.02,41.57,0,1,25-34,Postpaid_Unlimited,Basic_Phone,4G,2026-06-16
SUB1998899,0.05,0.21,0.0,0.4,85.73,0,0,45-54,Prepaid_Daily,Premium_Smartphone,4G,2026-06-22
SUB6462610,3.25,0.87,1.41,0.96,49.58,0,0,25-34,Postpaid_Unlimited,Premium_Smartphone,3G,2026-06-12
SUB3098729,2.49,0.43,1.13,2.59,58.89,0,0,25-34,Prepaid_Monthly,Premium_Smartphone,4G,2026-06-10
SUB8237310,0.08,0.63,0.1,0.36,83.02,0,0,55+,Prepaid_Monthly,5G_Device,4G,2026-06-07
SUB2820844,0.42,1.01,0.08,0.01,13.14,0,0,25-34,Prepaid_Daily,Mid_Range,3G,2026-06-10
SUB1951302,1.59,1.84,2.55,3.68,107.68,0,1,25-34,Postpaid_Basic,5G_Device,4G,2026-06-22
SUB8568538,3.73,3.14,0.4,0.01,100.45,0,0,45-54,Postpaid_Premium,5G_Device,5G,2026-06-15
SUB2120803,5.0,3.63,0.01,1.4,86.91,0,1,25-34,Postpaid_Unlimited,5G_Device,4G,2026-07-01
SUB8139845,0.28,1.3,0.32,0.22,66.07,0,0,45-54,Postpaid_Premium,Mid_Range,5G,2026-06-29
SUB8587973,1.17,1.85,0.35,0.15,46.07,0,1,18-24,Postpaid_Basic,Mid_Range,4G,2026-07-02
SUB1150653,4.83,2.49,1.16,1.92,186.64,1,0,18-24,Prepaid_Daily,Premium_Smartphone,5G,2026-06-24
SUB3488144,0.04,0.92,0.25,1.12,42.28,0,0,55+,Postpaid_Unlimited,Mid_Range,4G,2026-06-10
SUB6962413,1.29,2.74,0.13,0.07,22.77,0,0,25-34,Postpaid_Unlimited,Basic_Phone,4G,2026-06-21
SUB6127319,0.48,0.64,0.14,0.27,60.14,1,0,35-44,Prepaid_Monthly,Mid_Range,5G,2026-06-20
SUB4483978,0.49,1.19,0.11,0.01,51.66,0,0,18-24,Prepaid_Daily,Premium_Smartphone,3G,2026-06-15
SUB6942654,1.88,1.0,0.06,0.38,56.72,0,0,18-24,Postpaid_Premium,Mid_Range,4G,2026-06-22
SUB6839741,1.75,2.43,0.36,0.03,118.01,0,1,45-54,Postpaid_Premium,5G_Device,4G,2026-06-27
SUB6088539,0.47,3.0,0.93,0.94,97.67,0,0,25-34,Postpaid_Basic,Premium_Smartphone,4G+,2026-06-30
SUB7935426,0.69,0.82,0.04,0.03,46.7,0,1,25-34,Prepaid_Monthly,Mid_Range,3G,2026-06-24
SUB6780554,3.6,2.52,3.13,2.43,65.92,0,0,18-24,Postpaid_Unlimited,5G_Device,3G,2026-06-26
SUB9774821,0.92,0.64,0.65,0.1,94.8,0,1,25-34,Prepaid_Daily,5G_Device,4G,2026-06-13
SUB6297340,0.13,0.54,0.3,0.33,55.86,1,0,45-54,Prepaid_Monthly,Mid_Range,4G,2026-06-19
SUB3496589,1.34,0.94,0.14,0.52,77.02,0,0,45-54,Prepaid_Daily,Mid_Range,5G,2026-06-07
SUB1416690,0.22,0.23,0.18,0.2,67.18,0,0,35-44,Prepaid_Daily,Mid_Range,4G+,2026-06-13
SUB3996244,0.78,3.23,0.27,0.31,104.69,1,1,35-44,Postpaid_Unlimited,5G_Device,3G,2026-06-19
SUB6359462,1.91,2.05,0.03,0.2,33.0,0,0,25-34,Postpaid_Basic,Mid_Range,3G,2026-06-14
SUB8838941,0.29,6.0,0.68,6.0,124.06,0,0,25-34,Postpaid_Premium,5G_Device,4G+,2026-06-15
SUB1678066,0.79,2.01,0.08,1.18,52.62,0,1,35-44,Postpaid_Basic,Premium_Smartphone,3G,2026-06-24
SUB2877779,0.85,1.12,0.09,0.09,98.73,1,0,18-24,Postpaid_Premium,Premium_Smartphone,4G,2026-06-26
SUB2625199,0.27,6.0,0.16,1.13,35.87,0,0,18-24,Postpaid_Basic,Mid_Range,4G,2026-06-16
SUB2801951,0.65,0.18,0.03,0.38,45.83,1,0,55+,Prepaid_Daily,Mid_Range,4G,2026-06-17
SUB9441557,0.69,0.87,0.11,0.37,21.27,0,1,18-24,Postpaid_Unlimited,Basic_Phone,4G,2026-06-17
SUB9228736,0.15,2.04,0.22,0.16,35.05,0,0,18-24,Prepaid_Daily,Mid_Range,4G,2026-06-14
SUB1789148,7.27,1.0,0.43,3.7,194.19,1,0,35-44,Postpaid_Basic,Premium_Smartphone,5G,2026-06-19
SUB9340791,0.95,3.26,0.26,2.09,160.93,1,0,35-44,Postpaid_Basic,5G_Device,5G,2026-07-06
SUB9372602,0.99,0.85,0.07,0.81,105.56,1,0,25-34,Prepaid_Daily,5G_Device,4G,2026-06-28
SUB8008642,1.01,0.51,0.11,0.03,29.9,0,1,25-34,Prepaid_Daily,Basic_Phone,4G+,2026-06-23
SUB4821301,0.08,2.99,0.41,0.46,61.93,0,1,55+,Postpaid_Premium,Mid_Range,5G,2026-07-03
SUB2308166,0.37,0.02,0.6,0.94,67.97,0,0,35-44,Prepaid_Monthly,5G_Device,4G,2026-07-02
SUB7192357,0.6,2.2,0.1,1.65,116.43,1,0,45-54,Prepaid_Monthly,5G_Device,4G,2026-06-28
SUB3511019,0.17,1.87,0.03,0.33,42.3,1,0,18-24,Postpaid_Basic,Basic_Phone,5G,2026-06-14
SUB2330728,0.94,1.43,0.17,0.22,132.1,0,0,18-24,Prepaid_Monthly,Premium_Smartphone,4G+,2026-06-09
SUB2029242,1.47,0.55,1.19,0.28,47.62,0,0,25-34,Postpaid_Premium,Mid_Range,4G,2026-06-14
SUB3167626,1.42,3.68,0.58,1.01,37.71,0,0,18-24,Postpaid_Unlimited,Mid_Range,4G,2026-06-30
SUB4708201,1.28,3.35,0.11,1.28,127.42,1,0,18-24,Prepaid_Daily,Premium_Smartphone,4G,2026-07-01
SUB9738676,8.0,2.74,1.56,2.24,107.62,1,0,18-24,Postpaid_Basic,5G_Device,5G,2026-06-12
SUB8283377,0.25,0.48,0.03,1.76,50.78,0,1,25-34,Prepaid_Monthly,Mid_Range,4G,2026-06-20
SUB8017955,2.73,0.35,0.75,0.0,78.45,0,0,35-44,Postpaid_Basic,Premium_Smartphone,4G,2026-06-14
SUB3738384,2.07,0.82,0.37,0.02,112.5,0,0,45-54,Postpaid_Basic,Premium_Smartphone,5G,2026-06-18
SUB1404911,2.33,1.79,1.03,0.15,117.0,1,1,18-24,Prepaid_Monthly,Premium_Smartphone,4G,2026-07-01
SUB3508164,1.73,0.62,0.07,0.2,59.28,0,1,25-34,Prepaid_Daily,Premium_Smartphone,3G,2026-07-06
SUB4319343,0.02,0.66,0.11,0.49,12.68,0,0,18-24,Postpaid_Basic,Basic_Phone,4G+,2026-06-18
SUB7174943,0.33,0.15,0.04,0.14,30.53,1,0,25-34,Prepaid_Daily,Basic_Phone,3G,2026-07-03
SUB2169070,0.28,0.5,0.51,0.05,66.02,0,1,25-34,Prepaid_Daily,Premium_Smartphone,3G,2026-07-06
SUB1171277,2.73,6.0,1.32,0.32,93.52,0,0,25-34,Postpaid_Unlimited,Premium_Smartphone,5G,2026-06-13
SUB8351548,0.2,0.2,0.04,0.03,26.6,0,0,45-54,Prepaid_Monthly,Basic_Phone,4G,2026-06-10
SUB2361212,2.2,6.0,0.11,0.22,59.5,0,0,45-54,Postpaid_Basic,Premium_Smartphone,4G,2026-06-11
SUB6880926,6.55,2.4,0.27,0.4,87.59,0,0,35-44,Prepaid_Monthly,5G_Device,5G,2026-07-01
SUB2603344,0.17,2.58,0.79,0.25,78.38,1,0,45-54,Postpaid_Unlimited,Premium_Smartphone,3G,2026-06-07
SUB7562865,2.68,2.48,0.41,0.14,116.37,0,1,35-44,Prepaid_Monthly,Premium_Smartphone,4G,2026-07-02
SUB7929909,1.67,1.05,0.21,0.0,60.66,0,0,45-54,Prepaid_Monthly,Premium_Smartphone,3G,2026-07-04
SUB9113649,0.54,5.0,0.14,0.15,49.08,0,0,35-44,Postpaid_Basic,Mid_Range,4G,2026-06-10
SUB2381710,4.93,0.43,0.33,0.73,145.12,1,0,25-34,Postpaid_Unlimited,Premium_Smartphone,4G+,2026-07-03
SUB3591822,3.86,1.35,0.0,0.78,64.69,0,1,35-44,Postpaid_Premium,Mid_Range,4G+,2026-06-12
SUB3057797,3.81,1.4,0.55,6.0,69.46,0,0,18-24,Prepaid_Monthly,Premium_Smartphone,4G,2026-06-20
SUB5415239,3.37,4.7,1.06,2.23,130.1,0,1,35-44,Postpaid_Premium,Premium_Smartphone,4G,2026-06-17
SUB4101373,0.4,0.15,0.13,0.05,35.6,0,0,55+,Postpaid_Premium,Mid_Range,3G,2026-06-07
SUB3800174,0.35,0.18,0.33,0.35,21.42,1,0,35-44,Postpaid_Unlimited,Basic_Phone,4G,2026-06-13
SUB1873420,3.51,6.0,1.17,0.67,105.56,0,1,18-24,Postpaid_Unlimited,Mid_Range,5G,2026-07-03
SUB7002024,4.78,4.26,0.14,0.13,148.18,1,0,25-34,Postpaid_Basic,Premium_Smartphone,4G+,2026-07-02
SUB9881111,1.05,0.46,0.29,0.21,39.72,1,1,45-54,Postpaid_Premium,Mid_Range,3G,2026-06-09
SUB5412903,0.4,1.24,0.76,0.32,62.52,0,1,55+,Postpaid_Basic,Mid_Range,4G,2026-06-25
SUB3565820,0.35,0.69,0.41,1.14,74.72,0,0,25-34,Postpaid_Basic,Premium_Smartphone,4G,2026-06-18
SUB6834611,0.29,0.79,0.0,0.22,74.29,1,0,45-54,Prepaid_Daily,Mid_Range,5G,2026-07-02
SUB6534448,0.09,0.69,0.09,0.14,33.53,0,0,45-54,Prepaid_Daily,Mid_Range,4G,2026-06-24
SUB7332961,0.33,0.05,0.41,0.26,105.81,0,0,18-24,Prepaid_Daily,5G_Device,4G,2026-06-14
SUB9369597,1.63,3.17,3.74,0.06,117.65,0,0,45-54,Postpaid_Unlimited,5G_Device,4G+,2026-06-11
SUB8442510,4.1,0.29,0.25,0.14,98.57,1,1,25-34,Prepaid_Daily,Mid_Range,4G+,2026-06-16
SUB8402731,0.11,0.67,0.21,0.68,68.38,0,0,35-44,Prepaid_Daily,Premium_Smartphone,4G,2026-06-22
SUB1944461,0.29,1.25,0.4,0.34,58.08,1,0,25-34,Prepaid_Monthly,Premium_Smartphone,3G,2026-06-19
SUB2467256,2.42,0.8,0.02,0.86,103.07,1,0,35-44,Postpaid_Basic,5G_Device,4G,2026-06-11
SUB5349025,0.52,5.01,1.62,0.18,49.85,0,0,35-44,Postpaid_Unlimited,Premium_Smartphone,3G,2026-07-05
SUB8112646,8.0,1.99,0.27,1.38,102.37,0,1,25-34,Postpaid_Premium,Premium_Smartphone,5G,2026-07-03
SUB5330972,0.7,2.07,1.43,0.48,127.01,1,0,45-54,Prepaid_Monthly,5G_Device,4G,2026-06-27
SUB9667126,0.14,0.15,0.02,0.22,15.07,0,0,45-54,Postpaid_Unlimited,Basic_Phone,4G,2026-06-28
SUB7934430,0.46,0.55,0.24,0.22,51.04,0,1,45-54,Prepaid_Daily,Premium_Smartphone,3G,2026-06-16
SUB4411647,1.2,1.43,2.17,1.28,91.41,0,0,25-34,Postpaid_Unlimited,Mid_Range,5G,2026-06-08
SUB8725976,0.25,1.63,2.38,0.03,101.05,0,1,18-24,Prepaid_Daily,5G_Device,4G,2026-06-26
SUB8098917,1.15,5.17,2.32,0.02,66.96,1,1,25-34,Postpaid_Premium,Tablet,3G,2026-06-26
SUB3705421,1.62,0.38,0.11,0.25,105.38,1,0,45-54,Prepaid_Daily,Mid_Range,5G,2026-06-14
SUB6798273,0.27,0.82,0.75,0.03,60.74,1,0,18-24,Postpaid_Unlimited,Mid_Range,4G+,2026-06-19
SUB9795492,0.8,0.49,0.09,0.08,50.82,0,1,55+,Prepaid_Daily,Mid_Range,4G,2026-06-09
SUB9535640,0.06,0.27,0.04,0.02,46.4,1,0,45-54,Prepaid_Daily,Mid_Range,3G,2026-06-11
SUB7942263,2.38,0.79,0.04,0.06,55.17,0,0,35-44,Postpaid_Unlimited,Premium_Smartphone,3G,2026-06-11
SUB5652124,1.54,0.46,0.05,0.13,93.85,1,0,35-44,Prepaid_Daily,Premium_Smartphone,3G,2026-06-15
SUB2362516,8.0,3.99,3.72,0.8,200.0,1,1,35-44,Postpaid_Premium,Premium_Smartphone,5G,2026-06-30
SUB3375100,7.42,3.12,4.0,0.04,180.09,1,1,35-44,Postpaid_Premium,Premium_Smartphone,5G,2026-06-13
SUB6227541,0.07,0.23,0.06,0.72,23.93,0,0,25-34,Postpaid_Basic,Basic_Phone,4G,2026-06-09
SUB2718562,2.16,0.51,0.43,0.1,115.3,0,0,45-54,Prepaid_Monthly,Premium_Smartphone,5G,2026-06-12
SUB3256356,1.57,6.0,0.13,0.7,83.28,1,0,35-44,Postpaid_Unlimited,5G_Device,4G+,2026-06-18
SUB8215409,0.18,1.96,2.42,0.37,50.94,0,0,45-54,Postpaid_Unlimited,Premium_Smartphone,4G,2026-07-06
SUB2329785,0.64,1.63,0.15,0.12,101.54,1,0,45-54,Prepaid_Monthly,Mid_Range,5G,2026-06-24
SUB8179391,1.1,0.55,0.14,0.56,20.64,1,0,18-24,Prepaid_Monthly,Basic_Phone,4G,2026-06-11
SUB5299376,2.44,1.99,0.02,0.71,85.73,1,1,18-24,Prepaid_Monthly,Mid_Range,4G,2026-06-13
SUB3761642,0.95,1.29,0.62,0.27,91.35,1,0,45-54,Prepaid_Monthly,5G_Device,4G+,2026-06-20
SUB5283664,0.36,0.48,0.03,0.51,53.2,0,0,25-34,Postpaid_Basic,Mid_Range,4G,2026-06-09
SUB5881539,4.02,0.52,0.26,0.59,58.99,1,0,35-44,Postpaid_Unlimited,5G_Device,3G,2026-06-13
SUB5964948,2.64,6.0,0.09,2.44,111.13,1,0,25-34,Postpaid_Premium,5G_Device,4G,2026-06-19
SUB3758566,4.51,0.49,2.13,0.47,127.89,0,0,18-24,Postpaid_Premium,Premium_Smartphone,5G,2026-06-12
SUB3328033,0.74,1.21,0.15,0.09,47.43,0,0,18-24,Prepaid_Monthly,Mid_Range,4G+,2026-06-26
SUB2155933,1.43,1.74,0.58,0.27,177.09,0,1,45-54,Prepaid_Monthly,Premium_Smartphone,5G,2026-07-05
SUB9175576,6.9,4.41,0.28,1.02,93.8,0,0,35-44,Postpaid_Premium,5G_Device,4G,2026-06-18
SUB8166276,0.22,1.2,0.17,0.05,5.0,0,0,25-34,Postpaid_Premium,Basic_Phone,4G,2026-07-01
SUB8691332,0.23,0.82,0.09,0.05,89.9,0,1,55+,Postpaid_Premium,Tablet,4G,2026-07-02
SUB8059903,0.1,0.27,0.74,0.08,54.11,0,0,18-24,Prepaid_Daily,Premium_Smartphone,4G,2026-06-22
SUB6441039,0.47,0.53,0.07,1.02,21.48,1,0,25-34,Postpaid_Basic,Mid_Range,3G,2026-07-05
SUB7077234,0.93,0.39,0.4,0.14,91.03,0,1,45-54,Prepaid_Monthly,Premium_Smartphone,4G,2026-06-21
SUB1194152,0.45,0.67,0.39,0.07,89.54,0,1,45-54,Prepaid_Daily,Mid_Range,5G,2026-07-02
SUB2928356,0.43,1.72,0.74,0.01,89.53,0,0,25-34,Postpaid_Premium,Mid_Range,5G,2026-07-04
SUB5797927,0.21,0.66,0.02,0.53,132.82,0,0,55+,Prepaid_Monthly,Premium_Smartphone,5G,2026-06-09
SUB4119812,0.27,3.13,0.11,0.1,39.07,0,1,55+,Postpaid_Unlimited,Basic_Phone,4G+,2026-06-07
SUB4800760,2.68,1.04,0.25,0.49,31.19,0,0,18-24,Prepaid_Monthly,Mid_Range,4G,2026-06-26
SUB1975112,0.83,0.73,0.31,1.35,52.51,0,1,18-24,Postpaid_Basic,Mid_Range,4G,2026-06-16
SUB5033123,1.04,2.04,0.21,0.28,70.04,0,0,45-54,Postpaid_Premium,Mid_Range,5G,2026-06-23
SUB6414229,0.15,1.29,0.18,0.33,65.65,0,1,25-34,Prepaid_Monthly,Mid_Range,4G,2026-06-22
SUB1555839,3.13,1.31,0.74,1.19,90.96,0,0,18-24,Postpaid_Premium,Premium_Smartphone,4G,2026-07-06
SUB1614101,1.85,0.42,0.76,0.68,28.17,0,0,45-54,Postpaid_Premium,Mid_Range,4G,2026-07-02
SUB1449813,0.57,0.95,0.05,0.59,20.6,0,0,25-34,Postpaid_Unlimited,Basic_Phone,4G,2026-07-02
SUB9227489,0.31,0.37,0.41,0.02,12.9,0,0,25-34,Prepaid_Monthly,Basic_Phone,4G,2026-06-18
SUB6147501,0.6,0.11,0.07,0.06,39.03,0,0,18-24,Prepaid_Daily,Basic_Phone,5G,2026-07-03
SUB6121632,0.9,0.11,0.3,0.01,25.1,0,0,35-44,Prepaid_Monthly,Basic_Phone,4G+,2026-06-26
SUB6896721,0.41,1.67,1.12,1.4,92.55,0,0,35-44,Postpaid_Premium,5G_Device,5G,2026-06-17
SUB1551238,1.08,0.57,0.52,0.03,70.22,0,0,18-24,Postpaid_Basic,Premium_Smartphone,4G,2026-06-07
SUB6895038,1.93,0.86,0.23,0.02,35.23,0,0,25-34,Prepaid_Monthly,Tablet,3G,2026-06-20
SUB4643488,0.09,0.2,0.01,0.14,27.14,0,0,35-44,Prepaid_Daily,Basic_Phone,4G,2026-06-24
SUB9388823,2.05,0.33,0.78,0.06,45.09,0,0,55+,Prepaid_Monthly,5G_Device,3G,2026-06-08
SUB3895107,1.83,0.37,2.18,0.11,73.73,0,1,55+,Postpaid_Premium,Premium_Smartphone,4G,2026-06-10
SUB6049425,0.13,1.0,0.02,0.01,121.87,0,0,25-34,Prepaid_Daily,Premium_Smartphone,5G,2026-06-16
SUB8907386,0.76,0.19,0.01,0.65,45.14,0,0,35-44,Prepaid_Monthly,Mid_Range,4G,2026-07-01
SUB2017375,0.15,3.15,0.03,0.18,36.53,0,0,45-54,Prepaid_Daily,Mid_Range,4G+,2026-06-16
SUB1272544,1.49,2.75,0.17,0.41,95.75,1,0,45-54,Postpaid_Premium,5G_Device,4G,2026-06-20
SUB1534633,7.23,3.96,1.18,0.03,56.11,0,0,35-44,Postpaid_Unlimited,Premium_Smartphone,4G,2026-06-15
SUB6276776,3.3,3.39,0.03,0.18,105.82,1,0,18-24,Postpaid_Basic,Premium_Smartphone,4G,2026-07-06
SUB2863907,0.12,0.22,0.15,0.21,18.12,0,0,45-54,Prepaid_Daily,Basic_Phone,5G,2026-06-23
SUB2120113,0.54,2.38,0.12,0.83,37.37,0,0,18-24,Prepaid_Monthly,Mid_Range,4G+,2026-06-27
SUB5592087,5.2,0.38,0.15,0.03,100.43,0,0,18-24,Prepaid_Monthly,Tablet,4G+,2026-06-21
SUB6093388,1.47,5.05,0.36,0.14,122.36,0,1,35-44,Postpaid_Basic,Premium_Smartphone,4G+,2026-06-29
SUB7960145,1.86,0.53,0.3,0.1,115.97,0,1,55+,Postpaid_Basic,5G_Device,4G+,2026-06-19
SUB7015948,3.08,6.0,0.02,0.26,75.51,0,1,18-24,Postpaid_Unlimited,Mid_Range,5G,2026-07-03
SUB4479664,2.46,0.45,1.74,0.14,71.71,0,0,35-44,Postpaid_Unlimited,5G_Device,4G,2026-06-26
SUB5645289,1.85,0.78,0.02,0.89,55.27,0,0,25-34,Prepaid_Daily,Mid_Range,4G,2026-06-29
SUB9893518,0.14,0.13,0.06,0.01,5.0,0,0,45-54,Prepaid_Daily,Basic_Phone,5G,2026-07-03
SUB3029341,2.18,0.15,0.83,0.2,137.18,0,0,35-44,Prepaid_Monthly,Premium_Smartphone,5G,2026-06-14
SUB4017465,1.94,2.96,1.28,0.71,162.53,1,1,18-24,Prepaid_Monthly,Premium_Smartphone,5G,2026-06-26
SUB3402114,1.44,2.56,0.8,1.6,71.44,1,0,25-34,Postpaid_Basic,Mid_Range,4G,2026-06-16
SUB2769617,1.4,4.86,0.05,0.44,140.8,1,0,25-34,Postpaid_Premium,Premium_Smartphone,4G+,2026-06-18
SUB3848039,0.36,1.09,0.0,0.8,125.25,0,0,18-24,Prepaid_Daily,Premium_Smartphone,5G,2026-07-03
SUB6369337,4.67,4.13,0.48,1.85,78.3,0,0,18-24,Postpaid_Premium,5G_Device,4G,2026-06-08
SUB1880432,0.64,0.12,0.12,0.1,15.16,1,0,35-44,Postpaid_Basic,Basic_Phone,4G,2026-06-11
SUB9855603,1.42,1.04,0.33,0.02,21.11,0,1,25-34,Postpaid_Unlimited,Basic_Phone,5G,2026-06-19
SUB7227740,1.56,5.61,0.28,0.32,99.72,1,0,35-44,Postpaid_Premium,5G_Device,4G,2026-06-27
SUB8857997,2.57,0.54,0.18,0.49,50.72,0,0,18-24,Postpaid_Premium,Premium_Smartphone,4G,2026-07-06
SUB8140782,0.8,1.71,0.4,0.96,80.94,1,0,35-44,Prepaid_Daily,Premium_Smartphone,4G,2026-06-09
SUB5884299,0.16,0.36,0.14,0.05,15.17,0,0,25-34,Postpaid_Premium,Basic_Phone,4G,2026-06-11
SUB4939625,1.57,4.58,1.36,0.21,200.0,1,1,18-24,Prepaid_Daily,5G_Device,4G+,2026-06-20
SUB2629618,4.33,1.79,1.85,1.67,55.74,1,0,25-34,Postpaid_Premium,5G_Device,3G,2026-06-10
SUB4374775,0.48,2.03,1.04,0.69,118.23,0,1,18-24,Prepaid_Daily,5G_Device,4G,2026-06-28
SUB6983359,1.64,1.92,0.06,0.09,73.71,1,0,45-54,Prepaid_Daily,5G_Device,4G,2026-06-13
SUB8694867,3.52,1.25,0.18,0.04,143.43,1,0,35-44,Prepaid_Daily,Premium_Smartphone,4G+,2026-06-28
SUB3568101,1.82,0.54,0.24,0.6,82.13,0,0,35-44,Prepaid_Daily,Mid_Range,5G,2026-06-14
SUB2297776,2.88,1.22,0.48,0.03,65.03,0,1,18-24,Prepaid_Monthly,Premium_Smartphone,3G,2026-06-19
SUB8646638,2.29,3.86,0.12,0.9,136.27,0,0,25-34,Postpaid_Unlimited,5G_Device,5G,2026-06-17
SUB6697478,2.16,2.84,2.03,1.4,172.39,0,1,25-34,Prepaid_Monthly,5G_Device,5G,2026-06-27
SUB4702590,0.72,0.49,0.25,0.18,59.75,1,0,35-44,Postpaid_Premium,Premium_Smartphone,3G,2026-06-18
SUB6447483,1.5,0.45,0.17,0.01,90.48,0,1,18-24,Prepaid_Daily,Mid_Range,5G,2026-06-23
SUB9018205,8.0,6.0,2.42,0.66,140.44,1,0,18-24,Postpaid_Basic,5G_Device,5G,2026-06-23
SUB5928476,0.36,1.39,0.08,0.25,164.57,0,1,25-34,Prepaid_Daily,Premium_Smartphone,5G,2026-06-27
SUB4886613,0.15,0.6,0.25,0.3,64.22,1,0,25-34,Prepaid_Daily,Mid_Range,4G+,2026-06-07
SUB5010442,1.94,0.76,0.79,0.13,89.11,0,0,18-24,Prepaid_Daily,Premium_Smartphone,4G,2026-06-12
SUB4304860,1.56,1.91,0.48,0.2,71.76,0,0,25-34,Prepaid_Monthly,Tablet,5G,2026-07-03
SUB9722856,0.35,1.89,0.29,0.27,44.66,0,1,25-34,Prepaid_Daily,Mid_Range,3G,2026-06-07
SUB9096297,0.57,1.49,1.01,0.02,64.95,0,0,25-34,Postpaid_Unlimited,Mid_Range,5G,2026-07-01
SUB6720673,0.12,0.14,0.03,0.08,13.2,0,0,25-34,Prepaid_Monthly,Basic_Phone,5G,2026-06-21
SUB1661440,2.36,1.68,3.74,0.03,63.47,0,1,35-44,Postpaid_Premium,Mid_Range,4G,2026-06-28
SUB2193502,0.34,6.0,4.0,1.51,121.93,1,1,18-24,Postpaid_Unlimited,Mid_Range,5G,2026-06-29
SUB8014511,8.0,4.6,2.2,0.13,105.77,1,1,18-24,Postpaid_Premium,5G_Device,4G,2026-06-08
SUB9022417,1.73,4.85,1.77,2.67,58.24,1,0,25-34,Postpaid_Unlimited,Mid_Range,5G,2026-06-11
SUB4329782,2.17,2.06,0.18,1.39,105.0,0,1,25-34,Prepaid_Daily,5G_Device,4G,2026-06-20
SUB7856825,1.1,1.76,0.39,0.27,24.83,1,0,25-34,Postpaid_Premium,Basic_Phone,4G,2026-06-25
SUB6116176,0.08,1.34,0.34,0.08,69.95,1,1,45-54,Prepaid_Monthly,5G_Device,3G,2026-06-11
SUB1381325,6.83,0.87,0.11,2.28,42.15,0,1,45-54,Postpaid_Basic,Mid_Range,4G,2026-06-08
SUB1963544,0.96,1.69,0.05,0.0,74.5,0,0,18-24,Postpaid_Basic,Premium_Smartphone,4G,2026-07-03
SUB3426062,5.68,0.71,0.64,0.33,138.48,1,1,45-54,Postpaid_Unlimited,Mid_Range,5G,2026-06-14
SUB9209517,1.21,2.14,0.04,1.15,72.32,1,0,25-34,Postpaid_Unlimited,Mid_Range,4G,2026-06-09
SUB8495095,0.32,0.11,0.07,0.03,6.3,0,1,25-34,Prepaid_Daily,Basic_Phone,3G,2026-07-04
SUB7030613,2.9,0.6,0.06,0.05,122.47,0,1,55+,Prepaid_Monthly,Premium_Smartphone,4G,2026-06-21
SUB9994359,0.3,0.79,0.5,0.18,83.41,1,0,45-54,Postpaid_Premium,Mid_Range,5G,2026-06-20
SUB9862264,3.87,0.95,0.42,0.44,110.36,0,0,55+,Postpaid_Premium,5G_Device,5G,2026-06-08
SUB1958379,2.3,1.68,0.94,0.62,59.4,1,1,18-24,Prepaid_Daily,Mid_Range,4G,2026-06-15
SUB6268961,0.85,1.44,0.0,1.45,67.85,1,0,18-24,Prepaid_Monthly,Mid_Range,4G,2026-06-08
SUB5027187,5.03,1.13,0.03,0.47,65.92,1,0,25-34,Postpaid_Premium,Mid_Range,4G,2026-06-13
SUB6888852,0.38,1.42,3.12,2.34,104.52,1,0,35-44,Postpaid_Premium,Premium_Smartphone,4G,2026-07-05
SUB8138780,4.54,2.56,0.21,0.2,61.82,1,0,18-24,Prepaid_Monthly,Mid_Range,4G,2026-06-09
SUB7326981,1.33,0.9,0.57,0.05,72.26,0,1,45-54,Postpaid_Premium,Mid_Range,4G,2026-06-28
SUB1006464,8.0,0.63,0.18,0.02,56.41,1,0,25-34,Postpaid_Basic,Premium_Smartphone,3G,2026-06-12
SUB4725530,0.27,1.34,0.57,0.13,26.89,0,0,25-34,Postpaid_Unlimited,Basic_Phone,4G,2026-06-08
SUB2161140,4.76,0.86,1.4,0.31,76.81,0,0,35-44,Postpaid_Basic,Premium_Smartphone,4G,2026-06-15
SUB4613163,0.28,0.55,0.35,0.13,66.62,0,1,35-44,Prepaid_Monthly,Mid_Range,5G,2026-06-09
SUB7485671,4.7,6.0,0.7,3.41,153.49,0,0,18-24,Postpaid_Unlimited,Premium_Smartphone,5G,2026-06-23
SUB6790233,0.27,0.85,0.49,0.0,155.59,1,1,55+,Prepaid_Daily,Tablet,4G,2026-06-18
SUB1265039,0.95,1.27,1.01,0.93,40.88,0,0,25-34,Postpaid_Unlimited,Mid_Range,4G,2026-06-08
SUB3076259,1.31,5.31,0.01,0.12,83.04,1,0,18-24,Postpaid_Premium,Mid_Range,4G,2026-06-29
SUB6161545,2.61,3.03,0.0,1.48,69.53,0,0,45-54,Postpaid_Unlimited,5G_Device,4G+,2026-06-12
SUB7324758,0.31,0.35,0.56,0.22,91.19,1,0,55+,Prepaid_Monthly,Premium_Smartphone,4G+,2026-07-05
SUB2396102,2.02,0.66,0.5,1.19,121.35,0,0,45-54,Postpaid_Premium,Premium_Smartphone,5G,2026-06-29
SUB1004011,0.54,0.6,0.75,0.3,67.47,0,0,45-54,Postpaid_Premium,Premium_Smartphone,4G,2026-06-19
SUB2964724,1.45,1.5,0.02,0.45,61.05,0,0,35-44,Postpaid_Premium,Mid_Range,4G+,2026-06-28
SUB9821549,0.77,0.43,0.01,0.0,107.19,1,0,55+,Prepaid_Monthly,5G_Device,4G,2026-06-20
SUB3708685,1.88,2.71,0.5,1.32,126.53,0,0,18-24,Prepaid_Monthly,Premium_Smartphone,5G,2026-06-24
SUB7814285,0.19,5.72,0.7,0.06,91.59,1,0,45-54,Postpaid_Basic,Premium_Smartphone,4G,2026-07-03
SUB1603151,0.65,1.4,0.34,0.16,49.49,0,0,35-44,Prepaid_Monthly,5G_Device,3G,2026-07-02
SUB8372801,5.24,2.16,0.26,0.19,39.13,0,0,18-24,Postpaid_Premium,Premium_Smartphone,3G,2026-07-03
SUB8364732,2.49,1.21,0.58,1.01,54.39,0,0,25-34,Prepaid_Monthly,Premium_Smartphone,4G,2026-06-25
SUB9111184,3.33,5.04,0.28,3.15,71.76,0,1,25-34,Postpaid_Unlimited,Tablet,4G,2026-06-27
SUB8285387,0.89,1.82,0.26,0.01,39.95,1,0,35-44,Prepaid_Monthly,Mid_Range,4G,2026-06-09
SUB6102367,0.43,1.0,0.3,0.98,53.72,0,0,18-24,Prepaid_Daily,Mid_Range,4G,2026-06-25
SUB5500328,0.76,0.77,0.05,0.04,73.45,1,0,45-54,Prepaid_Daily,Mid_Range,5G,2026-06-28
SUB5308307,1.3,0.54,0.22,1.26,80.99,0,0,18-24,Postpaid_Basic,Tablet,4G,2026-06-12
SUB5444910,0.6,1.3,0.81,0.14,78.96,0,0,25-34,Postpaid_Basic,Premium_Smartphone,5G,2026-06-11
SUB1731636,0.24,3.46,0.03,0.12,57.89,0,0,45-54,Postpaid_Basic,Mid_Range,5G,2026-06-18
SUB7481093,3.31,0.6,0.03,0.15,71.81,0,1,35-44,Postpaid_Premium,Mid_Range,4G,2026-06-10
SUB1686290,0.45,0.05,0.15,0.01,16.65,0,0,25-34,Prepaid_Monthly,Basic_Phone,4G,2026-07-06
SUB8553925,1.13,0.71,0.31,0.05,32.86,0,1,18-24,Postpaid_Unlimited,Mid_Range,3G,2026-07-05
SUB4216662,6.41,4.07,0.36,1.95,83.11,1,0,35-44,Postpaid_Unlimited,5G_Device,4G,2026-06-28
SUB7871574,1.18,0.12,0.1,0.02,119.62,0,0,55+,Prepaid_Daily,Premium_Smartphone,5G,2026-06-23
SUB3364825,0.16,0.42,1.47,0.34,57.82,0,1,55+,Postpaid_Unlimited,5G_Device,3G,2026-06-20
SUB3180139,1.13,1.11,0.46,0.2,57.39,0,1,35-44,Postpaid_Premium,Mid_Range,5G,2026-06-09
SUB4719194,1.23,2.83,0.76,0.31,80.74,0,0,18-24,Postpaid_Basic,Premium_Smartphone,4G,2026-06-24
SUB4283737,0.72,3.31,0.3,1.21,187.56,1,1,18-24,Postpaid_Basic,Premium_Smartphone,4G+,2026-06-25
SUB2432672,1.56,1.18,0.21,0.27,51.64,0,0,18-24,Postpaid_Premium,5G_Device,4G,2026-06-07
SUB1564174,4.8,4.5,4.0,2.99,134.15,0,0,25-34,Postpaid_Unlimited,Tablet,5G,2026-07-04
SUB2622563,7.26,1.18,0.95,0.41,119.22,0,0,18-24,Postpaid_Basic,5G_Device,5G,2026-06-25
SUB6857846,0.02,1.47,0.45,0.62,59.27,1,0,18-24,Prepaid_Daily,Premium_Smartphone,4G,2026-06-17
SUB7841023,0.2,0.89,0.24,0.12,23.82,1,0,35-44,Postpaid_Basic,Basic_Phone,4G,2026-07-06
SUB3465596,2.02,0.59,0.02,0.12,84.22,0,1,25-34,Prepaid_Daily,Premium_Smartphone,3G,2026-07-06
SUB8718454,4.45,0.18,0.01,0.2,49.89,1,0,35-44,Postpaid_Basic,Basic_Phone,5G,2026-06-15
SUB5405113,0.32,1.37,0.18,0.1,48.92,0,0,55+,Postpaid_Premium,Mid_Range,4G,2026-06-27
SUB2413967,0.48,1.08,0.49,0.06,37.18,1,0,35-44,Prepaid_Monthly,Mid_Range,3G,2026-06-20
SUB4387990,0.53,0.16,0.05,1.2,80.64,0,1,45-54,Prepaid_Daily,Mid_Range,4G,2026-06-13
SUB6066447,0.91,0.37,0.16,0.63,88.3,1,1,45-54,Postpaid_Premium,Premium_Smartphone,3G,2026-06-16
SUB8718221,0.82,0.95,0.01,0.02,34.26,0,0,25-34,Prepaid_Monthly,Mid_Range,3G,2026-06-18
SUB7856604,0.15,1.2,0.34,0.02,91.25,1,0,18-24,Prepaid_Monthly,Premium_Smartphone,4G,2026-06-07
SUB3619222,1.14,0.54,0.34,0.0,17.31,0,0,18-24,Postpaid_Premium,Basic_Phone,3G,2026-06-17
SUB2935772,2.9,1.23,0.17,1.4,51.27,0,0,25-34,Postpaid_Unlimited,Premium_Smartphone,4G,2026-06-15
SUB7398497,0.58,1.76,0.64,0.49,110.91,1,0,35-44,Postpaid_Premium,Premium_Smartphone,4G,2026-06-13
SUB5568672,1.24,0.22,0.0,0.08,38.81,0,1,55+,Postpaid_Basic,Basic_Phone,4G,2026-06-28
SUB3422952,1.25,0.94,0.07,0.34,103.74,1,0,55+,Postpaid_Basic,5G_Device,4G,2026-06-16
SUB4222018,1.88,1.17,0.69,2.0,74.66,0,1,18-24,Prepaid_Daily,Premium_Smartphone,4G,2026-06-09
SUB8396665,0.05,0.05,0.19,0.0,158.73,0,1,55+,Postpaid_Premium,Premium_Smartphone,4G+,2026-06-16
SUB2861663,1.43,1.73,0.72,1.46,86.27,1,0,25-34,Postpaid_Basic,Premium_Smartphone,4G,2026-06-30
SUB6363998,5.27,2.0,1.34,0.36,55.9,1,0,45-54,Postpaid_Unlimited,Premium_Smartphone,3G,2026-06-17
SUB1049768,1.49,0.73,0.45,0.45,26.29,0,1,18-24,Postpaid_Unlimited,Basic_Phone,4G,2026-06-20
SUB6167373,3.3,2.38,0.23,2.75,91.04,0,0,18-24,Prepaid_Monthly,Premium_Smartphone,4G,2026-06-19
SUB3263557,5.41,6.0,0.23,2.11,59.78,0,0,25-34,Postpaid_Unlimited,Premium_Smartphone,3G,2026-06-12
SUB3100326,0.83,1.39,0.05,0.24,83.13,0,1,45-54,Postpaid_Unlimited,Mid_Range,4G+,2026-06-07
SUB9506377,5.41,0.53,0.58,0.14,58.8,0,0,18-24,Postpaid_Basic,Premium_Smartphone,4G,2026-06-28
SUB1297542,0.49,0.98,0.51,0.33,75.32,0,0,18-24,Prepaid_Monthly,Premium_Smartphone,4G,2026-06-07
SUB3526297,2.81,1.13,0.52,0.27,67.99,0,0,55+,Postpaid_Premium,Mid_Range,5G,2026-06-26
SUB6628573,3.68,0.16,0.02,0.34,67.15,0,1,55+,Prepaid_Monthly,5G_Device,4G,2026-06-21
SUB9091363,3.89,1.93,0.47,0.08,69.56,0,0,18-24,Postpaid_Basic,Premium_Smartphone,4G,2026-06-21
SUB5961172,0.57,2.06,0.38,0.3,55.81,0,0,35-44,Prepaid_Daily,Mid_Range,4G,2026-06-11
SUB1928864,1.13,3.7,0.35,0.48,79.23,1,1,25-34,Postpaid_Basic,Premium_Smartphone,3G,2026-07-06
SUB6908553,1.84,5.18,2.29,0.38,84.54,0,0,25-34,Postpaid_Unlimited,Premium_Smartphone,5G,2026-06-27
SUB7508526,0.51,0.68,0.62,0.1,49.8,0,0,25-34,Prepaid_Monthly,Mid_Range,4G,2026-07-03
SUB9140594,0.75,3.45,0.11,0.53,62.46,0,0,25-34,Postpaid_Premium,5G_Device,4G,2026-06-18
SUB3466511,5.81,1.52,0.12,0.14,59.64,0,0,25-34,Prepaid_Monthly,5G_Device,4G,2026-06-26
SUB4295784,4.37,1.17,0.7,0.38,52.68,0,0,35-44,Postpaid_Premium,5G_Device,3G,2026-06-23
SUB7435389,8.0,3.34,0.43,2.96,84.8,1,1,25-34,Postpaid_Premium,Mid_Range,5G,2026-06-17
SUB8422235,1.37,0.78,0.75,0.14,70.25,0,0,35-44,Prepaid_Daily,5G_Device,4G,2026-06-15
SUB5134608,0.3,0.71,0.07,0.84,102.81,0,0,35-44,Postpaid_Basic,5G_Device,4G+,2026-06-08
SUB8532351,2.49,0.89,1.24,0.54,48.57,0,0,25-34,Postpaid_Unlimited,Tablet,4G,2026-06-13
SUB2248749,0.45,1.5,0.54,0.32,152.97,0,1,18-24,Prepaid_Monthly,Tablet,5G,2026-07-05
SUB1676337,0.42,3.88,0.16,1.0,61.89,0,0,35-44,Postpaid_Premium,Mid_Range,4G,2026-06-14
SUB3023553,0.55,0.06,0.34,0.04,31.44,0,0,45-54,Postpaid_Premium,Mid_Range,3G,2026-06-07
SUB3096419,0.85,1.7,0.24,0.08,83.66,0,0,35-44,Prepaid_Monthly,Mid_Range,4G+,2026-06-11
SUB8166065,7.06,2.17,0.76,0.31,65.61,0,0,35-44,Postpaid_Unlimited,Premium_Smartphone,4G,2026-06-13
SUB4742918,8.0,6.0,1.51,3.47,126.54,0,1,18-24,Postpaid_Basic,5G_Device,5G,2026-06-28
SUB1544344,0.81,0.24,0.43,0.26,122.06,1,0,35-44,Prepaid_Monthly,Premium_Smartphone,4G,2026-06-30
SUB2187030,0.24,0.74,0.34,0.15,83.28,0,0,25-34,Prepaid_Daily,5G_Device,4G,2026-06-14
SUB9208149,0.77,2.65,0.14,0.01,116.11,1,0,55+,Postpaid_Basic,Mid_Range,5G,2026-07-05
SUB9437247,2.86,0.53,0.52,0.24,48.83,0,0,35-44,Postpaid_Premium,Mid_Range,5G,2026-06-10
SUB7730713,0.35,0.14,0.29,0.24,17.15,0,0,25-34,Postpaid_Basic,Basic_Phone,5G,2026-07-06
SUB9985290,2.68,6.0,0.93,1.16,160.63,0,1,25-34,Postpaid_Premium,Premium_Smartphone,4G+,2026-06-19
SUB5524105,0.5,3.54,0.07,0.03,97.97,0,0,45-54,Postpaid_Premium,5G_Device,4G,2026-06-24
SUB2880164,4.44,2.48,0.23,0.33,106.33,1,0,25-34,Prepaid_Monthly,5G_Device,4G,2026-06-28
SUB5376751,1.01,1.11,0.99,2.46,121.99,1,1,25-34,Postpaid_Basic,Premium_Smartphone,5G,2026-06-20
SUB5869236,1.84,2.18,0.09,0.01,98.69,1,1,35-44,Postpaid_Unlimited,5G_Device,4G,2026-06-26
SUB1380069,0.5,3.12,1.61,1.31,89.36,1,1,45-54,Postpaid_Unlimited,Mid_Range,4G+,2026-06-19
SUB1110957,0.53,4.13,0.03,0.1,82.43,0,0,18-24,Prepaid_Monthly,Premium_Smartphone,4G,2026-06-27
SUB5734071,0.9,0.33,0.05,0.6,32.5,0,0,35-44,Postpaid_Premium,Mid_Range,3G,2026-06-23
SUB5313696,0.03,0.53,0.04,0.0,24.52,0,0,55+,Prepaid_Monthly,Mid_Range,4G,2026-06-18
SUB5854487,0.4,0.46,0.01,0.4,132.85,0,1,55+,Prepaid_Daily,Tablet,4G,2026-07-04
SUB3877668,2.81,1.77,2.42,0.39,79.43,0,0,35-44,Postpaid_Premium,5G_Device,4G,2026-07-05
SUB6444408,0.17,0.02,0.04,0.09,38.35,1,0,55+,Prepaid_Monthly,Basic_Phone,4G,2026-07-01
SUB2195344,5.33,1.1,0.05,0.04,66.12,0,0,35-44,Prepaid_Daily,Mid_Range,4G+,2026-07-06
SUB7606964,0.02,1.88,0.01,0.06,59.63,0,1,25-34,Postpaid_Premium,Mid_Range,4G,2026-06-17
SUB1416561,4.13,1.38,1.85,1.27,70.14,1,0,35-44,Postpaid_Unlimited,Mid_Range,4G,2026-06-18
SUB5245871,4.37,2.13,1.62,1.62,146.72,1,0,18-24,Postpaid_Unlimited,Premium_Smartphone,4G+,2026-07-05
SUB9324436,0.52,0.5,0.53,0.52,91.02,0,1,25-34,Postpaid_Basic,Premium_Smartphone,4G+,2026-06-16
SUB8156406,0.26,0.6,1.92,0.05,76.6,0,0,25-34,Postpaid_Basic,Premium_Smartphone,4G,2026-06-13
SUB5801436,0.77,0.65,0.13,0.04,39.46,0,0,45-54,Prepaid_Daily,Mid_Range,5G,2026-06-10
SUB7931344,0.43,1.14,0.14,0.16,57.09,0,0,45-54,Postpaid_Premium,Mid_Range,4G,2026-07-02
SUB1624913,0.52,1.46,0.46,0.02,87.97,1,0,35-44,Postpaid_Unlimited,Mid_Range,4G+,2026-06-16
SUB3928339,3.91,1.97,3.89,0.03,94.76,0,0,25-34,Postpaid_Unlimited,5G_Device,5G,2026-06-27
SUB8373356,3.6,2.53,1.28,1.52,120.94,1,0,18-24,Postpaid_Premium,Tablet,4G,2026-06-25
SUB9783376,0.63,0.61,0.17,1.04,77.42,0,1,25-34,Prepaid_Daily,Mid_Range,5G,2026-07-05
SUB5245576,0.3,0.27,0.28,0.0,80.7,0,1,35-44,Prepaid_Monthly,Mid_Range,4G+,2026-06-20
SUB9637872,0.4,0.16,0.08,0.29,54.34,0,0,25-34,Prepaid_Monthly,Mid_Range,4G,2026-06-30
SUB7979740,1.17,0.12,0.49,0.01,18.88,0,0,25-34,Postpaid_Unlimited,Basic_Phone,4G,2026-06-11
SUB9625146,2.65,0.25,1.22,0.16,65.23,1,0,25-34,Prepaid_Daily,Mid_Range,5G,2026-06-23
SUB5709751,1.17,3.48,0.66,0.06,163.79,0,1,45-54,Postpaid_Basic,5G_Device,5G,2026-07-06
SUB4609134,1.39,0.47,0.48,0.4,99.67,0,0,45-54,Prepaid_Daily,5G_Device,5G,2026-07-04
SUB9542314,1.8,0.93,0.19,0.78,49.13,0,0,35-44,Postpaid_Premium,Mid_Range,4G,2026-07-06
SUB7630604,0.84,1.35,0.63,0.6,53.14,0,0,25-34,Postpaid_Premium,Mid_Range,4G,2026-06-14
SUB1827150,0.22,1.68,0.25,0.94,68.72,0,0,25-34,Postpaid_Basic,Mid_Range,5G,2026-06-08
SUB8453659,8.0,2.51,0.33,2.1,60.23,1,0,18-24,Postpaid_Premium,Mid_Range,4G+,2026-07-01
SUB2786852,3.13,1.86,1.68,1.18,87.53,0,0,18-24,Postpaid_Basic,Premium_Smartphone,4G+,2026-06-17
SUB7580470,1.18,6.0,0.41,0.02,200.0,1,1,18-24,Prepaid_Daily,Premium_Smartphone,5G,2026-07-06
SUB8377426,0.58,0.86,0.66,0.16,73.8,0,1,18-24,Prepaid_Monthly,Mid_Range,4G,2026-07-02
SUB6032793,2.82,4.3,2.68,0.89,108.75,0,0,18-24,Postpaid_Unlimited,5G_Device,5G,2026-06-24
SUB6322675,0.72,1.01,0.21,0.77,35.97,0,0,18-24,Prepaid_Monthly,Premium_Smartphone,3G,2026-06-30
SUB9139480,0.85,1.33,0.39,0.71,40.16,0,0,18-24,Prepaid_Daily,Mid_Range,4G,2026-07-05
SUB1042137,1.01,3.68,0.17,0.08,62.09,0,0,35-44,Prepaid_Monthly,Mid_Range,5G,2026-06-21
SUB1138925,0.79,2.25,0.14,0.0,95.91,1,1,55+,Prepaid_Monthly,Mid_Range,4G,2026-06-14
SUB3633819,0.23,1.01,0.88,0.51,93.36,0,0,45-54,Postpaid_Basic,Premium_Smartphone,4G,2026-06-12
SUB6412319,1.66,6.0,1.5,0.12,70.44,1,1,18-24,Postpaid_Basic,Premium_Smartphone,3G,2026-06-10
SUB4294900,8.0,2.53,0.79,1.66,116.83,0,0,25-34,Postpaid_Unlimited,5G_Device,5G,2026-06-12
SUB1375233,3.59,0.98,0.05,0.19,119.19,0,1,45-54,Postpaid_Premium,5G_Device,4G,2026-06-14
SUB2957792,1.22,0.64,0.5,1.68,78.73,1,0,18-24,Prepaid_Daily,5G_Device,4G,2026-06-22
SUB6028427,0.08,2.3,0.41,0.4,75.27,0,0,45-54,Postpaid_Premium,Premium_Smartphone,4G,2026-06-10
SUB9612670,0.47,1.83,0.72,0.07,59.86,0,0,35-44,Postpaid_Premium,Premium_Smartphone,4G,2026-06-21
SUB1431978,1.43,2.5,0.77,0.07,97.63,0,0,55+,Postpaid_Unlimited,5G_Device,5G,2026-06-08
SUB4502646,0.14,0.46,0.0,0.04,17.48,0,1,45-54,Prepaid_Monthly,Basic_Phone,4G,2026-06-16
SUB4891865,0.23,0.28,1.82,0.61,45.22,0,1,35-44,Prepaid_Monthly,Mid_Range,4G,2026-06-13
SUB6983943,1.14,0.1,0.21,1.63,73.08,0,0,35-44,Postpaid_Premium,Mid_Range,5G,2026-06-15
SUB5150579,8.0,3.86,0.62,0.78,143.97,0,1,18-24,Postpaid_Premium,Premium_Smartphone,5G,2026-07-04
SUB7986595,3.74,4.01,2.85,0.17,71.91,0,1,18-24,Postpaid_Basic,5G_Device,3G,2026-06-12
SUB2760143,0.43,1.54,0.08,0.06,47.3,0,0,25-34,Prepaid_Daily,Mid_Range,4G,2026-06-26
SUB9614295,1.77,2.67,0.95,0.14,104.33,0,0,18-24,Postpaid_Premium,Premium_Smartphone,4G,2026-06-29
SUB6539004,1.66,2.91,0.28,0.29,119.99,1,0,18-24,Prepaid_Daily,Mid_Range,5G,2026-06-16
SUB3242365,1.57,1.35,1.14,0.64,64.6,1,0,25-34,Prepaid_Daily,5G_Device,3G,2026-06-27
SUB3761856,0.18,0.76,0.7,0.16,103.3,0,1,45-54,Prepaid_Monthly,Premium_Smartphone,4G,2026-06-08
SUB3071088,2.22,2.08,0.35,1.68,57.53,0,1,18-24,Prepaid_Monthly,Tablet,3G,2026-06-15
SUB3113048,1.37,2.53,1.62,0.34,75.86,0,0,25-34,Postpaid_Basic,Mid_Range,4G+,2026-06-07
SUB1029813,1.86,1.19,0.38,0.2,129.99,0,1,25-34,Prepaid_Monthly,5G_Device,4G+,2026-06-09
SUB9079823,1.92,0.52,0.74,0.17,50.04,0,0,25-34,Prepaid_Daily,Mid_Range,4G+,2026-06-07
SUB4211407,2.18,0.52,0.25,0.42,159.5,0,1,18-24,Prepaid_Daily,Premium_Smartphone,5G,2026-06-30
SUB5860345,0.33,0.25,0.06,0.37,63.93,0,0,55+,Prepaid_Daily,Mid_Range,5G,2026-07-06
SUB6971143,2.06,1.96,0.07,0.73,119.2,0,0,35-44,Prepaid_Monthly,5G_Device,5G,2026-06-22
SUB7501211,0.11,2.85,0.01,0.73,98.67,0,1,25-34,Prepaid_Monthly,Tablet,4G,2026-06-11
SUB9662149,3.15,6.0,4.0,0.42,181.12,0,1,18-24,Prepaid_Monthly,5G_Device,5G,2026-06-19
SUB9296335,6.71,1.82,0.0,0.03,109.37,0,0,25-34,Postpaid_Basic,Premium_Smartphone,5G,2026-06-28
SUB7646854,0.5,1.16,0.38,0.77,83.69,0,0,45-54,Prepaid_Monthly,Mid_Range,5G,2026-07-04
SUB2615181,3.13,4.06,0.18,0.09,102.98,1,0,18-24,Prepaid_Monthly,Mid_Range,4G+,2026-06-22
SUB5034649,6.11,3.23,0.85,0.11,80.29,0,1,25-34,Postpaid_Premium,Mid_Range,4G+,2026-06-26
SUB2350816,1.56,0.81,0.07,3.97,54.59,0,0,18-24,Postpaid_Basic,Mid_Range,4G,2026-07-02
SUB7767315,2.13,2.34,1.09,0.14,101.74,0,1,55+,Postpaid_Unlimited,5G_Device,4G,2026-06-10
SUB6101118,2.59,3.13,0.1,2.63,64.06,0,1,18-24,Postpaid_Basic,5G_Device,4G,2026-06-24
SUB3821058,2.31,1.38,1.88,0.13,56.31,1,0,45-54,Postpaid_Unlimited,5G_Device,3G,2026-06-30
SUB1458819,1.74,0.24,0.2,0.19,98.35,0,1,25-34,Prepaid_Monthly,Mid_Range,4G+,2026-07-04
SUB2208060,0.91,0.35,0.29,2.46,116.29,0,1,35-44,Postpaid_Basic,Premium_Smartphone,4G+,2026-06-07
SUB6353369,0.77,0.52,0.52,0.04,110.04,0,0,35-44,Postpaid_Basic,Premium_Smartphone,5G,2026-07-02
SUB1444874,3.03,0.74,1.59,1.75,128.88,0,0,18-24,Postpaid_Unlimited,Premium_Smartphone,5G,2026-06-15
SUB6685645,0.02,0.19,0.14,0.01,25.42,0,0,25-34,Prepaid_Monthly,Basic_Phone,4G,2026-06-30
SUB4928683,1.92,1.81,1.88,0.08,121.26,0,0,25-34,Postpaid_Unlimited,5G_Device,4G+,2026-06-24
SUB6001945,6.48,0.62,0.78,0.03,58.81,0,0,18-24,Postpaid_Basic,Mid_Range,4G+,2026-06-11
SUB7922795,1.39,0.67,1.27,0.19,64.04,1,1,45-54,Postpaid_Premium,Premium_Smartphone,3G,2026-07-01
SUB3054048,3.73,0.72,0.2,0.5,40.36,0,0,18-24,Postpaid_Unlimited,5G_Device,3G,2026-06-22
SUB2063692,3.42,1.69,1.16,0.03,65.58,0,0,35-44,Postpaid_Unlimited,Tablet,4G,2026-06-26
SUB5738637,8.0,2.51,0.15,0.0,200.0,0,1,25-34,Postpaid_Premium,5G_Device,5G,2026-06-27
SUB5230013,0.73,0.6,0.06,0.17,11.59,0,0,18-24,Prepaid_Monthly,Basic_Phone,4G,2026-06-24
SUB7072929,0.28,0.15,0.12,0.57,51.17,0,1,35-44,Prepaid_Monthly,Mid_Range,4G,2026-06-30
SUB5051939,0.99,0.3,0.03,0.09,74.13,0,1,35-44,Prepaid_Monthly,Mid_Range,4G,2026-06-24
SUB1869953,2.07,0.46,0.11,0.01,84.68,0,0,25-34,Prepaid_Daily,Tablet,5G,2026-06-28
SUB4098056,0.77,1.43,0.19,0.27,76.86,0,0,25-34,Prepaid_Daily,Mid_Range,4G+,2026-06-25
SUB1713806,5.22,6.0,1.3,2.53,127.69,1,0,18-24,Postpaid_Basic,5G_Device,5G,2026-06-15
SUB7999244,2.06,0.63,0.17,0.05,95.13,0,0,45-54,Postpaid_Premium,5G_Device,4G,2026-06-09
SUB5193616,1.19,0.97,0.13,0.11,79.25,1,0,25-34,Prepaid_Daily,5G_Device,3G,2026-06-11
SUB8084335,0.21,0.26,0.2,0.29,22.58,0,1,18-24,Postpaid_Basic,Basic_Phone,4G,2026-06-15
SUB4439187,0.79,0.49,0.02,0.23,24.1,0,0,45-54,Prepaid_Monthly,Basic_Phone,4G,2026-06-14
SUB7423827,0.28,0.78,3.0,5.21,55.74,0,0,18-24,Postpaid_Unlimited,5G_Device,4G,2026-06-29
SUB7674106,0.74,0.06,0.29,0.75,73.95,0,0,25-34,Prepaid_Daily,5G_Device,4G,2026-06-25
SUB6216813,5.46,0.39,0.22,0.14,85.45,0,1,25-34,Postpaid_Basic,Tablet,4G,2026-06-28
SUB1750774,0.15,0.38,0.11,0.19,34.78,0,0,45-54,Postpaid_Unlimited,Mid_Range,3G,2026-06-13
SUB4357963,0.79,0.39,0.22,0.53,66.49,0,0,55+,Prepaid_Monthly,Premium_Smartphone,4G,2026-06-23
SUB8073575,0.19,1.53,0.35,0.72,66.5,0,0,35-44,Postpaid_Premium,Premium_Smartphone,3G,2026-07-02
SUB1924993,2.8,6.0,0.49,0.21,88.74,0,0,25-34,Postpaid_Unlimited,Mid_Range,5G,2026-07-06
SUB1353791,0.56,0.02,0.59,0.08,101.95,0,0,35-44,Prepaid_Daily,Premium_Smartphone,5G,2026-07-01
SUB2384525,3.35,0.88,0.07,0.85,60.58,0,0,25-34,Postpaid_Unlimited,Premium_Smartphone,4G,2026-06-18
SUB4517778,4.68,1.64,0.31,0.7,68.04,0,0,25-34,Postpaid_Premium,Mid_Range,5G,2026-06-07
SUB8719585,0.25,0.12,0.0,0.01,69.82,0,0,55+,Prepaid_Daily,Mid_Range,4G+,2026-06-21
SUB1116220,4.0,1.84,0.05,0.24,96.73,0,1,18-24,Prepaid_Monthly,Premium_Smartphone,4G,2026-06-14
SUB1221421,1.73,2.79,3.1,1.0,86.49,1,0,25-34,Postpaid_Basic,Premium_Smartphone,5G,2026-06-16
SUB9737925,0.01,0.2,0.83,0.11,41.48,0,0,45-54,Postpaid_Unlimited,Mid_Range,4G,2026-06-07
SUB5982732,0.04,0.47,1.11,0.0,49.27,1,0,35-44,Prepaid_Daily,Mid_Range,4G,2026-06-17
SUB4658997,3.9,2.99,0.27,0.46,63.63,0,0,18-24,Postpaid_Premium,Tablet,3G,2026-07-06
SUB7897012,2.36,1.65,0.03,0.0,60.69,0,0,18-24,Prepaid_Monthly,5G_Device,3G,2026-07-05
SUB2417191,0.29,6.0,0.81,1.18,115.4,1,1,25-34,Postpaid_Premium,5G_Device,5G,2026-06-28
SUB4347526,3.99,3.45,0.39,0.78,62.21,0,1,25-34,Postpaid_Premium,Mid_Range,3G,2026-07-04
SUB4477983,4.28,2.12,0.06,1.63,97.39,0,1,25-34,Postpaid_Basic,Mid_Range,5G,2026-07-03
SUB9109074,6.73,0.61,0.02,0.98,119.38,0,1,25-34,Postpaid_Basic,5G_Device,5G,2026-06-10
SUB1689925,1.13,1.11,0.18,0.21,70.88,1,0,55+,Postpaid_Unlimited,Mid_Range,4G+,2026-06-25
SUB3681478,1.22,0.93,0.07,3.51,177.75,1,0,25-34,Prepaid_Monthly,Premium_Smartphone,5G,2026-06-12
SUB3993220,1.02,1.98,0.26,0.33,31.95,0,0,25-34,Postpaid_Premium,Mid_Range,3G,2026-06-19
SUB3932878,2.94,2.82,0.36,0.02,96.62,1,0,25-34,Prepaid_Daily,Mid_Range,5G,2026-06-12
SUB3830527,1.41,0.72,1.02,0.01,115.88,0,1,18-24,Postpaid_Premium,5G_Device,4G,2026-06-26
SUB7173049,1.41,6.0,3.73,0.82,104.72,0,0,18-24,Postpaid_Premium,5G_Device,4G+,2026-06-19
SUB7814276,0.59,0.63,0.05,0.24,153.96,0,0,55+,Prepaid_Monthly,Tablet,5G,2026-06-30
SUB1822564,1.14,0.45,0.21,0.72,70.92,0,0,45-54,Postpaid_Premium,5G_Device,4G,2026-06-18
SUB9242184,1.51,3.31,0.15,0.01,100.56,0,0,18-24,Postpaid_Basic,Premium_Smartphone,5G,2026-06-15
SUB6044316,0.28,0.77,0.23,0.56,50.16,0,0,45-54,Postpaid_Unlimited,Mid_Range,4G,2026-06-26
SUB6658565,0.55,1.09,0.09,0.06,28.81,1,1,18-24,Prepaid_Daily,Basic_Phone,4G,2026-06-30
SUB4471888,0.57,2.57,0.3,0.03,188.83,1,0,35-44,Prepaid_Daily,Premium_Smartphone,5G,2026-06-24
SUB9256327,4.79,0.32,0.2,0.62,53.26,1,0,18-24,Postpaid_Premium,Mid_Range,3G,2026-06-12
SUB8537812,1.05,2.13,1.1,0.26,123.77,1,0,45-54,Postpaid_Premium,5G_Device,5G,2026-06-21
SUB3548600,1.04,1.48,0.82,0.21,65.21,0,1,18-24,Postpaid_Basic,Premium_Smartphone,3G,2026-06-10
SUB5943114,1.15,2.36,1.91,0.12,66.86,0,0,35-44,Postpaid_Unlimited,Premium_Smartphone,4G+,2026-06-29
SUB6198245,1.18,3.22,0.91,2.19,66.7,0,0,45-54,Postpaid_Premium,Premium_Smartphone,4G+,2026-06-11
SUB2985404,5.17,6.0,2.14,3.39,144.08,1,1,18-24,Postpaid_Unlimited,Mid_Range,5G,2026-06-27
SUB8741986,3.91,5.38,0.82,0.73,156.24,0,1,25-34,Postpaid_Basic,5G_Device,5G,2026-06-25
SUB7787702,0.58,2.93,4.0,0.53,142.93,0,1,18-24,Prepaid_Monthly,5G_Device,4G+,2026-06-26
SUB3126861,2.12,3.23,0.75,1.22,83.14,1,0,35-44,Prepaid_Monthly,Premium_Smartphone,4G,2026-06-12
SUB4779337,1.86,6.0,4.0,1.15,97.74,0,1,25-34,Postpaid_Unlimited,5G_Device,4G,2026-06-21
SUB3051723,1.14,0.14,0.01,0.0,59.46,1,0,35-44,Prepaid_Monthly,Mid_Range,4G,2026-06-28
SUB7289189,0.74,0.79,0.09,0.07,89.14,1,0,55+,Postpaid_Unlimited,5G_Device,3G,2026-06-21
SUB2048939,4.39,3.02,4.0,0.25,127.0,1,1,25-34,Postpaid_Premium,Mid_Range,4G+,2026-07-06
SUB5689133,0.76,0.99,1.71,0.04,85.14,0,1,18-24,Prepaid_Monthly,5G_Device,3G,2026-07-03
SUB5178465,2.55,1.32,0.0,1.15,74.61,0,0,35-44,Postpaid_Basic,5G_Device,4G,2026-06-09
SUB9785064,1.68,0.18,0.67,0.1,34.42,0,0,45-54,Postpaid_Basic,Mid_Range,4G,2026-06-11
SUB6708297,0.08,1.09,0.33,0.39,59.17,0,0,55+,Postpaid_Premium,Tablet,3G,2026-06-26
SUB1898704,0.75,0.86,0.25,0.31,54.04,0,1,18-24,Prepaid_Daily,Tablet,3G,2026-06-27
SUB9563645,0.85,4.15,0.19,0.87,158.07,1,1,25-34,Postpaid_Unlimited,Premium_Smartphone,4G,2026-07-03
SUB6243762,0.37,4.22,0.34,0.13,48.34,1,0,45-54,Postpaid_Basic,5G_Device,3G,2026-06-24
SUB8753472,4.29,1.38,0.35,0.29,118.16,0,0,45-54,Postpaid_Unlimited,5G_Device,4G+,2026-06-12
SUB9231691,0.79,1.09,0.04,0.06,30.79,1,0,35-44,Postpaid_Basic,Basic_Phone,4G,2026-06-20
SUB2696609,2.66,6.0,0.26,0.51,89.97,1,0,25-34,Prepaid_Monthly,5G_Device,3G,2026-06-07
SUB4569769,4.22,4.84,1.03,2.27,174.82,1,0,25-34,Postpaid_Basic,Premium_Smartphone,5G,2026-06-14
SUB4609684,1.21,1.36,0.04,2.1,72.1,0,0,18-24,Postpaid_Premium,5G_Device,4G,2026-06-16
SUB1028885,0.74,0.29,0.01,0.34,142.06,1,0,55+,Prepaid_Monthly,Premium_Smartphone,5G,2026-06-17
SUB5590723,4.76,3.67,1.87,1.43,122.69,0,0,18-24,Postpaid_Unlimited,Premium_Smartphone,5G,2026-06-23
SUB3812753,0.87,1.28,0.13,1.14,113.87,0,0,35-44,Postpaid_Basic,5G_Device,4G+,2026-06-18
SUB5589764,2.93,0.48,0.44,0.2,137.35,0,1,35-44,Postpaid_Unlimited,Premium_Smartphone,5G,2026-06-12
SUB4129985,5.41,0.69,1.42,1.41,84.13,0,0,25-34,Postpaid_Unlimited,Premium_Smartphone,4G,2026-06-23
SUB2379339,6.28,1.97,4.0,0.65,149.09,1,1,25-34,Postpaid_Premium,Premium_Smartphone,4G,2026-06-14
SUB3118736,2.12,0.56,0.66,0.39,66.82,0,0,35-44,Postpaid_Basic,Premium_Smartphone,4G,2026-07-02
SUB9045409,1.96,0.38,0.04,0.14,59.64,0,0,25-34,Postpaid_Basic,Mid_Range,4G,2026-06-14
SUB1819973,8.0,1.07,0.85,1.06,65.48,1,1,25-34,Postpaid_Premium,Mid_Range,4G,2026-06-13
SUB3650503,1.56,1.95,0.06,0.13,72.86,1,0,25-34,Postpaid_Basic,Mid_Range,4G,2026-06-13
SUB2118844,1.52,0.31,0.67,1.03,71.84,1,0,45-54,Postpaid_Premium,Mid_Range,5G,2026-07-01
SUB6701048,0.45,0.54,0.21,0.05,54.42,0,1,55+,Postpaid_Premium,Mid_Range,3G,2026-06-30
SUB4894142,1.53,1.0,0.08,0.22,48.72,0,0,35-44,Postpaid_Basic,Premium_Smartphone,3G,2026-06-27
SUB7462280,1.57,1.33,0.11,0.06,77.48,0,0,45-54,Postpaid_Basic,Premium_Smartphone,4G,2026-07-05
SUB8042049,0.59,0.42,0.45,0.16,105.36,0,1,25-34,Prepaid_Daily,Mid_Range,5G,2026-06-17
SUB6638663,0.3,0.34,0.28,0.05,53.43,1,0,35-44,Prepaid_Monthly,Basic_Phone,4G+,2026-06-17
SUB7226659,1.19,1.67,0.15,0.07,54.47,0,0,55+,Postpaid_Unlimited,Premium_Smartphone,4G,2026-06-28
SUB3781652,5.71,4.74,0.34,0.39,74.18,0,0,25-34,Postpaid_Premium,Premium_Smartphone,5G,2026-07-02
SUB3091219,1.2,0.85,0.13,0.03,38.33,0,0,18-24,Prepaid_Daily,Mid_Range,3G,2026-07-05
SUB5217635,0.19,1.01,1.93,0.0,94.39,1,1,55+,Postpaid_Unlimited,Mid_Range,4G,2026-06-16
SUB9836621,0.03,0.08,0.06,0.11,40.85,1,0,45-54,Prepaid_Daily,Mid_Range,3G,2026-06-28
SUB3286319,1.16,1.96,0.23,1.72,60.12,0,0,25-34,Postpaid_Basic,5G_Device,4G,2026-07-02
SUB1931253,0.22,0.81,0.08,0.08,111.95,1,0,55+,Prepaid_Daily,Premium_Smartphone,4G+,2026-06-17
SUB2844053,0.15,0.22,0.05,0.83,13.03,1,0,25-34,Postpaid_Unlimited,Basic_Phone,3G,2026-06-18
SUB1542955,0.19,1.32,0.29,0.8,74.11,1,0,25-34,Postpaid_Unlimited,Mid_Range,5G,2026-06-28
SUB4307735,2.69,2.43,0.3,0.28,113.38,0,0,35-44,Postpaid_Basic,Tablet,5G,2026-06-12
SUB5791126,3.7,4.44,0.35,0.23,175.23,1,0,25-34,Prepaid_Monthly,Premium_Smartphone,5G,2026-06-14
SUB9761753,4.41,0.91,0.6,0.04,50.38,1,0,35-44,Postpaid_Basic,Mid_Range,3G,2026-06-13
SUB3053413,6.43,1.96,0.0,0.67,64.89,0,0,18-24,Postpaid_Premium,5G_Device,4G,2026-07-02
SUB7685941,0.29,0.13,0.31,0.39,52.07,1,0,18-24,Prepaid_Monthly,Mid_Range,3G,2026-06-18
SUB2657387,0.68,0.15,1.31,0.4,42.38,0,0,25-34,Prepaid_Monthly,Premium_Smartphone,3G,2026-07-05
SUB3791241,0.85,1.22,0.02,0.41,73.16,0,0,35-44,Postpaid_Premium,Mid_Range,5G,2026-06-28
SUB9037821,0.21,1.57,0.43,0.13,24.04,0,0,18-24,Prepaid_Monthly,Mid_Range,4G,2026-06-15
SUB2220985,0.8,0.26,0.02,0.44,153.08,1,0,55+,Prepaid_Daily,Premium_Smartphone,5G,2026-06-10
SUB9734352,0.81,0.24,0.42,0.11,61.25,0,0,35-44,Postpaid_Basic,Mid_Range,4G,2026-06-18
SUB3604325,0.54,0.08,0.17,0.29,20.65,0,0,18-24,Postpaid_Premium,Basic_Phone,3G,2026-06-19
SUB3761623,1.12,6.0,0.32,0.51,131.65,0,1,25-34,Postpaid_Unlimited,5G_Device,5G,2026-07-04
SUB2676850,0.2,0.06,0.01,0.01,50.46,0,0,45-54,Prepaid_Daily,Basic_Phone,5G,2026-06-13
SUB4783799,2.08,5.69,0.41,2.78,74.09,1,1,25-34,Postpaid_Basic,Premium_Smartphone,3G,2026-06-07
SUB6709716,0.52,0.47,0.97,0.12,77.07,0,0,18-24,Prepaid_Monthly,Mid_Range,4G+,2026-06-22
SUB4886932,7.07,2.1,0.68,0.43,108.59,0,1,18-24,Prepaid_Monthly,5G_Device,4G,2026-06-07
SUB1432184,1.05,3.03,0.68,1.01,135.51,0,0,25-34,Postpaid_Basic,Tablet,5G,2026-06-20
SUB3336806,1.19,1.27,0.4,0.08,28.19,0,0,25-34,Prepaid_Daily,Mid_Range,3G,2026-06-08
SUB8517201,0.5,1.91,0.38,0.09,89.0,0,0,35-44,Prepaid_Monthly,Premium_Smartphone,4G,2026-06-29
SUB3908087,0.38,0.2,0.34,0.57,163.47,0,1,55+,Postpaid_Premium,5G_Device,4G+,2026-06-08
SUB1658139,2.16,5.34,0.04,0.35,55.82,0,0,18-24,Postpaid_Basic,Mid_Range,4G+,2026-06-11
SUB3970424,0.41,1.15,0.07,1.07,95.6,1,0,45-54,Postpaid_Unlimited,Premium_Smartphone,4G,2026-06-11
SUB7592863,1.05,0.76,0.08,0.27,130.65,1,0,55+,Prepaid_Monthly,5G_Device,4G+,2026-06-15
SUB9234955,0.27,1.44,0.29,0.17,71.52,1,0,55+,Postpaid_Basic,Mid_Range,4G,2026-06-09
SUB7608687,0.42,3.7,0.03,0.06,126.91,0,1,55+,Prepaid_Monthly,5G_Device,4G+,2026-06-16
SUB5105513,0.11,0.89,0.62,0.48,74.53,0,1,45-54,Prepaid_Monthly,Mid_Range,5G,2026-07-05
SUB7215241,0.69,6.0,1.0,0.01,85.32,0,0,35-44,Postpaid_Unlimited,Premium_Smartphone,4G,2026-07-06
SUB5317293,0.54,2.63,0.57,0.22,59.38,0,1,25-34,Postpaid_Premium,Mid_Range,4G+,2026-07-04
SUB4061481,0.95,3.95,0.67,0.33,50.68,0,0,25-34,Prepaid_Monthly,Premium_Smartphone,4G,2026-06-29
SUB7053912,2.9,2.02,1.58,0.43,66.28,1,0,45-54,Postpaid_Premium,Mid_Range,4G,2026-06-17
SUB9688458,0.7,2.26,4.0,0.38,56.17,0,1,25-34,Postpaid_Unlimited,Mid_Range,4G,2026-06-16
SUB6604065,0.47,1.79,0.09,0.1,150.26,1,1,18-24,Prepaid_Daily,Premium_Smartphone,4G+,2026-07-02
SUB9429747,0.97,6.0,0.06,0.65,120.97,1,1,18-24,Prepaid_Monthly,Mid_Range,5G,2026-06-19
SUB1303446,1.25,0.21,0.1,0.02,55.99,0,0,45-54,Prepaid_Monthly,Mid_Range,4G,2026-07-02
SUB4371484,0.05,1.24,0.29,0.27,60.71,0,0,45-54,Postpaid_Unlimited,Mid_Range,4G,2026-07-03
SUB2398558,0.82,1.24,0.15,0.14,40.38,0,0,25-34,Prepaid_Daily,Mid_Range,4G,2026-07-06
SUB3761158,0.54,6.0,0.08,0.34,90.76,0,0,25-34,Prepaid_Monthly,Premium_Smartphone,4G,2026-06-17
SUB2717479,0.14,0.08,0.32,0.06,25.13,1,0,35-44,Postpaid_Basic,Basic_Phone,3G,2026-06-25
SUB2045716,0.33,3.54,1.85,1.89,87.62,0,0,18-24,Postpaid_Basic,5G_Device,4G,2026-06-29
SUB4823873,2.67,0.29,0.27,0.33,42.51,0,0,35-44,Postpaid_Premium,Premium_Smartphone,3G,2026-06-22
SUB3961937,2.22,0.26,0.36,0.18,52.99,0,0,25-34,Prepaid_Monthly,5G_Device,3G,2026-06-12
SUB4693793,0.22,0.29,0.06,0.2,101.91,1,0,55+,Postpaid_Basic,Mid_Range,5G,2026-06-12
SUB7115762,4.77,1.11,0.5,0.33,85.78,1,0,25-34,Postpaid_Unlimited,Premium_Smartphone,3G,2026-06-08
SUB3553589,1.02,1.04,0.04,0.49,52.37,0,0,35-44,Prepaid_Monthly,Mid_Range,5G,2026-06-18
SUB7197649,0.19,0.14,0.02,0.25,24.93,0,0,35-44,Prepaid_Monthly,Basic_Phone,3G,2026-06-23
SUB2698413,8.0,2.27,0.0,1.19,78.77,0,0,25-34,Postpaid_Premium,5G_Device,4G,2026-06-10
SUB1137799,5.05,5.31,4.0,2.2,137.11,1,1,18-24,Postpaid_Premium,5G_Device,5G,2026-06-15
SUB5960124,4.87,2.51,0.03,0.01,81.45,1,1,25-34,Prepaid_Monthly,Mid_Range,4G,2026-06-10
SUB9570397,0.45,0.36,0.13,0.03,81.68,0,0,55+,Prepaid_Monthly,5G_Device,4G+,2026-06-30
SUB4817780,1.04,5.37,1.74,0.36,151.82,1,1,25-34,Postpaid_Premium,5G_Device,4G,2026-07-03
SUB8895945,0.29,2.15,0.31,0.11,47.28,0,0,35-44,Postpaid_Premium,Mid_Range,4G,2026-06-12
SUB9151382,1.08,0.45,0.18,0.05,45.81,0,1,55+,Postpaid_Unlimited,Mid_Range,4G+,2026-06-29
SUB5170163,0.47,6.0,0.14,0.22,88.81,1,0,45-54,Postpaid_Premium,Mid_Range,4G+,2026-07-02
SUB5628656,1.06,1.27,0.76,1.67,111.55,1,1,35-44,Prepaid_Monthly,Mid_Range,5G,2026-06-29
SUB7144138,1.47,3.85,0.01,0.01,65.47,1,0,35-44,Postpaid_Premium,Mid_Range,4G,2026-06-21
SUB6882049,0.26,0.04,0.06,0.26,78.08,1,0,55+,Prepaid_Daily,Mid_Range,4G,2026-06-28
SUB6688505,0.47,0.2,0.06,0.08,22.71,0,0,55+,Postpaid_Unlimited,Basic_Phone,5G,2026-06-19
SUB8687331,0.82,0.24,0.13,0.28,33.77,0,0,55+,Postpaid_Premium,Mid_Range,4G,2026-06-25
SUB5306080,6.77,2.61,0.86,0.05,59.62,1,0,35-44,Postpaid_Basic,Mid_Range,4G,2026-06-30
SUB8073575,0.91,2.16,0.95,0.68,76.13,0,0,25-34,Postpaid_Basic,Mid_Range,5G,2026-06-17
SUB7805080,0.17,0.38,0.18,0.15,35.96,1,0,18-24,Prepaid_Daily,Basic_Phone,5G,2026-06-22
SUB1212803,0.89,2.75,0.49,1.22,79.39,0,0,25-34,Prepaid_Daily,Premium_Smartphone,5G,2026-07-06
SUB3255913,0.21,0.42,0.08,0.0,107.6,0,0,55+,Prepaid_Monthly,Premium_Smartphone,4G+,2026-07-04
SUB9006546,2.28,4.27,0.04,0.54,73.75,0,0,45-54,Postpaid_Premium,5G_Device,4G+,2026-06-21
SUB7789329,0.4,0.9,0.19,0.03,100.62,0,0,25-34,Postpaid_Basic,Tablet,4G,2026-06-28
SUB5215645,0.28,0.64,0.48,0.4,41.51,0,0,25-34,Prepaid_Monthly,Mid_Range,3G,2026-06-30
SUB7651154,0.43,5.45,0.41,1.0,51.01,0,0,25-34,Postpaid_Premium,Mid_Range,5G,2026-06-23
SUB3870581,3.16,0.96,0.06,0.0,61.04,1,0,25-34,Prepaid_Monthly,Premium_Smartphone,3G,2026-06-25
SUB8689935,0.49,3.54,0.53,0.08,48.88,1,0,35-44,Postpaid_Premium,Mid_Range,4G,2026-06-20
SUB8015232,0.17,1.02,0.11,0.66,37.05,1,1,25-34,Postpaid_Basic,Basic_Phone,5G,2026-06-18
SUB9120459,0.94,3.24,2.88,1.11,54.74,0,0,18-24,Postpaid_Basic,Mid_Range,5G,2026-07-04
SUB6014049,4.22,0.44,0.8,0.29,76.6,0,1,25-34,Prepaid_Monthly,Mid_Range,5G,2026-06-29
SUB7600500,2.53,6.0,0.31,1.28,54.05,1,0,18-24,Postpaid_Unlimited,Mid_Range,4G,2026-06-24
SUB1078840,0.12,0.25,0.07,0.05,135.59,0,1,55+,Prepaid_Daily,Tablet,4G+,2026-06-09
SUB6408647,5.54,0.85,0.35,0.04,113.26,0,0,25-34,Prepaid_Daily,Premium_Smartphone,5G,2026-06-08
SUB1161297,2.5,1.87,0.05,0.18,90.51,0,0,55+,Postpaid_Basic,Premium_Smartphone,5G,2026-07-01
SUB2931375,2.68,0.9,0.5,6.0,104.85,0,1,18-24,Postpaid_Unlimited,Premium_Smartphone,4G,2026-06-28
SUB5243460,0.65,0.39,0.05,0.04,81.46,1,0,18-24,Prepaid_Daily,Mid_Range,4G,2026-06-07
SUB3305433,0.81,1.17,0.43,0.56,90.26,1,0,35-44,Postpaid_Premium,Mid_Range,4G,2026-06-14
SUB6926069,7.16,3.21,0.51,0.07,94.1,0,0,45-54,Postpaid_Premium,5G_Device,5G,2026-06-12
SUB5220242,0.35,0.86,0.77,0.06,70.41,0,1,35-44,Postpaid_Basic,Mid_Range,4G+,2026-07-02
SUB7739202,1.96,0.7,0.73,0.22,41.09,1,1,18-24,Postpaid_Basic,Basic_Phone,5G,2026-06-14
SUB3087001,0.22,0.84,0.02,0.75,43.54,0,0,18-24,Prepaid_Monthly,Mid_Range,4G,2026-06-07
SUB3681722,0.28,0.2,0.26,0.04,17.22,0,1,35-44,Prepaid_Monthly,Basic_Phone,5G,2026-06-18
SUB4455673,0.44,0.5,0.14,0.24,34.27,0,0,18-24,Postpaid_Premium,Basic_Phone,5G,2026-06-18
SUB8605502,0.58,0.61,0.49,0.27,94.3,0,1,25-34,Prepaid_Daily,Premium_Smartphone,5G,2026-06-19
SUB9261195,2.92,0.3,0.07,0.79,52.52,0,0,35-44,Postpaid_Basic,Mid_Range,4G+,2026-06-21
SUB2731530,0.71,0.75,1.75,0.93,69.74,0,0,18-24,Prepaid_Monthly,Mid_Range,5G,2026-06-12
SUB6358699,1.43,4.45,0.12,1.98,72.12,0,1,18-24,Postpaid_Basic,5G_Device,4G,2026-06-25
SUB7773329,1.65,0.64,0.58,0.57,116.08,0,0,18-24,Postpaid_Basic,5G_Device,5G,2026-06-17
SUB9530508,0.43,0.6,0.48,0.41,117.86,1,0,55+,Postpaid_Unlimited,Premium_Smartphone,4G,2026-06-18
SUB6552612,6.87,3.93,0.42,0.49,100.55,0,1,25-34,Postpaid_Basic,Premium_Smartphone,4G,2026-06-08
SUB8089109,0.12,0.27,0.06,0.03,44.63,0,0,55+,Prepaid_Monthly,Basic_Phone,5G,2026-06-22
SUB7829313,2.43,0.92,0.81,0.39,100.96,1,0,25-34,Prepaid_Daily,5G_Device,4G,2026-06-14
SUB7212695,3.23,0.62,0.02,0.8,50.12,1,0,45-54,Postpaid_Basic,Premium_Smartphone,3G,2026-06-11
SUB5790287,3.86,0.8,0.06,0.29,150.26,1,0,18-24,Postpaid_Basic,Premium_Smartphone,5G,2026-06-09
SUB1253078,3.34,2.85,1.56,2.34,81.23,0,0,25-34,Postpaid_Premium,Premium_Smartphone,4G+,2026-06-07
SUB1368893,1.13,1.38,0.07,0.08,82.37,0,0,45-54,Postpaid_Basic,Premium_Smartphone,4G+,2026-06-29
SUB4101883,2.09,1.51,1.39,0.54,159.69,1,0,45-54,Postpaid_Premium,Premium_Smartphone,5G,2026-06-25
SUB6398856,1.75,0.68,0.29,0.1,116.15,0,0,45-54,Postpaid_Unlimited,Premium_Smartphone,4G+,2026-06-10
SUB1715295,3.72,0.36,0.43,0.44,130.53,1,0,45-54,Prepaid_Daily,Premium_Smartphone,5G,2026-06-14
SUB2878798,1.67,1.73,0.59,0.64,91.64,1,1,18-24,Postpaid_Premium,5G_Device,3G,2026-06-16
SUB5000740,0.28,0.83,0.25,0.0,36.15,0,0,25-34,Prepaid_Daily,Mid_Range,4G,2026-06-07
SUB2054212,0.02,0.37,0.01,0.29,24.5,0,0,25-34,Prepaid_Monthly,Basic_Phone,4G,2026-06-21
SUB3358730,0.35,0.11,0.07,0.03,49.04,0,0,45-54,Postpaid_Basic,Premium_Smartphone,4G,2026-06-27
SUB4485001,1.69,2.61,1.06,1.03,106.87,0,0,25-34,Postpaid_Premium,Tablet,5G,2026-07-01
SUB3080563,0.09,0.18,0.1,0.07,54.57,0,0,55+,Prepaid_Monthly,Mid_Range,4G,2026-07-02
SUB9672424,6.3,6.0,0.27,0.48,174.87,1,0,25-34,Postpaid_Premium,5G_Device,5G,2026-07-01
SUB5715697,0.34,2.33,0.08,0.62,191.1,0,1,35-44,Prepaid_Monthly,Premium_Smartphone,5G,2026-06-21
SUB6243534,3.12,0.89,0.27,1.02,50.52,0,0,25-34,Prepaid_Monthly,Premium_Smartphone,4G,2026-06-30
SUB8669510,2.17,1.52,0.1,0.3,62.08,0,0,25-34,Prepaid_Monthly,5G_Device,4G,2026-06-20
SUB1125851,3.61,1.92,0.43,0.26,127.03,1,0,35-44,Postpaid_Premium,5G_Device,5G,2026-06-19
SUB3650527,4.3,3.55,0.97,0.55,113.61,0,0,25-34,Prepaid_Daily,5G_Device,5G,2026-06-08
SUB5861282,0.24,0.14,0.01,0.05,41.31,1,0,55+,Prepaid_Monthly,Basic_Phone,4G,2026-06-11
SUB1794878,0.0,0.93,0.15,0.01,89.1,0,1,35-44,Prepaid_Monthly,Mid_Range,4G+,2026-06-10
SUB3053262,1.94,1.04,1.0,0.01,44.45,0,0,35-44,Prepaid_Monthly,Mid_Range,4G,2026-07-05
SUB2937135,1.22,0.83,0.05,0.1,96.29,0,1,45-54,Prepaid_Daily,5G_Device,4G,2026-06-22
SUB9186565,2.06,1.49,1.02,0.1,131.82,0,0,35-44,Prepaid_Daily,5G_Device,5G,2026-06-08
SUB7449728,0.72,0.88,0.01,3.57,53.56,0,1,35-44,Prepaid_Monthly,Mid_Range,4G,2026-06-09
SUB9614787,2.19,1.29,0.24,0.41,83.58,1,0,18-24,Postpaid_Basic,Mid_Range,5G,2026-06-08
SUB3072171,0.27,3.64,0.12,0.69,142.08,0,0,25-34,Prepaid_Monthly,5G_Device,5G,2026-06-29
SUB6460388,3.07,2.46,0.09,1.76,100.87,0,0,35-44,Postpaid_Premium,Premium_Smartphone,4G+,2026-06-23
SUB9381660,0.14,0.83,0.08,0.19,102.76,0,0,45-54,Prepaid_Monthly,Premium_Smartphone,4G,2026-06-20
SUB5544340,3.32,0.92,0.89,1.16,109.45,0,1,25-34,Prepaid_Monthly,5G_Device,4G+,2026-07-03
SUB7112240,0.36,5.08,2.46,0.32,65.29,0,0,18-24,Postpaid_Premium,Mid_Range,4G,2026-06-26
SUB2200346,0.41,0.61,0.92,0.49,35.89,1,0,35-44,Postpaid_Basic,Mid_Range,3G,2026-06-22
SUB9873895,4.36,6.0,2.25,0.04,73.15,0,0,18-24,Postpaid_Unlimited,5G_Device,4G,2026-06-13
SUB7214294,0.22,0.33,0.65,0.05,28.32,0,0,35-44,Prepaid_Monthly,Mid_Range,4G,2026-06-23
SUB2760399,0.55,0.46,0.09,0.42,27.39,0,0,35-44,Postpaid_Premium,Basic_Phone,5G,2026-06-07
SUB9684509,1.79,2.19,0.99,0.71,49.6,1,1,25-34,Postpaid_Premium,Mid_Range,4G,2026-07-06
SUB7136062,0.77,0.35,0.27,1.08,64.3,0,0,45-54,Postpaid_Unlimited,Mid_Range,4G,2026-06-24
SUB7347572,1.45,0.57,2.45,0.67,50.72,1,0,25-34,Postpaid_Unlimited,Mid_Range,5G,2026-06-30
SUB7435689,0.19,1.18,0.09,0.43,117.19,1,0,35-44,Prepaid_Daily,Premium_Smartphone,5G,2026-06-12
SUB5143403,0.92,4.32,2.13,0.07,186.38,0,1,18-24,Prepaid_Daily,Tablet,5G,2026-06-23
SUB3203531,1.33,2.75,3.15,1.44,123.46,1,0,25-34,Postpaid_Premium,Mid_Range,5G,2026-06-22
SUB2069412,0.89,0.15,0.21,0.52,64.57,0,0,45-54,Prepaid_Monthly,5G_Device,4G,2026-06-21
SUB5415743,2.14,0.22,1.1,0.71,25.03,0,1,18-24,Postpaid_Premium,Basic_Phone,4G,2026-06-25
SUB4303131,0.49,1.09,0.37,0.03,58.09,0,0,25-34,Prepaid_Daily,Mid_Range,4G,2026-06-22
SUB7266376,4.21,0.32,0.49,1.57,136.35,0,0,25-34,Postpaid_Premium,Premium_Smartphone,5G,2026-06-18
SUB3953028,2.54,2.26,0.04,1.14,126.51,0,1,18-24,Prepaid_Daily,Tablet,5G,2026-06-23
SUB8490291,4.31,1.05,2.17,0.64,75.06,1,0,25-34,Prepaid_Monthly,5G_Device,4G,2026-06-09
SUB6385909,1.07,4.41,0.84,0.25,76.1,0,0,18-24,Postpaid_Unlimited,Mid_Range,5G,2026-07-03
SUB1397595,0.28,0.23,0.06,0.08,31.98,0,1,55+,Prepaid_Daily,Mid_Range,3G,2026-06-30
SUB7188343,3.7,3.29,0.23,0.46,116.25,0,1,35-44,Prepaid_Monthly,5G_Device,5G,2026-06-08
SUB4793092,0.46,0.17,0.46,0.59,54.04,0,0,25-34,Prepaid_Daily,Mid_Range,5G,2026-07-01
SUB2731041,1.6,0.75,0.18,0.66,100.01,0,0,45-54,Postpaid_Unlimited,Premium_Smartphone,4G,2026-07-05
SUB8734125,0.71,0.81,0.44,0.76,24.6,0,0,18-24,Postpaid_Premium,Basic_Phone,5G,2026-06-19
SUB7113100,1.99,2.75,1.27,6.0,122.03,0,1,25-34,Postpaid_Premium,Premium_Smartphone,4G+,2026-06-09
SUB4590511,0.74,0.67,0.3,1.47,63.36,0,0,25-34,Postpaid_Basic,Premium_Smartphone,4G,2026-06-22
SUB3417209,1.42,2.65,0.0,0.04,78.67,0,0,18-24,Prepaid_Monthly,Premium_Smartphone,4G,2026-06-07
SUB1526925,0.12,1.35,0.56,0.38,83.14,0,1,45-54,Prepaid_Daily,5G_Device,4G,2026-06-19
SUB7757450,0.48,0.06,0.01,0.0,15.18,1,0,18-24,Prepaid_Monthly,Basic_Phone,4G,2026-07-04
SUB3925609,0.78,0.97,0.13,0.06,54.35,0,0,45-54,Postpaid_Basic,Mid_Range,4G,2026-07-05
SUB1606752,2.09,0.17,0.41,0.27,46.56,0,0,25-34,Postpaid_Premium,Mid_Range,4G,2026-06-07
SUB2339462,0.74,0.29,0.01,0.02,22.53,0,0,18-24,Prepaid_Monthly,Mid_Range,3G,2026-06-15
SUB7827575,0.35,0.12,0.02,0.01,10.55,0,0,35-44,Prepaid_Daily,Basic_Phone,3G,2026-06-13
SUB8687268,0.89,0.86,0.13,0.31,48.83,0,0,35-44,Prepaid_Monthly,Mid_Range,5G,2026-07-06
SUB7117682,1.81,2.73,0.55,0.36,51.26,0,1,25-34,Prepaid_Monthly,Mid_Range,4G,2026-06-09
SUB8204425,1.21,3.45,1.07,0.05,66.77,1,1,25-34,Prepaid_Daily,Tablet,3G,2026-06-17
SUB6158570,1.65,1.0,0.09,0.72,96.44,0,0,18-24,Prepaid_Daily,Premium_Smartphone,4G,2026-06-11
SUB5823416,1.76,1.98,0.03,0.04,118.95,0,1,55+,Prepaid_Daily,Premium_Smartphone,4G,2026-06-26
SUB6210766,1.23,6.0,1.36,0.13,113.73,0,1,25-34,Postpaid_Unlimited,Premium_Smartphone,5G,2026-06-29
SUB2137317,0.8,1.89,0.19,0.02,62.2,1,0,18-24,Prepaid_Monthly,Premium_Smartphone,3G,2026-06-07
SUB8358862,4.51,0.51,0.42,0.01,71.43,0,0,45-54,Postpaid_Premium,Premium_Smartphone,4G+,2026-06-28
SUB6560068,0.26,1.0,0.14,0.91,44.52,0,0,25-34,Prepaid_Monthly,Mid_Range,4G,2026-06-23
SUB3957532,4.11,6.0,0.66,0.41,50.1,0,0,18-24,Postpaid_Basic,Mid_Range,5G,2026-07-04
SUB3166354,0.26,0.18,0.6,0.03,39.05,1,0,25-34,Prepaid_Daily,Basic_Phone,4G+,2026-06-08
SUB1299189,1.83,1.04,0.17,0.01,88.2,1,0,35-44,Postpaid_Basic,5G_Device,3G,2026-06-28
SUB7508850,1.42,2.3,0.56,0.78,109.45,0,1,18-24,Prepaid_Monthly,5G_Device,5G,2026-07-03
SUB2559049,0.88,1.27,0.28,0.22,64.68,0,0,25-34,Prepaid_Daily,Premium_Smartphone,4G,2026-07-02
SUB7136821,1.0,0.56,0.28,0.25,39.11,0,1,45-54,Postpaid_Unlimited,Mid_Range,3G,2026-07-03
SUB3374494,5.68,1.48,4.0,0.53,200.0,1,1,18-24,Postpaid_Basic,Premium_Smartphone,5G,2026-06-22
SUB1504655,0.27,1.94,0.35,0.02,111.91,1,0,25-34,Prepaid_Monthly,Premium_Smartphone,4G,2026-06-07
SUB1236824,0.39,0.21,0.1,0.02,59.6,0,0,25-34,Prepaid_Monthly,Mid_Range,5G,2026-07-02
SUB4149409,0.74,0.69,0.49,0.12,35.98,0,0,35-44,Prepaid_Monthly,Mid_Range,4G,2026-06-21
SUB5548003,1.14,1.47,1.14,0.75,114.86,1,0,55+,Postpaid_Premium,5G_Device,5G,2026-06-30
SUB5025282,1.52,3.32,1.79,0.13,124.36,0,0,25-34,Postpaid_Basic,Premium_Smartphone,4G+,2026-07-05
SUB5166289,0.06,1.8,0.14,0.69,25.38,1,0,18-24,Prepaid_Daily,Basic_Phone,4G+,2026-07-05
SUB1093246,1.0,0.33,0.65,0.13,54.21,0,0,25-34,Prepaid_Daily,Mid_Range,4G,2026-07-06
SUB6338744,1.5,1.17,0.11,1.74,75.24,1,0,18-24,Postpaid_Basic,Mid_Range,4G,2026-06-10
SUB9597494,0.42,3.84,1.84,1.25,104.11,1,1,35-44,Prepaid_Monthly,Premium_Smartphone,4G+,2026-07-06
SUB3367713,2.15,0.81,0.3,2.82,105.87,0,0,18-24,Postpaid_Basic,Premium_Smartphone,5G,2026-06-20
SUB5063068,1.02,0.94,0.11,1.18,56.46,0,0,25-34,Postpaid_Premium,Premium_Smartphone,4G,2026-06-17
SUB3284798,2.79,6.0,2.06,1.51,81.33,0,0,25-34,Postpaid_Premium,Tablet,4G,2026-07-03
SUB2532337,1.04,1.05,1.38,0.77,34.12,0,0,25-34,Prepaid_Monthly,5G_Device,3G,2026-07-03
SUB1783566,0.69,3.46,0.21,0.28,112.23,0,1,35-44,Postpaid_Unlimited,5G_Device,4G,2026-07-06
SUB8596713,2.31,1.16,0.15,1.38,56.83,0,1,18-24,Prepaid_Daily,Mid_Range,4G,2026-07-06
SUB1779105,0.41,0.26,0.05,0.12,68.01,0,1,55+,Postpaid_Basic,Mid_Range,4G,2026-06-24
SUB8097065,2.13,1.37,0.59,0.78,53.08,1,0,25-34,Postpaid_Unlimited,Mid_Range,4G,2026-06-24
SUB1220326,1.72,0.3,0.14,0.06,57.06,0,0,55+,Postpaid_Basic,Mid_Range,4G+,2026-06-28
SUB5513552,0.55,1.02,0.13,1.63,107.04,0,1,25-34,Postpaid_Basic,5G_Device,5G,2026-06-17
SUB7637935,0.07,0.58,0.07,0.05,58.28,0,0,45-54,Prepaid_Daily,Mid_Range,4G,2026-06-14
SUB4522810,1.93,2.11,0.5,0.62,72.98,0,1,18-24,Postpaid_Premium,5G_Device,3G,2026-06-17
SUB6480354,2.96,4.25,0.02,0.02,115.12,0,0,35-44,Prepaid_Monthly,Premium_Smartphone,5G,2026-07-05
SUB7575273,3.87,0.82,1.11,0.38,79.48,0,1,25-34,Postpaid_Premium,Mid_Range,4G,2026-06-16
SUB5447321,0.15,0.94,0.17,0.17,66.38,1,0,25-34,Prepaid_Daily,Premium_Smartphone,3G,2026-06-08
SUB1651824,0.56,0.47,0.64,0.15,47.18,0,0,35-44,Prepaid_Daily,Mid_Range,5G,2026-06-12
SUB3906405,0.71,0.98,0.33,0.06,47.81,0,0,35-44,Prepaid_Monthly,Mid_Range,4G,2026-06-13
SUB6866645,0.61,0.84,0.69,0.15,75.75,1,1,35-44,Prepaid_Monthly,5G_Device,4G,2026-06-18
SUB9069552,1.04,6.0,1.04,0.43,132.4,0,1,18-24,Postpaid_Unlimited,Premium_Smartphone,5G,2026-06-08
SUB5569146,1.25,2.6,1.2,1.14,24.58,0,0,18-24,Postpaid_Unlimited,Mid_Range,3G,2026-06-13
SUB3470856,5.74,2.56,0.03,0.98,57.27,0,0,35-44,Postpaid_Basic,5G_Device,4G,2026-06-14
SUB4139782,0.17,0.18,0.09,0.39,15.07,1,0,18-24,Prepaid_Daily,Basic_Phone,4G,2026-06-29
SUB2650224,0.34,0.29,0.87,0.03,30.39,0,0,25-34,Prepaid_Monthly,Mid_Range,3G,2026-06-11
SUB2348055,0.19,0.12,0.11,0.26,38.91,0,0,18-24,Postpaid_Basic,Basic_Phone,5G,2026-06-26
SUB6095670,2.69,1.36,0.08,0.01,86.36,0,0,18-24,Prepaid_Daily,Mid_Range,5G,2026-06-26
SUB3230653,1.46,1.1,0.77,5.85,104.33,1,0,25-34,Postpaid_Premium,Mid_Range,5G,2026-06-17
SUB1584942,0.4,0.57,0.22,2.33,94.33,0,1,35-44,Prepaid_Daily,5G_Device,4G+,2026-06-14
SUB5563870,0.71,1.23,0.11,0.22,105.65,1,0,55+,Postpaid_Premium,Tablet,4G,2026-06-28
SUB2420654,2.37,2.15,0.01,0.9,88.21,0,1,25-34,Postpaid_Premium,5G_Device,4G,2026-07-06
SUB9355425,0.61,0.38,0.05,0.17,66.78,0,0,55+,Postpaid_Basic,Premium_Smartphone,3G,2026-06-14
SUB6869494,5.19,3.1,0.06,0.0,121.92,1,0,35-44,Postpaid_Premium,Premium_Smartphone,4G,2026-06-19
SUB9737456,0.43,0.93,0.03,0.12,83.13,0,0,55+,Postpaid_Premium,Premium_Smartphone,4G,2026-07-03
SUB2481177,0.28,1.98,2.56,0.22,80.94,0,0,45-54,Postpaid_Premium,Mid_Range,5G,2026-06-30
SUB1166991,0.37,1.24,0.62,0.59,76.79,0,0,35-44,Prepaid_Monthly,Premium_Smartphone,4G,2026-07-03
SUB5291256,1.06,2.0,3.41,0.5,48.15,0,0,25-34,Prepaid_Monthly,Tablet,4G,2026-06-18
SUB4992942,2.08,0.31,0.35,0.08,17.06,0,0,18-24,Postpaid_Unlimited,Basic_Phone,5G,2026-07-06
SUB5660110,0.66,0.4,0.22,0.03,60.99,1,0,18-24,Postpaid_Basic,Mid_Range,4G,2026-06-09
SUB6914063,0.13,0.08,0.06,0.01,56.27,0,0,55+,Postpaid_Premium,Mid_Range,4G+,2026-06-29
SUB9491485,0.29,0.16,0.53,0.06,55.05,0,1,55+,Postpaid_Basic,Mid_Range,4G,2026-07-03
SUB8998883,0.45,0.46,0.48,0.19,58.06,0,1,35-44,Prepaid_Daily,Premium_Smartphone,3G,2026-06-16
SUB8961813,2.61,1.76,1.07,2.16,130.83,1,1,45-54,Postpaid_Unlimited,Premium_Smartphone,4G+,2026-07-04
SUB7962544,0.04,0.1,0.01,0.05,37.01,1,0,55+,Prepaid_Daily,Basic_Phone,4G+,2026-06-20
SUB6118805,2.03,0.07,4.0,0.72,56.45,0,0,25-34,Postpaid_Unlimited,Mid_Range,4G,2026-06-14
SUB2545329,0.85,0.81,0.28,0.5,70.79,0,1,35-44,Prepaid_Monthly,Premium_Smartphone,3G,2026-06-12
SUB4072753,0.25,2.14,0.55,0.01,32.55,0,0,25-34,Prepaid_Monthly,Premium_Smartphone,3G,2026-07-03
SUB1391670,0.1,2.67,3.46,1.09,86.13,0,0,25-34,Prepaid_Monthly,5G_Device,4G,2026-06-19
SUB5626043,8.0,4.83,1.85,0.01,76.57,0,0,18-24,Postpaid_Unlimited,Mid_Range,5G,2026-06-17
SUB8627339,0.77,0.6,0.42,0.29,26.58,0,0,25-34,Postpaid_Unlimited,Basic_Phone,4G,2026-06-08
SUB2350339,0.06,1.55,0.81,0.1,49.44,0,0,35-44,Postpaid_Premium,Mid_Range,3G,2026-06-09
SUB4734942,2.07,2.13,0.45,2.01,64.63,1,0,25-34,Prepaid_Monthly,Mid_Range,5G,2026-06-13
SUB9429241,0.86,0.18,0.05,0.21,87.93,1,0,45-54,Prepaid_Daily,Mid_Range,4G+,2026-07-02
SUB4850404,3.38,2.26,1.58,0.08,52.08,0,0,25-34,Postpaid_Premium,Mid_Range,4G,2026-07-05
SUB8792590,2.02,2.25,0.6,0.36,68.57,0,0,18-24,Prepaid_Monthly,Premium_Smartphone,3G,2026-06-11
SUB3821105,0.09,0.25,1.07,0.24,57.35,0,0,45-54,Postpaid_Premium,Mid_Range,4G,2026-06-28
SUB1926109,0.54,3.94,2.02,0.21,131.58,1,0,35-44,Postpaid_Premium,5G_Device,5G,2026-06-23
SUB8659564,4.3,2.44,0.16,0.81,56.38,0,1,18-24,Prepaid_Monthly,Mid_Range,4G,2026-07-04
SUB6455249,1.51,3.4,0.3,1.26,35.9,0,0,25-34,Postpaid_Premium,Mid_Range,4G,2026-06-09
SUB1708669,1.29,1.06,0.3,0.15,59.6,0,1,25-34,Postpaid_Premium,Mid_Range,4G,2026-06-16
SUB7318499,0.55,0.32,0.14,0.15,46.74,0,0,55+,Postpaid_Unlimited,5G_Device,3G,2026-07-03
SUB5227939,2.21,2.55,0.02,0.12,71.18,0,0,35-44,Postpaid_Basic,Premium_Smartphone,4G,2026-06-20
SUB3307539,3.86,1.85,0.32,0.18,55.03,1,1,18-24,Postpaid_Premium,Mid_Range,4G,2026-06-27
SUB3596882,0.24,0.15,0.49,0.1,11.79,0,0,25-34,Postpaid_Basic,Basic_Phone,5G,2026-07-01
SUB4947526,2.92,1.09,0.28,0.1,101.65,0,1,45-54,Prepaid_Daily,Premium_Smartphone,4G,2026-06-18
SUB8433976,0.45,0.66,0.11,0.55,91.34,0,0,35-44,Prepaid_Daily,Premium_Smartphone,4G+,2026-06-27
SUB5650100,0.3,0.3,0.03,0.14,43.78,0,0,45-54,Prepaid_Daily,Mid_Range,4G,2026-06-11
SUB3998851,2.24,0.61,0.7,0.0,95.76,0,1,25-34,Prepaid_Daily,Premium_Smartphone,4G,2026-06-23
SUB4661306,1.06,0.46,0.08,0.03,53.16,0,0,45-54,Prepaid_Daily,Mid_Range,4G,2026-06-30
SUB1997057,0.26,0.04,0.13,0.61,33.95,0,1,45-54,Postpaid_Unlimited,Basic_Phone,4G,2026-06-18
SUB4674153,1.24,0.73,0.21,0.01,80.56,1,1,35-44,Postpaid_Basic,Premium_Smartphone,3G,2026-07-02
SUB5748584,8.0,0.71,0.5,1.78,119.79,1,1,25-34,Prepaid_Monthly,Tablet,4G,2026-07-06
SUB8303398,0.1,0.09,0.21,0.03,87.18,0,1,45-54,Prepaid_Monthly,Premium_Smartphone,3G,2026-06-21
SUB3212292,0.99,0.33,0.47,0.1,55.26,0,1,35-44,Postpaid_Basic,Mid_Range,4G,2026-06-13
SUB5370297,0.54,0.64,0.03,0.37,65.38,0,0,45-54,Prepaid_Daily,Mid_Range,5G,2026-06-27
SUB4618313,3.43,3.59,0.37,0.05,164.56,1,0,25-34,Prepaid_Monthly,5G_Device,5G,2026-06-22
SUB2384410,0.71,1.67,0.02,0.77,41.88,0,0,18-24,Postpaid_Unlimited,Mid_Range,4G,2026-06-28
SUB9674708,0.57,6.0,0.4,0.32,116.69,0,0,25-34,Postpaid_Premium,5G_Device,5G,2026-06-09
SUB8330395,5.09,0.76,0.92,0.4,118.86,0,0,25-34,Postpaid_Basic,Premium_Smartphone,5G,2026-06-21
SUB3048880,1.39,0.1,2.62,0.03,132.52,1,0,25-34,Postpaid_Basic,Premium_Smartphone,5G,2026-07-02
SUB3469606,3.49,2.01,0.44,0.09,54.13,1,0,25-34,Prepaid_Monthly,Mid_Range,4G,2026-07-06
SUB4039316,0.61,0.57,0.09,0.33,39.82,1,0,25-34,Postpaid_Basic,Basic_Phone,4G,2026-06-27
SUB2045533,0.92,1.88,1.1,0.65,139.37,1,0,45-54,Postpaid_Basic,Premium_Smartphone,4G,2026-06-17
SUB2285844,1.15,5.14,0.04,1.51,105.9,1,0,18-24,Postpaid_Premium,Tablet,4G,2026-07-01
SUB5673584,1.02,0.78,0.03,1.05,51.91,0,0,25-34,Prepaid_Daily,Mid_Range,4G,2026-06-26
SUB1787600,0.07,0.97,0.35,0.33,47.8,0,0,45-54,Postpaid_Premium,Premium_Smartphone,4G,2026-06-19
SUB5501572,0.53,1.45,0.45,0.0,83.13,0,1,35-44,Prepaid_Monthly,Premium_Smartphone,4G,2026-07-04
SUB7961848,0.23,0.68,3.18,0.2,123.82,1,0,35-44,Postpaid_Basic,Premium_Smartphone,4G,2026-07-05
SUB6557821,1.82,2.25,1.49,0.26,200.0,1,1,25-34,Postpaid_Basic,Premium_Smartphone,5G,2026-06-17
SUB2485619,1.09,2.59,1.38,2.09,69.55,0,0,25-34,Postpaid_Basic,Premium_Smartphone,4G,2026-06-21
SUB2838524,7.87,0.8,0.11,0.11,65.49,0,0,18-24,Postpaid_Basic,5G_Device,3G,2026-06-15
SUB1122026,1.35,2.23,0.46,0.43,69.15,1,0,25-34,Prepaid_Daily,Mid_Range,4G+,2026-06-20
SUB6122194,0.05,0.33,0.1,0.2,65.94,0,1,55+,Prepaid_Monthly,5G_Device,3G,2026-06-22
SUB1735053,6.85,1.57,0.56,0.44,121.82,1,1,35-44,Prepaid_Monthly,Premium_Smartphone,4G+,2026-06-29
SUB1562167,1.21,4.87,0.2,0.33,122.73,1,0,18-24,Prepaid_Daily,Premium_Smartphone,5G,2026-06-30
SUB9700349,0.06,0.14,0.48,0.02,30.65,0,0,45-54,Prepaid_Daily,Mid_Range,3G,2026-06-11
SUB2658800,0.88,2.16,0.04,0.24,120.3,1,0,25-34,Postpaid_Basic,Premium_Smartphone,4G,2026-06-28
SUB2807737,0.2,1.05,0.08,0.21,50.5,1,1,18-24,Prepaid_Daily,Basic_Phone,4G,2026-06-17
SUB4751531,0.31,0.35,0.18,0.03,61.85,0,0,45-54,Prepaid_Daily,Mid_Range,4G+,2026-06-21
SUB8919710,0.06,0.34,0.06,0.04,10.55,0,0,18-24,Postpaid_Basic,Basic_Phone,4G+,2026-06-21
SUB4031301,0.39,0.89,0.17,0.28,66.91,0,0,55+,Postpaid_Unlimited,5G_Device,3G,2026-06-18
SUB1144454,0.44,6.0,2.16,1.09,79.33,1,0,25-34,Postpaid_Premium,Premium_Smartphone,4G,2026-07-03
SUB8681556,0.7,0.99,0.99,0.04,88.26,1,0,35-44,Postpaid_Unlimited,5G_Device,3G,2026-06-25
SUB1254043,3.23,1.69,0.29,0.2,84.62,1,0,25-34,Postpaid_Basic,Premium_Smartphone,4G,2026-06-27
SUB5837502,0.43,3.67,3.71,1.09,118.51,1,0,25-34,Prepaid_Monthly,5G_Device,4G+,2026-06-27
SUB5814647,7.31,1.63,1.07,0.07,105.09,0,1,35-44,Postpaid_Premium,5G_Device,4G+,2026-06-14
SUB6631213,0.45,0.82,0.44,0.2,59.01,1,0,55+,Prepaid_Monthly,Mid_Range,4G,2026-06-22
SUB5924374,6.42,0.09,0.3,0.1,62.15,0,1,45-54,Prepaid_Daily,Mid_Range,4G,2026-06-07
SUB2845733,1.47,2.3,1.15,0.63,117.96,1,0,35-44,Prepaid_Monthly,Premium_Smartphone,4G,2026-06-23
SUB6800629,0.25,0.1,0.02,0.06,61.71,1,1,55+,Prepaid_Monthly,Basic_Phone,4G,2026-06-27
SUB8905435,1.26,5.19,0.05,0.19,68.66,0,0,25-34,Postpaid_Premium,Tablet,4G+,2026-06-30
SUB5304388,1.0,0.79,1.03,0.2,70.56,1,0,18-24,Postpaid_Basic,Mid_Range,5G,2026-07-01
SUB8321105,0.67,2.03,0.52,0.03,65.44,0,0,18-24,Prepaid_Daily,Premium_Smartphone,4G,2026-06-23
SUB1473006,0.74,0.61,1.29,0.01,55.03,0,0,35-44,Postpaid_Unlimited,5G_Device,3G,2026-06-12
SUB6584581,0.02,0.12,0.23,0.24,53.61,0,0,45-54,Postpaid_Basic,Mid_Range,4G+,2026-06-21
SUB8149148,0.77,0.89,0.01,0.0,90.73,1,0,35-44,Postpaid_Basic,Mid_Range,5G,2026-06-12
SUB9462176,0.91,0.08,0.34,0.01,59.02,1,0,55+,Postpaid_Unlimited,Mid_Range,4G,2026-07-04
SUB8256300,0.42,0.13,0.2,1.22,82.06,0,0,35-44,Prepaid_Daily,Premium_Smartphone,4G,2026-06-16
SUB2197442,0.21,0.19,0.04,0.44,11.85,1,0,25-34,Postpaid_Premium,Basic_Phone,3G,2026-06-12
SUB2199529,4.97,4.96,0.47,0.1,75.24,0,1,18-24,Prepaid_Monthly,Premium_Smartphone,4G,2026-07-05
SUB2790228,0.1,0.2,0.43,0.13,46.07,0,0,55+,Postpaid_Premium,Premium_Smartphone,3G,2026-06-13
SUB8052514,8.0,0.84,1.4,0.13,83.8,1,0,18-24,Postpaid_Unlimited,Premium_Smartphone,4G,2026-06-29
SUB3323176,1.41,2.86,1.6,0.49,91.35,1,0,25-34,Postpaid_Basic,Mid_Range,5G,2026-06-21
SUB9860286,0.73,0.42,0.53,0.17,83.92,1,0,25-34,Prepaid_Daily,Mid_Range,5G,2026-07-06
SUB7017004,0.8,1.3,0.11,0.61,93.37,0,0,25-34,Prepaid_Daily,Premium_Smartphone,4G,2026-06-11
SUB5208694,0.04,0.41,0.09,0.18,46.68,0,0,35-44,Prepaid_Monthly,Mid_Range,3G,2026-06-07
SUB1497619,1.75,4.96,0.12,0.2,143.62,0,0,18-24,Postpaid_Premium,5G_Device,5G,2026-06-27
SUB1218547,0.07,0.1,0.08,0.04,51.85,1,0,55+,Prepaid_Monthly,Mid_Range,4G,2026-06-07
SUB9940203,3.54,1.59,0.51,0.0,72.99,0,0,25-34,Prepaid_Monthly,Premium_Smartphone,4G+,2026-06-11
SUB5421740,1.0,2.69,0.05,0.82,84.57,0,0,35-44,Postpaid_Premium,Premium_Smartphone,4G,2026-06-17
SUB8364534,1.85,1.18,0.29,1.65,124.57,0,1,35-44,Prepaid_Daily,Premium_Smartphone,4G,2026-06-14
SUB9353135,0.19,6.0,0.7,0.07,114.88,1,0,35-44,Postpaid_Premium,Tablet,4G,2026-06-08
SUB4858804,0.16,0.08,0.14,0.67,104.39,0,1,55+,Prepaid_Monthly,Mid_Range,5G,2026-07-02
SUB3325452,0.32,1.29,0.02,1.34,65.94,0,0,18-24,Prepaid_Daily,5G_Device,3G,2026-06-24
SUB6212360,1.34,0.41,0.37,0.27,56.4,0,0,18-24,Prepaid_Daily,Mid_Range,4G+,2026-06-09
SUB1928252,0.85,1.12,0.4,0.75,79.64,0,1,18-24,Postpaid_Unlimited,Mid_Range,5G,2026-06-18
SUB9975681,0.06,0.75,0.18,0.05,43.33,0,0,45-54,Postpaid_Basic,Mid_Range,4G+,2026-06-07
SUB1600338,0.52,0.75,0.07,0.08,129.93,1,0,55+,Prepaid_Monthly,Premium_Smartphone,4G+,2026-06-27
SUB1074231,1.25,4.9,0.09,0.34,111.9,0,1,25-34,Postpaid_Basic,Premium_Smartphone,4G,2026-06-23
SUB7365062,1.94,4.28,0.62,2.69,73.38,0,1,35-44,Postpaid_Premium,Premium_Smartphone,4G,2026-06-17
SUB6546686,8.0,1.77,0.3,0.81,119.61,1,0,18-24,Prepaid_Monthly,Premium_Smartphone,4G,2026-06-30
SUB4526185,2.27,0.87,0.66,0.29,95.02,0,0,18-24,Postpaid_Premium,5G_Device,4G,2026-06-14
SUB5145466,0.67,0.42,0.31,0.52,83.27,1,0,35-44,Prepaid_Monthly,5G_Device,3G,2026-06-27
SUB3593050,0.85,0.41,0.26,0.21,45.58,0,0,18-24,Prepaid_Daily,Mid_Range,4G+,2026-06-12
SUB4113534,3.27,6.0,1.79,0.12,70.33,1,1,25-34,Postpaid_Basic,Mid_Range,4G+,2026-06-08
SUB4600957,0.05,0.09,0.05,0.1,84.93,0,0,35-44,Prepaid_Daily,Mid_Range,5G,2026-06-08
SUB7453859,2.19,0.39,0.43,0.05,52.42,0,1,45-54,Postpaid_Unlimited,Mid_Range,4G,2026-06-23
SUB9905808,3.31,2.39,0.22,0.36,83.34,0,0,25-34,Prepaid_Daily,Mid_Range,5G,2026-06-12
SUB6124524,0.45,0.75,0.29,0.12,57.88,0,0,35-44,Postpaid_Premium,Mid_Range,5G,2026-07-01
SUB5377987,1.04,0.32,0.41,1.28,79.39,0,0,25-34,Prepaid_Monthly,Tablet,4G,2026-06-11
SUB4839973,5.84,1.91,1.31,6.0,80.98,0,1,18-24,Postpaid_Premium,5G_Device,4G,2026-06-30
SUB2363864,0.89,0.81,0.01,0.22,87.24,0,0,35-44,Prepaid_Daily,5G_Device,4G,2026-06-09
SUB8536324,3.41,3.22,1.14,0.19,110.49,1,0,18-24,Postpaid_Unlimited,5G_Device,4G,2026-07-01
SUB6421251,0.19,0.36,0.13,0.26,63.62,0,1,18-24,Prepaid_Daily,Premium_Smartphone,3G,2026-06-09
SUB8228119,1.05,1.24,0.99,0.01,123.17,1,0,25-34,Postpaid_Premium,Mid_Range,5G,2026-06-27
SUB2960220,0.29,1.81,0.04,0.32,85.03,0,0,45-54,Postpaid_Basic,5G_Device,4G,2026-06-09
SUB4000264,0.58,0.12,0.03,0.18,38.65,0,0,18-24,Prepaid_Monthly,Basic_Phone,4G+,2026-06-25
SUB4514674,0.39,6.0,1.46,0.6,66.6,1,0,18-24,Prepaid_Monthly,Mid_Range,4G+,2026-07-04
SUB4073961,0.47,1.91,3.28,0.01,16.32,0,0,18-24,Postpaid_Premium,Basic_Phone,4G,2026-06-30
SUB9606776,0.17,0.44,0.26,0.23,40.63,0,0,25-34,Prepaid_Daily,Mid_Range,3G,2026-06-21
SUB1148178,4.42,3.12,0.39,1.37,129.49,1,1,35-44,Postpaid_Premium,5G_Device,5G,2026-06-09
SUB9446731,1.62,3.25,0.04,1.1,95.32,0,0,18-24,Prepaid_Monthly,5G_Device,4G,2026-06-24
SUB3208977,0.63,0.68,0.34,0.07,35.18,0,1,45-54,Postpaid_Unlimited,Mid_Range,3G,2026-06-23
SUB2217309,0.38,1.06,0.06,0.57,46.17,0,0,45-54,Postpaid_Basic,Mid_Range,4G,2026-06-28
SUB4370698,0.33,0.41,0.35,1.01,51.12,0,0,35-44,Prepaid_Daily,Mid_Range,4G+,2026-06-29
SUB9344854,0.76,0.43,0.37,0.27,50.21,0,0,25-34,Prepaid_Monthly,Premium_Smartphone,3G,2026-06-25
SUB8315664,0.47,0.34,0.16,0.38,36.27,0,0,25-34,Prepaid_Daily,Mid_Range,4G,2026-06-07
SUB6132928,0.37,1.18,0.01,0.05,80.34,0,0,25-34,Prepaid_Monthly,Tablet,4G,2026-06-22
SUB7874399,0.56,0.8,0.09,0.56,66.38,0,0,25-34,Prepaid_Monthly,Mid_Range,5G,2026-06-24
SUB6860616,2.98,2.19,0.42,1.46,49.63,1,0,18-24,Postpaid_Unlimited,Tablet,3G,2026-06-28
SUB3275598,0.24,0.09,0.44,0.04,30.39,0,0,35-44,Postpaid_Premium,Basic_Phone,5G,2026-06-07
SUB5892571,1.34,0.15,0.22,0.13,69.49,0,0,25-34,Prepaid_Daily,Premium_Smartphone,3G,2026-06-27
SUB5491260,5.62,1.87,0.33,0.74,63.11,0,0,18-24,Postpaid_Basic,Mid_Range,5G,2026-06-30
SUB9779116,3.99,2.19,0.02,5.0,189.77,1,0,25-34,Prepaid_Monthly,Premium_Smartphone,5G,2026-07-05
SUB6948491,2.23,0.52,0.76,0.31,29.87,1,0,18-24,Prepaid_Monthly,Basic_Phone,4G,2026-06-28
SUB1036160,0.13,0.14,0.22,0.01,91.33,0,0,55+,Prepaid_Daily,5G_Device,5G,2026-06-19
SUB1019156,0.55,1.81,0.86,1.59,95.22,0,1,18-24,Postpaid_Premium,Mid_Range,5G,2026-06-21
SUB8416240,3.09,1.13,0.1,0.49,111.91,0,0,45-54,Postpaid_Unlimited,Premium_Smartphone,5G,2026-06-18
SUB3570348,0.41,0.37,0.18,0.04,20.3,0,0,35-44,Prepaid_Monthly,Basic_Phone,4G,2026-06-25
SUB3562688,0.41,0.22,0.46,0.01,86.71,1,0,45-54,Prepaid_Monthly,Mid_Range,5G,2026-07-03
SUB7964745,0.96,1.45,0.01,0.03,32.71,0,0,25-34,Prepaid_Monthly,Mid_Range,3G,2026-06-15
SUB6474106,0.57,0.99,0.36,0.05,142.32,0,0,55+,Postpaid_Unlimited,Tablet,5G,2026-07-06
SUB8795807,0.44,0.21,0.1,0.17,9.94,1,0,18-24,Prepaid_Daily,Basic_Phone,4G,2026-06-18
SUB5914005,0.2,1.5,0.16,0.39,75.25,0,0,35-44,Postpaid_Basic,Mid_Range,5G,2026-06-22
SUB1881809,1.15,0.89,0.97,0.67,46.17,1,0,18-24,Postpaid_Unlimited,Mid_Range,4G,2026-07-05
SUB5499311,0.83,4.96,0.06,0.07,41.12,0,1,25-34,Prepaid_Daily,Premium_Smartphone,3G,2026-06-07
SUB7356895,1.01,1.02,0.67,0.0,35.96,1,0,35-44,Postpaid_Basic,Basic_Phone,5G,2026-06-07
SUB4808282,1.18,1.7,0.11,0.1,66.38,1,0,35-44,Prepaid_Daily,5G_Device,3G,2026-06-21
SUB1645649,0.69,3.43,2.87,0.34,114.84,0,1,25-34,Postpaid_Premium,Premium_Smartphone,4G,2026-06-16
SUB9601594,0.12,0.74,0.16,1.14,88.48,1,0,18-24,Prepaid_Monthly,Premium_Smartphone,4G+,2026-06-23
SUB7125488,5.04,1.82,0.23,0.05,35.46,0,0,35-44,Postpaid_Unlimited,Mid_Range,3G,2026-07-04
SUB9418385,8.0,4.6,2.82,0.04,89.94,0,0,25-34,Postpaid_Unlimited,Premium_Smartphone,4G,2026-06-21
SUB4402155,0.64,0.66,0.52,0.93,75.79,1,0,18-24,Postpaid_Premium,Mid_Range,4G+,2026-06-10
SUB4827271,0.07,0.31,0.03,0.05,38.72,0,0,55+,Postpaid_Basic,Mid_Range,3G,2026-06-14
SUB5614965,0.62,0.3,0.05,0.17,50.61,0,1,55+,Postpaid_Premium,Mid_Range,4G,2026-06-10
SUB1198110,1.55,0.23,0.23,0.19,132.28,0,0,45-54,Prepaid_Daily,Premium_Smartphone,5G,2026-06-10
SUB5079430,0.15,1.91,0.19,0.08,57.07,0,0,45-54,Prepaid_Monthly,Mid_Range,4G+,2026-06-21
SUB9803235,0.12,0.79,0.11,0.08,51.2,0,1,18-24,Prepaid_Daily,Mid_Range,5G,2026-06-21
SUB4732517,0.66,0.24,0.22,0.13,114.22,0,0,55+,Postpaid_Basic,Premium_Smartphone,4G+,2026-06-10
SUB4291066,1.37,1.1,1.0,0.25,33.04,0,0,25-34,Postpaid_Premium,Mid_Range,3G,2026-06-27
SUB8764461,2.04,6.0,0.01,0.58,56.84,0,1,18-24,Postpaid_Unlimited,Premium_Smartphone,3G,2026-06-19
SUB9119550,1.79,1.43,0.32,0.51,81.99,0,0,45-54,Postpaid_Premium,Premium_Smartphone,5G,2026-06-25
SUB9336562,2.33,4.54,0.14,2.26,47.87,0,0,18-24,Postpaid_Premium,Mid_Range,5G,2026-06-25
SUB5753954,4.97,1.33,2.42,0.53,82.51,1,0,25-34,Postpaid_Unlimited,Mid_Range,5G,2026-06-25
SUB7605188,3.96,1.24,1.23,0.94,79.87,1,0,18-24,Postpaid_Unlimited,Mid_Range,5G,2026-07-06
SUB2699547,1.43,0.83,0.45,1.71,93.19,0,1,25-34,Postpaid_Basic,Premium_Smartphone,4G+,2026-07-03
SUB5400131,1.21,0.77,0.06,0.55,94.15,0,0,35-44,Prepaid_Daily,Tablet,4G,2026-06-20
SUB7494374,1.86,3.1,1.26,0.15,54.09,0,1,25-34,Postpaid_Basic,Mid_Range,4G+,2026-07-04
SUB8638483,0.94,2.18,0.38,1.47,105.51,0,1,18-24,Postpaid_Basic,Premium_Smartphone,5G,2026-06-11
SUB9731032,3.5,0.82,0.02,2.92,89.38,0,0,25-34,Postpaid_Basic,Premium_Smartphone,4G,2026-07-02
SUB3940107,1.08,5.39,2.52,0.02,165.92,1,1,25-34,Postpaid_Unlimited,5G_Device,4G,2026-07-03
SUB3050241,4.56,6.0,4.0,5.12,156.44,1,1,25-34,Postpaid_Unlimited,Premium_Smartphone,5G,2026-06-22
SUB5934349,0.22,0.29,0.09,0.05,28.21,1,0,55+,Prepaid_Monthly,Basic_Phone,5G,2026-06-08
SUB2156245,0.88,1.12,0.84,0.55,114.45,1,1,25-34,Prepaid_Daily,Mid_Range,5G,2026-06-21
SUB5926622,0.84,0.17,0.27,0.14,124.33,0,0,45-54,Prepaid_Monthly,5G_Device,5G,2026-06-13
SUB1158998,7.93,0.54,0.01,0.88,68.14,0,0,18-24,Prepaid_Daily,Premium_Smartphone,4G,2026-06-29
SUB4762853,1.08,0.71,0.45,0.07,50.88,1,0,25-34,Prepaid_Monthly,Mid_Range,4G+,2026-06-19
SUB5050230,0.65,0.5,0.53,2.32,81.99,0,0,18-24,Postpaid_Unlimited,Mid_Range,5G,2026-06-28
SUB7184398,0.8,1.54,0.14,0.03,67.91,1,0,25-34,Prepaid_Monthly,Mid_Range,4G,2026-06-21
SUB9206336,1.12,1.2,2.17,0.19,188.9,1,0,18-24,Postpaid_Basic,5G_Device,5G,2026-06-14
SUB6170310,2.59,0.8,0.05,0.12,101.15,0,1,25-34,Prepaid_Daily,Premium_Smartphone,4G,2026-06-24
SUB5461918,0.64,3.38,0.07,1.16,48.51,0,0,25-34,Postpaid_Basic,Premium_Smartphone,4G,2026-06-14
SUB2808516,0.63,2.19,2.3,0.89,48.32,0,0,18-24,Postpaid_Unlimited,Mid_Range,5G,2026-06-12
SUB1956011,2.36,1.48,0.32,0.14,18.03,1,0,35-44,Postpaid_Premium,Basic_Phone,5G,2026-06-22
SUB4657905,0.07,0.03,0.06,0.0,26.22,0,0,55+,Prepaid_Daily,Basic_Phone,5G,2026-06-20
SUB4761509,2.0,3.46,0.67,2.78,64.32,0,0,18-24,Postpaid_Unlimited,Mid_Range,5G,2026-06-17
SUB5110993,0.55,0.9,0.26,0.21,58.83,0,1,35-44,Prepaid_Monthly,Mid_Range,4G,2026-06-19
SUB9681921,0.78,1.45,0.06,0.52,34.55,0,0,35-44,Postpaid_Premium,Mid_Range,4G,2026-06-11
SUB2717355,4.21,0.61,0.51,0.08,87.87,1,1,25-34,Prepaid_Daily,Mid_Range,4G+,2026-06-25
SUB6048336,0.16,1.51,0.61,0.57,54.8,0,0,45-54,Postpaid_Premium,Premium_Smartphone,4G,2026-06-12
SUB7848829,0.16,0.04,0.02,0.02,22.86,0,0,55+,Prepaid_Daily,Basic_Phone,4G,2026-06-17
SUB5900318,6.61,1.46,0.73,0.46,120.47,1,0,25-34,Postpaid_Basic,Mid_Range,5G,2026-06-11
SUB8970043,1.5,0.86,0.55,1.14,72.16,0,1,35-44,Postpaid_Basic,5G_Device,3G,2026-06-13
SUB9521722,0.62,0.64,0.04,2.33,63.7,0,0,35-44,Prepaid_Monthly,Mid_Range,4G+,2026-06-19
SUB5685942,2.04,1.37,2.31,0.32,56.75,0,0,25-34,Postpaid_Unlimited,Mid_Range,4G,2026-06-17
SUB7849221,2.08,0.34,0.33,0.17,76.5,0,0,25-34,Prepaid_Daily,5G_Device,5G,2026-07-03
SUB6583161,1.24,1.27,0.65,0.05,150.25,0,0,55+,Postpaid_Unlimited,Premium_Smartphone,5G,2026-06-07
SUB4968178,0.43,1.03,0.15,0.9,62.15,0,0,45-54,Prepaid_Monthly,5G_Device,3G,2026-07-05
SUB1139133,2.3,1.62,0.24,1.99,77.94,0,0,18-24,Postpaid_Premium,Mid_Range,5G,2026-06-21
SUB4809697,2.58,3.35,0.25,0.03,84.68,1,0,18-24,Postpaid_Premium,Tablet,4G,2026-06-13
SUB8637547,0.08,0.1,0.2,0.02,51.79,1,0,55+,Prepaid_Daily,Mid_Range,4G,2026-07-03
SUB1270001,0.33,2.15,0.16,0.45,98.23,1,0,18-24,Prepaid_Monthly,Tablet,4G+,2026-06-23
SUB5617631,1.51,6.0,1.08,1.75,85.07,0,0,35-44,Postpaid_Basic,5G_Device,5G,2026-06-26
SUB2399298,4.05,2.96,3.0,3.13,140.54,0,0,18-24,Postpaid_Premium,Premium_Smartphone,5G,2026-07-06
SUB5147413,1.01,3.34,0.33,0.6,88.77,0,0,18-24,Postpaid_Unlimited,Premium_Smartphone,4G+,2026-06-12
SUB6857109,5.2,0.99,0.01,0.33,72.97,0,0,18-24,Prepaid_Daily,5G_Device,3G,2026-06-25
SUB1782409,1.65,6.0,0.17,1.23,91.43,0,0,25-34,Prepaid_Monthly,Mid_Range,5G,2026-06-13
SUB8876146,0.54,0.58,0.17,1.13,76.28,0,0,18-24,Postpaid_Premium,Premium_Smartphone,5G,2026-06-16
SUB1713391,0.84,1.74,0.12,0.4,72.89,0,0,35-44,Postpaid_Basic,5G_Device,4G+,2026-06-30
SUB6755536,1.23,0.23,0.69,0.0,15.48,1,1,35-44,Postpaid_Unlimited,Basic_Phone,4G,2026-06-10
SUB1337164,0.47,1.2,0.13,0.63,111.84,0,0,25-34,Prepaid_Daily,5G_Device,4G+,2026-06-08
SUB8869815,1.8,4.49,0.02,0.64,148.43,0,0,35-44,Prepaid_Monthly,Premium_Smartphone,5G,2026-06-14
SUB3763779,2.52,4.55,0.13,1.06,36.31,0,1,25-34,Postpaid_Premium,5G_Device,3G,2026-06-10
SUB3858214,0.16,0.17,0.02,0.09,23.05,0,1,25-34,Prepaid_Monthly,Basic_Phone,3G,2026-06-24
SUB3234967,1.38,2.47,0.16,0.75,45.13,0,1,25-34,Postpaid_Premium,Mid_Range,4G,2026-06-26
SUB3020880,2.21,6.0,1.29,0.05,124.7,0,0,25-34,Prepaid_Daily,5G_Device,5G,2026-06-11
SUB7919219,0.07,0.42,0.02,0.14,66.0,1,0,55+,Postpaid_Basic,Mid_Range,4G,2026-06-18
SUB5243780,4.28,1.99,0.4,1.36,102.76,0,1,35-44,Postpaid_Premium,Premium_Smartphone,4G+,2026-06-24
SUB4893193,1.1,6.0,0.31,0.59,95.55,0,0,25-34,Prepaid_Monthly,5G_Device,4G,2026-06-30
SUB6681868,0.1,0.8,0.25,0.9,20.08,1,0,35-44,Prepaid_Daily,Mid_Range,3G,2026-06-16
SUB2255959,4.87,6.0,2.13,0.47,108.1,0,0,25-34,Postpaid_Unlimited,Premium_Smartphone,4G+,2026-06-20
SUB3113687,0.35,0.77,0.01,0.11,14.97,0,1,18-24,Postpaid_Unlimited,Basic_Phone,4G,2026-07-06
SUB7620090,2.41,6.0,3.73,0.04,140.88,1,0,25-34,Postpaid_Unlimited,Premium_Smartphone,5G,2026-06-09
SUB2619426,5.31,2.68,0.86,2.24,40.89,0,1,45-54,Postpaid_Unlimited,Mid_Range,4G,2026-06-20
SUB8005351,1.85,1.38,0.36,0.13,106.12,1,0,25-34,Prepaid_Daily,Premium_Smartphone,4G,2026-06-25
SUB8570095,0.91,1.44,0.31,0.08,78.58,0,0,45-54,Prepaid_Daily,5G_Device,4G,2026-07-01
SUB3138421,0.25,0.22,0.04,0.0,95.87,1,0,25-34,Prepaid_Daily,Mid_Range,4G+,2026-06-12
SUB6023198,4.75,4.79,0.87,0.03,78.59,1,0,25-34,Postpaid_Unlimited,Premium_Smartphone,3G,2026-06-23
SUB9673899,0.45,0.15,0.14,0.36,55.23,0,0,55+,Postpaid_Premium,Mid_Range,5G,2026-06-27
SUB2649959,1.55,1.43,0.89,0.39,76.23,1,1,25-34,Postpaid_Basic,Mid_Range,4G,2026-06-14
SUB8059916,1.21,1.89,0.04,0.05,72.5,0,0,45-54,Postpaid_Unlimited,Premium_Smartphone,4G,2026-07-04
SUB3188077,0.57,1.86,1.25,1.7,92.69,1,0,45-54,Postpaid_Basic,5G_Device,4G+,2026-07-02
SUB5784973,0.1,0.27,0.13,0.06,52.52,0,1,55+,Prepaid_Daily,Tablet,3G,2026-06-24
SUB4769484,0.45,0.64,0.0,0.02,11.94,0,0,18-24,Prepaid_Daily,Basic_Phone,4G+,2026-06-15
SUB2290906,3.62,3.11,0.59,1.38,120.03,1,0,25-34,Prepaid_Daily,Premium_Smartphone,4G+,2026-06-27
SUB2435367,6.53,0.61,0.2,0.13,70.64,0,1,45-54,Prepaid_Monthly,Premium_Smartphone,4G,2026-07-03
SUB9312048,0.19,0.83,0.71,0.31,81.41,1,0,35-44,Prepaid_Monthly,Tablet,4G,2026-06-18
SUB4246849,0.08,1.46,0.28,0.44,20.78,0,1,35-44,Postpaid_Premium,Basic_Phone,3G,2026-07-02
SUB9654584,1.58,1.23,0.31,0.36,124.28,0,1,18-24,Prepaid_Daily,5G_Device,4G,2026-06-21
SUB2605196,2.92,5.84,0.2,0.2,100.01,0,1,25-34,Postpaid_Premium,5G_Device,4G,2026-06-19
SUB6387059,0.65,1.69,0.55,1.08,73.89,0,0,25-34,Postpaid_Basic,5G_Device,4G+,2026-06-19
SUB2045851,8.0,6.0,4.0,0.52,132.5,1,0,25-34,Postpaid_Unlimited,Premium_Smartphone,4G,2026-07-04
SUB9466602,2.3,1.59,0.24,1.09,73.4,0,1,18-24,Postpaid_Premium,Mid_Range,4G,2026-06-28
SUB3664921,7.59,2.13,0.44,6.0,133.89,0,1,18-24,Postpaid_Unlimited,Premium_Smartphone,5G,2026-06-10
SUB2434730,0.09,2.81,0.44,5.72,89.55,1,0,18-24,Prepaid_Monthly,Mid_Range,5G,2026-07-01
SUB5071650,1.07,0.8,0.14,0.12,76.05,0,1,45-54,Prepaid_Daily,Mid_Range,4G,2026-06-18
SUB5354489,0.47,0.72,0.01,0.02,46.14,0,0,35-44,Postpaid_Basic,Mid_Range,4G,2026-06-15
SUB2958615,0.35,0.96,0.07,0.02,32.28,0,0,18-24,Prepaid_Daily,Mid_Range,3G,2026-06-13
SUB7502483,0.97,3.48,0.15,0.39,60.76,0,1,18-24,Postpaid_Basic,Mid_Range,4G,2026-07-02
SUB1978534,0.26,0.34,0.01,0.1,14.65,0,0,35-44,Prepaid_Monthly,Basic_Phone,4G,2026-06-19
SUB8701516,2.49,1.33,1.25,0.56,77.24,0,0,25-34,Postpaid_Basic,Mid_Range,5G,2026-07-06
SUB2318155,0.09,2.16,1.67,0.33,71.36,0,1,45-54,Postpaid_Unlimited,Premium_Smartphone,3G,2026-06-23
SUB1984588,0.38,0.21,0.15,0.43,83.25,0,0,45-54,Prepaid_Monthly,Mid_Range,5G,2026-07-03
SUB5449399,0.35,0.38,0.45,0.09,65.92,0,0,45-54,Postpaid_Unlimited,5G_Device,4G,2026-07-06
SUB5002761,2.56,0.12,0.05,0.6,115.2,0,1,35-44,Prepaid_Monthly,Premium_Smartphone,5G,2026-06-27
SUB1481632,0.83,1.0,0.92,0.05,98.53,1,0,25-34,Prepaid_Monthly,5G_Device,4G,2026-06-25
SUB8723047,0.34,0.13,0.03,0.0,40.96,0,1,35-44,Postpaid_Basic,Mid_Range,4G,2026-06-28
SUB7541173,2.0,6.0,0.8,0.12,92.27,0,0,18-24,Postpaid_Premium,5G_Device,4G,2026-06-12
SUB8998799,0.58,6.0,0.22,1.01,96.06,0,0,18-24,Postpaid_Premium,Tablet,4G,2026-06-10
SUB6275820,1.32,3.6,1.31,0.75,42.56,0,0,18-24,Postpaid_Premium,Mid_Range,5G,2026-06-22
SUB9918562,0.95,3.07,0.58,1.07,75.75,0,1,25-34,Prepaid_Monthly,Mid_Range,5G,2026-07-05
SUB8639298,3.19,0.7,0.91,0.16,100.03,0,0,18-24,Prepaid_Daily,Premium_Smartphone,4G+,2026-06-28
SUB8496196,0.6,1.89,0.06,0.04,64.87,0,0,18-24,Prepaid_Daily,Premium_Smartphone,3G,2026-06-21
SUB6104138,0.74,0.34,0.19,0.06,52.37,0,0,35-44,Prepaid_Monthly,Mid_Range,4G+,2026-06-29
SUB1026505,0.92,0.86,0.33,0.33,63.61,0,0,55+,Postpaid_Unlimited,5G_Device,4G,2026-06-21
SUB2650375,8.0,5.54,0.26,0.18,79.35,0,0,18-24,Postpaid_Unlimited,Premium_Smartphone,4G,2026-06-25
SUB1212204,4.16,2.65,0.19,4.49,71.02,0,0,25-34,Prepaid_Monthly,5G_Device,4G,2026-06-08
SUB8050305,0.92,0.98,0.22,1.14,46.9,0,0,18-24,Postpaid_Premium,Mid_Range,4G,2026-07-06
SUB9916776,0.6,0.12,0.32,0.04,61.79,0,1,55+,Postpaid_Basic,Mid_Range,4G,2026-07-04
SUB1973215,0.22,2.66,0.4,0.37,47.68,1,0,25-34,Prepaid_Daily,Mid_Range,4G+,2026-06-18
SUB1567827,0.21,0.26,0.05,0.22,50.1,1,0,45-54,Prepaid_Monthly,Mid_Range,4G,2026-06-18
SUB9325857,1.12,1.3,1.48,0.01,76.73,0,0,25-34,Postpaid_Basic,Tablet,4G,2026-06-20
SUB2267633,0.41,2.61,0.42,0.09,112.87,0,1,45-54,Postpaid_Premium,Premium_Smartphone,4G,2026-06-20
SUB4684815,0.61,1.36,0.53,0.94,105.45,1,0,18-24,Prepaid_Monthly,5G_Device,4G,2026-07-01
SUB3026182,4.67,6.0,0.44,1.02,134.36,1,0,25-34,Postpaid_Unlimited,Tablet,4G+,2026-06-29
SUB5638246,0.31,0.58,0.59,0.3,47.7,1,1,18-24,Postpaid_Basic,Basic_Phone,4G,2026-06-09
SUB9437392,0.5,1.57,0.07,0.15,83.84,1,0,25-34,Prepaid_Monthly,Mid_Range,4G,2026-07-04
SUB9377900,0.23,0.8,0.59,0.16,93.78,0,0,45-54,Prepaid_Monthly,5G_Device,4G+,2026-07-06
SUB3210186,1.91,4.24,0.27,0.63,121.64,1,0,35-44,Postpaid_Premium,Premium_Smartphone,4G,2026-06-18
SUB3531196,3.84,0.73,0.39,0.05,86.45,1,1,25-34,Postpaid_Basic,Premium_Smartphone,3G,2026-07-03
SUB4200090,0.4,1.08,0.01,0.2,75.26,0,0,55+,Postpaid_Premium,Mid_Range,5G,2026-06-29
SUB1053997,1.45,1.53,0.9,0.57,54.13,0,0,25-34,Prepaid_Monthly,5G_Device,4G,2026-06-15
SUB5375717,0.53,0.69,0.2,0.08,106.86,0,0,55+,Prepaid_Monthly,Premium_Smartphone,5G,2026-06-30
SUB6607423,1.99,2.52,0.18,0.26,86.83,1,0,18-24,Prepaid_Monthly,5G_Device,4G,2026-06-28
SUB3940504,0.07,0.21,0.08,0.01,82.13,0,0,55+,Prepaid_Daily,Tablet,4G,2026-06-14
SUB5934990,8.0,2.08,0.69,0.17,87.68,1,0,18-24,Postpaid_Premium,Premium_Smartphone,3G,2026-06-21
SUB9057907,2.28,4.47,0.0,0.63,87.75,0,1,25-34,Prepaid_Monthly,Premium_Smartphone,4G+,2026-06-17
SUB6721877,1.09,1.84,0.43,0.22,41.58,0,1,25-34,Prepaid_Monthly,Mid_Range,4G,2026-06-29
SUB9959601,0.35,0.64,1.37,0.04,53.7,0,0,25-34,Prepaid_Monthly,Mid_Range,4G+,2026-06-21
SUB6856494,0.81,0.19,2.98,0.29,101.76,0,0,35-44,Postpaid_Basic,Premium_Smartphone,4G,2026-06-08
SUB8760004,2.1,0.66,0.14,0.44,27.44,0,0,25-34,Postpaid_Premium,Basic_Phone,5G,2026-06-25
SUB7102493,0.66,1.31,0.09,0.01,200.0,1,1,55+,Postpaid_Premium,Tablet,5G,2026-06-30
SUB3593449,0.89,3.39,0.5,0.14,118.21,0,1,55+,Postpaid_Premium,Premium_Smartphone,4G,2026-07-06
SUB2018543,0.19,0.44,0.61,0.15,88.35,0,0,55+,Postpaid_Basic,Tablet,4G,2026-07-06
SUB9773713,1.07,0.45,0.13,0.03,56.4,0,0,55+,Prepaid_Monthly,Mid_Range,5G,2026-06-17
SUB7774870,1.15,1.26,2.03,0.46,70.14,0,1,45-54,Postpaid_Premium,5G_Device,4G,2026-07-01
SUB8104527,0.3,0.38,0.01,0.0,101.53,0,0,55+,Prepaid_Daily,Premium_Smartphone,5G,2026-06-22
SUB5227234,1.97,2.48,0.27,0.18,82.67,0,0,45-54,Postpaid_Premium,5G_Device,4G,2026-06-12
SUB2121889,8.0,6.0,0.15,1.16,60.92,1,1,25-34,Postpaid_Premium,Mid_Range,4G,2026-07-06
SUB4258881,0.41,3.16,0.32,0.07,84.92,0,1,45-54,Postpaid_Premium,Premium_Smartphone,4G,2026-06-29
SUB4631453,0.24,0.31,0.25,0.09,86.12,1,0,55+,Prepaid_Daily,Premium_Smartphone,3G,2026-06-10
SUB7524367,4.41,1.4,0.32,0.24,31.64,1,0,35-44,Postpaid_Unlimited,Mid_Range,4G,2026-06-23
SUB6338938,7.57,1.65,0.5,0.9,62.51,0,1,25-34,Postpaid_Premium,Mid_Range,4G,2026-06-19
SUB3185028,5.31,3.09,4.0,1.4,157.13,0,1,18-24,Postpaid_Premium,5G_Device,4G+,2026-06-21
SUB5803958,0.65,0.06,0.01,0.2,32.09,0,0,45-54,Prepaid_Daily,Basic_Phone,4G,2026-06-22
SUB9926299,0.7,0.25,0.01,0.21,56.07,1,0,55+,Prepaid_Monthly,Mid_Range,4G,2026-06-10
SUB4487924,0.52,0.82,0.33,0.17,61.61,0,1,25-34,Prepaid_Daily,Mid_Range,5G,2026-07-04
SUB1772838,2.44,4.87,1.25,5.23,122.01,1,1,18-24,Prepaid_Monthly,5G_Device,4G,2026-06-13
SUB1261420,7.57,2.8,4.0,0.29,127.98,0,1,25-34,Postpaid_Basic,Premium_Smartphone,4G+,2026-06-14
SUB1477843,5.04,0.62,0.08,6.0,61.19,0,0,35-44,Postpaid_Unlimited,Mid_Range,4G,2026-06-27
SUB5529943,0.19,0.2,0.26,0.23,75.58,0,0,25-34,Prepaid_Monthly,Mid_Range,4G+,2026-06-22
SUB5552538,0.64,1.09,0.05,0.31,76.95,0,0,35-44,Postpaid_Basic,5G_Device,4G,2026-06-22
SUB2825260,0.18,0.08,0.03,0.05,30.36,1,0,55+,Prepaid_Daily,Basic_Phone,4G,2026-06-27
SUB5775833,0.15,0.57,0.22,0.02,26.93,0,0,35-44,Prepaid_Monthly,Basic_Phone,5G,2026-06-25
SUB5187694,0.9,2.42,0.05,0.12,14.1,0,1,25-34,Postpaid_Unlimited,Basic_Phone,4G,2026-06-13
SUB4099834,0.88,2.61,0.68,0.17,96.93,0,1,55+,Postpaid_Premium,Premium_Smartphone,5G,2026-06-22
SUB7771158,1.06,0.52,0.64,0.09,118.9,0,1,35-44,Postpaid_Basic,Premium_Smartphone,4G,2026-06-27
SUB4564507,0.56,1.76,0.65,0.84,95.75,1,0,18-24,Prepaid_Monthly,Premium_Smartphone,4G,2026-06-07
SUB5299489,0.14,2.64,0.01,0.01,83.47,1,0,25-34,Prepaid_Monthly,Premium_Smartphone,4G,2026-06-21
SUB4182132,0.5,0.08,0.01,0.01,58.92,0,0,35-44,Prepaid_Daily,Mid_Range,4G,2026-07-04
SUB4440863,0.18,0.12,0.19,0.01,21.41,0,0,45-54,Prepaid_Monthly,Mid_Range,3G,2026-06-08
SUB8986322,0.02,0.58,0.12,0.02,81.48,0,0,55+,Prepaid_Daily,Mid_Range,5G,2026-06-23
SUB7637448,2.56,1.35,1.71,1.61,56.38,0,0,25-34,Postpaid_Premium,Mid_Range,5G,2026-07-06
SUB8135580,0.4,0.67,0.75,0.41,55.92,0,0,18-24,Prepaid_Daily,Mid_Range,4G+,2026-06-15
SUB5802738,1.44,0.74,0.96,1.17,118.7,0,1,18-24,Prepaid_Daily,Premium_Smartphone,4G,2026-06-28
SUB7779651,0.58,1.38,2.34,0.24,72.76,0,1,35-44,Postpaid_Premium,Mid_Range,4G,2026-06-20
SUB8871490,0.63,2.14,0.38,0.06,91.06,0,1,45-54,Postpaid_Unlimited,5G_Device,3G,2026-06-20
SUB1144375,2.57,2.59,0.07,0.55,158.25,1,0,25-34,Postpaid_Unlimited,Premium_Smartphone,4G+,2026-06-19
SUB8673919,3.6,0.43,0.1,1.01,77.56,1,0,25-34,Postpaid_Premium,Mid_Range,4G,2026-06-28
SUB6713948,1.06,0.13,0.12,0.03,111.85,1,0,55+,Prepaid_Monthly,Premium_Smartphone,4G,2026-06-08
SUB5229491,0.3,0.34,0.11,0.36,101.7,0,1,55+,Prepaid_Monthly,Premium_Smartphone,4G,2026-06-20
SUB9060426,2.49,6.0,4.0,2.68,98.18,0,1,18-24,Postpaid_Unlimited,5G_Device,4G,2026-06-22
SUB6183584,0.53,6.0,0.29,0.87,195.59,1,1,45-54,Postpaid_Unlimited,5G_Device,5G,2026-06-20
SUB6911993,0.81,1.51,1.29,0.13,78.12,0,0,35-44,Postpaid_Basic,Mid_Range,5G,2026-06-25
SUB4183818,2.63,0.71,0.67,2.47,173.46,1,0,18-24,Prepaid_Monthly,Premium_Smartphone,4G+,2026-06-24
SUB2518560,1.96,1.95,0.82,0.04,30.49,0,1,25-34,Prepaid_Monthly,Mid_Range,4G,2026-06-20
SUB2894420,8.0,2.33,3.5,0.62,107.92,1,1,18-24,Postpaid_Unlimited,Premium_Smartphone,4G,2026-06-14
SUB8069222,0.42,0.66,2.1,0.07,68.9,1,0,25-34,Prepaid_Monthly,5G_Device,3G,2026-06-29
SUB8658206,1.38,2.09,1.11,0.85,156.23,1,1,35-44,Postpaid_Premium,Premium_Smartphone,4G,2026-06-21
SUB1541797,0.57,2.71,0.31,0.04,61.47,0,0,25-34,Postpaid_Unlimited,Mid_Range,4G+,2026-07-04
SUB9305827,5.97,2.85,2.99,0.02,53.89,0,0,25-34,Postpaid_Premium,Premium_Smartphone,4G,2026-06-24
SUB7557642,0.78,1.01,0.05,1.8,163.2,1,0,25-34,Prepaid_Monthly,5G_Device,5G,2026-06-21
SUB6436526,0.54,0.63,0.65,0.6,61.29,0,0,18-24,Prepaid_Monthly,Mid_Range,4G+,2026-06-20
SUB8639377,1.2,0.69,0.08,0.11,61.11,0,0,35-44,Prepaid_Daily,Premium_Smartphone,3G,2026-07-06
SUB2796218,0.28,2.05,0.71,0.17,65.2,0,1,25-34,Postpaid_Premium,Mid_Range,4G,2026-07-06
SUB1552226,0.03,3.03,0.06,1.29,51.57,1,1,25-34,Postpaid_Basic,Mid_Range,4G,2026-07-05
SUB8514782,0.45,1.03,0.01,0.32,37.71,1,0,55+,Prepaid_Monthly,Mid_Range,4G,2026-06-26
SUB6098907,0.89,1.03,0.0,0.0,41.71,1,0,25-34,Prepaid_Monthly,Mid_Range,3G,2026-06-21
SUB9649318,1.01,0.76,0.23,0.05,53.83,0,1,35-44,Prepaid_Daily,Mid_Range,4G,2026-07-02
SUB8139608,4.67,1.95,0.31,0.22,49.88,1,0,25-34,Postpaid_Unlimited,Mid_Range,4G,2026-06-11
SUB8707690,0.77,0.65,1.2,0.31,103.53,0,0,45-54,Postpaid_Premium,Premium_Smartphone,5G,2026-06-07
SUB8003621,0.16,0.12,0.37,0.19,32.25,1,0,45-54,Prepaid_Monthly,Basic_Phone,5G,2026-06-12
SUB4803074,3.88,6.0,0.53,0.1,77.28,1,0,18-24,Postpaid_Unlimited,Tablet,4G,2026-06-18
SUB8416510,0.97,0.73,0.16,0.46,31.96,0,0,35-44,Postpaid_Premium,Mid_Range,3G,2026-07-04
SUB8467133,1.89,1.08,0.04,2.17,65.59,0,0,18-24,Postpaid_Premium,Premium_Smartphone,3G,2026-06-25
SUB4507145,1.41,0.25,0.61,0.23,62.59,0,0,55+,Postpaid_Premium,Mid_Range,4G,2026-06-26
SUB2778244,5.76,0.6,0.35,0.3,52.49,0,0,25-34,Postpaid_Premium,Mid_Range,4G+,2026-06-25
SUB5782337,1.24,0.61,0.11,0.08,113.04,0,0,45-54,Prepaid_Daily,Premium_Smartphone,4G+,2026-06-19
SUB2180859,1.34,0.14,0.05,0.09,107.17,1,0,25-34,Postpaid_Basic,Premium_Smartphone,4G,2026-06-27
SUB7733214,1.06,1.52,0.81,2.88,73.34,0,0,35-44,Postpaid_Premium,5G_Device,4G,2026-06-08
SUB2980425,0.29,0.18,0.07,0.24,73.95,0,0,55+,Prepaid_Daily,5G_Device,4G,2026-06-08
SUB8441521,0.32,1.83,0.12,0.08,87.5,0,0,45-54,Prepaid_Daily,Premium_Smartphone,4G,2026-06-24
SUB9077813,0.23,0.65,0.26,0.01,28.68,1,0,18-24,Prepaid_Monthly,Basic_Phone,5G,2026-06-23
SUB8694420,2.32,1.85,0.53,0.25,153.68,0,1,25-34,Prepaid_Monthly,Premium_Smartphone,5G,2026-06-21
SUB3941616,0.46,1.02,0.4,0.3,76.8,0,0,25-34,Prepaid_Daily,Premium_Smartphone,4G+,2026-07-03
SUB3474370,7.46,6.0,1.84,0.15,60.86,1,0,25-34,Postpaid_Basic,Mid_Range,4G+,2026-06-16
SUB6604297,1.82,0.45,0.03,0.42,15.01,0,0,25-34,Prepaid_Monthly,Basic_Phone,4G,2026-06-24
SUB8105924,0.03,0.12,0.0,0.06,46.72,1,0,25-34,Prepaid_Daily,Mid_Range,3G,2026-06-11
SUB3078937,0.57,2.16,1.12,0.57,32.64,0,0,25-34,Postpaid_Unlimited,Mid_Range,4G,2026-06-18
SUB9915948,2.85,2.73,2.53,0.67,118.83,0,0,18-24,Postpaid_Premium,Premium_Smartphone,5G,2026-06-29
SUB2355097,0.35,2.21,0.03,0.7,84.99,0,0,25-34,Prepaid_Monthly,5G_Device,4G,2026-06-21
SUB3055397,0.93,0.6,0.85,0.75,34.54,0,0,25-34,Prepaid_Monthly,Mid_Range,4G,2026-07-01
SUB2079037,1.75,1.59,0.18,0.39,64.62,1,0,25-34,Postpaid_Premium,Tablet,3G,2026-07-01
SUB5151951,0.09,2.18,0.61,1.42,46.6,0,1,35-44,Postpaid_Premium,Mid_Range,4G,2026-07-04
SUB4155200,0.05,0.56,0.2,0.23,64.07,0,1,18-24,Prepaid_Daily,Mid_Range,4G,2026-06-21
SUB1855695,4.85,4.05,0.71,0.29,71.73,0,0,25-34,Postpaid_Unlimited,Premium_Smartphone,4G+,2026-06-11
SUB1112036,3.54,4.55,4.0,0.1,108.34,0,0,25-34,Postpaid_Premium,5G_Device,5G,2026-06-09
SUB4831854,5.96,1.32,0.14,0.61,65.49,0,0,25-34,Postpaid_Unlimited,Premium_Smartphone,4G,2026-06-23
SUB1889694,2.83,0.26,0.3,0.02,49.88,0,0,35-44,Prepaid_Daily,Premium_Smartphone,3G,2026-06-22
SUB1590348,0.73,1.87,0.38,1.38,109.15,0,0,25-34,Prepaid_Daily,5G_Device,5G,2026-06-24
SUB8695082,3.65,0.47,0.13,0.69,83.13,0,0,18-24,Prepaid_Monthly,Premium_Smartphone,4G,2026-06-14
SUB5066981,0.79,0.5,1.08,0.36,141.55,0,1,45-54,Prepaid_Daily,5G_Device,5G,2026-06-09
SUB5467801,0.03,0.16,0.03,0.01,39.9,0,1,55+,Prepaid_Daily,5G_Device,3G,2026-06-22
SUB3183525,0.48,0.29,0.2,0.42,52.05,1,0,18-24,Prepaid_Daily,Basic_Phone,5G,2026-07-06
SUB1693464,1.4,5.17,1.2,0.14,130.89,0,0,25-34,Postpaid_Premium,5G_Device,5G,2026-06-22
SUB2577415,0.77,1.9,0.96,0.05,64.36,0,0,25-34,Prepaid_Daily,Mid_Range,4G+,2026-06-13
SUB5262663,1.3,0.79,0.16,1.09,106.14,1,0,25-34,Prepaid_Daily,5G_Device,4G,2026-06-25
SUB4593824,0.74,0.97,0.12,0.26,55.12,0,0,25-34,Postpaid_Unlimited,Mid_Range,4G,2026-07-03
SUB5668223,0.95,1.16,0.12,0.0,74.39,1,1,35-44,Prepaid_Daily,Premium_Smartphone,3G,2026-06-21
SUB9036837,8.0,4.35,0.27,0.69,102.51,0,1,18-24,Postpaid_Basic,5G_Device,4G,2026-06-17
SUB2358356,0.18,0.67,0.02,0.03,38.11,0,0,55+,Postpaid_Basic,Mid_Range,4G,2026-06-24
SUB2515719,0.07,1.62,0.66,0.44,53.98,0,0,25-34,Postpaid_Unlimited,Premium_Smartphone,3G,2026-06-26
SUB5141426,1.57,1.63,0.88,0.42,42.56,0,1,25-34,Postpaid_Unlimited,Mid_Range,4G,2026-06-21
SUB1837566,0.08,0.05,0.05,0.08,13.8,0,0,45-54,Prepaid_Monthly,Basic_Phone,4G+,2026-07-01
SUB7642516,5.23,5.17,1.08,0.01,100.4,0,0,18-24,Postpaid_Unlimited,5G_Device,4G,2026-06-23
SUB9483063,1.37,0.07,0.66,0.65,94.84,1,0,25-34,Prepaid_Monthly,Mid_Range,5G,2026-06-19
SUB9123155,3.66,1.79,3.03,1.55,128.89,1,0,25-34,Postpaid_Premium,5G_Device,4G,2026-06-11
SUB2223981,0.99,1.49,0.43,0.73,33.85,0,1,25-34,Prepaid_Monthly,Mid_Range,3G,2026-06-23
SUB3336798,0.41,0.51,0.3,0.66,91.38,0,1,25-34,Postpaid_Basic,5G_Device,4G,2026-06-29
SUB3158344,6.45,6.0,1.32,0.47,175.71,1,0,18-24,Postpaid_Basic,5G_Device,5G,2026-06-12
SUB7483214,2.22,1.79,0.36,0.77,90.51,0,0,18-24,Postpaid_Basic,Premium_Smartphone,4G,2026-07-03
SUB1835165,3.68,1.53,0.43,1.83,104.73,0,1,18-24,Postpaid_Premium,5G_Device,4G,2026-06-07
SUB2734428,0.03,0.02,0.01,0.02,16.9,0,0,55+,Prepaid_Daily,Basic_Phone,3G,2026-06-12
SUB4822069,2.29,1.12,1.88,0.91,126.61,0,0,18-24,Prepaid_Monthly,5G_Device,5G,2026-06-28
SUB4144787,1.25,4.68,0.09,0.15,88.15,0,0,18-24,Postpaid_Premium,Premium_Smartphone,4G,2026-06-12
SUB9346988,1.52,0.29,0.0,0.06,46.53,0,1,55+,Prepaid_Daily,Mid_Range,4G,2026-07-01
SUB3812789,1.06,0.84,0.38,0.47,86.73,1,1,35-44,Prepaid_Monthly,Premium_Smartphone,4G,2026-06-30
SUB8992726,6.44,3.74,1.38,0.01,72.01,0,0,25-34,Postpaid_Premium,Premium_Smartphone,5G,2026-06-26
SUB9844712,2.44,1.32,4.0,3.97,96.5,1,0,18-24,Postpaid_Unlimited,Premium_Smartphone,4G,2026-06-16
SUB3166503,0.42,0.36,0.2,0.14,73.88,0,0,35-44,Prepaid_Daily,Mid_Range,5G,2026-06-20
SUB9045391,2.36,0.81,0.6,0.06,52.09,0,0,18-24,Postpaid_Basic,Mid_Range,4G,2026-06-08
SUB9622693,1.36,1.07,0.11,0.27,93.89,0,1,35-44,Prepaid_Daily,Mid_Range,4G+,2026-06-21
SUB1498095,0.28,0.22,0.05,0.02,54.71,0,0,55+,Prepaid_Monthly,Mid_Range,5G,2026-06-19
SUB9410184,0.42,0.98,0.1,2.03,93.66,0,0,25-34,Prepaid_Daily,Mid_Range,5G,2026-06-14
SUB4330263,1.83,2.52,0.01,0.49,50.48,0,0,18-24,Postpaid_Basic,Premium_Smartphone,4G,2026-07-03
SUB8366604,0.34,1.91,0.18,0.14,41.37,0,0,35-44,Postpaid_Premium,Mid_Range,4G,2026-06-12
SUB4665842,1.45,1.09,0.87,0.19,119.16,0,0,25-34,Prepaid_Monthly,5G_Device,5G,2026-06-26
SUB3791338,6.21,6.0,2.61,0.01,143.87,0,1,25-34,Postpaid_Premium,Premium_Smartphone,5G,2026-06-20
SUB4337031,0.71,0.19,0.01,0.19,64.0,0,0,25-34,Prepaid_Monthly,Mid_Range,5G,2026-07-02
SUB9234025,0.06,0.04,0.01,0.02,22.48,0,0,35-44,Prepaid_Monthly,Basic_Phone,4G,2026-06-08
SUB4945123,0.65,0.57,0.24,0.14,86.11,0,0,35-44,Postpaid_Basic,Premium_Smartphone,4G,2026-06-17
SUB5768026,1.51,0.49,0.17,0.0,127.25,0,1,55+,Prepaid_Monthly,5G_Device,4G,2026-06-20
SUB5083501,0.3,1.39,0.45,0.57,154.24,1,1,45-54,Prepaid_Monthly,Premium_Smartphone,4G,2026-06-17
SUB5836161,2.32,1.34,0.1,1.86,89.62,1,0,25-34,Postpaid_Premium,Premium_Smartphone,3G,2026-07-05
SUB2780248,0.84,0.45,0.17,0.41,59.44,1,0,35-44,Postpaid_Premium,Mid_Range,4G,2026-06-08
SUB7126664,0.53,3.27,0.43,0.88,40.83,1,0,18-24,Postpaid_Premium,Premium_Smartphone,3G,2026-06-30
SUB8709824,1.74,0.74,0.32,0.79,91.28,0,0,45-54,Prepaid_Monthly,Premium_Smartphone,5G,2026-06-09
SUB5795817,1.01,1.38,0.12,1.07,51.77,0,0,18-24,Prepaid_Daily,Mid_Range,5G,2026-06-10
SUB3180019,1.81,2.83,0.11,0.54,108.57,0,1,25-34,Postpaid_Premium,Premium_Smartphone,4G,2026-07-04
SUB1779957,0.58,0.98,0.09,0.0,66.93,0,0,45-54,Prepaid_Monthly,Mid_Range,5G,2026-06-22
SUB2913980,8.0,1.28,4.0,0.16,107.76,1,0,25-34,Postpaid_Premium,Premium_Smartphone,5G,2026-06-13
SUB2507394,0.64,1.8,0.39,0.0,124.37,0,0,45-54,Postpaid_Premium,Premium_Smartphone,5G,2026-06-15
SUB3979845,1.65,2.41,0.21,0.14,66.52,0,0,35-44,Postpaid_Premium,Premium_Smartphone,3G,2026-06-17
SUB3712188,0.9,2.0,1.08,0.35,89.94,0,0,25-34,Prepaid_Monthly,Premium_Smartphone,4G+,2026-06-09
SUB9642873,3.74,3.48,0.42,1.39,142.48,0,0,25-34,Postpaid_Unlimited,Premium_Smartphone,5G,2026-06-29
SUB5713797,0.56,1.24,0.33,0.02,131.38,0,1,55+,Postpaid_Premium,Tablet,5G,2026-07-04
SUB1910913,1.81,1.34,0.25,1.05,65.93,1,0,18-24,Postpaid_Basic,Premium_Smartphone,4G,2026-06-10
SUB3057017,3.78,1.31,0.0,0.09,65.04,0,0,35-44,Postpaid_Premium,5G_Device,3G,2026-07-03
SUB1653817,2.23,0.39,0.21,0.1,84.89,0,1,35-44,Prepaid_Daily,Mid_Range,4G+,2026-06-11
SUB1996433,1.0,0.41,0.19,0.2,149.45,1,0,55+,Prepaid_Monthly,Premium_Smartphone,4G+,2026-06-18
SUB3581505,0.51,0.97,0.13,0.06,34.83,0,1,35-44,Postpaid_Unlimited,Basic_Phone,5G,2026-06-27
SUB7555851,0.24,0.21,0.09,0.11,34.47,0,0,35-44,Prepaid_Daily,Basic_Phone,4G+,2026-06-23
SUB5108949,0.11,0.08,0.02,0.04,20.38,0,0,55+,Prepaid_Monthly,Mid_Range,3G,2026-06-09
SUB7128420,1.11,0.45,0.09,0.57,74.34,1,0,45-54,Prepaid_Monthly,Premium_Smartphone,3G,2026-07-04
SUB5876691,1.36,0.55,0.91,0.86,86.93,0,0,35-44,Prepaid_Monthly,Premium_Smartphone,4G+,2026-06-12
SUB5674071,0.72,5.11,0.52,0.25,42.38,0,0,18-24,Postpaid_Basic,5G_Device,3G,2026-06-26
SUB5203887,1.4,2.02,0.14,0.21,43.98,0,0,25-34,Postpaid_Unlimited,5G_Device,3G,2026-06-25
SUB8138512,1.01,0.51,0.6,0.15,105.26,0,1,35-44,Prepaid_Monthly,Mid_Range,5G,2026-06-08
SUB5036480,3.94,0.46,1.22,0.36,69.26,0,0,25-34,Postpaid_Premium,Premium_Smartphone,4G,2026-06-30
SUB8567476,2.99,1.66,1.12,0.67,128.62,1,1,25-34,Postpaid_Premium,Premium_Smartphone,4G,2026-07-06
SUB4486444,1.39,3.37,0.87,2.47,81.82,0,0,18-24,Postpaid_Basic,5G_Device,4G,2026-06-09
SUB8163357,1.97,0.74,0.22,0.01,72.03,1,0,35-44,Prepaid_Daily,Mid_Range,4G+,2026-06-19
SUB6509165,3.54,0.3,0.28,0.31,24.08,0,0,25-34,Postpaid_Basic,Basic_Phone,5G,2026-06-17
SUB5873014,5.57,6.0,0.47,1.17,194.34,1,1,18-24,Postpaid_Unlimited,Premium_Smartphone,5G,2026-06-11
SUB1468298,0.94,0.91,0.48,1.94,121.03,1,1,25-34,Prepaid_Monthly,Premium_Smartphone,4G+,2026-06-12
SUB5330453,0.08,0.61,0.28,0.12,107.66,1,0,45-54,Postpaid_Basic,Tablet,4G,2026-06-15
SUB1570303,0.91,1.7,0.12,0.28,30.78,0,0,25-34,Postpaid_Unlimited,Mid_Range,3G,2026-06-20
SUB6170988,2.33,4.66,1.43,2.05,84.41,1,0,18-24,Postpaid_Premium,Premium_Smartphone,4G,2026-07-01
SUB4317657,1.65,1.18,0.44,0.56,35.43,0,0,18-24,Postpaid_Premium,Premium_Smartphone,3G,2026-06-20
SUB4336640,3.81,0.79,0.7,1.43,31.86,1,0,25-34,Postpaid_Unlimited,Mid_Range,3G,2026-06-17
SUB6000738,0.27,1.03,0.01,0.02,103.13,1,0,45-54,Prepaid_Daily,5G_Device,4G,2026-06-23
SUB3660891,1.67,1.56,1.22,1.02,110.55,0,1,35-44,Postpaid_Premium,5G_Device,4G,2026-06-22
SUB7995919,3.12,1.24,0.14,6.0,110.16,1,0,18-24,Prepaid_Monthly,Premium_Smartphone,4G,2026-06-12
SUB5616167,0.36,0.16,0.18,0.02,40.44,0,0,25-34,Prepaid_Monthly,Basic_Phone,4G,2026-07-01
SUB9947727,0.81,2.55,0.01,0.14,76.5,0,1,45-54,Postpaid_Basic,Mid_Range,4G,2026-06-09
SUB6998544,0.25,0.06,0.33,0.22,44.44,1,1,18-24,Prepaid_Daily,Basic_Phone,4G,2026-06-27
SUB3342094,4.67,0.45,0.08,1.36,53.68,0,0,25-34,Prepaid_Monthly,Mid_Range,4G,2026-06-21
SUB3192271,1.49,1.79,0.14,6.0,84.17,1,0,25-34,Prepaid_Daily,Premium_Smartphone,3G,2026-06-27
SUB3845376,2.72,2.96,0.28,0.1,53.97,0,0,18-24,Prepaid_Daily,Premium_Smartphone,4G,2026-06-15
SUB4956558,0.33,0.18,1.57,0.1,88.04,0,1,18-24,Prepaid_Monthly,Premium_Smartphone,4G,2026-06-29
SUB6236441,2.56,4.77,2.08,0.68,77.18,1,0,35-44,Postpaid_Premium,Premium_Smartphone,3G,2026-06-21
SUB4731570,0.83,2.67,0.26,0.32,77.89,0,0,18-24,Prepaid_Monthly,Premium_Smartphone,4G,2026-06-09
SUB7342211,3.81,3.25,0.99,0.03,200.0,1,1,18-24,Postpaid_Basic,Premium_Smartphone,5G,2026-06-24
SUB6831052,1.49,2.15,1.14,0.07,57.66,1,1,25-34,Postpaid_Premium,Mid_Range,3G,2026-07-03
SUB8939174,0.04,0.48,0.01,0.2,36.87,0,0,18-24,Prepaid_Monthly,Mid_Range,3G,2026-06-30
SUB4254449,5.82,2.75,0.94,1.21,64.63,0,0,25-34,Postpaid_Unlimited,Mid_Range,4G,2026-06-20
SUB9994006,2.84,1.61,0.58,1.62,88.03,1,0,18-24,Postpaid_Unlimited,5G_Device,4G+,2026-06-27
SUB5307910,3.19,3.11,1.27,4.5,122.6,1,1,25-34,Prepaid_Monthly,5G_Device,4G+,2026-06-24
SUB4322918,0.95,1.13,1.08,0.05,42.79,1,0,45-54,Postpaid_Unlimited,5G_Device,3G,2026-07-03
SUB6271810,1.85,1.6,0.44,0.1,43.65,0,0,35-44,Postpaid_Premium,Premium_Smartphone,3G,2026-06-17
SUB5935371,3.15,2.27,0.16,0.08,88.46,1,0,25-34,Prepaid_Monthly,Premium_Smartphone,4G,2026-07-02
SUB1260102,3.13,6.0,2.46,1.2,107.48,1,0,18-24,Postpaid_Premium,Premium_Smartphone,4G,2026-07-06
SUB6516825,1.79,2.2,0.59,0.05,70.05,1,0,35-44,Postpaid_Premium,Mid_Range,4G,2026-06-17
SUB6818528,1.08,0.33,0.09,1.54,80.28,1,0,18-24,Postpaid_Basic,Mid_Range,4G+,2026-06-25
SUB9214372,2.01,1.58,1.57,1.78,67.47,0,0,18-24,Postpaid_Premium,Tablet,4G+,2026-07-01
SUB9536239,0.95,0.39,0.16,2.98,42.79,0,1,35-44,Prepaid_Monthly,Mid_Range,4G,2026-07-05
SUB2343054,0.35,1.64,0.22,0.12,93.51,1,1,55+,Postpaid_Unlimited,Premium_Smartphone,4G,2026-06-20
SUB4159016,8.0,5.24,1.43,2.4,66.04,0,0,25-34,Postpaid_Unlimited,5G_Device,4G,2026-06-09
SUB2726334,0.63,5.37,0.51,0.49,56.38,0,0,18-24,Postpaid_Premium,Premium_Smartphone,4G,2026-06-21
SUB4353030,0.73,1.04,0.46,0.11,107.52,0,1,45-54,Prepaid_Daily,Premium_Smartphone,5G,2026-06-14
SUB2847199,0.69,1.42,3.48,2.51,63.03,0,0,18-24,Postpaid_Basic,5G_Device,4G,2026-06-17
SUB2638004,0.98,0.54,0.25,1.11,84.25,0,1,45-54,Postpaid_Premium,Premium_Smartphone,4G,2026-07-02
SUB2729187,0.58,1.74,1.54,0.04,105.99,0,0,25-34,Postpaid_Unlimited,Premium_Smartphone,5G,2026-07-06
SUB5461595,4.29,1.42,3.14,0.04,63.72,0,0,25-34,Postpaid_Unlimited,Mid_Range,4G,2026-06-24
SUB6817676,0.51,1.55,0.03,0.03,89.55,0,0,25-34,Postpaid_Unlimited,Premium_Smartphone,4G,2026-06-09
SUB4460096,0.01,0.35,0.11,0.02,30.78,0,0,55+,Prepaid_Monthly,Basic_Phone,5G,2026-06-18
SUB2330363,0.33,2.43,0.47,0.24,52.29,0,0,45-54,Postpaid_Unlimited,Mid_Range,4G,2026-06-24
SUB4446839,0.78,1.87,0.47,0.59,64.81,0,0,25-34,Prepaid_Daily,Premium_Smartphone,4G,2026-06-07
SUB4113506,0.24,1.88,0.09,0.21,51.3,0,0,35-44,Prepaid_Monthly,Mid_Range,4G+,2026-06-12
SUB9167197,0.89,0.99,0.75,0.47,137.41,0,0,35-44,Prepaid_Daily,5G_Device,5G,2026-06-14
SUB2561014,0.43,1.1,0.06,1.14,68.7,0,1,35-44,Postpaid_Unlimited,Mid_Range,4G,2026-07-05
SUB5589369,6.02,4.98,3.34,0.68,76.62,1,0,45-54,Postpaid_Unlimited,5G_Device,4G,2026-06-13
SUB7621778,0.41,1.98,2.3,0.03,66.78,1,0,18-24,Prepaid_Monthly,Mid_Range,4G,2026-06-10
SUB8531844,1.0,0.73,0.73,0.37,84.84,0,1,25-34,Prepaid_Monthly,5G_Device,3G,2026-06-30
SUB4257983,2.09,0.18,0.22,0.81,34.51,0,0,55+,Postpaid_Unlimited,Mid_Range,4G,2026-07-03
SUB7902066,0.06,0.32,0.29,0.07,40.58,0,0,55+,Postpaid_Basic,Mid_Range,4G+,2026-06-13
SUB7073877,4.42,6.0,4.0,0.06,62.49,0,0,18-24,Postpaid_Basic,5G_Device,4G,2026-06-29
SUB9033651,1.84,2.67,1.47,0.67,68.94,0,0,18-24,Postpaid_Basic,5G_Device,4G,2026-06-19
SUB1751972,1.06,0.57,0.01,0.01,69.37,0,0,55+,Postpaid_Premium,5G_Device,4G,2026-06-30
SUB9648035,0.1,0.94,3.77,0.36,54.7,0,0,25-34,Postpaid_Unlimited,Mid_Range,4G,2026-06-18
SUB4631171,2.74,2.39,0.07,3.49,93.15,0,0,35-44,Prepaid_Monthly,Premium_Smartphone,4G+,2026-06-12
SUB8973155,1.92,0.93,0.38,0.14,122.21,1,0,18-24,Prepaid_Daily,Premium_Smartphone,4G,2026-06-11
SUB5976820,0.53,0.78,0.22,0.29,120.24,1,1,45-54,Prepaid_Daily,Premium_Smartphone,4G,2026-06-29
SUB4743185,0.12,0.68,0.8,0.28,69.9,0,0,18-24,Prepaid_Daily,Premium_Smartphone,3G,2026-06-15
SUB6768212,1.29,1.9,0.85,0.19,63.98,1,0,18-24,Postpaid_Basic,Premium_Smartphone,3G,2026-07-02
SUB1024363,0.39,4.73,0.44,0.26,53.52,0,0,18-24,Postpaid_Unlimited,5G_Device,4G,2026-06-14
SUB9783406,1.05,1.36,0.01,0.0,152.52,0,1,55+,Postpaid_Premium,5G_Device,5G,2026-07-06
SUB3045990,1.39,6.0,1.15,0.05,148.9,1,1,35-44,Postpaid_Unlimited,5G_Device,5G,2026-06-16
SUB6178652,2.62,4.06,1.04,0.08,82.25,0,0,45-54,Postpaid_Unlimited,Premium_Smartphone,4G,2026-06-30
SUB2385049,3.96,0.4,1.78,0.32,91.38,0,0,25-34,Postpaid_Basic,Premium_Smartphone,4G,2026-06-13
SUB6567248,0.04,0.17,0.04,0.0,17.5,0,0,55+,Postpaid_Basic,Basic_Phone,3G,2026-06-07
SUB2498447,0.8,0.65,0.47,0.39,170.31,1,0,45-54,Postpaid_Basic,Premium_Smartphone,5G,2026-06-11
SUB2545288,0.14,0.89,0.06,0.35,124.9,0,1,45-54,Prepaid_Daily,Premium_Smartphone,4G,2026-06-13
SUB9182320,0.33,0.18,0.26,0.07,48.77,1,0,55+,Postpaid_Basic,Mid_Range,3G,2026-06-23
SUB2595123,6.81,0.53,2.12,0.27,69.06,1,0,25-34,Postpaid_Basic,5G_Device,3G,2026-06-24
SUB9839008,0.74,0.99,1.04,2.95,92.33,0,0,35-44,Postpaid_Basic,5G_Device,4G,2026-06-26
SUB6264482,1.1,0.71,2.2,0.25,79.04,1,0,55+,Postpaid_Basic,5G_Device,4G,2026-06-23
SUB7130158,0.11,1.03,0.1,0.15,77.38,0,1,45-54,Prepaid_Monthly,Mid_Range,4G+,2026-06-09
SUB2391538,2.94,0.92,0.6,0.06,90.99,0,0,35-44,Postpaid_Basic,Premium_Smartphone,4G,2026-07-06
SUB8219155,0.69,1.18,2.65,3.11,141.16,0,1,18-24,Prepaid_Monthly,5G_Device,4G+,2026-06-24
SUB7817281,0.18,0.61,0.56,0.38,53.35,0,0,35-44,Prepaid_Daily,Mid_Range,5G,2026-07-06
SUB7701810,0.47,3.03,1.08,2.3,128.87,1,0,25-34,Postpaid_Premium,5G_Device,5G,2026-06-23
SUB5107560,0.42,1.85,0.76,0.45,79.6,1,0,18-24,Prepaid_Monthly,Tablet,4G,2026-07-03
SUB7993018,1.46,1.62,0.0,0.26,82.51,0,1,45-54,Postpaid_Unlimited,Premium_Smartphone,3G,2026-06-21
SUB1171236,0.98,1.44,0.02,0.74,73.5,0,0,25-34,Prepaid_Daily,Tablet,5G,2026-06-16
SUB4010129,0.8,2.21,0.54,0.96,59.62,0,0,25-34,Postpaid_Basic,Premium_Smartphone,4G,2026-06-09
SUB1089743,1.19,4.81,0.33,0.04,144.87,1,1,35-44,Postpaid_Basic,Mid_Range,4G+,2026-06-16
SUB8426187,1.7,0.75,0.06,0.05,43.2,0,0,25-34,Prepaid_Daily,Mid_Range,4G,2026-06-14
SUB5112924,3.05,0.8,1.14,0.88,136.94,0,0,18-24,Prepaid_Monthly,Premium_Smartphone,5G,2026-06-21
SUB2955206,1.07,0.91,0.07,0.0,39.83,0,0,25-34,Postpaid_Premium,Basic_Phone,4G+,2026-06-21
SUB2138422,0.35,0.73,0.42,0.13,82.3,0,1,18-24,Prepaid_Monthly,Premium_Smartphone,4G,2026-06-07
SUB1758795,0.2,1.51,0.4,0.04,95.94,1,0,18-24,Prepaid_Daily,Mid_Range,4G+,2026-06-14
SUB8632738,0.7,2.42,1.09,0.52,59.25,0,0,18-24,Postpaid_Basic,Tablet,3G,2026-06-25
SUB2764688,0.82,0.26,1.06,1.46,70.94,0,1,18-24,Prepaid_Monthly,Mid_Range,4G,2026-06-13
SUB3957817,0.37,6.0,4.0,1.52,149.39,0,0,25-34,Postpaid_Premium,Premium_Smartphone,5G,2026-06-22
SUB1239647,5.84,1.84,0.21,0.47,87.11,0,0,25-34,Postpaid_Premium,Premium_Smartphone,4G,2026-06-27
SUB5514153,0.01,0.24,0.14,0.04,54.93,0,1,55+,Prepaid_Daily,5G_Device,3G,2026-06-25
SUB7098915,0.14,1.13,0.45,1.08,50.49,0,0,25-34,Prepaid_Monthly,Premium_Smartphone,3G,2026-06-30
SUB4772515,4.01,0.56,0.73,1.76,65.81,0,0,35-44,Prepaid_Monthly,5G_Device,4G,2026-06-08
SUB3942609,0.57,2.5,1.86,0.13,59.0,0,0,25-34,Postpaid_Basic,Premium_Smartphone,4G,2026-06-21
SUB9158781,0.69,0.68,0.1,0.06,43.86,0,0,45-54,Prepaid_Monthly,Mid_Range,4G,2026-07-05
SUB9813240,0.5,0.64,0.13,1.93,61.47,0,0,35-44,Prepaid_Monthly,Premium_Smartphone,4G,2026-06-21
SUB2572732,1.59,1.11,0.14,0.02,52.38,0,1,25-34,Prepaid_Daily,Premium_Smartphone,3G,2026-06-08
SUB9016792,2.37,3.17,0.09,0.38,110.3,0,1,18-24,Prepaid_Daily,Premium_Smartphone,4G+,2026-07-02
SUB3740855,3.21,0.55,0.7,0.27,168.54,0,1,25-34,Postpaid_Basic,Premium_Smartphone,5G,2026-06-25
SUB4340444,0.43,0.2,0.58,0.27,53.55,0,0,35-44,Prepaid_Monthly,Mid_Range,3G,2026-07-02
SUB4750222,0.32,0.98,0.03,0.09,23.39,0,0,25-34,Prepaid_Daily,Basic_Phone,5G,2026-06-19
SUB2380188,0.59,0.62,0.03,0.19,86.53,1,0,45-54,Prepaid_Monthly,Mid_Range,5G,2026-06-23
SUB8530577,1.15,1.19,0.11,0.03,88.68,0,0,18-24,Prepaid_Daily,5G_Device,4G,2026-06-29
SUB4060465,1.27,1.71,1.76,1.57,117.23,0,0,18-24,Prepaid_Daily,5G_Device,5G,2026-06-27
SUB7723000,0.73,1.1,0.22,1.82,77.26,0,1,35-44,Prepaid_Monthly,Mid_Range,5G,2026-06-10
SUB8770032,0.5,0.14,0.01,0.22,52.08,1,0,45-54,Prepaid_Daily,Basic_Phone,5G,2026-06-09
SUB3818767,0.22,0.56,0.91,0.44,87.87,0,0,25-34,Postpaid_Premium,Mid_Range,5G,2026-06-14
SUB8864394,0.86,1.13,0.22,0.02,109.81,0,0,35-44,Prepaid_Daily,5G_Device,5G,2026-06-09
SUB6864049,1.27,0.4,0.34,0.0,53.26,0,0,18-24,Postpaid_Premium,Mid_Range,4G,2026-07-04
SUB9958825,0.85,2.46,0.2,0.04,135.89,1,1,35-44,Prepaid_Monthly,Premium_Smartphone,4G,2026-07-06
SUB9511807,0.91,1.17,0.36,0.16,69.14,1,0,45-54,Postpaid_Premium,Mid_Range,4G,2026-06-22
SUB6531052,0.04,0.29,0.09,0.2,58.8,1,0,45-54,Prepaid_Daily,Premium_Smartphone,3G,2026-06-28
SUB7321001,0.76,1.84,0.35,0.44,22.41,0,0,18-24,Postpaid_Unlimited,Basic_Phone,4G,2026-06-10
SUB1424190,1.41,1.93,3.59,0.16,48.94,1,0,25-34,Postpaid_Premium,Mid_Range,4G,2026-06-30
SUB7743571,3.53,1.06,0.17,0.45,130.88,1,0,35-44,Prepaid_Daily,Premium_Smartphone,4G,2026-07-02
SUB4472696,5.46,5.89,0.53,0.8,97.79,0,1,18-24,Prepaid_Monthly,Premium_Smartphone,4G,2026-06-20
SUB3120677,1.52,1.07,0.56,0.21,85.19,0,0,35-44,Postpaid_Basic,5G_Device,4G,2026-06-15
SUB3597979,2.35,4.69,0.23,0.18,64.11,0,0,25-34,Postpaid_Unlimited,Mid_Range,5G,2026-06-19
SUB8524132,0.21,0.2,0.83,0.26,112.04,0,1,25-34,Prepaid_Monthly,Premium_Smartphone,4G,2026-06-19
SUB9294919,0.26,0.52,0.09,0.42,53.63,0,0,45-54,Postpaid_Basic,Mid_Range,4G,2026-06-09
SUB3104417,5.51,1.22,2.18,0.59,67.56,1,0,25-34,Prepaid_Monthly,Premium_Smartphone,4G,2026-07-04
SUB6449604,0.27,0.31,0.04,0.37,70.3,0,0,55+,Prepaid_Monthly,Mid_Range,5G,2026-06-20
SUB1898628,1.77,0.11,0.2,0.16,88.22,0,0,45-54,Prepaid_Monthly,Mid_Range,5G,2026-06-30
SUB4761054,0.38,5.15,0.34,0.22,47.7,0,0,35-44,Prepaid_Monthly,Mid_Range,4G,2026-07-05
SUB3396716,7.92,1.11,0.06,0.03,31.08,0,0,18-24,Prepaid_Daily,Mid_Range,3G,2026-06-14
SUB3057244,0.11,0.16,0.01,0.05,200.0,1,1,55+,Prepaid_Daily,Premium_Smartphone,5G,2026-07-03
SUB3707929,1.02,1.72,0.39,0.19,94.06,1,1,45-54,Postpaid_Premium,Premium_Smartphone,4G+,2026-06-08
SUB5272513,0.92,2.75,0.26,1.08,73.77,0,0,18-24,Postpaid_Premium,Premium_Smartphone,4G,2026-06-13
SUB4928125,0.05,0.52,0.04,0.07,43.21,0,0,25-34,Prepaid_Monthly,Basic_Phone,5G,2026-06-11
SUB5125186,0.79,4.59,0.05,0.71,49.27,1,0,25-34,Postpaid_Unlimited,Mid_Range,4G,2026-06-07
SUB4338669,0.31,0.05,0.02,0.03,11.03,0,1,55+,Prepaid_Monthly,Basic_Phone,3G,2026-06-23
SUB9302258,0.23,0.45,0.08,0.02,51.24,0,0,45-54,Prepaid_Monthly,Mid_Range,5G,2026-06-08
SUB8738667,0.1,0.01,0.01,0.01,17.8,1,0,55+,Postpaid_Premium,Basic_Phone,3G,2026-06-09
SUB5360866,2.13,1.16,0.18,0.37,80.55,1,0,45-54,Postpaid_Premium,Mid_Range,5G,2026-06-08
SUB3304310,6.03,6.0,2.21,0.46,72.6,1,0,25-34,Postpaid_Unlimited,5G_Device,4G,2026-06-22
SUB1976264,1.31,1.02,0.44,0.02,139.45,1,1,18-24,Prepaid_Daily,Premium_Smartphone,4G,2026-06-16
SUB9323880,1.41,5.02,0.17,0.96,80.03,1,0,18-24,Prepaid_Daily,Premium_Smartphone,4G,2026-06-11
SUB8299243,1.69,1.53,0.16,0.73,105.21,1,1,18-24,Postpaid_Basic,Premium_Smartphone,4G,2026-07-01
SUB4928094,1.9,2.4,1.57,1.53,61.99,0,1,25-34,Prepaid_Monthly,Tablet,3G,2026-07-05
SUB6795886,0.05,0.33,0.07,0.03,57.53,0,0,55+,Prepaid_Daily,Mid_Range,4G,2026-06-12
SUB7531423,0.41,0.29,0.16,0.05,34.14,0,0,55+,Postpaid_Basic,Mid_Range,4G,2026-06-22
SUB3790353,4.23,0.17,0.76,0.04,92.78,0,0,25-34,Prepaid_Monthly,Tablet,4G,2026-07-05
SUB6185356,2.27,1.11,0.29,0.76,105.0,1,1,35-44,Prepaid_Monthly,5G_Device,3G,2026-06-18
SUB3465849,1.61,3.13,0.27,0.55,128.24,0,0,35-44,Prepaid_Monthly,5G_Device,5G,2026-06-11
SUB3933865,1.44,2.19,0.87,0.88,102.51,1,0,25-34,Prepaid_Daily,Premium_Smartphone,5G,2026-06-11
SUB7667051,3.13,3.1,0.21,0.07,85.82,0,0,35-44,Prepaid_Daily,Premium_Smartphone,4G,2026-06-28
SUB8587145,0.31,5.77,0.85,0.94,84.7,0,1,25-34,Postpaid_Basic,Premium_Smartphone,4G,2026-06-25
SUB7030079,0.75,0.65,0.2,0.71,189.41,1,0,55+,Prepaid_Monthly,Premium_Smartphone,5G,2026-06-07
SUB9970922,0.6,2.85,0.51,0.77,59.08,0,0,35-44,Postpaid_Unlimited,Mid_Range,4G+,2026-07-04
SUB7147454,0.14,0.19,0.06,0.22,85.16,1,0,45-54,Prepaid_Daily,5G_Device,3G,2026-06-22
SUB8907288,2.8,3.86,0.12,0.1,66.97,0,0,18-24,Postpaid_Unlimited,5G_Device,4G,2026-06-22
SUB3505700,3.45,0.96,0.19,1.33,132.19,0,0,18-24,Prepaid_Monthly,Premium_Smartphone,5G,2026-07-03
SUB1145693,1.03,0.41,0.04,0.04,26.29,0,0,25-34,Prepaid_Monthly,Mid_Range,3G,2026-06-15
SUB2649734,0.5,0.75,0.63,0.5,71.22,1,0,45-54,Prepaid_Monthly,Premium_Smartphone,4G,2026-07-06
SUB1885621,0.9,0.29,0.09,0.81,62.61,1,0,55+,Prepaid_Monthly,Mid_Range,5G,2026-07-06
SUB1561548,3.15,0.11,3.8,1.06,61.21,0,0,25-34,Postpaid_Basic,Tablet,4G,2026-06-10
SUB9063001,0.16,0.95,0.12,0.03,53.1,0,0,45-54,Prepaid_Monthly,Premium_Smartphone,3G,2026-07-03
SUB5379845,1.22,0.4,0.13,0.14,25.73,0,0,25-34,Postpaid_Basic,Basic_Phone,5G,2026-06-23
SUB8150265,0.79,1.0,1.77,0.69,92.15,0,0,25-34,Prepaid_Monthly,Premium_Smartphone,4G,2026-07-05
SUB2703728,0.58,6.0,4.0,0.53,145.58,0,1,35-44,Postpaid_Premium,5G_Device,5G,2026-07-02
SUB5762315,0.72,0.8,0.11,0.34,68.8,0,1,45-54,Postpaid_Basic,Mid_Range,4G+,2026-06-24
SUB4377136,0.14,1.58,0.11,0.0,19.3,0,0,18-24,Prepaid_Monthly,Basic_Phone,4G,2026-07-04
SUB1468451,3.59,2.34,0.57,0.04,103.43,1,1,25-34,Postpaid_Premium,Premium_Smartphone,4G,2026-06-19
SUB5777830,0.44,4.86,0.27,2.13,96.67,0,0,25-34,Postpaid_Premium,5G_Device,4G,2026-07-01
SUB1259425,6.24,4.29,1.96,0.75,70.69,0,0,18-24,Postpaid_Unlimited,Mid_Range,5G,2026-06-19
SUB9899217,0.04,0.72,0.05,0.12,115.09,1,1,55+,Prepaid_Daily,Premium_Smartphone,4G,2026-06-15
SUB8604323,0.95,1.4,0.35,0.45,64.73,0,1,35-44,Postpaid_Premium,Mid_Range,4G,2026-06-17
SUB7259635,8.0,0.74,0.56,0.37,30.36,1,1,18-24,Postpaid_Unlimited,Basic_Phone,4G+,2026-06-08
SUB5494893,5.24,4.72,0.48,1.19,146.35,1,1,18-24,Postpaid_Basic,Mid_Range,5G,2026-06-21
SUB2968093,0.14,0.1,0.03,0.14,35.27,0,0,55+,Postpaid_Basic,Mid_Range,4G,2026-06-17
SUB3444913,3.16,2.99,3.5,4.93,109.04,0,0,35-44,Postpaid_Unlimited,5G_Device,5G,2026-07-06
SUB7504938,8.0,5.94,1.06,0.42,83.01,1,0,35-44,Postpaid_Unlimited,Tablet,4G,2026-07-02
SUB8131390,1.96,5.44,1.22,2.58,78.25,0,1,18-24,Postpaid_Basic,Mid_Range,5G,2026-06-22
SUB4787132,0.05,0.19,0.31,0.11,53.24,0,0,45-54,Prepaid_Monthly,Mid_Range,4G+,2026-06-28
SUB4809821,0.62,0.41,0.25,0.13,93.72,0,0,25-34,Postpaid_Premium,Tablet,4G,2026-06-22
SUB9817518,0.23,3.51,0.23,0.65,87.99,0,1,35-44,Prepaid_Daily,Mid_Range,5G,2026-07-06
SUB5037746,0.63,0.05,0.07,0.0,84.39,0,1,55+,Prepaid_Monthly,Mid_Range,5G,2026-06-09
SUB1081171,5.0,0.18,0.47,1.54,75.03,0,0,18-24,Postpaid_Unlimited,Mid_Range,4G+,2026-06-26
SUB3183448,2.67,0.9,1.05,1.13,151.02,0,1,25-34,Postpaid_Premium,5G_Device,4G+,2026-06-17
SUB2189138,1.13,0.17,0.64,0.09,34.42,0,0,18-24,Postpaid_Unlimited,Mid_Range,3G,2026-06-27
SUB3249476,0.61,0.5,0.09,0.17,38.18,0,0,25-34,Postpaid_Basic,Premium_Smartphone,3G,2026-07-05
SUB3759374,1.16,1.91,0.24,0.03,77.2,0,0,25-34,Prepaid_Monthly,Premium_Smartphone,4G,2026-06-27
SUB4463894,1.04,1.89,0.03,0.16,85.52,1,1,55+,Postpaid_Unlimited,Mid_Range,4G+,2026-06-14
SUB1783258,0.68,1.88,0.14,0.01,82.41,1,1,25-34,Prepaid_Monthly,Mid_Range,4G,2026-06-13
SUB2896999,0.61,6.0,0.81,0.06,81.55,0,0,35-44,Postpaid_Premium,5G_Device,5G,2026-06-16
SUB3852889,6.81,6.0,0.09,0.03,103.24,1,0,45-54,Postpaid_Basic,5G_Device,5G,2026-06-21
SUB8297050,0.33,0.18,0.11,0.1,69.65,0,0,55+,Prepaid_Monthly,Premium_Smartphone,4G,2026-06-30
SUB8371858,0.19,0.28,0.22,0.76,35.2,0,1,25-34,Prepaid_Daily,Basic_Phone,4G,2026-06-07
SUB2761201,0.16,0.21,0.36,0.06,30.86,0,0,25-34,Prepaid_Monthly,Mid_Range,4G,2026-06-11
SUB3337180,0.24,3.84,0.44,0.45,81.42,0,0,18-24,Postpaid_Basic,Premium_Smartphone,4G,2026-06-25
SUB4485862,0.53,0.82,0.11,0.94,61.93,0,0,18-24,Prepaid_Daily,Mid_Range,4G+,2026-06-20
SUB2400507,1.26,1.49,0.18,0.29,75.52,0,0,35-44,Prepaid_Monthly,5G_Device,4G,2026-06-19
SUB5235040,0.04,0.6,0.89,0.33,39.54,1,0,18-24,Postpaid_Basic,Basic_Phone,4G+,2026-07-06
SUB6529554,1.31,0.54,0.0,0.94,97.96,0,0,25-34,Postpaid_Premium,Premium_Smartphone,4G,2026-06-26
SUB8518162,1.4,0.55,0.33,0.08,57.34,1,1,18-24,Prepaid_Daily,Mid_Range,3G,2026-06-07
SUB8676431,1.14,2.45,0.01,0.93,104.63,0,0,35-44,Postpaid_Premium,Premium_Smartphone,4G,2026-06-25
SUB3757398,0.29,0.95,0.63,0.16,148.17,0,1,25-34,Prepaid_Daily,Premium_Smartphone,4G+,2026-07-01
SUB1388742,2.85,1.21,0.08,0.01,38.81,0,0,18-24,Prepaid_Daily,Mid_Range,3G,2026-07-05
SUB1676935,3.9,0.18,0.19,0.78,97.83,0,1,25-34,Prepaid_Daily,Mid_Range,5G,2026-06-22
SUB8793604,8.0,0.75,0.01,0.21,107.26,1,0,35-44,Postpaid_Premium,Premium_Smartphone,4G,2026-06-14
SUB1401072,2.52,1.05,0.25,0.77,105.77,1,1,35-44,Prepaid_Daily,5G_Device,4G,2026-06-14
SUB7722841,5.37,0.7,0.12,0.32,153.62,1,1,25-34,Prepaid_Daily,Premium_Smartphone,4G,2026-06-26
SUB3095637,0.19,0.44,0.14,0.07,60.4,0,1,45-54,Prepaid_Daily,Mid_Range,4G,2026-06-10
SUB3788302,5.1,0.7,1.29,0.24,67.48,0,1,18-24,Postpaid_Unlimited,5G_Device,3G,2026-06-17
SUB8843227,2.92,2.32,1.56,0.5,82.98,1,1,18-24,Postpaid_Unlimited,Mid_Range,4G,2026-07-01
SUB6581472,1.19,0.43,0.21,0.4,40.49,0,0,18-24,Prepaid_Daily,Mid_Range,4G,2026-06-07
SUB9269841,0.85,0.7,0.29,0.19,56.34,1,0,25-34,Prepaid_Monthly,Mid_Range,4G,2026-06-26
SUB5859633,3.42,0.3,1.22,0.05,35.6,1,0,35-44,Postpaid_Unlimited,Mid_Range,3G,2026-06-19
SUB5468852,0.45,0.4,1.75,0.2,29.42,1,0,18-24,Prepaid_Daily,Mid_Range,3G,2026-06-08
SUB8742237,1.21,0.9,0.11,0.91,112.92,0,0,35-44,Prepaid_Daily,5G_Device,5G,2026-06-10
SUB7749977,0.04,1.22,1.34,0.06,75.9,1,0,25-34,Prepaid_Daily,Mid_Range,4G,2026-06-21
SUB1419503,0.17,1.17,0.23,0.05,61.42,0,1,55+,Postpaid_Unlimited,Premium_Smartphone,4G,2026-06-23
SUB7488000,0.05,0.66,0.3,0.38,60.68,0,1,35-44,Postpaid_Premium,Basic_Phone,5G,2026-06-21
SUB8586544,0.96,1.99,0.33,0.29,91.21,0,1,35-44,Prepaid_Monthly,Premium_Smartphone,4G,2026-06-21
SUB9318849,0.32,0.27,0.2,0.51,36.28,0,0,35-44,Prepaid_Daily,Mid_Range,4G,2026-06-17
SUB8608965,0.07,0.17,0.23,0.11,43.81,0,0,55+,Postpaid_Unlimited,Mid_Range,4G,2026-07-02
SUB1158253,0.28,0.31,0.04,0.17,81.06,0,0,55+,Prepaid_Monthly,Mid_Range,5G,2026-06-21
SUB9209061,0.03,0.05,0.09,0.02,19.92,0,0,25-34,Postpaid_Basic,Basic_Phone,4G,2026-06-20
SUB4211369,4.13,1.4,0.28,0.16,68.41,0,1,25-34,Prepaid_Monthly,Mid_Range,4G,2026-06-12
SUB2659537,5.51,2.6,0.1,0.41,58.42,0,0,25-34,Postpaid_Premium,Premium_Smartphone,3G,2026-06-16
SUB2279898,1.93,1.05,0.07,0.01,48.28,1,0,25-34,Prepaid_Daily,Mid_Range,4G,2026-06-11
SUB3364840,0.68,1.06,0.56,1.86,77.23,1,0,25-34,Postpaid_Premium,Mid_Range,4G+,2026-06-20
SUB1771143,1.4,1.36,0.02,0.15,59.64,0,0,25-34,Prepaid_Monthly,Mid_Range,5G,2026-06-23
SUB7697947,1.08,0.64,0.02,0.11,57.53,0,0,55+,Prepaid_Daily,Premium_Smartphone,3G,2026-06-18
SUB4906377,0.09,1.74,0.44,1.01,56.95,0,0,25-34,Postpaid_Basic,Premium_Smartphone,3G,2026-06-08
SUB2461433,0.57,0.83,0.03,0.11,104.73,0,0,45-54,Postpaid_Premium,Premium_Smartphone,4G,2026-06-15
SUB4348549,0.32,2.65,0.5,1.15,93.53,0,1,25-34,Prepaid_Monthly,Tablet,4G+,2026-06-27
SUB8753638,5.22,1.09,0.06,1.49,128.86,0,1,35-44,Prepaid_Daily,5G_Device,4G,2026-06-24
SUB6580427,0.43,1.15,0.14,0.01,37.81,0,0,25-34,Postpaid_Basic,Basic_Phone,5G,2026-06-30
SUB2576845,1.15,1.51,3.07,0.28,45.39,1,0,35-44,Postpaid_Premium,Mid_Range,4G,2026-07-03
SUB1988722,0.9,5.5,3.61,1.99,133.82,0,1,25-34,Postpaid_Premium,5G_Device,5G,2026-07-02
SUB3037398,0.13,0.06,0.07,0.0,18.53,1,0,25-34,Prepaid_Monthly,Basic_Phone,3G,2026-06-08
SUB4527110,1.21,0.8,0.61,0.32,97.97,1,0,45-54,Prepaid_Daily,Premium_Smartphone,4G,2026-07-05
SUB5289639,3.19,4.09,0.01,0.29,65.17,0,1,18-24,Postpaid_Basic,Tablet,4G,2026-07-06
SUB7398897,2.41,0.12,0.04,0.02,91.99,0,1,25-34,Prepaid_Monthly,Premium_Smartphone,4G+,2026-06-15
SUB2065560,1.68,1.76,0.56,0.01,22.48,0,1,18-24,Postpaid_Unlimited,Basic_Phone,4G,2026-07-04
SUB8989900,1.07,0.69,0.15,3.19,71.36,1,0,45-54,Postpaid_Basic,Premium_Smartphone,4G,2026-06-26
SUB8189204,3.67,2.24,0.06,0.05,88.68,0,1,25-34,Postpaid_Basic,Mid_Range,5G,2026-07-04
SUB7707432,0.6,0.1,0.59,0.14,167.71,1,0,35-44,Prepaid_Monthly,5G_Device,4G+,2026-06-13
SUB9349065,0.22,0.37,0.39,0.47,59.07,0,0,18-24,Prepaid_Monthly,Mid_Range,4G+,2026-06-19
SUB3754036,1.29,2.83,1.06,0.22,62.08,0,0,25-34,Postpaid_Basic,Premium_Smartphone,4G,2026-06-29
SUB7934198,0.1,0.43,0.07,0.26,164.75,1,0,45-54,Prepaid_Monthly,Premium_Smartphone,4G+,2026-06-28
SUB8389434,4.46,0.79,0.71,0.93,90.52,1,0,18-24,Postpaid_Unlimited,Mid_Range,5G,2026-06-16
SUB1091656,2.12,0.7,1.35,0.37,61.61,0,0,35-44,Prepaid_Monthly,Mid_Range,4G+,2026-06-30
SUB3162766,0.45,0.9,0.53,0.16,27.63,0,0,18-24,Prepaid_Monthly,Basic_Phone,4G+,2026-06-18
SUB1353153,1.19,0.47,0.15,0.32,62.04,0,0,25-34,Prepaid_Daily,Premium_Smartphone,4G,2026-06-16
SUB7724504,0.34,6.0,1.67,3.58,138.83,1,1,25-34,Postpaid_Premium,5G_Device,4G,2026-06-22
SUB4453708,0.53,0.13,0.5,0.29,51.52,0,0,35-44,Prepaid_Daily,Mid_Range,4G,2026-07-05
SUB5101153,0.18,0.64,0.17,0.09,32.55,0,0,35-44,Prepaid_Monthly,Basic_Phone,5G,2026-06-13
SUB1987938,1.32,1.78,0.51,0.32,81.48,0,1,35-44,Postpaid_Basic,Premium_Smartphone,4G,2026-07-03
SUB8074533,1.69,0.17,0.01,0.02,41.65,1,1,25-34,Prepaid_Monthly,Basic_Phone,4G,2026-06-28
SUB4801065,4.21,2.95,1.07,0.65,101.46,0,0,25-34,Postpaid_Premium,Premium_Smartphone,5G,2026-06-20
SUB1862839,1.3,0.57,0.93,1.85,62.27,1,0,18-24,Postpaid_Premium,Mid_Range,4G,2026-07-05
SUB2064367,0.23,0.78,0.59,0.02,175.32,0,1,45-54,Postpaid_Unlimited,Premium_Smartphone,4G+,2026-07-02
SUB1234898,0.43,0.65,0.35,0.18,89.13,1,0,45-54,Postpaid_Basic,Mid_Range,5G,2026-06-27
SUB1461122,0.2,0.14,0.02,0.21,14.39,0,0,18-24,Postpaid_Basic,Basic_Phone,3G,2026-06-20
SUB1675025,2.15,1.37,0.33,0.24,78.16,0,0,18-24,Prepaid_Monthly,Premium_Smartphone,4G+,2026-06-29
SUB5264550,0.06,0.64,0.15,0.42,40.05,0,0,18-24,Prepaid_Monthly,Mid_Range,4G,2026-06-24
SUB8536968,0.87,0.63,0.79,0.33,63.8,1,0,55+,Prepaid_Daily,5G_Device,4G,2026-07-06
SUB6477835,1.03,1.06,0.21,0.56,90.48,0,0,45-54,Postpaid_Premium,5G_Device,4G+,2026-06-29
SUB2605752,0.33,0.08,1.33,0.79,69.37,0,0,25-34,Prepaid_Monthly,Mid_Range,5G,2026-06-18
SUB1807040,4.6,0.34,0.55,0.65,76.77,0,0,25-34,Postpaid_Basic,5G_Device,4G,2026-06-19
SUB7634586,0.42,0.69,0.07,0.52,24.48,0,0,25-34,Prepaid_Monthly,Mid_Range,3G,2026-06-26
SUB5132443,2.42,1.9,0.2,1.34,73.56,0,0,35-44,Postpaid_Basic,5G_Device,4G+,2026-06-12
SUB6232190,0.41,0.26,0.12,0.74,50.22,1,1,35-44,Prepaid_Monthly,Mid_Range,3G,2026-06-28
SUB8920337,3.24,1.97,0.03,0.11,54.25,0,0,25-34,Postpaid_Basic,Mid_Range,4G,2026-06-20
SUB3154828,0.16,0.74,0.55,0.86,102.03,0,0,45-54,Postpaid_Unlimited,5G_Device,5G,2026-07-06
SUB6778728,4.02,1.14,0.16,0.47,97.02,0,1,25-34,Postpaid_Premium,Tablet,4G,2026-07-02
SUB6293348,0.5,1.17,0.17,2.8,97.18,0,0,18-24,Prepaid_Monthly,Premium_Smartphone,4G,2026-06-16
SUB3784975,0.09,3.1,0.01,0.6,90.85,0,0,35-44,Postpaid_Basic,Premium_Smartphone,4G,2026-06-09
SUB9371223,1.04,1.49,0.94,2.15,64.29,0,0,25-34,Postpaid_Basic,5G_Device,4G+,2026-06-09
SUB9840597,0.26,0.06,0.18,0.49,89.08,0,0,55+,Postpaid_Premium,Premium_Smartphone,4G,2026-06-09
SUB5859382,1.35,1.9,0.64,0.48,70.17,0,1,25-34,Postpaid_Premium,Mid_Range,4G,2026-06-08
SUB5912301,1.93,1.35,1.19,0.68,68.99,0,0,25-34,Prepaid_Monthly,Mid_Range,4G+,2026-06-26
SUB9126492,4.19,5.05,1.19,0.53,74.92,0,0,35-44,Postpaid_Premium,5G_Device,4G,2026-07-04
SUB4077026,1.38,1.08,0.96,0.72,61.81,0,0,25-34,Prepaid_Daily,5G_Device,4G,2026-06-19
SUB1148469,0.55,1.68,0.76,0.78,92.63,0,0,25-34,Postpaid_Premium,5G_Device,4G,2026-06-30
SUB5170555,2.12,0.3,0.03,0.21,112.14,1,0,55+,Prepaid_Monthly,Mid_Range,5G,2026-06-14
SUB1516394,1.96,1.21,0.34,1.17,61.48,0,0,25-34,Prepaid_Monthly,Premium_Smartphone,4G,2026-06-27
SUB3090825,0.08,0.15,0.08,0.19,23.09,1,0,25-34,Postpaid_Unlimited,Basic_Phone,3G,2026-07-04
SUB9908720,0.91,0.61,0.56,0.05,60.76,0,0,45-54,Prepaid_Monthly,Premium_Smartphone,4G,2026-07-06
SUB4290303,0.94,4.61,2.04,0.63,104.44,1,0,18-24,Postpaid_Unlimited,Premium_Smartphone,4G,2026-06-20
SUB8415871,0.55,0.38,0.15,0.02,42.88,0,0,18-24,Prepaid_Daily,Mid_Range,4G+,2026-06-10
SUB9090433,1.18,4.03,0.8,0.76,64.99,0,0,35-44,Postpaid_Basic,Premium_Smartphone,4G,2026-07-05
SUB3418853,3.71,1.65,0.06,1.12,64.97,0,0,18-24,Postpaid_Premium,Mid_Range,5G,2026-06-13
SUB6244786,0.17,0.31,0.09,0.06,59.79,0,0,55+,Prepaid_Daily,Mid_Range,5G,2026-06-09
SUB8249127,0.39,1.5,0.1,0.06,89.48,0,1,25-34,Prepaid_Daily,Mid_Range,5G,2026-07-01
SUB9920857,1.47,1.81,0.32,0.1,53.94,0,0,35-44,Prepaid_Daily,5G_Device,4G,2026-06-11
SUB8197177,1.11,1.96,0.05,1.1,32.27,0,0,18-24,Postpaid_Unlimited,Mid_Range,3G,2026-06-18
SUB5384077,0.86,1.72,0.09,0.13,17.2,0,0,25-34,Postpaid_Premium,Basic_Phone,4G+,2026-06-08
SUB2129775,0.58,0.64,0.29,0.02,36.06,0,0,35-44,Prepaid_Monthly,Mid_Range,4G,2026-06-11
SUB9125248,0.85,0.44,0.54,0.55,131.8,0,0,25-34,Prepaid_Daily,Premium_Smartphone,5G,2026-06-11
SUB3196916,0.09,1.08,0.07,0.0,6.66,0,0,45-54,Prepaid_Daily,Basic_Phone,3G,2026-06-15
SUB7241602,1.73,5.23,0.05,0.2,55.95,0,0,25-34,Postpaid_Basic,5G_Device,4G,2026-06-13
SUB2170933,0.07,3.55,2.41,2.39,116.59,1,0,35-44,Postpaid_Unlimited,5G_Device,4G,2026-06-19
SUB2391449,4.0,1.96,1.07,0.27,101.07,0,0,25-34,Postpaid_Premium,Premium_Smartphone,4G,2026-07-01
SUB3518929,0.38,0.72,0.02,0.04,90.33,0,0,35-44,Prepaid_Monthly,Premium_Smartphone,4G+,2026-06-28
SUB7604168,1.54,3.84,0.12,1.63,155.08,0,1,35-44,Postpaid_Basic,Premium_Smartphone,5G,2026-06-19
SUB1859734,0.95,5.41,0.17,0.61,65.18,0,0,18-24,Postpaid_Unlimited,Mid_Range,4G+,2026-07-02
SUB6207188,4.39,2.75,0.75,0.15,72.38,0,0,25-34,Postpaid_Basic,Mid_Range,5G,2026-06-10
SUB9242580,3.37,1.31,2.57,1.35,81.41,0,0,18-24,Postpaid_Unlimited,Premium_Smartphone,4G,2026-06-24
SUB2872154,0.34,0.76,0.5,0.44,121.89,0,1,25-34,Prepaid_Daily,5G_Device,4G,2026-06-10
SUB8904617,1.58,6.0,1.0,1.69,123.11,1,1,35-44,Postpaid_Premium,5G_Device,5G,2026-06-22
SUB1913605,1.22,1.92,0.15,0.43,49.53,0,0,18-24,Postpaid_Basic,5G_Device,3G,2026-06-20
SUB4009526,0.8,1.47,0.71,0.05,100.42,0,0,55+,Postpaid_Premium,Tablet,4G+,2026-06-27
SUB9405547,0.18,4.37,0.09,1.51,101.93,1,1,25-34,Postpaid_Basic,Mid_Range,5G,2026-06-19
SUB3032656,0.08,0.48,0.02,0.07,54.27,0,0,55+,Prepaid_Daily,Mid_Range,5G,2026-06-28
SUB7490750,5.77,0.24,0.22,0.2,106.71,0,1,18-24,Prepaid_Daily,Mid_Range,5G,2026-06-23
SUB8221626,1.44,0.84,0.84,0.37,116.72,0,0,55+,Postpaid_Unlimited,Premium_Smartphone,5G,2026-06-16
SUB7353575,0.81,0.82,0.53,1.27,32.25,0,1,18-24,Prepaid_Monthly,Mid_Range,3G,2026-06-20
SUB7982137,5.06,1.74,3.4,2.54,75.52,0,0,25-34,Postpaid_Unlimited,5G_Device,4G,2026-07-06
SUB4289986,0.79,2.99,0.42,0.95,95.46,1,1,55+,Postpaid_Premium,Premium_Smartphone,4G,2026-06-21
SUB6652555,5.54,0.76,0.46,0.48,92.35,1,0,18-24,Prepaid_Monthly,Premium_Smartphone,4G,2026-07-01
SUB6198054,1.46,0.77,0.12,0.01,23.24,0,1,18-24,Postpaid_Unlimited,Basic_Phone,4G+,2026-06-09
SUB8269623,0.56,0.82,0.25,0.06,19.28,0,0,45-54,Postpaid_Premium,Mid_Range,3G,2026-07-03
SUB2854165,2.64,0.46,0.21,0.16,50.07,0,0,35-44,Prepaid_Monthly,Mid_Range,4G+,2026-06-25
SUB1377224,0.51,0.61,0.06,0.22,64.12,0,0,25-34,Prepaid_Daily,Tablet,4G,2026-06-30
SUB5453722,8.0,6.0,2.82,1.24,84.71,1,1,18-24,Postpaid_Unlimited,Mid_Range,4G,2026-06-11
SUB7321136,3.17,6.0,1.82,1.93,140.21,1,1,35-44,Postpaid_Premium,Premium_Smartphone,4G,2026-06-17
SUB9623041,5.12,4.47,0.32,1.36,154.32,1,0,18-24,Postpaid_Premium,Tablet,5G,2026-06-29
SUB1364446,0.59,0.55,0.1,0.0,74.62,1,0,55+,Postpaid_Premium,Mid_Range,5G,2026-06-29
SUB7759072,0.95,0.28,1.02,0.07,31.66,0,0,35-44,Prepaid_Monthly,Mid_Range,4G,2026-06-27
SUB1448934,2.87,6.0,0.46,0.25,97.78,0,0,35-44,Postpaid_Unlimited,Premium_Smartphone,5G,2026-06-08
SUB3657885,1.5,0.5,0.31,0.01,78.56,0,0,18-24,Prepaid_Daily,Premium_Smartphone,4G,2026-06-07
SUB6242029,3.23,1.06,0.24,0.11,119.93,0,0,45-54,Prepaid_Monthly,5G_Device,5G,2026-06-21
SUB6772964,0.4,1.07,0.1,0.09,48.0,0,0,25-34,Prepaid_Daily,Basic_Phone,5G,2026-06-26
SUB6644219,0.51,0.36,0.13,0.09,79.13,1,0,45-54,Prepaid_Daily,Mid_Range,5G,2026-07-06
SUB7955038,0.12,0.55,1.02,0.02,23.25,0,0,25-34,Postpaid_Basic,Mid_Range,3G,2026-06-17
SUB2942120,1.65,1.17,0.17,0.16,61.75,1,1,45-54,Prepaid_Daily,Premium_Smartphone,3G,2026-06-28
SUB9094566,0.56,0.45,0.03,0.05,27.69,0,0,35-44,Prepaid_Daily,Basic_Phone,5G,2026-06-18
SUB8311460,1.13,3.47,0.1,0.03,89.3,0,0,18-24,Prepaid_Monthly,Premium_Smartphone,4G,2026-06-18
SUB8863353,2.15,6.0,0.92,0.83,132.7,1,0,25-34,Postpaid_Premium,Premium_Smartphone,5G,2026-06-30
SUB7710660,0.73,1.07,0.31,0.12,49.69,0,0,18-24,Postpaid_Basic,Premium_Smartphone,3G,2026-06-24
SUB1821939,0.91,2.61,0.27,0.46,73.44,0,0,25-34,Postpaid_Basic,Mid_Range,5G,2026-07-01
SUB4637588,0.45,2.62,0.02,1.38,97.1,0,1,25-34,Postpaid_Premium,Premium_Smartphone,3G,2026-06-21
SUB8470396,8.0,2.02,1.83,0.67,85.37,1,0,25-34,Postpaid_Basic,5G_Device,4G,2026-06-25
SUB9163365,0.1,0.57,0.02,0.54,63.58,0,0,35-44,Prepaid_Monthly,Mid_Range,4G+,2026-06-08
SUB4614705,1.72,1.11,1.42,0.24,50.17,1,0,35-44,Postpaid_Unlimited,Mid_Range,3G,2026-06-13
SUB3500120,5.84,2.83,0.11,1.88,97.23,1,0,18-24,Prepaid_Daily,Premium_Smartphone,4G,2026-06-16
SUB4932613,0.47,0.14,0.03,0.05,95.34,0,0,45-54,Prepaid_Monthly,Premium_Smartphone,4G,2026-06-28
SUB5055032,0.55,0.28,0.45,0.47,67.45,0,1,55+,Postpaid_Basic,Mid_Range,4G+,2026-06-17
SUB6881344,4.58,4.08,0.78,0.08,133.96,1,1,25-34,Postpaid_Premium,Premium_Smartphone,4G,2026-07-05
SUB3196274,3.4,3.95,0.74,1.12,68.33,1,0,18-24,Postpaid_Premium,Mid_Range,5G,2026-07-04
SUB3429700,0.75,0.42,0.5,0.49,84.06,0,0,25-34,Prepaid_Daily,Mid_Range,5G,2026-07-05
SUB6586956,1.28,2.11,2.26,0.27,43.67,0,1,35-44,Postpaid_Premium,Mid_Range,4G,2026-07-02
SUB5096920,4.72,0.58,2.34,1.04,66.45,0,0,35-44,Postpaid_Premium,5G_Device,4G,2026-07-02
SUB8557944,1.25,1.2,0.4,0.29,176.83,1,1,35-44,Prepaid_Monthly,5G_Device,4G,2026-06-15
SUB7015346,0.33,2.09,0.58,0.5,52.34,0,0,18-24,Prepaid_Daily,Mid_Range,5G,2026-07-01
SUB4501661,0.12,0.82,0.04,0.01,23.6,1,0,45-54,Postpaid_Premium,Basic_Phone,4G,2026-06-17
SUB8872277,0.18,0.36,0.0,0.08,18.54,0,0,25-34,Prepaid_Monthly,Basic_Phone,4G,2026-06-29
SUB3604902,0.34,1.28,0.43,1.12,58.25,1,0,18-24,Prepaid_Daily,Mid_Range,5G,2026-06-12
SUB1398008,0.88,0.99,2.44,0.24,119.97,0,1,18-24,Prepaid_Monthly,5G_Device,4G,2026-06-27
SUB7080898,0.07,1.25,0.06,0.21,30.98,0,0,25-34,Prepaid_Daily,Mid_Range,3G,2026-06-14
SUB6193595,1.14,0.31,0.15,0.12,35.85,0,0,35-44,Prepaid_Monthly,Mid_Range,4G+,2026-06-23
SUB4549651,1.22,2.08,0.12,1.53,71.48,0,1,35-44,Prepaid_Monthly,Mid_Range,5G,2026-07-06
SUB9029598,0.26,0.32,0.02,0.09,17.59,0,0,55+,Prepaid_Monthly,Mid_Range,3G,2026-06-14
SUB8867863,3.52,6.0,2.8,0.09,116.94,0,0,18-24,Postpaid_Unlimited,Premium_Smartphone,4G+,2026-06-12
SUB3796647,1.93,0.25,0.05,0.26,73.22,0,0,55+,Prepaid_Monthly,Premium_Smartphone,4G+,2026-06-21
SUB6802199,1.35,0.66,0.03,0.34,34.65,0,0,35-44,Postpaid_Basic,Mid_Range,3G,2026-06-30
SUB1174001,0.37,3.51,2.44,0.17,43.42,0,1,25-34,Postpaid_Unlimited,Mid_Range,4G,2026-06-29
SUB6570771,0.83,5.07,0.47,0.31,88.8,0,0,45-54,Postpaid_Unlimited,Premium_Smartphone,5G,2026-06-17
SUB1065867,2.19,0.7,0.6,0.32,120.53,0,0,35-44,Prepaid_Monthly,5G_Device,4G+,2026-06-11
SUB1088780,1.36,0.5,0.27,0.04,25.63,1,0,25-34,Prepaid_Monthly,Basic_Phone,5G,2026-07-05
SUB8397228,0.3,0.37,0.0,0.04,15.32,0,1,45-54,Postpaid_Basic,Basic_Phone,4G,2026-06-18
SUB3695145,1.69,0.4,0.3,0.37,29.59,0,1,35-44,Postpaid_Unlimited,Mid_Range,3G,2026-06-13
SUB3941478,0.71,0.94,0.01,0.53,102.67,1,1,35-44,Prepaid_Daily,Mid_Range,4G,2026-06-13
SUB7792109,0.31,0.12,0.04,0.42,45.65,1,0,45-54,Prepaid_Monthly,Mid_Range,3G,2026-06-12
SUB4767263,0.23,0.13,0.15,0.0,25.16,0,0,25-34,Postpaid_Premium,Basic_Phone,4G,2026-06-24
SUB5195031,1.26,0.52,1.2,0.87,83.82,0,0,35-44,Prepaid_Monthly,Mid_Range,5G,2026-06-25
SUB5084591,3.81,1.34,0.31,0.15,38.68,0,0,35-44,Postpaid_Premium,Mid_Range,4G,2026-07-03
SUB2414119,0.09,0.28,0.26,0.43,27.6,0,1,25-34,Postpaid_Premium,Basic_Phone,4G,2026-06-27
SUB6354993,0.13,0.75,0.17,0.04,69.3,0,0,18-24,Prepaid_Monthly,Premium_Smartphone,4G+,2026-06-25
SUB2268182,1.94,0.63,0.33,0.12,109.23,1,0,45-54,Prepaid_Monthly,Premium_Smartphone,4G,2026-06-25
SUB9779340,2.09,2.42,0.85,0.07,46.94,0,0,18-24,Postpaid_Basic,Mid_Range,4G,2026-06-26
SUB3570746,0.97,1.2,3.89,0.68,73.86,0,0,35-44,Postpaid_Premium,Premium_Smartphone,4G,2026-06-17
SUB3251743,1.24,0.93,0.24,0.1,62.09,0,0,55+,Postpaid_Premium,Premium_Smartphone,4G,2026-06-30
SUB7194702,8.0,6.0,3.35,0.59,163.83,1,0,25-34,Postpaid_Premium,Tablet,5G,2026-07-03
SUB4120452,1.36,1.51,2.7,0.2,157.68,0,1,18-24,Prepaid_Daily,5G_Device,4G+,2026-06-18
SUB6615829,0.39,1.43,0.39,0.25,112.81,0,1,18-24,Postpaid_Premium,Premium_Smartphone,4G,2026-06-28
SUB7147401,1.11,2.0,0.21,0.12,155.16,0,0,35-44,Postpaid_Basic,5G_Device,5G,2026-06-12
SUB7304721,0.73,0.9,0.16,1.01,81.85,0,1,55+,Postpaid_Basic,Premium_Smartphone,3G,2026-06-29
SUB8738672,1.78,0.57,0.59,0.46,64.85,1,0,25-34,Prepaid_Monthly,Mid_Range,4G,2026-06-18
SUB7615492,0.98,1.1,0.1,0.55,30.59,0,0,18-24,Postpaid_Premium,Mid_Range,4G,2026-06-16
SUB1318774,1.2,3.13,0.18,0.64,50.48,0,0,35-44,Postpaid_Premium,Mid_Range,4G+,2026-06-15
SUB8561743,0.36,0.52,0.04,0.06,35.72,0,0,35-44,Postpaid_Basic,Basic_Phone,4G,2026-06-30
SUB9875234,0.13,0.5,1.94,1.76,38.01,0,0,25-34,Postpaid_Unlimited,Mid_Range,4G,2026-06-07
SUB4023871,0.08,0.27,0.24,0.34,76.98,0,0,35-44,Prepaid_Daily,Mid_Range,5G,2026-06-18
SUB5849617,1.6,1.31,0.09,0.1,54.02,0,0,25-34,Prepaid_Monthly,Tablet,3G,2026-06-10
SUB1611868,0.77,4.0,0.01,0.25,41.24,1,1,45-54,Postpaid_Basic,Basic_Phone,5G,2026-07-01
SUB5533910,3.33,2.81,4.0,0.06,64.68,1,0,25-34,Postpaid_Unlimited,Premium_Smartphone,3G,2026-06-07
SUB7929140,1.68,1.81,2.1,0.22,98.05,1,0,25-34,Prepaid_Daily,5G_Device,4G,2026-06-30
SUB2407757,1.31,0.31,0.41,0.08,127.03,0,1,45-54,Prepaid_Monthly,Premium_Smartphone,5G,2026-06-28
SUB4456800,1.31,3.56,0.53,1.08,89.39,0,0,25-34,Postpaid_Unlimited,Premium_Smartphone,4G,2026-06-25
SUB2138452,5.56,0.83,0.33,0.34,103.31,1,0,25-34,Postpaid_Unlimited,Premium_Smartphone,4G+,2026-07-05
SUB9109334,0.19,1.28,0.28,0.01,34.68,0,0,55+,Postpaid_Unlimited,Mid_Range,4G,2026-06-16
SUB8727160,0.63,0.45,0.04,0.28,64.79,0,0,35-44,Prepaid_Monthly,Mid_Range,4G,2026-06-30
SUB5554704,1.98,4.0,0.35,0.47,79.73,0,0,18-24,Postpaid_Premium,5G_Device,4G,2026-06-17
SUB3288013,0.09,0.1,0.09,0.25,29.39,0,0,35-44,Postpaid_Basic,Basic_Phone,4G+,2026-07-03
SUB9262236,3.56,0.38,0.15,0.28,125.22,1,0,45-54,Postpaid_Basic,5G_Device,4G,2026-06-21
SUB3348818,1.13,0.44,0.91,0.24,63.45,1,0,35-44,Prepaid_Monthly,Mid_Range,4G+,2026-07-01
SUB4415398,0.36,3.4,0.13,0.13,116.08,0,0,18-24,Postpaid_Premium,Premium_Smartphone,5G,2026-07-01
SUB5822455,2.29,4.91,0.48,0.84,161.29,1,0,35-44,Prepaid_Monthly,Premium_Smartphone,5G,2026-06-18
SUB4344849,1.82,0.31,0.08,0.45,114.8,0,0,35-44,Prepaid_Monthly,Tablet,4G+,2026-06-09
SUB9724118,0.44,1.71,0.02,2.73,43.99,0,0,45-54,Postpaid_Basic,Mid_Range,4G,2026-06-28
SUB4201824,0.48,0.32,0.01,0.04,69.56,0,0,18-24,Prepaid_Monthly,Tablet,5G,2026-06-20
SUB6051921,1.3,4.51,3.53,0.21,54.86,0,1,35-44,Prepaid_Monthly,Mid_Range,4G,2026-06-09
SUB9438856,2.64,3.82,0.23,0.6,103.52,0,1,18-24,Prepaid_Monthly,Premium_Smartphone,5G,2026-06-20
SUB6448608,1.19,4.34,1.05,0.47,102.49,1,0,35-44,Postpaid_Premium,Premium_Smartphone,4G,2026-06-29
SUB5065183,0.04,0.32,0.13,0.16,47.39,0,1,55+,Prepaid_Monthly,Basic_Phone,5G,2026-06-27
SUB1240346,5.89,6.0,0.4,2.66,200.0,1,1,18-24,Postpaid_Premium,Premium_Smartphone,5G,2026-06-18
SUB5236258,0.53,4.64,0.18,0.24,77.06,0,0,25-34,Postpaid_Premium,Mid_Range,5G,2026-06-26
SUB2796641,1.06,1.24,0.01,0.28,40.82,0,0,35-44,Postpaid_Premium,Mid_Range,3G,2026-07-01
SUB9651347,0.8,0.55,1.15,0.33,192.67,0,1,35-44,Postpaid_Basic,5G_Device,5G,2026-06-21
SUB6807811,0.28,6.0,0.12,3.34,83.49,1,1,25-34,Postpaid_Premium,5G_Device,3G,2026-06-26
SUB8594825,0.47,0.49,0.24,0.48,64.6,0,0,35-44,Prepaid_Daily,Premium_Smartphone,4G+,2026-06-10
SUB3421961,0.22,3.0,0.06,0.5,32.46,1,0,45-54,Prepaid_Monthly,Premium_Smartphone,3G,2026-06-09
SUB1268116,1.97,1.23,1.36,0.01,163.32,1,0,35-44,Postpaid_Premium,Premium_Smartphone,5G,2026-06-12
SUB4423754,7.87,3.3,0.69,2.14,89.74,0,0,35-44,Postpaid_Unlimited,5G_Device,4G,2026-06-12
SUB2770330,2.09,1.99,0.61,0.63,158.0,0,1,25-34,Prepaid_Daily,Tablet,5G,2026-06-24
SUB5658575,0.51,0.1,0.7,0.05,64.99,0,0,55+,Postpaid_Basic,Premium_Smartphone,4G,2026-06-29
SUB4824857,0.9,4.85,0.92,0.03,56.95,0,0,25-34,Postpaid_Unlimited,Mid_Range,5G,2026-06-10
SUB9753373,0.85,0.81,0.0,1.37,30.36,0,0,18-24,Postpaid_Unlimited,Mid_Range,3G,2026-06-08
SUB1012879,0.22,0.53,0.12,0.0,60.97,0,0,25-34,Prepaid_Daily,Mid_Range,4G+,2026-07-06
SUB9946694,2.47,0.49,0.76,0.04,63.24,0,1,35-44,Postpaid_Basic,5G_Device,3G,2026-06-19
SUB5895737,0.53,1.0,0.22,0.06,106.72,0,0,45-54,Prepaid_Daily,Tablet,4G+,2026-06-08
SUB6580815,3.86,1.84,1.52,1.11,64.42,0,0,18-24,Postpaid_Premium,Premium_Smartphone,4G,2026-06-10
SUB4999143,0.83,0.84,0.44,0.39,74.59,0,0,45-54,Prepaid_Monthly,Tablet,4G,2026-06-11
SUB5682251,0.38,0.37,0.24,0.15,72.44,0,0,45-54,Postpaid_Premium,Mid_Range,5G,2026-06-18
SUB7949666,0.87,4.39,1.15,6.0,180.08,0,1,35-44,Postpaid_Unlimited,Premium_Smartphone,5G,2026-06-25
SUB9548080,2.26,1.94,0.21,1.3,179.54,0,1,45-54,Postpaid_Unlimited,Premium_Smartphone,5G,2026-06-14
SUB3091028,0.6,1.31,0.46,2.88,70.45,0,1,18-24,Postpaid_Unlimited,Premium_Smartphone,3G,2026-07-03
SUB3895537,3.49,2.25,0.69,0.26,103.0,0,0,18-24,Prepaid_Monthly,Premium_Smartphone,4G+,2026-06-22
SUB3727850,0.39,0.59,0.15,0.28,69.94,0,0,45-54,Prepaid_Daily,Mid_Range,5G,2026-06-20
SUB4300335,0.98,3.78,1.01,0.02,66.67,0,0,25-34,Postpaid_Basic,Premium_Smartphone,4G,2026-07-04
SUB2779472,6.88,2.93,0.99,0.4,86.54,0,1,18-24,Postpaid_Basic,Premium_Smartphone,4G,2026-06-25
SUB4613983,0.4,0.74,0.24,0.17,76.48,0,0,35-44,Prepaid_Daily,5G_Device,4G,2026-07-03
SUB6495592,0.29,1.11,0.04,0.41,116.49,1,0,45-54,Prepaid_Monthly,Premium_Smartphone,4G,2026-06-09
SUB7110341,2.17,0.84,0.09,0.64,33.94,0,1,35-44,Postpaid_Unlimited,Mid_Range,3G,2026-06-14
SUB4149783,6.31,1.45,0.29,0.12,134.31,1,0,25-34,Postpaid_Unlimited,Premium_Smartphone,4G+,2026-06-09
SUB8334291,0.41,0.28,0.06,0.81,64.13,1,0,25-34,Prepaid_Monthly,Mid_Range,4G,2026-06-08
SUB3326168,0.98,0.16,0.7,0.06,64.05,0,1,45-54,Prepaid_Monthly,Mid_Range,5G,2026-06-25
SUB7951740,2.24,1.61,0.18,0.11,66.15,0,0,18-24,Postpaid_Basic,Premium_Smartphone,4G,2026-06-12
SUB5141314,1.96,3.17,0.38,1.63,38.3,0,1,18-24,Postpaid_Unlimited,Mid_Range,3G,2026-06-12
SUB5286419,2.23,0.82,0.67,0.02,81.66,0,1,25-34,Postpaid_Basic,Premium_Smartphone,3G,2026-06-12
SUB5010086,0.73,2.31,0.03,1.44,60.82,0,0,35-44,Postpaid_Unlimited,Mid_Range,4G+,2026-06-22
SUB1482870,0.59,0.22,0.24,0.14,7.2,0,0,25-34,Postpaid_Premium,Basic_Phone,3G,2026-06-24
SUB6313280,1.5,0.55,0.46,1.44,31.11,0,1,25-34,Postpaid_Unlimited,Mid_Range,3G,2026-07-05
SUB8963845,0.27,0.65,0.08,0.65,34.84,1,0,18-24,Postpaid_Premium,Mid_Range,3G,2026-07-01
SUB6991342,0.41,1.19,0.58,0.02,23.54,0,1,18-24,Postpaid_Unlimited,Basic_Phone,4G,2026-06-15
SUB7433230,1.64,2.37,0.67,3.26,42.31,0,0,25-34,Postpaid_Premium,Mid_Range,4G+,2026-06-29
SUB8184620,0.91,0.34,0.31,0.28,93.29,1,0,25-34,Prepaid_Monthly,Mid_Range,4G+,2026-07-06
SUB5209689,0.13,0.47,0.19,0.07,44.8,0,0,35-44,Prepaid_Monthly,Mid_Range,3G,2026-06-22
SUB9135800,2.16,1.58,0.09,0.04,43.0,0,0,25-34,Postpaid_Unlimited,Mid_Range,3G,2026-06-14
SUB5152109,0.02,0.68,0.28,0.43,90.41,0,0,25-34,Prepaid_Daily,Mid_Range,5G,2026-07-02
SUB3605822,0.38,0.33,0.03,0.07,15.62,0,0,25-34,Prepaid_Monthly,Basic_Phone,4G,2026-06-25
SUB1117369,2.68,0.53,0.07,1.23,50.34,1,0,25-34,Postpaid_Premium,Basic_Phone,5G,2026-06-21
SUB7380858,5.94,4.55,3.2,3.32,105.11,0,1,18-24,Postpaid_Premium,Premium_Smartphone,4G,2026-06-30
SUB3350876,0.07,0.59,0.25,0.07,55.04,0,0,18-24,Prepaid_Daily,Mid_Range,4G,2026-06-25
SUB8031401,3.23,2.28,0.3,0.27,76.33,0,0,25-34,Postpaid_Basic,Premium_Smartphone,3G,2026-06-10
SUB9169183,0.6,0.16,0.01,0.04,55.14,0,0,55+,Postpaid_Basic,Mid_Range,4G+,2026-06-12
SUB4619047,0.6,2.76,0.53,0.48,73.87,1,0,25-34,Prepaid_Monthly,Tablet,4G,2026-06-11
SUB3867695,0.79,0.67,0.03,0.94,41.11,0,0,55+,Postpaid_Unlimited,Mid_Range,4G,2026-06-21
SUB6347006,2.83,1.62,0.68,0.63,77.27,0,0,25-34,Postpaid_Premium,Premium_Smartphone,4G,2026-06-09
SUB2650522,1.5,2.72,0.2,0.06,50.5,0,1,25-34,Postpaid_Unlimited,Mid_Range,4G,2026-06-12
SUB6408792,0.2,0.3,0.09,0.02,38.13,0,0,45-54,Prepaid_Daily,Premium_Smartphone,3G,2026-07-04
SUB6242042,0.89,2.12,0.11,0.21,68.27,1,0,18-24,Prepaid_Monthly,Premium_Smartphone,3G,2026-07-02
SUB7060319,0.16,5.1,2.29,0.14,46.76,0,0,18-24,Postpaid_Premium,Mid_Range,4G+,2026-06-12
SUB8971153,0.09,0.2,0.04,0.27,28.13,0,0,55+,Prepaid_Monthly,Mid_Range,4G,2026-06-29
SUB1907153,8.0,1.72,1.11,0.29,85.61,1,1,25-34,Prepaid_Monthly,Tablet,4G,2026-06-11
SUB3714660,8.0,4.7,0.66,6.0,161.07,1,1,18-24,Postpaid_Unlimited,5G_Device,4G+,2026-07-01
SUB6824648,8.0,6.0,0.8,0.68,179.74,0,1,18-24,Postpaid_Unlimited,Premium_Smartphone,5G,2026-06-27
SUB2923298,0.27,0.51,0.7,0.02,186.81,1,0,55+,Postpaid_Basic,5G_Device,5G,2026-06-29
SUB4625279,0.63,0.42,0.0,0.07,24.13,0,0,45-54,Postpaid_Basic,Basic_Phone,5G,2026-06-12
SUB9910005,1.01,1.08,0.66,0.03,153.0,1,0,25-34,Prepaid_Daily,Premium_Smartphone,5G,2026-06-11
SUB1792425,0.25,3.58,0.09,0.01,36.34,0,0,18-24,Postpaid_Unlimited,Mid_Range,4G,2026-06-16
SUB4110997,2.32,4.46,0.05,1.03,148.39,0,0,45-54,Postpaid_Premium,Premium_Smartphone,5G,2026-06-16
SUB6336530,0.4,1.03,0.09,1.24,60.97,0,0,25-34,Prepaid_Daily,5G_Device,3G,2026-06-12
SUB2566772,0.21,0.19,0.01,0.06,8.31,0,0,25-34,Prepaid_Daily,Basic_Phone,3G,2026-06-21
SUB4001179,4.57,1.81,0.65,0.85,92.93,1,0,35-44,Postpaid_Premium,Premium_Smartphone,4G,2026-06-11
SUB1052066,0.18,0.38,0.01,0.41,72.86,0,0,25-34,Prepaid_Daily,Mid_Range,5G,2026-06-17
SUB3471146,5.27,2.01,0.82,0.36,61.65,0,0,35-44,Postpaid_Unlimited,Mid_Range,4G+,2026-06-11
SUB6259018,1.03,0.51,0.57,6.0,193.38,1,1,45-54,Postpaid_Unlimited,5G_Device,5G,2026-06-13
SUB7410014,0.71,1.38,0.58,0.03,108.31,0,1,45-54,Postpaid_Unlimited,5G_Device,4G,2026-06-27
SUB9647088,0.68,1.17,0.22,0.66,34.63,1,0,25-34,Postpaid_Premium,Basic_Phone,4G,2026-07-03
SUB7729199,2.4,2.09,2.37,0.82,150.42,0,1,25-34,Postpaid_Basic,Premium_Smartphone,5G,2026-06-11
SUB6514214,0.29,2.17,0.15,1.05,81.72,1,0,25-34,Prepaid_Daily,Mid_Range,5G,2026-06-09
SUB9218723,3.92,3.05,3.46,1.07,52.57,0,1,25-34,Postpaid_Premium,Mid_Range,4G,2026-06-20
SUB5183005,5.98,1.9,0.12,0.12,95.05,1,0,25-34,Prepaid_Monthly,5G_Device,4G,2026-06-27
SUB9051090,0.22,0.97,0.06,0.06,34.13,1,1,25-34,Postpaid_Basic,Basic_Phone,5G,2026-06-19
SUB5171364,0.48,0.19,0.08,0.04,29.64,1,1,18-24,Prepaid_Monthly,Basic_Phone,3G,2026-06-29
SUB7417060,2.07,0.61,0.1,0.0,44.85,1,0,18-24,Prepaid_Monthly,Mid_Range,4G,2026-07-06
SUB6362204,3.81,2.2,1.2,0.16,99.58,1,1,25-34,Prepaid_Monthly,Mid_Range,5G,2026-06-19
SUB3573937,0.1,0.84,0.21,0.23,15.64,1,0,35-44,Postpaid_Premium,Basic_Phone,4G,2026-07-03
SUB5197739,2.86,1.08,0.6,0.06,67.21,0,0,35-44,Prepaid_Monthly,Premium_Smartphone,3G,2026-06-07
SUB4305742,1.01,1.62,1.19,0.02,50.64,0,0,25-34,Prepaid_Monthly,Mid_Range,4G+,2026-06-07
SUB8006451,1.15,1.33,0.45,0.59,96.86,1,0,35-44,Prepaid_Monthly,Mid_Range,5G,2026-06-09
SUB2470851,1.09,0.89,0.03,0.06,45.44,0,0,35-44,Prepaid_Daily,Mid_Range,4G,2026-06-08
SUB1712917,2.26,0.39,0.23,0.01,62.63,0,0,25-34,Postpaid_Unlimited,Mid_Range,4G,2026-06-25
SUB3936598,1.61,2.93,0.64,1.03,48.32,0,1,18-24,Postpaid_Basic,Mid_Range,4G,2026-07-02
SUB8766074,0.04,0.61,0.09,0.21,51.5,0,0,25-34,Prepaid_Daily,Mid_Range,4G,2026-06-29
SUB5486745,2.64,2.39,0.52,1.0,50.41,0,0,25-34,Prepaid_Monthly,Mid_Range,5G,2026-07-03
SUB7859634,0.67,0.27,0.12,6.0,19.13,0,0,18-24,Postpaid_Unlimited,Basic_Phone,4G,2026-06-19
SUB7574922,0.33,0.89,0.1,0.1,79.45,0,0,55+,Postpaid_Basic,Mid_Range,5G,2026-06-28
SUB3700993,1.22,1.77,0.41,0.43,122.45,0,0,25-34,Prepaid_Monthly,Premium_Smartphone,4G+,2026-06-23
SUB5007324,0.2,0.12,0.14,0.02,25.05,0,0,35-44,Prepaid_Monthly,Basic_Phone,4G,2026-06-28
SUB4515530,0.97,0.17,0.73,2.37,58.32,1,1,25-34,Prepaid_Monthly,Mid_Range,3G,2026-06-08
SUB9203492,1.21,2.13,0.13,0.09,109.34,0,1,18-24,Prepaid_Daily,Premium_Smartphone,5G,2026-06-11
SUB1641462,5.8,0.31,0.65,1.53,115.53,0,1,18-24,Postpaid_Premium,Tablet,5G,2026-06-11
SUB7437885,0.78,1.22,0.48,0.71,60.54,0,0,35-44,Prepaid_Monthly,5G_Device,3G,2026-06-30
SUB3327089,3.3,3.0,0.42,0.04,84.73,0,1,18-24,Postpaid_Premium,5G_Device,4G,2026-07-01
SUB1544653,5.21,6.0,0.47,2.76,200.0,1,1,18-24,Postpaid_Basic,5G_Device,5G,2026-06-27
SUB6506761,0.34,0.18,0.0,0.05,81.04,0,0,55+,Prepaid_Daily,Premium_Smartphone,4G,2026-06-21
SUB1393186,6.19,3.21,0.65,1.97,112.38,1,1,25-34,Postpaid_Premium,5G_Device,4G,2026-06-13
SUB6972872,3.37,3.59,0.11,1.65,131.85,0,1,18-24,Prepaid_Monthly,Premium_Smartphone,4G,2026-07-03
SUB4755490,3.12,0.92,0.01,0.1,44.03,0,0,25-34,Postpaid_Premium,Mid_Range,4G+,2026-06-19
SUB8071422,0.64,3.1,0.67,0.02,47.22,0,0,35-44,Postpaid_Premium,Mid_Range,4G,2026-07-04
SUB4304299,8.0,1.99,0.78,0.59,82.81,1,0,25-34,Postpaid_Unlimited,Premium_Smartphone,4G,2026-06-20
SUB5959691,1.67,0.57,0.29,0.59,49.29,1,0,18-24,Prepaid_Daily,5G_Device,3G,2026-07-01
SUB7532930,4.12,1.37,0.54,0.51,58.72,1,0,25-34,Prepaid_Daily,Mid_Range,4G+,2026-07-01
SUB2750093,0.43,2.22,0.28,0.01,27.81,0,0,18-24,Postpaid_Basic,Basic_Phone,4G,2026-06-18
SUB7216631,1.24,4.32,1.09,0.1,154.86,0,1,35-44,Prepaid_Monthly,5G_Device,5G,2026-06-27
SUB2220682,0.95,0.73,0.24,0.05,79.66,1,0,35-44,Postpaid_Basic,Premium_Smartphone,3G,2026-06-17
SUB6243174,0.65,1.89,1.42,1.66,176.4,1,0,18-24,Prepaid_Daily,5G_Device,5G,2026-06-21
SUB6005332,2.48,1.33,0.13,1.91,104.92,0,0,25-34,Postpaid_Basic,Tablet,5G,2026-06-09
SUB3895018,0.19,0.18,0.86,0.05,31.71,0,0,25-34,Prepaid_Daily,Mid_Range,3G,2026-06-21
SUB7820399,0.22,0.13,0.03,0.2,28.79,1,0,35-44,Postpaid_Premium,Mid_Range,3G,2026-06-18
SUB1607317,4.25,1.7,2.18,1.77,52.21,1,1,25-34,Postpaid_Premium,Mid_Range,4G,2026-06-13
SUB6551252,0.98,1.35,0.39,0.09,74.46,0,0,25-34,Prepaid_Daily,5G_Device,4G,2026-07-03
SUB6579123,0.03,0.01,0.06,0.08,19.54,0,0,55+,Postpaid_Premium,Basic_Phone,5G,2026-06-16
SUB2693675,0.05,1.41,0.16,0.02,22.45,1,0,18-24,Prepaid_Monthly,Basic_Phone,3G,2026-07-05
SUB1974303,0.3,0.26,0.05,0.31,77.66,0,0,55+,Prepaid_Monthly,Mid_Range,5G,2026-06-21
SUB6211276,0.06,1.43,0.55,0.03,30.79,1,0,18-24,Prepaid_Daily,Mid_Range,4G,2026-07-05
SUB9709188,0.61,3.1,1.08,0.36,61.72,1,0,25-34,Postpaid_Premium,Mid_Range,4G,2026-06-12
SUB4253507,1.87,0.88,0.08,0.62,73.04,0,0,25-34,Prepaid_Monthly,5G_Device,3G,2026-06-14
SUB3876237,1.35,2.15,0.23,1.14,117.27,1,0,18-24,Prepaid_Daily,Premium_Smartphone,4G,2026-06-13
SUB4631047,3.38,3.31,0.07,6.0,108.97,0,1,18-24,Postpaid_Unlimited,5G_Device,4G,2026-06-29
SUB5973064,0.45,0.9,1.3,0.03,57.38,0,1,25-34,Prepaid_Monthly,Mid_Range,4G,2026-06-29
SUB7848120,0.66,0.64,0.12,0.3,52.83,0,0,55+,Postpaid_Unlimited,Premium_Smartphone,4G,2026-07-03
SUB1480674,6.63,2.0,0.03,0.29,185.92,0,1,25-34,Prepaid_Monthly,Premium_Smartphone,5G,2026-06-16
SUB6320804,1.64,6.0,1.45,1.99,92.0,0,1,35-44,Postpaid_Premium,Premium_Smartphone,4G+,2026-06-28
SUB5747924,1.52,4.14,0.55,0.62,107.88,1,1,35-44,Postpaid_Premium,Mid_Range,5G,2026-06-17
SUB7684601,6.26,2.55,1.4,0.92,71.89,0,0,35-44,Postpaid_Unlimited,Premium_Smartphone,4G+,2026-06-11
SUB8911057,0.54,2.83,1.89,0.06,98.89,1,0,35-44,Postpaid_Unlimited,Premium_Smartphone,4G+,2026-06-17
SUB9781664,0.49,0.18,0.13,0.12,22.92,0,0,25-34,Postpaid_Unlimited,Basic_Phone,4G,2026-06-29
SUB4612914,0.79,0.02,0.08,0.02,22.47,0,0,18-24,Prepaid_Monthly,Basic_Phone,4G,2026-07-06
SUB9571632,0.43,0.4,0.13,0.09,5.0,0,0,25-34,Postpaid_Premium,Basic_Phone,4G,2026-06-11
SUB3157098,4.19,1.9,0.35,0.06,35.55,0,1,18-24,Postpaid_Premium,Basic_Phone,4G,2026-06-13
SUB1944353,0.12,1.26,1.71,0.37,74.17,1,0,18-24,Prepaid_Daily,Mid_Range,4G+,2026-06-18
SUB6868555,8.0,4.02,0.21,0.13,42.51,1,0,18-24,Postpaid_Unlimited,Mid_Range,4G,2026-06-27
SUB2721742,0.04,0.22,0.18,0.03,70.08,0,0,55+,Postpaid_Basic,Mid_Range,5G,2026-06-10
SUB4295453,0.46,0.7,0.09,0.2,58.5,0,0,55+,Prepaid_Daily,Premium_Smartphone,4G,2026-06-23
SUB6870747,2.08,6.0,0.86,0.92,86.57,0,0,18-24,Prepaid_Monthly,Tablet,4G+,2026-06-15
SUB9229840,0.86,1.93,0.73,1.62,113.85,0,1,18-24,Postpaid_Basic,Mid_Range,5G,2026-06-25
SUB1304543,0.9,1.66,0.72,0.24,56.41,0,0,18-24,Postpaid_Basic,Mid_Range,4G,2026-06-16
SUB4112261,0.66,1.27,1.65,0.19,82.4,1,1,25-34,Postpaid_Basic,Premium_Smartphone,4G,2026-06-16
SUB2456498,8.0,2.47,0.06,1.33,117.56,0,1,18-24,Prepaid_Monthly,Premium_Smartphone,4G+,2026-06-13
SUB5713297,0.92,1.6,0.18,0.4,96.92,1,0,55+,Postpaid_Basic,Premium_Smartphone,4G+,2026-06-26
SUB7423841,3.71,1.86,0.03,0.57,108.68,0,0,18-24,Postpaid_Unlimited,Premium_Smartphone,5G,2026-06-16
SUB3238154,2.11,4.9,2.81,0.23,89.35,0,0,18-24,Prepaid_Monthly,Premium_Smartphone,5G,2026-06-13
SUB9391893,6.8,6.0,1.17,2.3,84.12,1,0,18-24,Postpaid_Basic,5G_Device,4G,2026-07-04
SUB3657303,0.06,0.42,0.04,0.04,75.13,1,0,55+,Prepaid_Monthly,Tablet,4G,2026-06-10
SUB6390656,1.8,0.59,0.02,0.09,155.49,0,1,55+,Prepaid_Daily,Premium_Smartphone,4G+,2026-06-29
SUB9324458,0.53,0.98,0.55,0.29,68.26,0,0,35-44,Postpaid_Basic,Tablet,3G,2026-06-15
SUB7663143,1.58,1.31,0.59,0.93,105.69,1,1,25-34,Prepaid_Daily,Premium_Smartphone,4G,2026-06-20
SUB1665979,0.84,1.32,1.85,0.02,102.81,0,1,18-24,Postpaid_Premium,Premium_Smartphone,4G,2026-07-06
SUB6446342,1.81,6.0,0.32,1.79,98.65,0,0,18-24,Postpaid_Premium,Premium_Smartphone,5G,2026-06-10
SUB1784278,2.14,6.0,0.3,0.45,153.87,0,1,25-34,Prepaid_Monthly,5G_Device,5G,2026-06-13
SUB9896161,0.07,0.51,1.01,0.87,97.44,0,0,45-54,Prepaid_Monthly,5G_Device,4G,2026-06-18
SUB8806421,2.26,1.72,0.52,0.44,52.33,0,0,25-34,Postpaid_Unlimited,Mid_Range,4G,2026-06-23
SUB5084457,0.38,0.46,0.39,0.75,100.95,0,1,25-34,Prepaid_Daily,Premium_Smartphone,4G,2026-06-13
SUB3470562,6.28,1.51,0.5,0.03,150.31,0,1,35-44,Postpaid_Basic,5G_Device,5G,2026-07-02
SUB8104627,0.1,1.53,0.51,2.46,90.25,0,1,18-24,Postpaid_Unlimited,Mid_Range,4G+,2026-06-27
SUB4798057,1.85,1.2,0.25,0.17,36.79,0,0,35-44,Postpaid_Unlimited,Mid_Range,4G,2026-06-17
SUB4198747,2.04,0.09,0.78,0.06,39.69,1,1,25-34,Postpaid_Basic,Mid_Range,3G,2026-06-25
SUB6476049,4.04,0.59,1.68,0.94,91.85,0,0,18-24,Prepaid_Monthly,Premium_Smartphone,5G,2026-06-10
SUB2902871,2.4,0.3,0.08,0.34,63.28,0,0,25-34,Prepaid_Daily,Premium_Smartphone,4G,2026-06-25
SUB2811049,0.08,0.12,0.02,0.07,63.46,0,0,55+,Prepaid_Daily,Mid_Range,4G,2026-06-29
SUB9734837,4.01,5.5,1.24,0.71,86.68,1,0,25-34,Postpaid_Premium,Premium_Smartphone,4G,2026-06-12
SUB5757812,2.05,1.38,0.38,1.73,131.6,0,0,25-34,Prepaid_Daily,5G_Device,5G,2026-06-10
SUB6758851,8.0,1.99,1.3,0.24,41.51,1,0,18-24,Postpaid_Unlimited,Mid_Range,4G,2026-07-02
SUB9468579,1.45,1.18,0.04,0.09,80.55,0,0,35-44,Postpaid_Basic,Mid_Range,4G+,2026-06-13
SUB5591901,4.13,1.03,0.49,0.9,131.99,1,1,45-54,Prepaid_Daily,5G_Device,4G,2026-06-21
SUB3849095,5.08,0.67,0.06,0.36,77.18,0,0,25-34,Prepaid_Monthly,5G_Device,4G,2026-06-07
SUB7779617,2.23,6.0,1.6,0.05,57.19,1,0,18-24,Postpaid_Basic,Mid_Range,4G,2026-06-26
SUB1846462,0.06,0.46,0.11,0.32,192.73,0,1,55+,Prepaid_Daily,Premium_Smartphone,5G,2026-06-16
SUB1723879,0.64,5.1,0.11,2.03,171.25,1,0,35-44,Postpaid_Premium,Premium_Smartphone,4G+,2026-06-21
SUB4332006,4.23,3.13,0.36,1.49,42.73,1,0,35-44,Postpaid_Unlimited,Mid_Range,4G,2026-06-27
SUB2619814,4.63,2.63,0.2,0.17,50.1,0,1,25-34,Postpaid_Unlimited,5G_Device,3G,2026-06-10
SUB2444315,3.92,1.9,0.43,2.39,73.71,0,0,18-24,Postpaid_Premium,Premium_Smartphone,4G,2026-06-30
SUB2502718,1.37,0.62,0.63,0.14,66.66,0,0,35-44,Postpaid_Unlimited,Premium_Smartphone,3G,2026-06-22
SUB3828340,0.69,6.0,0.42,1.18,73.65,0,1,25-34,Postpaid_Basic,Mid_Range,5G,2026-06-18
SUB2194737,4.49,4.62,0.14,0.75,99.88,0,0,25-34,Postpaid_Basic,5G_Device,5G,2026-06-15
SUB7696579,1.47,2.41,0.28,0.89,45.39,1,0,18-24,Postpaid_Premium,Mid_Range,4G,2026-06-09
SUB1398825,1.74,0.67,0.74,0.14,73.21,0,0,25-34,Prepaid_Monthly,Mid_Range,4G+,2026-06-20
SUB2885190,0.37,0.16,0.23,0.3,94.62,0,1,45-54,Prepaid_Daily,Mid_Range,5G,2026-06-19
SUB5695781,0.64,0.17,0.4,0.28,58.13,1,0,55+,Postpaid_Premium,Mid_Range,4G,2026-07-01
SUB6091995,4.31,1.32,0.07,0.02,41.67,0,0,18-24,Postpaid_Unlimited,5G_Device,3G,2026-06-12
SUB1230596,0.5,2.67,0.35,0.02,47.12,1,0,35-44,Postpaid_Basic,Mid_Range,4G,2026-06-26
SUB5993899,2.07,1.12,0.5,0.12,122.51,1,0,35-44,Postpaid_Basic,Premium_Smartphone,4G,2026-06-16
SUB5122990,3.69,0.34,1.26,0.09,98.3,0,0,45-54,Postpaid_Basic,5G_Device,4G,2026-06-21
SUB7497127,0.86,1.48,0.32,0.22,184.75,1,0,45-54,Postpaid_Basic,Premium_Smartphone,5G,2026-07-06
SUB1294358,0.35,0.53,0.54,0.02,47.72,0,1,55+,Prepaid_Monthly,Mid_Range,4G,2026-06-08
SUB8594902,1.08,0.57,0.16,0.14,63.17,0,0,55+,Postpaid_Unlimited,5G_Device,3G,2026-07-01
SUB8833276,0.19,2.5,0.4,1.05,81.74,0,0,18-24,Postpaid_Basic,Premium_Smartphone,5G,2026-07-05
SUB3873798,1.34,1.0,0.11,0.29,59.35,0,0,35-44,Prepaid_Daily,Mid_Range,5G,2026-06-15
SUB5721005,2.73,2.91,0.0,0.12,57.64,1,0,25-34,Postpaid_Premium,Mid_Range,4G+,2026-06-12
SUB5970345,3.37,2.08,0.09,0.19,65.71,0,0,18-24,Prepaid_Monthly,Premium_Smartphone,4G+,2026-06-16
SUB2247752,0.5,6.0,3.66,0.01,126.36,0,1,18-24,Postpaid_Premium,Premium_Smartphone,4G,2026-06-18
SUB5695154,1.29,3.11,0.15,0.01,87.26,0,0,18-24,Postpaid_Basic,Premium_Smartphone,4G,2026-07-02
SUB6357777,0.21,0.41,0.68,0.45,97.58,0,1,45-54,Postpaid_Premium,Mid_Range,4G+,2026-06-18
SUB6301288,4.07,0.71,0.48,3.39,159.96,1,1,25-34,Prepaid_Daily,Premium_Smartphone,4G+,2026-06-29
SUB1116908,0.22,0.1,0.12,0.02,31.53,1,0,45-54,Prepaid_Daily,Mid_Range,3G,2026-06-23
SUB3343145,2.35,0.62,0.38,0.07,57.55,1,1,35-44,Prepaid_Monthly,Mid_Range,4G,2026-07-02
SUB6846899,2.79,2.66,0.19,0.08,46.89,0,1,35-44,Postpaid_Premium,5G_Device,3G,2026-06-25
SUB7796877,0.34,1.25,1.95,0.09,85.47,0,1,25-34,Prepaid_Monthly,Mid_Range,5G,2026-06-20
SUB1851563,0.25,0.61,0.96,0.08,84.17,0,0,25-34,Prepaid_Monthly,Mid_Range,5G,2026-06-18
SUB6360678,8.0,3.69,1.78,0.33,121.99,0,1,25-34,Postpaid_Unlimited,5G_Device,5G,2026-07-05
SUB9626510,0.41,0.87,0.18,0.06,58.9,0,1,18-24,Prepaid_Monthly,Mid_Range,4G,2026-07-01
SUB7612303,6.36,2.64,0.63,0.07,58.3,0,0,45-54,Postpaid_Premium,Premium_Smartphone,4G,2026-06-13
SUB9127678,1.07,1.15,1.88,0.63,53.67,0,0,35-44,Postpaid_Premium,5G_Device,4G,2026-06-09
SUB9212803,0.37,1.5,0.06,0.57,47.76,0,1,18-24,Postpaid_Unlimited,Mid_Range,4G,2026-06-29
SUB9871058,4.32,6.0,4.0,0.25,92.78,0,0,45-54,Postpaid_Unlimited,5G_Device,4G+,2026-06-20
SUB6310074,0.55,6.0,0.69,1.38,60.32,1,0,18-24,Postpaid_Basic,5G_Device,3G,2026-06-19
SUB2519598,3.81,1.48,0.2,0.27,94.37,0,0,25-34,Postpaid_Premium,Premium_Smartphone,4G,2026-06-17
SUB3659232,0.96,4.74,0.89,0.11,86.97,1,0,35-44,Postpaid_Basic,Mid_Range,5G,2026-06-14
SUB1045807,3.63,6.0,0.03,1.21,119.58,1,1,18-24,Prepaid_Monthly,Tablet,4G,2026-07-03
SUB2435986,2.54,1.57,0.66,0.32,137.51,1,0,35-44,Prepaid_Monthly,Premium_Smartphone,4G+,2026-06-08
SUB1660501,2.67,1.15,0.19,0.02,103.1,1,0,35-44,Prepaid_Monthly,Premium_Smartphone,4G,2026-06-18
SUB2558274,2.64,6.0,0.35,1.07,174.3,1,0,35-44,Prepaid_Monthly,5G_Device,5G,2026-06-09
SUB5732369,2.29,1.01,1.43,3.99,133.29,1,1,18-24,Postpaid_Premium,Mid_Range,5G,2026-06-23
SUB3938287,5.3,2.07,0.08,0.7,97.02,1,1,25-34,Postpaid_Unlimited,Premium_Smartphone,3G,2026-06-20
SUB4764993,4.44,4.02,0.55,1.02,60.58,0,0,18-24,Postpaid_Unlimited,5G_Device,4G,2026-06-28
SUB1309963,0.03,0.2,0.18,0.1,43.16,1,0,55+,Prepaid_Monthly,Mid_Range,4G,2026-06-27
SUB5091701,4.05,3.19,0.53,0.33,108.73,1,1,18-24,Prepaid_Daily,5G_Device,4G,2026-06-11
SUB2183493,0.74,0.53,1.7,0.99,36.09,0,0,25-34,Postpaid_Premium,Mid_Range,4G,2026-06-19
SUB5741882,0.52,1.75,0.11,0.59,138.37,0,1,45-54,Prepaid_Monthly,Premium_Smartphone,4G+,2026-06-14
SUB5618219,1.98,2.16,0.04,0.29,144.8,1,1,45-54,Postpaid_Premium,Premium_Smartphone,4G,2026-07-03
SUB7466780,0.17,1.33,0.38,0.17,43.26,0,0,45-54,Postpaid_Premium,Mid_Range,4G,2026-06-30
SUB2551726,0.17,0.68,0.18,0.17,35.13,1,0,55+,Postpaid_Basic,Mid_Range,3G,2026-06-28
SUB5391649,1.52,2.0,1.72,1.3,110.03,0,1,25-34,Prepaid_Monthly,Premium_Smartphone,5G,2026-07-01
SUB3900203,0.37,1.59,0.13,0.56,161.49,0,1,25-34,Prepaid_Daily,Premium_Smartphone,4G+,2026-06-20
SUB2650870,3.07,2.1,0.09,0.92,103.14,1,0,18-24,Prepaid_Monthly,Premium_Smartphone,4G,2026-07-04
SUB8062215,0.71,3.88,1.09,0.43,66.09,1,0,18-24,Postpaid_Basic,5G_Device,3G,2026-06-10
SUB8559012,0.56,3.33,0.05,2.0,54.88,1,0,35-44,Postpaid_Unlimited,Mid_Range,4G,2026-06-19
SUB4620597,0.81,3.27,1.08,0.04,59.34,0,1,18-24,Prepaid_Daily,5G_Device,3G,2026-06-12
SUB6519803,0.2,0.37,0.03,0.05,9.51,0,1,35-44,Prepaid_Monthly,Basic_Phone,4G,2026-06-18
SUB6687136,0.79,0.95,0.44,0.17,61.11,0,1,18-24,Postpaid_Basic,Mid_Range,4G,2026-06-16
SUB8789573,0.17,0.59,0.21,0.0,24.19,0,0,25-34,Prepaid_Monthly,Basic_Phone,4G+,2026-06-16
SUB1667538,5.29,2.04,0.5,1.3,53.57,0,0,35-44,Postpaid_Unlimited,5G_Device,4G,2026-06-13
SUB5607455,8.0,3.48,0.36,0.21,200.0,1,1,25-34,Prepaid_Daily,Premium_Smartphone,4G+,2026-06-29
SUB3013338,3.04,6.0,1.25,0.46,43.95,0,0,35-44,Postpaid_Unlimited,Mid_Range,4G,2026-06-30
SUB5872691,0.22,0.21,1.79,0.46,127.95,1,1,55+,Postpaid_Unlimited,Premium_Smartphone,4G+,2026-06-25
SUB3062624,1.68,1.84,1.21,1.76,112.52,0,0,45-54,Postpaid_Unlimited,Premium_Smartphone,4G+,2026-06-13
SUB5261663,2.25,6.0,0.17,0.68,117.82,0,0,25-34,Prepaid_Daily,5G_Device,4G+,2026-07-01
SUB3300612,1.86,0.43,0.13,0.0,177.15,1,0,55+,Prepaid_Monthly,Premium_Smartphone,5G,2026-06-09
SUB5010768,7.08,1.9,0.6,2.48,33.56,1,1,18-24,Postpaid_Premium,Mid_Range,3G,2026-06-11
SUB2325831,1.02,2.11,0.15,0.21,49.55,0,0,35-44,Postpaid_Premium,Tablet,3G,2026-06-14
SUB8503416,3.53,6.0,0.08,3.74,172.65,0,1,18-24,Postpaid_Premium,Tablet,5G,2026-06-17
SUB2881397,0.49,0.36,1.55,0.04,50.23,1,1,18-24,Prepaid_Monthly,Basic_Phone,4G+,2026-06-27
SUB4911251,0.31,0.31,0.06,0.85,93.12,0,0,55+,Prepaid_Monthly,Premium_Smartphone,4G,2026-06-09
SUB4546434,1.71,2.42,0.31,0.04,120.87,1,1,25-34,Postpaid_Unlimited,Mid_Range,4G+,2026-06-14
SUB1762557,0.25,0.1,0.17,0.45,106.54,0,0,45-54,Prepaid_Daily,Premium_Smartphone,5G,2026-06-08
SUB6267382,0.71,1.73,0.47,0.27,55.59,1,0,25-34,Prepaid_Daily,Premium_Smartphone,3G,2026-06-14
SUB9167575,0.42,0.97,0.08,0.8,73.45,0,1,45-54,Prepaid_Daily,Mid_Range,4G,2026-06-09
SUB3719713,0.24,0.53,0.07,0.17,87.92,1,0,55+,Postpaid_Premium,Tablet,3G,2026-06-15
SUB9971541,1.25,1.22,0.01,0.04,43.61,0,1,25-34,Prepaid_Daily,Mid_Range,3G,2026-07-03
SUB8188106,5.87,2.01,2.21,1.27,175.0,1,0,35-44,Postpaid_Basic,Premium_Smartphone,5G,2026-06-26
SUB1321199,1.16,1.41,0.42,1.37,70.82,0,0,35-44,Prepaid_Monthly,5G_Device,4G,2026-06-19
SUB6362695,0.09,0.14,0.0,0.01,46.7,0,0,55+,Prepaid_Daily,Mid_Range,4G,2026-06-24
SUB4829994,0.3,4.41,0.68,0.36,74.93,1,0,25-34,Postpaid_Premium,Mid_Range,5G,2026-06-23
SUB3429488,1.0,1.3,0.06,0.0,105.1,1,0,35-44,Prepaid_Daily,Mid_Range,4G+,2026-07-01
SUB8392053,0.8,3.44,0.99,0.15,109.98,0,1,25-34,Prepaid_Monthly,5G_Device,4G,2026-06-28
SUB1029092,0.4,2.48,0.27,0.84,103.42,0,0,18-24,Postpaid_Basic,5G_Device,4G,2026-06-08
SUB6113050,1.83,1.81,0.16,0.3,71.11,0,0,18-24,Prepaid_Monthly,Mid_Range,4G+,2026-06-11
SUB8709019,0.53,0.91,0.15,0.04,32.34,1,0,35-44,Prepaid_Monthly,Basic_Phone,4G,2026-06-16
SUB1657191,0.87,2.67,1.28,0.12,27.11,0,0,45-54,Postpaid_Unlimited,Mid_Range,4G,2026-06-12
SUB1883435,3.64,5.05,2.85,6.0,111.4,0,1,25-34,Postpaid_Unlimited,Premium_Smartphone,4G+,2026-06-10
SUB5081534,2.09,1.53,0.49,0.68,43.38,0,0,35-44,Prepaid_Monthly,Premium_Smartphone,3G,2026-07-06
SUB9260768,0.56,0.56,0.63,0.14,102.85,1,1,35-44,Prepaid_Monthly,Mid_Range,4G,2026-07-02
SUB4509934,2.58,0.33,0.22,0.01,35.9,0,0,25-34,Prepaid_Monthly,Mid_Range,4G,2026-06-20
SUB8988597,0.37,1.21,0.2,0.17,56.92,0,0,55+,Postpaid_Unlimited,Premium_Smartphone,4G,2026-07-03
SUB1207580,0.7,0.67,0.19,0.07,45.06,0,1,25-34,Postpaid_Basic,Basic_Phone,5G,2026-06-10
SUB1769032,0.64,0.36,0.05,0.15,15.67,1,0,18-24,Prepaid_Daily,Basic_Phone,3G,2026-07-03
SUB4772380,3.05,1.84,0.1,0.49,55.66,0,1,18-24,Postpaid_Unlimited,Mid_Range,4G,2026-06-18
SUB9865465,2.79,0.35,0.05,0.09,96.21,1,0,45-54,Postpaid_Basic,Premium_Smartphone,5G,2026-06-24
SUB9399625,0.24,0.16,0.05,0.56,64.12,0,0,55+,Prepaid_Monthly,Mid_Range,5G,2026-06-25
SUB7065925,0.83,2.87,0.03,0.45,113.06,1,1,25-34,Prepaid_Monthly,Mid_Range,5G,2026-06-23
SUB4931895,0.73,5.09,0.02,0.2,117.11,0,1,18-24,Prepaid_Daily,Premium_Smartphone,4G,2026-07-04
SUB4100786,8.0,3.42,0.41,0.75,76.84,0,0,25-34,Postpaid_Unlimited,5G_Device,4G,2026-06-23
SUB8285880,0.52,1.52,0.26,0.13,90.55,0,0,35-44,Postpaid_Premium,Premium_Smartphone,4G,2026-06-07
SUB3651788,0.15,0.32,0.04,0.08,38.06,0,0,35-44,Prepaid_Daily,Mid_Range,4G,2026-06-13
SUB1209720,0.48,0.39,0.03,2.57,67.25,0,0,55+,Postpaid_Basic,Tablet,4G,2026-06-24
SUB3218222,0.12,0.43,0.18,0.04,21.42,1,0,45-54,Postpaid_Basic,Basic_Phone,5G,2026-06-30
SUB4990919,0.16,0.46,0.08,0.22,55.49,0,0,45-54,Prepaid_Daily,Mid_Range,4G+,2026-06-13
SUB9302089,2.03,2.17,0.12,1.42,89.31,1,0,25-34,Prepaid_Monthly,5G_Device,3G,2026-06-24
SUB4015624,0.88,0.92,0.87,0.13,71.97,0,1,25-34,Postpaid_Basic,Premium_Smartphone,4G,2026-06-12
SUB7553968,2.86,0.28,0.57,0.69,101.99,0,1,35-44,Prepaid_Monthly,Premium_Smartphone,4G,2026-06-08
SUB8900171,2.5,1.55,0.37,0.0,41.24,1,0,25-34,Prepaid_Monthly,Mid_Range,4G,2026-06-28
SUB2695625,0.04,0.22,0.05,0.01,14.01,0,0,25-34,Prepaid_Daily,Basic_Phone,3G,2026-06-23
SUB9283032,2.7,1.17,0.16,0.05,62.76,1,1,18-24,Prepaid_Monthly,Mid_Range,4G,2026-06-22
SUB8016611,8.0,2.16,0.58,0.43,83.29,1,1,25-34,Postpaid_Basic,Mid_Range,5G,2026-06-14
SUB4837478,0.5,0.9,0.03,0.05,59.59,1,0,35-44,Prepaid_Daily,Mid_Range,4G,2026-06-08
SUB5024537,0.54,0.87,0.32,0.7,34.78,0,0,35-44,Postpaid_Basic,Mid_Range,4G,2026-06-18
SUB3780877,1.84,1.84,0.82,0.05,69.28,1,0,18-24,Prepaid_Monthly,Mid_Range,4G+,2026-06-19
SUB4031863,2.35,0.14,0.57,0.09,64.03,0,0,35-44,Postpaid_Premium,Premium_Smartphone,3G,2026-06-15
SUB2150311,3.06,2.91,0.24,0.26,149.15,0,1,18-24,Prepaid_Monthly,5G_Device,4G+,2026-06-16
SUB2595776,2.1,0.61,0.53,0.11,48.37,0,0,35-44,Postpaid_Basic,Premium_Smartphone,3G,2026-06-28
SUB4117173,8.0,2.38,1.25,0.76,109.12,1,0,25-34,Postpaid_Basic,5G_Device,4G,2026-07-05
SUB9051964,1.63,0.44,0.94,0.39,69.17,1,0,45-54,Postpaid_Premium,Mid_Range,4G,2026-06-18
SUB5825885,1.19,0.35,0.31,0.45,62.26,0,0,45-54,Postpaid_Premium,Mid_Range,5G,2026-06-12
SUB4244811,1.29,0.45,0.02,0.04,33.94,1,1,35-44,Prepaid_Daily,Mid_Range,3G,2026-06-15
SUB6880823,2.16,3.05,1.57,0.81,40.98,0,0,35-44,Postpaid_Unlimited,Mid_Range,4G,2026-06-15
SUB4033932,0.91,2.05,0.53,0.54,43.75,0,0,35-44,Postpaid_Premium,Premium_Smartphone,3G,2026-06-14
SUB1621747,2.81,2.62,1.53,1.68,97.66,0,1,18-24,Postpaid_Basic,5G_Device,4G,2026-06-10
SUB2281258,0.62,0.82,1.06,0.06,95.25,0,0,35-44,Postpaid_Unlimited,5G_Device,4G,2026-06-13
SUB5623190,1.84,3.05,2.26,0.0,71.23,0,1,25-34,Prepaid_Monthly,Mid_Range,5G,2026-06-15
SUB5423475,0.95,2.17,0.34,0.14,65.46,0,0,25-34,Prepaid_Daily,5G_Device,4G,2026-06-14
SUB5361862,0.63,0.39,0.73,0.0,24.1,0,0,25-34,Postpaid_Premium,Mid_Range,3G,2026-06-07
SUB1983061,1.54,0.3,0.26,0.06,32.27,0,0,55+,Postpaid_Unlimited,Mid_Range,4G,2026-07-06
SUB1296412,0.71,0.6,0.21,0.01,44.41,0,0,18-24,Prepaid_Daily,Premium_Smartphone,3G,2026-06-21
SUB2594362,1.13,4.89,2.81,0.18,136.35,1,0,25-34,Postpaid_Basic,Premium_Smartphone,5G,2026-07-04
SUB7318653,1.93,1.07,0.57,0.02,118.21,0,1,55+,Postpaid_Premium,5G_Device,4G,2026-06-16
SUB7400231,0.89,0.52,0.1,0.06,37.56,0,1,45-54,Postpaid_Unlimited,Mid_Range,4G,2026-06-30
SUB9151496,3.22,0.95,0.18,0.13,48.94,0,0,18-24,Prepaid_Monthly,Mid_Range,4G+,2026-06-17
SUB6040360,0.07,0.27,0.04,0.02,13.72,1,0,55+,Prepaid_Daily,Basic_Phone,4G,2026-06-07
SUB8156065,1.4,0.39,0.17,1.11,49.65,1,0,18-24,Prepaid_Monthly,Mid_Range,4G+,2026-06-10
SUB8451062,0.4,1.52,0.01,1.35,68.72,1,0,35-44,Postpaid_Basic,Tablet,4G,2026-06-26
SUB9705398,0.58,1.73,1.09,2.0,64.63,0,1,35-44,Postpaid_Unlimited,Tablet,4G,2026-06-24
SUB4547480,0.62,0.95,1.31,0.36,68.48,0,0,25-34,Postpaid_Basic,Tablet,4G,2026-06-22
SUB4787415,1.53,0.55,1.77,0.2,63.78,0,1,35-44,Postpaid_Unlimited,Mid_Range,4G,2026-06-23
SUB9434320,2.02,2.29,3.33,0.05,57.97,0,0,18-24,Postpaid_Premium,Mid_Range,5G,2026-06-14
SUB5528268,3.0,1.11,2.78,0.21,141.41,1,0,18-24,Postpaid_Basic,Tablet,4G+,2026-06-09
SUB3222494,1.1,1.4,0.03,0.06,58.8,0,0,35-44,Prepaid_Daily,Tablet,4G,2026-06-23
SUB1487707,0.4,0.42,0.36,0.12,29.28,0,1,25-34,Prepaid_Monthly,Basic_Phone,4G,2026-06-29
SUB1092091,0.95,0.47,0.02,0.47,83.79,1,0,55+,Prepaid_Daily,5G_Device,4G,2026-07-01
SUB6590938,0.8,2.6,0.74,0.09,84.15,1,1,25-34,Prepaid_Monthly,Mid_Range,4G,2026-06-20
SUB1893150,0.26,1.0,0.27,0.49,114.72,0,0,18-24,Prepaid_Daily,5G_Device,5G,2026-06-26
SUB7506016,0.03,0.14,0.08,0.09,15.88,0,0,35-44,Prepaid_Daily,Basic_Phone,3G,2026-06-17
SUB9924435,1.23,1.55,0.03,0.87,69.22,0,0,25-34,Prepaid_Monthly,5G_Device,4G,2026-06-11
SUB9042153,0.21,1.46,0.5,0.8,18.75,1,0,18-24,Postpaid_Basic,Basic_Phone,4G,2026-07-06
SUB6518358,0.6,0.18,1.55,0.19,99.39,1,0,25-34,Prepaid_Monthly,Premium_Smartphone,4G,2026-06-08
SUB9286151,0.53,1.41,0.06,0.37,68.25,1,1,55+,Postpaid_Premium,Mid_Range,4G,2026-07-06
SUB4940063,1.44,0.41,0.32,0.16,54.11,0,0,25-34,Postpaid_Basic,Mid_Range,4G,2026-06-22
SUB9810351,2.69,2.05,0.49,1.66,54.15,0,1,25-34,Postpaid_Premium,Mid_Range,5G,2026-07-04
SUB8224589,0.8,2.04,0.52,0.0,86.91,0,1,25-34,Postpaid_Premium,Premium_Smartphone,4G,2026-06-20
SUB2525068,1.9,0.82,0.49,0.05,25.19,1,0,18-24,Postpaid_Premium,Basic_Phone,4G,2026-06-20
SUB4337013,8.0,1.47,0.33,0.33,79.83,0,1,18-24,Postpaid_Unlimited,Premium_Smartphone,4G,2026-06-23
SUB8716492,0.38,2.2,0.01,0.07,40.96,1,1,45-54,Prepaid_Monthly,Basic_Phone,5G,2026-06-17
SUB3135896,0.12,0.15,0.28,0.03,25.96,0,0,55+,Prepaid_Monthly,Mid_Range,3G,2026-07-02
SUB5572530,2.3,2.22,1.07,0.0,67.24,0,1,18-24,Prepaid_Daily,Premium_Smartphone,3G,2026-06-19
SUB3416738,0.38,0.43,0.03,1.14,26.33,1,1,25-34,Postpaid_Basic,Basic_Phone,5G,2026-06-13
SUB7158382,0.25,0.55,0.04,0.1,137.57,1,1,55+,Prepaid_Monthly,Tablet,4G,2026-07-02
SUB3332127,0.76,6.0,0.14,0.79,96.46,0,0,18-24,Postpaid_Basic,5G_Device,4G+,2026-07-01
SUB2926252,2.28,6.0,0.23,0.41,113.1,1,1,18-24,Prepaid_Daily,Premium_Smartphone,4G+,2026-07-06
SUB3074278,0.65,1.11,0.5,0.33,79.14,1,1,55+,Postpaid_Basic,Mid_Range,5G,2026-07-06
SUB5983926,0.61,0.39,0.02,0.04,39.13,0,0,35-44,Postpaid_Basic,Basic_Phone,5G,2026-07-04
SUB5334165,2.11,6.0,1.0,1.62,122.22,1,0,18-24,Prepaid_Monthly,Tablet,5G,2026-06-16
SUB2278343,0.81,6.0,0.06,0.18,23.69,0,0,25-34,Postpaid_Basic,Mid_Range,4G,2026-07-01
SUB4032115,3.44,6.0,0.55,0.65,60.79,0,0,18-24,Postpaid_Unlimited,5G_Device,4G,2026-06-17
SUB1690778,5.73,1.38,0.24,0.95,61.89,0,0,25-34,Postpaid_Premium,Mid_Range,5G,2026-06-24
SUB5044064,0.55,0.53,0.07,0.07,43.8,0,0,45-54,Prepaid_Monthly,Mid_Range,5G,2026-06-23
SUB9566765,4.74,3.64,2.94,6.0,141.94,1,0,35-44,Postpaid_Unlimited,Premium_Smartphone,4G+,2026-06-26
SUB7634699,1.17,1.46,0.22,0.0,63.91,0,0,35-44,Prepaid_Daily,5G_Device,4G+,2026-06-16
SUB3350959,0.02,0.23,0.15,1.73,24.6,0,0,25-34,Prepaid_Monthly,Basic_Phone,4G,2026-06-10
SUB6959322,1.76,0.68,0.51,0.11,85.69,1,0,18-24,Prepaid_Daily,Mid_Range,5G,2026-07-05
SUB7036207,2.97,1.88,3.84,6.0,156.42,0,1,18-24,Postpaid_Unlimited,5G_Device,5G,2026-06-28
SUB4343867,0.47,0.27,0.15,0.25,89.57,1,0,45-54,Prepaid_Daily,Mid_Range,4G+,2026-07-04
SUB7362473,1.23,0.48,0.07,0.0,56.91,0,0,35-44,Prepaid_Daily,Mid_Range,4G,2026-06-24
SUB3642800,1.82,0.52,0.2,0.23,40.97,0,0,18-24,Postpaid_Unlimited,Basic_Phone,5G,2026-06-07
SUB9181311,5.65,0.61,0.21,1.09,77.75,1,0,25-34,Postpaid_Basic,Premium_Smartphone,4G,2026-06-23
SUB2658332,1.11,0.28,0.8,1.94,52.28,0,0,45-54,Postpaid_Premium,5G_Device,4G,2026-06-29
SUB5451441,0.89,0.7,0.04,0.36,56.65,0,1,25-34,Prepaid_Daily,Tablet,3G,2026-06-16
SUB6018768,1.24,0.15,1.72,0.3,72.69,0,0,25-34,Prepaid_Monthly,Mid_Range,4G+,2026-06-30
SUB1771279,1.09,2.29,0.98,0.33,48.94,0,0,25-34,Postpaid_Unlimited,Mid_Range,5G,2026-06-18
SUB9076818,0.32,0.78,0.29,0.05,49.88,0,0,18-24,Postpaid_Basic,Mid_Range,4G,2026-07-01
SUB5074999,0.06,0.22,0.04,0.07,26.45,0,0,45-54,Postpaid_Premium,Basic_Phone,4G,2026-07-04
SUB1663431,2.39,3.75,4.0,1.67,81.29,1,0,35-44,Postpaid_Unlimited,Mid_Range,5G,2026-06-19
SUB9966309,4.22,1.04,1.09,2.36,98.84,1,0,35-44,Postpaid_Premium,Premium_Smartphone,4G+,2026-06-09
SUB2588404,0.33,0.72,0.63,0.27,63.93,0,1,45-54,Prepaid_Monthly,Mid_Range,4G,2026-06-26
SUB9641123,0.73,4.95,0.16,0.05,108.34,0,1,55+,Prepaid_Monthly,Premium_Smartphone,4G+,2026-06-17
SUB4892825,0.7,1.01,0.07,1.48,79.9,0,0,18-24,Prepaid_Daily,Tablet,4G,2026-06-28
SUB6353374,2.47,0.95,0.12,0.95,139.39,1,0,18-24,Prepaid_Monthly,5G_Device,4G+,2026-06-14
SUB3871083,0.28,2.45,0.29,2.91,61.56,0,0,25-34,Postpaid_Unlimited,Mid_Range,5G,2026-06-17
SUB9998331,0.8,0.49,0.9,0.1,68.16,0,0,18-24,Postpaid_Basic,Mid_Range,4G,2026-06-20
SUB5738379,0.01,0.45,0.15,0.02,42.79,0,0,45-54,Postpaid_Unlimited,Mid_Range,4G,2026-06-07
SUB9671734,1.46,0.24,0.96,1.19,101.6,0,1,45-54,Postpaid_Premium,5G_Device,4G,2026-06-24
SUB7542224,2.86,1.2,4.0,1.6,75.54,1,0,35-44,Postpaid_Unlimited,Tablet,4G,2026-06-09
SUB3644046,5.71,4.27,0.34,0.19,86.97,0,0,25-34,Postpaid_Unlimited,5G_Device,5G,2026-06-21
SUB7403679,2.6,1.29,2.05,0.61,33.63,0,0,18-24,Postpaid_Premium,Premium_Smartphone,3G,2026-06-15
SUB6814104,1.1,0.27,0.89,0.13,29.04,0,1,25-34,Postpaid_Unlimited,Basic_Phone,4G+,2026-07-05
SUB4763302,0.29,2.51,0.65,0.41,143.45,0,0,45-54,Postpaid_Premium,Tablet,5G,2026-06-15
SUB1926097,0.65,3.56,2.84,0.96,108.59,0,0,25-34,Postpaid_Premium,5G_Device,4G+,2026-07-04
SUB2983438,4.3,3.54,3.33,0.09,143.42,0,0,18-24,Postpaid_Premium,5G_Device,5G,2026-06-23
SUB6193951,0.92,2.69,0.13,0.37,31.12,0,0,25-34,Postpaid_Premium,Mid_Range,4G,2026-07-06
SUB1383609,0.31,0.22,0.12,0.17,52.36,0,0,55+,Prepaid_Monthly,Mid_Range,4G,2026-06-14
SUB4105003,1.77,1.79,0.34,0.2,82.55,1,0,35-44,Prepaid_Monthly,Mid_Range,4G,2026-06-07
SUB2863082,0.43,1.09,0.02,0.34,135.33,1,0,55+,Prepaid_Monthly,5G_Device,5G,2026-07-03
SUB3510963,0.38,0.31,0.39,0.49,87.8,0,0,45-54,Prepaid_Daily,5G_Device,4G+,2026-07-04
SUB2753313,3.07,0.6,0.82,0.08,45.13,0,0,25-34,Postpaid_Basic,Mid_Range,4G,2026-06-09
SUB3386149,1.51,1.61,0.91,2.19,50.01,0,0,18-24,Postpaid_Unlimited,Premium_Smartphone,4G,2026-06-08
SUB4481591,2.46,0.37,1.26,0.47,102.62,1,0,25-34,Postpaid_Premium,Mid_Range,5G,2026-07-02
SUB6766392,0.76,0.16,0.17,0.11,30.3,0,1,35-44,Prepaid_Daily,Mid_Range,4G,2026-06-27
SUB3803005,0.1,0.94,0.15,0.16,43.0,0,1,45-54,Postpaid_Premium,Mid_Range,3G,2026-07-03
SUB3264719,1.95,1.21,0.63,0.34,74.49,1,0,25-34,Postpaid_Unlimited,Mid_Range,4G,2026-07-01
SUB6256583,2.87,1.38,0.22,0.15,53.24,0,0,18-24,Postpaid_Premium,Mid_Range,5G,2026-06-21
SUB4044221,1.28,1.0,0.77,0.36,69.41,0,0,35-44,Postpaid_Premium,Mid_Range,5G,2026-06-09
SUB5126553,1.69,0.94,0.03,0.16,126.06,1,0,18-24,Prepaid_Daily,5G_Device,4G,2026-06-25
SUB6098227,0.39,1.05,0.03,0.15,67.47,0,0,35-44,Prepaid_Monthly,Mid_Range,4G+,2026-06-23
SUB2661342,0.74,6.0,3.38,0.97,176.59,1,0,25-34,Postpaid_Basic,5G_Device,5G,2026-07-04
SUB6645812,2.5,4.3,0.6,0.0,145.76,0,1,18-24,Prepaid_Daily,Premium_Smartphone,5G,2026-06-21
SUB6218907,2.75,1.12,0.32,0.67,109.91,0,1,25-34,Prepaid_Daily,5G_Device,4G,2026-06-26
SUB3916933,3.66,1.12,0.34,0.38,141.19,1,1,35-44,Postpaid_Unlimited,5G_Device,4G,2026-06-08
SUB8710611,0.23,0.25,2.81,0.24,39.19,0,1,25-34,Postpaid_Premium,Mid_Range,4G,2026-07-03
SUB9257668,0.34,0.56,0.59,0.24,38.23,0,0,18-24,Prepaid_Monthly,Mid_Range,4G,2026-06-12
SUB7273672,0.18,0.26,0.01,0.1,24.21,0,1,45-54,Prepaid_Monthly,Basic_Phone,4G,2026-06-27
SUB6573945,3.64,0.46,0.4,0.39,70.55,1,1,18-24,Prepaid_Monthly,Mid_Range,4G,2026-07-03
SUB5886202,0.63,1.0,0.25,2.45,96.25,1,1,18-24,Prepaid_Daily,Mid_Range,4G+,2026-06-18
SUB4906997,3.85,3.64,0.24,0.22,63.21,0,1,35-44,Postpaid_Premium,Premium_Smartphone,4G,2026-07-06
SUB7466751,0.48,1.17,0.62,0.72,56.15,0,1,18-24,Prepaid_Daily,5G_Device,3G,2026-06-07
SUB1785786,1.56,1.61,0.83,0.56,93.89,0,1,25-34,Postpaid_Premium,Premium_Smartphone,4G,2026-06-13
SUB3427667,0.51,0.89,0.36,0.29,63.8,0,0,55+,Postpaid_Premium,Mid_Range,5G,2026-06-16
SUB6311154,2.0,0.71,0.23,0.27,33.9,0,0,35-44,Postpaid_Basic,Mid_Range,4G,2026-06-20
SUB7557734,0.3,0.42,0.17,0.03,27.52,0,0,35-44,Postpaid_Premium,Basic_Phone,4G,2026-06-22
SUB1563889,1.23,0.22,0.4,1.0,108.6,0,1,35-44,Prepaid_Daily,Premium_Smartphone,4G,2026-06-30
SUB1277834,0.23,0.24,0.12,0.91,38.0,0,1,18-24,Postpaid_Basic,Basic_Phone,4G,2026-06-10
SUB6506933,4.97,1.34,4.0,2.53,94.12,0,0,25-34,Postpaid_Premium,5G_Device,4G,2026-06-20
SUB6585056,1.79,5.59,0.59,0.06,94.22,0,0,25-34,Postpaid_Premium,Premium_Smartphone,4G,2026-06-08
SUB5730654,0.04,0.12,0.19,0.01,39.24,1,0,55+,Prepaid_Daily,Mid_Range,3G,2026-06-07
SUB4894325,0.1,0.1,0.29,0.01,17.96,0,0,18-24,Prepaid_Monthly,Basic_Phone,3G,2026-06-09
SUB6379105,3.27,6.0,0.68,0.57,90.16,0,1,25-34,Prepaid_Monthly,Mid_Range,5G,2026-07-06
SUB4244998,3.67,0.74,0.34,0.35,68.99,0,0,55+,Postpaid_Basic,5G_Device,4G,2026-06-15
SUB4998585,1.82,0.65,0.05,0.5,84.34,0,1,45-54,Postpaid_Premium,Tablet,4G,2026-06-30
SUB3816112,0.23,0.18,0.02,0.03,5.0,0,0,55+,Postpaid_Basic,Basic_Phone,3G,2026-06-17
SUB7900725,0.97,4.17,1.23,0.38,60.83,0,0,35-44,Postpaid_Premium,5G_Device,4G,2026-06-25
SUB2732141,1.32,1.14,2.29,0.04,68.34,1,0,25-34,Prepaid_Daily,Mid_Range,5G,2026-06-07
SUB9675237,3.07,2.53,0.18,0.4,62.58,1,0,45-54,Postpaid_Unlimited,Mid_Range,4G,2026-06-23
SUB7905043,1.24,0.31,1.45,0.33,102.92,0,0,25-34,Postpaid_Basic,Premium_Smartphone,4G+,2026-07-01
SUB7134896,8.0,0.51,0.17,0.24,95.53,0,0,18-24,Prepaid_Daily,Tablet,4G,2026-06-21
SUB2634461,0.51,0.43,0.28,0.01,22.57,0,0,35-44,Postpaid_Basic,Mid_Range,4G,2026-06-11
SUB3887569,0.85,2.47,0.17,0.09,47.96,0,0,35-44,Postpaid_Basic,Mid_Range,5G,2026-06-18
SUB2746988,0.14,1.1,0.24,0.01,118.21,0,0,45-54,Prepaid_Monthly,Premium_Smartphone,4G+,2026-06-07
SUB5896986,1.37,0.32,0.11,0.31,101.38,1,0,55+,Postpaid_Premium,5G_Device,4G,2026-06-29
SUB2020346,0.5,1.79,1.36,4.96,56.58,0,1,45-54,Postpaid_Unlimited,Premium_Smartphone,3G,2026-06-08
SUB2886522,0.43,0.74,0.19,0.16,54.05,0,0,18-24,Prepaid_Monthly,Mid_Range,4G,2026-07-05
SUB6523632,1.33,0.4,0.07,1.51,61.28,0,0,35-44,Postpaid_Basic,Tablet,4G,2026-06-07
SUB4119331,1.11,0.65,0.22,0.18,81.36,0,0,45-54,Prepaid_Daily,Tablet,4G+,2026-07-05
SUB8301078,0.83,2.2,0.07,0.03,63.46,0,0,55+,Postpaid_Unlimited,5G_Device,4G,2026-07-04
SUB5003487,0.52,2.23,1.63,0.13,79.69,0,1,25-34,Prepaid_Monthly,5G_Device,3G,2026-06-17
SUB1834938,0.69,6.0,0.19,0.0,138.85,1,0,18-24,Prepaid_Daily,5G_Device,5G,2026-06-10
SUB1807400,0.21,0.31,0.02,0.06,35.98,0,0,45-54,Postpaid_Basic,Mid_Range,3G,2026-06-29
SUB7505134,0.68,2.12,0.3,0.02,47.05,0,0,25-34,Prepaid_Daily,Mid_Range,4G,2026-06-24
SUB7472036,1.88,0.34,0.14,0.08,100.23,0,0,35-44,Prepaid_Monthly,Premium_Smartphone,4G,2026-06-26
SUB4931792,1.81,1.79,0.26,0.4,79.17,0,0,25-34,Prepaid_Daily,Tablet,4G,2026-06-09
SUB5367207,1.82,4.54,0.59,0.04,101.44,0,1,25-34,Prepaid_Daily,5G_Device,4G+,2026-06-29
SUB4581877,0.53,0.4,0.55,0.04,55.23,0,1,35-44,Prepaid_Daily,Mid_Range,4G,2026-06-17
SUB9043732,1.82,2.51,0.27,0.01,25.13,1,0,25-34,Postpaid_Unlimited,Basic_Phone,4G+,2026-06-25
SUB5297255,0.42,2.14,0.0,0.1,91.43,0,0,35-44,Postpaid_Unlimited,5G_Device,4G,2026-06-18
SUB5149570,0.14,5.01,0.73,0.31,124.04,0,1,18-24,Postpaid_Basic,Premium_Smartphone,5G,2026-06-29
SUB9694353,1.01,0.53,0.3,1.31,45.06,1,0,25-34,Postpaid_Basic,Mid_Range,4G,2026-06-21
SUB2779892,2.8,2.78,0.74,0.15,133.76,1,0,25-34,Postpaid_Premium,Premium_Smartphone,4G+,2026-06-08
SUB7363634,0.26,0.48,0.48,0.64,54.16,0,0,35-44,Prepaid_Monthly,Mid_Range,5G,2026-06-18
SUB8252270,1.22,0.69,0.26,0.06,68.84,0,0,25-34,Prepaid_Monthly,5G_Device,4G,2026-06-28
SUB6518225,0.34,1.99,0.16,0.21,72.34,0,0,35-44,Postpaid_Premium,5G_Device,3G,2026-06-22
SUB1920243,5.2,1.24,0.88,0.76,106.13,0,0,35-44,Prepaid_Monthly,Tablet,4G+,2026-06-19
SUB4421103,0.77,0.92,0.09,0.59,99.2,0,1,35-44,Postpaid_Basic,Mid_Range,5G,2026-06-09
SUB4402410,0.67,0.79,0.08,0.6,54.91,1,1,35-44,Postpaid_Basic,5G_Device,3G,2026-06-11
SUB9809609,2.82,0.82,2.36,2.14,99.74,0,0,25-34,Postpaid_Basic,Premium_Smartphone,5G,2026-06-28
SUB3835309,3.45,1.65,0.03,0.17,48.14,0,1,25-34,Postpaid_Premium,Mid_Range,4G,2026-07-01
SUB9400944,0.36,1.9,0.68,0.08,131.66,0,1,35-44,Postpaid_Premium,Premium_Smartphone,5G,2026-06-27
SUB6058211,8.0,5.89,0.67,4.59,200.0,1,1,18-24,Postpaid_Unlimited,5G_Device,5G,2026-07-01
SUB8422244,0.28,0.74,0.85,0.25,56.53,0,0,45-54,Postpaid_Premium,Premium_Smartphone,3G,2026-06-10
SUB3958963,0.95,0.22,0.25,0.06,37.85,0,1,45-54,Prepaid_Daily,Mid_Range,3G,2026-06-09
SUB4191319,1.15,1.36,0.87,0.33,87.61,0,0,25-34,Postpaid_Premium,Tablet,4G,2026-06-10
SUB6042486,5.87,0.7,0.09,0.23,63.78,0,1,35-44,Postpaid_Premium,Mid_Range,4G+,2026-06-12
SUB3979718,0.11,0.38,0.18,0.05,63.13,0,0,55+,Postpaid_Basic,5G_Device,4G,2026-06-28
SUB4768553,1.27,3.24,3.99,0.24,179.27,1,0,25-34,Postpaid_Basic,5G_Device,5G,2026-06-08
SUB9677980,0.57,0.37,0.56,0.32,72.69,0,0,35-44,Prepaid_Daily,Premium_Smartphone,4G,2026-06-29
SUB9403037,8.0,1.73,1.41,0.6,88.02,0,0,18-24,Postpaid_Unlimited,Premium_Smartphone,4G,2026-06-27
SUB9325344,0.38,1.22,0.3,1.49,64.62,0,0,25-34,Postpaid_Unlimited,Mid_Range,5G,2026-07-02
SUB8717753,0.15,0.85,0.12,0.03,80.24,0,0,45-54,Postpaid_Basic,Tablet,4G,2026-06-08
SUB6426967,0.41,0.24,0.12,0.04,30.79,0,0,35-44,Prepaid_Daily,Mid_Range,3G,2026-06-28
SUB4476808,1.54,1.42,0.12,0.53,84.05,0,0,35-44,Postpaid_Premium,Premium_Smartphone,4G,2026-06-20
SUB7917571,0.26,0.1,0.12,0.1,62.84,0,0,55+,Prepaid_Monthly,Mid_Range,4G,2026-06-22
SUB9341219,0.88,3.39,0.32,0.07,41.99,0,0,35-44,Prepaid_Monthly,Mid_Range,4G,2026-06-29
SUB5394203,0.94,1.16,1.22,1.44,91.52,0,0,35-44,Postpaid_Premium,Premium_Smartphone,4G,2026-06-11
SUB5622776,8.0,2.96,0.25,0.06,100.65,0,0,35-44,Postpaid_Premium,5G_Device,5G,2026-06-07
SUB9596108,3.46,3.25,0.96,0.02,110.29,1,1,35-44,Prepaid_Daily,Mid_Range,5G,2026-06-15
SUB6214802,1.04,0.5,0.16,0.34,17.96,0,0,45-54,Postpaid_Premium,Basic_Phone,4G,2026-06-30
SUB6556452,0.46,0.39,0.01,0.32,62.6,0,1,55+,Postpaid_Premium,Premium_Smartphone,4G,2026-06-25
SUB7664102,1.94,1.3,0.09,1.1,92.38,0,0,45-54,Postpaid_Basic,5G_Device,5G,2026-06-28
SUB7865999,0.8,4.39,0.39,0.13,114.5,1,1,35-44,Prepaid_Monthly,Mid_Range,4G+,2026-06-15
SUB8562635,2.4,2.11,0.8,0.17,68.31,0,0,18-24,Prepaid_Daily,Premium_Smartphone,4G,2026-06-25
SUB5435786,0.22,0.15,0.14,0.0,39.73,0,0,45-54,Prepaid_Daily,Basic_Phone,4G,2026-07-02
SUB3862750,0.5,0.26,0.05,0.01,52.72,0,1,35-44,Prepaid_Daily,Mid_Range,4G,2026-06-22
SUB8085757,1.02,0.79,0.26,0.36,62.32,1,0,45-54,Prepaid_Monthly,Premium_Smartphone,3G,2026-06-26
SUB7785932,1.3,2.0,0.01,1.36,89.29,1,1,18-24,Prepaid_Monthly,5G_Device,4G,2026-06-09
SUB5906526,0.06,0.79,0.3,0.43,30.37,0,0,55+,Prepaid_Monthly,Mid_Range,4G,2026-06-21
SUB3578305,0.02,1.87,1.12,1.61,84.58,0,1,18-24,Prepaid_Monthly,Premium_Smartphone,4G,2026-06-25
SUB2255950,1.22,0.6,0.67,1.08,144.48,1,0,25-34,Prepaid_Monthly,Premium_Smartphone,5G,2026-06-18
SUB9277304,1.38,0.3,0.42,0.59,59.89,1,0,35-44,Prepaid_Monthly,Premium_Smartphone,3G,2026-06-29
SUB4696458,0.54,2.34,0.25,0.88,61.32,0,0,35-44,Postpaid_Premium,Premium_Smartphone,4G,2026-07-06
SUB2615270,0.11,1.0,0.35,0.08,53.38,0,0,25-34,Postpaid_Basic,Mid_Range,4G,2026-06-09
SUB2089100,0.12,1.79,0.07,0.08,85.45,0,0,35-44,Prepaid_Daily,Premium_Smartphone,4G,2026-07-04
SUB7445860,1.42,0.8,0.34,2.69,106.94,0,0,25-34,Prepaid_Monthly,5G_Device,5G,2026-06-24
SUB6925803,0.96,2.16,0.12,0.15,25.09,0,0,18-24,Postpaid_Premium,Mid_Range,4G,2026-06-19
SUB5675195,1.72,0.7,1.07,0.77,41.71,0,0,18-24,Prepaid_Monthly,Mid_Range,4G,2026-06-20
SUB9131526,2.1,1.45,0.44,0.17,190.47,1,0,45-54,Postpaid_Unlimited,Premium_Smartphone,5G,2026-06-22
SUB9957541,5.59,0.88,1.65,1.24,199.89,0,1,18-24,Postpaid_Premium,5G_Device,5G,2026-06-08
SUB1384903,2.07,2.14,0.58,0.37,49.69,0,0,18-24,Prepaid_Monthly,5G_Device,3G,2026-06-29
SUB8609420,0.31,2.24,0.35,0.25,70.17,1,0,35-44,Postpaid_Basic,Premium_Smartphone,3G,2026-06-15
SUB2768407,1.45,1.08,2.26,1.02,141.56,0,0,25-34,Postpaid_Premium,Premium_Smartphone,5G,2026-07-06
SUB9105925,1.46,1.03,0.02,0.09,106.5,0,1,45-54,Prepaid_Daily,Premium_Smartphone,4G+,2026-06-27
SUB6521980,1.61,0.75,0.5,0.03,63.82,0,0,45-54,Prepaid_Monthly,Mid_Range,4G+,2026-06-19
SUB8249433,1.45,1.78,0.38,0.1,57.1,0,0,45-54,Postpaid_Basic,Mid_Range,4G+,2026-06-27
SUB6125702,4.59,6.0,2.57,0.02,69.93,0,0,25-34,Postpaid_Unlimited,5G_Device,4G,2026-07-03
SUB2540710,8.0,0.47,0.1,0.29,81.57,0,0,25-34,Prepaid_Monthly,5G_Device,4G,2026-06-11
SUB4346386,2.46,0.72,0.66,0.04,78.22,0,1,35-44,Prepaid_Monthly,Premium_Smartphone,3G,2026-06-12
SUB6783877,0.41,1.03,0.09,1.49,59.9,0,1,25-34,Prepaid_Daily,Mid_Range,4G,2026-06-10
SUB7672028,8.0,1.34,0.08,0.01,84.89,0,0,18-24,Postpaid_Basic,Premium_Smartphone,4G,2026-06-14
SUB7461202,2.75,3.39,0.1,1.27,66.3,0,1,25-34,Postpaid_Premium,Premium_Smartphone,4G,2026-07-05
SUB5294329,5.86,1.48,0.29,0.08,86.95,0,1,18-24,Prepaid_Monthly,Premium_Smartphone,4G,2026-06-20
SUB8750981,0.67,0.9,0.06,1.23,93.97,0,0,55+,Postpaid_Premium,Premium_Smartphone,4G,2026-06-12
SUB2199728,0.28,0.15,0.13,0.02,19.37,0,0,45-54,Prepaid_Monthly,Basic_Phone,5G,2026-06-12
SUB2543992,1.63,2.31,0.66,0.87,42.98,1,0,18-24,Postpaid_Premium,Mid_Range,4G,2026-06-27
SUB2959484,1.96,6.0,0.89,0.69,59.49,0,0,25-34,Prepaid_Monthly,5G_Device,4G,2026-06-20
SUB1767128,0.85,1.24,0.41,0.03,88.88,0,0,55+,Postpaid_Premium,5G_Device,4G,2026-07-06
SUB5509408,0.99,2.04,0.5,0.01,50.87,0,0,25-34,Postpaid_Premium,5G_Device,3G,2026-06-21
SUB3331774,2.2,0.96,0.31,0.14,109.8,0,0,45-54,Postpaid_Premium,Premium_Smartphone,5G,2026-06-12
SUB1434368,2.93,4.13,0.14,0.55,84.38,1,0,25-34,Prepaid_Monthly,Mid_Range,4G+,2026-06-24
SUB7077449,0.85,1.11,0.11,0.32,56.59,0,0,45-54,Postpaid_Premium,Mid_Range,4G,2026-06-25
SUB3834523,0.53,0.18,0.04,0.11,29.52,1,0,35-44,Postpaid_Basic,Basic_Phone,4G,2026-06-07
SUB2167498,8.0,6.0,4.0,1.97,81.78,1,0,18-24,Postpaid_Unlimited,Premium_Smartphone,4G,2026-06-13
SUB9905184,3.81,1.52,0.17,1.27,51.76,0,0,25-34,Prepaid_Monthly,Mid_Range,4G+,2026-07-03
SUB4791296,5.19,2.11,0.0,0.24,58.49,0,0,35-44,Postpaid_Premium,Premium_Smartphone,3G,2026-07-01
SUB8020480,0.05,1.09,0.21,0.65,168.17,0,1,55+,Prepaid_Monthly,Tablet,5G,2026-06-14
SUB3933811,0.31,1.51,0.18,0.49,86.14,1,0,18-24,Prepaid_Monthly,Mid_Range,5G,2026-07-05
SUB4833538,0.22,3.14,0.02,0.09,75.94,0,1,35-44,Prepaid_Daily,Mid_Range,5G,2026-06-27
SUB9919757,1.12,1.67,0.44,0.42,68.75,0,1,25-34,Prepaid_Monthly,Mid_Range,4G+,2026-06-30
SUB1238366,0.62,0.38,0.12,0.0,56.39,0,0,45-54,Prepaid_Daily,Mid_Range,4G,2026-07-06
SUB7877037,0.76,0.69,0.27,0.76,108.25,0,1,45-54,Prepaid_Daily,Premium_Smartphone,4G,2026-06-08
SUB5407900,2.74,1.1,0.23,0.02,119.25,0,1,25-34,Prepaid_Daily,Premium_Smartphone,5G,2026-06-25
SUB9457123,0.22,5.48,1.48,0.03,98.34,0,0,18-24,Postpaid_Premium,Premium_Smartphone,5G,2026-06-07
SUB9805348,3.76,1.14,0.36,0.17,81.76,0,0,18-24,Postpaid_Basic,5G_Device,5G,2026-06-23
SUB9033076,1.72,2.21,0.12,1.51,70.85,0,0,35-44,Postpaid_Premium,Mid_Range,5G,2026-06-11
SUB1941208,4.96,1.62,2.18,1.21,149.15,1,0,25-34,Postpaid_Basic,Premium_Smartphone,5G,2026-07-01
SUB5383233,0.18,3.71,0.57,0.84,90.82,0,1,25-34,Postpaid_Premium,Premium_Smartphone,4G+,2026-06-16
SUB3967381,0.35,0.34,0.11,0.07,58.57,0,0,55+,Postpaid_Basic,Mid_Range,4G,2026-06-23
SUB4114659,0.76,0.11,0.48,0.4,32.25,0,0,25-34,Prepaid_Daily,Mid_Range,4G,2026-06-25
SUB8303667,0.14,2.27,0.32,1.39,123.73,0,0,35-44,Postpaid_Basic,Premium_Smartphone,5G,2026-06-13
SUB7537932,0.15,0.45,0.09,0.05,15.66,1,0,18-24,Postpaid_Premium,Basic_Phone,3G,2026-06-20
SUB6607414,2.16,2.81,0.03,1.3,80.07,1,0,18-24,Postpaid_Basic,5G_Device,4G,2026-06-19
SUB7095513,1.57,0.28,0.18,0.2,69.68,0,0,25-34,Postpaid_Premium,Mid_Range,5G,2026-06-16
SUB9411603,0.13,0.22,0.05,0.39,27.12,0,0,35-44,Postpaid_Premium,Basic_Phone,4G,2026-07-05
SUB2653005,0.82,0.26,0.12,2.32,36.58,0,0,25-34,Prepaid_Monthly,Mid_Range,4G,2026-06-15
SUB7243383,1.66,1.01,0.01,0.64,77.89,0,0,45-54,Postpaid_Premium,Premium_Smartphone,4G,2026-06-12
SUB1441168,1.55,1.69,0.6,1.0,25.6,0,0,25-34,Postpaid_Premium,Mid_Range,4G,2026-06-17
SUB6947117,0.41,1.39,0.33,0.86,48.25,0,0,25-34,Prepaid_Daily,Mid_Range,5G,2026-06-18
SUB9888079,0.33,0.3,0.0,0.2,34.44,1,1,55+,Postpaid_Basic,Basic_Phone,4G,2026-06-30
SUB7074999,4.54,2.29,0.36,0.63,115.72,1,0,25-34,Postpaid_Premium,Mid_Range,5G,2026-06-22
SUB5949331,0.44,0.56,0.06,0.02,5.87,0,0,25-34,Postpaid_Basic,Basic_Phone,3G,2026-07-06
SUB6280156,1.37,4.27,0.19,0.03,47.45,0,0,18-24,Postpaid_Unlimited,Mid_Range,4G,2026-06-22
SUB9399122,0.31,0.37,0.5,0.1,57.16,0,1,45-54,Prepaid_Daily,Premium_Smartphone,3G,2026-06-13
SUB3144608,2.08,2.25,0.03,2.23,125.41,1,1,45-54,Postpaid_Premium,Premium_Smartphone,4G,2026-06-11
SUB6506126,1.86,1.28,3.17,1.26,62.64,0,1,18-24,Postpaid_Premium,Mid_Range,5G,2026-07-01
SUB3930299,1.45,0.81,0.54,0.5,32.54,0,0,25-34,Postpaid_Premium,Mid_Range,3G,2026-06-25
SUB8818441,0.66,1.33,0.05,0.04,55.39,1,0,35-44,Prepaid_Monthly,Tablet,3G,2026-06-30
SUB6091281,0.91,0.5,0.12,0.01,62.2,0,0,55+,Prepaid_Monthly,5G_Device,4G,2026-07-04
SUB1628373,0.41,1.46,1.18,1.63,112.94,0,0,25-34,Postpaid_Basic,5G_Device,5G,2026-06-10
SUB1633389,0.19,0.12,0.74,0.07,30.04,0,0,45-54,Prepaid_Monthly,Basic_Phone,5G,2026-07-05
SUB9379482,3.01,0.72,0.17,0.15,53.77,1,0,25-34,Postpaid_Unlimited,Basic_Phone,5G,2026-06-27
SUB2157260,2.36,0.93,0.08,0.03,40.16,1,0,18-24,Prepaid_Daily,Premium_Smartphone,3G,2026-06-15
SUB8862148,0.42,1.44,0.2,1.51,47.37,0,0,18-24,Postpaid_Basic,Mid_Range,4G,2026-06-19
SUB7232474,0.18,0.83,0.04,0.04,54.94,0,0,25-34,Prepaid_Daily,Mid_Range,4G,2026-07-06
SUB4355000,0.16,6.0,0.65,0.82,51.91,0,0,25-34,Postpaid_Basic,Mid_Range,4G+,2026-06-29
SUB4581311,0.29,0.34,1.28,0.13,71.79,0,0,55+,Postpaid_Premium,Mid_Range,5G,2026-06-11
SUB7158157,0.05,0.27,0.35,0.12,50.2,0,0,18-24,Prepaid_Daily,Mid_Range,4G,2026-07-02
SUB4783831,0.41,2.82,0.65,0.54,127.1,0,1,25-34,Postpaid_Premium,Premium_Smartphone,4G,2026-06-28
SUB6182190,0.87,0.95,1.63,0.19,95.85,0,1,18-24,Prepaid_Daily,Premium_Smartphone,4G,2026-06-30
SUB2350093,0.51,0.15,0.01,0.09,33.18,0,1,45-54,Postpaid_Basic,Basic_Phone,4G,2026-06-14
SUB8645195,1.68,0.8,0.1,0.55,75.49,0,0,55+,Postpaid_Basic,Mid_Range,5G,2026-06-23
SUB9582299,0.99,1.34,0.02,0.91,56.6,0,0,18-24,Prepaid_Monthly,Premium_Smartphone,4G,2026-06-13
SUB5475687,0.89,0.84,0.02,0.01,35.09,0,0,25-34,Prepaid_Daily,Mid_Range,4G,2026-06-08
SUB6755327,0.8,0.98,0.29,0.45,57.41,0,0,18-24,Postpaid_Premium,Premium_Smartphone,4G,2026-07-03
SUB3592440,2.55,0.67,0.25,1.89,101.27,0,0,25-34,Prepaid_Monthly,5G_Device,5G,2026-06-16
SUB9868577,0.41,0.38,0.06,0.26,33.28,0,0,18-24,Prepaid_Daily,Basic_Phone,4G+,2026-06-09
SUB3491721,1.37,0.55,1.2,0.34,46.88,0,0,25-34,Postpaid_Premium,Mid_Range,4G,2026-06-27
SUB1682346,0.91,0.88,0.26,0.06,46.93,0,0,35-44,Prepaid_Monthly,Premium_Smartphone,3G,2026-06-30
SUB8313861,4.09,1.0,0.06,0.44,55.8,0,1,35-44,Postpaid_Premium,Mid_Range,3G,2026-06-09
SUB5995427,0.43,1.74,0.58,0.46,12.76,0,1,18-24,Postpaid_Basic,Basic_Phone,4G,2026-06-24
SUB3931659,0.69,0.57,0.05,0.49,54.0,0,0,25-34,Prepaid_Daily,Mid_Range,4G,2026-06-17
SUB1199542,0.02,0.38,0.01,0.02,67.53,0,0,35-44,Prepaid_Daily,5G_Device,3G,2026-07-03
SUB4483802,1.34,0.36,1.31,0.07,137.32,1,0,35-44,Postpaid_Basic,Tablet,5G,2026-07-01
SUB8381740,3.37,1.82,0.79,2.41,71.32,0,1,18-24,Prepaid_Daily,Premium_Smartphone,4G,2026-06-13
SUB6087365,0.02,0.1,0.0,0.07,29.85,0,0,45-54,Prepaid_Daily,Mid_Range,3G,2026-06-16
SUB5084032,4.48,1.84,1.09,0.04,41.88,0,0,25-34,Postpaid_Premium,Premium_Smartphone,3G,2026-06-28
SUB2223045,1.64,1.03,1.38,0.56,49.49,0,0,18-24,Postpaid_Basic,Mid_Range,4G,2026-06-15
SUB9295445,1.16,3.29,0.71,1.98,54.84,1,1,18-24,Prepaid_Monthly,Mid_Range,3G,2026-06-09
SUB2936983,0.38,0.3,0.88,0.13,70.31,0,0,55+,Postpaid_Basic,Premium_Smartphone,4G,2026-06-07
SUB2404568,4.86,0.98,0.25,0.59,82.89,1,0,25-34,Postpaid_Basic,Premium_Smartphone,4G,2026-06-12
SUB1760956,0.47,0.54,1.64,0.0,73.32,0,0,55+,Postpaid_Basic,Mid_Range,4G+,2026-06-08
SUB4554382,2.03,1.35,0.14,0.53,99.1,0,0,25-34,Postpaid_Basic,5G_Device,4G,2026-06-18
SUB8297881,3.99,0.97,1.21,0.03,55.22,0,0,25-34,Postpaid_Unlimited,Mid_Range,5G,2026-06-12
SUB8122887,1.02,3.37,1.56,0.15,130.06,0,0,35-44,Prepaid_Monthly,Premium_Smartphone,5G,2026-07-06
SUB5357847,0.32,0.95,1.7,0.01,72.0,0,0,18-24,Prepaid_Monthly,5G_Device,4G,2026-06-09
SUB5565861,1.06,1.02,0.31,0.04,36.09,0,0,25-34,Prepaid_Daily,Mid_Range,4G,2026-06-18
SUB1499964,1.81,0.2,0.01,0.2,36.36,1,1,25-34,Prepaid_Daily,Mid_Range,3G,2026-06-07
SUB3997493,0.66,0.13,0.03,0.0,9.23,0,1,45-54,Prepaid_Daily,Basic_Phone,4G,2026-06-27
SUB8578729,1.08,0.92,0.07,0.07,55.39,0,0,25-34,Prepaid_Monthly,5G_Device,4G,2026-06-17
SUB7638784,2.6,2.48,0.94,0.49,67.26,0,0,25-34,Postpaid_Basic,Premium_Smartphone,4G,2026-06-12
SUB9394043,0.09,0.07,0.07,0.0,18.58,1,0,25-34,Prepaid_Daily,Basic_Phone,3G,2026-06-22
SUB1139565,1.03,2.48,1.2,2.93,80.0,0,0,35-44,Postpaid_Premium,5G_Device,4G,2026-06-19
SUB3942905,3.11,3.52,0.41,0.07,114.71,0,1,18-24,Prepaid_Monthly,Premium_Smartphone,4G+,2026-06-27
SUB4428261,0.12,0.28,0.26,0.01,28.77,0,0,18-24,Postpaid_Unlimited,Basic_Phone,4G+,2026-06-25
SUB7322954,2.2,0.99,0.86,3.46,68.25,0,0,25-34,Postpaid_Basic,Premium_Smartphone,4G,2026-06-28
SUB9190219,1.07,0.66,0.79,2.11,42.6,0,0,35-44,Postpaid_Premium,Mid_Range,4G,2026-06-23
SUB6082281,0.95,0.2,0.7,0.49,29.36,0,0,25-34,Postpaid_Unlimited,Mid_Range,3G,2026-06-09
SUB5754417,0.86,2.65,0.19,1.11,38.36,0,0,25-34,Postpaid_Unlimited,Mid_Range,3G,2026-06-30
SUB2327654,0.4,4.86,0.51,0.13,49.15,0,0,35-44,Postpaid_Basic,Mid_Range,4G,2026-06-16
SUB3627014,0.3,0.31,0.13,0.8,170.12,1,0,55+,Prepaid_Monthly,Premium_Smartphone,5G,2026-06-30
SUB8995018,0.45,0.07,0.13,0.03,12.82,0,0,45-54,Postpaid_Basic,Basic_Phone,4G,2026-07-04
SUB6936419,0.83,1.23,0.02,0.03,49.37,1,0,25-34,Prepaid_Monthly,Mid_Range,3G,2026-06-23
SUB8210547,1.58,3.66,0.55,3.3,132.62,0,0,35-44,Prepaid_Monthly,5G_Device,5G,2026-06-19
SUB8313184,0.18,0.61,0.06,0.04,61.17,0,0,55+,Prepaid_Monthly,Mid_Range,4G,2026-06-10
SUB1447628,0.26,2.66,0.45,0.01,48.46,0,0,25-34,Prepaid_Monthly,Mid_Range,4G,2026-06-17
SUB6303441,3.2,0.41,1.64,0.8,59.12,1,0,25-34,Prepaid_Monthly,5G_Device,4G,2026-06-14
SUB9853143,3.35,1.08,0.19,0.11,86.23,0,0,18-24,Prepaid_Daily,5G_Device,5G,2026-07-02
SUB3648191,0.85,0.04,0.54,1.25,57.83,1,0,45-54,Prepaid_Monthly,Mid_Range,4G+,2026-06-15
SUB2348894,1.04,5.39,0.19,1.4,122.45,1,1,18-24,Prepaid_Monthly,Premium_Smartphone,4G,2026-06-09
SUB7151990,3.53,0.52,1.96,0.08,72.47,1,0,18-24,Prepaid_Monthly,Premium_Smartphone,4G,2026-06-10
SUB9445180,1.95,1.99,0.02,0.01,96.05,0,1,25-34,Postpaid_Premium,Premium_Smartphone,4G,2026-06-21
SUB4550985,0.93,0.36,0.4,0.18,61.24,1,0,45-54,Prepaid_Monthly,5G_Device,3G,2026-06-26
SUB3513595,6.99,0.98,0.21,2.27,97.69,0,0,25-34,Postpaid_Unlimited,Premium_Smartphone,4G,2026-06-28
SUB9161665,0.94,0.83,0.03,0.29,82.86,0,0,45-54,Prepaid_Daily,Tablet,4G+,2026-06-29
SUB1737550,8.0,6.0,0.2,0.24,155.8,1,1,45-54,Postpaid_Unlimited,5G_Device,5G,2026-06-08
SUB6007106,1.87,1.1,0.39,0.03,41.75,0,0,25-34,Prepaid_Monthly,Mid_Range,4G,2026-07-06
SUB2798954,0.08,6.0,1.72,0.21,96.33,0,0,35-44,Postpaid_Unlimited,5G_Device,5G,2026-06-08
SUB1929090,2.71,0.85,1.44,0.0,64.22,1,0,25-34,Prepaid_Monthly,Mid_Range,4G,2026-07-02
SUB3802743,0.49,0.42,0.07,0.14,123.59,1,1,55+,Postpaid_Premium,Premium_Smartphone,4G+,2026-06-14
SUB9776510,7.19,1.14,0.14,0.45,44.07,0,0,35-44,Prepaid_Daily,5G_Device,4G,2026-06-25
SUB7165706,2.02,0.37,0.21,0.02,39.78,0,0,55+,Postpaid_Basic,Mid_Range,4G+,2026-06-16
SUB2900302,0.28,0.24,0.25,0.03,45.74,0,1,18-24,Prepaid_Monthly,Basic_Phone,5G,2026-06-17
SUB6846636,2.63,6.0,0.23,0.0,71.86,1,0,25-34,Postpaid_Premium,5G_Device,3G,2026-06-18
SUB1684659,0.61,0.86,0.22,0.0,34.82,1,0,18-24,Postpaid_Basic,Basic_Phone,4G,2026-07-04
SUB8430747,0.88,1.55,0.49,0.34,64.67,0,1,25-34,Postpaid_Unlimited,Mid_Range,4G,2026-07-04
SUB8410825,1.73,0.3,0.02,0.0,50.23,0,0,45-54,Postpaid_Basic,Premium_Smartphone,3G,2026-06-17
SUB9828325,2.1,1.05,0.17,0.83,84.67,1,1,25-34,Prepaid_Monthly,Mid_Range,4G,2026-06-12
SUB7927416,0.27,0.34,0.58,0.05,76.49,0,0,18-24,Prepaid_Daily,5G_Device,4G,2026-06-14
SUB6385201,3.83,6.0,1.15,1.62,46.57,0,1,18-24,Postpaid_Premium,Mid_Range,4G,2026-06-20
SUB8360401,0.81,1.48,0.06,0.34,61.67,0,0,25-34,Prepaid_Daily,Tablet,4G,2026-06-24
SUB3241105,6.76,1.25,4.0,1.53,110.16,1,0,18-24,Postpaid_Premium,5G_Device,4G,2026-06-16
SUB2320307,0.95,1.58,1.82,2.3,142.51,0,0,25-34,Prepaid_Monthly,Premium_Smartphone,5G,2026-06-17
SUB5675431,0.4,1.65,0.24,1.54,157.53,0,1,45-54,Postpaid_Basic,Premium_Smartphone,5G,2026-06-29
SUB8054378,3.34,3.02,0.83,1.31,87.52,0,0,25-34,Postpaid_Basic,Premium_Smartphone,4G+,2026-06-22
SUB6119641,0.35,0.04,0.11,0.16,69.13,1,0,35-44,Prepaid_Monthly,Mid_Range,4G,2026-07-03
SUB6753670,7.79,3.78,1.63,0.54,121.3,1,0,25-34,Postpaid_Premium,Mid_Range,5G,2026-07-02
SUB2095589,0.69,0.9,0.18,0.23,99.07,0,0,35-44,Prepaid_Monthly,5G_Device,4G,2026-06-18
SUB5826176,0.8,1.5,0.01,0.74,111.59,0,0,18-24,Prepaid_Daily,Premium_Smartphone,5G,2026-06-09
SUB9466721,0.69,1.55,2.81,2.98,62.96,1,0,55+,Postpaid_Unlimited,5G_Device,4G,2026-07-05
SUB2921792,1.89,0.61,0.04,0.16,69.98,0,0,35-44,Prepaid_Monthly,Premium_Smartphone,4G,2026-06-23
SUB6754068,2.59,1.78,4.0,0.15,56.43,0,1,25-34,Postpaid_Premium,Mid_Range,5G,2026-07-03
SUB2539219,0.13,0.67,0.21,0.23,37.51,0,0,18-24,Postpaid_Basic,Basic_Phone,5G,2026-06-20
SUB5589716,0.35,1.28,0.62,0.19,41.93,0,0,18-24,Postpaid_Premium,Mid_Range,4G,2026-06-13
SUB1085395,0.35,0.19,0.19,0.1,64.74,0,0,45-54,Prepaid_Daily,5G_Device,4G,2026-06-19
SUB7063389,1.08,2.38,0.01,2.61,97.92,1,0,35-44,Postpaid_Basic,Premium_Smartphone,4G,2026-06-23
SUB8732605,1.73,6.0,0.71,0.45,90.5,1,0,25-34,Prepaid_Monthly,5G_Device,4G+,2026-06-24
SUB9061792,0.49,2.18,1.64,1.53,76.14,1,0,25-34,Postpaid_Basic,5G_Device,3G,2026-06-27
SUB8876375,0.75,0.79,0.05,1.41,42.4,0,0,45-54,Postpaid_Unlimited,Mid_Range,4G+,2026-06-10
SUB2093060,0.07,0.25,0.13,0.11,58.22,0,0,45-54,Prepaid_Daily,Mid_Range,4G+,2026-07-01
SUB4235863,0.55,1.06,0.11,0.0,48.83,0,0,35-44,Postpaid_Premium,Mid_Range,5G,2026-06-08
SUB5383030,0.26,0.27,1.26,0.27,64.43,0,1,25-34,Prepaid_Monthly,Mid_Range,5G,2026-06-21
SUB9602831,0.15,0.23,0.2,0.17,13.04,0,0,45-54,Prepaid_Monthly,Basic_Phone,4G+,2026-06-28
SUB5169495,0.64,0.2,0.02,0.31,59.77,0,0,35-44,Prepaid_Monthly,Mid_Range,4G,2026-06-23
SUB3612761,1.32,0.99,0.05,0.0,84.67,0,1,25-34,Prepaid_Monthly,5G_Device,3G,2026-06-16
SUB2995457,0.88,0.31,0.4,0.53,121.34,0,0,18-24,Prepaid_Monthly,Premium_Smartphone,5G,2026-07-05
SUB2013071,0.67,0.34,0.12,0.06,34.85,1,0,45-54,Prepaid_Monthly,Mid_Range,4G,2026-06-26
SUB4275072,2.48,2.38,2.06,1.36,78.2,1,0,18-24,Postpaid_Premium,Premium_Smartphone,3G,2026-06-24
SUB5817842,0.18,0.43,0.22,0.14,37.93,0,0,18-24,Prepaid_Daily,Mid_Range,4G,2026-06-13
SUB9676514,0.44,0.71,0.04,0.36,79.74,0,0,45-54,Prepaid_Monthly,Premium_Smartphone,4G,2026-06-24
SUB4327786,0.04,0.41,0.01,0.02,21.04,0,0,35-44,Prepaid_Monthly,Basic_Phone,4G,2026-07-05
SUB6932572,1.62,1.56,0.23,0.01,67.02,0,0,45-54,Postpaid_Premium,5G_Device,3G,2026-06-30
SUB3145977,0.75,3.48,0.04,0.02,58.24,1,1,25-34,Prepaid_Daily,Mid_Range,4G,2026-06-23
SUB7714662,0.69,0.66,0.25,0.19,83.76,0,0,55+,Postpaid_Unlimited,5G_Device,5G,2026-07-03
SUB3226217,2.96,1.27,0.07,0.16,82.41,1,0,25-34,Prepaid_Daily,Premium_Smartphone,4G+,2026-06-20
SUB1632731,0.3,3.65,0.17,0.12,54.28,0,0,35-44,Prepaid_Monthly,Premium_Smartphone,4G,2026-06-27
SUB9750364,0.99,0.51,0.8,0.68,49.3,0,0,25-34,Prepaid_Daily,5G_Device,4G,2026-07-02
SUB3214826,1.09,1.86,0.97,1.23,43.46,1,0,18-24,Prepaid_Monthly,Mid_Range,4G,2026-07-02
SUB4260802,3.21,5.76,0.01,0.45,67.12,0,0,25-34,Postpaid_Premium,Mid_Range,4G+,2026-07-06
SUB9905865,0.54,0.91,0.21,0.36,48.11,0,1,35-44,Postpaid_Basic,Mid_Range,4G,2026-07-04
SUB5590778,1.46,1.76,0.37,0.23,39.53,0,0,18-24,Prepaid_Daily,5G_Device,3G,2026-06-29
SUB6149387,0.21,1.21,0.14,1.24,20.63,1,0,25-34,Prepaid_Daily,Basic_Phone,4G,2026-06-29
SUB6396910,3.43,2.43,0.08,0.2,66.02,1,1,18-24,Prepaid_Monthly,Mid_Range,4G,2026-06-22
SUB8827881,0.41,2.76,0.51,0.3,65.79,1,1,18-24,Postpaid_Unlimited,Mid_Range,4G,2026-06-28
SUB4561497,2.81,5.44,0.18,3.18,91.52,0,0,35-44,Postpaid_Premium,Premium_Smartphone,5G,2026-07-06
SUB8318898,0.29,1.22,0.02,0.13,119.07,1,1,55+,Prepaid_Monthly,Mid_Range,5G,2026-06-19
SUB1262199,0.84,0.3,0.06,0.33,43.91,0,0,25-34,Postpaid_Basic,Mid_Range,4G,2026-06-25
SUB3870524,0.53,1.01,0.23,0.82,64.13,0,0,35-44,Postpaid_Unlimited,Mid_Range,4G,2026-06-29
SUB2137273,0.28,0.01,0.06,0.0,26.23,1,0,55+,Postpaid_Basic,Basic_Phone,4G,2026-07-05
SUB8441537,3.57,6.0,0.05,0.35,139.74,1,0,35-44,Postpaid_Unlimited,Premium_Smartphone,5G,2026-06-25
SUB4867293,0.33,1.19,0.47,1.94,42.51,0,0,35-44,Postpaid_Basic,Premium_Smartphone,4G,2026-06-24
SUB7107511,3.74,3.92,0.28,0.03,121.8,0,0,18-24,Prepaid_Monthly,5G_Device,5G,2026-06-15
SUB1033734,3.01,2.59,2.06,0.22,99.78,1,1,25-34,Postpaid_Premium,Premium_Smartphone,4G,2026-06-16
SUB1213299,0.98,0.47,0.01,0.06,53.0,1,0,25-34,Postpaid_Basic,Basic_Phone,5G,2026-06-15
SUB3771034,1.45,5.08,1.18,2.78,72.6,0,0,25-34,Postpaid_Premium,Premium_Smartphone,4G,2026-06-07
SUB9531336,0.15,0.45,0.14,0.06,71.66,0,0,45-54,Prepaid_Daily,Tablet,5G,2026-06-07
SUB1671253,0.75,3.29,0.08,0.36,37.3,1,0,25-34,Postpaid_Basic,Mid_Range,3G,2026-06-24
SUB7688304,2.82,1.6,1.22,0.04,77.12,0,1,18-24,Prepaid_Monthly,Premium_Smartphone,4G,2026-06-24
SUB7911616,0.33,0.1,0.16,0.27,123.36,0,0,55+,Prepaid_Monthly,Premium_Smartphone,4G+,2026-06-25
SUB2006152,1.07,0.94,1.69,0.56,34.06,0,0,25-34,Postpaid_Premium,Mid_Range,4G,2026-07-05
SUB7615379,0.57,0.83,0.04,0.28,82.95,0,0,55+,Postpaid_Basic,Premium_Smartphone,4G,2026-06-27
SUB6626211,1.18,1.17,0.61,0.7,114.49,1,0,35-44,Postpaid_Basic,Premium_Smartphone,4G+,2026-07-04
SUB4262331,1.78,1.44,0.02,2.98,36.6,0,0,18-24,Postpaid_Unlimited,Mid_Range,4G,2026-06-16
SUB4993767,0.49,3.24,2.17,0.0,72.2,0,0,35-44,Postpaid_Premium,Mid_Range,5G,2026-06-10
SUB4825091,0.11,0.78,0.08,1.45,65.86,1,0,35-44,Postpaid_Basic,5G_Device,4G,2026-07-01
SUB7914152,0.19,1.5,0.02,0.36,45.12,1,0,18-24,Postpaid_Basic,Mid_Range,3G,2026-06-10
SUB6015551,0.26,1.34,1.52,0.03,45.27,0,1,25-34,Prepaid_Monthly,Mid_Range,4G,2026-06-30
SUB9026261,8.0,4.04,0.62,0.01,122.64,0,1,25-34,Postpaid_Premium,5G_Device,5G,2026-06-27
SUB7636393,2.25,1.81,0.11,1.94,84.86,1,1,35-44,Prepaid_Monthly,Mid_Range,4G,2026-06-25
SUB7701354,1.31,2.35,3.08,0.01,92.67,1,0,25-34,Postpaid_Premium,5G_Device,4G,2026-06-13
SUB4689638,2.93,3.79,0.25,0.27,83.34,0,0,35-44,Prepaid_Monthly,Premium_Smartphone,4G,2026-06-15
SUB5486856,2.24,0.54,0.25,1.44,60.43,0,1,18-24,Prepaid_Daily,Premium_Smartphone,4G,2026-07-03
SUB7955653,1.0,0.58,0.54,0.48,77.88,0,1,25-34,Prepaid_Daily,Mid_Range,4G+,2026-06-16
SUB2208957,3.5,6.0,3.01,0.71,66.79,0,1,18-24,Postpaid_Basic,5G_Device,4G,2026-06-23
SUB7232302,7.03,3.86,0.63,1.87,99.57,0,0,18-24,Prepaid_Monthly,5G_Device,4G+,2026-06-09
SUB2141766,1.05,1.33,0.14,0.1,29.42,1,0,25-34,Prepaid_Monthly,Mid_Range,3G,2026-06-09
SUB7259471,0.86,2.29,2.4,0.07,63.46,1,0,25-34,Postpaid_Basic,Premium_Smartphone,3G,2026-06-11
SUB1524658,2.62,0.32,0.39,1.13,89.13,1,1,25-34,Prepaid_Daily,Mid_Range,4G,2026-06-13
SUB6619236,1.09,0.94,0.25,0.41,61.89,1,0,55+,Prepaid_Monthly,Mid_Range,4G+,2026-06-22
SUB9108196,1.01,0.72,0.15,0.59,28.01,1,1,25-34,Prepaid_Monthly,Basic_Phone,4G,2026-07-01
SUB1003196,1.29,0.43,0.08,0.43,70.34,0,0,35-44,Postpaid_Premium,5G_Device,4G+,2026-06-20
SUB4657919,1.24,0.41,0.69,0.11,51.1,0,1,55+,Postpaid_Basic,Tablet,3G,2026-06-19
SUB7129877,2.44,0.32,2.4,0.08,153.79,0,1,55+,Postpaid_Unlimited,5G_Device,5G,2026-07-03
SUB7105661,0.93,0.34,0.53,0.15,128.78,0,0,45-54,Prepaid_Monthly,Premium_Smartphone,5G,2026-06-22
SUB8142727,4.68,4.59,0.55,0.35,74.23,0,1,18-24,Prepaid_Monthly,5G_Device,4G,2026-07-02
SUB3603680,1.06,2.92,0.94,0.19,79.07,1,0,35-44,Prepaid_Daily,5G_Device,4G,2026-07-05
SUB7209774,0.11,0.81,0.06,0.12,156.91,1,0,45-54,Postpaid_Unlimited,Premium_Smartphone,5G,2026-06-08
SUB1858811,0.57,1.77,0.19,0.26,73.1,0,0,45-54,Postpaid_Basic,5G_Device,4G,2026-06-28
SUB5064337,0.61,0.09,0.07,0.29,28.5,0,0,35-44,Postpaid_Basic,Basic_Phone,4G,2026-06-25
SUB4636119,0.09,0.63,0.82,0.24,18.5,1,0,18-24,Postpaid_Unlimited,Basic_Phone,3G,2026-07-02
SUB4556995,0.23,0.08,0.17,0.01,16.26,1,0,55+,Prepaid_Monthly,Basic_Phone,4G,2026-06-28
SUB2667108,1.49,0.16,0.18,0.02,12.89,1,0,25-34,Prepaid_Monthly,Basic_Phone,4G,2026-06-11
SUB3853507,2.57,3.5,0.76,0.54,64.32,1,1,25-34,Postpaid_Premium,Mid_Range,4G,2026-06-27
SUB8593548,0.9,6.0,1.85,0.42,131.43,0,1,25-34,Postpaid_Premium,5G_Device,4G,2026-06-30
SUB8793404,1.67,6.0,2.07,4.68,65.03,1,0,25-34,Postpaid_Premium,Premium_Smartphone,4G,2026-06-21
SUB3154327,4.01,6.0,0.13,1.58,72.65,0,0,18-24,Postpaid_Premium,Premium_Smartphone,4G,2026-06-17
SUB5070081,0.34,1.3,1.13,0.09,32.37,0,0,25-34,Postpaid_Basic,Mid_Range,4G,2026-06-14
SUB4917000,0.22,0.89,0.24,0.21,94.11,0,1,55+,Postpaid_Unlimited,Premium_Smartphone,4G,2026-06-18
SUB9173542,0.24,2.06,1.2,0.88,80.91,0,0,25-34,Postpaid_Basic,Mid_Range,5G,2026-06-26
SUB3350716,1.15,3.47,0.16,0.32,138.72,1,0,25-34,Prepaid_Monthly,Premium_Smartphone,4G+,2026-06-15
SUB2264008,0.47,0.14,0.31,1.18,93.92,0,0,45-54,Postpaid_Basic,Premium_Smartphone,4G+,2026-07-02
SUB7456942,0.85,0.43,0.59,1.73,57.16,1,0,25-34,Postpaid_Premium,Premium_Smartphone,3G,2026-07-05
SUB3768654,1.0,0.9,1.91,1.23,64.25,1,0,25-34,Postpaid_Premium,Mid_Range,4G,2026-06-27
SUB8061944,4.69,0.86,0.3,0.23,150.27,1,0,25-34,Prepaid_Monthly,5G_Device,5G,2026-06-12
SUB4876345,0.74,1.58,0.26,0.08,61.62,0,0,18-24,Prepaid_Daily,Mid_Range,5G,2026-06-14
SUB7057174,0.38,0.53,0.08,0.18,73.04,0,0,18-24,Prepaid_Monthly,Premium_Smartphone,3G,2026-07-04
SUB3233414,7.6,1.19,1.65,0.58,94.43,0,0,35-44,Postpaid_Unlimited,Tablet,5G,2026-07-03
SUB7134678,0.12,0.07,0.01,0.0,63.89,0,0,55+,Prepaid_Daily,Tablet,4G,2026-07-01
SUB9392939,0.14,0.33,1.93,0.09,33.0,0,1,35-44,Postpaid_Basic,Basic_Phone,4G+,2026-06-10
SUB2565976,1.13,4.99,0.59,0.18,84.26,0,1,18-24,Postpaid_Basic,Premium_Smartphone,4G+,2026-06-08
SUB4976808,3.01,0.6,0.59,0.67,51.8,1,0,25-34,Postpaid_Unlimited,Mid_Range,3G,2026-07-03
SUB8630725,1.34,1.35,0.0,0.19,26.33,0,1,18-24,Postpaid_Premium,Mid_Range,3G,2026-06-08
SUB9601462,4.9,0.76,0.78,2.74,100.59,0,1,25-34,Postpaid_Unlimited,Premium_Smartphone,4G,2026-06-18
SUB5744353,0.8,0.47,0.15,0.07,33.6,0,0,18-24,Postpaid_Basic,Mid_Range,3G,2026-06-15
SUB2553416,0.36,3.93,0.28,0.53,61.5,1,0,45-54,Postpaid_Unlimited,Premium_Smartphone,3G,2026-06-23
SUB8260219,0.16,0.33,0.06,0.31,23.73,1,1,18-24,Prepaid_Monthly,Basic_Phone,4G+,2026-06-24
SUB3956156,5.21,1.15,0.01,1.71,110.12,0,0,18-24,Prepaid_Monthly,5G_Device,5G,2026-06-15
SUB3281696,1.32,2.55,4.0,0.02,105.13,0,1,25-34,Postpaid_Premium,Premium_Smartphone,5G,2026-07-05
SUB2133243,0.71,4.07,2.35,0.04,161.66,0,1,18-24,Prepaid_Monthly,Premium_Smartphone,5G,2026-06-10
SUB1004677,3.16,1.72,0.5,0.29,47.3,0,0,35-44,Postpaid_Unlimited,Premium_Smartphone,4G,2026-06-22
SUB9593188,0.48,0.41,0.03,0.04,112.68,0,0,55+,Prepaid_Monthly,Tablet,5G,2026-06-09
SUB1130334,1.07,2.91,0.19,1.52,179.09,1,0,18-24,Prepaid_Monthly,Tablet,5G,2026-06-27
SUB5557885,1.38,0.24,0.19,0.59,135.5,0,0,25-34,Prepaid_Monthly,Premium_Smartphone,5G,2026-06-12
SUB6162425,0.83,0.43,0.19,0.2,52.01,0,0,55+,Postpaid_Basic,Premium_Smartphone,4G,2026-06-12
SUB3508963,0.62,1.38,0.48,0.62,175.75,1,0,35-44,Prepaid_Daily,Premium_Smartphone,5G,2026-06-30
SUB8820707,0.06,0.07,0.04,0.05,66.71,0,0,55+,Prepaid_Daily,Mid_Range,4G+,2026-06-10
SUB6827316,2.42,5.03,3.35,1.1,47.52,0,1,18-24,Postpaid_Unlimited,Mid_Range,4G,2026-06-29
SUB1558745,8.0,2.94,0.05,1.13,41.08,0,1,18-24,Postpaid_Unlimited,Mid_Range,4G,2026-06-12
SUB9955427,1.91,0.37,1.02,1.76,72.61,0,0,18-24,Prepaid_Daily,Premium_Smartphone,4G+,2026-06-10
SUB9582851,0.57,0.39,0.37,0.0,23.73,0,1,25-34,Postpaid_Basic,Basic_Phone,4G,2026-06-18
SUB3870741,3.2,2.69,0.12,0.1,67.2,1,0,35-44,Postpaid_Basic,Premium_Smartphone,3G,2026-06-19
SUB8910091,0.4,5.13,1.73,2.0,80.45,1,1,18-24,Prepaid_Monthly,Mid_Range,4G,2026-06-24
SUB1617423,6.85,3.72,0.52,1.34,174.29,1,0,25-34,Postpaid_Basic,Premium_Smartphone,5G,2026-06-07
SUB9979250,1.84,2.97,0.37,0.36,105.87,0,0,25-34,Postpaid_Basic,5G_Device,5G,2026-06-30
SUB3865893,0.02,0.65,0.16,0.04,47.79,0,0,45-54,Postpaid_Basic,Basic_Phone,5G,2026-06-16
SUB2250844,8.0,1.59,0.48,0.06,75.79,0,0,18-24,Postpaid_Premium,5G_Device,4G,2026-06-25
SUB1916094,1.35,1.67,0.31,0.43,141.95,1,0,18-24,Postpaid_Basic,Premium_Smartphone,4G+,2026-06-29
SUB5289361,0.51,0.4,0.14,0.01,25.3,0,0,35-44,Prepaid_Monthly,Mid_Range,4G,2026-06-07
SUB1246889,1.87,2.84,0.9,6.0,72.85,0,0,18-24,Postpaid_Basic,Premium_Smartphone,4G+,2026-07-06
SUB7719142,5.74,4.66,0.6,0.04,79.7,0,1,25-34,Postpaid_Basic,Premium_Smartphone,4G+,2026-06-22
SUB2465088,0.62,3.44,1.85,1.31,75.41,0,1,25-34,Postpaid_Premium,Premium_Smartphone,4G,2026-07-02
SUB7147878,3.64,1.77,0.13,0.6,104.47,1,0,45-54,Postpaid_Basic,Premium_Smartphone,4G,2026-06-20
SUB7615316,3.77,3.01,0.06,2.01,54.55,1,0,35-44,Postpaid_Premium,5G_Device,3G,2026-06-21
SUB6269262,0.32,0.7,0.06,0.02,113.96,0,1,35-44,Prepaid_Monthly,5G_Device,4G,2026-06-14
SUB5184251,0.61,0.27,0.7,0.08,98.72,0,0,55+,Prepaid_Monthly,5G_Device,5G,2026-06-18
SUB7838163,0.59,0.57,0.76,0.65,93.46,1,0,55+,Postpaid_Premium,5G_Device,4G,2026-06-30
SUB5275542,0.42,0.67,0.31,0.19,22.42,0,0,35-44,Postpaid_Premium,Basic_Phone,4G,2026-06-19
SUB6236840,0.75,0.31,0.35,0.34,69.2,0,0,25-34,Prepaid_Monthly,Mid_Range,5G,2026-06-12
SUB2743227,2.37,0.57,0.18,0.58,113.96,1,1,35-44,Prepaid_Monthly,5G_Device,4G,2026-06-28
SUB8660064,0.26,2.95,0.66,0.44,88.88,0,0,25-34,Postpaid_Premium,5G_Device,5G,2026-06-29
SUB1586470,0.84,0.88,0.33,0.14,172.88,1,0,55+,Prepaid_Monthly,Premium_Smartphone,5G,2026-06-20
SUB8170364,1.84,2.49,0.17,0.0,103.19,0,0,35-44,Prepaid_Daily,5G_Device,4G,2026-06-12
SUB4974409,1.99,2.64,0.62,0.08,52.57,0,0,25-34,Postpaid_Basic,Mid_Range,5G,2026-07-02
SUB1177216,1.18,0.65,0.05,0.06,148.3,0,0,18-24,Prepaid_Daily,Premium_Smartphone,5G,2026-06-23
SUB5649292,1.89,1.89,0.22,0.09,142.02,1,0,18-24,Prepaid_Monthly,Premium_Smartphone,5G,2026-06-09
SUB3176512,1.1,3.0,0.75,0.0,62.78,1,1,18-24,Prepaid_Monthly,Premium_Smartphone,3G,2026-06-07
SUB4683460,7.38,1.73,0.03,0.35,107.39,0,1,18-24,Postpaid_Premium,Premium_Smartphone,4G,2026-07-04
SUB9512270,1.38,0.87,2.45,0.72,102.98,0,0,25-34,Prepaid_Monthly,5G_Device,4G,2026-07-03
SUB2818352,5.95,0.71,0.6,2.24,63.4,1,1,18-24,Postpaid_Basic,Mid_Range,4G,2026-06-15
SUB4244571,0.23,6.0,3.07,1.66,134.05,1,1,35-44,Postpaid_Premium,5G_Device,5G,2026-06-19
SUB3894558,4.78,0.87,0.53,0.12,62.92,1,0,18-24,Postpaid_Basic,Premium_Smartphone,3G,2026-07-06
SUB2480175,0.89,3.26,0.12,0.09,68.09,0,0,18-24,Prepaid_Daily,Premium_Smartphone,3G,2026-06-13
SUB2829484,0.76,2.24,1.45,0.17,64.0,1,0,25-34,Postpaid_Premium,Mid_Range,4G,2026-06-17
SUB2667690,1.27,0.41,0.14,0.0,39.39,0,0,45-54,Prepaid_Daily,5G_Device,3G,2026-07-05
SUB5419425,0.35,1.38,0.25,0.01,98.12,1,0,25-34,Prepaid_Daily,Premium_Smartphone,3G,2026-06-17
SUB8217037,1.15,0.27,0.49,0.04,43.05,0,0,25-34,Prepaid_Daily,Mid_Range,4G,2026-06-07
SUB6017226,0.13,0.84,0.3,0.37,155.68,1,0,35-44,Prepaid_Monthly,Premium_Smartphone,5G,2026-06-24
SUB3746153,4.28,1.05,4.0,1.0,36.16,0,1,25-34,Postpaid_Premium,Mid_Range,4G,2026-06-24
SUB9360927,1.89,2.98,0.1,0.01,43.75,0,0,25-34,Postpaid_Premium,Mid_Range,3G,2026-06-29
SUB2104188,1.1,6.0,0.78,0.02,73.75,1,0,18-24,Prepaid_Monthly,Mid_Range,4G,2026-06-29
SUB8292496,3.31,0.62,0.11,0.19,61.89,1,0,35-44,Postpaid_Unlimited,Premium_Smartphone,4G,2026-06-21
SUB6125614,0.81,1.36,0.73,1.75,86.58,1,0,35-44,Prepaid_Monthly,Mid_Range,5G,2026-06-24
SUB4783112,0.14,4.05,0.55,0.96,83.05,1,0,35-44,Postpaid_Basic,Mid_Range,5G,2026-06-08
SUB3306569,6.17,6.0,0.5,0.17,85.88,0,0,25-34,Postpaid_Premium,5G_Device,4G,2026-06-18
SUB1211463,0.17,1.59,0.27,1.64,126.08,0,0,45-54,Postpaid_Premium,Premium_Smartphone,5G,2026-06-24
SUB8185300,0.71,1.35,0.75,0.35,59.68,0,0,25-34,Prepaid_Daily,Premium_Smartphone,4G+,2026-06-19
SUB1268602,2.65,1.8,0.71,0.36,91.7,1,1,18-24,Postpaid_Premium,5G_Device,3G,2026-07-03
SUB3394820,1.82,2.83,0.58,1.21,61.51,0,0,25-34,Prepaid_Monthly,Premium_Smartphone,3G,2026-07-03
SUB6545501,2.87,1.4,0.94,0.02,86.89,0,1,35-44,Prepaid_Monthly,Premium_Smartphone,4G,2026-06-25
SUB5736912,1.44,0.94,0.33,0.44,89.11,0,0,18-24,Postpaid_Basic,Mid_Range,5G,2026-06-23
SUB3507720,1.46,0.96,0.29,1.06,64.67,0,0,35-44,Postpaid_Premium,Premium_Smartphone,3G,2026-06-16
SUB4742849,0.25,0.67,0.02,0.24,64.8,0,0,45-54,Prepaid_Daily,Premium_Smartphone,4G,2026-06-09
SUB9482084,0.23,1.32,0.04,0.0,72.47,0,1,25-34,Prepaid_Daily,Mid_Range,4G,2026-06-27
SUB1114560,0.4,1.62,0.96,0.51,114.12,0,0,25-34,Prepaid_Daily,Premium_Smartphone,5G,2026-06-13
SUB6115011,1.06,1.86,0.47,1.14,92.56,0,0,18-24,Prepaid_Monthly,Premium_Smartphone,4G,2026-06-07
SUB2349987,0.79,0.49,0.35,0.15,66.33,0,0,25-34,Prepaid_Daily,Mid_Range,4G+,2026-06-29
SUB1549656,0.68,0.61,0.25,0.33,55.84,1,0,18-24,Postpaid_Unlimited,Premium_Smartphone,3G,2026-06-26
SUB4580885,0.06,0.59,0.01,0.12,92.26,0,0,55+,Prepaid_Monthly,Mid_Range,5G,2026-06-09
SUB8544022,1.52,1.87,0.02,0.05,87.81,0,0,25-34,Prepaid_Daily,Premium_Smartphone,4G,2026-06-14
SUB4403209,0.47,0.7,0.07,0.89,81.33,0,0,45-54,Postpaid_Basic,Premium_Smartphone,4G+,2026-06-25
SUB3995785,1.36,2.96,0.17,0.09,63.27,0,1,18-24,Postpaid_Premium,Mid_Range,5G,2026-07-01
SUB4980125,2.88,3.77,0.57,1.26,130.43,1,0,45-54,Postpaid_Premium,Premium_Smartphone,4G,2026-07-01
SUB7901013,0.29,0.65,0.47,0.3,42.8,0,0,45-54,Postpaid_Premium,5G_Device,3G,2026-06-17
SUB2826629,0.59,0.49,0.18,0.28,71.68,0,0,35-44,Prepaid_Daily,Mid_Range,5G,2026-07-06
SUB6718365,0.74,0.61,0.05,0.11,70.71,0,0,55+,Postpaid_Premium,5G_Device,4G,2026-06-30
SUB9289985,1.01,6.0,2.55,0.21,52.12,1,0,18-24,Postpaid_Basic,Mid_Range,4G+,2026-06-14
SUB9480287,1.34,2.77,1.36,0.27,76.95,1,0,25-34,Postpaid_Basic,5G_Device,3G,2026-06-13
SUB2339083,0.59,1.08,0.04,1.14,39.48,0,1,35-44,Postpaid_Unlimited,Basic_Phone,4G,2026-06-22
SUB6404672,0.46,0.43,0.1,0.26,15.14,1,0,35-44,Postpaid_Premium,Basic_Phone,3G,2026-06-13
SUB4703367,0.35,3.24,0.32,0.36,39.42,1,0,45-54,Postpaid_Premium,Mid_Range,4G,2026-06-17
SUB8975343,1.65,3.22,0.15,0.33,143.02,1,1,18-24,Prepaid_Daily,5G_Device,4G,2026-07-06
SUB6934385,4.54,4.02,0.66,5.85,184.34,1,0,18-24,Postpaid_Basic,Premium_Smartphone,5G,2026-07-04
SUB4890702,1.56,1.35,4.0,1.07,136.04,0,0,25-34,Postpaid_Unlimited,Premium_Smartphone,5G,2026-06-19
SUB3374151,2.06,2.71,0.39,0.59,141.27,0,0,45-54,Postpaid_Basic,5G_Device,5G,2026-07-01
SUB7720841,0.03,0.05,0.02,0.02,18.15,1,1,55+,Prepaid_Daily,Basic_Phone,3G,2026-06-07
SUB8601709,2.19,1.15,0.12,0.95,116.09,1,0,35-44,Postpaid_Premium,Mid_Range,5G,2026-06-17
SUB1177476,0.95,0.98,0.03,0.03,69.05,0,0,25-34,Prepaid_Daily,Premium_Smartphone,4G,2026-07-02
SUB2199217,0.68,0.41,0.06,0.33,40.5,0,1,35-44,Postpaid_Premium,Mid_Range,3G,2026-06-23
SUB3675877,0.71,0.75,0.22,0.64,31.69,0,1,35-44,Postpaid_Unlimited,Basic_Phone,4G,2026-07-06
SUB9306042,3.44,2.57,1.56,0.05,171.04,1,0,18-24,Prepaid_Monthly,Premium_Smartphone,4G+,2026-06-11
SUB3949908,2.2,2.04,1.54,0.18,77.22,1,1,35-44,Prepaid_Monthly,Mid_Range,5G,2026-06-10
SUB7476625,0.7,0.33,0.19,0.0,36.58,0,1,25-34,Prepaid_Monthly,Basic_Phone,4G,2026-06-18
SUB2931441,1.33,3.18,0.04,0.49,31.06,0,0,25-34,Postpaid_Unlimited,Mid_Range,4G,2026-06-27
SUB1265033,4.73,0.65,0.16,0.02,35.02,0,0,18-24,Postpaid_Basic,Mid_Range,4G,2026-06-13
SUB7499998,0.64,0.4,0.41,0.45,129.2,1,0,45-54,Postpaid_Basic,Premium_Smartphone,4G,2026-06-29
SUB6462774,1.71,0.48,0.03,0.08,33.77,0,0,45-54,Postpaid_Premium,Mid_Range,3G,2026-07-05
SUB6818812,0.31,0.92,0.02,0.05,29.09,0,0,35-44,Prepaid_Monthly,Mid_Range,4G,2026-06-10
SUB7111053,4.37,2.87,0.32,0.02,75.12,0,0,35-44,Prepaid_Monthly,5G_Device,4G,2026-07-04
SUB1842329,2.69,2.65,0.34,0.11,110.8,0,0,25-34,Postpaid_Premium,5G_Device,5G,2026-06-16
SUB8743343,1.14,1.43,0.93,0.02,106.29,1,1,35-44,Postpaid_Unlimited,5G_Device,3G,2026-07-01
SUB1174588,0.24,0.8,0.24,0.44,113.34,0,1,25-34,Prepaid_Daily,Premium_Smartphone,4G,2026-07-04
SUB4773618,2.57,0.37,0.26,0.03,115.0,0,1,45-54,Prepaid_Daily,Premium_Smartphone,4G,2026-07-03
SUB8636805,2.06,0.14,2.01,0.11,93.8,0,0,25-34,Prepaid_Monthly,Premium_Smartphone,4G,2026-07-06
SUB2530332,7.89,1.91,1.1,0.62,94.56,0,1,35-44,Postpaid_Premium,Tablet,5G,2026-06-10
SUB5739023,1.29,1.79,1.73,0.11,123.79,1,1,35-44,Prepaid_Monthly,5G_Device,5G,2026-06-27
SUB8527837,4.66,0.58,0.7,3.01,158.08,1,1,35-44,Postpaid_Unlimited,Premium_Smartphone,4G,2026-07-01
SUB2033290,0.12,0.83,0.51,0.17,99.82,0,0,45-54,Prepaid_Daily,Premium_Smartphone,4G,2026-06-30
SUB5625535,3.86,6.0,1.22,0.36,198.84,1,0,25-34,Prepaid_Daily,Premium_Smartphone,5G,2026-06-22
SUB7847129,0.18,0.08,0.0,0.07,20.04,0,0,45-54,Prepaid_Daily,Basic_Phone,5G,2026-06-11
SUB8458136,3.7,4.24,3.61,0.32,59.11,0,0,25-34,Postpaid_Unlimited,5G_Device,4G,2026-06-07
SUB4158546,0.1,1.56,0.13,0.03,151.11,0,1,55+,Prepaid_Daily,Premium_Smartphone,5G,2026-06-19
SUB9870046,1.66,1.93,0.13,0.51,93.97,0,0,45-54,Postpaid_Basic,Premium_Smartphone,4G+,2026-06-20
SUB5768424,1.27,0.45,4.0,0.26,27.86,0,0,18-24,Prepaid_Monthly,Mid_Range,4G,2026-06-19
SUB7070243,0.27,0.07,0.02,0.01,38.23,0,1,45-54,Postpaid_Premium,Basic_Phone,4G+,2026-06-23
SUB2258542,0.48,0.21,0.13,0.02,7.12,0,0,35-44,Prepaid_Daily,Basic_Phone,3G,2026-06-27
SUB8349953,1.12,0.52,0.02,0.08,59.34,0,0,55+,Postpaid_Premium,Mid_Range,4G,2026-07-05
SUB5072091,0.59,0.83,0.24,0.67,119.93,1,0,35-44,Prepaid_Monthly,Premium_Smartphone,4G,2026-06-13
SUB8414440,1.0,0.65,0.01,0.04,19.17,0,1,18-24,Postpaid_Unlimited,Basic_Phone,4G,2026-07-04
SUB4793868,1.02,2.62,0.48,0.3,118.08,0,0,25-34,Postpaid_Premium,Tablet,4G+,2026-06-19
SUB2591711,1.11,0.91,1.46,3.48,50.31,1,0,25-34,Prepaid_Monthly,Mid_Range,4G,2026-07-01
SUB2628853,0.25,0.89,0.23,0.09,30.59,0,0,45-54,Postpaid_Unlimited,Mid_Range,3G,2026-06-25
SUB3058721,1.83,0.82,0.26,0.49,133.88,1,1,35-44,Prepaid_Daily,Premium_Smartphone,4G,2026-06-07
SUB2960391,0.21,0.99,0.07,0.56,24.78,0,0,25-34,Postpaid_Premium,Basic_Phone,4G+,2026-06-12
SUB5657448,0.7,1.25,0.18,0.03,70.6,1,0,35-44,Prepaid_Monthly,5G_Device,3G,2026-06-08
SUB8392367,2.47,0.21,0.79,0.03,55.7,0,1,35-44,Prepaid_Monthly,Premium_Smartphone,4G,2026-06-14
SUB7156225,1.43,0.1,0.08,0.03,43.73,0,0,18-24,Prepaid_Daily,Mid_Range,4G,2026-06-21
SUB5076773,4.89,0.81,1.51,0.04,66.7,1,0,18-24,Postpaid_Basic,Mid_Range,5G,2026-06-15
SUB6393333,1.32,1.61,0.39,0.42,81.72,1,1,25-34,Prepaid_Daily,Mid_Range,4G,2026-06-17
SUB5512121,1.54,0.41,0.08,0.1,54.11,0,0,18-24,Postpaid_Basic,Premium_Smartphone,4G,2026-06-27
SUB7908008,1.77,0.4,0.23,0.75,44.89,0,0,18-24,Prepaid_Monthly,Mid_Range,4G,2026-06-07
SUB9447680,3.62,0.7,0.27,0.96,98.78,0,0,18-24,Postpaid_Premium,Premium_Smartphone,4G,2026-07-02
SUB4883337,1.82,2.35,0.91,0.13,68.55,1,0,45-54,Postpaid_Basic,Premium_Smartphone,4G,2026-06-14
SUB6900726,6.54,4.71,2.56,0.28,151.26,0,1,25-34,Postpaid_Premium,Premium_Smartphone,4G+,2026-07-02
SUB3163843,0.93,2.14,1.86,0.45,67.79,1,0,25-34,Postpaid_Premium,Mid_Range,5G,2026-06-10
SUB3762594,1.02,1.48,0.21,0.04,110.18,0,0,18-24,Prepaid_Daily,Premium_Smartphone,4G+,2026-06-30
SUB8686281,0.64,0.83,0.31,0.65,73.31,1,1,25-34,Prepaid_Daily,Mid_Range,4G,2026-06-12
SUB5201390,0.54,2.54,0.73,0.06,72.82,0,1,25-34,Prepaid_Monthly,Premium_Smartphone,3G,2026-06-22
SUB9778570,0.69,0.25,0.31,0.05,20.55,0,1,18-24,Postpaid_Unlimited,Basic_Phone,3G,2026-07-06
SUB4477899,0.41,1.44,0.22,0.0,49.45,0,0,35-44,Postpaid_Basic,Mid_Range,4G,2026-06-13
SUB5131279,2.98,1.26,0.65,1.8,69.42,0,0,35-44,Postpaid_Premium,Premium_Smartphone,4G+,2026-06-16
SUB3086172,8.0,6.0,0.9,3.03,133.56,1,1,25-34,Postpaid_Unlimited,Premium_Smartphone,4G+,2026-06-08
SUB2365265,1.2,0.26,0.08,0.2,28.74,0,0,35-44,Postpaid_Unlimited,Basic_Phone,5G,2026-06-08
SUB4242222,1.07,0.2,0.66,0.53,61.92,0,0,25-34,Postpaid_Basic,Mid_Range,4G,2026-06-21
SUB9504589,3.16,6.0,0.61,0.15,169.25,0,1,18-24,Postpaid_Basic,Tablet,5G,2026-06-23
SUB8322933,1.32,1.8,0.16,0.96,61.79,0,0,35-44,Postpaid_Unlimited,Mid_Range,4G,2026-06-11
SUB9677177,1.97,1.12,1.45,0.1,139.1,1,1,45-54,Postpaid_Premium,Mid_Range,5G,2026-06-29
SUB4256505,0.88,0.18,0.01,0.02,13.37,0,0,35-44,Postpaid_Premium,Basic_Phone,4G,2026-06-30
SUB9791249,0.31,1.55,1.32,0.33,87.4,0,0,25-34,Postpaid_Basic,Premium_Smartphone,4G,2026-06-28
SUB5812056,0.18,0.36,0.06,0.12,45.76,0,0,55+,Postpaid_Basic,Premium_Smartphone,3G,2026-07-01
SUB4776764,0.6,2.08,1.25,0.51,63.42,1,0,25-34,Prepaid_Monthly,Mid_Range,5G,2026-07-02
SUB2515538,1.13,2.26,0.49,0.4,77.85,1,0,25-34,Postpaid_Premium,Premium_Smartphone,4G,2026-06-11
SUB5849666,0.71,0.83,4.0,1.26,80.31,0,0,25-34,Postpaid_Basic,Premium_Smartphone,4G,2026-07-06
SUB4399618,1.25,1.96,0.1,0.33,98.22,0,0,35-44,Prepaid_Monthly,Premium_Smartphone,4G+,2026-07-06
SUB7725630,0.51,1.68,0.55,0.01,120.17,1,0,45-54,Prepaid_Monthly,Tablet,4G,2026-07-01
SUB4404629,0.09,1.56,0.08,0.12,33.9,0,1,25-34,Postpaid_Unlimited,Basic_Phone,4G,2026-07-02
SUB3192848,4.94,6.0,1.41,0.77,65.24,0,1,18-24,Postpaid_Basic,5G_Device,4G,2026-07-05
SUB3773219,1.72,0.98,0.87,0.05,75.12,1,1,35-44,Prepaid_Monthly,5G_Device,3G,2026-06-19
SUB5864912,0.21,0.26,0.01,0.11,48.77,0,0,55+,Prepaid_Daily,Mid_Range,3G,2026-06-11
SUB2644173,0.11,2.17,0.27,3.33,55.56,0,0,18-24,Postpaid_Basic,5G_Device,3G,2026-06-19
SUB5261725,1.04,0.77,0.28,0.58,91.47,1,0,45-54,Prepaid_Daily,Premium_Smartphone,4G,2026-07-02
SUB9625044,0.29,2.19,0.64,0.01,49.55,0,0,25-34,Postpaid_Basic,5G_Device,3G,2026-06-21
SUB6545636,0.73,0.99,0.6,0.31,54.81,0,0,45-54,Postpaid_Premium,Premium_Smartphone,4G,2026-06-10
SUB6780618,0.92,0.67,0.05,0.74,49.69,1,0,25-34,Postpaid_Basic,Mid_Range,3G,2026-06-22
SUB6252371,1.65,4.0,0.64,2.57,94.83,0,0,25-34,Postpaid_Unlimited,Premium_Smartphone,4G+,2026-06-29
SUB3214178,0.03,0.27,0.12,0.52,43.07,0,0,35-44,Prepaid_Daily,Mid_Range,4G+,2026-07-03
SUB1074804,0.0,0.45,0.03,0.34,84.3,0,0,55+,Prepaid_Monthly,Mid_Range,5G,2026-06-19
SUB3976877,1.99,0.3,0.73,0.38,133.14,1,0,25-34,Prepaid_Daily,Premium_Smartphone,5G,2026-06-26
SUB4789514,2.36,0.49,0.56,1.03,122.83,0,0,25-34,Prepaid_Daily,5G_Device,5G,2026-06-22
SUB5957107,3.32,1.16,0.07,0.07,101.52,0,1,18-24,Prepaid_Daily,Premium_Smartphone,5G,2026-06-28
SUB2972871,5.68,6.0,0.63,3.33,175.14,1,0,18-24,Postpaid_Premium,5G_Device,5G,2026-07-05
SUB2940483,1.01,0.27,0.56,0.34,48.89,0,1,45-54,Prepaid_Monthly,Mid_Range,4G,2026-06-26
SUB3911898,2.05,1.04,3.64,0.03,105.51,0,1,18-24,Postpaid_Unlimited,Premium_Smartphone,4G+,2026-07-05
SUB9875943,0.63,0.41,0.23,0.02,55.9,1,0,45-54,Prepaid_Daily,Premium_Smartphone,4G,2026-06-18
SUB6227365,0.2,0.35,0.09,0.0,22.75,0,0,25-34,Postpaid_Premium,Basic_Phone,4G,2026-06-11
SUB8689262,0.26,0.23,0.07,0.54,27.32,0,0,55+,Postpaid_Unlimited,Basic_Phone,5G,2026-06-23
SUB4509163,7.55,0.84,0.28,0.18,69.99,0,0,18-24,Prepaid_Daily,5G_Device,4G+,2026-06-12
SUB7825711,0.42,1.05,0.09,0.3,32.97,0,0,18-24,Prepaid_Monthly,Mid_Range,4G,2026-06-28
SUB2261402,1.2,2.62,0.88,1.38,59.03,0,0,18-24,Postpaid_Premium,Mid_Range,4G,2026-06-13
SUB3126028,0.53,1.4,0.33,0.42,94.43,0,0,45-54,Postpaid_Basic,5G_Device,4G,2026-06-10
SUB3985032,7.24,3.03,2.41,1.2,130.28,0,1,25-34,Postpaid_Basic,Tablet,4G+,2026-06-10
SUB4077195,0.48,1.39,0.76,0.34,116.37,0,0,18-24,Prepaid_Monthly,5G_Device,5G,2026-06-17
SUB3326344,2.08,0.29,0.23,0.19,128.62,1,0,45-54,Postpaid_Premium,5G_Device,4G,2026-07-03
SUB7103807,1.93,0.4,0.19,0.99,85.68,0,1,45-54,Postpaid_Premium,Mid_Range,5G,2026-06-19
SUB2076837,0.31,0.29,0.01,0.29,40.4,1,0,45-54,Prepaid_Daily,Mid_Range,4G,2026-06-17
SUB8446633,0.35,6.0,0.86,3.43,87.54,0,0,18-24,Postpaid_Unlimited,Tablet,4G,2026-07-05
SUB6717467,0.97,2.41,0.09,0.99,147.72,0,0,25-34,Postpaid_Basic,Premium_Smartphone,5G,2026-07-05
SUB2629040,1.22,0.88,0.63,0.09,121.49,1,0,35-44,Postpaid_Basic,Premium_Smartphone,4G,2026-06-22
SUB4663289,2.8,2.34,0.1,0.88,48.94,0,1,25-34,Postpaid_Premium,Mid_Range,4G,2026-06-25
SUB3916596,0.73,1.62,0.4,0.67,85.33,0,0,18-24,Postpaid_Basic,5G_Device,4G,2026-06-20
SUB8966473,0.04,0.11,0.01,0.04,40.3,0,0,18-24,Prepaid_Daily,Basic_Phone,5G,2026-06-13
SUB7185941,0.45,0.25,0.09,0.32,48.58,1,0,55+,Postpaid_Basic,Mid_Range,4G,2026-06-26
SUB5127436,0.29,1.4,0.08,0.07,61.68,0,0,18-24,Postpaid_Premium,Mid_Range,4G,2026-06-29
SUB5866940,0.71,0.61,0.02,0.42,62.33,0,0,35-44,Postpaid_Premium,Premium_Smartphone,4G,2026-06-30
SUB4462511,0.55,0.58,0.92,4.67,71.94,0,0,25-34,Postpaid_Unlimited,Premium_Smartphone,4G,2026-06-23
SUB1384083,1.5,1.15,0.25,0.82,124.74,1,0,35-44,Prepaid_Daily,Premium_Smartphone,5G,2026-07-04
SUB9920206,1.05,0.19,0.01,0.03,17.11,0,0,35-44,Prepaid_Monthly,Basic_Phone,4G+,2026-07-06
SUB6607968,1.14,3.4,0.27,1.5,76.88,0,0,25-34,Postpaid_Basic,5G_Device,4G,2026-07-02
SUB7769552,0.54,1.35,0.41,0.07,123.63,0,1,25-34,Postpaid_Basic,Tablet,5G,2026-06-27
SUB4050798,0.3,0.19,0.29,0.08,103.2,1,0,45-54,Prepaid_Monthly,Mid_Range,5G,2026-06-10
SUB3536047,5.57,6.0,0.07,0.37,66.04,0,1,25-34,Postpaid_Premium,5G_Device,4G,2026-06-14
SUB7464143,0.61,0.18,0.11,0.31,117.23,1,0,45-54,Prepaid_Daily,Tablet,4G+,2026-07-02
SUB4254992,2.12,1.0,0.22,0.44,36.05,0,0,35-44,Prepaid_Daily,Mid_Range,4G,2026-06-25
SUB5797663,3.33,1.02,1.38,0.07,54.96,0,1,35-44,Postpaid_Unlimited,Mid_Range,4G,2026-06-17
SUB7269191,1.77,0.53,4.0,0.01,111.87,0,0,25-34,Prepaid_Monthly,Tablet,4G+,2026-06-21
SUB4535443,0.53,0.96,0.69,0.68,29.3,0,1,18-24,Postpaid_Unlimited,Basic_Phone,3G,2026-06-17
SUB2932303,1.16,0.8,0.22,0.01,67.34,0,0,35-44,Prepaid_Monthly,Mid_Range,5G,2026-07-05
SUB3751821,0.12,1.86,0.16,0.26,116.25,0,1,18-24,Prepaid_Daily,Premium_Smartphone,4G,2026-07-06
SUB8314895,0.35,1.06,0.3,0.03,105.56,0,0,55+,Postpaid_Premium,Premium_Smartphone,4G,2026-06-20
SUB7525940,1.47,1.38,0.07,0.02,82.4,1,0,55+,Postpaid_Premium,Premium_Smartphone,4G,2026-06-17
SUB1426941,2.07,1.0,1.72,2.68,115.7,1,0,18-24,Postpaid_Basic,Premium_Smartphone,4G,2026-07-01
SUB5850224,0.65,0.74,0.96,0.04,105.21,0,1,18-24,Prepaid_Daily,Premium_Smartphone,5G,2026-06-12
SUB1386354,1.49,1.07,0.08,0.38,29.97,0,0,25-34,Postpaid_Premium,Mid_Range,3G,2026-06-08
SUB6506336,0.04,0.33,0.12,0.03,58.2,0,0,55+,Prepaid_Daily,Mid_Range,5G,2026-06-27
SUB1935709,1.77,0.97,0.83,2.47,33.48,1,0,25-34,Postpaid_Premium,Mid_Range,3G,2026-06-29
SUB3485178,8.0,5.66,0.72,0.45,141.83,0,1,25-34,Prepaid_Monthly,5G_Device,5G,2026-06-19
SUB7379022,0.65,3.34,0.02,0.03,91.91,0,0,35-44,Postpaid_Premium,5G_Device,4G+,2026-07-02
SUB6477630,7.37,0.48,0.78,0.23,107.54,0,1,18-24,Prepaid_Monthly,Premium_Smartphone,4G,2026-07-04
SUB7288893,0.27,1.47,0.23,0.02,17.08,0,0,25-34,Postpaid_Basic,Basic_Phone,4G+,2026-06-23
SUB3085469,2.19,1.51,0.74,4.9,55.86,0,0,25-34,Postpaid_Premium,5G_Device,4G,2026-06-09
SUB2346365,0.01,0.14,0.18,0.05,18.98,0,0,35-44,Prepaid_Daily,Basic_Phone,4G,2026-06-09
SUB2136078,2.63,0.85,0.35,0.86,44.01,1,0,18-24,Postpaid_Premium,Mid_Range,4G,2026-06-17
SUB9875206,0.17,1.67,0.5,0.5,86.97,0,1,25-34,Prepaid_Daily,5G_Device,4G,2026-06-12
SUB7062825,0.43,0.18,0.35,0.05,59.24,1,0,45-54,Prepaid_Monthly,Premium_Smartphone,3G,2026-07-06
SUB1533037,1.2,2.99,0.9,0.01,71.72,0,0,25-34,Postpaid_Basic,Mid_Range,4G+,2026-06-25
SUB9973541,8.0,1.12,1.36,0.47,134.27,0,0,35-44,Postpaid_Unlimited,5G_Device,5G,2026-06-17
SUB9602541,0.25,1.56,0.03,0.27,117.83,1,0,18-24,Prepaid_Daily,Tablet,4G,2026-06-09
SUB1427709,3.12,1.87,1.88,0.09,106.32,1,0,25-34,Postpaid_Basic,Mid_Range,5G,2026-06-10
SUB9644147,5.53,3.0,0.28,0.04,114.48,1,1,18-24,Postpaid_Basic,5G_Device,3G,2026-06-10
SUB8352245,0.5,1.04,0.08,2.7,100.32,1,0,35-44,Prepaid_Monthly,Premium_Smartphone,4G,2026-07-05
SUB2750866,1.68,1.31,0.13,1.13,56.98,0,0,25-34,Prepaid_Monthly,Mid_Range,5G,2026-07-04
SUB4777173,2.36,3.01,0.71,0.55,99.83,0,1,25-34,Postpaid_Basic,5G_Device,4G,2026-06-14
SUB7233107,0.9,0.97,0.1,0.06,21.64,0,0,18-24,Prepaid_Daily,Basic_Phone,5G,2026-06-16
SUB6275463,1.09,1.36,0.08,0.01,35.19,1,0,25-34,Postpaid_Basic,Mid_Range,3G,2026-06-12
SUB5847384,1.73,3.19,0.22,0.22,102.97,1,0,25-34,Postpaid_Premium,Mid_Range,5G,2026-06-24
SUB7371400,5.91,3.28,0.07,2.41,78.72,0,0,35-44,Postpaid_Premium,Premium_Smartphone,5G,2026-07-01
SUB6234748,1.2,0.31,0.08,0.61,25.53,0,0,18-24,Prepaid_Monthly,Basic_Phone,4G,2026-06-21
SUB9400728,2.29,3.76,0.35,0.18,115.07,0,1,35-44,Postpaid_Basic,5G_Device,4G,2026-06-30
SUB1624135,1.86,1.43,0.2,0.35,107.22,1,0,25-34,Prepaid_Daily,Premium_Smartphone,4G,2026-06-24
SUB5817167,4.95,1.18,0.43,0.01,56.79,1,0,25-34,Postpaid_Basic,Mid_Range,4G,2026-06-28
SUB8731445,4.17,1.48,1.54,0.28,157.94,1,1,45-54,Postpaid_Unlimited,Premium_Smartphone,4G,2026-06-24
SUB7830707,1.47,1.33,0.64,0.87,59.0,0,0,25-34,Prepaid_Monthly,Premium_Smartphone,4G,2026-06-17
SUB7106428,7.79,3.23,3.53,0.63,100.41,0,1,18-24,Postpaid_Basic,Mid_Range,5G,2026-06-07
SUB5745920,0.33,0.53,0.17,0.01,8.84,0,1,35-44,Postpaid_Premium,Basic_Phone,3G,2026-06-23
SUB8162517,0.27,0.24,0.07,0.61,102.16,0,1,55+,Postpaid_Basic,Premium_Smartphone,4G,2026-07-02
SUB6788773,0.58,0.44,0.07,0.04,22.81,0,1,25-34,Prepaid_Monthly,Basic_Phone,4G,2026-06-09
SUB8517475,0.3,1.06,0.11,0.25,57.08,1,0,45-54,Prepaid_Daily,5G_Device,3G,2026-06-26
SUB7923985,0.05,0.38,0.01,0.37,27.76,0,0,45-54,Postpaid_Basic,Basic_Phone,4G+,2026-06-21
SUB7101570,1.36,0.52,0.01,0.08,62.58,1,0,25-34,Prepaid_Monthly,Mid_Range,5G,2026-06-10
SUB9032304,0.22,0.96,1.45,0.1,75.87,1,0,35-44,Postpaid_Premium,Mid_Range,4G,2026-07-02
SUB3266598,5.22,0.91,0.83,0.66,97.41,0,0,25-34,Prepaid_Monthly,Premium_Smartphone,5G,2026-06-23
SUB2776238,2.62,0.87,1.21,0.07,41.5,0,1,25-34,Postpaid_Premium,Basic_Phone,5G,2026-06-11
SUB9451392,2.08,3.15,0.19,0.03,112.59,1,0,25-34,Prepaid_Daily,Mid_Range,5G,2026-07-05
SUB6127736,0.03,1.57,0.72,0.97,56.84,0,1,35-44,Prepaid_Monthly,Mid_Range,4G,2026-06-10
SUB6897162,3.48,2.06,0.55,0.99,101.64,0,1,25-34,Postpaid_Basic,Premium_Smartphone,4G+,2026-06-23
SUB7508676,0.03,2.98,0.07,0.15,115.71,1,0,18-24,Prepaid_Daily,Mid_Range,5G,2026-07-03
SUB5910662,1.14,0.19,0.38,0.92,47.44,0,0,45-54,Postpaid_Basic,Mid_Range,4G,2026-06-08
SUB2995127,0.37,0.08,0.06,0.02,15.58,0,0,35-44,Prepaid_Monthly,Basic_Phone,3G,2026-06-20
SUB8776604,0.62,0.76,0.41,0.58,79.27,0,0,55+,Prepaid_Monthly,5G_Device,4G,2026-06-30
SUB2035108,0.54,1.09,1.23,1.12,124.01,1,1,25-34,Prepaid_Daily,Tablet,4G,2026-06-10
SUB1478365,4.9,0.77,0.85,0.04,94.1,0,0,18-24,Prepaid_Monthly,Premium_Smartphone,4G+,2026-06-19
SUB6156371,7.7,2.0,0.1,1.41,124.33,1,1,18-24,Postpaid_Unlimited,Mid_Range,5G,2026-06-15
SUB3074242,0.36,0.1,0.24,0.72,60.86,0,0,45-54,Prepaid_Daily,Mid_Range,4G,2026-06-18
SUB6232761,2.26,0.43,0.11,0.11,41.36,0,0,18-24,Postpaid_Unlimited,Premium_Smartphone,3G,2026-06-19
SUB6122969,0.3,0.19,0.07,0.01,84.09,0,1,55+,Prepaid_Monthly,Premium_Smartphone,4G,2026-06-07
SUB1494209,0.58,1.9,0.27,0.7,54.75,0,0,25-34,Postpaid_Basic,Mid_Range,4G,2026-06-16
SUB2534230,0.24,1.61,0.11,0.02,38.71,0,0,45-54,Postpaid_Basic,Mid_Range,4G,2026-07-02
SUB7556410,0.74,0.24,0.09,0.91,138.29,0,0,45-54,Postpaid_Unlimited,Premium_Smartphone,5G,2026-06-13
SUB6451151,0.01,0.28,0.27,0.15,32.7,1,0,45-54,Postpaid_Premium,Basic_Phone,5G,2026-06-15
SUB1851980,0.37,4.55,0.52,0.02,42.19,1,0,18-24,Postpaid_Unlimited,Basic_Phone,4G+,2026-07-04
SUB2766299,0.29,0.86,0.04,0.98,22.02,0,0,35-44,Postpaid_Premium,Basic_Phone,5G,2026-07-02
SUB5020018,1.08,3.26,3.36,0.51,82.06,1,1,18-24,Prepaid_Monthly,Mid_Range,4G+,2026-07-04
SUB7691891,3.2,0.85,1.06,0.11,82.4,0,0,18-24,Postpaid_Unlimited,Mid_Range,5G,2026-06-25
SUB7886608,2.75,3.77,0.91,5.91,57.59,0,1,25-34,Postpaid_Unlimited,Mid_Range,5G,2026-06-22
SUB8458403,0.89,1.07,0.07,0.08,90.25,0,1,35-44,Prepaid_Daily,Mid_Range,5G,2026-07-05
SUB2662656,2.09,0.47,0.47,1.62,72.69,0,0,18-24,Postpaid_Unlimited,Mid_Range,4G+,2026-06-15
SUB5894097,0.44,0.83,0.02,0.07,41.38,0,0,55+,Postpaid_Premium,Mid_Range,4G,2026-06-18
SUB6309068,3.18,0.49,0.85,0.02,115.12,1,1,18-24,Postpaid_Unlimited,Mid_Range,5G,2026-07-05
SUB5956780,0.57,1.32,1.17,0.38,39.97,0,1,25-34,Postpaid_Unlimited,Mid_Range,3G,2026-06-07
SUB9949454,1.93,1.43,0.16,1.33,28.93,0,0,18-24,Postpaid_Unlimited,Premium_Smartphone,3G,2026-06-13
SUB5323242,2.03,1.67,0.18,0.87,74.57,0,0,45-54,Postpaid_Unlimited,Tablet,4G,2026-06-30
SUB3871712,2.43,1.22,1.21,0.09,136.53,1,0,18-24,Prepaid_Daily,5G_Device,4G,2026-06-29
SUB7903538,0.61,0.54,0.04,0.26,94.26,0,0,45-54,Prepaid_Daily,Premium_Smartphone,4G,2026-06-28
SUB1855656,6.72,2.8,0.5,0.59,93.7,0,1,25-34,Prepaid_Daily,Premium_Smartphone,5G,2026-07-03
SUB7817123,0.39,0.26,0.09,0.0,46.14,1,0,55+,Prepaid_Daily,Mid_Range,4G,2026-07-05
SUB4566568,2.76,4.31,3.34,0.16,200.0,1,1,25-34,Prepaid_Monthly,Tablet,5G,2026-07-02
SUB5679020,2.04,6.0,4.0,1.38,186.87,1,1,25-34,Postpaid_Premium,5G_Device,4G+,2026-06-11
SUB2792363,2.53,1.13,3.04,0.65,144.47,1,1,35-44,Prepaid_Monthly,5G_Device,5G,2026-06-30
SUB1638922,0.53,0.57,0.28,0.15,37.76,0,0,45-54,Postpaid_Premium,Mid_Range,4G,2026-07-04
SUB1777867,6.91,0.42,0.36,0.22,67.8,1,1,25-34,Postpaid_Premium,Mid_Range,5G,2026-06-29
SUB4066461,0.09,1.22,0.25,0.25,22.15,0,0,45-54,Postpaid_Premium,Mid_Range,3G,2026-06-14
SUB6756911,2.25,1.41,2.98,0.14,60.89,0,0,18-24,Postpaid_Basic,5G_Device,4G,2026-06-15
SUB2702424,0.41,2.42,0.32,0.03,73.89,1,0,35-44,Prepaid_Monthly,Mid_Range,4G,2026-06-12
SUB5175252,0.85,1.3,0.23,0.0,91.59,0,0,25-34,Prepaid_Daily,Premium_Smartphone,4G+,2026-06-21
SUB2185560,1.45,2.61,0.34,1.22,64.53,0,0,18-24,Postpaid_Basic,Mid_Range,5G,2026-07-06
SUB9016906,1.36,2.23,0.89,1.65,128.37,0,0,25-34,Postpaid_Premium,5G_Device,5G,2026-06-18
SUB7509887,0.42,1.37,0.09,0.02,53.9,0,0,45-54,Postpaid_Basic,Mid_Range,4G,2026-06-13
SUB1867838,0.68,0.38,0.49,0.65,117.71,0,1,55+,Postpaid_Premium,5G_Device,4G,2026-06-09
SUB2057880,0.72,1.96,0.06,0.0,76.66,0,1,25-34,Prepaid_Monthly,Mid_Range,4G+,2026-06-30
SUB4087714,0.21,0.1,0.06,0.42,69.33,0,0,45-54,Prepaid_Daily,Premium_Smartphone,3G,2026-06-25
SUB4478192,2.38,0.96,0.69,0.35,43.65,0,0,25-34,Postpaid_Premium,Mid_Range,4G,2026-06-16
SUB9856832,1.88,0.3,0.14,0.02,61.68,0,0,35-44,Prepaid_Monthly,5G_Device,3G,2026-06-11
SUB6600068,4.23,3.27,1.8,0.35,143.64,1,1,18-24,Postpaid_Basic,5G_Device,4G,2026-06-30
SUB9151656,0.73,0.26,0.32,0.26,51.34,0,0,35-44,Postpaid_Premium,Mid_Range,4G,2026-06-26
SUB1785890,2.79,0.39,0.45,1.38,93.92,0,0,18-24,Prepaid_Daily,Premium_Smartphone,4G,2026-06-20
SUB5806799,1.71,3.15,0.21,1.5,103.75,1,1,25-34,Postpaid_Basic,Mid_Range,4G+,2026-06-28
SUB9053024,6.26,0.12,0.68,1.2,91.91,1,0,35-44,Postpaid_Premium,Mid_Range,5G,2026-06-16
SUB9586625,1.29,1.77,0.08,1.4,73.73,0,0,45-54,Postpaid_Premium,Premium_Smartphone,5G,2026-07-02
SUB4743757,1.54,2.64,0.18,0.02,133.66,1,0,35-44,Prepaid_Daily,Premium_Smartphone,5G,2026-06-10
SUB6259245,7.03,0.52,0.2,0.01,175.78,1,1,55+,Postpaid_Premium,Premium_Smartphone,4G+,2026-06-23
SUB6046528,0.9,0.91,0.34,2.62,181.58,0,1,45-54,Prepaid_Daily,Premium_Smartphone,5G,2026-06-23
SUB8011673,4.46,4.95,0.3,0.15,86.48,1,0,18-24,Postpaid_Basic,Premium_Smartphone,3G,2026-07-03
SUB3868921,1.23,0.79,0.32,0.04,70.24,0,0,25-34,Prepaid_Monthly,5G_Device,4G,2026-07-01
SUB9177039,1.08,0.56,0.25,0.13,35.36,0,0,35-44,Prepaid_Monthly,Mid_Range,4G+,2026-06-30
SUB4003225,0.46,0.01,0.73,0.07,71.86,0,0,55+,Prepaid_Monthly,Premium_Smartphone,5G,2026-06-09
SUB6637291,0.31,0.46,0.16,0.12,75.48,0,1,55+,Prepaid_Daily,5G_Device,3G,2026-06-28
SUB6034253,0.14,0.17,0.21,0.04,67.84,0,0,45-54,Prepaid_Monthly,Premium_Smartphone,4G,2026-06-28
SUB5228316,1.01,0.5,0.13,0.08,52.64,0,0,35-44,Prepaid_Daily,Mid_Range,4G+,2026-06-14
SUB4578478,2.42,0.53,0.34,0.06,107.22,0,0,45-54,Postpaid_Unlimited,5G_Device,4G+,2026-06-28
SUB9072590,0.24,0.58,0.01,0.49,82.62,0,0,25-34,Prepaid_Daily,5G_Device,4G,2026-06-20
SUB6926983,2.14,4.37,1.17,1.36,153.95,1,0,25-34,Postpaid_Unlimited,Premium_Smartphone,4G+,2026-07-05
SUB7323617,2.38,0.61,0.29,0.01,58.25,0,0,35-44,Postpaid_Unlimited,Mid_Range,4G,2026-06-14
SUB1454529,1.41,0.68,0.62,0.4,77.42,1,0,45-54,Postpaid_Basic,Premium_Smartphone,4G,2026-06-09
SUB8586288,0.04,1.0,0.0,0.0,45.84,0,0,55+,Postpaid_Basic,Mid_Range,4G,2026-07-06
SUB8261511,2.27,2.34,0.05,0.21,48.16,0,0,25-34,Prepaid_Monthly,Mid_Range,4G+,2026-06-08
SUB9927811,1.18,1.61,3.17,0.02,112.16,0,0,45-54,Postpaid_Unlimited,Premium_Smartphone,5G,2026-06-20
SUB2311629,0.13,1.41,0.35,0.13,44.71,0,0,45-54,Postpaid_Premium,Mid_Range,4G,2026-07-03
SUB1900542,5.76,1.28,1.41,1.84,123.18,1,0,35-44,Postpaid_Unlimited,Premium_Smartphone,4G,2026-07-01
SUB4954780,2.68,0.82,0.12,0.31,103.91,0,0,25-34,Prepaid_Monthly,Premium_Smartphone,4G,2026-06-27
SUB3945759,3.48,0.85,0.12,0.35,84.36,0,0,35-44,Postpaid_Unlimited,5G_Device,4G,2026-06-17
SUB9683376,0.04,0.44,0.05,0.2,59.27,0,1,35-44,Prepaid_Monthly,Mid_Range,4G,2026-06-29
SUB4352921,0.97,1.44,0.15,0.11,95.48,0,0,35-44,Postpaid_Unlimited,Mid_Range,5G,2026-07-01
SUB1061264,0.04,0.18,0.15,0.13,35.27,0,0,35-44,Prepaid_Daily,Mid_Range,3G,2026-06-11
SUB6094502,0.27,1.41,0.3,0.47,63.61,0,0,45-54,Postpaid_Basic,Mid_Range,4G+,2026-06-17
SUB3459507,1.12,1.47,0.4,0.84,52.09,1,0,18-24,Postpaid_Premium,Mid_Range,4G,2026-07-03
SUB4452097,0.45,3.76,1.42,0.02,121.98,0,0,25-34,Postpaid_Premium,5G_Device,5G,2026-06-17
SUB8292306,0.25,4.26,0.38,1.04,56.86,0,0,35-44,Prepaid_Monthly,Mid_Range,5G,2026-06-08
SUB2218284,3.86,0.84,0.06,1.9,43.64,0,0,25-34,Postpaid_Premium,Mid_Range,4G,2026-07-05
SUB8088727,0.05,0.32,0.39,0.02,32.15,0,0,55+,Prepaid_Monthly,Mid_Range,4G,2026-07-04
SUB4080202,0.03,0.35,0.07,0.04,21.91,0,0,25-34,Postpaid_Basic,Basic_Phone,4G,2026-06-20
SUB7002874,0.3,0.55,0.42,0.02,43.2,1,1,25-34,Postpaid_Basic,Basic_Phone,4G+,2026-06-29
SUB8518933,2.04,0.13,0.14,0.78,109.44,0,1,45-54,Prepaid_Monthly,5G_Device,4G,2026-06-14
SUB6383182,2.41,1.69,0.09,0.83,90.29,0,0,18-24,Postpaid_Premium,5G_Device,4G,2026-06-22
SUB5688827,3.98,0.31,0.05,0.34,159.62,1,0,45-54,Prepaid_Daily,Premium_Smartphone,4G+,2026-06-28
SUB7517320,0.28,2.82,0.23,0.62,100.72,0,1,35-44,Prepaid_Daily,Premium_Smartphone,4G+,2026-06-24
SUB6792819,0.34,1.08,1.2,1.51,97.33,0,0,18-24,Postpaid_Basic,5G_Device,4G,2026-06-25
SUB8642139,0.19,0.53,0.01,0.13,79.05,0,0,55+,Postpaid_Unlimited,Mid_Range,5G,2026-06-28
SUB1865630,0.33,2.06,0.3,0.34,86.75,0,1,18-24,Postpaid_Basic,5G_Device,4G,2026-06-30
SUB6387691,4.16,6.0,1.0,2.71,58.59,1,0,25-34,Postpaid_Premium,Mid_Range,4G,2026-06-17
SUB5325001,6.16,2.91,0.15,4.97,75.44,0,1,18-24,Postpaid_Basic,5G_Device,4G,2026-06-20
SUB3972881,0.7,1.28,2.87,1.23,51.26,0,0,18-24,Postpaid_Premium,Mid_Range,4G,2026-06-27
SUB9101294,0.31,0.48,0.14,0.05,128.77,0,0,45-54,Prepaid_Monthly,5G_Device,5G,2026-07-05
SUB9557286,3.53,1.81,0.5,0.07,123.77,1,0,45-54,Postpaid_Premium,Premium_Smartphone,4G,2026-06-26
SUB6811303,1.5,0.5,0.04,1.16,20.48,1,0,18-24,Prepaid_Monthly,Basic_Phone,4G,2026-07-06
SUB6279947,8.0,2.01,0.32,1.77,147.56,1,0,35-44,Postpaid_Basic,Premium_Smartphone,5G,2026-06-25
SUB9559531,0.23,0.11,0.02,0.0,23.2,0,0,45-54,Prepaid_Daily,Mid_Range,3G,2026-06-24
SUB1300406,0.64,0.79,0.06,0.05,41.39,0,0,45-54,Postpaid_Unlimited,Basic_Phone,5G,2026-06-08
SUB1517961,1.83,0.49,0.04,2.06,42.62,0,0,25-34,Postpaid_Premium,Mid_Range,4G,2026-06-29
SUB2035598,0.36,0.86,0.13,0.06,58.26,1,0,45-54,Postpaid_Unlimited,Mid_Range,4G,2026-06-17
SUB3511902,3.61,1.01,0.0,0.07,50.46,0,0,25-34,Prepaid_Monthly,Mid_Range,4G,2026-06-15
SUB8169158,0.14,0.44,0.26,1.19,57.45,1,1,35-44,Prepaid_Daily,Mid_Range,3G,2026-06-29
SUB4640377,0.15,0.31,0.03,0.05,74.11,0,1,55+,Prepaid_Monthly,Mid_Range,4G,2026-06-13
SUB1163944,1.8,0.14,0.42,0.23,21.96,0,0,18-24,Postpaid_Basic,Mid_Range,3G,2026-06-08
SUB4022345,0.68,0.73,0.06,0.76,68.09,0,1,18-24,Postpaid_Premium,Mid_Range,4G,2026-06-08
SUB3969852,0.34,0.3,0.03,0.03,23.32,0,1,25-34,Prepaid_Monthly,Basic_Phone,4G,2026-06-24
SUB8950630,2.2,0.41,0.46,0.1,76.02,0,0,18-24,Prepaid_Monthly,5G_Device,3G,2026-06-12
SUB6724827,8.0,1.87,0.06,5.97,80.84,0,0,25-34,Prepaid_Monthly,5G_Device,4G,2026-06-15
SUB7800541,1.62,2.25,0.5,2.07,100.07,0,0,35-44,Postpaid_Premium,5G_Device,5G,2026-06-15
SUB5756004,1.29,1.24,0.29,0.08,27.14,0,1,25-34,Prepaid_Monthly,Mid_Range,3G,2026-06-07
SUB2358454,4.62,1.67,0.2,0.04,70.85,0,0,25-34,Postpaid_Unlimited,Premium_Smartphone,4G,2026-07-04
SUB8689969,2.04,1.01,0.66,1.8,89.88,0,1,25-34,Prepaid_Daily,Premium_Smartphone,3G,2026-06-22
SUB4871018,2.12,1.87,0.28,0.21,64.72,1,0,18-24,Postpaid_Premium,Basic_Phone,5G,2026-06-15
SUB7412083,1.55,4.04,0.47,1.26,120.58,1,0,25-34,Postpaid_Basic,5G_Device,5G,2026-06-14
SUB8875639,0.09,0.44,0.06,0.74,39.35,1,0,35-44,Prepaid_Monthly,Tablet,3G,2026-06-08
SUB6010281,1.87,3.29,0.92,0.4,121.97,0,1,18-24,Postpaid_Premium,Premium_Smartphone,4G+,2026-06-19
SUB8698812,0.75,0.46,0.01,0.06,103.46,1,1,55+,Prepaid_Monthly,Mid_Range,4G+,2026-06-10
SUB7807643,2.15,2.93,0.89,0.38,128.61,1,0,25-34,Postpaid_Premium,Premium_Smartphone,4G,2026-06-16
SUB6210558,0.11,0.27,0.03,0.34,37.95,0,0,55+,Postpaid_Premium,Mid_Range,3G,2026-07-02
SUB6959996,0.74,0.4,0.39,0.0,14.45,0,0,18-24,Prepaid_Daily,Mid_Range,3G,2026-06-23
SUB3389911,2.5,1.28,0.51,0.01,121.05,0,0,45-54,Postpaid_Premium,Premium_Smartphone,5G,2026-06-25
SUB9140210,1.99,2.9,0.14,0.34,56.19,0,1,35-44,Postpaid_Premium,Mid_Range,4G,2026-07-02
SUB2726681,0.92,0.77,0.05,0.62,31.72,0,1,45-54,Postpaid_Premium,Mid_Range,3G,2026-07-03
SUB7554845,0.3,0.15,0.1,0.05,23.9,1,0,35-44,Prepaid_Monthly,Basic_Phone,4G+,2026-06-18
SUB1117408,0.43,0.24,0.12,0.02,75.9,0,0,55+,Prepaid_Daily,Premium_Smartphone,4G,2026-06-10
SUB1636431,2.57,3.44,0.39,0.98,123.57,0,0,35-44,Prepaid_Monthly,Tablet,5G,2026-06-24
SUB4435504,3.2,3.84,1.2,1.01,93.71,0,1,45-54,Postpaid_Unlimited,Premium_Smartphone,5G,2026-06-22
SUB2236541,3.03,1.64,0.06,0.51,72.12,0,0,45-54,Postpaid_Unlimited,Mid_Range,5G,2026-06-13
SUB3036721,1.96,1.29,0.14,0.34,70.39,0,1,35-44,Postpaid_Basic,Premium_Smartphone,3G,2026-06-18
SUB7087494,0.29,1.13,0.93,0.02,92.7,1,0,25-34,Prepaid_Monthly,Premium_Smartphone,4G,2026-06-29
SUB7163185,1.23,4.41,2.35,0.93,107.11,0,0,25-34,Postpaid_Premium,5G_Device,5G,2026-06-22
SUB9706406,0.23,0.65,0.03,0.7,39.52,0,0,45-54,Postpaid_Premium,Premium_Smartphone,3G,2026-06-29
SUB9879391,1.57,2.28,0.52,1.68,50.15,0,1,25-34,Postpaid_Premium,Mid_Range,4G,2026-06-07
SUB6036117,0.19,0.28,0.07,0.15,49.82,0,0,35-44,Prepaid_Daily,Mid_Range,4G,2026-06-16
SUB2107177,0.77,6.0,0.72,0.18,100.94,0,0,18-24,Prepaid_Daily,5G_Device,4G+,2026-07-03
SUB6408520,0.73,1.2,0.34,0.3,68.28,0,0,25-34,Prepaid_Monthly,Mid_Range,4G+,2026-07-04
SUB5659014,0.09,0.48,1.38,0.01,144.01,0,0,35-44,Prepaid_Daily,Premium_Smartphone,5G,2026-06-25
SUB9070024,6.57,2.64,0.16,1.11,69.28,1,0,35-44,Postpaid_Premium,Mid_Range,4G+,2026-06-22
SUB6512460,1.32,1.66,0.77,0.6,81.96,0,0,25-34,Postpaid_Basic,Premium_Smartphone,4G,2026-06-23
SUB4494585,0.29,0.12,0.02,0.02,27.22,0,0,18-24,Postpaid_Premium,Basic_Phone,4G,2026-07-06
SUB2992834,0.17,0.94,0.04,0.27,37.2,0,0,25-34,Prepaid_Daily,Mid_Range,4G,2026-06-13
SUB6306175,0.87,2.19,0.09,0.27,87.94,0,1,35-44,Postpaid_Basic,Mid_Range,5G,2026-06-08
SUB6648734,1.82,1.14,0.65,0.46,100.36,0,0,18-24,Postpaid_Basic,Premium_Smartphone,4G+,2026-06-30
SUB6194914,8.0,1.11,0.24,0.14,55.89,1,0,35-44,Prepaid_Monthly,Mid_Range,4G,2026-06-28
SUB5716302,1.68,2.08,0.1,0.02,74.77,0,0,35-44,Postpaid_Basic,Premium_Smartphone,4G,2026-06-16
SUB3473055,1.08,0.55,0.23,0.21,106.34,1,0,55+,Postpaid_Basic,Mid_Range,5G,2026-06-23
SUB2327877,1.95,3.99,1.86,1.32,126.43,0,0,18-24,Postpaid_Unlimited,Premium_Smartphone,5G,2026-07-06
SUB8516669,1.27,2.38,0.28,1.73,101.47,1,0,18-24,Prepaid_Daily,Premium_Smartphone,4G,2026-06-13
SUB8016812,2.21,1.51,0.23,0.21,87.43,0,0,25-34,Postpaid_Premium,Premium_Smartphone,4G+,2026-06-10
SUB3687328,3.2,1.47,1.79,0.67,32.39,1,1,25-34,Postpaid_Unlimited,Mid_Range,3G,2026-06-27
SUB7478623,4.11,4.43,0.13,1.06,47.52,1,0,18-24,Postpaid_Premium,5G_Device,3G,2026-06-17
SUB2899955,0.22,1.02,0.48,0.15,44.14,0,0,45-54,Postpaid_Premium,Mid_Range,4G,2026-06-23
SUB5198811,0.37,1.03,1.29,0.15,86.73,0,0,25-34,Prepaid_Monthly,Mid_Range,5G,2026-06-16
SUB7132446,0.61,1.38,0.45,0.08,90.95,1,0,25-34,Postpaid_Basic,Premium_Smartphone,4G+,2026-06-14
SUB1672225,6.01,6.0,0.31,1.66,111.43,0,1,25-34,Postpaid_Premium,Premium_Smartphone,4G+,2026-06-27
SUB4510463,0.83,1.85,0.08,0.06,117.18,0,1,45-54,Postpaid_Basic,Premium_Smartphone,5G,2026-06-07
SUB4070610,2.24,6.0,2.74,0.12,90.55,0,0,18-24,Prepaid_Monthly,5G_Device,4G,2026-06-16
SUB9786301,5.57,6.0,0.21,0.29,107.85,1,1,18-24,Postpaid_Unlimited,Premium_Smartphone,4G,2026-06-23
SUB4732238,4.47,3.53,2.43,2.24,105.15,0,0,18-24,Postpaid_Basic,5G_Device,4G+,2026-07-06
SUB2972613,3.09,0.54,0.16,1.07,124.03,1,0,35-44,Postpaid_Unlimited,Premium_Smartphone,4G,2026-06-11
SUB9306931,0.26,0.48,0.25,0.02,50.79,1,1,45-54,Postpaid_Basic,Basic_Phone,4G,2026-07-02
SUB4335705,4.22,6.0,0.46,0.08,69.63,0,0,25-34,Postpaid_Premium,5G_Device,5G,2026-06-12
SUB6412049,3.69,2.27,0.21,0.04,51.6,0,1,18-24,Postpaid_Premium,5G_Device,3G,2026-06-09
SUB2344091,0.81,0.14,0.38,0.11,36.72,0,1,18-24,Postpaid_Premium,Basic_Phone,4G,2026-06-15
SUB1404470,0.26,2.27,0.42,0.54,38.07,0,0,35-44,Prepaid_Daily,Mid_Range,4G,2026-06-18
SUB5329394,0.28,2.98,1.27,0.29,115.74,1,0,18-24,Prepaid_Daily,Premium_Smartphone,4G+,2026-06-25
SUB1791624,0.46,0.03,0.04,0.18,21.77,1,0,45-54,Postpaid_Basic,Basic_Phone,4G+,2026-06-27
SUB8079903,6.58,1.7,2.06,0.74,50.94,0,0,18-24,Postpaid_Unlimited,Mid_Range,4G,2026-06-10
SUB6088890,2.08,1.31,0.86,0.07,81.28,0,0,18-24,Postpaid_Basic,Tablet,4G+,2026-06-29
SUB2601207,0.65,0.62,0.56,1.02,23.19,0,1,18-24,Prepaid_Monthly,Mid_Range,3G,2026-07-02
SUB6248709,2.16,2.93,0.11,0.03,77.04,0,0,45-54,Prepaid_Monthly,Mid_Range,5G,2026-06-25
SUB3995035,0.61,1.25,0.27,0.49,56.49,0,0,35-44,Postpaid_Basic,Premium_Smartphone,4G,2026-06-23
SUB7203690,0.32,0.06,0.08,0.09,35.4,0,0,55+,Postpaid_Basic,Basic_Phone,5G,2026-06-26
SUB1484427,8.0,6.0,1.15,6.0,158.13,1,0,25-34,Postpaid_Unlimited,5G_Device,4G+,2026-06-15
SUB4958905,0.46,2.63,0.11,1.77,17.0,0,0,18-24,Postpaid_Basic,Mid_Range,3G,2026-06-21
SUB5083372,0.19,1.46,1.1,0.03,133.52,0,1,35-44,Prepaid_Monthly,Premium_Smartphone,4G+,2026-07-04
SUB2109229,0.39,0.11,0.42,0.02,39.95,0,0,25-34,Postpaid_Basic,Mid_Range,3G,2026-07-05
SUB4893623,2.83,6.0,0.77,1.14,137.14,1,1,35-44,Postpaid_Premium,Premium_Smartphone,5G,2026-06-19
SUB7191081,0.44,2.16,2.24,0.24,51.68,0,1,25-34,Postpaid_Basic,Premium_Smartphone,3G,2026-06-20
SUB3089884,0.83,1.61,1.36,1.69,82.7,0,0,18-24,Prepaid_Monthly,5G_Device,4G+,2026-06-08
SUB5204099,0.45,0.79,0.4,0.98,34.11,0,0,18-24,Prepaid_Monthly,Mid_Range,4G,2026-06-20
SUB9309740,4.46,2.14,1.38,2.22,122.32,0,1,35-44,Postpaid_Premium,5G_Device,4G,2026-07-05
SUB8273820,6.45,3.12,0.42,0.05,116.41,0,0,25-34,Prepaid_Daily,Premium_Smartphone,4G+,2026-06-25
SUB5821699,2.79,0.58,0.62,0.59,118.12,0,0,45-54,Prepaid_Monthly,5G_Device,5G,2026-06-22
SUB7605129,1.0,2.45,0.34,0.27,98.49,1,0,25-34,Prepaid_Daily,Mid_Range,5G,2026-07-06
SUB7172056,0.27,1.6,1.65,2.47,98.44,0,0,45-54,Postpaid_Unlimited,Premium_Smartphone,5G,2026-06-09
SUB2496030,0.87,0.43,0.14,0.4,54.08,1,0,25-34,Prepaid_Daily,Mid_Range,4G,2026-06-08
SUB1011009,1.45,0.77,0.47,0.31,23.43,0,0,18-24,Postpaid_Premium,Basic_Phone,4G+,2026-06-21
SUB5372472,0.88,0.39,0.11,0.12,92.54,0,0,55+,Postpaid_Basic,Premium_Smartphone,5G,2026-06-18
SUB2723480,0.46,3.02,2.24,0.71,75.16,0,0,25-34,Postpaid_Basic,5G_Device,4G,2026-07-05
SUB9313264,1.99,6.0,0.27,0.16,122.32,1,0,35-44,Postpaid_Premium,Premium_Smartphone,5G,2026-07-06
SUB4699397,8.0,0.81,3.0,1.12,67.87,0,1,35-44,Prepaid_Monthly,Mid_Range,4G+,2026-06-10
SUB2991367,0.01,1.11,0.19,0.04,64.77,0,0,25-34,Prepaid_Monthly,Mid_Range,4G+,2026-06-25
SUB6569634,0.42,0.67,0.01,0.0,44.97,1,0,35-44,Prepaid_Monthly,Mid_Range,3G,2026-06-28
SUB9718936,0.82,0.99,0.09,0.23,136.18,0,0,45-54,Postpaid_Basic,Tablet,5G,2026-06-23
SUB5409013,1.39,2.27,0.13,0.62,76.78,0,1,25-34,Postpaid_Unlimited,Mid_Range,4G+,2026-07-04
SUB3708668,3.39,2.19,0.05,0.18,46.13,0,0,35-44,Postpaid_Unlimited,Mid_Range,4G,2026-07-01
SUB6053679,1.02,1.71,0.34,0.5,72.16,0,0,45-54,Postpaid_Premium,Mid_Range,4G+,2026-06-22
SUB2000294,2.85,5.77,2.57,0.75,59.82,1,1,18-24,Postpaid_Unlimited,Mid_Range,4G,2026-06-12
SUB6658307,3.57,1.74,0.15,0.15,57.23,1,0,25-34,Postpaid_Unlimited,Mid_Range,4G,2026-07-01
SUB9174244,0.22,1.05,1.84,2.5,94.49,0,0,18-24,Postpaid_Premium,Premium_Smartphone,4G,2026-06-14
SUB3285362,0.17,0.81,0.02,0.02,31.13,0,0,35-44,Prepaid_Monthly,5G_Device,3G,2026-06-09
SUB3842894,1.73,1.52,0.14,1.1,114.13,1,0,45-54,Postpaid_Basic,5G_Device,4G,2026-06-12
SUB9565873,2.42,5.35,0.01,0.49,139.62,0,0,35-44,Postpaid_Unlimited,5G_Device,5G,2026-06-26
SUB8860791,0.18,3.37,0.02,1.46,73.9,0,0,18-24,Postpaid_Premium,5G_Device,4G,2026-06-25
SUB4036773,4.15,5.6,0.66,1.84,102.26,1,0,25-34,Postpaid_Premium,Mid_Range,5G,2026-06-14
SUB5384432,0.22,0.03,0.07,0.01,19.83,0,0,45-54,Prepaid_Daily,Basic_Phone,4G,2026-06-13
SUB2690792,1.17,0.15,0.52,0.84,52.7,0,0,25-34,Prepaid_Daily,Mid_Range,4G+,2026-07-05
SUB2631570,0.57,1.26,0.26,0.32,88.82,1,0,45-54,Prepaid_Monthly,Premium_Smartphone,4G+,2026-07-06
SUB5773598,0.92,0.24,0.13,0.02,110.01,1,0,45-54,Prepaid_Daily,Premium_Smartphone,4G,2026-07-06
SUB2660102,1.33,4.17,1.27,0.0,137.5,0,0,18-24,Postpaid_Unlimited,Premium_Smartphone,5G,2026-06-20
SUB2511710,0.22,4.56,0.24,0.11,48.77,0,0,18-24,Prepaid_Monthly,Mid_Range,4G+,2026-07-02
SUB8276281,4.56,2.92,0.16,0.8,89.31,1,0,25-34,Postpaid_Basic,Mid_Range,5G,2026-06-08
SUB1816609,0.14,3.09,1.15,0.42,64.67,0,1,35-44,Prepaid_Daily,Premium_Smartphone,4G,2026-06-08
SUB5584470,0.15,0.17,0.05,0.01,18.2,0,0,45-54,Prepaid_Daily,Basic_Phone,4G,2026-07-01
SUB7807087,2.35,0.68,0.05,0.6,177.87,0,1,35-44,Prepaid_Monthly,5G_Device,4G+,2026-07-02
SUB5062316,5.42,1.03,0.33,0.02,54.12,0,0,25-34,Postpaid_Unlimited,5G_Device,4G,2026-06-15
SUB6587239,1.86,0.81,0.16,0.39,39.17,0,0,18-24,Postpaid_Premium,Mid_Range,4G,2026-07-02
SUB2655464,0.37,0.88,0.08,1.35,82.59,1,0,45-54,Postpaid_Premium,Premium_Smartphone,4G,2026-06-07
SUB9377114,3.51,5.18,2.8,0.48,118.99,1,0,18-24,Postpaid_Unlimited,Premium_Smartphone,4G,2026-07-01
SUB9356164,0.96,1.14,1.13,0.39,84.78,0,0,35-44,Postpaid_Unlimited,Mid_Range,5G,2026-06-07
SUB1878835,0.41,1.26,0.35,0.05,47.17,1,1,18-24,Postpaid_Basic,Basic_Phone,5G,2026-06-26
SUB8556142,0.25,1.35,1.0,0.21,39.01,0,0,18-24,Prepaid_Monthly,Mid_Range,4G,2026-07-06
SUB4277560,2.14,1.45,0.5,0.39,77.38,1,1,25-34,Prepaid_Monthly,Premium_Smartphone,3G,2026-06-18
SUB4169870,0.48,0.18,0.02,0.12,20.16,0,0,25-34,Prepaid_Daily,Basic_Phone,4G,2026-06-17
SUB6088268,1.22,1.17,1.28,0.45,85.75,0,0,35-44,Prepaid_Monthly,5G_Device,4G,2026-06-26
SUB8279995,1.51,3.43,0.13,0.48,183.25,1,0,18-24,Prepaid_Monthly,Tablet,5G,2026-06-10
SUB7422892,0.06,0.05,0.0,0.0,25.17,0,0,55+,Prepaid_Daily,Basic_Phone,4G,2026-06-11
SUB3379093,3.26,2.08,0.38,0.01,64.14,1,1,35-44,Postpaid_Unlimited,Mid_Range,4G,2026-06-18
SUB6480283,0.84,1.23,0.47,0.81,125.87,0,1,25-34,Postpaid_Premium,Premium_Smartphone,5G,2026-07-02
SUB3760451,3.48,0.79,1.03,0.82,64.58,0,0,25-34,Prepaid_Monthly,5G_Device,4G+,2026-06-20
SUB7369553,0.71,0.34,0.1,0.33,35.6,0,0,35-44,Postpaid_Premium,Mid_Range,4G,2026-07-04
SUB7432975,2.5,2.96,0.68,0.66,60.63,0,0,18-24,Postpaid_Premium,Premium_Smartphone,4G,2026-06-27
SUB5241244,1.23,0.84,0.22,0.05,91.75,1,0,55+,Prepaid_Monthly,5G_Device,4G,2026-06-20
SUB4904840,0.12,0.52,0.11,0.21,34.53,0,0,35-44,Postpaid_Premium,Mid_Range,3G,2026-07-06
SUB4820730,0.33,0.03,0.23,0.19,21.1,0,0,18-24,Prepaid_Monthly,Basic_Phone,4G+,2026-06-24
SUB3848411,0.74,0.8,0.05,0.06,81.25,0,0,35-44,Prepaid_Daily,Tablet,3G,2026-07-05
SUB4344443,5.1,3.67,1.36,0.18,46.35,0,1,25-34,Postpaid_Basic,Mid_Range,4G,2026-07-03
SUB3444149,0.21,0.68,0.08,0.02,25.15,0,0,18-24,Prepaid_Monthly,Basic_Phone,4G,2026-06-07
SUB7930358,0.23,0.28,0.03,0.05,69.81,0,0,55+,Prepaid_Daily,Mid_Range,4G+,2026-06-11
SUB3214669,0.22,4.76,0.25,0.59,47.58,0,0,18-24,Postpaid_Basic,Mid_Range,5G,2026-07-06
SUB8496121,0.27,2.62,0.02,0.34,94.04,0,1,35-44,Postpaid_Unlimited,Tablet,4G,2026-06-30
SUB2954702,0.99,0.13,0.07,0.13,84.08,1,0,55+,Postpaid_Premium,Mid_Range,5G,2026-06-28
SUB3933361,4.14,2.97,0.74,2.24,98.12,1,1,18-24,Postpaid_Premium,5G_Device,4G,2026-06-08
SUB1421655,3.82,1.19,0.95,1.18,75.13,1,0,25-34,Postpaid_Premium,Mid_Range,4G+,2026-06-14
SUB6323940,1.02,1.66,0.71,0.59,33.17,0,0,18-24,Postpaid_Premium,Mid_Range,3G,2026-07-01
SUB1799717,0.23,0.95,0.07,5.89,59.64,0,0,18-24,Prepaid_Daily,Premium_Smartphone,3G,2026-07-05
SUB6647069,3.84,6.0,3.2,0.95,80.86,0,0,18-24,Postpaid_Unlimited,5G_Device,4G+,2026-07-02
SUB3482266,0.67,6.0,1.23,1.06,93.08,1,1,45-54,Postpaid_Premium,Mid_Range,4G+,2026-06-17
SUB1921806,0.27,0.57,0.01,0.18,64.67,0,0,45-54,Prepaid_Monthly,Premium_Smartphone,4G,2026-07-03
SUB5965440,0.37,0.15,0.03,0.27,23.13,1,0,35-44,Postpaid_Basic,Basic_Phone,4G,2026-06-30
SUB8873692,4.64,4.67,0.05,0.15,116.91,1,1,25-34,Postpaid_Basic,5G_Device,4G+,2026-06-18
SUB2193728,0.2,0.5,0.65,0.4,54.51,0,0,45-54,Prepaid_Daily,5G_Device,4G+,2026-06-07
SUB6061354,2.15,2.55,0.3,3.1,105.97,0,0,25-34,Prepaid_Monthly,Premium_Smartphone,4G+,2026-06-18
SUB7911957,4.93,0.89,0.19,0.11,78.81,0,1,25-34,Prepaid_Daily,Premium_Smartphone,4G,2026-06-21
SUB2504329,0.72,6.0,1.45,0.0,44.44,1,0,25-34,Postpaid_Unlimited,Basic_Phone,5G,2026-06-07
SUB2777850,0.12,0.3,0.0,0.16,10.77,1,0,18-24,Prepaid_Daily,Basic_Phone,3G,2026-06-28
SUB7686269,0.47,1.22,0.2,0.2,80.57,1,0,55+,Prepaid_Monthly,Mid_Range,4G,2026-06-09
SUB1535888,1.53,0.44,0.21,0.7,64.69,0,1,35-44,Prepaid_Daily,Mid_Range,4G,2026-06-23
SUB8157303,2.26,0.9,0.03,0.75,49.14,0,0,35-44,Postpaid_Premium,5G_Device,3G,2026-07-04
SUB4918446,1.68,6.0,0.88,0.43,79.27,1,1,35-44,Postpaid_Unlimited,Mid_Range,5G,2026-07-03
SUB7971631,0.06,0.38,0.11,0.05,14.71,0,0,35-44,Postpaid_Basic,Basic_Phone,3G,2026-06-30
SUB3202888,0.78,1.65,0.48,0.16,62.31,1,0,18-24,Prepaid_Daily,5G_Device,3G,2026-07-01
SUB7703562,0.46,0.09,0.07,0.3,57.54,0,0,25-34,Postpaid_Basic,Tablet,3G,2026-06-18
SUB3552192,1.72,0.66,0.35,1.68,144.23,1,0,45-54,Postpaid_Premium,Premium_Smartphone,4G+,2026-06-12
SUB9524405,2.89,5.97,0.05,1.16,103.4,1,1,18-24,Postpaid_Premium,Premium_Smartphone,3G,2026-07-06
SUB2724620,0.26,0.37,0.0,0.01,32.71,0,0,55+,Postpaid_Premium,Basic_Phone,4G,2026-07-05
SUB6169719,0.64,0.52,0.35,0.02,94.45,1,0,25-34,Prepaid_Monthly,Mid_Range,5G,2026-06-08
SUB5830165,0.73,1.47,0.92,0.43,76.28,0,0,25-34,Prepaid_Daily,Mid_Range,5G,2026-06-18
SUB7566692,5.54,2.15,0.07,0.07,107.05,0,0,25-34,Prepaid_Daily,Tablet,5G,2026-07-06
SUB1358062,2.43,0.54,0.56,0.8,70.36,0,0,45-54,Postpaid_Unlimited,Premium_Smartphone,4G+,2026-06-16
SUB8248730,3.04,3.59,1.13,0.15,61.86,0,0,25-34,Postpaid_Basic,5G_Device,4G,2026-06-07
SUB3077645,1.02,0.66,0.28,0.45,43.05,0,0,35-44,Postpaid_Premium,Mid_Range,4G,2026-06-30
SUB2401471,0.56,3.17,2.31,0.26,50.92,1,0,25-34,Postpaid_Unlimited,Mid_Range,5G,2026-06-30
SUB5779897,3.2,0.35,0.89,0.15,54.81,0,0,35-44,Postpaid_Unlimited,Mid_Range,5G,2026-06-16
SUB2716548,2.07,1.66,0.74,1.38,90.74,0,1,18-24,Prepaid_Monthly,5G_Device,4G,2026-06-29
SUB5952505,1.2,0.37,0.0,0.14,77.92,1,1,18-24,Prepaid_Daily,Mid_Range,4G,2026-06-07
SUB5100321,6.39,1.65,0.01,0.1,44.9,0,0,18-24,Postpaid_Unlimited,Mid_Range,4G+,2026-06-21
SUB3097711,0.71,0.85,0.16,0.77,43.47,0,1,25-34,Postpaid_Unlimited,Basic_Phone,4G+,2026-06-15
SUB7095561,0.59,2.01,2.8,0.35,59.63,0,0,25-34,Postpaid_Basic,Premium_Smartphone,4G,2026-06-16
SUB1037361,3.29,1.34,0.18,2.51,75.97,0,0,35-44,Postpaid_Unlimited,Premium_Smartphone,4G,2026-06-24
SUB3898845,0.54,1.27,0.91,0.23,149.08,0,0,25-34,Prepaid_Monthly,Premium_Smartphone,5G,2026-06-21
SUB9146836,1.66,0.45,0.79,6.0,56.24,0,0,18-24,Prepaid_Daily,Mid_Range,4G,2026-06-12
SUB4463227,1.71,4.39,1.43,0.59,140.41,1,1,18-24,Postpaid_Basic,Premium_Smartphone,4G,2026-06-25
SUB9093068,4.12,0.58,0.01,1.67,107.08,0,1,18-24,Postpaid_Premium,Premium_Smartphone,4G,2026-06-09
SUB3457856,0.68,0.4,0.71,1.45,79.77,1,0,25-34,Postpaid_Premium,Tablet,3G,2026-06-08
SUB2761856,0.61,0.61,0.09,0.06,24.71,0,0,18-24,Postpaid_Basic,Basic_Phone,4G+,2026-06-07
SUB3341102,0.41,1.49,1.37,0.25,94.21,0,0,25-34,Prepaid_Daily,5G_Device,5G,2026-06-17
SUB1000037,7.3,2.81,0.53,1.06,169.31,1,1,25-34,Prepaid_Monthly,Premium_Smartphone,4G,2026-07-06
SUB7251936,1.17,0.26,0.22,3.39,75.82,0,1,35-44,Postpaid_Unlimited,Mid_Range,4G,2026-06-25
SUB1653668,0.84,0.22,0.25,1.23,101.73,0,0,35-44,Prepaid_Daily,Premium_Smartphone,5G,2026-06-22
SUB4404158,4.73,4.7,0.46,3.62,90.12,1,0,25-34,Postpaid_Premium,Premium_Smartphone,4G,2026-06-10
SUB3656040,8.0,0.64,0.49,0.18,77.94,0,1,18-24,Postpaid_Premium,Mid_Range,5G,2026-06-08
SUB1703645,2.85,1.31,1.25,1.31,53.19,0,0,25-34,Postpaid_Premium,Premium_Smartphone,4G,2026-06-29
SUB5911672,8.0,1.13,2.11,2.59,89.67,1,0,18-24,Postpaid_Unlimited,Premium_Smartphone,4G,2026-06-28
SUB9215984,4.39,1.33,0.47,1.49,56.55,1,0,18-24,Prepaid_Monthly,Premium_Smartphone,4G,2026-06-12
SUB9131631,1.92,0.8,2.43,0.0,112.17,0,0,45-54,Postpaid_Premium,Premium_Smartphone,5G,2026-06-26
SUB3621872,0.72,5.2,0.16,0.31,157.0,1,0,18-24,Prepaid_Daily,Premium_Smartphone,5G,2026-06-16
SUB1593975,0.46,0.57,0.13,0.08,51.72,0,0,55+,Prepaid_Monthly,Mid_Range,4G,2026-07-04
SUB6052683,0.36,0.7,0.3,0.56,5.0,0,1,18-24,Postpaid_Basic,Basic_Phone,4G,2026-07-01
SUB4983063,2.54,0.22,0.28,0.51,51.4,0,0,45-54,Prepaid_Monthly,Premium_Smartphone,4G,2026-06-18
SUB3282373,3.23,0.58,1.27,0.07,46.75,1,0,35-44,Postpaid_Unlimited,Mid_Range,4G,2026-06-27
SUB3840152,0.45,0.79,0.07,0.09,20.72,0,0,25-34,Postpaid_Premium,Basic_Phone,5G,2026-07-03
SUB8527872,0.82,1.6,0.33,0.04,73.04,1,0,25-34,Prepaid_Monthly,Mid_Range,4G,2026-06-08
SUB3550552,0.11,0.07,0.02,0.04,18.1,0,0,35-44,Prepaid_Daily,Basic_Phone,3G,2026-06-17
SUB3392735,2.47,1.77,0.4,0.04,82.04,0,0,45-54,Prepaid_Monthly,Premium_Smartphone,4G,2026-06-22
SUB8504361,8.0,1.99,0.21,0.11,55.75,0,0,25-34,Postpaid_Basic,Premium_Smartphone,3G,2026-06-24
SUB8314153,0.27,4.01,2.12,0.52,117.12,0,0,18-24,Postpaid_Premium,5G_Device,4G+,2026-06-14
SUB6418626,0.83,0.02,0.02,1.02,85.28,1,0,25-34,Postpaid_Basic,Mid_Range,5G,2026-06-14
SUB4622546,0.41,0.52,0.19,0.14,51.41,0,0,18-24,Prepaid_Daily,Mid_Range,4G,2026-06-24
SUB6996522,0.2,0.76,0.26,0.09,123.43,0,1,55+,Prepaid_Monthly,Premium_Smartphone,4G,2026-06-10
SUB4606940,4.3,0.87,0.02,0.4,147.49,1,0,35-44,Prepaid_Monthly,Tablet,5G,2026-06-07
SUB6935537,6.21,0.84,1.58,0.95,116.73,1,1,18-24,Postpaid_Basic,5G_Device,4G+,2026-06-20
SUB4600200,1.72,2.24,0.42,2.49,100.63,0,0,25-34,Prepaid_Monthly,Premium_Smartphone,4G+,2026-06-20
SUB1559031,1.91,0.97,0.24,0.14,70.79,0,1,18-24,Prepaid_Monthly,Premium_Smartphone,3G,2026-07-04
SUB7491280,1.05,1.13,0.03,0.01,56.27,0,0,45-54,Prepaid_Monthly,Premium_Smartphone,3G,2026-06-13
SUB3701243,0.32,0.15,0.14,0.22,54.27,0,0,55+,Postpaid_Basic,Mid_Range,4G,2026-06-28
SUB6444003,0.19,1.13,0.16,2.59,84.72,0,0,18-24,Postpaid_Basic,Premium_Smartphone,4G,2026-06-25
SUB5435728,1.68,1.01,1.56,2.21,59.97,1,0,25-34,Postpaid_Premium,Mid_Range,4G,2026-06-16
SUB9594992,0.13,0.52,0.0,0.32,56.08,0,0,55+,Postpaid_Premium,Mid_Range,4G+,2026-06-07
SUB7542155,3.83,0.45,0.88,1.42,110.64,1,0,18-24,Postpaid_Premium,Premium_Smartphone,5G,2026-06-19
SUB8165371,1.9,1.88,0.01,0.77,113.36,0,0,25-34,Prepaid_Daily,5G_Device,5G,2026-07-06
SUB5135554,0.34,0.36,0.21,0.61,83.89,1,0,25-34,Prepaid_Daily,Mid_Range,4G,2026-06-17
SUB3988088,1.63,2.65,0.07,0.72,56.17,0,1,18-24,Postpaid_Basic,Premium_Smartphone,4G,2026-06-13
SUB1979907,0.56,2.29,0.29,0.09,57.38,1,0,18-24,Prepaid_Daily,Mid_Range,5G,2026-06-18
SUB1213968,0.59,0.52,0.2,0.03,89.73,0,0,55+,Prepaid_Monthly,Mid_Range,5G,2026-06-22
SUB9683565,1.96,0.16,0.73,0.16,131.92,0,0,35-44,Prepaid_Daily,Premium_Smartphone,4G+,2026-06-16
SUB2901737,1.56,2.93,2.03,1.74,180.43,1,0,25-34,Prepaid_Daily,5G_Device,5G,2026-07-01
SUB5985248,1.87,0.23,0.16,0.1,46.05,0,1,25-34,Prepaid_Daily,Mid_Range,4G,2026-06-07
SUB7409363,1.59,1.55,0.74,0.16,136.24,0,0,35-44,Postpaid_Premium,5G_Device,5G,2026-06-22
SUB3302743,3.2,1.3,0.06,0.05,25.79,1,0,25-34,Prepaid_Monthly,Mid_Range,3G,2026-06-14
SUB5588156,8.0,2.38,0.43,1.57,182.63,0,1,18-24,Prepaid_Daily,5G_Device,5G,2026-06-21
SUB1985461,4.92,6.0,1.16,0.21,85.42,0,0,18-24,Prepaid_Monthly,5G_Device,4G+,2026-06-18
SUB6831759,4.96,3.5,0.22,0.76,150.02,1,0,35-44,Postpaid_Premium,5G_Device,5G,2026-06-27
SUB6710912,0.36,1.78,0.13,0.02,60.39,0,0,18-24,Postpaid_Premium,Tablet,3G,2026-06-22
SUB2806423,4.73,1.76,0.04,0.8,104.58,0,1,18-24,Prepaid_Daily,Mid_Range,5G,2026-06-22
SUB2950408,5.34,3.47,0.36,0.27,68.43,1,0,25-34,Postpaid_Premium,Mid_Range,5G,2026-06-14
SUB4594128,0.78,0.48,1.1,0.33,84.08,0,0,18-24,Prepaid_Monthly,Premium_Smartphone,4G,2026-06-19
SUB9106584,1.77,0.58,0.32,1.23,192.82,1,0,55+,Postpaid_Premium,Premium_Smartphone,5G,2026-06-09
SUB2406427,3.6,0.74,1.01,1.34,69.35,0,0,35-44,Postpaid_Premium,5G_Device,4G,2026-06-25
SUB4489550,0.64,0.17,0.89,0.06,26.11,0,0,18-24,Postpaid_Premium,Basic_Phone,4G,2026-06-13
SUB7889053,3.92,2.12,1.7,0.94,114.44,0,0,18-24,Postpaid_Premium,Premium_Smartphone,5G,2026-06-20
SUB4895090,1.62,2.56,0.02,0.2,122.42,0,1,35-44,Prepaid_Daily,Premium_Smartphone,5G,2026-06-30
SUB3765013,1.2,0.56,0.3,0.01,21.09,1,0,25-34,Postpaid_Basic,Basic_Phone,4G+,2026-06-15
SUB7162492,1.19,0.07,0.16,0.16,65.45,1,0,45-54,Prepaid_Daily,Premium_Smartphone,3G,2026-06-12
SUB9424990,1.68,6.0,0.46,1.85,46.64,0,1,25-34,Postpaid_Unlimited,Mid_Range,4G,2026-06-19
SUB8038170,5.32,1.4,0.73,0.02,94.68,0,1,25-34,Prepaid_Monthly,5G_Device,4G,2026-06-23
SUB1862219,0.18,0.0,0.08,0.05,47.48,0,1,55+,Prepaid_Monthly,Basic_Phone,4G+,2026-06-14
SUB9334750,0.39,1.24,0.76,0.19,87.02,1,0,25-34,Prepaid_Daily,Mid_Range,4G+,2026-06-18
SUB2718303,0.24,0.5,0.05,0.16,29.73,0,0,25-34,Prepaid_Daily,Mid_Range,3G,2026-06-30
SUB4801082,0.72,0.44,0.03,0.01,17.01,0,1,35-44,Postpaid_Basic,Basic_Phone,4G,2026-06-17
SUB4346668,1.0,0.63,0.78,1.34,44.74,0,0,45-54,Postpaid_Basic,Premium_Smartphone,3G,2026-06-23
SUB7696674,2.04,1.63,2.06,0.74,87.8,0,0,35-44,Prepaid_Monthly,5G_Device,5G,2026-06-28
SUB4205677,0.53,0.7,0.27,0.21,94.44,0,0,35-44,Prepaid_Daily,Premium_Smartphone,4G,2026-06-13
SUB3506068,2.17,4.93,0.06,1.65,97.55,1,1,25-34,Postpaid_Premium,Mid_Range,4G,2026-06-25
SUB1483075,1.39,1.26,0.12,0.49,43.93,1,0,25-34,Prepaid_Daily,Mid_Range,4G,2026-06-17
SUB9126198,0.3,0.54,0.12,1.09,107.08,1,0,18-24,Postpaid_Basic,Mid_Range,5G,2026-06-14
SUB9715978,1.95,0.23,0.05,0.72,82.7,0,0,35-44,Postpaid_Basic,Premium_Smartphone,4G,2026-06-13
SUB6451731,4.0,0.2,0.43,0.06,104.25,1,0,18-24,Prepaid_Monthly,Mid_Range,5G,2026-06-16
SUB8499043,1.51,0.68,0.15,0.08,65.2,0,0,18-24,Prepaid_Daily,Premium_Smartphone,4G,2026-06-26
SUB7746037,0.37,0.22,0.52,0.0,43.2,0,0,55+,Postpaid_Premium,Mid_Range,4G,2026-06-12
SUB5473214,1.19,0.98,0.49,0.61,75.42,0,1,25-34,Prepaid_Monthly,Premium_Smartphone,4G,2026-06-07
SUB4682796,3.44,1.88,0.61,2.75,113.78,1,0,18-24,Prepaid_Daily,Premium_Smartphone,4G,2026-06-07
SUB8851746,0.26,0.27,0.05,0.28,36.24,1,1,25-34,Postpaid_Basic,Basic_Phone,4G,2026-07-04
SUB8841640,2.97,0.44,0.03,1.87,84.91,0,0,25-34,Prepaid_Daily,5G_Device,4G,2026-07-05
SUB9740245,5.61,0.53,0.16,0.04,31.98,0,0,25-34,Prepaid_Monthly,Mid_Range,4G,2026-06-24
SUB9566554,4.33,4.24,1.07,1.31,87.57,0,0,18-24,Postpaid_Premium,Premium_Smartphone,4G+,2026-06-23
SUB6137956,1.39,4.57,1.57,1.14,112.89,1,0,18-24,Postpaid_Unlimited,5G_Device,4G,2026-06-07
SUB6274413,5.47,0.8,0.52,0.6,81.58,0,1,25-34,Postpaid_Basic,Mid_Range,5G,2026-06-13
SUB8724578,0.29,0.12,0.11,0.21,37.25,0,1,25-34,Prepaid_Monthly,Basic_Phone,4G,2026-06-09
SUB1864899,1.77,2.13,0.06,0.26,120.06,0,0,18-24,Prepaid_Monthly,Premium_Smartphone,4G+,2026-06-15
SUB9652111,0.36,1.86,0.05,0.81,55.74,0,0,25-34,Postpaid_Basic,Mid_Range,4G+,2026-06-10
SUB7410575,6.03,2.68,0.05,1.19,78.16,0,0,25-34,Prepaid_Monthly,Premium_Smartphone,5G,2026-07-01
SUB3318292,1.37,0.64,0.64,0.1,75.45,0,0,18-24,Prepaid_Daily,5G_Device,4G,2026-06-30
SUB3026393,4.06,1.48,0.2,2.93,76.12,1,0,45-54,Postpaid_Premium,Premium_Smartphone,4G,2026-07-05
SUB8622520,0.66,1.69,0.23,0.49,74.54,0,0,45-54,Prepaid_Monthly,Premium_Smartphone,4G,2026-06-16
SUB3379897,1.55,1.27,0.31,0.24,50.51,0,0,18-24,Prepaid_Monthly,Premium_Smartphone,3G,2026-06-23
SUB2294416,1.14,0.36,0.25,0.87,67.13,0,0,18-24,Prepaid_Daily,5G_Device,3G,2026-06-22
SUB2985196,2.32,0.97,0.13,1.04,118.37,1,0,25-34,Postpaid_Premium,Premium_Smartphone,4G,2026-06-12
SUB9052377,2.1,2.32,0.49,1.2,118.02,0,1,35-44,Prepaid_Monthly,Tablet,4G+,2026-06-21
SUB8703189,1.14,0.08,0.15,0.07,92.75,0,0,55+,Prepaid_Monthly,Premium_Smartphone,4G,2026-07-02
SUB2560121,0.43,0.52,0.12,0.5,37.01,1,1,25-34,Prepaid_Monthly,Basic_Phone,4G,2026-07-01
SUB6878263,0.54,1.6,0.35,1.38,53.47,0,0,35-44,Postpaid_Unlimited,Mid_Range,5G,2026-06-07
SUB1443035,0.26,4.0,0.24,0.03,80.84,0,0,45-54,Postpaid_Basic,5G_Device,4G,2026-06-22
SUB4099072,0.08,0.92,0.05,0.02,35.26,0,0,25-34,Prepaid_Daily,Mid_Range,3G,2026-06-30
SUB7650723,1.84,2.02,1.04,1.1,135.26,1,0,18-24,Postpaid_Premium,Premium_Smartphone,4G,2026-06-26
SUB9349092,2.38,1.91,0.79,2.57,148.38,1,0,25-34,Prepaid_Monthly,Premium_Smartphone,5G,2026-06-27
SUB6200551,2.45,2.27,0.09,1.01,137.79,0,1,18-24,Prepaid_Monthly,5G_Device,4G+,2026-06-22
SUB8747156,3.72,3.21,1.1,0.05,77.65,1,0,18-24,Postpaid_Basic,Premium_Smartphone,4G,2026-06-28
SUB5552636,1.18,1.42,0.25,0.38,79.71,0,0,45-54,Postpaid_Basic,Premium_Smartphone,4G+,2026-06-19
SUB1751240,0.61,4.13,0.08,2.4,200.0,1,1,18-24,Prepaid_Daily,5G_Device,4G+,2026-06-17
SUB5315596,2.36,4.58,0.31,0.62,121.81,0,1,18-24,Postpaid_Premium,5G_Device,4G,2026-07-04
SUB7775996,0.0,0.31,0.13,0.19,10.03,0,0,45-54,Postpaid_Basic,Mid_Range,3G,2026-07-06
SUB1995791,8.0,1.86,3.38,0.03,160.48,1,0,25-34,Postpaid_Unlimited,5G_Device,5G,2026-06-16
SUB2960299,0.24,1.58,0.51,0.17,33.67,1,0,18-24,Postpaid_Premium,Basic_Phone,4G,2026-06-12
SUB6079111,1.44,2.2,0.41,1.51,113.11,0,0,25-34,Postpaid_Unlimited,5G_Device,5G,2026-06-29
SUB8902634,0.87,2.43,0.09,0.61,59.41,0,1,18-24,Postpaid_Basic,Mid_Range,4G,2026-06-09
SUB3853501,0.54,6.0,0.74,0.03,128.14,1,0,18-24,Prepaid_Daily,Premium_Smartphone,4G,2026-06-18
SUB7282444,1.34,2.15,0.9,0.23,98.25,0,0,45-54,Postpaid_Premium,5G_Device,5G,2026-06-13
SUB6613904,6.97,1.25,0.02,0.16,170.18,1,0,18-24,Postpaid_Premium,Premium_Smartphone,5G,2026-06-27
SUB3459622,0.77,1.19,0.17,4.63,81.06,0,0,35-44,Postpaid_Unlimited,Premium_Smartphone,4G,2026-06-28
SUB2897459,2.13,0.96,2.7,0.05,102.14,1,1,18-24,Prepaid_Monthly,Mid_Range,5G,2026-07-05
SUB5240012,0.97,0.78,0.08,0.08,50.9,0,0,55+,Postpaid_Basic,5G_Device,4G,2026-06-13
SUB2215442,1.74,5.47,1.33,0.23,53.06,1,0,35-44,Postpaid_Unlimited,Mid_Range,4G+,2026-07-01
SUB6564396,0.8,1.01,0.0,0.04,42.31,1,0,55+,Postpaid_Unlimited,Mid_Range,4G,2026-06-15
SUB8903797,1.11,1.13,0.15,1.04,200.0,1,1,25-34,Prepaid_Daily,Premium_Smartphone,5G,2026-06-17
SUB3580309,1.4,3.51,0.89,1.26,97.31,0,1,45-54,Postpaid_Premium,Mid_Range,5G,2026-06-30
SUB7425148,1.4,0.35,0.05,0.78,81.24,1,0,45-54,Postpaid_Basic,Premium_Smartphone,4G,2026-07-05
SUB8049985,2.24,1.27,0.05,0.01,54.36,0,0,35-44,Prepaid_Daily,Mid_Range,4G,2026-07-05
SUB8506161,0.91,0.31,0.04,0.15,50.75,0,0,18-24,Postpaid_Unlimited,Mid_Range,4G,2026-06-21
SUB6151946,5.51,4.51,0.18,0.72,99.52,1,0,18-24,Prepaid_Monthly,Tablet,5G,2026-06-19
SUB8026206,1.01,6.0,0.82,1.65,98.25,0,0,18-24,Postpaid_Premium,5G_Device,4G,2026-07-03
SUB5247328,0.38,6.0,0.05,4.61,119.46,1,0,18-24,Postpaid_Unlimited,5G_Device,5G,2026-06-27
SUB2451469,8.0,0.23,0.32,0.7,102.28,0,0,35-44,Prepaid_Daily,5G_Device,4G,2026-06-21
SUB4300874,0.88,0.57,0.42,0.32,47.22,0,0,35-44,Postpaid_Unlimited,Mid_Range,3G,2026-06-10
SUB5736416,1.27,2.68,1.57,0.17,69.6,0,1,25-34,Postpaid_Premium,Premium_Smartphone,4G,2026-06-23
SUB5063997,4.71,4.64,0.13,0.08,73.46,0,0,25-34,Postpaid_Premium,Premium_Smartphone,4G,2026-06-19
SUB9302975,2.55,2.9,1.29,1.42,60.34,0,0,18-24,Postpaid_Basic,Mid_Range,5G,2026-07-02
SUB7126463,0.47,0.48,0.4,0.0,24.88,1,0,18-24,Prepaid_Daily,Basic_Phone,4G,2026-06-17
SUB9437534,2.09,3.69,0.29,0.91,96.25,1,1,25-34,Postpaid_Premium,Mid_Range,5G,2026-07-06
SUB6410812,1.29,1.46,1.13,6.0,73.77,1,0,35-44,Prepaid_Monthly,Mid_Range,4G,2026-06-09
SUB8152765,0.99,0.66,0.11,0.77,22.14,1,0,25-34,Prepaid_Monthly,Basic_Phone,4G,2026-06-24
SUB7107182,0.24,0.46,0.18,0.01,20.02,0,0,35-44,Prepaid_Monthly,Mid_Range,3G,2026-06-17
SUB7012621,1.89,1.96,0.92,0.24,37.87,0,0,25-34,Postpaid_Basic,5G_Device,3G,2026-06-11
SUB4751387,1.54,1.96,0.79,0.21,75.91,0,0,45-54,Postpaid_Premium,Mid_Range,5G,2026-07-03
SUB3779060,0.11,1.96,2.12,1.71,111.71,0,0,18-24,Postpaid_Premium,Premium_Smartphone,4G+,2026-06-27
SUB1483791,5.95,6.0,2.15,0.27,92.57,0,0,25-34,Postpaid_Premium,Premium_Smartphone,4G,2026-06-17
SUB3158714,0.72,4.41,2.25,0.17,87.69,1,1,18-24,Postpaid_Premium,5G_Device,4G,2026-06-16
SUB3622280,8.0,1.28,0.77,0.71,66.03,0,0,25-34,Postpaid_Premium,Premium_Smartphone,4G,2026-06-25
SUB5225872,0.32,0.87,0.17,0.22,57.88,0,0,25-34,Prepaid_Daily,Mid_Range,4G,2026-07-06
SUB9998934,0.38,0.81,0.04,0.01,27.17,0,0,35-44,Postpaid_Premium,Mid_Range,3G,2026-06-12
SUB2245749,4.02,1.82,0.21,0.02,114.44,1,0,18-24,Prepaid_Monthly,Premium_Smartphone,4G,2026-06-14
SUB3226941,0.05,0.93,0.25,0.39,16.57,1,0,18-24,Postpaid_Basic,Basic_Phone,3G,2026-07-03
SUB2418180,1.18,0.68,0.29,1.76,40.84,1,0,35-44,Prepaid_Monthly,Mid_Range,4G,2026-07-01
SUB9463331,0.29,0.28,0.23,0.49,51.64,0,0,25-34,Postpaid_Basic,Mid_Range,5G,2026-06-13
SUB7233146,0.27,0.58,1.25,0.07,18.7,0,0,25-34,Prepaid_Monthly,Mid_Range,3G,2026-06-23
SUB8054499,0.24,0.64,0.11,0.14,48.83,0,1,45-54,Prepaid_Daily,Mid_Range,4G,2026-06-07
SUB9237881,1.21,1.69,1.0,0.58,60.69,0,0,25-34,Prepaid_Daily,Mid_Range,5G,2026-06-24
SUB4018967,0.07,0.26,0.21,0.27,16.39,0,0,35-44,Postpaid_Basic,Basic_Phone,4G,2026-06-27
SUB4726904,3.52,3.96,0.91,0.87,125.61,0,1,35-44,Prepaid_Daily,5G_Device,4G,2026-06-23
SUB1792515,0.96,1.03,0.21,0.31,150.63,0,0,45-54,Prepaid_Monthly,Tablet,5G,2026-07-01
SUB6910838,0.19,0.72,0.01,0.55,67.46,0,0,35-44,Prepaid_Daily,Mid_Range,5G,2026-06-08
SUB2393196,1.14,1.33,0.28,0.2,54.7,0,0,18-24,Prepaid_Daily,Mid_Range,4G,2026-06-18
SUB2035211,3.85,4.14,0.26,6.0,79.69,0,0,25-34,Postpaid_Unlimited,Tablet,4G,2026-06-16
SUB3189568,0.9,0.1,0.56,0.0,56.93,0,0,55+,Postpaid_Premium,Premium_Smartphone,4G,2026-06-23
SUB4934740,8.0,0.62,1.23,1.91,98.65,1,1,18-24,Postpaid_Unlimited,5G_Device,4G,2026-06-22
SUB1647122,1.39,2.72,0.51,0.12,73.87,0,0,35-44,Postpaid_Basic,Mid_Range,5G,2026-07-04
SUB4782164,1.33,1.86,1.91,0.77,107.82,0,1,45-54,Postpaid_Premium,Premium_Smartphone,5G,2026-06-15
SUB2761331,1.14,3.31,0.42,0.43,80.63,0,0,35-44,Postpaid_Basic,5G_Device,4G,2026-06-10
SUB2877329,4.46,5.08,0.25,0.73,54.02,0,0,25-34,Postpaid_Basic,Premium_Smartphone,4G,2026-06-09
SUB3892970,7.91,3.84,0.09,2.19,111.5,1,1,18-24,Postpaid_Basic,Premium_Smartphone,4G+,2026-06-14
SUB1315315,0.94,0.56,0.05,1.64,43.94,0,0,25-34,Prepaid_Monthly,Premium_Smartphone,3G,2026-06-14
SUB9539202,8.0,3.31,0.12,3.9,103.35,0,1,18-24,Postpaid_Premium,5G_Device,5G,2026-06-26
SUB7776432,0.42,0.9,0.29,0.18,83.16,0,1,55+,Postpaid_Unlimited,Tablet,4G,2026-06-22
SUB4959015,0.66,0.31,0.0,0.01,39.09,0,0,35-44,Postpaid_Premium,Mid_Range,3G,2026-06-20
SUB3214979,0.75,0.32,0.13,0.03,43.07,0,0,35-44,Postpaid_Basic,Mid_Range,3G,2026-06-30
SUB4405851,0.61,1.42,0.47,0.02,22.36,0,0,25-34,Postpaid_Unlimited,Basic_Phone,4G,2026-06-29
SUB8354292,1.82,2.07,0.38,1.14,84.57,0,0,18-24,Postpaid_Unlimited,5G_Device,4G,2026-06-15
SUB1196211,7.98,2.25,0.08,0.15,54.55,1,0,25-34,Postpaid_Basic,Mid_Range,4G+,2026-07-05
SUB2836082,1.32,0.61,0.02,0.41,6.77,0,0,25-34,Postpaid_Unlimited,Basic_Phone,4G,2026-06-14
SUB3237699,0.96,1.33,0.87,0.36,102.51,1,1,25-34,Prepaid_Daily,5G_Device,4G,2026-07-04
SUB5458434,1.13,0.27,0.27,0.0,120.7,1,0,25-34,Prepaid_Daily,Premium_Smartphone,4G,2026-07-05
SUB2813065,2.96,3.12,0.14,0.98,67.55,0,0,25-34,Prepaid_Daily,5G_Device,4G,2026-06-27
SUB5957161,3.28,1.86,3.86,0.62,109.82,1,0,25-34,Postpaid_Premium,Premium_Smartphone,4G,2026-06-15
SUB8395511,0.46,0.46,0.06,0.63,70.64,1,0,55+,Prepaid_Daily,Mid_Range,4G+,2026-06-14
SUB5587281,0.45,0.65,0.19,0.06,59.02,0,0,25-34,Prepaid_Daily,Mid_Range,4G,2026-06-22
SUB6507200,0.67,1.2,0.53,1.21,83.4,0,0,35-44,Prepaid_Daily,Mid_Range,5G,2026-06-28
SUB9765940,0.33,0.55,0.21,0.31,16.8,0,1,18-24,Prepaid_Monthly,Basic_Phone,4G,2026-06-12
SUB9472761,1.93,0.81,0.5,0.16,86.95,0,0,25-34,Postpaid_Basic,Premium_Smartphone,4G,2026-06-16
SUB5978234,1.74,1.48,0.04,0.19,84.2,1,1,18-24,Prepaid_Daily,Mid_Range,4G,2026-06-19
SUB4972162,3.08,1.26,2.5,0.18,57.37,0,1,35-44,Postpaid_Basic,Mid_Range,5G,2026-06-15
SUB7166994,0.29,0.59,0.8,0.41,59.3,0,0,25-34,Prepaid_Monthly,Premium_Smartphone,3G,2026-06-19
SUB5172060,2.19,3.97,0.29,0.44,114.55,0,1,18-24,Prepaid_Monthly,5G_Device,4G+,2026-06-12
SUB7603352,1.09,1.55,0.67,0.05,52.24,0,0,45-54,Postpaid_Premium,Tablet,3G,2026-06-10
SUB1078947,1.5,3.08,0.13,0.27,161.92,1,1,18-24,Postpaid_Unlimited,Premium_Smartphone,4G+,2026-06-10
SUB8152604,0.41,0.51,0.22,0.07,40.6,0,0,25-34,Postpaid_Basic,Mid_Range,3G,2026-06-11
SUB9136537,0.52,0.94,0.3,0.13,90.51,0,0,25-34,Prepaid_Monthly,5G_Device,4G,2026-06-26
SUB4969411,3.32,2.39,2.35,0.72,83.28,0,1,25-34,Postpaid_Unlimited,Premium_Smartphone,3G,2026-06-27
SUB7387952,0.77,1.28,0.15,0.49,62.61,0,0,35-44,Postpaid_Basic,Tablet,4G,2026-06-17
SUB6969677,2.79,1.12,0.4,0.21,80.62,0,0,35-44,Postpaid_Premium,Premium_Smartphone,4G,2026-06-25
SUB1968410,0.57,1.15,0.4,0.69,65.04,0,1,25-34,Prepaid_Monthly,Mid_Range,4G,2026-07-03
SUB4936642,3.12,2.22,0.3,0.86,99.73,0,0,18-24,Prepaid_Monthly,Tablet,4G,2026-06-24
SUB2040835,1.74,0.34,0.08,0.06,60.51,0,0,45-54,Postpaid_Premium,Premium_Smartphone,4G,2026-06-30
SUB7626532,0.54,0.35,0.7,0.11,26.52,0,0,25-34,Postpaid_Premium,Basic_Phone,3G,2026-06-24
SUB6386452,4.94,3.34,0.43,0.01,116.33,1,0,45-54,Postpaid_Basic,Premium_Smartphone,4G+,2026-06-08
SUB9531225,0.47,0.14,0.28,0.03,18.8,1,0,25-34,Prepaid_Monthly,Basic_Phone,3G,2026-06-25
SUB7952057,0.77,2.67,0.22,0.08,69.71,0,0,35-44,Postpaid_Premium,Premium_Smartphone,4G+,2026-06-24
SUB6134629,0.12,0.35,0.04,0.02,115.73,0,0,55+,Prepaid_Monthly,Premium_Smartphone,4G+,2026-06-12
SUB5926730,4.46,3.66,4.0,0.97,48.5,0,1,35-44,Postpaid_Premium,Mid_Range,4G,2026-07-06
SUB2030120,2.05,0.44,0.09,1.19,97.16,0,0,25-34,Prepaid_Monthly,5G_Device,4G,2026-06-13
SUB2034780,1.39,0.24,0.58,0.12,47.6,0,0,35-44,Postpaid_Basic,Premium_Smartphone,3G,2026-06-07
SUB8128822,0.79,0.33,0.02,0.1,94.44,0,1,25-34,Prepaid_Monthly,Mid_Range,5G,2026-07-02
SUB1749045,0.67,2.92,0.41,0.23,36.06,0,0,35-44,Postpaid_Basic,Mid_Range,4G,2026-06-28
SUB1872109,2.64,1.29,0.47,1.92,152.48,0,0,18-24,Prepaid_Monthly,5G_Device,5G,2026-06-26
SUB8736085,0.37,0.15,1.06,0.13,109.39,0,1,35-44,Postpaid_Basic,Mid_Range,5G,2026-06-20
SUB1387405,3.33,1.91,0.91,0.57,112.53,0,0,18-24,Prepaid_Monthly,5G_Device,4G+,2026-07-04
SUB7805360,1.19,0.25,0.11,0.34,32.12,0,0,18-24,Postpaid_Unlimited,Basic_Phone,4G,2026-06-22
SUB5561786,4.67,0.71,1.57,0.63,81.09,0,1,35-44,Postpaid_Unlimited,Mid_Range,4G+,2026-06-17
SUB5758669,4.5,2.27,2.46,0.6,50.38,0,0,18-24,Postpaid_Premium,5G_Device,3G,2026-06-12
SUB4101004,2.74,0.43,0.26,2.04,98.34,0,1,45-54,Postpaid_Unlimited,Premium_Smartphone,5G,2026-06-13
SUB6534693,1.35,0.11,0.28,0.68,59.5,1,1,45-54,Prepaid_Daily,Mid_Range,4G,2026-06-23
SUB3932208,3.57,1.74,0.04,0.32,52.16,0,0,55+,Postpaid_Unlimited,5G_Device,4G,2026-06-30
SUB5187442,0.39,0.37,0.33,0.34,53.14,1,0,35-44,Prepaid_Daily,Mid_Range,4G,2026-06-15
SUB4812197,0.24,0.52,1.53,0.36,72.54,1,0,25-34,Prepaid_Monthly,5G_Device,4G,2026-06-29
SUB7433564,3.2,1.23,0.25,0.18,98.78,0,0,25-34,Prepaid_Monthly,Premium_Smartphone,4G,2026-06-16
SUB1956740,4.41,6.0,1.1,1.19,64.67,1,1,25-34,Postpaid_Unlimited,Mid_Range,4G+,2026-06-21
SUB3210846,1.23,3.3,0.93,0.16,102.24,0,1,18-24,Postpaid_Basic,Premium_Smartphone,4G,2026-06-09
SUB5428760,8.0,6.0,0.62,0.32,55.99,0,0,25-34,Postpaid_Basic,5G_Device,4G,2026-06-18
SUB3309231,8.0,3.07,1.1,0.12,79.73,1,0,35-44,Postpaid_Unlimited,Premium_Smartphone,4G,2026-06-27
SUB5610764,2.64,1.35,0.09,0.12,159.37,1,1,18-24,Postpaid_Basic,Premium_Smartphone,4G,2026-06-08
SUB5495433,0.61,1.38,0.12,1.39,30.1,0,1,25-34,Postpaid_Basic,Mid_Range,3G,2026-06-11
SUB6215784,0.37,0.67,0.58,0.2,107.97,0,0,35-44,Prepaid_Daily,5G_Device,4G+,2026-06-27
SUB2967582,5.54,2.61,2.99,0.45,101.86,0,1,18-24,Postpaid_Unlimited,5G_Device,4G,2026-06-23
SUB1840268,8.0,5.4,4.0,3.34,172.61,0,1,18-24,Postpaid_Unlimited,5G_Device,5G,2026-06-19
SUB7129026,0.2,5.14,3.16,1.69,96.13,0,0,18-24,Postpaid_Unlimited,Premium_Smartphone,4G,2026-07-02
SUB6770938,3.11,2.59,0.17,0.56,77.81,0,1,35-44,Prepaid_Monthly,Mid_Range,5G,2026-06-12
SUB7557601,1.7,1.23,0.23,0.11,87.98,0,0,35-44,Prepaid_Monthly,5G_Device,4G,2026-06-29
SUB9441243,0.19,0.55,0.23,0.25,40.74,0,0,35-44,Prepaid_Monthly,Basic_Phone,5G,2026-06-21
SUB1983638,0.82,3.0,2.45,5.31,103.09,0,0,18-24,Prepaid_Monthly,5G_Device,5G,2026-06-12
SUB7911596,0.08,0.42,0.05,0.56,48.46,0,0,35-44,Prepaid_Monthly,Mid_Range,4G,2026-06-28
SUB6596127,1.6,2.17,0.23,0.61,76.93,0,1,35-44,Postpaid_Basic,Premium_Smartphone,4G,2026-06-15
SUB3791671,6.76,1.03,0.79,0.47,64.18,0,0,25-34,Postpaid_Premium,Premium_Smartphone,4G,2026-06-07
SUB3061892,1.8,0.97,1.14,0.13,103.05,0,0,25-34,Postpaid_Unlimited,5G_Device,4G+,2026-06-09
SUB4431543,0.58,0.47,0.13,0.14,79.8,0,1,35-44,Prepaid_Daily,5G_Device,3G,2026-06-30
SUB7963266,0.95,0.61,0.01,0.51,47.82,0,0,25-34,Prepaid_Monthly,Mid_Range,4G,2026-06-09
SUB5078140,0.93,0.26,0.42,0.03,43.52,1,0,35-44,Prepaid_Monthly,Mid_Range,4G,2026-06-08
SUB9485356,1.4,1.46,0.33,0.07,114.19,0,0,18-24,Prepaid_Monthly,Tablet,5G,2026-06-11
SUB4909308,2.16,0.83,0.09,0.02,59.01,0,1,25-34,Prepaid_Monthly,Mid_Range,3G,2026-06-20
SUB8466897,0.91,5.44,0.34,0.2,138.38,0,0,25-34,Prepaid_Monthly,Premium_Smartphone,5G,2026-06-13
SUB8685727,0.94,0.4,0.61,0.92,139.2,0,0,25-34,Postpaid_Unlimited,Tablet,5G,2026-07-03
SUB1915767,2.0,2.47,0.1,0.6,92.44,0,1,25-34,Prepaid_Monthly,5G_Device,5G,2026-06-21
SUB9689972,0.27,0.31,0.58,0.02,76.17,0,0,45-54,Postpaid_Basic,Mid_Range,5G,2026-06-09
SUB9214491,1.62,0.93,0.15,0.07,82.29,0,0,45-54,Postpaid_Premium,Premium_Smartphone,4G,2026-07-03
SUB4369415,4.02,1.45,1.54,0.25,144.87,1,1,35-44,Postpaid_Premium,Premium_Smartphone,4G+,2026-06-17
SUB4703713,1.73,1.26,0.65,0.13,41.06,0,0,35-44,Postpaid_Basic,Mid_Range,4G,2026-07-01
SUB1381856,6.16,1.99,0.34,0.72,64.23,0,1,18-24,Postpaid_Unlimited,Mid_Range,4G,2026-06-18
SUB4765444,0.21,1.31,1.68,0.42,104.18,0,1,35-44,Postpaid_Basic,5G_Device,5G,2026-07-02
SUB5579097,0.61,1.32,0.41,0.0,20.02,0,1,25-34,Postpaid_Unlimited,Basic_Phone,3G,2026-06-14
SUB8613312,0.79,0.81,0.04,0.73,143.95,0,0,25-34,Prepaid_Monthly,Premium_Smartphone,5G,2026-07-06
SUB5016899,2.61,1.17,1.02,0.58,134.04,1,1,18-24,Prepaid_Daily,Premium_Smartphone,4G,2026-06-27
SUB4955199,0.8,3.62,0.05,0.13,13.36,0,0,18-24,Postpaid_Premium,Mid_Range,3G,2026-06-15
SUB6242329,0.34,0.66,0.26,0.38,71.51,0,1,18-24,Prepaid_Monthly,Mid_Range,4G,2026-07-05
SUB4268896,4.75,4.28,1.89,0.08,135.71,1,0,18-24,Postpaid_Premium,5G_Device,4G,2026-06-16
SUB5253459,2.57,2.84,4.0,2.99,64.37,0,0,18-24,Postpaid_Premium,Premium_Smartphone,4G,2026-06-09
SUB8356943,0.03,1.36,0.18,0.0,100.3,1,0,35-44,Prepaid_Monthly,Premium_Smartphone,4G,2026-06-09
SUB8136940,0.65,0.18,0.14,0.0,25.94,0,0,18-24,Postpaid_Basic,Basic_Phone,5G,2026-06-23
SUB3854135,0.37,2.88,0.23,0.07,45.73,0,0,25-34,Postpaid_Unlimited,Basic_Phone,5G,2026-07-01
SUB1476377,2.13,2.49,0.34,0.0,53.75,0,1,45-54,Postpaid_Unlimited,Mid_Range,4G,2026-06-13
SUB1398422,0.73,3.0,0.75,0.02,59.03,0,0,18-24,Postpaid_Premium,Mid_Range,4G,2026-07-01
SUB1121937,0.29,2.12,0.36,0.25,81.65,0,0,45-54,Postpaid_Premium,Mid_Range,5G,2026-06-13
SUB2133629,1.41,1.26,1.99,0.69,64.52,0,0,35-44,Postpaid_Unlimited,Premium_Smartphone,4G,2026-06-12
SUB8652126,0.56,0.86,0.88,0.95,52.56,1,0,25-34,Postpaid_Premium,Basic_Phone,5G,2026-07-02
SUB1378355,0.23,3.17,0.91,0.2,22.12,1,1,18-24,Prepaid_Monthly,Basic_Phone,5G,2026-06-25
SUB4993611,0.7,0.46,0.08,0.04,40.87,1,0,18-24,Prepaid_Daily,Basic_Phone,4G,2026-06-20
SUB8814889,2.65,1.51,0.17,0.51,70.89,0,1,25-34,Prepaid_Monthly,Premium_Smartphone,4G,2026-06-17
SUB8277186,0.5,1.23,0.03,0.02,102.36,0,0,18-24,Prepaid_Daily,Premium_Smartphone,4G+,2026-06-12
SUB2675259,2.83,0.83,0.33,0.47,37.14,0,0,25-34,Prepaid_Daily,Mid_Range,4G,2026-06-20
SUB9173192,3.12,2.78,0.86,2.45,95.1,0,0,18-24,Postpaid_Unlimited,Premium_Smartphone,4G,2026-06-15
SUB7609001,0.43,3.34,0.12,0.09,78.71,0,0,35-44,Postpaid_Premium,Premium_Smartphone,5G,2026-06-26
SUB8537330,1.13,0.66,0.07,0.03,13.52,0,1,18-24,Postpaid_Unlimited,Basic_Phone,4G,2026-06-25
SUB9937999,0.29,0.35,0.15,0.41,52.91,0,0,45-54,Postpaid_Basic,5G_Device,4G,2026-06-18
SUB9816087,0.51,1.08,0.14,0.13,43.34,0,1,18-24,Prepaid_Monthly,Mid_Range,4G,2026-06-23
SUB7024945,1.64,0.44,1.02,0.52,93.1,0,1,45-54,Prepaid_Daily,Mid_Range,4G+,2026-06-12
SUB2360764,3.62,6.0,0.42,0.5,161.5,0,1,18-24,Postpaid_Unlimited,5G_Device,5G,2026-06-24
SUB4171553,1.76,0.8,0.1,0.06,32.68,0,0,35-44,Prepaid_Daily,Mid_Range,4G,2026-06-27
SUB3594545,2.5,0.72,0.33,0.04,17.2,0,0,25-34,Postpaid_Basic,Basic_Phone,5G,2026-06-21
SUB4182999,1.42,0.12,0.16,0.27,77.91,0,1,35-44,Prepaid_Daily,5G_Device,3G,2026-07-06
SUB8406465,1.42,0.79,0.32,0.14,115.48,1,0,18-24,Prepaid_Monthly,Premium_Smartphone,4G,2026-06-26
SUB8029446,2.61,1.01,1.39,0.45,86.58,1,0,25-34,Prepaid_Daily,Mid_Range,4G+,2026-06-12
SUB6790740,5.55,1.64,0.74,0.61,96.78,0,1,18-24,Postpaid_Basic,5G_Device,5G,2026-06-19
SUB9951442,0.9,1.79,0.95,0.57,44.74,0,1,25-34,Postpaid_Unlimited,Basic_Phone,5G,2026-07-02
SUB9272686,1.0,2.36,0.07,0.51,43.86,0,0,18-24,Postpaid_Basic,Mid_Range,4G+,2026-06-09
SUB1840597,2.08,0.47,1.39,0.17,65.76,0,0,25-34,Postpaid_Premium,Mid_Range,5G,2026-06-10
SUB1850122,5.43,1.61,0.96,0.54,42.83,0,0,18-24,Postpaid_Unlimited,Premium_Smartphone,3G,2026-06-14
SUB3572703,2.67,0.92,0.19,0.2,51.48,0,0,18-24,Postpaid_Premium,Mid_Range,4G,2026-06-26
SUB1730559,0.08,6.0,0.58,0.62,58.54,0,0,35-44,Postpaid_Unlimited,5G_Device,4G,2026-06-29
SUB9910335,0.04,0.23,0.01,0.04,16.62,1,1,55+,Prepaid_Monthly,Basic_Phone,3G,2026-06-07
SUB7328404,4.05,1.38,1.78,3.1,154.19,1,0,25-34,Postpaid_Unlimited,Premium_Smartphone,5G,2026-06-09
SUB2862015,0.43,1.61,0.34,0.71,77.38,0,0,35-44,Postpaid_Basic,Mid_Range,5G,2026-06-14
SUB3005464,1.14,2.63,0.39,0.15,135.22,1,1,25-34,Prepaid_Daily,Mid_Range,5G,2026-06-25
SUB5605677,0.53,0.74,0.1,0.44,76.01,0,0,25-34,Prepaid_Daily,5G_Device,4G,2026-06-12
SUB5017641,1.7,1.9,0.74,0.08,43.63,1,0,18-24,Prepaid_Monthly,Mid_Range,4G,2026-06-28
SUB2705692,0.5,1.89,1.59,2.33,66.39,0,0,18-24,Prepaid_Monthly,Premium_Smartphone,4G+,2026-07-04
SUB9325648,0.38,0.18,0.08,0.39,32.17,0,0,45-54,Postpaid_Premium,Basic_Phone,5G,2026-06-08
SUB1626776,1.32,2.56,2.89,2.45,106.14,0,0,25-34,Postpaid_Premium,5G_Device,5G,2026-07-05
SUB2761987,0.12,0.81,0.08,0.08,28.11,0,1,35-44,Postpaid_Unlimited,Mid_Range,3G,2026-06-24
SUB7523229,4.7,2.81,0.7,0.37,118.53,0,0,25-34,Postpaid_Basic,Premium_Smartphone,5G,2026-06-18
SUB4486082,4.7,1.08,1.02,2.6,101.0,0,0,25-34,Postpaid_Premium,5G_Device,4G,2026-06-07
SUB2550642,1.44,2.04,1.92,0.01,60.57,1,0,25-34,Prepaid_Monthly,Mid_Range,5G,2026-06-23
SUB3494903,1.45,1.57,0.45,1.11,53.93,0,0,35-44,Postpaid_Premium,Mid_Range,4G,2026-06-10
SUB8789283,2.25,3.03,1.57,0.02,149.89,0,1,18-24,Postpaid_Premium,Premium_Smartphone,5G,2026-06-24
SUB1516031,0.63,1.73,3.49,0.19,62.92,0,0,25-34,Postpaid_Premium,Mid_Range,4G,2026-06-28
SUB1047367,4.38,5.19,0.15,0.28,115.12,0,0,25-34,Postpaid_Basic,5G_Device,4G+,2026-06-17
SUB8226078,0.27,0.09,0.14,0.06,21.64,0,0,55+,Postpaid_Basic,Mid_Range,3G,2026-06-10
SUB6695908,0.19,0.62,0.24,1.61,59.09,0,0,25-34,Prepaid_Monthly,Mid_Range,4G,2026-06-14
SUB2632748,0.1,1.3,0.11,0.56,20.39,0,1,35-44,Postpaid_Premium,Basic_Phone,4G,2026-07-03
SUB5862944,2.02,1.85,0.56,0.89,85.07,1,1,18-24,Postpaid_Premium,Mid_Range,4G,2026-06-08
SUB1364716,8.0,0.31,0.97,0.01,64.72,0,0,18-24,Postpaid_Basic,Mid_Range,4G,2026-07-04
SUB6327701,0.25,0.07,0.12,0.02,37.62,0,0,45-54,Prepaid_Daily,Basic_Phone,5G,2026-06-23
SUB9633305,0.16,1.26,0.25,0.28,56.83,1,0,35-44,Prepaid_Monthly,Mid_Range,4G,2026-06-14
SUB6253087,0.24,0.69,0.05,0.88,52.48,0,0,25-34,Postpaid_Basic,Mid_Range,4G,2026-06-12
SUB5920791,4.27,4.03,0.22,0.03,54.74,0,0,25-34,Postpaid_Premium,Mid_Range,4G,2026-06-10
SUB6270637,1.94,1.74,0.08,0.82,48.29,0,1,18-24,Prepaid_Monthly,Mid_Range,4G,2026-06-11
SUB9352804,0.14,0.75,0.42,0.6,36.16,0,0,35-44,Postpaid_Premium,Basic_Phone,5G,2026-06-14
SUB1454623,0.93,0.51,0.4,1.07,35.38,0,1,18-24,Prepaid_Monthly,Mid_Range,4G,2026-07-04
SUB9284742,0.89,0.12,0.15,0.08,56.98,0,0,45-54,Prepaid_Daily,Premium_Smartphone,4G,2026-06-27
SUB9015648,0.43,1.14,0.95,0.25,52.92,0,0,25-34,Postpaid_Premium,Premium_Smartphone,3G,2026-06-13
SUB2310646,8.0,4.03,1.39,0.76,72.33,1,0,25-34,Postpaid_Basic,5G_Device,4G,2026-07-04
SUB9429948,0.99,0.62,0.02,0.78,67.07,1,0,45-54,Postpaid_Premium,Mid_Range,4G,2026-06-20
SUB9169815,0.75,0.77,0.19,0.11,71.67,0,1,55+,Prepaid_Monthly,Mid_Range,5G,2026-06-23
SUB1892743,0.22,0.07,0.17,0.4,35.05,0,0,25-34,Prepaid_Daily,Mid_Range,4G,2026-06-13
SUB3014751,0.12,0.02,0.08,0.0,31.7,0,0,45-54,Prepaid_Daily,Basic_Phone,4G+,2026-06-24
SUB6842488,0.86,0.71,0.08,0.06,150.86,1,1,45-54,Prepaid_Daily,5G_Device,4G,2026-06-07
SUB2413285,0.36,5.82,0.15,0.1,71.7,1,1,35-44,Postpaid_Premium,Mid_Range,4G,2026-07-02
SUB2330657,0.98,0.41,0.02,0.07,80.12,0,0,55+,Prepaid_Monthly,Premium_Smartphone,4G,2026-06-13
SUB6252279,1.84,1.51,2.1,0.35,34.7,0,0,25-34,Postpaid_Unlimited,Mid_Range,4G,2026-06-17
SUB1945161,1.43,2.89,4.0,2.31,140.91,1,0,35-44,Postpaid_Premium,5G_Device,4G+,2026-07-02
SUB6000783,0.84,0.83,0.08,0.17,173.91,1,0,45-54,Postpaid_Basic,Premium_Smartphone,5G,2026-06-13
SUB3328767,1.17,2.2,0.27,0.2,19.71,0,1,25-34,Postpaid_Unlimited,Mid_Range,3G,2026-06-17
SUB9333631,3.2,2.59,0.84,0.2,85.76,0,0,25-34,Prepaid_Monthly,5G_Device,4G,2026-07-05
SUB3707133,1.22,2.18,0.03,1.24,126.31,0,0,25-34,Prepaid_Daily,5G_Device,5G,2026-06-11
SUB5819523,0.23,1.54,0.01,0.04,21.39,0,1,45-54,Postpaid_Premium,Basic_Phone,3G,2026-06-07
SUB7622266,0.4,0.44,0.8,0.34,44.22,0,0,35-44,Prepaid_Monthly,Mid_Range,4G,2026-07-03
SUB1053010,2.54,0.6,1.13,0.27,21.79,0,1,25-34,Postpaid_Unlimited,Basic_Phone,4G,2026-06-09
SUB6805333,3.72,1.91,0.02,0.43,68.96,0,1,25-34,Postpaid_Unlimited,Premium_Smartphone,4G,2026-07-01
SUB6516552,2.72,0.68,0.3,0.78,58.81,0,0,18-24,Postpaid_Unlimited,Mid_Range,4G,2026-06-08
SUB1907272,4.67,6.0,2.83,0.18,200.0,1,1,18-24,Postpaid_Unlimited,5G_Device,5G,2026-06-30
SUB5074411,1.93,1.62,0.8,0.1,77.83,0,0,25-34,Postpaid_Basic,Premium_Smartphone,5G,2026-07-06
SUB1536364,2.59,6.0,1.11,1.79,73.58,0,0,25-34,Postpaid_Premium,5G_Device,4G,2026-06-20
SUB1903057,0.98,0.56,0.39,0.01,96.76,0,0,45-54,Prepaid_Daily,Premium_Smartphone,4G+,2026-07-01
SUB2750652,5.85,6.0,1.59,1.62,200.0,1,1,25-34,Postpaid_Premium,5G_Device,4G+,2026-06-22
SUB3619909,0.63,0.16,0.04,0.06,25.99,0,0,55+,Prepaid_Monthly,Mid_Range,3G,2026-06-13
SUB1663478,0.21,6.0,1.13,0.48,60.98,0,0,18-24,Postpaid_Premium,5G_Device,4G,2026-06-30
SUB5139524,2.11,0.13,0.18,0.01,59.92,0,1,55+,Postpaid_Unlimited,Premium_Smartphone,4G,2026-06-15
SUB1990993,2.78,0.29,0.17,0.5,63.74,0,0,25-34,Prepaid_Monthly,Premium_Smartphone,3G,2026-07-04
SUB7394544,1.93,0.16,0.17,0.47,64.1,1,0,35-44,Prepaid_Daily,Mid_Range,4G,2026-07-02
SUB2588049,0.95,1.09,0.17,0.13,69.03,0,0,25-34,Postpaid_Basic,5G_Device,3G,2026-07-01
SUB1959296,5.03,1.76,0.81,0.17,57.34,0,0,25-34,Postpaid_Premium,Mid_Range,5G,2026-06-25
SUB9337746,1.22,2.81,0.41,0.0,50.08,0,1,18-24,Postpaid_Premium,5G_Device,3G,2026-06-28
SUB8914933,0.21,0.08,0.35,0.19,39.29,0,0,18-24,Postpaid_Premium,Mid_Range,3G,2026-06-15
SUB1262530,1.41,0.57,2.27,0.17,141.7,0,1,35-44,Postpaid_Premium,5G_Device,5G,2026-06-18
SUB4631097,0.87,1.35,1.09,0.06,82.56,0,1,25-34,Prepaid_Daily,5G_Device,4G,2026-06-14
SUB6708824,0.9,0.18,0.04,0.14,67.69,0,1,55+,Postpaid_Premium,Premium_Smartphone,3G,2026-06-20
SUB3042361,0.01,1.06,1.83,1.56,78.12,0,0,25-34,Postpaid_Basic,Premium_Smartphone,4G,2026-07-02
SUB1217767,0.05,0.26,0.0,0.04,38.16,0,0,55+,Prepaid_Daily,Mid_Range,3G,2026-06-07
SUB2109970,0.55,0.24,0.58,0.21,43.86,0,0,18-24,Prepaid_Monthly,Basic_Phone,5G,2026-06-20
SUB4870033,3.49,1.73,0.05,5.39,86.63,0,0,18-24,Postpaid_Unlimited,Premium_Smartphone,4G,2026-06-17
SUB6882545,3.84,0.63,0.51,1.19,38.91,0,0,25-34,Postpaid_Unlimited,Mid_Range,4G,2026-06-13
SUB1187486,0.28,0.92,0.01,0.21,65.54,0,0,45-54,Postpaid_Premium,Mid_Range,5G,2026-07-01
SUB8263776,1.83,3.72,1.38,0.54,81.46,0,0,25-34,Postpaid_Unlimited,Mid_Range,5G,2026-06-17
SUB2628782,1.06,0.11,0.02,0.08,38.39,0,1,18-24,Prepaid_Daily,Mid_Range,3G,2026-06-13
SUB4388284,1.4,1.14,0.5,2.28,70.25,0,1,18-24,Postpaid_Unlimited,Premium_Smartphone,4G,2026-06-10
SUB2733391,0.09,5.96,0.35,0.02,75.11,0,1,25-34,Prepaid_Daily,Mid_Range,4G,2026-07-01
SUB9755198,2.35,3.12,0.57,0.34,113.04,1,1,35-44,Postpaid_Basic,5G_Device,3G,2026-06-20
SUB9483310,0.61,0.47,0.29,0.06,64.3,0,0,25-34,Prepaid_Monthly,Mid_Range,4G,2026-07-04
SUB3202661,3.0,1.43,0.08,0.12,52.85,0,0,35-44,Postpaid_Premium,Mid_Range,4G,2026-06-25
SUB5550056,1.1,0.13,0.42,0.0,66.64,1,0,35-44,Prepaid_Monthly,Mid_Range,4G,2026-06-27
SUB2162886,0.06,0.68,0.0,0.13,61.93,1,0,45-54,Prepaid_Daily,Mid_Range,4G,2026-06-10
SUB5075341,2.39,2.92,1.83,0.2,98.24,0,1,25-34,Prepaid_Monthly,Mid_Range,5G,2026-06-17
SUB3929386,0.47,1.1,0.1,0.04,42.46,0,1,25-34,Prepaid_Daily,Basic_Phone,5G,2026-06-08
SUB7401391,0.2,4.05,0.02,0.11,59.16,1,0,55+,Prepaid_Monthly,Mid_Range,3G,2026-07-05
SUB4263647,3.38,2.3,0.73,0.05,57.42,0,0,25-34,Postpaid_Basic,Mid_Range,4G,2026-06-23
SUB1958101,0.54,0.41,0.17,0.97,93.23,1,1,25-34,Prepaid_Monthly,Mid_Range,4G,2026-06-21
SUB1069519,1.39,0.4,0.19,0.06,135.73,0,1,45-54,Prepaid_Monthly,Premium_Smartphone,4G+,2026-06-22
SUB8838236,1.34,6.0,1.4,1.23,74.61,0,1,18-24,Prepaid_Daily,5G_Device,4G,2026-06-26
SUB1960655,0.17,1.04,3.31,1.03,57.72,1,1,25-34,Prepaid_Daily,Mid_Range,4G,2026-07-05
SUB3141924,1.1,4.42,0.72,1.25,66.1,1,0,18-24,Postpaid_Basic,Mid_Range,4G+,2026-06-26
SUB3979674,0.85,0.73,0.63,1.55,83.73,0,0,18-24,Postpaid_Premium,Premium_Smartphone,4G,2026-06-13
SUB3292056,2.34,3.2,1.49,0.2,140.25,1,0,18-24,Postpaid_Basic,5G_Device,5G,2026-07-03
SUB9547596,2.37,0.3,0.14,1.08,109.04,1,0,18-24,Prepaid_Daily,Premium_Smartphone,4G,2026-06-22
SUB8122759,0.03,0.17,0.03,0.17,22.15,0,0,25-34,Postpaid_Basic,Basic_Phone,3G,2026-06-28
SUB3611895,0.86,6.0,1.98,0.32,67.73,1,1,45-54,Postpaid_Basic,Premium_Smartphone,3G,2026-06-22
SUB5233384,1.19,0.74,0.13,1.96,121.63,1,0,35-44,Prepaid_Monthly,Tablet,4G+,2026-06-08
SUB8369080,0.47,0.76,0.09,0.4,31.15,0,1,35-44,Prepaid_Monthly,Mid_Range,4G,2026-06-11
SUB6852373,1.96,1.65,0.07,0.23,39.97,0,0,25-34,Prepaid_Daily,Mid_Range,4G,2026-07-06
SUB8656887,1.03,0.92,0.19,0.1,76.75,1,0,45-54,Prepaid_Daily,Mid_Range,4G+,2026-06-23
SUB5450696,3.85,1.36,2.11,0.71,151.49,0,1,45-54,Prepaid_Monthly,Premium_Smartphone,5G,2026-06-25
SUB3873382,0.04,0.16,0.23,0.26,68.83,0,1,45-54,Prepaid_Daily,Mid_Range,4G,2026-06-28
SUB2390179,0.92,0.11,0.69,0.09,89.2,1,1,45-54,Prepaid_Monthly,Mid_Range,4G,2026-06-25
SUB9113324,0.56,0.74,0.14,0.51,62.49,0,0,18-24,Postpaid_Basic,Premium_Smartphone,3G,2026-06-16
SUB8128080,1.3,2.48,4.0,0.02,67.93,0,0,35-44,Postpaid_Unlimited,Mid_Range,5G,2026-06-11
SUB6851361,0.27,0.88,0.34,0.38,96.71,0,0,35-44,Postpaid_Basic,5G_Device,5G,2026-06-27
SUB9314052,0.57,0.57,0.35,0.2,27.15,0,0,25-34,Postpaid_Basic,Mid_Range,3G,2026-06-11
SUB4771414,0.8,3.18,0.05,1.68,89.94,0,0,25-34,Prepaid_Monthly,Premium_Smartphone,4G,2026-06-14
SUB1746470,1.17,0.53,2.7,0.13,59.81,0,1,18-24,Prepaid_Daily,Mid_Range,4G+,2026-06-19
SUB8068566,0.46,0.9,1.62,0.66,88.75,0,1,18-24,Prepaid_Monthly,Premium_Smartphone,4G,2026-06-27
SUB2918517,0.29,2.94,0.15,0.01,122.28,1,0,55+,Postpaid_Basic,5G_Device,5G,2026-06-12
SUB4459544,0.29,0.28,0.22,0.06,20.68,0,0,35-44,Postpaid_Premium,Basic_Phone,4G,2026-06-15
SUB8272268,2.26,4.46,0.21,0.32,81.21,0,0,25-34,Postpaid_Premium,5G_Device,5G,2026-06-24
SUB3830095,1.55,0.32,1.19,0.65,59.76,1,1,25-34,Prepaid_Monthly,Premium_Smartphone,3G,2026-06-17
SUB4429985,1.6,0.51,0.41,0.32,128.63,0,0,35-44,Prepaid_Monthly,Premium_Smartphone,5G,2026-06-09
SUB2311414,0.49,0.35,0.16,0.02,5.0,0,1,25-34,Postpaid_Basic,Basic_Phone,3G,2026-06-30
SUB5185727,0.73,1.06,0.0,0.04,52.35,0,0,25-34,Postpaid_Basic,5G_Device,3G,2026-06-09
SUB9404196,4.28,2.35,0.35,0.77,50.39,1,1,18-24,Prepaid_Monthly,Mid_Range,4G,2026-06-24
SUB3814268,8.0,3.38,0.95,0.22,77.67,1,1,18-24,Postpaid_Basic,Tablet,4G,2026-06-14
SUB9845909,0.52,0.38,0.33,0.8,152.48,0,0,25-34,Prepaid_Monthly,5G_Device,5G,2026-06-10
SUB8058175,2.81,0.53,0.02,0.06,64.58,0,1,35-44,Postpaid_Basic,Premium_Smartphone,4G,2026-06-30
SUB5017763,3.22,2.37,0.5,1.4,116.84,0,0,18-24,Prepaid_Monthly,5G_Device,5G,2026-07-06
SUB8931827,2.91,0.76,0.67,0.48,91.91,0,0,25-34,Postpaid_Basic,Mid_Range,5G,2026-07-05
SUB9435969,0.38,2.17,0.48,1.76,87.41,0,1,35-44,Postpaid_Premium,Tablet,4G+,2026-07-02
SUB8136735,7.37,1.82,0.6,0.49,167.66,1,1,45-54,Postpaid_Unlimited,Premium_Smartphone,5G,2026-06-28
SUB9232823,0.38,0.51,0.04,0.02,14.62,0,0,18-24,Postpaid_Unlimited,Basic_Phone,4G,2026-07-05
SUB3239665,0.42,3.01,0.07,0.14,64.31,0,0,35-44,Postpaid_Basic,Premium_Smartphone,4G,2026-06-20
SUB7363395,3.35,0.22,1.52,1.74,125.56,0,0,55+,Postpaid_Basic,Premium_Smartphone,5G,2026-06-24
SUB4423604,0.15,0.6,0.07,0.07,166.67,0,1,55+,Prepaid_Monthly,Premium_Smartphone,5G,2026-06-12
SUB7084556,0.5,0.79,0.0,0.03,53.19,0,1,45-54,Prepaid_Daily,Mid_Range,4G,2026-07-01
SUB2844348,0.24,0.73,0.16,0.02,28.78,0,1,35-44,Prepaid_Daily,Mid_Range,3G,2026-06-08
SUB1759848,0.91,1.46,0.11,0.28,39.65,0,0,18-24,Prepaid_Daily,Mid_Range,4G,2026-06-09
SUB8100282,1.48,2.41,0.2,0.73,63.71,0,0,35-44,Postpaid_Premium,5G_Device,3G,2026-07-05
SUB2592023,0.93,0.13,0.57,0.43,33.78,0,0,35-44,Prepaid_Monthly,Mid_Range,4G,2026-06-09
SUB9510974,1.28,6.0,2.21,0.48,71.52,1,0,25-34,Prepaid_Daily,Tablet,4G,2026-06-08
SUB3293316,0.42,1.55,2.43,0.13,70.98,1,1,25-34,Postpaid_Premium,Mid_Range,4G,2026-07-05
SUB2539152,0.87,0.61,0.26,0.1,39.07,0,0,35-44,Postpaid_Basic,Mid_Range,3G,2026-06-19
SUB1823837,0.35,0.06,0.06,0.0,19.42,0,0,55+,Postpaid_Premium,Basic_Phone,4G,2026-06-14
SUB9781384,8.0,1.24,0.97,0.16,82.48,0,0,25-34,Postpaid_Basic,5G_Device,4G,2026-06-18
SUB1356440,1.26,3.78,0.2,0.1,48.72,1,1,18-24,Prepaid_Daily,Mid_Range,4G,2026-06-15
SUB1841618,3.31,0.17,0.04,0.06,36.44,1,0,35-44,Prepaid_Daily,Mid_Range,4G,2026-06-29
SUB6991233,0.36,0.18,0.52,0.37,105.44,0,0,18-24,Postpaid_Premium,5G_Device,5G,2026-06-17
SUB5729124,1.16,1.14,0.43,0.92,88.91,1,0,35-44,Prepaid_Monthly,5G_Device,3G,2026-06-21
SUB2035340,0.59,1.64,0.5,2.85,86.56,0,0,18-24,Postpaid_Basic,5G_Device,4G,2026-06-08
SUB9366126,8.0,0.63,0.48,1.37,128.34,0,1,25-34,Postpaid_Basic,5G_Device,5G,2026-06-26
SUB1103021,2.79,6.0,0.17,4.3,194.87,1,0,35-44,Postpaid_Unlimited,5G_Device,5G,2026-06-25
SUB8081159,0.9,2.63,0.19,0.46,58.99,0,0,18-24,Postpaid_Basic,5G_Device,4G,2026-07-04
SUB3011562,8.0,0.73,0.25,0.61,94.9,1,0,18-24,Postpaid_Basic,Premium_Smartphone,4G,2026-07-01
SUB9388817,0.47,1.78,0.42,0.99,64.97,0,0,25-34,Prepaid_Monthly,Premium_Smartphone,3G,2026-06-24
SUB9610679,2.02,0.25,0.07,0.07,26.65,0,1,25-34,Postpaid_Unlimited,Basic_Phone,4G,2026-06-10
SUB4806627,4.49,1.68,0.77,1.33,122.95,0,0,35-44,Postpaid_Basic,Premium_Smartphone,5G,2026-06-14
SUB3903561,1.55,1.56,0.06,1.68,42.97,0,1,25-34,Prepaid_Daily,Mid_Range,4G,2026-07-03
SUB6473024,2.35,1.39,1.14,0.93,120.41,0,0,25-34,Postpaid_Basic,5G_Device,5G,2026-06-22
SUB1216194,1.15,1.03,0.08,0.49,93.9,0,0,25-34,Prepaid_Monthly,Premium_Smartphone,4G,2026-07-04
SUB3454082,0.36,3.2,0.32,0.58,65.07,0,0,18-24,Prepaid_Daily,Tablet,4G,2026-06-12
SUB7474467,1.01,0.63,0.1,0.02,44.03,0,0,45-54,Prepaid_Monthly,Mid_Range,4G+,2026-07-05
SUB7965410,6.35,6.0,0.92,0.43,140.55,0,0,18-24,Postpaid_Premium,Premium_Smartphone,5G,2026-06-21
SUB4597326,2.87,0.45,0.53,0.05,89.2,0,0,45-54,Postpaid_Basic,Premium_Smartphone,5G,2026-06-16
SUB9396007,4.77,0.57,3.33,0.12,86.02,1,0,25-34,Postpaid_Basic,5G_Device,4G,2026-06-29
SUB6757122,1.51,1.48,0.32,0.19,68.65,0,1,25-34,Postpaid_Basic,Mid_Range,4G,2026-06-08
SUB5857162,1.13,0.46,0.18,0.21,31.76,0,0,35-44,Postpaid_Premium,Basic_Phone,4G,2026-06-28
SUB7132138,1.26,2.16,0.31,0.26,94.47,1,0,45-54,Prepaid_Monthly,Premium_Smartphone,4G+,2026-06-26
SUB7664677,1.0,0.06,0.42,0.0,55.77,0,0,55+,Prepaid_Monthly,Premium_Smartphone,4G,2026-06-26
SUB2034023,0.3,0.38,0.21,0.08,66.58,0,0,25-34,Prepaid_Daily,Mid_Range,4G+,2026-06-25
SUB9177088,0.7,0.91,0.38,1.59,76.31,0,0,18-24,Prepaid_Daily,Tablet,5G,2026-06-26
SUB9782153,0.45,0.58,0.15,0.12,18.33,1,0,45-54,Postpaid_Unlimited,Basic_Phone,4G,2026-06-11
SUB1300763,1.27,4.66,0.46,0.24,63.08,0,0,18-24,Postpaid_Premium,Premium_Smartphone,4G,2026-06-16
SUB4849182,0.28,1.6,0.11,0.8,102.09,1,0,45-54,Prepaid_Monthly,Mid_Range,5G,2026-06-19
SUB2564458,0.02,0.42,0.21,0.1,21.94,0,1,35-44,Prepaid_Monthly,Basic_Phone,5G,2026-07-04
SUB8919584,1.54,0.68,0.38,0.28,107.07,0,1,55+,Postpaid_Unlimited,Tablet,4G,2026-06-19
SUB5242154,0.67,0.46,0.28,0.09,92.33,0,0,45-54,Prepaid_Monthly,Premium_Smartphone,4G,2026-07-04
SUB2577586,6.4,6.0,1.35,0.22,132.76,1,1,18-24,Postpaid_Basic,5G_Device,4G,2026-07-05
SUB5474220,3.0,0.88,0.92,0.48,115.39,1,0,35-44,Prepaid_Daily,5G_Device,4G,2026-06-30
SUB9736857,1.3,6.0,0.8,3.62,133.19,0,1,18-24,Postpaid_Basic,5G_Device,5G,2026-06-10
SUB1986275,3.21,5.31,0.17,1.3,97.46,0,0,18-24,Postpaid_Unlimited,Premium_Smartphone,4G+,2026-06-30
SUB2410124,8.0,6.0,2.45,1.01,85.91,0,1,25-34,Postpaid_Unlimited,5G_Device,4G,2026-06-07
SUB3532000,2.37,5.66,0.58,0.03,76.0,1,1,18-24,Postpaid_Basic,Mid_Range,5G,2026-06-29
SUB4394020,0.04,1.75,0.26,0.62,68.21,1,0,35-44,Postpaid_Basic,Mid_Range,4G,2026-06-15
SUB1810586,0.5,0.17,0.73,0.15,68.35,0,1,55+,Postpaid_Basic,Mid_Range,4G,2026-06-20
SUB8753302,0.21,0.7,0.07,0.27,37.86,1,0,35-44,Prepaid_Daily,Mid_Range,3G,2026-06-23
SUB2599826,2.17,0.09,0.06,0.47,147.82,1,0,18-24,Prepaid_Daily,Tablet,5G,2026-06-19
SUB2348483,1.06,2.24,0.4,0.87,106.78,1,1,45-54,Postpaid_Unlimited,Premium_Smartphone,4G,2026-06-09
SUB1981598,1.34,0.8,0.91,0.03,63.53,0,0,45-54,Prepaid_Monthly,5G_Device,3G,2026-06-11
SUB5042974,1.02,1.72,0.03,2.2,61.39,0,0,35-44,Prepaid_Monthly,Mid_Range,4G+,2026-06-10
SUB9420149,2.69,5.26,1.78,0.24,138.07,1,1,35-44,Postpaid_Basic,Tablet,4G+,2026-06-13
SUB9864367,1.77,0.26,0.05,0.03,15.14,0,0,45-54,Postpaid_Unlimited,Basic_Phone,4G,2026-07-05
SUB3844510,3.59,2.9,1.58,0.8,65.79,1,0,18-24,Postpaid_Premium,5G_Device,4G,2026-06-21
SUB5323492,1.97,0.9,0.27,0.57,103.22,0,1,55+,Postpaid_Basic,5G_Device,4G+,2026-06-29
SUB1208150,0.26,0.25,0.06,0.15,8.18,0,0,55+,Postpaid_Basic,Basic_Phone,5G,2026-06-20
SUB3573338,1.96,0.72,0.08,0.93,143.99,1,0,45-54,Postpaid_Premium,Premium_Smartphone,4G+,2026-06-26
SUB2858777,2.15,5.1,0.93,1.88,75.44,0,0,25-34,Postpaid_Premium,5G_Device,4G,2026-07-05
SUB7510529,2.33,0.32,0.54,0.05,56.87,0,0,45-54,Postpaid_Unlimited,Mid_Range,4G,2026-06-28
SUB1480620,0.31,0.49,0.21,0.05,16.49,0,1,25-34,Postpaid_Basic,Basic_Phone,4G,2026-06-13
SUB5935500,1.29,6.0,1.4,0.08,104.71,0,1,35-44,Prepaid_Monthly,5G_Device,4G,2026-06-29
SUB5863099,6.19,2.41,0.77,0.17,85.46,0,0,45-54,Postpaid_Premium,Premium_Smartphone,4G+,2026-06-22
SUB5919314,4.41,1.58,3.55,0.67,52.57,0,1,18-24,Postpaid_Premium,Mid_Range,5G,2026-06-18
SUB7993152,0.1,0.22,0.03,0.06,18.98,0,1,25-34,Prepaid_Daily,Basic_Phone,3G,2026-06-23
SUB7196519,1.03,0.26,0.54,0.06,60.76,0,0,45-54,Prepaid_Monthly,Premium_Smartphone,4G,2026-06-12
SUB2122207,0.18,1.34,0.5,0.77,21.48,0,0,45-54,Postpaid_Unlimited,Basic_Phone,5G,2026-06-14
SUB3690927,1.7,1.17,0.04,0.15,57.06,0,0,45-54,Prepaid_Monthly,5G_Device,4G,2026-07-05
SUB4036124,1.0,6.0,2.67,2.57,144.99,0,0,18-24,Postpaid_Basic,5G_Device,5G,2026-06-19
SUB1427557,0.23,0.49,0.06,0.06,77.74,1,0,35-44,Prepaid_Monthly,Mid_Range,4G,2026-06-07
SUB3165456,1.0,4.49,0.65,3.81,72.47,1,1,18-24,Postpaid_Basic,Premium_Smartphone,3G,2026-06-28
SUB1365750,5.36,0.38,2.58,2.21,192.03,1,0,45-54,Postpaid_Premium,Premium_Smartphone,5G,2026-07-06
SUB8517618,1.31,4.36,1.06,1.44,89.07,0,0,18-24,Postpaid_Basic,Tablet,4G,2026-07-03
SUB8767227,1.89,1.04,1.89,0.22,74.47,0,1,35-44,Prepaid_Monthly,Premium_Smartphone,3G,2026-07-05
SUB1484103,0.76,1.08,1.08,0.15,81.75,0,0,25-34,Prepaid_Daily,Tablet,4G,2026-06-09
SUB3152259,1.08,0.15,0.17,0.1,51.22,0,0,55+,Postpaid_Unlimited,Mid_Range,5G,2026-06-14
SUB4390919,1.0,2.86,0.19,0.35,67.62,0,0,35-44,Postpaid_Unlimited,Premium_Smartphone,3G,2026-06-10
SUB7641497,0.05,1.29,0.06,0.06,63.22,1,0,35-44,Postpaid_Premium,Mid_Range,4G,2026-06-14
SUB8412609,8.0,1.2,1.84,0.43,86.23,0,0,25-34,Postpaid_Premium,Premium_Smartphone,4G,2026-07-02
SUB8031119,0.68,1.57,0.18,0.01,81.36,0,0,35-44,Postpaid_Basic,Premium_Smartphone,4G,2026-06-29
SUB5455237,8.0,6.0,0.19,0.36,149.04,1,0,25-34,Postpaid_Unlimited,5G_Device,5G,2026-06-18
SUB6871348,1.2,1.66,1.03,0.14,125.68,0,0,18-24,Postpaid_Premium,Tablet,5G,2026-06-09
SUB3379220,0.11,2.21,1.28,0.84,167.64,1,0,35-44,Postpaid_Premium,Tablet,5G,2026-06-17
SUB4519065,1.67,0.71,0.24,0.06,27.83,0,0,45-54,Prepaid_Monthly,Mid_Range,4G,2026-06-22
SUB7960698,1.21,1.69,0.82,0.38,87.28,0,0,18-24,Prepaid_Monthly,Mid_Range,5G,2026-06-13
SUB2784210,1.11,3.09,0.91,0.57,83.87,0,0,18-24,Postpaid_Premium,Mid_Range,5G,2026-06-28
SUB6198363,2.75,3.73,0.02,1.44,38.5,1,0,35-44,Prepaid_Monthly,Mid_Range,3G,2026-06-20
SUB8341127,0.23,0.03,0.19,0.01,53.92,1,0,45-54,Postpaid_Basic,Mid_Range,3G,2026-07-04
SUB3463501,1.59,0.98,0.94,1.11,67.5,1,0,18-24,Postpaid_Basic,Premium_Smartphone,4G,2026-06-17
SUB3819127,0.34,0.38,0.23,0.16,78.4,1,0,55+,Prepaid_Monthly,5G_Device,4G,2026-06-17
SUB7779865,1.93,0.25,0.32,0.12,64.28,0,0,55+,Postpaid_Premium,Premium_Smartphone,4G,2026-07-06
SUB6026014,0.4,1.25,0.12,0.11,47.36,0,1,18-24,Prepaid_Daily,5G_Device,3G,2026-06-15
SUB2932919,1.7,2.09,0.31,0.61,55.39,0,0,25-34,Postpaid_Premium,Tablet,4G,2026-06-27
SUB7250674,0.18,1.02,0.02,0.09,65.85,0,0,35-44,Prepaid_Daily,Mid_Range,5G,2026-06-16
SUB8620520,0.33,0.76,0.12,0.07,89.86,0,0,55+,Postpaid_Unlimited,5G_Device,5G,2026-06-26
SUB9651964,0.36,0.16,0.06,0.06,29.07,0,0,35-44,Prepaid_Monthly,Basic_Phone,4G,2026-06-16
SUB8984705,0.59,1.69,0.47,0.51,83.06,1,0,25-34,Postpaid_Premium,Premium_Smartphone,4G,2026-07-05
SUB9731896,0.31,0.57,0.03,1.4,77.06,0,0,18-24,Postpaid_Basic,Mid_Range,5G,2026-06-10
SUB3002507,0.45,1.32,0.12,0.58,58.39,0,1,25-34,Prepaid_Daily,Mid_Range,4G,2026-06-14
SUB3652808,0.74,0.44,0.18,0.5,64.04,0,0,35-44,Postpaid_Basic,Mid_Range,4G,2026-07-01
SUB5777376,0.32,1.82,1.05,0.07,35.86,0,0,25-34,Postpaid_Unlimited,Mid_Range,4G,2026-06-14
SUB8366829,7.29,1.2,0.55,0.35,81.73,0,0,25-34,Prepaid_Daily,5G_Device,5G,2026-06-24
SUB2358293,0.63,1.0,0.14,0.07,128.96,0,1,18-24,Prepaid_Monthly,5G_Device,4G,2026-07-02
SUB2911128,3.62,3.41,2.45,2.22,166.78,0,1,25-34,Prepaid_Monthly,Premium_Smartphone,5G,2026-06-11
SUB5756497,8.0,0.69,0.13,0.09,71.25,1,0,18-24,Prepaid_Monthly,Premium_Smartphone,4G,2026-06-26
SUB6133381,1.27,1.56,3.02,6.0,93.75,0,1,18-24,Postpaid_Unlimited,Mid_Range,5G,2026-06-19
SUB4786065,0.2,2.97,0.51,0.03,127.79,1,0,45-54,Prepaid_Monthly,Premium_Smartphone,4G,2026-06-28
SUB5848243,8.0,4.58,0.35,4.74,76.73,0,1,18-24,Postpaid_Premium,Mid_Range,4G+,2026-06-15
SUB3425358,0.47,4.81,0.09,0.35,70.02,1,0,35-44,Prepaid_Monthly,Mid_Range,4G,2026-06-25
SUB8645639,0.49,0.3,0.08,0.01,12.25,0,0,18-24,Prepaid_Monthly,Basic_Phone,3G,2026-06-20
SUB4917430,0.1,1.89,0.18,1.75,125.84,1,0,25-34,Prepaid_Daily,Premium_Smartphone,4G,2026-06-11
SUB3105777,8.0,6.0,0.18,2.86,119.66,1,1,25-34,Prepaid_Monthly,Premium_Smartphone,4G+,2026-06-27
SUB6544223,0.51,1.87,0.01,0.11,56.74,0,0,18-24,Postpaid_Basic,Mid_Range,4G+,2026-06-23
SUB3390514,1.05,0.75,0.01,1.36,41.09,0,0,18-24,Prepaid_Daily,Mid_Range,4G,2026-06-17
SUB6942712,3.76,2.26,0.46,0.08,67.23,0,0,45-54,Postpaid_Premium,5G_Device,4G,2026-07-01
SUB2171758,5.76,1.23,1.71,2.0,75.66,0,1,18-24,Postpaid_Basic,5G_Device,4G,2026-06-19
SUB6276085,0.9,0.67,0.67,0.15,76.5,0,0,18-24,Prepaid_Daily,Premium_Smartphone,4G,2026-06-26
SUB8449116,1.63,0.28,0.03,0.71,51.84,0,0,45-54,Prepaid_Daily,Mid_Range,4G,2026-06-13
SUB8185180,0.07,0.37,0.13,0.02,19.68,0,0,25-34,Prepaid_Daily,Basic_Phone,4G,2026-06-07
SUB1942639,0.88,0.85,1.28,0.5,87.93,1,0,35-44,Prepaid_Monthly,Mid_Range,5G,2026-06-18
SUB9023556,5.13,4.17,0.44,1.38,114.04,1,0,18-24,Postpaid_Basic,Premium_Smartphone,4G,2026-06-12
SUB6171666,1.98,3.37,0.19,3.24,77.32,1,0,18-24,Postpaid_Unlimited,Premium_Smartphone,4G,2026-07-06
SUB8099492,2.41,3.13,0.16,1.37,70.51,0,0,35-44,Postpaid_Unlimited,Premium_Smartphone,4G,2026-06-21
SUB2280280,0.91,0.25,0.87,0.31,94.86,0,0,55+,Postpaid_Premium,Premium_Smartphone,4G+,2026-07-03
SUB8457451,1.11,2.65,0.41,0.12,100.02,0,0,18-24,Prepaid_Monthly,5G_Device,4G,2026-07-03
SUB6546811,0.11,1.5,0.14,0.78,50.22,0,0,25-34,Prepaid_Monthly,Premium_Smartphone,3G,2026-06-13
SUB8127470,1.07,0.32,0.36,0.15,15.13,0,0,18-24,Postpaid_Unlimited,Basic_Phone,5G,2026-06-18
SUB3850310,0.22,0.85,0.21,0.04,26.09,0,0,18-24,Postpaid_Premium,Basic_Phone,5G,2026-06-17
SUB5015789,0.91,2.94,0.37,0.99,121.16,1,0,55+,Prepaid_Monthly,5G_Device,5G,2026-06-22
SUB5986518,4.89,6.0,0.36,0.61,100.55,1,0,18-24,Prepaid_Monthly,Premium_Smartphone,5G,2026-07-01
SUB9979666,0.53,0.33,1.45,1.42,61.81,0,0,45-54,Prepaid_Monthly,Mid_Range,4G,2026-07-03
SUB4727661,5.13,0.43,2.48,0.58,78.42,0,1,18-24,Postpaid_Basic,5G_Device,3G,2026-06-16
SUB2279372,0.58,2.92,0.1,0.02,65.35,0,1,45-54,Postpaid_Unlimited,Mid_Range,5G,2026-06-30
SUB5095228,2.53,2.29,0.01,0.44,131.04,0,0,25-34,Prepaid_Daily,Premium_Smartphone,4G+,2026-06-21
SUB6767034,0.68,0.89,0.11,0.06,59.75,1,0,45-54,Prepaid_Daily,Tablet,4G,2026-06-25
SUB9837010,1.8,0.64,0.13,0.61,23.5,0,0,18-24,Prepaid_Monthly,Mid_Range,3G,2026-06-11
SUB9103292,0.71,0.34,0.13,0.02,55.64,1,0,45-54,Prepaid_Monthly,Mid_Range,4G,2026-06-09
SUB3449851,1.92,1.99,0.59,0.21,86.02,0,0,35-44,Postpaid_Basic,Premium_Smartphone,5G,2026-06-18
SUB7507552,8.0,1.03,4.0,0.12,74.05,0,1,25-34,Postpaid_Premium,Premium_Smartphone,3G,2026-06-26
SUB9670441,0.06,0.42,0.06,0.13,45.96,0,0,45-54,Prepaid_Monthly,Basic_Phone,5G,2026-06-11
SUB2535834,0.53,2.84,1.15,0.57,58.85,0,0,35-44,Postpaid_Premium,Premium_Smartphone,3G,2026-06-27
SUB3442547,0.06,0.33,0.02,0.0,17.0,0,0,45-54,Prepaid_Monthly,Basic_Phone,3G,2026-06-09
SUB2236968,0.65,1.9,0.71,0.82,64.79,1,0,25-34,Postpaid_Basic,Mid_Range,4G+,2026-07-06
SUB4078882,1.19,0.99,0.16,5.33,123.28,0,0,35-44,Postpaid_Basic,Premium_Smartphone,5G,2026-06-11
SUB2521093,1.18,0.41,0.25,0.05,106.39,0,1,45-54,Prepaid_Monthly,Premium_Smartphone,4G,2026-06-20
SUB2988022,1.04,2.72,1.92,0.35,96.15,0,1,18-24,Postpaid_Basic,Premium_Smartphone,4G,2026-06-12
SUB6281592,1.05,0.04,0.3,0.45,47.73,1,1,25-34,Prepaid_Monthly,Basic_Phone,4G,2026-06-26
SUB8536381,0.31,0.22,0.24,0.16,36.44,0,0,55+,Prepaid_Monthly,5G_Device,3G,2026-07-03
SUB9411159,0.84,0.25,0.09,0.31,80.91,1,0,25-34,Prepaid_Monthly,Mid_Range,5G,2026-06-14
SUB4193796,2.46,1.33,0.14,0.08,157.08,0,1,25-34,Prepaid_Monthly,Premium_Smartphone,5G,2026-06-11
SUB9482216,0.28,1.71,4.0,0.8,55.64,0,1,25-34,Postpaid_Premium,Mid_Range,4G,2026-06-09
SUB9357038,0.83,0.83,0.21,0.27,54.67,0,0,45-54,Prepaid_Monthly,5G_Device,4G,2026-06-08
SUB9675147,3.46,0.48,0.1,0.0,131.82,0,0,55+,Postpaid_Premium,Premium_Smartphone,5G,2026-06-08
SUB7539108,2.31,1.6,1.38,0.49,122.05,0,1,55+,Postpaid_Unlimited,Premium_Smartphone,4G+,2026-06-09
SUB4049307,3.21,2.14,0.03,0.26,92.01,1,0,35-44,Prepaid_Monthly,5G_Device,4G,2026-06-07
SUB7542683,5.35,1.28,0.39,1.23,87.48,1,1,25-34,Prepaid_Daily,5G_Device,4G,2026-07-05
SUB3801818,0.19,0.01,0.09,0.06,34.21,0,0,18-24,Prepaid_Daily,Basic_Phone,5G,2026-06-11
SUB6919586,1.09,0.55,0.09,0.74,63.04,0,0,18-24,Prepaid_Daily,Premium_Smartphone,4G,2026-06-11
SUB5045721,2.23,0.79,0.38,0.32,38.66,1,0,18-24,Prepaid_Daily,Basic_Phone,4G+,2026-07-02
SUB2863032,1.43,1.61,1.12,1.61,75.79,0,0,18-24,Postpaid_Premium,Mid_Range,5G,2026-07-06
SUB5944614,2.89,6.0,0.42,0.12,86.64,0,0,45-54,Prepaid_Monthly,5G_Device,5G,2026-06-11
SUB8852016,1.67,6.0,1.02,5.47,157.4,1,1,45-54,Postpaid_Premium,5G_Device,4G,2026-06-23
SUB8774066,0.26,0.18,0.29,0.21,57.12,0,0,35-44,Prepaid_Daily,Mid_Range,4G+,2026-06-09
SUB8870267,0.25,0.17,0.01,0.02,35.83,0,0,55+,Prepaid_Monthly,Basic_Phone,5G,2026-06-07
SUB4089809,1.0,0.11,0.07,0.13,48.49,0,0,55+,Prepaid_Monthly,Mid_Range,5G,2026-06-12
SUB8819488,2.09,0.92,0.77,0.1,67.11,0,0,35-44,Prepaid_Monthly,Mid_Range,4G+,2026-06-24
SUB2378148,0.35,0.22,2.11,0.78,128.77,1,0,25-34,Prepaid_Daily,Premium_Smartphone,4G,2026-06-15
SUB4044410,2.95,0.46,0.0,0.41,101.84,1,0,18-24,Postpaid_Basic,Premium_Smartphone,4G,2026-06-11
SUB5062118,0.46,0.58,1.05,0.44,32.25,0,0,25-34,Postpaid_Premium,Mid_Range,3G,2026-06-16
SUB1238826,0.99,0.52,0.09,0.0,67.02,0,1,18-24,Prepaid_Daily,Mid_Range,4G,2026-07-04
SUB2717354,4.12,4.34,0.29,0.5,97.05,0,1,25-34,Postpaid_Premium,5G_Device,4G,2026-06-27
SUB1481809,0.91,0.71,0.01,0.01,83.43,0,0,55+,Prepaid_Monthly,Mid_Range,5G,2026-06-19
SUB9262369,0.11,0.23,0.01,0.07,7.6,1,1,25-34,Prepaid_Monthly,Basic_Phone,3G,2026-06-28
SUB8284390,3.23,5.64,0.01,1.84,84.46,0,0,18-24,Postpaid_Premium,Premium_Smartphone,5G,2026-06-07
SUB2818182,8.0,1.17,0.5,0.69,47.73,0,0,35-44,Postpaid_Unlimited,Mid_Range,4G,2026-06-26
SUB5367209,8.0,3.81,0.14,0.02,126.15,0,1,35-44,Postpaid_Premium,Premium_Smartphone,4G+,2026-06-17
SUB9782389,0.16,1.07,0.82,0.07,29.5,1,1,18-24,Prepaid_Daily,Basic_Phone,4G,2026-07-06
SUB6416797,4.38,2.5,4.0,1.43,117.16,1,0,18-24,Postpaid_Unlimited,Tablet,5G,2026-06-09
SUB3689290,0.44,0.44,0.42,0.14,82.8,1,0,55+,Postpaid_Premium,Mid_Range,5G,2026-06-11
SUB1037180,1.51,2.52,0.29,0.0,42.01,1,1,18-24,Postpaid_Basic,Mid_Range,3G,2026-06-12
SUB8546691,5.87,1.92,1.17,0.26,125.04,0,1,45-54,Postpaid_Unlimited,Premium_Smartphone,4G+,2026-06-12
SUB6611544,1.7,3.05,0.07,0.03,50.04,0,0,25-34,Postpaid_Premium,5G_Device,4G,2026-06-14
SUB6370015,0.57,2.45,1.51,0.29,116.65,1,0,25-34,Postpaid_Premium,Premium_Smartphone,4G,2026-07-03
SUB3251347,0.56,0.88,3.51,0.45,54.07,0,0,25-34,Postpaid_Premium,Mid_Range,5G,2026-06-14
SUB5792030,1.81,0.78,0.03,0.05,32.5,0,0,45-54,Prepaid_Monthly,Mid_Range,3G,2026-06-07
SUB3619893,1.78,1.54,0.47,0.38,95.22,0,0,45-54,Postpaid_Premium,Premium_Smartphone,4G,2026-06-25
SUB7702245,1.06,2.13,1.2,0.17,73.27,1,0,25-34,Prepaid_Daily,Premium_Smartphone,4G,2026-06-29
SUB4791860,1.1,5.87,0.56,0.24,77.05,0,1,18-24,Postpaid_Unlimited,Premium_Smartphone,3G,2026-06-23
SUB9745662,3.22,1.53,0.11,0.68,145.55,0,0,18-24,Postpaid_Basic,Premium_Smartphone,5G,2026-07-03
SUB8396526,5.61,3.72,0.1,0.04,59.99,0,1,45-54,Postpaid_Premium,5G_Device,4G,2026-06-17
SUB2881986,2.04,0.83,0.48,0.37,79.01,0,1,25-34,Prepaid_Monthly,Mid_Range,4G,2026-06-14
SUB1989924,5.45,0.41,0.63,0.07,51.52,0,0,18-24,Postpaid_Premium,Tablet,3G,2026-06-19
SUB2965629,3.96,6.0,0.4,1.11,95.92,1,1,25-34,Prepaid_Monthly,5G_Device,4G,2026-06-16
SUB2103248,6.72,4.36,0.75,0.81,78.39,1,0,25-34,Postpaid_Basic,Premium_Smartphone,4G,2026-06-20
SUB9210125,2.3,1.92,1.51,1.16,82.36,1,0,45-54,Postpaid_Premium,5G_Device,4G+,2026-06-07
SUB5263528,0.2,1.13,0.06,0.29,51.21,0,0,35-44,Prepaid_Daily,Mid_Range,4G,2026-06-08
SUB9215869,0.67,0.36,1.13,0.09,62.1,0,0,18-24,Prepaid_Monthly,Premium_Smartphone,4G,2026-06-09
SUB9623353,1.22,1.42,0.3,0.04,54.59,0,0,18-24,Postpaid_Basic,Mid_Range,4G,2026-06-20
SUB4583650,2.08,1.16,0.54,0.57,83.04,0,0,25-34,Prepaid_Monthly,5G_Device,4G,2026-06-18
SUB3363319,1.03,5.27,0.1,1.19,123.72,1,0,18-24,Prepaid_Monthly,Premium_Smartphone,5G,2026-06-29
SUB2818222,1.17,2.7,0.01,1.36,116.11,0,0,45-54,Prepaid_Monthly,Premium_Smartphone,4G+,2026-07-04
SUB6410687,0.89,6.0,4.0,4.61,114.45,0,1,25-34,Prepaid_Monthly,5G_Device,4G+,2026-06-16
SUB9199423,0.7,6.0,3.67,1.98,73.1,0,0,25-34,Postpaid_Premium,5G_Device,5G,2026-06-25
SUB1563506,1.14,1.03,0.07,0.47,62.48,0,1,25-34,Postpaid_Unlimited,Mid_Range,4G,2026-06-10
SUB8834767,0.3,0.29,0.0,0.08,21.3,0,0,35-44,Postpaid_Premium,Basic_Phone,4G,2026-06-21
SUB9904337,0.12,0.07,0.13,0.0,28.76,0,0,35-44,Prepaid_Daily,Mid_Range,4G,2026-07-06
SUB6472646,1.33,1.07,0.05,0.06,28.79,0,0,45-54,Postpaid_Premium,Mid_Range,4G,2026-06-17
SUB9251043,2.35,1.45,0.01,0.03,23.9,1,0,35-44,Postpaid_Basic,Mid_Range,3G,2026-07-01
SUB6045416,0.51,0.65,0.15,0.37,33.74,1,1,45-54,Postpaid_Premium,Basic_Phone,4G,2026-06-09
SUB6273897,0.66,2.57,0.04,0.01,76.04,0,1,35-44,Prepaid_Monthly,Mid_Range,4G+,2026-06-21
SUB1354182,0.37,0.36,0.71,0.09,77.21,0,0,18-24,Prepaid_Daily,Mid_Range,5G,2026-07-05
SUB6142798,1.59,0.54,0.34,0.1,47.56,0,0,18-24,Postpaid_Premium,Mid_Range,4G,2026-06-10
SUB3640955,1.31,1.31,0.1,0.24,75.59,0,1,55+,Prepaid_Monthly,5G_Device,4G,2026-06-17
SUB3498002,2.69,1.64,0.96,0.94,170.93,1,1,55+,Postpaid_Unlimited,Premium_Smartphone,4G,2026-06-28
SUB3916585,2.93,1.26,0.3,1.76,38.32,0,0,35-44,Postpaid_Premium,Mid_Range,4G,2026-06-24
SUB2574255,3.87,0.54,0.56,0.34,55.93,0,1,35-44,Prepaid_Monthly,Mid_Range,4G,2026-06-12
SUB8012022,0.51,0.54,0.09,1.11,48.29,0,0,25-34,Postpaid_Premium,5G_Device,3G,2026-07-01
SUB4779404,2.47,2.95,0.61,0.41,85.85,0,0,25-34,Postpaid_Basic,5G_Device,4G,2026-06-27
SUB6547239,0.11,0.55,0.06,0.01,78.93,0,0,55+,Prepaid_Daily,Premium_Smartphone,4G,2026-06-18
SUB6910122,0.91,1.66,0.57,0.33,52.11,0,0,45-54,Prepaid_Monthly,5G_Device,4G,2026-06-28
SUB3769785,4.64,2.22,0.04,0.66,63.73,0,0,25-34,Prepaid_Monthly,Premium_Smartphone,4G,2026-06-29
SUB4514078,0.39,1.56,0.41,0.12,41.67,1,0,25-34,Prepaid_Daily,Mid_Range,4G,2026-06-28
SUB6963132,0.26,0.14,0.0,0.06,24.99,0,0,25-34,Prepaid_Monthly,Basic_Phone,4G,2026-06-30
SUB3664119,0.89,1.46,0.23,0.01,73.26,0,0,25-34,Prepaid_Monthly,Mid_Range,5G,2026-06-14
SUB3097951,0.13,0.98,0.31,0.04,85.74,1,1,25-34,Prepaid_Daily,Premium_Smartphone,4G,2026-06-22
SUB2579889,1.8,3.0,0.45,1.76,69.78,0,0,35-44,Postpaid_Premium,Mid_Range,5G,2026-06-21
SUB9927377,5.69,1.84,0.12,0.2,116.64,0,0,18-24,Prepaid_Daily,Premium_Smartphone,5G,2026-06-20
SUB1287555,1.8,0.05,1.35,0.17,98.73,0,1,45-54,Prepaid_Monthly,Premium_Smartphone,4G,2026-07-05
SUB4775944,0.62,0.17,0.3,0.05,56.05,0,0,35-44,Prepaid_Monthly,Mid_Range,4G,2026-06-28
SUB3744454,0.27,0.38,0.19,0.11,110.15,1,0,45-54,Prepaid_Daily,Mid_Range,5G,2026-06-08
SUB9796785,0.67,0.51,0.29,0.32,44.74,1,0,45-54,Postpaid_Unlimited,Basic_Phone,5G,2026-06-26
SUB4197418,2.14,1.26,0.01,0.34,133.08,0,1,35-44,Postpaid_Basic,5G_Device,4G,2026-06-23
SUB3788647,2.16,0.71,0.22,2.25,110.26,0,0,45-54,Postpaid_Premium,5G_Device,4G+,2026-07-05
SUB7224898,0.89,1.1,0.06,0.45,81.27,0,1,25-34,Postpaid_Basic,Premium_Smartphone,4G+,2026-06-30
SUB7378384,1.08,0.38,0.04,0.1,63.51,0,0,55+,Postpaid_Premium,Mid_Range,4G+,2026-06-21
SUB2570497,0.77,2.97,0.31,0.45,66.92,1,0,18-24,Postpaid_Unlimited,Mid_Range,4G,2026-06-26
SUB1734158,0.82,0.38,0.0,0.03,152.84,0,0,55+,Prepaid_Monthly,Tablet,5G,2026-07-04
SUB3692205,0.09,0.91,0.31,0.29,74.02,0,0,25-34,Postpaid_Basic,Mid_Range,5G,2026-06-15
SUB7159729,0.62,1.29,0.03,0.19,33.59,1,1,18-24,Postpaid_Basic,Basic_Phone,4G,2026-07-06
SUB2422771,1.98,3.39,1.21,0.16,147.45,0,0,25-34,Postpaid_Unlimited,Premium_Smartphone,5G,2026-06-17
SUB7945685,0.09,1.6,0.45,0.02,51.95,1,0,35-44,Prepaid_Monthly,Mid_Range,4G,2026-06-07
SUB9218616,6.63,4.51,0.17,1.07,89.2,1,0,18-24,Postpaid_Premium,Tablet,4G,2026-06-08
SUB8729395,0.03,1.3,0.71,0.1,79.78,0,0,35-44,Prepaid_Daily,Premium_Smartphone,4G+,2026-07-01
SUB9276869,2.14,1.03,4.0,1.87,124.81,1,1,45-54,Postpaid_Unlimited,Tablet,4G+,2026-06-24
SUB3479129,1.19,1.9,0.71,4.93,80.81,0,0,25-34,Postpaid_Basic,5G_Device,4G+,2026-06-12
SUB1855434,2.18,6.0,1.2,1.42,92.15,0,0,35-44,Postpaid_Unlimited,Premium_Smartphone,4G+,2026-07-01
SUB1308697,2.24,1.48,0.46,0.09,77.12,0,0,25-34,Postpaid_Unlimited,5G_Device,4G,2026-06-18
SUB4715799,0.8,6.0,0.37,0.89,181.34,0,1,25-34,Postpaid_Basic,Premium_Smartphone,5G,2026-06-20
SUB5719707,0.11,0.48,0.03,1.36,36.81,0,0,35-44,Postpaid_Premium,Basic_Phone,4G+,2026-06-07
SUB8279074,0.12,1.64,1.07,0.02,26.84,0,0,25-34,Postpaid_Premium,Mid_Range,3G,2026-06-14
SUB9461516,0.12,0.49,0.26,0.05,82.74,0,1,55+,Postpaid_Basic,Mid_Range,5G,2026-06-19
SUB7032290,0.19,1.17,0.75,0.17,51.0,0,1,35-44,Prepaid_Monthly,Mid_Range,4G,2026-06-26
SUB5203726,3.16,0.38,0.27,0.11,99.67,0,0,45-54,Prepaid_Daily,Premium_Smartphone,4G+,2026-06-11
SUB1842606,1.44,0.58,0.09,0.88,74.5,0,0,35-44,Prepaid_Monthly,Mid_Range,5G,2026-06-15
SUB6732452,0.38,0.21,0.05,0.01,16.4,0,0,45-54,Postpaid_Unlimited,Basic_Phone,4G,2026-06-28
SUB8377775,0.65,1.0,0.15,0.45,86.65,0,0,18-24,Prepaid_Monthly,Mid_Range,5G,2026-06-10
SUB4871549,4.95,4.13,1.0,0.63,136.03,0,0,18-24,Postpaid_Premium,5G_Device,5G,2026-06-22
SUB9839023,0.26,1.27,0.08,0.65,47.83,0,0,25-34,Prepaid_Daily,5G_Device,3G,2026-06-09
SUB6635312,0.03,1.07,0.12,0.23,80.12,0,1,45-54,Postpaid_Basic,5G_Device,3G,2026-06-30
SUB8724954,0.77,0.3,0.2,0.02,28.32,0,0,18-24,Prepaid_Daily,Mid_Range,4G,2026-07-01
SUB4699446,0.1,0.32,0.14,0.03,38.8,0,1,55+,Postpaid_Basic,Mid_Range,4G,2026-07-03
SUB5223138,0.04,0.09,0.41,0.13,35.34,1,0,18-24,Prepaid_Daily,Basic_Phone,4G+,2026-07-02
SUB1548723,0.5,0.2,0.06,0.23,87.29,0,0,18-24,Postpaid_Basic,Premium_Smartphone,4G,2026-07-03
SUB4232940,1.67,4.02,0.09,0.05,121.91,1,1,18-24,Postpaid_Basic,Mid_Range,5G,2026-07-03
SUB5773147,4.07,1.34,2.41,0.58,77.43,0,1,35-44,Postpaid_Premium,5G_Device,4G,2026-07-04
SUB9473958,2.1,0.61,0.08,0.04,115.57,0,1,55+,Postpaid_Basic,Premium_Smartphone,4G,2026-06-13
SUB3885579,1.87,3.39,0.35,0.58,42.33,0,0,25-34,Postpaid_Unlimited,Mid_Range,4G,2026-06-19
SUB6912084,1.01,0.59,1.13,0.19,78.34,0,0,35-44,Postpaid_Premium,Tablet,4G,2026-06-30
SUB8355554,2.32,1.17,0.58,0.65,65.89,0,1,18-24,Prepaid_Daily,5G_Device,4G,2026-06-16
SUB2440352,0.42,0.56,0.5,0.05,60.98,0,0,35-44,Prepaid_Monthly,Premium_Smartphone,4G,2026-06-28
SUB2877330,0.56,0.8,0.11,0.07,47.61,0,0,18-24,Prepaid_Daily,Mid_Range,4G+,2026-07-02
SUB6082070,1.95,0.94,3.86,0.37,128.13,1,0,25-34,Prepaid_Monthly,5G_Device,5G,2026-06-21
SUB9943742,4.51,3.82,0.94,1.65,99.25,0,0,35-44,Postpaid_Basic,Premium_Smartphone,5G,2026-06-16
SUB6054379,0.36,1.11,0.32,0.06,63.57,1,0,35-44,Postpaid_Unlimited,Mid_Range,4G,2026-06-18
SUB8269056,1.5,0.42,0.61,0.49,101.17,1,0,18-24,Postpaid_Basic,Premium_Smartphone,4G,2026-06-22
SUB5147036,1.68,1.65,1.48,0.62,40.54,0,1,18-24,Postpaid_Premium,Mid_Range,3G,2026-06-30
SUB7208087,1.29,0.58,0.57,0.95,52.76,0,0,35-44,Prepaid_Monthly,5G_Device,3G,2026-06-26
SUB2048278,0.56,1.96,0.02,0.0,66.12,1,0,45-54,Prepaid_Daily,5G_Device,4G,2026-06-22
SUB8035483,0.17,0.38,0.05,0.02,83.15,0,0,55+,Postpaid_Premium,Premium_Smartphone,4G,2026-06-15
SUB1123182,1.29,0.68,0.32,0.28,66.87,0,0,45-54,Prepaid_Monthly,Mid_Range,5G,2026-06-15
SUB5242895,2.92,0.48,0.16,0.14,124.03,0,0,55+,Postpaid_Unlimited,Premium_Smartphone,5G,2026-06-20
SUB8491818,0.1,1.6,0.15,0.17,76.62,0,0,25-34,Prepaid_Daily,Mid_Range,4G+,2026-06-27
SUB6217975,1.26,3.05,0.06,0.12,52.32,0,0,25-34,Postpaid_Unlimited,Mid_Range,4G+,2026-06-19
SUB9472714,1.48,3.35,1.91,0.81,69.5,0,0,18-24,Postpaid_Premium,Premium_Smartphone,4G+,2026-06-07
SUB1164486,0.13,0.45,0.06,0.01,13.48,0,0,25-34,Postpaid_Basic,Basic_Phone,4G,2026-06-07
SUB4846556,8.0,6.0,0.44,0.01,67.2,0,0,35-44,Postpaid_Unlimited,5G_Device,4G,2026-06-29
SUB7259225,0.24,0.21,0.18,0.12,47.6,0,0,45-54,Prepaid_Monthly,Mid_Range,4G,2026-06-27
SUB1735062,1.82,1.53,1.64,0.25,127.27,0,0,25-34,Prepaid_Daily,5G_Device,4G+,2026-07-06
SUB1727468,0.93,0.04,0.23,0.15,23.85,0,0,25-34,Prepaid_Daily,Basic_Phone,4G,2026-07-01
SUB3064618,0.39,0.21,0.34,0.09,82.73,1,0,35-44,Prepaid_Monthly,Premium_Smartphone,3G,2026-06-12
SUB4454707,0.8,1.24,2.01,0.04,84.6,0,0,35-44,Prepaid_Monthly,5G_Device,4G,2026-06-30
SUB5872587,0.23,2.08,0.82,0.39,42.36,0,0,25-34,Postpaid_Unlimited,Mid_Range,4G,2026-06-17
SUB7284179,0.72,0.86,0.41,0.08,134.0,1,0,45-54,Prepaid_Daily,Premium_Smartphone,5G,2026-06-14
SUB7914128,8.0,6.0,1.71,1.95,98.17,0,0,18-24,Postpaid_Unlimited,Premium_Smartphone,5G,2026-06-15
SUB3798658,1.25,0.32,0.85,0.02,116.81,0,0,55+,Postpaid_Unlimited,Premium_Smartphone,5G,2026-06-11
SUB8662208,0.33,0.5,0.37,0.06,61.57,0,1,55+,Postpaid_Premium,Mid_Range,5G,2026-06-30
SUB2424241,2.2,2.06,4.0,3.43,71.08,0,0,25-34,Postpaid_Unlimited,5G_Device,4G,2026-06-10
SUB1902810,3.47,4.92,0.79,0.04,106.33,1,1,25-34,Postpaid_Premium,Premium_Smartphone,3G,2026-06-22
SUB6541543,2.27,2.04,0.14,0.0,138.4,0,0,35-44,Postpaid_Basic,Premium_Smartphone,5G,2026-06-12
SUB4714528,2.85,6.0,0.06,0.25,72.17,0,0,25-34,Postpaid_Basic,5G_Device,3G,2026-06-10
SUB6169619,0.17,1.36,4.0,0.04,68.33,0,1,18-24,Postpaid_Basic,Mid_Range,4G,2026-07-04
SUB7395021,0.74,0.22,0.01,0.0,103.83,0,1,55+,Prepaid_Daily,Mid_Range,4G+,2026-06-12
SUB7961507,0.3,0.1,0.13,0.09,32.81,0,0,25-34,Prepaid_Daily,Mid_Range,4G,2026-06-29
SUB4695611,0.38,0.28,0.11,0.01,19.52,0,0,18-24,Postpaid_Basic,Basic_Phone,4G,2026-06-23
SUB6431159,1.53,0.87,0.04,0.24,106.12,0,1,35-44,Prepaid_Daily,Mid_Range,5G,2026-06-19
SUB4392389,0.84,0.46,0.41,1.65,28.02,0,0,18-24,Postpaid_Unlimited,Mid_Range,4G,2026-06-27
SUB4416502,4.99,0.87,0.77,0.54,49.55,0,0,18-24,Postpaid_Basic,Premium_Smartphone,4G,2026-06-18
SUB9351870,1.34,1.89,0.01,0.23,59.82,0,0,25-34,Prepaid_Monthly,Mid_Range,5G,2026-06-29
SUB7225175,2.35,0.57,0.46,0.49,105.8,0,0,25-34,Prepaid_Daily,5G_Device,5G,2026-06-27
SUB2001622,0.03,0.5,0.14,0.32,39.14,1,1,35-44,Prepaid_Monthly,Mid_Range,3G,2026-06-12
SUB4246319,2.91,0.17,0.21,0.33,158.37,1,1,55+,Prepaid_Monthly,5G_Device,4G+,2026-06-13
SUB2636617,0.15,0.29,0.04,0.19,28.54,0,0,45-54,Prepaid_Daily,Mid_Range,3G,2026-06-19
SUB3466704,2.56,0.73,0.78,0.2,51.65,0,0,18-24,Postpaid_Unlimited,Premium_Smartphone,3G,2026-06-20
SUB9750519,1.27,0.49,0.51,0.35,58.8,0,1,18-24,Prepaid_Monthly,Mid_Range,4G,2026-07-06
SUB2046251,3.75,0.93,0.18,0.04,55.51,0,0,35-44,Postpaid_Premium,Premium_Smartphone,4G,2026-06-09
SUB1285356,0.05,0.51,0.31,0.15,83.01,0,1,35-44,Prepaid_Daily,Tablet,3G,2026-06-10
SUB4003337,3.2,1.34,0.72,0.75,78.42,0,0,45-54,Postpaid_Unlimited,Premium_Smartphone,4G,2026-06-14
SUB7563484,0.92,1.66,1.43,0.16,49.82,0,0,35-44,Postpaid_Basic,5G_Device,4G,2026-06-15
SUB9505089,0.53,1.04,0.35,0.81,45.12,0,0,18-24,Postpaid_Premium,Mid_Range,5G,2026-06-18
SUB5262563,2.42,1.17,0.99,0.58,71.15,0,0,25-34,Postpaid_Premium,5G_Device,3G,2026-06-09
SUB4275654,0.38,1.81,0.4,0.85,21.2,0,0,45-54,Postpaid_Basic,Mid_Range,3G,2026-07-03
SUB4674777,1.47,0.82,0.06,0.22,83.73,0,0,55+,Prepaid_Daily,Premium_Smartphone,5G,2026-06-12
SUB7233550,1.29,0.37,0.16,0.0,55.48,0,0,18-24,Prepaid_Monthly,Mid_Range,4G,2026-07-02
SUB9122734,1.8,3.91,0.12,0.15,72.57,0,0,25-34,Prepaid_Monthly,Premium_Smartphone,4G,2026-06-15
SUB6925313,1.7,5.77,0.88,0.04,88.15,1,0,18-24,Postpaid_Basic,Premium_Smartphone,4G,2026-06-15
SUB5395102,0.82,0.55,0.24,1.18,72.17,0,0,25-34,Prepaid_Monthly,Premium_Smartphone,4G,2026-06-23
SUB9045021,2.63,1.09,0.16,2.32,110.41,0,0,18-24,Postpaid_Premium,5G_Device,5G,2026-06-09
SUB9059562,0.16,0.3,0.07,0.06,42.11,0,0,55+,Prepaid_Monthly,Mid_Range,3G,2026-06-21
SUB7824125,0.53,0.96,0.07,0.13,77.33,0,0,35-44,Prepaid_Monthly,Tablet,4G,2026-06-09
SUB3242019,0.97,5.07,0.47,2.03,103.09,1,0,45-54,Postpaid_Unlimited,5G_Device,4G,2026-06-13
SUB1312051,0.36,2.04,2.12,0.68,41.31,0,0,55+,Postpaid_Unlimited,Mid_Range,4G,2026-06-07
SUB7170022,1.0,1.01,0.74,1.39,24.05,0,0,18-24,Postpaid_Unlimited,Mid_Range,3G,2026-06-21
SUB3791004,0.81,0.46,0.15,0.04,54.45,1,1,35-44,Postpaid_Basic,Basic_Phone,4G,2026-06-07
SUB7262748,0.17,1.41,0.03,0.0,50.41,0,0,45-54,Prepaid_Daily,Mid_Range,5G,2026-06-22
SUB4568125,5.01,5.99,4.0,0.9,111.68,0,1,35-44,Postpaid_Unlimited,5G_Device,5G,2026-06-18
SUB7656669,0.81,3.16,0.03,0.05,63.34,0,0,35-44,Prepaid_Daily,Mid_Range,5G,2026-06-26
SUB3442905,0.74,0.08,0.09,0.15,55.63,0,0,25-34,Prepaid_Daily,Mid_Range,5G,2026-07-06
SUB2412210,0.11,0.01,0.03,0.02,29.58,0,0,35-44,Prepaid_Daily,Basic_Phone,4G,2026-07-06
SUB7025140,2.32,2.89,1.66,0.93,49.47,0,1,25-34,Postpaid_Premium,Mid_Range,4G,2026-06-11
SUB7362781,0.6,0.29,0.23,0.3,45.4,0,1,25-34,Prepaid_Daily,Mid_Range,3G,2026-06-26
SUB4163257,3.43,0.54,3.11,1.14,19.7,0,0,18-24,Postpaid_Premium,Mid_Range,3G,2026-06-09
SUB3674986,1.64,0.89,0.42,0.65,53.84,0,0,18-24,Prepaid_Daily,Tablet,3G,2026-06-16
SUB4415814,0.62,0.61,0.04,0.0,65.13,0,1,18-24,Prepaid_Daily,Mid_Range,4G+,2026-06-11
SUB7036860,0.27,1.24,0.03,0.22,28.66,0,0,18-24,Prepaid_Monthly,Basic_Phone,5G,2026-06-21
SUB2950256,6.44,2.04,2.29,0.86,117.53,1,0,25-34,Prepaid_Monthly,5G_Device,4G,2026-06-28
SUB3803528,8.0,6.0,0.0,2.64,78.02,1,0,18-24,Postpaid_Unlimited,Premium_Smartphone,4G,2026-06-24
SUB6310825,0.99,0.18,0.27,0.26,38.35,1,0,18-24,Postpaid_Unlimited,Basic_Phone,5G,2026-06-17
SUB5254284,0.47,0.03,0.01,0.07,19.52,0,1,45-54,Prepaid_Daily,Basic_Phone,4G,2026-06-21
SUB1165301,1.23,0.8,0.15,1.09,55.05,0,1,45-54,Postpaid_Unlimited,Mid_Range,4G,2026-06-28
SUB5814974,0.14,1.23,0.47,0.22,84.97,0,1,45-54,Postpaid_Premium,Premium_Smartphone,4G,2026-06-20
SUB1297180,0.18,0.14,0.02,0.05,20.69,0,0,55+,Prepaid_Monthly,Basic_Phone,4G,2026-06-14
SUB4405914,0.44,3.42,2.79,1.18,111.11,0,1,18-24,Postpaid_Premium,Premium_Smartphone,4G+,2026-06-09
SUB9165786,1.53,2.07,1.96,0.11,96.34,0,0,18-24,Postpaid_Unlimited,Premium_Smartphone,4G,2026-07-05
SUB5177927,0.85,1.05,0.02,0.26,56.41,0,0,25-34,Prepaid_Daily,Mid_Range,5G,2026-07-05
SUB5876831,0.38,0.56,0.12,0.01,49.26,0,0,55+,Prepaid_Daily,Premium_Smartphone,4G,2026-07-04
SUB6032403,1.71,0.38,0.59,0.01,158.39,0,1,45-54,Prepaid_Monthly,Tablet,5G,2026-07-04
SUB4229065,0.68,0.75,0.29,0.35,87.72,0,1,25-34,Prepaid_Daily,5G_Device,4G,2026-06-07
SUB1587426,0.92,1.14,0.76,0.01,122.02,0,0,18-24,Prepaid_Monthly,Premium_Smartphone,5G,2026-06-20
SUB4430460,2.36,1.96,0.43,1.08,143.32,1,0,35-44,Postpaid_Basic,Premium_Smartphone,5G,2026-06-09
SUB2131614,4.42,0.6,0.23,0.24,53.26,1,0,25-34,Postpaid_Premium,Mid_Range,3G,2026-06-19
SUB9003029,0.43,1.09,0.02,0.29,63.38,0,0,25-34,Prepaid_Monthly,Premium_Smartphone,3G,2026-06-23
SUB3466507,0.82,0.71,0.03,0.1,85.38,0,0,55+,Prepaid_Monthly,5G_Device,4G+,2026-07-06
SUB6418673,3.06,1.46,0.72,0.26,54.76,1,0,35-44,Postpaid_Premium,Premium_Smartphone,3G,2026-06-16
SUB1776385,0.78,1.19,0.11,1.76,128.11,0,0,55+,Prepaid_Monthly,5G_Device,5G,2026-06-16
SUB8464370,0.09,6.0,1.58,0.98,176.05,0,1,25-34,Postpaid_Premium,Tablet,5G,2026-06-09
SUB5559512,0.69,3.74,0.29,0.03,55.32,0,0,35-44,Postpaid_Unlimited,Premium_Smartphone,3G,2026-07-03
SUB7519453,6.95,1.82,0.45,1.05,151.57,0,1,45-54,Postpaid_Unlimited,Premium_Smartphone,5G,2026-07-05
SUB7846090,0.87,1.3,0.08,0.31,50.6,0,0,35-44,Postpaid_Premium,Mid_Range,4G,2026-06-30
SUB9607964,0.14,0.85,1.39,1.17,78.63,1,0,35-44,Prepaid_Monthly,Mid_Range,4G,2026-06-17
SUB3995353,0.44,0.41,0.08,0.29,51.1,0,0,35-44,Prepaid_Daily,Mid_Range,5G,2026-06-18
SUB2675255,5.62,3.67,0.57,0.51,152.26,1,0,45-54,Postpaid_Premium,Premium_Smartphone,5G,2026-06-12
SUB9873208,1.31,5.4,0.09,0.44,18.98,1,1,18-24,Postpaid_Unlimited,Basic_Phone,4G,2026-06-14
SUB2908151,0.54,2.13,0.01,0.56,67.39,0,0,25-34,Prepaid_Daily,Premium_Smartphone,4G+,2026-06-14
SUB4289363,2.11,0.86,0.16,0.53,60.82,1,0,25-34,Prepaid_Daily,5G_Device,3G,2026-07-01
SUB3786202,0.68,2.16,0.01,0.06,157.64,0,1,55+,Postpaid_Premium,Tablet,5G,2026-06-08
SUB8713409,0.51,0.42,0.21,0.0,118.66,1,1,55+,Prepaid_Daily,5G_Device,4G,2026-07-01
SUB5209229,1.21,0.61,0.24,0.48,47.23,0,0,18-24,Prepaid_Daily,Mid_Range,4G,2026-06-24
SUB2649379,1.12,3.59,0.97,3.44,83.24,1,1,18-24,Postpaid_Unlimited,Mid_Range,4G,2026-06-07
SUB6551093,0.26,0.27,0.05,0.53,63.66,0,1,55+,Prepaid_Daily,Mid_Range,4G,2026-07-06
SUB3392001,0.33,0.91,0.07,0.02,50.0,0,0,25-34,Prepaid_Daily,Mid_Range,4G,2026-06-09
SUB3316830,1.48,6.0,0.28,0.04,56.75,0,0,18-24,Postpaid_Basic,Premium_Smartphone,4G+,2026-06-25
SUB2233387,0.06,0.68,0.01,0.39,21.89,0,1,18-24,Postpaid_Premium,Basic_Phone,4G+,2026-06-18
SUB8625417,0.2,0.69,0.01,0.06,29.82,0,0,25-34,Prepaid_Monthly,Mid_Range,3G,2026-07-03
SUB9439426,0.8,1.73,0.23,0.36,46.41,0,0,35-44,Prepaid_Monthly,Mid_Range,4G,2026-06-30
SUB3249119,2.24,6.0,1.28,0.85,133.94,1,1,25-34,Postpaid_Basic,Premium_Smartphone,4G,2026-06-26
SUB3451603,1.36,1.88,0.33,1.15,90.82,0,0,25-34,Postpaid_Basic,5G_Device,4G+,2026-06-17
SUB2497116,0.27,0.74,0.1,0.49,106.23,1,0,55+,Prepaid_Daily,5G_Device,4G,2026-06-25
SUB6571944,2.27,0.44,0.44,0.58,101.99,0,1,18-24,Prepaid_Daily,Tablet,4G,2026-06-10
SUB9584036,2.67,1.44,0.21,0.72,89.91,0,0,18-24,Postpaid_Basic,Mid_Range,5G,2026-07-02
SUB5595772,0.3,0.5,0.69,0.12,46.72,0,0,45-54,Postpaid_Premium,5G_Device,3G,2026-06-23
SUB5289991,1.4,2.43,0.88,0.26,68.43,1,1,45-54,Postpaid_Premium,Premium_Smartphone,3G,2026-06-11
SUB6741638,2.33,2.09,0.42,0.21,75.87,0,0,25-34,Postpaid_Premium,Premium_Smartphone,4G,2026-06-09
SUB7052677,4.56,2.3,0.49,0.78,124.49,0,0,25-34,Postpaid_Premium,5G_Device,4G+,2026-06-15
SUB4807114,0.06,1.3,0.39,0.81,118.92,1,0,25-34,Prepaid_Daily,Mid_Range,5G,2026-06-21
SUB9224767,3.7,1.39,0.46,0.23,108.58,1,0,35-44,Postpaid_Unlimited,5G_Device,4G+,2026-07-05
SUB7582123,0.7,4.79,0.05,0.99,53.82,0,1,18-24,Postpaid_Unlimited,Premium_Smartphone,3G,2026-07-02
SUB7805969,3.02,2.44,0.48,0.39,62.0,0,0,25-34,Postpaid_Basic,Mid_Range,4G+,2026-07-04
SUB4981048,4.23,1.75,0.56,0.36,97.64,1,0,18-24,Prepaid_Monthly,Mid_Range,5G,2026-06-25
SUB7079422,2.88,0.42,0.59,0.08,77.41,0,1,45-54,Postpaid_Basic,5G_Device,4G,2026-06-20
SUB6636589,0.97,5.5,4.0,0.01,102.96,0,0,25-34,Postpaid_Basic,Premium_Smartphone,4G+,2026-06-12
SUB8946321,3.29,0.28,0.6,0.0,84.58,0,0,25-34,Prepaid_Monthly,Premium_Smartphone,5G,2026-07-05
SUB2671179,5.2,1.79,0.23,0.93,66.18,0,0,18-24,Postpaid_Basic,Mid_Range,5G,2026-06-22
SUB9484102,3.05,1.53,0.41,0.09,54.59,1,0,18-24,Postpaid_Premium,Mid_Range,5G,2026-06-27
SUB4228409,3.94,4.13,0.48,0.07,125.45,0,0,35-44,Postpaid_Premium,Premium_Smartphone,5G,2026-06-10
SUB9227953,0.31,1.54,0.08,0.31,70.13,1,0,45-54,Prepaid_Daily,Mid_Range,4G+,2026-06-29
SUB5898841,0.32,0.83,0.09,0.46,35.62,0,1,35-44,Prepaid_Daily,Mid_Range,3G,2026-06-12
SUB9324878,0.91,3.78,0.41,0.01,43.38,0,0,35-44,Postpaid_Premium,Mid_Range,4G+,2026-06-18
SUB4014130,4.27,0.38,3.19,1.18,62.97,0,1,18-24,Postpaid_Unlimited,Mid_Range,4G+,2026-06-26
SUB8592443,0.35,0.23,0.05,0.72,55.19,0,0,35-44,Postpaid_Basic,Mid_Range,4G,2026-06-13
SUB9328736,3.29,1.11,0.29,0.58,21.68,0,0,18-24,Postpaid_Premium,Mid_Range,4G,2026-06-15
SUB5747492,1.59,2.54,0.06,0.15,81.17,0,0,18-24,Prepaid_Daily,5G_Device,4G,2026-06-11
SUB3111278,1.3,1.19,0.12,2.52,86.43,0,0,45-54,Postpaid_Basic,Premium_Smartphone,5G,2026-06-09
SUB8975518,1.06,2.35,0.81,0.25,109.22,0,0,45-54,Postpaid_Unlimited,Premium_Smartphone,5G,2026-06-24
SUB1216651,3.56,3.77,0.19,0.6,55.33,1,0,35-44,Postpaid_Premium,Mid_Range,4G,2026-06-17
SUB9305530,6.06,2.47,0.02,0.03,134.19,1,1,45-54,Postpaid_Unlimited,Premium_Smartphone,4G,2026-06-21
SUB7620661,1.42,1.2,0.43,0.56,170.76,0,1,55+,Postpaid_Basic,Premium_Smartphone,4G+,2026-06-26
SUB7367038,0.85,0.94,1.12,0.81,95.54,1,0,18-24,Postpaid_Premium,Mid_Range,5G,2026-06-13
SUB8572491,0.01,0.08,0.02,0.0,11.85,1,1,55+,Prepaid_Daily,Basic_Phone,3G,2026-06-27
SUB1605502,0.19,0.35,0.34,0.24,49.5,0,0,35-44,Prepaid_Daily,Premium_Smartphone,4G,2026-06-28
SUB3535244,0.03,0.71,0.05,0.05,97.56,0,1,45-54,Prepaid_Daily,Mid_Range,4G+,2026-06-10
SUB2560155,0.36,0.07,0.06,0.11,14.36,0,1,35-44,Postpaid_Basic,Basic_Phone,3G,2026-07-06
SUB2611589,0.52,0.44,0.04,0.02,40.45,1,0,35-44,Prepaid_Monthly,Mid_Range,3G,2026-06-07
SUB1468163,0.81,3.23,0.68,0.48,124.01,0,0,35-44,Postpaid_Premium,Premium_Smartphone,5G,2026-06-14
SUB1770008,2.66,3.73,0.37,6.0,72.01,0,0,25-34,Postpaid_Unlimited,5G_Device,4G,2026-06-25
SUB5498907,0.18,0.3,0.11,0.1,63.58,0,0,55+,Postpaid_Basic,5G_Device,3G,2026-07-04
SUB4000102,0.24,1.45,0.66,0.28,63.03,1,0,18-24,Prepaid_Monthly,Mid_Range,4G+,2026-06-28
SUB7589763,8.0,1.42,4.0,1.24,105.33,0,1,25-34,Postpaid_Unlimited,Tablet,4G,2026-06-08
SUB8686906,0.41,1.52,0.66,0.91,72.38,0,0,18-24,Postpaid_Basic,5G_Device,4G,2026-07-06
SUB3378772,1.6,0.59,0.03,0.34,40.66,0,0,25-34,Postpaid_Premium,Mid_Range,4G,2026-06-12
SUB4476452,0.61,3.13,0.08,0.86,94.68,0,0,18-24,Postpaid_Unlimited,5G_Device,5G,2026-07-03
SUB4397559,2.09,6.0,0.87,3.38,123.34,1,0,18-24,Postpaid_Unlimited,Premium_Smartphone,4G,2026-06-20
SUB9737345,1.37,1.29,0.21,0.03,41.95,1,1,25-34,Postpaid_Basic,Basic_Phone,5G,2026-06-19
SUB3821562,2.43,3.5,0.35,0.07,57.54,0,1,25-34,Postpaid_Premium,Mid_Range,4G,2026-06-19
SUB6740592,0.76,4.09,0.22,0.07,74.5,1,0,18-24,Postpaid_Basic,Mid_Range,5G,2026-06-22
SUB2512185,2.1,2.93,1.36,0.88,82.25,0,0,25-34,Postpaid_Basic,Premium_Smartphone,5G,2026-06-16
SUB9570209,0.72,1.04,0.34,0.55,153.45,1,1,55+,Postpaid_Basic,5G_Device,5G,2026-07-01
SUB5262986,1.1,1.18,0.4,0.92,63.24,0,0,18-24,Postpaid_Basic,Mid_Range,5G,2026-06-22
SUB4368737,2.02,2.89,0.72,0.09,81.12,0,0,25-34,Prepaid_Monthly,Premium_Smartphone,4G,2026-06-13
SUB3544544,1.32,2.21,0.05,0.02,34.93,0,0,18-24,Postpaid_Premium,Mid_Range,3G,2026-06-18
SUB6325910,0.37,1.77,1.51,0.75,166.28,0,1,18-24,Prepaid_Monthly,Premium_Smartphone,5G,2026-07-02
SUB6363240,0.57,2.12,1.3,0.29,69.8,0,1,35-44,Postpaid_Basic,5G_Device,3G,2026-06-13
SUB3028217,1.04,0.29,0.16,0.05,85.41,0,0,25-34,Postpaid_Premium,Premium_Smartphone,4G,2026-06-26
SUB1659297,4.77,3.75,0.12,4.74,105.13,0,1,25-34,Postpaid_Unlimited,Premium_Smartphone,4G,2026-06-10
SUB7985481,0.41,0.3,0.64,0.58,118.0,0,0,18-24,Prepaid_Monthly,5G_Device,4G+,2026-06-12
SUB6748777,0.34,2.83,1.42,0.89,92.95,0,1,35-44,Postpaid_Unlimited,Mid_Range,4G+,2026-07-03
SUB8226460,0.47,1.57,1.81,0.98,161.2,0,1,45-54,Postpaid_Unlimited,5G_Device,5G,2026-06-21
SUB6506774,2.83,2.18,0.3,0.15,138.7,1,1,18-24,Postpaid_Basic,Premium_Smartphone,4G+,2026-06-09
SUB9977914,0.72,0.34,0.77,0.03,134.89,0,1,18-24,Postpaid_Premium,Premium_Smartphone,5G,2026-06-19
SUB6237264,0.65,0.24,0.58,0.11,93.38,0,0,18-24,Prepaid_Monthly,5G_Device,4G,2026-06-23
SUB2445819,0.63,6.0,0.35,0.85,58.77,1,0,35-44,Postpaid_Unlimited,Premium_Smartphone,3G,2026-07-06
SUB3233969,3.62,4.84,0.82,0.16,101.05,1,0,18-24,Postpaid_Premium,Premium_Smartphone,4G,2026-06-16
SUB1192803,1.97,1.87,0.07,0.59,155.83,0,1,25-34,Prepaid_Monthly,Premium_Smartphone,5G,2026-07-05
SUB3453039,0.5,0.44,0.13,0.58,14.77,0,0,18-24,Prepaid_Monthly,Basic_Phone,4G,2026-06-21
SUB6959776,0.06,3.15,0.71,0.09,49.32,0,0,18-24,Postpaid_Basic,Mid_Range,4G,2026-06-26
SUB8352182,6.67,6.0,0.3,0.22,99.05,0,1,18-24,Prepaid_Monthly,Tablet,4G+,2026-06-30
SUB6431369,1.57,6.0,1.32,0.98,55.54,0,1,25-34,Postpaid_Premium,Mid_Range,4G,2026-06-11
SUB7153283,0.45,2.79,0.76,0.09,44.95,0,0,18-24,Prepaid_Monthly,Premium_Smartphone,3G,2026-07-03
SUB7132469,2.06,2.21,0.22,0.13,90.65,0,0,25-34,Postpaid_Basic,Mid_Range,5G,2026-06-13
SUB7491212,0.28,1.88,0.45,0.34,22.04,0,0,35-44,Postpaid_Premium,Mid_Range,3G,2026-06-21
SUB9220879,8.0,0.5,4.0,6.0,126.99,0,1,25-34,Postpaid_Unlimited,Premium_Smartphone,5G,2026-06-26
SUB8205273,5.37,2.79,0.71,0.09,93.53,1,0,35-44,Postpaid_Premium,Premium_Smartphone,4G,2026-06-08
SUB5528458,2.25,2.04,0.11,0.34,68.7,0,1,35-44,Postpaid_Premium,Mid_Range,5G,2026-06-17
SUB5327219,1.5,2.69,0.79,0.29,71.86,0,1,35-44,Postpaid_Unlimited,5G_Device,3G,2026-06-13
SUB1777150,0.76,0.8,0.04,1.02,126.22,1,0,55+,Postpaid_Basic,5G_Device,4G,2026-07-02
SUB7316851,0.87,0.72,0.03,0.77,29.65,0,0,18-24,Postpaid_Premium,Mid_Range,3G,2026-07-01
SUB6472587,1.75,0.25,0.35,0.49,90.14,0,1,18-24,Prepaid_Monthly,Premium_Smartphone,4G,2026-07-03
SUB3321991,8.0,1.15,0.93,0.71,141.12,1,1,35-44,Postpaid_Premium,5G_Device,4G,2026-06-21
SUB6462762,0.69,0.3,0.07,0.13,22.37,1,0,35-44,Prepaid_Monthly,Basic_Phone,4G,2026-06-21
SUB2676099,7.03,4.45,0.8,3.87,121.84,0,1,25-34,Postpaid_Unlimited,Premium_Smartphone,4G,2026-06-17
SUB3090651,0.33,0.59,0.03,0.11,33.29,0,0,18-24,Prepaid_Monthly,Mid_Range,3G,2026-06-23
SUB6855113,0.23,0.5,0.07,0.02,58.48,1,0,35-44,Prepaid_Daily,Basic_Phone,5G,2026-06-25
SUB1527169,0.17,0.15,0.04,0.9,117.43,0,1,55+,Prepaid_Daily,5G_Device,4G+,2026-06-18
SUB8123801,0.89,1.21,0.01,6.0,60.24,0,1,25-34,Prepaid_Daily,5G_Device,4G,2026-06-27
SUB4781876,0.01,0.89,0.08,0.3,46.44,0,1,55+,Prepaid_Monthly,Mid_Range,4G,2026-07-04
SUB6065521,0.25,3.42,1.11,3.74,116.0,1,0,25-34,Postpaid_Basic,5G_Device,4G,2026-06-25
SUB2897465,2.14,1.04,0.57,0.12,76.8,0,0,18-24,Postpaid_Unlimited,Mid_Range,5G,2026-07-01
SUB3263567,5.11,6.0,0.32,1.21,129.15,0,1,25-34,Prepaid_Monthly,Premium_Smartphone,4G+,2026-07-04
SUB6698485,0.71,2.61,0.18,0.59,116.39,0,0,25-34,Prepaid_Monthly,Premium_Smartphone,5G,2026-06-25
SUB5665770,0.76,1.76,0.47,0.06,63.01,1,0,35-44,Postpaid_Premium,Premium_Smartphone,4G,2026-06-14
SUB9536341,1.05,1.65,0.0,0.04,162.71,1,0,25-34,Prepaid_Daily,5G_Device,5G,2026-06-09
SUB9683585,1.9,3.47,1.47,0.83,108.79,1,0,25-34,Postpaid_Unlimited,Premium_Smartphone,5G,2026-06-16
SUB3724006,0.35,2.71,0.52,0.12,47.15,0,1,18-24,Prepaid_Monthly,Mid_Range,4G,2026-07-06
SUB2119816,2.53,1.77,1.35,0.51,99.05,1,0,25-34,Postpaid_Basic,5G_Device,4G,2026-06-20
SUB6168949,0.06,0.58,0.39,0.32,32.85,0,1,25-34,Prepaid_Daily,Basic_Phone,5G,2026-06-18
SUB4971183,0.52,0.15,0.5,0.01,160.03,0,1,55+,Prepaid_Daily,Premium_Smartphone,5G,2026-07-03
SUB4972369,6.39,0.47,0.41,1.42,104.67,0,1,25-34,Postpaid_Premium,Premium_Smartphone,5G,2026-07-01
SUB5550038,0.57,1.64,0.02,0.58,127.07,0,0,45-54,Prepaid_Monthly,5G_Device,5G,2026-06-13
SUB4226250,5.49,4.39,0.9,0.29,143.12,0,1,25-34,Postpaid_Unlimited,Premium_Smartphone,4G+,2026-06-07
SUB3470950,8.0,1.61,0.97,2.2,71.9,0,0,18-24,Postpaid_Basic,5G_Device,5G,2026-06-29
SUB7410563,1.02,2.52,0.32,0.31,38.25,0,0,18-24,Postpaid_Premium,Mid_Range,4G,2026-06-25
SUB9789784,0.2,3.04,0.61,1.4,75.91,0,0,25-34,Postpaid_Unlimited,Mid_Range,5G,2026-06-26
SUB2043423,0.23,0.58,0.09,0.28,105.48,1,0,55+,Prepaid_Monthly,Tablet,4G,2026-06-22
SUB9315308,2.17,1.21,0.45,0.24,89.64,1,0,35-44,Postpaid_Premium,Premium_Smartphone,4G,2026-06-13
SUB3517626,0.16,0.46,0.09,0.07,53.99,0,0,55+,Prepaid_Daily,Mid_Range,4G+,2026-06-27
SUB1092889,6.33,2.79,0.03,0.0,130.96,1,1,45-54,Postpaid_Premium,5G_Device,4G+,2026-06-19
SUB1717884,4.63,2.34,0.28,0.93,98.73,0,0,35-44,Postpaid_Premium,Premium_Smartphone,4G+,2026-06-09
SUB5609635,2.34,1.44,0.48,0.4,58.64,0,0,35-44,Postpaid_Basic,Premium_Smartphone,4G,2026-07-05
SUB3798945,0.14,0.71,0.03,0.02,58.86,0,0,35-44,Prepaid_Daily,Premium_Smartphone,4G,2026-06-28
SUB5415880,0.84,0.73,0.1,0.01,63.0,0,0,35-44,Postpaid_Basic,Premium_Smartphone,4G,2026-07-02
SUB4102923,6.5,1.05,0.83,0.01,110.82,0,1,25-34,Postpaid_Unlimited,Premium_Smartphone,4G,2026-06-07
SUB7616243,0.41,2.2,2.98,0.0,56.79,0,0,25-34,Postpaid_Unlimited,Mid_Range,4G,2026-06-08
SUB8615487,8.0,6.0,0.22,0.28,142.78,1,1,35-44,Postpaid_Premium,5G_Device,4G,2026-06-07
SUB4137877,2.11,1.57,0.17,0.09,95.39,1,1,18-24,Prepaid_Monthly,Premium_Smartphone,4G,2026-06-07
SUB5448388,0.69,0.48,0.24,1.44,44.93,0,0,25-34,Postpaid_Unlimited,Mid_Range,4G+,2026-06-30
SUB9518074,1.98,1.22,0.68,0.07,81.36,0,0,45-54,Postpaid_Unlimited,Premium_Smartphone,4G,2026-06-27
SUB8370563,0.43,0.19,0.05,0.8,25.06,0,0,25-34,Prepaid_Monthly,Basic_Phone,4G,2026-07-05
SUB8751066,1.71,1.33,0.59,0.21,79.08,0,0,35-44,Prepaid_Daily,Premium_Smartphone,4G,2026-06-25
SUB2594575,0.2,1.22,2.17,0.39,72.76,0,0,18-24,Postpaid_Unlimited,Mid_Range,4G+,2026-06-09
SUB7145660,0.22,1.12,0.94,0.46,48.8,0,0,45-54,Postpaid_Unlimited,Mid_Range,4G,2026-06-19
SUB2732329,1.63,1.74,0.12,0.03,67.72,0,0,25-34,Prepaid_Daily,5G_Device,4G,2026-06-26
SUB2857084,2.98,2.89,0.27,0.36,66.96,1,0,55+,Postpaid_Unlimited,5G_Device,4G,2026-06-28
SUB2394994,0.58,0.05,0.13,0.33,74.74,0,0,55+,Postpaid_Basic,Mid_Range,5G,2026-06-14
SUB5514057,0.19,1.29,0.12,0.32,73.71,0,1,55+,Postpaid_Unlimited,Mid_Range,4G,2026-06-22
SUB2546557,4.08,0.87,0.95,0.31,179.77,1,1,18-24,Prepaid_Monthly,5G_Device,5G,2026-06-20
SUB8398512,6.66,3.74,0.73,0.96,145.17,1,1,25-34,Postpaid_Basic,Tablet,4G,2026-06-19
SUB8084932,1.28,2.17,0.15,0.61,185.61,0,1,55+,Prepaid_Monthly,Premium_Smartphone,5G,2026-06-10
SUB5968901,0.71,6.0,0.0,0.15,92.49,0,0,45-54,Postpaid_Unlimited,Premium_Smartphone,5G,2026-06-22
SUB4200890,0.15,0.24,0.14,0.01,79.34,1,1,55+,Prepaid_Monthly,Mid_Range,4G,2026-06-18
SUB1029882,0.51,1.91,1.91,0.02,56.02,1,0,35-44,Postpaid_Premium,Premium_Smartphone,3G,2026-06-25
SUB3675518,0.45,0.7,0.89,0.28,74.86,0,0,25-34,Prepaid_Daily,Mid_Range,5G,2026-06-20
SUB2398705,6.49,2.7,0.44,0.14,103.37,0,0,18-24,Postpaid_Premium,5G_Device,4G+,2026-06-19
SUB7211715,0.53,0.89,0.19,0.0,41.2,0,0,45-54,Postpaid_Basic,Mid_Range,4G,2026-06-26
SUB7804327,0.17,0.06,0.0,0.14,43.16,0,0,35-44,Prepaid_Daily,Premium_Smartphone,3G,2026-06-30
SUB5817530,0.69,0.68,0.18,0.32,35.57,0,1,18-24,Prepaid_Monthly,Mid_Range,3G,2026-06-26
SUB7934063,0.2,0.42,0.11,0.01,16.11,0,0,18-24,Prepaid_Daily,Basic_Phone,3G,2026-06-27
SUB1556831,0.17,0.43,0.18,0.01,26.96,1,0,35-44,Postpaid_Premium,Basic_Phone,5G,2026-06-22
SUB7711987,0.47,0.27,1.25,0.01,121.3,1,1,35-44,Postpaid_Basic,Mid_Range,5G,2026-07-01
SUB5597577,1.58,1.07,0.8,1.41,60.15,1,0,18-24,Prepaid_Daily,Mid_Range,4G,2026-06-12
SUB6132869,0.33,0.25,4.0,0.22,104.06,0,0,18-24,Prepaid_Monthly,Tablet,4G+,2026-06-29
SUB9762127,2.28,1.6,0.11,1.03,54.62,0,0,18-24,Postpaid_Basic,5G_Device,3G,2026-06-30
SUB8482426,0.54,0.68,1.15,0.42,60.29,0,0,18-24,Prepaid_Daily,Premium_Smartphone,4G,2026-06-07
SUB8934132,0.28,1.61,0.07,0.02,97.67,0,1,55+,Prepaid_Monthly,5G_Device,4G,2026-06-12
SUB8111905,1.38,0.58,0.04,0.6,32.15,1,0,35-44,Postpaid_Premium,Mid_Range,3G,2026-07-03
SUB3030888,1.45,2.09,0.47,0.52,93.33,0,0,35-44,Postpaid_Basic,5G_Device,4G,2026-06-26
SUB2037904,1.58,1.28,0.08,0.04,39.18,0,0,45-54,Postpaid_Basic,Tablet,3G,2026-06-14
SUB6634222,6.52,0.88,4.0,0.05,61.82,0,1,25-34,Prepaid_Monthly,Mid_Range,5G,2026-06-22
SUB7046941,0.31,0.47,0.08,0.04,64.65,0,0,45-54,Prepaid_Daily,Tablet,3G,2026-06-23
SUB7388406,0.17,1.14,0.03,0.01,43.86,0,1,55+,Postpaid_Premium,Mid_Range,3G,2026-06-20
SUB5369246,1.74,0.69,0.19,0.06,35.39,0,1,35-44,Postpaid_Unlimited,Basic_Phone,5G,2026-06-20
SUB9353170,3.41,0.99,0.47,0.08,63.56,0,0,25-34,Postpaid_Basic,Mid_Range,5G,2026-07-04
SUB8642897,1.92,0.45,0.19,0.25,83.17,0,1,35-44,Prepaid_Monthly,Tablet,4G,2026-06-11
SUB9661351,0.41,1.03,0.14,0.2,107.35,0,1,55+,Postpaid_Basic,Premium_Smartphone,4G,2026-06-18
SUB9723346,4.74,0.64,0.85,0.04,67.7,0,0,18-24,Postpaid_Unlimited,Premium_Smartphone,4G,2026-07-04
SUB7767414,0.07,6.0,0.92,0.07,30.55,1,0,25-34,Postpaid_Premium,Mid_Range,3G,2026-07-01
SUB6901179,0.68,0.87,0.12,0.25,55.5,1,0,55+,Postpaid_Unlimited,Mid_Range,4G,2026-06-30
SUB9254080,0.71,0.12,0.01,0.14,93.38,1,0,55+,Prepaid_Monthly,5G_Device,4G,2026-06-16
SUB8013383,0.87,3.78,1.1,0.06,80.83,1,1,25-34,Postpaid_Premium,Mid_Range,4G,2026-06-23
SUB1197170,0.27,0.16,0.53,0.66,39.3,0,0,25-34,Postpaid_Premium,Basic_Phone,5G,2026-06-24
SUB6614058,0.76,0.1,0.09,0.01,30.12,0,0,25-34,Postpaid_Basic,Mid_Range,3G,2026-07-04
SUB6423444,0.53,3.05,0.39,0.54,98.63,0,1,25-34,Postpaid_Basic,Mid_Range,5G,2026-06-24
SUB8360983,4.95,1.81,0.22,0.69,103.42,0,1,55+,Postpaid_Basic,Premium_Smartphone,4G,2026-06-14
SUB5374296,2.59,4.55,0.88,0.2,77.72,0,0,18-24,Postpaid_Premium,5G_Device,4G,2026-07-03
SUB5765358,6.18,6.0,0.17,0.51,93.21,0,0,25-34,Postpaid_Unlimited,Premium_Smartphone,5G,2026-06-11
SUB8499455,0.07,0.31,0.09,0.09,61.99,1,0,55+,Prepaid_Daily,Mid_Range,4G,2026-06-22
SUB3574584,0.6,0.11,0.55,0.0,31.38,0,0,25-34,Postpaid_Basic,Basic_Phone,4G,2026-07-02
SUB8782634,0.08,0.14,0.24,0.89,57.74,0,0,45-54,Postpaid_Unlimited,Mid_Range,4G+,2026-07-01
SUB5990044,0.14,2.58,1.13,0.37,134.5,1,0,25-34,Prepaid_Daily,5G_Device,4G+,2026-06-23
SUB3565513,0.69,1.46,0.11,0.02,44.0,0,0,45-54,Prepaid_Monthly,Mid_Range,5G,2026-07-04
SUB4567008,0.19,0.18,0.02,0.0,51.46,0,0,55+,Prepaid_Daily,Mid_Range,4G,2026-06-26
SUB1447095,0.74,0.25,0.03,0.08,21.89,0,0,25-34,Prepaid_Daily,Basic_Phone,4G,2026-06-20
SUB7824464,1.73,1.72,0.09,0.24,67.87,1,1,45-54,Postpaid_Unlimited,Premium_Smartphone,3G,2026-06-24
SUB3701433,0.35,0.29,0.01,0.05,73.23,0,0,55+,Prepaid_Monthly,Premium_Smartphone,4G,2026-06-13
SUB7600713,0.71,0.34,0.14,0.0,47.67,0,1,55+,Postpaid_Premium,Mid_Range,3G,2026-06-07
SUB1835358,6.31,1.32,1.27,0.33,79.48,0,0,25-34,Prepaid_Daily,Premium_Smartphone,5G,2026-06-23
SUB2971472,0.53,0.78,0.07,0.41,93.62,0,1,25-34,Prepaid_Daily,Mid_Range,4G+,2026-06-20
SUB2079229,3.2,2.63,0.52,1.9,148.66,0,1,25-34,Postpaid_Unlimited,Premium_Smartphone,5G,2026-06-22
SUB2140441,2.38,1.39,1.59,0.71,159.34,1,1,25-34,Postpaid_Basic,5G_Device,4G+,2026-06-16
SUB2194447,2.07,0.07,0.27,0.2,55.01,1,1,25-34,Prepaid_Daily,Mid_Range,4G,2026-06-23
SUB7539991,1.27,6.0,0.52,0.26,129.49,1,0,18-24,Postpaid_Unlimited,5G_Device,5G,2026-06-27
SUB2587916,1.82,5.16,0.6,0.41,145.97,1,0,35-44,Postpaid_Basic,Premium_Smartphone,4G+,2026-06-18
SUB3234268,0.78,2.2,0.12,0.1,35.11,1,0,25-34,Postpaid_Basic,Basic_Phone,5G,2026-06-11
SUB7442399,0.25,1.39,0.21,0.06,63.53,0,0,45-54,Postpaid_Basic,5G_Device,3G,2026-07-03
SUB3603087,1.24,0.29,0.92,0.12,121.46,0,0,45-54,Prepaid_Daily,Premium_Smartphone,4G+,2026-07-06
SUB5961826,4.02,1.99,1.02,2.13,111.5,1,0,25-34,Postpaid_Basic,5G_Device,5G,2026-07-05
SUB6199648,0.75,0.21,0.96,0.04,38.85,0,0,25-34,Postpaid_Basic,Mid_Range,3G,2026-07-05
SUB7636708,0.19,1.44,0.01,0.36,79.56,0,0,45-54,Prepaid_Monthly,Premium_Smartphone,4G,2026-06-17
SUB1049892,0.16,2.04,0.16,0.34,56.47,0,0,18-24,Postpaid_Premium,Tablet,3G,2026-06-29
SUB7473049,1.97,5.18,0.56,0.35,73.08,1,1,18-24,Prepaid_Monthly,Mid_Range,5G,2026-07-06
SUB6072237,0.7,0.99,0.25,0.12,66.54,0,0,45-54,Postpaid_Premium,Premium_Smartphone,3G,2026-07-03
SUB8030736,1.43,1.76,0.09,0.49,80.57,0,0,18-24,Prepaid_Daily,5G_Device,4G,2026-06-09
SUB9734143,4.08,6.0,0.04,1.38,136.31,1,0,45-54,Postpaid_Unlimited,Premium_Smartphone,4G+,2026-06-24
SUB7571520,1.1,3.09,0.42,0.07,68.73,0,0,55+,Postpaid_Unlimited,5G_Device,4G+,2026-06-21
SUB4118113,0.3,0.67,0.31,0.12,95.1,0,0,25-34,Prepaid_Daily,Premium_Smartphone,4G,2026-06-12
SUB7060297,1.17,1.95,1.34,0.64,63.25,0,0,45-54,Postpaid_Unlimited,Mid_Range,5G,2026-06-29
SUB3222854,8.0,6.0,0.36,6.0,92.03,0,1,25-34,Postpaid_Basic,Premium_Smartphone,5G,2026-06-18
SUB4292239,1.8,0.59,0.12,0.49,87.41,1,0,45-54,Postpaid_Premium,Mid_Range,5G,2026-06-11
SUB1915108,0.79,1.1,0.32,0.07,74.76,1,0,45-54,Postpaid_Premium,Mid_Range,4G+,2026-07-05
SUB5877323,1.26,2.13,0.43,0.18,90.59,0,0,18-24,Prepaid_Daily,Premium_Smartphone,5G,2026-06-13
SUB3384272,0.33,0.39,0.12,0.12,20.73,1,0,35-44,Prepaid_Daily,Basic_Phone,4G,2026-06-14
SUB3820377,0.3,0.47,0.04,0.01,21.22,1,0,35-44,Prepaid_Monthly,Basic_Phone,4G,2026-06-17
SUB2418351,0.19,0.29,0.38,0.07,14.24,0,0,18-24,Postpaid_Basic,Basic_Phone,5G,2026-06-19
SUB5917970,1.49,1.11,0.64,0.14,166.35,1,0,55+,Prepaid_Monthly,Premium_Smartphone,5G,2026-06-16
SUB4726713,2.35,1.42,0.11,0.42,82.51,0,0,25-34,Postpaid_Basic,Mid_Range,5G,2026-06-21
SUB9983278,2.6,2.13,0.12,0.07,135.17,0,0,25-34,Prepaid_Daily,Premium_Smartphone,5G,2026-06-12
SUB1180116,0.95,6.0,0.58,0.9,53.83,0,1,18-24,Postpaid_Premium,Mid_Range,4G,2026-07-03
SUB1787001,0.63,0.99,0.3,0.11,53.1,1,0,35-44,Prepaid_Daily,Mid_Range,4G,2026-06-22
SUB6048245,0.28,0.33,0.47,0.05,56.23,0,0,45-54,Prepaid_Monthly,Mid_Range,4G,2026-06-21
SUB9683790,0.78,0.33,0.21,0.08,75.71,0,0,35-44,Prepaid_Daily,Mid_Range,4G+,2026-06-19
SUB2252825,1.16,1.63,0.07,0.55,106.16,0,0,45-54,Postpaid_Premium,Premium_Smartphone,5G,2026-07-01
SUB3302690,0.86,6.0,0.95,0.54,18.1,0,0,35-44,Postpaid_Unlimited,Mid_Range,4G,2026-06-16
SUB1722153,2.02,3.17,0.13,0.67,125.79,1,1,18-24,Prepaid_Daily,Premium_Smartphone,4G,2026-07-01
SUB4446010,0.71,2.56,0.65,1.27,69.02,0,1,25-34,Postpaid_Premium,Premium_Smartphone,4G,2026-07-05
SUB7492922,4.37,1.91,1.45,0.76,43.12,0,0,18-24,Postpaid_Unlimited,Mid_Range,4G,2026-06-29
SUB8315845,0.7,1.17,0.4,0.53,20.0,0,0,18-24,Postpaid_Unlimited,Mid_Range,3G,2026-06-12
SUB3569395,2.3,1.05,0.99,1.97,99.15,0,0,18-24,Postpaid_Basic,Premium_Smartphone,4G+,2026-07-04
SUB4332951,0.07,0.3,0.39,0.19,161.65,0,1,55+,Prepaid_Monthly,Premium_Smartphone,4G+,2026-07-04
SUB1311416,0.39,0.21,0.22,0.02,104.65,0,1,55+,Prepaid_Monthly,5G_Device,4G,2026-06-22
SUB1137980,0.23,1.23,0.18,0.24,61.12,0,0,18-24,Prepaid_Monthly,Mid_Range,4G,2026-06-13
SUB3501212,1.29,2.72,1.42,0.09,82.53,0,0,25-34,Postpaid_Basic,5G_Device,5G,2026-06-19
SUB8129343,4.25,3.13,0.4,1.47,78.82,1,1,18-24,Postpaid_Basic,Mid_Range,5G,2026-06-12
SUB6835615,0.84,0.97,0.31,0.02,104.0,1,0,45-54,Postpaid_Premium,Mid_Range,5G,2026-06-20
SUB5924191,0.49,0.68,0.25,0.23,112.91,1,0,25-34,Prepaid_Daily,Mid_Range,5G,2026-06-09
SUB1824765,0.75,0.75,0.23,0.03,36.49,0,1,35-44,Prepaid_Daily,Mid_Range,4G,2026-06-16
SUB1907651,2.94,0.44,0.25,1.83,66.08,0,0,25-34,Postpaid_Unlimited,Premium_Smartphone,4G+,2026-06-09
SUB2350417,0.37,0.74,0.4,0.83,121.07,0,1,35-44,Postpaid_Unlimited,Mid_Range,5G,2026-07-05
SUB7046946,2.99,2.5,0.4,6.0,141.74,1,0,25-34,Postpaid_Premium,Premium_Smartphone,5G,2026-06-18
SUB7702705,0.52,0.27,0.21,0.07,32.66,0,0,18-24,Prepaid_Monthly,Mid_Range,3G,2026-07-01
SUB1990391,1.66,6.0,0.14,0.55,74.29,0,0,18-24,Postpaid_Unlimited,Mid_Range,4G+,2026-07-04
SUB5249367,1.58,0.35,1.03,0.01,64.97,0,1,25-34,Prepaid_Monthly,5G_Device,3G,2026-06-30
SUB7835084,1.2,0.59,0.42,0.03,111.14,0,0,55+,Postpaid_Premium,Premium_Smartphone,4G+,2026-07-05
SUB1587069,2.21,1.35,1.02,0.08,102.8,0,1,25-34,Prepaid_Daily,Premium_Smartphone,4G+,2026-07-03
SUB4947061,0.65,0.86,0.62,0.76,73.32,0,1,18-24,Postpaid_Basic,Mid_Range,4G+,2026-06-18
SUB4156366,0.38,0.44,0.06,0.74,58.44,0,0,55+,Postpaid_Premium,Mid_Range,5G,2026-06-24
SUB7198980,0.41,1.36,1.48,0.0,65.5,0,0,18-24,Postpaid_Unlimited,Mid_Range,5G,2026-06-29
SUB3315138,3.89,1.84,2.47,0.24,89.6,0,0,18-24,Postpaid_Premium,5G_Device,4G+,2026-07-05
SUB6549348,0.36,1.13,0.7,0.77,69.77,0,0,45-54,Postpaid_Unlimited,Mid_Range,4G+,2026-06-19
SUB5415972,1.93,3.57,0.53,1.81,103.78,1,0,35-44,Postpaid_Basic,Premium_Smartphone,5G,2026-07-04
SUB7586242,0.36,1.77,0.43,2.8,40.73,0,0,25-34,Postpaid_Premium,5G_Device,3G,2026-07-03
SUB1549666,1.28,3.88,0.14,0.1,91.37,0,1,45-54,Prepaid_Monthly,5G_Device,4G,2026-06-08
SUB4983027,1.27,0.68,0.06,0.11,100.11,0,0,35-44,Prepaid_Daily,Tablet,4G+,2026-07-02
SUB8675862,1.54,6.0,1.19,1.65,104.04,0,0,18-24,Postpaid_Premium,5G_Device,5G,2026-06-21
SUB9347131,0.38,0.88,0.05,0.1,37.67,1,0,35-44,Postpaid_Unlimited,Basic_Phone,3G,2026-07-03
SUB6605085,1.71,0.8,0.56,0.03,50.54,0,0,35-44,Prepaid_Daily,5G_Device,4G,2026-06-27
SUB5782969,0.8,0.24,0.21,0.05,73.6,1,0,55+,Prepaid_Daily,5G_Device,3G,2026-06-11
SUB8076083,0.11,0.27,0.02,0.01,135.39,0,0,55+,Prepaid_Daily,Premium_Smartphone,4G+,2026-06-19
SUB5773283,0.14,0.36,0.38,0.23,40.02,0,0,25-34,Postpaid_Unlimited,Basic_Phone,5G,2026-06-07
SUB3059417,7.71,1.95,2.05,1.17,81.37,1,1,35-44,Prepaid_Monthly,Premium_Smartphone,4G,2026-06-29
SUB8797551,0.6,1.69,1.62,0.81,59.79,0,1,18-24,Prepaid_Monthly,Mid_Range,5G,2026-06-24
SUB8794087,0.54,1.01,0.65,0.22,65.25,1,0,18-24,Prepaid_Daily,Mid_Range,4G+,2026-06-18
SUB5188432,3.36,0.98,0.72,0.0,59.99,0,0,25-34,Prepaid_Monthly,Premium_Smartphone,4G,2026-07-02
SUB3408359,7.26,0.87,1.06,0.17,106.93,0,1,35-44,Postpaid_Premium,Premium_Smartphone,4G,2026-06-09
SUB5810374,0.41,6.0,0.69,1.51,68.98,0,1,35-44,Postpaid_Unlimited,5G_Device,4G,2026-06-28
SUB2832760,0.74,0.68,1.55,0.09,124.12,0,0,25-34,Prepaid_Monthly,Premium_Smartphone,5G,2026-06-07
SUB3442367,0.06,0.62,0.54,0.39,69.67,0,0,45-54,Prepaid_Monthly,Premium_Smartphone,4G+,2026-06-27
SUB7847101,2.7,2.83,3.74,1.82,96.49,0,1,45-54,Postpaid_Unlimited,5G_Device,4G,2026-06-22
SUB3539065,0.77,1.77,0.21,0.12,73.34,0,0,35-44,Postpaid_Unlimited,Premium_Smartphone,4G,2026-06-29
SUB3026091,1.55,2.73,0.22,1.01,52.67,0,0,18-24,Prepaid_Monthly,Premium_Smartphone,4G,2026-06-26
SUB4731622,0.69,1.6,1.42,0.11,189.51,0,1,45-54,Prepaid_Daily,Premium_Smartphone,5G,2026-06-23
SUB8785363,2.29,0.39,0.18,0.01,73.45,0,0,55+,Postpaid_Unlimited,Premium_Smartphone,4G+,2026-06-23
SUB4087686,4.01,3.84,0.15,0.58,90.41,0,0,18-24,Postpaid_Premium,5G_Device,4G,2026-06-22
SUB1954227,2.28,4.31,1.31,0.19,119.73,1,0,25-34,Postpaid_Unlimited,Mid_Range,5G,2026-06-23
SUB5072476,0.52,0.55,0.02,0.1,66.49,1,1,55+,Prepaid_Monthly,Mid_Range,4G+,2026-06-30
SUB5827976,0.24,0.51,0.23,0.5,24.51,0,0,35-44,Postpaid_Basic,Mid_Range,3G,2026-06-20
SUB4398499,4.97,1.15,0.1,4.26,122.59,0,0,25-34,Postpaid_Premium,5G_Device,5G,2026-06-11
SUB1058031,1.37,6.0,0.06,6.0,88.16,1,1,18-24,Postpaid_Unlimited,5G_Device,4G,2026-06-30
SUB9259282,0.63,0.9,0.75,0.49,61.97,0,0,35-44,Postpaid_Unlimited,Mid_Range,4G,2026-06-11
SUB3451550,0.49,0.16,0.06,0.03,40.67,0,0,25-34,Prepaid_Daily,Mid_Range,3G,2026-06-24
SUB3081552,5.58,1.98,1.56,1.45,143.15,0,1,18-24,Postpaid_Basic,Premium_Smartphone,5G,2026-06-29
SUB8310982,3.37,3.49,0.16,0.31,79.13,1,0,25-34,Prepaid_Monthly,Tablet,4G,2026-07-02
SUB2178642,6.5,1.86,0.05,0.25,50.66,1,0,18-24,Postpaid_Premium,Mid_Range,4G,2026-06-29
SUB6381862,3.24,6.0,0.01,0.0,58.16,0,0,35-44,Postpaid_Premium,Premium_Smartphone,4G,2026-06-28
SUB8604869,1.45,1.41,0.07,0.33,112.36,1,0,55+,Postpaid_Unlimited,Mid_Range,5G,2026-06-12
SUB8979633,0.37,0.36,1.77,1.72,144.59,1,0,25-34,Prepaid_Monthly,5G_Device,4G+,2026-06-09
SUB5111932,0.02,1.49,0.36,0.3,70.51,0,0,35-44,Prepaid_Daily,Premium_Smartphone,4G,2026-06-10
SUB2734441,1.52,1.73,0.09,0.58,112.7,1,1,25-34,Prepaid_Daily,Premium_Smartphone,4G,2026-06-14
SUB2252876,0.28,0.83,0.01,0.15,38.97,1,1,18-24,Prepaid_Monthly,Basic_Phone,4G,2026-06-28
SUB8937108,1.79,0.53,0.26,0.31,83.77,0,0,55+,Prepaid_Monthly,Premium_Smartphone,4G,2026-06-24
SUB3960841,1.29,1.77,0.09,0.12,73.94,1,0,18-24,Postpaid_Unlimited,Mid_Range,4G,2026-06-21
SUB8745073,0.92,2.56,1.58,0.86,54.54,0,0,18-24,Postpaid_Basic,Premium_Smartphone,3G,2026-06-11
SUB3592859,5.18,0.92,2.1,0.13,102.99,0,1,25-34,Postpaid_Basic,Premium_Smartphone,4G,2026-07-02
SUB8992388,2.24,6.0,0.66,0.19,71.64,1,0,35-44,Postpaid_Unlimited,Premium_Smartphone,4G,2026-07-04
SUB6767204,0.15,6.0,0.72,1.32,112.12,0,1,25-34,Postpaid_Unlimited,5G_Device,4G+,2026-06-14
SUB8696124,0.94,0.84,0.65,0.06,66.48,0,1,18-24,Postpaid_Basic,Mid_Range,4G,2026-06-11
SUB2918715,0.21,0.16,0.03,0.03,69.37,0,1,45-54,Prepaid_Daily,Mid_Range,4G,2026-06-12
SUB7854795,4.19,4.94,2.57,0.01,79.51,1,0,25-34,Prepaid_Monthly,5G_Device,4G,2026-06-26
SUB9880121,2.66,2.51,0.01,4.63,102.01,1,0,18-24,Postpaid_Basic,Premium_Smartphone,5G,2026-07-05
SUB3177890,2.32,1.17,1.22,0.59,49.88,0,0,25-34,Postpaid_Premium,Mid_Range,4G,2026-07-06
SUB5267905,2.28,1.64,0.87,0.12,60.16,1,1,18-24,Postpaid_Premium,Basic_Phone,5G,2026-07-05
SUB4175601,1.76,1.31,0.97,0.86,71.83,0,0,25-34,Postpaid_Basic,Premium_Smartphone,4G,2026-06-08
SUB2740584,1.01,0.75,0.68,1.53,49.61,0,0,35-44,Postpaid_Unlimited,Mid_Range,5G,2026-07-04
SUB4217196,0.62,0.78,0.23,0.55,43.22,0,0,45-54,Postpaid_Premium,Tablet,3G,2026-06-25
SUB6251208,7.64,6.0,0.71,3.61,58.76,0,1,18-24,Postpaid_Unlimited,Premium_Smartphone,3G,2026-06-21
SUB9526013,1.8,6.0,4.0,0.34,200.0,1,0,18-24,Postpaid_Unlimited,5G_Device,5G,2026-06-08
SUB8067263,3.3,0.3,0.12,1.15,98.31,0,1,18-24,Prepaid_Daily,5G_Device,4G,2026-06-13
SUB9509781,0.89,2.46,0.02,0.1,107.44,1,0,18-24,Prepaid_Daily,Premium_Smartphone,4G,2026-07-02
SUB1046638,2.0,1.16,0.25,0.03,39.55,0,0,18-24,Prepaid_Monthly,Mid_Range,4G,2026-07-06
SUB6444555,2.7,0.76,1.17,1.95,76.71,0,0,25-34,Postpaid_Basic,Premium_Smartphone,4G+,2026-06-27
SUB2162496,3.86,1.43,0.73,0.97,100.78,1,1,18-24,Postpaid_Basic,5G_Device,4G,2026-07-02
SUB9236843,0.97,1.8,0.13,0.03,102.19,0,1,35-44,Prepaid_Monthly,Premium_Smartphone,4G,2026-06-20
SUB5151538,7.3,0.24,0.21,1.04,65.42,1,0,25-34,Postpaid_Unlimited,Mid_Range,5G,2026-06-07
SUB8776018,7.07,0.61,0.11,0.11,131.91,0,0,18-24,Prepaid_Monthly,Premium_Smartphone,5G,2026-06-27
SUB3105039,0.75,0.73,4.0,0.07,55.29,0,0,25-34,Postpaid_Unlimited,Mid_Range,5G,2026-06-09
SUB3064798,0.26,0.35,0.25,0.1,34.11,1,0,18-24,Postpaid_Basic,Basic_Phone,4G,2026-06-29
SUB3850418,0.72,0.28,0.12,0.11,73.58,1,0,35-44,Prepaid_Daily,Mid_Range,4G,2026-06-16
SUB4119810,0.89,0.41,0.48,0.5,31.94,0,1,25-34,Prepaid_Daily,Mid_Range,3G,2026-06-24
SUB1821929,3.14,6.0,0.43,0.51,94.08,0,0,18-24,Prepaid_Daily,5G_Device,5G,2026-06-14
SUB7647162,0.08,1.21,0.0,0.0,38.43,0,0,25-34,Prepaid_Daily,Mid_Range,3G,2026-07-06
SUB5910673,2.36,3.05,0.67,0.16,43.63,0,0,18-24,Postpaid_Premium,Mid_Range,4G,2026-06-11
SUB8846540,0.54,0.87,0.78,0.14,57.16,0,0,45-54,Prepaid_Daily,Premium_Smartphone,4G,2026-06-25
SUB4772217,1.23,0.67,0.53,0.46,77.06,1,1,55+,Postpaid_Premium,5G_Device,3G,2026-06-23
SUB3027842,1.23,1.56,0.15,0.25,67.62,0,0,18-24,Prepaid_Monthly,Mid_Range,4G,2026-06-29
SUB6212281,0.28,1.38,0.35,0.13,126.92,0,1,35-44,Prepaid_Daily,Premium_Smartphone,5G,2026-06-10
SUB1734459,1.52,2.98,1.83,0.01,90.43,1,1,25-34,Postpaid_Premium,Mid_Range,4G,2026-06-20
SUB8718742,0.44,0.74,1.34,0.03,80.36,0,1,18-24,Postpaid_Basic,Mid_Range,4G+,2026-06-18
SUB3306648,1.65,0.87,1.29,0.59,60.35,0,0,18-24,Postpaid_Basic,Mid_Range,4G,2026-06-18
SUB3789850,0.6,0.24,0.42,0.4,82.37,1,0,45-54,Prepaid_Monthly,Premium_Smartphone,4G,2026-06-16
SUB3703934,1.18,0.59,0.26,1.12,72.59,0,0,25-34,Prepaid_Daily,Premium_Smartphone,4G,2026-06-21
SUB9697318,0.86,0.3,0.07,0.1,47.63,0,0,55+,Prepaid_Monthly,Mid_Range,4G,2026-06-18
SUB5541912,0.19,1.07,0.57,0.06,60.08,1,0,25-34,Postpaid_Basic,Mid_Range,4G,2026-06-16
SUB4903869,0.29,0.49,0.05,0.08,45.02,0,0,18-24,Prepaid_Daily,Mid_Range,4G+,2026-07-02
SUB6371159,2.55,1.0,0.1,2.31,75.94,0,1,45-54,Postpaid_Basic,5G_Device,4G,2026-07-04
SUB3451976,2.26,1.74,1.63,0.44,126.97,1,0,55+,Postpaid_Unlimited,Premium_Smartphone,5G,2026-07-02
SUB4197860,1.5,0.28,0.04,0.72,101.87,0,0,45-54,Prepaid_Monthly,Premium_Smartphone,4G+,2026-07-06
SUB5680018,0.45,1.37,0.91,0.27,75.99,0,0,35-44,Postpaid_Unlimited,Premium_Smartphone,4G,2026-06-18
SUB3780596,0.77,0.39,0.61,2.1,160.12,1,0,25-34,Prepaid_Daily,Premium_Smartphone,5G,2026-06-09
SUB5040015,6.03,1.74,0.05,2.89,74.52,0,0,18-24,Postpaid_Premium,Mid_Range,5G,2026-06-07
SUB5870807,3.82,6.0,0.21,0.2,96.03,1,0,18-24,Postpaid_Premium,Mid_Range,5G,2026-06-18
SUB4237355,0.21,2.41,0.03,0.01,36.3,0,0,25-34,Prepaid_Monthly,Mid_Range,4G,2026-06-10
SUB1122772,0.07,0.47,0.89,0.13,151.7,1,0,55+,Postpaid_Unlimited,Tablet,4G+,2026-06-29
SUB5077411,1.59,2.42,0.05,0.01,79.57,0,0,35-44,Prepaid_Monthly,5G_Device,4G,2026-06-09
SUB6472295,1.76,0.88,0.23,0.14,186.55,1,0,45-54,Prepaid_Daily,Premium_Smartphone,5G,2026-06-18
SUB7957038,1.7,0.89,0.8,0.69,54.6,1,0,25-34,Postpaid_Basic,Mid_Range,4G,2026-06-09
SUB6756157,0.77,4.44,1.83,0.1,78.9,1,0,35-44,Postpaid_Unlimited,Mid_Range,4G+,2026-06-29
SUB8356148,0.31,1.63,0.25,0.59,52.24,0,0,45-54,Postpaid_Unlimited,Mid_Range,4G,2026-07-03
SUB3801329,1.47,3.51,0.5,1.21,104.21,0,0,25-34,Prepaid_Monthly,Premium_Smartphone,5G,2026-06-16
SUB7525438,8.0,4.01,0.24,0.63,94.37,1,0,25-34,Postpaid_Basic,Mid_Range,4G+,2026-06-07
SUB9680407,1.36,0.23,0.8,0.11,61.68,0,0,35-44,Prepaid_Daily,5G_Device,4G,2026-06-17
SUB9577482,0.41,0.27,0.38,1.69,90.93,0,0,35-44,Postpaid_Basic,Premium_Smartphone,4G,2026-06-22
SUB8223153,0.12,0.12,0.17,0.31,19.27,0,1,55+,Postpaid_Basic,Basic_Phone,4G,2026-06-10
SUB7727897,0.59,1.58,0.32,0.02,23.64,0,0,25-34,Prepaid_Monthly,Mid_Range,4G,2026-06-22
SUB6433962,7.72,1.59,1.02,0.35,36.51,0,1,18-24,Postpaid_Basic,Mid_Range,4G,2026-07-05
SUB1473818,1.01,1.78,1.06,0.42,66.28,1,0,25-34,Postpaid_Unlimited,Mid_Range,4G,2026-06-14
SUB4035865,1.16,0.69,0.01,0.99,42.0,0,0,18-24,Postpaid_Basic,Tablet,3G,2026-06-19
SUB4883424,0.69,1.02,0.13,0.49,185.1,1,0,35-44,Postpaid_Premium,Premium_Smartphone,5G,2026-06-25
SUB4231365,0.37,0.85,0.56,0.03,16.12,1,0,18-24,Prepaid_Monthly,Basic_Phone,4G,2026-06-09
SUB7766699,0.14,0.91,0.22,0.14,46.35,0,0,55+,Postpaid_Unlimited,Mid_Range,4G+,2026-07-03
SUB4828295,0.27,0.5,0.09,0.04,30.91,0,0,45-54,Prepaid_Daily,Mid_Range,4G+,2026-06-10
SUB2724833,7.22,3.84,0.02,0.01,124.35,0,0,18-24,Postpaid_Basic,Premium_Smartphone,5G,2026-06-09
SUB9975979,6.6,5.35,0.91,5.02,177.91,1,0,18-24,Postpaid_Premium,Premium_Smartphone,4G+,2026-07-06
SUB9193421,0.64,2.17,0.12,0.12,24.24,0,0,25-34,Postpaid_Premium,Basic_Phone,4G+,2026-06-17
SUB6864719,2.43,0.95,0.16,0.0,73.23,1,0,45-54,Prepaid_Daily,Premium_Smartphone,4G,2026-06-19
SUB4764040,0.07,0.74,1.05,0.55,39.57,0,0,18-24,Prepaid_Monthly,Mid_Range,4G+,2026-06-21
SUB7110793,1.65,3.25,1.3,0.27,115.67,1,0,18-24,Postpaid_Basic,Premium_Smartphone,4G+,2026-06-21
SUB7553855,0.63,0.2,0.2,0.07,42.81,0,1,25-34,Prepaid_Monthly,Mid_Range,3G,2026-07-06
SUB4660880,0.31,1.11,0.86,0.45,41.59,0,0,35-44,Postpaid_Premium,Mid_Range,4G,2026-07-05
SUB9596235,0.32,0.89,0.04,0.23,27.37,0,0,18-24,Prepaid_Monthly,Mid_Range,3G,2026-07-06
SUB6782655,0.41,0.72,0.09,0.39,33.08,0,0,35-44,Prepaid_Monthly,Basic_Phone,5G,2026-06-20
SUB4646277,0.38,0.05,0.11,0.08,66.78,0,0,55+,Prepaid_Daily,Mid_Range,5G,2026-06-08
SUB2592210,2.11,1.0,0.31,0.57,93.89,0,0,18-24,Prepaid_Daily,5G_Device,4G+,2026-06-30
SUB3918634,4.23,2.81,0.61,0.0,79.46,0,0,25-34,Postpaid_Premium,Mid_Range,5G,2026-07-02
SUB7562344,2.09,1.14,0.87,2.16,126.66,0,1,18-24,Postpaid_Basic,Premium_Smartphone,4G,2026-06-23
SUB8401628,3.81,6.0,0.68,0.03,93.92,0,0,18-24,Postpaid_Basic,Premium_Smartphone,4G,2026-06-27
SUB4884485,0.15,3.67,0.0,0.44,30.88,1,0,18-24,Prepaid_Monthly,Mid_Range,3G,2026-06-30
SUB2991226,0.26,0.39,0.61,0.35,56.48,0,0,25-34,Prepaid_Daily,Mid_Range,4G,2026-07-06
SUB1829119,2.01,1.04,0.06,0.9,166.02,0,1,45-54,Prepaid_Monthly,5G_Device,5G,2026-06-09
SUB2054853,0.77,0.35,0.15,0.34,44.44,0,1,35-44,Prepaid_Monthly,Basic_Phone,5G,2026-06-25
SUB6042596,0.9,6.0,2.02,0.9,110.81,0,0,18-24,Postpaid_Premium,5G_Device,4G+,2026-06-18
SUB7424788,3.06,6.0,0.39,0.5,90.79,0,0,18-24,Postpaid_Unlimited,5G_Device,5G,2026-06-25
SUB4386243,4.3,6.0,0.19,0.05,69.0,0,1,35-44,Postpaid_Unlimited,5G_Device,4G,2026-06-22
SUB9124897,3.11,1.04,0.59,1.33,37.97,0,1,18-24,Postpaid_Basic,Mid_Range,4G,2026-06-27
SUB9675493,0.38,1.52,1.0,1.11,79.88,0,0,25-34,Postpaid_Basic,Premium_Smartphone,4G,2026-07-02
SUB4445083,6.03,6.0,0.16,1.56,75.09,1,0,25-34,Postpaid_Unlimited,Premium_Smartphone,4G,2026-06-13
SUB5977037,0.06,0.12,0.06,0.02,24.13,1,0,55+,Postpaid_Basic,Basic_Phone,4G,2026-07-06
SUB2535410,1.46,4.75,0.87,0.15,115.51,1,0,18-24,Postpaid_Basic,Premium_Smartphone,4G,2026-06-15
SUB1349760,1.27,0.47,0.05,0.2,61.72,1,0,35-44,Postpaid_Basic,5G_Device,3G,2026-07-06
SUB8490526,1.43,5.26,0.6,4.2,51.13,0,0,18-24,Postpaid_Premium,5G_Device,4G,2026-06-12
SUB6827278,1.08,0.31,0.38,0.47,42.6,1,0,35-44,Postpaid_Basic,Mid_Range,4G,2026-06-30
SUB1296177,0.71,0.3,0.95,0.26,42.28,0,0,35-44,Postpaid_Premium,Mid_Range,4G,2026-06-08
SUB7074525,0.26,0.79,0.22,0.02,63.8,1,1,45-54,Postpaid_Premium,Mid_Range,3G,2026-06-21
SUB4406433,1.06,1.56,0.21,1.14,45.87,0,0,25-34,Postpaid_Premium,Mid_Range,4G,2026-06-21
SUB1012938,1.64,3.76,0.34,0.7,62.48,0,0,25-34,Prepaid_Monthly,Mid_Range,5G,2026-06-07
SUB2179418,0.62,6.0,0.97,1.76,112.61,1,0,18-24,Postpaid_Premium,5G_Device,4G+,2026-06-26
SUB1994199,0.74,0.48,0.36,0.45,57.21,0,0,18-24,Prepaid_Daily,Premium_Smartphone,4G,2026-06-19
SUB6507298,1.3,3.67,0.26,0.58,74.87,1,0,25-34,Postpaid_Unlimited,5G_Device,3G,2026-06-12
SUB2919398,0.13,0.59,0.51,0.01,68.83,0,0,45-54,Prepaid_Monthly,Mid_Range,5G,2026-06-07
SUB7716487,1.18,2.13,0.32,1.02,105.92,1,1,25-34,Prepaid_Monthly,Premium_Smartphone,4G,2026-06-17
SUB4614962,0.47,6.0,1.01,1.1,99.17,0,1,35-44,Postpaid_Premium,5G_Device,4G,2026-06-29
SUB6133783,6.71,1.08,3.5,0.95,102.66,0,0,25-34,Postpaid_Basic,5G_Device,5G,2026-07-04
SUB2185622,0.75,2.65,0.17,1.19,57.67,1,0,25-34,Prepaid_Monthly,5G_Device,3G,2026-06-26
SUB5192907,1.49,0.55,1.05,0.41,71.11,0,0,25-34,Prepaid_Monthly,Premium_Smartphone,3G,2026-06-07
SUB7630064,0.22,3.72,0.99,0.36,45.18,1,0,18-24,Postpaid_Unlimited,5G_Device,3G,2026-06-15
SUB1545501,0.84,0.67,0.91,0.91,55.09,1,0,25-34,Prepaid_Daily,Mid_Range,4G,2026-06-29
SUB6199039,0.63,0.75,0.06,0.13,60.71,0,0,45-54,Prepaid_Daily,5G_Device,4G,2026-06-14
SUB6567768,2.12,4.17,1.47,0.59,52.26,0,0,25-34,Postpaid_Premium,5G_Device,4G,2026-06-25
SUB7964587,2.19,1.55,0.03,0.12,98.82,0,1,35-44,Postpaid_Basic,Mid_Range,5G,2026-07-04
SUB2511602,0.19,1.21,0.62,0.68,57.56,1,0,45-54,Postpaid_Premium,5G_Device,3G,2026-06-30
SUB3346118,0.94,2.83,0.23,0.06,50.02,0,1,25-34,Postpaid_Premium,Mid_Range,3G,2026-06-21
SUB5639596,1.33,3.84,0.85,0.08,145.44,1,1,45-54,Postpaid_Unlimited,5G_Device,4G,2026-06-25
SUB4465495,4.19,4.64,1.68,0.03,96.56,0,0,25-34,Postpaid_Unlimited,Premium_Smartphone,4G,2026-06-26
SUB1689746,2.26,6.0,1.05,0.31,95.7,1,0,25-34,Postpaid_Premium,Premium_Smartphone,4G,2026-06-12
SUB4517155,0.45,1.18,0.12,0.28,58.62,0,0,18-24,Prepaid_Monthly,Mid_Range,4G,2026-06-15
SUB9744047,1.43,0.66,0.11,0.12,26.38,0,0,18-24,Postpaid_Basic,Basic_Phone,5G,2026-06-29
SUB5206330,0.5,0.43,0.01,0.07,79.7,0,0,35-44,Postpaid_Basic,Tablet,4G,2026-06-10
SUB3980858,0.92,0.34,0.01,0.01,33.49,0,0,45-54,Postpaid_Basic,Mid_Range,4G,2026-06-27
SUB9677596,0.65,2.39,0.02,0.49,65.38,1,0,18-24,Prepaid_Daily,5G_Device,3G,2026-06-17
SUB3554293,1.11,6.0,0.2,1.3,143.55,1,0,18-24,Postpaid_Basic,Premium_Smartphone,4G+,2026-06-23
SUB8935145,8.0,3.8,3.31,0.06,60.81,0,0,25-34,Postpaid_Unlimited,Premium_Smartphone,4G,2026-06-30
SUB6590572,1.04,1.44,0.14,1.06,135.89,1,0,35-44,Prepaid_Monthly,Premium_Smartphone,4G+,2026-06-09
SUB4856397,0.35,0.34,0.12,0.25,15.62,0,1,25-34,Postpaid_Premium,Basic_Phone,4G,2026-06-10
SUB6831398,2.74,3.43,1.24,0.47,60.6,0,1,25-34,Postpaid_Basic,Mid_Range,5G,2026-06-17
SUB3007708,0.49,1.17,0.6,1.25,110.19,0,1,35-44,Prepaid_Monthly,Premium_Smartphone,4G,2026-07-02
SUB9828452,0.58,1.85,0.08,0.4,69.65,0,0,25-34,Postpaid_Basic,5G_Device,4G,2026-06-08
SUB1287249,0.28,0.67,0.24,0.47,110.19,1,0,55+,Prepaid_Monthly,Premium_Smartphone,5G,2026-06-24
SUB9206294,0.5,1.93,0.13,0.2,44.36,0,0,25-34,Postpaid_Basic,Mid_Range,4G,2026-06-23
SUB7805995,0.2,0.12,2.13,0.04,105.77,0,0,55+,Postpaid_Premium,Tablet,4G,2026-06-19
SUB5525605,1.19,3.78,0.22,0.16,82.51,0,0,18-24,Postpaid_Premium,Premium_Smartphone,4G,2026-06-07
SUB2397955,0.39,0.44,0.39,0.84,44.96,0,0,18-24,Prepaid_Monthly,Premium_Smartphone,3G,2026-07-04
SUB1770802,0.47,6.0,0.56,0.0,103.6,1,0,45-54,Prepaid_Daily,5G_Device,4G,2026-06-23
SUB5458795,2.26,0.6,1.4,0.59,74.68,0,1,35-44,Postpaid_Premium,Premium_Smartphone,4G,2026-06-22
SUB4019579,1.86,2.39,0.53,0.16,93.13,0,0,45-54,Prepaid_Monthly,Premium_Smartphone,4G+,2026-06-10
SUB5650291,0.97,1.15,0.18,0.24,73.22,0,0,25-34,Prepaid_Daily,Premium_Smartphone,4G,2026-07-04
SUB5319230,0.58,0.21,0.48,0.0,70.74,0,0,55+,Prepaid_Monthly,Mid_Range,5G,2026-06-21
SUB9469755,4.19,6.0,0.41,0.49,147.87,1,0,18-24,Postpaid_Premium,Premium_Smartphone,5G,2026-06-13
SUB8650311,8.0,1.72,4.0,0.13,59.02,0,1,18-24,Postpaid_Premium,Mid_Range,4G+,2026-06-11
SUB2592063,1.55,3.01,2.7,0.56,68.27,0,0,25-34,Postpaid_Unlimited,Premium_Smartphone,4G,2026-06-24
SUB9266602,0.73,0.72,0.16,0.08,91.35,1,1,45-54,Prepaid_Daily,Mid_Range,4G,2026-06-21
SUB7121602,4.45,0.8,0.55,0.35,52.56,0,1,35-44,Prepaid_Monthly,Mid_Range,4G,2026-06-23
SUB7512324,8.0,4.74,0.85,0.71,136.04,1,0,25-34,Postpaid_Basic,5G_Device,5G,2026-06-08
SUB3217939,2.28,0.2,0.67,0.93,76.4,0,1,25-34,Postpaid_Premium,Mid_Range,5G,2026-07-02
SUB7405883,0.69,1.11,0.45,1.37,60.86,1,0,18-24,Prepaid_Monthly,Premium_Smartphone,3G,2026-07-02
SUB7439519,2.01,2.38,0.1,0.63,74.34,0,0,25-34,Prepaid_Monthly,Premium_Smartphone,4G,2026-07-04
SUB7969369,0.03,0.54,0.2,0.18,53.49,0,0,25-34,Prepaid_Monthly,Mid_Range,4G,2026-06-27
SUB5806085,1.16,1.65,1.45,0.03,57.26,0,1,35-44,Postpaid_Premium,Premium_Smartphone,3G,2026-06-13
SUB7161018,1.31,2.24,1.11,0.45,75.07,1,1,35-44,Prepaid_Monthly,5G_Device,4G,2026-06-11
SUB9877241,0.49,0.27,0.13,0.48,58.37,0,0,55+,Postpaid_Unlimited,Mid_Range,4G,2026-06-20
SUB3896355,1.29,1.96,0.25,0.32,66.94,0,0,18-24,Postpaid_Basic,Mid_Range,5G,2026-06-11
SUB7371332,0.46,0.6,0.02,1.46,41.54,1,0,25-34,Prepaid_Monthly,Mid_Range,4G,2026-06-18
SUB7783564,0.93,1.02,1.88,0.14,38.4,0,0,25-34,Prepaid_Monthly,Mid_Range,4G,2026-06-27
SUB1167071,0.74,1.24,0.9,0.49,137.56,1,1,35-44,Prepaid_Daily,5G_Device,5G,2026-06-13
SUB2775823,2.65,3.23,0.78,0.44,55.49,0,0,25-34,Postpaid_Premium,5G_Device,4G,2026-06-28
SUB7088960,1.11,0.92,0.27,0.09,52.03,0,1,55+,Postpaid_Premium,Mid_Range,4G+,2026-07-05
SUB8800757,0.27,0.04,0.11,0.0,25.23,0,0,35-44,Prepaid_Daily,Mid_Range,3G,2026-07-02
SUB8583754,0.59,0.26,0.07,0.47,84.1,1,0,18-24,Postpaid_Basic,Mid_Range,4G,2026-06-27
SUB7629383,0.31,1.04,0.08,3.41,49.05,0,0,18-24,Postpaid_Premium,5G_Device,3G,2026-06-17
SUB3665880,0.08,0.12,0.01,0.02,8.34,1,0,45-54,Prepaid_Monthly,Basic_Phone,4G,2026-06-29
SUB5761631,1.47,3.52,0.2,2.22,102.49,1,1,35-44,Prepaid_Monthly,Premium_Smartphone,4G,2026-06-14
SUB3414551,1.32,2.45,1.31,0.0,188.0,1,0,18-24,Prepaid_Monthly,Premium_Smartphone,5G,2026-07-05
SUB9460827,0.09,4.75,0.08,0.1,25.52,1,1,18-24,Prepaid_Monthly,Basic_Phone,4G+,2026-07-06
SUB3807501,0.73,1.31,0.07,0.0,93.58,0,0,35-44,Postpaid_Basic,Premium_Smartphone,4G,2026-07-02
SUB2846252,1.26,0.23,0.13,0.08,78.38,0,0,35-44,Prepaid_Daily,Mid_Range,4G+,2026-07-05
SUB4764610,3.68,0.28,0.52,0.04,64.77,0,0,18-24,Prepaid_Monthly,Mid_Range,5G,2026-06-30
SUB8660771,0.71,6.0,0.84,0.25,54.79,0,0,25-34,Postpaid_Unlimited,Mid_Range,4G,2026-06-16
SUB5912894,0.41,0.65,0.32,1.25,53.78,0,0,25-34,Prepaid_Daily,Mid_Range,5G,2026-07-01
SUB1366042,0.02,0.24,0.3,0.14,72.19,0,0,55+,Prepaid_Daily,5G_Device,3G,2026-07-06
SUB6533395,0.77,6.0,0.96,3.36,147.72,0,0,18-24,Postpaid_Premium,Premium_Smartphone,5G,2026-06-22
SUB7451406,0.21,5.4,0.03,0.71,124.81,1,1,35-44,Prepaid_Daily,Tablet,4G+,2026-06-10
SUB3264381,1.82,1.65,0.84,0.21,70.68,0,1,25-34,Prepaid_Monthly,Premium_Smartphone,4G+,2026-06-19
SUB6248794,0.83,0.2,0.37,0.19,21.43,0,0,18-24,Postpaid_Basic,Basic_Phone,3G,2026-06-18
SUB8212648,2.02,0.98,0.04,2.02,30.65,0,1,25-34,Postpaid_Unlimited,Mid_Range,3G,2026-06-28
SUB8527467,2.75,3.03,0.7,0.86,115.47,1,0,18-24,Prepaid_Daily,5G_Device,4G+,2026-06-16
SUB7910957,1.65,2.79,1.25,0.35,63.94,1,0,35-44,Postpaid_Unlimited,Mid_Range,5G,2026-06-15
SUB3503821,8.0,4.14,0.6,2.22,137.38,0,0,35-44,Postpaid_Premium,Premium_Smartphone,5G,2026-06-20
SUB5872367,1.5,1.77,2.39,0.87,75.95,0,1,18-24,Postpaid_Premium,Mid_Range,5G,2026-06-20
SUB2238669,0.43,0.7,0.43,1.07,136.53,1,1,18-24,Postpaid_Premium,Mid_Range,5G,2026-06-24
SUB3191951,0.15,0.17,0.03,0.09,39.94,0,1,45-54,Prepaid_Daily,Basic_Phone,5G,2026-06-28
SUB5816977,1.08,4.73,0.08,0.08,92.87,1,1,25-34,Prepaid_Daily,Mid_Range,5G,2026-06-28
SUB8051398,1.63,0.24,0.22,0.34,50.56,1,0,25-34,Prepaid_Monthly,Mid_Range,3G,2026-06-30
SUB9339150,1.35,1.8,0.11,0.19,72.53,0,0,25-34,Prepaid_Daily,Mid_Range,5G,2026-06-13
SUB8428951,1.79,0.21,0.08,0.02,109.4,0,1,55+,Postpaid_Unlimited,Premium_Smartphone,4G,2026-06-19
SUB1924914,2.97,2.6,1.56,0.0,76.47,0,0,25-34,Postpaid_Basic,Premium_Smartphone,4G+,2026-07-06
SUB1605750,2.43,0.5,0.25,0.04,112.98,0,0,35-44,Postpaid_Basic,Premium_Smartphone,4G+,2026-06-16
SUB1179340,0.14,1.9,0.55,0.04,15.61,1,0,18-24,Postpaid_Premium,Basic_Phone,4G,2026-06-30
SUB8371191,7.65,6.0,0.05,0.15,112.96,1,0,18-24,Postpaid_Unlimited,Premium_Smartphone,5G,2026-06-14
SUB5236343,2.63,0.48,1.44,0.41,68.76,0,0,25-34,Postpaid_Unlimited,Mid_Range,4G+,2026-06-14
SUB3854414,8.0,3.99,0.66,1.48,101.52,0,1,25-34,Postpaid_Premium,5G_Device,4G,2026-06-10
SUB3796175,3.09,0.11,0.25,0.52,200.0,1,1,35-44,Prepaid_Monthly,Premium_Smartphone,4G+,2026-06-23
SUB8945223,0.36,0.2,0.27,0.47,28.91,0,1,35-44,Prepaid_Daily,Basic_Phone,4G,2026-07-06
SUB4055068,0.19,0.1,0.0,0.16,16.69,0,0,25-34,Prepaid_Daily,Basic_Phone,4G,2026-06-21
SUB6361878,1.1,1.04,0.86,0.24,122.18,1,0,35-44,Prepaid_Daily,Premium_Smartphone,5G,2026-06-10
SUB9629932,1.17,0.97,2.1,1.57,100.44,1,0,18-24,Prepaid_Daily,Mid_Range,4G+,2026-07-05
SUB5622887,1.05,3.56,2.86,1.85,51.07,0,1,18-24,Postpaid_Unlimited,Mid_Range,4G,2026-06-14
SUB4659248,0.79,0.65,0.65,0.27,97.76,1,0,45-54,Postpaid_Unlimited,Mid_Range,5G,2026-06-24
SUB7166197,0.21,0.16,0.31,0.02,5.0,0,1,35-44,Postpaid_Premium,Basic_Phone,3G,2026-07-04
SUB9621837,1.39,0.07,0.1,0.14,67.59,0,1,35-44,Postpaid_Premium,Mid_Range,4G,2026-06-24
SUB1837876,0.52,0.21,0.25,0.16,43.44,0,0,25-34,Postpaid_Basic,Mid_Range,3G,2026-06-17
SUB2088894,3.3,0.45,3.5,0.53,84.93,0,0,25-34,Prepaid_Monthly,5G_Device,4G,2026-06-28
SUB3789530,4.73,4.58,4.0,6.0,75.45,1,1,18-24,Postpaid_Unlimited,Mid_Range,4G+,2026-06-17
SUB9512686,4.93,0.52,3.22,0.52,191.0,1,1,45-54,Prepaid_Monthly,5G_Device,5G,2026-06-27
SUB9428367,1.55,6.0,0.75,0.39,158.13,0,1,35-44,Postpaid_Premium,Premium_Smartphone,5G,2026-06-12
SUB8835958,0.42,0.3,0.01,0.1,18.1,0,1,18-24,Prepaid_Monthly,Basic_Phone,3G,2026-06-17
SUB6923808,3.14,5.66,1.51,0.01,77.45,0,0,45-54,Postpaid_Unlimited,Tablet,4G,2026-06-25
SUB3950161,1.03,1.16,0.5,0.41,71.2,0,0,25-34,Postpaid_Premium,Premium_Smartphone,4G,2026-06-11
SUB5561679,8.0,0.27,0.12,0.24,90.69,0,1,45-54,Postpaid_Basic,Mid_Range,5G,2026-07-06
SUB7976915,1.43,1.92,1.37,0.57,77.26,0,0,18-24,Prepaid_Daily,Premium_Smartphone,4G,2026-07-05
SUB7725311,0.8,0.61,0.9,0.41,85.36,0,1,18-24,Prepaid_Monthly,5G_Device,4G,2026-07-04
SUB8671388,0.08,0.65,0.34,0.03,99.76,0,0,18-24,Postpaid_Basic,5G_Device,4G+,2026-06-11
SUB6691357,0.9,1.2,4.0,0.05,100.8,0,0,18-24,Prepaid_Monthly,Premium_Smartphone,4G,2026-07-02
SUB8107936,0.73,1.99,0.45,0.71,123.21,0,0,45-54,Postpaid_Unlimited,Premium_Smartphone,5G,2026-06-28
SUB4017721,0.4,0.94,0.29,0.06,56.97,0,0,35-44,Postpaid_Premium,Mid_Range,4G,2026-07-01
SUB6638132,0.01,1.36,0.88,0.71,52.46,1,0,35-44,Postpaid_Basic,Tablet,3G,2026-06-13
SUB6653020,0.38,0.6,0.0,0.01,58.48,0,1,45-54,Prepaid_Monthly,Mid_Range,4G,2026-07-06
SUB8400236,0.82,0.45,0.17,0.07,26.73,0,0,18-24,Postpaid_Premium,Basic_Phone,4G+,2026-06-14
SUB8897164,1.01,0.17,0.07,0.02,109.51,0,0,55+,Prepaid_Daily,Tablet,4G+,2026-06-19
SUB5443131,0.41,0.45,0.02,0.13,53.51,0,0,55+,Prepaid_Daily,Mid_Range,4G,2026-06-11
SUB9633864,2.63,2.11,0.22,0.1,98.19,0,0,25-34,Prepaid_Daily,Premium_Smartphone,5G,2026-07-03
SUB7635543,1.3,0.4,1.64,0.11,84.58,0,0,18-24,Prepaid_Daily,Premium_Smartphone,4G,2026-06-28
SUB1410275,2.61,0.98,0.79,0.49,61.07,0,0,35-44,Postpaid_Basic,5G_Device,4G,2026-06-07
SUB8887372,0.57,0.29,0.13,0.15,27.4,0,0,25-34,Prepaid_Monthly,Mid_Range,4G,2026-06-20
SUB2829210,4.24,1.2,0.1,0.24,101.31,1,1,45-54,Postpaid_Premium,Premium_Smartphone,4G,2026-07-01
SUB1594091,0.33,2.05,0.11,0.07,39.76,0,0,18-24,Postpaid_Premium,Basic_Phone,5G,2026-06-07
SUB1071524,0.79,3.58,0.03,0.35,49.91,0,0,25-34,Postpaid_Basic,Mid_Range,4G,2026-06-28
SUB8040326,8.0,0.46,1.39,0.43,151.96,1,0,25-34,Prepaid_Monthly,5G_Device,5G,2026-06-21
SUB5785613,5.79,6.0,0.22,0.07,120.58,0,1,18-24,Postpaid_Unlimited,Premium_Smartphone,4G+,2026-06-12
SUB3832761,2.98,0.11,1.39,0.14,47.15,0,1,25-34,Postpaid_Premium,Mid_Range,3G,2026-06-23
SUB7573643,0.61,2.02,0.63,0.1,38.53,0,1,18-24,Prepaid_Monthly,Mid_Range,4G,2026-06-26
SUB3092195,0.24,0.33,0.46,0.1,38.22,0,0,25-34,Postpaid_Basic,Mid_Range,4G+,2026-06-16
SUB8342451,0.28,0.6,0.06,0.09,46.53,0,1,45-54,Prepaid_Daily,Premium_Smartphone,3G,2026-06-24
SUB1768976,0.84,0.61,0.06,0.95,11.47,0,0,25-34,Prepaid_Monthly,Basic_Phone,5G,2026-07-02
SUB5631004,4.59,2.09,1.06,0.86,96.94,1,0,45-54,Postpaid_Unlimited,Mid_Range,5G,2026-06-16
SUB2243517,7.51,1.19,0.2,0.47,33.86,0,0,18-24,Prepaid_Monthly,Mid_Range,3G,2026-06-11
SUB7145779,3.0,1.93,1.72,0.06,111.75,1,1,35-44,Postpaid_Premium,5G_Device,3G,2026-06-17
SUB5534945,0.87,0.15,0.23,0.1,61.02,0,0,55+,Prepaid_Monthly,Premium_Smartphone,4G,2026-06-10
SUB4283287,8.0,5.03,0.04,0.9,72.9,0,1,25-34,Postpaid_Unlimited,Premium_Smartphone,3G,2026-06-27
SUB4992852,0.82,1.14,0.37,0.0,53.41,0,1,55+,Prepaid_Monthly,Mid_Range,4G+,2026-07-06
SUB9306946,1.81,4.52,0.36,0.12,76.33,0,0,25-34,Prepaid_Monthly,Premium_Smartphone,4G,2026-06-20
SUB4137358,8.0,0.91,0.18,1.58,69.0,0,0,25-34,Postpaid_Basic,5G_Device,4G,2026-06-13
SUB6184975,0.28,0.97,0.25,0.37,86.26,0,0,45-54,Postpaid_Basic,Premium_Smartphone,4G,2026-06-26
SUB5542709,7.37,1.62,0.04,0.36,104.3,0,1,18-24,Postpaid_Basic,Mid_Range,5G,2026-06-15
SUB5385500,3.24,2.08,0.68,0.11,110.88,0,0,18-24,Postpaid_Basic,Tablet,5G,2026-07-06
SUB8784197,2.01,1.11,0.19,3.25,165.65,1,0,35-44,Prepaid_Monthly,Premium_Smartphone,5G,2026-06-18
SUB2762204,0.46,0.63,0.37,0.0,48.61,0,1,45-54,Prepaid_Monthly,Mid_Range,3G,2026-06-20
SUB4380795,6.93,0.99,0.18,0.01,101.71,0,0,45-54,Postpaid_Basic,Premium_Smartphone,5G,2026-06-13
SUB9076693,2.95,5.14,0.09,0.16,62.3,0,0,18-24,Postpaid_Premium,Mid_Range,4G+,2026-06-26
SUB5531536,0.32,0.17,0.03,0.1,56.02,1,1,55+,Prepaid_Monthly,Basic_Phone,5G,2026-06-21
SUB9298836,0.14,2.21,1.4,0.55,43.73,0,0,35-44,Postpaid_Premium,5G_Device,3G,2026-06-29
SUB6423666,0.46,0.7,0.01,0.09,73.33,0,0,55+,Postpaid_Unlimited,Mid_Range,4G+,2026-06-16
SUB8146423,1.49,1.24,0.58,0.08,67.87,0,1,25-34,Postpaid_Premium,5G_Device,3G,2026-06-12
SUB8405382,2.15,1.85,0.24,0.09,85.04,1,0,35-44,Prepaid_Daily,Tablet,4G,2026-06-16
SUB3278569,0.33,0.22,0.45,0.1,123.48,0,0,45-54,Postpaid_Basic,Premium_Smartphone,4G+,2026-06-16
SUB7532134,1.57,1.49,1.75,4.8,96.59,0,0,25-34,Prepaid_Monthly,Premium_Smartphone,5G,2026-06-29
SUB1343275,0.96,1.34,0.96,0.05,91.4,0,0,55+,Prepaid_Monthly,5G_Device,5G,2026-06-25
SUB7118225,0.09,5.77,2.37,0.2,99.94,1,0,25-34,Postpaid_Basic,Premium_Smartphone,4G+,2026-07-02
SUB8681122,0.44,5.98,0.92,0.7,56.05,0,0,25-34,Prepaid_Monthly,Mid_Range,5G,2026-06-22
SUB2225619,0.4,0.23,0.05,0.04,63.78,1,0,55+,Prepaid_Daily,5G_Device,3G,2026-06-20
SUB5328974,0.05,0.12,0.05,0.02,42.17,1,1,55+,Prepaid_Monthly,Basic_Phone,4G,2026-06-12
SUB4662667,0.46,0.8,0.18,0.08,58.93,0,0,25-34,Prepaid_Monthly,Mid_Range,4G,2026-06-22
SUB4756150,0.1,0.67,0.08,0.42,69.1,1,0,18-24,Prepaid_Monthly,Mid_Range,4G,2026-07-06
SUB3203092,0.44,0.13,0.3,0.0,108.57,1,0,45-54,Prepaid_Daily,5G_Device,4G,2026-06-29
SUB6171748,0.9,0.46,0.35,0.04,71.91,0,0,55+,Prepaid_Daily,5G_Device,4G+,2026-06-29
SUB3683525,0.52,0.57,0.3,1.29,72.52,1,0,35-44,Prepaid_Daily,Premium_Smartphone,4G,2026-06-14
SUB1456195,1.58,6.0,0.51,0.08,143.27,1,1,35-44,Postpaid_Unlimited,Mid_Range,5G,2026-06-21
SUB5512276,0.64,1.17,1.92,1.7,85.2,0,1,45-54,Postpaid_Premium,Mid_Range,4G+,2026-06-12
SUB2539998,0.08,6.0,0.61,2.22,173.35,1,0,18-24,Prepaid_Monthly,Premium_Smartphone,5G,2026-06-16
SUB4524756,0.65,0.61,0.03,0.11,58.9,1,0,55+,Postpaid_Unlimited,Mid_Range,3G,2026-06-25
SUB5973198,0.59,0.54,0.77,0.38,76.74,0,0,25-34,Prepaid_Monthly,Premium_Smartphone,4G+,2026-07-01
SUB2528362,1.25,2.26,0.3,0.29,44.27,1,0,35-44,Postpaid_Basic,Premium_Smartphone,3G,2026-06-24
SUB4701339,0.09,1.29,0.6,0.71,83.81,0,0,25-34,Prepaid_Daily,Premium_Smartphone,4G,2026-06-21
SUB1881037,2.62,0.08,2.15,0.03,52.36,1,0,25-34,Postpaid_Premium,Premium_Smartphone,3G,2026-07-01
SUB4626307,0.42,0.29,0.08,0.02,23.26,0,0,35-44,Prepaid_Daily,Basic_Phone,5G,2026-06-18
SUB9643155,1.14,0.86,0.27,0.06,148.45,0,0,55+,Prepaid_Daily,Premium_Smartphone,5G,2026-06-13
SUB7601568,0.36,0.07,0.0,0.04,20.14,0,0,35-44,Prepaid_Monthly,Basic_Phone,4G,2026-07-04
SUB3368403,1.75,4.84,0.12,1.03,51.62,1,0,45-54,Postpaid_Unlimited,Mid_Range,4G+,2026-06-09
SUB5650215,1.38,0.21,0.22,0.5,32.21,0,1,18-24,Prepaid_Daily,Mid_Range,3G,2026-06-22
SUB9223269,0.52,0.24,0.13,0.28,75.41,0,1,45-54,Prepaid_Monthly,Mid_Range,4G,2026-06-27
SUB8659150,0.95,0.48,0.02,0.21,31.92,1,1,25-34,Prepaid_Monthly,Basic_Phone,4G,2026-06-08
SUB9412054,0.88,0.93,0.14,0.09,38.45,0,0,18-24,Postpaid_Premium,Basic_Phone,5G,2026-06-07
SUB7024587,2.3,1.58,0.32,0.09,81.43,1,0,18-24,Prepaid_Monthly,Mid_Range,4G,2026-06-14
SUB9332715,0.08,0.12,0.28,0.07,56.73,0,0,35-44,Postpaid_Basic,Mid_Range,4G,2026-06-26
SUB3625263,0.03,0.09,0.02,0.03,30.26,1,1,55+,Prepaid_Monthly,Basic_Phone,4G,2026-06-07
SUB3241678,0.79,4.57,2.03,0.0,50.64,1,0,35-44,Postpaid_Basic,Mid_Range,4G,2026-06-23
SUB6122028,0.97,0.94,0.09,0.27,36.33,0,1,25-34,Prepaid_Daily,Premium_Smartphone,3G,2026-06-17
SUB9593770,2.81,0.94,0.02,0.2,97.82,1,1,18-24,Prepaid_Monthly,Premium_Smartphone,3G,2026-06-22
SUB3763049,3.27,1.77,0.03,0.96,68.71,0,1,25-34,Postpaid_Unlimited,Mid_Range,4G,2026-06-13
SUB3203087,0.61,1.88,1.7,1.01,117.24,1,0,18-24,Postpaid_Premium,Premium_Smartphone,5G,2026-06-21
SUB3952718,2.36,1.96,1.12,0.0,61.23,0,0,25-34,Postpaid_Unlimited,Premium_Smartphone,4G,2026-06-09
SUB5952297,0.13,0.63,0.38,1.16,49.73,0,0,35-44,Postpaid_Premium,5G_Device,4G,2026-07-04
SUB1376924,0.33,0.3,0.12,0.08,44.55,0,1,55+,Postpaid_Basic,Mid_Range,3G,2026-06-24
SUB1387688,8.0,1.92,0.39,0.82,80.33,0,0,25-34,Postpaid_Premium,Premium_Smartphone,4G,2026-07-05
SUB7094899,4.08,1.25,0.52,1.0,112.06,1,0,18-24,Postpaid_Premium,Premium_Smartphone,4G,2026-06-21
SUB3435016,0.74,0.58,0.08,0.03,53.56,0,1,45-54,Prepaid_Monthly,Premium_Smartphone,3G,2026-06-17
SUB2070648,0.43,0.14,0.6,0.13,59.55,0,1,35-44,Prepaid_Daily,Premium_Smartphone,3G,2026-06-22
SUB4890026,0.4,0.91,0.58,0.15,93.03,1,1,45-54,Prepaid_Monthly,Tablet,3G,2026-06-07
SUB5558708,1.92,0.51,1.57,0.4,74.5,0,0,18-24,Prepaid_Daily,5G_Device,5G,2026-06-21
SUB5593577,6.29,3.62,0.09,0.47,107.17,1,1,25-34,Prepaid_Monthly,Premium_Smartphone,4G,2026-07-04
SUB7322372,2.51,0.53,0.08,0.36,41.24,0,0,55+,Postpaid_Unlimited,Mid_Range,4G,2026-07-04
SUB9940164,3.73,4.64,0.67,0.33,45.45,0,1,18-24,Postpaid_Premium,5G_Device,3G,2026-06-12
SUB5188136,2.02,1.21,1.29,0.12,123.21,0,0,35-44,Postpaid_Basic,Premium_Smartphone,5G,2026-06-23
SUB5490741,1.06,2.56,0.05,0.42,96.57,0,1,18-24,Prepaid_Monthly,Tablet,4G,2026-06-16
SUB8347075,0.95,1.52,0.32,0.44,67.37,0,1,25-34,Prepaid_Monthly,Premium_Smartphone,3G,2026-06-22
SUB8249602,0.17,0.06,0.37,0.01,23.71,0,0,45-54,Postpaid_Basic,Basic_Phone,5G,2026-07-05
SUB8859498,1.97,0.55,0.25,0.39,59.59,0,0,25-34,Postpaid_Basic,Mid_Range,4G,2026-06-11
SUB3906868,1.04,1.29,0.65,0.36,108.41,0,0,45-54,Postpaid_Premium,Premium_Smartphone,5G,2026-07-01
SUB5058961,1.51,6.0,3.63,0.07,146.23,0,0,25-34,Postpaid_Unlimited,5G_Device,5G,2026-06-11
SUB4246532,0.58,0.18,0.02,0.26,73.94,0,0,55+,Prepaid_Monthly,5G_Device,4G+,2026-06-18
SUB5263304,1.44,6.0,0.01,0.03,145.5,0,0,25-34,Prepaid_Monthly,Tablet,5G,2026-07-06
SUB5125339,0.59,1.02,0.12,0.24,33.91,0,0,18-24,Prepaid_Monthly,Premium_Smartphone,3G,2026-06-24
SUB2900057,1.18,0.68,0.34,0.16,19.98,0,0,25-34,Prepaid_Monthly,Mid_Range,4G,2026-06-20
SUB1784514,0.77,2.82,1.18,0.24,95.21,1,0,35-44,Prepaid_Daily,Premium_Smartphone,4G,2026-06-14
SUB2919587,0.24,0.15,0.19,0.42,5.0,0,0,45-54,Postpaid_Unlimited,Basic_Phone,3G,2026-06-28
SUB7760510,0.96,0.86,1.12,0.43,81.89,0,0,25-34,Postpaid_Unlimited,Tablet,4G,2026-06-29
SUB6051702,2.86,0.56,2.49,0.57,76.54,0,0,35-44,Postpaid_Unlimited,5G_Device,4G,2026-06-14
SUB5639848,0.51,2.25,4.0,0.04,67.63,1,0,45-54,Postpaid_Unlimited,Tablet,4G,2026-07-04
SUB3866792,1.48,1.38,0.07,0.36,24.59,0,0,45-54,Postpaid_Unlimited,Mid_Range,3G,2026-06-20
SUB6834564,1.99,2.85,0.19,2.67,64.38,1,1,35-44,Postpaid_Unlimited,Basic_Phone,5G,2026-06-27
SUB5673794,0.03,0.32,0.0,0.8,124.9,0,0,45-54,Postpaid_Premium,Premium_Smartphone,4G+,2026-06-29
SUB3153883,0.1,0.21,0.38,0.14,48.91,0,0,35-44,Prepaid_Daily,Mid_Range,4G,2026-06-30
SUB8415042,0.63,1.2,0.04,0.23,62.09,1,0,18-24,Prepaid_Daily,Premium_Smartphone,3G,2026-07-04
SUB3346243,1.27,1.05,1.75,0.69,107.67,0,0,18-24,Prepaid_Daily,Premium_Smartphone,4G+,2026-07-01
SUB5265630,0.71,0.93,0.15,0.31,70.05,1,0,55+,Prepaid_Monthly,5G_Device,3G,2026-07-05
SUB9726458,1.52,1.76,0.33,0.47,62.47,0,0,18-24,Postpaid_Premium,Mid_Range,4G,2026-06-10
SUB4679020,4.86,3.37,0.4,0.06,103.79,1,0,25-34,Postpaid_Basic,5G_Device,4G,2026-06-11
SUB8455050,1.55,0.32,0.18,0.1,88.9,1,0,55+,Prepaid_Monthly,Premium_Smartphone,4G,2026-06-10
SUB1488968,0.35,0.69,0.23,0.07,91.69,1,0,18-24,Prepaid_Daily,Tablet,4G,2026-06-27
SUB5248949,0.81,0.05,0.43,0.01,46.02,0,0,45-54,Prepaid_Daily,Mid_Range,4G+,2026-06-17
SUB2580096,0.04,0.09,0.05,0.04,17.24,0,1,45-54,Prepaid_Monthly,Basic_Phone,4G,2026-06-15
SUB6821934,3.16,0.03,0.01,0.08,76.96,0,0,55+,Prepaid_Daily,5G_Device,4G+,2026-06-17
SUB2693465,1.28,1.97,0.5,1.25,56.19,1,1,25-34,Prepaid_Daily,Mid_Range,4G,2026-06-27
SUB5275892,0.47,1.0,0.37,0.12,69.18,0,0,25-34,Prepaid_Monthly,Mid_Range,5G,2026-06-09
SUB8976726,0.25,0.06,0.22,0.09,88.62,0,0,55+,Postpaid_Basic,5G_Device,4G,2026-06-16
SUB3107719,0.8,1.62,0.31,0.3,45.58,0,0,18-24,Prepaid_Daily,Mid_Range,4G,2026-07-01
SUB8602495,8.0,1.41,0.23,0.08,24.95,0,0,25-34,Postpaid_Premium,Mid_Range,3G,2026-06-19
SUB8430037,0.14,0.24,0.03,0.01,35.24,0,0,35-44,Prepaid_Monthly,Basic_Phone,4G+,2026-06-18
SUB6990266,1.38,1.55,1.44,0.02,120.95,1,0,25-34,Prepaid_Daily,Mid_Range,5G,2026-06-27
SUB1699438,0.71,0.48,0.04,0.0,106.53,1,0,55+,Postpaid_Basic,Premium_Smartphone,4G,2026-06-12
SUB6069398,0.99,0.38,0.4,1.61,38.74,1,0,35-44,Prepaid_Monthly,Mid_Range,4G,2026-06-12
SUB4691316,0.98,0.38,0.79,0.01,85.6,0,0,18-24,Prepaid_Daily,Premium_Smartphone,5G,2026-06-23
SUB8153588,8.0,4.29,1.0,0.42,82.04,0,0,18-24,Postpaid_Unlimited,Premium_Smartphone,4G+,2026-06-21
SUB5192896,3.94,6.0,0.54,1.74,122.86,1,0,18-24,Postpaid_Basic,5G_Device,5G,2026-06-30
SUB6687041,0.03,2.7,0.5,0.73,41.04,0,0,18-24,Postpaid_Basic,Mid_Range,4G,2026-06-07
SUB3677049,1.6,1.06,1.22,0.0,38.16,0,1,35-44,Postpaid_Unlimited,5G_Device,3G,2026-06-07
SUB3288786,0.57,5.05,0.89,1.24,50.88,0,0,18-24,Postpaid_Unlimited,5G_Device,3G,2026-06-30
SUB5986439,0.17,0.79,0.07,0.16,42.66,0,0,25-34,Prepaid_Monthly,Premium_Smartphone,3G,2026-06-29
SUB3845157,1.6,0.18,0.2,0.71,35.82,0,0,55+,Postpaid_Premium,Mid_Range,4G,2026-06-10
SUB6568139,0.79,0.59,0.32,0.37,81.57,1,0,35-44,Postpaid_Premium,Mid_Range,4G,2026-06-10
SUB6220761,0.14,2.11,0.06,0.31,37.1,0,1,25-34,Prepaid_Daily,Basic_Phone,4G,2026-06-17
SUB1219162,0.32,0.39,0.04,0.3,119.05,1,1,55+,Postpaid_Premium,Premium_Smartphone,4G+,2026-06-16
SUB5053492,0.67,0.82,0.46,0.27,68.83,0,0,18-24,Prepaid_Daily,Mid_Range,4G+,2026-06-19
SUB3841852,0.75,0.79,1.39,0.76,98.31,0,0,55+,Postpaid_Basic,5G_Device,4G,2026-07-04
SUB4313723,1.41,0.47,0.71,0.08,54.01,0,0,35-44,Postpaid_Premium,Tablet,3G,2026-06-25
SUB2340522,0.72,0.18,0.39,0.18,32.33,0,1,35-44,Prepaid_Monthly,Mid_Range,3G,2026-06-19
SUB2401051,1.03,3.25,1.25,0.91,43.05,0,0,45-54,Postpaid_Unlimited,Mid_Range,4G+,2026-06-21
SUB8269122,2.8,6.0,0.58,2.55,71.11,0,0,25-34,Postpaid_Premium,5G_Device,4G,2026-06-08
SUB4270514,2.49,3.44,3.1,0.6,181.48,1,1,45-54,Postpaid_Unlimited,Premium_Smartphone,4G,2026-07-02
SUB4738163,1.09,0.62,0.12,0.1,65.45,0,0,45-54,Prepaid_Monthly,Premium_Smartphone,3G,2026-06-17
SUB9934971,2.8,0.59,1.03,0.17,75.55,0,1,25-34,Prepaid_Daily,Premium_Smartphone,4G,2026-07-02
SUB8349336,0.91,1.38,0.15,1.04,79.59,1,0,25-34,Postpaid_Premium,Mid_Range,4G,2026-06-19
SUB8722905,0.73,0.81,0.05,0.04,59.68,0,0,45-54,Prepaid_Monthly,Tablet,4G,2026-06-20
SUB4462087,2.05,0.81,4.0,1.75,172.1,0,1,25-34,Postpaid_Basic,5G_Device,5G,2026-07-05
SUB8745769,1.7,0.38,0.01,0.14,44.18,0,0,45-54,Postpaid_Premium,Mid_Range,4G,2026-06-07
SUB1286172,7.39,1.26,0.2,0.76,56.18,0,1,35-44,Prepaid_Monthly,Mid_Range,4G,2026-06-14
SUB9082668,1.06,0.47,0.58,0.06,91.97,0,1,35-44,Prepaid_Monthly,5G_Device,4G,2026-06-29
SUB1561133,4.03,5.07,1.03,1.13,77.17,1,1,18-24,Prepaid_Monthly,Premium_Smartphone,3G,2026-07-06
SUB7116130,1.18,0.59,0.27,0.24,31.48,1,0,25-34,Prepaid_Monthly,Basic_Phone,4G,2026-06-12
SUB2649258,1.62,1.62,0.49,0.29,47.26,0,1,25-34,Postpaid_Basic,Mid_Range,3G,2026-06-19
SUB5369535,0.05,0.23,0.03,0.02,5.0,0,0,35-44,Prepaid_Daily,Basic_Phone,4G,2026-06-07
SUB8420754,0.46,1.27,0.84,0.19,80.4,0,0,35-44,Prepaid_Monthly,Tablet,5G,2026-06-17
SUB5159962,1.89,4.78,3.39,0.08,63.01,0,0,35-44,Postpaid_Premium,Premium_Smartphone,4G,2026-06-25
SUB5481678,0.63,5.51,1.2,0.36,98.11,1,1,35-44,Prepaid_Monthly,Premium_Smartphone,4G,2026-07-02
SUB2665418,0.94,0.51,1.26,0.45,65.09,0,0,45-54,Postpaid_Basic,Tablet,4G+,2026-07-02
SUB1695519,0.23,1.77,0.17,0.44,147.52,0,0,25-34,Prepaid_Monthly,Premium_Smartphone,5G,2026-07-01
SUB9629348,1.51,2.68,0.01,1.18,133.89,1,1,35-44,Postpaid_Basic,Premium_Smartphone,4G+,2026-07-05
SUB5449720,0.62,1.66,0.23,5.55,132.49,1,1,18-24,Postpaid_Unlimited,Tablet,4G,2026-06-20
SUB2310704,0.02,0.4,0.51,0.36,28.71,0,0,25-34,Postpaid_Basic,Mid_Range,4G,2026-06-20
SUB6641335,3.53,1.83,0.94,0.58,126.55,1,0,25-34,Postpaid_Basic,Tablet,4G,2026-06-14
SUB7121263,0.73,6.0,0.76,1.5,75.33,1,0,25-34,Prepaid_Daily,Mid_Range,5G,2026-06-22
SUB6555910,0.9,1.29,1.11,2.67,93.59,0,0,25-34,Prepaid_Monthly,Premium_Smartphone,4G,2026-07-06
SUB7396153,3.4,6.0,0.28,0.21,51.94,0,0,18-24,Postpaid_Unlimited,Mid_Range,4G,2026-06-22
SUB8048586,4.52,6.0,0.58,2.85,164.41,1,0,25-34,Postpaid_Premium,Tablet,5G,2026-07-06
SUB6221995,0.51,0.44,0.03,1.95,85.27,0,0,55+,Postpaid_Basic,Premium_Smartphone,5G,2026-06-24
SUB8846989,0.95,0.37,0.37,1.49,26.06,0,0,25-34,Postpaid_Unlimited,Basic_Phone,4G+,2026-06-30
SUB2587361,1.24,0.14,0.14,0.22,61.75,1,0,35-44,Prepaid_Daily,Mid_Range,4G+,2026-06-23
SUB9646079,3.43,0.6,0.44,0.11,81.75,0,0,25-34,Postpaid_Premium,Mid_Range,5G,2026-06-10
SUB2763190,4.64,0.54,0.33,0.02,99.68,0,0,25-34,Prepaid_Monthly,Premium_Smartphone,4G,2026-06-25
SUB2157593,2.04,2.1,1.13,0.86,75.7,0,0,18-24,Postpaid_Basic,Premium_Smartphone,4G,2026-06-13
SUB1855817,1.95,2.6,0.42,0.38,81.27,0,1,18-24,Prepaid_Daily,5G_Device,4G,2026-06-27
SUB7509676,8.0,1.32,0.5,0.68,99.34,1,0,45-54,Postpaid_Unlimited,5G_Device,4G,2026-07-04
SUB4250881,2.7,3.25,0.1,0.29,66.14,0,0,25-34,Postpaid_Premium,Premium_Smartphone,4G,2026-06-18
SUB1558114,1.05,2.2,0.87,0.0,119.06,0,1,18-24,Prepaid_Monthly,Premium_Smartphone,4G,2026-07-03
SUB5828626,1.51,0.27,0.06,0.22,58.2,1,0,25-34,Postpaid_Basic,Mid_Range,4G,2026-06-16
SUB9320901,5.98,4.66,1.26,0.35,79.13,0,0,35-44,Postpaid_Premium,Tablet,4G+,2026-06-27
SUB2657106,0.31,0.38,0.19,0.22,22.38,1,0,35-44,Prepaid_Monthly,Basic_Phone,4G+,2026-07-05
SUB2958074,6.0,0.66,1.2,0.62,79.83,0,0,25-34,Prepaid_Daily,Mid_Range,5G,2026-06-28
SUB2622964,1.34,0.4,0.54,0.33,65.66,1,0,25-34,Prepaid_Monthly,Premium_Smartphone,4G,2026-06-27
SUB9085491,3.32,1.26,0.13,0.1,115.38,0,0,25-34,Prepaid_Daily,5G_Device,4G+,2026-06-21
SUB7154482,2.86,0.43,0.87,1.65,132.9,1,0,18-24,Postpaid_Basic,Premium_Smartphone,4G,2026-06-16
SUB1358349,1.13,3.71,0.19,6.0,127.81,1,0,25-34,Prepaid_Monthly,5G_Device,4G,2026-06-12
SUB2061385,1.6,2.84,0.03,0.33,75.13,1,0,35-44,Postpaid_Basic,Mid_Range,4G+,2026-06-26
SUB6831618,0.94,1.03,1.53,0.05,88.13,0,0,35-44,Postpaid_Basic,Premium_Smartphone,4G,2026-06-27
SUB8303950,1.92,1.35,0.5,3.4,141.06,1,1,35-44,Postpaid_Unlimited,Mid_Range,4G+,2026-07-01
SUB7102102,0.82,3.02,0.57,0.77,98.09,0,0,35-44,Postpaid_Premium,5G_Device,4G,2026-06-29
SUB9741073,0.73,1.31,0.8,1.02,79.56,0,0,25-34,Postpaid_Basic,Mid_Range,4G+,2026-06-25
SUB5763090,6.9,0.62,0.22,0.93,103.0,0,1,25-34,Prepaid_Monthly,Premium_Smartphone,4G,2026-06-11
SUB8980571,0.25,0.14,0.04,0.06,18.83,1,0,25-34,Prepaid_Daily,Basic_Phone,4G,2026-06-14
SUB4096750,0.22,0.47,0.08,0.17,47.52,0,0,35-44,Prepaid_Daily,Mid_Range,4G,2026-06-19
SUB7682115,0.32,0.43,0.13,0.36,20.48,0,1,18-24,Postpaid_Premium,Basic_Phone,4G,2026-07-01
SUB7354054,0.35,0.5,0.03,0.21,29.35,0,0,55+,Prepaid_Monthly,Mid_Range,4G,2026-06-28
SUB6517263,1.3,2.2,0.27,0.07,50.41,1,0,25-34,Prepaid_Monthly,Mid_Range,4G,2026-06-07
SUB1818706,5.08,3.39,0.19,1.76,57.25,1,0,25-34,Postpaid_Unlimited,Mid_Range,4G,2026-06-13
SUB2734802,2.79,1.08,0.02,0.83,79.51,1,0,35-44,Postpaid_Basic,Mid_Range,4G+,2026-07-02
SUB9837718,0.85,0.14,0.31,0.36,43.11,0,0,18-24,Postpaid_Unlimited,Mid_Range,4G,2026-06-15
SUB7137875,0.59,3.84,0.32,0.18,44.62,1,0,25-34,Postpaid_Unlimited,Mid_Range,4G,2026-06-29
SUB2774474,0.34,0.77,0.12,0.1,74.65,0,0,25-34,Prepaid_Daily,Mid_Range,5G,2026-06-21
SUB4212174,2.26,6.0,4.0,0.09,62.07,0,0,18-24,Postpaid_Unlimited,Premium_Smartphone,4G,2026-06-16
SUB1553360,0.15,0.89,0.01,0.03,66.12,1,0,45-54,Prepaid_Daily,5G_Device,3G,2026-07-06
SUB5228021,1.59,0.75,1.18,0.43,69.75,0,0,45-54,Postpaid_Unlimited,Premium_Smartphone,4G,2026-06-12
SUB1384533,0.74,0.25,0.61,0.1,47.46,0,0,18-24,Postpaid_Basic,Mid_Range,4G,2026-06-12
SUB5303829,4.34,6.0,0.3,1.51,138.45,0,0,25-34,Postpaid_Premium,Premium_Smartphone,5G,2026-06-23
SUB4602294,3.05,1.96,0.42,1.06,51.16,0,0,18-24,Postpaid_Premium,Mid_Range,4G,2026-06-07
SUB2261668,0.8,0.37,0.43,0.25,64.06,0,0,45-54,Postpaid_Basic,5G_Device,4G+,2026-06-30
SUB4150374,6.38,1.78,0.13,0.31,83.81,1,0,25-34,Postpaid_Basic,Mid_Range,5G,2026-06-08
SUB3399009,0.54,6.0,0.2,0.89,122.86,0,0,25-34,Postpaid_Unlimited,Premium_Smartphone,5G,2026-06-30
SUB2378656,2.14,3.8,1.89,0.17,106.61,0,0,25-34,Postpaid_Unlimited,Premium_Smartphone,4G+,2026-06-17
SUB5478633,0.67,3.19,1.18,0.01,86.33,1,1,25-34,Postpaid_Premium,Tablet,3G,2026-06-20
SUB9735015,1.34,3.38,4.0,0.07,101.6,1,0,35-44,Postpaid_Premium,Mid_Range,5G,2026-07-01
SUB8045472,5.86,0.99,0.06,0.08,133.72,1,0,35-44,Prepaid_Monthly,5G_Device,5G,2026-07-06
SUB9965003,1.66,3.92,0.07,0.19,31.48,0,0,25-34,Postpaid_Premium,Premium_Smartphone,3G,2026-06-25
SUB1769153,1.59,1.8,0.68,0.0,100.77,0,0,35-44,Postpaid_Basic,Tablet,5G,2026-06-16
SUB2508346,0.7,0.9,0.17,0.05,120.18,0,0,25-34,Postpaid_Premium,Premium_Smartphone,4G+,2026-06-17
SUB1803995,2.84,0.62,0.54,0.13,69.58,0,0,18-24,Postpaid_Premium,Premium_Smartphone,4G,2026-07-05
SUB9666453,2.04,0.2,0.05,1.32,111.74,0,1,18-24,Prepaid_Monthly,Premium_Smartphone,4G,2026-06-21
SUB2248720,0.6,0.87,1.27,0.34,96.93,0,0,25-34,Prepaid_Daily,5G_Device,4G,2026-06-12
SUB6160025,1.35,0.49,1.11,0.27,103.53,0,0,35-44,Prepaid_Daily,Premium_Smartphone,5G,2026-06-26
SUB9302146,2.08,0.27,0.05,0.23,67.41,0,1,55+,Postpaid_Basic,Premium_Smartphone,4G,2026-06-22
SUB3836934,8.0,1.12,0.94,0.55,168.93,0,1,18-24,Prepaid_Monthly,Premium_Smartphone,5G,2026-06-19
SUB7944075,1.48,1.21,0.71,0.18,62.46,0,1,25-34,Postpaid_Basic,Mid_Range,4G,2026-06-12
SUB2087241,2.67,2.16,0.87,0.3,99.58,1,0,18-24,Prepaid_Daily,5G_Device,4G,2026-06-19
SUB4929301,0.79,0.49,0.23,0.51,53.2,0,0,45-54,Prepaid_Monthly,Mid_Range,5G,2026-06-28
SUB3210980,0.96,0.23,0.22,0.03,56.21,0,0,45-54,Prepaid_Monthly,Mid_Range,5G,2026-06-26
SUB8997018,3.48,2.32,0.21,1.05,149.09,0,1,18-24,Prepaid_Monthly,Premium_Smartphone,5G,2026-06-22
SUB2139391,2.59,0.93,0.13,0.34,167.51,1,0,35-44,Prepaid_Daily,Premium_Smartphone,4G+,2026-06-26
SUB6970653,0.85,1.04,0.66,0.03,80.42,0,1,35-44,Postpaid_Premium,Mid_Range,4G,2026-06-29
SUB4970471,0.68,3.91,4.0,0.09,82.33,1,0,18-24,Prepaid_Daily,Premium_Smartphone,4G,2026-06-11
SUB5226660,0.59,0.58,0.33,0.25,78.73,0,0,25-34,Prepaid_Daily,5G_Device,4G,2026-07-06
SUB6508833,0.62,6.0,1.34,0.04,77.69,1,0,35-44,Postpaid_Unlimited,Mid_Range,4G+,2026-06-17
SUB2869883,1.27,0.72,0.38,0.38,140.72,0,1,18-24,Prepaid_Daily,Premium_Smartphone,5G,2026-06-25
SUB1271609,5.79,4.35,0.5,0.03,74.27,1,0,25-34,Postpaid_Premium,5G_Device,4G,2026-06-15
SUB4867183,0.57,0.63,0.24,1.93,27.91,0,0,18-24,Postpaid_Unlimited,Mid_Range,4G,2026-06-13
SUB4481716,1.39,2.39,1.29,0.5,186.1,1,0,25-34,Postpaid_Basic,Premium_Smartphone,5G,2026-06-27
SUB3293474,0.26,0.04,0.01,0.06,18.66,0,0,45-54,Postpaid_Basic,Basic_Phone,4G,2026-07-01
SUB7337479,3.52,1.41,0.06,0.8,94.24,1,1,25-34,Prepaid_Monthly,5G_Device,3G,2026-06-18
SUB6868518,4.04,1.67,0.48,0.78,104.7,1,0,18-24,Prepaid_Monthly,5G_Device,4G,2026-06-10
SUB9566304,0.75,2.04,0.44,0.32,58.12,0,0,18-24,Postpaid_Basic,Premium_Smartphone,3G,2026-07-03
SUB2589291,0.83,1.29,0.41,0.42,67.51,0,0,35-44,Prepaid_Daily,Mid_Range,5G,2026-07-06
SUB1426492,0.61,5.16,0.11,0.87,74.18,0,1,25-34,Prepaid_Monthly,Premium_Smartphone,4G,2026-07-02
SUB3955227,1.79,2.11,0.0,0.05,124.67,0,0,35-44,Postpaid_Premium,Premium_Smartphone,5G,2026-06-12
SUB3307236,0.91,1.47,0.17,0.12,116.91,0,1,18-24,Prepaid_Daily,5G_Device,4G,2026-06-26
SUB4224400,0.37,0.04,0.16,0.39,20.01,0,0,45-54,Postpaid_Premium,Mid_Range,3G,2026-06-30
SUB7613889,0.55,0.56,0.05,0.19,24.88,0,0,45-54,Postpaid_Premium,Basic_Phone,4G,2026-06-19
SUB6653278,0.26,0.22,0.27,0.26,48.63,1,0,45-54,Prepaid_Daily,Mid_Range,4G,2026-06-24
SUB1463723,0.07,0.71,0.56,0.06,38.54,0,0,25-34,Prepaid_Daily,Mid_Range,4G,2026-06-09
SUB8784160,1.11,0.8,0.39,0.37,69.47,1,1,35-44,Prepaid_Monthly,Mid_Range,4G,2026-07-04
SUB6138717,1.28,6.0,1.22,0.03,166.28,1,1,25-34,Postpaid_Premium,Tablet,4G+,2026-06-23
SUB1686763,0.77,3.01,0.39,0.76,111.2,1,1,45-54,Prepaid_Monthly,Mid_Range,4G+,2026-06-08
SUB8585291,0.06,1.41,0.36,4.74,99.42,0,0,18-24,Postpaid_Premium,Premium_Smartphone,5G,2026-07-05
SUB7301816,0.91,1.94,0.02,0.73,62.48,0,0,45-54,Postpaid_Premium,Premium_Smartphone,4G,2026-06-18
SUB8099312,8.0,2.63,0.47,0.01,147.99,1,0,25-34,Postpaid_Premium,Premium_Smartphone,5G,2026-06-09
SUB3145943,0.08,0.18,0.0,0.66,76.58,1,0,45-54,Prepaid_Daily,5G_Device,3G,2026-06-15
SUB5590585,4.38,0.5,0.2,0.4,65.09,0,1,35-44,Postpaid_Basic,Premium_Smartphone,3G,2026-06-10
SUB2323020,0.41,0.89,0.21,0.03,57.5,0,1,25-34,Prepaid_Daily,Mid_Range,5G,2026-06-12
SUB3654810,0.47,0.11,0.02,0.04,52.92,0,0,55+,Prepaid_Daily,Mid_Range,4G,2026-06-08
SUB5919495,1.06,2.7,1.05,1.12,76.35,0,0,25-34,Prepaid_Monthly,5G_Device,4G,2026-07-02
SUB8367241,0.17,2.26,0.12,0.0,200.0,1,1,55+,Postpaid_Premium,Tablet,5G,2026-07-01
SUB9890111,0.12,0.59,0.06,0.25,36.91,0,0,45-54,Postpaid_Unlimited,Mid_Range,3G,2026-06-24
SUB5477375,0.73,0.06,0.0,0.01,93.28,0,0,55+,Prepaid_Monthly,Premium_Smartphone,4G,2026-07-05
SUB4704595,4.18,1.23,0.36,0.9,105.8,0,0,18-24,Postpaid_Basic,Premium_Smartphone,5G,2026-07-04
SUB2844040,0.7,0.96,2.09,0.91,93.05,0,0,25-34,Prepaid_Monthly,Premium_Smartphone,4G,2026-07-04
SUB7908998,4.19,1.53,4.0,0.4,111.62,0,1,35-44,Postpaid_Premium,Tablet,5G,2026-06-23
SUB1864845,0.38,0.87,0.12,0.35,68.37,1,1,55+,Prepaid_Monthly,Mid_Range,4G,2026-07-02
SUB3006811,2.8,2.52,0.92,4.77,79.36,0,0,18-24,Postpaid_Basic,Premium_Smartphone,4G,2026-06-30
SUB8977848,0.93,0.87,0.17,2.57,84.45,0,1,18-24,Postpaid_Basic,Mid_Range,4G+,2026-06-14
SUB2434636,0.37,1.15,1.26,0.08,60.97,0,0,25-34,Postpaid_Premium,Premium_Smartphone,4G,2026-06-25
SUB4908308,0.32,0.2,0.07,0.49,35.86,0,0,45-54,Prepaid_Daily,Mid_Range,4G,2026-06-25
SUB8332827,0.19,0.94,0.83,0.23,125.05,1,0,45-54,Postpaid_Basic,Premium_Smartphone,4G,2026-06-19
SUB1705314,2.22,1.97,0.0,0.18,69.49,1,0,25-34,Prepaid_Monthly,Mid_Range,4G,2026-06-18
SUB4394070,0.4,0.25,0.01,0.18,75.61,0,0,18-24,Prepaid_Daily,Premium_Smartphone,3G,2026-06-17
SUB4889453,0.3,0.95,0.5,0.05,82.04,0,0,35-44,Prepaid_Monthly,Premium_Smartphone,4G,2026-06-16
SUB4957874,1.56,0.77,0.15,0.02,13.6,0,0,18-24,Postpaid_Unlimited,Basic_Phone,4G,2026-06-17
SUB4578687,1.91,0.97,0.4,2.59,37.56,0,0,35-44,Postpaid_Unlimited,Mid_Range,4G,2026-06-12
SUB2182200,1.8,2.18,0.35,0.01,121.51,0,0,25-34,Prepaid_Daily,Premium_Smartphone,4G+,2026-06-11
SUB5775219,1.01,0.75,0.04,0.65,61.96,0,1,35-44,Postpaid_Premium,Basic_Phone,5G,2026-06-20
SUB2093956,0.09,1.27,0.31,0.27,149.15,1,1,45-54,Postpaid_Basic,Premium_Smartphone,4G,2026-06-17
SUB9063736,6.13,2.23,0.42,1.49,64.73,0,0,25-34,Postpaid_Unlimited,5G_Device,4G,2026-06-18
SUB4648338,0.79,2.21,0.1,0.01,52.55,0,0,25-34,Postpaid_Unlimited,Mid_Range,4G+,2026-06-15
SUB2431041,0.58,0.91,0.37,0.29,64.2,0,0,45-54,Postpaid_Basic,Premium_Smartphone,3G,2026-06-07
SUB8859371,1.14,1.18,0.05,0.27,56.57,0,0,25-34,Prepaid_Daily,Premium_Smartphone,3G,2026-06-10
SUB6025764,2.17,0.36,0.08,0.0,62.05,0,0,45-54,Postpaid_Basic,Mid_Range,4G,2026-06-16
SUB7962111,3.16,0.78,0.81,0.12,54.22,0,0,18-24,Postpaid_Premium,Mid_Range,4G+,2026-06-28
SUB7142453,0.82,0.82,0.01,0.01,92.3,0,0,45-54,Postpaid_Unlimited,Tablet,4G,2026-06-27
SUB8289165,1.86,1.79,0.43,0.61,96.57,0,0,18-24,Prepaid_Monthly,Premium_Smartphone,4G,2026-06-27
SUB1272667,1.1,2.64,2.37,0.62,115.49,1,0,18-24,Postpaid_Premium,Mid_Range,5G,2026-06-08
SUB4453402,0.16,6.0,2.86,0.81,131.14,0,1,25-34,Postpaid_Premium,Premium_Smartphone,4G+,2026-06-28
SUB9123445,0.55,1.22,0.14,0.07,141.28,1,0,55+,Prepaid_Daily,Premium_Smartphone,5G,2026-06-11
SUB1112035,0.03,0.08,0.12,0.2,94.36,0,0,55+,Postpaid_Basic,5G_Device,4G,2026-06-13
SUB6698238,0.17,1.63,0.68,0.27,121.33,0,1,18-24,Prepaid_Daily,Tablet,4G+,2026-06-11
SUB1340526,0.27,0.17,0.11,0.22,6.54,0,0,18-24,Postpaid_Premium,Basic_Phone,3G,2026-07-04
SUB2216733,2.08,6.0,0.65,0.49,120.52,0,0,25-34,Postpaid_Basic,Premium_Smartphone,5G,2026-06-11
SUB6687453,3.01,1.92,1.59,1.02,65.63,0,0,25-34,Postpaid_Unlimited,Tablet,4G,2026-06-24
SUB1865144,1.18,3.93,0.53,1.28,139.63,0,0,45-54,Postpaid_Unlimited,Premium_Smartphone,5G,2026-06-27
SUB2418137,1.08,3.34,0.09,0.04,95.26,0,1,25-34,Prepaid_Daily,Premium_Smartphone,4G,2026-06-14
SUB3307306,0.18,1.21,0.08,0.1,70.61,1,0,45-54,Prepaid_Daily,Mid_Range,4G,2026-07-04
SUB1522797,0.14,0.16,0.02,0.04,40.17,0,0,35-44,Postpaid_Premium,Mid_Range,3G,2026-06-28
SUB6868590,8.0,6.0,0.58,2.12,94.25,1,0,35-44,Postpaid_Premium,Premium_Smartphone,4G,2026-06-13
SUB4497172,0.95,0.66,1.1,0.29,110.51,1,0,45-54,Postpaid_Premium,Tablet,5G,2026-06-07
SUB7560230,0.67,0.49,0.21,0.37,24.51,1,0,18-24,Prepaid_Monthly,Basic_Phone,5G,2026-06-19
SUB7652469,2.16,0.76,0.38,0.83,52.79,0,0,18-24,Postpaid_Premium,Mid_Range,4G+,2026-06-08
SUB9142165,1.84,1.27,0.11,0.51,72.7,0,0,45-54,Prepaid_Monthly,5G_Device,3G,2026-06-16
SUB6388811,1.13,0.8,0.16,0.25,23.97,0,0,18-24,Prepaid_Monthly,Mid_Range,3G,2026-06-14
SUB1414399,1.69,0.89,0.24,2.64,116.69,0,0,18-24,Prepaid_Daily,Premium_Smartphone,4G+,2026-06-10
SUB8175173,1.18,0.97,0.0,0.44,89.58,0,1,55+,Postpaid_Unlimited,Mid_Range,5G,2026-06-21
SUB6884724,0.89,1.55,0.13,0.04,40.31,0,0,35-44,Postpaid_Basic,Mid_Range,4G,2026-07-03
SUB5449113,3.25,1.39,0.83,1.15,46.02,0,0,25-34,Postpaid_Unlimited,Mid_Range,4G,2026-06-13
SUB8251204,0.63,4.82,0.77,0.07,61.54,0,0,35-44,Postpaid_Premium,Mid_Range,4G,2026-06-25
SUB1729672,0.5,0.69,0.63,0.68,53.09,0,0,25-34,Prepaid_Daily,Premium_Smartphone,4G,2026-06-12
SUB6257901,0.3,1.63,0.21,0.16,43.94,0,0,55+,Postpaid_Basic,Mid_Range,4G,2026-06-10
SUB9837389,0.46,0.95,0.01,1.39,98.33,1,0,18-24,Prepaid_Daily,Premium_Smartphone,5G,2026-07-02
SUB2147417,1.74,2.47,0.13,0.85,54.44,0,1,35-44,Postpaid_Basic,Mid_Range,4G,2026-06-26
SUB1160786,0.29,0.3,0.05,0.06,47.48,0,1,45-54,Prepaid_Monthly,Mid_Range,3G,2026-07-06
SUB3075414,0.78,2.41,1.47,0.46,106.37,0,0,25-34,Postpaid_Basic,Tablet,5G,2026-06-18
SUB8598498,1.59,0.99,0.51,0.35,96.02,1,1,45-54,Postpaid_Basic,Mid_Range,4G+,2026-06-23
SUB6722078,0.15,0.35,0.01,0.02,58.3,0,0,55+,Prepaid_Monthly,Mid_Range,5G,2026-07-02
SUB8883060,0.15,0.13,0.13,0.1,12.38,0,0,35-44,Prepaid_Daily,Basic_Phone,4G,2026-06-19
SUB2314530,0.7,0.71,0.51,0.17,37.09,0,1,25-34,Prepaid_Monthly,Mid_Range,4G,2026-06-10
SUB1910175,4.26,2.11,0.33,1.18,124.08,1,0,35-44,Postpaid_Unlimited,5G_Device,5G,2026-06-12
SUB8225529,1.06,0.38,0.47,0.01,104.69,1,0,55+,Prepaid_Monthly,Premium_Smartphone,4G,2026-06-26
SUB6501188,6.17,3.62,0.43,0.14,113.63,0,0,25-34,Postpaid_Premium,Premium_Smartphone,5G,2026-07-02
SUB7056095,1.61,0.5,0.02,0.26,97.39,1,1,35-44,Prepaid_Daily,Premium_Smartphone,3G,2026-06-23
SUB1121701,1.66,0.43,0.09,0.15,53.91,0,0,25-34,Prepaid_Monthly,Mid_Range,5G,2026-06-07
SUB8680223,0.38,2.9,0.16,0.03,53.91,1,1,18-24,Postpaid_Basic,Mid_Range,4G,2026-06-14
SUB4941631,0.66,6.0,0.24,0.37,69.67,1,1,18-24,Postpaid_Premium,Premium_Smartphone,3G,2026-07-05
SUB6174895,0.78,0.62,0.08,0.63,115.04,1,0,55+,Postpaid_Basic,Premium_Smartphone,4G,2026-07-05
SUB2064641,3.51,1.06,0.58,1.0,95.28,0,0,35-44,Postpaid_Basic,Premium_Smartphone,5G,2026-06-19
SUB2433043,0.98,0.82,0.2,1.44,54.99,0,0,18-24,Postpaid_Premium,Mid_Range,4G,2026-07-06
SUB7637056,0.65,0.17,0.04,0.0,18.71,0,0,45-54,Prepaid_Monthly,Mid_Range,3G,2026-06-09
SUB7789177,2.67,1.85,0.56,1.46,94.72,0,0,25-34,Prepaid_Daily,5G_Device,5G,2026-07-06
SUB1248924,0.9,0.21,0.21,0.11,38.45,0,0,45-54,Prepaid_Monthly,Mid_Range,4G,2026-06-27
SUB9145618,2.18,1.27,0.23,0.07,92.77,0,0,18-24,Prepaid_Daily,Premium_Smartphone,4G+,2026-06-12
SUB3090923,0.99,0.34,0.65,0.22,82.66,0,0,55+,Postpaid_Unlimited,Mid_Range,4G+,2026-06-27
SUB2940711,0.8,2.6,0.26,0.08,90.85,0,0,35-44,Postpaid_Basic,5G_Device,4G,2026-07-05
SUB2363307,0.46,0.3,0.18,0.05,115.76,0,1,35-44,Prepaid_Monthly,Tablet,4G,2026-06-24
SUB6925237,1.5,1.19,1.02,6.0,87.35,1,0,18-24,Postpaid_Unlimited,Premium_Smartphone,3G,2026-06-18
SUB7498391,7.56,4.0,0.45,0.47,163.42,1,1,25-34,Postpaid_Unlimited,Premium_Smartphone,5G,2026-06-10
SUB4218451,1.65,2.82,0.0,0.41,66.09,0,0,25-34,Prepaid_Monthly,5G_Device,4G+,2026-06-07
SUB4372021,0.24,0.6,0.02,0.1,135.02,0,0,55+,Postpaid_Unlimited,Premium_Smartphone,5G,2026-06-25
SUB1190477,0.22,1.74,0.55,0.0,63.43,0,0,18-24,Prepaid_Daily,5G_Device,4G,2026-07-03
SUB7213415,0.79,0.09,0.45,0.19,31.32,0,0,35-44,Postpaid_Unlimited,Mid_Range,3G,2026-06-13
SUB8805819,0.15,0.45,0.05,0.58,28.4,1,0,18-24,Prepaid_Monthly,Basic_Phone,3G,2026-06-16
SUB5915782,0.22,6.0,1.05,1.35,126.62,0,0,18-24,Postpaid_Basic,5G_Device,5G,2026-06-30
SUB9567962,2.69,0.91,0.11,0.2,71.64,0,0,25-34,Prepaid_Monthly,Premium_Smartphone,4G+,2026-06-22
SUB6858893,0.58,0.64,0.7,0.04,153.57,0,0,45-54,Postpaid_Unlimited,Premium_Smartphone,5G,2026-06-15
SUB6690912,0.27,2.11,0.51,0.01,113.95,1,0,45-54,Prepaid_Daily,5G_Device,5G,2026-07-01
SUB3182931,0.16,1.93,0.13,0.25,56.14,0,0,55+,Prepaid_Monthly,5G_Device,4G,2026-06-16
SUB2051636,0.57,0.26,0.19,0.27,44.49,0,0,55+,Postpaid_Basic,Mid_Range,4G,2026-06-08
SUB7941550,1.74,0.13,0.12,0.26,106.14,0,1,18-24,Postpaid_Basic,Premium_Smartphone,4G,2026-06-15
SUB8615907,1.11,1.26,0.84,0.67,72.46,0,0,45-54,Postpaid_Premium,Premium_Smartphone,4G+,2026-06-10
SUB7631430,2.07,0.54,0.14,0.27,65.59,0,0,25-34,Postpaid_Premium,5G_Device,3G,2026-06-15
SUB8913436,2.82,0.89,0.65,2.62,73.38,0,0,45-54,Postpaid_Premium,Mid_Range,5G,2026-06-17
SUB3647765,0.71,0.33,0.22,0.24,19.46,0,0,18-24,Prepaid_Monthly,Basic_Phone,5G,2026-06-15
SUB4037253,0.56,0.38,0.18,0.84,75.99,0,1,45-54,Prepaid_Monthly,Mid_Range,5G,2026-06-23
SUB9744039,0.26,0.57,0.11,0.02,55.56,0,0,18-24,Prepaid_Monthly,Mid_Range,4G,2026-06-09
SUB1015141,6.24,0.42,0.15,1.66,65.4,1,0,25-34,Postpaid_Unlimited,Mid_Range,4G,2026-07-06
SUB5524361,3.94,0.37,0.33,0.08,89.52,0,0,18-24,Prepaid_Monthly,Mid_Range,5G,2026-07-05
SUB8986378,0.06,1.46,0.63,0.09,106.6,0,0,18-24,Prepaid_Monthly,Premium_Smartphone,4G+,2026-07-03
SUB4782700,0.33,0.14,0.01,0.57,12.02,0,0,25-34,Postpaid_Basic,Basic_Phone,4G,2026-06-21
SUB4561669,3.38,0.19,0.02,0.42,102.93,1,1,45-54,Prepaid_Monthly,Premium_Smartphone,4G,2026-06-25
SUB9963287,0.29,1.0,0.1,0.4,91.65,0,0,45-54,Prepaid_Monthly,Premium_Smartphone,4G,2026-06-17
SUB2693152,8.0,0.36,4.0,0.43,79.35,0,0,18-24,Postpaid_Premium,Premium_Smartphone,4G,2026-06-21
SUB6973300,0.78,0.63,0.78,0.47,57.71,1,0,18-24,Prepaid_Daily,Mid_Range,4G+,2026-06-19
SUB3337099,1.62,3.18,1.04,0.06,62.5,0,0,25-34,Postpaid_Basic,Mid_Range,5G,2026-06-24
SUB8155738,1.22,0.17,0.15,0.28,74.63,0,0,45-54,Prepaid_Monthly,Premium_Smartphone,4G,2026-07-06
SUB2944741,1.97,3.46,0.29,2.83,120.93,0,0,18-24,Prepaid_Monthly,Premium_Smartphone,5G,2026-06-20
SUB1824255,0.35,1.04,0.57,0.3,38.56,0,1,25-34,Postpaid_Unlimited,Basic_Phone,4G,2026-06-27
SUB7004327,1.38,0.59,0.08,0.45,29.88,1,0,18-24,Prepaid_Monthly,Mid_Range,3G,2026-06-29
SUB9962292,0.86,1.33,0.03,1.84,81.19,1,0,25-34,Prepaid_Monthly,5G_Device,3G,2026-06-12
SUB4177640,3.48,6.0,0.21,1.17,112.99,0,0,18-24,Postpaid_Unlimited,Premium_Smartphone,5G,2026-06-18
SUB9902284,0.45,1.67,0.93,0.18,158.74,1,0,18-24,Prepaid_Daily,Tablet,4G+,2026-06-30
SUB9879521,0.33,1.04,0.03,0.02,94.94,0,0,18-24,Prepaid_Daily,5G_Device,4G,2026-06-22
SUB6287267,2.66,0.68,0.1,0.15,72.46,0,1,25-34,Prepaid_Monthly,Mid_Range,4G,2026-06-27
SUB3375804,7.05,3.51,0.51,0.86,169.26,1,1,25-34,Postpaid_Basic,Premium_Smartphone,4G,2026-06-18
SUB6550616,0.96,0.71,0.21,1.6,67.65,1,0,35-44,Prepaid_Monthly,Mid_Range,4G,2026-06-08
SUB3730689,0.59,2.04,0.28,1.02,40.87,1,0,18-24,Postpaid_Basic,Mid_Range,3G,2026-06-12
SUB6023331,2.46,1.84,2.01,0.0,61.47,0,0,18-24,Prepaid_Daily,5G_Device,3G,2026-06-26
SUB9529297,0.32,1.45,0.12,0.16,33.59,1,0,18-24,Prepaid_Monthly,Mid_Range,4G,2026-06-15
SUB8808516,1.15,0.02,0.15,0.08,73.05,0,0,45-54,Postpaid_Basic,Mid_Range,5G,2026-06-13
SUB2285801,0.63,0.57,0.16,0.24,42.34,0,0,35-44,Prepaid_Monthly,Tablet,3G,2026-06-28
SUB5070161,0.17,0.2,0.12,0.02,22.02,0,0,35-44,Prepaid_Monthly,Basic_Phone,4G,2026-07-02
SUB1233725,0.04,0.13,0.12,0.56,38.34,0,0,25-34,Postpaid_Basic,Mid_Range,4G,2026-06-19
SUB7568056,3.18,0.2,1.24,1.47,44.3,1,1,18-24,Postpaid_Unlimited,Basic_Phone,4G,2026-06-30
SUB2158175,0.21,2.48,0.19,0.03,79.84,0,1,18-24,Prepaid_Daily,Premium_Smartphone,3G,2026-06-10
SUB9213140,6.18,2.27,0.02,0.53,71.21,0,0,25-34,Postpaid_Basic,Mid_Range,4G+,2026-06-25
SUB7640981,0.82,1.3,4.0,0.79,114.86,1,0,35-44,Prepaid_Monthly,Premium_Smartphone,4G,2026-06-14
SUB3368524,0.74,0.35,0.12,1.02,81.49,0,0,45-54,Postpaid_Premium,Tablet,4G,2026-07-01
SUB8099574,5.15,0.84,2.63,0.35,91.27,1,0,45-54,Postpaid_Unlimited,Premium_Smartphone,4G,2026-07-05
SUB6877675,0.02,3.79,0.25,0.2,43.52,0,1,25-34,Postpaid_Unlimited,Mid_Range,4G,2026-06-23
SUB9549906,0.76,1.85,0.18,1.38,65.92,1,0,25-34,Prepaid_Monthly,5G_Device,4G,2026-06-15
SUB1321243,2.27,2.06,0.55,0.23,114.61,0,0,18-24,Prepaid_Monthly,Premium_Smartphone,4G+,2026-06-08
SUB5018920,1.36,0.49,0.85,0.96,76.31,1,0,25-34,Prepaid_Monthly,Premium_Smartphone,3G,2026-07-04
SUB5736605,0.17,0.08,0.11,0.03,30.67,0,0,55+,Prepaid_Monthly,Mid_Range,3G,2026-07-03
SUB8885766,0.29,1.3,0.45,0.16,27.7,1,0,18-24,Postpaid_Premium,Basic_Phone,3G,2026-06-25
SUB3081530,0.58,0.88,0.07,0.32,78.78,0,0,55+,Prepaid_Monthly,Premium_Smartphone,5G,2026-06-28
SUB3988793,3.65,3.47,0.03,0.28,82.03,0,1,25-34,Postpaid_Premium,Premium_Smartphone,3G,2026-06-26
SUB8017191,4.81,6.0,0.83,1.31,83.05,1,0,25-34,Postpaid_Unlimited,Mid_Range,4G,2026-07-05
SUB5457005,1.27,0.2,0.06,0.11,20.97,1,0,18-24,Prepaid_Monthly,Basic_Phone,4G,2026-06-23
SUB5093898,1.51,2.56,0.06,0.55,50.85,0,0,35-44,Postpaid_Premium,Mid_Range,4G,2026-07-05
SUB3800212,0.18,0.06,0.15,0.01,13.08,0,0,25-34,Prepaid_Daily,Basic_Phone,3G,2026-06-25
SUB1130878,0.25,0.16,0.11,0.3,31.99,1,0,25-34,Prepaid_Daily,Basic_Phone,4G,2026-06-17
SUB7914887,0.62,0.73,0.12,1.65,61.65,1,0,25-34,Prepaid_Daily,Mid_Range,4G,2026-07-01
SUB3762108,0.91,0.37,0.16,0.38,40.67,0,0,18-24,Prepaid_Daily,5G_Device,3G,2026-06-15
SUB2892508,2.06,0.79,0.08,0.2,68.38,0,0,25-34,Prepaid_Monthly,Premium_Smartphone,4G,2026-06-15
SUB3893713,1.35,2.18,3.76,0.46,200.0,1,1,25-34,Postpaid_Basic,Premium_Smartphone,5G,2026-06-24
SUB7488574,0.52,0.87,0.44,0.42,60.71,0,0,35-44,Postpaid_Premium,Mid_Range,4G+,2026-06-25
SUB5992332,0.16,0.09,0.17,0.05,22.22,0,0,35-44,Prepaid_Daily,Basic_Phone,4G+,2026-06-21
SUB7881099,2.44,0.97,0.03,1.0,72.69,0,0,25-34,Postpaid_Unlimited,Premium_Smartphone,4G,2026-06-17
SUB4343473,0.59,2.23,2.26,0.72,78.79,0,0,35-44,Postpaid_Premium,Mid_Range,5G,2026-06-23
SUB2947012,3.17,3.73,3.89,0.84,103.6,0,0,25-34,Postpaid_Premium,5G_Device,5G,2026-06-08
SUB7778105,0.21,0.58,0.35,0.01,25.84,1,1,35-44,Prepaid_Monthly,Basic_Phone,4G,2026-06-18
SUB7365898,1.7,0.63,0.69,0.1,68.1,0,0,18-24,Prepaid_Daily,5G_Device,3G,2026-06-24
SUB5871482,5.03,3.99,1.2,0.49,72.01,1,0,18-24,Postpaid_Premium,Mid_Range,4G,2026-06-10
SUB3009326,4.31,5.24,0.99,2.41,129.22,0,1,18-24,Postpaid_Unlimited,5G_Device,4G+,2026-07-04
SUB5193513,0.85,1.7,0.01,0.05,100.13,0,0,45-54,Prepaid_Monthly,Premium_Smartphone,4G,2026-07-06
SUB4725614,5.56,0.38,0.63,0.01,85.94,0,0,18-24,Postpaid_Premium,5G_Device,4G,2026-06-12
SUB7849502,0.12,1.17,0.61,0.53,154.54,0,0,18-24,Prepaid_Daily,Premium_Smartphone,5G,2026-06-23
SUB5321613,1.15,1.49,0.3,1.07,55.31,0,0,25-34,Postpaid_Premium,Mid_Range,5G,2026-06-20
SUB7476137,2.1,3.82,0.16,0.2,88.81,0,0,18-24,Prepaid_Daily,Tablet,4G,2026-06-07
SUB4700568,1.25,1.62,0.29,0.85,93.56,0,1,45-54,Postpaid_Basic,Mid_Range,5G,2026-06-07
SUB1403552,4.42,3.25,0.21,1.97,141.63,1,1,35-44,Postpaid_Basic,5G_Device,4G,2026-06-25
SUB8899151,0.36,0.03,0.09,0.01,18.93,0,0,55+,Prepaid_Monthly,Basic_Phone,4G+,2026-06-27
SUB4189291,0.38,0.12,0.06,0.03,12.24,0,0,18-24,Prepaid_Daily,Basic_Phone,4G,2026-06-21
SUB4816707,0.4,1.09,0.33,0.45,59.47,0,0,25-34,Postpaid_Unlimited,Mid_Range,4G,2026-06-29
SUB9622903,0.19,0.5,1.26,0.63,65.11,0,0,35-44,Postpaid_Basic,Premium_Smartphone,4G,2026-06-11
SUB5811071,0.11,0.32,0.8,0.6,142.78,0,0,35-44,Postpaid_Basic,Premium_Smartphone,5G,2026-06-18
SUB5074973,0.48,0.97,0.0,0.09,48.71,1,0,18-24,Postpaid_Basic,Basic_Phone,4G+,2026-06-11
SUB1008798,0.03,5.67,0.67,1.4,53.28,0,0,35-44,Postpaid_Unlimited,Premium_Smartphone,4G,2026-06-19
SUB5874807,0.22,0.08,0.1,0.01,75.23,0,1,45-54,Prepaid_Daily,Mid_Range,4G,2026-06-25
SUB8127583,3.1,6.0,0.11,0.8,80.86,1,1,18-24,Postpaid_Unlimited,Tablet,4G,2026-06-26
SUB6668843,1.78,0.86,0.61,0.38,70.95,1,0,35-44,Prepaid_Monthly,Mid_Range,4G,2026-06-12
SUB9108262,0.87,1.02,0.19,0.93,128.6,1,1,25-34,Prepaid_Daily,Mid_Range,5G,2026-06-28
SUB4900275,4.41,0.88,0.31,0.15,64.08,1,0,55+,Postpaid_Premium,Mid_Range,4G,2026-06-20
SUB8593832,8.0,1.27,0.84,1.14,91.5,0,1,25-34,Postpaid_Unlimited,5G_Device,4G,2026-06-28
SUB5728007,0.44,1.62,0.86,0.15,103.21,0,1,18-24,Prepaid_Daily,Premium_Smartphone,4G+,2026-07-05
SUB2977165,1.36,0.71,0.02,0.33,53.41,0,1,25-34,Prepaid_Monthly,Mid_Range,4G,2026-06-08
SUB4553952,0.74,0.51,0.3,0.51,61.57,1,0,55+,Postpaid_Basic,Premium_Smartphone,3G,2026-06-14
SUB4757654,2.8,1.33,0.05,0.72,74.91,0,0,35-44,Prepaid_Monthly,5G_Device,4G,2026-06-09
SUB9379702,1.16,4.99,0.49,2.56,82.88,0,1,25-34,Postpaid_Unlimited,Mid_Range,4G+,2026-06-12
SUB4603019,1.61,0.8,0.13,0.15,27.94,0,0,35-44,Postpaid_Basic,Mid_Range,3G,2026-06-16
SUB8741368,0.56,0.77,0.32,0.03,56.13,0,0,35-44,Postpaid_Premium,Premium_Smartphone,3G,2026-06-30
SUB9059777,6.67,2.27,0.15,0.83,77.35,1,0,18-24,Prepaid_Monthly,Premium_Smartphone,4G,2026-07-04
SUB5210563,0.2,0.3,0.65,0.06,27.83,0,0,18-24,Prepaid_Monthly,Basic_Phone,5G,2026-06-22
SUB7575699,1.21,4.12,0.07,0.82,114.81,0,0,35-44,Postpaid_Basic,Premium_Smartphone,5G,2026-06-18
SUB2189297,1.14,0.6,0.85,0.22,63.15,0,0,25-34,Prepaid_Monthly,Premium_Smartphone,3G,2026-06-18
SUB6372274,2.71,0.07,0.23,0.73,115.89,0,0,18-24,Postpaid_Premium,Premium_Smartphone,4G+,2026-06-18
SUB2013295,0.82,0.17,0.17,0.0,47.92,0,0,45-54,Prepaid_Monthly,Tablet,4G,2026-06-08
SUB8661434,4.56,0.77,0.55,0.33,92.83,1,1,25-34,Prepaid_Monthly,Mid_Range,4G,2026-06-14
SUB4317837,3.16,4.44,1.05,1.25,73.5,0,0,25-34,Postpaid_Unlimited,Premium_Smartphone,4G,2026-06-14
SUB6516829,0.07,0.55,0.18,0.06,28.62,0,0,18-24,Postpaid_Premium,Basic_Phone,5G,2026-06-20
SUB9757529,1.59,1.3,1.99,1.37,124.05,0,1,35-44,Prepaid_Daily,5G_Device,4G,2026-06-15
SUB8824641,1.58,0.53,0.54,0.04,60.49,1,1,35-44,Postpaid_Unlimited,Basic_Phone,4G+,2026-06-29
SUB2697590,2.07,1.81,0.77,0.4,88.73,0,1,35-44,Postpaid_Basic,5G_Device,4G,2026-06-24
SUB3173367,1.3,6.0,0.2,0.11,56.04,0,0,18-24,Postpaid_Premium,Mid_Range,4G+,2026-06-23
SUB6880077,0.53,0.33,0.11,0.09,22.71,0,0,35-44,Prepaid_Monthly,Mid_Range,3G,2026-06-11
SUB2406085,0.22,0.27,0.09,0.1,52.86,0,1,55+,Prepaid_Monthly,Mid_Range,4G+,2026-07-02
SUB4418857,0.37,1.27,0.81,0.22,76.86,0,0,25-34,Postpaid_Premium,Tablet,4G,2026-07-06
SUB8614567,0.41,4.98,0.49,0.01,67.43,0,0,18-24,Prepaid_Monthly,Tablet,4G,2026-06-22
SUB9685116,0.2,0.56,0.13,0.03,107.93,0,0,45-54,Prepaid_Daily,Tablet,4G,2026-06-13
SUB5538847,0.94,1.01,0.22,0.02,76.15,0,0,18-24,Prepaid_Monthly,Premium_Smartphone,4G,2026-06-16
SUB3611212,0.71,0.78,0.21,0.63,81.44,0,0,25-34,Prepaid_Daily,Mid_Range,4G+,2026-07-01
SUB3321554,1.29,2.16,0.11,0.87,60.37,0,1,18-24,Postpaid_Premium,Mid_Range,4G,2026-06-14
SUB5761515,0.84,2.9,0.03,0.66,47.34,0,1,25-34,Prepaid_Daily,Mid_Range,4G,2026-06-18
SUB9304932,1.44,2.54,1.53,0.29,126.39,1,1,25-34,Prepaid_Monthly,Premium_Smartphone,4G,2026-07-04
SUB3787352,2.96,5.32,1.3,1.2,91.03,0,0,18-24,Postpaid_Unlimited,Premium_Smartphone,5G,2026-06-10
SUB6371045,0.68,0.99,0.39,0.51,71.92,0,0,45-54,Postpaid_Basic,Premium_Smartphone,4G,2026-07-03
SUB3498544,0.93,0.47,0.12,0.05,32.74,0,0,25-34,Prepaid_Monthly,Basic_Phone,4G,2026-06-28
SUB9684281,3.21,0.83,0.29,0.32,103.96,1,1,35-44,Postpaid_Basic,5G_Device,4G+,2026-06-23
SUB1525957,0.03,0.04,1.73,3.7,87.9,0,0,25-34,Prepaid_Monthly,Tablet,4G+,2026-06-10
SUB7146685,3.03,2.4,0.29,0.0,200.0,1,1,35-44,Prepaid_Daily,Premium_Smartphone,5G,2026-06-10
SUB4690339,4.5,0.91,1.31,0.01,85.04,0,0,25-34,Postpaid_Basic,5G_Device,4G,2026-06-22
SUB3327654,0.25,0.49,0.6,0.03,96.96,1,0,45-54,Postpaid_Premium,Premium_Smartphone,3G,2026-07-02
SUB8870341,0.77,0.2,0.03,0.41,36.73,1,0,45-54,Postpaid_Unlimited,Basic_Phone,5G,2026-06-13
SUB1301951,0.44,6.0,0.7,0.65,174.17,0,1,35-44,Postpaid_Premium,Tablet,5G,2026-06-30
SUB1312499,1.13,2.11,0.66,0.37,34.72,0,1,25-34,Postpaid_Unlimited,Basic_Phone,4G+,2026-06-10
SUB9884263,0.51,0.2,0.95,0.44,65.76,0,1,45-54,Postpaid_Unlimited,Mid_Range,4G,2026-07-03
SUB2686279,1.42,0.87,0.27,0.21,23.59,0,1,25-34,Postpaid_Premium,Basic_Phone,5G,2026-06-15
SUB4734049,3.42,2.3,1.99,2.26,86.11,0,0,18-24,Postpaid_Unlimited,Premium_Smartphone,5G,2026-06-27
SUB9095979,5.67,6.0,0.49,1.88,166.37,0,1,18-24,Postpaid_Premium,Premium_Smartphone,4G+,2026-06-15
SUB7115790,0.14,0.12,0.01,0.03,30.65,0,1,55+,Prepaid_Daily,Mid_Range,3G,2026-07-05
SUB6429048,0.51,0.61,0.59,0.15,71.43,0,0,18-24,Prepaid_Daily,Tablet,4G,2026-06-22
SUB2270242,0.59,0.3,0.13,0.12,67.11,0,0,45-54,Prepaid_Daily,5G_Device,4G,2026-06-22
SUB9096173,4.7,6.0,1.89,0.53,81.25,0,0,18-24,Postpaid_Unlimited,Mid_Range,5G,2026-06-07
SUB7578518,1.51,2.22,2.18,0.22,66.76,0,1,25-34,Postpaid_Premium,Premium_Smartphone,3G,2026-06-18
SUB3290860,5.96,2.32,0.39,0.08,104.75,0,0,35-44,Postpaid_Premium,5G_Device,4G+,2026-06-20
SUB3811318,0.78,0.54,0.17,0.47,12.38,0,0,18-24,Prepaid_Monthly,Mid_Range,3G,2026-07-05
SUB2189042,1.33,1.82,0.05,0.45,20.94,0,0,35-44,Postpaid_Basic,Mid_Range,3G,2026-07-03
SUB2173077,0.57,0.53,0.01,0.06,41.83,0,0,35-44,Prepaid_Daily,Mid_Range,4G,2026-06-09
SUB5978820,8.0,4.56,4.0,6.0,96.31,0,1,25-34,Postpaid_Unlimited,5G_Device,4G+,2026-06-27
SUB5811102,5.01,6.0,1.53,1.02,107.86,0,1,35-44,Postpaid_Unlimited,Premium_Smartphone,5G,2026-06-17
SUB4027936,3.23,2.7,0.28,0.12,66.21,0,0,18-24,Postpaid_Premium,Premium_Smartphone,3G,2026-06-13
SUB5754895,0.59,0.88,0.06,2.61,101.16,0,0,25-34,Prepaid_Daily,Premium_Smartphone,4G,2026-06-20
SUB1551741,0.38,0.38,0.0,0.3,46.63,0,0,18-24,Prepaid_Daily,Mid_Range,3G,2026-06-18
SUB7090007,0.35,3.79,0.37,0.23,48.89,1,0,25-34,Prepaid_Monthly,Mid_Range,3G,2026-06-25
SUB1723809,0.43,0.09,0.26,0.83,77.48,0,1,55+,Prepaid_Monthly,Mid_Range,4G,2026-06-26
SUB1156837,1.48,0.58,0.16,0.5,56.2,1,1,35-44,Postpaid_Premium,Basic_Phone,4G,2026-06-29
SUB1519676,0.56,0.63,0.05,0.16,31.15,0,1,35-44,Prepaid_Daily,Basic_Phone,5G,2026-06-13
SUB2610921,0.65,1.74,0.25,0.32,52.37,1,1,35-44,Postpaid_Basic,Mid_Range,4G,2026-06-11
SUB5463593,1.98,6.0,0.71,0.37,170.93,1,0,18-24,Postpaid_Basic,Premium_Smartphone,5G,2026-06-22
SUB7916950,1.07,2.46,0.33,0.05,33.82,0,0,35-44,Prepaid_Monthly,Mid_Range,4G,2026-06-29
SUB3694670,2.38,2.37,0.76,0.81,129.38,1,1,45-54,Prepaid_Monthly,Premium_Smartphone,4G,2026-06-08
SUB7970746,8.0,3.23,0.02,2.71,74.36,1,1,18-24,Postpaid_Unlimited,Mid_Range,5G,2026-06-17
SUB6659848,0.33,1.24,0.09,0.18,89.77,0,0,45-54,Prepaid_Monthly,Premium_Smartphone,4G,2026-06-08
SUB5161460,1.06,1.99,0.26,0.07,118.9,1,1,35-44,Postpaid_Premium,5G_Device,4G,2026-06-19
SUB8402072,1.84,0.82,0.06,0.01,44.52,0,0,18-24,Prepaid_Daily,Mid_Range,4G,2026-06-10
SUB6875836,0.76,1.52,1.18,0.24,53.72,0,0,25-34,Postpaid_Premium,Mid_Range,5G,2026-06-30
SUB9893396,0.6,0.87,0.66,0.27,28.9,0,0,25-34,Prepaid_Monthly,Premium_Smartphone,3G,2026-07-03
SUB2506440,8.0,2.44,1.38,1.87,74.97,1,0,25-34,Postpaid_Premium,Premium_Smartphone,4G,2026-06-20
SUB9181494,1.82,0.52,0.05,0.27,41.03,0,1,45-54,Postpaid_Basic,Basic_Phone,5G,2026-06-24
SUB5411045,0.14,1.05,0.12,0.14,75.53,0,1,45-54,Prepaid_Daily,5G_Device,4G,2026-07-06
SUB2477482,0.16,1.19,0.41,0.05,32.0,0,0,45-54,Prepaid_Daily,Mid_Range,4G,2026-06-08
SUB7621504,0.25,0.69,0.45,0.08,35.22,1,0,45-54,Postpaid_Unlimited,Mid_Range,3G,2026-06-17
SUB7528925,0.37,0.71,0.28,0.0,65.08,1,0,55+,Prepaid_Daily,Mid_Range,5G,2026-06-24
SUB2125664,0.59,0.92,0.11,0.03,75.51,0,0,55+,Postpaid_Premium,Premium_Smartphone,5G,2026-06-26
SUB3667107,0.2,2.66,0.8,0.49,164.13,0,1,18-24,Postpaid_Premium,Premium_Smartphone,5G,2026-06-27
SUB4725563,3.33,3.18,0.02,0.05,106.19,1,0,25-34,Prepaid_Monthly,5G_Device,5G,2026-06-26
SUB8231445,2.82,1.03,0.1,0.11,59.56,0,0,18-24,Prepaid_Daily,5G_Device,4G,2026-06-14
SUB7157703,3.94,0.26,0.09,0.61,48.41,0,0,25-34,Prepaid_Daily,Mid_Range,4G,2026-06-28
SUB4380635,0.12,0.19,0.84,0.27,97.91,1,0,55+,Postpaid_Basic,5G_Device,5G,2026-06-10
SUB3959532,2.16,1.51,1.14,2.5,83.21,0,0,18-24,Postpaid_Basic,Premium_Smartphone,4G+,2026-06-17
SUB5150122,3.01,0.76,0.34,3.07,94.32,0,0,35-44,Postpaid_Unlimited,Mid_Range,5G,2026-06-16
SUB9198344,0.47,4.35,0.39,0.31,126.77,0,0,35-44,Postpaid_Basic,5G_Device,5G,2026-07-04
SUB2106136,0.82,2.69,0.51,0.02,82.63,0,0,18-24,Postpaid_Premium,Premium_Smartphone,4G,2026-06-12
SUB1901495,2.95,1.07,1.06,0.39,97.41,0,0,18-24,Prepaid_Daily,Premium_Smartphone,4G,2026-06-29
SUB4120847,0.61,0.61,0.94,0.8,21.7,0,1,25-34,Postpaid_Premium,Basic_Phone,4G,2026-07-02
SUB6131131,4.11,2.92,0.28,0.14,54.12,0,0,18-24,Prepaid_Monthly,Premium_Smartphone,4G,2026-06-25
SUB5474445,0.08,0.18,0.02,0.18,16.89,0,0,35-44,Prepaid_Monthly,Basic_Phone,3G,2026-06-30
SUB6168811,0.68,1.53,0.57,0.67,52.52,0,0,25-34,Postpaid_Premium,Mid_Range,4G,2026-07-03
SUB4149407,3.91,0.46,0.02,0.21,55.3,0,0,25-34,Postpaid_Premium,Tablet,3G,2026-06-13
SUB7779697,0.94,0.21,0.54,0.08,21.78,0,0,18-24,Prepaid_Monthly,Mid_Range,4G,2026-06-14
SUB4710324,2.69,2.76,0.28,1.47,46.14,0,1,25-34,Postpaid_Premium,Mid_Range,4G,2026-07-03
SUB8546128,1.55,2.64,0.97,0.54,116.69,1,0,18-24,Prepaid_Monthly,5G_Device,5G,2026-07-02
SUB7986658,6.75,1.78,0.28,0.26,30.67,0,0,45-54,Postpaid_Unlimited,Mid_Range,4G,2026-06-27
SUB8278492,0.21,2.84,0.4,0.17,46.7,0,0,25-34,Prepaid_Daily,Mid_Range,4G+,2026-07-04
SUB3544306,0.39,0.37,0.31,0.01,115.6,1,0,45-54,Prepaid_Daily,Premium_Smartphone,4G,2026-07-04
SUB1529983,3.87,1.71,0.16,0.16,60.71,0,0,35-44,Postpaid_Premium,Mid_Range,5G,2026-07-06
SUB3323964,0.25,0.59,0.26,0.42,54.84,0,0,45-54,Postpaid_Basic,Tablet,4G,2026-06-17
SUB1582787,3.72,0.66,0.06,1.01,75.81,1,0,25-34,Postpaid_Basic,Mid_Range,4G,2026-06-12
SUB1023382,0.5,0.79,1.08,1.05,147.6,1,0,18-24,Postpaid_Basic,5G_Device,5G,2026-06-11
SUB6617492,2.0,2.74,1.68,1.44,59.59,0,1,25-34,Postpaid_Unlimited,Mid_Range,4G,2026-06-13
SUB8346796,0.86,1.56,0.38,0.42,70.18,0,1,18-24,Postpaid_Premium,Mid_Range,5G,2026-06-19
SUB5940560,0.34,0.28,0.04,0.02,23.3,0,0,55+,Postpaid_Basic,Basic_Phone,4G,2026-06-21
SUB2342643,1.58,2.78,1.5,0.61,33.2,0,0,25-34,Postpaid_Premium,Mid_Range,4G,2026-06-12
SUB2930719,1.06,0.36,0.36,0.02,64.56,0,1,55+,Postpaid_Unlimited,Premium_Smartphone,3G,2026-06-24
SUB9259150,0.66,0.45,0.04,0.38,42.64,0,1,45-54,Prepaid_Monthly,Premium_Smartphone,3G,2026-07-02
SUB4428811,3.99,0.29,0.14,0.17,70.56,0,1,18-24,Postpaid_Basic,5G_Device,4G,2026-06-15
SUB3513614,1.16,0.54,0.06,0.4,39.47,0,1,35-44,Postpaid_Basic,Basic_Phone,5G,2026-06-19
SUB5846113,0.36,1.14,0.52,0.06,67.63,0,0,25-34,Prepaid_Daily,Mid_Range,5G,2026-06-17
SUB3543173,1.43,0.27,0.03,2.2,60.51,0,0,18-24,Postpaid_Basic,Mid_Range,4G+,2026-06-07
SUB4144720,1.19,1.9,0.0,0.01,67.61,0,1,25-34,Prepaid_Daily,Mid_Range,4G+,2026-06-25
SUB4791343,0.24,0.35,0.01,0.0,53.97,0,0,55+,Prepaid_Daily,Mid_Range,4G,2026-06-13
SUB2622512,0.94,1.26,0.32,0.13,45.59,0,1,25-34,Postpaid_Unlimited,Mid_Range,4G,2026-06-15
SUB1450067,0.31,0.55,0.01,0.71,60.63,0,0,35-44,Prepaid_Daily,Mid_Range,5G,2026-06-22
SUB7192072,7.31,0.76,2.04,0.58,97.01,0,0,25-34,Postpaid_Basic,5G_Device,4G,2026-07-01
SUB9744250,2.52,1.53,0.77,0.3,110.57,1,0,25-34,Prepaid_Monthly,Premium_Smartphone,4G+,2026-06-17
SUB6010500,0.37,0.89,0.62,0.51,56.27,0,0,25-34,Postpaid_Basic,Mid_Range,4G,2026-06-24
SUB7061782,0.99,1.18,0.22,0.1,63.24,0,0,25-34,Prepaid_Monthly,Mid_Range,4G,2026-07-06
SUB7461029,0.62,0.32,0.12,1.14,94.57,0,0,18-24,Prepaid_Monthly,Premium_Smartphone,4G,2026-06-18
SUB8397239,0.29,6.0,0.08,0.47,60.97,0,0,25-34,Postpaid_Unlimited,5G_Device,3G,2026-06-18
SUB6377168,0.6,0.3,0.14,0.36,60.81,0,1,35-44,Prepaid_Monthly,Mid_Range,4G,2026-06-14
SUB9017464,1.02,1.88,1.69,0.82,51.78,0,0,18-24,Prepaid_Monthly,5G_Device,4G,2026-06-13
SUB7421472,1.17,0.41,0.15,0.04,125.47,1,1,55+,Prepaid_Monthly,Premium_Smartphone,4G,2026-06-29
SUB2697152,4.64,1.02,0.33,1.36,96.44,0,0,18-24,Prepaid_Daily,Premium_Smartphone,4G,2026-06-25
SUB2159149,5.14,0.62,0.51,6.0,90.37,0,0,25-34,Prepaid_Monthly,5G_Device,4G,2026-06-30
SUB1120730,0.83,0.72,0.27,0.25,91.52,1,0,18-24,Prepaid_Daily,Tablet,4G,2026-07-02
SUB5081093,0.43,3.84,0.72,3.42,59.77,0,0,18-24,Postpaid_Basic,Mid_Range,5G,2026-06-18
SUB2839968,1.48,2.25,0.17,0.75,109.84,1,0,55+,Postpaid_Premium,5G_Device,5G,2026-06-23
SUB5213085,1.9,2.0,0.09,0.13,81.89,0,1,45-54,Postpaid_Basic,Premium_Smartphone,4G+,2026-06-28
SUB2286793,2.02,0.13,0.64,0.07,55.73,0,0,35-44,Postpaid_Basic,Mid_Range,4G,2026-06-18
SUB8855506,8.0,1.69,0.42,0.18,62.54,0,0,45-54,Prepaid_Daily,Premium_Smartphone,4G,2026-07-01
SUB2941042,0.35,3.18,0.05,0.89,124.66,1,0,45-54,Postpaid_Unlimited,Tablet,4G+,2026-06-11
SUB3651222,2.22,0.96,0.1,0.14,62.66,0,0,35-44,Prepaid_Monthly,Premium_Smartphone,4G,2026-06-19
SUB4818067,1.11,1.42,1.4,0.04,83.56,0,1,45-54,Postpaid_Unlimited,5G_Device,3G,2026-07-01
SUB9649769,0.79,0.98,0.41,0.19,52.75,1,1,25-34,Prepaid_Daily,Premium_Smartphone,3G,2026-06-17
SUB7357722,2.73,4.56,1.33,1.09,133.86,1,0,35-44,Postpaid_Unlimited,Premium_Smartphone,4G+,2026-07-03
SUB8735491,0.96,3.51,1.1,0.3,64.62,0,0,45-54,Postpaid_Basic,Premium_Smartphone,4G,2026-06-28
SUB6375653,1.03,0.64,0.02,0.25,122.62,0,1,18-24,Prepaid_Daily,Premium_Smartphone,4G,2026-07-05
SUB4857469,4.32,2.05,1.25,0.82,74.44,0,0,45-54,Postpaid_Unlimited,Mid_Range,5G,2026-07-04
SUB4851526,0.12,2.35,0.04,0.99,62.1,0,0,18-24,Prepaid_Daily,Premium_Smartphone,4G,2026-07-03
SUB1335983,1.57,0.24,0.05,0.32,96.77,0,1,45-54,Postpaid_Premium,Premium_Smartphone,4G+,2026-07-03
SUB3466993,8.0,4.29,0.82,0.01,89.58,0,0,25-34,Postpaid_Unlimited,5G_Device,4G,2026-06-27
SUB2115059,0.74,0.42,0.47,0.24,69.41,1,0,25-34,Prepaid_Daily,Mid_Range,5G,2026-06-13
SUB9788377,0.03,0.38,0.07,0.08,36.03,0,0,18-24,Prepaid_Monthly,Basic_Phone,5G,2026-07-04
SUB3654965,1.92,1.24,0.02,0.02,67.7,1,0,45-54,Postpaid_Basic,Premium_Smartphone,4G,2026-06-30
SUB8551506,1.38,0.88,1.04,0.76,73.85,1,0,18-24,Postpaid_Premium,Premium_Smartphone,3G,2026-06-29
SUB6338888,0.45,0.35,0.32,0.01,14.38,0,0,35-44,Postpaid_Unlimited,Basic_Phone,3G,2026-06-26
SUB5920851,4.17,6.0,0.33,1.11,171.33,0,1,35-44,Postpaid_Premium,Premium_Smartphone,5G,2026-06-25
SUB5463721,0.16,2.54,0.17,0.69,65.15,1,0,25-34,Prepaid_Monthly,5G_Device,3G,2026-06-23
SUB4472108,1.14,0.4,0.05,0.1,86.8,0,0,55+,Postpaid_Premium,Mid_Range,5G,2026-06-23
SUB5925233,8.0,1.34,0.32,0.39,134.77,0,0,18-24,Postpaid_Unlimited,5G_Device,5G,2026-06-08
SUB9523215,4.22,2.8,0.24,0.57,114.08,0,1,35-44,Prepaid_Monthly,5G_Device,4G,2026-07-04
SUB6768076,1.59,1.61,0.52,0.84,62.61,0,0,25-34,Prepaid_Daily,Mid_Range,5G,2026-07-05
SUB6495179,3.46,6.0,0.55,0.26,102.53,1,1,18-24,Prepaid_Monthly,5G_Device,4G,2026-06-22
SUB4346953,1.04,6.0,4.0,0.19,100.38,0,1,18-24,Postpaid_Unlimited,Premium_Smartphone,4G+,2026-06-08
SUB2156928,0.36,0.64,0.77,0.01,121.86,0,1,35-44,Prepaid_Daily,5G_Device,4G,2026-06-13
SUB4241695,1.14,0.47,0.68,0.06,63.1,1,0,55+,Postpaid_Unlimited,Mid_Range,4G,2026-06-16
SUB7642589,2.51,6.0,1.81,1.61,30.66,0,0,18-24,Postpaid_Unlimited,Mid_Range,4G+,2026-06-09
SUB1212628,0.42,0.77,0.03,0.01,110.48,1,0,18-24,Prepaid_Daily,Mid_Range,4G+,2026-06-16
SUB7643509,0.21,0.13,0.02,0.05,44.82,0,0,55+,Postpaid_Basic,Basic_Phone,5G,2026-06-12
SUB8763412,1.12,4.26,0.16,0.18,59.94,0,0,18-24,Prepaid_Monthly,Mid_Range,4G,2026-06-16
SUB5327261,1.46,0.3,0.14,1.83,49.54,0,0,25-34,Prepaid_Monthly,Mid_Range,5G,2026-06-12
SUB5771873,0.44,0.61,0.16,0.27,34.22,0,1,25-34,Postpaid_Basic,Mid_Range,4G,2026-06-18
SUB8645447,1.55,0.71,0.99,0.53,58.55,0,0,25-34,Postpaid_Premium,Premium_Smartphone,3G,2026-06-08
SUB2085110,1.32,1.38,0.95,0.26,107.58,0,1,35-44,Postpaid_Basic,Mid_Range,5G,2026-07-05
SUB8398129,1.98,0.7,0.54,0.0,111.29,0,0,55+,Postpaid_Unlimited,Premium_Smartphone,4G+,2026-07-04
SUB5623527,2.5,2.31,0.03,1.37,58.21,0,0,25-34,Prepaid_Monthly,Mid_Range,4G,2026-06-24
SUB6715574,1.74,2.7,0.53,0.17,88.53,1,0,35-44,Postpaid_Basic,Mid_Range,5G,2026-06-08
SUB6906512,6.61,0.98,0.21,0.43,39.9,0,0,35-44,Postpaid_Premium,Premium_Smartphone,3G,2026-06-24
SUB1974687,4.35,3.27,0.07,0.17,15.49,1,0,25-34,Prepaid_Monthly,Basic_Phone,4G,2026-06-21
SUB8701349,0.13,1.02,1.35,0.04,47.43,1,0,18-24,Postpaid_Basic,Mid_Range,4G,2026-07-03
SUB1824726,6.06,0.19,0.79,0.02,62.75,0,0,35-44,Postpaid_Premium,Mid_Range,4G,2026-06-30
SUB6840445,0.59,3.63,0.7,0.37,120.62,0,0,25-34,Postpaid_Unlimited,5G_Device,4G+,2026-06-29
SUB9393302,0.36,0.63,0.76,5.31,121.1,0,0,18-24,Prepaid_Monthly,5G_Device,5G,2026-07-01
SUB3679590,0.29,0.1,0.08,0.05,45.54,1,0,55+,Postpaid_Basic,Basic_Phone,5G,2026-07-01
SUB5740148,3.37,1.95,0.52,0.07,73.64,0,0,45-54,Postpaid_Unlimited,Premium_Smartphone,4G+,2026-06-13
SUB7210239,0.43,0.14,0.03,0.03,60.24,0,1,55+,Prepaid_Daily,Mid_Range,4G,2026-06-29
SUB3037775,0.2,2.28,0.67,0.14,98.15,0,1,25-34,Prepaid_Monthly,Mid_Range,4G+,2026-06-30
SUB2986373,3.84,0.75,0.39,0.25,52.63,1,0,45-54,Postpaid_Basic,Mid_Range,4G,2026-07-02
SUB5818060,4.77,0.79,0.02,0.55,78.23,0,0,35-44,Prepaid_Daily,5G_Device,4G,2026-06-23
SUB3916971,0.01,0.43,0.01,0.03,6.89,0,0,55+,Postpaid_Basic,Basic_Phone,4G,2026-06-21
SUB6835770,0.09,0.12,0.13,0.61,119.13,1,0,55+,Prepaid_Daily,Premium_Smartphone,4G,2026-06-20
SUB3613456,1.69,6.0,0.64,0.13,145.27,1,1,55+,Postpaid_Unlimited,5G_Device,5G,2026-06-13
SUB8214554,1.5,0.68,0.01,0.07,75.45,1,1,55+,Postpaid_Premium,Mid_Range,4G,2026-06-14
SUB5266660,0.5,1.12,0.02,0.02,81.07,0,0,18-24,Prepaid_Daily,5G_Device,4G,2026-06-21
SUB7084010,1.82,0.66,0.2,0.63,147.45,1,1,35-44,Prepaid_Daily,5G_Device,4G,2026-06-20
SUB7551381,1.07,2.19,1.36,1.87,118.83,0,0,25-34,Postpaid_Premium,Premium_Smartphone,5G,2026-06-23
SUB1608919,0.25,1.6,1.89,0.03,60.74,0,0,35-44,Prepaid_Monthly,Premium_Smartphone,4G,2026-06-23
SUB7727830,0.6,0.48,0.22,0.62,65.22,0,0,55+,Postpaid_Basic,Premium_Smartphone,4G,2026-06-22
SUB6924216,2.23,4.83,1.59,0.12,58.88,0,0,18-24,Prepaid_Monthly,5G_Device,4G,2026-06-22
SUB9729430,2.91,1.47,0.87,0.46,101.28,0,1,35-44,Prepaid_Daily,Premium_Smartphone,4G,2026-06-18
SUB5704863,1.51,1.75,0.18,0.08,68.53,1,0,35-44,Prepaid_Monthly,Mid_Range,5G,2026-06-18
SUB8352236,2.74,1.45,0.04,0.6,88.7,0,0,25-34,Prepaid_Monthly,5G_Device,4G,2026-06-23
SUB8085282,0.69,2.06,0.01,2.43,118.61,0,0,18-24,Prepaid_Monthly,Tablet,5G,2026-06-19
SUB5440768,1.74,1.25,1.96,1.37,60.78,0,1,18-24,Postpaid_Premium,Mid_Range,4G,2026-06-20
SUB6276473,1.77,1.08,0.35,0.32,68.13,0,0,18-24,Postpaid_Basic,Premium_Smartphone,4G,2026-06-25
SUB7499716,8.0,1.29,0.01,0.07,180.15,1,1,35-44,Postpaid_Basic,Premium_Smartphone,4G+,2026-06-25
SUB1115064,3.66,0.61,0.93,0.11,63.06,0,1,25-34,Postpaid_Basic,Mid_Range,4G+,2026-06-23
SUB3589644,0.86,0.77,0.14,0.24,45.21,0,0,18-24,Prepaid_Monthly,Mid_Range,4G,2026-06-20
SUB8209403,0.08,0.23,0.07,0.01,62.04,0,0,55+,Prepaid_Daily,Mid_Range,4G+,2026-06-09
SUB4058321,1.57,0.16,0.08,0.0,93.08,0,1,35-44,Prepaid_Monthly,Premium_Smartphone,5G,2026-06-19
SUB3200852,4.12,1.89,1.57,0.25,77.41,0,0,25-34,Postpaid_Premium,Premium_Smartphone,4G,2026-06-22
SUB7447726,1.53,0.6,0.05,0.2,28.41,0,0,25-34,Postpaid_Premium,Basic_Phone,4G,2026-06-17
SUB5347864,0.1,0.24,0.0,0.06,14.91,0,0,35-44,Postpaid_Basic,Basic_Phone,4G,2026-06-25
SUB9033907,0.23,1.1,0.35,0.44,65.93,0,0,25-34,Postpaid_Basic,Mid_Range,5G,2026-06-12
SUB4103800,1.51,4.68,0.42,0.09,99.43,1,0,35-44,Prepaid_Monthly,Premium_Smartphone,4G,2026-06-07
SUB2338618,1.9,0.32,0.03,0.26,30.57,0,0,35-44,Postpaid_Unlimited,Mid_Range,3G,2026-07-03
SUB8735167,2.19,2.14,0.81,0.46,55.32,0,1,18-24,Postpaid_Unlimited,Mid_Range,4G,2026-06-16
SUB1586901,0.78,0.44,0.36,0.39,112.18,0,1,55+,Prepaid_Monthly,5G_Device,4G,2026-06-28
SUB9762529,1.01,2.18,0.33,0.16,95.55,0,0,25-34,Postpaid_Basic,Premium_Smartphone,4G,2026-07-01
SUB8912798,2.08,1.21,0.65,1.19,137.88,1,0,25-34,Postpaid_Basic,Premium_Smartphone,4G+,2026-06-17
SUB1407650,1.25,0.33,0.03,0.99,157.25,0,1,55+,Postpaid_Basic,Premium_Smartphone,5G,2026-07-02
SUB6672745,1.43,1.99,0.1,0.36,46.92,0,0,25-34,Postpaid_Unlimited,Mid_Range,4G+,2026-06-25
SUB4729046,0.83,1.75,0.07,1.44,62.58,0,0,35-44,Postpaid_Premium,Mid_Range,5G,2026-06-08
SUB4615383,0.23,0.35,1.42,0.08,72.68,1,0,35-44,Postpaid_Premium,Premium_Smartphone,3G,2026-06-30
SUB1770448,2.23,5.13,0.12,0.57,146.3,0,1,18-24,Postpaid_Basic,Premium_Smartphone,4G+,2026-06-30
SUB4819128,0.41,0.11,0.09,0.18,38.13,0,0,55+,Prepaid_Daily,Mid_Range,4G,2026-06-24
SUB9126710,1.1,3.74,0.12,0.16,123.09,0,0,25-34,Prepaid_Daily,Premium_Smartphone,4G+,2026-06-16
SUB6274033,0.47,1.02,0.33,0.19,90.62,1,0,25-34,Prepaid_Monthly,Mid_Range,5G,2026-06-29
SUB2840220,0.05,0.22,0.1,0.08,27.72,0,1,55+,Prepaid_Monthly,Basic_Phone,5G,2026-06-12
SUB9523019,0.59,5.17,0.12,0.95,93.75,0,0,25-34,Postpaid_Unlimited,5G_Device,4G,2026-06-09
SUB5151910,3.18,0.31,0.22,0.17,81.82,0,0,35-44,Prepaid_Monthly,Mid_Range,5G,2026-06-24
SUB3677678,1.5,0.75,1.51,0.42,169.57,1,0,45-54,Postpaid_Unlimited,5G_Device,5G,2026-06-18
SUB1412610,2.15,1.9,0.11,0.02,61.8,0,0,18-24,Postpaid_Premium,5G_Device,3G,2026-06-18
SUB8178560,1.55,2.15,0.01,0.21,62.19,0,0,18-24,Postpaid_Premium,Mid_Range,4G+,2026-06-11
SUB1052055,2.12,1.1,2.65,0.38,177.48,1,1,18-24,Prepaid_Monthly,Tablet,4G+,2026-06-17
SUB6347389,2.14,0.51,0.01,0.0,91.07,0,0,45-54,Prepaid_Monthly,5G_Device,4G,2026-06-21
SUB7943122,2.15,2.43,0.61,0.49,93.22,0,0,18-24,Prepaid_Monthly,Tablet,4G,2026-06-09
SUB2136263,8.0,0.2,2.54,0.21,59.95,0,1,25-34,Postpaid_Unlimited,Premium_Smartphone,4G,2026-07-06
SUB3497838,7.17,6.0,3.37,2.85,105.1,0,0,25-34,Postpaid_Unlimited,5G_Device,5G,2026-06-09
SUB6129584,2.92,0.66,0.42,0.79,136.47,0,0,25-34,Prepaid_Monthly,Premium_Smartphone,5G,2026-06-08
SUB6762726,1.61,5.22,0.5,0.62,103.96,0,1,35-44,Prepaid_Monthly,5G_Device,4G,2026-06-24
SUB3299820,0.58,1.42,0.14,0.01,48.37,0,1,55+,Postpaid_Basic,Premium_Smartphone,3G,2026-06-14
SUB4543244,0.37,1.5,0.02,0.25,85.27,0,0,25-34,Prepaid_Monthly,5G_Device,4G,2026-06-15
SUB2838346,3.22,3.76,0.4,0.32,87.95,0,0,25-34,Postpaid_Premium,Premium_Smartphone,5G,2026-06-22
SUB8402633,2.07,2.49,0.08,0.61,124.14,1,0,45-54,Postpaid_Premium,Premium_Smartphone,5G,2026-06-26
SUB8566169,3.05,5.12,0.71,2.04,78.9,1,0,25-34,Postpaid_Premium,5G_Device,4G,2026-06-22
SUB7911542,1.09,0.27,0.29,0.66,64.6,1,1,55+,Postpaid_Premium,Mid_Range,4G,2026-06-08
SUB6898131,0.55,0.65,0.18,0.16,17.41,0,1,25-34,Postpaid_Basic,Basic_Phone,4G,2026-07-06
SUB1159876,0.46,0.24,0.17,0.07,31.9,0,0,25-34,Prepaid_Monthly,Mid_Range,4G,2026-07-03
SUB6516182,0.43,0.59,0.22,0.21,77.65,0,0,55+,Postpaid_Premium,Tablet,4G,2026-07-05
SUB4410331,1.69,3.73,0.06,0.05,77.22,0,0,25-34,Postpaid_Unlimited,5G_Device,4G,2026-07-05
SUB7189152,2.88,2.09,0.06,0.71,111.87,1,0,18-24,Prepaid_Daily,Premium_Smartphone,5G,2026-06-07
SUB4511449,7.02,2.68,0.48,0.33,98.18,0,1,18-24,Prepaid_Monthly,Tablet,4G,2026-06-12
SUB2414447,0.08,0.19,0.02,0.03,49.99,0,0,55+,Prepaid_Daily,Mid_Range,4G,2026-06-09
SUB4458332,1.09,1.57,0.28,0.09,60.28,1,0,45-54,Postpaid_Premium,Mid_Range,4G,2026-06-20
SUB3180122,1.33,0.35,0.1,0.32,125.5,0,0,25-34,Prepaid_Daily,Premium_Smartphone,5G,2026-06-30
SUB1716177,0.98,1.92,0.09,0.24,44.79,0,1,45-54,Postpaid_Premium,Mid_Range,4G,2026-07-06
SUB6412199,0.85,1.05,0.74,0.48,59.36,0,1,25-34,Prepaid_Monthly,Mid_Range,4G+,2026-06-25
SUB4019332,3.04,0.81,2.25,0.66,51.14,1,0,25-34,Postpaid_Premium,Premium_Smartphone,3G,2026-06-28
SUB1479177,2.02,0.84,1.23,1.87,75.91,0,0,35-44,Postpaid_Basic,Mid_Range,5G,2026-06-20
SUB1521317,1.04,6.0,0.9,0.01,85.16,0,0,35-44,Prepaid_Monthly,5G_Device,5G,2026-07-01
SUB4826562,0.17,0.3,0.13,0.01,32.67,0,0,25-34,Prepaid_Monthly,Mid_Range,3G,2026-06-22
SUB9167399,1.82,2.24,1.49,1.96,87.98,0,1,18-24,Prepaid_Monthly,Tablet,4G+,2026-06-13
SUB2508797,5.74,2.49,0.2,0.05,104.89,1,1,18-24,Postpaid_Premium,5G_Device,3G,2026-06-21
SUB4926888,6.09,0.6,0.01,2.76,60.77,0,0,45-54,Postpaid_Premium,Premium_Smartphone,4G,2026-06-11
SUB3024676,0.84,1.49,0.01,0.38,44.87,1,0,45-54,Prepaid_Monthly,Mid_Range,4G,2026-06-26
SUB6202753,0.86,3.91,0.35,0.36,110.54,0,1,35-44,Postpaid_Basic,Tablet,5G,2026-06-10
SUB3152304,0.45,0.09,0.03,0.0,33.88,1,0,45-54,Prepaid_Daily,Basic_Phone,3G,2026-06-08
SUB8560105,1.1,0.35,0.39,0.17,36.4,0,0,35-44,Postpaid_Premium,Mid_Range,4G,2026-06-23
SUB5552939,0.03,0.07,0.01,0.14,8.4,1,0,45-54,Prepaid_Monthly,Basic_Phone,4G,2026-06-10
SUB7514849,8.0,3.4,0.06,0.47,122.61,1,0,18-24,Postpaid_Unlimited,Tablet,4G,2026-06-16
SUB9475177,7.66,2.81,2.99,0.3,186.59,1,0,25-34,Postpaid_Basic,5G_Device,5G,2026-07-01
SUB9198931,0.9,6.0,0.16,0.01,61.01,0,1,25-34,Postpaid_Basic,Tablet,3G,2026-07-06
SUB1984131,1.8,0.47,0.41,0.29,62.2,1,0,25-34,Prepaid_Daily,Premium_Smartphone,3G,2026-06-12
SUB5875436,0.1,0.22,0.04,0.0,10.42,0,1,35-44,Prepaid_Daily,Basic_Phone,3G,2026-06-24
SUB8749611,0.76,0.45,0.37,0.35,78.28,0,0,55+,Postpaid_Basic,5G_Device,4G+,2026-06-12
SUB5878154,1.69,0.55,0.0,0.76,75.56,0,0,25-34,Postpaid_Basic,Mid_Range,4G+,2026-06-12
SUB8940312,0.12,0.21,0.08,0.13,62.32,0,0,55+,Prepaid_Daily,Mid_Range,4G,2026-06-26
SUB8681147,1.86,3.2,1.02,1.4,90.15,1,0,25-34,Postpaid_Premium,Mid_Range,4G+,2026-06-14
SUB6204369,1.59,0.42,0.32,0.02,38.34,0,0,25-34,Prepaid_Monthly,Mid_Range,4G,2026-06-29
SUB7361293,0.87,0.22,0.83,0.08,86.45,0,0,35-44,Prepaid_Monthly,5G_Device,4G,2026-06-18
SUB6905447,2.24,2.66,1.26,0.27,68.93,0,1,25-34,Postpaid_Premium,Mid_Range,4G,2026-06-09
SUB1945424,1.08,3.36,0.43,1.38,70.96,1,0,25-34,Postpaid_Unlimited,Mid_Range,5G,2026-07-03
SUB2958754,0.38,3.73,3.13,0.71,123.66,1,0,35-44,Prepaid_Monthly,Premium_Smartphone,4G,2026-06-11
SUB1639068,0.98,0.56,0.15,0.02,44.26,1,1,55+,Postpaid_Premium,Mid_Range,4G,2026-06-10
SUB2371242,1.49,0.03,0.5,0.06,56.17,1,0,35-44,Postpaid_Premium,Basic_Phone,5G,2026-06-30
SUB4663175,5.07,6.0,1.69,2.87,110.62,0,0,25-34,Postpaid_Unlimited,5G_Device,4G+,2026-07-01
SUB7150208,0.48,0.38,0.46,0.1,39.99,0,0,18-24,Prepaid_Monthly,Mid_Range,3G,2026-06-20
SUB3020148,2.13,1.02,0.18,0.14,143.04,0,0,55+,Postpaid_Unlimited,5G_Device,5G,2026-06-18
SUB2160675,0.79,0.52,0.89,0.5,72.24,0,0,25-34,Prepaid_Monthly,Premium_Smartphone,3G,2026-06-13
SUB6918342,0.66,0.05,0.01,0.06,71.89,1,0,55+,Prepaid_Monthly,Mid_Range,4G,2026-06-11
SUB5036589,3.74,0.4,0.5,0.12,66.03,0,0,25-34,Prepaid_Monthly,Premium_Smartphone,3G,2026-06-09
SUB3726427,0.12,0.97,0.34,0.01,64.15,0,0,35-44,Prepaid_Monthly,Mid_Range,4G,2026-06-08
SUB5772925,0.6,1.04,0.34,0.03,33.89,0,0,35-44,Postpaid_Premium,Mid_Range,4G,2026-06-27
SUB9079850,0.2,0.57,0.0,0.04,17.96,0,0,25-34,Postpaid_Basic,Basic_Phone,3G,2026-06-26
SUB4138832,0.05,0.08,0.06,0.03,10.06,0,0,35-44,Prepaid_Monthly,Basic_Phone,3G,2026-06-25
SUB3050276,2.24,1.34,0.48,0.75,109.51,0,1,25-34,Prepaid_Daily,Premium_Smartphone,4G,2026-07-03
SUB3809858,0.19,0.22,0.03,0.17,17.45,0,0,35-44,Prepaid_Monthly,Basic_Phone,4G,2026-07-06
SUB6973721,0.7,0.84,0.07,0.01,39.47,0,0,45-54,Prepaid_Monthly,Mid_Range,3G,2026-07-05
SUB3016142,1.9,0.88,0.2,0.05,118.57,0,0,18-24,Prepaid_Monthly,5G_Device,4G+,2026-07-06
SUB5587826,0.67,0.31,0.11,0.04,23.82,0,0,35-44,Prepaid_Monthly,Basic_Phone,4G,2026-06-07
SUB5544943,1.74,4.41,0.09,0.16,72.62,1,0,18-24,Prepaid_Daily,Mid_Range,5G,2026-06-10
SUB3691207,1.94,5.42,0.57,0.2,82.63,0,0,18-24,Postpaid_Basic,Premium_Smartphone,4G,2026-06-27
SUB4250060,0.41,0.98,0.64,0.65,42.19,0,0,35-44,Postpaid_Premium,5G_Device,3G,2026-06-14
SUB9007599,0.37,0.66,0.06,0.05,39.82,1,0,18-24,Prepaid_Daily,Basic_Phone,4G,2026-06-22
SUB4971586,0.34,1.29,0.19,0.1,55.1,1,0,35-44,Prepaid_Daily,Mid_Range,4G+,2026-06-09
SUB1374344,0.52,1.78,0.19,0.1,34.72,0,1,18-24,Postpaid_Basic,Mid_Range,3G,2026-06-24
SUB8021982,1.24,3.06,0.43,0.34,117.36,1,1,25-34,Prepaid_Monthly,Mid_Range,4G+,2026-07-04
SUB3851957,1.05,2.85,0.31,0.57,104.79,0,1,18-24,Postpaid_Basic,Mid_Range,5G,2026-06-20
SUB7472345,8.0,6.0,0.09,1.51,58.08,1,0,18-24,Postpaid_Unlimited,Mid_Range,4G+,2026-06-07
SUB2548496,1.28,1.22,1.01,0.01,39.98,0,0,45-54,Postpaid_Premium,Mid_Range,4G+,2026-06-10
SUB1295863,0.72,3.51,0.12,0.45,92.44,0,1,35-44,Postpaid_Premium,Mid_Range,4G+,2026-07-04
SUB9196722,0.21,0.06,0.08,0.0,29.73,0,0,55+,Prepaid_Monthly,Mid_Range,3G,2026-06-25
SUB2389068,2.95,1.21,0.39,1.3,48.38,0,0,18-24,Prepaid_Monthly,Premium_Smartphone,4G,2026-07-03
SUB1226884,1.5,0.56,0.3,0.0,51.0,0,0,45-54,Postpaid_Basic,Mid_Range,4G,2026-06-25
SUB4417932,5.67,1.26,0.61,0.13,51.35,0,0,35-44,Postpaid_Unlimited,Mid_Range,5G,2026-07-01
SUB8339096,1.33,0.62,0.04,0.08,87.55,0,1,25-34,Postpaid_Unlimited,Mid_Range,5G,2026-06-13
SUB8034926,0.29,0.58,0.29,0.25,43.09,0,0,35-44,Prepaid_Monthly,Mid_Range,4G,2026-06-14
SUB5506371,0.32,1.35,0.86,0.27,124.0,0,0,35-44,Prepaid_Monthly,5G_Device,5G,2026-07-06
SUB1078563,4.42,1.33,1.67,0.33,97.29,0,0,25-34,Prepaid_Monthly,Tablet,4G,2026-06-20
SUB2138355,0.5,0.56,0.14,0.23,37.83,0,0,35-44,Prepaid_Daily,Mid_Range,4G,2026-06-24
SUB6131547,1.95,0.67,0.04,0.34,75.45,0,1,25-34,Postpaid_Premium,Mid_Range,4G,2026-06-27
SUB3196856,1.99,2.17,0.1,0.43,109.41,0,1,25-34,Prepaid_Monthly,Premium_Smartphone,4G+,2026-06-16
SUB6504637,3.66,0.5,0.08,0.09,39.61,0,1,25-34,Prepaid_Monthly,Basic_Phone,5G,2026-06-26
SUB2372407,4.91,1.76,1.23,0.14,101.23,0,0,45-54,Postpaid_Premium,5G_Device,4G+,2026-07-02
SUB3133643,0.93,1.13,0.11,0.22,115.6,1,1,25-34,Prepaid_Daily,Mid_Range,4G+,2026-06-14
SUB4001519,1.75,1.73,0.49,0.08,98.25,1,0,25-34,Postpaid_Basic,Premium_Smartphone,4G,2026-06-12
SUB8213741,0.33,0.39,0.08,0.02,34.54,0,0,35-44,Prepaid_Daily,Mid_Range,3G,2026-06-13
SUB2069024,0.69,0.31,0.02,0.02,20.76,0,0,45-54,Prepaid_Monthly,Mid_Range,3G,2026-06-10
SUB2362270,0.98,0.28,0.39,0.2,62.22,0,0,35-44,Prepaid_Daily,Mid_Range,4G+,2026-07-06
SUB8913614,1.33,0.62,0.04,0.33,50.99,0,0,18-24,Postpaid_Basic,Premium_Smartphone,4G,2026-06-20
SUB7575046,1.68,2.23,0.16,0.16,85.2,1,0,35-44,Postpaid_Premium,5G_Device,4G,2026-06-27
SUB5533027,8.0,1.97,0.4,0.45,45.13,0,0,25-34,Postpaid_Premium,Tablet,4G,2026-06-19
SUB8032205,1.93,1.55,0.66,0.03,48.69,0,0,25-34,Postpaid_Basic,Mid_Range,4G,2026-07-02
SUB1901111,3.74,2.06,0.25,0.11,61.17,0,0,35-44,Postpaid_Premium,Premium_Smartphone,3G,2026-06-24
SUB3114253,1.15,1.37,0.05,0.96,49.49,0,1,35-44,Prepaid_Monthly,Mid_Range,4G,2026-06-22
SUB9678768,3.55,2.06,4.0,1.69,105.72,1,0,45-54,Postpaid_Premium,Premium_Smartphone,5G,2026-06-21
SUB9014324,1.19,1.61,0.05,0.06,40.97,0,0,35-44,Prepaid_Monthly,Mid_Range,4G,2026-06-13
SUB8777901,2.48,0.28,2.24,1.13,70.53,0,0,35-44,Prepaid_Monthly,Premium_Smartphone,4G+,2026-06-16
SUB5809073,0.39,0.5,1.16,0.48,130.96,0,0,25-34,Prepaid_Daily,5G_Device,5G,2026-07-01
SUB7868546,1.13,2.55,0.47,0.92,135.02,1,0,18-24,Prepaid_Daily,5G_Device,4G+,2026-06-23
SUB5404309,2.29,0.16,0.08,0.03,60.93,0,0,55+,Postpaid_Unlimited,Premium_Smartphone,3G,2026-06-14
SUB2620706,0.59,1.15,0.05,0.12,43.63,0,1,25-34,Prepaid_Daily,Mid_Range,4G,2026-06-14
SUB5240843,1.66,1.08,0.31,0.27,87.55,1,0,35-44,Prepaid_Monthly,5G_Device,3G,2026-06-07
SUB1770569,0.84,0.57,0.36,0.72,121.87,0,0,45-54,Postpaid_Basic,Tablet,4G+,2026-06-16
SUB3513384,0.6,3.65,0.28,0.1,40.2,0,0,18-24,Prepaid_Monthly,Mid_Range,3G,2026-06-13
SUB8813516,3.48,6.0,3.11,0.22,153.88,0,0,45-54,Postpaid_Unlimited,5G_Device,5G,2026-06-20
SUB1115042,2.78,2.72,0.12,0.05,133.63,1,0,45-54,Postpaid_Unlimited,Tablet,4G+,2026-06-28
SUB1092447,0.8,0.73,0.89,0.03,75.67,0,1,45-54,Prepaid_Monthly,Mid_Range,4G,2026-06-23
SUB6547631,2.45,6.0,0.51,0.64,79.26,1,0,18-24,Prepaid_Daily,Premium_Smartphone,4G,2026-06-14
SUB8498725,0.05,1.19,0.27,2.87,98.96,0,0,25-34,Prepaid_Monthly,Premium_Smartphone,5G,2026-06-21
SUB8352855,3.04,0.67,0.01,3.35,160.79,0,0,18-24,Postpaid_Basic,Premium_Smartphone,5G,2026-06-30
SUB3743122,3.53,0.81,0.05,1.62,79.86,1,0,35-44,Prepaid_Monthly,Mid_Range,5G,2026-06-12
SUB4734341,0.25,0.11,0.38,0.01,22.02,0,0,35-44,Postpaid_Basic,Mid_Range,3G,2026-06-22
SUB4535797,0.39,0.45,0.07,0.12,33.59,0,0,18-24,Postpaid_Premium,Basic_Phone,5G,2026-06-22
SUB8397803,0.4,0.87,0.61,0.35,93.68,1,1,35-44,Prepaid_Monthly,Premium_Smartphone,3G,2026-06-12
SUB7277609,7.41,2.16,0.1,0.12,112.84,0,1,25-34,Prepaid_Daily,5G_Device,4G,2026-06-26
SUB9165571,0.26,2.24,0.46,0.07,59.7,0,0,45-54,Prepaid_Monthly,Premium_Smartphone,4G,2026-06-27
SUB4727904,0.05,0.57,0.03,0.06,31.53,0,0,25-34,Postpaid_Premium,Basic_Phone,4G+,2026-06-21
SUB4232567,0.69,1.67,1.38,0.59,104.77,0,1,25-34,Prepaid_Monthly,5G_Device,4G,2026-06-23
SUB5361909,0.62,0.32,0.09,0.22,43.13,0,0,25-34,Prepaid_Monthly,Mid_Range,4G,2026-06-22
SUB7808210,0.52,0.3,0.3,0.38,73.64,1,1,45-54,Prepaid_Monthly,5G_Device,3G,2026-06-17
SUB7216618,0.51,1.67,3.34,0.01,109.73,0,0,25-34,Postpaid_Basic,Premium_Smartphone,4G+,2026-07-05
SUB2149707,2.11,0.59,0.47,0.08,90.75,0,0,25-34,Prepaid_Monthly,Premium_Smartphone,4G,2026-06-14
SUB6572618,3.54,6.0,1.28,0.15,88.15,0,0,18-24,Postpaid_Unlimited,Premium_Smartphone,4G,2026-06-19
SUB5880779,8.0,1.85,0.23,0.0,84.92,1,0,25-34,Postpaid_Premium,Mid_Range,4G+,2026-06-24
SUB4783938,0.6,0.87,0.13,0.13,92.52,1,0,45-54,Postpaid_Premium,Premium_Smartphone,3G,2026-06-20
SUB7396930,1.32,2.19,0.03,0.15,76.71,0,0,45-54,Postpaid_Unlimited,Mid_Range,5G,2026-06-25
SUB4743382,2.3,5.37,0.6,4.17,93.44,0,0,18-24,Postpaid_Premium,Premium_Smartphone,4G,2026-06-09
SUB5172975,2.0,3.24,1.58,0.76,79.11,1,1,25-34,Postpaid_Premium,Mid_Range,4G,2026-06-25
SUB5231874,1.62,2.71,1.68,2.04,107.14,1,1,18-24,Prepaid_Monthly,Premium_Smartphone,4G,2026-06-22
SUB1481193,0.74,0.68,0.11,0.01,97.01,1,0,55+,Postpaid_Basic,Tablet,4G+,2026-06-12
SUB3759127,0.26,0.17,0.16,0.23,30.13,0,0,35-44,Prepaid_Daily,Mid_Range,3G,2026-06-16
SUB8378343,1.31,0.72,0.23,0.17,124.48,1,0,45-54,Prepaid_Monthly,Premium_Smartphone,4G,2026-06-25
SUB1627475,1.12,0.58,1.92,0.35,106.11,1,0,35-44,Prepaid_Monthly,5G_Device,4G+,2026-06-07
SUB1540027,0.11,0.22,0.0,0.23,50.05,1,1,45-54,Postpaid_Basic,Basic_Phone,4G+,2026-07-02
SUB7357658,0.61,0.75,0.09,0.0,72.65,0,0,55+,Postpaid_Basic,5G_Device,4G,2026-07-01
SUB2797355,0.83,0.73,1.77,0.28,35.01,0,0,18-24,Postpaid_Basic,Mid_Range,4G,2026-06-07
SUB1755724,0.93,1.47,0.1,0.01,86.55,1,0,55+,Postpaid_Premium,Premium_Smartphone,4G,2026-06-07
SUB6159253,0.84,0.33,0.01,0.98,128.29,0,0,45-54,Prepaid_Daily,Tablet,5G,2026-06-08
SUB8641646,2.39,0.43,0.39,1.91,123.18,1,0,25-34,Prepaid_Monthly,Tablet,4G,2026-07-05
SUB4482837,0.68,0.36,0.48,0.06,97.57,1,1,45-54,Prepaid_Daily,Mid_Range,5G,2026-07-02
SUB2436052,0.66,2.7,0.14,0.09,55.95,0,0,35-44,Prepaid_Daily,Mid_Range,4G,2026-07-02
SUB4537553,0.08,0.43,0.01,1.68,54.59,0,0,45-54,Postpaid_Basic,5G_Device,3G,2026-07-01
SUB4931067,2.08,6.0,0.17,0.61,152.69,0,0,18-24,Postpaid_Premium,5G_Device,5G,2026-07-04
SUB6881468,5.24,2.65,0.63,0.39,131.15,1,0,35-44,Prepaid_Monthly,Premium_Smartphone,5G,2026-06-18
SUB5494445,0.86,5.15,1.14,0.35,33.22,0,1,18-24,Postpaid_Premium,Basic_Phone,5G,2026-06-10
SUB1696084,4.31,6.0,0.38,0.1,102.79,1,0,45-54,Postpaid_Unlimited,5G_Device,5G,2026-06-16
SUB3481498,0.07,0.25,0.08,0.3,50.32,0,0,55+,Prepaid_Monthly,Mid_Range,4G,2026-06-22
SUB4104379,3.82,5.63,4.0,1.04,174.97,1,1,35-44,Postpaid_Premium,5G_Device,5G,2026-06-21
SUB8233646,1.82,0.82,0.57,0.54,44.69,0,0,25-34,Prepaid_Daily,Mid_Range,4G+,2026-06-19
SUB7258588,6.67,6.0,2.51,0.36,88.61,0,1,35-44,Postpaid_Premium,Premium_Smartphone,4G,2026-06-28
SUB6511598,0.66,1.2,0.69,0.22,64.19,1,0,25-34,Prepaid_Daily,Mid_Range,4G,2026-07-04
SUB1036051,3.81,0.72,0.99,0.26,133.25,0,0,35-44,Postpaid_Premium,Premium_Smartphone,5G,2026-07-06
SUB7307365,0.93,1.93,0.02,0.14,65.03,0,0,35-44,Prepaid_Monthly,5G_Device,3G,2026-06-20
SUB5677202,1.29,0.59,0.48,1.54,115.22,1,0,18-24,Postpaid_Unlimited,Premium_Smartphone,4G,2026-06-11
SUB6320218,8.0,2.1,0.07,0.18,91.98,0,0,18-24,Postpaid_Basic,5G_Device,4G+,2026-06-08
SUB7102744,0.04,1.15,0.52,0.98,60.79,0,0,35-44,Prepaid_Daily,Premium_Smartphone,4G,2026-06-30
SUB4666279,0.34,0.22,0.11,0.2,19.68,0,0,25-34,Postpaid_Basic,Basic_Phone,5G,2026-06-08
SUB4436005,0.78,0.51,0.02,0.96,71.61,0,0,45-54,Postpaid_Premium,Premium_Smartphone,4G,2026-06-25
SUB4852659,1.34,1.77,0.42,0.01,83.23,0,0,25-34,Postpaid_Basic,Premium_Smartphone,4G,2026-07-06
SUB3700502,4.04,6.0,0.28,0.34,88.75,1,0,18-24,Postpaid_Unlimited,Mid_Range,5G,2026-07-02
SUB5567994,7.2,6.0,1.72,1.44,108.38,1,1,35-44,Postpaid_Premium,Mid_Range,4G,2026-06-14
SUB3022862,0.93,0.42,0.38,0.06,25.92,0,0,35-44,Postpaid_Basic,Basic_Phone,4G+,2026-06-17
SUB8656575,2.4,0.56,0.17,0.09,57.64,1,1,35-44,Prepaid_Monthly,Mid_Range,4G,2026-06-08
SUB6006034,0.57,0.37,0.14,0.0,95.48,1,0,35-44,Prepaid_Daily,Mid_Range,4G+,2026-06-18
SUB1677551,4.06,2.45,1.98,0.05,125.74,0,0,25-34,Postpaid_Unlimited,Tablet,5G,2026-07-03
SUB2212740,1.47,5.78,0.76,0.16,98.97,1,0,35-44,Postpaid_Unlimited,Premium_Smartphone,4G,2026-06-12
SUB7380863,2.08,0.54,1.3,0.05,105.22,0,0,18-24,Prepaid_Monthly,Premium_Smartphone,5G,2026-06-14
SUB8546361,1.13,0.61,0.08,0.42,71.58,0,0,25-34,Postpaid_Basic,5G_Device,4G,2026-07-03
SUB1497165,0.82,5.39,0.34,6.0,168.92,1,1,18-24,Postpaid_Premium,5G_Device,4G+,2026-07-02
SUB4732529,3.25,1.68,0.33,0.75,125.8,0,1,18-24,Postpaid_Basic,Premium_Smartphone,4G,2026-06-20
SUB6031833,0.35,0.31,0.07,0.03,27.61,0,0,18-24,Postpaid_Premium,Basic_Phone,4G+,2026-06-20
SUB8239239,1.74,1.65,0.18,0.31,34.41,0,0,18-24,Prepaid_Daily,5G_Device,3G,2026-06-16
SUB3560390,0.02,0.52,0.18,0.01,34.69,1,0,55+,Postpaid_Unlimited,Basic_Phone,5G,2026-06-26
SUB4093348,0.11,1.9,0.12,0.69,61.65,0,0,25-34,Prepaid_Monthly,5G_Device,4G,2026-06-28
SUB9258103,0.69,0.86,0.3,6.0,47.21,0,0,18-24,Postpaid_Basic,Mid_Range,4G,2026-07-04
SUB1978536,1.01,0.33,0.4,0.49,75.59,0,1,45-54,Prepaid_Monthly,Premium_Smartphone,4G,2026-06-19
SUB6244899,0.33,3.28,1.16,0.03,77.35,0,0,25-34,Postpaid_Basic,Premium_Smartphone,4G,2026-06-09
SUB1605743,0.06,0.24,0.01,0.03,5.0,0,0,25-34,Postpaid_Basic,Basic_Phone,3G,2026-06-22
SUB3246928,0.21,0.66,1.57,0.84,39.36,0,0,25-34,Postpaid_Premium,Mid_Range,4G,2026-06-10
SUB2197678,3.97,3.5,1.17,0.05,121.87,1,0,25-34,Postpaid_Basic,Premium_Smartphone,4G+,2026-06-12
SUB3486179,3.9,0.18,0.06,0.0,74.44,0,0,25-34,Postpaid_Premium,5G_Device,4G,2026-07-05
SUB8147333,8.0,1.69,0.0,2.15,111.29,0,1,25-34,Prepaid_Monthly,Premium_Smartphone,4G,2026-06-19
SUB1003420,1.34,1.57,3.79,0.51,116.04,0,1,45-54,Postpaid_Unlimited,5G_Device,4G+,2026-06-13
SUB8137763,0.13,0.5,0.26,0.03,29.39,0,0,18-24,Prepaid_Daily,Basic_Phone,4G,2026-06-12
SUB7470181,1.04,0.19,0.1,0.16,34.78,0,0,18-24,Postpaid_Basic,Basic_Phone,4G,2026-06-20
SUB5735332,2.01,1.12,0.51,0.02,134.79,0,0,35-44,Prepaid_Daily,Premium_Smartphone,5G,2026-06-18
SUB6176367,0.29,0.9,0.03,0.02,56.04,0,1,25-34,Prepaid_Monthly,Mid_Range,4G,2026-06-10
SUB5638952,0.79,0.65,0.03,0.59,79.08,0,0,25-34,Prepaid_Monthly,Premium_Smartphone,4G,2026-06-30
SUB8868451,2.02,5.76,0.54,0.09,124.47,0,1,45-54,Postpaid_Unlimited,Premium_Smartphone,4G,2026-07-02
SUB7749645,0.3,0.27,0.03,0.1,109.57,1,0,55+,Prepaid_Daily,Tablet,4G,2026-06-17
SUB8585321,0.04,0.8,1.17,0.07,6.12,1,0,45-54,Prepaid_Monthly,Basic_Phone,4G,2026-06-28
SUB7380798,0.64,2.12,1.21,2.24,64.0,1,1,18-24,Postpaid_Premium,Mid_Range,4G,2026-06-23
SUB2308396,0.06,0.65,0.22,0.06,108.57,0,0,55+,Prepaid_Daily,5G_Device,5G,2026-07-01
SUB2235340,0.27,1.73,0.82,0.59,17.7,0,0,25-34,Postpaid_Premium,Basic_Phone,5G,2026-06-16
SUB9447149,1.88,1.76,0.12,0.08,70.83,1,0,18-24,Postpaid_Unlimited,Premium_Smartphone,3G,2026-07-04
SUB3232821,0.35,5.32,0.0,1.32,64.95,0,0,25-34,Postpaid_Premium,5G_Device,3G,2026-06-13
SUB5356164,0.62,1.04,0.43,0.42,35.69,0,0,35-44,Prepaid_Monthly,Mid_Range,4G,2026-07-01
SUB4079676,2.44,3.03,0.99,1.29,31.96,0,0,18-24,Prepaid_Monthly,Mid_Range,4G,2026-06-22
SUB3729701,0.29,0.64,0.1,0.05,63.06,0,0,35-44,Prepaid_Daily,Mid_Range,4G+,2026-06-26
SUB9683823,0.32,0.71,0.0,0.31,57.34,0,1,45-54,Prepaid_Daily,Mid_Range,4G,2026-06-15
SUB4600867,0.87,3.64,0.51,0.29,85.28,0,0,25-34,Prepaid_Daily,Premium_Smartphone,4G+,2026-06-18
SUB4596436,0.28,2.62,0.19,0.13,50.82,0,0,35-44,Postpaid_Unlimited,Mid_Range,4G,2026-06-17
SUB4484634,8.0,1.53,0.3,0.06,52.42,0,0,25-34,Postpaid_Basic,Mid_Range,4G+,2026-06-28
SUB6409351,0.52,5.72,0.8,1.22,147.87,0,1,25-34,Prepaid_Monthly,Premium_Smartphone,5G,2026-07-05
SUB7805751,4.83,2.53,0.29,0.14,90.75,0,0,25-34,Prepaid_Monthly,Tablet,4G,2026-07-06
SUB9336484,1.17,1.51,0.3,0.47,126.36,0,1,35-44,Postpaid_Basic,5G_Device,4G,2026-06-16
