user_id,total_data_mb,total_data_gb,streaming_data_mb,social_data_mb,messaging_data_mb,gaming_data_mb,data_usage_category
SUB7423388,756.41,0.739,542.92,133.07,13.32,60.29,Light
SUB7550634,2292.13,2.238,1214.57,814.33,8.67,3.0,Moderate
SUB5304572,1124.3,1.098,814.07,102.5,11.07,149.01,Light
SUB3234489,12649.53,12.353,12057.73,624.75,0.0,132.93,Power_User
SUB8204212,500.87,0.489,178.69,92.37,0.86,71.8,Very_Light
SUB5472471,3361.08,3.282,1860.67,1546.29,4.27,45.88,Moderate
SUB5523669,364.2,0.356,277.23,28.9,0.63,1.94,Very_Light
SUB8404852,1112.28,1.086,961.48,24.14,3.43,19.75,Light
SUB5981505,6377.66,6.228,4910.11,637.14,25.5,183.36,Heavy
SUB2766891,1690.09,1.65,1396.58,293.05,1.57,3.1,Light
SUB5521373,911.73,0.89,495.4,258.6,3.91,29.1,Light
SUB7019877,3476.51,3.395,3312.23,271.08,11.79,123.06,Moderate
SUB4344769,219.26,0.214,168.73,40.54,0.93,7.3,Very_Light
SUB1103355,200.36,0.196,64.12,31.96,6.63,12.6,Very_Light
SUB2262752,748.08,0.731,589.89,45.88,3.11,54.62,Light
SUB6664789,3226.57,3.151,1012.37,2088.23,22.65,128.55,Moderate
SUB6743066,1491.05,1.456,962.95,395.96,0.72,21.72,Light
SUB7113790,1089.85,1.064,317.0,650.52,0.73,0.87,Light
SUB5721339,1052.88,1.028,849.5,12.25,0.28,36.88,Light
SUB4275709,6910.04,6.748,7001.06,83.85,3.28,51.94,Heavy
SUB1084654,1013.04,0.989,547.23,309.4,1.46,118.48,Light
SUB6147581,230.66,0.225,90.69,41.94,13.14,8.98,Very_Light
SUB2954354,616.42,0.602,201.39,215.41,22.34,115.56,Light
SUB9242680,1160.44,1.133,625.19,365.91,1.34,166.79,Light
SUB3428388,645.24,0.63,588.82,59.76,0.22,31.85,Light
SUB9916786,1269.31,1.24,864.67,147.63,9.66,51.96,Light
SUB3663046,445.18,0.435,281.42,68.01,2.18,6.98,Very_Light
SUB6499720,598.42,0.584,383.16,154.53,2.64,19.66,Light
SUB7640913,6931.48,6.769,4666.55,1571.69,3.65,3.6,Heavy
SUB4416664,3032.2,2.961,2686.06,479.51,8.43,1.84,Moderate
SUB4385659,4988.23,4.871,5189.72,24.82,0.74,0.0,Moderate
SUB4385357,1185.49,1.158,1049.01,214.58,0.16,0.0,Light
SUB2465689,1090.14,1.065,779.27,261.99,8.75,21.73,Light
SUB1068148,806.31,0.787,577.89,53.68,8.59,7.43,Light
SUB2825665,3138.81,3.065,2901.33,138.64,6.49,90.64,Moderate
SUB3745683,8172.16,7.981,7728.33,1022.23,8.16,2.77,Heavy
SUB5056518,629.19,0.614,230.15,239.52,6.83,34.72,Light
SUB3669995,1180.6,1.153,929.41,78.39,8.73,16.22,Light
SUB5997895,832.87,0.813,564.76,212.11,0.36,86.26,Light
SUB7397986,14371.72,14.035,12407.4,534.0,1.54,618.87,Power_User
SUB2870928,1656.97,1.618,475.58,940.4,8.31,40.57,Light
SUB5155299,663.71,0.648,225.0,222.81,2.33,14.73,Light
SUB7249859,834.47,0.815,562.55,203.11,5.18,7.07,Light
SUB3305413,9130.95,8.917,8940.18,415.2,0.18,5.8,Heavy
SUB4910197,215.31,0.21,38.09,110.55,1.01,43.54,Very_Light
SUB6558019,285.11,0.278,36.51,164.97,6.82,43.65,Very_Light
SUB6414709,6159.82,6.015,4394.95,1214.64,9.72,33.83,Heavy
SUB1271836,2992.26,2.922,2206.78,359.03,20.22,4.13,Moderate
SUB4584702,2566.79,2.507,1938.98,365.57,15.52,223.44,Moderate
SUB8281369,1057.93,1.033,767.54,166.5,39.35,51.7,Light
SUB3299435,307.67,0.3,191.02,70.97,2.37,19.29,Very_Light
SUB9585377,594.57,0.581,253.87,294.65,0.15,10.33,Light
SUB3658505,1116.5,1.09,911.29,190.1,1.52,13.47,Light
SUB2271741,6263.57,6.117,4102.1,1172.99,12.83,340.12,Heavy
SUB4769315,488.47,0.477,323.31,81.51,5.65,63.77,Very_Light
SUB2046797,6795.09,6.636,5753.78,447.81,9.18,73.76,Heavy
SUB4047262,2547.41,2.488,1907.72,523.82,18.9,90.87,Moderate
SUB1564685,528.85,0.516,415.27,102.41,16.16,5.76,Light
SUB3879190,13079.75,12.773,12288.67,317.81,3.06,191.3,Power_User
SUB6596411,607.89,0.594,528.31,52.68,8.95,18.0,Light
SUB2007293,4497.23,4.392,3843.23,320.67,2.55,56.21,Moderate
SUB5774183,975.95,0.953,543.06,268.65,1.64,25.63,Light
SUB4366612,190.97,0.186,102.77,16.66,0.15,16.95,Very_Light
SUB9411855,1780.74,1.739,938.72,530.76,66.78,44.52,Light
SUB6267180,207.54,0.203,173.79,25.81,2.21,3.84,Very_Light
SUB8807313,115.81,0.113,49.26,15.08,0.46,31.95,Very_Light
SUB3704238,1064.49,1.04,617.06,379.23,11.33,5.54,Light
SUB3630708,5260.55,5.137,4838.98,174.48,5.81,34.37,Heavy
SUB4494679,1939.82,1.894,1939.76,112.62,8.64,8.91,Light
SUB6517209,1747.45,1.706,1486.03,80.83,8.73,55.06,Light
SUB2767640,1353.0,1.321,709.95,502.69,4.17,19.08,Light
SUB7723771,3883.11,3.792,3087.71,257.27,9.82,189.96,Moderate
SUB2285160,2032.72,1.985,1097.69,849.35,6.66,15.46,Light
SUB7080526,476.7,0.466,47.29,362.87,3.66,9.0,Very_Light
SUB6173036,810.3,0.791,560.87,203.18,3.92,46.27,Light
SUB2425472,7210.48,7.041,5040.66,1921.07,69.08,1.17,Heavy
SUB1048984,14037.03,13.708,12992.5,2318.7,2.15,37.6,Power_User
SUB7556168,4771.47,4.66,3987.92,232.58,0.63,21.6,Moderate
SUB2504384,606.16,0.592,576.3,45.57,0.17,8.54,Light
SUB3230919,7880.37,7.696,6897.87,1351.71,7.62,69.43,Heavy
SUB7940119,6802.97,6.644,5863.53,220.18,0.59,30.24,Heavy
SUB2737095,2126.11,2.076,1588.92,421.02,6.92,99.02,Moderate
SUB5780450,480.55,0.469,193.12,170.68,0.43,37.91,Very_Light
SUB8469344,14232.63,13.899,12771.56,73.66,6.71,49.23,Power_User
SUB3109818,5921.59,5.783,5462.72,70.95,10.3,58.06,Heavy
SUB3231785,2846.15,2.779,1879.75,775.48,2.09,227.48,Moderate
SUB4853339,15219.3,14.863,14153.41,1228.04,4.46,51.29,Power_User
SUB1996107,21526.37,21.022,18870.24,1002.72,33.07,391.25,Power_User
SUB8130144,9777.82,9.549,9182.99,359.78,7.9,652.25,Heavy
SUB5545583,2527.54,2.468,1601.07,915.83,3.52,83.38,Moderate
SUB4747389,533.17,0.521,257.51,140.31,0.47,59.66,Light
SUB5142807,366.16,0.358,102.61,163.9,7.49,1.57,Very_Light
SUB8988004,1430.07,1.397,1018.08,261.23,3.23,1.57,Light
SUB7245035,10118.28,9.881,10563.1,452.55,15.02,48.56,Heavy
SUB4602279,7887.58,7.703,7141.85,769.36,0.08,34.26,Heavy
SUB6515989,2966.77,2.897,2428.15,569.34,9.91,21.08,Moderate
SUB3121690,7136.6,6.969,5763.58,1813.47,19.54,112.59,Heavy
SUB1491234,622.49,0.608,499.44,44.41,0.92,72.19,Light
SUB6401218,1324.13,1.293,919.56,323.95,7.27,0.0,Light
SUB7914550,689.26,0.673,153.09,416.64,9.97,23.1,Light
SUB7167294,1030.25,1.006,569.27,277.57,12.88,7.34,Light
SUB7906726,770.26,0.752,257.84,398.56,4.69,44.22,Light
SUB6888794,6993.31,6.829,6081.5,23.16,7.72,487.56,Heavy
SUB8558158,2841.82,2.775,2124.35,514.33,9.48,16.34,Moderate
SUB7510425,7213.91,7.045,7096.44,466.41,13.66,4.39,Heavy
SUB9511017,9843.33,9.613,8165.67,1559.94,39.47,130.26,Heavy
SUB8887739,964.34,0.942,630.38,118.22,2.76,3.99,Light
SUB1769598,3243.15,3.167,1802.41,986.09,7.43,95.19,Moderate
SUB6292895,3696.18,3.61,2469.34,729.82,7.0,172.31,Moderate
SUB8971379,331.2,0.323,84.09,203.99,1.42,5.05,Very_Light
SUB4331068,457.44,0.447,378.33,43.9,0.42,2.09,Very_Light
SUB4256415,8058.84,7.87,7441.22,428.52,1.94,27.33,Heavy
SUB1874371,4019.84,3.926,3715.27,133.74,3.59,48.63,Moderate
SUB6654237,16862.94,16.468,15912.55,1763.57,47.09,69.21,Power_User
SUB1973548,1310.14,1.279,1094.32,188.36,0.0,14.48,Light
SUB4344014,638.99,0.624,353.01,87.56,0.72,121.28,Light
SUB8064746,1265.35,1.236,616.57,456.68,4.19,32.89,Light
SUB7216204,2684.39,2.621,2207.26,227.54,4.25,24.59,Moderate
SUB6193542,2791.03,2.726,2493.88,55.34,6.14,46.21,Moderate
SUB3959034,992.66,0.969,384.09,383.32,0.29,11.21,Light
SUB5574293,15350.62,14.991,12935.65,905.34,33.05,113.65,Power_User
SUB7706971,3709.13,3.622,3217.03,290.99,5.43,14.48,Moderate
SUB1043585,2066.4,2.018,1298.17,811.43,1.63,13.26,Moderate
SUB3539448,812.98,0.794,644.48,109.93,1.18,0.62,Light
SUB1109556,1128.68,1.102,937.09,52.48,0.16,49.08,Light
SUB2575557,4520.89,4.415,4694.01,126.28,8.26,24.51,Moderate
SUB9306461,4347.54,4.246,4117.59,400.46,0.62,32.58,Moderate
SUB3009021,3826.21,3.737,3315.59,779.28,10.42,3.58,Moderate
SUB2201482,1223.65,1.195,817.24,242.53,12.21,180.04,Light
SUB1542335,124.07,0.121,91.68,1.86,0.77,4.3,Very_Light
SUB5270070,4259.63,4.16,3478.7,446.19,1.13,30.96,Moderate
SUB7700379,3055.21,2.984,2371.69,312.35,18.18,5.49,Moderate
SUB4560920,2410.84,2.354,937.54,1150.52,6.86,256.55,Moderate
SUB7860006,413.12,0.403,397.75,15.77,0.83,11.27,Very_Light
SUB3484413,555.58,0.543,488.61,64.87,8.61,10.89,Light
SUB3907360,1277.83,1.248,1019.5,102.24,18.92,41.8,Light
SUB6895544,1240.44,1.211,678.34,570.33,5.05,12.06,Light
SUB6697469,883.51,0.863,415.85,405.71,1.62,76.3,Light
SUB3235000,295.37,0.288,232.98,25.15,0.93,22.24,Very_Light
SUB7908531,581.47,0.568,436.06,25.2,0.0,30.17,Light
SUB5322252,780.82,0.763,455.92,213.57,1.75,62.51,Light
SUB6822184,2545.23,2.486,2208.39,166.77,8.56,142.46,Moderate
SUB1402690,1103.98,1.078,653.79,248.7,17.94,14.72,Light
SUB3548421,763.95,0.746,262.3,384.08,0.66,7.6,Light
SUB2954109,1757.07,1.716,1596.39,64.56,2.31,3.85,Light
SUB5422880,4730.84,4.62,3807.37,399.45,0.6,3.79,Moderate
SUB8205547,2269.35,2.216,2186.34,44.71,3.54,0.0,Moderate
SUB9323735,9286.82,9.069,6829.65,2065.58,2.04,327.25,Heavy
SUB7457294,874.89,0.854,520.28,234.38,2.54,1.65,Light
SUB2384250,205.41,0.201,146.65,23.57,0.0,0.0,Very_Light
SUB1061087,10401.29,10.158,9470.01,728.04,0.23,98.12,Power_User
SUB7409907,654.71,0.639,608.78,30.38,0.88,7.95,Light
SUB2496176,1009.56,0.986,323.2,393.37,16.56,136.86,Light
SUB1039353,23171.37,22.628,21618.27,165.49,1.23,267.93,Power_User
SUB7484531,242.77,0.237,180.81,33.54,0.69,11.15,Very_Light
SUB4360011,31075.13,30.347,30498.99,1137.79,58.14,4.39,Power_User
SUB8654909,489.63,0.478,321.35,136.5,4.83,5.83,Very_Light
SUB5259622,9133.24,8.919,9199.0,583.79,6.42,30.12,Heavy
SUB5959617,2028.5,1.981,1459.23,305.53,35.43,200.25,Light
SUB6725570,5207.92,5.086,4127.66,1355.67,2.44,9.87,Heavy
SUB1416880,6072.48,5.93,4314.35,1286.71,4.58,96.58,Heavy
SUB8072695,2301.18,2.247,658.61,1539.87,2.56,223.23,Moderate
SUB8433296,5079.24,4.96,3873.27,781.13,0.11,79.01,Moderate
SUB5965050,899.87,0.879,752.1,24.17,5.3,144.15,Light
SUB1813168,296.38,0.289,188.59,21.84,1.38,9.98,Very_Light
SUB1225281,1883.78,1.84,1295.92,410.4,49.17,183.71,Light
SUB4782875,5741.5,5.607,4426.95,1207.51,19.05,39.82,Heavy
SUB3995765,786.75,0.768,559.33,159.51,1.84,10.24,Light
SUB8734102,4998.72,4.882,4878.02,517.63,7.06,1.51,Moderate
SUB6595108,310.43,0.303,87.52,186.83,5.91,3.19,Very_Light
SUB6674719,2072.44,2.024,1869.55,41.71,6.28,94.59,Moderate
SUB9658144,2184.89,2.134,1382.99,399.09,70.42,52.96,Moderate
SUB7609280,34237.01,33.435,30954.08,43.24,56.23,481.52,Power_User
SUB6500306,2060.95,2.013,1622.4,240.83,57.76,31.77,Moderate
SUB5372093,6991.07,6.827,6242.92,547.03,8.59,16.25,Heavy
SUB2561729,276.49,0.27,220.85,7.21,0.88,27.5,Very_Light
SUB6031595,669.22,0.654,398.92,171.19,3.81,32.89,Light
SUB6478047,5236.87,5.114,4026.12,1402.45,47.34,79.56,Heavy
SUB2119043,7281.02,7.11,6866.54,701.11,8.38,147.29,Heavy
SUB8103230,115.77,0.113,82.51,6.94,1.35,4.89,Very_Light
SUB3558231,1680.55,1.641,1496.57,63.02,2.18,12.74,Light
SUB7659908,3860.86,3.77,3301.62,120.86,1.72,54.52,Moderate
SUB4080389,8358.55,8.163,6792.64,556.83,7.07,445.99,Heavy
SUB2661909,529.5,0.517,110.46,349.43,2.32,47.08,Light
SUB3656138,565.52,0.552,89.28,255.61,1.5,146.72,Light
SUB1110078,467.64,0.457,305.75,95.63,5.28,11.86,Very_Light
SUB2915631,1564.49,1.528,1491.85,71.88,2.91,1.77,Light
SUB7314127,1472.87,1.438,1278.93,123.56,1.91,67.73,Light
SUB3008187,13263.29,12.952,12376.06,330.31,64.45,16.74,Power_User
SUB2659066,1338.22,1.307,424.23,948.09,11.2,6.15,Light
SUB3148815,981.21,0.958,752.71,85.97,4.35,41.47,Light
SUB8355740,3953.07,3.86,3440.93,503.73,4.18,4.36,Moderate
SUB5506259,4162.87,4.065,4100.22,84.18,10.64,162.16,Moderate
SUB8473915,4030.24,3.936,3215.52,651.52,3.29,171.37,Moderate
SUB8658426,1234.04,1.205,380.94,619.46,26.91,135.49,Light
SUB7404003,3593.79,3.51,1634.26,1561.32,18.85,23.92,Moderate
SUB5135314,4331.41,4.23,3504.87,518.87,4.8,156.02,Moderate
SUB1910681,550.8,0.538,432.5,70.54,0.23,22.01,Light
SUB2607618,299.08,0.292,86.58,91.33,0.47,29.63,Very_Light
SUB4896830,7209.97,7.041,6547.41,224.36,3.59,25.45,Heavy
SUB5336787,904.94,0.884,437.46,297.09,3.8,14.45,Light
SUB3755423,773.54,0.755,641.14,139.04,4.93,0.61,Light
SUB1071295,17868.76,17.45,16463.44,703.44,13.72,94.63,Power_User
SUB8613287,966.96,0.944,929.3,22.38,1.88,3.79,Light
SUB4445376,401.1,0.392,223.71,32.18,0.35,142.05,Very_Light
SUB6251035,2952.94,2.884,2206.65,479.39,2.19,46.0,Moderate
SUB4612600,293.17,0.286,30.69,132.3,2.43,6.56,Very_Light
SUB1825816,2093.72,2.045,788.12,1119.59,1.01,55.08,Moderate
SUB9763313,772.51,0.754,535.26,114.09,4.91,16.08,Light
SUB3026793,3176.14,3.102,2696.3,508.72,8.36,103.5,Moderate
SUB1554594,4780.01,4.668,3442.28,971.28,0.46,12.93,Moderate
SUB9536326,2055.36,2.007,1348.61,577.03,18.95,0.0,Moderate
SUB4504473,233.28,0.228,76.15,47.99,1.17,40.29,Very_Light
SUB8299695,2875.54,2.808,2170.9,522.5,8.49,38.92,Moderate
SUB3204664,7304.61,7.133,6722.37,436.96,22.83,85.03,Heavy
SUB5341747,1788.66,1.747,863.81,825.23,8.58,3.04,Light
SUB1686976,652.45,0.637,330.92,148.64,6.31,30.32,Light
SUB3472189,396.59,0.387,139.55,120.49,0.77,33.03,Very_Light
SUB9506404,58.42,0.057,32.39,18.35,0.43,3.57,Very_Light
SUB2241082,9720.59,9.493,9195.64,226.78,3.03,20.54,Heavy
SUB6184502,5250.91,5.128,4620.62,109.03,6.71,229.68,Heavy
SUB7561000,1555.19,1.519,788.73,596.79,6.23,6.24,Light
SUB7671458,3469.69,3.388,3092.42,504.22,0.45,4.96,Moderate
SUB5892306,390.94,0.382,289.46,46.92,0.47,21.75,Very_Light
SUB4674515,4422.26,4.319,3826.92,905.82,0.55,34.38,Moderate
SUB2579159,2243.92,2.191,1910.78,126.53,0.27,3.54,Moderate
SUB5515488,481.68,0.47,317.17,57.1,0.69,14.95,Very_Light
SUB7041495,10370.95,10.128,10559.39,468.14,0.22,25.45,Power_User
SUB9767088,4335.72,4.234,3515.39,906.38,6.89,21.69,Moderate
SUB7324167,2918.35,2.85,2016.56,622.03,9.62,82.74,Moderate
SUB1791971,8027.88,7.84,7434.42,913.05,1.97,52.52,Heavy
SUB1501157,1183.23,1.155,33.62,961.0,11.51,43.32,Light
SUB5378727,9152.57,8.938,8846.93,403.68,11.49,82.84,Heavy
SUB5124499,2168.14,2.117,1824.4,190.69,3.09,12.31,Moderate
SUB6946594,2045.0,1.997,1046.93,869.14,0.1,3.92,Light
SUB6106799,597.32,0.583,388.62,171.03,3.02,11.02,Light
SUB5327576,789.71,0.771,412.83,311.22,0.87,9.13,Light
SUB5962140,2300.66,2.247,1900.95,197.91,8.36,51.36,Moderate
SUB3799487,113.24,0.111,27.35,39.03,0.95,24.36,Very_Light
SUB3904941,5201.05,5.079,3958.66,600.19,8.89,9.69,Heavy
SUB8983441,2227.19,2.175,1729.33,365.54,9.89,46.57,Moderate
SUB6320385,9354.74,9.135,8228.13,252.22,5.66,8.01,Heavy
SUB3100021,4481.86,4.377,3845.19,369.38,12.0,74.51,Moderate
SUB7928040,1684.46,1.645,798.87,626.91,0.26,153.68,Light
SUB1618467,2075.06,2.026,1443.85,352.67,0.84,76.16,Moderate
SUB6333152,2481.63,2.423,715.38,1782.74,17.79,21.21,Moderate
SUB8328141,425.62,0.416,191.15,141.3,26.6,3.25,Very_Light
SUB6072148,1033.16,1.009,793.21,133.16,1.1,13.04,Light
SUB2707923,9379.53,9.16,8881.13,161.2,0.0,227.08,Heavy
SUB6134207,5080.33,4.961,4833.33,155.39,0.89,36.19,Moderate
SUB9516999,4966.5,4.85,4543.98,341.88,0.46,43.72,Moderate
SUB7730886,2819.15,2.753,2674.82,23.5,2.21,6.97,Moderate
SUB6853584,10500.52,10.254,9465.42,295.56,1.29,19.48,Power_User
SUB9170528,9928.26,9.696,8727.48,457.37,3.76,658.91,Heavy
SUB5301754,1064.73,1.04,875.85,205.35,0.29,27.37,Light
SUB3269042,962.49,0.94,322.91,536.54,4.06,63.95,Light
SUB2983509,1760.24,1.719,1461.51,173.37,0.0,2.03,Light
SUB8740141,15431.7,15.07,13780.22,2363.15,31.83,22.89,Power_User
SUB1116381,2944.94,2.876,2133.87,819.61,11.66,32.0,Moderate
SUB2521701,379.18,0.37,239.77,108.79,1.93,3.7,Very_Light
SUB7105525,247.45,0.242,91.54,15.26,5.94,89.63,Very_Light
SUB4438618,802.45,0.784,570.42,133.89,0.73,63.89,Light
SUB8913697,367.13,0.359,303.03,11.17,4.04,9.83,Very_Light
SUB3457184,5754.58,5.62,5011.7,334.9,0.86,270.82,Heavy
SUB5103022,2531.01,2.472,2031.83,247.55,9.64,45.13,Moderate
SUB2418175,5310.78,5.186,4967.13,382.14,10.23,252.93,Heavy
SUB4806688,1401.65,1.369,1243.56,121.49,16.87,34.91,Light
SUB8265795,7546.1,7.369,7447.29,517.09,22.87,54.37,Heavy
SUB4772962,5240.12,5.117,3661.21,1083.29,32.11,60.25,Heavy
SUB5041776,2395.47,2.339,1184.98,621.88,1.77,272.07,Moderate
SUB3727423,24055.73,23.492,23835.59,491.44,7.83,101.28,Power_User
SUB6709840,3398.15,3.319,2636.04,254.99,6.75,248.6,Moderate
SUB6130397,7159.72,6.992,4859.21,1747.71,5.29,8.67,Heavy
SUB4451356,2045.5,1.998,1010.39,303.71,2.28,520.19,Light
SUB4444084,515.85,0.504,369.73,91.72,1.51,0.51,Light
SUB3927109,2337.92,2.283,1813.06,354.66,2.61,16.16,Moderate
SUB7979451,216.05,0.211,98.89,71.26,3.72,25.63,Very_Light
SUB9519981,3958.88,3.866,3736.37,253.1,7.17,83.04,Moderate
SUB8778484,273.18,0.267,174.29,40.35,1.92,16.14,Very_Light
SUB9503902,6474.36,6.323,5876.51,573.47,8.76,144.97,Heavy
SUB7214624,3366.3,3.287,2597.83,176.09,9.29,152.9,Moderate
SUB5842611,274.52,0.268,86.23,70.76,1.46,70.81,Very_Light
SUB7357182,1688.42,1.649,1577.61,74.46,0.97,74.86,Light
SUB5335868,5103.47,4.984,3616.82,1592.85,21.61,145.92,Moderate
SUB3215167,520.77,0.509,175.87,298.97,3.4,20.37,Light
SUB4886402,865.48,0.845,698.55,79.84,1.36,140.86,Light
SUB7545535,14494.85,14.155,14381.85,980.16,7.69,5.98,Power_User
SUB7842385,5824.09,5.688,4471.88,954.9,0.0,25.21,Heavy
SUB1688105,1517.08,1.482,895.41,520.44,3.51,134.87,Light
SUB2989173,1713.9,1.674,1285.53,210.16,10.87,0.0,Light
SUB4080761,208.5,0.204,100.89,24.11,0.19,40.67,Very_Light
SUB2414466,771.19,0.753,127.87,480.03,11.3,28.31,Light
SUB1445101,8679.1,8.476,8618.48,756.98,1.29,68.93,Heavy
SUB9106609,186.79,0.182,58.89,79.16,2.26,0.0,Very_Light
SUB8413023,1745.18,1.704,366.89,973.76,1.57,353.16,Light
SUB8613269,242.63,0.237,104.5,38.25,2.68,17.06,Very_Light
SUB2105534,10131.05,9.894,10056.24,99.43,6.53,90.92,Heavy
SUB5353127,5523.6,5.394,5562.95,233.57,10.21,186.81,Heavy
SUB8315360,2141.83,2.092,373.62,590.38,0.49,1155.06,Moderate
SUB9073461,934.7,0.913,542.66,180.0,34.66,64.84,Light
SUB1498863,9064.76,8.852,7987.76,718.74,7.48,23.92,Heavy
SUB9756262,3464.7,3.383,2796.58,549.45,20.24,132.57,Moderate
SUB3676188,9855.16,9.624,8417.04,698.38,10.23,76.03,Heavy
SUB4295990,3888.52,3.797,3677.01,152.55,64.24,293.8,Moderate
SUB8782937,1270.25,1.24,1006.0,125.66,3.87,3.84,Light
SUB7526818,496.53,0.485,401.34,41.26,0.11,19.34,Very_Light
SUB6491590,806.13,0.787,343.78,268.75,17.77,163.57,Light
SUB7512440,2771.37,2.706,1338.44,1225.46,49.15,4.43,Moderate
SUB7099628,7098.84,6.932,6284.67,615.24,5.88,273.21,Heavy
SUB7555968,1069.05,1.044,883.29,19.42,5.89,11.09,Light
SUB3699015,1498.22,1.463,1030.87,364.48,0.0,2.31,Light
SUB9837590,2622.7,2.561,1818.18,817.29,3.97,15.09,Moderate
SUB2172622,2657.33,2.595,2667.33,44.5,6.7,38.98,Moderate
SUB3503771,4237.28,4.138,4221.19,227.24,8.41,127.45,Moderate
SUB4177825,325.89,0.318,224.82,30.91,2.71,37.84,Very_Light
SUB1996161,1404.12,1.371,1210.4,156.47,0.0,27.4,Light
SUB5183839,1618.48,1.581,1492.92,103.5,18.2,19.4,Light
SUB1666326,15342.62,14.983,15414.57,429.56,36.14,2.09,Power_User
SUB1649150,487.24,0.476,286.31,54.28,2.79,33.52,Very_Light
SUB4375957,2488.66,2.43,2250.13,222.87,8.8,42.65,Moderate
SUB1118834,2767.31,2.702,785.1,1684.21,1.84,0.0,Moderate
SUB4239576,5270.36,5.147,4622.49,257.17,9.56,191.43,Heavy
SUB6893309,17570.1,17.158,18443.35,351.88,0.29,51.26,Power_User
SUB6948540,11507.39,11.238,11505.51,202.67,3.9,86.32,Power_User
SUB5249913,1125.58,1.099,821.54,312.24,0.0,6.48,Light
SUB5422201,3708.3,3.621,3339.59,24.84,0.12,2.73,Moderate
SUB2079600,1069.22,1.044,764.65,39.08,4.93,156.73,Light
SUB4503157,5649.36,5.517,5128.04,279.06,16.92,269.63,Heavy
SUB9272874,602.68,0.589,145.12,33.82,40.53,297.54,Light
SUB9849851,362.49,0.354,128.95,41.77,0.31,72.56,Very_Light
SUB2985588,1260.05,1.231,353.23,737.86,0.63,21.09,Light
SUB9640059,695.45,0.679,495.31,105.96,0.55,15.07,Light
SUB5197355,1270.29,1.241,721.69,311.46,1.34,36.47,Light
SUB2752683,6750.17,6.592,5195.7,1149.67,3.8,69.11,Heavy
SUB8716868,1418.17,1.385,989.36,201.78,10.43,169.54,Light
SUB2004646,3343.65,3.265,3023.3,127.19,0.21,4.82,Moderate
SUB4867500,3307.07,3.23,2975.79,236.16,2.05,219.57,Moderate
SUB1449395,444.73,0.434,376.56,63.24,1.16,1.45,Very_Light
SUB6143901,949.31,0.927,321.76,645.72,1.43,46.79,Light
SUB7754350,5208.0,5.086,4637.06,51.73,2.82,26.88,Heavy
SUB2260386,471.25,0.46,132.58,243.63,1.81,42.47,Very_Light
SUB4054390,5159.3,5.038,3492.77,1042.81,19.46,167.14,Heavy
SUB8019431,2316.93,2.263,870.12,1167.65,1.02,36.63,Moderate
SUB4379569,845.03,0.825,811.23,16.11,2.25,20.67,Light
SUB3900603,1228.2,1.199,785.48,373.13,5.16,16.45,Light
SUB9611474,2053.91,2.006,1033.51,890.06,33.58,89.98,Moderate
SUB2646711,1167.49,1.14,580.55,420.7,4.79,5.46,Light
SUB6587774,97.8,0.096,46.7,6.82,0.07,11.21,Very_Light
SUB7319707,10887.05,10.632,11479.66,248.53,12.14,124.69,Power_User
SUB8967801,1163.68,1.136,982.27,152.75,6.48,2.55,Light
SUB2423286,88.62,0.087,22.28,23.96,0.82,2.03,Very_Light
SUB4695961,646.27,0.631,469.64,120.26,0.9,33.71,Light
SUB9217316,345.05,0.337,252.31,32.07,1.64,1.6,Very_Light
SUB4177945,1164.8,1.138,934.91,138.1,0.29,108.03,Light
SUB8348340,1127.58,1.101,614.25,372.06,1.11,5.07,Light
SUB1183062,12008.51,11.727,11121.38,1188.38,9.62,22.46,Power_User
SUB3841992,2608.54,2.547,1978.66,628.77,0.0,24.77,Moderate
SUB5294539,1512.71,1.477,1379.98,7.3,6.34,3.45,Light
SUB7095929,13670.72,13.35,13709.56,892.8,3.95,59.31,Power_User
SUB5944505,1312.09,1.281,649.96,568.01,2.2,46.48,Light
SUB1803328,11486.31,11.217,11017.53,717.27,22.4,115.28,Power_User
SUB5062958,180.12,0.176,142.8,4.32,0.41,10.13,Very_Light
SUB2043233,395.94,0.387,312.54,43.63,1.98,18.42,Very_Light
SUB7468703,3706.02,3.619,3780.48,118.18,9.45,80.68,Moderate
SUB1529525,712.04,0.695,569.86,69.9,0.39,9.81,Light
SUB1176615,459.45,0.449,204.3,118.61,2.29,67.74,Very_Light
SUB5381932,596.54,0.583,366.17,156.33,0.93,1.93,Light
SUB7665088,1295.37,1.265,1092.22,164.56,2.98,18.85,Light
SUB8474447,933.36,0.911,695.3,61.3,8.12,78.13,Light
SUB5601020,4298.68,4.198,3277.98,595.84,8.58,54.33,Moderate
SUB4699391,1119.3,1.093,719.46,273.33,1.74,7.98,Light
SUB9929860,1469.49,1.435,1012.03,270.46,0.0,0.51,Light
SUB8006454,2171.41,2.121,1441.16,316.89,5.87,78.29,Moderate
SUB4612610,2466.75,2.409,2017.88,302.24,7.57,109.96,Moderate
SUB8031883,1691.44,1.652,1008.74,670.19,5.18,16.08,Light
SUB3164367,2123.31,2.074,1464.15,666.01,9.39,8.24,Moderate
SUB1144356,448.87,0.438,330.72,78.53,3.58,4.98,Very_Light
SUB9744220,5609.89,5.478,3633.08,1515.87,15.8,145.05,Heavy
SUB9398043,430.66,0.421,289.92,38.32,0.79,39.93,Very_Light
SUB2748014,2652.67,2.59,2125.92,491.98,2.03,4.95,Moderate
SUB8156720,618.78,0.604,402.81,114.76,1.09,68.39,Light
SUB3288627,3791.85,3.703,3134.04,787.78,44.26,64.53,Moderate
SUB7517963,3482.77,3.401,2965.54,163.47,0.0,12.76,Moderate
SUB7597519,31724.92,30.981,28971.48,130.85,22.49,7.63,Power_User
SUB1764121,3806.77,3.718,2769.96,668.29,15.47,3.4,Moderate
SUB8068121,21112.52,20.618,19478.3,1898.33,21.82,80.01,Power_User
SUB4502630,2712.14,2.649,2470.05,186.52,0.17,127.07,Moderate
SUB6698848,550.16,0.537,341.72,117.18,0.93,7.03,Light
SUB2107677,3929.12,3.837,1381.2,2053.27,4.97,202.08,Moderate
SUB6738852,2254.98,2.202,1305.15,953.35,3.67,116.61,Moderate
SUB1288790,4202.79,4.104,3611.36,244.5,10.36,26.13,Moderate
SUB6084921,2650.67,2.589,2366.79,158.95,0.18,57.97,Moderate
SUB4693305,2500.93,2.442,2197.79,88.39,2.68,38.13,Moderate
SUB5466271,2109.19,2.06,1529.82,380.67,1.1,107.49,Moderate
SUB5385536,214.33,0.209,98.51,88.38,6.89,11.49,Very_Light
SUB2352695,15217.56,14.861,13474.9,1291.4,8.14,29.91,Power_User
SUB2589228,2879.92,2.812,2251.31,774.84,7.6,113.5,Moderate
SUB2100567,161.44,0.158,16.21,101.76,2.41,25.91,Very_Light
SUB8706358,1694.3,1.655,1221.67,329.91,5.67,9.45,Light
SUB1049115,742.93,0.726,467.61,140.48,1.37,25.69,Light
SUB1721747,537.46,0.525,418.21,64.46,1.5,14.82,Light
SUB6392023,1440.56,1.407,1327.37,24.45,7.55,2.77,Light
SUB6957515,1438.74,1.405,1062.38,204.4,3.36,8.07,Light
SUB7232753,4686.23,4.576,3898.84,280.14,2.33,117.05,Moderate
SUB6246880,2923.85,2.855,2523.37,61.88,8.04,26.04,Moderate
SUB2404330,2812.97,2.747,2140.87,435.1,3.98,185.39,Moderate
SUB1251492,3929.02,3.837,3552.6,312.86,26.25,111.81,Moderate
SUB5035851,3008.97,2.938,1019.01,1777.79,0.28,4.95,Moderate
SUB1491072,4363.22,4.261,3933.76,476.85,61.08,47.47,Moderate
SUB2086880,24754.41,24.174,23352.97,340.34,24.36,50.68,Power_User
SUB3055723,6993.99,6.83,5825.24,518.88,5.08,19.95,Heavy
SUB3248988,2800.5,2.735,586.09,2288.04,0.36,5.79,Moderate
SUB3976242,2215.07,2.163,1853.1,65.45,66.82,22.23,Moderate
SUB5580081,5435.15,5.308,5072.31,72.7,41.86,30.29,Heavy
SUB3648790,1815.4,1.773,1393.36,250.15,0.32,38.85,Light
SUB4763024,803.44,0.785,424.0,193.22,0.48,130.59,Light
SUB5833177,7825.66,7.642,5819.29,1758.76,8.51,9.43,Heavy
SUB9272841,1846.22,1.803,1307.17,303.8,3.05,28.66,Light
SUB4353597,1607.72,1.57,793.05,180.05,0.42,551.05,Light
SUB9454561,190.85,0.186,59.34,86.04,0.59,12.89,Very_Light
SUB3597480,1286.07,1.256,994.38,179.49,7.2,34.98,Light
SUB5197571,5328.62,5.204,4528.59,154.21,1.66,266.95,Heavy
SUB7374201,236.39,0.231,137.47,20.95,0.39,40.08,Very_Light
SUB7118900,1601.14,1.564,1272.11,323.91,3.29,34.43,Light
SUB3922097,1025.88,1.002,750.12,215.14,9.47,41.84,Light
SUB1157164,13127.84,12.82,12805.62,183.68,10.23,9.75,Power_User
SUB1531831,791.63,0.773,359.16,222.46,19.62,148.23,Light
SUB3989475,857.48,0.837,598.57,146.99,3.74,18.22,Light
SUB4369720,598.94,0.585,161.69,313.78,4.65,34.78,Light
SUB5711075,1677.62,1.638,1264.05,271.17,0.36,9.43,Light
SUB8122313,1964.14,1.918,1392.21,314.01,2.75,19.71,Light
SUB7854500,2741.64,2.677,1416.79,1057.41,10.18,1.71,Moderate
SUB3640328,1149.05,1.122,573.04,424.81,4.16,16.04,Light
SUB8326434,2648.68,2.587,2246.55,184.13,0.82,170.94,Moderate
SUB6063778,5562.45,5.432,5542.16,429.3,1.04,40.66,Heavy
SUB4970001,538.39,0.526,276.13,135.37,7.8,35.56,Light
SUB1070640,1007.64,0.984,65.34,697.5,4.09,32.46,Light
SUB5122263,4245.28,4.146,4075.32,206.31,5.1,120.14,Moderate
SUB5594877,5083.8,4.965,5300.06,161.19,1.59,12.34,Moderate
SUB2355531,2682.56,2.62,2406.43,159.6,0.54,39.53,Moderate
SUB1675510,3652.16,3.567,3534.03,129.58,7.73,24.83,Moderate
SUB4741196,483.96,0.473,326.28,89.72,0.18,10.81,Very_Light
SUB7990102,498.98,0.487,429.15,24.86,0.38,1.68,Very_Light
SUB3734296,5470.03,5.342,5354.8,218.06,2.66,6.04,Heavy
SUB7706024,345.24,0.337,37.77,217.86,1.29,5.4,Very_Light
SUB1898320,1437.93,1.404,783.2,620.79,5.89,88.01,Light
SUB6781565,712.84,0.696,424.66,223.95,5.4,0.0,Light
SUB3007635,4545.31,4.439,3977.77,517.21,19.47,72.27,Moderate
SUB4264908,238.31,0.233,139.15,68.92,0.57,3.08,Very_Light
SUB5260538,476.7,0.466,295.13,74.39,19.17,52.76,Very_Light
SUB7486460,1533.91,1.498,1030.41,517.78,9.0,1.76,Light
SUB7197323,15522.17,15.158,13896.58,268.88,0.2,4.8,Power_User
SUB4621581,3705.8,3.619,3471.08,117.15,0.87,19.44,Moderate
SUB5246238,5144.01,5.023,4878.49,114.85,2.57,10.79,Heavy
SUB6963135,2674.9,2.612,1725.43,304.54,1.99,372.74,Moderate
SUB9814131,532.89,0.52,329.05,92.69,7.82,8.82,Light
SUB4599865,305.09,0.298,201.74,53.92,4.02,3.75,Very_Light
SUB6382287,644.6,0.629,290.06,241.45,9.83,111.22,Light
SUB8990340,2301.53,2.248,1777.32,151.91,11.76,9.01,Moderate
SUB2039458,2731.49,2.667,918.55,1547.57,7.31,18.53,Moderate
SUB4772811,2682.63,2.62,2110.66,571.51,5.27,48.0,Moderate
SUB3317336,2297.75,2.244,2002.84,119.06,1.72,2.43,Moderate
SUB3763642,3134.47,3.061,2855.24,243.79,6.28,15.66,Moderate
SUB8689684,293.4,0.287,27.17,94.26,1.41,67.23,Very_Light
SUB4788340,897.64,0.877,766.85,151.51,0.88,5.71,Light
SUB1197775,14219.62,13.886,11835.87,2268.62,24.73,133.77,Power_User
SUB3386488,1088.0,1.062,862.94,43.26,13.21,34.36,Light
SUB1787494,4402.12,4.299,4075.37,219.21,35.4,36.02,Moderate
SUB6851244,5986.57,5.846,6037.86,115.55,0.6,167.89,Heavy
SUB6332660,660.24,0.645,276.49,270.76,6.67,29.96,Light
SUB7837433,24795.44,24.214,25049.6,1642.0,13.91,37.92,Power_User
SUB6083769,1630.31,1.592,1123.19,432.18,2.86,0.61,Light
SUB1533636,3228.68,3.153,1944.1,1204.36,1.37,105.51,Moderate
SUB5232406,2543.94,2.484,1485.91,601.76,0.19,224.67,Moderate
SUB3276360,9948.09,9.715,8576.89,81.01,0.81,284.64,Heavy
SUB5408249,478.44,0.467,166.53,237.33,1.06,61.98,Very_Light
SUB5426219,1157.36,1.13,852.55,140.8,1.94,4.2,Light
SUB9914438,2229.37,2.177,1536.91,320.22,26.46,105.13,Moderate
SUB2332397,3083.95,3.012,2518.21,241.98,4.08,105.81,Moderate
SUB8517836,6340.84,6.192,4079.36,1788.63,61.25,471.1,Heavy
SUB7646705,578.89,0.565,381.22,140.16,0.74,8.5,Light
SUB6462810,3502.2,3.42,2505.38,581.55,10.08,20.05,Moderate
SUB9905921,5615.59,5.484,4248.17,970.79,8.88,4.89,Heavy
SUB7903836,1103.66,1.078,1000.79,96.56,7.64,22.63,Light
SUB7243669,1843.09,1.8,254.78,791.66,5.75,822.19,Light
SUB2286643,2281.28,2.228,1856.0,313.11,0.15,133.82,Moderate
SUB9315390,9669.52,9.443,9142.93,701.8,2.12,42.47,Heavy
SUB7200646,1615.17,1.577,1242.68,150.23,8.42,124.07,Light
SUB7983896,6384.62,6.235,5732.85,407.99,0.63,20.72,Heavy
SUB9783148,1320.49,1.29,652.18,267.26,2.93,209.21,Light
SUB6409861,1483.99,1.449,922.1,440.44,4.58,10.68,Light
SUB5939003,1039.41,1.015,704.91,251.58,0.32,17.08,Light
SUB7311326,345.76,0.338,231.9,33.89,2.75,13.83,Very_Light
SUB6146386,3406.65,3.327,2251.24,962.45,3.48,162.35,Moderate
SUB9415398,533.22,0.521,182.75,294.29,4.46,14.0,Light
SUB1448345,1629.5,1.591,1296.68,105.43,2.57,80.23,Light
SUB8827494,862.1,0.842,132.34,713.59,1.39,16.2,Light
SUB4685501,6211.52,6.066,6247.26,362.92,3.33,6.8,Heavy
SUB2879490,13198.56,12.889,12432.95,165.98,6.82,69.26,Power_User
SUB5984445,456.37,0.446,295.51,81.85,4.49,31.01,Very_Light
SUB7939705,5677.41,5.544,4113.49,1092.8,4.67,81.22,Heavy
SUB8002587,1721.45,1.681,1579.74,63.29,6.57,0.42,Light
SUB7742471,19249.51,18.798,19059.45,535.87,34.62,174.32,Power_User
SUB2454908,1729.37,1.689,968.02,611.53,14.43,171.69,Light
SUB4319144,443.01,0.433,225.84,211.39,1.39,0.0,Very_Light
SUB9693670,4511.77,4.406,4204.08,694.07,20.14,1.53,Moderate
SUB6806466,1352.27,1.321,941.19,196.73,0.0,66.49,Light
SUB6744588,10586.9,10.339,8441.85,1570.13,4.44,28.16,Power_User
SUB6304509,690.44,0.674,209.19,224.33,4.56,132.57,Light
SUB8668216,835.61,0.816,763.27,124.79,0.95,1.13,Light
SUB5949499,9724.01,9.496,8493.38,697.52,1.68,0.0,Heavy
SUB3387312,2691.69,2.629,2123.47,273.54,4.25,84.69,Moderate
SUB4693976,944.81,0.923,580.97,291.96,11.55,51.76,Light
SUB7062903,9056.71,8.844,8131.04,327.21,4.8,18.93,Heavy
SUB5408224,2558.61,2.499,1847.1,527.8,5.2,8.46,Moderate
SUB5035493,1466.11,1.432,1271.12,60.0,1.61,42.73,Light
SUB6703737,2202.64,2.151,1836.84,260.1,2.35,9.35,Moderate
SUB2871403,276.26,0.27,164.95,14.51,3.89,26.72,Very_Light
SUB6747372,3234.42,3.159,1690.64,1276.7,1.08,226.84,Moderate
SUB5848287,443.98,0.434,123.79,244.37,2.24,14.75,Very_Light
SUB6658796,400.83,0.391,307.33,78.06,0.06,0.0,Very_Light
SUB1821052,4991.53,4.875,4295.77,194.08,1.64,463.96,Moderate
SUB3225300,2319.19,2.265,2190.21,290.04,0.68,1.0,Moderate
SUB2855567,1849.7,1.806,1485.0,179.61,1.11,9.28,Light
SUB2534837,2754.54,2.69,2465.53,167.17,2.29,135.44,Moderate
SUB4338442,2353.23,2.298,1729.06,487.9,0.38,19.75,Moderate
SUB5926203,16233.18,15.853,14540.95,1318.6,0.6,297.35,Power_User
SUB1423570,1504.65,1.469,648.13,580.67,4.28,99.6,Light
SUB3373139,7547.25,7.37,6203.13,1162.39,15.04,125.39,Heavy
SUB6221816,809.51,0.791,670.57,10.9,2.62,35.35,Light
SUB3114792,3090.33,3.018,2784.59,96.55,2.18,31.28,Moderate
SUB9441136,6117.4,5.974,4657.29,1548.59,24.44,11.52,Heavy
SUB2873421,2055.88,2.008,1902.53,146.2,1.19,73.04,Moderate
SUB7550670,1320.42,1.289,1247.28,88.56,6.9,36.74,Light
SUB7081950,3001.22,2.931,2244.57,285.8,7.42,349.14,Moderate
SUB7925877,889.92,0.869,758.2,61.04,1.52,94.21,Light
SUB6967106,607.21,0.593,447.67,66.12,9.2,48.41,Light
SUB6118922,950.16,0.928,760.55,54.42,2.82,31.9,Light
SUB8177545,4756.0,4.645,4111.08,403.22,1.04,77.7,Moderate
SUB6122783,2181.22,2.13,1207.88,807.89,3.06,19.38,Moderate
SUB6528983,1365.64,1.334,962.71,252.67,1.18,17.01,Light
SUB1160775,879.18,0.859,707.0,105.06,4.39,27.14,Light
SUB8349369,1166.34,1.139,927.05,52.17,23.64,55.25,Light
SUB3667867,7632.35,7.453,6610.35,1640.22,15.96,38.83,Heavy
SUB7655623,2000.15,1.953,1070.75,666.16,4.87,143.52,Light
SUB8686841,7156.97,6.989,6109.02,551.87,3.31,16.7,Heavy
SUB7978737,802.68,0.784,158.89,269.96,4.01,148.49,Light
SUB2344027,2380.93,2.325,2170.88,90.72,15.73,19.95,Moderate
SUB5166500,5084.43,4.965,5082.12,270.57,0.0,25.07,Moderate
SUB8467048,978.51,0.956,798.9,79.8,5.87,10.93,Light
SUB8884479,489.04,0.478,276.91,158.57,7.94,12.98,Very_Light
SUB1497562,302.48,0.295,105.52,168.45,0.91,6.91,Very_Light
SUB5578238,634.4,0.62,448.84,104.57,0.71,6.26,Light
SUB5037776,5934.02,5.795,5828.28,401.57,12.65,96.64,Heavy
SUB5010912,2341.11,2.286,1939.89,401.38,11.53,61.38,Moderate
SUB5511732,1208.01,1.18,601.17,571.52,1.37,2.61,Light
SUB6562067,3170.26,3.096,2502.34,468.2,1.02,17.8,Moderate
SUB6237196,734.78,0.718,465.12,157.47,1.55,60.19,Light
SUB5885211,1464.83,1.43,525.3,803.9,1.32,41.24,Light
SUB7126319,1312.84,1.282,1063.79,73.52,0.65,32.06,Light
SUB2600396,5713.84,5.58,4118.01,1056.24,1.72,188.58,Heavy
SUB4311149,11586.44,11.315,10449.3,202.51,7.73,39.96,Power_User
SUB9511010,1391.71,1.359,1382.17,31.86,5.22,21.84,Light
SUB3496081,10674.79,10.425,10715.81,744.14,4.75,31.9,Power_User
SUB1575278,7651.67,7.472,5607.35,1241.43,12.98,412.8,Heavy
SUB6187480,1142.97,1.116,382.5,518.24,1.66,97.75,Light
SUB2178049,1750.22,1.709,1546.93,17.77,1.6,33.62,Light
SUB4080201,30397.7,29.685,26799.59,750.65,19.43,2.83,Power_User
SUB8136029,746.7,0.729,458.31,289.83,7.49,6.95,Light
SUB4464442,572.39,0.559,413.61,88.76,0.29,9.64,Light
SUB4314692,914.8,0.893,206.83,267.64,2.12,356.98,Light
SUB5719607,574.75,0.561,302.44,233.67,2.32,8.41,Light
SUB7285088,1701.9,1.662,1038.02,609.32,19.93,14.83,Light
SUB2110389,2071.73,2.023,1986.28,92.2,4.54,20.07,Moderate
SUB9416320,7940.8,7.755,5097.04,2098.29,28.97,40.85,Heavy
SUB4912942,2568.19,2.508,1936.75,370.71,17.86,0.74,Moderate
SUB9501424,220.6,0.215,98.56,62.71,1.49,19.79,Very_Light
SUB8468810,670.7,0.655,486.55,105.69,1.62,30.33,Light
SUB2635156,3586.18,3.502,2933.27,198.67,2.09,4.74,Moderate
SUB9523838,11783.32,11.507,10726.96,1003.61,0.33,287.56,Power_User
SUB6001045,3274.64,3.198,2546.25,613.07,11.05,63.56,Moderate
SUB5463418,5052.89,4.934,4786.89,413.77,4.66,128.04,Moderate
SUB5345760,143.87,0.14,49.08,43.15,0.1,5.5,Very_Light
SUB8153768,10255.03,10.015,9252.18,259.91,23.71,45.78,Power_User
SUB4251298,1444.85,1.411,1229.26,137.79,4.84,4.44,Light
SUB5465150,136.59,0.133,58.94,20.51,2.71,25.28,Very_Light
SUB9389012,1910.08,1.865,1759.49,128.98,10.39,70.79,Light
SUB8249903,290.23,0.283,186.23,66.47,0.18,13.68,Very_Light
SUB5897590,1040.9,1.017,857.46,31.59,4.78,48.02,Light
SUB7189573,8686.19,8.483,6646.51,1291.26,7.76,46.39,Heavy
SUB2323483,1092.75,1.067,806.36,165.51,8.37,1.29,Light
SUB2722320,583.75,0.57,318.33,128.02,3.0,3.63,Light
SUB3332517,257.17,0.251,106.26,35.35,0.27,53.25,Very_Light
SUB4196340,321.1,0.314,78.84,192.82,1.99,45.79,Very_Light
SUB9551881,276.27,0.27,174.53,30.76,0.38,3.87,Very_Light
SUB6387408,3310.56,3.233,2647.92,379.29,33.11,1.54,Moderate
SUB6692493,705.82,0.689,556.98,108.22,1.16,0.0,Light
SUB9247752,678.37,0.662,647.83,24.08,0.24,0.58,Light
SUB2087341,771.72,0.754,603.12,44.03,1.92,53.07,Light
SUB7195200,1672.58,1.633,1164.18,368.36,1.22,3.29,Light
SUB4977266,1449.26,1.415,1075.98,271.94,2.05,86.89,Light
SUB6558956,318.96,0.311,152.63,90.85,0.85,21.59,Very_Light
SUB4031756,183.44,0.179,160.93,6.1,0.0,0.0,Very_Light
SUB1843523,537.64,0.525,138.32,349.49,4.56,9.15,Light
SUB9934845,1792.7,1.751,1738.96,58.55,2.77,9.09,Light
SUB5040479,1939.72,1.894,1501.68,253.24,5.82,3.11,Light
SUB1092193,4056.42,3.961,2946.34,1004.86,11.03,157.22,Moderate
SUB2186887,9695.64,9.468,8393.9,671.46,33.02,21.62,Heavy
SUB9896761,492.65,0.481,23.43,338.91,12.62,35.1,Very_Light
SUB4334817,1817.67,1.775,1095.64,476.0,0.29,21.7,Light
SUB3715514,641.89,0.627,554.29,94.05,0.59,1.53,Light
SUB3658571,525.65,0.513,237.05,155.85,0.06,6.54,Light
SUB5834357,5090.46,4.971,5057.91,39.15,6.42,12.39,Moderate
SUB8102173,1499.96,1.465,1518.72,2.17,11.66,8.85,Light
SUB5892472,226.71,0.221,17.12,59.6,6.34,2.89,Very_Light
SUB1481680,414.92,0.405,284.55,55.38,2.25,41.87,Very_Light
SUB6165679,2925.06,2.857,2555.27,249.98,8.91,6.02,Moderate
SUB7180142,2642.48,2.581,2339.56,172.7,5.93,330.56,Moderate
SUB6287118,655.65,0.64,541.29,43.88,0.54,5.71,Light
SUB5100673,2574.23,2.514,2127.17,236.45,9.91,12.35,Moderate
SUB2534026,2376.33,2.321,1652.67,421.92,6.64,91.97,Moderate
SUB9704434,159.37,0.156,55.24,35.99,0.52,47.85,Very_Light
SUB4467366,3112.15,3.039,1505.99,673.17,12.3,764.52,Moderate
SUB1327359,6684.23,6.528,6315.75,101.08,28.52,59.63,Heavy
SUB1317537,2101.61,2.052,890.24,969.0,14.59,69.63,Moderate
SUB7953757,14640.6,14.297,13742.55,774.17,15.42,280.37,Power_User
SUB1550222,469.96,0.459,342.02,145.28,3.21,0.0,Very_Light
SUB5975026,2781.06,2.716,2486.66,89.44,2.28,21.72,Moderate
SUB8795134,2083.35,2.035,1634.77,129.67,1.29,81.56,Moderate
SUB3573619,792.94,0.774,585.14,48.22,0.32,123.22,Light
SUB3453752,17241.98,16.838,15221.2,446.54,0.23,0.0,Power_User
SUB8265760,5640.7,5.508,4971.37,139.8,13.88,32.55,Heavy
SUB2353038,4048.29,3.953,2911.07,1283.78,23.26,1.17,Moderate
SUB9639483,770.03,0.752,491.04,195.13,5.05,6.41,Light
SUB5657693,2642.4,2.58,2385.13,75.19,1.27,7.25,Moderate
SUB5264694,1101.38,1.076,286.08,703.66,7.55,1.01,Light
SUB1707689,724.84,0.708,106.2,641.62,4.09,14.24,Light
SUB2296516,14087.48,13.757,12157.38,1859.76,5.32,407.58,Power_User
SUB4463351,244.34,0.239,138.17,29.33,0.09,27.16,Very_Light
SUB2854971,514.09,0.502,410.24,68.9,0.58,18.47,Light
SUB2849396,757.63,0.74,489.01,194.38,2.32,91.6,Light
SUB3691276,43.82,0.043,9.98,3.77,2.7,18.03,Very_Light
SUB3526954,1828.68,1.786,1456.39,134.74,4.22,17.78,Light
SUB7549546,512.7,0.501,155.02,238.15,1.56,7.17,Light
SUB9007407,10406.91,10.163,7791.72,1520.85,15.37,342.9,Power_User
SUB8385034,1106.23,1.08,641.75,239.33,7.72,130.83,Light
SUB8063410,479.37,0.468,294.62,106.26,1.03,6.64,Very_Light
SUB9001482,5812.62,5.676,4164.13,1007.25,5.03,47.57,Heavy
SUB2072647,1145.94,1.119,822.32,320.85,8.37,22.45,Light
SUB2631107,245.53,0.24,41.04,52.41,0.62,93.43,Very_Light
SUB6106563,2421.13,2.364,535.58,1430.73,3.38,171.14,Moderate
SUB9234679,4357.46,4.255,3216.66,304.75,7.12,452.25,Moderate
SUB7463768,745.9,0.728,108.16,465.96,1.62,99.41,Light
SUB6606594,6755.92,6.598,6180.76,791.79,3.12,54.72,Heavy
SUB2950367,2077.73,2.029,1389.45,496.65,1.59,18.98,Moderate
SUB2910705,579.59,0.566,465.94,17.2,4.57,1.32,Light
SUB2601596,821.45,0.802,345.03,300.88,15.9,25.65,Light
SUB4791481,5676.9,5.544,4967.84,781.41,10.38,216.29,Heavy
SUB6123122,4427.78,4.324,3888.98,395.19,2.48,8.68,Moderate
SUB8757202,4069.45,3.974,3068.35,701.32,10.6,46.05,Moderate
SUB7348564,1360.21,1.328,864.41,355.98,1.17,58.29,Light
SUB5150276,4134.74,4.038,3598.21,497.14,18.4,87.76,Moderate
SUB6723601,1843.51,1.8,861.31,746.35,8.04,24.59,Light
SUB6354075,2983.78,2.914,2256.21,588.99,5.45,128.95,Moderate
SUB6279548,14406.38,14.069,13535.11,520.94,20.67,273.78,Power_User
SUB3382357,2085.36,2.036,1828.72,191.2,6.49,25.19,Moderate
SUB8904069,1965.45,1.919,1381.06,350.21,4.96,0.0,Light
SUB3245131,2191.47,2.14,1662.77,198.69,17.27,38.48,Moderate
SUB5246049,1029.41,1.005,960.47,14.73,1.1,10.96,Light
SUB9480473,796.55,0.778,511.86,173.03,2.88,19.63,Light
SUB6455770,2230.73,2.178,2228.58,99.82,0.35,81.48,Moderate
SUB2072200,9216.69,9.001,8028.77,600.46,7.46,82.36,Heavy
SUB3906158,3113.8,3.041,2137.75,798.32,2.0,86.33,Moderate
SUB2222869,4724.44,4.614,3756.83,1035.86,25.45,54.67,Moderate
SUB4125354,1002.98,0.979,733.36,83.88,20.58,3.82,Light
SUB5782883,1383.1,1.351,1025.41,148.61,3.75,32.93,Light
SUB7501632,1432.56,1.399,774.61,609.95,12.72,0.92,Light
SUB4982588,13598.7,13.28,11616.36,221.65,4.31,493.28,Power_User
SUB9083123,4137.94,4.041,3714.25,298.83,45.2,72.12,Moderate
SUB7160686,1657.12,1.618,1074.13,486.15,4.14,17.48,Light
SUB1635605,2928.8,2.86,2388.27,447.15,12.99,21.68,Moderate
SUB8479821,5322.29,5.198,3562.59,1306.97,6.64,77.04,Heavy
SUB5583897,17313.68,16.908,16265.94,766.71,12.72,2.75,Power_User
SUB8413718,2337.32,2.283,1612.89,350.38,2.23,192.05,Moderate
SUB1067661,280.83,0.274,77.35,103.42,5.18,34.41,Very_Light
SUB7859991,24841.03,24.259,23324.18,1998.2,5.49,325.85,Power_User
SUB8585153,656.2,0.641,513.86,66.27,16.57,32.76,Light
SUB6914988,263.35,0.257,106.38,69.16,0.33,31.46,Very_Light
SUB7558221,2593.04,2.532,2282.75,177.16,21.75,225.41,Moderate
SUB2307506,137.88,0.135,57.33,50.7,1.17,7.12,Very_Light
SUB3901614,535.86,0.523,249.9,260.36,1.76,1.12,Light
SUB3966422,111.82,0.109,40.34,20.03,0.99,6.28,Very_Light
SUB4708654,6210.21,6.065,5406.43,126.63,38.62,230.01,Heavy
SUB8315436,3063.41,2.992,2260.68,364.86,20.19,157.14,Moderate
SUB1118033,559.4,0.546,346.22,109.48,1.97,0.0,Light
SUB6872354,1994.15,1.947,1441.29,379.58,17.53,118.56,Light
SUB2215502,498.65,0.487,317.26,75.58,1.72,65.98,Very_Light
SUB3319049,5535.7,5.406,4243.13,791.07,23.66,430.93,Heavy
SUB7292518,298.23,0.291,141.92,24.82,0.18,72.73,Very_Light
SUB8587768,923.47,0.902,211.74,538.04,1.04,123.13,Light
SUB4720464,1568.92,1.532,1411.14,87.43,0.99,0.0,Light
SUB3192614,4548.52,4.442,3906.4,212.92,4.74,92.79,Moderate
SUB1770173,636.08,0.621,612.36,50.45,0.54,0.0,Light
SUB6642264,487.55,0.476,351.26,130.47,3.91,14.34,Very_Light
SUB1467010,2402.73,2.346,478.79,1483.03,41.73,339.37,Moderate
SUB2655016,846.27,0.826,392.18,193.94,1.41,112.19,Light
SUB5221038,436.94,0.427,224.18,117.69,1.42,15.8,Very_Light
SUB9376430,1772.06,1.731,1575.32,169.12,22.46,53.99,Light
SUB4880993,193.33,0.189,157.14,12.55,0.58,16.24,Very_Light
SUB3568103,1296.04,1.266,1064.5,144.08,0.2,28.03,Light
SUB9469872,2389.34,2.333,1798.71,307.2,1.41,90.83,Moderate
SUB9411883,2492.13,2.434,2375.0,124.13,7.53,66.33,Moderate
SUB7482532,7362.56,7.19,6042.64,647.06,12.72,47.01,Heavy
SUB6196467,317.98,0.311,215.03,54.01,3.09,6.4,Very_Light
SUB6952793,269.7,0.263,206.36,49.85,1.15,7.93,Very_Light
SUB9961343,677.39,0.662,448.48,140.97,0.99,25.51,Light
SUB3000609,4984.65,4.868,4575.22,757.71,7.9,13.31,Moderate
SUB3697143,733.59,0.716,643.19,9.96,1.13,57.91,Light
SUB2314532,4624.58,4.516,2074.07,2287.27,6.36,227.37,Moderate
SUB1421240,7446.13,7.272,6516.68,320.34,5.91,294.79,Heavy
SUB1944789,467.08,0.456,395.52,37.5,0.66,26.5,Very_Light
SUB3213573,2135.63,2.086,2092.92,101.71,8.51,5.58,Moderate
SUB9914501,4507.14,4.402,4144.06,36.54,3.24,1.4,Moderate
SUB3255363,491.54,0.48,192.35,245.02,2.12,13.54,Very_Light
SUB9375741,2360.78,2.305,1279.42,815.34,7.86,329.64,Moderate
SUB6056861,25753.44,25.15,22020.2,1259.03,36.85,45.27,Power_User
SUB7436446,3198.8,3.124,2691.0,343.29,23.59,122.56,Moderate
SUB5148887,980.62,0.958,425.73,383.09,1.54,13.17,Light
SUB4668866,2333.87,2.279,1811.72,672.02,7.51,37.09,Moderate
SUB5612338,47.22,0.046,18.35,17.62,0.1,0.0,Very_Light
SUB2033255,502.95,0.491,206.56,31.9,2.67,162.58,Very_Light
SUB8082212,2494.17,2.436,1696.21,887.31,18.37,2.62,Moderate
SUB9202787,734.13,0.717,329.84,289.64,3.53,1.34,Light
SUB5989847,11681.56,11.408,10694.16,432.7,6.53,87.6,Power_User
SUB9929285,508.24,0.496,348.11,103.58,8.23,5.12,Very_Light
SUB8643603,10668.7,10.419,9156.88,776.16,0.7,33.01,Power_User
SUB4094235,287.08,0.28,193.77,43.23,0.49,4.57,Very_Light
SUB6986126,5846.37,5.709,4146.28,1071.68,18.4,118.22,Heavy
SUB3859653,1719.39,1.679,987.86,736.05,0.39,17.41,Light
SUB1387952,4585.44,4.478,4511.84,205.2,3.65,173.74,Moderate
SUB2030117,4082.0,3.986,3387.25,990.77,28.3,19.78,Moderate
SUB3896818,1336.71,1.305,933.36,285.08,3.8,111.54,Light
SUB3357821,1962.02,1.916,1707.04,120.15,0.19,36.28,Light
SUB9913742,2501.14,2.443,2305.73,20.3,0.27,10.19,Moderate
SUB6584263,1603.17,1.566,1288.35,58.84,0.66,43.58,Light
SUB1244761,781.64,0.763,672.29,23.27,1.5,42.88,Light
SUB9386180,678.58,0.663,379.79,179.85,5.29,31.38,Light
SUB1064323,11802.49,11.526,10801.48,300.08,9.35,3.92,Power_User
SUB2237715,13630.53,13.311,10500.93,1640.79,0.95,509.35,Power_User
SUB9040979,1586.51,1.549,1061.41,340.9,1.46,14.49,Light
SUB1954480,4978.31,4.862,4525.62,456.45,11.57,433.48,Moderate
SUB7681134,511.15,0.499,440.42,81.95,1.9,30.41,Very_Light
SUB1854016,11581.13,11.31,10742.34,904.7,13.3,244.23,Power_User
SUB6347417,1369.44,1.337,364.47,698.63,46.43,253.84,Light
SUB6809701,2508.12,2.449,1968.29,667.19,5.14,8.44,Moderate
SUB9671370,382.74,0.374,124.73,77.51,5.62,70.44,Very_Light
SUB3883427,1842.08,1.799,1610.12,57.07,0.0,5.74,Light
SUB2416012,2785.83,2.721,1971.39,360.9,4.06,92.28,Moderate
SUB6752810,1952.63,1.907,1777.25,239.3,3.85,2.58,Light
SUB1571650,3341.45,3.263,3110.94,25.9,1.55,12.84,Moderate
SUB5476576,2315.57,2.261,2278.75,36.96,5.56,108.61,Moderate
SUB9774533,2148.0,2.098,898.76,1339.82,0.08,12.88,Moderate
SUB3863793,909.59,0.888,668.15,125.02,4.69,101.89,Light
SUB5909047,1780.15,1.738,1476.04,164.84,6.78,18.78,Light
SUB7881289,210.33,0.205,65.07,116.25,0.97,1.72,Very_Light
SUB8422212,489.49,0.478,369.89,38.36,0.81,31.57,Very_Light
SUB4757974,877.13,0.857,128.05,516.63,0.92,27.8,Light
SUB9791689,10334.84,10.093,9006.49,362.99,4.24,3.16,Power_User
SUB8211179,2434.88,2.378,1758.99,595.52,8.41,16.5,Moderate
SUB9767500,1723.54,1.683,434.31,1131.59,0.34,137.26,Light
SUB5199591,14754.4,14.409,13443.38,378.04,14.59,80.46,Power_User
SUB6500545,339.45,0.331,0.0,280.85,0.79,8.0,Very_Light
SUB9291923,443.01,0.433,329.83,107.63,0.95,0.73,Very_Light
SUB4154240,3339.42,3.261,2875.64,142.04,38.98,26.68,Moderate
SUB8796324,4823.32,4.71,3346.5,1053.74,4.82,103.8,Moderate
SUB9112074,1329.51,1.298,1036.41,235.32,2.52,23.22,Light
SUB3190222,218.06,0.213,173.95,10.26,0.35,8.49,Very_Light
SUB3719269,32109.4,31.357,27994.05,1286.07,9.42,1092.66,Power_User
SUB8235574,774.04,0.756,303.76,335.8,0.08,110.61,Light
SUB6672354,1137.63,1.111,799.8,220.3,0.32,22.63,Light
SUB6205597,3620.68,3.536,2806.53,545.7,8.26,109.36,Moderate
SUB6284958,2429.01,2.372,2121.1,72.9,0.0,21.69,Moderate
SUB1786667,3188.08,3.113,2953.71,217.46,5.62,31.32,Moderate
SUB2712503,8103.61,7.914,7991.72,110.51,7.59,40.47,Heavy
SUB4609736,2961.35,2.892,2450.08,455.95,2.47,0.5,Moderate
SUB9060833,5742.93,5.608,3419.1,1217.25,2.11,786.29,Heavy
SUB7638155,7088.94,6.923,6438.27,198.29,4.61,132.52,Heavy
SUB2384418,5926.3,5.787,5723.13,177.49,9.18,276.38,Heavy
SUB1386594,147.57,0.144,66.29,7.6,2.69,15.23,Very_Light
SUB3869760,646.23,0.631,471.08,31.6,0.35,28.46,Light
SUB2092501,1185.45,1.158,1158.04,13.0,0.15,1.58,Light
SUB6238331,1053.09,1.028,424.0,189.97,1.91,282.43,Light
SUB9525631,1208.89,1.181,760.13,208.68,23.82,40.03,Light
SUB2135964,6565.21,6.411,4755.52,1754.21,8.54,107.74,Heavy
SUB3155748,19563.37,19.105,21137.46,111.18,5.21,219.83,Power_User
SUB4925282,795.77,0.777,654.03,91.11,0.49,49.9,Light
SUB1873172,3787.66,3.699,2777.69,652.68,0.07,1.54,Moderate
SUB9910852,3415.94,3.336,1486.39,1508.08,2.38,85.04,Moderate
SUB6655378,246.5,0.241,108.35,100.35,2.21,5.69,Very_Light
SUB5873594,3138.5,3.065,1611.48,1019.83,1.46,134.68,Moderate
SUB5063309,29150.62,28.467,27641.69,521.75,1.14,136.35,Power_User
SUB7941245,15175.66,14.82,15602.25,670.76,24.83,185.25,Power_User
SUB8817304,9974.55,9.741,8296.85,701.91,21.31,369.37,Heavy
SUB1829735,1869.55,1.826,1166.68,601.09,0.59,205.86,Light
SUB8021862,475.85,0.465,184.61,112.18,16.79,37.41,Very_Light
SUB9351245,8072.87,7.884,7150.75,345.31,2.35,74.37,Heavy
SUB6282591,9490.57,9.268,8517.39,360.66,0.3,140.58,Heavy
SUB8483058,1791.9,1.75,1191.99,297.86,12.5,54.71,Light
SUB3562469,6316.97,6.169,6197.21,506.62,27.53,43.35,Heavy
SUB4086176,1194.26,1.166,734.73,259.87,9.39,112.15,Light
SUB7509590,380.55,0.372,110.91,241.01,0.1,13.47,Very_Light
SUB6345854,528.7,0.516,393.91,50.68,1.83,15.67,Light
SUB8490200,2043.51,1.996,1680.34,403.59,2.99,47.75,Light
SUB5883680,539.75,0.527,121.34,335.58,2.2,18.84,Light
SUB4681262,1279.51,1.25,938.4,108.03,2.56,65.0,Light
SUB5633078,872.49,0.852,636.65,121.7,2.48,62.73,Light
SUB3609089,1297.46,1.267,939.37,149.89,2.93,57.71,Light
SUB3508749,6802.03,6.643,5468.66,683.42,3.93,281.36,Heavy
SUB1914228,842.65,0.823,285.33,543.21,2.2,4.72,Light
SUB1953959,997.83,0.974,839.46,128.89,7.87,49.63,Light
SUB8905477,689.08,0.673,393.02,185.6,15.61,10.55,Light
SUB4369538,1126.18,1.1,516.48,504.15,8.21,18.18,Light
SUB1345266,1491.03,1.456,741.44,594.68,2.21,14.28,Light
SUB5537358,3904.68,3.813,2941.51,600.5,6.69,7.49,Moderate
SUB7867100,4106.09,4.01,3139.4,615.27,3.77,39.43,Moderate
SUB6275034,3141.83,3.068,2684.35,274.74,6.98,174.97,Moderate
SUB8553974,28977.67,28.299,27661.4,224.93,0.83,41.93,Power_User
SUB7097091,3890.5,3.799,1872.79,1499.91,2.45,63.35,Moderate
SUB4177993,3608.96,3.524,2963.09,123.34,1.36,370.91,Moderate
SUB8705092,3104.15,3.031,2698.47,236.37,35.25,45.45,Moderate
SUB8583354,479.17,0.468,235.35,237.38,0.36,6.13,Very_Light
SUB4131209,531.58,0.519,416.72,36.45,6.41,2.65,Light
SUB6813365,481.85,0.471,315.97,169.59,0.19,1.09,Very_Light
SUB5057893,3453.15,3.372,3303.83,337.87,12.52,35.58,Moderate
SUB6691276,1248.49,1.219,1028.57,97.83,3.67,5.75,Light
SUB6397662,3446.86,3.366,2655.09,934.17,17.58,40.56,Moderate
SUB2805468,1423.94,1.391,189.34,1261.14,4.52,35.15,Light
SUB4427975,2574.35,2.514,2468.83,131.41,0.53,43.15,Moderate
SUB7356228,1551.78,1.515,519.95,929.11,1.58,11.61,Light
SUB9514716,524.01,0.512,213.73,95.1,0.68,167.48,Light
SUB6525633,759.88,0.742,683.49,44.94,0.67,21.0,Light
SUB3080154,4439.32,4.335,3298.95,233.47,12.06,403.16,Moderate
SUB3244702,3223.53,3.148,2402.15,432.32,12.86,253.68,Moderate
SUB4377778,318.4,0.311,167.9,33.81,2.66,42.0,Very_Light
SUB6735193,10436.43,10.192,9295.36,140.97,2.32,167.56,Power_User
SUB8726890,1802.52,1.76,1436.48,141.1,36.93,17.94,Light
SUB6897498,6282.95,6.136,5931.1,361.53,0.43,76.21,Heavy
SUB9357956,3661.77,3.576,3395.16,104.93,2.13,162.06,Moderate
SUB9204298,1701.47,1.662,1499.59,42.9,3.39,38.82,Light
SUB9776957,2936.21,2.867,1792.66,992.26,51.84,123.23,Moderate
SUB6843493,281.87,0.275,98.73,126.84,1.11,6.93,Very_Light
SUB4386501,1773.75,1.732,914.38,417.03,0.24,303.5,Light
SUB8395350,3622.52,3.538,1992.1,1251.15,1.44,202.67,Moderate
SUB5588334,5427.44,5.3,4040.18,724.76,0.37,19.44,Heavy
SUB9464685,11064.2,10.805,9917.32,215.57,0.24,16.52,Power_User
SUB8168362,867.16,0.847,257.33,308.33,18.24,245.27,Light
SUB5327819,3969.81,3.877,2606.93,910.74,3.43,21.96,Moderate
SUB8284953,273.77,0.267,256.03,10.03,1.16,0.0,Very_Light
SUB2255564,2610.4,2.549,1235.38,1155.37,13.21,74.84,Moderate
SUB9514493,1377.08,1.345,920.42,192.91,1.53,122.12,Light
SUB9930264,3093.39,3.021,2675.43,197.35,3.79,86.7,Moderate
SUB5424507,1037.3,1.013,730.41,187.67,5.96,5.88,Light
SUB3792427,2698.53,2.635,1736.96,590.3,0.67,68.09,Moderate
SUB4357679,1181.83,1.154,467.56,673.2,1.13,3.68,Light
SUB6748035,149.7,0.146,102.55,10.89,0.73,8.67,Very_Light
SUB5390020,3096.97,3.024,1945.4,855.84,26.39,0.0,Moderate
SUB3681719,503.12,0.491,157.93,154.7,1.22,145.68,Very_Light
SUB1890695,1610.18,1.572,1310.29,171.82,0.71,63.15,Light
SUB1838761,6252.88,6.106,5084.29,978.0,4.13,9.07,Heavy
SUB8367664,1362.44,1.331,1119.27,92.58,0.73,21.46,Light
SUB9888923,330.82,0.323,263.42,33.42,1.96,28.01,Very_Light
SUB6352825,234.0,0.229,133.6,38.31,4.71,0.0,Very_Light
SUB9887324,4514.07,4.408,3156.09,720.94,3.24,238.68,Moderate
SUB4321127,1019.87,0.996,139.42,813.38,21.57,5.52,Light
SUB3559272,2017.4,1.97,747.46,1026.87,3.94,2.74,Light
SUB3276106,4036.79,3.942,3266.52,430.33,14.88,15.75,Moderate
SUB7960534,388.94,0.38,299.56,37.19,0.89,5.63,Very_Light
SUB8374592,1349.59,1.318,1203.45,108.09,0.28,13.1,Light
SUB7575716,2706.45,2.643,1723.7,861.5,4.14,14.4,Moderate
SUB3002324,2059.29,2.011,1602.1,183.49,0.47,183.52,Moderate
SUB7262105,603.96,0.59,270.42,240.97,1.27,93.9,Light
SUB7671318,3048.57,2.977,2464.05,400.08,5.55,29.77,Moderate
SUB1494592,4442.11,4.338,3462.38,403.57,6.87,167.3,Moderate
SUB4578226,514.83,0.503,393.58,53.28,1.13,4.29,Light
SUB7149031,1570.3,1.533,1219.38,286.51,2.51,129.81,Light
SUB3427540,3727.74,3.64,3141.86,156.49,6.33,42.34,Moderate
SUB2715630,2063.68,2.015,839.65,836.85,3.05,222.19,Moderate
SUB1318408,788.06,0.77,522.46,130.94,0.25,52.38,Light
SUB9856884,1668.72,1.63,990.39,432.84,8.36,20.26,Light
SUB9900019,1489.4,1.454,1318.6,111.72,1.58,0.0,Light
SUB4117172,862.13,0.842,602.63,103.36,3.45,117.24,Light
SUB7304680,9341.27,9.122,9279.53,528.99,3.02,46.82,Heavy
SUB5235042,899.48,0.878,374.75,532.85,1.32,7.85,Light
SUB2898739,2498.63,2.44,2089.36,207.7,5.07,3.8,Moderate
SUB2017433,2762.97,2.698,2063.34,474.49,5.66,6.5,Moderate
SUB9104010,10762.28,10.51,9144.95,758.39,10.08,19.15,Power_User
SUB5661029,2504.42,2.446,1148.57,1069.7,1.5,53.23,Moderate
SUB4678086,193.16,0.189,82.74,19.76,10.45,17.1,Very_Light
SUB2581530,978.68,0.956,691.38,230.63,0.4,33.39,Light
SUB3087258,101.08,0.099,42.61,14.79,0.08,5.51,Very_Light
SUB5856447,597.83,0.584,430.35,107.69,0.18,5.41,Light
SUB9369066,2078.9,2.03,829.3,1248.99,7.48,35.14,Moderate
SUB7857658,153.7,0.15,123.61,17.75,1.42,3.77,Very_Light
SUB1996530,10001.3,9.767,8017.12,1634.21,24.89,15.68,Heavy
SUB3601623,3299.96,3.223,2325.12,1073.06,0.31,8.93,Moderate
SUB7231219,2018.46,1.971,1620.41,284.79,4.24,18.62,Light
SUB5108997,817.7,0.799,449.78,271.49,0.42,3.58,Light
SUB4364695,1335.21,1.304,753.17,463.12,0.37,126.56,Light
SUB2045482,1375.47,1.343,1211.22,110.72,1.17,1.99,Light
SUB6786265,2482.57,2.424,2204.41,166.79,3.3,59.14,Moderate
SUB6908635,1750.23,1.709,1593.94,162.9,15.01,1.86,Light
SUB8487345,1577.79,1.541,1553.05,98.17,0.57,2.14,Light
SUB1570451,682.96,0.667,380.21,174.71,19.45,77.27,Light
SUB9408424,133.39,0.13,24.07,67.57,3.03,25.94,Very_Light
SUB1967344,655.35,0.64,580.55,22.79,4.41,7.0,Light
SUB3412149,438.72,0.428,167.02,240.12,0.39,12.99,Very_Light
SUB6398869,314.01,0.307,176.92,103.11,0.0,19.62,Very_Light
SUB4352252,3559.29,3.476,2889.33,285.49,19.03,117.69,Moderate
SUB4732839,1534.05,1.498,1306.39,256.66,1.82,4.44,Light
SUB8022336,749.09,0.732,737.21,33.21,3.58,24.76,Light
SUB6768927,4091.19,3.995,4178.68,196.62,0.72,43.03,Moderate
SUB3878604,3214.23,3.139,1755.56,767.39,0.11,551.27,Moderate
SUB5327858,1023.31,0.999,755.99,174.56,2.96,12.05,Light
SUB8433533,4029.32,3.935,4022.97,22.64,12.18,17.57,Moderate
SUB9652831,1182.5,1.155,577.9,413.63,10.1,11.86,Light
SUB6984684,266.87,0.261,100.16,74.19,4.27,18.25,Very_Light
SUB3694287,908.4,0.887,805.97,93.5,0.09,39.93,Light
SUB7511634,2427.14,2.37,1532.19,954.85,12.44,7.16,Moderate
SUB5621056,4321.99,4.221,3243.66,637.62,2.25,48.51,Moderate
SUB9976973,1652.53,1.614,1282.79,167.01,3.07,91.8,Light
SUB1703662,204.52,0.2,141.57,18.93,1.25,2.65,Very_Light
SUB2305585,666.73,0.651,632.67,25.22,0.6,10.72,Light
SUB5092097,2122.47,2.073,1745.78,187.0,1.73,16.74,Moderate
SUB3659440,5960.34,5.821,5710.23,251.73,1.51,75.45,Heavy
SUB4943645,6351.35,6.202,4925.04,1886.75,19.84,1.78,Heavy
SUB5495013,394.95,0.386,193.42,136.38,9.74,71.34,Very_Light
SUB7094467,2204.82,2.153,1744.89,249.37,5.17,186.18,Moderate
SUB6517366,2088.49,2.04,991.95,842.07,7.07,11.61,Moderate
SUB4448678,11664.7,11.391,10334.65,1509.72,2.64,86.45,Power_User
SUB6211593,3492.16,3.41,2197.89,691.44,13.03,168.76,Moderate
SUB9370262,1136.94,1.11,573.59,392.66,12.16,66.45,Light
SUB5846769,11716.42,11.442,10033.33,1004.86,5.12,218.32,Power_User
SUB8449607,2293.38,2.24,1621.2,357.61,13.15,59.92,Moderate
SUB5043064,279.19,0.273,252.68,19.13,0.89,4.02,Very_Light
SUB3602967,1002.87,0.979,572.28,234.75,2.96,30.08,Light
SUB4438550,1142.17,1.115,594.76,517.58,0.18,70.59,Light
SUB1076218,3273.02,3.196,3122.27,198.23,5.72,40.95,Moderate
SUB7878974,323.16,0.316,260.46,41.38,0.35,21.85,Very_Light
SUB1770044,169.94,0.166,135.66,23.28,1.16,10.44,Very_Light
SUB6579079,1071.24,1.046,782.33,142.17,3.49,25.56,Light
SUB4185714,435.41,0.425,290.77,31.83,2.71,3.19,Very_Light
SUB2728096,839.53,0.82,422.79,117.6,3.41,169.49,Light
SUB9736347,3891.73,3.801,3164.44,641.9,13.9,171.82,Moderate
SUB9860935,6606.98,6.452,5347.02,711.94,16.81,34.21,Heavy
SUB8667105,719.57,0.703,458.04,210.1,1.05,2.53,Light
SUB3694946,20457.85,19.978,18043.32,1046.04,0.18,16.94,Power_User
SUB5229215,1924.22,1.879,1224.21,113.75,43.42,305.72,Light
SUB2922135,1796.8,1.755,1287.95,363.57,0.33,4.5,Light
SUB8021855,1898.48,1.854,1375.01,380.22,6.98,93.64,Light
SUB1978039,644.1,0.629,575.28,12.82,0.11,3.76,Light
SUB9997354,1857.88,1.814,1160.7,581.11,0.53,30.05,Light
SUB8352207,272.08,0.266,152.66,44.87,1.02,21.47,Very_Light
SUB1499876,2663.54,2.601,2475.47,279.74,0.98,25.43,Moderate
SUB2962165,5893.34,5.755,5677.03,85.39,2.44,127.83,Heavy
SUB8985620,716.33,0.7,566.25,68.92,1.02,7.45,Light
SUB1611213,789.62,0.771,722.03,72.22,3.54,4.45,Light
SUB1768734,3338.65,3.26,2647.48,607.0,1.63,180.84,Moderate
SUB8750575,5336.94,5.212,4917.29,198.11,1.18,109.82,Heavy
SUB5241361,3526.38,3.444,2998.16,130.47,5.61,2.02,Moderate
SUB6511174,457.07,0.446,284.65,104.9,3.5,44.6,Very_Light
SUB2839433,6884.47,6.723,6308.16,439.11,9.91,9.16,Heavy
SUB7569632,2991.94,2.922,2708.77,45.47,7.06,61.47,Moderate
SUB4672214,1128.96,1.102,819.23,67.11,6.99,242.13,Light
SUB3026580,3225.96,3.15,3009.68,129.78,1.52,51.53,Moderate
SUB8229039,320.87,0.313,120.6,115.0,6.55,61.74,Very_Light
SUB8507324,581.35,0.568,517.66,43.43,1.98,12.93,Light
SUB7202258,4922.76,4.807,4034.77,386.53,0.11,6.0,Moderate
SUB5339235,114.89,0.112,66.15,39.96,0.0,0.0,Very_Light
SUB4526737,998.72,0.975,447.0,409.44,7.28,61.77,Light
SUB9790529,3466.7,3.385,3251.93,312.35,5.17,147.93,Moderate
SUB3008960,1191.99,1.164,898.52,138.78,4.64,90.69,Light
SUB5455214,9590.79,9.366,7311.62,1512.63,1.85,132.16,Heavy
SUB9476563,2791.75,2.726,1445.19,1556.77,2.22,7.17,Moderate
SUB7918889,534.29,0.522,473.02,50.8,0.17,1.04,Light
SUB4816446,14594.87,14.253,15046.87,804.53,30.36,150.8,Power_User
SUB4376513,2524.98,2.466,2327.03,35.18,1.21,199.25,Moderate
SUB2937878,538.3,0.526,280.12,214.31,5.16,26.36,Light
SUB7193956,461.09,0.45,318.43,59.53,11.49,57.71,Very_Light
SUB2705215,2755.01,2.69,2616.32,172.93,1.05,131.71,Moderate
SUB6437149,1264.43,1.235,151.67,940.74,1.91,6.01,Light
SUB8271476,798.34,0.78,581.34,116.24,1.72,42.06,Light
SUB7429611,1744.32,1.703,1464.36,154.64,5.47,81.15,Light
SUB4266402,61.46,0.06,18.26,8.99,0.0,17.15,Very_Light
SUB9121849,5487.72,5.359,4297.48,993.44,4.87,28.4,Heavy
SUB9104789,982.63,0.96,796.58,119.71,9.26,9.3,Light
SUB5108880,637.21,0.622,449.46,110.4,3.82,14.12,Light
SUB6499593,1528.67,1.493,1151.09,79.73,16.88,159.09,Light
SUB5261946,947.67,0.925,607.33,208.6,3.55,93.71,Light
SUB1090093,816.97,0.798,671.7,74.57,1.81,72.85,Light
SUB2732465,1433.43,1.4,1161.08,100.34,8.83,35.44,Light
SUB4173584,4413.0,4.31,2470.54,1674.54,11.41,44.64,Moderate
SUB3859244,6815.79,6.656,6171.35,613.14,0.63,57.6,Heavy
SUB1886040,8828.95,8.622,8879.97,48.02,10.03,24.1,Heavy
SUB1322918,3526.26,3.444,2907.68,351.13,22.28,33.51,Moderate
SUB3245909,5868.74,5.731,4954.43,946.28,2.51,369.51,Heavy
SUB1116739,987.1,0.964,362.9,557.25,1.13,82.65,Light
SUB2014929,12474.57,12.182,12184.24,439.58,4.21,117.82,Power_User
SUB3420564,210.25,0.205,117.86,45.96,0.81,28.23,Very_Light
SUB9577064,248.29,0.242,89.01,129.57,0.82,14.76,Very_Light
SUB3653093,2024.68,1.977,1649.13,328.44,2.17,3.17,Light
SUB4303457,742.51,0.725,626.62,36.82,2.78,68.86,Light
SUB6888997,3851.53,3.761,3670.65,57.0,4.11,70.23,Moderate
SUB7944121,3854.22,3.764,3265.15,474.76,2.72,191.94,Moderate
SUB7238795,1175.2,1.148,827.84,155.37,2.05,50.15,Light
SUB5767348,363.09,0.355,210.59,113.72,2.78,33.02,Very_Light
SUB1716756,2893.12,2.825,357.29,2218.46,6.22,56.08,Moderate
SUB9439834,3103.05,3.03,3124.53,75.5,1.57,10.27,Moderate
SUB7790968,1076.7,1.051,544.81,397.66,0.0,3.51,Light
SUB4751198,11970.27,11.69,10768.38,213.88,22.4,100.72,Power_User
SUB8369434,276.56,0.27,156.95,48.17,7.98,7.41,Very_Light
SUB4138145,1225.46,1.197,1046.91,167.01,3.85,5.96,Light
SUB2226476,2721.19,2.657,1843.42,815.94,2.01,71.16,Moderate
SUB5184056,486.99,0.476,133.04,209.41,1.95,9.18,Very_Light
SUB9960820,3188.61,3.114,1994.33,771.77,11.61,58.21,Moderate
SUB2500844,1158.55,1.131,661.62,285.04,0.56,114.3,Light
SUB4443609,637.91,0.623,295.19,67.65,1.02,169.23,Light
SUB9752084,1644.51,1.606,1044.77,440.51,14.58,88.95,Light
SUB2400283,5289.6,5.166,3174.05,1604.25,0.21,293.01,Heavy
SUB6927613,2934.27,2.865,2605.72,275.33,31.91,250.25,Moderate
SUB1691757,9682.9,9.456,9071.95,1039.42,21.9,3.25,Heavy
SUB1390719,1252.78,1.223,990.51,159.28,1.29,33.8,Light
SUB7854453,72.83,0.071,26.56,1.0,0.18,10.65,Very_Light
SUB4337920,1131.41,1.105,626.0,501.5,3.1,10.53,Light
SUB4296050,1449.82,1.416,751.56,497.9,9.31,3.38,Light
SUB3118324,9147.73,8.933,8213.95,319.07,17.09,75.31,Heavy
SUB7827299,5174.59,5.053,3518.69,745.56,1.82,483.43,Heavy
SUB7247794,8386.62,8.19,7530.15,381.37,13.2,45.42,Heavy
SUB8917596,3424.28,3.344,2197.89,1129.16,2.47,2.25,Moderate
SUB5902666,477.43,0.466,362.71,45.4,2.18,7.58,Very_Light
SUB1876031,3586.27,3.502,3361.83,309.91,7.81,41.46,Moderate
SUB7232739,479.09,0.468,383.54,13.1,0.0,21.7,Very_Light
SUB2270896,1074.67,1.049,940.18,125.34,5.56,16.05,Light
SUB2059622,2397.66,2.341,1738.91,400.67,5.18,13.27,Moderate
SUB5422375,734.88,0.718,463.1,123.2,3.11,37.94,Light
SUB1378165,3819.63,3.73,3045.58,579.25,2.33,0.0,Moderate
SUB5131479,1055.83,1.031,523.48,445.21,13.42,21.61,Light
SUB1415008,6890.55,6.729,5439.84,762.04,5.6,357.09,Heavy
SUB2631993,1621.98,1.584,1259.76,264.1,1.52,39.77,Light
SUB4351278,4940.17,4.824,4225.04,1060.33,0.72,1.21,Moderate
SUB3342035,283.05,0.276,96.54,24.65,5.47,81.71,Very_Light
SUB8978450,512.67,0.501,203.8,245.46,5.03,39.14,Light
SUB6703394,5231.04,5.108,4022.41,778.84,7.43,134.33,Heavy
SUB8240947,3970.65,3.878,2674.36,1579.72,1.72,15.93,Moderate
SUB3768362,2590.98,2.53,1832.81,555.97,3.44,3.19,Moderate
SUB2170365,9099.4,8.886,9294.26,597.16,0.28,2.27,Heavy
SUB6931161,979.25,0.956,715.12,251.98,6.74,17.26,Light
SUB7790593,125.83,0.123,21.97,66.5,1.97,2.79,Very_Light
SUB5851188,1631.26,1.593,1346.56,85.58,13.88,36.95,Light
SUB3721864,129.91,0.127,93.33,22.5,0.0,1.25,Very_Light
SUB4947208,1124.06,1.098,788.62,123.73,19.43,36.13,Light
SUB7984720,2052.45,2.004,1053.78,927.42,20.85,173.58,Moderate
SUB8733308,12809.58,12.509,11650.15,1085.98,13.27,120.89,Power_User
SUB4875754,937.25,0.915,680.62,146.29,15.29,1.72,Light
SUB3704999,13494.55,13.178,12461.83,425.62,0.55,46.58,Power_User
SUB6298217,432.01,0.422,267.97,92.96,2.63,1.06,Very_Light
SUB2324070,2025.97,1.978,1670.45,205.0,13.3,54.55,Light
SUB8364386,7526.71,7.35,7490.85,589.9,2.65,103.13,Heavy
SUB6787749,2343.1,2.288,1846.22,404.69,15.3,23.62,Moderate
SUB2661793,4798.48,4.686,3863.42,460.13,8.4,0.0,Moderate
SUB7576651,325.96,0.318,100.84,114.2,20.62,10.03,Very_Light
SUB7867218,1205.91,1.178,577.77,443.57,52.61,65.03,Light
SUB8466027,5096.73,4.977,2809.32,1572.12,4.6,1013.36,Moderate
SUB5987696,17668.18,17.254,16991.94,1121.67,42.37,116.77,Power_User
SUB1428988,465.79,0.455,226.73,124.13,2.66,57.5,Very_Light
SUB5084752,2388.48,2.332,2018.64,194.31,0.45,6.88,Moderate
SUB5374857,2535.72,2.476,2114.21,181.35,15.03,13.76,Moderate
SUB3977590,2148.36,2.098,1682.48,319.27,4.48,166.03,Moderate
SUB8599600,4749.42,4.638,4998.44,92.95,0.33,87.93,Moderate
SUB7610734,119.64,0.117,70.34,18.6,0.0,24.16,Very_Light
SUB4297291,848.7,0.829,795.81,75.34,0.92,0.49,Light
SUB5894287,3461.85,3.381,2135.14,1491.93,8.37,42.69,Moderate
SUB8954647,185.74,0.181,115.68,13.93,5.22,8.23,Very_Light
SUB3490706,3050.32,2.979,2381.85,656.76,19.53,0.4,Moderate
SUB8542535,1150.73,1.124,978.79,158.34,4.71,19.84,Light
SUB9047252,1669.24,1.63,1039.08,621.59,2.63,0.0,Light
SUB6254224,867.62,0.847,132.19,563.02,41.77,27.07,Light
SUB7215140,5249.04,5.126,5421.18,167.64,20.89,33.27,Heavy
SUB4737973,4973.22,4.857,4819.21,344.02,1.24,7.48,Moderate
SUB3202575,460.29,0.45,36.81,412.07,4.03,3.59,Very_Light
SUB7611653,705.97,0.689,496.24,125.64,0.0,14.05,Light
SUB1464071,9367.52,9.148,7929.73,986.21,3.34,206.7,Heavy
SUB5381137,1605.72,1.568,1277.95,209.55,0.06,31.34,Light
SUB5912216,633.36,0.619,499.22,39.16,1.31,26.04,Light
SUB8597626,1683.83,1.644,849.1,673.5,11.98,29.79,Light
SUB4498472,1863.92,1.82,1662.29,190.62,7.52,16.76,Light
SUB9369689,249.45,0.244,128.46,32.91,23.19,17.5,Very_Light
SUB2564718,2423.54,2.367,1837.93,338.64,2.2,42.47,Moderate
SUB6139743,1301.53,1.271,1063.38,302.41,2.34,8.43,Light
SUB4813270,28956.24,28.278,30068.94,1393.48,30.0,40.44,Power_User
SUB5806425,635.53,0.621,238.3,234.74,1.49,112.27,Light
SUB7609876,1407.1,1.374,1180.15,97.01,1.55,3.38,Light
SUB3378837,1436.9,1.403,705.86,688.9,0.32,39.46,Light
SUB7123769,456.97,0.446,357.85,77.41,3.9,16.61,Very_Light
SUB2524102,3212.29,3.137,1540.82,824.59,0.66,606.87,Moderate
SUB3383366,315.89,0.308,159.66,150.61,0.83,17.71,Very_Light
SUB3035848,275.21,0.269,251.64,11.0,2.86,7.09,Very_Light
SUB6122930,1992.65,1.946,1246.87,813.88,3.35,0.0,Light
SUB9593223,438.26,0.428,154.4,78.03,2.25,1.17,Very_Light
SUB7691409,950.62,0.928,825.83,110.58,2.9,66.57,Light
SUB1838003,5948.05,5.809,3039.71,2285.35,25.37,10.89,Heavy
SUB4433382,3439.59,3.359,3541.92,87.53,1.92,12.39,Moderate
SUB9670178,473.61,0.463,375.05,65.4,0.7,1.06,Very_Light
SUB4395049,5863.56,5.726,4853.25,634.23,17.39,1.25,Heavy
SUB1066150,2941.18,2.872,2869.96,74.41,32.81,26.63,Moderate
SUB8951632,707.54,0.691,520.49,35.51,12.59,0.62,Light
SUB8429645,1283.12,1.253,729.66,339.58,12.84,6.91,Light
SUB7081687,1454.34,1.42,1298.11,90.84,6.23,13.68,Light
SUB9948331,11456.7,11.188,10656.11,1643.59,0.06,138.92,Power_User
SUB3547500,761.61,0.744,716.74,26.35,0.25,0.59,Light
SUB5193060,3940.76,3.848,3357.2,293.37,4.24,119.23,Moderate
SUB1134055,5911.07,5.773,5243.5,243.9,11.72,0.0,Heavy
SUB2841648,1818.08,1.775,1395.19,100.69,1.28,97.44,Light
SUB8132508,5997.91,5.857,4617.34,721.86,1.48,15.74,Heavy
SUB7437845,4573.24,4.466,2346.03,1875.01,13.99,2.68,Moderate
SUB4828433,1075.14,1.05,865.89,229.64,4.87,1.99,Light
SUB3735264,5150.21,5.03,3931.51,893.07,10.31,63.23,Heavy
SUB5448748,907.97,0.887,677.49,63.77,2.33,1.54,Light
SUB8152747,2558.38,2.498,2352.22,353.58,1.36,5.24,Moderate
SUB5137270,1072.06,1.047,661.71,254.03,0.7,33.19,Light
SUB5317922,1829.08,1.786,1132.24,283.41,0.51,314.89,Light
SUB9847905,2145.82,2.096,1700.52,397.93,1.77,24.95,Moderate
SUB8465373,934.55,0.913,510.97,330.38,12.94,23.29,Light
SUB2020154,9496.78,9.274,9330.55,615.66,14.38,11.14,Heavy
SUB9070924,567.51,0.554,454.08,112.36,1.66,0.0,Light
SUB7843532,1835.88,1.793,1324.89,450.63,2.99,7.76,Light
SUB5945169,1352.47,1.321,968.23,292.03,2.27,5.0,Light
SUB7733215,535.97,0.523,260.21,169.76,0.0,16.33,Light
SUB9195810,7819.25,7.636,7009.46,487.62,1.71,91.21,Heavy
SUB8904294,2113.89,2.064,1435.24,303.14,8.64,411.67,Moderate
SUB8185197,21752.99,21.243,20181.29,862.52,4.94,4.96,Power_User
SUB9171548,578.04,0.564,441.25,140.94,1.77,1.55,Light
SUB7714301,2447.57,2.39,2234.46,296.68,20.71,32.69,Moderate
SUB8969693,1075.56,1.05,746.03,134.31,10.66,69.8,Light
SUB2859582,2018.46,1.971,1276.79,710.04,2.25,15.16,Light
SUB8744064,11966.41,11.686,10698.8,1259.81,25.03,159.35,Power_User
SUB3129885,5217.48,5.095,4183.92,565.45,0.62,3.43,Heavy
SUB5720642,2659.27,2.597,1916.93,122.31,13.16,360.08,Moderate
SUB1549239,3124.35,3.051,1675.03,1220.89,5.34,32.19,Moderate
SUB9945309,5712.79,5.579,4594.81,543.37,14.92,22.76,Heavy
SUB6408753,1926.93,1.882,991.74,333.25,0.32,399.48,Light
SUB4047569,1703.58,1.664,1358.31,134.52,7.11,128.61,Light
SUB1785332,5445.71,5.318,4552.59,426.56,0.64,158.38,Heavy
SUB9555080,2079.82,2.031,1401.77,587.7,1.03,94.15,Moderate
SUB1397710,786.13,0.768,515.75,106.66,4.49,77.73,Light
SUB7503216,10754.0,10.502,10606.27,540.59,7.96,18.9,Power_User
SUB5317048,13564.72,13.247,13035.02,595.01,0.45,6.09,Power_User
SUB4188729,1701.27,1.661,1384.57,224.64,2.28,1.67,Light
SUB5785956,337.89,0.33,63.33,176.22,2.61,63.66,Very_Light
SUB6105724,2701.54,2.638,2687.47,85.5,0.15,3.36,Moderate
SUB6025764,12047.85,11.765,9056.72,1682.86,4.89,193.79,Power_User
SUB8996198,17224.93,16.821,17423.17,474.93,0.88,143.69,Power_User
SUB1910775,539.11,0.526,346.16,49.8,9.68,52.19,Light
SUB6954878,354.96,0.347,195.98,138.16,0.59,3.15,Very_Light
SUB6927997,2685.56,2.623,2524.72,114.41,4.19,43.71,Moderate
SUB1558924,7574.11,7.397,4496.15,2124.96,1.46,308.42,Heavy
SUB4881185,964.72,0.942,690.33,153.23,0.33,25.82,Light
SUB6004998,2875.85,2.808,1380.44,1491.03,8.93,14.4,Moderate
SUB6166650,1676.23,1.637,1444.61,233.72,6.39,19.72,Light
SUB6693075,5621.63,5.49,4994.08,515.02,10.79,13.72,Heavy
SUB9109916,1321.27,1.29,320.69,913.35,21.84,28.6,Light
SUB6193278,4833.04,4.72,3868.0,351.57,0.14,101.07,Moderate
SUB1431413,1290.09,1.26,515.89,296.91,1.24,408.7,Light
SUB5165100,1372.04,1.34,1325.5,14.46,1.56,8.21,Light
SUB1863561,4651.04,4.542,4473.46,104.02,1.85,66.3,Moderate
SUB1302186,305.98,0.299,281.31,8.13,2.84,7.92,Very_Light
SUB4207393,1714.26,1.674,1156.0,480.76,37.75,0.0,Light
SUB6489464,3403.35,3.324,2996.02,72.62,12.96,53.2,Moderate
SUB8456985,2277.05,2.224,2067.98,118.2,8.22,126.87,Moderate
SUB7767528,402.95,0.394,275.51,64.44,10.5,2.89,Very_Light
SUB2026553,3388.99,3.31,2471.35,1007.61,5.16,69.36,Moderate
SUB9533879,1270.53,1.241,891.2,256.32,2.3,127.57,Light
SUB4743797,793.93,0.775,309.92,387.99,2.83,56.71,Light
SUB2514542,717.48,0.701,596.4,66.5,0.66,20.88,Light
SUB7357718,7201.11,7.032,5750.61,960.11,7.85,53.23,Heavy
SUB5180656,1189.81,1.162,766.83,258.17,16.04,8.92,Light
SUB9465506,10032.58,9.797,10275.76,342.23,3.32,0.0,Heavy
SUB7846192,13118.26,12.811,11472.86,1405.65,8.95,260.79,Power_User
SUB9676924,6827.47,6.667,5829.08,241.53,12.77,24.22,Heavy
SUB8347689,7855.87,7.672,7268.05,490.2,2.21,46.94,Heavy
SUB2829553,1652.76,1.614,1462.39,101.03,22.84,35.71,Light
SUB4041341,1118.34,1.092,950.44,55.14,32.59,99.55,Light
SUB2039504,1469.29,1.435,1017.18,68.14,11.94,256.98,Light
SUB7666455,4022.27,3.928,3778.28,293.6,7.58,12.23,Moderate
SUB8663589,8405.99,8.209,7221.22,659.74,12.36,123.44,Heavy
SUB8918348,11095.12,10.835,9153.37,2025.17,66.84,207.5,Power_User
SUB5988023,2843.99,2.777,2853.56,101.54,0.61,73.9,Moderate
SUB8635836,27034.43,26.401,24298.72,574.94,43.63,35.71,Power_User
SUB8809006,1993.37,1.947,1085.15,902.39,0.35,63.31,Light
SUB2675843,732.97,0.716,550.0,104.94,0.0,14.43,Light
SUB9423309,26197.6,25.584,25315.31,2038.76,22.0,384.34,Power_User
SUB4229028,636.17,0.621,392.34,184.55,0.18,1.85,Light
SUB8056993,2992.98,2.923,2347.69,335.5,1.47,15.45,Moderate
SUB2721610,771.8,0.754,519.43,107.11,9.67,73.32,Light
SUB3339767,437.34,0.427,322.82,39.51,0.61,21.8,Very_Light
SUB3614235,1142.02,1.115,144.64,724.39,6.88,143.76,Light
SUB1491036,2718.86,2.655,1800.95,673.75,0.59,3.45,Moderate
SUB9715912,238.42,0.233,169.51,53.76,0.64,14.93,Very_Light
SUB7046914,1427.14,1.394,1240.77,132.35,0.66,39.01,Light
SUB3710241,2789.33,2.724,2454.45,39.69,9.03,8.35,Moderate
SUB2142953,1066.89,1.042,359.88,600.92,4.22,64.14,Light
SUB4961352,1596.62,1.559,1015.62,345.92,21.27,93.06,Light
SUB4978702,4355.56,4.253,3000.34,1132.54,24.21,124.72,Moderate
SUB9168984,577.78,0.564,500.68,67.71,3.53,0.0,Light
SUB1326916,760.68,0.743,340.1,337.34,6.8,21.72,Light
SUB4597706,6702.81,6.546,6500.66,333.72,4.86,183.53,Heavy
SUB5506554,2211.43,2.16,1348.13,891.01,10.54,4.24,Moderate
SUB1605409,1465.97,1.432,681.31,618.07,13.85,9.03,Light
SUB7849486,1561.96,1.525,1120.27,365.04,1.47,11.21,Light
SUB6050405,762.21,0.744,84.23,389.55,6.72,260.87,Light
SUB9337735,5172.84,5.052,4435.98,840.34,1.91,60.43,Heavy
SUB2725690,775.27,0.757,622.94,30.58,1.46,53.01,Light
SUB4280772,771.15,0.753,474.11,276.66,5.38,22.2,Light
SUB9197295,3902.76,3.811,3728.96,504.44,0.3,70.48,Moderate
SUB6809041,981.91,0.959,696.38,169.59,15.61,47.11,Light
SUB6087268,4173.36,4.076,2678.84,1459.1,0.08,0.58,Moderate
SUB7155579,3526.11,3.443,1493.48,1745.81,5.31,132.82,Moderate
SUB1403119,1305.65,1.275,865.1,280.86,6.71,14.95,Light
SUB9212420,1831.59,1.789,1387.56,217.68,1.27,2.17,Light
SUB1402732,3555.88,3.473,2965.99,732.36,5.87,36.24,Moderate
SUB1506079,615.99,0.602,446.0,165.14,0.8,2.33,Light
SUB2950013,642.34,0.627,559.43,47.18,0.43,3.24,Light
SUB2132658,3351.92,3.273,885.77,2039.09,4.28,60.19,Moderate
SUB2985209,1791.29,1.749,779.91,969.18,1.07,12.04,Light
SUB5322626,417.08,0.407,388.81,32.14,0.17,1.59,Very_Light
SUB1656951,1450.67,1.417,671.29,600.33,65.07,4.67,Light
SUB9399911,1067.14,1.042,735.9,95.92,65.22,62.89,Light
SUB4479591,3162.31,3.088,3006.13,205.96,1.0,4.48,Moderate
SUB6203916,892.93,0.872,687.09,116.85,13.48,91.61,Light
SUB7026988,911.61,0.89,600.91,246.37,1.11,11.14,Light
SUB8426263,2389.92,2.334,2259.64,97.96,11.67,10.0,Moderate
SUB3366610,1892.38,1.848,1257.95,411.81,14.75,252.84,Light
SUB5180303,2499.53,2.441,2322.82,229.08,16.62,0.0,Moderate
SUB5684346,2935.42,2.867,2272.87,407.69,2.52,106.74,Moderate
SUB1458298,2236.53,2.184,2181.15,218.53,4.15,28.21,Moderate
SUB2047343,2543.63,2.484,1914.22,309.54,4.06,75.72,Moderate
SUB6719720,5362.13,5.236,3850.28,947.68,10.22,108.15,Heavy
SUB9493836,1092.53,1.067,848.84,155.93,20.48,19.0,Light
SUB5620650,23349.98,22.803,21333.53,477.94,35.14,255.64,Power_User
SUB2755692,5247.68,5.125,2719.66,1567.79,6.06,451.93,Heavy
SUB2730228,1145.76,1.119,707.7,285.68,5.54,22.86,Light
SUB2946793,2926.23,2.858,2758.59,18.66,0.1,59.87,Moderate
SUB2569123,1478.62,1.444,1369.56,64.86,0.7,3.74,Light
SUB7115518,1309.48,1.279,1201.45,75.75,18.58,18.35,Light
SUB8393979,1461.23,1.427,1103.28,109.67,1.4,217.41,Light
SUB9437482,12224.98,11.938,10511.03,703.27,2.84,127.32,Power_User
SUB2622572,1094.66,1.069,773.86,168.32,9.77,153.24,Light
SUB4220281,605.74,0.592,469.9,79.83,1.38,6.06,Light
SUB3689784,641.04,0.626,313.59,153.01,12.38,13.88,Light
SUB9175602,1104.16,1.078,672.74,284.37,9.38,16.3,Light
SUB1709662,558.43,0.545,437.79,48.28,3.82,23.89,Light
SUB7863382,254.09,0.248,129.49,22.5,1.62,32.18,Very_Light
SUB6321129,2346.94,2.292,2013.25,127.11,3.66,57.05,Moderate
SUB9859060,769.21,0.751,193.1,493.26,20.54,18.48,Light
SUB6672605,697.16,0.681,536.31,92.44,21.02,17.53,Light
SUB3592670,1976.78,1.93,1961.19,98.76,0.37,47.02,Light
SUB5810833,848.46,0.829,451.9,200.02,0.61,175.93,Light
SUB7703459,635.89,0.621,51.57,435.1,5.92,27.43,Light
SUB7417665,446.34,0.436,104.71,312.29,0.53,30.52,Very_Light
SUB1442061,299.87,0.293,212.78,62.25,1.62,3.58,Very_Light
SUB4761675,4387.84,4.285,1810.48,2263.82,8.29,205.17,Moderate
SUB8415745,27929.63,27.275,26813.99,1503.83,46.51,208.07,Power_User
SUB9082655,976.49,0.954,648.58,123.9,23.45,1.49,Light
SUB9877580,2216.67,2.165,2019.8,135.67,0.49,148.03,Moderate
SUB4081328,543.69,0.531,388.11,105.33,1.66,14.8,Light
SUB6371112,2567.67,2.507,1946.38,321.57,3.27,25.84,Moderate
SUB9551646,1394.66,1.362,1133.46,150.8,6.13,77.29,Light
SUB8281505,2885.99,2.818,2468.38,278.11,4.28,169.45,Moderate
SUB6124795,2088.27,2.039,1261.7,614.94,8.36,110.37,Moderate
SUB6411263,922.85,0.901,295.56,557.1,3.51,10.48,Light
SUB4963735,12237.22,11.95,10611.34,607.82,10.96,41.99,Power_User
SUB7493509,8144.73,7.954,7991.23,529.6,9.17,338.31,Heavy
SUB9989138,5699.19,5.566,4289.1,809.15,39.64,7.19,Heavy
SUB9824031,2096.26,2.047,1412.84,405.48,7.47,65.07,Moderate
SUB2192929,828.5,0.809,597.52,148.2,11.23,7.99,Light
SUB9711998,1523.38,1.488,1039.1,288.49,4.66,34.08,Light
SUB7555035,7411.09,7.237,6996.21,252.7,1.43,54.05,Heavy
SUB5068316,438.62,0.428,251.16,105.13,2.4,1.84,Very_Light
SUB9067987,6288.86,6.141,6146.97,109.99,2.44,30.01,Heavy
SUB2656671,2385.68,2.33,1854.17,225.84,12.04,13.14,Moderate
SUB6681635,3233.7,3.158,2377.02,557.58,10.1,22.56,Moderate
SUB7145265,887.77,0.867,273.34,374.34,44.14,62.89,Light
SUB9527171,4057.35,3.962,2965.19,515.88,6.86,92.31,Moderate
SUB1783066,2071.62,2.023,1142.57,600.3,9.83,239.41,Moderate
SUB5899856,1020.81,0.997,240.95,650.26,3.49,69.61,Light
SUB7240779,1171.06,1.144,994.15,17.99,43.39,0.0,Light
SUB5055957,6774.16,6.615,5793.22,592.39,18.15,37.41,Heavy
SUB7617488,7558.42,7.381,7466.98,680.19,0.0,21.89,Heavy
SUB1597897,778.81,0.761,677.23,52.94,0.17,1.54,Light
SUB4941237,1403.92,1.371,855.1,252.78,3.11,169.56,Light
SUB3042999,12858.72,12.557,11969.01,386.85,10.14,20.51,Power_User
SUB4659985,1500.44,1.465,1229.4,32.42,0.93,46.63,Light
SUB2902897,3309.89,3.232,2745.85,715.14,2.96,24.59,Moderate
SUB9019213,1656.55,1.618,1177.9,445.94,1.93,42.06,Light
SUB4576511,3258.4,3.182,2837.95,604.39,15.42,44.46,Moderate
SUB2163950,2026.91,1.979,1752.5,36.63,4.5,23.55,Light
SUB1549148,978.64,0.956,742.0,103.92,0.06,28.53,Light
SUB3773707,649.21,0.634,604.08,14.33,8.08,5.17,Light
SUB6068002,9998.74,9.764,9909.41,568.96,1.71,472.28,Heavy
SUB3773939,5696.11,5.563,4944.83,79.43,0.86,253.96,Heavy
SUB2935740,1791.71,1.75,1637.75,207.86,4.5,16.56,Light
SUB4434955,1395.06,1.362,652.96,341.12,12.74,135.88,Light
SUB5936710,280.43,0.274,115.12,89.28,2.09,16.6,Very_Light
SUB6155872,4824.08,4.711,4562.97,253.63,1.42,168.47,Moderate
SUB4177326,411.49,0.402,182.88,102.55,5.93,27.46,Very_Light
SUB2554510,842.6,0.823,586.86,214.29,0.0,9.33,Light
SUB4763122,7031.15,6.866,5243.54,1057.55,9.99,17.83,Heavy
SUB5421590,415.76,0.406,304.44,37.99,2.04,4.69,Very_Light
SUB3534937,8606.46,8.405,7718.79,627.11,8.47,14.71,Heavy
SUB1812461,3366.18,3.287,2424.59,967.34,6.06,190.5,Moderate
SUB5427036,10844.85,10.591,9444.98,853.45,5.16,16.64,Power_User
SUB2718224,29552.46,28.86,25242.08,1948.17,16.59,119.08,Power_User
SUB3710626,2182.4,2.131,2013.42,110.37,15.6,2.91,Moderate
SUB8906166,881.57,0.861,560.1,252.59,3.38,13.68,Light
SUB8310108,7999.22,7.812,5868.08,1221.19,49.29,188.24,Heavy
SUB7440010,2428.58,2.372,1966.54,302.67,8.89,177.69,Moderate
SUB9674163,16478.23,16.092,14574.27,1569.32,5.16,273.51,Power_User
SUB1444191,201.43,0.197,53.36,58.28,0.12,25.13,Very_Light
SUB2502337,2249.02,2.196,1540.04,768.09,1.09,84.96,Moderate
SUB4486669,676.24,0.66,598.89,84.55,4.2,29.1,Light
SUB4722946,18574.12,18.139,16418.3,482.24,13.33,357.22,Power_User
SUB8064400,194.09,0.19,83.76,23.17,0.94,28.47,Very_Light
SUB1224695,301.55,0.294,74.94,126.84,3.13,1.2,Very_Light
SUB4441628,3414.53,3.335,2624.32,583.37,4.85,1.93,Moderate
SUB8552975,1175.13,1.148,560.41,463.41,2.24,122.59,Light
SUB9123236,2963.42,2.894,1575.71,941.79,2.97,104.18,Moderate
SUB8761850,3736.28,3.649,3298.36,184.78,2.57,17.97,Moderate
SUB4340216,174.23,0.17,66.36,61.93,0.07,17.31,Very_Light
SUB4833284,862.91,0.843,664.89,110.17,0.15,28.76,Light
SUB2847865,7300.62,7.13,5979.16,1306.98,17.05,26.07,Heavy
SUB8586725,11720.29,11.446,11269.62,473.03,13.26,312.56,Power_User
SUB5897954,14547.71,14.207,13604.27,339.57,5.83,43.38,Power_User
SUB5017136,1976.69,1.93,1558.64,257.11,9.85,33.52,Light
SUB1344855,470.49,0.459,277.8,178.71,0.78,4.75,Very_Light
SUB6750283,3258.91,3.183,2977.36,212.94,5.16,150.29,Moderate
SUB2074961,118.19,0.115,72.06,34.61,0.51,3.61,Very_Light
SUB5625678,1271.92,1.242,318.7,814.87,4.38,165.13,Light
SUB3377935,416.89,0.407,204.59,185.55,0.17,0.0,Very_Light
SUB2134106,5590.36,5.459,4505.12,395.06,1.1,116.19,Heavy
SUB9296877,4247.7,4.148,3724.71,306.94,2.96,138.76,Moderate
SUB3474968,2435.5,2.378,2288.55,101.63,20.42,225.03,Moderate
SUB7166160,1212.17,1.184,889.91,106.16,1.84,58.46,Light
SUB6672540,804.71,0.786,306.01,384.41,4.72,10.31,Light
SUB6644807,569.41,0.556,233.28,215.25,0.95,43.16,Light
SUB6972558,2217.77,2.166,1454.88,582.28,21.6,30.64,Moderate
SUB3442266,1171.41,1.144,487.02,541.0,1.07,0.0,Light
SUB5437677,2468.1,2.41,2206.05,252.06,1.57,12.5,Moderate
SUB6241218,520.51,0.508,392.48,48.82,1.45,41.54,Light
SUB6150635,359.63,0.351,290.48,60.71,0.23,4.22,Very_Light
SUB6481140,1108.14,1.082,434.63,431.21,2.23,100.37,Light
SUB8214615,561.08,0.548,123.21,321.86,2.79,30.62,Light
SUB9010643,7117.01,6.95,6157.48,413.26,25.49,113.44,Heavy
SUB5981262,1630.95,1.593,1233.23,425.91,4.63,48.71,Light
SUB5525208,1517.87,1.482,822.18,446.3,8.52,39.8,Light
SUB6290717,5034.62,4.917,4256.51,607.81,12.8,27.59,Moderate
SUB1518349,1953.93,1.908,1852.03,219.91,0.19,12.89,Light
SUB3881990,11252.2,10.988,9352.1,1406.9,6.84,126.37,Power_User
SUB1797968,11675.07,11.401,10160.86,1839.82,21.79,266.79,Power_User
SUB8892861,1660.87,1.622,1439.79,299.83,1.85,10.99,Light
SUB9467691,2610.41,2.549,2276.84,146.3,8.41,165.21,Moderate
SUB7211411,6734.3,6.576,6645.73,159.09,1.55,10.93,Heavy
SUB3655971,1478.79,1.444,1185.38,206.26,1.42,8.55,Light
SUB6609125,2152.6,2.102,1892.23,81.62,0.11,168.91,Moderate
SUB3874299,1224.01,1.195,828.87,301.22,0.49,6.11,Light
SUB8339838,15026.45,14.674,13359.4,633.22,3.63,234.68,Power_User
SUB8330292,1744.16,1.703,1411.47,65.23,0.75,107.5,Light
SUB2804673,2180.12,2.129,1049.87,867.91,2.85,237.83,Moderate
SUB3938199,2171.98,2.121,1910.18,74.23,1.01,136.84,Moderate
SUB8594378,857.63,0.838,691.49,71.61,0.81,16.33,Light
SUB9998604,3194.04,3.119,2966.94,284.49,1.12,234.08,Moderate
SUB5909776,1593.57,1.556,1361.61,128.48,5.73,6.97,Light
SUB4303389,631.31,0.617,397.97,162.19,2.39,8.83,Light
SUB9025407,3086.6,3.014,3057.41,189.8,9.37,15.31,Moderate
SUB5354385,2066.54,2.018,1878.32,75.69,8.5,34.14,Moderate
SUB9777198,1871.32,1.827,849.43,829.25,8.29,74.6,Light
SUB4151882,2050.65,2.003,1948.99,109.71,4.84,50.34,Moderate
SUB4210016,339.77,0.332,74.68,192.25,0.5,1.37,Very_Light
SUB7737320,1378.77,1.346,1001.92,180.83,10.65,83.35,Light
SUB3389383,2076.53,2.028,2053.96,160.72,0.08,5.88,Moderate
SUB7996746,9174.42,8.959,8562.03,999.09,67.27,14.42,Heavy
SUB1164053,16998.23,16.6,17104.49,186.13,6.5,19.63,Power_User
SUB6973544,491.99,0.48,83.21,373.14,0.36,4.07,Very_Light
SUB6282379,403.8,0.394,244.33,23.47,0.27,78.32,Very_Light
SUB3542637,625.88,0.611,436.94,148.65,6.6,48.07,Light
SUB9033951,5411.58,5.285,4348.23,563.49,36.63,85.56,Heavy
SUB9107317,8025.33,7.837,7189.04,689.2,0.72,26.0,Heavy
SUB5158549,865.53,0.845,722.68,96.5,0.06,15.42,Light
SUB5530889,2251.16,2.198,1800.84,279.11,1.2,254.73,Moderate
SUB9411039,7139.96,6.973,6458.13,386.73,4.21,103.44,Heavy
SUB9962049,1195.44,1.167,619.46,536.35,2.29,1.95,Light
SUB9284960,17218.25,16.815,15902.66,228.84,0.48,144.26,Power_User
SUB3049949,517.7,0.506,288.49,93.06,4.03,66.0,Light
SUB9388512,266.08,0.26,211.88,15.87,0.48,0.64,Very_Light
SUB2268300,10849.36,10.595,9178.85,665.0,6.42,61.42,Power_User
SUB2947763,591.3,0.577,478.07,113.13,0.31,15.12,Light
SUB8654502,1260.3,1.231,274.06,803.94,4.98,24.25,Light
SUB4882149,581.21,0.568,422.82,99.01,20.61,1.43,Light
SUB5873062,2115.85,2.066,2027.75,161.22,9.06,17.86,Moderate
SUB8045209,2816.7,2.751,2551.23,82.51,1.27,43.0,Moderate
SUB9439469,861.05,0.841,198.74,487.99,5.49,152.05,Light
SUB8678073,3317.92,3.24,1808.15,1194.2,39.12,48.8,Moderate
SUB5845710,1439.74,1.406,1073.28,190.52,1.99,7.97,Light
SUB5000737,1552.64,1.516,664.61,623.14,3.56,52.03,Light
SUB8258746,1937.15,1.892,1600.97,326.64,4.54,20.38,Light
SUB2443717,1456.41,1.422,819.29,356.57,3.2,43.28,Light
SUB5409352,1132.02,1.105,407.92,668.49,10.19,18.76,Light
SUB6111142,255.17,0.249,72.87,104.37,0.0,21.13,Very_Light
SUB9421928,3108.31,3.035,2360.65,666.9,13.83,100.9,Moderate
SUB9715633,318.16,0.311,190.13,46.27,5.31,15.73,Very_Light
SUB7906571,547.42,0.535,465.8,47.16,0.64,24.82,Light
SUB9752967,7534.01,7.357,5906.67,1000.01,4.88,85.31,Heavy
SUB2308507,2783.21,2.718,2598.69,372.49,2.43,21.04,Moderate
SUB5066621,1270.17,1.24,321.12,928.88,6.17,17.74,Light
SUB1100734,1861.69,1.818,1714.1,105.93,4.57,141.87,Light
SUB9546310,8423.12,8.226,8844.88,89.53,0.13,55.88,Heavy
SUB3851274,758.45,0.741,411.22,235.14,1.08,4.22,Light
SUB2225811,18440.56,18.008,16389.17,336.67,2.36,96.28,Power_User
SUB4081091,2422.09,2.365,705.17,1617.27,3.86,117.39,Moderate
SUB4829049,3362.11,3.283,2556.61,868.18,3.37,49.91,Moderate
SUB2868670,1122.25,1.096,703.37,260.71,8.24,184.62,Light
SUB8265406,323.61,0.316,206.2,58.5,5.7,14.53,Very_Light
SUB5813673,4174.89,4.077,4018.32,141.6,17.19,96.52,Moderate
SUB5755469,3039.89,2.969,2780.0,360.0,15.17,15.57,Moderate
SUB8551989,526.86,0.515,310.47,143.5,1.79,19.92,Light
SUB5335702,2406.1,2.35,2260.99,147.85,9.21,1.95,Moderate
SUB8974411,2535.32,2.476,2190.78,161.56,1.93,21.85,Moderate
SUB3962732,1049.37,1.025,593.94,364.22,32.28,54.53,Light
SUB2992825,12841.0,12.54,12122.75,113.2,9.91,6.66,Power_User
SUB4832978,3527.41,3.445,2843.78,526.58,10.66,236.9,Moderate
SUB7152941,2442.64,2.385,2018.37,254.69,0.9,45.84,Moderate
SUB5115811,4324.18,4.223,3241.71,989.07,28.56,141.99,Moderate
SUB9983212,8805.47,8.599,8422.9,969.47,44.21,22.17,Heavy
SUB4174108,653.74,0.638,362.98,172.06,11.67,5.95,Light
SUB3731638,517.47,0.505,463.24,31.88,7.22,0.0,Light
SUB1264500,475.06,0.464,134.64,259.78,2.08,9.42,Very_Light
SUB3976031,1792.87,1.751,1218.7,461.32,0.92,10.23,Light
SUB7512427,2853.05,2.786,2165.12,278.25,0.68,116.44,Moderate
SUB3903633,975.88,0.953,823.07,200.65,2.6,1.61,Light
SUB6711813,1535.86,1.5,1076.0,344.9,0.23,67.25,Light
SUB2940369,5243.61,5.121,3361.12,1792.37,10.08,43.98,Heavy
SUB4948242,3382.89,3.304,2268.0,774.43,0.54,338.38,Moderate
SUB9127125,440.16,0.43,281.3,42.83,0.51,0.49,Very_Light
SUB2217060,1205.05,1.177,728.59,439.11,4.16,11.53,Light
SUB2031519,3567.78,3.484,3133.82,220.52,0.53,83.02,Moderate
SUB5678714,5294.16,5.17,3729.83,1389.3,6.51,15.64,Heavy
SUB9109698,1061.06,1.036,501.66,326.48,1.18,86.46,Light
SUB2390281,9170.95,8.956,7927.84,1195.34,18.18,94.86,Heavy
SUB4941106,1155.1,1.128,954.28,63.18,2.66,0.84,Light
SUB3322466,971.69,0.949,872.87,83.46,1.02,3.42,Light
SUB8778748,1343.82,1.312,1001.42,250.82,2.53,22.76,Light
SUB9099932,3040.6,2.969,2564.54,559.75,0.43,19.25,Moderate
SUB2851317,3776.73,3.688,3678.14,78.16,2.39,44.4,Moderate
SUB2946830,754.81,0.737,197.22,368.65,11.24,78.82,Light
SUB3614150,1250.66,1.221,85.7,920.25,16.67,200.13,Light
SUB8238987,1219.94,1.191,313.81,884.88,3.34,11.49,Light
SUB5660061,971.27,0.949,515.49,311.14,1.94,10.6,Light
SUB3605214,436.0,0.426,412.03,33.58,1.37,1.08,Very_Light
SUB8923641,9910.18,9.678,8041.14,2245.87,7.59,45.84,Heavy
SUB3229180,2691.88,2.629,2388.29,379.74,1.98,26.89,Moderate
SUB5188891,700.71,0.684,415.29,102.09,7.53,111.5,Light
SUB5031419,18740.83,18.302,17653.42,250.68,32.32,15.88,Power_User
SUB5495511,133.87,0.131,55.43,15.21,4.73,30.51,Very_Light
SUB2424945,502.23,0.49,241.14,94.15,2.97,95.02,Very_Light
SUB3363999,991.4,0.968,955.78,4.79,0.56,3.76,Light
SUB5790691,505.4,0.494,209.42,124.43,0.5,85.6,Very_Light
SUB9807673,1591.27,1.554,1196.97,248.48,2.54,28.19,Light
SUB5225889,4335.77,4.234,4054.09,185.82,17.98,47.55,Moderate
SUB4092195,9602.76,9.378,8917.55,1062.39,8.14,142.08,Heavy
SUB1289102,2041.29,1.993,1715.81,344.72,2.07,6.61,Light
SUB5443778,783.66,0.765,518.46,159.21,3.4,11.93,Light
SUB9043756,2938.39,2.87,1010.76,1477.3,13.76,43.34,Moderate
SUB5162065,819.04,0.8,465.74,342.01,6.4,10.85,Light
SUB1260116,1480.37,1.446,1059.06,261.52,0.52,59.11,Light
SUB7086368,822.69,0.803,594.02,34.47,18.34,150.01,Light
SUB5214279,7423.48,7.249,6753.83,182.83,1.95,227.98,Heavy
SUB2257949,684.73,0.669,371.73,163.39,1.1,4.3,Light
SUB8537165,3888.3,3.797,3325.77,227.46,7.67,20.16,Moderate
SUB4850241,4067.17,3.972,3219.62,835.41,2.61,43.34,Moderate
SUB6538166,630.17,0.615,401.14,116.08,1.36,19.18,Light
SUB1388076,7141.98,6.975,6937.64,375.03,8.01,224.1,Heavy
SUB5884797,3384.06,3.305,3133.26,195.65,0.41,27.85,Moderate
SUB6540070,3034.62,2.963,2441.55,255.77,1.58,469.15,Moderate
SUB7491878,1651.89,1.613,793.06,477.63,8.83,155.5,Light
SUB2960826,720.84,0.704,274.29,278.61,2.94,93.4,Light
SUB3844664,10230.45,9.991,9005.48,1792.41,7.37,229.73,Heavy
SUB3613275,2346.68,2.292,1057.68,1385.8,24.17,34.66,Moderate
SUB2378369,1011.76,0.988,790.72,139.08,19.38,17.91,Light
SUB3090212,1210.89,1.183,1093.53,96.0,0.65,37.63,Light
SUB6230852,502.31,0.491,272.88,104.37,0.12,64.21,Very_Light
SUB5171774,231.63,0.226,63.61,110.75,1.74,14.39,Very_Light
SUB1152999,6784.96,6.626,6782.4,144.16,1.24,125.98,Heavy
SUB5542923,736.86,0.72,326.44,138.61,8.99,217.44,Light
SUB9449975,592.35,0.578,316.57,136.98,0.51,17.52,Light
SUB5600108,2638.83,2.577,2250.39,172.43,4.01,125.19,Moderate
SUB3854190,3281.3,3.204,2426.54,692.89,0.0,56.81,Moderate
SUB2284382,8544.53,8.344,6335.78,1657.5,7.13,859.41,Heavy
SUB8196042,145.59,0.142,62.68,54.72,1.31,0.85,Very_Light
SUB4853321,3177.75,3.103,2455.25,386.32,19.4,27.72,Moderate
SUB3654837,311.59,0.304,272.82,25.95,0.16,11.92,Very_Light
SUB8684365,1655.12,1.616,1400.75,40.27,1.49,56.61,Light
SUB2042377,1081.87,1.057,606.69,254.88,6.05,107.08,Light
SUB5577033,378.67,0.37,187.3,39.18,20.92,30.06,Very_Light
SUB7105931,14019.45,13.691,13430.78,550.63,11.88,49.31,Power_User
SUB4257181,8803.89,8.598,8712.43,28.99,5.36,143.61,Heavy
SUB6262696,4167.09,4.069,3437.58,528.69,4.11,35.29,Moderate
SUB6154048,4384.88,4.282,3281.91,1107.33,0.65,13.3,Moderate
SUB1923780,550.25,0.537,399.57,48.29,0.16,10.77,Light
SUB9361735,3459.04,3.378,2735.32,499.14,0.68,3.55,Moderate
SUB2942811,407.11,0.398,274.32,40.68,7.15,77.59,Very_Light
SUB7507640,2347.8,2.293,1527.28,762.69,0.25,20.12,Moderate
SUB1298090,500.65,0.489,294.56,113.52,0.31,61.84,Very_Light
SUB9705956,828.16,0.809,497.64,78.31,0.95,107.78,Light
SUB6425838,1068.52,1.043,83.89,832.07,20.39,23.19,Light
SUB9480932,7384.42,7.211,6086.5,943.6,5.84,69.17,Heavy
SUB3320688,2481.86,2.424,2446.62,80.19,2.4,7.95,Moderate
SUB2805808,941.25,0.919,929.82,21.79,4.47,64.77,Light
SUB5220459,243.76,0.238,160.08,3.71,0.09,2.26,Very_Light
SUB5536119,4358.75,4.257,4322.59,297.45,4.95,21.15,Moderate
SUB5015470,2266.27,2.213,2221.5,187.06,11.64,3.72,Moderate
SUB5654798,1024.46,1.0,474.37,343.14,1.19,95.25,Light
SUB4622138,4940.05,4.824,5195.41,119.48,1.19,1.52,Moderate
SUB1937841,1489.91,1.455,1163.66,159.83,5.42,4.69,Light
SUB9061896,3048.16,2.977,2456.25,703.8,0.17,33.87,Moderate
SUB3843940,1923.13,1.878,1000.22,733.78,6.05,27.66,Light
SUB4932441,1415.33,1.382,676.57,576.64,2.49,54.21,Light
SUB2207068,220.92,0.216,127.75,77.46,0.78,1.7,Very_Light
SUB5364406,27513.98,26.869,24832.34,815.49,27.45,3.81,Power_User
SUB9782882,2727.23,2.663,2682.2,120.92,0.3,53.41,Moderate
SUB2386980,1971.03,1.925,1245.54,519.01,12.96,25.76,Light
SUB2208052,2724.27,2.66,1823.09,585.92,2.06,230.37,Moderate
SUB8500960,1280.13,1.25,799.06,285.39,63.67,8.58,Light
SUB4040267,2022.33,1.975,931.49,656.8,2.05,230.21,Light
SUB2180887,1465.8,1.431,1097.21,307.18,11.33,28.56,Light
SUB5439850,678.97,0.663,447.19,67.23,0.48,15.43,Light
SUB8536765,533.66,0.521,101.68,277.56,0.82,29.15,Light
SUB2896220,2096.49,2.047,1772.81,120.58,1.31,3.67,Moderate
SUB4138744,3891.01,3.8,3111.37,374.21,0.33,1.21,Moderate
SUB9535078,2583.77,2.523,1717.06,553.77,7.44,28.89,Moderate
SUB7935774,1069.75,1.045,872.67,34.29,2.29,9.59,Light
SUB2367223,2857.63,2.791,2282.76,251.31,28.39,24.49,Moderate
SUB3428081,2089.73,2.041,1087.69,1070.72,6.5,47.81,Moderate
SUB5273445,725.05,0.708,554.59,183.98,3.86,0.0,Light
SUB4184790,1706.54,1.667,1202.7,184.71,10.51,31.91,Light
SUB7681935,5570.92,5.44,3388.81,1532.54,8.14,93.04,Heavy
SUB7689142,921.53,0.9,710.69,197.98,6.64,19.96,Light
SUB5990961,504.86,0.493,428.03,93.29,0.98,3.0,Very_Light
SUB4646804,1267.13,1.237,1023.78,300.16,0.76,23.48,Light
SUB1647296,4589.35,4.482,3397.72,907.09,3.32,18.18,Moderate
SUB2549302,1037.74,1.013,884.29,221.7,0.37,0.66,Light
SUB4122951,842.6,0.823,607.62,124.03,2.61,8.28,Light
SUB1800101,475.91,0.465,422.96,23.79,2.71,15.5,Very_Light
SUB5100612,281.71,0.275,137.23,63.52,3.74,2.86,Very_Light
SUB6877845,4667.72,4.558,4302.71,199.75,0.12,9.68,Moderate
SUB7014126,9030.13,8.818,9439.59,289.86,12.85,71.81,Heavy
SUB6238561,3862.69,3.772,3322.56,382.62,1.73,40.66,Moderate
SUB7339776,714.95,0.698,621.12,32.97,3.01,1.13,Light
SUB9885366,4709.84,4.599,3106.4,1577.8,3.62,148.39,Moderate
SUB9121757,1466.09,1.432,1273.29,109.86,1.83,10.03,Light
SUB5642929,612.92,0.599,423.34,78.61,0.05,8.34,Light
SUB9417233,990.15,0.967,752.79,154.0,2.08,1.17,Light
SUB3833552,855.81,0.836,509.72,212.34,0.59,83.53,Light
SUB8376519,8438.71,8.241,8298.32,766.88,9.84,73.13,Heavy
SUB6701934,855.08,0.835,696.87,36.87,0.18,33.4,Light
SUB2276647,1350.51,1.319,1090.03,70.65,4.77,4.07,Light
SUB6416775,923.37,0.902,586.14,136.18,2.94,249.55,Light
SUB9704813,776.98,0.759,484.7,209.42,1.1,6.86,Light
SUB4045315,433.77,0.424,36.46,309.87,3.3,7.59,Very_Light
SUB4144480,7267.66,7.097,6585.43,455.92,8.99,545.54,Heavy
SUB4570834,1157.53,1.13,813.03,289.79,2.04,0.0,Light
SUB5828761,980.98,0.958,543.44,243.29,13.13,110.0,Light
SUB4940285,317.39,0.31,176.1,85.02,2.28,1.62,Very_Light
SUB7851803,4110.54,4.014,2407.03,1696.66,11.06,27.72,Moderate
SUB6742533,2051.97,2.004,1498.66,284.24,18.18,10.92,Moderate
SUB8324222,2165.75,2.115,1423.19,151.41,0.74,410.4,Moderate
SUB3627144,9411.54,9.191,8160.48,639.42,0.33,72.13,Heavy
SUB3825896,4061.56,3.966,3478.37,236.33,0.16,30.22,Moderate
SUB5936792,1097.73,1.072,703.85,358.7,1.24,33.39,Light
SUB5876872,768.72,0.751,480.17,190.84,10.32,29.99,Light
SUB3739956,1322.65,1.292,1098.77,73.58,5.2,44.83,Light
SUB3619980,835.45,0.816,628.39,66.01,5.07,11.6,Light
SUB1721384,931.25,0.909,704.07,58.75,4.24,11.34,Light
SUB9908385,5045.56,4.927,4412.64,657.77,6.3,81.44,Moderate
SUB8716220,838.12,0.818,459.31,276.25,0.11,31.88,Light
SUB3887698,6112.5,5.969,5134.11,1178.59,5.08,250.72,Heavy
SUB3432593,2779.82,2.715,2606.22,224.2,9.81,158.43,Moderate
SUB5031464,1734.34,1.694,1758.33,49.6,17.65,1.0,Light
SUB4390742,1561.09,1.525,992.84,365.73,0.19,14.72,Light
SUB9545106,778.14,0.76,134.95,293.04,6.53,259.64,Light
SUB8357804,462.34,0.452,225.56,230.32,1.18,14.09,Very_Light
SUB7133066,427.97,0.418,353.48,16.58,4.25,1.81,Very_Light
SUB3887296,860.57,0.84,141.58,601.78,8.43,22.02,Light
SUB7529845,12276.06,11.988,11138.41,367.59,5.67,397.31,Power_User
SUB3736582,2329.62,2.275,2025.94,61.22,3.58,27.19,Moderate
SUB8956056,2791.94,2.727,2791.6,66.78,1.57,6.76,Moderate
SUB2100500,243.54,0.238,72.57,112.26,1.22,1.61,Very_Light
SUB2576590,16592.25,16.203,13811.53,1423.27,7.67,165.24,Power_User
SUB6594176,2704.23,2.641,2623.96,189.63,2.53,6.76,Moderate
SUB2961977,2984.68,2.915,2471.09,147.49,22.42,14.96,Moderate
SUB8049926,880.47,0.86,508.98,185.97,3.43,3.97,Light
SUB5032654,2418.79,2.362,1385.26,686.46,15.06,126.65,Moderate
SUB1664468,1121.28,1.095,163.29,771.67,1.16,75.43,Light
SUB7500242,1349.47,1.318,1210.84,45.65,16.31,69.9,Light
SUB8899963,1985.65,1.939,1569.69,165.53,11.18,47.23,Light
SUB7978140,2162.74,2.112,1755.73,334.93,5.59,67.86,Moderate
SUB4037099,559.3,0.546,166.07,343.57,1.84,8.64,Light
SUB5828426,4144.47,4.047,2007.28,1360.07,3.41,310.62,Moderate
SUB9100706,2030.89,1.983,1231.73,115.47,2.87,455.21,Light
SUB3042823,117.15,0.114,59.78,15.01,1.17,22.4,Very_Light
SUB2048173,841.13,0.821,518.08,308.43,0.13,14.41,Light
SUB9379341,1268.8,1.239,537.7,588.24,4.35,44.65,Light
SUB7579137,2019.28,1.972,1615.05,196.05,0.43,19.28,Light
SUB2912584,1706.17,1.666,1631.39,38.91,2.93,1.44,Light
SUB4777538,996.92,0.974,624.52,146.4,26.95,115.75,Light
SUB1225049,869.0,0.849,684.03,155.65,3.22,5.12,Light
SUB1747419,1192.27,1.164,1016.74,154.27,1.91,2.05,Light
SUB6438684,17748.64,17.333,15998.25,1087.08,0.28,39.8,Power_User
SUB7030489,15515.91,15.152,15082.11,1348.39,14.14,286.55,Power_User
SUB6537803,2226.78,2.175,919.73,987.52,6.88,169.26,Moderate
SUB3380932,2322.38,2.268,1580.82,491.11,3.42,0.0,Moderate
SUB2654753,576.82,0.563,350.29,158.42,4.19,38.53,Light
SUB9793380,6127.69,5.984,5408.63,198.47,1.25,137.26,Heavy
SUB1571107,555.62,0.543,274.54,205.81,5.67,6.51,Light
SUB3086213,3314.04,3.236,2408.97,937.66,8.03,13.79,Moderate
SUB4358509,351.63,0.343,261.07,78.21,0.12,10.65,Very_Light
SUB3779499,2539.15,2.48,1971.87,317.04,1.05,5.1,Moderate
SUB8313834,1544.1,1.508,1226.71,272.68,3.34,121.59,Light
SUB9937492,987.64,0.964,865.53,151.01,1.73,4.98,Light
SUB2999254,964.45,0.942,432.08,544.29,0.48,11.31,Light
SUB6044842,3422.46,3.342,3045.48,374.6,8.78,7.64,Moderate
SUB5156532,3189.86,3.115,3416.21,12.85,3.15,9.62,Moderate
SUB7592910,3318.54,3.241,2998.48,161.18,2.01,1.21,Moderate
SUB6561112,657.35,0.642,261.13,140.86,3.81,150.11,Light
SUB6382858,454.63,0.444,304.85,87.45,1.66,16.13,Very_Light
SUB6017650,1276.3,1.246,1047.95,225.82,4.59,10.23,Light
SUB8188238,1773.7,1.732,971.96,510.28,24.18,36.68,Light
SUB8909699,65.69,0.064,10.95,15.12,1.34,6.39,Very_Light
SUB4617556,2885.1,2.817,1629.8,1415.66,13.81,15.89,Moderate
SUB1258517,16149.72,15.771,16661.0,651.45,14.76,35.65,Power_User
SUB7428540,289.91,0.283,96.58,120.2,0.36,48.52,Very_Light
SUB1705475,1431.22,1.398,677.06,643.9,1.4,76.15,Light
SUB5338843,1148.27,1.121,980.99,51.99,2.22,30.4,Light
SUB1424226,513.52,0.501,321.39,114.88,6.32,21.88,Light
SUB5117923,8314.57,8.12,7490.73,695.04,24.77,0.0,Heavy
SUB6613201,536.32,0.524,75.45,341.53,5.42,35.49,Light
SUB7303745,4395.57,4.293,3432.57,650.17,6.29,3.82,Moderate
SUB1698956,959.69,0.937,171.19,681.21,7.39,50.21,Light
SUB4403096,1656.61,1.618,1344.47,363.61,6.93,20.61,Light
SUB7278602,727.37,0.71,195.04,427.28,3.09,0.53,Light
SUB7143326,2403.44,2.347,2052.05,227.63,3.66,219.4,Moderate
SUB1175211,478.19,0.467,293.33,31.24,6.03,29.62,Very_Light
SUB8519817,510.06,0.498,441.92,75.48,1.18,0.9,Very_Light
SUB8412620,1089.8,1.064,527.44,324.83,2.86,124.24,Light
SUB5257950,1661.55,1.623,689.51,1015.23,4.48,2.77,Light
SUB9654406,205.05,0.2,131.77,31.3,1.61,0.0,Very_Light
SUB7048055,4237.76,4.138,3266.39,643.32,0.66,204.57,Moderate
SUB2883376,455.95,0.445,252.34,74.22,2.29,15.5,Very_Light
SUB4891113,1768.93,1.727,1348.7,374.52,12.99,53.16,Light
SUB8020988,751.13,0.734,475.49,229.83,0.84,0.78,Light
SUB9544291,703.33,0.687,534.67,33.21,6.21,39.29,Light
SUB5730741,6526.91,6.374,5567.33,1083.28,39.78,20.77,Heavy
SUB6605126,531.44,0.519,427.76,115.39,0.65,11.85,Light
SUB2906039,7892.43,7.707,5822.43,1583.31,1.05,100.8,Heavy
SUB2455465,82.65,0.081,24.05,15.98,0.0,6.86,Very_Light
SUB1211830,1281.58,1.252,970.24,237.17,7.19,161.17,Light
SUB6439381,1817.67,1.775,1275.94,358.75,4.54,39.38,Light
SUB6987029,5456.7,5.329,5489.55,282.68,5.67,99.58,Heavy
SUB7516616,1823.07,1.78,1232.11,286.92,4.15,107.71,Light
SUB4329049,513.14,0.501,362.04,67.28,2.35,9.1,Light
SUB5755976,5099.37,4.98,4978.2,293.62,5.83,145.14,Moderate
SUB9910606,249.44,0.244,174.15,8.42,2.37,5.0,Very_Light
SUB7897673,335.6,0.328,7.15,58.23,0.87,172.79,Very_Light
SUB4746169,1554.49,1.518,1205.64,283.99,19.14,0.56,Light
SUB7002296,1494.03,1.459,1079.37,189.56,10.37,23.68,Light
SUB1075388,8621.47,8.419,6442.8,1268.46,7.74,84.99,Heavy
SUB7810183,3625.25,3.54,2619.8,503.56,17.51,93.89,Moderate
SUB2775767,3989.94,3.896,3453.74,211.49,0.13,0.0,Moderate
SUB8983823,443.85,0.433,277.81,117.37,1.56,1.67,Very_Light
SUB9373296,272.89,0.266,125.07,92.6,15.45,7.1,Very_Light
SUB8467866,1458.27,1.424,947.17,336.23,11.2,44.25,Light
SUB6494339,3396.63,3.317,2738.76,323.96,2.95,124.18,Moderate
SUB6877809,726.77,0.71,293.74,362.63,5.77,2.89,Light
SUB7396567,5499.12,5.37,5753.89,38.19,1.1,14.9,Heavy
SUB9002619,1874.94,1.831,1701.86,41.09,1.1,15.53,Light
SUB5021080,448.5,0.438,167.2,125.95,0.13,46.44,Very_Light
SUB8667857,4116.75,4.02,3846.32,71.73,1.86,37.43,Moderate
SUB5428690,7295.9,7.125,7485.49,267.46,28.6,7.63,Heavy
SUB6439433,1859.12,1.816,1521.78,114.16,8.03,13.09,Light
SUB9889782,68.74,0.067,48.94,9.45,0.16,1.79,Very_Light
SUB3881777,3657.02,3.571,2434.97,949.6,8.02,426.49,Moderate
SUB3748996,3744.03,3.656,3367.6,197.25,17.85,21.93,Moderate
SUB1195246,1704.99,1.665,1524.71,109.06,3.97,42.62,Light
SUB4696176,2329.25,2.275,2174.86,249.56,5.19,21.44,Moderate
SUB9899691,1886.58,1.842,1059.98,611.7,15.05,60.88,Light
SUB2012384,304.13,0.297,94.78,129.99,3.18,2.02,Very_Light
SUB9143478,3833.89,3.744,3439.19,288.47,12.72,24.39,Moderate
SUB1866964,1058.23,1.033,782.65,176.67,6.78,11.83,Light
SUB9437712,7107.03,6.94,6847.55,68.7,2.83,14.08,Heavy
SUB1863663,2007.85,1.961,1073.82,872.4,0.49,8.72,Light
SUB6783182,8846.67,8.639,7812.05,471.69,23.74,143.8,Heavy
SUB7980571,485.49,0.474,423.91,19.24,0.21,3.45,Very_Light
SUB6334538,2590.42,2.53,2417.72,125.36,5.25,1.8,Moderate
SUB7349449,689.79,0.674,554.04,69.88,8.36,4.44,Light
SUB2206861,14486.15,14.147,12859.94,649.02,1.02,5.86,Power_User
SUB4119612,816.3,0.797,524.64,270.11,2.44,5.63,Light
SUB3891005,1269.88,1.24,1194.64,56.5,0.38,3.85,Light
SUB5936600,10979.24,10.722,10117.3,429.38,17.66,115.02,Power_User
SUB5736319,5391.38,5.265,4377.82,449.61,4.03,30.49,Heavy
SUB1257681,25464.99,24.868,25521.68,1862.54,19.82,387.36,Power_User
SUB9482626,1224.07,1.195,562.01,406.27,4.16,8.41,Light
SUB6629481,1477.06,1.442,1076.78,230.89,16.86,76.59,Light
SUB3054780,1486.81,1.452,545.41,652.21,10.03,183.81,Light
SUB8991208,1748.53,1.708,1188.11,458.11,0.32,142.51,Light
SUB5423408,564.97,0.552,383.94,110.17,1.07,34.08,Light
SUB1842186,209.31,0.204,48.69,54.06,8.31,39.33,Very_Light
SUB6352727,11746.53,11.471,10631.69,578.09,3.85,85.14,Power_User
SUB8116355,1493.62,1.459,1305.54,31.73,0.4,16.75,Light
SUB8226585,1742.62,1.702,1429.56,215.2,6.33,28.52,Light
SUB6538917,14666.47,14.323,12871.9,1264.76,6.87,74.15,Power_User
SUB2124905,1280.89,1.251,466.98,587.69,1.23,95.93,Light
SUB4105958,5368.73,5.243,3342.49,1737.54,14.72,167.61,Heavy
SUB6559277,5045.26,4.927,3009.31,2070.34,8.61,37.49,Moderate
SUB4258084,454.99,0.444,11.39,342.42,2.48,5.76,Very_Light
SUB9593059,15131.9,14.777,13567.88,112.75,20.56,11.85,Power_User
SUB2980290,328.6,0.321,104.64,51.03,2.62,63.38,Very_Light
SUB1403322,5463.99,5.336,4254.23,720.95,5.87,10.8,Heavy
SUB5310796,1471.84,1.437,1527.49,38.31,2.06,0.86,Light
SUB6181057,860.69,0.841,683.52,69.36,0.48,6.69,Light
SUB8017403,2600.76,2.54,2574.76,225.54,0.17,3.91,Moderate
SUB5077716,709.51,0.693,218.01,295.3,0.82,76.78,Light
SUB7941447,4909.45,4.794,4653.16,104.12,5.86,38.51,Moderate
SUB6037285,580.87,0.567,121.43,269.39,1.49,39.78,Light
SUB2908802,2044.58,1.997,1820.85,300.99,4.38,4.08,Light
SUB8334901,173.17,0.169,30.38,61.25,1.77,50.44,Very_Light
SUB2548075,1045.46,1.021,764.53,236.92,15.53,29.81,Light
SUB1493948,6284.58,6.137,6268.5,150.54,2.22,54.62,Heavy
SUB5168962,1743.27,1.702,427.78,1049.8,5.29,167.08,Light
SUB7520645,1932.99,1.888,1255.42,543.44,9.68,112.95,Light
SUB7689921,12946.55,12.643,12171.81,293.77,16.48,9.06,Power_User
SUB9383190,2457.51,2.4,2139.56,212.07,1.29,0.67,Moderate
SUB8228161,831.4,0.812,772.89,28.36,0.82,1.23,Light
SUB1780641,1852.45,1.809,1703.53,5.31,0.3,17.76,Light
SUB5466134,8390.94,8.194,7488.93,1461.55,24.66,40.39,Heavy
SUB2554205,3576.18,3.492,3101.86,168.69,11.75,574.02,Moderate
SUB7606963,1898.25,1.854,1789.73,28.74,0.31,73.69,Light
SUB7651143,7279.15,7.109,6243.49,278.4,1.97,79.22,Heavy
SUB3551331,799.3,0.781,720.04,105.9,2.77,0.0,Light
SUB4127748,1818.77,1.776,1452.68,344.2,1.22,64.16,Light
SUB5001070,296.9,0.29,25.99,228.63,0.69,18.35,Very_Light
SUB8365624,15304.37,14.946,14526.12,1002.54,15.92,138.17,Power_User
SUB3883791,1204.38,1.176,892.98,247.85,9.61,27.32,Light
SUB4496605,2766.35,2.702,2498.61,316.65,1.19,25.32,Moderate
SUB5948600,686.49,0.67,414.27,192.82,13.8,23.78,Light
SUB7416438,4985.89,4.869,4447.9,140.78,19.78,91.05,Moderate
SUB6311499,5636.52,5.504,3832.64,1333.99,9.08,15.58,Heavy
SUB1308623,101.59,0.099,40.65,37.34,6.2,3.5,Very_Light
SUB4647371,7430.02,7.256,6515.62,1395.89,0.23,20.1,Heavy
SUB4296903,837.5,0.818,130.82,556.81,11.64,28.2,Light
SUB6998223,285.02,0.278,176.3,73.36,0.52,3.79,Very_Light
SUB2147116,902.42,0.881,707.32,128.35,2.77,11.96,Light
SUB4772763,474.97,0.464,248.62,111.34,0.98,2.9,Very_Light
SUB7478450,17379.22,16.972,17178.47,1669.35,42.98,40.37,Power_User
SUB1310375,430.54,0.42,264.37,109.62,0.57,1.79,Very_Light
SUB3126453,6222.08,6.076,5042.47,957.98,37.64,60.4,Heavy
SUB2271300,687.54,0.671,442.56,176.56,1.07,14.72,Light
SUB6238631,4983.64,4.867,4516.58,153.61,1.91,124.88,Moderate
SUB4842411,3140.66,3.067,2537.6,345.65,10.17,1.0,Moderate
SUB7310208,950.08,0.928,384.49,349.1,2.56,116.29,Light
SUB7127764,2398.55,2.342,2412.36,55.49,0.16,85.62,Moderate
SUB6859046,3430.51,3.35,2398.87,81.88,0.93,720.81,Moderate
SUB7034207,4992.66,4.876,3555.42,1001.73,22.64,177.46,Moderate
SUB8940879,4533.09,4.427,3646.35,508.13,14.89,45.14,Moderate
SUB4341861,6017.13,5.876,5201.97,945.21,0.93,53.06,Heavy
SUB8359201,97.55,0.095,20.47,9.74,2.1,6.91,Very_Light
SUB3615804,529.99,0.518,366.98,95.75,2.25,21.89,Light
SUB5312717,10402.16,10.158,10067.59,873.0,50.62,20.16,Power_User
SUB2982243,669.29,0.654,262.34,237.39,0.93,3.58,Light
SUB4413654,1377.84,1.346,981.17,54.41,0.2,341.83,Light
SUB6986417,2721.27,2.657,2247.24,286.77,33.06,19.03,Moderate
SUB8863020,1557.54,1.521,943.78,557.99,7.84,18.41,Light
SUB4270209,5931.29,5.792,5918.02,108.15,0.3,0.0,Heavy
SUB9604008,1257.69,1.228,997.71,224.7,2.35,39.89,Light
SUB8323988,2968.68,2.899,586.98,1819.27,13.76,202.03,Moderate
SUB4324664,2178.74,2.128,1841.23,128.17,2.66,10.73,Moderate
SUB9210880,1703.84,1.664,1568.15,71.09,0.62,13.78,Light
SUB4594058,981.55,0.959,322.93,95.33,1.75,601.78,Light
SUB5584258,1403.7,1.371,1183.33,55.35,0.49,19.42,Light
SUB9117654,1243.74,1.215,900.35,187.81,0.77,38.11,Light
SUB5212377,1909.55,1.865,1405.0,356.64,6.57,7.71,Light
SUB1233782,8210.27,8.018,7373.03,161.14,8.78,314.14,Heavy
SUB7906117,1670.9,1.632,492.02,1157.89,0.11,24.81,Light
SUB7112674,166.62,0.163,10.98,123.61,0.55,1.93,Very_Light
SUB5809109,35398.62,34.569,30120.06,1789.62,61.08,188.22,Power_User
SUB4735466,751.24,0.734,385.58,280.92,8.83,11.5,Light
SUB2583246,7444.15,7.27,6259.04,637.07,3.39,91.63,Heavy
SUB1726331,1076.78,1.052,875.34,142.14,3.34,20.61,Light
SUB2794291,209.07,0.204,119.83,36.0,7.16,0.99,Very_Light
SUB7353385,9809.76,9.58,8358.7,1277.79,9.24,16.15,Heavy
SUB5952075,11637.89,11.365,9577.84,1563.68,40.53,331.77,Power_User
SUB4898606,1119.79,1.094,689.89,38.27,12.45,171.75,Light
SUB3878117,1236.28,1.207,1008.59,51.18,0.1,3.13,Light
SUB5481617,4974.59,4.858,2559.99,1217.94,46.1,763.99,Moderate
SUB8374626,7238.77,7.069,6125.54,530.61,14.23,23.55,Heavy
SUB6287913,736.02,0.719,621.62,37.48,0.31,3.14,Light
SUB4733149,207.22,0.202,118.3,19.68,3.32,21.83,Very_Light
SUB6316741,1565.83,1.529,893.95,422.65,2.67,5.59,Light
SUB3804802,497.27,0.486,298.4,20.69,0.07,64.44,Very_Light
SUB5157263,686.45,0.67,426.32,205.07,4.85,9.18,Light
SUB5488198,2620.74,2.559,2031.06,237.37,9.92,2.35,Moderate
SUB3733460,703.87,0.687,499.99,57.08,1.75,131.61,Light
SUB8084609,2202.76,2.151,1662.45,204.5,1.85,153.77,Moderate
SUB7216538,372.38,0.364,211.45,59.91,7.05,4.09,Very_Light
SUB5115362,820.55,0.801,414.09,263.15,7.62,67.88,Light
SUB2252557,995.14,0.972,398.57,174.19,6.14,290.38,Light
SUB2490687,2099.75,2.051,2003.14,200.97,5.06,2.04,Moderate
SUB5057025,339.52,0.332,261.52,24.01,2.01,30.65,Very_Light
SUB6272864,4284.47,4.184,4183.9,297.77,52.78,6.06,Moderate
SUB4788963,1033.19,1.009,631.48,349.19,1.71,100.35,Light
SUB4874910,5529.88,5.4,4548.85,1166.2,9.7,8.04,Heavy
SUB4368045,3528.31,3.446,3167.32,166.92,19.09,3.32,Moderate
SUB6185773,1226.34,1.198,855.59,143.62,1.31,118.16,Light
SUB5832691,584.33,0.571,410.23,44.28,1.48,22.66,Light
SUB1968616,1836.06,1.793,1429.21,207.87,9.09,7.28,Light
SUB5217733,8012.98,7.825,7406.09,580.1,2.44,60.95,Heavy
SUB8914520,466.41,0.455,214.57,133.22,7.72,45.56,Very_Light
SUB2490036,10722.38,10.471,10040.15,166.28,0.15,13.03,Power_User
SUB3869729,390.45,0.381,284.79,29.08,1.87,10.36,Very_Light
SUB8585159,385.69,0.377,328.17,18.49,0.82,0.0,Very_Light
SUB8179156,2015.31,1.968,1141.45,642.14,3.4,1.26,Light
SUB9944718,2963.29,2.894,2592.16,443.0,2.44,43.34,Moderate
SUB8904428,519.38,0.507,217.96,166.97,0.15,66.03,Light
SUB5202271,6660.13,6.504,5271.31,741.05,13.06,61.05,Heavy
SUB5042879,4535.91,4.43,3663.79,633.65,8.19,251.73,Moderate
SUB3322523,2461.14,2.403,1989.43,200.99,0.66,56.19,Moderate
SUB5746771,4248.21,4.149,4462.14,135.36,0.73,12.49,Moderate
SUB9640145,1712.81,1.673,1124.23,273.46,1.0,250.64,Light
SUB2756124,300.8,0.294,174.63,49.25,4.59,32.49,Very_Light
SUB1841531,2745.24,2.681,1774.06,745.98,3.74,5.4,Moderate
SUB1864645,342.31,0.334,199.07,66.35,6.97,46.8,Very_Light
SUB2428127,1808.03,1.766,1227.2,355.72,4.31,23.94,Light
SUB6130076,1401.16,1.368,1128.13,158.04,1.68,33.14,Light
SUB9859690,492.6,0.481,372.93,76.55,2.06,49.54,Very_Light
SUB5254849,2782.57,2.717,1893.85,995.22,2.28,11.07,Moderate
SUB8574587,2303.45,2.249,1681.81,461.79,6.29,72.97,Moderate
SUB7515350,334.24,0.326,216.91,59.29,0.0,1.23,Very_Light
SUB9336900,691.27,0.675,382.52,169.81,9.82,25.03,Light
SUB2615777,767.0,0.749,356.09,258.81,2.35,31.12,Light
SUB4512664,466.68,0.456,337.62,62.34,13.18,13.88,Very_Light
SUB1973181,3667.11,3.581,2417.36,1424.98,3.11,75.13,Moderate
SUB2491633,1873.46,1.83,1306.96,341.71,9.4,58.23,Light
SUB3061774,2193.17,2.142,1748.62,433.54,1.8,7.57,Moderate
SUB3790358,1238.9,1.21,757.37,379.19,36.91,11.69,Light
SUB4860562,2601.04,2.54,2025.84,646.66,2.99,28.2,Moderate
SUB7976610,302.0,0.295,199.44,36.86,1.93,25.29,Very_Light
SUB2765524,527.06,0.515,275.9,157.06,0.61,50.44,Light
SUB2250632,725.38,0.708,474.85,162.53,0.21,9.84,Light
SUB7210715,5876.86,5.739,5492.75,152.1,3.22,130.14,Heavy
SUB9526086,8687.99,8.484,7704.01,645.03,8.11,12.92,Heavy
SUB4243087,1028.63,1.005,1004.56,17.46,5.67,15.64,Light
SUB1909711,2593.03,2.532,2607.13,32.52,11.45,98.55,Moderate
SUB4711584,1897.06,1.853,776.99,880.74,0.81,57.33,Light
SUB7913283,1311.3,1.281,757.63,122.7,2.77,229.74,Light
SUB2619715,1741.16,1.7,800.35,889.06,1.2,5.1,Light
SUB3590310,358.62,0.35,213.69,41.02,8.34,27.92,Very_Light
SUB7314768,2490.35,2.432,2252.19,97.09,7.75,58.93,Moderate
SUB9324454,268.21,0.262,96.19,55.54,1.45,21.88,Very_Light
SUB9815995,1926.86,1.882,1515.81,243.6,4.85,8.56,Light
SUB7726451,15347.42,14.988,11864.71,1779.78,45.16,386.2,Power_User
SUB9064220,9072.01,8.859,8322.24,88.15,2.25,52.29,Heavy
SUB2544613,2634.1,2.572,1980.23,363.07,8.88,0.91,Moderate
SUB2297638,2762.05,2.697,2453.32,152.95,1.38,384.97,Moderate
SUB8134897,20422.91,19.944,19938.19,295.37,0.0,11.38,Power_User
SUB8748670,13873.77,13.549,13332.3,888.73,50.62,83.68,Power_User
SUB3430525,2153.7,2.103,1796.46,236.07,8.4,79.02,Moderate
SUB8439103,5702.13,5.568,5135.93,140.42,0.06,50.84,Heavy
SUB3456070,6450.33,6.299,6027.62,603.47,1.23,37.11,Heavy
SUB9878234,6565.62,6.412,3989.96,1684.72,5.54,330.83,Heavy
SUB1288859,7853.11,7.669,7854.63,485.06,1.77,23.33,Heavy
SUB6008341,161.51,0.158,90.08,24.75,0.33,9.54,Very_Light
SUB5749766,2709.29,2.646,2740.31,143.89,1.55,44.5,Moderate
SUB2546236,11920.2,11.641,10933.51,331.15,0.54,20.06,Power_User
SUB9982913,7190.42,7.022,7615.83,53.04,5.86,43.46,Heavy
SUB5257341,5407.86,5.281,4599.03,374.1,11.88,4.26,Heavy
SUB4759834,7044.43,6.879,6453.61,167.36,0.05,192.66,Heavy
SUB3627988,2487.4,2.429,2036.14,333.4,0.99,76.41,Moderate
SUB6477093,495.78,0.484,0.0,389.85,5.19,2.69,Very_Light
SUB9592974,349.63,0.341,296.89,76.49,1.0,0.74,Very_Light
SUB1502420,3268.6,3.192,3009.43,66.31,8.31,44.84,Moderate
SUB6529046,2929.14,2.86,2596.97,523.79,11.59,18.9,Moderate
SUB2679161,255.38,0.249,85.79,12.98,0.11,72.39,Very_Light
SUB1660902,926.32,0.905,632.06,217.33,2.45,5.22,Light
SUB8562116,223.49,0.218,104.08,76.89,0.52,39.88,Very_Light
SUB2538112,5112.77,4.993,4898.58,24.34,2.26,28.32,Moderate
SUB2726676,1623.6,1.586,1069.19,251.23,14.2,82.68,Light
SUB2685996,1082.19,1.057,1010.81,99.42,21.43,15.73,Light
SUB4246417,302.52,0.295,173.3,60.37,39.59,12.96,Very_Light
SUB2352144,3739.84,3.652,1443.87,2147.64,2.84,0.0,Moderate
SUB2551330,285.07,0.278,257.12,8.97,0.17,3.09,Very_Light
SUB1971248,565.1,0.552,232.73,363.86,2.31,5.44,Light
SUB5657851,6979.44,6.816,5486.47,1227.55,3.81,16.55,Heavy
SUB7695306,3694.88,3.608,3746.63,102.21,9.04,4.45,Moderate
SUB6378750,2370.09,2.315,1127.54,804.78,2.83,222.0,Moderate
SUB3607411,533.11,0.521,253.49,180.34,1.32,25.59,Light
SUB2693439,4517.87,4.412,4103.41,89.73,11.72,10.85,Moderate
SUB2831094,1743.04,1.702,1074.37,672.05,1.41,3.67,Light
SUB4437172,3083.54,3.011,2853.24,140.06,37.28,87.85,Moderate
SUB7919875,471.36,0.46,65.44,304.45,2.84,1.56,Very_Light
SUB6923361,199.33,0.195,52.91,72.28,18.67,48.88,Very_Light
SUB2963571,6916.44,6.754,6342.91,248.24,6.98,0.0,Heavy
SUB6542511,1240.1,1.211,1000.71,147.17,0.86,35.94,Light
SUB9985826,1066.58,1.042,686.92,246.6,13.43,23.26,Light
SUB4815144,122.32,0.119,62.02,18.78,0.31,24.08,Very_Light
SUB4436252,1642.63,1.604,1577.0,63.43,2.41,5.81,Light
SUB1817052,7079.84,6.914,4514.27,1889.2,26.84,78.39,Heavy
SUB8596585,1756.58,1.715,1063.19,410.95,9.49,12.3,Light
SUB7269324,403.54,0.394,284.85,21.65,1.13,89.26,Very_Light
SUB2428080,4127.51,4.031,3507.67,176.19,5.89,56.35,Moderate
SUB3521279,1982.68,1.936,1558.15,182.55,1.12,109.68,Light
SUB8503888,1280.94,1.251,699.98,519.43,1.77,10.36,Light
SUB7119848,846.5,0.827,609.09,167.09,8.51,71.32,Light
SUB3726016,1564.69,1.528,1326.4,140.03,7.25,0.0,Light
SUB2244289,4784.41,4.672,3640.79,609.42,21.8,150.48,Moderate
SUB1442939,11133.09,10.872,10618.23,499.59,7.84,9.98,Power_User
SUB4282972,2143.92,2.094,1501.45,613.06,22.33,127.08,Moderate
SUB9692832,1360.59,1.329,478.89,491.76,11.66,360.47,Light
SUB5414473,3782.8,3.694,1152.93,1778.74,17.12,461.64,Moderate
SUB3711793,400.05,0.391,199.15,133.73,0.47,0.95,Very_Light
SUB3319124,7112.84,6.946,5956.48,799.19,1.31,108.08,Heavy
SUB4923227,7141.38,6.974,7155.14,367.2,18.86,83.05,Heavy
SUB3073290,5840.36,5.703,4464.3,1387.56,10.55,13.35,Heavy
SUB3518970,1679.28,1.64,791.72,783.42,0.44,12.01,Light
SUB4889877,11920.4,11.641,9704.44,1246.73,46.4,93.92,Power_User
SUB2727408,4789.27,4.677,3627.91,1405.91,9.5,56.99,Moderate
SUB3801742,434.53,0.424,141.61,227.72,0.57,15.85,Very_Light
SUB2055675,1147.67,1.121,999.29,66.14,11.88,19.11,Light
SUB7016854,2472.23,2.414,905.47,1351.26,2.78,12.11,Moderate
SUB8436754,4074.34,3.979,4000.33,305.31,5.95,86.67,Moderate
SUB1965188,724.46,0.707,635.43,55.45,1.03,13.69,Light
SUB3161088,6023.7,5.883,6345.68,94.13,3.04,75.64,Heavy
SUB9018006,509.49,0.498,168.39,277.98,0.31,5.48,Very_Light
SUB3320484,1146.6,1.12,778.04,334.88,3.02,115.4,Light
SUB5105223,916.25,0.895,481.91,342.98,3.88,9.18,Light
SUB1487510,182.96,0.179,29.5,17.39,1.14,84.19,Very_Light
SUB7354986,5678.99,5.546,5037.3,310.54,4.8,24.68,Heavy
SUB8609964,2440.67,2.383,2041.46,178.16,0.06,11.54,Moderate
SUB6795250,3171.13,3.097,2976.28,281.64,6.49,22.06,Moderate
SUB5055447,3163.6,3.089,1984.8,116.4,12.6,693.82,Moderate
SUB2673879,4457.36,4.353,2754.09,1233.74,40.98,26.07,Moderate
SUB2780752,3408.29,3.328,2811.33,387.54,1.36,250.2,Moderate
SUB4293331,2846.42,2.78,2782.63,87.12,1.6,15.57,Moderate
SUB4764455,9175.47,8.96,7630.51,873.67,10.5,8.01,Heavy
SUB8253817,1777.25,1.736,934.72,521.96,5.09,205.87,Light
SUB5335518,8381.44,8.185,8048.42,438.66,4.25,112.5,Heavy
SUB9791690,8208.07,8.016,8390.22,532.35,9.57,42.13,Heavy
SUB9589747,11227.51,10.964,9596.79,696.69,0.17,595.48,Power_User
SUB6222798,2207.78,2.156,1240.75,1073.0,10.76,9.82,Moderate
SUB4904722,744.69,0.727,439.47,218.53,8.23,22.35,Light
SUB6215622,3451.64,3.371,2060.82,974.73,1.15,77.14,Moderate
SUB7879771,7228.78,7.059,6700.79,348.7,8.37,26.03,Heavy
SUB9481209,433.38,0.423,232.2,120.82,0.51,0.0,Very_Light
SUB4175684,2285.98,2.232,2081.96,320.95,0.48,6.51,Moderate
SUB1629085,2538.52,2.479,2071.96,345.83,11.67,53.74,Moderate
SUB7071845,714.7,0.698,298.53,174.52,14.56,0.0,Light
SUB3518638,545.6,0.533,191.84,315.04,1.17,1.0,Light
SUB1603103,2972.77,2.903,2280.85,448.45,14.52,56.19,Moderate
SUB2989968,1924.86,1.88,1175.64,423.28,3.26,159.6,Light
SUB6303943,4084.13,3.988,3558.16,514.34,61.37,0.0,Moderate
SUB6497191,4387.42,4.285,3888.1,313.75,11.81,8.37,Moderate
SUB2257008,1119.07,1.093,688.7,294.66,1.05,3.29,Light
SUB7473507,331.76,0.324,261.6,3.06,0.2,6.01,Very_Light
SUB8437693,4684.68,4.575,4430.55,370.67,5.93,2.87,Moderate
SUB6137997,19813.97,19.35,18346.73,672.26,18.76,18.41,Power_User
SUB8270518,11044.73,10.786,8552.27,1682.61,4.4,7.93,Power_User
SUB6511934,12392.09,12.102,12636.63,654.96,5.74,34.57,Power_User
SUB9173321,6329.45,6.181,6127.23,78.74,8.97,1.57,Heavy
SUB8899284,23290.98,22.745,19384.17,1748.79,10.04,123.56,Power_User
SUB2003171,1260.7,1.231,903.1,188.06,0.18,86.74,Light
SUB8214938,372.16,0.363,193.78,99.33,1.35,21.76,Very_Light
SUB3900737,150.61,0.147,91.02,43.83,0.25,3.19,Very_Light
SUB2370485,1571.12,1.534,231.49,1200.71,7.62,44.72,Light
SUB8045900,365.15,0.357,103.25,176.29,1.56,38.13,Very_Light
SUB2681076,3431.58,3.351,497.47,2142.91,3.35,424.04,Moderate
SUB9501598,2454.04,2.397,2331.58,120.85,0.06,87.93,Moderate
SUB6312399,1174.73,1.147,214.67,901.84,1.01,0.0,Light
SUB1981883,86.83,0.085,9.01,49.06,0.75,0.0,Very_Light
SUB2668321,1193.35,1.165,749.8,158.01,5.49,149.17,Light
SUB4293705,5133.76,5.013,4122.32,272.31,14.22,433.67,Heavy
SUB7154512,4528.2,4.422,2830.8,1321.94,1.3,92.18,Moderate
SUB4759505,600.8,0.587,409.19,49.01,6.05,90.07,Light
SUB9415414,3095.72,3.023,2292.04,805.23,0.3,82.83,Moderate
SUB6418952,1190.61,1.163,717.69,414.16,6.06,18.01,Light
SUB5609688,1564.62,1.528,398.52,791.56,26.3,104.25,Light
SUB5264423,10794.15,10.541,8996.58,773.24,24.97,603.81,Power_User
SUB9181883,667.19,0.652,475.64,162.54,1.18,3.89,Light
SUB9306681,396.68,0.387,272.58,83.7,11.96,8.81,Very_Light
SUB8170837,2050.9,2.003,1872.54,90.13,2.17,7.6,Moderate
SUB2519603,1286.08,1.256,547.72,630.34,4.67,80.23,Light
SUB2750740,1292.84,1.263,811.87,417.84,0.39,53.12,Light
SUB1863403,10282.67,10.042,7742.34,1705.78,7.64,27.97,Power_User
SUB1885421,1328.98,1.298,1178.66,194.79,1.2,10.8,Light
SUB5278384,3747.34,3.66,3595.6,269.0,0.57,1.56,Moderate
SUB6495671,1028.7,1.005,508.77,472.56,10.99,80.0,Light
SUB1978836,369.23,0.361,281.69,34.73,0.99,1.41,Very_Light
SUB4223522,1236.96,1.208,927.47,115.42,1.83,5.6,Light
SUB3217181,4697.27,4.587,4598.06,240.41,5.78,161.81,Moderate
SUB9568438,3743.82,3.656,2438.22,58.78,10.72,1016.04,Moderate
SUB2556518,897.12,0.876,782.97,69.99,5.93,11.05,Light
SUB3659083,2603.31,2.542,2218.54,367.86,3.83,2.81,Moderate
SUB5113640,504.46,0.493,469.08,7.36,0.49,2.1,Very_Light
SUB5500398,37435.35,36.558,31411.69,2280.95,20.3,436.97,Power_User
SUB5877708,4811.77,4.699,4264.81,225.38,6.49,276.94,Moderate
SUB8880317,3676.63,3.59,2167.4,1485.12,1.23,49.37,Moderate
SUB9281447,4108.5,4.012,2926.04,762.05,4.42,151.16,Moderate
SUB4895958,1538.32,1.502,1177.45,265.3,19.19,78.88,Light
SUB8076042,175.32,0.171,114.41,11.76,4.92,14.03,Very_Light
SUB9839765,780.1,0.762,477.21,162.83,6.45,21.94,Light
SUB2265898,17468.41,17.059,15553.62,1734.2,6.5,328.67,Power_User
SUB3120539,1041.4,1.017,640.43,231.82,0.87,103.29,Light
SUB1880412,3996.65,3.903,3584.17,221.72,20.98,36.31,Moderate
SUB6947148,2448.06,2.391,2484.08,40.77,6.06,3.21,Moderate
SUB4231185,121.4,0.119,49.21,16.11,0.34,24.4,Very_Light
SUB8319764,8943.04,8.733,7824.66,135.67,31.36,44.0,Heavy
SUB9706483,277.48,0.271,67.21,12.97,0.28,156.17,Very_Light
SUB6923098,1941.01,1.896,1755.67,101.03,13.07,55.62,Light
SUB2228337,1666.29,1.627,1189.28,263.22,10.57,48.39,Light
SUB1484814,787.29,0.769,707.93,31.05,0.0,9.33,Light
SUB9359922,810.38,0.791,267.1,545.02,11.83,33.07,Light
SUB4690583,1028.03,1.004,542.2,261.63,1.07,37.8,Light
SUB2599908,18372.75,17.942,16724.58,297.22,3.0,147.98,Power_User
SUB3164412,6096.01,5.953,5265.39,744.11,3.35,13.61,Heavy
SUB6309792,846.6,0.827,495.26,316.98,0.21,9.28,Light
SUB3353847,6241.87,6.096,5276.72,443.03,9.53,21.88,Heavy
SUB3892478,10567.9,10.32,10746.91,395.59,2.75,5.16,Power_User
SUB2984117,3907.91,3.816,3201.96,971.63,20.2,63.01,Moderate
SUB6949852,180.9,0.177,95.73,17.23,1.98,9.0,Very_Light
SUB1029725,4602.75,4.495,4412.32,27.56,3.75,9.55,Moderate
SUB1888036,1971.69,1.925,1750.09,64.49,2.89,29.58,Light
SUB3971783,3621.47,3.537,1903.19,1467.59,58.06,205.01,Moderate
SUB3662761,1122.57,1.096,881.39,126.23,10.3,41.92,Light
SUB7524559,105.0,0.103,38.19,54.12,0.08,5.01,Very_Light
SUB3513024,583.12,0.569,358.4,62.1,11.74,106.93,Light
SUB3398083,802.94,0.784,611.9,121.17,0.38,49.1,Light
SUB7536295,12569.62,12.275,12317.73,441.29,52.95,31.67,Power_User
SUB4909439,518.88,0.507,203.83,213.79,24.56,2.67,Light
SUB6627745,709.34,0.693,383.4,210.13,1.11,8.99,Light
SUB4911146,220.19,0.215,122.24,69.45,0.26,1.11,Very_Light
SUB2707017,1083.23,1.058,502.48,102.1,11.66,317.12,Light
SUB1689556,2999.26,2.929,1693.14,866.61,56.04,75.15,Moderate
SUB8288538,4038.6,3.944,3931.7,327.58,1.89,34.78,Moderate
SUB3253722,2058.49,2.01,1869.15,206.95,4.04,103.68,Moderate
SUB2649729,486.45,0.475,118.75,172.14,1.35,94.66,Very_Light
SUB2116271,706.35,0.69,554.68,92.08,2.98,13.37,Light
SUB4099555,482.45,0.471,239.43,112.69,0.0,56.93,Very_Light
SUB6683797,4302.04,4.201,3745.64,553.64,1.55,29.94,Moderate
SUB2681641,1907.6,1.863,877.99,788.21,4.17,19.51,Light
SUB1516409,1537.92,1.502,1256.27,90.2,14.28,85.01,Light
SUB1666165,1169.95,1.143,447.12,506.17,0.66,102.17,Light
SUB3788363,2675.29,2.613,1913.97,169.16,28.59,686.97,Moderate
SUB5476321,343.88,0.336,125.66,74.13,3.68,45.09,Very_Light
SUB4710388,845.85,0.826,173.71,586.27,34.02,1.48,Light
SUB4235192,2946.57,2.878,2556.58,262.55,18.14,15.66,Moderate
SUB2935090,1094.32,1.069,1134.69,28.34,0.0,8.47,Light
SUB4937270,17146.09,16.744,14772.61,1094.43,0.84,977.08,Power_User
SUB7739013,2851.35,2.785,1466.09,1264.69,1.8,43.57,Moderate
SUB8089975,496.99,0.485,330.23,92.37,8.1,8.31,Very_Light
SUB9805586,1083.61,1.058,807.46,107.08,0.27,119.39,Light
SUB2033316,4071.13,3.976,3366.28,620.38,3.44,35.66,Moderate
SUB5819075,7910.04,7.725,8128.93,355.95,1.71,1.78,Heavy
SUB5742297,1974.02,1.928,1980.41,20.46,12.33,49.29,Light
SUB4868452,8311.69,8.117,6826.7,1463.32,0.77,101.78,Heavy
SUB9074037,2002.31,1.955,1385.02,476.25,32.39,31.22,Light
SUB2312743,6685.93,6.529,5664.78,456.67,6.79,4.81,Heavy
SUB8420105,3922.88,3.831,3510.16,371.8,9.47,10.21,Moderate
SUB1104195,267.67,0.261,80.47,152.21,2.41,16.04,Very_Light
SUB8008443,2180.25,2.129,2087.5,68.05,1.05,150.51,Moderate
SUB6276728,1740.61,1.7,691.9,843.65,13.84,16.63,Light
SUB5101036,1067.03,1.042,890.03,114.82,2.84,17.79,Light
SUB3165251,7584.35,7.407,5619.18,1202.99,3.32,15.16,Heavy
SUB8303693,334.61,0.327,174.44,41.09,0.67,76.83,Very_Light
SUB4214850,461.24,0.45,86.96,125.92,0.78,219.39,Very_Light
SUB8983439,1496.2,1.461,1443.36,32.71,4.52,10.73,Light
SUB9874883,4049.79,3.955,3512.54,166.25,1.27,18.6,Moderate
SUB9687479,11291.98,11.027,10292.32,1266.03,8.51,156.71,Power_User
SUB9268541,243.03,0.237,49.21,115.98,3.08,10.2,Very_Light
SUB3949281,3681.48,3.595,3220.27,544.41,2.88,30.95,Moderate
SUB8356061,1418.09,1.385,1232.12,48.45,0.91,23.79,Light
SUB2294929,4787.91,4.676,3661.08,301.57,3.99,373.44,Moderate
SUB3504594,7181.31,7.013,5917.13,1077.02,2.0,7.86,Heavy
SUB2243294,982.36,0.959,755.27,60.59,0.21,61.21,Light
SUB4567675,402.64,0.393,130.31,269.14,0.14,2.16,Very_Light
SUB8711634,1460.79,1.427,1373.84,112.95,3.07,50.34,Light
SUB3414802,9395.62,9.175,8525.49,695.49,14.55,72.68,Heavy
SUB1443031,2497.96,2.439,1765.98,455.45,13.4,6.96,Moderate
SUB7444345,3808.79,3.72,3307.88,397.77,5.93,22.3,Moderate
SUB3790373,8421.78,8.224,8411.33,440.57,1.1,25.71,Heavy
SUB4916643,1342.01,1.311,1127.16,15.7,0.63,49.57,Light
SUB8061183,1240.06,1.211,716.18,261.76,5.23,29.67,Light
SUB4287058,398.4,0.389,242.29,131.5,1.61,13.8,Very_Light
SUB6510493,906.53,0.885,511.79,274.61,0.14,11.79,Light
SUB1290998,1787.85,1.746,1747.66,134.07,2.1,3.82,Light
SUB5855920,2384.08,2.328,1862.35,72.11,3.06,266.41,Moderate
SUB2828022,1320.92,1.29,872.63,234.25,6.24,95.06,Light
SUB7367712,6589.95,6.435,5594.01,289.41,3.4,162.01,Heavy
SUB2409854,629.85,0.615,620.09,33.51,0.85,15.94,Light
SUB8997043,622.43,0.608,299.88,213.38,0.76,3.1,Light
SUB1181360,510.26,0.498,173.23,59.33,7.83,224.22,Very_Light
SUB3444026,2608.84,2.548,2259.27,291.98,2.38,80.21,Moderate
SUB3515419,99.31,0.097,9.7,41.45,0.95,1.85,Very_Light
SUB6532410,896.69,0.876,746.4,92.24,0.53,11.53,Light
SUB5138286,851.31,0.831,748.73,99.75,0.89,0.0,Light
SUB9333100,2906.37,2.838,2354.85,238.38,1.62,1.01,Moderate
SUB7893728,1105.7,1.08,805.39,285.62,4.76,61.61,Light
SUB4584197,7592.08,7.414,6697.22,975.32,3.06,11.06,Heavy
SUB1311955,1922.36,1.877,1424.3,367.56,11.71,1.67,Light
SUB3127599,572.84,0.559,409.73,116.47,2.51,9.73,Light
SUB5933594,5078.02,4.959,4849.05,122.48,2.39,49.04,Moderate
SUB5835451,344.0,0.336,129.76,45.38,8.64,87.52,Very_Light
SUB5382794,3908.7,3.817,2066.35,1859.72,3.41,13.14,Moderate
SUB8323494,1823.93,1.781,814.33,386.34,17.39,365.54,Light
SUB7699144,583.31,0.57,450.56,38.72,4.13,11.6,Light
SUB5698713,1950.77,1.905,1486.42,275.93,0.69,19.19,Light
SUB8867791,223.98,0.219,103.56,75.64,0.6,1.64,Very_Light
SUB4790328,1787.98,1.746,918.89,669.69,15.13,14.08,Light
SUB6289730,6029.99,5.889,5941.97,95.15,9.51,20.96,Heavy
SUB5437610,21605.62,21.099,19963.08,685.91,36.92,175.34,Power_User
SUB4239536,473.51,0.462,330.06,52.62,1.67,82.3,Very_Light
SUB3326133,7879.43,7.695,7700.46,462.3,1.32,26.45,Heavy
SUB8948140,12578.51,12.284,11505.39,1381.92,0.82,156.44,Power_User
SUB6720626,1066.9,1.042,596.08,280.31,4.09,54.24,Light
SUB7221714,4634.23,4.526,3891.39,187.58,24.93,12.14,Moderate
SUB7374825,897.86,0.877,550.62,202.49,0.47,10.48,Light
SUB6005858,7054.62,6.889,5129.85,1159.43,13.05,119.79,Heavy
SUB8028722,6276.08,6.129,3579.2,2019.67,40.25,178.42,Heavy
SUB9221252,1883.63,1.839,1748.72,53.14,2.33,1.41,Light
SUB9975708,4303.92,4.203,2810.9,1219.03,2.37,140.84,Moderate
SUB4415871,330.99,0.323,239.06,29.51,1.26,29.88,Very_Light
SUB2877971,9825.48,9.595,8325.62,224.12,1.41,292.32,Heavy
SUB8997488,825.59,0.806,609.51,30.59,1.93,160.94,Light
SUB7814612,6328.18,6.18,5806.39,324.83,1.6,73.52,Heavy
SUB5963401,2241.53,2.189,1843.15,327.62,0.47,88.24,Moderate
SUB3866757,3569.45,3.486,3507.03,126.88,21.04,99.06,Moderate
SUB6913318,1547.73,1.511,1453.7,179.45,1.74,7.44,Light
SUB7741286,9427.53,9.207,8230.5,914.32,36.77,7.65,Heavy
SUB2577969,2559.52,2.5,1992.69,273.44,7.46,20.35,Moderate
SUB4651387,584.7,0.571,391.91,190.2,2.72,2.9,Light
SUB2711672,1852.28,1.809,1283.1,360.53,8.61,38.58,Light
SUB6905950,4929.61,4.814,4136.83,335.4,28.84,19.74,Moderate
SUB4212883,4277.39,4.177,2345.74,1715.26,15.51,9.07,Moderate
SUB4028631,1201.3,1.173,851.81,220.8,2.31,20.4,Light
SUB8232212,4636.77,4.528,3887.58,123.95,1.86,118.78,Moderate
SUB7423959,929.26,0.907,342.21,530.76,17.35,6.91,Light
SUB7984297,26633.49,26.009,26570.41,2001.19,18.3,39.45,Power_User
SUB5024733,476.63,0.465,405.5,14.34,2.44,9.86,Very_Light
SUB5859221,277.58,0.271,237.22,4.3,4.02,0.76,Very_Light
SUB4801250,7882.51,7.698,6596.45,590.37,27.9,20.11,Heavy
SUB1019675,809.98,0.791,656.37,24.01,0.43,17.87,Light
SUB9462605,3974.82,3.882,2759.13,1278.21,19.76,144.07,Moderate
SUB1486799,2055.96,2.008,1699.62,286.79,0.95,57.08,Moderate
SUB7810805,2636.03,2.574,2251.36,492.27,14.09,3.8,Moderate
SUB3238057,4763.36,4.652,3957.46,327.4,10.66,207.78,Moderate
SUB5464344,2496.59,2.438,2247.55,45.08,5.69,58.13,Moderate
SUB1566088,2200.68,2.149,1535.39,364.52,8.27,50.77,Moderate
SUB7558947,3377.68,3.299,2888.69,215.78,17.25,355.01,Moderate
SUB1658003,362.61,0.354,222.08,55.73,11.35,0.0,Very_Light
SUB1805113,1396.13,1.363,1254.57,87.97,0.35,9.89,Light
SUB6028035,1863.11,1.819,1124.23,676.71,25.54,6.61,Light
SUB5034464,368.9,0.36,282.13,20.41,1.56,12.39,Very_Light
SUB3092101,162.43,0.159,64.74,57.91,3.92,9.53,Very_Light
SUB6995134,1071.37,1.046,701.86,47.88,0.88,242.31,Light
SUB9503967,4607.5,4.5,3993.42,542.77,2.79,43.23,Moderate
SUB7208714,917.36,0.896,286.96,452.62,6.26,28.88,Light
SUB7762126,5656.33,5.524,3800.93,2340.75,0.77,26.07,Heavy
SUB7342057,1769.98,1.728,680.99,1060.83,1.41,64.41,Light
SUB4541483,2063.15,2.015,1711.97,274.51,2.15,77.2,Moderate
SUB2512760,4594.58,4.487,4091.76,419.94,14.06,55.08,Moderate
SUB4557689,393.4,0.384,118.97,204.89,1.6,6.44,Very_Light
SUB2863236,1394.93,1.362,823.59,424.74,0.2,4.34,Light
SUB8863426,855.64,0.836,557.03,232.11,1.3,9.62,Light
SUB1450930,3235.75,3.16,2556.26,448.7,31.36,159.14,Moderate
SUB8402324,2790.15,2.725,2225.59,444.56,11.08,23.6,Moderate
SUB8946232,3165.57,3.091,2516.28,337.07,12.44,58.75,Moderate
SUB4498408,8882.81,8.675,7898.9,309.83,59.93,93.57,Heavy
SUB6403252,10434.71,10.19,8666.84,766.13,34.68,268.3,Power_User
SUB1091006,1364.33,1.332,1069.03,100.44,0.0,2.13,Light
SUB5151785,12546.23,12.252,11058.84,925.36,36.15,19.29,Power_User
SUB1688725,719.42,0.703,648.61,19.54,6.94,66.01,Light
SUB1206487,919.71,0.898,696.54,197.74,5.9,29.13,Light
SUB7389308,2980.59,2.911,2777.35,186.58,6.62,101.37,Moderate
SUB4637820,630.48,0.616,443.6,67.65,1.63,2.83,Light
SUB4284321,6403.97,6.254,5459.99,939.94,2.97,132.35,Heavy
SUB8018523,1454.12,1.42,1150.32,141.91,2.11,163.02,Light
SUB1678841,825.33,0.806,49.83,607.23,2.09,62.8,Light
SUB6420712,386.17,0.377,230.2,103.34,2.72,36.64,Very_Light
SUB4452501,3277.32,3.201,2557.35,615.02,0.46,101.57,Moderate
SUB9433840,1046.92,1.022,591.87,371.12,1.57,1.43,Light
SUB3445840,258.13,0.252,182.03,47.12,0.1,6.48,Very_Light
SUB6451973,600.15,0.586,216.63,274.03,0.84,44.92,Light
SUB2379904,4974.03,4.857,4480.52,429.24,0.71,47.8,Moderate
SUB8353172,3838.21,3.748,3194.48,377.49,2.62,5.44,Moderate
SUB2437188,930.09,0.908,574.5,282.07,0.56,26.9,Light
SUB2656321,1676.78,1.637,1103.58,577.47,10.07,7.77,Light
SUB1538645,1267.07,1.237,1019.73,130.06,0.73,61.91,Light
SUB6354552,18582.88,18.147,15806.46,1300.02,21.18,467.32,Power_User
SUB5525121,768.78,0.751,716.04,48.06,0.33,5.19,Light
SUB6832801,2789.88,2.724,2490.76,86.24,0.25,108.67,Moderate
SUB7911855,5107.61,4.988,5303.95,293.07,0.23,36.07,Moderate
SUB7550091,1624.7,1.587,1196.77,281.37,2.53,38.37,Light
SUB8790574,2275.98,2.223,2038.88,157.13,14.36,3.58,Moderate
SUB4366823,5131.19,5.011,3914.56,682.45,2.23,85.29,Heavy
SUB8370683,5600.2,5.469,4218.61,1142.96,9.31,127.34,Heavy
SUB3167354,3300.64,3.223,1843.95,1473.46,23.36,4.76,Moderate
SUB7439522,468.52,0.458,264.22,85.11,2.47,81.84,Very_Light
SUB6047999,10692.58,10.442,8393.97,727.92,49.11,457.19,Power_User
SUB5385010,2067.07,2.019,1207.61,200.83,0.94,527.17,Moderate
SUB5818750,1488.92,1.454,1319.11,173.87,3.97,60.7,Light
SUB5991536,1336.65,1.305,1237.53,51.58,0.55,16.81,Light
SUB4471750,216.29,0.211,116.38,14.77,0.53,33.12,Very_Light
SUB5475156,15512.76,15.149,13913.82,503.98,18.51,222.81,Power_User
SUB3765331,3833.3,3.743,1905.19,1774.39,2.09,17.39,Moderate
SUB9070297,15943.72,15.57,14832.91,1531.57,3.17,17.43,Power_User
SUB9976766,1048.47,1.024,800.14,174.29,1.58,27.34,Light
SUB3630723,1190.92,1.163,536.02,567.8,41.2,0.0,Light
SUB1865139,12452.64,12.161,12001.67,171.37,13.52,5.37,Power_User
SUB8543159,4201.22,4.103,3085.53,1190.46,0.0,3.27,Moderate
SUB6384935,5341.13,5.216,3556.7,1739.67,5.28,345.03,Heavy
SUB3901717,1609.23,1.572,775.48,537.71,15.98,207.63,Light
SUB7285939,2216.43,2.164,2019.89,131.75,6.3,110.61,Moderate
SUB7816525,232.11,0.227,169.62,32.65,0.53,14.38,Very_Light
SUB3211738,635.64,0.621,466.18,88.75,1.1,42.8,Light
SUB6692796,979.3,0.956,387.63,556.06,2.06,51.18,Light
SUB9678376,12556.59,12.262,9945.91,1607.8,25.34,17.53,Power_User
SUB7822567,3538.74,3.456,3323.33,502.45,21.96,1.45,Moderate
SUB3639929,2161.17,2.111,1671.68,529.63,24.97,48.53,Moderate
SUB4133211,411.46,0.402,255.33,81.95,2.77,23.64,Very_Light
SUB8440449,1063.25,1.038,619.21,338.46,5.15,83.5,Light
SUB2726199,9379.51,9.16,7926.44,315.2,0.9,897.14,Heavy
SUB6071915,843.13,0.823,802.11,28.43,0.32,3.3,Light
SUB1443945,3519.61,3.437,3669.11,2.7,3.06,5.78,Moderate
SUB8382003,962.87,0.94,647.85,297.99,1.78,1.73,Light
SUB7310114,2747.77,2.683,2683.73,202.74,5.83,78.22,Moderate
SUB1021253,1362.41,1.33,807.08,254.54,4.79,282.32,Light
SUB4603110,532.36,0.52,220.0,48.69,1.92,208.64,Light
SUB3276787,993.96,0.971,806.09,170.82,6.81,16.09,Light
SUB8690840,1316.67,1.286,559.56,761.61,1.01,68.78,Light
SUB7501553,443.95,0.434,196.36,130.3,11.07,61.53,Very_Light
SUB2274634,524.52,0.512,378.15,76.93,1.76,8.06,Light
SUB3755063,1006.17,0.983,653.13,319.36,4.69,16.65,Light
SUB2228807,2188.66,2.137,1853.47,94.61,2.12,52.17,Moderate
SUB9511383,1570.69,1.534,1575.86,19.44,7.49,34.09,Light
SUB6163515,11756.01,11.48,10504.17,1121.39,15.91,111.7,Power_User
SUB8601748,729.49,0.712,23.44,280.33,5.2,277.93,Light
SUB5463158,18132.26,17.707,18107.36,1557.94,8.72,166.58,Power_User
SUB9803208,430.76,0.421,182.95,188.69,2.89,14.56,Very_Light
SUB7181422,1368.87,1.337,727.82,438.66,1.83,9.68,Light
SUB3269070,2227.99,2.176,2046.26,137.45,9.37,6.94,Moderate
SUB5413359,347.07,0.339,146.24,134.85,3.05,6.92,Very_Light
SUB8640167,1151.23,1.124,248.69,781.06,1.52,71.74,Light
SUB3831569,155.98,0.152,95.69,42.67,1.45,0.0,Very_Light
SUB8322153,4977.32,4.861,4244.25,226.61,10.83,42.2,Moderate
SUB3519507,1199.7,1.172,790.77,485.77,0.75,21.04,Light
SUB2256715,2290.5,2.237,1772.66,526.48,1.24,68.54,Moderate
SUB9468865,4797.74,4.685,3966.37,690.0,14.62,1.5,Moderate
SUB2526534,1238.85,1.21,1145.31,123.85,0.66,18.17,Light
SUB1824143,988.06,0.965,791.94,207.0,1.71,0.44,Light
SUB8346562,5562.57,5.432,5539.18,358.45,43.64,34.59,Heavy
SUB4802986,4487.74,4.383,3299.01,655.77,16.1,62.71,Moderate
SUB1371616,5312.69,5.188,4922.85,364.85,3.43,114.63,Heavy
SUB2960155,12213.28,11.927,12282.91,118.0,40.54,142.24,Power_User
SUB3710527,3949.31,3.857,3123.97,546.46,2.44,33.06,Moderate
SUB2768967,4475.54,4.371,3411.08,852.73,34.07,50.1,Moderate
SUB9370043,2329.27,2.275,2035.73,250.04,10.3,7.94,Moderate
SUB1279215,1089.43,1.064,780.26,200.37,13.65,57.69,Light
SUB3843236,4993.12,4.876,4111.68,328.6,1.24,19.95,Moderate
SUB8379933,5363.4,5.238,4406.16,1155.77,14.5,17.08,Heavy
SUB9661957,905.56,0.884,779.27,108.17,13.5,10.37,Light
SUB7153973,4928.22,4.813,4253.34,226.54,8.02,41.45,Moderate
SUB7035218,2201.78,2.15,1918.18,132.51,16.57,80.63,Moderate
SUB2960584,10400.34,10.157,9931.42,498.84,3.41,43.59,Power_User
SUB7223754,1502.5,1.467,1204.88,100.99,3.76,1.1,Light
SUB6585709,1652.0,1.613,1232.03,372.92,2.82,11.77,Light
SUB1578688,24293.33,23.724,22265.59,543.38,11.47,0.69,Power_User
SUB5226156,6622.83,6.468,5826.22,92.35,0.91,13.03,Heavy
SUB6755892,2449.18,2.392,2154.13,107.52,1.28,2.46,Moderate
SUB8983372,1340.61,1.309,1091.61,285.81,0.09,13.98,Light
SUB9127747,5587.65,5.457,4363.39,1128.42,38.29,0.4,Heavy
SUB5227995,1212.97,1.185,833.76,314.46,8.76,104.8,Light
SUB8337694,762.75,0.745,526.45,114.72,13.74,1.2,Light
SUB9921334,2537.74,2.478,2010.96,214.93,0.91,90.72,Moderate
SUB4952255,4084.07,3.988,3621.3,226.52,1.47,9.64,Moderate
SUB4817242,9161.19,8.946,8717.72,550.63,7.01,816.65,Heavy
SUB5990488,360.71,0.352,323.19,25.92,0.44,28.43,Very_Light
SUB1239968,3920.8,3.829,3952.52,153.86,11.35,26.69,Moderate
SUB9677571,547.91,0.535,294.01,179.66,3.19,0.85,Light
SUB3592536,4754.44,4.643,2610.39,1498.42,1.33,273.59,Moderate
SUB6504381,1365.19,1.333,1175.1,41.27,3.62,2.76,Light
SUB1519165,1618.88,1.581,1258.78,214.85,1.7,1.07,Light
SUB5414084,893.62,0.873,267.91,548.58,0.49,11.71,Light
SUB4440866,2088.69,2.04,1669.54,136.67,6.75,95.35,Moderate
SUB4878363,716.67,0.7,563.22,89.46,4.44,5.04,Light
SUB2027557,665.66,0.65,226.21,415.61,0.65,7.51,Light
SUB8435697,5631.74,5.5,5325.93,311.59,5.32,1.4,Heavy
SUB6898885,8411.85,8.215,7891.65,204.32,20.29,135.67,Heavy
SUB8601723,903.51,0.882,575.19,217.62,1.68,74.6,Light
SUB8946155,607.02,0.593,470.11,27.18,0.18,16.9,Light
SUB6688238,5383.03,5.257,3887.3,323.72,3.61,743.18,Heavy
SUB7703560,222.75,0.218,150.82,48.73,1.12,8.16,Very_Light
SUB2785559,3064.99,2.993,1381.78,1482.14,37.46,2.52,Moderate
SUB9697057,8481.09,8.282,7740.02,854.83,12.34,83.91,Heavy
SUB1533634,742.22,0.725,604.04,88.39,1.72,18.68,Light
SUB4932747,6669.59,6.513,6142.11,841.29,17.87,6.75,Heavy
SUB9578845,879.07,0.858,822.08,60.01,0.88,10.48,Light
SUB9102873,811.65,0.793,670.27,99.79,5.55,22.56,Light
SUB5623636,2133.43,2.083,1503.97,184.51,16.85,40.9,Moderate
SUB8556855,4944.96,4.829,3654.56,668.16,36.33,106.17,Moderate
SUB6334233,6156.63,6.012,5869.58,137.42,7.69,40.57,Heavy
SUB2406368,1822.17,1.779,669.89,1150.94,1.82,31.26,Light
SUB7841300,1057.61,1.033,230.68,67.84,3.14,660.28,Light
SUB6785267,6646.03,6.49,6383.66,513.83,1.09,49.05,Heavy
SUB2224744,12458.05,12.166,12264.59,188.98,9.67,199.56,Power_User
SUB6970226,2711.27,2.648,2641.71,150.88,3.96,8.27,Moderate
SUB5862894,2615.13,2.554,2094.83,160.21,11.64,367.08,Moderate
SUB3131018,8120.72,7.93,7650.19,271.23,9.09,39.78,Heavy
SUB9210710,3227.79,3.152,2089.27,1114.14,1.91,70.0,Moderate
SUB4489429,3715.92,3.629,3419.1,95.43,2.51,41.53,Moderate
SUB7888260,961.71,0.939,564.59,179.67,0.26,184.54,Light
SUB7478443,686.59,0.67,418.67,184.61,1.89,13.02,Light
SUB1294746,1144.41,1.118,963.4,137.8,0.12,9.3,Light
SUB6710754,1531.53,1.496,1249.3,148.07,1.79,78.1,Light
SUB6432019,4936.91,4.821,4561.72,174.5,7.62,62.98,Moderate
SUB5352892,1879.95,1.836,1529.29,348.22,0.12,73.08,Light
SUB2702159,623.9,0.609,87.48,345.81,20.29,57.97,Light
SUB4757985,6200.28,6.055,5531.93,377.15,14.69,7.91,Heavy
SUB4802177,2236.63,2.184,1936.38,178.56,1.44,13.39,Moderate
SUB9512558,2779.34,2.714,2333.46,374.24,1.78,44.37,Moderate
SUB2153224,813.0,0.794,602.17,109.92,1.96,8.66,Light
SUB3650235,3171.72,3.097,1390.14,1737.85,5.19,6.69,Moderate
SUB5740039,3188.63,3.114,3095.41,43.46,0.98,29.27,Moderate
SUB9299350,1528.01,1.492,1315.11,103.06,0.0,38.04,Light
SUB3303554,7673.61,7.494,7683.91,648.41,5.6,91.89,Heavy
SUB5020120,2758.71,2.694,2392.63,119.2,1.11,21.3,Moderate
SUB3946862,3229.0,3.153,2165.88,781.97,6.3,10.46,Moderate
SUB3676517,1721.9,1.682,1574.01,92.12,2.14,58.21,Light
SUB5307086,13498.77,13.182,13104.91,195.55,12.94,58.09,Power_User
SUB8331006,33982.42,33.186,32727.16,1732.71,0.98,6.38,Power_User
SUB9329442,7085.82,6.92,6065.19,309.39,61.96,3.69,Heavy
SUB7169912,6709.5,6.552,5339.76,627.72,6.9,69.9,Heavy
SUB9831924,7897.27,7.712,7576.57,194.96,30.05,20.41,Heavy
SUB4517741,1630.54,1.592,1265.13,102.55,7.56,91.97,Light
SUB7168563,2152.07,2.102,2156.02,78.56,31.58,0.61,Moderate
SUB4456653,248.45,0.243,227.73,20.24,0.95,5.35,Very_Light
SUB6429219,976.61,0.954,772.93,63.71,1.61,62.54,Light
SUB1475595,868.87,0.849,507.39,144.24,28.52,184.43,Light
SUB2888806,3745.76,3.658,3204.63,558.05,22.61,198.0,Moderate
SUB3148091,5441.45,5.314,4228.51,828.71,3.6,6.06,Heavy
SUB4961676,16979.14,16.581,15330.01,2279.69,21.24,295.39,Power_User
SUB2760462,1610.59,1.573,1248.24,214.9,0.54,5.08,Light
SUB5058848,2773.55,2.709,1327.23,1252.01,14.55,185.04,Moderate
SUB1809178,362.33,0.354,219.58,35.5,6.7,54.43,Very_Light
SUB8932310,1686.8,1.647,1424.54,76.26,7.68,0.44,Light
SUB5777402,5446.09,5.318,4940.45,986.65,0.12,47.5,Heavy
SUB7934106,494.7,0.483,343.53,67.91,6.34,0.0,Very_Light
SUB8486327,12267.56,11.98,10521.69,1859.92,10.03,25.72,Power_User
SUB3562605,6700.95,6.544,6673.99,447.43,7.66,14.86,Heavy
SUB1721037,1318.67,1.288,645.92,588.92,3.17,0.46,Light
SUB6507683,2390.78,2.335,1674.01,440.16,2.11,26.9,Moderate
SUB7417954,2683.94,2.621,2215.14,83.05,0.44,201.98,Moderate
SUB2021469,11099.67,10.84,10609.8,1035.93,13.44,149.16,Power_User
SUB7756350,5312.6,5.188,2897.47,1931.02,0.59,255.34,Heavy
SUB6779277,1205.83,1.178,102.09,291.0,0.63,801.82,Light
SUB3892371,7192.37,7.024,4764.89,869.99,25.57,1132.87,Heavy
SUB7970199,1438.88,1.405,1276.23,32.43,3.51,1.86,Light
SUB1463001,1509.54,1.474,959.75,448.06,0.35,52.97,Light
SUB7011493,127.72,0.125,23.99,51.88,0.09,0.0,Very_Light
SUB3822136,707.12,0.691,197.6,454.84,3.2,24.28,Light
SUB1515693,1530.45,1.495,1302.39,258.29,1.17,3.56,Light
SUB3636722,405.69,0.396,266.93,43.33,4.9,9.96,Very_Light
SUB8818114,3771.58,3.683,2664.22,624.45,0.15,90.96,Moderate
SUB1239017,2236.57,2.184,1071.09,802.81,1.87,64.0,Moderate
SUB1414994,914.83,0.893,563.0,232.89,1.05,26.81,Light
SUB1941768,1442.48,1.409,674.83,491.51,47.82,120.36,Light
SUB6712044,233.57,0.228,68.72,92.45,2.05,45.03,Very_Light
SUB9043846,2424.01,2.367,2061.05,219.2,2.54,34.14,Moderate
SUB2076941,1477.68,1.443,901.71,533.27,6.13,16.71,Light
SUB1465982,5362.36,5.237,5154.61,671.86,7.83,21.17,Heavy
SUB3538568,765.56,0.748,15.62,641.57,3.28,8.0,Light
SUB1273146,10420.33,10.176,10396.62,253.17,16.52,29.66,Power_User
SUB6453174,956.36,0.934,429.79,377.14,0.31,0.0,Light
SUB7124152,1555.41,1.519,1115.69,249.59,1.16,7.36,Light
SUB2164795,1291.68,1.261,77.89,1105.86,4.61,8.17,Light
SUB8130030,71.21,0.07,9.97,28.46,0.28,3.16,Very_Light
SUB3677747,655.55,0.64,569.31,30.21,0.51,1.43,Light
SUB3409381,187.68,0.183,9.38,159.49,1.05,1.92,Very_Light
SUB8026492,14154.36,13.823,14015.41,541.62,6.41,0.63,Power_User
SUB9309411,28271.95,27.609,26571.2,1521.76,47.98,217.07,Power_User
SUB7859216,719.45,0.703,350.05,280.36,3.2,0.0,Light
SUB3943295,2632.58,2.571,1562.22,1079.36,5.37,85.39,Moderate
SUB4283616,161.56,0.158,34.07,76.97,14.49,2.1,Very_Light
SUB1077175,3456.83,3.376,3080.41,468.81,6.22,82.61,Moderate
SUB3078808,1037.25,1.013,868.44,42.15,1.17,1.7,Light
SUB2357453,1015.36,0.992,669.66,296.44,5.84,68.61,Light
SUB4011786,1020.83,0.997,504.64,329.49,5.5,50.61,Light
SUB1095028,1762.42,1.721,1154.19,491.54,4.67,4.84,Light
SUB2558242,4135.84,4.039,3340.44,264.26,54.57,241.69,Moderate
SUB5319453,722.58,0.706,516.88,140.65,5.93,18.16,Light
SUB5948008,1436.58,1.403,955.38,187.02,6.54,88.57,Light
SUB6445315,4971.83,4.855,4620.88,41.56,1.58,281.31,Moderate
SUB9552442,8424.06,8.227,6887.48,1169.14,7.29,54.71,Heavy
SUB3367555,2507.55,2.449,1142.49,1393.31,11.48,20.32,Moderate
SUB4012359,1290.81,1.261,950.96,161.91,3.08,61.46,Light
SUB3414165,869.02,0.849,573.14,191.08,6.35,46.81,Light
SUB8204776,507.94,0.496,103.77,118.3,40.22,234.75,Very_Light
SUB4208823,1097.39,1.072,547.75,233.09,13.67,190.96,Light
SUB8457918,322.18,0.315,74.21,160.74,1.13,10.56,Very_Light
SUB6051646,864.85,0.845,375.6,359.91,1.76,110.53,Light
SUB4625654,1209.88,1.182,902.23,99.36,11.97,37.29,Light
SUB1285711,1305.03,1.274,304.41,620.13,4.44,154.06,Light
SUB6278172,5146.43,5.026,4384.51,347.77,0.23,8.21,Heavy
SUB7912880,7007.99,6.844,6654.98,307.12,18.88,214.47,Heavy
SUB1575919,29264.1,28.578,26641.09,1729.52,3.01,276.0,Power_User
SUB4331106,680.57,0.665,392.06,246.2,2.44,25.61,Light
SUB1422381,508.17,0.496,215.94,263.35,4.01,10.59,Very_Light
SUB1976433,159.41,0.156,58.7,40.71,2.13,3.01,Very_Light
SUB9222462,2983.96,2.914,2879.82,129.47,6.5,7.98,Moderate
SUB5900164,2161.92,2.111,2003.54,201.0,1.61,8.81,Moderate
SUB7336356,4056.12,3.961,3372.37,414.11,6.72,119.93,Moderate
SUB6679042,1765.12,1.724,1417.01,318.44,4.2,41.67,Light
SUB1401067,3369.1,3.29,3325.89,128.01,0.0,1.77,Moderate
SUB8094176,2373.89,2.318,2178.89,203.5,3.62,47.74,Moderate
SUB1460796,385.73,0.377,145.58,125.54,2.26,56.74,Very_Light
SUB8740616,646.52,0.631,504.87,20.66,5.5,7.9,Light
SUB6994376,19950.18,19.483,17595.91,1304.61,13.58,283.38,Power_User
SUB6289283,1351.41,1.32,860.42,388.38,1.5,41.65,Light
SUB6858338,1887.5,1.843,1377.03,168.41,7.57,57.24,Light
SUB5989904,328.47,0.321,164.71,108.84,6.68,14.41,Very_Light
SUB1312023,929.91,0.908,665.8,186.92,2.32,26.84,Light
SUB7270016,1403.54,1.371,346.69,874.35,8.08,79.05,Light
SUB8320583,389.18,0.38,329.97,45.58,0.0,3.99,Very_Light
SUB8822636,248.6,0.243,159.02,46.36,0.72,20.56,Very_Light
SUB4177902,2945.71,2.877,1913.09,459.85,5.0,375.08,Moderate
SUB1755111,1770.4,1.729,421.78,993.58,40.73,108.52,Light
SUB3320715,1241.43,1.212,583.77,417.13,34.54,60.41,Light
SUB3234805,920.09,0.899,550.29,260.46,6.64,74.94,Light
SUB5304459,1307.87,1.277,970.57,158.28,0.14,21.09,Light
SUB2899054,1305.0,1.274,1010.46,66.8,4.96,33.55,Light
SUB4457550,5729.91,5.596,3998.48,2173.98,3.76,23.6,Heavy
SUB2550184,511.11,0.499,290.41,158.83,0.75,40.4,Very_Light
SUB5174482,424.89,0.415,358.73,36.03,0.18,0.0,Very_Light
SUB9153113,853.85,0.834,298.05,434.21,3.47,111.62,Light
SUB4273523,3644.52,3.559,2593.25,451.5,74.09,119.44,Moderate
SUB9477276,2023.52,1.976,1852.53,173.56,9.07,17.22,Light
SUB7961383,1692.21,1.653,1634.05,157.81,0.99,12.05,Light
SUB8960339,2942.34,2.873,2837.57,200.31,0.15,17.93,Moderate
SUB3770742,210.55,0.206,74.18,110.26,1.24,10.44,Very_Light
SUB3770374,13551.16,13.234,12213.37,1259.09,3.07,109.84,Power_User
SUB8296405,685.68,0.67,639.0,23.59,0.54,1.95,Light
SUB7846539,236.7,0.231,95.09,75.34,1.77,17.88,Very_Light
SUB9659522,654.57,0.639,204.73,298.9,5.53,50.74,Light
SUB5109803,2406.53,2.35,1726.2,628.8,3.33,54.69,Moderate
SUB6636289,831.55,0.812,582.71,154.1,0.49,1.83,Light
SUB9751063,892.15,0.871,719.28,16.57,3.35,45.84,Light
SUB2034586,5350.85,5.225,5224.62,432.69,12.83,52.36,Heavy
SUB7040502,16419.22,16.034,15369.63,1697.4,21.6,62.45,Power_User
SUB6547094,267.67,0.261,133.87,39.01,1.76,44.16,Very_Light
SUB4100581,1591.55,1.554,771.59,489.6,4.34,300.76,Light
SUB3661637,24066.62,23.503,21028.45,832.88,20.85,77.98,Power_User
SUB4672277,4932.12,4.817,3949.96,449.15,53.4,121.6,Moderate
SUB3084504,1885.02,1.841,889.98,754.82,11.53,0.85,Light
SUB4021372,2879.47,2.812,1778.98,1055.79,0.36,87.01,Moderate
SUB5854042,1011.64,0.988,735.29,256.99,23.46,36.95,Light
SUB3471378,1458.83,1.425,926.08,460.61,2.29,5.33,Light
SUB4830121,294.73,0.288,215.43,55.0,0.14,25.95,Very_Light
SUB6353912,2227.65,2.175,1701.98,258.83,8.54,41.33,Moderate
SUB2353324,2222.71,2.171,1786.19,394.55,2.48,12.07,Moderate
SUB7753008,3139.52,3.066,2494.86,604.04,5.6,29.66,Moderate
SUB7124386,3053.17,2.982,1935.22,890.39,16.75,251.42,Moderate
SUB4372455,7712.25,7.531,7002.56,573.42,14.33,10.23,Heavy
SUB5268173,1244.22,1.215,859.22,228.5,16.2,34.99,Light
SUB7034722,2180.48,2.129,1506.42,483.22,41.03,98.19,Moderate
SUB8010131,1929.91,1.885,1412.75,372.02,0.79,24.37,Light
SUB5396720,7419.14,7.245,6038.22,790.7,21.59,43.48,Heavy
SUB5070028,12522.4,12.229,11908.44,1353.38,2.08,45.99,Power_User
SUB8951036,2999.44,2.929,2702.95,181.29,1.47,309.51,Moderate
SUB7869989,6916.96,6.755,7248.87,145.91,0.0,0.0,Heavy
SUB2369277,354.25,0.346,202.96,84.99,2.35,6.7,Very_Light
SUB6522567,2369.17,2.314,1596.15,627.45,6.62,15.17,Moderate
SUB7722090,6427.38,6.277,6174.82,362.83,5.11,7.48,Heavy
SUB1749971,125.2,0.122,71.11,16.41,0.59,10.68,Very_Light
SUB9222502,1799.48,1.757,1341.43,184.23,4.36,1.8,Light
SUB8749972,293.43,0.287,248.71,10.22,0.98,13.75,Very_Light
SUB5460276,25324.1,24.731,23731.43,763.67,1.8,253.95,Power_User
SUB8456688,3147.53,3.074,1703.67,1472.47,9.19,87.2,Moderate
SUB5075837,665.05,0.649,371.46,244.46,9.17,55.71,Light
SUB3233706,664.38,0.649,357.99,186.54,1.31,78.09,Light
SUB7094645,4271.84,4.172,3138.1,1093.84,67.83,127.89,Moderate
SUB9874365,2427.55,2.371,1120.94,1211.46,1.98,96.68,Moderate
SUB3054376,1377.09,1.345,1063.75,106.84,22.4,22.67,Light
SUB2185111,213.63,0.209,102.56,33.7,8.11,6.93,Very_Light
SUB5961828,755.6,0.738,470.24,112.8,1.32,1.24,Light
SUB8732752,633.94,0.619,336.64,29.38,4.68,165.61,Light
SUB3392919,2118.21,2.069,1713.72,437.01,0.39,50.03,Moderate
SUB2500948,4736.72,4.626,2909.95,1761.98,0.19,297.56,Moderate
SUB7327090,6414.93,6.265,5977.91,354.67,4.53,209.23,Heavy
SUB5107834,721.77,0.705,592.94,53.11,3.01,33.39,Light
SUB3408630,784.23,0.766,631.16,51.54,1.83,26.78,Light
SUB6837196,2343.49,2.289,932.79,1473.84,3.61,49.65,Moderate
SUB9095213,3430.41,3.35,2610.44,481.86,13.29,3.92,Moderate
SUB3702994,675.63,0.66,377.97,198.46,0.22,19.54,Light
SUB6919626,5162.46,5.041,4913.09,132.13,6.54,76.95,Heavy
SUB6557805,2951.6,2.882,2840.17,257.68,0.0,4.18,Moderate
SUB5902444,4134.25,4.037,3820.7,500.01,4.02,85.82,Moderate
SUB1192512,1748.03,1.707,1526.77,68.73,1.0,29.74,Light
SUB4714379,611.5,0.597,366.95,146.27,4.85,59.35,Light
SUB6845447,654.04,0.639,255.6,296.44,0.05,112.66,Light
SUB2549420,4831.69,4.718,5280.73,32.53,1.19,2.35,Moderate
SUB4345647,2311.04,2.257,1703.6,605.91,25.53,94.37,Moderate
SUB9312934,1474.25,1.44,1141.95,56.88,3.09,196.32,Light
SUB4900379,716.27,0.699,520.77,118.97,2.8,25.81,Light
SUB4804409,3980.54,3.887,3337.32,308.02,4.27,15.26,Moderate
SUB7722055,613.16,0.599,245.29,192.85,3.51,96.32,Light
SUB2520982,6222.84,6.077,5602.74,505.07,3.75,202.58,Heavy
SUB7281646,195.32,0.191,96.85,25.88,1.47,24.93,Very_Light
SUB4998422,2624.62,2.563,2187.31,79.96,13.47,30.3,Moderate
SUB7426288,3336.12,3.258,2309.67,1141.8,0.88,1.07,Moderate
SUB3164563,71.19,0.07,35.63,8.14,0.71,10.08,Very_Light
SUB6181377,2302.86,2.249,2355.33,84.47,2.56,0.82,Moderate
SUB6281091,615.12,0.601,508.14,105.46,6.16,5.31,Light
SUB5408285,14115.63,13.785,13070.19,520.29,11.33,127.97,Power_User
SUB9012369,2188.73,2.137,2100.68,149.0,0.87,35.69,Moderate
SUB5204955,134.34,0.131,90.25,13.7,0.74,5.58,Very_Light
SUB6059667,1168.72,1.141,222.45,750.97,2.92,105.14,Light
SUB9090736,1148.76,1.122,482.62,430.63,8.57,76.46,Light
SUB3985696,3708.64,3.622,3556.41,248.36,0.62,44.72,Moderate
SUB9143179,1263.47,1.234,913.07,14.86,0.29,322.5,Light
SUB9826233,1609.65,1.572,1254.61,238.58,0.12,11.59,Light
SUB4301106,396.42,0.387,210.07,160.43,0.96,7.01,Very_Light
SUB2372070,1009.49,0.986,435.18,346.92,1.51,42.85,Light
SUB3593726,252.34,0.246,136.04,61.46,1.47,20.01,Very_Light
SUB7721308,362.46,0.354,121.82,78.81,1.96,68.14,Very_Light
SUB9241353,312.77,0.305,234.1,19.27,0.55,14.47,Very_Light
SUB6670706,1770.48,1.729,1562.33,157.72,2.29,11.8,Light
SUB5450252,1213.08,1.185,1018.09,167.43,6.05,1.62,Light
SUB9494630,840.6,0.821,673.22,119.11,8.74,18.0,Light
SUB6655635,6913.3,6.751,5276.95,920.13,11.15,36.58,Heavy
SUB5975045,448.53,0.438,325.21,37.53,2.76,61.06,Very_Light
SUB1470529,236.23,0.231,163.79,48.43,1.08,0.0,Very_Light
SUB1161445,77.08,0.075,21.87,28.59,0.14,7.13,Very_Light
SUB4834242,1456.56,1.422,1265.29,78.97,3.6,10.57,Light
SUB7494503,306.49,0.299,176.73,105.71,2.11,1.29,Very_Light
SUB1684029,173.33,0.169,73.67,36.96,0.0,7.48,Very_Light
SUB6337355,603.78,0.59,284.47,200.44,3.51,17.77,Light
SUB9898978,1502.84,1.468,768.55,487.2,17.71,91.1,Light
SUB7981440,4470.33,4.366,3866.27,92.7,8.2,113.3,Moderate
SUB4999694,3433.82,3.353,3351.72,324.63,12.71,31.85,Moderate
SUB4308505,520.27,0.508,414.32,15.72,1.09,7.24,Light
SUB9201428,792.18,0.774,647.86,29.03,0.94,9.04,Light
SUB1208944,2106.22,2.057,1790.79,181.55,2.18,17.65,Moderate
SUB6186686,1175.18,1.148,542.9,477.18,2.42,1.72,Light
SUB8576472,2216.4,2.164,1786.37,197.76,0.98,35.52,Moderate
SUB2361303,134.55,0.131,32.57,83.96,0.54,1.79,Very_Light
SUB5201765,2783.78,2.719,2041.98,541.82,5.95,108.5,Moderate
SUB8964443,672.64,0.657,328.21,136.98,6.56,100.63,Light
SUB3894100,7049.82,6.885,5270.71,993.6,24.06,17.97,Heavy
SUB5666805,650.14,0.635,422.75,203.18,0.0,4.49,Light
SUB2197162,1498.56,1.463,969.13,166.49,41.23,272.71,Light
SUB2046161,789.0,0.771,682.12,41.48,4.33,10.91,Light
SUB7674851,1459.34,1.425,1355.04,95.0,8.39,36.42,Light
SUB5688482,8156.64,7.965,7004.63,562.71,0.83,28.41,Heavy
SUB9348022,5594.84,5.464,4909.45,683.27,1.46,24.64,Heavy
SUB7983604,2940.62,2.872,2172.48,534.31,4.07,142.08,Moderate
SUB2897501,236.93,0.231,14.48,161.91,16.42,6.51,Very_Light
SUB5754619,582.28,0.569,380.73,134.78,21.89,2.98,Light
SUB7465377,1024.38,1.0,616.46,354.11,0.79,13.15,Light
SUB7129439,1708.13,1.668,1190.76,277.31,1.54,2.07,Light
SUB4885250,353.11,0.345,173.86,51.13,3.29,9.53,Very_Light
SUB9991899,489.21,0.478,128.31,346.71,2.07,0.0,Very_Light
SUB5902059,154.63,0.151,32.13,72.44,2.94,12.96,Very_Light
SUB7607912,3355.0,3.276,3016.85,46.58,27.91,15.45,Moderate
SUB6573694,2430.56,2.374,2366.05,230.04,3.55,25.3,Moderate
SUB6228566,133.11,0.13,82.1,33.96,0.17,7.23,Very_Light
SUB1719407,3271.24,3.195,1504.25,1550.73,8.23,53.64,Moderate
SUB3538143,7728.9,7.548,7715.18,480.34,8.18,114.33,Heavy
SUB1337913,538.14,0.526,92.27,260.63,4.78,86.12,Light
SUB1328821,4656.1,4.547,4069.41,248.97,7.31,777.34,Moderate
SUB4887008,1115.86,1.09,772.12,235.88,1.18,2.37,Light
SUB7725275,2615.78,2.554,1623.99,1028.43,4.62,23.18,Moderate
SUB4615652,762.44,0.745,64.83,367.56,0.22,215.37,Light
SUB6193734,1228.79,1.2,911.48,180.41,0.97,4.27,Light
SUB9457411,944.75,0.923,661.21,177.34,2.18,19.1,Light
SUB8772580,3334.32,3.256,2909.71,211.31,2.39,16.82,Moderate
SUB1807744,370.15,0.361,301.35,44.64,18.11,0.0,Very_Light
SUB6720622,7367.19,7.195,5673.53,2021.22,17.67,12.16,Heavy
SUB9634012,2693.37,2.63,2695.55,174.48,11.88,0.0,Moderate
SUB7933705,10295.3,10.054,10616.97,392.67,0.25,17.57,Power_User
SUB6545403,1925.37,1.88,582.51,785.7,10.16,336.69,Light
SUB1017297,3224.45,3.149,777.45,2073.26,1.74,19.94,Moderate
SUB1788443,900.1,0.879,602.74,148.02,0.17,124.13,Light
SUB4265962,468.04,0.457,193.99,244.5,1.49,14.22,Very_Light
SUB7010334,14653.58,14.31,13299.91,275.19,7.86,35.48,Power_User
SUB6752613,1330.51,1.299,786.11,517.67,4.37,35.51,Light
SUB2333572,2534.72,2.475,2326.99,145.46,5.48,44.01,Moderate
SUB6637025,4535.89,4.43,4005.09,225.05,3.07,13.13,Moderate
SUB9072879,3473.73,3.392,2971.14,287.25,49.96,353.06,Moderate
SUB5701669,3126.97,3.054,2527.91,382.06,12.37,3.35,Moderate
SUB4765056,1013.46,0.99,857.61,129.11,2.1,40.16,Light
SUB4325315,3738.4,3.651,2321.19,931.4,27.52,24.29,Moderate
SUB6217092,1253.99,1.225,759.12,290.0,7.35,39.77,Light
SUB9264605,2187.46,2.136,1547.96,508.56,7.44,23.2,Moderate
SUB1828791,14125.93,13.795,13520.98,557.0,1.73,271.63,Power_User
SUB4820887,14587.6,14.246,13876.94,229.56,6.59,147.49,Power_User
SUB7652346,20992.94,20.501,19119.95,663.02,27.67,157.37,Power_User
SUB3846274,212.16,0.207,103.57,69.51,0.76,13.31,Very_Light
SUB6988099,6832.62,6.672,6565.38,498.21,21.07,85.44,Heavy
SUB8069337,542.29,0.53,330.76,41.64,6.56,99.09,Light
SUB8871917,8182.21,7.99,6190.49,1372.75,6.73,62.48,Heavy
SUB6446079,4893.82,4.779,4827.57,132.66,2.56,87.56,Moderate
SUB1376794,2263.59,2.211,2200.15,152.16,0.11,19.02,Moderate
SUB4878450,2813.34,2.747,2414.91,243.21,10.7,17.1,Moderate
SUB4033349,5535.83,5.406,3960.87,1442.78,2.36,120.29,Heavy
SUB7407054,2862.21,2.795,2556.17,164.46,1.08,2.17,Moderate
SUB1782877,1481.18,1.446,1162.05,173.16,1.94,57.58,Light
SUB5902825,7305.37,7.134,6032.69,494.27,30.73,141.76,Heavy
SUB8068132,3298.63,3.221,2779.19,368.92,8.77,32.36,Moderate
SUB7299492,18016.36,17.594,15440.27,2115.26,10.95,197.38,Power_User
SUB6798946,15052.28,14.699,14292.3,120.33,1.81,2.62,Power_User
SUB8236694,4177.84,4.08,3852.53,202.59,0.93,174.71,Moderate
SUB6928643,1529.49,1.494,1368.07,152.69,0.5,1.91,Light
SUB7049850,1496.55,1.461,1273.09,142.37,7.78,7.76,Light
SUB1850350,267.38,0.261,203.33,25.73,0.73,3.19,Very_Light
SUB9556255,1521.76,1.486,1530.44,34.75,1.49,23.95,Light
SUB3333679,144.42,0.141,72.03,55.02,1.08,11.54,Very_Light
SUB1435477,625.28,0.611,380.26,113.86,1.55,97.16,Light
SUB8736484,706.99,0.69,600.52,21.5,0.0,32.02,Light
SUB6651944,1642.05,1.604,945.2,517.77,17.3,35.94,Light
SUB5327308,893.65,0.873,579.27,52.43,16.98,125.48,Light
SUB2581420,3406.61,3.327,2136.74,925.29,6.87,59.6,Moderate
SUB1786261,4630.01,4.521,4004.64,263.71,1.91,226.92,Moderate
SUB4494708,1970.71,1.925,1685.64,182.83,1.11,0.0,Light
SUB7952314,916.9,0.895,508.52,199.46,2.15,91.25,Light
SUB4079042,455.72,0.445,350.68,53.82,1.59,2.29,Very_Light
SUB7665769,5224.24,5.102,4239.11,864.32,0.62,42.2,Heavy
SUB7538655,3294.71,3.217,2105.15,989.28,14.73,11.37,Moderate
SUB9514668,2697.36,2.634,2313.98,31.43,43.73,376.89,Moderate
SUB6968633,3228.27,3.153,2438.13,428.84,1.61,5.39,Moderate
SUB7898046,5952.76,5.813,3721.54,1135.18,0.36,582.34,Heavy
SUB4077099,2244.86,2.192,1949.88,284.73,1.33,5.85,Moderate
SUB3844180,1505.34,1.47,1133.59,246.07,1.23,5.87,Light
SUB7758699,3846.95,3.757,2799.6,843.71,3.09,4.6,Moderate
SUB8983939,1162.62,1.135,317.8,522.2,10.63,130.37,Light
SUB6066112,3063.7,2.992,2868.57,180.05,1.35,13.44,Moderate
SUB5093886,18820.17,18.379,15799.66,1544.04,2.29,282.5,Power_User
SUB9950668,2611.59,2.55,2615.59,179.76,0.5,11.23,Moderate
SUB6301358,20337.2,19.861,19801.37,97.17,3.87,5.37,Power_User
SUB2506145,228.75,0.223,73.52,79.24,2.96,23.0,Very_Light
SUB3648202,2339.01,2.284,1297.08,293.26,42.87,625.12,Moderate
SUB2192931,2008.35,1.961,1150.22,852.85,0.31,2.6,Light
SUB5889084,1833.94,1.791,1679.86,53.7,0.56,4.0,Light
SUB8133456,392.5,0.383,153.97,170.53,20.94,44.71,Very_Light
SUB1871522,4035.09,3.941,3756.97,190.73,3.28,106.44,Moderate
SUB7049531,10273.22,10.032,8164.2,2209.21,3.04,15.56,Power_User
SUB7890709,2008.69,1.962,1690.36,183.37,1.05,52.82,Light
SUB3181906,1230.29,1.201,288.13,305.96,12.05,440.38,Light
SUB9990884,1228.91,1.2,1049.0,50.66,0.54,24.01,Light
SUB2500134,5497.9,5.369,4544.48,210.37,8.86,126.09,Heavy
SUB3604884,1263.78,1.234,1042.48,157.88,0.36,0.6,Light
SUB2705243,1566.03,1.529,1498.87,74.54,10.5,11.54,Light
SUB5274692,612.9,0.599,316.7,93.97,72.32,23.47,Light
SUB1239779,1142.04,1.115,739.85,234.69,3.67,16.29,Light
SUB3975605,2016.99,1.97,1885.51,124.14,2.13,112.64,Light
SUB6099154,458.01,0.447,75.72,382.89,6.27,3.98,Very_Light
SUB7289249,6464.01,6.313,5249.2,497.11,7.03,82.0,Heavy
SUB9152885,1704.04,1.664,1005.49,534.09,0.0,9.19,Light
SUB7164014,1212.62,1.184,700.44,329.2,0.35,55.51,Light
SUB8499412,3929.58,3.837,1646.12,1835.95,25.43,376.18,Moderate
SUB7216074,666.15,0.651,287.61,157.07,2.5,12.09,Light
SUB6333968,388.11,0.379,77.35,249.77,2.52,13.51,Very_Light
SUB5588727,734.51,0.717,85.75,435.47,8.3,139.81,Light
SUB9325032,5236.33,5.114,4435.18,315.49,0.77,0.0,Heavy
SUB9978989,13243.84,12.933,12916.51,568.64,10.14,59.64,Power_User
SUB4683909,565.08,0.552,538.22,15.66,12.53,1.36,Light
SUB2539600,910.65,0.889,671.1,203.48,0.31,24.98,Light
SUB8465106,748.79,0.731,735.09,18.86,2.19,22.23,Light
SUB6083801,5527.34,5.398,3008.97,2122.67,2.77,109.52,Heavy
SUB3227503,3865.48,3.775,1985.41,1913.64,10.58,279.18,Moderate
SUB4070771,156.22,0.153,73.49,15.16,0.71,32.25,Very_Light
SUB2143647,461.89,0.451,231.34,109.33,3.87,3.1,Very_Light
SUB8156406,4385.38,4.283,4450.24,181.2,1.69,22.7,Moderate
SUB2416953,4673.83,4.564,2859.58,1285.03,50.72,55.67,Moderate
SUB3694245,4907.24,4.792,4324.37,256.19,0.47,36.39,Moderate
SUB1421280,1173.71,1.146,728.4,285.21,2.6,72.85,Light
SUB1909245,1099.17,1.073,810.9,166.62,3.64,6.84,Light
SUB1341207,3412.56,3.333,3177.33,168.6,6.14,27.67,Moderate
SUB2230746,2988.52,2.918,1716.24,1144.72,21.89,31.82,Moderate
SUB4289791,2960.21,2.891,2937.34,133.78,2.71,49.67,Moderate
SUB1592632,1366.6,1.335,988.18,192.44,1.54,13.46,Light
SUB2162189,186.46,0.182,166.57,11.62,3.28,3.41,Very_Light
SUB6730385,372.58,0.364,315.14,14.33,3.25,0.0,Very_Light
SUB9802907,269.87,0.264,89.85,68.92,1.29,51.59,Very_Light
SUB3381486,8907.79,8.699,8977.59,135.52,7.97,24.33,Heavy
SUB7713070,355.03,0.347,259.88,61.76,1.3,11.5,Very_Light
SUB9168326,1140.33,1.114,1111.6,16.76,1.58,1.9,Light
SUB6393455,1210.62,1.182,754.5,308.39,0.17,27.05,Light
SUB1125438,2077.21,2.029,391.94,1663.5,4.0,0.0,Moderate
SUB4770183,11703.4,11.429,9564.84,1092.81,13.15,8.64,Power_User
SUB8085904,1042.07,1.018,538.56,416.4,1.91,33.27,Light
SUB7699744,985.78,0.963,768.88,245.52,17.31,10.99,Light
SUB3801445,1126.02,1.1,779.09,101.66,1.68,97.13,Light
SUB7839789,1203.88,1.176,863.24,203.91,6.54,13.45,Light
SUB9570556,743.95,0.727,417.07,220.69,23.47,34.54,Light
SUB3582814,687.98,0.672,434.54,97.87,8.27,45.32,Light
SUB4769457,290.24,0.283,126.72,78.01,13.94,2.42,Very_Light
SUB2206751,4333.93,4.232,3659.4,292.58,11.35,18.89,Moderate
SUB1953692,7207.81,7.039,6853.46,781.28,79.21,1.23,Heavy
SUB1217770,665.27,0.65,428.37,175.16,0.29,30.83,Light
SUB5099906,10657.45,10.408,9341.3,507.36,8.48,782.13,Power_User
SUB5836917,9917.19,9.685,7821.43,1895.07,11.09,41.22,Heavy
SUB7969129,457.15,0.446,230.7,177.77,3.49,5.49,Very_Light
SUB6910184,470.0,0.459,282.27,75.96,9.28,59.87,Very_Light
SUB7082199,4014.61,3.921,3071.59,1066.7,11.44,8.57,Moderate
SUB6301533,2979.39,2.91,2557.86,176.26,1.4,1.97,Moderate
SUB2790008,2509.46,2.451,2281.45,389.0,2.73,24.33,Moderate
SUB2826525,330.99,0.323,54.99,165.79,3.89,94.2,Very_Light
SUB5513070,933.1,0.911,558.33,293.45,0.32,61.96,Light
SUB8417874,19113.11,18.665,19807.64,353.22,15.05,58.93,Power_User
SUB7151537,9948.12,9.715,8717.44,231.0,23.11,85.97,Heavy
SUB5466951,338.55,0.331,115.04,96.84,0.23,56.59,Very_Light
SUB2478768,18824.19,18.383,19491.13,446.17,8.27,2.27,Power_User
SUB8089478,3297.47,3.22,2194.17,935.61,1.66,134.45,Moderate
SUB6124674,1081.92,1.057,713.46,205.91,7.26,5.99,Light
SUB9326435,499.97,0.488,178.62,213.25,1.7,37.26,Very_Light
SUB1402980,3083.07,3.011,1052.77,1782.54,27.69,69.09,Moderate
SUB8557260,6716.52,6.559,5675.9,338.35,15.37,67.84,Heavy
SUB7932667,1618.42,1.58,1108.5,25.52,5.55,256.71,Light
SUB3531528,3576.21,3.492,3192.07,88.1,1.7,2.8,Moderate
SUB3108542,623.61,0.609,310.77,217.74,16.34,76.96,Light
SUB7922496,253.84,0.248,101.22,50.21,1.2,13.32,Very_Light
SUB4502626,4321.83,4.221,3935.2,281.97,12.9,10.56,Moderate
SUB2386689,1417.02,1.384,1027.53,118.1,14.01,67.23,Light
SUB3846230,2629.2,2.568,1905.04,597.2,2.3,15.41,Moderate
SUB3118433,10565.58,10.318,10664.26,187.05,12.43,0.0,Power_User
SUB6553535,1504.37,1.469,1211.42,194.72,8.39,19.23,Light
SUB4678621,374.22,0.365,338.81,8.51,0.16,3.35,Very_Light
SUB5556766,1283.42,1.253,1094.81,152.96,0.36,1.84,Light
SUB7227018,4890.17,4.776,4028.42,688.66,12.09,35.39,Moderate
SUB6000546,1065.45,1.04,649.53,234.04,18.48,123.82,Light
SUB7971138,1171.74,1.144,828.79,249.86,1.51,65.39,Light
SUB9607009,6602.04,6.447,6050.8,650.04,1.51,173.87,Heavy
SUB9547900,5722.39,5.588,4908.1,1188.64,1.52,8.32,Heavy
SUB8545189,6196.25,6.051,4813.22,812.62,29.3,187.4,Heavy
SUB9852545,1062.89,1.038,796.48,134.89,11.6,54.3,Light
SUB3681206,1035.17,1.011,920.17,125.64,0.0,4.17,Light
SUB7643433,2632.75,2.571,2166.19,195.54,2.21,229.67,Moderate
SUB1187771,526.55,0.514,203.03,224.33,0.27,41.36,Light
SUB1237199,289.51,0.283,60.67,140.76,0.09,60.72,Very_Light
SUB8290213,3116.35,3.043,2311.79,493.44,6.19,19.72,Moderate
SUB3857281,6754.54,6.596,5218.39,1828.63,54.49,0.0,Heavy
SUB3274316,2277.51,2.224,1740.81,348.27,2.68,19.08,Moderate
SUB1751518,342.33,0.334,265.62,38.28,5.26,13.53,Very_Light
SUB9227323,241.84,0.236,84.02,102.88,0.57,3.06,Very_Light
SUB1513313,1193.63,1.166,960.22,174.24,1.16,1.41,Light
SUB3332214,1141.41,1.115,1008.73,174.73,0.18,7.74,Light
SUB6081820,9006.42,8.795,8979.34,239.27,1.64,0.0,Heavy
SUB6266662,1791.0,1.749,1522.93,251.01,4.16,41.33,Light
SUB3250397,449.94,0.439,194.01,161.12,0.0,20.45,Very_Light
SUB9291860,2614.45,2.553,2285.62,249.0,0.31,81.75,Moderate
SUB9843026,963.78,0.941,478.71,428.16,0.92,17.12,Light
SUB8726360,5745.51,5.611,4370.14,758.7,17.56,146.66,Heavy
SUB8846613,1025.14,1.001,846.77,127.12,0.43,48.46,Light
SUB2472542,2713.71,2.65,2227.46,219.11,38.42,289.12,Moderate
SUB9333648,1987.57,1.941,1384.1,519.83,21.89,3.15,Light
SUB5473014,278.64,0.272,221.74,8.02,7.23,8.6,Very_Light
SUB1562621,6780.09,6.621,6527.44,359.83,2.51,14.16,Heavy
SUB4529801,396.71,0.387,212.94,42.31,8.86,83.73,Very_Light
SUB5808163,1208.64,1.18,1005.61,133.26,1.48,0.0,Light
SUB7284851,1578.1,1.541,1448.98,15.39,1.53,4.81,Light
SUB2598099,1841.26,1.798,1242.59,302.02,6.22,57.37,Light
SUB2195885,639.55,0.625,392.99,144.01,0.94,1.84,Light
SUB4898190,2511.75,2.453,2504.85,63.73,1.11,13.22,Moderate
SUB8386133,27793.79,27.142,30339.94,351.37,39.56,40.31,Power_User
SUB4388445,14126.63,13.796,12671.24,832.27,6.28,70.64,Power_User
SUB3742974,2601.06,2.54,2161.41,235.3,1.62,14.69,Moderate
SUB9197590,1666.51,1.627,891.5,334.69,1.48,210.82,Light
SUB9182535,287.13,0.28,67.71,142.09,0.72,11.82,Very_Light
SUB9066513,418.48,0.409,138.16,218.14,4.15,8.6,Very_Light
SUB3584182,2391.97,2.336,1870.01,216.19,15.07,70.36,Moderate
SUB5363089,3900.4,3.809,2561.75,1347.78,10.56,56.27,Moderate
SUB3797921,1689.64,1.65,1375.26,203.79,1.12,9.03,Light
SUB9657768,10559.78,10.312,10008.19,927.58,14.97,291.41,Power_User
SUB1441904,1178.11,1.15,306.55,764.65,2.15,24.08,Light
SUB6070414,342.14,0.334,134.44,182.63,2.02,5.49,Very_Light
SUB6092792,5433.46,5.306,4346.13,580.12,3.65,36.04,Heavy
SUB1578526,716.9,0.7,82.18,503.3,5.16,60.99,Light
SUB7612208,3439.4,3.359,2797.6,159.29,54.21,49.68,Moderate
SUB8587676,1667.48,1.628,1423.58,274.81,3.51,9.88,Light
SUB1837393,6022.3,5.881,5831.91,286.97,9.93,47.41,Heavy
SUB6134544,465.18,0.454,41.34,321.57,1.77,63.88,Very_Light
SUB1814422,1664.14,1.625,1439.27,226.51,4.51,15.69,Light
SUB6305431,4849.59,4.736,4884.74,34.47,0.57,8.98,Moderate
SUB3263429,265.36,0.259,34.92,62.49,4.78,95.01,Very_Light
SUB4135812,484.41,0.473,319.76,96.51,2.49,4.14,Very_Light
SUB3938687,393.21,0.384,362.64,15.85,0.77,9.98,Very_Light
SUB6153435,520.99,0.509,397.57,67.69,2.14,17.17,Light
SUB2416842,576.15,0.563,372.32,118.83,9.49,7.96,Light
SUB4689024,15563.7,15.199,15161.67,268.42,7.58,456.49,Power_User
SUB5396650,7395.18,7.222,6116.04,1720.23,0.75,53.33,Heavy
SUB4702418,852.46,0.832,780.47,70.4,9.75,35.68,Light
SUB4641771,299.55,0.293,214.83,57.81,0.4,3.38,Very_Light
SUB7428099,912.31,0.891,461.0,352.67,2.54,15.51,Light
SUB5079441,478.53,0.467,317.18,99.67,0.19,30.09,Very_Light
SUB6356430,1102.34,1.077,909.01,101.79,7.7,17.78,Light
SUB7775602,145.82,0.142,36.05,55.43,1.8,19.04,Very_Light
SUB1960652,1545.57,1.509,688.66,553.61,3.98,101.13,Light
SUB3188370,2486.03,2.428,1780.37,525.93,2.15,53.01,Moderate
SUB7985945,14309.82,13.974,12261.4,925.73,1.33,166.1,Power_User
SUB4994528,1241.41,1.212,873.72,128.22,2.77,175.51,Light
SUB3076475,1948.57,1.903,1655.96,195.98,0.72,31.85,Light
SUB3141912,4253.04,4.153,3906.74,607.87,8.57,19.57,Moderate
SUB4144311,867.93,0.848,337.78,482.73,3.32,64.95,Light
SUB1285622,1431.28,1.398,1161.35,124.97,5.09,91.43,Light
SUB2962889,1060.82,1.036,900.96,15.71,0.79,89.81,Light
SUB2396436,1140.21,1.113,987.52,103.44,3.0,1.97,Light
SUB3195690,1474.95,1.44,1309.27,148.88,0.2,22.88,Light
SUB6170080,1537.81,1.502,1442.75,152.26,3.58,0.94,Light
SUB5705815,402.63,0.393,194.32,121.12,1.26,28.77,Very_Light
SUB3982410,2727.06,2.663,1955.16,753.94,10.28,1.64,Moderate
SUB7674192,2470.53,2.413,1996.5,337.23,12.31,11.82,Moderate
SUB2404355,2818.6,2.753,2206.71,282.85,2.34,17.12,Moderate
SUB6056093,1038.09,1.014,539.68,335.81,4.34,0.93,Light
SUB3464722,7662.69,7.483,5824.4,1241.78,2.4,247.7,Heavy
SUB7559442,7257.09,7.087,5013.36,766.42,0.0,880.17,Heavy
SUB6630761,4061.04,3.966,4136.63,149.09,19.47,72.69,Moderate
SUB3901092,1335.67,1.304,1155.53,141.74,0.18,1.43,Light
SUB2722907,1341.18,1.31,434.7,707.86,15.77,20.91,Light
SUB3870574,7555.62,7.379,6246.59,827.93,4.1,161.9,Heavy
SUB7882799,434.01,0.424,227.48,124.85,1.77,3.05,Very_Light
SUB8952017,275.47,0.269,88.21,87.93,1.47,19.5,Very_Light
SUB7921983,182.27,0.178,43.73,81.25,2.62,26.23,Very_Light
SUB7526925,325.31,0.318,73.56,51.7,3.1,126.52,Very_Light
SUB6365986,3980.46,3.887,3069.83,602.0,3.06,165.44,Moderate
SUB7759291,1593.05,1.556,1238.94,415.08,0.39,7.05,Light
SUB9343528,608.81,0.595,388.29,127.11,5.33,48.03,Light
SUB6532388,3161.07,3.087,2828.47,284.4,5.93,82.63,Moderate
SUB9020364,1446.09,1.412,1077.48,178.01,0.98,195.2,Light
SUB8451747,158.11,0.154,89.64,40.65,0.0,15.94,Very_Light
SUB4881857,402.19,0.393,184.78,77.42,0.07,71.63,Very_Light
SUB5537871,512.52,0.501,120.71,137.93,2.03,135.01,Light
SUB1291464,2663.4,2.601,1797.57,382.68,24.69,403.18,Moderate
SUB5739400,1439.65,1.406,1067.7,245.81,2.82,16.5,Light
SUB1118581,4537.18,4.431,3638.47,99.12,8.42,872.29,Moderate
SUB6370807,1162.23,1.135,825.12,204.64,0.0,153.3,Light
SUB4852256,2154.07,2.104,2062.61,87.81,0.58,30.33,Moderate
SUB9727148,1105.85,1.08,903.98,66.73,0.14,8.89,Light
SUB1501590,992.95,0.97,903.04,101.7,2.32,0.0,Light
SUB4360492,2886.97,2.819,2626.47,157.62,0.87,119.8,Moderate
SUB1872328,672.75,0.657,516.21,110.68,5.74,24.13,Light
SUB5809479,228.75,0.223,115.14,111.45,1.28,1.86,Very_Light
SUB4110691,4382.42,4.28,3426.48,1102.99,3.09,129.55,Moderate
SUB2358097,2381.77,2.326,2131.02,140.87,1.45,2.45,Moderate
SUB9313157,614.91,0.6,372.16,181.55,0.5,0.0,Light
SUB2294315,21112.4,20.618,19445.23,705.58,7.29,28.1,Power_User
SUB7087595,571.44,0.558,493.34,80.83,2.79,7.22,Light
SUB3575508,7936.24,7.75,7236.27,76.84,9.06,0.88,Heavy
SUB5510784,4117.96,4.021,4374.01,77.38,21.95,5.44,Moderate
SUB1164074,5051.31,4.933,4113.07,652.99,40.74,2.46,Moderate
SUB3570466,3479.64,3.398,2985.54,573.54,1.45,37.14,Moderate
SUB4287093,534.66,0.522,227.51,152.41,2.9,0.0,Light
SUB2017481,14400.27,14.063,10731.31,2289.28,38.56,7.97,Power_User
SUB4594804,201.84,0.197,142.89,11.13,2.27,16.78,Very_Light
SUB9451115,5089.38,4.97,4644.19,580.0,15.71,1.21,Moderate
SUB3338377,482.1,0.471,288.02,103.33,0.0,33.28,Very_Light
SUB1806564,2017.3,1.97,1275.26,696.32,7.41,9.51,Light
SUB4918949,5370.22,5.244,5142.47,390.19,3.02,32.8,Heavy
SUB7047511,569.49,0.556,402.22,83.06,5.36,38.64,Light
SUB1737954,964.91,0.942,513.39,423.59,1.03,11.0,Light
SUB3908056,2990.28,2.92,2654.79,171.94,1.1,21.4,Moderate
SUB8840130,3519.74,3.437,2420.33,957.64,10.57,44.06,Moderate
SUB9357998,1567.95,1.531,1111.56,316.78,14.72,103.49,Light
SUB6934261,15233.24,14.876,15068.54,48.75,6.78,49.38,Power_User
SUB5510579,1069.62,1.045,957.36,33.79,6.17,14.66,Light
SUB8563493,2139.49,2.089,1976.18,179.57,0.0,35.26,Moderate
SUB3535232,942.29,0.92,704.75,119.72,0.84,59.41,Light
SUB8704694,1458.93,1.425,1286.16,14.0,0.27,19.53,Light
SUB3378907,364.99,0.356,186.83,69.14,1.22,24.86,Very_Light
SUB7990607,502.98,0.491,51.83,358.35,1.23,29.72,Very_Light
SUB5532688,760.9,0.743,657.55,59.98,5.32,3.89,Light
SUB8579751,1599.28,1.562,1296.86,106.0,4.97,9.01,Light
SUB8133131,455.7,0.445,210.1,103.2,17.58,88.56,Very_Light
SUB3363162,1898.08,1.854,1721.74,24.53,0.25,7.82,Light
SUB5881909,6394.85,6.245,5590.41,830.49,1.22,1.61,Heavy
SUB6680820,2740.6,2.676,2416.36,38.93,14.51,8.83,Moderate
SUB3692794,531.82,0.519,278.93,88.11,6.84,49.1,Light
SUB3345704,3814.69,3.725,3306.29,251.31,1.28,111.19,Moderate
SUB9811940,186.02,0.182,70.84,70.26,0.0,5.08,Very_Light
SUB9220038,5278.25,5.155,4619.49,117.92,0.36,5.06,Heavy
SUB9277983,1753.22,1.712,1547.7,123.28,6.19,19.99,Light
SUB1292575,156.95,0.153,93.13,10.85,0.13,11.41,Very_Light
SUB2459700,3470.75,3.389,2870.85,235.44,10.04,282.4,Moderate
SUB9417944,1733.73,1.693,1549.65,193.51,10.2,12.55,Light
SUB4201078,1284.88,1.255,1056.26,178.55,3.82,76.63,Light
SUB3607622,535.86,0.523,141.07,241.15,3.85,59.64,Light
SUB2886963,20659.06,20.175,20190.82,276.36,7.56,40.24,Power_User
SUB6304120,1728.19,1.688,1727.96,78.03,1.01,2.17,Light
SUB3772605,396.11,0.387,192.16,86.99,3.0,0.0,Very_Light
SUB2447947,406.12,0.397,125.45,203.04,2.39,35.57,Very_Light
SUB6813775,3179.26,3.105,1825.02,847.03,5.13,111.2,Moderate
SUB8242447,885.71,0.865,517.97,186.57,2.07,85.46,Light
SUB9278499,2940.5,2.872,2829.99,168.96,1.05,0.0,Moderate
SUB7472652,2997.68,2.927,2467.83,302.21,0.14,66.51,Moderate
SUB7606470,1638.81,1.6,1159.56,278.77,0.59,284.84,Light
SUB2498339,2232.07,2.18,1292.23,622.43,12.33,114.06,Moderate
SUB1676296,2310.67,2.257,1532.45,663.9,1.61,38.14,Moderate
SUB1379039,670.41,0.655,554.79,37.56,0.6,31.72,Light
SUB1528714,9157.98,8.943,8162.23,226.72,20.94,283.95,Heavy
SUB8035655,5371.97,5.246,4943.61,109.97,19.05,11.26,Heavy
SUB9368352,1222.95,1.194,683.31,319.96,0.55,118.62,Light
SUB3911190,9855.92,9.625,9848.95,796.81,9.56,27.27,Heavy
SUB9941047,4599.42,4.492,3504.53,639.04,0.33,58.59,Moderate
SUB5142535,1009.4,0.986,535.65,452.69,2.9,5.83,Light
SUB1273452,1297.35,1.267,211.04,1019.87,5.03,57.19,Light
SUB5371047,7740.69,7.559,6946.83,297.91,1.21,209.56,Heavy
SUB8184872,938.78,0.917,798.67,128.43,1.96,3.02,Light
SUB3189921,11472.01,11.203,11927.8,229.15,10.66,123.43,Power_User
SUB8427297,2670.24,2.608,1418.92,1109.46,5.07,47.48,Moderate
SUB4198156,2702.95,2.64,2442.24,143.38,19.71,4.48,Moderate
SUB6801038,2285.0,2.231,2147.92,104.83,7.52,42.44,Moderate
SUB5822139,3630.9,3.546,3002.22,637.99,0.61,55.11,Moderate
SUB5954582,3414.51,3.334,1800.25,1253.16,13.97,92.33,Moderate
SUB1762371,1670.07,1.631,1503.45,122.84,0.51,44.58,Light
SUB4257945,9761.28,9.532,8254.28,770.93,0.35,62.53,Heavy
SUB9279143,546.78,0.534,195.41,159.97,0.85,73.06,Light
SUB6661064,4586.83,4.479,2887.16,1468.01,1.57,128.49,Moderate
SUB4768950,264.75,0.259,129.73,120.11,0.69,0.0,Very_Light
SUB1142980,1008.39,0.985,427.23,473.72,1.01,14.26,Light
SUB7500785,1865.24,1.822,1583.71,364.74,0.44,10.75,Light
SUB1257354,1188.73,1.161,734.71,329.23,0.16,39.09,Light
SUB8863438,1890.71,1.846,1238.47,555.44,3.73,21.04,Light
SUB6954075,4144.41,4.047,2190.4,2035.76,20.15,5.3,Moderate
SUB8972368,2921.28,2.853,2082.78,381.84,34.7,273.37,Moderate
SUB3235883,273.05,0.267,8.98,150.9,2.39,12.65,Very_Light
SUB1764265,2266.19,2.213,1028.0,967.73,3.25,315.17,Moderate
SUB7630840,5065.38,4.947,4532.87,839.3,23.41,17.2,Moderate
SUB6668889,1911.34,1.867,1752.39,144.35,3.26,0.67,Light
SUB1308617,11141.71,10.881,10803.16,1003.83,31.38,166.04,Power_User
SUB1744748,1674.02,1.635,1437.05,123.01,14.49,0.0,Light
SUB6087692,5440.44,5.313,3909.52,1419.46,2.86,57.71,Heavy
SUB1734275,535.07,0.523,360.86,72.04,4.49,10.28,Light
SUB7214638,1195.42,1.167,1035.49,66.64,0.62,50.71,Light
SUB9987114,5586.84,5.456,4971.12,417.48,0.17,419.11,Heavy
SUB6439296,375.78,0.367,132.96,172.1,3.62,0.0,Very_Light
SUB7194224,8770.27,8.565,7684.01,312.85,0.83,78.62,Heavy
SUB9945326,2900.59,2.833,2475.84,357.85,3.53,28.44,Moderate
SUB7024293,4473.0,4.368,3775.89,846.09,0.29,3.52,Moderate
SUB7193367,2440.71,2.384,1675.81,789.8,14.17,17.02,Moderate
SUB6318331,2527.63,2.468,2315.42,244.75,5.4,7.39,Moderate
SUB9741022,1033.85,1.01,695.32,214.73,4.4,51.26,Light
SUB3963944,914.83,0.893,569.44,233.69,2.19,16.31,Light
SUB4948401,4146.98,4.05,3591.99,524.65,8.8,98.56,Moderate
SUB1124932,417.22,0.407,222.41,55.68,1.01,105.55,Very_Light
SUB6234259,4911.3,4.796,3831.24,698.19,6.41,27.64,Moderate
SUB9656691,1086.14,1.061,955.6,44.96,1.44,5.12,Light
SUB7850807,1856.14,1.813,1680.92,187.35,0.2,84.01,Light
SUB7280757,778.89,0.761,574.92,71.47,0.31,77.63,Light
SUB7784672,3097.18,3.025,2183.58,407.0,4.78,281.06,Moderate
SUB4877809,2366.68,2.311,1638.52,622.29,4.33,12.45,Moderate
SUB5876709,1472.49,1.438,1153.13,208.08,0.82,40.14,Light
SUB3592316,484.71,0.473,303.88,135.79,0.19,18.22,Very_Light
SUB6895725,856.79,0.837,794.65,79.71,1.16,8.32,Light
SUB9677828,178.58,0.174,98.08,51.37,1.12,3.95,Very_Light
SUB6438757,2836.49,2.77,2571.2,215.57,0.28,69.9,Moderate
SUB3664749,6497.43,6.345,4626.45,1845.17,6.46,42.8,Heavy
SUB7728926,459.31,0.449,363.13,56.05,0.93,23.97,Very_Light
SUB4999453,6611.99,6.457,5807.0,895.49,1.96,162.31,Heavy
SUB8246813,822.05,0.803,573.45,146.59,0.0,0.0,Light
SUB3921989,1549.1,1.513,549.87,1004.8,1.24,7.34,Light
SUB1984156,1428.43,1.395,879.17,425.35,3.55,44.81,Light
SUB4713543,786.84,0.768,582.71,147.43,3.99,44.38,Light
SUB2203920,4357.96,4.256,3823.25,94.84,8.46,80.46,Moderate
SUB4108591,5830.09,5.693,4036.6,1298.58,12.76,634.66,Heavy
SUB1747852,1342.16,1.311,1186.03,19.5,0.77,30.34,Light
SUB6296990,549.7,0.537,279.44,138.76,21.68,43.36,Light
SUB7928655,1542.32,1.506,941.33,251.51,9.67,103.03,Light
SUB2821367,417.96,0.408,381.87,13.25,1.75,33.72,Very_Light
SUB4372863,10207.77,9.969,7921.81,1419.4,0.28,214.74,Heavy
SUB3899033,842.45,0.823,452.32,239.21,1.11,2.87,Light
SUB2578315,2670.87,2.608,2224.23,261.28,8.58,16.91,Moderate
SUB8427210,7569.31,7.392,6425.72,351.3,0.55,72.32,Heavy
SUB9298852,586.79,0.573,218.89,303.11,9.16,7.86,Light
SUB7093073,303.4,0.296,127.31,46.1,2.15,38.66,Very_Light
SUB2349590,5128.51,5.008,4276.86,627.85,19.1,8.02,Heavy
SUB6366645,1082.97,1.058,437.39,434.25,4.42,16.54,Light
SUB6629905,3873.32,3.783,2473.67,1190.74,3.14,21.2,Moderate
SUB4045529,18777.29,18.337,17425.87,769.87,1.02,463.79,Power_User
SUB6440107,1921.29,1.876,1469.43,285.56,4.78,12.05,Light
SUB8103260,1512.63,1.477,1147.96,143.27,3.17,22.17,Light
SUB8081530,5316.64,5.192,4743.66,226.68,1.02,1.77,Heavy
SUB3897706,6370.25,6.221,4746.23,1038.11,14.0,7.23,Heavy
SUB9282356,1317.07,1.286,962.99,305.44,1.24,10.35,Light
SUB4201473,900.51,0.879,626.75,140.9,0.69,24.84,Light
SUB7507660,2198.24,2.147,697.72,1612.16,52.64,22.63,Moderate
SUB2449991,3940.01,3.848,3579.58,67.19,11.09,2.22,Moderate
SUB7039523,246.31,0.241,65.13,126.58,5.59,0.0,Very_Light
SUB6353966,11068.77,10.809,9773.11,520.89,11.23,69.33,Power_User
SUB7747741,1004.43,0.981,231.33,615.13,4.29,45.09,Light
SUB6168554,1817.91,1.775,908.23,698.52,3.08,52.21,Light
SUB1424528,365.84,0.357,215.9,117.26,5.59,8.7,Very_Light
SUB8990001,892.43,0.872,842.97,45.19,6.36,19.05,Light
SUB7450219,1043.8,1.019,577.69,394.2,9.2,83.86,Light
SUB2650824,408.36,0.399,345.46,27.23,1.63,8.97,Very_Light
SUB6265481,617.16,0.603,508.94,89.46,3.16,1.78,Light
SUB7702692,462.53,0.452,337.14,9.0,1.49,14.64,Very_Light
SUB9527835,2590.14,2.529,2021.59,127.04,2.29,51.99,Moderate
SUB2773055,356.94,0.349,195.33,107.95,0.27,20.7,Very_Light
SUB6192859,1162.99,1.136,309.17,640.19,6.16,7.51,Light
SUB1281854,271.62,0.265,119.57,125.51,4.14,13.08,Very_Light
SUB7662314,1187.31,1.159,1084.02,118.78,2.07,25.01,Light
SUB6830395,862.57,0.842,545.61,127.86,0.28,161.93,Light
SUB2657153,4233.69,4.134,3055.99,891.45,7.18,68.4,Moderate
SUB8083610,1784.94,1.743,805.8,717.25,0.12,5.68,Light
SUB8842680,2139.85,2.09,1862.67,146.01,12.66,72.61,Moderate
SUB2806684,617.2,0.603,267.28,183.83,2.58,36.89,Light
SUB2809858,1197.86,1.17,314.87,795.84,0.95,29.09,Light
SUB1479083,7070.88,6.905,5666.93,732.08,0.57,2.47,Heavy
SUB2901740,1990.72,1.944,633.92,1314.42,25.52,1.54,Light
SUB6648393,1826.16,1.783,1702.47,176.36,3.26,36.32,Light
SUB7284725,340.88,0.333,226.75,45.81,4.09,0.76,Very_Light
SUB8752950,2895.11,2.827,2401.75,145.11,0.52,72.86,Moderate
SUB7709914,2774.56,2.71,670.78,2039.03,1.32,144.52,Moderate
SUB8395873,1468.1,1.434,1108.55,106.87,0.35,80.12,Light
SUB5584946,465.72,0.455,307.19,53.86,0.73,29.2,Very_Light
SUB9343199,494.04,0.482,262.51,233.58,2.88,3.23,Very_Light
SUB5301400,1185.13,1.157,1008.97,80.03,0.57,5.75,Light
SUB5641094,4079.54,3.984,3770.0,71.64,0.11,52.18,Moderate
SUB3707184,285.36,0.279,64.53,94.75,2.55,46.97,Very_Light
SUB8873491,457.78,0.447,315.91,50.64,0.67,35.74,Very_Light
SUB4770771,3971.07,3.878,2841.56,722.37,0.88,186.66,Moderate
SUB2540724,4951.51,4.835,4230.28,452.89,6.96,88.41,Moderate
SUB6875293,2567.94,2.508,1378.7,893.02,1.12,60.44,Moderate
SUB2965730,1919.34,1.874,1742.82,215.71,8.08,12.28,Light
SUB8343728,3772.14,3.684,3674.44,105.13,5.48,0.0,Moderate
SUB8097037,479.22,0.468,145.64,162.17,1.94,96.0,Very_Light
SUB5062224,170.03,0.166,37.58,108.89,0.29,16.73,Very_Light
SUB2094316,2017.63,1.97,1305.14,592.87,1.66,127.99,Light
SUB5300915,948.11,0.926,537.69,371.11,1.09,10.53,Light
SUB7760403,3531.05,3.448,3293.3,268.32,38.44,14.33,Moderate
SUB7620241,2805.3,2.74,1213.36,1405.09,15.6,7.98,Moderate
SUB2636675,960.9,0.938,177.82,703.64,46.84,76.4,Light
SUB1801849,1569.28,1.532,1024.15,234.25,11.65,18.93,Light
SUB2161068,8469.82,8.271,6647.08,978.44,4.7,7.88,Heavy
SUB8370131,320.44,0.313,126.75,76.25,0.85,42.35,Very_Light
SUB2035891,1585.87,1.549,850.2,481.62,0.85,63.88,Light
SUB1753494,26410.77,25.792,27055.07,1953.64,6.81,19.12,Power_User
SUB9811785,535.59,0.523,322.1,121.02,1.77,16.87,Light
SUB8611432,1528.09,1.492,1256.81,218.91,14.0,12.82,Light
SUB4704697,3746.71,3.659,3207.35,701.81,13.15,85.29,Moderate
SUB6277420,5721.64,5.588,4412.63,1601.56,2.92,41.51,Heavy
SUB6327580,1027.68,1.004,315.14,726.29,8.39,3.36,Light
SUB8272003,1873.71,1.83,238.72,1383.01,5.61,176.71,Light
SUB2760511,1148.88,1.122,971.61,164.1,1.66,20.96,Light
SUB4541815,836.06,0.816,307.65,390.84,7.52,33.34,Light
SUB9434610,1304.18,1.274,777.81,420.65,2.79,7.36,Light
SUB8389844,514.58,0.503,414.54,36.48,0.73,12.56,Light
SUB5610146,222.73,0.218,145.47,25.74,0.82,13.01,Very_Light
SUB5139289,1199.9,1.172,961.53,159.5,8.73,0.0,Light
SUB6351826,517.92,0.506,499.66,25.4,1.58,7.65,Light
SUB7390459,1578.26,1.541,1293.72,316.71,12.12,4.5,Light
SUB2784006,1988.95,1.942,1595.13,372.96,0.41,106.57,Light
SUB7072310,3422.45,3.342,2790.81,248.95,5.48,3.55,Moderate
SUB5913478,1137.06,1.11,780.11,147.18,1.22,126.97,Light
SUB9303143,1841.12,1.798,1173.89,598.94,38.55,53.57,Light
SUB7353300,25724.33,25.121,25146.72,1167.21,25.08,55.61,Power_User
SUB6968333,1948.31,1.903,1530.51,379.43,9.85,28.0,Light
SUB7210958,9545.72,9.322,7851.21,998.03,27.61,66.04,Heavy
SUB7601457,884.97,0.864,344.89,554.43,1.4,15.56,Light
SUB7679155,1714.66,1.674,806.45,404.01,4.84,284.35,Light
SUB6737580,329.27,0.322,197.4,82.12,7.52,3.25,Very_Light
SUB6525724,726.16,0.709,494.17,30.22,7.02,34.7,Light
SUB7025095,439.0,0.429,252.71,120.45,2.75,36.35,Very_Light
SUB1225391,5554.22,5.424,4999.83,87.51,11.5,1.27,Heavy
SUB7698541,1827.48,1.785,562.56,796.29,0.47,310.79,Light
SUB1191387,492.38,0.481,300.07,87.06,2.23,1.2,Very_Light
SUB4632632,3587.77,3.504,3654.22,147.01,4.6,75.35,Moderate
SUB5608474,2241.0,2.188,2157.95,63.06,20.77,36.73,Moderate
SUB3535394,4902.65,4.788,3458.69,863.07,12.19,8.07,Moderate
SUB6596526,5180.05,5.059,4106.94,500.18,8.15,32.87,Heavy
SUB4291070,1630.08,1.592,745.75,672.49,0.19,10.43,Light
SUB1686268,4252.71,4.153,3570.62,303.4,4.39,148.84,Moderate
SUB1801955,620.46,0.606,379.67,169.56,5.49,10.15,Light
SUB3013148,3461.68,3.381,2626.06,711.5,1.26,0.65,Moderate
SUB7835735,4838.74,4.725,3476.74,1048.34,3.0,10.2,Moderate
SUB5467223,2484.9,2.427,2213.68,380.74,3.27,0.0,Moderate
SUB3444291,535.7,0.523,225.77,171.42,0.51,32.82,Light
SUB1147745,5178.87,5.057,4815.03,38.18,0.98,156.09,Heavy
SUB4792824,1696.15,1.656,1137.08,240.13,0.45,193.4,Light
SUB1137686,1453.49,1.419,904.58,343.79,25.69,0.0,Light
SUB6250295,2363.75,2.308,2153.77,152.75,5.65,0.75,Moderate
SUB5151923,3611.88,3.527,3510.41,182.41,45.8,11.03,Moderate
SUB6679980,5212.9,5.091,3974.44,686.31,3.87,50.92,Heavy
SUB6149534,3230.29,3.155,3158.31,107.23,24.38,23.37,Moderate
SUB4314344,684.18,0.668,371.46,245.18,1.41,27.49,Light
SUB1049976,3917.78,3.826,2789.28,1071.67,8.17,8.98,Moderate
SUB3522620,5739.2,5.605,5276.77,588.05,8.34,84.62,Heavy
SUB3027320,24232.43,23.664,21081.5,1561.48,8.06,143.82,Power_User
SUB2812105,636.32,0.621,153.45,266.17,20.34,147.2,Light
SUB6761703,784.56,0.766,668.57,14.6,8.01,28.17,Light
SUB2947238,15328.67,14.969,13221.48,705.39,2.36,229.03,Power_User
SUB7330034,2023.36,1.976,1653.72,194.67,6.29,258.07,Light
SUB5809045,1663.38,1.624,1178.6,198.66,20.83,151.77,Light
SUB9597467,1065.98,1.041,622.6,370.32,0.15,1.02,Light
SUB7402891,1382.56,1.35,1273.46,131.73,2.48,43.87,Light
SUB8031845,1214.47,1.186,537.59,563.07,1.43,21.75,Light
SUB6394418,276.74,0.27,124.25,81.47,0.45,10.92,Very_Light
SUB1045475,6015.98,5.875,5338.5,371.36,5.72,22.47,Heavy
SUB9080552,2066.86,2.018,1720.6,139.29,0.57,14.88,Moderate
SUB4303364,1216.53,1.188,479.85,625.86,1.84,63.18,Light
SUB6396364,10175.07,9.937,10168.22,327.83,11.72,169.9,Heavy
SUB4239254,6728.0,6.57,4234.5,1663.56,5.98,206.64,Heavy
SUB2099577,619.41,0.605,371.7,195.2,5.4,12.95,Light
SUB7483485,1335.25,1.304,1195.62,145.65,1.29,60.92,Light
SUB5623037,4006.96,3.913,2220.37,1546.35,6.1,56.08,Moderate
SUB7959972,1366.65,1.335,1117.14,168.26,12.08,32.76,Light
SUB8232024,4789.69,4.677,4759.69,260.14,10.69,36.72,Moderate
SUB2602970,2344.65,2.29,1818.66,451.32,33.71,3.14,Moderate
SUB9191922,526.92,0.515,350.8,143.26,2.28,36.67,Light
SUB9274125,6920.36,6.758,5047.56,925.13,19.24,504.91,Heavy
SUB2531064,1032.43,1.008,664.21,293.1,2.85,4.3,Light
SUB5411887,1889.61,1.845,1666.01,152.07,3.74,140.71,Light
SUB9615797,2132.07,2.082,1870.86,175.87,0.63,92.02,Moderate
SUB3076198,815.49,0.796,737.14,81.17,1.37,6.16,Light
SUB8466511,1565.6,1.529,1191.8,289.65,22.61,60.58,Light
SUB2468919,1545.93,1.51,440.07,714.5,2.03,361.17,Light
SUB4281941,226.38,0.221,124.68,80.86,0.76,15.56,Very_Light
SUB4410580,643.19,0.628,352.29,128.42,5.79,27.0,Light
SUB5999111,5621.13,5.489,5018.96,477.53,0.47,407.09,Heavy
SUB4685104,4067.88,3.973,3693.99,326.97,6.61,82.32,Moderate
SUB8659791,2849.57,2.783,1359.91,1680.2,4.24,9.5,Moderate
SUB2420858,600.15,0.586,410.83,81.95,0.2,10.6,Light
SUB2748982,2211.53,2.16,930.64,731.05,0.72,263.35,Moderate
SUB7563614,206.93,0.202,100.18,53.07,2.17,7.72,Very_Light
SUB5896799,1174.12,1.147,1075.67,200.91,1.63,3.89,Light
SUB9466685,1593.16,1.556,1137.69,128.63,4.18,143.8,Light
SUB8479816,5315.08,5.191,4963.08,305.77,15.23,31.33,Heavy
SUB7007509,772.92,0.755,321.37,351.35,0.58,16.8,Light
SUB5445818,202.3,0.198,156.0,3.81,1.02,4.76,Very_Light
SUB6122964,1242.26,1.213,791.49,199.23,5.05,189.05,Light
SUB7433636,4577.78,4.47,2193.97,2395.45,0.89,112.13,Moderate
SUB5095077,172.39,0.168,63.6,33.27,0.32,46.26,Very_Light
SUB7263998,826.25,0.807,487.6,212.32,3.52,11.25,Light
SUB5630232,1407.08,1.374,1122.74,133.16,0.88,29.97,Light
SUB1920114,1328.74,1.298,970.51,178.27,1.28,16.7,Light
SUB9990499,95.17,0.093,21.54,43.61,0.25,1.34,Very_Light
SUB9147047,311.71,0.304,132.08,71.92,0.0,12.0,Very_Light
SUB3182926,7299.34,7.128,7305.24,284.27,4.85,20.03,Heavy
SUB3485670,1292.72,1.262,943.37,104.04,3.15,113.66,Light
SUB4344250,1950.51,1.905,1680.8,110.27,1.79,8.79,Light
SUB5023278,7824.18,7.641,7347.27,616.4,3.32,105.65,Heavy
SUB1537977,10146.17,9.908,9436.52,1458.0,2.06,63.0,Heavy
SUB4668280,2574.28,2.514,2453.11,41.86,1.28,18.18,Moderate
SUB3723408,297.04,0.29,247.38,15.06,0.37,0.44,Very_Light
SUB5784808,14303.83,13.969,11227.61,2183.31,5.16,18.95,Power_User
SUB7637640,292.5,0.286,76.02,154.9,2.58,42.27,Very_Light
SUB7837388,5435.16,5.308,4831.09,269.37,7.5,118.44,Heavy
SUB5654419,1963.36,1.917,1730.36,158.38,5.0,19.97,Light
SUB9430899,6255.84,6.109,5197.37,484.87,2.11,31.69,Heavy
SUB5622580,12150.26,11.865,11948.62,1008.67,11.46,147.27,Power_User
SUB5589058,2506.42,2.448,2531.3,87.64,8.69,13.08,Moderate
SUB8245136,17237.02,16.833,16644.92,365.3,1.52,459.58,Power_User
SUB9379966,1076.24,1.051,457.56,584.39,13.31,13.19,Light
SUB3122827,880.51,0.86,496.04,226.5,20.17,3.6,Light
SUB8432300,279.41,0.273,146.86,54.42,0.25,11.06,Very_Light
SUB8637174,7744.04,7.563,6774.69,682.35,0.32,48.14,Heavy
SUB1708672,191.06,0.187,31.65,109.15,1.3,0.0,Very_Light
SUB7921154,17449.42,17.04,16191.3,748.22,15.21,12.08,Power_User
SUB9725977,6046.11,5.904,4273.33,1121.5,12.17,9.58,Heavy
SUB5507167,478.25,0.467,352.98,81.36,5.72,50.55,Very_Light
SUB3227039,5270.1,5.147,4178.3,587.66,3.33,26.76,Heavy
SUB1296063,3300.56,3.223,1720.95,1269.86,16.06,307.93,Moderate
SUB2383875,3308.55,3.231,3008.85,254.7,3.16,3.5,Moderate
SUB7625169,296.7,0.29,102.97,132.13,0.21,19.16,Very_Light
SUB2876336,6459.71,6.308,5314.56,1065.3,6.86,217.18,Heavy
SUB8541586,18766.98,18.327,16991.91,87.02,15.44,54.76,Power_User
SUB4956778,1196.76,1.169,714.01,347.18,8.4,8.66,Light
SUB3887757,1204.93,1.177,1015.13,67.21,1.97,3.22,Light
SUB3468665,14899.58,14.55,12704.85,1099.6,7.38,108.08,Power_User
SUB7472973,1109.87,1.084,674.98,414.16,1.58,10.37,Light
SUB1692924,5746.9,5.612,5715.83,30.73,4.26,168.06,Heavy
SUB3570115,14922.48,14.573,13665.64,407.22,15.64,344.02,Power_User
SUB2661655,1559.61,1.523,914.01,514.86,11.06,52.5,Light
SUB8499066,2470.18,2.412,1281.6,1289.32,4.71,10.14,Moderate
SUB5672412,5444.09,5.316,4579.63,410.53,14.58,265.26,Heavy
SUB4100498,2682.61,2.62,1893.13,532.29,1.42,10.81,Moderate
SUB8181479,1127.99,1.102,1017.59,101.89,6.93,2.58,Light
SUB4811666,3320.81,3.243,3294.7,270.47,7.9,4.25,Moderate
SUB4819712,9660.4,9.434,9192.07,360.03,6.49,30.07,Heavy
SUB2033668,85.26,0.083,56.32,16.45,0.0,1.13,Very_Light
SUB8712079,4832.11,4.719,3396.74,1037.47,33.91,183.91,Moderate
SUB6604327,1524.09,1.488,1218.38,191.78,1.63,56.31,Light
SUB3473199,2365.26,2.31,1966.02,356.6,37.48,3.17,Moderate
SUB9271330,1930.07,1.885,1390.86,364.71,3.36,39.94,Light
SUB9686283,2069.27,2.021,946.07,1182.18,11.7,1.68,Moderate
SUB1708175,1375.47,1.343,986.79,160.5,13.36,75.68,Light
SUB2867306,423.34,0.413,334.75,75.7,0.95,7.41,Very_Light
SUB9652233,528.04,0.516,487.47,42.32,0.27,2.07,Light
SUB1842840,4510.87,4.405,4264.04,511.85,14.34,82.74,Moderate
SUB5394643,745.44,0.728,547.76,97.48,6.03,0.0,Light
SUB6889118,148.3,0.145,79.35,58.0,0.3,0.0,Very_Light
SUB6128643,21478.48,20.975,21117.55,778.91,1.09,379.69,Power_User
SUB1125355,1205.18,1.177,1232.33,31.66,11.29,2.43,Light
SUB5222102,400.13,0.391,225.11,92.44,1.46,7.08,Very_Light
SUB1615937,684.04,0.668,307.0,251.95,5.41,10.82,Light
SUB2375607,4564.69,4.458,3919.87,349.88,5.64,146.0,Moderate
SUB1019477,3737.05,3.649,3240.42,485.25,0.15,1.45,Moderate
SUB4556210,924.09,0.902,719.19,55.99,5.17,48.15,Light
SUB7508856,3066.97,2.995,2852.54,235.3,0.82,23.85,Moderate
SUB3487111,645.47,0.63,564.43,70.8,0.33,1.62,Light
SUB3009606,757.01,0.739,677.82,30.27,2.94,12.0,Light
SUB2559757,86.73,0.085,50.27,14.55,0.14,1.28,Very_Light
SUB8315830,779.19,0.761,561.82,59.15,15.4,15.76,Light
SUB7156738,8779.3,8.574,8296.36,337.14,28.14,51.42,Heavy
SUB4432207,2691.38,2.628,2396.81,179.16,2.91,33.02,Moderate
SUB7171638,4371.93,4.269,3193.27,1144.83,3.88,11.04,Moderate
SUB2881297,3434.97,3.354,2947.5,528.14,3.83,32.28,Moderate
SUB7083059,664.62,0.649,181.28,384.19,2.64,34.83,Light
SUB5529275,4463.27,4.359,4330.41,340.35,2.85,208.31,Moderate
SUB9519792,4356.64,4.255,2688.18,1227.97,12.04,192.58,Moderate
SUB2135627,898.23,0.877,832.36,72.64,0.44,26.97,Light
SUB1245300,13428.69,13.114,11703.06,1062.52,4.26,3.16,Power_User
SUB9972618,3493.62,3.412,3304.46,193.97,3.05,54.6,Moderate
SUB1092036,951.03,0.929,605.87,279.91,0.89,36.52,Light
SUB6995802,1143.7,1.117,667.23,339.45,0.35,40.35,Light
SUB7439051,1374.45,1.342,1088.68,155.3,18.8,42.25,Light
SUB1853392,11029.93,10.771,11295.54,586.76,14.27,79.59,Power_User
SUB7015877,391.58,0.382,259.41,33.95,3.33,30.89,Very_Light
SUB9670304,4360.6,4.258,3813.59,114.21,3.28,35.57,Moderate
SUB4662340,1601.18,1.564,672.82,778.43,0.3,131.67,Light
SUB1154692,2246.27,2.194,1803.81,133.89,2.37,43.75,Moderate
SUB9362101,3418.0,3.338,3264.86,412.05,9.6,9.66,Moderate
SUB5457335,2052.91,2.005,1583.85,230.92,13.2,2.42,Moderate
SUB2657888,1637.59,1.599,848.15,373.01,24.36,214.62,Light
SUB3585917,2789.51,2.724,2314.81,373.77,3.53,42.97,Moderate
SUB9110129,2002.41,1.955,1736.41,326.54,2.02,107.48,Light
SUB7147560,355.56,0.347,132.09,114.54,7.15,5.11,Very_Light
SUB8946258,1689.17,1.65,1137.92,397.27,1.55,16.77,Light
SUB8557845,63.52,0.062,6.32,15.79,0.96,32.09,Very_Light
SUB2824964,1034.41,1.01,733.07,227.96,0.56,17.81,Light
SUB8724922,792.28,0.774,435.47,124.8,3.92,100.24,Light
SUB9152513,2050.13,2.002,1479.72,327.11,26.28,61.14,Moderate
SUB7789408,386.19,0.377,176.12,115.53,8.54,15.8,Very_Light
SUB5764812,1208.17,1.18,991.24,29.06,8.96,9.85,Light
SUB2568146,158.06,0.154,42.09,16.91,0.35,48.11,Very_Light
SUB1483455,8266.42,8.073,6979.93,908.07,22.53,126.48,Heavy
SUB5036405,1131.46,1.105,947.22,31.78,1.89,27.89,Light
SUB9935827,906.4,0.885,644.38,10.84,1.09,213.31,Light
SUB3186268,2074.4,2.026,1546.36,154.13,15.87,64.53,Moderate
SUB5445975,2324.88,2.27,2084.08,211.3,2.93,7.07,Moderate
SUB3871656,1650.18,1.612,1576.42,51.06,2.64,12.28,Light
SUB5708569,3699.3,3.613,2462.27,1030.0,5.56,9.83,Moderate
SUB4855933,253.2,0.247,63.43,94.29,3.03,35.47,Very_Light
SUB3326729,1786.72,1.745,1551.12,199.82,0.9,76.8,Light
SUB7695233,282.47,0.276,275.06,13.86,3.27,2.15,Very_Light
SUB9274437,5367.7,5.242,4443.18,484.45,29.42,173.59,Heavy
SUB4907129,14876.31,14.528,13389.21,176.54,17.93,99.99,Power_User
SUB1095556,3395.97,3.316,2058.01,1074.74,6.34,86.43,Moderate
SUB6399869,418.29,0.408,271.1,126.0,7.62,1.35,Very_Light
SUB4469992,4808.91,4.696,3823.2,958.94,3.93,138.25,Moderate
SUB7139353,21866.44,21.354,21553.29,1696.5,4.23,12.28,Power_User
SUB1652755,13280.75,12.969,13044.57,842.57,14.81,15.94,Power_User
SUB4666344,10428.56,10.184,8981.36,1012.18,0.0,260.4,Power_User
SUB6650352,7919.41,7.734,7481.47,474.56,9.07,171.37,Heavy
SUB1743088,12135.52,11.851,11038.72,708.35,8.71,43.23,Power_User
SUB1059778,1514.08,1.479,791.59,356.93,4.31,225.52,Light
SUB6003361,574.46,0.561,343.03,208.57,0.32,24.77,Light
SUB9075042,2263.57,2.211,1364.3,730.2,5.47,0.0,Moderate
SUB8706113,665.48,0.65,450.75,6.94,0.47,3.81,Light
SUB3173513,1355.77,1.324,922.42,386.88,0.62,36.23,Light
SUB9910762,3338.94,3.261,2617.21,527.46,9.82,47.02,Moderate
SUB7913462,844.02,0.824,517.94,179.61,3.69,145.59,Light
SUB2011930,803.68,0.785,678.51,80.25,0.65,3.5,Light
SUB6862044,795.17,0.777,474.04,183.27,0.14,1.79,Light
SUB9280083,3234.93,3.159,841.4,1994.66,56.4,0.91,Moderate
SUB2785818,6099.7,5.957,4984.72,348.79,20.49,245.45,Heavy
SUB3951720,246.8,0.241,27.73,141.14,6.08,2.71,Very_Light
SUB3082963,1300.96,1.27,1009.12,235.1,62.85,14.26,Light
SUB6962859,6222.23,6.076,5868.53,305.63,1.69,12.81,Heavy
SUB5256146,5734.31,5.6,5294.1,691.22,2.5,112.93,Heavy
SUB1289134,2382.97,2.327,1896.81,329.09,11.17,37.31,Moderate
SUB8632285,1933.65,1.888,1800.4,48.04,22.59,8.11,Light
SUB5324660,6030.02,5.889,4309.38,1222.94,14.01,75.91,Heavy
SUB3866069,1272.17,1.242,819.18,183.59,0.37,116.32,Light
SUB1737090,3598.01,3.514,3510.07,103.53,0.79,12.56,Moderate
SUB4835598,3344.64,3.266,2813.15,500.89,1.73,157.79,Moderate
SUB5982042,11085.19,10.825,10313.55,439.17,1.93,30.0,Power_User
SUB2052425,9470.52,9.249,10005.59,239.33,4.05,99.37,Heavy
SUB7303816,683.31,0.667,148.5,416.5,11.0,54.42,Light
SUB1777567,1287.56,1.257,803.16,274.61,2.47,62.3,Light
SUB3716207,2154.63,2.104,895.54,921.78,4.59,87.2,Moderate
SUB7552901,463.82,0.453,123.02,37.78,13.23,225.84,Very_Light
SUB2749736,841.4,0.822,737.67,47.33,3.53,2.37,Light
SUB7721635,1203.17,1.175,920.49,223.83,0.42,8.54,Light
SUB1051707,1058.12,1.033,517.24,480.82,1.0,17.0,Light
SUB9669441,5461.66,5.334,3550.86,1440.5,5.24,38.41,Heavy
SUB7104128,7672.45,7.493,7062.8,192.78,10.0,50.43,Heavy
SUB2877145,14143.34,13.812,14395.81,100.95,12.65,15.88,Power_User
SUB7687666,4266.26,4.166,3324.53,511.39,0.34,525.45,Moderate
SUB1778799,100.85,0.098,32.67,25.54,0.14,0.73,Very_Light
SUB8079701,4755.18,4.644,3608.08,1590.84,1.0,18.1,Moderate
SUB1879459,1075.21,1.05,556.65,382.08,2.56,3.06,Light
SUB9249953,672.74,0.657,181.34,402.85,0.0,4.34,Light
SUB2822744,6128.64,5.985,5852.05,291.33,13.91,34.42,Heavy
SUB9167707,1721.27,1.681,1348.95,230.89,4.8,33.69,Light
SUB4843139,1166.86,1.14,973.21,181.32,14.76,2.63,Light
SUB5447395,328.92,0.321,208.79,88.16,0.59,29.31,Very_Light
SUB3361216,176.77,0.173,10.19,84.69,0.6,41.35,Very_Light
SUB8446153,2570.3,2.51,1775.16,759.11,7.35,215.8,Moderate
SUB3567587,1656.86,1.618,1136.27,415.11,2.62,132.85,Light
SUB1264237,3551.04,3.468,2757.85,649.81,0.46,96.7,Moderate
SUB5469353,711.38,0.695,365.91,68.75,5.16,195.17,Light
SUB5840351,1394.88,1.362,1168.72,202.29,1.15,1.07,Light
SUB3514719,3361.83,3.283,3285.7,187.66,75.06,3.5,Moderate
SUB2908911,1709.5,1.669,943.4,494.54,7.4,58.65,Light
SUB5002981,4340.88,4.239,3908.1,29.63,3.06,54.17,Moderate
SUB2419920,299.15,0.292,239.35,22.51,0.38,15.39,Very_Light
SUB9360777,533.65,0.521,422.18,29.29,4.82,54.14,Light
SUB3179441,4535.87,4.43,1898.33,2040.46,9.89,196.45,Moderate
SUB3737946,5506.68,5.378,4358.56,948.81,2.02,3.0,Heavy
SUB3088062,1232.16,1.203,850.18,221.43,3.99,145.3,Light
SUB2834907,5173.54,5.052,4341.7,190.56,20.82,56.05,Heavy
SUB9352110,1791.89,1.75,1479.22,416.82,5.61,7.79,Light
SUB4861774,5885.16,5.747,5309.02,814.78,0.99,51.88,Heavy
SUB4633795,700.83,0.684,396.84,87.54,7.51,135.54,Light
SUB4477084,358.74,0.35,269.94,30.07,3.87,17.26,Very_Light
SUB5327802,1671.27,1.632,1606.75,101.52,0.68,62.15,Light
SUB4399752,527.81,0.515,411.44,101.87,4.77,1.54,Light
SUB4800986,2753.53,2.689,781.87,1971.5,2.15,71.36,Moderate
SUB6332889,644.49,0.629,95.18,320.79,7.23,125.28,Light
SUB1723858,250.75,0.245,101.91,78.12,2.55,11.28,Very_Light
SUB1044816,2448.57,2.391,1760.84,782.85,6.75,39.01,Moderate
SUB1004138,1217.68,1.189,1067.25,50.56,6.61,37.37,Light
SUB5163960,1573.24,1.536,1270.69,123.17,8.57,57.8,Light
SUB8081905,19535.1,19.077,18811.69,234.85,1.54,457.43,Power_User
SUB4864044,7715.01,7.534,6766.97,1120.96,5.68,124.57,Heavy
SUB7647463,6166.59,6.022,5668.01,414.61,11.63,6.79,Heavy
SUB8088166,128.08,0.125,57.57,9.33,0.17,13.96,Very_Light
SUB1221552,167.11,0.163,52.28,45.69,0.16,13.69,Very_Light
SUB9432372,557.14,0.544,429.1,29.83,0.49,64.07,Light
SUB2897951,8202.25,8.01,8080.26,149.91,63.71,20.94,Heavy
SUB6862835,572.12,0.559,427.68,41.96,2.16,22.66,Light
SUB9705070,3632.95,3.548,2888.66,563.7,3.01,17.15,Moderate
SUB3157280,622.6,0.608,378.42,184.02,6.81,8.5,Light
SUB1808301,570.16,0.557,338.04,194.99,0.14,9.4,Light
SUB6476420,630.17,0.615,413.23,108.01,0.78,10.98,Light
SUB7296495,2211.87,2.16,1050.62,714.38,10.15,77.8,Moderate
SUB5346657,2441.56,2.384,2227.9,51.92,7.43,44.87,Moderate
SUB1112935,503.19,0.491,343.03,88.27,17.43,26.91,Very_Light
SUB9200252,3325.93,3.248,2695.46,510.62,0.53,25.43,Moderate
SUB3150205,1929.54,1.884,1136.66,535.52,4.53,48.03,Light
SUB6424441,145.34,0.142,38.87,33.31,2.1,28.65,Very_Light
SUB5280650,3941.08,3.849,3638.26,646.64,1.51,3.58,Moderate
SUB5523535,5066.85,4.948,4627.42,263.11,7.15,108.95,Moderate
SUB5752989,398.29,0.389,212.69,87.34,9.14,35.53,Very_Light
SUB5310518,16855.16,16.46,17624.41,610.65,17.41,26.48,Power_User
SUB2730085,990.68,0.967,373.15,348.93,0.12,142.97,Light
SUB3026110,697.76,0.681,559.02,159.27,7.59,5.52,Light
SUB6641379,1558.81,1.522,1150.11,265.19,6.3,34.84,Light
SUB9825150,1522.6,1.487,152.07,1367.8,2.71,13.47,Light
SUB6519948,4481.41,4.376,4109.13,351.18,0.31,69.93,Moderate
SUB7928887,615.04,0.601,508.02,67.59,1.23,3.46,Light
SUB5566701,2448.36,2.391,2337.37,250.82,3.63,12.51,Moderate
SUB9127333,20976.7,20.485,17996.54,951.56,2.88,3.62,Power_User
SUB3980672,1393.88,1.361,771.09,493.57,7.48,5.05,Light
SUB9236781,965.53,0.943,681.17,173.36,0.3,5.41,Light
SUB9815282,2949.29,2.88,2419.18,288.74,13.97,42.6,Moderate
SUB6202413,11379.57,11.113,10168.16,343.8,9.35,310.82,Power_User
SUB1082409,2847.8,2.781,865.67,1602.54,11.72,92.78,Moderate
SUB8363280,787.04,0.769,393.23,236.24,14.11,79.61,Light
SUB7766886,3397.9,3.318,2809.81,341.24,2.24,1.83,Moderate
SUB9212411,5558.39,5.428,4759.57,1137.15,3.61,38.66,Heavy
SUB6417755,2627.75,2.566,2108.48,393.07,3.62,55.53,Moderate
SUB6131104,2990.5,2.92,968.25,1781.85,3.25,55.02,Moderate
SUB4499701,853.18,0.833,651.25,186.6,0.91,33.21,Light
SUB2927716,4088.19,3.992,3007.03,576.13,3.76,211.26,Moderate
SUB6241684,200.65,0.196,24.94,120.88,3.16,12.25,Very_Light
SUB6081857,752.66,0.735,684.76,54.32,1.92,26.65,Light
SUB6759420,219.0,0.214,7.54,106.65,1.49,57.19,Very_Light
SUB6306490,2667.72,2.605,1988.77,395.9,4.56,14.77,Moderate
SUB7922981,1939.76,1.894,1420.45,328.63,14.41,1.4,Light
SUB8817209,1092.01,1.066,1073.36,10.49,1.27,12.63,Light
SUB5893091,1150.61,1.124,700.63,147.04,3.81,156.87,Light
SUB4800315,1234.33,1.205,809.87,165.22,15.7,181.66,Light
SUB7469723,1860.41,1.817,1650.06,246.95,1.38,22.91,Light
SUB7102545,2134.14,2.084,1650.1,330.01,6.25,101.01,Moderate
SUB3252641,12376.98,12.087,11013.54,234.68,0.29,27.67,Power_User
SUB1344126,181.2,0.177,20.27,84.61,8.54,24.47,Very_Light
SUB6107385,947.93,0.926,517.89,378.91,0.5,28.75,Light
SUB9074444,7942.58,7.756,6559.8,337.73,20.79,252.11,Heavy
SUB2137411,1738.72,1.698,1704.07,127.05,4.28,15.14,Light
SUB2670357,3549.8,3.467,3059.14,199.09,5.82,45.02,Moderate
SUB6939334,1168.38,1.141,821.19,242.74,2.91,7.54,Light
SUB7393404,2636.9,2.575,2227.72,154.3,5.56,248.3,Moderate
SUB4330922,7480.25,7.305,7209.0,965.87,0.47,2.21,Heavy
SUB5155479,680.27,0.664,316.05,239.28,2.86,39.86,Light
SUB6709635,2141.22,2.091,669.32,844.64,6.64,445.09,Moderate
SUB9686594,890.36,0.869,545.91,127.24,8.45,81.85,Light
SUB2315823,2019.91,1.973,1721.57,241.04,2.11,56.61,Light
SUB4433372,2173.27,2.122,1955.22,300.55,0.92,3.0,Moderate
SUB1770692,835.15,0.816,775.41,43.11,11.85,0.96,Light
SUB6867504,3354.88,3.276,2810.93,169.66,18.94,69.52,Moderate
SUB9817353,709.76,0.693,473.38,107.77,7.42,2.36,Light
SUB5832091,6013.71,5.873,5180.76,245.85,7.44,286.06,Heavy
SUB1673812,1221.09,1.192,748.23,301.75,6.4,5.19,Light
SUB3932977,14485.66,14.146,13765.76,628.71,13.55,110.97,Power_User
SUB8797698,1455.94,1.422,888.67,407.7,4.22,5.49,Light
SUB7982252,3204.51,3.129,2893.45,212.96,2.18,86.73,Moderate
SUB7616659,215.76,0.211,135.15,69.81,2.89,11.84,Very_Light
SUB4817042,5215.0,5.093,4839.11,318.21,1.78,2.69,Heavy
SUB5539170,811.71,0.793,410.32,327.26,5.87,8.24,Light
SUB5969411,2237.0,2.185,1724.92,351.36,1.08,5.12,Moderate
SUB1536644,6471.83,6.32,5834.14,587.28,15.91,10.81,Heavy
SUB1652416,1192.99,1.165,866.03,150.31,0.66,17.07,Light
SUB6210307,5093.31,4.974,3673.97,1505.78,17.71,0.0,Moderate
SUB9161562,532.32,0.52,337.39,59.92,5.49,55.01,Light
SUB2707542,1974.76,1.928,1619.57,268.61,1.39,87.1,Light
SUB5191896,10948.99,10.692,10133.49,167.36,19.04,306.11,Power_User
SUB7086932,562.22,0.549,366.9,106.15,0.69,0.0,Light
SUB2474620,702.78,0.686,256.49,252.64,3.14,64.64,Light
SUB2849395,3368.96,3.29,2138.2,939.0,4.28,24.07,Moderate
SUB7623063,17434.1,17.025,16569.46,333.51,5.62,54.0,Power_User
SUB1989336,509.82,0.498,353.56,42.85,1.68,1.53,Very_Light
SUB6224237,982.2,0.959,149.53,694.21,10.2,1.68,Light
SUB4138102,6061.73,5.92,5702.98,83.72,0.15,17.02,Heavy
SUB6160324,2104.47,2.055,1862.63,346.28,5.86,6.87,Moderate
SUB8421289,1255.98,1.227,599.42,597.97,3.93,40.37,Light
SUB9450361,9957.47,9.724,9838.45,72.75,1.4,39.74,Heavy
SUB6647183,13442.61,13.128,12378.99,2144.04,11.39,57.37,Power_User
SUB6666912,1815.26,1.773,1548.14,188.09,4.76,72.31,Light
SUB5318420,411.2,0.402,355.07,27.05,0.0,9.13,Very_Light
SUB6217084,5564.12,5.434,3523.51,1268.15,1.93,289.67,Heavy
SUB4205228,2904.76,2.837,2559.84,346.16,3.71,29.33,Moderate
SUB6299238,37866.79,36.979,32959.84,1700.88,8.39,53.1,Power_User
SUB9882600,767.55,0.75,514.35,244.3,1.19,25.4,Light
SUB7514948,706.37,0.69,219.37,455.61,1.94,2.96,Light
SUB5980137,194.04,0.189,118.42,33.3,0.11,13.21,Very_Light
SUB7717526,571.02,0.558,388.59,149.23,3.25,4.1,Light
SUB9464848,138.96,0.136,101.89,19.22,1.99,0.0,Very_Light
SUB5429899,1096.55,1.071,431.8,598.78,3.66,34.12,Light
SUB4891151,1357.41,1.326,1031.37,168.58,0.86,17.35,Light
SUB2948061,2360.96,2.306,1716.82,477.88,2.08,12.69,Moderate
SUB8347000,2841.71,2.775,2332.02,656.73,10.6,1.57,Moderate
SUB7581118,309.42,0.302,227.85,8.85,0.66,50.42,Very_Light
SUB6032661,1110.39,1.084,681.2,291.99,35.9,11.27,Light
SUB1898332,3543.61,3.461,3306.26,418.96,0.73,10.78,Moderate
SUB8603876,3787.57,3.699,2568.18,861.31,0.93,195.74,Moderate
SUB5025942,2360.32,2.305,1474.31,935.39,5.06,26.19,Moderate
SUB9551795,1963.78,1.918,1552.17,184.95,2.51,36.28,Light
SUB5703855,5097.84,4.978,4414.77,702.29,1.69,39.22,Moderate
SUB2562518,879.85,0.859,478.68,240.39,0.41,40.08,Light
SUB6248400,902.94,0.882,626.42,232.56,0.2,6.71,Light
SUB9556135,1970.84,1.925,1703.68,168.98,3.74,29.16,Light
SUB3744804,6306.9,6.159,6115.7,39.51,0.45,22.89,Heavy
SUB9299141,6622.39,6.467,6566.29,157.27,19.85,24.06,Heavy
SUB2587819,4319.64,4.218,4514.9,105.87,1.49,4.12,Moderate
SUB6182101,1481.92,1.447,767.27,429.9,1.48,26.1,Light
SUB7541600,517.77,0.506,85.6,252.52,9.32,86.42,Light
SUB7356381,682.9,0.667,331.86,277.88,0.49,27.96,Light
SUB1594557,26137.79,25.525,22091.56,1676.16,0.21,35.88,Power_User
SUB8239914,997.74,0.974,809.77,60.32,2.69,0.0,Light
SUB9354207,5451.09,5.323,4866.82,813.09,5.18,31.75,Heavy
SUB1990121,2058.66,2.01,1643.72,222.29,43.82,55.19,Moderate
SUB2725049,959.51,0.937,744.59,40.22,1.68,93.17,Light
SUB8845870,1045.64,1.021,169.14,732.62,6.7,34.62,Light
SUB1483442,5026.34,4.909,3815.0,1408.42,32.59,38.77,Moderate
SUB6272225,223.64,0.218,68.07,60.66,0.54,88.85,Very_Light
SUB5109545,1766.01,1.725,1425.53,171.32,7.99,34.67,Light
SUB7622766,2562.69,2.503,1991.46,301.26,1.81,29.13,Moderate
SUB2751797,529.12,0.517,449.33,81.9,4.63,1.01,Light
SUB9486014,2458.57,2.401,2267.69,311.22,0.72,39.4,Moderate
SUB4452814,1125.41,1.099,1029.09,71.6,0.0,8.71,Light
SUB7870679,1918.4,1.873,1780.32,117.05,0.64,158.28,Light
SUB9038762,5009.3,4.892,4032.44,443.33,17.8,65.29,Moderate
SUB3891912,3020.09,2.949,880.96,2080.14,8.82,61.5,Moderate
SUB8355566,520.41,0.508,461.82,12.3,5.29,1.87,Light
SUB2609184,7123.48,6.957,6280.94,190.74,39.33,225.19,Heavy
SUB8913490,2115.56,2.066,1296.12,515.21,16.67,145.9,Moderate
SUB5798793,1053.78,1.029,429.24,430.06,0.2,123.63,Light
SUB8337895,768.34,0.75,533.58,129.37,0.12,25.48,Light
SUB3328476,2515.1,2.456,1899.17,152.2,9.93,216.22,Moderate
SUB1484273,1134.9,1.108,597.57,240.81,2.69,191.47,Light
SUB8738866,1349.27,1.318,731.23,442.27,1.65,108.38,Light
SUB6113728,605.1,0.591,275.36,279.12,0.15,53.13,Light
SUB6386159,4883.43,4.769,3518.05,855.13,33.79,12.29,Moderate
SUB6646895,3309.6,3.232,1488.97,1260.36,0.45,227.07,Moderate
SUB1726448,514.37,0.502,282.96,107.08,2.74,13.49,Light
SUB1070463,5948.82,5.809,4669.43,558.53,8.71,76.77,Heavy
SUB6450652,312.08,0.305,93.56,83.49,1.85,50.75,Very_Light
SUB7852902,988.43,0.965,844.52,51.46,2.11,22.76,Light
SUB3866457,14486.3,14.147,14935.75,335.78,1.91,4.19,Power_User
SUB3430992,910.13,0.889,604.56,217.48,0.29,3.88,Light
SUB5314380,5173.28,5.052,4555.24,577.5,19.89,80.86,Heavy
SUB6301572,627.79,0.613,52.74,289.23,3.03,166.29,Light
SUB5911408,214.33,0.209,111.82,20.63,9.45,15.5,Very_Light
SUB6116934,392.02,0.383,199.65,146.89,0.71,0.45,Very_Light
SUB6595956,1122.92,1.097,863.3,124.3,0.99,14.3,Light
SUB9425021,7728.99,7.548,7429.97,262.03,12.17,34.56,Heavy
SUB8903402,618.11,0.604,537.38,74.34,1.72,12.08,Light
SUB6890298,507.35,0.495,410.45,31.38,0.47,1.01,Very_Light
SUB7866684,1728.87,1.688,1605.86,90.92,17.11,62.79,Light
SUB9027522,85.38,0.083,11.12,31.98,0.74,4.87,Very_Light
SUB9953038,793.5,0.775,588.62,119.0,1.25,1.86,Light
SUB5860319,333.84,0.326,107.4,141.37,3.09,21.73,Very_Light
SUB4641141,8571.85,8.371,8433.76,636.85,9.13,32.17,Heavy
SUB4381915,360.33,0.352,76.03,185.23,10.47,36.66,Very_Light
SUB9430664,11785.08,11.509,10230.91,728.59,4.65,90.22,Power_User
SUB3148983,604.48,0.59,602.07,4.14,2.78,18.67,Light
SUB1773952,407.25,0.398,214.3,88.68,12.29,7.88,Very_Light
SUB1908380,255.84,0.25,202.84,10.34,0.99,19.3,Very_Light
SUB5620792,1066.27,1.041,322.51,685.06,17.25,6.33,Light
SUB2337768,107.27,0.105,21.05,56.07,0.73,17.0,Very_Light
SUB4090930,560.12,0.547,251.02,106.8,11.24,112.61,Light
SUB7859698,1674.6,1.635,1456.74,84.65,1.63,10.74,Light
SUB2514101,560.88,0.548,463.23,49.6,19.44,18.43,Light
SUB2406150,4463.22,4.359,3956.58,247.25,0.0,29.49,Moderate
SUB9913613,3486.06,3.404,2880.66,184.94,1.42,226.25,Moderate
SUB2229458,3761.4,3.673,2600.99,708.38,4.28,75.11,Moderate
SUB7296450,1015.17,0.991,716.59,253.32,0.77,25.2,Light
SUB8082122,660.64,0.645,513.12,76.57,0.36,3.6,Light
SUB7360756,1118.69,1.092,527.72,118.21,2.1,309.13,Light
SUB5755997,7485.43,7.31,6737.59,730.55,7.79,31.26,Heavy
SUB2493551,1497.95,1.463,1198.16,50.45,0.66,20.04,Light
SUB4973313,1608.16,1.57,1116.91,280.91,0.86,6.06,Light
SUB3436831,11126.95,10.866,8162.96,2345.89,4.66,5.87,Power_User
SUB9743662,913.6,0.892,786.05,133.43,2.87,54.7,Light
SUB4839847,1888.44,1.844,1584.59,306.5,5.67,49.94,Light
SUB2166670,289.53,0.283,154.4,32.64,0.41,26.17,Very_Light
SUB1680667,965.51,0.943,594.44,155.0,6.0,38.51,Light
SUB6319728,2055.84,2.008,1465.94,510.69,2.86,4.82,Moderate
SUB6410897,179.39,0.175,21.86,17.73,0.29,65.55,Very_Light
SUB3014017,2385.0,2.329,1958.22,553.26,1.9,39.89,Moderate
SUB8084364,2180.29,2.129,1654.47,312.48,21.71,30.5,Moderate
SUB5022261,2876.19,2.809,2040.17,606.75,29.52,173.51,Moderate
SUB5637203,412.58,0.403,32.42,208.15,4.66,67.71,Very_Light
SUB5675519,202.42,0.198,139.28,37.84,0.38,1.52,Very_Light
SUB5894940,1505.98,1.471,986.16,536.71,1.33,7.97,Light
SUB2999482,1578.14,1.541,1150.36,406.54,4.27,20.65,Light
SUB4649244,3806.95,3.718,2582.11,1010.89,8.35,20.15,Moderate
SUB5614466,16445.22,16.06,15586.48,2226.7,17.99,9.63,Power_User
SUB6846866,600.48,0.586,257.37,295.19,0.37,11.27,Light
SUB7182719,4954.92,4.839,4126.66,745.26,5.07,83.24,Moderate
SUB1350067,1268.17,1.238,780.85,248.42,9.47,101.36,Light
SUB3059385,1425.55,1.392,405.32,983.15,4.6,15.55,Light
SUB8449194,1130.92,1.104,869.71,120.0,2.25,29.62,Light
SUB3367322,2256.58,2.204,2193.71,170.48,5.42,8.71,Moderate
SUB2375645,409.27,0.4,287.43,32.94,4.02,10.56,Very_Light
SUB7562877,186.85,0.182,81.99,58.06,1.04,6.74,Very_Light
SUB7043995,1470.19,1.436,954.19,459.67,2.36,19.62,Light
SUB7964705,2175.68,2.125,1323.34,719.48,4.26,133.04,Moderate
SUB7632142,4198.17,4.1,4032.33,196.6,0.92,113.21,Moderate
SUB8656495,6184.74,6.04,4817.16,647.21,4.69,67.35,Heavy
SUB1245144,516.11,0.504,285.54,108.72,5.04,18.54,Light
SUB4822727,281.62,0.275,107.19,79.44,1.42,19.88,Very_Light
SUB2244360,2290.26,2.237,1691.43,618.61,20.2,33.73,Moderate
SUB8225593,1901.46,1.857,1927.37,55.4,10.74,50.81,Light
SUB5970809,328.11,0.32,185.39,52.47,3.29,29.67,Very_Light
SUB4049316,522.91,0.511,413.83,34.61,0.38,2.14,Light
SUB7622575,528.62,0.516,245.2,167.32,4.43,11.15,Light
SUB8503276,3357.23,3.279,2787.14,552.09,0.12,170.93,Moderate
SUB8267807,779.59,0.761,624.05,66.45,3.2,37.55,Light
SUB3960883,801.05,0.782,484.65,170.88,3.68,9.42,Light
SUB1906450,4103.98,4.008,3882.29,363.85,0.75,53.52,Moderate
SUB1282140,5214.36,5.092,4522.03,406.91,4.63,6.37,Heavy
SUB9213062,456.59,0.446,314.48,38.9,12.49,56.62,Very_Light
SUB1558981,2222.87,2.171,758.17,1463.59,25.71,80.54,Moderate
SUB9497552,4249.68,4.15,3979.74,418.71,13.82,8.94,Moderate
SUB2797519,431.78,0.422,261.65,64.46,18.26,13.59,Very_Light
SUB4877590,526.59,0.514,345.62,110.7,1.14,1.63,Light
SUB8683647,2622.29,2.561,1172.1,1181.65,1.6,197.31,Moderate
SUB4715929,3776.09,3.688,3340.72,118.13,13.0,108.24,Moderate
SUB5391401,236.33,0.231,19.26,54.83,7.16,100.16,Very_Light
SUB3928100,407.94,0.398,72.3,141.5,0.88,107.85,Very_Light
SUB2953341,2783.85,2.719,2443.48,295.58,7.84,218.84,Moderate
SUB1973737,26693.8,26.068,22987.43,2140.77,17.93,72.1,Power_User
SUB6433001,3267.06,3.19,2542.98,434.16,1.81,59.89,Moderate
SUB4902908,1364.04,1.332,1256.75,56.28,22.28,21.06,Light
SUB7671628,3303.07,3.226,3062.36,476.28,27.51,23.89,Moderate
SUB8903498,4742.52,4.631,3127.29,637.27,6.69,578.92,Moderate
SUB7062133,6580.76,6.427,5921.03,369.48,17.56,65.77,Heavy
SUB6698618,583.88,0.57,316.95,227.74,1.46,41.3,Light
SUB8640888,101.1,0.099,12.14,20.73,0.44,29.58,Very_Light
SUB1295866,1492.54,1.458,1096.55,385.89,6.29,52.24,Light
SUB7236893,2797.32,2.732,2011.09,244.05,5.56,291.6,Moderate
SUB7822603,10413.54,10.169,8354.09,1816.28,2.5,649.04,Power_User
SUB8250569,11831.1,11.554,9515.73,1950.28,6.76,54.35,Power_User
SUB2805518,491.54,0.48,97.13,26.28,0.73,326.98,Very_Light
SUB4623425,557.61,0.545,153.09,257.81,2.09,4.29,Light
SUB4599537,675.22,0.659,590.01,51.11,0.9,0.91,Light
SUB7521689,2838.62,2.772,1548.14,1012.6,4.78,15.41,Moderate
SUB7689558,390.28,0.381,142.62,194.92,0.33,0.0,Very_Light
SUB7298941,2629.91,2.568,1297.73,1012.18,1.81,37.41,Moderate
SUB7010224,4766.62,4.655,3855.42,739.98,15.59,40.91,Moderate
SUB5091685,2411.11,2.355,1187.23,1107.17,1.21,28.77,Moderate
SUB9595960,20064.19,19.594,21118.18,388.58,6.48,3.92,Power_User
SUB1184514,333.1,0.325,171.1,83.45,1.0,26.69,Very_Light
SUB7736549,1063.92,1.039,765.03,197.88,1.49,0.86,Light
SUB2258624,5501.86,5.373,4240.34,1435.02,0.11,159.74,Heavy
SUB6929949,2840.72,2.774,2322.26,147.87,8.56,137.03,Moderate
SUB8296991,1265.8,1.236,319.05,139.61,2.75,836.87,Light
SUB5783725,727.24,0.71,370.62,212.43,19.24,25.12,Light
SUB7671203,561.69,0.549,416.9,54.85,1.59,30.42,Light
SUB3750025,452.65,0.442,390.86,39.62,2.36,9.7,Very_Light
SUB8785446,220.26,0.215,86.74,30.67,1.01,25.95,Very_Light
SUB6735630,783.83,0.765,625.17,96.97,1.41,90.44,Light
SUB3926979,158.01,0.154,126.1,15.9,0.12,1.25,Very_Light
SUB3514399,9281.75,9.064,9546.98,34.03,6.71,40.88,Heavy
SUB1955205,246.75,0.241,179.52,25.95,0.0,4.35,Very_Light
SUB7666199,2676.97,2.614,2385.81,387.73,1.4,1.13,Moderate
SUB1966649,671.04,0.655,350.86,205.43,0.79,53.69,Light
SUB8493971,1494.63,1.46,457.83,744.58,15.76,70.56,Light
SUB5980939,2090.93,2.042,1409.2,530.92,12.6,86.34,Moderate
SUB8576126,13251.28,12.941,10195.17,2098.37,5.52,9.88,Power_User
SUB6061500,1104.58,1.079,443.45,526.91,15.48,1.51,Light
SUB2200532,892.39,0.871,676.06,115.68,3.17,4.1,Light
SUB8496287,3493.76,3.412,3246.8,392.71,16.32,84.5,Moderate
SUB6193378,1870.15,1.826,1103.74,774.41,3.67,0.0,Light
SUB1464462,14757.68,14.412,14222.74,524.26,3.87,136.41,Power_User
SUB5868923,234.06,0.229,33.85,64.02,36.9,0.0,Very_Light
SUB8930221,3763.11,3.675,2214.13,675.6,15.67,806.48,Moderate
SUB7010554,1726.49,1.686,1076.77,536.75,0.25,28.44,Light
SUB5603623,8821.12,8.614,7212.68,486.16,14.31,132.84,Heavy
SUB8962366,8454.38,8.256,7581.8,986.69,3.2,81.66,Heavy
SUB1274535,5867.84,5.73,5361.09,228.7,3.91,152.35,Heavy
SUB6140709,1009.57,0.986,551.06,72.9,1.69,287.88,Light
SUB3480017,15474.35,15.112,13794.78,216.29,4.74,247.71,Power_User
SUB5816129,3818.02,3.729,2646.8,711.98,4.59,65.92,Moderate
SUB9207623,7031.64,6.867,5272.11,1040.24,6.45,1064.91,Heavy
SUB1917472,1178.69,1.151,394.1,598.53,1.16,62.6,Light
SUB4649279,3353.38,3.275,2673.23,506.76,8.6,23.18,Moderate
SUB6016239,444.69,0.434,267.95,60.45,7.4,7.1,Very_Light
SUB4221131,3896.8,3.805,2229.05,1165.65,12.26,83.02,Moderate
SUB9977182,314.58,0.307,58.87,196.06,0.88,8.96,Very_Light
SUB3434138,6420.08,6.27,6473.09,52.4,1.23,46.07,Heavy
SUB9493535,5332.59,5.208,4619.86,512.62,1.81,92.48,Heavy
SUB8783874,5589.82,5.459,3250.37,1916.64,5.56,292.67,Heavy
SUB7590828,5158.89,5.038,4767.42,83.49,2.0,12.67,Heavy
SUB5217690,627.62,0.613,111.9,228.11,1.27,240.58,Light
SUB4649886,1743.52,1.703,1669.39,122.31,16.82,11.18,Light
SUB6533326,3341.14,3.263,3235.57,100.12,29.7,250.69,Moderate
SUB5446460,862.56,0.842,51.39,516.39,3.84,291.66,Light
SUB8293708,1310.41,1.28,954.71,378.1,0.93,6.92,Light
SUB6044080,2440.21,2.383,1864.01,284.65,0.48,19.91,Moderate
SUB1953122,1471.08,1.437,946.99,452.75,10.16,11.07,Light
SUB5663754,1403.33,1.37,711.21,255.59,2.96,160.28,Light
SUB5517562,925.96,0.904,670.26,134.71,13.62,2.05,Light
SUB7540180,2558.51,2.499,1113.83,1252.44,4.13,0.54,Moderate
SUB9503197,1209.35,1.181,597.37,164.29,55.76,113.21,Light
SUB2193982,865.14,0.845,140.32,487.25,8.44,18.01,Light
SUB9582447,14331.71,13.996,13465.51,495.86,9.48,8.13,Power_User
SUB7654754,3058.1,2.986,2322.63,648.89,9.32,10.27,Moderate
SUB1506453,1868.92,1.825,1349.73,253.05,12.27,14.61,Light
SUB7548894,368.22,0.36,123.1,70.23,6.14,34.52,Very_Light
SUB3507743,2584.18,2.524,2400.15,237.09,2.41,55.0,Moderate
SUB2555811,1508.45,1.473,1007.12,497.65,4.78,5.35,Light
SUB6077198,398.81,0.389,183.25,183.92,1.18,6.29,Very_Light
SUB7184377,821.82,0.803,571.88,130.85,3.5,11.83,Light
SUB4845474,4644.58,4.536,4078.23,262.38,20.82,92.01,Moderate
SUB4924482,16559.18,16.171,16499.74,1073.33,11.43,28.7,Power_User
SUB4232452,3920.78,3.829,2999.2,425.73,3.49,105.34,Moderate
SUB5947796,1828.84,1.786,647.63,1108.98,25.89,125.84,Light
SUB5290697,1513.99,1.479,1463.52,155.83,0.78,3.31,Light
SUB7886940,1635.43,1.597,1385.55,198.12,44.19,15.69,Light
SUB4812010,633.29,0.618,417.95,48.11,9.14,46.33,Light
SUB2478081,762.66,0.745,640.18,99.04,3.62,5.19,Light
SUB2570889,10111.81,9.875,9226.45,271.17,1.18,337.74,Heavy
SUB8373372,1869.07,1.825,755.5,860.87,7.32,35.51,Light
SUB4071640,593.28,0.579,386.98,103.84,1.02,27.79,Light
SUB6253974,2578.9,2.518,2095.79,429.24,0.86,98.01,Moderate
SUB1950922,2366.97,2.311,901.49,1354.49,44.5,57.61,Moderate
SUB2684449,228.11,0.223,114.23,75.07,0.71,2.29,Very_Light
SUB9854198,4939.54,4.824,4354.49,633.76,2.73,10.74,Moderate
SUB6753371,1438.94,1.405,717.85,533.79,0.5,29.8,Light
SUB2433284,352.83,0.345,195.62,73.81,10.31,34.2,Very_Light
SUB2117374,359.01,0.351,282.12,42.28,1.89,13.64,Very_Light
SUB3999610,1970.18,1.924,1670.54,335.65,7.73,83.26,Light
SUB3298756,1803.08,1.761,1263.11,398.29,0.78,18.29,Light
SUB8100052,2281.38,2.228,1453.88,683.89,14.4,11.02,Moderate
SUB3788107,1214.78,1.186,605.15,474.31,5.74,9.43,Light
SUB9418865,599.18,0.585,411.49,57.25,3.55,27.9,Light
SUB5601731,6478.07,6.326,5505.3,252.24,6.1,8.82,Heavy
SUB8173877,981.56,0.959,808.54,86.05,4.98,5.62,Light
SUB1985257,2288.41,2.235,1872.35,151.36,2.17,2.4,Moderate
SUB2101267,570.64,0.557,470.36,5.48,1.89,8.4,Light
SUB1418829,904.53,0.883,360.64,294.18,2.96,115.3,Light
SUB8040906,5594.5,5.463,3855.3,1842.98,0.74,1.42,Heavy
SUB4438780,535.16,0.523,348.95,132.36,1.32,13.32,Light
SUB8517750,750.76,0.733,501.62,148.28,2.4,0.0,Light
SUB2546933,10812.46,10.559,9187.14,1728.97,36.87,800.35,Power_User
SUB9713937,4184.63,4.087,3406.89,774.61,39.24,6.73,Moderate
SUB3956151,8378.56,8.182,6274.78,1975.32,40.17,137.77,Heavy
SUB2227222,4549.3,4.443,3809.82,522.04,70.41,16.02,Moderate
SUB2543812,299.15,0.292,181.26,85.07,6.72,2.12,Very_Light
SUB8831038,388.41,0.379,227.9,108.13,0.05,22.03,Very_Light
SUB7835032,2048.14,2.0,1966.82,197.26,1.79,11.93,Light
SUB1865256,883.96,0.863,297.67,192.93,3.74,341.6,Light
SUB8948745,658.99,0.644,518.37,137.09,0.37,15.29,Light
SUB1000917,1564.26,1.528,1125.55,254.6,2.87,45.56,Light
SUB8304000,5477.08,5.349,2889.3,1666.58,2.46,493.44,Heavy
SUB8150406,12958.08,12.654,11636.51,2048.91,7.66,17.24,Power_User
SUB8068931,3143.15,3.069,2245.86,624.67,1.06,4.72,Moderate
SUB5473447,990.36,0.967,864.72,21.4,6.47,2.15,Light
SUB9650699,1599.29,1.562,1190.62,471.98,17.67,15.17,Light
SUB9791765,585.88,0.572,303.19,156.92,0.42,18.92,Light
SUB7876913,222.95,0.218,110.44,48.42,11.42,6.02,Very_Light
SUB7139996,1455.09,1.421,1095.51,206.5,1.5,11.01,Light
SUB8557773,3791.39,3.703,2901.21,625.9,19.45,4.51,Moderate
SUB9637873,4136.69,4.04,3586.1,304.66,1.01,3.66,Moderate
SUB8737777,900.4,0.879,741.1,117.0,1.96,41.15,Light
SUB8554159,234.29,0.229,51.54,109.84,8.1,13.35,Very_Light
SUB7565792,1999.91,1.953,1601.9,241.13,7.38,0.0,Light
SUB2384822,5273.22,5.15,3807.65,810.19,12.69,366.2,Heavy
SUB2807402,1442.16,1.408,1285.43,140.67,6.39,41.26,Light
SUB2949902,18856.18,18.414,16481.51,827.53,11.32,67.51,Power_User
SUB8505191,1748.77,1.708,1231.54,316.4,3.51,63.08,Light
SUB9717429,13831.13,13.507,13739.67,450.25,1.95,152.07,Power_User
SUB1243877,2764.29,2.7,1939.22,296.6,0.06,578.47,Moderate
SUB4345026,29296.84,28.61,24544.63,2366.11,11.28,157.05,Power_User
SUB1920759,1009.49,0.986,627.03,284.81,12.26,43.36,Light
SUB2761369,3513.48,3.431,2609.6,377.46,9.26,460.83,Moderate
SUB6786572,2396.03,2.34,2237.19,214.61,24.13,91.35,Moderate
SUB8562160,161.25,0.157,75.92,4.07,1.03,20.33,Very_Light
SUB9386369,427.62,0.418,149.71,188.92,15.62,0.0,Very_Light
SUB2858997,2585.52,2.525,1974.3,433.5,20.55,22.17,Moderate
SUB5980249,2684.36,2.621,2017.64,456.21,3.64,19.34,Moderate
SUB5975467,248.58,0.243,197.67,15.29,0.44,14.19,Very_Light
SUB2429290,1555.98,1.52,1073.9,237.99,0.83,79.3,Light
SUB6188757,10844.9,10.591,11206.54,325.98,9.27,247.23,Power_User
SUB3120711,3749.59,3.662,3893.32,132.03,2.51,17.46,Moderate
SUB1521244,242.76,0.237,176.79,34.5,0.5,0.0,Very_Light
SUB7271271,13644.44,13.325,12438.32,579.18,3.62,54.39,Power_User
SUB2399769,2109.26,2.06,1741.17,330.64,0.99,40.72,Moderate
SUB7913744,3081.39,3.009,3099.97,138.73,1.3,71.2,Moderate
SUB6919359,1976.86,1.931,683.23,950.5,0.26,218.17,Light
SUB9876659,1417.01,1.384,943.47,262.55,4.45,63.91,Light
SUB1825782,433.29,0.423,236.97,117.9,2.01,12.83,Very_Light
SUB1439439,127.36,0.124,35.46,60.76,0.55,4.69,Very_Light
SUB2264134,3215.43,3.14,1581.82,1431.07,13.05,15.99,Moderate
SUB7767567,2320.84,2.266,1742.5,386.01,1.12,160.77,Moderate
SUB6759919,297.73,0.291,249.69,37.16,1.82,0.0,Very_Light
SUB2894554,3616.33,3.532,2842.66,301.67,20.71,188.74,Moderate
SUB6855319,1358.76,1.327,296.9,1054.19,22.44,7.16,Light
SUB8605503,7843.67,7.66,6134.59,607.4,6.98,328.96,Heavy
SUB8984638,4832.91,4.72,3705.98,684.94,19.95,31.83,Moderate
SUB1947272,2986.56,2.917,2499.06,484.18,2.54,34.1,Moderate
SUB5914082,1905.2,1.861,578.4,1057.37,4.82,127.92,Light
SUB6730482,2111.38,2.062,1655.28,320.18,0.34,26.37,Moderate
SUB6941028,15995.98,15.621,15597.03,1242.91,35.88,154.21,Power_User
SUB7600430,302.59,0.295,123.96,28.21,3.54,15.99,Very_Light
SUB7343902,2855.0,2.788,2509.45,368.18,1.08,9.68,Moderate
SUB4119734,1138.06,1.111,874.98,248.2,2.31,26.09,Light
SUB8748408,1529.38,1.494,1202.06,46.46,6.96,118.32,Light
SUB1711943,8967.66,8.757,7345.23,629.39,32.09,125.22,Heavy
SUB3621158,21828.27,21.317,19877.32,83.12,4.49,11.26,Power_User
SUB8730484,6131.88,5.988,5455.35,127.61,1.59,7.64,Heavy
SUB7143243,5105.75,4.986,2536.85,1380.88,15.51,1071.89,Moderate
SUB3438064,1298.39,1.268,785.1,309.9,1.54,40.45,Light
SUB6754640,33.96,0.033,22.06,6.85,0.12,0.0,Very_Light
SUB5230207,3700.59,3.614,2835.18,475.98,7.84,42.05,Moderate
SUB6446441,22827.86,22.293,21183.29,1271.57,79.75,145.08,Power_User
SUB2998173,758.7,0.741,228.4,396.1,2.83,29.84,Light
SUB6858204,1889.19,1.845,1565.14,229.23,5.1,5.88,Light
SUB5706797,3037.28,2.966,1754.24,1268.89,6.51,38.88,Moderate
SUB2490017,5871.32,5.734,5134.24,167.47,8.3,16.5,Heavy
SUB4102641,3729.8,3.642,2563.53,730.49,29.83,161.72,Moderate
SUB1641593,813.11,0.794,519.78,121.52,3.15,66.92,Light
SUB2534227,861.57,0.841,541.46,315.02,0.58,5.83,Light
SUB3297905,1006.01,0.982,583.81,300.49,0.53,67.49,Light
SUB5197079,1429.27,1.396,1059.56,339.6,6.93,65.96,Light
SUB3587551,2081.3,2.033,1661.61,284.57,5.72,16.95,Moderate
SUB5109070,8276.11,8.082,6958.39,742.96,27.78,221.27,Heavy
SUB2806210,2758.35,2.694,2121.44,621.5,12.43,125.85,Moderate
SUB4989284,6456.23,6.305,5781.41,5.84,0.17,20.27,Heavy
SUB7356605,2429.27,2.372,2091.51,72.63,1.19,71.62,Moderate
SUB9415224,1486.05,1.451,1305.06,95.62,3.74,106.69,Light
SUB5940359,3297.09,3.22,2473.87,557.41,9.08,55.94,Moderate
SUB4838187,468.96,0.458,339.11,11.02,0.92,3.2,Very_Light
SUB5401207,12138.58,11.854,10785.68,86.67,2.21,50.88,Power_User
SUB7091111,329.48,0.322,295.49,18.45,0.8,16.14,Very_Light
SUB2038218,1832.36,1.789,871.93,389.73,4.86,349.11,Light
SUB9740973,1137.78,1.111,662.57,249.73,1.53,178.41,Light
SUB8192767,145.8,0.142,74.32,40.15,8.58,2.16,Very_Light
SUB5109404,1762.74,1.721,1109.32,396.61,1.57,162.5,Light
SUB9749917,8781.7,8.576,8288.51,581.99,5.63,23.89,Heavy
SUB5250167,1596.77,1.559,1555.23,4.97,10.15,58.35,Light
SUB4318843,3521.88,3.439,3325.64,50.98,5.31,47.73,Moderate
SUB8291916,699.2,0.683,383.97,173.16,7.6,27.15,Light
SUB1278495,616.52,0.602,111.44,479.52,6.49,1.16,Light
SUB2846357,1941.05,1.896,634.88,1050.42,26.05,19.86,Light
SUB6917054,944.46,0.922,93.88,784.69,1.3,52.57,Light
SUB8880055,1549.46,1.513,444.37,1069.57,9.71,8.31,Light
SUB4030486,3721.57,3.634,3434.82,250.27,9.69,92.92,Moderate
SUB4980053,657.47,0.642,460.01,70.5,1.8,1.93,Light
SUB1700033,338.03,0.33,147.42,117.49,2.9,1.2,Very_Light
SUB6107742,6803.2,6.644,6400.7,513.94,32.94,3.12,Heavy
SUB8036278,7803.62,7.621,7423.82,298.49,1.83,144.08,Heavy
SUB4901403,1661.03,1.622,1247.01,247.01,0.38,13.36,Light
SUB1134445,4202.01,4.104,2174.38,1692.03,42.61,323.61,Moderate
SUB2845700,1548.46,1.512,1069.79,235.95,0.8,61.78,Light
SUB9304831,3167.42,3.093,2437.65,619.27,4.91,130.38,Moderate
SUB7882727,1719.36,1.679,637.81,1010.71,10.57,61.21,Light
SUB1871535,4321.23,4.22,3485.95,758.86,17.57,69.9,Moderate
SUB2742166,2398.32,2.342,1472.93,629.11,8.71,59.48,Moderate
SUB2035408,429.75,0.42,285.36,92.27,0.76,14.76,Very_Light
SUB2461312,1235.63,1.207,896.79,101.01,1.92,107.35,Light
SUB8627742,4402.8,4.3,3377.38,649.6,1.63,353.0,Moderate
SUB6053929,925.76,0.904,809.11,131.3,2.53,8.82,Light
SUB9885048,129.42,0.126,28.77,38.69,0.85,11.3,Very_Light
SUB2471926,700.7,0.684,299.07,318.48,0.81,1.04,Light
SUB3873524,1929.7,1.884,1646.73,69.43,6.49,11.53,Light
SUB3742455,5438.44,5.311,4336.4,456.87,14.23,163.25,Heavy
SUB3269409,489.3,0.478,305.19,97.18,1.79,4.2,Very_Light
SUB7013704,11596.4,11.325,8161.9,2170.14,22.65,38.95,Power_User
SUB1295599,2664.78,2.602,2195.35,165.39,1.92,94.98,Moderate
SUB2557009,2322.15,2.268,2190.19,170.44,5.8,15.08,Moderate
SUB1597904,3349.08,3.271,1787.36,1523.74,8.35,4.31,Moderate
SUB1116841,3909.27,3.818,3120.98,698.1,17.55,9.9,Moderate
SUB6907726,4858.14,4.744,4187.76,402.29,5.43,79.91,Moderate
SUB9558542,6703.05,6.546,6449.71,589.86,4.23,64.38,Heavy
SUB6826038,211.5,0.207,79.48,114.74,2.26,4.34,Very_Light
SUB2135270,413.51,0.404,226.9,68.65,0.06,66.79,Very_Light
SUB1237068,3583.76,3.5,2684.86,991.85,2.88,6.49,Moderate
SUB6024592,592.34,0.578,86.45,331.9,8.23,73.44,Light
SUB2604243,3592.16,3.508,2061.34,167.92,11.44,1016.73,Moderate
SUB1851161,1047.73,1.023,863.62,186.94,3.92,5.44,Light
SUB5772945,3911.34,3.82,3413.8,490.37,9.53,31.44,Moderate
SUB2638846,6881.23,6.72,6469.33,153.2,10.51,101.22,Heavy
SUB5230987,344.54,0.336,128.09,100.69,6.64,9.27,Very_Light
SUB8870907,1103.37,1.078,995.8,58.92,0.39,10.51,Light
SUB9713542,8258.94,8.065,6306.37,1244.99,24.79,66.25,Heavy
SUB2802466,259.67,0.254,176.48,27.28,1.11,53.8,Very_Light
SUB3382865,2497.45,2.439,1646.37,823.41,0.48,3.01,Moderate
SUB1464310,931.51,0.91,587.86,312.56,3.82,24.47,Light
SUB4714755,1705.9,1.666,1393.16,261.94,0.18,31.07,Light
SUB9945850,682.65,0.667,475.79,67.81,0.6,34.77,Light
SUB4127640,1394.91,1.362,911.3,289.85,2.85,88.62,Light
SUB5303677,4469.8,4.365,3911.45,255.23,4.52,11.35,Moderate
SUB5098535,8772.75,8.567,5471.23,2362.27,53.27,40.21,Heavy
SUB5753292,1419.79,1.387,889.29,381.33,29.56,31.63,Light
SUB7227952,1253.83,1.224,962.65,148.84,21.61,12.89,Light
SUB6673938,1761.26,1.72,1326.29,287.18,3.71,0.42,Light
SUB9009292,719.73,0.703,340.22,216.64,12.1,31.31,Light
SUB6108728,8522.77,8.323,7692.3,1357.15,77.01,65.6,Heavy
SUB6060795,817.7,0.799,719.01,27.94,1.58,7.27,Light
SUB6769049,20262.61,19.788,17734.15,1088.85,13.88,881.17,Power_User
SUB1919134,1935.94,1.891,1415.95,267.6,0.54,51.39,Light
SUB2855797,14847.9,14.5,13368.47,404.84,10.52,178.95,Power_User
SUB7379515,2369.35,2.314,1921.59,230.06,2.29,2.86,Moderate
SUB9078886,10085.72,9.849,8614.06,2013.01,24.41,227.74,Heavy
SUB5636440,1036.27,1.012,533.73,315.81,0.99,13.5,Light
SUB7489759,514.18,0.502,294.13,58.24,0.0,106.73,Light
SUB9899770,491.94,0.48,411.61,47.02,0.46,6.82,Very_Light
SUB3570725,3231.91,3.156,2895.41,68.98,6.27,17.47,Moderate
SUB3426277,1036.15,1.012,753.47,167.67,2.67,0.76,Light
SUB8200987,296.22,0.289,187.2,67.14,0.99,18.81,Very_Light
SUB6324852,1919.14,1.874,1642.29,168.04,5.0,58.55,Light
SUB6580509,242.61,0.237,143.03,12.94,3.16,51.45,Very_Light
SUB2317621,877.75,0.857,361.34,301.14,12.89,91.19,Light
SUB7408929,421.19,0.411,176.91,223.5,0.87,7.12,Very_Light
SUB4637967,1961.56,1.916,1305.83,409.62,52.64,45.92,Light
SUB3367893,6714.48,6.557,7046.24,42.85,5.16,7.86,Heavy
SUB6766140,2213.4,2.162,1876.44,135.13,1.99,46.47,Moderate
SUB6053127,1144.18,1.117,931.34,30.46,1.4,106.56,Light
SUB1739574,2682.74,2.62,2360.57,151.64,0.55,0.0,Moderate
SUB5071495,10416.64,10.172,9397.76,253.58,4.25,17.27,Power_User
SUB1325437,4887.62,4.773,4272.47,719.75,30.73,61.26,Moderate
SUB3091013,6654.47,6.499,6452.17,790.82,2.88,0.0,Heavy
SUB4681890,1034.7,1.01,672.64,288.31,6.88,2.72,Light
SUB6991305,232.95,0.227,164.0,24.14,0.24,0.0,Very_Light
SUB1872834,3065.0,2.993,2613.45,665.07,10.45,2.41,Moderate
SUB5637370,8164.08,7.973,6776.17,1740.61,9.96,12.87,Heavy
SUB7626379,30850.78,30.128,32338.75,624.36,79.83,25.04,Power_User
SUB6887774,3645.93,3.56,1412.85,1268.31,4.89,842.98,Moderate
SUB8352132,2505.47,2.447,1592.56,557.35,1.13,54.42,Moderate
SUB2032499,1637.05,1.599,824.76,705.01,0.67,31.66,Light
SUB4820888,790.75,0.772,471.54,156.13,1.31,10.15,Light
SUB8730302,3434.14,3.354,2938.98,245.36,14.29,41.9,Moderate
SUB8534504,4848.78,4.735,4307.29,357.63,20.58,6.69,Moderate
SUB3331348,745.92,0.728,409.29,230.6,0.81,52.6,Light
SUB7565269,6495.94,6.344,3963.48,2011.72,6.88,18.69,Heavy
SUB8199107,4244.09,4.145,4251.15,214.36,27.14,1.9,Moderate
SUB3806284,1185.57,1.158,990.93,59.53,0.91,19.76,Light
SUB7572531,1270.19,1.24,1106.05,56.07,4.69,24.74,Light
SUB2141452,3976.22,3.883,3079.78,574.61,0.55,65.83,Moderate
SUB7816080,164.0,0.16,88.85,17.9,4.12,10.89,Very_Light
SUB6550560,3265.52,3.189,2550.05,354.79,4.52,100.33,Moderate
SUB2230796,655.04,0.64,416.71,66.17,2.31,57.73,Light
SUB1113936,1295.68,1.265,1010.23,205.6,27.61,10.14,Light
SUB5210583,1095.48,1.07,721.27,210.97,0.88,28.15,Light
SUB8539769,3958.04,3.865,3238.11,1009.64,0.7,5.76,Moderate
SUB5280428,1853.26,1.81,1572.38,107.37,0.29,8.85,Light
SUB3433351,439.7,0.429,298.41,38.13,4.5,42.67,Very_Light
SUB3189063,11228.01,10.965,10494.44,1085.82,18.58,14.01,Power_User
SUB3819182,934.16,0.912,781.9,157.19,3.33,5.19,Light
SUB1447244,1744.31,1.703,1125.69,604.37,5.34,49.8,Light
SUB7252016,1202.41,1.174,1007.67,160.88,1.96,2.94,Light
SUB9471414,962.38,0.94,858.02,118.6,3.6,0.53,Light
SUB2278673,224.93,0.22,52.84,42.21,1.64,97.19,Very_Light
SUB6168638,1244.82,1.216,912.74,168.72,3.17,37.01,Light
SUB5115741,970.5,0.948,696.56,195.81,2.33,56.7,Light
SUB7778892,358.78,0.35,48.41,245.42,1.74,10.48,Very_Light
SUB4457521,911.97,0.891,457.94,359.32,8.73,6.37,Light
SUB5684013,829.61,0.81,164.07,595.56,7.49,14.09,Light
SUB6044829,1230.9,1.202,302.86,828.35,1.78,3.45,Light
SUB6683860,9278.75,9.061,8263.18,853.36,0.44,36.93,Heavy
SUB3438710,233.01,0.228,110.12,84.04,2.79,1.41,Very_Light
SUB9887120,6249.36,6.103,4473.5,1243.72,1.39,51.57,Heavy
SUB1767442,1044.87,1.02,343.72,580.74,2.03,16.35,Light
SUB8936627,4204.05,4.106,3901.64,372.34,0.38,111.81,Moderate
SUB9863886,7538.24,7.362,5707.72,1531.32,9.53,21.93,Heavy
SUB2930440,1364.7,1.333,942.27,276.76,1.28,151.92,Light
SUB9768201,13813.36,13.49,12925.88,158.08,3.22,1.45,Power_User
SUB1494955,967.77,0.945,610.23,293.1,0.66,23.12,Light
SUB6478878,2195.04,2.144,1343.94,413.6,5.73,114.62,Moderate
SUB6679487,415.42,0.406,155.75,94.92,3.9,32.33,Very_Light
SUB5840349,1945.37,1.9,1678.82,370.4,7.24,33.45,Light
SUB2626528,2873.21,2.806,1374.56,1298.63,3.51,87.78,Moderate
SUB7096696,3648.55,3.563,3505.95,194.38,3.0,182.62,Moderate
SUB3914611,2048.08,2.0,1963.2,74.92,1.86,37.94,Light
SUB2308014,10676.56,10.426,10662.35,293.22,8.9,43.56,Power_User
SUB3247680,7291.14,7.12,6764.98,219.86,0.73,146.33,Heavy
SUB7589154,1268.41,1.239,934.81,284.48,2.25,35.41,Light
SUB3821839,3983.32,3.89,3250.59,475.35,5.32,156.47,Moderate
SUB1298783,1176.48,1.149,727.52,403.74,6.79,69.64,Light
SUB4602571,493.86,0.482,246.8,126.2,1.32,6.11,Very_Light
SUB9340960,2331.52,2.277,889.51,1183.24,15.81,16.39,Moderate
SUB4879928,4315.0,4.214,4023.46,135.55,2.39,55.08,Moderate
SUB8039879,3192.05,3.117,3101.44,46.24,0.14,5.88,Moderate
SUB3115226,2041.76,1.994,1570.7,251.88,8.68,54.85,Light
SUB7962365,6377.03,6.228,4687.54,1063.3,10.79,10.17,Heavy
SUB2340683,970.58,0.948,505.1,414.3,5.23,32.05,Light
SUB4630400,590.39,0.577,542.69,23.18,0.91,29.91,Light
SUB6994602,13413.96,13.1,13407.29,407.14,17.93,259.35,Power_User
SUB3854119,1604.92,1.567,293.45,1077.08,14.79,16.08,Light
SUB3673705,2304.36,2.25,1793.2,320.27,5.96,38.56,Moderate
SUB7307517,1564.42,1.528,1285.91,230.89,0.93,67.45,Light
SUB4597170,787.47,0.769,648.55,136.18,0.55,9.84,Light
SUB4305610,7418.76,7.245,6659.34,136.12,9.7,52.19,Heavy
SUB9841830,1688.64,1.649,1141.08,313.32,0.25,14.57,Light
SUB3088618,3391.22,3.312,3332.17,43.65,0.0,58.66,Moderate
SUB8596537,6053.08,5.911,5989.73,324.72,7.56,21.4,Heavy
SUB7922972,5582.91,5.452,4700.32,563.13,18.97,25.26,Heavy
SUB5400852,640.99,0.626,439.81,60.07,7.37,11.43,Light
SUB7759991,136.55,0.133,40.85,84.53,0.41,1.68,Very_Light
SUB3593157,979.84,0.957,716.62,125.23,4.69,6.33,Light
SUB8058021,2850.98,2.784,2030.74,630.34,1.73,18.43,Moderate
SUB7119922,1819.24,1.777,1488.96,240.13,4.7,101.26,Light
SUB6575477,4839.25,4.726,2783.51,1729.16,14.24,45.18,Moderate
SUB7919879,3684.73,3.598,2920.41,295.08,6.49,21.88,Moderate
SUB8759080,7641.2,7.462,5550.34,1686.37,6.34,26.66,Heavy
SUB7662064,2926.1,2.858,2203.08,528.94,12.04,57.43,Moderate
SUB1217314,859.82,0.84,621.16,121.12,0.35,6.87,Light
SUB3635122,1179.21,1.152,47.45,339.06,38.95,651.8,Light
SUB6728394,592.99,0.579,315.62,154.72,0.69,34.42,Light
SUB1748692,1972.84,1.927,395.49,1702.41,5.25,12.91,Light
SUB3382962,608.16,0.594,328.96,205.25,4.34,68.68,Light
SUB4466689,922.73,0.901,401.95,397.81,8.64,41.45,Light
SUB2614694,1455.22,1.421,684.55,644.19,10.64,50.87,Light
SUB9970512,12691.1,12.394,12700.81,225.09,8.45,6.06,Power_User
SUB5465669,3064.27,2.992,2130.02,626.4,0.22,1.85,Moderate
SUB4881143,2619.12,2.558,2564.06,184.41,6.5,8.54,Moderate
SUB5911077,388.81,0.38,144.2,196.19,4.2,11.94,Very_Light
SUB2945537,5629.06,5.497,4641.88,1138.22,7.98,29.52,Heavy
SUB8941238,1631.74,1.593,1183.18,321.11,0.48,34.67,Light
SUB9466724,928.48,0.907,657.83,110.43,4.1,69.99,Light
SUB9772978,397.32,0.388,246.92,96.48,1.76,2.59,Very_Light
SUB4374659,5092.16,4.973,3901.83,1400.13,14.79,199.1,Moderate
SUB1519385,9582.0,9.357,7983.4,723.77,4.75,144.98,Heavy
SUB2572138,278.76,0.272,103.02,63.05,1.73,66.41,Very_Light
SUB6180703,234.63,0.229,39.65,98.65,0.44,3.69,Very_Light
SUB1226256,216.02,0.211,129.6,9.88,9.55,4.51,Very_Light
SUB7853878,1939.97,1.895,1134.41,545.72,0.18,28.03,Light
SUB9809147,4954.07,4.838,4749.11,68.81,2.66,10.55,Moderate
SUB8849453,6585.76,6.431,6477.65,558.85,40.43,57.15,Heavy
SUB7494290,16372.41,15.989,13177.86,2080.07,15.48,251.17,Power_User
SUB4373307,967.6,0.945,640.7,176.77,12.05,2.88,Light
SUB1550242,3969.81,3.877,3805.38,7.4,0.36,36.07,Moderate
SUB8001837,745.59,0.728,660.34,47.41,32.4,1.2,Light
SUB4497831,3693.92,3.607,3040.51,225.28,6.53,37.72,Moderate
SUB3848439,4175.1,4.077,3462.11,405.71,3.88,0.0,Moderate
SUB6978106,333.56,0.326,229.96,21.45,3.45,12.03,Very_Light
SUB9065819,1937.47,1.892,1666.86,110.64,2.33,19.32,Light
SUB9333920,804.91,0.786,676.49,26.51,1.79,4.23,Light
SUB9120766,3995.53,3.902,2527.66,1574.23,12.66,19.8,Moderate
SUB3021835,2732.95,2.669,2067.85,281.5,9.82,112.41,Moderate
SUB7427095,1194.38,1.166,920.45,135.26,1.77,29.74,Light
SUB7078159,3292.78,3.216,2071.79,521.02,0.37,258.09,Moderate
SUB4531674,1272.32,1.242,1190.77,96.89,7.42,1.88,Light
SUB8336302,7921.32,7.736,6277.51,1506.04,24.99,357.59,Heavy
SUB7282827,18458.17,18.026,18365.42,487.59,4.09,37.05,Power_User
SUB9739287,9629.45,9.404,9881.46,167.09,26.34,106.62,Heavy
SUB7792566,4609.23,4.501,4705.63,79.03,6.53,223.85,Moderate
SUB7021656,533.21,0.521,91.01,286.31,12.95,61.01,Light
SUB7519585,15556.44,15.192,16361.96,79.43,3.53,222.93,Power_User
SUB9132162,2503.88,2.445,1743.04,650.29,1.39,71.62,Moderate
SUB3426105,328.49,0.321,240.29,46.9,2.65,3.37,Very_Light
SUB5811671,2862.06,2.795,2590.96,411.14,0.36,53.27,Moderate
SUB7453877,1872.84,1.829,1664.0,100.51,0.4,1.84,Light
SUB8547881,2748.08,2.684,2710.65,178.76,1.03,75.45,Moderate
SUB6055769,1479.3,1.445,954.35,537.86,0.26,1.94,Light
SUB7061266,313.21,0.306,63.38,223.17,1.39,33.07,Very_Light
SUB9658754,644.66,0.63,546.72,30.0,0.14,5.87,Light
SUB6574807,79.68,0.078,43.22,14.43,0.51,0.0,Very_Light
SUB5301828,301.25,0.294,0.0,164.97,0.0,20.17,Very_Light
SUB7509762,970.2,0.947,759.4,77.93,2.52,51.83,Light
SUB1544026,1484.82,1.45,279.83,939.38,6.52,80.33,Light
SUB4942863,616.43,0.602,263.64,222.01,18.6,8.18,Light
SUB7243490,1316.46,1.286,1136.06,21.53,0.0,24.31,Light
SUB7484427,768.58,0.751,224.44,409.22,1.63,19.71,Light
SUB8221352,611.86,0.598,497.54,10.74,1.1,48.12,Light
SUB5472089,2520.97,2.462,1637.78,871.58,3.36,22.02,Moderate
SUB1268449,20674.5,20.19,19621.22,2288.05,1.34,78.94,Power_User
SUB3850774,2660.25,2.598,2290.37,531.83,0.86,67.37,Moderate
SUB8620958,4687.52,4.578,4246.91,36.81,2.96,3.38,Moderate
SUB6583281,5410.38,5.284,3513.88,1770.16,39.25,226.47,Heavy
SUB5430675,1621.48,1.583,1042.88,359.05,17.46,47.47,Light
SUB6918806,2152.23,2.102,1428.71,403.39,15.35,26.23,Moderate
SUB9513199,1457.98,1.424,924.47,283.45,6.3,88.49,Light
SUB7822255,1601.83,1.564,1414.7,81.01,12.77,68.15,Light
SUB5461213,1896.52,1.852,1217.43,298.9,21.27,260.43,Light
SUB2160152,681.26,0.665,435.75,102.52,4.31,14.25,Light
SUB7305236,1197.66,1.17,953.11,157.07,0.72,21.95,Light
SUB3365885,807.31,0.788,611.28,62.56,0.27,7.97,Light
SUB7195196,423.71,0.414,323.47,67.78,1.09,2.11,Very_Light
SUB1880096,4068.2,3.973,3334.68,746.31,5.46,2.85,Moderate
SUB3714766,315.67,0.308,10.2,144.82,3.03,41.09,Very_Light
SUB3924537,6362.86,6.214,5896.04,126.0,3.53,93.67,Heavy
SUB2592173,1293.36,1.263,960.41,125.28,4.37,3.07,Light
SUB2074477,346.23,0.338,135.74,177.32,0.56,5.82,Very_Light
SUB2473300,2239.15,2.187,1063.44,647.77,0.11,468.68,Moderate
SUB7759383,983.4,0.96,115.94,697.04,3.72,4.84,Light
SUB1297584,5138.44,5.018,3754.19,1295.48,15.66,90.05,Heavy
SUB1892015,1693.19,1.654,1004.48,370.52,1.81,104.47,Light
SUB9020497,1404.85,1.372,1202.82,237.04,10.98,9.04,Light
SUB2651348,3183.27,3.109,1934.29,1077.12,2.75,193.64,Moderate
SUB3871259,7844.52,7.661,7135.3,1090.82,10.78,1.9,Heavy
SUB9270562,131.56,0.128,13.81,66.89,0.81,0.0,Very_Light
SUB1854741,5844.91,5.708,5105.2,233.92,4.79,4.69,Heavy
SUB4352214,1939.54,1.894,1505.41,197.33,0.41,37.21,Light
SUB3023615,612.56,0.598,180.74,289.55,0.85,133.58,Light
SUB4010087,1550.71,1.514,1115.88,65.26,14.12,211.4,Light
SUB5644081,1310.02,1.279,1036.24,81.25,1.56,153.54,Light
SUB9530057,2846.3,2.78,2556.76,81.53,0.31,9.25,Moderate
SUB6381299,328.35,0.321,181.12,52.24,3.55,17.11,Very_Light
SUB4018439,4888.33,4.774,3771.22,866.87,4.67,103.6,Moderate
SUB1135370,6337.85,6.189,4841.01,756.51,26.34,49.38,Heavy
SUB1856636,14921.76,14.572,13780.76,868.44,3.54,47.15,Power_User
SUB5642681,701.0,0.685,163.05,467.85,1.11,7.8,Light
SUB7194868,13899.42,13.574,14130.09,349.76,5.31,537.15,Power_User
SUB7535223,808.62,0.79,39.67,595.73,4.9,4.75,Light
SUB1427244,2957.47,2.888,2446.72,137.27,25.06,185.5,Moderate
SUB4555912,10848.03,10.594,9248.6,435.18,19.57,59.92,Power_User
SUB6011002,900.29,0.879,81.54,746.25,0.31,22.76,Light
SUB5713199,1636.75,1.598,280.19,1308.09,2.96,36.68,Light
SUB3514368,6258.35,6.112,6311.86,141.14,8.88,10.74,Heavy
SUB3089319,7785.04,7.603,6453.9,1791.47,13.43,40.21,Heavy
SUB6125819,309.59,0.302,95.4,149.74,3.72,7.85,Very_Light
SUB1792330,1873.96,1.83,1374.31,161.81,20.16,159.37,Light
SUB5474843,957.69,0.935,795.5,95.11,0.25,0.59,Light
SUB2742955,3688.8,3.602,2286.52,200.79,43.96,972.67,Moderate
SUB8312203,2527.99,2.469,2326.79,112.99,1.52,3.74,Moderate
SUB9654758,302.85,0.296,231.2,37.92,0.58,16.69,Very_Light
SUB3786905,569.07,0.556,583.69,9.67,0.16,5.5,Light
SUB2845964,891.74,0.871,724.62,75.8,0.17,43.83,Light
SUB7734714,2139.26,2.089,1716.89,50.23,17.02,144.93,Moderate
SUB9878023,656.29,0.641,446.68,149.53,3.14,1.18,Light
SUB4503548,7921.25,7.736,6381.98,1078.41,3.18,0.0,Heavy
SUB1646012,1688.18,1.649,915.19,665.57,11.1,69.84,Light
SUB8185115,2076.29,2.028,1061.82,771.98,0.49,93.4,Moderate
SUB3585181,5276.29,5.153,4697.43,448.62,1.21,268.26,Heavy
SUB8981512,2010.23,1.963,811.2,970.86,9.58,18.65,Light
SUB3269798,1718.33,1.678,1205.02,479.33,1.44,158.36,Light
SUB5181726,1048.93,1.024,436.57,446.96,1.54,32.74,Light
SUB4439289,696.14,0.68,302.58,361.79,0.77,15.59,Light
SUB7641620,1300.27,1.27,151.17,1160.12,3.6,36.46,Light
SUB8685815,3361.34,3.283,1686.72,1562.47,1.57,77.46,Moderate
SUB9521267,9721.61,9.494,8799.07,148.75,51.44,302.01,Heavy
SUB3598475,2192.84,2.141,1916.91,222.5,3.14,16.79,Moderate
SUB1639872,726.95,0.71,460.23,125.48,1.21,3.87,Light
SUB4855798,187.78,0.183,135.72,27.93,1.88,6.1,Very_Light
SUB5941412,206.75,0.202,133.67,26.53,0.06,0.0,Very_Light
SUB3959470,3425.53,3.345,2437.91,829.15,5.54,17.95,Moderate
SUB1936320,1788.13,1.746,1745.04,135.03,0.23,30.64,Light
SUB6010168,20956.87,20.466,20422.7,593.41,33.33,16.34,Power_User
SUB6422569,3164.87,3.091,2555.33,320.28,11.77,17.92,Moderate
SUB2647824,6850.96,6.69,5796.9,835.46,11.76,59.24,Heavy
SUB4383973,15084.57,14.731,15229.13,722.28,3.31,340.02,Power_User
SUB6810786,1323.33,1.292,508.53,650.43,4.21,2.17,Light
SUB5125903,1456.94,1.423,451.34,817.83,0.32,15.89,Light
SUB9821437,2287.28,2.234,878.5,1156.04,0.23,0.0,Moderate
SUB5411054,966.49,0.944,519.16,298.03,8.04,30.47,Light
SUB5314896,666.95,0.651,180.56,147.12,16.93,218.75,Light
SUB1234000,3524.85,3.442,3209.93,135.35,12.16,18.82,Moderate
SUB9710745,2643.1,2.581,2308.83,395.67,8.44,8.29,Moderate
SUB8942992,288.05,0.281,176.66,42.5,1.19,4.91,Very_Light
SUB8144013,4171.14,4.073,2458.92,1387.1,0.41,58.03,Moderate
SUB5573957,445.98,0.436,268.01,143.83,0.07,36.59,Very_Light
SUB9955118,1448.71,1.415,733.57,734.61,9.08,13.32,Light
SUB1708092,7664.32,7.485,7313.12,660.54,5.16,37.11,Heavy
SUB8724826,1686.95,1.647,660.2,702.67,5.95,111.6,Light
SUB2097996,2521.94,2.463,1817.32,624.12,2.03,22.06,Moderate
SUB9988400,979.99,0.957,655.29,173.71,10.32,17.29,Light
SUB5817911,2818.63,2.753,1983.18,582.85,4.31,6.69,Moderate
SUB5858939,1500.98,1.466,468.07,716.09,4.69,160.13,Light
SUB7254597,2632.02,2.57,2045.64,227.84,16.81,23.6,Moderate
SUB1668629,9038.4,8.827,9706.01,135.69,1.15,24.84,Heavy
SUB2171248,857.86,0.838,536.03,99.53,2.73,103.72,Light
SUB2383640,1655.53,1.617,1014.94,251.66,2.43,176.44,Light
SUB1513953,4560.74,4.454,3267.44,1547.42,11.22,0.95,Moderate
SUB7051865,100.32,0.098,19.87,53.8,2.25,2.54,Very_Light
SUB7434323,3260.11,3.184,2314.82,1080.29,1.67,1.63,Moderate
SUB5563653,1962.38,1.916,1563.81,373.25,3.35,8.9,Light
SUB8801402,3600.38,3.516,3447.73,116.71,7.91,29.39,Moderate
SUB1685503,4691.46,4.582,4167.93,273.87,8.08,100.25,Moderate
SUB9811249,1465.9,1.432,1198.05,48.76,0.64,39.62,Light
SUB1337283,6210.99,6.065,4661.32,873.16,6.03,100.56,Heavy
SUB5777421,1589.89,1.553,1432.05,28.61,9.41,6.95,Light
SUB9779788,1062.52,1.038,884.8,74.13,2.51,70.62,Light
SUB6696390,467.88,0.457,428.11,7.48,0.96,0.0,Very_Light
SUB4699243,897.22,0.876,208.38,601.72,2.17,79.75,Light
SUB3497934,4502.87,4.397,4159.45,442.82,11.36,36.29,Moderate
SUB1578110,721.2,0.704,426.81,179.9,18.13,40.85,Light
SUB5218346,238.06,0.232,21.51,146.02,2.11,7.14,Very_Light
SUB5602606,2290.16,2.236,1881.07,336.79,3.46,58.62,Moderate
SUB7964203,1246.61,1.217,876.39,176.55,5.74,27.34,Light
SUB9284578,97.1,0.095,29.26,17.97,0.3,32.98,Very_Light
SUB5343699,6896.03,6.734,4224.29,1958.8,8.51,177.98,Heavy
SUB8153314,334.53,0.327,229.47,40.01,7.71,55.05,Very_Light
SUB4710879,1204.89,1.177,906.76,177.26,2.18,20.53,Light
SUB7926767,293.49,0.287,160.24,87.94,0.12,2.94,Very_Light
SUB3906492,2863.13,2.796,2671.97,390.93,9.4,8.97,Moderate
SUB4534150,6842.34,6.682,5815.71,272.48,4.26,21.97,Heavy
SUB7142314,3747.29,3.659,2966.66,663.13,3.13,313.42,Moderate
SUB6686321,72.79,0.071,54.97,6.19,0.38,0.0,Very_Light
SUB2741888,2753.27,2.689,1674.44,831.32,2.89,312.48,Moderate
SUB1122019,702.54,0.686,605.52,63.8,9.06,13.15,Light
SUB2765317,247.56,0.242,133.96,71.31,1.78,7.04,Very_Light
SUB1179001,574.12,0.561,231.66,261.0,0.54,1.05,Light
SUB9202637,2599.69,2.539,968.65,1756.07,3.81,3.57,Moderate
SUB4245988,811.74,0.793,556.02,146.44,6.34,5.63,Light
SUB4127022,3067.97,2.996,2863.28,69.72,9.51,5.67,Moderate
SUB9982339,2200.24,2.149,1728.69,134.69,3.33,94.53,Moderate
SUB8045927,18701.38,18.263,18985.4,1179.16,23.66,192.02,Power_User
SUB3416826,1409.37,1.376,449.92,791.82,41.51,13.04,Light
SUB8780047,200.11,0.195,68.69,71.46,4.55,35.67,Very_Light
SUB5290447,4115.68,4.019,3322.7,366.68,9.26,169.02,Moderate
SUB1144771,3695.02,3.608,2623.43,580.0,0.43,738.01,Moderate
SUB6214636,1317.38,1.287,811.81,286.72,1.64,3.63,Light
SUB6749593,7539.78,7.363,5520.49,1651.54,12.39,4.27,Heavy
SUB2008923,2690.49,2.627,2439.69,205.38,32.5,27.07,Moderate
SUB2820908,522.58,0.51,265.49,108.04,5.08,17.2,Light
SUB9499970,24705.43,24.126,23634.72,1622.38,16.26,94.32,Power_User
SUB4916533,2489.99,2.432,836.41,1554.93,6.7,61.28,Moderate
SUB6533831,567.93,0.555,471.18,9.6,1.26,6.59,Light
SUB5370602,3078.37,3.006,1112.66,1856.47,2.52,113.48,Moderate
SUB3680990,245.33,0.24,17.48,53.43,3.67,133.65,Very_Light
SUB5667592,2750.22,2.686,1781.88,362.9,0.19,238.64,Moderate
SUB3362854,1113.1,1.087,928.61,59.36,3.24,77.83,Light
SUB8284268,800.83,0.782,551.97,90.33,2.82,38.92,Light
SUB3409409,1725.04,1.685,600.71,804.63,5.73,108.66,Light
SUB4050999,12479.64,12.187,10300.31,1082.6,36.38,15.84,Power_User
SUB4051622,1372.39,1.34,1424.39,15.33,3.27,12.38,Light
SUB1775292,893.58,0.873,497.37,396.55,0.55,9.51,Light
SUB4927352,7743.8,7.562,6716.08,1113.05,1.53,79.15,Heavy
SUB3333647,4673.08,4.564,4541.43,24.01,15.95,0.0,Moderate
SUB4723234,1004.28,0.981,479.65,428.04,2.23,91.69,Light
SUB7572829,1297.59,1.267,940.0,266.49,15.71,21.5,Light
SUB1189073,2466.95,2.409,1716.08,383.8,46.25,397.98,Moderate
SUB1359281,3534.19,3.451,3099.16,147.64,6.39,66.75,Moderate
SUB8115972,1141.84,1.115,908.03,197.54,4.13,35.45,Light
SUB5414011,1978.25,1.932,1669.14,159.19,26.66,44.93,Light
SUB2085610,11258.48,10.995,9346.4,1060.06,16.6,27.0,Power_User
SUB9181932,2522.95,2.464,2426.92,117.88,66.06,47.72,Moderate
SUB8752342,777.84,0.76,671.13,59.97,3.94,4.02,Light
SUB4858884,970.44,0.948,301.7,373.31,5.7,80.73,Light
SUB2059165,1800.61,1.758,1112.91,430.5,0.68,86.16,Light
SUB6300101,461.47,0.451,278.77,101.93,2.39,31.94,Very_Light
SUB8595959,1228.4,1.2,746.57,102.61,3.89,283.95,Light
SUB4933817,1307.9,1.277,937.2,120.78,7.31,17.9,Light
SUB7932973,942.57,0.92,828.69,30.6,6.15,4.83,Light
SUB1576515,4352.37,4.25,3811.02,406.23,1.57,196.44,Moderate
SUB5287382,9855.85,9.625,9492.58,203.96,5.43,40.85,Heavy
SUB3050053,661.55,0.646,512.58,84.46,3.74,11.75,Light
SUB6021983,1191.72,1.164,553.8,509.71,2.22,75.25,Light
SUB1759401,4923.91,4.809,4585.11,235.62,0.51,13.95,Moderate
SUB2985681,3970.17,3.877,3319.37,187.58,11.69,72.09,Moderate
SUB3561913,960.39,0.938,792.72,107.1,4.96,12.16,Light
SUB5067784,2570.26,2.51,599.54,1622.77,4.59,41.43,Moderate
SUB2549317,260.2,0.254,209.07,28.15,0.37,0.48,Very_Light
SUB5262511,3907.68,3.816,3601.26,345.81,5.08,47.94,Moderate
SUB7625655,1086.16,1.061,597.72,430.94,2.36,15.49,Light
SUB1888698,390.14,0.381,206.94,51.55,1.71,8.74,Very_Light
SUB4486142,13796.48,13.473,12946.14,855.38,0.92,17.59,Power_User
SUB2559657,3326.47,3.249,2426.71,764.05,6.18,43.21,Moderate
SUB9196906,3888.99,3.798,3402.25,677.31,8.63,44.28,Moderate
SUB8697808,3048.19,2.977,1089.83,1598.43,11.22,80.27,Moderate
SUB6938271,9003.66,8.793,7924.41,335.14,0.78,61.72,Heavy
SUB4880323,1239.14,1.21,607.97,311.09,10.91,99.9,Light
SUB1545726,11407.54,11.14,10920.76,178.9,15.8,144.58,Power_User
SUB3680259,11539.89,11.269,10257.15,1065.97,0.1,64.26,Power_User
SUB8766824,4470.8,4.366,3106.16,935.48,1.5,10.57,Moderate
SUB9830852,447.39,0.437,149.17,200.48,1.67,5.53,Very_Light
SUB8399839,2536.47,2.477,2277.06,294.24,0.44,12.77,Moderate
SUB1490999,1450.15,1.416,976.36,401.9,7.24,55.04,Light
SUB4189189,807.47,0.789,543.56,58.56,1.4,95.33,Light
SUB7200853,3946.14,3.854,3884.21,113.57,0.06,7.0,Moderate
SUB8622611,3593.96,3.51,3234.98,427.89,0.46,6.99,Moderate
SUB9796015,1178.93,1.151,970.98,106.86,4.78,10.41,Light
SUB2303306,598.16,0.584,279.29,150.29,0.49,82.22,Light
SUB6489612,1961.39,1.915,1656.94,132.32,8.13,61.68,Light
SUB9809210,3461.96,3.381,3259.22,131.5,3.34,15.41,Moderate
SUB7567304,6187.33,6.042,6118.87,425.97,0.0,3.16,Heavy
SUB9445243,8679.81,8.476,9086.27,147.43,16.73,101.93,Heavy
SUB3343136,1685.94,1.646,752.56,1015.85,0.71,0.83,Light
SUB6568017,1171.55,1.144,882.08,66.4,12.9,78.28,Light
SUB5422888,2968.26,2.899,2801.63,95.62,1.64,29.69,Moderate
SUB7424342,1778.71,1.737,1760.13,62.54,26.31,1.9,Light
SUB8128146,1102.75,1.077,461.96,522.46,4.26,5.63,Light
SUB2720444,167.94,0.164,113.43,8.88,0.24,5.01,Very_Light
SUB1085166,1157.42,1.13,782.07,250.37,60.94,1.62,Light
SUB9074308,1536.57,1.501,1287.76,190.28,0.96,24.89,Light
SUB4443571,3257.72,3.181,2679.5,155.15,6.75,51.2,Moderate
SUB1297883,1188.32,1.16,1093.54,131.24,7.61,15.02,Light
SUB7850529,9002.23,8.791,8090.56,1375.73,7.85,163.5,Heavy
SUB1756079,203.89,0.199,51.92,99.73,0.75,13.03,Very_Light
SUB4633646,23799.28,23.241,20707.53,1853.5,66.74,264.52,Power_User
SUB2443401,3028.21,2.957,2458.57,213.73,18.1,60.75,Moderate
SUB7770153,1875.88,1.832,961.63,618.59,3.69,36.53,Light
SUB4011165,1352.15,1.32,781.87,362.1,0.46,46.97,Light
SUB2186430,1370.74,1.339,1305.23,84.44,2.1,19.67,Light
SUB5155304,2625.06,2.564,2051.33,765.72,2.06,5.19,Moderate
SUB7915096,1996.83,1.95,1596.55,176.37,9.18,14.46,Light
SUB7710605,415.4,0.406,208.23,95.92,0.36,1.35,Very_Light
SUB4809395,680.44,0.664,515.25,29.63,2.5,27.91,Light
SUB3659786,9652.3,9.426,8970.66,722.2,2.58,55.21,Heavy
SUB2160714,5295.12,5.171,4658.15,357.64,13.96,7.98,Heavy
SUB9701524,1449.48,1.416,1436.61,46.53,5.17,12.87,Light
SUB9737452,641.33,0.626,299.43,220.9,11.33,35.19,Light
SUB5322751,6492.5,6.34,6201.37,74.17,1.97,36.42,Heavy
SUB6248575,2614.17,2.553,1299.63,935.74,1.04,284.15,Moderate
SUB2612033,498.71,0.487,117.04,239.84,3.85,123.87,Very_Light
SUB3931531,4485.88,4.381,3694.82,403.83,1.24,21.55,Moderate
SUB4324024,4670.52,4.561,3722.83,589.86,6.02,6.08,Moderate
SUB8123753,3447.65,3.367,2471.3,789.7,3.76,8.87,Moderate
SUB5875217,1028.87,1.005,618.7,290.11,3.97,34.54,Light
SUB2414474,985.66,0.963,829.53,33.92,5.5,5.18,Light
SUB9741647,517.95,0.506,305.52,152.63,1.34,1.86,Light
SUB9050418,3200.2,3.125,2942.2,120.12,3.22,49.05,Moderate
SUB6620724,2440.35,2.383,2045.37,542.36,5.02,0.0,Moderate
SUB3957498,743.15,0.726,30.25,595.33,8.07,18.17,Light
SUB6244761,357.18,0.349,204.69,49.74,3.38,0.0,Very_Light
SUB7199951,940.64,0.919,804.13,43.52,0.68,9.19,Light
SUB2569720,2244.7,2.192,1602.4,781.65,4.43,24.08,Moderate
SUB6181930,520.93,0.509,428.49,51.93,0.09,5.06,Light
SUB8496110,2813.05,2.747,2245.3,442.49,0.28,130.34,Moderate
SUB8643374,16912.97,16.517,16844.73,933.51,3.74,103.02,Power_User
SUB6134639,1073.83,1.049,177.16,538.25,16.26,209.07,Light
SUB4571387,7695.68,7.515,6961.36,1002.24,5.48,169.06,Heavy
SUB5914150,1197.19,1.169,611.19,231.09,10.89,198.24,Light
SUB6282433,15337.3,14.978,15599.99,140.08,24.12,1.29,Power_User
SUB8738170,189.49,0.185,141.64,33.12,4.71,1.66,Very_Light
SUB1909210,829.67,0.81,252.0,558.93,3.41,23.17,Light
SUB9421374,634.62,0.62,410.87,108.87,0.89,22.52,Light
SUB7240327,131.85,0.129,69.78,15.94,1.36,3.26,Very_Light
SUB9158470,637.92,0.623,349.58,171.43,8.67,21.02,Light
SUB7289270,2489.43,2.431,1538.4,678.71,2.15,25.52,Moderate
SUB2460235,12410.22,12.119,11385.46,929.72,9.21,34.33,Power_User
SUB2458316,1739.69,1.699,456.49,1135.95,6.23,5.74,Light
SUB2427197,1610.12,1.572,1303.19,117.4,4.63,2.23,Light
SUB5128784,4030.67,3.936,2901.46,728.55,0.65,11.01,Moderate
SUB8139580,1541.17,1.505,820.24,451.55,3.33,141.13,Light
SUB5932048,2080.14,2.031,1372.29,601.25,4.16,49.89,Moderate
SUB7768419,8343.8,8.148,6773.5,1325.44,8.4,8.98,Heavy
SUB4861460,2254.9,2.202,1480.53,464.77,10.17,72.16,Moderate
SUB8102983,130.05,0.127,45.95,11.92,2.33,20.79,Very_Light
SUB4053380,1116.8,1.091,597.7,125.04,1.27,333.76,Light
SUB1311385,185.41,0.181,108.91,31.7,0.09,0.93,Very_Light
SUB7918863,293.52,0.287,94.74,106.22,2.16,37.34,Very_Light
SUB8916323,432.44,0.422,208.48,31.31,1.06,156.16,Very_Light
SUB4607323,3996.72,3.903,2315.63,1644.48,0.2,14.16,Moderate
SUB7514524,2103.76,2.054,1262.7,787.26,53.73,1.04,Moderate
SUB7257838,3045.61,2.974,2530.9,298.72,1.0,1.9,Moderate
SUB7415261,1949.85,1.904,1699.82,151.69,5.92,75.7,Light
SUB1809359,2224.99,2.173,1316.51,534.05,2.22,43.72,Moderate
SUB3201580,357.96,0.35,263.05,49.99,0.35,0.0,Very_Light
SUB2494139,210.94,0.206,153.4,30.68,0.99,17.77,Very_Light
SUB6473660,9773.85,9.545,9409.6,42.74,4.5,105.89,Heavy
SUB4009828,183.69,0.179,54.85,53.58,8.75,10.1,Very_Light
SUB5152092,2401.04,2.345,1649.51,536.91,10.94,69.53,Moderate
SUB1069518,3432.76,3.352,2036.34,962.37,1.48,41.42,Moderate
SUB1176355,1313.17,1.282,781.91,445.63,1.46,9.22,Light
SUB9508851,614.22,0.6,111.66,380.76,14.53,21.31,Light
SUB6201682,859.98,0.84,757.06,69.46,5.23,5.8,Light
SUB7042060,233.27,0.228,94.83,87.61,3.7,16.1,Very_Light
SUB8230057,393.19,0.384,306.79,34.76,0.78,4.57,Very_Light
SUB7687764,360.43,0.352,169.1,103.8,0.77,8.52,Very_Light
SUB4199039,4827.26,4.714,4913.28,219.04,2.19,54.59,Moderate
SUB3776374,517.05,0.505,226.24,143.74,2.57,89.12,Light
SUB7683635,314.92,0.308,177.54,53.8,0.1,10.48,Very_Light
SUB3318620,1253.0,1.224,1103.91,18.68,16.54,8.35,Light
SUB4487379,3035.09,2.964,2891.32,180.84,0.91,162.45,Moderate
SUB8300259,1675.14,1.636,1205.94,235.23,1.7,10.48,Light
SUB7295425,4077.35,3.982,3667.58,511.09,12.77,12.63,Moderate
SUB3429151,37874.04,36.986,34221.24,847.88,1.47,206.5,Power_User
SUB1041743,1081.34,1.056,875.65,91.81,0.48,5.72,Light
SUB9559556,4553.49,4.447,4198.9,484.13,8.9,2.92,Moderate
SUB6521452,69.41,0.068,17.36,25.88,0.2,1.31,Very_Light
SUB7850322,3428.12,3.348,2982.78,103.85,13.55,100.22,Moderate
SUB8950806,556.78,0.544,408.24,130.51,5.37,3.92,Light
SUB9890401,1047.66,1.023,582.87,241.91,5.91,31.77,Light
SUB9714892,3300.45,3.223,2737.03,469.23,7.83,15.38,Moderate
SUB2830314,316.26,0.309,203.88,27.55,0.95,2.92,Very_Light
SUB4777341,6262.04,6.115,3878.14,2071.18,12.72,5.85,Heavy
SUB9657116,441.33,0.431,323.68,44.19,3.93,4.1,Very_Light
SUB5585315,1044.0,1.02,724.24,195.02,6.49,7.15,Light
SUB6898931,536.54,0.524,284.48,194.01,9.83,14.82,Light
SUB5976563,1078.91,1.054,995.64,113.22,2.06,25.24,Light
SUB2770403,773.39,0.755,372.76,123.17,8.0,182.96,Light
SUB5371272,1149.92,1.123,1104.18,41.1,0.19,1.39,Light
SUB8568370,5840.68,5.704,5010.06,787.2,9.87,6.34,Heavy
SUB5929426,205.31,0.2,40.41,52.65,0.48,26.59,Very_Light
SUB1506995,948.74,0.927,516.67,422.37,2.66,31.97,Light
SUB3185454,16682.07,16.291,16448.37,238.08,10.31,97.76,Power_User
SUB7262094,6034.94,5.893,4169.0,1333.76,16.89,33.63,Heavy
SUB8928248,1121.73,1.095,690.1,404.74,20.64,5.79,Light
SUB3072723,7929.62,7.744,7111.14,809.6,20.04,775.24,Heavy
SUB6227528,2052.04,2.004,1748.42,138.52,1.37,3.89,Moderate
SUB1565635,7310.03,7.139,6721.11,131.57,3.06,42.56,Heavy
SUB1527409,16905.36,16.509,15083.51,710.79,22.54,98.03,Power_User
SUB1287635,1137.77,1.111,779.75,246.37,10.45,81.8,Light
SUB1583510,765.53,0.748,501.26,229.15,0.3,24.1,Light
SUB5722340,5597.67,5.466,5585.57,338.87,7.91,113.49,Heavy
SUB5778972,884.05,0.863,581.95,155.43,10.5,72.33,Light
SUB7335787,11194.51,10.932,10134.63,767.71,9.65,5.82,Power_User
SUB2693481,993.75,0.97,759.3,190.87,14.8,2.4,Light
SUB4061342,7871.73,7.687,6488.44,1040.58,7.4,513.57,Heavy
SUB1600198,928.6,0.907,859.14,106.59,4.47,0.54,Light
SUB1397891,17956.39,17.536,17944.71,1049.49,7.11,29.6,Power_User
SUB4081362,1154.98,1.128,563.65,506.78,11.78,1.43,Light
SUB5694505,1818.45,1.776,1014.73,535.85,2.93,217.57,Light
SUB4647965,3713.63,3.627,3571.77,260.96,2.23,2.09,Moderate
SUB2041566,19216.56,18.766,20491.09,155.14,7.77,0.92,Power_User
SUB6081502,264.59,0.258,223.6,21.3,3.22,14.58,Very_Light
SUB2619282,13843.25,13.519,11778.07,2112.2,26.85,49.33,Power_User
SUB4434078,4532.13,4.426,4115.13,147.16,23.96,55.1,Moderate
SUB4297466,1914.74,1.87,802.95,503.17,11.24,559.45,Light
SUB5441971,3053.16,2.982,2196.29,528.63,3.54,30.33,Moderate
SUB5850825,11617.72,11.345,11320.02,398.46,0.92,373.48,Power_User
SUB8323777,1574.01,1.537,1270.3,270.78,0.58,83.11,Light
SUB7805697,682.95,0.667,476.55,100.69,0.88,1.75,Light
SUB6595095,2977.45,2.908,1953.01,711.38,1.32,47.06,Moderate
SUB8438096,1496.69,1.462,1246.55,94.28,11.63,176.93,Light
SUB4053407,3087.33,3.015,1255.74,1686.62,1.8,149.74,Moderate
SUB2417231,329.93,0.322,81.82,156.91,0.08,28.94,Very_Light
SUB1407974,7351.25,7.179,4689.23,1846.41,19.95,170.05,Heavy
SUB4604724,1480.79,1.446,1184.59,188.21,0.72,2.63,Light
SUB7818922,331.53,0.324,135.81,91.57,1.06,33.91,Very_Light
SUB7847575,6127.83,5.984,6019.91,185.41,0.85,50.28,Heavy
SUB2151882,445.8,0.435,190.47,70.84,0.52,86.38,Very_Light
SUB7456182,4496.69,4.391,3922.47,448.57,6.8,66.22,Moderate
SUB9118612,6810.14,6.651,5606.55,504.22,6.15,791.58,Heavy
SUB7999366,564.93,0.552,280.45,278.49,17.28,7.15,Light
SUB3471321,2760.66,2.696,2573.3,76.87,1.51,9.65,Moderate
SUB1700270,657.74,0.642,502.49,75.23,4.81,20.92,Light
SUB9479025,1431.01,1.397,1107.64,198.58,0.47,86.03,Light
SUB5622942,877.31,0.857,621.15,138.33,9.26,38.87,Light
SUB1192458,3220.7,3.145,2551.17,456.2,4.41,18.02,Moderate
SUB5718912,432.28,0.422,229.23,158.88,8.57,14.63,Very_Light
SUB4896937,8585.15,8.384,7717.91,594.58,4.34,623.32,Heavy
SUB6497963,5323.92,5.199,5496.31,159.23,2.1,118.47,Heavy
SUB5102553,21756.54,21.247,21622.82,669.7,2.67,23.47,Power_User
SUB9434858,3786.07,3.697,3942.21,93.22,1.49,36.59,Moderate
SUB1475147,4071.91,3.976,3542.15,289.51,7.08,19.98,Moderate
SUB4017193,3562.1,3.479,2614.76,736.52,13.31,64.51,Moderate
SUB3112368,6008.31,5.867,4436.3,1875.98,13.47,164.91,Heavy
SUB7818753,4882.9,4.768,3955.56,527.63,7.23,45.4,Moderate
SUB1876336,8719.56,8.515,8311.4,883.14,3.19,4.96,Heavy
SUB7436737,210.84,0.206,149.25,7.67,0.0,12.31,Very_Light
SUB5898107,447.92,0.437,364.78,58.6,2.37,19.84,Very_Light
SUB6782197,6851.99,6.691,6155.68,876.49,3.57,150.63,Heavy
SUB5071867,9398.2,9.178,8285.82,638.99,7.94,566.02,Heavy
SUB8110953,399.8,0.39,264.95,47.47,2.61,10.15,Very_Light
SUB2418060,1204.0,1.176,318.46,604.37,33.51,28.94,Light
SUB5228087,1302.04,1.272,731.65,143.58,1.34,353.39,Light
SUB5228456,541.84,0.529,268.34,133.71,1.09,65.74,Light
SUB5639022,4876.68,4.762,4244.28,203.6,8.82,242.74,Moderate
SUB6796260,2161.13,2.11,2050.76,48.82,3.46,11.2,Moderate
SUB9537333,1951.19,1.905,1556.86,132.84,2.61,36.1,Light
SUB9879823,1727.66,1.687,1018.75,466.29,0.9,68.77,Light
SUB6997804,1328.54,1.297,1112.32,224.22,5.69,32.91,Light
SUB3268693,14118.94,13.788,12090.28,1539.91,4.44,20.0,Power_User
SUB4924152,787.67,0.769,416.56,241.44,5.79,9.94,Light
SUB8688659,1208.35,1.18,888.78,268.06,2.01,12.92,Light
SUB9710506,1022.76,0.999,861.36,91.15,1.02,9.64,Light
SUB1685338,281.35,0.275,174.66,53.09,2.44,19.54,Very_Light
SUB4502415,2814.1,2.748,1101.99,1527.39,6.26,114.83,Moderate
SUB7334625,2424.05,2.367,2202.36,134.67,2.0,15.55,Moderate
SUB9443353,2874.7,2.807,1121.94,1399.58,24.45,3.43,Moderate
SUB2683032,2651.58,2.589,1676.5,1051.4,9.1,4.38,Moderate
SUB6232651,3861.79,3.771,3144.18,458.17,25.25,12.85,Moderate
SUB6954632,334.98,0.327,259.82,61.23,2.72,15.92,Very_Light
SUB3118219,2382.52,2.327,1868.45,182.4,17.12,472.96,Moderate
SUB3148185,723.91,0.707,496.02,115.36,2.14,24.25,Light
SUB9433864,1149.22,1.122,915.12,107.59,5.81,17.86,Light
SUB8037449,6812.01,6.652,6909.13,482.2,3.97,7.29,Heavy
SUB9890872,8857.63,8.65,7853.35,889.26,0.91,27.64,Heavy
SUB4346145,1482.34,1.448,971.81,381.97,1.07,11.68,Light
SUB3183955,1493.97,1.459,1360.5,110.72,7.52,41.05,Light
SUB1479809,2164.53,2.114,1528.81,385.33,3.24,83.12,Moderate
SUB3650432,3412.74,3.333,3014.74,262.09,5.28,106.23,Moderate
SUB5175282,2347.24,2.292,1381.22,657.9,10.29,190.59,Moderate
SUB6455483,3288.69,3.212,2561.34,387.75,4.73,90.85,Moderate
SUB7864547,1129.23,1.103,439.97,507.92,11.66,37.86,Light
SUB2767413,2616.13,2.555,2396.73,45.79,23.73,10.89,Moderate
SUB3573697,1165.92,1.139,956.38,200.99,3.81,16.28,Light
SUB4600952,1816.47,1.774,1660.46,163.63,1.8,0.0,Light
SUB2971277,1463.81,1.43,618.15,759.9,5.42,36.66,Light
SUB6546510,3217.04,3.142,2089.77,632.17,62.98,66.7,Moderate
SUB8896403,1011.62,0.988,258.6,557.37,8.2,84.27,Light
SUB7097020,953.79,0.931,276.21,612.2,6.4,8.04,Light
SUB6354342,351.15,0.343,214.7,110.08,1.02,4.54,Very_Light
SUB2196311,11534.71,11.264,10033.01,942.98,14.76,12.16,Power_User
SUB1142157,4655.99,4.547,3979.61,668.35,2.61,323.01,Moderate
SUB5788109,12094.39,11.811,11272.11,228.95,2.39,61.32,Power_User
SUB2462603,488.78,0.477,290.77,82.34,12.99,17.07,Very_Light
SUB1136645,1489.51,1.455,857.03,569.85,9.63,58.56,Light
SUB2652131,2219.74,2.168,2017.04,158.37,33.58,103.63,Moderate
SUB2186837,4245.33,4.146,3652.96,415.94,0.68,24.5,Moderate
SUB9730829,527.76,0.515,508.34,35.57,2.11,11.31,Light
SUB8845219,5368.96,5.243,4111.1,1253.42,0.31,294.58,Heavy
SUB1053687,4137.31,4.04,2673.98,1292.28,3.52,86.25,Moderate
SUB3490272,404.09,0.395,280.24,56.56,3.19,17.02,Very_Light
SUB7843308,649.18,0.634,296.38,117.33,1.56,27.69,Light
SUB6173395,13082.46,12.776,11152.37,1264.67,13.53,185.7,Power_User
SUB3629137,13150.26,12.842,11055.4,1163.3,19.08,14.13,Power_User
SUB5776415,82.69,0.081,6.81,50.01,2.73,0.81,Very_Light
SUB8208387,1763.89,1.723,398.25,1130.65,4.79,33.43,Light
SUB7892180,328.41,0.321,161.86,82.83,7.72,37.98,Very_Light
SUB4861607,432.88,0.423,330.7,73.11,1.73,25.33,Very_Light
SUB5124390,3140.78,3.067,2636.48,508.79,9.7,119.42,Moderate
SUB3656222,545.74,0.533,486.37,26.26,1.11,1.8,Light
SUB5434315,961.2,0.939,700.12,125.31,3.6,60.02,Light
SUB2553744,3715.09,3.628,3342.39,673.65,3.0,38.01,Moderate
SUB5266988,1927.59,1.882,1286.1,494.62,16.21,15.78,Light
SUB6693014,95.68,0.093,37.0,29.46,0.52,15.93,Very_Light
SUB9121485,1990.25,1.944,1637.56,203.45,1.34,11.0,Light
SUB6459501,327.14,0.319,244.27,17.51,0.16,7.47,Very_Light
SUB8575327,18441.08,18.009,16716.53,659.46,2.2,49.68,Power_User
SUB5013582,12398.5,12.108,12517.56,211.29,2.33,43.29,Power_User
SUB3872875,1321.28,1.29,811.93,370.58,1.9,1.28,Light
SUB2841646,6028.18,5.887,5841.71,589.83,9.03,163.79,Heavy
SUB6800545,189.93,0.185,96.11,81.03,1.35,15.77,Very_Light
SUB8970564,488.87,0.477,322.6,38.73,12.71,22.42,Very_Light
SUB9038508,2060.46,2.012,1286.28,727.37,2.6,28.1,Moderate
SUB2596246,627.5,0.613,476.77,99.31,1.44,26.21,Light
SUB9194253,1527.73,1.492,812.19,631.21,1.17,24.77,Light
SUB5428622,372.08,0.363,270.83,37.98,1.15,6.15,Very_Light
SUB3469930,789.76,0.771,776.93,61.47,0.34,0.66,Light
SUB1131936,5522.83,5.393,3158.98,2069.09,12.92,243.68,Heavy
SUB9226036,3998.65,3.905,2282.56,1197.44,3.31,38.31,Moderate
SUB6152030,4696.22,4.586,3310.2,815.8,17.73,25.6,Moderate
SUB5842256,1469.62,1.435,1325.06,121.45,8.95,84.09,Light
SUB3469970,3383.5,3.304,3013.88,140.73,2.19,7.89,Moderate
SUB6062581,2245.97,2.193,730.73,1120.34,8.65,76.01,Moderate
SUB6312470,747.17,0.73,222.74,197.68,0.27,221.39,Light
SUB3578682,2238.06,2.186,1203.93,894.05,12.71,159.57,Moderate
SUB2504900,1558.48,1.522,1271.29,129.17,5.39,18.62,Light
SUB9580504,14286.7,13.952,12854.6,580.64,0.17,170.69,Power_User
SUB6283422,552.8,0.54,308.16,133.34,21.88,39.03,Light
SUB5607765,12776.75,12.477,11143.26,2060.86,77.53,9.54,Power_User
SUB8157676,492.1,0.481,331.16,127.79,5.85,35.0,Very_Light
SUB3380612,426.06,0.416,110.6,178.77,10.14,6.35,Very_Light
SUB9622587,4199.51,4.101,3097.01,617.02,8.45,40.02,Moderate
SUB9666712,3320.55,3.243,1961.42,908.25,7.59,111.28,Moderate
SUB6219574,19754.21,19.291,17670.33,650.33,0.2,101.22,Power_User
SUB6569451,1759.23,1.718,648.98,887.56,0.0,14.94,Light
SUB5791882,375.56,0.367,302.29,8.02,0.54,5.81,Very_Light
SUB7862758,1585.24,1.548,1018.16,318.46,0.16,80.27,Light
SUB1995893,926.19,0.904,780.17,83.35,10.1,11.45,Light
SUB3670492,2025.4,1.978,1361.15,641.88,0.0,21.84,Light
SUB8354421,7739.34,7.558,5990.72,1215.41,17.86,51.43,Heavy
SUB3977299,7098.73,6.932,4853.68,1935.81,24.59,51.62,Heavy
SUB3934317,14667.31,14.324,13074.6,1465.36,1.99,275.02,Power_User
SUB5537454,780.57,0.762,635.5,14.23,1.58,4.06,Light
SUB9151168,1424.55,1.391,1027.86,140.73,15.29,11.65,Light
SUB2546064,829.82,0.81,686.05,121.53,2.18,0.0,Light
SUB4240641,3739.11,3.651,3269.47,261.52,0.36,24.3,Moderate
SUB3715548,3972.26,3.879,3865.39,311.84,23.88,72.62,Moderate
SUB1779091,1769.24,1.728,1184.61,422.05,1.99,40.61,Light
SUB2706930,363.6,0.355,228.32,57.43,3.87,15.9,Very_Light
SUB6967520,2601.39,2.54,1871.89,516.0,4.07,35.61,Moderate
SUB1964795,7290.88,7.12,6904.47,142.58,7.89,35.83,Heavy
SUB2578458,220.05,0.215,120.1,68.45,0.26,0.0,Very_Light
SUB9658123,1676.67,1.637,186.09,1363.72,21.41,3.18,Light
SUB6981804,13724.54,13.403,12874.87,1271.4,10.04,108.46,Power_User
SUB8583491,313.37,0.306,89.6,171.51,0.35,13.97,Very_Light
SUB1671986,11434.79,11.167,11471.01,362.02,0.15,0.86,Power_User
SUB9526508,1170.68,1.143,823.16,194.83,3.3,37.91,Light
SUB8845772,499.15,0.487,299.68,88.07,2.41,63.13,Very_Light
SUB9048056,4147.99,4.051,2429.99,1369.5,4.84,184.26,Moderate
SUB7989875,2528.63,2.469,1941.6,450.14,4.0,13.46,Moderate
SUB9901674,718.07,0.701,606.27,37.08,0.13,28.48,Light
SUB5008146,521.44,0.509,125.29,334.06,10.26,7.06,Light
SUB3361331,716.55,0.7,407.53,157.74,4.33,0.0,Light
SUB2158343,411.01,0.401,248.93,157.79,0.36,10.15,Very_Light
SUB1541529,736.64,0.719,325.48,334.33,4.17,19.0,Light
SUB5348530,395.36,0.386,104.54,116.3,5.32,64.12,Very_Light
SUB9283161,559.66,0.547,321.97,142.94,2.68,0.0,Light
SUB6156758,4681.13,4.571,4034.99,233.76,4.97,5.82,Moderate
SUB3153548,1104.56,1.079,374.85,583.11,3.38,14.95,Light
SUB9507528,9503.02,9.28,7180.72,1520.49,2.3,35.11,Heavy
SUB1406547,420.19,0.41,205.39,154.65,1.95,3.29,Very_Light
SUB2657583,1744.51,1.704,489.32,1148.41,1.2,11.82,Light
SUB1063014,2127.2,2.077,1505.38,503.05,1.7,1.02,Moderate
SUB7477006,1175.77,1.148,567.23,199.09,0.14,390.19,Light
SUB6910494,238.36,0.233,120.06,55.12,1.39,0.0,Very_Light
SUB2235382,662.34,0.647,405.88,129.38,7.09,2.8,Light
SUB6228298,3014.48,2.944,2407.47,657.84,6.77,20.67,Moderate
SUB5532889,7587.66,7.41,5755.6,1585.14,4.63,56.36,Heavy
SUB9745386,7444.7,7.27,6696.19,422.46,4.3,40.76,Heavy
SUB8775679,1025.76,1.002,509.57,366.76,12.64,43.91,Light
SUB4132293,558.41,0.545,470.06,27.27,1.78,31.71,Light
SUB5032371,878.62,0.858,316.52,298.32,9.61,77.06,Light
SUB3602352,669.17,0.653,407.79,155.77,10.93,10.98,Light
SUB2531817,1471.91,1.437,1277.97,211.38,18.1,9.85,Light
SUB7767835,294.16,0.287,85.08,47.29,8.13,100.53,Very_Light
SUB3015074,1382.57,1.35,1213.35,78.53,7.21,37.6,Light
SUB6715175,6814.33,6.655,6371.34,831.97,1.59,207.99,Heavy
SUB8745863,782.39,0.764,648.54,80.12,1.12,68.22,Light
SUB5720058,12467.27,12.175,11862.75,55.69,3.38,18.32,Power_User
SUB7619511,3757.85,3.67,3280.07,216.78,1.06,41.01,Moderate
SUB2802502,117.24,0.114,83.09,8.8,2.38,18.78,Very_Light
SUB2462538,1804.54,1.762,1479.54,268.58,27.99,3.06,Light
SUB7379878,1764.04,1.723,1407.29,247.77,0.13,23.31,Light
SUB6745980,1431.72,1.398,961.52,364.97,2.32,99.31,Light
SUB3026819,1070.26,1.045,911.9,70.5,0.3,0.0,Light
SUB6209995,1288.52,1.258,714.47,590.16,4.85,34.79,Light
SUB4934053,912.85,0.891,885.94,50.2,3.82,3.48,Light
SUB8632749,533.83,0.521,278.82,128.18,0.0,31.03,Light
SUB6864075,2110.43,2.061,1909.21,114.99,6.43,3.8,Moderate
SUB1732722,2375.92,2.32,1932.9,282.35,21.28,0.0,Moderate
SUB6080692,289.31,0.283,129.76,101.17,3.46,5.28,Very_Light
SUB7025261,5349.97,5.225,5025.69,219.65,7.71,64.78,Heavy
SUB9245044,3160.8,3.087,2119.09,765.85,8.4,15.45,Moderate
SUB4875416,1833.4,1.79,1747.18,48.09,1.63,25.66,Light
SUB6038460,3937.93,3.846,3603.37,235.57,12.81,30.67,Moderate
SUB8317619,267.74,0.261,138.4,84.18,0.08,0.0,Very_Light
SUB7038602,176.51,0.172,95.87,19.25,0.58,36.4,Very_Light
SUB5101599,1594.07,1.557,522.69,840.75,35.4,225.22,Light
SUB2390598,9342.84,9.124,7691.75,2098.54,13.9,36.32,Heavy
SUB5546925,1258.45,1.229,932.05,192.32,22.56,125.7,Light
SUB5879797,2827.17,2.761,2442.59,220.6,11.2,29.36,Moderate
SUB4775702,1278.91,1.249,939.85,115.15,8.03,9.78,Light
SUB5090284,3752.36,3.664,2810.64,757.59,18.39,42.51,Moderate
SUB7770161,5130.1,5.01,4393.37,607.75,14.07,1.95,Heavy
SUB7898410,2886.24,2.819,1903.17,884.15,9.61,15.42,Moderate
SUB3455918,3333.75,3.256,3412.35,206.22,0.93,11.1,Moderate
SUB9053048,3943.18,3.851,4048.86,150.82,8.53,24.58,Moderate
SUB9093212,816.48,0.797,601.24,123.57,3.75,0.54,Light
SUB9699043,265.34,0.259,162.26,71.17,12.86,16.27,Very_Light
SUB9547085,1705.18,1.665,1223.9,536.54,0.51,34.73,Light
SUB8588173,938.26,0.916,811.06,55.73,0.89,1.61,Light
SUB8955229,4795.36,4.683,3970.51,198.76,9.93,160.36,Moderate
SUB8110928,4522.42,4.416,2391.35,792.33,17.36,722.66,Moderate
SUB4730370,3505.51,3.423,2378.22,775.37,4.19,0.0,Moderate
SUB4688173,4364.06,4.262,3108.89,647.38,11.05,73.32,Moderate
SUB7705836,1931.75,1.886,1236.21,370.03,3.63,20.86,Light
SUB9009806,1093.95,1.068,903.36,161.8,4.25,1.45,Light
SUB2980407,1692.63,1.653,1400.95,147.93,1.71,48.72,Light
SUB7143192,613.88,0.599,502.39,55.51,14.01,21.84,Light
SUB4277746,2590.4,2.53,1038.74,1696.79,8.0,25.55,Moderate
SUB1801125,718.47,0.702,432.1,208.44,6.53,7.86,Light
SUB3386537,7639.63,7.461,6241.72,865.62,27.67,49.72,Heavy
SUB3998778,23566.4,23.014,21243.86,340.14,4.44,335.56,Power_User
SUB3693695,4208.19,4.11,3785.53,467.55,68.27,11.62,Moderate
SUB2768693,210.7,0.206,136.86,3.66,2.76,42.49,Very_Light
SUB6254230,929.34,0.908,514.82,283.73,2.38,14.72,Light
SUB4856600,3412.67,3.333,3025.04,466.24,9.98,163.79,Moderate
SUB1101894,708.07,0.691,568.02,26.83,2.32,6.96,Light
SUB2408277,10117.69,9.881,9309.43,564.56,15.14,39.81,Heavy
SUB7188753,4248.17,4.149,4489.77,110.19,1.69,8.42,Moderate
SUB4567945,1665.47,1.626,1464.88,122.11,17.34,9.86,Light
SUB4666569,34544.62,33.735,30773.89,520.02,10.46,14.56,Power_User
SUB4229112,9040.11,8.828,6998.57,1569.5,0.8,158.18,Heavy
SUB2048966,691.5,0.675,427.91,270.02,0.64,3.02,Light
SUB8820783,13619.7,13.3,11300.86,1702.69,10.12,112.84,Power_User
SUB8875889,3170.38,3.096,2815.2,355.4,3.98,23.85,Moderate
SUB5216794,6810.33,6.651,6245.2,1084.05,0.86,74.1,Heavy
SUB3089632,402.7,0.393,203.87,109.57,2.9,7.13,Very_Light
SUB8834112,7414.31,7.241,6306.08,591.68,3.27,83.4,Heavy
SUB5799412,9573.71,9.349,6700.19,2093.78,8.42,155.93,Heavy
SUB8729578,421.69,0.412,385.19,38.97,0.27,6.73,Very_Light
SUB1312579,4226.8,4.128,2843.76,998.65,1.4,63.85,Moderate
SUB7807040,1395.63,1.363,1273.74,100.35,8.6,13.78,Light
SUB7355421,1048.66,1.024,471.51,354.33,18.36,71.75,Light
SUB2563825,419.86,0.41,233.38,83.05,1.4,61.21,Very_Light
SUB4518920,4585.82,4.478,4072.49,472.17,3.63,91.33,Moderate
SUB5028604,6884.69,6.723,6605.36,692.16,0.94,15.87,Heavy
SUB8433980,388.48,0.379,279.12,63.32,6.5,8.81,Very_Light
SUB2524631,1198.91,1.171,1099.02,75.8,1.65,42.63,Light
SUB6224369,1082.0,1.057,819.37,73.61,2.09,44.4,Light
SUB5961914,2650.27,2.588,2361.02,237.53,12.63,12.62,Moderate
SUB8595853,1857.26,1.814,1748.93,19.74,5.21,92.47,Light
SUB8650961,816.29,0.797,262.46,374.42,2.35,1.4,Light
SUB1906395,2145.87,2.096,1780.73,265.17,5.72,125.19,Moderate
SUB2944606,2806.24,2.74,2099.04,428.02,17.48,33.58,Moderate
SUB9288515,928.02,0.906,804.94,75.43,3.35,1.03,Light
SUB5805028,2288.18,2.235,1425.55,388.71,3.33,444.21,Moderate
SUB1970278,2074.84,2.026,1810.45,41.07,3.72,32.1,Moderate
SUB9884527,2987.33,2.917,3073.78,83.17,3.8,2.82,Moderate
SUB6271513,2826.3,2.76,2645.46,157.82,24.77,24.49,Moderate
SUB6005231,3281.85,3.205,3322.24,25.75,7.73,52.22,Moderate
SUB3948134,12361.68,12.072,10733.57,411.45,2.58,43.9,Power_User
SUB2347203,4197.17,4.099,3647.74,151.69,24.76,56.09,Moderate
SUB7666781,2539.89,2.48,1242.61,1405.1,0.58,29.78,Moderate
SUB9855197,1133.11,1.107,910.57,91.61,0.59,53.28,Light
SUB2187018,3453.38,3.372,2866.86,301.86,1.29,36.99,Moderate
SUB6097579,8597.45,8.396,7227.51,679.62,40.11,22.27,Heavy
SUB8411979,2087.02,2.038,1685.62,466.57,1.25,4.16,Moderate
SUB3267357,623.39,0.609,357.3,40.37,0.92,38.16,Light
SUB2799971,1356.34,1.325,1395.7,73.78,0.0,4.83,Light
SUB1573881,808.51,0.79,560.08,136.54,5.06,9.07,Light
SUB7296665,13680.16,13.36,11971.2,560.69,6.87,17.75,Power_User
SUB6893868,335.81,0.328,123.02,110.75,8.6,41.89,Very_Light
SUB8609387,680.93,0.665,406.19,251.52,0.79,1.63,Light
SUB6252807,479.79,0.469,149.05,194.46,2.59,53.53,Very_Light
SUB4878551,288.43,0.282,157.78,75.77,6.22,5.26,Very_Light
SUB4301394,3738.45,3.651,3297.35,201.79,23.25,106.07,Moderate
SUB3827364,5289.3,5.165,3437.77,1798.21,12.72,113.72,Heavy
SUB4354513,1196.83,1.169,1120.35,37.04,0.61,1.02,Light
SUB2613560,5597.38,5.466,3753.74,1392.55,4.95,83.71,Heavy
SUB3293673,2701.67,2.638,2267.42,139.87,1.3,56.17,Moderate
SUB4475488,1328.47,1.297,1208.93,26.4,3.53,26.37,Light
SUB4020745,18801.64,18.361,16203.31,859.84,5.62,31.65,Power_User
SUB5644068,2056.13,2.008,1639.68,161.27,6.43,9.05,Moderate
SUB4302923,2485.94,2.428,1188.92,912.25,5.8,257.54,Moderate
SUB6643893,3750.6,3.663,3412.45,524.21,7.13,21.33,Moderate
SUB4195741,8784.96,8.579,6842.12,1382.04,1.65,20.65,Heavy
SUB9605094,824.36,0.805,622.93,93.91,2.1,29.1,Light
SUB9815496,1622.99,1.585,1153.15,305.78,2.18,40.31,Light
SUB1835988,2115.84,2.066,1762.4,147.63,2.76,1.46,Moderate
SUB6104459,7071.75,6.906,6377.91,355.45,0.57,144.04,Heavy
SUB9103670,4343.88,4.242,2988.67,1580.05,7.06,25.4,Moderate
SUB1550428,3312.28,3.235,2786.64,228.69,1.71,8.44,Moderate
SUB3089706,337.37,0.329,9.06,309.75,1.81,0.0,Very_Light
SUB5305665,5634.63,5.503,5020.13,773.07,4.4,74.77,Heavy
SUB3889190,12661.4,12.365,11258.63,329.04,2.65,92.48,Power_User
SUB9785780,934.56,0.913,705.83,143.25,0.11,2.29,Light
SUB8751938,177.31,0.173,79.88,59.9,2.71,2.76,Very_Light
SUB8660678,555.1,0.542,141.26,390.77,4.82,2.38,Light
SUB1255658,1976.2,1.93,1488.38,467.29,1.41,26.9,Light
SUB2730283,1265.03,1.235,821.12,207.04,7.26,1.2,Light
SUB7395300,2192.3,2.141,1534.96,196.54,1.24,573.46,Moderate
SUB6029792,1806.39,1.764,455.5,1096.08,0.39,44.59,Light
SUB7389690,6592.78,6.438,5976.33,958.57,0.94,22.19,Heavy
SUB7766174,5051.6,4.933,4088.38,435.98,36.63,37.39,Moderate
SUB1751993,3439.52,3.359,1230.52,1709.65,6.89,74.29,Moderate
SUB1828282,1332.59,1.301,861.99,371.71,8.99,113.95,Light
SUB9860369,2935.49,2.867,2033.99,906.33,31.38,56.47,Moderate
SUB7615920,8219.95,8.027,7900.47,547.01,8.26,36.25,Heavy
SUB8313367,8975.44,8.765,8080.36,147.13,4.6,29.23,Heavy
SUB8359659,7166.45,6.998,7113.58,154.99,5.75,6.92,Heavy
SUB8663998,1141.64,1.115,628.24,441.13,2.37,51.29,Light
SUB6465513,317.78,0.31,202.83,70.58,3.44,5.19,Very_Light
SUB1317942,2121.2,2.071,1732.29,222.81,4.22,3.97,Moderate
SUB4894456,3052.65,2.981,2848.07,187.19,16.04,11.92,Moderate
SUB1337462,8567.39,8.367,7141.53,1815.38,12.14,127.49,Heavy
SUB6609210,493.08,0.482,364.25,36.77,0.83,62.78,Very_Light
SUB4928207,340.85,0.333,134.06,138.03,0.13,55.95,Very_Light
SUB9810381,3177.96,3.103,3061.24,101.24,7.23,58.2,Moderate
SUB3430630,148.44,0.145,84.1,9.03,1.53,25.51,Very_Light
SUB5563167,780.88,0.763,652.81,83.76,1.57,1.84,Light
SUB8463131,4858.07,4.744,3954.65,291.43,13.52,630.22,Moderate
SUB3795126,392.62,0.383,98.77,212.04,0.9,60.51,Very_Light
SUB8614896,253.02,0.247,193.37,37.25,0.2,1.99,Very_Light
SUB6562632,9370.24,9.151,7837.81,816.72,16.7,42.72,Heavy
SUB7398905,11335.02,11.069,9827.59,205.27,6.85,648.12,Power_User
SUB6345708,6058.66,5.917,5709.96,366.35,1.84,93.68,Heavy
SUB5266399,2740.29,2.676,1541.27,1110.02,3.19,37.16,Moderate
SUB3727364,239.1,0.233,81.84,89.06,5.54,11.38,Very_Light
SUB9476201,7888.27,7.703,6301.31,1772.66,42.78,11.73,Heavy
SUB6582266,6125.77,5.982,5347.48,173.85,1.07,33.25,Heavy
SUB1902473,1508.83,1.473,169.74,903.09,0.61,338.07,Light
SUB1126202,694.99,0.679,497.8,63.2,13.16,6.72,Light
SUB9507150,780.21,0.762,706.44,61.72,0.18,0.46,Light
SUB2417158,8026.12,7.838,7796.55,841.2,5.01,173.21,Heavy
SUB2835932,2904.34,2.836,859.45,2036.29,9.23,15.97,Moderate
SUB3672762,5566.13,5.436,5432.18,567.19,8.22,92.91,Heavy
SUB4716434,562.15,0.549,176.0,302.14,4.33,47.17,Light
SUB1455433,6165.95,6.021,5133.8,1186.16,5.28,63.2,Heavy
SUB9478748,3571.39,3.488,1462.15,1134.28,2.18,632.85,Moderate
SUB2515554,374.46,0.366,190.15,36.33,1.95,46.62,Very_Light
SUB2584645,6179.44,6.035,5751.83,261.12,5.36,10.23,Heavy
SUB4230786,583.76,0.57,303.8,131.71,0.91,80.38,Light
SUB5676103,12425.42,12.134,13294.36,390.74,0.88,12.75,Power_User
SUB4416403,3272.61,3.196,1305.43,1478.85,1.75,220.0,Moderate
SUB8639214,2598.35,2.537,1797.66,581.03,20.43,3.89,Moderate
SUB8690115,1568.86,1.532,925.69,357.77,8.63,75.35,Light
SUB4621420,1486.38,1.452,996.26,498.98,19.2,7.57,Light
SUB4943439,2806.34,2.741,2046.17,358.09,10.16,161.83,Moderate
SUB2251661,504.57,0.493,16.92,170.27,0.25,312.75,Very_Light
SUB2114100,3792.38,3.703,2568.37,1084.1,5.84,0.0,Moderate
SUB8816184,555.77,0.543,420.03,17.07,0.51,25.9,Light
SUB2509390,1018.99,0.995,742.63,171.67,0.74,85.49,Light
SUB3007878,2942.31,2.873,2887.99,167.74,0.16,10.93,Moderate
SUB5712037,694.81,0.679,446.3,180.94,1.54,45.88,Light
SUB9704225,694.94,0.679,384.48,260.41,1.3,20.04,Light
SUB8228840,31797.09,31.052,29564.39,628.63,37.88,17.86,Power_User
SUB2804053,1105.06,1.079,656.15,177.34,24.95,142.89,Light
SUB7281328,1385.02,1.353,884.3,494.39,0.9,3.41,Light
SUB5470756,1854.64,1.811,1455.91,177.0,0.0,103.59,Light
SUB9480171,449.77,0.439,385.52,30.39,2.13,3.77,Very_Light
SUB3827754,3943.1,3.851,2832.55,770.72,31.04,92.07,Moderate
SUB5953799,459.08,0.448,281.68,81.95,7.04,16.2,Very_Light
SUB9239115,3550.31,3.467,2471.81,562.85,4.92,91.91,Moderate
SUB9351184,4152.69,4.055,3425.68,414.97,0.94,16.79,Moderate
SUB4739469,604.39,0.59,478.68,77.9,3.76,8.98,Light
SUB9642979,1012.33,0.989,611.71,205.28,10.66,37.97,Light
SUB3199318,193.8,0.189,80.76,55.76,2.53,7.4,Very_Light
SUB6257386,693.22,0.677,433.01,178.46,1.7,1.96,Light
SUB4094510,1570.34,1.534,1199.39,176.34,0.36,170.56,Light
SUB1420888,845.73,0.826,505.57,273.09,2.16,17.94,Light
SUB9295953,2285.38,2.232,1906.72,197.66,9.23,29.46,Moderate
SUB6570090,7851.41,7.667,7912.91,316.77,3.32,15.0,Heavy
SUB1190285,8775.52,8.57,7531.36,192.76,16.44,916.88,Heavy
SUB4196699,14952.48,14.602,13162.14,2256.95,26.94,39.58,Power_User
SUB3211130,674.42,0.659,325.56,262.52,0.95,0.83,Light
SUB2207739,292.54,0.286,48.74,162.67,2.31,26.18,Very_Light
SUB9176958,399.58,0.39,112.37,186.88,1.14,7.2,Very_Light
SUB4128411,1163.85,1.137,587.99,334.75,13.86,93.99,Light
SUB6130418,6201.8,6.056,5774.88,607.12,22.48,3.6,Heavy
SUB3716826,10157.29,9.919,8233.01,1643.43,15.92,190.06,Heavy
SUB2488543,1293.72,1.263,791.21,352.98,6.71,81.88,Light
SUB6853294,509.37,0.497,28.33,397.28,0.19,27.86,Very_Light
SUB6929191,7458.07,7.283,6885.81,155.66,15.43,432.87,Heavy
SUB3702303,5875.86,5.738,4558.18,677.59,0.97,52.31,Heavy
SUB3437587,3428.55,3.348,3161.47,173.79,13.31,114.34,Moderate
SUB7417115,6038.76,5.897,4727.01,541.11,6.23,488.58,Heavy
SUB6587757,8235.06,8.042,8282.65,188.32,29.46,123.8,Heavy
SUB2111288,3162.6,3.088,2985.03,91.08,49.68,5.71,Moderate
SUB4298273,524.28,0.512,154.75,299.98,0.37,9.67,Light
SUB8316359,7866.14,7.682,7609.96,492.63,9.6,6.54,Heavy
SUB9992719,981.36,0.958,770.87,36.48,2.77,57.12,Light
SUB7323686,2108.18,2.059,1531.6,164.07,7.8,164.79,Moderate
SUB7594244,4961.2,4.845,4458.48,525.91,2.25,31.41,Moderate
SUB1831635,5998.91,5.858,5648.22,281.64,2.32,9.41,Heavy
SUB2467217,3496.41,3.414,2676.01,333.9,1.48,160.92,Moderate
SUB3744686,14580.18,14.238,15074.45,596.17,11.96,54.79,Power_User
SUB4230545,3126.2,3.053,2958.44,96.65,4.67,59.25,Moderate
SUB8578689,205.4,0.201,110.33,58.03,0.13,1.77,Very_Light
SUB8557065,1238.77,1.21,944.68,158.33,11.45,25.37,Light
SUB1231414,10598.27,10.35,9450.18,266.38,5.77,12.58,Power_User
SUB3402110,3622.06,3.537,3151.7,382.54,5.51,45.7,Moderate
SUB2643083,3664.29,3.578,2111.57,1027.41,0.66,249.18,Moderate
SUB6050058,941.13,0.919,827.23,104.89,1.18,41.09,Light
SUB1021650,12803.42,12.503,11280.57,791.12,3.63,16.15,Power_User
SUB2404962,1641.61,1.603,1538.4,99.24,1.39,11.05,Light
SUB4023846,3387.08,3.308,2538.14,1046.49,10.54,1.79,Moderate
SUB3913293,675.56,0.66,316.32,296.18,0.3,58.97,Light
SUB9594859,997.83,0.974,585.3,256.87,22.72,32.39,Light
SUB7825687,10347.15,10.105,9321.72,896.08,3.76,51.31,Power_User
SUB4844328,330.13,0.322,185.52,67.23,3.98,21.21,Very_Light
SUB8779008,645.8,0.631,358.51,283.95,3.53,19.71,Light
SUB7020010,2323.61,2.269,1465.06,566.2,2.25,5.11,Moderate
SUB8121782,318.15,0.311,225.09,60.79,4.39,3.07,Very_Light
SUB6172886,2853.47,2.787,2172.03,555.58,0.51,15.59,Moderate
SUB5513207,17086.81,16.686,14116.03,1278.07,0.79,240.62,Power_User
SUB9050763,1084.19,1.059,738.54,187.98,0.75,105.06,Light
SUB2724854,1544.92,1.509,1300.31,187.95,0.69,11.86,Light
SUB9771419,6519.1,6.366,5238.11,1232.18,34.88,23.05,Heavy
SUB5695995,2234.16,2.182,1817.94,102.07,1.28,14.42,Moderate
SUB2008314,377.98,0.369,142.94,240.36,1.06,8.18,Very_Light
SUB5408608,1192.21,1.164,877.26,247.15,13.18,10.77,Light
SUB3493330,4440.62,4.337,3958.35,326.69,2.48,7.87,Moderate
SUB7730419,1498.96,1.464,1344.21,50.91,8.24,0.0,Light
SUB7605949,26500.15,25.879,24974.5,858.01,28.81,7.56,Power_User
SUB5396208,443.7,0.433,103.01,174.14,10.14,158.07,Very_Light
SUB1711716,6464.2,6.313,6461.33,264.21,27.49,48.71,Heavy
SUB3767257,5976.51,5.836,5976.66,192.11,4.88,9.6,Heavy
SUB8542242,837.31,0.818,695.83,179.99,1.89,5.91,Light
SUB8359055,1560.69,1.524,663.21,867.78,0.36,1.25,Light
SUB2699660,4015.5,3.921,3301.99,474.68,22.32,5.73,Moderate
SUB7110845,985.83,0.963,762.95,194.47,1.94,1.9,Light
SUB1345430,1116.32,1.09,774.32,268.12,26.01,11.79,Light
SUB2857845,628.91,0.614,497.44,70.82,0.67,10.84,Light
SUB3505365,2293.3,2.24,863.45,1428.32,12.09,27.39,Moderate
SUB7312379,4122.54,4.026,3228.25,1135.01,2.57,15.59,Moderate
SUB9135340,4775.04,4.663,4446.16,149.45,6.76,25.92,Moderate
SUB1847405,353.89,0.346,246.06,62.86,0.76,13.72,Very_Light
SUB1233462,1167.35,1.14,832.42,357.06,3.35,1.44,Light
SUB7342869,1886.0,1.842,797.86,477.01,2.6,508.48,Light
SUB3986068,394.45,0.385,103.12,243.36,4.16,8.58,Very_Light
SUB2968921,2069.6,2.021,1863.63,175.62,5.12,2.49,Moderate
SUB4401447,1991.41,1.945,1861.05,99.59,0.0,10.32,Light
SUB6515328,3870.53,3.78,2719.39,823.52,3.2,4.92,Moderate
SUB9798834,4398.98,4.296,3956.66,393.86,27.96,36.14,Moderate
SUB6369919,1083.95,1.059,725.51,299.65,2.68,1.12,Light
SUB2764694,7022.56,6.858,5686.34,1438.43,15.0,9.98,Heavy
SUB7471530,1910.98,1.866,1619.16,31.09,0.07,0.9,Light
SUB2807254,2716.13,2.652,1875.91,516.64,28.35,11.78,Moderate
SUB6002828,828.27,0.809,367.91,395.3,16.64,20.74,Light
SUB1131562,3292.35,3.215,2542.03,481.08,15.03,55.15,Moderate
SUB6904214,1117.33,1.091,951.12,192.95,7.24,8.3,Light
SUB7933966,6642.73,6.487,4788.04,1351.35,16.92,48.98,Heavy
SUB6590240,1311.73,1.281,1035.84,88.08,2.63,11.01,Light
SUB9358827,2707.59,2.644,2164.63,490.28,1.11,60.84,Moderate
SUB1360306,2496.78,2.438,863.23,1531.61,5.6,133.58,Moderate
SUB8565991,3522.19,3.44,1438.6,1324.27,57.43,383.77,Moderate
SUB3724274,1001.0,0.978,625.43,310.24,15.71,17.74,Light
SUB2594502,871.66,0.851,638.28,158.69,0.37,12.15,Light
SUB2488303,1996.34,1.95,1914.53,175.21,1.96,12.48,Light
SUB6982547,843.0,0.823,591.13,152.58,5.15,39.67,Light
SUB1518490,3633.28,3.548,2790.74,505.74,24.66,10.64,Moderate
SUB5229228,1784.33,1.743,1313.21,233.34,0.21,82.06,Light
SUB2903124,13392.36,13.078,13716.67,313.8,4.18,1.97,Power_User
SUB3792537,2885.59,2.818,1160.88,921.12,8.02,623.49,Moderate
SUB7254887,562.01,0.549,316.74,157.8,2.04,3.64,Light
SUB4147887,4663.32,4.554,4171.39,200.48,4.88,15.43,Moderate
SUB7864684,152.18,0.149,64.38,9.86,7.16,5.42,Very_Light
SUB2587542,361.22,0.353,276.22,56.29,1.72,6.13,Very_Light
SUB4862163,461.07,0.45,246.32,160.62,2.98,4.45,Very_Light
SUB8745269,1411.31,1.378,789.31,259.88,31.88,219.98,Light
SUB5856436,888.73,0.868,778.83,20.87,1.17,103.36,Light
SUB8056784,6685.89,6.529,5817.74,665.81,4.06,7.85,Heavy
SUB9543144,337.06,0.329,250.26,40.27,1.65,0.0,Very_Light
SUB7234408,2074.28,2.026,1846.96,390.46,5.62,2.27,Moderate
SUB1624773,1177.17,1.15,905.55,278.32,6.36,0.82,Light
SUB8581002,27411.48,26.769,26111.78,699.39,40.47,289.77,Power_User
SUB3017528,309.46,0.302,91.62,150.01,1.46,28.65,Very_Light
SUB2678332,2205.17,2.153,382.9,691.65,0.87,1011.89,Moderate
SUB2002021,5053.39,4.935,4351.92,118.33,59.9,55.21,Moderate
SUB7292357,6750.78,6.593,6277.89,844.92,3.22,158.66,Heavy
SUB3185132,75.41,0.074,15.78,27.14,0.92,0.0,Very_Light
SUB1292007,6655.53,6.5,6357.09,247.2,5.7,16.54,Heavy
SUB7778519,889.21,0.868,373.76,386.87,4.25,91.49,Light
SUB3928785,8614.62,8.413,8970.08,136.46,7.66,3.02,Heavy
SUB5791164,2641.69,2.58,1611.9,1016.8,19.17,0.9,Moderate
SUB2612119,9442.83,9.222,8489.34,751.31,10.91,699.33,Heavy
SUB8927532,515.84,0.504,172.72,235.98,0.16,2.42,Light
SUB9776381,306.04,0.299,120.24,103.15,4.95,25.87,Very_Light
SUB7277120,330.66,0.323,199.89,88.92,1.16,2.47,Very_Light
SUB5216803,709.46,0.693,557.62,65.94,3.13,6.41,Light
SUB3583677,539.05,0.526,243.96,277.32,0.15,44.17,Light
SUB1143704,745.64,0.728,645.67,44.94,0.15,56.16,Light
SUB9454364,632.55,0.618,454.8,87.34,1.48,19.19,Light
SUB7731666,13157.11,12.849,12571.36,1158.73,0.24,96.94,Power_User
SUB8891784,9507.57,9.285,8150.76,651.45,5.03,153.59,Heavy
SUB8775872,1302.31,1.272,1091.96,191.09,0.9,13.97,Light
SUB5714386,4561.44,4.455,4104.07,431.9,5.85,17.0,Moderate
SUB3396640,833.72,0.814,115.52,613.71,2.87,6.21,Light
SUB7375247,602.62,0.588,284.76,162.08,0.64,48.64,Light
SUB7994791,2170.98,2.12,1775.45,214.3,3.52,12.98,Moderate
SUB4278262,8602.93,8.401,7027.1,1397.42,11.25,113.66,Heavy
SUB9246673,600.94,0.587,107.01,445.97,10.45,10.41,Light
SUB8421473,5893.25,5.755,3659.78,1760.08,0.98,126.08,Heavy
SUB2916796,2406.4,2.35,313.11,1713.95,48.82,42.75,Moderate
SUB2286188,245.74,0.24,145.83,89.39,0.19,7.64,Very_Light
SUB9822405,3542.99,3.46,3054.84,108.47,19.09,28.51,Moderate
SUB4085945,589.91,0.576,425.94,127.32,5.49,21.94,Light
SUB5168773,1460.33,1.426,1299.9,83.31,3.31,3.76,Light
SUB7637034,4376.08,4.274,3548.72,695.44,2.24,423.79,Moderate
SUB8948838,267.79,0.262,60.46,168.99,1.61,3.37,Very_Light
SUB2784094,1603.03,1.565,1568.63,82.38,3.0,34.45,Light
SUB1239608,1014.23,0.99,555.76,368.08,3.3,48.78,Light
SUB4662097,1166.87,1.14,919.18,43.26,7.11,69.19,Light
SUB9737723,898.88,0.878,645.37,174.73,0.09,1.79,Light
SUB9054515,269.37,0.263,116.82,72.77,0.19,0.0,Very_Light
SUB5297084,21792.5,21.282,20196.97,898.17,23.68,1.33,Power_User
SUB4146243,960.23,0.938,405.38,427.0,0.4,2.42,Light
SUB5042942,1342.25,1.311,978.0,365.06,3.01,9.66,Light
SUB1853159,5191.74,5.07,4970.64,80.32,2.76,76.96,Heavy
SUB4898888,3938.97,3.847,3337.59,142.93,1.22,48.25,Moderate
SUB1895596,407.79,0.398,99.01,201.5,1.14,0.7,Very_Light
SUB8648392,3861.17,3.771,1944.59,1225.18,15.5,340.54,Moderate
SUB3431129,11657.63,11.384,11295.21,699.3,0.86,640.06,Power_User
SUB2600720,13572.14,13.254,12787.24,246.83,9.7,64.45,Power_User
SUB3605327,1103.41,1.078,789.9,250.67,1.2,38.37,Light
SUB4219598,7884.88,7.7,6356.39,682.87,38.14,33.59,Heavy
SUB7184546,382.74,0.374,210.63,138.36,1.3,9.2,Very_Light
SUB7387958,1050.48,1.026,586.34,381.58,2.13,14.41,Light
SUB9979219,171.96,0.168,104.86,20.27,4.48,1.62,Very_Light
SUB9817164,2001.24,1.954,1400.0,569.69,0.34,46.39,Light
SUB4675049,492.84,0.481,198.31,270.48,2.08,15.05,Very_Light
SUB7626924,1724.58,1.684,423.65,795.7,37.96,271.37,Light
SUB7045001,467.08,0.456,207.17,199.86,0.51,1.78,Very_Light
SUB6876924,3880.07,3.789,3947.3,290.67,1.79,26.85,Moderate
SUB9868958,301.67,0.295,174.55,72.49,18.85,1.26,Very_Light
SUB1496232,597.23,0.583,228.41,333.62,1.84,21.3,Light
SUB4634183,4278.21,4.178,3431.57,1171.13,10.28,62.02,Moderate
SUB8602242,1394.41,1.362,864.86,325.2,23.27,24.27,Light
SUB3628973,2351.63,2.297,2138.87,255.93,1.88,25.48,Moderate
SUB4912669,3842.39,3.752,3811.09,87.82,0.93,1.52,Moderate
SUB4991818,4079.3,3.984,2822.81,1031.89,12.6,8.2,Moderate
SUB9164962,13676.0,13.355,11585.49,1164.47,7.56,222.52,Power_User
SUB4779044,9607.57,9.382,8677.22,156.77,1.84,102.58,Heavy
SUB7041084,133.43,0.13,61.9,25.96,2.49,1.98,Very_Light
SUB6070121,2080.32,2.032,1562.2,234.6,10.44,50.52,Moderate
SUB1250231,1927.21,1.882,722.19,976.74,0.62,3.01,Light
SUB5735524,199.37,0.195,132.96,44.17,0.56,7.53,Very_Light
SUB4372105,1679.87,1.64,1411.02,238.82,7.18,1.32,Light
SUB7741499,159.83,0.156,93.92,40.26,3.09,8.78,Very_Light
SUB1978935,1980.39,1.934,823.41,807.35,4.15,154.97,Light
SUB6267528,1627.95,1.59,1390.86,140.4,0.67,43.16,Light
SUB3130118,2592.49,2.532,2094.04,263.74,2.96,47.11,Moderate
SUB1420993,636.05,0.621,429.13,86.79,2.14,52.09,Light
SUB4401461,4618.88,4.511,4042.11,641.7,16.34,10.99,Moderate
SUB3260791,4637.12,4.528,3461.18,803.19,6.91,180.95,Moderate
SUB9634939,2974.26,2.905,2802.12,157.38,0.66,45.02,Moderate
SUB5601318,315.66,0.308,145.73,91.34,7.93,17.24,Very_Light
SUB8274324,7318.53,7.147,6360.37,441.42,20.34,114.64,Heavy
SUB5080790,2267.0,2.214,2148.34,150.81,2.02,37.11,Moderate
SUB3752690,4459.13,4.355,2854.54,1135.71,8.35,22.59,Moderate
SUB2003510,1342.86,1.311,1082.33,176.5,0.07,15.39,Light
SUB2071192,789.98,0.771,456.2,150.5,1.08,74.51,Light
SUB4415473,515.69,0.504,161.06,316.47,8.64,0.53,Light
SUB2860371,1410.76,1.378,1139.05,130.14,11.48,37.19,Light
SUB8778512,1241.88,1.213,854.72,400.89,4.6,38.86,Light
SUB2571480,663.47,0.648,543.68,143.49,0.16,2.27,Light
SUB4615590,3949.82,3.857,3611.71,357.0,2.85,16.61,Moderate
SUB3360901,1223.08,1.194,552.03,355.55,1.36,178.23,Light
SUB8238225,1514.09,1.479,756.99,645.74,9.88,18.13,Light
SUB3952053,1265.02,1.235,519.92,270.95,57.49,353.29,Light
SUB4291987,2456.92,2.399,1701.55,487.64,0.43,7.85,Moderate
SUB8541714,668.86,0.653,490.05,70.56,5.1,23.6,Light
SUB5263272,216.67,0.212,97.26,87.8,4.22,1.79,Very_Light
SUB9973326,1198.45,1.17,1139.65,60.51,0.48,51.74,Light
SUB6492952,1130.24,1.104,669.94,455.99,1.63,17.12,Light
SUB7297042,305.29,0.298,213.09,71.9,0.48,1.95,Very_Light
SUB5052579,1942.78,1.897,1886.78,76.47,2.56,63.09,Light
SUB8200262,1756.48,1.715,1478.97,129.77,5.6,1.76,Light
SUB4884175,6617.28,6.462,4997.51,1686.91,0.4,373.25,Heavy
SUB8725166,3277.55,3.201,2993.05,57.88,3.22,1.77,Moderate
SUB8689205,4090.7,3.995,2997.84,573.39,0.47,117.02,Moderate
SUB2609425,887.94,0.867,631.35,63.4,3.25,115.13,Light
SUB3303707,543.74,0.531,241.29,215.84,10.88,43.34,Light
SUB1998899,1218.43,1.19,725.47,369.87,3.34,23.06,Light
SUB6462610,682.35,0.666,477.27,175.96,7.46,41.97,Light
SUB3098729,2022.19,1.975,1242.1,544.26,10.95,9.09,Light
SUB8237310,638.69,0.624,425.86,68.15,0.0,6.25,Light
SUB2820844,165.98,0.162,30.15,112.65,3.45,5.2,Very_Light
SUB1951302,4001.42,3.908,3688.91,676.13,10.9,0.0,Moderate
SUB8568538,5047.98,4.93,4614.64,104.7,0.55,37.13,Moderate
SUB2120803,4370.21,4.268,3147.66,1358.91,20.91,73.86,Moderate
SUB8139845,7447.63,7.273,6915.63,79.79,3.21,2.52,Heavy
SUB8587973,1558.16,1.522,1002.98,346.83,0.76,47.05,Light
SUB1150653,8610.56,8.409,8403.45,270.18,40.87,55.18,Heavy
SUB3488144,2901.76,2.834,2438.43,174.41,2.79,2.63,Moderate
SUB6962413,795.99,0.777,497.07,321.23,6.41,25.4,Light
SUB6127319,2845.6,2.779,2545.37,132.8,6.27,150.89,Moderate
SUB4483978,1527.62,1.492,1142.91,178.86,11.28,4.11,Light
SUB6942654,3320.89,3.243,3032.2,335.57,1.77,28.08,Moderate
SUB6839741,3346.78,3.268,3237.76,104.37,6.16,11.02,Moderate
SUB6088539,1886.75,1.843,1086.46,451.05,15.59,144.05,Light
SUB7935426,489.63,0.478,295.02,113.93,5.7,74.1,Very_Light
SUB6780554,2488.64,2.43,2000.73,505.49,48.55,2.74,Moderate
SUB9774821,1767.07,1.726,1427.02,97.89,2.52,102.97,Light
SUB6297340,1182.83,1.155,993.79,113.72,0.12,4.31,Light
SUB3496589,1987.21,1.941,1236.68,567.49,0.31,5.58,Light
SUB1416690,4543.12,4.437,4372.99,381.97,2.85,12.46,Moderate
SUB3996244,1473.65,1.439,1057.14,361.61,0.58,3.8,Light
SUB6359462,603.94,0.59,158.47,340.98,2.47,19.48,Light
SUB8838941,8506.79,8.307,7029.55,2011.39,20.99,95.42,Heavy
SUB1678066,907.8,0.887,501.34,233.22,0.32,72.3,Light
SUB2877779,8873.79,8.666,7689.97,437.2,4.07,109.15,Heavy
SUB2625199,2508.5,2.45,940.81,1048.79,3.98,363.18,Moderate
SUB2801951,512.56,0.501,286.82,154.6,0.16,2.63,Light
SUB9441557,846.53,0.827,538.38,253.25,1.0,32.14,Light
SUB9228736,427.92,0.418,267.85,24.93,11.98,45.58,Very_Light
SUB1789148,791.03,0.772,671.98,37.52,1.96,9.38,Light
SUB9340791,2420.65,2.364,1297.19,680.7,0.73,256.46,Moderate
SUB9372602,1398.13,1.365,911.22,304.78,24.25,31.1,Light
SUB8008642,2168.03,2.117,1960.44,77.46,1.63,10.4,Moderate
SUB4821301,1055.21,1.03,744.72,122.29,7.2,14.51,Light
SUB2308166,2444.09,2.387,1327.09,916.19,0.31,90.95,Moderate
SUB7192357,3769.81,3.681,3345.93,472.43,0.84,26.12,Moderate
SUB3511019,391.68,0.382,154.31,67.96,0.45,107.91,Very_Light
SUB2330728,9467.17,9.245,7981.4,439.55,0.0,142.21,Heavy
SUB2029242,1879.47,1.835,1459.92,232.38,9.62,7.81,Light
SUB3167626,3856.09,3.766,3372.31,230.34,1.24,140.13,Moderate
SUB4708201,882.36,0.862,503.84,210.53,10.64,8.11,Light
SUB9738676,1079.76,1.054,207.31,637.06,4.75,124.5,Light
SUB8283377,1389.93,1.357,872.26,361.18,8.15,0.48,Light
SUB8017955,881.63,0.861,641.95,101.18,19.1,3.64,Light
SUB3738384,6537.99,6.385,5938.43,65.84,0.28,39.96,Heavy
SUB1404911,3222.57,3.147,2937.8,382.26,9.88,1.88,Moderate
SUB3508164,116.03,0.113,22.16,28.96,3.69,5.35,Very_Light
SUB4319343,352.16,0.344,242.58,25.13,0.9,49.91,Very_Light
SUB7174943,359.32,0.351,320.65,51.68,0.13,0.0,Very_Light
SUB2169070,433.85,0.424,313.4,76.59,2.98,14.46,Very_Light
SUB1171277,11323.56,11.058,10290.72,1181.24,22.8,244.35,Power_User
SUB8351548,430.03,0.42,273.09,93.64,0.09,1.44,Very_Light
SUB2361212,1887.85,1.844,1807.66,154.53,2.83,33.99,Light
SUB6880926,2775.68,2.711,2584.81,376.74,0.92,14.2,Moderate
SUB2603344,1101.89,1.076,821.57,137.52,4.22,6.96,Light
SUB7562865,1935.18,1.89,1316.5,659.91,2.79,13.38,Light
SUB7929909,220.33,0.215,94.09,38.36,0.79,22.12,Very_Light
SUB9113649,743.12,0.726,436.06,152.77,13.19,31.91,Light
SUB2381710,10500.66,10.255,10461.79,438.89,16.51,47.1,Power_User
SUB3591822,2357.83,2.303,1828.31,525.56,7.86,2.7,Moderate
SUB3057797,1999.23,1.952,1452.93,337.32,7.53,91.87,Light
SUB5415239,4366.53,4.264,3932.96,558.57,14.25,7.21,Moderate
SUB4101373,429.66,0.42,323.21,19.52,5.4,12.97,Very_Light
SUB3800174,1305.73,1.275,1307.42,74.0,8.47,15.68,Light
SUB1873420,18650.8,18.214,18104.22,1509.74,2.7,189.39,Power_User
SUB7002024,3819.82,3.73,2406.19,1379.99,22.95,36.49,Moderate
SUB9881111,422.29,0.412,240.16,107.88,1.44,38.99,Very_Light
SUB5412903,474.22,0.463,229.26,175.08,0.58,0.0,Very_Light
SUB3565820,7918.23,7.733,7076.0,143.64,2.62,218.01,Heavy
SUB6834611,637.58,0.623,348.66,89.19,2.96,42.21,Light
SUB6534448,186.4,0.182,22.4,46.8,0.8,46.0,Very_Light
SUB7332961,1630.68,1.592,958.27,138.4,0.61,350.16,Light
SUB9369597,3185.93,3.111,2103.54,593.6,15.85,61.35,Moderate
SUB8442510,1038.89,1.015,678.44,229.49,7.58,1.02,Light
SUB8402731,1536.69,1.501,1252.99,27.65,9.04,191.39,Light
SUB1944461,993.29,0.97,413.07,365.14,2.85,69.71,Light
SUB2467256,3229.43,3.154,2849.07,149.32,11.35,39.71,Moderate
SUB5349025,1437.22,1.404,937.41,397.71,5.27,5.41,Light
SUB8112646,5107.44,4.988,3058.11,2136.09,8.3,13.15,Moderate
SUB5330972,799.41,0.781,527.23,198.23,2.89,2.26,Light
SUB9667126,1130.01,1.104,1159.63,52.34,1.2,4.86,Light
SUB7934430,193.71,0.189,92.22,63.9,0.17,1.65,Very_Light
SUB4411647,10467.63,10.222,7456.64,2021.84,9.93,253.18,Power_User
SUB8725976,1959.78,1.914,1156.92,706.21,2.48,9.23,Light
SUB8098917,1254.82,1.225,842.49,242.44,4.98,171.18,Light
SUB3705421,719.41,0.703,416.61,220.75,0.48,5.66,Light
SUB6798273,3179.55,3.105,2036.76,1280.3,4.39,4.24,Moderate
SUB9795492,206.64,0.202,120.07,57.45,0.7,12.39,Very_Light
SUB9535640,314.36,0.307,245.22,14.32,1.76,16.18,Very_Light
SUB7942263,1256.58,1.227,694.75,403.79,1.37,172.23,Light
SUB5652124,883.02,0.862,124.47,586.7,0.58,64.85,Light
SUB2362516,24368.22,23.797,21862.03,480.95,2.17,0.89,Power_User
SUB3375100,20468.61,19.989,21132.22,693.42,1.0,33.22,Power_User
SUB6227541,166.45,0.163,18.13,102.21,8.96,9.1,Very_Light
SUB2718562,10152.74,9.915,9471.76,792.47,3.94,25.75,Heavy
SUB3256356,11457.68,11.189,8777.93,1538.0,18.69,624.18,Power_User
SUB8215409,1932.88,1.888,1651.14,223.49,0.58,9.35,Light
SUB2329785,464.61,0.454,264.62,153.43,2.8,20.12,Very_Light
SUB8179391,570.97,0.558,210.24,286.61,0.64,15.17,Light
SUB5299376,519.39,0.507,322.16,78.99,2.85,2.78,Light
SUB3761642,2416.91,2.36,1834.96,499.94,14.86,123.74,Moderate
SUB5283664,2044.81,1.997,1915.95,225.71,4.2,22.3,Light
SUB5881539,1141.99,1.115,1015.18,83.38,4.84,4.04,Light
SUB5964948,9369.81,9.15,8247.92,265.34,22.87,324.68,Heavy
SUB3758566,25287.74,24.695,21012.49,2264.36,58.38,468.95,Power_User
SUB3328033,1845.11,1.802,994.79,512.33,0.59,141.01,Light
SUB2155933,3059.79,2.988,2584.09,493.29,1.13,95.18,Moderate
SUB9175576,2331.48,2.277,1546.97,850.6,26.49,30.16,Moderate
SUB8166276,1123.21,1.097,1196.57,18.89,2.35,5.96,Light
SUB8691332,1686.36,1.647,1725.0,64.77,2.43,2.83,Light
SUB8059903,1184.28,1.157,408.14,598.16,7.57,93.44,Light
SUB6441039,445.49,0.435,125.89,178.28,0.09,48.55,Very_Light
SUB7077234,552.21,0.539,158.45,230.69,4.63,2.96,Light
SUB1194152,896.83,0.876,713.67,38.99,0.87,25.54,Light
SUB2928356,1155.19,1.128,764.72,387.12,1.78,3.83,Light
SUB5797927,1612.55,1.575,1364.65,13.54,7.83,90.17,Light
SUB4119812,2694.72,2.632,2561.55,2.78,0.75,3.06,Moderate
SUB4800760,371.59,0.363,229.91,42.5,8.77,42.43,Very_Light
SUB1975112,1373.0,1.341,617.93,577.69,12.75,109.78,Light
SUB5033123,1630.4,1.592,1325.93,50.02,3.65,54.15,Light
SUB6414229,1314.74,1.284,308.47,832.84,2.31,122.47,Light
SUB1555839,3008.5,2.938,1839.62,889.89,4.84,448.51,Moderate
SUB1614101,775.9,0.758,344.55,293.32,14.75,19.86,Light
SUB1449813,1809.05,1.767,1536.85,161.25,2.2,1.26,Light
SUB9227489,184.92,0.181,91.43,4.59,0.15,64.39,Very_Light
SUB6147501,1451.33,1.417,849.59,379.1,0.68,54.35,Light
SUB6121632,256.98,0.251,182.8,48.03,0.0,21.33,Very_Light
SUB6896721,1865.28,1.822,270.4,1571.53,3.84,24.89,Light
SUB1551238,6501.04,6.349,6424.81,214.5,2.88,28.12,Heavy
SUB6895038,1046.58,1.022,688.35,191.83,3.3,55.29,Light
SUB4643488,235.52,0.23,130.66,4.82,0.12,68.81,Very_Light
SUB9388823,114.27,0.112,34.54,33.68,0.79,0.0,Very_Light
SUB3895107,780.15,0.762,600.59,109.44,0.14,37.46,Light
SUB6049425,2241.21,2.189,1290.68,858.36,1.67,25.84,Moderate
SUB8907386,335.79,0.328,11.6,114.15,5.11,137.79,Very_Light
SUB2017375,1039.3,1.015,652.2,123.71,1.6,86.4,Light
SUB1272544,1142.71,1.116,495.79,541.34,1.56,12.75,Light
SUB1534633,3437.18,3.357,3390.29,82.04,4.82,24.77,Moderate
SUB6276776,1427.08,1.394,377.32,743.08,8.67,121.03,Light
SUB2863907,354.02,0.346,257.38,83.64,0.42,5.13,Very_Light
SUB2120113,1484.13,1.449,1302.45,142.64,0.41,3.77,Light
SUB5592087,2092.96,2.044,1537.29,233.01,14.89,16.29,Moderate
SUB6093388,4073.63,3.978,3336.63,806.51,3.88,80.23,Moderate
SUB7960145,1428.08,1.395,1253.3,48.5,14.51,46.16,Light
SUB7015948,4081.59,3.986,2886.41,759.72,3.6,36.71,Moderate
SUB4479664,3304.73,3.227,2494.43,424.38,25.24,133.13,Moderate
SUB5645289,4447.18,4.343,3808.1,209.79,0.9,9.42,Moderate
SUB9893518,675.68,0.66,649.38,44.31,0.4,1.22,Light
SUB3029341,13540.08,13.223,12814.6,562.13,12.34,56.49,Power_User
SUB4017465,2696.32,2.633,2197.74,581.99,6.48,44.26,Moderate
SUB3402114,1480.42,1.446,1278.67,35.72,0.47,4.56,Light
SUB2769617,16987.46,16.589,14961.49,1211.32,40.41,82.72,Power_User
SUB3848039,4080.03,3.984,3306.08,302.45,4.92,18.95,Moderate
SUB6369337,8026.27,7.838,6643.69,1319.86,0.9,164.55,Heavy
SUB1880432,2166.3,2.116,1855.49,95.11,3.66,4.94,Moderate
SUB9855603,2535.07,2.476,2487.48,285.6,4.73,9.25,Moderate
SUB7227740,3357.38,3.279,2745.51,191.26,3.4,131.24,Moderate
SUB8857997,5059.95,4.941,4109.87,1162.81,1.48,11.9,Moderate
SUB8140782,922.91,0.901,582.86,301.55,0.11,44.83,Light
SUB5884299,383.99,0.375,320.27,19.35,0.24,2.52,Very_Light
SUB4939625,2827.07,2.761,2235.84,384.12,0.7,46.02,Moderate
SUB2629618,2115.03,2.065,1474.42,283.52,6.63,93.73,Moderate
SUB4374775,947.24,0.925,640.28,225.02,4.61,12.12,Light
SUB6983359,215.27,0.21,66.2,40.95,4.08,10.75,Very_Light
SUB8694867,2819.89,2.754,2055.19,462.98,1.63,54.48,Moderate
SUB3568101,1330.12,1.299,972.06,327.63,6.19,51.02,Light
SUB2297776,716.43,0.7,312.11,269.65,1.68,56.79,Light
SUB8646638,7164.32,6.996,5340.42,1507.01,15.77,144.69,Heavy
SUB6697478,6012.24,5.871,5319.38,193.98,1.35,15.22,Heavy
SUB4702590,1683.63,1.644,1234.27,245.6,3.52,10.56,Light
SUB6447483,1550.32,1.514,1332.64,254.41,12.85,5.87,Light
SUB9018205,2466.37,2.409,595.72,1331.23,3.86,286.31,Moderate
SUB5928476,2244.91,2.192,632.9,1532.45,48.47,0.0,Moderate
SUB4886613,1738.67,1.698,1302.39,439.34,1.38,52.99,Light
SUB5010442,1239.99,1.211,1072.09,52.51,8.31,0.0,Light
SUB4304860,4813.29,4.7,4444.43,119.3,3.77,143.96,Moderate
SUB9722856,195.5,0.191,40.23,122.85,2.51,4.79,Very_Light
SUB9096297,2347.37,2.292,1414.66,732.17,34.58,259.1,Moderate
SUB6720673,1198.1,1.17,1031.49,82.53,2.19,16.54,Light
SUB1661440,1516.14,1.481,1274.46,116.71,11.74,86.24,Light
SUB2193502,11763.5,11.488,10745.08,334.9,12.28,22.44,Power_User
SUB8014511,3610.08,3.525,3206.83,485.59,2.06,96.42,Moderate
SUB9022417,10352.43,10.11,8689.87,607.64,57.0,76.04,Power_User
SUB4329782,2982.47,2.913,3199.18,35.09,0.09,12.04,Moderate
SUB7856825,1849.3,1.806,1481.27,24.13,1.23,168.29,Light
SUB6116176,195.48,0.191,66.14,113.29,1.87,1.62,Very_Light
SUB1381325,967.73,0.945,697.27,208.64,1.91,21.19,Light
SUB1963544,1940.6,1.895,1424.27,364.53,0.56,21.11,Light
SUB3426062,3302.76,3.225,2991.25,316.43,0.49,4.17,Moderate
SUB9209517,3480.19,3.399,3170.84,109.9,10.83,158.13,Moderate
SUB8495095,268.1,0.262,230.19,10.44,2.12,31.78,Very_Light
SUB7030613,342.52,0.334,179.93,64.2,4.41,1.38,Very_Light
SUB9994359,1037.93,1.014,649.42,92.96,0.33,153.21,Light
SUB9862264,2097.2,2.048,1391.07,716.06,0.17,22.5,Moderate
SUB1958379,1618.59,1.581,1020.66,413.85,2.84,11.04,Light
SUB6268961,2104.06,2.055,1433.04,335.05,5.35,195.47,Moderate
SUB5027187,4052.48,3.958,4192.75,164.35,1.64,53.59,Moderate
SUB6888852,4929.0,4.813,3522.27,1643.91,7.98,125.68,Moderate
SUB8138780,270.3,0.264,63.2,161.52,1.77,1.77,Very_Light
SUB7326981,937.69,0.916,585.2,250.88,4.48,24.68,Light
SUB1006464,696.09,0.68,577.88,39.48,7.87,1.0,Light
SUB4725530,799.58,0.781,696.75,47.61,3.29,23.27,Light
SUB2161140,905.13,0.884,372.36,462.36,0.32,32.16,Light
SUB4613163,2086.33,2.037,1656.59,300.93,4.32,7.45,Moderate
SUB7485671,4856.39,4.743,3973.63,894.34,45.42,31.21,Moderate
SUB6790233,1411.14,1.378,80.74,1220.49,0.72,40.1,Light
SUB1265039,2479.0,2.421,1778.78,272.29,21.17,152.74,Moderate
SUB3076259,6134.57,5.991,4264.04,1244.92,14.66,134.47,Heavy
SUB6161545,9915.53,9.683,7816.85,1806.87,0.84,20.41,Heavy
SUB7324758,3527.21,3.445,3041.56,99.26,0.36,21.61,Moderate
SUB2396102,4743.58,4.632,2733.64,1524.42,7.73,82.58,Moderate
SUB1004011,2112.76,2.063,1603.7,258.93,6.49,8.31,Moderate
SUB2964724,7622.21,7.444,7010.47,166.07,0.41,402.47,Heavy
SUB9821549,1581.21,1.544,1563.34,115.16,1.7,3.17,Light
SUB3708685,3097.84,3.025,584.72,2171.36,39.4,6.22,Moderate
SUB7814285,1576.36,1.539,1239.12,237.04,7.73,9.21,Light
SUB1603151,394.75,0.385,170.69,180.39,3.7,8.92,Very_Light
SUB8372801,881.61,0.861,758.44,146.56,13.47,2.67,Light
SUB8364732,3841.41,3.751,3155.89,823.46,13.07,2.11,Moderate
SUB9111184,10217.84,9.978,8898.33,1207.56,0.73,381.21,Heavy
SUB8285387,787.16,0.769,397.41,340.6,0.83,0.0,Light
SUB6102367,592.83,0.579,81.26,241.34,3.39,194.91,Light
SUB5500328,2327.68,2.273,1566.1,423.77,60.0,46.55,Moderate
SUB5308307,6463.28,6.312,6114.35,545.04,13.43,50.51,Heavy
SUB5444910,6739.7,6.582,6569.87,95.83,13.71,13.02,Heavy
SUB1731636,1010.02,0.986,887.36,87.39,1.26,58.11,Light
SUB7481093,1675.21,1.636,1290.32,186.1,46.56,10.81,Light
SUB1686290,2283.17,2.23,2096.03,28.09,0.35,2.18,Moderate
SUB8553925,234.86,0.229,29.59,128.96,1.76,54.56,Very_Light
SUB4216662,10254.53,10.014,8669.15,1199.58,25.76,144.46,Power_User
SUB7871574,2030.41,1.983,1103.88,678.86,0.37,28.96,Light
SUB3364825,752.04,0.734,642.91,73.31,6.56,20.98,Light
SUB3180139,1041.69,1.017,588.31,356.88,4.14,69.33,Light
SUB4719194,672.48,0.657,273.77,150.38,51.86,165.77,Light
SUB4283737,1979.47,1.933,1340.16,361.17,8.71,100.17,Light
SUB2432672,5676.81,5.544,3869.74,1296.77,21.25,99.51,Heavy
SUB1564174,13986.46,13.659,12812.82,1810.84,5.51,19.6,Power_User
SUB2622563,5074.16,4.955,3832.65,652.28,31.02,52.5,Moderate
SUB6857846,1492.73,1.458,1040.81,104.41,4.74,195.48,Light
SUB7841023,348.42,0.34,193.35,102.77,0.66,4.63,Very_Light
SUB3465596,459.31,0.449,277.13,59.26,0.37,59.05,Very_Light
SUB8718454,510.98,0.499,415.72,26.15,0.22,29.76,Very_Light
SUB5405113,1586.18,1.549,1218.09,264.13,0.69,7.18,Light
SUB2413967,563.39,0.55,357.27,84.15,0.0,133.03,Light
SUB4387990,643.5,0.628,407.92,84.63,0.19,53.16,Light
SUB6066447,444.36,0.434,312.88,20.51,0.36,29.61,Very_Light
SUB8718221,1818.6,1.776,1725.18,175.79,2.32,13.9,Light
SUB7856604,2117.05,2.067,1504.46,381.36,8.47,48.23,Moderate
SUB3619222,183.57,0.179,103.67,28.59,0.35,15.93,Very_Light
SUB2935772,7186.15,7.018,7224.84,353.57,15.61,74.64,Heavy
SUB7398497,2749.59,2.685,2297.17,498.72,13.86,0.88,Moderate
SUB5568672,91.15,0.089,31.35,38.99,0.43,0.0,Very_Light
SUB3422952,673.09,0.657,455.18,51.76,2.36,32.54,Light
SUB4222018,1290.42,1.26,504.32,482.07,0.81,135.18,Light
SUB8396665,2382.0,2.326,2091.84,77.98,1.22,1.11,Moderate
SUB2861663,4392.05,4.289,3488.71,740.64,11.9,54.21,Moderate
SUB6363998,1057.25,1.032,732.66,209.91,14.1,30.16,Light
SUB1049768,2121.6,2.072,1460.55,497.64,8.37,273.17,Moderate
SUB6167373,6913.09,6.751,6980.0,108.8,16.22,9.79,Heavy
SUB3263557,1171.73,1.144,761.63,131.69,15.28,198.19,Light
SUB3100326,2005.64,1.959,1953.82,51.55,1.07,36.68,Light
SUB9506377,6212.41,6.067,3932.33,1423.3,1.69,413.54,Heavy
SUB1297542,1646.04,1.607,1061.61,360.96,29.83,83.17,Light
SUB3526297,6842.12,6.682,6386.67,143.19,0.74,33.59,Heavy
SUB6628573,553.28,0.54,240.22,199.23,0.17,65.14,Light
SUB9091363,520.14,0.508,251.7,140.93,9.62,39.37,Light
SUB5961172,2546.83,2.487,2531.73,32.41,11.99,41.98,Moderate
SUB1928864,562.59,0.549,325.97,63.09,1.53,139.15,Light
SUB6908553,13959.09,13.632,12219.71,1806.46,16.46,46.74,Power_User
SUB7508526,443.79,0.433,232.02,30.93,1.55,93.29,Very_Light
SUB9140594,4103.02,4.007,2333.07,1357.35,23.27,150.22,Moderate
SUB3466511,4757.83,4.646,4501.81,296.45,4.53,42.53,Moderate
SUB4295784,1346.09,1.315,794.0,300.08,12.16,170.53,Light
SUB7435389,5205.78,5.084,5497.97,90.55,1.62,58.96,Heavy
SUB8422235,2527.86,2.469,1721.0,771.85,0.06,9.35,Moderate
SUB5134608,1900.85,1.856,427.64,1224.63,3.48,38.75,Light
SUB8532351,3721.32,3.634,3149.45,38.19,5.67,611.68,Moderate
SUB2248749,4810.07,4.697,3501.37,1050.59,1.38,12.75,Moderate
SUB1676337,4305.84,4.205,3278.28,849.8,0.99,16.12,Moderate
SUB3023553,682.76,0.667,383.93,242.49,1.02,42.6,Light
SUB3096419,9165.73,8.951,8914.49,320.78,3.42,41.25,Heavy
SUB8166065,6852.3,6.692,5966.92,717.36,1.18,40.81,Heavy
SUB4742918,5708.69,5.575,3980.37,1698.27,14.93,345.09,Heavy
SUB1544344,998.71,0.975,665.07,262.37,26.61,1.81,Light
SUB2187030,2200.85,2.149,1975.8,82.81,5.74,18.46,Moderate
SUB9208149,4948.96,4.833,4428.1,88.15,0.2,9.97,Moderate
SUB9437247,2326.76,2.272,1599.87,486.27,10.21,41.03,Moderate
SUB7730713,3873.34,3.783,3402.61,140.68,1.21,1.68,Moderate
SUB9985290,3892.54,3.801,3460.57,325.79,4.27,123.17,Moderate
SUB5524105,735.57,0.718,127.82,480.72,8.06,28.52,Light
SUB2880164,1765.96,1.725,1262.73,240.91,17.03,108.83,Light
SUB5376751,2688.63,2.626,2016.24,321.49,3.55,180.46,Moderate
SUB5869236,3225.38,3.15,2321.68,142.36,7.45,396.74,Moderate
SUB1380069,12922.05,12.619,12427.72,752.2,8.56,132.93,Power_User
SUB1110957,5187.06,5.065,3033.43,1540.47,6.4,58.46,Heavy
SUB5734071,451.97,0.441,111.14,236.0,7.35,3.3,Very_Light
SUB5313696,863.41,0.843,668.21,173.1,1.78,1.87,Light
SUB5854487,601.27,0.587,353.32,136.86,1.15,0.87,Light
SUB3877668,2560.73,2.501,2156.22,192.16,0.64,7.8,Moderate
SUB6444408,100.45,0.098,78.21,7.6,0.14,5.54,Very_Light
SUB2195344,752.55,0.735,435.48,183.7,9.13,1.89,Light
SUB7606964,2607.37,2.546,2248.35,269.17,18.77,41.74,Moderate
SUB1416561,3133.58,3.06,2585.82,243.17,9.52,223.2,Moderate
SUB5245871,9523.12,9.3,7677.1,325.22,30.61,610.63,Heavy
SUB9324436,6830.2,6.67,5365.73,866.23,6.88,3.07,Heavy
SUB8156406,1540.62,1.505,1234.74,74.28,0.0,18.41,Light
SUB5801436,537.75,0.525,326.79,147.11,0.75,13.35,Light
SUB7931344,664.0,0.648,477.25,133.59,3.87,11.57,Light
SUB1624913,6305.34,6.158,5750.71,814.82,2.26,55.36,Heavy
SUB3928339,15700.64,15.333,13609.5,657.45,0.0,816.08,Power_User
SUB8373356,4734.71,4.624,3223.88,1290.16,7.1,147.27,Moderate
SUB9783376,3707.79,3.621,3416.18,145.56,0.75,32.33,Moderate
SUB5245576,1197.39,1.169,428.07,724.34,1.66,1.65,Light
SUB9637872,1117.18,1.091,980.44,27.41,1.89,61.06,Light
SUB7979740,418.27,0.408,187.81,188.93,13.56,5.55,Very_Light
SUB9625146,877.92,0.857,402.61,374.19,1.08,118.11,Light
SUB5709751,5154.05,5.033,3702.71,447.22,0.3,839.74,Heavy
SUB4609134,2814.06,2.748,2039.93,277.84,0.45,60.54,Moderate
SUB9542314,1227.19,1.198,919.06,300.57,15.19,6.4,Light
SUB7630604,1992.56,1.946,1548.4,202.31,2.32,141.44,Light
SUB1827150,7870.25,7.686,6861.29,924.47,8.65,40.24,Heavy
SUB8453659,5118.34,4.998,4682.34,489.78,4.43,16.01,Moderate
SUB2786852,11513.09,11.243,10651.72,529.09,8.45,6.93,Power_User
SUB7580470,3920.72,3.829,3462.87,305.51,9.05,8.43,Moderate
SUB8377426,1214.52,1.186,1020.88,150.42,0.07,113.99,Light
SUB6032793,28581.43,27.912,24612.06,1998.56,13.62,17.11,Power_User
SUB6322675,456.99,0.446,246.67,99.63,4.01,16.7,Very_Light
SUB9139480,1591.92,1.555,1303.57,156.38,0.0,42.55,Light
SUB1042137,2015.66,1.968,1764.79,165.29,1.84,0.0,Light
SUB1138925,1002.39,0.979,693.33,139.04,0.14,117.13,Light
SUB3633819,1298.35,1.268,911.14,263.27,5.06,142.64,Light
SUB6412319,1380.43,1.348,871.19,308.99,6.17,84.83,Light
SUB4294900,26573.57,25.951,27073.74,372.24,2.87,41.27,Power_User
SUB1375233,2571.31,2.511,1995.64,158.21,57.51,109.49,Moderate
SUB2957792,7250.31,7.08,6546.36,1058.91,3.37,10.43,Heavy
SUB6028427,714.29,0.698,89.1,488.07,9.97,2.0,Light
SUB9612670,3171.81,3.097,2328.86,545.07,12.11,131.66,Moderate
SUB1431978,2518.82,2.46,2264.53,96.2,0.94,42.31,Moderate
SUB4502646,402.12,0.393,374.71,9.99,0.0,26.94,Very_Light
SUB4891865,977.14,0.954,806.92,80.01,4.53,12.29,Light
SUB6983943,12624.19,12.328,12457.1,395.66,0.89,21.18,Power_User
SUB5150579,10808.79,10.555,9685.26,1318.67,1.99,117.02,Power_User
SUB7986595,1286.98,1.257,709.43,322.11,3.62,126.79,Light
SUB2760143,1249.28,1.22,1189.81,74.55,0.46,58.21,Light
SUB9614295,2792.12,2.727,1419.49,826.88,8.48,282.96,Moderate
SUB6539004,2444.67,2.387,1642.65,530.15,0.0,53.84,Moderate
SUB3242365,213.47,0.208,88.39,61.38,1.86,4.04,Very_Light
SUB3761856,1531.6,1.496,1217.96,192.07,0.33,180.4,Light
SUB3071088,750.44,0.733,458.57,125.88,0.67,131.04,Light
SUB3113048,8777.02,8.571,9061.68,362.81,28.74,198.78,Heavy
SUB1029813,1332.16,1.301,894.39,267.31,22.29,17.07,Light
SUB9079823,1397.68,1.365,470.63,721.56,1.19,135.41,Light
SUB4211407,7204.4,7.036,6411.29,502.04,12.45,133.79,Heavy
SUB5860345,612.27,0.598,309.48,125.49,1.72,3.18,Light
SUB6971143,6018.17,5.877,4670.73,670.25,18.61,147.01,Heavy
SUB7501211,421.59,0.412,216.77,141.21,5.6,52.91,Very_Light
SUB9662149,10401.29,10.158,8657.05,847.23,16.12,113.16,Power_User
SUB9296335,13978.34,13.651,13185.19,189.68,6.25,32.05,Power_User
SUB7646854,1061.86,1.037,636.41,109.52,2.5,216.23,Light
SUB2615181,4624.02,4.516,4454.33,84.98,1.06,31.5,Moderate
SUB5034649,6600.72,6.446,6164.66,315.12,34.24,9.22,Heavy
SUB2350816,3713.92,3.627,2828.35,1005.02,1.31,52.27,Moderate
SUB7767315,1463.59,1.429,1360.44,51.13,3.61,109.12,Light
SUB6101118,4401.74,4.299,3727.31,543.68,15.06,72.66,Moderate
SUB3821058,801.45,0.783,317.11,447.5,11.86,7.08,Light
SUB1458819,669.55,0.654,221.62,392.51,9.43,18.47,Light
SUB2208060,3442.12,3.361,2523.54,886.28,5.28,62.8,Moderate
SUB6353369,3981.27,3.888,3666.2,165.02,11.2,21.7,Moderate
SUB1444874,27743.15,27.093,24725.1,1767.63,1.76,63.86,Power_User
SUB6685645,825.76,0.806,711.87,119.6,13.74,9.75,Light
SUB4928683,6758.96,6.601,4484.77,1241.67,4.03,403.73,Heavy
SUB6001945,1617.3,1.579,1236.59,217.43,1.07,56.83,Light
SUB7922795,888.2,0.867,631.29,92.21,5.28,11.39,Light
SUB3054048,4886.56,4.772,4599.9,410.38,71.17,8.55,Moderate
SUB2063692,5099.38,4.98,4231.19,1139.12,6.16,106.36,Moderate
SUB5738637,9513.77,9.291,8045.95,1533.26,50.2,107.88,Heavy
SUB5230013,700.85,0.684,689.5,29.41,5.59,4.28,Light
SUB7072929,1845.67,1.802,1699.04,56.35,0.46,29.13,Light
SUB5051939,1343.07,1.312,393.0,608.44,0.47,154.94,Light
SUB1869953,6814.43,6.655,5992.0,240.22,5.6,81.82,Heavy
SUB4098056,2164.47,2.114,1511.27,437.16,19.19,79.3,Moderate
SUB1713806,1198.39,1.17,169.07,673.22,1.42,116.92,Light
SUB7999244,1426.74,1.393,732.69,718.0,5.27,15.14,Light
SUB5193616,277.32,0.271,14.23,191.31,1.79,31.58,Very_Light
SUB8084335,238.03,0.232,179.68,11.48,5.32,4.97,Very_Light
SUB4439187,828.36,0.809,826.27,18.54,0.07,7.44,Light
SUB7423827,9310.7,9.092,8983.74,450.25,4.69,107.84,Heavy
SUB7674106,629.76,0.615,200.19,358.67,0.86,4.18,Light
SUB6216813,3040.06,2.969,1860.3,955.32,29.98,25.14,Moderate
SUB1750774,895.36,0.874,824.29,87.1,2.63,9.92,Light
SUB4357963,745.61,0.728,501.61,225.01,0.43,6.83,Light
SUB8073575,699.71,0.683,383.03,200.7,4.32,43.46,Light
SUB1924993,6254.25,6.108,3112.69,2249.92,22.99,415.39,Heavy
SUB1353791,2766.62,2.702,1986.11,690.85,6.83,202.6,Moderate
SUB2384525,1783.68,1.742,1781.07,55.86,13.06,31.34,Light
SUB4517778,11903.47,11.624,12354.78,163.05,5.1,104.71,Power_User
SUB8719585,884.15,0.863,791.66,77.53,0.06,1.67,Light
SUB1116220,884.29,0.864,636.81,66.35,6.88,86.29,Light
SUB1221421,1875.39,1.831,1286.6,534.21,2.99,49.65,Light
SUB9737925,1090.7,1.065,990.09,64.0,5.67,0.42,Light
SUB5982732,427.08,0.417,176.69,159.49,3.38,3.03,Very_Light
SUB4658997,2676.58,2.614,2425.35,142.88,2.88,83.09,Moderate
SUB7897012,479.04,0.468,208.72,213.78,3.14,3.68,Very_Light
SUB2417191,7550.69,7.374,6827.23,706.32,28.67,57.38,Heavy
SUB4347526,903.25,0.882,869.48,64.91,1.7,0.0,Light
SUB4477983,3028.68,2.958,1321.8,1320.37,0.78,111.41,Moderate
SUB9109074,8972.05,8.762,6276.4,1484.25,9.67,676.83,Heavy
SUB1689925,959.07,0.937,645.61,156.08,3.49,11.93,Light
SUB3681478,3029.41,2.958,1291.89,1883.65,4.46,11.35,Moderate
SUB3993220,1359.49,1.328,1046.85,101.41,4.14,80.16,Light
SUB3932878,3067.3,2.995,3171.85,120.26,0.57,15.05,Moderate
SUB3830527,2219.27,2.167,1289.18,840.52,0.27,30.46,Moderate
SUB7173049,3941.69,3.849,3089.77,265.61,6.57,131.23,Moderate
SUB7814276,960.95,0.938,553.44,231.83,3.25,5.27,Light
SUB1822564,1548.42,1.512,1380.54,86.32,1.84,24.05,Light
SUB9242184,12545.04,12.251,12513.28,812.16,39.61,96.9,Power_User
SUB6044316,454.01,0.443,271.81,61.17,2.01,54.19,Very_Light
SUB6658565,1465.58,1.431,1187.56,282.59,1.95,29.34,Light
SUB4471888,2437.4,2.38,1774.16,665.06,3.47,61.93,Moderate
SUB9256327,552.04,0.539,189.71,286.19,1.71,58.33,Light
SUB8537812,13247.48,12.937,10772.88,2087.33,21.59,2.39,Power_User
SUB3548600,874.22,0.854,223.47,382.6,3.41,246.68,Light
SUB5943114,24695.38,24.117,24009.52,548.07,37.75,15.82,Power_User
SUB6198245,1410.68,1.378,341.72,807.93,21.18,89.39,Light
SUB2985404,4281.07,4.181,3534.26,702.68,1.83,38.09,Moderate
SUB8741986,5143.47,5.023,4246.78,719.73,3.37,14.5,Heavy
SUB7787702,13874.96,13.55,13699.66,974.12,12.42,266.12,Power_User
SUB3126861,4565.03,4.458,3340.11,1139.22,33.04,72.78,Moderate
SUB4779337,7049.12,6.884,6423.34,1015.09,6.19,118.75,Heavy
SUB3051723,1925.15,1.88,1593.73,55.48,18.02,49.64,Light
SUB7289189,1357.01,1.325,1021.28,268.12,0.23,32.27,Light
SUB2048939,2242.79,2.19,2060.54,236.81,29.37,0.0,Moderate
SUB5689133,534.62,0.522,172.71,223.03,12.52,27.34,Light
SUB5178465,7208.72,7.04,6146.5,580.73,14.57,271.92,Heavy
SUB9785064,1452.55,1.419,1104.57,374.22,1.57,20.93,Light
SUB6708297,467.45,0.456,320.46,58.76,0.61,12.99,Very_Light
SUB1898704,1436.41,1.403,978.23,312.29,4.44,41.52,Light
SUB9563645,8696.77,8.493,7250.89,884.31,3.48,183.08,Heavy
SUB6243762,991.35,0.968,688.29,99.17,0.63,143.06,Light
SUB8753472,915.54,0.894,127.95,378.2,13.89,241.31,Light
SUB9231691,674.49,0.659,530.58,73.76,0.49,5.36,Light
SUB2696609,347.0,0.339,185.18,51.77,20.1,27.94,Very_Light
SUB4569769,10725.52,10.474,9878.87,462.63,6.71,75.1,Power_User
SUB4609684,12924.2,12.621,10731.93,1594.72,19.08,95.92,Power_User
SUB1028885,259.03,0.253,111.18,38.39,5.56,24.7,Very_Light
SUB5590723,24546.34,23.971,20899.1,1901.96,12.09,250.52,Power_User
SUB3812753,2213.7,2.162,1326.98,780.87,5.39,5.35,Moderate
SUB5589764,18694.33,18.256,18234.26,1578.76,1.69,367.29,Power_User
SUB4129985,9719.8,9.492,8852.31,513.67,19.47,201.0,Heavy
SUB2379339,5638.14,5.506,4690.08,102.19,15.62,616.76,Heavy
SUB3118736,2126.76,2.077,1556.98,261.79,11.68,12.36,Moderate
SUB9045409,1966.06,1.92,1622.05,150.15,6.27,78.66,Light
SUB1819973,1695.13,1.655,301.35,1433.54,2.05,38.23,Light
SUB3650503,3975.38,3.882,3359.12,198.75,5.85,47.71,Moderate
SUB2118844,2226.74,2.175,1994.97,398.08,0.25,0.0,Moderate
SUB6701048,1070.84,1.046,1149.08,1.22,0.41,6.82,Light
SUB4894142,1036.83,1.013,536.34,457.19,1.16,62.52,Light
SUB7462280,1039.21,1.015,658.84,223.54,0.15,17.78,Light
SUB8042049,3342.57,3.264,2705.69,879.32,4.24,22.05,Moderate
SUB6638663,561.24,0.548,444.48,77.4,0.23,2.75,Light
SUB7226659,2259.97,2.207,1793.66,522.9,5.07,58.94,Moderate
SUB3781652,25791.7,25.187,27162.08,577.17,9.59,2.26,Power_User
SUB3091219,1565.5,1.529,1500.69,144.52,3.01,9.97,Light
SUB5217635,706.12,0.69,326.77,201.99,5.4,68.84,Light
SUB9836621,58.98,0.058,6.31,7.08,0.32,0.44,Very_Light
SUB3286319,2080.54,2.032,1645.19,418.15,1.68,42.01,Moderate
SUB1931253,303.87,0.297,87.35,85.11,5.69,26.9,Very_Light
SUB2844053,275.36,0.269,91.01,40.05,6.5,90.23,Very_Light
SUB1542955,1795.94,1.754,1288.55,347.97,11.48,5.96,Light
SUB4307735,6103.05,5.96,4467.1,1326.6,19.84,0.0,Heavy
SUB5791126,10734.83,10.483,10063.1,134.84,0.45,275.21,Power_User
SUB9761753,522.82,0.511,414.46,26.68,10.47,15.01,Light
SUB3053413,2465.06,2.407,1964.51,310.6,24.11,17.61,Moderate
SUB7685941,784.7,0.766,661.33,130.7,3.06,0.0,Light
SUB2657387,487.31,0.476,120.12,233.26,0.89,22.34,Very_Light
SUB3791241,5053.74,4.935,3124.48,1563.09,38.07,6.36,Moderate
SUB9037821,763.86,0.746,595.44,153.09,10.54,2.27,Light
SUB2220985,1353.0,1.321,1028.48,88.02,0.08,7.74,Light
SUB9734352,1772.96,1.731,776.66,919.68,3.01,1.77,Light
SUB3604325,669.82,0.654,519.09,126.33,6.72,11.52,Light
SUB3761623,15100.65,14.747,12751.02,1534.06,57.1,294.87,Power_User
SUB2676850,923.53,0.902,773.58,31.94,2.01,2.12,Light
SUB4783799,2196.19,2.145,1843.75,378.18,4.13,54.11,Moderate
SUB6709716,2621.35,2.56,2408.99,129.77,2.12,30.97,Moderate
SUB4886932,1688.15,1.649,663.9,500.81,30.68,289.26,Light
SUB1432184,10722.19,10.471,9917.08,771.55,2.73,52.98,Power_User
SUB3336806,511.09,0.499,468.82,26.8,12.79,0.52,Very_Light
SUB8517201,3331.7,3.254,2473.47,428.05,16.9,39.02,Moderate
SUB3908087,3225.59,3.15,2133.19,1127.97,0.47,100.43,Moderate
SUB1658139,1223.0,1.194,441.85,565.47,5.72,132.6,Light
SUB3970424,1177.85,1.15,880.67,283.28,19.33,3.29,Light
SUB7592863,595.04,0.581,398.53,22.37,0.63,14.41,Light
SUB9234955,273.21,0.267,131.57,83.62,2.36,5.26,Very_Light
SUB7608687,2460.91,2.403,2434.72,111.35,2.53,3.85,Moderate
SUB5105513,1162.58,1.135,444.96,413.56,3.96,206.13,Light
SUB7215241,3368.79,3.29,2851.43,301.36,4.14,3.73,Moderate
SUB5317293,20564.45,20.082,21191.43,360.2,10.52,22.61,Power_User
SUB4061481,4313.31,4.212,3646.25,300.09,0.49,41.0,Moderate
SUB7053912,1342.9,1.311,792.94,497.51,1.89,9.32,Light
SUB9688458,5364.29,5.239,4477.97,906.83,2.12,320.86,Heavy
SUB6604065,8271.74,8.078,7813.99,72.01,5.52,38.39,Heavy
SUB9429747,2422.39,2.366,1968.44,209.44,1.64,12.09,Moderate
SUB1303446,591.89,0.578,170.09,379.87,0.0,9.83,Light
SUB4371484,1378.0,1.346,448.64,293.11,4.02,696.94,Light
SUB2398558,643.52,0.628,441.55,55.34,4.02,41.13,Light
SUB3761158,2031.93,1.984,837.92,428.59,3.01,794.72,Light
SUB2717479,175.3,0.171,79.6,60.48,1.1,1.8,Very_Light
SUB2045716,1218.79,1.19,578.24,536.57,16.69,10.43,Light
SUB4823873,1052.71,1.028,803.68,35.63,2.73,145.3,Light
SUB3961937,464.41,0.454,225.4,149.77,3.83,14.61,Very_Light
SUB4693793,806.79,0.788,557.52,195.11,2.13,12.93,Light
SUB7115762,5397.41,5.271,5247.83,242.2,1.97,23.93,Heavy
SUB3553589,1287.28,1.257,437.62,925.43,3.1,2.5,Light
SUB7197649,111.8,0.109,58.44,36.42,0.19,1.75,Very_Light
SUB2698413,5113.55,4.994,4734.05,241.3,4.68,41.89,Moderate
SUB1137799,15491.25,15.128,13894.01,1132.71,3.04,20.42,Power_User
SUB5960124,2270.16,2.217,1787.44,410.28,1.62,0.0,Moderate
SUB9570397,1597.65,1.56,1545.06,101.09,3.13,13.21,Light
SUB4817780,3604.48,3.52,2219.2,989.08,19.52,331.35,Moderate
SUB8895945,1540.77,1.505,1441.66,135.39,2.79,7.59,Light
SUB9151382,4219.07,4.12,3987.88,241.03,5.5,98.72,Moderate
SUB5170163,7035.36,6.87,5834.61,593.09,3.2,3.36,Heavy
SUB5628656,6387.26,6.238,5781.53,257.04,22.61,16.2,Heavy
SUB7144138,1312.62,1.282,1058.93,214.15,0.29,9.98,Light
SUB6882049,215.84,0.211,122.2,31.38,2.79,0.9,Very_Light
SUB6688505,541.99,0.529,329.17,158.23,0.45,0.0,Light
SUB8687331,1030.24,1.006,604.96,448.8,4.02,2.83,Light
SUB5306080,1246.37,1.217,869.72,381.8,1.64,13.87,Light
SUB8073575,4153.74,4.056,3955.87,214.85,23.85,39.21,Moderate
SUB7805080,984.46,0.961,831.08,124.57,0.0,76.56,Light
SUB1212803,2785.75,2.72,2194.99,387.32,13.77,14.25,Moderate
SUB3255913,1310.5,1.28,987.39,299.08,10.4,0.4,Light
SUB9006546,9555.12,9.331,8559.9,511.91,2.09,10.47,Heavy
SUB7789329,767.67,0.75,356.28,302.02,2.23,54.88,Light
SUB5215645,787.3,0.769,569.65,194.48,1.02,4.0,Light
SUB7651154,11955.41,11.675,11368.39,848.36,3.93,105.23,Power_User
SUB3870581,598.63,0.585,226.13,229.55,2.49,55.71,Light
SUB8689935,3767.0,3.679,3026.37,216.34,24.22,278.02,Moderate
SUB8015232,7134.58,6.967,7275.83,290.38,1.46,10.93,Heavy
SUB9120459,10113.79,9.877,9632.28,141.67,3.06,73.44,Heavy
SUB6014049,3202.69,3.128,2717.02,169.25,2.1,174.06,Moderate
SUB7600500,9773.16,9.544,8577.63,422.04,4.37,129.92,Heavy
SUB1078840,1451.82,1.418,1041.84,465.86,0.79,1.21,Light
SUB6408647,3364.88,3.286,2897.17,394.55,21.13,64.7,Moderate
SUB1161297,1497.28,1.462,1147.08,110.46,4.32,41.76,Light
SUB2931375,12031.12,11.749,10700.84,1059.32,4.9,1.78,Power_User
SUB5243460,2138.55,2.088,944.94,553.58,1.18,415.45,Moderate
SUB3305433,1846.3,1.803,1885.14,29.74,5.9,1.45,Light
SUB6926069,14734.36,14.389,13264.81,251.47,2.94,12.27,Power_User
SUB5220242,8390.19,8.194,8975.31,98.32,0.93,21.33,Heavy
SUB7739202,4185.52,4.087,3993.41,17.95,0.91,34.75,Moderate
SUB3087001,1107.38,1.081,1009.27,90.35,2.38,55.06,Light
SUB3681722,627.7,0.613,413.46,137.74,6.45,42.04,Light
SUB4455673,396.91,0.388,147.11,222.19,0.27,35.71,Very_Light
SUB8605502,3492.18,3.41,3339.73,307.62,1.22,48.7,Moderate
SUB9261195,1584.71,1.548,1201.38,321.83,7.85,100.6,Light
SUB2731530,1358.21,1.326,868.58,225.84,0.82,88.22,Light
SUB6358699,2973.34,2.904,1916.54,745.46,2.07,30.67,Moderate
SUB7773329,6298.63,6.151,5038.38,992.5,4.45,254.19,Heavy
SUB9530508,2596.23,2.535,2407.96,86.98,0.16,44.66,Moderate
SUB6552612,1386.92,1.354,380.64,771.42,22.4,114.73,Light
SUB8089109,853.82,0.834,701.46,88.84,0.35,21.24,Light
SUB7829313,9074.33,8.862,8881.2,400.11,13.16,19.98,Heavy
SUB7212695,487.67,0.476,317.0,68.12,2.48,2.77,Very_Light
SUB5790287,3089.23,3.017,2193.37,588.49,7.65,21.65,Moderate
SUB1253078,4954.13,4.838,4633.93,451.54,1.99,114.65,Moderate
SUB1368893,1798.8,1.757,1335.69,483.66,1.63,47.4,Light
SUB4101883,2713.21,2.65,2170.99,302.24,6.39,146.86,Moderate
SUB6398856,18567.57,18.132,17571.13,192.53,14.53,18.01,Power_User
SUB1715295,2896.5,2.829,1867.94,757.67,3.47,4.82,Moderate
SUB2878798,6283.4,6.136,5814.01,129.28,3.77,98.79,Heavy
SUB5000740,770.21,0.752,395.2,271.78,1.46,37.37,Light
SUB2054212,434.61,0.424,339.89,72.33,0.49,1.7,Very_Light
SUB3358730,528.59,0.516,309.3,67.79,1.52,50.29,Light
SUB4485001,14484.72,14.145,12478.98,680.43,6.47,9.16,Power_User
SUB3080563,351.65,0.343,223.77,36.73,1.57,0.68,Very_Light
SUB9672424,9561.44,9.337,8475.21,1654.89,46.56,312.41,Heavy
SUB5715697,2285.19,2.232,1407.69,874.23,0.53,4.86,Moderate
SUB6243534,2118.48,2.069,1973.35,32.33,2.88,1.46,Moderate
SUB8669510,2256.46,2.204,1647.09,83.4,75.69,198.13,Moderate
SUB1125851,8234.67,8.042,7693.93,1002.33,36.61,228.12,Heavy
SUB3650527,2364.14,2.309,1301.75,1068.41,41.82,2.64,Moderate
SUB5861282,113.21,0.111,61.47,41.62,2.26,0.98,Very_Light
SUB1794878,1173.38,1.146,1088.81,119.7,0.89,3.11,Light
SUB3053262,1488.04,1.453,1252.36,56.04,3.43,2.6,Light
SUB2937135,1408.16,1.375,1028.76,232.75,4.38,1.36,Light
SUB9186565,1873.55,1.83,1433.29,291.07,4.75,39.9,Light
SUB7449728,928.07,0.906,553.0,273.16,2.85,3.87,Light
SUB9614787,4747.2,4.636,4670.19,224.35,1.6,28.93,Moderate
SUB3072171,12316.54,12.028,12095.36,607.55,1.79,37.04,Power_User
SUB6460388,1946.08,1.9,1732.64,23.09,4.99,51.51,Light
SUB9381660,705.76,0.689,490.77,105.98,4.02,5.13,Light
SUB5544340,7648.45,7.469,7015.73,537.88,0.16,32.18,Heavy
SUB7112240,13435.15,13.12,13266.19,202.08,4.46,41.64,Power_User
SUB2200346,134.41,0.131,70.13,25.91,1.82,21.1,Very_Light
SUB9873895,2379.22,2.323,1499.99,528.3,2.17,170.98,Moderate
SUB7214294,703.05,0.687,441.08,110.7,0.81,82.33,Light
SUB2760399,21702.7,21.194,19067.13,737.49,4.89,33.89,Power_User
SUB9684509,10500.24,10.254,10337.5,323.37,2.73,125.46,Power_User
SUB7136062,2963.04,2.894,2582.64,247.52,4.69,19.98,Moderate
SUB7347572,7819.02,7.636,7628.46,287.63,15.62,62.04,Heavy
SUB7435689,2476.59,2.419,1720.05,632.02,3.12,157.98,Moderate
SUB5143403,2012.4,1.965,351.77,1368.21,14.77,71.31,Light
SUB3203531,8970.37,8.76,6939.39,2265.64,17.1,560.57,Heavy
SUB2069412,2947.87,2.879,2195.52,225.24,3.52,163.61,Moderate
SUB5415743,524.6,0.512,366.91,90.09,7.69,16.09,Light
SUB4303131,1660.88,1.622,1311.98,163.96,0.99,146.82,Light
SUB7266376,7369.25,7.197,5799.06,1199.2,7.93,43.51,Heavy
SUB3953028,2362.52,2.307,1264.17,1170.57,1.52,5.8,Moderate
SUB8490291,2381.69,2.326,1541.41,468.26,6.65,136.58,Moderate
SUB6385909,11381.99,11.115,8267.47,1872.35,2.89,223.34,Power_User
SUB1397595,87.43,0.085,30.15,14.99,1.03,0.5,Very_Light
SUB7188343,5811.22,5.675,5079.81,920.45,6.34,67.29,Heavy
SUB4793092,1946.02,1.9,1682.64,134.38,0.34,26.68,Light
SUB2731041,1785.09,1.743,1323.85,177.98,3.63,166.66,Light
SUB8734125,1540.89,1.505,1187.91,308.72,3.86,36.51,Light
SUB7113100,4711.49,4.601,2713.31,1632.57,16.32,9.46,Moderate
SUB4590511,2716.62,2.653,2098.88,359.86,53.79,19.38,Moderate
SUB3417209,4398.24,4.295,3868.55,147.0,8.4,52.7,Moderate
SUB1526925,396.6,0.387,183.45,101.56,5.19,20.06,Very_Light
SUB7757450,430.83,0.421,248.47,141.58,0.79,34.75,Very_Light
SUB3925609,2138.12,2.088,1959.02,69.79,0.1,41.04,Moderate
SUB1606752,3357.27,3.279,2185.97,817.95,5.15,455.57,Moderate
SUB2339462,373.27,0.365,122.45,203.48,2.05,3.38,Very_Light
SUB7827575,65.17,0.064,23.26,25.24,0.17,3.13,Very_Light
SUB8687268,1716.1,1.676,1388.43,267.31,2.06,8.11,Light
SUB7117682,988.35,0.965,401.82,572.92,0.58,0.95,Light
SUB8204425,506.2,0.494,198.8,197.63,0.23,55.69,Very_Light
SUB6158570,2649.27,2.587,1604.94,973.66,0.65,34.32,Moderate
SUB5823416,444.35,0.434,269.19,108.87,4.31,14.83,Very_Light
SUB6210766,16724.85,16.333,14129.66,1206.34,6.62,460.05,Power_User
SUB2137317,678.27,0.662,453.3,71.86,3.62,110.62,Light
SUB8358862,6260.27,6.114,4891.43,945.94,5.35,10.75,Heavy
SUB6560068,1944.11,1.899,1346.48,287.1,2.52,203.6,Light
SUB3957532,1378.99,1.347,541.43,745.59,9.85,8.06,Light
SUB3166354,208.58,0.204,133.27,26.28,0.29,1.71,Very_Light
SUB1299189,1050.51,1.026,796.59,130.99,6.45,104.59,Light
SUB7508850,17514.72,17.104,16747.89,1523.75,7.21,79.14,Power_User
SUB2559049,3102.57,3.03,2657.99,149.59,0.31,21.34,Moderate
SUB7136821,1265.91,1.236,1097.03,138.73,2.36,104.5,Light
SUB3374494,7189.55,7.021,6722.1,336.05,16.1,23.9,Heavy
SUB1504655,633.86,0.619,402.09,138.24,2.68,16.24,Light
SUB1236824,2498.71,2.44,1882.42,472.92,0.12,9.43,Moderate
SUB4149409,1480.88,1.446,1155.32,377.14,0.85,1.4,Light
SUB5548003,17907.18,17.487,16184.62,1298.62,4.86,65.69,Power_User
SUB5025282,6625.72,6.47,6828.29,174.04,7.45,173.54,Heavy
SUB5166289,218.21,0.213,147.01,19.49,2.3,5.28,Very_Light
SUB1093246,648.45,0.633,54.8,492.45,0.12,79.96,Light
SUB6338744,1695.27,1.656,1235.05,390.42,9.94,60.44,Light
SUB9597494,4308.86,4.208,3209.62,913.65,3.74,40.78,Moderate
SUB3367713,2875.86,2.808,867.87,1737.44,1.31,376.68,Moderate
SUB5063068,1734.5,1.694,1246.19,525.73,1.25,14.53,Light
SUB3284798,1787.01,1.745,1263.0,115.64,21.53,169.8,Light
SUB2532337,991.83,0.969,184.51,636.63,4.64,19.47,Light
SUB1783566,1256.17,1.227,803.74,324.0,5.04,41.36,Light
SUB8596713,634.14,0.619,406.24,147.24,2.15,2.01,Light
SUB1779105,672.22,0.656,457.39,93.47,9.4,0.49,Light
SUB8097065,657.14,0.642,344.23,208.35,17.67,2.76,Light
SUB1220326,996.12,0.973,850.74,105.64,3.46,1.08,Light
SUB5513552,4570.32,4.463,3200.66,706.09,27.42,146.66,Moderate
SUB7637935,288.93,0.282,40.32,215.06,0.63,0.0,Very_Light
SUB4522810,1190.85,1.163,1051.2,74.91,6.65,13.6,Light
SUB6480354,1159.82,1.133,546.01,356.8,6.95,0.83,Light
SUB7575273,1390.92,1.358,1072.46,190.42,12.34,4.74,Light
SUB5447321,818.02,0.799,486.5,274.45,0.25,0.0,Light
SUB1651824,1276.26,1.246,921.16,231.35,2.46,10.98,Light
SUB3906405,890.52,0.87,679.11,68.59,0.59,17.23,Light
SUB6866645,1906.38,1.862,1316.8,406.1,7.15,22.03,Light
SUB9069552,24063.97,23.5,22059.23,494.72,29.61,124.76,Power_User
SUB5569146,4514.69,4.409,3532.52,380.62,44.62,362.14,Moderate
SUB3470856,2123.86,2.074,1673.95,357.74,2.55,26.14,Moderate
SUB4139782,1165.99,1.139,799.43,239.56,0.17,15.02,Light
SUB2650224,362.43,0.354,157.72,148.85,2.44,10.2,Very_Light
SUB2348055,4878.44,4.764,4948.26,51.85,0.07,18.87,Moderate
SUB6095670,6834.47,6.674,6627.59,264.54,1.66,9.3,Heavy
SUB3230653,8586.34,8.385,6990.64,1254.52,35.7,257.49,Heavy
SUB1584942,1428.72,1.395,1059.8,270.42,7.18,67.21,Light
SUB5563870,195.48,0.191,53.7,52.96,2.2,34.27,Very_Light
SUB2420654,8646.96,8.444,7301.17,509.9,5.79,534.58,Heavy
SUB9355425,156.52,0.153,104.34,28.0,1.09,3.5,Very_Light
SUB6869494,1933.87,1.889,1073.23,801.72,4.03,43.07,Light
SUB9737456,1135.81,1.109,818.42,251.54,5.77,20.77,Light
SUB2481177,4323.5,4.222,3082.43,1473.35,0.26,116.81,Moderate
SUB1166991,1867.62,1.824,1629.72,148.02,2.35,5.49,Light
SUB5291256,447.68,0.437,190.0,65.66,12.6,142.42,Very_Light
SUB4992942,8126.19,7.936,6862.95,379.31,0.93,132.99,Heavy
SUB5660110,1262.21,1.233,633.24,445.59,0.7,98.54,Light
SUB6914063,1203.45,1.175,693.97,509.64,1.87,13.58,Light
SUB9491485,250.93,0.245,105.54,49.39,2.11,49.5,Very_Light
SUB8998883,2119.9,2.07,1848.75,117.47,1.34,97.15,Moderate
SUB8961813,3164.19,3.09,2961.4,414.91,4.49,27.41,Moderate
SUB7962544,198.88,0.194,130.15,32.37,0.18,1.56,Very_Light
SUB6118805,4360.02,4.258,2803.83,1301.93,1.78,1.02,Moderate
SUB2545329,515.87,0.504,274.76,131.15,5.51,20.74,Light
SUB4072753,587.93,0.574,344.09,195.86,0.72,0.87,Light
SUB1391670,5358.01,5.232,4398.76,442.42,6.28,148.53,Heavy
SUB5626043,4918.9,4.804,3219.06,494.13,12.72,934.88,Moderate
SUB8627339,1667.79,1.629,1429.09,89.9,2.02,60.33,Light
SUB2350339,2411.01,2.355,2540.87,68.47,6.96,15.34,Moderate
SUB4734942,3133.89,3.06,2471.2,243.68,19.68,39.66,Moderate
SUB9429241,633.14,0.618,529.97,29.35,0.51,35.3,Light
SUB4850404,7074.16,6.908,6103.3,799.94,1.96,36.65,Heavy
SUB8792590,1924.17,1.879,1533.46,178.45,0.14,27.14,Light
SUB3821105,569.08,0.556,403.48,75.66,1.54,42.67,Light
SUB1926109,25826.1,25.221,23558.21,969.11,15.35,11.56,Power_User
SUB8659564,1984.15,1.938,1959.48,42.36,13.79,21.98,Light
SUB6455249,959.38,0.937,873.4,15.6,26.47,16.27,Light
SUB1708669,1447.11,1.413,1380.35,85.29,6.47,43.41,Light
SUB7318499,241.8,0.236,116.83,13.82,3.03,61.43,Very_Light
SUB5227939,1035.18,1.011,668.75,241.85,0.95,1.49,Light
SUB3307539,3110.74,3.038,2679.57,178.75,19.88,12.24,Moderate
SUB3596882,1623.64,1.586,1280.09,186.46,5.73,12.38,Light
SUB4947526,1554.97,1.519,426.5,912.55,9.84,42.58,Light
SUB8433976,713.77,0.697,436.64,164.37,3.74,18.92,Light
SUB5650100,608.91,0.595,386.14,65.34,1.79,76.68,Light
SUB3998851,246.98,0.241,81.09,42.71,5.03,52.61,Very_Light
SUB4661306,544.88,0.532,441.3,38.21,0.17,1.81,Light
SUB1997057,455.39,0.445,333.12,55.66,0.4,7.2,Very_Light
SUB4674153,1029.38,1.005,1027.92,31.15,4.21,26.97,Light
SUB5748584,1698.29,1.658,1243.7,268.6,2.07,169.82,Light
SUB8303398,833.84,0.814,645.14,80.86,0.86,23.56,Light
SUB3212292,1467.83,1.433,1348.35,115.19,0.43,24.51,Light
SUB5370297,2914.67,2.846,2873.22,76.93,4.58,12.64,Moderate
SUB4618313,4387.19,4.284,3918.21,616.71,9.82,73.47,Moderate
SUB2384410,10618.04,10.369,8790.54,1177.52,30.38,37.04,Power_User
SUB9674708,9834.56,9.604,8372.25,1810.02,8.14,460.19,Heavy
SUB8330395,3903.51,3.812,2171.28,1576.13,9.9,217.8,Moderate
SUB3048880,4598.66,4.491,3316.45,859.33,0.25,39.02,Moderate
SUB3469606,630.93,0.616,490.67,112.44,16.59,17.4,Light
SUB4039316,975.47,0.953,800.23,98.41,0.81,2.04,Light
SUB2045533,1262.66,1.233,970.76,100.05,5.75,23.62,Light
SUB2285844,15367.3,15.007,14408.58,916.71,5.91,528.43,Power_User
SUB5673584,1302.59,1.272,452.67,722.16,0.51,0.0,Light
SUB1787600,1356.44,1.325,940.01,248.51,2.64,32.48,Light
SUB5501572,2019.52,1.972,1158.16,606.2,5.17,7.97,Light
SUB7961848,481.21,0.47,113.9,278.05,26.91,1.06,Very_Light
SUB6557821,3225.59,3.15,2217.76,680.72,1.37,26.79,Moderate
SUB2485619,1301.11,1.271,1126.77,20.85,65.45,20.26,Light
SUB2838524,792.39,0.774,586.93,115.09,1.6,79.74,Light
SUB1122026,2780.15,2.715,2474.12,122.92,5.55,50.46,Moderate
SUB6122194,294.26,0.287,76.44,106.65,1.17,74.4,Very_Light
SUB1735053,2267.35,2.214,1554.79,417.83,3.45,54.79,Moderate
SUB1562167,6472.76,6.321,4260.52,1924.87,12.21,143.05,Heavy
SUB9700349,79.14,0.077,28.53,22.78,2.3,2.48,Very_Light
SUB2658800,3656.82,3.571,3371.38,292.46,29.87,16.33,Moderate
SUB2807737,647.02,0.632,430.81,104.32,1.34,34.23,Light
SUB4751531,2677.29,2.615,2232.34,175.92,2.84,3.3,Moderate
SUB8919710,1295.43,1.265,1025.04,236.16,5.58,25.29,Light
SUB4031301,350.72,0.342,116.56,159.63,4.45,28.57,Very_Light
SUB1144454,4045.13,3.95,2341.01,1439.33,0.43,31.51,Moderate
SUB8681556,811.19,0.792,150.07,585.21,4.64,112.39,Light
SUB1254043,2384.61,2.329,2041.17,154.54,31.06,81.62,Moderate
SUB5837502,5342.19,5.217,5089.13,493.57,2.73,58.74,Heavy
SUB5814647,3375.9,3.297,3170.83,87.26,6.93,23.67,Moderate
SUB6631213,492.72,0.481,74.91,333.21,1.06,2.46,Very_Light
SUB5924374,911.13,0.89,543.51,268.92,1.94,37.85,Light
SUB2845733,800.38,0.782,130.59,196.29,0.98,479.2,Light
SUB6800629,145.28,0.142,97.57,23.33,0.34,0.0,Very_Light
SUB8905435,10742.06,10.49,9258.77,1232.23,21.5,68.86,Power_User
SUB5304388,12022.98,11.741,11018.79,220.31,10.87,92.49,Power_User
SUB8321105,839.36,0.82,512.03,211.55,62.21,30.17,Light
SUB1473006,299.16,0.292,184.72,43.05,1.54,5.2,Very_Light
SUB6584581,1284.26,1.254,410.65,698.82,2.34,8.95,Light
SUB8149148,824.4,0.805,519.45,118.58,1.91,58.58,Light
SUB9462176,1425.02,1.392,987.71,237.15,0.12,62.74,Light
SUB8256300,1108.88,1.083,647.56,297.2,0.83,0.99,Light
SUB2197442,1563.46,1.527,1279.33,115.39,1.44,13.74,Light
SUB2199529,1281.77,1.252,702.09,531.2,16.22,59.28,Light
SUB2790228,198.38,0.194,132.25,33.37,3.74,4.57,Very_Light
SUB8052514,7139.9,6.973,5512.84,584.08,11.66,739.48,Heavy
SUB3323176,4389.99,4.287,3500.15,779.03,8.23,117.81,Moderate
SUB9860286,1836.94,1.794,1445.82,288.41,2.1,39.58,Light
SUB7017004,2149.23,2.099,1183.4,819.8,6.85,38.66,Moderate
SUB5208694,215.62,0.211,162.68,14.93,0.39,15.34,Very_Light
SUB1497619,4779.41,4.667,2523.18,2373.78,2.05,53.22,Moderate
SUB1218547,1019.75,0.996,759.35,100.92,2.5,16.82,Light
SUB9940203,3408.79,3.329,1436.13,1871.18,19.04,40.96,Moderate
SUB5421740,2781.37,2.716,2313.98,328.1,3.95,7.9,Moderate
SUB8364534,1153.36,1.126,869.72,266.39,2.41,1.49,Light
SUB9353135,3981.0,3.888,3624.93,175.48,0.31,237.3,Moderate
SUB4858804,893.29,0.872,657.14,196.51,0.92,7.24,Light
SUB3325452,497.23,0.486,317.52,32.19,2.79,57.22,Very_Light
SUB6212360,680.59,0.665,74.49,125.03,0.96,436.79,Light
SUB1928252,15928.77,15.555,13037.53,911.42,13.55,460.24,Power_User
SUB9975681,827.16,0.808,429.43,202.26,3.55,63.8,Light
SUB1600338,705.17,0.689,370.04,99.92,0.11,45.56,Light
SUB1074231,2120.42,2.071,1347.77,315.93,17.58,197.93,Moderate
SUB7365062,4726.71,4.616,3541.04,987.33,0.34,59.01,Moderate
SUB6546686,1203.02,1.175,203.94,934.43,4.42,75.73,Light
SUB4526185,6566.94,6.413,4969.77,25.95,35.4,834.39,Heavy
SUB5145466,284.97,0.278,129.49,81.01,1.37,28.14,Very_Light
SUB3593050,2426.81,2.37,2385.05,159.09,2.68,21.86,Moderate
SUB4113534,3719.91,3.633,3395.82,352.5,13.95,7.44,Moderate
SUB4600957,13742.34,13.42,14039.15,546.06,2.44,4.64,Power_User
SUB7453859,1227.9,1.199,792.38,262.04,1.32,20.36,Light
SUB9905808,2838.62,2.772,2832.66,76.1,4.17,31.09,Moderate
SUB6124524,7595.67,7.418,6092.22,771.63,0.05,11.78,Heavy
SUB5377987,1432.1,1.399,1088.1,270.87,4.95,167.78,Light
SUB4839973,1080.32,1.055,407.01,577.59,3.01,41.16,Light
SUB2363864,1231.14,1.202,670.66,339.58,1.06,120.84,Light
SUB8536324,4449.32,4.345,3056.37,1506.09,13.3,97.09,Moderate
SUB6421251,1197.72,1.17,730.23,354.13,0.18,21.1,Light
SUB8228119,4440.47,4.336,2723.66,1101.92,2.2,206.58,Moderate
SUB2960220,1931.06,1.886,1747.24,108.26,2.72,12.47,Light
SUB4000264,1208.34,1.18,1069.57,135.77,0.9,19.73,Light
SUB4514674,1475.67,1.441,1032.59,301.53,7.04,37.9,Light
SUB4073961,513.3,0.501,266.97,182.88,1.21,12.7,Light
SUB9606776,220.09,0.215,76.54,118.16,1.88,17.88,Very_Light
SUB1148178,5903.64,5.765,4984.94,1010.88,4.4,28.44,Heavy
SUB9446731,1586.3,1.549,1265.65,55.66,18.37,41.87,Light
SUB3208977,611.56,0.597,244.66,240.9,0.57,83.69,Light
SUB2217309,402.56,0.393,172.29,189.55,1.31,3.26,Very_Light
SUB4370698,1613.42,1.576,853.51,587.03,1.78,9.57,Light
SUB9344854,920.74,0.899,428.65,337.54,8.24,84.28,Light
SUB8315664,1001.93,0.978,647.72,339.79,1.12,7.05,Light
SUB6132928,2150.55,2.1,1578.57,473.73,0.19,6.18,Moderate
SUB7874399,6383.84,6.234,5656.69,122.23,6.34,57.71,Heavy
SUB6860616,988.1,0.965,903.53,104.75,1.51,25.04,Light
SUB3275598,409.91,0.4,245.12,125.13,0.16,2.46,Very_Light
SUB5892571,475.27,0.464,243.33,122.08,3.71,112.38,Very_Light
SUB5491260,701.51,0.685,242.22,295.68,3.46,68.26,Light
SUB9779116,3935.78,3.844,2692.81,1167.42,16.82,9.88,Moderate
SUB6948491,296.81,0.29,206.05,38.42,0.82,24.33,Very_Light
SUB1036160,751.81,0.734,301.11,241.05,2.92,2.36,Light
SUB1019156,8853.38,8.646,8816.05,349.01,14.68,84.53,Heavy
SUB8416240,7282.51,7.112,5081.31,2049.52,48.28,179.2,Heavy
SUB3570348,256.12,0.25,192.63,35.81,0.79,19.96,Very_Light
SUB3562688,1314.74,1.284,584.76,532.92,9.1,10.83,Light
SUB7964745,551.79,0.539,412.86,96.33,0.96,7.67,Light
SUB6474106,4153.34,4.056,3246.7,881.16,2.97,10.74,Moderate
SUB8795807,591.99,0.578,502.69,62.93,5.48,4.58,Light
SUB5914005,928.43,0.907,441.4,384.83,8.42,77.06,Light
SUB1881809,4709.92,4.6,4027.63,522.07,1.67,50.05,Moderate
SUB5499311,1273.39,1.244,1067.94,72.33,17.05,1.06,Light
SUB7356895,1001.73,0.978,827.01,10.64,2.41,46.49,Light
SUB4808282,1121.31,1.095,742.45,145.92,56.63,57.91,Light
SUB1645649,2091.11,2.042,1773.52,132.04,42.54,0.73,Moderate
SUB9601594,1448.7,1.415,744.07,453.89,43.83,3.32,Light
SUB7125488,252.77,0.247,55.6,87.45,10.91,71.43,Very_Light
SUB9418385,13288.02,12.977,11494.15,685.2,2.49,47.18,Power_User
SUB4402155,2007.19,1.96,700.31,959.57,3.8,192.42,Light
SUB4827271,944.84,0.923,780.96,70.75,0.12,4.66,Light
SUB5614965,1014.7,0.991,697.63,204.37,1.83,33.56,Light
SUB1198110,2152.5,2.102,2106.66,60.25,2.68,50.29,Moderate
SUB5079430,2075.39,2.027,493.2,1380.89,1.64,3.45,Moderate
SUB9803235,3427.07,3.347,2841.73,236.95,0.62,17.76,Moderate
SUB4732517,1795.42,1.753,1302.8,239.18,1.74,30.72,Light
SUB4291066,413.55,0.404,122.9,258.22,3.24,30.99,Very_Light
SUB8764461,1370.04,1.338,659.82,484.64,18.03,128.25,Light
SUB9119550,5607.52,5.476,4907.48,849.06,6.86,49.89,Heavy
SUB9336562,3015.76,2.945,1441.54,1407.42,5.45,22.64,Moderate
SUB5753954,1891.0,1.847,1751.38,144.78,10.98,94.19,Light
SUB7605188,2008.73,1.962,458.69,1609.68,0.75,67.13,Light
SUB2699547,2957.38,2.888,2147.68,703.19,1.12,63.86,Moderate
SUB5400131,383.92,0.375,122.39,158.67,3.11,41.51,Very_Light
SUB7494374,4171.04,4.073,4076.66,145.93,14.52,30.12,Moderate
SUB8638483,6860.33,6.7,5894.29,563.46,9.88,25.77,Heavy
SUB9731032,963.39,0.941,514.4,329.52,14.72,40.9,Light
SUB3940107,3719.22,3.632,2115.4,1548.49,10.11,21.71,Moderate
SUB3050241,6121.61,5.978,4382.89,1892.11,8.93,18.9,Heavy
SUB5934349,1762.0,1.721,1667.46,49.95,0.96,7.74,Light
SUB2156245,4290.16,4.19,3793.74,112.19,0.74,46.7,Moderate
SUB5926622,3493.88,3.412,3355.46,111.18,6.82,19.04,Moderate
SUB1158998,4378.04,4.275,3747.65,265.78,2.72,24.32,Moderate
SUB4762853,1665.07,1.626,895.25,677.02,0.99,0.0,Light
SUB5050230,5083.43,4.964,3651.89,1247.98,13.69,57.11,Moderate
SUB7184398,2452.14,2.395,1056.77,1152.31,4.28,1.38,Moderate
SUB9206336,7568.14,7.391,6900.13,515.24,0.7,10.18,Heavy
SUB6170310,626.7,0.612,406.97,136.6,13.27,5.46,Light
SUB5461918,2869.7,2.802,1591.5,1052.5,24.3,25.83,Moderate
SUB2808516,17836.26,17.418,15273.58,1559.01,4.62,260.01,Power_User
SUB1956011,5055.09,4.937,4488.13,298.59,3.02,115.0,Moderate
SUB4657905,631.13,0.616,548.43,11.45,0.19,6.64,Light
SUB4761509,23955.55,23.394,24855.04,1409.35,6.02,53.93,Power_User
SUB5110993,547.29,0.534,85.24,395.75,0.79,19.37,Light
SUB9681921,1251.79,1.222,690.34,293.78,13.76,242.95,Light
SUB2717355,1297.37,1.267,903.08,253.03,16.64,3.78,Light
SUB6048336,1673.72,1.634,1057.78,437.82,0.49,72.1,Light
SUB7848829,74.42,0.073,14.83,15.92,0.0,13.56,Very_Light
SUB5900318,1249.37,1.22,918.92,325.17,7.01,12.26,Light
SUB8970043,439.7,0.429,14.18,292.48,16.75,60.7,Very_Light
SUB9521722,1113.21,1.087,20.3,1032.68,4.95,3.64,Light
SUB5685942,3597.29,3.513,2889.29,285.11,5.31,206.96,Moderate
SUB7849221,4020.72,3.926,3061.97,527.42,1.74,72.9,Moderate
SUB6583161,1061.91,1.037,1006.3,51.43,3.84,3.64,Light
SUB4968178,364.57,0.356,313.8,3.06,0.61,0.79,Very_Light
SUB1139133,17028.9,16.63,14779.3,974.06,47.96,376.4,Power_User
SUB4809697,1217.67,1.189,518.76,524.7,11.75,14.8,Light
SUB8637547,217.0,0.212,163.79,6.4,9.44,6.7,Very_Light
SUB1270001,3111.53,3.039,2931.91,236.53,15.46,13.3,Moderate
SUB5617631,4171.89,4.074,2649.52,1323.27,10.84,248.89,Moderate
SUB2399298,7704.16,7.524,6831.47,866.82,30.67,126.1,Heavy
SUB5147413,8227.03,8.034,6576.85,531.07,9.11,353.87,Heavy
SUB6857109,1514.49,1.479,982.23,295.78,2.03,76.16,Light
SUB1782409,4291.52,4.191,3411.59,662.68,0.46,67.85,Moderate
SUB8876146,11239.67,10.976,8610.3,1899.42,3.98,539.96,Power_User
SUB1713391,3615.65,3.531,2403.67,1199.9,27.77,59.73,Moderate
SUB6755536,1464.24,1.43,716.43,526.96,3.5,53.68,Light
SUB1337164,5901.08,5.763,5140.65,672.18,3.31,66.48,Heavy
SUB8869815,1453.14,1.419,673.12,817.48,2.27,16.73,Light
SUB3763779,2346.69,2.292,2005.61,288.78,3.51,83.27,Moderate
SUB3858214,75.02,0.073,50.15,7.68,0.56,6.96,Very_Light
SUB3234967,1896.85,1.852,1442.85,547.86,2.79,1.52,Light
SUB3020880,5985.39,5.845,5832.22,219.87,15.49,7.01,Heavy
SUB7919219,554.89,0.542,457.88,17.67,1.4,27.4,Light
SUB5243780,6506.23,6.354,4661.76,1859.89,22.41,162.67,Heavy
SUB4893193,1868.06,1.824,1416.29,219.07,25.4,116.76,Light
SUB6681868,149.74,0.146,79.61,17.26,3.98,13.68,Very_Light
SUB2255959,11525.61,11.255,9799.71,1838.66,12.87,21.36,Power_User
SUB3113687,236.05,0.231,63.33,119.82,2.87,29.09,Very_Light
SUB7620090,22367.48,21.843,19533.5,1813.32,16.4,5.01,Power_User
SUB2619426,2273.13,2.22,2009.88,38.71,21.96,28.7,Moderate
SUB8005351,2821.26,2.755,2448.07,91.68,2.02,164.51,Moderate
SUB8570095,1474.22,1.44,544.46,693.63,3.04,25.86,Light
SUB3138421,2635.56,2.574,2019.06,259.04,8.52,77.37,Moderate
SUB6023198,4570.88,4.464,4095.6,60.38,24.24,41.8,Moderate
SUB9673899,2570.42,2.51,2111.93,214.05,0.9,89.7,Moderate
SUB2649959,897.06,0.876,725.34,53.02,3.05,0.0,Light
SUB8059916,6287.11,6.14,6045.37,128.32,9.51,227.01,Heavy
SUB3188077,979.75,0.957,604.12,121.27,9.79,139.21,Light
SUB5784973,184.92,0.181,103.88,40.28,0.44,7.4,Very_Light
SUB4769484,1217.28,1.189,1068.22,50.3,4.9,1.9,Light
SUB2290906,1668.22,1.629,525.64,916.45,7.09,70.14,Light
SUB2435367,2797.24,2.732,2565.09,122.41,4.85,21.12,Moderate
SUB9312048,4777.99,4.666,4132.81,185.0,8.61,40.91,Moderate
SUB4246849,445.26,0.435,387.23,52.86,0.38,0.59,Very_Light
SUB9654584,2170.45,2.12,1163.37,592.91,14.94,134.18,Moderate
SUB2605196,1026.13,1.002,536.62,242.5,7.45,57.95,Light
SUB6387059,1667.78,1.629,581.13,758.13,1.3,185.79,Light
SUB2045851,4852.76,4.739,2904.69,1075.79,16.13,418.72,Moderate
SUB9466602,876.52,0.856,676.45,255.98,9.91,0.0,Light
SUB3664921,7567.57,7.39,5411.39,1827.03,51.87,633.8,Heavy
SUB2434730,4276.81,4.177,3368.43,544.09,0.47,221.48,Moderate
SUB5071650,615.96,0.602,315.68,226.55,2.32,0.0,Light
SUB5354489,2852.13,2.785,2853.7,45.24,7.62,60.16,Moderate
SUB2958615,284.88,0.278,202.27,25.71,2.79,1.43,Very_Light
SUB7502483,3618.92,3.534,2792.74,360.39,16.14,98.01,Moderate
SUB1978534,1310.4,1.28,1244.46,22.6,5.6,29.3,Light
SUB8701516,2647.12,2.585,1853.79,517.69,7.0,53.81,Moderate
SUB2318155,381.71,0.373,102.29,110.32,6.01,92.45,Very_Light
SUB1984588,4529.22,4.423,4285.93,458.0,3.72,101.03,Moderate
SUB5449399,4504.71,4.399,4303.45,320.14,18.46,30.92,Moderate
SUB5002761,3612.98,3.528,3117.62,498.05,12.47,193.39,Moderate
SUB1481632,1527.06,1.491,595.01,860.06,3.85,31.07,Light
SUB8723047,576.13,0.563,219.0,247.8,2.13,15.83,Light
SUB7541173,10582.48,10.334,10001.0,1174.38,7.46,11.29,Power_User
SUB8998799,11465.94,11.197,9951.16,1089.86,12.09,51.48,Power_User
SUB6275820,5055.81,4.937,3018.75,1554.84,0.0,464.05,Moderate
SUB9918562,1610.99,1.573,665.95,744.47,5.7,41.18,Light
SUB8639298,3483.29,3.402,2714.6,612.59,14.31,42.78,Moderate
SUB8496196,338.63,0.331,203.45,45.17,4.29,13.88,Very_Light
SUB6104138,771.11,0.753,493.52,234.74,1.96,22.7,Light
SUB1026505,4016.07,3.922,3218.44,495.46,0.94,34.46,Moderate
SUB2650375,6341.81,6.193,3599.42,1344.05,18.91,1078.75,Heavy
SUB1212204,960.61,0.938,331.66,474.55,0.39,16.95,Light
SUB8050305,1607.67,1.57,1325.77,103.85,5.37,61.14,Light
SUB9916776,147.43,0.144,87.31,20.34,1.58,5.15,Very_Light
SUB1973215,2151.87,2.101,1775.03,432.14,4.62,67.63,Moderate
SUB1567827,1518.42,1.483,1180.58,101.63,0.89,74.92,Light
SUB9325857,1770.93,1.729,1446.56,281.87,15.43,9.47,Light
SUB2267633,2193.42,2.142,1649.52,433.23,6.44,72.55,Moderate
SUB4684815,1220.39,1.192,155.48,543.64,2.33,337.26,Light
SUB3026182,10452.36,10.207,9699.21,1501.97,0.12,225.8,Power_User
SUB5638246,330.97,0.323,169.79,123.08,0.93,33.5,Very_Light
SUB9437392,1585.41,1.548,1378.38,152.87,0.68,38.26,Light
SUB9377900,3156.54,3.083,2081.68,803.37,0.72,56.52,Moderate
SUB3210186,3408.0,3.328,2624.31,521.33,55.57,154.89,Moderate
SUB3531196,886.29,0.866,551.41,243.34,15.7,2.55,Light
SUB4200090,1098.48,1.073,842.14,199.37,0.32,10.6,Light
SUB1053997,2285.19,2.232,1738.98,328.69,23.5,99.07,Moderate
SUB5375717,1037.73,1.013,580.2,290.8,1.07,10.19,Light
SUB6607423,1747.97,1.707,1652.03,46.05,1.34,17.62,Light
SUB3940504,535.63,0.523,366.4,78.95,0.37,1.2,Light
SUB5934990,2309.15,2.255,1940.13,256.36,4.22,125.04,Moderate
SUB9057907,4782.33,4.67,4695.94,111.53,0.6,17.96,Moderate
SUB6721877,1651.91,1.613,1309.49,201.24,2.09,23.53,Light
SUB9959601,926.9,0.905,516.49,188.35,46.41,12.69,Light
SUB6856494,1347.97,1.316,831.34,434.75,4.15,21.68,Light
SUB8760004,5435.87,5.308,5192.2,394.68,5.4,7.46,Heavy
SUB7102493,762.56,0.745,434.62,132.05,1.81,3.38,Light
SUB3593449,1188.52,1.161,749.71,430.53,0.99,37.56,Light
SUB2018543,668.67,0.653,260.97,359.54,0.63,5.93,Light
SUB9773713,419.77,0.41,167.95,109.3,3.31,55.41,Very_Light
SUB7774870,681.94,0.666,539.81,132.11,10.0,0.0,Light
SUB8104527,1373.26,1.341,1167.74,80.32,0.15,6.53,Light
SUB5227234,800.58,0.782,582.54,162.58,7.83,0.0,Light
SUB2121889,1681.55,1.642,570.18,1183.09,8.42,23.47,Light
SUB4258881,12146.44,11.862,11205.78,627.49,3.2,17.67,Power_User
SUB4631453,135.88,0.133,20.99,56.96,0.05,0.0,Very_Light
SUB7524367,701.84,0.685,430.32,125.9,6.66,20.7,Light
SUB6338938,7418.36,7.244,6047.58,817.21,0.75,37.89,Heavy
SUB3185028,10030.4,9.795,8523.16,1046.58,24.03,39.63,Heavy
SUB5803958,261.99,0.256,136.11,75.66,2.98,3.02,Very_Light
SUB9926299,782.66,0.764,679.02,54.61,0.74,5.35,Light
SUB4487924,4195.35,4.097,3149.56,846.08,0.18,52.35,Moderate
SUB1772838,3888.73,3.798,2886.54,690.56,0.51,51.3,Moderate
SUB1261420,2777.01,2.712,1803.69,846.39,2.61,60.37,Moderate
SUB1477843,2671.11,2.609,2409.56,202.51,4.17,264.62,Moderate
SUB5529943,2703.89,2.641,1197.06,1462.2,18.97,16.27,Moderate
SUB5552538,1617.53,1.58,887.93,515.2,1.71,96.26,Light
SUB2825260,167.07,0.163,116.06,24.21,0.8,3.08,Very_Light
SUB5775833,716.74,0.7,627.89,7.57,2.04,18.98,Light
SUB5187694,526.89,0.515,296.63,124.85,5.42,51.09,Light
SUB4099834,3857.41,3.767,2905.14,631.05,11.68,109.77,Moderate
SUB7771158,2433.7,2.377,1282.86,462.86,11.4,424.64,Moderate
SUB4564507,6942.8,6.78,6591.93,389.14,1.81,8.57,Heavy
SUB5299489,8008.38,7.821,7352.47,1127.72,6.79,9.03,Heavy
SUB4182132,347.67,0.34,146.54,90.66,1.34,61.63,Very_Light
SUB4440863,583.91,0.57,239.93,238.37,0.28,40.89,Light
SUB8986322,1078.75,1.053,880.32,41.72,1.98,0.0,Light
SUB7637448,30381.77,29.67,31718.44,339.71,7.87,8.24,Power_User
SUB8135580,718.31,0.701,661.6,46.01,0.69,12.09,Light
SUB5802738,2198.74,2.147,1460.66,443.03,1.15,15.59,Moderate
SUB7779651,7851.81,7.668,6196.48,1446.61,3.74,24.84,Heavy
SUB8871490,1384.03,1.352,774.85,349.29,6.09,79.43,Light
SUB1144375,6838.91,6.679,5988.53,897.55,0.26,33.42,Heavy
SUB8673919,4402.68,4.299,3548.65,482.54,6.94,0.0,Moderate
SUB6713948,1513.66,1.478,1273.62,82.46,2.8,18.87,Light
SUB5229491,236.35,0.231,106.21,42.44,0.98,35.94,Very_Light
SUB9060426,12741.39,12.443,10116.3,1420.01,38.62,985.94,Power_User
SUB6183584,5942.22,5.803,5418.57,65.9,10.52,383.09,Heavy
SUB6911993,2409.82,2.353,1732.82,379.56,4.21,214.03,Moderate
SUB4183818,6011.27,5.87,4343.33,1069.35,18.48,49.47,Heavy
SUB2518560,4960.2,4.844,3956.7,724.5,1.98,267.15,Moderate
SUB2894420,2198.75,2.147,544.65,1373.12,3.04,24.29,Moderate
SUB8069222,656.47,0.641,99.31,490.66,18.83,19.57,Light
SUB8658206,3951.05,3.858,3134.1,401.57,2.61,37.94,Moderate
SUB1541797,4799.89,4.687,3967.5,1201.28,2.65,9.54,Moderate
SUB9305827,2719.01,2.655,1874.9,595.11,0.97,93.38,Moderate
SUB7557642,9840.71,9.61,7952.85,1173.5,7.04,300.82,Heavy
SUB6436526,1887.94,1.844,196.17,1455.43,19.05,322.99,Light
SUB8639377,164.33,0.16,3.29,81.62,3.56,3.08,Very_Light
SUB2796218,1431.76,1.398,996.83,163.87,16.49,105.57,Light
SUB1552226,544.56,0.532,126.77,267.94,2.06,59.27,Light
SUB8514782,891.21,0.87,643.49,216.38,1.72,0.62,Light
SUB6098907,294.59,0.288,219.64,12.56,0.69,46.55,Very_Light
SUB9649318,917.99,0.896,789.19,37.29,2.06,35.25,Light
SUB8139608,12655.55,12.359,11018.37,804.64,43.83,361.71,Power_User
SUB8707690,3826.73,3.737,2012.92,1899.29,13.47,6.92,Moderate
SUB8003621,2319.55,2.265,2274.37,164.8,1.76,14.47,Moderate
SUB4803074,8456.11,8.258,6322.58,749.58,4.66,578.76,Heavy
SUB8416510,229.24,0.224,82.95,56.08,1.15,39.14,Very_Light
SUB8467133,2211.82,2.16,594.07,246.89,15.2,1101.94,Moderate
SUB4507145,654.99,0.64,542.15,39.27,0.99,1.26,Light
SUB2778244,3273.97,3.197,2822.51,455.61,0.14,76.33,Moderate
SUB5782337,1911.7,1.867,1397.79,255.58,1.02,28.31,Light
SUB2180859,1403.8,1.371,1238.41,65.85,13.94,1.52,Light
SUB7733214,3387.89,3.308,2840.66,449.66,7.57,26.83,Moderate
SUB2980425,691.49,0.675,295.77,290.31,0.2,37.25,Light
SUB8441521,1128.64,1.102,770.88,190.56,0.71,18.91,Light
SUB9077813,2184.46,2.133,1969.4,201.91,0.5,1.89,Moderate
SUB8694420,6012.44,5.872,5155.66,993.41,17.05,95.41,Heavy
SUB3941616,3214.3,3.139,2059.79,721.24,0.97,16.38,Moderate
SUB3474370,1409.29,1.376,576.87,709.44,7.97,98.97,Light
SUB6604297,481.98,0.471,311.15,89.4,2.58,84.28,Very_Light
SUB8105924,236.8,0.231,76.19,62.21,1.59,45.12,Very_Light
SUB3078937,5638.48,5.506,4916.81,360.96,25.93,2.21,Heavy
SUB9915948,5221.26,5.099,3380.93,1243.27,14.73,135.99,Heavy
SUB2355097,4702.59,4.592,3666.36,872.49,0.33,5.13,Moderate
SUB3055397,2024.39,1.977,1557.99,373.8,0.53,101.5,Light
SUB2079037,598.2,0.584,159.77,324.16,6.03,10.64,Light
SUB5151951,2291.19,2.237,1915.94,185.29,0.6,69.52,Moderate
SUB4155200,1139.71,1.113,95.69,896.88,6.22,3.37,Light
SUB1855695,8873.54,8.666,7349.49,641.14,27.6,153.06,Heavy
SUB1112036,2750.61,2.686,963.33,1240.4,9.76,317.92,Moderate
SUB4831854,2769.64,2.705,1644.94,1108.63,6.65,110.03,Moderate
SUB1889694,327.32,0.32,228.66,27.77,7.59,1.49,Very_Light
SUB1590348,12534.14,12.24,9974.48,1451.28,9.23,13.84,Power_User
SUB8695082,3281.6,3.205,2372.6,507.37,0.13,74.36,Moderate
SUB5066981,1307.27,1.277,916.46,65.66,1.63,65.93,Light
SUB5467801,148.87,0.145,62.71,14.31,0.3,2.83,Very_Light
SUB3183525,792.44,0.774,699.17,20.18,6.32,19.48,Light
SUB1693464,10653.58,10.404,8865.27,1926.78,9.0,182.09,Power_User
SUB2577415,810.07,0.791,458.51,285.17,10.68,25.9,Light
SUB5262663,2510.12,2.451,1902.83,247.96,2.32,29.6,Moderate
SUB4593824,1685.8,1.646,1397.55,275.41,2.34,45.99,Light
SUB5668223,317.24,0.31,204.14,67.79,3.12,13.55,Very_Light
SUB9036837,2110.04,2.061,1518.88,463.62,8.52,19.1,Moderate
SUB2358356,1288.69,1.258,1050.52,192.62,0.38,24.84,Light
SUB2515719,4438.12,4.334,4130.71,120.15,1.1,121.89,Moderate
SUB5141426,8145.54,7.955,7383.93,1087.67,2.59,2.53,Heavy
SUB1837566,258.19,0.252,192.29,14.92,1.76,7.42,Very_Light
SUB7642516,3313.19,3.236,2360.13,293.16,11.55,329.31,Moderate
SUB9483063,5398.73,5.272,4537.91,298.24,7.16,53.14,Heavy
SUB9123155,3098.88,3.026,2417.24,556.28,22.24,41.68,Moderate
SUB2223981,648.53,0.633,370.75,208.9,24.74,60.54,Light
SUB3336798,923.09,0.901,84.19,602.9,2.62,168.64,Light
SUB3158344,4962.72,4.846,4242.65,890.24,11.57,136.13,Moderate
SUB7483214,607.81,0.594,235.68,279.91,27.67,10.29,Light
SUB1835165,3981.06,3.888,2076.76,1757.67,46.45,176.61,Moderate
SUB2734428,39.88,0.039,17.22,4.14,0.06,0.0,Very_Light
SUB4822069,3415.35,3.335,2849.43,211.7,3.38,297.2,Moderate
SUB4144787,1837.93,1.795,778.35,791.43,21.26,45.56,Light
SUB9346988,273.49,0.267,112.44,85.36,2.31,13.92,Very_Light
SUB3812789,934.68,0.913,684.14,203.07,1.47,8.86,Light
SUB8992726,2478.13,2.42,335.52,2011.18,15.17,196.11,Moderate
SUB9844712,6202.66,6.057,5776.55,515.63,2.11,156.59,Heavy
SUB3166503,273.74,0.267,102.37,52.01,4.15,0.0,Very_Light
SUB9045391,882.45,0.862,814.77,6.98,6.23,1.38,Light
SUB9622693,741.66,0.724,569.57,159.28,3.15,24.75,Light
SUB1498095,693.55,0.677,389.02,185.95,2.2,112.38,Light
SUB9410184,930.19,0.908,498.86,329.44,3.63,4.0,Light
SUB4330263,3373.48,3.294,1932.53,1113.55,2.94,112.12,Moderate
SUB8366604,695.25,0.679,457.06,151.15,0.55,10.48,Light
SUB4665842,2897.91,2.83,1654.45,272.21,4.74,617.66,Moderate
SUB3791338,8219.14,8.027,6274.29,1243.23,38.84,16.16,Heavy
SUB4337031,3721.04,3.634,3368.27,368.97,11.99,25.33,Moderate
SUB9234025,613.89,0.6,512.61,45.99,0.32,3.12,Light
SUB4945123,1092.43,1.067,299.37,361.98,9.96,278.63,Light
SUB5768026,1004.54,0.981,862.66,52.25,0.98,8.6,Light
SUB5083501,1171.31,1.144,821.2,121.05,2.54,20.99,Light
SUB5836161,906.89,0.886,506.89,252.84,7.68,14.42,Light
SUB2780248,1646.23,1.608,1380.29,204.95,1.12,114.28,Light
SUB7126664,1090.91,1.065,560.72,394.78,11.26,94.21,Light
SUB8709824,5992.85,5.852,6149.08,361.52,18.24,13.43,Heavy
SUB5795817,1346.99,1.315,914.1,237.43,1.84,33.57,Light
SUB3180019,10240.32,10.0,8901.18,277.91,20.11,122.52,Heavy
SUB1779957,1633.95,1.596,1305.34,146.89,0.0,36.16,Light
SUB2913980,11648.64,11.376,12044.78,75.28,57.68,94.12,Power_User
SUB2507394,10959.55,10.703,9086.52,735.8,7.52,138.7,Power_User
SUB3979845,2146.47,2.096,1771.69,316.44,0.26,54.75,Moderate
SUB3712188,7672.43,7.493,6981.26,446.33,14.28,2.61,Heavy
SUB9642873,9164.9,8.95,8178.68,1167.94,22.81,20.48,Heavy
SUB5713797,4033.92,3.939,3451.68,490.42,11.18,0.8,Moderate
SUB1910913,2270.93,2.218,1876.44,219.94,2.9,145.42,Moderate
SUB3057017,732.39,0.715,391.46,266.67,8.73,17.68,Light
SUB1653817,2853.1,2.786,2222.05,722.56,15.65,35.29,Moderate
SUB1996433,1175.28,1.148,714.97,369.77,1.43,47.31,Light
SUB3581505,6891.07,6.73,6251.68,107.24,2.76,7.47,Heavy
SUB7555851,286.55,0.28,198.86,37.95,0.13,1.83,Very_Light
SUB5108949,338.01,0.33,203.59,96.65,2.77,7.93,Very_Light
SUB7128420,325.97,0.318,199.67,25.53,37.97,17.35,Very_Light
SUB5876691,1653.53,1.615,748.16,722.24,12.68,34.36,Light
SUB5674071,1646.96,1.608,940.88,368.13,27.61,125.04,Light
SUB5203887,2307.77,2.254,1902.21,118.66,0.89,77.76,Moderate
SUB8138512,4829.06,4.716,4263.43,90.88,4.51,50.27,Moderate
SUB5036480,1217.59,1.189,93.15,1069.84,1.71,42.04,Light
SUB8567476,1794.93,1.753,1286.09,153.61,12.53,137.63,Light
SUB4486444,1720.37,1.68,960.56,642.06,6.11,17.53,Light
SUB8163357,977.79,0.955,476.75,362.89,2.83,33.99,Light
SUB6509165,2535.68,2.476,2083.15,215.27,9.1,32.48,Moderate
SUB5873014,20497.78,20.017,20135.66,2043.67,7.04,109.17,Power_User
SUB1468298,3731.9,3.644,2451.06,1014.56,19.68,33.45,Moderate
SUB5330453,377.46,0.369,61.96,124.69,2.38,67.09,Very_Light
SUB1570303,398.48,0.389,297.8,46.91,43.72,19.83,Very_Light
SUB6170988,9102.68,8.889,6977.22,1100.57,26.04,204.25,Heavy
SUB4317657,2560.0,2.5,1873.57,333.4,9.92,164.65,Moderate
SUB4336640,3481.52,3.4,2978.5,312.75,21.43,41.94,Moderate
SUB6000738,1166.49,1.139,808.4,165.01,4.13,28.48,Light
SUB3660891,3302.26,3.225,2178.63,1003.7,0.9,66.26,Moderate
SUB7995919,1005.03,0.981,335.34,512.45,3.98,162.19,Light
SUB5616167,1191.12,1.163,643.96,450.07,2.46,3.07,Light
SUB9947727,630.53,0.616,345.38,171.3,6.26,14.06,Light
SUB6998544,264.7,0.258,187.35,47.8,1.9,1.92,Very_Light
SUB3342094,2271.85,2.219,1851.89,298.03,0.71,6.77,Moderate
SUB3192271,552.2,0.539,333.44,154.99,2.9,30.9,Light
SUB3845376,658.0,0.643,215.55,232.53,3.57,24.92,Light
SUB4956558,1188.94,1.161,780.63,283.43,1.26,86.78,Light
SUB6236441,1244.19,1.215,990.1,273.63,0.31,12.47,Light
SUB4731570,532.82,0.52,156.76,222.76,0.42,153.71,Light
SUB7342211,9155.31,8.941,7163.23,1403.25,9.74,1.48,Heavy
SUB6831052,663.53,0.648,455.23,149.78,1.38,21.38,Light
SUB8939174,602.24,0.588,507.14,29.42,8.68,17.86,Light
SUB4254449,2101.86,2.053,1394.63,399.91,12.65,64.01,Moderate
SUB9994006,24103.75,23.539,21217.48,1743.07,7.86,30.31,Power_User
SUB5307910,440.43,0.43,98.24,270.16,10.48,13.2,Very_Light
SUB4322918,1321.36,1.29,1154.06,40.73,2.85,22.79,Light
SUB6271810,1507.17,1.472,508.49,20.96,11.27,939.33,Light
SUB5935371,2145.07,2.095,1680.39,145.94,1.23,277.43,Moderate
SUB1260102,20222.16,19.748,16815.85,1498.28,48.52,665.63,Power_User
SUB6516825,1525.86,1.49,1007.03,491.71,1.95,45.28,Light
SUB6818528,2728.72,2.665,1651.48,982.76,4.98,85.93,Moderate
SUB9214372,11100.53,10.84,10334.41,943.74,34.98,7.79,Power_User
SUB9536239,373.83,0.365,85.89,227.16,0.74,36.48,Very_Light
SUB2343054,1860.86,1.817,1555.74,223.18,6.09,15.51,Light
SUB4159016,4572.78,4.466,2214.39,1607.91,0.53,260.39,Moderate
SUB2726334,6083.39,5.941,5735.37,307.64,27.79,75.0,Heavy
SUB4353030,1443.6,1.41,932.93,354.85,1.89,30.03,Light
SUB2847199,3626.82,3.542,2194.44,1192.16,5.15,338.28,Moderate
SUB2638004,2759.14,2.694,2734.02,117.42,1.5,91.86,Moderate
SUB2729187,5205.58,5.084,3885.64,1518.87,55.02,94.25,Heavy
SUB5461595,1552.83,1.516,623.26,804.8,15.78,24.38,Light
SUB6817676,3816.41,3.727,3506.3,168.4,3.61,49.58,Moderate
SUB4460096,395.89,0.387,330.67,12.66,0.92,2.5,Very_Light
SUB2330363,2604.69,2.544,2023.99,207.94,3.1,205.19,Moderate
SUB4446839,4280.87,4.181,3529.26,980.15,0.45,37.92,Moderate
SUB4113506,2277.7,2.224,1424.62,531.45,6.01,87.73,Moderate
SUB9167197,1955.95,1.91,1866.28,118.19,1.38,18.12,Light
SUB2561014,3014.47,2.944,2807.2,44.32,12.75,20.48,Moderate
SUB5589369,2567.1,2.507,2092.62,112.55,4.38,137.59,Moderate
SUB7621778,307.88,0.301,148.47,136.48,0.4,11.01,Very_Light
SUB8531844,330.4,0.323,202.72,28.02,0.74,36.88,Very_Light
SUB4257983,774.56,0.756,606.96,39.51,9.55,102.62,Light
SUB7902066,266.03,0.26,123.39,81.14,0.49,22.61,Very_Light
SUB7073877,4399.62,4.297,3927.91,436.62,13.19,214.64,Moderate
SUB9033651,3726.93,3.64,3141.01,225.46,25.79,37.71,Moderate
SUB1751972,1905.94,1.861,1752.71,82.23,4.34,22.02,Light
SUB9648035,1720.87,1.681,1578.64,74.75,55.92,53.15,Light
SUB4631171,773.14,0.755,413.03,161.42,0.86,81.44,Light
SUB8973155,1754.75,1.714,1310.71,294.32,11.16,11.02,Light
SUB5976820,1259.06,1.23,1238.97,35.1,0.0,1.45,Light
SUB4743185,661.65,0.646,412.54,116.57,1.69,1.62,Light
SUB6768212,1770.48,1.729,1119.42,487.09,0.67,21.99,Light
SUB1024363,8861.48,8.654,7999.87,688.08,2.13,16.02,Heavy
SUB9783406,2361.72,2.306,2084.98,61.82,2.92,29.12,Moderate
SUB3045990,7802.58,7.62,6053.92,872.91,66.48,889.98,Heavy
SUB6178652,6073.3,5.931,5733.17,59.13,7.9,16.29,Heavy
SUB2385049,690.38,0.674,540.28,107.35,4.01,4.36,Light
SUB6567248,125.29,0.122,82.33,19.12,0.15,11.2,Very_Light
SUB2498447,3829.54,3.74,3047.88,267.14,16.29,14.8,Moderate
SUB2545288,636.15,0.621,283.99,317.51,4.16,1.03,Light
SUB9182320,274.58,0.268,188.93,55.4,0.54,17.93,Very_Light
SUB2595123,393.52,0.384,25.41,269.2,1.61,55.98,Very_Light
SUB9839008,3467.62,3.386,3128.17,592.37,10.92,37.58,Moderate
SUB6264482,2797.81,2.732,2362.47,129.52,0.67,0.92,Moderate
SUB7130158,239.29,0.234,141.51,46.81,3.77,0.0,Very_Light
SUB2391538,1411.78,1.379,1155.0,153.63,8.0,37.72,Light
SUB8219155,2350.5,2.295,1265.77,802.01,2.32,255.13,Moderate
SUB7817281,3647.27,3.562,3732.81,20.45,1.27,9.51,Moderate
SUB7701810,8848.74,8.641,6988.66,1569.94,8.82,95.3,Heavy
SUB5107560,5075.12,4.956,4704.53,140.4,2.49,109.9,Moderate
SUB7993018,1392.99,1.36,1142.06,157.91,0.73,119.97,Light
SUB1171236,2021.27,1.974,1556.07,387.88,2.12,34.02,Light
SUB4010129,835.14,0.816,673.61,125.17,3.82,69.08,Light
SUB1089743,3321.65,3.244,1465.78,2050.88,6.7,83.93,Moderate
SUB8426187,762.16,0.744,320.43,333.01,11.62,62.0,Light
SUB5112924,5440.3,5.313,4482.31,1075.93,23.37,126.15,Heavy
SUB2955206,8317.72,8.123,8395.48,60.4,11.78,325.56,Heavy
SUB2138422,1084.04,1.059,858.01,114.52,2.04,26.54,Light
SUB1758795,2873.41,2.806,2282.11,310.34,0.18,1.94,Moderate
SUB8632738,2517.7,2.459,1701.07,398.12,2.48,361.57,Moderate
SUB2764688,1750.65,1.71,1493.13,168.96,0.44,50.0,Light
SUB3957817,8443.53,8.246,8411.17,525.56,8.96,255.85,Heavy
SUB1239647,2336.59,2.282,1075.36,1170.15,0.48,186.33,Moderate
SUB5514153,122.38,0.12,38.0,20.18,0.0,2.68,Very_Light
SUB7098915,1523.58,1.488,1340.98,20.86,4.48,29.37,Light
SUB4772515,772.02,0.754,175.98,562.62,1.57,3.42,Light
SUB3942609,2399.24,2.343,1887.37,181.92,5.88,110.21,Moderate
SUB9158781,634.81,0.62,200.26,417.61,0.32,0.0,Light
SUB9813240,2735.27,2.671,2575.07,262.78,4.38,57.68,Moderate
SUB2572732,740.42,0.723,359.81,33.73,1.76,235.35,Light
SUB9016792,5494.11,5.365,5080.85,124.68,0.79,1.96,Heavy
SUB3740855,962.54,0.94,153.23,654.19,18.74,7.93,Light
SUB4340444,1675.48,1.636,1388.12,104.41,1.37,3.56,Light
SUB4750222,1582.17,1.545,1427.56,134.53,0.41,60.86,Light
SUB2380188,1632.17,1.594,1499.03,91.51,8.64,23.22,Light
SUB8530577,1580.98,1.544,736.94,339.96,2.39,349.79,Light
SUB4060465,3125.85,3.053,1515.12,1396.75,4.33,152.25,Moderate
SUB7723000,4773.65,4.662,4541.77,215.55,8.21,36.29,Moderate
SUB8770032,238.41,0.233,216.61,5.28,0.53,0.0,Very_Light
SUB3818767,13711.89,13.391,11853.3,790.71,2.43,70.18,Power_User
SUB8864394,1741.32,1.701,1487.91,243.51,4.66,43.61,Light
SUB6864049,1616.53,1.579,1271.04,195.27,17.47,0.0,Light
SUB9958825,2490.21,2.432,2306.49,371.71,5.3,20.75,Moderate
SUB9511807,2402.78,2.346,1922.06,232.53,3.17,13.19,Moderate
SUB6531052,334.32,0.326,182.7,50.79,1.91,0.65,Very_Light
SUB7321001,778.62,0.76,405.32,323.82,0.55,72.18,Light
SUB1424190,4680.98,4.571,4046.33,638.94,4.24,384.24,Moderate
SUB7743571,413.54,0.404,231.04,61.18,17.87,15.65,Very_Light
SUB4472696,1234.28,1.205,780.04,233.84,5.59,37.47,Light
SUB3120677,3939.35,3.847,3157.15,364.33,8.31,20.67,Moderate
SUB3597979,5816.09,5.68,4902.73,405.91,1.86,26.2,Heavy
SUB8524132,2446.26,2.389,2041.44,417.16,5.6,14.76,Moderate
SUB9294919,507.06,0.495,210.74,219.49,1.51,3.8,Very_Light
SUB3104417,2064.48,2.016,1225.1,623.67,0.95,66.19,Moderate
SUB6449604,1722.92,1.683,1467.0,255.41,0.13,11.16,Light
SUB1898628,3852.72,3.762,2967.32,737.21,0.23,3.65,Moderate
SUB4761054,2970.69,2.901,2662.57,235.33,1.86,64.67,Moderate
SUB3396716,585.99,0.572,358.06,152.28,0.06,68.9,Light
SUB3057244,1692.91,1.653,791.6,607.78,0.78,2.29,Light
SUB3707929,4896.09,4.781,4076.25,791.0,17.02,0.0,Moderate
SUB5272513,2991.54,2.921,2334.44,423.96,1.61,9.83,Moderate
SUB4928125,650.04,0.635,304.54,315.29,13.21,4.02,Light
SUB5125186,800.0,0.781,311.24,373.0,10.43,1.16,Light
SUB4338669,45.35,0.044,23.05,16.97,0.1,0.0,Very_Light
SUB9302258,2302.92,2.249,1935.47,425.49,0.79,82.84,Moderate
SUB8738667,138.08,0.135,79.85,34.47,0.35,3.34,Very_Light
SUB5360866,9547.01,9.323,7613.93,1217.44,6.66,553.12,Heavy
SUB3304310,12335.0,12.046,11461.63,567.41,27.21,58.15,Power_User
SUB1976264,1876.95,1.833,436.94,347.82,3.08,836.17,Light
SUB9323880,491.58,0.48,69.92,141.28,2.73,187.9,Very_Light
SUB8299243,4970.47,4.854,3363.35,1277.24,22.7,366.93,Moderate
SUB4928094,825.77,0.806,678.02,101.87,0.78,44.23,Light
SUB6795886,185.83,0.181,62.32,21.7,1.43,46.24,Very_Light
SUB7531423,684.73,0.669,399.52,203.6,1.89,39.89,Light
SUB3790353,3860.7,3.77,3412.73,77.97,1.1,119.87,Moderate
SUB6185356,869.69,0.849,719.26,31.0,2.03,33.98,Light
SUB3465849,5246.25,5.123,3664.45,1954.81,0.72,25.33,Heavy
SUB3933865,9074.86,8.862,8582.51,905.0,6.88,83.99,Heavy
SUB7667051,449.67,0.439,240.13,151.54,0.55,4.52,Very_Light
SUB8587145,2312.18,2.258,1847.92,353.11,0.33,16.79,Moderate
SUB7030079,1195.39,1.167,512.0,514.74,0.17,16.3,Light
SUB9970922,3965.65,3.873,3458.2,217.87,2.22,39.93,Moderate
SUB7147454,279.89,0.273,127.43,69.97,3.21,11.51,Very_Light
SUB8907288,980.88,0.958,686.62,204.51,8.99,69.95,Light
SUB3505700,5572.8,5.442,3602.16,1642.06,0.26,8.8,Heavy
SUB1145693,183.91,0.18,100.63,66.56,0.86,0.0,Very_Light
SUB2649734,1764.88,1.724,904.82,469.5,3.17,160.1,Light
SUB1885621,1685.24,1.646,1421.86,155.35,0.0,2.33,Light
SUB1561548,1513.8,1.478,1158.91,93.24,32.27,3.07,Light
SUB9063001,238.72,0.233,66.35,48.76,18.56,48.78,Very_Light
SUB5379845,618.28,0.604,229.56,271.97,6.94,1.98,Light
SUB8150265,900.62,0.88,672.25,202.11,4.04,14.54,Light
SUB2703728,13571.22,13.253,12509.69,1800.74,2.0,220.97,Power_User
SUB5762315,992.95,0.97,98.12,938.28,2.76,7.05,Light
SUB4377136,364.52,0.356,111.56,196.73,2.03,10.99,Very_Light
SUB1468451,7020.74,6.856,5945.18,1198.75,8.81,92.62,Heavy
SUB5777830,2741.1,2.677,1997.72,312.72,9.16,230.51,Moderate
SUB1259425,7621.41,7.443,6083.26,649.96,11.5,232.08,Heavy
SUB9899217,320.47,0.313,132.55,54.6,0.79,15.82,Very_Light
SUB8604323,2148.67,2.098,1346.11,962.01,0.26,1.99,Moderate
SUB7259635,1437.44,1.404,995.28,408.35,7.68,16.83,Light
SUB5494893,2070.29,2.022,1053.19,893.11,2.99,43.52,Moderate
SUB2968093,506.51,0.495,425.54,16.43,0.58,14.54,Very_Light
SUB3444913,13949.92,13.623,12008.78,854.82,1.59,141.69,Power_User
SUB7504938,3323.9,3.246,2147.19,944.06,0.94,11.85,Moderate
SUB8131390,2474.05,2.416,1078.27,1183.55,10.25,2.96,Moderate
SUB4787132,1463.08,1.429,1054.87,452.43,1.0,47.25,Light
SUB4809821,3423.39,3.343,3261.52,225.0,10.81,130.51,Moderate
SUB9817518,2884.45,2.817,2260.26,340.63,1.2,12.81,Moderate
SUB5037746,794.3,0.776,387.89,217.77,0.51,46.22,Light
SUB1081171,6280.91,6.134,4566.4,1639.61,3.25,11.14,Heavy
SUB3183448,21658.28,21.151,19160.35,1233.67,15.37,84.63,Power_User
SUB2189138,1580.47,1.543,976.85,438.01,1.3,88.18,Light
SUB3249476,705.52,0.689,556.62,35.3,3.56,37.74,Light
SUB3759374,1146.01,1.119,862.68,109.73,26.55,40.41,Light
SUB4463894,1613.61,1.576,1609.35,13.73,1.08,41.98,Light
SUB1783258,492.41,0.481,335.0,81.06,13.94,58.89,Very_Light
SUB2896999,8760.52,8.555,6943.33,1732.07,13.56,42.13,Heavy
SUB3852889,3866.95,3.776,3035.71,696.77,5.09,117.14,Moderate
SUB8297050,1898.65,1.854,1423.66,378.04,7.63,44.0,Light
SUB8371858,68.77,0.067,15.25,31.38,0.3,3.53,Very_Light
SUB2761201,896.86,0.876,784.08,28.74,1.02,3.4,Light
SUB3337180,2103.9,2.055,241.23,1736.26,14.67,224.62,Moderate
SUB4485862,985.06,0.962,288.74,614.63,1.41,30.49,Light
SUB2400507,2208.67,2.157,1755.99,209.31,6.26,188.37,Moderate
SUB5235040,345.59,0.337,195.28,73.92,7.24,20.55,Very_Light
SUB6529554,1326.8,1.296,574.73,622.67,2.17,137.55,Light
SUB8518162,570.11,0.557,402.21,89.82,3.56,21.76,Light
SUB8676431,1642.94,1.604,1091.14,464.64,0.43,1.52,Light
SUB3757398,2313.46,2.259,1290.66,785.76,1.54,8.69,Moderate
SUB1388742,277.38,0.271,135.57,82.04,0.4,8.41,Very_Light
SUB1676935,5271.8,5.148,5103.61,257.93,7.79,13.36,Heavy
SUB8793604,2975.36,2.906,2451.35,374.55,12.58,133.37,Moderate
SUB1401072,955.6,0.933,331.62,507.51,1.98,40.46,Light
SUB7722841,899.0,0.878,478.75,393.25,10.86,44.44,Light
SUB3095637,3215.17,3.14,2830.36,49.54,7.13,0.0,Moderate
SUB3788302,2318.59,2.264,1313.94,299.94,33.13,683.78,Moderate
SUB8843227,9952.2,9.719,8820.38,675.95,16.73,182.74,Heavy
SUB6581472,4780.41,4.668,4015.17,939.16,6.5,67.6,Moderate
SUB9269841,1989.51,1.943,1472.46,440.61,9.06,36.5,Light
SUB5859633,493.69,0.482,123.27,305.0,8.34,58.74,Very_Light
SUB5468852,122.7,0.12,36.72,47.86,2.43,2.67,Very_Light
SUB8742237,2948.33,2.879,2465.2,611.61,10.12,47.79,Moderate
SUB7749977,701.2,0.685,584.93,59.89,0.56,2.72,Light
SUB1419503,4446.93,4.343,3801.09,130.81,9.83,4.06,Moderate
SUB7488000,1729.67,1.689,1611.44,119.73,3.38,1.35,Light
SUB8586544,1130.4,1.104,247.6,764.26,26.75,13.51,Light
SUB9318849,1601.62,1.564,1401.79,35.74,12.42,0.0,Light
SUB8608965,1806.17,1.764,563.43,1061.48,6.97,55.56,Light
SUB1158253,1884.06,1.84,572.49,1154.06,1.34,11.67,Light
SUB9209061,367.2,0.359,184.64,118.7,4.77,10.13,Very_Light
SUB4211369,642.19,0.627,409.39,116.95,6.93,0.0,Light
SUB2659537,2375.66,2.32,2031.85,271.31,28.72,0.0,Moderate
SUB2279898,1560.84,1.524,672.99,2.19,3.07,967.84,Light
SUB3364840,9916.77,9.684,7816.68,1173.31,0.7,5.75,Heavy
SUB1771143,4186.84,4.089,3493.14,483.13,2.43,136.4,Moderate
SUB7697947,253.57,0.248,54.62,90.46,0.79,13.39,Very_Light
SUB4906377,366.58,0.358,223.88,100.26,9.51,12.43,Very_Light
SUB2461433,1835.19,1.792,1024.01,602.17,23.75,13.7,Light
SUB4348549,716.61,0.7,369.95,172.21,14.64,25.58,Light
SUB8753638,1624.06,1.586,1198.36,165.63,0.75,41.07,Light
SUB6580427,2782.23,2.717,2042.51,438.42,7.12,20.71,Moderate
SUB2576845,1650.59,1.612,1363.3,114.69,15.45,90.0,Light
SUB1988722,23413.77,22.865,21517.43,307.39,13.08,35.01,Power_User
SUB3037398,441.14,0.431,350.72,45.56,0.09,49.42,Very_Light
SUB4527110,1821.59,1.779,1507.41,189.12,7.55,19.06,Light
SUB5289639,2835.94,2.769,1896.21,437.4,24.19,423.55,Moderate
SUB7398897,7651.62,7.472,7880.64,135.94,19.43,118.05,Heavy
SUB2065560,599.57,0.586,357.44,241.2,0.0,32.12,Light
SUB8989900,2338.91,2.284,1065.34,1223.51,1.31,10.34,Moderate
SUB8189204,5902.96,5.765,5773.51,228.91,8.3,4.02,Heavy
SUB7707432,1458.41,1.424,762.11,573.66,0.38,135.5,Light
SUB9349065,4479.99,4.375,2938.82,1144.03,0.08,574.3,Moderate
SUB3754036,2296.75,2.243,536.64,1536.39,5.3,47.59,Moderate
SUB7934198,2494.08,2.436,2250.33,162.4,9.32,7.32,Moderate
SUB8389434,1402.13,1.369,632.92,560.86,2.27,125.48,Light
SUB1091656,511.48,0.499,174.74,230.88,6.67,10.75,Very_Light
SUB3162766,468.87,0.458,273.06,67.05,2.24,68.72,Very_Light
SUB1353153,2313.43,2.259,2060.14,299.38,11.44,68.02,Moderate
SUB7724504,6584.57,6.43,5640.2,1300.0,0.11,104.37,Heavy
SUB4453708,996.88,0.974,783.03,122.38,0.9,21.34,Light
SUB5101153,757.05,0.739,578.55,157.25,2.12,14.53,Light
SUB1987938,1801.66,1.759,863.26,352.7,4.08,333.24,Light
SUB8074533,530.49,0.518,376.76,31.32,3.27,67.78,Light
SUB4801065,11771.93,11.496,11820.77,312.44,0.77,93.79,Power_User
SUB1862839,9766.58,9.538,9924.64,336.92,12.38,3.23,Heavy
SUB2064367,3556.74,3.473,2662.3,336.46,3.55,130.55,Moderate
SUB1234898,3359.29,3.281,2733.0,486.88,8.88,6.43,Moderate
SUB1461122,273.49,0.267,195.86,58.23,5.39,12.84,Very_Light
SUB1675025,3438.06,3.357,3199.13,227.24,8.08,84.12,Moderate
SUB5264550,2099.63,2.05,1587.95,423.59,1.33,34.38,Moderate
SUB8536968,615.29,0.601,438.01,143.71,2.33,5.07,Light
SUB6477835,9940.94,9.708,8909.86,330.96,0.2,213.25,Heavy
SUB2605752,5209.5,5.087,4893.7,282.25,1.89,134.81,Heavy
SUB1807040,2234.83,2.182,1603.56,122.11,8.62,238.76,Moderate
SUB7634586,300.77,0.294,151.02,122.76,0.82,2.84,Very_Light
SUB5132443,2992.17,2.922,2839.61,54.58,4.83,19.44,Moderate
SUB6232190,238.83,0.233,98.99,95.57,0.63,1.0,Very_Light
SUB8920337,1269.55,1.24,775.97,350.51,5.65,0.9,Light
SUB3154828,2984.6,2.915,1278.38,1595.04,0.34,75.53,Moderate
SUB6778728,7394.42,7.221,5568.34,1129.28,2.89,323.12,Heavy
SUB6293348,1383.38,1.351,637.87,288.56,1.08,223.09,Light
SUB3784975,1495.01,1.46,826.57,462.34,0.0,29.55,Light
SUB9371223,4007.45,3.914,3674.62,238.87,11.42,23.18,Moderate
SUB9840597,1224.3,1.196,977.11,146.51,4.94,1.54,Light
SUB5859382,4060.41,3.965,4167.39,148.02,1.07,9.33,Moderate
SUB5912301,3466.39,3.385,3349.01,110.85,0.27,57.51,Moderate
SUB9126492,6729.68,6.572,6123.66,262.07,5.07,41.57,Heavy
SUB4077026,441.96,0.432,120.12,210.51,1.0,49.67,Very_Light
SUB1148469,3598.28,3.514,1357.01,1689.24,0.83,449.02,Moderate
SUB5170555,1662.33,1.623,1448.75,164.83,0.48,4.89,Light
SUB1516394,1092.6,1.067,427.81,559.05,15.7,68.09,Light
SUB3090825,415.05,0.405,87.26,246.42,0.63,60.19,Very_Light
SUB9908720,777.09,0.759,393.55,322.2,6.39,8.17,Light
SUB4290303,2065.41,2.017,1265.36,583.14,7.91,94.1,Moderate
SUB8415871,1842.01,1.799,1710.54,159.2,2.05,29.65,Light
SUB9090433,5686.62,5.553,4824.88,662.25,6.71,2.06,Heavy
SUB3418853,2915.53,2.847,1382.7,1085.27,5.86,186.33,Moderate
SUB6244786,653.63,0.638,508.84,26.67,1.11,2.81,Light
SUB8249127,1670.67,1.632,1123.83,311.58,3.17,50.3,Light
SUB9920857,741.5,0.724,401.46,163.2,1.56,82.74,Light
SUB8197177,593.74,0.58,276.69,177.72,12.47,128.91,Light
SUB5384077,1412.91,1.38,1107.42,288.39,7.17,21.32,Light
SUB2129775,1587.99,1.551,1093.93,484.65,2.21,8.6,Light
SUB9125248,2581.46,2.521,1670.07,555.27,0.52,67.58,Moderate
SUB3196916,233.46,0.228,136.15,71.52,0.8,1.64,Very_Light
SUB7241602,3884.22,3.793,3624.83,144.56,1.6,0.0,Moderate
SUB2170933,2570.26,2.51,1388.58,1190.75,49.24,18.93,Moderate
SUB2391449,10088.65,9.852,9952.78,987.39,3.14,8.21,Heavy
SUB3518929,1238.34,1.209,786.73,346.37,0.86,0.0,Light
SUB7604168,4770.89,4.659,4046.76,358.98,1.88,12.26,Moderate
SUB1859734,9072.18,8.86,7508.34,1075.94,9.86,289.65,Heavy
SUB6207188,3531.06,3.448,3427.79,130.2,0.39,86.62,Moderate
SUB9242580,9436.43,9.215,8708.42,59.53,5.13,7.4,Heavy
SUB2872154,3718.01,3.631,3231.68,297.65,0.76,2.86,Moderate
SUB8904617,5416.43,5.289,4193.31,663.61,0.95,32.52,Heavy
SUB1913605,1367.0,1.335,511.81,788.59,26.08,0.0,Light
SUB4009526,6629.73,6.474,6010.89,83.21,2.78,6.4,Heavy
SUB9405547,9977.34,9.743,9772.33,659.08,0.96,82.0,Heavy
SUB3032656,2243.22,2.191,2248.71,70.96,0.77,0.61,Moderate
SUB7490750,1058.06,1.033,530.83,404.88,17.54,7.25,Light
SUB8221626,2052.28,2.004,1962.64,114.7,12.01,0.0,Moderate
SUB7353575,161.87,0.158,64.97,26.83,7.62,38.3,Very_Light
SUB7982137,807.88,0.789,475.94,334.2,8.71,1.97,Light
SUB4289986,450.64,0.44,123.04,282.52,1.37,24.58,Very_Light
SUB6652555,4401.2,4.298,3723.75,377.79,33.32,88.84,Moderate
SUB6198054,1467.28,1.433,639.79,753.63,0.07,5.1,Light
SUB8269623,412.6,0.403,167.18,152.86,4.87,18.48,Very_Light
SUB2854165,1520.47,1.485,1561.67,12.8,4.7,5.6,Light
SUB1377224,2407.91,2.351,1620.61,606.33,3.12,50.3,Moderate
SUB5453722,9248.12,9.031,8224.34,139.49,5.16,320.94,Heavy
SUB7321136,8533.06,8.333,8243.27,242.26,0.51,12.11,Heavy
SUB9623041,7291.78,7.121,5668.25,1519.4,55.85,24.74,Heavy
SUB1364446,1270.39,1.241,569.85,630.8,8.7,61.98,Light
SUB7759072,963.42,0.941,691.66,270.84,1.18,45.06,Light
SUB1448934,13018.83,12.714,11685.95,1586.71,8.5,314.37,Power_User
SUB3657885,1648.78,1.61,1184.38,213.2,10.1,45.31,Light
SUB6242029,2432.44,2.375,1836.53,223.59,3.15,32.97,Moderate
SUB6772964,819.58,0.8,741.88,98.78,0.87,1.23,Light
SUB6644219,903.16,0.882,648.76,75.08,4.07,9.36,Light
SUB7955038,415.99,0.406,202.51,147.91,1.99,27.1,Very_Light
SUB2942120,175.1,0.171,37.3,49.15,1.2,21.88,Very_Light
SUB9094566,715.87,0.699,489.62,205.64,0.77,12.43,Light
SUB8311460,2687.58,2.625,1582.63,740.79,6.02,83.97,Moderate
SUB8863353,8656.51,8.454,7351.44,345.38,41.56,205.11,Heavy
SUB7710660,1031.91,1.008,214.56,668.54,0.42,30.35,Light
SUB1821939,9029.72,8.818,6545.59,1483.89,10.67,233.73,Heavy
SUB4637588,263.25,0.257,121.95,42.88,9.0,53.6,Very_Light
SUB8470396,4454.29,4.35,3139.52,1126.44,24.11,34.86,Moderate
SUB9163365,662.81,0.647,304.66,290.86,11.04,52.07,Light
SUB4614705,554.41,0.541,240.05,109.71,6.92,141.65,Light
SUB3500120,1311.65,1.281,968.54,150.38,1.55,76.6,Light
SUB4932613,820.82,0.802,537.18,164.49,0.0,0.0,Light
SUB5055032,924.57,0.903,817.66,32.18,0.35,76.42,Light
SUB6881344,8978.47,8.768,8073.98,274.34,3.91,3.25,Heavy
SUB3196274,2653.11,2.591,1787.58,484.7,8.71,184.33,Moderate
SUB3429700,2475.24,2.417,2187.82,160.97,0.66,78.4,Moderate
SUB6586956,4378.78,4.276,3964.45,82.53,3.46,125.96,Moderate
SUB5096920,12909.57,12.607,12154.19,487.17,0.55,34.01,Power_User
SUB8557944,2379.55,2.324,1598.47,321.85,6.24,303.95,Moderate
SUB7015346,6299.47,6.152,6812.62,68.03,0.84,7.25,Heavy
SUB4501661,395.9,0.387,347.96,10.4,0.16,34.06,Very_Light
SUB8872277,420.37,0.411,395.19,27.52,2.66,6.61,Very_Light
SUB3604902,8656.53,8.454,8162.72,267.84,1.7,354.92,Heavy
SUB1398008,3739.0,3.651,3291.14,287.05,6.77,31.64,Moderate
SUB7080898,161.41,0.158,52.38,74.49,4.05,1.76,Very_Light
SUB6193595,1249.91,1.221,817.02,205.35,0.7,259.06,Light
SUB4549651,7977.59,7.791,7503.46,318.2,5.97,22.62,Heavy
SUB9029598,369.23,0.361,294.55,51.88,0.72,11.15,Very_Light
SUB8867863,10592.22,10.344,9391.32,107.28,7.76,807.56,Power_User
SUB3796647,1766.07,1.725,71.77,1358.95,3.45,37.02,Light
SUB6802199,962.37,0.94,878.45,16.94,4.0,104.54,Light
SUB1174001,1820.81,1.778,1267.91,317.3,0.93,118.96,Light
SUB6570771,2687.16,2.624,2154.14,413.32,7.96,9.31,Moderate
SUB1065867,2621.78,2.56,2171.42,584.56,10.7,6.36,Moderate
SUB1088780,674.86,0.659,153.46,480.15,15.31,28.5,Light
SUB8397228,289.46,0.283,179.76,76.45,0.34,0.0,Very_Light
SUB3695145,779.71,0.761,578.58,58.39,0.11,78.65,Light
SUB3941478,1067.03,1.042,624.27,333.43,0.49,5.83,Light
SUB7792109,373.75,0.365,252.99,3.43,8.23,24.65,Very_Light
SUB4767263,1177.13,1.15,1028.33,159.85,5.26,35.23,Light
SUB5195031,4690.98,4.581,3880.11,412.44,4.42,60.99,Moderate
SUB5084591,1121.95,1.096,916.07,189.86,2.08,2.41,Light
SUB2414119,975.17,0.952,965.31,67.26,2.1,0.0,Light
SUB6354993,3622.03,3.537,2216.64,1195.03,14.95,24.51,Moderate
SUB2268182,988.81,0.966,688.41,122.71,0.78,0.0,Light
SUB9779340,581.16,0.568,37.64,423.95,1.07,48.46,Light
SUB3570746,2876.9,2.809,2885.45,32.81,9.72,56.48,Moderate
SUB3251743,1145.99,1.119,799.01,188.43,0.59,90.93,Light
SUB7194702,25564.97,24.966,26438.69,526.48,2.21,66.92,Power_User
SUB4120452,1898.09,1.854,787.93,869.6,1.09,254.61,Light
SUB6615829,1626.75,1.589,862.5,763.45,0.81,11.06,Light
SUB7147401,16259.44,15.878,13841.77,1543.44,29.93,210.85,Power_User
SUB7304721,182.63,0.178,110.61,26.31,0.0,2.62,Very_Light
SUB8738672,1322.68,1.292,472.0,94.7,1.18,578.25,Light
SUB7615492,1967.65,1.922,799.84,855.75,9.48,58.14,Light
SUB1318774,2653.32,2.591,2453.01,59.15,8.61,53.08,Moderate
SUB8561743,1231.1,1.202,850.07,284.28,0.71,17.71,Light
SUB9875234,7002.73,6.839,5508.62,1076.67,5.47,185.36,Heavy
SUB4023871,2755.42,2.691,2466.62,187.78,0.55,21.32,Moderate
SUB5849617,703.44,0.687,602.88,59.16,1.01,13.57,Light
SUB1611868,1884.66,1.84,1438.24,249.68,1.01,0.81,Light
SUB5533910,3299.57,3.222,2174.65,802.8,11.18,43.67,Moderate
SUB7929140,1910.64,1.866,1489.31,146.42,12.53,39.5,Light
SUB2407757,1355.39,1.324,1141.03,43.27,2.86,26.55,Light
SUB4456800,2881.14,2.814,2402.05,330.26,40.92,18.98,Moderate
SUB2138452,15561.5,15.197,13694.88,1197.3,11.46,272.7,Power_User
SUB9109334,1882.81,1.839,1727.85,104.72,0.86,5.77,Light
SUB8727160,976.52,0.954,839.8,76.8,0.51,17.53,Light
SUB5554704,1484.51,1.45,381.14,710.51,2.77,391.21,Light
SUB3288013,735.68,0.718,265.99,371.71,3.49,86.41,Light
SUB9262236,693.88,0.678,460.0,142.79,6.0,1.16,Light
SUB3348818,1083.42,1.058,696.19,202.86,2.24,24.83,Light
SUB4415398,2561.03,2.501,1010.35,979.67,68.29,473.15,Moderate
SUB5822455,2647.75,2.586,1870.24,774.11,23.88,9.04,Moderate
SUB4344849,2043.52,1.996,1663.53,280.25,17.05,7.03,Light
SUB9724118,417.47,0.408,203.62,134.16,0.0,11.81,Very_Light
SUB4201824,3916.47,3.825,1596.13,2311.51,8.15,2.38,Moderate
SUB6051921,561.71,0.549,83.97,360.75,16.36,46.15,Light
SUB9438856,4904.1,4.789,3853.2,859.59,7.87,94.16,Moderate
SUB6448608,1057.06,1.032,774.19,300.23,4.19,1.29,Light
SUB5065183,134.09,0.131,63.61,16.12,0.31,2.78,Very_Light
SUB1240346,9643.97,9.418,9021.87,161.92,50.49,18.32,Heavy
SUB5236258,2325.23,2.271,1570.76,457.88,1.52,242.9,Moderate
SUB2796641,745.12,0.728,508.04,118.67,3.24,18.52,Light
SUB9651347,5215.73,5.093,3227.31,1567.93,2.44,275.84,Heavy
SUB6807811,3511.27,3.429,2865.7,611.22,2.15,15.94,Moderate
SUB8594825,2285.3,2.232,2142.02,64.68,0.32,6.73,Moderate
SUB3421961,832.15,0.813,597.07,43.1,2.86,72.26,Light
SUB1268116,7976.28,7.789,8063.1,619.06,6.21,28.51,Heavy
SUB4423754,3164.35,3.09,2992.99,110.93,0.61,37.39,Moderate
SUB2770330,5134.63,5.014,2919.18,1887.44,2.94,18.32,Heavy
SUB5658575,1217.87,1.189,1064.11,155.06,0.17,13.26,Light
SUB4824857,16735.43,16.343,16779.34,1331.93,7.56,18.46,Power_User
SUB9753373,1441.01,1.407,996.0,421.87,5.18,26.85,Light
SUB1012879,2024.51,1.977,803.72,974.08,8.8,11.99,Light
SUB9946694,1128.43,1.102,806.16,298.05,5.3,16.79,Light
SUB5895737,3386.61,3.307,2580.52,441.94,0.6,171.75,Moderate
SUB6580815,10767.79,10.515,8716.91,1334.22,0.72,90.07,Power_User
SUB4999143,1527.33,1.492,1218.0,285.03,19.84,4.65,Light
SUB5682251,1693.18,1.653,1341.73,137.03,15.54,2.9,Light
SUB7949666,19215.65,18.765,17746.17,2006.22,5.59,43.65,Power_User
SUB9548080,2921.01,2.853,2359.34,269.88,28.2,80.95,Moderate
SUB3091028,6265.8,6.119,6048.57,236.6,1.92,53.05,Heavy
SUB3895537,4329.0,4.228,3144.09,692.7,6.2,77.81,Moderate
SUB3727850,2474.85,2.417,1341.7,1034.69,3.75,30.91,Moderate
SUB4300335,3355.3,3.277,2415.36,476.26,8.35,115.84,Moderate
SUB2779472,2955.53,2.886,2303.2,624.75,0.49,0.8,Moderate
SUB4613983,1553.72,1.517,1304.43,92.62,1.37,59.64,Light
SUB6495592,511.35,0.499,365.1,107.41,2.44,10.58,Very_Light
SUB7110341,1012.08,0.988,879.41,32.54,2.48,60.11,Light
SUB4149783,16417.18,16.032,14785.93,233.79,14.26,117.06,Power_User
SUB8334291,708.66,0.692,187.54,415.0,1.16,25.09,Light
SUB3326168,1532.77,1.497,985.45,288.28,1.41,51.37,Light
SUB7951740,816.28,0.797,443.55,262.16,16.91,66.83,Light
SUB5141314,609.44,0.595,483.69,50.65,2.86,17.45,Light
SUB5286419,583.0,0.569,63.99,467.68,4.96,45.67,Light
SUB5010086,911.07,0.89,624.67,309.23,7.8,3.96,Light
SUB1482870,343.16,0.335,262.07,30.16,8.07,47.53,Very_Light
SUB6313280,1075.79,1.051,690.76,337.85,8.2,27.84,Light
SUB8963845,1575.66,1.539,601.71,869.78,0.91,0.99,Light
SUB6991342,994.94,0.972,840.98,209.31,8.1,1.74,Light
SUB7433230,2205.38,2.154,1043.08,942.89,21.4,43.66,Moderate
SUB8184620,313.82,0.306,146.33,101.65,7.72,1.52,Very_Light
SUB5209689,657.81,0.642,551.27,33.01,1.59,27.48,Light
SUB9135800,447.84,0.437,285.76,91.93,1.95,37.97,Very_Light
SUB5152109,1493.49,1.458,753.46,587.71,2.08,18.48,Light
SUB3605822,403.79,0.394,298.07,72.38,0.45,8.03,Very_Light
SUB1117369,2188.47,2.137,1337.21,843.6,0.64,75.49,Moderate
SUB7380858,2498.0,2.439,1782.62,514.41,38.29,232.45,Moderate
SUB3350876,1622.41,1.584,1089.97,418.51,3.19,101.59,Light
SUB8031401,241.4,0.236,81.58,50.49,6.14,16.65,Very_Light
SUB9169183,5691.39,5.558,5851.96,95.07,0.4,28.98,Heavy
SUB4619047,1962.44,1.916,1464.59,189.3,2.91,56.57,Light
SUB3867695,1857.12,1.814,1688.65,164.16,0.27,34.34,Light
SUB6347006,2988.53,2.918,2555.99,328.73,14.14,59.31,Moderate
SUB2650522,1692.2,1.653,1472.12,185.64,3.67,132.36,Light
SUB6408792,260.48,0.254,151.31,53.29,0.33,4.75,Very_Light
SUB6242042,412.73,0.403,163.64,134.9,2.58,18.16,Very_Light
SUB7060319,3113.83,3.041,2563.82,407.63,12.37,59.35,Moderate
SUB8971153,2288.22,2.235,2289.72,40.29,1.96,1.21,Moderate
SUB1907153,5809.41,5.673,5786.85,516.7,16.53,21.39,Heavy
SUB3714660,19479.2,19.023,19552.02,487.4,3.07,27.1,Power_User
SUB6824648,4873.3,4.759,3308.98,1099.18,10.83,389.4,Moderate
SUB2923298,1517.66,1.482,977.54,482.13,3.5,81.45,Light
SUB4625279,538.22,0.526,277.49,209.57,1.61,40.07,Light
SUB9910005,2953.68,2.884,2897.62,156.38,8.62,65.92,Moderate
SUB1792425,10973.27,10.716,9553.2,1023.59,3.81,676.09,Power_User
SUB4110997,3762.03,3.674,3552.03,96.66,1.59,99.17,Moderate
SUB6336530,831.07,0.812,430.93,33.1,1.11,306.93,Light
SUB2566772,223.77,0.219,161.81,48.25,0.25,9.2,Very_Light
SUB4001179,4288.81,4.188,2364.86,1527.48,4.89,92.75,Moderate
SUB1052066,1726.47,1.686,1196.93,469.5,7.06,21.36,Light
SUB3471146,16321.95,15.939,14108.41,1227.26,4.01,631.09,Power_User
SUB6259018,19254.57,18.803,20726.63,230.08,7.15,83.11,Power_User
SUB7410014,2622.33,2.561,2108.01,334.32,1.7,53.37,Moderate
SUB9647088,520.2,0.508,341.03,153.37,0.18,31.25,Light
SUB7729199,3606.93,3.522,3393.29,107.11,63.57,63.85,Moderate
SUB6514214,2980.08,2.91,2728.44,149.07,1.34,12.08,Moderate
SUB9218723,5236.82,5.114,3928.14,1183.07,3.67,6.69,Heavy
SUB5183005,2022.25,1.975,1349.9,373.56,10.37,20.83,Light
SUB9051090,4745.0,4.634,4386.96,162.51,10.0,84.83,Moderate
SUB5171364,156.99,0.153,78.37,37.04,0.29,20.67,Very_Light
SUB7417060,815.24,0.796,573.47,122.72,8.08,38.98,Light
SUB6362204,2575.52,2.515,1968.66,285.87,13.02,219.41,Moderate
SUB3573937,2088.48,2.04,2089.29,74.44,1.17,20.66,Moderate
SUB5197739,155.96,0.152,33.73,61.42,1.15,1.62,Very_Light
SUB4305742,1711.02,1.671,1562.14,251.89,6.39,22.87,Light
SUB8006451,1502.32,1.467,1031.48,423.9,7.38,38.55,Light
SUB2470851,786.97,0.769,581.45,45.96,5.68,46.35,Light
SUB1712917,4797.02,4.685,4094.39,599.17,1.91,83.95,Moderate
SUB3936598,4821.93,4.709,4777.29,369.51,11.26,59.93,Moderate
SUB8766074,349.94,0.342,187.52,90.39,0.37,21.91,Very_Light
SUB5486745,3082.11,3.01,2889.87,156.4,8.79,3.77,Moderate
SUB7859634,622.89,0.608,496.04,119.02,2.68,14.2,Light
SUB7574922,1501.31,1.466,521.76,811.66,0.19,56.49,Light
SUB3700993,12084.17,11.801,11757.74,848.49,10.24,8.4,Power_User
SUB5007324,355.34,0.347,291.67,27.03,1.45,4.66,Very_Light
SUB4515530,380.31,0.371,80.7,173.61,1.01,31.17,Very_Light
SUB9203492,2565.65,2.506,411.46,2061.19,3.9,5.61,Moderate
SUB1641462,5097.33,4.978,2606.88,1943.43,4.66,24.52,Moderate
SUB7437885,531.95,0.519,182.66,156.21,14.21,97.55,Light
SUB3327089,8839.66,8.632,7628.12,481.65,5.57,84.63,Heavy
SUB1544653,6808.8,6.649,4231.86,1512.05,6.16,359.22,Heavy
SUB6506761,255.75,0.25,103.51,31.11,3.46,12.88,Very_Light
SUB1393186,4935.8,4.82,3497.49,1453.14,1.5,80.69,Moderate
SUB6972872,1080.31,1.055,728.11,293.61,4.09,71.76,Light
SUB4755490,2482.03,2.424,1694.72,473.72,12.48,7.46,Moderate
SUB8071422,1908.13,1.863,1550.38,126.05,0.17,27.13,Light
SUB4304299,3510.84,3.429,2676.23,419.94,15.91,142.19,Moderate
SUB5959691,1095.55,1.07,474.83,385.69,4.92,75.46,Light
SUB7532930,590.22,0.576,177.25,301.95,0.31,21.55,Light
SUB2750093,384.11,0.375,230.01,117.93,6.12,15.38,Very_Light
SUB7216631,1635.31,1.597,597.24,1023.12,4.46,4.86,Light
SUB2220682,478.11,0.467,334.76,37.52,1.66,64.03,Very_Light
SUB6243174,3609.61,3.525,3006.18,398.5,7.04,56.14,Moderate
SUB6005332,4185.4,4.087,2607.26,1539.79,10.36,4.29,Moderate
SUB3895018,565.06,0.552,344.29,98.11,1.97,85.36,Light
SUB7820399,289.09,0.282,127.51,127.15,1.88,2.76,Very_Light
SUB1607317,3373.45,3.294,2998.25,308.84,2.04,22.62,Moderate
SUB6551252,2012.34,1.965,1667.23,117.36,1.92,83.45,Light
SUB6579123,1188.63,1.161,1150.36,43.01,0.1,11.36,Light
SUB2693675,135.64,0.132,109.81,6.72,8.33,2.64,Very_Light
SUB1974303,837.68,0.818,681.08,54.3,1.31,13.7,Light
SUB6211276,927.4,0.906,276.01,615.45,0.33,20.5,Light
SUB9709188,10635.0,10.386,9493.88,261.77,16.04,117.08,Power_User
SUB4253507,204.71,0.2,4.54,117.88,6.33,23.67,Very_Light
SUB3876237,4951.18,4.835,4430.03,298.17,7.41,27.78,Moderate
SUB4631047,4242.67,4.143,3582.04,868.43,4.58,103.96,Moderate
SUB5973064,1531.3,1.495,1117.99,182.95,4.25,27.02,Light
SUB7848120,4143.72,4.047,4025.17,155.63,0.0,118.82,Moderate
SUB1480674,7978.15,7.791,7697.71,326.26,0.0,313.78,Heavy
SUB6320804,10153.25,9.915,9894.68,340.02,7.14,12.56,Heavy
SUB5747924,4768.49,4.657,4386.85,355.27,6.11,3.8,Moderate
SUB7684601,10061.86,9.826,8349.75,387.57,10.81,473.38,Heavy
SUB8911057,8112.08,7.922,7304.08,1459.53,23.4,50.99,Heavy
SUB9781664,7461.42,7.287,7291.72,58.8,0.3,11.48,Heavy
SUB4612914,105.71,0.103,9.09,62.75,2.95,15.65,Very_Light
SUB9571632,355.35,0.347,196.31,117.3,0.1,35.21,Very_Light
SUB3157098,399.65,0.39,264.61,111.96,1.51,19.62,Very_Light
SUB1944353,694.35,0.678,429.61,175.23,4.29,9.31,Light
SUB6868555,6287.56,6.14,5525.5,228.66,43.9,26.96,Heavy
SUB2721742,2321.51,2.267,1904.37,132.39,0.19,120.46,Moderate
SUB4295453,720.98,0.704,434.04,190.82,4.02,20.33,Light
SUB6870747,4113.1,4.017,2695.25,1005.7,9.66,97.04,Moderate
SUB9229840,6285.65,6.138,4372.16,1246.95,12.33,42.94,Heavy
SUB1304543,587.51,0.574,270.69,216.97,1.98,21.24,Light
SUB4112261,3519.25,3.437,1806.45,1296.42,23.95,681.03,Moderate
SUB2456498,821.26,0.802,430.64,336.24,2.99,9.47,Light
SUB5713297,668.63,0.653,543.74,20.97,3.9,15.26,Light
SUB7423841,14070.99,13.741,11050.61,2300.78,42.94,8.34,Power_User
SUB3238154,9194.33,8.979,8551.67,924.18,35.05,6.21,Heavy
SUB9391893,976.64,0.954,643.49,167.29,8.09,94.65,Light
SUB3657303,644.14,0.629,242.85,280.28,3.83,39.81,Light
SUB6390656,4442.4,4.338,4227.33,373.58,1.54,11.05,Moderate
SUB9324458,1224.57,1.196,787.79,334.23,6.03,1.85,Light
SUB7663143,373.23,0.364,147.54,112.38,3.0,11.78,Very_Light
SUB1665979,9172.23,8.957,7414.43,1113.64,8.89,30.63,Heavy
SUB6446342,14031.9,13.703,13590.41,1279.65,6.99,120.33,Power_User
SUB1784278,2348.21,2.293,761.86,1079.43,22.03,128.92,Moderate
SUB9896161,863.77,0.844,629.69,80.8,1.66,24.92,Light
SUB8806421,6258.61,6.112,5503.64,888.75,10.49,145.03,Heavy
SUB5084457,1537.16,1.501,42.0,1510.72,1.4,4.91,Light
SUB3470562,3769.75,3.681,1612.2,919.98,2.83,850.9,Moderate
SUB8104627,16675.17,16.284,15465.99,314.32,7.21,3.78,Power_User
SUB4798057,1956.34,1.91,1490.61,454.33,11.96,76.45,Light
SUB4198747,563.43,0.55,562.22,37.18,1.11,0.55,Light
SUB6476049,1967.9,1.922,1077.9,662.8,14.29,19.7,Light
SUB2902871,596.49,0.583,313.48,219.62,1.12,19.48,Light
SUB2811049,358.88,0.35,223.92,45.28,2.01,0.0,Very_Light
SUB9734837,3338.95,3.261,1983.22,1002.9,24.04,17.86,Moderate
SUB5757812,6260.96,6.114,5812.33,375.85,2.44,124.42,Heavy
SUB6758851,2930.31,2.862,2765.55,221.13,29.63,5.53,Moderate
SUB9468579,1560.36,1.524,1340.93,120.92,5.96,57.52,Light
SUB5591901,1292.25,1.262,951.03,157.14,4.7,51.64,Light
SUB3849095,1333.26,1.302,820.0,331.96,18.73,60.69,Light
SUB7779617,960.29,0.938,357.65,473.45,0.73,25.87,Light
SUB1846462,965.98,0.943,481.86,441.24,3.69,0.0,Light
SUB1723879,1416.13,1.383,1158.4,233.25,4.58,5.96,Light
SUB4332006,1381.28,1.349,122.75,1032.51,1.75,250.24,Light
SUB2619814,4377.68,4.275,4200.6,234.83,66.48,1.85,Moderate
SUB2444315,18408.78,17.977,15037.3,1423.99,7.49,382.13,Power_User
SUB2502718,530.87,0.518,430.67,48.02,9.24,6.39,Light
SUB3828340,2134.84,2.085,745.59,1409.28,9.48,19.51,Moderate
SUB2194737,4296.98,4.196,2767.53,1318.13,26.95,134.03,Moderate
SUB7696579,2695.53,2.632,2021.73,389.44,30.88,7.79,Moderate
SUB1398825,1022.33,0.998,834.36,42.2,3.76,20.43,Light
SUB2885190,401.5,0.392,215.28,49.02,0.38,98.44,Very_Light
SUB5695781,302.46,0.295,168.37,67.39,2.83,35.68,Very_Light
SUB6091995,2081.35,2.033,1947.61,188.04,11.2,8.66,Moderate
SUB1230596,1861.24,1.818,1714.41,201.94,1.98,1.01,Light
SUB5993899,1444.4,1.411,1022.75,333.64,0.9,0.0,Light
SUB5122990,2458.85,2.401,2085.03,255.39,0.68,130.18,Moderate
SUB7497127,5744.44,5.61,4488.76,486.58,6.43,216.94,Heavy
SUB1294358,315.76,0.308,255.33,13.95,0.48,4.16,Very_Light
SUB8594902,773.35,0.755,566.2,59.54,7.47,15.21,Light
SUB8833276,2286.29,2.233,2254.33,104.44,1.5,29.99,Moderate
SUB3873798,2801.52,2.736,2294.03,220.17,0.41,11.9,Moderate
SUB5721005,17679.75,17.265,17985.24,290.02,8.87,256.8,Power_User
SUB5970345,2402.37,2.346,1701.14,470.26,7.77,10.53,Moderate
SUB2247752,5107.93,4.988,2928.79,1714.72,6.87,8.63,Moderate
SUB5695154,1388.48,1.356,983.72,317.78,3.43,22.69,Light
SUB6357777,2631.01,2.569,2450.57,249.17,0.37,9.52,Moderate
SUB6301288,2188.38,2.137,1409.48,474.66,11.46,71.38,Moderate
SUB1116908,1064.72,1.04,906.74,7.56,1.87,16.47,Light
SUB3343145,1568.31,1.532,1308.1,166.82,5.82,163.37,Light
SUB6846899,1046.24,1.022,704.62,379.83,3.92,8.04,Light
SUB7796877,5854.21,5.717,3926.98,1522.66,9.86,68.49,Heavy
SUB1851563,9270.68,9.053,7072.76,2085.02,10.99,78.92,Heavy
SUB6360678,5531.54,5.402,3543.54,2153.91,51.12,57.99,Heavy
SUB9626510,843.14,0.823,559.63,103.98,0.51,111.98,Light
SUB7612303,4991.43,4.874,3771.48,1287.36,0.58,48.89,Moderate
SUB9127678,2596.05,2.535,1784.35,624.31,3.95,12.53,Moderate
SUB9212803,2209.26,2.157,1001.11,950.46,0.0,427.44,Moderate
SUB9871058,3048.99,2.978,2232.53,476.64,2.41,2.0,Moderate
SUB6310074,575.37,0.562,278.8,210.75,1.9,2.05,Light
SUB2519598,3767.93,3.68,3575.6,208.82,3.77,9.69,Moderate
SUB3659232,18430.74,17.999,16502.92,493.0,21.68,161.52,Power_User
SUB1045807,1879.73,1.836,1376.78,277.04,12.13,26.06,Light
SUB2435986,2533.8,2.474,2193.85,129.47,7.54,0.0,Moderate
SUB1660501,1152.21,1.125,566.97,371.09,4.48,46.8,Light
SUB2558274,8830.93,8.624,6756.89,1109.21,2.31,179.74,Heavy
SUB5732369,14868.87,14.52,12597.06,1145.03,76.62,1.12,Power_User
SUB3938287,1652.16,1.613,1440.37,123.52,2.39,49.39,Light
SUB4764993,6546.59,6.393,4877.28,1130.13,11.22,16.7,Heavy
SUB1309963,140.01,0.137,71.76,17.12,1.24,1.94,Very_Light
SUB5091701,2538.0,2.479,934.37,1061.67,2.33,447.68,Moderate
SUB2183493,3585.0,3.501,2869.73,663.42,4.47,4.75,Moderate
SUB5741882,2317.9,2.264,1617.51,680.18,0.5,104.63,Moderate
SUB5618219,2308.47,2.254,1877.91,322.38,3.76,53.56,Moderate
SUB7466780,516.13,0.504,92.55,317.9,1.7,35.64,Light
SUB2551726,270.73,0.264,135.43,11.11,0.17,50.27,Very_Light
SUB5391649,10036.23,9.801,8213.74,1580.47,3.48,2.49,Heavy
SUB3900203,4159.87,4.062,3213.19,1062.34,0.85,15.92,Moderate
SUB2650870,1434.14,1.401,1036.72,79.44,23.63,95.22,Light
SUB8062215,888.42,0.868,714.94,145.16,1.88,19.73,Light
SUB8559012,8833.57,8.627,8340.28,271.66,2.37,122.42,Heavy
SUB4620597,775.09,0.757,530.31,113.64,0.97,71.64,Light
SUB6519803,1385.43,1.353,785.62,582.69,0.72,1.49,Light
SUB6687136,2495.85,2.437,2274.92,319.06,2.44,5.09,Moderate
SUB8789573,1855.68,1.812,1569.1,93.11,0.5,47.61,Light
SUB1667538,9750.71,9.522,8893.61,443.63,2.28,16.51,Heavy
SUB5607455,821.79,0.803,546.99,149.41,6.86,67.13,Light
SUB3013338,6102.49,5.959,5668.22,575.62,0.29,33.75,Heavy
SUB5872691,3625.77,3.541,3339.19,561.49,1.57,4.7,Moderate
SUB3062624,3142.87,3.069,2330.09,578.62,1.14,12.64,Moderate
SUB5261663,1772.54,1.731,890.96,508.98,0.76,231.84,Light
SUB3300612,5311.28,5.187,4891.98,19.89,0.4,25.85,Heavy
SUB5010768,829.92,0.81,668.23,133.71,0.05,0.0,Light
SUB2325831,913.85,0.892,374.96,316.93,24.7,36.97,Light
SUB8503416,1894.22,1.85,643.38,923.87,31.67,103.51,Light
SUB2881397,739.74,0.722,252.4,437.15,3.77,26.1,Light
SUB4911251,807.46,0.789,243.4,293.95,2.1,82.65,Light
SUB4546434,4499.03,4.394,4086.54,324.76,11.46,111.22,Moderate
SUB1762557,1462.47,1.428,426.39,996.63,4.97,17.93,Light
SUB6267382,407.48,0.398,241.23,84.33,5.66,15.76,Very_Light
SUB9167575,283.46,0.277,97.72,100.34,6.57,4.8,Very_Light
SUB3719713,1296.35,1.266,1224.14,53.55,0.68,13.37,Light
SUB9971541,471.5,0.46,361.3,61.91,4.38,16.34,Very_Light
SUB8188106,2358.51,2.303,1285.37,756.9,5.09,80.18,Moderate
SUB1321199,3016.9,2.946,2597.6,492.52,0.31,9.88,Moderate
SUB6362695,141.18,0.138,25.12,39.4,0.06,19.33,Very_Light
SUB4829994,3663.88,3.578,2520.27,828.36,6.1,42.44,Moderate
SUB3429488,823.63,0.804,438.49,307.51,2.29,84.27,Light
SUB8392053,2925.53,2.857,2084.94,560.76,1.57,4.89,Moderate
SUB1029092,6197.86,6.053,5555.97,925.24,1.96,1.68,Heavy
SUB6113050,3241.21,3.165,2890.84,384.18,5.2,75.01,Moderate
SUB8709019,551.72,0.539,469.8,18.07,0.07,15.12,Light
SUB1657191,5405.51,5.279,4776.24,331.98,1.53,10.33,Heavy
SUB1883435,7041.75,6.877,6636.14,928.51,43.33,8.64,Heavy
SUB5081534,778.2,0.76,640.11,83.16,2.31,10.58,Light
SUB9260768,1486.93,1.452,1313.09,0.0,2.4,29.26,Light
SUB4509934,2298.81,2.245,2102.18,52.19,3.43,5.1,Moderate
SUB8988597,2956.55,2.887,1819.49,376.74,0.85,866.79,Moderate
SUB1207580,596.01,0.582,426.1,106.42,0.25,6.74,Light
SUB1769032,411.86,0.402,266.35,72.88,1.52,3.91,Very_Light
SUB4772380,3709.96,3.623,3014.47,477.35,72.89,288.44,Moderate
SUB9865465,4896.22,4.781,4774.67,151.01,0.63,3.08,Moderate
SUB9399625,2417.03,2.36,1988.68,128.1,0.55,39.08,Moderate
SUB7065925,6195.32,6.05,5681.56,488.24,2.82,43.01,Heavy
SUB4931895,1074.87,1.05,607.89,199.1,3.12,235.42,Light
SUB4100786,1210.48,1.182,592.31,521.0,14.99,67.2,Light
SUB8285880,7657.65,7.478,7138.46,260.33,2.16,33.58,Heavy
SUB3651788,348.2,0.34,79.64,141.3,4.61,49.95,Very_Light
SUB1209720,1023.85,1.0,674.69,205.19,6.96,9.93,Light
SUB3218222,650.95,0.636,485.25,62.22,0.79,41.0,Light
SUB4990919,833.5,0.814,677.12,78.48,0.22,34.66,Light
SUB9302089,656.91,0.642,418.79,120.58,0.31,89.39,Light
SUB4015624,1237.77,1.209,1029.81,94.73,2.59,21.9,Light
SUB7553968,467.38,0.456,235.72,86.69,4.07,58.39,Very_Light
SUB8900171,2374.83,2.319,2204.26,269.49,24.02,44.86,Moderate
SUB2695625,91.27,0.089,51.19,17.8,0.49,20.18,Very_Light
SUB9283032,626.39,0.612,160.82,117.48,5.26,275.09,Light
SUB8016611,2685.25,2.622,2078.44,314.39,1.71,22.57,Moderate
SUB4837478,325.2,0.318,86.51,231.49,1.9,3.39,Very_Light
SUB5024537,2510.75,2.452,2122.48,147.95,2.0,23.1,Moderate
SUB3780877,1491.24,1.456,1049.96,397.72,1.27,0.0,Light
SUB4031863,733.39,0.716,440.0,139.62,4.69,21.59,Light
SUB2150311,1202.15,1.174,469.38,648.91,0.82,3.01,Light
SUB2595776,802.93,0.784,466.28,178.96,0.08,44.39,Light
SUB4117173,2978.78,2.909,2339.63,314.32,0.19,33.51,Moderate
SUB9051964,896.26,0.875,714.41,99.18,8.65,2.65,Light
SUB5825885,2379.96,2.324,2281.01,52.45,5.79,17.55,Moderate
SUB4244811,254.97,0.249,127.06,53.11,3.86,37.38,Very_Light
SUB6880823,3770.49,3.682,2500.34,1254.55,1.85,1.92,Moderate
SUB4033932,493.82,0.482,112.06,219.5,7.53,44.6,Very_Light
SUB1621747,4396.22,4.293,4165.7,340.31,4.27,0.0,Moderate
SUB2281258,8799.24,8.593,8145.95,376.86,7.01,371.88,Heavy
SUB5623190,1866.36,1.823,978.52,901.13,2.99,21.57,Light
SUB5423475,1576.56,1.54,1322.02,96.97,0.36,100.42,Light
SUB5361862,616.89,0.602,242.83,152.82,2.49,187.39,Light
SUB1983061,771.43,0.753,213.72,467.33,9.51,8.18,Light
SUB1296412,335.1,0.327,195.61,91.52,8.8,13.89,Very_Light
SUB2594362,3009.03,2.939,2766.13,175.34,8.58,199.99,Moderate
SUB7318653,1034.76,1.011,899.07,78.26,7.79,71.64,Light
SUB7400231,5011.15,4.894,4678.97,385.42,0.9,67.28,Moderate
SUB9151496,15289.17,14.931,13709.01,777.29,5.23,7.11,Power_User
SUB6040360,94.74,0.093,49.13,18.92,0.34,2.28,Very_Light
SUB8156065,5408.47,5.282,4647.5,556.41,6.73,47.0,Heavy
SUB8451062,1193.15,1.165,1041.75,66.41,4.67,74.83,Light
SUB9705398,2501.89,2.443,1120.71,1015.68,4.7,138.27,Moderate
SUB4547480,1680.64,1.641,1386.64,148.91,1.29,158.46,Light
SUB4787415,3547.77,3.465,3477.58,308.78,7.37,84.7,Moderate
SUB9434320,20061.03,19.591,20733.1,537.46,51.18,664.85,Power_User
SUB5528268,506.47,0.495,267.32,46.22,8.26,60.56,Very_Light
SUB3222494,1043.61,1.019,937.69,35.76,4.73,48.25,Light
SUB1487707,567.2,0.554,557.35,19.28,0.51,7.25,Light
SUB1092091,848.93,0.829,241.24,473.68,0.24,15.19,Light
SUB6590938,630.79,0.616,213.49,326.77,33.9,57.35,Light
SUB1893150,7617.53,7.439,7073.22,319.85,16.85,37.82,Heavy
SUB7506016,101.6,0.099,71.29,10.49,1.53,0.0,Very_Light
SUB9924435,669.54,0.654,161.63,332.89,5.6,6.38,Light
SUB9042153,378.6,0.37,136.2,236.13,0.54,4.36,Very_Light
SUB6518358,662.74,0.647,324.59,188.78,1.88,33.59,Light
SUB9286151,2375.26,2.32,1828.77,252.88,5.89,7.41,Moderate
SUB4940063,6647.27,6.491,6907.66,31.27,0.51,62.61,Heavy
SUB9810351,7237.5,7.068,5400.08,1875.21,16.49,92.27,Heavy
SUB8224589,11358.3,11.092,9830.19,256.32,32.43,73.24,Power_User
SUB2525068,2091.27,2.042,1922.16,52.97,3.82,19.41,Moderate
SUB4337013,11617.1,11.345,11876.59,618.16,59.98,0.0,Power_User
SUB8716492,482.47,0.471,137.41,315.1,0.62,0.0,Very_Light
SUB3135896,134.45,0.131,68.15,13.91,1.89,7.55,Very_Light
SUB5572530,399.93,0.391,247.81,52.29,1.98,41.43,Very_Light
SUB3416738,737.71,0.72,557.94,115.53,0.93,7.27,Light
SUB7158382,789.97,0.771,572.23,47.09,0.9,1.83,Light
SUB3332127,5214.07,5.092,3986.48,1004.5,7.74,7.66,Heavy
SUB2926252,1347.9,1.316,238.16,1052.94,0.3,54.62,Light
SUB3074278,2328.52,2.274,1774.53,300.58,5.75,13.17,Moderate
SUB5983926,1147.87,1.121,705.48,377.85,3.34,14.06,Light
SUB5334165,16306.33,15.924,14551.96,2386.67,25.24,44.86,Power_User
SUB2278343,215.31,0.21,131.7,64.46,0.91,4.7,Very_Light
SUB4032115,8449.4,8.251,6891.51,910.13,33.6,3.37,Heavy
SUB1690778,4917.6,4.802,4158.77,937.02,0.53,39.09,Moderate
SUB5044064,2989.79,2.92,2921.02,203.79,0.0,8.11,Moderate
SUB9566765,10003.13,9.769,8677.32,392.33,4.54,110.55,Heavy
SUB7634699,12803.63,12.504,12120.26,196.23,10.11,20.88,Power_User
SUB3350959,445.47,0.435,194.48,186.04,0.43,31.82,Very_Light
SUB6959322,2935.55,2.867,2220.92,417.61,29.52,210.42,Moderate
SUB7036207,20215.64,19.742,17753.02,1109.41,39.29,85.06,Power_User
SUB4343867,1008.84,0.985,481.91,383.47,3.38,1.27,Light
SUB7362473,391.8,0.383,93.32,144.21,7.95,68.73,Very_Light
SUB3642800,713.35,0.697,229.6,473.27,1.81,23.69,Light
SUB9181311,2128.61,2.079,880.13,939.4,24.71,161.18,Moderate
SUB2658332,1063.72,1.039,889.77,78.7,1.22,3.16,Light
SUB5451441,520.09,0.508,139.84,47.11,0.57,228.37,Light
SUB6018768,6071.48,5.929,4414.21,1027.82,35.6,7.9,Heavy
SUB1771279,25144.94,24.556,25117.72,1077.19,5.59,2.39,Power_User
SUB9076818,3109.46,3.037,2493.19,664.08,9.17,29.47,Moderate
SUB5074999,373.32,0.365,111.54,230.3,1.37,3.57,Very_Light
SUB1663431,1430.83,1.397,637.97,679.61,4.83,16.33,Light
SUB9966309,2345.89,2.291,1472.05,609.4,1.79,86.37,Moderate
SUB2588404,469.78,0.459,312.22,89.66,1.82,21.56,Very_Light
SUB9641123,2319.63,2.265,1279.45,739.0,4.64,17.4,Moderate
SUB4892825,2464.12,2.406,2266.71,322.97,0.08,0.0,Moderate
SUB6353374,3086.76,3.014,1712.64,806.95,2.13,219.11,Moderate
SUB3871083,9967.35,9.734,8655.38,621.95,15.26,56.98,Heavy
SUB9998331,1041.03,1.017,578.27,132.44,12.73,237.88,Light
SUB5738379,1025.33,1.001,418.85,390.59,0.87,91.24,Light
SUB9671734,2367.08,2.312,1943.98,135.98,2.44,78.43,Moderate
SUB7542224,3805.63,3.716,2909.38,651.22,3.72,1.74,Moderate
SUB3644046,6663.12,6.507,4437.76,1461.36,32.25,56.09,Heavy
SUB7403679,1499.58,1.464,1311.33,97.68,2.23,0.0,Light
SUB6814104,3273.39,3.197,2291.16,735.09,29.96,5.63,Moderate
SUB4763302,2487.63,2.429,2037.34,210.6,0.07,1.77,Moderate
SUB1926097,7116.03,6.949,6319.56,1005.31,1.42,6.58,Heavy
SUB2983438,14218.81,13.886,13802.4,1126.77,57.68,79.99,Power_User
SUB6193951,3993.72,3.9,3300.0,121.04,3.26,166.13,Moderate
SUB1383609,624.31,0.61,293.49,251.42,0.51,1.52,Light
SUB4105003,2383.81,2.328,2140.06,98.48,4.05,58.44,Moderate
SUB2863082,1434.73,1.401,1203.24,212.54,5.33,23.19,Light
SUB3510963,564.55,0.551,271.12,85.88,3.39,109.14,Light
SUB2753313,1911.9,1.867,1349.3,302.19,4.83,51.61,Light
SUB3386149,1848.19,1.805,1490.25,200.79,21.48,36.95,Light
SUB4481591,21314.3,20.815,18573.74,184.83,2.44,545.53,Power_User
SUB6766392,751.76,0.734,587.53,128.13,5.1,13.22,Light
SUB3803005,421.77,0.412,248.22,149.68,1.82,18.52,Very_Light
SUB3264719,3238.82,3.163,2618.33,380.81,4.16,3.62,Moderate
SUB6256583,6754.53,6.596,5192.99,1273.29,13.99,399.52,Heavy
SUB4044221,5623.3,5.492,5528.41,408.79,5.06,38.14,Heavy
SUB5126553,367.84,0.359,99.8,156.04,0.16,17.52,Very_Light
SUB6098227,1787.17,1.745,1456.96,146.79,8.63,4.29,Light
SUB2661342,7420.94,7.247,5604.22,1930.03,2.49,37.4,Heavy
SUB6645812,6899.79,6.738,6240.04,956.69,6.27,99.03,Heavy
SUB6218907,2575.29,2.515,2008.4,399.97,8.11,5.01,Moderate
SUB3916933,11021.14,10.763,10525.09,186.67,0.5,61.18,Power_User
SUB8710611,1579.86,1.543,1363.56,190.43,6.64,9.85,Light
SUB9257668,928.35,0.907,606.1,367.46,2.08,4.8,Light
SUB7273672,133.73,0.131,44.8,77.45,0.22,7.49,Very_Light
SUB6573945,1514.98,1.479,969.15,491.35,0.57,7.49,Light
SUB5886202,10168.9,9.931,10672.76,260.14,10.64,1.24,Heavy
SUB4906997,2789.15,2.724,737.57,1497.05,12.59,271.42,Moderate
SUB7466751,1085.29,1.06,985.61,51.16,5.89,46.48,Light
SUB1785786,2108.54,2.059,1828.17,96.09,2.75,4.3,Moderate
SUB3427667,2918.41,2.85,2448.61,187.83,3.86,0.0,Moderate
SUB6311154,1556.04,1.52,1368.08,18.45,1.48,221.44,Light
SUB7557734,1352.47,1.321,859.09,488.57,2.51,0.0,Light
SUB1563889,2108.08,2.059,1835.17,140.37,6.09,67.58,Moderate
SUB1277834,625.57,0.611,560.2,37.05,1.39,0.42,Light
SUB6506933,2046.01,1.998,1232.46,388.14,16.59,469.83,Light
SUB6585056,1208.0,1.18,710.3,395.91,13.14,3.41,Light
SUB5730654,420.0,0.41,330.06,7.36,0.16,32.13,Very_Light
SUB4894325,181.3,0.177,137.01,26.0,3.89,0.86,Very_Light
SUB6379105,4719.11,4.609,4029.79,226.56,45.97,13.41,Moderate
SUB4244998,428.13,0.418,264.4,41.4,1.78,23.05,Very_Light
SUB4998585,2649.5,2.587,2483.45,105.54,9.26,8.97,Moderate
SUB3816112,24.36,0.024,9.98,3.81,0.99,0.87,Very_Light
SUB7900725,5585.16,5.454,4752.75,442.34,6.58,210.57,Heavy
SUB2732141,2418.3,2.362,1922.37,271.46,0.17,1.84,Moderate
SUB9675237,2088.46,2.04,1536.82,612.66,0.11,0.0,Moderate
SUB7905043,8587.4,8.386,8132.4,208.74,10.14,32.63,Heavy
SUB7134896,865.01,0.845,583.84,83.31,0.0,67.47,Light
SUB2634461,856.92,0.837,548.27,197.15,0.0,6.35,Light
SUB3887569,889.14,0.868,657.53,138.76,1.2,18.17,Light
SUB2746988,1344.94,1.313,910.31,202.84,1.36,9.31,Light
SUB5896986,3135.88,3.062,2937.38,84.07,9.89,51.33,Moderate
SUB2020346,1600.21,1.563,1083.34,485.35,8.4,16.33,Light
SUB2886522,1497.57,1.462,808.76,570.05,1.83,5.28,Light
SUB6523632,4865.18,4.751,3988.29,357.93,6.45,58.38,Moderate
SUB4119331,2849.75,2.783,2251.65,355.66,2.47,2.99,Moderate
SUB8301078,3801.86,3.713,3191.77,315.72,0.33,95.3,Moderate
SUB5003487,174.34,0.17,17.08,90.37,5.89,37.23,Very_Light
SUB1834938,2583.65,2.523,1228.55,1133.94,1.64,1.32,Moderate
SUB1807400,82.81,0.081,38.99,14.56,1.15,4.28,Very_Light
SUB7505134,1790.52,1.749,1657.32,53.73,2.83,38.59,Light
SUB7472036,2853.67,2.787,2648.38,308.54,0.32,27.95,Moderate
SUB4931792,1500.57,1.465,1053.17,184.38,8.89,57.16,Light
SUB5367207,4405.02,4.302,4001.25,334.93,7.95,6.58,Moderate
SUB4581877,1359.85,1.328,1214.29,32.38,0.19,2.86,Light
SUB9043732,2674.77,2.612,1176.57,1627.98,1.72,37.4,Moderate
SUB5297255,2214.07,2.162,1012.3,456.92,6.94,568.52,Moderate
SUB5149570,18162.38,17.737,17289.28,1254.33,48.77,276.28,Power_User
SUB9694353,1253.11,1.224,747.81,124.08,0.54,424.42,Light
SUB2779892,10430.69,10.186,10077.91,466.43,7.59,91.91,Power_User
SUB7363634,1245.41,1.216,550.36,451.71,0.13,67.88,Light
SUB8252270,2476.64,2.419,2227.77,261.34,0.62,19.72,Moderate
SUB6518225,410.36,0.401,326.56,25.9,3.95,34.72,Very_Light
SUB1920243,1628.84,1.591,1109.72,183.91,14.11,217.34,Light
SUB4421103,3651.55,3.566,3296.49,213.06,0.55,47.12,Moderate
SUB4402410,2308.31,2.254,1644.49,175.36,4.29,541.58,Moderate
SUB9809609,4852.65,4.739,4325.05,367.72,8.49,131.44,Moderate
SUB3835309,911.22,0.89,285.04,400.03,17.05,150.44,Light
SUB9400944,8273.11,8.079,6326.64,1569.27,20.26,28.65,Heavy
SUB6058211,12625.97,12.33,10440.42,967.49,27.07,326.2,Power_User
SUB8422244,727.88,0.711,532.12,135.03,1.46,46.19,Light
SUB3958963,496.44,0.485,302.87,91.47,2.48,8.85,Very_Light
SUB4191319,8494.79,8.296,7963.0,401.19,9.15,205.61,Heavy
SUB6042486,1990.28,1.944,1620.83,296.28,9.8,74.1,Light
SUB3979718,188.47,0.184,70.1,31.1,1.49,23.58,Very_Light
SUB4768553,1142.66,1.116,643.2,429.2,11.65,21.18,Light
SUB9677980,2011.92,1.965,1782.67,253.4,1.04,23.65,Light
SUB9403037,9659.42,9.433,7597.53,859.69,19.18,486.12,Heavy
SUB9325344,2431.77,2.375,1318.37,1066.97,0.57,1.09,Moderate
SUB8717753,723.76,0.707,202.58,467.45,6.66,34.27,Light
SUB6426967,646.94,0.632,633.33,21.96,1.72,2.23,Light
SUB4476808,10609.75,10.361,9666.03,95.0,10.5,128.07,Power_User
SUB7917571,307.4,0.3,221.38,24.05,0.39,8.48,Very_Light
SUB9341219,1748.59,1.708,1505.61,3.6,6.16,47.2,Light
SUB5394203,2141.64,2.091,1233.06,801.8,3.57,37.17,Moderate
SUB5622776,7999.03,7.812,7735.61,896.5,23.11,10.61,Heavy
SUB9596108,1136.26,1.11,593.92,387.48,16.38,1.25,Light
SUB6214802,437.51,0.427,346.64,62.15,0.74,1.94,Very_Light
SUB6556452,3969.75,3.877,3390.52,179.97,0.38,0.9,Moderate
SUB7664102,1309.92,1.279,457.18,674.15,2.48,22.12,Light
SUB7865999,1615.16,1.577,1458.28,161.48,3.9,22.4,Light
SUB8562635,1525.32,1.49,1007.17,397.04,13.34,62.56,Light
SUB5435786,414.39,0.405,382.44,17.7,0.67,1.45,Very_Light
SUB3862750,1113.25,1.087,855.44,105.53,0.55,1.14,Light
SUB8085757,862.0,0.842,482.41,90.84,8.52,93.98,Light
SUB7785932,2027.71,1.98,1537.16,605.86,3.21,8.49,Light
SUB5906526,349.62,0.341,264.33,57.65,0.13,1.7,Very_Light
SUB3578305,1733.39,1.693,1251.42,499.15,4.69,30.37,Light
SUB2255950,2224.97,2.173,1993.7,164.76,1.22,21.72,Moderate
SUB9277304,625.4,0.611,569.17,27.12,7.99,8.23,Light
SUB4696458,1700.66,1.661,1317.01,323.18,0.99,0.99,Light
SUB2615270,662.67,0.647,399.06,158.59,0.11,14.57,Light
SUB2089100,1258.14,1.229,820.95,207.68,3.18,37.44,Light
SUB7445860,1605.14,1.568,918.85,477.23,4.63,161.42,Light
SUB6925803,9202.42,8.987,9404.7,59.66,11.81,35.58,Heavy
SUB5675195,829.5,0.81,764.07,59.44,0.49,13.83,Light
SUB9131526,3500.24,3.418,2526.3,976.2,5.0,7.08,Moderate
SUB9957541,10971.82,10.715,8858.53,2219.8,3.5,29.97,Power_User
SUB1384903,499.2,0.488,318.86,58.71,6.93,12.71,Very_Light
SUB8609420,539.62,0.527,294.29,134.9,5.48,28.71,Light
SUB2768407,22450.8,21.925,22681.9,780.25,1.32,63.15,Power_User
SUB9105925,2251.98,2.199,1241.79,445.05,58.45,140.14,Moderate
SUB6521980,1262.85,1.233,907.23,253.92,0.43,35.48,Light
SUB8249433,428.22,0.418,219.49,143.51,4.43,3.73,Very_Light
SUB6125702,12626.44,12.331,11122.07,1052.46,4.43,283.61,Power_User
SUB2540710,5561.02,5.431,4629.6,334.46,9.23,90.8,Heavy
SUB4346386,568.62,0.555,287.31,189.81,1.45,3.41,Light
SUB6783877,960.26,0.938,806.47,147.54,0.7,44.32,Light
SUB7672028,1420.11,1.387,274.73,914.77,14.22,32.06,Light
SUB7461202,11416.71,11.149,10514.97,392.69,36.42,39.87,Power_User
SUB5294329,456.46,0.446,307.62,26.94,24.99,29.45,Very_Light
SUB8750981,3418.77,3.339,3369.7,128.59,5.71,58.07,Moderate
SUB2199728,682.9,0.667,514.03,99.61,4.21,16.55,Light
SUB2543992,2799.42,2.734,2446.29,168.55,1.34,215.92,Moderate
SUB2959484,5745.72,5.611,3951.42,1658.71,4.15,9.71,Heavy
SUB1767128,2071.55,2.023,1776.89,265.76,0.44,67.82,Moderate
SUB5509408,2686.75,2.624,2302.83,154.9,0.22,78.69,Moderate
SUB3331774,2328.97,2.274,1531.54,523.92,4.74,227.29,Moderate
SUB1434368,1325.31,1.294,917.12,361.4,11.91,103.87,Light
SUB7077449,1433.76,1.4,1076.21,84.93,7.48,125.04,Light
SUB3834523,417.77,0.408,329.29,68.43,2.37,2.37,Very_Light
SUB2167498,9363.63,9.144,7466.78,1359.11,65.05,1.91,Heavy
SUB9905184,2951.56,2.882,2903.09,162.09,13.98,4.64,Moderate
SUB4791296,496.46,0.485,169.27,215.2,2.39,34.17,Very_Light
SUB8020480,1197.79,1.17,642.11,414.72,13.79,5.27,Light
SUB3933811,2237.56,2.185,1788.42,159.21,2.01,84.05,Moderate
SUB4833538,2946.78,2.878,1901.65,548.65,1.12,147.79,Moderate
SUB9919757,919.79,0.898,524.23,344.69,0.0,15.77,Light
SUB1238366,218.99,0.214,121.44,14.29,0.77,12.1,Very_Light
SUB7877037,504.61,0.493,236.88,94.83,1.27,56.06,Very_Light
SUB5407900,3400.89,3.321,2055.25,991.99,4.61,71.63,Moderate
SUB9457123,26164.94,25.552,22873.53,1197.35,4.58,607.22,Power_User
SUB9805348,15413.96,15.053,14122.69,1212.86,34.75,78.85,Power_User
SUB9033076,13863.55,13.539,12368.03,711.68,1.92,178.96,Power_User
SUB1941208,3867.87,3.777,1777.53,2106.72,34.04,72.33,Moderate
SUB5383233,5367.49,5.242,4584.05,361.17,8.15,385.7,Heavy
SUB3967381,164.28,0.16,57.21,66.32,4.87,1.09,Very_Light
SUB4114659,1733.25,1.693,107.3,1518.96,4.02,0.0,Light
SUB8303667,9673.16,9.446,8934.38,1270.93,0.94,132.43,Heavy
SUB7537932,266.45,0.26,142.21,73.4,5.38,47.34,Very_Light
SUB6607414,6056.16,5.914,5672.87,232.78,3.81,504.6,Heavy
SUB7095513,6935.66,6.773,5627.36,683.67,36.19,15.96,Heavy
SUB9411603,473.87,0.463,302.19,138.25,1.31,59.82,Very_Light
SUB2653005,319.1,0.312,195.61,69.22,1.36,31.19,Very_Light
SUB7243383,6395.8,6.246,5647.89,146.47,3.12,106.2,Heavy
SUB1441168,3979.19,3.886,2600.85,916.68,20.01,210.76,Moderate
SUB6947117,3948.45,3.856,3709.99,128.94,4.31,29.54,Moderate
SUB9888079,200.14,0.195,145.39,27.02,1.58,0.0,Very_Light
SUB7074999,20972.69,20.481,18636.37,2311.87,17.43,26.59,Power_User
SUB5949331,567.32,0.554,94.12,500.18,0.08,4.68,Light
SUB6280156,5143.33,5.023,4399.25,703.1,42.58,81.93,Heavy
SUB9399122,128.47,0.125,22.74,36.57,8.37,13.42,Very_Light
SUB3144608,2530.94,2.472,1494.1,748.09,22.26,43.18,Moderate
SUB6506126,1305.69,1.275,1036.14,71.77,26.75,20.81,Light
SUB3930299,2767.12,2.702,2853.24,66.26,2.28,13.83,Moderate
SUB8818441,1220.56,1.192,1077.99,78.73,18.59,21.86,Light
SUB6091281,920.35,0.899,691.41,193.96,1.21,2.49,Light
SUB1628373,10826.4,10.573,10586.19,494.12,3.87,281.52,Power_User
SUB1633389,1015.7,0.992,747.94,214.56,2.35,9.9,Light
SUB9379482,5755.37,5.62,4907.83,406.08,6.43,50.48,Heavy
SUB2157260,684.01,0.668,568.37,15.92,0.42,77.14,Light
SUB8862148,2958.36,2.889,1936.53,1093.27,5.4,11.9,Moderate
SUB7232474,1142.51,1.116,738.24,217.16,0.77,91.53,Light
SUB4355000,3153.54,3.08,2790.68,502.75,2.46,71.06,Moderate
SUB4581311,3708.35,3.621,3697.56,150.92,4.55,6.89,Moderate
SUB7158157,135.85,0.133,31.19,43.73,8.15,7.08,Very_Light
SUB4783831,5074.61,4.956,4896.01,536.23,7.46,15.46,Moderate
SUB6182190,4258.05,4.158,3420.35,301.63,19.49,93.82,Moderate
SUB2350093,365.13,0.357,305.06,43.1,0.53,4.15,Very_Light
SUB8645195,2471.03,2.413,2323.59,115.46,1.2,5.99,Moderate
SUB9582299,2291.63,2.238,1946.29,329.85,7.3,94.27,Moderate
SUB5475687,3039.97,2.969,2446.44,231.28,2.94,58.78,Moderate
SUB6755327,883.87,0.863,425.78,306.32,25.1,57.97,Light
SUB3592440,17618.33,17.205,18720.9,170.97,12.22,10.02,Power_User
SUB9868577,240.47,0.235,73.23,170.05,2.45,0.91,Very_Light
SUB3491721,4709.49,4.599,3225.56,1028.75,0.73,12.48,Moderate
SUB1682346,334.56,0.327,131.56,124.35,2.43,24.61,Very_Light
SUB8313861,287.44,0.281,59.55,168.77,6.71,35.75,Very_Light
SUB5995427,918.03,0.897,891.87,27.13,4.27,11.91,Light
SUB3931659,869.93,0.85,92.88,718.9,7.58,64.52,Light
SUB1199542,887.02,0.866,714.6,56.62,5.42,0.81,Light
SUB4483802,11600.46,11.329,10191.58,440.61,2.83,189.81,Power_User
SUB8381740,958.8,0.936,474.57,207.61,3.86,223.93,Light
SUB6087365,189.42,0.185,115.83,47.21,0.0,1.71,Very_Light
SUB5084032,1848.21,1.805,1569.93,65.04,1.75,50.18,Light
SUB2223045,2856.68,2.79,2139.11,358.07,14.54,119.91,Moderate
SUB9295445,225.03,0.22,110.66,91.58,0.53,0.0,Very_Light
SUB2936983,899.95,0.879,465.46,230.58,2.63,7.2,Light
SUB2404568,5997.64,5.857,5194.08,866.94,3.47,108.62,Heavy
SUB1760956,689.25,0.673,594.41,95.0,2.77,1.51,Light
SUB4554382,1764.8,1.723,420.26,1059.36,6.47,33.99,Light
SUB8297881,10451.74,10.207,10190.87,926.3,13.48,21.91,Power_User
SUB8122887,2286.49,2.233,2041.16,276.96,0.26,56.23,Moderate
SUB5357847,1484.35,1.45,297.67,707.59,8.5,212.93,Light
SUB5565861,1226.15,1.197,1053.22,69.35,1.45,22.82,Light
SUB1499964,117.93,0.115,28.43,18.13,3.61,19.23,Very_Light
SUB3997493,386.77,0.378,331.97,38.14,1.66,5.31,Very_Light
SUB8578729,1772.15,1.731,1308.2,495.68,4.57,45.35,Light
SUB7638784,2427.53,2.371,830.91,1401.09,8.12,125.37,Moderate
SUB9394043,285.81,0.279,235.51,28.44,0.0,4.12,Very_Light
SUB1139565,6808.38,6.649,5134.44,1093.84,2.42,251.85,Heavy
SUB3942905,1155.28,1.128,550.68,617.56,0.49,14.0,Light
SUB4428261,645.46,0.63,212.09,381.02,5.62,9.79,Light
SUB7322954,4731.85,4.621,3567.42,1027.26,2.97,120.06,Moderate
SUB9190219,1071.98,1.047,454.92,605.76,4.33,2.02,Light
SUB6082281,759.18,0.741,464.31,211.07,4.14,2.95,Light
SUB5754417,768.86,0.751,655.66,55.61,1.72,7.05,Light
SUB2327654,815.56,0.796,506.45,142.1,1.18,181.85,Light
SUB3627014,1067.29,1.042,701.59,166.08,0.86,18.73,Light
SUB8995018,182.55,0.178,80.15,59.89,0.17,2.85,Very_Light
SUB6936419,177.77,0.174,29.18,93.22,3.45,46.69,Very_Light
SUB8210547,8830.65,8.624,6446.91,1508.33,5.64,229.5,Heavy
SUB8313184,474.77,0.464,351.07,47.58,0.75,8.03,Very_Light
SUB1447628,399.21,0.39,118.23,211.03,1.18,35.14,Very_Light
SUB6303441,3487.64,3.406,2507.61,738.92,8.32,314.41,Moderate
SUB9853143,916.62,0.895,408.53,437.59,10.22,64.51,Light
SUB3648191,1704.79,1.665,1328.23,125.05,1.84,13.88,Light
SUB2348894,5859.92,5.723,5255.98,685.61,5.55,80.97,Heavy
SUB7151990,1772.87,1.731,725.11,524.6,12.48,558.34,Light
SUB9445180,5966.58,5.827,4386.66,1254.29,0.0,105.3,Heavy
SUB4550985,384.76,0.376,165.38,106.75,10.79,36.31,Very_Light
SUB3513595,3498.88,3.417,2737.12,736.3,10.07,25.57,Moderate
SUB9161665,1260.28,1.231,709.87,429.52,2.5,10.87,Light
SUB1737550,18047.54,17.625,16223.53,329.41,16.18,68.31,Power_User
SUB6007106,1397.16,1.364,1048.27,225.2,9.72,18.83,Light
SUB2798954,10145.49,9.908,7869.09,1986.13,15.06,1.33,Heavy
SUB1929090,764.39,0.746,670.81,84.38,1.02,48.93,Light
SUB3802743,1517.24,1.482,869.77,514.83,1.47,2.97,Light
SUB9776510,662.73,0.647,182.18,368.14,1.4,22.05,Light
SUB7165706,732.66,0.715,663.48,29.66,3.06,2.1,Light
SUB2900302,688.54,0.672,555.4,80.64,0.54,47.27,Light
SUB6846636,2031.57,1.984,1727.08,409.62,4.78,28.29,Light
SUB1684659,1460.95,1.427,1170.21,205.12,2.28,16.2,Light
SUB8430747,5198.55,5.077,3721.06,1130.98,13.03,7.64,Heavy
SUB8410825,411.85,0.402,256.93,46.21,3.76,43.9,Very_Light
SUB9828325,789.54,0.771,467.2,267.74,0.26,3.64,Light
SUB7927416,2357.81,2.303,1922.56,75.16,2.5,25.21,Moderate
SUB6385201,6445.96,6.295,4422.06,1325.87,33.78,33.36,Heavy
SUB8360401,3786.27,3.698,3418.68,83.25,9.14,182.73,Moderate
SUB3241105,2805.67,2.74,1161.37,1331.09,19.19,8.06,Moderate
SUB2320307,7429.02,7.255,7049.66,359.16,10.5,40.16,Heavy
SUB5675431,3328.68,3.251,2079.25,821.52,14.98,116.48,Moderate
SUB8054378,3549.38,3.466,1345.15,1970.12,1.36,10.78,Moderate
SUB6119641,3509.02,3.427,3351.52,148.89,0.73,4.52,Moderate
SUB6753670,11043.95,10.785,11411.13,444.72,12.9,6.21,Power_User
SUB2095589,3123.77,3.051,2497.81,469.29,3.51,54.37,Moderate
SUB5826176,3048.2,2.977,2513.79,339.88,1.57,8.81,Moderate
SUB9466721,1256.28,1.227,690.41,360.31,6.2,35.86,Light
SUB2921792,1640.06,1.602,252.92,1042.95,2.75,118.1,Light
SUB6754068,12228.7,11.942,12499.0,763.13,4.51,9.85,Power_User
SUB2539219,1290.51,1.26,874.79,326.87,1.77,11.3,Light
SUB5589716,11079.43,10.82,9916.41,234.01,0.29,14.76,Power_User
SUB1085395,638.75,0.624,382.04,129.7,17.55,23.83,Light
SUB7063389,2259.55,2.207,1698.75,572.88,2.33,134.57,Moderate
SUB8732605,3972.93,3.88,4000.71,146.81,3.79,90.38,Moderate
SUB9061792,1243.98,1.215,692.0,593.61,3.18,43.51,Light
SUB8876375,4322.3,4.221,3920.42,197.34,0.96,54.61,Moderate
SUB2093060,548.59,0.536,445.5,58.12,2.78,6.65,Light
SUB4235863,5146.44,5.026,5010.49,551.03,40.15,42.64,Heavy
SUB5383030,8838.35,8.631,6148.41,1968.8,0.24,6.81,Heavy
SUB9602831,612.75,0.598,347.67,259.02,0.42,19.07,Light
SUB5169495,1481.32,1.447,1132.63,79.33,4.8,176.05,Light
SUB3612761,1696.25,1.656,1176.6,147.15,1.3,248.48,Light
SUB2995457,1956.65,1.911,925.32,941.06,7.43,8.18,Light
SUB2013071,257.2,0.251,86.67,81.9,10.31,12.18,Very_Light
SUB4275072,547.36,0.535,223.3,239.24,10.78,1.26,Light
SUB5817842,1237.81,1.209,551.05,552.77,13.63,17.36,Light
SUB9676514,1080.22,1.055,577.87,176.93,7.57,137.29,Light
SUB4327786,204.76,0.2,109.72,22.8,2.45,11.01,Very_Light
SUB6932572,695.8,0.679,454.14,140.55,25.99,52.5,Light
SUB3145977,361.61,0.353,196.03,122.04,1.03,20.28,Very_Light
SUB7714662,10862.72,10.608,9378.47,684.28,20.39,51.41,Power_User
SUB3226217,1194.55,1.167,952.84,65.58,3.8,217.68,Light
SUB1632731,1330.89,1.3,924.17,186.39,4.12,37.61,Light
SUB9750364,701.72,0.685,191.41,402.08,40.67,1.96,Light
SUB3214826,2501.6,2.443,2219.7,275.11,7.27,19.29,Moderate
SUB4260802,8246.4,8.053,8175.98,519.02,7.78,292.41,Heavy
SUB9905865,784.94,0.767,677.72,58.31,11.07,40.86,Light
SUB5590778,546.14,0.533,134.9,270.12,0.13,45.08,Light
SUB6149387,198.34,0.194,62.58,103.64,0.52,14.97,Very_Light
SUB6396910,1523.15,1.487,1346.42,188.0,14.9,9.65,Light
SUB8827881,4698.59,4.588,4668.88,187.0,6.7,50.57,Moderate
SUB4561497,21928.94,21.415,21028.7,1683.88,23.5,160.97,Power_User
SUB8318898,1203.76,1.176,1095.96,38.1,0.71,11.85,Light
SUB1262199,2152.28,2.102,1715.0,449.39,3.08,14.22,Moderate
SUB3870524,2685.23,2.622,1965.55,474.0,10.84,5.23,Moderate
SUB2137273,140.62,0.137,50.13,43.11,0.47,13.3,Very_Light
SUB8441537,8920.87,8.712,8268.64,1370.83,0.66,35.58,Heavy
SUB4867293,1496.58,1.462,1014.73,212.83,2.47,55.86,Light
SUB7107511,3399.21,3.32,1765.21,1582.9,15.23,102.75,Moderate
SUB1033734,2909.65,2.841,1659.08,161.94,2.8,855.93,Moderate
SUB1213299,2936.67,2.868,2316.69,776.22,0.69,62.22,Moderate
SUB3771034,8022.5,7.834,7458.14,424.85,2.76,238.85,Heavy
SUB9531336,1430.27,1.397,1251.25,191.3,1.52,12.1,Light
SUB1671253,1142.46,1.116,807.82,245.1,3.34,20.22,Light
SUB7688304,1219.06,1.19,698.11,187.6,3.81,169.83,Light
SUB7911616,768.06,0.75,436.94,175.53,0.85,4.05,Light
SUB2006152,3383.19,3.304,2608.73,399.64,3.09,63.52,Moderate
SUB7615379,735.27,0.718,202.76,321.69,0.76,108.72,Light
SUB6626211,2669.86,2.607,1754.09,517.18,6.61,118.29,Moderate
SUB4262331,1869.07,1.825,1426.96,261.12,4.09,93.46,Light
SUB4993767,7318.49,7.147,5890.96,789.81,1.58,48.77,Heavy
SUB4825091,3011.0,2.94,2936.57,162.57,5.38,0.0,Moderate
SUB7914152,196.53,0.192,143.27,25.06,1.77,8.97,Very_Light
SUB6015551,511.78,0.5,218.81,168.69,0.55,5.31,Very_Light
SUB9026261,6339.6,6.191,3859.48,1628.4,16.91,221.18,Heavy
SUB7636393,381.26,0.372,127.46,181.18,1.48,43.28,Very_Light
SUB7701354,6103.72,5.961,5611.9,483.86,1.43,273.98,Heavy
SUB4689638,6996.92,6.833,6672.9,664.42,2.45,24.91,Heavy
SUB5486856,785.56,0.767,350.49,280.19,2.35,49.27,Light
SUB7955653,1829.01,1.786,1606.54,201.86,0.16,1.65,Light
SUB2208957,2126.81,2.077,1672.41,298.04,3.16,51.31,Moderate
SUB7232302,3661.6,3.576,2449.47,719.52,8.91,127.82,Moderate
SUB2141766,287.55,0.281,145.53,75.71,5.92,0.0,Very_Light
SUB7259471,696.09,0.68,219.14,212.77,5.03,154.13,Light
SUB1524658,1105.29,1.079,765.14,186.85,3.44,45.97,Light
SUB6619236,899.87,0.879,835.09,34.48,0.58,1.87,Light
SUB9108196,212.14,0.207,37.93,163.37,0.09,7.67,Very_Light
SUB1003196,2694.37,2.631,1637.1,891.98,16.14,1.8,Moderate
SUB4657919,648.25,0.633,474.4,117.11,0.74,13.92,Light
SUB7129877,3847.96,3.758,3352.65,292.19,9.8,33.63,Moderate
SUB7105661,1686.45,1.647,418.93,1055.01,2.36,14.12,Light
SUB8142727,1863.18,1.82,1473.31,272.03,1.36,38.47,Light
SUB3603680,1363.27,1.331,720.18,418.46,17.12,43.85,Light
SUB7209774,11172.96,10.911,9825.56,1487.84,1.32,335.82,Power_User
SUB1858811,3005.08,2.935,2110.65,493.8,3.18,60.36,Moderate
SUB5064337,353.12,0.345,88.57,197.55,1.89,19.66,Very_Light
SUB4636119,315.64,0.308,251.57,39.21,1.41,8.11,Very_Light
SUB4556995,84.45,0.082,47.84,5.08,2.04,0.8,Very_Light
SUB2667108,558.06,0.545,286.06,187.74,4.84,72.72,Light
SUB3853507,8121.67,7.931,7619.28,75.39,24.95,72.1,Heavy
SUB8593548,2536.14,2.477,1586.83,876.26,6.44,86.61,Moderate
SUB8793404,2013.83,1.967,865.6,866.87,2.95,260.52,Light
SUB3154327,2491.58,2.433,2077.45,537.3,4.19,7.8,Moderate
SUB5070081,4634.35,4.526,4199.45,164.09,1.15,24.55,Moderate
SUB4917000,3241.63,3.166,2827.27,45.67,7.41,40.64,Moderate
SUB9173542,900.56,0.879,558.48,184.55,8.91,4.75,Light
SUB3350716,2346.93,2.292,1930.13,152.86,20.05,18.57,Moderate
SUB2264008,1884.02,1.84,1850.67,116.16,2.09,10.11,Light
SUB7456942,2233.79,2.181,1636.5,339.56,0.13,7.63,Moderate
SUB3768654,5988.31,5.848,5170.59,104.57,9.78,400.85,Heavy
SUB8061944,6255.74,6.109,5259.52,459.42,3.52,98.4,Heavy
SUB4876345,673.86,0.658,168.86,385.34,0.49,13.27,Light
SUB7057174,479.61,0.468,201.85,217.15,4.15,0.8,Very_Light
SUB3233414,3852.35,3.762,3325.33,246.74,0.57,86.11,Moderate
SUB7134678,228.89,0.224,45.56,73.93,1.31,5.97,Very_Light
SUB9392939,723.04,0.706,538.67,130.65,0.68,7.83,Light
SUB2565976,6781.51,6.623,5742.13,389.26,4.24,184.36,Heavy
SUB4976808,500.2,0.488,398.75,92.53,5.68,9.48,Very_Light
SUB8630725,748.0,0.73,317.62,202.59,23.01,151.01,Light
SUB9601462,3096.94,3.024,2473.29,247.23,22.66,70.29,Moderate
SUB5744353,1409.23,1.376,1218.65,39.95,0.82,46.32,Light
SUB2553416,554.46,0.541,332.76,32.47,0.6,94.31,Light
SUB8260219,887.65,0.867,507.9,300.51,10.79,39.11,Light
SUB3956156,18776.32,18.336,15625.38,1333.95,14.5,59.75,Power_User
SUB3281696,948.29,0.926,174.96,478.75,3.91,115.99,Light
SUB2133243,4042.71,3.948,1710.49,1879.9,7.63,157.56,Moderate
SUB1004677,2884.93,2.817,2478.01,295.48,12.04,17.39,Moderate
SUB9593188,1817.12,1.775,1478.3,106.9,9.79,58.72,Light
SUB1130334,6015.33,5.874,3921.79,1651.41,10.49,21.91,Heavy
SUB5557885,5356.15,5.231,4459.79,402.37,7.67,8.56,Heavy
SUB6162425,1114.57,1.088,1059.23,48.53,2.33,6.46,Light
SUB3508963,5513.29,5.384,4689.69,400.65,6.39,22.17,Heavy
SUB8820707,166.32,0.162,60.37,23.62,0.18,11.25,Very_Light
SUB6827316,2283.11,2.23,1408.43,732.25,8.4,32.47,Moderate
SUB1558745,3827.85,3.738,2734.64,893.83,30.86,31.35,Moderate
SUB9955427,782.48,0.764,634.62,67.78,2.76,10.83,Light
SUB9582851,1538.75,1.503,1320.25,171.89,3.38,29.32,Light
SUB3870741,493.48,0.482,362.21,87.86,4.27,3.05,Very_Light
SUB8910091,587.33,0.574,391.91,39.21,0.51,53.85,Light
SUB1617423,3582.48,3.499,1640.45,1423.18,19.62,213.54,Moderate
SUB9979250,3153.0,3.079,3025.28,255.79,46.27,5.81,Moderate
SUB3865893,522.94,0.511,327.82,142.24,2.02,3.0,Light
SUB2250844,5512.71,5.384,5348.17,227.09,17.88,91.28,Heavy
SUB1916094,6888.71,6.727,5644.22,638.34,3.86,40.69,Heavy
SUB5289361,326.31,0.319,175.67,87.86,3.99,3.29,Very_Light
SUB1246889,8180.05,7.988,7495.05,583.84,24.19,53.08,Heavy
SUB7719142,6390.26,6.24,4662.03,1448.78,18.9,187.15,Heavy
SUB2465088,2684.73,2.622,1430.8,881.85,8.46,24.85,Moderate
SUB7147878,3526.39,3.444,3294.54,60.78,2.33,0.0,Moderate
SUB7615316,4971.19,4.855,4123.98,175.03,1.62,641.14,Moderate
SUB6269262,3399.69,3.32,1691.25,1758.92,15.36,31.57,Moderate
SUB5184251,1315.05,1.284,630.77,622.38,8.72,25.71,Light
SUB7838163,6426.54,6.276,5960.88,46.29,9.66,24.28,Heavy
SUB5275542,1708.38,1.668,1138.9,486.35,0.7,2.98,Light
SUB6236840,2002.86,1.956,1248.67,831.03,5.41,3.2,Light
SUB2743227,1220.15,1.192,74.46,888.59,6.39,77.71,Light
SUB8660064,6358.23,6.209,4499.51,1552.76,2.84,0.0,Heavy
SUB1586470,499.33,0.488,147.91,234.7,0.22,33.24,Very_Light
SUB8170364,1441.18,1.407,799.94,374.57,0.11,27.97,Light
SUB4974409,10283.42,10.042,10406.82,442.7,1.23,12.44,Power_User
SUB1177216,2947.24,2.878,2605.5,250.79,3.46,40.64,Moderate
SUB5649292,5419.66,5.293,4540.56,1250.52,24.3,4.46,Heavy
SUB3176512,511.79,0.5,376.77,32.88,4.6,42.22,Very_Light
SUB4683460,4955.77,4.84,3859.15,305.48,1.6,382.44,Moderate
SUB9512270,863.18,0.843,371.74,459.4,1.94,22.49,Light
SUB2818352,1938.23,1.893,1384.83,574.33,1.54,56.7,Light
SUB4244571,9763.23,9.534,9477.82,351.47,10.62,459.36,Heavy
SUB3894558,352.71,0.344,195.67,119.85,5.18,1.58,Very_Light
SUB2480175,1032.95,1.009,883.31,89.95,4.37,31.91,Light
SUB2829484,4001.09,3.907,2948.53,640.99,16.32,100.69,Moderate
SUB2667690,719.4,0.703,609.72,50.88,3.62,8.4,Light
SUB5419425,2249.3,2.197,1915.36,112.97,0.0,54.87,Moderate
SUB8217037,2353.47,2.298,1902.37,403.89,1.37,0.0,Moderate
SUB6017226,2601.48,2.541,2014.17,592.71,3.95,23.9,Moderate
SUB3746153,2762.0,2.697,2097.43,300.2,0.0,96.37,Moderate
SUB9360927,978.52,0.956,769.28,145.55,1.85,11.41,Light
SUB2104188,1620.06,1.582,895.45,607.71,14.06,10.64,Light
SUB8292496,4460.33,4.356,3679.93,492.04,24.68,110.94,Moderate
SUB6125614,662.58,0.647,231.03,344.88,4.65,12.95,Light
SUB4783112,1634.55,1.596,873.32,532.78,26.86,12.34,Light
SUB3306569,4836.75,4.723,4463.7,497.42,7.9,174.92,Moderate
SUB1211463,4488.76,4.384,2551.69,1852.91,8.9,66.39,Moderate
SUB8185300,2956.75,2.887,2205.05,482.22,7.36,20.75,Moderate
SUB1268602,2212.23,2.16,1914.02,387.21,1.8,62.95,Moderate
SUB3394820,586.53,0.573,297.94,168.57,2.34,13.61,Light
SUB6545501,856.83,0.837,512.81,182.59,2.9,5.3,Light
SUB5736912,8073.78,7.885,6885.59,741.7,59.91,35.81,Heavy
SUB3507720,366.86,0.358,35.53,197.97,1.36,45.71,Very_Light
SUB4742849,493.22,0.482,124.88,27.13,0.26,324.97,Very_Light
SUB9482084,702.25,0.686,381.97,185.37,1.88,9.86,Light
SUB1114560,1446.04,1.412,715.15,414.64,3.42,72.29,Light
SUB6115011,1286.99,1.257,638.11,655.55,0.99,7.92,Light
SUB2349987,1644.28,1.606,1209.27,314.66,3.37,59.42,Light
SUB1549656,2692.49,2.629,2369.75,59.37,20.0,59.37,Moderate
SUB4580885,1017.32,0.993,718.81,187.79,1.55,11.25,Light
SUB8544022,1503.87,1.469,659.2,641.63,4.0,5.81,Light
SUB4403209,1660.6,1.622,941.66,625.06,1.35,10.99,Light
SUB3995785,3943.1,3.851,2474.84,1519.25,2.74,24.61,Moderate
SUB4980125,3742.5,3.655,3334.38,107.03,5.0,92.73,Moderate
SUB7901013,263.19,0.257,144.57,55.77,2.28,9.31,Very_Light
SUB2826629,3095.36,3.023,2625.34,299.92,0.23,25.97,Moderate
SUB6718365,2466.4,2.409,2108.8,53.36,0.22,91.51,Moderate
SUB9289985,3214.49,3.139,2905.99,347.43,1.75,10.16,Moderate
SUB9480287,475.35,0.464,335.03,75.39,15.37,22.27,Very_Light
SUB2339083,1595.36,1.558,1372.51,69.15,0.15,132.82,Light
SUB6404672,189.34,0.185,130.48,30.98,2.87,19.24,Very_Light
SUB4703367,1132.66,1.106,903.6,98.82,10.02,69.43,Light
SUB8975343,2820.38,2.754,1485.78,952.61,4.17,84.73,Moderate
SUB6934385,3785.34,3.697,2620.53,749.61,2.75,15.25,Moderate
SUB4890702,18614.73,18.178,19172.08,1174.14,3.26,115.71,Power_User
SUB3374151,2553.94,2.494,2229.8,124.57,4.5,13.46,Moderate
SUB7720841,11.5,0.011,3.3,1.39,0.07,0.0,Very_Light
SUB8601709,11797.55,11.521,12353.31,115.76,1.73,56.24,Power_User
SUB1177476,1567.94,1.531,1398.63,234.11,2.81,22.24,Light
SUB2199217,1325.29,1.294,1264.8,109.46,0.14,26.66,Light
SUB3675877,587.73,0.574,78.46,258.41,5.27,192.26,Light
SUB9306042,2630.18,2.569,1993.54,420.14,2.18,30.14,Moderate
SUB3949908,3974.86,3.882,3369.15,406.62,2.21,11.15,Moderate
SUB7476625,128.04,0.125,66.51,40.38,0.48,8.41,Very_Light
SUB2931441,2169.88,2.119,641.54,1346.33,3.33,81.18,Moderate
SUB1265033,1743.61,1.703,1626.73,142.45,0.36,52.58,Light
SUB7499998,1240.56,1.211,898.16,153.77,0.17,3.92,Light
SUB6462774,491.34,0.48,377.66,72.41,3.23,39.0,Very_Light
SUB6818812,1837.6,1.795,1573.93,207.59,1.04,11.54,Light
SUB7111053,1181.49,1.154,701.4,310.26,0.93,86.17,Light
SUB1842329,8076.25,7.887,5912.63,1724.96,22.01,0.0,Heavy
SUB8743343,5176.55,5.055,4588.06,196.21,24.06,29.86,Heavy
SUB1174588,1367.54,1.335,1320.92,81.9,13.34,1.39,Light
SUB4773618,1179.62,1.152,852.9,266.13,0.15,26.36,Light
SUB8636805,1589.9,1.553,1511.32,48.24,0.37,1.79,Light
SUB2530332,11992.16,11.711,11679.81,1255.16,12.14,8.82,Power_User
SUB5739023,3254.88,3.179,2572.14,303.4,4.66,30.44,Moderate
SUB8527837,4043.32,3.949,2322.36,1422.9,46.55,53.92,Moderate
SUB2033290,473.86,0.463,139.26,244.67,0.17,13.98,Very_Light
SUB5625535,5563.51,5.433,4747.25,492.23,2.0,312.7,Heavy
SUB7847129,377.82,0.369,201.21,49.21,4.25,41.81,Very_Light
SUB8458136,5761.54,5.627,5323.08,195.56,22.87,104.48,Heavy
SUB4158546,1287.2,1.257,481.17,714.13,0.36,3.06,Light
SUB9870046,806.0,0.787,100.15,492.84,6.19,38.58,Light
SUB5768424,1669.05,1.63,1363.86,140.43,1.23,115.74,Light
SUB7070243,1787.8,1.746,1573.82,43.17,0.08,19.47,Light
SUB2258542,110.0,0.107,52.98,43.77,0.35,1.92,Very_Light
SUB8349953,312.27,0.305,182.6,42.57,4.56,60.53,Very_Light
SUB5072091,1824.19,1.781,1384.0,411.23,5.33,1.03,Light
SUB8414440,799.45,0.781,461.92,338.56,37.33,19.93,Light
SUB4793868,4508.0,4.402,4632.76,156.38,1.92,8.07,Moderate
SUB2591711,1047.72,1.023,649.11,363.7,2.24,87.13,Light
SUB2628853,212.4,0.207,99.69,56.83,0.64,10.07,Very_Light
SUB3058721,1478.77,1.444,1349.16,152.24,10.24,5.73,Light
SUB2960391,2329.23,2.275,1952.6,301.61,4.11,60.33,Moderate
SUB5657448,694.29,0.678,485.25,100.42,0.57,3.2,Light
SUB8392367,1480.62,1.446,1029.02,349.2,15.24,25.88,Light
SUB7156225,661.02,0.646,363.19,288.82,2.28,12.75,Light
SUB5076773,1822.96,1.78,659.34,903.73,8.02,37.41,Light
SUB6393333,1534.0,1.498,1563.47,72.11,1.3,3.42,Light
SUB5512121,1612.54,1.575,1277.49,309.05,1.29,3.71,Light
SUB7908008,706.42,0.69,359.95,248.96,17.22,2.33,Light
SUB9447680,3595.06,3.511,3233.69,413.26,57.2,85.49,Moderate
SUB4883337,1763.63,1.722,956.74,509.81,5.22,63.0,Light
SUB6900726,10186.03,9.947,7614.13,1914.27,1.31,44.08,Heavy
SUB3163843,707.72,0.691,232.23,309.22,1.94,9.85,Light
SUB3762594,4396.92,4.294,3079.43,1535.37,3.3,0.0,Moderate
SUB8686281,1116.33,1.09,775.37,173.66,6.01,59.7,Light
SUB5201390,1121.79,1.095,882.42,72.07,2.25,99.77,Light
SUB9778570,3130.22,3.057,2800.9,40.53,4.13,2.31,Moderate
SUB4477899,1648.09,1.609,1387.47,83.54,6.44,3.8,Light
SUB5131279,22708.39,22.176,18786.58,1461.9,1.54,303.96,Power_User
SUB3086172,2476.53,2.418,400.72,1638.1,0.84,105.53,Moderate
SUB2365265,4543.16,4.437,3974.01,695.92,0.4,3.65,Moderate
SUB4242222,1605.99,1.568,1243.84,220.89,2.01,98.75,Light
SUB9504589,5066.98,4.948,3896.7,868.37,20.05,33.53,Moderate
SUB8322933,6550.63,6.397,6000.82,848.39,32.49,1.64,Heavy
SUB9677177,12374.34,12.084,10970.98,316.73,4.03,103.28,Power_User
SUB4256505,840.19,0.82,786.74,66.54,0.52,2.44,Light
SUB9791249,1676.29,1.637,1187.27,572.31,2.06,6.32,Light
SUB5812056,344.38,0.336,63.35,142.98,10.39,30.69,Very_Light
SUB4776764,1357.9,1.326,671.37,688.44,19.45,48.34,Light
SUB2515538,1160.32,1.133,247.49,578.44,8.08,185.37,Light
SUB5849666,2242.06,2.19,1672.55,392.06,3.53,26.1,Moderate
SUB4399618,899.91,0.879,656.95,81.84,36.07,0.76,Light
SUB7725630,775.79,0.758,576.54,76.04,1.82,0.6,Light
SUB4404629,960.17,0.938,928.29,55.2,6.29,13.85,Light
SUB3192848,5108.03,4.988,4356.12,359.87,0.46,33.48,Moderate
SUB3773219,165.1,0.161,58.07,32.32,0.6,17.08,Very_Light
SUB5864912,332.2,0.324,273.69,26.82,0.15,4.58,Very_Light
SUB2644173,3169.02,3.095,3010.86,100.31,0.44,25.92,Moderate
SUB5261725,1323.0,1.292,695.01,466.54,5.44,49.63,Light
SUB9625044,2168.83,2.118,2272.09,78.77,2.97,13.05,Moderate
SUB6545636,3264.04,3.188,2069.51,918.42,3.59,5.79,Moderate
SUB6780618,1250.06,1.221,1262.1,45.53,19.64,22.84,Light
SUB6252371,24224.15,23.656,21095.94,989.92,19.98,68.28,Power_User
SUB3214178,1316.15,1.285,1064.4,137.45,0.51,46.96,Light
SUB1074804,1558.07,1.522,1035.2,329.55,0.53,10.89,Light
SUB3976877,2853.03,2.786,2152.88,180.39,3.41,160.83,Moderate
SUB4789514,4187.43,4.089,2088.19,1881.99,8.59,85.28,Moderate
SUB5957107,12543.11,12.249,11210.59,220.14,5.95,140.48,Power_User
SUB2972871,9431.22,9.21,7407.46,2330.45,10.73,331.1,Heavy
SUB2940483,395.07,0.386,144.19,219.28,1.67,23.22,Very_Light
SUB3911898,14396.84,14.059,12789.71,1546.61,63.82,20.19,Power_User
SUB9875943,1746.7,1.706,1544.16,123.65,9.48,13.71,Light
SUB6227365,653.17,0.638,278.36,262.05,0.71,14.07,Light
SUB8689262,207.06,0.202,71.99,118.95,0.17,7.66,Very_Light
SUB4509163,1270.39,1.241,897.77,174.4,0.78,21.68,Light
SUB7825711,1786.62,1.745,1523.65,85.97,10.88,32.3,Light
SUB2261402,2596.9,2.536,1056.77,1133.83,9.15,106.07,Moderate
SUB3126028,633.92,0.619,137.78,242.24,6.11,157.83,Light
SUB3985032,2526.23,2.467,1890.67,630.26,5.19,21.54,Moderate
SUB4077195,666.73,0.651,113.77,406.81,14.05,19.38,Light
SUB3326344,1585.01,1.548,1064.17,324.06,1.28,149.75,Light
SUB7103807,5182.69,5.061,4590.13,468.91,21.6,9.93,Heavy
SUB2076837,454.85,0.444,177.61,154.13,2.1,24.93,Very_Light
SUB8446633,15212.08,14.856,14147.97,422.86,0.4,433.01,Power_User
SUB6717467,3680.96,3.595,3027.21,210.34,3.03,57.63,Moderate
SUB2629040,610.33,0.596,128.19,210.09,4.13,116.77,Light
SUB4663289,7335.66,7.164,7225.08,386.9,19.91,87.81,Heavy
SUB3916596,2511.86,2.453,1126.66,1165.43,7.93,11.05,Moderate
SUB8966473,2008.1,1.961,1799.91,139.01,3.7,5.36,Light
SUB7185941,802.32,0.784,559.89,113.52,1.35,3.65,Light
SUB5127436,7434.7,7.26,7197.68,815.87,3.5,62.1,Heavy
SUB5866940,1162.07,1.135,470.96,590.27,9.63,10.02,Light
SUB4462511,4531.94,4.426,1723.24,1789.75,42.17,999.41,Moderate
SUB1384083,1876.92,1.833,1326.44,572.87,1.57,34.03,Light
SUB9920206,2672.92,2.61,2862.23,62.75,1.55,10.85,Moderate
SUB6607968,3194.18,3.119,1886.91,710.81,0.32,343.05,Moderate
SUB7769552,9979.3,9.745,7389.77,1529.76,15.92,22.65,Heavy
SUB4050798,2165.7,2.115,1824.96,161.42,1.6,34.55,Moderate
SUB3536047,3620.51,3.536,2378.69,986.98,32.5,30.61,Moderate
SUB7464143,1494.45,1.459,1400.64,154.27,12.79,0.43,Light
SUB4254992,619.15,0.605,364.75,171.32,2.28,23.14,Light
SUB5797663,2183.41,2.132,1485.98,527.19,10.17,0.0,Moderate
SUB7269191,1204.33,1.176,131.15,711.18,6.11,104.4,Light
SUB4535443,310.53,0.303,163.83,105.78,0.39,57.23,Very_Light
SUB2932303,6257.02,6.11,5291.85,482.57,10.23,175.74,Heavy
SUB3751821,1168.21,1.141,596.32,549.09,1.12,11.27,Light
SUB8314895,1740.83,1.7,1500.6,63.96,4.97,29.48,Light
SUB7525940,1767.86,1.726,1615.25,146.15,5.6,27.5,Light
SUB1426941,2913.12,2.845,2448.49,415.58,7.55,4.99,Moderate
SUB5850224,11878.37,11.6,11321.19,403.56,9.91,12.83,Power_User
SUB1386354,453.02,0.442,290.87,98.13,2.72,5.38,Very_Light
SUB6506336,470.47,0.459,328.26,28.75,2.66,11.13,Very_Light
SUB1935709,1323.7,1.293,1129.64,153.15,1.02,12.38,Light
SUB3485178,1827.33,1.785,770.95,760.68,11.41,262.54,Light
SUB7379022,2532.24,2.473,1240.62,634.28,29.12,299.01,Moderate
SUB6477630,3685.23,3.599,2510.87,1473.94,3.97,12.38,Moderate
SUB7288893,477.84,0.467,445.6,40.66,0.33,5.71,Very_Light
SUB3085469,2327.88,2.273,1896.97,356.86,16.05,208.34,Moderate
SUB2346365,377.82,0.369,217.56,80.65,0.19,23.55,Very_Light
SUB2136078,8177.61,7.986,7781.35,498.25,7.87,158.1,Heavy
SUB9875206,3667.95,3.582,2861.48,755.8,10.56,59.57,Moderate
SUB7062825,653.23,0.638,526.15,39.04,3.09,10.76,Light
SUB1533037,3729.53,3.642,3206.15,231.01,3.28,1.76,Moderate
SUB9973541,11883.63,11.605,10956.27,917.0,19.88,295.38,Power_User
SUB9602541,1264.86,1.235,275.98,847.43,2.63,3.97,Light
SUB1427709,5450.12,5.322,4276.86,607.73,1.51,60.11,Heavy
SUB9644147,1514.42,1.479,766.86,131.28,12.71,493.78,Light
SUB8352245,993.28,0.97,766.16,63.88,2.18,66.24,Light
SUB2750866,1709.69,1.67,1162.04,331.48,7.69,43.53,Light
SUB4777173,4897.6,4.783,4202.46,373.44,60.27,20.65,Moderate
SUB7233107,431.02,0.421,118.67,266.56,6.54,2.63,Very_Light
SUB6275463,740.72,0.723,526.54,62.4,18.87,35.05,Light
SUB5847384,14699.24,14.355,13851.6,598.17,4.45,89.94,Power_User
SUB7371400,3109.67,3.037,1294.21,1617.34,7.67,85.17,Moderate
SUB6234748,409.62,0.4,182.86,121.68,4.47,49.56,Very_Light
SUB9400728,3521.75,3.439,3038.56,212.86,12.46,101.14,Moderate
SUB1624135,1617.57,1.58,1313.31,208.49,3.45,29.78,Light
SUB5817167,993.3,0.97,282.34,643.53,0.06,3.82,Light
SUB8731445,3326.72,3.249,2739.33,185.12,7.14,15.48,Moderate
SUB7830707,4340.37,4.239,2022.31,1799.8,4.85,5.26,Moderate
SUB7106428,5176.74,5.055,3252.76,1580.96,3.31,8.39,Heavy
SUB5745920,162.4,0.159,139.76,7.89,1.01,0.0,Very_Light
SUB8162517,2988.92,2.919,2688.58,252.79,1.35,5.46,Moderate
SUB6788773,321.9,0.314,212.92,70.62,2.67,1.29,Very_Light
SUB8517475,234.51,0.229,116.3,27.98,0.71,1.74,Very_Light
SUB7923985,130.12,0.127,28.85,45.47,0.84,21.92,Very_Light
SUB7101570,1471.53,1.437,1293.52,205.36,20.89,44.71,Light
SUB9032304,2680.14,2.617,2608.38,87.33,66.65,12.62,Moderate
SUB3266598,1555.79,1.519,1180.12,354.47,23.35,19.3,Light
SUB2776238,668.08,0.652,507.4,132.71,2.86,12.37,Light
SUB9451392,892.87,0.872,518.19,269.54,5.03,0.91,Light
SUB6127736,882.08,0.861,346.69,397.76,8.33,3.14,Light
SUB6897162,3170.76,3.096,2504.86,435.28,4.34,184.72,Moderate
SUB7508676,1788.38,1.746,971.96,579.47,0.48,27.55,Light
SUB5910662,958.74,0.936,436.81,393.88,0.38,0.41,Light
SUB2995127,555.27,0.542,517.73,13.57,0.98,8.86,Light
SUB8776604,2331.78,2.277,1963.33,336.3,0.56,38.26,Moderate
SUB2035108,946.07,0.924,497.27,254.28,10.29,4.18,Light
SUB1478365,5186.86,5.065,2732.82,1757.84,15.12,203.89,Heavy
SUB6156371,7990.93,7.804,6532.54,1682.61,35.18,181.72,Heavy
SUB3074242,577.36,0.564,341.51,101.04,1.14,6.89,Light
SUB6232761,3295.66,3.218,3153.39,219.1,5.29,75.67,Moderate
SUB6122969,876.95,0.856,783.29,34.51,0.37,6.22,Light
SUB1494209,2367.31,2.312,1706.03,616.33,2.12,20.78,Moderate
SUB2534230,929.55,0.908,655.37,153.1,2.81,16.02,Light
SUB7556410,7279.71,7.109,6088.07,850.95,3.17,59.94,Heavy
SUB6451151,697.9,0.682,568.58,21.48,4.6,35.51,Light
SUB1851980,747.06,0.73,541.01,186.07,4.6,3.73,Light
SUB2766299,2297.88,2.244,2195.28,202.08,0.21,43.43,Moderate
SUB5020018,3023.4,2.953,1415.91,1497.67,6.97,28.78,Moderate
SUB7691891,937.74,0.916,470.9,465.96,0.6,6.33,Light
SUB7886608,8154.55,7.963,5692.39,2209.55,4.5,115.99,Heavy
SUB8458403,1100.65,1.075,669.68,348.56,5.42,14.63,Light
SUB2662656,18667.86,18.23,16625.25,1668.99,12.16,112.53,Power_User
SUB5894097,870.74,0.85,858.21,20.81,0.71,11.79,Light
SUB6309068,6304.23,6.156,5396.89,598.11,15.64,130.86,Heavy
SUB5956780,895.18,0.874,816.28,128.81,3.32,3.3,Light
SUB9949454,6150.51,6.006,5536.02,265.85,3.86,16.49,Heavy
SUB5323242,2075.63,2.027,1356.74,628.73,5.27,6.76,Moderate
SUB3871712,2022.46,1.975,1607.14,211.97,12.95,23.67,Light
SUB7903538,988.74,0.966,774.6,90.57,0.51,24.73,Light
SUB1855656,16895.98,16.5,14857.61,655.66,28.43,8.74,Power_User
SUB7817123,366.97,0.358,280.51,22.91,3.0,1.43,Very_Light
SUB4566568,6832.65,6.673,4917.29,1881.53,5.99,48.64,Heavy
SUB5679020,10120.39,9.883,9704.84,88.07,55.72,423.87,Heavy
SUB2792363,5286.89,5.163,4540.24,276.81,4.26,189.11,Heavy
SUB1638922,981.17,0.958,686.86,142.73,7.99,35.54,Light
SUB1777867,19820.47,19.356,18542.34,486.9,4.5,87.34,Power_User
SUB4066461,1870.67,1.827,1390.65,195.67,7.9,118.63,Light
SUB6756911,5649.26,5.517,3614.41,978.59,9.65,543.81,Heavy
SUB2702424,563.2,0.55,318.91,195.57,0.71,0.0,Light
SUB5175252,2424.63,2.368,2104.42,284.81,11.9,7.35,Moderate
SUB2185560,3023.47,2.953,839.5,2157.95,2.24,161.96,Moderate
SUB9016906,4801.51,4.689,2805.16,1560.15,48.77,479.22,Moderate
SUB7509887,598.2,0.584,367.52,111.6,1.05,15.21,Light
SUB1867838,516.83,0.505,11.11,233.76,3.16,118.49,Light
SUB2057880,1547.99,1.512,1310.62,247.01,23.95,1.47,Light
SUB4087714,260.51,0.254,196.13,39.29,0.0,12.76,Very_Light
SUB4478192,5538.54,5.409,4722.73,489.38,4.56,225.57,Heavy
SUB9856832,294.43,0.288,124.65,75.8,9.86,37.46,Very_Light
SUB6600068,1880.13,1.836,698.96,211.94,6.21,961.05,Light
SUB9151656,1825.7,1.783,1588.82,324.92,11.57,19.28,Light
SUB1785890,373.55,0.365,129.88,126.63,6.26,60.25,Very_Light
SUB5806799,1529.68,1.494,1307.92,151.28,5.81,10.4,Light
SUB9053024,2248.67,2.196,793.92,1173.14,17.95,32.05,Moderate
SUB9586625,2850.95,2.784,2049.21,612.26,3.03,3.16,Moderate
SUB4743757,1304.95,1.274,937.28,231.62,4.26,111.04,Light
SUB6259245,4059.03,3.964,4008.52,168.1,11.12,15.25,Moderate
SUB6046528,496.28,0.485,198.74,162.24,1.06,19.47,Very_Light
SUB8011673,814.29,0.795,645.87,103.38,11.52,27.11,Light
SUB3868921,7371.12,7.198,6311.35,1182.18,4.14,168.22,Heavy
SUB9177039,1734.73,1.694,1711.59,109.58,0.81,2.65,Light
SUB4003225,1118.42,1.092,717.15,206.89,0.18,138.89,Light
SUB6637291,234.49,0.229,192.29,9.26,0.14,1.88,Very_Light
SUB6034253,780.44,0.762,684.12,20.47,4.46,33.77,Light
SUB5228316,232.58,0.227,148.14,4.58,0.73,0.0,Very_Light
SUB4578478,7649.16,7.47,7906.71,275.7,8.53,96.77,Heavy
SUB9072590,502.6,0.491,185.03,140.75,11.15,96.4,Very_Light
SUB6926983,9513.89,9.291,7716.01,1475.57,24.87,30.04,Heavy
SUB7323617,1716.26,1.676,845.77,600.33,7.01,137.2,Light
SUB1454529,1389.42,1.357,999.28,115.71,30.28,131.33,Light
SUB8586288,1080.89,1.056,994.19,97.27,2.47,59.65,Light
SUB8261511,1419.05,1.386,1039.76,196.49,2.3,35.51,Light
SUB9927811,5583.89,5.453,4359.25,695.21,7.48,380.42,Heavy
SUB2311629,1898.02,1.854,1629.43,133.92,5.41,12.37,Light
SUB1900542,4711.95,4.602,3937.21,316.44,6.02,21.94,Moderate
SUB4954780,1651.38,1.613,1179.64,279.51,6.12,4.89,Light
SUB3945759,5976.33,5.836,3747.55,1545.07,58.46,52.17,Heavy
SUB9683376,1345.73,1.314,1089.4,249.51,6.56,4.34,Light
SUB4352921,2739.54,2.675,2465.53,80.94,9.6,3.73,Moderate
SUB1061264,726.73,0.71,520.55,88.01,0.94,7.44,Light
SUB6094502,1230.34,1.202,991.08,130.14,2.0,18.02,Light
SUB3459507,11501.16,11.232,9609.43,1570.88,4.54,21.8,Power_User
SUB4452097,9042.69,8.831,6484.53,2080.44,13.54,49.66,Heavy
SUB8292306,4672.65,4.563,4563.19,217.52,2.89,46.06,Moderate
SUB2218284,2437.77,2.381,2185.89,162.06,3.95,97.02,Moderate
SUB8088727,229.08,0.224,189.34,8.85,2.26,9.96,Very_Light
SUB4080202,369.3,0.361,266.47,90.26,1.1,20.48,Very_Light
SUB7002874,551.42,0.538,377.16,93.96,1.13,4.21,Light
SUB8518933,292.4,0.286,75.92,29.14,14.07,61.39,Very_Light
SUB6383182,5768.33,5.633,5511.52,151.26,5.04,52.09,Heavy
SUB5688827,1448.62,1.415,1313.09,124.25,3.26,1.31,Light
SUB7517320,1761.35,1.72,795.63,779.44,2.11,7.85,Light
SUB6792819,3584.14,3.5,2507.79,260.78,8.74,553.75,Moderate
SUB8642139,2710.96,2.647,2555.5,251.09,0.89,12.38,Moderate
SUB1865630,1421.86,1.389,1132.27,228.79,3.4,146.24,Light
SUB6387691,1228.36,1.2,726.4,286.23,1.24,152.63,Light
SUB5325001,9851.56,9.621,9061.01,337.71,19.12,119.4,Heavy
SUB3972881,1422.68,1.389,942.27,332.3,11.08,12.94,Light
SUB9101294,2107.49,2.058,88.23,1611.59,3.66,191.46,Moderate
SUB9557286,7636.43,7.457,5403.86,1522.2,1.83,13.8,Heavy
SUB6811303,332.27,0.324,67.24,202.23,21.98,1.39,Very_Light
SUB6279947,2865.54,2.798,1015.84,1304.98,5.01,144.87,Moderate
SUB9559531,301.07,0.294,115.4,121.26,0.08,45.56,Very_Light
SUB1300406,1537.2,1.501,1288.32,200.3,0.57,17.79,Light
SUB1517961,1610.89,1.573,661.37,934.25,3.79,94.18,Light
SUB2035598,975.72,0.953,552.18,218.64,11.87,60.04,Light
SUB3511902,1530.83,1.495,514.52,839.74,8.28,7.81,Light
SUB8169158,76.72,0.075,36.54,13.11,0.0,1.77,Very_Light
SUB4640377,396.26,0.387,249.95,90.16,2.8,2.61,Very_Light
SUB1163944,375.81,0.367,66.63,288.85,1.51,2.6,Very_Light
SUB4022345,2326.27,2.272,1979.62,260.81,13.15,1.47,Moderate
SUB3969852,392.87,0.384,279.21,94.28,3.05,21.85,Very_Light
SUB8950630,546.5,0.534,402.96,82.34,4.11,49.38,Light
SUB6724827,5752.95,5.618,5726.76,42.22,7.63,28.35,Heavy
SUB7800541,7632.17,7.453,6731.2,294.91,4.81,46.12,Heavy
SUB5756004,1043.81,1.019,763.63,168.92,1.31,1.26,Light
SUB2358454,4000.43,3.907,2424.62,1071.4,18.15,118.4,Moderate
SUB8689969,331.25,0.323,97.13,186.92,12.95,2.52,Very_Light
SUB4871018,1784.9,1.743,977.85,946.82,2.83,4.46,Light
SUB7412083,4644.98,4.536,3586.12,917.67,9.69,5.64,Moderate
SUB8875639,503.52,0.492,141.88,87.6,1.11,176.96,Very_Light
SUB6010281,822.73,0.803,416.3,225.92,4.38,114.55,Light
SUB8698812,1341.11,1.31,871.4,343.0,0.1,1.12,Light
SUB7807643,2893.23,2.825,1436.51,1210.75,11.8,8.99,Moderate
SUB6210558,321.99,0.314,265.23,6.72,0.13,1.98,Very_Light
SUB6959996,539.35,0.527,432.34,75.58,5.87,6.02,Light
SUB3389911,1302.13,1.272,707.98,410.06,5.85,26.44,Light
SUB9140210,1821.06,1.778,1582.38,152.11,2.26,134.32,Light
SUB2726681,773.88,0.756,508.66,225.57,1.27,7.94,Light
SUB7554845,1061.66,1.037,896.33,49.82,0.79,13.51,Light
SUB1117408,693.17,0.677,459.11,83.84,1.03,86.29,Light
SUB1636431,1751.29,1.71,1362.68,41.17,12.85,279.01,Light
SUB4435504,6917.82,6.756,5550.01,747.81,0.86,50.37,Heavy
SUB2236541,1446.81,1.413,695.69,585.18,8.55,27.4,Light
SUB3036721,716.85,0.7,587.54,100.28,1.56,6.39,Light
SUB7087494,963.29,0.941,902.62,66.62,0.94,8.22,Light
SUB7163185,1996.18,1.949,936.98,584.16,15.77,300.05,Light
SUB9706406,2202.18,2.151,2059.52,56.09,0.51,133.17,Moderate
SUB9879391,861.32,0.841,350.24,399.44,0.9,107.7,Light
SUB6036117,416.56,0.407,103.2,171.06,2.75,70.69,Very_Light
SUB2107177,1514.12,1.479,1035.13,251.07,3.85,21.26,Light
SUB6408520,679.0,0.663,439.34,111.3,2.68,10.6,Light
SUB5659014,2469.17,2.411,1692.48,735.36,9.84,14.1,Moderate
SUB9070024,8929.92,8.721,7859.99,414.31,1.53,250.71,Heavy
SUB6512460,2452.92,2.395,2046.19,122.29,17.32,17.15,Moderate
SUB4494585,625.12,0.61,381.55,226.3,2.89,34.98,Light
SUB2992834,204.51,0.2,105.53,30.15,0.71,2.85,Very_Light
SUB6306175,1809.23,1.767,287.72,1180.92,1.93,147.9,Light
SUB6648734,1239.4,1.21,81.35,1086.61,18.79,10.59,Light
SUB6194914,780.7,0.762,519.36,244.71,2.28,7.88,Light
SUB5716302,1332.01,1.301,558.29,568.25,11.9,3.13,Light
SUB3473055,403.5,0.394,196.88,128.0,0.62,14.76,Very_Light
SUB2327877,34483.69,33.675,29766.48,2275.68,1.05,11.2,Power_User
SUB8516669,1077.93,1.053,714.95,254.2,5.95,129.18,Light
SUB8016812,5725.12,5.591,3520.68,1491.02,11.88,275.75,Heavy
SUB3687328,724.1,0.707,279.86,347.66,0.72,8.8,Light
SUB7478623,1878.55,1.835,1646.95,229.13,13.1,5.52,Light
SUB2899955,1320.88,1.29,1082.82,105.55,0.27,50.97,Light
SUB5198811,1776.17,1.735,301.77,1329.77,1.22,95.94,Light
SUB7132446,11025.1,10.767,9853.22,1322.57,4.71,53.16,Power_User
SUB1672225,6889.67,6.728,5430.09,1128.46,21.36,290.74,Heavy
SUB4510463,4106.76,4.011,3498.99,148.64,18.09,5.25,Moderate
SUB4070610,3102.24,3.03,2056.14,716.79,15.37,203.17,Moderate
SUB9786301,13201.36,12.892,13337.16,966.74,56.27,91.72,Power_User
SUB4732238,3747.72,3.66,2438.84,928.56,26.59,108.14,Moderate
SUB2972613,2735.47,2.671,2537.17,160.29,2.93,52.53,Moderate
SUB9306931,490.14,0.479,379.32,51.28,1.92,22.49,Very_Light
SUB4335705,12062.42,11.78,10695.83,121.86,4.33,89.98,Power_User
SUB6412049,1510.73,1.475,1287.63,28.39,17.45,73.37,Light
SUB2344091,3598.02,3.514,3528.61,221.4,1.81,9.11,Moderate
SUB1404470,307.42,0.3,51.06,165.99,1.9,33.71,Very_Light
SUB5329394,8372.0,8.176,6731.84,990.44,1.55,254.89,Heavy
SUB1791624,296.3,0.289,192.47,79.13,3.19,1.65,Very_Light
SUB8079903,1043.67,1.019,778.24,249.87,5.76,21.08,Light
SUB6088890,1301.65,1.271,815.87,503.33,3.65,0.0,Light
SUB2601207,395.32,0.386,265.16,39.88,9.42,26.06,Very_Light
SUB6248709,1194.97,1.167,949.54,258.32,0.72,8.44,Light
SUB3995035,1016.1,0.992,551.19,386.57,0.17,12.7,Light
SUB7203690,235.51,0.23,136.25,31.33,3.92,1.55,Very_Light
SUB1484427,8405.44,8.208,7448.0,1469.1,22.2,61.11,Heavy
SUB4958905,429.71,0.42,334.74,31.6,1.94,1.77,Very_Light
SUB5083372,3289.37,3.212,2688.19,524.32,2.78,125.17,Moderate
SUB2109229,682.73,0.667,471.97,215.83,3.08,12.38,Light
SUB4893623,4802.63,4.69,3596.55,977.65,10.19,52.38,Moderate
SUB7191081,3214.2,3.139,2385.28,344.24,8.02,227.07,Moderate
SUB3089884,1205.13,1.177,710.64,312.43,46.44,35.47,Light
SUB5204099,4283.56,4.183,3008.35,1482.03,5.6,113.2,Moderate
SUB9309740,1856.56,1.813,1264.41,197.63,15.25,270.49,Light
SUB8273820,784.54,0.766,485.29,168.04,15.16,31.74,Light
SUB5821699,6182.91,6.038,4288.03,1221.84,7.45,68.9,Heavy
SUB7605129,1229.15,1.2,829.25,170.59,5.63,129.93,Light
SUB7172056,3904.59,3.813,1884.43,733.85,1.24,904.33,Moderate
SUB2496030,431.19,0.421,278.52,64.0,0.35,63.29,Very_Light
SUB1011009,2311.35,2.257,1887.12,222.4,0.78,34.29,Moderate
SUB5372472,1963.13,1.917,1726.32,303.71,0.26,7.29,Light
SUB2723480,3991.1,3.898,3214.38,756.74,0.73,11.46,Moderate
SUB9313264,32084.19,31.332,27507.15,1828.27,41.58,59.6,Power_User
SUB4699397,2366.6,2.311,1819.23,250.12,21.66,276.64,Moderate
SUB2991367,1315.12,1.284,875.87,295.35,4.75,23.24,Light
SUB6569634,173.67,0.17,25.52,65.79,0.1,41.98,Very_Light
SUB9718936,7015.52,6.851,6042.66,779.75,1.21,20.93,Heavy
SUB5409013,7185.27,7.017,6292.24,398.52,3.23,305.42,Heavy
SUB3708668,1030.33,1.006,389.16,371.82,0.13,249.23,Light
SUB6053679,1860.04,1.816,1192.66,322.54,1.01,200.49,Light
SUB2000294,8432.76,8.235,6946.47,966.88,14.89,102.46,Heavy
SUB6658307,5770.3,5.635,5261.87,1047.2,9.57,5.51,Heavy
SUB9174244,8887.3,8.679,7474.25,1647.59,4.94,52.12,Heavy
SUB3285362,465.98,0.455,177.8,148.17,2.83,38.01,Very_Light
SUB3842894,526.79,0.514,96.9,238.12,2.01,60.28,Light
SUB9565873,18108.28,17.684,17689.85,607.06,12.68,20.77,Power_User
SUB8860791,1660.76,1.622,1120.4,503.32,15.91,39.66,Light
SUB4036773,16677.64,16.287,15417.81,372.56,9.14,51.22,Power_User
SUB5384432,124.32,0.121,11.31,81.0,0.41,0.0,Very_Light
SUB2690792,1217.93,1.189,595.13,483.47,2.83,119.64,Light
SUB2631570,1270.05,1.24,623.99,636.34,2.1,9.73,Light
SUB5773598,480.13,0.469,35.29,198.21,5.04,118.82,Very_Light
SUB2660102,2463.94,2.406,857.72,1366.68,45.53,66.64,Moderate
SUB2511710,748.37,0.731,155.32,512.88,12.41,17.98,Light
SUB8276281,4852.16,4.738,4497.29,138.67,0.39,38.39,Moderate
SUB1816609,2132.92,2.083,2070.48,58.48,3.18,5.05,Moderate
SUB5584470,238.3,0.233,202.37,33.9,0.38,4.24,Very_Light
SUB7807087,3013.14,2.943,2643.99,363.3,6.82,37.57,Moderate
SUB5062316,5310.84,5.186,4423.02,423.34,6.49,64.11,Heavy
SUB6587239,841.16,0.821,522.71,316.78,3.62,14.46,Light
SUB2655464,3604.88,3.52,2892.14,291.85,8.36,33.38,Moderate
SUB9377114,5372.73,5.247,4770.04,255.85,3.68,418.6,Heavy
SUB9356164,2000.28,1.953,1607.0,200.96,3.42,23.39,Light
SUB1878835,374.19,0.365,212.71,118.48,2.37,5.65,Very_Light
SUB8556142,1363.98,1.332,803.64,412.82,6.42,4.41,Light
SUB4277560,1651.22,1.613,1276.63,178.12,2.64,26.64,Light
SUB4169870,169.3,0.165,105.49,27.33,6.1,7.85,Very_Light
SUB6088268,628.63,0.614,381.82,119.54,4.37,61.93,Light
SUB8279995,3122.97,3.05,2298.15,848.52,12.89,32.45,Moderate
SUB7422892,113.86,0.111,61.86,25.71,0.12,10.77,Very_Light
SUB3379093,1528.18,1.492,351.83,1137.78,0.08,108.45,Light
SUB6480283,3425.61,3.345,2532.13,912.83,9.87,12.66,Moderate
SUB3760451,3082.39,3.01,2472.7,455.38,40.8,108.87,Moderate
SUB7369553,3423.16,3.343,3077.75,123.97,0.17,10.3,Moderate
SUB7432975,1188.3,1.16,90.58,901.89,0.52,149.34,Light
SUB5241244,155.55,0.152,31.94,4.36,2.54,28.73,Very_Light
SUB4904840,1341.28,1.31,1240.94,28.27,0.8,11.21,Light
SUB4820730,839.55,0.82,576.8,214.84,1.34,26.36,Light
SUB3848411,126.12,0.123,41.79,39.45,0.56,2.52,Very_Light
SUB4344443,932.22,0.91,495.9,383.7,6.31,0.0,Light
SUB3444149,476.1,0.465,286.04,98.08,0.74,24.82,Very_Light
SUB7930358,208.01,0.203,112.3,39.66,0.76,0.74,Very_Light
SUB3214669,3045.28,2.974,2092.4,737.6,1.31,140.69,Moderate
SUB8496121,6506.52,6.354,6584.35,472.38,4.25,1.5,Heavy
SUB2954702,3968.61,3.876,3105.95,151.15,2.84,266.66,Moderate
SUB3933361,16443.45,16.058,14222.35,931.62,9.8,4.87,Power_User
SUB1421655,7432.74,7.259,5951.55,779.27,12.13,108.32,Heavy
SUB6323940,1316.19,1.285,1245.02,117.79,1.43,14.74,Light
SUB1799717,688.83,0.673,601.58,31.15,7.19,15.09,Light
SUB6647069,9080.77,8.868,8186.29,194.89,4.32,95.91,Heavy
SUB3482266,2491.73,2.433,2229.91,268.46,9.76,119.45,Moderate
SUB1921806,579.71,0.566,229.99,205.87,1.53,52.34,Light
SUB5965440,446.42,0.436,282.72,74.69,0.11,61.12,Very_Light
SUB8873692,9492.52,9.27,8031.81,654.48,2.92,130.11,Heavy
SUB2193728,914.41,0.893,564.67,247.82,1.28,15.32,Light
SUB6061354,3168.95,3.095,2795.98,261.18,12.69,13.8,Moderate
SUB7911957,2383.36,2.328,2203.25,135.3,2.78,2.33,Moderate
SUB2504329,1762.89,1.722,1291.79,294.81,4.76,202.61,Light
SUB2777850,94.44,0.092,71.87,15.07,0.14,4.57,Very_Light
SUB7686269,532.65,0.52,425.88,46.03,1.37,60.1,Light
SUB1535888,176.9,0.173,72.87,44.9,5.94,1.3,Very_Light
SUB8157303,875.61,0.855,774.11,60.71,8.32,15.22,Light
SUB4918446,12145.74,11.861,12169.31,761.0,1.05,6.59,Power_User
SUB7971631,218.86,0.214,186.08,26.08,2.3,3.52,Very_Light
SUB3202888,362.75,0.354,262.4,61.38,16.1,0.53,Very_Light
SUB7703562,2205.98,2.154,1663.61,339.03,1.14,34.81,Moderate
SUB3552192,6885.0,6.724,5620.0,346.87,9.28,173.0,Heavy
SUB9524405,1233.56,1.205,697.6,313.01,1.29,88.79,Light
SUB2724620,92.63,0.09,61.64,11.07,1.48,1.08,Very_Light
SUB6169719,4554.11,4.447,4295.82,191.27,0.32,56.57,Moderate
SUB5830165,1002.75,0.979,508.75,378.71,5.24,15.62,Light
SUB7566692,1939.42,1.894,1329.36,482.44,7.18,15.84,Light
SUB1358062,1850.76,1.807,490.11,1035.46,2.99,90.07,Light
SUB8248730,710.7,0.694,149.66,413.12,1.93,42.6,Light
SUB3077645,2216.05,2.164,1537.91,566.76,19.81,4.04,Moderate
SUB2401471,8542.64,8.342,8001.57,850.07,1.28,13.02,Heavy
SUB5779897,18138.32,17.713,15263.83,2297.79,4.19,359.44,Power_User
SUB2716548,999.02,0.976,243.89,187.26,7.51,530.03,Light
SUB5952505,2620.16,2.559,2332.28,75.38,0.83,103.74,Moderate
SUB5100321,5167.03,5.046,3042.51,1926.99,17.66,148.09,Heavy
SUB3097711,7536.73,7.36,7125.64,155.3,15.42,2.25,Heavy
SUB7095561,1952.81,1.907,1222.41,497.99,22.79,14.5,Light
SUB1037361,3228.97,3.153,2674.1,425.0,0.18,60.12,Moderate
SUB3898845,18377.61,17.947,18138.4,105.42,3.56,179.81,Power_User
SUB9146836,739.38,0.722,654.55,58.73,2.57,29.42,Light
SUB4463227,5957.94,5.818,6157.66,149.1,2.7,18.94,Heavy
SUB9093068,8560.53,8.36,7826.76,567.35,9.9,1.19,Heavy
SUB3457856,1586.23,1.549,1490.85,74.02,2.13,29.95,Light
SUB2761856,512.51,0.5,295.53,159.45,0.32,34.03,Very_Light
SUB3341102,3427.05,3.347,2624.55,686.19,19.71,15.19,Moderate
SUB1000037,420.29,0.41,206.98,169.01,0.5,16.35,Very_Light
SUB7251936,1431.11,1.398,805.71,375.74,1.78,61.71,Light
SUB1653668,6450.73,6.3,5306.62,870.08,9.16,93.79,Heavy
SUB4404158,2707.54,2.644,2144.48,438.73,11.59,53.22,Moderate
SUB3656040,1092.42,1.067,825.98,146.63,3.33,136.26,Light
SUB1703645,8167.49,7.976,7427.45,1315.54,0.05,78.67,Heavy
SUB5911672,11794.58,11.518,10996.68,815.29,11.88,89.79,Power_User
SUB9215984,1026.62,1.003,201.09,527.65,22.2,152.44,Light
SUB9131631,2518.95,2.46,2373.18,109.65,23.48,8.17,Moderate
SUB3621872,3240.51,3.165,1537.62,821.88,36.82,539.45,Moderate
SUB1593975,560.26,0.547,158.87,227.35,1.87,102.94,Light
SUB6052683,244.99,0.239,34.9,157.9,1.18,7.27,Very_Light
SUB4983063,766.7,0.749,517.84,107.87,4.43,29.09,Light
SUB3282373,4669.84,4.56,3592.63,598.28,1.7,18.07,Moderate
SUB3840152,2338.98,2.284,1197.58,1007.82,1.26,110.38,Moderate
SUB8527872,1963.06,1.917,1626.15,334.75,16.72,16.04,Light
SUB3550552,47.52,0.046,11.54,12.94,1.6,0.0,Very_Light
SUB3392735,959.08,0.937,611.41,252.88,0.51,20.38,Light
SUB8504361,681.2,0.665,443.92,191.82,0.5,3.49,Light
SUB8314153,2474.86,2.417,1038.24,1448.44,50.17,28.85,Moderate
SUB6418626,1325.12,1.294,697.71,468.61,13.2,1.83,Light
SUB4622546,1537.92,1.502,1041.79,572.11,0.39,4.08,Light
SUB6996522,827.08,0.808,542.05,216.58,0.05,4.09,Light
SUB4606940,1263.08,1.233,719.95,236.91,1.36,80.03,Light
SUB6935537,3057.42,2.986,2061.83,1037.58,27.29,142.15,Moderate
SUB4600200,899.7,0.879,494.82,222.26,3.04,34.92,Light
SUB1559031,381.75,0.373,65.01,269.13,1.04,13.62,Very_Light
SUB7491280,250.14,0.244,104.46,74.29,4.65,7.37,Very_Light
SUB3701243,229.38,0.224,85.63,58.0,0.0,35.64,Very_Light
SUB6444003,2099.96,2.051,2001.11,97.63,4.88,6.64,Moderate
SUB5435728,1431.49,1.398,960.23,350.16,3.74,40.84,Light
SUB9594992,987.96,0.965,822.34,132.76,0.77,23.67,Light
SUB7542155,8863.79,8.656,6944.15,1244.74,4.95,163.96,Heavy
SUB8165371,7548.76,7.372,4938.8,1493.06,20.41,983.25,Heavy
SUB5135554,883.94,0.863,613.97,152.22,0.5,6.5,Light
SUB3988088,4305.83,4.205,3408.7,491.38,2.33,3.73,Moderate
SUB1979907,6390.14,6.24,6458.83,167.9,2.98,20.77,Heavy
SUB1213968,303.06,0.296,242.39,29.02,0.66,10.6,Very_Light
SUB9683565,1025.52,1.001,738.92,149.83,21.37,3.6,Light
SUB2901737,2774.18,2.709,1451.29,1174.34,7.64,137.79,Moderate
SUB5985248,370.63,0.362,176.93,78.24,4.75,12.84,Very_Light
SUB7409363,15668.94,15.302,15394.33,958.76,0.21,39.32,Power_User
SUB3302743,427.73,0.418,148.77,79.35,6.24,198.96,Very_Light
SUB5588156,1889.33,1.845,1544.27,226.68,2.64,39.69,Light
SUB1985461,10315.21,10.073,8214.87,1035.05,35.45,143.17,Power_User
SUB6831759,3427.43,3.347,1377.18,1850.21,1.35,14.37,Moderate
SUB6710912,778.35,0.76,242.85,374.34,17.05,3.73,Light
SUB2806423,2925.68,2.857,2829.46,147.38,7.35,13.67,Moderate
SUB2950408,2158.52,2.108,941.01,950.81,10.36,31.93,Moderate
SUB4594128,1280.6,1.251,124.81,1070.04,27.29,6.59,Light
SUB9106584,19575.79,19.117,18774.36,118.35,0.0,15.99,Power_User
SUB2406427,7870.75,7.686,6962.67,1075.34,19.7,93.37,Heavy
SUB4489550,1030.23,1.006,881.34,86.65,1.0,5.37,Light
SUB7889053,1050.58,1.026,727.18,203.63,20.34,124.91,Light
SUB4895090,4457.99,4.354,2283.87,1839.08,2.08,0.0,Moderate
SUB3765013,970.62,0.948,480.16,169.68,1.29,227.55,Light
SUB7162492,826.97,0.808,760.4,93.48,3.94,4.78,Light
SUB9424990,3647.1,3.562,1817.98,1511.51,2.88,57.89,Moderate
SUB8038170,4198.02,4.1,3556.77,202.5,11.55,57.11,Moderate
SUB1862219,260.53,0.254,164.69,46.47,1.42,20.66,Very_Light
SUB9334750,2597.24,2.536,1075.68,1362.37,8.89,139.38,Moderate
SUB2718303,569.35,0.556,180.37,272.93,8.45,31.36,Light
SUB4801082,269.36,0.263,87.88,149.85,1.07,12.96,Very_Light
SUB4346668,450.87,0.44,218.56,150.6,0.93,35.4,Very_Light
SUB7696674,10407.06,10.163,8538.83,725.75,4.07,422.02,Power_User
SUB4205677,3638.17,3.553,3373.78,62.9,0.1,240.32,Moderate
SUB3506068,366.83,0.358,154.19,63.96,9.55,76.32,Very_Light
SUB1483075,1132.02,1.105,735.51,245.16,2.55,0.82,Light
SUB9126198,2822.13,2.756,2025.77,830.41,3.41,28.32,Moderate
SUB9715978,1454.15,1.42,1148.6,149.82,1.72,5.07,Light
SUB6451731,970.89,0.948,480.44,432.96,0.87,28.96,Light
SUB8499043,752.33,0.735,472.58,127.62,65.48,9.78,Light
SUB7746037,1605.76,1.568,1477.05,18.43,0.24,4.86,Light
SUB5473214,1626.72,1.589,1061.42,443.3,10.85,6.9,Light
SUB4682796,580.93,0.567,216.42,221.96,2.11,19.84,Light
SUB8851746,507.32,0.495,397.51,17.89,4.66,32.79,Very_Light
SUB8841640,346.45,0.338,32.3,192.82,9.0,1.43,Very_Light
SUB9740245,2129.0,2.079,1689.11,179.11,4.93,11.66,Moderate
SUB9566554,3328.11,3.25,2320.08,532.14,1.97,260.02,Moderate
SUB6137956,16720.0,16.328,16465.07,271.01,0.16,3.24,Power_User
SUB6274413,3759.28,3.671,3406.96,94.32,4.9,56.01,Moderate
SUB8724578,373.35,0.365,291.55,14.09,2.27,41.31,Very_Light
SUB1864899,3121.58,3.048,2624.76,339.74,3.77,139.86,Moderate
SUB9652111,4979.03,4.862,3894.76,565.72,14.17,1.21,Moderate
SUB7410575,7336.29,7.164,5848.68,1766.94,5.09,35.92,Heavy
SUB3318292,5645.45,5.513,4288.49,926.31,9.1,20.49,Heavy
SUB3026393,1980.26,1.934,1782.49,263.29,8.44,27.58,Light
SUB8622520,1493.85,1.459,868.91,405.35,2.53,16.72,Light
SUB3379897,142.38,0.139,27.83,42.33,13.84,17.01,Very_Light
SUB2294416,366.36,0.358,55.63,182.41,2.5,23.06,Very_Light
SUB2985196,8360.38,8.164,7996.59,204.79,36.62,68.19,Heavy
SUB9052377,4788.16,4.676,4428.68,375.87,0.0,17.19,Moderate
SUB8703189,879.4,0.859,669.32,34.62,0.37,88.17,Light
SUB2560121,633.04,0.618,507.06,81.49,1.3,5.85,Light
SUB6878263,4727.26,4.616,3430.72,436.42,69.8,340.52,Moderate
SUB1443035,606.82,0.593,286.03,266.84,10.02,3.84,Light
SUB4099072,243.79,0.238,201.07,30.82,0.95,15.82,Very_Light
SUB7650723,2957.22,2.888,1739.77,647.47,8.52,301.1,Moderate
SUB9349092,723.22,0.706,127.58,243.61,18.68,271.58,Light
SUB6200551,5097.67,4.978,4489.84,389.0,0.6,44.4,Moderate
SUB8747156,1966.17,1.92,1321.8,658.73,4.53,23.33,Light
SUB5552636,3570.66,3.487,2490.02,933.95,23.41,23.94,Moderate
SUB1751240,2613.04,2.552,1694.52,393.65,0.55,165.16,Moderate
SUB5315596,8100.83,7.911,6814.62,561.72,4.37,108.76,Heavy
SUB7775996,268.33,0.262,250.25,6.59,1.95,4.92,Very_Light
SUB1995791,13091.09,12.784,13359.3,733.36,7.15,282.98,Power_User
SUB2960299,514.52,0.502,273.93,173.39,0.92,2.59,Light
SUB6079111,9560.1,9.336,9372.39,537.46,31.46,2.84,Heavy
SUB8902634,482.65,0.471,334.01,26.44,1.31,51.74,Very_Light
SUB3853501,609.11,0.595,402.14,151.59,0.15,5.96,Light
SUB7282444,16883.02,16.487,17266.57,609.37,3.21,3.72,Power_User
SUB6613904,4363.26,4.261,3642.02,475.72,4.73,309.39,Moderate
SUB3459622,1845.38,1.802,1525.22,329.77,3.2,96.15,Light
SUB2897459,1357.91,1.326,670.85,429.91,16.47,76.94,Light
SUB5240012,161.97,0.158,40.95,37.85,0.5,26.27,Very_Light
SUB2215442,5216.09,5.094,5117.79,486.0,0.74,82.02,Heavy
SUB6564396,381.05,0.372,334.39,34.71,0.14,17.76,Very_Light
SUB8903797,6014.75,5.874,5430.64,185.38,10.15,0.0,Heavy
SUB3580309,1062.07,1.037,646.11,318.05,2.31,15.44,Light
SUB7425148,911.64,0.89,546.61,236.77,0.07,87.26,Light
SUB8049985,647.32,0.632,203.13,326.98,5.3,0.67,Light
SUB8506161,10593.3,10.345,9935.22,246.17,2.12,93.69,Power_User
SUB6151946,8283.24,8.089,6430.33,1422.47,7.32,79.29,Heavy
SUB8026206,4470.46,4.366,4030.59,351.43,0.9,36.29,Moderate
SUB5247328,8318.43,8.123,7192.64,1628.67,1.0,47.55,Heavy
SUB2451469,2178.56,2.128,2007.72,222.15,2.65,21.05,Moderate
SUB4300874,679.58,0.664,540.26,99.52,3.26,7.07,Light
SUB5736416,2279.68,2.226,1324.79,588.4,6.22,131.41,Moderate
SUB5063997,4864.77,4.751,3257.8,1126.39,28.0,141.6,Moderate
SUB9302975,2442.85,2.386,2100.83,90.0,6.6,1.0,Moderate
SUB7126463,389.33,0.38,312.28,95.49,1.15,5.84,Very_Light
SUB9437534,9804.68,9.575,9458.9,166.0,2.85,31.53,Heavy
SUB6410812,1232.69,1.204,897.84,296.9,0.97,0.0,Light
SUB8152765,542.58,0.53,339.35,143.89,3.34,2.87,Light
SUB7107182,227.3,0.222,98.5,91.16,2.37,2.14,Very_Light
SUB7012621,734.38,0.717,428.63,100.95,0.24,100.86,Light
SUB4751387,1010.4,0.987,369.16,677.19,2.16,1.0,Light
SUB3779060,5261.13,5.138,4551.91,967.05,2.02,30.94,Heavy
SUB1483791,5292.72,5.169,4860.69,125.47,5.92,114.59,Heavy
SUB3158714,4084.73,3.989,2027.11,1759.31,31.04,68.19,Moderate
SUB3622280,10023.47,9.789,9572.57,453.11,3.59,129.59,Heavy
SUB5225872,1974.84,1.929,1545.69,432.71,2.06,31.62,Light
SUB9998934,908.94,0.888,825.33,24.68,5.3,19.87,Light
SUB2245749,1509.74,1.474,940.55,373.73,3.18,14.95,Light
SUB3226941,112.14,0.11,19.63,65.91,1.54,20.7,Very_Light
SUB2418180,3961.07,3.868,3051.98,586.17,10.24,53.0,Moderate
SUB9463331,4070.03,3.975,3738.98,423.49,5.51,22.44,Moderate
SUB7233146,362.3,0.354,244.84,77.44,6.85,4.58,Very_Light
SUB8054499,384.55,0.376,106.52,251.16,0.08,2.04,Very_Light
SUB9237881,1201.12,1.173,1247.08,24.05,0.47,8.52,Light
SUB4018967,332.12,0.324,263.97,42.92,3.8,0.0,Very_Light
SUB4726904,1644.13,1.606,1283.08,66.72,2.71,161.66,Light
SUB1792515,7946.87,7.761,6758.14,336.43,11.27,0.0,Heavy
SUB6910838,7055.59,6.89,6898.87,31.73,8.86,43.78,Heavy
SUB2393196,1586.81,1.55,1361.27,92.82,0.76,115.17,Light
SUB2035211,4975.49,4.859,3948.23,915.85,3.44,214.56,Moderate
SUB3189568,3314.98,3.237,3288.04,107.87,3.23,17.43,Moderate
SUB4934740,6770.61,6.612,5700.91,1357.13,15.68,47.85,Heavy
SUB1647122,1455.5,1.421,342.87,247.96,5.78,657.52,Light
SUB4782164,11768.19,11.492,10817.25,320.13,3.2,0.0,Power_User
SUB2761331,904.48,0.883,483.62,273.75,4.49,32.29,Light
SUB2877329,837.58,0.818,242.06,551.26,1.39,40.46,Light
SUB3892970,2589.02,2.528,2145.06,436.15,2.55,89.42,Moderate
SUB1315315,915.32,0.894,623.14,130.92,8.61,151.93,Light
SUB9539202,23652.62,23.098,20921.7,1967.0,41.03,707.77,Power_User
SUB7776432,1084.51,1.059,720.38,216.55,0.07,8.49,Light
SUB4959015,456.37,0.446,214.36,133.82,5.77,57.46,Very_Light
SUB3214979,517.77,0.506,322.18,138.3,2.22,14.68,Light
SUB4405851,2287.66,2.234,1799.51,338.5,0.43,17.93,Moderate
SUB8354292,1612.81,1.575,221.09,1001.78,18.19,337.38,Light
SUB1196211,2866.0,2.799,2162.58,609.78,4.79,9.66,Moderate
SUB2836082,1401.64,1.369,965.91,314.05,6.39,18.62,Light
SUB3237699,2799.3,2.734,2652.6,52.22,5.74,97.57,Moderate
SUB5458434,2656.08,2.594,1955.72,352.57,3.04,6.96,Moderate
SUB2813065,2455.03,2.397,1747.12,369.35,31.46,37.35,Moderate
SUB5957161,4855.2,4.741,4081.37,746.62,5.95,56.36,Moderate
SUB8395511,246.78,0.241,160.94,27.22,0.5,14.78,Very_Light
SUB5587281,1932.5,1.887,1461.96,249.11,1.11,44.14,Light
SUB6507200,2520.89,2.462,1843.77,788.24,0.0,13.95,Moderate
SUB9765940,681.97,0.666,360.88,272.74,0.33,8.28,Light
SUB9472761,1461.82,1.428,1234.94,172.18,1.8,77.68,Light
SUB5978234,680.08,0.664,571.42,95.52,6.03,28.19,Light
SUB4972162,3649.71,3.564,2913.43,669.03,0.97,49.84,Moderate
SUB7166994,634.69,0.62,497.07,96.97,1.69,3.39,Light
SUB5172060,4332.92,4.231,3734.8,114.59,8.52,40.93,Moderate
SUB7603352,306.74,0.3,124.88,91.17,0.35,1.84,Very_Light
SUB1078947,6699.52,6.542,5031.3,996.34,0.83,156.72,Heavy
SUB8152604,601.63,0.588,460.91,48.85,2.56,5.23,Light
SUB9136537,2036.13,1.988,284.48,1308.69,33.27,275.71,Light
SUB4969411,1650.17,1.611,1320.66,81.39,7.65,32.67,Light
SUB7387952,3320.71,3.243,2630.66,540.4,4.37,10.79,Moderate
SUB6969677,3629.06,3.544,2316.65,1540.87,9.47,25.62,Moderate
SUB1968410,1851.55,1.808,1764.37,71.11,0.25,22.02,Light
SUB4936642,880.97,0.86,491.2,305.83,15.41,24.73,Light
SUB2040835,651.05,0.636,376.67,166.22,3.73,2.95,Light
SUB7626532,1159.48,1.132,1027.12,93.19,1.61,61.26,Light
SUB6386452,1721.11,1.681,1350.22,138.73,0.54,7.8,Light
SUB9531225,335.62,0.328,299.89,8.38,0.46,13.38,Very_Light
SUB7952057,9201.4,8.986,7823.03,425.28,2.95,106.8,Heavy
SUB6134629,1216.71,1.188,820.76,213.48,1.32,6.18,Light
SUB5926730,2430.26,2.373,2229.59,176.22,0.0,7.38,Moderate
SUB2030120,4448.49,4.344,4159.68,429.11,23.72,61.42,Moderate
SUB2034780,800.73,0.782,727.5,33.83,3.63,30.67,Light
SUB8128822,7979.99,7.793,8012.42,347.95,2.76,158.59,Heavy
SUB1749045,1502.67,1.467,964.09,300.11,1.85,44.01,Light
SUB1872109,6292.98,6.145,4115.69,1802.09,0.18,268.9,Heavy
SUB8736085,1447.62,1.414,1052.09,187.34,1.0,112.83,Light
SUB1387405,1222.14,1.193,581.68,352.84,4.76,58.12,Light
SUB7805360,1131.22,1.105,482.92,462.42,8.84,216.03,Light
SUB5561786,3686.22,3.6,2382.67,947.78,10.72,33.49,Moderate
SUB5758669,588.0,0.574,475.6,71.99,7.12,11.24,Light
SUB4101004,7721.37,7.54,7146.3,63.67,4.74,7.88,Heavy
SUB6534693,329.72,0.322,110.28,132.56,1.23,31.02,Very_Light
SUB3932208,297.06,0.29,77.41,105.97,2.44,37.72,Very_Light
SUB5187442,470.77,0.46,279.81,126.4,3.1,0.0,Very_Light
SUB4812197,2185.37,2.134,1940.03,47.94,18.22,171.46,Moderate
SUB7433564,1427.69,1.394,1119.12,317.34,57.77,3.03,Light
SUB1956740,16173.1,15.794,14904.42,469.48,9.04,4.63,Power_User
SUB3210846,2235.35,2.183,1137.5,886.34,34.64,5.94,Moderate
SUB5428760,4621.56,4.513,4263.28,287.24,10.92,12.91,Moderate
SUB3309231,3922.99,3.831,2622.11,1146.41,0.0,1.4,Moderate
SUB5610764,2806.18,2.74,2063.25,488.29,1.68,98.69,Moderate
SUB5495433,292.78,0.286,50.1,29.07,7.19,171.83,Very_Light
SUB6215784,3351.94,3.273,2590.55,792.13,3.17,167.86,Moderate
SUB2967582,9066.52,8.854,7613.98,861.21,16.02,237.1,Heavy
SUB1840268,22665.75,22.135,21687.83,781.46,1.17,338.92,Power_User
SUB7129026,4648.77,4.54,4350.16,346.46,12.12,6.45,Moderate
SUB6770938,997.1,0.974,545.22,403.85,0.84,55.37,Light
SUB7557601,786.45,0.768,423.82,168.85,16.07,38.23,Light
SUB9441243,1045.31,1.021,328.02,702.56,0.89,19.78,Light
SUB1983638,1907.88,1.863,257.88,1345.59,6.05,6.44,Light
SUB7911596,1865.25,1.822,1514.91,423.58,0.17,8.95,Light
SUB6596127,1858.17,1.815,1214.81,385.99,12.03,44.16,Light
SUB3791671,3913.71,3.822,2352.42,1291.17,5.32,63.86,Moderate
SUB3061892,5837.58,5.701,4964.66,709.37,5.91,296.51,Heavy
SUB4431543,513.73,0.502,383.36,31.98,3.26,3.36,Light
SUB7963266,3798.99,3.71,2801.67,659.39,1.9,49.81,Moderate
SUB5078140,1012.76,0.989,429.39,363.61,0.14,146.11,Light
SUB9485356,7476.81,7.302,6080.35,1578.53,6.94,1.61,Heavy
SUB4909308,751.83,0.734,518.6,191.32,21.85,3.12,Light
SUB8466897,4719.01,4.608,3140.82,1112.28,9.91,82.17,Moderate
SUB8685727,12638.16,12.342,11085.0,1902.98,10.24,159.74,Power_User
SUB1915767,7610.07,7.432,4373.58,2333.09,27.11,125.55,Heavy
SUB9689972,644.88,0.63,340.45,258.24,2.12,13.82,Light
SUB9214491,1888.88,1.845,917.22,441.98,1.01,414.62,Light
SUB4369415,3682.11,3.596,2481.66,1200.07,32.47,154.8,Moderate
SUB4703713,3008.51,2.938,2799.52,266.59,15.0,84.84,Moderate
SUB1381856,6075.93,5.934,5936.61,53.5,34.42,31.74,Heavy
SUB4765444,10354.8,10.112,9876.52,477.05,5.62,23.12,Power_User
SUB5579097,1548.94,1.513,1357.82,174.81,0.27,8.79,Light
SUB8613312,9209.58,8.994,8728.08,555.91,7.97,40.51,Heavy
SUB5016899,1503.97,1.469,732.26,641.97,15.6,43.27,Light
SUB4955199,1126.34,1.1,894.37,131.55,13.19,30.07,Light
SUB6242329,688.89,0.673,431.13,145.3,1.63,90.91,Light
SUB4268896,1710.9,1.671,730.41,723.04,14.14,26.21,Light
SUB5253459,2718.25,2.655,2158.05,458.96,2.52,189.5,Moderate
SUB8356943,1052.22,1.028,330.32,543.57,1.27,90.79,Light
SUB8136940,4564.49,4.458,4291.19,283.19,0.64,15.29,Moderate
SUB3854135,2233.85,2.181,1913.67,110.44,1.38,19.96,Moderate
SUB1476377,2283.9,2.23,2093.45,94.57,1.3,34.54,Moderate
SUB1398422,9979.21,9.745,9592.72,394.76,0.36,83.4,Heavy
SUB1121937,2532.1,2.473,1554.83,733.53,2.87,79.49,Moderate
SUB2133629,2481.49,2.423,1877.48,490.96,0.73,109.58,Moderate
SUB8652126,1507.33,1.472,1300.58,74.1,2.15,6.41,Light
SUB1378355,679.97,0.664,292.27,407.29,1.39,3.57,Light
SUB4993611,1171.77,1.144,433.16,796.63,2.06,5.48,Light
SUB8814889,1082.49,1.057,722.27,310.01,4.81,17.13,Light
SUB8277186,1300.34,1.27,429.7,747.87,7.86,25.05,Light
SUB2675259,428.88,0.419,176.89,152.44,0.6,15.57,Very_Light
SUB9173192,3623.07,3.538,2709.59,967.17,6.03,5.13,Moderate
SUB7609001,5512.93,5.384,4308.46,816.69,43.18,45.26,Heavy
SUB8537330,1123.08,1.097,944.84,103.66,6.18,0.0,Light
SUB9937999,1636.62,1.598,1555.78,76.7,6.37,40.94,Light
SUB9816087,486.97,0.476,360.94,10.73,0.11,45.16,Very_Light
SUB7024945,1234.73,1.206,1170.41,117.69,0.41,0.0,Light
SUB2360764,8610.96,8.409,6561.44,1094.75,56.04,59.3,Heavy
SUB4171553,945.53,0.923,767.05,37.6,4.05,0.0,Light
SUB3594545,1907.53,1.863,1134.13,629.18,19.6,37.62,Light
SUB4182999,237.08,0.232,65.46,100.79,0.7,7.08,Very_Light
SUB8406465,2078.28,2.03,353.8,1539.51,9.43,219.66,Moderate
SUB8029446,1703.74,1.664,1044.11,706.93,1.48,3.15,Light
SUB6790740,4654.44,4.545,4227.97,572.18,2.46,1.17,Moderate
SUB9951442,550.67,0.538,310.48,191.01,2.94,53.16,Light
SUB9272686,2838.78,2.772,1807.43,913.41,4.74,84.96,Moderate
SUB1840597,4549.32,4.443,4331.09,194.31,0.94,172.4,Moderate
SUB1850122,1447.59,1.414,1166.15,290.13,0.17,75.44,Light
SUB3572703,5456.28,5.328,4226.61,924.45,0.52,85.76,Heavy
SUB1730559,1784.42,1.743,811.87,740.75,20.72,41.5,Light
SUB9910335,26.2,0.026,13.71,2.55,0.08,3.47,Very_Light
SUB7328404,3777.66,3.689,2473.55,1227.02,22.66,104.94,Moderate
SUB2862015,3414.42,3.334,3476.09,63.75,3.89,144.84,Moderate
SUB3005464,7349.62,7.177,5031.08,2330.55,2.68,14.29,Heavy
SUB5605677,1653.61,1.615,1136.64,396.89,1.69,23.56,Light
SUB5017641,2644.72,2.583,2140.09,338.16,0.7,1.35,Moderate
SUB2705692,2584.66,2.524,983.41,590.3,1.08,665.35,Moderate
SUB9325648,2161.79,2.111,1772.33,227.1,0.64,23.86,Moderate
SUB1626776,23855.66,23.297,20297.93,1456.99,46.7,47.73,Power_User
SUB2761987,1158.65,1.131,1019.72,55.04,9.91,77.83,Light
SUB7523229,18772.78,18.333,19739.2,767.48,11.02,21.5,Power_User
SUB4486082,4383.72,4.281,3847.07,713.28,2.17,143.94,Moderate
SUB2550642,2923.3,2.855,2652.98,38.55,0.42,69.63,Moderate
SUB3494903,7063.95,6.898,6938.55,238.22,0.0,3.59,Heavy
SUB8789283,11032.36,10.774,8964.73,884.23,5.47,493.58,Power_User
SUB1516031,2845.57,2.779,2725.67,80.11,3.61,7.72,Moderate
SUB1047367,7748.82,7.567,6533.57,534.5,5.01,43.38,Heavy
SUB8226078,212.03,0.207,95.73,53.2,0.32,11.34,Very_Light
SUB6695908,575.2,0.562,377.51,204.13,3.89,1.24,Light
SUB2632748,971.32,0.949,748.07,110.81,2.68,5.37,Light
SUB5862944,1064.06,1.039,493.46,455.05,9.8,145.23,Light
SUB1364716,1822.05,1.779,1609.14,278.43,7.77,8.02,Light
SUB6327701,1307.1,1.276,1193.56,21.82,0.89,5.92,Light
SUB9633305,6849.73,6.689,6090.41,299.75,0.8,61.55,Heavy
SUB6253087,554.62,0.542,462.27,77.05,4.71,2.81,Light
SUB5920791,2629.27,2.568,928.61,1586.15,5.52,324.16,Moderate
SUB6270637,2202.87,2.151,1548.06,598.37,1.04,18.54,Moderate
SUB9352804,2616.32,2.555,2459.95,73.0,3.22,15.18,Moderate
SUB1454623,1170.03,1.143,945.51,67.12,0.35,47.71,Light
SUB9284742,2132.19,2.082,1731.94,255.14,0.73,85.25,Moderate
SUB9015648,1688.89,1.649,661.58,726.85,0.62,63.5,Light
SUB2310646,2658.62,2.596,1338.91,1196.39,5.76,135.56,Moderate
SUB9429948,967.76,0.945,916.43,49.36,17.99,4.5,Light
SUB9169815,1462.42,1.428,1258.19,175.2,3.01,21.34,Light
SUB1892743,663.95,0.648,436.31,42.83,3.56,55.47,Light
SUB3014751,746.97,0.729,612.88,86.46,0.1,8.93,Light
SUB6842488,1599.43,1.562,1198.5,129.66,3.69,38.71,Light
SUB2413285,1202.2,1.174,1097.39,84.74,6.31,5.01,Light
SUB2330657,1059.38,1.035,877.43,71.52,0.22,14.9,Light
SUB6252279,2077.56,2.029,1096.12,524.96,8.71,318.71,Moderate
SUB1945161,20753.69,20.267,19412.85,555.62,17.28,1187.91,Power_User
SUB6000783,5698.37,5.565,3613.51,2105.72,0.72,93.04,Heavy
SUB3328767,603.61,0.589,421.47,136.33,2.29,38.28,Light
SUB9333631,2413.17,2.357,2084.34,392.54,15.32,62.02,Moderate
SUB3707133,5543.73,5.414,4580.83,732.29,9.81,59.73,Heavy
SUB5819523,172.4,0.168,154.04,22.53,1.16,1.04,Very_Light
SUB7622266,748.94,0.731,442.27,192.5,0.39,60.9,Light
SUB1053010,1029.66,1.006,919.34,148.71,3.79,1.07,Light
SUB6805333,4383.52,4.281,4076.4,488.83,21.98,3.6,Moderate
SUB6516552,6341.21,6.193,5066.19,599.51,0.46,798.42,Heavy
SUB1907272,6661.55,6.505,5122.46,1249.82,20.49,194.04,Heavy
SUB5074411,18685.52,18.248,16408.74,543.27,0.8,38.35,Power_User
SUB1536364,6808.05,6.648,5945.14,822.44,72.95,30.98,Heavy
SUB1903057,1214.91,1.186,922.26,124.64,1.49,19.76,Light
SUB2750652,3350.36,3.272,2606.34,363.69,10.45,166.97,Moderate
SUB3619909,82.4,0.08,52.13,3.32,0.61,2.32,Very_Light
SUB1663478,4163.28,4.066,3359.97,737.11,1.59,40.16,Moderate
SUB5139524,925.45,0.904,568.51,241.94,6.97,0.87,Light
SUB1990993,537.26,0.525,390.21,44.37,0.49,77.05,Light
SUB7394544,892.4,0.871,633.29,153.29,2.17,40.59,Light
SUB2588049,536.0,0.523,230.43,62.68,4.77,204.21,Light
SUB1959296,9444.34,9.223,8162.54,680.66,12.37,87.32,Heavy
SUB9337746,3420.52,3.34,2350.93,196.98,1.82,629.18,Moderate
SUB8914933,853.23,0.833,818.42,24.61,8.0,6.57,Light
SUB1262530,2790.44,2.725,2450.51,440.14,8.74,97.58,Moderate
SUB4631097,6052.5,5.911,5519.17,342.15,4.32,116.66,Heavy
SUB6708824,182.31,0.178,91.48,27.91,2.27,5.23,Very_Light
SUB3042361,5830.64,5.694,5188.23,405.83,0.57,3.58,Heavy
SUB1217767,99.17,0.097,29.47,27.87,0.31,7.61,Very_Light
SUB2109970,1011.43,0.988,1043.1,43.83,2.58,0.0,Light
SUB4870033,7682.72,7.503,6095.58,921.43,3.77,59.6,Heavy
SUB6882545,1612.29,1.575,1156.93,379.01,3.27,61.34,Light
SUB1187486,985.05,0.962,28.29,878.73,2.53,5.67,Light
SUB8263776,1438.59,1.405,783.86,710.02,1.82,16.2,Light
SUB2628782,270.77,0.264,179.66,31.94,4.29,22.03,Very_Light
SUB4388284,6403.39,6.253,5335.56,633.77,14.51,90.48,Heavy
SUB2733391,885.18,0.864,491.72,110.25,5.0,226.19,Light
SUB9755198,396.29,0.387,199.59,135.08,3.62,39.68,Very_Light
SUB9483310,518.17,0.506,301.11,106.51,3.36,25.79,Light
SUB3202661,6792.27,6.633,7133.94,106.35,7.52,188.8,Heavy
SUB5550056,1803.01,1.761,1718.5,40.19,10.03,0.0,Light
SUB2162886,561.98,0.549,459.74,35.13,0.33,0.0,Light
SUB5075341,6918.25,6.756,6760.65,487.39,14.41,9.39,Heavy
SUB3929386,1453.38,1.419,931.51,355.54,6.52,7.27,Light
SUB7401391,214.26,0.209,132.11,56.99,0.21,4.99,Very_Light
SUB4263647,780.77,0.762,640.09,108.72,2.98,15.14,Light
SUB1958101,2225.55,2.173,1018.97,435.63,0.35,632.01,Moderate
SUB1069519,763.42,0.746,520.62,134.83,0.85,34.51,Light
SUB8838236,5683.55,5.55,4923.58,335.73,2.04,235.24,Heavy
SUB1960655,789.98,0.771,287.27,450.8,0.68,7.38,Light
SUB3141924,11076.22,10.817,10577.72,599.27,1.69,55.65,Power_User
SUB3979674,3765.73,3.677,3549.85,482.1,0.38,45.03,Moderate
SUB3292056,4955.22,4.839,4318.51,917.6,4.63,33.0,Moderate
SUB9547596,3889.01,3.798,3064.59,290.5,8.72,167.2,Moderate
SUB8122759,256.14,0.25,216.48,45.02,0.67,9.06,Very_Light
SUB3611895,343.46,0.335,293.11,23.09,0.87,11.0,Very_Light
SUB5233384,4432.87,4.329,3991.12,230.9,0.15,55.75,Moderate
SUB8369080,547.61,0.535,283.49,212.9,2.42,11.64,Light
SUB6852373,1299.97,1.27,1003.21,182.55,1.39,7.17,Light
SUB8656887,1504.47,1.469,1152.01,95.2,1.1,63.85,Light
SUB5450696,1191.64,1.164,838.21,296.2,0.45,8.31,Light
SUB3873382,213.94,0.209,146.78,21.42,1.95,4.66,Very_Light
SUB2390179,1372.54,1.34,1261.15,149.19,1.68,18.67,Light
SUB9113324,529.82,0.517,279.67,195.23,5.58,9.58,Light
SUB8128080,13312.87,13.001,12609.11,1514.34,27.27,62.08,Power_User
SUB6851361,3299.66,3.222,2961.49,266.14,3.99,21.57,Moderate
SUB9314052,381.31,0.372,85.69,186.54,1.62,56.23,Very_Light
SUB4771414,1768.63,1.727,1762.43,102.57,1.84,12.92,Light
SUB1746470,6501.51,6.349,5664.92,369.03,11.3,64.66,Heavy
SUB8068566,2382.12,2.326,1627.68,548.32,1.94,110.53,Moderate
SUB2918517,1926.76,1.882,1341.69,492.59,1.7,4.25,Light
SUB4459544,876.37,0.856,775.45,91.34,0.27,48.07,Light
SUB8272268,7273.63,7.103,5358.61,1010.37,0.19,521.73,Heavy
SUB3830095,415.55,0.406,206.1,69.25,52.96,31.47,Very_Light
SUB4429985,4100.62,4.005,3212.36,284.51,2.36,92.52,Moderate
SUB2311414,85.8,0.084,18.46,42.54,8.83,4.46,Very_Light
SUB5185727,2077.48,2.029,1547.59,252.25,5.92,91.84,Moderate
SUB9404196,232.75,0.227,83.66,49.57,4.95,83.7,Very_Light
SUB3814268,1460.51,1.426,1002.95,421.6,6.51,30.96,Light
SUB9845909,1031.25,1.007,741.47,43.53,39.26,132.46,Light
SUB8058175,3069.81,2.998,1898.84,1066.16,54.16,13.22,Moderate
SUB5017763,6697.63,6.541,6580.7,433.06,37.3,57.44,Heavy
SUB8931827,2204.4,2.153,1416.67,660.01,0.06,0.0,Moderate
SUB9435969,656.81,0.641,137.87,444.15,0.56,2.27,Light
SUB8136735,13766.64,13.444,10741.31,2373.13,4.62,237.21,Power_User
SUB9232823,849.89,0.83,603.11,225.63,1.03,0.0,Light
SUB3239665,2656.61,2.594,1886.49,635.98,5.36,9.97,Moderate
SUB7363395,1115.35,1.089,551.67,332.87,1.75,37.54,Light
SUB4423604,2049.88,2.002,1572.4,219.71,1.33,25.2,Moderate
SUB7084556,95.64,0.093,11.12,23.57,2.53,8.57,Very_Light
SUB2844348,186.12,0.182,97.86,65.43,0.67,8.15,Very_Light
SUB1759848,1615.77,1.578,1571.47,78.58,4.59,84.35,Light
SUB8100282,657.64,0.642,442.01,145.73,1.95,26.54,Light
SUB2592023,770.41,0.752,424.38,295.62,2.98,41.8,Light
SUB9510974,1302.49,1.272,1078.34,109.77,9.19,151.15,Light
SUB3293316,7197.23,7.029,6929.07,684.56,9.29,47.79,Heavy
SUB2539152,663.22,0.648,530.16,54.63,2.05,0.54,Light
SUB1823837,688.53,0.672,649.01,22.64,0.98,2.8,Light
SUB9781384,1787.02,1.745,1126.22,349.38,0.67,136.16,Light
SUB1356440,185.97,0.182,49.18,63.65,0.39,16.91,Very_Light
SUB1841618,387.58,0.378,173.86,168.52,22.11,1.99,Very_Light
SUB6991233,25888.18,25.281,24632.46,1513.58,5.13,93.8,Power_User
SUB5729124,1000.79,0.977,730.93,70.51,2.94,65.11,Light
SUB2035340,4616.23,4.508,4368.81,155.06,10.43,2.62,Moderate
SUB9366126,7159.2,6.991,5588.07,231.89,28.16,527.08,Heavy
SUB1103021,7003.72,6.84,6397.69,660.87,10.18,224.8,Heavy
SUB8081159,3842.88,3.753,3720.26,360.24,43.04,37.64,Moderate
SUB3011562,1187.43,1.16,751.95,342.45,8.7,16.53,Light
SUB9388817,845.96,0.826,668.54,60.49,2.89,0.5,Light
SUB9610679,2474.37,2.416,2241.98,201.77,1.55,18.02,Moderate
SUB4806627,2065.54,2.017,1825.04,130.36,18.81,48.42,Moderate
SUB3903561,1666.42,1.627,1298.4,204.01,1.29,8.15,Light
SUB6473024,17733.66,17.318,15848.49,1166.21,31.98,20.98,Power_User
SUB1216194,3355.27,3.277,3074.27,314.36,6.68,3.31,Moderate
SUB3454082,2918.98,2.851,2706.99,280.43,3.62,41.97,Moderate
SUB7474467,1747.09,1.706,1434.46,121.97,1.13,42.89,Light
SUB7965410,3071.82,3.0,1375.34,988.66,5.56,855.18,Moderate
SUB4597326,1978.76,1.932,1686.73,299.34,33.0,27.71,Light
SUB9396007,795.07,0.776,418.76,315.48,1.73,20.05,Light
SUB6757122,539.73,0.527,421.94,54.12,3.4,0.47,Light
SUB5857162,1246.59,1.217,877.64,254.01,0.49,11.73,Light
SUB7132138,1165.65,1.138,730.02,306.95,4.61,26.84,Light
SUB7664677,645.35,0.63,463.81,66.76,4.02,17.83,Light
SUB2034023,2290.99,2.237,1722.18,629.76,0.53,20.18,Moderate
SUB9177088,2520.99,2.462,2109.64,101.34,36.52,39.14,Moderate
SUB9782153,260.47,0.254,88.98,125.72,1.61,37.46,Very_Light
SUB1300763,1578.5,1.542,493.63,1046.7,3.4,1.09,Light
SUB4849182,2095.49,2.046,1678.41,508.88,3.23,32.63,Moderate
SUB2564458,2273.91,2.221,1946.46,271.3,0.52,3.52,Moderate
SUB8919584,2893.63,2.826,1976.68,513.17,0.77,98.3,Moderate
SUB5242154,547.13,0.534,107.82,234.26,5.15,100.22,Light
SUB2577586,9903.0,9.671,8768.78,355.81,18.32,55.2,Heavy
SUB5474220,8527.42,8.328,7561.55,1037.41,2.91,134.21,Heavy
SUB9736857,7877.66,7.693,5403.13,1537.26,8.16,190.97,Heavy
SUB1986275,21842.04,21.33,19889.17,1042.41,4.14,255.99,Power_User
SUB2410124,6182.76,6.038,4916.2,662.35,8.01,6.51,Heavy
SUB3532000,4707.13,4.597,4453.71,374.27,0.13,40.47,Moderate
SUB4394020,256.75,0.251,158.8,41.69,1.9,1.17,Very_Light
SUB1810586,756.43,0.739,401.04,198.14,1.15,37.3,Light
SUB8753302,163.03,0.159,22.78,58.18,1.91,28.52,Very_Light
SUB2599826,4450.89,4.347,3409.93,739.83,1.81,49.46,Moderate
SUB2348483,1103.61,1.078,617.11,393.29,2.07,117.84,Light
SUB1981598,1109.51,1.084,702.35,289.18,5.22,90.13,Light
SUB5042974,2825.0,2.759,2754.03,222.04,3.1,11.22,Moderate
SUB9420149,1083.51,1.058,367.19,444.27,2.67,136.19,Light
SUB9864367,1793.47,1.751,1916.78,2.29,2.61,18.73,Light
SUB3844510,4418.71,4.315,3819.06,428.35,11.0,60.59,Moderate
SUB5323492,549.31,0.536,334.85,114.04,10.3,6.35,Light
SUB1208150,178.09,0.174,96.59,15.59,0.19,41.52,Very_Light
SUB3573338,4760.69,4.649,4999.34,104.59,6.59,16.12,Moderate
SUB2858777,598.01,0.584,376.9,174.43,1.45,12.09,Light
SUB7510529,2869.63,2.802,2490.14,202.34,5.7,2.99,Moderate
SUB1480620,575.24,0.562,272.96,276.42,0.13,0.0,Light
SUB5935500,1634.43,1.596,1452.09,85.49,11.55,14.09,Light
SUB5863099,14508.75,14.169,14905.59,357.6,9.34,10.82,Power_User
SUB5919314,2211.47,2.16,522.77,1524.85,44.47,61.7,Moderate
SUB7993152,434.44,0.424,292.73,38.63,0.15,58.17,Very_Light
SUB7196519,1151.31,1.124,189.61,727.06,0.98,56.5,Light
SUB2122207,2672.53,2.61,2532.7,50.49,1.64,33.85,Moderate
SUB3690927,745.33,0.728,42.55,637.37,1.43,6.04,Light
SUB4036124,5772.37,5.637,4226.8,1527.36,4.91,163.15,Heavy
SUB1427557,1123.88,1.098,948.58,49.13,2.82,74.72,Light
SUB3165456,1033.83,1.01,740.51,158.65,1.51,40.08,Light
SUB1365750,2010.53,1.963,1290.52,454.66,6.68,66.12,Light
SUB8517618,1956.93,1.911,1750.08,56.64,0.0,28.9,Light
SUB8767227,653.5,0.638,302.58,34.18,3.28,229.78,Light
SUB1484103,2475.47,2.417,2189.85,165.03,4.03,229.55,Moderate
SUB3152259,4101.48,4.005,3934.65,417.65,2.11,90.66,Moderate
SUB4390919,1358.21,1.326,1127.75,238.24,13.94,0.0,Light
SUB7641497,2139.33,2.089,1736.35,388.48,3.69,77.46,Moderate
SUB8412609,15781.68,15.412,14746.53,741.44,2.06,52.74,Power_User
SUB8031119,2009.33,1.962,1660.78,141.61,6.71,78.64,Light
SUB5455237,17901.78,17.482,16770.72,424.89,2.49,11.39,Power_User
SUB6871348,26258.56,25.643,24705.49,362.45,74.94,64.69,Power_User
SUB3379220,21997.07,21.482,18781.56,1142.72,2.28,7.32,Power_User
SUB4519065,516.96,0.505,21.76,220.03,5.58,168.51,Light
SUB7960698,3528.85,3.446,3428.96,287.97,2.45,0.0,Moderate
SUB2784210,3832.46,3.743,2334.52,1424.22,20.91,255.21,Moderate
SUB6198363,321.43,0.314,254.21,45.54,0.0,17.77,Very_Light
SUB8341127,253.62,0.248,127.51,52.71,4.72,3.14,Very_Light
SUB3463501,4386.26,4.283,3652.89,470.72,10.63,62.53,Moderate
SUB3819127,1175.63,1.148,698.13,114.98,1.5,305.94,Light
SUB7779865,1648.85,1.61,835.94,527.84,5.15,89.14,Light
SUB6026014,541.27,0.529,331.37,127.29,0.65,15.68,Light
SUB2932919,9179.79,8.965,9347.69,87.46,5.74,45.95,Heavy
SUB7250674,1245.18,1.216,1090.08,84.4,1.16,32.43,Light
SUB8620520,7308.18,7.137,7120.18,387.87,30.47,296.5,Heavy
SUB9651964,73.67,0.072,8.85,17.88,0.21,22.83,Very_Light
SUB8984705,4134.74,4.038,2166.88,1380.49,13.61,111.56,Moderate
SUB9731896,2479.38,2.421,2131.9,500.77,4.22,22.2,Moderate
SUB3002507,370.28,0.362,82.4,215.12,0.62,9.64,Very_Light
SUB3652808,1737.05,1.696,1534.42,9.06,45.28,63.12,Light
SUB5777376,10423.37,10.179,9929.5,378.99,32.29,373.03,Power_User
SUB8366829,7833.08,7.649,5745.68,1229.56,2.6,157.61,Heavy
SUB2358293,2258.63,2.206,2155.23,203.3,13.53,27.91,Moderate
SUB2911128,8251.77,8.058,7623.08,652.61,0.9,210.81,Heavy
SUB5756497,1765.99,1.725,988.62,365.76,5.08,185.69,Light
SUB6133381,10661.12,10.411,9394.51,1794.63,18.91,75.17,Power_User
SUB4786065,2450.88,2.393,1749.15,399.77,0.15,3.95,Moderate
SUB5848243,5715.67,5.582,4459.34,1021.96,5.53,17.93,Heavy
SUB3425358,718.29,0.701,446.76,191.65,6.47,16.63,Light
SUB8645639,99.69,0.097,32.56,28.75,5.33,21.73,Very_Light
SUB4917430,2772.01,2.707,2549.43,104.4,0.09,124.57,Moderate
SUB3105777,3447.85,3.367,2609.68,662.32,18.73,108.07,Moderate
SUB6544223,1169.64,1.142,752.04,428.26,3.4,29.95,Light
SUB3390514,440.35,0.43,238.97,33.65,0.82,93.58,Very_Light
SUB6942712,3130.0,3.057,2274.95,868.15,18.05,118.28,Moderate
SUB2171758,5234.33,5.112,4181.19,427.68,16.39,61.53,Heavy
SUB6276085,447.74,0.437,169.91,174.41,3.53,3.87,Very_Light
SUB8449116,1530.68,1.495,979.21,417.17,1.21,1.49,Light
SUB8185180,333.1,0.325,264.77,71.37,1.01,10.27,Very_Light
SUB1942639,1517.83,1.482,1033.18,384.13,4.24,48.34,Light
SUB9023556,1175.65,1.148,717.27,311.36,8.21,175.73,Light
SUB6171666,2894.37,2.827,2118.72,854.51,9.04,71.02,Moderate
SUB8099492,4931.17,4.816,3228.25,1215.76,19.45,34.08,Moderate
SUB2280280,5001.49,4.884,4623.94,121.17,2.47,28.11,Moderate
SUB8457451,1978.79,1.932,725.77,972.6,0.93,54.88,Light
SUB6546811,1378.01,1.346,1218.49,159.45,6.11,44.49,Light
SUB8127470,3382.38,3.303,3104.33,274.58,0.23,7.01,Moderate
SUB3850310,2310.04,2.256,2202.02,84.19,14.84,6.67,Moderate
SUB5015789,3247.62,3.172,3404.73,7.9,2.56,18.45,Moderate
SUB5986518,1555.78,1.519,1075.13,431.75,5.4,39.52,Light
SUB9979666,648.45,0.633,395.96,216.9,8.26,28.52,Light
SUB4727661,1400.09,1.367,996.79,93.58,0.8,227.86,Light
SUB2279372,3567.02,3.483,3282.95,224.85,9.18,9.73,Moderate
SUB5095228,2174.91,2.124,1961.13,156.13,6.02,138.58,Moderate
SUB6767034,555.45,0.542,186.81,362.13,1.28,0.42,Light
SUB9837010,549.5,0.537,403.91,121.59,3.73,30.48,Light
SUB9103292,435.17,0.425,225.64,65.12,2.52,41.38,Very_Light
SUB3449851,4579.57,4.472,2467.03,1661.79,26.64,10.54,Moderate
SUB7507552,1578.89,1.542,1344.76,238.3,0.1,3.13,Light
SUB9670441,1374.26,1.342,1084.7,194.07,1.97,1.49,Light
SUB2535834,722.63,0.706,306.01,278.95,12.67,15.31,Light
SUB3442547,145.51,0.142,123.86,6.88,1.02,0.85,Very_Light
SUB2236968,837.49,0.818,683.03,33.7,1.41,140.98,Light
SUB4078882,2270.4,2.217,1791.33,264.46,3.39,0.0,Moderate
SUB2521093,916.38,0.895,655.6,76.97,6.98,146.54,Light
SUB2988022,7014.94,6.851,6186.57,1232.38,50.58,92.75,Heavy
SUB6281592,424.38,0.414,291.04,103.44,1.65,8.85,Very_Light
SUB8536381,137.56,0.134,59.91,17.32,1.43,1.35,Very_Light
SUB9411159,3604.07,3.52,2106.04,962.33,12.3,204.38,Moderate
SUB4193796,673.09,0.657,207.68,201.48,16.45,169.25,Light
SUB9482216,9957.07,9.724,9705.36,212.71,0.39,65.72,Heavy
SUB9357038,1265.09,1.235,886.13,219.58,1.58,67.8,Light
SUB9675147,1279.16,1.249,516.49,233.1,37.17,276.5,Light
SUB7539108,926.12,0.904,522.75,176.7,7.27,25.14,Light
SUB4049307,1446.52,1.413,793.51,129.45,0.73,243.62,Light
SUB7542683,1152.67,1.126,80.52,924.65,2.45,26.24,Light
SUB3801818,1503.89,1.469,1536.06,75.98,0.15,1.85,Light
SUB6919586,7062.06,6.897,7035.67,188.15,22.75,52.18,Heavy
SUB5045721,305.1,0.298,230.57,66.76,0.94,2.46,Very_Light
SUB2863032,5122.61,5.003,4575.16,484.53,8.22,147.69,Heavy
SUB5944614,3647.26,3.562,3263.13,535.72,4.26,4.67,Moderate
SUB8852016,2544.99,2.485,1795.59,473.35,15.66,5.71,Moderate
SUB8774066,2515.07,2.456,818.67,1900.52,9.34,2.93,Moderate
SUB8870267,2241.72,2.189,1938.83,59.59,0.08,23.95,Moderate
SUB4089809,638.18,0.623,367.22,158.89,0.27,0.0,Light
SUB8819488,1443.86,1.41,1348.31,163.93,2.81,0.0,Light
SUB2378148,1564.11,1.527,1463.55,163.95,2.15,37.48,Light
SUB4044410,1893.07,1.849,370.13,1057.87,11.14,322.86,Light
SUB5062118,241.03,0.235,121.62,98.31,0.75,1.29,Very_Light
SUB1238826,1491.38,1.456,1242.48,222.01,2.3,70.09,Light
SUB2717354,4783.26,4.671,4385.31,760.44,10.91,71.2,Moderate
SUB1481809,1143.46,1.117,1060.78,81.77,3.37,0.0,Light
SUB9262369,156.04,0.152,118.44,22.25,0.86,1.5,Very_Light
SUB8284390,5335.2,5.21,4313.06,818.53,1.16,418.61,Heavy
SUB2818182,2576.6,2.516,1672.65,718.25,8.26,34.37,Moderate
SUB5367209,7001.66,6.838,5700.51,541.96,4.54,1181.39,Heavy
SUB9782389,675.71,0.66,504.84,199.11,1.4,8.29,Light
SUB6416797,16590.09,16.201,13943.82,959.19,43.08,5.94,Power_User
SUB3689290,1371.66,1.34,1101.08,95.04,1.54,4.73,Light
SUB1037180,423.47,0.414,56.94,143.78,45.65,161.75,Very_Light
SUB8546691,3693.09,3.607,1736.16,1466.88,11.04,74.94,Moderate
SUB6611544,712.19,0.695,455.88,32.77,0.57,70.99,Light
SUB6370015,15301.98,14.943,13573.35,188.77,0.85,208.31,Power_User
SUB3251347,1879.78,1.836,1280.78,204.24,1.47,173.38,Light
SUB5792030,1060.05,1.035,712.35,370.72,1.86,7.27,Light
SUB3619893,1215.14,1.187,418.2,746.52,4.46,1.0,Light
SUB7702245,4417.18,4.314,4099.07,580.68,8.81,22.39,Moderate
SUB4791860,1695.65,1.656,1281.77,340.3,12.01,30.81,Light
SUB9745662,2575.41,2.515,1631.53,237.51,4.04,440.1,Moderate
SUB8396526,1253.6,1.224,358.01,671.98,4.97,126.86,Light
SUB2881986,587.71,0.574,298.21,209.15,6.23,5.23,Light
SUB1989924,1756.2,1.715,1328.01,218.22,4.53,37.62,Light
SUB2965629,1258.07,1.229,614.37,248.57,6.01,235.07,Light
SUB2103248,2241.54,2.189,142.33,1149.17,7.54,651.15,Moderate
SUB9210125,13909.33,13.583,12650.82,955.14,47.69,15.62,Power_User
SUB5263528,462.58,0.452,302.32,42.35,1.55,37.48,Very_Light
SUB9215869,1823.14,1.78,1247.06,409.29,1.78,84.35,Light
SUB9623353,6668.18,6.512,6395.75,310.15,3.05,108.68,Heavy
SUB4583650,1053.33,1.029,133.56,701.56,2.82,46.21,Light
SUB3363319,5891.65,5.754,5240.83,741.28,26.41,113.42,Heavy
SUB2818222,587.88,0.574,305.25,135.46,3.46,15.45,Light
SUB6410687,1482.11,1.447,246.82,904.66,16.12,168.31,Light
SUB9199423,6525.05,6.372,5739.95,536.95,32.6,47.19,Heavy
SUB1563506,6466.75,6.315,6665.71,408.9,7.67,27.95,Heavy
SUB8834767,3126.74,3.053,2833.69,91.21,3.38,24.48,Moderate
SUB9904337,582.47,0.569,314.19,205.98,0.51,3.8,Light
SUB6472646,4204.38,4.106,3942.49,203.76,6.17,52.59,Moderate
SUB9251043,478.91,0.468,232.14,200.12,17.26,12.53,Very_Light
SUB6045416,1399.61,1.367,1384.11,73.17,1.89,7.68,Light
SUB6273897,3177.52,3.103,2581.03,328.29,0.24,63.49,Moderate
SUB1354182,4973.72,4.857,3909.2,1262.81,2.6,5.74,Moderate
SUB6142798,1180.45,1.153,885.81,244.41,15.97,68.96,Light
SUB3640955,1846.13,1.803,1794.22,57.21,3.85,60.15,Light
SUB3498002,1334.96,1.304,786.57,364.45,0.97,121.66,Light
SUB3916585,2001.6,1.955,847.07,901.87,9.87,23.85,Light
SUB2574255,532.34,0.52,383.74,77.43,5.5,2.53,Light
SUB8012022,542.37,0.53,133.89,127.73,7.76,248.65,Light
SUB4779404,1320.94,1.29,1003.97,50.55,34.94,150.75,Light
SUB6547239,166.52,0.163,17.62,28.2,2.53,12.31,Very_Light
SUB6910122,2046.76,1.999,1527.1,371.57,13.74,169.2,Light
SUB3769785,5913.21,5.775,5216.91,137.28,2.14,17.61,Heavy
SUB4514078,1103.27,1.077,915.43,41.44,0.0,99.55,Light
SUB6963132,417.09,0.407,304.37,69.39,1.34,11.46,Very_Light
SUB3664119,10988.42,10.731,9806.22,1930.99,16.28,8.16,Power_User
SUB3097951,1021.83,0.998,892.41,47.77,0.71,9.07,Light
SUB2579889,2212.99,2.161,1246.82,867.89,1.25,64.61,Moderate
SUB9927377,2553.78,2.494,1917.09,112.89,4.28,140.9,Moderate
SUB1287555,9197.07,8.982,8247.79,136.72,1.5,9.57,Heavy
SUB4775944,1424.05,1.391,941.39,28.17,1.82,403.81,Light
SUB3744454,6334.49,6.186,5887.4,515.27,0.34,34.27,Heavy
SUB9796785,2784.86,2.72,2348.51,454.15,3.51,27.82,Moderate
SUB4197418,3124.42,3.051,2377.78,386.05,3.93,12.98,Moderate
SUB3788647,5877.69,5.74,4970.02,884.88,2.55,37.67,Heavy
SUB7224898,15573.42,15.208,14087.13,1213.86,63.47,4.04,Power_User
SUB7378384,679.46,0.664,311.49,170.12,4.58,79.17,Light
SUB2570497,6156.28,6.012,5093.73,548.1,12.67,503.81,Heavy
SUB1734158,1451.08,1.417,1018.77,364.01,3.81,47.0,Light
SUB3692205,1374.98,1.343,552.5,625.75,13.47,39.84,Light
SUB7159729,595.76,0.582,262.05,331.1,3.1,1.02,Light
SUB2422771,3887.31,3.796,1843.04,1453.46,6.81,251.88,Moderate
SUB7945685,1187.58,1.16,888.99,41.67,4.99,150.18,Light
SUB9218616,933.76,0.912,491.15,235.03,14.3,32.16,Light
SUB8729395,9087.17,8.874,9023.8,908.06,0.65,15.61,Heavy
SUB9276869,3797.37,3.708,2980.68,318.18,3.15,179.46,Moderate
SUB3479129,10768.91,10.517,9966.21,401.85,13.06,104.51,Power_User
SUB1855434,6758.02,6.6,5650.45,660.79,3.07,18.87,Heavy
SUB1308697,2309.34,2.255,1221.21,1101.94,54.47,1.49,Moderate
SUB4715799,7308.52,7.137,7082.03,270.9,7.11,426.52,Heavy
SUB5719707,1503.99,1.469,1410.09,127.07,2.49,28.48,Light
SUB8279074,1982.99,1.937,1691.61,10.0,4.88,255.29,Light
SUB9461516,474.02,0.463,391.05,24.11,3.29,18.98,Very_Light
SUB7032290,860.07,0.84,442.39,261.62,0.31,60.39,Light
SUB5203726,5188.89,5.067,4880.67,106.68,1.4,17.0,Heavy
SUB1842606,1118.79,1.093,847.67,148.14,2.48,62.54,Light
SUB6732452,561.12,0.548,511.95,78.73,3.67,3.94,Light
SUB8377775,4160.65,4.063,3456.2,355.24,5.96,24.37,Moderate
SUB4871549,20008.43,19.539,17702.02,1786.29,39.42,708.16,Power_User
SUB9839023,795.23,0.777,708.57,39.67,1.82,9.62,Light
SUB6635312,363.31,0.355,92.15,201.24,13.62,17.83,Very_Light
SUB8724954,2252.12,2.199,1996.61,38.91,28.49,13.13,Moderate
SUB4699446,334.9,0.327,176.12,127.22,0.18,17.55,Very_Light
SUB5223138,1035.82,1.012,446.41,468.68,0.8,26.53,Light
SUB1548723,7987.63,7.8,6807.18,311.33,6.45,66.13,Heavy
SUB4232940,5439.16,5.312,4814.02,855.48,10.34,153.27,Heavy
SUB5773147,5064.16,4.945,4517.15,539.46,4.1,2.38,Moderate
SUB9473958,565.59,0.552,378.19,65.47,0.0,10.94,Light
SUB3885579,1415.58,1.382,976.07,354.66,40.36,16.34,Light
SUB6912084,1318.48,1.288,725.73,332.0,3.86,204.17,Light
SUB8355554,587.05,0.573,213.83,185.9,2.57,84.32,Light
SUB2440352,1580.47,1.543,1352.43,55.37,1.74,71.88,Light
SUB2877330,491.61,0.48,276.22,117.71,2.77,1.65,Very_Light
SUB6082070,16305.97,15.924,16799.9,666.96,60.72,62.33,Power_User
SUB9943742,2212.33,2.16,720.73,1214.1,15.09,95.19,Moderate
SUB6054379,10669.73,10.42,10409.51,562.1,6.19,76.23,Power_User
SUB8269056,2695.3,2.632,1912.31,304.01,3.57,110.58,Moderate
SUB5147036,407.25,0.398,201.55,114.29,15.89,82.45,Very_Light
SUB7208087,1021.04,0.997,744.31,92.08,0.13,56.09,Light
SUB2048278,657.37,0.642,290.39,155.24,5.39,42.39,Light
SUB8035483,1434.02,1.4,1285.07,59.57,0.05,18.24,Light
SUB1123182,1811.72,1.769,1571.17,209.02,16.68,4.33,Light
SUB5242895,3679.05,3.593,3009.22,332.62,1.37,37.22,Moderate
SUB8491818,3510.33,3.428,2979.98,195.14,0.62,174.38,Moderate
SUB6217975,7221.96,7.053,5652.72,1196.82,16.45,0.0,Heavy
SUB9472714,523.57,0.511,304.36,172.95,0.54,2.47,Light
SUB1164486,281.79,0.275,160.27,74.68,2.7,1.67,Very_Light
SUB4846556,2744.3,2.68,2100.45,502.19,5.67,336.79,Moderate
SUB7259225,729.15,0.712,619.88,117.28,0.19,1.37,Light
SUB1735062,1785.57,1.744,1529.56,153.53,46.84,120.52,Light
SUB1727468,591.77,0.578,546.76,27.73,3.9,0.82,Light
SUB3064618,272.52,0.266,144.47,50.96,3.71,7.33,Very_Light
SUB4454707,2953.96,2.885,2923.56,265.7,0.34,1.37,Moderate
SUB5872587,1732.44,1.692,1738.89,80.42,0.07,47.21,Light
SUB7284179,3259.41,3.183,2623.87,246.4,0.52,0.0,Moderate
SUB7914128,11251.78,10.988,8699.49,1864.32,46.2,1064.46,Power_User
SUB3798658,3328.6,3.251,3352.64,20.88,4.86,15.31,Moderate
SUB8662208,8555.34,8.355,7072.0,957.45,2.5,17.88,Heavy
SUB2424241,4220.21,4.121,2718.96,1300.4,10.92,12.41,Moderate
SUB1902810,2672.11,2.609,2430.6,298.89,15.24,11.32,Moderate
SUB6541543,3620.57,3.536,3184.73,217.4,2.3,32.24,Moderate
SUB4714528,1005.3,0.982,727.93,129.69,0.15,43.63,Light
SUB6169619,2001.17,1.954,805.25,1031.97,3.67,13.17,Light
SUB7395021,345.8,0.338,234.16,9.06,0.66,1.17,Very_Light
SUB7961507,299.2,0.292,98.78,137.7,5.3,32.96,Very_Light
SUB4695611,749.62,0.732,528.81,187.43,1.45,16.53,Light
SUB6431159,1097.38,1.072,740.95,186.63,6.45,49.0,Light
SUB4392389,1461.79,1.428,1157.88,116.68,17.08,7.91,Light
SUB4416502,3490.23,3.408,1988.0,1088.08,11.77,1.48,Moderate
SUB9351870,1558.59,1.522,1331.79,189.63,3.28,0.0,Light
SUB7225175,1531.38,1.495,301.81,1104.77,1.44,19.71,Light
SUB2001622,165.88,0.162,57.41,33.4,0.6,38.39,Very_Light
SUB4246319,1309.41,1.279,1000.47,154.72,3.06,59.02,Light
SUB2636617,258.94,0.253,122.66,106.98,0.55,2.97,Very_Light
SUB3466704,2089.0,2.04,1201.25,446.49,32.53,241.99,Moderate
SUB9750519,897.27,0.876,640.91,119.97,0.38,84.24,Light
SUB2046251,10511.8,10.265,10313.41,343.73,3.67,184.36,Power_User
SUB1285356,333.94,0.326,166.53,82.8,10.2,3.77,Very_Light
SUB4003337,1610.58,1.573,355.56,1132.31,2.49,9.93,Light
SUB7563484,1978.63,1.932,1951.7,77.89,12.3,11.15,Light
SUB9505089,3826.87,3.737,2794.58,915.21,4.39,99.59,Moderate
SUB5262563,2222.19,2.17,895.58,550.79,15.03,658.33,Moderate
SUB4275654,172.06,0.168,53.39,47.43,6.23,21.38,Very_Light
SUB4674777,1580.01,1.543,1127.15,99.88,3.1,47.38,Light
SUB7233550,7492.11,7.317,7612.62,301.61,2.23,21.01,Heavy
SUB9122734,3959.82,3.867,3669.77,309.47,0.27,102.88,Moderate
SUB6925313,1760.01,1.719,1124.76,504.73,2.42,74.32,Light
SUB5395102,2693.81,2.631,1897.84,621.08,6.7,41.99,Moderate
SUB9045021,6536.76,6.384,5603.53,1176.0,9.16,62.52,Heavy
SUB9059562,226.1,0.221,169.84,30.66,3.61,1.6,Very_Light
SUB7824125,2045.57,1.998,1838.2,241.65,3.73,9.0,Light
SUB3242019,2843.0,2.776,1783.03,884.43,9.26,6.2,Moderate
SUB1312051,2213.4,2.162,1969.3,107.02,3.34,10.53,Moderate
SUB7170022,1095.61,1.07,1115.45,37.19,0.06,15.56,Light
SUB3791004,413.45,0.404,291.64,77.6,0.1,7.56,Very_Light
SUB7262748,1893.95,1.85,1490.29,201.66,1.73,1.44,Light
SUB4568125,11678.4,11.405,10092.21,1868.6,4.79,292.73,Power_User
SUB7656669,2199.06,2.148,1954.57,390.17,4.77,20.13,Moderate
SUB3442905,2345.88,2.291,1626.95,557.78,1.82,23.97,Moderate
SUB2412210,615.48,0.601,603.28,13.22,1.36,5.94,Light
SUB7025140,2785.47,2.72,2433.79,228.94,9.07,91.12,Moderate
SUB7362781,592.95,0.579,374.74,122.68,0.83,5.23,Light
SUB4163257,2001.14,1.954,1820.49,90.64,3.02,60.53,Light
SUB3674986,420.88,0.411,71.72,266.39,1.37,38.28,Very_Light
SUB4415814,2092.42,2.043,1652.73,310.82,11.68,57.83,Moderate
SUB7036860,273.13,0.267,196.68,34.08,0.23,1.69,Very_Light
SUB2950256,2977.87,2.908,1826.78,947.77,1.91,126.42,Moderate
SUB3803528,10812.0,10.559,9309.62,1699.6,11.34,204.57,Power_User
SUB6310825,18136.1,17.711,17641.46,148.83,0.1,9.86,Power_User
SUB5254284,453.3,0.443,383.46,23.52,0.75,5.67,Very_Light
SUB1165301,5798.12,5.662,5322.53,454.46,1.28,0.0,Heavy
SUB5814974,443.12,0.433,84.78,164.41,2.1,88.45,Very_Light
SUB1297180,280.69,0.274,176.87,73.91,0.2,14.56,Very_Light
SUB4405914,8345.88,8.15,6771.92,1139.51,5.24,109.14,Heavy
SUB9165786,5946.17,5.807,5653.42,584.33,2.64,8.65,Heavy
SUB5177927,1725.91,1.685,1633.14,70.17,9.41,78.93,Light
SUB5876831,683.47,0.667,610.23,46.64,0.74,10.7,Light
SUB6032403,2262.5,2.209,2034.87,184.11,6.95,1.76,Moderate
SUB4229065,1710.75,1.671,1577.51,124.7,0.7,4.89,Light
SUB1587426,5374.38,5.248,3725.05,984.01,5.26,116.0,Heavy
SUB4430460,15660.94,15.294,14798.29,359.78,32.7,226.69,Power_User
SUB2131614,927.3,0.906,695.13,138.67,5.38,121.8,Light
SUB9003029,780.69,0.762,664.07,86.17,0.9,29.63,Light
SUB3466507,1979.07,1.933,1599.14,189.7,17.22,27.15,Light
SUB6418673,1829.83,1.787,1434.99,155.11,1.27,23.47,Light
SUB1776385,2049.4,2.001,1126.99,761.0,1.44,32.81,Moderate
SUB8464370,32958.23,32.186,32362.83,1320.15,14.72,79.98,Power_User
SUB5559512,1543.15,1.507,806.98,294.21,26.03,230.01,Light
SUB7519453,2580.9,2.52,1185.96,1012.42,27.07,75.03,Moderate
SUB7846090,2355.46,2.3,2477.43,42.2,33.45,0.0,Moderate
SUB9607964,1776.75,1.735,1431.32,227.74,1.56,103.07,Light
SUB3995353,2580.12,2.52,1145.98,1129.16,0.89,32.44,Moderate
SUB2675255,7422.25,7.248,5994.82,834.15,5.55,32.71,Heavy
SUB9873208,573.01,0.56,367.29,148.21,5.57,48.73,Light
SUB2908151,639.67,0.625,286.57,228.24,5.37,35.3,Light
SUB4289363,299.67,0.293,155.94,23.17,13.38,63.89,Very_Light
SUB3786202,11731.05,11.456,12027.42,238.68,4.11,63.78,Power_User
SUB8713409,1741.91,1.701,1500.75,127.87,0.34,3.42,Light
SUB5209229,1452.23,1.418,1374.99,63.1,1.49,6.62,Light
SUB2649379,3137.32,3.064,2090.38,1130.7,3.84,66.2,Moderate
SUB6551093,1034.44,1.01,896.71,35.31,0.29,0.0,Light
SUB3392001,447.39,0.437,70.52,168.56,0.11,163.23,Very_Light
SUB3316830,1676.21,1.637,68.45,1347.55,4.25,198.06,Light
SUB2233387,6117.02,5.974,5791.94,305.27,1.63,4.33,Heavy
SUB8625417,299.56,0.293,154.53,48.12,1.86,28.22,Very_Light
SUB9439426,2647.9,2.586,2766.06,72.34,0.15,31.15,Moderate
SUB3249119,6068.71,5.926,5476.56,132.91,28.87,34.64,Heavy
SUB3451603,1260.33,1.231,595.28,553.51,21.09,89.23,Light
SUB2497116,1312.17,1.281,1077.93,89.93,0.84,1.89,Light
SUB6571944,1763.98,1.723,1479.48,153.78,2.23,0.74,Light
SUB9584036,2573.26,2.513,1973.17,491.55,0.33,9.4,Moderate
SUB5595772,724.64,0.708,574.79,113.26,2.34,17.23,Light
SUB5289991,1223.07,1.194,1127.23,23.66,3.05,1.47,Light
SUB6741638,6021.94,5.881,3524.1,1687.41,5.47,763.66,Heavy
SUB7052677,13833.09,13.509,11849.85,1194.69,15.1,24.09,Power_User
SUB4807114,637.78,0.623,270.47,273.07,0.38,21.47,Light
SUB9224767,7347.61,7.175,5214.91,1786.08,50.93,149.18,Heavy
SUB7582123,846.2,0.826,362.33,386.33,18.76,72.32,Light
SUB7805969,2546.88,2.487,2447.12,74.3,2.73,30.09,Moderate
SUB4981048,17630.32,17.217,15710.25,926.51,3.34,155.59,Power_User
SUB7079422,749.39,0.732,277.56,421.03,4.34,0.0,Light
SUB6636589,2405.33,2.349,946.93,1215.24,23.98,0.0,Moderate
SUB8946321,2487.59,2.429,1997.84,329.02,1.75,6.0,Moderate
SUB2671179,975.38,0.953,620.78,190.3,5.07,77.31,Light
SUB9484102,8246.19,8.053,8355.62,299.51,19.23,170.45,Heavy
SUB4228409,3799.32,3.71,2787.68,926.48,13.07,6.33,Moderate
SUB9227953,475.41,0.464,235.69,121.62,1.54,81.86,Very_Light
SUB5898841,196.06,0.191,31.21,113.24,0.64,41.9,Very_Light
SUB9324878,1890.49,1.846,1155.0,524.69,3.91,48.29,Light
SUB4014130,6122.06,5.979,5584.88,260.36,8.55,3.01,Heavy
SUB8592443,803.48,0.785,238.37,414.06,6.23,152.73,Light
SUB9328736,2872.8,2.805,2106.0,481.38,1.02,71.39,Moderate
SUB5747492,1822.62,1.78,1639.16,87.47,1.22,38.69,Light
SUB3111278,3478.22,3.397,3131.81,107.26,1.29,59.47,Moderate
SUB8975518,6599.21,6.445,5891.56,197.01,29.41,11.18,Heavy
SUB1216651,989.16,0.966,478.64,248.57,6.58,136.01,Light
SUB9305530,1775.24,1.734,1370.38,251.19,1.2,1.04,Light
SUB7620661,1719.7,1.679,1282.69,274.38,0.49,35.19,Light
SUB7367038,3542.95,3.46,3063.01,537.47,6.27,70.02,Moderate
SUB8572491,52.17,0.051,19.15,10.08,0.37,1.18,Very_Light
SUB1605502,544.92,0.532,74.61,322.3,2.16,103.99,Light
SUB3535244,762.28,0.744,615.5,49.11,2.28,92.16,Light
SUB2560155,139.69,0.136,82.39,27.57,0.95,10.75,Very_Light
SUB2611589,541.04,0.528,380.57,48.23,0.15,29.44,Light
SUB1468163,12745.92,12.447,10638.49,1361.17,20.34,259.71,Power_User
SUB1770008,7066.68,6.901,6208.29,339.56,22.48,81.69,Heavy
SUB5498907,417.65,0.408,188.69,112.38,3.96,34.83,Very_Light
SUB4000102,2009.35,1.962,1831.59,129.3,11.78,62.93,Light
SUB7589763,3232.67,3.157,1795.0,1027.24,5.26,70.91,Moderate
SUB8686906,3415.15,3.335,3279.81,115.62,6.09,54.27,Moderate
SUB3378772,10689.96,10.439,9452.14,473.2,9.47,9.02,Power_User
SUB4476452,27081.12,26.446,25721.88,632.21,6.77,64.61,Power_User
SUB4397559,8581.11,8.38,7434.07,1354.12,14.11,51.61,Heavy
SUB9737345,1075.85,1.051,917.03,184.17,0.97,27.55,Light
SUB3821562,3406.55,3.327,2622.69,607.96,5.04,18.97,Moderate
SUB6740592,4936.49,4.821,3834.56,914.62,1.44,73.34,Moderate
SUB2512185,7108.47,6.942,6001.42,902.1,5.25,62.0,Heavy
SUB9570209,1506.68,1.471,1214.82,62.08,0.37,27.81,Light
SUB5262986,8911.15,8.702,9050.99,330.13,3.22,11.16,Heavy
SUB4368737,888.17,0.867,301.17,426.77,9.85,6.23,Light
SUB3544544,1696.39,1.657,700.18,772.27,1.61,15.53,Light
SUB6325910,13367.54,13.054,10689.07,1373.78,3.15,139.84,Power_User
SUB6363240,1083.36,1.058,975.19,72.89,6.05,0.76,Light
SUB3028217,1344.54,1.313,1176.95,120.05,8.94,58.3,Light
SUB1659297,703.21,0.687,234.25,176.78,4.8,254.52,Light
SUB7985481,2878.94,2.811,1043.67,1407.57,14.09,127.33,Moderate
SUB6748777,4591.85,4.484,3696.05,1276.51,0.33,32.25,Moderate
SUB8226460,21522.71,21.018,18761.06,895.61,34.84,169.04,Power_User
SUB6506774,13534.66,13.217,12714.53,100.22,10.28,151.45,Power_User
SUB9977914,8109.46,7.919,7457.64,247.35,9.9,58.63,Heavy
SUB6237264,3200.83,3.126,2018.59,753.93,2.2,83.91,Moderate
SUB2445819,1530.87,1.495,1046.77,443.82,10.53,58.08,Light
SUB3233969,3521.92,3.439,2375.47,1193.38,43.09,5.97,Moderate
SUB1192803,2469.01,2.411,1787.65,330.99,4.14,112.54,Moderate
SUB3453039,317.9,0.31,236.72,70.11,1.61,4.13,Very_Light
SUB6959776,848.11,0.828,457.57,427.53,1.15,0.0,Light
SUB8352182,643.07,0.628,540.19,65.07,0.92,7.25,Light
SUB6431369,1750.57,1.71,1335.8,179.81,0.42,47.37,Light
SUB7153283,1144.02,1.117,948.02,17.91,0.12,80.16,Light
SUB7132469,11246.73,10.983,10891.91,474.56,4.81,31.48,Power_User
SUB7491212,431.68,0.422,386.44,38.23,5.53,3.68,Very_Light
SUB9220879,2817.08,2.751,2203.97,614.48,8.11,179.18,Moderate
SUB8205273,694.26,0.678,495.1,109.4,5.54,46.89,Light
SUB5528458,17023.19,16.624,15268.64,584.95,8.37,2.09,Power_User
SUB5327219,1093.48,1.068,647.14,186.55,8.87,224.27,Light
SUB1777150,3891.23,3.8,3220.22,335.55,0.83,9.45,Moderate
SUB7316851,1370.63,1.339,1264.16,104.54,0.67,21.07,Light
SUB6472587,4109.14,4.013,3466.87,350.24,1.47,42.55,Moderate
SUB3321991,13480.67,13.165,10499.93,1505.96,18.45,174.13,Power_User
SUB6462762,258.85,0.253,169.94,66.5,1.05,1.79,Very_Light
SUB2676099,10882.14,10.627,9160.36,482.01,15.54,316.43,Power_User
SUB3090651,273.46,0.267,32.73,147.68,6.98,28.32,Very_Light
SUB6855113,797.02,0.778,694.66,143.36,0.83,1.05,Light
SUB1527169,472.87,0.462,362.98,26.94,3.18,23.85,Very_Light
SUB8123801,3107.12,3.034,2562.95,142.07,2.13,90.44,Moderate
SUB4781876,925.45,0.904,619.95,127.19,4.07,18.49,Light
SUB6065521,563.5,0.55,271.19,243.95,16.95,6.81,Light
SUB2897465,7160.22,6.992,5220.76,2052.38,0.99,21.58,Heavy
SUB3263567,1757.32,1.716,224.64,1374.17,2.35,159.49,Light
SUB6698485,6885.5,6.724,5597.9,697.83,1.51,26.46,Heavy
SUB5665770,1188.01,1.16,576.29,406.46,0.47,47.43,Light
SUB9536341,4941.19,4.825,4151.11,462.74,16.15,67.53,Moderate
SUB9683585,25562.48,24.963,26061.54,354.61,1.12,158.69,Power_User
SUB3724006,830.99,0.812,487.43,169.89,1.5,136.29,Light
SUB2119816,4788.47,4.676,3420.01,840.19,0.78,46.26,Moderate
SUB6168949,436.22,0.426,305.46,91.04,2.23,45.9,Very_Light
SUB4971183,2656.11,2.594,2569.67,90.38,0.65,19.2,Moderate
SUB4972369,3538.04,3.455,972.97,2173.65,50.9,25.85,Moderate
SUB5550038,2254.88,2.202,1261.18,604.7,0.39,159.57,Moderate
SUB4226250,15569.18,15.204,15721.32,396.05,56.93,862.65,Power_User
SUB3470950,7703.41,7.523,7175.13,539.4,7.15,1.57,Heavy
SUB7410563,2505.32,2.447,1348.56,877.11,1.17,54.75,Moderate
SUB9789784,5099.95,4.98,3696.69,739.11,32.54,63.01,Moderate
SUB2043423,581.55,0.568,305.91,108.15,15.74,0.94,Light
SUB9315308,4722.65,4.612,4341.79,114.73,11.03,50.14,Moderate
SUB3517626,4015.85,3.922,3898.96,90.77,3.53,49.13,Moderate
SUB1092889,3299.39,3.222,2679.01,723.76,4.24,82.99,Moderate
SUB1717884,2043.33,1.995,1229.04,565.11,9.18,135.8,Light
SUB5609635,1029.99,1.006,365.03,557.47,0.99,19.99,Light
SUB3798945,839.32,0.82,299.74,236.12,1.9,178.39,Light
SUB5415880,3994.65,3.901,3482.98,224.39,2.26,12.53,Moderate
SUB4102923,1730.8,1.69,1011.85,433.94,21.51,125.98,Light
SUB7616243,2236.64,2.184,1186.12,702.45,19.71,182.68,Moderate
SUB8615487,3403.67,3.324,2466.59,717.46,14.13,183.86,Moderate
SUB4137877,3104.44,3.032,1288.44,1582.09,1.67,158.18,Moderate
SUB5448388,3287.93,3.211,2387.87,558.0,37.47,35.98,Moderate
SUB9518074,4673.3,4.564,3347.92,697.19,1.06,248.87,Moderate
SUB8370563,665.21,0.65,515.86,61.96,0.67,2.47,Light
SUB8751066,908.3,0.887,793.66,86.9,1.55,6.23,Light
SUB2594575,15107.77,14.754,13138.18,791.96,27.93,0.88,Power_User
SUB7145660,10409.61,10.166,9911.53,396.67,44.95,0.66,Power_User
SUB2732329,1481.61,1.447,1004.05,311.6,3.26,10.35,Light
SUB2857084,1133.52,1.107,772.04,111.56,4.13,81.22,Light
SUB2394994,1344.46,1.313,1052.78,223.17,0.39,23.13,Light
SUB5514057,1176.84,1.149,585.42,460.7,2.83,0.0,Light
SUB2546557,2802.59,2.737,2554.45,339.33,2.77,39.8,Moderate
SUB8398512,2070.39,2.022,1053.23,785.26,9.46,3.5,Moderate
SUB8084932,4537.52,4.431,3967.79,19.07,0.6,64.18,Moderate
SUB5968901,5391.26,5.265,4510.47,131.15,7.7,387.85,Heavy
SUB4200890,808.19,0.789,686.87,10.01,1.29,0.95,Light
SUB1029882,1172.25,1.145,1221.28,6.85,5.94,3.77,Light
SUB3675518,7196.53,7.028,5990.26,333.99,0.0,405.2,Heavy
SUB2398705,9232.37,9.016,8068.66,1150.7,24.71,322.19,Heavy
SUB7211715,241.23,0.236,112.38,51.29,1.56,31.5,Very_Light
SUB7804327,421.47,0.412,291.09,66.53,0.19,18.43,Very_Light
SUB5817530,994.71,0.971,903.69,123.67,0.73,17.96,Light
SUB7934063,80.71,0.079,4.86,40.15,2.33,7.47,Very_Light
SUB1556831,1406.18,1.373,880.86,369.89,0.55,2.45,Light
SUB7711987,4792.21,4.68,4291.96,874.01,5.76,37.07,Moderate
SUB5597577,1122.89,1.097,995.5,86.87,0.33,0.69,Light
SUB6132869,3009.57,2.939,2843.43,227.67,5.4,51.52,Moderate
SUB9762127,1036.37,1.012,607.49,219.34,3.14,91.82,Light
SUB8482426,1074.92,1.05,694.69,224.81,3.27,64.48,Light
SUB8934132,3080.92,3.009,2649.16,175.03,1.3,40.69,Moderate
SUB8111905,725.72,0.709,485.66,94.25,2.74,50.62,Light
SUB3030888,2493.75,2.435,1989.01,360.98,8.02,35.01,Moderate
SUB2037904,298.65,0.292,118.68,121.04,0.94,38.77,Very_Light
SUB6634222,2616.24,2.555,1902.19,715.47,12.13,16.61,Moderate
SUB7046941,189.14,0.185,98.87,40.93,0.19,1.75,Very_Light
SUB7388406,714.48,0.698,588.66,33.77,0.86,4.0,Light
SUB5369246,878.51,0.858,360.3,433.54,0.56,0.97,Light
SUB9353170,5003.31,4.886,4503.62,692.79,13.47,186.23,Moderate
SUB8642897,447.97,0.437,204.08,139.94,0.5,10.82,Very_Light
SUB9661351,666.85,0.651,373.42,110.28,8.2,30.03,Light
SUB9723346,4061.97,3.967,2902.98,842.42,1.05,24.74,Moderate
SUB7767414,1533.65,1.498,1182.01,354.17,0.81,4.82,Light
SUB6901179,1024.19,1.0,731.79,116.11,1.88,43.92,Light
SUB9254080,581.52,0.568,309.39,235.87,0.46,0.0,Light
SUB8013383,3968.71,3.876,2368.01,1122.95,4.39,99.68,Moderate
SUB1197170,1478.45,1.444,1404.7,104.52,15.74,9.8,Light
SUB6614058,260.91,0.255,194.4,7.38,0.27,14.63,Very_Light
SUB6423444,15606.32,15.241,15535.27,367.51,5.28,22.68,Power_User
SUB8360983,577.76,0.564,200.25,239.49,0.12,15.04,Light
SUB5374296,2697.42,2.634,1466.34,1181.85,48.15,41.23,Moderate
SUB5765358,10918.93,10.663,9236.2,2394.49,29.63,338.93,Power_User
SUB8499455,402.87,0.393,129.61,174.91,1.33,8.49,Very_Light
SUB3574584,1686.46,1.647,1359.59,139.89,0.69,15.24,Light
SUB8782634,1602.75,1.565,1204.47,369.35,18.01,39.64,Light
SUB5990044,4046.85,3.952,3116.87,558.11,36.47,189.16,Moderate
SUB3565513,298.85,0.292,141.68,28.09,1.02,45.36,Very_Light
SUB4567008,455.94,0.445,407.92,19.65,0.0,0.0,Very_Light
SUB1447095,305.62,0.298,197.28,70.41,0.33,3.3,Very_Light
SUB7824464,1129.32,1.103,1109.43,25.45,4.41,5.78,Light
SUB3701433,624.27,0.61,540.86,46.86,0.15,0.0,Light
SUB7600713,238.14,0.233,66.87,90.92,0.34,18.88,Very_Light
SUB1835358,5242.39,5.12,5013.6,251.51,2.05,12.61,Heavy
SUB2971472,2749.42,2.685,2105.13,389.06,0.95,96.76,Moderate
SUB2079229,7843.07,7.659,6764.73,335.94,12.3,167.87,Heavy
SUB2140441,4057.74,3.963,3767.49,380.65,7.54,19.09,Moderate
SUB2194447,731.23,0.714,436.79,301.93,8.88,20.75,Light
SUB7539991,19519.62,19.062,19478.76,1264.44,13.31,84.19,Power_User
SUB2587916,6835.78,6.676,5175.15,1173.42,19.7,175.68,Heavy
SUB3234268,371.18,0.362,170.24,119.04,0.38,42.81,Very_Light
SUB7442399,1345.53,1.314,1120.94,116.6,1.87,12.87,Light
SUB3603087,6112.16,5.969,5453.02,38.2,2.0,29.09,Heavy
SUB5961826,4934.89,4.819,3756.65,1160.08,8.25,3.43,Moderate
SUB6199648,421.13,0.411,294.26,97.05,1.16,4.7,Very_Light
SUB7636708,2404.15,2.348,2274.67,64.18,10.88,113.74,Moderate
SUB1049892,1194.64,1.167,837.95,192.25,1.39,6.76,Light
SUB7473049,1691.38,1.652,1389.08,123.73,8.54,49.32,Light
SUB6072237,1809.41,1.767,1663.85,24.44,4.93,74.39,Light
SUB8030736,1937.39,1.892,1619.32,210.88,3.04,6.21,Light
SUB9734143,5484.2,5.356,4880.89,689.04,9.09,145.18,Heavy
SUB7571520,975.81,0.953,372.09,380.28,1.43,203.28,Light
SUB4118113,2062.62,2.014,853.85,1005.72,3.94,20.79,Moderate
SUB7060297,3375.18,3.296,3254.89,190.86,24.06,5.72,Moderate
SUB3222854,6771.65,6.613,5876.57,303.05,21.5,22.76,Heavy
SUB4292239,4199.56,4.101,3877.0,448.68,1.12,13.2,Moderate
SUB1915108,7258.64,7.089,7150.4,22.3,4.96,155.27,Heavy
SUB5877323,6545.52,6.392,5041.57,1158.24,0.41,85.35,Heavy
SUB3384272,64.73,0.063,28.42,13.63,0.69,6.31,Very_Light
SUB3820377,569.42,0.556,481.94,85.0,1.79,1.75,Light
SUB2418351,2765.32,2.701,2564.13,284.87,0.12,1.12,Moderate
SUB5917970,17802.85,17.386,16114.82,92.73,0.4,2.84,Power_User
SUB4726713,12186.51,11.901,11251.98,1352.2,6.51,37.27,Power_User
SUB9983278,4291.81,4.191,3822.49,324.94,7.13,118.97,Moderate
SUB1180116,1131.0,1.104,908.71,230.73,5.47,10.05,Light
SUB1787001,1098.56,1.073,849.21,268.05,7.18,23.11,Light
SUB6048245,475.69,0.465,90.85,308.37,0.86,9.18,Very_Light
SUB9683790,1321.84,1.291,1133.43,96.79,0.1,34.88,Light
SUB2252825,5302.99,5.179,3969.4,1022.43,7.01,80.01,Heavy
SUB3302690,1555.11,1.519,813.31,597.77,3.83,32.93,Light
SUB1722153,1209.48,1.181,779.69,227.52,12.71,31.11,Light
SUB4446010,1748.02,1.707,1251.57,528.63,11.36,11.28,Light
SUB7492922,6697.29,6.54,5918.23,668.66,26.06,104.95,Heavy
SUB8315845,1455.75,1.422,1291.46,18.93,3.84,131.4,Light
SUB3569395,2081.38,2.033,860.07,773.78,20.23,123.47,Moderate
SUB4332951,808.2,0.789,292.01,335.59,0.7,2.15,Light
SUB1311416,749.39,0.732,505.51,75.85,3.09,58.7,Light
SUB1137980,1993.08,1.946,1490.78,290.77,1.58,33.56,Light
SUB3501212,19240.72,18.79,16513.46,2334.19,0.47,2.7,Power_User
SUB8129343,2228.82,2.177,1730.31,306.79,3.75,39.97,Moderate
SUB6835615,1465.33,1.431,744.83,510.19,13.51,9.7,Light
SUB5924191,940.96,0.919,566.44,225.74,2.17,35.3,Light
SUB1824765,5242.86,5.12,4717.67,37.34,3.82,52.88,Heavy
SUB1907651,3163.21,3.089,2332.73,840.33,0.15,21.5,Moderate
SUB2350417,5109.61,4.99,3439.33,1958.99,6.83,100.59,Moderate
SUB7046946,4459.14,4.355,2558.54,719.6,11.76,635.83,Moderate
SUB7702705,664.22,0.649,102.98,518.69,2.8,16.77,Light
SUB1990391,6232.83,6.087,4558.02,1519.94,31.53,54.03,Heavy
SUB5249367,809.27,0.79,645.98,83.19,1.02,6.41,Light
SUB7835084,815.95,0.797,469.11,256.09,1.77,13.63,Light
SUB1587069,754.31,0.737,427.73,106.23,2.75,106.9,Light
SUB4947061,2002.29,1.955,1402.8,523.65,0.33,11.42,Light
SUB4156366,1738.71,1.698,1491.87,236.85,3.82,3.86,Light
SUB7198980,3189.99,3.115,2086.67,1001.2,3.05,181.36,Moderate
SUB3315138,15035.08,14.683,12093.05,1537.79,8.6,222.8,Power_User
SUB6549348,3885.18,3.794,3493.0,188.16,0.9,19.0,Moderate
SUB5415972,3067.06,2.995,2027.42,440.79,10.21,264.42,Moderate
SUB7586242,1114.09,1.088,797.56,220.02,15.36,16.5,Light
SUB1549666,2287.72,2.234,1721.4,332.06,2.36,59.36,Moderate
SUB4983027,1064.76,1.04,782.28,238.98,1.93,35.41,Light
SUB8675862,11533.99,11.264,9768.05,664.88,7.02,164.47,Power_User
SUB9347131,133.49,0.13,15.37,92.77,1.2,6.35,Very_Light
SUB6605085,1223.13,1.194,833.82,272.75,1.17,4.74,Light
SUB5782969,372.67,0.364,283.46,23.67,0.38,4.95,Very_Light
SUB8076083,555.02,0.542,247.87,128.18,6.91,91.77,Light
SUB5773283,2153.95,2.103,1630.24,310.96,11.73,58.32,Moderate
SUB3059417,2001.39,1.954,1484.07,162.94,1.3,116.84,Light
SUB8797551,4975.64,4.859,4896.47,98.56,18.49,14.38,Moderate
SUB8794087,350.58,0.342,121.01,173.53,3.62,3.38,Very_Light
SUB5188432,2403.72,2.347,1525.48,547.91,30.64,113.53,Moderate
SUB3408359,1107.48,1.082,665.51,229.09,11.2,102.69,Light
SUB5810374,10781.43,10.529,11277.92,289.92,5.29,5.58,Power_User
SUB2832760,6125.65,5.982,5160.88,573.28,7.72,22.4,Heavy
SUB3442367,3909.01,3.817,3806.1,71.65,0.18,15.96,Moderate
SUB7847101,1998.92,1.952,1697.6,305.79,1.37,19.82,Light
SUB3539065,4264.64,4.165,3467.84,426.63,2.65,132.2,Moderate
SUB3026091,951.48,0.929,365.7,386.75,23.03,115.84,Light
SUB4731622,1596.25,1.559,1323.29,69.79,5.32,10.15,Light
SUB8785363,1499.54,1.464,1213.64,15.41,0.07,65.38,Light
SUB4087686,3617.04,3.532,2383.8,1302.16,69.19,106.28,Moderate
SUB1954227,9695.37,9.468,8668.4,1096.95,3.13,0.0,Heavy
SUB5072476,1433.7,1.4,1237.18,107.84,0.65,12.25,Light
SUB5827976,188.64,0.184,93.74,53.81,4.76,0.0,Very_Light
SUB4398499,4453.49,4.349,3218.06,1598.66,3.21,13.82,Moderate
SUB1058031,5794.69,5.659,6129.13,69.71,22.15,18.79,Heavy
SUB9259282,1686.14,1.647,1336.73,325.86,0.79,36.46,Light
SUB3451550,458.04,0.447,236.87,68.65,6.24,94.44,Very_Light
SUB3081552,936.59,0.915,147.91,535.39,15.19,118.77,Light
SUB8310982,2434.24,2.377,1067.24,1250.45,0.42,24.7,Moderate
SUB2178642,3447.98,3.367,3255.56,108.88,0.96,12.61,Moderate
SUB6381862,2564.22,2.504,2362.0,234.77,3.64,4.9,Moderate
SUB8604869,3774.74,3.686,2933.26,513.01,5.23,1.66,Moderate
SUB8979633,2708.92,2.645,1522.22,890.46,10.42,22.28,Moderate
SUB5111932,1447.06,1.413,1232.27,102.31,4.06,114.65,Light
SUB2734441,950.27,0.928,673.08,173.23,3.08,90.01,Light
SUB2252876,933.71,0.912,895.07,51.59,0.09,52.56,Light
SUB8937108,1268.04,1.238,1258.96,37.08,1.73,1.87,Light
SUB3960841,4766.65,4.655,3425.51,767.81,9.96,56.72,Moderate
SUB8745073,1727.77,1.687,1542.14,110.38,1.36,65.13,Light
SUB3592859,2602.07,2.541,1744.56,614.99,7.11,129.66,Moderate
SUB8992388,2300.09,2.246,973.14,1273.96,0.27,162.82,Moderate
SUB6767204,5202.13,5.08,2711.17,1798.05,25.2,366.33,Heavy
SUB8696124,2428.98,2.372,1973.0,448.15,6.61,33.16,Moderate
SUB2918715,922.37,0.901,486.08,372.69,0.61,12.72,Light
SUB7854795,1784.36,1.743,1638.45,166.39,11.96,1.3,Light
SUB9880121,9496.07,9.274,8601.46,1269.29,15.69,278.68,Heavy
SUB3177890,2344.18,2.289,1808.8,252.46,28.82,27.86,Moderate
SUB5267905,5072.28,4.953,4112.72,434.63,1.49,26.2,Moderate
SUB4175601,1164.64,1.137,780.23,358.26,8.21,5.43,Light
SUB2740584,16356.35,15.973,15255.51,258.77,27.32,56.56,Power_User
SUB4217196,798.02,0.779,535.52,49.43,3.57,111.68,Light
SUB6251208,1959.55,1.914,1653.83,267.12,4.59,56.59,Light
SUB9526013,12064.23,11.781,9407.66,1515.22,10.03,41.9,Power_User
SUB8067263,3203.18,3.128,2185.64,612.4,3.49,16.89,Moderate
SUB9509781,955.12,0.933,679.17,252.06,33.45,22.23,Light
SUB1046638,2734.07,2.67,1950.81,774.23,6.23,115.29,Moderate
SUB6444555,2468.88,2.411,1292.79,1254.1,5.74,0.0,Moderate
SUB2162496,1279.41,1.249,933.44,376.38,7.83,33.61,Light
SUB9236843,1819.71,1.777,1451.17,431.28,0.65,0.84,Light
SUB5151538,11722.92,11.448,12199.53,629.38,0.93,39.54,Power_User
SUB8776018,3867.82,3.777,3441.16,380.86,12.79,90.26,Moderate
SUB3105039,28786.16,28.111,27849.71,2086.17,21.8,233.17,Power_User
SUB3064798,4460.45,4.356,4033.3,48.35,1.09,48.95,Moderate
SUB3850418,1211.94,1.184,1033.57,56.73,0.15,49.27,Light
SUB4119810,115.78,0.113,39.26,9.87,1.17,43.4,Very_Light
SUB1821929,6499.08,6.347,5584.07,129.64,4.59,231.3,Heavy
SUB7647162,174.5,0.17,58.47,69.96,0.44,0.95,Very_Light
SUB5910673,1750.4,1.709,1421.31,199.93,6.5,60.1,Light
SUB8846540,687.11,0.671,569.88,87.33,0.9,13.13,Light
SUB4772217,452.17,0.442,310.02,53.25,3.83,2.3,Very_Light
SUB3027842,413.15,0.403,83.05,255.55,6.96,29.67,Very_Light
SUB6212281,1712.28,1.672,997.01,385.8,23.59,9.79,Light
SUB1734459,2626.79,2.565,1261.86,1267.16,5.75,133.88,Moderate
SUB8718742,14887.94,14.539,13937.3,295.98,4.88,120.01,Power_User
SUB3306648,1748.37,1.707,1254.8,393.98,0.83,25.08,Light
SUB3789850,1459.01,1.425,1382.82,71.57,1.26,21.31,Light
SUB3703934,3489.39,3.408,2128.2,968.36,10.61,124.95,Moderate
SUB9697318,1356.29,1.325,1213.26,107.46,3.56,0.0,Light
SUB5541912,1179.23,1.152,1171.85,80.16,0.24,1.44,Light
SUB4903869,3790.15,3.701,3312.41,305.81,7.05,81.51,Moderate
SUB6371159,579.24,0.566,96.97,315.18,0.0,11.87,Light
SUB3451976,2672.57,2.61,1788.39,839.54,8.61,3.04,Moderate
SUB4197860,1789.34,1.747,1414.27,59.09,2.85,56.7,Light
SUB5680018,2537.84,2.478,1813.44,681.52,0.77,0.0,Moderate
SUB3780596,1900.72,1.856,1519.98,353.61,4.05,19.41,Light
SUB5040015,8328.82,8.134,7679.69,1307.9,1.68,19.52,Heavy
SUB5870807,32862.52,32.092,29848.73,1579.38,22.55,0.0,Power_User
SUB4237355,558.22,0.545,244.94,211.27,0.78,23.33,Light
SUB1122772,1408.18,1.375,1077.15,177.11,3.3,18.18,Light
SUB5077411,1151.28,1.124,970.86,162.36,13.27,49.9,Light
SUB6472295,683.95,0.668,142.72,327.3,14.99,25.74,Light
SUB7957038,1440.28,1.407,1443.43,57.85,1.74,0.78,Light
SUB6756157,1660.82,1.622,1092.28,362.69,9.42,5.64,Light
SUB8356148,3679.12,3.593,3400.75,544.59,3.83,45.41,Moderate
SUB3801329,6629.18,6.474,4020.51,1747.43,26.95,64.81,Heavy
SUB7525438,1180.53,1.153,885.97,92.59,2.33,53.92,Light
SUB9680407,792.98,0.774,550.2,135.12,7.09,6.38,Light
SUB9577482,810.34,0.791,577.71,119.25,4.16,5.28,Light
SUB8223153,182.65,0.178,88.38,54.2,0.49,3.08,Very_Light
SUB7727897,1736.91,1.696,1375.3,349.17,0.69,18.58,Light
SUB6433962,1424.81,1.391,752.72,413.4,2.97,122.85,Light
SUB1473818,6728.99,6.571,5588.65,581.32,5.24,42.24,Heavy
SUB4035865,878.14,0.858,292.13,357.68,0.2,209.66,Light
SUB4883424,4378.05,4.275,3247.34,685.05,4.43,14.73,Moderate
SUB4231365,481.44,0.47,41.69,451.12,8.22,1.48,Very_Light
SUB7766699,2571.15,2.511,2247.72,175.41,0.64,36.52,Moderate
SUB4828295,1779.5,1.738,1602.74,90.92,4.85,1.86,Light
SUB2724833,1460.19,1.426,480.91,771.24,73.08,3.76,Light
SUB9975979,13340.21,13.028,12235.24,869.64,1.87,9.18,Power_User
SUB9193421,801.72,0.783,109.94,234.89,76.08,372.46,Light
SUB6864719,643.15,0.628,373.53,164.69,0.72,31.37,Light
SUB4764040,2255.16,2.202,2291.05,28.85,1.47,42.74,Moderate
SUB7110793,5517.26,5.388,4793.08,198.95,5.22,25.07,Heavy
SUB7553855,665.36,0.65,522.39,105.94,0.37,36.05,Light
SUB4660880,1831.69,1.789,1283.73,370.48,3.01,0.0,Light
SUB9596235,606.99,0.593,276.52,181.79,4.76,72.21,Light
SUB6782655,771.69,0.754,581.24,162.52,3.77,5.6,Light
SUB4646277,1708.65,1.669,1468.7,231.67,0.44,46.15,Light
SUB2592210,2058.29,2.01,1693.67,52.04,20.59,50.51,Moderate
SUB3918634,20130.32,19.659,17984.86,486.46,0.67,0.58,Power_User
SUB7562344,8509.04,8.31,7195.38,592.23,20.68,210.94,Heavy
SUB8401628,2061.02,2.013,1084.09,720.04,1.01,7.95,Moderate
SUB4884485,1022.09,0.998,843.1,65.68,0.08,47.53,Light
SUB2991226,1912.99,1.868,1333.04,527.05,1.54,36.76,Light
SUB1829119,2405.84,2.349,1659.65,359.92,0.31,156.38,Moderate
SUB2054853,764.51,0.747,606.91,72.96,0.47,2.23,Light
SUB6042596,6390.83,6.241,6061.69,236.31,22.11,6.43,Heavy
SUB7424788,15325.49,14.966,14223.56,2000.31,2.8,19.69,Power_User
SUB4386243,6476.43,6.325,5634.05,210.48,1.14,8.79,Heavy
SUB9124897,1148.51,1.122,648.67,501.92,2.85,51.28,Light
SUB9675493,1324.52,1.293,1182.09,131.18,6.94,1.71,Light
SUB4445083,4573.51,4.466,3730.81,146.89,0.64,217.14,Moderate
SUB5977037,339.13,0.331,189.21,110.23,5.57,0.0,Very_Light
SUB2535410,572.89,0.559,426.94,30.71,1.62,76.04,Light
SUB1349760,2640.91,2.579,1830.53,400.56,21.61,278.41,Moderate
SUB8490526,8679.95,8.477,8103.53,1181.34,0.0,30.62,Heavy
SUB6827278,2474.24,2.416,967.51,1355.64,2.86,16.6,Moderate
SUB1296177,3229.98,3.154,2508.47,421.72,0.29,1.03,Moderate
SUB7074525,1045.21,1.021,1037.31,34.72,3.19,7.45,Light
SUB4406433,6092.74,5.95,5798.46,267.37,9.7,164.28,Heavy
SUB1012938,2766.92,2.702,2028.13,292.06,7.58,158.12,Moderate
SUB2179418,11574.39,11.303,8457.35,1925.76,2.78,380.56,Power_User
SUB1994199,5095.14,4.976,4270.89,518.81,22.16,157.79,Moderate
SUB6507298,1912.28,1.867,1213.73,376.36,24.01,69.58,Light
SUB2919398,775.39,0.757,495.27,216.85,5.39,26.61,Light
SUB7716487,2775.86,2.711,2331.72,404.81,3.62,7.62,Moderate
SUB4614962,4011.59,3.918,3687.3,602.1,3.91,6.39,Moderate
SUB6133783,1715.48,1.675,523.34,505.31,45.32,498.19,Light
SUB2185622,771.49,0.753,402.72,248.45,3.93,5.65,Light
SUB5192907,726.41,0.709,546.48,23.16,2.13,43.25,Light
SUB7630064,6316.18,6.168,5207.14,595.03,3.69,71.92,Heavy
SUB1545501,1255.37,1.226,1116.85,86.41,5.28,140.33,Light
SUB6199039,1047.52,1.023,725.42,241.04,18.48,3.34,Light
SUB6567768,7964.2,7.778,7322.2,383.42,9.93,320.14,Heavy
SUB7964587,3873.12,3.782,3505.16,71.58,0.36,23.05,Moderate
SUB2511602,2181.58,2.13,1918.83,88.02,2.84,10.92,Moderate
SUB3346118,1025.85,1.002,868.25,84.39,8.37,27.31,Light
SUB5639596,1051.65,1.027,213.46,718.38,1.55,105.72,Light
SUB4465495,6200.58,6.055,5266.96,183.44,12.37,130.09,Heavy
SUB1689746,2020.95,1.974,729.92,1013.61,77.4,355.27,Light
SUB4517155,1671.7,1.633,1193.53,247.97,5.55,56.82,Light
SUB9744047,3328.95,3.251,2849.65,539.38,1.72,0.0,Moderate
SUB5206330,1924.62,1.88,1635.82,203.85,4.6,138.73,Light
SUB3980858,559.73,0.547,317.25,172.66,4.11,11.23,Light
SUB9677596,482.79,0.471,339.28,82.86,2.68,8.51,Very_Light
SUB3554293,3898.11,3.807,3456.49,289.7,16.46,27.98,Moderate
SUB8935145,14893.95,14.545,13678.26,131.16,5.73,85.38,Power_User
SUB6590572,547.08,0.534,154.36,244.16,0.36,9.03,Light
SUB4856397,998.49,0.975,526.73,474.07,0.63,18.87,Light
SUB6831398,10283.91,10.043,8778.06,692.66,1.1,21.84,Power_User
SUB3007708,1676.87,1.638,705.42,693.55,2.07,75.45,Light
SUB9828452,8115.8,7.926,7727.67,732.83,2.58,13.1,Heavy
SUB1287249,1451.18,1.417,1152.84,137.51,0.42,46.04,Light
SUB9206294,4483.53,4.378,4238.2,67.1,0.35,189.48,Moderate
SUB7805995,1680.84,1.641,1158.42,130.99,3.11,264.54,Light
SUB5525605,2524.35,2.465,2394.28,309.64,10.25,17.79,Moderate
SUB2397955,242.33,0.237,62.7,122.45,4.93,7.14,Very_Light
SUB1770802,1253.15,1.224,547.53,337.84,4.99,189.46,Light
SUB5458795,1523.5,1.488,1044.29,289.65,22.98,41.83,Light
SUB4019579,3377.89,3.299,3039.34,92.39,3.86,92.31,Moderate
SUB5650291,1317.04,1.286,702.13,468.9,3.46,3.29,Light
SUB5319230,654.69,0.639,401.18,152.79,6.14,6.84,Light
SUB9469755,6954.37,6.791,6087.23,1383.9,2.43,8.14,Heavy
SUB8650311,3859.73,3.769,2843.04,1004.52,32.58,109.49,Moderate
SUB2592063,6567.8,6.414,4381.4,1225.89,13.18,474.45,Heavy
SUB9266602,836.02,0.816,775.14,52.55,0.3,9.94,Light
SUB7121602,2153.75,2.103,2012.47,106.87,2.64,1.42,Moderate
SUB7512324,6991.1,6.827,6072.19,623.17,8.69,209.48,Heavy
SUB3217939,5740.02,5.605,3782.53,1291.3,54.21,405.45,Heavy
SUB7405883,524.57,0.512,275.99,59.8,7.3,107.14,Light
SUB7439519,1166.41,1.139,483.84,548.4,4.65,13.35,Light
SUB7969369,1367.08,1.335,1279.24,21.84,2.26,91.91,Light
SUB5806085,6283.77,6.136,5945.09,52.28,4.43,23.43,Heavy
SUB7161018,2630.53,2.569,1755.04,566.96,2.91,146.74,Moderate
SUB9877241,479.32,0.468,277.38,136.94,4.86,7.64,Very_Light
SUB3896355,2069.7,2.021,1415.51,495.51,6.6,57.91,Moderate
SUB7371332,1568.97,1.532,622.21,952.6,8.32,2.81,Light
SUB7783564,972.21,0.949,521.84,328.53,1.81,15.26,Light
SUB1167071,1674.18,1.635,1362.33,264.53,4.84,85.84,Light
SUB2775823,2471.87,2.414,1864.56,769.86,5.29,39.84,Moderate
SUB7088960,863.28,0.843,538.66,183.58,0.67,81.14,Light
SUB8800757,98.44,0.096,15.05,45.54,0.0,10.89,Very_Light
SUB8583754,738.58,0.721,421.57,188.61,8.05,2.23,Light
SUB7629383,2519.92,2.461,1457.42,732.1,1.27,115.26,Moderate
SUB3665880,190.92,0.186,153.52,12.42,0.09,6.96,Very_Light
SUB5761631,860.66,0.84,501.38,239.16,0.92,5.05,Light
SUB3414551,2504.05,2.445,2000.5,124.3,4.97,28.52,Moderate
SUB9460827,82.76,0.081,32.78,11.71,2.95,0.0,Very_Light
SUB3807501,2566.34,2.506,2331.08,234.01,6.56,1.87,Moderate
SUB2846252,958.98,0.937,910.32,37.52,2.96,2.47,Light
SUB4764610,2310.67,2.257,1986.17,318.03,57.14,13.15,Moderate
SUB8660771,3166.88,3.093,2141.86,759.44,5.29,285.3,Moderate
SUB5912894,1269.13,1.239,1042.91,89.52,4.98,130.11,Light
SUB1366042,236.1,0.231,163.09,7.19,1.01,1.32,Very_Light
SUB6533395,4083.77,3.988,2306.45,1779.7,0.84,76.68,Moderate
SUB7451406,1980.47,1.934,1525.19,507.92,3.18,9.67,Light
SUB3264381,3373.01,3.294,2374.79,857.41,0.0,1.58,Moderate
SUB6248794,108.5,0.106,17.85,79.79,0.95,7.02,Very_Light
SUB8212648,1537.59,1.502,1393.44,58.66,0.84,7.86,Light
SUB8527467,4639.7,4.531,3492.71,570.91,8.05,14.16,Moderate
SUB7910957,7073.25,6.907,5963.06,923.11,2.13,1.08,Heavy
SUB3503821,5079.74,4.961,3089.05,2239.52,5.07,67.76,Moderate
SUB5872367,5834.98,5.698,5034.06,946.29,12.7,178.29,Heavy
SUB2238669,9126.44,8.913,5958.05,1939.74,34.77,313.06,Heavy
SUB3191951,231.99,0.227,162.14,25.01,0.3,3.03,Very_Light
SUB5816977,2740.26,2.676,2208.88,157.73,2.31,71.13,Moderate
SUB8051398,836.94,0.817,725.94,26.96,1.26,0.4,Light
SUB9339150,5829.47,5.693,5731.56,276.66,4.35,4.76,Heavy
SUB8428951,2332.39,2.278,2205.76,60.94,1.26,3.53,Moderate
SUB1924914,3740.45,3.653,3244.66,261.21,24.68,11.06,Moderate
SUB1605750,1594.82,1.557,1279.09,251.33,20.81,110.02,Light
SUB1179340,1614.94,1.577,1316.95,121.11,0.57,13.83,Light
SUB8371191,13194.24,12.885,13469.14,295.37,27.11,484.04,Power_User
SUB5236343,6573.12,6.419,5233.61,1356.35,22.73,18.76,Heavy
SUB3854414,8069.97,7.881,5798.99,1353.1,8.31,278.3,Heavy
SUB3796175,1957.75,1.912,1231.76,646.75,2.86,102.53,Light
SUB8945223,400.98,0.392,364.51,22.06,0.15,1.09,Very_Light
SUB4055068,536.29,0.524,249.35,193.91,4.03,51.96,Light
SUB6361878,3571.11,3.487,2794.75,377.5,5.06,26.3,Moderate
SUB9629932,2100.36,2.051,1408.74,367.04,0.72,199.98,Moderate
SUB5622887,3112.7,3.04,2853.27,307.89,7.11,13.07,Moderate
SUB4659248,4746.91,4.636,3621.11,1373.78,0.47,91.24,Moderate
SUB7166197,214.91,0.21,87.0,36.4,0.34,65.53,Very_Light
SUB9621837,7540.5,7.364,5458.43,1509.39,65.31,195.21,Heavy
SUB1837876,434.6,0.424,236.58,81.53,4.46,85.06,Very_Light
SUB2088894,1832.59,1.79,794.71,870.72,3.29,16.11,Light
SUB3789530,24329.91,23.76,24843.5,252.74,10.2,468.31,Power_User
SUB9512686,1970.87,1.925,1481.21,472.47,2.9,8.64,Light
SUB9428367,3291.86,3.215,1525.9,1299.75,0.4,113.83,Moderate
SUB8835958,402.46,0.393,269.07,152.73,3.44,1.9,Very_Light
SUB6923808,3009.5,2.939,2274.13,272.32,7.68,299.15,Moderate
SUB3950161,2662.19,2.6,2166.46,126.56,7.74,51.02,Moderate
SUB5561679,3773.15,3.685,2769.98,910.54,3.53,5.02,Moderate
SUB7976915,1539.15,1.503,1231.35,128.41,0.47,78.86,Light
SUB7725311,9736.79,9.509,9550.54,589.38,3.92,44.43,Heavy
SUB8671388,12178.35,11.893,10680.09,1895.97,41.8,33.18,Power_User
SUB6691357,1751.25,1.71,1407.94,332.15,2.28,14.58,Light
SUB8107936,2265.44,2.212,1195.14,975.79,19.97,22.29,Moderate
SUB4017721,1870.31,1.826,1612.92,66.89,0.28,53.26,Light
SUB6638132,1432.11,1.399,991.22,324.74,1.31,8.77,Light
SUB6653020,809.8,0.791,548.99,138.69,4.05,34.86,Light
SUB8400236,1571.81,1.535,1169.42,228.96,5.81,162.01,Light
SUB8897164,507.38,0.495,188.76,144.85,0.43,17.02,Very_Light
SUB5443131,344.61,0.337,223.52,48.15,2.75,2.75,Very_Light
SUB9633864,3431.02,3.351,1573.07,1473.9,9.85,6.39,Moderate
SUB7635543,802.65,0.784,316.0,347.54,5.7,75.43,Light
SUB1410275,1665.54,1.627,163.8,1175.36,24.16,105.05,Light
SUB8887372,806.86,0.788,588.03,177.53,2.02,55.89,Light
SUB2829210,1135.19,1.109,374.51,779.55,4.22,6.73,Light
SUB1594091,5763.59,5.629,4052.42,1358.79,4.8,8.93,Heavy
SUB1071524,2228.81,2.177,1547.03,713.11,2.27,53.09,Moderate
SUB8040326,5991.1,5.851,4486.73,1661.8,18.09,92.89,Heavy
SUB5785613,19371.87,18.918,19804.11,439.43,18.32,608.12,Power_User
SUB3832761,2442.42,2.385,2106.97,119.97,4.19,137.87,Moderate
SUB7573643,1378.36,1.346,780.93,437.19,0.45,96.72,Light
SUB3092195,1013.34,0.99,700.97,44.66,4.15,220.07,Light
SUB8342451,273.69,0.267,135.1,64.95,0.13,22.39,Very_Light
SUB1768976,2978.52,2.909,1133.6,1831.97,0.27,3.16,Moderate
SUB5631004,3594.92,3.511,2864.76,510.55,0.0,100.79,Moderate
SUB2243517,568.68,0.555,487.29,54.11,6.59,17.71,Light
SUB7145779,372.92,0.364,117.08,185.05,0.17,39.66,Very_Light
SUB5534945,528.02,0.516,308.46,170.08,4.61,2.47,Light
SUB4283287,1364.84,1.333,1081.58,177.8,27.78,28.13,Light
SUB4992852,834.35,0.815,682.75,62.18,1.14,8.52,Light
SUB9306946,1402.92,1.37,908.55,397.15,0.85,84.83,Light
SUB4137358,1761.77,1.72,1490.58,221.48,1.29,37.08,Light
SUB6184975,778.41,0.76,107.09,577.22,4.33,17.8,Light
SUB5542709,14585.14,14.243,12389.64,1111.48,3.01,24.28,Power_User
SUB5385500,5147.72,5.027,3354.5,1662.51,17.28,309.55,Heavy
SUB8784197,838.82,0.819,125.41,591.55,7.49,26.16,Light
SUB2762204,281.03,0.274,206.05,29.66,2.22,0.0,Very_Light
SUB4380795,12967.83,12.664,11762.76,479.06,7.59,17.73,Power_User
SUB9076693,5651.31,5.519,3758.34,1945.74,33.1,36.41,Heavy
SUB5531536,250.46,0.245,164.95,18.86,3.44,26.65,Very_Light
SUB9298836,549.96,0.537,262.14,188.96,12.39,26.19,Light
SUB6423666,1441.41,1.408,1132.81,242.35,0.32,6.1,Light
SUB8146423,1097.07,1.071,854.21,125.33,8.81,0.0,Light
SUB8405382,1721.25,1.681,1458.51,98.66,1.6,0.0,Light
SUB3278569,11235.31,10.972,10685.8,289.79,0.96,4.26,Power_User
SUB7532134,2679.35,2.617,2014.85,691.71,10.23,47.38,Moderate
SUB1343275,1696.01,1.656,1070.66,343.01,0.08,42.6,Light
SUB7118225,1210.6,1.182,743.02,260.46,11.63,7.72,Light
SUB8681122,1630.02,1.592,1391.45,284.39,4.88,36.36,Light
SUB2225619,211.09,0.206,80.87,29.27,2.33,0.87,Very_Light
SUB5328974,241.42,0.236,167.07,43.09,0.1,1.82,Very_Light
SUB4662667,2333.53,2.279,1565.0,800.4,10.66,18.17,Moderate
SUB4756150,1021.93,0.998,690.16,106.45,0.12,286.75,Light
SUB3203092,2422.67,2.366,1995.73,118.69,0.0,0.0,Moderate
SUB6171748,1157.32,1.13,876.0,137.44,4.76,14.11,Light
SUB3683525,303.12,0.296,154.16,38.23,0.77,28.66,Very_Light
SUB1456195,3440.12,3.359,1505.14,1703.81,9.44,127.15,Moderate
SUB5512276,3910.93,3.819,3679.54,418.87,10.5,40.78,Moderate
SUB2539998,2303.13,2.249,1804.27,313.04,11.16,86.3,Moderate
SUB4524756,353.06,0.345,306.16,28.58,0.95,12.53,Very_Light
SUB5973198,4355.38,4.253,3451.69,492.16,1.83,29.11,Moderate
SUB2528362,532.45,0.52,140.5,314.02,3.72,29.22,Light
SUB4701339,2803.76,2.738,2340.99,250.96,1.1,2.14,Moderate
SUB1881037,445.18,0.435,236.13,170.24,10.42,11.58,Very_Light
SUB4626307,153.67,0.15,31.07,68.3,0.0,0.0,Very_Light
SUB9643155,621.87,0.607,481.58,63.96,0.06,11.78,Light
SUB7601568,229.58,0.224,21.06,185.65,2.52,5.37,Very_Light
SUB3368403,4030.61,3.936,2521.24,1217.29,4.37,544.83,Moderate
SUB5650215,629.23,0.614,599.33,45.4,2.69,2.58,Light
SUB9223269,697.46,0.681,477.67,221.87,1.78,4.73,Light
SUB8659150,839.63,0.82,674.68,31.4,1.64,83.75,Light
SUB9412054,3772.65,3.684,3160.89,249.41,1.32,57.42,Moderate
SUB7024587,1343.16,1.312,1012.16,152.27,9.47,56.2,Light
SUB9332715,495.1,0.483,269.42,174.72,0.67,9.25,Very_Light
SUB3625263,85.79,0.084,31.53,40.56,0.05,0.0,Very_Light
SUB3241678,1151.52,1.125,988.25,61.8,4.59,9.04,Light
SUB6122028,382.5,0.374,95.25,39.11,0.99,238.82,Very_Light
SUB9593770,519.33,0.507,316.52,127.87,14.46,0.61,Light
SUB3763049,7214.97,7.046,7021.74,304.8,0.0,57.27,Heavy
SUB3203087,9736.83,9.509,6911.95,2339.75,15.55,19.47,Heavy
SUB3952718,1246.4,1.217,346.33,807.09,19.54,74.32,Light
SUB5952297,5803.09,5.667,4823.32,445.3,8.55,42.83,Heavy
SUB1376924,475.89,0.465,394.82,4.54,5.51,60.06,Very_Light
SUB1387688,3107.42,3.035,2346.24,544.63,1.16,63.92,Moderate
SUB7094899,5995.74,5.855,3454.11,1243.26,20.0,695.4,Heavy
SUB3435016,441.24,0.431,232.4,65.26,8.64,87.24,Very_Light
SUB2070648,232.96,0.228,135.52,21.4,0.49,0.54,Very_Light
SUB4890026,451.65,0.441,264.35,104.62,3.9,6.49,Very_Light
SUB5558708,8892.17,8.684,8204.49,1477.71,0.84,13.17,Heavy
SUB5593577,2010.85,1.964,1333.91,443.23,1.43,28.33,Light
SUB7322372,6377.96,6.228,5801.4,87.32,13.21,8.24,Heavy
SUB9940164,1857.38,1.814,1591.69,345.91,20.71,0.0,Light
SUB5188136,2957.21,2.888,2423.11,652.51,51.01,35.54,Moderate
SUB5490741,2985.79,2.916,2202.19,769.1,3.2,11.67,Moderate
SUB8347075,627.51,0.613,428.77,130.77,9.07,59.16,Light
SUB8249602,1107.32,1.081,956.79,99.76,0.75,3.89,Light
SUB8859498,2457.61,2.4,2068.17,75.51,4.58,42.68,Moderate
SUB3906868,15849.06,15.478,13977.05,469.08,2.11,35.84,Power_User
SUB5058961,16158.91,15.78,14942.24,1550.9,6.85,53.28,Power_User
SUB4246532,539.67,0.527,345.24,93.12,1.68,5.55,Light
SUB5263304,6334.09,6.186,5030.14,349.54,4.74,249.84,Heavy
SUB5125339,693.49,0.677,495.89,23.02,7.52,85.72,Light
SUB2900057,902.26,0.881,389.78,411.26,0.12,44.25,Light
SUB1784514,407.4,0.398,51.44,265.44,1.87,9.59,Very_Light
SUB2919587,145.13,0.142,80.73,48.49,0.47,7.61,Very_Light
SUB7760510,1239.84,1.211,699.55,198.79,26.36,155.74,Light
SUB6051702,12143.63,11.859,12531.6,447.18,3.66,145.05,Power_User
SUB5639848,2132.34,2.082,1160.24,731.35,0.41,51.59,Moderate
SUB3866792,496.94,0.485,405.95,49.55,2.52,14.85,Very_Light
SUB6834564,785.9,0.767,549.95,211.28,2.25,12.5,Light
SUB5673794,4386.84,4.284,3343.21,476.25,0.91,49.68,Moderate
SUB3153883,1881.75,1.838,1704.65,91.71,6.91,29.89,Light
SUB8415042,408.56,0.399,123.46,190.53,6.48,27.88,Very_Light
SUB3346243,1530.62,1.495,1297.38,169.93,1.79,97.91,Light
SUB5265630,468.02,0.457,191.4,193.41,0.37,4.63,Very_Light
SUB9726458,2028.76,1.981,1004.41,622.51,0.25,465.58,Light
SUB4679020,2075.26,2.027,1298.0,563.65,13.35,154.13,Moderate
SUB8455050,422.94,0.413,274.14,45.19,0.59,28.52,Very_Light
SUB1488968,279.14,0.273,105.95,83.4,8.35,12.11,Very_Light
SUB5248949,334.51,0.327,174.66,42.29,0.0,12.01,Very_Light
SUB2580096,333.56,0.326,217.29,83.44,2.0,1.17,Very_Light
SUB6821934,1085.24,1.06,689.63,286.35,1.41,18.97,Light
SUB2693465,3294.22,3.217,2617.64,378.13,2.06,1.77,Moderate
SUB5275892,2092.53,2.043,1435.95,388.39,2.86,79.88,Moderate
SUB8976726,1220.41,1.192,888.74,177.28,0.33,73.11,Light
SUB3107719,3834.61,3.745,3671.13,179.59,2.18,3.62,Moderate
SUB8602495,2641.01,2.579,2189.99,213.65,10.3,12.64,Moderate
SUB8430037,346.69,0.339,122.03,195.32,0.0,28.77,Very_Light
SUB6990266,2542.87,2.483,1630.02,664.34,8.01,2.88,Moderate
SUB1699438,672.57,0.657,476.13,76.42,0.66,17.23,Light
SUB6069398,1245.02,1.216,144.47,874.09,22.06,112.27,Light
SUB4691316,795.76,0.777,619.33,59.74,34.62,11.73,Light
SUB8153588,20051.43,19.581,17469.52,354.81,72.2,364.78,Power_User
SUB5192896,5393.66,5.267,2632.65,1914.95,35.89,197.84,Heavy
SUB6687041,4411.82,4.308,3848.14,658.04,1.41,193.36,Moderate
SUB3677049,2116.28,2.067,1455.31,162.37,3.32,485.96,Moderate
SUB3288786,1768.18,1.727,951.52,764.94,20.23,19.22,Light
SUB5986439,851.18,0.831,192.46,351.24,75.2,147.8,Light
SUB3845157,261.25,0.255,166.79,37.99,4.16,1.21,Very_Light
SUB6568139,1720.61,1.68,540.62,1107.04,3.96,15.9,Light
SUB6220761,621.42,0.607,447.05,56.53,2.06,54.27,Light
SUB1219162,2153.04,2.103,1412.18,341.66,0.17,116.95,Moderate
SUB5053492,1219.65,1.191,873.53,49.36,4.02,128.93,Light
SUB3841852,1072.8,1.048,651.34,357.08,0.3,25.25,Light
SUB4313723,1661.93,1.623,1080.38,46.19,1.68,345.82,Light
SUB2340522,258.19,0.252,139.87,52.18,3.5,29.01,Very_Light
SUB2401051,3785.66,3.697,3619.93,312.33,17.37,1.52,Moderate
SUB8269122,2037.74,1.99,460.54,1707.34,7.73,15.27,Light
SUB4270514,3589.46,3.505,3107.96,416.47,2.03,19.31,Moderate
SUB4738163,775.35,0.757,501.5,32.96,6.19,224.32,Light
SUB9934971,1657.87,1.619,980.86,470.59,2.25,104.12,Light
SUB8349336,3286.35,3.209,3145.34,183.67,15.0,174.88,Moderate
SUB8722905,1428.68,1.395,991.88,201.03,3.61,4.84,Light
SUB4462087,14192.69,13.86,13056.7,1595.1,33.15,15.58,Power_User
SUB8745769,8569.97,8.369,7725.37,161.46,1.24,8.48,Heavy
SUB1286172,960.34,0.938,756.45,111.67,5.02,3.97,Light
SUB9082668,3474.22,3.393,3339.41,128.81,1.08,71.44,Moderate
SUB1561133,738.82,0.722,301.13,391.58,8.64,7.09,Light
SUB7116130,178.38,0.174,62.5,55.54,0.46,16.3,Very_Light
SUB2649258,153.08,0.149,64.9,32.88,2.62,1.85,Very_Light
SUB5369535,308.9,0.302,139.47,104.08,0.51,51.44,Very_Light
SUB8420754,2875.92,2.809,2339.54,295.37,0.93,11.55,Moderate
SUB5159962,10493.63,10.248,10512.39,298.2,4.64,235.87,Power_User
SUB5481678,1194.03,1.166,530.6,493.84,5.33,70.85,Light
SUB2665418,1553.81,1.517,1107.25,195.09,17.05,17.22,Light
SUB1695519,2462.19,2.404,1910.55,353.88,1.85,33.42,Moderate
SUB9629348,2346.18,2.291,1293.81,909.39,21.08,46.56,Moderate
SUB5449720,12207.69,11.922,12665.8,786.09,13.77,14.18,Power_User
SUB2310704,2499.71,2.441,2113.53,287.0,0.49,28.04,Moderate
SUB6641335,1986.86,1.94,1560.89,321.99,3.54,17.65,Light
SUB7121263,2309.01,2.255,1811.02,183.16,0.76,66.9,Moderate
SUB6555910,3865.82,3.775,3910.26,209.82,33.14,3.68,Moderate
SUB7396153,3199.84,3.125,2089.36,758.94,2.88,252.05,Moderate
SUB8048586,7495.47,7.32,5360.27,1929.28,57.13,768.98,Heavy
SUB6221995,1142.86,1.116,881.33,80.29,0.93,36.17,Light
SUB8846989,1545.28,1.509,917.65,404.78,9.34,75.09,Light
SUB2587361,1757.28,1.716,1459.53,78.99,2.3,211.86,Light
SUB9646079,7434.08,7.26,5492.67,1916.92,5.44,112.96,Heavy
SUB2763190,2219.65,2.168,1764.67,234.63,15.77,27.77,Moderate
SUB2157593,796.29,0.778,479.43,153.62,3.68,64.56,Light
SUB1855817,1264.39,1.235,732.94,389.79,2.68,28.78,Light
SUB7509676,2954.12,2.885,2492.79,375.9,7.35,30.08,Moderate
SUB4250881,1358.76,1.327,1072.47,326.47,0.51,0.0,Light
SUB1558114,3047.63,2.976,1681.09,821.8,50.21,295.24,Moderate
SUB5828626,3668.37,3.582,3302.56,123.41,2.16,40.74,Moderate
SUB9320901,8683.07,8.48,7668.49,507.49,11.06,156.36,Heavy
SUB2657106,1281.07,1.251,1106.16,128.56,0.0,0.0,Light
SUB2958074,2057.62,2.009,1954.88,168.94,1.04,13.1,Moderate
SUB2622964,3519.64,3.437,3229.17,187.87,8.06,33.57,Moderate
SUB9085491,6085.34,5.943,6154.97,220.94,17.19,55.83,Heavy
SUB7154482,3868.92,3.778,3473.54,161.42,19.17,9.38,Moderate
SUB1358349,1134.31,1.108,666.51,236.96,6.47,151.64,Light
SUB2061385,7302.31,7.131,6500.99,227.08,26.25,40.48,Heavy
SUB6831618,3439.06,3.358,3065.9,523.28,14.99,1.56,Moderate
SUB8303950,9104.59,8.891,7656.12,621.74,3.64,156.68,Heavy
SUB7102102,1689.17,1.65,300.17,1159.86,10.41,23.3,Light
SUB9741073,3815.99,3.727,2660.74,672.51,7.3,102.96,Moderate
SUB5763090,991.56,0.968,558.36,290.22,13.65,0.0,Light
SUB8980571,162.39,0.159,57.34,57.92,0.38,5.96,Very_Light
SUB4096750,785.38,0.767,284.98,535.91,0.92,1.69,Light
SUB7682115,1714.75,1.675,1666.86,137.29,20.31,9.87,Light
SUB7354054,1251.63,1.222,945.04,132.93,1.99,34.51,Light
SUB6517263,1123.65,1.097,334.93,636.62,1.0,0.0,Light
SUB1818706,11761.64,11.486,10405.89,703.18,2.2,150.15,Power_User
SUB2734802,2910.1,2.842,2613.46,132.04,13.38,66.64,Moderate
SUB9837718,8697.13,8.493,8247.05,260.05,6.23,76.0,Heavy
SUB7137875,3824.29,3.735,3399.92,130.5,10.29,202.97,Moderate
SUB2774474,11005.68,10.748,9809.62,203.03,3.43,39.89,Power_User
SUB4212174,3419.32,3.339,1653.71,1122.68,0.61,452.48,Moderate
SUB1553360,371.15,0.362,180.35,109.96,3.1,41.7,Very_Light
SUB5228021,4029.76,3.935,3505.17,220.56,0.59,32.6,Moderate
SUB1384533,680.69,0.665,507.65,109.09,4.46,20.52,Light
SUB5303829,4146.16,4.049,2013.67,1574.8,4.13,267.78,Moderate
SUB4602294,2359.34,2.304,956.27,1139.84,1.87,50.01,Moderate
SUB2261668,4783.85,4.672,3940.08,454.11,3.88,14.2,Moderate
SUB4150374,14270.54,13.936,15181.65,251.62,0.25,4.73,Power_User
SUB3399009,4472.96,4.368,3373.96,476.65,21.92,124.29,Moderate
SUB2378656,2693.94,2.631,2091.24,294.2,5.13,321.45,Moderate
SUB5478633,873.87,0.853,695.37,175.24,16.85,14.92,Light
SUB9735015,4197.46,4.099,2740.31,1166.81,2.1,65.58,Moderate
SUB8045472,2961.14,2.892,2713.08,178.98,3.8,247.63,Moderate
SUB9965003,925.76,0.904,457.24,326.12,2.04,97.0,Light
SUB1769153,8587.87,8.387,7570.81,489.21,5.57,195.58,Heavy
SUB2508346,2517.41,2.458,1833.83,372.15,0.06,101.58,Moderate
SUB1803995,4689.86,4.58,3074.27,1516.03,20.03,32.68,Moderate
SUB9666453,3460.19,3.379,2762.53,501.91,22.95,341.62,Moderate
SUB2248720,10631.47,10.382,9513.28,350.1,4.57,12.12,Power_User
SUB6160025,1254.01,1.225,671.6,277.05,1.16,230.7,Light
SUB9302146,540.63,0.528,250.32,163.12,0.35,26.46,Light
SUB3836934,9093.48,8.88,8303.65,206.86,6.82,42.28,Heavy
SUB7944075,212.04,0.207,46.21,65.76,0.42,61.59,Very_Light
SUB2087241,2688.77,2.626,2430.78,126.18,1.64,214.48,Moderate
SUB4929301,924.09,0.902,263.64,465.5,0.52,25.29,Light
SUB3210980,1324.85,1.294,334.71,857.75,0.39,18.12,Light
SUB8997018,5676.52,5.543,3171.59,2358.53,5.71,371.44,Heavy
SUB2139391,1467.51,1.433,738.38,534.9,16.54,0.0,Light
SUB6970653,3148.52,3.075,2685.14,170.71,3.35,1.0,Moderate
SUB4970471,1636.58,1.598,1165.22,301.6,38.01,3.03,Light
SUB5226660,1309.61,1.279,988.85,77.4,9.32,30.46,Light
SUB6508833,1406.23,1.373,1113.61,177.1,0.99,1.02,Light
SUB2869883,4417.73,4.314,3048.23,906.55,7.08,17.79,Moderate
SUB1271609,8971.74,8.761,8098.23,222.95,10.61,538.02,Heavy
SUB4867183,10799.59,10.546,10210.11,464.38,21.46,1.05,Power_User
SUB4481716,2268.57,2.215,988.33,1002.98,30.44,4.87,Moderate
SUB3293474,200.02,0.195,76.79,73.45,0.97,2.95,Very_Light
SUB7337479,607.49,0.593,348.71,137.18,6.55,81.12,Light
SUB6868518,1504.37,1.469,828.36,335.18,12.33,187.38,Light
SUB9566304,627.0,0.612,416.13,116.39,1.11,35.19,Light
SUB2589291,4312.79,4.212,3894.3,240.4,0.33,33.49,Moderate
SUB1426492,912.41,0.891,439.04,248.76,0.54,81.05,Light
SUB3955227,19376.33,18.922,19521.43,680.5,1.49,436.14,Power_User
SUB3307236,2053.65,2.006,1740.33,79.42,7.37,77.21,Moderate
SUB4224400,274.49,0.268,141.62,83.6,1.06,20.45,Very_Light
SUB7613889,1051.07,1.026,878.72,73.32,2.03,8.15,Light
SUB6653278,1235.46,1.207,1051.9,35.21,2.55,41.81,Light
SUB1463723,639.12,0.624,440.77,99.53,1.51,10.96,Light
SUB8784160,368.12,0.359,258.77,114.9,2.48,0.0,Very_Light
SUB6138717,5597.45,5.466,5244.88,567.97,4.35,68.99,Heavy
SUB1686763,2334.63,2.28,1874.44,79.9,17.81,212.39,Moderate
SUB8585291,22947.46,22.41,23222.23,812.14,17.6,33.1,Power_User
SUB7301816,2927.0,2.858,2262.88,281.85,66.68,65.64,Moderate
SUB8099312,8921.0,8.712,7661.49,455.94,17.1,267.46,Heavy
SUB3145943,181.72,0.177,36.17,40.04,0.7,51.54,Very_Light
SUB5590585,869.49,0.849,570.85,54.46,3.48,145.51,Light
SUB2323020,983.04,0.96,379.78,99.93,26.17,385.41,Light
SUB3654810,1044.03,1.02,1003.3,49.74,0.14,1.96,Light
SUB5919495,3398.02,3.318,2640.19,315.22,3.72,146.21,Moderate
SUB8367241,1555.26,1.519,869.67,650.99,0.94,0.0,Light
SUB9890111,494.86,0.483,301.64,142.68,1.6,49.08,Very_Light
SUB5477375,687.91,0.672,231.91,242.9,1.5,44.14,Light
SUB4704595,17874.94,17.456,14465.82,2087.54,27.6,11.81,Power_User
SUB2844040,3265.02,3.188,2538.04,424.44,0.68,76.43,Moderate
SUB7908998,9201.54,8.986,8201.6,837.37,20.19,154.26,Heavy
SUB1864845,436.19,0.426,233.22,125.63,1.35,4.34,Very_Light
SUB3006811,5265.8,5.142,4950.47,320.0,15.79,32.52,Heavy
SUB8977848,3759.45,3.671,3317.31,234.89,1.47,38.38,Moderate
SUB2434636,2979.66,2.91,1621.67,1495.31,3.46,18.26,Moderate
SUB4908308,314.2,0.307,142.86,96.53,3.04,8.77,Very_Light
SUB8332827,1452.36,1.418,728.21,547.87,2.54,49.44,Light
SUB1705314,716.14,0.699,457.39,169.84,1.24,30.2,Light
SUB4394070,444.14,0.434,186.59,87.68,23.18,62.66,Very_Light
SUB4889453,3342.6,3.264,2960.07,179.68,3.69,72.89,Moderate
SUB4957874,2110.63,2.061,1884.34,62.63,0.69,0.0,Moderate
SUB4578687,5438.21,5.311,4389.05,276.77,1.58,240.55,Heavy
SUB2182200,1720.89,1.681,1507.55,150.57,4.09,9.4,Light
SUB5775219,3284.63,3.208,3136.46,259.08,3.15,1.88,Moderate
SUB2093956,511.68,0.5,45.68,342.71,6.23,59.28,Very_Light
SUB9063736,7183.24,7.015,4369.49,1792.24,9.82,422.86,Heavy
SUB4648338,7209.81,7.041,6374.22,530.03,6.18,3.0,Heavy
SUB2431041,298.28,0.291,138.35,27.82,8.9,68.91,Very_Light
SUB8859371,216.26,0.211,69.32,89.58,7.71,11.8,Very_Light
SUB6025764,3150.03,3.076,2752.86,156.17,1.79,5.84,Moderate
SUB7962111,6240.27,6.094,5232.53,357.28,33.51,43.31,Heavy
SUB7142453,3201.38,3.126,2924.94,70.09,0.86,69.33,Moderate
SUB8289165,3880.86,3.79,3438.7,35.38,0.43,173.21,Moderate
SUB1272667,2821.72,2.756,2021.88,893.45,2.06,22.45,Moderate
SUB4453402,4755.69,4.644,4570.41,91.47,0.62,108.42,Moderate
SUB9123445,2856.74,2.79,2848.87,16.97,3.4,41.84,Moderate
SUB1112035,278.2,0.272,101.52,60.42,0.06,28.2,Very_Light
SUB6698238,2315.64,2.261,2046.49,53.35,1.13,66.8,Moderate
SUB1340526,1570.26,1.533,1621.69,10.38,0.84,0.0,Light
SUB2216733,2705.73,2.642,1940.23,885.12,24.76,0.96,Moderate
SUB6687453,1409.34,1.376,708.05,563.93,30.41,0.62,Light
SUB1865144,9032.55,8.821,9002.16,313.35,11.21,57.54,Heavy
SUB2418137,645.2,0.63,338.04,181.02,2.95,32.91,Light
SUB3307306,1131.59,1.105,1048.57,67.44,1.74,56.49,Light
SUB1522797,579.58,0.566,425.14,13.06,0.61,89.91,Light
SUB6868590,1620.59,1.583,1261.25,197.86,0.49,29.36,Light
SUB4497172,1894.02,1.85,1332.84,615.18,5.75,61.47,Light
SUB7560230,1955.99,1.91,1244.87,510.4,0.9,0.0,Light
SUB7652469,4802.43,4.69,3866.52,350.8,37.13,64.24,Moderate
SUB9142165,470.34,0.459,348.43,15.78,0.83,47.77,Very_Light
SUB6388811,352.64,0.344,138.85,198.14,0.82,12.6,Very_Light
SUB1414399,2418.64,2.362,2132.82,428.77,6.09,2.92,Moderate
SUB8175173,2608.6,2.547,2039.85,191.05,5.28,56.63,Moderate
SUB6884724,1594.21,1.557,1027.49,432.69,22.06,14.08,Light
SUB5449113,2815.97,2.75,2117.87,331.87,6.67,383.95,Moderate
SUB8251204,507.16,0.495,185.75,271.54,0.81,12.88,Very_Light
SUB1729672,484.17,0.473,269.91,112.62,2.23,39.11,Very_Light
SUB6257901,168.6,0.165,93.76,26.31,0.22,1.2,Very_Light
SUB9837389,6634.11,6.479,4278.86,2205.52,0.64,13.17,Heavy
SUB2147417,825.09,0.806,387.68,360.75,8.6,2.44,Light
SUB1160786,315.16,0.308,205.01,49.25,2.44,62.9,Very_Light
SUB3075414,1020.55,0.997,344.54,338.38,1.87,122.15,Light
SUB8598498,774.4,0.756,335.03,228.11,0.77,86.11,Light
SUB6722078,348.72,0.341,102.22,177.64,6.42,3.48,Very_Light
SUB8883060,360.36,0.352,297.35,28.34,0.0,33.76,Very_Light
SUB2314530,2364.6,2.309,1990.36,211.43,6.52,0.79,Moderate
SUB1910175,21535.23,21.03,17714.33,2378.52,3.68,1.36,Power_User
SUB8225529,888.3,0.867,692.79,80.93,0.18,0.0,Light
SUB6501188,6399.13,6.249,3946.84,1802.82,9.89,242.77,Heavy
SUB7056095,265.09,0.259,176.98,70.57,3.55,1.26,Very_Light
SUB1121701,7486.84,7.311,7121.66,268.32,0.45,80.51,Heavy
SUB8680223,3145.77,3.072,2932.69,161.9,6.46,20.17,Moderate
SUB4941631,2374.56,2.319,1795.63,580.11,24.59,12.94,Moderate
SUB6174895,898.08,0.877,535.57,185.97,4.58,17.07,Light
SUB2064641,950.02,0.928,487.85,351.59,29.72,0.55,Light
SUB2433043,3100.1,3.027,2720.35,117.86,15.42,78.64,Moderate
SUB7637056,348.92,0.341,237.1,71.31,0.54,0.53,Very_Light
SUB7789177,3445.4,3.365,2888.32,690.51,10.39,78.46,Moderate
SUB1248924,758.88,0.741,466.9,174.4,2.56,12.41,Light
SUB9145618,846.5,0.827,11.33,657.78,1.33,53.77,Light
SUB3090923,5585.43,5.455,4628.21,922.38,3.25,16.14,Heavy
SUB2940711,1347.02,1.315,578.85,371.79,3.59,238.46,Light
SUB2363307,896.72,0.876,687.18,35.59,3.05,43.18,Light
SUB6925237,1609.99,1.572,1065.4,406.81,0.75,35.61,Light
SUB7498391,10527.28,10.281,8493.95,2117.38,12.69,8.64,Power_User
SUB4218451,1518.81,1.483,1281.93,179.77,9.11,95.7,Light
SUB4372021,6864.87,6.704,5320.73,1023.01,1.27,40.32,Heavy
SUB1190477,3244.72,3.169,3075.34,260.15,9.54,129.54,Moderate
SUB7213415,2003.34,1.956,1963.2,147.23,5.76,5.86,Light
SUB8805819,102.2,0.1,57.99,12.52,0.14,6.57,Very_Light
SUB5915782,6692.5,6.536,6485.46,268.55,21.92,247.12,Heavy
SUB9567962,1810.36,1.768,1242.49,239.64,32.4,53.9,Light
SUB6858893,7163.37,6.995,6425.35,127.46,10.95,10.33,Heavy
SUB6690912,2373.55,2.318,1859.42,156.63,1.59,168.03,Moderate
SUB3182931,957.16,0.935,780.81,59.37,2.56,41.77,Light
SUB2051636,299.25,0.292,204.43,28.24,2.71,28.13,Very_Light
SUB7941550,704.46,0.688,135.08,337.42,7.4,86.94,Light
SUB8615907,8805.37,8.599,7362.79,687.49,9.08,4.64,Heavy
SUB7631430,1320.88,1.29,937.55,157.51,7.53,32.36,Light
SUB8913436,2068.79,2.02,1705.32,330.78,1.67,5.6,Moderate
SUB3647765,1512.98,1.478,1356.14,8.0,1.66,5.49,Light
SUB4037253,592.1,0.578,439.88,75.94,3.52,5.84,Light
SUB9744039,440.74,0.43,16.44,338.37,0.18,34.59,Very_Light
SUB1015141,11256.13,10.992,11781.49,449.49,3.02,177.45,Power_User
SUB5524361,19455.97,19.0,18617.99,356.0,14.9,180.0,Power_User
SUB8986378,1253.04,1.224,677.92,204.56,3.34,183.45,Light
SUB4782700,266.77,0.261,142.03,74.91,1.1,27.63,Very_Light
SUB4561669,334.32,0.326,153.24,38.94,1.97,78.82,Very_Light
SUB9963287,2518.72,2.46,2064.41,204.57,1.86,73.73,Moderate
SUB2693152,3002.71,2.932,1977.43,683.63,10.8,44.08,Moderate
SUB6973300,1423.51,1.39,840.57,523.38,0.82,41.73,Light
SUB3337099,5613.17,5.482,3431.42,1358.08,2.48,472.66,Heavy
SUB8155738,669.02,0.653,419.21,84.89,0.63,27.35,Light
SUB2944741,1646.61,1.608,654.37,649.7,13.78,115.67,Light
SUB1824255,1220.8,1.192,953.77,182.69,0.2,14.31,Light
SUB7004327,541.73,0.529,477.87,18.86,2.46,64.52,Light
SUB9962292,398.46,0.389,219.98,138.71,0.09,19.63,Very_Light
SUB4177640,27141.79,26.506,23420.62,2077.75,23.19,314.86,Power_User
SUB9902284,1029.42,1.005,668.24,128.17,0.67,94.27,Light
SUB9879521,1584.46,1.547,1265.03,209.57,2.08,60.08,Light
SUB6287267,894.6,0.874,540.61,208.22,2.37,19.99,Light
SUB3375804,669.17,0.653,325.23,149.46,0.0,45.16,Light
SUB6550616,915.18,0.894,724.88,148.64,1.16,34.94,Light
SUB3730689,1206.34,1.178,1017.22,109.61,2.15,25.92,Light
SUB6023331,173.0,0.169,79.54,44.1,1.66,3.55,Very_Light
SUB9529297,556.19,0.543,445.12,39.74,5.4,30.88,Light
SUB8808516,3115.73,3.043,3215.83,17.83,3.21,19.8,Moderate
SUB2285801,298.35,0.291,183.95,52.04,5.96,3.16,Very_Light
SUB5070161,101.49,0.099,7.33,54.35,1.25,6.41,Very_Light
SUB1233725,1171.32,1.144,1015.56,123.87,2.94,87.05,Light
SUB7568056,414.43,0.405,206.85,158.15,4.91,5.68,Very_Light
SUB2158175,735.92,0.719,536.11,61.9,4.83,51.56,Light
SUB9213140,1011.73,0.988,626.15,203.45,13.74,26.84,Light
SUB7640981,1036.33,1.012,273.84,588.73,0.78,48.52,Light
SUB3368524,7802.47,7.62,6008.8,50.14,63.87,939.7,Heavy
SUB8099574,5947.42,5.808,5089.95,577.26,0.53,2.99,Heavy
SUB6877675,1861.1,1.817,1227.89,435.8,1.97,9.77,Light
SUB9549906,2595.09,2.534,2164.35,465.72,0.51,14.56,Moderate
SUB1321243,978.27,0.955,542.31,420.02,3.57,0.46,Light
SUB5018920,188.62,0.184,103.86,27.18,0.07,12.83,Very_Light
SUB5736605,214.68,0.21,132.5,19.86,1.89,14.61,Very_Light
SUB8885766,309.5,0.302,94.89,122.57,5.1,34.27,Very_Light
SUB3081530,1106.27,1.08,574.29,301.32,2.03,4.45,Light
SUB3988793,317.01,0.31,178.34,53.28,0.5,9.34,Very_Light
SUB8017191,1649.28,1.611,372.75,922.58,52.07,62.64,Light
SUB5457005,407.26,0.398,272.71,75.61,3.29,3.32,Very_Light
SUB5093898,3047.69,2.976,2736.87,330.1,0.55,12.87,Moderate
SUB3800212,195.92,0.191,159.35,13.76,0.27,2.5,Very_Light
SUB1130878,645.43,0.63,462.57,111.63,0.08,13.1,Light
SUB7914887,1924.19,1.879,1794.51,141.78,9.48,7.67,Light
SUB3762108,415.68,0.406,237.86,65.47,5.52,41.09,Very_Light
SUB2892508,2823.66,2.757,2467.76,359.65,23.77,123.93,Moderate
SUB3893713,840.01,0.82,190.09,533.59,3.33,57.86,Light
SUB7488574,3090.36,3.018,2567.81,534.48,6.95,138.84,Moderate
SUB5992332,844.62,0.825,854.28,4.03,1.59,10.86,Light
SUB7881099,2918.6,2.85,1225.53,1564.13,15.81,48.75,Moderate
SUB4343473,6163.54,6.019,5341.63,202.29,2.57,51.59,Heavy
SUB2947012,11885.72,11.607,10547.97,740.37,1.98,7.32,Power_User
SUB7778105,181.32,0.177,66.92,102.51,0.67,0.0,Very_Light
SUB7365898,1998.03,1.951,1945.45,44.54,1.73,13.36,Light
SUB5871482,4646.12,4.537,4380.05,409.8,57.21,93.79,Moderate
SUB3009326,11154.61,10.893,9654.95,1105.82,3.33,148.83,Power_User
SUB5193513,591.51,0.578,380.97,52.05,0.6,18.08,Light
SUB4725614,5780.33,5.645,5472.93,348.05,4.07,200.09,Heavy
SUB7849502,4069.97,3.975,3348.06,385.88,1.3,106.38,Moderate
SUB5321613,16802.01,16.408,15851.26,1694.69,20.68,70.44,Power_User
SUB7476137,1269.87,1.24,1033.17,211.13,3.92,26.12,Light
SUB4700568,1247.08,1.218,887.83,172.02,4.42,134.93,Light
SUB1403552,909.19,0.888,568.04,300.03,5.12,2.01,Light
SUB8899151,166.71,0.163,35.93,90.6,0.16,7.64,Very_Light
SUB4189291,719.31,0.702,669.79,76.86,0.08,7.93,Light
SUB4816707,2729.0,2.665,2584.58,185.83,6.13,2.58,Moderate
SUB9622903,1531.18,1.495,1174.5,296.24,11.26,5.01,Light
SUB5811071,6498.89,6.347,4726.81,1427.71,5.15,0.0,Heavy
SUB5074973,882.04,0.861,125.69,704.46,3.27,2.57,Light
SUB1008798,12489.67,12.197,10790.4,978.23,15.11,175.25,Power_User
SUB5874807,252.94,0.247,90.1,72.15,4.46,11.73,Very_Light
SUB8127583,5000.07,4.883,4951.77,261.61,0.3,187.19,Moderate
SUB6668843,787.31,0.769,535.91,254.69,0.18,6.88,Light
SUB9108262,3917.64,3.826,3903.76,111.84,2.22,123.03,Moderate
SUB4900275,231.96,0.227,68.4,122.19,4.39,33.97,Very_Light
SUB8593832,3845.56,3.755,3319.11,197.94,4.96,15.5,Moderate
SUB5728007,3134.48,3.061,2448.99,763.77,2.81,27.84,Moderate
SUB2977165,1707.01,1.667,1511.62,98.1,3.79,41.87,Light
SUB4553952,471.89,0.461,177.5,19.31,1.36,190.83,Very_Light
SUB4757654,3087.61,3.015,2510.25,194.95,6.81,19.7,Moderate
SUB9379702,2110.74,2.061,1343.96,459.8,0.79,261.44,Moderate
SUB4603019,729.92,0.713,545.05,141.92,6.26,14.79,Light
SUB8741368,573.2,0.56,203.55,193.49,4.0,185.28,Light
SUB9059777,1263.26,1.234,1046.39,246.15,6.96,3.38,Light
SUB5210563,1935.55,1.89,1659.16,278.42,12.42,10.33,Light
SUB7575699,2979.41,2.91,2528.8,456.7,12.24,82.86,Moderate
SUB2189297,1177.94,1.15,725.8,299.66,2.63,62.28,Light
SUB6372274,3090.02,3.018,1385.91,1258.18,3.04,83.11,Moderate
SUB2013295,1029.25,1.005,716.32,113.17,0.87,13.83,Light
SUB8661434,885.75,0.865,564.97,271.3,0.26,23.23,Light
SUB4317837,4022.02,3.928,3442.03,194.96,3.09,128.77,Moderate
SUB6516829,5656.29,5.524,6152.53,70.38,0.86,6.75,Heavy
SUB9757529,1088.79,1.063,290.75,376.53,0.95,369.64,Light
SUB8824641,1527.03,1.491,1323.48,102.79,1.8,3.85,Light
SUB2697590,7054.21,6.889,6318.56,604.18,2.84,19.75,Heavy
SUB3173367,7195.37,7.027,7092.74,465.98,0.46,233.31,Heavy
SUB6880077,694.73,0.678,386.21,204.08,1.07,16.01,Light
SUB2406085,346.09,0.338,214.33,100.67,1.96,9.99,Very_Light
SUB4418857,5183.82,5.062,4434.89,631.49,0.16,17.91,Heavy
SUB8614567,2399.37,2.343,1819.57,469.37,8.87,15.71,Moderate
SUB9685116,1665.5,1.626,1333.05,274.74,0.3,7.01,Light
SUB5538847,4435.59,4.332,3381.72,612.39,20.31,677.43,Moderate
SUB3611212,2080.12,2.031,2108.39,88.82,0.2,1.01,Moderate
SUB3321554,3586.16,3.502,2606.62,552.89,8.78,42.09,Moderate
SUB5761515,2411.62,2.355,2306.73,3.47,0.48,19.21,Moderate
SUB9304932,1245.49,1.216,967.56,83.55,4.77,217.42,Light
SUB3787352,3314.14,3.236,1187.01,1469.74,0.1,292.79,Moderate
SUB6371045,1969.82,1.924,952.77,439.57,1.15,320.15,Light
SUB3498544,324.28,0.317,264.49,28.04,1.19,1.86,Very_Light
SUB9684281,15842.76,15.471,13639.46,785.11,0.37,42.55,Power_User
SUB1525957,3495.73,3.414,1830.22,1276.95,3.87,76.81,Moderate
SUB7146685,12006.31,11.725,10637.23,883.86,7.27,94.24,Power_User
SUB4690339,8498.02,8.299,7367.52,386.06,4.07,35.06,Heavy
SUB3327654,241.12,0.235,108.28,43.36,0.18,60.95,Very_Light
SUB8870341,2076.98,2.028,1952.54,74.93,13.85,14.36,Moderate
SUB1301951,6207.89,6.062,5197.6,484.27,7.08,172.2,Heavy
SUB1312499,2330.2,2.276,2020.93,231.57,1.23,130.7,Moderate
SUB9884263,3125.42,3.052,2791.05,140.44,6.1,288.9,Moderate
SUB2686279,4933.26,4.818,4619.99,295.0,4.23,18.81,Moderate
SUB4734049,23088.87,22.548,19681.39,1812.08,49.42,39.44,Power_User
SUB9095979,3563.58,3.48,2443.99,1009.42,24.54,274.63,Moderate
SUB7115790,70.03,0.068,19.1,2.13,1.04,11.29,Very_Light
SUB6429048,550.08,0.537,326.19,144.25,4.49,8.5,Light
SUB2270242,2200.08,2.149,1747.57,281.95,0.87,25.94,Moderate
SUB9096173,16245.73,15.865,15344.12,478.14,12.6,53.89,Power_User
SUB7578518,1627.77,1.59,1361.45,55.02,7.89,49.35,Light
SUB3290860,8896.88,8.688,7865.18,887.58,10.92,25.49,Heavy
SUB3811318,213.96,0.209,86.78,38.63,0.2,32.87,Very_Light
SUB2189042,243.23,0.238,73.12,140.94,2.24,4.5,Very_Light
SUB2173077,163.44,0.16,70.5,44.93,0.33,2.86,Very_Light
SUB5978820,19164.01,18.715,17656.97,1347.14,26.92,180.09,Power_User
SUB5811102,3868.43,3.778,2992.65,971.5,23.08,60.98,Moderate
SUB4027936,1395.45,1.363,811.78,145.61,1.48,478.24,Light
SUB5754895,4771.09,4.659,4296.32,82.56,5.49,22.48,Moderate
SUB1551741,225.24,0.22,180.25,9.96,5.56,9.85,Very_Light
SUB7090007,391.76,0.383,264.44,71.19,1.47,20.08,Very_Light
SUB1723809,131.73,0.129,45.37,18.92,5.05,18.13,Very_Light
SUB1156837,1038.22,1.014,728.99,168.18,0.45,105.63,Light
SUB1519676,735.97,0.719,574.62,74.54,1.28,1.82,Light
SUB2610921,759.18,0.741,205.64,521.33,7.79,24.7,Light
SUB5463593,14398.09,14.061,14441.47,429.6,2.66,66.01,Power_User
SUB7916950,7737.43,7.556,7090.71,146.45,0.06,16.25,Heavy
SUB3694670,1192.78,1.165,654.46,357.34,3.36,18.7,Light
SUB7970746,4106.5,4.01,2504.53,1196.26,5.06,63.08,Moderate
SUB6659848,1536.56,1.501,1006.7,322.1,1.0,11.88,Light
SUB5161460,4416.81,4.313,3982.37,500.86,15.98,2.9,Moderate
SUB8402072,2048.04,2.0,1647.88,248.78,5.44,36.46,Light
SUB6875836,4373.06,4.271,3948.67,471.1,4.41,94.61,Moderate
SUB9893396,519.83,0.508,110.06,346.48,5.12,50.6,Light
SUB2506440,5325.0,5.2,4651.52,88.13,4.84,34.08,Heavy
SUB9181494,471.69,0.461,416.97,47.24,1.57,2.19,Very_Light
SUB5411045,464.3,0.453,210.12,81.55,2.22,87.32,Very_Light
SUB2477482,515.5,0.503,443.57,28.82,3.14,11.45,Light
SUB7621504,369.9,0.361,352.67,5.24,0.56,19.32,Very_Light
SUB7528925,1296.13,1.266,1062.99,189.5,0.51,20.83,Light
SUB2125664,5059.64,4.941,4724.43,624.35,6.86,25.7,Moderate
SUB3667107,24729.91,24.15,25123.94,1016.27,71.79,53.58,Power_User
SUB4725563,4278.04,4.178,2325.06,599.31,4.45,780.32,Moderate
SUB8231445,2518.64,2.46,1967.23,208.54,5.51,65.45,Moderate
SUB7157703,2618.75,2.557,2217.98,103.41,9.03,76.76,Moderate
SUB4380635,3324.3,3.246,3233.36,215.19,2.05,0.0,Moderate
SUB3959532,1703.27,1.663,1004.87,244.93,2.73,235.41,Light
SUB5150122,9493.75,9.271,8335.4,1490.6,11.41,59.06,Heavy
SUB9198344,13482.15,13.166,11807.17,1120.05,8.28,60.82,Power_User
SUB2106136,13441.56,13.127,13283.75,616.63,0.71,217.89,Power_User
SUB1901495,5552.85,5.423,5675.67,359.39,1.19,24.95,Heavy
SUB4120847,598.9,0.585,305.28,247.27,0.43,23.85,Light
SUB6131131,1414.59,1.381,837.33,366.94,0.52,16.19,Light
SUB5474445,151.25,0.148,118.55,21.97,0.0,14.4,Very_Light
SUB6168811,5004.53,4.887,5000.59,289.24,14.97,0.43,Moderate
SUB4149407,575.22,0.562,111.06,238.14,9.27,133.97,Light
SUB7779697,1406.98,1.374,1127.42,157.48,0.08,1.59,Light
SUB4710324,1011.25,0.988,484.04,320.26,0.36,97.66,Light
SUB8546128,6789.77,6.631,6046.59,498.04,0.0,36.24,Heavy
SUB7986658,1836.23,1.793,821.87,778.49,1.85,121.62,Light
SUB8278492,2810.74,2.745,2431.48,100.26,4.59,26.25,Moderate
SUB3544306,475.42,0.464,190.79,145.71,6.63,38.16,Very_Light
SUB1529983,4510.52,4.405,3672.98,515.02,1.51,61.29,Moderate
SUB3323964,842.98,0.823,687.99,48.85,1.37,24.55,Light
SUB1582787,5456.9,5.329,3641.73,1608.8,5.61,30.75,Heavy
SUB1023382,13362.19,13.049,11594.4,427.97,0.59,100.71,Power_User
SUB6617492,3930.22,3.838,3597.58,97.71,18.43,195.81,Moderate
SUB8346796,15888.0,15.516,15063.18,148.13,47.95,45.41,Power_User
SUB5940560,92.63,0.09,51.36,14.18,0.31,3.83,Very_Light
SUB2342643,1240.48,1.211,1189.11,131.44,5.25,1.33,Light
SUB2930719,738.0,0.721,674.5,35.81,0.53,4.63,Light
SUB9259150,162.08,0.158,62.07,25.1,0.0,26.82,Very_Light
SUB4428811,1085.44,1.06,495.02,407.67,61.6,26.84,Light
SUB3513614,1208.61,1.18,1163.38,78.29,0.13,34.92,Light
SUB5846113,6543.7,6.39,4731.0,1659.04,2.3,21.31,Heavy
SUB3543173,2843.17,2.777,2861.38,186.73,9.04,52.58,Moderate
SUB4144720,2215.81,2.164,1942.51,139.94,6.25,33.21,Moderate
SUB4791343,1041.03,1.017,970.77,31.78,2.72,15.79,Light
SUB2622512,556.34,0.543,96.21,392.1,6.69,19.29,Light
SUB1450067,1510.6,1.475,1367.76,40.63,0.08,4.67,Light
SUB7192072,2197.24,2.146,1378.65,567.36,14.71,62.78,Moderate
SUB9744250,2422.75,2.366,2062.7,268.85,29.8,111.18,Moderate
SUB6010500,1897.44,1.853,1398.9,219.92,9.39,148.7,Light
SUB7061782,1693.34,1.654,1426.5,111.57,5.16,43.83,Light
SUB7461029,3923.09,3.831,2925.47,265.34,6.72,403.01,Moderate
SUB8397239,2353.96,2.299,1073.66,538.83,3.53,704.3,Moderate
SUB6377168,389.26,0.38,178.4,131.22,10.53,11.72,Very_Light
SUB9017464,2693.8,2.631,610.15,1607.29,15.51,197.3,Moderate
SUB7421472,529.46,0.517,194.19,193.13,0.0,38.79,Light
SUB2697152,3988.54,3.895,3570.8,436.61,6.16,117.34,Moderate
SUB2159149,3499.85,3.418,3004.01,686.48,23.29,1.2,Moderate
SUB1120730,2076.44,2.028,1274.98,549.17,6.07,22.23,Moderate
SUB5081093,2075.89,2.027,1290.6,498.02,10.24,47.34,Moderate
SUB2839968,13812.52,13.489,12133.13,458.26,15.39,38.1,Power_User
SUB5213085,986.47,0.963,627.81,271.44,5.49,19.81,Light
SUB2286793,2717.17,2.653,1795.7,829.62,4.98,122.32,Moderate
SUB8855506,853.17,0.833,762.21,9.15,6.54,43.88,Light
SUB2941042,8857.81,8.65,9098.81,61.76,5.94,299.78,Heavy
SUB3651222,1499.93,1.465,1209.43,26.59,2.75,78.73,Light
SUB4818067,499.7,0.488,217.12,168.35,7.5,13.37,Very_Light
SUB9649769,650.65,0.635,486.8,158.07,9.12,2.78,Light
SUB7357722,2688.56,2.626,2280.88,161.49,0.52,63.31,Moderate
SUB8735491,647.71,0.633,75.17,550.78,0.29,22.49,Light
SUB6375653,1368.76,1.337,956.79,213.36,8.94,24.06,Light
SUB4857469,3909.28,3.818,3268.05,746.92,2.41,67.28,Moderate
SUB4851526,1160.62,1.133,329.83,629.82,0.77,17.5,Light
SUB1335983,5617.74,5.486,4916.97,278.53,2.66,2.29,Heavy
SUB3466993,5977.52,5.837,5786.85,505.91,3.18,161.94,Heavy
SUB2115059,3775.67,3.687,3455.88,191.23,0.65,176.79,Moderate
SUB9788377,3132.66,3.059,3107.26,67.52,4.21,2.57,Moderate
SUB3654965,1320.89,1.29,876.57,255.67,10.39,100.61,Light
SUB8551506,838.89,0.819,576.74,215.89,9.34,15.4,Light
SUB6338888,608.81,0.595,575.99,63.76,0.24,1.14,Light
SUB5920851,967.82,0.945,24.29,674.56,33.55,0.0,Light
SUB5463721,542.12,0.529,332.89,131.07,0.85,37.66,Light
SUB4472108,3476.18,3.395,2665.51,431.97,8.43,1.81,Moderate
SUB5925233,25623.25,25.023,22980.4,1812.22,1.31,24.85,Power_User
SUB9523215,1557.58,1.521,1224.11,63.26,31.45,35.59,Light
SUB6768076,5336.29,5.211,5344.14,254.35,1.72,56.33,Heavy
SUB6495179,2004.75,1.958,1475.1,571.11,6.97,21.47,Light
SUB4346953,13985.56,13.658,11321.04,823.13,61.95,526.53,Power_User
SUB2156928,1350.57,1.319,1011.85,164.31,8.21,8.74,Light
SUB4241695,304.26,0.297,192.69,62.24,3.8,5.63,Very_Light
SUB7642589,1118.97,1.093,304.74,763.58,5.35,16.81,Light
SUB1212628,1113.92,1.088,850.01,150.37,1.3,50.42,Light
SUB7643509,821.82,0.803,790.48,76.23,0.12,2.44,Light
SUB8763412,1388.44,1.356,1209.01,164.71,0.14,60.8,Light
SUB5327261,1262.03,1.232,953.24,169.0,0.78,17.6,Light
SUB5771873,1130.37,1.104,919.09,186.51,0.51,7.09,Light
SUB8645447,1181.32,1.154,793.01,142.17,0.63,180.7,Light
SUB2085110,826.37,0.807,570.43,176.22,0.87,74.03,Light
SUB8398129,2794.7,2.729,1969.16,624.57,0.95,138.96,Moderate
SUB5623527,360.16,0.352,136.34,124.35,6.3,7.22,Very_Light
SUB6715574,2441.31,2.384,1278.66,944.59,5.24,132.78,Moderate
SUB6906512,705.95,0.689,169.04,440.43,6.85,19.03,Light
SUB1974687,479.44,0.468,381.94,29.73,0.95,24.11,Very_Light
SUB8701349,1277.97,1.248,1003.53,73.42,3.22,41.61,Light
SUB1824726,9960.18,9.727,9098.25,505.32,7.38,73.93,Heavy
SUB6840445,2958.3,2.889,810.6,1767.32,3.57,144.87,Moderate
SUB9393302,11825.33,11.548,9377.12,2071.89,19.35,20.39,Power_User
SUB3679590,833.71,0.814,774.2,21.72,0.18,51.71,Light
SUB5740148,1191.12,1.163,408.68,682.33,6.67,48.25,Light
SUB7210239,222.61,0.217,85.11,91.7,0.71,0.95,Very_Light
SUB3037775,7642.19,7.463,7195.9,1110.11,1.31,4.01,Heavy
SUB2986373,584.71,0.571,353.67,168.64,0.12,25.37,Light
SUB5818060,853.67,0.834,485.85,157.16,2.17,74.22,Light
SUB3916971,118.76,0.116,82.53,7.25,0.0,1.4,Very_Light
SUB6835770,261.08,0.255,77.59,66.43,0.8,0.88,Very_Light
SUB3613456,10602.65,10.354,9562.88,490.33,1.56,43.77,Power_User
SUB8214554,1829.52,1.787,1803.95,81.93,6.49,0.92,Light
SUB5266660,1307.75,1.277,792.08,322.44,0.83,106.16,Light
SUB7084010,763.25,0.745,541.68,58.26,4.2,34.6,Light
SUB7551381,6753.48,6.595,4253.39,1853.26,0.67,173.04,Heavy
SUB1608919,662.88,0.647,69.68,288.46,22.25,239.83,Light
SUB7727830,1193.04,1.165,487.66,531.68,0.26,84.98,Light
SUB6924216,560.75,0.548,265.8,151.54,2.39,13.0,Light
SUB9729430,320.74,0.313,89.54,104.78,25.4,18.61,Very_Light
SUB5704863,3842.89,3.753,3744.7,96.26,0.11,111.14,Moderate
SUB8352236,1967.46,1.921,1319.33,671.82,3.5,70.13,Light
SUB8085282,3064.11,2.992,2274.61,597.25,3.5,0.0,Moderate
SUB5440768,1881.27,1.837,931.38,690.22,33.92,36.47,Light
SUB6276473,9616.36,9.391,8251.06,761.74,23.91,1.99,Heavy
SUB7499716,960.32,0.938,662.43,171.54,0.51,20.18,Light
SUB1115064,1629.24,1.591,678.32,829.32,1.92,104.29,Light
SUB3589644,1655.4,1.617,1059.27,494.03,28.43,56.5,Light
SUB8209403,704.55,0.688,483.71,161.71,1.41,17.32,Light
SUB4058321,2147.55,2.097,1315.79,826.53,0.91,110.93,Moderate
SUB3200852,3317.85,3.24,2634.01,546.04,37.15,27.9,Moderate
SUB7447726,1777.26,1.736,1299.43,139.01,2.18,166.46,Light
SUB5347864,362.83,0.354,189.26,128.47,0.69,0.0,Very_Light
SUB9033907,7978.53,7.792,7846.29,443.89,2.87,284.36,Heavy
SUB4103800,1001.51,0.978,413.51,547.79,1.64,17.19,Light
SUB2338618,2559.55,2.5,2260.98,97.16,10.83,113.91,Moderate
SUB8735167,7716.55,7.536,7554.06,326.94,68.1,4.34,Heavy
SUB1586901,556.94,0.544,384.45,80.34,0.79,1.8,Light
SUB9762529,1410.37,1.377,1066.14,294.42,8.29,42.76,Light
SUB8912798,4212.98,4.114,3555.06,392.33,3.19,138.4,Moderate
SUB1407650,2079.07,2.03,1673.25,173.74,0.3,18.97,Moderate
SUB6672745,1688.87,1.649,1049.08,511.29,36.22,117.65,Light
SUB4729046,1776.84,1.735,123.62,1456.31,16.39,42.63,Light
SUB4615383,1602.15,1.565,1123.57,363.56,10.04,176.15,Light
SUB1770448,2562.16,2.502,1872.86,595.9,4.22,25.44,Moderate
SUB4819128,328.68,0.321,274.2,26.48,0.17,3.62,Very_Light
SUB9126710,2115.62,2.066,1545.63,306.94,3.15,4.48,Moderate
SUB6274033,1342.98,1.312,1160.11,53.73,1.38,24.31,Light
SUB2840220,490.31,0.479,353.67,97.67,0.16,4.82,Very_Light
SUB9523019,8408.27,8.211,8008.96,364.31,23.76,124.72,Heavy
SUB5151910,389.85,0.381,42.54,188.34,13.26,100.29,Very_Light
SUB3677678,5478.74,5.35,3571.38,1540.51,0.12,30.86,Heavy
SUB1412610,900.06,0.879,336.08,405.24,0.0,48.83,Light
SUB8178560,4130.1,4.033,3106.04,632.85,8.81,47.95,Moderate
SUB1052055,5796.44,5.661,4768.39,986.94,22.57,5.81,Heavy
SUB6347389,372.82,0.364,144.99,47.16,23.05,54.94,Very_Light
SUB7943122,1100.5,1.075,853.83,195.52,1.79,22.09,Light
SUB2136263,9959.91,9.726,8582.17,1437.68,10.45,286.8,Heavy
SUB3497838,20840.49,20.352,19278.62,1453.18,9.98,212.43,Power_User
SUB6129584,5427.06,5.3,5128.74,313.99,3.35,22.38,Heavy
SUB6762726,1764.69,1.723,1222.4,552.19,2.34,38.42,Light
SUB3299820,143.49,0.14,58.77,23.2,3.56,2.65,Very_Light
SUB4543244,2080.7,2.032,1616.61,497.72,19.22,6.28,Moderate
SUB2838346,30310.04,29.6,27688.46,568.76,3.52,263.13,Power_User
SUB8402633,5623.14,5.491,4179.51,1146.46,5.34,39.88,Heavy
SUB8566169,2291.46,2.238,676.48,1755.05,2.95,4.42,Moderate
SUB7911542,1268.76,1.239,849.85,207.58,0.62,112.65,Light
SUB6898131,677.79,0.662,468.52,130.97,0.28,22.71,Light
SUB1159876,2519.03,2.46,2263.96,418.85,0.86,5.77,Moderate
SUB6516182,1018.08,0.994,697.53,146.59,2.29,2.05,Light
SUB4410331,13380.92,13.067,12894.41,805.81,45.92,55.66,Power_User
SUB7189152,2721.14,2.657,1818.46,702.07,21.58,24.53,Moderate
SUB4511449,2585.47,2.525,1974.73,671.56,7.54,7.89,Moderate
SUB2414447,368.01,0.359,246.84,27.93,0.17,5.77,Very_Light
SUB4458332,1702.49,1.663,850.07,665.27,0.65,7.63,Light
SUB3180122,2940.05,2.871,2121.34,500.87,6.22,5.56,Moderate
SUB1716177,1387.67,1.355,1416.49,25.74,0.28,16.05,Light
SUB6412199,2146.8,2.096,1336.92,554.05,7.42,41.56,Moderate
SUB4019332,2655.48,2.593,2595.0,79.14,12.02,66.35,Moderate
SUB1479177,10186.76,9.948,9783.25,912.16,3.3,12.65,Heavy
SUB1521317,8094.32,7.905,6526.04,836.26,37.19,74.35,Heavy
SUB4826562,541.32,0.529,257.66,248.99,1.77,27.71,Light
SUB9167399,1952.44,1.907,1529.75,402.69,7.84,27.36,Light
SUB2508797,741.1,0.724,560.22,110.64,8.89,29.25,Light
SUB4926888,2037.62,1.99,1425.91,290.81,0.84,306.72,Light
SUB3024676,4835.13,4.722,4354.51,351.57,1.56,18.62,Moderate
SUB6202753,16659.04,16.269,16034.93,198.79,6.21,435.22,Power_User
SUB3152304,67.2,0.066,51.49,1.73,0.17,9.27,Very_Light
SUB8560105,1381.6,1.349,737.49,497.88,1.33,8.77,Light
SUB5552939,43.09,0.042,8.85,15.38,0.14,1.5,Very_Light
SUB7514849,8424.39,8.227,7400.25,101.49,47.77,915.87,Heavy
SUB9475177,21463.76,20.961,17756.49,1713.73,4.15,210.52,Power_User
SUB9198931,646.27,0.631,286.97,314.81,2.18,1.83,Light
SUB1984131,271.94,0.266,61.3,101.36,0.26,17.51,Very_Light
SUB5875436,64.56,0.063,39.88,7.35,1.6,1.32,Very_Light
SUB8749611,1093.0,1.067,876.87,85.82,0.43,9.81,Light
SUB5878154,5455.44,5.328,4639.43,576.71,1.65,6.88,Heavy
SUB8940312,2502.87,2.444,2201.78,125.53,0.09,0.83,Moderate
SUB8681147,12842.56,12.542,10693.83,1499.29,3.54,109.03,Power_User
SUB6204369,2300.3,2.246,1880.52,241.17,4.15,0.0,Moderate
SUB7361293,1679.33,1.64,1562.68,146.8,1.85,0.59,Light
SUB6905447,1095.62,1.07,631.65,439.71,13.36,11.23,Light
SUB1945424,3835.28,3.745,3195.41,519.08,8.82,88.65,Moderate
SUB2958754,2371.56,2.316,2105.56,195.62,3.46,23.62,Moderate
SUB1639068,965.0,0.942,682.67,63.1,0.07,82.13,Light
SUB2371242,541.56,0.529,483.13,46.67,0.23,19.04,Light
SUB4663175,5020.31,4.903,3762.92,1023.14,3.76,93.8,Moderate
SUB7150208,637.99,0.623,354.71,268.38,0.44,6.63,Light
SUB3020148,2462.79,2.405,1777.79,459.31,6.54,15.67,Moderate
SUB2160675,242.11,0.236,129.54,9.73,9.0,27.29,Very_Light
SUB6918342,183.09,0.179,42.11,25.94,3.06,52.91,Very_Light
SUB5036589,213.32,0.208,56.48,86.39,12.61,1.49,Very_Light
SUB3726427,232.94,0.227,56.0,41.54,5.56,80.75,Very_Light
SUB5772925,767.72,0.75,548.35,226.67,4.24,3.0,Light
SUB9079850,237.32,0.232,93.41,63.83,9.63,36.3,Very_Light
SUB4138832,127.19,0.124,94.89,13.6,1.24,7.05,Very_Light
SUB3050276,469.01,0.458,204.04,139.97,0.51,47.82,Very_Light
SUB3809858,175.52,0.171,29.77,103.98,2.12,14.42,Very_Light
SUB6973721,140.3,0.137,39.53,31.78,1.28,17.58,Very_Light
SUB3016142,1265.25,1.236,141.05,656.1,4.4,253.8,Light
SUB5587826,1406.09,1.373,1171.2,125.94,0.23,0.85,Light
SUB5544943,302.39,0.295,117.31,64.87,1.73,26.18,Very_Light
SUB3691207,8352.62,8.157,7212.82,306.68,1.13,128.84,Heavy
SUB4250060,1478.24,1.444,1326.16,179.14,1.37,8.71,Light
SUB9007599,564.55,0.551,351.9,109.84,19.95,8.65,Light
SUB4971586,1292.72,1.262,835.34,239.79,0.69,88.69,Light
SUB1374344,181.94,0.178,15.19,58.35,2.51,69.76,Very_Light
SUB8021982,6289.48,6.142,5442.78,592.64,9.38,13.09,Heavy
SUB3851957,1060.91,1.036,448.15,578.76,0.95,42.28,Light
SUB7472345,910.42,0.889,683.42,168.11,0.34,1.41,Light
SUB2548496,15613.69,15.248,15435.87,66.53,10.91,33.82,Power_User
SUB1295863,5522.82,5.393,3533.75,1367.65,0.63,156.78,Heavy
SUB9196722,111.48,0.109,46.18,3.54,1.51,1.64,Very_Light
SUB2389068,5091.07,4.972,3898.61,950.81,5.57,169.05,Moderate
SUB1226884,1231.26,1.202,1028.71,147.71,0.15,6.64,Light
SUB4417932,3430.86,3.35,2936.02,696.76,1.27,13.92,Moderate
SUB8339096,5585.84,5.455,4239.23,1430.3,48.86,165.31,Heavy
SUB8034926,577.18,0.564,365.42,123.85,6.36,1.41,Light
SUB5506371,4696.87,4.587,4289.41,127.85,18.83,68.23,Moderate
SUB1078563,386.64,0.378,197.17,62.95,8.79,46.99,Very_Light
SUB2138355,446.25,0.436,270.51,70.78,1.51,29.66,Very_Light
SUB6131547,2674.07,2.611,2109.2,300.01,0.28,31.68,Moderate
SUB3196856,1806.1,1.764,1345.19,343.7,2.69,12.02,Light
SUB6504637,835.92,0.816,166.93,589.22,2.32,10.77,Light
SUB2372407,2976.36,2.907,2215.73,431.63,4.64,71.13,Moderate
SUB3133643,742.14,0.725,304.71,363.23,1.09,8.3,Light
SUB4001519,2508.54,2.45,1802.99,717.71,4.15,0.0,Moderate
SUB8213741,197.22,0.193,101.29,44.32,2.14,0.7,Very_Light
SUB2069024,450.24,0.44,351.39,11.25,0.51,46.6,Very_Light
SUB2362270,856.06,0.836,580.73,248.46,6.15,17.55,Light
SUB8913614,9229.93,9.014,8520.58,202.78,2.91,17.8,Heavy
SUB7575046,2867.86,2.801,1903.51,610.27,1.76,49.73,Moderate
SUB5533027,8706.0,8.502,7309.19,1403.45,0.82,53.58,Heavy
SUB8032205,6457.68,6.306,4979.17,951.29,3.68,33.51,Heavy
SUB1901111,1935.94,1.891,1599.51,232.2,15.35,18.29,Light
SUB3114253,1257.12,1.228,634.12,525.42,4.16,19.16,Light
SUB9678768,18694.69,18.257,17804.87,185.04,7.96,54.82,Power_User
SUB9014324,393.34,0.384,215.0,70.69,2.74,17.13,Very_Light
SUB8777901,3779.75,3.691,2754.96,1177.19,20.57,34.81,Moderate
SUB5809073,3725.51,3.638,3026.27,809.59,27.53,16.59,Moderate
SUB7868546,1926.1,1.881,1276.7,372.48,0.23,6.48,Light
SUB5404309,1135.72,1.109,928.94,109.17,1.68,5.89,Light
SUB2620706,544.3,0.532,416.19,69.16,1.55,3.34,Light
SUB5240843,334.66,0.327,252.06,22.78,13.18,21.71,Very_Light
SUB1770569,2115.48,2.066,1438.63,367.83,29.02,9.02,Moderate
SUB3513384,397.66,0.388,245.26,136.66,6.05,8.44,Very_Light
SUB8813516,4359.18,4.257,2816.63,477.45,4.93,557.07,Moderate
SUB1115042,3611.97,3.527,2896.35,778.76,2.01,23.96,Moderate
SUB1092447,1467.33,1.433,1414.67,72.36,3.8,20.89,Light
SUB6547631,3839.73,3.75,3266.08,279.68,0.0,550.35,Moderate
SUB8498725,4002.77,3.909,4128.61,68.37,5.8,67.41,Moderate
SUB8352855,7026.36,6.862,5243.39,1397.88,1.0,482.44,Heavy
SUB3743122,1994.82,1.948,1846.08,114.65,6.78,50.52,Light
SUB4734341,736.03,0.719,584.52,53.86,4.17,29.71,Light
SUB4535797,3460.49,3.379,3092.85,515.48,5.45,35.55,Moderate
SUB8397803,307.22,0.3,123.5,63.92,1.74,80.39,Very_Light
SUB7277609,993.97,0.971,514.49,80.85,0.59,358.74,Light
SUB9165571,1185.02,1.157,680.11,344.1,9.95,45.43,Light
SUB4727904,275.15,0.269,218.91,13.68,2.44,9.33,Very_Light
SUB4232567,3578.36,3.494,2338.09,972.64,3.52,89.18,Moderate
SUB5361909,2456.44,2.399,2445.63,68.29,8.47,22.68,Moderate
SUB7808210,681.14,0.665,476.35,194.84,1.21,0.0,Light
SUB7216618,1850.26,1.807,523.59,1005.99,3.39,235.14,Light
SUB2149707,3721.14,3.634,3134.05,673.6,33.97,39.63,Moderate
SUB6572618,7071.37,6.906,5586.9,1426.7,6.03,53.24,Heavy
SUB5880779,2531.49,2.472,1840.67,364.79,0.1,56.84,Moderate
SUB4783938,274.57,0.268,122.35,40.57,2.09,87.75,Very_Light
SUB7396930,2534.94,2.476,2083.63,202.49,2.63,5.5,Moderate
SUB4743382,2676.78,2.614,2451.86,173.65,2.16,114.76,Moderate
SUB5172975,3489.62,3.408,2973.53,301.0,2.71,220.63,Moderate
SUB5231874,1912.99,1.868,1402.26,191.81,10.49,48.0,Light
SUB1481193,1865.51,1.822,1526.39,128.68,2.43,6.65,Light
SUB3759127,73.5,0.072,29.48,8.93,1.32,11.04,Very_Light
SUB8378343,2294.71,2.241,2079.81,320.18,8.73,35.4,Moderate
SUB1627475,3021.72,2.951,2133.51,714.48,0.26,18.31,Moderate
SUB1540027,312.14,0.305,211.93,59.49,0.5,9.0,Very_Light
SUB7357658,383.39,0.374,305.77,25.19,0.12,3.27,Very_Light
SUB2797355,2314.19,2.26,2104.67,147.73,12.02,26.05,Moderate
SUB1755724,918.74,0.897,767.58,50.33,4.46,8.28,Light
SUB6159253,1115.44,1.089,905.75,130.7,3.83,6.12,Light
SUB8641646,505.72,0.494,185.43,274.81,4.57,29.4,Very_Light
SUB4482837,1414.54,1.381,1047.06,281.88,2.51,26.1,Light
SUB2436052,2357.81,2.303,1876.34,137.57,0.37,186.25,Moderate
SUB4537553,387.98,0.379,167.01,77.4,0.0,110.99,Very_Light
SUB4931067,12098.61,11.815,10268.84,1174.48,17.82,212.82,Power_User
SUB6881468,7229.69,7.06,6753.55,510.4,1.35,7.71,Heavy
SUB5494445,2022.33,1.975,1991.17,50.42,9.01,49.84,Light
SUB1696084,26763.1,26.136,27732.06,562.38,3.39,35.61,Power_User
SUB3481498,263.75,0.258,86.35,88.97,0.57,9.94,Very_Light
SUB4104379,3990.78,3.897,2389.27,1280.05,42.83,58.87,Moderate
SUB8233646,415.69,0.406,100.73,230.58,0.27,12.15,Very_Light
SUB7258588,12027.44,11.746,11337.98,320.08,8.45,69.13,Power_User
SUB6511598,504.62,0.493,351.31,139.74,6.11,0.59,Very_Light
SUB1036051,8362.41,8.166,7484.4,862.88,23.28,41.06,Heavy
SUB7307365,523.27,0.511,275.5,89.11,4.36,65.33,Light
SUB5677202,5690.53,5.557,5030.05,326.89,19.29,582.22,Heavy
SUB6320218,9777.07,9.548,8183.75,1352.72,4.58,46.25,Heavy
SUB7102744,311.78,0.304,8.99,153.39,0.93,68.82,Very_Light
SUB4666279,1196.55,1.169,778.04,408.63,4.8,3.54,Light
SUB4436005,6348.8,6.2,5076.05,255.6,1.54,425.52,Heavy
SUB4852659,1799.7,1.758,1338.6,453.23,9.08,0.75,Light
SUB3700502,2202.47,2.151,1579.54,709.89,1.54,33.31,Moderate
SUB5567994,1519.22,1.484,1437.98,61.08,9.97,9.69,Light
SUB3022862,1019.9,0.996,860.29,54.17,0.0,0.0,Light
SUB8656575,1313.48,1.283,1271.19,101.17,4.93,23.02,Light
SUB6006034,908.28,0.887,612.73,178.93,8.61,25.9,Light
SUB1677551,12106.66,11.823,12442.21,442.18,13.26,1.9,Power_User
SUB2212740,6071.69,5.929,5589.63,343.98,4.87,3.48,Heavy
SUB7380863,1837.83,1.795,609.38,1119.81,13.01,17.44,Light
SUB8546361,1428.96,1.395,1275.13,203.37,12.33,31.83,Light
SUB1497165,11731.91,11.457,11194.61,1513.62,0.16,155.53,Power_User
SUB4732529,3004.94,2.935,2202.47,421.95,6.2,6.97,Moderate
SUB6031833,2184.38,2.133,1735.0,324.95,7.34,8.5,Moderate
SUB8239239,859.97,0.84,702.33,41.53,0.09,126.55,Light
SUB3560390,5376.58,5.251,5041.4,60.11,1.57,14.18,Heavy
SUB4093348,476.17,0.465,116.98,202.09,14.65,77.43,Very_Light
SUB9258103,3015.75,2.945,1820.59,1230.22,0.52,82.51,Moderate
SUB1978536,2541.4,2.482,2343.21,157.19,0.37,15.94,Moderate
SUB6244899,4322.36,4.221,3293.39,1350.66,41.4,33.89,Moderate
SUB1605743,158.75,0.155,82.34,44.82,2.06,0.0,Very_Light
SUB3246928,1529.73,1.494,1236.47,226.46,1.7,15.45,Light
SUB2197678,8024.2,7.836,6190.69,1726.71,6.57,84.79,Heavy
SUB3486179,2824.93,2.759,1601.53,897.36,61.12,93.82,Moderate
SUB8147333,3514.93,3.433,3355.24,310.38,13.19,50.1,Moderate
SUB1003420,6048.84,5.907,5138.01,665.05,0.69,135.87,Heavy
SUB8137763,668.63,0.653,501.01,77.66,2.35,76.12,Light
SUB7470181,786.62,0.768,719.95,15.03,4.27,20.91,Light
SUB5735332,3478.79,3.397,2764.75,485.15,11.0,5.76,Moderate
SUB6176367,1225.47,1.197,891.98,200.02,7.48,4.95,Light
SUB5638952,2859.15,2.792,1794.16,744.75,8.07,6.68,Moderate
SUB8868451,3306.59,3.229,2007.6,1167.87,19.49,116.96,Moderate
SUB7749645,1370.11,1.338,1191.91,25.23,4.63,1.96,Light
SUB8585321,204.0,0.199,125.37,63.93,0.25,0.94,Very_Light
SUB7380798,1396.09,1.363,1127.96,268.6,14.56,14.98,Light
SUB2308396,926.69,0.905,532.47,59.99,11.73,202.97,Light
SUB2235340,2869.62,2.802,2228.59,488.59,0.78,5.89,Moderate
SUB9447149,334.61,0.327,142.65,129.62,14.42,0.0,Very_Light
SUB3232821,2800.34,2.735,2166.9,104.52,2.75,322.67,Moderate
SUB5356164,2893.7,2.826,2738.94,391.46,1.61,3.17,Moderate
SUB4079676,3593.64,3.509,2454.05,684.74,4.54,180.27,Moderate
SUB3729701,2210.61,2.159,1135.63,942.2,1.12,24.51,Moderate
SUB9683823,216.49,0.211,51.96,101.22,2.65,5.46,Very_Light
SUB4600867,14591.7,14.25,14087.39,798.29,2.56,35.71,Power_User
SUB4596436,7212.42,7.043,6767.66,786.7,5.34,20.2,Heavy
SUB4484634,5436.42,5.309,4281.7,1163.01,11.52,0.67,Heavy
SUB6409351,8579.56,8.378,7019.48,579.41,3.43,946.36,Heavy
SUB7805751,2237.56,2.185,1879.84,313.76,5.45,13.41,Moderate
SUB9336484,3108.34,3.035,2638.87,340.4,6.33,13.34,Moderate
